0,100,43,35,10,23,39,34,38,23,16,46,35,23,44,29,42,27,14,21,13,41,12,26,15,40,43,16,21,27,11,15,15,20,70,6,23,36,49,17,42,10,16,52,27,19,8,17,8,19,14,40,25,59,36,43,25,28,49,12,18,37,47,6,29,68,16,22,36,16,15,8,31,21,38,40,38,12,65,23,12,29,10,6,28,29,34,53,10,23,14,10,24,24,10,41,11,63,13,32,8,43,25,14,70,76,10,54,51,17,35,27,12,10,23,48,25,34,48,6,25,16,40,14,6,10,136,23,53,52,10,23,62,35,12,48,24,28,12,14,21,32,33,15,33,34,21,19,10,23,25,31,27,10,31,57,24,29,36,19,27,8,39,21,8,33,47,17,19,61,26,52,35,40,49,45,13,49,8,19,17,49,10,29,31,40,70,19,12,25,42,46,14,108,19,15,39,61,32,33,35,12,31,39,37,10,24,8,47,36,21,44,29,37,47,39,23,24,18,17,58,29,16,21,92,32,23,35,36,23,38,34,42,19,16,40,29,22,43,46,25,12,21,36,34,40,94,44,33,33,32,40,24,43,27,36,12,38,25,37,43,12,37,6,44,40,36,40,42,44,38,32,10,58,37,24,8,15,33,37,26,58,39,24,32,15,8,19,8,19,21,22,12,16,30,16,11,12,47,37,26,21,28,21,33,19,33,26,19,27,8,33,24,110,20,46,17,16,44,34,33,14,24,14,17,21,29,25,19,21,28,14,15,16,39,10,10,19,41,9,29,27,93,23,30,32,19,31,8
100,0,100,103,95,97,94,103,102,91,99,107,102,95,105,104,98,92,93,95,99,101,93,97,99,98,107,99,98,103,94,92,97,98,101,95,101,106,102,97,99,98,96,110,98,98,97,93,97,91,95,101,93,101,98,93,94,100,106,95,95,95,92,95,96,101,99,95,100,92,99,94,92,101,107,108,107,98,101,89,95,92,92,99,100,101,101,104,94,94,94,93,96,96,95,111,94,98,96,100,97,109,94,90,100,93,96,100,88,100,95,99,95,98,93,103,92,91,101,96,102,96,102,94,95,98,136,97,100,100,95,101,97,99,98,96,95,99,98,95,98,101,100,97,101,102,90,94,96,98,93,93,92,98,98,100,94,101,103,90,90,97,101,91,96,104,102,93,93,98,101,98,108,104,100,93,96,97,97,90,93,99,98,102,105,104,101,95,98,96,96,103,97,112,98,95,100,103,103,98,101,93,98,109,106,98,97,97,97,106,92,109,101,98,103,100,90,98,97,99,94,97,100,89,116,100,102,96,93,95,97,91,109,92,101,106,100,95,109,94,101,95,92,89,102,104,90,110,100,105,105,99,100,99,102,104,94,97,92,89,97,93,104,96,104,95,103,102,104,103,104,99,93,93,103,98,96,98,100,88,99,107,108,96,96,94,97,95,96,95,96,95,97,95,99,93,95,97,105,101,100,92,96,102,95,94,99,98,98,96,96,104,100,104,94,100,101,96,106,100,99,95,95,98,97,97,104,102,92,96,97,96,99,96,106,98,99,94,106,96,99,101,99,93,102,100,90,101,97
43,100,0,30,41,41,37,44,43,40,42,42,41,40,40,40,42,39,43,36,41,29,41,46,42,46,42,34,33,37,38,42,41,40,70,41,38,20,39,39,45,41,38,41,30,37,42,40,44,39,35,39,43,52,43,42,35,38,43,45,40,35,50,41,45,43,35,48,41,40,42,43,38,43,38,39,39,43,71,37,38,22,40,41,42,43,42,51,39,40,41,39,36,36,44,44,39,51,41,41,44,36,33,39,47,77,40,58,48,41,27,38,47,41,42,46,33,42,40,41,40,39,48,41,43,39,135,35,57,43,42,47,57,36,44,22,41,38,41,45,37,33,45,40,47,37,36,42,45,37,37,24,46,43,40,43,40,42,31,35,41,44,15,36,39,37,36,38,40,62,45,58,32,44,44,41,39,62,43,41,32,50,41,42,36,37,71,43,41,42,39,43,42,110,35,38,38,65,37,36,32,38,39,44,47,43,39,44,53,32,32,39,46,38,46,32,34,45,37,39,59,42,40,40,78,32,35,36,44,40,39,35,26,36,35,33,44,48,43,50,43,47,36,40,39,31,90,42,41,33,37,41,39,16,35,32,47,39,33,37,21,38,42,42,45,42,38,36,32,43,28,35,43,62,35,42,38,39,40,43,42,58,47,41,44,39,44,42,39,37,37,39,40,44,39,41,40,39,48,35,37,42,40,38,42,36,45,43,37,36,39,45,42,113,42,37,40,40,41,40,44,40,38,44,37,43,40,32,38,34,40,46,40,45,35,40,41,39,42,41,38,39,96,39,41,46,38,42,42
35,103,30,0,34,33,33,32,40,28,31,47,33,27,42,37,43,31,31,28,34,22,32,39,30,39,43,26,27,26,30,33,28,34,60,34,34,17,45,32,52,33,30,32,33,29,32,36,36,33,29,32,33,59,34,37,30,29,41,35,32,34,42,34,34,62,27,34,31,28,30,33,26,28,32,36,33,29,59,37,35,25,33,34,29,37,27,47,34,32,30,35,30,31,36,42,32,61,35,30,36,35,29,32,66,74,31,51,47,36,37,34,33,33,24,47,25,35,43,35,35,30,41,32,34,32,138,30,55,48,34,36,62,30,34,38,33,32,31,34,29,23,38,29,38,34,32,35,37,27,32,27,34,31,39,39,32,37,31,33,27,36,18,32,32,34,37,31,31,61,34,56,32,37,45,47,32,53,35,28,30,51,35,34,6,33,65,31,30,34,44,44,30,111,34,27,12,59,31,24,35,32,32,36,37,31,34,36,49,29,28,36,35,35,44,42,32,26,34,36,61,34,32,31,87,24,31,36,35,35,28,34,32,28,27,35,36,34,43,47,37,33,32,31,27,38,94,42,36,23,31,40,31,16,32,29,33,28,27,42,32,32,34,33,39,42,33,39,32,41,35,21,34,61,38,23,34,29,32,39,38,57,38,35,35,31,36,32,32,33,35,30,28,30,31,35,35,32,41,20,33,34,27,34,35,30,26,33,37,38,32,33,36,115,28,48,32,32,45,30,31,32,22,31,31,34,37,22,26,32,31,36,29,35,34,34,35,31,44,35,32,28,94,24,20,35,24,28,35
10,95,41,34,0,19,37,32,38,23,12,43,34,19,45,28,37,27,9,18,12,42,6,25,12,38,42,16,12,24,7,10,13,20,71,5,19,32,46,15,43,5,13,45,21,14,8,17,9,14,9,39,20,52,37,42,25,28,46,11,18,33,43,4,28,71,16,20,34,12,12,6,24,20,36,38,36,11,65,19,8,26,5,8,23,25,30,46,7,19,8,2,18,15,6,38,6,61,9,29,8,42,23,10,73,72,4,51,46,16,33,23,9,5,19,47,22,30,41,7,24,13,38,9,8,4,135,16,56,53,6,23,59,31,5,48,20,27,11,13,18,32,28,8,27,31,20,22,7,19,20,25,22,4,29,58,24,26,33,16,23,9,38,20,4,32,45,12,20,59,20,49,30,40,45,41,6,50,6,20,15,47,9,30,26,33,64,16,6,22,36,44,12,108,21,12,39,55,32,28,28,7,31,39,37,4,20,8,46,33,18,41,26,37,48,34,22,23,18,17,53,22,12,21,93,32,18,33,34,19,32,29,42,18,16,40,29,20,42,44,19,9,21,35,35,38,92,40,31,31,33,41,21,42,21,30,9,32,19,33,39,7,35,6,37,41,37,37,41,40,35,23,8,59,35,21,2,14,30,33,25,59,38,24,27,8,8,15,4,15,18,17,12,17,30,12,5,8,48,35,28,22,25,19,27,15,34,24,15,26,3,34,22,106,16,44,12,14,43,33,29,8,20,8,18,16,29,23,17,20,24,7,14,13,36,8,4,18,37,6,24,22,89,19,29,33,18,28,9
23,97,41,33,19,0,32,29,35,12,17,40,25,11,34,20,33,12,19,5,20,38,23,30,19,41,42,13,10,11,19,17,20,20,66,18,20,23,38,15,45,17,11,47,20,15,18,7,19,10,19,31,18,57,28,30,18,10,46,24,23,39,46,18,19,67,13,21,37,19,19,19,15,19,29,32,28,15,67,15,20,17,21,19,18,23,17,37,20,7,23,18,9,9,16,43,21,60,16,21,19,31,9,22,69,72,20,45,37,16,20,17,24,18,9,42,7,33,30,19,11,16,37,22,18,22,134,7,49,46,17,26,48,18,22,38,16,18,19,21,9,22,16,18,26,18,18,19,20,14,18,14,19,21,15,54,14,6,29,18,24,19,36,21,20,30,47,13,22,61,25,53,32,36,46,31,17,51,19,18,21,45,21,19,23,29,70,9,23,13,27,43,17,108,16,8,30,57,20,18,15,24,21,39,34,21,25,19,46,29,16,35,22,25,30,32,13,14,21,15,58,7,13,22,73,22,19,21,29,12,30,24,25,19,12,23,23,21,44,43,25,24,19,34,34,35,89,46,18,20,17,32,15,41,28,27,24,30,18,34,40,24,23,19,31,38,25,37,26,35,36,23,19,57,22,17,19,12,10,35,24,55,32,24,31,20,19,16,20,10,19,11,17,18,27,22,18,23,42,35,22,15,8,4,13,9,28,30,23,19,20,24,27,111,18,37,20,23,34,26,15,18,19,17,13,13,21,20,19,21,24,22,16,22,41,20,22,18,39,20,14,6,92,21,17,34,13,15,20
39,94,37,33,37,32,0,35,39,31,36,20,42,33,31,35,31,36,34,27,32,30,37,42,35,45,51,28,33,22,37,40,34,36,65,38,40,31,38,34,47,38,34,44,22,33,38,37,41,36,32,28,34,45,23,37,33,31,40,39,34,29,39,38,34,67,29,39,26,37,36,34,23,38,29,31,30,36,56,29,40,27,37,37,29,37,34,47,37,29,27,36,34,29,32,42,38,60,36,30,41,43,40,35,60,66,37,47,47,37,19,41,39,36,26,48,30,40,46,39,22,36,33,29,38,37,138,33,49,43,36,39,41,20,36,31,32,35,31,35,36,26,23,37,23,41,37,39,42,28,38,19,30,39,27,50,28,24,27,37,28,41,32,36,35,37,34,38,35,50,30,49,31,35,40,33,39,52,40,39,37,41,37,25,39,40,57,37,37,24,41,34,32,102,35,30,41,50,26,31,17,37,26,46,42,39,36,41,47,21,28,35,24,20,29,36,40,30,28,37,51,18,36,37,85,25,31,20,38,29,22,36,33,35,30,37,39,39,51,45,39,39,34,27,29,40,91,45,29,16,22,39,29,40,32,21,38,22,33,27,31,37,32,36,35,33,26,41,40,25,19,32,39,53,14,38,37,36,29,24,33,56,24,37,36,35,41,37,35,39,38,35,39,31,19,37,34,38,45,34,39,27,33,40,24,36,34,37,34,32,37,36,35,111,34,16,39,36,20,35,18,32,34,29,32,38,36,33,33,36,34,39,36,41,20,38,39,39,42,40,35,22,87,33,33,34,36,26,40
34,103,44,32,32,29,35,0,36,33,28,40,16,27,18,26,46,30,33,29,33,37,29,38,26,44,48,23,33,28,33,33,30,34,72,32,36,25,23,34,46,29,26,46,30,30,34,33,32,31,31,37,33,47,34,21,34,28,45,33,34,38,48,30,32,71,24,32,30,30,27,31,36,30,34,39,35,32,66,33,33,20,29,33,35,29,33,51,30,30,27,31,31,32,30,15,31,58,32,31,32,38,33,31,70,52,32,37,51,34,25,34,33,30,35,47,33,32,37,32,33,28,47,33,31,32,139,24,51,49,30,38,61,33,34,43,34,21,35,36,31,25,30,31,36,26,31,31,33,30,32,21,29,33,27,51,30,21,28,25,29,32,34,32,32,36,36,33,33,43,32,53,29,28,21,44,33,51,31,25,30,42,29,38,36,40,74,23,32,25,16,39,34,97,31,26,34,61,25,14,30,32,21,39,38,33,38,32,49,35,30,43,29,26,35,31,25,34,31,32,62,30,29,34,75,25,33,22,28,24,37,38,44,30,31,34,27,32,45,47,39,33,35,41,35,39,87,48,32,31,32,24,33,40,34,30,33,37,27,40,37,32,38,31,39,39,26,43,45,40,26,38,32,59,31,32,32,23,23,40,35,53,36,25,39,33,32,31,32,23,23,30,29,29,31,34,32,33,44,13,24,29,30,34,27,32,25,35,29,36,32,33,32,118,33,40,36,30,34,30,31,33,28,32,27,32,25,35,29,29,31,33,24,35,38,31,34,27,45,32,39,33,96,26,32,32,28,26,29
38,102,43,40,38,35,39,36,0,36,35,44,33,39,42,42,41,31,40,34,40,28,38,46,35,37,45,37,33,31,39,41,37,38,74,38,41,34,47,37,55,39,27,59,38,37,40,37,37,28,41,35,38,56,47,39,33,33,43,38,37,42,52,39,43,69,37,44,40,41,38,40,30,39,36,35,36,38,73,38,39,31,40,39,46,43,30,51,41,37,41,38,32,40,38,42,41,66,38,35,39,33,28,41,69,79,40,57,52,38,26,26,38,40,39,39,34,42,48,39,41,33,41,38,39,40,135,32,57,52,38,42,52,34,36,38,36,23,38,41,41,32,43,38,31,34,36,41,38,39,39,28,44,35,40,61,44,38,34,30,39,40,41,35,32,39,51,37,36,57,39,59,37,38,52,38,40,61,40,36,35,49,41,41,41,39,75,35,33,38,40,34,39,110,35,34,41,64,33,39,30,33,37,44,40,35,40,40,53,35,39,40,43,40,47,32,33,38,41,37,62,40,36,40,94,33,37,43,34,35,34,38,44,33,32,42,39,44,40,53,39,38,38,44,46,41,92,49,35,37,35,36,44,33,38,35,38,34,25,40,39,33,30,39,41,39,27,41,33,39,37,34,37,65,43,33,40,38,43,40,39,46,35,36,42,41,38,34,32,33,34,41,36,37,37,41,39,39,45,34,35,33,33,35,34,30,38,46,40,36,40,39,45,116,39,51,39,42,48,43,39,40,40,39,37,35,42,41,34,37,37,38,36,42,43,37,40,33,47,41,41,32,93,35,35,41,38,38,40
23,91,40,28,23,12,31,33,36,0,20,35,33,21,41,32,36,16,19,13,21,36,22,31,21,37,41,16,13,20,22,18,21,22,58,18,22,32,46,19,42,22,14,49,27,11,24,18,24,14,14,38,17,61,40,43,11,19,46,25,16,32,42,18,30,68,15,18,37,19,21,18,24,8,35,35,34,23,66,16,21,18,20,19,25,31,32,51,19,21,20,21,13,12,22,35,21,53,22,24,24,36,15,21,70,72,21,55,46,19,25,24,24,22,17,47,19,32,36,19,25,12,36,19,21,20,140,16,54,43,22,18,61,30,23,40,21,20,20,24,17,25,31,20,28,32,19,20,25,18,22,26,26,24,30,49,16,20,27,13,22,24,33,20,21,35,47,16,12,60,28,44,31,39,50,40,20,52,23,21,22,51,21,21,21,33,71,19,22,14,43,41,20,105,20,21,37,64,28,24,28,22,25,39,30,24,20,24,37,31,14,38,22,36,43,33,21,13,19,21,58,25,16,18,89,26,20,34,30,21,35,27,40,16,15,33,30,18,43,40,24,24,19,23,30,43,88,48,31,28,27,38,19,43,18,29,23,35,24,31,40,22,34,18,45,38,36,34,36,41,35,24,24,52,27,22,21,22,30,37,25,55,29,18,30,18,24,12,21,13,11,15,22,22,26,22,23,22,42,31,24,10,19,18,28,12,20,16,25,24,21,32,13,111,15,42,19,20,42,32,30,13,16,21,20,23,32,19,12,21,24,21,20,23,40,23,23,20,40,21,22,25,92,23,27,25,21,27,21
16,99,42,31,12,17,36,28,35,20,0,42,32,19,44,26,39,21,14,12,15,35,11,33,7,36,41,3,10,18,13,15,7,19,71,12,16,30,43,13,45,11,2,49,22,4,16,16,14,14,15,31,23,56,32,39,15,21,50,17,14,33,45,11,23,71,2,26,31,12,6,13,25,16,36,37,35,4,62,9,12,27,12,13,25,23,27,46,14,17,16,10,23,23,13,40,12,62,14,27,13,41,19,14,71,73,10,48,49,14,36,23,13,9,15,42,10,28,41,12,18,9,36,13,14,9,140,8,52,47,13,27,53,25,13,50,23,24,15,13,11,25,29,16,26,28,11,16,14,18,27,25,13,12,27,55,21,23,33,13,25,14,35,18,12,28,45,14,9,57,20,50,35,38,48,45,14,49,13,9,9,45,14,28,27,32,74,13,15,21,37,44,13,105,12,4,38,64,26,27,34,11,24,39,35,12,22,13,44,33,10,43,25,32,44,37,15,15,12,15,55,26,4,18,88,26,11,33,35,17,38,34,39,9,3,34,23,26,42,48,18,13,18,35,31,37,86,44,22,32,28,36,24,37,26,33,13,38,15,35,41,11,35,13,41,44,36,38,35,37,34,27,13,56,40,17,11,14,28,35,30,52,31,19,29,13,13,9,12,11,11,22,5,15,30,14,17,18,48,35,22,10,22,7,26,9,28,28,9,21,11,31,21,108,15,46,10,15,46,33,35,14,10,17,10,16,27,10,10,18,22,14,14,20,36,10,10,14,38,13,25,23,94,19,22,31,9,24,15
46,107,42,47,43,40,20,40,44,35,42,0,40,43,41,47,43,31,42,40,42,44,45,44,45,52,54,42,41,32,43,43,44,42,70,43,45,37,48,37,36,45,40,52,46,45,45,39,45,42,47,43,37,55,37,33,40,23,38,46,45,42,42,43,48,70,42,41,38,40,44,42,34,43,48,41,47,46,69,38,46,27,42,44,42,45,37,49,39,42,48,41,22,23,44,50,43,55,34,42,45,50,39,41,75,75,43,57,44,39,32,41,46,44,39,52,38,46,41,44,41,43,55,46,45,43,140,35,50,53,40,48,54,34,46,35,40,43,47,47,38,45,34,48,15,41,34,49,46,45,41,32,44,45,37,57,41,27,39,41,43,45,44,43,46,48,45,46,40,59,36,47,50,31,45,32,46,37,45,42,38,36,42,43,44,50,67,41,42,40,38,43,41,106,45,39,48,59,42,41,35,45,36,48,50,45,35,45,50,43,35,44,43,35,39,32,29,40,38,39,55,32,48,49,80,43,43,38,47,40,37,33,41,35,42,43,49,41,56,47,47,46,45,27,52,38,87,57,31,29,34,43,46,52,45,43,46,37,40,24,48,45,39,42,37,38,44,48,48,43,36,42,43,44,14,40,43,47,25,25,46,50,19,40,42,41,45,37,46,38,44,45,45,33,38,39,35,41,43,36,40,41,38,36,31,42,43,45,47,32,46,40,43,113,35,29,44,43,40,27,18,41,45,44,44,48,48,42,35,41,41,47,42,48,43,44,46,36,50,42,47,34,91,45,43,43,48,48,47
35,102,41,33,34,25,42,16,33,33,32,40,0,35,43,21,35,28,32,28,34,28,33,42,32,43,46,31,32,31,33,36,31,30,71,30,36,26,38,29,53,30,29,44,31,30,34,31,32,32,29,36,33,54,38,42,30,28,45,33,34,37,45,30,35,66,31,35,34,33,31,31,32,30,32,28,31,26,66,32,32,34,31,31,37,39,28,52,32,30,30,32,35,31,32,34,32,63,35,27,32,29,33,32,73,79,31,53,52,34,25,36,33,32,33,51,28,33,38,31,35,31,45,32,30,31,139,30,47,51,30,37,56,33,35,48,37,20,35,34,32,35,33,35,36,30,32,36,33,31,36,32,33,35,28,55,28,31,26,28,32,32,37,33,33,33,50,33,29,59,24,50,33,40,45,41,33,52,32,30,33,45,29,35,35,36,69,31,34,32,34,45,32,102,29,33,41,62,33,34,28,34,29,38,37,35,38,32,56,31,34,38,36,31,48,45,33,36,29,26,58,28,32,31,75,33,33,24,41,28,37,31,40,34,32,37,37,35,48,53,38,33,35,38,30,34,92,45,33,32,25,37,36,37,36,29,33,37,33,39,44,34,28,31,46,43,32,45,41,33,38,18,33,57,36,28,31,30,36,39,34,56,39,35,42,33,32,27,33,30,32,33,28,28,31,38,35,32,45,24,33,26,31,29,30,33,27,35,34,31,33,25,36,109,33,42,33,35,42,37,26,33,31,30,28,37,22,34,33,33,28,36,31,35,41,33,33,28,45,30,37,28,85,31,20,30,32,26,32
23,95,40,27,19,11,33,27,39,21,19,43,35,0,31,24,39,14,21,19,24,35,25,26,16,43,46,15,7,22,21,17,15,18,60,23,18,35,42,7,41,24,22,38,14,18,18,7,25,6,23,33,24,45,17,39,7,23,44,27,20,36,46,23,11,65,15,13,26,22,16,24,18,24,34,35,34,18,59,6,21,29,21,23,28,14,32,47,25,6,25,24,10,10,20,40,24,57,18,29,25,39,11,18,72,71,25,50,43,8,16,23,26,22,3,43,16,33,44,24,13,23,35,17,22,25,136,10,52,53,24,24,60,24,25,33,22,27,21,25,11,28,27,18,22,32,13,12,25,4,24,18,14,24,14,58,25,11,30,9,22,25,33,9,23,29,47,17,7,52,9,53,32,39,33,42,18,53,24,17,13,51,25,19,26,36,65,4,23,6,34,41,24,104,11,15,38,61,27,30,32,25,22,37,38,24,25,25,43,26,6,38,26,34,39,31,20,19,17,7,49,20,17,16,90,30,16,26,36,5,37,33,38,10,20,36,24,13,47,44,25,26,17,36,25,19,91,43,24,18,24,32,20,31,15,35,26,37,10,40,28,25,15,23,41,42,30,40,39,46,37,26,25,58,32,11,22,18,10,36,27,60,29,23,31,21,25,9,23,9,9,23,18,22,30,18,19,25,47,24,24,6,17,13,25,10,30,31,10,13,23,31,20,110,21,42,10,17,41,26,17,24,15,23,20,13,24,8,9,7,17,19,17,23,34,25,24,6,37,24,16,17,92,1,22,34,20,28,23
44,105,40,42,45,34,31,18,42,41,44,41,43,31,0,31,38,41,40,38,48,38,45,47,38,50,48,36,42,36,43,43,40,40,65,44,43,39,41,42,48,42,45,45,38,41,44,36,44,30,42,41,39,55,42,19,35,46,45,48,40,44,47,44,37,54,36,42,37,44,38,45,41,43,40,32,40,45,59,36,44,31,41,40,42,46,41,47,43,33,43,43,39,39,41,23,44,38,45,29,42,44,39,44,57,53,45,33,39,38,28,41,47,41,39,53,44,41,43,44,39,45,42,42,44,45,134,42,55,48,45,45,49,42,46,34,47,36,46,48,41,31,39,46,48,28,42,47,43,44,43,30,41,45,35,57,33,47,37,35,39,44,35,44,46,45,30,41,39,50,36,56,40,30,30,28,46,55,42,36,40,54,44,44,43,51,38,42,39,30,16,38,47,88,42,37,37,38,34,25,33,45,34,48,43,45,50,42,52,34,29,35,28,42,42,41,41,45,46,37,58,29,40,45,87,31,30,43,43,34,28,38,48,41,45,42,36,42,48,43,44,47,39,32,30,38,87,44,43,37,31,31,47,46,33,31,47,28,28,39,34,45,41,44,31,41,43,48,47,41,32,30,45,62,30,44,45,42,43,42,48,56,42,49,49,48,42,39,46,43,37,38,43,47,26,47,44,47,44,39,45,35,40,42,33,37,34,49,40,39,45,40,49,109,41,38,42,43,35,48,32,46,43,43,39,32,32,37,42,44,39,47,41,49,40,44,44,35,46,44,37,31,86,36,44,50,35,42,43
29,104,40,37,28,20,35,26,42,32,26,47,21,24,31,0,42,28,28,22,27,36,30,33,28,41,47,22,21,28,28,31,26,27,63,26,30,36,19,23,52,25,23,54,23,23,27,18,28,28,31,28,31,45,34,41,26,22,44,30,31,36,48,28,31,67,21,32,33,26,26,28,29,28,39,38,38,26,55,29,27,17,27,29,32,31,24,45,27,27,28,26,30,29,27,35,26,60,28,31,28,28,22,29,71,68,26,45,45,29,26,29,30,24,21,41,21,29,38,28,19,27,43,26,27,25,138,16,49,48,27,33,42,31,28,44,30,29,28,29,24,19,28,30,26,35,23,28,29,23,33,16,18,27,30,55,28,27,30,24,29,28,34,20,26,26,32,26,17,43,28,53,33,16,24,45,29,54,27,25,25,43,29,25,29,37,66,24,25,27,25,48,25,94,23,30,35,60,19,10,29,25,22,43,39,27,34,28,51,27,31,40,28,24,49,33,23,28,27,19,58,21,24,31,64,19,25,25,34,29,26,34,37,24,24,36,25,32,46,43,35,30,27,40,36,44,96,44,27,25,21,24,29,41,29,27,30,26,26,40,42,25,35,27,37,49,30,36,38,19,26,28,26,54,36,26,26,25,34,40,33,51,42,25,39,26,28,22,26,24,27,29,23,27,17,30,28,26,37,35,20,25,23,26,26,16,30,29,29,24,26,30,29,109,27,35,27,27,35,27,25,30,25,28,24,29,1,33,23,24,17,29,26,31,39,26,25,28,47,27,21,28,93,24,17,29,22,24,28
42,98,42,43,37,33,31,46,41,36,39,43,35,39,38,42,0,38,41,29,41,42,35,40,41,40,39,34,28,35,37,38,35,34,66,37,35,42,43,38,49,42,31,33,41,33,38,37,39,37,41,32,39,60,44,39,30,37,43,41,36,39,53,36,45,69,33,34,42,40,39,40,34,33,5,2,4,38,56,38,41,30,37,37,40,36,35,49,37,42,40,35,39,34,38,36,38,66,41,22,37,34,35,36,69,76,39,54,37,37,37,43,38,35,35,32,30,36,39,36,36,35,43,37,39,38,147,35,42,47,36,40,60,28,31,45,45,31,38,32,37,12,38,43,35,18,34,43,35,35,44,28,40,35,42,57,39,37,9,40,39,39,40,41,36,39,46,41,31,59,37,52,38,38,48,34,40,56,35,41,42,51,37,33,36,25,76,36,37,38,40,50,42,107,41,32,36,65,13,28,37,39,42,37,40,35,48,34,48,10,34,7,43,36,49,36,33,39,38,37,64,34,38,40,78,13,39,31,41,36,17,34,14,37,34,15,43,34,39,48,43,38,39,35,31,38,90,42,34,37,16,35,39,42,37,12,37,17,38,38,40,39,41,38,8,39,34,46,25,30,31,45,34,64,35,37,34,36,40,39,42,58,39,38,41,36,38,31,36,38,32,39,35,43,16,46,42,37,33,35,44,38,36,31,35,39,41,47,36,33,36,35,48,116,40,29,39,44,45,40,37,42,35,35,34,42,45,41,41,35,39,32,36,41,38,35,39,37,43,36,38,36,98,43,39,42,38,15,39
27,92,39,31,27,12,36,30,31,16,21,31,28,14,41,28,38,0,23,22,24,31,26,32,22,40,46,21,24,20,24,24,19,22,67,24,20,25,46,22,42,23,25,45,25,26,25,22,28,10,24,31,22,61,32,38,18,21,26,27,30,34,44,24,14,64,20,24,31,25,19,23,12,26,31,33,31,23,67,12,22,13,24,24,26,23,21,50,23,20,25,23,13,17,24,34,23,53,23,28,28,39,11,24,66,71,25,51,40,22,23,15,25,24,17,44,20,30,46,27,19,26,43,23,23,20,139,16,53,44,23,25,49,28,24,40,22,22,25,25,20,26,31,24,19,29,9,20,29,14,23,16,14,26,15,52,23,18,28,15,28,28,34,24,25,31,42,24,20,64,23,43,29,35,42,25,24,42,25,20,19,35,24,18,23,34,71,10,25,11,35,32,25,106,18,20,30,66,30,23,11,29,24,40,38,26,22,28,47,36,21,35,28,31,38,24,8,21,22,22,58,13,19,25,85,28,17,21,31,13,36,21,40,25,26,31,19,24,47,42,27,25,21,34,34,23,88,46,23,17,30,34,21,43,26,36,26,36,29,36,40,29,16,23,37,35,31,40,39,40,33,30,25,58,34,16,26,23,11,36,21,53,25,24,25,23,28,15,25,11,15,23,22,27,29,26,23,22,36,30,25,9,19,23,20,23,21,31,22,22,25,28,28,109,21,36,22,24,37,20,25,19,19,24,23,17,31,14,19,28,23,29,23,30,35,26,25,11,43,24,26,12,87,17,22,33,26,29,28
14,93,43,31,9,19,34,33,40,19,14,42,32,21,40,28,41,23,0,19,13,40,11,29,8,39,42,10,19,20,7,6,14,18,69,11,16,32,44,15,35,11,11,42,25,15,9,18,11,20,9,38,24,52,32,40,23,27,45,17,14,33,45,11,29,67,11,25,31,11,9,9,23,16,35,37,35,12,62,20,7,24,8,11,26,29,26,50,13,19,3,7,17,17,8,41,11,61,9,29,11,45,21,6,69,77,12,56,48,16,24,26,12,9,20,48,23,30,45,12,24,10,36,7,11,12,133,18,50,48,8,25,62,29,12,44,18,26,9,13,16,30,34,8,35,34,20,21,12,18,21,27,20,13,25,53,24,27,33,17,20,11,35,21,14,30,40,9,18,60,21,44,39,39,45,41,8,48,13,18,11,47,14,27,31,36,69,19,11,19,40,44,15,107,18,12,39,56,28,24,30,11,29,37,34,13,23,11,46,29,17,41,26,29,46,35,24,19,15,15,47,28,10,14,90,29,20,24,30,19,35,32,41,19,16,41,31,25,42,38,21,12,18,34,30,30,93,40,33,29,31,38,24,43,23,30,12,35,21,32,37,11,26,9,41,39,33,35,39,40,34,23,13,56,37,21,11,13,27,31,16,51,38,21,19,11,11,18,14,18,19,16,11,13,27,11,7,12,41,35,24,18,22,17,28,18,33,26,18,28,14,29,20,101,16,41,18,12,42,31,31,10,13,11,15,22,31,24,16,19,22,11,14,16,35,9,12,20,34,11,26,21,84,19,29,29,20,29,13
21,95,36,28,18,5,27,29,34,13,12,40,28,19,38,22,29,22,19,0,18,36,14,32,16,40,40,6,8,8,16,21,6,20,64,16,14,30,41,18,41,16,4,47,20,5,19,17,16,13,18,29,18,58,30,43,18,14,37,16,16,31,40,16,24,65,5,22,32,19,12,15,14,14,26,27,25,17,63,17,17,11,15,17,22,25,20,40,15,14,21,13,18,16,14,28,16,60,17,19,16,31,16,21,70,75,17,49,40,16,31,13,16,16,13,40,4,28,40,17,18,11,39,17,16,16,135,6,48,44,14,24,51,19,17,42,21,13,15,16,7,26,33,21,25,17,9,21,17,15,20,14,15,16,25,54,20,21,32,14,18,16,31,18,17,26,45,19,11,53,19,49,31,37,46,43,20,49,16,15,18,44,18,14,27,28,68,14,14,16,35,41,19,109,17,17,36,60,27,26,25,16,16,35,36,16,22,16,49,31,14,31,27,31,47,30,12,18,19,13,56,22,6,17,84,27,12,23,36,21,37,33,40,7,5,36,23,22,42,47,20,16,16,34,33,40,89,44,24,29,27,30,19,38,21,31,15,37,15,34,41,16,34,17,32,41,21,33,34,29,39,27,14,57,35,19,17,7,26,34,22,54,34,27,27,16,16,9,17,10,12,19,18,14,25,19,18,22,38,32,24,11,10,3,18,13,23,21,17,27,17,25,23,112,15,36,16,20,35,26,30,18,17,18,16,17,27,10,11,16,25,18,15,18,30,13,16,15,40,16,17,9,91,21,24,29,7,23,18
13,99,41,34,12,20,32,33,40,21,15,42,34,24,48,27,41,24,13,18,0,41,11,31,14,42,46,16,19,24,10,12,17,21,70,10,24,31,43,17,47,8,19,46,28,19,11,18,13,19,6,37,25,59,38,44,27,23,47,14,20,38,43,10,27,70,16,23,26,14,15,11,28,19,37,38,38,10,69,26,8,25,10,11,20,31,30,49,10,25,10,9,17,16,7,41,11,60,11,33,13,40,22,8,72,78,10,59,47,17,35,26,12,9,22,47,20,30,46,11,28,19,42,15,10,10,137,21,49,54,9,26,60,34,11,44,18,24,6,16,17,33,34,7,29,30,20,20,12,25,16,30,26,13,35,57,14,30,36,15,23,13,36,18,11,32,48,13,18,61,26,52,37,39,46,46,3,48,12,19,18,46,12,27,27,29,68,17,10,25,42,47,7,110,16,14,41,66,33,32,32,10,21,35,37,13,22,13,50,36,21,45,22,32,46,37,21,19,10,14,54,30,16,20,92,33,17,31,34,24,42,35,38,18,19,36,29,23,46,41,21,12,22,36,36,40,93,39,25,27,34,39,19,43,26,39,12,42,28,37,45,10,35,10,42,40,34,40,40,41,38,31,11,56,33,24,11,13,34,37,30,59,38,19,27,7,13,17,11,20,21,23,11,9,32,13,9,11,49,37,25,20,24,11,27,19,35,18,13,32,7,27,15,112,18,44,16,14,41,36,29,11,20,13,16,23,30,28,17,22,27,16,15,18,34,8,10,20,33,10,27,19,92,24,21,23,20,27,11
41,101,29,22,42,38,30,37,28,36,35,44,28,35,38,36,42,31,40,36,41,0,37,47,35,45,47,34,37,35,40,38,38,38,65,37,40,20,44,38,49,40,36,35,37,35,38,40,41,33,35,34,39,47,40,30,38,35,39,42,35,36,48,40,35,56,35,39,42,37,36,39,32,38,36,38,37,39,58,35,38,35,38,39,42,40,36,53,40,31,39,39,36,33,39,32,39,56,35,26,41,27,30,37,61,77,38,49,50,36,35,37,42,39,39,48,37,37,49,41,38,36,44,39,40,38,138,35,52,38,38,44,60,32,42,31,37,31,42,40,35,31,45,36,34,28,32,41,43,36,37,45,39,42,35,51,36,36,35,34,36,42,7,31,40,26,34,37,38,56,40,54,38,25,31,36,37,55,41,36,35,44,40,38,30,39,69,36,38,26,40,43,36,102,42,40,32,61,31,41,33,41,33,37,40,42,42,42,48,35,38,37,43,40,43,34,33,29,36,42,61,29,39,37,86,32,39,36,34,31,34,38,41,35,37,41,38,39,45,52,41,42,41,39,36,36,100,42,36,37,27,36,32,10,23,35,43,34,30,41,10,41,25,39,39,42,35,44,44,40,32,35,42,60,39,37,41,41,33,40,47,48,41,36,38,36,41,38,40,32,38,36,36,34,32,39,37,35,48,5,30,33,34,38,38,39,42,34,37,39,41,40,41,120,35,37,39,38,38,36,39,34,34,40,38,38,36,38,35,40,29,42,40,43,36,41,39,37,45,39,36,39,91,36,39,39,36,37,42
12,93,41,32,6,23,37,29,38,22,11,45,33,25,45,30,35,26,11,14,11,37,0,30,14,32,37,13,17,22,5,14,11,20,71,9,24,33,44,16,45,6,15,50,27,17,11,13,11,17,12,39,24,61,37,43,20,25,48,7,15,37,47,8,33,70,13,21,35,15,13,8,24,18,34,39,34,11,64,24,11,28,6,8,24,32,29,53,9,21,10,5,23,26,12,39,5,59,8,30,9,42,24,13,72,78,4,55,49,14,35,24,4,3,22,42,20,31,45,10,27,14,34,9,8,6,140,20,55,53,8,15,57,33,3,49,21,26,7,8,18,32,34,13,32,26,19,21,7,21,24,30,28,4,22,52,25,28,34,16,26,11,36,12,10,33,47,14,19,62,27,47,36,39,46,43,9,50,9,19,17,47,11,29,30,41,72,19,7,24,42,47,10,108,19,12,38,65,32,32,33,6,29,35,29,4,21,8,41,34,21,46,25,36,48,36,23,15,14,16,54,30,13,21,93,32,23,30,29,21,37,34,40,17,15,38,23,21,37,50,15,4,22,31,37,36,93,38,32,30,27,38,17,43,23,36,3,37,26,33,43,6,35,10,43,35,33,43,38,42,35,25,5,53,39,24,9,11,33,33,30,58,40,20,28,8,10,17,10,13,21,21,11,12,25,15,12,10,47,36,27,18,27,22,33,17,34,24,18,28,8,31,20,106,19,45,9,16,41,34,33,15,24,8,18,12,27,28,19,22,30,10,11,12,39,4,3,17,31,8,24,23,90,24,27,30,17,27,10
26,97,46,39,25,30,42,38,46,31,33,44,42,26,47,33,40,32,29,32,31,47,30,0,30,41,46,32,33,31,28,29,32,34,75,27,32,38,49,31,36,29,33,55,27,33,23,33,28,33,29,40,28,55,37,50,32,31,47,30,21,37,52,27,27,74,32,30,37,30,30,28,27,30,44,41,45,31,68,28,28,35,28,26,29,29,32,53,29,27,29,28,31,28,27,48,29,66,28,35,28,45,24,29,75,75,29,55,56,33,39,36,30,29,24,53,28,35,49,27,30,33,40,29,27,29,135,31,52,55,28,28,62,32,30,51,31,32,30,31,30,39,38,30,38,39,29,28,29,26,24,32,26,29,33,59,31,31,45,33,28,28,40,31,28,32,49,32,32,62,27,58,43,44,45,51,29,55,28,33,31,54,29,35,38,42,72,30,28,30,41,52,28,116,31,31,46,63,36,39,31,30,31,47,45,29,28,28,52,39,30,49,30,40,49,39,30,28,30,33,58,29,33,30,90,39,35,35,30,29,42,37,50,34,33,48,34,30,50,46,28,30,31,38,35,39,96,47,36,34,37,41,32,45,23,39,30,42,28,36,41,30,35,27,48,38,40,39,48,43,41,32,29,65,37,34,27,32,31,35,21,68,44,27,28,25,28,30,28,32,29,27,31,32,38,28,27,29,54,39,34,30,27,32,33,33,39,30,29,27,28,36,30,115,29,42,33,25,47,39,36,29,29,31,33,33,35,31,33,33,26,23,32,32,45,29,29,34,46,28,26,33,100,28,34,37,33,31,28
15,99,42,30,12,19,35,26,35,21,7,45,32,16,38,28,41,22,8,16,14,35,14,30,0,41,46,9,9,23,10,9,8,15,71,13,19,31,45,12,45,15,7,47,22,12,11,13,15,14,10,35,23,49,35,31,23,27,47,15,15,38,46,13,29,68,10,23,23,11,1,12,30,20,39,37,39,15,64,19,10,25,9,12,19,18,28,53,13,18,11,11,20,20,14,40,12,59,9,26,15,42,15,13,70,74,12,55,51,13,33,23,16,13,17,43,18,34,49,14,18,10,34,13,13,12,139,19,51,53,11,24,59,26,13,44,20,27,12,14,16,31,30,12,31,34,19,20,16,15,17,25,19,14,25,53,24,28,36,15,25,15,34,19,14,29,47,13,16,58,19,50,29,41,40,45,10,49,16,19,18,49,11,23,25,39,70,14,10,20,34,46,15,109,17,11,32,65,29,33,36,13,24,41,37,14,25,15,42,32,10,41,30,36,48,36,22,16,18,13,56,27,11,18,93,29,14,36,31,15,39,33,43,17,10,41,27,23,45,47,23,16,21,32,30,39,89,44,29,34,31,38,24,40,15,32,16,39,18,37,42,13,34,12,42,39,33,41,37,45,33,25,16,59,37,20,13,11,32,37,28,55,37,22,30,13,15,17,14,17,19,22,8,16,29,14,14,9,47,34,24,18,22,19,30,16,29,24,10,25,14,32,24,113,15,46,13,14,43,31,35,7,20,14,16,19,30,22,17,16,24,16,11,18,38,12,14,15,40,14,25,17,94,16,26,34,17,26,12
40,98,46,39,38,41,45,44,37,37,36,52,43,43,50,41,40,40,39,40,42,45,32,41,41,0,20,39,32,36,39,38,37,40,79,37,36,39,50,36,49,35,38,57,43,36,40,34,39,39,40,45,37,66,32,49,38,37,43,38,38,41,52,36,41,68,39,43,49,36,37,38,37,36,34,36,34,38,72,41,40,36,40,39,38,44,40,61,38,40,39,37,38,38,39,47,39,65,43,41,37,48,41,38,76,83,38,60,50,39,41,35,36,37,39,59,40,31,49,36,40,35,15,40,39,36,149,42,61,60,37,26,61,37,29,47,34,43,40,29,41,39,42,38,45,39,38,37,37,37,42,36,42,34,38,59,36,33,39,36,41,39,44,35,36,34,56,35,39,67,39,50,38,43,52,49,37,56,36,37,37,56,39,44,42,43,78,38,37,38,43,53,43,112,39,37,43,71,45,40,36,36,40,11,11,34,46,36,36,40,39,46,41,41,54,42,36,40,40,38,59,38,39,37,101,41,41,40,43,40,38,41,47,37,40,44,37,43,8,48,37,36,32,34,36,49,96,13,43,42,41,46,41,46,36,45,36,38,40,43,46,36,47,38,49,45,42,47,48,42,47,44,34,61,47,39,35,38,46,43,45,62,49,38,40,37,38,39,36,35,36,42,38,38,42,45,35,37,51,41,36,43,41,37,45,33,43,47,43,42,34,37,39,114,35,51,33,41,49,38,46,36,35,36,39,39,43,42,36,38,39,32,37,29,51,32,31,37,10,40,36,41,96,42,40,38,35,43,41
43,107,42,43,42,42,51,48,45,41,41,54,46,46,48,47,39,46,42,40,46,47,37,46,46,20,0,44,43,40,43,44,44,45,77,42,34,47,56,43,51,43,44,54,49,40,43,42,44,43,46,44,42,66,41,42,41,43,52,45,45,37,55,42,49,70,44,48,48,43,42,42,44,44,36,39,36,42,77,46,44,41,42,41,47,46,44,60,42,43,40,41,39,38,43,49,42,70,46,42,42,52,44,43,70,86,44,63,59,39,49,32,42,43,47,60,40,41,53,42,45,43,20,44,42,44,148,46,63,56,41,27,67,45,35,52,45,46,45,35,46,42,48,45,48,47,45,48,40,46,48,37,48,42,39,59,41,46,34,44,40,44,44,42,43,42,59,41,45,73,46,64,46,49,54,49,42,52,42,45,43,59,42,47,45,43,80,45,39,45,46,54,44,114,46,42,36,72,49,44,48,41,41,8,16,42,50,42,34,40,45,51,39,42,56,40,46,43,47,45,64,44,39,45,101,44,46,39,45,42,42,44,48,43,44,42,43,48,12,59,39,42,46,43,46,48,100,18,46,49,48,45,42,45,38,46,42,42,44,50,50,41,51,42,50,47,46,41,50,47,48,42,42,66,52,43,41,43,49,50,42,63,41,45,39,43,43,45,43,44,44,46,42,46,46,47,45,41,54,41,42,46,48,41,48,42,48,48,48,44,42,47,50,108,44,47,43,44,52,51,44,46,44,44,44,40,46,47,46,45,43,36,40,41,52,43,42,44,24,42,37,43,98,47,43,42,43,47,44
16,99,34,26,16,13,28,23,37,16,3,42,31,15,36,22,34,21,10,6,16,34,13,32,9,39,44,0,8,13,15,16,6,12,65,16,17,37,41,5,42,14,2,46,17,3,15,6,16,14,13,30,25,55,28,38,14,17,45,18,15,36,44,16,26,69,1,25,30,13,6,14,21,17,34,32,35,15,65,8,11,18,9,14,21,19,24,47,12,8,15,14,17,17,12,35,14,59,14,21,16,38,17,14,71,72,15,46,47,6,36,20,16,15,7,44,9,34,43,15,17,7,34,14,16,14,139,7,54,50,12,21,54,25,16,45,24,25,16,19,10,29,28,16,33,25,15,23,17,13,26,19,20,16,16,54,21,26,27,18,22,16,34,16,17,28,48,12,8,54,15,49,27,30,43,47,13,50,17,12,11,49,15,16,23,32,70,11,12,13,39,44,12,105,14,9,34,60,28,26,28,16,25,37,35,16,24,16,38,28,5,37,29,28,42,35,16,17,13,6,54,21,7,17,87,28,12,23,32,8,32,32,31,9,1,34,28,25,42,43,22,16,20,34,25,39,89,43,27,25,28,36,20,34,11,28,16,32,17,37,38,16,27,13,34,43,32,41,36,34,36,30,17,56,35,20,13,3,23,37,28,49,39,22,30,13,16,12,17,18,14,17,10,18,30,16,16,16,43,30,21,14,18,7,31,9,28,26,10,21,17,31,23,112,13,42,6,16,38,33,28,16,7,15,9,8,25,10,13,15,19,16,3,18,35,15,15,10,39,13,13,17,90,15,22,31,16,26,13
21,98,33,27,12,10,33,33,33,13,10,41,32,7,42,21,28,24,19,8,19,37,17,33,9,32,43,8,0,15,14,17,10,17,65,16,12,26,44,15,42,16,8,43,13,7,17,17,18,21,17,30,21,53,24,34,15,11,50,22,18,34,46,15,23,65,9,20,28,17,16,17,13,18,26,27,27,21,61,13,14,23,14,17,16,23,22,45,18,13,15,12,19,19,14,38,19,61,20,23,17,39,10,14,67,72,15,44,37,15,24,16,17,13,12,44,6,29,37,16,18,13,34,17,17,15,137,10,46,44,15,22,51,26,20,37,22,17,22,19,5,27,34,15,24,23,13,24,18,13,17,16,22,16,20,55,23,23,26,14,20,18,35,21,19,31,33,17,10,49,23,52,31,38,43,38,16,49,17,10,13,50,19,16,27,29,66,14,18,19,36,45,13,101,14,11,35,61,24,16,31,13,14,37,34,16,23,17,47,27,10,42,22,35,40,24,17,16,11,16,56,12,10,18,83,24,11,29,36,13,32,35,37,18,9,37,23,20,43,42,23,17,22,26,30,36,93,40,25,28,30,27,18,38,14,27,17,32,11,34,36,13,29,19,31,42,34,37,32,35,29,26,17,58,34,19,14,11,23,34,27,57,32,20,31,14,17,10,19,17,7,20,16,18,26,21,17,19,45,31,22,8,15,5,33,15,27,25,15,22,18,32,21,115,13,41,19,20,41,30,29,20,13,13,15,11,26,14,16,22,24,15,11,20,30,16,17,16,37,18,16,14,96,7,22,32,7,22,17
27,103,37,26,24,11,22,28,31,20,18,32,31,22,36,28,35,20,20,8,24,35,22,31,23,36,40,13,15,0,25,27,12,20,65,24,27,25,44,22,46,27,11,49,23,20,24,17,24,14,25,32,28,56,31,40,17,19,40,23,22,34,44,22,30,66,12,30,28,20,22,23,17,25,32,33,33,24,65,24,26,10,21,25,18,21,24,41,24,25,21,22,9,10,25,34,23,55,25,24,24,33,17,21,68,75,22,51,37,15,17,18,25,22,17,39,10,29,43,25,20,16,41,22,21,23,138,11,52,47,21,24,46,22,26,38,24,15,27,27,18,15,20,25,22,17,13,29,25,16,28,17,17,24,32,54,28,20,30,11,21,24,34,14,23,31,43,26,21,55,26,52,32,38,45,35,27,48,24,14,22,48,25,19,23,35,72,16,21,14,36,44,22,106,17,19,37,60,24,25,24,24,18,36,34,24,24,24,49,34,12,43,29,31,48,21,12,25,25,22,53,26,21,22,89,24,16,34,38,25,29,27,44,20,10,38,24,30,42,48,26,25,21,36,28,27,86,44,28,25,26,27,27,37,13,37,26,29,11,37,37,24,35,22,44,45,28,36,33,34,29,26,25,56,39,21,23,17,27,37,25,57,32,27,32,26,24,11,23,16,11,23,24,26,14,27,23,24,43,25,20,18,13,11,29,10,24,26,26,23,23,32,24,110,23,47,19,24,45,30,22,26,14,24,11,27,24,17,11,15,22,26,16,28,22,22,23,18,43,24,18,18,93,13,22,34,23,20,21
11,94,38,30,7,19,37,33,39,22,13,43,33,21,43,28,37,24,7,16,10,40,5,28,10,39,43,15,14,25,0,9,15,18,71,10,14,31,44,12,40,8,14,47,26,15,6,17,8,18,11,36,20,54,36,43,19,27,46,11,14,34,46,8,28,66,12,20,33,11,8,7,28,22,38,36,38,11,63,20,8,24,4,7,29,27,27,54,3,24,12,4,19,18,6,38,1,62,9,26,8,40,21,8,68,78,6,53,52,14,32,25,13,7,19,48,17,29,46,9,25,13,38,10,9,6,139,16,51,53,4,22,59,29,6,45,20,27,8,13,17,31,32,13,31,32,18,23,7,22,18,29,21,7,31,58,24,26,35,19,25,8,38,20,5,30,45,17,16,62,27,49,33,40,50,43,9,49,8,21,14,46,7,26,29,38,71,14,4,23,39,44,12,109,20,10,33,61,28,30,34,7,26,40,36,7,22,8,46,34,15,44,29,35,44,36,20,24,16,17,55,25,12,19,93,32,25,33,29,20,35,32,38,19,16,36,29,20,43,47,19,13,21,35,31,36,93,42,31,30,30,36,25,46,22,34,13,35,25,34,40,7,32,6,35,37,35,37,39,41,38,26,6,59,36,20,6,14,30,34,28,58,39,24,29,10,8,16,5,17,14,19,11,18,29,14,8,6,46,34,27,18,24,18,33,16,30,24,19,26,11,33,22,113,18,43,18,11,43,28,31,10,18,12,17,19,29,26,16,21,28,12,12,15,37,3,4,18,38,4,24,24,92,22,27,34,19,31,10
15,92,42,33,10,17,40,33,41,18,15,43,36,17,43,31,38,24,6,21,12,38,14,29,9,38,44,16,17,27,9,0,15,18,65,10,18,31,43,15,41,10,14,46,24,16,10,16,14,17,9,40,21,54,36,45,25,27,49,13,16,37,45,12,26,71,16,16,27,10,13,10,25,15,39,37,39,12,68,20,8,28,10,11,21,25,31,46,4,19,8,11,14,15,9,42,11,63,6,33,14,44,25,4,75,73,13,53,44,17,33,28,13,13,18,44,26,34,43,13,24,14,34,12,12,14,135,13,52,54,9,21,60,30,12,45,18,28,11,15,18,34,32,8,29,36,21,24,13,22,19,26,22,11,33,59,21,31,37,21,24,14,38,23,12,29,42,12,15,59,26,50,34,41,44,45,2,46,13,19,13,45,9,27,28,28,67,17,11,24,39,45,11,109,21,14,38,62,31,30,27,13,28,37,37,11,18,12,42,36,19,46,26,32,45,32,19,12,17,14,52,29,19,17,91,33,24,32,35,21,38,30,44,19,15,42,31,16,43,48,21,13,21,27,20,40,93,41,29,29,34,39,16,40,22,36,13,38,19,25,38,13,34,10,37,37,34,32,43,45,38,26,10,58,34,22,11,14,33,25,23,59,35,24,28,5,12,19,12,21,17,12,12,9,31,11,7,10,47,36,28,21,19,20,33,17,34,22,16,23,10,37,25,113,10,48,17,8,42,33,28,4,10,12,16,17,30,23,19,22,20,13,13,21,39,14,13,17,39,8,25,24,95,23,29,29,22,28,14
15,97,41,28,13,20,34,30,37,21,7,44,31,15,40,26,35,19,14,6,17,38,11,32,8,37,44,6,10,12,15,15,0,16,67,14,21,31,48,11,44,12,6,43,24,8,14,9,15,11,12,35,23,57,34,39,19,25,47,15,18,33,43,14,24,70,14,24,29,12,8,13,24,14,35,37,35,11,61,17,15,21,10,14,22,25,26,46,12,17,16,11,16,20,14,34,13,61,11,21,15,40,18,13,72,74,12,48,46,9,34,23,15,13,14,42,17,32,41,15,10,10,39,14,14,10,142,8,51,51,10,21,53,25,14,48,22,22,14,15,11,29,23,15,26,30,12,16,15,14,26,21,17,15,23,53,20,21,33,15,26,15,34,13,15,28,39,17,13,61,18,50,31,36,43,43,14,50,14,13,15,46,11,18,27,32,73,11,16,21,38,44,10,106,11,9,33,64,30,27,30,16,24,37,33,15,22,15,42,34,13,37,30,30,45,29,17,20,14,11,57,17,3,17,89,30,17,29,36,17,34,32,33,10,6,31,27,24,40,46,21,15,18,33,30,42,92,43,26,25,28,36,24,40,26,34,15,34,19,36,41,16,32,13,41,42,27,41,37,35,36,23,15,54,34,20,15,9,31,36,28,51,38,19,31,12,14,13,15,15,19,19,10,14,20,16,16,13,44,30,22,14,21,7,26,4,30,27,12,16,15,32,22,111,13,41,13,20,41,32,28,13,11,12,11,15,26,12,8,14,26,15,13,18,40,13,15,11,37,12,23,19,92,19,30,30,13,26,15
20,98,40,34,20,20,36,34,38,22,19,42,30,18,40,27,34,22,18,20,21,38,20,34,15,40,45,12,17,20,18,18,16,0,69,19,20,29,40,16,48,18,12,47,26,16,18,17,20,16,18,33,25,53,32,28,18,20,43,20,16,36,44,18,27,70,11,24,33,16,14,17,29,20,31,35,31,12,66,20,17,24,16,17,26,27,31,48,17,16,16,18,9,9,18,42,17,59,19,29,20,42,18,16,71,75,17,53,47,17,30,14,19,18,9,43,20,33,47,19,21,15,39,17,18,17,142,10,52,53,16,23,59,29,20,46,24,29,17,22,17,29,34,20,33,34,20,24,20,20,25,26,20,20,28,54,23,24,31,16,24,20,35,18,19,30,45,18,13,62,16,51,34,38,46,42,16,51,19,15,16,45,15,22,26,34,72,15,19,22,40,44,20,101,14,19,35,63,27,29,34,21,31,37,32,20,25,20,46,31,16,39,32,34,47,36,15,23,18,17,56,28,15,22,91,27,22,30,33,22,31,33,41,14,13,39,25,24,43,49,25,19,21,37,31,40,89,44,31,31,31,39,22,39,23,31,19,31,24,38,40,21,33,17,39,44,33,37,40,39,31,23,18,59,34,21,18,13,28,38,28,55,38,26,30,17,20,6,19,20,16,21,16,17,31,17,18,17,45,37,22,16,22,16,30,14,30,30,20,24,20,31,22,113,16,41,16,22,45,34,28,15,15,19,10,17,27,13,13,20,27,20,13,21,38,19,18,17,41,17,27,26,92,21,26,34,13,29,19
70,101,70,60,71,66,65,72,74,58,71,70,71,60,65,63,66,67,69,64,70,65,71,75,71,79,77,65,65,65,71,65,67,69,0,69,65,65,61,70,69,67,69,49,56,63,69,70,69,70,70,62,65,72,69,66,67,67,64,72,68,67,56,69,69,67,67,64,64,63,70,66,59,67,68,71,68,69,52,64,71,64,69,69,59,69,59,77,68,64,66,70,72,71,68,70,68,64,70,65,69,59,64,62,67,84,69,77,72,69,74,66,72,69,63,75,60,74,69,70,64,69,72,67,69,65,136,54,74,69,67,75,57,73,72,62,72,63,68,71,69,66,71,69,69,68,72,73,70,59,68,56,64,71,73,58,62,68,69,70,63,69,66,69,70,69,66,67,70,76,59,61,66,70,74,66,67,75,69,70,70,64,69,56,69,66,68,71,69,64,56,58,67,119,71,68,68,78,69,68,62,69,64,79,72,71,67,69,77,73,64,64,65,68,64,72,71,58,62,69,62,68,71,68,87,70,64,68,71,64,67,69,62,69,69,60,71,64,78,73,75,72,67,63,68,66,86,77,64,61,63,49,63,68,64,72,72,67,60,63,67,69,72,68,61,73,75,71,54,68,64,65,67,68,72,69,70,69,67,63,70,69,68,63,72,64,69,70,70,70,73,61,69,61,67,63,68,70,63,64,69,67,61,66,72,71,63,71,67,57,68,74,69,115,57,61,69,69,72,71,70,64,63,68,70,72,69,62,71,70,69,73,69,70,58,70,70,71,77,68,63,64,92,60,71,67,70,66,69
6,95,41,34,5,18,38,32,38,18,12,43,30,23,44,26,37,24,11,16,10,37,9,27,13,37,42,16,16,24,10,10,14,19,69,0,23,33,46,17,43,7,12,49,26,14,5,15,8,19,11,39,24,57,35,43,24,25,48,13,15,33,43,1,30,69,15,21,35,13,13,7,28,20,34,35,34,11,65,24,10,26,8,2,27,30,33,50,8,24,11,8,23,21,7,38,8,62,12,29,3,42,22,12,71,74,6,53,48,17,35,26,13,7,22,43,20,31,45,4,23,13,37,9,2,9,135,19,53,51,9,24,57,31,7,47,21,25,10,15,18,28,31,11,31,34,18,20,11,22,23,28,24,8,31,54,23,26,31,19,23,9,36,21,5,30,43,16,18,60,27,49,35,39,48,41,11,48,8,19,17,45,9,27,31,36,69,19,8,24,38,45,11,107,19,13,39,60,28,29,34,8,28,38,36,8,23,9,48,34,21,41,24,32,46,37,20,23,15,17,55,26,12,21,91,28,20,32,33,24,38,33,38,18,16,36,29,21,42,47,26,13,20,33,35,38,91,44,32,28,30,39,23,44,26,34,13,38,26,37,41,8,36,2,41,39,33,37,41,43,38,28,11,57,34,21,3,14,30,37,27,57,38,19,29,14,3,16,5,19,20,21,10,13,26,15,10,8,44,36,24,18,25,17,31,18,32,25,19,28,6,30,22,108,19,43,17,13,39,32,30,13,20,11,16,21,28,26,16,20,26,15,14,17,38,7,5,19,40,4,30,24,91,23,27,31,16,30,5
23,101,38,34,19,20,40,36,41,22,16,45,36,18,43,30,35,20,16,14,24,40,24,32,19,36,34,17,12,27,14,18,21,20,65,23,0,34,44,21,44,24,14,45,25,12,19,24,22,21,22,35,19,55,31,43,17,29,45,21,11,30,44,21,30,66,14,21,37,17,20,23,28,14,36,39,36,19,66,18,22,21,17,20,26,26,34,53,17,15,14,22,17,17,18,42,21,67,20,31,22,41,15,19,71,77,22,55,53,20,31,25,25,17,22,44,25,28,38,21,20,11,36,18,23,22,141,15,51,52,20,25,62,31,25,43,23,25,18,22,17,32,32,22,27,33,16,24,23,17,17,34,25,24,32,50,21,30,30,25,25,22,33,21,22,33,46,17,22,62,25,53,38,41,48,45,18,48,21,22,21,47,20,26,30,39,74,22,20,20,39,47,21,109,24,23,44,60,30,30,34,21,25,39,37,24,22,22,38,35,16,44,24,36,49,32,21,11,11,22,58,26,18,21,94,31,17,31,30,14,38,25,42,18,15,38,28,21,34,47,23,25,14,28,31,39,95,41,29,34,32,39,21,46,24,35,25,38,21,34,40,21,30,23,41,45,35,41,37,42,38,29,24,47,38,21,18,23,32,34,20,59,33,18,27,16,22,19,22,23,22,18,19,19,31,21,19,22,45,36,23,15,26,19,33,16,28,22,18,25,22,33,20,113,18,38,23,24,41,30,30,21,21,19,20,19,32,26,18,22,27,26,21,21,36,24,23,25,34,19,28,29,88,20,28,31,20,32,22
36,106,20,17,32,23,31,25,34,32,30,37,26,35,39,36,42,25,32,30,31,20,33,38,31,39,47,37,26,25,31,31,31,29,65,33,34,0,37,31,44,34,27,50,36,29,33,27,35,28,28,36,33,50,15,31,25,19,30,36,28,34,41,33,39,62,32,33,30,35,33,32,16,31,29,36,29,34,60,28,26,32,34,33,15,33,26,49,33,34,31,34,19,18,34,36,33,62,32,19,35,26,30,24,64,77,32,54,49,34,28,36,38,32,32,49,22,39,42,36,30,32,39,32,33,33,139,31,55,50,33,37,50,34,39,29,35,31,34,37,29,33,23,38,39,34,34,31,36,25,37,19,30,38,31,57,26,31,36,32,28,35,21,35,36,30,39,29,36,52,30,53,37,37,47,28,35,48,37,33,30,43,34,27,28,33,67,28,34,31,39,49,29,112,27,33,37,60,34,38,20,33,29,37,37,38,29,35,47,29,24,44,27,16,29,23,31,31,29,30,50,28,31,35,87,27,28,16,29,32,38,31,39,25,28,39,38,33,46,43,39,38,28,30,37,25,94,46,32,22,31,33,34,34,36,29,38,38,36,30,37,33,28,34,44,38,34,33,39,40,22,22,38,49,32,25,33,28,29,30,30,56,27,35,30,30,35,25,36,31,26,31,35,30,31,33,33,39,45,24,34,19,21,25,28,30,29,33,30,33,36,36,30,106,34,35,31,27,22,24,36,30,35,28,30,30,39,35,27,28,30,34,31,38,23,34,38,26,46,32,28,28,84,32,27,26,27,32,35
49,102,39,45,46,38,38,23,47,46,43,48,38,42,41,19,43,46,44,41,43,44,44,49,45,50,56,41,44,44,44,43,48,40,61,46,44,37,0,46,55,47,39,38,45,38,46,43,46,49,44,30,50,47,48,41,38,42,42,49,41,38,38,46,51,66,40,45,43,43,43,43,48,44,45,49,45,47,63,45,42,35,41,47,39,48,37,46,45,48,44,45,49,41,44,42,43,47,44,36,46,43,40,43,70,73,43,51,36,48,48,46,48,46,45,52,40,49,42,47,43,43,56,43,47,45,141,38,48,52,43,51,39,28,45,37,47,36,45,50,38,37,35,43,48,47,52,47,47,43,43,35,48,45,54,55,41,48,37,49,45,46,38,51,47,44,30,41,45,42,50,45,48,25,35,41,41,52,47,46,44,46,45,51,47,34,67,44,45,44,18,32,42,96,44,41,43,63,38,27,46,42,38,53,55,45,41,46,52,36,42,46,44,39,38,46,48,41,39,44,55,42,41,45,75,38,42,33,51,46,44,40,43,47,39,40,54,45,55,46,48,48,43,44,37,49,96,56,40,42,44,42,43,50,50,36,47,44,48,44,43,42,45,45,24,50,48,45,34,29,39,43,46,59,47,46,46,40,49,44,48,52,48,39,48,41,46,47,47,43,47,41,42,41,42,47,44,47,42,42,47,47,26,37,37,45,45,45,47,47,49,39,47,107,37,42,48,42,43,51,42,43,52,42,43,48,20,38,44,45,44,47,41,51,46,48,49,47,54,45,43,35,87,48,41,44,45,39,50
17,97,39,32,15,15,34,34,37,19,13,37,29,7,42,23,38,22,15,18,17,38,16,31,12,36,43,5,15,22,12,15,11,16,70,17,21,31,46,0,46,16,12,47,24,13,15,10,16,11,14,33,25,59,35,41,16,25,43,18,21,37,48,15,25,71,11,20,35,17,10,16,27,20,30,32,30,9,64,19,15,26,15,15,28,28,30,50,11,19,12,15,24,20,20,39,14,61,13,26,16,38,19,13,74,74,16,49,48,2,31,19,18,14,15,40,15,33,48,15,17,14,36,16,18,16,139,15,47,47,13,22,59,29,18,42,22,29,16,18,15,28,28,14,29,29,17,19,16,18,21,24,26,17,24,56,25,26,31,8,26,16,38,12,16,31,45,11,11,56,25,51,24,34,48,43,15,51,16,4,4,50,9,22,24,33,66,11,15,23,38,41,15,109,10,12,34,61,26,29,32,18,26,38,36,17,20,16,45,28,12,39,30,30,46,41,17,20,18,2,54,14,9,14,91,27,19,29,35,20,32,31,40,14,12,39,30,20,43,47,22,18,17,35,32,40,93,42,28,30,27,41,22,40,23,31,18,32,22,34,36,18,33,17,36,44,31,41,35,40,36,32,17,56,33,15,15,15,30,34,30,55,37,22,29,18,16,11,16,4,13,19,10,16,23,14,15,14,44,34,17,11,19,12,30,10,29,28,14,22,16,33,22,111,18,45,4,12,45,28,27,15,15,13,12,15,21,16,6,22,26,16,15,19,42,13,17,12,37,13,24,16,94,16,25,32,10,25,17
42,99,45,52,43,45,47,46,55,42,45,36,53,41,48,52,49,42,35,41,47,49,45,36,45,49,51,42,42,46,40,41,44,48,69,43,44,44,55,46,0,45,49,50,41,48,42,49,44,48,44,49,46,61,43,43,42,49,49,46,26,48,52,43,41,60,48,42,44,46,45,44,37,47,48,47,48,47,66,36,43,45,43,42,44,34,35,58,45,35,45,44,43,43,43,50,43,67,42,48,44,44,44,44,62,79,45,60,54,49,39,51,46,45,42,61,43,52,53,43,41,49,52,30,43,45,133,47,50,56,43,46,66,46,45,46,41,46,46,47,47,50,47,46,44,49,47,50,45,42,37,41,42,45,41,51,47,44,51,48,48,44,52,50,44,42,59,41,45,58,39,52,57,50,50,43,43,61,44,43,44,59,45,45,57,45,69,46,44,41,47,48,47,113,48,47,59,67,50,52,45,45,46,51,49,45,49,44,55,44,47,46,47,45,51,35,44,36,49,49,51,44,49,47,96,52,46,46,40,37,50,42,56,49,49,57,48,42,49,40,49,46,40,43,54,45,100,53,46,48,51,51,43,47,40,49,46,50,44,34,40,45,41,43,49,48,51,48,53,43,48,45,45,61,41,47,43,48,38,35,37,66,45,49,36,33,44,48,44,50,43,44,47,48,46,37,37,45,60,50,49,47,50,48,46,49,53,50,46,40,44,48,49,119,47,53,49,31,49,39,41,44,42,42,49,49,51,43,49,49,41,45,48,48,45,45,45,49,46,44,39,50,107,41,51,54,50,45,44
10,98,41,33,5,17,38,29,39,22,11,45,30,24,42,25,42,23,11,16,8,40,6,29,15,35,43,14,16,27,8,10,12,18,67,7,24,34,47,16,45,0,13,48,26,14,7,13,8,17,6,34,23,54,36,42,24,25,48,11,18,35,45,6,32,70,16,15,33,13,12,6,25,18,31,35,32,9,65,24,6,25,6,7,28,29,31,51,8,22,13,6,23,22,4,38,6,56,10,29,6,40,20,7,72,75,4,56,51,12,36,24,8,4,23,44,19,28,46,7,24,13,35,9,10,5,137,20,51,51,4,21,56,34,11,48,20,25,11,16,19,29,32,14,30,31,20,22,6,23,19,25,22,7,26,56,16,29,34,18,25,8,38,19,7,32,45,17,17,61,27,49,32,37,49,43,10,46,5,19,16,47,8,28,27,40,71,18,6,25,38,45,12,107,16,12,37,62,29,31,27,7,28,37,33,7,20,7,46,33,20,44,28,33,47,38,20,19,15,16,56,27,10,16,91,29,19,30,31,22,34,31,39,16,13,37,27,15,41,49,21,8,20,28,34,41,91,41,34,27,29,39,24,44,26,33,8,34,25,34,41,7,37,7,40,34,33,42,39,42,33,28,7,55,37,22,7,10,33,34,29,57,39,18,32,12,7,17,7,14,20,20,9,11,27,15,10,10,44,36,26,20,24,18,31,12,32,25,18,27,6,29,23,110,15,45,13,17,40,32,34,6,23,9,16,19,27,27,17,17,26,16,9,18,37,3,5,15,39,7,28,25,92,24,25,27,14,29,10
16,96,38,30,13,11,34,26,27,14,2,40,29,22,45,23,31,25,11,4,19,36,15,33,7,38,44,2,8,11,14,14,6,12,69,12,14,27,39,12,49,13,0,42,21,2,16,12,14,14,14,30,23,57,33,40,17,15,44,15,15,35,45,12,23,71,1,19,28,14,6,13,27,18,28,29,27,13,60,16,14,24,12,14,28,19,22,48,13,16,14,16,14,14,14,37,12,62,12,19,14,39,18,16,70,74,15,51,44,12,29,15,16,14,11,40,8,32,35,13,13,7,40,13,14,13,140,7,49,45,14,21,51,23,16,47,22,18,17,18,10,27,29,14,29,24,14,19,17,19,22,25,13,14,25,54,19,24,25,14,22,14,32,22,15,29,45,15,3,56,21,45,30,35,48,45,15,48,15,12,10,44,11,23,25,30,73,8,14,17,35,42,14,105,8,7,33,59,24,27,29,14,23,36,36,14,21,16,45,34,5,39,28,30,43,31,17,19,14,12,56,19,6,17,86,24,13,25,31,16,34,32,33,9,1,33,28,19,42,44,20,16,17,30,31,44,86,42,25,30,30,32,21,37,21,34,16,34,18,37,39,14,32,12,33,42,25,38,34,37,34,27,14,54,38,21,13,11,28,37,23,53,34,19,25,16,16,7,15,12,9,23,8,17,24,12,13,15,45,32,23,13,18,5,30,5,22,26,15,22,15,29,23,112,15,44,12,16,44,35,23,14,13,15,7,20,24,17,5,16,25,17,11,19,36,16,11,14,42,12,19,15,92,12,22,27,12,23,17
52,110,41,32,45,47,44,46,59,49,49,52,44,38,45,54,33,45,42,47,46,35,50,55,47,57,54,46,43,49,47,46,43,47,49,49,45,50,38,47,50,48,42,0,44,40,47,47,50,48,45,32,52,53,50,43,49,45,50,49,47,49,43,49,43,61,47,48,54,44,50,48,46,50,22,22,21,48,46,45,48,41,46,48,44,47,46,54,42,51,49,47,41,42,43,52,44,65,44,41,50,40,42,40,65,72,48,57,46,51,41,52,53,48,41,46,36,47,50,50,45,52,56,41,50,48,144,39,45,46,46,55,62,35,50,43,56,43,50,51,46,38,44,48,47,43,48,57,49,41,52,49,45,50,49,53,50,45,17,50,49,50,35,53,48,45,28,49,46,71,53,49,40,50,48,39,40,59,49,49,53,43,47,49,38,16,78,47,48,48,46,48,43,111,45,48,47,70,39,47,43,49,47,51,54,50,53,50,58,22,36,21,55,52,51,44,47,48,49,47,53,42,47,51,85,39,40,55,47,50,47,38,21,51,46,48,54,48,60,56,55,53,53,47,57,43,93,59,48,45,34,38,50,44,48,22,53,47,46,54,45,49,42,48,18,50,49,52,26,36,49,48,53,58,50,43,47,50,46,54,50,52,46,48,52,42,50,40,48,52,46,49,45,50,32,44,43,52,33,38,53,46,40,45,36,49,46,50,47,46,49,54,51,108,45,50,49,48,49,47,44,39,43,50,48,53,49,40,51,51,45,50,46,51,53,51,49,50,55,47,47,46,91,45,51,51,53,24,49
27,98,30,33,21,20,22,30,38,27,22,46,31,14,38,23,41,25,25,20,28,37,27,27,22,43,49,17,13,23,26,24,24,26,56,26,25,36,45,24,41,26,21,44,0,19,24,20,27,19,25,36,15,54,27,26,19,18,46,25,26,33,46,26,15,70,18,19,27,26,20,24,19,25,36,38,36,25,54,13,22,24,22,27,24,25,28,44,24,13,23,26,22,19,23,39,29,57,20,34,27,40,14,25,76,71,24,41,41,24,24,23,25,25,16,47,19,35,39,27,26,23,36,23,26,24,127,18,43,53,24,32,56,26,27,36,29,22,24,28,17,33,18,19,25,34,19,20,28,15,23,15,12,24,18,52,25,23,39,21,19,27,27,22,26,26,41,25,25,54,16,54,39,34,38,42,21,51,25,20,12,50,25,20,31,37,54,23,27,15,40,44,25,110,18,19,42,47,35,30,20,26,24,41,39,24,19,27,47,26,14,41,24,20,34,27,28,21,19,20,53,28,20,25,93,35,18,18,28,13,37,26,45,24,25,43,21,19,42,43,29,25,23,32,31,25,90,44,24,23,30,31,19,41,11,26,25,37,15,35,33,26,21,24,39,29,37,41,42,44,26,25,26,56,31,22,27,19,18,35,27,59,31,21,31,20,27,27,26,17,22,27,24,26,26,20,19,29,47,30,27,19,16,20,21,22,23,32,20,12,26,36,29,112,19,30,24,22,27,24,19,26,23,25,21,20,31,22,22,22,21,23,19,28,32,26,29,21,39,25,16,21,92,14,23,30,18,30,29
19,98,37,29,14,15,33,30,37,11,4,45,30,18,41,23,33,26,15,5,19,35,17,33,12,36,40,3,7,20,15,16,8,16,63,14,12,29,38,13,48,14,2,40,19,0,17,16,14,9,16,29,25,53,31,39,18,26,44,16,13,37,44,14,28,65,2,19,25,12,7,15,29,19,33,36,32,13,61,14,16,22,18,14,26,24,26,47,16,7,16,12,12,7,14,38,12,64,15,25,14,38,10,16,67,70,17,51,41,12,30,20,18,14,13,43,6,29,39,15,12,13,38,15,15,17,141,6,55,44,11,24,52,24,16,45,23,22,19,16,8,28,26,15,32,30,16,20,15,11,16,23,13,15,22,51,18,28,24,13,25,14,33,17,15,27,46,16,4,61,19,46,29,37,46,42,14,49,15,12,13,50,16,26,29,33,73,12,14,16,37,40,13,102,10,16,38,57,23,27,24,18,20,38,35,15,20,14,46,29,4,39,25,32,44,29,18,21,17,16,50,21,8,18,88,23,12,31,36,14,34,28,36,14,10,38,29,19,42,42,27,18,18,30,30,43,88,41,24,27,27,33,20,39,15,29,18,34,18,38,38,18,29,15,31,44,28,31,31,38,33,28,18,56,38,15,14,13,31,38,28,52,34,20,26,16,14,10,15,17,10,19,12,19,27,14,15,18,47,29,23,20,21,14,28,10,21,23,12,22,17,32,22,112,20,41,14,18,44,32,27,18,15,16,13,15,29,8,10,13,20,17,9,16,35,17,15,13,42,14,20,23,91,16,21,28,12,27,17
8,97,42,32,8,18,38,34,40,24,16,45,34,18,44,27,38,25,9,19,11,38,11,23,11,40,43,15,17,24,6,10,14,18,69,5,19,33,46,15,42,7,16,47,24,17,0,15,7,19,12,39,21,54,32,42,25,27,47,14,18,35,46,6,24,66,14,20,28,13,14,5,26,22,34,36,35,11,65,15,10,27,8,5,28,24,31,49,8,17,10,7,22,19,5,39,8,60,9,28,7,38,21,15,68,73,8,54,46,16,32,26,14,10,17,46,20,34,43,6,25,17,35,8,6,7,136,16,49,53,10,25,58,29,11,47,21,26,9,16,15,30,34,11,29,32,20,19,12,17,20,26,23,9,27,57,24,26,35,17,23,7,35,19,7,27,48,15,18,60,20,51,36,37,41,43,11,48,9,17,13,49,10,26,32,37,68,16,9,19,36,43,12,108,19,13,40,59,30,30,30,11,28,40,38,9,21,8,45,30,18,42,28,34,45,34,21,24,16,15,51,24,16,19,93,32,21,31,31,17,38,31,43,17,18,41,28,20,43,48,27,14,21,35,30,39,92,45,34,30,31,39,20,40,22,30,14,38,21,35,35,11,31,7,39,39,35,37,40,42,34,25,12,57,36,23,5,13,27,35,22,59,40,22,28,13,7,17,7,19,18,20,12,12,28,14,7,10,46,34,24,18,26,19,31,19,34,23,11,25,7,32,24,112,19,46,19,8,41,33,32,12,21,15,15,21,26,24,19,21,20,6,14,18,36,11,8,19,40,4,23,25,90,18,29,32,19,27,4
17,93,40,36,17,7,37,33,37,18,16,39,31,7,36,18,37,22,18,17,18,40,13,33,13,34,42,6,17,17,17,16,9,17,70,15,24,27,43,10,49,13,12,47,20,16,15,0,16,3,14,31,28,56,33,43,16,22,47,18,20,39,48,14,23,72,12,18,33,16,15,16,20,14,32,34,32,5,61,19,18,26,16,16,28,26,27,50,15,15,17,16,23,23,15,38,15,63,16,24,14,39,16,16,74,70,16,51,48,1,32,21,17,15,17,45,22,31,49,14,9,16,37,16,16,15,141,20,50,47,16,22,59,24,15,45,24,22,16,15,15,22,27,18,30,25,21,16,15,17,22,26,21,17,23,56,19,19,31,15,26,16,37,8,16,23,47,17,3,55,17,52,26,33,43,43,18,48,13,11,8,50,15,22,24,38,68,15,18,11,40,47,15,109,9,15,36,58,22,33,28,13,31,36,35,17,24,15,44,30,11,39,23,38,44,38,9,21,18,1,56,24,12,13,90,22,21,24,39,13,30,33,38,14,14,36,21,18,40,47,21,17,22,36,31,38,91,41,25,30,26,36,25,39,23,26,17,30,18,36,41,13,34,17,38,45,30,42,33,43,35,27,17,58,28,19,16,2,23,36,32,57,38,22,31,17,15,17,16,2,11,20,4,16,27,13,17,17,42,30,22,19,22,17,22,7,30,29,16,13,16,32,21,112,20,43,15,18,41,32,22,14,17,12,7,7,22,19,5,13,22,19,2,14,42,15,15,2,38,17,22,10,94,15,27,33,2,26,14
8,97,44,36,9,19,41,32,37,24,14,45,32,25,44,28,39,28,11,16,13,41,11,28,15,39,44,16,18,24,8,14,15,20,69,8,22,35,46,16,44,8,14,50,27,14,7,16,0,18,13,41,26,57,37,45,26,27,48,9,15,35,45,9,31,69,14,23,38,13,12,4,30,22,34,35,33,13,65,24,10,26,7,9,28,31,31,52,10,24,13,7,25,22,9,42,8,62,13,29,2,42,24,15,71,78,7,54,49,16,34,26,9,7,22,44,22,35,47,4,27,14,41,9,9,8,136,19,55,53,11,22,57,35,9,49,23,27,9,13,19,31,32,14,34,33,20,18,5,25,25,28,25,7,30,56,23,26,35,18,25,3,39,20,3,35,45,14,18,61,26,51,37,39,48,43,10,50,4,18,18,47,10,28,33,38,70,18,9,24,38,46,11,108,20,14,41,61,30,32,35,9,30,40,36,7,25,3,48,37,19,43,26,34,46,37,22,25,17,16,54,26,14,23,93,30,22,34,33,24,39,33,41,18,16,39,30,23,42,48,24,9,22,37,29,40,93,45,34,30,30,41,24,45,25,37,9,39,27,39,44,9,36,9,41,38,33,41,41,45,40,31,7,57,34,25,5,13,30,39,28,60,40,19,33,12,1,18,3,18,20,23,13,15,28,17,11,12,46,38,27,20,27,17,32,18,34,27,19,29,5,30,24,109,17,47,17,15,41,34,32,13,22,11,18,20,28,27,18,22,29,16,13,11,38,7,7,18,40,4,30,24,92,25,27,33,18,31,6
19,91,39,33,14,10,36,31,28,14,14,42,32,6,30,28,37,10,20,13,19,33,17,33,14,39,43,14,21,14,18,17,11,16,70,19,21,28,49,11,48,17,14,48,19,9,19,3,18,0,17,40,22,58,29,37,17,22,42,20,16,37,46,18,16,70,13,18,31,16,18,18,18,17,34,36,34,15,63,18,19,22,17,18,27,26,31,51,16,6,19,15,11,11,19,39,15,59,19,18,16,37,20,15,75,73,16,52,50,14,31,8,14,17,8,41,27,31,48,15,22,18,36,18,20,16,141,20,50,52,16,20,62,34,14,42,22,24,20,16,18,29,21,17,29,29,10,8,16,17,23,23,21,15,19,57,23,12,31,2,28,18,39,12,18,27,46,14,10,63,25,52,27,35,43,47,16,47,16,9,7,50,16,25,26,38,67,2,20,8,40,43,20,107,13,8,31,58,29,30,32,18,29,35,34,15,22,16,43,30,16,43,26,35,46,30,18,22,19,16,53,27,12,20,94,30,10,30,36,15,19,32,44,6,14,42,17,18,42,48,17,14,15,28,32,28,91,42,23,23,32,36,21,41,12,33,14,19,12,37,39,18,26,19,39,45,32,40,40,42,38,35,15,57,33,21,12,11,16,37,30,58,34,21,32,20,17,4,18,12,8,22,12,20,29,16,19,19,47,35,20,8,26,19,26,6,18,31,19,15,14,36,22,110,22,48,10,16,43,30,23,18,21,14,14,6,29,12,11,13,19,13,10,14,41,16,17,2,35,16,27,14,92,7,27,33,6,29,19
14,95,35,29,9,19,32,31,41,14,15,47,29,23,42,31,41,24,9,18,6,35,12,29,10,40,46,13,17,25,11,9,12,18,70,11,22,28,44,14,44,6,14,45,25,16,12,14,13,17,0,36,23,52,33,42,25,23,47,14,16,36,41,11,28,68,11,14,32,11,9,12,31,18,37,33,37,9,66,23,10,27,9,11,26,27,26,49,12,25,6,11,13,14,6,39,7,56,6,29,13,36,23,6,70,76,9,52,51,18,32,28,12,10,19,45,20,30,40,12,24,11,39,7,11,11,137,14,47,53,9,23,59,32,11,47,16,24,5,12,15,30,34,13,29,36,20,20,12,21,19,24,20,14,31,53,16,29,34,22,25,13,33,22,10,33,46,7,15,63,25,47,36,42,44,38,6,48,12,17,10,47,12,27,31,34,71,17,11,26,38,46,6,109,18,12,39,62,29,28,27,10,28,42,34,14,19,13,46,36,18,42,21,30,43,32,20,16,11,13,53,28,13,21,89,30,20,25,29,22,37,28,38,17,16,36,27,14,46,43,26,12,15,23,24,37,94,45,28,24,30,38,16,41,24,34,12,37,26,33,40,10,34,11,40,38,29,37,39,42,30,22,12,57,32,19,11,14,31,33,24,59,36,23,27,8,13,16,10,19,21,11,13,10,28,8,6,8,43,29,26,20,24,14,30,17,34,25,17,24,10,27,22,108,19,42,16,15,37,35,30,2,18,8,16,20,30,20,17,20,28,15,11,16,35,13,11,18,39,10,28,20,90,22,25,30,18,25,11
40,101,39,32,39,31,28,37,35,38,31,43,36,33,41,28,32,31,38,29,37,34,39,40,35,45,44,30,30,32,36,40,35,33,62,39,35,36,30,33,49,34,30,32,36,29,39,31,41,40,36,0,40,62,43,38,31,36,43,39,36,31,37,39,40,61,27,36,29,29,31,34,35,40,14,32,13,36,60,39,36,25,33,36,39,35,32,40,37,38,36,38,37,40,36,30,35,61,35,24,41,17,25,35,66,75,35,60,42,39,41,39,39,32,32,41,20,35,36,40,38,36,47,32,37,35,143,26,45,41,33,40,42,25,40,48,37,29,38,37,31,14,38,34,33,19,38,39,42,34,35,21,35,40,38,59,36,39,13,40,33,41,27,41,36,39,41,34,36,59,39,46,33,35,44,37,32,54,40,41,40,45,38,34,31,22,76,39,35,35,39,41,32,105,33,37,39,60,15,35,32,34,24,47,43,40,33,41,55,15,28,34,37,31,45,28,32,31,35,39,49,37,29,37,82,15,35,30,41,39,18,29,29,36,37,25,41,36,43,48,41,39,38,32,37,44,89,47,34,25,15,17,44,38,41,15,38,18,38,36,35,34,21,38,29,35,33,43,37,38,38,31,39,58,31,35,35,32,37,36,33,52,38,36,39,34,41,37,36,40,33,29,35,40,14,36,37,34,39,35,40,31,27,31,35,33,32,29,32,36,36,39,36,107,26,47,39,34,25,34,37,34,39,29,32,37,29,35,33,33,42,36,32,38,30,35,40,42,51,37,38,37,84,41,29,30,39,12,37
25,93,43,33,20,18,34,33,38,17,23,37,33,24,39,31,39,22,24,18,25,39,24,28,23,37,42,25,21,28,20,21,23,25,65,24,19,33,50,25,46,23,23,52,15,25,21,28,26,22,23,40,0,58,36,46,23,14,45,25,22,36,46,24,29,71,25,19,34,14,26,22,28,21,36,37,36,24,69,22,20,29,21,21,24,29,35,52,25,21,26,22,18,18,20,43,22,60,18,34,26,38,22,23,67,80,23,53,49,26,31,22,25,22,24,43,21,34,39,25,26,21,39,20,24,24,140,17,54,50,21,25,60,27,27,43,12,29,24,28,23,31,36,22,29,30,18,25,25,21,14,27,25,27,23,53,23,18,33,28,26,26,37,28,25,34,41,20,18,65,28,53,32,43,53,44,23,48,26,26,25,48,25,25,26,39,74,26,23,19,38,45,23,110,23,24,40,64,28,34,33,26,22,42,32,27,19,26,44,32,26,41,26,38,42,37,22,20,25,26,59,20,25,27,91,28,17,30,27,22,41,27,44,26,24,41,30,19,48,41,17,25,15,31,32,38,90,45,30,29,32,36,18,46,27,32,25,41,22,34,46,26,33,21,35,35,36,37,45,37,39,29,25,59,30,21,24,26,29,32,21,61,31,17,23,23,26,21,25,28,19,21,25,20,31,22,23,24,48,34,29,21,22,16,17,28,25,27,29,26,25,31,23,112,14,39,26,23,40,30,29,19,23,23,26,23,34,22,24,22,27,21,26,27,42,23,25,25,39,23,26,24,87,23,28,26,21,30,26
59,101,52,59,52,57,45,47,56,61,56,55,54,45,55,45,60,61,52,58,59,47,61,55,49,66,66,55,53,56,54,54,57,53,72,57,55,50,47,59,61,54,57,53,54,53,54,56,57,58,52,62,58,0,47,38,52,60,64,61,54,60,62,57,49,67,54,58,53,56,56,57,60,58,59,55,60,54,55,55,55,54,53,56,53,61,48,57,57,51,55,59,53,56,52,49,58,54,55,58,57,57,52,53,70,51,57,63,64,59,52,64,61,57,56,64,52,60,54,56,55,55,60,57,58,58,140,48,53,62,55,63,57,55,58,49,61,56,58,58,52,61,53,54,59,65,58,60,58,56,59,56,46,62,57,56,59,58,62,56,53,57,60,57,59,54,47,54,58,46,53,58,60,49,60,52,52,70,56,52,58,54,56,57,63,61,28,59,59,52,55,62,57,95,55,56,59,33,59,44,59,59,53,64,60,62,60,57,71,53,53,55,55,44,53,51,57,55,58,53,53,57,52,58,86,55,56,43,62,52,49,54,57,62,54,60,57,58,70,64,62,61,59,61,60,49,91,66,48,58,53,49,55,49,50,52,61,49,48,63,55,59,51,57,59,63,58,60,57,57,31,48,61,64,55,58,58,56,45,61,57,64,50,61,56,57,57,58,59,60,59,54,57,56,57,54,55,60,65,47,55,51,61,56,61,59,46,62,57,50,59,54,57,119,57,47,61,59,40,58,54,58,54,59,53,61,45,54,62,49,52,57,58,58,59,58,57,59,58,56,60,56,99,46,60,64,56,55,59
36,98,43,34,37,28,23,34,47,40,32,37,38,17,42,34,44,32,32,30,38,40,37,37,35,32,41,28,24,31,36,36,34,32,69,35,31,15,48,35,43,36,33,50,27,31,32,33,37,29,33,43,36,47,0,13,31,28,51,39,34,38,54,35,23,70,33,32,26,37,32,35,32,38,43,41,44,36,61,22,33,20,36,34,21,22,30,52,37,25,37,37,24,23,30,40,37,61,34,37,37,43,32,33,70,71,37,48,48,32,22,27,39,36,26,54,28,34,52,36,21,33,39,32,34,35,138,26,56,54,35,36,57,31,37,35,36,35,36,39,27,36,18,32,25,37,25,34,38,24,35,23,26,39,20,48,37,23,38,21,35,37,36,21,37,38,44,35,28,41,18,54,39,41,50,42,36,53,36,32,33,49,37,29,32,38,68,26,36,18,45,52,32,111,35,36,42,64,36,33,22,37,21,44,41,39,35,37,48,29,28,47,31,18,31,25,26,28,38,37,57,21,36,30,93,32,34,10,33,19,40,32,46,21,31,47,32,32,43,48,37,39,39,35,35,25,100,44,28,20,30,28,33,41,25,35,39,40,20,40,32,37,21,35,42,39,35,35,50,43,30,30,39,66,29,28,36,28,20,40,35,57,41,36,35,35,37,30,37,30,29,28,35,31,37,35,36,37,55,35,33,29,29,29,25,25,27,35,32,16,36,38,37,117,30,33,33,35,27,33,20,34,35,39,23,24,42,33,24,32,29,34,28,38,23,36,37,23,43,36,31,27,93,22,32,40,33,41,36
43,93,42,37,42,30,37,21,39,43,39,33,42,39,19,41,39,38,40,43,44,30,43,50,31,49,42,38,34,40,43,45,39,28,66,43,43,31,41,41,43,42,40,43,26,39,42,43,45,37,42,38,46,38,13,0,34,25,42,45,42,39,45,43,30,60,34,42,37,40,30,41,30,40,33,32,33,40,43,35,41,21,42,42,38,42,36,50,43,39,43,40,39,38,42,32,39,61,41,20,45,32,37,44,63,62,42,43,47,36,22,33,45,38,25,52,37,41,48,44,41,39,40,39,43,42,139,36,53,50,41,42,58,29,46,40,40,40,44,46,35,42,32,42,37,33,41,46,44,35,40,35,21,44,34,48,40,41,34,38,35,45,33,35,41,39,33,42,44,42,31,55,43,43,27,32,41,55,43,38,41,37,42,38,35,35,57,33,40,31,30,33,44,110,36,40,37,42,44,44,45,43,25,44,44,44,45,45,53,36,25,44,37,32,26,23,43,43,46,45,59,28,43,39,85,44,40,30,38,35,22,38,40,29,37,43,41,42,51,42,44,45,40,44,47,29,88,46,26,42,28,46,40,35,23,40,45,22,37,46,34,43,32,41,39,51,42,41,40,38,18,40,45,62,27,34,43,44,20,37,41,56,33,40,43,42,45,44,41,41,41,42,40,40,28,45,45,42,48,30,43,31,31,36,39,37,43,46,40,35,41,38,47,111,39,36,42,42,38,26,38,41,32,42,37,44,40,32,34,36,33,47,42,45,27,41,39,30,50,42,28,34,84,25,38,48,31,25,44
25,94,35,30,25,18,33,34,33,11,15,40,30,7,35,26,30,18,23,18,27,38,20,32,23,38,41,14,15,17,19,25,19,18,67,24,17,25,38,16,42,24,17,49,19,18,25,16,26,17,25,31,23,52,31,34,0,14,26,24,17,32,40,24,14,62,14,28,32,20,19,18,12,16,31,32,30,23,63,9,25,14,17,23,23,31,18,43,20,11,24,20,12,11,25,39,24,57,23,16,26,35,7,24,66,75,19,56,39,18,16,23,25,24,21,40,10,33,34,25,21,20,42,21,24,19,137,9,47,38,17,23,63,22,19,40,24,23,25,20,13,25,22,26,17,25,7,24,21,18,19,21,18,23,29,53,21,15,23,9,25,26,35,12,25,27,45,24,12,53,22,48,29,30,46,40,25,48,22,8,18,47,22,24,21,32,68,8,25,17,39,43,23,104,21,10,34,63,32,29,29,20,17,35,40,23,21,26,48,37,14,33,26,37,42,20,10,22,22,18,59,26,15,23,88,26,18,30,30,18,37,31,38,18,21,36,24,28,44,45,22,25,24,33,36,31,88,45,15,29,29,38,20,41,13,37,25,37,15,33,40,20,20,23,35,44,35,34,34,35,41,28,22,54,33,19,24,13,15,33,25,53,24,15,32,17,26,17,25,21,13,21,22,24,30,25,25,25,45,27,20,25,20,15,27,17,15,27,19,18,25,31,30,107,18,45,26,25,45,21,30,24,23,16,18,23,27,11,17,24,22,27,17,25,41,19,25,19,42,20,24,16,86,8,25,33,8,28,26
28,100,38,29,28,10,31,28,33,19,21,23,28,23,46,22,37,21,27,14,23,35,25,31,27,37,43,17,11,19,27,27,25,20,67,25,29,19,42,25,49,25,15,45,18,26,27,22,27,22,23,36,14,60,28,25,14,0,37,26,23,34,45,25,27,71,18,30,30,27,27,25,20,25,32,42,33,24,66,21,25,18,25,26,22,25,20,38,28,24,22,24,7,8,28,33,26,61,20,30,27,37,21,25,70,80,23,50,52,21,21,20,26,24,10,47,14,35,38,26,20,23,40,26,25,24,137,18,49,47,23,22,47,25,29,45,27,23,28,22,18,30,23,24,17,19,18,23,26,16,22,27,13,27,31,55,26,14,28,17,26,27,35,18,28,32,38,23,22,55,21,51,34,36,46,48,22,48,27,12,26,45,26,27,27,37,68,13,27,11,36,41,23,105,23,25,32,64,28,26,32,27,27,39,36,27,27,27,49,37,11,41,20,31,41,27,9,22,26,20,56,8,24,27,92,28,26,36,36,26,36,36,39,12,22,39,28,30,40,50,32,26,18,40,27,24,89,41,29,20,26,36,29,30,27,37,26,36,20,37,42,27,33,25,45,45,32,39,40,34,32,11,27,57,32,12,28,19,28,37,27,55,32,18,33,21,27,10,28,15,11,19,22,24,17,28,28,22,44,32,23,10,11,20,32,22,24,28,22,15,28,29,32,113,22,40,27,25,41,25,26,21,22,18,14,29,27,20,12,17,13,22,25,23,34,26,28,21,38,26,26,25,91,17,17,36,12,28,27
49,106,43,41,46,46,40,45,43,46,50,38,45,44,45,44,43,26,45,37,47,39,48,47,47,43,52,45,50,40,46,49,47,43,64,48,45,30,42,43,49,48,44,50,46,44,47,47,48,42,47,43,45,64,51,42,26,37,0,49,39,37,48,48,44,68,46,46,45,35,46,47,31,41,41,42,40,46,71,41,47,30,46,45,46,44,32,44,46,47,43,48,44,42,45,45,47,54,48,45,48,33,35,48,70,78,45,60,53,42,36,43,47,46,45,53,40,44,48,47,44,43,47,45,47,49,144,42,60,44,45,45,54,34,47,39,39,40,46,50,39,49,47,46,37,48,43,47,49,42,45,35,46,46,45,58,47,38,43,41,43,48,37,40,45,47,43,45,39,53,50,54,48,48,49,36,43,57,47,46,48,33,47,45,43,40,78,42,43,39,49,40,47,116,46,46,48,74,41,46,33,48,48,50,43,46,46,48,60,50,46,36,47,46,46,51,34,39,47,42,57,43,47,50,91,45,40,42,44,49,44,39,43,48,44,39,45,46,48,52,50,47,38,47,47,38,92,54,36,38,40,46,42,49,50,46,47,44,44,47,41,48,35,48,37,57,40,51,42,44,51,42,46,61,41,45,46,48,38,48,42,53,41,44,47,42,48,45,45,43,36,45,47,48,46,51,50,47,47,37,42,35,45,46,34,48,30,49,49,45,45,47,50,110,43,45,49,49,34,37,44,43,48,43,49,50,46,47,48,50,48,48,46,53,47,49,47,45,53,45,52,43,81,49,44,53,46,44,49
12,95,45,35,11,24,39,33,38,25,17,46,33,27,48,30,41,27,17,16,14,42,7,30,15,38,45,18,22,23,11,13,15,20,72,13,21,36,49,18,46,11,15,49,25,16,14,18,9,20,14,39,25,61,39,45,24,26,49,0,17,36,46,13,33,70,18,22,40,13,14,10,25,19,34,38,35,13,67,25,12,26,10,9,32,32,34,56,10,25,15,10,27,27,11,42,13,62,12,31,9,45,24,15,74,78,13,58,53,18,36,24,4,10,27,46,18,35,49,8,29,17,41,13,13,11,140,24,55,54,10,22,59,33,7,46,21,28,12,15,22,33,35,13,36,33,23,23,9,25,21,30,31,7,31,57,22,30,36,21,27,9,40,21,14,34,46,20,18,63,26,52,36,40,50,44,10,51,10,21,16,46,12,30,32,42,72,21,7,27,39,46,13,109,20,16,40,65,33,28,33,7,32,41,37,7,21,14,48,37,21,44,30,34,42,39,22,25,14,18,55,28,15,22,94,33,22,33,33,25,38,34,42,20,19,40,31,22,45,50,24,4,23,36,34,41,94,42,34,34,31,42,25,47,31,37,5,38,29,39,42,7,39,13,45,39,34,44,41,44,34,30,6,60,36,25,14,16,34,39,30,59,38,22,33,15,14,18,14,19,21,24,13,15,29,19,12,11,48,38,25,23,27,22,32,19,35,29,18,29,14,31,25,110,20,46,17,20,43,34,32,14,27,15,15,21,30,29,19,23,27,12,16,14,40,10,12,20,44,12,29,24,93,27,29,31,20,30,14
18,95,40,32,18,23,34,34,37,16,14,45,34,20,40,31,36,30,14,16,20,35,15,21,15,38,45,15,18,22,14,16,18,16,68,15,11,28,41,21,26,18,15,47,26,13,18,20,15,16,16,36,22,54,34,42,17,23,39,17,0,31,43,19,29,69,15,23,40,8,14,19,23,17,36,41,36,20,64,22,15,24,15,18,20,26,26,49,17,23,17,19,16,17,18,39,15,59,17,24,16,41,19,11,71,73,16,53,45,21,33,26,17,20,17,43,17,34,42,19,23,11,40,9,19,17,137,16,46,48,19,19,56,27,16,46,18,25,19,17,17,32,37,17,31,33,17,18,20,18,21,29,23,16,26,55,15,23,29,19,20,19,35,19,12,28,45,21,18,60,21,50,30,43,45,40,19,49,19,18,20,44,18,26,32,34,70,17,9,23,38,47,19,109,17,19,39,62,32,30,29,12,25,42,37,16,18,19,46,32,14,41,23,30,50,37,22,12,10,21,53,30,16,15,92,33,22,31,30,17,35,29,43,13,17,38,27,23,42,42,28,17,14,26,25,41,92,47,30,32,33,35,15,42,21,32,16,35,20,27,38,12,35,18,40,36,34,41,39,36,31,25,17,58,33,22,16,22,29,27,22,58,33,17,28,6,15,13,12,18,17,16,20,17,28,18,18,19,48,33,25,17,27,18,29,15,31,25,15,26,20,24,23,110,18,45,20,13,46,31,31,16,18,9,16,19,28,20,15,20,25,14,22,14,38,17,20,18,39,19,25,22,87,19,29,25,18,29,20
37,95,35,34,33,39,29,38,42,32,33,42,37,36,44,36,39,34,33,31,38,36,37,37,38,41,37,36,34,34,34,37,33,36,67,33,30,34,38,37,48,35,35,49,33,37,35,39,35,37,36,31,36,60,38,39,32,34,37,36,31,0,26,33,38,56,33,38,38,29,34,33,38,33,39,38,39,34,66,39,32,33,32,34,37,37,34,49,34,39,36,31,37,37,32,37,32,57,37,39,35,32,34,36,67,78,34,56,36,39,29,40,36,33,32,52,35,28,41,34,36,32,41,32,34,34,132,31,50,48,32,39,59,33,34,38,37,38,35,37,35,41,33,36,35,39,32,41,36,36,34,31,36,34,42,52,25,31,39,39,25,35,34,38,32,39,31,32,35,56,42,45,42,34,44,22,35,46,35,36,38,30,36,37,41,31,70,38,32,40,33,43,33,105,36,37,44,63,42,34,40,33,33,38,40,34,32,35,44,45,36,40,27,32,51,36,33,37,31,38,48,30,37,39,89,42,37,33,40,39,47,38,34,34,34,27,40,38,42,38,42,36,28,19,38,25,90,44,40,32,35,31,34,44,40,45,36,47,40,28,37,33,25,33,37,36,37,33,42,29,41,37,35,56,37,40,33,36,35,27,26,57,42,33,24,34,35,34,32,38,39,26,34,33,40,35,34,33,48,33,38,36,37,35,38,33,31,32,41,38,32,34,41,111,32,46,34,35,30,38,38,31,40,32,36,36,39,33,34,38,39,36,36,38,42,34,33,38,48,32,44,38,81,39,33,23,36,37,37
47,92,50,42,43,46,39,48,52,42,45,42,45,46,47,48,53,44,45,40,43,48,47,52,46,52,55,44,46,44,46,45,43,44,56,43,44,41,38,48,52,45,45,43,46,44,46,48,45,46,41,37,46,62,54,45,40,45,48,46,43,26,0,43,47,67,45,43,47,40,46,43,44,43,50,50,50,44,70,49,41,40,43,44,47,45,45,52,42,49,45,42,42,43,45,46,40,55,45,48,45,49,39,43,66,77,42,53,43,46,43,52,46,39,43,54,43,42,46,44,51,42,53,44,44,42,139,39,50,50,43,50,62,48,44,35,44,48,44,47,47,50,44,48,45,44,45,51,46,46,50,46,44,44,53,46,30,42,48,49,34,45,45,51,42,47,41,42,45,58,49,34,51,51,51,43,45,49,45,45,45,39,44,42,49,45,71,46,43,47,48,50,40,105,44,46,54,61,50,48,46,43,37,49,51,44,42,45,55,47,45,48,38,41,48,42,43,39,35,46,47,41,44,49,83,51,47,44,43,49,52,41,38,45,42,47,50,43,58,36,43,46,44,31,45,45,93,52,34,34,50,38,37,47,50,48,46,52,49,40,53,43,41,43,39,49,50,52,45,40,52,46,47,50,50,48,42,46,47,40,38,51,45,36,42,43,45,42,42,49,43,38,43,38,50,46,43,43,47,49,50,44,36,45,42,47,40,46,50,50,42,50,43,112,41,45,46,45,38,41,45,41,48,43,43,49,50,46,44,45,47,51,46,48,44,46,41,47,53,42,55,35,86,49,47,34,45,43,47
6,95,41,34,4,18,38,30,39,18,11,43,30,23,44,28,36,24,11,16,10,40,8,27,13,36,42,16,15,22,8,12,14,18,69,1,21,33,46,15,43,6,12,49,26,14,6,14,9,18,11,39,24,57,35,43,24,25,48,13,19,33,43,0,30,69,15,20,35,13,13,7,28,20,33,34,33,11,65,24,8,26,8,2,27,30,33,50,8,24,11,7,23,21,7,38,8,62,10,28,8,42,22,12,71,74,5,53,48,16,35,25,7,4,22,44,20,30,45,1,24,13,36,9,4,4,135,19,53,51,9,22,57,31,6,47,21,25,9,13,18,30,31,13,31,33,18,20,10,22,23,28,24,5,31,54,22,26,31,19,23,9,36,21,6,30,43,16,18,60,27,49,35,39,48,41,10,48,3,16,17,45,9,26,31,36,69,19,9,24,38,46,13,107,19,13,37,60,28,31,33,6,28,37,35,5,23,8,47,34,21,41,23,32,46,35,20,23,15,17,55,25,11,19,91,28,20,32,33,24,35,33,39,17,15,37,29,20,42,47,22,7,20,35,29,38,93,42,32,28,28,39,22,44,25,34,7,35,25,37,41,6,36,4,41,40,31,37,39,40,38,27,7,57,34,21,2,14,30,37,27,57,38,19,29,14,3,16,6,16,20,21,11,13,26,15,9,11,44,36,24,18,25,17,31,15,32,25,19,28,2,30,22,107,19,42,16,13,41,34,31,13,20,8,16,20,28,26,16,20,26,14,11,11,37,7,4,18,37,6,28,24,90,23,27,31,15,28,5
29,96,45,34,28,19,34,32,43,30,23,48,35,11,37,31,45,14,29,24,27,35,33,27,29,41,49,26,23,30,28,26,24,27,69,30,30,39,51,25,41,32,23,43,15,28,24,23,31,16,28,40,29,49,23,30,14,27,44,33,29,38,47,30,0,68,17,21,28,31,26,31,17,27,36,37,37,26,48,19,30,23,28,29,28,16,21,46,32,11,32,30,27,29,26,42,28,58,24,24,31,41,16,25,71,65,32,43,41,30,25,26,33,27,13,50,23,39,45,30,23,29,40,29,30,32,132,23,52,55,31,34,58,32,33,38,29,31,31,33,21,34,23,29,29,32,25,21,32,14,25,19,9,32,23,55,33,13,33,22,28,31,32,25,31,30,41,30,30,55,21,56,39,42,44,40,26,55,31,22,22,44,32,24,33,46,59,11,30,11,34,43,29,110,22,22,40,56,31,30,22,32,26,43,40,32,20,31,44,36,10,44,25,24,31,28,17,30,31,27,57,21,24,24,95,34,22,20,33,12,34,35,32,12,30,32,17,21,46,43,29,33,30,33,31,26,93,48,17,25,34,25,29,41,16,33,33,34,17,31,28,32,21,30,38,34,39,42,44,46,32,26,32,65,28,16,30,23,16,30,15,59,34,28,23,26,31,13,31,12,12,20,24,29,32,25,27,33,53,37,30,12,28,24,32,22,26,34,19,12,31,35,30,116,33,34,26,24,31,31,25,31,21,32,17,17,31,25,12,17,18,24,25,33,34,31,31,17,44,31,16,30,97,12,26,33,26,29,28
68,101,43,62,71,67,67,71,69,68,71,70,66,65,54,67,69,64,67,65,70,56,70,74,68,68,70,69,65,66,66,71,70,70,67,69,66,62,66,71,60,70,71,61,70,65,66,72,69,70,68,61,71,67,70,60,62,71,68,70,69,56,67,69,68,0,64,76,64,64,69,69,60,68,70,70,71,68,64,61,68,64,67,68,67,70,64,56,68,62,65,70,67,68,67,72,66,54,70,59,69,70,59,69,2,59,69,67,54,71,64,67,70,69,69,68,63,67,66,69,68,69,70,67,68,69,144,66,73,64,66,75,63,64,72,30,69,68,68,71,63,64,67,70,74,69,66,71,70,71,66,62,65,71,68,60,70,68,65,72,58,69,60,73,69,71,60,69,70,60,70,61,68,65,59,57,69,70,69,69,71,61,69,70,68,67,60,70,69,68,71,67,70,107,72,71,69,76,67,66,61,68,64,74,67,71,69,69,70,64,65,66,69,62,72,67,66,61,69,71,70,68,68,68,93,67,69,62,64,69,62,64,57,68,70,64,72,76,70,65,74,70,62,66,69,66,92,66,60,69,69,65,69,56,61,62,70,62,61,63,55,68,68,69,69,72,70,63,71,68,65,69,71,73,67,68,68,70,68,66,66,50,70,64,71,70,69,67,69,72,70,62,70,69,64,70,69,70,76,52,69,62,63,69,64,71,68,70,73,69,69,71,76,121,64,60,71,67,59,68,69,67,68,62,69,72,62,61,71,68,69,72,70,72,57,70,69,72,71,67,69,70,100,70,68,68,69,66,68
16,99,35,27,16,13,29,24,37,15,2,42,31,15,36,21,33,20,11,5,16,35,13,32,10,39,44,1,9,12,12,16,14,11,67,15,14,32,40,11,48,16,1,47,18,2,14,12,14,13,11,27,25,54,33,34,14,18,46,18,15,33,45,15,17,64,0,25,30,13,5,14,21,17,35,32,34,15,65,7,12,18,10,13,22,18,24,47,11,7,15,14,17,17,13,35,14,59,14,21,16,38,17,14,71,71,15,47,47,6,36,20,16,15,8,44,8,34,42,15,16,8,35,13,16,13,139,6,54,50,12,21,54,24,16,45,24,25,16,19,9,28,29,16,33,25,15,23,17,14,26,20,20,15,15,54,20,26,26,18,23,16,35,16,17,28,48,13,8,55,14,49,27,31,44,47,14,50,16,12,11,48,15,17,23,31,70,11,11,13,39,44,12,105,14,9,34,60,27,25,28,16,24,37,35,15,23,16,39,29,4,37,29,28,42,35,16,18,14,6,53,21,6,16,87,27,13,24,32,7,32,32,32,9,2,34,28,25,42,43,22,16,20,34,26,39,89,43,26,26,27,36,20,35,12,29,16,32,17,37,39,16,28,13,33,43,32,41,35,34,37,30,17,56,35,20,12,3,24,37,28,50,39,22,30,13,16,12,17,18,14,18,10,18,29,16,16,16,44,30,21,14,18,6,31,9,27,26,11,21,17,30,23,112,13,42,6,16,39,33,28,16,8,14,9,8,26,11,13,15,18,15,3,18,36,15,15,10,39,12,14,16,90,15,21,31,16,25,14
22,95,48,34,20,21,39,32,44,18,26,41,35,13,42,32,34,24,25,22,23,39,21,30,23,43,48,25,20,30,20,16,24,24,64,21,21,33,45,20,42,15,19,48,19,19,20,18,23,18,14,36,19,58,32,42,28,30,46,22,23,38,43,20,21,76,25,0,31,12,23,19,32,12,34,35,35,24,70,17,17,27,18,21,23,26,37,49,22,17,25,22,21,21,19,46,20,61,9,34,17,41,27,15,78,73,17,48,52,21,35,23,20,22,20,48,27,29,49,16,22,13,35,12,21,18,137,22,38,51,21,17,59,24,17,42,16,29,24,22,24,34,30,16,18,32,15,24,18,18,18,22,22,15,29,54,16,33,35,24,18,23,35,22,22,29,43,17,18,61,22,51,32,42,43,45,19,39,16,22,22,47,22,27,26,36,66,24,19,17,41,41,15,110,24,22,40,62,35,34,31,21,31,39,39,15,8,17,42,33,19,42,16,28,47,20,20,22,15,25,54,28,24,26,88,35,22,28,33,17,39,24,45,25,17,43,34,0,45,44,20,20,24,15,30,41,89,40,25,34,34,37,9,44,20,33,21,39,19,23,40,21,35,20,39,22,37,39,42,40,27,30,16,54,24,23,18,26,33,22,26,61,26,14,32,17,22,21,22,22,18,17,24,15,32,12,10,21,52,36,29,16,25,25,27,22,34,22,20,29,20,36,18,108,15,46,25,16,41,29,18,15,21,22,25,23,35,29,22,24,24,17,25,17,25,17,20,24,34,19,22,20,88,18,31,28,21,33,23
36,100,41,31,34,37,26,30,40,37,31,38,34,26,37,33,42,31,31,32,26,42,35,37,23,49,48,30,28,28,33,27,29,33,64,35,37,30,43,35,44,33,28,54,27,25,28,33,38,31,32,29,34,53,26,37,32,30,45,40,40,38,47,35,28,64,30,31,0,25,25,34,32,35,35,46,35,29,60,30,32,30,30,37,26,9,30,50,37,26,28,34,29,28,31,44,35,64,35,27,38,40,27,32,69,73,34,44,56,33,18,30,38,35,24,56,34,34,51,36,28,37,43,32,34,33,142,28,52,54,32,38,59,28,35,39,34,34,34,36,28,26,26,36,25,39,31,32,39,22,35,26,24,38,41,63,31,32,35,31,30,38,33,29,34,24,41,34,34,50,27,56,32,36,46,40,34,54,35,30,31,58,38,27,37,33,69,32,38,31,39,49,29,107,29,33,41,66,29,32,22,36,21,41,36,38,31,38,49,41,30,42,25,30,38,34,35,29,28,24,58,34,32,33,85,29,30,20,25,22,25,34,40,30,36,41,35,38,47,33,41,38,32,28,27,24,95,46,21,25,25,31,27,48,31,40,38,25,30,39,34,36,22,36,38,47,30,44,41,38,28,34,38,60,25,35,30,34,23,37,30,58,27,23,34,35,38,30,34,34,32,27,33,35,26,37,30,31,50,31,36,35,31,26,29,30,33,28,22,28,34,25,29,116,35,35,35,28,30,32,24,36,30,31,32,30,24,29,34,27,30,33,32,37,33,33,36,33,37,36,32,32,86,23,28,31,30,38,31
16,92,40,28,12,19,37,30,41,19,12,40,33,22,44,26,40,25,11,19,14,37,15,30,11,36,43,13,17,20,11,10,12,16,63,13,17,35,43,17,46,13,14,44,26,12,13,16,13,16,11,29,14,56,37,40,20,27,35,13,8,29,40,13,31,64,13,12,25,0,11,11,26,17,32,35,31,13,64,22,14,25,9,14,25,25,24,48,9,24,8,13,14,16,13,41,7,58,10,25,13,36,19,7,71,80,15,56,49,15,27,29,13,7,15,40,16,22,44,14,26,15,37,7,13,10,140,11,46,52,10,21,57,33,16,45,10,22,16,13,22,27,33,10,31,27,13,19,14,18,23,18,29,14,29,51,15,28,32,19,20,13,34,20,10,31,42,17,18,62,27,44,29,31,45,41,11,44,13,18,12,39,12,24,26,34,71,20,8,23,37,42,10,104,20,14,30,66,30,31,29,13,26,41,35,14,17,13,46,32,16,36,23,34,38,33,22,16,7,15,48,27,9,17,92,28,23,37,22,23,38,28,43,18,14,41,31,16,45,43,20,13,18,27,36,32,91,45,32,32,27,41,18,42,24,33,12,38,29,28,41,13,29,11,31,32,29,37,37,40,40,28,11,52,26,19,11,13,32,28,24,54,28,12,19,7,13,16,10,17,20,9,14,5,23,13,13,10,43,31,24,19,20,17,31,18,33,20,18,29,10,28,20,106,9,41,17,11,36,33,30,10,23,10,15,16,25,24,18,17,24,13,13,16,38,10,14,19,40,11,26,26,88,20,19,24,16,26,16
15,99,42,30,12,19,36,27,38,21,6,44,31,16,38,26,39,19,9,12,15,36,13,30,1,37,42,6,16,22,8,13,8,14,70,13,20,33,43,10,45,12,6,50,20,7,14,15,12,18,9,31,26,56,32,30,19,27,46,14,14,34,46,13,26,69,5,23,25,11,0,14,27,18,38,35,38,11,64,19,11,25,11,13,19,15,25,53,13,18,8,10,18,18,12,40,12,59,10,28,12,42,15,13,70,74,12,53,51,15,34,21,13,13,17,41,17,34,49,15,13,11,36,13,14,12,138,15,53,53,11,21,57,26,12,44,20,28,13,13,12,32,30,12,32,31,19,22,13,19,17,21,16,13,24,56,24,28,33,17,26,12,36,21,15,29,46,13,17,58,18,51,34,35,41,44,11,50,14,19,14,49,12,22,26,36,69,14,9,22,35,45,13,109,17,11,34,65,28,30,34,13,26,39,38,13,22,16,41,32,11,40,27,36,44,36,24,19,18,15,54,27,6,19,88,28,15,33,26,15,37,32,41,17,13,41,27,23,43,50,21,13,21,33,27,39,90,45,29,34,33,36,22,40,16,32,13,37,18,32,42,13,34,14,39,37,33,42,39,44,33,26,14,58,37,18,12,11,32,32,28,55,35,21,32,13,12,15,15,19,19,22,10,15,31,14,13,14,44,34,26,18,19,15,35,16,30,27,10,25,15,31,24,109,15,46,15,16,41,33,33,7,17,14,12,15,26,21,17,14,19,13,9,21,38,12,14,17,40,12,21,22,93,18,28,32,17,25,13
8,94,43,33,6,19,34,31,40,18,13,42,31,24,45,28,40,23,9,15,11,39,8,28,12,38,42,14,17,23,7,10,13,17,66,7,23,32,43,16,44,6,13,48,24,15,5,16,4,18,12,34,22,57,35,41,18,25,47,10,19,33,43,7,31,69,14,19,34,11,14,0,29,16,34,38,33,10,65,24,11,23,5,3,27,28,29,51,6,24,12,6,23,23,7,39,6,59,12,28,4,39,21,9,71,76,5,54,49,16,33,27,10,6,22,46,20,32,45,8,26,11,37,7,7,6,136,19,52,50,3,24,55,32,9,47,22,25,7,16,18,28,33,9,31,34,18,21,12,20,22,26,25,7,30,53,21,25,32,19,26,4,37,20,5,32,43,16,17,61,27,49,34,39,48,41,8,47,2,17,17,45,8,25,30,39,71,19,8,23,39,45,9,105,17,12,38,62,29,32,34,8,29,38,36,7,22,4,48,33,21,42,25,32,44,38,22,23,15,16,54,27,13,20,90,29,20,31,34,24,39,30,40,17,13,38,30,19,42,47,25,10,20,34,35,40,91,44,30,28,29,38,23,44,26,33,10,39,27,36,40,8,34,6,40,41,31,36,40,42,33,29,7,55,33,23,7,12,29,36,28,57,34,19,31,15,4,15,5,18,20,21,9,14,27,13,11,9,44,35,26,20,23,18,31,16,31,22,18,29,5,31,22,110,15,45,16,12,39,33,31,10,23,12,15,20,28,27,16,18,25,14,12,18,38,6,9,18,41,3,30,24,92,24,27,31,18,29,8
31,92,38,26,24,15,23,36,30,24,25,34,32,18,41,29,34,12,23,14,28,32,24,27,30,37,44,21,13,17,28,25,24,29,59,28,28,16,48,27,37,25,27,46,19,29,26,20,30,18,31,35,28,60,32,30,12,20,31,25,23,38,44,28,17,60,21,32,32,26,27,29,0,25,32,32,31,28,63,13,25,14,24,28,28,30,25,41,27,13,22,29,19,18,23,39,27,61,26,26,30,41,10,23,63,76,26,54,38,28,19,21,25,29,27,43,15,33,47,28,27,26,34,21,31,30,134,14,54,52,26,35,47,17,23,39,24,23,29,23,28,23,18,25,14,26,15,25,29,26,30,9,17,31,18,52,24,10,25,21,24,30,37,26,27,27,34,30,14,65,22,49,33,36,47,25,26,49,27,16,23,36,29,24,22,32,65,18,24,24,28,42,25,107,30,23,40,56,26,25,19,24,22,40,35,31,26,30,52,35,25,35,36,20,35,19,15,27,25,28,55,26,29,30,87,22,23,18,26,14,30,30,45,26,24,44,27,27,44,49,31,25,28,33,29,20,92,44,18,20,25,27,25,40,26,38,24,30,25,31,38,24,16,28,37,37,29,36,38,32,31,17,30,54,24,17,27,26,12,31,24,57,32,23,26,19,30,26,27,17,28,18,25,30,20,26,25,30,38,31,30,23,20,13,22,28,24,29,26,25,27,26,31,109,24,38,29,26,32,23,23,26,23,23,29,23,27,32,28,21,24,21,27,24,27,30,27,23,43,28,29,18,87,20,21,28,19,25,28
21,101,43,28,20,19,38,30,39,8,16,43,30,24,43,28,33,26,16,14,19,38,18,30,20,36,44,17,18,25,22,15,14,20,67,20,14,31,44,20,47,18,18,50,25,19,22,14,22,17,18,40,21,58,38,40,16,25,41,19,17,33,43,20,27,68,17,12,35,17,18,16,25,0,31,31,32,21,66,16,19,22,18,18,28,30,29,50,20,16,22,19,17,17,20,36,17,59,19,29,22,41,19,21,68,81,20,54,49,20,37,18,23,20,16,49,19,30,37,21,18,10,35,18,20,20,140,16,55,45,18,23,60,31,19,47,21,24,19,22,13,27,27,19,31,30,13,24,23,18,20,26,28,22,29,49,18,23,28,21,23,22,35,16,21,27,48,20,11,55,27,45,34,40,49,42,18,50,19,20,20,45,20,23,27,39,72,21,18,21,42,42,19,103,20,21,39,65,28,27,29,18,28,36,30,22,17,22,44,31,13,39,23,36,43,33,17,16,15,18,53,22,16,16,90,28,18,33,37,16,37,29,36,20,14,32,30,11,45,41,15,23,14,26,29,39,95,46,27,31,30,38,21,40,20,31,23,37,24,37,42,18,33,15,42,41,31,38,40,38,38,28,20,51,35,22,21,20,30,37,27,53,33,19,27,18,22,17,21,22,14,20,17,18,28,13,16,20,42,33,25,15,19,16,26,16,29,24,22,29,21,22,15,113,13,41,20,21,40,34,33,17,20,19,18,18,28,22,16,17,24,20,17,23,34,19,20,20,42,21,24,20,90,20,24,29,16,28,21
38,107,38,32,36,29,29,34,36,35,36,48,32,34,40,39,5,31,35,26,37,36,34,44,39,34,36,34,26,32,38,39,35,31,68,34,36,29,45,30,48,31,28,22,36,33,34,32,34,34,37,14,36,59,43,33,31,32,41,34,36,39,50,33,36,70,35,34,35,32,38,34,32,31,0,3,1,36,49,40,39,27,35,33,40,36,31,50,37,36,37,35,33,36,33,33,37,64,40,21,32,34,33,38,70,73,33,53,38,34,37,37,32,36,36,30,29,34,36,32,32,30,40,37,36,34,146,27,42,41,36,42,60,25,33,51,38,31,37,38,33,8,39,40,39,14,27,39,33,37,42,26,37,31,39,57,34,34,8,35,31,34,34,39,35,28,39,36,30,62,33,52,32,38,51,32,37,53,30,37,33,48,36,33,32,13,77,34,39,31,38,49,33,107,37,30,34,66,9,28,36,38,39,38,34,31,39,32,48,15,38,9,44,32,46,35,28,36,34,37,56,32,30,37,75,9,33,33,37,42,26,36,13,33,31,28,38,31,38,44,40,32,35,40,36,43,95,41,35,30,13,34,39,40,34,17,33,26,37,41,41,38,38,35,10,44,25,45,31,32,41,37,32,60,25,32,34,30,42,41,36,55,36,35,39,36,33,28,35,32,35,35,37,33,12,41,36,39,24,26,34,34,34,26,34,35,40,43,36,37,33,34,44,113,35,49,37,38,44,37,37,37,36,30,30,35,36,38,35,28,33,34,34,35,39,33,36,33,44,35,38,33,93,38,37,42,33,11,36
40,108,39,36,38,32,31,39,35,35,37,41,28,35,32,38,2,33,37,27,38,38,39,41,37,36,39,32,27,33,36,37,37,35,71,35,39,36,49,32,47,35,29,22,38,36,36,34,35,36,33,32,37,55,41,32,32,42,42,38,41,38,50,34,37,70,32,35,46,35,35,38,32,31,3,0,2,38,54,37,37,29,37,36,44,39,33,48,37,44,41,35,39,40,39,34,36,64,42,21,33,33,35,35,71,69,38,53,36,35,37,35,35,37,30,23,30,34,39,34,36,34,38,37,38,37,146,29,42,50,35,42,59,26,31,50,38,31,39,32,37,10,36,40,33,16,31,40,31,43,44,35,42,33,36,60,38,35,9,37,33,35,39,39,36,36,42,39,29,62,38,54,38,40,47,30,41,54,33,39,35,47,37,37,33,13,77,36,39,32,38,49,38,108,37,32,33,65,11,29,38,38,40,34,38,33,42,32,47,10,38,6,41,43,46,32,28,39,34,39,58,36,32,39,76,11,39,26,39,42,16,36,15,35,32,13,41,38,34,50,42,35,35,42,29,41,97,38,38,38,15,28,38,40,39,12,35,16,42,35,42,38,37,37,10,45,21,45,21,25,35,43,32,61,30,36,36,32,42,35,39,57,37,38,39,37,34,29,36,34,30,39,37,39,14,42,39,36,28,34,34,33,35,29,37,37,39,42,40,37,34,34,43,115,32,46,39,41,42,37,36,39,40,31,34,39,39,39,39,34,39,34,36,39,41,33,38,35,39,36,42,34,97,40,36,42,35,12,38
38,107,39,33,36,28,30,35,36,34,35,47,31,34,40,38,4,31,35,25,38,37,34,45,39,34,36,35,27,33,38,39,35,31,68,34,36,29,45,30,48,32,27,21,36,32,35,32,33,34,37,13,36,60,44,33,30,33,40,35,36,39,50,33,37,71,34,35,35,31,38,33,31,32,1,2,0,36,49,40,39,27,35,34,40,37,30,49,37,36,37,35,34,35,34,33,36,64,41,21,31,33,33,38,70,73,34,53,37,34,36,37,33,35,36,30,28,33,35,32,33,31,39,37,36,33,146,27,42,41,36,42,60,24,32,51,38,31,37,37,32,8,39,40,38,14,26,39,32,37,42,26,38,32,39,57,35,33,7,35,31,33,34,39,35,28,40,36,29,62,34,52,31,39,52,32,37,53,31,37,33,47,36,34,31,12,77,34,39,30,38,49,34,107,37,30,34,66,9,27,37,38,38,38,33,32,39,31,48,16,38,8,44,33,45,36,27,36,33,37,56,33,30,37,74,9,33,34,37,42,26,36,14,33,32,28,38,32,38,44,40,33,35,40,35,43,94,41,34,31,13,34,39,41,35,18,32,26,37,41,42,38,37,35,9,45,25,45,30,32,42,37,31,60,25,32,34,30,42,41,36,55,36,36,39,36,32,27,35,32,34,34,37,34,12,42,36,39,25,27,34,33,33,25,33,35,40,43,36,37,32,33,44,113,36,49,37,38,44,37,37,38,37,29,30,35,37,38,35,28,33,33,34,34,40,32,36,33,44,35,38,32,93,38,37,42,33,10,36
12,98,43,29,11,15,36,32,38,23,4,46,26,18,45,26,38,23,12,17,10,39,11,31,15,38,42,15,21,24,11,12,11,12,69,11,19,34,47,9,47,9,13,48,25,13,11,5,13,15,9,36,24,54,36,40,23,24,46,13,20,34,44,11,26,68,15,24,29,13,11,10,28,21,36,38,36,0,65,18,13,28,13,12,22,23,27,53,12,20,9,11,23,22,10,36,11,61,14,28,13,39,21,12,71,79,12,53,52,5,31,19,12,11,21,42,25,30,45,13,25,16,39,12,9,11,141,21,55,52,10,24,56,34,13,46,21,26,9,17,19,30,31,12,29,29,17,18,13,17,22,29,26,13,23,56,20,25,36,15,24,13,37,17,12,30,46,13,17,57,19,51,31,37,47,45,11,49,12,16,15,47,10,27,25,41,74,13,12,21,39,47,11,104,11,9,37,66,26,32,30,12,28,40,35,13,21,12,48,34,13,42,28,37,47,35,19,21,13,5,57,26,8,17,90,26,14,30,32,18,36,32,42,15,16,40,26,24,41,48,21,12,21,32,32,39,91,45,31,32,28,38,21,37,18,30,12,36,23,35,37,12,33,10,40,42,29,40,39,42,34,26,14,57,35,17,12,13,31,35,30,54,36,23,27,15,12,15,12,13,17,20,1,14,26,19,14,8,43,35,23,15,23,18,27,13,33,25,14,26,12,31,22,113,19,46,9,18,42,35,31,13,20,14,10,19,26,20,13,15,24,16,13,21,38,11,12,17,40,12,26,21,94,20,25,28,15,28,11
65,101,71,59,65,67,56,66,73,66,62,69,66,59,59,55,56,67,62,63,69,58,64,68,64,72,77,65,61,65,63,68,61,66,52,65,66,60,63,64,66,65,60,46,54,61,65,61,65,63,66,60,69,55,61,43,63,66,71,67,64,66,70,65,48,64,65,70,60,64,64,65,63,66,49,54,49,65,0,57,63,67,63,61,70,63,66,69,65,53,63,66,64,67,64,71,64,65,65,57,65,63,69,63,71,64,64,46,60,66,45,70,67,64,61,66,65,69,70,64,57,65,68,58,64,63,122,66,71,67,65,68,58,60,66,62,68,69,66,69,60,56,64,67,64,64,66,65,67,61,67,60,55,65,64,62,72,61,54,65,66,65,57,64,66,70,58,67,64,54,53,70,61,66,57,65,64,68,65,65,62,70,65,60,65,58,57,66,64,61,66,69,69,112,63,59,67,52,56,58,59,65,64,75,70,65,66,66,80,52,59,63,68,61,46,69,65,67,64,64,68,58,67,62,82,56,68,66,69,53,48,64,48,62,63,48,69,66,79,58,67,67,65,67,66,55,94,74,62,65,45,68,66,64,65,56,67,48,67,69,52,65,60,65,63,70,71,66,52,55,66,65,65,73,59,60,64,60,55,64,69,69,76,67,66,65,66,65,66,66,63,63,63,66,51,70,68,65,58,61,60,58,68,62,61,62,59,71,60,53,66,69,71,117,68,59,66,63,59,70,59,65,60,65,61,66,61,62,62,57,61,68,61,70,58,66,67,66,71,64,62,66,104,56,66,73,66,54,64
23,89,37,37,19,15,29,33,38,16,9,38,32,6,36,29,38,12,20,17,26,35,24,28,19,41,46,8,13,24,20,20,17,20,64,24,18,28,45,19,36,24,16,45,13,14,15,19,24,18,23,39,22,55,22,35,9,21,41,25,22,39,49,24,19,61,7,17,30,22,19,24,13,16,40,37,40,18,57,0,21,20,20,22,20,14,29,44,21,2,22,22,10,10,18,41,22,60,18,28,24,42,7,15,66,73,22,46,45,20,14,23,24,21,7,45,14,33,48,24,15,24,41,18,21,22,135,10,52,50,23,24,62,27,24,36,22,27,24,25,11,34,27,18,17,23,5,12,24,5,27,12,9,23,12,58,26,18,29,9,20,24,34,19,24,27,38,22,12,52,6,49,32,33,39,39,17,51,24,9,15,45,22,23,30,36,65,12,22,6,42,47,25,108,17,15,40,55,33,28,22,24,22,41,36,23,24,23,46,25,9,42,29,20,35,22,5,20,19,15,47,18,23,14,86,34,10,18,33,1,27,32,37,16,22,35,25,20,42,52,17,24,18,33,26,29,89,40,20,20,24,27,18,38,12,27,24,27,16,34,29,24,19,23,35,35,34,43,35,43,27,24,23,58,27,19,23,8,16,34,18,57,41,26,33,22,23,7,24,17,17,11,16,24,29,19,20,25,49,33,22,16,13,13,21,14,26,29,10,8,24,34,21,111,22,46,12,14,45,20,16,25,14,25,7,17,25,12,13,17,10,18,17,26,38,23,23,10,37,22,12,12,90,11,28,30,6,31,19
12,95,38,35,8,20,40,33,39,21,12,46,32,21,44,27,41,22,7,17,8,38,11,28,10,40,44,11,14,26,8,8,15,17,71,10,22,26,42,15,43,6,14,48,22,16,10,18,10,19,10,36,20,55,33,41,25,25,47,12,15,32,41,8,30,68,12,17,32,14,11,11,25,19,39,37,39,13,63,21,0,27,6,6,22,23,28,47,5,24,13,8,19,20,7,39,9,60,9,32,10,45,24,7,70,76,6,52,49,17,35,21,12,10,14,44,22,32,47,10,26,14,39,8,10,8,133,17,47,53,8,23,60,32,9,46,21,25,8,16,19,28,33,12,34,34,16,20,13,22,22,23,25,11,32,56,24,27,35,18,20,10,39,22,11,33,43,11,16,59,27,49,34,38,45,41,5,48,10,20,15,44,8,31,29,39,67,19,6,24,42,43,16,108,17,12,38,56,28,32,28,7,30,39,36,11,20,12,42,37,18,42,30,32,46,34,19,21,18,17,52,25,12,20,93,28,19,31,36,19,40,32,38,19,15,36,31,21,44,45,24,12,19,30,33,41,92,44,32,27,30,41,23,43,24,36,13,40,26,33,38,7,37,9,42,35,35,38,39,45,37,28,10,57,34,23,10,14,31,33,27,58,35,22,24,9,12,13,11,19,18,17,10,15,27,14,7,7,42,35,26,16,25,20,31,19,34,27,18,24,11,34,23,111,19,40,17,11,41,33,34,7,18,16,17,23,29,24,19,22,26,17,14,20,35,11,8,19,41,7,29,23,93,24,29,31,17,27,11
29,92,22,25,26,17,27,20,31,18,27,27,34,29,31,17,30,13,24,11,25,35,28,35,25,36,41,18,23,10,24,28,21,24,64,26,21,32,35,26,45,25,24,41,24,22,27,26,26,22,27,25,29,54,20,21,14,18,30,26,24,33,40,26,23,64,18,27,30,25,25,23,14,22,27,29,27,28,67,20,27,0,23,26,23,18,19,46,23,25,26,23,13,10,28,35,25,54,27,22,26,30,13,25,66,71,25,52,36,26,14,24,26,22,29,40,9,22,28,27,20,24,43,22,28,23,134,10,48,39,24,30,43,20,25,28,26,9,25,30,24,21,18,25,18,16,24,24,27,16,29,8,25,27,29,53,22,10,24,19,24,26,27,28,27,28,27,29,25,52,27,47,27,35,38,29,26,44,25,26,21,36,27,26,24,35,67,24,26,23,37,36,28,102,24,22,29,59,20,24,12,26,14,36,31,27,25,26,44,25,19,35,28,15,30,19,14,23,24,20,57,10,20,28,84,22,26,13,29,25,27,21,31,22,25,29,26,31,43,41,29,26,28,30,29,30,91,46,17,21,21,26,26,35,19,25,25,27,15,27,34,26,19,25,31,33,28,41,36,31,16,28,24,57,16,21,27,19,17,27,27,52,30,24,27,26,26,24,27,19,21,27,25,26,10,26,23,28,42,28,27,19,10,21,18,18,19,25,28,16,27,22,31,109,27,42,26,30,31,24,13,20,21,25,19,29,22,25,12,24,26,32,25,31,29,23,29,29,40,25,28,9,86,25,21,26,18,25,30
10,92,40,33,5,21,37,29,40,20,12,42,31,21,41,27,37,24,8,15,10,38,6,28,9,40,42,9,14,21,4,10,10,16,69,8,17,34,41,15,43,6,12,46,22,18,8,16,7,17,9,33,21,53,36,42,17,25,46,10,15,32,43,8,28,67,10,18,30,9,11,5,24,18,35,37,35,13,63,20,6,23,0,7,21,30,26,47,4,21,11,3,19,19,4,38,4,55,9,25,7,40,19,6,67,78,3,53,46,16,34,24,10,8,20,43,17,34,43,8,24,8,40,5,7,3,132,19,52,45,2,21,55,32,10,47,21,24,7,14,19,29,31,17,32,30,20,22,6,18,23,24,22,8,27,56,25,26,31,18,23,7,35,19,8,32,43,11,16,61,23,49,33,39,43,40,5,47,7,16,15,43,6,27,29,39,66,17,4,21,37,44,8,107,17,10,37,61,29,29,35,6,26,38,36,8,20,7,47,30,16,44,27,35,45,34,20,19,12,16,53,27,12,18,91,31,20,31,31,20,35,30,41,18,10,39,29,19,42,48,25,10,15,32,31,39,92,44,27,28,30,39,22,39,24,31,10,35,22,34,42,6,36,5,42,36,30,41,38,41,33,23,8,55,36,21,8,11,33,34,28,57,33,17,29,7,7,15,8,20,16,20,10,13,28,13,7,10,42,30,26,17,20,19,27,16,26,22,16,27,8,29,22,112,13,40,17,14,43,29,32,9,19,8,14,19,24,27,16,21,24,11,15,12,40,4,6,19,39,5,26,18,89,19,25,27,16,27,9
6,99,41,34,8,19,37,33,39,19,13,44,31,23,40,29,37,24,11,17,11,39,8,26,12,39,41,14,17,25,7,11,14,17,69,2,20,33,47,15,42,7,14,48,27,14,5,16,9,18,11,36,21,56,34,42,23,26,45,9,18,34,44,2,29,68,13,21,37,14,13,3,28,18,33,36,34,12,61,22,6,26,7,0,26,29,33,49,6,21,9,7,22,20,7,40,8,62,12,27,9,42,23,10,70,72,5,54,48,17,33,24,9,9,21,44,20,31,45,3,22,12,37,13,3,9,136,19,52,51,8,23,58,31,8,47,21,25,9,15,19,30,33,11,29,34,17,20,11,21,21,27,22,5,30,55,23,24,32,19,27,9,36,21,7,32,44,15,15,58,24,50,32,40,47,42,10,47,8,19,16,49,7,25,28,38,68,18,7,24,38,43,11,107,19,12,37,60,27,31,32,8,29,38,36,5,20,9,48,34,18,42,28,33,46,37,21,23,16,17,55,27,13,20,91,28,20,33,33,21,34,33,39,18,14,37,29,21,41,47,24,9,19,35,34,37,92,44,32,32,29,39,23,42,22,34,9,34,25,34,41,8,33,3,40,40,33,39,39,43,35,28,8,57,35,20,6,14,28,34,26,57,38,21,27,13,9,15,7,19,17,20,11,15,26,14,10,10,44,34,25,17,25,18,29,18,32,25,17,27,6,31,23,109,19,42,17,13,42,33,31,10,20,12,16,20,29,26,17,20,26,14,14,17,38,8,6,19,39,4,28,24,92,22,26,31,17,30,7
28,100,42,29,23,18,29,35,46,25,25,42,37,28,42,32,40,26,26,22,20,42,24,29,19,38,47,21,16,18,29,21,22,26,59,27,26,15,39,28,44,28,28,44,24,26,28,28,28,27,26,39,24,53,21,38,23,22,46,32,20,37,47,27,28,67,22,23,26,25,19,27,28,28,40,44,40,22,70,20,22,23,21,26,0,23,22,51,24,23,29,26,18,17,21,40,29,60,22,30,28,39,20,24,67,78,27,54,47,29,31,27,32,27,16,42,26,34,50,28,30,30,38,24,25,27,143,20,54,53,25,30,53,29,29,44,26,35,27,31,23,28,28,29,29,31,31,22,30,26,28,20,19,31,29,61,20,26,39,29,24,28,36,25,29,35,49,25,30,61,15,53,37,43,50,48,25,51,29,26,31,50,26,23,33,39,73,26,25,20,40,44,19,114,27,27,40,64,35,34,23,26,22,39,38,31,21,29,50,35,22,43,24,22,36,32,27,20,23,27,59,18,27,25,90,35,23,24,30,28,38,34,42,29,26,40,25,21,50,53,30,32,22,31,27,37,93,45,22,26,34,31,24,36,24,34,32,38,23,36,40,26,30,25,36,42,39,35,48,44,30,23,31,62,36,26,28,23,20,36,25,55,37,25,36,25,29,29,29,31,30,26,21,19,32,21,19,26,47,31,31,28,23,25,27,24,36,22,16,25,29,28,16,110,23,39,23,28,35,32,25,27,17,22,21,28,28,18,26,25,24,31,29,32,31,25,29,26,42,27,24,15,97,19,30,28,28,36,27
29,101,43,37,25,23,37,29,43,31,23,45,39,14,46,31,36,23,29,25,31,40,32,29,18,44,46,19,23,21,27,25,25,27,69,30,26,33,48,28,34,29,19,47,25,24,24,26,31,26,27,35,29,61,22,42,31,25,44,32,26,37,45,30,16,70,18,26,9,25,15,28,30,30,36,39,37,23,63,14,23,18,30,29,23,0,26,53,28,15,30,27,26,25,29,43,27,64,27,35,31,42,15,29,70,70,31,48,53,24,18,26,32,24,23,49,22,32,49,30,18,29,38,27,28,31,138,20,51,54,27,32,59,35,31,40,27,28,25,30,20,35,22,25,23,37,21,24,28,18,32,22,13,31,20,57,32,24,29,20,21,31,37,23,30,18,42,26,22,59,15,56,38,43,38,42,26,50,29,21,26,46,29,22,30,31,63,19,28,17,40,45,23,112,20,25,41,56,32,31,28,31,14,40,39,31,24,31,50,31,20,43,27,25,39,33,23,18,30,19,61,20,22,24,86,32,25,25,21,13,29,29,46,25,28,40,28,26,47,44,34,32,31,30,26,28,94,45,24,20,28,34,23,40,20,31,32,29,23,33,30,31,30,29,39,41,37,30,40,38,32,25,31,61,33,24,29,18,20,33,20,62,28,16,33,28,31,22,30,23,26,16,28,31,30,28,26,26,52,35,25,26,23,23,32,24,21,25,13,18,30,30,31,111,28,39,28,22,33,33,24,29,19,26,24,30,37,20,26,22,23,24,23,32,35,28,30,25,39,28,22,23,96,17,26,26,23,31,30
34,101,42,27,30,17,34,33,30,32,27,37,28,32,41,24,35,21,26,20,30,36,29,32,28,40,44,24,22,24,27,31,26,31,59,33,34,26,37,30,35,31,22,46,28,26,31,27,31,31,26,32,35,48,30,36,18,20,32,34,26,34,45,33,21,64,24,37,30,24,25,29,25,29,31,33,30,27,66,29,28,19,26,33,22,26,0,42,28,28,32,26,24,26,25,33,26,56,29,34,31,32,17,28,60,75,28,53,44,29,19,25,35,29,25,45,12,32,35,34,31,33,43,30,33,26,137,15,46,45,27,28,62,22,28,41,29,25,32,35,22,26,27,27,20,25,29,37,30,30,31,18,27,30,32,51,28,25,25,32,27,31,33,37,32,26,34,27,19,48,34,46,33,38,40,35,29,52,34,28,31,51,31,26,36,26,63,32,28,31,30,40,24,103,32,27,31,66,35,26,18,29,14,44,41,30,30,31,51,31,25,33,29,21,42,23,26,18,31,33,54,20,27,33,83,32,24,22,24,32,37,29,43,29,32,41,33,30,44,44,34,35,24,36,32,33,93,49,14,19,30,35,28,37,27,31,34,37,30,34,41,29,29,31,28,42,17,36,33,37,27,31,27,62,22,30,30,32,16,34,25,52,36,22,21,24,31,27,32,32,31,30,29,26,37,28,27,29,47,31,34,31,15,15,15,29,20,32,30,30,32,26,27,116,23,37,28,26,35,27,24,29,27,24,32,31,33,20,33,32,22,32,32,36,33,26,31,36,48,30,36,15,95,31,28,31,31,27,31
53,104,51,47,46,37,47,51,51,51,46,49,52,47,47,45,49,50,50,40,49,53,53,53,53,61,60,47,45,41,54,46,46,48,77,50,53,49,46,50,58,51,48,54,44,47,49,50,52,51,49,40,52,57,52,50,43,38,44,56,49,49,52,50,46,56,47,49,50,48,53,51,41,50,50,48,49,53,69,44,47,46,47,49,51,53,42,0,49,51,51,50,42,38,50,55,50,61,48,34,52,46,39,52,65,80,53,52,11,50,46,45,56,51,44,46,36,54,52,51,44,51,55,43,52,53,145,37,53,55,49,52,54,35,49,48,53,46,55,52,43,51,37,48,38,45,44,54,55,41,56,44,50,55,46,53,58,51,56,53,46,52,45,52,51,51,35,48,42,55,51,54,47,52,48,38,45,57,51,50,45,49,51,52,45,45,67,46,49,50,51,52,51,109,50,44,48,60,44,43,38,53,44,60,61,55,46,52,64,50,48,55,57,43,48,45,43,55,53,50,63,47,48,55,90,49,40,45,55,53,51,46,49,48,45,56,55,50,62,51,58,56,48,45,56,52,91,55,43,42,46,44,57,48,51,48,56,51,52,48,39,53,46,51,41,60,51,53,45,30,48,49,55,65,42,45,50,41,49,47,46,59,48,49,47,42,52,40,51,51,47,44,48,52,36,47,44,47,62,46,54,42,34,43,42,48,41,56,56,50,51,56,61,106,38,36,46,50,41,41,49,52,52,43,47,55,45,54,48,48,50,47,41,52,45,52,54,51,60,50,47,41,94,50,37,53,50,42,51
10,94,39,34,7,20,37,30,41,19,14,39,32,25,43,27,37,23,13,15,10,40,9,29,13,38,42,12,18,24,3,4,12,17,68,8,17,33,45,11,45,8,13,42,24,16,8,15,10,16,12,37,25,57,37,43,20,28,46,10,17,34,42,8,32,68,11,22,37,9,13,6,27,20,37,37,37,12,65,21,5,23,4,6,24,28,28,49,0,23,14,8,19,20,6,37,2,61,11,24,10,37,21,9,72,78,5,52,49,16,31,20,10,6,17,41,21,30,42,9,23,17,40,7,8,4,133,18,51,52,5,22,58,29,10,48,19,27,10,15,18,30,30,11,31,34,16,21,9,23,19,24,24,10,31,51,24,27,32,18,26,10,37,21,7,31,43,14,13,58,24,48,32,37,47,42,2,45,9,17,14,45,5,23,29,32,71,17,4,24,39,45,9,107,20,11,38,62,25,27,31,9,27,37,35,10,19,8,49,35,17,44,28,29,43,35,21,20,14,16,53,27,17,19,92,29,20,29,31,21,38,32,37,19,17,35,30,22,42,48,20,10,20,36,35,38,93,44,35,29,30,37,24,41,26,35,10,38,25,33,43,9,35,6,41,33,32,39,39,44,32,26,10,54,30,20,6,14,31,33,29,56,32,19,25,13,8,13,7,18,15,19,9,9,27,14,7,8,44,33,23,16,24,19,32,16,33,23,19,28,5,31,21,107,13,45,14,11,40,29,26,8,18,11,16,19,26,28,16,21,28,15,14,20,39,5,8,19,39,4,29,25,90,24,25,32,14,28,9
23,94,40,32,19,7,29,30,37,21,17,42,30,6,33,27,42,20,19,14,25,31,21,27,18,40,43,8,13,25,24,19,17,16,64,24,15,34,48,19,35,22,16,51,13,7,17,15,24,6,25,38,21,51,25,39,11,24,47,25,23,39,49,24,11,62,7,17,26,24,18,24,13,16,36,44,36,20,53,2,24,25,21,21,23,15,28,51,23,0,22,23,10,10,22,43,24,61,20,25,24,36,11,21,71,69,22,43,50,12,16,26,24,23,11,43,16,31,48,24,10,23,37,17,22,22,138,10,54,46,23,20,59,32,23,34,16,30,19,23,10,30,27,17,19,31,20,14,24,7,24,12,16,24,11,52,26,10,36,15,22,24,35,10,24,25,40,24,7,52,6,51,32,40,38,37,19,49,24,19,17,42,20,22,29,41,62,4,23,4,38,40,22,102,13,12,40,58,27,32,19,23,23,37,37,24,26,23,45,28,20,39,29,25,33,22,16,21,23,17,46,19,19,19,87,30,8,18,32,1,29,32,37,6,16,33,18,19,41,47,17,24,22,33,27,22,89,38,24,20,34,33,18,42,11,28,24,29,10,39,28,23,19,23,35,34,32,42,40,43,28,24,24,51,26,19,23,12,14,39,20,54,33,26,28,18,23,7,24,5,9,19,16,25,30,20,20,25,49,25,26,6,21,15,18,14,29,27,11,15,24,31,26,112,26,45,16,16,37,26,15,25,16,23,7,9,27,16,13,7,10,17,15,24,40,23,22,10,36,23,12,12,93,5,16,34,20,28,20
14,94,41,30,8,23,27,27,41,20,16,48,30,25,43,28,40,25,3,21,10,39,10,29,11,39,40,15,15,21,12,8,16,16,66,11,14,31,44,12,45,13,14,49,23,16,10,17,13,19,6,36,26,55,37,43,24,22,43,15,17,36,45,11,32,65,15,25,28,8,8,12,22,22,37,41,37,9,63,22,13,26,11,9,29,30,32,51,14,22,0,8,22,21,14,40,13,58,14,27,13,39,21,10,69,72,14,57,49,14,21,26,15,13,20,46,18,31,40,14,24,14,39,18,11,13,135,20,53,53,8,26,60,32,14,46,17,25,14,11,18,32,29,11,31,31,24,15,12,26,18,30,22,14,27,56,16,28,31,17,21,13,38,20,12,31,42,15,15,62,22,43,34,39,42,48,13,48,14,20,14,48,12,28,27,37,69,16,6,26,37,46,11,109,18,11,34,60,30,25,32,7,32,38,36,14,21,13,46,31,17,39,22,36,35,39,27,20,13,14,50,27,11,17,90,31,17,33,32,22,37,30,39,19,16,37,32,20,37,37,25,15,21,30,37,27,93,43,32,33,31,41,19,46,22,32,14,37,25,35,41,7,23,12,33,40,31,35,39,36,36,23,13,53,37,20,11,15,33,35,14,57,41,19,18,11,13,17,12,18,21,15,14,11,29,17,12,12,45,34,25,19,29,17,33,18,34,25,23,27,12,33,23,98,16,42,17,8,37,31,36,13,19,6,12,22,29,25,18,22,26,13,15,16,39,13,12,20,35,9,29,21,81,25,21,26,19,26,10
10,93,39,35,2,18,36,31,38,21,10,41,32,24,43,26,35,23,7,13,9,39,5,28,11,37,41,14,12,22,4,11,11,18,70,8,22,34,45,15,44,6,16,47,26,12,7,16,7,15,11,38,22,59,37,40,20,24,48,10,19,31,42,7,30,70,14,22,34,13,10,6,29,19,35,35,35,11,66,22,8,23,3,7,26,27,26,50,8,23,8,0,23,22,7,38,6,57,11,27,6,36,18,10,72,78,2,54,50,15,32,25,9,3,21,43,22,29,44,7,23,13,37,6,10,2,136,16,51,52,3,22,56,32,8,47,17,27,9,13,19,30,34,14,31,29,18,22,7,21,22,28,25,3,30,53,24,28,34,15,24,7,35,19,9,33,46,12,17,59,28,48,32,37,47,41,8,47,6,18,15,45,7,28,28,34,70,16,4,25,37,45,9,108,16,12,38,61,29,26,28,3,32,37,34,3,21,6,44,35,19,40,26,33,43,35,20,23,15,16,55,23,11,18,92,30,22,30,29,24,31,30,41,15,15,39,29,18,41,46,21,9,20,32,34,37,89,39,28,28,30,37,25,41,26,34,9,31,24,33,41,3,32,10,39,36,34,40,39,41,35,27,2,56,32,23,2,11,32,33,28,58,37,21,34,13,6,15,9,15,17,24,11,15,28,16,9,10,46,35,26,19,22,20,30,13,33,21,19,28,7,32,23,108,16,44,14,17,44,28,28,11,21,8,14,15,26,26,18,19,26,13,14,11,35,1,4,17,41,4,26,20,91,24,24,31,18,29,10
24,96,36,30,18,9,34,31,32,13,23,22,35,10,39,30,39,13,17,18,17,36,23,31,20,38,39,17,19,9,19,14,16,9,72,23,17,19,49,24,43,23,14,41,22,12,22,23,25,11,13,37,18,53,24,39,12,7,44,27,16,37,42,23,27,67,17,21,29,14,18,23,19,17,33,39,34,23,64,10,19,13,19,22,18,26,24,42,19,10,22,23,0,1,17,35,17,57,17,26,25,40,19,12,70,78,21,49,45,15,21,16,26,21,9,42,17,33,38,24,19,14,41,19,23,20,133,9,41,47,19,23,60,30,24,46,25,20,25,24,8,29,32,19,30,26,18,23,26,12,15,26,20,24,29,55,22,24,30,22,23,25,33,21,24,25,46,12,19,64,23,55,33,31,43,44,15,54,24,17,20,50,24,24,24,32,70,17,21,9,35,41,16,102,17,16,33,63,25,30,27,22,24,40,36,24,24,25,47,33,7,40,18,35,49,28,14,13,17,19,55,12,10,24,86,31,12,21,33,18,34,28,40,14,18,40,28,19,42,41,26,26,23,35,32,35,90,43,16,27,28,34,24,32,21,32,26,34,20,39,37,22,30,21,39,35,29,39,38,44,27,21,24,58,32,8,20,16,25,39,29,55,32,16,33,16,25,10,24,18,7,20,19,22,30,18,15,20,45,29,24,7,14,10,24,9,25,27,22,14,24,33,23,114,12,41,13,21,38,23,17,11,6,24,14,20,30,10,9,15,21,21,21,26,38,20,20,12,35,23,27,8,94,19,22,31,14,31,24
24,96,36,31,15,9,29,32,40,12,23,23,31,10,39,29,34,17,17,16,16,33,26,28,20,38,38,17,19,10,18,15,20,9,71,21,17,18,41,20,43,22,14,42,19,7,19,23,22,11,14,40,18,56,23,38,11,8,42,27,17,37,43,21,29,68,17,21,28,16,18,23,18,17,36,40,35,22,67,10,20,10,19,20,17,25,26,38,20,10,21,22,1,0,17,37,20,57,17,25,22,37,19,13,71,78,24,43,45,19,21,12,25,21,9,47,17,33,36,21,19,17,39,19,23,24,131,9,43,46,19,24,60,29,25,46,25,19,24,24,8,31,33,20,31,26,22,25,23,10,16,30,23,22,28,51,17,23,28,22,23,22,36,21,22,25,45,19,19,64,28,51,34,32,43,44,13,54,24,17,20,50,21,26,19,30,70,17,21,9,35,44,21,102,17,16,27,63,24,30,30,22,26,36,38,22,21,22,48,34,8,41,17,32,48,27,15,13,22,21,54,15,11,24,88,32,11,24,31,19,39,28,43,14,15,37,23,22,36,41,26,25,23,34,31,33,95,43,15,28,31,35,24,39,19,32,25,39,20,36,37,22,29,21,37,36,28,36,39,40,29,21,24,58,36,8,21,16,21,38,27,56,32,15,31,15,22,10,22,18,7,19,20,22,30,18,14,17,47,29,19,7,15,14,19,9,22,25,22,12,22,31,21,112,11,42,17,20,38,24,17,12,10,21,14,20,27,12,9,16,23,20,18,24,40,22,21,12,35,23,25,11,95,17,19,31,14,28,23
10,95,44,36,6,16,32,30,38,22,13,44,32,20,41,27,38,24,8,14,7,39,12,27,14,39,43,12,14,25,6,9,14,18,68,7,18,34,44,20,43,4,14,43,23,14,5,15,9,19,6,36,20,52,30,42,25,28,45,11,18,32,45,7,26,67,13,19,31,13,12,7,23,20,33,39,34,10,64,18,7,28,4,7,21,29,25,50,6,22,14,7,17,17,0,41,6,59,6,31,9,41,22,5,70,75,7,53,45,16,31,25,11,7,22,46,20,31,43,10,24,14,38,10,7,9,135,14,49,53,6,23,59,27,8,46,22,24,7,17,17,32,26,9,28,32,19,17,7,21,16,22,21,6,29,56,23,22,33,19,23,9,34,21,5,32,44,10,15,59,26,51,34,37,46,42,4,48,7,16,14,45,8,26,30,35,69,17,9,21,35,42,8,109,19,12,38,60,32,32,27,8,27,40,38,6,17,9,47,31,14,42,23,32,46,33,19,21,13,15,52,23,16,22,91,32,17,30,31,18,39,30,40,16,18,38,27,19,44,45,23,11,21,32,27,40,92,45,24,29,28,36,19,41,21,32,11,39,21,33,37,8,35,10,35,35,31,38,40,44,34,25,7,59,34,23,7,11,26,33,22,58,39,16,24,8,9,15,5,19,20,20,12,10,26,10,6,8,47,36,26,18,21,13,25,18,34,24,13,27,5,26,24,113,13,45,17,15,41,32,28,7,15,10,11,20,26,21,15,15,22,9,12,19,35,5,7,19,40,7,24,18,92,18,26,30,13,27,9
41,111,44,42,38,43,42,15,42,35,40,50,34,40,23,35,36,34,41,28,41,32,39,48,40,47,49,35,38,34,38,42,34,42,70,38,42,36,42,39,50,38,37,52,39,38,39,38,42,39,39,30,43,49,40,32,39,33,45,42,39,37,46,38,42,72,35,46,44,41,40,39,39,36,33,34,33,36,71,41,39,35,38,40,40,43,33,55,37,43,40,38,35,37,41,0,38,59,41,40,42,38,38,38,79,68,38,41,52,41,35,46,42,38,39,51,32,38,45,39,38,41,46,37,38,37,139,35,60,51,38,42,64,38,41,51,40,24,39,42,36,32,41,41,37,32,42,36,43,41,42,40,43,40,47,61,40,25,38,38,39,42,39,36,39,38,44,39,40,56,32,59,44,32,31,47,40,55,41,42,41,55,37,41,41,36,69,39,38,37,23,32,41,108,38,38,45,73,40,34,30,38,26,48,47,40,43,42,55,36,40,46,41,43,34,44,37,41,40,39,61,37,40,41,93,40,37,35,38,41,36,39,44,36,40,41,45,44,51,57,44,42,39,45,46,30,99,48,41,36,35,30,39,35,43,34,42,36,40,47,37,38,26,40,46,50,24,39,46,50,29,41,41,63,38,39,39,39,27,47,40,52,36,36,39,42,42,41,39,38,37,44,37,40,33,40,41,41,49,37,38,43,29,40,42,37,40,40,36,39,40,38,42,118,42,48,37,39,41,44,35,40,36,39,40,38,29,37,33,39,30,41,40,42,41,40,41,40,50,39,48,41,99,43,35,44,43,38,38
11,94,39,32,6,21,38,31,41,21,12,43,32,24,44,26,38,23,11,16,11,39,5,29,12,39,42,14,19,23,1,11,13,17,68,8,21,33,43,14,43,6,12,44,29,12,8,15,8,15,7,35,22,58,37,39,24,26,47,13,15,32,40,8,28,66,14,20,35,7,12,6,27,17,37,36,36,11,64,22,9,25,4,8,29,27,26,50,2,24,13,6,17,20,6,38,0,59,12,28,8,40,19,9,71,77,8,52,49,15,32,23,13,2,18,42,21,28,45,11,25,13,37,7,8,7,137,20,53,52,3,22,56,32,6,46,19,27,7,13,18,31,32,13,31,31,16,23,7,22,17,26,24,8,30,55,24,26,34,19,27,8,35,21,10,31,42,14,15,60,27,48,32,39,47,40,7,48,10,19,16,41,7,26,29,39,71,15,5,24,41,45,11,108,20,12,35,62,26,26,37,7,25,40,35,8,21,8,47,34,19,44,29,29,46,36,17,16,13,17,54,28,14,18,92,29,21,32,29,23,36,31,37,18,15,35,29,15,42,50,19,13,20,35,30,37,91,42,30,30,30,37,20,46,25,34,13,36,24,33,39,7,34,7,40,37,31,39,38,42,38,28,8,54,34,20,11,14,30,33,29,57,37,23,34,13,8,13,10,17,15,21,10,13,28,9,7,7,45,34,27,14,25,19,31,16,33,21,15,29,9,31,21,113,15,45,17,14,40,29,26,8,18,11,17,17,28,27,16,18,25,14,12,20,33,5,7,19,39,6,27,22,94,23,25,29,18,28,12
63,98,51,61,61,60,60,58,66,53,62,55,63,57,38,60,66,53,61,60,60,56,59,66,59,65,70,59,61,55,62,63,61,59,64,62,67,62,47,61,67,56,62,65,57,64,60,63,62,59,56,61,60,54,61,61,57,61,54,62,59,57,55,62,58,54,59,61,64,58,59,59,61,59,64,64,64,61,65,60,60,54,55,62,60,64,56,61,61,61,58,57,57,57,59,59,59,0,57,55,62,69,59,55,62,62,58,54,58,59,58,58,62,59,60,75,54,67,60,63,56,61,66,56,62,56,145,60,61,57,58,57,60,61,61,49,59,59,58,64,61,63,63,57,63,62,57,66,63,62,57,55,61,62,57,52,66,55,58,58,64,62,60,63,62,63,58,60,58,60,60,53,56,63,66,50,57,64,61,58,59,54,62,60,61,61,73,56,58,57,52,61,61,106,62,57,68,62,63,51,58,59,57,66,67,62,59,62,73,56,61,64,63,65,58,57,57,58,59,59,40,62,59,56,89,64,60,60,66,58,62,58,53,62,61,54,64,61,71,69,66,62,59,59,61,57,80,69,54,57,60,59,57,55,63,56,62,62,63,57,61,59,61,61,54,63,57,60,66,55,56,64,61,50,60,62,61,61,61,56,57,58,61,58,65,61,62,57,62,58,57,54,60,59,58,58,59,62,62,56,59,55,63,62,57,61,60,57,62,58,61,56,61,110,58,59,63,63,60,62,57,55,63,58,60,60,58,66,61,62,63,61,61,63,48,61,59,57,67,63,65,56,88,60,59,66,56,63,63
13,96,41,35,9,16,36,32,38,22,14,34,35,18,45,28,41,23,9,17,11,35,8,28,9,43,46,14,20,25,9,6,11,19,70,12,20,32,44,13,42,10,12,44,20,15,9,16,13,19,6,35,18,55,34,41,23,20,48,12,17,37,45,10,24,70,14,9,35,10,10,12,26,19,40,42,41,14,65,18,9,27,9,12,22,27,29,48,11,20,14,11,17,17,6,41,12,57,0,31,13,42,20,4,71,72,12,51,48,18,35,22,14,12,19,47,21,34,45,12,26,12,41,6,13,11,136,14,46,54,10,25,55,28,12,42,20,26,14,11,20,33,28,6,21,32,16,22,13,16,21,23,21,11,31,55,16,26,32,19,24,13,36,22,14,30,45,10,14,59,21,50,32,41,42,42,9,37,11,21,13,51,11,27,27,34,70,19,8,24,38,43,6,107,21,11,36,59,31,32,26,8,27,41,38,11,12,12,48,31,16,47,21,30,46,30,15,15,10,17,55,29,15,19,89,33,20,27,31,18,37,27,38,17,14,36,32,13,46,47,28,14,15,23,31,39,93,46,26,26,32,32,12,46,24,31,13,37,22,26,37,8,34,11,35,31,32,37,43,36,31,27,13,58,25,21,9,12,29,25,28,60,27,16,29,7,12,15,14,20,16,18,15,12,27,7,2,10,49,35,28,17,19,19,27,19,35,24,15,24,14,32,17,112,10,44,15,14,41,30,21,8,20,10,17,21,27,26,19,23,23,11,12,18,28,10,13,21,36,12,25,20,95,17,28,24,20,29,11
32,100,41,30,29,21,30,31,35,24,27,42,27,29,29,31,22,28,29,19,33,26,30,35,26,41,42,21,23,24,26,33,21,29,65,29,31,19,36,26,48,29,19,41,34,25,28,24,29,18,29,24,34,58,37,20,16,30,45,31,24,39,48,28,24,59,21,34,27,25,28,28,26,29,21,21,21,28,57,28,32,22,25,27,30,35,34,34,24,25,27,27,26,25,31,40,28,55,31,0,30,41,21,31,64,74,26,48,48,30,24,26,30,26,28,21,14,35,46,29,33,27,41,26,31,27,141,17,51,39,27,34,51,23,31,35,31,32,29,31,29,6,37,33,31,11,24,35,31,31,29,17,32,30,33,57,23,28,18,25,27,29,21,24,30,27,37,29,22,62,28,49,4,40,43,40,30,52,29,26,26,47,30,30,20,23,76,25,30,23,32,46,29,105,23,28,30,63,11,29,19,31,25,40,37,30,27,30,49,13,31,17,28,26,43,35,29,30,32,29,51,29,28,33,77,7,27,32,37,26,22,32,25,21,27,24,32,32,43,50,33,30,30,36,32,38,93,45,30,30,22,32,30,35,28,10,30,22,18,38,29,31,33,30,27,39,27,38,23,22,31,33,29,59,24,31,30,28,31,38,30,48,28,30,31,33,30,26,30,28,25,29,25,31,18,31,31,29,40,26,31,25,25,24,30,25,17,35,30,23,30,35,35,111,31,46,28,30,38,28,33,28,29,31,31,25,30,30,28,29,26,28,26,31,32,29,30,15,47,30,34,25,85,21,26,35,14,15,33
8,97,44,36,8,19,41,32,39,24,13,45,32,25,42,28,37,28,11,16,13,41,9,28,15,37,42,16,17,24,8,14,15,20,69,3,22,35,46,16,44,6,14,50,27,14,7,14,2,16,13,41,26,57,37,45,26,27,48,9,16,35,45,8,31,69,16,17,38,13,12,4,30,22,32,33,31,13,65,24,10,26,7,9,28,31,31,52,10,24,13,6,25,22,9,42,8,62,13,30,0,42,24,15,71,78,8,54,49,14,34,24,7,6,22,46,22,31,47,2,27,14,37,9,9,8,136,19,55,53,11,20,57,35,7,49,23,27,9,11,19,31,32,14,34,31,20,18,3,25,25,28,25,5,30,56,22,26,35,17,25,3,39,19,4,35,45,14,18,61,26,51,37,39,48,43,10,50,2,18,18,47,10,28,33,38,70,18,10,24,38,46,11,108,20,14,39,61,30,32,34,9,30,38,34,5,25,1,42,37,19,45,24,34,46,38,22,25,17,16,54,27,13,23,93,30,22,34,33,24,36,33,41,17,17,39,29,17,40,48,22,7,22,34,27,40,93,39,34,30,30,41,24,45,24,37,7,36,26,39,44,9,36,9,41,40,33,41,41,42,40,31,5,57,34,25,4,13,30,39,28,60,40,19,33,12,1,18,4,17,20,23,13,15,28,17,11,12,46,38,27,20,27,17,32,17,34,27,19,29,3,30,24,107,17,47,14,15,41,34,32,13,22,10,18,18,28,27,18,22,29,9,12,9,38,5,5,17,38,4,29,24,90,25,27,33,17,31,6
43,109,36,35,42,31,43,38,33,36,41,50,29,39,44,28,34,39,45,31,40,27,42,45,42,48,52,38,39,33,40,44,40,42,59,42,41,26,43,38,44,40,39,40,40,38,38,39,42,37,36,17,38,57,43,32,35,37,33,45,41,32,49,42,41,70,38,41,40,36,42,39,41,41,34,33,33,39,63,42,45,30,40,42,39,42,32,46,37,36,39,36,40,37,41,38,40,69,42,41,42,0,35,42,70,77,36,60,54,40,25,38,45,42,36,54,28,35,46,43,41,42,49,35,40,36,138,32,57,43,38,46,50,33,39,46,42,36,43,43,35,39,38,42,35,37,42,45,41,39,43,41,39,40,41,52,36,38,32,41,42,42,28,41,41,44,41,44,36,64,44,48,24,44,52,40,41,51,41,39,42,45,40,44,32,32,71,40,41,41,37,48,35,108,41,37,34,65,41,41,43,43,41,49,47,40,40,42,56,40,42,36,35,38,40,37,37,38,38,39,55,37,38,43,68,41,38,32,43,40,34,32,33,42,42,37,43,42,52,39,46,45,40,29,42,41,88,55,33,38,35,30,39,34,43,35,44,34,40,35,39,43,33,41,29,47,40,29,34,25,36,34,42,60,46,34,41,40,38,35,41,56,40,33,37,43,42,42,41,37,36,33,40,36,36,42,38,38,37,28,42,33,28,34,31,35,39,32,36,44,41,35,46,98,31,39,40,42,34,36,42,38,41,32,40,44,33,43,41,40,35,37,41,44,38,41,41,38,44,39,38,35,86,36,38,43,35,31,44
25,94,33,29,23,9,40,33,28,15,19,39,33,11,39,22,35,11,21,16,22,30,24,24,15,41,44,17,10,17,21,25,18,18,64,22,15,30,40,19,44,20,18,42,14,10,21,16,24,20,23,25,22,52,32,37,7,21,35,24,19,34,39,22,16,59,17,27,27,19,15,21,10,19,33,35,33,21,69,7,24,13,19,23,20,15,17,39,21,11,21,18,19,19,22,38,19,59,20,21,24,35,0,17,64,72,23,50,37,24,23,19,24,19,20,42,7,29,43,25,16,21,41,20,22,21,132,10,48,50,19,26,48,26,23,41,17,16,22,20,8,26,17,22,19,18,9,27,27,16,19,13,14,25,26,51,20,15,33,11,23,24,35,26,23,30,38,25,16,58,14,51,35,33,45,27,21,48,23,16,9,45,24,25,28,23,67,24,20,7,42,41,16,106,24,14,40,61,23,19,16,20,12,42,38,25,22,26,49,29,9,39,27,32,38,20,16,17,23,24,60,15,19,23,90,27,13,22,30,8,36,27,40,17,21,35,24,23,46,41,25,24,23,36,35,30,86,45,18,25,35,25,24,37,13,29,23,36,10,34,35,20,31,23,30,38,29,27,39,43,35,18,22,56,35,16,22,15,20,34,28,57,30,18,23,24,26,16,23,21,18,12,24,21,27,25,22,22,47,32,14,21,14,12,17,17,23,24,20,20,23,31,26,113,18,40,24,22,41,21,18,22,17,21,20,21,27,17,17,22,21,21,15,21,27,21,25,15,40,25,18,12,95,16,20,30,26,25,22
14,90,39,32,10,22,35,31,41,21,14,41,32,18,44,29,36,24,6,21,8,37,13,29,13,38,43,14,14,21,8,4,13,16,62,12,19,24,43,13,44,7,16,40,25,16,15,16,15,15,6,35,23,53,33,44,24,25,48,15,11,36,43,12,25,69,14,15,32,7,13,9,23,21,38,35,38,12,63,15,7,25,6,10,24,29,28,52,9,21,10,10,12,13,5,38,9,55,4,31,15,42,17,0,73,73,7,48,52,16,31,22,10,11,17,46,22,35,43,14,21,16,32,4,13,9,134,13,53,52,9,24,55,23,12,45,19,24,7,15,19,32,33,16,25,30,15,23,16,20,20,27,20,14,28,57,17,28,34,21,22,15,34,24,12,31,41,8,13,61,24,52,35,39,44,40,5,46,11,16,13,44,11,28,30,39,69,14,7,23,38,44,4,107,20,10,34,56,29,28,24,8,30,40,40,14,16,15,44,31,15,43,21,29,40,31,18,14,12,14,50,29,17,15,93,30,19,26,31,19,38,27,40,15,15,38,30,15,43,41,25,10,16,29,26,41,92,45,25,31,30,36,16,43,23,32,9,38,21,30,43,8,35,11,39,36,33,40,41,43,35,26,10,55,33,20,12,12,31,30,29,58,33,19,26,2,15,13,12,18,15,19,13,8,28,8,8,7,44,33,27,15,22,22,34,16,32,18,15,29,12,34,21,109,9,43,15,12,42,29,28,2,13,9,13,18,28,25,15,20,24,7,15,18,37,9,12,19,41,12,25,18,91,19,23,28,18,30,14
70,100,47,66,73,69,60,70,69,70,71,75,73,72,57,71,69,66,69,70,72,61,72,75,70,76,70,71,67,68,68,75,72,71,67,71,71,64,70,74,62,72,70,65,76,67,68,74,71,75,70,66,67,70,70,63,66,70,70,74,71,67,66,71,71,2,71,78,69,71,70,71,63,68,70,71,70,71,71,66,70,66,67,70,67,70,60,65,72,71,69,72,70,71,70,79,71,62,71,64,71,70,64,73,0,62,71,74,59,74,62,71,74,71,70,70,64,72,63,71,70,70,67,69,71,71,133,69,78,67,69,77,62,68,73,31,64,71,71,73,70,67,68,72,71,70,72,74,72,72,66,64,70,73,68,62,69,69,65,74,59,71,63,75,71,71,71,71,71,69,72,70,71,67,62,59,72,71,71,73,72,66,71,67,69,73,58,73,71,68,77,68,72,104,73,73,73,74,66,64,70,72,71,70,71,73,71,71,71,66,70,70,72,62,68,70,72,63,73,74,74,70,71,75,98,69,72,65,70,71,64,73,63,73,71,68,73,78,74,74,76,74,67,66,71,63,92,68,69,68,73,64,73,62,66,66,74,64,70,73,64,72,67,71,71,73,74,64,66,69,70,67,73,71,74,70,70,73,71,68,72,69,74,65,69,70,71,72,71,74,72,65,72,71,67,73,74,72,78,62,74,71,69,71,67,74,61,76,72,69,71,73,74,120,67,59,74,69,63,71,71,73,71,64,72,75,69,63,74,71,69,74,72,74,58,72,71,74,67,68,72,68,97,72,67,75,72,69,70
76,93,77,74,72,72,66,52,79,72,73,75,79,71,53,68,76,71,77,75,78,77,78,75,74,83,86,72,72,75,78,73,74,75,84,74,77,77,73,74,79,75,74,72,71,70,73,70,78,73,76,75,80,51,71,62,75,80,78,78,73,78,77,74,65,59,71,73,73,80,74,76,76,81,73,69,73,79,64,73,76,71,78,72,78,70,75,80,78,69,72,78,78,78,75,68,77,62,72,74,78,77,72,73,62,0,79,59,70,77,67,75,78,78,65,86,68,81,73,77,64,73,78,75,77,79,132,70,79,84,75,81,73,73,77,70,75,79,74,80,67,71,72,73,72,77,75,77,78,69,78,68,63,79,65,71,82,64,78,73,71,78,77,74,76,70,67,74,70,55,74,74,77,57,46,77,72,77,78,73,75,65,77,69,75,73,58,71,76,61,64,75,79,85,73,76,80,54,71,69,64,77,77,84,84,79,71,78,86,76,68,79,78,69,74,72,74,74,76,75,75,71,74,76,93,70,69,64,73,72,65,73,70,72,72,75,78,71,89,75,79,78,77,78,79,65,85,85,60,74,67,67,71,80,72,71,78,65,76,75,62,77,61,77,77,82,81,79,76,75,69,73,79,77,65,74,75,72,61,76,78,79,75,79,77,76,78,72,76,68,66,73,77,80,71,69,72,80,80,75,75,71,69,71,68,72,75,74,71,60,77,74,82,117,78,60,78,71,73,73,66,75,64,73,73,75,64,71,68,74,64,73,73,80,67,79,77,73,83,75,74,76,92,72,72,76,77,74,76
10,96,40,31,4,20,37,32,40,21,10,43,31,25,45,26,39,25,12,17,10,38,4,29,12,38,44,15,15,22,6,13,12,17,69,6,22,32,43,16,45,4,15,48,24,17,8,16,7,16,9,35,23,57,37,42,19,23,45,13,16,34,42,5,32,69,15,17,34,15,12,5,26,20,33,38,34,12,64,22,6,25,3,5,27,31,28,53,5,22,14,2,21,24,7,38,8,58,12,26,8,36,23,7,71,79,0,53,50,12,35,25,6,3,24,43,18,29,47,7,25,12,33,6,10,2,139,20,48,51,4,24,56,35,5,44,21,23,11,13,18,29,32,12,32,29,19,21,8,20,22,28,24,2,29,56,21,25,33,15,26,7,36,19,5,31,44,15,17,59,27,51,35,37,47,42,9,48,7,17,16,46,7,29,31,38,73,17,5,22,39,46,9,107,19,11,35,64,30,31,35,4,27,39,35,2,22,8,45,32,19,44,27,31,47,37,22,18,15,15,57,23,11,19,91,30,19,31,33,23,33,33,41,16,14,39,29,17,42,49,20,6,20,33,30,42,91,41,28,28,29,37,24,41,27,34,7,33,25,35,42,4,37,9,42,35,35,42,40,42,33,28,3,57,34,21,4,12,29,35,29,57,35,17,30,7,8,18,5,13,20,18,10,14,29,15,10,9,44,35,26,19,24,18,32,13,29,25,19,27,4,30,20,107,15,43,11,18,39,33,33,10,20,8,15,16,27,27,14,18,27,17,10,14,38,2,5,17,37,6,28,20,85,24,26,27,17,30,10
54,100,58,51,51,45,47,37,57,55,48,57,53,50,33,45,54,51,56,49,59,49,55,55,55,60,63,46,44,51,53,53,48,53,77,53,55,54,51,49,60,56,51,57,41,51,54,51,54,52,52,60,53,63,48,43,56,50,60,58,53,56,53,53,43,67,47,48,44,56,53,54,54,54,53,53,53,53,46,46,52,52,53,54,54,48,53,52,52,43,57,54,49,43,53,41,52,54,51,48,54,60,50,48,74,59,53,0,52,53,49,60,58,53,45,55,46,53,58,53,49,53,58,51,55,54,118,47,49,49,55,57,62,50,58,45,58,56,57,59,48,47,51,48,54,55,49,57,55,52,54,46,40,57,46,59,54,51,52,47,54,54,53,55,56,51,45,55,48,53,43,61,57,60,28,54,48,54,55,53,55,57,56,51,61,54,53,45,55,43,41,58,54,94,51,54,59,59,47,37,46,54,45,63,61,57,48,54,63,54,51,52,55,49,51,56,50,47,50,53,56,55,52,55,104,48,48,47,60,43,51,54,54,51,54,51,61,50,66,43,55,58,54,48,54,61,89,64,51,54,47,53,50,59,45,51,58,51,50,54,47,54,53,54,54,60,51,52,53,49,51,57,57,63,52,56,51,52,40,51,49,52,64,56,44,53,54,54,56,53,49,51,55,55,49,48,48,51,60,51,50,50,49,47,55,52,56,56,51,40,54,60,61,118,49,48,55,52,51,51,51,54,44,58,51,49,38,43,51,53,46,53,52,60,43,56,56,52,55,56,50,50,95,52,60,59,53,47,54
51,88,48,47,46,37,47,51,52,46,49,44,52,43,39,45,37,40,48,40,47,50,49,56,51,50,59,47,37,37,52,44,46,47,72,48,53,49,36,48,54,51,44,46,41,41,46,48,49,50,51,42,49,64,48,47,39,52,53,53,45,36,43,48,41,54,47,52,56,49,51,49,38,49,38,36,37,52,60,45,49,36,46,48,47,53,44,11,49,50,49,50,45,45,45,52,49,58,48,48,49,54,37,52,59,70,50,52,0,48,41,40,53,49,49,57,36,50,24,48,48,45,50,41,52,48,144,42,46,44,50,52,60,39,47,41,52,37,52,48,39,45,47,46,39,46,45,52,53,45,53,40,49,52,45,59,53,49,42,53,44,49,52,52,49,43,43,51,40,45,54,60,52,42,39,45,46,47,48,48,46,42,50,49,55,29,71,50,49,46,47,50,50,99,47,44,53,58,42,33,42,53,28,55,59,52,50,49,59,52,44,49,55,46,45,43,48,49,51,48,56,42,49,53,83,48,40,46,50,55,42,46,48,51,45,46,46,51,54,45,55,53,44,50,47,42,93,52,32,42,45,35,52,52,50,51,53,42,48,37,41,53,43,51,45,51,44,42,39,40,52,54,52,62,39,52,49,48,53,37,42,58,48,47,52,40,49,40,49,50,41,41,49,51,42,49,48,47,58,51,50,40,29,39,46,46,33,50,50,52,49,33,55,114,38,42,48,48,44,51,38,49,49,41,47,52,43,49,47,47,37,45,48,51,35,52,49,47,53,50,48,37,90,47,47,54,44,32,53
17,100,41,36,16,16,37,34,38,19,14,39,34,8,38,29,37,22,16,16,17,36,14,33,13,39,39,6,15,15,14,17,9,17,69,17,20,34,48,2,49,12,12,51,24,12,16,1,16,14,18,39,26,59,32,36,18,21,42,18,21,39,46,16,30,71,6,21,33,15,15,16,28,20,34,35,34,5,66,20,17,26,16,17,29,24,29,50,16,12,14,15,15,19,16,41,15,59,18,30,14,40,24,16,74,77,12,53,48,0,32,20,16,11,18,45,20,31,45,13,18,14,36,17,18,14,141,18,52,49,16,20,57,31,16,45,23,27,16,16,16,31,28,16,34,32,18,19,14,20,24,26,24,15,26,56,25,16,37,14,27,16,36,17,16,26,49,17,16,56,25,51,28,32,48,43,19,48,13,8,12,52,13,22,26,36,68,12,18,22,41,43,17,109,16,9,36,58,31,27,32,15,26,37,34,15,22,14,42,32,20,41,30,34,46,37,20,21,19,2,58,23,18,19,93,31,19,30,37,20,34,35,43,7,12,41,24,24,42,47,20,16,21,36,31,43,89,43,28,22,27,41,27,32,27,35,16,34,16,39,43,15,35,17,39,44,33,38,38,45,38,30,15,58,34,18,15,5,28,39,32,53,38,23,31,17,15,20,16,15,16,20,4,16,27,15,17,14,47,32,23,16,25,16,30,11,26,29,13,22,14,33,22,109,20,43,10,18,42,30,30,17,17,15,12,13,23,20,12,20,25,19,4,17,39,14,14,7,36,17,22,19,92,20,29,33,15,27,16
35,95,27,37,33,20,19,25,26,25,36,32,25,16,28,26,37,23,24,31,35,35,35,39,33,41,49,36,24,17,32,33,34,30,74,35,31,28,48,31,39,36,29,41,24,30,32,32,34,31,32,41,31,52,22,22,16,21,36,36,33,29,43,35,25,64,36,35,18,27,34,33,19,37,37,37,36,31,45,14,35,14,34,33,31,18,19,46,31,16,21,32,21,21,31,35,32,58,35,24,34,25,23,31,62,67,35,49,41,32,0,28,36,34,34,47,22,29,44,35,18,33,39,35,35,33,129,29,53,44,30,35,55,20,31,40,30,19,33,36,32,29,18,33,21,32,31,32,33,15,28,26,21,35,17,59,29,18,37,20,29,34,34,31,33,24,44,33,32,59,17,53,27,43,44,31,34,53,34,34,28,43,33,28,25,33,70,28,34,12,35,35,34,112,34,31,34,63,29,32,20,35,25,43,39,35,32,34,48,34,30,39,22,29,19,30,26,30,29,31,59,18,26,32,82,29,28,16,24,15,23,32,23,22,32,35,35,34,46,34,37,36,31,21,36,13,87,45,23,26,33,34,29,47,20,27,35,23,26,29,37,35,9,35,36,41,27,36,28,33,35,32,32,60,25,29,32,32,28,30,30,57,40,31,27,32,34,26,33,25,16,23,36,34,22,35,35,33,43,29,33,30,16,25,18,31,25,36,33,18,33,35,38,93,29,39,33,31,44,23,21,31,32,35,23,27,38,36,29,24,32,33,32,35,32,34,33,18,44,33,17,24,74,17,28,30,24,32,36
27,99,38,34,23,17,41,34,26,24,23,41,36,23,41,29,43,15,26,13,26,37,24,36,23,35,32,20,16,18,25,28,23,14,66,26,25,36,46,19,51,24,15,52,23,20,26,21,26,8,28,39,22,64,27,33,23,20,43,24,26,40,52,25,26,67,20,23,30,29,21,27,21,18,37,35,37,19,70,23,21,24,24,24,27,26,25,45,20,26,26,25,16,12,25,46,23,58,22,26,24,38,19,22,71,75,25,60,40,20,28,0,26,21,13,34,19,30,53,24,17,24,37,21,25,24,141,18,52,53,25,23,63,37,23,45,19,29,23,27,22,35,24,25,30,25,10,28,24,19,18,24,17,26,5,57,22,21,33,24,32,26,38,16,26,33,52,28,9,67,29,52,33,37,52,40,25,52,26,25,19,51,23,29,31,41,74,17,19,10,41,46,23,111,23,16,29,65,32,37,30,26,28,28,26,26,24,24,38,31,24,42,28,27,39,23,22,26,22,22,57,25,25,30,93,35,22,28,31,23,35,29,37,18,21,35,13,21,33,50,20,26,22,38,30,41,88,35,30,27,33,38,26,42,20,37,26,35,11,37,45,26,33,26,40,40,35,42,44,42,39,26,26,60,26,26,22,25,28,37,27,60,34,27,30,24,25,20,26,24,10,28,22,31,30,24,22,24,49,37,24,10,25,17,19,22,23,33,26,18,25,33,34,107,19,47,20,25,46,29,22,26,26,23,26,20,30,28,25,28,28,23,24,24,45,25,22,16,35,25,5,19,87,19,30,37,16,32,28
12,95,47,33,9,24,39,33,38,24,13,46,33,26,47,30,38,25,12,16,12,42,4,30,16,36,42,16,17,25,13,13,15,19,72,13,25,38,48,18,46,8,16,53,25,18,14,17,9,14,12,39,25,61,39,45,25,26,47,4,17,36,46,7,33,70,16,20,38,13,13,10,25,23,32,35,33,12,67,24,12,26,10,9,32,32,35,56,10,24,15,9,26,25,11,42,13,62,14,30,7,45,24,10,74,78,6,58,53,16,36,26,0,11,26,48,23,30,48,6,26,16,36,9,13,11,140,23,55,54,10,18,59,36,3,46,21,28,12,11,22,33,35,15,36,30,23,23,7,24,21,33,29,4,30,57,23,26,34,16,29,9,40,21,14,35,46,16,20,65,28,52,35,40,53,44,14,51,8,21,16,46,13,30,29,40,73,21,11,27,39,47,13,109,20,13,39,65,33,31,33,10,30,37,33,4,23,6,44,38,22,43,28,38,49,38,24,23,16,18,54,27,14,22,94,33,24,33,33,26,35,36,42,17,18,40,26,20,39,50,20,0,23,35,31,41,92,41,35,29,30,42,25,47,28,37,1,35,25,39,41,10,35,13,43,41,38,44,43,46,34,30,3,60,36,25,8,16,30,39,30,59,41,21,34,16,8,19,14,19,18,23,13,16,29,18,14,12,49,38,28,22,27,22,32,17,35,29,17,30,9,35,25,106,17,46,13,17,41,35,34,14,25,12,18,15,30,28,20,19,27,11,14,7,40,8,10,19,37,15,29,28,91,27,29,34,19,31,14
10,98,41,33,5,18,36,30,40,22,9,44,32,22,41,24,35,24,9,16,9,39,3,29,13,37,43,15,13,22,7,13,13,18,69,7,17,32,46,14,45,4,14,48,25,14,10,15,7,17,10,32,22,57,36,38,24,24,46,10,20,33,39,4,27,69,15,22,35,7,13,6,29,20,36,37,35,11,64,21,10,22,8,9,27,24,29,51,6,23,13,3,21,21,7,38,2,59,12,26,6,42,19,11,71,78,3,53,49,11,34,21,11,0,18,44,22,28,41,7,24,14,35,9,8,3,139,18,52,51,5,19,57,33,10,45,19,27,12,16,19,30,32,10,30,30,19,20,7,19,22,27,25,5,29,54,22,28,35,19,21,7,34,19,6,31,43,14,17,59,27,45,34,36,47,37,9,48,5,18,17,41,11,28,31,39,71,19,8,21,39,45,11,106,19,11,37,62,30,29,33,5,30,36,36,5,16,6,45,33,21,43,25,30,43,33,22,15,10,14,52,28,10,17,91,30,18,31,31,24,33,29,42,17,15,40,28,21,43,48,18,11,20,31,33,41,91,39,34,33,31,39,22,45,25,34,11,33,25,31,41,5,33,9,40,39,35,39,42,38,38,24,8,55,35,21,5,12,32,31,28,56,38,22,32,14,6,16,6,18,17,18,8,10,25,15,6,11,45,34,23,19,20,18,29,15,32,25,18,28,5,29,20,106,13,45,13,10,37,29,32,10,22,5,15,17,25,27,16,20,27,11,9,18,34,3,2,17,36,6,27,21,88,24,24,30,16,27,11
23,93,42,24,19,9,26,35,39,17,15,39,33,3,39,21,35,17,20,13,22,39,22,24,17,39,47,7,12,17,19,18,14,9,63,22,22,32,45,15,42,23,11,41,16,13,17,17,22,8,19,32,24,56,26,25,21,10,45,27,17,32,43,22,13,69,8,20,24,15,17,22,27,16,36,30,36,21,61,7,14,29,20,21,16,23,25,44,17,11,20,21,9,9,22,39,18,60,19,28,22,36,20,17,70,65,24,45,49,18,34,13,26,18,0,44,19,34,35,21,10,14,34,16,23,22,138,10,53,53,19,24,59,25,24,37,24,21,20,24,8,30,24,20,27,23,11,21,23,5,23,19,11,25,13,58,22,11,37,8,19,22,31,13,22,18,38,20,6,48,7,54,33,39,35,35,21,53,24,10,19,40,21,26,24,34,65,7,20,14,29,33,22,105,17,12,37,59,29,33,26,23,19,37,39,25,22,22,48,28,7,39,34,25,37,32,5,23,16,15,53,22,13,19,90,28,11,30,35,6,32,30,43,11,12,41,27,19,46,44,23,25,19,34,26,23,89,44,32,21,26,25,16,37,12,28,25,32,16,34,30,23,15,22,37,40,33,40,40,39,33,25,25,56,33,15,21,17,10,33,28,56,41,19,27,19,22,4,22,8,5,19,16,22,29,15,22,21,48,27,24,5,20,13,27,18,24,30,14,10,22,32,23,112,18,41,16,14,38,23,18,22,14,16,11,23,20,8,18,8,9,19,15,23,38,23,22,8,44,21,12,21,93,6,21,35,11,26,24
48,103,46,47,47,42,48,47,39,47,42,52,51,43,53,41,32,44,48,40,47,48,42,53,43,59,60,44,44,39,48,44,42,43,75,43,44,49,52,40,61,44,40,46,47,43,46,45,44,41,45,41,43,64,54,52,40,47,53,46,43,52,54,44,50,68,44,48,56,40,41,46,43,49,30,23,30,42,66,45,44,40,43,44,42,49,45,46,41,43,46,43,42,47,46,51,42,75,47,21,46,54,42,46,70,86,43,55,57,45,47,34,48,44,44,0,47,47,48,46,51,47,50,48,46,45,152,42,54,47,44,47,58,46,44,52,38,44,44,45,47,19,48,46,48,23,37,45,48,52,48,35,53,43,40,61,43,42,21,46,50,47,49,45,46,53,49,44,40,71,49,59,42,54,51,42,45,61,45,46,42,56,44,48,44,40,82,41,38,43,52,52,47,116,48,39,40,74,18,51,49,39,48,50,54,43,45,47,60,29,48,29,49,42,44,50,45,52,50,49,64,46,46,48,91,19,49,50,42,46,21,50,32,46,49,23,43,48,56,56,46,46,45,55,52,47,99,57,49,46,23,48,51,48,51,29,46,21,51,56,40,39,47,45,37,49,48,53,37,39,50,42,48,67,50,46,42,44,47,56,50,65,49,45,53,48,45,38,46,44,41,46,43,49,22,46,45,44,38,48,41,41,46,46,42,46,51,48,46,48,43,47,50,113,39,57,47,46,54,44,48,45,51,44,43,45,45,50,44,47,45,47,44,46,50,44,44,46,58,45,47,40,91,50,50,54,46,35,46
25,92,33,25,22,7,30,33,34,19,10,38,28,16,44,21,30,20,23,4,20,37,20,28,18,40,40,9,6,10,17,26,17,20,60,20,25,22,40,15,43,19,8,36,19,6,20,22,22,27,20,20,21,52,28,37,10,14,40,18,17,35,43,20,23,63,8,27,34,16,17,20,15,19,29,30,28,25,65,14,22,9,17,20,26,22,12,36,21,16,18,22,17,17,20,32,21,54,21,14,22,28,7,22,64,68,18,46,36,20,22,19,23,22,19,47,0,29,39,23,8,17,41,22,20,21,137,6,47,48,19,25,44,12,19,44,19,9,23,24,12,24,29,20,21,18,14,26,21,19,18,12,13,21,31,52,24,14,27,18,21,22,34,21,19,28,32,21,10,57,19,49,32,34,47,32,21,48,22,19,24,48,17,10,21,19,63,17,16,20,32,42,15,102,18,15,32,60,21,17,14,22,16,41,39,21,24,22,51,22,9,38,26,25,46,20,15,18,21,20,58,24,18,20,84,23,19,17,28,17,32,33,33,21,9,35,22,22,45,47,23,23,18,30,28,45,90,42,14,16,18,24,18,38,13,29,23,32,17,32,42,22,24,23,28,37,22,35,24,30,28,25,18,54,31,14,18,18,23,32,29,53,38,15,34,17,22,10,19,18,17,15,22,23,22,23,19,22,39,27,20,19,10,7,14,19,24,25,16,13,19,27,26,108,19,41,21,23,35,24,26,20,17,22,21,22,21,9,19,24,23,20,16,25,27,17,21,21,45,22,18,8,87,13,25,34,23,14,23
34,91,42,35,30,33,40,32,42,32,28,46,33,33,41,29,36,30,30,28,30,37,31,35,34,31,41,34,29,29,29,34,32,33,74,31,28,39,49,33,52,28,32,47,35,29,34,31,35,31,30,35,34,60,34,41,33,35,44,35,34,28,42,30,39,67,34,29,34,22,34,32,33,30,34,34,33,30,69,33,32,22,34,31,34,32,32,54,30,31,31,29,33,33,31,38,28,67,34,35,31,35,29,35,72,81,29,53,50,31,29,30,30,28,34,47,29,0,40,31,33,29,34,28,32,29,146,31,55,52,31,34,57,32,28,47,30,30,34,31,34,35,33,34,34,29,33,34,31,33,34,32,32,33,34,40,32,28,32,33,21,35,35,34,30,33,43,27,34,63,36,50,32,36,51,43,31,41,30,32,33,51,32,35,37,41,76,33,31,32,37,44,32,108,33,33,37,69,35,30,30,32,30,27,29,33,28,31,39,32,28,37,30,29,41,30,32,25,29,32,52,27,26,31,92,35,33,27,28,33,32,31,45,32,32,41,32,29,35,37,30,30,34,22,28,34,94,32,34,33,35,33,37,46,29,35,30,32,31,24,44,32,37,33,40,31,29,31,44,35,36,34,29,51,35,36,29,33,28,24,30,56,42,26,29,32,34,35,30,34,31,27,33,28,31,31,34,35,47,36,29,32,34,32,33,30,31,32,37,35,29,25,35,106,30,42,29,37,42,30,32,30,33,26,31,32,35,31,30,34,35,31,30,31,35,32,29,30,35,32,32,28,88,34,36,29,30,33,35
48,101,40,43,41,30,46,37,48,36,41,41,38,44,43,38,39,46,45,40,46,49,45,49,49,49,53,43,37,43,46,43,41,47,69,45,38,42,42,48,53,46,35,50,39,39,43,49,47,48,40,36,39,54,52,48,34,38,48,49,42,41,46,45,45,66,42,49,51,44,49,45,47,37,36,39,35,45,70,48,47,28,43,45,50,49,35,52,42,48,40,44,38,36,43,45,45,60,45,46,47,46,43,43,63,73,47,58,24,45,44,53,48,41,35,48,39,40,0,46,44,44,47,46,45,45,144,46,44,52,44,49,62,21,46,24,46,36,46,49,30,40,48,46,41,37,42,45,48,44,47,42,42,46,52,54,40,35,35,48,44,47,42,50,46,34,43,46,41,57,48,47,47,30,30,40,46,61,47,39,45,50,48,46,50,32,73,48,44,44,42,52,45,105,44,42,42,57,37,45,36,47,34,52,51,46,49,47,58,42,42,40,45,27,48,36,45,44,48,47,62,43,41,46,81,42,45,42,44,48,44,34,42,49,44,44,48,47,55,45,51,49,43,44,47,47,102,50,45,42,43,37,52,56,48,45,48,44,46,44,49,47,37,46,24,39,41,53,43,37,36,43,45,56,35,45,47,42,39,44,37,57,44,34,40,44,47,39,46,50,48,48,45,48,41,47,48,49,52,46,47,46,25,34,34,43,40,43,45,47,46,38,49,111,40,34,45,46,43,46,43,44,44,44,42,46,44,37,49,48,29,47,42,50,38,46,48,47,48,46,49,32,95,45,43,43,46,41,47
6,96,41,35,7,19,39,32,39,19,12,44,31,24,44,28,36,27,12,17,11,41,10,27,14,36,42,15,16,25,9,13,15,19,70,4,21,36,47,15,43,7,13,50,27,15,6,14,4,15,12,40,25,56,36,44,25,26,47,8,19,34,44,1,30,69,15,16,36,14,15,8,28,21,32,34,32,13,64,24,10,27,8,3,28,30,34,51,9,24,14,7,24,21,10,39,11,63,12,29,2,43,25,14,71,77,7,53,48,13,35,24,6,7,21,46,23,31,46,0,22,16,38,10,4,9,135,20,54,52,10,21,58,32,8,48,24,26,11,12,18,31,31,13,33,30,19,20,4,24,25,29,24,6,31,55,23,27,32,16,24,4,37,18,6,34,44,15,17,60,27,50,36,39,47,42,11,49,2,19,17,46,10,27,32,39,69,19,12,23,39,45,12,108,19,13,38,60,29,32,35,9,31,37,33,6,24,2,41,35,18,42,25,33,47,36,21,24,16,15,55,26,12,22,92,29,23,33,34,24,35,34,40,18,16,38,29,16,42,47,21,6,21,36,28,39,94,38,33,33,30,40,23,44,24,35,6,35,25,38,43,9,37,5,42,40,32,40,41,41,39,30,6,58,35,22,3,13,31,38,27,58,39,20,32,15,3,17,6,16,19,22,12,16,27,16,10,11,45,37,26,19,26,17,31,16,33,26,20,28,4,30,23,106,16,43,13,16,42,35,33,12,21,9,17,17,28,26,19,21,28,8,12,10,38,6,6,18,37,7,28,23,89,24,28,32,18,30,5
25,102,40,35,24,11,22,33,41,25,18,41,35,13,39,19,36,19,24,18,28,38,27,30,18,40,45,17,18,20,25,24,10,21,64,23,20,30,43,17,41,24,13,45,26,12,25,9,27,22,24,38,26,55,21,41,21,20,44,29,23,36,51,24,23,68,16,22,28,26,13,26,27,18,32,36,33,25,57,15,26,20,24,22,30,18,31,44,23,10,24,23,19,19,24,38,25,56,26,33,27,41,16,21,70,64,25,49,48,18,18,17,26,24,10,51,8,33,44,22,0,22,33,23,26,25,136,15,55,51,25,28,51,29,28,32,23,27,24,27,12,28,23,27,30,30,12,23,28,10,26,22,14,25,14,59,24,18,27,22,24,27,35,19,27,22,43,23,16,51,16,52,36,41,46,47,24,53,26,23,18,46,20,10,29,30,61,18,25,12,41,48,27,112,19,12,43,50,29,30,15,25,22,38,33,25,20,27,47,34,6,43,33,28,46,25,11,18,26,21,57,12,15,17,90,29,21,31,39,14,26,33,28,14,14,34,24,24,43,44,26,29,24,34,32,36,97,40,30,25,33,27,22,42,18,24,29,26,12,39,43,25,31,25,31,41,28,36,43,42,28,25,26,59,20,25,24,21,18,39,24,58,36,24,31,16,27,14,27,18,17,15,20,28,28,24,24,30,42,28,25,11,15,27,22,13,31,27,15,12,27,30,27,106,27,34,20,23,35,30,16,25,12,27,17,17,23,12,9,15,17,22,21,28,32,26,26,20,39,27,15,15,81,15,26,35,22,27,27
16,96,39,30,13,16,36,28,33,12,9,43,31,23,45,27,35,26,10,11,19,36,14,33,10,35,43,7,13,16,13,14,10,15,69,13,11,32,43,14,49,13,7,52,23,13,17,16,14,18,11,36,21,55,33,39,20,23,43,17,11,32,42,13,29,69,8,13,37,15,11,11,26,10,30,34,31,16,65,24,14,24,8,12,30,29,33,51,17,23,14,13,14,17,14,41,13,61,12,27,14,42,21,16,70,73,12,53,45,14,33,24,16,14,14,47,17,29,44,16,22,0,40,10,15,11,141,14,52,47,14,18,55,28,16,45,20,21,17,18,15,29,30,12,30,28,17,20,18,21,18,27,19,13,28,52,18,26,29,17,21,15,34,22,16,31,46,13,10,58,24,41,33,36,48,44,14,47,15,16,14,44,13,26,27,34,73,14,12,21,37,43,12,106,14,11,36,61,28,30,31,12,26,33,35,13,20,17,43,34,12,40,27,32,45,35,20,18,13,14,54,23,11,16,88,28,17,29,29,20,35,30,36,13,6,36,29,17,41,42,15,15,14,29,31,44,89,40,28,31,31,35,19,39,22,34,15,35,22,34,40,12,35,11,37,41,29,38,38,39,36,29,12,54,38,23,14,13,30,34,22,55,35,17,22,14,17,12,16,16,14,22,12,16,26,11,13,14,44,33,25,17,22,12,31,11,26,25,18,24,16,27,22,111,15,44,15,14,44,36,27,13,16,15,11,21,26,20,11,18,27,17,13,17,37,15,11,17,42,12,22,20,92,18,25,26,16,27,17
40,102,48,41,38,37,33,47,41,36,36,55,45,35,42,43,43,43,36,39,42,44,34,40,34,15,20,34,34,41,38,34,39,39,72,37,36,39,56,36,52,35,40,56,36,38,35,37,41,36,39,47,39,60,39,40,42,40,47,41,40,41,53,36,40,70,35,35,43,37,36,37,34,35,40,38,39,39,68,41,39,43,40,37,38,38,43,55,40,37,39,37,41,39,38,46,37,66,41,41,37,49,41,32,67,78,33,58,50,36,39,37,36,35,34,50,41,34,47,38,33,40,0,37,39,36,141,42,62,59,37,24,63,37,29,48,35,46,38,37,42,46,43,36,45,39,38,43,37,38,42,42,41,31,33,57,41,41,49,36,31,41,44,37,38,44,41,39,38,60,41,49,40,50,50,43,30,61,37,38,38,55,37,36,45,40,75,40,37,35,44,48,40,118,40,41,46,64,44,49,35,36,38,18,9,31,42,38,40,36,34,52,40,37,50,41,39,41,38,40,54,41,39,35,98,45,43,42,36,34,45,45,45,35,40,45,42,33,14,47,35,36,40,36,34,43,99,25,42,41,43,41,34,47,30,40,36,45,31,39,43,36,45,36,39,43,42,47,49,48,46,44,30,66,41,44,37,39,37,39,31,66,40,40,36,38,38,38,38,40,39,37,38,41,44,38,37,37,53,43,44,40,46,39,42,37,40,43,36,39,36,40,41,117,40,47,35,25,50,44,39,40,33,36,39,39,45,31,39,39,38,34,37,38,41,34,33,39,13,38,25,38,100,31,45,39,39,46,39
14,94,41,32,9,22,29,33,38,19,13,46,32,17,42,26,37,23,7,17,15,39,9,29,13,40,44,14,17,22,10,12,14,17,67,9,18,32,43,16,30,9,13,41,23,15,8,16,9,18,7,32,20,57,32,39,21,26,45,13,9,32,44,9,29,67,13,12,32,7,13,7,21,18,37,37,37,12,58,18,8,22,5,13,24,27,30,43,7,17,18,6,19,19,10,37,7,56,6,26,9,35,20,4,69,75,6,51,41,17,35,21,9,9,16,48,22,28,46,10,23,10,37,0,13,6,137,13,44,51,6,23,57,29,8,38,18,21,7,16,12,32,30,9,29,32,19,22,10,13,20,20,22,8,30,54,27,27,35,16,25,9,36,17,10,31,40,9,13,60,26,44,34,35,44,44,7,45,9,12,15,48,11,26,28,33,66,17,6,22,39,46,6,107,18,13,37,60,32,30,31,9,23,38,36,8,24,9,45,31,17,42,21,27,47,31,19,16,14,16,49,28,14,18,92,32,20,32,33,17,32,26,43,20,14,41,30,15,40,46,24,13,19,28,29,38,91,45,27,25,31,31,21,44,24,30,13,32,23,34,39,9,33,9,36,28,30,34,40,44,28,26,7,54,32,23,10,11,28,34,28,58,35,20,30,2,9,12,10,13,14,18,14,9,27,10,8,9,47,34,21,16,19,14,28,18,28,18,15,23,10,25,23,113,9,40,16,6,42,29,31,9,17,11,11,21,25,25,15,15,25,7,12,14,40,6,11,19,36,9,28,18,88,20,28,28,15,23,12
6,95,43,34,8,18,38,31,39,21,14,45,30,22,44,27,39,23,11,16,10,40,8,27,13,39,42,16,17,21,9,12,14,18,69,2,23,33,47,18,43,10,14,50,26,15,6,16,9,20,11,37,24,58,34,43,24,25,47,13,19,34,44,4,30,68,16,21,34,13,14,7,31,20,36,38,36,9,64,21,10,28,7,3,25,28,33,52,8,22,11,10,23,23,7,38,8,62,13,31,9,40,22,13,71,77,10,55,52,18,35,25,13,8,23,46,20,32,45,4,26,15,39,13,0,9,137,19,52,51,9,24,61,34,10,47,21,25,9,15,18,29,30,13,31,32,18,19,11,23,25,30,28,7,29,56,23,26,33,16,23,9,36,20,6,33,44,16,16,60,24,51,35,38,47,42,10,48,5,15,18,46,9,28,29,37,69,18,8,22,38,45,11,107,18,14,39,60,30,31,35,8,27,39,36,7,21,9,48,34,22,43,28,33,46,38,22,22,13,14,55,26,14,20,91,30,20,33,33,23,38,33,39,17,15,37,27,21,42,47,26,13,20,34,35,38,93,44,32,29,31,38,24,43,25,34,13,38,26,37,42,8,35,4,43,41,34,37,41,43,34,29,9,57,36,22,6,12,30,37,27,57,38,21,29,14,9,18,6,18,18,21,11,11,26,15,11,10,45,36,25,18,26,17,30,15,32,23,18,28,5,32,22,111,19,42,18,13,43,34,32,12,20,11,17,22,28,26,17,19,27,15,15,17,39,9,9,18,40,5,28,24,93,22,25,31,15,30,3
10,98,39,32,4,22,37,32,40,20,9,43,31,25,45,25,38,20,12,16,10,38,6,29,12,36,44,14,15,23,6,14,10,17,65,9,22,33,45,16,45,5,13,48,24,17,7,15,8,16,11,35,24,58,35,42,19,24,49,11,17,34,42,4,32,69,13,18,33,10,12,6,30,20,34,37,33,11,63,22,8,23,3,9,27,31,26,53,4,22,13,2,20,24,9,37,7,56,11,27,8,36,21,9,71,79,2,54,48,14,33,24,11,3,22,45,21,29,45,9,25,11,36,6,9,0,139,21,52,51,4,20,56,33,9,45,21,22,8,13,19,29,32,15,32,29,17,19,7,20,23,27,27,4,29,52,21,27,33,15,26,8,36,17,8,32,46,13,17,59,27,49,34,37,46,42,12,46,7,17,16,44,7,29,30,40,73,15,7,25,39,45,9,107,19,13,36,64,30,31,35,4,26,38,35,4,23,8,45,35,19,44,24,35,44,37,22,17,14,16,56,25,10,19,91,30,21,31,35,22,33,30,41,16,14,39,28,18,42,49,21,6,20,34,30,40,93,41,28,28,30,37,23,41,27,34,5,33,25,35,41,4,37,9,43,33,35,42,40,42,32,30,3,55,33,22,7,12,31,35,29,57,35,17,32,7,8,16,8,18,19,18,10,15,29,14,10,11,45,36,24,18,26,19,31,13,27,23,15,26,7,30,22,108,16,43,11,18,43,31,33,10,23,8,14,21,27,27,14,21,29,16,10,12,37,2,4,17,39,7,29,20,86,24,27,26,17,29,11
136,136,135,138,135,134,138,139,135,140,140,140,139,136,134,138,147,139,133,135,137,138,140,135,139,149,148,139,137,138,139,135,142,142,136,135,141,139,141,139,133,137,140,144,127,141,136,141,136,141,137,143,140,140,138,139,137,137,144,140,137,132,139,135,132,144,139,137,142,140,138,136,134,140,146,146,146,141,122,135,133,134,132,136,143,138,137,145,133,138,135,136,133,131,135,139,137,145,136,141,136,138,132,134,133,132,139,118,144,141,129,141,140,139,138,152,137,146,144,135,136,141,141,137,137,139,0,138,141,149,136,140,140,135,136,140,141,135,140,137,137,141,133,140,136,141,130,143,137,133,137,133,130,139,134,137,141,134,138,137,138,136,145,138,138,133,128,140,132,116,138,133,145,138,127,131,131,149,137,134,139,136,138,130,143,138,122,134,137,134,129,118,141,117,138,139,148,115,142,142,137,140,137,140,137,139,140,136,147,142,131,144,145,132,137,138,135,141,139,135,135,138,141,143,119,143,140,132,149,134,145,145,139,139,134,144,136,137,145,137,142,140,141,143,135,136,154,146,139,137,143,135,136,146,136,141,140,145,137,139,139,140,130,137,137,145,133,144,146,137,136,135,139,148,141,139,135,138,133,138,137,141,138,138,133,134,136,135,138,136,135,130,141,138,139,137,130,137,154,146,132,131,140,136,136,137,133,143,137,132,134,144,143,152,140,140,139,135,132,134,139,132,137,141,138,143,138,138,136,135,128,132,140,141,137,137,139,137,138,136,138,140,156,135,133,149,137,136,136
23,97,35,30,16,7,33,24,32,16,8,35,30,10,42,16,35,16,18,6,21,35,20,31,19,42,46,7,10,11,16,13,8,10,54,19,15,31,38,15,47,20,7,39,18,6,16,20,19,20,14,26,17,48,26,36,9,18,42,24,16,31,39,19,23,66,6,22,28,11,15,19,14,16,27,29,27,21,66,10,17,10,19,19,20,20,15,37,18,10,20,16,9,9,14,35,20,60,14,17,19,32,10,13,69,70,20,47,42,18,29,18,23,18,10,42,6,31,46,20,15,14,42,13,19,21,138,0,51,50,17,24,44,21,20,32,24,23,18,21,12,26,15,17,20,19,19,20,20,9,23,10,13,21,23,51,15,28,26,19,21,19,30,18,19,27,37,22,11,53,18,46,29,35,46,48,12,51,19,16,19,42,19,20,27,26,69,16,17,14,34,44,18,108,10,9,37,56,27,23,25,19,17,39,36,21,22,19,46,31,8,43,28,18,48,18,11,12,16,20,51,24,8,20,85,27,13,15,37,11,30,25,32,10,8,39,23,23,44,47,23,23,18,28,31,35,95,43,24,19,20,27,15,33,15,31,23,30,16,29,35,19,31,21,31,39,27,40,33,29,27,24,20,52,29,19,18,9,24,29,29,57,36,21,26,14,19,15,19,21,12,15,18,14,23,18,17,16,44,28,25,20,11,8,19,16,24,24,16,21,19,33,21,108,11,41,16,20,36,19,20,17,8,17,9,20,21,12,14,19,21,19,13,23,27,18,22,11,39,19,19,9,93,15,12,33,12,21,20
53,100,57,55,56,49,49,51,57,54,52,50,47,52,55,49,42,53,50,48,49,52,55,52,51,61,63,54,46,52,51,52,51,52,74,53,51,55,48,47,50,51,49,45,43,55,49,50,55,50,47,45,54,53,56,53,47,49,60,55,46,50,50,53,52,73,54,38,52,46,53,52,54,55,42,42,42,55,71,52,47,48,52,52,54,51,46,53,51,54,53,51,41,43,49,60,53,61,46,51,55,57,48,53,78,79,48,49,46,52,53,52,55,52,53,54,47,55,44,54,55,52,62,44,52,52,141,51,0,47,52,58,52,52,51,49,51,52,54,56,44,49,52,50,40,51,57,54,54,51,51,50,53,51,55,46,53,51,53,53,55,55,48,56,52,55,47,53,53,60,55,37,49,43,46,54,51,44,54,56,54,50,51,57,53,52,74,49,54,49,45,53,53,104,54,53,63,59,45,41,49,53,45,62,61,51,43,55,64,48,52,50,42,53,60,41,51,49,51,56,60,51,49,55,75,46,54,55,56,56,42,44,51,52,49,51,56,38,60,62,57,55,57,45,53,62,100,62,44,52,49,48,41,59,59,48,55,42,54,45,54,53,57,52,40,30,52,60,54,47,45,56,53,39,39,51,53,53,56,42,47,56,30,46,47,52,55,49,52,55,50,47,50,46,48,39,43,53,58,50,54,50,55,46,53,50,54,42,55,51,54,48,50,103,42,51,56,48,48,54,42,54,49,55,53,49,50,50,50,55,44,53,53,57,56,53,54,53,65,55,58,50,92,54,53,48,52,45,55
52,100,43,48,53,46,43,49,52,43,47,53,51,53,48,48,47,44,48,44,54,38,53,55,53,60,56,50,44,47,53,54,51,53,69,51,52,50,52,47,56,51,45,46,53,44,53,47,53,52,53,41,50,62,54,50,38,47,44,54,48,48,50,51,55,64,50,51,54,52,53,50,52,45,41,50,41,52,67,50,53,39,45,51,53,54,45,55,52,46,53,52,47,46,53,51,52,57,54,39,53,43,50,52,67,84,51,49,44,49,44,53,54,51,53,47,48,52,52,52,51,47,59,51,51,51,149,50,47,0,51,56,45,48,54,43,56,50,52,51,45,39,45,53,49,43,52,53,54,49,52,51,48,53,57,46,50,51,37,50,50,53,46,51,52,53,55,53,45,66,51,47,40,45,53,42,53,55,52,49,51,41,52,50,39,48,77,50,53,50,53,43,53,104,51,52,41,66,39,50,53,53,49,59,59,53,54,53,59,40,47,40,53,48,48,47,50,50,53,47,52,44,47,56,91,38,46,48,57,45,40,53,40,49,44,39,53,52,62,49,57,54,44,53,57,51,89,59,40,55,43,48,50,46,47,40,54,40,50,53,41,53,49,50,42,54,52,56,47,48,41,54,53,51,44,52,52,50,47,54,51,48,43,49,54,47,53,47,52,48,46,52,51,51,42,55,54,53,46,46,54,44,47,46,45,51,30,46,53,51,52,46,49,109,52,57,53,54,35,51,54,52,52,50,50,55,49,43,49,53,53,56,50,56,54,52,52,52,56,52,52,52,90,52,50,47,52,43,53
10,95,42,34,6,17,36,30,38,22,13,40,30,24,45,27,36,23,8,14,9,38,8,28,11,37,41,12,15,21,4,9,10,16,67,9,20,33,43,13,43,4,14,46,24,11,10,16,11,16,9,33,21,55,35,41,17,23,45,10,19,32,43,9,31,66,12,21,32,10,11,3,26,18,36,35,36,10,65,23,8,24,2,8,25,27,27,49,5,23,8,3,19,19,6,38,3,58,10,27,11,38,19,9,69,75,4,55,50,16,30,25,10,5,19,44,19,31,44,10,25,14,37,6,9,4,136,17,52,51,0,21,55,32,7,46,18,26,9,12,18,28,34,10,30,34,17,20,4,19,23,29,25,6,31,56,24,23,33,18,25,11,38,20,10,28,42,13,14,59,26,49,32,38,48,40,9,46,10,16,13,44,7,24,28,37,70,17,7,21,36,44,10,106,17,11,37,61,27,27,34,8,29,39,37,6,22,11,45,33,18,43,24,31,45,35,20,23,16,16,52,25,12,19,91,28,22,30,32,23,37,31,39,16,14,37,31,22,41,48,25,10,15,35,35,38,91,44,30,28,28,39,25,45,27,33,10,37,26,36,38,8,31,8,38,39,31,35,38,44,34,26,5,55,31,19,10,11,27,36,28,56,34,18,30,10,11,14,10,18,15,18,10,14,26,13,8,7,42,34,26,16,23,20,29,14,26,22,15,28,10,30,22,110,14,44,15,11,39,30,29,8,21,10,14,19,27,26,14,18,23,11,11,12,36,4,6,17,39,3,28,21,93,24,26,32,17,28,11
23,101,47,36,23,26,39,38,42,18,27,48,37,24,45,33,40,25,25,24,26,44,15,28,24,26,27,21,22,24,22,21,21,23,75,24,25,37,51,22,46,21,21,55,32,24,25,22,22,20,23,40,25,63,36,42,23,22,45,22,19,39,50,22,34,75,21,17,38,21,21,24,35,23,42,42,42,24,68,24,23,30,21,23,30,32,28,52,22,20,26,22,23,24,23,42,22,57,25,34,20,46,26,24,77,81,24,57,52,20,35,23,18,19,24,47,25,34,49,21,28,18,24,23,24,20,140,24,58,56,21,0,59,41,15,53,25,30,27,14,26,35,34,19,39,34,25,22,18,26,25,33,30,16,28,62,30,34,40,22,26,22,40,24,25,36,52,21,25,64,28,55,35,42,52,49,23,53,20,24,23,53,27,32,35,39,78,22,21,27,46,50,26,113,20,21,36,68,32,38,34,20,32,25,23,16,26,19,39,41,25,45,34,40,50,38,26,22,29,21,61,32,27,20,97,32,26,37,36,23,37,39,46,23,23,44,26,23,23,49,16,16,18,39,32,43,97,32,35,32,37,45,28,45,21,40,15,37,28,37,45,20,42,24,48,42,39,45,45,46,39,32,15,59,42,28,20,20,37,37,30,60,43,20,35,19,21,26,25,21,23,24,22,26,34,27,27,23,51,40,29,24,31,26,35,21,33,28,25,30,19,37,25,107,21,48,22,24,45,37,35,23,27,18,21,22,30,30,22,25,31,17,21,14,47,16,17,22,27,23,23,29,96,26,33,37,22,33,25
62,97,57,62,59,48,41,61,52,61,53,54,56,60,49,42,60,49,62,51,60,60,57,62,59,61,67,54,51,46,59,60,53,59,57,57,62,50,39,59,66,56,51,62,56,52,58,59,57,62,59,42,60,57,57,58,63,47,54,59,56,59,62,57,58,63,54,59,59,57,57,55,47,60,60,59,60,56,58,62,60,43,55,58,53,59,62,54,58,59,60,56,60,60,59,64,56,60,55,51,57,50,48,55,62,73,56,62,60,57,55,63,59,57,59,58,44,57,62,58,51,55,63,57,61,56,140,44,52,45,55,59,0,49,56,52,63,48,59,57,47,58,51,57,54,60,57,61,58,57,63,52,53,58,58,61,57,52,52,56,57,57,62,65,58,49,47,60,57,49,65,59,59,62,57,56,61,64,57,59,59,50,58,54,63,51,68,62,61,56,48,65,55,109,55,58,62,64,59,52,54,61,55,66,66,58,64,57,68,61,54,60,65,47,54,58,58,61,62,57,47,54,55,62,91,59,54,50,69,55,66,52,53,59,47,53,59,62,66,65,67,59,54,64,50,52,82,64,56,55,57,47,61,65,57,61,58,66,59,56,53,61,54,60,51,67,55,67,53,34,49,50,57,57,52,57,58,54,55,56,57,55,55,59,60,55,57,55,58,62,58,57,55,62,55,60,60,61,64,57,64,55,45,56,51,57,57,57,63,59,58,63,60,94,58,54,59,63,52,52,52,59,61,53,54,63,42,55,59,56,53,58,56,58,46,56,60,60,73,60,59,49,73,58,47,54,59,54,63
35,99,36,30,31,18,20,33,34,30,25,34,33,24,42,31,28,28,29,19,34,32,33,32,26,37,45,25,26,22,29,30,25,29,73,31,31,34,28,29,46,34,23,35,26,24,29,24,35,34,32,25,27,55,31,29,22,25,34,33,27,33,48,31,32,64,24,24,28,33,26,32,17,31,25,26,24,34,60,27,32,20,32,31,29,35,22,35,29,32,32,32,30,29,27,38,32,61,28,23,35,33,26,23,68,73,35,50,39,31,20,37,36,33,25,46,12,32,21,32,29,28,37,29,34,33,135,21,52,48,32,41,49,0,34,31,32,20,29,35,26,19,38,26,16,20,30,34,36,26,29,18,27,35,37,50,29,31,28,34,29,35,32,33,32,27,38,25,25,53,26,47,35,41,47,30,25,52,31,36,31,45,30,27,29,16,66,31,32,23,40,49,33,102,28,28,35,59,20,27,27,29,23,42,41,35,26,35,49,27,21,30,28,23,31,20,30,25,23,33,57,26,27,35,72,20,28,27,31,24,26,28,37,35,24,35,37,26,43,41,37,34,31,28,37,25,95,45,16,27,17,18,24,38,26,26,33,26,28,30,32,29,24,32,15,35,16,37,30,24,33,26,34,55,24,31,32,28,26,32,30,54,32,30,28,25,35,29,32,35,31,27,31,34,19,29,30,28,32,31,30,33,16,22,17,31,29,35,36,37,32,30,33,112,27,28,33,32,25,31,19,30,25,26,25,33,34,25,33,29,26,30,30,36,26,30,36,32,40,31,28,16,92,27,31,37,28,15,34
12,98,44,34,5,22,36,34,36,23,13,46,35,25,46,28,31,24,12,17,11,42,3,30,13,29,35,16,20,26,6,12,14,20,72,7,25,39,45,18,45,11,16,50,27,16,11,15,9,14,11,40,27,58,37,46,19,29,47,7,16,34,44,6,33,72,16,17,35,16,12,9,23,19,33,31,32,13,66,24,9,25,10,8,29,31,28,49,10,23,14,8,24,25,8,41,6,61,12,31,7,39,23,12,73,77,5,58,47,16,31,23,3,10,24,44,19,28,46,8,28,16,29,8,10,9,136,20,51,54,7,15,56,34,0,44,20,26,11,2,18,32,35,14,32,29,22,23,5,23,25,31,26,3,31,59,22,29,34,17,26,9,38,19,6,33,46,17,20,62,27,50,35,41,50,42,9,51,7,19,17,50,12,31,32,36,73,19,10,26,39,47,11,109,21,12,38,65,33,32,34,7,32,37,32,3,21,6,49,38,22,35,25,35,45,39,25,18,17,18,56,28,12,21,94,33,20,33,32,25,35,31,42,19,19,40,26,17,35,50,17,3,19,32,26,39,92,33,29,27,31,42,24,42,28,37,2,35,23,34,43,7,37,10,39,36,36,41,43,43,37,30,2,60,35,23,5,12,33,34,30,59,41,18,33,9,8,17,6,18,19,22,13,18,29,18,12,9,47,37,23,22,25,18,31,19,35,27,20,29,4,32,23,104,16,45,13,16,44,35,32,11,23,11,16,18,28,26,18,21,27,4,12,8,39,3,9,17,35,9,29,22,89,26,30,34,17,32,12
48,96,22,38,48,38,31,43,38,40,50,35,48,33,34,44,45,40,44,42,44,31,49,51,44,47,52,45,37,38,45,45,48,46,62,47,43,29,37,42,46,48,47,43,36,45,47,45,49,42,47,48,43,49,35,40,40,45,39,46,46,38,35,47,38,30,45,42,39,45,44,47,39,47,51,50,51,46,62,36,46,28,47,47,44,40,41,48,48,34,46,47,46,46,46,51,46,49,42,35,49,46,41,45,31,70,44,45,41,45,40,45,46,45,37,52,44,47,24,48,32,45,48,38,47,45,140,32,49,43,46,53,52,31,44,0,42,40,44,49,38,47,51,45,47,49,37,51,50,37,45,25,36,46,32,27,48,42,41,46,43,49,37,43,48,40,27,46,42,52,36,46,45,36,36,38,48,46,46,39,38,19,45,43,43,46,64,46,46,37,38,44,42,101,38,40,45,54,48,40,30,47,39,47,49,46,43,49,55,37,36,42,48,26,48,29,40,38,50,44,52,36,41,47,84,48,48,29,43,36,45,33,42,45,41,48,47,44,55,34,52,46,45,46,45,43,90,50,41,27,40,30,42,46,37,39,46,45,42,39,34,47,42,45,44,47,45,41,43,30,34,39,43,60,37,39,45,41,28,38,45,50,45,33,43,49,49,44,48,43,42,43,45,43,45,41,45,46,45,32,43,43,35,45,42,41,47,45,40,39,48,39,50,116,38,26,43,47,25,40,32,42,34,47,40,39,44,38,42,47,33,51,46,50,27,42,48,48,46,49,37,34,89,37,40,45,45,44,49
24,95,41,33,20,16,32,34,36,21,23,40,37,22,47,30,45,22,18,21,18,37,21,31,20,34,45,24,22,24,20,18,22,24,72,21,23,35,47,22,41,20,22,56,29,23,21,24,23,22,16,37,12,61,36,40,24,27,39,21,18,37,44,21,29,69,24,16,34,10,20,22,24,21,38,38,38,21,68,22,21,26,21,21,26,27,29,53,19,16,17,17,25,25,22,40,19,59,20,31,23,42,17,19,64,75,21,58,52,23,30,19,21,19,24,38,19,30,46,24,23,20,35,18,21,21,141,24,51,56,18,25,63,32,20,42,0,27,22,21,20,35,33,21,33,37,26,22,22,22,13,29,19,22,23,61,26,27,39,23,28,23,36,22,22,29,48,19,22,65,28,52,35,41,51,44,20,41,23,25,20,50,20,28,31,35,74,24,16,23,40,40,18,109,23,22,42,64,31,22,29,21,30,43,34,22,19,23,43,37,16,47,29,32,51,34,26,22,21,24,58,21,23,23,95,35,27,34,29,25,35,28,44,22,22,44,27,22,42,38,19,21,22,26,30,42,89,41,31,36,35,43,17,40,27,35,20,35,22,31,37,21,38,21,38,37,38,41,40,42,36,26,19,56,38,26,21,22,28,31,19,57,41,28,21,18,23,22,22,27,23,21,21,13,34,21,21,23,50,32,27,23,26,22,35,23,35,32,23,22,22,36,31,115,19,46,22,19,45,23,32,16,17,22,23,21,31,26,25,25,23,20,23,20,39,18,21,21,38,19,27,26,93,21,31,32,22,32,25
28,99,38,32,27,18,35,21,23,20,24,43,20,27,36,29,31,22,26,13,24,31,26,32,27,43,46,25,17,15,27,28,22,29,63,25,25,31,36,29,46,25,18,43,22,22,26,22,27,24,24,29,29,56,35,40,23,23,40,28,25,38,48,25,31,68,25,29,34,22,28,25,23,24,31,31,31,26,69,27,25,9,24,25,35,28,25,46,27,30,25,27,20,19,24,24,27,59,26,32,27,36,16,24,71,79,23,56,37,27,19,29,28,27,21,44,9,30,36,26,27,21,46,21,25,22,135,23,52,50,26,30,48,20,26,40,27,0,25,31,23,25,36,24,32,27,18,28,28,26,27,27,24,27,30,55,23,18,33,22,26,27,30,25,28,23,41,27,19,59,21,51,30,34,41,41,28,51,26,24,25,51,20,28,16,34,71,26,26,19,40,38,26,102,22,24,30,61,21,27,28,26,21,41,39,27,28,27,49,33,15,31,27,34,31,23,11,27,23,26,60,28,24,27,86,21,26,33,37,31,27,30,36,16,23,29,30,28,45,52,30,29,26,28,37,40,89,46,29,32,17,24,28,31,30,33,29,27,22,39,30,26,32,24,38,39,16,43,39,39,36,19,27,55,34,25,28,21,27,39,26,51,41,27,33,26,27,17,28,19,12,27,23,26,26,27,29,27,41,32,17,11,19,20,34,25,25,29,22,25,28,34,30,114,24,43,21,26,42,28,26,25,31,28,17,29,29,24,15,21,19,27,24,31,37,27,23,25,44,28,27,19,92,28,23,36,22,27,27
12,98,41,31,11,19,31,35,38,20,15,47,35,21,46,28,38,25,9,15,6,42,7,30,12,40,45,16,22,27,8,11,14,17,68,10,18,34,45,16,46,11,17,50,24,19,9,16,9,20,5,38,24,58,36,44,25,28,46,12,19,35,44,9,31,68,16,24,34,16,13,7,29,19,37,39,37,9,66,24,8,25,7,9,27,25,32,55,10,19,14,9,25,24,7,39,7,58,14,29,9,43,22,7,71,74,11,57,52,16,33,23,12,12,20,44,23,34,46,11,24,17,38,7,9,8,140,18,54,52,9,27,59,29,11,44,22,25,0,15,20,30,32,12,32,36,20,17,10,23,18,27,25,12,32,55,18,27,35,18,23,9,34,20,9,34,46,12,18,61,25,49,34,40,49,43,9,47,8,17,17,48,11,28,30,37,72,20,10,24,39,45,8,107,18,15,40,63,30,34,34,10,22,39,35,12,17,9,47,33,19,44,23,31,41,37,23,19,13,16,57,30,16,19,91,27,21,26,32,24,35,32,40,20,15,38,30,20,46,46,21,12,19,33,35,40,94,43,34,25,30,41,21,40,21,33,13,35,25,36,41,10,33,9,42,43,30,37,43,43,34,28,11,58,35,22,7,13,31,37,25,57,38,17,27,10,9,18,9,20,21,24,8,7,28,15,11,7,47,33,25,20,26,16,29,19,33,25,19,28,7,30,21,109,18,44,18,12,41,33,31,7,18,8,12,21,29,26,19,21,27,10,14,20,38,9,10,21,43,12,26,24,91,24,27,26,17,31,9
14,95,45,34,13,21,35,36,41,24,13,47,34,25,48,29,32,25,13,16,16,40,8,31,14,29,35,19,19,27,13,15,15,22,71,15,22,37,50,18,47,16,18,51,28,16,16,15,13,16,12,37,28,58,39,46,20,22,50,15,17,37,47,13,33,71,19,22,36,13,13,16,23,22,38,32,37,17,69,25,16,30,14,15,31,30,35,52,15,23,11,13,24,24,17,42,13,64,11,31,11,43,20,15,73,80,13,59,48,16,36,27,11,16,24,45,24,31,49,12,27,18,37,16,15,13,137,21,56,51,12,14,57,35,2,49,21,31,15,0,22,33,35,13,32,31,26,24,9,24,24,32,29,9,33,56,25,28,32,14,27,13,39,20,13,32,47,16,20,64,27,53,35,41,51,45,16,50,11,18,16,49,18,33,33,37,74,17,15,28,40,46,16,110,23,18,37,62,33,30,33,14,31,36,30,9,21,10,41,39,23,36,28,36,51,39,25,17,18,16,54,27,15,22,95,33,24,34,33,24,39,30,43,18,18,41,27,16,32,49,19,11,16,35,27,42,95,36,28,30,31,41,28,48,29,37,10,39,23,35,41,14,38,15,44,41,38,42,42,45,39,30,10,59,38,23,12,18,32,35,30,60,42,19,34,8,12,18,13,18,23,23,17,15,29,19,17,16,48,37,25,23,24,18,33,16,36,26,17,30,8,31,24,107,17,45,13,15,39,36,35,11,25,12,18,21,29,27,18,21,27,4,13,2,41,7,15,20,36,14,30,24,92,27,29,31,22,31,16
21,98,37,29,18,9,36,31,41,17,11,38,32,11,41,24,37,20,16,7,17,35,18,30,16,41,46,10,5,18,17,18,11,17,69,18,17,29,38,15,47,19,10,46,17,8,15,15,19,18,15,31,23,52,27,35,13,18,39,22,17,35,47,18,21,63,9,24,28,22,12,18,28,13,33,37,32,19,60,11,19,24,19,19,23,20,22,43,18,10,18,19,8,8,17,36,18,61,20,29,19,35,8,19,70,67,18,48,39,16,32,22,22,19,8,47,12,34,30,18,12,15,42,12,18,19,137,12,44,45,18,26,47,26,18,38,20,23,20,22,0,31,22,21,28,23,19,18,18,11,18,15,14,23,19,54,21,16,27,15,25,19,37,14,19,27,43,20,16,48,14,51,31,39,41,44,17,51,20,15,21,47,17,21,21,29,71,9,17,18,38,44,16,104,22,7,35,60,28,23,34,19,18,41,35,23,21,19,46,36,12,41,27,22,39,39,18,19,21,16,56,15,11,17,83,31,10,22,27,11,33,32,41,8,11,34,23,22,46,46,24,21,22,36,33,34,89,46,16,28,29,39,21,38,19,32,21,33,19,32,34,19,29,20,31,39,30,41,39,35,29,32,20,56,36,20,19,10,24,31,27,58,38,19,32,19,19,16,19,13,13,22,16,24,23,22,17,18,46,33,23,14,14,10,31,14,28,28,14,17,19,30,23,108,15,40,18,15,39,33,31,18,16,17,14,12,26,14,13,9,20,18,11,24,36,19,21,11,38,23,17,10,95,12,25,35,14,16,18
32,101,33,23,32,22,26,25,32,25,25,45,35,28,31,19,12,26,30,26,33,31,32,39,31,39,42,29,27,15,31,34,29,29,66,28,32,33,37,28,50,29,27,38,33,28,30,22,31,29,30,14,31,61,36,42,25,30,49,33,32,41,50,30,34,64,28,34,26,27,32,28,23,27,8,10,8,30,56,34,28,21,29,30,28,35,26,51,30,30,32,30,29,31,32,32,31,63,33,6,31,39,26,32,67,71,29,47,45,31,29,35,33,30,30,19,24,35,40,31,28,29,46,32,29,29,141,26,49,39,28,35,58,19,32,47,35,25,30,33,31,0,31,33,31,30,30,34,31,29,35,18,37,32,25,56,25,29,6,32,23,31,26,34,31,20,40,30,24,60,29,46,34,39,43,42,32,54,29,29,31,50,28,29,25,14,75,26,31,28,33,44,30,104,27,26,34,67,1,30,29,31,25,45,40,32,36,30,47,7,30,14,34,30,42,41,29,31,30,30,56,25,29,30,80,1,29,34,37,32,24,34,10,25,28,8,33,32,40,47,35,32,30,34,35,41,92,46,36,32,14,34,35,37,33,5,32,24,33,42,36,31,32,29,14,43,28,39,18,26,33,33,31,58,32,26,31,26,29,42,33,50,41,33,39,31,30,26,31,26,28,29,27,30,5,34,31,32,23,26,25,30,22,28,30,22,25,32,34,29,31,30,37,106,28,50,31,33,43,33,23,31,30,29,26,30,25,34,21,27,28,35,26,34,39,31,30,29,48,31,30,26,88,30,31,37,29,6,31
33,100,45,38,28,16,23,30,43,31,29,34,33,27,39,28,38,31,34,33,34,45,34,38,30,42,48,28,34,20,32,32,23,34,71,31,32,23,35,28,47,32,29,44,18,26,34,27,32,21,34,38,36,53,18,32,22,23,47,35,37,33,44,31,23,67,29,30,26,33,30,33,18,27,39,36,39,31,64,27,33,18,31,33,28,22,27,37,30,27,29,34,32,33,26,41,32,63,28,37,32,38,17,33,68,72,32,51,47,28,18,24,35,32,24,48,29,33,48,31,23,30,43,30,30,32,133,15,52,45,34,34,51,38,35,51,33,36,32,35,22,31,0,26,30,27,20,31,33,19,36,19,25,34,19,54,32,25,25,28,27,32,41,29,32,34,39,32,15,60,31,46,31,40,44,42,28,54,31,29,26,43,32,34,37,34,62,19,34,17,26,45,34,110,27,19,41,57,29,31,17,34,17,42,40,34,35,32,52,33,21,44,35,16,38,21,19,25,36,28,57,24,29,34,90,29,28,17,33,24,33,32,29,28,20,31,30,30,49,45,35,34,32,33,35,19,94,53,20,26,27,24,30,44,28,32,34,33,24,36,44,34,15,31,33,46,37,37,38,40,31,27,34,61,33,29,32,32,30,34,31,57,42,29,30,28,32,20,32,27,15,32,30,34,30,28,30,34,49,35,31,26,23,26,13,31,22,34,31,23,32,30,34,104,33,27,32,32,29,20,18,34,30,33,29,30,27,26,27,18,36,30,21,36,35,34,33,22,39,33,35,27,85,29,32,31,26,36,33
15,97,40,29,8,18,37,31,38,20,16,48,35,18,46,30,43,24,8,21,7,36,13,30,12,38,45,16,15,25,13,8,15,20,69,11,22,38,43,14,46,14,14,48,19,15,11,18,14,17,13,34,22,54,32,42,26,24,46,13,17,36,48,13,29,70,16,16,36,10,12,9,25,19,40,40,40,12,67,18,12,25,17,11,29,25,27,48,11,17,11,14,19,20,9,41,13,57,6,33,14,42,22,16,72,73,12,48,46,16,33,25,15,10,20,46,20,34,46,13,27,12,36,9,13,15,140,17,50,53,10,19,57,26,14,45,21,24,12,13,21,33,26,0,29,30,19,23,13,18,18,26,23,14,24,59,18,30,37,18,22,14,33,22,14,27,49,11,18,53,21,52,36,42,44,47,11,49,13,21,14,51,14,31,28,32,72,15,12,25,38,42,17,110,19,12,39,63,30,30,31,11,28,36,38,14,22,14,47,25,15,43,22,30,47,30,21,16,16,16,50,30,18,17,93,28,20,28,32,19,40,24,43,19,15,41,33,13,45,45,19,13,22,30,31,41,93,44,33,32,33,38,18,39,22,25,14,40,21,29,36,11,34,12,38,35,34,40,37,42,28,24,15,57,33,22,13,14,29,31,30,60,37,18,27,7,14,18,14,17,18,19,12,17,29,11,10,12,44,33,26,18,21,18,27,19,35,31,14,25,14,32,25,111,17,48,17,13,37,32,29,10,20,13,17,17,31,26,19,21,21,10,13,19,36,12,12,20,44,14,23,27,94,19,27,32,19,26,15
33,101,47,38,27,26,23,36,31,28,26,15,36,22,48,26,35,19,35,25,29,34,32,38,31,45,48,33,24,22,31,29,26,33,69,31,27,39,48,29,44,30,29,47,25,32,29,30,34,29,29,33,29,59,25,37,17,17,37,36,31,35,45,31,29,74,33,18,25,31,32,31,14,31,39,33,38,29,64,17,34,18,32,29,29,23,20,38,31,19,31,31,30,31,28,37,31,63,21,31,34,35,19,25,71,72,32,54,39,34,21,30,36,30,27,48,21,34,41,33,30,30,45,29,31,32,136,20,40,49,30,39,54,16,32,47,33,32,32,32,28,31,30,29,0,31,14,30,35,19,29,18,20,34,28,59,21,13,34,21,26,34,35,28,33,26,44,32,26,58,29,51,38,38,49,26,29,32,31,16,21,41,33,33,32,33,67,21,27,19,40,48,25,107,24,26,38,58,29,28,19,27,17,41,36,34,16,34,50,41,24,34,27,24,47,16,21,31,29,30,59,19,25,35,74,38,24,21,35,17,37,32,39,26,25,37,32,18,47,48,35,36,30,18,30,36,90,46,15,18,22,37,19,48,33,41,36,37,21,19,44,27,23,31,32,25,19,35,40,31,34,26,34,54,9,19,29,29,15,20,32,60,19,21,24,27,34,18,33,17,18,31,27,24,16,18,22,31,46,32,31,32,19,29,11,26,28,35,29,25,33,25,25,110,27,42,32,29,45,24,6,33,26,37,19,23,31,24,26,26,26,29,29,36,29,32,33,17,42,34,26,17,84,21,28,24,16,23,32
34,102,37,34,31,18,41,26,34,32,28,41,30,32,28,35,18,29,34,17,30,28,26,39,34,39,47,25,23,17,32,36,30,34,68,34,33,34,47,29,49,31,24,43,34,30,32,25,33,29,36,19,30,65,37,33,25,19,48,33,33,39,44,33,32,69,25,32,39,27,31,34,26,30,14,16,14,29,64,23,34,16,30,34,31,37,25,45,34,31,31,29,26,26,32,32,31,62,32,11,31,37,18,30,70,77,29,55,46,32,32,25,30,30,23,23,18,29,37,30,30,28,39,32,32,29,141,19,51,43,34,34,60,20,29,49,37,27,36,31,23,30,27,30,31,0,33,24,31,32,34,29,29,30,30,56,25,25,25,25,32,33,34,30,31,38,37,31,29,61,38,53,32,42,47,46,32,46,31,31,31,48,32,36,32,20,78,30,32,35,43,51,27,107,35,30,32,72,20,30,37,29,16,38,32,30,35,30,45,23,20,29,33,31,45,42,33,28,36,34,59,30,32,31,71,20,37,37,32,35,13,41,21,29,22,19,40,32,46,49,37,30,36,36,37,40,98,46,30,34,15,22,32,38,32,23,30,13,32,35,39,29,37,34,39,42,26,44,34,36,36,32,30,61,38,27,30,19,32,35,33,59,26,30,36,33,32,27,31,18,34,36,31,26,10,34,33,32,44,12,33,34,27,16,32,30,28,34,29,37,30,25,34,115,28,46,22,31,42,34,31,34,31,25,18,30,36,29,30,20,36,31,25,32,45,27,28,29,42,34,29,15,85,27,32,37,25,15,32
21,90,36,32,20,18,37,31,36,19,11,34,32,13,42,23,34,9,20,9,20,32,19,29,19,38,45,15,13,13,18,21,12,20,72,18,16,34,52,17,47,20,14,48,19,16,20,21,20,10,20,38,18,58,25,41,7,18,43,23,17,32,45,18,25,66,15,15,31,13,19,18,15,13,27,31,26,17,66,5,16,24,20,17,31,21,29,44,16,20,24,18,18,22,19,42,16,57,16,24,20,42,9,15,72,75,19,49,45,18,31,10,23,19,11,37,14,33,42,19,12,17,38,19,18,17,130,19,57,52,17,25,57,30,22,37,26,18,20,26,19,30,20,19,14,33,0,19,21,7,26,30,17,20,13,53,22,19,30,8,28,20,36,13,21,26,48,19,6,56,10,50,34,37,39,34,19,44,19,3,12,51,19,25,33,37,71,16,17,11,36,38,18,104,11,9,36,57,31,31,20,21,19,35,34,20,17,20,46,36,5,38,25,37,32,35,3,19,18,11,58,18,11,20,89,31,6,29,33,5,33,26,40,13,13,34,23,15,45,43,22,23,16,33,34,28,95,42,16,29,32,36,25,40,26,31,23,33,12,35,36,21,24,20,36,37,30,41,42,40,32,27,22,53,19,16,18,12,20,35,28,58,33,15,31,18,20,13,21,20,9,20,16,18,28,17,15,19,41,33,24,17,17,8,14,17,22,26,14,18,21,32,18,107,11,42,20,20,40,22,15,17,19,20,4,18,28,18,5,3,23,23,11,19,39,19,20,8,40,20,23,15,88,7,22,32,3,29,21
19,94,42,35,22,19,39,31,41,20,16,49,36,12,47,28,43,20,21,21,20,41,21,28,20,37,48,23,24,29,23,24,16,24,73,20,24,31,47,19,50,22,19,57,20,20,19,16,18,8,20,39,25,60,34,46,24,23,47,23,18,41,51,20,21,71,23,24,32,19,22,21,25,24,39,40,39,18,65,12,20,24,22,20,22,24,37,54,21,14,15,22,23,25,17,36,23,66,22,35,18,45,27,23,74,77,21,57,52,19,32,28,23,20,21,45,26,34,45,20,23,20,43,22,19,19,143,20,54,53,20,22,61,34,23,51,22,28,17,24,18,34,31,23,30,24,19,0,18,22,28,28,28,22,27,56,25,22,36,20,29,18,37,16,21,33,51,22,15,63,25,56,38,36,49,49,24,55,18,12,17,51,23,30,31,38,75,14,21,18,41,46,15,109,14,14,42,66,31,35,38,21,30,42,40,22,25,18,51,36,23,44,30,35,45,40,23,25,16,15,59,29,10,20,95,31,20,34,35,13,39,33,43,11,18,41,28,26,47,53,22,23,22,37,34,41,95,48,31,33,28,40,28,42,20,36,23,39,19,43,38,21,36,20,44,45,33,45,39,48,36,30,22,60,38,25,21,15,30,43,33,57,37,26,31,22,18,21,21,16,16,22,21,17,26,19,19,24,50,37,29,21,24,14,30,21,30,29,14,22,21,36,22,111,22,49,19,19,44,34,34,23,25,19,16,20,25,23,16,23,24,20,16,20,40,18,18,20,39,22,29,24,94,19,27,32,21,30,17
10,96,45,37,7,20,42,33,38,25,14,46,33,25,43,29,35,29,12,17,12,43,7,29,16,37,40,17,18,25,7,13,15,20,70,11,23,36,47,16,45,6,17,49,28,15,12,15,5,16,12,42,25,58,38,44,21,26,49,9,20,36,46,10,32,70,17,18,39,14,13,12,29,23,33,31,32,13,67,24,13,27,6,11,30,28,30,55,9,24,12,7,26,23,7,43,7,63,13,31,3,41,27,16,72,78,8,55,53,14,33,24,7,7,23,48,21,31,48,4,28,18,37,10,11,7,137,20,54,54,4,18,58,36,5,50,22,28,10,9,18,31,33,13,35,31,21,18,0,23,27,29,26,4,30,57,22,27,36,17,26,5,41,19,12,34,46,15,19,62,27,52,38,40,49,44,11,49,4,18,16,48,11,29,34,39,71,18,10,25,39,46,12,109,21,15,40,62,31,30,35,9,29,36,34,4,26,2,45,38,20,46,25,35,48,37,23,26,18,16,55,28,14,22,94,31,22,33,34,24,37,35,42,17,19,40,29,18,40,48,22,7,19,35,27,41,94,39,28,31,31,42,25,45,25,38,7,37,26,38,44,9,37,11,42,40,36,42,42,43,38,30,3,58,35,26,11,14,31,38,29,61,37,20,34,13,4,19,12,17,21,24,13,16,29,16,12,11,45,39,28,21,26,18,33,17,35,28,19,30,10,31,25,107,16,48,15,14,42,33,33,12,21,11,17,18,29,24,18,21,29,7,13,9,39,4,6,17,38,13,29,25,91,25,28,32,18,31,12
23,98,37,27,19,14,28,30,39,18,18,45,31,4,44,23,35,14,18,15,25,36,21,26,15,37,46,13,13,16,22,22,14,20,59,22,17,25,43,18,42,23,19,41,15,11,17,17,25,17,21,34,21,56,24,35,18,16,42,25,18,36,46,22,14,71,14,18,22,18,19,20,26,18,37,43,37,17,61,5,22,16,18,21,26,18,30,41,23,7,26,21,12,10,21,41,22,62,16,31,25,39,16,20,72,69,20,52,45,20,15,19,24,19,5,52,19,33,44,24,10,21,38,13,23,20,133,9,51,49,19,26,57,26,23,37,22,26,23,24,11,29,19,18,19,32,7,22,23,0,24,15,4,24,14,57,21,23,32,15,20,25,33,8,23,16,45,20,16,58,9,52,33,37,34,41,19,51,25,12,20,52,21,23,26,40,68,13,20,7,37,45,20,107,22,17,35,59,30,30,33,21,27,37,36,24,24,22,48,28,12,42,30,29,29,28,14,24,20,19,50,25,20,17,89,30,15,30,32,7,36,32,37,14,13,35,18,23,46,43,25,27,22,37,27,21,94,45,19,19,29,30,17,38,14,25,27,36,16,36,23,21,17,22,37,42,37,41,37,42,29,18,23,57,31,13,20,17,14,36,28,57,37,22,32,22,22,14,23,15,14,18,20,25,29,22,16,24,46,31,25,11,16,12,34,14,26,26,15,16,23,33,21,114,19,41,18,13,31,29,22,24,15,22,6,18,23,16,10,18,10,20,15,26,29,23,23,7,34,21,10,21,94,3,18,35,13,33,22
25,93,37,32,20,18,38,32,39,22,27,41,36,24,43,33,44,23,21,20,16,37,24,24,17,42,48,26,17,28,18,19,26,25,68,23,17,37,43,21,37,19,22,52,23,16,20,22,25,23,19,35,14,59,35,40,19,22,45,21,21,34,50,23,25,66,26,18,35,23,17,22,30,20,42,44,42,22,67,27,22,29,23,21,28,32,31,56,19,24,18,22,15,16,16,42,17,57,21,29,25,43,19,20,66,78,22,54,53,24,28,18,21,22,23,48,18,34,47,25,26,18,42,20,25,23,137,23,51,52,23,25,63,29,25,45,13,27,18,24,18,35,36,18,29,34,26,28,27,24,0,27,25,22,32,58,18,26,40,24,28,25,33,24,22,34,45,16,24,63,25,54,29,39,45,49,14,43,24,23,22,51,22,31,26,31,71,25,21,25,44,45,29,108,23,23,39,65,34,33,35,24,29,35,35,22,21,25,46,37,25,46,29,26,47,37,25,14,22,23,54,23,25,20,93,34,24,26,23,22,35,27,46,22,24,40,30,23,42,46,19,24,22,28,35,36,90,42,28,34,34,35,22,45,28,37,24,35,26,27,35,24,34,22,34,34,35,39,43,43,33,31,24,59,35,25,23,25,27,27,21,60,43,21,30,16,25,22,22,22,24,21,20,24,32,21,20,21,50,37,27,24,23,22,26,22,32,24,22,28,22,31,26,107,20,48,27,21,39,33,33,18,20,21,26,25,34,23,27,26,29,24,25,25,33,24,23,24,41,23,33,21,88,28,30,27,25,31,24
31,93,24,27,25,14,19,21,28,26,25,32,32,18,30,16,28,16,27,14,30,45,30,32,25,36,37,19,16,17,29,26,21,26,56,28,34,19,35,24,41,25,25,49,15,23,26,26,28,23,24,21,27,56,23,35,21,27,35,30,29,31,46,28,19,62,20,22,26,18,21,26,9,26,26,35,26,29,60,12,23,8,24,27,20,22,18,44,24,12,30,28,26,30,22,40,26,55,23,17,28,41,13,27,64,68,28,46,40,26,26,24,33,27,19,35,12,32,42,29,22,27,42,20,30,27,133,10,50,51,29,33,52,18,31,25,29,27,27,32,15,18,19,26,18,29,30,28,29,15,27,0,16,32,13,41,18,19,24,23,23,28,33,18,25,29,34,28,28,54,20,45,28,39,45,28,20,48,29,20,26,37,29,20,29,30,67,16,25,10,35,46,28,104,28,26,40,57,26,24,12,28,19,39,37,32,23,28,40,23,24,37,24,16,43,16,25,21,25,28,59,9,31,29,85,21,27,13,24,13,29,29,25,27,27,29,19,25,42,43,33,29,23,37,28,38,78,41,18,14,23,23,17,43,11,23,29,29,11,23,34,28,27,29,32,32,26,25,33,33,18,20,32,59,31,26,24,31,20,23,34,53,27,30,31,22,28,26,25,17,27,24,28,26,18,27,27,27,48,32,30,27,17,24,14,25,26,31,30,19,25,33,36,113,16,25,26,29,24,26,19,24,20,23,26,17,19,31,25,29,27,32,31,30,21,29,30,23,37,31,20,14,90,17,24,26,28,23,29
27,92,46,34,22,19,30,29,44,26,13,44,33,14,41,18,40,14,20,15,26,39,28,26,19,42,48,20,22,17,21,22,17,20,64,24,25,30,48,26,42,22,13,45,12,13,23,21,25,21,20,35,25,46,26,21,18,13,46,31,23,36,44,24,9,65,20,22,24,29,16,25,17,28,37,42,38,26,55,9,25,25,22,22,19,13,27,50,24,16,22,25,20,23,21,43,24,61,21,32,25,39,14,20,70,63,24,40,49,24,21,17,29,25,11,53,13,32,42,24,14,19,41,22,28,27,130,13,53,48,25,30,53,27,26,36,19,24,25,29,14,37,25,23,20,29,17,28,26,4,25,16,0,30,19,58,26,25,34,22,21,25,33,16,26,21,37,22,21,55,17,49,36,38,39,43,23,54,24,12,16,44,23,13,30,39,61,17,22,12,39,43,26,107,22,21,41,59,35,35,29,24,22,43,39,30,30,25,48,30,8,44,28,33,21,25,17,25,29,20,51,17,17,22,91,35,16,24,35,9,31,32,32,18,11,33,18,21,47,40,30,31,24,33,26,30,96,45,16,23,32,20,24,37,8,32,31,31,9,40,19,24,21,27,39,42,40,40,41,46,35,27,30,56,28,13,22,24,19,29,24,55,38,23,26,23,25,17,26,17,13,18,20,27,32,23,21,28,52,33,22,18,13,20,33,19,19,27,16,6,26,31,29,114,25,47,20,13,43,20,18,28,12,21,21,24,25,13,18,22,9,23,15,28,23,27,24,15,41,22,16,13,93,15,16,36,17,34,28
10,98,43,31,4,21,39,33,35,24,12,45,35,24,45,27,35,26,13,16,13,42,4,29,14,34,42,16,16,24,7,11,15,20,71,8,24,38,45,17,45,7,14,50,24,15,9,17,7,15,14,40,27,62,39,44,23,27,46,7,16,34,44,5,32,71,15,15,38,14,13,7,31,22,31,33,32,13,65,23,11,27,8,5,31,31,30,55,10,24,14,3,24,22,6,40,8,62,11,30,5,40,25,14,73,79,2,57,52,15,35,26,4,5,25,43,21,33,46,6,25,13,31,8,7,4,139,21,51,53,6,16,58,35,3,46,22,27,12,9,23,32,34,14,34,30,20,22,4,24,22,32,30,0,31,58,20,31,34,18,28,7,38,21,5,31,44,17,19,64,28,49,34,40,51,42,15,50,4,20,15,46,10,29,31,38,73,20,10,26,40,46,14,109,20,14,37,64,32,32,34,9,29,37,33,0,21,4,41,37,21,42,25,35,49,37,23,24,17,17,56,24,13,21,93,32,21,32,34,25,37,35,41,18,17,39,28,15,42,49,18,4,20,35,28,38,91,35,35,28,30,41,26,43,28,36,5,37,24,36,43,9,38,7,39,38,37,43,42,44,38,31,1,59,39,23,4,14,35,36,29,58,40,20,33,15,6,16,5,17,21,23,12,15,28,16,13,9,47,37,24,19,27,19,31,18,34,27,19,30,3,34,22,104,19,45,11,19,41,34,35,13,26,9,17,18,27,27,19,19,28,9,13,11,39,2,8,18,37,6,28,22,88,26,26,33,16,31,10
31,98,40,39,29,15,27,27,40,30,27,37,28,14,35,30,42,15,25,25,35,35,22,33,25,38,39,16,20,32,31,33,23,28,73,31,32,31,54,24,41,26,25,49,18,22,27,23,30,19,31,38,23,57,20,34,29,31,45,31,26,42,53,31,23,68,15,29,41,29,24,30,18,29,39,36,39,23,64,12,32,29,27,30,29,20,32,46,31,11,27,30,29,28,29,47,30,57,31,33,30,41,26,28,68,65,29,46,45,26,17,5,30,29,13,40,31,34,52,31,14,28,33,30,29,29,134,23,55,57,31,28,58,37,31,32,23,30,32,33,19,25,19,24,28,30,13,27,30,14,32,13,19,31,0,56,33,14,35,24,26,30,42,17,32,23,49,29,12,62,13,50,33,45,39,43,27,52,32,25,28,45,28,21,32,39,61,16,28,9,39,46,34,112,25,23,40,60,30,32,18,28,25,35,31,31,25,30,41,36,24,46,29,25,42,24,21,29,31,24,55,19,25,26,95,31,25,27,31,14,33,35,44,24,19,43,25,24,40,43,30,28,30,26,33,37,88,42,32,22,27,31,25,45,11,29,28,33,18,40,26,28,33,30,41,35,39,42,43,44,32,22,31,61,21,30,30,22,27,43,33,62,39,27,28,24,30,19,32,20,13,29,22,35,28,29,31,29,49,35,27,19,23,20,13,20,22,35,19,21,30,35,39,103,32,37,26,23,36,28,17,32,27,28,26,16,30,30,19,24,28,25,22,30,40,29,25,24,41,31,5,26,86,20,31,33,26,33,28
57,100,43,39,58,54,50,51,61,49,55,57,55,58,57,55,57,52,53,54,57,51,52,59,53,59,59,54,55,54,58,59,53,54,58,54,50,57,55,56,51,56,54,53,52,51,57,56,56,57,53,59,53,56,48,48,53,55,58,57,55,52,46,54,55,60,54,54,63,51,56,53,52,49,57,60,57,56,62,58,56,53,56,55,61,57,51,53,51,52,56,53,55,51,56,61,55,52,55,57,56,52,51,57,62,71,56,59,59,56,59,57,57,54,58,61,52,40,54,55,59,52,57,54,56,52,137,51,46,46,56,62,61,50,59,27,61,55,55,56,54,56,54,59,59,56,53,56,57,57,58,41,58,58,56,0,54,59,55,59,46,56,49,55,57,57,17,50,57,48,56,14,61,57,52,50,56,61,56,51,57,44,55,58,59,62,75,59,52,58,53,60,56,105,56,55,55,59,57,54,61,52,58,62,58,58,50,56,57,58,56,60,56,43,55,50,57,52,53,56,52,57,56,60,82,57,52,47,54,55,56,49,51,58,55,57,54,54,57,61,56,57,52,46,45,56,88,60,62,44,59,46,54,46,60,58,57,56,61,54,50,52,48,53,52,53,49,59,53,49,52,59,54,53,47,58,57,56,61,55,50,57,59,56,55,56,56,56,57,56,53,51,55,48,56,57,53,58,57,44,60,51,54,54,56,55,47,54,60,52,53,45,59,112,45,53,56,58,49,56,54,52,60,55,55,57,55,50,54,49,58,58,56,57,47,53,55,59,53,55,63,57,82,56,59,57,55,53,56
24,94,40,32,24,14,28,30,44,16,21,41,28,25,33,28,39,23,24,20,14,36,25,31,24,36,41,21,23,28,24,21,20,23,62,23,21,26,41,25,47,16,19,50,25,18,24,19,23,23,16,36,23,59,37,40,21,26,47,22,15,25,30,22,33,70,20,16,31,15,24,21,24,18,34,38,35,20,72,26,24,22,25,23,20,32,28,58,24,26,16,24,22,17,23,40,24,66,16,23,22,36,20,17,69,82,21,54,53,25,29,22,23,22,22,43,24,32,40,23,24,18,41,27,23,21,141,15,53,50,24,30,57,29,22,48,26,23,18,25,21,25,32,18,21,25,22,25,22,21,18,18,26,20,33,54,0,27,36,24,26,23,36,24,24,37,36,13,25,61,26,42,33,35,47,44,20,41,19,22,25,46,23,21,24,39,76,22,22,26,41,47,11,106,26,22,41,65,31,31,27,22,26,38,33,20,25,22,48,32,23,42,12,28,47,28,22,10,7,24,60,30,25,23,87,30,17,25,25,26,37,25,44,24,18,38,27,22,46,36,21,23,14,20,28,37,92,40,22,23,29,36,13,40,30,38,24,37,22,28,42,22,38,22,36,36,34,45,42,34,27,28,19,56,26,25,23,22,36,28,18,59,32,13,22,20,22,25,24,24,25,9,24,11,30,17,22,25,43,36,25,22,26,15,28,24,32,13,19,33,23,22,15,108,9,43,23,23,38,36,23,19,25,16,20,20,26,22,26,25,30,22,19,25,36,18,23,20,43,25,30,13,88,26,23,11,20,31,26
29,101,42,37,26,6,24,21,38,20,23,27,31,11,47,27,37,18,27,21,30,36,28,31,28,33,46,26,23,20,26,31,21,24,68,26,30,31,48,26,44,29,24,45,23,28,26,19,26,12,29,39,18,58,23,41,15,14,38,30,23,31,42,26,13,68,26,33,32,28,28,25,10,23,34,35,33,25,61,18,27,10,26,24,26,24,25,51,27,10,28,28,24,23,22,25,26,55,26,28,26,38,15,28,69,64,25,51,49,16,18,21,26,28,11,42,14,28,35,27,18,26,41,27,26,27,134,28,51,51,23,34,52,31,29,42,27,18,27,28,16,29,25,30,13,25,19,22,27,23,26,19,25,31,14,59,27,0,29,12,22,26,33,15,29,27,51,23,18,63,14,50,34,28,41,42,27,47,26,12,21,44,26,21,24,29,66,10,27,8,25,41,30,100,15,23,34,60,29,35,19,31,14,45,39,31,32,26,48,37,17,37,26,32,42,35,21,23,30,22,59,5,29,26,84,30,17,20,29,11,36,22,42,12,17,32,31,29,41,49,29,28,28,32,31,21,90,51,21,25,28,35,26,41,25,38,29,36,20,31,43,31,15,27,36,40,32,42,30,35,30,29,30,62,21,22,26,20,4,31,26,58,37,25,32,31,26,10,29,11,8,20,22,25,24,31,33,28,42,32,27,9,14,14,20,12,32,35,23,13,29,31,33,106,26,37,24,30,38,22,20,25,27,30,21,18,31,29,11,22,21,28,29,28,39,30,26,12,44,26,15,13,89,15,21,33,22,19,30
36,103,31,31,33,29,27,28,34,27,33,39,26,30,37,30,9,28,33,32,36,35,34,45,36,39,34,27,26,30,35,37,33,31,69,31,30,36,37,31,51,34,25,17,39,24,35,31,35,31,34,13,33,62,38,34,23,28,43,36,29,39,48,31,33,65,26,35,35,32,33,32,25,28,8,9,7,36,54,29,35,24,31,32,39,29,25,56,32,36,31,34,30,28,33,38,34,58,32,18,35,32,33,34,65,78,33,52,42,37,37,33,34,35,37,21,27,32,35,32,27,29,49,35,33,33,138,26,53,37,33,40,52,28,34,41,39,33,35,32,27,6,25,37,34,25,30,36,36,32,40,24,34,34,35,55,36,29,0,28,28,35,35,36,32,37,40,35,29,63,30,46,33,36,54,32,34,51,36,29,31,40,32,37,28,15,77,28,36,38,41,41,29,104,34,32,32,69,7,28,33,36,35,38,40,34,36,33,48,7,26,10,36,39,44,37,26,36,32,31,51,30,31,35,74,7,35,34,35,29,27,32,12,33,28,10,38,34,44,47,41,34,35,30,39,38,88,44,37,37,11,34,38,39,32,7,34,27,33,34,41,36,37,34,11,43,30,36,21,30,33,34,35,59,35,30,32,30,35,34,41,54,39,32,37,36,33,31,32,30,25,37,33,34,10,37,37,35,31,30,38,33,31,34,26,27,31,37,35,41,32,39,37,112,35,39,37,37,39,32,31,34,29,29,28,36,33,37,27,32,32,37,30,38,31,34,36,34,41,33,37,30,94,31,31,40,31,21,34
19,90,35,33,16,18,37,25,30,13,13,41,28,9,35,24,40,15,17,14,15,34,16,33,15,36,44,18,14,11,19,21,15,16,70,19,25,32,49,8,48,18,14,50,21,13,17,15,18,2,22,40,28,56,21,38,9,17,41,21,19,39,49,19,22,72,18,24,31,19,17,19,21,21,35,37,35,15,65,9,18,19,18,19,29,20,32,53,18,15,17,15,22,22,19,38,19,58,19,25,17,41,11,21,74,73,15,47,53,14,20,24,16,19,8,46,18,33,48,16,22,17,36,16,16,15,137,19,53,50,18,22,56,34,17,46,23,22,18,14,15,32,28,18,21,25,8,20,17,15,24,23,22,18,24,59,24,12,28,0,27,18,36,4,19,32,44,14,10,58,13,48,28,39,41,46,20,49,16,5,10,50,17,29,28,33,68,5,19,8,41,42,19,104,9,11,30,63,28,32,30,16,27,38,36,18,24,17,45,36,6,39,30,33,43,37,6,25,16,15,55,26,14,15,93,29,13,32,34,5,27,35,41,13,10,39,24,26,43,50,22,19,21,31,33,26,90,41,18,31,29,33,24,38,14,34,19,27,19,38,38,16,23,18,42,42,32,40,36,46,36,28,18,59,32,14,18,10,16,38,30,60,39,24,36,21,17,8,19,10,4,21,14,20,22,21,21,20,47,32,22,22,25,18,21,1,29,28,13,19,18,30,21,112,19,46,12,18,42,29,25,21,12,13,5,10,22,16,5,18,26,16,11,15,39,15,18,10,39,19,25,21,94,5,28,35,6,29,17
27,90,41,27,23,24,28,29,39,22,25,43,32,22,39,29,39,28,20,18,23,36,26,28,25,41,40,22,20,21,25,24,26,24,63,23,25,28,45,26,48,25,22,49,19,25,23,26,25,28,25,33,26,53,35,35,25,26,43,27,20,25,34,23,28,58,23,18,30,20,26,26,24,23,31,33,31,24,66,20,20,24,23,27,24,21,27,46,26,22,21,24,23,23,23,39,27,64,24,27,25,42,23,22,59,71,26,54,44,27,29,32,29,21,19,50,21,21,44,24,24,21,31,25,23,26,138,21,55,50,25,26,57,29,26,43,28,26,23,27,25,23,27,22,26,32,28,29,26,20,28,23,21,28,26,46,26,22,28,27,0,25,33,28,24,22,34,15,23,51,25,47,33,38,39,43,19,49,27,25,24,50,26,20,31,33,72,25,24,19,35,41,26,105,24,26,38,60,29,31,25,25,26,42,39,26,25,25,36,31,20,41,21,30,41,33,24,15,24,26,47,19,24,26,90,29,23,22,32,25,29,23,41,25,28,39,30,23,45,42,27,27,22,19,25,36,93,44,28,30,26,32,16,39,20,29,26,29,21,25,36,25,30,26,37,36,31,30,42,42,36,22,27,51,29,26,26,23,27,24,17,58,36,20,20,24,25,25,24,26,26,17,24,26,22,22,25,29,46,30,25,21,17,22,27,24,33,26,21,20,24,29,25,110,24,37,28,23,37,33,29,25,21,24,23,27,26,22,24,24,24,26,25,24,38,26,22,26,46,26,23,22,89,21,26,31,25,26,25
8,97,44,36,9,19,41,32,40,24,14,45,32,25,44,28,39,28,11,16,13,42,11,28,15,39,44,16,18,24,8,14,15,20,69,9,22,35,46,16,44,8,14,50,27,14,7,16,3,18,13,41,26,57,37,45,26,27,48,9,19,35,45,9,31,69,16,23,38,13,12,4,30,22,34,35,33,13,65,24,10,26,7,9,28,31,31,52,10,24,13,7,25,22,9,42,8,62,13,29,3,42,24,15,71,78,7,54,49,16,34,26,9,7,22,47,22,35,47,4,27,15,41,9,9,8,136,19,55,53,11,22,57,35,9,49,23,27,9,13,19,31,32,14,34,33,20,18,5,25,25,28,25,7,30,56,23,26,35,18,25,0,39,20,5,35,45,14,18,61,26,51,37,39,48,43,10,50,4,18,18,47,11,28,33,38,70,18,11,24,38,46,11,108,20,14,41,61,30,32,34,11,30,40,36,7,25,3,48,37,19,43,26,34,46,37,22,25,17,16,54,26,14,23,93,30,22,34,33,24,39,33,41,18,16,39,30,23,42,48,24,9,22,37,29,40,93,45,34,30,30,41,24,45,25,37,9,39,27,39,44,11,36,9,41,41,33,41,41,45,40,31,7,57,34,25,5,13,30,39,28,60,40,19,33,12,3,18,5,18,20,23,13,15,28,17,11,12,46,38,27,20,27,17,32,18,34,27,19,29,5,30,24,109,17,47,17,15,41,34,32,13,22,11,18,20,28,27,18,22,29,16,13,11,38,7,7,18,40,4,30,24,92,25,27,33,18,31,6
39,101,15,18,38,36,32,34,41,33,35,44,37,33,35,34,40,34,35,31,36,7,36,40,34,44,44,34,35,34,38,38,34,35,66,36,33,21,38,38,52,38,32,35,27,33,35,37,39,39,33,27,37,60,36,33,35,35,37,40,35,34,45,36,32,60,35,35,33,34,36,37,37,35,34,39,34,37,57,34,39,27,35,36,36,37,33,45,37,35,38,35,33,36,34,39,35,60,36,21,39,28,35,34,63,77,36,53,52,36,34,38,40,34,31,49,34,35,42,37,35,34,44,36,36,36,145,30,48,46,38,40,62,32,38,37,36,30,34,39,37,26,41,33,35,34,36,37,41,33,33,33,33,38,42,49,36,33,35,36,33,39,0,34,38,32,36,35,34,42,31,52,20,27,32,38,34,53,39,31,37,42,36,34,28,29,72,36,35,24,41,47,35,95,31,36,22,60,29,31,35,35,35,39,38,40,37,39,49,27,28,31,39,31,40,39,39,32,31,33,60,34,37,39,74,30,29,29,34,29,25,37,28,32,36,33,41,41,44,46,43,40,37,34,34,36,99,41,34,34,25,30,39,9,28,31,40,25,29,41,4,35,27,37,40,40,34,42,35,42,36,28,38,62,34,34,39,32,36,43,45,39,45,34,39,32,39,31,38,34,36,29,32,33,25,36,36,35,43,7,32,30,34,40,31,39,35,39,37,31,38,40,41,117,32,50,36,38,40,34,35,37,30,37,30,38,37,31,31,32,26,39,39,40,41,37,39,28,40,37,36,36,96,30,30,38,31,27,37
21,91,36,32,20,21,36,32,35,20,18,43,33,9,44,20,41,24,21,18,18,31,12,31,19,35,42,16,21,14,20,23,13,18,69,21,21,35,51,12,50,19,22,53,22,17,19,8,20,12,22,41,28,57,21,35,12,18,40,21,19,38,51,21,25,73,16,22,29,20,21,20,26,16,39,39,39,17,64,19,22,28,19,21,25,23,37,52,21,10,20,19,21,21,21,36,21,63,22,24,19,41,26,24,75,74,19,55,52,17,31,16,21,19,13,45,21,34,50,18,19,22,37,17,20,17,138,18,56,51,20,24,65,33,19,43,22,25,20,20,14,34,29,22,28,30,13,16,19,8,24,18,16,21,17,55,24,15,36,4,28,20,34,0,21,28,45,20,6,55,27,53,31,34,44,45,22,51,19,5,14,51,19,26,30,34,72,14,18,16,41,43,19,109,17,13,37,63,27,31,32,17,28,37,34,20,23,19,38,34,11,44,31,35,39,36,15,26,19,12,54,26,18,18,87,28,18,32,38,10,33,37,39,13,12,37,18,22,43,50,16,21,18,34,34,43,93,39,25,30,27,41,25,36,22,32,21,33,20,39,33,17,26,21,40,43,35,44,37,46,38,28,20,60,30,16,20,18,27,39,30,56,37,24,36,21,19,14,21,13,8,22,14,22,25,19,21,19,48,29,20,21,17,10,19,5,28,32,19,21,20,32,21,107,20,47,13,23,43,30,27,21,19,16,13,6,23,14,6,19,27,19,13,18,35,17,16,19,36,21,21,14,93,8,29,34,13,27,19
8,96,39,32,4,20,35,32,32,21,12,46,33,23,46,26,36,25,14,17,11,40,10,28,14,36,43,17,19,23,5,12,15,19,70,5,22,36,47,16,44,7,15,48,26,15,7,16,3,18,10,36,25,59,37,41,25,28,45,14,12,32,42,6,31,69,17,22,34,10,15,5,27,21,35,36,35,12,66,24,11,27,8,7,29,30,32,51,7,24,12,9,24,22,5,39,10,62,14,30,4,41,23,12,71,76,5,56,49,16,33,26,14,6,22,46,19,30,46,6,27,16,38,10,6,8,138,19,52,52,10,25,58,32,6,48,22,28,9,13,19,31,32,14,33,31,21,21,12,23,22,25,26,5,32,57,24,29,32,19,24,5,38,21,0,31,44,15,18,61,27,48,34,37,49,40,11,49,5,19,17,46,9,29,28,35,70,19,4,25,38,46,13,107,19,14,38,61,31,29,34,4,29,37,37,5,22,5,46,35,21,40,25,33,47,39,23,22,18,16,54,29,12,19,92,31,22,31,32,24,37,32,42,19,15,40,29,22,43,48,19,14,21,36,35,37,92,44,34,31,29,40,25,45,28,35,14,37,26,34,41,4,35,4,38,36,34,38,41,44,37,28,7,58,37,22,6,15,33,34,28,58,39,20,30,14,3,16,0,18,18,22,11,16,26,17,12,7,45,35,23,18,26,18,32,18,33,26,20,29,2,32,21,106,16,44,16,14,44,35,33,14,25,10,16,21,26,27,16,21,26,16,15,18,40,6,9,18,37,3,30,24,89,23,24,32,17,30,5
33,104,37,34,32,30,37,36,39,35,28,48,33,29,45,26,39,31,30,26,32,26,33,32,29,34,42,28,31,31,30,29,28,30,69,30,33,30,44,31,42,32,29,45,26,27,27,23,35,27,33,39,34,54,38,39,27,32,47,34,28,39,47,30,30,71,28,29,24,31,29,32,27,27,28,36,28,30,70,27,33,28,32,32,35,18,26,51,31,25,31,33,25,25,32,38,31,63,30,27,35,44,30,31,71,70,31,51,43,26,24,33,35,31,18,53,28,33,34,34,22,31,44,31,33,32,133,27,55,53,28,36,49,27,33,40,29,23,34,32,27,20,34,27,26,38,26,33,34,16,34,29,21,31,23,57,37,27,37,32,22,35,32,28,31,0,43,31,31,53,12,56,35,28,41,48,29,54,34,26,27,48,32,29,34,40,54,23,31,16,42,52,34,95,25,29,39,58,33,32,31,32,31,43,38,33,34,35,47,26,19,40,39,27,37,37,28,28,32,29,52,28,30,30,93,29,32,36,39,18,32,39,35,28,27,33,32,35,43,43,36,32,34,38,39,31,99,45,31,33,25,35,34,37,28,28,31,32,27,41,24,32,25,31,38,48,34,43,42,46,32,19,32,61,34,25,33,27,22,41,29,43,42,27,34,32,35,26,32,23,29,35,29,34,29,27,31,32,46,28,28,27,31,31,32,26,31,38,21,20,32,30,35,114,33,42,30,27,33,31,19,31,28,30,28,34,27,31,28,22,5,28,29,33,39,32,32,32,40,31,21,30,93,22,10,39,30,28,35
47,102,36,37,45,47,34,36,51,47,45,45,50,47,30,32,46,42,40,45,48,34,47,49,47,56,59,48,33,43,45,42,39,45,66,43,46,39,30,45,59,45,45,28,41,46,48,47,45,46,46,41,41,47,44,33,45,38,43,46,45,31,41,43,41,60,48,43,41,42,46,43,34,48,39,42,40,46,58,38,43,27,43,44,49,42,34,35,43,40,42,46,46,45,44,44,42,58,45,37,45,41,38,41,71,67,44,45,43,49,44,52,46,43,38,49,32,43,43,44,43,46,41,40,44,46,128,37,47,55,42,52,47,38,46,27,48,41,46,47,43,40,39,49,44,37,48,51,46,45,45,34,37,44,49,17,36,51,40,44,34,45,36,45,44,43,0,49,50,28,42,46,46,29,21,23,42,38,45,43,49,33,46,35,45,42,63,50,47,45,42,49,49,107,47,44,45,48,44,32,40,47,37,55,55,47,47,45,55,37,41,42,41,40,39,32,46,42,46,49,54,38,47,50,87,42,44,40,47,42,30,47,40,47,47,47,48,43,54,54,53,47,46,49,41,45,85,49,40,40,42,27,42,35,42,37,46,30,46,45,37,47,38,43,39,44,44,47,41,37,36,45,47,59,36,44,46,48,45,42,51,54,35,46,47,41,45,45,42,50,51,35,46,43,47,46,42,45,47,37,48,45,40,50,43,43,44,43,44,46,42,40,51,111,34,29,47,41,32,33,43,44,36,48,48,51,41,31,43,42,46,47,48,47,41,46,44,46,51,44,49,35,87,47,38,48,43,38,47
17,93,38,31,12,13,38,33,37,16,14,46,33,17,41,26,41,24,9,19,13,37,14,32,13,35,41,12,17,26,17,12,17,18,67,16,17,29,41,11,41,17,15,49,25,16,15,17,14,14,7,34,20,54,35,42,24,23,45,20,21,32,42,16,30,69,13,17,34,17,13,16,30,20,36,39,36,13,67,22,11,29,11,15,25,26,27,48,14,24,15,12,12,19,10,39,14,60,10,29,14,44,25,8,71,74,15,55,51,17,33,28,16,14,20,44,21,27,46,15,23,13,39,9,16,13,140,22,53,53,13,21,60,25,17,46,19,27,12,16,20,30,32,11,32,31,19,22,15,20,16,28,22,17,29,50,13,23,35,14,15,14,35,20,15,31,49,0,16,60,25,49,37,39,48,43,7,47,16,18,11,48,14,22,27,31,69,14,14,23,38,44,10,108,20,12,37,60,29,34,28,14,21,40,32,17,21,17,41,33,16,45,23,31,43,33,22,15,10,13,56,29,13,21,91,29,16,25,30,24,37,33,40,17,16,38,30,17,41,43,16,13,13,30,33,35,93,41,28,32,30,42,17,36,17,33,13,37,19,33,40,14,30,14,37,35,31,32,39,45,28,22,18,55,34,17,13,16,29,33,23,57,35,13,30,9,14,15,15,17,20,19,14,3,27,7,10,14,45,33,22,20,21,21,27,17,33,19,20,29,15,29,19,106,8,46,16,17,39,35,34,9,21,13,12,19,26,23,19,19,25,17,16,17,36,13,16,16,36,16,27,24,91,21,26,26,17,28,18
19,93,40,31,20,22,35,33,36,12,9,40,29,7,39,17,31,20,18,11,18,38,19,32,16,39,45,8,10,21,16,15,13,13,70,18,22,36,45,11,45,17,3,46,25,4,18,3,18,10,15,36,18,58,28,44,12,22,39,18,18,35,45,18,30,70,8,18,34,18,17,17,14,11,30,29,29,17,64,12,16,25,16,15,30,22,19,42,13,7,15,17,19,19,15,40,15,58,14,22,18,36,16,13,71,70,17,48,40,16,32,9,20,17,6,40,10,34,41,17,16,10,38,13,16,17,132,11,53,45,14,25,57,25,20,42,22,19,18,20,16,24,15,18,26,29,6,15,19,16,24,28,21,19,12,57,25,18,29,10,23,18,34,6,18,31,50,16,0,58,23,48,27,39,48,43,16,46,17,10,13,48,17,21,21,29,71,3,19,6,33,38,16,102,12,8,29,58,25,28,20,19,22,37,33,19,17,18,43,27,14,38,28,28,43,39,4,21,18,15,56,13,9,12,86,27,13,21,35,6,26,27,40,15,7,23,23,18,43,46,23,18,17,33,31,39,92,42,18,17,24,34,20,41,18,27,18,26,20,37,45,19,23,16,33,34,27,39,37,34,35,22,18,58,19,17,17,8,19,37,30,53,33,23,27,15,18,6,19,10,6,19,14,18,24,17,16,18,41,29,22,7,14,5,14,9,30,27,13,22,19,28,24,106,20,42,14,18,44,25,16,16,17,20,7,15,23,17,9,15,27,21,13,19,43,18,18,9,38,18,22,15,88,9,28,32,15,16,19
61,98,62,61,59,61,50,43,57,60,57,59,59,52,50,43,59,64,60,53,61,56,62,62,58,67,73,54,49,55,62,59,61,62,76,60,62,52,42,56,58,61,56,71,54,61,60,55,61,63,63,59,65,46,41,42,53,55,53,63,60,56,58,60,55,60,55,61,50,62,58,61,65,55,62,62,62,57,54,52,59,52,61,58,61,59,48,55,58,52,62,59,64,64,59,56,60,60,59,62,61,64,58,61,69,55,59,53,45,56,59,67,65,59,48,71,57,63,57,60,51,58,60,60,60,59,116,53,60,66,59,64,49,53,62,52,65,59,61,64,48,60,60,53,58,61,56,63,62,58,63,54,55,64,62,48,61,63,63,58,51,61,42,55,61,53,28,60,58,0,56,60,62,24,23,61,60,67,61,61,60,60,62,53,62,56,31,56,61,55,48,59,64,94,55,51,67,6,62,51,55,61,62,68,63,63,59,61,71,64,55,67,61,49,56,62,62,62,62,61,62,52,57,61,98,62,57,49,69,55,52,64,67,58,62,61,65,61,69,54,65,63,61,62,63,65,90,69,60,46,45,55,57,66,60,57,63,52,52,60,56,61,58,60,59,70,62,64,61,49,51,55,63,60,51,58,61,54,54,51,56,62,66,56,49,61,61,56,60,58,57,61,59,62,54,63,57,60,69,56,58,59,56,58,60,55,67,69,53,50,60,57,66,109,60,57,62,61,54,59,54,60,57,63,58,58,39,55,56,58,45,57,61,64,61,60,62,55,67,63,61,57,87,57,49,65,62,53,61
26,101,45,34,20,25,30,32,39,28,20,36,24,9,36,28,37,23,21,19,26,40,27,27,19,39,46,15,23,26,27,26,18,16,59,27,25,30,50,25,39,27,21,53,16,19,20,17,26,25,25,39,28,53,18,31,22,21,50,26,21,42,49,27,21,70,14,22,27,27,18,27,22,27,33,38,34,19,53,6,27,27,23,24,15,15,34,51,24,6,22,28,23,28,26,32,27,60,21,28,26,44,14,24,72,74,27,43,54,25,17,29,28,27,7,49,19,36,48,27,16,24,41,26,24,27,138,18,55,51,26,28,65,26,27,36,28,21,25,27,14,29,31,21,29,38,10,25,27,9,25,20,17,28,13,56,26,14,30,13,25,26,31,27,27,12,42,25,23,56,0,54,40,42,43,38,22,55,26,20,23,47,22,24,31,43,65,12,25,7,38,43,26,111,21,22,40,59,36,31,23,26,25,41,39,25,22,26,47,24,12,44,32,29,33,25,11,24,25,21,49,21,20,19,90,33,20,19,38,5,29,35,40,22,25,38,23,21,46,46,24,28,27,39,30,25,92,43,25,22,29,32,19,40,14,28,28,29,19,36,35,26,19,26,39,45,36,42,40,43,24,25,25,56,23,15,26,23,17,35,30,57,38,29,35,21,26,20,26,13,18,18,26,26,28,22,23,28,50,32,24,21,22,24,32,18,32,30,13,18,26,34,31,113,27,41,25,21,42,29,18,29,24,25,20,24,30,24,21,23,8,21,26,28,37,27,27,14,39,27,15,25,91,8,22,32,25,27,22
52,98,58,56,49,53,49,53,59,44,50,47,50,53,56,53,52,43,44,49,52,54,47,58,50,50,64,49,52,52,49,50,50,51,61,49,53,53,45,51,52,49,45,49,54,46,51,52,51,52,47,46,53,58,54,55,48,51,54,52,50,45,34,49,56,61,49,51,56,44,51,49,49,45,52,54,52,51,70,49,49,47,49,50,53,56,46,54,48,51,43,48,55,51,51,59,48,53,50,49,51,48,51,52,70,74,51,61,60,51,53,52,52,45,54,59,49,50,47,50,52,41,49,44,51,49,133,46,37,47,49,55,59,47,50,46,52,51,49,53,51,46,46,52,51,53,50,56,52,52,54,45,49,49,50,14,42,50,46,48,47,51,52,53,48,56,46,49,48,60,54,0,50,52,55,42,47,51,51,50,52,42,50,51,52,47,71,51,49,51,49,56,51,113,49,52,53,63,53,46,49,47,51,58,54,49,49,51,55,53,48,53,46,43,50,42,51,47,44,53,53,47,50,51,91,54,44,51,53,51,55,37,50,50,44,50,50,51,54,57,57,52,51,40,51,47,85,55,50,46,49,48,51,56,47,53,52,55,52,51,54,47,51,49,53,43,53,47,54,54,49,51,51,35,49,55,48,51,47,46,48,57,50,48,48,47,51,51,48,54,45,51,48,43,49,51,52,49,54,56,52,43,50,48,52,52,45,53,55,49,48,47,58,114,48,48,53,50,53,53,53,48,51,50,51,53,48,52,53,50,50,54,51,54,56,48,46,52,44,48,54,52,95,51,48,50,51,50,52
35,108,32,32,30,32,31,29,37,31,35,50,33,32,40,33,38,29,39,31,37,38,36,43,29,38,46,27,31,32,33,34,31,34,66,35,38,37,48,24,57,32,30,40,39,29,36,26,37,27,36,33,32,60,39,43,29,34,48,36,30,42,51,35,39,68,27,32,32,29,34,34,33,34,32,38,31,31,61,32,34,27,33,32,37,38,33,47,32,32,34,32,33,34,34,44,32,56,32,4,37,24,35,35,71,77,35,57,52,28,27,33,35,34,33,42,32,32,47,36,36,33,40,34,35,34,145,29,49,40,32,35,59,35,35,45,35,30,34,35,31,34,31,36,38,32,34,38,38,33,29,28,36,34,33,61,33,34,33,28,33,37,20,31,34,35,46,37,27,62,40,50,0,41,52,46,29,54,34,31,26,43,31,42,24,38,79,30,34,34,42,33,35,105,35,26,6,67,29,33,32,37,34,42,37,34,40,37,48,30,34,34,33,40,39,37,29,35,35,28,63,32,35,38,89,32,35,33,40,37,28,31,43,30,32,33,38,31,43,51,32,35,33,44,38,43,92,51,34,32,29,40,35,24,33,32,35,28,36,42,24,37,37,33,35,45,24,43,37,38,34,32,36,63,34,29,31,31,33,42,38,51,38,32,39,31,37,29,32,29,28,35,28,32,29,38,34,28,45,30,33,30,28,30,29,30,29,39,39,38,34,31,39,117,34,50,30,33,41,28,34,35,38,34,32,33,27,36,33,34,35,36,33,38,32,33,35,28,41,34,36,33,99,37,30,41,28,26,37
40,104,44,37,40,36,35,28,38,39,38,31,40,39,30,16,38,35,39,37,39,25,39,44,41,43,49,30,38,38,40,41,36,38,70,39,41,37,25,34,50,37,35,50,34,37,37,33,39,35,42,35,43,49,41,43,30,36,48,40,43,34,51,39,42,65,31,42,36,31,35,39,36,40,38,40,39,37,66,33,38,35,39,40,43,43,38,52,37,40,39,37,31,32,37,32,39,63,41,40,39,44,33,39,67,57,37,60,42,32,43,37,40,36,39,54,34,36,30,39,41,36,50,35,38,37,138,35,43,45,38,42,62,41,41,36,41,34,40,41,39,39,40,42,38,42,37,36,40,37,39,39,38,40,45,57,35,28,36,39,38,39,27,34,37,28,29,39,39,24,42,52,41,0,8,40,42,55,38,38,34,48,37,36,41,31,57,36,36,35,10,49,39,87,33,33,42,33,41,35,38,36,36,44,47,37,39,39,55,40,39,43,41,29,47,41,37,45,42,38,62,38,42,39,88,39,42,38,46,40,27,40,43,37,38,44,35,43,46,48,41,41,40,42,44,27,89,46,37,36,40,30,40,42,36,40,41,27,40,43,24,36,37,40,38,46,40,44,42,24,25,39,37,54,34,32,37,36,30,43,40,53,36,32,41,42,39,33,37,40,36,36,36,41,27,39,42,42,51,41,27,30,35,36,39,39,39,45,38,44,37,31,41,110,43,40,42,39,33,41,44,39,40,40,33,39,15,36,38,37,18,42,37,42,38,39,39,36,45,38,40,36,94,42,23,39,39,32,38
49,100,44,45,45,46,40,21,52,50,48,45,45,33,30,24,48,42,45,46,46,31,46,45,40,52,54,43,43,45,50,44,43,46,74,48,48,47,35,48,50,49,48,48,38,46,41,43,48,43,44,44,53,60,50,27,46,46,49,50,45,44,51,48,44,59,44,43,46,45,41,48,47,49,51,47,52,47,57,39,45,38,43,47,50,38,40,48,47,38,42,47,43,43,46,31,47,66,42,43,48,52,45,44,62,46,47,28,39,48,44,52,53,47,35,51,47,51,30,47,46,48,50,44,47,46,127,46,46,53,48,52,57,47,50,36,51,41,49,51,41,43,44,44,49,47,39,49,49,34,45,45,39,51,39,52,47,41,54,41,39,48,32,44,49,41,21,48,48,23,43,55,52,8,0,51,45,56,48,42,42,47,46,47,52,53,57,37,46,42,20,50,46,91,43,45,56,30,40,34,51,45,47,53,49,49,49,48,55,49,37,50,51,38,40,54,43,47,50,46,50,47,43,45,91,40,47,39,53,41,36,42,43,46,44,49,51,45,50,48,52,49,48,50,49,40,90,54,47,44,48,32,45,47,37,49,49,36,37,51,38,45,32,49,46,49,47,47,41,37,28,45,49,59,38,40,46,46,35,48,47,52,46,40,49,45,48,43,49,38,42,48,42,52,45,42,42,50,42,47,37,43,44,44,50,46,44,49,40,39,49,37,52,110,44,41,48,44,37,49,35,48,43,47,43,48,29,39,46,47,39,45,43,52,43,47,46,36,53,49,37,46,99,32,31,48,40,43,49
45,93,41,47,41,31,33,44,38,40,45,32,41,42,28,45,34,25,41,43,46,36,43,51,45,49,49,47,38,35,43,45,43,42,66,41,45,28,41,43,43,43,45,39,42,42,43,43,43,47,38,37,44,52,42,32,40,48,36,44,40,22,43,41,40,57,47,45,40,41,44,41,25,42,32,30,32,45,65,39,41,29,40,42,48,42,35,38,42,37,48,41,44,44,42,47,40,50,42,40,43,40,27,40,59,77,42,54,45,43,31,40,44,37,35,42,32,43,40,42,47,44,43,44,42,42,131,48,54,42,40,49,56,30,42,38,44,41,43,45,44,42,42,47,26,46,34,49,44,41,49,28,43,42,43,50,44,42,32,46,43,43,38,45,40,48,23,43,43,61,38,42,46,40,51,0,45,51,43,37,44,13,44,39,46,28,71,38,45,29,43,37,47,109,43,46,43,64,39,37,24,45,28,53,51,42,38,43,51,35,37,33,49,26,38,27,29,47,47,43,58,37,41,41,85,35,45,24,46,38,39,43,34,45,39,35,43,45,53,54,46,44,43,42,43,30,81,50,42,35,40,33,42,46,44,35,44,39,42,43,30,45,29,41,31,41,25,47,36,21,27,44,45,49,26,35,40,46,25,38,49,58,24,44,41,44,43,38,40,40,38,43,43,42,33,44,46,43,37,41,39,31,42,41,34,39,38,45,48,41,40,37,44,110,38,29,43,44,28,23,31,41,41,40,43,45,44,44,39,40,38,41,46,42,35,42,41,38,45,40,49,28,75,42,35,47,37,32,47
13,96,39,32,6,17,39,33,40,20,14,46,33,18,46,29,40,24,8,20,3,37,9,29,10,37,42,13,16,27,9,2,14,16,67,11,18,35,41,15,43,10,15,40,21,14,11,18,10,16,6,32,23,52,36,41,25,22,43,10,19,35,45,10,26,69,14,19,34,11,11,8,26,18,37,41,37,11,64,17,5,26,5,10,25,26,29,45,2,19,13,8,15,13,4,40,7,57,9,30,10,41,21,5,72,72,9,48,46,19,34,25,14,9,21,45,21,31,46,11,24,14,30,7,10,12,131,12,51,53,9,23,61,25,9,48,20,28,9,16,17,32,28,11,29,32,19,24,11,19,14,20,23,15,27,56,20,27,34,20,19,10,34,22,11,29,42,7,16,60,22,47,29,42,45,45,0,48,12,19,13,44,10,31,26,32,68,17,8,25,38,44,12,108,20,12,34,62,32,27,26,9,29,38,31,9,19,12,48,32,19,43,25,32,44,33,19,17,15,16,53,28,15,19,93,32,20,29,29,19,37,27,40,18,16,38,29,19,43,46,17,12,17,33,29,40,90,41,29,30,32,34,17,44,25,32,11,37,19,30,39,9,35,10,33,36,36,36,40,43,35,27,12,55,31,23,7,15,31,30,23,58,37,22,27,4,10,16,13,19,19,16,9,10,29,12,7,5,46,35,27,19,21,15,28,17,34,25,15,25,10,34,21,112,12,46,17,10,44,30,29,7,12,13,15,22,26,25,18,22,22,10,15,21,36,11,10,16,34,8,28,20,92,20,27,31,19,26,13
49,97,62,53,50,51,52,51,61,52,49,37,52,53,55,54,56,42,48,49,48,55,50,55,49,56,52,50,49,48,49,46,50,51,75,48,48,48,52,51,61,46,48,59,51,49,48,48,50,47,48,54,48,70,53,55,48,48,57,51,49,46,49,48,55,70,50,39,54,44,50,47,49,50,53,54,53,49,68,51,48,44,47,47,51,50,52,57,45,49,48,47,54,54,48,55,48,64,37,52,50,51,48,46,71,77,48,54,47,48,53,52,51,48,53,61,48,41,61,49,53,47,61,45,48,46,149,51,44,55,46,53,64,52,51,46,41,51,47,50,51,54,54,49,32,46,44,55,49,51,43,48,54,50,52,61,41,47,51,49,49,50,53,51,49,54,38,47,46,67,55,51,54,55,56,51,48,0,49,52,52,46,49,43,54,53,74,52,51,54,55,45,44,122,52,50,53,72,51,49,49,50,55,64,59,50,31,50,59,53,50,54,43,50,52,38,43,43,43,50,61,54,50,52,101,45,49,52,51,53,53,49,56,52,49,55,56,37,61,57,52,51,50,27,51,57,92,68,49,53,53,57,36,56,54,53,51,53,55,40,55,50,51,47,54,52,54,50,56,54,47,52,48,63,34,50,49,51,49,43,53,64,46,45,48,48,50,49,49,52,50,42,49,36,49,41,38,48,57,50,50,47,51,48,51,51,46,45,55,54,49,48,43,120,42,46,50,53,46,45,39,49,51,45,51,53,51,48,51,48,54,51,51,53,43,47,49,53,63,47,57,47,104,53,51,34,52,50,50
8,97,43,35,6,19,40,31,40,23,13,45,32,24,42,27,35,25,13,16,12,41,9,28,16,36,42,17,17,24,8,13,14,19,69,8,21,37,47,16,44,5,15,49,25,15,9,13,4,16,12,40,26,56,36,43,22,27,47,10,19,35,45,3,31,69,16,16,35,13,14,2,27,19,30,33,31,12,65,24,10,25,7,8,29,29,34,51,9,24,14,6,24,24,7,41,10,61,11,29,2,41,23,11,71,78,7,55,48,13,34,26,8,5,24,45,22,30,47,2,26,15,37,9,5,7,137,19,54,52,10,20,57,31,7,46,23,26,8,11,20,29,31,13,31,31,19,18,4,25,24,29,24,4,32,56,19,26,36,16,27,4,39,19,5,34,45,16,17,61,26,51,34,38,48,43,12,49,0,18,17,47,9,27,30,37,71,19,11,23,38,45,10,107,19,13,38,62,29,32,35,8,31,37,35,4,24,2,46,36,18,44,25,37,47,36,21,24,18,15,54,25,13,19,92,29,20,33,33,24,36,34,40,17,16,38,29,16,40,47,23,8,21,33,28,39,92,38,33,30,29,40,22,45,26,36,8,36,26,38,40,8,37,8,42,41,34,41,40,43,35,31,5,57,34,24,4,12,31,38,28,59,39,19,31,15,3,17,6,15,19,22,12,14,27,16,10,12,46,37,26,19,26,18,29,16,33,26,18,29,3,30,24,108,20,46,13,13,41,33,31,12,20,10,15,18,27,27,18,21,25,9,11,10,37,5,5,17,37,4,28,23,89,24,27,32,16,29,8
19,90,41,28,20,18,39,25,36,21,9,42,30,17,36,25,41,20,18,15,19,36,19,33,19,37,45,12,10,14,21,19,13,15,70,19,22,33,46,4,43,19,12,49,20,12,17,11,18,9,17,41,26,52,32,38,8,12,46,21,18,36,45,16,22,69,12,22,30,18,19,17,16,20,37,39,37,16,65,9,20,26,16,19,26,21,28,50,17,19,20,18,17,17,16,42,19,58,21,26,18,39,16,16,73,73,17,53,48,8,34,25,21,18,10,46,19,32,39,19,23,16,38,12,15,17,134,16,56,49,16,24,59,36,19,39,25,24,17,18,15,29,29,21,16,31,3,12,18,12,23,20,12,20,25,51,22,12,29,5,25,18,31,5,19,26,43,18,10,61,20,50,31,38,42,37,19,52,18,0,12,50,20,22,27,33,70,5,19,10,36,44,16,104,10,13,39,62,28,31,32,19,20,39,36,19,19,18,44,34,7,41,25,30,43,27,10,23,16,11,58,21,6,13,93,27,8,31,38,5,34,36,36,5,9,34,18,22,46,48,23,21,21,36,30,26,90,42,17,28,28,32,25,35,22,30,21,34,11,37,39,19,34,18,43,42,33,40,37,39,30,23,20,58,37,10,19,8,24,37,30,57,38,25,34,16,18,6,19,5,4,20,14,15,28,17,20,21,44,32,15,5,20,14,18,11,26,30,13,19,19,32,21,113,19,44,12,19,40,29,30,20,11,19,2,15,25,15,10,15,21,21,11,20,35,17,17,2,36,19,20,16,95,5,23,32,1,27,17
17,93,32,30,15,21,37,30,35,22,9,38,33,13,40,25,42,19,11,18,18,35,17,31,18,37,43,11,13,22,14,13,15,16,70,17,21,30,44,4,44,16,10,53,12,13,13,8,18,7,10,40,25,58,33,41,18,26,48,16,20,38,45,17,22,71,11,22,31,12,14,17,23,20,33,35,33,15,62,15,15,21,15,16,31,26,31,45,14,17,14,15,20,20,14,41,16,59,13,26,18,42,9,13,72,75,16,55,46,12,28,19,16,17,19,42,24,33,45,17,18,14,38,15,18,16,139,19,54,51,13,23,59,31,17,38,20,25,17,16,21,31,26,14,21,31,12,17,16,20,22,26,16,15,28,57,25,21,31,10,24,18,37,14,17,27,49,11,13,60,23,52,26,34,42,44,13,52,17,12,0,51,16,24,28,36,69,17,17,17,36,43,18,106,12,10,32,57,26,31,31,18,28,36,34,18,20,18,41,31,16,40,29,32,47,37,12,22,19,10,56,24,15,20,93,31,13,29,33,16,38,33,37,10,10,35,28,21,43,47,22,16,15,34,32,28,87,42,28,28,29,39,22,40,25,35,16,38,18,36,35,18,27,16,40,44,34,39,38,42,39,29,17,59,31,18,15,5,31,37,26,55,35,25,32,15,18,11,17,12,13,18,10,16,27,14,14,16,45,36,19,17,22,18,26,12,23,29,13,22,17,33,21,113,18,41,8,16,43,31,27,11,20,16,6,11,25,18,10,16,27,17,5,18,38,16,17,14,39,17,28,21,96,18,27,30,16,27,19
49,99,50,51,47,45,41,42,49,51,45,36,45,51,54,43,51,35,47,44,46,44,47,54,49,56,59,49,50,48,46,45,46,45,64,45,47,43,46,50,59,47,44,43,50,50,49,50,47,50,47,45,48,54,49,37,47,45,33,46,44,30,39,45,44,61,48,47,58,39,49,45,36,45,48,47,47,47,70,45,44,36,43,49,50,46,51,49,45,42,48,45,50,50,45,55,41,54,51,47,47,45,45,44,66,65,46,57,42,52,43,51,46,41,40,56,48,51,50,46,46,44,55,48,46,44,136,42,50,41,44,53,50,45,50,19,50,51,48,49,47,50,43,51,41,48,51,51,48,52,51,37,44,46,45,44,46,44,40,50,50,47,42,51,46,48,33,48,48,60,47,42,43,48,47,13,44,46,47,50,51,0,45,52,45,52,72,51,42,47,45,48,47,110,49,47,46,65,51,46,34,47,45,55,55,50,50,47,57,47,44,42,46,40,45,32,48,47,46,48,53,49,45,50,81,48,49,44,48,46,56,40,51,45,45,49,49,50,51,44,56,47,48,43,44,32,82,53,42,47,51,37,46,49,44,53,46,56,46,42,46,47,40,45,43,54,37,49,47,32,35,48,45,51,43,49,48,48,41,42,44,54,47,45,46,42,47,46,44,48,44,48,48,45,41,48,47,48,48,43,45,44,42,47,40,45,38,47,54,42,44,50,52,107,41,45,50,48,37,41,46,44,46,46,47,49,44,40,46,50,42,46,48,50,46,46,43,50,52,44,46,40,90,43,44,43,50,46,51
10,98,41,35,9,21,37,29,41,21,14,42,29,25,44,29,37,24,14,18,12,40,11,29,11,39,42,15,19,25,7,9,11,15,69,9,20,34,45,9,45,8,11,47,25,16,10,15,10,16,12,38,25,56,37,42,22,26,47,12,18,36,44,9,32,69,15,22,38,12,12,8,29,20,36,37,36,10,65,22,8,27,6,7,26,29,31,51,5,20,12,7,24,21,8,37,7,62,11,30,10,40,24,11,71,77,7,56,50,13,33,23,13,11,21,44,17,32,48,10,20,13,37,11,9,7,138,19,51,52,7,27,58,30,12,45,20,20,11,18,17,28,32,14,33,32,19,23,11,21,22,29,23,10,28,55,23,26,32,17,26,11,36,19,9,32,46,14,17,62,22,50,31,37,46,44,10,49,9,20,16,45,0,28,30,40,72,18,8,22,41,45,13,106,18,11,39,63,25,30,33,11,29,39,36,9,21,10,48,34,17,44,30,33,45,37,22,22,15,13,56,29,16,18,92,24,22,32,32,22,38,33,42,19,17,40,30,22,42,48,24,12,20,36,35,38,93,43,35,31,29,38,24,43,27,34,12,38,25,34,42,11,36,7,42,36,33,40,42,43,32,29,11,56,33,20,9,13,32,34,29,56,35,22,29,14,11,14,10,19,16,20,5,13,25,14,12,9,45,34,25,16,24,21,33,16,33,25,20,28,8,33,23,110,16,46,16,13,40,32,31,9,19,12,15,18,25,28,16,21,27,16,13,20,39,9,9,17,40,8,30,24,93,24,28,32,13,29,9
29,102,42,34,30,19,25,38,41,21,28,43,35,19,44,25,33,18,27,14,27,38,29,35,23,44,47,16,16,19,26,27,18,22,56,27,26,27,51,22,45,28,23,49,20,26,26,22,28,25,27,34,25,57,29,38,24,27,45,30,26,37,42,26,24,70,17,27,27,24,22,25,24,23,33,37,34,27,60,23,31,26,27,25,23,22,26,52,23,22,28,28,24,26,26,41,26,60,27,30,28,44,25,28,67,69,29,51,49,22,28,29,30,28,26,48,10,35,46,27,10,26,36,26,28,29,130,20,57,50,24,32,54,27,31,43,28,28,28,33,21,29,34,31,33,36,25,30,29,23,31,20,13,29,21,58,21,21,37,29,20,28,34,26,29,29,35,22,21,53,24,51,42,36,47,39,31,43,27,22,24,52,28,0,35,27,57,22,28,14,40,47,28,105,24,25,40,54,32,33,29,28,27,41,34,31,30,28,46,32,20,45,27,29,41,28,22,26,25,22,57,20,22,22,91,33,20,30,38,23,29,34,35,26,17,33,27,25,44,45,31,30,25,37,26,42,89,43,24,18,30,31,17,40,21,34,30,29,16,33,38,28,29,26,30,45,38,39,37,40,29,29,28,58,29,28,25,19,25,30,31,57,39,25,31,24,28,23,29,25,25,27,24,30,22,26,26,20,48,29,27,22,23,18,30,22,23,21,24,21,29,33,30,107,22,37,24,29,33,33,25,29,17,29,23,27,25,14,22,17,23,28,21,33,27,28,29,27,42,25,22,22,91,23,26,32,26,25,30
31,105,36,6,26,23,39,36,41,21,27,44,35,26,43,29,36,23,31,27,27,30,30,38,25,42,45,23,27,23,29,28,27,26,69,31,30,28,47,24,57,27,25,38,31,29,32,24,33,26,31,31,26,63,32,35,21,27,43,32,32,41,49,31,33,68,23,26,37,26,26,30,22,27,32,33,31,25,65,30,29,24,29,28,33,30,36,45,29,29,27,28,24,19,30,41,29,61,27,20,33,32,28,30,69,75,31,61,55,26,25,31,29,31,24,44,21,37,50,32,29,27,45,28,29,30,143,27,53,39,28,35,63,29,32,43,31,16,30,33,21,25,37,28,32,32,33,31,34,26,26,29,30,31,32,59,24,24,28,28,31,33,28,30,28,34,45,27,21,62,31,52,24,41,52,46,26,54,30,27,28,45,30,35,0,34,81,24,27,28,43,33,33,111,27,26,8,68,24,32,33,32,33,44,37,31,32,33,54,32,25,39,33,35,54,45,23,29,30,28,59,30,29,31,83,25,30,35,38,32,35,35,35,24,28,33,35,27,44,49,32,30,29,35,36,39,91,47,23,36,24,38,36,22,33,32,30,35,33,40,34,32,39,28,41,49,41,44,30,43,42,32,29,59,33,22,26,27,32,40,34,55,37,29,40,26,33,19,30,27,22,28,24,28,23,28,28,24,38,26,31,23,29,26,34,29,28,30,31,31,30,32,33,111,25,44,28,29,43,29,27,29,29,32,28,29,25,24,24,27,30,33,27,32,37,31,31,29,46,26,34,24,93,24,26,34,28,26,31
40,104,37,33,33,29,40,40,39,33,32,50,36,36,51,37,25,34,36,28,29,39,41,42,39,43,43,32,29,35,38,28,32,34,66,36,39,33,34,33,45,40,30,16,37,33,37,38,38,38,34,22,39,61,38,35,32,37,40,42,34,31,45,36,46,67,31,36,33,34,36,39,32,39,13,13,12,41,58,36,39,35,39,38,39,31,26,45,32,41,37,34,32,30,35,36,39,61,34,23,38,32,23,39,73,73,38,54,29,36,33,41,40,39,34,40,19,41,32,39,30,34,40,33,37,40,138,26,52,48,37,39,51,16,36,46,35,34,37,37,29,14,34,32,33,20,37,38,39,40,31,30,39,38,39,62,39,29,15,33,33,38,29,34,35,40,42,31,29,56,43,47,38,31,53,28,32,53,37,33,36,52,40,27,34,0,70,40,34,32,27,38,34,94,35,33,38,61,15,31,35,35,27,44,43,38,37,38,53,26,34,27,33,24,49,29,41,23,33,39,58,28,32,35,79,15,36,34,39,41,20,26,32,37,31,31,41,36,45,49,42,40,39,37,38,33,97,47,21,27,13,18,31,40,33,15,40,20,35,31,30,35,27,38,23,48,25,31,31,26,33,39,41,63,35,34,35,33,36,31,38,55,34,32,38,30,38,31,35,38,30,38,34,28,14,35,36,40,37,27,34,34,18,30,24,39,34,37,39,42,35,32,35,110,33,34,40,35,30,36,43,40,36,39,32,42,38,30,33,35,28,39,33,41,36,36,41,42,48,37,38,31,87,37,30,39,35,11,38
70,101,71,65,64,70,57,74,75,71,74,67,69,65,38,66,76,71,69,68,68,69,72,72,70,78,80,70,66,72,71,67,73,72,68,69,74,67,67,66,69,71,73,78,54,73,68,68,70,67,71,76,74,28,68,57,68,68,78,72,70,70,71,69,59,60,70,66,69,71,69,71,65,72,77,77,77,74,57,65,67,67,66,68,73,63,63,67,71,62,69,70,70,70,69,69,71,73,70,76,70,71,67,69,58,58,73,53,71,68,70,74,73,71,65,82,63,76,73,69,61,73,75,66,69,73,122,69,74,77,70,78,68,66,73,64,74,71,72,74,71,75,62,72,67,78,71,75,71,68,71,67,61,73,61,75,76,66,77,68,72,70,72,72,70,54,63,69,71,31,65,71,79,57,57,71,68,74,71,70,69,72,72,57,81,70,0,66,68,61,47,71,69,87,68,69,81,21,75,71,66,74,72,79,76,73,67,70,77,69,63,78,72,63,69,70,69,75,75,63,78,59,71,69,101,73,67,64,80,62,74,69,72,70,69,70,75,66,80,68,74,73,72,67,70,64,98,77,68,70,75,65,66,70,66,65,73,74,66,70,61,74,69,71,66,75,78,75,80,72,68,67,73,72,66,71,69,69,64,70,70,78,78,70,59,66,70,74,70,72,74,72,73,75,76,70,66,69,79,72,68,74,76,71,76,72,69,79,73,63,70,73,79,120,66,63,72,70,64,70,66,67,68,72,69,72,70,69,72,69,55,66,69,75,68,71,71,72,73,70,67,65,103,64,64,76,71,74,71
19,95,43,31,16,9,37,23,35,19,13,41,31,4,42,24,36,10,19,14,17,36,19,30,14,38,45,11,14,16,14,17,11,15,71,19,22,28,44,11,46,18,8,47,23,12,16,15,18,2,17,39,26,59,26,33,8,13,42,21,17,38,46,19,11,70,11,24,32,20,14,19,18,21,34,36,34,13,66,12,19,24,17,18,26,19,32,46,17,4,16,16,17,17,17,39,15,56,19,25,18,40,24,14,73,71,17,45,50,12,28,17,21,19,7,41,17,33,48,19,18,14,40,17,18,15,134,16,49,50,17,22,62,31,19,46,24,26,20,17,9,26,19,15,21,30,16,14,18,13,25,16,17,20,16,59,22,10,28,5,25,18,36,14,19,23,50,14,3,56,12,51,30,36,37,38,17,52,19,5,17,51,18,22,24,40,66,0,18,10,36,37,20,103,5,11,38,58,25,34,30,17,27,36,33,19,24,18,47,30,8,40,27,30,44,32,15,24,18,10,54,18,17,16,89,26,18,34,35,9,35,32,40,6,12,38,27,19,43,47,23,18,17,34,32,24,91,43,18,31,27,37,22,38,11,32,18,35,8,38,36,17,19,18,41,45,31,41,40,45,34,28,19,54,26,10,18,10,14,38,31,56,37,25,30,15,18,3,19,1,6,19,16,19,24,16,19,17,47,30,17,7,26,11,20,10,32,31,9,17,19,30,24,113,19,44,14,14,45,29,20,20,21,18,5,14,23,18,5,4,17,18,17,22,39,19,19,2,37,16,16,16,96,5,19,33,16,26,18
12,98,41,30,6,23,37,32,33,22,15,42,34,23,39,25,37,25,11,14,10,38,7,28,10,37,39,12,18,21,4,11,16,19,69,8,20,34,45,15,44,6,14,48,27,14,9,18,9,20,11,35,23,59,36,40,25,27,43,7,9,32,43,9,30,69,11,19,38,8,9,8,24,18,39,39,39,12,64,22,6,26,4,7,25,28,28,49,4,23,6,4,21,21,9,38,5,58,8,30,10,41,20,7,71,76,5,55,49,18,34,19,11,8,20,38,16,31,44,12,25,12,37,6,8,7,137,17,54,53,7,21,61,32,10,46,16,26,10,15,17,31,34,12,27,32,17,21,10,20,21,25,22,10,28,52,22,27,36,19,24,11,35,18,4,31,47,14,19,61,25,49,34,36,46,45,8,51,11,19,17,42,8,28,27,34,68,18,0,22,41,48,8,107,20,12,40,62,30,32,33,1,31,40,33,6,23,11,45,34,15,44,28,34,47,38,20,14,16,17,52,31,11,20,93,30,23,35,30,23,37,33,39,19,17,38,29,20,42,49,23,9,21,33,31,40,92,45,32,33,31,41,25,39,24,35,8,37,26,30,45,1,34,10,38,28,35,40,41,39,38,24,9,53,35,21,7,14,34,30,29,58,39,19,30,7,9,13,8,19,15,17,11,16,27,16,10,7,45,38,28,15,25,22,31,19,34,24,14,29,10,31,20,110,19,46,16,10,43,31,33,8,20,13,17,16,28,28,19,20,25,10,14,15,39,6,5,19,38,5,29,23,90,24,29,30,19,29,13
25,96,42,34,22,13,24,25,38,14,21,40,32,6,30,27,38,11,19,16,25,26,24,30,20,38,45,13,19,14,23,24,21,22,64,24,20,31,44,23,41,25,17,48,15,16,19,11,24,8,26,35,19,52,18,31,17,11,39,27,23,40,47,24,11,68,13,17,31,23,22,23,24,21,31,32,30,21,61,6,24,23,21,24,20,17,31,50,24,4,26,25,9,9,21,37,24,57,24,23,24,41,7,23,68,61,22,43,46,22,12,10,27,21,14,43,20,32,44,23,12,21,35,22,22,25,134,14,49,50,21,27,56,23,26,37,23,19,24,28,18,28,17,25,19,35,11,18,25,7,25,10,12,26,9,58,26,8,38,8,19,24,24,16,25,16,45,23,6,55,7,51,34,35,42,29,25,54,23,10,17,47,22,14,28,32,61,10,22,0,31,43,23,110,11,17,36,56,27,31,17,24,20,40,38,21,21,24,47,29,24,44,22,19,37,20,15,21,23,21,52,10,23,20,93,30,9,19,35,5,22,32,39,8,17,37,25,21,45,42,24,27,19,34,25,29,91,40,27,15,20,37,14,37,12,33,27,22,11,35,32,24,17,25,39,31,37,40,40,36,29,18,26,56,16,17,21,14,18,36,26,57,31,15,27,22,24,6,23,7,4,15,20,26,27,25,26,25,46,28,19,5,20,22,14,12,29,27,13,8,23,31,29,107,22,28,20,15,38,32,12,25,20,25,21,13,27,23,7,14,18,21,19,27,36,20,22,8,44,25,11,17,86,5,27,34,22,27,22
42,96,39,44,36,27,41,16,40,43,37,38,34,34,16,25,40,35,40,35,42,40,42,41,34,43,46,39,36,36,39,39,38,40,56,38,39,39,18,38,47,38,35,46,40,37,36,40,38,40,38,39,38,55,45,30,39,36,49,39,38,33,48,38,34,71,39,41,39,37,35,39,28,42,38,38,38,39,66,42,42,37,37,38,40,40,30,51,39,38,37,37,35,35,35,23,41,52,38,32,38,37,42,38,77,64,39,41,47,41,35,41,39,39,29,52,32,37,42,39,41,37,44,39,38,39,129,34,45,53,36,46,48,40,39,38,40,40,39,40,38,33,26,38,40,43,36,41,39,37,44,35,39,40,39,53,41,25,41,41,35,38,41,41,38,42,42,38,33,48,38,49,42,10,20,43,38,55,38,36,36,45,41,40,43,27,47,36,41,31,0,38,44,103,38,40,45,42,32,36,38,42,46,44,44,40,40,38,53,46,41,35,45,34,49,41,39,38,41,37,61,28,37,46,79,35,33,36,41,39,40,37,37,39,36,43,39,44,51,46,44,40,40,44,41,44,81,50,38,36,40,24,43,40,36,39,40,40,34,44,35,42,36,37,37,45,35,45,37,38,32,38,40,57,33,34,38,40,31,44,41,55,39,40,40,41,38,36,38,35,34,42,40,42,30,41,43,39,44,47,36,33,35,34,31,40,35,47,39,42,38,40,45,101,40,32,43,44,34,44,36,42,43,40,38,36,26,37,41,34,39,42,38,41,34,40,41,37,48,40,32,32,78,36,38,44,43,32,38
46,103,43,44,44,43,34,39,34,41,44,43,45,41,38,48,50,32,44,41,47,43,47,52,46,53,54,44,45,44,44,45,44,44,58,45,47,49,32,41,48,45,42,48,44,40,43,47,46,43,46,41,45,62,52,33,43,41,40,46,47,43,50,46,43,67,44,41,49,42,45,45,42,42,49,49,49,47,69,47,43,36,44,43,44,45,40,52,45,40,46,45,41,44,42,32,45,61,43,46,46,48,41,44,68,75,46,58,50,43,35,46,47,45,33,52,42,44,52,45,48,43,48,46,45,45,118,44,53,43,44,50,65,49,47,44,40,38,45,46,44,44,45,42,48,51,38,46,46,45,45,46,43,46,46,60,47,41,41,42,41,46,47,43,46,52,49,44,38,59,43,56,33,49,50,37,44,45,45,44,43,48,45,47,33,38,71,37,48,43,38,0,47,106,44,41,45,62,43,45,45,49,45,49,48,46,43,46,59,46,38,45,45,47,47,38,41,42,47,45,55,40,48,47,88,43,46,45,44,42,45,40,39,44,41,39,49,44,56,58,53,47,45,46,47,37,87,55,47,49,48,42,42,47,50,44,47,45,44,49,38,49,26,45,34,55,38,41,46,39,42,50,44,60,40,39,45,46,45,48,42,50,45,41,54,44,46,38,46,41,34,41,45,47,40,42,42,45,48,43,40,34,42,42,45,42,40,46,47,44,44,44,54,107,46,49,41,42,41,47,47,46,45,44,43,44,50,37,44,45,46,48,46,49,50,46,48,44,54,44,51,40,90,44,41,50,41,40,46
14,97,42,30,12,17,32,34,39,20,13,41,32,24,47,25,42,25,15,19,7,36,10,28,15,43,44,12,13,22,12,11,10,20,67,11,21,29,42,15,47,12,14,43,25,13,12,15,11,20,6,32,23,57,32,44,23,23,47,13,19,33,40,13,29,70,12,15,29,10,13,9,25,19,33,38,34,11,69,25,16,28,8,11,19,23,24,51,9,22,11,9,16,21,8,41,11,61,6,29,11,35,16,4,72,79,9,54,50,17,34,23,13,11,22,47,15,32,45,12,27,12,40,6,11,9,141,18,53,53,10,26,55,33,11,42,18,26,8,16,16,30,34,17,25,27,18,15,12,20,29,28,26,14,34,56,11,30,29,19,26,11,35,19,13,34,49,10,16,64,26,51,35,39,46,47,12,44,10,16,18,47,13,28,33,34,69,20,8,23,44,47,0,108,19,13,41,66,30,33,29,10,24,42,38,14,17,11,47,36,21,46,17,30,44,31,22,14,6,16,56,29,17,22,88,30,14,25,25,25,38,31,39,16,15,37,28,15,41,47,28,13,12,28,34,38,94,43,20,32,34,39,16,42,25,35,14,38,25,30,40,10,31,13,34,38,32,41,37,35,31,24,15,57,28,23,13,14,31,30,26,59,31,20,26,6,11,19,13,16,19,15,13,4,28,8,6,11,46,31,24,21,25,13,29,16,32,17,15,25,13,26,14,110,13,46,17,9,41,35,24,6,20,6,10,21,29,23,15,17,28,16,14,17,31,11,10,17,40,11,25,14,93,22,23,23,18,25,10
108,112,110,111,108,108,102,97,110,105,105,106,102,104,88,94,107,106,107,109,110,102,108,116,109,112,114,105,101,106,109,109,106,101,119,107,109,112,96,109,113,107,105,111,110,102,108,109,108,107,109,105,110,95,111,110,104,105,116,109,109,105,105,107,110,107,105,110,107,104,109,105,107,103,107,108,107,104,112,108,108,102,107,107,114,112,103,109,107,102,109,108,102,102,109,108,108,106,107,105,108,108,106,107,104,85,107,94,99,109,112,111,109,106,105,116,102,108,105,108,112,106,118,107,107,107,117,108,104,104,106,113,109,102,109,101,109,102,107,110,104,104,110,110,107,107,104,109,109,107,108,104,107,109,112,105,106,100,104,104,105,108,95,109,107,95,107,108,102,94,111,113,105,87,91,109,108,122,107,104,106,110,106,105,111,94,87,103,107,110,103,106,108,0,105,105,106,93,102,96,108,107,102,113,113,109,109,108,115,107,108,108,110,104,115,113,104,110,109,107,114,106,104,109,105,103,105,104,113,107,103,105,99,107,104,107,111,111,115,112,111,109,104,114,111,106,116,117,107,102,103,104,114,101,114,106,109,103,107,109,104,107,109,106,105,113,104,111,107,106,99,103,109,111,109,105,108,104,108,107,106,102,112,106,113,107,108,107,108,107,109,109,101,109,106,110,108,106,110,105,108,102,109,107,107,107,105,110,107,109,108,103,112,121,110,104,106,109,104,107,114,107,103,106,106,104,94,106,107,107,98,112,106,110,103,108,107,107,113,108,110,107,117,110,105,110,105,108,109
19,98,35,34,21,16,35,31,35,20,12,45,29,11,42,23,41,18,18,17,16,42,19,31,17,39,46,14,14,17,20,21,11,14,71,19,24,27,44,10,48,16,8,45,18,10,19,9,20,13,18,33,23,55,35,36,21,23,46,20,17,36,44,19,22,72,14,24,29,20,17,17,30,20,37,37,37,11,63,17,17,24,17,19,27,20,32,50,20,13,18,16,17,17,19,38,20,62,21,23,20,41,24,20,73,73,19,51,47,16,34,23,20,19,17,48,18,33,44,19,19,14,40,18,18,19,138,10,54,51,17,20,55,28,21,38,23,22,18,23,22,27,27,19,24,35,11,14,21,22,23,28,22,20,25,56,26,15,34,9,24,20,31,17,19,25,47,20,12,55,21,49,35,33,43,43,20,52,19,10,12,49,18,24,27,35,68,5,20,11,38,44,19,105,0,11,34,61,27,31,29,18,24,37,37,20,23,20,40,35,5,40,27,35,46,37,14,24,21,8,57,19,10,18,90,27,22,32,34,16,34,34,38,5,9,36,26,24,44,47,19,20,23,36,31,31,90,45,33,26,28,30,22,40,17,31,20,34,18,35,29,18,27,19,43,44,31,41,37,40,29,24,20,56,32,15,20,12,20,35,31,55,40,25,33,17,20,4,20,3,7,24,16,19,24,19,20,21,44,32,12,13,20,10,24,9,30,28,15,15,19,30,18,112,17,47,12,21,42,37,32,19,17,19,8,13,19,12,8,15,19,19,19,21,34,19,20,11,40,20,18,25,97,15,20,33,11,23,18
15,95,38,27,12,8,30,26,34,21,4,39,33,15,37,30,32,20,12,17,14,40,12,31,11,37,42,9,11,19,10,14,9,19,68,13,23,33,41,12,47,12,7,48,19,16,13,15,14,8,12,37,24,56,36,40,10,25,46,16,19,37,46,13,22,71,9,22,33,14,11,12,23,21,30,32,30,9,59,15,12,22,10,12,27,25,27,44,11,12,11,12,16,16,12,38,12,57,11,28,14,37,14,10,73,76,11,54,44,9,31,16,13,11,12,39,15,33,42,13,12,11,41,13,14,13,139,9,53,52,11,21,58,28,12,40,22,24,15,18,7,26,19,12,26,30,9,14,15,17,23,26,21,14,23,55,22,23,32,11,26,14,36,13,14,29,44,12,8,51,22,52,26,33,45,46,12,50,13,13,10,47,11,25,26,33,69,11,12,17,40,41,13,105,11,0,30,62,23,28,29,15,25,36,34,16,22,14,44,32,19,44,31,29,48,38,14,22,16,9,55,22,6,18,90,28,16,26,33,17,36,32,38,9,13,36,23,22,40,47,21,13,13,35,31,41,87,43,29,29,24,38,23,43,24,32,13,36,19,36,37,15,36,13,38,45,34,39,41,43,34,30,16,57,32,17,12,5,29,36,26,52,36,24,32,11,14,14,15,13,13,21,2,17,24,13,14,15,43,35,18,10,22,11,25,11,24,29,18,21,12,31,22,112,19,46,9,17,44,33,22,12,18,12,9,6,30,23,13,13,22,15,5,17,38,11,13,15,37,13,27,17,95,17,26,32,13,30,14
39,100,38,12,39,30,41,34,41,37,38,48,41,38,37,35,36,30,39,36,41,32,38,46,32,43,36,34,35,37,33,38,33,35,68,39,44,37,43,34,59,37,33,47,42,38,40,36,41,31,39,39,40,59,42,37,34,32,48,40,39,44,54,37,40,69,34,40,41,30,34,38,40,39,34,33,34,37,67,40,38,29,37,37,40,41,31,48,38,40,34,38,33,27,38,45,35,68,36,30,39,34,40,34,73,80,35,59,53,36,34,29,39,37,37,40,32,37,42,38,43,36,46,37,39,36,148,37,63,41,37,36,62,35,38,45,42,30,40,37,35,34,41,39,38,32,36,42,40,35,39,40,41,37,40,55,41,34,32,30,38,41,22,37,38,39,45,37,29,67,40,53,6,42,56,43,34,53,38,39,32,46,39,40,8,38,81,38,40,36,45,45,41,106,34,30,0,71,33,35,40,40,38,42,44,37,40,39,49,35,38,33,34,35,50,44,37,39,40,36,64,42,39,40,85,34,43,31,42,43,30,44,39,34,36,39,44,35,45,55,38,39,35,44,44,48,98,45,40,43,32,38,36,26,40,35,39,30,42,41,36,40,39,37,35,46,32,47,35,42,32,42,38,64,41,37,38,37,43,41,44,65,37,42,42,37,39,31,38,33,32,40,36,39,27,36,39,34,42,21,37,34,36,35,44,36,35,45,38,41,36,42,41,118,37,51,34,38,50,33,42,40,42,40,34,35,33,40,33,34,39,41,39,37,40,33,41,40,42,38,38,36,101,39,35,41,40,28,41
61,103,65,59,55,57,50,61,64,64,64,59,62,61,38,60,65,66,56,60,66,61,65,63,65,71,72,60,61,60,61,62,64,63,78,60,60,60,63,61,67,62,59,70,47,57,59,58,61,58,62,60,64,33,64,42,63,64,74,65,62,63,61,60,56,76,60,62,66,66,65,62,56,65,66,65,66,66,52,55,56,59,61,60,64,56,66,60,62,58,60,61,63,63,60,73,62,62,59,63,61,65,61,56,74,54,64,59,58,58,63,65,65,62,59,74,60,69,57,60,50,61,64,60,60,64,115,56,59,66,61,68,64,59,65,54,64,61,63,62,60,67,57,63,58,72,57,66,62,59,65,57,59,64,60,59,65,60,69,63,60,61,60,63,61,58,48,60,58,6,59,63,67,33,30,64,62,72,62,62,57,65,63,54,68,61,21,58,62,56,42,62,66,93,61,62,71,0,67,61,58,65,57,70,69,64,65,61,72,56,58,68,66,57,56,59,62,61,63,62,62,58,59,62,98,68,61,58,66,57,51,61,66,60,58,70,66,62,74,60,66,65,63,59,60,62,88,68,66,53,64,58,62,67,58,57,65,51,64,62,61,65,62,62,60,64,67,66,70,58,53,58,64,59,54,54,60,57,61,59,54,68,66,65,50,60,61,63,61,58,60,61,64,62,66,61,57,64,64,62,61,58,63,57,62,58,67,67,59,54,61,58,68,95,58,52,58,59,51,62,55,59,58,66,58,61,56,62,58,59,51,57,59,66,63,64,62,57,66,61,66,62,85,60,54,71,58,63,62
32,103,37,31,32,20,26,25,33,28,26,42,33,27,34,19,13,30,28,27,33,31,32,36,29,45,49,28,24,24,28,31,30,27,69,28,30,34,38,26,50,29,24,39,35,23,30,22,30,29,29,15,28,59,36,44,32,28,41,33,32,42,50,28,31,67,27,35,29,30,28,29,26,28,9,11,9,26,56,33,28,20,29,27,35,32,35,44,25,27,30,29,25,24,32,40,26,63,31,11,30,41,23,29,66,71,30,47,42,31,29,32,33,30,29,18,21,35,37,29,29,28,44,32,30,30,142,27,45,39,27,32,59,20,33,48,31,21,30,33,28,1,29,30,29,20,31,31,31,30,34,26,35,32,30,57,31,29,7,28,29,30,29,27,31,33,44,29,25,62,36,53,29,41,40,39,32,51,29,28,26,51,25,32,24,15,75,25,30,27,32,43,30,102,27,23,33,67,0,29,32,31,33,44,38,32,34,30,45,7,32,15,34,37,41,40,26,32,28,30,56,25,26,30,82,1,32,24,39,32,23,32,11,27,25,9,33,29,43,50,36,32,28,38,40,41,93,46,34,34,14,35,33,38,31,5,32,23,31,41,35,31,28,29,15,39,28,43,22,31,32,35,31,61,24,25,28,26,27,41,34,51,40,29,39,30,30,29,31,26,19,28,25,28,5,33,32,31,24,23,29,28,28,28,24,24,28,36,36,30,31,27,36,114,24,40,27,29,47,32,22,30,35,30,27,27,31,35,24,27,31,30,26,34,43,30,30,29,44,26,33,14,86,30,25,36,30,6,32
33,98,36,24,28,18,31,14,39,24,27,41,34,30,25,10,28,23,24,26,32,41,32,39,33,40,44,26,16,25,30,30,27,29,68,29,30,38,27,29,52,31,27,47,30,27,30,33,32,30,28,35,34,44,33,44,29,26,46,28,30,34,48,31,30,66,25,34,32,31,30,32,25,27,28,29,27,32,58,28,32,24,29,31,34,31,26,43,27,32,25,26,30,30,32,34,26,51,32,29,32,41,19,28,64,69,31,37,33,27,32,37,31,29,33,51,17,30,45,32,30,30,49,30,31,31,142,23,41,50,27,38,52,27,32,40,22,27,34,30,23,30,31,30,28,30,31,35,30,30,33,24,35,32,32,54,31,35,28,32,31,32,31,31,29,32,32,34,28,51,31,46,33,35,34,37,27,49,32,31,31,46,30,33,32,31,71,34,32,31,36,45,33,96,31,28,35,61,29,0,24,32,19,37,40,32,37,31,51,31,27,28,26,28,46,35,29,31,30,35,58,35,31,32,70,24,31,24,32,32,31,29,36,35,26,36,35,33,47,41,34,28,34,27,35,44,92,49,26,27,25,28,38,42,34,31,27,31,33,35,37,32,37,31,16,46,38,27,34,31,25,32,31,55,37,31,31,28,28,35,32,54,41,30,36,34,31,27,32,36,30,30,33,34,27,34,32,31,38,24,33,30,26,29,29,35,27,32,30,29,29,34,37,110,24,44,35,31,36,29,26,30,24,33,28,33,11,31,35,33,30,32,30,30,40,27,32,32,47,29,33,19,95,28,28,34,33,23,33
35,101,32,35,28,15,17,30,30,28,34,35,28,32,33,29,37,11,30,25,32,33,33,31,36,36,48,28,31,24,34,27,30,34,62,34,34,20,46,32,45,27,29,43,20,24,30,28,35,32,27,32,33,59,22,45,29,32,33,33,29,40,46,33,22,61,28,31,22,29,34,34,19,29,36,38,37,30,59,22,28,12,35,32,23,28,18,38,31,19,32,28,27,30,27,30,37,58,26,19,34,43,16,24,70,64,35,46,42,32,20,30,33,33,26,49,14,30,36,35,15,31,35,31,35,35,137,25,49,53,34,34,54,27,34,30,29,28,34,33,34,29,17,31,19,37,20,38,35,33,35,12,29,34,18,61,27,19,33,30,25,34,35,32,34,31,40,28,20,55,23,49,32,38,51,24,26,49,35,32,31,34,33,29,33,35,66,30,33,17,38,45,29,108,29,29,40,58,32,24,0,34,19,41,36,32,26,34,50,25,31,23,28,16,33,27,30,26,26,30,55,16,33,34,85,28,24,14,32,21,18,27,26,26,30,38,27,40,36,29,35,33,28,23,31,30,95,41,28,17,34,34,29,38,25,23,34,18,26,20,34,34,27,34,34,33,22,32,44,31,32,19,33,62,25,31,34,30,18,19,31,53,30,30,26,29,35,34,35,31,25,23,32,34,26,27,27,31,43,31,33,17,28,23,17,32,33,38,28,34,34,36,40,101,23,28,34,30,23,21,38,24,27,31,30,30,39,31,32,31,32,31,29,34,29,33,29,33,47,33,24,17,78,36,33,38,30,27,36
12,93,38,32,7,24,37,32,33,22,11,45,34,25,45,25,39,29,11,16,10,41,6,30,13,36,41,16,13,24,7,13,16,21,69,8,21,33,42,18,45,7,14,49,26,18,11,13,9,18,10,34,26,59,37,43,20,27,48,7,12,33,43,6,32,68,16,21,36,13,13,8,24,18,38,38,38,12,65,24,7,26,6,8,26,31,29,53,9,23,7,3,22,22,8,38,7,59,8,31,9,43,20,8,72,77,4,54,53,15,35,26,10,5,23,39,22,32,47,9,25,12,36,9,8,4,140,19,53,53,8,20,61,29,7,47,21,26,10,14,19,31,34,11,27,29,21,21,9,21,24,28,24,9,28,52,22,31,36,16,25,11,35,17,4,32,47,14,19,61,26,47,37,36,45,45,9,50,8,19,18,47,11,28,32,35,74,17,1,24,42,49,10,107,18,15,40,65,31,32,34,0,31,39,31,9,22,10,44,34,19,44,26,34,48,39,23,14,12,17,54,32,10,21,93,30,23,32,33,21,35,27,40,15,14,38,29,22,39,50,22,6,18,33,33,36,93,42,32,30,29,38,21,43,27,34,5,35,26,33,43,0,37,10,43,31,37,43,38,42,38,25,8,53,39,24,7,14,35,33,30,58,40,20,31,8,8,17,8,16,21,22,11,14,27,15,12,8,45,38,26,19,27,22,31,16,34,24,19,27,9,31,20,109,15,45,10,11,43,34,33,11,24,8,18,17,28,28,18,20,26,12,14,14,39,3,8,13,33,8,28,23,89,23,29,30,13,27,13
31,98,39,32,31,21,26,21,37,25,24,36,29,22,34,22,42,24,29,16,21,33,29,31,24,40,41,25,14,18,26,28,24,31,64,28,25,29,38,26,46,28,23,47,24,20,28,31,30,29,28,24,22,53,21,25,17,27,48,32,25,33,37,28,26,64,24,31,21,26,26,29,22,28,39,40,38,28,64,22,30,14,26,29,22,14,14,44,27,23,32,32,24,26,27,26,25,57,27,25,30,41,12,30,71,77,27,45,28,26,25,28,30,30,19,48,16,30,34,31,22,26,38,23,27,26,137,17,45,49,29,32,55,23,32,39,30,21,22,31,18,25,17,28,17,16,19,30,29,27,29,19,22,29,25,58,26,14,35,27,26,30,35,28,29,31,37,21,22,62,25,51,34,36,47,28,29,55,31,20,28,45,29,27,33,27,72,27,31,20,46,45,24,102,24,25,38,57,33,19,19,31,0,39,35,29,24,30,48,29,20,45,35,22,33,29,16,26,30,25,58,22,20,30,87,30,22,16,29,21,37,33,42,25,19,36,23,35,42,40,34,30,27,37,31,41,97,46,21,19,27,20,32,39,24,35,31,37,27,33,37,31,31,28,34,38,27,37,35,35,35,14,30,56,23,23,32,25,27,33,25,56,33,18,30,26,30,19,29,25,19,30,28,21,24,30,27,29,46,27,28,16,16,18,18,29,25,30,29,23,29,25,25,104,28,37,29,24,33,23,22,27,22,26,24,28,23,24,24,27,28,26,25,33,40,27,29,31,46,27,23,17,84,22,24,21,19,19,27
39,109,44,36,39,39,46,39,44,39,39,48,38,37,48,43,37,40,37,35,35,37,35,47,41,11,8,37,37,36,40,37,37,37,79,38,39,37,53,38,51,37,36,51,41,38,40,36,40,35,42,47,42,64,44,44,35,39,50,41,42,38,49,37,43,74,37,39,41,41,39,38,40,36,38,34,38,40,75,41,39,36,38,38,39,40,44,60,37,37,38,37,40,36,40,48,40,66,41,40,38,49,42,40,70,84,39,63,55,37,43,28,37,36,37,50,41,27,52,37,38,33,18,38,39,38,140,39,62,59,39,25,66,42,37,47,43,41,39,36,41,45,42,36,41,38,35,42,36,37,35,39,43,37,35,62,38,45,38,38,42,40,39,37,37,43,55,40,37,68,41,58,42,44,53,53,38,64,37,39,36,55,39,41,44,44,79,36,40,40,44,49,42,113,37,36,42,70,44,37,41,39,39,0,3,37,45,37,34,41,37,43,37,41,51,40,41,42,38,38,61,42,38,39,100,42,44,39,38,42,38,34,46,34,38,48,36,41,20,51,34,37,40,36,33,46,101,12,39,41,42,43,44,46,36,41,37,38,38,43,42,39,39,38,47,50,38,44,50,49,44,42,37,64,45,41,38,37,42,43,45,64,46,38,46,36,39,41,39,37,41,38,38,39,41,41,42,37,52,42,40,41,43,39,41,40,42,45,41,44,37,39,41,113,38,48,33,40,52,45,44,41,37,37,39,33,40,43,39,35,45,40,36,36,44,37,36,35,21,40,35,37,101,41,43,42,37,41,40
37,106,47,37,37,34,42,38,40,30,35,50,37,38,43,39,40,38,34,36,37,40,29,45,37,11,16,35,34,34,36,37,33,32,72,36,37,37,55,36,49,33,36,54,39,35,38,35,36,34,34,43,32,60,41,44,40,36,43,37,37,40,51,35,40,67,35,39,36,35,38,36,35,30,34,38,33,35,70,36,36,31,36,36,38,39,41,61,35,37,36,34,36,38,38,47,35,67,38,37,34,47,38,40,71,84,35,61,59,34,39,26,33,36,39,54,39,29,51,33,33,35,9,36,36,35,137,36,61,59,37,23,66,41,32,49,34,39,35,30,35,40,40,38,36,32,34,40,34,36,35,37,39,33,31,58,33,39,40,36,39,36,38,34,37,38,55,32,33,63,39,54,37,47,49,51,31,59,35,36,34,55,36,34,37,43,76,33,33,38,44,48,38,113,37,34,44,69,38,40,36,31,35,3,0,35,35,33,32,39,33,44,34,41,46,37,34,36,35,36,58,36,36,36,97,42,37,42,39,36,38,31,48,33,37,45,34,39,12,50,28,33,33,38,33,47,101,25,36,36,36,41,37,45,30,39,33,38,35,45,44,35,41,35,49,42,41,43,46,47,46,39,35,64,45,39,36,35,43,45,38,63,46,39,36,31,35,37,35,33,31,37,34,38,42,36,36,32,52,40,40,37,34,35,40,36,38,40,39,38,35,34,39,114,37,49,31,38,49,46,36,37,37,32,34,36,38,40,36,34,37,31,33,28,46,33,33,32,13,37,34,37,96,35,43,43,34,37,38
10,98,43,31,4,21,39,33,35,24,12,45,35,24,45,27,35,26,13,16,13,42,4,29,14,34,42,16,16,24,7,11,15,20,71,8,24,38,45,17,45,7,14,50,24,15,9,17,7,15,14,40,27,62,39,44,23,27,46,7,16,34,44,5,32,71,15,15,38,14,13,7,31,22,31,33,32,13,65,23,11,27,8,5,31,31,30,55,10,24,14,3,24,22,6,40,8,62,11,30,5,40,25,14,73,79,2,57,52,15,35,26,4,5,25,43,21,33,46,6,25,13,31,8,7,4,139,21,51,53,6,16,58,35,3,46,22,27,12,9,23,32,34,14,34,30,20,22,4,24,22,32,30,0,31,58,20,31,34,18,26,7,40,20,5,33,47,17,19,63,25,49,34,37,49,42,9,50,4,19,18,50,9,31,31,38,73,19,6,21,40,46,14,109,20,16,37,64,32,32,32,9,29,37,35,0,21,4,41,37,21,42,25,35,49,37,23,24,17,17,56,24,13,21,93,32,21,32,34,25,37,35,41,18,17,39,28,15,42,49,18,4,20,35,28,38,91,35,35,28,30,41,26,43,28,36,5,37,24,36,43,9,38,7,39,38,37,43,42,44,38,31,1,59,39,23,4,14,35,36,29,58,40,20,33,15,6,16,5,17,21,23,12,15,28,16,13,9,47,37,24,19,27,19,31,18,34,27,19,30,3,34,22,104,19,45,11,19,41,34,35,13,26,9,17,18,27,27,19,19,28,9,13,11,39,2,8,18,37,6,28,22,88,26,26,33,16,31,10
24,97,39,34,20,25,36,38,40,20,22,35,38,25,50,34,48,22,23,22,22,42,21,28,25,46,50,24,23,24,22,18,22,25,67,23,22,29,41,20,49,20,21,53,19,20,21,24,25,22,19,33,19,60,35,45,21,27,46,21,18,32,42,23,20,69,23,8,31,17,22,22,26,17,39,42,39,21,66,24,20,25,20,20,21,24,30,46,19,26,21,21,24,21,17,43,21,59,12,27,25,40,22,16,71,71,22,48,50,22,32,24,23,16,22,45,24,28,49,24,20,20,42,24,21,23,140,22,43,54,22,26,64,26,21,43,19,28,17,21,21,36,35,22,16,35,17,25,26,24,21,23,30,21,25,50,25,32,36,24,25,25,37,23,22,34,47,21,17,59,22,49,40,39,49,38,19,31,24,19,20,50,21,30,32,37,67,24,23,21,40,43,17,109,23,22,40,65,34,37,26,22,24,45,35,21,0,25,50,40,24,45,17,26,43,24,22,12,23,24,47,27,24,23,91,38,22,26,34,23,40,26,39,27,23,39,34,8,48,53,25,25,18,19,35,37,91,48,23,34,32,44,7,46,24,39,24,40,26,15,41,22,33,22,37,24,31,37,42,46,42,25,23,61,24,22,20,25,25,16,31,61,26,12,31,19,25,20,20,26,20,10,25,21,34,10,13,23,49,37,27,21,28,25,24,25,33,16,24,28,20,36,15,112,25,50,26,17,37,30,17,16,25,17,26,27,32,27,25,23,31,25,24,22,21,20,25,29,49,21,30,19,88,21,25,17,26,34,25
8,97,44,36,8,19,41,32,40,24,13,45,32,25,42,28,34,28,11,16,13,42,8,28,15,36,42,16,17,24,8,12,15,20,69,9,22,35,46,16,44,7,16,50,27,14,8,15,3,16,13,41,26,57,37,45,26,27,48,14,19,35,45,8,31,69,16,17,38,13,16,4,30,22,32,32,31,12,66,23,12,26,7,9,29,31,31,52,8,23,13,6,25,22,9,42,8,62,12,30,1,42,26,15,71,78,8,54,49,14,34,24,6,6,22,47,22,31,47,2,27,17,38,9,9,8,136,19,55,53,11,19,57,35,6,49,23,27,9,10,19,30,32,14,34,30,20,18,2,22,25,28,25,4,30,56,22,26,33,17,25,3,39,19,5,35,45,17,18,61,26,51,37,39,48,43,12,50,2,18,18,47,10,28,33,38,70,18,11,24,38,46,11,108,20,14,39,61,30,31,34,10,30,37,33,4,25,0,42,37,19,45,24,34,46,38,22,25,17,16,54,27,13,21,93,30,22,34,33,23,36,33,41,17,18,39,29,17,40,46,21,6,22,34,26,40,93,38,34,30,30,41,24,45,27,37,6,36,26,39,43,10,36,9,43,41,35,41,41,42,39,31,4,57,34,25,4,15,30,39,28,60,40,19,33,12,2,18,5,17,20,23,12,15,28,15,11,10,46,38,27,20,27,17,32,17,34,27,19,29,3,30,24,106,17,47,14,15,41,34,32,13,22,10,17,18,28,27,18,22,28,6,12,8,38,5,5,17,37,4,29,24,90,25,27,33,17,31,6
47,97,53,49,46,46,47,49,53,37,44,50,56,43,52,51,48,47,46,49,50,48,41,52,42,36,34,38,47,49,46,42,42,46,77,48,38,47,52,45,55,46,45,58,47,46,45,44,48,43,46,55,44,71,48,53,48,49,60,48,46,44,55,47,44,70,39,42,49,46,41,48,52,44,48,47,48,48,80,46,42,44,47,48,50,50,51,64,49,45,46,44,47,48,47,55,47,73,48,49,42,56,49,44,71,86,45,63,59,42,48,38,44,45,48,60,51,39,58,41,47,43,40,45,48,45,147,46,64,59,45,39,68,49,49,55,43,49,47,41,46,47,52,47,50,45,46,51,45,48,46,40,48,41,41,57,48,48,48,45,36,48,49,38,46,47,55,41,43,71,47,55,48,55,55,51,48,59,46,44,41,57,48,46,54,53,77,47,45,47,53,59,47,115,40,44,49,72,45,51,50,44,48,34,32,41,50,42,0,38,45,51,48,47,55,49,46,46,51,46,59,47,42,44,104,47,48,45,55,44,48,55,51,41,47,53,47,44,38,58,38,45,41,45,44,46,105,31,43,46,45,50,48,51,42,45,44,48,41,53,47,46,53,48,50,47,51,50,53,51,47,51,40,62,49,49,42,46,48,53,55,65,54,46,55,44,47,45,46,45,47,50,48,50,46,49,49,45,53,45,49,42,49,47,47,43,47,50,47,50,45,49,55,118,43,51,45,43,51,54,50,45,41,47,46,44,50,47,44,44,49,51,43,44,50,42,44,42,38,45,38,48,100,44,52,52,45,44,45
36,106,32,29,33,29,21,35,35,31,33,43,31,26,34,27,10,36,29,31,36,35,34,39,32,40,40,28,27,34,34,36,34,31,73,34,35,29,36,28,44,33,34,22,26,29,30,30,37,30,36,15,32,53,29,36,37,37,50,37,32,45,47,34,36,64,29,33,41,32,32,33,35,31,15,10,16,34,52,25,37,25,30,34,35,31,31,50,35,28,31,35,33,34,31,36,34,56,31,13,37,40,29,31,66,76,32,54,52,32,34,31,38,33,28,29,22,32,42,35,34,34,36,31,34,35,142,31,48,40,33,41,61,27,38,37,37,33,33,39,36,7,33,25,41,23,36,36,38,28,37,23,30,37,36,58,32,37,7,36,31,37,27,34,35,26,37,33,27,64,24,53,30,40,49,35,32,53,36,34,31,47,34,32,32,26,69,30,34,29,46,46,36,107,35,32,35,56,7,31,25,34,29,41,39,37,40,37,38,0,28,16,34,15,41,37,30,29,30,35,60,33,33,34,77,6,32,22,37,28,24,37,12,31,29,13,31,33,43,45,35,38,33,36,33,42,97,43,37,27,10,29,29,37,28,2,38,24,33,43,44,35,36,36,12,35,34,40,27,39,30,39,37,60,30,34,35,28,31,43,34,53,36,33,40,34,37,35,35,31,32,33,29,33,10,31,30,34,36,32,30,34,28,32,35,30,36,40,29,31,36,36,30,116,27,29,35,33,32,36,36,34,28,35,33,29,26,34,30,31,32,33,32,40,36,36,35,33,40,34,27,27,95,35,36,38,34,9,36
21,92,32,28,18,16,28,30,39,14,10,35,34,6,29,31,34,21,17,14,21,38,21,30,10,39,45,5,10,12,15,19,13,16,64,21,16,24,42,12,47,20,5,36,14,4,18,11,19,16,18,28,26,53,28,25,14,11,46,21,14,36,45,21,10,65,4,19,30,16,11,21,25,13,38,38,38,13,59,9,18,19,16,18,22,20,25,48,17,20,17,19,7,8,14,40,19,61,16,31,19,42,9,15,70,68,19,51,44,20,30,24,22,21,7,48,9,28,42,18,6,12,34,17,22,19,131,8,52,47,18,25,54,21,22,36,16,15,19,23,12,30,21,15,24,20,5,23,20,12,25,24,8,21,24,56,23,17,26,6,20,19,28,11,21,19,41,16,14,55,12,48,34,39,37,37,19,50,18,7,16,44,17,20,25,34,63,8,15,24,41,38,21,108,5,19,38,58,32,27,31,19,20,37,33,21,24,19,45,28,0,42,24,33,39,24,7,20,18,17,53,13,11,17,92,30,10,23,32,19,35,33,35,8,10,34,20,19,42,45,24,21,17,37,25,23,91,40,23,19,33,23,18,35,10,26,21,35,7,35,36,21,19,17,36,40,29,42,35,34,35,21,22,58,28,17,17,6,20,35,24,58,35,21,28,12,19,4,21,6,5,17,18,23,20,17,18,20,45,26,18,5,20,11,28,15,28,28,9,12,21,31,20,112,15,43,16,14,41,36,22,20,10,18,4,18,26,18,7,6,17,17,11,23,26,21,17,10,35,18,18,26,92,5,19,35,8,24,19
44,109,39,36,41,35,35,43,40,38,43,44,38,38,35,40,7,35,41,31,45,37,46,49,41,46,51,37,42,43,44,46,37,39,64,41,44,44,46,39,46,44,39,21,41,39,42,39,43,43,42,34,41,55,47,44,33,41,36,44,41,40,48,41,44,66,37,42,42,36,40,42,35,39,9,6,8,42,63,42,42,35,44,42,43,43,33,55,44,39,39,40,40,41,42,46,44,64,47,17,45,36,39,43,70,79,44,52,49,41,39,42,43,43,39,29,38,37,40,42,43,40,52,42,43,44,144,43,50,40,43,45,60,30,35,42,47,31,44,36,41,14,44,43,34,29,38,44,46,42,46,37,44,42,46,60,42,37,10,39,41,43,31,44,40,40,42,45,38,67,44,53,34,43,50,33,43,54,44,41,40,42,44,45,39,27,78,40,44,44,35,45,46,108,40,44,33,68,15,28,23,44,45,43,44,42,45,45,51,16,42,0,46,41,47,36,34,40,41,37,55,35,42,46,89,15,44,41,52,44,20,42,14,39,41,13,50,46,44,50,46,43,40,45,32,39,92,44,46,40,18,46,49,43,50,16,43,20,44,49,39,45,40,41,13,43,32,46,40,29,43,37,38,56,34,40,42,42,43,49,43,57,43,45,45,39,43,41,40,41,37,44,37,45,18,49,47,45,33,39,44,37,47,41,34,35,43,46,47,38,42,41,49,111,44,43,43,47,38,45,39,42,45,39,40,44,34,44,39,44,36,36,42,37,37,38,45,41,45,43,45,37,94,38,45,48,40,28,43
29,101,46,35,26,22,24,29,43,22,25,43,36,26,28,28,43,28,26,27,22,43,25,30,30,41,39,29,22,29,29,26,30,32,65,24,24,27,44,30,47,28,28,55,24,25,28,23,26,26,21,37,26,55,31,37,26,20,47,30,23,27,38,23,25,69,29,16,25,23,27,25,36,23,44,41,44,28,68,29,30,28,27,28,24,27,29,57,28,29,22,26,18,17,23,41,29,63,21,28,24,35,27,21,72,78,27,55,55,30,22,28,28,25,34,49,26,30,45,25,33,27,40,21,28,24,145,28,42,53,24,34,65,28,25,48,29,27,23,28,27,34,35,22,27,33,25,30,25,30,29,24,28,25,29,56,12,26,36,30,21,26,39,31,25,39,41,23,28,61,32,46,33,41,51,49,25,43,25,25,29,46,30,27,33,33,72,27,28,22,45,45,17,110,27,31,34,66,34,26,28,26,35,37,34,25,17,24,48,34,24,46,0,31,44,21,32,17,20,29,59,18,29,25,92,35,25,31,27,32,38,19,43,29,27,41,29,15,39,42,27,28,32,34,32,39,96,48,23,25,30,39,12,45,32,30,27,38,20,40,45,24,30,25,38,32,36,35,40,41,27,25,24,49,26,26,26,30,28,29,24,65,25,23,28,24,25,31,25,31,26,23,31,19,31,17,20,26,49,38,32,28,21,32,29,32,33,31,27,26,23,28,19,112,20,40,29,29,48,33,29,25,29,22,28,27,32,27,30,29,35,26,31,29,39,23,25,27,42,25,24,23,90,21,19,31,25,35,30
37,98,38,35,37,25,20,26,40,36,32,35,31,34,42,24,36,31,29,31,32,40,36,40,36,41,42,28,35,31,35,32,30,34,68,32,36,16,39,30,45,33,30,52,20,32,34,38,34,35,30,31,38,44,18,32,37,31,46,34,30,32,41,32,24,62,28,28,30,34,36,32,20,36,32,43,33,37,61,20,32,15,35,33,22,25,21,43,29,25,36,33,35,32,32,43,29,65,30,26,34,38,32,29,62,69,31,49,46,34,29,27,38,30,25,42,25,29,27,33,28,32,37,27,33,35,132,18,53,48,31,40,47,23,35,26,32,34,31,36,22,30,16,30,24,31,37,35,35,29,26,16,33,35,25,43,28,32,39,33,30,34,31,35,33,27,40,31,28,49,29,43,40,29,38,26,32,50,37,30,32,40,33,29,35,24,63,30,34,19,34,47,30,104,35,29,35,57,37,28,16,34,22,41,41,35,26,34,47,15,33,41,31,0,39,18,22,21,26,32,54,23,29,37,85,19,19,3,31,20,34,32,29,23,33,35,33,28,47,42,39,33,37,32,31,34,94,48,28,16,27,22,27,40,25,15,33,34,32,39,37,34,26,32,41,39,37,32,37,21,16,29,32,53,17,31,31,27,30,31,27,54,27,30,39,29,34,28,31,31,36,25,35,24,31,31,32,32,44,33,37,21,26,30,30,27,32,32,33,19,31,33,32,110,32,9,34,35,8,31,31,31,25,33,29,34,30,31,26,32,28,36,27,37,17,31,30,34,37,31,23,24,82,30,29,22,32,30,36
47,103,46,44,48,30,29,35,47,43,44,39,48,39,42,49,49,38,46,47,46,43,48,49,48,54,56,42,40,48,44,45,45,47,64,46,49,29,38,46,51,47,43,51,34,44,45,44,46,46,43,45,42,53,31,26,42,41,46,42,50,51,48,46,31,72,42,47,38,38,44,44,35,43,46,46,45,47,46,35,46,30,45,46,36,39,42,48,43,33,35,43,49,48,46,34,46,58,46,43,46,40,38,40,68,74,47,51,45,46,19,39,49,43,37,44,46,41,48,47,46,45,50,47,46,44,137,48,60,48,45,50,54,31,45,48,51,31,41,51,39,42,38,47,47,45,32,45,48,29,47,43,21,49,42,55,47,42,44,43,41,46,40,39,47,37,39,43,43,56,33,50,39,47,40,38,44,52,47,43,47,45,45,41,54,49,69,44,47,37,49,47,44,115,46,48,50,56,41,46,33,48,33,51,46,49,43,46,55,41,39,47,44,39,0,32,35,44,42,42,61,27,45,45,72,40,45,30,48,32,43,47,37,42,43,39,40,47,58,45,51,49,45,40,42,22,89,55,39,31,38,49,43,52,31,41,49,43,31,45,31,47,32,43,41,50,42,56,50,46,39,31,49,61,41,44,47,43,26,39,48,58,37,38,44,43,46,40,47,35,34,42,46,43,47,41,42,44,50,37,47,39,28,36,26,40,44,47,41,33,47,43,51,89,47,32,45,38,27,47,40,40,43,48,42,34,46,45,39,44,41,48,46,47,39,45,47,33,56,45,39,28,73,26,45,55,34,40,47
39,100,32,42,34,32,36,31,32,33,37,32,45,31,41,33,36,24,35,30,37,34,36,39,36,42,40,35,24,21,36,32,29,36,72,37,32,23,46,41,35,38,31,44,27,29,34,38,37,30,32,28,37,51,25,23,20,27,51,39,37,36,42,35,28,67,35,20,34,33,36,38,19,33,35,32,36,35,69,22,34,19,34,37,32,33,23,45,35,22,39,35,28,27,33,44,36,57,30,35,38,37,20,31,70,72,37,56,43,37,30,23,38,33,32,50,20,30,36,36,25,35,41,31,38,37,138,18,41,47,35,38,58,20,39,29,34,23,37,39,39,41,21,30,16,42,35,40,37,28,37,16,25,37,24,50,28,35,37,37,33,37,39,36,39,37,32,33,39,62,25,42,37,41,54,27,33,38,36,27,37,32,37,28,45,29,70,32,38,20,41,38,31,113,37,38,44,59,40,35,27,39,29,40,37,37,24,38,49,37,24,36,21,18,32,0,28,29,39,39,65,23,37,39,86,43,22,18,36,22,41,32,49,27,33,39,24,20,36,44,37,38,33,23,39,21,92,44,35,25,36,36,23,44,17,40,39,41,18,22,48,35,24,35,40,27,28,38,43,43,27,32,36,46,27,38,32,36,38,21,37,62,22,31,26,30,38,34,39,34,35,34,36,34,35,23,27,38,54,39,40,35,26,42,36,29,25,33,31,30,37,35,32,113,33,38,29,32,26,24,23,30,28,42,28,34,32,36,28,31,37,37,35,40,25,38,36,37,35,35,25,23,90,20,36,32,26,43,38
23,90,34,32,22,13,40,25,33,21,15,29,33,20,41,23,33,8,24,12,21,33,23,30,22,36,46,16,17,12,20,19,17,15,71,20,21,31,48,17,44,20,17,47,28,18,21,9,22,18,20,32,22,57,26,43,10,9,34,22,22,33,43,20,17,66,16,20,35,22,24,22,15,17,28,28,27,19,65,5,19,14,20,21,27,23,26,43,21,16,27,20,14,15,19,37,17,57,15,29,22,37,16,18,72,74,22,50,48,20,26,22,24,22,5,45,15,32,45,21,11,20,39,19,22,22,135,11,51,50,20,26,58,30,25,40,26,11,23,25,18,29,19,21,21,33,3,23,23,14,25,25,17,23,21,57,22,21,26,6,24,22,39,15,23,28,46,22,4,62,11,51,29,37,43,29,19,43,21,10,12,48,22,22,23,41,69,15,20,15,39,41,22,104,14,14,37,62,26,29,30,23,16,41,34,23,22,22,46,30,7,34,32,22,35,28,0,24,22,19,59,12,13,25,91,30,11,24,34,6,33,32,38,16,17,32,22,13,47,45,25,22,19,31,34,24,92,48,23,22,32,33,19,41,23,30,22,33,21,38,39,23,20,20,38,41,30,42,42,40,32,29,22,57,22,12,21,14,23,38,24,58,24,19,31,19,22,4,23,18,13,21,16,24,23,19,20,18,42,38,18,5,15,16,18,21,21,29,18,12,23,27,20,110,17,46,18,20,47,15,18,19,21,19,13,19,25,18,16,8,27,26,21,24,42,23,22,6,38,18,27,16,92,6,17,24,6,21,23
24,98,45,26,23,14,30,34,38,13,15,40,36,19,45,28,39,21,19,18,19,29,15,28,16,40,43,17,16,25,24,12,20,23,58,23,11,31,41,20,36,19,19,48,21,21,24,21,25,22,16,31,20,55,28,43,22,22,39,25,12,37,39,23,30,61,18,22,29,16,19,23,27,16,36,39,36,21,67,20,21,23,19,23,20,18,18,55,20,21,20,23,13,13,21,41,16,58,15,30,25,38,17,14,63,74,18,47,49,21,30,26,23,15,23,52,18,25,44,24,18,18,41,16,22,17,141,12,49,50,23,22,61,25,18,38,22,27,19,17,19,31,25,16,31,28,19,25,26,24,14,21,25,24,29,52,10,23,36,25,15,25,32,26,22,28,42,15,21,62,24,47,35,45,47,47,17,43,24,23,22,47,22,26,29,23,75,24,14,21,38,42,14,110,24,22,39,61,32,31,26,14,26,42,36,24,12,25,46,29,20,40,17,21,44,29,24,0,10,23,48,25,22,26,90,33,12,22,22,21,37,27,41,25,21,39,24,22,44,42,24,25,16,24,25,40,97,42,27,21,30,37,15,37,19,32,25,37,20,25,41,14,35,23,31,26,32,42,43,38,28,21,23,59,33,26,24,19,34,25,23,58,32,17,28,16,25,16,22,23,22,14,23,16,29,16,17,21,42,35,25,24,19,12,29,22,29,21,26,26,22,21,17,111,16,40,24,23,28,31,32,22,13,15,20,22,30,20,22,23,27,22,19,20,30,20,23,24,42,22,25,16,91,23,24,25,24,27,23
18,97,37,34,18,21,28,31,41,19,12,38,29,17,46,27,38,22,15,19,10,36,14,30,18,40,47,13,11,25,16,17,14,18,62,15,11,29,39,18,49,15,14,49,19,17,16,18,17,19,11,35,25,58,38,46,22,26,47,14,10,31,35,15,31,69,14,15,28,7,18,15,25,15,34,34,33,13,64,19,18,24,12,16,23,30,31,53,14,23,13,15,17,22,13,40,13,59,10,32,17,38,23,12,73,76,15,50,51,19,29,22,16,10,16,50,21,29,48,16,26,13,38,14,13,14,139,16,51,53,16,29,62,23,17,50,21,23,13,18,21,30,36,16,29,36,18,16,18,20,22,25,29,17,31,53,7,30,32,16,24,17,31,19,18,32,46,10,18,62,25,44,35,42,50,47,15,43,18,16,19,46,15,25,30,33,75,18,16,23,41,47,6,109,21,16,40,63,28,30,26,12,30,38,35,17,23,17,51,30,18,41,20,26,42,39,22,10,0,18,55,28,20,21,91,32,16,24,29,21,37,26,41,15,12,39,32,15,47,35,27,16,15,21,26,39,95,44,24,36,31,33,17,44,27,35,15,37,22,31,39,12,34,17,34,41,35,35,39,32,38,28,18,60,27,25,18,16,30,29,16,59,29,20,21,12,17,15,18,20,17,19,17,5,30,12,16,17,48,37,28,18,23,13,28,17,33,17,19,27,18,34,14,108,12,44,17,14,41,38,25,19,24,9,18,23,27,24,17,21,26,16,16,16,39,13,17,21,44,15,29,16,94,19,26,15,16,25,15
17,99,39,36,17,15,37,32,37,21,15,39,26,7,37,19,37,22,15,13,14,42,16,33,13,38,45,6,16,22,17,14,11,17,69,17,22,30,44,2,49,16,12,47,20,16,15,1,16,16,13,39,26,53,37,45,18,20,42,18,21,38,46,17,27,71,6,25,24,15,15,16,28,18,37,39,37,5,64,15,17,20,16,17,27,19,33,50,16,17,14,16,19,21,15,39,17,59,17,29,16,39,24,14,74,75,15,53,48,2,31,22,18,14,15,49,20,32,47,15,21,14,40,16,14,16,135,20,56,47,16,21,57,33,18,44,24,26,16,16,16,30,28,16,30,34,11,15,16,19,23,28,20,17,24,56,24,22,31,15,26,16,33,12,16,29,49,13,15,61,21,53,28,38,46,43,16,50,15,11,10,48,13,22,28,39,63,10,17,21,37,45,16,107,8,9,36,62,30,35,30,17,25,38,36,17,24,16,46,35,17,37,29,32,42,39,19,23,18,0,57,13,15,14,91,24,17,31,39,18,31,35,36,15,12,34,28,24,41,48,22,18,22,37,32,40,93,41,31,22,26,38,24,39,26,28,18,31,19,36,42,16,34,17,36,41,34,44,40,41,33,30,17,58,30,18,14,8,26,36,33,53,41,24,33,15,16,19,16,15,6,20,4,16,25,18,17,14,47,32,15,19,22,16,30,7,32,29,13,21,16,30,21,113,20,46,16,17,43,32,26,16,19,14,9,18,21,21,12,19,22,18,9,19,38,16,16,4,38,17,27,15,95,22,27,33,7,25,14
58,94,59,61,53,58,51,62,62,58,55,55,58,49,58,58,64,58,47,56,54,61,54,58,56,59,64,54,56,53,55,52,57,56,62,55,58,50,55,54,51,56,56,53,53,50,51,56,54,53,53,49,59,53,57,59,59,56,57,55,53,48,47,55,57,70,53,54,58,48,54,54,55,53,56,58,56,57,68,47,52,57,53,55,59,61,54,63,53,46,50,55,55,54,52,61,54,40,55,51,54,55,60,50,74,75,57,56,56,58,59,57,54,52,53,64,58,52,62,55,57,54,54,49,55,56,135,51,60,52,52,61,47,57,56,52,58,60,57,54,56,56,57,50,59,59,58,59,55,50,54,59,51,56,55,52,60,59,51,55,47,54,60,54,54,52,54,56,56,62,49,53,63,62,50,58,53,61,54,58,56,53,56,57,59,58,78,54,52,52,61,55,56,114,57,55,64,62,56,58,55,54,58,61,58,56,47,54,59,60,53,55,59,54,61,65,59,48,55,57,0,61,57,53,89,56,51,56,58,50,56,61,55,56,57,56,58,52,60,60,61,56,52,56,62,54,92,59,60,59,58,59,57,62,51,57,55,56,50,56,56,54,58,56,57,54,55,55,61,53,56,54,54,59,53,55,54,58,59,55,61,52,55,56,61,49,54,53,54,58,55,44,55,60,52,54,54,53,52,63,61,55,54,54,56,55,56,61,54,53,54,59,63,79,59,49,56,55,62,52,56,55,52,54,58,57,57,59,55,58,51,52,58,58,55,56,56,57,60,55,53,58,43,46,55,60,59,60,56
29,97,42,34,22,7,18,30,40,25,26,32,28,20,29,21,34,13,28,22,30,29,30,29,27,38,44,21,12,26,25,29,17,28,68,26,26,28,42,14,44,27,19,42,28,21,24,24,26,27,28,37,20,57,21,28,26,8,43,28,30,30,41,25,21,68,21,28,34,27,27,27,26,22,32,36,33,26,58,18,25,10,27,27,18,20,20,47,27,19,27,23,12,15,23,37,28,62,29,29,27,37,15,29,70,71,23,55,42,23,18,25,27,28,22,46,24,27,43,26,12,23,41,28,26,25,138,24,51,44,25,32,54,26,28,36,21,28,30,27,15,25,24,30,19,30,18,29,28,25,23,9,17,24,19,57,30,5,30,26,19,26,34,26,29,28,38,29,13,52,21,47,32,38,47,37,28,54,25,21,24,49,29,20,30,28,59,18,31,10,28,40,29,106,19,22,42,58,25,35,16,32,22,42,36,24,27,27,47,33,13,35,18,23,27,23,12,25,28,13,61,0,26,26,82,29,16,14,29,17,27,21,35,18,24,37,23,28,44,49,32,27,27,31,31,25,93,45,17,23,18,34,24,45,19,30,28,27,18,35,43,30,17,26,32,36,30,41,29,40,19,25,27,60,18,25,23,14,8,33,31,59,36,22,30,31,27,23,29,15,16,31,27,26,25,31,30,27,43,20,24,16,11,10,20,12,30,31,34,21,28,29,32,94,28,31,23,29,41,23,13,29,21,29,19,24,25,19,16,19,30,25,24,28,38,26,27,15,46,27,22,16,80,27,20,32,14,22,29
16,100,40,32,12,13,36,29,36,16,4,48,32,17,40,24,38,19,10,6,16,39,13,33,11,39,39,7,10,21,12,19,3,15,71,12,18,31,41,9,49,10,6,47,20,8,16,12,14,12,13,29,25,52,36,43,15,24,47,15,16,37,44,11,24,68,6,24,32,9,6,13,29,16,30,32,30,8,67,23,12,20,12,13,27,22,27,48,17,19,11,11,10,11,16,40,14,59,15,28,13,38,19,17,71,74,11,52,49,18,26,25,14,10,13,46,18,26,41,12,15,11,39,14,14,10,141,8,49,47,12,27,55,27,12,41,23,24,16,15,11,29,29,18,25,32,11,10,14,20,25,31,17,13,25,56,25,29,31,14,24,14,37,18,12,30,47,13,9,57,20,50,35,42,43,41,15,50,13,6,15,45,16,22,29,32,71,17,11,23,37,48,17,104,10,6,39,59,26,31,33,10,20,38,36,13,24,13,42,33,11,42,29,29,45,37,13,22,20,15,57,26,0,19,88,28,7,28,34,17,33,31,43,13,3,39,19,24,40,49,20,13,19,36,30,43,88,43,26,32,28,40,23,37,16,33,13,33,15,40,39,10,37,14,37,44,28,41,35,33,32,29,15,58,37,13,11,4,29,40,29,57,31,23,32,17,13,11,15,14,17,22,13,18,26,13,17,13,44,33,22,15,18,7,32,13,24,29,16,26,11,31,22,106,22,43,14,19,43,33,31,15,10,9,10,16,25,10,18,18,18,14,4,17,34,11,10,14,39,12,16,19,87,17,24,32,8,24,16
21,89,40,31,21,22,37,34,40,18,18,49,31,16,45,31,40,25,14,17,20,37,21,30,18,37,45,17,18,22,19,17,17,22,68,21,21,35,45,14,47,16,17,51,25,18,19,13,23,20,21,37,27,58,30,39,23,27,50,22,15,39,49,19,24,68,16,26,33,17,19,20,30,16,37,39,37,17,62,14,20,28,18,20,25,24,33,55,19,19,17,18,24,24,22,41,18,56,19,33,23,43,23,15,75,76,19,55,53,19,32,30,22,17,19,48,20,31,46,22,17,16,35,18,20,19,143,20,55,56,19,20,62,35,21,47,23,27,19,22,17,30,34,17,35,31,20,20,22,17,20,29,22,21,26,60,23,26,35,15,26,23,39,18,19,30,50,21,12,61,19,51,38,39,45,41,19,52,19,13,20,50,18,22,31,35,69,16,20,20,46,47,22,109,18,18,40,62,30,32,34,21,30,39,36,21,23,21,44,34,17,46,25,37,45,39,25,26,21,14,53,26,19,0,94,30,22,36,35,14,35,35,44,19,19,41,29,26,43,47,18,22,19,31,29,42,95,45,33,34,28,40,19,32,22,33,22,35,22,38,37,21,35,17,43,42,33,40,42,45,34,30,22,57,32,23,19,14,29,38,29,54,46,23,35,15,21,18,19,17,17,15,16,20,27,21,23,16,49,31,24,16,24,18,31,18,31,31,17,23,19,33,21,110,22,45,18,21,44,40,29,20,24,21,19,20,31,24,17,19,22,18,17,25,39,19,20,18,38,20,23,25,92,15,25,28,16,29,19
92,116,78,87,93,73,85,75,94,89,88,80,75,90,87,64,78,85,90,84,92,86,93,90,93,101,101,87,83,89,93,91,89,91,87,91,94,87,75,91,96,91,86,85,93,88,93,90,93,94,89,82,91,86,93,85,88,92,91,94,92,89,83,91,95,93,87,88,85,92,88,90,87,90,75,76,74,90,82,86,93,84,91,91,90,86,83,90,92,87,90,92,86,88,91,93,92,89,89,77,93,68,90,93,98,93,91,104,83,93,82,93,94,91,90,91,84,92,81,92,90,88,98,92,91,91,119,85,75,91,91,97,91,72,94,84,95,86,91,95,83,80,90,93,74,71,89,95,94,89,93,85,91,93,95,82,87,84,74,93,90,93,74,87,92,93,87,91,86,98,90,91,89,88,91,85,93,101,92,93,93,81,92,91,83,79,101,89,93,93,79,88,88,105,90,90,85,98,82,70,85,93,87,100,97,93,91,93,104,77,92,89,92,85,72,86,91,90,91,91,89,82,88,94,0,83,94,88,88,87,90,86,95,89,86,93,97,88,100,93,97,94,91,90,91,88,103,99,72,83,72,67,86,90,92,79,94,90,89,93,88,93,89,90,78,93,89,97,69,60,86,82,93,89,86,91,92,89,89,89,93,90,85,88,94,93,93,90,92,86,87,91,89,91,67,92,93,93,90,92,84,86,76,76,76,89,88,94,93,90,92,86,93,110,88,77,93,91,77,91,93,90,92,89,85,95,64,89,90,88,86,94,90,93,87,92,92,91,103,92,87,70,94,90,75,97,89,63,93
32,100,32,24,32,22,25,25,33,26,26,43,33,30,31,19,13,28,29,27,33,32,32,39,29,41,44,28,24,24,32,33,30,27,70,28,31,27,38,27,52,29,24,39,35,23,32,22,30,30,30,15,28,55,32,44,26,28,45,33,33,42,51,28,34,67,27,35,29,28,28,29,22,28,9,11,9,26,56,34,28,22,31,28,35,32,32,49,29,30,31,30,31,32,32,40,29,64,33,7,30,41,27,30,69,70,30,48,48,31,29,35,33,30,28,19,23,35,42,29,29,28,45,32,30,30,143,27,46,38,28,32,59,20,33,48,35,21,27,33,31,1,29,28,38,20,31,31,31,30,34,21,35,32,31,57,30,30,7,29,29,30,30,28,31,29,42,29,27,62,33,54,32,39,40,35,32,45,29,27,31,48,24,33,25,15,73,26,30,30,35,43,30,103,27,28,34,68,1,24,28,30,30,42,42,32,38,30,47,6,30,15,35,19,40,43,30,33,32,24,56,29,28,30,83,0,30,25,39,32,24,36,11,26,27,9,36,32,45,47,33,32,29,41,40,41,90,45,29,35,14,31,33,37,34,4,32,24,33,34,37,31,32,29,15,43,34,40,22,35,32,32,31,61,32,26,31,28,29,34,36,51,41,31,38,31,30,33,31,26,28,30,25,30,5,34,31,32,24,23,29,29,28,28,27,26,34,39,36,30,31,27,36,112,28,36,31,33,47,34,23,31,29,30,31,32,29,31,22,27,27,34,28,34,39,30,30,30,48,31,30,28,87,30,23,36,28,6,32
23,102,35,31,18,19,31,33,37,20,11,43,33,16,30,25,39,17,20,12,17,39,23,35,14,41,46,12,11,16,25,24,17,22,64,20,17,28,42,19,46,19,13,40,18,12,21,21,22,10,20,35,17,56,34,40,18,26,40,22,22,37,47,20,22,69,13,22,30,23,15,20,23,18,33,39,33,14,68,10,19,26,20,20,23,25,24,40,20,8,17,22,12,11,17,37,21,60,20,27,22,38,13,19,72,69,19,48,40,19,28,22,24,18,11,49,19,33,45,23,21,17,43,20,20,21,140,13,54,46,22,26,54,28,20,48,27,26,21,24,10,29,28,20,24,37,6,20,22,15,24,27,16,21,25,52,17,17,35,13,23,22,29,18,22,32,44,16,13,57,20,44,35,42,47,45,20,49,20,8,13,49,22,20,30,36,67,18,23,9,33,46,14,105,22,16,43,61,32,31,24,23,22,44,37,21,22,22,48,32,10,44,25,19,45,22,11,12,16,17,51,16,7,22,94,30,0,20,32,8,36,34,38,18,18,38,18,19,47,47,24,22,20,33,30,25,97,47,18,20,31,33,20,42,16,29,23,36,17,28,40,21,21,22,41,42,27,44,44,36,26,21,24,53,36,22,22,16,17,28,30,57,32,15,33,17,22,18,22,18,22,21,20,14,30,21,22,20,42,34,19,24,14,12,31,21,16,24,16,17,22,34,16,108,19,40,21,20,36,25,26,24,14,20,19,15,23,7,21,21,19,23,18,25,33,19,24,14,41,22,19,22,91,10,21,26,12,31,20
35,96,36,36,33,21,20,22,43,34,33,38,24,26,43,25,31,21,24,23,31,36,30,35,36,40,39,23,29,34,33,32,29,30,68,32,31,16,33,29,46,30,25,55,18,31,31,24,34,30,25,30,30,43,10,30,30,36,42,33,31,33,44,32,20,62,24,28,20,37,33,31,18,33,33,26,34,30,66,18,31,13,31,33,24,25,22,45,29,18,33,30,21,24,30,35,32,60,27,32,34,32,22,26,65,64,31,47,46,30,16,28,33,31,30,50,17,27,42,33,31,29,42,32,33,31,132,15,55,48,30,37,50,27,33,29,34,33,26,34,22,34,17,28,21,37,29,34,33,30,26,13,24,32,27,47,25,20,34,32,22,34,29,32,31,36,40,25,21,49,19,51,33,38,39,24,29,52,33,31,29,44,32,30,35,34,64,34,35,19,36,45,25,104,32,26,31,58,24,24,14,32,16,39,42,32,26,34,45,22,23,41,31,3,30,18,24,22,24,31,56,14,28,36,88,25,20,0,26,18,31,35,27,28,24,36,30,27,35,50,35,33,26,28,31,34,89,46,32,18,19,27,28,39,20,13,33,31,32,35,45,33,25,32,40,32,26,37,36,23,10,29,30,58,26,34,29,25,22,36,33,54,33,37,31,31,34,31,29,24,28,23,28,23,25,29,30,31,49,27,35,32,20,26,27,30,28,29,24,23,29,28,30,111,23,12,31,32,11,17,31,31,22,27,30,28,27,26,30,25,27,35,25,32,18,33,30,24,41,29,20,24,92,31,26,34,24,24,31
36,93,44,35,34,29,38,28,34,30,35,47,41,36,43,34,41,31,30,36,34,34,29,30,31,43,45,32,36,38,29,35,36,33,71,33,30,29,51,35,40,31,31,47,28,36,31,39,33,36,29,41,27,62,33,38,30,36,44,33,30,40,43,33,33,64,32,33,25,22,26,34,26,37,37,39,37,32,69,33,36,29,31,33,30,21,24,55,31,32,32,29,33,31,31,38,29,66,31,37,33,43,30,31,70,73,33,60,50,37,24,31,33,31,35,42,28,28,44,34,39,29,36,33,33,35,149,37,56,57,32,36,69,31,32,43,29,37,32,33,27,37,33,32,35,32,33,35,34,32,23,24,35,34,31,54,25,29,35,34,32,33,34,38,32,39,47,30,35,69,38,53,40,46,53,46,29,51,33,38,33,48,32,38,38,39,80,35,30,35,41,44,25,113,34,33,42,66,39,32,32,33,29,38,39,34,34,33,55,37,32,52,27,31,48,36,34,22,29,39,58,29,34,35,88,39,32,26,0,33,36,29,43,37,38,42,35,30,47,49,32,32,29,30,38,36,92,44,25,29,38,33,29,47,34,32,32,36,34,34,41,31,33,33,39,32,31,41,40,44,38,28,31,57,36,35,33,37,34,35,33,62,38,27,41,30,33,35,32,36,34,30,36,26,38,31,31,31,45,37,40,35,32,27,32,35,39,39,36,39,32,26,34,113,33,40,37,30,45,37,30,33,35,33,37,37,39,35,35,40,40,36,36,34,25,30,33,38,44,33,37,28,91,34,38,36,36,38,36
23,95,40,35,19,12,29,24,35,21,17,40,28,5,34,29,36,13,19,21,24,31,21,29,15,40,42,8,13,25,20,21,17,22,64,24,14,32,46,20,37,22,16,50,13,14,17,13,24,15,22,39,22,52,19,35,18,26,49,25,17,39,49,24,12,69,7,17,22,23,15,24,14,16,42,42,42,18,53,1,19,25,20,21,28,13,32,53,21,1,22,24,18,19,18,41,23,58,18,26,24,40,8,19,71,72,23,43,55,20,15,23,26,24,6,46,17,33,48,24,14,20,34,17,23,22,134,11,56,45,23,23,55,24,25,36,25,31,24,24,11,32,24,19,17,35,5,13,24,7,22,13,9,25,14,55,26,11,29,5,25,24,29,10,24,18,42,24,6,55,5,51,37,40,41,38,19,53,24,5,16,46,22,23,32,41,62,9,23,5,39,42,25,107,16,17,43,57,32,32,21,21,21,42,36,25,23,23,44,28,19,44,32,20,32,22,6,21,21,18,50,17,17,14,87,32,8,18,33,0,27,35,41,6,18,33,22,20,44,47,17,25,19,39,26,28,92,38,25,20,34,35,18,41,11,27,25,27,10,35,28,23,18,22,38,33,34,44,46,45,27,30,24,55,23,21,23,14,15,40,18,60,33,23,27,22,23,12,24,9,16,21,18,24,25,19,18,25,46,31,21,7,27,17,25,14,26,29,10,9,24,34,28,111,24,40,18,17,41,29,16,25,17,23,15,21,33,13,15,21,10,18,19,26,37,23,21,5,36,23,12,12,90,10,20,34,10,32,20
38,97,39,28,32,30,22,37,34,35,38,37,37,37,28,26,17,36,35,37,42,34,37,42,39,38,42,32,32,29,35,38,34,31,67,38,38,38,44,32,50,34,34,47,37,34,38,30,39,19,37,18,41,49,40,22,37,36,44,38,35,47,52,35,34,62,32,39,25,38,37,39,30,37,26,16,26,36,48,27,40,27,35,34,38,29,37,51,38,29,37,31,34,39,39,36,36,62,37,22,36,34,36,38,64,65,33,51,42,34,23,35,35,33,32,21,32,32,44,35,26,35,45,32,38,33,145,30,42,40,37,37,66,26,35,45,35,27,35,39,33,24,33,40,37,13,33,39,37,36,35,29,31,37,33,56,37,36,27,27,29,39,25,33,37,32,30,37,26,52,29,55,28,27,36,39,37,53,36,34,38,56,38,29,35,20,74,35,37,22,40,45,38,103,34,36,30,51,23,31,18,35,37,38,38,37,40,36,48,24,35,20,38,34,43,41,33,37,37,31,56,27,33,35,90,24,36,31,36,27,0,32,17,27,37,15,34,39,42,48,36,35,36,37,36,35,87,44,35,16,7,33,36,40,28,24,35,0,26,41,37,35,33,35,20,41,27,44,25,32,31,38,34,58,26,37,33,36,36,42,37,51,37,40,39,39,36,31,37,35,33,35,33,39,16,42,39,40,34,32,40,35,31,32,30,27,34,40,36,31,34,38,46,109,35,46,32,41,38,33,24,34,33,34,33,32,38,35,34,38,28,36,31,37,39,36,34,27,44,37,36,39,85,38,37,42,27,32,37
34,91,35,34,29,24,36,38,38,27,34,33,31,33,38,34,34,21,32,33,35,38,34,37,33,41,44,32,35,27,32,30,32,33,69,33,25,31,40,31,42,31,32,38,26,28,31,33,33,32,28,29,27,54,32,38,31,36,39,34,29,38,41,33,35,64,32,24,34,28,32,30,30,29,36,36,36,32,64,32,32,21,30,33,34,29,29,46,32,32,30,30,28,28,30,39,31,58,27,32,33,32,27,27,73,73,33,54,46,35,32,29,36,29,30,50,33,31,34,34,33,30,45,26,33,30,145,25,44,53,31,39,52,28,31,33,28,30,32,30,32,34,32,24,32,41,26,33,35,32,27,29,32,35,35,49,25,22,32,35,23,33,37,37,32,39,47,33,27,64,35,37,31,40,42,43,27,49,34,36,33,40,33,34,35,26,69,32,33,32,37,40,31,105,34,32,44,61,32,29,27,27,33,34,31,35,26,33,55,37,33,42,19,32,47,32,32,27,26,35,61,21,31,35,86,36,34,35,29,35,32,0,43,27,32,42,37,26,41,33,35,34,30,27,30,34,90,44,31,35,33,36,30,40,31,38,33,32,34,30,42,32,34,32,33,28,26,40,33,38,34,29,33,53,28,34,30,31,31,23,30,57,29,25,25,29,33,29,30,31,28,32,32,27,32,26,27,26,42,32,35,26,28,25,31,33,32,25,29,33,30,30,29,116,20,34,34,24,32,31,29,25,24,26,32,35,37,37,32,33,35,31,30,35,45,31,32,34,41,35,39,29,89,35,30,34,33,33,35
42,109,26,32,42,25,33,44,44,40,39,41,40,38,48,37,14,40,41,40,38,41,40,50,43,47,48,31,37,44,38,44,33,41,62,38,42,39,43,40,56,39,33,21,45,36,43,38,41,44,38,29,44,57,46,40,38,39,43,42,43,34,38,39,32,57,32,45,40,43,41,40,45,36,13,15,14,42,48,37,38,31,41,39,42,46,43,49,37,37,39,41,40,43,40,44,37,53,38,25,41,33,40,40,63,70,41,54,48,43,23,37,42,42,43,32,33,45,42,40,28,36,45,43,39,41,139,32,51,40,39,46,53,37,42,42,44,36,40,43,41,10,29,43,39,21,40,43,42,37,46,25,32,41,44,51,44,42,12,41,41,41,28,39,42,35,40,40,40,67,40,50,43,43,43,34,40,56,40,36,37,51,42,35,35,32,72,40,39,39,37,39,39,99,38,38,39,66,11,36,26,40,42,46,48,41,39,41,51,12,35,14,43,29,37,49,38,41,41,36,55,35,43,44,95,11,38,27,43,41,17,43,0,40,40,2,45,45,49,41,47,42,41,37,40,28,87,48,39,37,25,35,43,37,46,10,42,17,43,42,41,40,35,38,15,40,40,44,18,31,29,38,41,60,34,28,42,40,40,42,45,56,41,35,43,42,41,37,42,40,40,44,39,37,15,43,38,39,31,27,35,37,38,44,36,36,37,41,44,31,42,35,49,109,39,32,41,43,31,40,43,40,34,42,40,44,38,46,37,42,38,44,38,44,28,41,42,42,45,41,38,35,81,42,40,42,43,28,40
19,92,36,28,18,19,35,30,33,16,9,35,34,10,41,24,37,25,19,7,18,35,17,34,17,37,43,9,18,20,19,19,10,14,69,18,18,25,47,14,49,16,9,51,24,14,17,14,18,6,17,36,26,62,21,29,18,12,48,20,13,34,45,17,12,68,9,25,30,18,17,17,26,20,33,35,33,15,62,16,19,22,18,18,29,25,29,48,19,6,19,15,14,14,16,36,18,62,17,21,17,42,17,15,73,72,16,51,51,7,22,18,17,17,11,46,21,32,49,18,14,13,35,20,17,16,139,10,52,49,16,23,59,35,19,45,22,16,20,18,8,25,28,19,26,29,13,11,17,14,22,27,18,18,24,58,24,12,33,13,25,18,32,13,19,28,47,17,15,58,22,50,30,37,46,45,18,52,17,5,10,45,19,26,24,37,70,6,19,8,39,44,16,107,5,9,34,60,27,35,26,15,25,34,33,18,27,17,41,31,8,39,29,23,42,27,16,25,15,15,56,18,13,19,89,26,18,28,37,6,27,27,40,0,7,38,15,20,39,47,18,18,21,34,31,36,90,42,17,22,23,30,25,38,18,30,18,27,7,38,29,13,20,18,39,43,28,42,37,39,35,23,18,58,35,21,17,7,16,38,30,57,37,23,31,18,17,8,18,8,8,20,14,18,21,19,20,17,44,30,18,12,15,8,24,4,28,28,19,9,17,31,18,106,18,38,15,19,40,28,28,19,17,15,2,8,21,18,5,3,17,19,8,20,28,17,17,1,39,17,16,20,93,10,24,30,8,26,16
16,101,35,27,16,12,30,31,32,15,3,42,32,20,45,24,34,26,16,5,19,37,15,33,10,40,44,1,9,10,16,15,6,13,69,16,15,28,39,12,49,13,1,46,25,10,18,14,16,14,16,37,24,54,31,37,21,22,44,19,17,34,42,15,30,70,2,17,36,14,13,13,24,14,31,32,32,16,63,22,15,25,10,14,26,28,32,45,17,16,16,15,18,15,18,40,15,61,14,27,17,42,21,15,71,72,14,54,45,12,32,21,18,15,12,49,9,32,44,16,14,6,40,14,15,14,134,8,49,44,14,23,47,24,19,41,22,23,15,18,11,28,20,15,25,22,13,18,19,13,24,27,11,17,19,55,18,17,28,10,28,16,36,12,15,27,47,16,7,62,25,44,32,38,44,39,16,49,16,9,10,45,17,17,28,31,69,12,17,17,36,41,15,104,9,13,36,58,25,26,30,14,19,38,37,17,23,18,47,29,10,41,27,33,43,33,17,21,12,12,57,24,3,19,86,27,18,24,38,18,37,32,40,7,0,33,28,20,41,46,22,16,20,31,29,44,90,39,28,22,25,34,20,41,12,31,16,34,18,36,40,15,30,13,34,41,26,38,37,35,34,28,15,55,34,21,15,9,28,36,25,51,36,20,26,17,17,8,17,12,10,24,4,16,23,15,14,15,42,32,21,13,18,6,31,5,27,25,16,22,17,30,22,111,14,42,12,19,41,34,23,14,10,17,7,14,23,18,5,14,22,16,13,18,34,15,12,14,40,14,20,16,92,16,21,30,12,26,18
40,106,33,35,40,23,37,34,42,33,34,43,37,36,42,36,15,31,41,36,36,41,38,48,41,44,42,34,37,38,36,42,31,39,60,36,38,39,40,39,57,37,33,48,43,38,41,36,39,42,36,25,41,60,47,43,36,39,39,40,38,27,47,37,32,64,34,43,41,41,41,38,44,32,28,13,28,40,48,35,36,29,39,37,40,40,41,56,35,33,37,39,40,37,38,41,35,54,36,24,39,37,35,38,68,75,39,51,46,41,35,35,40,40,41,23,35,41,44,38,34,36,45,41,37,39,144,39,51,39,37,44,53,35,40,48,44,29,38,41,34,8,31,41,37,19,34,41,40,35,40,29,33,39,43,57,38,32,10,39,39,39,33,37,40,33,47,38,23,61,38,50,33,44,49,35,38,55,38,34,35,49,40,33,33,31,70,38,38,37,43,39,37,107,36,36,39,70,9,36,38,38,36,48,45,39,39,39,53,13,34,13,41,35,39,39,32,39,39,34,56,37,39,41,93,9,38,36,42,33,15,42,2,38,33,0,43,43,48,42,45,40,39,39,46,28,89,49,37,30,13,36,41,35,44,11,40,15,41,42,37,38,32,36,17,42,38,38,20,40,37,36,39,58,31,38,40,36,34,42,43,53,40,40,43,39,39,35,40,34,33,42,35,35,13,41,36,37,29,29,33,26,36,39,27,34,30,31,42,23,40,38,47,106,38,34,39,42,45,37,42,38,39,40,36,41,34,41,33,38,37,42,36,42,37,39,39,38,48,39,38,35,83,40,37,44,38,27,38
29,100,44,36,29,23,39,27,39,30,23,49,37,24,36,25,43,19,31,23,29,38,23,34,27,37,43,28,23,24,29,31,27,25,71,29,28,38,54,30,48,27,28,54,21,29,28,21,30,17,27,41,30,57,32,41,24,28,45,31,27,40,50,29,17,72,28,34,35,31,27,30,27,30,38,41,38,26,69,25,31,26,29,29,25,28,33,55,30,18,32,29,28,23,27,45,29,64,32,32,29,43,24,30,73,78,29,61,46,24,35,13,26,28,27,43,22,32,48,29,24,29,42,30,27,28,136,23,56,53,31,26,59,37,26,47,27,30,30,27,23,33,30,33,32,40,23,28,29,18,30,19,18,28,25,54,27,31,38,24,30,30,41,18,29,32,48,30,23,65,23,50,38,35,51,43,29,56,29,18,28,49,30,27,35,41,75,27,29,25,39,49,28,111,26,23,44,66,33,35,27,29,23,36,34,28,34,29,47,31,20,50,29,33,40,24,22,24,32,28,58,23,19,29,97,36,18,30,35,22,34,37,45,15,28,43,0,29,41,50,28,29,27,35,35,38,93,45,25,30,33,43,32,46,15,37,29,32,14,40,42,29,34,29,42,48,38,40,42,46,36,32,28,59,39,27,29,23,31,40,32,60,36,31,33,31,29,29,29,24,26,29,22,31,26,31,30,30,49,32,25,23,26,25,18,18,24,32,30,26,28,38,34,110,31,47,20,33,44,28,34,32,26,27,22,21,23,25,23,20,30,31,20,29,39,28,26,22,38,31,17,20,92,29,27,37,21,38,29
22,95,48,34,20,21,39,32,44,18,26,41,35,13,42,32,34,24,25,22,23,39,21,30,23,43,48,25,20,30,20,16,24,24,64,21,21,33,45,20,42,15,19,48,19,19,20,18,23,18,14,36,19,58,32,42,28,30,46,22,23,38,43,20,21,76,25,0,38,16,23,19,27,11,31,38,32,24,66,20,21,31,19,21,21,26,30,50,22,19,20,18,19,22,19,44,15,61,13,32,17,42,23,15,78,71,17,50,51,24,34,21,20,21,19,48,22,29,47,16,24,17,33,15,21,18,137,23,38,52,22,23,62,26,17,44,22,28,20,16,22,32,30,13,18,32,15,26,18,23,23,25,21,15,24,54,22,29,34,26,23,23,41,22,22,35,43,17,18,61,21,51,31,43,45,45,19,37,16,22,21,50,22,25,27,36,66,19,20,21,44,44,15,111,24,22,35,62,29,33,40,22,35,41,39,15,8,17,44,33,19,46,15,28,47,20,13,22,15,24,52,28,24,26,88,32,19,27,30,20,39,26,45,20,20,43,29,0,45,44,20,20,24,15,30,41,89,40,25,34,34,37,9,44,20,33,21,39,19,23,40,21,35,20,39,22,37,39,42,40,27,30,16,54,24,23,18,26,33,22,26,61,26,14,32,17,22,21,22,22,18,17,24,15,32,12,10,21,52,36,29,16,25,25,27,22,34,22,20,29,20,36,18,108,15,46,25,16,41,29,18,15,21,22,25,23,35,29,22,24,24,17,25,17,25,17,20,24,34,19,22,20,88,18,31,28,21,33,23
43,109,43,43,42,44,51,45,40,43,42,56,48,47,48,46,39,47,42,42,46,45,37,50,45,8,12,42,43,42,43,43,40,43,78,42,34,46,55,43,49,41,42,60,42,42,43,40,42,42,46,43,48,70,43,51,44,40,48,45,42,42,58,42,46,70,42,45,47,45,43,42,44,45,38,34,38,41,79,42,44,43,42,41,50,47,44,62,42,41,37,41,42,36,44,51,42,71,46,43,40,52,46,43,74,89,42,66,54,42,46,33,39,43,46,56,45,35,55,42,43,41,14,40,42,42,145,44,60,62,41,23,66,43,35,55,42,45,46,32,46,40,49,45,47,46,45,47,40,46,42,42,47,42,40,57,46,41,44,43,45,42,44,43,43,43,54,41,43,69,46,54,43,46,50,53,43,61,40,46,43,51,42,44,44,45,80,43,42,45,51,56,41,115,44,40,45,74,43,47,36,39,42,20,12,42,48,40,38,43,42,44,39,47,58,36,47,44,47,41,60,44,40,43,100,45,47,35,47,44,42,41,49,39,41,48,41,45,0,53,39,39,40,45,42,48,100,2,45,47,45,47,40,47,35,47,39,41,45,45,45,42,49,42,47,48,48,45,53,47,48,44,42,68,47,39,41,41,48,45,44,65,41,43,45,43,43,45,43,44,44,47,42,47,46,47,45,41,54,43,40,43,47,43,49,43,48,50,48,46,42,43,50,114,47,49,41,44,50,45,49,46,44,44,42,42,47,45,45,46,42,36,40,41,52,43,40,44,8,42,38,45,96,47,44,47,43,47,44
46,94,50,47,44,43,45,47,53,40,48,47,53,44,43,43,48,42,38,47,41,52,50,46,47,48,59,43,42,48,47,48,46,49,73,47,47,43,46,47,40,49,44,56,43,42,48,47,48,48,43,48,41,64,48,42,45,50,52,50,42,38,36,47,43,65,43,44,33,43,50,47,49,41,44,50,44,48,58,52,45,41,48,47,53,44,44,51,48,47,37,46,41,41,45,57,50,69,47,50,48,39,41,41,74,75,49,43,45,47,34,50,50,48,44,56,47,37,45,47,44,42,47,46,47,49,137,47,62,49,48,49,65,41,50,34,38,52,46,49,46,47,45,45,48,49,43,53,48,43,46,43,40,49,43,61,36,49,47,50,42,48,46,50,48,43,54,43,46,54,46,57,51,48,48,54,46,57,47,48,47,44,48,45,49,49,68,47,49,42,46,58,47,112,47,47,55,60,50,41,29,50,40,51,50,49,53,46,58,45,45,50,42,42,45,44,45,42,35,48,60,49,49,47,93,47,47,50,49,47,48,33,41,47,46,42,50,44,53,0,49,50,46,31,47,41,93,49,48,46,51,46,47,52,39,45,50,45,44,33,50,50,43,47,41,42,49,41,55,44,47,48,47,61,44,49,47,47,37,33,32,67,48,48,31,45,46,47,48,50,50,39,50,46,47,47,46,49,53,51,50,47,45,40,44,48,46,45,46,40,46,46,52,110,44,40,47,46,43,44,45,45,44,43,45,49,47,47,50,50,43,47,48,50,48,49,48,49,52,46,44,41,98,42,43,42,48,50,47
25,101,43,37,19,25,39,39,39,24,18,47,38,25,44,35,43,27,21,20,21,41,15,28,23,37,39,22,23,26,19,21,21,25,75,26,23,39,48,22,49,21,20,55,29,27,27,21,24,17,26,41,17,62,37,44,22,32,50,24,28,42,43,22,29,74,22,20,41,20,21,25,31,15,40,42,40,21,67,17,24,29,25,24,30,34,34,58,20,17,25,21,26,26,23,44,19,66,28,33,22,46,25,25,76,79,20,55,55,20,37,20,20,18,23,46,23,30,51,21,26,15,35,24,26,21,142,23,57,57,25,16,67,37,17,52,19,30,21,19,24,35,35,19,35,37,22,22,22,25,19,33,30,18,30,56,21,29,41,22,27,24,43,16,19,36,53,16,23,65,24,57,32,41,52,46,17,52,23,23,22,56,24,31,32,42,74,23,23,24,44,53,28,111,19,21,38,66,36,34,35,22,34,34,28,18,25,21,38,35,24,46,27,39,51,37,25,24,27,22,61,32,20,18,97,33,24,35,32,17,36,35,47,18,22,45,28,20,39,49,0,18,13,36,35,44,98,43,36,35,36,43,28,42,27,35,18,38,24,37,43,22,42,26,47,41,42,43,45,47,40,33,20,55,40,26,18,22,35,39,28,59,40,25,35,24,23,23,19,22,24,20,20,20,30,22,28,18,51,39,29,22,28,24,35,22,33,29,22,28,17,37,21,103,18,51,20,22,45,39,34,25,26,19,25,19,31,27,23,22,33,22,21,19,42,19,18,18,29,20,26,27,88,25,31,39,18,32,27
12,95,47,33,9,24,39,33,38,24,13,46,33,26,47,30,38,25,12,16,12,42,4,30,16,36,42,16,17,25,13,13,15,19,72,13,25,38,48,18,46,8,16,53,25,18,14,17,9,14,12,39,25,61,39,45,25,26,47,4,17,36,46,7,33,70,16,20,38,13,13,10,25,23,32,35,33,12,67,24,12,26,10,9,32,32,35,56,10,24,15,9,26,25,11,42,13,62,14,30,7,45,24,10,74,78,6,58,53,16,36,26,0,11,25,46,23,30,49,6,29,15,36,13,13,6,140,23,55,54,10,16,59,34,3,46,21,29,12,11,21,32,34,13,36,30,23,23,7,27,24,29,31,4,28,57,23,28,34,19,27,9,40,21,14,32,47,13,18,63,28,52,35,41,49,44,12,51,8,21,16,47,12,30,30,40,73,18,9,27,40,47,13,109,20,13,39,65,32,28,33,6,30,37,33,4,25,6,45,38,21,43,28,33,49,38,22,25,16,18,56,27,13,22,94,32,22,33,32,25,35,34,42,18,16,40,29,20,39,50,18,0,23,35,31,41,92,41,35,29,30,42,25,47,28,37,1,35,25,39,41,10,35,13,43,41,38,44,43,46,34,30,3,60,36,25,8,16,30,39,30,59,41,21,34,16,8,19,14,19,18,23,13,16,29,18,14,12,49,38,28,22,27,22,32,17,35,29,17,30,9,35,25,106,17,46,13,17,41,35,34,14,25,12,18,15,30,28,20,19,27,11,14,7,40,8,10,19,37,15,29,28,91,27,29,34,19,31,14
21,92,36,32,21,19,34,35,38,19,18,45,35,17,39,27,39,21,18,16,22,41,22,31,21,32,46,20,22,21,21,21,18,21,67,20,14,28,43,17,40,20,17,53,23,18,21,22,22,15,15,38,15,59,39,40,24,18,38,23,14,28,44,20,30,62,20,24,32,18,21,20,28,14,35,35,35,21,65,18,19,28,15,19,22,31,24,48,20,22,21,20,23,23,21,39,20,59,15,30,22,40,23,16,67,77,20,54,44,21,31,22,23,20,19,45,18,34,43,21,24,14,40,19,20,20,141,18,57,44,15,18,54,31,19,45,22,26,19,16,22,30,32,22,30,36,16,22,19,22,22,23,24,20,30,52,14,28,35,21,22,22,37,18,21,34,46,13,17,61,27,51,33,40,48,43,17,50,21,21,15,48,20,25,29,39,72,17,21,19,40,45,12,104,23,13,35,63,28,34,28,18,27,40,33,20,18,22,41,33,17,40,32,37,45,33,19,16,15,22,52,27,19,19,91,29,20,26,29,19,36,30,41,21,20,39,27,24,40,46,13,23,0,30,32,42,91,46,28,30,31,40,21,43,29,32,23,35,24,32,44,16,35,20,45,42,34,35,43,42,40,25,22,54,38,22,20,20,31,36,20,56,38,16,29,13,22,21,21,17,18,13,20,20,29,18,19,21,43,32,26,19,26,21,28,19,23,20,24,29,21,31,18,109,11,41,21,19,41,36,31,14,20,9,18,15,28,21,19,13,29,24,19,21,39,21,22,22,38,22,28,26,92,26,30,27,16,32,22
36,89,40,31,35,34,27,41,44,23,35,27,38,36,32,40,35,34,34,34,36,39,31,38,32,34,43,34,26,36,35,27,33,37,63,33,28,30,44,35,43,28,30,47,32,30,35,36,37,28,23,32,31,61,35,44,33,40,47,36,26,19,31,35,33,66,34,15,28,27,33,34,33,26,40,42,40,32,67,33,30,30,32,35,31,30,36,45,36,33,30,32,35,34,32,45,35,59,23,36,34,29,36,29,66,78,33,48,50,36,21,38,35,31,34,55,30,22,44,36,34,29,36,28,34,34,143,28,45,53,35,39,64,28,32,46,26,28,33,35,36,34,33,30,18,36,33,37,35,37,28,37,33,35,26,46,20,32,30,31,19,37,34,34,36,38,49,30,33,62,39,40,44,42,50,42,33,27,33,36,34,43,36,37,35,37,67,34,33,34,44,46,28,114,36,35,44,59,38,27,23,33,37,36,38,35,19,34,45,36,37,45,34,32,40,23,31,24,21,37,56,31,36,31,90,41,33,28,30,39,37,27,37,34,31,39,35,15,45,31,36,35,30,0,31,37,92,44,30,23,37,38,20,39,39,34,36,37,32,18,37,32,35,34,46,23,38,27,46,39,37,31,34,46,29,37,35,37,39,17,26,60,19,23,36,28,34,35,36,34,32,25,35,24,37,26,28,28,50,33,38,35,31,35,29,32,32,20,36,34,35,39,31,115,27,44,35,34,41,30,20,28,34,28,37,33,41,34,37,30,32,35,33,36,20,31,36,30,43,36,29,36,95,34,36,21,30,37,36
34,102,39,27,35,34,29,35,46,30,31,52,30,25,30,36,31,34,30,33,36,36,37,35,30,36,46,25,30,28,31,20,30,31,68,35,31,37,37,32,54,34,31,57,31,30,30,31,29,32,24,37,32,60,35,47,36,27,47,34,25,38,45,29,31,69,26,30,27,36,27,35,29,29,36,29,35,32,66,26,33,29,31,34,27,26,32,56,35,27,37,34,32,31,27,46,30,61,31,32,27,42,35,26,71,79,30,54,47,31,36,30,31,33,26,52,28,28,47,28,32,31,34,29,35,30,135,31,53,57,35,32,50,37,26,45,30,37,35,27,33,35,35,31,30,37,34,34,27,27,35,28,26,28,33,45,28,31,39,33,25,29,34,34,35,39,41,33,31,63,30,51,38,44,49,43,29,51,28,30,32,44,35,26,36,38,70,32,31,25,41,47,34,111,31,31,44,60,40,35,31,33,31,33,33,28,35,26,44,33,25,32,32,31,42,39,34,25,26,32,62,31,30,29,91,40,30,31,38,26,36,30,40,31,29,46,35,30,42,47,35,31,32,31,0,37,97,35,35,31,31,38,32,39,25,35,30,38,29,32,38,32,33,31,44,45,40,37,45,36,35,33,27,61,42,29,35,31,34,32,28,62,40,32,31,28,28,33,35,30,28,22,32,26,34,30,33,33,52,30,36,29,36,28,35,35,34,40,30,30,29,35,38,109,35,43,31,31,36,35,31,28,17,23,28,31,38,18,31,36,32,27,35,34,33,34,32,33,39,36,33,33,89,33,34,35,30,40,33
40,104,31,38,38,35,40,39,41,43,37,38,34,19,38,44,38,23,30,40,40,36,36,39,39,49,48,39,36,27,36,40,42,40,66,38,39,25,49,40,45,41,44,43,25,43,39,38,40,28,37,44,38,49,25,29,31,24,38,41,41,25,45,38,26,66,39,41,24,32,39,40,20,39,43,41,43,39,55,29,41,30,39,37,37,28,33,52,38,22,27,37,35,33,40,30,37,57,39,38,40,41,30,41,63,65,42,61,42,43,13,41,41,41,23,47,45,34,47,39,36,44,43,38,38,40,136,35,62,51,38,43,52,25,39,43,42,40,40,42,34,41,19,41,36,40,28,41,41,21,36,38,30,38,37,56,37,21,38,26,36,40,36,43,37,31,45,35,39,65,25,47,43,27,40,30,40,57,39,26,28,32,38,42,39,33,64,24,40,29,44,37,38,106,31,41,48,62,41,44,30,36,41,46,47,38,37,40,46,42,23,39,39,34,22,21,24,40,39,40,54,25,43,42,88,41,25,34,36,28,35,34,28,36,44,28,38,41,48,41,44,41,42,37,37,0,93,46,36,32,36,35,41,40,24,36,41,38,30,37,26,36,4,39,41,45,38,39,35,33,37,34,40,59,38,40,36,37,13,34,33,58,43,39,33,41,40,30,37,36,29,39,41,40,39,44,41,35,43,25,42,25,24,43,25,36,31,45,33,25,37,46,50,86,42,42,37,36,34,36,31,42,37,40,39,36,45,33,35,29,24,41,40,39,30,40,42,23,49,37,31,38,71,18,36,34,40,31,39
94,90,90,94,92,89,91,87,92,88,86,87,92,91,87,96,90,88,93,89,93,100,93,96,89,96,100,89,93,86,93,93,92,89,86,91,95,94,96,93,100,91,86,93,90,88,92,91,93,91,94,89,90,91,100,88,88,89,92,94,92,90,93,93,93,92,89,89,95,91,90,91,92,95,95,97,94,91,94,89,92,91,92,92,93,94,93,91,93,89,93,89,90,95,92,99,91,80,93,93,93,88,86,92,92,85,91,89,93,89,87,88,92,91,89,99,90,94,102,94,97,89,99,91,93,93,154,95,100,89,91,97,82,95,92,90,89,89,94,95,89,92,94,93,90,98,95,95,94,94,90,78,96,91,88,88,92,90,88,90,93,93,99,93,92,99,85,93,92,90,92,85,92,89,90,81,90,92,92,90,87,82,93,89,91,97,98,91,92,91,81,87,94,116,90,87,98,88,93,92,95,93,97,101,101,91,91,93,105,97,91,92,96,94,89,92,92,97,95,93,92,93,88,95,103,90,97,89,92,92,87,90,87,90,90,89,93,89,100,93,98,92,91,92,97,93,0,102,94,89,94,88,94,99,92,91,92,92,96,86,98,93,88,91,95,93,91,96,95,94,93,89,91,96,92,91,93,88,83,85,94,96,88,91,93,95,93,90,92,92,89,91,91,94,91,96,95,89,100,98,94,91,91,92,95,92,90,95,93,91,92,97,92,109,91,80,93,94,96,86,91,94,93,93,93,88,95,97,90,90,97,96,88,96,91,90,90,84,98,93,99,93,90,96,92,89,92,95,94
44,110,42,42,40,46,45,48,49,48,44,57,45,43,44,44,42,46,40,44,39,42,38,47,44,13,18,43,40,44,42,41,43,44,77,44,41,46,56,42,53,41,42,59,44,41,45,41,45,42,45,47,45,66,44,46,45,41,54,42,47,44,52,42,48,66,43,40,46,45,45,44,44,46,41,38,41,45,74,40,44,46,44,44,45,45,49,55,44,38,43,39,43,43,45,48,42,69,46,45,39,55,45,45,68,85,41,64,52,43,45,35,41,39,44,57,42,32,50,38,40,40,25,45,44,41,146,43,62,59,44,32,64,45,33,50,41,46,43,36,46,46,53,44,46,46,42,48,39,45,42,41,45,35,42,60,40,51,44,41,44,45,41,39,44,45,49,41,42,69,43,55,51,46,54,50,41,68,38,42,42,53,43,43,47,47,77,43,45,40,50,55,43,117,45,43,45,68,46,49,41,42,46,12,25,35,48,38,31,43,40,44,48,48,55,44,48,42,44,41,59,45,43,45,99,45,47,46,44,38,44,44,48,42,39,49,45,40,2,49,43,41,46,44,35,46,102,0,48,42,47,45,44,51,35,43,41,40,38,47,51,42,45,44,47,44,45,43,52,55,46,49,34,62,50,43,43,42,48,47,43,62,49,40,49,45,44,44,44,41,45,41,40,47,46,44,43,42,57,42,45,43,45,43,47,44,40,48,43,45,38,41,47,111,47,50,41,42,46,49,51,44,44,41,43,43,46,48,45,43,45,37,40,35,46,38,39,42,20,44,36,44,99,45,47,42,42,47,45
33,100,41,36,31,18,29,32,35,31,22,31,33,24,43,27,34,23,33,24,25,36,32,36,29,43,46,27,25,28,31,29,26,31,64,32,29,32,40,28,46,34,25,48,24,24,34,25,34,23,28,34,30,48,28,26,15,29,36,34,30,40,34,32,17,60,26,25,21,32,29,30,18,27,35,38,34,31,62,20,32,17,27,32,22,24,14,43,35,24,32,28,16,15,24,41,30,54,26,30,34,33,18,25,69,60,28,51,32,28,23,30,35,34,32,49,14,34,45,33,30,28,42,27,32,28,139,24,44,40,30,35,56,16,29,41,31,29,34,28,16,36,20,33,15,30,16,31,28,19,28,18,16,35,32,62,22,21,37,18,28,34,34,25,34,31,40,28,18,60,25,50,34,37,47,42,29,49,33,17,28,42,35,24,23,21,68,18,32,27,38,47,20,107,33,29,40,66,34,26,28,32,21,39,36,35,23,34,43,37,23,46,23,28,39,35,23,27,24,31,60,17,26,33,72,29,18,32,25,25,35,31,39,17,28,37,25,25,45,48,36,35,28,30,35,36,94,48,0,21,31,37,32,44,19,38,35,40,22,31,42,32,20,32,35,41,32,37,44,36,34,25,35,58,22,25,34,22,12,32,30,59,19,21,29,24,34,24,34,18,27,23,30,25,34,26,26,32,46,37,25,18,17,17,14,18,15,18,32,21,34,21,33,115,30,36,34,35,32,22,15,27,29,31,24,26,29,24,21,17,31,36,29,29,35,31,33,18,47,30,26,13,92,20,28,27,18,28,33
33,105,33,23,31,20,16,31,37,28,32,29,32,18,37,25,37,17,29,29,27,37,30,34,34,42,49,25,28,25,30,29,25,31,61,28,34,22,42,30,48,27,30,45,23,27,30,30,30,23,24,25,29,58,20,42,29,20,38,34,32,32,34,28,25,69,26,34,25,32,34,28,20,31,30,38,31,32,65,20,27,21,28,32,26,20,19,42,29,20,33,28,27,28,29,36,30,57,26,30,30,38,25,31,68,74,28,54,42,22,26,27,29,33,21,46,16,33,42,33,25,31,41,25,29,28,137,19,52,55,28,32,55,27,27,27,36,32,25,30,28,32,26,32,18,34,29,33,31,19,34,14,23,28,22,44,23,25,37,31,30,30,34,30,31,33,40,32,17,46,22,46,32,36,44,35,30,53,30,28,28,47,31,18,36,27,70,31,33,15,36,49,32,102,26,29,43,53,34,27,17,30,19,41,36,28,34,30,46,27,19,40,25,16,31,25,22,21,36,22,59,23,32,34,83,35,20,18,29,20,16,35,37,22,22,30,30,34,47,46,35,29,30,23,31,32,89,42,21,0,29,21,34,34,19,27,29,30,18,29,32,27,26,28,35,33,28,38,36,26,16,25,28,60,14,29,31,28,23,29,33,45,29,25,34,29,30,31,31,28,24,26,28,24,28,31,35,30,44,31,33,17,19,30,17,25,25,38,35,18,31,35,37,105,19,26,32,30,21,28,13,31,25,32,28,23,25,20,26,27,31,30,29,33,20,27,32,28,36,29,25,19,80,22,22,32,28,29,34
32,105,37,31,33,17,22,32,35,27,28,34,25,24,31,21,16,30,31,27,34,27,27,37,31,41,48,28,30,26,30,34,28,31,63,30,32,31,44,27,51,29,30,34,30,27,31,26,30,32,30,15,32,53,30,28,29,26,40,31,33,35,50,28,34,69,27,34,25,27,33,29,25,30,13,15,13,28,45,24,30,21,30,29,34,28,30,46,30,34,31,30,28,31,28,35,30,60,32,22,30,35,35,30,73,67,29,47,45,27,33,33,30,31,26,23,18,35,43,30,33,31,43,31,31,30,143,20,49,43,28,37,57,17,31,40,35,17,30,31,29,14,27,33,22,15,32,28,31,29,34,23,32,30,27,59,29,28,11,29,26,30,25,27,29,25,42,30,24,45,29,49,29,40,48,40,32,53,29,28,29,51,29,30,24,13,75,27,31,20,40,48,34,103,28,24,32,64,14,25,34,29,27,42,36,30,32,30,45,10,33,18,30,27,38,36,32,30,31,26,58,18,28,28,72,14,31,19,38,34,7,33,25,23,25,13,33,34,45,51,36,30,31,37,31,36,94,47,31,29,0,38,34,37,33,9,31,7,22,39,33,30,29,30,18,36,32,39,17,33,33,26,32,61,16,26,28,23,28,36,33,56,36,31,36,30,30,27,28,29,31,30,29,31,2,32,31,32,34,27,24,29,20,23,27,26,33,35,36,29,28,32,32,114,30,39,31,33,42,30,22,29,32,29,23,31,27,29,27,24,25,34,24,32,43,30,29,32,41,31,25,17,94,27,25,35,29,2,34
40,99,41,40,41,32,39,24,36,38,36,43,37,32,31,24,35,34,38,30,39,36,38,41,38,46,45,36,27,27,36,39,36,39,49,39,39,33,42,41,51,39,32,38,31,33,39,36,41,36,38,17,36,49,28,46,38,36,46,42,35,31,38,39,25,65,36,37,31,41,36,38,27,38,34,28,34,38,68,27,41,26,39,39,31,34,35,44,37,33,41,37,34,35,36,30,37,59,32,32,41,30,25,36,64,67,37,53,35,41,34,38,42,39,25,48,24,33,37,40,27,35,41,31,38,37,135,27,48,48,39,45,47,18,42,30,43,24,41,41,39,34,24,38,37,22,36,40,42,30,35,23,20,41,31,46,36,35,34,33,32,41,30,41,40,35,27,42,34,55,32,48,40,30,32,33,34,57,40,32,39,37,38,31,38,18,65,37,41,37,24,42,39,104,30,38,38,58,35,28,34,38,20,43,41,41,44,41,50,29,23,46,39,22,49,36,33,37,33,38,59,34,40,40,67,31,33,27,33,35,33,36,35,30,34,36,43,37,47,46,43,42,40,38,38,35,88,45,37,21,38,0,33,37,24,37,42,34,26,41,32,39,34,38,31,36,28,45,28,17,28,33,41,55,38,36,38,35,34,41,40,48,36,36,44,31,41,33,40,33,34,37,39,39,38,38,38,38,44,34,32,32,38,36,32,39,28,42,32,40,40,32,38,108,26,40,39,37,37,34,33,38,33,38,29,39,37,31,38,38,28,42,36,42,19,40,41,35,37,37,27,33,91,25,34,38,34,39,40
24,100,39,31,21,15,29,33,44,19,24,46,36,20,47,29,39,21,24,19,19,32,17,32,24,41,42,20,18,27,25,16,24,22,63,23,21,34,43,22,43,24,21,50,19,20,20,25,24,21,16,44,18,55,33,40,20,29,42,25,15,34,37,22,29,69,20,9,27,18,22,23,25,21,39,38,39,21,66,18,23,26,22,23,24,23,28,57,24,18,19,25,24,24,19,39,20,57,12,30,24,39,24,16,73,71,24,50,52,27,29,26,25,22,16,51,18,37,52,23,22,19,34,21,24,23,136,15,41,50,25,28,61,24,24,42,17,28,21,28,21,35,30,18,19,32,25,28,25,17,22,17,24,26,25,54,13,26,38,24,16,24,39,25,25,34,42,17,20,57,19,51,35,40,45,42,17,36,22,25,22,46,24,17,36,31,66,22,25,14,43,42,16,114,22,23,36,62,33,38,29,21,32,44,37,26,7,24,48,29,18,49,12,27,43,23,19,15,17,24,57,24,23,19,86,33,20,28,29,18,36,30,43,25,20,41,32,9,40,47,28,25,21,20,32,41,94,44,32,34,34,33,0,41,21,29,23,34,21,19,43,24,36,22,40,25,39,37,40,42,32,28,26,57,25,27,24,23,22,18,26,63,27,18,32,20,24,20,25,26,25,24,24,17,27,10,13,22,48,37,28,20,27,24,33,25,34,26,25,23,25,29,19,115,19,46,27,24,32,37,18,19,17,17,24,24,34,21,26,24,25,23,25,26,27,22,24,28,45,22,24,21,96,18,33,21,24,25,23
43,99,16,16,42,41,40,40,33,43,37,52,37,31,46,41,42,43,43,38,43,10,43,45,40,46,45,34,38,37,46,40,40,39,68,44,46,34,50,40,47,44,37,44,41,39,40,39,45,41,41,38,46,49,41,35,41,30,49,47,42,44,47,44,41,56,35,44,48,42,40,44,40,40,40,40,41,37,64,38,43,35,39,42,36,40,37,48,41,42,46,41,32,39,41,35,46,55,46,35,45,34,37,43,62,80,41,59,52,32,47,42,47,45,37,48,38,46,56,44,42,39,47,44,43,41,146,33,59,46,45,45,65,38,42,46,40,31,40,48,38,37,44,39,48,38,40,42,45,38,45,43,37,43,45,46,40,41,39,38,39,45,9,36,45,37,35,36,41,66,40,56,24,42,47,46,44,56,45,35,40,49,43,40,22,40,70,38,39,37,40,47,42,101,40,43,26,67,38,42,38,43,39,46,45,43,46,45,51,37,35,43,45,40,52,44,41,37,44,39,62,45,37,32,90,37,42,39,47,41,40,40,37,38,41,35,46,44,47,52,42,47,43,39,39,40,99,51,44,34,37,37,41,0,38,36,45,38,35,49,35,43,33,44,40,50,34,50,43,39,40,37,44,62,45,38,45,40,40,48,46,57,45,46,45,41,45,37,45,39,40,45,38,43,32,44,44,48,45,8,33,40,38,38,46,41,36,46,38,39,45,44,39,119,42,44,38,42,48,37,42,43,34,44,38,40,42,22,36,43,38,45,41,49,43,40,43,42,52,45,38,40,99,23,44,46,34,39,41
27,102,35,32,21,28,32,34,38,18,26,45,36,15,33,29,37,26,23,21,26,23,23,23,15,36,38,11,14,13,22,22,26,23,64,26,24,36,50,23,40,26,21,48,11,15,22,23,25,12,24,41,27,50,25,23,13,27,50,31,21,40,50,25,16,61,12,20,31,24,16,26,26,20,34,39,35,18,65,12,24,19,24,22,24,20,27,51,26,11,22,26,21,19,21,43,25,63,24,28,24,43,13,23,66,72,27,45,50,27,20,20,28,25,12,51,13,29,48,24,18,22,30,24,25,27,136,15,59,47,27,21,57,26,28,37,27,30,21,29,19,33,28,22,33,32,26,20,25,14,28,11,8,28,11,60,30,25,32,14,20,25,28,22,28,28,42,17,18,60,14,47,33,36,37,44,25,54,26,22,25,44,27,21,33,33,66,11,24,12,36,50,25,114,17,24,40,58,31,34,25,27,24,36,30,28,24,27,42,28,10,50,32,25,31,17,23,19,27,26,51,19,16,22,92,34,16,20,34,11,28,31,46,18,12,44,15,20,35,39,27,28,29,39,25,24,92,35,19,19,33,24,21,38,0,29,28,33,3,37,26,23,21,25,41,30,36,39,42,45,30,28,27,61,28,24,26,17,22,36,20,61,30,19,28,26,27,19,28,12,22,18,24,28,28,23,21,28,51,36,30,14,23,24,33,12,18,28,16,11,26,38,29,106,23,47,20,25,33,33,24,19,18,28,22,23,27,12,21,23,18,23,21,29,28,27,23,15,37,25,7,24,90,8,24,39,11,32,27
36,104,32,29,30,27,21,30,35,29,33,43,29,35,31,27,12,36,30,31,39,35,36,39,32,45,46,28,27,37,34,36,34,31,72,34,35,29,36,31,49,33,34,22,26,29,30,26,37,33,34,15,32,52,35,40,37,37,46,37,32,45,48,34,33,62,29,33,40,33,32,33,38,31,17,12,18,30,56,27,36,25,31,34,34,31,31,48,35,28,32,34,32,32,32,34,34,56,31,10,37,35,29,32,66,71,34,51,51,35,27,37,37,34,28,29,29,35,45,35,24,34,40,30,34,34,141,31,48,40,33,40,61,26,37,39,35,33,33,37,32,5,32,25,41,23,31,36,38,25,37,23,32,36,29,58,38,38,7,34,29,37,31,32,35,28,37,33,27,57,28,53,32,40,49,35,32,53,36,30,35,53,34,34,32,15,65,32,35,33,39,44,35,106,31,32,35,57,5,31,23,34,35,41,39,36,39,37,45,2,26,16,30,15,41,40,30,32,35,28,57,30,33,33,79,4,29,13,32,27,24,38,10,30,31,11,37,33,47,45,35,37,32,34,35,36,91,43,38,27,9,37,29,36,29,0,36,24,31,35,27,35,33,36,14,32,34,42,27,29,25,36,35,60,32,30,35,30,33,35,36,53,43,36,40,32,37,35,35,32,31,31,29,33,9,31,30,36,34,27,32,32,34,38,25,30,37,37,29,30,35,40,39,115,32,24,35,35,23,37,31,34,28,34,31,36,28,32,28,33,32,33,34,38,32,34,34,34,46,34,31,34,90,32,33,38,33,21,38
12,94,47,33,9,24,38,33,38,23,13,46,33,26,47,30,37,26,12,15,12,43,3,30,16,36,42,16,17,26,13,13,15,19,72,13,25,38,47,18,46,8,16,53,25,18,14,17,9,14,12,38,25,61,39,45,25,26,47,5,16,36,46,7,33,70,16,21,38,12,13,10,24,23,33,35,32,12,67,24,13,25,10,9,32,32,34,56,10,24,14,9,26,25,11,42,13,62,13,30,7,44,23,9,74,78,7,58,53,16,35,26,1,11,25,46,23,30,48,6,29,15,36,13,13,5,140,23,55,54,10,15,58,33,2,46,20,29,13,10,21,32,34,14,36,30,23,23,7,27,24,29,31,5,28,57,24,29,34,19,26,9,40,21,14,31,46,13,18,63,28,52,35,41,49,44,11,51,8,21,16,46,12,30,30,40,73,18,8,27,40,47,14,109,20,13,39,65,32,27,34,5,31,37,33,5,24,6,44,38,21,43,27,33,49,39,22,25,15,18,55,28,13,22,94,32,23,33,32,25,35,33,42,18,16,40,29,21,39,50,18,1,23,36,30,41,92,41,35,29,31,42,23,45,28,36,0,35,25,38,42,9,35,13,43,40,38,44,43,46,34,30,2,60,35,25,8,16,31,38,30,59,41,20,33,16,8,19,14,19,18,24,13,16,29,18,15,11,49,39,28,22,27,23,33,17,35,29,16,30,9,36,25,106,16,46,13,17,40,35,34,15,25,11,18,15,30,28,20,19,26,10,14,6,41,8,10,19,37,15,29,29,91,27,28,34,19,31,14
38,97,39,28,32,30,22,37,34,35,38,37,37,37,28,26,17,36,35,37,42,34,37,42,39,38,42,32,32,29,35,38,34,31,67,38,38,38,44,32,50,34,34,47,37,34,38,30,39,19,37,18,41,49,40,22,37,36,44,38,35,47,52,35,34,62,32,39,25,38,37,39,30,37,26,16,26,36,48,27,40,27,35,34,38,29,37,51,38,29,37,31,34,39,39,36,36,62,37,22,36,34,36,38,64,65,33,51,42,34,23,35,35,33,32,21,32,32,44,35,26,35,45,32,38,33,145,30,42,40,37,37,66,26,35,45,35,27,35,39,33,24,33,40,37,13,33,39,37,36,35,29,31,37,33,56,37,36,27,27,29,39,25,33,37,32,30,37,26,52,29,55,28,27,36,39,37,53,36,34,38,56,38,29,35,20,74,35,37,22,40,45,38,103,34,36,30,51,23,31,18,35,37,38,38,37,40,36,48,24,35,20,38,34,43,41,33,37,37,31,56,27,33,35,90,24,36,31,36,27,0,32,17,27,34,15,32,39,41,45,38,35,35,37,38,38,92,40,40,30,7,34,34,38,33,24,35,0,26,41,37,35,33,35,20,41,27,44,25,32,31,38,34,58,26,37,33,36,36,42,37,51,37,40,39,39,36,31,37,35,33,35,33,39,16,42,39,40,34,32,40,35,31,32,30,27,34,40,36,31,34,38,46,109,35,46,32,41,38,33,24,34,33,34,33,32,38,35,34,38,28,36,31,37,39,36,34,27,44,37,36,39,85,38,37,42,27,32,37
25,92,33,27,19,18,33,27,25,24,15,40,33,10,28,26,38,29,21,15,28,30,26,28,18,40,44,17,11,11,25,19,19,24,60,26,21,36,48,22,44,25,18,46,15,18,21,18,27,12,26,38,22,48,20,37,15,20,44,29,20,40,49,25,17,61,17,19,30,29,18,27,25,24,37,42,37,23,67,16,26,15,22,25,23,23,30,52,25,10,25,24,20,20,21,40,24,63,22,18,26,40,10,21,70,76,25,50,48,16,26,11,25,25,16,51,17,31,46,25,12,22,31,23,26,25,137,16,54,50,26,28,59,28,23,42,22,22,25,23,19,33,24,21,21,32,12,19,26,16,26,11,9,24,18,61,22,20,33,19,21,27,29,20,26,27,46,19,20,52,19,52,36,40,37,42,19,55,26,11,18,46,25,16,33,35,66,8,26,11,34,44,25,107,18,19,42,64,31,33,26,26,27,38,35,24,26,26,41,33,7,44,20,32,31,18,21,20,22,19,50,18,15,22,89,33,17,32,34,10,26,34,43,7,18,41,14,19,45,44,24,25,24,32,29,30,96,38,22,18,22,26,21,35,3,31,25,26,0,37,32,24,25,26,41,40,32,43,40,43,36,24,24,59,39,23,24,17,15,37,26,57,33,23,32,25,26,18,26,7,19,15,19,25,29,20,18,24,49,33,18,16,23,21,24,14,23,27,16,15,25,35,31,106,19,46,21,25,43,25,24,26,11,28,17,17,28,16,12,16,16,20,18,24,27,24,23,7,37,24,14,22,96,11,26,35,8,25,26
37,89,37,42,33,34,27,40,40,31,35,24,39,40,39,40,38,36,32,34,37,41,33,36,37,43,50,37,34,37,34,25,36,38,63,37,34,30,44,34,34,34,37,54,35,38,35,36,39,37,33,36,34,63,40,46,33,37,47,39,27,28,40,37,31,63,37,23,39,28,32,36,31,37,41,35,41,35,69,34,33,27,34,34,36,33,34,48,33,39,35,33,39,36,33,47,33,57,26,38,39,35,34,30,73,75,35,54,37,39,29,37,39,31,34,56,32,24,44,38,39,34,39,34,37,35,139,29,45,53,36,37,56,30,34,39,31,39,36,35,32,42,36,29,19,35,35,43,38,36,27,23,40,36,40,54,28,31,34,38,25,39,41,39,34,41,45,33,37,60,36,51,42,43,51,43,30,40,38,37,36,42,34,33,40,31,70,38,30,35,44,49,30,109,35,36,41,62,41,35,20,33,33,43,45,36,15,39,53,43,35,49,40,39,45,22,38,25,31,36,56,35,40,38,93,34,28,35,34,35,41,30,42,38,36,42,40,23,45,33,37,39,32,18,32,37,86,47,31,29,39,41,19,49,37,35,38,41,37,0,35,33,31,36,42,23,36,35,40,32,41,32,37,57,22,39,35,34,27,1,26,57,21,37,21,29,39,35,36,40,34,21,38,27,34,30,27,35,49,40,44,36,37,31,38,35,33,24,33,39,38,32,32,118,22,47,37,31,41,31,20,25,30,33,35,39,35,36,39,38,40,33,35,36,16,34,38,39,42,35,41,36,93,39,43,27,37,37,37
43,97,21,32,39,40,31,37,39,40,41,48,44,28,34,42,40,40,37,41,45,10,43,41,42,46,50,38,36,37,40,38,41,40,67,41,40,37,43,36,40,41,39,45,33,38,35,41,44,39,40,35,46,55,32,34,40,42,41,42,38,37,53,41,28,55,39,40,34,41,42,40,38,42,41,42,42,37,52,29,38,34,42,41,40,30,41,39,43,28,41,41,37,37,37,37,39,61,37,29,44,39,35,43,64,62,42,47,41,43,37,45,41,41,30,40,42,44,49,43,43,40,43,39,42,41,139,35,54,41,38,45,53,32,43,34,37,30,41,41,34,36,44,36,44,39,36,38,44,23,35,34,19,43,26,50,42,43,41,38,36,44,4,33,41,24,37,40,45,56,35,54,24,24,38,30,39,55,40,39,35,46,42,38,34,30,61,36,45,32,35,38,40,104,29,37,36,61,35,37,34,43,37,42,44,43,41,43,47,44,36,39,45,37,31,48,39,41,39,42,56,43,39,37,88,37,40,45,41,28,37,42,41,29,40,37,42,40,45,50,43,41,44,37,38,26,98,51,42,32,33,32,43,35,26,27,42,37,32,35,0,43,29,42,36,45,39,43,39,35,37,30,40,63,45,40,40,39,31,32,34,50,37,35,44,39,43,37,41,37,41,34,41,42,36,38,39,42,47,11,37,32,44,43,34,43,38,42,35,23,41,41,47,117,38,45,40,32,38,37,38,43,36,44,32,42,41,36,39,42,19,38,37,43,36,41,42,37,44,39,31,40,92,26,30,42,35,43,40
12,93,38,32,7,24,37,32,33,22,11,45,34,25,45,25,39,29,11,16,10,41,6,30,13,36,41,16,13,24,7,13,16,21,69,8,21,33,42,18,45,7,14,49,26,18,11,13,9,18,10,34,26,59,37,43,20,27,48,7,12,33,43,6,32,68,16,21,36,13,13,8,24,18,38,38,38,12,65,24,7,26,6,8,26,31,29,53,9,23,7,3,22,22,8,38,7,59,8,31,9,43,20,8,72,77,4,54,53,15,35,26,10,5,23,39,22,32,47,9,25,12,36,9,8,4,140,19,53,53,8,20,61,29,7,47,21,26,10,14,19,31,34,11,27,29,21,21,9,21,24,28,24,9,28,52,22,31,36,16,25,11,35,17,4,32,47,14,19,61,26,47,37,36,45,45,9,50,8,19,18,47,11,28,32,35,74,17,1,24,42,49,10,107,18,15,40,65,31,32,34,0,31,39,35,9,22,10,46,35,21,45,24,34,47,35,23,14,12,16,54,30,10,21,93,31,21,33,31,23,35,32,40,13,15,38,29,21,42,50,22,10,16,32,32,36,93,42,32,27,30,39,24,43,23,35,9,35,24,33,43,0,37,10,43,31,37,43,38,42,38,25,8,53,39,24,7,14,35,33,30,58,40,20,31,8,8,17,8,16,21,22,11,14,27,15,12,8,45,38,26,19,27,22,31,16,34,24,19,27,9,31,20,109,15,45,10,11,43,34,33,11,24,8,18,17,28,28,18,20,26,12,14,14,39,3,8,13,33,8,28,23,89,23,29,30,13,27,13
37,104,42,34,35,23,32,38,30,34,35,39,28,15,41,35,41,16,26,34,35,25,35,35,34,47,51,27,29,35,32,34,32,33,72,36,30,28,45,33,41,37,32,42,21,29,31,34,36,26,34,21,33,51,21,32,20,33,35,39,35,25,41,36,21,68,28,35,22,29,34,34,16,33,38,37,37,33,60,19,37,19,36,33,30,30,29,46,35,19,23,32,30,29,35,26,34,61,34,33,36,33,31,35,67,61,37,53,43,35,9,33,35,33,15,47,24,37,37,37,31,35,45,33,35,37,130,31,57,49,31,42,54,24,37,42,38,32,33,38,29,32,15,34,23,37,24,36,37,17,34,27,21,38,33,48,38,15,37,23,30,36,27,26,35,25,38,30,23,58,19,51,37,37,32,29,35,51,37,34,27,40,36,29,39,27,69,19,34,17,36,26,31,109,27,36,39,62,28,37,27,37,31,39,41,38,33,36,53,36,19,40,30,26,32,24,20,35,34,34,58,17,37,35,89,32,21,25,33,18,33,34,35,20,30,32,34,35,49,43,42,35,35,35,33,4,88,45,20,26,29,34,36,33,21,33,35,33,25,31,29,37,0,34,32,42,37,29,33,31,30,36,36,60,25,31,34,33,11,23,29,61,30,33,33,34,36,23,35,25,24,40,34,37,23,39,34,35,43,26,32,18,23,38,33,32,29,39,26,21,35,40,45,93,34,33,28,28,37,27,33,33,34,30,37,34,36,25,31,32,25,36,29,37,38,34,37,27,44,37,27,30,69,14,26,27,36,32,37
6,96,42,33,6,19,36,31,39,18,13,42,31,23,44,27,38,23,9,17,10,39,10,27,12,38,42,13,19,22,6,10,13,17,68,2,23,34,45,17,43,7,12,48,24,15,7,17,9,19,11,38,21,57,35,41,23,25,48,13,18,33,43,4,30,69,13,20,36,11,14,6,28,15,35,37,35,10,65,23,9,25,5,3,25,29,31,51,6,23,12,10,21,21,10,40,7,61,11,30,9,41,23,11,71,77,9,54,51,17,35,26,13,9,22,45,23,33,46,5,25,11,36,9,4,9,137,21,52,50,8,24,60,32,10,45,21,24,9,15,20,29,31,12,31,34,20,20,11,22,22,29,27,7,30,53,22,27,34,18,26,9,37,21,4,31,43,14,16,60,26,49,33,40,49,41,10,47,8,18,16,45,7,26,28,38,71,18,10,25,37,45,13,106,19,13,37,62,29,31,34,10,28,38,35,7,22,9,48,36,17,41,25,32,43,35,20,23,17,17,56,26,14,17,90,29,22,32,33,22,35,32,38,18,13,36,29,20,42,47,26,13,20,34,31,39,91,44,32,28,30,38,22,44,25,36,13,35,26,36,42,10,34,0,42,40,31,35,40,42,34,27,10,55,33,23,6,14,30,36,27,56,34,19,30,14,9,18,7,19,20,20,9,15,27,14,10,9,44,35,26,19,24,18,31,17,31,24,19,28,4,33,22,109,15,44,17,11,39,32,30,10,21,11,16,21,29,26,16,19,27,15,14,17,38,8,10,19,40,4,30,23,92,23,28,30,17,29,7
44,104,45,39,37,31,35,39,41,45,41,37,46,41,31,37,8,37,41,32,42,39,43,48,42,49,50,34,31,44,35,37,41,39,61,41,41,44,24,36,49,40,33,18,39,31,39,38,41,39,40,29,35,59,42,39,35,45,37,45,40,37,39,41,38,69,33,39,38,31,39,40,37,42,10,10,9,40,63,35,42,31,42,40,36,39,28,41,41,35,33,39,39,37,35,46,40,54,35,27,41,29,30,39,71,77,42,54,45,39,36,40,43,40,37,37,28,40,24,42,31,37,39,36,43,43,137,31,40,42,38,48,51,15,39,44,38,38,42,44,31,14,33,38,32,39,36,44,42,37,34,32,39,39,41,52,36,36,11,42,37,41,40,40,38,38,39,37,33,59,39,53,35,38,46,31,33,54,42,43,40,43,42,30,41,23,66,41,38,39,37,34,34,105,43,38,35,60,15,16,34,43,34,47,49,39,37,43,50,12,36,13,38,41,41,40,38,31,34,36,57,32,37,43,78,15,41,40,39,38,20,33,15,39,34,17,42,39,47,41,47,43,45,46,44,41,95,47,35,35,18,31,40,40,41,14,43,20,41,42,36,43,32,42,0,44,34,40,23,33,36,37,38,59,36,40,41,36,39,46,40,59,37,35,42,34,43,33,38,38,34,46,43,34,18,36,35,41,34,40,42,38,32,30,27,37,39,45,39,42,38,36,51,107,35,37,43,40,40,37,32,32,35,36,36,40,43,45,37,37,39,40,40,45,40,38,43,41,49,39,39,27,88,40,39,41,41,14,41
40,95,42,42,41,38,33,39,39,38,44,38,43,42,41,49,39,35,39,41,40,42,35,38,39,45,47,43,42,45,37,37,42,44,73,39,45,38,50,44,48,34,42,50,29,44,39,45,38,45,38,35,35,63,39,51,44,45,57,39,36,36,49,40,34,72,43,22,47,32,37,41,37,41,44,45,45,42,70,35,35,33,36,40,42,41,42,60,33,34,40,36,35,36,35,50,37,63,31,39,40,47,38,36,73,82,35,60,51,44,41,40,41,39,40,49,37,31,39,40,41,41,43,28,41,33,145,39,30,54,39,42,67,35,36,47,37,39,43,41,39,43,46,35,25,42,37,45,40,42,34,32,42,38,35,53,36,40,43,42,36,41,40,43,36,48,44,35,34,70,45,43,45,46,49,41,36,52,41,42,44,54,36,45,49,48,75,45,28,31,45,55,38,113,44,45,46,64,39,46,33,31,38,50,42,38,24,41,47,35,40,43,32,39,50,27,41,26,41,41,54,36,44,42,93,43,42,32,32,33,41,28,40,43,41,42,48,22,48,42,41,41,42,23,45,45,93,44,41,33,36,36,25,50,30,32,40,41,40,23,45,31,42,40,44,0,43,44,46,47,31,42,39,28,26,46,38,42,44,26,37,65,26,34,41,32,39,37,36,43,37,40,42,34,35,24,28,36,51,41,42,37,39,39,37,43,45,27,38,37,38,31,36,116,27,49,44,38,42,39,27,31,40,40,42,39,42,40,43,44,43,39,42,42,48,32,37,43,37,36,32,34,95,36,39,45,44,36,42
36,103,38,33,37,25,26,26,27,36,36,44,32,30,43,30,34,31,33,21,34,35,33,40,33,42,46,32,34,28,35,34,27,33,75,33,35,34,48,31,51,33,25,49,37,28,35,30,33,32,29,33,36,58,35,42,35,32,40,34,34,37,50,31,39,70,32,37,30,29,33,31,29,31,25,21,25,29,71,34,35,28,30,33,39,37,17,51,32,32,31,34,29,28,31,24,31,57,32,27,33,40,29,33,74,81,35,51,44,33,27,35,38,35,33,48,22,29,41,32,28,29,42,30,34,35,133,27,52,52,31,39,55,16,36,45,38,16,30,38,30,28,37,34,19,26,30,33,36,37,35,26,40,37,39,49,34,32,30,32,31,33,34,35,34,34,44,31,27,62,36,53,24,40,47,25,36,54,34,33,34,37,33,38,41,25,78,31,35,37,35,38,32,104,31,34,32,67,28,38,22,37,27,38,41,37,31,35,51,34,29,32,36,37,42,28,30,32,35,34,55,30,28,33,89,34,27,26,31,34,27,26,40,28,26,38,38,37,48,49,42,38,34,38,40,38,91,45,32,28,32,28,39,34,36,34,38,27,32,36,39,37,37,31,34,43,0,43,36,34,35,26,33,59,23,29,34,33,27,37,37,51,37,38,35,35,35,32,32,30,31,34,35,34,32,31,31,32,34,25,34,36,25,25,28,29,34,35,31,36,34,35,38,111,27,49,35,35,43,33,21,32,34,33,31,34,34,28,34,27,25,35,28,34,35,34,36,34,43,32,42,24,85,31,26,39,28,25,34
40,102,36,39,37,37,41,43,41,34,38,48,45,40,48,36,46,40,35,33,40,44,43,39,41,47,41,41,37,36,37,32,41,37,71,37,41,33,45,41,48,42,38,52,41,31,37,42,41,40,37,43,37,60,35,41,34,39,51,44,41,33,52,37,42,63,41,39,44,37,42,36,36,38,45,45,45,40,66,43,38,41,41,39,35,30,36,53,39,42,35,40,39,36,38,39,39,60,37,38,41,29,27,40,64,79,42,52,42,38,36,42,44,39,40,53,35,31,53,40,36,38,47,34,37,42,144,40,60,56,35,45,67,37,41,41,41,43,37,42,41,39,37,40,35,44,41,45,42,41,39,25,40,43,42,59,45,42,36,40,30,41,42,44,38,43,47,32,39,64,42,47,43,44,47,47,36,50,41,40,39,49,40,39,44,31,75,41,40,40,45,41,41,111,41,39,47,66,43,27,32,43,37,44,43,43,37,41,50,40,42,46,35,32,56,38,42,42,35,44,55,41,41,40,97,40,44,37,41,44,44,40,44,42,38,38,40,39,45,41,43,44,35,27,37,39,96,43,37,38,39,45,37,50,39,42,44,44,43,35,43,43,29,35,40,44,43,0,42,33,40,38,42,56,41,43,37,41,39,28,34,58,36,28,39,41,41,40,38,42,41,37,43,39,42,36,38,39,49,37,43,40,42,40,34,42,38,42,43,37,38,44,40,116,39,46,43,37,44,39,37,40,38,36,41,42,44,43,42,41,42,40,41,43,38,42,43,43,46,35,39,36,95,40,42,41,41,44,41
42,104,32,32,41,26,40,45,33,36,35,48,41,39,47,38,25,39,39,34,40,44,38,48,37,48,50,36,32,33,39,43,37,40,54,41,37,39,34,35,53,39,34,26,42,31,40,33,41,40,39,37,45,57,50,40,34,40,42,41,39,42,45,39,44,71,35,42,41,37,39,40,38,40,31,21,30,39,52,35,39,36,38,39,48,40,33,45,39,40,39,39,38,39,40,46,38,66,43,23,41,34,39,41,66,76,40,53,39,38,28,44,43,42,40,37,24,44,43,41,43,38,49,40,41,40,146,33,54,47,38,45,53,30,43,43,40,39,43,42,39,18,38,37,40,34,42,39,42,37,43,33,41,42,43,53,42,30,21,36,42,41,35,37,41,42,41,39,37,61,40,54,37,42,41,36,40,56,40,37,38,47,42,37,30,31,80,40,41,40,37,46,37,107,37,41,35,70,22,34,44,38,35,50,46,42,42,41,53,27,35,40,40,37,50,43,42,43,39,40,61,29,35,42,69,22,44,36,40,46,25,33,18,37,37,20,42,42,53,55,45,43,43,46,45,35,95,52,44,36,17,28,40,43,42,27,43,25,40,40,39,38,33,40,23,46,36,42,0,37,42,45,42,55,40,39,40,35,44,40,46,43,35,41,44,41,41,34,41,41,40,42,40,41,17,42,40,39,29,37,41,41,33,42,41,43,38,44,39,37,41,39,38,111,36,47,42,41,41,37,41,39,43,36,38,42,39,39,42,38,40,41,35,44,40,41,42,42,55,39,46,31,92,44,39,41,42,28,41
44,103,43,41,40,35,25,40,39,41,37,43,33,46,41,19,30,40,40,29,41,40,42,43,45,42,47,34,35,34,41,45,35,39,68,43,42,40,29,40,43,42,37,36,44,38,42,43,45,42,42,38,37,57,43,38,35,34,44,44,36,29,40,40,46,68,34,40,38,40,44,42,32,38,32,25,32,42,55,43,45,31,41,43,44,38,37,30,44,43,36,41,44,40,44,50,42,55,36,22,42,25,43,43,69,75,42,49,40,45,33,42,46,38,39,39,30,35,37,41,42,39,48,44,43,42,137,29,47,48,44,46,34,24,43,30,42,39,43,45,35,26,40,42,31,36,40,48,43,42,43,33,46,44,44,49,34,35,30,46,42,45,42,46,44,46,37,45,34,49,43,54,38,24,37,21,43,54,43,39,42,32,43,40,43,26,72,45,39,36,38,39,35,106,40,43,42,58,31,31,31,42,35,49,47,44,46,42,51,39,34,29,41,21,46,43,40,38,32,41,53,40,33,45,60,35,36,23,44,45,32,38,31,39,35,40,46,40,47,44,47,46,42,39,36,33,94,55,36,26,33,17,42,39,45,29,46,32,43,32,35,42,31,42,33,47,34,33,37,0,36,29,40,54,29,43,39,42,46,36,31,55,27,44,35,41,42,36,44,46,39,36,41,39,39,43,46,38,44,37,45,38,33,38,31,43,37,46,45,41,41,34,49,102,35,36,45,47,41,29,31,44,47,35,42,44,35,44,41,42,37,38,42,46,28,39,42,46,48,42,48,29,80,43,30,44,41,27,44
38,104,28,35,35,36,19,26,37,35,34,36,38,37,32,26,31,33,34,39,38,32,35,41,33,47,48,36,29,29,38,38,36,31,64,38,38,22,39,36,48,33,34,49,26,33,34,35,40,38,30,38,39,31,30,18,41,32,51,34,31,41,52,38,32,65,37,27,28,40,33,33,31,38,41,35,42,34,66,27,37,16,33,35,30,32,27,48,32,28,36,35,27,29,34,29,38,56,31,31,40,36,35,35,70,69,33,51,52,38,35,39,34,38,33,50,28,36,36,39,28,36,46,28,34,32,136,27,45,41,34,39,49,33,37,34,36,36,34,39,29,33,31,28,34,36,32,36,38,29,33,18,35,38,32,52,27,30,33,36,36,40,36,38,37,32,36,28,35,51,24,49,34,25,28,27,35,47,35,30,39,35,32,29,42,33,68,34,38,29,32,42,31,99,29,34,32,53,32,25,32,38,35,44,46,38,42,39,47,30,35,43,27,16,39,27,32,28,38,33,56,19,32,34,86,32,26,10,38,27,31,34,29,35,34,37,36,27,48,47,40,34,40,37,35,37,93,46,34,16,33,28,32,40,30,25,34,31,36,41,37,38,30,34,36,31,35,40,42,36,0,30,38,61,24,38,35,35,37,37,39,58,39,28,37,33,39,37,35,34,36,40,37,35,29,31,33,36,46,31,43,38,27,38,21,30,38,41,29,34,35,33,38,111,30,19,34,37,20,31,28,32,26,35,34,38,25,28,32,35,41,34,33,39,25,35,37,30,39,36,34,34,90,29,34,36,36,34,35
32,99,35,21,23,23,32,38,34,24,27,42,18,26,30,28,45,30,23,27,31,35,25,32,25,44,42,30,26,26,26,26,23,23,65,28,29,22,43,32,45,28,27,48,25,28,25,27,31,35,22,31,29,48,30,40,28,11,42,30,25,37,46,27,26,69,30,30,34,28,26,29,17,28,37,43,37,26,65,24,28,28,23,28,23,25,31,49,26,24,23,27,21,21,25,41,28,64,27,33,31,34,18,26,67,73,28,57,54,30,32,26,30,24,25,42,25,34,43,30,25,29,44,26,29,30,135,24,56,54,26,32,50,26,30,39,26,19,28,30,32,33,27,24,26,32,27,30,30,18,31,20,27,31,22,59,28,29,34,28,22,31,28,28,28,19,45,22,22,55,25,51,32,39,45,44,27,52,31,23,29,48,29,29,32,39,67,28,24,18,38,50,24,103,24,30,42,58,35,32,19,25,14,42,39,31,25,31,51,39,21,37,25,29,31,32,29,21,28,30,54,25,29,30,82,32,21,29,28,30,38,29,38,23,28,36,32,30,44,48,33,30,25,31,33,34,89,49,25,25,26,33,28,37,28,36,30,38,24,32,30,25,36,27,37,42,26,38,45,29,30,0,31,61,35,21,27,26,32,36,32,55,40,26,31,25,31,29,28,25,19,20,27,33,26,25,25,26,48,32,25,21,27,23,29,23,31,33,27,27,29,33,32,107,25,40,30,26,40,28,31,26,30,29,25,34,30,25,29,24,20,26,30,30,32,27,28,29,46,28,25,22,90,25,10,30,30,32,28
10,93,43,34,8,19,39,32,37,24,13,43,33,25,45,26,34,25,13,14,11,42,5,29,16,34,42,17,17,25,6,10,15,18,67,11,24,38,46,17,45,7,14,53,26,18,12,17,7,15,12,39,25,61,39,45,22,27,46,6,17,35,47,7,32,71,17,16,38,11,14,7,30,20,32,32,31,14,65,23,10,24,8,8,31,31,27,55,10,24,13,2,24,24,7,41,8,61,13,29,5,42,22,10,73,79,3,57,52,15,32,26,3,8,25,48,18,29,45,6,26,12,30,7,9,3,139,20,53,53,5,15,57,34,2,43,19,27,11,10,20,31,34,15,34,30,22,22,3,23,24,32,30,1,31,54,19,30,35,18,27,7,38,20,7,32,47,18,18,63,25,51,36,37,49,45,12,48,5,20,17,45,11,28,29,41,73,19,9,26,40,44,15,109,20,16,38,64,31,31,33,8,30,37,35,1,23,4,40,37,22,38,24,32,49,36,22,23,18,17,54,27,15,22,93,31,24,30,31,24,34,33,41,18,15,39,28,16,42,47,20,3,22,34,27,40,91,34,35,28,32,41,26,44,27,35,2,34,24,37,40,8,36,10,38,39,33,42,42,40,38,31,0,55,39,25,3,14,35,35,29,59,40,18,31,17,6,16,9,15,21,23,11,15,30,14,14,10,48,38,26,22,27,18,32,16,34,27,19,30,6,35,24,106,19,45,10,19,41,34,34,12,21,10,17,15,29,27,19,20,26,8,11,9,40,5,4,18,39,10,28,28,88,25,25,33,18,30,11
58,93,62,61,59,57,53,59,65,52,56,44,57,58,62,54,64,58,56,57,56,60,53,65,59,61,66,56,58,56,59,58,54,59,68,57,47,49,59,56,61,55,54,58,56,56,57,58,57,57,57,58,59,64,66,62,54,57,61,60,58,56,50,57,65,73,56,54,60,52,58,55,54,51,60,61,60,57,73,58,57,57,55,57,62,61,62,65,54,51,53,56,58,58,59,63,54,50,58,59,57,60,56,55,71,77,57,63,62,58,60,60,60,55,56,67,54,51,56,58,59,54,66,54,57,55,148,52,39,51,55,59,57,55,60,60,56,55,58,59,56,58,61,57,54,61,53,60,58,57,59,59,56,59,61,53,56,62,59,59,51,57,62,60,58,61,59,55,58,60,56,35,63,54,59,49,55,63,57,58,59,51,56,58,59,63,72,54,53,56,57,60,57,111,56,57,64,59,61,55,62,53,56,64,64,59,61,57,62,60,58,56,49,53,61,46,57,59,60,58,59,60,58,57,89,61,53,58,57,55,58,53,60,58,55,58,59,54,68,61,55,60,54,46,61,59,96,62,58,60,61,55,57,62,61,60,60,58,59,57,63,53,60,55,59,28,59,56,55,54,61,61,55,0,45,59,58,55,62,49,61,61,47,54,58,55,57,59,58,58,56,57,57,54,59,55,60,53,61,59,57,56,57,57,57,57,56,59,60,61,56,59,58,109,52,58,59,57,62,56,59,55,59,56,57,60,55,61,57,58,57,58,55,60,58,56,58,57,55,54,62,58,88,62,58,58,57,60,59
37,103,35,38,35,22,14,31,43,27,40,14,36,32,30,36,35,34,37,35,33,39,39,37,37,47,52,35,34,39,36,34,34,34,72,34,38,32,47,33,41,37,38,50,31,38,36,28,34,33,32,31,30,55,29,27,33,32,41,36,33,37,50,34,28,67,35,24,25,26,37,33,24,35,25,30,25,35,59,27,34,16,36,35,36,33,22,42,30,26,37,32,32,36,34,38,34,60,25,24,34,46,35,33,74,65,34,52,39,34,25,26,36,35,33,50,31,35,35,35,20,38,41,32,36,33,141,29,39,44,31,42,52,24,35,37,38,34,35,38,36,32,33,33,9,38,19,38,35,31,35,31,28,39,21,47,26,21,35,32,29,34,34,30,37,34,36,34,19,51,23,49,34,34,38,26,31,34,34,37,31,43,33,29,33,35,66,26,35,16,33,40,28,109,32,32,41,54,24,37,25,39,23,45,45,39,24,34,49,30,28,34,26,17,41,27,22,33,27,30,53,18,37,32,86,32,36,26,36,23,26,28,34,35,34,31,39,24,47,44,40,36,38,29,42,38,92,50,22,14,16,38,25,45,28,32,35,26,39,22,45,39,25,33,36,26,23,41,40,29,24,35,39,45,0,38,36,36,29,23,38,59,15,27,39,31,34,28,37,33,20,29,34,24,24,24,26,33,42,34,37,36,23,23,14,37,34,37,37,32,37,35,29,111,25,29,33,37,32,34,4,29,33,39,32,28,32,34,31,31,31,35,30,39,39,33,38,27,37,32,21,17,86,20,35,38,26,28,38
24,98,42,23,21,17,38,32,33,22,17,40,28,11,44,26,37,16,21,19,24,37,24,34,20,39,43,20,19,21,20,22,20,21,69,21,21,25,46,15,47,22,21,43,22,15,23,19,25,21,19,35,21,58,28,34,19,12,45,25,22,40,48,21,16,68,20,23,35,19,18,23,17,22,32,36,32,17,60,19,23,21,21,20,26,24,30,45,20,19,20,23,8,8,23,39,20,62,21,31,25,34,16,20,70,74,21,56,52,18,29,26,25,21,15,46,14,36,45,22,25,23,44,23,22,22,139,19,51,52,19,28,57,31,23,39,26,25,22,23,20,26,29,22,19,27,16,25,26,13,25,26,13,23,30,58,25,22,30,14,26,25,34,16,22,25,44,17,17,58,15,55,29,32,40,35,23,50,24,10,18,49,20,28,22,34,71,10,21,17,34,39,23,105,15,17,37,54,25,31,31,24,23,41,39,23,22,25,49,34,17,40,26,31,44,38,12,26,25,18,55,25,13,23,91,26,22,34,35,21,37,34,28,21,21,38,27,23,39,49,26,25,22,37,29,40,91,43,25,29,26,36,27,38,24,30,25,37,23,39,40,24,31,23,40,46,29,43,39,43,38,21,25,59,38,0,19,16,27,42,27,53,31,25,32,24,25,16,22,18,17,23,17,22,26,22,24,19,44,32,14,16,24,15,26,20,25,31,26,19,22,32,24,114,24,47,19,22,40,31,31,21,12,22,11,26,25,19,14,23,20,23,16,28,33,22,20,23,43,21,20,24,94,20,16,36,18,26,24
8,96,38,34,2,19,37,32,40,21,11,43,31,22,45,26,34,26,11,17,11,41,9,27,13,35,41,13,14,23,6,11,15,18,70,3,18,33,46,15,43,7,13,47,27,14,5,16,5,12,11,35,24,58,36,43,24,28,46,14,16,33,42,2,30,68,12,18,30,11,12,7,27,21,34,36,34,12,64,23,10,27,8,6,28,29,30,50,6,23,11,2,20,21,7,39,11,61,9,30,4,41,22,12,70,75,4,51,49,15,32,22,8,5,21,42,18,29,47,3,24,14,37,10,6,7,135,18,53,52,10,20,58,32,5,45,21,28,7,12,19,31,32,13,29,30,18,21,11,20,23,24,22,4,30,57,23,26,32,18,26,5,39,20,6,33,46,13,17,61,26,48,31,37,46,40,7,49,4,19,15,48,9,25,26,35,69,18,7,21,38,45,13,108,20,12,38,60,28,31,34,7,32,38,36,4,20,4,42,35,17,42,26,31,47,32,21,24,18,14,54,23,11,19,92,31,22,29,33,23,33,30,42,17,15,40,29,18,41,47,18,8,20,35,35,36,93,43,34,31,28,38,24,45,26,35,8,33,24,35,40,7,34,6,41,38,34,37,40,39,35,27,3,58,36,19,0,14,32,35,27,58,39,22,27,14,4,15,2,15,17,18,11,14,29,15,8,6,45,36,25,18,24,19,27,18,33,23,16,26,1,30,21,105,18,42,11,13,44,34,31,11,21,9,15,16,30,26,16,21,25,11,11,12,36,7,5,17,37,4,28,24,88,22,28,32,17,29,6
15,98,39,29,14,12,36,23,38,22,14,47,30,18,42,25,36,23,13,7,13,41,11,32,11,38,43,3,11,17,14,14,9,13,69,14,23,28,40,15,48,10,11,50,19,13,13,2,13,11,14,32,26,56,28,44,13,19,48,16,22,36,46,14,23,70,3,26,34,13,11,12,26,20,30,32,30,13,60,8,14,19,11,14,23,18,32,41,14,12,15,11,16,16,11,39,14,61,12,28,13,40,15,12,73,72,12,52,48,5,32,25,16,12,17,44,18,33,42,13,21,13,39,11,12,12,138,9,53,50,11,20,54,28,12,41,22,21,13,18,10,26,32,14,29,19,12,15,14,17,25,31,24,14,22,56,22,20,30,10,23,13,32,18,15,27,48,16,8,54,23,51,31,36,46,46,15,51,12,8,5,48,13,19,27,33,69,10,14,14,40,46,14,104,12,5,37,57,26,28,30,14,25,37,35,14,25,15,46,28,6,42,30,27,43,36,14,19,16,8,58,14,4,14,89,28,16,25,37,14,36,31,40,7,9,36,23,26,41,47,22,16,20,37,31,37,88,42,22,28,23,35,23,40,17,30,16,36,17,34,39,14,33,14,36,42,33,41,35,42,35,26,14,55,36,16,14,0,22,34,29,56,37,20,31,13,13,4,15,8,12,21,10,17,23,16,14,12,45,37,15,10,17,6,29,4,27,29,13,14,15,31,21,113,20,44,11,15,43,34,27,10,12,13,2,11,25,16,8,6,21,14,1,18,39,12,12,8,40,13,18,16,95,18,23,31,4,25,13
33,100,40,32,30,10,29,23,43,30,28,25,36,10,43,34,40,11,27,26,34,33,33,31,32,46,49,23,23,27,30,33,31,28,67,30,32,29,49,30,38,33,28,46,18,31,27,23,30,16,31,37,29,45,20,20,15,28,38,34,29,35,47,30,16,68,24,33,23,32,32,29,12,30,42,42,42,31,55,16,31,17,33,28,20,20,16,49,31,14,33,32,25,21,26,27,30,61,29,31,30,38,20,31,71,61,29,40,53,28,28,28,30,32,10,47,23,28,39,31,18,30,37,28,30,31,133,24,56,47,27,37,55,26,33,28,28,27,31,32,24,29,30,29,15,32,20,30,31,14,27,20,19,35,27,61,36,4,35,16,27,30,36,27,33,22,45,29,19,54,17,47,33,30,35,25,31,49,31,24,31,41,32,25,32,36,64,14,34,18,31,45,31,108,20,29,43,61,27,28,18,35,27,42,43,35,25,30,48,31,20,43,28,30,26,38,23,34,30,26,59,8,29,29,89,29,17,22,34,15,36,31,40,16,28,34,31,33,48,37,35,30,31,39,34,13,83,48,12,23,28,34,22,40,22,33,31,36,15,27,31,35,11,30,39,44,27,39,44,46,37,32,35,62,29,27,32,22,0,21,29,55,36,28,32,34,30,14,33,15,15,22,31,30,27,28,29,32,47,17,26,16,19,22,22,16,28,41,20,17,33,28,38,108,33,41,30,25,34,18,25,35,24,35,25,21,39,24,15,26,16,33,27,32,34,34,32,19,46,31,17,22,91,11,29,33,26,28,33
37,88,43,39,33,35,24,40,40,37,35,25,39,36,42,40,39,36,31,34,37,40,33,35,37,43,50,37,34,37,34,25,36,38,63,37,34,30,44,34,35,34,37,54,35,38,35,36,39,37,33,36,32,61,40,37,33,37,48,39,27,27,40,37,30,66,37,22,37,28,32,36,31,37,41,35,41,35,64,34,33,27,34,34,36,33,34,47,33,39,35,33,39,38,33,47,33,56,25,38,39,35,34,30,68,76,35,51,37,39,30,37,39,31,33,56,32,24,44,38,39,34,39,34,37,35,138,29,42,54,36,37,56,32,34,38,31,39,37,35,31,42,34,31,20,35,35,43,38,36,27,23,29,36,43,55,28,31,34,38,24,39,43,39,34,41,42,33,37,51,35,46,42,43,48,38,30,43,38,37,37,42,34,30,40,31,70,38,30,36,44,48,30,107,35,36,41,59,41,35,19,33,33,43,45,36,16,39,53,43,35,49,29,31,39,21,38,25,29,36,55,33,40,38,89,34,28,36,35,40,42,23,42,38,36,42,40,22,45,33,39,39,36,17,32,34,85,47,32,29,36,41,18,48,36,35,38,42,37,1,32,33,23,36,46,26,37,28,40,36,37,36,35,49,23,42,35,34,21,0,25,59,27,37,20,29,39,35,36,40,34,23,38,29,33,29,26,35,52,39,41,37,37,32,28,38,35,23,33,37,38,38,33,117,22,46,37,30,43,29,21,25,31,31,35,39,36,37,36,40,37,33,35,36,21,34,38,38,42,35,39,30,95,37,42,27,37,38,37
26,99,42,38,25,24,33,35,39,25,30,46,34,27,48,33,42,21,16,22,30,47,30,21,28,45,42,28,27,25,28,23,28,28,70,27,20,30,48,30,37,29,23,50,27,28,22,32,28,30,24,33,21,57,35,41,25,27,42,30,22,26,38,27,15,66,28,26,30,24,28,28,24,27,36,39,36,30,69,18,27,27,28,26,25,20,25,46,29,20,14,28,29,27,22,40,29,57,28,30,28,41,28,29,72,78,29,49,42,32,30,27,30,28,28,50,29,30,37,27,24,22,31,28,27,29,137,29,47,51,28,30,57,30,30,45,19,26,25,30,27,33,31,30,32,33,28,33,29,28,21,34,24,29,33,50,18,26,41,30,17,28,45,30,28,29,51,23,30,56,30,48,38,40,47,49,23,53,28,30,26,44,29,31,34,38,70,31,29,26,41,42,26,106,31,26,44,54,34,32,31,30,25,45,38,29,31,28,55,34,24,43,24,27,48,37,24,23,16,33,61,31,29,29,93,36,30,33,33,18,37,30,45,30,25,43,32,26,44,32,28,30,20,26,28,33,94,43,30,33,33,40,26,46,20,36,30,37,26,26,34,30,29,27,40,37,37,34,46,31,39,32,29,61,38,27,27,29,29,25,0,64,37,18,14,25,28,30,28,31,31,19,31,31,28,26,25,27,49,38,29,27,30,22,27,32,34,28,29,17,28,30,32,109,25,43,31,21,33,35,36,22,22,16,32,29,32,18,31,29,20,22,31,31,42,29,29,30,36,28,27,25,96,26,31,25,30,31,28
58,107,58,57,59,55,56,53,46,55,52,50,56,60,56,51,58,53,51,54,59,48,58,68,55,62,63,49,57,57,58,59,51,55,69,57,59,56,52,55,66,57,53,52,59,52,59,57,60,58,59,52,61,64,57,56,53,55,53,59,58,57,51,57,59,50,50,61,58,54,55,57,57,53,55,57,55,54,69,57,58,52,57,57,55,62,52,59,56,54,57,58,55,56,58,52,57,58,60,48,60,56,57,58,69,79,57,52,58,53,57,60,59,56,56,65,53,56,57,58,58,55,66,58,57,57,141,57,56,48,56,60,55,54,59,50,57,51,57,60,58,50,57,60,60,59,58,57,61,57,60,53,55,58,62,57,59,58,54,60,58,60,39,56,58,43,54,57,53,62,57,57,51,53,52,58,58,64,59,57,55,54,56,57,55,55,78,56,58,57,55,50,59,102,55,52,65,68,51,54,53,58,56,64,63,58,61,60,65,53,58,57,65,54,58,62,58,58,59,53,52,59,57,54,90,51,57,54,62,60,51,57,56,57,51,53,60,61,65,67,59,59,56,60,62,58,96,62,59,45,56,48,63,57,61,53,59,51,57,57,50,58,61,56,59,65,51,58,43,55,58,55,59,61,59,53,58,56,55,59,64,0,58,60,66,58,60,58,58,58,57,61,53,58,56,59,58,57,57,47,46,56,51,60,57,57,55,62,59,55,58,51,62,114,57,56,53,59,56,59,59,57,55,57,56,59,52,59,55,49,48,61,54,60,55,58,58,53,66,56,59,58,97,56,49,61,57,52,59
39,108,47,38,38,32,24,36,35,29,31,19,39,29,42,42,39,25,38,34,38,41,40,44,37,49,41,39,32,32,39,35,38,38,68,38,33,27,48,37,45,39,34,46,31,34,40,38,40,34,36,38,31,50,41,33,24,32,41,38,33,42,45,38,34,70,39,26,27,28,35,34,32,33,36,37,36,36,76,41,35,30,33,38,37,28,36,48,32,33,41,37,32,32,39,36,37,61,27,28,40,40,30,33,74,75,35,64,48,38,40,34,41,38,41,49,38,42,44,39,36,35,40,35,38,35,138,36,30,43,34,43,55,32,41,45,41,41,38,42,38,41,42,37,19,26,33,37,37,37,43,27,38,40,39,59,32,37,39,39,36,40,45,37,39,42,35,35,33,66,38,50,38,36,46,24,37,46,39,38,35,47,35,39,37,34,78,37,39,31,39,45,31,112,40,36,37,66,40,41,30,40,33,46,46,40,26,40,54,36,35,43,25,27,37,22,24,32,29,41,55,36,31,46,85,41,32,33,38,33,37,29,41,37,36,40,36,26,41,48,40,41,38,19,40,43,88,49,19,29,36,36,27,45,30,43,41,37,33,21,37,40,30,34,37,26,37,36,35,27,39,40,40,47,15,31,39,37,36,27,37,58,0,30,43,38,40,37,39,36,32,35,38,26,30,30,28,38,51,35,35,35,32,25,26,35,24,33,39,37,39,26,35,114,28,43,34,40,46,29,21,32,34,41,34,38,33,37,36,39,39,38,39,43,33,35,39,40,46,34,40,23,88,37,35,40,39,33,40
24,96,41,35,24,24,37,25,36,18,19,40,35,23,49,25,38,24,21,27,19,36,20,27,22,38,45,22,20,27,24,24,19,26,63,19,18,35,39,22,49,18,19,48,21,20,22,22,19,21,23,36,17,61,36,40,15,18,44,22,17,33,36,19,28,64,22,14,23,12,21,19,23,19,35,38,36,23,67,26,22,24,17,21,25,16,22,49,19,26,19,21,16,15,16,36,23,58,16,30,19,33,18,19,65,79,17,56,47,23,31,27,21,22,19,45,15,26,34,20,24,17,40,20,21,17,138,21,46,49,18,20,59,30,18,33,28,27,17,19,19,33,29,18,21,30,15,26,20,22,21,30,23,20,27,56,13,25,32,24,20,19,34,24,20,27,46,13,23,56,29,48,32,32,40,44,22,45,19,25,25,45,22,25,29,32,70,25,19,15,40,41,20,106,25,24,42,65,29,30,30,20,18,38,39,20,12,19,46,33,21,45,23,30,38,31,19,17,20,24,56,22,23,23,88,31,15,37,27,23,40,25,35,23,20,40,31,14,43,48,25,21,16,23,32,39,91,40,21,25,31,36,18,46,19,36,20,40,23,37,35,20,33,19,35,34,38,28,41,44,28,26,18,54,27,25,22,20,28,37,18,60,30,0,21,16,19,22,20,28,23,25,23,17,28,19,19,18,46,35,25,25,17,15,17,25,25,12,26,25,20,28,22,110,11,33,23,20,36,34,30,18,20,15,19,23,29,27,23,18,29,19,22,23,34,17,24,24,34,20,28,17,89,21,31,20,23,31,22
32,96,44,35,27,31,36,39,42,30,29,42,42,31,49,39,41,25,19,27,27,38,28,28,30,40,39,30,31,32,29,28,31,30,72,29,27,30,48,29,36,32,25,52,31,26,28,31,33,32,27,39,23,56,35,43,32,33,47,33,28,24,42,29,23,71,30,32,34,19,32,31,26,27,39,39,39,27,66,33,24,27,29,27,36,33,21,47,25,28,18,34,33,31,24,39,34,65,29,31,33,37,23,26,69,77,30,44,52,31,27,30,34,32,27,53,34,29,40,32,31,22,36,30,29,32,133,26,47,54,30,35,60,28,33,43,21,33,27,34,32,39,30,27,24,36,31,31,34,32,30,31,26,33,28,55,22,32,37,36,20,33,39,36,30,34,47,30,27,49,35,48,39,41,49,41,27,48,31,34,32,46,29,31,40,38,59,30,30,27,40,54,26,113,33,32,42,50,39,36,26,31,30,46,36,33,31,33,55,40,28,45,28,39,44,26,31,28,21,33,61,30,32,35,94,38,33,31,41,27,39,25,43,31,26,43,33,32,45,31,35,34,29,36,31,33,93,49,29,34,36,44,32,45,28,40,33,39,32,21,44,31,33,30,42,41,35,39,44,35,37,31,31,58,39,32,27,31,32,20,14,66,43,21,0,28,33,30,30,34,31,27,32,30,35,31,28,27,46,40,38,25,32,24,28,30,39,22,31,29,30,36,38,112,22,42,33,26,39,31,28,23,27,22,29,32,33,29,31,31,29,30,31,33,35,29,28,33,44,28,30,23,96,32,34,31,30,33,29
15,94,39,31,8,20,35,33,41,18,13,41,33,21,48,26,36,23,11,16,7,36,8,25,13,37,43,13,14,26,10,5,12,17,64,14,16,30,41,18,33,12,16,42,20,16,13,17,12,20,8,34,23,57,35,42,17,21,42,15,6,34,43,14,26,70,13,17,35,7,13,15,19,18,36,37,36,15,65,22,9,26,7,13,25,28,24,42,13,18,11,13,16,15,8,42,13,61,7,33,12,43,24,2,70,76,7,53,40,17,32,24,16,14,19,48,17,32,44,15,16,14,38,2,14,7,134,14,52,47,10,19,55,25,9,49,18,26,10,8,19,31,28,7,27,33,18,22,13,22,16,22,23,15,24,56,20,31,36,21,24,12,32,21,14,32,41,9,15,61,21,47,31,42,45,44,4,48,15,16,15,42,14,24,26,30,66,15,7,22,41,44,6,107,17,11,37,60,30,34,29,8,26,36,31,15,19,12,44,34,12,39,24,29,43,30,19,16,12,15,49,31,17,15,93,31,17,31,30,22,39,29,42,18,17,39,31,17,43,45,24,16,13,28,28,41,95,45,24,29,30,31,20,41,26,32,16,39,25,29,39,8,34,14,34,32,35,41,41,41,33,25,17,55,31,24,14,13,34,29,25,58,38,16,28,0,12,16,15,19,17,18,16,12,28,10,7,9,46,37,28,18,21,21,28,16,28,22,13,28,14,29,23,111,11,44,16,11,43,30,28,4,15,6,16,19,30,23,16,16,21,5,15,17,37,14,12,20,35,14,26,18,90,22,27,30,17,27,16
8,97,44,36,8,19,41,32,38,24,13,45,32,25,42,28,38,28,11,16,13,41,10,28,15,38,43,16,17,24,8,12,14,20,69,3,22,35,46,16,44,7,16,50,27,14,7,15,1,17,13,41,26,57,37,45,26,27,48,14,15,35,45,3,31,69,16,22,38,13,12,4,30,22,33,34,32,12,66,23,12,26,7,9,29,31,31,52,8,23,13,6,25,22,9,42,8,62,12,30,1,42,26,15,71,78,8,54,49,15,34,25,8,6,22,45,22,34,47,3,27,17,38,9,9,8,136,19,55,53,11,21,57,35,8,49,23,27,9,12,19,30,32,14,34,32,20,18,4,22,25,28,25,6,30,56,22,26,33,17,25,3,39,19,3,35,45,14,18,61,26,51,37,39,48,43,10,50,3,18,18,47,11,28,33,38,70,18,9,24,38,46,11,108,20,14,39,61,30,31,35,8,30,39,35,6,25,2,47,37,19,43,25,34,46,38,22,25,17,16,54,27,13,21,93,30,22,34,33,23,36,33,41,17,17,39,29,22,43,46,23,8,22,34,28,40,93,44,34,30,30,41,24,45,27,37,8,36,26,39,43,8,36,9,43,39,35,41,41,42,39,31,6,57,34,25,4,13,30,39,28,60,40,19,33,12,0,18,3,17,20,23,12,15,28,15,11,10,46,38,27,20,27,17,32,17,34,27,19,29,4,30,24,108,17,47,15,15,41,34,32,13,22,10,18,19,28,27,18,22,28,12,12,10,38,6,6,17,39,4,29,24,91,25,27,33,17,31,6
19,95,42,32,15,16,37,31,34,12,9,37,27,9,39,22,31,15,18,9,17,38,17,30,17,39,45,12,10,11,16,19,13,6,70,16,19,25,47,11,48,17,7,40,27,10,17,17,18,4,16,37,21,58,30,44,17,10,45,18,13,34,42,16,13,67,12,21,30,16,15,15,26,17,28,29,27,15,65,7,13,24,15,15,29,22,27,40,13,7,17,15,10,10,15,41,13,57,15,26,18,42,16,13,72,72,18,54,40,20,26,20,19,16,4,38,10,35,39,17,14,12,38,12,18,16,135,15,49,47,14,26,55,29,17,44,22,17,18,18,16,26,20,18,18,27,13,21,19,14,22,26,17,16,19,56,25,10,31,8,25,18,31,14,16,26,45,15,6,56,20,51,29,33,43,38,16,49,17,6,11,46,14,23,19,31,74,3,13,6,36,38,19,107,4,14,31,63,29,27,34,17,19,41,37,16,20,18,45,35,4,41,31,28,40,34,4,16,15,19,53,23,11,18,90,33,18,31,35,12,31,29,37,8,8,35,29,21,45,47,23,19,21,35,33,30,90,44,24,31,27,33,20,37,19,35,19,31,18,35,37,17,23,18,33,37,32,40,34,36,37,29,16,59,28,16,15,4,14,35,30,58,37,22,30,16,18,0,18,6,2,18,10,20,21,18,13,17,47,34,16,2,19,9,19,6,20,28,17,22,18,27,22,112,21,45,8,19,44,23,25,17,18,18,3,12,22,11,6,5,18,17,9,19,38,18,20,8,41,16,22,24,96,12,23,31,7,22,19
8,96,39,32,4,20,35,32,32,21,12,46,33,23,46,26,36,25,14,17,11,40,10,28,14,36,43,17,19,23,5,12,15,19,70,5,22,36,47,16,44,7,15,48,26,15,7,16,3,18,10,36,25,59,37,41,25,28,45,14,12,32,42,6,31,69,17,22,34,10,15,5,27,21,35,36,35,12,66,24,11,27,8,7,29,30,32,51,7,24,12,9,24,22,5,39,10,62,14,30,4,41,23,12,71,76,5,56,49,16,33,26,14,6,22,46,19,30,46,6,27,16,38,10,6,8,138,19,52,52,10,25,58,32,6,48,22,28,9,13,19,31,32,14,33,31,21,21,12,23,22,25,26,5,32,57,24,29,32,19,24,5,38,21,0,32,42,15,19,60,26,48,32,37,49,40,13,49,6,19,17,44,10,29,30,35,70,19,8,23,38,46,13,108,20,15,38,61,31,32,35,8,29,39,35,5,20,5,46,35,21,40,25,31,47,39,23,22,18,16,54,29,15,19,92,31,22,29,32,24,37,30,42,18,17,40,29,22,43,48,19,14,21,36,35,37,92,44,34,31,28,40,25,45,28,35,14,37,26,36,41,8,35,7,38,36,32,38,41,44,35,28,9,58,37,22,2,15,33,36,28,58,39,20,30,15,3,18,0,18,18,22,11,16,26,17,12,7,45,35,23,18,26,18,32,18,33,26,20,29,2,32,21,106,16,44,16,14,44,35,33,14,25,10,16,21,26,27,16,21,26,16,15,18,40,6,9,18,37,3,30,24,89,23,24,32,17,30,5
19,95,37,33,15,10,39,23,33,13,11,38,30,9,43,24,38,11,18,10,20,32,13,32,17,35,44,18,17,16,17,21,15,20,70,19,23,31,43,4,50,14,12,52,17,17,19,2,18,12,19,40,28,60,30,41,21,15,43,19,18,38,49,16,12,72,18,22,34,17,19,18,17,22,32,34,32,13,66,17,19,19,20,19,31,23,32,51,18,5,18,15,18,18,19,38,17,58,20,28,17,37,21,18,74,68,13,53,50,15,25,24,19,18,8,44,18,34,50,16,18,16,40,13,18,18,136,21,55,48,18,21,62,35,18,43,27,19,20,18,13,26,27,17,17,18,20,16,17,15,22,17,17,17,20,56,24,11,30,10,26,18,34,13,18,23,50,17,10,58,13,54,29,40,38,40,19,52,15,5,12,48,19,25,27,38,72,1,19,7,35,41,16,107,3,13,33,58,26,36,31,16,25,37,33,17,26,17,45,31,6,41,31,31,35,34,18,23,20,15,58,15,14,17,86,26,18,24,36,9,35,31,40,8,12,34,24,22,44,50,22,19,17,34,30,36,92,41,18,28,29,33,26,39,12,32,19,35,7,40,37,16,25,19,38,43,30,42,41,46,34,25,15,58,33,18,15,8,15,40,31,58,36,28,34,19,17,6,18,0,3,21,12,16,26,21,20,21,44,28,24,18,25,13,27,2,27,31,18,9,17,31,21,111,19,45,7,19,40,29,21,18,16,15,3,16,26,18,1,8,19,16,11,21,32,17,17,10,38,17,19,13,94,5,21,34,11,26,16
21,96,37,35,18,19,38,23,34,11,11,44,32,9,37,27,32,15,19,12,21,38,21,29,19,36,44,14,7,11,14,17,19,16,73,20,22,26,47,13,43,20,9,46,22,10,18,11,20,8,21,33,19,59,29,41,13,11,36,21,17,39,43,20,12,70,14,18,32,20,19,20,28,14,35,30,34,17,63,17,18,21,16,17,30,26,31,47,15,9,21,17,7,7,20,37,15,57,16,25,20,36,18,15,72,66,20,49,41,16,16,10,18,17,5,41,17,31,48,19,17,14,39,14,18,19,135,12,50,46,15,23,58,31,19,42,23,12,21,23,13,28,15,18,18,34,9,16,21,14,24,27,13,21,13,53,25,8,25,4,26,20,36,8,18,29,51,20,6,57,18,45,28,36,42,38,19,50,19,4,13,44,16,25,22,30,74,6,15,4,34,34,19,109,7,13,32,60,19,30,25,21,19,41,31,21,20,20,47,32,5,37,26,36,34,35,13,22,17,6,55,16,17,17,87,28,22,28,34,16,33,28,40,8,10,33,26,18,44,50,24,18,18,32,28,29,89,45,27,24,31,34,25,40,22,31,18,33,19,34,41,21,24,20,34,37,31,41,40,39,36,19,21,56,20,17,17,12,15,34,31,57,32,23,31,17,20,2,18,3,0,19,12,23,25,20,19,19,46,29,20,1,15,6,15,8,23,29,15,10,21,27,27,101,21,38,14,19,44,26,16,18,12,17,15,13,26,17,3,4,19,21,13,24,34,20,18,8,41,15,25,16,89,9,16,33,14,23,19
22,95,39,30,17,11,35,30,41,15,22,45,33,23,38,29,39,23,16,19,23,36,21,27,22,42,46,17,20,23,19,12,19,21,61,21,18,31,41,19,44,20,23,49,27,19,20,20,23,22,11,29,21,54,28,42,21,19,45,24,16,26,38,21,20,62,18,17,27,9,22,21,18,20,35,39,34,20,63,11,17,27,20,20,26,16,30,44,19,19,15,24,20,19,20,44,21,54,18,29,23,33,12,19,65,73,18,51,41,20,23,28,23,18,19,46,15,27,48,22,15,22,37,18,21,18,130,15,47,52,18,24,57,27,22,43,21,27,24,23,22,29,32,19,31,36,20,22,24,18,21,24,18,23,29,51,9,20,37,21,17,23,29,22,22,35,35,19,19,61,18,51,35,36,48,43,16,42,22,20,18,48,20,27,28,38,72,19,17,15,42,41,15,109,24,21,40,61,28,30,23,22,30,38,37,23,10,23,50,33,17,44,23,25,42,34,21,14,19,20,44,31,22,15,91,30,21,23,30,21,35,32,44,20,24,42,29,17,47,39,20,23,13,25,22,39,91,41,23,26,30,37,24,45,18,31,24,35,15,21,34,22,40,20,46,40,34,37,42,36,40,20,23,57,29,23,18,21,22,23,19,61,35,25,27,18,23,18,22,21,19,0,20,14,28,17,19,20,45,32,26,20,21,19,30,22,29,17,16,21,22,31,19,111,7,45,23,20,40,29,29,15,22,15,23,20,25,19,24,22,26,18,23,24,31,22,19,23,40,18,30,17,92,15,30,20,23,29,23
12,97,40,28,12,17,39,29,36,22,5,45,28,18,43,23,35,22,11,18,11,36,11,31,8,38,42,10,16,24,11,12,10,16,69,10,19,35,42,10,47,9,8,45,24,12,12,4,13,12,13,35,25,57,35,40,22,22,47,13,20,34,43,11,24,70,10,24,33,14,10,9,25,17,37,37,37,1,63,16,10,25,10,11,21,28,29,48,9,16,14,11,19,20,12,37,10,60,15,25,13,40,24,13,72,77,10,55,49,4,36,22,13,8,16,43,22,33,45,12,20,12,38,14,11,10,141,18,50,51,10,22,55,31,13,45,21,23,8,17,16,27,30,12,27,31,16,21,13,20,20,28,20,12,22,55,24,22,33,14,24,13,32,14,11,29,46,14,14,59,26,48,28,36,42,43,9,49,12,14,10,48,5,24,24,34,73,16,11,20,40,45,13,101,16,2,36,64,25,33,32,11,28,38,34,12,25,12,48,29,18,37,31,35,46,36,16,23,17,4,55,27,13,16,89,25,20,28,36,18,33,32,39,14,4,35,22,24,42,50,20,13,20,35,32,41,91,40,30,28,29,39,24,38,24,29,13,33,19,38,41,11,34,9,43,42,35,43,40,41,37,27,11,57,34,17,11,10,31,38,31,53,38,23,32,16,12,10,11,12,12,20,0,14,25,17,15,8,42,32,23,18,24,12,28,16,32,26,15,26,10,30,21,113,17,46,8,18,41,32,29,11,15,14,8,12,25,16,16,14,21,17,6,21,38,11,10,14,37,10,24,20,94,18,25,33,16,27,11
16,95,44,30,17,18,31,29,37,22,15,33,28,22,47,27,43,27,13,14,9,34,12,32,16,38,46,18,18,26,18,9,14,17,61,13,19,30,41,16,48,11,17,50,26,19,12,16,15,20,10,40,20,56,31,40,24,24,48,15,17,33,38,13,29,69,18,15,35,5,15,14,30,18,33,39,34,14,66,24,15,26,13,15,19,31,26,52,9,25,11,15,22,22,10,40,13,59,12,31,15,36,21,8,71,80,14,55,51,16,34,31,16,10,22,49,23,28,48,16,28,16,41,9,11,15,138,14,46,51,14,26,62,34,18,43,13,26,7,15,24,30,34,17,24,26,18,17,16,25,24,26,27,15,35,48,11,25,34,20,26,15,33,22,16,34,43,3,18,62,26,43,32,41,52,42,10,36,14,15,16,45,13,30,28,28,75,19,16,26,42,47,4,109,19,17,39,62,28,34,34,14,21,39,38,15,21,15,50,33,23,45,19,24,43,34,24,16,5,16,60,26,18,20,91,30,14,23,26,24,39,27,37,18,16,35,31,15,47,46,20,16,20,24,26,40,94,47,25,24,31,39,17,43,28,33,16,39,25,27,42,14,37,15,34,34,34,39,41,39,35,33,15,54,24,22,14,17,30,29,31,58,26,17,30,12,15,20,16,16,23,14,14,0,29,9,10,13,40,31,24,20,17,16,28,18,34,20,16,31,16,30,17,107,9,42,15,18,45,28,29,8,24,9,19,17,27,20,18,18,28,13,17,16,36,15,15,16,42,15,30,18,94,22,27,19,17,33,12
30,99,39,31,30,27,19,31,37,26,30,38,31,30,26,17,16,29,27,25,32,32,25,38,29,42,46,30,26,14,29,31,20,31,67,26,31,31,42,23,46,27,24,32,26,27,28,27,28,29,28,14,31,57,37,28,30,17,46,29,28,40,50,26,32,64,29,32,26,23,31,27,20,28,12,14,12,26,51,29,27,10,28,26,32,30,37,36,27,30,29,28,30,30,26,33,28,58,27,18,28,36,27,28,67,71,29,49,42,27,22,30,29,25,29,22,22,31,41,27,28,26,44,27,26,29,139,23,48,42,26,34,55,19,29,45,34,26,28,29,23,5,30,29,16,10,28,26,29,29,32,18,32,28,28,56,30,24,10,22,22,28,25,25,26,29,47,27,24,54,28,49,29,27,45,33,29,49,27,28,27,41,25,22,23,14,76,24,27,27,30,40,28,106,24,24,27,66,5,27,26,27,24,41,42,28,34,28,46,10,20,18,31,31,47,35,23,29,30,25,52,25,26,27,67,5,30,25,38,25,16,32,15,21,23,13,26,32,46,47,30,29,29,37,34,39,91,46,34,28,2,38,27,32,28,9,29,16,29,34,36,27,23,27,18,35,32,42,17,39,29,26,30,59,24,26,29,23,27,33,28,56,30,28,35,28,28,21,26,26,25,28,25,29,0,31,28,28,39,22,24,28,22,23,19,23,29,34,31,28,26,29,31,113,23,47,29,28,43,31,20,28,32,28,27,27,26,29,23,30,29,31,26,30,42,28,27,29,46,27,32,21,92,30,21,34,26,4,31
16,93,41,35,12,22,37,34,41,22,14,39,38,18,47,30,46,26,11,19,13,39,15,28,14,45,47,16,21,27,14,11,16,17,63,15,21,33,47,14,37,15,12,44,20,14,14,13,17,16,8,36,22,54,35,45,25,28,51,19,18,35,46,15,25,70,16,12,37,13,14,13,26,13,41,42,42,19,70,19,14,26,13,14,21,28,28,47,14,20,17,16,18,18,10,40,9,58,7,31,17,42,25,8,73,69,15,48,49,15,35,24,18,15,15,46,23,31,47,16,24,11,38,10,15,14,137,18,39,55,13,27,60,29,18,41,21,27,15,19,22,34,28,11,18,34,17,19,16,22,21,27,23,16,29,57,17,31,37,21,22,17,36,19,17,27,46,7,17,63,22,51,38,39,42,44,12,41,16,17,14,48,14,26,28,35,70,16,16,25,41,42,8,110,19,13,36,61,33,34,27,15,30,41,36,16,10,15,49,31,17,49,17,31,41,23,19,16,12,18,54,31,13,21,92,34,21,29,31,19,42,26,43,19,15,41,31,12,47,47,22,18,18,26,30,44,96,44,26,31,32,38,10,44,23,31,18,42,20,30,38,15,39,14,36,24,31,36,42,43,31,25,14,55,24,22,15,16,28,29,26,59,30,19,31,10,15,18,17,21,20,17,17,9,31,0,4,15,50,32,28,20,25,20,31,19,36,23,15,23,16,33,17,114,11,44,16,10,40,32,18,7,18,18,20,20,30,26,19,21,23,12,15,19,26,16,14,18,37,13,24,20,90,18,29,26,19,27,17
11,95,40,35,5,18,34,32,39,23,17,35,35,19,44,28,42,23,7,18,9,37,12,27,14,35,45,16,17,23,8,7,16,18,68,10,19,33,44,15,37,10,13,43,19,15,7,17,11,19,6,37,23,55,36,45,25,28,50,12,18,34,43,9,27,69,16,10,30,13,13,11,25,16,36,39,36,14,68,20,7,23,7,10,19,26,27,44,7,20,12,9,15,14,6,41,7,59,2,31,11,38,22,8,74,72,10,48,48,17,35,22,14,6,22,45,19,34,48,10,24,13,37,8,11,10,130,17,43,54,8,27,60,30,12,45,21,29,11,17,17,31,30,10,22,33,15,19,12,16,20,27,21,13,31,53,22,33,37,21,25,11,36,21,12,31,42,10,16,57,23,52,34,42,42,46,7,38,10,20,14,47,12,26,28,36,66,19,10,26,43,42,6,108,20,14,39,57,32,32,27,12,27,42,36,13,13,11,49,30,18,47,20,32,42,27,20,17,16,17,54,30,17,23,93,31,22,30,31,18,39,27,38,20,14,36,30,10,45,46,28,14,19,28,33,41,95,43,26,35,31,38,13,44,21,30,15,39,18,27,39,12,34,10,35,28,31,38,40,46,33,25,14,60,26,24,8,14,29,26,25,58,28,19,28,7,11,13,12,20,19,19,15,10,28,4,0,7,48,31,28,15,23,17,25,20,35,20,15,24,12,30,20,112,10,45,19,11,44,31,22,8,17,14,16,22,31,26,19,22,23,10,14,20,29,7,13,21,30,10,22,20,95,22,29,25,18,27,11
12,97,39,32,8,23,38,33,39,22,18,41,32,25,47,26,37,22,12,22,11,35,10,29,9,37,41,16,19,24,6,10,13,17,70,8,22,39,47,14,45,10,15,52,29,18,10,17,12,19,8,34,24,60,37,42,25,22,47,11,19,33,43,11,33,70,16,21,31,10,14,9,30,20,39,36,39,8,65,25,7,28,10,10,26,26,29,47,8,25,12,10,20,17,8,41,7,62,10,29,12,38,22,7,72,80,9,51,47,14,33,24,12,11,21,44,22,35,49,11,30,14,37,9,10,11,137,16,53,53,7,23,61,28,9,46,23,27,7,16,18,32,34,12,31,32,19,24,11,24,21,27,28,9,29,58,25,28,35,20,29,12,35,19,7,32,45,14,18,60,28,49,28,42,50,43,5,48,12,21,16,48,9,20,24,40,69,17,7,25,39,45,11,106,21,15,34,64,31,31,31,8,29,37,32,9,23,10,45,34,20,45,26,32,44,38,18,21,17,14,53,27,13,16,93,32,20,31,31,25,40,26,39,17,15,37,30,21,41,49,18,12,21,28,33,35,89,42,32,30,32,38,22,48,28,36,11,40,24,35,42,8,35,9,41,36,32,39,39,38,36,26,10,53,33,19,6,12,32,35,27,57,38,18,27,9,10,17,7,21,19,20,8,13,28,15,7,0,45,32,26,15,26,19,30,17,34,25,19,28,7,31,20,111,14,44,17,13,40,32,31,7,16,11,17,19,28,25,20,21,28,13,15,21,38,11,13,20,36,6,30,25,94,23,29,32,20,30,11
47,105,48,41,48,42,45,44,45,42,48,43,45,47,44,37,33,36,41,38,49,48,47,54,47,51,54,43,45,43,46,47,44,45,63,44,45,45,42,44,60,44,45,33,47,47,46,42,46,47,43,39,48,65,55,48,45,44,47,48,48,48,47,44,53,76,44,52,50,43,44,44,38,42,24,28,25,43,58,49,42,42,42,44,47,52,47,62,44,49,45,46,45,47,47,49,45,62,49,40,46,37,47,44,78,80,44,60,58,47,43,49,49,45,48,38,39,47,52,45,42,44,53,47,45,45,154,44,58,46,42,51,64,32,47,45,50,41,47,48,46,23,49,44,46,44,41,50,45,46,50,48,52,47,49,57,43,42,31,47,46,46,43,48,45,46,47,45,41,69,50,54,45,51,42,37,46,57,46,44,45,48,45,48,38,37,79,47,45,46,44,48,46,110,44,43,42,64,24,38,43,45,46,52,52,47,49,46,53,36,45,33,49,44,50,54,42,42,48,47,52,43,44,49,90,24,42,49,45,46,34,42,31,44,42,29,49,52,54,53,51,49,43,50,52,43,100,57,46,44,34,44,48,45,51,34,49,34,49,49,47,45,43,44,34,51,34,49,29,44,46,48,48,61,42,44,45,45,47,52,49,57,51,46,46,46,46,47,45,44,46,45,42,40,39,50,48,45,0,41,45,43,47,41,40,45,42,51,49,49,46,48,48,118,46,57,44,45,47,42,46,41,47,42,43,48,42,48,43,44,47,51,45,49,51,46,46,44,57,45,49,42,97,45,44,44,43,38,47
37,101,35,20,35,35,34,13,34,31,35,36,24,24,39,35,35,30,35,32,37,5,36,39,34,41,41,30,31,25,34,36,30,37,64,36,36,24,42,34,50,36,32,38,30,29,34,30,38,35,29,35,34,47,35,30,27,32,37,38,33,33,49,36,37,52,30,36,31,31,34,35,31,33,26,34,27,35,61,33,35,28,30,34,31,35,31,46,33,25,34,35,29,29,36,37,34,56,35,26,38,28,32,33,62,75,35,51,51,32,29,37,38,34,27,48,27,36,46,37,28,33,43,34,36,36,146,28,50,46,34,40,57,31,37,32,32,32,33,37,33,26,35,33,32,12,33,37,39,31,37,32,33,37,35,44,36,32,30,32,30,38,7,29,35,28,37,33,29,56,32,56,30,41,47,41,35,50,37,32,36,43,34,29,26,27,72,30,38,28,47,43,31,105,32,35,21,62,23,24,31,38,27,42,40,37,37,38,45,32,26,39,38,33,37,39,38,35,37,32,63,20,33,31,92,23,34,27,37,31,32,32,27,30,32,29,32,36,43,51,39,38,32,33,30,25,98,42,37,31,27,34,37,8,36,27,39,32,33,40,11,38,26,35,40,41,25,37,37,37,31,32,38,59,34,32,36,37,17,39,38,47,35,35,40,37,38,34,35,28,29,32,32,31,22,32,31,32,41,0,30,34,27,36,33,29,35,35,35,30,35,34,37,114,27,41,36,34,44,35,25,28,32,34,35,38,34,28,31,33,33,38,31,39,38,37,35,35,41,35,33,28,93,24,30,29,34,27,38
26,100,37,33,28,22,39,24,35,24,22,40,33,24,45,20,44,25,24,24,25,30,27,34,24,36,42,21,22,20,27,28,22,22,69,24,23,34,47,17,49,26,23,53,27,23,24,22,27,20,26,40,29,55,33,43,20,23,42,25,25,38,50,24,30,69,21,29,36,24,26,26,30,25,34,34,34,23,60,22,26,27,26,25,31,25,34,54,23,26,25,26,24,19,26,38,27,59,28,31,27,42,14,27,74,75,26,50,50,23,33,24,28,23,24,41,20,29,47,26,25,25,44,21,25,24,132,25,54,54,26,29,64,30,23,43,27,17,25,25,23,25,31,26,31,33,24,29,28,25,27,30,22,24,27,60,25,27,38,22,25,27,32,20,23,28,48,22,22,58,24,52,33,27,37,39,27,50,26,15,19,45,25,27,31,34,68,17,28,19,36,40,24,108,12,18,37,61,29,33,33,26,28,40,40,24,27,27,49,30,18,44,32,37,47,40,18,25,28,15,61,24,22,24,84,29,19,35,40,21,40,35,35,18,21,33,25,29,40,50,29,28,26,38,36,42,94,45,25,33,24,32,28,33,30,32,28,40,18,44,37,26,32,26,42,42,34,43,41,45,43,25,26,57,37,14,25,15,26,41,29,46,35,25,38,28,27,16,23,24,20,26,23,24,24,28,28,26,45,30,0,22,27,21,32,20,28,30,25,27,23,31,29,112,25,46,21,25,41,33,34,27,22,24,20,23,22,17,21,26,21,29,22,30,42,26,21,20,45,27,32,25,94,24,14,35,23,28,24
21,92,42,34,22,15,27,29,33,10,10,41,26,6,35,25,38,9,18,11,20,33,18,30,18,43,46,14,8,18,18,21,14,16,67,18,15,19,47,11,47,20,13,46,19,20,18,19,20,8,20,31,21,51,29,31,25,10,35,23,17,36,44,18,12,62,14,16,35,19,18,20,23,15,34,33,33,15,58,16,16,19,17,17,28,26,31,42,16,6,19,19,7,7,18,43,14,55,17,25,20,33,21,15,71,71,19,50,40,16,30,10,22,19,5,41,19,32,46,19,11,17,40,16,18,18,131,20,50,44,16,24,55,33,22,43,23,11,20,23,14,30,26,18,32,34,17,21,21,11,24,27,18,19,19,51,22,9,33,22,21,20,30,21,18,27,45,20,7,59,21,43,30,30,43,31,19,47,19,5,17,44,16,22,23,34,74,7,15,5,33,34,21,102,13,10,34,58,28,30,17,19,16,41,37,19,21,20,42,34,5,37,28,21,39,35,5,24,18,19,55,16,15,16,86,29,24,32,35,7,35,26,37,12,13,26,23,16,43,47,22,22,19,35,29,25,91,43,18,17,29,32,20,40,14,32,22,35,16,36,32,19,18,19,38,37,36,40,41,38,38,21,22,56,36,16,18,10,16,37,27,56,35,25,25,18,20,2,18,18,1,20,18,20,28,20,15,15,43,34,22,0,12,6,33,18,22,25,20,18,19,29,23,112,15,42,12,21,44,26,21,21,19,18,10,21,25,16,4,3,14,21,11,21,38,17,20,4,39,16,15,17,94,15,18,30,16,22,19
28,96,40,27,25,8,33,30,33,19,22,38,31,17,40,23,36,19,22,10,24,34,27,27,22,41,48,18,15,13,24,19,21,22,61,25,26,21,26,19,50,24,18,40,16,21,26,22,27,26,24,27,22,61,29,31,20,11,45,27,27,37,36,25,28,63,18,25,31,20,19,23,20,19,34,35,33,23,68,13,25,10,20,25,23,23,15,34,24,21,29,22,14,15,21,29,25,63,19,25,27,28,14,22,69,69,24,49,29,25,16,25,27,20,20,46,10,34,25,26,15,22,46,19,26,26,140,11,55,47,23,31,45,16,25,35,26,19,26,24,14,22,23,21,19,27,17,24,26,16,23,17,13,27,23,54,26,14,31,25,17,27,34,17,26,31,40,21,14,56,22,50,28,35,44,42,21,51,26,20,22,42,24,23,29,18,76,26,25,20,35,42,25,109,20,22,36,63,28,26,28,27,16,43,34,27,28,27,49,28,20,47,21,26,28,26,15,19,23,22,54,11,18,24,76,28,14,20,32,27,31,28,38,15,18,36,26,25,47,45,28,27,26,31,36,24,91,45,17,19,20,38,27,38,23,34,27,31,23,37,44,27,23,24,32,39,25,42,33,33,27,27,27,57,23,24,24,17,19,37,30,51,32,17,32,21,27,19,26,25,15,21,24,17,22,25,23,26,47,27,27,12,0,9,16,15,31,29,19,21,24,33,30,106,13,36,25,19,30,32,33,21,22,22,19,21,28,18,17,19,26,28,18,30,35,26,21,21,43,24,22,14,88,14,21,29,17,16,27
21,102,38,34,19,4,40,34,35,18,7,36,29,13,42,26,31,23,17,3,11,38,22,32,19,37,41,7,5,11,18,20,7,16,66,17,19,25,37,12,48,18,5,45,20,14,19,17,17,19,14,31,16,56,29,36,15,20,46,22,18,35,45,17,24,69,6,25,26,17,15,18,13,16,26,29,25,18,62,13,20,21,19,18,25,23,15,43,19,15,17,20,10,14,13,40,19,62,19,24,17,34,12,22,71,71,18,47,39,16,25,17,22,18,13,46,7,32,34,17,27,12,39,14,17,19,136,8,46,46,20,26,56,22,18,45,22,20,16,18,10,28,26,18,29,16,8,14,18,12,22,24,20,19,20,54,15,14,34,18,22,17,40,10,18,31,50,21,5,58,24,48,30,36,44,41,15,48,18,14,18,47,21,18,26,30,71,11,22,22,34,42,13,107,10,11,35,57,28,29,23,22,18,39,35,19,25,17,47,32,11,41,32,30,36,42,16,12,13,16,54,10,7,18,76,28,12,26,27,17,32,25,44,8,6,39,25,25,43,40,24,22,21,35,28,43,92,43,17,30,23,36,24,38,24,38,23,32,21,31,43,22,38,18,30,39,25,40,42,38,38,23,18,57,23,15,19,6,22,32,22,60,25,15,24,21,17,9,18,13,6,19,12,16,23,20,17,19,41,36,21,6,9,0,24,10,23,23,12,19,19,24,18,113,18,34,12,16,35,23,25,21,18,17,13,16,23,11,8,12,21,21,7,19,43,20,21,7,40,18,16,7,95,16,17,32,9,22,17
33,95,42,35,27,13,24,27,34,28,26,31,30,25,33,26,35,20,28,18,27,38,33,33,30,45,48,31,33,29,33,33,26,30,72,31,33,28,37,30,46,31,30,36,21,28,31,22,32,26,30,35,17,61,25,39,27,32,34,32,29,38,42,31,32,64,31,27,29,31,35,31,22,26,34,37,33,27,61,21,31,18,27,29,27,32,15,42,32,18,33,30,24,19,25,42,31,57,27,30,32,31,17,34,67,68,32,55,46,30,18,19,32,29,27,42,14,33,34,31,22,31,42,28,30,31,136,19,53,45,29,35,51,17,31,42,35,34,29,33,31,30,13,27,11,32,14,30,33,34,26,14,33,31,13,56,28,20,26,21,27,32,31,19,32,32,43,27,14,60,32,52,29,39,50,34,28,51,29,18,26,40,33,30,34,24,76,20,31,14,31,45,29,107,24,25,44,62,24,29,17,31,18,41,40,31,24,32,47,35,28,34,29,30,26,36,18,29,28,30,56,20,32,31,76,27,31,27,32,25,30,31,36,24,31,27,18,27,49,44,35,32,28,29,35,25,95,47,14,17,27,32,33,46,33,25,33,30,24,38,34,31,33,31,27,37,28,34,41,31,21,29,32,57,14,26,27,29,22,28,27,57,26,17,28,28,32,19,32,27,15,30,28,28,19,31,25,30,40,33,32,33,16,24,0,28,27,31,35,28,30,22,35,100,26,34,26,27,34,32,11,24,30,33,19,20,29,30,22,23,33,34,29,34,38,32,32,19,40,30,30,10,78,21,32,31,18,29,34
19,94,36,30,15,9,36,32,30,12,9,42,33,10,37,16,39,23,18,13,19,39,17,33,16,33,42,9,15,10,16,17,4,14,71,18,16,30,45,10,49,12,5,49,22,10,19,7,18,6,17,33,28,59,25,37,17,22,48,19,15,33,47,15,22,71,9,22,30,18,16,16,28,16,35,37,35,13,62,14,19,18,16,18,24,24,29,48,16,14,18,13,9,9,18,37,16,61,19,25,17,35,17,16,74,72,13,52,46,11,31,22,17,15,18,46,19,30,43,16,13,11,37,18,15,13,137,16,50,51,14,21,57,31,19,41,23,25,19,16,14,22,31,19,26,30,17,21,17,14,22,25,19,18,20,55,24,12,27,1,24,18,39,5,18,26,43,17,9,55,18,52,30,39,46,39,17,51,16,11,12,45,16,22,29,39,72,10,19,12,40,42,16,107,9,11,36,58,24,35,32,16,29,40,36,18,25,17,43,30,15,35,32,27,40,29,21,22,17,7,55,12,13,18,89,26,21,30,35,14,27,33,36,4,5,34,18,22,43,48,22,17,19,32,35,36,92,44,18,25,26,39,25,41,12,30,17,27,14,35,43,16,32,17,37,43,29,42,43,43,30,23,16,57,37,20,18,4,16,38,32,57,35,25,30,16,17,6,18,2,8,22,16,18,23,19,20,17,45,29,20,18,15,10,28,0,24,27,11,9,17,33,21,109,20,44,11,16,40,30,25,19,11,16,9,10,23,9,1,11,22,16,8,20,37,12,15,3,41,17,26,18,93,6,24,32,14,24,19
33,99,45,26,34,28,34,25,38,20,28,43,27,30,34,30,41,21,33,23,35,42,34,39,29,43,48,28,27,24,30,34,30,30,63,32,28,29,45,29,53,32,22,46,23,21,34,30,34,18,34,32,25,46,27,43,15,24,30,35,31,31,40,32,26,68,27,34,33,33,30,31,24,29,40,39,40,33,59,26,34,19,26,32,36,21,20,41,33,29,34,33,25,22,34,40,33,60,35,17,34,39,23,32,61,75,29,56,33,26,25,23,35,32,24,51,24,31,40,33,31,26,40,28,32,27,133,24,54,30,26,33,57,29,35,47,35,25,33,36,28,25,22,35,28,28,22,30,35,26,32,26,19,34,22,47,32,32,31,29,33,34,35,28,33,31,44,33,30,67,32,45,29,39,44,38,34,46,33,26,23,38,33,23,28,34,69,32,34,29,35,40,32,105,30,24,35,67,28,27,33,34,25,42,38,34,33,34,47,36,28,43,33,32,44,25,21,29,33,32,56,30,24,31,88,34,16,28,39,26,34,32,37,28,27,30,24,34,48,46,33,35,23,32,34,31,90,40,15,25,33,28,34,36,18,37,35,34,23,33,38,34,29,31,39,45,34,38,38,37,38,31,34,56,34,25,33,27,28,35,34,55,24,25,39,28,34,20,33,27,23,29,32,34,29,36,35,34,42,35,28,22,31,23,27,24,0,25,31,25,33,32,29,103,29,40,32,32,40,21,25,31,30,31,27,15,33,30,28,27,28,31,29,37,34,33,33,31,42,33,25,26,88,29,30,28,22,25,34
26,98,43,33,24,30,37,35,46,16,28,45,35,31,49,29,47,31,26,21,18,34,24,30,24,47,48,26,25,26,24,22,27,30,71,25,22,33,45,28,50,25,26,50,32,23,23,29,27,31,25,29,27,62,35,46,27,28,49,29,25,32,46,25,34,70,26,22,28,20,27,22,29,24,43,42,43,25,71,29,27,25,22,25,22,25,32,56,23,27,25,21,27,25,24,40,21,57,24,35,27,32,24,18,76,74,25,56,50,29,36,33,29,25,30,48,25,32,43,26,27,25,43,18,23,23,143,24,42,46,22,28,57,35,27,45,32,29,25,26,28,32,34,31,35,34,26,29,28,26,24,31,27,27,35,54,13,35,37,28,26,27,39,32,26,38,43,19,27,69,30,53,39,45,49,45,25,45,26,30,29,47,25,21,30,37,79,31,24,27,47,46,17,110,28,29,45,67,36,32,38,24,30,45,40,27,16,27,50,40,28,46,31,32,47,33,29,21,17,29,61,31,29,31,94,39,24,29,39,29,40,25,41,28,25,31,32,22,50,45,29,29,20,20,40,45,95,48,18,38,35,42,26,46,28,37,29,40,27,24,42,24,39,24,45,27,35,42,44,46,41,33,27,59,37,31,23,29,41,23,28,62,33,12,22,22,27,28,26,31,29,17,26,20,34,23,20,25,51,35,30,25,29,23,31,27,25,0,23,30,26,29,17,114,20,48,28,27,44,34,34,22,27,20,25,29,32,28,27,29,31,30,27,24,32,23,26,31,38,23,34,21,92,31,25,19,29,39,27
19,98,37,37,15,23,34,29,40,25,9,47,34,10,40,29,36,22,18,17,13,37,18,29,10,43,48,10,15,26,19,16,12,20,67,19,18,30,47,14,46,18,15,47,20,12,11,16,19,19,17,32,29,57,32,40,19,22,49,18,15,41,50,19,19,73,11,20,22,18,10,18,26,22,36,40,36,14,60,10,18,28,16,17,16,13,30,56,19,11,23,19,22,22,13,36,15,62,15,30,19,36,20,15,72,71,19,51,50,13,33,26,17,18,14,46,16,37,45,20,15,18,36,15,18,15,137,16,55,53,15,25,63,36,20,40,23,22,19,17,14,34,31,14,29,29,14,14,19,15,22,30,16,19,19,60,19,23,35,13,21,19,37,19,20,21,44,20,13,53,13,55,39,38,40,48,15,55,18,13,13,54,20,24,31,39,73,9,14,13,39,47,15,107,15,18,38,59,36,30,28,19,29,41,39,19,24,19,47,29,9,47,27,33,41,31,18,26,19,13,54,34,16,17,93,36,16,24,36,10,36,29,44,19,16,42,30,20,48,46,22,17,24,36,30,33,93,43,32,35,36,32,25,38,16,29,16,36,16,33,35,19,26,19,39,38,31,43,39,45,29,27,19,60,37,26,16,13,20,33,29,59,39,26,31,13,19,17,20,18,15,16,15,16,31,15,15,19,49,35,25,20,19,12,35,11,31,23,0,14,20,34,27,107,18,43,17,12,39,29,37,12,13,14,12,19,27,18,12,21,18,12,18,21,35,19,17,14,41,16,19,23,92,12,23,35,17,31,20
27,96,36,38,26,19,32,36,36,24,21,32,31,13,39,24,33,22,28,27,32,39,28,27,25,42,44,21,22,23,26,23,16,24,57,28,25,33,47,22,40,27,22,46,12,22,25,13,29,15,24,36,26,50,16,35,18,15,45,29,26,38,50,28,12,69,21,29,28,29,25,29,25,29,37,37,37,26,53,8,24,16,27,27,25,18,30,50,28,15,27,28,14,12,27,39,29,58,24,23,29,44,20,29,69,60,27,40,52,22,18,18,30,28,10,48,13,35,47,28,12,24,39,23,28,26,132,21,51,51,28,30,59,37,29,39,22,25,28,30,17,29,23,25,25,37,18,22,30,16,28,19,6,30,21,52,33,13,41,19,20,29,31,21,29,20,46,29,22,50,18,49,38,44,39,41,25,54,29,19,22,42,28,21,31,42,63,17,29,8,42,44,25,109,15,21,41,54,30,29,34,27,23,44,38,30,28,29,50,31,12,38,26,19,33,30,12,26,27,21,53,21,26,23,90,30,17,23,39,9,31,33,31,9,22,23,26,29,46,40,28,30,29,34,30,25,91,45,21,18,29,40,23,39,11,30,30,31,15,39,23,27,21,28,42,37,36,37,37,41,34,27,30,61,32,19,26,14,17,37,17,55,37,25,29,28,29,22,29,9,10,21,26,31,28,23,24,28,49,30,27,18,21,19,28,9,25,30,14,0,29,35,31,112,23,43,22,22,31,26,20,29,14,25,10,19,31,19,8,18,12,25,25,31,33,26,26,10,41,27,23,15,94,9,17,37,19,30,29
8,96,39,32,3,20,37,32,40,21,11,46,33,23,45,26,36,25,14,17,7,41,8,28,14,34,42,17,18,23,11,10,15,20,68,6,22,36,49,16,44,6,15,49,26,17,7,16,5,14,10,36,25,59,36,41,25,28,45,14,20,32,42,2,31,69,17,20,34,10,15,5,27,21,33,34,32,12,66,24,11,27,8,6,29,30,32,51,5,24,12,7,24,22,5,40,9,61,14,30,3,41,23,12,71,77,4,54,49,14,33,25,9,5,22,43,19,29,46,4,27,16,36,10,5,7,134,19,54,52,10,19,58,32,4,48,22,28,7,8,19,31,32,14,33,30,21,21,10,23,22,25,26,3,30,53,23,29,32,18,24,5,38,20,2,32,42,15,19,60,26,48,34,37,49,40,10,49,3,19,17,44,8,29,30,35,70,19,10,23,38,44,13,108,19,12,36,61,31,29,34,9,29,37,35,3,20,3,45,36,21,42,23,31,47,37,23,22,18,16,54,28,11,19,92,31,22,29,32,24,34,30,42,17,17,40,28,20,42,46,17,9,21,35,29,37,92,38,34,31,28,40,25,45,26,35,9,34,25,38,41,9,35,4,38,38,34,38,41,41,35,29,6,56,37,22,1,15,33,38,28,58,39,20,30,14,4,18,2,17,21,22,10,16,26,16,12,7,46,35,23,19,24,19,30,17,33,26,20,29,0,32,21,104,16,44,10,14,40,31,33,13,25,9,16,19,26,27,18,21,26,16,11,11,40,6,4,17,35,5,27,24,87,23,28,32,17,30,6
33,104,45,33,34,24,36,33,39,32,31,40,25,31,40,30,35,28,29,25,27,40,31,36,32,37,47,31,32,32,33,37,32,31,74,30,33,36,39,33,48,29,29,54,36,32,32,32,30,36,27,39,31,54,38,38,31,29,47,31,24,34,50,30,35,71,30,36,25,28,31,31,26,22,34,34,33,31,69,34,34,22,29,31,28,30,26,56,31,31,33,32,33,31,26,38,31,56,32,35,30,35,31,34,73,74,30,60,33,33,35,33,35,29,32,47,27,25,38,30,30,27,40,25,32,30,144,33,48,46,30,37,63,30,32,39,36,34,30,31,30,30,30,32,25,25,32,36,31,33,31,33,31,34,35,45,22,31,39,30,29,30,40,32,32,30,40,29,28,57,34,47,31,31,37,37,34,48,30,32,33,50,33,33,32,32,73,30,31,31,40,44,26,103,30,31,42,58,27,34,36,31,25,39,34,34,36,30,49,36,31,41,28,33,43,35,27,21,34,30,59,29,31,33,86,27,34,28,26,34,38,30,35,31,30,38,38,36,43,46,37,35,31,39,35,46,97,41,21,35,32,32,29,44,38,40,36,38,35,32,41,31,40,33,36,31,35,44,39,34,33,33,35,59,35,32,30,31,28,38,30,51,26,28,36,29,30,27,32,31,27,31,30,30,29,33,30,31,48,34,31,29,33,24,22,33,32,29,34,35,32,0,31,108,23,22,32,30,24,34,29,29,31,27,29,33,31,38,30,33,34,31,33,30,45,30,32,31,38,32,33,24,93,31,32,31,35,24,30
24,100,42,36,22,27,35,32,45,13,21,43,36,20,49,29,48,28,20,23,15,41,20,30,24,39,50,23,21,24,22,25,22,22,69,22,20,30,47,22,49,23,23,51,29,22,24,21,24,22,22,36,23,57,37,47,30,32,50,25,23,41,43,22,30,76,23,18,29,20,24,22,31,15,44,43,44,22,71,21,23,31,22,23,16,31,27,61,21,26,23,23,23,21,24,42,21,61,17,35,24,46,26,21,74,82,20,61,55,22,38,34,25,20,23,50,26,35,49,23,27,22,41,23,22,22,143,21,50,49,22,25,60,33,23,50,31,30,21,24,23,37,34,25,25,34,18,22,25,21,26,36,29,22,39,59,15,33,37,21,25,24,41,21,21,35,51,19,24,66,31,58,39,41,52,44,21,43,24,21,21,52,23,30,33,35,79,24,20,29,45,54,14,112,18,22,41,68,36,37,40,20,25,41,39,22,15,24,55,30,20,49,19,32,51,32,20,17,14,21,63,32,22,21,93,36,16,30,34,28,46,29,49,18,22,47,34,18,50,52,21,25,18,31,38,50,92,47,33,37,32,38,19,39,29,39,25,46,31,32,47,20,45,22,51,36,38,40,38,49,38,32,24,58,29,24,21,21,38,33,32,62,35,22,38,23,24,22,21,21,27,19,21,17,31,17,20,20,48,37,29,23,30,18,35,21,29,17,27,31,21,31,0,116,23,43,23,24,38,40,26,21,23,20,19,23,29,25,20,20,29,25,22,25,34,23,23,20,44,21,32,23,99,24,30,26,24,32,24
110,104,113,115,106,111,111,118,116,111,108,113,109,110,109,109,116,109,101,112,112,120,106,115,113,114,108,112,115,110,113,113,111,113,115,108,113,106,107,111,119,110,112,108,112,112,112,112,109,110,108,107,112,119,117,111,107,113,110,110,110,111,112,107,116,121,112,108,116,106,109,110,109,113,113,115,113,113,117,111,111,109,112,109,110,111,116,106,107,112,98,108,114,112,113,118,113,110,112,111,107,98,113,109,120,117,107,118,114,109,93,107,106,106,112,113,108,106,111,106,106,111,117,113,111,108,152,108,103,109,110,107,94,112,104,116,115,114,109,107,108,106,104,111,110,115,107,111,107,114,107,113,114,104,103,112,108,106,112,112,110,109,117,107,106,114,111,106,106,109,113,114,117,110,110,110,112,120,108,113,113,107,110,107,111,110,120,113,110,107,101,107,110,121,112,112,118,95,114,110,101,109,104,113,114,104,112,106,118,116,112,111,112,110,89,113,110,111,108,113,79,94,106,110,110,112,108,111,113,111,109,116,109,106,111,106,110,108,114,110,103,106,109,115,109,86,109,111,115,105,114,108,115,119,106,115,106,109,106,118,117,109,93,109,107,116,111,116,111,102,111,107,106,109,111,114,105,113,108,117,109,114,114,110,112,111,108,112,106,111,101,111,113,107,113,114,112,111,118,114,112,112,106,113,100,109,103,114,107,112,104,108,116,0,109,107,110,111,109,109,114,106,111,109,113,112,114,107,110,113,113,108,108,106,114,107,102,108,114,107,111,108,46,114,109,107,108,115,112
20,94,42,28,16,18,34,33,39,15,15,35,33,21,41,27,40,21,16,15,18,35,19,29,15,35,44,13,13,23,18,10,13,16,57,19,18,34,37,18,47,15,15,45,19,20,19,20,17,22,19,26,14,57,30,39,18,22,43,20,18,32,41,19,33,64,13,15,35,9,15,15,24,13,35,32,36,19,68,22,19,27,13,19,23,28,23,38,13,26,16,16,12,11,13,42,15,58,10,31,17,31,18,9,67,78,15,49,38,20,29,19,17,13,18,39,19,30,40,16,27,15,40,9,19,16,140,11,42,52,14,21,58,27,16,38,19,24,18,17,15,28,33,17,27,28,11,22,16,19,20,16,25,19,32,45,9,26,35,19,24,17,32,20,16,33,34,8,20,60,27,48,34,43,44,38,12,42,20,19,18,41,16,22,25,33,66,19,19,22,40,46,13,110,17,19,37,58,24,24,23,15,28,38,37,19,25,17,43,27,15,44,20,32,47,33,17,16,12,20,59,28,22,22,88,28,19,23,33,24,35,20,39,18,14,38,31,15,47,44,18,17,11,27,35,42,91,47,30,19,30,26,19,42,23,32,16,35,19,22,38,15,34,15,35,27,27,39,36,35,30,25,19,52,25,24,18,20,33,22,25,57,28,11,22,11,17,21,16,19,21,7,17,9,23,11,10,14,46,27,25,15,13,18,26,20,29,20,18,23,16,23,23,109,0,41,20,15,38,29,30,10,16,12,18,19,26,23,18,17,24,16,19,18,30,16,18,19,39,15,25,21,83,17,25,30,17,28,21
46,100,37,48,44,37,16,40,51,42,46,29,42,42,38,35,29,36,41,36,44,37,45,42,46,51,47,42,41,47,43,48,41,41,61,43,38,35,42,45,53,45,44,50,30,41,46,43,47,48,42,47,39,47,33,36,45,40,45,46,45,46,45,42,34,60,42,46,35,41,46,45,38,41,49,46,49,46,59,46,40,42,40,42,39,39,37,36,45,45,42,44,41,42,45,48,45,59,44,46,47,39,40,43,59,60,43,48,42,43,39,47,46,45,41,57,41,42,34,43,34,44,47,40,42,43,140,41,51,57,44,48,54,28,45,26,46,43,44,45,40,50,27,48,42,46,42,49,48,41,48,25,47,45,37,53,43,37,39,46,37,47,50,47,44,42,29,46,42,57,41,48,50,40,41,29,46,46,46,44,41,45,46,37,44,34,63,44,46,28,32,49,46,104,47,46,51,52,40,44,28,45,37,48,49,45,50,47,51,29,43,43,40,9,32,38,46,40,44,46,49,31,43,45,77,36,40,12,40,40,46,34,32,38,42,34,47,46,49,40,51,46,41,44,43,42,80,50,36,26,39,40,46,44,47,24,46,46,46,47,45,45,33,44,37,49,49,46,47,36,19,40,45,58,29,47,42,44,41,46,43,56,43,33,42,44,47,45,44,45,38,45,46,42,47,44,45,44,57,41,46,42,36,34,34,44,40,48,43,43,44,22,43,107,41,0,47,39,7,37,35,44,40,42,44,43,41,46,44,41,44,48,39,49,30,46,46,47,41,44,46,35,93,46,37,37,47,40,43
17,101,40,32,12,20,39,36,39,19,10,44,33,10,42,27,39,22,18,16,16,39,9,33,13,33,43,6,19,19,18,17,13,16,69,17,23,31,48,4,49,13,12,49,24,14,19,15,17,10,16,39,26,61,33,42,26,27,49,17,20,34,46,16,26,71,6,25,35,17,15,16,29,20,37,39,37,9,66,12,17,26,17,17,23,28,28,46,14,16,17,14,13,17,17,37,17,63,15,28,14,40,24,15,74,78,11,55,48,10,33,20,13,13,16,47,21,29,45,13,20,15,35,16,18,11,139,16,56,53,15,22,59,33,13,43,22,21,18,13,18,31,32,17,32,22,20,19,15,18,27,26,20,11,26,56,23,24,37,12,28,17,36,13,16,30,47,16,14,62,25,53,30,42,48,43,17,50,13,12,8,50,16,24,28,40,72,14,16,20,43,41,17,106,12,9,34,58,27,35,34,10,29,33,31,11,26,14,45,35,16,43,29,34,45,29,18,24,17,16,56,23,14,18,93,31,21,31,37,18,32,34,41,15,12,39,20,25,41,47,20,13,21,35,31,37,93,41,34,32,31,39,27,38,20,35,13,32,21,37,40,10,28,17,43,44,35,43,42,45,34,30,10,59,33,19,11,11,30,37,31,53,34,23,33,16,15,8,16,7,14,23,8,15,29,16,19,17,44,36,21,12,25,12,26,11,32,28,17,22,10,32,23,110,20,47,0,18,42,30,28,16,17,14,6,18,27,14,18,20,21,16,8,16,39,10,14,13,38,18,24,26,96,10,25,33,13,29,19
16,96,40,32,14,23,36,30,42,20,15,43,35,17,43,27,44,24,12,20,14,38,16,25,14,41,44,16,20,24,11,8,20,22,69,13,24,27,42,12,31,17,16,48,22,18,8,18,15,16,15,34,23,59,35,42,25,25,49,20,13,35,45,13,24,67,16,16,28,11,16,12,26,21,38,41,38,18,63,14,11,30,14,13,28,22,26,50,11,16,8,17,21,20,15,39,14,63,14,30,15,42,22,12,69,71,18,52,48,18,31,25,17,10,14,46,23,37,46,16,23,14,25,6,13,18,135,20,48,54,11,24,63,32,16,47,19,26,12,15,15,33,32,13,29,31,20,19,14,13,21,29,13,19,23,58,23,30,37,18,23,15,38,23,14,27,41,17,18,61,21,50,33,39,44,44,10,53,13,19,16,48,13,29,29,35,70,14,10,15,44,42,9,109,21,17,38,59,29,31,30,11,24,40,38,19,17,15,43,33,14,47,29,35,38,32,20,23,14,17,55,29,19,21,91,33,20,32,30,17,41,24,43,19,19,42,33,16,44,46,22,17,19,34,31,36,94,42,35,30,33,37,24,42,25,35,17,41,25,31,32,11,28,11,40,38,35,37,41,47,37,26,19,57,37,22,13,15,25,30,21,59,40,20,26,11,15,19,14,19,19,20,18,18,28,10,11,13,45,34,25,21,19,16,27,16,32,27,12,22,14,30,24,111,15,39,18,0,42,31,34,8,16,9,14,20,26,22,18,23,21,11,17,17,35,15,14,18,41,10,21,24,88,17,27,35,17,26,15
44,106,41,45,43,34,20,34,48,42,46,40,42,41,35,35,45,37,42,35,41,38,41,47,43,49,52,38,41,45,43,42,41,45,72,39,41,22,43,45,49,40,44,49,27,44,41,41,41,43,37,25,40,40,27,38,45,41,34,43,46,30,38,41,31,59,39,41,30,36,41,39,32,40,44,42,44,42,59,45,41,31,43,42,35,33,35,41,40,37,37,44,38,38,41,41,40,60,41,38,41,34,41,42,63,73,39,51,44,42,44,46,41,37,38,54,35,42,43,42,35,44,50,42,43,43,132,36,48,35,39,45,52,25,44,25,45,42,41,39,39,43,29,37,45,42,40,44,42,31,39,24,43,41,36,49,38,38,39,42,37,41,40,43,44,33,32,39,44,54,42,53,41,33,37,28,44,46,41,40,43,37,40,33,43,30,64,45,43,38,34,41,41,104,42,44,50,51,47,36,23,43,33,52,49,41,37,41,51,32,41,38,48,8,27,26,47,28,41,43,62,41,43,44,77,47,36,11,45,41,38,32,31,40,41,45,44,41,50,43,45,41,41,41,36,34,96,46,32,21,42,37,32,48,33,23,40,38,43,41,38,43,37,39,40,42,43,44,41,41,20,40,41,62,32,40,44,43,34,43,33,56,46,36,39,43,41,44,44,40,44,40,41,45,43,40,44,40,47,44,41,44,30,35,34,40,40,44,39,31,40,24,38,109,38,7,42,42,0,38,44,42,39,43,42,43,40,41,39,35,34,44,41,44,28,42,41,45,45,40,30,31,89,37,39,29,39,39,43
34,100,40,30,33,26,35,30,43,32,33,27,37,26,48,27,40,20,31,26,36,36,34,39,31,38,51,33,30,30,28,33,32,34,71,32,30,24,51,28,39,32,35,47,24,32,33,32,34,30,35,34,30,58,33,26,21,25,37,34,31,38,41,34,31,68,33,29,32,33,33,33,23,34,37,37,37,35,70,20,33,24,29,33,32,33,27,41,29,26,31,28,23,24,32,44,29,62,30,28,34,36,21,29,71,73,33,51,51,30,23,29,35,29,23,44,24,30,46,35,30,36,44,29,34,31,134,19,54,51,30,37,52,31,35,40,23,28,33,36,33,33,20,32,24,34,22,34,33,29,33,26,20,34,28,56,36,22,32,29,33,34,34,30,35,31,33,35,25,59,29,53,28,41,49,23,30,45,33,29,31,41,32,33,29,36,70,29,31,32,44,47,35,107,37,33,33,62,32,29,21,34,23,45,46,34,30,34,54,36,36,45,33,31,47,24,15,31,38,32,52,23,33,40,91,34,25,17,37,29,33,31,40,28,34,37,28,29,45,44,39,35,36,30,35,36,86,49,22,28,30,34,37,37,33,37,35,33,25,31,37,34,27,32,37,39,33,39,37,29,31,28,34,56,34,31,34,34,18,29,35,59,29,34,31,30,34,23,35,29,26,29,32,28,31,32,31,32,42,35,33,26,32,23,32,30,21,34,29,26,31,34,40,109,29,37,30,31,38,0,26,29,33,35,28,27,25,28,20,26,30,35,32,31,37,29,34,25,47,30,34,25,87,31,22,30,30,30,34
33,99,44,31,29,15,18,31,39,30,35,18,26,17,32,25,37,25,31,30,29,39,33,36,35,46,44,28,29,22,31,28,28,28,70,30,30,36,42,27,41,34,23,44,19,27,32,22,32,23,30,37,29,54,20,38,30,26,44,32,31,38,45,31,25,69,28,18,24,30,33,31,23,33,37,36,37,31,59,16,34,13,32,31,25,24,24,49,26,15,36,28,17,17,28,35,26,57,21,33,32,42,18,28,71,66,33,51,38,30,21,22,34,32,18,48,26,32,43,33,16,27,39,31,32,33,139,20,42,54,29,35,52,19,32,32,32,26,31,35,31,23,18,29,6,31,15,34,33,22,33,19,18,35,17,54,23,20,31,25,29,32,35,27,33,19,43,34,16,54,18,53,34,44,35,31,29,39,31,30,27,46,31,25,27,43,66,20,33,12,36,47,24,114,32,22,42,55,22,26,38,33,22,44,36,35,17,32,50,36,22,39,29,31,40,23,18,32,25,26,56,13,31,29,93,23,26,31,30,16,24,29,43,28,23,42,34,18,49,45,34,34,31,20,31,31,91,51,15,13,22,33,18,42,24,31,34,24,24,20,38,33,33,30,32,27,21,37,41,31,28,31,34,59,4,31,31,27,25,21,36,59,21,30,28,28,32,25,33,21,16,29,29,29,20,18,22,31,46,25,34,21,33,25,11,25,25,34,37,20,33,29,26,114,30,35,28,34,44,26,0,31,23,35,27,32,32,23,22,22,23,29,21,36,23,30,34,23,39,29,21,13,90,16,36,34,27,28,34
14,95,40,32,8,18,32,33,40,13,14,41,33,24,46,30,42,19,10,18,11,34,15,29,7,36,46,16,20,26,10,4,13,15,64,13,21,30,43,15,44,6,14,39,26,18,12,14,13,18,2,34,19,58,34,41,24,21,43,14,16,31,41,13,31,67,16,15,36,10,7,10,26,17,37,39,38,13,65,25,7,20,9,10,27,29,29,52,8,25,13,11,11,12,7,40,8,55,8,28,13,38,22,2,73,75,10,54,49,17,31,26,14,10,22,45,20,30,44,12,25,13,40,9,12,10,132,17,54,52,8,23,59,30,11,42,16,25,7,11,18,31,34,10,33,34,17,23,12,24,18,24,28,13,32,52,19,25,34,21,25,13,37,21,14,31,44,9,16,60,29,48,35,39,48,41,7,49,12,20,11,44,9,29,29,40,67,20,8,25,42,46,6,107,19,12,40,59,30,30,24,11,27,41,37,13,16,13,45,34,20,42,25,31,40,30,19,22,19,16,55,29,15,20,90,31,24,31,33,25,34,25,40,19,14,38,32,15,46,45,25,14,14,28,28,42,94,44,27,31,29,38,19,43,19,34,15,34,26,25,43,11,33,10,32,31,32,40,39,44,32,26,12,55,29,21,11,10,35,25,22,57,32,18,23,4,13,17,14,18,18,15,11,8,28,7,8,7,41,28,27,21,21,21,24,19,31,22,12,29,13,29,21,106,10,44,16,8,42,29,31,0,18,8,12,20,28,21,20,20,28,11,13,18,36,9,8,20,40,7,26,23,94,25,24,28,18,27,13
24,95,38,22,20,19,34,28,40,16,10,45,31,15,43,25,35,19,13,17,20,34,24,29,20,35,44,7,13,14,18,10,11,15,63,20,21,35,52,15,42,23,13,43,23,15,21,17,22,21,18,39,23,54,35,32,23,22,48,27,18,40,48,20,21,68,8,21,30,23,17,23,23,20,36,40,37,20,60,14,18,21,19,20,17,19,27,52,18,16,19,21,6,10,15,36,18,63,20,29,22,41,17,13,71,64,20,44,49,17,32,26,25,22,14,51,17,33,44,21,12,16,33,17,20,23,137,8,49,52,21,27,61,25,23,34,17,31,18,25,16,30,30,20,26,31,19,25,21,15,20,20,12,26,27,60,25,27,29,12,21,22,30,19,25,28,36,21,17,57,24,51,38,40,43,41,12,51,20,11,20,46,19,17,29,36,68,21,20,20,43,45,20,103,17,18,42,58,35,24,27,24,22,37,37,26,25,22,41,28,10,45,29,25,43,28,21,13,24,19,52,21,10,24,92,29,14,22,35,17,33,24,34,17,10,39,26,21,44,44,26,25,20,34,17,37,93,44,29,25,32,33,17,34,18,28,25,33,11,30,36,24,34,21,35,40,34,38,43,47,26,30,21,59,33,12,21,12,24,31,22,55,34,20,27,15,22,18,25,16,12,22,15,24,32,18,17,16,47,32,22,19,22,18,30,11,30,27,13,14,25,31,23,111,16,40,17,16,39,33,23,18,0,23,16,22,27,4,15,20,22,22,18,26,31,24,20,14,33,17,23,26,95,15,32,36,11,36,23
14,98,44,31,8,17,29,32,39,21,17,44,30,23,43,28,35,24,11,18,13,40,8,31,14,36,44,15,13,24,12,12,12,19,68,11,19,28,42,13,42,9,15,50,25,16,15,12,11,14,8,29,23,59,39,42,16,18,43,15,9,32,43,8,32,62,14,22,31,10,14,12,23,19,30,31,29,14,65,25,16,25,8,12,22,26,24,43,11,23,6,8,24,21,10,39,11,58,10,31,10,32,21,9,64,73,8,58,41,15,35,23,12,5,16,44,22,26,44,9,27,15,36,11,11,8,141,17,55,50,10,18,53,26,11,47,22,28,8,12,17,29,33,13,37,25,20,19,11,22,21,23,21,9,28,55,16,30,29,13,24,11,37,16,10,30,48,13,20,63,25,50,34,40,47,40,13,45,10,19,16,46,12,29,32,39,72,18,13,25,40,44,6,106,19,12,40,66,30,33,31,8,26,37,32,9,17,10,47,35,18,39,22,33,48,42,19,15,9,14,54,29,9,21,89,30,20,27,33,23,34,26,42,15,17,40,27,22,44,43,19,12,9,28,23,40,93,41,31,32,29,38,17,44,28,34,11,34,28,33,44,8,30,11,36,40,33,36,36,35,35,29,10,56,39,22,9,13,35,31,16,57,41,15,22,6,10,18,10,15,17,15,14,9,28,18,14,11,42,34,24,18,22,17,33,16,31,20,14,25,9,27,20,109,12,42,14,9,43,35,35,8,23,0,15,19,26,23,19,20,26,9,9,19,39,12,12,15,43,12,23,20,87,21,27,27,13,25,15
17,97,37,31,18,13,32,27,37,20,10,44,28,20,39,24,34,23,15,16,16,38,18,33,16,39,44,9,15,11,17,16,11,10,70,16,20,30,43,12,49,16,7,48,21,13,15,7,18,14,16,32,26,53,23,37,18,14,49,15,16,36,43,16,17,69,9,25,32,15,12,15,29,18,30,34,30,10,61,7,17,19,14,16,21,24,32,47,16,7,12,14,14,14,11,40,17,60,17,31,18,40,20,13,72,73,15,51,47,12,23,26,18,15,11,43,21,31,42,17,17,11,39,11,17,14,138,9,53,50,14,21,54,25,16,40,23,17,12,18,14,26,29,17,19,18,4,16,17,6,26,26,21,17,26,55,20,21,28,5,23,18,30,13,16,28,48,12,7,58,20,51,32,33,43,43,15,51,15,2,6,47,15,23,28,32,69,5,17,21,38,43,10,106,8,9,34,58,27,28,30,18,24,39,34,17,26,17,46,33,4,40,28,29,42,28,13,20,18,9,58,19,10,19,85,31,19,30,37,15,33,32,40,2,7,36,22,25,42,45,25,18,18,37,28,39,93,43,24,28,23,29,24,38,22,31,18,33,17,35,32,18,37,16,36,42,31,41,38,42,34,25,17,57,32,11,15,2,25,35,32,56,34,19,29,16,18,3,16,3,15,23,8,19,27,20,16,17,43,35,20,10,19,13,19,9,27,25,12,10,16,29,19,113,18,44,6,14,42,28,27,12,16,15,0,14,24,17,2,14,20,19,9,18,37,14,16,15,39,16,15,22,93,17,22,32,6,23,17
21,97,43,34,16,13,38,32,35,23,16,48,37,13,32,29,42,17,22,17,23,38,12,33,19,39,40,8,11,27,19,17,15,17,72,21,19,30,48,15,49,19,20,53,20,15,21,7,20,6,20,37,23,61,24,44,23,29,50,21,19,36,49,20,17,72,8,23,30,16,15,20,23,18,35,39,35,19,66,17,23,29,19,20,28,30,31,55,19,9,22,15,20,20,20,38,17,60,21,25,18,44,21,18,75,75,16,49,52,13,27,20,15,17,23,45,22,32,46,17,17,21,39,21,22,21,143,20,49,55,19,22,63,33,18,39,21,29,21,21,12,30,30,17,23,30,18,20,18,18,25,17,24,18,16,57,20,18,36,10,27,20,38,6,21,34,51,19,15,58,24,53,33,39,48,45,22,53,18,15,11,49,18,27,29,42,72,14,16,13,36,44,21,104,13,6,35,61,27,33,30,17,28,33,36,18,27,18,44,29,18,44,27,34,34,34,19,22,23,18,57,24,16,20,95,32,15,28,37,21,32,35,44,8,14,41,21,23,42,49,19,15,15,33,31,36,88,43,26,23,31,39,24,40,23,36,15,32,17,39,42,17,34,21,40,39,34,42,42,44,38,34,15,60,28,26,16,11,21,39,29,59,38,23,32,19,19,12,21,16,13,20,12,17,27,20,22,19,48,38,23,21,21,16,20,10,15,29,19,19,19,33,23,112,19,43,18,20,43,27,32,20,22,19,14,0,24,21,15,16,24,15,12,17,40,19,18,14,39,18,21,21,92,11,31,34,8,28,22
29,104,40,37,29,21,36,25,42,32,27,48,22,24,32,1,45,31,31,27,30,36,27,35,30,43,46,25,26,24,29,30,26,27,69,28,32,39,20,21,51,27,24,49,31,29,26,22,28,29,30,29,34,45,42,40,27,27,46,30,28,39,50,28,31,62,26,35,24,25,26,28,27,28,36,39,37,26,61,25,29,22,24,29,28,37,33,45,26,27,29,26,30,27,26,29,28,58,27,30,28,33,27,28,69,64,27,38,43,23,38,30,30,25,20,45,21,35,44,28,23,26,45,25,28,27,138,21,50,49,27,30,42,34,28,44,31,29,29,29,26,25,27,31,31,36,28,25,29,23,34,19,25,27,30,55,26,31,33,22,26,28,37,23,26,27,41,26,23,39,30,48,27,15,29,44,26,51,27,25,25,44,25,25,25,38,70,23,28,27,26,50,29,94,19,30,33,56,31,11,39,28,23,40,38,27,32,28,50,26,26,34,32,30,46,32,25,30,27,21,57,25,25,31,64,29,23,27,39,33,38,37,38,21,23,34,23,35,47,47,31,30,28,41,38,45,95,46,29,25,27,37,34,42,27,28,30,38,28,35,41,28,36,29,43,42,34,44,39,35,25,30,29,55,32,25,30,25,39,36,32,52,33,29,33,30,28,22,26,26,26,25,25,27,26,30,31,28,42,34,22,25,28,23,29,23,33,32,27,31,26,31,29,114,26,41,27,26,40,25,32,28,27,26,24,24,0,33,23,24,18,30,26,31,38,26,26,28,47,27,20,29,93,24,18,30,22,25,28
25,102,32,22,23,20,33,35,41,19,10,42,34,8,37,33,41,14,24,10,28,38,28,31,22,42,47,10,14,17,26,23,12,13,62,26,26,35,38,16,43,27,17,40,22,8,24,19,27,12,20,35,22,54,33,32,11,20,47,29,20,33,46,26,25,61,11,29,29,24,21,27,32,22,38,39,38,20,62,12,24,25,27,26,18,20,20,54,28,16,25,26,10,12,21,37,27,66,26,30,27,43,17,25,63,71,27,43,49,20,36,28,28,27,8,50,9,31,37,26,12,20,31,25,26,27,138,12,50,43,26,30,55,25,26,38,26,24,26,27,14,34,26,26,24,29,18,23,24,16,23,31,13,27,30,50,22,29,37,16,22,27,31,14,27,31,31,23,17,55,24,52,36,36,39,44,25,48,27,15,18,40,28,14,24,30,69,18,28,23,37,37,23,106,12,23,40,62,35,31,31,28,24,43,40,27,27,27,47,34,18,44,27,31,45,36,18,20,24,21,59,19,10,24,89,31,7,26,35,13,35,37,46,18,18,41,25,29,45,47,27,28,21,34,18,33,97,48,24,20,29,31,21,22,12,32,28,35,16,36,36,28,25,26,45,40,28,43,39,44,28,25,27,61,34,19,26,16,24,37,18,59,37,27,29,23,27,11,27,18,17,19,16,20,29,26,26,25,48,28,17,16,18,11,30,9,30,28,18,19,27,38,25,107,23,46,14,22,41,28,23,21,4,23,17,21,33,0,17,15,24,27,19,27,28,27,27,18,43,27,24,22,91,17,23,34,10,25,26
19,92,38,26,17,19,33,29,34,12,10,35,33,9,42,23,41,19,16,11,17,35,19,33,17,36,46,13,16,11,16,19,8,13,71,16,18,27,44,6,49,17,5,51,22,10,19,5,18,11,17,33,24,62,24,34,17,12,48,19,15,34,44,16,12,71,13,22,34,18,17,16,28,16,35,39,35,13,62,13,19,12,16,17,26,26,33,48,16,13,18,18,9,9,15,33,16,61,19,28,18,41,17,15,74,68,14,51,47,12,29,25,20,16,18,44,19,30,49,19,9,11,39,15,17,14,136,14,50,49,14,22,59,33,18,42,25,15,19,18,13,21,27,19,26,30,5,16,18,10,27,25,18,19,19,54,26,11,27,5,24,18,31,6,16,28,43,19,9,56,21,53,33,38,46,39,18,51,18,10,10,46,16,22,24,33,72,5,19,7,41,44,15,107,8,13,33,58,24,35,32,18,24,39,36,19,25,18,44,30,7,39,30,26,39,28,16,22,17,12,55,16,18,17,90,22,21,30,35,15,34,32,37,5,5,33,23,22,45,50,23,20,19,37,31,35,90,45,21,26,27,38,26,36,21,28,20,34,12,39,39,18,31,16,37,43,34,42,42,41,32,29,19,57,31,14,16,8,15,36,31,55,36,23,31,16,18,6,16,1,3,24,16,18,23,19,19,20,43,31,21,4,17,8,22,1,28,27,12,8,18,30,20,110,18,44,18,18,39,20,22,20,15,19,2,15,23,17,0,7,17,21,11,20,36,17,16,2,38,18,14,19,92,5,20,35,3,27,17
21,96,34,32,20,21,36,29,37,21,18,41,33,7,44,24,35,28,19,16,22,40,22,33,16,38,45,15,22,15,21,22,14,20,70,20,22,28,45,22,49,17,16,51,22,13,21,13,22,13,20,33,22,49,32,36,24,17,50,23,20,38,45,20,17,68,15,24,27,17,14,18,21,17,28,34,28,15,57,17,22,24,21,20,25,22,32,48,21,7,22,19,15,16,15,39,18,62,23,29,22,40,22,20,71,74,18,53,47,20,24,28,19,20,8,47,24,34,48,21,15,18,39,15,19,21,135,19,55,53,18,25,56,29,21,47,25,21,21,21,9,27,18,21,26,20,3,23,21,18,26,29,22,19,24,49,25,22,32,18,24,22,32,19,21,22,42,19,15,58,23,50,34,37,47,40,22,48,21,15,16,50,21,17,27,35,69,4,20,14,34,45,17,107,15,13,34,59,27,33,31,20,27,35,34,19,23,22,44,31,6,44,29,32,44,31,8,23,21,19,58,19,18,19,88,27,21,25,40,21,38,33,42,3,14,38,20,24,46,50,22,19,13,30,36,29,90,43,17,27,24,38,24,43,23,33,19,38,16,38,42,20,32,19,37,44,27,41,38,42,35,24,20,58,31,23,21,6,26,40,29,49,39,18,31,16,22,5,21,8,4,22,14,18,30,21,22,21,44,33,26,3,19,12,23,11,27,29,21,18,21,33,20,113,17,41,20,23,35,26,22,20,20,20,14,16,24,15,7,0,18,23,17,20,36,21,21,14,39,21,21,21,91,19,21,30,5,28,21
28,97,40,31,24,24,34,31,37,24,22,41,28,17,39,17,39,23,22,25,27,29,30,26,24,39,43,19,24,22,28,20,26,27,69,26,27,30,44,26,41,26,25,45,21,20,20,22,29,19,28,42,27,52,29,33,22,13,48,27,25,39,47,26,18,69,18,24,30,24,19,25,24,24,33,39,33,24,61,10,26,26,24,26,24,23,22,50,28,10,26,26,21,23,22,30,25,63,23,26,29,35,21,24,69,64,27,46,37,25,32,28,27,27,9,45,23,35,29,28,17,27,38,25,27,29,128,21,44,53,23,31,53,26,27,33,23,19,27,27,20,28,36,21,26,36,23,24,29,10,29,27,9,28,28,58,30,21,32,26,24,29,26,27,26,5,46,25,27,45,8,50,35,18,39,38,22,54,25,21,27,42,27,23,30,28,55,17,25,18,39,46,28,98,19,22,39,51,31,30,32,26,28,45,37,28,31,28,49,32,17,36,35,28,41,37,27,27,26,22,51,30,18,22,86,27,19,27,40,10,28,35,38,17,22,37,30,24,42,43,33,27,29,32,32,24,97,45,31,31,25,28,25,38,18,32,26,28,16,40,19,26,25,27,39,43,25,42,40,37,41,20,26,57,31,20,25,21,16,37,20,48,39,29,29,21,28,18,26,19,19,26,21,28,29,23,23,28,47,33,21,14,26,21,33,22,28,31,18,12,26,34,29,113,24,44,21,21,34,30,23,28,22,26,20,24,18,24,17,18,0,22,20,31,37,27,28,14,42,26,17,26,93,17,6,39,22,26,25
14,96,46,36,7,22,39,33,38,21,14,47,36,19,47,29,32,29,11,18,16,42,10,23,16,32,36,16,15,26,12,13,15,20,73,15,26,34,47,16,45,16,17,50,23,17,6,19,16,13,15,36,21,57,34,47,27,22,48,12,14,36,51,14,24,72,15,17,33,13,13,14,21,20,34,34,33,16,68,18,17,32,11,14,31,24,32,47,15,17,13,13,21,20,9,41,14,61,11,28,9,37,21,7,74,73,17,53,45,19,33,23,11,11,19,47,20,31,47,8,22,17,34,7,15,16,132,19,53,56,11,17,58,30,4,51,20,27,10,4,18,35,30,10,29,31,23,20,7,20,24,32,23,9,25,58,22,28,37,16,26,16,39,19,16,28,47,17,21,57,21,54,36,42,45,41,10,51,9,21,17,46,16,28,33,39,66,18,10,21,42,48,16,112,19,15,41,57,30,32,31,12,26,40,31,9,25,6,51,33,17,36,26,36,48,37,26,22,16,18,52,25,14,18,94,34,23,35,36,18,36,31,44,19,16,42,31,17,36,47,22,11,24,35,27,41,96,37,36,30,34,42,23,45,23,33,10,36,20,33,38,12,36,15,40,39,35,40,41,38,34,26,8,58,35,23,11,14,33,33,22,61,38,19,30,5,12,17,16,16,21,18,17,13,31,12,10,13,51,38,29,21,28,21,34,16,31,30,12,25,16,31,25,108,16,48,16,11,44,35,29,11,22,9,19,15,30,27,21,23,22,0,14,15,38,9,15,19,38,13,23,30,95,19,31,29,21,28,16
15,99,40,29,14,16,36,24,36,20,14,42,31,17,41,26,36,23,14,15,15,40,11,32,11,37,40,3,11,16,12,13,13,13,69,14,21,31,41,15,48,9,11,46,19,9,14,2,13,10,11,32,26,58,28,42,17,25,46,16,22,36,46,11,25,70,3,25,32,13,9,12,27,17,34,36,34,13,61,17,14,25,15,14,29,23,32,41,14,15,15,14,21,18,12,40,12,61,12,26,12,41,15,15,72,73,10,52,48,4,32,24,14,9,15,44,16,30,42,12,21,13,37,12,15,10,140,13,53,50,11,21,56,30,12,46,23,24,14,13,11,26,21,13,29,25,11,16,13,15,25,31,15,13,22,56,19,29,30,11,25,13,39,13,15,29,48,16,13,61,26,51,33,37,43,46,15,51,11,11,5,48,13,21,27,33,69,17,14,19,38,46,14,106,19,5,39,59,26,30,29,14,25,36,33,13,24,12,43,32,11,42,31,27,46,35,21,19,16,9,58,24,4,17,90,28,18,25,36,19,31,30,38,8,13,36,20,25,40,48,21,14,19,33,35,40,88,40,29,29,24,36,25,41,21,34,14,31,18,35,37,14,29,14,40,42,28,41,35,42,33,30,11,55,30,16,11,1,27,35,31,54,39,22,31,15,12,9,15,11,13,23,6,17,26,15,14,15,45,31,22,11,18,7,29,8,29,27,18,25,11,33,22,108,19,39,8,17,41,32,21,13,18,9,9,12,26,19,11,17,20,14,0,17,40,10,12,4,39,14,28,21,92,17,24,31,10,26,14
16,96,45,35,13,22,41,35,42,23,20,48,35,23,49,31,41,30,16,18,18,43,12,32,18,29,41,18,20,28,15,21,18,21,70,17,21,38,51,19,48,18,19,51,28,16,18,14,11,14,16,38,27,58,38,45,25,23,53,14,14,38,48,11,33,72,18,17,37,16,21,18,24,23,35,39,34,21,70,26,20,31,12,17,32,32,36,52,20,24,16,11,26,24,19,42,20,63,18,31,9,44,21,18,74,80,14,60,51,17,35,24,7,18,23,46,25,31,50,10,28,17,38,14,17,12,141,23,57,56,12,14,58,36,8,50,20,31,20,2,24,34,36,19,36,32,19,20,9,26,25,30,28,11,30,57,25,28,38,15,24,11,40,18,18,33,47,17,19,64,28,54,38,42,52,42,21,53,10,20,18,50,20,33,32,41,75,22,15,27,41,49,17,110,21,17,37,66,34,30,34,14,33,36,28,11,22,8,44,40,23,37,29,37,47,40,24,20,16,19,58,28,17,25,93,34,25,32,34,26,37,35,44,20,18,42,29,17,41,50,19,7,21,36,34,39,96,35,29,33,32,42,26,49,29,38,6,37,24,36,43,14,37,17,45,42,34,43,44,46,39,30,9,60,39,28,12,18,32,36,31,60,43,23,33,17,10,19,18,21,24,24,21,16,30,19,20,21,49,39,30,21,30,19,34,20,37,24,21,31,11,30,25,106,18,49,16,17,44,31,36,18,26,19,18,17,31,27,20,20,31,15,17,0,40,10,17,20,37,14,27,25,91,27,30,34,21,31,18
39,106,35,34,36,41,20,38,43,40,36,43,41,34,40,39,38,35,35,30,34,36,39,45,38,51,52,35,30,22,37,39,40,38,58,38,36,23,46,42,45,37,36,53,32,35,36,42,38,41,35,30,42,59,23,27,41,34,47,40,38,42,44,37,34,57,36,25,33,38,38,38,27,34,39,41,40,38,58,38,35,29,40,38,31,35,33,45,39,40,39,35,38,40,35,41,33,48,28,32,38,38,27,37,58,67,38,43,35,39,32,45,40,34,38,50,27,35,38,38,32,37,41,40,39,37,137,27,56,54,36,47,46,26,39,27,39,37,38,41,36,39,35,36,29,45,39,40,39,29,33,21,23,39,40,47,36,39,31,39,38,38,41,35,40,39,41,36,43,61,37,56,32,38,43,35,36,43,37,35,38,46,39,27,37,36,68,39,39,36,34,50,31,103,34,38,40,63,43,40,29,39,40,44,46,39,21,38,50,36,26,37,39,17,39,25,42,30,39,38,55,38,34,39,87,39,33,18,25,37,39,45,28,28,34,37,39,25,52,48,42,40,39,20,33,30,91,46,35,20,43,19,27,43,28,32,41,39,27,16,36,39,38,38,40,48,35,38,40,28,25,32,40,58,39,33,36,39,34,21,42,55,33,34,35,37,38,38,40,32,34,31,38,36,42,26,29,38,51,38,42,38,35,43,38,37,34,32,35,33,40,45,34,114,30,30,39,35,28,37,23,36,31,39,37,40,38,28,36,36,37,38,40,40,0,36,38,38,48,38,30,40,94,37,31,36,38,45,39
10,98,40,34,8,20,38,31,37,23,10,44,33,25,44,26,35,26,9,13,8,41,4,29,12,32,43,15,16,22,3,14,13,19,70,7,24,34,48,13,45,3,16,51,26,17,11,15,7,16,13,35,23,58,36,41,19,26,49,10,17,34,46,7,31,70,15,17,33,10,12,6,30,19,33,33,32,11,66,23,11,23,4,8,25,28,26,52,5,23,13,1,20,22,5,40,5,61,10,29,5,41,21,9,72,79,2,56,52,14,34,25,8,3,23,44,17,32,46,6,26,15,34,6,9,2,137,18,53,52,4,16,56,30,3,42,18,27,9,7,19,31,34,12,32,27,19,18,4,23,24,29,27,2,29,53,18,30,34,15,26,7,37,17,6,32,46,13,18,60,27,48,33,39,47,42,11,47,5,17,16,46,9,28,31,36,71,19,6,20,40,46,11,108,19,11,33,64,30,27,33,3,27,37,33,2,20,5,42,36,21,38,23,31,45,38,23,20,13,16,56,26,11,19,92,30,19,33,30,23,36,31,41,17,15,39,28,17,43,49,19,8,21,31,34,40,90,38,31,27,30,40,22,40,27,34,8,36,24,34,41,3,34,8,38,32,34,42,41,39,35,27,5,56,33,22,7,12,34,34,29,58,35,17,29,14,6,18,6,17,20,22,11,15,28,16,7,11,46,37,26,17,26,20,32,12,33,23,19,26,6,30,23,107,16,46,10,15,42,29,30,9,24,12,14,19,26,27,17,21,27,9,10,10,36,0,3,17,36,4,28,25,91,24,24,27,15,30,9
10,99,41,35,4,22,39,34,40,23,10,46,33,24,44,25,39,25,12,16,10,39,3,29,14,31,42,15,17,23,4,13,15,18,70,5,23,38,49,17,45,5,11,49,29,15,8,15,7,17,11,40,25,57,37,39,25,28,47,12,20,33,41,4,31,69,15,20,36,14,14,9,27,20,36,38,36,12,67,23,8,29,6,6,29,30,31,54,8,22,12,4,20,21,7,41,7,59,13,30,5,41,25,12,71,77,5,56,49,14,33,22,10,2,22,44,21,29,48,6,26,11,33,11,9,4,139,22,54,52,6,17,60,36,9,48,21,23,10,15,21,30,33,12,33,28,20,18,6,23,23,30,24,8,25,55,23,26,36,18,22,7,39,16,9,32,44,16,18,62,27,46,35,39,46,41,10,49,5,17,17,43,9,29,31,41,71,19,5,22,41,48,10,107,20,13,41,62,30,32,29,8,29,36,33,8,25,5,44,35,17,45,25,30,47,36,22,23,17,16,56,27,10,20,92,30,24,30,33,21,34,32,42,17,12,39,26,20,40,48,18,10,22,36,32,42,90,39,33,32,29,41,24,43,23,34,10,34,23,38,42,8,37,10,43,37,36,43,42,42,37,28,4,58,38,20,5,12,32,38,29,58,39,24,28,12,6,20,9,17,18,19,10,15,27,14,13,13,46,35,21,20,21,21,32,15,33,26,17,26,4,32,23,102,18,46,14,14,41,34,34,8,20,12,16,18,26,27,16,21,28,15,12,17,38,3,0,16,36,6,27,27,85,25,29,31,14,31,8
19,94,39,31,18,18,39,27,33,20,14,36,28,6,35,28,37,11,20,15,20,37,17,34,15,37,44,10,16,18,18,17,11,17,71,19,25,26,47,12,49,15,14,50,21,13,19,2,18,2,18,42,25,59,23,30,19,21,45,20,18,38,47,18,17,72,10,24,33,19,17,18,23,20,33,35,33,17,66,10,19,29,19,19,26,25,36,51,19,10,20,17,12,12,19,40,19,57,21,15,17,38,15,19,74,73,17,52,47,7,18,16,19,17,8,46,21,30,47,18,20,17,39,19,18,17,137,11,53,52,17,22,60,32,17,48,21,25,21,20,11,29,22,20,17,29,8,20,17,7,24,23,15,18,24,59,20,12,34,10,26,18,28,19,18,32,46,16,9,55,14,52,28,36,36,38,16,53,17,2,14,50,17,27,29,42,72,2,19,8,37,44,17,107,11,15,40,57,29,32,33,13,31,35,32,18,29,17,42,33,10,41,27,34,33,37,6,24,21,4,57,15,14,18,91,30,14,24,38,5,27,34,42,1,14,38,22,24,44,49,18,19,22,30,33,23,84,42,18,28,32,35,28,42,15,34,19,27,7,39,37,13,27,19,41,43,34,43,42,46,30,29,18,57,27,23,17,8,19,38,30,53,40,24,33,20,17,8,18,10,8,23,14,16,29,18,21,20,44,35,20,4,21,7,19,3,31,31,14,10,17,31,20,108,19,47,13,18,45,25,23,20,14,15,15,14,28,18,2,14,14,19,4,20,38,17,16,0,41,18,21,13,94,9,21,32,1,26,18
41,106,42,44,37,39,42,45,47,40,38,50,45,37,46,47,43,43,34,40,33,45,31,46,40,10,24,39,37,43,38,39,37,41,77,40,34,46,54,37,46,39,42,55,39,42,40,38,40,35,39,51,39,58,43,50,42,38,53,44,39,48,53,37,44,71,39,34,37,40,40,41,43,42,44,39,44,40,71,37,41,40,39,39,42,39,48,60,39,36,35,41,35,35,40,50,39,67,36,47,38,44,40,41,67,83,37,55,53,36,44,35,37,36,44,58,45,35,48,37,39,42,13,36,40,39,138,39,65,56,39,27,73,40,35,46,38,44,43,36,38,48,39,44,42,42,40,39,38,34,41,37,41,37,41,53,43,44,41,39,46,40,40,36,37,40,51,36,38,67,39,44,41,45,53,45,34,63,37,36,39,52,40,42,46,48,73,37,38,44,48,54,40,113,40,37,42,66,44,47,47,33,46,21,13,37,49,37,38,40,35,45,42,37,56,35,38,42,44,38,60,46,39,38,103,48,41,41,44,36,44,41,45,39,40,48,38,34,8,52,29,37,38,43,39,49,98,20,47,36,41,37,45,52,37,46,37,44,37,42,44,33,44,40,49,37,43,46,55,48,39,46,39,55,37,43,37,40,46,42,36,66,46,34,44,35,39,41,37,38,41,40,37,42,46,37,30,36,57,41,45,39,43,40,40,41,42,38,41,41,35,38,44,114,39,41,38,41,45,47,39,40,33,43,39,39,47,43,38,39,42,38,39,37,48,36,36,41,0,41,34,37,97,39,48,36,38,42,40
9,96,41,35,6,20,40,32,41,21,13,42,30,24,44,27,36,24,11,16,10,39,8,28,14,40,42,13,18,24,4,8,12,17,68,4,19,32,45,13,44,7,12,47,25,14,4,17,4,16,10,37,23,56,36,42,20,26,45,12,19,32,42,6,31,67,12,19,36,11,12,3,28,21,35,36,35,12,64,22,7,25,5,4,27,28,30,50,4,23,9,4,23,23,7,39,6,63,12,30,4,39,25,12,68,75,6,56,50,17,33,25,15,6,21,45,22,32,46,7,27,12,38,9,5,7,136,19,55,52,3,23,60,31,9,49,19,28,12,14,23,31,33,14,34,34,20,22,13,21,23,31,22,6,31,55,25,26,33,19,26,4,37,21,3,31,44,16,18,63,27,48,34,38,49,40,8,47,4,19,17,44,8,25,26,37,70,16,5,25,40,44,11,108,20,13,38,61,26,29,33,8,27,40,37,6,21,4,45,34,18,43,25,31,45,35,18,22,15,17,55,27,12,20,92,31,22,29,33,23,37,35,41,17,14,39,31,19,42,46,20,15,22,36,36,37,93,44,30,29,31,37,22,45,25,34,15,37,24,35,39,8,37,4,39,36,32,35,39,42,36,28,10,54,32,21,4,13,31,35,28,56,34,20,28,14,4,16,3,17,15,18,10,15,27,13,10,6,45,35,27,16,24,18,30,17,33,23,16,27,5,32,21,107,15,44,18,10,40,30,29,7,17,12,16,18,27,27,18,21,26,13,14,14,38,4,6,18,41,0,27,23,90,23,27,33,16,29,7
29,99,38,32,24,14,35,39,41,22,25,47,37,16,37,21,38,26,26,17,27,36,24,26,25,36,37,13,16,18,24,25,23,27,63,30,28,28,43,24,39,28,19,47,16,20,23,22,30,27,28,38,26,60,31,28,24,26,52,29,25,44,55,28,16,69,14,22,32,26,21,30,29,24,38,42,38,26,62,12,29,28,26,28,24,22,36,47,29,12,29,26,27,25,24,48,27,65,25,34,29,38,18,25,72,74,28,50,48,22,17,5,29,27,12,47,18,32,49,28,15,22,25,28,28,29,138,19,58,52,28,23,59,28,29,37,27,27,26,30,17,30,35,23,26,29,23,29,29,10,33,20,16,28,5,63,30,15,37,25,23,30,36,21,30,21,49,27,22,61,15,54,36,40,37,49,28,57,28,20,28,46,30,22,34,38,67,16,29,11,32,51,25,110,18,27,38,66,33,33,24,28,23,35,34,28,30,29,38,27,18,45,24,23,39,25,27,25,29,27,53,22,16,23,87,30,19,20,37,12,36,39,38,16,20,38,17,22,38,44,26,29,28,29,33,31,99,36,26,25,25,27,24,38,7,31,29,36,14,41,31,28,27,30,39,32,42,39,46,48,34,25,28,62,21,20,28,18,17,39,27,59,40,28,30,26,29,22,30,19,25,30,24,30,32,24,22,30,49,33,32,15,22,16,30,26,25,34,19,23,27,33,32,111,25,46,24,21,30,34,21,26,23,23,15,21,20,24,14,21,17,23,28,27,30,28,27,21,34,27,0,15,94,10,25,36,14,33,25
27,101,39,28,22,6,22,33,32,25,23,34,28,17,31,28,36,12,21,9,19,39,23,33,17,41,43,17,14,18,24,24,19,26,64,24,29,28,35,16,50,25,15,46,21,23,25,10,24,14,20,37,24,56,27,34,16,25,43,24,22,38,35,24,30,70,16,20,32,26,22,24,18,20,33,34,32,21,66,12,23,9,18,24,15,23,15,41,25,12,21,20,8,11,18,41,22,56,20,25,24,35,12,18,68,76,20,50,37,19,24,19,28,21,21,40,8,28,32,23,15,20,38,18,24,20,140,9,50,52,21,29,49,16,22,34,26,19,24,24,10,26,27,27,17,15,15,24,25,21,21,14,13,22,26,57,13,13,30,21,22,24,36,14,24,30,35,24,15,57,25,52,33,36,46,28,20,47,23,16,21,40,24,22,24,31,65,16,23,17,32,40,14,107,25,17,36,62,14,19,17,23,17,37,37,22,19,24,48,27,26,37,23,24,28,23,16,16,16,15,58,16,19,25,70,28,22,24,28,12,39,29,35,20,16,35,20,20,45,41,27,28,26,36,33,38,93,44,13,19,17,33,21,40,24,34,29,39,22,36,40,23,30,23,27,34,24,36,31,29,34,22,28,58,17,24,24,16,22,30,25,58,23,17,23,18,24,24,24,13,16,17,20,18,21,20,20,25,42,28,25,17,14,7,10,18,26,21,23,15,24,24,23,108,21,35,26,24,31,25,13,23,26,20,22,21,29,22,19,21,26,30,21,25,40,25,27,13,37,23,15,0,88,21,26,22,14,26,22
93,99,96,94,89,92,87,96,93,92,94,91,85,92,86,93,98,87,84,91,92,91,90,100,94,96,98,90,96,93,92,95,92,92,92,91,88,84,87,94,107,92,92,91,92,91,90,94,92,92,90,84,87,99,93,84,86,91,81,93,87,81,86,90,97,100,90,88,86,88,93,92,87,90,93,97,93,94,104,90,93,86,89,92,97,96,95,94,90,93,81,91,94,95,92,99,94,88,95,85,90,86,95,91,97,92,85,95,90,92,74,87,91,88,93,91,87,88,95,89,81,92,100,88,93,86,156,93,92,90,93,96,73,92,89,89,93,92,91,92,95,88,85,94,84,85,88,94,91,94,88,90,93,88,86,82,88,89,94,94,89,92,96,93,89,93,87,91,88,87,91,95,99,94,99,75,92,104,89,95,96,90,93,91,93,87,103,96,90,86,78,90,93,117,97,95,101,85,86,95,78,89,84,101,96,88,88,90,100,95,92,94,90,82,73,90,92,91,94,95,43,80,87,92,94,87,91,92,91,90,85,89,81,93,92,83,92,88,96,98,88,91,92,95,89,71,90,99,92,80,94,91,96,99,90,90,91,85,96,93,92,89,69,92,88,95,85,95,92,80,90,90,88,88,86,94,88,95,91,95,96,97,88,89,96,90,91,96,89,94,89,92,94,94,92,90,95,94,97,93,94,94,88,95,78,93,88,92,92,94,87,93,99,46,83,93,96,88,89,87,90,94,95,87,93,92,93,91,92,91,93,95,92,91,94,91,85,94,97,90,94,88,0,97,91,94,92,96,93
23,93,39,24,19,21,33,26,35,23,19,45,31,1,36,24,43,17,19,21,24,36,24,28,16,42,47,15,7,13,22,23,19,21,60,23,20,32,48,16,41,24,12,45,14,16,18,15,25,7,22,41,23,46,22,25,8,17,49,27,19,39,49,23,12,70,15,18,23,20,18,24,20,20,38,40,38,20,56,11,24,25,19,22,19,17,31,50,24,5,25,24,19,17,18,43,23,60,17,21,25,36,16,19,72,72,24,52,47,20,17,19,27,24,6,50,13,34,45,24,15,18,31,20,22,24,135,15,54,52,24,26,58,27,26,37,21,28,24,27,12,30,29,19,21,27,7,19,25,3,28,17,15,26,20,56,26,15,31,5,21,25,30,8,23,22,47,21,9,57,8,51,37,42,32,42,20,53,24,5,18,43,24,23,24,37,64,5,24,5,36,44,22,110,15,17,39,60,30,28,36,23,22,41,35,26,21,25,44,35,5,38,21,30,26,20,6,23,19,22,46,27,17,15,90,30,10,31,34,10,38,35,42,10,16,40,29,18,47,42,25,27,26,34,33,18,96,45,20,22,27,25,18,23,8,32,27,38,11,39,26,23,14,23,40,36,31,40,44,43,29,25,25,62,20,20,22,18,11,37,26,56,37,21,32,22,25,12,23,5,9,15,18,22,30,18,22,23,45,24,24,15,14,16,21,6,29,31,12,9,23,31,24,114,17,46,10,17,37,31,16,25,15,21,17,11,24,17,5,19,17,19,17,27,37,24,25,9,39,23,10,21,97,0,25,33,6,34,23
30,102,41,20,29,17,33,32,35,27,22,43,20,22,44,17,39,22,29,24,21,39,27,34,26,40,43,22,22,22,27,29,30,26,71,27,28,27,41,25,51,25,22,51,23,21,29,27,27,27,25,29,28,60,32,38,25,17,44,29,29,33,47,27,26,68,21,31,28,19,28,27,21,24,37,36,37,25,66,28,29,21,25,26,30,26,28,37,25,16,21,24,22,19,26,35,25,59,28,26,27,38,20,23,67,72,26,60,47,29,28,30,29,24,21,50,25,36,43,28,26,25,45,28,25,27,133,12,53,50,26,33,47,31,30,40,31,23,27,29,25,31,32,27,28,32,22,27,28,18,30,24,16,26,31,59,23,21,31,28,26,27,30,29,24,10,38,26,28,49,22,48,30,23,31,35,27,51,27,23,27,44,28,26,26,30,64,19,29,27,38,41,23,105,20,26,35,54,25,28,33,29,24,43,43,26,25,27,52,36,19,45,19,29,45,36,17,24,26,27,55,20,24,25,75,23,21,26,38,20,37,30,40,24,21,37,27,31,44,43,31,29,30,36,34,36,92,47,28,22,25,34,33,44,24,33,28,37,26,43,30,29,26,28,39,39,26,42,39,30,34,10,25,58,35,16,28,23,29,42,31,49,35,31,34,27,27,23,24,21,16,30,25,27,21,29,29,29,44,30,14,18,21,17,32,24,30,25,23,17,28,32,30,109,25,37,25,27,39,22,36,24,32,27,22,31,18,23,20,21,6,31,24,30,31,24,29,21,48,27,25,26,91,25,0,33,16,26,28
32,100,46,35,33,34,34,32,41,25,31,43,30,34,50,29,42,33,29,29,23,39,30,37,34,38,42,31,32,34,34,29,30,34,67,31,31,26,44,32,54,27,27,51,30,28,32,33,33,33,30,30,26,64,40,48,33,36,53,31,25,23,34,31,33,68,31,28,31,24,32,31,28,29,42,42,42,28,73,30,31,26,27,31,28,26,31,53,32,34,26,31,31,31,30,44,29,66,24,35,33,43,30,28,75,76,27,59,54,33,30,37,34,30,35,54,34,29,43,32,35,26,39,28,31,26,149,33,48,47,32,37,54,37,34,45,32,36,26,31,35,37,31,32,24,37,32,32,32,35,27,26,36,33,33,57,11,33,40,35,31,33,38,34,32,39,48,26,32,65,32,50,41,39,48,47,31,34,32,32,30,43,32,32,34,39,76,33,30,34,44,50,23,110,33,32,41,71,36,34,38,30,21,42,43,33,17,33,52,38,35,48,31,22,55,32,24,25,15,33,60,32,32,28,97,36,26,34,36,34,42,34,42,30,30,44,37,28,47,42,39,34,27,21,35,34,89,42,27,32,35,38,21,46,39,38,34,42,35,27,42,30,27,30,41,45,39,41,41,44,36,30,33,58,38,36,32,31,33,27,25,61,40,20,31,30,33,31,32,34,33,20,33,19,34,26,25,32,44,29,35,30,29,32,31,32,28,19,35,37,32,31,26,107,30,37,33,35,29,30,34,28,36,27,32,34,30,34,35,30,39,29,31,34,36,27,31,32,36,33,36,22,94,33,33,0,31,37,33
19,90,38,24,18,13,36,28,38,21,9,48,32,20,35,22,38,26,20,7,20,36,17,33,17,35,43,16,7,23,19,22,13,13,70,16,20,27,45,10,50,14,12,53,18,12,19,2,18,6,18,39,21,56,33,31,8,12,46,20,18,36,45,15,26,69,16,21,30,16,17,18,19,16,33,35,33,15,66,6,17,18,16,17,28,23,31,50,14,20,19,18,14,14,13,43,18,56,20,14,17,35,26,18,72,77,17,53,44,15,24,16,19,16,11,46,23,30,46,18,22,16,39,15,15,17,137,12,52,52,17,22,59,28,17,45,22,22,17,22,14,29,26,19,16,25,3,21,18,13,25,28,17,16,26,55,20,22,31,6,25,18,31,13,17,30,43,17,15,62,25,51,28,39,40,37,19,52,16,1,16,50,13,26,28,35,71,16,19,22,43,41,18,105,11,13,40,58,30,33,30,13,19,37,34,16,26,17,45,34,8,40,25,32,34,26,6,24,16,7,59,14,8,16,89,28,12,24,36,10,27,33,43,8,12,38,21,21,43,48,18,19,16,30,30,40,92,42,18,28,29,34,24,34,11,33,19,27,8,37,35,13,36,17,41,44,28,41,42,41,36,30,18,57,26,18,17,4,26,37,30,57,39,23,30,17,17,7,17,11,14,23,16,17,26,19,18,20,43,34,23,16,17,9,18,14,22,29,17,19,17,35,24,108,17,47,13,17,39,30,27,18,11,13,6,8,22,10,3,5,22,21,10,21,38,15,14,1,38,16,14,14,92,6,16,31,0,31,19
31,101,42,28,28,15,26,26,38,27,24,48,26,28,42,24,15,29,29,23,27,37,27,31,26,43,47,26,22,20,31,28,26,29,66,30,32,32,39,25,45,29,23,24,30,27,27,26,31,29,25,12,30,55,41,25,28,28,44,30,29,37,43,28,29,66,25,33,38,26,25,29,25,28,11,12,10,28,54,31,27,25,27,30,36,31,27,42,28,28,26,29,31,28,27,38,28,63,29,15,31,31,25,30,69,74,30,47,32,27,32,32,31,27,26,35,14,33,41,30,27,27,46,23,30,29,136,21,45,43,28,33,54,15,32,44,32,27,31,31,16,6,36,26,23,15,29,30,31,33,31,23,34,31,33,53,31,19,21,29,26,31,27,27,30,28,38,28,16,53,27,50,26,32,43,32,26,50,29,27,27,46,29,25,26,11,74,26,29,27,32,40,25,108,23,30,28,63,6,23,27,27,19,41,37,31,34,31,44,9,24,28,35,30,40,43,21,27,25,25,60,22,24,29,63,6,31,24,38,32,32,33,28,26,26,27,38,33,47,50,32,31,32,37,40,31,95,47,28,29,2,39,25,39,32,21,31,32,25,37,43,27,32,29,14,36,25,44,28,27,34,32,30,60,28,26,29,25,28,38,31,52,33,31,33,27,31,22,30,26,23,29,27,33,4,27,27,30,38,27,28,22,16,22,29,24,25,39,31,30,30,24,32,115,28,40,29,26,39,30,28,27,36,25,23,28,25,25,27,28,26,28,26,31,45,30,31,26,42,29,33,26,96,34,26,37,31,0,29
8,97,42,35,9,20,40,29,40,21,15,47,32,23,43,28,39,28,13,18,11,42,10,28,12,41,44,13,17,21,10,14,15,19,69,5,22,35,50,17,44,10,17,49,29,17,4,14,6,19,11,37,26,59,36,44,26,27,49,14,20,37,47,5,28,68,14,23,31,16,13,8,28,21,36,38,36,11,64,19,11,30,9,7,27,30,31,51,9,20,10,10,24,23,9,38,12,63,11,33,6,44,22,14,70,76,10,54,53,16,36,28,14,11,24,46,23,35,47,5,27,17,39,12,3,11,136,20,55,53,11,25,63,34,12,49,25,27,9,16,18,31,33,15,32,32,21,17,12,22,24,29,28,10,28,56,26,30,34,17,25,6,37,19,5,35,47,18,19,61,22,52,37,38,49,47,13,50,8,17,19,51,9,30,31,38,71,18,13,22,38,46,10,109,18,14,41,62,32,33,36,13,27,40,38,10,25,6,45,36,19,43,30,36,47,38,23,23,15,14,56,29,16,19,93,32,20,31,36,20,37,35,40,16,18,38,29,23,44,47,27,14,22,36,33,39,94,45,33,34,34,40,23,41,27,38,14,37,26,37,40,13,37,7,41,42,34,41,41,44,35,28,11,59,38,24,6,13,33,37,28,59,40,22,29,16,6,19,5,16,19,23,11,12,31,17,11,11,47,38,24,19,27,17,34,19,34,27,20,29,6,30,24,112,21,43,19,15,43,34,34,13,23,15,17,22,28,26,17,21,25,16,14,18,39,9,8,18,40,7,25,22,93,23,28,33,19,29,0
