0,100,43,34,10,23,39,34,38,23,16,46,35,23,44,30,42,27,14,21,13,41,12,26,15,40,43,17,21,27,11,15,15,20,70,6,22,36,48,17,42,10,16,52,27,19,8,17,8,19,14,40,25,59,36,44,25,28,49,12,18,38,47,6,29,68,17,22,36,16,15,8,31,21,38,40,38,12,65,23,12,28,10,6,28,29,34,53,10,23,14,10,24,24,10,41,11,63,13,32,8,43,24,14,70,76,10,54,51,17,35,27,12,10,23,48,25,34,48,6,25,16,40,14,6,10,136,23,55,52,10,23,62,36,12,48,24,28,12,14,21,32,33,15,33,34,20,19,10,23,25,30,27,10,31,57,24,29,36,19,27,8,39,21,8,33,47,17,19,61,26,52,35,41,49,45,13,49,8,19,17,50,10,29,30,41,70,19,12,25,42,46,14,108,19,15,39,61,32,34,35,12,31,39,37,10,24,8,47,36,21,44,29,36,47,39,23,24,18,17,58,29,16,21,92,32,23,34,36,23,38,34,42,19,17,40,29,22,43,46,25,12,21,36,34,41,94,44,33,33,32,40,25,43,27,36,12,38,25,38,43,12,37,6,43,40,36,40,43,43,38,32,10,58,37,24,8,15,33,38,26,58,39,24,32,15,8,19,8,19,21,22,12,16,30,16,11,12,47,37,26,21,28,21,33,19,33,26,19,27,8,34,24,110,20,46,17,16,44,34,33,14,24,14,17,21,30,25,19,21,28,14,15,16,40,10,10,19,40,9,29,27,93,23,29,32,19,32,8
100,0,94,98,97,98,99,99,101,89,101,94,103,99,100,97,99,97,92,94,100,95,99,100,97,104,105,99,98,101,99,93,97,100,96,97,97,97,99,92,101,100,97,88,98,99,97,99,99,94,97,96,98,99,99,94,94,99,93,101,97,90,93,97,99,99,99,97,94,91,98,99,92,94,103,101,103,100,106,94,98,94,98,97,101,101,98,93,93,93,94,101,92,92,95,104,97,97,96,98,99,94,92,98,98,100,100,102,95,99,94,100,101,98,99,104,90,93,97,98,100,98,105,95,97,98,139,96,89,90,97,101,104,97,100,92,94,99,94,101,96,100,102,96,99,103,98,103,100,100,99,92,99,100,100,97,100,94,96,92,93,99,96,103,98,99,93,94,101,102,103,79,97,100,96,97,95,103,99,100,98,92,96,99,97,97,97,92,98,98,98,98,99,114,101,94,102,106,101,91,96,99,100,103,103,100,102,99,102,98,94,105,98,91,98,99,97,101,98,99,95,100,101,96,109,98,97,100,98,101,102,95,96,100,98,100,105,97,107,91,99,101,95,101,99,96,89,107,96,102,101,97,95,96,104,99,101,102,97,96,102,99,100,98,95,104,99,98,102,96,96,99,100,94,99,99,100,98,96,95,91,98,99,97,94,99,99,97,98,99,98,94,95,100,99,96,96,97,102,94,101,96,99,98,95,97,93,100,101,98,98,100,100,98,95,99,99,95,93,99,103,94,99,97,100,99,98,94,98,98,100,96,99,102,103,99,98,95,104,95,102,99,106,99,100,100,99,100,101
43,94,0,31,42,40,39,43,33,44,43,46,43,38,39,45,35,35,40,41,46,31,43,46,41,41,51,39,42,36,43,43,40,41,72,43,39,42,46,38,50,45,38,48,42,41,42,42,44,40,40,37,41,51,40,44,37,39,41,47,43,37,45,43,42,63,39,43,43,41,39,44,41,44,36,39,37,41,59,40,41,38,44,42,45,39,40,46,42,38,43,41,39,39,43,41,40,64,42,40,44,40,37,44,60,72,42,32,51,40,31,42,47,45,41,48,36,44,45,43,37,40,46,42,43,42,136,40,53,43,41,44,64,44,46,28,40,44,46,46,40,40,45,39,37,40,36,46,45,36,38,31,37,46,41,55,43,39,35,41,42,44,34,40,44,43,33,42,39,60,46,52,29,42,49,39,40,62,44,42,41,48,44,43,36,42,69,40,42,40,36,41,45,102,38,40,40,56,35,39,40,43,38,45,43,46,44,44,50,36,40,43,44,42,50,44,40,42,44,42,61,43,39,42,89,39,45,38,40,41,37,46,41,39,40,42,45,43,42,45,46,47,40,42,45,25,96,50,40,40,38,41,44,22,43,37,47,37,39,39,26,43,38,43,39,45,40,39,40,35,42,44,46,59,40,37,43,43,34,38,35,40,37,44,40,46,44,41,44,41,36,41,38,45,37,41,41,43,42,30,35,38,38,41,44,39,43,48,46,42,44,43,49,113,41,39,40,42,39,37,40,39,38,43,41,41,45,41,39,41,40,45,41,47,40,45,44,43,45,44,43,44,98,39,45,40,40,41,44
34,98,31,0,33,31,31,34,37,33,35,42,25,30,41,28,33,31,31,33,35,14,35,39,30,38,48,28,27,35,33,32,31,31,64,33,33,32,44,30,52,34,30,43,30,25,33,32,35,34,33,31,36,50,36,41,29,34,51,38,36,35,46,33,32,63,29,36,39,31,32,32,27,33,32,34,33,31,62,30,33,30,35,32,29,33,25,46,34,29,34,32,28,27,33,44,32,58,34,27,35,37,33,33,67,69,36,43,46,32,38,35,38,33,29,55,26,35,45,34,33,31,44,33,33,35,138,33,54,45,32,36,61,38,35,39,31,28,34,35,32,31,38,33,30,28,33,36,36,29,35,29,35,37,36,44,37,35,30,35,27,35,8,32,34,26,27,32,33,64,37,46,20,36,46,44,32,57,34,34,30,47,34,26,6,32,62,33,34,31,35,47,36,104,34,32,36,61,32,26,29,35,28,47,42,37,37,35,50,27,30,43,35,34,43,38,36,33,35,32,57,34,35,34,85,31,32,36,36,34,30,26,34,32,29,41,37,36,48,46,38,38,30,33,28,39,97,52,29,27,30,35,36,16,32,27,38,30,30,42,19,35,33,32,39,44,36,43,33,46,36,32,35,58,33,26,33,31,27,42,34,35,43,35,36,33,35,35,34,35,33,33,30,35,31,35,34,34,46,10,37,35,33,29,31,32,25,35,31,35,34,31,41,107,35,39,32,33,41,34,27,32,20,35,34,33,27,26,32,36,27,38,31,36,40,35,33,31,48,35,28,30,92,32,35,33,32,31,35
10,97,42,33,0,20,38,34,41,23,12,45,34,21,42,30,41,26,9,18,10,42,6,25,15,38,39,14,14,25,4,8,14,18,66,5,21,31,44,14,40,4,14,49,26,14,8,14,9,14,10,37,22,55,31,38,24,29,48,11,18,34,49,4,28,64,13,18,34,11,15,6,26,21,37,39,37,12,64,19,7,24,5,7,27,30,32,49,7,19,8,2,21,21,6,42,6,60,9,30,8,43,22,7,66,74,4,51,44,14,30,28,9,4,18,51,23,30,46,7,21,15,38,11,8,4,137,16,53,51,5,17,62,33,5,47,23,27,8,15,19,32,33,8,32,31,21,22,7,19,22,26,25,4,28,58,22,27,33,15,23,9,38,18,4,29,45,14,15,58,22,50,32,40,45,43,6,50,6,17,15,47,9,26,31,37,65,16,6,23,38,43,10,107,19,11,34,58,32,33,31,5,32,40,33,4,23,8,48,33,14,40,27,33,47,37,20,21,19,17,51,22,13,18,88,32,18,33,31,17,36,34,42,16,15,41,31,18,39,41,27,9,21,35,30,38,96,39,33,32,31,35,21,45,24,36,9,36,22,37,41,5,34,6,38,35,34,38,44,40,36,23,8,59,36,21,2,15,32,37,22,56,40,16,31,13,8,14,4,15,19,15,12,18,31,10,5,8,48,35,26,19,26,19,29,15,34,24,13,27,3,34,22,106,18,43,12,13,41,31,30,10,20,8,17,20,30,24,18,20,25,7,12,13,36,5,5,16,39,6,27,26,89,20,27,33,16,31,9
23,98,40,31,20,0,37,27,38,19,19,37,33,11,36,18,37,20,19,9,20,38,21,31,18,42,45,17,10,22,22,15,17,20,63,20,21,33,33,11,40,20,11,44,21,8,18,10,21,10,13,30,23,57,34,40,21,14,43,20,25,35,43,20,17,60,17,22,27,19,20,21,22,20,34,36,34,19,58,11,20,20,19,22,30,18,24,34,19,9,16,20,12,14,18,40,19,60,17,28,21,36,19,24,62,68,21,48,43,14,23,18,20,22,11,46,11,32,35,23,11,17,44,21,19,23,133,13,50,45,20,24,51,30,23,41,23,26,20,24,9,25,18,19,30,25,9,23,20,13,22,21,16,21,19,55,21,17,20,13,20,21,34,9,20,28,40,15,9,52,20,47,31,33,45,42,16,50,21,14,16,45,21,28,24,34,63,10,23,15,28,37,23,104,16,22,37,52,26,29,35,21,23,43,37,21,22,21,48,23,10,38,25,30,45,33,10,18,24,10,54,12,22,21,75,26,14,26,36,8,37,34,36,16,11,35,32,22,43,43,25,20,16,36,28,38,90,46,14,27,16,33,19,36,17,32,20,37,18,38,33,21,29,21,34,38,37,40,44,40,38,26,23,56,31,14,22,17,17,38,24,54,36,24,34,21,21,14,20,13,10,19,16,19,21,20,22,20,41,32,24,13,12,4,28,11,30,22,20,16,20,25,21,110,22,37,18,22,35,25,30,21,15,24,16,11,19,24,18,16,23,21,20,25,36,22,20,13,43,20,15,8,91,11,17,32,14,20,24
39,99,39,31,38,37,0,40,40,32,36,34,39,32,32,42,37,40,34,36,39,36,38,39,37,39,44,26,26,31,39,32,30,35,65,36,37,28,39,37,42,38,32,46,35,30,38,32,38,36,34,39,36,36,20,21,32,33,50,39,31,29,40,36,34,61,27,38,31,35,37,36,34,32,32,38,32,37,47,33,36,37,33,37,38,36,39,40,38,37,38,37,37,35,37,45,38,57,38,36,38,41,35,32,67,70,35,39,35,36,30,37,39,34,27,53,33,32,39,37,23,35,37,36,38,35,135,28,52,46,35,44,58,33,41,40,36,36,37,40,34,39,38,34,37,38,32,34,39,32,36,31,28,40,42,54,36,36,33,37,33,38,39,42,39,33,39,35,33,53,33,47,38,40,41,38,32,43,38,36,37,46,36,32,35,39,62,37,35,31,35,55,37,106,32,36,39,47,38,34,38,38,25,45,47,40,39,38,50,17,31,43,38,13,45,35,39,36,35,38,59,29,33,35,82,28,31,16,39,29,37,32,37,32,35,39,38,38,39,46,42,39,32,34,34,31,96,47,28,24,33,33,30,38,35,17,39,37,31,29,32,38,30,36,43,35,41,40,42,36,22,32,38,55,22,33,38,32,27,32,35,53,28,36,34,34,38,38,39,33,40,35,38,40,35,35,35,38,52,37,38,37,31,40,32,32,31,37,36,38,35,40,38,100,32,19,38,37,16,36,32,35,28,35,35,38,42,33,32,33,31,37,39,39,35,37,37,37,38,35,34,34,87,33,33,37,36,32,38
34,99,43,34,34,27,40,0,39,33,30,50,30,34,35,16,40,35,33,29,34,26,33,37,28,45,47,23,26,28,34,34,22,34,68,34,34,35,44,31,49,31,33,51,34,32,32,28,34,36,30,38,35,51,37,42,33,29,51,34,34,35,44,34,39,71,23,35,36,32,28,33,33,35,39,37,39,30,54,33,34,34,33,34,36,28,34,55,34,32,34,32,34,34,32,35,35,62,36,32,34,42,29,33,74,65,33,48,52,31,39,38,35,33,28,49,28,38,46,34,32,34,50,33,33,32,120,28,56,55,32,38,63,38,35,49,36,30,31,36,27,30,34,33,35,27,31,31,34,28,38,32,30,34,36,59,33,30,33,29,30,34,36,34,35,31,49,31,26,46,37,52,34,26,30,46,33,49,33,25,31,53,33,30,29,41,61,28,33,31,44,47,35,109,28,31,36,56,30,32,38,33,22,44,41,34,35,34,56,27,34,43,35,34,44,40,27,29,35,32,59,32,30,33,81,28,33,34,37,34,30,36,39,33,31,34,36,35,43,57,35,35,35,36,38,32,94,48,26,30,18,30,33,41,34,25,35,30,33,42,40,33,29,34,43,46,27,46,48,37,30,32,34,59,36,30,35,21,27,42,37,49,35,35,36,34,34,26,35,29,28,32,25,32,19,37,35,34,47,36,31,31,29,19,38,26,31,36,36,37,34,27,35,113,31,41,33,37,47,35,32,34,31,35,22,31,15,37,29,26,28,36,22,37,34,33,32,31,47,34,31,34,97,30,32,37,36,12,32
38,101,33,37,41,38,40,39,0,40,36,47,39,34,42,34,36,41,42,39,43,36,39,48,36,41,46,35,33,38,42,44,33,34,74,38,43,37,51,31,52,38,37,56,35,34,40,29,37,32,42,38,43,64,42,39,37,37,52,42,42,42,44,39,41,72,35,41,42,42,37,40,41,39,36,38,36,36,65,30,41,37,41,39,43,40,41,58,41,34,42,38,36,36,41,39,41,65,42,31,39,47,38,40,77,78,38,49,56,29,40,36,39,41,38,28,34,42,49,39,39,38,46,40,39,38,136,35,59,46,38,43,62,39,42,46,36,25,42,40,37,39,44,42,42,40,31,35,41,32,40,43,32,38,43,59,37,40,33,30,40,40,32,33,37,37,47,39,34,61,35,57,39,42,49,50,43,59,40,28,36,50,41,39,41,35,72,28,37,37,39,38,43,104,32,33,32,61,37,32,38,37,39,44,46,38,43,40,55,39,31,46,45,37,46,40,36,39,40,31,62,39,36,43,92,35,43,41,41,34,30,41,41,32,35,40,40,41,46,51,41,39,39,38,40,42,97,45,41,37,40,38,42,38,37,34,39,30,31,46,34,37,35,39,46,37,37,41,43,38,39,41,38,64,46,40,40,32,44,46,39,62,38,41,34,41,38,34,37,34,37,41,36,42,34,41,42,43,46,41,29,37,41,37,41,30,36,42,37,42,40,36,46,114,41,46,35,41,43,41,41,40,37,42,31,29,34,43,34,37,35,40,30,38,41,38,40,34,46,41,41,41,96,36,34,43,32,39,40
23,89,44,33,23,19,32,33,40,0,24,48,34,13,44,32,39,22,20,22,22,42,20,30,23,39,45,22,20,24,22,24,22,20,69,22,15,31,44,22,44,18,20,50,25,18,23,22,22,22,20,36,20,61,42,44,12,21,45,23,18,31,42,22,28,62,22,20,39,19,23,19,29,11,35,37,35,22,67,20,22,17,17,22,27,30,28,48,22,19,21,19,21,18,23,42,21,62,18,23,22,37,18,22,65,77,20,56,49,22,34,25,23,22,16,54,16,32,45,23,26,20,43,21,22,21,142,15,55,40,17,22,60,33,21,41,23,21,21,20,21,26,23,23,31,29,17,27,23,19,15,31,27,21,35,49,16,31,35,20,23,22,41,17,23,35,43,21,22,66,22,45,34,39,48,40,22,48,21,24,21,43,22,28,30,41,70,19,19,26,37,48,20,110,22,20,43,64,29,30,31,20,31,41,33,21,18,22,51,32,20,42,23,34,48,41,21,13,15,22,51,28,23,20,90,29,23,41,34,20,36,32,38,18,22,32,31,20,45,40,18,23,15,27,29,37,93,43,34,26,30,37,18,45,24,32,23,36,23,36,40,20,29,21,42,43,32,36,39,39,36,31,20,52,33,19,22,22,35,36,23,56,36,21,35,19,22,19,23,22,18,15,20,18,26,19,23,24,47,35,22,18,20,25,28,19,20,23,26,29,23,30,13,108,13,43,23,18,41,30,33,20,20,17,19,20,32,23,19,18,27,24,22,21,40,21,23,19,43,22,30,28,89,20,28,26,24,32,24
16,101,43,35,12,19,36,30,36,24,0,43,29,21,40,26,37,24,10,12,16,41,11,33,15,40,44,7,11,24,16,18,7,19,65,14,21,34,44,17,46,11,2,52,21,8,16,6,16,12,12,37,28,55,34,42,23,25,44,17,17,35,46,13,27,65,6,20,32,14,12,14,27,20,35,37,35,4,64,21,12,27,13,14,26,24,30,48,15,21,13,11,19,23,15,43,12,61,17,31,15,40,19,12,67,73,11,54,45,4,36,26,16,9,19,46,19,31,46,14,16,9,42,12,16,10,136,10,52,49,14,26,59,33,14,47,26,27,16,14,15,30,27,17,32,26,12,16,14,20,27,31,23,14,31,55,24,28,34,15,24,16,34,10,14,31,47,13,9,59,17,51,30,41,42,45,15,48,14,10,9,47,16,24,29,37,70,13,12,19,41,44,13,105,12,11,32,60,28,36,35,11,25,40,37,14,26,15,52,31,12,40,26,31,48,33,21,18,14,9,59,23,8,18,90,28,18,32,37,21,35,32,38,10,3,36,27,20,44,48,21,16,21,33,29,43,90,44,29,31,31,42,25,37,25,32,16,35,23,40,38,11,37,15,42,43,34,43,43,34,31,25,15,58,35,19,12,12,34,40,29,58,37,18,30,14,15,11,14,11,13,20,18,13,24,18,18,16,47,35,26,15,25,18,28,9,30,26,10,27,12,33,21,106,18,42,12,21,37,28,30,13,19,14,8,22,27,18,10,16,22,14,8,17,35,11,11,12,44,15,31,20,91,19,25,32,9,29,15
46,94,46,42,45,37,34,50,47,48,43,0,46,45,39,45,42,38,41,43,46,51,44,46,46,48,51,44,40,45,44,40,44,33,61,43,48,40,48,45,43,43,42,50,42,43,44,44,45,45,44,46,44,57,42,43,36,27,47,47,45,46,47,43,46,70,44,32,44,44,44,42,40,48,37,44,38,44,71,45,47,36,45,44,49,47,41,36,41,47,42,43,26,27,41,53,45,53,40,41,44,37,44,39,72,79,46,53,39,46,34,42,47,45,37,53,40,46,36,44,45,44,47,42,45,44,137,36,45,51,42,47,53,33,45,44,45,45,44,48,46,42,43,46,25,43,35,51,45,41,38,36,40,44,41,51,38,39,43,41,42,45,48,46,46,43,47,42,40,58,48,33,43,43,55,41,39,44,44,41,42,48,43,42,38,43,70,43,44,42,43,43,46,111,45,44,42,59,41,37,35,47,41,53,53,44,33,44,50,41,45,39,40,38,46,34,40,43,42,45,60,34,45,48,85,38,42,40,43,45,32,38,51,40,45,42,46,32,52,39,49,47,41,25,47,41,87,57,34,31,43,39,36,47,44,44,47,32,43,35,46,47,40,42,41,34,47,47,50,43,44,36,45,47,20,43,44,46,36,36,47,58,28,40,43,41,44,40,46,41,43,45,44,40,43,33,36,39,44,46,43,40,38,44,33,38,38,47,49,44,45,47,41,109,35,36,47,45,30,40,28,44,40,44,42,43,46,47,39,41,47,42,44,49,29,44,46,45,44,42,44,41,92,42,36,51,42,42,47
35,103,43,25,34,33,39,30,39,34,29,46,0,33,42,28,32,33,31,30,33,42,36,39,33,40,47,32,30,29,35,37,27,32,66,32,34,30,44,32,55,31,28,45,36,31,35,25,34,31,33,35,36,52,40,48,27,25,45,36,34,38,41,32,28,68,32,37,32,30,33,33,33,30,37,39,37,32,56,36,35,26,33,34,38,32,34,51,33,30,32,35,32,30,32,35,33,61,33,25,34,27,31,33,67,70,35,51,47,30,28,30,33,33,31,49,25,38,42,33,35,31,49,34,31,35,134,31,54,52,33,41,59,31,35,46,35,28,32,36,37,27,30,37,34,32,25,33,35,33,35,35,38,36,31,56,29,28,36,26,29,34,36,33,34,27,48,32,23,59,28,53,27,40,41,43,36,54,34,25,30,49,35,37,28,33,64,34,35,35,32,42,33,103,29,29,41,54,29,28,37,36,27,40,40,36,35,34,56,37,26,38,29,38,43,45,23,34,32,27,55,32,32,35,88,32,32,33,38,34,36,32,37,25,31,37,41,37,45,48,39,33,33,37,28,38,99,50,28,31,29,36,35,42,36,33,33,36,35,41,39,36,32,34,40,47,34,44,46,35,27,20,36,58,41,29,33,24,27,41,32,56,37,35,35,34,34,23,34,32,30,34,30,31,20,34,36,34,46,21,26,22,26,26,29,25,34,36,35,33,34,33,35,107,32,46,32,37,46,33,37,33,37,31,24,32,28,31,33,28,33,36,29,37,40,35,34,28,47,34,37,31,92,32,21,30,32,29,34
23,99,38,30,21,11,32,34,34,13,21,45,33,0,28,26,38,21,21,23,25,36,24,27,20,40,45,17,14,27,23,23,21,20,72,21,18,27,49,11,41,23,16,44,16,16,18,13,25,12,19,35,18,48,30,36,19,25,48,26,22,37,44,21,9,66,17,16,22,19,20,23,17,22,37,37,37,19,57,10,22,24,20,23,24,14,35,47,23,4,21,24,20,16,21,44,25,62,19,27,25,42,20,19,67,62,22,44,47,20,21,23,26,23,3,50,18,33,44,24,7,20,40,19,23,22,127,17,54,54,22,26,66,36,26,45,24,29,21,26,11,30,26,19,30,32,10,14,23,11,25,24,20,24,14,58,25,23,32,9,20,25,36,10,24,24,44,21,13,52,8,53,29,34,33,45,21,51,25,9,13,46,24,26,27,38,65,4,23,4,34,44,22,101,7,19,33,48,23,33,31,24,27,38,37,24,27,25,49,31,13,44,31,34,39,36,21,22,25,19,52,28,22,17,92,24,12,27,30,7,25,29,39,10,20,39,27,16,44,47,25,26,22,35,34,27,93,47,28,27,27,38,22,35,17,28,26,25,8,36,33,24,23,21,37,46,30,40,44,46,33,23,24,58,25,19,23,16,15,37,27,58,39,25,31,21,25,13,24,13,13,17,17,23,29,19,17,25,43,29,26,6,25,13,31,10,32,32,10,13,22,32,22,110,17,46,22,14,38,34,19,22,13,21,13,15,26,24,9,15,17,20,18,26,36,23,23,18,42,22,10,23,94,1,27,35,14,28,24
44,100,39,41,42,36,32,35,42,44,40,39,42,28,0,37,38,48,44,37,43,38,43,42,44,50,49,36,39,43,46,44,38,35,63,45,45,39,39,36,45,43,37,50,37,38,39,36,46,36,41,38,45,52,38,33,34,37,51,47,43,44,43,44,32,68,36,38,31,43,37,46,33,45,36,32,36,41,57,32,41,40,43,44,40,33,35,54,47,34,45,43,36,37,44,30,46,62,44,15,41,35,36,45,69,52,41,54,46,40,23,42,45,45,28,53,36,41,44,43,37,41,45,40,45,43,129,34,55,48,46,43,62,37,43,39,41,37,45,46,45,31,33,41,40,40,44,41,42,33,44,33,34,42,40,54,43,39,40,37,38,46,43,38,43,28,49,40,43,50,33,54,34,41,38,41,37,54,41,36,38,53,47,37,44,42,61,44,44,37,22,40,46,102,42,35,35,52,37,30,45,44,39,45,49,42,42,41,45,38,39,44,41,39,45,42,45,36,45,43,58,37,41,40,79,41,43,40,40,31,29,43,50,37,37,51,44,38,50,51,45,45,47,45,36,31,95,42,38,34,29,33,43,39,39,39,45,29,39,44,34,44,30,45,33,37,35,46,46,45,37,45,42,62,31,43,45,44,29,38,44,55,52,43,46,43,42,39,43,39,40,39,40,47,33,43,42,47,51,36,42,34,36,41,36,41,40,43,34,38,41,37,50,110,41,36,40,37,39,39,28,46,36,41,41,38,37,42,42,41,33,39,42,47,43,42,43,39,46,46,32,34,96,35,42,49,35,40,43
30,97,45,28,30,18,42,16,34,32,26,45,28,26,37,0,36,26,28,24,32,43,30,34,26,43,46,25,27,31,31,31,27,27,65,28,32,35,47,31,49,28,28,47,27,29,28,22,31,28,29,40,32,49,39,40,30,26,48,32,30,32,40,29,24,73,25,33,32,29,24,26,28,27,36,34,36,28,59,22,30,31,28,29,34,26,34,48,28,28,30,30,28,31,29,40,30,61,32,24,31,42,25,29,76,65,31,48,56,27,31,34,32,28,21,46,26,33,45,30,23,28,44,28,29,29,124,28,51,48,27,34,61,35,32,46,30,19,29,33,19,14,21,31,33,38,19,27,30,29,33,30,28,31,26,59,29,29,30,28,24,31,36,29,30,27,44,28,19,47,24,51,33,22,38,41,30,51,30,27,27,49,26,24,27,41,63,24,30,26,25,42,29,106,23,24,35,52,14,32,39,30,31,41,40,31,33,29,55,36,28,44,30,36,47,39,23,29,32,25,60,25,25,31,77,16,33,35,37,27,35,37,38,26,29,36,31,33,45,50,35,32,31,40,37,42,94,46,33,26,22,31,30,47,29,28,32,35,26,42,44,30,41,27,40,42,35,43,43,30,37,27,29,58,32,26,30,21,26,42,33,60,39,30,37,31,29,15,30,25,24,26,25,31,24,32,31,29,39,38,26,26,21,27,34,25,33,33,29,25,29,29,33,111,30,42,29,27,42,31,28,29,28,31,21,24,1,33,24,27,22,30,22,34,33,30,29,30,45,28,26,31,92,30,26,32,27,20,28
42,99,35,33,41,37,37,40,36,39,37,42,32,38,38,36,0,41,42,40,41,38,39,49,40,29,32,39,39,42,42,39,38,36,71,40,46,48,29,43,50,41,41,48,37,43,41,34,41,36,44,27,44,63,46,43,44,39,51,42,44,39,41,39,42,73,39,42,44,39,44,41,37,40,9,2,8,40,54,38,42,42,41,41,42,42,38,48,39,42,44,42,41,43,42,43,42,60,44,29,39,36,45,43,66,80,40,56,50,33,45,39,38,38,37,46,38,38,37,38,38,42,39,44,43,40,143,41,57,44,41,42,56,41,35,46,45,34,42,32,41,30,47,43,47,41,41,41,37,40,43,42,46,36,40,53,39,45,9,33,43,41,33,37,42,42,49,39,44,63,47,48,25,34,49,46,39,62,38,36,41,50,41,41,35,25,69,38,43,40,30,50,46,104,44,36,33,60,27,24,37,41,43,37,33,36,45,38,49,23,39,10,46,48,46,39,39,44,44,35,58,40,39,41,90,41,43,41,42,44,25,44,19,39,35,38,38,42,32,52,38,38,42,38,33,42,94,37,39,42,41,31,44,42,38,35,38,25,29,48,35,41,46,40,12,48,31,43,19,43,41,42,36,56,51,36,37,38,43,47,47,53,39,44,44,43,40,37,42,35,43,48,37,44,30,43,44,40,48,32,44,39,43,39,44,41,38,45,45,43,36,43,46,96,42,44,37,45,45,40,46,43,43,42,39,33,34,45,40,36,45,35,37,33,43,41,35,39,36,39,37,39,89,40,37,43,39,31,41
27,97,35,31,26,20,40,35,41,22,24,38,33,21,48,26,41,0,23,18,27,42,26,33,22,42,45,24,23,22,24,24,23,23,69,25,26,32,41,25,48,22,19,47,20,21,27,26,28,12,23,34,25,51,38,46,18,22,38,27,26,30,44,25,20,68,24,21,32,23,25,23,21,26,36,40,36,26,64,18,21,28,23,26,31,29,25,48,23,16,21,25,25,24,25,42,21,50,22,19,28,36,17,23,68,71,25,57,44,26,21,19,27,24,19,52,17,29,43,27,14,21,44,23,25,23,132,20,54,44,24,31,62,33,29,42,26,22,22,26,21,21,28,22,21,40,16,28,29,20,24,12,16,27,25,51,27,13,33,15,24,28,35,18,26,27,44,23,13,61,17,43,28,37,44,33,23,51,25,22,22,37,24,22,24,35,69,12,25,12,32,32,27,103,26,26,39,59,29,28,29,26,18,43,38,27,21,28,53,33,30,33,32,33,44,36,15,24,29,26,56,23,23,23,91,27,26,29,40,19,33,34,35,28,19,33,28,21,41,41,29,27,21,31,34,34,86,46,27,33,30,33,24,42,21,34,26,33,22,40,39,26,23,23,43,41,29,35,42,44,39,29,25,49,24,24,26,25,18,40,23,54,38,20,29,26,28,17,26,15,14,25,22,28,24,20,26,26,46,36,28,13,19,21,28,24,25,28,27,20,26,31,24,111,20,39,26,26,35,30,18,19,21,23,26,19,28,22,24,23,16,28,26,27,39,26,25,21,45,23,27,18,95,19,23,31,22,30,28
14,92,40,31,9,19,34,33,42,20,10,41,31,21,44,28,42,23,0,15,8,40,13,29,8,32,38,9,17,26,9,6,12,15,65,12,15,32,43,11,36,11,12,50,25,14,11,17,14,13,13,39,21,56,34,41,21,25,48,17,18,32,47,12,30,67,10,20,31,11,6,10,26,18,40,42,40,12,65,22,9,24,10,11,27,24,30,52,14,22,3,9,17,16,11,40,11,62,9,29,14,40,23,8,69,77,12,56,49,15,28,29,17,8,18,53,21,32,43,13,21,13,38,9,13,12,137,19,53,49,10,27,63,34,14,45,14,26,15,15,18,31,32,6,29,34,19,23,14,22,22,25,27,15,33,53,21,23,32,19,20,14,37,22,11,31,44,7,18,61,24,48,36,40,47,43,8,48,13,17,11,51,14,25,31,34,70,16,11,25,37,41,8,106,19,10,42,60,31,31,33,13,29,35,39,15,20,14,50,32,17,45,28,31,45,37,21,17,19,17,51,23,15,17,86,32,18,33,29,23,37,30,42,19,13,38,33,20,38,38,29,17,16,32,34,34,93,44,29,32,29,36,20,45,27,35,17,37,22,35,42,13,33,11,41,37,36,36,43,43,33,25,16,54,35,21,11,11,26,35,16,55,37,19,23,9,14,17,11,19,20,15,13,17,28,11,9,12,47,36,25,18,25,20,27,19,28,22,17,27,11,30,20,107,16,43,18,12,38,31,31,10,16,9,15,18,30,21,19,20,26,11,10,16,37,11,13,21,38,12,30,23,91,20,26,32,17,29,12
21,94,41,33,18,9,36,29,39,22,12,43,30,23,37,24,40,18,15,0,22,41,17,34,22,36,42,9,8,12,18,20,8,15,64,16,17,34,41,18,47,15,6,51,22,5,20,17,18,17,16,29,21,55,40,44,19,21,49,18,22,29,43,16,25,69,9,19,29,18,20,17,24,16,36,38,36,17,60,20,22,20,15,17,30,18,30,42,17,9,17,15,14,14,16,32,16,60,19,26,18,37,14,20,69,74,16,53,37,18,33,17,18,18,22,45,4,26,38,17,22,13,43,17,16,16,138,7,53,46,16,23,48,31,17,44,24,19,17,18,14,23,23,20,28,25,13,19,19,13,22,26,21,17,24,52,18,21,33,18,19,18,36,17,19,29,38,18,13,57,23,46,26,40,47,40,20,52,18,15,16,47,19,21,27,33,67,10,17,12,38,48,21,102,19,15,40,58,27,31,33,17,19,40,36,17,23,18,51,34,16,39,28,31,42,31,13,19,18,17,58,23,21,21,86,27,10,34,38,10,37,35,42,17,7,38,28,19,42,44,22,18,16,32,30,38,90,45,27,20,23,33,24,41,23,35,17,37,17,37,37,17,32,17,38,40,22,33,43,37,34,24,16,53,36,21,19,13,25,37,17,57,37,25,31,16,18,15,19,14,12,20,14,20,17,24,19,21,44,35,18,7,16,7,34,15,30,21,22,25,19,28,24,109,16,43,17,19,36,29,33,17,20,18,14,16,25,16,15,12,22,18,17,19,35,15,19,18,43,17,24,23,90,18,22,30,17,24,18
13,100,46,35,10,20,39,34,43,22,16,46,33,25,43,32,41,27,8,22,0,42,11,31,12,42,43,16,18,25,9,7,15,21,68,10,21,34,49,15,43,8,15,48,28,18,11,16,13,18,6,33,25,58,37,45,23,24,49,14,20,38,48,10,29,62,17,25,30,16,12,11,30,23,40,44,40,10,68,22,9,29,9,11,27,28,30,53,10,22,6,10,20,19,7,42,11,61,11,34,13,40,22,8,64,74,13,56,51,15,34,29,10,9,21,53,22,30,48,11,22,14,44,13,10,13,139,21,57,54,9,19,64,32,11,46,27,29,7,16,18,29,29,7,29,35,18,20,12,22,25,29,28,13,33,59,18,22,36,18,27,13,40,20,11,32,44,13,16,64,24,54,35,41,51,46,7,51,12,19,16,50,12,23,30,33,70,17,10,25,39,45,7,110,15,14,39,62,30,36,34,10,28,39,37,13,22,13,49,36,19,42,31,32,45,39,23,18,12,13,53,24,14,21,90,29,15,26,32,20,39,34,38,17,18,36,31,25,43,46,30,10,23,33,31,41,96,42,25,34,31,37,25,45,27,33,11,39,25,35,44,10,36,10,45,38,34,36,45,39,35,31,13,60,38,24,11,13,26,35,24,58,41,20,29,14,13,18,11,16,20,23,11,5,28,13,9,12,43,38,26,20,21,14,26,18,35,19,16,30,11,27,15,111,21,40,17,14,41,33,31,10,22,11,14,22,32,22,19,22,28,16,15,21,35,10,7,16,40,10,32,19,94,25,23,27,18,32,11
41,95,31,14,42,38,36,26,36,42,41,51,42,36,38,43,38,42,40,41,42,0,42,47,39,41,38,37,37,38,40,38,37,36,66,40,43,40,49,38,50,41,40,53,37,36,41,41,40,37,41,39,37,62,36,38,41,43,50,45,39,39,46,41,43,65,37,42,45,42,38,40,38,45,32,32,33,35,60,34,41,39,43,42,40,42,38,50,42,34,42,40,33,37,40,37,41,61,43,38,41,41,39,42,65,74,43,49,49,40,32,40,45,41,40,52,37,42,50,41,39,41,50,42,41,43,140,41,54,49,41,45,58,36,44,43,44,39,43,43,38,34,37,43,40,41,37,39,42,34,42,35,37,43,36,48,45,40,39,32,34,42,8,33,38,35,27,41,42,56,41,43,24,37,45,43,41,62,42,36,36,53,41,35,24,38,69,38,40,38,45,49,43,98,36,39,36,62,38,35,37,40,37,46,42,43,38,42,47,35,36,49,39,34,44,38,38,35,45,37,61,37,37,39,90,39,41,35,44,40,39,39,44,32,38,39,41,42,44,51,44,45,43,37,43,35,97,45,43,37,38,30,44,10,41,32,45,39,35,40,16,40,34,41,43,44,39,44,41,46,39,42,44,57,34,38,41,39,42,40,42,48,42,43,44,41,40,41,38,34,37,42,34,44,37,43,42,43,45,7,36,37,42,40,38,38,42,46,42,40,40,42,45,109,40,44,40,41,38,43,43,42,27,42,38,37,42,26,34,37,33,41,40,44,42,41,41,40,44,43,44,42,96,38,36,40,36,40,42
12,99,43,35,6,21,38,33,39,20,11,44,36,24,43,30,39,26,13,17,11,42,0,30,16,38,39,16,15,21,5,14,12,18,69,9,22,36,48,13,43,6,16,49,30,16,11,13,11,15,14,36,24,61,38,46,26,29,47,7,15,40,49,8,31,70,16,20,39,15,13,8,24,22,35,40,35,11,68,22,12,28,6,8,28,32,34,54,9,24,14,5,21,21,12,40,5,62,8,28,9,41,26,9,72,77,4,54,50,11,35,20,4,3,22,52,23,31,50,10,27,16,39,7,8,6,138,22,56,53,8,15,61,36,3,49,17,27,11,12,24,28,33,11,34,33,21,21,7,25,23,28,31,4,31,58,23,26,35,18,22,11,39,18,10,35,43,16,15,60,26,53,31,42,52,43,9,46,9,17,16,49,11,26,29,39,72,19,7,26,41,46,9,105,20,14,35,63,28,33,35,6,31,34,32,4,22,8,43,32,22,45,26,34,46,38,22,21,16,13,55,24,11,24,91,28,25,33,36,22,36,33,40,17,16,38,30,20,39,45,15,4,22,34,30,40,93,39,32,34,32,40,25,44,27,34,3,36,25,38,45,6,37,10,42,33,37,43,44,42,34,28,5,59,36,23,9,15,31,38,24,59,40,27,28,12,10,17,10,17,19,20,11,16,31,15,9,11,43,37,27,21,27,20,33,16,28,22,21,28,8,34,20,102,21,42,9,16,43,31,35,11,24,12,16,20,30,23,19,21,29,10,13,12,41,4,3,18,37,8,27,22,92,23,28,31,16,33,10
26,100,46,39,25,31,39,37,48,30,33,46,39,27,42,34,49,33,29,34,31,47,30,0,30,48,50,32,33,31,28,28,32,34,74,27,31,33,49,31,36,29,33,57,29,33,23,33,28,33,29,42,27,56,35,42,35,26,51,30,21,34,55,27,26,67,32,31,32,30,30,28,24,30,48,44,48,31,61,28,28,35,28,26,30,25,39,56,29,30,29,28,32,32,27,42,29,66,28,38,28,46,30,29,69,67,29,56,49,33,34,35,30,29,24,56,26,35,48,27,27,33,44,29,27,29,135,29,62,60,28,28,70,38,30,50,27,35,30,31,30,37,36,30,39,40,32,28,29,30,27,33,26,29,28,59,31,32,42,33,31,28,43,34,28,29,48,32,32,59,30,57,41,44,49,48,29,53,28,33,31,51,29,29,38,46,71,30,28,26,45,48,31,113,34,31,45,59,37,41,36,30,31,48,47,29,26,28,52,40,30,45,33,41,51,44,32,28,30,33,59,33,33,31,89,36,31,37,39,29,38,34,40,34,33,39,36,31,49,38,37,30,33,39,34,40,101,48,38,37,36,45,31,48,28,38,30,38,28,40,40,30,38,27,50,45,40,40,52,50,42,29,29,64,40,34,27,32,31,38,16,64,42,27,30,25,28,30,28,32,31,26,31,32,36,28,27,29,53,41,35,33,34,32,36,33,39,28,29,22,28,37,30,116,29,49,33,25,50,38,35,29,31,31,33,33,36,32,33,33,27,23,32,32,42,29,29,33,44,28,29,28,102,25,33,36,33,38,28
15,97,41,30,15,18,37,28,36,23,15,46,33,20,44,26,40,22,8,22,12,39,16,30,0,39,41,7,19,27,11,12,10,17,71,13,18,33,46,14,44,12,14,51,20,15,13,15,15,17,10,40,24,59,37,34,24,25,45,16,15,36,47,13,30,64,8,25,32,11,1,12,28,20,39,43,39,12,65,22,9,28,11,12,23,23,31,50,13,23,7,11,19,19,10,40,13,59,11,31,15,42,26,13,66,77,13,53,48,13,33,27,16,13,20,49,27,34,47,15,24,16,41,11,13,12,136,19,54,50,12,23,61,37,16,47,25,26,13,17,19,32,27,9,33,33,17,22,16,20,24,29,25,15,33,57,24,29,32,17,25,15,38,17,14,31,48,12,16,61,20,52,34,38,48,46,13,48,16,18,8,48,11,29,30,42,68,19,14,24,40,45,12,108,17,7,39,61,32,31,37,14,30,39,39,15,24,15,49,33,19,44,27,34,46,40,23,21,17,13,56,25,7,22,91,31,21,33,32,17,39,32,38,21,14,37,29,25,41,46,24,16,20,35,34,38,94,45,34,30,31,38,24,45,21,33,16,39,17,37,41,14,37,12,44,38,34,40,45,45,33,28,15,59,32,16,13,9,31,37,23,55,34,21,34,14,15,17,14,20,19,20,12,16,29,16,14,13,47,37,28,17,25,23,33,17,31,26,11,30,14,34,23,113,18,42,15,15,39,31,31,11,17,12,13,23,26,26,17,17,28,15,13,21,38,14,12,21,43,16,24,24,93,23,28,33,19,27,13
40,104,41,38,38,42,39,45,41,39,40,48,40,40,50,43,29,42,32,36,42,41,38,48,39,0,20,40,42,39,41,39,39,43,77,39,41,42,52,38,50,38,41,57,44,43,39,37,41,35,38,43,43,64,41,49,42,42,55,40,40,43,50,38,43,70,40,41,44,39,41,37,39,40,36,38,36,41,71,40,39,43,39,37,43,47,41,55,41,42,38,39,40,40,41,49,40,70,42,40,39,48,39,37,74,82,38,61,54,35,44,33,36,37,42,53,40,35,50,38,43,40,14,39,38,38,148,39,61,53,40,27,68,44,34,52,38,43,37,39,42,41,44,32,44,41,41,43,40,40,44,43,42,36,42,60,43,44,44,37,42,41,39,39,40,42,54,38,37,67,44,58,41,47,52,49,39,61,36,41,39,54,41,43,43,45,77,41,41,43,52,48,40,110,41,39,38,68,42,42,43,40,44,19,16,36,47,39,30,39,38,48,44,45,54,40,38,45,39,37,62,41,40,37,96,46,41,44,40,40,37,39,50,40,42,40,41,41,8,50,33,36,37,42,37,46,98,13,41,44,46,43,47,40,39,45,37,37,40,43,45,40,45,38,44,35,42,45,52,47,44,40,37,61,42,41,40,39,43,43,45,58,50,45,41,40,40,40,40,37,40,41,40,36,46,38,42,41,47,36,43,37,44,41,41,40,41,41,40,45,38,40,39,113,40,50,39,41,49,46,45,42,44,37,39,35,44,43,41,39,40,42,38,36,44,38,36,36,10,40,34,37,98,40,44,41,38,45,40
43,105,51,48,39,45,44,47,46,45,44,51,47,45,49,46,32,45,38,42,43,38,39,50,41,20,0,42,43,42,40,38,41,44,78,43,43,44,53,43,53,40,41,58,44,43,43,42,42,43,41,43,47,66,44,49,47,48,48,42,44,40,53,42,43,76,42,43,52,39,42,42,44,42,44,42,44,43,75,44,42,44,40,40,44,48,46,57,39,45,40,40,42,41,39,47,37,73,44,41,40,50,42,38,74,84,41,61,56,41,45,35,40,39,44,51,45,42,48,41,46,38,20,40,44,40,145,41,66,53,39,34,62,46,39,53,41,47,44,39,45,44,46,40,49,44,43,47,39,45,45,45,44,40,41,66,41,46,45,42,41,42,45,44,42,47,55,42,44,70,44,53,41,47,57,52,35,60,41,43,41,59,41,44,47,46,78,43,39,45,50,51,39,113,45,42,42,64,49,46,44,39,45,14,16,40,45,40,31,44,43,46,46,47,52,41,42,42,44,43,54,48,43,40,97,49,44,43,48,45,39,47,44,45,42,44,44,43,12,54,34,40,40,46,42,41,103,14,45,43,46,39,43,48,43,42,39,39,40,47,46,39,43,43,44,44,48,47,51,48,43,40,39,62,44,45,40,42,43,47,42,64,49,45,46,39,41,45,42,44,45,47,43,42,46,42,41,41,49,45,46,42,45,44,45,46,47,45,46,46,40,44,48,117,37,51,41,42,48,39,48,40,45,41,45,40,47,46,46,45,46,39,41,38,46,39,39,43,23,37,43,37,102,44,48,44,40,47,45
17,99,39,28,14,17,26,23,35,22,7,44,32,17,36,25,39,24,9,9,16,37,16,32,7,40,42,0,8,23,13,15,2,12,69,15,17,33,46,11,48,16,2,48,19,8,15,14,17,15,13,32,21,56,35,39,22,23,44,19,15,33,42,15,25,58,1,25,29,10,10,14,25,17,33,37,33,11,61,11,12,24,11,15,26,24,34,46,14,11,13,15,13,13,13,34,15,60,18,24,17,41,17,9,60,73,14,50,47,6,31,24,19,15,13,49,15,32,42,16,9,7,40,12,16,15,137,8,49,46,13,24,60,31,16,46,26,23,16,18,11,29,21,16,19,34,18,22,18,10,27,23,18,17,24,50,24,26,35,14,20,17,35,18,15,28,43,12,12,53,19,46,32,39,42,44,14,49,16,18,17,48,15,22,27,32,68,9,15,17,37,45,13,101,16,13,36,59,27,30,35,17,24,41,34,17,24,17,50,28,9,40,27,28,44,37,20,20,12,6,56,18,3,21,85,27,17,30,37,8,34,31,35,14,1,38,29,25,42,43,22,19,15,33,31,39,93,44,30,24,22,34,20,39,16,34,19,34,8,39,40,17,35,16,39,41,34,36,42,38,33,21,18,52,32,21,13,3,28,39,25,54,38,20,34,13,17,14,15,18,14,17,10,16,25,15,14,16,45,33,23,7,17,8,30,9,30,28,16,25,15,30,23,110,15,41,6,14,35,32,23,15,18,12,11,15,21,15,13,13,19,16,10,18,35,16,15,20,44,17,23,20,90,17,25,30,13,28,14
21,98,42,27,14,10,26,26,33,20,11,40,30,14,39,27,39,23,17,8,18,37,15,33,19,42,43,8,0,21,20,15,13,19,66,18,15,33,39,15,50,16,8,46,19,7,17,17,20,11,18,38,23,56,35,40,13,21,45,22,24,34,41,17,25,61,9,23,33,17,18,18,22,16,35,37,35,14,55,13,16,21,14,19,26,25,28,48,20,13,21,14,19,19,17,33,21,61,23,24,19,40,10,15,63,71,18,50,38,17,31,16,19,16,15,52,9,26,33,18,14,13,43,16,19,18,137,7,53,47,17,25,55,27,17,47,23,26,20,19,5,29,18,17,29,35,15,20,18,19,23,28,22,20,29,52,23,23,32,16,18,20,38,17,16,35,41,15,15,53,22,47,27,42,46,43,16,51,18,11,17,46,21,20,25,36,66,16,19,17,38,46,16,105,16,17,39,50,25,16,23,15,16,39,36,20,22,19,44,29,12,42,27,33,47,32,20,20,13,18,55,12,7,20,83,29,16,24,37,11,33,33,40,15,9,39,26,23,42,43,23,19,16,24,29,40,91,46,27,26,23,25,22,39,14,30,18,33,13,36,37,15,38,18,41,45,31,42,39,36,33,23,17,54,31,18,14,13,29,36,25,52,38,25,34,16,19,15,16,18,13,22,12,16,22,22,16,21,48,30,23,13,20,9,29,13,31,27,16,31,15,30,26,105,14,36,14,21,38,31,27,15,19,16,10,8,24,17,14,12,22,17,16,20,36,18,17,17,41,18,12,10,88,10,19,29,13,27,20
27,101,36,35,25,22,31,28,38,24,24,45,29,27,43,31,42,22,26,12,25,38,21,31,27,39,42,23,21,0,24,31,18,21,70,26,29,32,46,24,52,25,14,52,20,15,26,19,27,22,29,33,26,58,32,45,18,17,49,27,24,36,47,25,28,66,18,30,36,23,26,23,21,25,31,38,31,25,55,23,25,24,22,26,24,27,28,41,25,23,28,25,20,23,22,30,24,59,25,31,26,42,20,26,69,78,23,54,37,19,36,24,26,24,21,48,11,34,37,26,17,20,42,23,25,25,131,20,55,49,23,25,57,33,28,49,27,17,24,23,21,26,33,27,28,25,22,28,27,18,26,32,26,27,27,53,27,30,36,17,21,27,30,17,27,33,44,24,23,61,30,50,33,35,48,42,27,49,26,20,26,46,27,17,28,38,71,21,27,23,39,46,24,105,16,25,38,62,23,33,34,27,19,40,36,27,30,26,50,31,16,41,31,33,48,29,24,25,23,25,58,22,20,28,89,23,22,30,40,27,33,35,40,22,14,34,18,30,42,50,28,26,24,40,30,43,94,47,28,26,23,28,28,41,26,38,26,33,15,41,42,27,37,25,35,41,29,42,45,47,34,29,25,54,32,21,25,26,33,41,29,55,38,24,32,25,26,21,27,17,21,29,24,24,25,29,27,28,45,34,19,19,14,16,34,13,29,29,29,26,26,32,28,109,22,44,21,27,41,26,30,28,20,24,17,27,26,19,14,17,21,26,16,24,32,25,28,24,43,26,26,15,93,20,27,32,20,28,23
11,99,43,33,4,22,39,34,42,22,16,44,35,23,46,31,42,24,9,18,9,40,5,28,11,41,40,13,20,24,0,10,15,17,68,8,18,34,49,14,45,7,15,49,27,16,6,18,8,19,9,37,24,59,38,42,25,27,48,11,19,35,47,8,31,68,12,19,33,13,8,6,29,17,39,43,39,11,64,24,7,25,4,8,26,26,35,49,7,24,7,6,20,20,6,43,7,61,11,32,8,40,23,10,70,75,6,55,50,18,31,29,13,7,22,52,19,31,43,9,25,15,41,8,8,6,137,16,55,48,4,24,60,33,6,46,17,28,10,13,20,33,32,13,33,36,21,21,7,19,20,24,28,7,30,54,24,27,33,19,25,8,39,24,7,29,40,10,17,62,26,51,36,40,47,45,8,50,8,21,15,46,9,28,29,38,68,19,4,22,38,45,12,108,20,13,40,59,33,33,34,9,33,42,38,7,22,8,50,36,18,43,26,37,45,36,22,25,18,18,53,27,14,17,91,33,23,32,29,23,39,35,40,19,15,38,33,19,38,47,29,13,21,38,32,41,95,41,31,32,30,36,23,45,27,36,13,39,27,36,44,9,32,8,41,39,38,41,44,41,37,29,6,55,34,23,6,16,30,36,23,56,40,22,31,10,8,17,7,19,20,19,11,13,31,14,8,6,49,36,27,17,26,22,32,19,34,26,19,28,7,36,22,113,19,43,14,12,42,28,31,11,20,11,18,23,31,25,19,22,25,12,15,15,36,7,8,19,39,5,30,24,90,24,29,33,21,32,10
15,93,43,32,8,15,32,34,44,24,18,40,37,23,44,31,39,24,6,20,7,38,14,28,12,39,38,15,15,31,10,0,14,19,66,10,17,31,41,11,39,12,16,50,22,17,10,16,14,21,4,36,17,53,34,38,24,29,49,18,17,35,45,12,27,66,16,23,28,12,13,10,27,19,42,44,42,13,64,21,11,26,9,11,24,28,27,47,4,21,14,11,18,18,9,42,11,61,6,31,14,40,22,4,67,76,13,54,45,16,33,29,16,12,18,54,20,31,42,13,17,15,40,12,12,13,139,13,55,51,9,23,61,34,12,44,19,27,13,15,19,33,28,5,34,36,18,22,13,23,20,22,25,17,30,55,25,24,34,20,24,14,37,21,12,28,39,11,15,63,22,48,32,40,46,41,2,48,13,20,12,47,9,23,31,41,68,17,9,21,36,48,9,105,18,13,37,59,34,33,26,10,25,39,37,17,22,12,51,35,17,42,30,33,46,39,22,18,14,16,54,22,20,18,88,32,21,27,35,21,38,30,42,17,13,41,34,23,36,39,30,16,22,36,28,37,93,41,31,32,33,33,21,46,27,35,16,38,24,34,41,10,33,10,39,35,38,37,44,44,35,25,17,59,30,24,11,12,28,34,18,57,37,16,24,11,12,18,12,17,18,16,11,15,29,7,7,10,46,37,27,19,26,20,26,20,32,25,16,24,10,34,25,105,14,42,15,12,40,31,29,4,10,11,17,21,30,21,20,20,25,9,15,18,34,17,13,18,41,8,30,24,91,23,29,27,21,33,14
15,97,40,31,14,17,30,22,33,22,7,44,27,21,38,27,38,23,12,8,15,37,12,32,10,39,41,2,13,18,15,14,0,18,67,12,19,33,47,11,47,10,4,52,15,7,14,13,15,15,13,35,24,59,36,43,22,19,44,15,18,34,42,14,31,63,2,25,29,13,10,12,29,19,33,36,33,7,61,20,12,26,10,14,30,25,34,46,12,14,15,13,18,18,14,33,12,60,11,26,15,40,21,12,65,72,10,50,43,5,35,18,15,11,17,48,14,31,41,15,10,10,44,10,12,10,135,10,48,45,12,22,59,33,13,45,28,28,12,15,13,28,26,13,22,33,12,21,15,12,27,31,25,12,29,51,25,27,33,13,22,15,33,17,15,32,46,15,6,53,28,46,31,41,40,43,14,49,14,13,15,46,12,22,26,35,64,9,14,21,40,46,10,101,11,11,33,55,26,32,32,14,23,40,33,12,25,14,49,34,9,39,29,34,44,40,19,21,15,5,57,29,3,18,83,26,18,30,38,21,32,32,37,13,4,37,28,25,42,47,21,15,15,33,32,43,89,43,27,29,24,38,20,37,21,34,15,32,23,37,39,14,36,13,39,40,34,36,41,42,31,25,12,55,32,18,15,1,29,37,26,54,37,25,34,10,14,11,15,19,17,17,6,17,20,14,15,11,44,33,22,12,20,9,30,8,32,27,20,20,13,30,22,110,14,42,5,16,35,33,26,13,12,9,2,19,28,20,4,12,28,15,1,18,37,11,12,19,44,14,25,24,90,19,28,29,10,30,14
20,100,41,31,18,20,35,34,34,20,19,33,32,20,35,27,36,23,15,15,21,36,18,34,17,43,44,12,19,21,17,19,18,0,66,19,20,37,46,18,50,19,15,48,23,10,20,14,20,13,18,38,24,56,35,39,23,25,45,21,17,34,47,19,26,67,10,25,32,18,15,17,30,19,38,37,38,19,63,22,18,23,19,17,26,25,29,47,17,21,17,19,21,23,20,41,17,59,18,30,20,42,22,18,70,74,19,50,48,14,34,24,21,18,21,50,22,32,45,20,19,17,43,19,18,20,140,21,50,50,17,27,62,31,20,46,27,23,19,21,18,29,28,19,28,34,16,19,21,21,27,29,24,19,32,57,24,28,30,15,27,20,36,20,20,30,48,18,12,58,20,49,31,42,47,44,17,49,19,14,15,44,15,24,28,35,71,12,17,23,42,47,22,109,12,19,37,62,27,30,30,21,25,40,41,19,25,20,50,29,11,40,30,34,48,38,19,19,18,14,59,24,18,20,91,29,17,28,37,22,35,34,42,12,15,41,27,25,44,49,27,21,18,31,34,40,92,47,30,31,23,34,25,36,24,31,21,35,21,39,40,21,37,18,44,39,31,41,38,45,35,27,21,55,29,25,18,14,31,39,28,52,41,27,34,16,20,16,20,19,18,23,13,18,21,20,20,18,47,34,26,17,24,24,31,18,27,29,18,28,20,34,23,109,20,42,16,19,43,32,25,17,17,21,16,14,31,24,11,19,26,21,16,22,43,20,19,19,45,18,27,23,94,22,24,32,14,27,19
70,96,72,64,66,63,65,68,74,69,65,61,66,72,63,65,71,69,65,64,68,66,69,74,71,77,78,69,66,70,68,66,67,66,0,69,66,62,65,69,78,67,67,64,63,68,70,70,69,70,68,64,62,67,69,62,63,67,68,71,70,70,61,69,68,70,70,69,72,67,67,66,68,69,73,74,73,70,63,69,70,68,68,69,66,71,68,68,68,67,67,68,70,70,66,72,69,68,68,70,69,67,63,66,76,74,68,73,71,69,65,73,72,67,65,72,67,74,55,70,68,67,74,70,69,67,135,57,62,69,67,72,60,57,72,53,75,69,69,71,69,70,63,72,69,64,68,68,70,65,73,60,61,71,77,58,62,65,73,67,67,69,67,64,70,62,48,66,67,72,73,62,70,71,69,59,65,72,69,68,70,63,69,60,68,67,75,70,69,69,69,69,69,109,65,70,71,69,68,71,74,69,65,81,78,71,71,69,76,74,67,74,60,58,67,70,64,62,66,67,70,59,72,67,81,71,69,61,67,65,67,63,70,64,70,65,74,69,78,67,72,72,69,66,70,58,88,79,63,57,67,55,72,71,69,72,72,67,59,70,65,69,61,68,59,68,72,71,71,68,69,67,71,65,71,71,69,69,67,70,73,68,67,70,71,65,69,65,70,65,68,68,66,69,67,69,66,66,75,68,68,67,65,69,59,66,63,69,70,65,70,64,74,110,62,61,69,70,64,60,73,66,65,70,64,73,65,63,64,65,71,70,70,72,65,68,66,66,72,68,72,72,95,68,64,64,62,68,70
6,97,43,33,5,20,36,34,38,22,14,43,32,21,45,28,40,25,12,16,10,40,9,27,13,39,43,15,18,26,8,10,12,19,69,0,20,35,44,15,40,7,14,50,26,14,5,15,8,20,11,37,24,59,37,42,24,27,47,13,15,35,45,4,30,67,14,18,34,13,10,7,28,18,39,38,39,10,65,21,10,24,10,4,27,26,33,52,8,21,12,7,22,20,7,42,8,62,12,32,3,42,23,12,69,74,8,55,51,15,33,27,13,7,21,48,22,31,45,4,22,15,41,9,3,7,137,19,54,51,10,24,61,35,7,48,22,26,10,15,19,30,32,12,32,35,19,20,11,23,23,28,24,8,31,54,23,26,34,20,23,9,38,22,5,31,43,16,17,61,24,49,33,39,49,41,11,48,8,19,17,47,8,26,29,40,70,20,8,25,38,46,11,107,19,12,40,62,30,33,33,8,32,37,37,8,21,9,48,34,22,41,27,32,44,38,20,23,17,15,56,26,14,21,91,30,20,32,34,21,39,31,41,19,15,39,30,18,43,43,26,13,20,33,35,39,93,42,31,32,31,39,24,44,24,34,13,39,26,35,43,8,35,2,41,37,33,40,42,41,37,29,11,55,34,22,3,12,30,35,23,56,38,22,31,14,3,17,5,20,19,21,10,13,27,15,10,8,48,35,26,20,27,18,31,19,32,23,20,27,6,33,22,108,18,42,15,15,43,30,32,11,22,11,16,22,28,26,19,20,26,15,14,17,37,8,5,20,42,7,30,25,91,24,25,31,19,31,5
22,97,39,33,21,21,37,34,43,15,21,48,34,18,45,32,46,26,15,17,21,43,22,31,18,41,43,17,15,29,18,17,19,20,66,20,0,36,46,19,46,23,20,55,27,16,21,19,20,23,19,37,21,57,42,40,17,27,51,21,13,33,48,18,26,70,18,22,36,13,18,20,23,14,36,39,36,22,62,20,19,25,22,21,28,29,38,52,17,18,18,18,19,20,21,42,14,58,21,30,20,37,20,17,69,77,19,56,49,19,30,23,21,21,19,56,18,31,46,21,23,19,43,23,19,23,143,16,56,50,18,27,59,33,21,46,19,25,23,20,13,34,28,20,33,39,15,24,21,20,19,32,26,22,34,54,15,28,33,23,23,20,38,21,19,32,46,22,20,64,22,51,38,41,47,41,18,54,20,22,20,44,20,25,30,41,72,22,21,22,40,47,22,110,22,18,42,63,32,32,32,21,30,38,37,22,21,20,48,34,18,38,29,37,48,42,22,11,11,19,61,30,19,16,93,35,17,37,37,20,39,32,41,24,22,41,33,22,37,37,21,21,12,28,30,31,97,42,31,29,31,43,20,44,26,35,21,39,24,34,42,21,30,19,42,42,35,36,46,40,38,26,20,57,35,23,22,19,33,34,18,59,37,15,28,18,20,20,19,23,20,23,21,23,31,18,20,18,50,37,26,13,27,16,31,23,28,29,22,25,19,27,20,111,10,40,22,22,43,32,32,16,19,17,22,17,32,22,23,21,26,21,18,19,39,19,21,24,43,18,28,24,92,24,26,31,22,32,24
36,97,42,32,31,33,28,35,37,31,34,40,30,27,39,35,48,32,32,34,34,40,36,33,33,42,44,33,33,32,34,31,33,37,62,35,36,0,43,32,52,35,32,46,25,31,31,35,37,32,35,37,31,51,28,32,29,28,44,39,35,27,34,35,38,59,31,33,27,28,33,34,24,37,34,42,34,37,61,31,34,32,33,34,25,31,31,52,34,32,32,37,37,37,34,45,34,57,32,33,37,41,31,34,60,68,35,51,47,33,21,32,39,32,22,50,30,32,39,36,32,34,39,31,35,36,139,34,59,52,32,38,61,22,36,42,33,35,35,37,33,34,19,29,36,35,32,34,36,26,32,25,33,38,33,54,29,26,31,35,27,37,34,38,36,30,40,35,37,54,32,48,35,40,41,45,29,57,36,37,33,47,34,26,42,42,66,32,33,23,37,50,35,110,33,34,43,57,38,30,21,35,28,34,43,38,31,37,50,31,27,46,27,22,38,39,36,30,31,37,53,23,33,36,84,37,32,15,31,30,33,31,41,33,36,36,38,33,48,41,40,39,34,30,31,28,93,49,21,19,31,38,28,43,28,26,39,33,30,31,34,35,20,35,37,40,33,39,42,35,32,23,38,57,31,33,35,30,25,34,33,54,36,36,31,31,37,31,36,33,36,26,34,33,39,30,32,33,44,31,38,29,27,35,27,33,29,38,29,25,36,32,36,106,32,43,34,34,40,29,28,32,30,33,35,37,35,33,33,32,30,34,30,38,29,34,35,37,43,34,29,33,90,27,32,30,37,42,38
48,99,46,44,44,33,39,44,51,44,44,48,44,49,39,47,29,41,43,41,49,49,48,49,46,52,53,46,39,46,49,41,47,46,65,44,46,43,0,48,51,45,42,49,49,41,46,46,46,45,46,39,44,55,52,52,44,44,49,48,45,42,30,44,47,63,44,50,48,44,46,44,41,50,50,51,51,49,67,46,45,39,47,45,41,50,36,39,45,46,48,44,46,46,45,49,47,53,47,48,46,36,41,45,68,64,45,59,39,46,49,44,48,44,42,54,43,47,42,45,47,45,54,44,45,45,129,41,49,44,43,54,45,44,47,40,51,45,48,48,44,47,42,46,49,46,46,50,47,48,46,47,49,47,48,53,44,45,49,47,43,46,46,48,45,43,37,45,40,49,49,48,42,37,39,40,45,54,46,46,48,55,47,46,50,24,62,46,45,43,42,35,47,104,44,43,44,46,48,35,46,48,48,52,53,47,45,46,61,44,49,41,42,42,46,50,40,42,41,46,55,40,46,48,70,50,45,43,50,50,45,44,38,44,47,43,53,50,54,51,54,48,49,48,38,41,95,55,41,38,44,36,44,43,49,48,48,45,50,42,36,48,47,44,42,50,46,48,22,26,40,39,47,57,45,45,44,41,48,42,48,51,48,50,45,45,46,40,45,49,42,40,47,50,39,46,46,46,46,41,49,41,29,45,49,42,40,48,47,46,45,44,48,98,47,36,45,48,47,47,47,47,42,48,47,45,46,45,42,45,45,49,45,49,47,46,47,49,54,45,49,45,85,49,43,42,46,25,49
17,92,38,30,14,11,37,31,31,22,17,45,32,11,36,31,43,25,11,18,15,38,13,31,14,38,43,11,15,24,14,11,11,18,69,15,19,32,48,0,44,16,16,51,24,13,15,10,16,15,10,35,22,56,39,40,14,23,44,16,21,33,43,15,23,64,11,18,31,14,10,16,28,19,33,31,33,11,60,22,14,22,17,15,22,26,31,52,13,22,10,15,22,19,14,40,14,61,14,26,16,38,22,13,66,72,16,49,47,2,29,22,17,15,18,49,20,33,45,15,24,17,45,13,18,16,138,22,52,49,13,19,57,33,17,42,23,23,17,16,17,33,22,13,30,34,17,22,16,22,24,30,26,16,30,54,23,27,30,18,23,16,32,18,17,29,41,13,13,54,16,50,34,39,45,44,12,47,15,4,10,49,15,24,28,34,67,10,14,17,42,46,14,102,16,12,32,52,25,27,33,17,24,38,37,16,21,16,50,35,20,36,26,32,45,35,19,22,21,2,58,28,11,16,91,23,18,31,36,20,35,31,36,12,16,37,29,18,44,48,22,17,20,34,31,35,92,45,32,31,28,34,24,34,25,35,17,35,26,36,38,17,31,15,44,40,31,38,43,39,32,24,16,56,35,18,16,15,31,36,28,55,37,25,33,18,16,18,17,14,20,21,10,17,27,16,15,14,47,34,23,20,26,18,29,12,33,30,12,22,13,35,23,110,17,43,6,17,38,26,28,13,15,15,12,15,31,22,14,10,27,19,13,19,35,16,16,14,39,13,24,24,93,14,27,33,12,32,16
42,101,50,52,40,40,42,49,52,44,46,43,55,41,45,49,50,48,36,47,43,50,43,36,44,50,53,48,50,52,45,39,47,50,78,40,46,52,51,44,0,43,48,57,45,46,39,48,44,47,37,52,38,58,47,47,49,49,51,44,36,51,54,43,33,64,45,38,46,45,46,40,45,51,58,57,58,46,66,38,45,51,43,42,41,40,41,62,45,36,44,41,44,42,39,51,45,66,41,54,44,49,47,37,67,71,44,60,57,48,45,52,44,45,41,60,49,54,48,43,38,48,46,40,42,44,143,43,57,61,41,48,71,50,42,54,45,51,43,46,43,55,47,41,48,51,48,46,42,44,45,45,42,44,45,63,46,49,51,47,47,44,53,48,44,44,51,44,46,62,40,57,57,54,54,53,39,48,44,46,42,57,45,47,52,53,75,45,43,44,52,53,43,118,44,44,61,69,50,52,44,46,49,50,52,44,44,41,47,52,45,48,48,46,42,42,49,42,46,46,59,49,47,46,99,54,50,47,45,37,52,45,48,48,47,52,54,38,50,47,53,44,41,49,52,51,95,50,48,45,53,54,43,53,45,49,44,52,48,39,48,46,44,39,46,44,52,53,51,50,49,43,41,59,39,47,42,44,46,35,33,65,50,43,41,40,41,44,44,47,48,34,47,44,53,40,39,46,52,50,48,46,48,47,47,48,50,43,40,39,44,52,46,116,46,48,49,31,55,50,39,39,46,40,46,46,48,46,44,48,45,42,47,47,46,44,44,47,48,41,43,46,103,41,54,54,48,48,41
10,100,45,34,4,20,38,31,38,18,11,43,31,23,43,28,41,22,11,15,8,41,6,29,12,38,40,16,16,25,7,12,10,19,67,7,23,35,45,16,43,0,13,51,28,14,7,12,8,15,8,35,23,58,37,43,20,27,49,11,20,37,44,6,29,70,13,15,35,13,11,6,31,17,37,39,37,10,65,22,10,24,7,7,29,26,33,55,6,23,12,4,20,20,7,41,7,60,10,28,6,39,24,10,69,76,4,56,52,13,34,25,12,4,21,51,22,28,46,7,26,13,42,10,9,7,139,18,54,51,4,23,56,37,13,48,24,25,9,16,22,30,31,14,31,34,19,22,6,24,25,29,27,4,32,54,18,27,36,17,27,8,40,21,9,30,45,14,15,60,24,49,33,40,49,45,11,46,5,17,16,47,7,28,29,39,69,17,7,24,38,44,12,106,19,10,37,62,31,31,32,10,28,36,34,4,20,7,49,31,21,44,26,34,44,38,21,20,17,15,58,25,15,20,90,30,18,32,36,22,35,31,41,15,14,39,31,15,41,46,27,12,19,34,30,41,94,41,32,30,32,39,23,46,26,35,12,35,23,35,45,10,36,6,40,37,33,42,41,39,35,29,4,55,35,21,7,10,33,35,24,57,38,24,33,14,7,19,9,17,20,22,9,11,27,15,10,8,44,37,26,19,24,17,34,15,32,25,19,29,6,34,23,109,14,44,12,18,41,31,31,8,24,12,13,19,28,25,16,19,28,16,9,18,38,3,5,14,41,6,29,24,93,25,27,31,15,31,8
16,97,38,30,14,11,32,33,37,20,2,42,28,16,37,28,41,19,12,6,15,40,16,33,14,41,41,2,8,14,15,16,4,15,67,14,20,32,42,16,48,13,0,49,14,7,16,14,16,12,15,35,24,53,38,43,20,23,43,15,15,32,42,14,21,65,5,17,35,12,12,14,24,15,34,36,34,13,58,17,15,24,13,15,29,19,30,41,12,12,16,17,17,17,16,34,14,60,12,27,16,38,19,14,67,74,12,49,39,6,34,15,15,13,16,47,18,30,38,15,13,9,43,13,14,14,136,8,48,45,12,22,53,28,16,43,29,28,16,16,10,29,20,18,21,30,13,21,15,16,28,24,26,16,25,49,20,22,33,10,23,16,37,16,14,33,45,16,7,60,27,43,30,41,41,41,14,50,16,7,16,43,14,19,25,37,65,14,15,25,37,46,14,103,12,9,36,57,29,32,35,15,21,41,35,16,22,16,49,33,14,38,29,36,45,38,15,20,12,10,57,26,2,20,85,29,12,32,34,12,39,35,39,14,5,37,27,17,42,42,20,15,15,31,31,40,90,46,27,26,24,36,24,40,20,33,15,39,20,38,40,15,34,14,37,41,32,38,43,33,32,27,17,50,33,21,14,5,25,38,23,54,36,22,29,14,16,13,14,16,15,18,8,11,24,12,16,15,47,36,21,16,17,7,31,7,29,26,21,26,14,31,22,107,13,42,14,18,41,32,31,14,19,11,5,16,28,16,11,14,29,18,9,19,35,14,14,14,41,14,22,18,90,16,26,25,13,28,16
52,88,48,43,49,44,46,51,56,50,52,50,45,44,50,47,48,47,50,51,48,53,49,57,51,57,58,48,46,52,49,50,52,48,64,50,55,46,49,51,57,51,49,0,46,51,50,49,53,53,49,47,52,55,55,52,47,54,49,53,52,48,47,52,48,66,52,51,56,52,51,53,51,50,53,46,54,50,68,45,48,48,50,50,48,52,50,57,49,47,45,47,48,50,51,55,50,65,51,50,53,48,47,51,69,76,52,53,55,47,48,55,52,53,40,57,49,53,45,52,51,53,51,53,53,52,145,46,52,49,50,54,62,48,53,37,51,47,54,54,51,50,58,49,51,51,51,51,54,43,50,42,45,52,53,53,54,51,43,52,47,53,48,51,49,50,43,49,49,60,49,46,55,49,46,49,50,57,53,50,47,52,49,48,42,41,66,51,52,48,53,53,53,105,50,47,58,53,49,46,52,53,56,56,57,52,51,53,56,50,45,46,52,44,49,54,48,50,54,47,52,48,54,49,89,49,49,47,46,48,44,39,47,50,53,52,51,51,53,60,55,52,53,52,52,44,87,58,55,49,50,47,51,43,47,50,52,44,47,52,44,53,48,52,46,48,57,56,40,54,50,48,52,59,50,47,50,52,48,51,53,58,51,53,58,52,53,47,49,48,53,56,49,55,52,50,53,51,44,44,48,53,47,52,52,50,52,56,46,46,51,55,53,111,48,53,51,51,52,54,50,51,44,51,51,48,55,48,50,52,49,56,51,54,52,52,52,52,56,48,54,50,91,43,54,54,52,49,53
27,98,42,30,26,21,35,34,35,25,21,42,36,16,37,27,37,20,25,22,28,37,30,29,20,44,44,19,19,20,27,22,15,23,63,26,27,25,49,24,45,28,14,46,0,20,26,24,28,12,26,40,20,54,28,31,22,21,48,30,24,37,48,26,20,64,19,22,23,26,25,26,28,24,38,40,38,21,54,18,23,30,24,27,22,20,32,46,25,10,28,29,19,17,26,43,25,61,22,28,28,44,19,21,62,72,23,37,47,22,25,24,29,21,15,48,21,36,44,27,19,23,40,21,26,24,132,18,52,55,26,32,60,33,30,45,28,27,28,29,21,30,19,21,27,42,20,19,29,15,21,25,17,29,19,52,26,26,39,19,26,28,38,18,28,25,39,23,18,48,13,46,34,40,38,39,23,53,27,18,21,49,26,25,32,34,60,18,28,15,41,40,29,94,21,23,37,51,33,25,24,29,33,44,43,29,23,28,54,22,21,45,21,24,38,36,26,21,19,24,54,24,25,26,91,35,18,22,39,10,29,26,39,24,24,41,26,22,48,43,26,29,22,30,30,39,87,48,31,32,29,31,23,41,15,22,29,29,15,31,39,29,34,25,39,47,37,36,41,47,26,28,29,58,30,24,28,24,25,31,25,56,37,23,28,20,28,24,28,17,18,25,22,25,28,23,22,27,45,34,26,20,26,20,27,22,30,25,23,22,28,37,34,114,19,34,28,25,31,30,27,25,20,24,19,18,27,22,22,20,18,25,22,28,33,28,25,13,38,28,18,26,93,14,28,31,12,25,29
19,99,41,25,14,8,30,32,34,18,8,43,31,16,38,29,43,21,14,5,18,36,16,33,15,43,43,8,7,15,16,17,7,10,68,14,16,31,41,13,46,14,7,51,20,0,16,16,16,14,14,36,24,54,39,41,15,22,43,16,13,32,42,14,22,61,2,22,32,13,11,15,22,15,33,35,33,13,58,12,18,24,17,14,24,24,30,41,16,12,14,13,11,11,15,39,14,61,20,22,16,36,6,15,63,72,17,49,40,16,34,16,16,18,15,48,17,29,42,15,13,9,43,17,15,16,139,7,49,42,13,24,56,28,17,46,21,27,18,18,8,27,16,17,28,31,16,16,17,19,23,20,19,18,24,50,23,22,31,11,24,16,37,17,17,31,45,12,8,55,17,44,33,36,41,41,17,52,16,12,13,45,14,19,29,34,65,14,20,24,38,46,18,105,12,16,37,56,31,32,27,17,22,42,36,18,27,16,50,31,10,42,28,30,45,33,14,21,16,16,57,24,4,13,84,33,13,26,35,7,35,33,40,12,3,38,28,22,45,42,21,16,15,30,32,40,93,43,29,24,23,34,26,40,18,31,16,35,14,37,37,17,36,15,37,42,33,40,41,36,32,23,15,51,29,18,17,7,29,37,22,54,37,26,29,17,16,11,17,17,15,22,12,17,23,14,20,16,48,36,21,14,16,7,29,8,23,28,14,23,17,34,22,108,16,34,18,17,43,32,22,18,19,18,13,14,20,17,12,15,22,17,14,18,33,14,19,15,43,14,17,25,91,18,29,27,12,29,20
8,97,42,33,8,18,38,32,40,23,16,44,35,18,39,28,41,27,11,20,11,41,11,23,13,39,43,15,17,26,6,10,14,20,70,5,21,31,46,15,39,7,16,50,26,16,0,15,7,17,14,35,21,54,36,39,24,29,46,14,18,35,46,6,24,67,16,20,32,15,12,5,27,20,40,39,40,11,63,17,10,25,8,5,28,25,32,51,9,18,10,7,20,20,6,42,8,63,9,30,7,40,21,15,69,70,8,53,50,16,33,28,14,8,17,50,22,34,45,6,23,16,38,11,6,8,135,16,55,51,10,25,63,31,11,46,21,28,12,16,16,30,32,11,31,36,20,19,12,19,22,28,25,9,27,56,23,27,33,17,23,7,37,19,6,27,45,15,16,61,20,50,34,38,43,42,11,50,9,17,13,51,10,26,31,38,70,16,9,19,38,45,12,107,19,13,41,60,30,33,30,11,29,38,39,9,22,8,48,36,19,42,28,33,47,39,22,23,19,15,56,24,17,19,87,30,23,31,34,17,35,31,39,19,16,37,30,20,43,42,27,14,21,35,34,39,94,41,28,30,27,38,24,42,25,33,14,35,21,36,37,11,35,6,42,40,36,37,43,44,36,27,12,57,35,25,5,13,30,36,22,56,39,22,30,10,7,18,6,17,20,19,12,16,28,14,7,9,46,33,27,20,26,19,30,17,33,23,13,25,5,34,24,110,19,41,19,12,43,33,27,12,21,10,17,22,28,24,17,21,22,6,16,18,37,7,8,19,37,4,26,22,93,20,28,33,17,29,4
17,99,42,32,14,10,32,28,29,22,6,44,25,13,36,22,34,26,17,17,16,41,13,33,15,37,42,14,17,19,18,16,13,14,70,15,19,35,46,10,48,12,14,49,24,16,15,0,16,11,13,37,25,56,35,43,22,25,48,16,23,35,44,14,22,69,6,22,29,18,15,16,29,18,30,28,30,13,58,17,18,23,15,16,28,20,35,42,14,11,17,12,21,21,13,42,15,58,16,24,15,38,20,14,69,75,12,48,49,1,30,15,16,12,9,49,15,33,42,14,14,16,41,13,15,13,133,12,54,49,14,19,63,35,16,44,26,26,15,15,13,22,30,18,30,31,7,16,15,15,26,28,22,16,23,57,20,25,33,7,23,16,39,17,17,30,45,13,5,53,24,51,25,33,46,45,14,49,14,7,12,51,16,26,24,38,64,11,17,19,41,38,17,106,11,11,35,53,24,31,28,16,27,37,36,16,27,15,48,28,7,36,29,32,47,36,9,22,18,1,58,26,16,19,88,24,23,25,35,22,32,34,39,6,14,37,23,22,40,49,21,16,22,31,36,38,91,43,29,32,20,36,25,35,19,28,16,32,19,39,37,16,34,15,38,40,31,43,44,40,33,28,12,57,30,15,12,2,29,39,30,53,38,26,30,15,15,5,17,4,13,23,10,16,20,18,16,16,40,36,20,11,21,9,29,8,34,29,16,24,12,30,22,108,22,43,13,17,39,32,22,14,19,11,3,11,22,27,9,5,24,17,10,14,35,11,11,8,39,14,17,16,91,13,26,31,2,24,15
8,99,44,35,9,21,38,34,37,22,16,45,34,25,46,31,41,28,14,18,13,40,11,28,15,41,42,17,20,27,8,14,15,20,69,8,20,37,46,16,44,8,16,53,28,16,7,16,0,18,13,39,26,60,37,45,26,25,48,9,15,37,47,9,31,69,16,19,36,15,12,4,29,20,40,39,40,13,67,25,12,26,7,9,29,25,35,53,10,25,13,7,24,22,9,42,8,64,13,31,2,41,24,15,71,77,7,56,52,16,34,28,9,7,22,47,24,33,49,4,23,16,42,11,9,8,138,19,56,53,11,22,63,35,9,48,23,27,11,13,21,31,32,14,34,35,20,18,5,25,24,30,29,7,32,56,23,28,35,18,25,3,40,23,3,34,45,18,18,61,27,51,33,40,51,43,10,50,4,18,17,47,10,28,31,41,70,18,9,26,40,47,11,109,20,13,41,61,31,35,35,9,29,38,38,7,23,3,49,35,19,43,28,34,46,40,24,25,17,16,56,28,16,21,93,31,22,34,35,25,40,33,43,18,16,41,31,19,42,44,27,9,22,37,29,40,95,41,35,32,31,39,26,45,25,35,9,40,27,37,45,9,38,9,43,38,37,41,44,43,37,30,7,57,36,24,5,13,32,37,24,58,40,23,32,12,1,18,3,18,20,23,13,15,29,17,11,12,47,37,26,20,27,19,32,18,34,24,18,29,5,33,24,109,20,44,16,14,43,32,34,13,24,11,18,23,31,27,18,22,29,16,16,11,39,7,7,18,42,4,31,25,92,25,27,33,18,32,6
19,94,40,34,14,10,36,36,32,22,12,45,31,12,36,28,36,12,13,17,18,37,15,33,17,35,43,15,11,22,19,21,15,13,70,20,23,32,45,15,47,15,12,53,12,14,17,11,18,0,17,36,29,54,37,45,18,28,47,17,17,35,47,16,14,69,13,21,35,18,14,19,29,21,36,36,36,11,61,12,18,28,15,16,25,29,33,46,18,8,18,16,16,16,16,44,15,62,19,22,16,41,20,16,71,75,15,52,46,13,30,13,15,16,16,48,20,32,47,15,19,17,45,15,20,20,136,18,53,53,17,22,59,31,14,44,21,29,18,18,15,28,33,17,29,31,14,14,16,17,28,26,24,18,24,54,23,26,37,12,25,18,39,5,20,35,48,16,10,60,23,54,30,38,46,46,19,48,16,19,13,52,19,24,27,34,67,2,13,10,39,46,17,104,19,8,33,58,30,30,32,19,27,34,37,18,24,16,48,33,19,41,25,38,49,33,18,24,21,16,55,25,10,21,91,30,22,33,39,19,31,33,36,14,12,42,15,21,42,50,17,15,16,31,34,40,92,43,31,28,30,41,26,41,17,30,15,31,21,40,43,19,35,20,44,43,35,39,38,36,33,29,14,59,37,23,15,13,28,40,24,57,41,26,34,15,17,8,20,14,9,19,15,19,30,17,18,21,45,35,22,15,29,15,34,10,27,29,18,24,15,34,23,107,16,47,14,18,46,32,31,16,21,16,12,8,30,28,15,15,28,15,14,17,37,14,16,2,43,17,21,26,93,19,32,36,14,32,20
14,97,40,33,10,13,34,30,42,20,12,44,33,19,41,29,44,23,13,16,6,41,14,29,10,38,41,13,18,29,9,4,13,18,68,11,19,35,46,10,37,8,15,49,26,14,14,13,13,17,0,38,19,55,36,40,22,26,49,13,15,37,48,11,29,63,16,15,32,12,7,10,30,21,38,43,38,9,66,24,5,25,7,10,22,30,30,50,8,24,14,10,15,16,7,39,10,62,6,29,13,39,22,4,65,74,9,56,49,16,33,29,14,10,18,53,19,36,47,12,23,10,37,9,14,11,139,15,54,51,10,27,62,34,13,47,23,27,9,11,14,32,31,11,32,34,16,20,14,23,16,26,25,11,35,57,21,24,33,15,24,13,38,19,11,35,43,7,17,59,27,48,33,39,49,42,5,48,10,15,12,51,12,24,30,37,70,16,11,25,38,40,6,106,17,9,40,60,29,33,27,13,29,39,36,11,14,13,48,36,19,41,28,31,47,35,18,19,20,17,55,24,18,15,90,31,17,29,36,23,39,32,37,16,18,38,33,15,40,42,29,14,19,28,30,42,91,42,26,31,31,32,24,45,26,36,15,39,23,33,44,13,37,12,42,38,35,33,43,43,35,26,14,55,35,22,13,10,31,33,25,57,40,18,25,6,13,14,11,16,18,18,10,15,29,8,6,13,43,35,23,19,19,18,27,18,33,22,18,26,11,29,22,109,16,43,16,13,42,30,30,3,18,8,11,19,30,21,13,18,30,14,14,16,38,9,13,16,38,11,32,20,94,23,28,32,15,34,12
40,96,37,31,37,30,39,38,38,36,37,46,35,35,38,40,27,34,39,29,33,39,36,42,40,43,43,32,38,33,37,36,35,38,64,37,37,37,39,35,52,35,35,47,40,36,35,37,39,36,38,0,38,57,38,43,33,33,45,38,38,25,36,37,38,64,32,38,46,36,37,34,34,39,28,24,27,36,61,38,40,33,34,37,35,42,33,47,36,38,34,35,35,37,37,35,37,54,34,28,39,27,24,34,68,76,36,53,42,41,37,34,40,38,36,50,19,40,41,38,34,37,43,36,37,35,142,26,52,45,34,39,49,29,37,44,40,31,36,38,34,30,29,38,41,43,37,45,37,31,45,34,33,39,41,55,36,33,37,37,34,39,30,36,38,38,37,40,37,57,35,45,34,35,47,38,42,56,36,36,41,42,38,31,36,20,74,35,36,32,42,40,32,103,33,36,34,63,39,24,35,36,32,43,43,39,36,36,57,20,34,35,36,38,43,40,36,43,35,41,59,35,35,38,75,31,39,41,41,39,37,31,33,37,36,33,40,38,49,50,41,40,30,44,37,41,92,46,38,33,36,32,34,38,39,19,40,37,35,42,40,36,35,36,21,36,43,41,42,30,40,38,36,58,38,38,38,38,30,42,35,56,30,39,40,36,36,35,38,39,40,35,35,38,42,39,41,35,41,29,34,37,24,33,35,34,31,38,41,36,38,32,32,110,32,37,37,34,41,31,30,38,38,31,40,36,38,39,34,35,35,36,36,39,41,35,39,35,47,35,41,34,91,34,31,33,35,16,37
25,98,41,36,22,23,36,35,43,20,28,44,36,18,45,32,44,25,21,21,25,37,24,27,24,43,47,21,23,26,24,17,24,24,62,24,21,31,44,22,38,23,24,52,20,24,21,25,26,29,19,38,0,54,31,41,18,22,45,25,20,40,46,24,29,63,24,23,34,19,20,22,27,23,42,42,42,24,66,23,21,26,19,21,25,26,35,48,23,22,25,21,21,20,20,44,22,56,19,31,26,44,22,24,66,79,23,59,41,26,35,22,28,24,19,52,20,27,42,25,21,20,33,20,24,24,139,19,50,47,20,31,54,33,27,41,19,29,23,26,26,27,31,23,29,36,25,27,24,25,23,27,28,25,27,53,23,23,34,27,26,26,40,29,25,37,43,15,23,66,26,47,33,40,50,43,16,48,24,28,23,51,24,19,26,44,71,22,23,22,41,43,28,110,27,22,44,66,30,34,26,24,27,43,43,25,18,26,53,38,22,41,24,31,49,40,21,17,23,24,57,26,26,22,84,30,25,34,31,27,38,17,40,25,23,40,31,23,42,45,24,28,15,31,34,40,88,47,31,30,29,38,24,46,29,33,28,38,20,30,45,24,38,23,44,40,36,38,44,42,32,31,25,57,30,26,24,26,21,30,19,60,30,18,25,18,26,23,25,25,23,20,24,24,29,21,19,22,49,36,23,23,20,20,32,24,27,28,26,25,25,29,27,110,16,42,27,22,42,32,33,17,24,25,27,26,33,21,24,22,30,21,24,27,34,24,23,28,39,23,31,22,93,22,29,34,25,35,26
59,99,51,50,55,57,36,51,64,61,55,57,52,48,52,49,63,51,56,55,58,62,61,56,59,64,66,56,56,58,59,53,59,56,67,59,57,51,55,56,58,58,53,55,54,54,54,56,60,54,55,57,54,0,46,39,55,58,58,61,59,58,57,59,54,68,59,59,54,58,57,60,52,55,60,62,60,52,45,57,55,56,57,58,53,58,53,56,57,53,56,57,58,58,55,64,57,67,57,48,60,64,60,55,76,47,59,49,54,58,59,64,61,60,53,70,55,61,57,59,55,58,66,56,60,58,119,57,50,60,56,64,71,52,59,52,58,54,60,57,56,60,47,50,59,46,58,57,58,54,58,54,49,59,55,55,59,52,59,57,55,60,59,61,58,56,54,57,58,32,60,54,58,43,49,52,51,62,60,56,56,67,58,54,58,53,51,58,56,57,41,54,60,91,60,56,65,39,60,58,60,60,57,68,66,59,58,60,63,45,49,66,54,37,56,59,59,53,61,56,62,51,55,57,85,55,59,41,54,56,57,58,63,60,56,61,58,59,67,64,61,61,60,58,65,58,96,66,57,57,55,50,58,60,49,46,61,57,47,58,54,60,62,59,52,67,55,66,52,64,41,49,60,61,58,59,56,55,51,60,59,65,53,59,62,56,60,56,58,57,59,55,53,57,53,57,55,59,57,57,53,60,55,59,60,58,57,62,58,56,57,54,66,115,59,38,58,55,44,57,60,59,55,62,55,61,44,60,58,61,59,60,57,59,59,57,58,59,67,57,62,57,103,54,60,64,58,53,61
36,99,40,36,31,34,20,37,42,42,34,42,40,30,38,39,46,38,34,40,37,36,38,35,37,41,44,35,35,32,38,34,36,35,69,37,42,28,52,39,47,37,38,55,28,39,36,35,37,37,36,38,31,46,0,21,34,29,49,40,37,43,48,36,23,65,39,36,33,37,34,38,31,39,44,47,44,38,46,22,35,32,38,36,32,32,27,51,39,28,38,37,30,29,35,50,40,65,37,31,36,39,35,36,70,67,38,36,39,31,21,31,39,37,29,53,39,38,48,35,32,39,35,34,35,38,124,36,60,46,38,42,66,35,38,53,32,37,39,39,31,41,22,34,30,32,34,37,37,24,36,31,26,38,26,61,38,30,41,22,30,37,42,23,35,38,49,37,33,41,19,57,39,46,42,42,39,55,37,33,35,41,39,36,43,41,50,36,36,28,38,48,34,88,38,38,35,47,44,43,31,38,26,44,43,38,32,36,53,32,34,47,38,21,43,31,28,32,38,33,60,23,35,37,86,35,36,20,27,20,40,34,40,22,39,46,36,36,44,51,37,39,42,37,37,38,91,52,29,33,35,34,30,39,32,32,39,40,22,45,43,38,30,37,40,47,38,29,48,49,27,39,38,63,33,35,35,31,27,44,32,61,44,36,32,38,36,37,35,35,32,36,36,35,40,34,36,37,52,36,38,35,31,26,35,20,40,41,36,23,34,35,43,114,38,31,36,30,39,34,27,38,31,36,31,29,39,36,38,37,37,37,34,38,26,35,35,20,43,38,27,32,98,22,39,27,25,37,36
44,94,44,41,38,40,21,42,39,44,42,43,48,36,33,40,43,46,41,44,45,38,46,42,34,49,49,39,40,45,42,38,43,39,62,42,40,32,52,40,47,43,43,52,31,41,39,43,45,45,40,43,41,39,21,0,46,32,50,44,42,47,51,44,30,64,45,43,35,45,34,43,44,40,42,41,42,40,49,41,43,43,41,41,40,35,40,58,40,39,40,44,47,45,43,41,44,58,44,31,44,44,45,40,66,67,42,50,48,42,41,43,45,42,39,56,47,46,48,44,39,44,42,43,44,43,135,45,60,57,43,46,64,32,44,43,44,44,45,46,44,45,42,37,47,40,40,43,44,42,40,38,31,43,38,52,43,40,46,42,47,45,40,46,43,41,36,41,45,52,33,57,37,51,55,49,38,57,44,43,39,36,40,39,42,47,63,42,41,34,46,47,47,101,38,43,45,57,49,48,41,41,46,46,47,43,45,44,56,31,35,47,45,24,37,39,47,41,46,45,57,41,40,42,82,45,44,30,43,37,30,38,45,36,43,44,42,43,45,48,47,45,46,42,49,36,97,50,42,45,37,35,41,42,32,28,45,30,36,40,43,41,39,44,35,49,42,45,47,36,17,36,43,60,49,41,42,43,31,39,42,63,47,44,40,42,44,40,43,42,39,38,45,45,36,44,40,41,51,44,43,41,32,45,50,37,43,50,37,31,44,40,50,117,44,30,42,41,31,44,43,40,40,45,41,41,41,44,40,42,43,42,41,47,44,41,43,37,49,43,40,40,97,35,33,47,42,38,45
25,94,37,29,24,21,32,33,37,12,23,36,27,19,34,30,44,18,21,19,23,41,26,35,24,42,47,22,13,18,25,24,22,23,63,24,17,29,44,14,49,20,20,47,22,15,24,22,26,18,22,33,18,55,34,46,0,21,44,25,21,35,45,24,27,59,19,25,36,21,20,24,29,20,33,34,33,23,60,16,24,22,23,23,28,23,29,44,22,18,23,22,19,18,25,40,22,59,23,18,26,39,15,18,61,73,19,54,41,20,23,21,25,24,19,51,19,35,46,25,17,19,42,20,24,22,137,15,53,31,17,22,56,30,21,42,25,19,26,20,23,29,21,24,26,31,17,26,27,21,24,31,26,24,32,49,17,24,21,17,28,26,37,20,25,30,43,22,17,61,26,46,36,34,47,42,23,50,25,17,18,45,23,26,25,39,67,12,23,25,39,45,21,105,27,24,42,57,28,30,34,24,26,45,41,24,20,26,54,35,18,39,28,37,48,38,18,16,23,20,55,24,27,22,90,33,19,37,37,20,32,27,35,24,17,34,29,25,43,45,22,25,14,32,32,41,92,47,31,28,31,35,20,41,23,36,25,32,14,32,36,24,33,23,45,42,35,36,40,42,35,29,24,52,33,17,24,23,25,32,26,55,27,16,36,17,26,19,25,19,18,15,20,23,25,22,24,25,40,36,21,17,22,23,21,23,21,21,24,27,25,34,23,104,19,42,24,25,41,27,29,20,22,15,22,15,27,23,23,24,25,19,25,25,37,23,25,17,44,22,24,23,93,13,27,31,17,27,26
28,99,39,34,29,14,33,29,37,21,25,27,25,25,37,26,39,22,25,21,24,43,29,26,25,42,48,23,21,17,27,29,19,25,67,27,27,28,44,23,49,27,23,54,21,22,29,25,25,28,26,33,22,58,29,32,21,0,48,30,23,35,46,27,33,65,22,28,34,27,25,23,22,26,37,42,37,28,62,24,29,27,23,27,18,29,25,43,27,21,24,24,15,15,26,41,26,61,23,28,25,37,17,22,70,70,24,54,46,25,31,22,30,26,15,52,19,31,40,28,22,20,48,22,27,22,135,25,54,44,23,22,50,28,24,43,29,19,26,25,29,30,31,30,35,36,23,31,26,25,28,27,21,29,33,54,26,21,33,23,28,25,38,27,28,32,48,25,24,61,23,47,33,41,45,45,26,56,28,22,26,48,26,26,26,43,65,21,24,25,38,45,23,106,25,26,38,62,30,32,32,29,20,40,40,29,23,25,55,31,17,46,26,29,46,37,16,26,30,23,55,19,24,25,90,30,23,34,43,28,37,34,31,21,22,41,25,28,47,46,26,30,20,32,31,32,89,45,25,25,26,43,27,41,25,35,30,37,24,40,45,29,31,26,41,46,35,34,39,37,39,18,29,59,40,18,28,26,24,40,33,54,34,19,39,23,25,17,28,25,25,24,25,26,28,28,29,27,45,36,23,25,21,15,28,24,25,26,31,23,28,29,29,110,21,48,24,31,44,22,38,24,30,21,20,27,26,25,24,23,21,23,26,26,37,24,28,28,40,24,23,18,89,26,19,34,21,30,29
49,93,41,51,48,43,50,51,52,45,44,47,45,48,51,48,51,38,48,49,49,50,47,51,45,55,48,44,45,49,48,49,44,45,68,47,51,44,49,44,51,49,43,49,48,43,46,48,48,47,49,45,45,58,49,50,44,48,0,48,51,42,45,47,50,55,43,47,48,49,47,48,43,43,53,43,53,49,62,46,44,46,48,47,45,46,50,52,49,46,47,46,45,45,46,54,47,56,43,47,48,44,42,44,57,68,48,50,50,50,45,51,50,47,45,56,46,50,44,47,47,49,57,48,48,48,142,46,54,44,46,48,51,38,47,37,50,44,49,49,45,43,43,48,38,47,37,51,49,43,48,44,44,50,41,51,43,39,43,50,47,48,47,49,48,40,50,49,38,54,41,55,48,39,42,39,45,57,47,43,47,45,48,45,43,44,64,40,45,39,43,39,44,106,46,46,47,54,49,50,42,47,46,55,48,50,39,48,59,53,45,38,47,45,48,47,39,44,45,50,55,44,47,47,92,51,41,44,49,41,49,40,46,49,46,45,52,47,54,53,51,50,43,40,50,44,95,60,45,40,46,46,49,48,48,50,49,49,47,48,47,47,41,48,41,49,38,51,52,46,49,45,50,59,47,48,46,45,40,47,44,59,43,44,47,44,48,39,48,48,39,41,46,47,44,45,44,44,47,50,49,38,40,43,43,48,42,50,49,47,48,40,54,116,48,46,49,44,50,47,39,46,46,43,45,52,47,48,47,46,48,49,49,51,45,46,50,50,53,45,53,42,90,46,43,47,47,45,49
12,101,47,38,11,20,39,34,42,23,17,47,36,26,47,32,42,27,17,18,14,45,7,30,16,40,42,19,22,27,11,18,15,21,71,13,21,39,48,16,44,11,15,53,30,16,14,16,9,17,13,38,25,61,40,44,25,30,48,0,17,40,45,13,33,72,17,18,40,14,14,10,30,23,34,40,34,13,66,21,8,26,10,9,32,30,37,57,10,21,12,10,26,21,11,42,13,66,12,33,9,43,24,15,73,79,13,55,54,16,35,30,4,10,24,52,25,32,50,8,22,17,44,12,13,11,140,20,57,54,10,24,64,36,7,50,24,28,13,15,22,32,37,13,35,35,22,23,9,22,27,30,27,7,34,57,22,29,36,17,27,9,43,21,14,34,47,18,18,62,25,52,34,42,50,45,10,51,10,20,16,49,12,29,32,43,71,17,7,28,41,47,13,109,20,16,38,65,32,34,36,7,31,38,36,7,25,14,51,36,22,44,29,40,46,39,23,25,19,16,57,30,18,23,94,32,24,36,39,21,37,34,45,18,19,40,33,18,42,50,29,4,23,37,33,41,96,43,31,32,32,41,25,47,24,36,5,37,27,41,47,7,37,13,46,38,36,44,45,43,38,30,6,58,37,25,14,16,36,41,30,61,40,28,36,15,14,19,14,18,22,23,13,18,29,19,12,11,48,39,28,20,30,20,36,16,35,26,22,29,14,36,25,110,20,49,16,18,47,29,33,15,25,15,15,20,32,29,16,19,29,12,15,14,44,10,12,17,39,12,30,28,95,22,27,36,20,33,14
18,97,43,36,18,25,31,34,42,18,17,45,34,22,43,30,44,26,18,22,20,39,15,21,15,40,44,15,24,24,19,17,18,17,70,15,13,35,45,21,36,20,15,52,24,13,18,23,15,17,15,38,20,59,37,42,21,23,51,17,0,36,47,19,28,68,13,20,37,12,14,19,24,21,38,40,38,20,65,22,15,25,15,18,26,31,29,55,17,19,15,19,20,20,16,42,14,59,17,32,16,40,22,11,70,77,16,55,53,20,33,29,17,15,19,52,26,39,40,19,21,13,41,12,19,17,135,17,54,48,19,19,61,36,16,50,22,27,18,17,21,34,35,15,34,32,16,15,20,18,23,26,24,16,34,49,18,33,34,19,20,19,36,21,12,29,44,14,20,63,24,44,35,39,46,43,10,48,19,18,16,43,18,25,32,41,72,17,9,22,43,49,19,108,12,18,40,65,34,32,31,13,31,40,40,16,25,19,50,35,13,47,28,33,43,40,23,14,10,20,55,28,22,16,86,34,22,35,34,20,34,33,45,18,15,40,31,20,42,50,27,17,14,35,32,41,98,46,29,32,28,40,25,44,26,35,16,34,22,38,44,13,36,18,43,40,37,42,42,44,36,25,17,50,31,22,16,19,29,38,25,58,36,16,30,6,15,13,12,21,21,16,21,15,33,17,16,19,50,35,27,17,26,20,33,19,30,25,14,23,20,38,23,109,14,46,20,13,38,33,31,17,21,9,17,22,29,24,19,18,25,14,19,14,39,20,20,18,44,19,30,21,91,20,28,23,18,32,20
38,90,37,35,34,35,29,35,42,31,35,46,38,37,44,32,39,30,32,29,38,39,40,34,36,43,40,33,34,36,35,35,34,34,70,35,33,27,42,33,51,37,32,48,37,32,35,35,37,35,37,25,40,58,43,47,35,35,42,40,36,0,25,35,35,67,33,36,34,29,36,37,33,37,32,37,32,34,63,35,36,32,35,35,39,38,32,49,33,35,36,33,35,32,38,41,36,60,35,34,37,43,31,35,71,76,35,59,43,35,26,38,40,36,34,56,29,35,45,36,36,25,43,35,35,34,143,29,54,49,35,40,52,26,40,44,36,36,37,39,34,36,38,35,37,37,33,38,38,37,38,34,35,39,36,54,28,33,33,36,29,37,34,36,36,36,40,36,33,60,34,46,38,36,44,39,35,48,37,36,35,50,34,31,37,39,72,35,36,35,41,43,37,107,35,37,37,66,36,33,32,35,39,41,44,39,36,37,52,32,34,44,34,35,40,31,33,34,35,35,51,31,36,40,85,36,31,34,34,35,39,31,31,35,32,32,38,36,44,43,33,40,33,25,35,29,95,46,32,29,36,39,34,43,34,37,40,39,37,31,39,35,23,36,45,45,38,33,41,31,44,34,39,53,35,34,33,34,31,32,27,54,39,35,25,37,37,34,36,36,35,35,33,40,38,32,36,36,41,34,38,33,31,29,34,35,31,33,37,38,36,39,42,106,31,39,34,36,34,30,38,36,34,32,35,36,36,37,36,35,32,34,38,40,38,34,35,35,42,33,39,35,85,38,38,27,35,36,39
47,93,45,46,49,43,40,44,44,42,46,47,41,44,43,40,41,44,47,43,48,46,49,55,47,50,53,42,41,47,47,45,42,47,61,45,48,34,30,43,54,44,42,47,48,42,46,44,47,47,48,36,46,57,48,51,45,46,45,45,47,25,0,45,49,69,43,38,46,46,47,45,46,46,45,45,45,43,64,47,46,36,42,46,43,48,41,45,44,47,48,46,42,43,46,50,46,57,47,40,47,35,44,43,70,72,44,56,41,44,43,50,47,45,44,51,40,46,39,46,41,41,58,48,45,45,147,42,48,46,43,49,47,45,46,39,45,39,47,47,43,44,49,48,36,44,44,50,46,43,46,42,44,46,52,51,35,45,41,45,34,47,43,48,46,39,33,45,42,68,44,41,43,46,46,36,45,47,47,44,47,44,46,41,41,40,74,44,45,43,43,41,40,108,46,44,45,65,45,35,44,47,43,51,54,46,38,47,48,46,42,44,40,39,44,40,41,40,41,44,54,45,48,48,83,45,43,45,47,46,43,40,37,46,39,37,49,38,50,42,47,47,47,40,37,44,96,52,32,37,46,35,41,44,51,46,47,43,46,43,46,47,37,45,37,46,44,48,41,34,44,44,47,53,45,42,43,43,47,39,45,48,39,37,46,44,47,42,46,45,43,41,42,49,41,42,45,47,45,41,43,44,35,43,45,44,40,42,48,49,46,33,47,108,38,32,45,46,41,42,39,43,43,43,43,45,41,45,44,43,41,49,47,48,40,46,44,47,53,44,49,34,90,45,40,39,46,42,49
6,97,43,33,4,20,36,34,39,22,13,43,32,21,44,29,39,25,12,16,10,41,8,27,13,38,42,15,17,25,8,12,14,19,69,4,18,35,44,15,43,6,14,52,26,14,6,14,9,16,11,37,24,59,36,44,24,27,47,13,19,35,45,0,30,67,14,17,34,13,10,4,28,18,38,37,38,12,65,21,10,24,8,4,27,26,33,52,8,21,11,7,22,20,7,42,8,62,10,31,8,41,23,12,69,74,5,55,51,14,33,26,7,6,21,49,24,30,45,1,22,14,41,9,5,6,137,19,54,51,9,22,61,35,6,47,22,26,9,13,19,30,32,13,32,34,19,20,10,23,23,28,28,5,31,54,20,26,34,19,23,9,38,21,3,31,43,14,17,61,24,49,32,39,49,41,10,48,3,19,17,47,9,27,29,40,70,20,9,23,39,46,13,106,19,12,39,62,30,33,33,6,32,36,31,5,21,3,47,33,22,42,26,32,44,37,21,23,17,15,57,25,13,21,90,30,20,31,34,21,35,31,41,15,15,39,29,17,42,43,25,7,20,33,29,39,93,41,31,32,31,39,24,44,27,34,7,35,25,35,43,6,35,4,40,37,32,40,42,40,37,29,7,55,34,22,2,12,30,35,23,56,38,21,33,15,3,17,3,16,19,21,11,13,27,15,9,10,48,35,26,20,27,18,31,18,32,22,20,27,2,33,22,107,18,43,14,15,43,32,32,11,22,8,16,21,29,26,19,20,26,14,10,11,38,7,4,19,41,4,29,24,90,24,25,31,15,31,7
29,99,42,32,28,17,34,39,41,28,27,46,28,9,32,24,42,20,30,25,29,43,31,26,30,43,43,25,25,28,31,27,31,26,68,30,26,38,47,23,33,29,21,48,20,22,24,22,31,14,29,38,29,54,23,30,27,33,50,33,28,35,49,30,0,61,17,23,32,25,22,28,25,25,43,36,43,31,58,21,26,20,29,29,26,22,33,51,31,11,26,30,27,26,28,47,32,62,27,26,31,43,25,29,69,65,31,45,45,24,24,32,33,32,9,53,21,41,43,30,19,29,40,24,30,31,128,19,59,52,30,34,67,36,30,48,27,26,29,30,18,29,20,27,22,26,21,17,32,18,26,27,14,31,14,59,30,23,35,30,28,31,42,17,28,21,46,27,17,55,28,54,40,38,38,45,27,52,31,29,20,47,31,24,36,37,60,11,30,20,42,38,34,107,24,25,40,51,27,38,30,33,31,44,42,31,25,31,53,30,18,35,26,28,38,31,15,27,34,29,55,27,30,25,90,27,22,30,35,24,33,36,43,12,23,40,32,23,47,46,31,33,31,38,34,31,92,49,19,27,34,42,23,41,19,27,33,33,22,40,30,33,27,30,42,46,36,44,43,48,32,26,30,57,27,18,27,26,16,34,17,60,42,33,31,28,31,13,28,12,12,23,27,33,32,25,27,33,50,34,32,12,20,19,33,18,34,33,19,4,28,38,30,112,29,48,27,19,43,30,19,32,17,32,13,19,28,26,18,26,22,27,29,35,37,31,31,16,45,31,19,22,94,10,29,37,28,36,26
68,99,63,63,64,60,61,71,72,62,65,70,68,66,68,73,73,68,67,69,62,65,70,67,64,70,76,58,61,66,68,66,63,67,70,67,70,59,63,64,64,70,65,66,64,61,67,69,69,69,63,64,63,68,65,64,59,65,55,72,68,67,69,67,61,0,66,70,64,67,68,69,61,71,75,78,75,68,72,67,64,67,63,67,65,66,62,63,69,67,68,68,65,59,62,71,65,65,66,68,69,65,56,66,8,78,69,72,66,65,54,70,71,69,60,70,68,68,62,68,66,67,73,64,67,69,144,70,67,64,68,73,67,73,70,57,66,70,69,71,68,66,56,69,70,72,63,70,70,66,66,61,66,70,68,70,65,67,66,63,66,69,62,67,68,70,71,63,63,72,70,66,75,73,67,68,64,70,69,70,64,69,69,61,64,70,78,65,69,66,64,66,62,115,64,66,69,75,69,73,63,69,64,76,78,70,66,69,75,75,63,71,69,63,73,69,62,59,64,64,65,70,66,71,95,74,62,61,62,65,71,70,72,66,65,71,68,70,72,69,70,71,66,67,73,60,94,76,62,62,72,72,67,62,67,72,71,71,69,68,66,69,63,69,63,73,75,60,72,73,69,61,71,72,65,68,68,65,66,67,63,72,72,65,65,65,69,64,68,64,65,62,65,65,73,70,66,68,76,66,67,66,63,68,61,68,64,68,70,72,68,70,72,111,64,67,64,65,67,65,65,66,60,65,64,68,72,64,66,66,73,71,67,72,66,69,70,67,77,69,67,57,89,64,70,70,68,74,68
17,99,39,29,13,17,27,23,35,22,6,44,32,17,36,25,39,24,10,9,17,37,16,32,8,40,42,1,9,18,12,16,2,10,70,14,18,31,44,11,45,13,5,52,19,2,16,6,16,13,16,32,24,59,39,45,19,22,43,17,13,33,43,14,17,66,0,25,30,9,9,14,24,17,32,37,32,11,61,11,13,24,12,15,26,23,34,46,13,11,12,15,14,14,14,34,15,60,18,24,16,41,17,10,61,73,14,50,47,6,30,24,18,15,14,49,15,32,41,15,8,8,40,12,16,15,137,9,49,46,13,24,60,31,15,46,26,23,16,17,12,29,21,16,19,34,18,22,17,10,27,23,17,17,23,50,24,26,35,14,21,16,35,18,14,27,43,13,12,53,20,46,32,39,42,44,15,49,17,18,17,48,15,22,27,33,68,9,14,17,38,45,13,101,16,13,36,59,27,30,35,17,24,41,34,17,24,16,50,28,9,40,27,28,44,37,20,20,13,6,56,19,2,21,86,27,17,29,37,7,34,31,35,14,2,38,29,25,42,42,22,18,15,33,31,39,93,44,30,24,23,34,21,39,17,34,18,34,9,39,39,17,34,16,39,41,33,36,42,37,33,22,17,51,32,20,12,3,28,39,25,54,38,20,34,13,16,14,14,18,14,16,10,16,25,15,15,15,45,33,23,7,17,7,30,9,30,28,16,25,14,30,23,110,15,41,6,13,35,31,22,15,18,12,11,15,22,16,13,13,18,15,10,18,35,16,14,20,44,16,23,20,90,17,24,30,13,29,15
22,97,43,36,18,22,38,35,41,20,20,32,37,16,38,33,42,21,20,19,25,42,20,31,25,41,43,25,23,30,19,23,25,25,69,18,22,33,50,18,38,15,17,51,22,22,20,22,19,21,15,38,23,59,36,43,25,28,47,18,20,36,38,17,23,70,25,0,32,18,22,19,26,14,38,45,38,23,69,15,21,32,22,21,23,28,36,55,21,15,22,19,18,19,19,45,22,59,13,30,17,45,25,16,72,78,17,53,57,19,33,23,16,17,18,56,26,31,48,16,18,24,38,16,20,18,139,23,39,55,22,18,67,32,17,51,23,32,23,22,20,36,29,19,19,36,20,25,18,16,21,25,21,15,27,57,14,26,37,19,23,19,41,22,20,32,47,22,19,60,22,51,33,44,48,43,22,38,16,25,21,50,21,25,30,44,74,23,19,21,42,41,15,109,25,21,39,60,30,36,32,19,31,43,39,15,9,17,52,35,24,34,17,35,49,19,17,23,21,24,60,27,20,22,93,35,21,31,36,20,34,39,46,23,25,39,34,0,39,44,26,16,25,17,30,41,94,40,23,33,34,39,9,40,29,37,17,34,17,27,45,19,36,21,42,22,33,39,45,43,33,29,16,44,27,26,19,23,34,26,28,63,29,14,27,19,18,17,20,19,15,20,21,15,28,6,10,17,49,39,30,15,27,23,24,22,34,22,22,25,18,30,18,109,15,47,23,24,44,34,19,13,21,22,23,18,32,29,21,22,29,17,20,19,29,18,17,19,32,22,27,18,90,18,30,34,22,34,23
36,94,43,39,34,27,31,36,42,39,32,44,32,22,31,32,44,32,31,29,30,45,39,32,32,44,52,29,33,36,33,28,29,32,72,34,36,27,48,31,46,35,35,56,23,32,32,29,36,35,32,46,34,54,33,35,36,34,48,40,37,34,46,34,32,64,30,32,0,31,29,35,26,36,37,43,37,33,61,28,36,32,35,35,34,11,29,51,37,25,36,34,37,36,31,45,34,67,39,39,36,50,36,35,62,71,35,52,49,34,20,39,40,36,28,56,33,38,44,35,24,37,46,32,34,36,135,31,62,51,36,42,61,34,39,52,33,40,36,34,27,29,27,34,35,41,35,34,37,27,34,26,27,37,30,59,33,21,34,33,33,36,38,36,37,30,53,34,26,59,26,53,43,43,37,50,33,52,35,28,32,55,37,28,41,43,60,31,34,23,39,42,28,108,31,34,45,59,32,37,38,38,28,42,39,37,33,36,52,37,27,43,26,24,42,44,31,26,31,30,61,28,30,34,94,34,31,21,29,30,32,33,35,36,39,41,33,36,49,46,41,40,34,34,36,29,94,48,25,24,36,42,31,44,31,34,40,32,30,31,37,38,26,34,42,46,35,36,51,42,32,33,39,62,26,36,35,31,21,30,29,65,43,27,35,38,36,32,37,31,34,23,33,29,34,35,32,37,44,28,38,30,23,32,22,27,33,38,24,34,37,31,37,107,36,38,33,25,39,32,25,36,33,36,30,36,34,33,31,34,28,33,34,38,32,35,37,31,44,35,27,29,97,26,37,33,36,33,33
16,91,41,31,11,19,35,32,42,19,14,44,30,19,43,29,39,23,11,18,16,42,15,30,11,39,39,10,17,23,13,12,13,18,67,13,13,28,44,14,45,13,12,52,26,13,15,18,15,18,12,36,19,58,37,45,21,27,49,14,12,29,46,13,25,67,9,18,31,0,10,14,29,18,37,42,37,16,63,22,12,19,11,12,28,29,29,50,11,20,10,15,22,22,12,43,11,61,12,29,15,41,23,12,68,74,12,57,49,16,28,28,14,14,18,51,23,28,46,14,22,14,41,15,13,11,142,18,53,47,12,21,59,35,12,46,20,26,14,17,19,30,30,14,32,35,18,18,16,18,21,27,26,13,30,53,18,25,36,21,26,15,37,23,12,29,40,8,17,58,23,46,31,40,46,40,15,46,15,16,11,40,13,26,27,39,71,16,12,21,42,44,17,106,17,15,38,63,32,33,38,15,31,40,39,13,16,15,50,35,16,42,28,33,45,34,17,16,14,16,56,29,16,19,85,30,23,34,32,22,37,29,42,18,14,41,31,17,39,44,30,14,15,32,33,40,92,45,34,31,29,35,22,45,25,37,14,37,21,31,40,15,34,13,39,35,37,37,43,42,39,27,11,52,36,19,13,13,24,31,24,56,34,21,33,11,15,13,12,20,18,21,16,5,27,13,13,14,44,36,25,15,24,16,28,18,29,21,14,27,12,31,18,110,12,42,15,17,42,33,28,9,20,12,11,21,30,24,16,18,26,14,11,16,41,14,15,20,37,11,32,27,88,21,23,28,15,33,16
15,98,39,32,15,20,37,28,37,23,12,44,33,20,37,24,44,25,6,20,12,38,13,30,1,41,42,10,18,26,8,13,10,15,67,10,18,33,46,10,46,11,12,51,25,11,12,15,12,14,7,37,20,57,34,34,20,25,47,14,14,36,47,10,22,68,9,22,29,10,0,14,27,20,36,41,36,12,63,20,11,28,10,12,23,22,33,50,9,23,6,11,19,19,11,42,13,58,11,31,16,42,25,12,67,77,12,52,48,13,31,27,16,10,20,51,26,36,47,15,24,17,40,12,13,12,136,20,54,51,12,21,62,35,15,47,21,28,13,14,18,34,29,14,31,33,18,20,16,20,24,29,25,14,33,57,24,29,33,20,25,16,38,20,13,35,44,10,14,59,24,52,32,38,48,45,14,47,14,19,14,49,13,30,29,40,68,17,12,24,40,45,15,104,17,11,37,61,32,35,38,14,30,40,39,14,25,16,51,33,19,43,25,34,47,39,22,22,20,17,56,25,6,22,91,30,20,33,32,21,39,32,38,21,14,37,29,21,40,45,25,16,21,35,34,39,93,44,34,30,28,38,22,41,22,33,16,39,23,36,39,14,36,14,44,38,34,40,45,45,35,29,15,57,32,15,13,11,31,36,25,53,37,21,34,14,16,18,13,20,19,20,16,18,27,16,14,13,49,37,24,17,25,20,33,17,31,25,11,25,13,35,23,113,18,42,11,15,39,29,30,11,24,11,15,22,28,25,17,20,26,16,13,19,37,14,11,16,43,14,24,24,93,22,25,34,20,32,14
8,99,44,32,6,21,36,33,40,19,14,42,33,23,46,26,41,23,10,17,11,40,8,28,12,37,42,14,18,23,6,10,12,17,66,7,20,34,44,16,40,6,14,53,26,15,5,16,4,19,10,34,22,60,38,43,24,23,48,10,19,37,45,4,28,69,14,19,35,14,14,0,29,18,40,40,40,11,66,23,11,25,5,7,27,26,31,52,8,23,13,6,22,23,7,42,5,59,12,31,4,38,25,9,70,76,5,53,51,16,34,27,10,8,23,50,22,31,47,8,24,13,42,7,7,6,138,22,53,50,4,24,55,35,9,47,23,26,7,16,18,31,30,14,31,35,20,21,12,22,25,27,24,7,30,54,21,25,35,19,26,4,37,20,5,32,43,15,18,62,25,49,32,40,49,41,8,47,2,17,16,45,9,28,28,39,69,19,8,25,39,46,9,107,17,12,41,63,31,31,33,8,32,39,38,7,22,4,49,35,22,43,27,32,44,36,22,21,18,16,56,27,15,21,90,31,22,31,34,23,38,31,38,18,14,36,31,19,42,43,27,10,20,33,35,41,92,40,30,28,31,37,22,45,26,35,10,38,25,34,43,8,36,6,43,38,35,41,40,43,35,29,7,55,33,22,5,12,29,34,24,55,37,18,32,15,4,18,5,18,21,19,9,12,28,13,11,10,46,36,25,19,23,19,31,18,27,22,18,28,5,33,22,110,16,44,16,14,41,31,32,11,23,12,16,22,26,26,18,17,27,14,14,18,39,6,7,18,41,3,29,24,91,25,29,30,18,31,6
31,92,41,27,26,22,34,33,41,29,27,40,33,17,33,28,37,21,26,24,30,38,24,24,28,39,44,25,22,21,29,27,29,30,68,28,23,24,41,28,45,31,24,51,28,22,27,29,29,29,30,34,27,52,31,44,29,22,43,30,24,33,46,28,25,61,24,26,26,29,27,29,0,30,32,39,32,25,56,14,28,29,27,28,32,27,29,42,28,14,24,29,27,26,23,45,30,61,29,29,29,40,18,29,65,70,31,52,41,25,26,30,33,27,23,51,23,32,38,28,22,29,42,23,32,29,136,21,55,44,32,26,58,31,27,43,25,28,29,27,28,26,25,25,24,29,26,28,30,25,29,11,26,32,22,56,31,17,30,23,25,29,40,26,30,25,46,29,29,59,24,51,35,39,43,33,25,54,29,24,26,45,30,26,32,37,70,20,24,20,33,44,28,102,31,28,36,52,28,35,29,26,26,42,42,32,26,29,55,27,21,36,30,34,48,37,26,32,28,28,53,29,29,29,84,24,28,30,25,15,34,31,37,30,30,36,28,32,45,42,33,33,22,37,30,35,90,42,22,31,25,34,27,43,27,27,33,34,24,37,37,26,29,31,38,43,30,35,46,40,33,17,30,57,34,29,29,29,21,37,19,53,35,26,30,19,29,24,30,21,28,26,24,33,31,28,28,30,43,32,23,20,24,24,31,29,27,31,25,23,30,28,34,111,29,42,30,25,46,28,26,31,32,26,32,31,28,27,30,32,23,23,25,31,41,29,29,19,45,27,30,29,96,23,26,34,26,22,31
21,94,44,33,21,20,32,35,39,11,20,48,30,22,45,27,40,26,18,16,23,45,22,30,20,40,42,17,16,25,17,19,19,19,69,18,14,37,50,19,51,17,15,50,24,15,20,18,20,21,21,39,23,55,39,40,20,26,43,23,21,37,46,18,25,71,17,14,36,18,20,18,30,0,31,33,31,21,65,16,19,26,17,19,26,28,36,54,19,17,21,19,21,21,20,40,17,59,18,32,19,37,22,17,71,77,18,56,51,18,36,28,21,18,21,55,26,31,47,21,23,14,39,20,20,18,142,17,53,51,17,20,61,36,21,48,27,25,21,19,14,26,23,19,26,34,15,20,20,22,29,35,26,19,31,55,20,26,35,19,24,19,39,14,18,30,47,19,15,61,23,43,33,42,44,41,22,46,18,13,18,48,21,26,30,41,71,20,19,22,40,45,21,108,18,19,39,58,28,32,33,17,30,40,39,19,23,19,49,35,13,45,30,33,47,41,17,18,21,18,54,25,19,19,90,28,19,34,42,17,36,28,38,14,16,38,32,22,45,45,23,21,18,37,33,42,91,44,35,31,29,42,20,47,25,35,20,36,21,35,44,17,39,19,41,37,34,40,41,41,39,34,19,56,42,21,18,18,32,35,22,59,35,24,34,17,19,17,18,17,16,17,18,17,27,20,22,22,39,37,26,15,27,15,29,18,30,24,18,24,19,32,21,110,15,42,20,22,39,32,35,17,21,19,17,20,28,23,15,15,25,21,19,20,43,17,21,15,47,19,26,19,88,21,28,30,19,30,21
38,103,36,32,37,34,32,39,36,35,35,37,37,37,36,36,9,36,40,36,40,32,35,48,39,36,44,33,35,31,39,42,33,38,73,39,36,34,50,33,58,37,34,53,38,33,40,30,40,36,38,28,42,60,44,42,33,37,53,34,38,32,45,38,43,75,32,38,37,37,36,40,32,31,0,3,1,36,57,34,38,35,38,39,37,43,37,49,38,38,38,39,39,38,40,44,39,60,40,33,33,37,37,39,79,71,38,47,48,29,36,35,30,39,34,44,37,31,45,32,38,36,43,37,39,35,138,37,57,50,38,37,56,30,32,43,40,27,40,32,37,16,43,40,43,30,39,37,33,35,38,40,39,34,44,59,37,41,38,29,36,40,31,33,40,35,46,37,40,60,41,50,17,42,41,43,39,58,33,34,37,49,40,40,29,28,76,34,38,37,36,45,40,105,38,32,31,59,27,38,37,37,34,37,37,34,41,32,50,25,35,12,42,36,54,37,36,37,38,31,61,38,35,37,87,29,34,41,39,40,26,40,17,37,31,16,38,38,44,55,35,30,40,34,36,43,94,44,35,40,37,33,42,43,35,35,30,26,28,44,32,37,41,39,17,45,35,44,41,23,41,39,30,58,40,32,39,34,40,44,44,59,42,41,41,41,39,34,40,31,35,41,33,41,32,40,39,39,45,27,36,37,37,37,38,35,35,44,41,39,38,38,39,106,36,44,33,40,47,43,41,36,36,37,35,28,40,38,32,35,35,35,33,32,42,36,38,35,42,41,35,39,87,36,40,41,35,35,40
40,101,39,34,39,36,38,37,38,37,37,44,39,37,32,34,2,40,42,38,44,32,40,44,43,38,42,37,37,38,43,44,36,37,74,38,39,42,51,31,57,39,36,46,40,35,39,28,39,36,43,24,42,62,47,41,34,42,43,40,40,37,45,37,36,78,37,45,43,42,41,40,39,33,3,0,2,38,54,36,40,39,40,39,44,39,39,54,38,40,44,40,41,40,40,36,40,61,42,38,37,40,40,42,80,81,40,49,51,31,39,38,39,37,38,45,39,34,46,36,40,40,40,42,41,38,142,41,60,52,39,37,49,33,33,50,44,34,40,30,39,18,44,41,42,38,41,39,35,34,39,43,41,39,43,55,37,44,33,31,41,39,34,35,40,38,49,37,42,61,43,54,23,40,47,44,41,59,38,36,39,50,40,41,33,25,75,36,41,39,33,44,42,106,38,34,33,58,35,40,38,39,39,40,38,39,40,36,48,32,37,10,41,41,46,35,38,41,39,33,59,40,39,39,91,31,41,45,41,42,25,44,21,39,33,14,39,40,33,55,36,39,40,39,30,36,95,42,36,40,39,30,44,47,36,36,39,25,32,43,39,39,44,38,23,44,35,38,30,22,47,42,37,62,44,34,38,36,43,43,47,57,44,43,44,41,38,36,40,33,37,45,35,43,34,43,42,41,42,30,38,37,41,41,39,37,34,44,43,39,34,40,42,103,42,44,35,41,44,38,38,40,40,40,37,30,38,42,34,37,39,33,35,31,45,39,33,37,42,37,35,44,90,36,42,44,37,37,39
38,103,37,33,37,34,32,39,36,35,35,38,37,37,36,36,8,36,40,36,40,33,35,48,39,36,44,33,35,31,39,42,33,38,73,39,36,34,51,33,58,37,34,54,38,33,40,30,40,36,38,27,42,60,44,42,33,37,53,34,38,32,45,38,43,75,32,38,37,37,36,40,32,31,1,2,0,36,57,34,38,35,38,39,38,43,38,50,38,38,38,39,39,38,40,44,39,61,40,33,33,37,37,39,79,72,38,48,49,29,35,35,30,39,34,44,37,31,45,32,38,36,43,37,39,35,138,37,57,49,38,37,56,29,32,43,40,27,40,32,37,16,43,40,43,30,39,37,33,35,38,40,39,34,44,59,38,41,38,29,36,40,31,33,40,35,46,37,40,60,41,50,17,42,41,43,39,58,33,34,37,49,40,40,29,29,76,34,38,37,35,46,40,105,38,32,31,59,27,38,37,37,34,37,37,34,41,32,50,26,35,11,42,37,54,37,36,38,39,31,61,38,35,37,87,29,34,41,39,40,26,40,18,37,31,16,38,38,44,55,35,30,40,35,36,43,94,44,36,40,37,32,42,43,35,36,30,26,28,44,33,37,41,39,18,45,35,44,41,23,42,39,30,57,40,32,39,34,40,44,44,59,42,41,41,41,39,34,40,31,35,41,33,41,32,40,39,39,45,28,36,37,37,37,37,35,35,44,41,39,38,38,40,106,36,44,33,40,47,43,41,36,36,37,35,28,40,38,32,35,35,35,33,32,42,36,38,35,42,41,35,39,87,36,40,42,35,35,40
12,100,41,31,12,19,37,30,36,22,4,44,32,19,41,28,40,26,12,17,10,35,11,31,12,41,43,11,14,25,11,13,7,19,70,10,22,37,49,11,46,10,13,50,21,13,11,13,13,11,9,36,24,52,38,40,23,28,49,13,20,34,43,12,31,68,11,23,33,16,12,11,25,21,36,38,36,0,62,20,12,25,12,11,26,26,35,52,12,20,12,13,20,22,10,41,12,62,14,30,13,40,20,10,68,77,10,51,44,5,37,25,12,9,19,48,19,33,47,12,25,17,45,12,10,10,135,23,55,52,10,22,62,36,13,47,26,26,9,17,20,28,29,14,33,31,21,17,13,23,26,30,28,14,33,55,24,27,34,13,25,13,31,18,14,35,47,16,14,55,22,50,28,33,47,44,12,49,12,13,15,49,10,29,27,42,64,13,13,26,41,46,10,108,9,11,34,61,28,30,36,13,31,39,37,14,21,13,51,34,16,44,30,37,45,37,18,23,16,11,58,25,13,21,90,28,18,30,36,22,37,34,38,17,15,36,27,21,44,49,21,12,22,31,37,42,94,46,28,32,29,40,25,38,25,32,12,37,25,37,45,13,38,10,44,38,29,43,41,42,30,25,13,56,36,19,13,7,31,37,31,52,38,23,32,15,12,16,14,11,18,19,1,13,26,17,14,14,44,33,25,18,25,18,31,13,33,25,12,25,14,33,22,112,18,44,13,14,42,33,35,13,20,12,10,16,28,27,12,15,30,16,3,21,36,11,11,17,46,10,27,22,94,22,28,31,13,32,11
65,106,59,62,64,58,47,54,65,67,64,71,56,57,57,59,54,64,65,60,68,60,68,61,65,71,75,61,55,55,64,64,61,63,63,65,62,61,67,60,66,65,58,68,54,58,63,58,67,61,66,61,66,45,46,49,60,62,62,66,65,63,64,65,58,72,61,69,61,63,63,66,56,65,57,54,57,62,0,59,61,64,66,64,67,60,65,67,65,60,68,67,61,61,65,48,66,69,67,61,67,64,65,66,70,57,67,45,65,60,59,61,69,65,59,70,61,67,58,66,57,64,68,63,65,67,124,62,64,62,65,69,69,54,69,60,63,53,65,69,57,60,53,65,67,59,65,64,68,56,65,65,53,68,60,61,69,66,66,65,59,67,54,66,67,57,69,62,62,44,59,61,58,55,45,70,62,74,66,60,58,74,64,62,58,57,48,65,66,63,58,68,69,97,65,59,64,38,62,61,59,68,57,71,69,68,69,67,76,60,55,68,67,53,58,73,64,67,68,60,69,62,63,60,79,62,68,53,71,58,54,69,62,59,62,64,63,70,73,59,68,69,67,65,69,61,96,74,64,63,55,59,66,65,61,60,69,54,58,60,51,68,61,63,64,74,60,68,63,65,62,61,66,62,59,64,66,60,65,64,58,73,70,68,60,63,67,62,67,61,66,64,56,67,57,67,64,67,69,58,65,62,61,62,61,61,63,76,60,58,66,58,68,110,67,50,63,62,55,63,59,65,60,64,60,64,62,70,64,66,55,65,61,70,66,67,65,61,70,66,59,63,103,54,61,73,61,61,66
23,94,40,30,19,11,33,33,30,20,21,45,36,10,32,22,38,18,22,20,22,34,22,28,22,40,44,11,13,23,24,21,20,22,69,21,20,31,46,22,38,22,17,45,18,12,17,17,25,12,24,38,23,57,22,41,16,24,46,21,22,35,47,21,21,67,11,15,28,22,20,23,14,16,34,36,34,20,59,0,23,25,21,21,27,17,30,47,24,4,21,22,18,22,21,42,25,62,21,25,24,39,16,22,68,70,24,46,45,14,21,15,23,25,9,50,18,36,50,24,13,22,37,17,23,23,133,15,54,49,22,26,62,33,26,47,25,27,23,25,10,28,25,18,28,36,5,20,23,13,27,20,19,25,14,58,25,26,34,5,22,24,35,12,24,19,43,22,13,54,6,50,36,34,35,45,18,53,24,9,13,49,25,23,34,38,65,10,21,10,36,44,24,107,11,19,35,54,29,31,31,24,29,42,40,25,24,24,48,29,9,39,27,34,41,34,5,26,23,14,49,27,20,12,91,28,16,25,31,1,29,32,43,20,19,33,29,17,45,46,17,23,23,35,32,33,95,47,31,28,29,32,23,31,19,28,23,29,14,38,33,24,29,22,40,42,35,41,46,44,33,25,25,56,25,17,21,19,25,38,20,55,39,27,35,18,24,7,24,9,15,17,21,24,21,22,21,25,45,34,26,8,25,14,32,16,32,31,12,19,24,35,24,112,21,44,19,15,35,29,17,23,14,23,13,15,28,23,19,15,17,18,22,23,41,23,23,10,42,22,14,28,91,9,27,35,10,32,19
12,98,41,33,7,20,36,34,41,22,12,47,35,22,41,30,42,21,9,22,9,41,12,28,9,39,42,12,16,25,7,11,12,18,70,10,19,34,45,14,45,10,15,48,23,18,10,18,12,18,5,40,21,55,35,43,24,29,44,8,15,36,46,10,26,64,13,21,36,12,11,11,28,19,38,40,38,12,61,23,0,24,8,6,29,28,32,51,6,23,12,8,22,23,6,40,8,58,12,31,12,40,25,7,68,75,6,54,50,17,31,28,8,5,21,52,22,29,44,11,22,16,41,8,10,7,135,19,54,49,8,23,61,32,9,45,19,27,7,16,18,31,32,12,30,35,16,23,13,23,25,27,26,7,33,53,22,24,33,21,20,12,37,20,13,34,44,8,15,59,22,48,32,38,47,42,6,48,10,18,12,50,9,25,31,39,66,18,9,25,41,46,9,107,17,11,39,58,31,33,29,11,30,38,35,7,24,12,50,33,18,39,29,34,43,36,23,19,16,16,53,31,18,18,90,30,20,34,34,22,38,31,42,18,16,41,31,18,42,45,29,8,19,34,32,37,95,42,31,32,33,35,22,46,27,33,9,38,24,35,41,11,33,10,41,40,38,41,44,43,37,28,8,55,35,23,8,14,32,35,27,56,40,20,26,9,12,14,13,20,19,18,10,14,28,14,6,7,48,35,25,19,27,18,31,18,31,27,20,27,10,33,23,112,18,44,14,10,43,30,32,6,22,11,18,20,30,26,18,20,28,11,15,20,38,11,8,16,43,7,31,25,93,23,31,33,18,30,11
28,94,38,30,24,20,37,34,37,17,27,36,26,24,40,31,42,28,24,20,29,39,28,35,28,43,44,24,21,24,25,26,26,23,68,24,25,32,39,22,51,24,24,48,30,24,25,23,26,28,25,33,26,56,32,43,22,27,46,26,25,32,36,24,20,67,24,32,32,19,28,25,29,26,35,39,35,25,64,25,24,0,28,26,31,29,28,46,22,26,23,26,26,26,27,38,26,56,26,20,26,40,22,27,67,74,24,56,47,25,27,27,26,26,19,50,22,30,44,25,24,21,42,27,25,23,141,23,46,45,25,31,59,32,25,40,28,21,27,28,26,20,26,27,24,28,26,33,27,24,27,26,23,25,30,52,21,28,33,26,16,26,32,31,25,30,38,25,28,58,28,46,36,38,47,38,23,52,26,25,23,43,25,21,26,34,69,21,29,28,41,46,29,104,27,25,42,59,26,25,32,28,25,40,39,25,31,26,56,32,20,41,21,29,49,37,26,22,28,25,56,24,26,30,83,32,26,26,39,29,38,32,38,25,22,40,27,25,47,44,31,26,25,35,33,39,94,46,31,28,28,32,25,44,30,30,25,38,25,36,40,28,36,24,43,42,34,38,39,39,35,29,24,54,33,23,24,27,31,36,27,53,38,27,26,25,26,25,25,29,26,28,23,25,23,29,26,28,45,35,25,28,24,27,34,24,24,26,32,30,25,28,30,108,26,37,26,29,43,27,32,26,21,29,24,23,28,25,24,29,28,28,29,28,36,27,27,27,45,27,29,22,87,24,21,31,25,27,29
10,98,44,35,5,19,33,33,41,17,13,45,33,20,43,28,41,23,10,15,9,43,6,28,11,39,40,11,14,22,4,9,10,19,68,10,22,33,47,17,43,7,13,50,24,17,8,15,7,15,7,34,19,57,38,41,23,23,48,10,15,35,42,8,29,63,12,22,35,11,10,5,27,17,38,40,38,12,66,21,8,28,0,7,23,26,34,53,4,25,11,8,18,18,4,41,4,59,9,29,7,40,26,6,65,76,3,54,48,15,32,27,10,4,20,51,20,32,41,10,25,14,39,7,9,3,136,18,51,44,2,17,54,35,8,45,19,25,9,14,16,30,26,12,31,35,18,22,6,19,22,26,26,5,32,54,21,23,33,17,25,7,39,21,10,29,42,9,15,62,23,49,32,38,49,44,5,48,7,16,14,46,6,24,28,37,71,16,4,22,36,44,8,107,17,12,41,59,30,31,34,6,29,39,37,5,17,7,49,35,17,42,28,31,43,38,21,22,16,15,54,24,16,20,86,30,20,35,33,23,36,30,38,16,12,36,32,19,41,47,28,10,15,32,35,39,94,41,27,27,27,38,21,46,24,35,10,36,24,35,42,6,33,5,42,37,35,41,42,41,37,27,4,55,36,20,8,11,27,35,22,56,34,18,29,7,7,17,10,18,18,17,10,14,28,13,7,9,45,37,25,17,20,18,31,16,26,22,17,26,10,31,22,110,19,43,14,12,44,29,31,8,19,8,12,20,28,26,16,18,25,9,11,12,37,3,7,17,39,4,27,21,89,23,27,32,16,28,9
6,97,42,32,7,22,37,34,39,22,14,44,34,23,44,29,41,26,11,17,11,42,8,26,12,37,40,15,19,26,8,11,14,17,69,4,21,34,45,15,42,7,15,50,27,14,5,16,9,16,10,37,21,58,36,41,23,27,47,9,18,35,46,4,29,67,15,21,35,12,12,7,28,19,39,39,39,11,64,21,6,26,7,0,27,26,32,53,6,21,12,7,22,20,7,41,7,62,12,31,9,40,23,12,70,75,8,55,50,16,33,27,9,7,22,49,23,31,47,3,22,14,40,14,3,9,137,19,54,50,8,23,61,32,8,47,22,26,9,15,20,31,31,11,29,34,17,20,11,22,23,28,22,5,30,56,23,27,34,18,27,9,38,22,7,31,44,14,16,60,24,51,34,38,48,42,10,48,3,16,15,48,7,27,29,39,70,16,7,24,38,45,11,106,19,13,40,61,31,32,34,8,29,38,37,5,22,5,48,35,18,42,27,33,46,38,21,24,17,16,55,29,16,20,92,31,23,32,33,21,37,32,41,16,14,39,30,19,40,43,26,9,19,35,35,39,92,41,31,32,30,38,23,44,22,35,9,37,23,36,42,8,35,3,42,39,34,39,42,41,36,27,8,57,35,21,5,12,30,36,24,57,37,21,31,13,9,16,7,17,18,18,11,14,27,14,10,10,45,37,26,17,26,19,33,17,32,23,17,26,6,34,23,109,17,45,17,15,42,33,31,12,23,12,16,21,29,26,17,20,26,14,14,17,38,8,8,20,40,4,29,26,92,23,26,31,16,30,5
28,101,45,29,27,30,38,36,43,27,26,49,38,24,40,34,42,31,27,30,27,40,28,30,23,43,44,26,26,24,26,24,30,26,66,27,28,25,41,22,41,29,29,48,22,24,28,28,29,25,22,35,25,53,32,40,28,18,45,32,26,39,43,27,26,65,26,23,34,28,23,27,32,26,37,44,38,26,67,27,29,31,23,27,0,26,19,49,28,30,27,27,15,14,26,37,28,66,25,31,29,39,22,25,69,76,29,54,46,30,34,26,32,27,21,55,21,37,44,28,20,26,49,23,27,29,139,22,55,49,25,31,64,29,30,47,22,29,27,29,22,32,20,27,22,38,27,25,30,23,25,19,18,30,29,57,21,20,37,33,28,29,36,26,28,35,44,22,27,61,28,54,41,40,54,43,22,54,29,27,27,57,28,23,35,34,71,27,27,21,41,43,22,112,30,26,41,63,35,35,32,28,28,48,44,30,17,29,53,31,21,47,23,25,54,38,26,15,23,25,58,21,25,29,89,32,23,24,32,24,40,36,29,21,24,34,28,24,49,49,30,32,24,35,27,43,82,46,17,24,30,37,25,43,19,38,32,40,26,39,41,28,31,26,45,38,33,39,41,38,36,25,31,57,43,34,27,26,31,37,24,58,35,31,29,22,29,29,28,30,25,26,26,25,30,26,23,29,53,35,24,30,23,23,30,26,32,23,20,27,28,26,26,111,29,35,26,29,39,37,33,27,17,23,26,31,28,21,22,26,30,29,31,31,29,29,29,30,48,27,34,21,92,22,30,23,27,32,29
29,101,39,33,30,18,36,28,40,30,24,47,32,14,33,26,42,29,24,18,28,42,32,25,23,47,48,24,25,27,26,28,25,25,71,26,29,31,50,26,40,26,19,52,20,24,25,20,25,29,30,42,26,58,32,35,23,29,46,30,31,38,48,26,22,66,23,28,11,29,22,26,27,28,43,39,43,26,60,17,28,29,26,26,26,0,33,49,28,15,27,29,27,27,23,43,30,69,29,32,25,42,24,28,63,70,27,49,44,22,23,31,30,27,14,57,31,38,52,26,14,30,35,30,26,27,133,23,61,53,25,34,64,32,33,49,28,33,28,30,18,28,28,27,36,39,26,29,26,16,29,23,11,27,20,61,31,23,40,20,20,25,38,29,27,24,50,22,27,60,13,51,32,42,38,47,29,53,26,21,25,50,28,22,36,37,64,22,31,12,38,41,24,107,22,28,41,59,30,37,38,29,18,47,38,27,24,25,56,33,26,48,32,25,46,42,26,19,29,19,53,18,23,24,84,34,19,26,30,17,30,38,39,25,30,34,27,31,47,45,29,30,31,40,29,36,93,49,26,20,31,39,30,33,21,30,31,30,22,41,36,29,26,27,45,42,34,43,47,44,42,28,28,56,29,26,27,20,20,38,25,61,41,21,28,27,25,27,27,23,27,22,28,27,25,29,25,29,47,30,31,23,21,17,22,28,35,24,14,21,27,28,35,107,28,44,26,19,36,30,21,29,25,29,29,27,27,29,24,26,19,21,24,30,41,31,29,23,46,25,21,19,95,19,23,34,28,29,26
34,98,40,25,32,24,39,34,41,28,30,41,34,35,35,34,38,25,30,30,30,38,34,39,31,41,46,34,28,28,35,27,34,29,68,33,38,31,36,31,41,33,30,50,32,30,32,35,35,33,30,33,35,53,27,40,29,25,50,37,29,32,41,33,33,62,34,36,29,29,33,31,29,36,37,39,38,35,65,30,32,28,34,32,19,33,0,45,32,30,33,34,34,34,30,31,34,62,34,32,35,40,26,33,66,76,33,52,41,33,35,35,38,30,32,52,25,31,28,34,32,32,45,32,33,35,142,25,56,46,30,37,54,14,36,43,36,32,32,37,28,34,21,33,29,30,32,34,36,33,36,17,33,35,34,53,29,21,34,35,32,35,35,33,34,37,35,31,32,58,37,44,35,36,47,37,34,53,34,34,33,50,31,25,35,21,72,32,33,31,34,39,30,109,36,31,41,62,36,33,22,34,16,46,38,35,35,35,54,32,33,47,25,20,49,40,33,18,33,33,57,23,34,39,75,30,29,24,28,33,38,29,42,35,26,37,31,35,46,46,37,38,36,35,30,38,93,50,20,27,29,32,27,35,35,32,38,38,33,28,35,34,35,31,32,44,16,30,35,43,26,31,36,53,32,34,33,26,19,29,34,60,38,25,23,28,35,30,34,35,28,32,29,30,27,33,31,35,38,30,36,30,24,25,22,33,30,29,35,34,34,24,31,110,31,36,33,31,39,32,30,33,29,33,35,29,30,31,34,33,35,38,31,38,28,34,34,33,44,33,35,26,94,38,30,32,34,31,35
53,93,46,46,49,34,40,55,58,48,48,36,51,47,54,48,48,48,52,42,53,50,54,56,50,55,57,46,48,41,49,47,46,47,68,52,52,52,39,52,62,55,41,57,46,41,51,42,53,46,50,47,48,56,51,58,44,43,52,57,55,49,45,52,51,63,46,55,51,50,50,52,42,54,49,54,50,52,67,47,51,46,53,53,49,49,45,0,51,46,52,51,42,37,49,53,53,59,50,56,54,52,48,49,68,74,53,44,19,50,51,48,57,53,49,58,52,58,60,52,42,51,52,51,52,53,147,53,58,49,52,56,48,46,55,46,50,55,55,56,45,52,42,53,49,58,44,55,55,51,51,52,53,56,44,55,57,48,50,53,49,54,50,52,52,53,51,46,44,59,55,52,55,56,57,53,48,39,54,48,46,43,52,49,50,51,77,46,54,50,56,49,51,114,55,47,56,60,54,49,45,53,49,64,58,56,49,54,60,53,50,50,56,41,51,48,46,50,55,50,54,40,52,53,86,52,47,45,52,48,53,50,57,48,49,58,57,52,58,51,56,57,50,46,51,47,89,63,51,48,52,45,54,58,51,56,57,53,53,54,56,53,48,53,47,51,54,46,50,44,41,49,56,66,47,52,53,41,44,48,47,65,48,43,51,48,54,44,52,53,48,49,50,54,48,49,51,52,56,57,53,44,43,39,42,53,50,58,57,49,52,54,61,113,49,50,48,52,45,48,47,49,44,53,45,55,46,51,53,55,53,54,49,57,53,52,52,49,54,52,52,51,93,50,48,56,50,49,53
10,93,42,34,7,19,38,34,41,22,15,41,33,23,47,28,39,23,14,17,10,42,9,29,13,41,39,14,20,25,7,4,12,17,68,8,17,34,45,13,45,6,12,49,25,16,9,14,10,18,8,36,23,57,39,40,22,27,49,10,17,33,44,8,31,69,13,21,37,11,9,8,28,19,38,38,38,12,65,24,6,22,4,6,28,28,32,51,0,20,8,6,21,21,8,42,2,58,11,30,10,37,19,9,71,76,5,55,53,14,32,27,10,7,24,52,23,28,45,9,26,17,40,13,8,5,137,19,54,51,5,20,59,32,10,47,18,26,10,15,21,29,28,15,29,36,17,21,9,21,24,27,28,8,31,57,22,25,34,17,24,10,41,21,7,31,39,14,13,61,27,52,32,38,48,42,9,49,9,16,15,45,5,25,28,40,70,18,4,26,40,46,9,107,20,12,40,62,29,32,32,9,30,40,34,8,24,8,51,33,19,43,28,34,42,38,22,23,15,14,55,26,14,19,93,29,20,31,33,25,37,32,37,16,14,35,33,21,39,47,29,10,20,33,37,37,92,43,32,29,31,36,24,47,26,33,10,37,25,31,44,9,33,6,38,38,33,42,43,44,34,29,10,58,32,21,6,13,29,31,23,57,35,23,31,11,8,15,7,21,18,21,9,10,27,14,7,8,46,38,27,14,25,19,32,16,33,21,20,28,9,35,21,107,15,43,16,15,43,32,30,11,24,11,17,21,28,28,16,21,26,15,14,20,36,7,8,17,42,4,31,22,92,25,27,30,18,33,9
23,93,38,29,19,9,37,32,34,19,21,47,30,4,34,28,42,16,22,9,22,34,24,30,23,42,45,11,13,23,24,21,14,21,67,21,18,32,46,22,36,23,12,47,10,12,18,11,25,8,24,38,22,53,28,39,18,21,46,21,19,35,47,21,11,67,11,15,25,20,23,23,14,17,38,40,38,20,60,4,23,26,25,21,30,15,30,46,20,0,21,22,22,22,21,41,23,62,21,27,24,39,18,22,67,64,24,48,47,14,21,25,23,25,11,50,18,36,49,24,9,22,38,17,23,23,129,15,56,51,22,26,66,36,26,49,22,28,25,25,12,22,27,18,30,32,11,18,23,9,26,24,22,25,14,56,26,16,34,17,22,24,33,14,24,19,45,23,15,52,6,50,36,34,33,44,18,52,24,15,15,48,22,25,28,40,57,4,23,4,38,44,27,107,7,23,35,48,31,35,33,24,30,42,38,25,26,24,51,34,11,45,28,28,42,36,11,28,24,15,50,30,20,20,91,31,16,29,33,1,27,31,39,6,22,39,25,19,45,47,17,23,22,34,34,31,90,46,24,25,28,40,22,39,17,30,23,27,8,38,31,24,25,22,42,46,33,41,44,46,35,25,25,57,22,18,22,14,21,39,21,55,41,27,34,19,24,13,24,5,5,15,17,23,31,22,21,25,43,30,26,14,25,8,29,12,32,31,8,10,24,32,24,110,22,45,23,16,40,34,17,25,12,18,19,13,32,19,5,13,17,18,19,23,36,23,23,16,44,22,14,26,93,5,25,36,12,31,19
14,94,43,34,8,16,38,34,42,21,13,42,32,21,45,30,44,21,3,17,6,42,14,29,7,38,40,13,21,28,7,14,15,17,67,12,18,32,48,10,44,12,16,45,28,14,10,17,13,18,14,34,25,56,38,40,23,24,47,12,15,36,48,11,26,68,12,22,36,10,6,13,24,21,38,44,38,12,68,21,12,23,11,12,27,27,33,52,8,21,0,11,18,18,10,43,10,60,12,32,13,37,19,13,66,76,14,58,49,16,25,31,12,15,19,53,18,33,40,12,21,16,40,11,11,10,140,24,54,47,11,26,61,37,10,45,19,27,11,13,21,33,33,6,35,36,21,18,14,21,25,29,23,11,31,52,16,28,29,14,23,13,37,22,10,29,44,8,17,61,21,45,36,40,47,43,9,46,12,18,8,46,11,25,31,40,69,18,11,21,40,46,14,107,19,10,41,62,33,31,34,15,29,36,40,11,19,13,51,35,18,44,22,34,41,41,22,26,10,14,52,25,15,18,88,29,21,34,30,23,37,30,45,18,17,39,31,25,39,35,30,12,23,27,32,36,91,42,31,27,31,38,26,44,25,33,12,37,24,31,40,15,33,12,44,42,38,39,44,39,39,25,13,53,32,22,11,16,32,31,14,56,36,19,18,13,13,16,10,16,22,20,15,8,29,16,11,4,47,37,27,20,25,18,32,21,28,26,17,26,10,36,23,111,16,42,13,11,43,26,31,6,19,6,15,19,30,20,20,21,25,10,14,16,40,14,13,18,40,10,33,27,92,23,23,26,15,32,13
10,101,41,32,2,20,37,32,38,19,11,43,35,24,43,30,42,25,9,15,10,40,5,28,11,39,40,15,14,25,6,11,13,19,68,7,18,37,44,15,41,4,17,47,29,13,7,12,7,16,10,35,21,57,37,44,22,24,46,10,19,33,46,7,30,68,15,19,34,15,11,6,29,19,39,40,39,13,67,22,8,26,8,7,27,29,34,51,6,22,11,0,19,19,7,41,6,63,9,27,6,40,21,10,70,75,2,55,51,13,31,26,9,3,20,51,21,29,48,9,23,15,41,8,10,2,137,18,55,46,3,19,62,32,4,47,19,27,10,13,18,31,29,13,34,34,19,18,7,21,25,26,25,3,29,55,22,23,35,17,21,7,37,20,6,29,45,14,14,62,28,50,31,39,50,44,9,47,6,17,14,48,10,27,29,39,68,14,6,25,39,44,11,105,20,10,38,59,31,31,30,3,33,38,35,3,21,6,48,34,19,41,29,38,42,36,21,21,15,16,55,22,12,18,87,31,24,32,34,22,36,33,39,16,15,37,32,19,38,42,24,9,20,33,30,39,93,39,31,30,29,36,22,45,24,32,9,36,23,37,42,3,36,10,40,36,31,38,42,39,34,25,2,56,32,19,2,14,27,37,24,56,39,23,30,14,6,13,6,14,19,19,11,12,28,11,9,8,47,36,26,18,23,21,32,13,27,21,19,25,7,35,23,108,19,40,15,14,39,28,31,9,22,9,14,20,30,20,17,19,25,7,11,11,41,1,4,16,39,6,27,21,91,24,28,30,15,30,10
24,92,39,28,21,12,37,34,36,21,19,26,32,20,36,28,41,25,17,14,20,33,21,32,19,40,42,13,19,20,20,18,18,21,70,22,19,37,46,22,44,20,17,48,19,11,20,21,24,16,15,35,21,58,30,47,19,15,45,26,20,35,42,22,27,65,14,18,37,22,19,22,27,21,39,41,39,20,61,18,22,26,18,22,15,27,34,42,21,22,18,19,0,1,17,37,24,59,18,26,24,40,17,15,62,68,24,44,47,23,29,20,25,22,5,45,22,35,41,24,19,16,38,18,23,24,134,3,36,46,21,28,54,35,24,41,21,26,21,24,18,27,28,21,24,31,14,25,25,17,25,20,21,24,24,54,16,17,31,16,20,24,34,21,24,32,40,15,12,52,25,41,34,41,43,39,16,54,22,9,15,45,22,20,26,36,65,9,20,16,34,37,19,104,13,18,40,57,26,30,23,25,23,39,31,24,20,24,51,36,14,41,20,35,48,34,7,15,19,23,53,15,20,20,88,25,16,34,41,19,20,30,43,9,12,42,29,20,40,38,27,25,21,29,33,33,87,45,20,28,24,30,20,39,24,36,24,20,18,36,37,25,36,23,40,37,38,44,38,32,33,15,23,53,32,15,20,18,23,36,25,56,37,18,34,16,24,8,24,18,7,21,19,18,24,19,18,22,49,31,20,11,18,12,22,9,28,27,21,20,24,26,23,106,15,43,19,22,42,29,28,13,5,21,11,18,24,21,9,17,25,21,20,25,42,25,23,22,36,22,30,18,89,11,28,32,9,26,24
24,92,39,27,21,14,35,34,36,18,23,27,30,16,37,31,43,24,16,14,19,37,21,32,19,40,41,13,19,23,20,18,18,23,70,20,20,37,46,19,42,20,17,50,17,11,20,21,22,16,16,37,20,58,29,45,18,15,45,21,20,32,43,20,26,59,14,19,36,22,19,23,26,21,38,40,38,22,61,22,23,26,18,20,14,27,34,37,21,22,18,19,1,0,17,44,24,59,18,26,25,39,16,14,61,68,20,52,45,21,32,18,25,22,5,49,25,34,45,24,21,19,39,17,23,21,134,3,40,47,21,26,52,29,22,40,24,20,20,24,18,31,29,22,24,27,14,23,25,15,25,20,21,24,20,54,21,17,27,16,21,25,33,21,24,30,39,14,18,57,21,39,33,36,45,38,16,54,21,9,15,48,22,24,20,33,68,9,18,16,34,42,21,106,13,14,42,58,19,36,24,25,28,40,32,24,18,25,50,29,14,38,21,36,49,34,7,15,18,21,52,15,20,25,88,30,16,33,40,25,27,27,41,9,17,43,32,19,37,46,25,25,20,30,33,32,91,41,19,26,24,27,22,44,23,38,25,27,12,37,39,25,34,23,38,34,40,37,39,31,31,14,25,53,32,18,20,18,24,37,26,57,35,16,30,15,25,8,24,17,7,20,17,18,25,19,18,23,50,35,23,11,18,10,22,9,28,24,21,25,24,27,23,106,14,41,19,19,41,29,28,14,17,21,11,20,29,21,9,17,26,22,20,25,42,25,23,22,33,22,30,17,88,13,25,32,9,30,21
10,95,43,33,6,18,37,32,41,23,15,41,32,21,44,29,42,25,11,16,7,40,12,27,10,41,39,13,17,22,6,9,14,20,66,7,21,34,45,14,39,7,16,51,26,15,6,13,9,16,7,37,20,55,35,43,25,26,46,11,16,38,46,7,28,62,14,19,31,12,11,7,23,20,40,40,40,10,65,21,6,27,4,7,26,23,30,49,8,21,10,7,17,17,0,41,5,60,6,32,9,41,21,8,64,72,7,52,50,15,36,26,15,6,19,51,23,31,46,10,22,14,39,11,7,8,134,16,55,51,6,19,62,34,8,49,24,27,7,17,16,29,28,13,33,35,16,17,7,22,21,27,24,8,25,53,23,25,32,17,23,9,37,19,9,27,44,10,13,60,21,50,33,40,47,45,7,48,7,15,15,48,8,24,29,35,69,18,8,20,35,44,8,107,16,12,40,60,29,33,30,8,27,41,38,8,18,9,49,34,17,41,29,34,47,35,18,17,17,14,55,26,16,20,86,29,17,28,34,19,35,34,40,16,14,39,30,19,39,42,28,15,21,34,31,43,91,40,27,32,32,35,20,44,26,33,15,35,24,33,39,8,38,10,40,36,34,34,44,45,35,27,9,55,32,23,7,11,29,33,22,57,40,16,28,7,9,16,9,17,17,20,12,12,28,10,6,11,45,33,27,18,22,15,25,15,33,24,16,26,5,28,24,112,19,45,15,14,41,29,28,10,20,10,11,22,29,20,15,19,24,15,12,19,35,7,10,17,36,7,28,21,94,20,28,33,16,31,7
41,104,41,44,42,40,45,35,39,42,43,53,35,44,30,40,43,42,40,32,42,37,40,42,40,49,47,34,33,30,43,42,33,41,72,42,42,45,49,40,51,41,34,55,43,39,42,42,42,44,39,35,44,64,50,41,40,41,54,42,42,41,50,42,47,71,34,45,45,43,42,42,45,40,44,36,44,41,48,42,40,38,41,41,37,43,31,53,42,41,43,41,37,44,41,0,42,67,44,37,42,44,39,43,72,79,42,52,51,45,37,45,42,41,44,52,32,42,51,42,46,41,49,42,41,42,142,38,61,54,41,45,67,37,42,51,41,34,40,44,41,35,42,43,46,30,42,30,42,42,46,43,46,41,49,61,39,38,46,44,41,42,38,39,42,41,52,43,41,50,46,54,42,37,41,52,42,60,42,44,43,54,43,44,41,42,68,37,40,41,38,46,41,113,40,38,43,63,43,36,40,40,23,49,47,41,42,42,54,48,40,47,42,45,39,46,43,39,41,41,64,42,32,42,90,43,41,46,39,37,43,41,47,43,39,41,45,44,50,57,44,42,42,43,43,44,95,51,47,43,39,42,43,42,40,45,42,43,43,48,44,40,34,41,45,45,28,42,41,47,50,42,41,58,44,42,42,36,44,48,43,64,43,43,41,44,42,38,42,42,39,46,34,42,39,45,43,44,40,32,39,41,45,41,43,41,42,41,37,42,42,41,43,113,41,48,43,43,47,41,48,41,41,40,38,42,34,41,40,43,34,44,39,45,40,42,41,44,49,43,47,42,96,35,36,45,40,41,41
11,97,40,32,6,19,38,35,41,21,12,45,33,25,46,30,42,21,11,16,11,41,5,29,13,40,37,15,21,24,7,11,12,17,69,8,14,34,47,14,45,7,14,50,25,14,8,15,8,15,10,37,22,57,40,44,22,26,47,13,14,36,46,8,32,65,15,22,34,11,13,5,30,17,39,40,39,12,66,25,8,26,4,7,28,30,34,53,2,23,10,6,24,24,5,42,0,62,12,29,8,36,23,8,71,75,7,56,51,15,31,29,15,2,20,52,23,30,46,11,25,12,42,7,8,8,139,17,54,47,3,24,57,31,6,45,18,29,8,18,19,30,33,14,29,35,19,23,7,22,25,29,27,5,31,53,23,26,32,19,26,8,40,24,9,31,39,14,17,62,24,48,33,39,50,44,7,49,10,18,14,45,7,23,30,40,71,17,4,26,39,46,11,108,18,11,40,60,30,32,35,7,33,42,37,5,23,8,51,34,23,42,30,36,42,36,24,21,17,15,54,26,16,19,90,30,23,31,30,22,39,32,39,16,13,37,33,19,38,48,29,15,20,33,31,42,94,41,30,31,28,36,21,46,26,34,15,39,28,33,42,7,35,8,44,38,33,39,43,44,37,29,8,54,36,20,11,13,30,33,24,57,39,21,34,13,8,17,9,19,20,20,10,12,28,9,7,9,49,37,28,21,25,21,33,19,29,25,18,28,9,36,21,113,15,41,15,13,43,29,31,8,20,11,16,23,30,24,19,19,27,14,12,20,33,7,8,19,40,4,30,27,90,25,28,32,18,33,12
63,97,64,58,60,60,57,62,65,62,61,53,61,62,62,61,60,50,62,60,61,61,62,66,59,70,73,60,61,59,61,61,60,59,68,62,58,57,53,61,66,60,60,65,61,61,63,58,64,62,62,54,56,67,65,58,59,61,56,66,59,60,57,62,62,65,60,59,67,61,58,59,61,59,60,61,61,62,69,62,58,56,59,62,66,69,62,59,58,62,60,63,59,59,60,67,62,0,56,63,64,65,61,55,73,73,58,58,64,62,62,61,62,60,59,59,59,66,62,63,56,62,65,58,62,57,137,62,50,57,59,67,59,55,65,57,61,66,61,63,63,59,63,61,55,63,57,62,63,61,58,61,61,64,62,59,58,56,63,59,63,64,63,56,63,65,58,59,57,68,59,55,62,64,62,56,61,65,63,62,61,59,61,54,62,63,74,58,61,54,56,56,59,114,58,62,64,60,56,61,56,64,64,68,70,64,58,64,74,57,60,56,63,55,65,56,51,61,59,62,61,57,63,64,84,64,61,60,64,61,57,57,59,58,61,59,62,55,68,62,64,62,59,54,63,56,87,68,57,60,65,56,57,57,59,57,61,57,63,59,62,64,54,61,63,66,65,65,58,54,60,61,64,60,51,61,63,59,62,58,61,63,62,60,60,56,64,59,63,59,56,61,62,64,63,55,60,56,61,60,67,58,60,61,59,58,59,58,68,58,63,59,67,114,60,59,59,62,62,58,57,58,64,59,57,59,58,66,58,61,62,62,61,64,58,63,61,59,66,60,63,54,87,61,64,58,62,63,64
13,96,42,34,9,17,38,36,42,18,17,40,33,19,44,32,44,22,9,19,11,43,8,28,11,42,44,18,23,25,11,6,11,18,68,12,21,32,47,14,41,10,12,51,22,20,9,16,13,19,6,34,19,57,37,44,23,23,43,12,17,35,47,10,27,66,18,13,39,12,11,12,29,18,40,42,40,14,67,21,12,26,9,12,25,29,34,50,11,21,12,9,18,18,6,44,12,56,0,33,13,41,23,4,69,73,9,49,51,15,32,28,12,12,18,53,18,34,42,12,20,15,39,8,13,11,136,15,46,49,10,25,64,30,12,47,22,29,13,15,22,31,26,6,26,37,18,22,13,21,25,28,25,11,26,57,24,24,34,21,21,13,40,22,14,29,45,14,14,60,23,53,35,42,48,44,9,46,11,20,12,50,11,25,32,40,65,16,11,20,36,41,6,109,21,12,42,56,31,35,28,8,35,40,39,11,16,12,49,36,20,43,28,36,49,30,21,20,19,15,55,24,17,22,88,32,22,34,35,27,39,34,37,21,16,38,32,13,43,42,28,12,15,30,35,34,91,43,29,32,31,39,16,45,27,36,13,39,26,27,39,8,37,11,41,31,35,38,43,45,38,28,12,58,30,23,9,12,29,30,23,59,32,17,27,7,12,15,14,20,16,17,15,12,32,7,2,10,48,35,27,17,23,24,28,20,29,22,15,24,14,30,17,106,16,45,15,14,45,31,27,5,20,8,19,21,31,26,21,22,23,11,13,18,32,11,15,19,37,12,30,22,94,21,32,28,21,32,11
32,98,40,27,30,28,36,32,31,23,31,41,25,27,15,24,29,19,29,26,34,38,28,38,31,40,41,24,24,31,32,31,26,30,70,32,30,33,48,26,54,28,27,50,28,22,30,24,31,22,29,28,31,48,31,31,18,28,47,33,32,34,40,31,26,68,24,30,39,29,31,31,29,32,33,38,33,30,61,25,31,20,29,31,31,32,32,56,30,27,32,27,26,26,32,37,29,63,33,0,30,39,25,29,64,73,31,52,45,28,35,30,31,28,30,44,27,31,44,29,33,31,43,29,33,31,140,28,45,43,29,35,57,29,28,42,32,7,32,32,25,22,37,32,29,27,29,28,31,35,34,28,32,28,30,56,24,23,31,29,30,31,39,25,32,33,42,28,24,57,29,49,21,33,43,35,32,55,29,27,26,47,32,25,32,35,66,29,30,27,38,48,33,101,33,29,36,58,11,27,29,31,26,44,39,28,32,30,56,34,33,41,30,41,49,35,32,29,32,29,55,29,30,33,86,21,27,34,44,32,26,36,41,22,25,36,35,31,46,49,32,31,31,32,33,40,96,41,29,30,15,29,33,40,28,29,31,26,24,42,41,31,38,32,40,43,32,42,45,39,38,26,29,57,33,19,28,30,33,42,29,53,44,30,35,30,30,28,32,25,25,29,27,32,20,32,33,33,45,30,26,28,29,19,36,23,26,36,33,31,29,26,36,108,28,41,26,34,40,32,29,30,32,29,33,24,22,34,29,25,27,28,24,33,37,27,28,23,45,30,29,25,91,31,23,36,19,11,34
8,99,44,35,8,21,38,34,39,22,15,44,34,25,41,31,39,28,14,18,13,41,9,28,15,39,40,17,19,26,8,14,15,20,69,3,20,37,46,16,44,6,16,53,28,16,7,15,2,16,13,39,26,60,36,44,26,25,48,9,16,37,47,8,31,69,16,17,36,15,16,4,29,19,33,37,33,13,67,24,12,26,7,9,29,25,35,54,10,24,13,6,24,25,9,42,8,64,13,30,0,41,24,15,71,77,8,56,52,14,34,26,7,6,22,49,24,31,49,2,23,16,42,11,9,8,138,19,56,53,11,20,63,35,7,48,23,27,11,11,21,31,32,14,34,31,20,18,3,24,24,30,25,5,31,56,22,28,35,17,25,3,40,21,4,34,45,14,18,61,27,51,31,40,50,43,10,50,2,18,17,47,10,28,31,41,70,18,10,26,40,47,11,107,20,13,39,61,31,35,35,9,29,36,32,5,23,1,47,33,19,43,26,34,46,38,24,25,17,16,56,27,15,21,91,31,22,33,35,22,35,33,43,17,16,41,29,17,40,44,25,7,22,36,27,40,95,41,35,32,31,39,26,45,24,35,7,35,26,37,44,9,38,9,41,40,36,41,44,42,37,30,5,57,36,24,4,13,32,37,24,58,40,23,32,12,1,18,4,17,20,23,13,15,29,17,11,12,47,39,26,20,27,19,32,17,34,24,18,28,3,33,24,107,20,44,14,14,43,32,34,13,24,10,18,21,31,27,18,22,27,9,12,9,39,5,5,17,40,4,29,24,90,25,27,33,17,32,6
43,94,40,37,43,36,41,42,47,37,40,37,27,42,35,42,36,36,40,37,40,41,41,46,42,48,50,41,40,42,40,40,40,42,67,42,37,41,36,38,49,39,38,48,44,36,40,38,41,41,39,27,44,64,39,44,39,37,44,43,40,43,35,41,43,65,41,45,50,41,42,38,40,37,37,40,37,40,64,39,40,40,40,40,39,42,40,52,37,39,37,40,40,39,41,44,36,65,41,39,41,0,34,37,68,73,38,49,50,40,36,44,43,41,38,47,33,47,40,41,36,40,46,41,40,40,125,40,49,45,37,44,56,39,43,47,46,41,41,41,39,37,38,40,42,48,36,41,41,36,42,46,40,41,37,55,37,42,34,42,41,41,43,44,43,44,42,38,40,62,40,52,44,33,48,37,41,51,40,41,40,51,41,39,38,28,71,42,41,37,41,42,39,110,38,38,36,65,39,35,43,41,40,47,49,41,42,41,53,38,40,39,49,35,36,47,43,41,38,39,61,41,44,41,88,43,37,38,39,39,37,41,40,38,39,29,42,45,47,50,48,43,38,38,45,36,97,52,38,39,27,42,43,39,44,45,42,37,42,39,36,41,37,42,32,47,44,41,36,32,43,41,40,58,43,43,41,40,38,39,46,57,45,36,49,39,41,40,43,40,35,40,38,40,33,44,43,40,47,39,43,40,38,36,36,41,36,38,42,45,43,38,44,101,35,40,38,37,43,40,41,40,40,34,37,40,36,44,35,40,38,39,42,42,41,40,39,40,53,42,39,30,85,40,34,40,40,29,40
24,92,37,33,22,19,35,29,38,18,19,44,31,20,36,25,45,17,23,14,22,39,26,30,26,39,42,17,10,20,23,22,21,22,63,23,20,31,41,22,47,24,19,47,19,6,21,20,24,20,22,24,22,60,35,45,15,17,42,24,22,31,44,23,25,56,17,25,36,23,25,25,18,22,37,40,37,20,65,16,25,22,26,23,22,24,26,48,19,18,19,21,17,16,21,39,23,61,23,25,24,34,0,25,62,75,26,56,49,21,27,26,23,23,16,55,3,31,45,23,15,21,46,25,22,27,140,18,49,51,23,24,59,34,25,42,22,20,22,26,18,33,25,23,31,27,16,25,25,13,19,27,19,26,33,54,20,21,35,24,22,24,38,23,24,24,44,21,17,65,20,48,38,42,42,42,22,49,25,15,22,49,23,24,30,34,68,21,22,20,35,46,22,105,24,22,40,63,28,30,27,22,21,41,37,26,20,24,51,35,20,32,32,32,48,37,20,18,24,21,55,19,24,21,90,33,15,32,39,21,34,30,32,22,20,34,26,26,43,44,22,23,27,33,33,34,94,48,31,25,27,36,20,43,25,32,23,34,16,33,41,22,28,24,41,41,33,35,37,36,41,28,26,59,33,19,25,21,29,33,26,54,37,24,30,22,24,24,24,24,19,20,20,26,24,23,23,23,44,30,19,19,26,19,25,22,26,30,22,22,24,29,26,110,19,42,24,24,40,28,30,18,18,21,24,20,27,18,22,24,17,25,21,25,39,23,24,21,43,21,27,24,95,14,26,32,15,26,24
14,98,44,33,7,24,32,33,40,22,12,39,33,19,45,29,43,23,8,20,8,42,9,29,13,37,38,9,15,26,10,4,12,18,66,12,17,34,45,13,37,10,14,51,21,15,15,14,15,16,4,34,24,55,36,40,18,22,44,15,11,35,43,12,29,66,10,16,35,12,12,9,29,17,39,42,39,10,66,22,7,27,6,12,25,28,33,49,9,22,13,10,15,14,8,43,8,55,4,29,15,37,25,0,71,78,7,54,48,17,33,28,16,9,19,53,19,34,40,14,22,11,41,4,13,9,136,13,54,51,9,24,60,26,11,44,25,26,7,14,22,31,25,16,32,35,16,23,16,17,21,23,25,9,27,54,19,22,32,17,24,15,35,21,10,31,41,10,12,59,18,49,34,40,44,42,6,49,11,17,14,49,11,22,29,36,67,16,7,22,36,47,4,106,16,10,39,57,30,33,29,8,33,39,38,9,18,15,48,35,12,43,29,33,44,31,22,22,13,15,52,26,18,22,91,33,17,33,36,17,34,32,39,18,15,36,33,14,40,37,27,16,18,35,34,40,90,42,25,30,31,34,16,45,24,35,16,34,23,29,44,8,36,11,38,38,37,39,39,39,35,24,10,57,32,22,10,12,30,29,22,55,36,16,29,2,15,12,10,19,15,17,12,13,30,9,8,9,46,34,25,15,22,21,25,17,32,18,16,25,10,29,23,107,17,44,17,13,41,29,29,2,18,8,14,19,29,24,16,17,23,7,13,18,34,9,12,18,38,12,34,19,94,22,28,31,14,32,14
70,98,60,67,66,62,67,74,77,65,67,72,67,67,69,76,66,68,69,69,64,65,72,69,66,74,74,60,63,69,70,67,65,70,76,69,69,60,68,66,67,69,67,69,62,63,69,69,71,71,65,68,66,76,70,66,61,70,57,73,70,71,70,69,69,8,61,72,62,68,67,70,65,71,79,80,79,68,70,68,68,67,65,70,69,63,66,68,71,67,66,70,62,61,64,72,71,73,69,64,71,68,62,71,0,77,71,74,68,71,59,70,73,71,66,77,69,71,64,70,67,71,79,66,69,71,144,72,71,66,70,75,64,77,72,62,68,72,68,72,70,73,61,71,70,73,65,70,72,70,68,59,67,72,70,73,67,70,68,65,70,71,66,67,70,70,69,65,65,79,72,67,76,73,78,68,66,80,71,70,66,75,71,61,65,75,73,67,71,69,71,72,62,112,66,68,70,74,74,73,66,72,66,81,80,72,66,71,75,75,65,72,71,65,66,70,64,61,66,70,77,72,67,73,99,73,62,63,62,67,74,71,70,70,70,73,67,72,74,66,72,73,68,72,71,66,100,80,64,64,65,74,68,63,65,73,73,74,72,70,66,72,69,70,70,77,74,64,75,73,71,63,73,73,68,72,70,69,68,71,64,69,76,69,65,67,71,66,70,66,67,64,69,67,68,69,67,70,82,63,67,72,71,70,61,70,63,68,71,72,70,70,77,114,65,75,66,67,68,66,69,68,66,67,68,70,71,62,70,68,75,73,69,73,65,71,72,69,75,71,68,62,93,68,74,72,70,73,70
76,100,72,69,74,68,70,65,78,77,73,79,70,62,52,65,80,71,77,74,74,74,77,67,77,82,84,73,71,78,75,76,72,74,74,74,77,68,64,72,71,76,74,76,72,72,70,75,77,75,74,76,79,47,67,67,73,70,68,79,77,76,72,74,65,78,73,78,71,74,77,76,70,77,71,81,72,77,57,70,75,74,76,75,76,70,76,74,76,64,76,75,68,68,72,79,75,73,73,73,77,73,75,78,77,0,76,67,75,75,65,70,78,75,61,76,72,79,72,74,70,76,85,72,74,78,127,72,76,73,75,80,78,72,75,74,75,67,76,79,67,70,77,73,71,77,66,76,76,69,79,71,57,77,69,75,74,63,70,77,72,75,71,74,76,64,75,77,68,62,64,76,68,51,53,73,71,79,76,73,71,79,75,76,74,71,51,71,78,59,67,69,77,95,73,73,75,58,69,72,63,79,76,83,84,77,69,75,82,74,69,76,76,69,73,72,70,71,78,74,81,75,74,75,65,72,77,68,73,67,66,79,80,77,74,75,79,74,85,80,77,78,79,75,82,73,93,87,72,69,67,72,73,71,70,69,78,66,69,76,63,79,70,74,75,83,69,77,66,68,69,71,77,73,66,69,76,72,58,74,77,78,82,72,77,75,75,67,76,73,68,70,73,78,74,71,69,77,75,69,70,68,65,69,75,75,74,76,72,58,75,74,82,120,78,67,77,65,73,72,67,74,72,76,73,76,62,78,73,76,64,73,74,79,64,79,77,74,81,75,67,66,104,72,73,78,78,65,74
10,100,42,36,4,21,35,33,38,20,11,46,35,22,41,31,40,25,12,16,13,43,4,29,13,38,41,14,18,23,6,13,10,19,68,8,19,35,45,16,44,4,12,52,23,17,8,12,7,15,9,36,23,59,38,42,19,24,48,13,16,35,44,5,31,69,14,17,35,12,12,5,31,18,38,40,38,10,67,24,6,24,3,8,29,27,33,53,5,24,14,2,24,20,7,42,7,58,9,31,8,38,26,7,71,76,0,56,51,12,32,23,6,3,22,51,20,29,49,7,26,14,42,8,10,2,139,19,53,48,4,19,56,36,5,47,20,25,10,11,22,31,30,16,32,34,22,20,8,22,22,30,27,2,30,52,20,27,36,14,26,7,41,18,6,33,48,17,20,63,24,47,31,39,48,44,8,48,6,16,17,49,8,28,28,39,69,15,5,25,40,45,9,101,14,12,34,61,31,34,32,4,30,38,34,2,22,8,49,33,21,42,28,37,47,36,22,24,17,17,57,25,11,19,87,31,21,34,33,22,39,32,41,15,14,39,31,17,41,47,20,6,20,31,31,42,94,44,31,31,30,37,22,46,22,36,7,39,22,38,44,4,37,9,42,39,36,42,42,40,34,29,3,53,38,22,4,12,34,38,26,57,35,19,32,9,8,16,6,14,20,21,10,13,29,17,10,9,48,37,25,19,24,21,34,13,29,25,20,29,4,31,20,106,14,42,11,15,44,33,31,12,24,8,10,18,28,27,16,15,27,16,10,14,41,2,5,16,41,6,29,21,85,25,28,29,15,31,10
54,102,32,43,51,48,39,48,49,56,54,53,51,44,54,48,56,57,56,53,56,49,54,56,53,61,61,50,50,54,55,54,50,50,73,55,56,51,59,49,60,56,49,53,37,49,53,48,56,52,56,53,59,49,36,50,54,54,50,55,55,59,56,55,45,72,50,53,52,57,52,53,52,56,47,49,48,51,45,46,54,56,54,55,54,49,52,44,55,48,58,55,44,52,52,52,56,58,49,52,56,49,56,54,74,67,56,0,48,47,56,58,55,49,49,55,54,55,57,55,43,54,45,52,54,54,110,53,57,53,54,57,63,41,57,51,52,52,53,58,51,40,46,51,53,56,47,47,55,51,55,48,51,54,51,60,59,54,51,46,49,56,49,47,56,45,47,54,49,45,49,47,43,53,46,52,52,58,56,45,53,64,54,41,52,47,43,42,54,47,44,53,56,80,41,53,49,37,41,42,52,55,51,60,59,54,58,56,64,48,49,56,62,48,48,48,51,54,55,45,60,54,53,51,95,41,50,47,54,43,47,57,46,48,53,46,57,49,58,45,59,55,51,53,55,54,95,61,57,52,50,47,53,51,45,46,55,47,43,58,50,55,60,54,40,59,44,53,60,59,45,51,54,64,52,45,54,47,52,57,52,54,52,55,47,53,56,49,56,42,49,56,49,50,49,56,51,53,48,43,46,49,53,54,52,48,55,62,45,43,56,57,63,108,54,47,55,55,45,60,53,56,53,57,47,51,43,51,47,48,47,56,54,59,54,54,54,49,53,57,50,49,93,45,51,62,44,47,54
51,95,51,46,44,43,35,52,56,49,45,39,47,47,46,56,50,44,49,37,51,49,50,49,48,54,56,47,38,37,50,45,43,48,71,51,49,47,39,47,57,52,39,55,47,40,50,49,52,46,49,42,41,54,39,48,41,46,50,54,53,43,41,51,45,66,47,57,49,49,48,51,41,51,48,51,49,44,65,45,50,47,48,50,46,44,41,19,53,47,49,51,47,45,50,51,51,64,51,45,52,50,49,48,68,75,51,48,0,48,49,50,54,51,48,53,46,51,39,51,46,48,47,52,51,51,140,40,59,45,50,53,52,43,53,52,48,46,53,52,41,44,41,48,49,53,47,51,53,45,44,45,46,53,44,60,57,50,46,46,42,52,45,49,51,48,48,44,45,55,53,45,47,49,50,48,49,55,51,44,46,40,48,47,49,43,70,46,50,41,46,46,52,102,45,41,51,59,54,43,37,54,41,61,61,53,53,52,57,50,47,54,55,39,48,51,43,47,55,47,51,48,51,48,75,45,46,43,50,46,52,48,51,45,48,59,52,51,59,47,53,54,43,44,50,48,94,56,47,28,51,44,48,52,50,46,54,52,47,42,43,54,47,51,50,57,47,46,57,45,45,43,53,67,46,45,50,47,41,44,46,61,42,47,48,48,52,44,51,50,48,39,42,50,52,52,51,52,54,54,50,46,37,39,43,44,49,56,50,46,51,50,55,108,43,47,45,49,49,47,50,49,46,52,45,47,49,53,50,46,41,50,47,55,42,53,51,48,54,51,50,46,86,50,52,55,47,49,52
17,99,40,32,14,14,36,31,29,22,4,46,30,20,40,27,33,26,15,18,15,40,11,33,13,35,41,6,17,19,18,16,5,14,69,15,19,33,46,2,48,13,6,47,22,16,16,1,16,13,16,41,26,58,31,42,20,25,50,16,20,35,44,14,24,65,6,19,34,16,13,16,25,18,29,31,29,5,60,14,17,25,15,16,30,22,33,50,14,14,16,13,23,21,15,45,15,62,15,28,14,40,21,17,71,75,12,47,48,0,30,22,14,12,22,49,18,28,48,13,14,14,42,18,18,11,136,16,50,49,14,18,61,35,15,48,26,25,16,16,14,29,30,18,30,30,18,19,14,18,26,32,28,12,22,56,22,30,33,19,24,16,38,15,17,34,43,17,16,54,26,51,26,40,42,42,14,49,13,14,12,47,15,26,27,36,65,12,17,20,39,43,16,101,14,9,34,54,33,27,30,17,24,36,33,12,24,14,46,27,18,37,24,37,47,28,22,25,21,14,58,30,14,19,89,33,24,31,36,18,31,34,39,5,14,37,26,23,41,51,20,14,22,35,34,34,93,42,33,28,29,37,26,36,18,37,14,31,11,39,42,17,34,17,40,40,35,44,44,38,38,32,11,57,32,24,12,11,32,39,30,53,36,26,39,15,15,14,17,9,20,24,10,17,27,18,16,16,46,36,27,14,25,14,30,15,34,29,19,27,11,33,23,105,21,45,6,17,45,34,26,14,17,15,16,8,31,24,14,12,25,18,8,17,41,15,14,5,39,15,24,18,88,19,27,33,7,29,16
35,94,31,38,30,23,30,39,40,34,36,34,28,21,23,31,45,21,28,33,34,32,35,34,33,44,45,31,31,36,31,33,35,34,65,33,30,21,49,29,45,34,34,48,25,34,33,30,34,30,33,37,35,59,21,41,23,31,45,35,33,26,43,33,24,54,30,33,20,28,31,34,26,36,36,39,35,37,59,21,31,27,32,33,34,23,35,51,32,21,25,31,29,32,36,37,31,62,32,35,34,36,27,33,59,65,32,56,49,30,0,28,35,34,21,52,36,32,39,33,19,37,39,31,33,32,133,28,58,48,33,43,64,28,33,41,34,31,36,36,25,36,28,34,30,41,28,40,35,23,27,17,24,32,21,49,32,25,35,25,33,34,37,27,31,22,36,35,30,63,20,53,32,36,40,43,32,51,33,29,29,49,34,30,32,39,71,28,34,17,30,43,30,103,31,33,40,62,37,38,34,37,39,39,37,32,39,34,54,33,25,45,23,36,39,36,28,35,27,28,57,25,34,29,91,37,27,28,30,24,32,27,36,31,36,39,36,35,47,37,37,35,32,28,34,24,92,46,26,32,34,36,32,39,33,34,35,32,33,40,37,37,17,34,34,40,32,36,43,40,32,30,32,58,22,20,30,29,19,39,23,54,41,40,22,31,34,32,31,29,34,31,36,34,34,37,34,32,50,31,32,34,20,26,30,31,25,39,28,25,31,36,39,108,33,48,36,26,35,23,25,35,30,33,32,29,27,32,31,21,27,30,37,37,38,32,34,31,42,31,25,23,88,27,33,29,27,28,35
27,100,42,35,28,18,37,38,36,25,26,42,30,23,42,34,39,19,29,17,29,40,20,35,27,33,35,24,16,24,29,29,18,24,73,27,23,32,44,22,52,25,15,55,24,16,28,15,28,13,29,34,22,64,31,43,21,22,51,30,29,38,50,26,32,70,24,23,39,28,27,27,30,28,35,38,35,25,61,15,28,27,27,27,26,31,35,48,27,25,31,26,20,18,26,45,29,61,28,30,26,44,26,28,70,70,23,58,50,22,28,0,23,26,19,32,26,25,40,25,26,23,35,29,27,26,137,19,56,49,29,25,54,34,23,49,28,27,30,25,18,31,22,30,33,31,16,30,26,21,22,26,24,23,17,62,29,21,35,22,29,28,40,18,28,29,47,26,11,59,27,56,33,41,48,45,28,56,26,19,29,50,27,23,33,40,70,23,28,16,39,48,31,107,25,26,29,63,20,35,31,28,32,32,36,23,22,25,45,37,20,39,32,42,47,35,21,29,31,24,60,27,25,30,86,25,30,25,42,23,33,36,35,18,24,39,24,21,38,53,20,23,29,40,33,38,88,42,29,32,26,42,29,42,18,41,23,33,20,43,43,28,34,27,38,46,31,43,40,37,36,30,25,62,30,26,27,23,25,43,30,58,41,29,29,26,27,15,28,24,18,31,22,29,23,27,27,28,49,36,30,16,17,13,34,24,32,32,29,20,25,33,35,105,27,47,22,29,42,35,26,28,25,29,24,13,32,26,25,19,28,27,22,26,37,24,25,22,39,27,5,15,92,17,25,36,18,31,28
12,101,47,38,9,20,39,35,39,23,16,47,33,26,45,32,38,27,17,18,10,45,4,30,16,36,40,19,19,26,13,16,15,21,72,13,21,39,48,17,44,12,15,52,29,16,14,16,9,15,14,40,28,61,39,45,25,30,50,4,17,40,47,7,33,71,18,16,40,14,16,10,33,21,30,39,30,12,69,23,8,26,10,9,32,30,38,57,10,23,12,9,25,25,15,42,15,62,12,31,7,43,23,16,73,78,6,55,54,14,35,23,0,11,26,52,22,33,47,6,27,17,39,9,13,11,140,21,57,54,10,20,60,38,7,50,22,29,11,5,22,32,37,15,36,30,20,23,7,27,27,30,31,4,32,59,21,29,36,18,26,9,43,21,14,36,49,15,20,64,29,54,32,43,53,46,14,51,8,19,16,50,13,29,32,42,71,20,7,27,41,49,13,106,18,16,34,65,32,35,39,10,28,34,32,4,25,6,46,34,20,39,27,40,47,35,25,23,21,16,58,29,15,23,94,32,24,35,39,25,38,37,44,18,17,40,29,16,40,50,20,0,19,35,32,41,96,40,35,35,33,40,25,47,25,36,1,38,24,38,47,10,37,13,41,38,33,44,45,42,39,31,3,60,41,24,8,15,37,38,30,61,39,25,36,15,8,18,14,15,23,24,13,15,32,17,12,11,48,36,27,22,27,22,37,19,35,26,21,30,9,37,25,106,20,49,13,20,45,29,37,14,24,12,16,19,32,24,20,20,31,14,15,7,43,4,10,16,39,15,29,30,91,25,28,36,18,34,14
10,98,45,33,4,22,34,33,41,22,9,45,33,23,45,28,38,24,8,18,9,41,3,29,13,37,39,15,16,24,7,12,11,18,67,7,21,32,44,15,45,4,13,53,21,18,8,12,7,16,10,38,24,60,37,42,24,26,47,10,15,36,45,6,32,69,15,17,36,14,10,8,27,18,39,37,39,9,65,25,5,26,4,7,27,27,30,53,7,25,15,3,22,22,6,41,2,60,12,28,6,41,23,9,71,75,3,49,51,12,34,26,11,0,22,51,19,26,45,7,24,14,43,9,10,2,139,17,53,51,5,22,60,33,6,45,21,25,7,16,21,27,32,13,33,31,21,20,7,24,26,29,28,5,32,54,18,28,35,19,21,7,38,22,6,31,46,14,13,59,26,49,31,40,50,43,10,48,5,18,16,45,9,25,29,39,68,19,6,24,39,46,8,107,18,13,38,60,27,34,34,3,30,40,33,5,22,6,49,32,22,44,24,32,44,36,20,23,17,16,55,21,11,20,86,27,20,27,35,24,37,31,42,15,15,40,31,17,42,46,24,11,20,34,31,40,93,40,33,29,28,36,21,45,27,31,11,37,27,36,43,3,35,9,37,39,34,42,42,38,32,31,6,55,32,19,5,10,32,36,22,57,38,24,33,13,6,17,6,19,22,17,8,11,26,15,6,9,46,37,25,21,25,18,31,14,32,23,20,29,5,31,20,109,14,44,13,14,41,29,32,8,25,5,15,22,28,26,19,18,29,11,8,18,40,3,2,19,41,6,30,24,88,25,25,31,17,31,11
23,99,41,29,18,11,27,28,38,16,19,37,31,3,28,21,37,19,18,22,21,40,22,24,20,42,44,13,15,21,22,18,17,21,65,21,19,22,42,18,41,21,16,40,15,15,17,9,22,16,18,36,19,53,29,39,19,15,45,24,19,34,44,21,9,60,14,18,28,18,20,23,23,21,34,38,34,19,59,9,21,19,20,22,21,14,32,49,24,11,19,20,5,5,19,44,20,59,18,30,22,38,16,19,66,61,22,49,48,22,21,19,26,22,0,51,20,32,43,21,13,23,41,23,22,25,130,15,55,53,21,26,58,28,24,44,24,24,23,24,8,32,25,18,29,28,9,19,23,9,23,26,17,25,12,50,26,21,35,8,21,22,31,15,24,17,42,23,10,51,13,51,36,32,40,43,18,51,23,16,16,45,20,19,26,36,69,11,22,8,34,31,23,102,22,16,43,54,32,34,23,24,30,44,39,25,24,22,50,27,12,40,30,30,38,33,7,23,22,22,50,23,19,20,89,30,11,31,34,6,27,26,41,11,19,40,27,17,46,46,23,25,25,36,31,28,93,48,32,27,23,36,15,36,20,30,25,27,13,36,28,24,24,22,38,39,35,39,41,45,37,28,25,57,22,19,23,11,16,38,24,55,44,20,34,20,22,4,24,10,5,21,18,25,24,17,16,21,47,35,26,5,24,12,31,19,29,30,17,19,24,30,22,105,22,45,20,17,37,30,16,21,21,19,10,19,24,20,10,8,12,20,17,26,35,25,24,12,43,23,12,21,92,6,29,33,11,29,22
48,104,48,55,51,46,53,49,28,54,46,53,49,50,53,46,46,52,53,45,53,52,52,56,49,53,51,49,52,48,52,54,48,50,72,48,56,50,54,49,60,51,47,57,48,48,50,49,47,48,53,50,52,70,53,56,51,52,56,52,52,56,51,49,53,70,49,56,56,51,51,50,51,55,44,45,44,48,70,50,52,50,51,49,55,57,52,58,52,50,53,51,45,49,51,52,52,59,53,44,49,47,55,53,77,76,51,55,53,49,52,32,52,51,51,0,54,54,53,49,51,49,58,53,49,51,143,50,53,51,51,50,58,54,52,53,54,47,52,53,53,41,53,54,51,45,47,51,51,52,55,52,55,51,56,59,57,49,35,48,55,50,51,43,48,46,46,54,46,70,47,54,42,51,58,55,53,57,50,44,47,57,51,55,41,42,77,46,47,47,50,46,53,115,46,49,44,68,34,55,46,49,57,57,59,51,57,50,63,35,50,52,54,54,54,52,46,54,55,43,66,53,50,51,101,31,48,51,60,46,34,55,44,42,51,47,51,55,56,53,53,52,53,54,58,51,99,58,53,55,43,55,57,47,47,33,52,34,47,55,50,49,53,49,41,44,50,56,52,45,54,52,51,65,52,49,50,48,51,55,53,62,54,56,55,51,48,48,48,46,45,57,48,53,39,54,52,53,54,47,47,45,53,45,55,50,51,57,50,52,50,49,59,116,55,54,49,54,59,50,51,53,55,53,47,47,46,53,46,47,45,53,50,54,61,51,51,42,60,51,53,46,102,50,50,60,42,47,50
25,90,36,26,23,11,33,28,34,16,19,40,25,18,36,26,38,17,21,4,22,37,23,26,27,40,45,15,9,11,19,20,14,22,67,22,18,30,43,20,49,22,18,49,21,17,22,15,24,20,19,19,20,55,39,47,19,19,46,25,26,29,40,24,21,68,15,26,33,23,26,22,23,26,37,39,37,19,61,18,22,22,20,23,21,31,25,52,23,18,18,21,22,25,23,32,23,59,18,27,24,33,3,19,69,72,20,54,46,18,36,26,22,19,20,54,0,35,35,23,11,18,45,18,23,21,140,16,49,48,21,29,53,25,21,49,22,14,19,20,19,24,26,27,32,32,24,27,25,18,23,24,19,22,25,52,24,25,31,26,20,24,34,22,21,33,42,19,17,51,27,47,34,36,40,39,23,48,23,21,24,45,22,20,25,30,68,19,16,20,40,45,18,108,21,18,41,57,28,19,17,27,19,41,39,22,21,24,53,27,14,41,30,23,45,35,17,19,25,24,49,20,24,26,77,27,20,20,38,15,36,35,37,21,18,34,32,25,45,47,26,24,18,29,29,39,93,45,24,22,24,35,14,41,15,27,23,36,13,37,39,27,34,23,37,44,29,39,29,35,36,24,22,52,32,19,23,17,29,37,25,53,34,21,36,19,24,18,21,22,19,22,20,25,19,25,26,27,43,29,19,18,11,12,26,18,25,28,30,29,20,25,22,109,23,43,23,22,40,29,29,22,21,20,20,23,28,20,19,23,21,21,21,21,37,21,26,22,43,24,24,12,92,13,25,32,21,21,23
34,93,44,35,30,32,32,38,42,32,31,46,38,33,41,33,38,29,32,26,30,42,31,35,34,35,42,32,26,34,31,31,31,32,74,31,31,32,47,33,54,28,30,53,36,29,34,33,33,32,36,40,27,61,38,46,35,31,50,32,39,35,46,30,41,68,32,31,38,28,36,31,32,31,31,34,31,33,67,36,29,30,32,31,37,38,31,58,28,36,33,29,35,34,31,42,30,66,34,31,31,47,31,34,71,79,29,55,51,28,32,25,33,26,32,54,35,0,52,30,32,32,35,30,31,32,141,32,57,51,32,32,60,32,32,47,34,33,35,32,32,36,36,34,36,38,33,38,31,34,37,35,34,32,35,58,34,34,37,33,25,33,36,30,34,38,43,28,33,66,36,53,33,41,49,43,30,53,30,33,33,51,36,31,35,43,77,34,34,36,42,48,37,109,31,32,36,67,35,31,30,28,31,38,30,32,36,30,49,32,30,41,32,33,46,28,32,35,40,32,56,29,30,31,88,36,29,36,30,33,34,30,45,30,33,41,31,35,34,52,24,32,32,30,29,38,97,36,31,31,34,38,37,47,31,33,32,34,33,41,39,28,37,32,47,43,32,40,44,41,40,38,30,55,35,34,31,31,35,41,37,61,38,30,38,39,32,35,34,34,35,37,33,29,36,36,32,31,46,36,35,32,34,32,36,32,34,39,35,36,32,34,39,103,35,41,30,35,43,32,38,36,33,28,32,31,33,37,32,33,32,35,31,31,36,30,28,32,31,33,36,34,93,37,29,29,31,34,35
48,97,45,45,46,35,39,46,49,45,46,36,42,44,44,45,37,43,43,38,48,50,50,48,47,50,48,42,33,37,43,42,41,45,55,45,46,39,42,45,48,46,38,45,44,42,45,42,49,47,47,41,42,57,48,48,46,40,44,50,40,45,39,45,43,62,41,48,44,46,47,47,38,47,45,46,45,47,58,50,44,44,41,47,44,52,28,60,45,49,40,48,41,45,46,51,46,62,42,44,49,40,45,40,64,72,49,57,39,48,39,40,47,45,43,53,35,52,0,48,45,44,47,45,48,46,139,40,57,52,47,50,63,23,48,34,42,37,48,49,42,47,51,48,49,50,46,52,50,44,39,43,46,49,51,54,47,40,48,49,37,49,42,50,46,45,40,46,47,64,50,40,47,47,43,41,47,53,47,50,46,50,47,46,45,37,67,47,46,41,40,37,50,105,46,45,47,61,46,42,37,47,39,51,51,49,49,49,52,49,40,36,45,42,51,42,47,45,47,46,51,41,48,48,87,48,45,45,41,51,43,39,42,45,46,54,51,45,50,44,50,51,44,40,45,40,92,49,39,39,38,34,47,45,51,50,51,43,47,43,48,47,44,48,33,48,43,38,43,43,46,49,48,53,46,42,47,46,41,43,42,58,45,41,39,42,49,45,46,49,46,44,44,47,46,46,41,47,52,47,44,43,35,38,34,50,43,48,49,47,46,39,49,103,40,48,44,45,31,42,52,47,48,44,48,48,48,49,48,45,44,42,44,50,43,49,47,46,47,48,50,41,81,46,46,49,46,38,49
6,98,43,34,7,23,37,34,39,23,14,44,33,24,43,30,38,27,13,17,11,41,10,27,15,38,41,16,18,26,9,13,15,20,70,4,21,36,45,15,43,7,15,52,27,15,6,14,4,15,12,38,25,59,35,44,25,28,47,8,19,36,46,1,30,68,15,16,35,14,15,8,28,21,32,36,32,12,66,24,11,25,10,3,28,26,34,52,9,24,12,9,24,24,10,42,11,63,12,29,2,41,23,14,70,74,7,55,51,13,33,25,6,7,21,49,23,30,48,0,22,17,41,10,4,9,137,20,55,52,10,21,62,34,8,48,22,27,11,12,21,30,33,14,33,33,19,20,4,23,23,29,24,6,31,55,21,27,34,19,24,4,39,20,6,33,44,15,17,61,24,50,31,41,49,42,11,49,2,19,17,48,10,29,30,40,70,20,12,25,39,46,12,106,19,15,38,62,30,33,35,9,28,35,35,6,22,2,46,32,21,43,25,33,45,37,23,24,18,15,56,26,14,21,91,30,21,32,34,21,34,32,42,18,17,40,29,16,41,43,24,6,21,36,28,39,94,41,33,33,32,40,25,44,24,34,6,34,25,36,43,9,37,5,41,38,35,40,43,41,38,29,6,56,35,23,3,15,31,36,23,57,39,22,31,15,3,17,6,16,21,22,12,14,29,16,10,11,48,37,26,21,28,18,31,18,33,24,20,27,4,34,23,106,19,43,13,15,44,35,33,12,24,9,17,20,30,25,19,21,28,8,14,10,40,6,6,19,40,7,29,24,89,24,26,32,18,32,5
25,100,37,33,21,11,23,32,39,26,16,45,35,7,37,23,38,14,21,22,22,39,27,27,24,43,46,9,14,17,25,17,10,19,68,22,23,32,47,24,38,26,13,51,19,13,23,14,23,19,23,34,21,55,32,39,17,22,47,22,21,36,41,22,19,66,8,18,24,22,24,24,22,23,38,40,38,25,57,13,22,24,25,22,20,14,32,42,26,9,21,23,19,21,22,46,25,56,20,33,23,36,15,22,67,70,26,43,46,14,19,26,27,24,13,51,11,32,45,22,0,21,36,18,22,24,136,21,54,54,23,27,67,31,25,44,21,25,23,23,14,28,17,21,23,35,9,21,24,9,23,24,8,24,15,55,23,17,38,20,29,23,38,11,24,16,40,24,8,52,24,51,33,28,39,45,19,53,24,19,21,50,23,10,30,33,65,11,22,14,31,42,23,106,16,21,40,54,34,36,24,24,31,40,41,24,27,23,51,39,16,42,30,30,40,34,21,21,23,17,56,15,17,20,85,34,17,28,32,10,31,32,30,15,24,29,29,25,47,40,26,24,23,37,33,24,84,48,28,32,18,35,22,37,16,36,24,31,16,38,34,24,22,23,35,41,31,41,44,40,27,28,25,57,23,22,22,10,22,39,25,60,44,22,32,22,23,17,24,12,14,22,18,26,28,24,22,23,47,30,22,11,16,10,26,9,34,27,19,9,24,26,26,110,25,31,18,13,34,33,17,22,20,22,13,21,15,18,9,12,14,24,21,23,38,24,23,13,44,23,15,17,92,18,30,32,14,26,24
16,98,40,31,15,17,35,34,38,20,9,44,31,20,41,28,42,21,13,13,14,41,16,33,16,40,38,7,13,20,15,15,10,17,67,15,19,34,45,17,48,13,9,53,23,9,16,16,16,17,10,37,20,58,39,44,19,20,49,17,13,25,41,14,29,67,8,24,37,14,17,13,29,14,36,40,36,17,64,22,16,21,14,14,26,30,32,51,17,22,16,15,16,19,14,41,12,62,15,31,16,40,21,11,71,76,14,54,48,14,37,23,17,14,23,49,18,32,44,17,21,0,43,13,15,13,137,15,51,48,13,21,57,32,16,43,29,28,15,17,16,31,26,18,27,33,16,20,16,19,28,27,28,17,28,50,20,25,34,14,22,17,38,18,14,32,46,14,12,61,28,40,33,41,44,41,13,50,15,13,17,43,15,24,27,39,68,17,15,25,39,46,12,105,16,13,38,59,31,33,35,15,25,40,34,17,21,17,48,35,18,40,29,36,42,39,18,19,10,14,57,27,9,19,88,31,18,33,32,18,39,35,40,17,8,38,29,15,40,42,15,14,14,30,30,41,92,45,30,27,27,38,25,42,22,35,14,39,23,39,42,15,34,13,40,40,34,36,43,38,35,28,16,49,35,22,14,11,28,39,22,56,38,23,29,12,17,16,14,18,18,16,12,9,26,11,16,15,46,37,24,18,21,14,31,13,31,25,22,28,14,28,21,108,10,39,16,18,42,33,33,15,22,10,11,19,28,20,15,17,29,18,12,17,37,13,15,17,40,14,26,22,91,20,27,23,16,29,17
40,105,46,44,38,44,37,50,46,43,42,47,49,40,45,44,39,44,38,43,44,50,39,44,41,14,20,40,43,42,41,40,44,43,74,41,43,39,54,45,46,42,43,51,40,43,38,41,42,45,37,43,33,66,35,42,42,48,57,44,41,43,58,41,40,73,40,38,46,41,40,42,42,39,43,40,43,45,68,37,41,42,39,40,49,35,45,52,40,38,40,41,38,39,39,49,42,65,39,43,42,46,46,41,79,85,42,45,47,42,39,35,39,43,41,58,45,35,47,41,36,43,0,40,41,40,142,39,64,59,38,32,70,34,42,43,36,44,44,42,45,47,40,42,42,46,41,44,42,41,45,41,38,42,35,49,39,43,40,42,38,42,41,40,42,42,40,43,45,64,45,62,43,44,51,52,34,63,42,45,43,56,43,42,49,43,67,42,40,44,46,52,42,111,42,45,46,62,48,48,39,43,44,19,9,42,43,42,34,45,41,49,47,41,46,40,39,40,41,45,62,42,40,40,93,51,42,38,50,43,46,38,51,42,42,49,35,41,16,46,35,42,45,39,42,39,99,22,41,44,44,45,38,47,35,48,42,46,41,38,39,43,44,41,45,41,41,48,51,48,43,41,42,67,47,42,41,45,38,42,41,64,49,39,40,38,42,42,42,45,43,43,45,39,44,41,39,40,53,48,46,41,40,42,37,45,45,46,41,40,42,48,48,109,43,49,43,40,43,43,43,41,38,45,45,44,48,45,46,47,43,39,40,37,46,42,41,44,9,42,35,43,99,41,46,46,43,40,42
14,95,42,33,11,21,36,33,40,21,12,42,34,19,40,28,44,23,9,17,13,42,7,29,11,39,40,12,16,23,8,12,10,19,70,9,23,31,44,13,40,10,13,53,21,17,11,13,11,15,9,36,20,56,34,43,20,22,48,12,12,35,48,9,24,64,12,16,32,15,12,7,23,20,37,42,37,12,63,17,8,27,7,14,23,30,32,51,13,17,11,8,18,17,11,42,7,58,8,29,11,41,25,4,66,72,8,52,52,18,31,29,9,9,23,53,18,30,45,10,18,13,40,0,12,8,139,16,52,46,6,25,55,33,10,47,23,26,11,15,14,27,27,11,31,35,18,20,12,17,20,28,25,10,34,53,21,23,37,17,23,11,36,20,10,27,43,9,14,60,22,48,32,36,43,44,10,50,11,15,13,48,11,23,29,35,70,16,8,25,40,49,6,107,18,12,40,59,31,33,33,10,27,38,35,10,20,11,50,33,17,47,28,33,43,37,20,16,15,15,56,26,15,22,88,27,21,30,36,17,34,32,41,16,18,43,32,19,40,46,24,12,15,36,35,39,94,43,28,25,24,34,23,45,29,31,12,34,21,35,43,10,35,9,41,35,34,40,42,39,35,28,9,54,31,21,9,10,32,35,27,56,36,21,30,2,11,13,10,16,17,14,12,14,26,10,8,12,46,36,23,17,26,16,30,13,29,21,17,23,12,29,23,113,14,47,16,6,40,29,28,6,21,6,13,18,29,23,17,17,23,7,14,14,38,8,11,15,37,9,26,20,88,18,28,31,19,28,14
6,97,43,33,8,19,38,33,39,22,16,45,31,23,45,29,43,25,13,16,10,41,8,27,13,38,44,16,19,25,8,12,12,18,69,3,19,35,45,18,42,9,14,53,26,15,6,15,9,20,14,37,24,60,35,44,24,27,48,13,19,35,45,5,30,67,16,20,34,13,13,7,32,20,39,41,39,10,65,23,10,25,9,3,27,26,33,52,8,23,11,10,23,23,7,41,8,62,13,33,9,40,22,13,69,74,10,54,51,18,33,27,13,10,22,49,23,31,48,4,22,15,41,12,0,9,136,19,54,51,10,24,61,35,10,48,22,25,10,15,19,29,30,13,32,35,19,19,11,22,23,28,28,7,31,56,23,28,34,19,23,9,37,21,5,32,44,15,16,61,25,51,36,41,49,42,10,48,5,18,17,49,9,28,29,40,71,19,8,24,38,46,11,107,18,15,40,62,29,33,35,8,31,37,37,7,21,9,48,37,22,43,28,33,44,38,21,22,17,14,58,25,16,21,91,29,20,32,33,23,38,33,39,18,15,37,27,22,44,45,26,13,20,34,35,39,93,44,30,31,31,38,24,43,28,33,13,38,26,37,43,8,37,4,41,38,35,40,42,42,34,30,9,57,36,23,5,12,32,37,24,56,38,22,31,14,9,17,5,19,20,21,11,13,27,15,11,10,47,34,25,19,25,18,31,18,32,23,17,27,5,33,22,111,19,46,18,16,43,34,31,12,22,11,15,22,29,26,18,19,27,15,15,17,39,8,7,19,42,5,30,24,93,23,25,31,18,32,3
10,98,42,35,4,23,35,32,38,21,10,44,35,22,43,29,40,23,12,16,13,43,6,29,12,38,40,15,18,25,6,13,10,20,67,7,23,36,45,16,44,7,14,52,24,16,8,13,8,20,11,35,24,58,38,43,22,22,48,11,17,34,45,6,31,69,15,18,36,11,12,6,29,18,35,38,35,10,67,23,7,23,3,9,29,27,35,53,5,23,10,2,24,21,8,42,8,57,11,31,8,40,27,9,71,78,2,54,51,11,32,26,11,2,25,51,21,32,46,9,24,13,40,8,9,0,139,20,51,46,4,22,56,36,5,48,19,25,11,13,21,27,31,15,32,34,17,18,7,22,23,30,28,4,30,55,21,27,34,15,26,8,38,20,8,32,48,15,15,63,24,50,33,41,48,44,10,46,7,15,17,49,8,28,28,42,70,16,7,25,39,45,9,101,17,11,36,61,27,32,34,4,29,35,35,4,23,8,49,35,18,42,28,37,45,36,22,24,16,13,57,25,11,22,88,27,21,34,36,23,39,32,39,16,15,37,31,18,40,46,21,6,20,33,32,40,92,43,31,31,29,39,22,46,23,34,5,39,22,36,44,4,34,9,42,37,36,42,42,40,34,31,3,56,36,23,7,11,32,36,24,58,35,19,32,9,8,15,8,15,18,20,10,13,28,14,10,10,47,37,25,18,25,21,34,13,27,23,20,29,6,34,22,108,15,43,10,17,44,31,32,12,24,8,10,20,29,27,14,15,25,16,10,12,39,2,4,16,42,7,28,21,86,25,28,31,15,32,10
136,139,136,138,137,133,135,120,136,142,136,137,134,127,129,124,143,132,137,138,139,140,138,135,136,148,145,137,137,131,137,139,135,140,135,137,143,139,129,138,143,139,136,145,132,139,135,133,138,136,139,142,139,119,124,135,137,135,142,140,135,143,147,137,128,144,137,139,135,142,136,138,136,142,138,142,138,135,124,133,135,141,136,137,139,133,142,147,137,129,140,137,134,134,134,142,139,137,136,140,138,125,140,136,144,127,139,110,140,136,133,137,140,139,130,143,140,141,139,137,136,137,142,139,136,139,0,137,130,145,139,142,141,136,140,141,135,132,139,141,133,130,130,133,138,141,131,137,139,132,139,139,131,139,132,145,146,135,137,128,137,138,134,133,138,127,142,137,129,114,131,148,141,122,128,136,139,149,138,132,135,146,139,129,136,139,121,131,140,126,125,120,139,94,128,135,131,116,130,140,132,140,141,147,145,139,137,138,151,134,136,142,147,131,142,135,128,141,143,127,142,134,140,134,126,131,137,131,144,134,132,142,138,129,139,140,140,139,149,138,142,140,142,145,139,140,147,148,141,140,135,136,137,135,133,134,140,132,135,136,137,140,132,137,132,147,134,146,131,138,137,137,139,149,137,137,136,129,139,135,141,145,143,144,127,138,138,131,138,132,130,142,133,140,132,138,133,136,130,132,130,129,138,136,139,129,142,143,135,128,138,136,146,149,140,130,137,137,138,145,137,136,138,140,134,136,124,139,132,134,130,136,136,142,134,139,138,135,144,136,139,139,140,127,138,150,135,132,136
23,96,40,33,16,13,28,28,35,15,10,36,31,17,34,28,41,20,19,7,21,41,22,29,19,39,41,8,7,20,16,13,10,21,57,19,16,34,41,22,43,18,8,46,18,7,16,12,19,18,15,26,19,57,36,45,15,25,46,20,17,29,42,19,19,70,9,23,31,18,20,22,21,17,37,41,37,23,62,15,19,23,18,19,22,23,25,53,19,15,24,18,3,3,16,38,17,62,15,28,19,40,18,13,72,72,19,53,40,16,28,19,21,17,15,50,16,32,40,20,21,15,39,16,19,20,137,0,53,46,18,27,52,26,23,44,21,21,18,24,12,26,22,19,29,28,13,22,20,10,22,14,21,21,22,46,17,26,30,21,22,19,33,18,20,27,37,13,16,53,16,44,34,36,46,42,12,48,19,16,19,48,21,19,29,31,64,18,19,16,35,41,20,108,12,17,41,57,25,31,25,23,17,41,35,21,22,19,50,33,10,38,30,27,50,31,16,14,17,20,55,27,25,18,81,30,8,19,37,10,32,30,36,12,9,37,25,24,43,45,23,24,22,34,33,40,91,46,29,17,18,30,17,40,16,30,25,32,19,34,39,23,34,21,31,42,36,35,42,40,32,26,20,49,27,18,19,11,23,34,22,57,37,19,34,14,19,15,20,21,14,25,16,20,23,17,15,20,48,33,26,9,16,7,23,12,29,26,18,21,19,26,23,108,17,37,20,22,39,26,22,11,17,23,17,17,25,16,16,16,20,19,19,25,33,19,22,19,40,18,20,25,90,17,25,26,18,30,20
55,89,53,54,53,50,52,56,59,55,52,45,54,54,55,51,57,54,53,53,57,54,56,62,54,61,66,49,53,55,55,55,48,50,62,54,56,59,49,52,57,54,48,52,52,49,55,54,56,53,54,52,50,50,60,60,53,54,54,57,54,54,48,54,59,67,49,39,62,53,54,53,55,53,57,60,57,55,64,54,54,46,51,54,55,61,56,58,54,56,54,55,36,40,55,61,54,50,46,45,56,49,49,54,71,76,53,57,59,50,58,56,57,53,55,53,49,57,57,55,54,51,64,52,54,51,130,53,0,53,54,60,66,57,57,56,59,54,55,58,56,55,59,55,45,58,53,60,57,53,59,56,59,56,60,55,56,55,52,57,55,56,55,56,55,56,51,55,54,66,59,46,56,53,56,55,55,56,55,56,50,51,55,56,53,57,77,53,56,54,52,59,56,101,56,51,61,66,55,54,58,56,59,63,62,56,49,56,68,55,53,58,50,55,64,47,53,56,57,52,57,58,50,58,88,54,57,59,60,58,58,54,57,56,54,55,60,45,65,64,60,57,53,40,61,58,93,65,57,56,58,56,48,60,60,55,57,58,59,48,58,56,60,53,56,44,56,57,57,53,55,59,56,41,48,57,55,55,56,46,59,59,41,57,60,55,56,56,55,55,55,56,54,56,57,45,54,56,58,58,55,54,58,56,52,54,52,58,60,59,55,56,61,107,53,61,54,57,58,59,48,54,58,55,51,58,55,49,54,55,55,58,49,59,51,55,55,57,59,55,59,55,84,56,57,58,54,57,56
52,90,43,45,51,45,46,55,46,40,49,51,52,54,48,48,44,44,49,46,54,49,53,60,50,53,53,46,47,49,48,51,45,50,69,51,50,52,44,49,61,51,45,49,55,42,51,49,53,53,51,45,47,60,46,57,31,44,44,54,48,49,46,51,52,64,46,55,51,47,51,50,44,51,50,52,49,52,62,49,49,45,44,50,49,53,46,49,51,51,47,46,46,47,51,54,47,57,49,43,53,45,51,51,66,73,48,53,45,49,48,49,54,51,53,51,48,51,52,52,54,48,59,46,51,46,145,46,53,0,44,50,54,51,50,47,52,50,52,49,55,49,54,54,44,56,48,52,54,55,51,48,57,53,57,52,51,52,37,50,52,53,47,49,52,57,52,48,48,63,55,40,50,55,47,47,52,54,52,49,47,48,51,53,48,47,72,47,48,53,54,55,51,116,49,49,49,63,49,46,55,49,55,54,47,53,51,53,64,40,52,50,53,51,54,50,50,47,52,53,58,50,53,55,89,42,54,56,60,54,49,46,49,53,51,42,56,51,58,57,56,54,40,51,55,51,94,59,52,46,49,49,51,49,49,40,54,49,56,46,48,49,53,50,33,56,48,51,50,45,51,53,53,56,50,46,51,52,51,46,51,56,50,47,53,48,53,48,52,50,49,46,51,53,48,48,53,52,53,51,54,46,53,51,47,51,25,49,57,57,52,54,52,114,45,53,51,52,48,42,50,50,53,50,52,48,54,50,49,47,56,54,50,48,56,46,52,54,58,51,57,44,95,50,52,52,49,50,53
10,97,41,32,5,20,35,32,38,17,14,42,33,22,46,27,41,24,10,16,9,41,8,28,12,40,39,13,17,23,4,9,12,17,67,10,18,32,43,13,41,4,12,50,26,13,10,14,11,17,10,34,20,56,38,43,17,23,46,10,19,35,43,9,30,68,13,22,36,12,12,4,32,17,38,39,38,10,65,22,8,25,2,8,25,25,30,52,5,22,11,3,21,21,6,41,3,59,10,29,11,37,23,9,70,75,4,54,50,14,33,29,10,5,21,51,21,32,47,10,23,13,38,6,10,4,139,18,54,44,0,21,54,32,7,46,21,25,8,12,20,29,29,11,29,34,18,20,4,21,23,26,25,6,32,54,20,25,32,18,25,11,37,21,10,31,42,13,16,60,24,49,32,37,47,41,9,46,10,17,15,44,7,26,29,38,70,17,7,24,38,45,10,107,17,10,39,60,29,30,34,8,32,39,34,6,21,11,49,33,18,42,29,31,43,37,21,23,16,14,55,25,14,20,88,29,21,30,36,22,37,31,38,17,15,36,32,18,39,44,28,10,15,35,29,39,90,40,29,28,30,37,21,45,25,33,10,37,23,34,41,8,34,8,40,38,35,38,40,43,34,28,5,55,33,19,10,11,29,34,23,55,36,18,31,10,11,17,10,18,19,17,10,11,27,13,8,7,47,34,25,18,24,18,30,17,26,22,17,27,10,29,22,110,15,42,15,14,38,29,30,8,22,10,14,20,27,23,17,18,25,11,10,12,37,4,6,17,40,3,28,23,89,22,25,32,16,28,11
23,101,44,36,17,24,44,38,43,22,26,47,41,26,43,34,42,31,27,23,19,45,15,28,23,27,34,24,25,25,24,23,22,27,72,24,27,38,54,19,48,23,22,54,32,24,25,19,22,22,27,39,31,64,42,46,22,22,48,24,19,40,49,22,34,73,24,18,42,21,21,24,26,20,37,37,37,22,69,26,23,31,17,23,31,34,37,56,20,26,26,19,28,26,19,45,24,67,25,35,20,44,24,24,75,80,19,57,53,18,43,25,20,22,26,50,29,32,50,21,27,21,32,25,24,22,142,27,60,50,21,0,68,39,12,51,26,30,23,14,27,34,34,16,37,36,22,26,18,24,24,35,31,14,28,61,25,31,41,18,32,22,43,20,20,37,51,21,24,64,30,56,36,45,53,45,20,51,20,21,23,56,27,33,33,42,73,23,19,27,46,50,27,109,22,23,39,66,33,36,38,18,35,32,29,14,31,19,33,37,24,41,32,42,49,36,26,22,21,21,63,32,24,24,97,33,25,39,40,26,39,37,46,23,26,44,24,23,34,53,16,14,18,38,32,45,99,23,36,38,37,43,31,47,24,39,13,39,24,44,48,18,41,24,45,37,38,45,48,47,43,33,13,62,36,27,19,21,36,44,27,58,40,21,41,19,21,24,20,20,24,24,21,27,34,25,27,21,48,40,28,22,33,27,37,22,34,34,23,31,17,39,24,110,20,49,18,22,46,36,39,27,25,18,23,17,34,25,24,23,29,15,22,14,43,14,15,20,27,23,21,30,96,26,34,38,20,37,25
62,104,64,61,62,51,58,63,62,60,59,53,59,66,62,61,56,62,63,48,64,58,61,70,61,68,62,60,55,57,60,61,59,62,60,61,59,61,45,57,71,56,53,62,60,56,63,63,63,59,62,49,54,71,66,64,56,50,51,64,61,52,47,61,67,67,60,67,61,59,62,55,58,61,56,49,56,62,69,62,61,59,54,61,64,64,54,48,59,66,61,62,54,52,62,67,57,59,64,57,63,56,59,60,64,78,56,63,52,61,64,54,60,60,58,58,53,60,63,62,67,57,70,55,61,56,141,52,66,54,54,68,0,55,58,58,65,57,60,59,61,54,61,62,56,65,59,67,58,63,59,60,65,63,58,58,52,62,46,60,59,63,58,61,62,65,60,58,55,72,67,56,59,56,63,57,60,64,62,59,62,58,60,58,55,55,72,60,63,60,57,62,56,104,61,63,61,75,53,60,52,63,59,68,67,63,59,63,70,55,56,53,62,47,62,58,59,63,64,59,60,57,62,62,85,55,60,53,63,60,51,52,59,59,57,60,65,62,68,60,64,64,55,56,53,65,93,75,59,50,57,52,60,58,64,57,64,51,60,61,62,63,59,60,56,58,63,57,53,40,62,60,63,54,57,54,62,60,64,61,56,67,52,59,57,54,63,61,62,60,56,67,56,59,57,62,61,51,53,63,62,56,50,54,50,61,53,54,62,65,62,59,62,106,54,60,61,62,53,57,62,59,58,56,58,59,55,64,59,60,57,58,58,60,58,58,62,58,63,59,67,55,93,62,52,60,59,59,63
36,97,44,38,33,30,33,38,39,33,33,33,31,36,37,35,41,33,34,31,32,36,36,38,37,44,46,31,27,33,33,34,33,31,57,35,33,22,44,33,50,37,28,48,33,28,31,35,35,31,34,29,33,52,35,32,30,28,38,36,36,26,45,35,36,73,31,32,34,35,35,35,31,36,30,33,29,36,54,33,32,32,35,32,29,32,14,46,32,36,37,32,35,29,34,37,31,55,30,29,35,39,34,26,77,72,36,41,43,35,28,34,38,33,28,54,25,32,23,34,31,32,34,33,35,36,136,26,57,51,32,39,55,0,38,32,34,34,36,37,28,29,27,34,34,36,31,39,36,28,31,33,32,38,35,49,34,32,28,32,27,35,28,32,36,34,35,32,29,54,31,45,33,33,38,41,33,50,37,36,32,50,35,26,34,31,59,31,36,31,42,47,34,104,33,32,38,48,38,27,28,37,28,38,40,38,31,35,55,33,29,41,28,29,41,41,29,34,32,32,57,23,37,34,89,38,32,29,37,33,28,32,39,34,36,28,39,31,42,41,39,39,31,36,33,32,84,40,33,23,27,25,24,35,31,27,39,28,29,35,40,37,32,35,21,41,21,33,41,34,34,25,38,49,24,30,34,35,24,33,34,55,37,31,33,31,35,32,36,34,32,31,29,35,29,30,30,32,50,24,35,32,30,28,34,33,31,38,38,31,36,30,39,103,28,35,33,34,37,35,35,36,34,35,33,35,31,34,33,33,32,36,30,38,35,36,32,32,43,36,35,28,82,32,32,38,30,29,35
12,100,46,35,5,23,41,35,42,21,14,45,35,26,43,32,35,29,14,17,11,44,3,30,16,34,39,16,17,28,6,12,13,20,72,7,21,36,47,17,42,13,16,53,30,17,11,16,9,14,13,37,27,59,38,44,21,24,47,7,16,40,46,6,30,70,15,17,39,12,15,9,27,21,32,33,32,13,69,26,9,25,8,8,30,33,36,55,10,26,10,4,24,22,8,42,6,65,12,28,7,43,25,11,72,75,5,57,53,15,33,23,7,6,24,52,21,32,48,8,25,16,42,10,10,5,140,23,57,50,7,12,58,38,0,50,24,29,9,2,20,32,31,14,33,32,22,23,5,23,26,31,28,3,31,57,22,29,34,17,24,9,40,19,6,33,50,19,21,64,29,52,34,42,51,48,11,51,7,18,15,50,12,32,31,43,73,20,10,26,44,48,11,108,19,16,36,65,33,36,37,5,34,36,31,3,24,6,42,32,22,37,29,37,45,37,24,22,18,18,58,28,13,22,93,32,19,34,36,26,37,32,44,16,17,42,29,17,39,48,17,3,23,35,26,39,96,41,34,31,32,42,25,47,24,38,2,37,23,38,45,5,35,10,40,40,35,42,45,45,36,29,2,58,39,22,5,15,33,38,23,59,37,19,36,11,8,19,6,15,21,22,13,12,32,18,12,9,47,38,27,20,28,20,36,17,31,27,19,30,4,36,23,104,17,44,11,15,42,35,32,11,23,11,17,18,31,24,19,19,28,4,14,8,39,7,9,16,36,9,28,23,89,22,28,34,18,34,9
48,92,28,39,47,41,40,49,46,41,47,44,46,45,39,46,46,42,45,44,46,43,49,50,47,52,53,46,47,49,46,44,45,46,53,48,46,42,40,42,54,48,43,37,45,46,46,44,48,44,47,44,41,52,53,43,42,43,37,50,50,44,39,47,48,57,46,51,52,46,47,47,43,48,43,50,43,47,60,47,45,40,45,47,47,49,43,46,47,49,45,47,41,40,49,51,45,57,47,42,48,47,42,44,62,74,47,51,52,48,41,49,50,45,44,53,49,47,34,48,44,43,43,47,48,48,141,44,56,47,46,51,58,32,50,0,43,46,47,49,48,45,52,46,49,55,46,51,50,50,43,41,45,49,50,56,49,45,43,48,45,49,43,48,48,42,43,44,45,63,48,46,48,41,47,40,44,51,48,48,42,39,46,49,44,45,73,46,46,49,52,50,51,110,48,42,52,57,48,45,47,47,47,53,51,49,47,49,50,49,43,42,41,47,41,45,44,50,52,44,52,49,48,48,86,48,51,44,43,51,50,40,46,48,47,52,51,46,52,48,51,51,45,37,46,45,92,52,47,46,48,34,48,46,50,49,51,50,47,45,41,47,44,47,40,52,48,46,48,46,50,47,49,51,44,43,47,45,47,43,43,55,44,50,45,48,49,47,48,49,49,43,44,46,47,48,48,44,45,41,44,48,44,48,49,49,45,55,50,48,48,46,50,104,45,42,46,48,45,48,53,44,44,48,46,50,48,49,47,47,42,51,46,48,51,46,47,48,50,45,52,49,94,45,46,54,48,46,49
24,94,40,31,23,23,36,36,36,23,26,45,35,24,41,30,45,26,14,24,27,44,17,27,25,38,41,26,23,27,17,19,28,27,75,22,19,33,51,23,45,24,29,51,28,21,21,26,23,21,23,40,19,58,32,44,25,29,50,24,22,36,45,22,27,66,26,23,33,20,21,23,25,27,40,44,40,26,63,25,19,28,19,22,22,28,36,50,18,22,19,19,21,24,24,41,18,61,22,32,23,46,22,25,68,75,20,52,48,26,34,28,22,21,24,54,22,34,42,22,21,29,36,23,22,19,135,21,59,52,21,26,65,34,24,43,0,30,27,23,22,32,35,19,34,40,19,28,24,21,10,30,26,24,30,59,24,26,34,24,22,23,39,26,20,31,46,19,26,63,22,54,41,44,48,45,16,54,26,25,22,52,24,33,30,40,71,22,18,22,43,48,23,106,28,19,43,64,35,29,33,19,37,41,38,24,22,23,54,38,20,45,24,38,47,43,25,21,28,24,54,27,29,23,84,33,24,36,32,23,40,34,43,25,25,43,32,27,44,46,19,22,25,34,30,37,95,43,34,35,33,42,22,42,23,38,22,40,23,35,42,19,36,22,40,34,35,34,45,44,34,31,22,62,37,28,19,24,32,35,22,58,39,22,29,20,23,21,20,24,25,20,24,20,31,21,23,19,46,37,25,21,25,30,31,29,33,32,26,25,20,39,30,104,20,43,21,18,42,27,32,20,27,23,20,24,34,28,25,28,27,24,24,24,42,20,23,27,42,22,31,25,92,20,29,37,28,35,24
28,99,44,28,27,26,36,30,25,21,27,45,28,29,37,19,34,22,26,19,29,39,27,35,26,43,47,23,26,17,28,27,28,23,69,26,25,35,45,23,51,25,28,47,27,27,28,26,27,29,27,31,29,54,37,44,19,19,44,28,27,36,39,26,26,70,23,32,40,26,28,26,28,25,27,34,27,26,53,27,27,21,25,26,29,33,32,55,26,28,27,27,26,20,27,34,29,66,29,7,27,41,20,26,72,67,25,52,46,25,31,27,29,25,24,47,14,33,37,27,25,28,44,26,25,25,132,21,54,50,25,30,57,34,29,46,30,0,27,28,26,14,35,26,31,41,25,25,28,28,32,29,25,28,35,55,26,20,31,24,18,27,24,28,27,22,42,28,20,56,26,50,29,36,42,42,26,56,26,23,27,48,24,27,21,24,64,20,26,25,36,45,26,98,22,22,35,50,12,29,32,27,24,40,38,28,32,27,54,35,18,37,32,35,37,42,19,30,30,24,55,26,28,30,81,12,27,32,41,31,33,32,38,24,20,32,28,33,48,52,28,28,26,32,34,38,89,44,31,30,15,29,27,38,24,33,28,33,25,42,36,27,29,27,29,44,24,40,24,25,38,23,27,57,35,20,29,23,23,42,29,47,40,29,38,28,27,19,27,27,25,28,19,25,8,30,28,25,35,24,18,23,25,22,30,23,29,32,27,21,27,26,31,110,25,39,25,28,39,33,30,25,31,26,23,26,23,26,24,23,13,31,24,29,35,27,27,21,44,28,30,26,92,26,16,33,23,20,27
12,94,46,34,8,20,37,31,42,21,16,44,32,21,45,29,42,22,15,17,7,43,11,30,13,37,44,16,20,24,10,13,12,19,69,10,23,35,48,17,43,9,16,54,28,18,12,15,11,18,9,36,23,60,39,45,26,26,49,13,18,37,47,9,29,69,16,23,36,14,13,7,29,21,40,40,40,9,65,23,7,27,9,9,27,28,32,55,10,25,11,10,21,20,7,40,8,61,13,32,11,41,22,7,68,76,10,53,53,16,36,30,11,7,23,52,19,35,48,11,23,15,44,11,10,11,139,18,55,52,8,23,60,36,9,47,27,27,0,16,19,29,34,14,31,35,19,19,10,22,27,29,29,13,34,55,21,26,37,16,20,11,38,22,10,29,46,13,20,61,26,50,32,41,51,44,7,48,10,15,15,49,11,28,29,39,69,18,10,27,38,44,7,107,18,11,41,61,31,35,34,10,29,39,36,13,20,11,51,33,20,44,29,37,47,40,19,21,14,14,57,28,15,20,93,29,18,30,35,26,41,34,39,17,14,37,32,20,44,45,26,12,21,30,36,43,93,44,27,30,31,38,23,45,29,32,12,41,27,37,40,10,38,9,43,39,36,39,41,42,37,26,11,56,32,21,7,12,32,37,26,57,38,21,34,10,11,18,10,18,21,20,8,13,28,15,8,7,46,38,24,21,24,15,30,16,30,24,17,25,10,29,21,112,18,44,16,17,40,34,34,11,26,8,14,23,28,26,14,20,27,10,14,20,40,7,10,19,43,12,32,22,92,24,29,29,15,28,12
14,101,46,35,15,24,40,36,40,20,14,48,36,26,46,33,32,26,15,18,16,43,12,31,17,39,39,18,19,23,13,15,15,21,71,15,20,37,48,16,46,16,16,54,29,18,16,15,13,18,11,38,26,57,39,46,20,25,49,15,17,39,47,13,30,71,17,22,34,17,14,16,27,19,32,30,32,17,69,25,16,28,14,15,29,30,37,56,15,25,13,13,24,24,17,44,18,63,15,32,11,41,26,14,72,79,11,58,52,16,36,25,5,16,24,53,20,32,49,12,23,17,42,15,15,13,141,24,58,49,12,14,59,37,2,49,23,28,16,0,25,31,36,13,34,32,23,21,9,25,25,32,27,9,31,58,23,28,38,17,25,13,41,17,16,32,47,18,18,66,26,53,30,42,52,45,16,52,11,19,14,53,18,30,32,44,74,21,15,26,43,48,16,107,19,14,35,64,33,36,38,14,35,31,33,9,22,10,46,33,23,37,26,34,48,38,25,25,19,18,57,26,13,22,91,31,23,31,37,25,38,35,41,19,19,39,29,18,39,47,19,5,24,38,27,42,97,39,37,32,32,39,26,48,24,37,4,38,21,41,47,14,38,15,45,39,35,43,45,42,35,31,6,61,38,25,12,17,36,41,25,60,42,20,36,10,12,19,16,17,21,23,17,19,30,16,17,14,49,37,25,20,25,23,36,18,36,25,19,27,8,36,24,107,23,48,13,15,45,30,37,10,24,12,16,19,31,27,19,23,28,4,16,2,42,8,15,19,34,14,27,25,90,21,31,33,18,34,16
21,96,40,32,19,9,34,27,37,21,15,46,37,11,45,19,41,21,18,14,18,38,24,30,19,42,45,11,5,21,20,19,13,18,69,19,13,33,44,17,43,22,10,51,21,8,16,13,21,15,14,34,26,56,31,44,23,29,45,22,21,34,43,19,18,68,12,20,27,19,18,18,28,14,37,39,37,20,57,10,18,26,16,20,22,18,28,45,21,12,21,18,18,18,16,41,19,63,22,25,21,39,18,22,70,67,22,51,41,14,25,18,22,21,8,53,19,32,42,21,14,16,45,14,19,21,133,12,56,55,20,27,61,28,20,48,22,26,19,25,0,29,20,23,30,33,13,17,20,18,26,28,24,23,19,51,27,20,34,17,21,21,36,19,22,29,41,15,12,50,17,49,36,32,50,44,17,50,21,17,19,50,18,24,30,35,67,10,22,13,35,36,18,107,13,7,36,58,25,27,33,24,28,40,40,23,25,21,52,34,13,43,28,36,47,37,14,19,22,16,56,21,13,17,86,33,18,29,38,11,26,33,39,10,15,30,31,23,44,47,24,22,18,39,33,40,95,45,26,34,23,36,21,36,21,27,22,26,19,40,34,24,33,19,43,42,33,42,40,38,39,25,22,55,29,21,20,10,24,37,28,57,41,23,34,22,21,11,22,11,19,22,8,20,26,22,17,20,46,32,21,12,18,10,30,12,31,29,16,19,22,28,22,110,19,40,17,14,44,34,21,21,19,19,13,15,19,22,13,9,20,19,11,23,37,23,19,20,43,22,18,12,93,12,26,34,14,16,22
32,100,40,31,32,25,39,30,39,26,30,42,27,30,31,14,30,21,31,23,29,34,28,37,32,41,44,29,29,26,33,33,28,29,70,30,34,34,47,33,55,30,29,50,30,27,30,22,31,28,32,30,27,60,41,45,29,30,43,32,34,36,44,30,29,66,29,36,29,30,34,31,26,26,16,18,16,28,60,28,31,20,30,31,32,28,34,52,29,22,33,31,27,31,29,35,30,59,31,22,31,37,33,31,73,70,31,40,44,29,36,31,32,27,32,41,24,36,47,30,28,31,47,27,29,27,130,26,55,49,29,34,54,29,32,45,32,14,29,31,29,0,24,33,32,28,29,29,31,29,35,25,24,31,24,56,29,26,36,24,30,31,33,24,32,21,46,29,24,59,28,51,26,34,42,41,30,56,30,23,31,47,31,27,27,38,71,21,32,24,25,41,33,111,21,28,26,54,1,26,27,32,30,46,39,31,35,31,53,15,24,41,30,36,50,34,25,30,32,23,58,27,32,33,92,1,32,34,35,34,21,36,20,23,30,14,31,32,49,49,32,32,28,36,37,34,96,44,40,33,22,39,33,38,35,13,32,21,33,43,32,32,33,32,29,47,30,41,45,36,31,25,31,58,30,26,32,27,31,43,31,58,41,30,32,32,31,26,32,25,26,34,27,33,25,34,31,33,41,29,18,27,32,27,30,28,27,35,25,33,28,33,34,104,30,43,25,33,41,28,21,31,31,32,24,33,28,26,23,26,22,33,26,33,36,31,31,24,43,30,36,28,89,26,24,35,26,26,29
33,102,45,38,33,18,38,34,44,23,27,43,30,26,33,21,47,28,32,23,29,37,33,36,27,44,46,21,18,33,32,28,26,28,63,32,28,19,42,22,47,31,20,58,19,16,32,30,32,33,31,29,31,47,22,42,21,31,43,37,35,38,49,32,20,56,21,29,27,30,29,30,25,23,43,44,43,29,53,25,32,26,26,31,20,28,21,42,28,27,33,29,28,29,28,42,33,63,26,37,32,38,25,25,61,77,30,46,41,30,28,22,37,32,25,53,26,36,51,33,17,26,40,27,30,31,130,22,59,54,29,34,61,27,31,52,35,35,34,36,20,24,0,26,15,29,19,29,33,31,28,30,30,33,19,58,31,22,22,30,30,32,35,30,32,29,43,27,18,48,23,52,34,42,40,36,28,56,31,21,24,47,34,28,31,41,69,32,36,18,25,42,26,97,25,30,43,50,31,37,25,32,35,42,41,33,33,32,52,24,27,45,32,25,49,34,15,25,28,29,54,20,27,30,89,29,28,31,36,27,35,33,37,27,30,36,33,31,49,47,38,34,31,31,37,35,92,50,23,33,33,34,28,36,32,28,34,35,25,37,40,32,29,31,39,46,30,42,50,46,29,28,35,60,28,28,31,24,22,43,35,55,33,25,30,24,32,27,32,28,23,24,26,32,28,29,28,31,51,33,33,25,23,28,12,31,27,30,29,17,32,33,35,105,25,37,27,36,36,29,14,30,28,26,30,28,27,32,31,21,30,32,32,35,19,29,33,32,41,30,27,16,84,28,27,32,30,25,32
15,96,39,33,8,19,34,33,42,23,17,46,37,19,41,31,43,22,6,20,7,43,11,30,9,32,40,16,17,27,13,5,13,19,72,12,20,29,46,13,41,14,18,49,21,17,11,18,14,17,11,38,23,50,34,37,24,30,48,13,15,35,48,13,27,69,16,19,34,14,14,14,25,19,40,41,40,14,65,18,12,27,12,11,27,27,33,53,15,18,6,13,21,22,13,43,14,61,6,32,14,40,23,16,71,73,16,51,48,18,34,30,15,13,18,54,27,34,48,14,21,18,42,11,13,15,133,19,55,54,11,16,62,34,14,46,19,26,14,13,23,33,26,0,31,36,19,23,13,19,24,27,29,14,29,55,24,26,34,17,22,14,38,19,14,29,46,16,17,59,22,48,35,40,46,40,7,51,13,19,14,49,14,27,30,37,64,18,12,20,39,44,12,102,20,11,40,54,33,34,33,11,34,40,37,14,21,14,50,27,16,43,30,30,47,35,26,19,17,17,55,26,17,18,86,29,20,28,33,19,35,31,38,17,17,39,34,19,45,44,22,15,22,32,32,41,95,46,37,31,32,40,24,46,28,27,16,35,25,33,40,11,38,12,44,38,35,43,43,46,29,27,15,57,35,23,13,14,30,33,23,56,40,23,32,12,14,17,14,19,20,17,14,15,32,11,10,12,48,35,26,20,23,21,29,19,34,27,14,27,14,36,25,111,16,46,16,16,37,32,27,10,20,15,15,20,32,22,19,22,23,10,14,19,33,14,12,17,39,14,27,28,91,19,29,33,19,33,15
33,99,37,30,32,30,37,35,42,31,32,25,34,30,40,33,47,21,29,28,29,40,34,39,33,44,49,19,29,28,33,34,22,28,69,32,33,36,49,30,48,31,21,51,27,28,31,30,34,29,32,41,29,59,30,47,26,35,38,35,34,37,36,32,22,70,19,19,35,32,31,31,24,26,43,42,43,33,67,28,30,24,31,29,22,36,29,49,29,30,35,34,24,24,33,46,29,55,26,29,34,42,31,32,70,71,32,53,49,30,30,33,36,33,29,51,32,36,49,33,23,27,42,31,32,32,138,29,45,44,29,37,56,34,33,49,34,31,31,34,30,32,15,31,0,23,17,32,35,27,30,28,29,32,28,56,32,31,37,23,28,34,41,22,33,32,45,34,26,65,23,52,34,43,46,42,34,38,33,20,20,46,31,27,30,39,69,25,35,26,39,47,30,106,22,33,39,61,33,32,25,34,33,45,41,32,16,34,54,40,27,47,23,33,45,21,22,31,31,26,58,36,28,34,94,26,27,24,38,24,34,31,43,28,32,39,32,19,48,48,35,35,28,18,38,33,92,51,29,26,34,41,22,41,36,40,35,34,31,23,36,34,30,31,42,26,35,40,46,48,34,24,34,42,9,27,33,26,24,24,37,58,17,27,31,32,34,22,33,31,27,34,29,28,34,20,22,32,53,40,35,26,26,26,11,28,28,33,34,20,33,30,24,110,32,47,30,34,32,32,9,27,31,35,23,26,31,28,22,27,32,32,34,38,24,34,33,21,39,33,25,33,96,24,33,34,20,39,34
34,103,40,28,31,25,38,27,40,29,26,43,32,32,40,38,41,40,34,25,35,41,33,40,33,41,44,34,35,25,36,36,33,34,64,35,39,35,46,34,51,34,30,51,42,31,36,31,35,31,34,43,36,46,32,40,31,36,47,35,32,37,44,34,26,72,34,36,41,35,33,35,29,34,30,38,30,31,59,36,35,28,35,34,38,39,30,58,36,32,36,34,31,27,35,30,35,63,37,27,31,48,27,35,73,77,34,56,53,30,41,31,30,31,28,45,32,38,50,33,35,33,46,35,35,34,141,28,58,56,34,36,65,36,32,55,40,41,35,32,33,28,29,36,23,0,29,21,31,34,35,37,34,31,34,58,36,32,31,26,34,35,38,25,36,41,48,34,33,51,34,52,22,36,47,47,35,56,33,27,32,52,37,36,34,34,73,25,37,36,36,44,33,110,31,32,32,55,32,31,41,35,29,44,41,31,35,30,55,23,32,44,32,36,51,43,34,28,37,34,59,32,30,39,86,28,34,33,35,37,25,42,35,32,34,39,33,32,45,58,34,32,35,42,37,34,92,50,35,29,22,46,35,45,31,33,32,25,25,41,40,35,38,34,43,50,32,46,46,42,37,34,31,60,44,29,35,27,30,41,42,61,33,32,36,36,32,31,36,26,36,38,32,33,22,35,35,37,50,40,36,32,32,27,32,26,30,35,37,35,33,35,38,111,36,48,33,37,47,31,38,36,38,31,28,32,29,40,27,27,40,31,31,34,35,33,34,30,46,36,32,25,89,36,30,34,26,24,33
20,98,36,33,21,9,32,31,31,17,12,35,25,10,44,19,41,16,19,13,18,37,21,32,17,41,43,18,15,22,21,18,12,16,68,19,15,32,46,17,48,19,13,51,20,16,20,7,20,14,16,37,25,58,34,40,17,23,37,22,16,33,44,19,21,63,18,20,35,18,18,20,26,15,39,41,39,21,65,5,16,26,18,17,27,26,32,44,17,11,21,19,14,14,16,42,19,57,18,29,20,36,16,16,65,66,22,47,47,18,28,16,20,21,9,47,24,33,46,19,9,16,41,18,19,17,131,13,53,48,18,22,59,31,22,46,19,25,19,23,13,29,19,19,17,29,0,17,21,13,26,30,20,18,16,53,26,24,30,4,26,20,33,11,20,31,43,19,2,54,16,50,26,39,46,43,17,51,19,3,13,45,19,26,25,41,67,8,21,7,37,42,19,106,5,18,36,56,24,34,26,19,29,41,39,18,19,20,51,32,5,34,28,33,43,29,4,21,16,9,56,30,18,19,92,27,20,35,34,8,37,35,37,5,19,36,24,15,44,48,22,21,16,35,34,37,90,45,30,27,27,36,25,42,23,31,21,37,15,39,43,19,31,19,38,40,32,39,44,39,36,23,18,55,22,23,21,11,29,39,25,56,37,22,37,17,20,10,20,10,3,23,16,17,18,17,17,16,46,31,20,12,24,23,21,12,29,31,20,15,19,31,17,107,13,47,16,18,42,29,20,14,11,19,4,18,23,28,9,5,23,22,18,22,24,18,21,8,43,20,27,25,93,12,23,34,3,32,20
19,103,46,36,22,23,34,31,35,27,16,51,33,14,41,27,41,28,23,19,20,39,21,28,22,43,47,22,20,28,21,22,21,19,68,20,24,34,50,22,46,22,21,51,19,16,19,16,18,14,20,45,27,57,37,43,26,31,51,23,15,38,50,20,17,70,22,25,34,18,20,21,28,20,37,39,37,17,64,20,23,33,22,20,25,29,34,55,21,18,18,18,25,23,17,30,23,62,22,28,18,41,25,23,70,76,20,47,51,19,40,30,23,20,19,51,27,38,52,20,21,20,44,20,19,18,137,22,60,52,20,26,67,39,23,51,28,25,19,21,17,29,29,23,32,21,17,0,18,22,30,32,25,22,26,62,26,24,35,12,28,18,43,16,21,33,49,21,15,59,25,53,34,38,47,49,24,53,18,12,17,54,23,28,29,46,71,10,20,16,44,43,14,109,10,16,38,61,29,38,38,20,26,40,42,22,25,18,55,35,19,43,31,39,47,41,15,24,20,13,59,29,10,21,90,29,20,33,32,21,38,38,38,15,20,35,32,25,49,53,22,23,24,37,39,43,95,50,31,33,31,42,30,39,23,33,23,38,11,36,41,20,40,20,43,47,31,47,45,47,37,33,22,60,35,24,21,14,32,36,28,59,36,29,33,22,18,19,21,14,16,25,21,17,27,19,23,22,43,37,23,15,28,18,37,15,32,25,14,14,21,34,22,113,22,47,20,19,42,32,31,22,27,19,16,16,24,28,6,19,28,20,21,20,42,18,18,14,48,22,29,23,92,19,27,34,15,29,17
10,100,45,36,7,20,39,34,41,23,14,45,35,23,42,30,37,29,14,19,12,42,7,29,16,40,39,18,18,27,7,13,15,21,70,11,21,36,47,16,42,6,15,54,29,17,12,15,5,16,14,37,24,58,37,44,27,26,49,9,20,38,46,10,32,70,17,18,37,16,16,12,30,20,33,35,33,13,68,23,13,27,6,11,30,26,36,55,9,23,14,7,25,25,7,42,7,63,13,31,3,41,25,16,72,76,8,55,53,14,35,26,7,7,23,51,25,31,50,4,24,16,42,12,11,7,139,20,57,54,4,18,58,36,5,50,24,28,10,9,20,31,33,13,35,31,21,18,0,25,25,29,26,4,31,57,22,29,36,18,26,5,41,19,12,33,46,15,19,62,27,52,32,41,49,44,11,49,4,19,18,48,11,29,32,43,71,19,10,25,41,48,12,108,21,16,36,62,31,35,37,9,30,36,32,4,24,2,47,33,20,43,27,35,49,38,23,23,18,16,57,28,16,22,92,31,23,32,36,23,36,34,42,18,17,40,29,18,40,45,25,7,19,37,27,41,96,41,28,31,32,42,27,46,24,35,7,36,23,36,45,9,39,11,42,40,35,42,43,43,38,30,3,58,37,25,11,15,33,36,25,59,41,22,33,13,4,19,12,18,21,24,13,14,30,16,12,11,46,38,27,21,30,20,33,18,29,26,18,29,10,32,25,107,18,48,14,15,42,33,35,12,25,11,17,18,30,24,19,21,29,7,12,9,39,4,6,17,39,13,29,25,91,23,28,32,17,32,12
23,100,36,29,19,13,32,28,32,19,20,41,33,11,33,29,40,20,22,13,22,34,25,30,20,40,45,10,19,18,19,23,12,21,65,23,20,26,48,22,44,24,16,43,15,19,19,15,25,17,23,31,25,54,24,42,21,25,43,22,18,37,43,23,18,66,10,16,27,18,20,22,25,22,35,34,35,23,56,13,23,24,19,22,23,16,33,51,21,9,21,21,17,15,22,42,22,61,21,35,24,36,13,17,70,69,22,51,45,18,23,21,27,24,9,52,18,34,44,23,9,19,41,17,22,22,132,10,53,55,21,24,63,28,23,50,21,28,22,25,18,29,31,19,27,34,13,22,25,0,24,25,4,24,14,52,23,22,32,15,19,24,33,8,23,21,43,20,20,61,13,49,35,40,37,40,17,52,24,8,16,51,21,19,24,38,67,19,23,12,32,40,22,105,14,19,35,53,29,38,32,26,30,39,38,24,26,24,50,33,5,42,29,36,39,32,17,24,20,15,54,28,20,16,89,27,17,32,34,9,25,30,38,11,20,38,25,17,45,44,25,25,21,37,32,31,95,43,24,26,27,24,21,33,15,35,25,25,5,38,38,26,24,22,37,43,33,40,45,41,37,27,25,58,25,18,21,18,17,37,24,56,40,25,33,20,24,14,23,11,16,13,18,23,29,20,19,26,43,31,23,16,29,13,26,11,31,27,13,18,23,31,21,110,19,45,18,16,39,24,25,19,11,20,6,12,26,15,12,20,15,20,16,24,28,25,23,11,44,23,12,28,95,9,27,34,9,29,22
25,99,38,35,22,22,36,38,40,15,27,38,35,25,44,33,43,24,22,22,25,42,23,27,24,44,45,27,23,26,20,20,27,27,73,23,19,32,46,24,45,25,28,50,21,23,22,26,24,28,16,45,23,58,36,40,24,28,48,27,23,38,46,23,26,66,27,21,34,21,24,25,29,29,38,39,38,26,65,27,25,27,22,23,25,29,36,51,24,26,25,25,25,25,21,46,25,58,25,34,24,42,19,21,68,79,22,55,44,26,27,22,27,26,23,55,23,37,39,23,23,28,45,20,23,23,139,22,59,51,23,24,59,31,26,43,10,32,27,25,26,35,28,24,30,35,26,30,25,24,0,20,29,22,27,57,22,31,39,28,26,24,40,30,21,33,50,23,24,65,26,51,34,44,52,42,20,52,26,26,23,51,26,23,26,43,73,24,19,23,40,47,20,111,28,25,37,60,35,32,29,23,37,40,36,22,21,24,49,38,24,44,31,39,50,39,22,17,21,25,55,22,28,21,89,32,26,37,33,21,35,30,42,26,26,45,34,23,46,39,15,27,20,38,33,34,96,44,30,33,32,38,23,42,30,39,27,35,25,36,47,23,32,23,43,40,37,36,44,47,39,32,22,57,35,28,20,26,28,36,17,60,33,21,27,23,24,23,21,25,26,23,24,22,31,27,23,22,50,38,26,26,27,27,25,28,33,32,23,23,21,32,27,108,23,43,23,21,44,31,34,18,18,22,24,25,32,26,26,25,29,21,26,25,42,26,26,29,42,23,31,20,93,25,32,33,27,33,25
30,92,31,29,26,21,31,32,43,31,31,36,35,24,33,30,42,12,25,26,29,35,28,33,29,43,45,23,28,32,24,22,31,29,60,28,32,25,47,30,45,29,24,42,25,20,28,28,30,26,26,34,27,54,31,38,31,27,44,30,26,34,42,28,27,61,23,25,26,27,29,27,11,35,40,43,40,30,65,20,27,26,26,28,19,23,17,52,27,24,29,26,20,20,27,43,29,61,28,28,30,46,27,23,59,71,30,48,45,32,17,26,30,29,26,52,24,35,43,29,24,27,41,28,28,30,139,14,56,48,26,35,60,33,31,41,30,29,29,32,28,25,30,27,28,37,30,32,29,25,20,0,18,33,23,49,24,12,35,29,24,30,32,24,27,22,33,27,26,57,18,52,31,42,43,39,22,50,30,29,26,42,30,22,30,37,66,23,27,20,30,46,30,108,24,27,40,54,29,29,24,28,32,44,42,33,28,30,49,26,22,37,20,31,38,32,27,25,29,30,57,15,30,31,89,27,31,18,31,18,30,28,30,31,31,35,23,28,45,45,33,32,32,27,31,38,81,46,19,15,32,28,25,42,19,22,32,30,17,26,39,28,35,29,29,40,32,31,46,48,23,29,33,58,21,29,26,28,22,26,24,60,41,26,25,21,30,26,27,31,30,35,29,28,22,28,23,28,49,32,36,25,29,31,29,25,30,30,27,24,27,34,31,109,24,37,29,28,39,28,20,23,19,28,27,28,30,30,31,25,23,29,31,31,32,30,29,27,39,26,22,22,92,21,22,32,25,33,31
27,99,37,35,25,16,28,30,32,27,23,40,38,20,34,28,46,16,27,21,28,37,31,26,25,42,44,18,22,26,28,25,25,24,61,24,26,33,49,26,42,27,26,45,17,19,25,22,29,24,25,33,28,49,26,31,26,21,44,27,24,35,44,28,14,66,17,21,27,26,25,24,26,26,39,41,39,28,53,19,26,23,26,22,18,11,33,53,28,22,23,25,21,21,24,46,27,61,25,32,25,40,19,25,67,57,27,51,46,28,24,24,31,28,17,55,19,34,46,24,8,28,38,25,28,28,131,21,59,57,25,31,65,32,28,45,26,25,29,27,24,24,30,29,29,34,20,25,26,4,29,18,0,30,18,54,26,23,34,21,24,25,37,17,26,23,47,25,19,62,25,51,35,40,41,46,25,56,24,17,21,46,27,20,32,41,67,23,27,13,41,49,28,105,22,24,41,56,22,35,32,29,28,46,41,30,27,25,52,34,8,45,31,35,46,31,16,23,29,21,56,21,23,25,90,24,19,27,38,21,31,32,39,11,24,38,24,28,48,43,29,29,26,34,33,24,94,48,25,31,23,30,21,39,18,32,29,31,9,40,31,29,23,27,39,40,33,40,46,45,31,26,30,57,30,24,24,20,22,40,22,57,41,30,34,26,25,19,26,23,20,23,24,29,27,28,24,29,49,30,25,21,20,22,31,22,33,28,25,14,27,36,29,112,28,40,24,16,40,27,26,26,13,26,14,16,28,23,20,24,14,28,24,27,36,26,27,15,41,24,16,27,96,13,32,34,15,33,26
10,100,46,37,4,21,40,34,38,21,14,44,36,24,42,31,36,27,15,17,13,43,4,29,15,36,40,17,20,27,7,17,12,19,71,8,22,38,47,16,44,4,16,52,29,18,9,16,7,18,11,39,25,59,38,43,24,29,50,7,16,39,46,5,31,70,17,15,37,13,14,7,32,19,34,39,34,14,68,25,7,25,5,5,30,27,35,56,8,25,11,3,24,24,8,41,5,64,11,28,5,41,26,9,72,77,2,54,53,12,32,23,4,5,25,51,22,32,49,6,24,17,42,10,7,4,139,21,56,53,6,14,63,38,3,49,24,28,13,9,23,31,33,14,32,31,18,22,4,24,22,33,30,0,32,54,22,31,33,16,26,7,42,20,5,33,47,14,17,63,27,49,31,41,51,45,11,50,4,17,15,51,10,31,30,42,72,20,10,24,42,47,14,106,20,15,32,64,29,35,38,5,31,36,34,0,24,4,42,31,19,44,28,39,44,35,22,22,20,13,58,26,15,20,94,29,23,34,36,24,38,34,43,19,15,41,29,15,40,49,18,4,22,36,29,38,95,41,36,28,34,39,24,46,27,33,5,38,20,37,45,5,34,7,40,40,35,43,44,44,38,29,1,55,38,24,4,14,31,37,29,59,40,24,35,17,6,18,5,14,20,22,12,15,31,17,11,8,47,39,27,19,29,19,36,17,34,27,18,29,3,35,22,104,21,46,11,19,46,34,33,13,24,11,17,16,30,24,18,22,29,9,13,11,40,6,8,16,39,6,29,25,88,25,28,34,16,33,8
31,100,41,36,28,19,42,36,43,35,31,41,31,14,40,26,40,25,33,24,33,36,31,28,33,42,41,24,29,27,30,30,29,32,77,31,34,33,48,30,45,32,25,53,19,24,27,23,32,24,35,41,27,55,26,38,32,33,41,34,34,36,52,31,14,68,23,27,30,30,33,30,22,31,44,43,44,33,60,14,33,30,32,30,29,20,34,44,31,14,31,29,24,20,25,49,31,62,26,30,31,37,33,27,70,69,30,51,44,22,21,17,32,32,12,56,25,35,51,31,15,28,35,34,31,30,132,22,60,57,32,28,58,35,31,50,30,35,34,31,19,24,19,29,28,34,16,26,31,14,27,23,18,32,0,57,33,22,36,24,25,32,39,22,33,21,46,34,15,59,14,54,37,37,43,43,29,56,30,32,30,50,32,28,30,41,73,23,33,14,31,44,35,110,34,29,35,60,26,36,25,33,37,38,38,32,32,29,50,34,22,36,29,23,45,30,17,33,35,24,54,26,31,27,83,31,32,21,37,14,24,38,34,20,35,32,29,27,43,48,29,32,35,41,30,37,89,45,27,24,31,34,30,40,17,32,32,24,12,45,35,33,29,31,41,43,32,36,45,41,35,32,31,61,22,34,30,23,25,44,29,60,40,28,30,28,31,24,33,30,21,29,30,36,36,31,29,32,50,39,31,23,31,19,25,24,31,38,23,20,30,34,41,104,32,45,26,25,30,27,18,30,27,34,29,17,21,30,30,30,21,25,29,30,35,31,31,26,38,30,15,26,94,22,30,41,22,34,32
57,97,55,44,58,55,54,59,59,49,55,51,56,58,54,59,53,51,53,52,59,48,58,59,57,60,66,50,52,53,54,55,51,57,58,54,54,54,53,54,63,54,49,53,52,50,56,57,56,54,57,55,53,55,61,52,49,54,51,57,49,54,51,54,59,70,50,57,59,53,57,54,56,55,59,55,59,55,61,58,53,52,54,56,57,61,53,55,57,56,52,55,54,54,53,61,53,59,57,56,56,55,54,54,73,75,52,60,60,56,49,62,59,54,50,59,52,58,54,55,55,50,49,53,56,55,145,46,55,52,54,61,58,49,57,56,59,55,55,58,51,56,58,55,56,58,53,62,57,52,57,49,54,54,57,0,46,52,59,57,53,56,42,58,53,55,27,55,55,56,55,43,57,59,49,51,53,59,56,56,58,51,55,47,52,49,68,59,56,55,59,57,56,104,58,54,59,48,59,56,52,56,61,58,62,54,57,56,60,53,48,55,47,54,48,54,55,52,51,52,46,53,58,56,88,57,59,55,57,57,57,46,52,55,56,55,60,55,56,56,61,57,55,48,48,46,85,58,56,47,57,48,51,45,54,53,57,57,49,53,55,56,51,54,50,50,56,56,56,58,50,53,56,46,58,56,53,55,50,52,55,52,55,52,52,50,56,57,53,56,58,56,53,54,56,56,52,54,56,42,55,58,55,58,54,58,51,58,56,55,53,56,63,104,44,53,54,55,44,59,56,53,38,55,53,60,58,46,55,55,53,59,57,59,55,53,55,58,60,53,54,50,87,49,55,45,56,57,58
24,100,43,37,22,21,36,33,37,16,24,38,29,25,43,29,39,27,21,18,18,45,23,31,24,43,41,24,23,27,24,25,25,24,62,23,15,29,44,23,46,18,20,54,26,23,23,20,23,23,21,36,23,59,38,43,17,26,43,22,18,28,35,20,30,65,24,14,33,18,24,21,31,20,37,37,38,24,69,25,22,21,21,23,21,31,29,57,22,26,16,22,16,21,23,39,23,58,24,24,22,37,20,19,67,74,20,59,57,22,32,29,21,18,26,57,24,34,47,21,23,20,39,21,23,21,146,17,56,51,20,25,52,34,22,49,24,26,21,23,27,29,31,24,32,36,26,26,22,23,22,24,26,22,33,46,0,26,36,20,28,23,40,23,24,36,48,23,22,65,29,43,31,43,54,46,21,45,21,20,25,47,23,23,31,41,78,24,20,29,37,49,15,114,26,20,43,69,30,35,38,23,24,41,41,22,13,22,52,34,20,43,19,32,50,40,17,16,7,24,59,24,23,25,89,29,23,28,35,31,41,33,39,21,21,35,30,14,43,46,19,21,23,22,33,35,96,46,24,28,34,40,17,45,28,37,22,41,23,40,46,23,35,22,36,38,30,36,46,37,32,32,23,52,32,25,21,23,35,39,18,61,38,17,34,23,22,20,24,19,26,16,22,11,29,18,24,23,46,34,25,24,20,19,33,24,33,20,22,25,21,24,15,103,19,43,22,26,35,25,32,22,16,16,22,23,32,22,22,24,31,25,18,24,36,20,20,21,45,23,32,15,91,27,24,17,20,34,26
29,94,39,35,27,17,36,30,40,31,28,39,28,23,39,29,45,13,23,21,22,40,26,32,29,44,46,26,23,30,27,24,27,28,65,26,28,26,45,27,49,27,22,51,26,22,27,25,28,26,24,33,23,52,30,40,24,21,39,29,33,33,45,26,23,67,26,26,21,25,29,25,17,26,41,44,41,27,66,26,24,28,23,27,20,23,21,48,25,16,28,23,17,17,25,38,26,56,24,23,28,42,21,22,70,63,27,54,50,30,25,21,29,28,21,49,25,34,40,27,17,25,43,23,28,27,135,26,55,52,25,31,62,32,29,45,26,20,26,28,20,26,22,26,31,32,24,24,29,22,31,12,23,31,22,52,26,0,34,18,23,28,28,23,27,26,39,23,16,56,21,50,29,35,40,35,20,52,28,24,26,46,28,19,23,37,69,13,28,9,32,40,26,104,20,28,41,53,24,31,16,25,28,46,37,31,18,28,53,39,20,43,23,25,43,32,18,25,27,25,55,9,30,32,86,27,30,26,36,17,31,31,32,15,28,28,28,25,45,47,28,30,21,29,32,28,91,48,21,21,24,38,28,45,22,31,29,31,13,32,40,25,24,26,36,38,33,38,46,40,30,23,31,57,30,25,28,28,4,39,27,58,36,19,32,23,28,10,27,14,11,28,28,19,23,25,23,21,42,32,25,10,12,18,23,17,27,27,23,17,29,28,33,106,19,38,30,27,37,25,30,20,23,26,27,21,23,24,17,18,23,31,30,29,33,28,26,24,43,26,23,11,90,18,21,31,26,28,30
36,96,35,30,33,20,33,33,33,35,34,43,36,32,40,30,9,33,32,33,36,39,35,42,32,44,45,35,32,36,33,34,33,30,73,34,33,31,49,30,51,36,33,43,39,31,33,33,35,37,33,37,34,59,41,46,21,33,43,36,34,33,41,34,35,66,35,37,34,36,33,35,30,35,38,33,38,34,66,34,33,33,33,34,37,40,34,50,34,34,29,35,31,27,32,46,32,63,34,31,35,34,35,32,68,70,36,51,46,33,35,35,36,35,35,35,31,37,48,34,38,34,40,37,34,34,137,30,52,37,32,41,46,28,34,43,34,31,37,38,34,36,22,34,37,31,30,35,36,32,39,35,34,33,36,59,36,34,0,38,33,36,31,39,33,34,48,33,36,56,38,45,35,41,41,41,33,52,33,36,33,49,33,33,30,33,66,34,35,40,42,46,39,108,35,31,39,63,25,23,35,37,36,40,38,35,34,36,57,11,32,32,32,33,46,43,36,34,40,37,50,35,38,33,92,21,39,36,41,38,31,28,40,34,31,28,39,35,40,48,37,36,35,36,39,39,94,47,34,35,20,38,37,41,39,27,36,31,34,42,42,37,39,36,36,44,29,37,27,31,37,34,35,56,35,31,34,34,35,42,39,50,41,30,40,35,36,32,33,38,36,34,31,36,16,35,38,35,44,28,24,36,37,34,33,30,22,41,37,38,35,38,37,107,35,48,31,34,44,33,37,35,37,34,31,39,30,37,30,29,35,40,34,38,43,33,33,36,40,32,42,40,92,38,37,37,32,22,36
19,92,41,35,15,13,37,29,30,20,15,41,26,9,37,28,33,15,19,18,18,32,18,33,17,37,42,14,16,17,19,20,13,15,67,20,23,35,47,18,47,17,10,52,19,11,17,7,18,12,15,37,27,57,22,42,17,23,50,17,19,36,45,19,30,63,14,19,33,21,20,19,23,19,29,31,29,13,65,5,21,26,17,18,33,20,35,53,17,17,14,17,16,16,17,44,19,59,21,29,17,42,24,17,65,77,14,46,46,19,25,22,18,19,8,48,26,33,49,19,20,14,42,17,19,15,128,21,57,50,18,18,60,32,17,48,24,24,16,17,17,24,30,17,23,26,4,12,18,15,28,29,21,16,24,57,20,18,38,0,26,18,40,2,20,24,50,18,8,61,19,52,32,41,51,47,22,51,18,5,10,52,17,19,26,38,64,7,19,20,40,40,22,110,7,11,32,55,22,32,33,16,29,37,34,18,22,17,49,33,12,41,30,37,45,28,16,26,21,6,57,25,12,18,89,24,24,35,38,13,32,36,41,6,15,39,24,23,43,49,22,19,20,32,30,35,92,42,29,27,29,39,23,36,20,28,19,32,17,38,42,16,30,18,42,42,33,41,45,45,37,27,18,60,36,22,17,16,32,38,28,54,43,28,34,20,17,14,20,8,9,24,17,18,29,19,21,19,45,32,18,16,27,17,29,6,31,29,18,23,15,32,20,109,22,47,11,19,43,31,30,21,18,13,11,10,24,26,9,12,27,16,11,18,37,19,19,6,44,18,26,25,93,12,30,35,10,31,17
27,93,42,27,23,20,33,30,40,23,24,42,29,20,38,24,43,24,20,19,27,34,22,31,25,42,41,20,18,21,25,24,22,27,67,23,23,27,43,23,47,27,23,47,26,24,23,23,25,25,24,34,26,55,30,47,28,28,47,27,20,29,34,23,28,66,21,23,33,26,25,26,25,24,36,41,36,25,59,22,20,16,25,27,28,20,32,49,24,22,23,21,20,21,23,41,26,63,21,30,25,41,22,24,70,72,26,49,42,24,33,29,26,21,21,55,20,25,37,24,29,22,38,23,23,26,137,22,55,52,25,32,59,27,24,45,22,18,20,25,21,30,30,22,28,34,26,28,26,19,26,24,24,26,25,53,28,23,33,26,0,27,31,26,24,25,41,21,23,60,20,45,37,34,47,37,19,50,27,24,26,46,27,20,29,36,68,24,24,19,40,44,24,107,25,24,40,57,23,26,26,25,21,39,39,26,27,27,54,35,19,47,26,29,47,33,22,22,24,24,48,20,24,23,86,29,22,31,29,22,30,29,37,25,19,39,29,25,40,46,27,27,24,33,27,39,93,41,29,29,27,29,24,39,22,33,26,30,21,32,42,25,30,27,42,42,30,40,43,38,31,23,25,51,32,24,24,24,29,33,19,54,36,17,33,24,27,23,24,24,26,16,22,25,22,26,25,28,46,27,25,24,22,21,20,25,32,24,24,22,24,29,27,109,17,38,25,24,41,28,24,25,22,26,24,27,22,25,25,23,20,26,25,26,34,25,23,26,40,26,29,22,84,22,25,34,25,28,25
8,99,44,35,9,21,38,34,40,22,16,45,34,25,46,31,41,28,14,18,13,42,11,28,15,41,42,17,20,27,8,14,15,20,69,9,20,37,46,16,44,8,16,53,28,16,7,16,3,18,13,39,26,60,37,45,26,25,48,9,19,37,47,9,31,69,16,19,36,15,16,4,29,19,40,39,40,13,67,24,12,26,7,9,29,25,35,54,10,24,13,7,24,25,9,42,8,64,13,31,3,41,24,15,71,75,7,56,52,16,34,28,9,7,22,50,24,33,49,4,23,17,42,11,9,8,138,19,56,53,11,22,63,35,9,49,23,27,11,13,21,31,32,14,34,35,20,18,5,24,24,30,25,7,32,56,23,28,36,18,27,0,40,23,5,34,45,14,18,61,27,51,33,40,51,43,10,50,4,18,18,47,11,28,31,41,70,18,11,26,40,47,11,109,20,14,41,61,31,35,36,11,29,38,38,7,23,3,49,35,19,43,28,34,46,40,24,25,17,16,56,28,16,21,93,31,22,34,35,25,40,33,43,18,18,41,31,19,42,44,27,9,22,37,29,40,95,41,35,32,31,39,26,45,25,35,9,40,27,37,45,11,38,9,43,41,37,41,44,43,37,30,7,57,36,24,5,13,32,37,24,58,40,23,32,12,3,18,5,18,20,23,13,15,29,17,11,12,47,37,26,20,27,19,32,18,34,24,18,29,5,33,24,109,17,44,16,14,43,32,34,13,24,11,18,23,31,27,18,22,29,16,16,11,39,7,7,18,42,4,31,25,92,25,27,33,18,32,6
39,96,34,8,38,34,39,36,32,41,34,48,36,36,43,36,33,35,37,36,40,8,39,43,38,39,45,35,38,30,39,37,33,36,67,38,38,34,46,32,53,40,37,48,38,37,37,39,40,39,38,30,40,59,42,40,37,38,47,43,36,34,43,38,42,62,35,41,38,37,38,37,40,39,31,34,31,31,54,35,37,32,39,38,36,38,35,50,41,33,37,37,34,33,37,38,40,63,40,39,40,43,38,35,66,71,41,49,45,38,37,40,43,38,31,51,34,36,42,39,38,38,41,36,37,38,134,33,55,47,37,43,58,28,40,43,39,24,38,41,36,33,35,38,41,38,33,43,41,33,40,32,37,42,39,42,40,28,31,40,31,40,0,29,39,29,26,38,34,57,38,41,24,37,47,42,37,60,40,31,37,54,37,36,22,43,73,35,40,30,38,43,40,103,31,29,38,53,39,31,29,41,33,43,44,41,43,40,49,30,36,42,41,31,45,42,32,35,39,31,56,33,39,40,89,32,41,29,38,30,33,33,44,27,33,39,36,40,45,53,41,43,38,35,39,41,97,48,36,35,28,24,41,9,35,29,43,33,37,35,12,41,36,36,42,48,35,44,41,47,30,38,42,56,40,41,38,37,35,34,39,49,39,37,44,37,40,32,39,30,39,37,32,41,29,40,39,40,46,15,28,35,31,37,31,33,35,42,39,33,39,38,42,108,40,43,36,40,41,38,39,39,28,41,32,35,36,27,29,30,31,39,34,41,35,40,38,32,48,39,38,34,97,37,36,40,33,31,39
21,103,40,32,18,9,42,34,33,17,10,46,33,10,38,29,37,18,22,17,20,33,18,34,17,39,44,18,17,17,24,21,17,20,64,22,21,38,48,18,48,21,16,51,18,17,19,17,23,5,19,36,29,61,23,46,20,27,49,21,21,36,48,21,17,67,18,22,36,23,20,20,26,14,33,35,33,18,66,12,20,31,21,22,26,29,33,52,21,14,22,20,21,21,19,39,24,56,22,25,21,44,23,21,67,74,18,47,49,15,27,18,21,22,15,43,22,30,50,20,11,18,40,20,21,20,133,18,56,49,21,20,61,32,19,48,26,28,22,17,19,24,30,19,22,25,11,16,19,8,30,24,17,20,22,58,23,23,39,2,26,23,29,0,23,35,45,20,6,54,19,53,31,42,52,47,23,49,21,13,20,49,23,26,30,42,70,13,24,19,43,48,24,110,15,9,30,62,27,33,30,22,32,37,38,20,23,21,49,38,15,45,24,32,45,28,15,27,22,12,58,28,17,14,86,24,21,34,40,9,33,35,40,12,19,38,10,23,44,50,16,19,18,35,34,37,93,44,32,32,30,38,28,32,19,29,19,33,17,38,41,22,29,22,42,43,37,41,39,38,38,26,20,60,27,23,19,8,29,38,25,56,36,28,39,24,22,16,23,8,12,23,21,22,26,22,24,25,45,33,23,15,26,16,27,5,27,34,22,16,20,33,25,109,21,45,15,24,40,32,23,21,19,20,15,15,27,26,13,11,28,17,15,21,35,19,20,12,40,23,28,23,90,13,26,33,8,29,20
8,98,44,34,4,20,39,35,37,23,14,46,34,24,43,30,42,26,11,19,11,38,10,28,14,40,42,15,16,27,7,12,15,20,70,5,19,36,45,17,44,9,14,49,28,17,6,17,3,20,11,38,25,58,35,43,25,28,48,14,12,36,46,3,28,68,14,20,37,12,13,5,30,18,40,40,40,14,67,24,13,25,10,7,28,27,34,52,7,24,10,6,24,24,9,42,9,63,14,32,4,43,24,10,70,76,6,56,51,17,31,28,14,6,24,48,21,34,46,6,24,14,42,10,5,8,138,20,55,52,10,20,62,36,6,48,20,27,10,16,22,32,32,14,33,36,20,21,12,23,21,27,26,5,33,53,24,27,33,20,24,5,39,23,0,31,46,15,16,62,27,48,35,40,47,42,9,49,5,19,17,48,9,30,29,41,71,18,4,26,40,48,13,108,19,14,41,63,28,34,33,4,31,38,38,9,22,5,49,32,22,44,29,35,47,39,21,24,18,13,56,27,14,21,92,28,21,31,32,24,40,30,42,19,17,40,31,20,41,46,27,14,21,36,31,37,94,40,32,32,30,40,25,45,25,32,14,40,27,38,43,4,33,6,42,38,34,41,43,42,38,32,9,54,37,23,2,15,33,38,24,57,39,23,34,15,3,19,0,18,20,22,11,16,30,16,12,9,44,36,26,19,26,19,32,17,33,23,20,28,2,34,21,106,19,44,12,16,42,35,33,12,23,12,17,22,30,27,17,21,27,16,15,18,38,6,10,20,42,3,31,24,89,25,26,32,19,32,8
33,99,43,26,29,28,33,31,37,35,31,43,27,24,28,27,42,27,31,29,32,35,35,29,31,42,47,28,35,33,29,28,32,30,62,31,32,30,43,29,44,30,33,50,25,31,27,30,34,35,35,38,37,56,38,41,30,32,40,34,29,36,39,31,21,70,27,32,30,29,35,32,25,30,35,38,35,35,57,19,34,30,29,31,35,24,37,53,31,19,29,29,32,30,27,41,31,65,29,33,34,44,24,31,70,64,33,45,48,34,22,29,36,31,17,46,33,38,45,33,16,32,42,27,32,32,127,27,56,57,31,37,65,34,33,42,31,22,29,32,29,21,29,29,32,41,31,33,33,21,33,22,23,33,21,55,36,26,34,24,25,34,29,35,31,0,45,32,32,54,22,53,35,35,38,42,29,56,33,30,30,47,33,27,32,31,60,31,33,23,40,48,33,101,30,33,39,56,26,32,31,35,30,40,39,35,34,33,52,31,25,40,33,26,36,44,30,32,31,27,51,30,33,27,88,28,25,35,37,23,22,30,37,30,30,36,31,33,42,50,36,36,31,33,35,35,93,47,33,27,22,37,31,31,30,29,36,22,28,46,25,35,30,33,40,44,29,42,41,40,34,25,30,58,25,33,31,30,25,45,29,52,39,29,36,27,33,31,34,31,33,26,29,35,24,32,29,37,44,30,27,34,30,32,32,30,34,36,27,23,33,31,31,107,31,41,32,28,32,34,21,32,28,30,27,34,28,28,29,29,19,28,30,36,35,32,31,33,46,33,27,28,90,27,28,34,29,24,30
47,93,33,27,45,40,39,49,47,43,47,47,48,44,49,44,49,44,44,38,44,27,43,48,48,54,55,43,41,44,40,39,46,48,48,43,46,40,37,41,51,45,45,43,39,45,45,45,45,48,43,37,43,54,49,36,43,48,50,47,44,40,33,43,46,71,43,47,53,40,44,43,46,47,46,49,46,47,69,43,44,38,42,44,44,50,35,51,39,45,44,45,40,39,44,52,39,58,45,42,45,42,44,41,69,75,48,47,48,43,36,47,49,46,42,46,42,43,40,44,40,46,40,43,44,48,142,37,51,52,42,51,60,35,50,43,46,42,46,47,41,46,43,46,45,48,43,49,46,43,50,33,47,47,46,27,48,39,48,50,41,45,26,45,46,45,0,43,45,52,44,43,46,43,44,41,39,53,45,45,44,43,46,35,42,44,62,47,44,45,37,52,44,100,43,48,49,48,47,45,41,43,44,55,56,46,49,45,54,38,43,47,42,31,41,46,46,39,44,43,55,38,45,49,91,45,40,38,50,45,45,39,36,47,42,46,50,41,55,43,48,47,47,42,44,47,87,54,50,37,46,33,47,26,43,38,47,45,44,44,36,43,45,43,40,52,52,50,51,46,45,46,48,53,42,44,45,42,42,41,46,46,43,46,43,41,45,47,44,44,44,46,47,39,45,40,42,47,49,23,42,47,38,40,37,45,42,45,46,42,44,47,45,102,40,37,44,40,45,44,40,41,26,48,46,44,45,37,45,42,46,44,48,46,44,47,43,44,47,45,47,42,91,45,42,41,45,43,48
17,94,42,32,14,15,35,31,39,21,13,42,32,21,40,28,39,23,7,18,13,41,16,32,12,38,42,12,15,24,10,11,15,18,66,16,22,35,45,13,44,14,16,49,23,12,15,13,18,16,7,40,15,57,37,41,22,25,49,18,14,36,45,14,27,63,13,22,34,8,10,15,29,19,37,37,37,16,62,22,8,25,9,14,22,22,31,46,14,23,8,14,15,14,10,43,14,59,14,28,14,38,21,10,65,77,17,54,44,17,35,26,15,14,23,54,19,28,46,15,24,14,43,9,15,15,137,13,55,48,13,21,58,32,19,44,19,28,13,18,15,29,27,16,34,34,19,21,15,20,23,27,25,14,34,55,23,23,33,18,21,14,38,20,15,32,43,0,17,60,27,50,37,37,49,46,7,49,14,17,11,43,17,24,30,39,70,17,12,26,33,42,9,106,15,14,38,62,31,33,31,16,24,42,33,15,16,18,49,35,19,42,23,25,47,35,20,15,18,14,54,18,14,19,85,31,14,25,28,23,40,34,42,17,14,39,33,13,39,44,14,19,8,25,32,36,92,40,24,21,29,37,25,37,28,35,19,40,24,31,42,16,35,14,38,37,33,33,44,41,32,24,18,57,34,21,14,14,25,31,24,54,38,14,30,9,18,16,15,19,19,10,14,7,25,7,10,14,42,35,24,21,20,12,27,16,34,23,19,28,15,27,19,106,9,45,14,15,41,30,30,7,18,13,12,21,30,22,13,19,26,15,15,14,36,15,16,14,35,16,31,16,89,24,26,26,16,31,15
19,101,39,33,15,9,33,26,34,22,9,40,23,13,43,19,44,13,18,13,16,42,15,32,16,37,44,12,15,23,17,15,6,12,67,17,20,37,40,13,46,15,7,49,18,8,16,5,18,10,17,37,23,58,33,45,17,24,38,18,20,33,42,17,17,63,12,19,26,17,14,18,29,15,40,42,40,14,62,13,15,28,15,16,27,27,32,44,13,15,17,14,12,18,13,41,17,57,14,24,18,40,17,12,65,68,20,49,45,16,30,11,20,13,10,46,17,33,47,17,8,12,45,14,16,15,129,16,54,48,16,24,55,29,21,45,26,20,20,18,12,24,18,17,26,33,2,15,19,20,24,26,19,17,15,55,22,16,36,8,23,18,34,6,16,32,45,17,0,53,22,48,26,32,48,43,19,50,17,3,13,45,17,19,26,37,64,5,16,12,29,39,14,106,11,8,33,53,20,32,28,17,28,38,39,18,18,18,50,29,7,32,24,31,48,34,4,20,14,11,57,22,17,17,88,24,16,30,31,9,30,33,36,9,15,37,25,14,44,48,23,20,19,39,32,36,92,46,31,32,30,35,22,33,19,28,20,30,16,38,41,17,31,18,38,39,30,42,39,43,32,28,18,54,25,19,16,4,28,38,28,58,38,24,35,15,18,4,16,4,4,18,14,20,18,13,15,17,45,27,20,4,19,13,24,5,29,32,11,23,16,29,20,109,19,43,15,15,38,31,19,13,21,19,4,8,20,27,5,11,24,17,15,19,33,15,15,8,44,17,26,15,94,17,28,35,3,25,17
61,102,60,64,58,52,53,46,61,66,59,58,59,52,50,47,63,61,61,57,64,56,60,59,61,67,70,53,53,61,62,63,53,58,72,61,64,54,49,54,62,60,60,60,48,55,61,53,61,60,59,57,66,32,41,52,61,61,54,62,63,60,68,61,55,72,53,60,59,58,59,62,59,61,60,61,60,55,44,54,59,58,62,60,61,60,58,59,61,52,61,62,52,57,60,50,62,68,60,57,61,62,65,59,79,62,63,45,55,54,63,59,64,59,51,70,51,66,64,61,52,61,64,60,61,63,114,53,66,63,60,64,72,54,64,63,63,56,61,66,50,59,48,59,65,51,54,59,62,61,65,57,62,63,59,56,65,56,56,61,60,61,57,54,62,54,52,60,53,0,57,62,60,24,33,56,60,69,62,58,57,62,60,46,51,60,31,53,64,52,43,58,65,79,58,50,68,16,64,52,56,60,59,68,68,60,62,61,70,44,47,58,62,54,57,64,51,63,62,55,62,55,57,58,81,54,57,52,63,55,56,64,64,57,53,64,63,63,70,54,62,62,59,65,62,63,91,70,56,49,47,51,61,58,60,51,62,56,57,59,60,60,58,61,57,68,63,65,55,62,49,63,61,60,65,50,60,53,54,59,63,71,66,61,54,65,61,51,63,54,55,61,48,61,48,62,56,62,69,61,59,57,54,48,64,52,63,71,58,55,63,56,69,112,60,46,60,59,53,61,57,61,57,64,54,59,43,61,58,48,51,60,53,66,53,59,59,60,65,62,57,60,96,57,54,71,48,51,63
26,103,46,37,22,20,33,37,35,22,17,48,28,8,33,24,47,17,24,23,24,41,26,30,20,44,44,19,22,30,26,22,28,20,73,24,22,32,49,16,40,24,27,49,13,17,20,24,27,23,27,35,26,60,19,33,26,23,41,25,24,34,44,24,28,70,20,22,26,23,24,25,24,23,41,43,41,22,59,6,22,28,23,24,28,13,37,55,27,6,21,28,25,21,21,46,24,59,23,29,27,40,20,18,72,64,24,49,53,26,20,27,29,26,13,47,27,36,50,24,24,28,45,22,25,24,131,16,59,55,24,30,67,31,29,48,22,26,26,26,17,28,23,22,23,34,16,25,27,13,26,18,25,27,14,55,29,21,38,19,20,27,38,19,27,22,44,27,22,57,0,54,33,42,43,45,22,54,25,24,23,47,26,19,29,35,66,19,25,9,37,44,27,111,22,28,36,57,34,36,35,30,29,44,42,27,26,27,53,37,16,45,30,35,43,40,25,21,24,21,54,28,19,21,90,34,19,34,37,5,26,32,45,23,22,43,33,27,47,48,22,28,27,40,36,31,94,48,29,29,30,38,23,39,16,30,28,26,12,40,34,30,27,27,39,47,33,44,46,43,36,27,27,59,27,23,24,23,23,40,26,59,31,28,35,22,27,24,26,20,20,23,23,24,34,24,23,27,44,29,28,19,28,18,28,23,35,27,13,14,25,36,27,113,23,47,25,21,41,32,22,24,23,28,24,28,31,21,18,24,20,21,24,29,43,29,29,16,43,25,22,24,96,14,26,37,24,32,24
52,79,52,46,50,47,47,52,57,45,51,33,53,53,54,51,48,43,48,46,54,43,53,57,52,58,53,46,47,50,51,48,46,49,62,49,51,48,48,50,57,49,43,46,46,44,50,51,51,54,48,45,47,54,57,57,46,47,55,52,44,46,41,49,54,66,46,51,53,46,52,49,51,43,50,54,50,50,61,50,48,46,49,51,54,51,44,52,52,50,45,50,41,39,50,54,48,55,53,49,51,52,48,49,67,76,47,47,45,51,53,56,54,49,51,54,47,53,40,50,51,40,62,48,51,50,148,44,46,40,49,56,56,45,52,46,54,50,50,53,49,51,52,48,52,52,50,53,52,49,51,52,51,49,54,43,43,50,45,52,45,51,41,53,48,53,43,50,48,62,54,0,51,53,43,42,46,51,51,53,50,53,50,42,52,45,62,53,51,49,49,52,52,107,51,50,53,56,54,53,44,51,50,57,53,49,42,51,53,46,51,56,46,47,54,48,52,47,46,49,50,49,51,51,94,47,50,49,56,53,48,41,44,51,49,53,56,48,51,57,52,52,45,44,45,47,84,58,50,42,52,45,50,49,56,46,52,48,53,40,47,51,47,49,44,51,52,48,51,47,47,50,51,40,44,54,48,50,48,47,51,43,50,45,51,44,51,52,48,53,53,45,50,49,53,47,47,50,54,44,51,53,45,52,46,51,43,50,54,52,48,45,58,100,41,48,53,51,46,56,51,43,41,50,50,55,49,53,51,49,51,54,51,54,44,48,50,51,57,48,54,47,89,53,48,44,53,54,53
35,97,29,20,32,31,38,34,39,34,30,43,27,29,34,33,25,28,36,26,35,24,31,41,34,41,41,32,27,33,36,32,31,31,70,33,38,35,42,34,57,33,30,55,34,33,34,25,33,30,33,34,33,58,39,37,36,33,48,34,35,38,43,32,40,75,32,33,43,31,32,32,35,33,17,23,17,28,58,36,32,36,32,34,41,32,35,55,32,36,36,31,34,33,33,42,33,62,35,21,31,44,38,34,76,68,31,43,47,26,32,33,32,31,36,42,34,33,47,31,33,33,43,32,36,33,141,34,56,50,32,36,59,33,34,48,41,29,32,30,36,26,34,35,34,22,26,34,32,35,34,31,35,31,37,57,31,29,35,32,37,33,24,31,35,35,46,37,26,60,33,51,0,38,41,41,33,46,30,30,32,45,35,33,16,37,71,24,35,32,43,45,34,107,28,31,6,54,29,33,35,31,33,38,34,33,36,31,53,21,30,35,37,40,56,38,26,35,36,28,60,33,34,36,85,32,34,35,39,35,17,35,40,27,32,43,30,31,43,57,40,32,34,36,30,45,95,49,31,32,33,42,37,38,35,29,32,17,30,38,40,31,42,34,33,39,28,45,40,42,38,30,32,59,35,31,31,31,31,38,39,58,40,37,39,36,32,30,35,28,30,36,33,36,32,36,34,32,44,19,27,32,36,29,32,27,32,36,36,37,29,33,39,105,35,43,26,36,41,32,34,32,37,32,32,23,33,41,28,31,30,33,32,32,44,32,28,28,46,35,32,29,91,35,32,32,26,28,34
41,100,42,36,40,33,40,26,42,39,41,43,40,34,41,22,34,37,40,40,41,37,42,44,38,47,47,39,42,35,40,40,41,42,71,39,41,40,37,39,54,40,41,49,40,36,38,33,40,38,39,35,40,43,46,51,34,41,39,42,39,36,46,39,38,73,39,44,43,40,38,40,39,42,42,40,42,33,55,34,38,38,38,38,40,42,36,56,38,34,40,39,41,36,40,37,39,64,42,33,40,33,42,40,73,51,39,53,49,40,36,41,43,40,32,51,36,41,47,41,28,41,44,36,41,41,122,36,53,55,37,45,56,33,42,41,44,36,41,42,32,34,42,40,43,36,39,38,41,40,44,42,40,41,37,59,43,35,41,41,34,40,37,42,40,35,43,37,32,24,42,53,38,0,19,36,41,54,39,40,37,48,36,33,27,42,51,35,42,34,25,37,42,97,38,36,48,25,32,37,40,42,35,44,41,40,43,40,58,38,40,43,42,38,50,41,26,42,41,35,58,39,39,42,78,31,41,41,41,36,32,40,43,38,39,46,43,43,46,57,43,41,41,42,47,37,89,49,43,35,23,38,44,39,41,32,41,32,41,44,41,42,35,39,42,44,36,47,44,43,38,36,40,54,46,34,38,29,38,44,42,57,41,42,46,42,40,26,40,34,33,40,40,43,36,42,40,39,45,30,32,32,38,36,40,34,39,44,37,38,40,32,43,113,37,43,40,38,47,41,35,38,37,41,38,36,19,45,34,33,34,40,33,42,34,39,39,41,44,38,35,44,98,39,35,42,38,26,41
49,96,49,46,45,45,41,30,49,48,42,55,41,33,38,38,49,44,47,47,51,45,52,49,48,52,57,42,46,48,47,46,40,47,69,49,47,41,39,45,54,49,41,46,38,41,43,46,51,46,49,47,50,49,42,55,47,45,42,50,46,44,46,49,38,67,42,48,37,46,48,49,43,44,41,47,41,47,45,35,47,47,49,48,54,38,47,57,48,33,47,50,43,45,47,41,50,62,48,43,50,48,42,44,78,53,48,46,50,42,40,48,53,50,40,58,40,49,43,49,39,44,51,43,49,48,128,46,56,47,47,53,63,38,51,47,48,42,51,52,50,42,40,46,46,47,46,47,49,37,52,43,41,51,43,49,54,40,41,51,47,51,47,52,47,38,44,49,48,33,43,43,41,19,0,43,45,53,50,48,43,54,48,35,45,46,56,41,46,35,25,46,49,92,46,41,47,32,48,47,41,49,45,57,53,51,47,50,60,41,42,43,50,42,46,45,44,46,47,48,48,49,48,44,77,49,47,50,48,42,37,50,45,46,45,41,53,43,57,49,51,52,45,51,54,42,93,58,52,47,44,34,48,40,44,45,52,37,36,52,37,49,37,48,40,57,48,50,48,53,53,48,49,62,42,42,49,47,40,51,50,60,47,49,53,45,50,46,47,42,44,44,44,52,46,45,44,49,50,46,49,39,50,48,49,39,46,53,39,36,47,48,51,114,47,43,50,38,41,52,44,45,42,48,50,45,39,49,48,47,37,45,49,50,44,48,49,40,58,45,42,49,87,30,45,52,50,45,48
45,97,39,44,43,42,38,46,50,40,45,41,43,45,41,41,46,33,43,40,46,43,43,48,46,49,52,44,43,42,45,41,43,44,59,41,41,45,40,44,53,45,41,49,39,41,42,45,43,46,42,38,43,52,42,49,42,45,39,45,43,39,36,41,45,68,44,43,50,40,45,41,33,41,43,44,43,44,70,45,42,38,44,42,43,47,37,53,42,44,43,44,39,38,45,52,44,56,44,35,43,37,42,42,68,73,44,52,48,42,43,45,46,43,43,55,39,43,41,42,45,41,52,44,42,44,136,42,55,47,41,45,57,41,48,40,45,42,44,45,44,41,36,40,42,47,43,49,44,40,42,39,46,45,43,51,46,35,41,47,37,43,42,47,42,42,41,46,43,56,45,42,41,36,43,0,42,47,43,44,46,35,43,40,43,49,67,42,44,42,38,47,44,106,42,45,43,52,39,39,33,43,44,51,52,44,44,43,52,39,44,34,32,31,47,38,39,43,50,45,51,42,46,45,85,42,43,34,48,45,42,40,38,43,42,48,50,42,57,49,49,45,42,37,43,46,93,53,35,41,47,36,42,43,46,39,44,42,46,39,48,43,44,41,39,40,39,41,44,35,38,43,43,60,39,45,44,45,43,38,48,54,39,44,54,41,43,41,42,43,42,40,41,45,44,42,45,43,49,40,42,41,41,45,42,43,41,49,50,47,42,49,48,109,44,32,40,44,38,40,39,43,45,44,42,47,46,42,43,45,42,48,46,44,42,44,42,46,45,44,47,39,96,45,43,49,42,45,46
13,95,40,32,6,16,32,33,43,22,15,39,36,21,37,30,39,23,8,20,7,41,9,29,13,39,35,14,16,27,8,2,14,17,65,11,18,29,45,12,39,11,14,50,23,17,11,14,10,19,5,42,16,51,39,38,23,26,45,10,10,35,45,10,27,64,15,22,33,15,14,8,25,22,39,41,39,12,62,18,6,23,5,10,22,29,34,48,9,18,9,9,16,16,7,42,7,61,9,32,10,41,22,6,66,71,8,52,49,14,32,28,14,10,18,53,23,30,47,11,19,13,34,10,10,10,139,12,55,52,9,20,60,33,11,44,16,26,7,16,17,30,28,7,34,35,17,24,11,17,20,22,25,11,29,53,21,20,33,22,19,10,37,23,9,29,39,7,19,60,22,46,33,41,45,42,0,47,10,17,14,45,10,23,28,37,71,16,6,23,36,41,10,107,17,12,42,62,30,33,27,10,30,39,38,9,21,10,48,37,15,43,28,33,42,33,20,22,20,15,51,22,15,18,88,29,18,27,30,18,34,34,42,15,18,40,33,20,39,40,20,12,17,36,34,36,94,39,31,32,29,34,22,46,22,37,11,34,20,35,40,10,31,10,38,37,36,37,44,43,36,24,12,57,30,24,7,16,29,35,19,55,37,18,30,4,10,15,11,19,18,15,9,14,30,12,7,5,49,37,25,17,23,20,25,19,34,22,15,27,11,30,21,111,18,42,14,13,40,29,28,7,15,11,16,24,30,25,17,21,25,10,15,21,37,11,11,19,38,8,24,23,90,21,29,31,17,32,14
49,103,62,57,50,50,43,49,59,48,48,44,54,51,54,51,62,51,48,52,51,62,46,53,48,61,60,49,51,49,50,48,49,49,72,48,54,57,54,47,48,46,50,57,53,52,50,49,50,48,48,56,48,62,55,57,50,56,57,51,48,48,47,48,52,70,49,38,52,46,47,47,54,46,58,59,58,49,74,53,48,52,48,48,54,53,53,39,49,52,46,47,54,54,48,60,49,65,46,55,50,51,49,49,80,79,48,58,55,49,51,56,51,48,51,57,48,53,53,49,53,50,63,50,48,46,149,48,56,54,46,51,64,50,51,51,54,56,48,52,50,56,56,51,38,56,51,53,49,52,52,50,56,50,56,59,45,52,52,51,50,50,60,49,49,56,53,49,50,69,54,51,46,54,53,47,47,0,49,51,50,45,49,50,44,55,69,51,50,50,54,52,49,109,47,48,56,67,47,55,48,50,52,64,60,50,37,50,58,55,48,51,41,52,49,42,46,45,44,48,62,50,48,50,90,53,50,53,55,53,56,47,55,48,48,55,57,38,56,52,51,51,51,45,53,56,91,63,53,52,51,52,36,53,56,54,51,56,52,37,58,50,55,47,52,42,50,58,54,52,49,54,48,55,29,51,49,48,50,38,51,64,47,45,47,47,50,48,49,52,49,47,47,43,52,36,38,42,61,55,51,48,50,48,46,50,48,46,52,48,49,40,45,111,45,53,48,50,49,50,39,48,48,49,48,51,50,51,49,44,52,51,49,53,38,47,49,49,57,49,56,51,99,49,53,45,48,51,50
8,99,44,34,6,21,38,33,40,21,14,44,34,25,41,30,38,25,13,18,12,42,9,28,16,36,41,16,18,26,8,13,14,19,69,8,20,36,46,15,44,5,16,53,27,16,9,14,4,16,10,36,24,60,37,44,25,28,47,10,19,37,47,3,31,69,17,16,35,15,14,2,29,18,33,38,33,12,66,24,10,26,7,3,29,26,34,54,9,24,12,6,22,21,7,42,10,63,11,29,2,40,25,11,71,76,6,56,51,13,33,26,8,5,23,50,23,30,47,2,24,15,42,11,5,7,138,19,55,52,10,20,62,37,7,48,26,26,10,11,21,30,31,13,33,33,19,18,4,24,26,30,24,4,30,56,21,28,33,18,27,4,40,21,5,33,45,14,17,62,25,51,30,39,50,43,10,49,0,17,17,47,9,27,30,40,71,19,11,26,40,48,10,106,19,15,37,61,30,34,36,8,30,37,36,4,22,2,47,32,19,42,25,34,45,35,23,22,16,15,56,26,14,18,92,30,20,33,34,23,35,33,42,16,15,40,29,16,41,45,23,8,21,35,28,41,94,40,33,31,32,38,25,45,23,34,8,35,24,37,44,8,37,5,41,39,33,41,43,41,37,29,5,58,36,23,4,12,32,37,26,59,39,22,32,15,3,17,5,17,20,20,12,15,28,16,10,12,48,37,25,19,25,18,34,18,33,24,18,28,3,35,24,108,18,44,13,17,45,32,33,13,23,10,17,19,30,27,19,21,26,9,14,10,38,5,7,17,39,4,29,24,89,25,27,32,16,33,6
19,100,42,34,17,14,36,25,28,24,10,41,25,9,36,27,36,22,17,15,19,36,17,33,18,41,43,18,11,20,21,20,13,14,68,19,22,37,46,4,46,17,7,50,18,12,17,7,18,19,15,36,28,56,33,43,17,22,43,20,18,36,44,19,29,70,18,25,28,16,19,17,24,13,34,36,34,13,60,9,18,25,16,16,27,21,34,48,16,15,18,17,9,9,15,44,18,62,20,27,18,41,15,17,70,73,16,45,44,14,29,19,19,18,16,44,21,33,50,19,19,13,45,15,18,15,132,16,56,49,17,21,59,36,18,48,25,23,15,19,17,23,21,19,20,27,3,12,19,8,26,29,17,17,32,56,20,24,36,5,24,18,31,13,19,30,45,17,3,58,24,53,30,40,48,44,17,51,17,0,14,49,16,27,25,40,66,7,18,17,39,40,17,103,6,9,35,51,21,33,30,18,27,40,37,16,27,18,48,30,9,41,31,34,44,37,11,23,16,6,59,31,15,18,89,23,21,31,35,11,34,33,36,7,14,34,19,23,41,51,23,20,17,35,34,38,95,43,29,32,30,36,25,36,21,28,20,34,18,41,40,18,28,18,40,42,30,41,42,41,36,27,16,56,35,24,17,8,30,41,27,57,36,27,35,16,18,11,19,5,8,18,12,16,28,19,17,18,43,32,17,15,26,16,25,5,32,30,16,15,19,32,19,106,15,46,12,17,43,32,31,16,18,16,6,13,27,24,4,5,27,19,16,20,27,15,17,6,43,17,27,20,93,7,25,34,5,30,17
17,98,41,30,15,16,37,31,36,21,9,42,30,13,38,27,41,22,11,16,16,36,16,31,8,39,41,17,17,26,15,12,15,15,70,17,20,33,48,10,42,16,16,47,21,13,13,12,17,13,12,41,23,56,35,39,18,26,47,16,16,35,47,17,20,64,17,21,32,11,14,16,26,18,37,39,37,15,58,13,12,23,14,15,27,25,33,46,15,15,8,14,15,15,15,43,14,61,12,26,17,40,22,14,66,71,17,53,46,12,29,29,16,16,16,47,24,33,46,17,21,17,43,13,17,17,135,19,50,47,15,23,62,32,15,42,22,27,15,14,19,31,24,14,20,32,13,17,18,16,23,26,21,15,30,58,25,26,33,10,26,18,37,20,17,30,44,11,13,57,23,50,32,37,43,46,14,50,17,14,0,49,17,27,32,39,67,18,17,23,38,43,19,107,10,6,37,57,27,33,34,14,30,39,37,15,20,18,47,31,18,37,29,35,43,43,21,23,22,12,55,28,15,17,89,31,20,35,33,24,39,30,40,8,10,39,29,22,43,45,22,16,16,35,30,39,95,43,32,32,28,38,20,41,28,33,16,39,25,38,43,14,36,17,44,40,30,37,41,45,38,28,15,58,35,20,16,9,31,38,24,53,36,26,31,16,18,13,17,12,21,20,12,16,27,14,16,16,48,36,17,20,27,21,32,16,30,25,17,26,17,33,23,109,17,45,6,12,41,34,33,14,21,15,10,21,29,22,14,18,27,18,11,17,38,16,16,12,41,15,32,25,90,20,31,35,17,30,18
50,92,48,47,47,45,46,53,50,43,47,48,49,46,53,49,50,37,51,47,50,53,49,51,48,54,59,48,46,46,46,47,46,44,63,47,44,47,55,49,57,47,43,52,49,45,51,51,47,52,51,42,51,67,41,36,45,48,45,49,43,50,44,47,47,69,48,50,55,40,49,45,45,48,49,50,49,49,74,49,50,43,46,48,57,50,50,43,45,48,46,48,45,48,48,54,45,59,50,47,47,51,49,49,75,79,49,64,40,47,49,50,50,45,45,57,45,51,50,48,50,43,56,48,49,49,146,48,51,48,44,56,58,50,50,39,52,48,49,53,50,47,47,49,46,52,45,54,48,51,51,42,46,51,50,51,47,46,49,52,46,47,54,49,48,47,43,43,45,62,47,53,45,48,54,35,45,45,47,49,49,0,47,47,48,48,70,48,49,55,49,50,47,111,49,50,54,65,53,47,52,49,50,53,55,48,47,47,59,54,47,51,53,53,49,48,42,51,49,49,52,46,50,54,88,54,50,51,56,51,52,41,55,50,49,42,51,47,53,50,54,50,46,47,50,40,90,59,49,45,51,40,44,53,50,54,50,52,45,49,50,49,40,47,47,57,55,48,52,51,54,51,47,65,50,52,48,49,48,49,54,56,41,46,50,46,47,50,46,51,47,45,51,51,51,47,49,41,55,44,48,46,48,47,46,51,46,49,53,48,46,46,52,117,44,52,51,49,48,42,51,48,47,44,51,54,52,44,47,46,46,50,48,52,47,46,49,49,56,47,46,53,86,49,50,52,50,50,51
10,96,44,34,9,21,36,33,41,22,16,43,35,24,47,26,41,24,14,19,12,41,11,29,11,41,41,15,21,27,9,9,12,15,69,8,20,34,47,15,45,7,14,49,26,14,10,16,10,19,12,38,24,58,39,40,23,26,48,12,18,34,46,9,31,69,15,21,37,13,13,9,30,21,40,40,40,10,64,25,9,25,6,7,28,28,31,52,5,22,11,10,22,22,8,43,7,61,11,32,10,41,23,11,71,75,8,54,48,15,34,27,13,9,20,51,22,36,47,10,23,15,43,11,9,8,139,21,55,51,7,27,60,35,12,46,24,24,11,18,18,31,34,14,31,37,19,23,11,21,26,30,27,10,32,55,23,28,33,17,27,11,37,23,9,33,46,17,17,60,26,50,35,36,48,43,10,49,9,16,17,47,0,26,25,40,69,19,8,25,41,46,13,105,19,14,42,63,31,31,34,11,32,41,37,10,24,10,51,35,20,43,30,36,44,39,22,24,17,16,57,28,12,21,93,31,22,34,35,25,38,32,40,18,17,38,33,21,41,47,29,12,20,34,37,40,93,44,32,31,31,39,24,47,27,35,12,38,26,34,44,11,35,7,41,37,35,42,43,44,34,30,11,58,34,20,8,14,31,34,26,58,37,24,33,13,11,17,10,21,20,21,5,15,27,14,10,9,47,37,25,20,28,19,33,18,33,26,20,28,9,35,23,110,18,46,15,15,44,32,32,12,23,12,17,22,26,28,18,21,26,16,11,20,38,8,9,21,42,8,31,27,93,25,29,31,19,33,9
29,99,43,26,26,28,32,30,39,28,24,42,37,26,37,24,41,22,25,21,23,35,26,29,29,43,44,22,20,17,28,23,22,24,60,26,25,26,46,24,47,28,19,48,25,19,26,26,28,24,24,31,19,54,36,39,26,26,45,29,25,31,41,27,24,61,22,25,28,26,30,28,26,26,40,41,40,29,62,23,25,21,24,27,23,22,25,49,25,25,25,27,20,24,24,44,23,54,25,25,28,39,24,22,61,76,28,41,47,26,30,23,29,25,19,55,20,31,46,29,10,24,42,23,28,28,129,19,56,53,26,33,58,26,32,49,33,27,28,30,24,27,28,27,27,36,26,28,29,19,23,22,20,31,28,47,23,19,33,19,20,28,36,26,30,27,35,24,19,46,19,42,33,33,35,40,23,50,27,27,27,47,26,0,22,32,59,18,26,14,39,35,20,106,22,28,42,50,31,32,24,25,28,45,39,31,18,28,53,35,21,36,26,24,44,28,17,21,25,18,57,18,26,29,89,30,21,27,41,18,37,35,36,22,14,43,30,20,47,40,28,33,29,25,31,37,88,45,28,27,31,30,20,42,25,26,33,37,22,30,41,25,24,27,33,42,33,41,45,39,23,26,31,58,33,28,27,17,28,32,27,56,39,25,31,23,28,23,30,17,14,24,16,23,29,20,20,20,49,35,25,17,16,22,21,18,31,21,28,21,28,30,27,105,24,42,26,24,37,22,26,22,17,24,23,23,24,20,18,15,26,29,27,29,32,26,26,23,41,24,22,17,92,21,26,31,24,32,30
30,97,36,6,31,24,35,29,41,30,29,38,28,27,44,27,35,24,31,27,30,24,29,38,30,43,47,27,25,28,29,31,26,28,68,29,30,42,50,28,52,29,25,42,32,29,31,24,31,27,30,36,26,58,43,42,25,26,43,32,32,37,41,29,36,64,27,30,41,27,29,28,32,30,29,33,29,27,58,34,31,26,28,29,35,36,35,50,28,28,31,29,26,20,29,41,30,62,32,32,31,38,30,29,65,74,28,52,49,27,32,33,32,29,26,41,25,35,45,30,30,27,49,29,29,28,136,29,53,48,29,33,55,34,31,44,30,21,29,32,30,27,31,30,30,34,25,29,32,24,26,30,32,30,30,52,31,23,30,26,29,31,22,30,29,32,42,30,26,51,29,52,16,27,45,43,28,44,30,25,32,48,25,22,0,39,72,30,29,30,42,49,30,111,29,26,30,61,26,33,32,29,36,42,40,30,29,31,54,31,32,41,30,36,56,39,27,31,31,27,60,22,31,32,90,25,31,37,40,32,29,29,41,30,25,39,34,30,46,56,37,32,30,37,37,43,99,49,32,32,24,38,34,36,34,39,32,29,33,43,39,29,42,28,38,40,31,44,42,42,41,29,31,59,30,27,29,24,34,43,35,59,40,31,40,29,31,29,29,28,29,33,24,30,21,33,31,30,44,14,29,28,26,30,28,27,29,35,34,32,29,30,33,110,31,47,32,32,39,32,32,29,29,30,31,29,27,33,27,28,20,34,25,32,45,30,30,31,49,29,32,27,94,32,27,35,29,8,30
41,97,42,32,37,34,39,41,35,41,37,43,33,38,42,41,25,35,34,33,33,38,39,46,42,45,46,32,36,38,38,41,35,35,67,40,41,42,24,34,53,39,37,41,34,34,38,38,41,34,37,20,44,53,41,47,39,43,44,43,41,39,40,40,37,70,33,44,43,39,40,39,37,41,28,25,29,42,57,38,39,34,37,39,34,37,21,51,40,40,40,39,36,33,35,42,40,63,40,35,41,28,34,36,75,71,39,47,43,36,39,40,42,39,36,42,30,43,37,40,33,39,43,35,40,42,139,31,57,47,38,42,55,31,43,45,40,24,39,44,35,38,41,37,39,34,41,46,43,38,43,37,41,42,41,49,41,37,33,38,36,41,43,42,41,31,44,39,37,60,35,45,37,42,46,49,37,55,40,40,39,48,40,32,39,0,65,35,39,41,39,33,38,106,34,36,40,62,38,26,39,40,27,45,45,43,42,41,51,29,38,30,40,28,56,39,35,33,38,42,55,42,39,41,85,38,36,31,40,36,36,35,43,38,40,37,42,38,44,49,42,44,39,36,36,40,91,48,38,38,31,26,39,37,35,28,44,36,35,36,42,40,39,40,18,50,37,31,34,21,37,41,43,57,41,34,41,39,34,38,42,55,40,38,45,39,41,37,40,40,41,41,36,37,39,38,38,42,41,33,41,41,34,38,37,40,39,43,44,40,40,36,38,111,38,30,40,43,27,42,43,37,34,38,42,41,41,31,36,38,36,42,39,43,36,40,39,37,37,42,37,38,97,40,34,42,36,17,38
70,97,69,62,65,63,62,61,72,70,70,70,64,65,61,63,69,69,70,67,70,69,72,71,68,77,78,68,66,71,68,68,64,71,75,70,72,66,62,67,75,69,65,66,60,65,70,64,70,67,70,74,71,51,50,63,67,65,64,71,72,72,74,70,60,78,68,74,60,71,68,69,70,71,76,75,76,64,48,65,66,69,71,70,71,64,72,77,70,57,69,68,65,68,69,68,71,74,65,66,70,71,68,67,73,51,69,43,70,65,71,70,71,68,69,77,68,77,67,70,65,68,67,70,71,70,121,64,77,72,70,73,72,59,73,73,71,64,69,74,67,71,69,64,69,73,67,71,71,67,73,66,67,72,73,68,78,69,66,64,68,70,73,70,71,60,62,70,64,31,66,62,71,51,56,67,71,69,71,66,67,70,69,59,72,65,0,61,70,65,66,73,73,84,69,67,71,43,68,67,64,69,71,79,77,70,73,70,80,59,64,77,68,61,67,70,68,71,71,68,75,67,70,70,87,67,67,62,73,62,67,70,69,71,66,72,77,67,80,69,72,71,68,74,70,70,89,80,72,70,70,61,69,71,67,58,71,67,64,66,66,69,67,70,65,71,66,74,65,69,61,69,70,70,70,65,70,68,65,69,68,70,70,74,59,67,70,66,72,67,67,66,65,70,63,66,67,70,71,65,65,67,68,69,69,68,69,75,71,62,72,68,76,107,70,62,69,68,58,72,70,69,64,70,66,68,60,68,67,64,62,72,69,76,56,68,68,67,77,71,70,69,99,62,64,80,67,64,72
19,92,40,33,16,10,37,28,28,19,13,43,34,4,44,24,38,12,16,10,17,38,19,30,19,41,43,9,16,21,19,17,9,12,70,20,22,32,46,10,45,17,14,51,18,14,16,11,18,2,16,35,22,58,36,42,12,21,40,17,17,35,44,20,11,65,9,23,31,16,17,19,20,20,34,36,34,13,65,10,18,21,16,16,27,22,32,46,18,4,18,14,9,9,18,37,17,58,16,29,18,42,21,16,67,71,15,42,46,12,28,23,20,19,11,46,19,34,47,20,11,17,42,16,19,16,131,18,53,47,17,23,60,31,20,46,22,20,18,21,10,21,32,18,25,25,8,10,19,19,24,23,23,20,23,59,24,13,34,7,24,18,35,13,18,31,47,17,5,53,19,53,24,35,41,42,16,51,19,7,18,48,19,18,30,35,61,0,13,15,39,43,21,101,3,11,33,55,21,33,33,21,30,41,37,20,25,18,51,27,15,37,27,34,46,32,15,20,17,6,56,25,15,18,93,21,21,28,31,14,27,33,37,6,20,40,26,25,42,48,23,18,16,34,35,36,89,45,22,28,30,38,26,39,19,25,18,27,16,39,41,21,31,17,39,45,33,40,42,44,31,25,16,59,30,16,17,12,19,39,26,57,37,26,35,16,18,7,20,1,2,20,16,16,29,19,17,20,39,31,22,3,24,17,30,6,32,31,17,14,18,33,20,110,16,46,16,15,39,32,22,17,20,20,9,6,24,29,5,8,24,19,13,20,39,16,19,14,44,17,23,21,93,8,29,33,12,29,17
12,98,42,34,6,23,35,33,37,19,12,44,35,23,44,30,43,25,11,17,10,40,7,28,14,41,39,15,19,27,4,9,14,17,69,8,21,33,45,14,43,7,15,52,28,20,9,17,9,13,11,36,23,56,36,41,23,24,45,7,9,36,45,9,30,69,14,19,34,12,12,8,24,19,38,41,38,13,66,21,9,29,4,7,27,31,33,54,4,23,11,6,20,18,8,40,4,61,11,30,10,41,22,7,71,78,5,54,50,17,34,28,7,6,22,47,16,34,46,12,22,15,40,8,8,7,140,19,56,48,7,19,63,36,10,46,18,26,10,15,22,32,36,12,35,37,21,20,10,23,19,27,27,10,33,56,20,28,35,19,24,11,40,24,4,33,44,12,16,64,25,51,35,42,46,44,6,50,11,18,17,49,8,26,29,39,70,13,0,22,40,45,12,109,19,12,36,60,30,34,36,1,28,39,35,6,22,11,50,36,19,45,26,33,45,39,24,17,14,13,55,27,12,19,90,32,25,32,30,21,38,35,39,19,17,36,33,19,39,46,23,7,21,35,31,35,93,41,31,29,28,39,22,45,28,36,6,38,27,37,43,1,31,10,43,31,38,42,44,42,36,24,7,57,35,22,7,14,33,37,23,57,40,23,34,7,9,16,8,14,19,19,11,12,31,16,7,7,43,38,28,18,26,20,33,19,34,24,16,27,10,36,20,110,17,44,12,11,43,29,30,13,23,10,16,20,30,26,19,21,28,8,14,15,41,6,9,17,40,5,31,21,88,21,27,29,19,33,13
25,98,40,31,23,15,31,31,37,26,19,42,35,4,37,26,40,12,25,12,25,38,26,26,24,43,45,17,17,23,22,21,21,23,69,25,22,23,43,17,44,24,25,48,15,24,19,19,26,10,25,32,22,57,28,34,25,25,39,28,22,35,43,23,20,66,17,21,23,21,24,25,20,22,37,39,37,26,63,10,25,28,22,24,21,12,31,50,26,4,21,25,16,16,20,41,26,54,20,27,26,37,20,22,69,59,25,47,41,20,17,16,27,24,8,47,20,36,41,25,14,25,44,25,24,25,126,16,54,53,24,27,60,31,26,49,22,25,27,26,13,24,18,20,26,36,7,16,25,12,23,20,13,24,14,55,29,9,40,20,19,26,30,19,26,23,45,26,12,52,9,49,32,34,35,42,23,50,26,17,23,55,25,14,30,41,65,15,22,0,35,40,25,101,12,21,41,51,25,33,18,26,31,44,39,28,20,24,48,35,15,39,25,31,36,33,14,19,25,22,52,31,23,20,93,26,14,24,37,9,27,36,38,11,23,35,25,18,46,46,24,27,22,36,32,27,92,49,35,29,28,29,21,38,16,29,27,27,9,38,35,26,25,25,35,45,31,39,41,42,29,27,28,59,19,19,25,18,13,37,24,55,41,25,30,23,24,6,24,7,4,18,20,22,26,22,19,22,45,33,24,5,27,16,25,12,34,27,12,15,24,31,29,108,24,40,18,15,35,30,15,22,14,22,15,15,23,17,12,14,15,22,23,26,37,28,24,10,38,25,17,17,96,5,29,34,19,24,22
42,98,36,35,38,28,35,44,39,37,41,43,32,34,22,25,30,32,37,38,39,45,41,45,40,52,50,37,38,39,38,36,40,42,69,38,40,37,42,42,52,38,37,53,41,38,38,41,40,39,38,42,41,41,38,46,39,38,43,41,43,41,43,39,42,64,38,42,39,42,40,39,33,40,36,33,35,41,58,36,41,41,36,38,41,38,34,56,40,38,40,39,34,34,35,38,39,56,36,38,40,41,35,36,71,67,40,44,46,39,30,39,41,39,34,50,40,42,40,39,31,39,46,40,38,39,125,35,52,54,38,46,57,42,44,52,43,36,38,43,35,25,25,39,39,36,37,44,41,32,40,30,41,42,31,59,37,32,42,40,40,40,38,43,40,40,37,33,29,43,37,49,43,25,25,38,36,54,40,39,38,49,41,39,42,39,66,39,40,35,0,27,42,104,36,39,44,43,33,39,41,44,32,50,44,42,40,40,49,36,39,44,42,27,49,41,31,35,43,35,55,31,40,42,76,31,44,35,37,37,33,34,38,38,35,41,43,38,48,53,45,43,38,41,39,38,97,50,29,26,37,33,42,40,34,30,42,33,34,44,37,44,42,39,35,40,41,45,42,33,38,39,43,59,33,35,38,34,29,43,41,59,30,37,39,37,40,36,40,38,37,40,39,40,31,39,38,40,49,41,40,36,29,29,29,39,36,42,41,39,40,34,44,115,40,35,42,44,32,40,25,36,37,42,39,38,30,42,38,37,39,45,41,42,35,42,40,38,48,40,35,28,92,34,33,43,40,33,40
46,98,41,47,43,37,55,47,38,48,44,43,42,44,40,42,50,32,41,48,45,49,46,48,45,48,51,45,46,46,45,48,46,47,69,46,47,50,35,46,53,44,46,53,40,46,45,38,47,46,40,40,43,54,48,47,45,45,39,47,49,43,41,46,38,66,45,41,42,44,45,46,44,45,45,44,46,46,68,44,46,46,44,45,43,41,39,49,46,44,46,44,37,42,44,46,46,56,41,48,47,42,46,47,72,69,45,53,46,43,43,48,49,46,31,46,45,48,37,46,42,46,52,49,46,45,120,41,59,55,45,50,62,47,48,50,48,45,44,48,36,41,42,44,47,44,42,43,48,40,47,46,49,47,44,57,49,40,46,40,44,47,43,48,48,48,52,42,39,58,44,52,45,37,46,47,41,52,48,40,43,50,46,35,49,33,73,43,45,40,27,0,44,110,44,44,45,59,34,45,40,46,44,53,53,46,39,47,56,41,44,47,54,42,51,42,37,47,47,45,60,34,49,49,78,35,44,38,46,49,44,50,41,46,43,41,49,44,47,43,50,46,46,47,51,41,91,55,47,43,46,37,40,49,44,40,46,44,42,44,40,46,39,46,36,54,46,46,47,49,50,47,45,56,39,37,47,41,39,38,47,63,45,42,47,45,47,31,47,41,36,46,45,44,41,42,44,43,46,44,45,34,44,36,39,45,44,52,45,48,48,42,51,107,45,40,45,47,39,46,41,42,45,44,39,44,48,45,44,45,41,47,45,49,38,45,46,48,48,46,46,38,95,44,44,49,42,37,45
14,99,45,36,10,23,37,35,43,20,13,46,33,22,46,29,46,27,8,21,7,43,9,31,12,40,39,13,16,24,12,9,10,22,69,11,22,35,47,14,43,12,14,53,29,18,12,17,11,17,6,32,28,60,34,47,21,23,44,13,19,37,40,13,34,62,13,15,28,17,15,9,28,21,40,42,40,10,69,24,9,29,8,11,22,24,30,51,9,27,14,11,19,21,8,41,11,59,6,33,11,39,22,4,62,77,9,56,52,16,30,31,13,8,23,53,18,37,50,12,23,12,42,6,11,9,139,20,56,51,10,27,56,34,11,51,23,26,7,16,18,33,26,12,30,33,19,14,12,22,20,30,28,14,35,56,15,26,39,22,24,11,40,24,13,33,44,9,14,65,27,52,34,42,49,44,10,49,10,17,19,47,13,20,30,38,73,21,12,25,42,44,0,111,17,13,39,64,31,35,36,10,28,38,36,11,16,11,49,40,19,46,30,31,46,37,18,16,6,12,59,27,15,19,89,29,18,28,38,21,36,33,33,16,15,35,31,15,41,46,28,14,12,31,32,43,93,44,23,28,33,39,23,44,27,34,13,36,27,38,45,10,35,13,46,41,34,41,43,42,39,24,10,56,39,22,13,14,32,36,24,59,36,20,32,6,11,18,13,19,17,15,13,4,29,8,6,9,44,37,24,16,25,13,25,14,32,16,16,28,13,26,14,105,14,47,14,12,39,29,28,6,21,5,13,24,29,21,14,15,29,13,12,17,32,9,14,15,42,11,30,14,91,22,27,23,18,35,10
108,114,102,104,107,104,106,109,104,110,105,111,103,101,102,106,104,103,106,102,110,98,105,113,108,110,113,101,105,105,108,105,101,109,109,107,110,110,104,102,118,106,103,105,94,105,107,106,109,104,106,103,110,91,88,101,105,106,106,109,108,107,108,106,107,115,101,109,108,106,104,107,102,108,105,106,105,108,97,107,107,104,107,106,112,107,109,114,107,107,107,105,104,106,107,113,108,114,109,101,107,110,105,106,112,95,101,80,102,101,103,107,106,107,102,115,108,109,105,106,106,105,111,107,107,101,94,108,101,116,107,109,104,104,108,110,106,98,107,107,107,111,97,102,106,110,106,109,108,105,111,108,105,106,110,104,114,104,108,110,107,109,103,110,108,101,100,106,106,79,111,107,107,97,92,106,107,109,106,103,107,111,105,106,111,106,84,101,109,101,104,110,111,0,109,102,105,73,109,107,107,109,104,117,115,106,109,107,120,99,104,105,111,101,103,112,104,108,113,103,117,104,106,107,103,107,105,101,106,102,103,110,114,104,104,107,107,103,117,107,109,106,109,108,110,107,113,116,111,112,107,103,106,105,103,105,106,103,103,115,105,109,109,108,95,109,107,109,99,105,111,106,106,107,109,105,107,104,108,109,110,112,113,111,109,107,108,102,108,105,101,112,103,111,107,105,107,107,111,108,106,100,102,110,112,103,107,112,107,105,107,107,112,123,108,99,105,109,102,109,109,107,102,108,106,110,106,109,107,101,107,109,105,110,110,108,106,107,119,108,107,108,118,106,103,116,102,105,109
19,101,38,34,19,16,32,28,32,22,12,45,29,7,42,23,44,26,19,19,15,36,20,34,17,41,45,16,16,16,20,18,11,12,65,19,22,33,44,16,44,19,12,50,21,12,19,11,20,19,17,33,27,60,38,38,27,25,46,20,12,35,46,19,24,64,16,25,31,17,17,17,31,18,38,38,38,9,65,11,17,27,17,19,30,22,36,55,20,7,19,20,13,13,16,40,18,58,21,33,20,38,24,16,66,73,14,41,45,14,31,25,18,18,22,46,21,31,46,19,16,16,42,18,18,17,128,12,56,49,17,22,61,33,19,48,28,22,18,19,13,21,25,20,22,31,5,10,21,14,28,24,22,20,34,58,26,20,35,7,25,20,31,15,19,30,43,15,11,58,22,51,28,38,46,42,17,47,19,6,10,49,19,22,29,34,69,3,19,12,36,44,17,109,0,15,33,59,26,33,33,18,22,42,35,17,26,20,48,30,11,39,26,33,45,35,8,24,21,10,59,28,9,20,93,30,23,35,35,15,31,30,35,5,14,33,20,24,44,50,19,18,17,37,37,35,94,45,28,31,28,34,27,37,17,26,18,31,10,37,33,18,31,19,45,43,28,42,38,42,32,27,19,56,33,19,19,10,21,37,28,55,34,21,36,21,20,10,19,7,5,22,16,17,25,20,20,16,39,29,21,20,24,16,23,5,32,29,15,14,19,32,18,108,16,45,12,18,40,34,25,17,15,17,8,11,25,26,6,7,21,18,13,19,32,19,19,15,42,20,25,24,92,11,25,32,3,24,18
15,94,40,32,11,22,36,31,33,20,11,44,29,19,35,24,36,26,10,15,14,39,14,31,7,39,42,13,17,25,13,13,11,19,70,12,18,34,43,12,44,10,9,47,23,16,13,11,13,8,9,36,22,56,38,43,24,26,46,16,18,37,44,12,25,66,13,21,34,15,11,12,28,19,32,34,32,11,59,19,11,25,12,13,26,28,31,47,12,23,10,10,18,14,12,38,11,62,12,29,13,38,22,10,68,73,12,53,41,9,33,26,16,13,16,49,18,32,45,15,21,13,45,12,15,11,135,17,51,49,10,23,63,32,16,42,19,22,11,14,7,28,30,11,33,32,18,16,16,19,25,27,24,15,29,54,20,28,31,11,24,14,29,9,14,33,48,14,8,50,28,50,31,36,41,45,12,48,15,9,6,50,14,28,26,36,67,11,12,21,39,44,13,102,15,0,39,59,30,29,32,10,29,41,36,15,21,15,49,32,19,40,28,37,45,39,20,22,22,14,54,27,14,18,91,27,22,34,35,21,38,31,41,16,13,40,33,21,41,45,21,16,18,34,32,39,95,44,32,33,27,39,23,41,27,32,16,38,26,36,44,10,37,14,42,40,32,39,38,43,38,30,13,56,34,15,13,5,30,36,25,55,35,24,33,11,15,15,14,16,23,20,10,15,24,13,11,14,42,30,19,19,25,18,31,14,30,29,18,29,14,34,22,107,17,44,9,16,41,30,34,10,23,13,12,22,24,24,18,19,26,16,1,20,40,13,12,17,40,16,30,26,92,22,30,34,15,25,16
39,102,40,36,34,37,39,36,32,43,32,42,41,33,35,35,33,39,42,40,39,36,35,45,39,38,42,36,39,38,40,37,33,37,71,40,42,43,44,32,61,37,36,58,37,37,41,35,41,33,40,34,44,65,35,45,42,38,47,38,40,37,45,39,40,69,36,39,45,38,37,41,36,39,31,33,31,34,64,35,39,42,41,40,41,41,41,56,40,35,41,38,40,42,40,43,40,64,42,36,39,36,40,39,70,75,34,49,51,34,40,29,34,38,43,44,41,36,47,38,40,38,46,40,40,36,131,41,61,49,39,39,61,38,36,52,43,35,41,35,36,26,43,40,39,32,36,38,36,35,37,40,41,32,35,59,43,41,39,32,40,41,38,30,41,39,49,38,33,68,36,53,6,48,47,43,42,56,37,35,37,54,42,42,30,40,71,33,36,41,44,45,39,105,33,39,0,65,42,37,42,37,37,39,39,32,43,38,51,41,38,41,33,45,57,36,36,43,40,36,61,40,36,39,89,41,40,36,43,37,27,34,46,32,39,45,34,37,40,55,29,34,39,38,41,48,93,39,44,39,38,38,41,40,35,39,34,27,39,43,25,37,43,40,40,46,36,46,43,38,39,41,34,60,43,37,39,35,37,43,42,59,38,38,43,40,40,35,41,36,34,42,34,41,32,41,41,42,51,19,37,32,41,36,42,37,37,48,36,39,32,42,48,109,39,49,36,37,46,34,40,37,33,38,38,33,39,41,41,40,39,36,37,36,44,35,37,32,45,42,34,40,95,41,31,44,34,39,41
61,106,56,61,58,52,47,56,61,64,60,59,54,48,52,52,60,59,60,58,62,62,63,59,61,68,64,59,50,62,59,59,55,62,69,62,63,57,46,52,69,62,57,53,51,56,60,53,61,58,60,63,66,39,47,57,57,62,54,65,65,66,65,62,51,75,59,60,59,63,61,63,52,58,59,58,59,61,38,54,58,59,59,61,63,59,62,60,62,48,62,59,57,58,60,63,60,60,56,58,61,65,63,57,74,58,61,37,59,54,62,63,65,60,54,68,57,67,61,62,54,59,62,59,62,61,116,57,66,63,60,66,75,48,65,57,64,50,61,64,58,54,50,54,61,55,56,61,62,53,60,54,56,64,60,48,69,53,63,55,57,61,53,62,63,56,48,62,53,16,57,56,54,25,32,52,62,67,61,51,57,65,63,50,61,62,43,55,60,51,43,59,64,73,59,59,65,0,53,62,53,62,57,64,64,64,62,61,71,37,57,60,59,54,60,61,55,61,62,59,66,51,60,61,86,55,58,49,55,55,52,66,64,60,60,60,65,60,68,52,64,64,63,65,62,68,90,67,64,57,52,57,59,58,57,36,64,52,60,59,49,62,64,62,49,63,63,64,55,58,50,56,64,66,51,53,60,55,54,59,61,69,66,62,50,61,61,53,63,58,52,63,58,61,54,58,56,61,61,61,60,53,59,53,56,56,64,68,60,53,63,55,72,114,61,53,62,60,51,62,49,57,61,62,53,59,47,61,51,58,45,58,59,65,55,62,60,61,61,61,51,64,100,53,48,72,61,56,62
32,101,35,32,32,26,38,30,37,29,28,41,29,23,37,14,27,29,31,27,30,38,28,37,32,42,49,27,25,23,33,34,26,27,68,30,32,38,48,25,50,31,29,49,33,31,30,24,31,30,29,39,30,60,44,49,28,30,49,32,34,36,45,30,27,69,27,30,32,32,32,31,28,28,27,35,27,28,62,29,31,26,30,31,35,30,36,54,29,31,33,31,26,19,29,43,30,56,31,11,31,39,28,30,74,69,31,41,54,33,37,20,32,27,32,34,28,35,46,30,34,31,48,31,29,27,130,25,55,49,29,33,53,38,33,48,35,12,31,33,25,1,31,33,33,32,24,29,31,29,35,29,22,29,26,59,30,24,25,22,23,31,39,27,28,26,47,31,20,64,34,54,29,32,48,39,30,47,30,21,27,53,31,31,26,38,68,21,30,25,33,34,31,109,26,30,42,53,0,31,31,32,31,43,42,31,30,31,54,10,24,38,26,38,47,35,12,29,34,23,60,27,32,33,95,1,29,34,35,32,22,31,20,26,31,35,30,30,50,56,33,32,32,33,36,42,95,49,31,35,22,34,31,38,30,8,32,22,30,41,45,32,35,32,30,41,31,40,41,41,30,30,31,61,24,28,32,27,28,41,35,51,35,33,36,30,31,28,32,25,25,32,27,33,25,31,31,31,44,28,18,26,33,27,23,28,30,34,25,27,28,33,34,107,29,45,25,30,38,25,19,31,30,32,24,32,28,27,24,22,25,33,26,33,41,31,31,24,49,29,34,31,91,26,22,34,26,28,29
34,91,39,26,33,29,34,32,32,30,36,37,28,33,30,32,24,28,31,31,36,35,33,41,31,42,46,30,16,33,33,33,32,30,71,33,32,30,35,27,52,31,32,46,25,32,33,31,35,30,33,24,34,58,43,48,30,32,50,34,32,33,35,33,38,73,30,36,37,33,35,31,35,32,38,40,38,30,61,31,33,25,31,32,35,37,33,49,32,35,31,31,30,36,33,36,32,61,35,27,35,35,30,33,73,72,34,42,43,27,38,35,35,34,34,55,19,31,42,33,36,33,48,33,33,32,140,31,54,46,30,36,60,27,36,45,29,29,35,36,27,26,37,34,32,31,34,38,35,38,32,29,35,35,36,56,35,31,23,32,26,35,31,33,34,32,45,33,32,52,36,53,33,37,47,39,33,55,34,33,33,47,31,32,33,26,67,33,34,33,39,45,35,107,33,29,37,62,31,0,24,34,30,42,39,35,36,35,55,30,33,46,34,36,51,44,33,30,36,31,61,27,36,31,78,27,31,35,34,34,35,34,39,33,28,42,35,36,48,46,34,36,32,35,32,43,93,46,30,25,24,18,30,37,38,30,36,35,34,41,41,34,35,31,36,45,27,41,36,30,29,31,35,59,31,27,33,28,30,41,32,50,39,37,35,33,35,30,34,34,31,35,29,36,24,35,34,33,47,23,26,30,37,34,30,33,27,40,37,38,34,24,38,113,34,37,31,34,44,33,35,33,30,34,31,26,21,37,33,26,32,32,28,38,41,35,34,32,47,32,38,31,94,31,37,30,31,18,35
35,96,40,29,31,35,38,38,38,31,35,35,37,31,45,39,37,29,33,33,34,37,35,36,37,43,44,35,23,34,34,26,32,30,74,33,32,21,46,33,44,32,35,52,24,27,30,28,35,32,27,35,26,60,31,41,34,32,42,36,31,32,44,33,30,63,35,32,38,38,38,33,29,33,37,38,37,36,59,31,29,32,34,34,32,38,22,45,32,33,34,30,23,24,30,40,35,56,28,29,35,43,27,29,66,63,32,52,37,30,34,31,39,34,23,46,17,30,37,35,24,35,39,33,35,34,132,25,58,55,34,38,52,28,37,47,33,32,34,38,33,27,25,33,25,41,26,38,37,32,29,24,32,38,25,52,38,16,35,33,26,36,29,30,33,31,41,31,28,56,35,44,35,40,41,33,27,48,36,30,34,52,34,24,32,39,64,33,36,18,41,40,36,107,33,32,42,53,31,24,0,37,31,39,34,37,36,36,54,27,28,40,32,35,46,33,26,24,28,34,54,25,29,31,91,36,27,31,31,35,31,28,34,32,33,39,39,32,42,34,36,37,33,25,31,33,89,41,33,27,38,29,33,39,31,33,37,31,28,25,41,37,26,35,42,42,40,35,41,45,32,26,37,56,30,34,31,33,26,36,30,52,37,28,23,30,35,27,35,35,26,32,31,38,39,33,27,31,48,30,37,23,30,36,28,33,35,39,35,27,34,41,38,107,25,44,34,31,39,33,27,31,31,38,37,31,40,23,34,35,34,31,37,37,27,38,35,34,37,33,39,36,92,27,36,34,32,32,36
12,99,43,35,5,21,38,33,37,20,11,47,36,24,44,30,41,26,13,17,10,40,6,30,14,40,39,17,15,27,9,10,14,21,69,8,21,35,48,17,46,10,15,53,29,17,11,16,9,19,13,36,24,60,38,41,24,29,47,7,13,35,47,6,33,69,17,19,38,15,14,8,26,17,37,39,37,13,68,24,11,28,6,8,28,29,34,53,9,24,15,3,25,25,8,40,7,64,8,31,9,41,22,8,72,79,4,55,54,17,37,28,10,3,24,49,27,28,47,9,24,15,43,10,8,4,140,23,56,49,8,18,63,37,5,47,19,27,10,14,24,32,32,11,34,35,19,20,9,26,23,28,29,5,33,56,23,25,37,16,25,11,41,22,4,35,43,16,17,60,30,51,31,42,49,43,10,50,8,18,14,49,11,25,29,40,69,21,1,26,44,46,10,109,18,10,37,62,32,34,37,0,31,36,34,5,23,10,48,36,23,42,29,34,44,40,19,14,16,17,58,24,10,20,90,32,21,33,31,26,37,33,42,17,16,40,32,21,39,44,17,6,22,36,32,38,93,41,32,29,34,41,26,44,25,36,5,37,24,40,45,0,36,10,40,31,38,43,44,39,36,26,4,57,36,25,9,14,33,40,26,59,40,27,28,8,8,17,8,13,17,24,11,16,31,15,12,8,46,39,27,22,27,21,33,14,34,24,20,29,9,36,20,109,16,47,10,16,43,34,35,11,23,7,16,22,31,23,20,21,31,12,14,9,40,3,8,20,43,8,31,25,89,22,24,31,15,34,13
31,100,38,28,32,23,25,22,39,31,25,41,27,27,39,31,43,18,29,19,28,37,31,31,30,44,45,24,16,19,33,25,23,25,65,32,30,28,48,24,49,28,21,56,33,22,29,27,29,27,29,32,27,57,26,46,26,20,46,31,31,39,43,32,31,64,24,31,28,31,30,32,26,30,34,39,34,31,57,29,30,25,29,29,28,18,16,49,30,30,29,33,23,28,27,23,33,64,35,26,29,40,21,33,66,76,30,51,41,24,39,32,28,30,30,57,19,31,39,28,31,25,44,27,31,29,141,17,59,55,32,35,59,28,34,47,37,24,29,35,28,30,35,34,33,29,29,26,30,30,37,32,28,31,37,61,24,28,36,29,21,29,33,32,31,30,44,24,28,59,29,50,33,35,45,44,30,52,30,27,30,50,32,28,36,27,71,30,28,31,32,44,28,104,22,29,37,57,31,30,31,31,0,46,45,31,34,29,54,38,22,44,29,32,51,32,29,22,28,26,57,27,25,31,85,28,24,21,35,29,37,36,40,26,24,40,29,31,46,49,34,30,33,36,34,42,94,49,27,25,24,27,35,43,28,33,30,37,25,39,46,32,36,32,44,45,23,38,40,40,39,24,29,57,32,25,32,22,27,39,27,60,34,30,35,33,29,23,32,30,25,30,22,24,24,36,35,32,44,32,26,30,23,19,31,31,27,33,30,26,32,23,32,109,30,39,27,27,43,36,32,33,30,29,19,26,22,29,30,22,27,29,28,33,37,32,32,28,44,33,29,21,96,26,31,26,24,29,28
39,103,45,47,40,43,45,44,44,41,40,53,40,38,45,41,37,43,35,40,39,46,34,48,39,19,14,41,39,40,42,39,40,40,81,37,38,34,52,38,50,36,41,56,44,42,38,37,38,34,39,43,43,68,44,46,45,40,55,38,40,41,51,36,44,76,41,43,42,40,40,39,42,40,37,40,37,39,71,42,38,40,39,38,48,47,46,64,40,42,36,38,39,40,41,49,42,68,40,44,36,47,41,39,81,83,38,60,61,36,39,32,34,40,44,57,41,38,51,35,40,40,19,38,37,35,147,41,63,54,39,32,68,38,36,53,41,40,39,31,40,46,42,40,45,44,41,40,36,39,40,44,46,36,38,58,41,46,40,37,39,38,43,37,38,40,55,42,38,68,44,57,38,44,57,51,39,64,37,40,39,53,41,45,42,45,79,41,39,44,50,53,38,117,42,41,39,64,43,42,39,36,46,0,13,36,47,35,34,38,40,43,43,47,50,41,39,41,40,37,59,43,39,40,97,40,42,40,48,41,41,38,49,34,40,44,36,43,22,49,33,34,40,42,43,44,98,28,41,44,41,42,43,46,37,43,33,41,40,48,46,38,43,38,46,48,42,42,49,46,47,43,33,65,48,40,39,38,42,48,47,60,45,44,43,39,37,42,38,38,42,43,41,41,43,39,43,41,49,36,43,36,44,40,41,41,36,43,44,40,31,41,44,111,43,54,39,36,48,43,45,40,40,40,41,31,42,43,42,41,43,36,40,33,49,34,36,39,23,39,39,40,99,43,46,44,38,43,40
37,103,43,42,33,37,47,41,46,33,37,53,40,37,49,40,33,38,39,36,37,42,32,47,39,16,16,34,36,36,38,37,33,41,78,37,37,43,53,37,52,34,35,57,43,36,39,36,38,37,36,43,43,66,43,47,41,40,48,36,40,44,54,31,42,78,34,39,39,39,39,38,42,39,37,38,37,37,69,40,35,39,37,37,44,38,38,58,34,38,40,35,31,32,38,47,37,70,39,39,32,49,37,38,80,84,34,59,61,33,37,36,32,33,39,59,39,30,51,35,41,34,9,35,37,35,145,35,62,47,34,29,67,40,31,51,38,38,36,33,40,39,41,37,41,41,39,42,32,38,36,42,41,34,38,62,41,37,38,34,39,38,44,38,38,39,56,33,39,68,42,53,34,41,53,52,38,60,36,37,37,55,37,39,40,45,77,37,35,39,44,53,36,115,35,36,39,64,42,39,34,34,45,13,0,34,41,35,36,36,38,49,39,42,49,42,38,36,37,36,50,37,36,37,97,41,42,40,44,39,40,38,46,38,39,46,38,42,15,53,31,34,37,39,36,50,98,18,40,37,41,41,41,46,35,42,33,40,35,46,43,34,41,37,47,41,38,44,48,52,46,36,33,66,47,37,37,37,36,46,44,59,44,39,41,38,33,39,38,33,40,41,36,38,41,38,39,37,51,38,41,37,37,37,42,37,39,40,41,43,33,39,45,109,41,47,32,38,49,40,45,37,40,35,40,32,41,41,40,40,39,34,33,30,49,32,32,38,15,34,38,38,96,39,42,38,36,41,39
10,100,46,37,4,21,40,34,38,21,14,44,36,24,42,31,36,27,15,17,13,43,4,29,15,36,40,17,20,27,7,17,12,19,71,8,22,38,47,16,44,4,16,52,29,18,9,16,7,18,11,39,25,59,38,43,24,29,50,7,16,39,46,5,31,70,17,15,37,13,14,7,32,19,34,39,34,14,68,25,7,25,5,5,30,27,35,56,8,25,11,3,24,24,8,41,5,64,11,28,5,41,26,9,72,77,2,54,53,12,32,23,4,5,25,51,22,32,49,6,24,17,42,10,7,4,139,21,56,53,6,14,63,38,3,49,24,28,13,9,23,31,33,14,32,31,18,22,4,24,22,33,30,0,32,54,22,31,35,18,26,7,41,20,9,35,46,15,18,60,27,49,33,40,51,44,9,50,4,16,15,48,10,31,30,43,70,20,6,28,42,46,11,106,17,15,32,64,31,35,37,5,31,36,34,0,24,4,42,31,19,44,28,39,44,35,22,22,20,13,58,26,15,20,94,29,23,34,36,24,38,34,43,19,15,41,29,15,40,49,18,4,22,36,29,38,95,41,36,28,34,39,24,46,27,33,5,38,20,37,45,5,34,7,40,40,35,43,44,44,38,29,1,55,38,24,4,14,31,37,29,59,40,24,35,17,6,18,5,14,20,22,12,15,31,17,11,8,47,39,27,19,29,19,36,17,34,27,18,29,3,35,22,104,21,46,11,19,46,34,33,13,24,11,17,16,30,24,18,22,29,9,13,11,40,6,8,16,39,6,29,25,88,25,28,34,16,33,8
24,102,44,37,23,22,39,35,43,18,26,33,35,27,42,33,45,21,20,23,22,38,22,26,24,47,45,24,22,30,22,22,25,25,71,21,21,31,45,21,44,20,22,51,23,27,22,27,23,24,14,36,18,58,32,45,20,23,39,25,25,36,38,21,25,66,24,9,33,16,25,22,26,23,41,40,41,21,69,24,24,31,17,22,17,24,35,49,24,26,19,21,20,18,18,42,23,58,16,32,23,42,20,18,66,69,22,58,53,24,39,22,25,22,24,57,21,36,49,22,27,21,43,20,21,23,137,22,49,51,21,31,59,31,24,47,22,32,20,22,25,35,33,21,16,35,19,25,24,26,21,28,27,24,32,57,13,18,34,22,27,23,43,23,22,34,49,16,18,62,26,42,36,43,47,44,21,37,22,27,20,47,24,18,29,42,73,25,22,20,40,39,16,109,26,21,43,62,30,36,36,23,34,47,41,24,0,23,53,38,25,44,21,34,46,27,18,16,22,24,60,32,23,24,90,33,22,26,40,21,38,36,41,28,24,41,30,8,44,42,26,25,21,22,37,47,94,45,29,29,37,43,9,48,33,38,26,38,24,23,45,23,32,21,46,31,36,33,46,44,39,34,23,50,24,28,21,25,24,24,26,61,26,15,25,19,23,20,22,22,22,10,24,18,30,12,13,22,49,40,31,22,21,23,33,27,33,18,27,30,22,36,17,113,20,40,24,19,40,35,16,19,25,18,28,24,32,24,27,26,29,25,24,23,19,21,21,27,40,22,33,25,95,22,28,19,25,35,23
8,99,44,35,8,21,38,34,40,22,15,44,34,25,41,29,38,28,14,18,13,42,8,28,15,39,40,17,19,26,8,12,14,20,69,9,20,37,46,16,41,7,16,53,28,16,8,15,3,16,13,36,26,60,36,44,26,25,48,14,19,37,47,3,31,69,16,17,36,15,16,4,29,19,32,36,32,13,67,24,12,26,7,5,29,25,35,54,8,24,13,6,24,25,9,42,8,64,12,30,1,41,24,15,71,75,8,56,52,14,34,25,6,6,22,50,24,30,49,2,23,17,42,11,9,8,138,19,56,53,11,19,63,35,6,49,23,27,11,10,21,31,32,14,34,30,20,18,2,24,24,30,25,4,29,56,22,28,36,17,27,3,40,21,5,33,45,18,18,61,27,51,31,40,50,43,10,50,2,18,18,47,10,28,31,41,70,18,11,24,40,47,11,107,20,15,38,61,31,35,36,10,29,35,35,4,23,0,46,33,19,43,26,34,46,37,22,25,17,16,56,27,15,21,91,31,22,33,35,22,35,33,43,17,17,41,29,17,40,44,24,6,22,36,26,40,95,41,35,32,31,39,26,45,24,35,6,35,26,37,44,10,38,9,41,41,36,41,43,42,37,30,4,57,36,24,4,13,32,37,24,58,40,23,32,12,2,18,5,17,20,23,12,15,29,15,11,10,47,37,26,20,27,19,32,17,34,25,18,28,3,33,24,106,17,44,14,14,43,32,34,13,24,10,18,20,29,27,18,22,27,6,12,8,39,5,5,17,40,4,29,24,90,25,27,33,17,34,6
47,102,50,50,48,48,50,56,55,51,52,50,56,49,45,55,49,53,50,51,49,47,43,52,49,30,31,50,44,50,50,51,49,50,76,48,48,50,61,50,47,49,49,56,54,50,48,48,49,48,48,57,53,63,53,56,54,55,59,51,50,52,48,47,53,75,50,52,52,50,51,49,55,49,50,48,50,51,76,48,50,56,49,48,53,56,54,60,51,51,51,48,51,50,49,54,51,74,49,56,47,53,51,48,75,82,49,64,57,46,54,45,46,49,50,63,53,49,52,46,51,48,34,50,48,49,151,50,68,64,49,33,70,55,42,50,54,54,51,46,52,53,52,50,54,55,51,55,47,50,49,49,52,42,50,60,52,53,57,49,54,49,49,49,49,52,54,49,50,70,53,53,53,58,60,52,48,58,47,48,47,59,51,53,54,51,80,51,50,48,49,56,49,120,48,49,51,71,54,55,54,48,54,34,36,42,53,46,0,47,54,50,54,49,48,47,56,48,52,53,69,53,52,55,96,58,56,54,52,55,51,52,47,51,52,57,49,54,34,54,39,46,55,48,47,54,103,35,50,50,57,52,53,47,52,50,46,51,52,55,50,48,50,48,49,53,56,55,55,52,52,54,42,66,54,56,47,51,54,55,54,65,57,53,50,49,48,53,49,49,54,54,51,50,58,51,48,50,60,52,58,54,56,55,53,50,52,55,54,55,47,58,59,121,53,56,49,51,54,57,55,48,56,49,53,50,56,56,54,54,56,42,52,46,54,48,48,53,41,50,48,53,104,55,58,54,53,55,49
36,98,36,27,33,23,17,27,39,32,31,41,37,31,38,36,23,33,32,34,36,35,32,40,33,39,44,28,29,31,36,35,34,29,74,34,34,31,44,35,52,31,33,50,22,31,36,28,35,33,36,20,38,45,32,31,35,31,53,36,35,32,46,33,30,75,28,35,37,35,33,35,27,35,25,32,26,34,60,29,33,32,35,35,31,33,32,53,33,34,35,34,36,29,34,48,34,57,36,34,33,38,35,35,75,74,33,48,50,27,33,37,34,32,27,35,27,32,49,32,39,35,45,33,37,35,134,33,55,40,33,37,55,33,32,49,38,35,33,33,34,15,24,27,40,23,32,35,33,33,38,26,34,31,34,53,34,39,11,33,35,35,30,38,32,31,38,35,29,44,37,46,21,38,41,39,37,55,32,30,31,54,35,35,31,29,59,27,36,35,36,41,40,99,30,32,41,37,10,30,27,36,38,38,36,31,38,33,47,0,35,41,30,22,47,41,36,33,40,29,62,32,35,37,67,22,38,20,40,33,27,35,34,31,37,33,32,33,46,52,34,34,37,38,32,38,89,46,31,28,23,34,33,40,31,2,34,27,31,37,35,36,37,34,33,46,26,46,43,40,23,34,30,57,36,28,31,36,37,35,37,47,43,36,35,34,34,33,36,31,32,36,31,38,22,35,35,34,49,24,32,31,32,32,37,33,38,35,37,34,30,34,39,105,36,37,35,35,31,37,39,35,33,37,33,26,22,37,32,31,32,33,33,33,42,33,33,33,47,33,31,28,94,31,33,39,34,30,35
21,94,40,30,14,10,31,34,31,20,12,45,26,13,39,28,39,30,17,16,19,36,22,30,19,38,43,9,12,16,18,17,9,11,67,22,18,27,49,20,45,21,14,45,21,10,19,7,19,19,19,34,22,49,34,35,18,17,45,22,13,34,42,22,18,63,9,24,27,16,19,22,21,13,35,37,35,16,55,9,18,20,17,18,21,26,33,50,19,11,18,19,14,14,17,40,23,60,20,33,19,40,20,12,65,69,21,49,47,18,25,20,20,22,12,50,14,30,40,21,16,18,41,17,22,18,136,10,53,52,18,24,56,29,22,43,20,18,20,23,13,24,27,16,27,32,5,19,20,5,24,22,8,19,22,48,20,20,32,12,19,19,36,15,22,25,43,19,7,47,16,51,30,40,42,44,15,48,19,9,18,47,20,21,32,38,64,15,19,15,39,44,19,104,11,19,38,57,24,33,28,23,22,40,38,19,25,19,54,35,0,44,29,35,47,29,7,21,17,9,50,24,12,15,90,26,19,30,30,13,29,30,37,5,15,37,29,18,44,46,24,19,16,36,35,32,85,45,31,29,25,23,22,40,17,32,19,29,14,33,34,21,24,21,38,44,31,41,41,43,32,20,22,56,30,21,18,6,26,33,25,54,37,25,32,15,19,4,21,6,11,16,16,19,20,22,18,20,45,34,19,16,20,10,34,11,33,29,9,25,20,35,23,108,16,36,14,16,42,31,29,21,9,21,4,22,28,23,9,6,23,17,17,21,27,22,21,14,41,18,18,21,93,9,22,32,5,32,22
44,105,43,43,40,38,43,43,46,42,40,39,38,44,44,44,10,33,45,39,42,49,45,45,44,48,46,40,42,41,43,42,39,40,74,41,38,46,41,36,48,44,38,46,45,42,42,36,43,41,41,35,41,66,47,47,39,46,38,44,47,44,44,42,35,71,40,34,43,42,43,43,36,45,12,10,11,44,68,39,39,41,42,42,47,48,47,50,43,45,44,41,41,38,41,47,42,56,43,41,43,39,32,43,72,76,42,56,54,37,45,39,39,44,40,52,41,41,36,43,42,40,49,47,43,42,142,38,58,50,42,41,53,41,37,42,45,37,44,37,43,41,45,43,47,44,34,43,43,42,44,37,45,44,36,55,43,43,32,41,47,43,42,45,44,40,47,42,32,58,45,56,35,43,43,34,43,51,42,41,37,51,43,36,41,30,77,37,45,39,44,47,46,105,39,40,41,60,38,46,40,42,44,43,49,44,44,43,50,41,44,0,41,48,45,32,28,46,39,37,59,38,39,40,96,41,36,44,43,38,41,43,22,43,41,22,45,38,40,48,43,44,41,45,34,40,84,42,36,44,38,44,44,46,37,44,44,41,41,48,44,43,50,42,14,53,31,47,35,36,51,45,44,58,42,37,44,38,45,48,46,58,45,44,48,43,42,36,45,36,33,44,39,41,40,43,41,39,38,40,44,36,42,38,36,38,39,46,39,39,43,44,44,103,43,46,39,46,48,44,43,41,39,46,36,40,42,47,37,39,43,37,41,38,42,41,43,44,38,42,41,41,93,38,40,41,35,38,43
29,98,44,35,27,25,38,35,45,23,26,40,29,31,41,30,46,32,28,28,31,39,26,33,27,44,46,27,27,31,26,30,29,30,60,27,29,27,42,26,48,26,29,52,21,28,28,29,28,25,28,36,24,54,38,45,28,26,47,29,28,34,40,26,26,69,27,17,26,28,25,27,30,30,42,41,42,30,67,27,29,21,28,27,23,32,25,56,28,28,22,29,20,21,29,42,30,63,28,30,26,49,32,29,71,76,28,62,55,24,23,32,27,24,30,54,30,32,45,25,30,29,47,28,28,28,147,30,50,53,29,32,62,28,29,41,24,32,29,26,28,30,32,30,23,32,28,31,27,29,31,20,31,28,29,47,19,23,32,30,26,28,41,24,29,33,42,23,24,62,30,46,37,42,50,32,28,41,25,31,29,53,30,26,30,40,68,27,26,25,42,54,30,111,26,28,33,59,26,34,32,29,29,43,39,28,21,26,54,30,29,41,0,28,41,34,29,22,24,29,57,24,26,26,81,34,24,28,26,28,36,28,41,27,30,39,25,18,36,43,33,27,29,21,27,32,100,48,25,29,34,40,14,46,26,35,27,36,21,35,49,25,35,29,33,32,31,39,46,40,30,29,26,47,31,31,28,29,27,34,18,60,31,18,23,26,27,31,29,29,30,24,30,22,28,28,25,28,50,36,32,28,27,29,20,28,34,28,27,29,27,28,23,92,25,47,24,27,37,35,27,25,29,22,28,31,28,29,30,28,28,32,28,27,34,21,23,30,31,28,31,23,81,31,29,32,28,26,30
36,91,42,34,33,30,13,34,37,34,31,38,38,34,39,36,48,33,31,31,32,34,34,41,34,45,47,28,33,33,37,33,34,34,58,32,37,22,42,32,46,34,36,44,24,30,33,32,34,38,31,38,31,37,21,24,37,29,45,40,33,35,39,32,28,63,28,35,24,33,34,32,34,33,36,41,37,37,53,34,34,29,31,33,25,25,20,41,34,28,34,38,35,36,34,45,36,55,36,41,34,35,32,33,65,69,37,48,39,37,36,42,40,32,30,54,23,33,42,33,30,36,41,33,33,37,131,27,55,51,31,42,47,29,37,47,38,35,37,34,36,36,25,30,33,36,33,39,35,36,39,31,35,39,23,54,32,25,33,37,29,34,31,32,35,26,31,25,31,54,35,47,40,38,42,31,33,52,34,34,35,53,36,24,36,28,61,34,33,31,27,42,31,101,33,37,45,54,38,36,35,34,32,47,42,39,34,34,49,22,35,48,28,0,41,35,34,22,30,36,55,29,34,36,91,31,34,5,31,32,31,35,39,32,34,37,34,36,47,44,38,38,31,26,27,38,88,46,30,20,39,29,33,34,41,17,38,31,35,34,33,32,27,34,41,42,30,32,42,45,9,33,32,54,25,37,33,31,22,32,35,57,33,32,34,31,34,30,33,35,35,25,35,29,32,37,34,36,50,38,36,31,31,32,30,33,32,32,39,27,33,31,40,103,28,22,36,35,12,34,32,29,32,34,33,35,32,35,34,27,29,35,31,35,31,35,35,31,43,31,25,24,91,37,36,29,34,33,35
47,98,50,43,47,45,45,44,46,48,48,46,43,39,45,47,46,44,45,42,45,44,46,51,46,54,52,44,47,48,45,46,44,48,67,44,48,38,46,45,42,44,45,49,38,45,47,47,46,49,47,43,49,56,43,37,48,46,48,46,43,40,44,44,38,73,44,49,42,45,47,44,48,47,54,46,54,45,58,41,43,49,43,46,54,46,49,51,42,42,41,42,48,49,47,39,42,65,49,49,46,36,48,44,66,73,47,48,48,47,39,47,47,44,38,54,45,46,51,45,40,42,46,43,44,45,142,50,64,54,43,49,62,41,45,41,47,37,47,48,47,50,49,47,45,51,43,47,49,39,50,38,46,44,45,48,50,43,46,45,47,46,45,45,47,36,41,47,48,57,43,54,56,50,46,47,42,49,45,44,43,49,44,44,56,56,67,46,45,36,49,51,46,103,45,45,57,60,47,51,46,44,51,50,49,44,46,46,48,47,47,45,41,41,0,46,45,43,48,45,56,41,42,41,88,47,42,38,48,39,43,41,47,47,47,45,50,44,48,48,47,47,47,43,45,33,91,53,26,47,45,47,36,51,41,48,47,43,45,49,38,46,29,43,45,48,41,49,42,46,46,47,44,61,43,50,47,44,37,49,38,61,42,45,42,42,46,45,47,44,48,47,45,49,41,47,46,44,51,44,50,43,38,45,39,43,36,48,42,32,43,44,48,98,47,43,48,39,35,44,43,43,46,45,42,48,50,42,46,41,40,42,44,49,41,43,45,45,50,43,41,47,83,41,50,50,45,38,46
39,99,44,38,37,33,35,40,40,41,33,34,45,36,42,39,39,36,37,31,39,38,38,44,40,40,41,37,32,29,36,39,40,38,70,38,42,39,50,35,42,38,38,54,36,33,39,36,40,33,35,40,40,59,31,39,38,37,47,39,40,31,40,37,31,69,37,19,44,34,39,36,37,41,37,35,37,37,73,34,36,37,38,38,38,42,40,48,38,36,41,36,34,34,35,46,36,56,30,35,38,47,37,31,70,72,36,48,51,28,36,35,35,36,33,52,35,28,42,37,34,39,40,37,38,36,135,31,47,50,37,36,58,41,37,45,43,42,40,38,37,34,34,35,21,43,29,41,38,32,39,32,31,35,30,54,40,32,43,28,33,40,42,28,39,44,46,35,34,64,40,48,38,41,45,38,33,42,35,37,43,48,39,28,39,39,70,32,39,33,41,42,37,112,35,39,36,61,35,44,33,40,32,41,42,35,27,37,47,41,29,32,34,35,46,0,38,38,39,37,66,30,34,43,91,36,37,34,43,36,32,33,44,30,32,43,37,19,34,51,37,35,42,23,38,44,96,43,34,25,40,36,24,39,21,43,35,32,32,29,43,40,35,38,35,30,24,40,45,52,43,39,35,46,23,41,36,38,36,28,41,61,31,39,39,33,39,35,39,41,38,43,35,37,39,26,27,36,54,42,35,38,32,34,30,32,38,43,39,36,37,39,37,108,40,44,34,41,40,39,23,34,34,38,37,31,38,42,37,38,39,37,37,35,17,35,38,32,38,37,28,37,88,36,41,46,36,38,40
23,97,40,36,20,10,39,27,36,21,21,40,23,21,45,23,39,15,21,13,23,38,22,32,23,38,42,20,20,24,22,22,19,19,64,20,22,36,40,19,49,21,15,48,26,14,22,9,24,18,18,36,21,59,28,47,18,16,39,23,23,33,41,21,15,62,20,17,31,17,22,22,26,17,36,38,36,18,64,5,23,26,21,21,26,26,33,46,22,11,22,21,7,7,18,43,24,51,21,32,24,43,20,22,64,70,22,51,43,22,28,21,25,20,7,46,17,32,47,23,21,18,39,20,21,22,128,16,53,50,21,26,59,29,24,44,25,19,19,25,14,25,15,26,22,34,4,15,23,17,22,27,16,22,17,55,17,18,36,16,22,24,32,15,21,30,46,20,4,51,25,52,26,26,44,39,20,46,23,11,21,42,22,17,27,35,68,15,24,14,31,37,18,104,8,20,36,55,12,33,26,19,29,39,38,22,18,22,56,36,7,28,29,34,45,38,0,22,19,11,58,22,18,23,88,23,11,29,35,7,37,35,39,11,21,40,27,14,47,49,25,23,18,36,33,37,90,47,30,28,31,37,19,34,19,28,23,37,16,35,40,24,30,20,42,41,32,38,39,40,38,26,21,56,35,17,20,8,22,35,28,59,36,22,30,19,22,6,24,12,11,18,20,22,24,20,21,19,45,32,21,7,21,16,30,21,32,33,15,22,22,32,24,107,24,44,12,22,40,23,17,18,21,21,8,15,28,26,15,7,29,23,15,25,32,21,24,10,45,22,29,22,89,6,27,35,7,32,21
24,101,42,33,21,18,36,29,39,13,18,43,34,22,36,29,44,24,17,19,18,35,21,28,21,45,42,20,20,25,25,18,21,19,62,23,11,30,42,22,42,20,20,50,21,21,23,22,25,24,19,43,17,53,32,41,16,26,44,25,14,34,40,23,27,59,20,23,26,16,22,21,32,18,37,41,38,23,67,26,19,22,22,24,15,19,18,50,23,28,26,21,15,15,17,39,21,61,20,29,25,41,18,22,61,71,24,54,47,25,35,29,23,23,23,54,19,35,45,24,21,19,40,16,22,24,141,14,56,47,23,22,63,34,22,50,21,30,21,25,19,30,25,19,31,28,21,24,23,24,17,25,23,22,33,52,16,25,34,26,22,25,35,27,24,32,39,15,20,63,21,47,35,42,46,43,22,45,22,23,23,51,24,21,31,33,71,20,17,19,35,47,16,108,24,22,43,61,29,30,24,14,22,41,36,22,16,25,48,33,21,46,22,22,43,38,22,0,12,20,53,22,25,23,84,27,21,24,30,24,39,29,39,24,22,39,31,23,43,40,22,25,16,28,27,40,91,43,27,23,34,38,16,44,24,34,26,39,17,33,42,14,33,23,40,31,33,39,42,40,29,26,23,57,40,24,24,22,31,32,29,57,36,10,27,19,25,23,24,21,15,16,25,14,29,22,23,24,43,32,23,26,28,17,28,19,29,20,24,24,22,24,20,110,17,33,21,24,35,33,34,20,17,17,25,28,30,16,22,25,32,24,25,26,39,22,23,22,40,25,34,19,94,24,30,26,26,33,21
18,98,44,35,19,24,35,35,40,15,14,42,32,25,45,32,44,29,19,18,12,45,16,30,17,39,44,12,13,23,18,14,15,18,66,17,11,31,41,21,46,17,12,54,19,16,19,18,17,21,20,35,23,61,38,46,23,30,45,19,10,35,41,17,34,64,13,21,31,14,20,18,28,21,38,39,39,16,68,23,16,28,16,17,23,29,33,55,15,24,10,15,19,18,17,41,17,59,19,32,17,38,24,13,66,78,17,55,55,21,27,31,21,17,22,55,25,40,47,18,23,10,41,15,17,16,143,17,57,52,16,21,64,32,18,52,28,30,14,19,22,32,28,17,31,37,16,20,18,20,21,29,29,20,35,51,7,27,40,21,24,17,39,22,18,31,44,18,14,62,24,46,36,41,47,50,20,44,16,16,22,49,17,25,31,38,71,17,14,25,43,47,6,113,21,22,40,62,34,36,28,16,28,40,37,20,22,17,52,40,17,39,24,30,48,39,19,12,0,18,60,23,15,21,89,31,17,34,36,26,41,34,39,19,13,37,34,19,43,41,30,21,14,32,36,38,94,47,27,34,33,41,24,43,29,38,21,41,27,35,44,18,34,17,42,41,38,38,46,41,35,33,19,51,37,21,18,16,32,39,15,60,36,18,31,14,17,17,18,20,23,26,19,16,30,12,16,15,46,38,23,22,26,12,28,18,31,18,17,29,18,26,14,101,19,47,21,20,40,29,27,15,19,9,18,23,32,26,18,21,28,18,18,20,41,16,17,21,42,17,36,17,91,24,27,20,18,32,18
17,99,42,32,17,10,38,32,31,22,9,45,27,19,43,25,35,26,17,17,13,37,13,33,13,37,43,6,18,25,18,16,5,14,67,15,19,37,46,2,46,15,10,47,24,16,15,1,16,16,17,41,24,56,33,45,20,23,50,16,20,35,44,15,29,64,6,24,30,16,17,16,28,18,31,33,31,11,60,14,16,25,15,16,25,19,33,50,14,15,14,16,23,21,14,41,15,62,15,29,16,39,21,15,70,74,17,45,47,14,28,24,16,16,22,43,24,32,46,15,17,14,45,15,14,13,127,20,52,53,14,21,59,32,18,44,24,24,14,18,16,23,29,17,26,34,9,13,16,15,25,30,21,13,24,52,24,25,37,6,24,16,31,12,13,27,43,14,11,55,21,49,28,35,48,45,15,48,15,6,12,49,16,18,27,42,68,6,13,22,35,45,12,103,10,14,36,59,23,31,34,17,26,37,36,13,24,16,53,29,9,37,29,36,45,37,11,20,18,0,57,24,9,18,91,23,20,32,37,16,35,33,43,15,14,41,26,23,42,46,22,17,20,36,32,34,93,43,31,30,30,36,25,35,27,27,17,35,22,39,41,17,34,15,41,40,35,43,40,43,34,28,16,58,35,18,17,4,29,39,30,53,38,26,30,15,16,7,17,14,18,23,10,15,24,18,16,16,40,36,17,15,27,17,33,7,32,29,16,23,13,32,21,111,20,46,6,17,43,34,30,14,19,15,5,10,25,24,6,13,26,18,5,19,38,16,16,9,43,14,26,25,94,10,27,33,15,28,14
58,95,61,57,51,54,59,59,62,51,59,60,55,52,58,60,58,56,51,58,53,61,55,59,56,62,54,56,55,58,53,54,57,59,70,56,61,53,55,58,59,58,57,52,54,57,56,58,56,55,55,59,57,62,60,57,55,55,55,57,55,51,54,57,55,65,56,60,61,56,56,56,53,54,61,59,61,58,69,49,53,56,54,55,58,53,57,54,55,50,52,55,53,52,55,64,54,61,55,55,56,61,55,52,77,81,57,60,51,58,57,60,58,55,50,66,49,56,51,56,56,57,62,56,58,57,142,55,57,58,55,63,60,57,58,52,54,55,57,57,56,58,54,55,58,59,56,59,57,54,55,57,56,58,54,46,59,55,50,57,48,56,56,58,56,51,55,54,57,62,54,50,60,58,48,51,51,62,56,59,55,52,57,57,60,55,75,56,55,52,55,60,59,117,59,54,61,66,60,61,54,58,57,59,50,58,60,56,69,62,50,59,57,55,56,66,58,53,60,57,0,53,60,58,91,60,55,55,58,50,53,55,61,54,59,62,61,62,58,55,61,58,56,56,60,58,92,63,61,59,57,58,59,63,55,60,58,53,53,62,51,58,60,58,54,63,62,53,56,56,59,52,55,61,55,56,57,60,47,61,48,60,63,53,57,50,56,60,56,60,61,52,58,59,58,55,54,58,55,61,58,58,54,56,55,56,53,63,52,55,56,56,64,98,53,57,60,56,61,60,50,57,53,59,54,60,60,58,56,57,52,54,59,59,65,57,55,56,56,57,55,60,55,51,55,61,58,58,58
29,100,43,34,22,12,29,32,39,28,23,34,32,28,37,25,40,23,23,23,24,37,24,33,25,41,48,18,12,22,27,22,29,24,59,26,30,23,40,28,49,25,26,48,24,24,24,26,28,25,24,35,26,51,23,41,24,19,44,30,28,31,45,25,27,70,19,27,28,29,25,27,29,25,38,40,38,25,62,27,31,24,24,29,21,18,23,40,26,30,25,22,15,15,26,42,26,57,24,29,27,41,19,26,72,75,25,54,48,30,25,27,29,21,23,53,20,29,41,26,15,27,42,26,25,25,134,27,58,50,25,32,57,23,28,49,27,26,28,26,21,27,20,26,36,32,30,29,28,28,22,15,21,26,26,53,24,9,35,25,20,28,33,28,27,30,38,18,22,55,28,49,33,39,49,42,22,50,26,31,28,46,28,18,22,42,67,25,27,31,31,34,27,104,28,27,40,51,27,27,25,24,27,43,37,26,32,27,53,32,24,38,24,29,41,30,22,22,23,24,53,0,24,28,73,34,26,18,36,25,35,29,26,19,23,32,27,28,44,45,30,28,25,31,30,32,88,42,20,21,24,37,26,41,20,30,28,35,22,35,43,24,30,27,32,40,25,39,45,38,28,31,27,55,37,25,25,21,15,35,24,57,33,20,30,30,27,26,29,22,25,19,27,28,27,27,29,26,49,34,32,26,9,10,21,17,29,25,28,24,28,27,36,108,27,31,26,27,33,25,36,25,20,22,29,24,25,31,18,22,30,28,27,28,40,27,27,23,40,27,28,12,89,24,24,33,24,28,30
16,101,39,35,13,22,33,30,36,23,8,45,32,22,41,25,39,23,15,21,14,37,11,33,7,40,43,3,7,20,14,20,3,18,72,14,19,33,46,11,47,15,2,54,25,4,17,16,16,10,18,35,26,55,35,40,27,24,47,18,22,36,48,13,30,66,2,20,30,16,6,15,29,19,35,39,35,13,63,20,18,26,16,16,25,23,34,52,14,20,15,12,20,20,16,32,16,63,17,30,15,44,24,18,67,74,11,53,51,14,34,25,15,11,19,50,24,30,48,14,17,9,40,15,16,11,140,25,50,53,14,24,62,37,13,48,29,28,15,13,13,32,27,17,28,30,18,10,16,20,28,30,23,15,31,58,23,30,38,12,24,16,39,17,14,33,45,14,17,57,19,51,34,39,48,46,15,48,14,15,15,50,12,26,31,39,70,15,12,23,40,49,15,106,9,14,36,60,32,36,29,10,25,39,36,15,23,15,52,35,12,39,26,34,42,34,18,25,15,9,60,24,0,18,92,32,17,33,34,20,38,34,36,12,9,36,28,23,43,46,22,15,18,37,36,43,90,44,28,33,29,40,25,39,17,34,15,38,18,37,42,12,38,15,43,39,32,38,41,38,36,31,13,58,36,18,13,12,33,37,25,58,36,26,33,15,15,17,14,14,24,17,13,15,28,13,19,19,48,35,24,18,30,21,36,9,28,29,17,24,13,35,21,106,21,41,12,20,37,34,31,18,21,10,11,18,26,22,18,20,25,15,11,20,42,15,11,17,45,14,25,26,89,18,29,34,18,33,17
21,96,42,34,18,21,35,33,43,20,18,48,35,17,40,31,41,23,17,21,21,39,24,31,22,37,40,21,20,28,17,18,18,20,67,21,16,36,48,16,46,20,20,49,26,13,19,19,21,21,15,38,22,57,37,42,22,25,47,23,16,40,48,21,25,71,21,22,34,19,22,21,29,19,37,39,37,21,60,12,18,30,20,20,29,24,39,53,19,20,18,18,20,25,20,42,19,64,22,33,21,41,21,22,73,75,19,51,48,19,29,30,23,20,20,51,26,31,48,21,20,19,40,22,21,22,134,18,58,55,20,24,62,34,22,48,23,30,20,22,17,33,30,18,34,39,19,21,22,16,21,31,25,20,27,56,25,32,33,18,23,21,40,14,21,27,49,19,17,58,21,51,36,42,44,45,18,50,18,18,17,54,21,29,32,41,70,18,19,20,42,49,19,107,20,18,39,61,33,31,31,20,31,40,37,20,24,21,55,37,15,40,26,36,41,43,23,23,21,18,58,28,18,0,95,31,22,38,32,18,35,37,44,18,18,38,32,24,42,52,18,22,20,36,35,42,96,44,31,36,29,39,23,42,27,35,22,35,22,36,41,22,38,21,44,45,36,36,46,44,31,28,22,61,35,20,20,21,28,36,28,59,43,22,31,21,21,20,19,19,20,23,23,22,28,21,21,24,48,36,21,20,29,20,29,19,36,28,17,21,21,35,21,105,18,41,21,19,42,35,28,20,22,22,20,20,31,23,18,19,23,17,21,23,44,20,20,20,41,19,24,27,94,17,29,35,20,30,19
92,109,89,85,88,75,82,81,92,90,90,85,88,92,79,77,90,91,86,86,90,90,91,89,91,96,97,85,83,89,91,88,83,91,81,91,93,84,70,91,99,90,85,89,91,84,87,88,93,91,90,75,84,85,86,82,90,90,92,94,86,85,83,90,90,95,86,93,94,85,91,90,84,90,87,91,87,90,79,91,90,83,86,92,89,84,75,86,93,91,88,87,88,88,86,90,90,84,88,86,91,88,90,91,99,65,87,95,75,89,91,86,94,86,89,101,77,88,87,91,85,88,93,88,91,88,126,81,88,89,88,97,85,89,93,86,84,81,93,91,86,92,89,86,94,86,92,90,92,89,89,89,90,94,83,88,89,86,92,89,86,93,89,86,92,88,91,85,88,81,90,94,85,78,77,85,88,90,92,89,89,88,93,89,90,85,87,93,90,93,76,78,89,103,93,91,89,86,95,78,91,90,85,97,97,94,90,91,96,67,90,96,81,91,88,91,88,84,89,91,91,73,92,95,0,93,96,83,96,89,87,86,83,92,84,88,89,96,99,93,95,94,96,87,93,97,100,97,78,92,80,82,94,94,92,94,94,87,90,94,91,92,93,91,94,99,96,94,77,78,87,89,91,98,92,89,90,84,84,93,93,89,93,93,94,89,92,84,92,89,93,88,87,93,74,91,94,91,97,89,92,85,77,82,95,89,93,99,91,93,90,79,99,110,90,76,86,90,86,84,93,90,87,92,85,86,72,93,94,88,91,90,87,89,80,88,90,93,102,88,88,76,103,94,87,99,89,70,93
32,98,39,31,32,26,28,28,35,29,28,38,32,24,41,16,41,27,32,27,29,39,28,36,31,46,49,27,29,23,33,32,26,29,71,30,35,37,50,23,54,30,29,49,35,33,30,24,31,30,31,31,30,55,35,45,33,30,51,32,34,36,45,30,27,74,27,35,34,30,30,31,24,28,29,31,29,28,62,28,30,32,30,31,32,34,30,52,29,31,29,31,25,30,29,43,30,64,32,21,31,43,33,33,73,72,31,41,45,33,37,25,32,27,30,31,27,36,48,30,34,31,51,27,29,27,131,30,54,42,29,33,55,38,32,48,33,12,29,31,33,1,29,29,26,28,27,29,31,27,32,27,24,29,31,57,29,27,21,24,29,31,32,24,28,28,45,31,24,54,34,47,32,31,49,42,29,53,30,23,31,54,31,30,25,38,67,21,32,26,31,35,29,107,30,27,41,55,1,27,36,32,28,40,41,29,33,31,58,22,26,41,34,31,47,36,23,27,31,23,60,34,32,31,93,0,32,27,40,32,29,32,45,30,31,39,34,32,51,53,34,32,33,40,37,38,97,49,38,30,30,34,34,42,34,4,32,29,33,41,47,32,34,30,33,43,29,45,42,37,21,27,31,59,35,29,32,23,31,41,34,59,41,25,36,33,31,24,32,28,26,32,29,31,17,29,32,32,44,39,20,28,29,29,32,24,28,29,29,32,28,33,30,107,32,47,31,35,41,35,26,32,33,32,28,29,30,27,27,26,24,33,28,32,41,31,31,26,48,29,32,32,94,34,28,38,27,28,29
23,97,45,32,18,14,31,33,43,23,18,42,32,12,43,33,43,26,18,10,15,41,25,31,21,41,44,17,16,22,23,21,18,17,69,20,17,32,45,18,50,18,12,49,18,13,23,23,22,22,17,39,25,59,36,44,19,23,41,24,22,31,43,20,22,62,17,21,31,23,20,22,28,19,34,41,34,18,68,16,20,26,20,23,23,19,29,47,20,16,21,24,16,16,17,41,23,61,22,27,22,37,15,17,62,77,21,50,46,24,27,30,24,20,11,48,20,29,45,21,17,18,42,21,20,21,137,8,57,54,21,25,60,32,19,51,24,27,18,23,18,32,28,20,27,34,20,20,23,17,26,31,19,23,32,59,23,30,39,24,22,22,41,21,21,25,40,14,16,57,19,50,34,41,47,43,18,50,20,21,20,50,22,21,31,36,67,21,25,14,44,44,18,105,23,22,40,58,29,31,27,21,24,42,42,23,22,22,56,38,19,36,24,34,42,37,11,21,17,20,55,26,17,22,96,32,0,32,36,14,37,34,41,18,19,39,20,22,43,47,28,22,21,34,33,40,92,45,22,27,31,37,21,41,16,37,23,37,13,41,41,25,36,20,37,43,34,43,39,45,40,28,21,57,36,23,21,22,33,41,32,60,31,26,30,21,22,18,21,21,21,20,23,16,24,19,19,21,47,34,21,18,21,14,29,14,29,25,21,11,21,26,17,111,21,46,25,25,43,28,33,24,17,20,20,19,24,16,16,18,24,23,18,22,39,20,20,17,47,22,26,23,96,10,28,27,18,33,21
34,100,38,36,33,26,16,34,41,41,32,40,33,27,40,35,41,29,33,34,26,35,33,37,33,44,43,30,24,30,32,27,30,28,61,32,37,15,43,31,47,32,32,47,22,26,31,25,34,33,29,41,34,41,20,30,37,34,44,36,35,34,45,31,30,61,29,31,21,34,33,31,30,34,41,45,41,30,53,25,34,26,35,32,24,26,24,45,31,29,34,32,34,33,28,46,31,60,34,34,33,38,32,33,63,68,34,47,43,31,28,25,35,27,31,51,20,36,45,32,28,33,38,30,32,34,131,19,59,56,30,39,53,29,34,44,36,32,30,31,29,34,31,28,24,33,35,33,32,32,37,18,27,34,21,55,28,26,36,35,31,34,29,34,31,35,38,25,30,52,34,49,35,41,50,34,27,53,33,31,35,51,34,27,37,31,62,28,32,24,35,38,28,101,35,34,36,49,34,35,31,33,21,40,40,34,26,33,54,20,30,44,28,5,38,34,29,24,34,32,55,18,33,38,83,27,32,0,32,29,26,29,38,26,31,38,29,30,42,54,36,35,31,26,26,30,86,43,21,14,34,33,32,45,31,20,35,26,28,40,33,34,28,33,41,41,26,37,44,44,9,36,31,56,31,32,32,32,25,36,35,58,46,26,39,29,33,31,33,27,32,25,33,25,31,35,33,37,51,39,31,31,20,25,26,32,37,30,33,32,32,29,38,111,29,22,31,34,14,28,28,32,30,31,30,28,29,32,33,35,35,34,28,38,34,32,31,30,42,30,26,28,91,27,33,26,28,31,33
36,98,40,36,31,36,39,37,41,34,37,43,38,30,40,37,42,40,29,38,32,44,36,39,32,40,48,37,37,40,29,35,38,37,67,34,37,31,50,36,45,36,34,46,39,35,34,35,35,39,36,41,31,54,27,43,37,43,49,39,34,34,47,34,35,62,37,36,29,32,32,34,25,42,39,41,39,36,71,31,34,39,33,33,32,30,28,52,33,33,30,34,41,40,34,39,30,64,35,44,35,39,39,36,62,73,33,54,50,36,30,42,39,35,34,60,38,30,41,34,32,32,50,36,33,36,144,37,60,60,36,40,63,37,36,43,32,41,35,37,38,35,36,33,38,35,34,32,36,34,33,31,38,36,37,57,35,36,41,38,29,35,38,40,32,37,50,28,31,63,37,56,39,41,48,48,30,55,34,35,33,56,35,41,40,40,73,31,30,37,37,46,38,106,35,35,43,55,35,34,31,31,35,48,44,36,40,35,52,40,30,43,26,31,48,43,35,30,36,37,58,36,34,32,96,40,36,32,0,38,39,36,45,42,39,45,43,34,47,49,42,34,34,40,33,37,99,44,30,33,40,43,37,44,35,39,34,39,37,34,51,35,40,34,40,48,29,40,45,48,38,37,35,63,38,40,36,38,31,37,35,62,41,36,36,33,35,37,35,39,40,30,36,34,38,33,36,31,48,35,41,39,40,39,34,38,39,39,36,42,35,38,38,111,32,48,40,30,43,41,39,35,39,38,40,37,40,40,39,36,42,36,39,38,37,35,38,41,44,34,39,34,92,40,39,43,42,36,32
23,101,41,34,17,8,29,34,34,20,21,45,34,7,31,27,44,19,23,10,20,40,22,29,17,40,45,8,11,27,23,21,21,22,65,21,20,30,50,20,37,22,12,48,10,7,17,22,25,19,23,39,27,56,20,37,20,28,41,21,20,35,46,21,24,65,7,20,30,22,21,23,15,17,40,42,40,22,58,1,22,29,23,21,24,17,33,48,25,1,23,22,19,25,19,37,22,61,27,32,22,39,21,17,67,67,22,43,46,18,24,23,25,24,6,46,15,33,51,21,10,18,43,17,23,23,134,10,58,54,22,26,60,33,26,51,23,31,26,25,11,34,27,19,24,37,8,21,23,9,21,18,21,24,14,57,31,17,38,13,22,25,30,9,24,23,45,23,9,55,5,53,35,36,42,45,18,53,23,11,24,51,25,18,32,36,62,14,21,9,37,49,21,102,15,21,37,55,32,34,35,26,29,41,39,24,21,22,55,33,13,38,28,32,39,36,7,24,26,16,50,25,20,18,89,32,14,29,38,0,25,32,46,10,19,39,29,18,45,45,17,23,23,35,32,30,91,48,32,25,32,37,24,40,13,31,23,25,14,34,32,24,26,22,42,45,35,43,45,44,32,25,25,58,26,26,23,14,18,36,22,58,35,27,34,19,24,16,24,5,10,16,21,23,21,22,22,26,44,32,20,15,30,8,26,6,32,28,8,9,24,35,23,112,20,48,12,16,42,33,18,25,13,18,15,17,31,17,5,21,17,18,15,23,41,23,23,9,43,23,14,20,92,10,21,34,12,31,19
38,102,37,30,36,37,37,30,30,36,35,32,36,25,29,35,25,33,37,37,39,39,36,38,39,37,39,34,33,33,39,38,32,35,67,39,39,33,45,35,52,35,39,44,29,35,35,32,40,31,39,37,38,57,40,30,32,37,49,37,34,39,43,35,33,71,34,34,32,37,39,38,34,36,26,25,26,37,54,29,38,38,36,37,40,30,38,53,37,27,37,36,20,27,35,43,39,57,39,26,35,37,34,34,74,66,39,47,52,31,32,33,38,37,27,34,36,34,43,34,31,39,46,34,38,39,132,32,58,49,37,39,51,28,37,50,40,33,41,38,26,21,35,35,34,25,37,38,36,25,35,30,31,38,24,57,41,31,31,32,30,40,33,33,40,22,45,40,30,56,26,48,17,32,37,42,34,56,35,34,39,52,38,37,29,36,67,27,38,27,33,44,36,103,31,38,27,52,22,35,31,37,37,41,40,38,38,35,51,27,29,41,36,31,43,32,37,39,41,35,53,35,38,35,87,29,37,26,39,25,0,34,34,30,31,37,36,30,41,51,39,39,40,33,39,35,90,48,31,31,17,30,31,40,27,31,39,0,29,42,30,37,29,38,27,38,30,45,42,43,38,30,35,59,23,39,38,34,29,40,40,58,37,38,41,36,36,36,37,30,32,35,33,38,28,33,35,40,48,33,32,32,40,35,25,34,32,40,28,31,35,35,40,105,32,45,33,29,40,31,26,38,32,33,31,24,36,34,33,36,24,33,33,37,39,36,34,36,42,40,24,28,87,27,38,38,28,27,37
34,95,46,26,34,34,32,36,41,32,32,38,32,29,43,37,44,34,30,35,34,39,33,34,32,39,47,31,33,35,35,30,32,34,63,31,32,31,44,31,45,31,35,39,26,33,31,34,33,33,32,31,17,58,34,38,27,34,40,34,33,31,40,31,36,70,31,39,33,29,32,31,31,28,40,44,40,34,69,32,31,32,30,32,36,38,29,50,32,31,30,33,30,27,34,41,32,57,34,36,33,41,30,32,71,79,32,57,48,34,27,36,37,31,26,55,35,30,39,32,32,35,38,32,33,32,142,30,54,46,31,37,52,32,32,40,34,32,34,35,33,36,33,31,31,42,35,38,34,30,30,28,32,34,38,46,33,31,28,36,29,33,33,35,30,30,39,34,33,64,32,41,35,40,50,40,34,47,33,33,30,41,32,35,29,35,70,33,35,36,34,50,33,110,30,31,34,66,31,34,28,33,36,38,38,34,36,33,52,35,30,43,28,35,41,33,35,29,34,33,55,29,34,37,86,32,34,29,36,32,34,0,42,34,32,40,38,39,45,39,31,34,28,23,30,34,91,45,29,28,28,33,36,41,33,30,34,32,31,30,41,33,34,31,41,37,32,32,41,38,37,29,31,52,33,35,30,34,32,32,34,54,27,32,32,33,33,35,30,34,35,23,32,35,33,36,35,31,51,37,37,30,30,36,31,35,29,37,34,29,30,36,40,111,28,38,33,31,23,34,34,29,26,33,35,34,35,27,33,33,30,37,34,36,29,32,34,34,39,30,34,30,92,28,33,28,35,35,35
42,96,41,34,42,36,37,39,41,38,38,51,37,39,50,38,19,35,42,42,38,44,40,40,38,50,44,35,40,40,40,42,37,42,70,41,41,41,38,36,48,41,39,47,39,40,39,39,43,36,37,33,40,63,40,45,35,31,46,45,45,31,37,41,43,72,35,46,35,42,38,38,37,38,17,21,18,38,62,43,42,38,38,41,29,39,42,57,37,39,45,39,43,41,40,47,39,59,37,41,43,40,32,39,70,80,41,46,51,39,36,35,44,42,41,44,37,45,42,42,30,40,51,41,39,39,138,36,57,49,38,46,59,39,44,46,43,38,39,41,39,20,37,38,43,35,37,38,42,38,42,30,39,43,34,52,39,32,40,41,37,43,44,40,42,37,36,42,36,64,45,44,40,43,45,38,42,55,42,36,40,55,40,36,41,43,69,37,39,38,38,41,33,114,35,41,46,64,20,39,34,42,40,49,46,43,41,43,47,34,37,22,41,39,47,44,39,39,39,43,61,26,36,44,83,45,41,38,45,46,34,42,0,38,35,2,43,41,45,54,46,39,37,33,38,41,89,51,30,22,39,27,40,36,43,10,39,32,43,40,32,42,39,40,34,49,37,40,31,34,33,40,40,58,35,34,41,33,36,40,43,53,37,38,42,37,43,32,42,38,37,33,37,35,32,40,37,39,46,28,29,34,33,33,29,38,28,32,34,32,42,38,40,100,34,45,39,37,40,31,31,39,32,37,37,44,40,40,37,37,40,40,34,42,34,38,42,41,47,39,42,34,80,33,30,41,41,35,40
19,100,39,32,16,16,32,33,32,18,10,40,25,10,37,26,39,28,19,17,17,32,17,34,21,40,45,14,15,22,19,17,13,12,64,19,24,33,44,12,48,15,14,50,24,12,19,6,18,14,16,37,25,60,22,36,24,21,49,18,18,35,46,15,12,66,14,23,36,18,21,18,30,14,37,39,37,17,59,20,18,25,16,16,21,25,35,48,16,6,18,16,9,9,16,43,16,58,21,22,17,38,22,18,70,77,15,48,45,5,31,18,18,15,11,42,21,30,45,18,15,17,42,16,18,16,129,12,56,53,17,23,59,34,16,48,25,24,17,19,10,23,27,17,28,32,5,15,18,11,26,31,11,19,20,55,21,15,34,6,25,18,27,12,19,30,47,17,9,57,23,51,27,38,46,43,15,48,16,7,8,50,18,22,30,38,71,6,19,11,38,46,16,104,5,16,32,60,26,33,32,17,26,34,38,19,28,17,51,31,5,43,27,32,47,30,11,24,19,15,54,19,12,18,92,30,18,26,42,10,30,34,38,0,12,40,18,23,41,50,18,16,16,33,32,38,87,42,25,26,22,38,27,38,17,31,16,31,7,40,41,19,36,19,36,44,33,44,37,42,32,26,16,57,29,21,16,4,30,40,29,53,37,23,37,15,17,8,19,6,13,20,12,20,20,20,18,17,44,34,20,14,25,15,26,4,32,26,15,11,18,32,20,105,17,43,15,17,40,36,24,14,17,13,2,14,28,25,1,13,25,18,5,19,27,15,17,1,42,18,18,16,90,16,26,34,4,30,18
17,98,40,29,15,11,35,31,35,22,3,45,31,20,37,29,35,19,13,7,18,38,16,33,14,42,42,1,9,14,15,13,4,15,70,15,22,36,47,16,47,14,5,53,24,3,16,14,16,12,18,36,23,56,39,43,17,22,46,19,15,32,39,15,23,65,2,25,39,14,14,14,30,16,31,33,31,15,62,19,16,22,12,14,24,30,26,49,14,22,17,15,12,17,14,39,13,61,16,25,16,39,20,15,70,74,14,53,48,14,36,24,17,15,19,51,18,33,46,17,24,8,42,18,15,15,139,9,54,51,15,26,57,36,17,47,25,20,14,19,15,30,30,17,32,34,19,20,17,20,26,31,24,15,35,56,21,28,31,15,19,18,33,19,17,30,42,14,15,53,22,49,32,39,45,42,18,48,15,14,10,49,17,14,25,40,66,20,17,23,35,43,15,104,14,13,39,60,31,28,33,16,24,40,39,15,24,17,52,37,15,41,30,34,47,32,21,22,13,14,59,23,9,18,84,31,19,31,39,19,31,32,35,12,0,35,29,18,42,43,22,18,15,32,31,42,90,46,27,31,19,36,20,40,17,35,18,35,14,40,41,16,34,13,36,42,35,39,41,34,31,28,17,51,33,21,15,3,29,40,23,55,36,24,34,14,17,13,15,18,15,17,10,16,20,15,17,17,45,34,23,18,17,8,32,9,30,28,17,27,15,28,24,108,14,42,6,20,37,31,27,15,19,12,3,14,27,18,5,12,27,19,8,18,36,16,15,20,43,15,24,18,91,16,25,29,11,23,17
40,100,42,41,41,35,39,34,40,32,36,42,37,39,51,36,38,33,38,38,36,39,38,39,37,40,44,38,39,34,38,41,37,41,65,39,41,36,43,37,52,39,37,52,41,38,37,37,41,42,38,33,40,61,46,44,34,41,45,40,40,32,37,39,40,71,38,39,41,41,37,36,36,38,16,14,16,36,64,33,41,40,36,39,34,34,37,58,35,39,39,37,42,43,39,41,37,59,38,36,41,29,34,36,73,75,39,46,59,37,39,39,40,40,40,47,34,41,54,40,29,38,49,43,37,37,140,37,55,42,36,44,60,28,42,52,43,32,37,39,30,14,36,39,39,39,36,35,40,38,45,35,38,41,32,55,35,28,28,39,39,41,39,38,40,36,46,39,37,64,43,53,43,46,41,48,40,55,40,34,39,42,38,43,39,37,72,40,36,35,41,41,35,107,33,40,45,60,35,42,39,40,40,44,46,41,41,41,57,33,37,22,39,37,45,43,40,39,37,41,62,32,36,38,88,39,39,38,45,39,37,40,2,40,35,0,40,43,44,49,43,37,37,38,42,40,89,47,36,33,34,38,37,35,43,27,37,28,41,40,33,40,37,38,44,41,35,42,42,38,34,38,38,58,32,38,40,31,32,40,42,57,36,40,40,38,41,36,40,38,35,35,37,37,33,41,39,37,46,31,37,36,35,37,25,26,27,30,32,29,40,33,43,92,37,48,37,37,41,35,27,38,37,35,29,43,40,38,31,35,35,38,32,40,35,36,40,39,46,37,35,38,85,39,38,39,39,30,38
29,105,45,37,31,32,38,36,40,31,27,46,41,27,44,31,38,28,33,28,31,41,30,36,29,41,44,29,26,18,33,34,28,27,74,30,33,38,53,29,54,31,27,51,26,28,30,23,31,15,33,40,31,58,36,42,29,25,52,33,31,38,49,29,32,68,29,34,33,31,29,31,28,32,38,39,38,27,63,29,31,27,32,30,28,27,31,57,33,25,31,32,29,32,30,45,33,62,32,35,29,42,26,33,67,79,31,57,52,26,36,24,29,31,27,51,32,31,51,29,29,29,35,32,27,31,140,25,60,56,32,24,65,39,29,51,32,28,32,29,31,31,33,34,32,33,24,32,29,25,34,23,24,29,29,60,30,28,39,24,29,31,36,10,31,31,50,33,25,63,33,56,30,43,53,50,33,57,29,19,29,51,33,30,34,42,77,26,33,25,43,49,31,107,20,33,34,65,30,35,39,32,29,36,38,29,30,29,49,32,29,45,25,34,50,37,27,31,34,26,61,27,28,32,89,34,20,29,43,29,36,38,43,18,29,40,0,31,40,53,27,29,34,34,33,47,98,44,28,29,33,41,35,40,19,40,29,32,10,42,43,32,43,30,47,34,36,44,40,42,40,33,29,61,36,26,30,27,31,42,32,58,42,31,38,32,30,30,31,25,25,29,32,30,35,33,32,32,49,39,22,22,29,29,27,24,20,29,28,26,29,39,33,111,32,45,23,30,40,35,32,33,35,31,26,21,29,30,26,25,31,28,24,29,36,30,29,16,39,32,23,24,94,31,28,36,25,30,27
22,97,43,36,18,22,38,35,41,20,20,32,37,16,38,33,42,21,20,19,25,42,20,31,25,41,43,25,23,30,19,23,25,25,69,18,22,33,50,18,38,15,17,51,22,22,20,22,19,21,15,38,23,59,36,43,25,28,47,18,20,36,38,17,23,70,25,0,36,17,21,19,32,22,38,40,38,21,70,17,18,25,19,19,24,31,35,52,21,19,25,19,20,19,19,44,19,55,13,31,17,45,26,14,72,74,17,49,51,23,35,21,16,17,17,55,25,35,45,16,25,15,41,19,22,18,139,24,45,51,18,23,62,31,17,46,27,33,20,18,23,32,31,19,19,32,15,25,18,17,23,28,28,15,27,55,14,25,35,23,25,19,40,23,20,33,41,13,14,63,27,48,31,43,43,42,20,38,16,23,22,47,21,20,30,38,67,25,19,18,38,44,15,103,24,21,37,60,30,36,32,21,31,43,42,15,8,17,54,33,18,38,18,36,44,19,14,23,19,23,62,28,23,24,96,32,22,30,34,18,30,39,41,23,18,43,31,0,39,44,26,16,25,17,30,41,94,40,23,33,34,39,9,40,29,37,17,34,17,27,45,19,36,21,42,22,33,39,45,43,33,29,16,44,27,26,19,23,34,26,28,63,29,14,27,19,18,17,20,19,15,20,21,15,28,6,10,17,49,39,30,15,27,23,24,22,34,22,22,25,18,30,18,109,15,47,23,24,44,34,19,13,21,22,23,18,32,29,21,22,29,17,20,19,29,18,17,19,32,22,27,18,90,18,30,34,22,34,23
43,107,42,48,39,43,39,43,46,45,44,52,45,44,50,45,32,41,38,42,43,44,39,49,41,8,12,42,42,42,38,36,42,44,78,43,37,48,54,44,50,41,42,53,48,45,43,40,42,42,40,49,42,67,44,45,43,47,54,42,42,44,50,42,47,72,42,39,49,39,40,42,45,45,44,33,44,44,73,45,42,47,41,40,49,47,46,58,39,45,39,38,40,37,39,50,38,68,43,46,40,47,43,40,74,85,41,58,59,41,47,38,40,42,46,56,45,34,50,41,47,40,16,40,44,40,149,43,65,58,39,34,68,42,39,52,44,48,44,39,44,49,49,45,48,45,44,49,40,45,46,45,48,40,43,56,43,45,40,43,40,42,45,44,41,42,55,39,44,70,47,51,43,46,57,57,39,56,41,41,43,53,41,47,46,44,80,42,39,46,48,47,41,117,44,41,40,68,50,48,42,39,46,22,15,40,44,40,34,46,44,40,36,47,48,34,47,43,43,42,58,44,43,42,99,51,43,42,47,45,41,45,45,41,42,44,40,39,0,48,34,40,45,42,38,41,101,6,42,45,46,43,43,43,41,48,39,43,43,49,46,41,42,43,46,48,48,43,54,46,42,41,39,64,44,45,40,42,42,49,42,57,47,48,44,39,41,42,42,44,46,44,43,42,46,44,41,41,48,45,46,42,43,44,46,46,46,46,45,46,40,47,48,113,37,51,43,42,49,45,47,40,45,44,45,41,48,46,47,45,46,40,41,37,47,40,39,45,9,37,42,41,104,44,48,42,39,49,45
46,91,45,46,41,43,46,57,51,40,48,39,48,47,51,50,52,41,38,44,46,51,45,38,46,50,54,43,43,50,47,39,47,49,67,43,37,41,51,48,47,46,42,60,43,42,42,49,44,50,42,50,45,64,51,48,45,46,53,50,50,43,42,43,46,69,42,44,46,44,45,43,42,45,55,55,55,49,59,46,45,44,47,43,49,45,46,51,47,47,35,42,38,46,42,57,48,62,42,49,44,50,44,37,66,80,47,45,47,51,37,53,50,46,46,53,47,52,44,43,40,42,46,46,45,46,138,45,64,57,44,53,60,41,48,48,46,52,45,47,47,49,47,44,48,58,48,53,45,44,39,45,43,49,48,56,46,47,48,49,46,44,53,50,46,50,43,44,48,54,48,57,57,57,49,49,40,52,45,51,45,50,47,40,56,49,69,48,46,46,53,43,46,107,50,45,55,52,56,46,34,44,49,49,53,49,42,44,54,52,46,48,43,44,48,51,49,40,41,46,55,45,46,52,93,53,47,54,49,45,51,39,54,50,43,49,53,44,48,0,45,50,42,41,46,43,90,50,52,52,53,50,40,53,49,50,50,51,49,42,48,49,41,42,47,55,58,25,58,49,53,51,48,67,44,52,44,49,39,39,30,64,60,49,18,48,44,51,46,50,51,39,50,45,53,47,43,48,56,52,54,49,51,52,44,50,50,48,48,48,46,50,55,104,37,50,51,33,46,47,46,42,40,44,50,48,57,43,47,48,50,44,50,46,50,47,44,50,41,43,48,52,95,50,51,35,47,53,47
25,99,46,38,27,25,42,35,41,18,21,49,39,25,45,35,38,29,29,22,30,44,15,37,24,33,34,22,23,28,29,30,21,27,72,26,21,40,54,22,53,27,20,55,26,21,27,21,27,17,29,41,24,61,37,47,22,26,51,29,27,33,47,25,31,70,22,26,41,30,25,27,33,23,35,36,35,21,68,17,29,31,28,26,30,29,37,56,29,17,30,24,27,25,28,44,29,64,28,32,25,48,22,27,72,77,20,59,53,20,37,20,20,24,23,53,26,24,50,24,26,15,35,24,26,21,142,23,60,56,28,16,64,39,17,51,19,28,26,19,24,32,38,22,35,34,22,22,25,25,15,33,29,18,29,61,19,28,37,22,27,27,41,16,27,36,48,14,23,62,22,52,40,43,51,49,20,51,23,23,22,54,29,28,37,42,72,23,23,24,45,50,28,109,19,21,29,64,33,34,36,17,34,33,31,18,26,24,39,34,24,43,33,38,47,37,25,22,30,22,61,30,22,18,95,34,28,36,42,17,39,31,46,18,22,43,27,26,34,45,0,20,17,40,31,43,98,39,33,38,34,44,26,42,25,36,19,40,27,38,47,22,41,26,43,39,38,43,47,45,41,33,19,59,38,28,26,21,35,38,27,61,44,25,38,29,26,23,27,22,21,30,20,29,32,29,29,30,44,40,28,22,30,22,33,22,35,28,23,25,22,37,29,111,28,47,20,27,47,37,34,29,26,26,22,19,34,25,23,22,30,25,20,19,43,20,23,18,27,28,27,26,94,25,31,37,18,33,27
12,101,47,38,9,20,39,35,39,23,16,47,33,26,45,32,38,27,17,18,10,45,4,30,16,36,40,19,19,26,13,16,15,21,72,13,21,39,48,17,44,12,15,52,29,16,14,16,9,15,14,40,28,61,39,45,25,30,50,4,17,40,47,7,33,71,18,16,40,14,16,10,33,21,30,39,30,12,69,23,8,26,10,9,32,30,38,57,10,23,12,9,25,25,15,42,15,62,12,31,7,43,23,16,73,78,6,55,54,14,35,23,0,11,25,52,24,32,51,6,24,14,42,12,13,6,140,24,57,54,10,14,64,39,3,51,22,28,12,5,22,32,34,15,35,32,21,23,7,25,27,32,29,4,32,57,21,30,36,19,27,9,43,19,14,36,47,19,20,62,28,52,32,41,52,45,12,51,8,20,16,50,12,33,32,44,71,18,7,27,43,46,14,106,18,16,34,64,32,36,37,6,30,34,34,4,25,6,46,34,19,44,27,38,47,35,23,25,21,17,58,28,15,22,94,32,22,35,34,23,39,34,39,16,18,37,29,16,40,50,20,0,19,35,32,41,96,40,35,35,33,40,25,47,25,36,1,38,24,38,47,10,37,13,41,38,33,44,45,42,39,31,3,60,41,24,8,15,37,38,30,61,39,25,36,15,8,18,14,15,23,24,13,15,32,17,12,11,48,36,27,22,27,22,37,19,35,26,21,30,9,37,25,106,20,49,13,20,45,29,37,14,24,12,16,19,32,24,20,20,31,14,15,7,43,4,10,16,39,15,29,30,91,25,28,36,18,34,14
21,95,40,30,21,16,32,35,39,15,21,41,33,22,47,31,42,21,16,16,23,43,22,33,20,37,40,15,16,24,21,22,15,18,69,20,12,34,49,20,41,19,15,53,22,15,21,22,22,16,19,30,15,60,42,46,14,20,43,23,14,33,47,20,31,66,15,25,34,15,21,20,22,18,40,40,40,22,67,23,19,25,15,19,24,31,36,50,20,22,23,20,21,20,21,42,20,59,15,31,22,38,27,18,68,79,20,51,43,22,32,29,19,20,25,53,18,32,44,21,23,14,45,15,20,20,142,22,53,40,15,18,55,31,23,45,25,26,21,24,18,28,31,22,28,35,16,24,19,21,20,32,26,22,35,55,23,21,35,20,24,22,38,18,21,31,47,8,19,59,27,45,34,41,45,42,17,51,21,17,16,46,20,29,30,39,68,16,21,22,38,46,12,109,17,18,39,63,32,32,33,22,33,40,37,22,21,22,55,37,16,41,29,31,47,42,18,16,14,20,56,25,18,20,96,33,21,31,34,23,40,28,37,16,15,37,34,25,45,42,17,19,0,31,29,43,96,44,33,24,28,39,23,46,26,35,23,39,22,34,42,22,39,20,43,38,34,37,42,42,38,30,22,54,30,21,20,20,26,34,20,56,35,11,26,13,22,18,21,19,16,17,21,21,27,18,22,21,49,35,23,15,18,14,26,20,25,23,22,28,21,31,22,104,7,45,22,19,38,34,32,16,23,13,20,19,29,25,21,21,27,24,20,23,45,21,21,18,35,20,29,23,86,22,29,29,19,29,22
36,101,42,33,35,36,34,36,38,27,33,25,37,35,45,40,38,31,32,32,33,37,34,39,35,42,46,33,24,40,38,36,33,31,66,33,28,30,48,34,49,34,31,52,30,30,35,31,37,31,28,44,31,58,37,42,32,32,40,37,35,25,40,33,38,67,33,17,34,32,35,33,37,37,34,39,35,31,65,35,34,35,32,35,35,40,35,46,33,34,27,33,29,30,34,43,33,54,30,32,36,38,33,35,72,75,31,53,44,35,28,40,35,34,36,54,29,30,40,36,37,30,39,36,34,33,145,34,40,51,35,38,56,36,35,37,34,32,30,38,39,36,31,32,18,42,35,37,37,37,38,27,34,36,41,48,22,29,36,32,33,37,35,35,36,33,42,25,39,65,40,44,36,42,51,37,36,45,35,35,35,47,34,25,37,36,74,34,35,36,41,47,31,108,37,34,38,65,33,35,25,36,36,42,39,36,22,36,48,38,36,45,21,26,43,23,36,28,32,36,56,31,37,36,87,40,34,26,40,35,33,23,33,33,32,38,34,17,42,41,40,35,31,0,32,36,99,40,36,28,39,39,18,43,32,41,35,30,34,15,37,32,24,33,42,28,40,38,47,34,32,38,36,35,24,36,35,36,26,14,26,57,26,27,28,32,36,37,36,34,30,31,35,24,40,22,24,31,54,36,38,36,28,37,36,36,36,36,39,37,35,33,30,100,31,42,35,37,41,37,21,30,34,28,34,31,38,36,37,37,38,38,33,39,20,33,34,36,36,33,40,30,85,36,35,30,37,36,37
34,99,45,28,30,28,34,38,40,29,29,47,28,34,36,37,33,34,34,30,31,43,30,34,34,37,42,31,29,30,32,28,32,34,70,35,30,31,38,31,52,30,31,52,30,32,34,36,29,34,30,37,34,65,37,49,32,31,50,33,32,35,37,29,34,73,31,30,36,33,34,35,30,33,36,30,36,37,69,32,32,33,35,35,27,29,30,51,37,34,32,30,33,33,31,43,31,63,35,33,27,45,33,34,71,82,31,55,50,34,34,33,32,31,31,58,29,29,45,28,33,30,42,35,35,32,139,33,61,55,29,32,53,33,26,46,30,34,36,27,33,37,37,32,38,37,34,39,27,32,33,31,33,29,30,48,33,32,39,30,27,29,39,34,31,35,44,32,32,62,36,45,30,47,54,43,34,53,28,34,30,50,37,31,37,36,70,35,31,32,39,51,32,110,37,32,41,62,36,32,31,32,34,43,36,29,37,26,47,32,35,34,27,27,45,38,33,27,36,32,60,30,36,35,93,37,33,26,33,32,39,30,38,32,31,42,33,30,38,46,31,32,29,32,0,41,93,36,22,24,32,39,33,44,29,36,33,33,27,35,44,33,32,35,43,40,39,36,48,37,31,36,28,52,37,36,30,35,28,35,36,59,42,34,31,28,28,32,31,36,33,34,33,34,35,34,33,38,50,29,38,34,31,31,29,32,34,35,35,31,29,30,36,103,35,41,35,34,43,37,25,30,21,33,34,33,35,25,35,33,30,25,28,28,33,29,29,32,43,30,28,29,84,33,32,30,34,38,36
41,96,25,39,38,38,31,32,42,37,43,41,38,27,31,42,42,34,34,38,41,35,40,40,38,46,41,39,40,43,41,37,43,40,58,39,31,28,41,35,51,41,40,44,39,40,39,38,40,40,42,41,40,58,38,36,41,32,44,41,41,29,44,39,31,60,39,41,29,40,39,41,35,42,43,36,43,42,61,33,37,39,39,39,43,36,38,47,37,31,36,39,33,32,43,44,42,56,34,40,40,36,34,40,66,73,42,54,48,34,24,38,41,40,28,51,39,38,40,39,24,41,39,39,39,40,140,40,58,51,39,45,65,32,39,45,37,38,43,42,40,34,35,41,33,34,37,43,41,31,34,38,24,38,37,46,35,28,39,35,39,40,41,37,37,35,47,36,36,63,31,47,45,37,42,46,36,56,41,38,39,40,40,37,43,40,70,36,35,27,38,41,43,107,35,39,48,68,42,43,33,38,42,44,50,38,47,40,54,38,32,40,32,38,33,44,37,40,38,34,58,32,43,42,97,38,40,30,37,30,35,34,41,38,42,40,47,41,41,43,43,41,43,36,41,0,91,40,38,34,37,33,36,40,36,36,41,40,32,43,29,36,8,40,44,44,45,31,39,42,38,38,40,54,32,36,36,40,19,44,34,61,37,44,38,37,40,40,37,33,32,42,43,41,41,41,40,37,52,38,39,36,32,31,33,35,35,42,37,26,37,37,41,103,40,46,40,39,35,28,33,38,35,41,38,44,41,38,39,37,32,40,41,43,43,40,40,38,51,37,33,40,80,24,42,37,37,36,42
94,89,96,97,96,90,96,94,97,93,90,87,99,93,95,94,94,86,93,90,96,97,93,101,94,98,103,93,91,94,95,93,89,92,88,93,97,93,95,92,95,94,90,87,87,93,94,91,95,92,91,92,88,96,91,97,92,89,95,96,98,95,96,93,92,94,93,94,94,92,93,92,90,91,94,95,94,94,96,95,95,94,94,92,82,93,93,89,92,90,91,93,87,91,91,95,94,87,91,96,95,97,94,90,100,93,94,95,94,93,92,88,96,93,93,99,93,97,92,94,84,92,99,94,93,92,147,91,93,94,90,99,93,84,96,92,95,89,93,97,95,96,92,95,92,92,90,95,96,95,96,81,94,95,89,85,96,91,94,92,93,95,97,93,94,93,87,92,92,91,94,84,95,89,93,93,94,91,94,95,95,90,93,88,99,91,89,89,93,92,97,91,93,113,94,95,93,90,95,93,89,93,94,98,98,95,94,95,103,89,85,84,100,88,91,96,90,91,94,93,92,88,90,96,100,97,92,86,99,91,90,91,89,87,90,89,98,94,101,90,98,96,96,99,93,91,0,98,87,87,94,82,89,88,89,91,95,86,87,89,95,93,91,92,86,98,94,91,92,91,87,80,94,83,86,89,94,90,90,88,92,96,84,91,92,90,95,90,94,84,89,94,91,93,91,89,89,91,96,89,90,88,86,90,88,83,92,97,92,86,94,93,100,112,90,87,91,93,84,82,85,90,86,93,87,86,90,98,83,92,86,96,94,96,92,92,94,88,101,93,92,88,87,85,90,89,91,94,95
44,107,50,52,39,46,47,48,45,43,44,57,50,47,42,46,37,46,44,45,42,45,39,48,45,13,14,44,46,47,41,41,43,47,79,42,42,49,55,45,50,41,46,58,48,43,41,43,41,43,42,46,47,66,52,50,47,45,60,43,46,46,52,41,49,76,44,40,48,45,44,40,42,44,44,42,44,46,74,47,42,46,41,41,46,49,50,63,43,46,42,39,45,41,40,51,41,68,43,41,41,52,48,42,80,87,44,61,56,42,46,42,40,40,48,58,45,36,49,41,48,45,22,43,44,43,148,46,65,59,40,23,75,40,41,52,43,44,44,39,45,44,50,46,51,50,45,50,41,43,44,46,48,41,45,58,46,48,47,42,41,41,48,44,40,47,54,40,46,70,48,58,49,49,58,53,39,63,40,43,43,59,44,45,49,48,80,45,41,49,50,55,44,116,45,44,39,67,49,46,41,41,49,28,18,41,45,41,35,46,45,42,48,46,53,43,47,43,47,43,63,42,44,44,97,49,45,43,44,48,48,45,51,42,46,47,44,40,6,50,39,40,44,40,36,40,98,0,49,46,50,43,46,44,37,46,39,41,44,47,47,41,52,42,48,51,47,45,48,47,46,48,44,63,51,50,38,46,46,47,48,65,52,45,47,43,40,44,40,44,44,49,45,44,51,48,43,41,51,47,49,47,50,47,45,45,42,47,48,45,41,47,51,113,45,50,42,44,51,49,46,42,42,46,44,44,50,48,46,46,49,40,46,37,50,39,43,45,23,38,40,48,101,46,51,40,46,50,42
33,96,40,29,33,14,28,26,41,34,29,34,28,28,38,33,39,27,29,27,25,43,32,38,34,41,45,30,27,28,31,31,27,30,63,31,31,21,41,32,48,32,27,55,31,29,28,29,35,31,26,38,31,57,29,42,31,25,45,31,29,32,32,31,19,62,30,23,25,34,34,30,22,35,35,36,36,28,64,31,31,31,27,31,17,26,20,51,32,24,31,31,20,19,27,47,30,57,29,29,35,38,31,25,64,72,31,57,47,33,26,29,35,33,32,53,24,31,39,33,28,30,41,28,30,31,141,29,57,52,29,36,59,33,34,47,34,31,27,37,26,40,23,37,29,35,30,31,28,24,30,19,25,36,27,56,24,21,34,29,29,35,36,32,32,33,50,24,31,56,29,50,31,43,52,35,31,53,33,29,32,49,32,28,32,38,72,22,31,35,29,47,23,111,28,32,44,64,31,30,33,32,27,41,40,36,29,35,50,31,31,36,25,30,26,34,30,27,27,31,61,20,28,31,78,38,22,21,30,32,31,29,30,25,27,36,28,23,42,52,33,35,33,36,22,38,87,49,0,21,22,36,31,38,22,37,34,40,25,40,34,29,33,32,40,37,31,39,49,41,35,31,33,58,28,24,32,21,13,37,33,60,37,21,31,24,35,27,32,22,31,29,31,26,22,28,26,33,49,32,29,21,14,13,15,21,26,28,29,29,32,25,28,114,30,36,32,32,36,15,27,29,25,27,21,24,23,26,21,26,27,36,32,28,37,28,31,23,40,33,23,9,95,24,28,27,26,22,30
33,102,40,27,32,27,24,30,37,26,31,31,31,27,34,26,42,33,32,20,34,37,34,37,30,44,43,24,26,26,32,32,29,31,57,32,29,19,38,31,45,30,26,49,32,24,30,32,32,28,31,33,30,57,33,45,28,25,40,32,32,29,37,32,27,62,24,33,24,31,30,28,31,31,40,40,40,32,63,28,32,28,27,32,24,20,27,48,29,25,27,30,28,26,32,43,31,60,32,30,32,39,25,30,64,69,31,52,28,28,32,32,35,29,27,55,22,31,39,33,32,27,44,25,31,31,140,17,56,46,28,38,50,23,31,46,35,30,30,32,34,33,33,31,26,29,27,33,31,26,33,15,31,28,24,47,28,21,35,27,29,32,35,32,32,27,37,21,32,49,29,42,32,35,47,41,32,52,31,32,32,45,31,27,32,38,70,28,29,29,26,43,28,112,31,33,39,57,35,25,27,29,25,44,37,28,29,32,50,28,29,44,29,20,47,25,28,23,34,30,59,21,33,36,92,30,27,14,33,25,31,28,22,26,31,33,29,33,45,52,38,35,24,28,24,34,87,46,21,0,29,35,26,39,29,34,30,32,29,38,33,30,35,31,43,43,36,36,42,33,24,30,29,46,26,30,32,32,24,38,37,56,42,24,32,26,32,31,32,32,31,24,33,31,34,29,32,30,48,31,34,34,16,31,27,35,21,31,31,28,32,30,28,111,22,38,32,31,36,25,18,30,25,27,28,27,25,27,32,28,27,31,33,30,36,30,28,30,41,29,24,23,77,27,30,27,29,28,34
32,101,38,30,31,16,33,18,40,30,31,43,29,27,29,22,41,30,29,23,31,38,32,36,31,46,46,22,23,23,30,33,24,23,67,31,31,31,44,28,53,32,24,50,29,23,27,20,31,30,31,36,29,55,35,37,31,26,46,32,28,36,46,31,34,72,23,34,36,29,28,31,25,29,37,39,37,29,55,29,33,28,27,30,30,31,29,52,31,28,31,29,24,24,32,39,28,65,31,15,31,27,27,31,65,67,30,50,51,29,34,26,33,28,23,43,24,34,38,32,18,27,44,24,31,29,135,18,58,49,30,37,57,27,32,48,33,15,31,32,23,22,33,32,34,22,27,31,32,27,32,32,23,34,31,57,34,24,20,29,27,31,28,30,30,22,46,29,30,47,30,52,33,23,44,47,29,51,32,30,28,51,31,31,24,31,70,30,28,28,37,46,33,107,28,27,38,52,22,24,38,34,24,41,41,34,37,31,57,23,25,38,34,39,45,40,31,34,33,30,57,24,29,29,80,30,31,34,40,32,17,28,39,22,19,34,33,34,46,53,34,33,28,39,32,37,94,50,22,29,0,38,32,45,33,33,34,31,30,39,36,32,39,32,41,47,37,45,37,40,30,24,33,56,29,24,29,19,23,39,33,51,40,33,36,32,31,25,30,29,31,30,25,32,6,35,32,33,38,33,29,29,29,24,30,28,27,36,27,28,30,25,36,113,34,42,31,27,36,33,32,31,30,30,24,30,23,33,30,30,24,31,24,34,39,31,33,32,45,29,27,25,92,27,17,36,29,6,31
40,97,41,35,35,33,33,30,38,37,42,39,36,38,33,31,31,33,36,33,37,30,40,45,38,43,39,34,25,28,36,33,38,34,55,39,43,38,36,34,54,39,36,47,31,34,38,36,39,41,32,32,38,50,34,35,35,43,46,41,40,39,35,39,42,72,34,39,42,35,38,37,34,42,33,30,32,40,59,32,35,32,38,38,37,39,32,45,36,40,38,36,30,27,35,42,36,56,39,29,39,42,36,34,74,72,37,47,44,37,36,42,40,36,36,55,35,38,34,40,35,38,45,34,38,39,136,30,56,49,37,43,52,25,42,34,42,29,38,39,36,39,34,40,41,46,36,42,42,24,38,28,30,39,34,48,40,38,38,39,29,39,24,38,40,37,33,37,35,51,38,45,42,38,34,36,34,52,38,36,38,40,39,30,38,26,61,38,39,29,33,37,39,103,34,39,38,57,34,18,29,41,27,42,41,39,43,39,52,34,23,44,40,29,47,36,37,38,41,36,58,37,40,39,82,34,37,33,43,37,30,33,27,38,36,38,41,39,43,50,44,40,39,39,39,33,82,43,36,35,38,0,35,37,36,33,39,42,29,32,34,41,29,39,32,44,28,43,34,31,33,30,39,55,35,42,37,35,24,32,38,50,34,34,41,30,39,35,38,39,32,42,35,34,27,35,34,38,46,29,35,37,34,31,34,36,40,38,38,35,38,36,38,112,33,44,41,38,37,31,36,30,31,36,39,40,28,35,36,36,37,37,36,42,23,41,38,37,42,37,41,33,89,28,31,35,40,34,40
25,95,44,36,21,19,30,33,42,18,25,36,35,22,43,30,44,24,20,24,25,44,25,31,24,47,43,20,22,28,23,21,20,25,72,24,20,28,44,24,43,23,24,51,23,26,24,25,26,26,24,34,24,58,30,41,20,27,49,25,25,34,41,24,23,67,21,9,31,22,22,22,27,20,42,44,42,25,66,23,22,25,21,23,25,30,27,54,24,22,26,22,20,22,20,43,21,57,16,33,26,43,20,16,68,73,22,53,48,26,32,29,25,21,15,57,14,37,47,25,22,25,38,23,24,22,137,17,48,51,21,31,60,24,25,48,22,27,23,26,21,33,28,24,22,35,25,30,27,21,23,25,21,24,30,51,17,28,37,23,24,26,41,28,25,31,47,25,22,61,23,50,37,44,48,42,22,36,25,25,20,44,24,20,34,39,69,26,22,21,42,40,23,106,27,23,41,59,31,30,33,26,35,43,41,24,9,26,53,33,22,44,14,33,36,24,19,16,24,25,59,26,25,23,94,34,21,32,37,24,31,36,40,27,20,37,35,9,43,40,26,25,23,18,33,36,89,46,31,26,32,35,0,44,26,33,25,33,22,25,42,25,33,24,34,30,38,36,43,33,37,27,24,47,29,27,22,24,28,24,21,61,30,17,20,19,26,24,25,27,25,25,22,23,35,10,13,22,51,40,24,24,29,20,34,27,31,20,25,27,25,28,18,108,24,46,27,23,41,32,25,21,24,24,25,26,31,21,28,26,27,24,24,27,28,23,24,28,45,22,23,21,97,19,29,32,27,25,26
43,96,22,16,45,36,38,41,38,45,37,47,42,35,39,47,42,42,45,41,45,10,44,48,45,40,48,39,39,41,45,46,37,36,71,44,44,43,43,34,53,46,40,43,41,40,42,35,45,41,45,38,46,60,39,42,41,41,48,47,44,43,44,44,41,62,39,40,44,45,41,45,43,47,43,47,43,38,65,31,46,44,46,44,43,33,35,58,47,39,44,45,39,44,44,42,46,57,45,40,45,39,43,45,63,71,46,51,52,36,39,42,47,45,36,47,41,47,45,44,37,42,47,45,43,46,135,40,60,49,45,47,58,35,47,46,42,38,45,48,36,38,36,46,41,45,42,39,46,33,42,42,39,46,40,45,45,45,41,36,39,45,9,32,45,31,26,37,33,58,39,49,38,39,40,43,46,53,45,36,41,53,47,42,36,37,71,39,45,38,40,49,44,105,37,41,40,58,38,37,39,44,43,46,46,46,48,45,47,40,40,46,46,34,51,39,34,44,43,35,63,41,39,42,94,42,41,45,44,40,40,41,36,38,40,35,40,40,43,53,42,47,46,43,44,40,88,44,38,39,45,37,44,0,42,38,47,38,41,42,27,47,43,43,43,40,40,45,43,49,42,40,46,60,43,36,44,39,36,45,47,47,50,44,44,47,45,40,45,33,38,43,36,46,39,46,45,46,48,14,32,41,38,42,45,34,40,44,39,37,45,46,47,109,44,44,34,43,40,43,44,46,38,46,40,44,42,32,39,41,36,46,40,44,46,46,46,39,46,46,39,41,95,32,44,47,40,39,43
27,104,43,32,24,17,35,34,37,24,25,44,36,17,39,29,38,21,27,23,27,41,27,28,21,39,43,16,14,26,27,27,21,24,69,24,26,28,49,25,45,26,20,47,15,18,25,19,25,17,26,39,29,49,32,32,23,25,48,24,26,34,51,27,19,67,17,29,31,25,22,26,27,25,35,36,35,25,61,19,27,30,24,22,19,21,35,51,26,17,25,24,24,23,26,40,26,59,27,28,24,44,25,24,65,70,22,45,50,18,33,18,25,27,20,47,15,31,51,24,16,22,35,29,28,23,133,16,60,49,25,24,64,31,24,50,23,24,29,24,21,35,32,28,36,31,23,23,24,15,30,19,18,27,17,54,28,22,39,20,22,25,35,19,25,30,43,28,19,60,16,56,35,41,44,46,22,56,23,21,28,50,27,25,34,35,67,19,28,16,34,44,27,103,17,27,35,57,30,38,31,25,28,37,35,27,33,24,52,31,17,37,26,41,41,21,19,24,29,27,55,20,17,27,92,34,16,31,35,13,27,33,43,17,17,43,19,29,41,49,25,25,26,32,29,36,89,37,22,29,33,36,26,42,0,35,22,29,3,38,37,25,31,25,41,45,32,38,40,47,30,26,22,60,28,18,23,17,25,38,21,58,35,24,29,23,24,23,26,16,19,21,28,28,26,26,26,28,48,28,20,14,29,24,40,25,26,31,21,15,26,35,36,113,26,41,21,26,42,36,24,27,16,28,26,23,31,21,22,20,19,20,24,25,40,24,26,17,42,28,11,23,94,9,28,34,27,32,27
36,99,37,27,36,32,17,25,34,32,32,44,33,28,39,28,35,34,35,35,33,32,34,38,33,45,42,34,30,38,36,35,34,31,72,34,35,26,48,35,49,35,33,50,22,31,33,28,35,30,36,19,33,46,32,28,36,35,50,36,35,37,46,34,27,72,34,37,34,37,33,35,27,35,35,36,36,32,60,28,33,30,35,35,38,30,32,56,33,30,33,32,36,38,33,45,34,57,36,29,35,45,32,35,73,69,36,46,46,37,34,41,36,31,30,33,27,33,50,34,36,35,48,31,33,34,134,30,55,40,33,39,57,27,38,49,38,33,32,37,27,13,28,27,40,33,31,33,35,35,39,22,32,33,32,53,37,31,27,28,33,35,29,29,32,29,38,35,28,51,30,46,29,32,45,39,37,54,34,28,33,54,35,26,39,28,58,25,36,29,30,40,34,105,26,32,39,36,8,30,33,36,33,43,42,33,38,35,50,2,32,44,35,17,48,43,28,34,38,27,60,30,34,35,94,4,37,20,39,31,31,30,10,31,35,27,40,37,48,50,36,36,35,41,36,36,91,46,37,34,33,33,33,38,35,0,36,29,31,40,38,36,41,34,34,46,25,45,43,39,15,33,35,60,39,34,36,31,32,35,37,53,43,37,36,34,35,32,36,34,33,36,31,37,30,35,35,34,46,31,26,31,33,32,35,33,37,35,29,32,32,35,37,107,36,31,37,37,31,35,39,35,33,34,32,36,34,33,31,27,26,33,32,37,42,35,35,35,47,33,33,37,97,25,34,39,33,34,34
12,101,47,38,9,20,39,35,39,23,16,47,33,26,45,32,38,26,17,17,11,45,3,30,16,37,39,19,18,26,13,16,15,21,72,13,21,39,48,17,44,12,15,52,29,16,14,16,9,15,15,40,28,61,39,45,25,30,49,5,16,40,47,7,33,71,18,17,40,14,16,10,33,20,30,39,30,12,69,23,9,25,10,9,32,31,38,57,10,23,12,9,24,25,15,42,15,61,13,31,7,42,23,16,73,78,7,55,54,14,35,23,1,11,25,52,23,32,51,6,24,14,42,12,13,5,140,25,57,54,10,13,64,39,2,51,22,28,12,4,22,32,34,16,35,32,21,23,7,25,27,32,29,5,32,57,22,29,36,19,26,9,43,19,14,36,47,19,20,62,28,52,32,41,52,44,11,51,8,20,16,50,12,33,32,44,71,18,6,27,42,46,13,106,18,16,34,64,32,36,37,5,30,33,33,5,26,6,46,34,19,44,27,38,47,35,23,26,21,17,58,28,15,22,94,32,23,35,34,23,39,34,39,16,18,37,29,17,39,50,19,1,23,35,33,41,95,39,34,30,34,39,25,47,22,36,0,38,24,38,47,9,37,13,40,38,33,44,45,41,39,31,2,60,41,24,8,15,37,38,30,61,39,26,36,15,8,18,14,15,23,23,13,14,32,17,12,11,48,36,27,22,26,23,37,19,35,26,21,30,9,37,25,106,20,49,13,20,45,29,37,15,24,11,16,19,32,24,20,20,31,13,15,6,43,3,10,16,40,15,29,30,91,25,28,36,18,34,14
38,102,37,30,36,37,37,30,30,36,35,32,36,25,29,35,25,33,37,37,39,39,36,38,39,37,39,34,33,33,39,38,32,35,67,39,39,33,45,35,52,35,39,44,29,35,35,32,40,31,39,37,38,57,40,30,32,37,49,37,34,39,43,35,33,71,34,34,32,37,39,38,34,36,26,25,26,37,54,29,38,38,36,37,40,30,38,53,37,27,37,36,20,27,35,43,39,57,39,26,35,37,34,34,74,66,39,47,52,31,32,33,38,37,27,34,36,34,43,34,31,39,46,34,38,39,132,32,58,49,37,39,51,28,37,50,40,33,41,38,26,21,35,35,34,25,37,38,36,25,35,30,31,38,24,57,41,31,31,32,30,40,33,33,40,22,45,40,30,56,26,48,17,32,37,42,34,56,35,34,39,52,38,37,29,36,67,27,38,27,33,44,36,103,31,38,27,52,22,35,31,37,37,41,40,38,38,35,51,27,29,41,36,31,43,32,37,39,41,35,53,35,38,35,87,29,37,26,39,25,0,32,32,31,35,28,32,34,43,51,40,38,39,30,33,40,86,41,40,32,31,42,33,38,29,29,38,0,29,42,30,37,29,38,27,38,30,45,42,43,38,30,35,59,23,39,38,34,29,40,40,58,37,38,41,36,36,36,37,30,32,35,33,38,28,33,35,40,48,33,32,32,40,35,25,34,32,40,28,31,35,35,40,105,32,45,33,29,40,31,26,38,32,33,31,24,36,34,33,36,24,33,33,37,39,36,34,36,42,40,24,28,87,27,38,38,28,27,37
25,97,39,30,22,18,31,33,31,23,23,43,35,8,39,26,29,22,22,17,25,35,25,28,17,40,40,8,13,15,27,24,23,21,59,26,24,30,50,26,48,23,20,47,15,14,21,19,27,21,23,35,20,47,22,36,14,24,47,27,22,37,46,25,22,69,9,17,30,21,23,25,24,21,28,32,28,25,58,14,24,25,24,23,26,22,33,53,25,8,24,23,18,12,24,43,28,63,26,24,26,42,16,23,72,69,22,43,47,11,33,20,24,27,13,47,13,33,47,25,16,23,41,21,26,22,135,19,59,56,23,24,60,29,23,47,23,25,27,21,19,33,25,25,31,25,15,11,23,5,25,17,9,20,12,49,23,13,34,17,21,27,37,17,27,28,44,24,16,57,12,53,30,41,36,46,20,52,24,18,25,45,26,22,33,35,64,16,27,9,34,42,27,103,10,26,39,60,30,34,28,24,25,40,35,20,24,26,52,31,14,41,21,35,45,32,16,17,27,22,53,22,18,22,90,33,13,28,37,14,29,31,43,7,14,41,10,17,43,49,27,24,22,34,27,32,87,44,25,29,30,29,22,41,3,31,24,29,0,41,36,27,33,26,37,44,38,40,42,43,34,26,22,56,28,23,21,10,21,41,24,56,33,23,32,23,26,10,27,11,23,17,24,25,22,24,23,29,48,29,23,16,29,17,31,13,33,27,16,12,26,33,26,112,25,40,18,25,46,32,22,27,19,26,19,15,26,22,19,10,18,21,18,24,34,24,26,7,45,24,12,26,95,6,27,34,13,26,26
38,96,39,42,37,38,29,42,46,36,40,35,41,36,44,42,48,40,35,37,35,40,38,40,37,43,47,39,36,41,36,34,37,39,70,35,34,31,42,36,39,35,38,52,31,37,36,39,37,40,33,42,30,58,45,40,32,40,48,41,38,31,43,35,40,68,39,27,31,31,36,34,37,35,44,43,44,37,60,38,35,36,35,36,39,41,28,54,31,38,31,37,36,37,33,48,33,59,27,42,37,39,33,29,70,76,38,58,42,39,40,43,38,36,36,55,37,41,43,36,38,39,38,35,37,36,136,34,48,46,34,44,61,35,38,45,35,42,37,41,40,43,37,33,23,41,39,36,36,38,36,26,40,37,45,53,40,32,42,38,32,37,35,38,38,46,44,31,38,59,40,40,38,44,52,39,35,37,37,41,38,49,34,30,43,36,66,39,37,38,44,44,38,115,37,36,43,59,41,41,25,40,39,48,46,37,23,37,55,37,33,48,35,34,49,29,35,33,35,39,62,35,37,36,94,41,41,40,34,34,42,30,40,40,40,40,42,27,49,42,38,38,34,15,35,43,89,47,40,38,39,32,25,42,38,40,38,42,41,0,43,38,40,34,37,26,44,25,49,44,35,38,38,48,27,40,37,40,33,1,30,63,27,30,36,32,37,35,38,40,37,30,38,29,40,27,34,31,51,33,42,40,37,38,39,39,38,36,40,45,38,39,34,106,26,40,37,35,39,28,24,30,35,36,40,39,42,36,42,38,38,36,39,42,23,35,33,40,39,33,41,42,94,36,42,39,40,44,39
43,102,26,19,41,33,32,40,34,40,38,46,39,33,34,44,35,39,42,37,44,16,45,40,41,45,46,40,37,42,44,41,39,40,65,43,42,34,36,38,48,45,40,44,39,37,37,37,45,43,44,40,45,54,43,43,36,45,47,47,44,39,46,43,30,66,39,45,37,40,39,43,37,44,32,39,33,45,51,33,41,40,42,42,41,36,35,56,44,31,40,42,37,39,39,44,42,62,39,41,44,36,41,44,66,63,44,50,43,42,37,43,47,43,28,50,39,39,48,43,34,42,39,43,43,44,137,39,58,48,41,48,62,40,45,41,42,36,40,47,34,32,40,40,36,40,43,41,45,38,47,39,31,45,35,55,46,40,42,42,42,45,12,41,43,25,36,42,41,60,34,47,40,41,37,48,40,58,44,40,43,50,44,41,39,42,66,41,43,35,37,40,45,105,33,44,25,49,45,41,41,45,46,46,43,45,45,44,50,35,34,44,49,33,38,43,40,42,44,41,51,43,42,41,91,47,41,33,51,32,30,41,32,41,41,33,43,45,46,48,47,47,42,37,44,29,95,47,34,33,36,34,42,27,37,38,47,30,36,43,0,44,30,42,41,46,41,47,38,37,39,41,46,62,35,39,44,37,34,39,41,54,44,44,47,40,44,36,45,40,39,43,40,47,40,40,39,46,50,21,43,37,41,41,38,37,39,48,33,27,44,45,45,113,42,39,40,37,41,45,34,41,34,42,34,45,42,36,37,40,27,40,42,48,39,45,42,40,48,43,35,42,99,32,40,47,37,35,40
12,99,43,35,5,21,38,33,37,20,11,47,36,24,44,30,41,26,13,17,10,40,6,30,14,40,39,17,15,27,9,10,14,21,69,8,21,35,48,17,46,10,15,53,29,17,11,16,9,19,13,36,24,60,38,41,24,29,47,7,13,35,47,6,33,69,17,19,38,15,14,8,26,17,37,39,37,13,68,24,11,28,6,8,28,29,34,53,9,24,15,3,25,25,8,40,7,64,8,31,9,41,22,8,72,79,4,55,54,17,37,28,10,3,24,49,27,28,47,9,24,15,43,10,8,4,140,23,56,49,8,18,63,37,5,47,19,27,10,14,24,32,32,11,34,35,19,20,9,26,23,28,29,5,33,56,23,25,37,16,25,11,41,22,4,35,43,16,17,60,30,51,31,42,49,43,10,50,8,18,14,49,11,25,29,40,69,21,1,26,44,46,10,109,18,10,37,62,32,34,37,0,32,38,34,5,23,10,48,36,21,43,25,32,46,40,24,14,18,17,58,24,12,22,92,32,25,34,35,24,37,33,42,19,16,40,32,19,41,49,22,10,22,32,33,36,93,41,29,30,32,41,25,47,25,36,9,37,27,38,44,0,36,10,40,31,38,43,44,39,36,26,4,57,36,25,9,14,33,40,26,59,40,27,28,8,8,17,8,13,17,24,11,16,31,15,12,8,46,39,27,22,27,21,33,14,34,24,20,29,9,36,20,109,16,47,10,16,43,34,35,11,23,7,16,22,31,23,20,21,31,12,14,9,40,3,8,20,43,8,31,25,89,22,24,31,15,34,13
37,100,38,33,34,29,30,29,35,29,37,40,32,23,30,41,46,23,33,32,36,34,37,38,37,45,43,35,38,37,32,33,36,37,61,35,30,20,47,31,44,36,34,48,34,36,35,34,38,35,37,35,38,62,30,39,33,31,41,37,36,23,37,35,27,63,34,36,26,34,36,36,29,39,41,44,41,38,61,29,33,36,33,35,31,26,35,48,33,25,33,36,36,34,38,34,35,54,37,38,38,37,28,36,69,70,37,60,47,34,17,34,37,35,24,53,34,37,44,37,22,34,44,35,37,34,132,34,60,53,34,41,59,32,35,44,36,29,38,38,33,33,29,38,30,38,31,40,39,24,32,35,23,34,29,51,35,24,39,30,30,38,36,29,33,30,45,35,31,58,27,47,42,35,37,44,31,55,37,28,36,40,35,24,42,39,67,31,31,25,42,39,35,109,31,37,43,64,35,35,26,36,36,43,41,34,32,38,50,37,24,50,35,27,29,35,30,33,34,34,60,30,38,38,93,34,36,28,40,26,29,34,39,36,34,37,43,36,42,41,41,37,39,24,32,8,91,52,33,35,39,29,33,43,31,41,37,29,33,40,30,36,0,36,35,45,39,28,42,38,27,32,36,58,32,32,32,32,18,40,26,60,34,34,33,32,38,31,33,26,23,36,34,34,32,33,35,36,48,32,39,23,22,28,39,29,28,35,29,21,33,38,39,100,37,47,32,31,37,25,30,35,30,34,33,34,37,33,34,34,29,36,38,39,43,37,38,26,44,33,31,36,86,17,31,33,31,35,38
6,98,43,32,6,21,36,34,39,21,15,42,34,21,45,27,40,23,11,17,10,41,10,27,12,38,43,16,18,25,8,10,13,18,68,2,19,35,44,15,39,6,14,52,25,15,6,15,9,20,12,36,23,59,37,44,23,26,48,13,18,36,45,4,30,69,16,21,34,13,14,6,31,19,39,38,39,10,63,22,10,24,5,3,26,27,31,53,6,22,12,10,23,23,10,41,8,61,11,32,9,42,24,11,70,74,9,54,51,17,34,27,13,9,22,49,23,32,48,5,23,13,41,9,4,9,137,21,53,50,8,24,60,35,10,47,22,27,9,15,19,32,31,12,31,34,19,20,11,22,23,29,27,7,31,54,22,26,36,18,27,9,36,22,6,33,43,14,18,61,27,49,34,39,48,41,10,47,5,18,17,47,7,27,28,40,70,17,10,25,39,46,13,108,19,14,40,62,32,31,35,10,32,38,37,7,21,9,48,34,21,42,29,34,43,38,20,23,17,15,58,27,15,21,91,30,20,33,34,22,38,31,40,19,13,38,30,21,43,42,26,13,20,33,35,40,92,42,32,31,32,39,24,43,25,34,13,38,26,34,42,10,36,0,42,38,34,40,41,42,36,28,8,55,33,22,8,14,30,34,24,55,37,22,32,14,9,18,4,20,20,20,9,12,28,14,10,10,48,35,26,18,24,19,31,16,31,22,20,27,4,33,22,109,16,43,16,14,40,32,30,11,22,11,16,22,27,26,16,19,28,15,14,17,37,8,8,20,42,4,30,23,93,24,26,30,19,31,7
43,95,39,39,38,34,43,43,46,42,42,41,40,37,33,40,12,43,41,38,45,43,42,50,44,44,44,39,41,35,41,39,39,44,59,41,42,37,42,44,46,40,37,46,39,37,42,38,43,44,42,21,44,52,40,35,45,41,41,46,43,45,37,40,42,63,39,42,42,39,44,43,38,41,17,23,18,44,64,40,41,43,42,42,45,45,32,47,38,42,44,40,40,38,40,45,44,63,41,40,41,32,41,38,70,75,42,40,50,40,34,38,41,37,38,41,37,47,33,41,35,40,45,41,41,42,132,31,56,33,40,45,56,21,40,40,40,29,43,45,43,29,39,44,42,43,38,43,42,37,43,29,39,40,41,50,36,36,36,42,42,43,42,42,42,40,40,38,38,57,39,44,33,42,40,39,38,52,41,40,44,47,41,33,38,18,65,39,43,35,35,36,46,95,45,42,40,49,30,36,42,40,44,46,47,40,46,41,49,33,38,14,33,41,45,35,42,40,42,41,54,32,43,44,94,33,37,41,40,42,27,41,34,36,36,44,47,42,46,47,43,41,43,42,43,44,86,48,40,43,41,32,34,43,41,34,40,27,37,37,41,40,35,42,0,46,39,45,13,26,42,41,39,56,40,40,41,40,40,33,42,53,32,38,39,37,42,38,42,39,41,45,41,45,44,44,43,45,33,34,44,38,39,40,39,38,42,49,46,42,40,41,47,99,34,38,41,43,38,43,41,42,37,44,44,36,40,47,39,39,46,41,39,44,46,40,40,41,50,39,35,32,86,43,36,40,36,22,45
40,104,45,44,35,38,35,46,37,43,43,34,47,46,37,42,48,41,37,40,38,44,33,45,38,35,44,41,45,41,39,35,40,39,68,37,42,40,50,40,44,37,41,48,47,42,40,40,38,43,38,36,40,67,47,49,42,46,49,38,40,45,46,37,46,73,41,22,46,35,38,38,43,37,45,44,45,38,74,42,40,42,37,39,38,42,44,51,38,46,42,36,37,34,36,45,38,66,31,43,40,47,41,38,77,83,39,59,57,40,40,46,38,39,39,44,44,43,48,38,41,40,41,35,38,37,147,42,44,56,38,37,58,41,40,52,34,44,39,39,42,47,46,38,26,50,40,47,40,43,40,40,40,40,43,50,38,38,44,42,42,41,48,43,38,44,52,37,39,68,47,51,39,44,57,40,37,42,39,42,40,57,37,42,40,50,71,45,31,45,40,54,41,109,43,40,46,63,41,45,42,31,45,48,41,40,31,41,53,46,44,53,32,42,48,30,41,31,41,40,63,40,39,45,99,43,43,41,48,45,38,37,49,44,42,41,34,22,48,55,39,38,38,28,40,44,98,51,37,43,47,44,30,40,45,46,38,38,44,26,46,31,45,38,46,0,45,45,41,44,36,40,37,40,27,41,38,44,43,25,45,65,27,34,45,36,39,42,34,41,43,39,38,36,45,24,30,35,51,46,44,44,44,43,39,44,35,40,44,47,36,43,29,115,37,48,43,36,46,40,30,37,45,39,40,44,43,43,43,43,42,41,44,42,32,36,34,42,36,38,43,43,93,43,42,39,43,46,40
36,99,40,36,34,37,41,27,37,32,34,47,34,30,35,35,31,29,36,22,34,39,37,40,34,42,48,34,31,29,38,38,34,31,72,33,35,33,46,31,52,33,32,57,37,33,36,31,37,35,35,43,36,55,38,42,35,35,38,36,37,38,44,32,36,75,33,33,35,37,34,35,30,34,35,35,35,29,60,35,38,34,35,34,33,34,16,54,33,33,38,31,38,40,34,28,33,65,35,32,36,44,33,37,74,69,36,44,47,35,32,31,33,34,35,50,29,32,43,35,31,34,41,34,35,36,134,36,56,48,35,38,63,21,35,48,35,24,36,35,33,30,30,35,35,32,32,31,35,33,37,32,33,35,32,56,30,33,29,33,30,37,35,37,34,29,52,33,30,63,33,52,28,36,48,39,36,50,33,30,30,55,35,33,31,37,66,33,38,31,41,46,34,107,28,32,36,63,31,27,40,38,23,42,38,35,36,36,56,26,31,31,31,30,41,24,32,33,38,35,62,25,32,36,96,29,34,26,29,35,30,32,37,33,35,35,36,33,48,58,38,33,34,40,39,45,94,47,31,36,37,28,38,40,32,25,33,30,38,44,41,38,39,34,39,45,0,46,33,30,36,38,32,58,36,30,33,37,30,43,41,61,36,34,38,39,36,33,34,28,29,36,33,32,36,36,36,37,39,32,31,32,35,33,36,26,34,41,33,33,31,33,36,110,37,48,34,36,44,38,39,37,34,36,34,31,31,36,30,32,34,36,36,35,37,32,31,35,45,35,41,24,93,34,28,35,36,33,35
40,98,39,43,38,40,40,46,41,36,43,47,44,40,46,43,43,35,36,33,36,44,43,40,40,45,47,36,42,42,41,37,36,41,71,40,36,39,48,38,53,42,38,56,36,40,37,43,41,39,33,41,38,66,29,45,36,34,51,44,42,33,48,40,44,60,36,39,36,37,40,41,35,40,44,38,44,43,68,41,41,38,41,39,39,43,30,46,42,41,39,38,44,37,34,42,39,65,38,42,41,41,35,39,64,77,42,53,46,44,36,43,44,42,39,56,39,40,38,40,41,36,48,40,40,42,146,35,57,51,38,45,57,33,42,46,34,40,39,43,42,41,42,43,40,46,39,47,42,40,36,31,40,43,36,56,36,38,37,41,40,41,44,41,41,42,50,33,42,65,44,48,45,47,50,41,37,58,41,41,37,48,42,41,44,31,74,40,42,39,45,46,41,109,42,39,46,64,40,41,35,43,38,42,44,43,33,41,55,46,41,47,39,32,49,40,38,39,38,43,53,39,38,36,94,45,43,37,40,43,45,32,40,44,39,42,44,39,43,25,43,44,37,38,36,31,91,45,39,36,45,43,36,45,38,45,44,45,40,25,47,43,28,40,45,45,46,0,50,45,38,42,43,55,45,42,40,42,33,38,34,60,47,39,24,40,41,43,41,45,40,41,45,33,43,37,38,41,53,38,46,42,43,42,34,43,34,43,41,38,41,44,43,106,43,44,43,38,43,42,41,37,37,42,43,43,41,41,44,42,41,41,41,42,46,42,42,42,38,41,41,40,91,41,38,40,41,44,41
43,102,40,33,44,44,42,48,43,39,43,50,46,44,46,43,19,42,43,43,45,41,44,52,45,52,51,42,39,45,44,44,41,38,71,42,46,42,22,43,51,41,43,40,41,41,43,44,44,38,43,42,44,52,48,47,40,39,52,45,42,41,41,42,43,72,42,45,51,43,45,40,46,41,41,30,41,41,63,46,44,39,42,42,41,47,35,50,43,44,44,42,38,39,44,41,43,58,43,45,44,36,37,39,75,66,42,60,57,44,43,40,45,42,41,52,29,44,43,43,44,43,51,42,42,42,131,42,57,50,40,48,53,41,45,48,45,24,41,45,40,45,50,43,46,46,44,45,43,45,44,46,46,44,45,56,46,46,27,45,43,44,41,39,43,41,51,44,39,55,46,51,40,44,48,44,44,54,43,42,41,52,43,45,42,34,65,42,44,41,42,47,43,99,38,38,43,55,41,36,41,44,40,49,48,44,46,43,55,43,41,35,46,42,42,45,39,42,46,40,56,45,41,46,77,42,39,44,45,45,42,41,31,37,41,42,40,45,54,58,47,45,42,47,48,39,92,48,49,42,37,34,43,43,40,43,45,42,42,49,38,44,42,41,13,41,33,50,0,40,40,45,43,58,48,44,43,43,47,47,46,55,46,46,49,44,43,44,43,45,41,44,40,42,43,44,43,43,44,39,40,39,42,44,46,40,40,48,46,44,43,45,42,109,37,49,44,44,42,46,48,41,45,42,41,45,43,45,40,39,44,46,43,47,48,43,42,45,47,42,46,42,98,44,45,45,44,44,44
43,96,35,46,40,40,36,37,38,39,34,43,35,46,45,30,43,44,43,37,39,46,42,50,45,47,48,38,36,47,41,44,42,45,68,41,40,35,26,39,50,39,33,54,47,36,44,40,43,36,43,30,42,64,49,36,42,37,46,43,44,31,34,40,48,73,37,43,42,42,45,43,40,41,23,22,23,42,65,44,43,39,41,41,38,44,43,44,44,46,39,39,32,31,45,47,44,54,45,39,42,32,36,39,73,68,40,59,45,38,40,37,42,38,45,45,35,41,43,41,40,38,48,39,42,40,138,40,53,45,43,47,40,34,45,46,44,25,42,42,38,36,46,46,48,42,39,47,43,41,47,48,45,44,41,58,37,40,31,45,38,43,47,38,42,40,46,41,43,62,43,47,42,43,53,35,43,52,41,41,45,51,44,39,42,21,69,44,42,42,33,49,42,105,42,43,38,58,41,30,45,39,40,46,52,44,44,42,52,40,43,36,40,45,46,52,40,40,41,43,56,38,38,44,78,37,45,44,48,44,43,38,34,42,34,38,42,43,46,49,45,42,42,34,37,42,91,47,41,33,40,31,33,49,47,39,41,43,43,44,37,39,38,42,26,44,30,45,40,0,42,45,42,57,48,42,39,42,39,44,37,60,40,43,39,41,42,40,42,41,42,43,41,44,34,44,47,42,44,42,42,38,31,40,34,42,39,46,47,50,39,46,44,98,44,47,40,45,39,40,36,44,41,34,39,41,41,45,42,40,34,45,43,43,43,43,41,39,50,42,50,40,83,41,26,38,40,39,45
38,96,42,36,36,38,22,30,39,36,31,44,27,33,37,37,41,39,33,34,35,39,34,42,33,44,43,33,33,34,37,35,31,35,69,37,38,32,40,32,49,35,32,50,26,32,36,33,37,33,35,40,32,41,27,17,35,39,49,38,36,44,44,37,32,69,33,33,32,39,35,35,33,39,41,47,42,30,62,33,37,35,37,36,36,42,26,41,34,35,39,34,33,31,35,50,37,60,38,38,37,43,41,35,71,69,34,45,45,38,32,36,39,32,37,54,36,40,46,38,27,35,43,35,34,34,137,32,55,51,34,43,62,34,36,50,34,38,37,35,39,31,29,29,34,37,36,37,38,37,39,23,31,38,35,50,32,30,37,37,31,37,30,38,38,34,45,32,32,49,36,47,38,38,53,38,36,49,37,36,38,54,34,23,41,37,61,31,36,29,38,50,39,111,32,38,39,50,30,29,32,36,39,47,46,38,39,37,52,23,32,51,30,9,46,43,38,29,35,34,59,28,36,31,87,21,40,9,38,32,38,37,33,32,31,34,40,33,42,53,41,39,38,32,31,38,87,46,35,24,30,33,37,42,30,15,39,38,34,35,39,36,27,36,42,36,36,38,40,42,0,36,37,57,40,41,38,31,31,38,37,55,40,34,42,37,37,30,38,33,33,36,36,33,37,32,38,39,50,40,33,34,29,37,30,38,40,42,35,35,38,37,39,107,33,29,38,34,28,38,32,33,37,37,31,36,33,34,34,30,33,35,33,41,39,33,39,40,39,36,24,31,97,34,31,40,37,39,36
32,99,44,32,23,26,32,32,41,31,25,36,20,23,45,27,42,29,25,24,31,42,28,29,28,40,40,21,23,29,29,25,25,27,67,29,26,23,39,24,43,29,27,48,28,23,27,28,30,29,26,38,31,49,39,36,29,18,45,30,25,34,44,29,26,61,22,29,33,27,29,29,17,34,39,42,39,25,61,25,28,29,27,27,25,28,31,49,29,25,25,25,15,14,27,42,29,61,28,26,30,41,28,24,63,71,29,51,43,32,30,30,31,31,28,52,24,38,49,29,28,28,41,28,30,31,137,26,59,53,28,33,60,25,29,47,31,23,26,31,25,25,28,27,24,34,23,33,30,27,32,29,26,29,32,53,32,23,34,27,23,30,38,26,32,25,46,24,28,63,27,50,30,36,48,43,24,54,29,27,28,51,30,26,29,41,69,25,24,27,39,47,24,106,27,30,41,56,30,31,26,26,24,43,36,29,34,30,54,34,20,45,29,33,47,39,26,26,33,28,52,31,31,28,89,27,28,36,37,25,30,29,40,26,28,38,33,29,41,51,33,31,30,38,36,38,80,48,31,30,24,30,27,40,26,33,31,30,26,38,41,26,32,28,41,40,38,42,45,45,36,0,31,62,33,26,27,24,32,44,33,54,41,33,37,24,30,25,29,25,27,24,24,34,24,31,25,32,48,29,24,28,27,24,21,26,34,29,27,25,29,32,34,112,24,43,29,28,45,32,27,23,26,28,25,36,27,24,31,27,24,28,31,31,26,27,29,34,42,28,25,30,94,24,18,37,25,24,30
10,100,46,35,8,23,38,34,38,20,15,45,36,24,42,29,36,25,16,16,13,44,5,29,15,37,39,18,17,25,6,17,12,21,71,11,20,38,47,16,41,4,17,52,29,15,12,12,7,14,14,36,25,60,38,43,24,29,50,6,17,39,47,7,30,71,17,16,39,11,15,7,30,19,30,37,30,13,66,25,8,24,4,8,31,28,36,56,10,25,13,2,23,25,9,41,8,64,12,29,5,40,26,10,73,77,3,54,53,11,32,25,3,6,25,51,22,30,48,6,25,16,42,9,9,3,139,20,56,53,5,13,63,38,2,49,22,27,11,6,22,31,35,15,34,31,18,22,3,25,22,33,30,1,31,56,23,31,35,18,25,7,42,20,9,30,48,18,18,61,27,51,32,40,49,43,12,48,5,16,15,47,11,31,31,43,70,16,7,28,43,45,10,106,19,13,34,64,31,35,37,4,29,33,33,1,23,4,42,30,22,44,26,32,44,35,21,23,19,16,55,27,13,22,91,31,21,31,35,25,35,31,40,16,17,38,29,16,39,48,19,3,22,36,28,40,94,44,33,29,33,39,24,46,22,35,2,35,22,38,46,4,36,8,39,37,32,43,43,42,37,31,0,55,36,23,3,14,29,39,29,60,40,25,35,17,6,20,8,14,19,22,11,15,29,14,14,8,48,39,25,19,29,18,36,19,34,25,18,30,6,36,24,106,20,46,10,18,44,30,35,14,23,12,17,16,30,25,20,22,28,8,13,9,40,5,7,16,40,10,29,25,90,23,27,34,18,33,11
58,94,59,58,59,56,55,59,64,52,58,47,58,58,62,58,56,49,54,53,60,57,59,64,59,61,62,52,54,54,55,59,55,55,65,55,57,57,57,56,59,55,50,59,58,51,57,57,57,59,55,58,57,61,63,60,52,59,59,58,50,53,53,55,57,72,51,44,62,52,57,55,57,56,58,62,57,56,62,56,55,54,55,57,57,56,53,66,58,57,53,56,53,53,55,58,54,60,58,57,57,58,59,57,73,73,53,64,67,57,58,62,60,55,57,65,52,55,53,56,57,49,67,54,57,56,149,49,41,56,55,62,54,49,58,51,62,57,56,61,55,58,60,57,42,60,55,60,58,58,57,58,57,55,61,46,52,57,56,60,51,57,56,60,54,58,53,57,54,60,59,40,59,54,62,60,57,55,58,56,58,65,58,58,59,57,70,59,57,59,59,56,56,107,56,56,60,66,61,59,56,57,57,65,66,55,50,57,66,57,56,58,47,54,61,46,56,57,51,58,61,55,58,61,98,59,57,56,63,58,59,52,58,57,51,58,61,44,64,67,59,60,54,35,52,54,83,63,58,46,56,55,47,60,60,60,60,59,56,48,62,57,58,55,56,40,58,55,58,57,57,62,55,0,51,60,54,55,56,43,59,63,42,51,61,57,57,59,54,59,59,59,56,59,56,46,52,55,58,58,58,59,54,57,53,59,54,58,60,63,54,55,61,106,56,63,58,59,58,63,53,57,54,56,56,60,55,57,58,56,60,60,57,60,49,54,56,60,51,56,63,54,88,58,56,55,59,58,59
37,99,40,33,36,31,22,36,46,33,35,20,41,25,31,32,51,24,35,36,38,34,36,40,32,42,44,32,31,32,34,30,32,29,71,34,35,31,45,35,39,35,33,50,30,29,35,30,36,37,35,38,30,58,33,49,33,40,47,37,31,35,45,34,27,65,32,27,26,36,32,33,34,42,40,44,40,36,59,25,35,33,36,35,43,29,32,47,32,22,32,32,32,32,32,44,36,51,30,33,36,43,33,32,68,66,38,52,46,32,22,30,41,32,22,52,32,35,46,35,23,35,47,31,36,36,137,27,48,50,33,36,57,24,39,44,37,35,32,38,29,30,28,35,9,44,22,35,37,25,35,21,30,38,22,58,32,30,35,36,32,36,40,27,37,25,42,34,25,65,27,44,35,46,42,39,30,29,36,35,35,50,34,33,30,41,70,30,35,19,33,39,39,109,33,34,43,51,24,31,30,36,32,48,47,38,24,36,54,36,30,42,31,25,43,23,35,40,37,35,55,37,36,35,92,35,36,31,38,26,23,33,35,29,33,32,36,27,44,44,38,41,30,24,37,32,86,51,28,26,29,35,29,43,28,39,41,23,28,27,35,36,32,33,40,27,36,45,48,48,40,33,36,51,0,33,37,30,20,24,34,60,19,37,36,33,36,34,37,30,25,34,32,28,37,24,33,32,49,41,34,28,30,28,18,27,31,35,31,29,35,34,31,96,32,40,34,29,35,36,4,29,27,38,28,31,34,30,25,27,25,34,33,39,20,36,37,30,36,33,23,38,94,24,34,36,27,38,35
24,99,37,26,21,14,33,30,40,19,19,43,29,19,43,26,36,24,21,21,24,38,23,34,16,41,45,21,18,21,23,24,18,25,71,22,23,33,45,18,47,21,21,47,24,18,25,15,24,23,22,38,26,59,35,41,17,18,48,25,22,34,42,22,18,68,20,26,36,19,15,22,29,21,32,34,32,19,64,17,23,23,20,21,34,26,34,52,21,18,22,19,15,18,23,42,20,61,23,19,24,43,19,22,72,69,22,45,45,24,20,26,24,19,19,49,19,34,42,23,22,22,42,21,23,23,137,18,57,46,19,27,54,30,22,43,28,20,21,25,21,26,28,23,27,29,23,24,25,18,28,29,24,24,34,56,25,25,31,22,24,24,41,23,23,33,44,21,19,50,23,54,31,34,42,45,24,51,23,24,20,52,20,28,27,34,65,16,22,19,35,37,22,105,19,15,37,53,28,27,34,25,25,40,37,24,28,24,56,28,21,37,31,37,50,41,17,24,21,18,56,25,18,20,89,29,23,32,40,26,39,35,34,21,21,38,26,26,45,52,28,24,21,36,36,36,89,50,24,30,24,42,27,36,18,34,24,39,23,40,39,25,32,22,40,41,30,42,44,42,41,26,23,60,33,0,23,22,32,38,28,51,38,25,36,23,24,15,23,15,13,22,19,22,28,22,21,24,43,32,22,15,19,15,29,19,28,32,25,23,23,33,21,112,19,43,21,25,41,27,31,20,22,21,17,19,20,24,15,19,20,24,22,27,37,23,23,20,44,22,21,25,95,17,24,32,21,31,24
8,100,43,33,2,22,38,35,40,22,12,44,33,23,45,30,37,26,11,19,11,41,9,27,13,40,40,13,14,25,6,11,15,18,69,3,22,35,44,16,42,7,14,50,28,17,5,12,5,15,13,38,24,56,35,42,24,28,46,14,16,33,43,2,27,68,12,19,35,13,13,5,29,18,39,38,39,13,66,21,8,24,8,5,27,27,33,53,6,22,11,2,20,20,7,42,11,63,9,28,4,41,25,10,70,76,4,54,50,12,30,27,8,5,23,50,23,31,47,3,22,14,41,9,5,7,136,19,55,51,10,19,62,34,5,47,19,29,7,12,20,32,31,13,33,35,21,21,11,21,20,26,24,4,30,53,21,28,34,17,24,5,38,19,2,31,45,14,16,60,24,48,31,38,49,44,7,49,4,17,16,48,8,27,29,41,70,17,7,25,38,47,13,107,19,13,39,60,32,33,31,9,32,39,37,4,21,4,47,31,18,44,28,33,47,36,20,24,18,17,57,25,13,20,90,32,21,32,36,23,38,30,41,16,15,40,30,19,40,44,26,8,20,35,30,36,94,38,32,32,29,37,22,44,23,36,8,38,21,37,44,9,32,8,41,38,33,40,43,39,38,27,3,54,37,23,0,12,32,37,25,56,39,21,32,15,4,18,2,19,19,20,11,16,30,15,8,11,48,37,25,18,25,18,28,16,33,23,20,27,1,35,21,105,19,43,11,13,43,32,33,12,22,7,15,21,29,26,17,21,27,11,11,12,38,5,4,19,38,2,26,25,88,24,26,32,17,30,6
15,98,43,31,15,17,32,21,32,22,12,46,24,16,44,21,38,25,11,13,13,39,15,32,9,39,42,3,13,26,16,12,1,14,69,12,19,30,41,15,44,10,5,52,24,7,13,2,13,13,10,38,26,55,31,43,23,26,45,16,19,34,43,12,26,65,3,23,31,13,11,12,29,18,34,36,34,7,60,19,14,27,11,12,26,20,26,41,13,14,16,14,18,18,11,36,13,59,12,30,13,40,21,12,69,72,12,47,47,11,29,23,15,10,11,48,17,31,46,15,10,11,45,10,12,11,129,11,55,52,11,21,60,35,15,45,24,23,12,17,10,27,24,14,26,27,11,14,15,18,26,28,20,14,23,55,23,28,34,16,24,13,37,8,15,30,42,14,4,53,23,50,31,29,47,45,16,48,12,8,9,49,14,17,24,39,68,12,14,18,34,41,14,104,10,5,35,55,27,28,33,14,22,38,37,14,25,13,51,36,6,38,29,31,44,38,8,22,16,4,60,21,12,21,84,23,22,32,38,14,34,34,33,4,3,31,27,23,42,49,21,15,20,36,35,40,90,46,21,32,19,35,24,39,17,31,15,34,10,40,37,14,32,14,40,44,37,42,43,42,31,24,14,55,30,22,12,0,29,36,30,52,37,25,37,13,13,4,15,6,12,21,8,16,19,16,14,14,42,35,15,6,20,8,30,10,33,28,15,21,15,30,21,104,19,42,13,14,41,33,26,14,23,11,2,19,21,27,10,10,23,14,1,18,34,13,12,12,40,15,17,21,87,17,23,30,4,23,12
33,96,34,27,32,17,27,27,44,35,34,36,27,15,29,26,43,18,26,25,26,42,31,31,31,43,43,28,29,33,30,28,29,31,67,30,33,25,48,31,46,33,25,48,25,29,30,29,32,28,31,30,21,51,27,31,25,24,40,36,29,31,47,30,16,66,28,34,21,24,31,29,21,32,40,43,40,31,65,25,32,31,27,30,31,20,19,44,29,21,32,27,23,24,29,44,30,62,29,33,32,38,29,30,68,58,34,52,41,32,19,25,37,32,16,51,29,35,41,31,22,28,38,32,32,32,139,23,56,51,29,36,64,24,33,47,32,23,32,36,24,31,22,30,24,30,29,32,33,17,28,22,22,31,25,50,35,4,35,32,29,32,35,29,33,25,42,25,28,54,23,48,31,38,40,43,29,50,32,30,31,48,31,28,34,34,65,19,33,13,29,39,32,108,21,30,37,54,28,30,26,33,27,42,36,31,24,32,54,37,26,45,27,22,37,36,22,31,32,29,47,15,33,28,84,31,33,25,31,18,29,32,36,30,29,32,31,34,42,39,35,37,26,26,28,19,90,46,13,24,23,24,28,36,25,32,37,29,21,33,34,33,18,30,40,43,30,33,47,39,31,32,29,56,20,32,32,29,0,36,31,60,37,26,26,30,32,20,33,24,15,24,31,26,29,31,31,25,47,33,32,14,19,19,26,26,27,34,27,22,33,31,37,108,29,37,32,22,33,26,14,24,32,34,32,25,34,31,28,23,20,30,33,35,27,32,30,32,46,32,21,15,93,14,23,34,32,27,34
38,95,38,42,37,38,32,42,46,36,40,36,41,37,38,42,47,40,35,37,35,40,38,38,37,43,47,39,36,41,36,34,37,39,70,35,34,34,42,36,35,35,38,51,31,37,36,39,37,40,33,42,30,60,44,39,32,40,47,41,38,32,39,35,34,67,39,26,30,31,36,34,37,35,44,43,44,37,64,38,35,36,35,36,37,38,29,48,31,39,31,37,36,37,33,48,33,58,30,42,37,39,33,29,71,74,38,57,44,39,39,43,38,36,38,55,37,41,43,36,39,39,42,35,37,36,135,34,46,46,34,44,61,33,38,43,35,42,37,41,37,43,43,33,24,41,39,36,36,37,36,26,40,37,44,52,39,39,42,38,33,37,34,38,38,45,41,31,38,59,40,47,38,44,51,38,35,38,37,41,38,49,34,32,43,38,69,39,37,37,43,38,36,109,37,36,43,59,41,41,36,40,39,48,46,37,24,37,55,35,33,48,34,32,49,28,35,32,39,39,61,35,37,36,93,41,41,36,37,36,40,32,40,40,40,40,42,26,49,39,38,38,34,14,35,44,88,47,37,38,39,32,24,45,38,35,38,40,41,1,39,40,40,34,33,25,43,38,47,44,38,44,39,43,24,38,37,36,36,0,29,61,28,30,35,32,37,35,38,40,37,32,38,27,40,26,28,31,53,33,42,40,37,37,36,39,39,33,40,42,38,42,35,106,26,46,37,35,39,28,25,30,35,36,40,39,41,36,42,38,36,39,39,42,24,35,33,40,44,33,37,40,95,36,44,40,40,43,39
26,91,35,34,22,24,35,37,39,23,29,47,32,27,44,33,47,23,16,17,24,42,24,16,23,45,42,25,25,29,23,18,26,28,73,23,18,33,48,28,33,24,23,53,25,22,22,30,24,24,25,35,19,59,32,42,26,33,44,30,25,27,45,23,17,63,25,28,29,24,25,24,19,22,44,47,44,31,58,20,27,27,22,24,24,25,34,47,23,21,14,24,25,26,22,43,24,61,23,29,24,46,26,22,64,77,26,52,46,30,23,30,30,22,24,53,25,37,42,23,25,22,41,27,24,24,141,22,59,51,23,27,56,34,23,43,22,29,26,25,28,31,35,23,37,42,25,28,25,24,17,24,22,29,29,55,18,27,39,28,19,24,39,25,24,29,46,24,28,63,26,51,39,42,50,48,19,51,26,27,24,54,26,27,35,42,68,26,23,24,41,47,24,110,28,25,42,61,35,32,30,26,27,47,44,29,26,24,54,37,25,46,18,35,38,41,28,29,15,30,48,24,25,28,93,34,32,35,35,22,40,34,43,29,23,42,32,28,42,30,27,30,20,26,36,34,92,48,33,37,33,38,21,47,21,37,30,40,24,30,41,26,26,24,42,45,41,34,46,37,37,33,29,59,34,28,25,30,31,29,0,60,40,29,12,21,24,25,24,27,28,25,31,26,33,26,24,25,50,38,32,25,29,29,38,29,33,29,25,20,24,39,33,97,24,42,28,17,40,31,35,24,29,22,27,26,32,17,31,25,25,22,27,26,39,26,22,27,44,23,30,28,83,25,28,30,23,33,26
58,98,40,35,56,54,53,49,62,56,58,58,56,58,55,60,53,54,55,57,58,48,59,64,55,58,64,54,52,55,56,57,54,52,68,56,59,54,51,55,65,57,54,58,56,54,56,53,58,57,57,56,60,65,61,63,55,54,59,61,58,54,48,56,60,72,54,63,65,56,53,55,53,59,59,57,59,52,73,55,56,53,56,57,58,61,60,65,57,55,56,56,56,57,57,64,57,63,59,53,58,57,54,55,69,78,57,54,61,53,54,58,61,57,55,62,53,61,58,57,60,56,64,56,56,58,145,57,59,56,55,58,67,55,59,55,58,47,57,60,57,58,55,56,58,61,56,59,59,56,60,60,57,59,60,52,61,58,50,54,54,58,49,56,57,52,46,54,58,71,59,43,58,57,60,54,55,64,59,57,53,56,58,56,59,55,70,57,57,55,59,63,59,112,55,55,59,69,51,50,52,59,60,60,59,59,61,58,65,47,54,58,60,57,61,61,59,57,60,53,60,57,58,59,89,59,60,58,62,58,58,54,53,53,55,57,58,63,57,64,61,61,56,57,59,61,96,65,60,56,51,50,61,47,58,53,61,58,56,63,54,59,60,55,53,65,61,60,55,60,55,54,60,63,60,51,56,52,60,61,60,0,56,60,60,60,58,58,57,58,58,57,51,60,52,59,57,56,59,36,56,56,57,56,57,59,54,62,54,60,57,58,62,106,58,55,55,56,52,55,59,56,49,60,55,56,59,53,59,55,44,61,54,61,54,58,57,56,66,57,58,56,92,53,53,60,53,51,58
39,99,37,43,40,36,28,35,38,36,37,28,37,39,52,39,39,38,37,37,41,42,40,42,34,50,49,38,38,38,40,37,37,41,67,38,37,36,48,37,50,38,36,51,37,37,39,38,40,41,40,30,30,53,44,47,27,34,43,40,36,39,39,38,42,72,38,29,43,34,37,37,35,35,42,44,42,38,70,39,40,38,34,37,35,41,38,48,35,41,36,39,37,35,40,43,39,62,32,44,40,45,37,36,76,82,35,52,42,36,41,41,39,38,44,54,34,38,45,39,44,38,49,36,38,35,143,37,41,50,36,40,52,37,37,44,39,40,38,42,41,41,33,40,17,33,37,36,41,40,33,41,41,40,40,55,38,36,41,43,36,40,39,36,39,39,43,38,38,66,31,50,40,41,47,39,37,47,39,36,36,41,37,39,40,40,70,37,40,41,30,45,36,113,34,35,38,66,35,39,37,40,34,45,44,40,26,40,57,43,37,45,31,33,42,31,36,36,36,38,63,33,36,43,93,41,31,46,41,35,37,27,37,37,36,36,42,29,47,60,44,39,35,26,42,37,84,52,37,42,40,34,30,50,35,43,39,37,33,27,44,40,34,37,32,27,36,47,46,40,40,41,40,42,19,38,39,37,37,28,40,56,0,32,42,36,40,38,39,33,39,41,38,40,38,26,28,40,52,42,35,34,35,31,32,36,27,35,38,37,39,35,37,115,37,44,42,42,43,38,24,35,40,33,36,34,37,38,40,35,35,40,38,43,30,39,39,41,41,37,35,40,87,35,35,42,38,33,40
24,97,44,35,16,24,36,35,41,21,18,40,35,25,43,30,44,20,19,25,20,43,27,27,21,45,45,20,25,24,22,16,25,27,70,22,15,36,50,25,43,24,22,53,23,26,22,26,23,26,18,39,18,59,36,44,16,19,44,28,16,35,37,21,33,65,20,14,27,21,21,18,26,24,41,43,41,23,68,27,20,27,18,21,31,21,25,43,23,27,19,23,18,16,16,43,21,60,17,30,23,36,24,16,69,72,19,55,47,26,40,29,25,24,20,56,21,30,41,22,22,23,39,21,22,19,144,19,57,47,18,21,59,31,19,50,22,29,21,20,23,30,25,23,27,32,22,29,22,25,21,26,30,24,28,52,17,19,30,28,17,23,37,28,23,29,46,14,24,61,28,45,37,42,49,44,18,45,22,27,26,46,24,25,31,38,74,26,23,25,37,42,20,111,21,24,38,62,33,37,28,27,30,44,39,24,15,23,53,36,25,44,18,32,45,39,22,10,18,26,53,20,26,22,93,25,26,26,36,27,38,32,38,23,24,40,31,14,48,49,25,25,11,27,34,44,91,45,21,24,33,34,17,44,24,37,26,38,23,30,44,27,34,22,38,34,34,39,46,43,34,33,25,51,37,25,21,25,26,30,29,60,32,0,25,15,23,21,23,23,19,19,23,17,30,17,16,23,51,37,26,23,23,22,18,27,27,18,26,25,23,25,22,114,12,41,26,19,35,33,27,16,17,17,18,24,30,22,19,23,31,28,25,23,41,26,25,24,38,22,33,14,90,28,26,26,20,33,22
32,94,40,36,31,34,34,36,34,35,30,43,35,31,46,37,44,29,23,31,29,44,28,30,34,41,46,34,34,32,31,24,34,34,71,31,28,31,45,33,41,33,29,58,28,29,30,30,32,34,25,40,25,62,32,40,36,39,47,36,30,25,46,33,31,65,34,27,35,33,34,32,30,34,41,44,41,32,60,35,26,26,29,31,29,28,23,51,31,34,18,30,34,30,28,41,34,60,27,35,32,49,30,29,65,77,32,47,48,39,22,29,36,33,34,55,36,38,39,31,32,29,40,30,31,32,127,34,60,53,31,41,57,33,36,45,29,38,34,36,34,32,30,32,31,36,37,33,33,33,27,25,34,35,30,52,34,32,40,34,33,32,44,39,34,36,43,30,35,54,35,51,39,46,53,54,30,47,32,35,31,50,33,31,40,45,59,35,34,30,39,47,32,109,36,33,43,50,36,35,23,28,35,43,41,35,25,32,50,35,32,48,23,34,42,39,30,27,31,30,57,30,33,31,94,36,30,39,36,34,41,32,42,37,34,40,38,27,44,18,38,36,26,28,31,38,92,47,31,32,36,41,20,44,29,36,36,41,32,36,47,28,33,32,39,45,38,24,49,39,42,37,35,61,36,36,32,37,26,35,12,60,42,25,0,28,32,34,34,36,33,25,36,27,37,28,25,30,51,39,41,32,33,37,36,37,36,30,31,36,30,38,38,105,27,49,38,27,37,28,32,27,30,29,37,36,39,29,35,32,32,33,38,34,39,31,28,35,39,30,30,32,91,37,37,31,33,38,31
15,99,46,33,13,21,34,34,41,19,14,41,34,21,43,31,43,26,9,16,14,41,12,25,14,40,39,13,16,25,10,11,10,16,65,14,18,31,45,18,40,14,14,52,20,17,10,15,12,15,6,36,18,56,38,42,17,23,44,15,6,37,44,15,28,65,13,19,38,11,14,15,19,17,41,41,41,15,63,18,9,25,7,13,22,27,28,48,11,19,13,14,16,15,7,44,13,56,7,30,12,39,22,2,67,75,9,53,48,15,31,26,15,13,20,51,19,39,42,15,22,12,38,2,14,9,138,14,55,48,10,19,54,31,11,48,20,28,10,10,22,32,24,12,32,36,17,22,13,20,23,21,26,17,28,50,23,23,35,20,24,12,37,24,15,27,41,9,15,65,22,44,36,42,45,41,4,47,15,16,16,46,13,23,29,39,67,16,7,23,37,45,6,107,21,11,40,61,30,33,30,8,33,39,38,17,19,12,49,34,15,43,26,31,42,33,19,19,14,15,50,30,15,21,89,33,21,29,33,19,36,33,37,15,14,38,32,19,39,48,29,15,13,32,28,37,90,43,24,26,32,30,19,47,23,34,15,36,23,32,40,8,32,14,37,36,39,40,44,41,37,24,17,57,33,23,15,13,30,32,21,60,36,15,28,0,12,15,15,20,19,19,16,12,29,10,7,11,48,38,26,16,22,21,25,16,30,22,15,27,16,30,23,111,15,45,17,14,43,30,32,4,15,6,13,23,29,27,16,19,22,5,13,17,35,12,15,18,36,14,30,19,88,21,27,27,18,32,17
8,99,44,35,8,21,38,34,38,22,15,44,34,25,42,29,40,28,14,18,13,40,10,28,15,40,41,17,19,26,8,12,14,20,69,3,20,37,46,16,41,7,16,53,28,16,7,15,1,17,13,36,26,60,36,44,26,25,48,14,15,37,47,3,31,69,16,18,36,15,16,4,29,19,39,38,39,12,67,24,12,26,7,9,29,25,35,54,8,24,13,6,24,25,9,42,8,64,12,30,1,41,24,15,71,75,8,56,52,15,34,27,8,6,22,48,24,32,49,3,23,17,42,11,9,8,138,19,56,53,11,21,63,35,8,49,23,27,11,12,21,31,32,14,34,32,20,18,4,24,24,30,25,6,31,56,22,28,36,17,27,3,40,22,3,33,45,18,18,61,27,51,32,40,50,43,10,50,3,18,18,47,11,28,31,41,70,18,9,24,40,47,11,108,20,15,40,61,31,35,35,8,29,37,33,6,23,2,48,34,19,42,27,34,46,39,22,25,17,16,56,27,15,21,92,31,22,33,35,24,36,33,43,17,17,41,30,18,41,44,26,8,22,36,28,40,95,40,35,32,31,39,26,45,24,35,8,36,26,37,44,8,38,9,42,39,36,41,43,42,37,30,6,57,36,24,4,13,32,37,24,58,40,23,32,12,0,18,3,17,20,23,12,15,29,15,11,10,47,37,26,20,27,19,32,17,34,25,18,29,4,33,24,108,17,44,15,14,43,32,34,13,24,10,18,22,29,27,18,22,28,12,12,10,39,6,6,17,41,4,30,24,91,25,27,33,17,34,6
19,97,41,35,14,14,38,26,34,19,11,40,23,13,39,15,37,17,17,15,18,41,17,30,17,40,45,14,15,21,17,18,11,16,65,17,20,31,40,18,44,19,13,47,24,11,18,5,18,8,14,35,23,56,37,40,19,17,39,19,13,34,42,17,13,64,14,17,32,13,18,18,24,17,34,36,34,16,62,7,14,25,17,16,29,27,30,44,15,13,16,13,8,8,16,38,17,59,15,28,18,40,24,12,66,67,16,49,44,14,32,15,18,17,4,48,18,35,45,17,17,16,42,13,17,15,131,15,56,48,17,24,61,32,19,47,21,19,18,19,11,26,27,17,22,31,10,19,19,14,23,26,19,18,24,57,20,10,32,14,23,18,32,16,19,31,47,16,4,51,24,52,30,26,46,41,15,48,17,11,13,50,17,23,29,37,66,7,16,6,36,31,18,102,10,15,35,53,28,30,27,17,23,42,39,18,20,18,53,33,4,36,31,30,45,35,6,23,17,7,60,26,17,20,84,24,18,31,37,16,36,35,32,8,13,36,30,17,42,51,23,18,18,37,32,40,90,44,27,31,25,35,24,40,23,32,18,36,10,35,36,17,31,18,38,42,33,43,44,40,30,25,20,59,34,15,18,4,20,35,25,58,38,21,34,15,18,0,17,4,2,19,10,21,19,15,16,16,44,30,21,2,25,9,31,15,31,32,14,25,17,33,19,105,20,42,14,19,40,31,25,14,24,17,3,12,22,20,6,9,27,20,11,22,35,18,20,12,47,17,26,23,91,19,29,33,4,31,19
8,98,44,34,4,20,39,35,37,23,14,46,34,24,43,30,42,26,11,19,11,38,10,28,14,40,42,15,16,27,7,12,15,20,70,5,19,36,45,17,44,9,14,49,28,17,6,17,3,20,11,38,25,58,35,43,25,28,48,14,12,36,46,3,28,68,14,20,37,12,13,5,30,18,40,40,40,14,67,24,13,25,10,7,28,27,34,52,7,24,10,6,24,24,9,42,9,63,14,32,4,43,24,10,70,76,6,56,51,17,31,28,14,6,24,48,21,34,46,6,24,14,42,10,5,8,138,20,55,52,10,20,62,36,6,48,20,27,10,16,22,32,32,14,33,36,20,21,12,23,21,27,26,5,33,53,24,27,33,20,24,5,39,23,0,34,44,15,16,63,26,48,35,40,47,42,11,49,5,19,17,46,10,30,29,40,72,20,8,24,40,47,13,108,19,14,41,63,32,34,35,8,32,38,38,5,22,5,49,36,21,45,29,33,47,39,24,24,18,17,56,29,14,19,92,32,21,33,35,24,37,30,42,19,15,40,31,20,42,46,27,14,21,36,31,37,94,40,32,32,30,38,25,45,26,36,14,37,27,38,45,8,33,4,42,34,34,41,43,42,38,29,8,54,37,23,2,15,33,38,24,57,39,23,34,15,3,17,0,18,20,22,11,16,30,16,12,9,44,36,26,19,26,19,32,17,33,23,20,28,2,34,21,106,19,44,12,16,42,35,33,12,23,12,17,22,30,27,17,21,27,16,15,18,38,6,10,20,42,3,31,24,89,25,26,32,19,32,8
19,99,41,35,15,13,33,29,34,22,11,41,32,13,39,25,35,15,19,14,16,34,17,32,20,37,44,18,18,17,19,17,19,19,65,20,23,33,49,14,47,17,16,48,17,17,17,4,18,14,16,39,25,57,35,42,19,25,48,18,21,36,45,16,12,64,18,19,31,20,20,18,21,17,31,33,31,11,61,9,20,29,18,17,30,23,35,53,21,5,16,14,18,17,17,42,19,59,20,25,17,40,24,19,66,73,14,42,50,9,29,24,15,19,10,46,22,34,49,16,12,18,45,16,19,15,132,21,55,50,18,20,60,34,15,49,24,27,18,17,11,25,28,19,31,26,10,14,18,11,25,31,23,14,30,56,19,14,38,8,24,18,30,8,18,31,44,19,4,54,20,53,28,34,42,43,19,52,17,5,12,51,21,17,28,40,67,1,14,7,38,41,19,105,7,16,36,58,25,34,35,13,30,38,33,14,22,17,49,31,6,36,29,35,44,41,12,21,20,14,60,22,14,19,89,28,21,27,39,5,30,34,38,6,18,38,25,19,44,50,22,15,19,34,36,33,84,44,22,32,29,39,27,33,16,34,15,30,11,40,40,13,26,20,39,41,28,45,45,41,33,25,14,59,30,15,19,6,24,40,27,58,33,23,36,20,17,4,18,0,7,21,16,16,25,20,18,20,39,30,22,8,25,9,30,6,31,32,10,18,17,30,20,111,21,45,9,20,43,29,22,19,23,13,13,12,25,28,9,14,27,16,13,19,33,16,18,20,41,19,18,20,89,12,25,33,8,25,17
21,98,36,33,19,10,40,28,37,18,13,43,30,13,40,24,43,14,20,12,20,37,19,31,19,40,45,14,13,21,20,18,17,18,68,19,20,36,42,20,48,20,15,53,18,15,20,13,20,9,18,40,23,59,32,39,18,25,39,22,21,35,43,19,12,65,14,15,34,18,19,21,28,16,35,37,35,18,66,15,19,26,18,18,25,27,28,48,18,5,22,19,7,7,17,39,20,56,16,25,20,35,19,15,67,68,20,49,48,20,34,18,23,22,5,45,19,35,46,21,14,18,43,17,20,18,130,14,55,49,19,24,56,32,21,49,25,25,21,21,19,26,23,20,27,36,3,16,21,16,26,30,20,20,21,58,26,11,36,9,26,20,39,12,20,33,44,19,4,55,20,53,30,33,44,42,18,49,20,8,21,47,20,14,29,41,67,2,19,4,37,36,17,101,5,23,34,52,25,31,26,17,25,42,40,20,22,20,54,32,11,33,30,35,48,38,11,15,23,18,61,25,24,20,93,26,21,32,40,10,32,35,37,13,15,35,25,15,46,51,21,23,16,30,33,32,89,44,31,31,31,32,25,38,19,33,23,32,23,37,39,17,23,20,41,43,29,40,41,42,33,27,19,59,25,13,19,12,15,37,28,58,39,19,33,19,20,2,20,7,0,27,16,17,25,17,19,17,42,29,20,1,23,12,24,9,30,31,11,15,20,29,25,106,16,44,20,18,42,30,20,16,17,18,11,13,24,25,7,12,24,19,15,21,34,19,22,8,45,21,26,25,91,9,26,33,10,26,20
22,94,41,33,15,19,35,32,41,15,20,45,34,17,39,26,48,25,15,20,23,42,20,26,20,41,47,17,22,29,19,16,17,23,68,21,23,26,40,21,34,22,18,56,25,22,19,23,23,19,18,35,20,55,36,38,15,24,41,23,16,35,41,21,23,62,16,20,23,21,20,19,26,17,41,45,41,19,64,17,18,28,17,18,26,22,32,49,21,15,20,19,21,20,20,46,20,61,17,29,23,40,20,17,64,70,21,56,39,24,31,31,24,17,21,57,22,37,44,22,22,16,43,14,21,20,142,25,56,46,17,24,67,31,22,43,20,28,20,23,22,34,24,17,34,38,23,25,24,13,23,35,23,22,29,56,16,28,34,24,16,23,37,23,22,26,46,10,18,61,23,45,36,40,44,40,15,47,20,18,20,45,21,24,33,41,66,20,19,18,40,46,15,112,22,20,42,63,32,35,32,24,30,43,41,22,10,23,54,36,16,44,24,25,47,43,18,16,26,23,52,19,17,23,88,32,20,25,30,16,35,23,33,20,17,35,29,20,44,39,30,24,17,31,34,42,94,49,29,24,30,42,25,43,21,36,23,35,17,30,43,24,36,20,45,39,36,41,44,43,36,24,22,59,34,22,20,21,24,32,25,57,41,19,25,19,23,19,22,21,27,0,22,17,27,18,18,20,48,36,26,21,19,19,26,24,29,20,18,26,20,30,23,108,14,37,22,15,30,35,32,17,21,15,24,22,24,18,22,22,27,18,24,24,32,20,23,22,45,19,34,22,88,14,26,31,19,32,23
12,95,38,30,12,16,38,25,36,20,18,44,30,17,40,25,37,22,13,14,11,34,11,31,12,40,43,10,12,24,11,11,6,13,66,10,21,34,47,10,47,9,8,49,22,12,12,10,13,15,10,35,24,53,36,45,20,25,46,13,21,33,42,11,27,65,10,21,33,16,16,9,24,18,33,35,33,1,56,21,10,23,10,11,26,28,29,50,9,17,15,11,19,17,12,34,10,62,15,27,13,38,20,12,69,73,10,49,42,10,36,22,13,8,18,48,20,33,44,12,18,12,45,12,11,10,133,16,54,51,10,21,56,29,13,44,24,19,8,17,8,27,26,14,29,32,16,21,13,18,24,29,24,12,30,53,22,28,31,17,22,13,32,21,11,29,47,14,14,48,23,50,33,40,44,41,9,47,12,12,12,51,5,16,24,36,65,16,11,20,39,45,13,103,16,10,34,58,27,29,31,11,22,41,36,12,24,12,51,31,16,39,30,35,45,35,20,25,19,10,58,27,13,23,87,29,23,33,36,21,33,32,37,12,10,37,32,21,43,50,20,13,21,35,33,43,91,45,31,33,25,35,22,36,28,31,13,33,24,38,40,11,34,9,41,38,33,45,40,41,36,24,11,56,32,19,11,8,31,38,31,51,38,23,36,16,12,10,11,16,16,22,0,15,25,17,15,11,44,28,21,16,22,17,32,10,31,25,13,26,10,31,21,111,17,43,4,17,38,33,30,11,15,14,12,8,25,28,10,18,21,17,6,21,35,11,10,12,45,10,30,20,94,18,28,31,12,27,11
16,100,45,35,18,19,40,32,42,18,13,40,31,23,47,31,44,28,17,20,5,44,16,32,16,36,42,16,16,24,13,15,17,18,69,13,23,33,50,17,44,11,11,55,25,17,16,16,15,19,15,38,24,57,35,45,23,26,47,18,15,40,49,13,33,65,16,15,29,5,18,12,33,17,41,43,41,13,67,24,14,25,14,14,25,27,30,54,10,23,8,12,18,18,12,42,12,64,12,32,15,40,26,13,67,78,13,50,50,17,34,29,15,11,25,53,25,29,47,14,26,9,39,14,13,13,140,20,56,53,11,27,59,35,12,46,20,25,13,19,20,33,32,15,28,33,17,17,14,23,22,28,29,15,36,54,11,19,36,18,25,15,41,22,16,35,39,7,20,61,24,49,36,43,52,45,14,43,15,16,16,51,15,23,30,37,70,16,12,22,40,44,4,111,17,15,41,61,33,36,38,16,24,41,38,15,18,15,50,38,19,41,22,29,49,37,22,14,16,15,59,28,15,22,93,31,16,25,34,23,38,35,35,20,16,37,30,15,42,45,29,15,21,24,34,41,93,44,26,31,32,34,23,46,28,37,14,38,25,29,47,16,34,12,45,36,32,33,42,44,33,34,15,59,28,22,16,16,26,27,26,60,40,17,27,12,15,21,16,16,17,17,15,0,30,9,16,13,45,39,26,19,27,16,25,20,33,17,18,27,12,26,17,108,11,35,16,15,42,32,33,12,26,9,16,23,32,17,18,18,28,13,15,16,31,12,15,17,45,12,32,19,91,23,27,21,20,33,15
30,99,37,31,31,21,35,19,34,26,24,43,20,29,33,24,30,24,28,17,28,37,31,36,29,46,46,25,22,25,31,29,20,21,67,27,31,39,39,27,53,27,24,52,28,23,28,20,29,30,29,42,29,53,40,36,25,28,44,29,33,38,41,27,32,73,25,28,34,27,27,28,31,27,32,34,32,26,57,21,28,23,28,27,30,25,27,48,27,31,29,28,24,25,28,39,28,63,32,20,29,33,24,30,68,74,29,49,52,27,34,23,32,26,24,39,19,36,46,29,28,26,44,26,27,28,132,23,57,48,27,34,57,29,32,47,31,8,28,30,26,25,28,32,34,22,18,27,30,29,31,22,27,31,36,56,29,23,16,29,22,29,29,26,30,24,45,25,18,48,34,53,32,36,46,44,30,52,28,28,27,51,27,29,21,39,63,29,31,26,31,41,29,107,25,24,32,54,25,24,39,31,24,43,41,31,30,29,58,22,20,40,28,32,41,39,24,29,30,24,58,27,28,28,74,17,24,31,38,21,28,33,32,20,20,33,35,28,46,53,32,32,27,40,35,41,91,51,22,34,6,27,35,39,26,30,32,28,22,40,40,31,32,28,44,45,36,43,43,34,37,24,29,56,37,28,30,19,29,40,33,52,38,30,37,29,29,19,30,25,25,27,25,30,0,30,31,28,37,30,26,21,26,17,28,21,29,34,27,32,30,23,27,112,29,43,25,29,43,28,36,28,31,29,22,30,16,25,30,25,24,31,20,31,39,28,26,29,42,30,25,24,91,30,22,36,25,8,28
16,96,41,35,10,20,35,37,41,19,18,33,34,19,43,32,43,20,11,24,13,43,15,28,16,38,42,15,22,29,14,7,14,20,69,15,18,30,46,16,40,15,12,50,23,14,14,18,17,17,8,39,21,57,34,44,22,28,45,19,17,32,42,15,25,70,15,6,35,13,16,13,28,20,40,43,40,17,67,22,14,29,13,14,26,29,33,49,14,22,16,11,19,19,10,45,9,55,7,32,17,44,23,9,69,71,17,56,52,18,37,27,17,15,17,54,25,36,46,16,24,11,41,10,15,14,138,17,45,48,13,25,62,30,18,48,21,30,15,16,22,34,29,11,20,35,17,19,16,20,27,28,28,17,31,56,18,25,35,19,26,17,40,22,16,32,40,7,13,62,24,47,36,42,45,42,12,36,16,19,14,47,14,20,33,38,66,19,16,22,39,42,8,105,20,13,41,58,31,35,33,15,36,39,38,17,12,15,51,35,22,43,28,37,47,26,20,22,12,18,55,27,13,21,91,29,19,35,33,22,33,36,40,20,15,41,33,6,44,47,29,17,18,22,34,41,89,48,28,29,35,35,10,46,26,35,17,33,24,27,40,15,33,14,44,24,36,37,44,44,32,31,14,46,24,22,15,16,31,26,26,59,26,17,28,10,15,15,16,20,17,18,17,9,30,0,4,14,42,38,29,17,24,19,24,22,35,23,16,23,16,31,17,108,15,45,18,9,44,32,18,8,22,17,19,22,33,24,21,21,25,12,16,19,26,15,16,21,36,13,29,21,92,20,32,25,19,34,15
11,96,41,34,5,22,35,35,42,23,18,36,36,17,42,31,44,26,9,19,9,42,9,27,14,42,41,14,16,27,8,7,15,20,66,10,20,32,46,15,39,10,16,53,22,20,7,16,11,18,6,41,19,55,36,40,24,29,44,12,16,36,45,9,27,66,15,10,32,13,14,11,28,22,39,42,39,14,64,21,6,26,7,10,23,25,31,51,7,21,11,9,18,18,6,43,7,60,2,33,11,43,23,8,67,69,10,51,51,16,34,27,12,6,16,52,26,32,41,10,22,16,39,8,11,10,133,15,54,53,8,27,61,30,12,48,23,28,8,17,17,31,28,10,22,35,17,23,12,19,23,23,24,11,29,52,24,23,38,21,25,11,39,24,12,29,42,10,15,56,23,47,34,40,44,45,7,38,10,17,16,49,10,20,31,38,67,17,7,19,38,44,6,107,20,11,41,56,31,34,27,12,35,43,39,11,13,11,48,35,18,41,25,34,46,27,21,23,16,16,54,29,19,21,94,32,19,33,36,22,35,35,37,18,17,39,32,10,41,43,29,12,22,24,33,40,89,43,26,32,32,34,13,45,26,35,12,35,23,34,39,12,35,10,43,30,36,38,43,47,38,25,14,52,33,21,8,14,31,28,24,57,28,16,25,7,11,16,12,18,19,18,15,16,31,4,0,6,45,37,28,21,25,23,25,19,32,22,17,26,9,30,20,107,13,43,18,13,43,30,22,5,17,12,17,21,32,22,21,23,25,10,15,20,29,7,13,19,30,10,28,20,90,21,30,32,20,32,10
12,97,43,34,8,20,38,34,43,24,16,39,34,25,47,29,40,26,12,21,12,43,11,29,13,41,41,16,21,28,6,10,11,18,66,8,18,33,46,14,46,8,15,51,27,16,9,16,12,21,13,35,22,59,37,41,25,27,44,11,19,36,47,10,33,68,15,17,37,14,13,10,30,22,39,41,39,14,67,25,7,28,9,10,29,29,35,52,8,25,4,8,22,23,11,44,9,56,10,33,12,40,23,9,70,77,9,53,52,16,32,28,11,9,21,53,27,31,47,11,23,15,40,12,10,10,136,20,56,52,7,21,51,32,9,44,19,25,7,14,20,33,31,12,32,37,16,22,11,26,22,28,29,8,32,54,23,21,35,19,28,12,40,25,9,37,47,14,17,62,27,50,32,39,49,43,5,42,12,18,16,41,9,20,30,42,70,20,7,22,40,43,9,107,16,14,42,61,31,33,31,8,32,41,37,8,22,10,50,34,20,39,28,36,44,36,19,24,15,16,58,26,19,24,91,32,21,37,31,26,40,31,39,17,17,37,32,17,41,48,30,11,21,31,38,37,91,41,33,30,33,38,22,46,28,34,11,40,29,31,46,8,36,10,45,35,37,41,43,42,39,32,8,55,32,24,11,14,25,31,25,56,40,23,30,11,10,16,9,20,17,20,11,13,28,14,6,0,48,34,27,17,26,18,30,18,34,23,21,28,12,35,20,113,14,44,17,12,40,30,34,8,20,11,14,20,29,25,18,21,27,14,15,21,37,10,7,18,43,6,32,25,95,23,28,27,20,31,12
47,102,42,46,48,41,52,47,46,47,47,44,46,43,51,39,48,46,47,44,43,45,43,53,47,47,49,45,48,45,49,46,44,47,75,48,50,44,46,47,52,44,47,44,45,48,46,40,47,45,43,41,49,57,52,51,40,45,47,48,50,41,45,48,50,76,45,49,44,44,49,46,43,39,45,42,45,44,69,45,48,45,45,45,53,47,38,56,46,43,47,47,49,50,45,40,49,61,48,45,47,47,44,46,82,75,48,48,54,46,50,49,48,46,47,54,43,46,52,48,47,46,53,46,47,47,130,48,58,53,47,48,53,50,47,45,46,35,46,49,46,41,51,48,53,50,46,43,46,43,50,49,49,47,50,56,46,42,44,45,46,47,46,45,44,44,49,42,45,69,44,54,44,45,50,49,49,61,48,43,48,55,47,49,44,41,71,39,43,45,49,46,44,111,39,42,51,61,44,47,48,46,44,49,51,47,49,47,60,49,45,38,50,50,51,54,45,43,46,40,55,49,48,48,97,44,47,51,48,44,48,51,46,44,45,46,49,49,48,56,44,48,49,54,50,52,96,51,49,48,38,46,51,48,48,46,48,48,48,51,50,46,48,48,33,51,39,53,44,44,50,48,48,58,49,43,48,42,47,53,50,59,52,51,51,48,47,44,44,39,42,48,44,45,37,42,45,48,0,42,45,45,45,44,46,43,40,55,46,46,47,44,47,108,48,48,42,49,49,47,52,45,48,46,41,46,36,46,43,42,48,47,43,50,51,47,47,46,51,45,48,49,95,40,46,51,45,38,45
37,94,30,10,35,32,37,36,41,35,35,46,21,29,36,38,32,36,36,35,38,7,37,41,37,36,45,33,30,34,36,37,33,34,68,35,37,31,41,34,50,37,36,44,34,36,33,36,37,35,35,29,36,57,36,44,36,36,50,39,35,34,41,35,34,66,33,39,28,36,37,36,32,37,27,30,28,33,58,34,35,35,37,37,35,30,30,57,38,30,37,36,31,35,33,32,37,60,35,30,39,39,30,34,63,69,37,43,54,36,31,36,36,37,35,47,29,36,47,37,30,37,48,36,34,37,132,33,58,51,34,40,63,24,38,41,37,24,38,37,32,29,33,35,40,40,31,37,38,31,38,32,30,39,39,42,34,32,28,32,27,37,15,33,36,30,23,35,27,61,29,44,19,30,46,40,37,55,37,32,36,44,37,35,14,33,65,31,38,33,41,44,37,108,29,30,19,61,28,23,30,39,32,36,38,39,40,37,52,24,34,40,36,38,44,42,32,32,38,36,61,34,35,36,89,39,34,39,35,32,33,37,28,34,34,31,39,39,45,52,40,36,35,36,29,38,89,47,32,31,33,29,40,14,28,31,36,33,29,33,21,39,32,35,34,46,32,38,39,42,40,29,39,58,41,32,37,35,33,33,38,36,42,37,39,38,37,30,36,30,29,36,28,39,30,38,37,34,42,0,32,31,30,34,38,28,38,41,35,27,36,35,41,110,33,41,36,33,43,33,34,38,26,37,31,37,32,33,34,28,27,35,27,40,42,37,36,30,45,37,36,32,96,33,34,41,37,32,35
26,101,35,37,26,24,38,31,29,22,26,43,26,26,42,26,44,28,25,18,26,36,27,35,28,43,46,23,23,19,27,27,22,26,68,26,26,38,49,23,48,26,21,48,26,21,27,20,26,22,23,34,23,53,38,43,21,23,49,28,27,38,43,26,32,67,23,30,38,25,24,25,23,26,36,38,36,25,65,26,25,25,25,26,24,31,36,53,27,26,27,26,20,23,27,39,28,67,27,26,26,43,19,25,67,70,25,46,50,27,32,30,27,25,26,47,19,35,44,26,22,24,46,23,25,25,130,26,55,54,25,28,62,35,27,44,25,18,24,25,21,18,33,26,35,36,20,23,27,23,26,36,25,27,31,55,25,25,24,18,25,26,28,23,26,27,42,24,20,59,28,51,27,32,49,42,25,51,25,17,17,48,25,25,29,41,65,22,28,24,40,45,24,106,21,19,37,60,18,26,37,27,26,43,41,27,31,26,58,32,19,44,32,36,50,35,21,23,23,17,58,32,24,21,92,20,21,31,41,20,32,37,29,20,23,37,22,30,46,54,28,27,23,38,38,39,90,49,29,34,29,35,24,32,20,26,27,32,23,42,43,27,39,26,44,44,31,46,40,42,33,24,25,58,34,22,25,15,32,42,32,56,35,26,41,26,26,21,26,22,20,26,21,26,26,29,28,27,45,32,0,23,21,20,28,18,31,32,21,23,25,35,27,112,22,43,23,26,42,29,31,25,26,25,18,23,30,16,15,19,23,28,16,27,36,25,25,22,45,27,33,26,90,24,24,35,20,27,27
21,96,38,35,19,13,37,31,37,18,15,40,22,6,34,26,39,13,18,7,20,37,21,33,17,37,42,7,13,19,17,19,12,17,67,20,13,29,41,20,46,19,16,53,20,14,20,11,20,15,19,37,23,60,35,41,17,25,38,20,17,33,44,20,12,66,7,15,30,15,17,19,20,15,37,37,37,18,62,8,19,28,17,17,30,23,30,44,14,14,20,18,11,11,18,41,21,58,17,28,20,40,19,15,72,68,19,49,46,14,34,16,22,21,5,45,18,32,43,21,11,18,41,17,19,18,129,9,54,46,18,22,56,32,20,48,21,23,21,20,12,27,25,20,26,32,12,15,21,16,26,25,21,19,23,58,24,10,36,16,24,20,35,15,19,34,47,21,4,57,19,53,32,32,39,41,17,48,19,15,20,46,20,17,28,41,67,3,18,5,36,34,16,100,20,19,32,53,26,30,23,22,30,36,37,19,22,20,54,31,16,36,28,31,43,38,7,26,22,15,58,26,18,20,85,28,18,31,39,15,32,30,34,14,18,36,22,15,42,49,22,22,15,36,34,36,88,47,21,34,29,37,24,41,14,31,22,32,16,40,37,22,23,18,38,44,32,42,39,38,34,28,19,59,28,15,18,6,14,40,25,56,34,23,32,16,20,2,19,8,1,21,16,19,21,17,21,17,45,31,23,0,20,10,31,13,27,28,19,20,21,29,24,104,14,44,8,19,35,31,28,15,17,16,16,9,29,20,8,3,27,19,17,22,38,22,21,4,46,20,26,23,89,10,26,31,8,27,21
28,99,38,33,26,12,31,29,41,20,25,38,26,25,36,21,43,19,25,16,21,42,27,34,25,44,45,17,20,14,26,26,20,24,65,27,27,27,29,26,48,24,17,47,26,16,26,21,27,29,19,24,20,55,31,32,22,21,40,30,26,31,35,27,20,63,17,27,23,24,25,23,24,27,37,41,37,25,61,25,27,24,20,26,23,21,24,43,25,25,25,23,18,18,22,45,25,60,23,29,27,38,26,22,71,65,24,53,37,25,20,17,27,25,24,53,11,34,35,28,16,21,40,26,25,25,138,16,58,53,24,33,50,30,28,44,25,25,24,25,18,32,23,23,26,32,24,28,30,29,27,29,20,29,31,55,20,12,37,27,22,27,31,26,26,30,38,20,19,54,28,45,36,38,50,41,23,50,25,26,27,48,28,16,26,34,68,24,26,27,29,44,25,102,24,25,41,59,33,37,30,27,23,44,37,29,21,27,56,32,20,42,27,31,38,32,21,28,26,27,54,9,30,29,77,29,21,20,40,30,40,30,33,25,17,35,29,27,43,51,30,27,18,28,31,32,86,50,14,16,29,34,29,38,29,33,26,40,29,37,41,27,22,24,39,44,35,43,42,31,29,27,29,54,30,19,25,20,19,37,29,57,35,23,33,22,27,25,26,25,23,19,22,27,26,24,25,26,45,30,21,20,0,15,23,25,28,19,27,23,26,26,28,102,18,34,27,22,36,23,32,21,20,27,24,28,21,23,24,24,25,28,24,29,28,24,25,27,40,25,23,8,84,21,23,32,24,16,29
21,98,41,29,19,4,40,19,37,25,18,44,26,13,41,27,39,21,20,7,14,40,20,32,23,41,44,8,9,16,22,20,9,24,69,18,16,35,45,18,47,17,7,52,20,7,19,9,19,15,18,33,20,59,26,45,23,15,43,20,20,29,43,18,19,68,7,23,32,16,20,19,24,15,37,41,37,18,62,14,18,27,18,19,23,17,25,39,19,8,18,21,12,10,15,41,21,61,24,19,19,36,19,21,70,69,21,54,39,14,26,13,22,18,12,45,12,32,38,18,10,14,42,16,18,21,136,7,56,51,18,27,54,28,20,48,30,22,15,23,10,27,28,21,26,27,23,18,20,13,27,31,22,19,19,58,19,18,34,17,21,19,37,16,19,32,40,12,13,48,18,52,29,36,48,45,20,48,18,16,21,47,19,22,30,38,69,17,20,16,29,36,13,110,16,18,36,53,27,34,36,21,19,40,37,19,23,19,55,32,10,38,29,32,45,34,16,17,12,17,56,10,21,20,82,29,14,25,39,8,35,36,33,15,8,37,29,23,44,52,22,22,14,37,31,31,90,47,13,31,24,31,20,42,24,32,23,35,17,38,41,21,28,19,40,43,33,42,44,40,37,24,18,57,28,15,18,8,19,37,29,56,31,22,37,21,19,9,19,9,12,19,17,16,17,19,23,18,44,34,20,10,15,0,29,9,29,24,17,22,19,21,18,108,20,35,16,22,38,31,31,20,16,18,10,18,27,18,16,12,18,19,18,18,34,21,18,13,44,21,16,7,87,17,25,28,8,27,18
33,95,44,31,29,28,32,38,41,28,28,33,29,31,36,34,44,28,27,34,26,38,33,36,33,41,45,30,29,34,32,26,30,31,59,31,31,27,49,29,47,34,31,52,27,29,30,29,32,34,27,35,32,60,35,50,21,28,43,36,33,34,45,31,33,61,30,24,22,28,33,31,31,29,38,39,37,31,61,32,31,34,31,33,30,22,22,42,32,29,32,32,22,22,25,43,33,59,28,36,32,36,25,25,61,75,34,52,43,30,30,34,37,31,31,55,26,36,34,31,26,31,37,30,31,34,139,23,52,47,30,37,50,34,36,49,31,30,30,36,30,30,12,29,11,32,21,37,33,26,25,29,31,36,25,54,33,23,33,29,20,32,31,27,32,32,37,27,24,64,28,46,32,40,49,42,25,46,34,25,32,46,33,21,28,37,69,30,33,25,29,39,25,112,23,31,42,56,23,30,28,33,31,41,42,36,33,32,53,37,34,36,20,30,39,30,30,28,28,33,55,21,36,29,95,32,29,26,34,26,25,31,29,26,32,25,27,24,46,44,33,37,26,36,29,33,88,45,15,27,30,34,34,45,40,35,37,25,31,39,38,33,39,31,39,39,36,34,46,34,30,21,36,53,18,29,28,30,26,36,38,57,32,18,36,25,32,31,32,30,24,26,32,25,28,24,25,30,46,38,28,31,23,29,0,26,25,21,36,32,32,28,31,106,25,36,35,34,37,27,12,25,27,30,29,30,37,29,28,27,34,36,34,36,30,32,32,23,42,28,29,24,85,34,28,33,22,24,31
19,97,39,32,15,11,32,26,30,19,9,38,25,10,41,25,41,24,19,15,18,38,16,33,17,40,46,9,13,13,19,20,8,18,66,19,23,33,42,12,48,15,7,50,22,8,17,8,18,10,18,34,24,58,20,37,23,24,48,16,19,35,44,18,18,68,9,22,27,18,17,18,29,18,35,37,35,13,61,16,18,24,16,17,26,28,33,53,16,12,21,13,9,9,15,41,19,58,20,23,17,41,22,17,70,75,13,48,44,15,31,24,19,14,19,50,18,32,50,18,9,13,45,13,18,13,129,12,54,51,17,22,61,33,17,49,29,23,16,18,12,28,31,19,28,26,12,15,18,11,28,25,22,17,24,58,24,17,30,6,25,18,33,5,17,30,45,16,5,52,23,51,27,34,39,43,19,50,18,5,16,51,18,18,27,40,68,6,19,12,39,45,14,103,5,14,37,56,28,33,33,14,31,41,37,17,27,17,50,33,11,38,28,33,43,32,21,19,18,7,56,17,9,19,89,24,14,32,38,6,34,35,38,4,9,26,24,22,46,50,22,19,20,36,32,35,83,45,21,35,28,36,27,34,25,33,19,34,13,39,37,14,29,16,38,44,26,43,40,42,38,26,19,59,27,19,16,10,26,39,29,59,36,27,37,16,17,15,17,6,9,24,10,20,21,22,19,18,43,28,18,13,25,9,26,0,30,26,17,12,16,31,21,109,15,40,15,18,38,32,23,19,17,16,13,12,22,27,1,5,25,17,10,18,34,13,15,10,42,18,18,26,92,17,26,32,6,25,19
33,93,43,25,34,30,31,31,36,20,30,38,34,32,40,33,38,25,28,30,35,42,28,39,31,41,47,30,31,29,34,32,32,27,63,32,28,29,40,33,50,32,29,52,30,23,33,34,34,27,33,31,27,57,40,43,21,25,42,35,30,31,40,32,34,64,30,34,33,29,31,27,27,30,35,34,35,33,63,32,31,24,26,32,32,35,30,50,33,32,28,27,28,28,33,42,29,59,29,26,34,36,26,32,63,74,29,55,49,34,25,32,35,32,29,51,25,34,43,33,34,31,45,29,32,27,142,29,52,25,26,34,53,31,31,45,33,29,30,36,31,27,27,34,28,30,29,32,29,31,33,30,33,34,31,51,33,27,22,31,32,34,35,27,33,34,42,34,29,63,35,43,32,39,46,41,34,48,33,32,30,46,33,31,29,39,69,32,34,34,36,44,32,107,32,30,37,64,30,27,35,34,27,36,39,34,33,34,52,38,33,39,34,32,36,38,32,29,31,32,53,29,28,36,93,28,29,37,39,32,32,29,28,32,30,27,20,34,46,50,35,35,25,36,34,35,92,42,26,21,27,40,31,40,26,37,35,32,33,38,39,34,28,31,42,35,34,34,40,39,40,34,34,54,31,28,33,33,27,39,33,54,27,27,36,30,34,31,33,31,30,29,31,33,29,35,32,34,40,38,31,27,28,29,25,30,0,29,36,29,33,33,33,109,24,41,32,33,36,29,27,30,31,29,29,25,29,32,33,30,34,33,32,35,39,29,33,33,48,29,31,29,91,33,31,32,30,30,34
26,100,48,35,24,22,37,36,42,23,26,47,36,32,43,33,45,28,22,21,19,46,22,28,26,41,45,28,27,29,26,25,27,29,69,23,29,38,48,30,43,25,26,56,25,28,23,29,24,29,22,38,28,62,41,50,21,26,50,26,25,33,42,22,33,68,28,22,38,21,25,22,31,24,44,44,44,25,76,31,27,26,22,23,23,24,29,58,21,31,26,21,27,24,24,41,25,58,22,36,24,38,30,18,68,76,25,62,56,29,39,32,26,23,30,57,28,39,48,24,27,25,46,21,23,23,143,26,58,49,22,34,54,38,27,55,32,32,24,25,29,35,30,27,33,35,31,25,26,27,32,30,28,27,38,58,20,27,41,29,24,24,42,34,23,36,45,23,32,71,27,50,36,44,53,49,22,46,24,30,25,49,26,21,35,43,75,31,24,27,42,52,16,112,29,29,48,68,34,40,39,24,33,43,40,27,18,25,55,35,29,46,28,32,48,43,33,20,18,29,63,25,29,28,99,29,25,30,39,28,40,37,32,26,28,30,29,22,46,48,28,26,23,36,35,42,97,47,28,31,36,38,20,44,31,35,26,40,27,36,48,24,35,22,49,40,41,43,48,46,42,29,25,58,35,32,23,28,34,33,29,62,35,18,30,22,25,32,23,32,31,20,25,17,34,23,22,23,55,41,32,28,19,24,21,26,29,0,24,28,25,28,18,113,23,51,29,25,38,32,29,22,24,21,22,32,34,21,25,24,29,25,25,26,37,23,25,31,47,23,32,22,87,28,30,12,22,37,24
19,101,46,31,13,20,36,36,37,26,10,49,35,10,34,29,45,27,17,22,16,42,21,29,11,40,46,16,16,29,19,16,20,18,70,20,22,29,47,12,40,19,21,46,23,14,13,16,18,18,18,41,26,58,36,37,24,31,49,22,14,37,48,20,19,70,16,22,24,14,11,18,25,18,41,43,41,12,60,12,20,32,17,17,20,14,35,57,20,8,17,19,21,21,16,37,18,68,15,33,18,42,22,16,71,72,20,45,50,19,28,29,21,20,17,50,30,35,49,20,19,22,41,17,17,20,135,18,60,57,17,23,62,38,19,50,26,27,17,19,16,25,29,14,34,37,20,14,18,13,23,27,25,18,23,56,22,23,37,18,24,18,39,22,20,27,46,19,11,58,13,54,36,37,39,50,15,52,18,16,17,53,20,28,34,44,71,17,16,12,41,45,16,107,15,18,36,60,25,37,35,20,30,44,41,18,27,18,54,37,9,39,27,39,42,39,15,24,17,16,52,28,17,17,91,29,21,33,36,8,28,34,34,15,17,32,28,22,45,48,23,21,22,39,35,37,92,48,29,31,27,38,25,39,21,29,21,28,16,40,33,20,29,20,46,44,33,41,46,47,35,27,18,60,31,25,20,15,27,40,25,54,38,26,31,15,18,14,20,10,11,18,13,18,27,16,17,21,46,35,21,19,27,17,36,17,36,24,0,25,18,36,24,112,22,41,17,12,44,35,23,15,15,19,14,20,30,22,11,19,17,13,16,20,43,20,18,16,42,18,20,29,95,10,30,34,17,31,19
27,98,42,35,27,16,38,37,42,29,27,44,33,13,38,25,43,20,27,25,30,40,28,22,30,45,46,25,31,26,28,24,20,28,65,27,25,25,46,22,39,29,26,46,22,23,25,24,29,24,26,36,25,56,23,31,27,23,47,29,23,38,49,27,4,72,25,25,34,27,25,28,23,24,39,39,39,25,58,19,27,30,26,26,27,21,34,49,28,10,26,25,20,25,26,42,28,58,24,31,28,45,22,25,72,58,29,43,46,27,25,20,30,29,19,52,29,36,47,27,9,28,40,23,27,29,128,21,59,57,27,31,65,31,30,48,25,21,25,27,19,33,17,27,20,35,15,14,29,18,23,24,14,29,20,55,25,17,38,23,22,29,33,16,28,23,42,28,23,55,14,52,37,38,36,47,27,48,28,15,26,48,28,21,32,40,62,14,27,15,39,48,28,105,14,29,39,53,27,38,27,29,26,40,43,29,30,28,55,34,25,39,29,27,32,36,22,24,29,23,55,24,24,21,93,32,11,32,42,9,31,29,32,11,27,29,26,25,46,48,25,30,28,37,31,26,86,45,29,28,28,35,27,37,15,32,30,31,12,45,27,29,21,27,42,47,33,38,44,50,35,25,30,63,29,23,27,21,22,42,20,60,37,25,36,27,29,25,28,18,15,26,26,27,32,23,26,28,46,27,23,20,23,22,32,12,29,28,25,0,28,33,30,111,21,41,28,19,37,27,24,27,15,26,14,17,27,17,8,18,14,26,21,30,38,29,29,14,43,28,18,17,93,7,29,34,15,32,26
8,98,44,34,3,20,35,34,40,23,12,45,34,22,41,29,36,26,11,19,11,40,8,28,14,38,40,15,15,26,7,10,13,20,70,6,19,36,45,13,44,6,14,51,28,17,5,12,5,15,11,38,25,57,34,44,25,28,48,14,20,36,46,2,28,68,14,18,37,12,13,5,30,19,38,34,38,14,66,24,10,25,10,6,28,27,34,52,9,24,10,7,24,24,5,42,9,63,14,29,3,43,24,10,70,75,4,56,51,11,31,25,9,5,24,50,20,32,46,4,24,14,42,12,5,6,138,19,55,52,10,17,62,36,4,48,20,27,10,8,22,28,32,14,33,33,19,21,10,23,21,27,27,3,30,53,21,29,35,15,24,5,39,20,2,33,44,15,16,63,25,48,29,40,47,42,11,49,3,19,17,46,9,28,29,40,72,18,10,24,40,48,13,107,19,14,32,63,28,34,34,9,32,31,33,3,22,3,47,30,20,43,27,33,43,37,22,22,18,13,56,28,13,21,90,28,21,32,35,24,35,30,42,18,15,40,29,18,40,46,22,9,21,35,29,37,94,41,32,32,30,38,25,45,26,32,9,35,26,38,44,9,33,4,40,36,31,41,43,39,38,29,6,54,35,23,1,15,33,38,24,57,39,23,30,16,4,17,2,17,20,20,10,12,30,16,9,12,47,36,25,21,26,19,32,16,33,25,18,28,0,34,21,104,20,45,10,14,42,31,33,12,23,7,17,20,29,24,17,21,27,16,14,11,40,2,4,19,40,5,29,25,87,25,26,32,18,32,6
34,100,43,31,34,25,40,27,36,30,33,47,33,32,37,29,43,31,30,28,27,42,34,37,34,40,44,30,30,32,36,34,30,34,64,33,27,32,44,35,52,34,31,55,37,34,34,30,33,34,29,32,29,54,35,40,34,29,40,36,38,39,33,33,38,70,30,30,31,31,35,33,28,32,38,40,38,33,58,35,33,28,31,34,26,28,24,54,35,32,36,35,26,27,28,41,36,59,30,26,33,38,29,29,70,74,31,57,50,33,36,33,37,31,30,49,25,34,39,34,26,28,48,29,33,34,136,26,56,54,29,39,59,30,36,46,39,26,29,36,28,33,33,36,30,35,31,34,32,31,32,34,36,35,34,56,24,28,38,32,29,33,38,33,34,31,47,27,29,56,36,45,33,32,48,49,30,40,35,32,33,46,35,30,30,36,68,33,36,31,34,42,26,107,32,34,42,55,33,24,41,36,23,41,39,35,36,33,58,34,35,44,28,31,44,39,32,24,26,32,56,27,35,35,79,33,26,29,38,35,35,36,38,32,28,33,39,30,47,50,37,37,31,33,30,37,93,47,25,30,25,36,28,46,35,35,37,35,33,39,45,36,38,33,41,43,33,44,45,46,37,32,36,55,34,33,35,30,31,42,39,58,35,25,38,30,33,33,34,30,29,30,31,26,23,31,30,35,44,35,35,29,26,21,28,31,33,28,36,33,34,0,29,110,29,27,34,34,39,30,35,34,37,33,30,31,30,38,32,31,31,32,30,39,41,35,32,33,49,35,33,25,92,35,25,24,32,21,34
24,100,49,41,22,21,38,35,46,13,21,41,35,22,50,33,46,24,20,24,15,45,20,30,23,39,48,23,26,28,22,25,22,23,74,22,20,36,48,23,46,23,22,53,34,22,24,22,24,23,22,32,27,66,43,50,23,29,54,25,23,42,47,22,30,72,23,18,37,18,23,22,34,21,39,42,40,22,68,24,23,30,22,23,26,35,31,61,21,24,23,23,23,23,24,43,21,67,17,36,24,44,26,23,77,82,20,63,55,23,39,35,25,20,22,59,22,39,49,23,26,21,48,23,22,22,146,23,61,52,22,24,62,39,23,50,30,31,21,24,22,34,35,25,24,38,17,22,25,21,27,31,29,22,41,63,15,33,37,20,27,24,42,25,21,31,45,19,20,69,27,58,39,43,51,48,21,45,24,19,23,52,23,27,33,38,76,20,20,29,44,51,14,112,18,22,48,72,34,38,38,20,32,44,45,22,17,24,59,39,23,44,23,40,48,37,24,20,14,21,64,36,21,21,99,30,17,38,38,23,40,40,40,20,24,43,33,18,48,55,29,25,22,30,36,41,100,51,28,28,36,38,18,47,36,37,25,40,26,34,45,20,39,22,47,29,36,43,42,44,39,34,24,61,31,21,21,21,37,35,33,62,37,22,38,23,24,19,21,20,25,23,21,17,27,17,20,20,47,41,27,24,28,18,31,21,33,18,24,30,21,29,0,112,22,48,23,25,45,38,29,21,24,20,19,23,30,25,19,21,32,25,22,25,36,23,23,23,47,21,35,18,99,26,30,23,21,35,24
110,98,113,107,106,110,100,113,114,108,106,109,107,110,110,111,96,111,107,109,111,109,102,116,113,113,117,110,105,109,113,105,110,109,110,108,111,106,98,110,116,109,107,111,114,108,110,108,109,107,109,110,110,115,114,117,104,110,116,110,109,106,108,107,112,111,110,109,107,110,113,110,111,110,106,103,106,112,110,112,112,108,110,109,111,107,110,113,107,110,111,108,106,106,112,113,113,114,106,108,107,101,110,107,114,120,106,108,108,105,108,105,106,109,105,116,109,103,103,106,110,108,109,113,111,108,149,108,107,114,110,110,106,103,104,104,104,110,112,107,110,104,105,111,110,111,107,113,107,110,108,109,112,104,104,104,103,106,107,109,109,109,108,109,106,107,102,106,109,112,113,100,105,113,114,109,111,111,108,106,109,117,110,105,110,111,107,110,110,108,115,107,105,123,108,107,109,114,107,113,107,109,109,111,109,104,113,106,121,105,108,103,92,103,98,108,107,110,101,111,98,108,106,105,110,107,111,111,111,112,105,111,100,105,108,92,111,109,113,104,111,106,104,100,103,103,112,113,114,111,113,112,108,109,113,107,106,105,112,106,113,109,100,109,99,115,110,106,109,98,107,112,106,106,96,112,105,104,108,106,97,106,115,114,105,111,108,105,106,111,106,108,111,108,112,108,107,113,108,110,112,104,102,108,106,109,109,113,112,111,104,110,112,0,108,110,109,111,109,110,100,106,104,105,105,109,108,106,108,108,105,106,105,108,114,107,107,111,117,107,111,107,77,110,102,92,111,106,112
20,95,41,35,18,22,32,31,41,13,18,35,32,17,41,30,42,20,16,16,21,40,21,29,18,40,37,15,14,22,19,14,14,20,62,18,10,32,47,17,46,14,13,48,19,16,19,22,20,16,16,32,16,59,38,44,19,21,48,20,14,31,38,18,29,64,15,15,36,12,18,16,29,15,36,42,36,18,67,21,18,26,19,17,29,28,31,49,15,22,16,19,15,14,19,41,15,60,16,28,20,35,19,17,65,78,14,54,43,21,33,27,20,14,22,55,23,35,40,19,25,10,43,14,19,15,140,17,53,45,15,20,54,28,17,45,20,25,18,23,19,30,25,16,32,36,13,22,18,19,23,24,28,21,32,44,19,19,35,22,17,17,40,21,19,31,40,9,19,60,23,41,35,37,47,44,18,45,18,15,17,44,18,24,31,38,70,16,17,24,40,45,14,108,16,17,39,61,29,34,25,16,30,43,41,21,20,17,53,36,16,43,25,28,47,40,24,17,19,20,53,27,21,18,90,32,21,29,32,20,32,28,34,17,14,37,32,15,37,37,28,20,7,31,35,40,90,45,30,22,34,33,24,44,26,36,20,32,25,26,42,16,37,16,34,37,37,43,37,44,33,24,20,56,32,19,19,19,29,26,24,58,37,12,27,15,17,20,19,21,16,14,17,11,29,15,13,14,48,33,22,14,18,20,25,15,24,23,22,21,20,29,22,108,0,42,20,18,41,32,28,10,16,14,19,23,28,22,19,17,22,22,20,21,38,21,20,21,39,18,29,22,82,16,24,31,14,30,21
46,99,39,39,43,37,19,41,46,43,42,36,46,46,36,42,44,39,43,43,40,44,42,49,42,50,51,41,36,44,43,42,42,42,61,42,40,43,36,43,48,44,42,53,34,34,41,43,44,47,43,37,42,38,31,30,42,48,46,49,46,39,32,43,48,67,41,47,38,42,42,44,42,42,44,44,44,44,50,44,44,37,43,45,35,44,36,50,43,45,42,40,43,41,45,48,41,59,45,41,44,40,42,44,75,67,42,47,47,45,48,47,49,44,45,54,43,41,48,43,31,39,49,47,46,43,130,37,61,53,42,49,60,35,44,42,43,39,44,48,40,43,37,46,47,48,47,47,48,45,43,37,40,46,45,53,43,38,48,47,38,44,43,45,44,41,37,45,43,46,47,48,43,43,43,32,42,53,44,46,45,52,46,42,47,30,62,46,44,40,35,40,47,99,45,44,49,53,45,37,44,47,39,54,47,46,40,44,56,37,36,46,47,22,43,44,44,33,47,46,57,31,41,41,76,47,46,22,48,48,45,38,45,43,42,48,45,47,51,50,47,49,45,42,41,46,87,50,36,38,42,44,46,44,41,31,49,45,40,40,39,47,47,43,38,48,48,44,49,47,29,43,46,63,40,43,43,42,37,46,42,55,44,41,49,45,44,42,44,45,44,37,43,35,43,45,43,44,48,41,43,44,34,35,36,40,41,51,41,41,45,27,48,110,42,0,45,45,22,45,43,44,40,46,42,48,44,40,45,45,40,46,44,47,44,43,46,47,50,43,44,36,95,44,42,38,43,43,47
17,99,40,32,12,18,38,33,35,23,12,47,32,22,40,29,37,26,18,17,17,40,9,33,15,39,41,6,14,21,14,15,5,16,69,15,22,34,45,6,49,12,14,51,28,18,19,13,16,14,16,37,27,58,36,42,24,24,49,16,20,34,45,14,27,64,6,23,33,15,11,16,30,20,33,35,33,13,63,19,14,26,14,17,26,26,33,48,16,23,13,15,19,19,15,43,15,59,15,26,14,38,24,17,66,77,11,55,45,6,36,22,13,13,20,49,23,30,44,13,18,16,43,16,18,10,137,20,54,51,15,18,61,33,11,46,21,25,16,13,17,25,27,16,30,33,16,20,14,18,23,29,24,11,26,54,22,30,31,11,25,16,36,15,12,32,44,14,15,60,25,53,26,40,50,40,14,48,13,12,6,51,15,26,32,40,69,16,12,18,42,45,14,105,12,9,36,62,25,31,34,10,27,39,32,11,24,14,49,35,14,39,24,36,48,34,12,21,21,6,60,26,12,21,86,31,25,31,40,12,33,33,39,15,6,37,23,23,43,51,20,13,22,35,35,40,91,42,32,32,31,41,27,34,21,37,13,33,18,37,40,10,32,16,41,43,34,43,44,40,38,29,10,58,34,21,11,13,32,37,28,55,42,26,38,17,15,14,12,9,20,22,4,16,25,18,18,17,42,36,23,8,27,16,35,15,32,29,17,28,10,34,23,109,20,45,0,18,42,33,28,13,21,11,10,14,29,21,12,17,25,14,8,16,40,10,10,15,43,15,24,20,93,21,27,33,13,29,19
16,95,42,33,13,22,37,37,41,18,21,45,37,14,37,27,45,26,12,19,14,41,16,25,15,41,42,14,21,27,12,12,16,19,70,15,22,34,48,17,31,18,18,51,25,17,12,17,14,18,13,34,22,55,30,41,25,31,44,18,13,36,46,15,19,65,13,24,25,17,15,14,25,22,40,41,40,14,62,15,10,29,12,15,29,19,31,52,15,16,11,14,22,19,14,43,13,62,14,34,14,37,24,13,67,65,15,55,49,17,26,29,20,14,17,54,22,35,45,15,13,18,40,6,16,17,137,22,57,52,14,22,62,34,15,48,18,28,17,15,14,33,36,16,34,37,18,19,15,16,21,28,16,19,25,55,26,27,34,19,24,14,40,24,16,28,40,15,15,59,21,51,36,38,38,44,13,50,17,17,12,49,15,24,32,43,68,15,11,15,44,47,12,109,18,16,37,60,30,34,31,16,27,36,38,19,19,14,51,35,16,46,27,35,39,41,22,24,20,17,56,27,20,19,90,35,25,34,30,16,29,31,37,17,20,37,30,24,42,33,27,20,19,37,34,39,93,44,32,31,27,38,23,43,26,37,20,29,25,35,37,16,31,14,43,36,36,38,44,45,34,28,18,59,29,25,13,14,22,35,17,56,42,19,27,14,14,19,16,20,18,15,17,15,29,9,13,12,49,33,26,19,22,22,34,18,33,25,12,19,14,34,25,111,18,45,18,0,40,31,24,14,16,12,14,23,26,19,20,18,20,15,15,17,39,15,14,17,41,14,23,26,93,16,27,31,16,29,15
44,93,39,41,41,35,16,47,43,41,37,30,46,38,39,42,45,35,38,36,41,38,43,50,39,49,48,35,38,41,42,40,35,43,64,43,43,40,47,38,55,41,41,52,31,43,43,39,43,46,42,41,42,44,39,31,41,44,50,47,38,34,41,43,43,67,35,44,39,42,39,41,46,39,47,44,47,42,55,35,43,43,44,42,39,36,39,45,43,40,43,39,42,41,41,47,43,62,45,40,43,43,40,41,68,73,44,45,49,45,35,42,45,41,37,59,40,43,31,44,34,42,43,40,43,44,138,39,58,48,38,46,53,37,42,45,42,39,40,45,44,41,36,37,32,47,42,42,42,39,44,39,40,46,30,44,35,37,44,43,41,43,41,40,42,32,45,41,38,53,41,46,41,47,41,38,40,49,45,43,41,48,44,37,39,27,58,39,43,35,32,39,39,102,40,41,46,51,38,44,39,43,43,48,49,46,40,43,54,31,42,48,37,12,35,40,40,35,40,43,61,33,37,42,86,41,43,14,43,42,40,23,40,40,37,41,40,44,49,46,47,45,38,41,43,35,84,51,36,36,36,37,41,40,42,31,45,40,46,39,41,43,37,40,38,46,44,43,42,39,28,45,44,58,35,41,43,41,33,39,40,52,43,35,37,43,43,40,42,43,42,30,38,42,43,44,43,40,49,43,42,35,36,38,37,38,36,38,44,37,42,39,45,109,41,22,42,40,0,43,39,40,40,42,39,40,42,40,37,34,39,42,40,42,37,43,42,46,54,40,32,34,85,36,43,44,41,34,44
34,99,37,34,31,25,36,35,41,30,28,40,33,34,39,31,40,30,31,29,33,43,31,38,31,46,39,32,31,26,28,31,33,32,60,30,32,29,47,26,50,31,32,54,30,32,33,32,32,32,30,31,32,57,34,44,27,22,47,29,33,30,42,32,30,65,31,34,32,33,29,31,28,32,43,38,43,33,63,29,30,27,29,33,37,30,32,48,32,34,26,28,29,29,29,41,29,58,31,32,32,40,28,29,66,72,33,60,47,34,23,35,29,29,30,50,29,32,42,35,33,33,43,29,34,31,145,26,59,42,29,36,57,35,35,48,27,33,34,30,34,28,29,32,32,31,29,32,33,24,31,28,27,34,27,59,25,25,33,31,28,32,38,32,35,34,44,30,31,61,32,56,32,41,52,40,29,50,32,32,34,42,32,22,32,42,72,32,29,30,40,46,29,109,34,30,34,62,25,33,33,34,36,43,40,34,35,32,57,37,31,44,35,34,44,39,23,33,29,34,60,25,34,35,84,35,28,28,41,33,31,34,31,36,31,35,35,34,45,47,37,29,34,37,37,28,82,49,15,25,33,31,32,43,36,35,29,31,32,28,45,34,25,32,43,40,38,42,46,40,38,32,30,63,36,27,32,33,26,28,31,55,38,33,28,30,32,31,35,29,30,35,33,32,28,32,30,30,47,33,29,31,23,31,27,32,29,32,35,27,31,30,38,110,32,45,33,31,43,0,25,32,28,30,36,31,30,28,28,34,27,34,34,31,40,29,29,31,46,30,30,27,96,28,31,40,28,32,34
33,103,40,27,30,30,32,32,41,33,30,28,37,19,28,28,46,18,31,33,31,43,35,35,31,45,48,23,27,30,31,29,26,25,73,32,32,28,47,28,39,31,31,50,27,22,27,22,34,31,30,30,33,60,27,43,29,38,39,33,31,38,39,32,19,65,22,19,25,28,30,32,26,35,41,38,41,35,59,17,32,32,31,31,33,21,30,47,30,17,31,31,28,28,28,48,31,57,27,29,34,41,30,29,69,67,31,53,50,26,25,26,37,32,16,51,29,38,52,33,17,33,43,28,31,32,137,22,48,50,30,39,62,35,32,53,32,30,34,37,21,21,14,27,9,38,20,31,35,25,34,20,26,33,18,56,32,30,37,30,24,34,39,23,33,21,40,30,19,57,22,51,34,35,44,39,28,39,33,31,33,51,32,26,32,43,70,22,30,15,25,41,28,109,25,34,40,49,19,35,27,35,32,45,45,33,16,34,55,39,29,43,27,32,43,23,17,34,27,30,50,36,31,28,93,26,33,28,39,18,26,34,31,24,27,27,32,19,47,46,34,37,32,21,25,33,85,46,27,18,32,36,25,44,24,39,37,26,22,24,34,35,30,30,41,30,39,41,48,36,32,27,35,53,4,31,33,26,14,25,35,59,24,27,32,32,34,25,33,22,20,32,30,33,36,18,22,34,52,34,31,28,32,31,12,23,27,29,23,24,33,35,29,100,28,43,28,24,39,25,0,29,22,33,23,27,30,25,20,24,20,31,29,35,20,35,32,26,40,32,19,30,98,22,33,33,27,32,31
14,94,39,32,10,21,35,34,40,20,13,44,33,22,46,29,43,19,10,17,10,42,11,29,11,42,40,15,15,28,11,4,13,17,66,11,16,32,47,13,39,8,14,51,25,18,12,14,13,16,3,38,17,59,38,40,20,24,46,15,17,36,43,11,32,66,15,13,36,9,11,11,31,17,36,40,36,13,65,23,6,26,8,12,27,29,33,49,11,25,6,9,13,14,10,41,8,58,5,30,13,40,18,2,68,74,12,56,49,14,35,28,14,8,21,53,22,36,47,12,22,15,41,6,12,12,136,11,54,50,8,27,59,36,11,44,20,25,11,10,21,31,30,10,27,36,14,22,12,19,18,23,26,13,30,53,22,20,35,21,25,13,39,21,12,32,41,7,13,61,24,43,32,38,45,43,7,48,13,16,14,48,12,22,29,37,69,17,13,22,36,42,6,107,17,10,37,57,31,33,31,11,33,40,37,13,19,13,48,35,21,41,25,29,43,34,18,20,15,14,57,25,18,20,90,32,24,32,35,25,38,29,39,14,15,38,33,13,40,42,29,14,16,30,30,38,90,42,29,30,31,30,21,46,27,35,15,38,27,30,41,11,35,11,42,37,37,37,41,44,33,23,14,57,29,20,12,14,24,30,24,56,35,16,27,4,13,14,12,19,16,17,11,12,28,8,5,8,45,38,25,15,21,20,25,19,30,22,15,27,12,34,21,106,10,44,13,14,40,32,29,0,17,8,15,22,28,21,18,19,25,11,12,18,33,13,11,20,38,7,28,21,89,17,29,28,17,30,15
24,99,38,20,20,15,28,31,37,20,19,40,37,13,36,28,43,21,16,20,22,27,24,31,17,44,45,18,19,20,20,10,12,17,65,22,19,30,42,15,46,24,19,44,20,19,21,19,24,21,18,38,24,55,31,40,22,30,46,25,21,34,43,22,17,60,18,21,33,20,24,23,32,21,36,40,36,20,60,14,22,21,19,23,17,25,29,44,24,12,19,22,5,17,20,41,20,64,20,32,24,40,18,18,66,72,24,53,46,17,30,25,24,25,21,55,21,33,48,24,20,22,38,21,22,24,138,17,58,53,22,25,58,34,23,44,27,31,26,24,19,31,28,20,31,38,11,27,25,11,18,19,13,24,27,38,16,23,37,18,22,24,28,19,23,28,26,18,21,57,23,41,37,37,42,45,15,48,23,18,21,47,23,17,29,34,64,20,23,14,37,45,21,102,15,23,33,61,30,30,31,23,30,40,40,24,25,24,56,33,9,39,29,32,46,34,21,17,19,19,53,20,21,22,87,33,17,30,39,13,32,26,32,17,19,37,35,21,45,40,26,24,23,34,21,35,86,42,25,25,30,31,24,38,16,33,24,32,19,35,34,23,30,22,37,45,34,37,45,41,37,26,23,54,27,22,22,23,32,35,29,49,40,17,30,15,24,24,23,23,17,21,15,26,31,22,17,20,48,26,26,17,20,16,27,17,31,24,15,15,23,37,24,104,16,40,21,16,40,28,22,17,0,21,17,23,31,4,18,13,20,22,20,25,36,25,23,18,41,20,20,19,93,12,25,32,18,33,25
14,97,43,35,8,24,35,35,42,17,14,44,31,21,41,31,42,23,9,18,11,42,12,31,12,37,41,12,16,24,11,11,9,21,70,11,17,33,48,15,40,12,11,51,24,18,10,11,11,16,8,31,25,62,36,45,15,21,43,15,9,32,43,8,32,65,12,22,36,12,11,12,26,19,37,40,37,12,64,23,11,29,8,12,23,29,33,53,11,18,6,9,21,21,10,40,11,59,8,29,10,34,21,8,67,76,8,57,52,15,33,29,12,5,19,53,20,28,44,9,22,10,45,6,11,8,140,23,55,50,10,18,56,35,11,48,23,26,8,12,19,32,26,15,35,31,19,19,11,20,22,28,26,11,34,55,16,26,34,13,26,11,41,20,12,30,48,13,19,64,28,50,32,41,48,44,11,49,10,16,15,44,12,24,30,38,70,20,10,22,42,44,5,108,17,13,38,62,32,34,38,7,29,40,35,11,18,10,49,37,21,46,22,34,45,38,21,17,9,15,59,22,10,22,92,32,20,31,38,18,33,33,37,13,12,35,31,22,44,44,26,12,13,28,33,41,93,46,27,27,30,36,24,46,28,34,11,33,26,36,42,7,34,11,44,39,36,42,42,34,37,28,12,56,38,21,7,11,34,36,22,60,33,17,29,6,10,17,12,13,18,15,14,9,29,17,12,11,46,37,25,16,27,18,30,16,29,21,19,26,7,33,20,105,14,46,11,12,42,30,33,8,21,0,16,19,27,22,19,21,25,11,9,19,42,11,7,19,43,13,28,19,84,21,23,25,12,33,14
17,100,41,34,17,16,35,22,31,19,8,42,24,13,41,21,39,26,15,14,14,38,16,33,13,39,45,11,10,17,18,17,2,16,64,16,22,35,47,12,46,13,5,51,19,13,17,3,18,12,11,40,27,55,31,41,22,20,45,15,17,35,43,16,13,64,11,23,30,11,15,16,32,17,35,37,35,10,60,13,18,24,12,16,26,29,35,45,17,19,15,14,11,11,11,38,16,57,19,33,18,37,24,14,68,73,10,47,45,16,32,24,16,15,10,47,20,32,48,17,13,11,45,13,15,10,134,17,51,52,14,23,58,33,17,46,20,23,14,16,13,24,30,15,23,28,4,16,17,6,24,27,14,17,29,53,22,27,31,11,24,18,32,15,17,27,46,12,4,54,24,50,32,38,50,42,16,48,17,6,10,51,17,23,31,42,66,9,16,15,39,39,13,106,8,12,38,53,24,31,37,16,19,41,40,17,28,18,53,33,4,36,28,33,42,37,8,25,18,5,54,29,11,20,85,28,20,30,40,15,31,35,37,2,3,29,26,23,45,50,22,16,20,34,34,38,87,44,21,28,24,39,25,40,26,32,16,31,19,40,34,16,33,16,44,40,34,43,41,39,31,25,17,56,28,17,15,2,32,40,27,55,36,18,37,13,18,3,17,13,11,24,12,16,22,19,17,14,41,31,18,16,24,10,29,13,29,22,14,14,17,30,19,105,19,42,10,14,39,36,23,15,17,16,0,18,15,26,2,4,24,18,9,18,26,14,17,15,42,16,18,23,91,13,24,31,2,30,17
21,99,41,33,20,11,38,31,29,20,22,43,32,15,38,24,33,19,18,16,22,37,20,33,23,35,40,15,8,27,23,21,19,14,73,22,17,37,45,15,46,19,16,48,18,14,22,11,23,8,19,36,26,61,29,41,15,27,52,20,22,36,45,21,19,68,15,18,36,21,22,22,31,20,28,30,28,16,64,15,20,23,20,21,31,27,29,55,21,13,19,20,18,20,22,42,23,59,21,24,21,40,20,19,70,76,18,51,47,8,29,13,19,22,19,47,23,31,48,20,21,19,44,18,22,20,136,17,58,48,20,17,59,35,18,50,24,26,23,19,15,33,28,20,26,32,18,16,18,12,25,28,16,16,17,60,23,21,39,10,27,23,35,15,22,34,44,21,8,59,28,55,23,36,45,47,24,51,19,13,21,54,22,23,29,41,68,6,20,15,38,44,24,110,11,22,33,59,32,26,31,22,26,31,32,16,24,20,50,26,22,40,31,35,48,31,15,28,23,10,60,24,18,20,86,29,19,28,37,17,24,34,44,14,14,43,21,18,41,48,19,19,19,31,33,44,86,44,24,27,30,40,26,44,23,36,19,24,15,39,45,22,34,22,36,44,31,43,45,41,36,36,16,60,31,19,21,19,25,39,26,56,34,24,36,23,22,12,22,12,13,22,8,23,30,22,21,20,46,37,23,9,28,18,30,12,25,32,20,17,20,31,23,109,23,48,14,23,40,31,27,22,23,19,18,0,28,25,17,16,31,16,14,20,36,19,20,12,42,20,23,27,91,18,27,37,15,31,23
30,98,45,27,30,19,42,15,34,32,27,46,28,26,37,1,34,28,30,25,32,42,30,36,26,44,47,21,24,26,31,30,28,31,65,28,32,35,46,31,48,28,28,55,27,20,28,22,31,30,30,38,33,44,39,41,27,26,47,32,29,36,41,29,28,72,22,32,34,30,28,26,28,28,40,38,40,28,62,28,30,28,28,29,28,27,30,46,28,32,30,30,24,29,29,34,30,58,31,22,31,36,27,29,71,62,28,43,49,31,27,32,32,28,24,46,28,33,48,30,15,28,48,29,29,29,124,25,55,54,27,34,55,31,31,48,34,23,28,31,19,28,27,32,31,29,23,24,30,26,32,30,28,30,21,58,32,23,30,24,22,31,36,27,30,28,45,30,20,43,31,49,33,19,39,46,30,50,30,27,29,52,26,24,27,41,60,24,30,23,30,48,29,106,25,24,39,47,28,21,40,31,22,42,41,30,32,29,56,22,28,42,28,32,50,38,28,30,32,25,60,25,26,31,72,30,24,29,40,31,36,35,40,28,27,40,29,32,48,57,34,32,29,38,35,41,90,50,23,25,23,28,31,42,31,34,32,36,26,42,42,31,37,27,40,43,31,41,43,41,33,27,30,55,34,20,29,21,34,41,32,59,37,30,39,29,29,22,30,25,24,24,25,32,16,33,32,29,36,32,30,29,21,27,37,22,29,34,30,27,29,30,30,108,28,44,29,26,42,30,30,28,31,27,15,28,0,33,24,27,23,30,22,34,32,30,29,30,45,28,26,32,92,30,27,32,27,19,28
25,94,41,26,24,24,33,37,43,23,18,47,31,24,42,33,45,22,21,16,22,26,23,32,26,43,46,15,17,19,25,21,20,24,63,26,22,33,45,22,46,25,16,48,22,17,24,27,27,28,21,39,21,60,36,44,23,25,48,29,24,37,45,26,26,64,16,29,33,24,25,26,27,23,38,42,38,27,70,23,26,25,26,26,21,29,31,51,28,19,20,20,21,21,20,41,24,66,26,34,27,44,18,24,62,78,27,51,53,24,32,26,24,26,20,53,20,37,49,25,18,20,45,23,26,27,139,16,49,50,23,25,64,34,24,49,28,26,26,27,22,26,32,22,28,40,28,28,24,15,26,30,23,24,30,46,22,24,37,26,25,27,27,26,27,28,37,22,27,61,21,53,41,45,49,42,25,51,27,24,22,44,28,20,33,31,68,29,26,17,42,45,21,109,26,24,41,61,27,37,23,23,29,43,41,24,24,27,56,37,23,47,29,35,42,42,26,16,26,24,58,31,22,23,93,27,16,32,40,17,34,27,40,25,18,38,30,29,46,43,25,24,25,36,25,38,98,48,26,27,33,35,21,32,21,33,24,34,22,36,36,23,33,26,47,43,36,41,45,45,34,24,25,57,30,24,26,27,31,36,17,53,38,22,29,27,27,20,27,28,25,18,28,17,25,24,22,25,46,33,16,20,23,18,29,27,32,21,22,17,24,38,25,106,22,40,21,19,40,28,25,21,4,22,26,25,33,0,22,19,20,27,25,28,36,27,27,22,43,28,31,22,92,18,27,34,21,32,26
19,98,39,32,18,18,32,29,34,19,10,39,33,9,42,24,40,24,19,15,19,34,19,33,17,41,46,13,14,14,19,20,4,11,64,19,23,33,42,14,44,16,11,50,22,12,17,9,18,15,13,34,24,58,38,40,23,24,47,16,19,36,44,19,18,66,13,21,31,16,17,18,30,15,32,34,32,12,64,19,18,24,16,17,22,24,34,53,16,5,20,17,9,9,15,40,19,58,21,29,18,35,22,16,70,73,16,47,50,14,31,25,20,19,10,46,19,32,48,19,9,15,46,17,18,14,132,16,54,49,17,24,59,33,19,47,25,24,14,19,13,23,31,19,22,27,9,6,19,12,26,31,20,18,30,55,22,17,30,9,25,18,29,13,17,29,45,13,5,58,18,51,28,34,48,43,17,49,19,4,14,47,18,18,27,36,67,5,19,12,38,44,14,107,6,18,41,51,24,33,34,20,30,42,40,18,27,18,54,32,9,37,30,34,46,37,15,22,18,6,56,18,18,18,94,27,16,33,39,5,33,33,37,1,5,31,26,21,47,47,23,20,21,37,35,39,83,46,21,32,30,36,28,39,22,31,20,33,19,42,37,20,34,16,39,43,30,44,40,42,34,31,20,58,25,15,17,10,28,42,31,59,40,19,35,16,18,6,17,9,7,22,10,18,30,21,21,18,43,34,15,8,24,16,28,1,33,25,11,8,17,32,19,108,19,45,12,20,37,28,20,18,18,19,2,17,24,22,0,9,23,18,13,19,31,16,15,14,43,17,23,23,91,9,27,35,7,26,17
21,98,41,36,20,16,33,26,37,18,16,41,28,15,41,27,36,23,20,12,22,37,21,33,17,39,45,13,12,17,22,20,12,19,65,20,21,32,45,10,48,19,14,52,20,15,21,5,22,15,18,35,22,61,37,42,24,23,46,19,18,35,43,20,26,66,13,22,34,18,20,17,32,15,35,37,35,15,66,15,20,29,18,20,26,26,33,55,21,13,21,19,17,17,19,43,19,61,22,25,22,40,24,17,68,76,15,48,46,12,21,19,20,18,8,47,23,33,45,21,12,17,47,17,19,15,134,16,55,47,18,23,60,33,19,47,28,23,20,23,9,26,21,22,27,27,5,19,21,20,25,25,24,22,30,55,24,18,29,12,23,22,30,11,21,29,42,19,11,48,24,49,31,33,47,45,21,44,21,5,18,46,21,15,28,38,64,8,21,14,37,45,15,101,7,19,40,58,22,26,35,21,22,41,40,22,26,22,54,31,6,39,28,27,41,38,7,25,21,13,57,22,20,19,88,26,18,35,36,21,36,33,37,13,12,35,25,22,45,48,22,20,21,37,33,37,92,46,26,28,30,36,26,41,20,27,20,36,10,38,40,21,34,19,39,43,32,42,39,40,30,27,22,56,27,19,21,10,23,38,25,55,35,23,32,19,22,9,21,14,12,22,18,18,25,21,23,21,42,28,19,3,24,12,27,5,30,24,19,18,21,31,21,108,17,45,17,18,34,34,24,19,13,21,4,16,27,19,9,0,21,23,17,21,35,19,19,14,45,21,18,25,92,17,24,33,7,27,21
28,100,40,27,25,23,31,28,35,27,22,47,33,17,33,22,45,16,26,22,28,33,29,27,28,40,46,19,22,21,25,25,28,26,71,26,26,30,45,27,45,28,29,49,18,22,22,24,29,28,30,35,30,59,37,43,25,21,48,29,25,32,41,26,22,73,18,29,28,26,26,27,23,25,35,39,35,30,55,17,28,28,25,26,30,19,35,53,26,17,25,25,25,26,24,34,27,62,23,27,27,38,17,23,75,64,27,47,41,25,27,28,31,29,12,45,21,32,44,28,14,29,43,23,27,25,130,20,55,56,25,29,57,32,28,42,27,13,27,28,20,22,30,23,32,40,23,28,29,15,29,23,14,29,21,53,31,23,35,27,20,29,31,28,27,19,46,26,24,51,20,51,30,34,37,42,25,52,26,27,27,46,26,26,20,36,62,24,28,15,39,41,29,107,21,26,39,45,25,32,34,31,27,43,39,29,29,27,56,32,23,43,28,29,40,39,29,32,28,26,52,30,25,23,91,24,24,35,42,17,24,30,40,25,27,35,31,29,46,50,30,31,27,38,30,32,86,49,27,27,24,37,27,36,19,26,31,24,18,38,27,31,29,28,46,42,34,41,44,34,33,24,28,60,25,20,27,23,20,36,25,44,35,31,32,22,28,27,27,27,24,27,21,28,24,25,25,27,48,27,23,27,25,18,34,25,34,29,17,14,27,31,32,105,22,40,25,20,39,27,20,25,20,25,24,31,23,20,23,21,0,23,24,30,33,30,26,21,46,28,18,26,92,19,6,36,22,18,25
14,96,45,38,7,21,37,36,40,24,14,42,36,20,39,30,35,28,11,18,16,41,10,23,15,42,39,16,17,26,12,9,15,21,70,15,21,34,49,19,42,16,18,56,25,17,6,17,16,15,14,36,21,60,37,42,19,23,49,12,14,34,49,14,27,71,15,17,33,14,16,14,23,21,35,33,35,16,65,18,11,28,9,14,29,21,38,54,15,18,10,7,21,22,15,44,14,62,11,28,9,39,25,7,73,73,16,56,50,18,30,27,14,11,20,53,21,35,42,8,24,18,39,7,15,16,136,19,58,54,11,15,58,36,4,51,24,31,10,4,19,33,32,10,32,31,22,20,7,20,21,29,28,9,25,59,25,31,40,16,26,16,39,17,16,28,44,15,17,60,21,54,33,40,45,48,10,51,9,19,18,50,16,29,34,42,72,19,8,22,45,47,13,109,18,16,36,58,33,32,31,12,29,36,34,9,25,6,42,33,17,37,32,35,42,37,23,24,18,18,54,28,15,17,90,33,23,34,36,18,33,37,40,18,19,38,28,17,40,44,25,14,24,38,25,40,96,40,36,31,31,37,24,46,20,33,13,33,21,36,40,12,36,15,41,41,36,41,46,45,35,28,8,60,34,24,11,14,30,39,22,61,40,28,33,5,12,20,16,16,19,18,17,13,31,12,10,14,47,35,28,19,28,19,36,17,33,25,13,26,16,32,25,106,22,46,14,15,42,34,31,11,22,11,18,16,30,27,18,23,23,0,13,15,38,9,12,18,37,13,23,29,95,20,29,34,18,33,16
15,99,41,31,12,20,39,22,30,22,8,44,29,18,42,22,37,26,10,17,15,40,13,32,13,38,41,10,16,16,15,15,1,16,70,14,18,30,45,13,47,9,9,51,22,14,16,10,16,14,14,36,24,57,34,41,25,26,49,15,19,38,47,10,29,67,10,20,34,11,13,14,25,19,33,35,33,3,61,22,15,29,11,14,31,24,31,49,14,19,14,11,20,20,12,39,12,61,13,24,12,42,21,13,69,74,10,54,47,8,37,22,15,8,17,50,21,31,44,14,21,12,40,14,15,10,136,19,49,50,10,22,58,30,14,46,24,24,14,16,11,26,32,14,34,31,18,21,12,16,26,31,24,13,29,57,18,30,34,11,25,16,34,15,15,30,48,15,15,53,24,51,32,33,49,46,15,49,14,16,11,48,11,27,25,39,69,13,14,23,41,45,12,105,13,1,37,59,26,28,37,14,28,40,33,13,24,12,52,33,17,41,28,31,44,37,15,25,18,5,59,27,11,21,87,28,18,28,39,15,33,34,34,5,8,32,24,20,41,50,20,15,20,33,28,41,94,46,32,33,24,36,24,40,24,32,15,33,18,39,42,14,38,14,39,44,36,41,43,43,33,31,13,57,33,22,11,1,33,39,27,54,38,25,38,13,12,11,15,13,15,24,6,15,20,16,15,15,43,27,16,17,24,18,34,10,32,25,16,21,14,30,22,105,20,44,8,15,40,34,29,12,20,9,9,14,22,25,13,17,24,13,0,17,37,13,11,8,39,16,16,16,90,23,29,30,4,28,16
16,102,47,36,13,25,39,37,38,21,17,49,37,26,47,34,33,27,16,19,21,44,12,32,21,36,38,18,20,24,15,18,18,22,72,17,19,38,49,19,47,18,19,54,28,18,18,14,11,17,16,39,27,59,38,47,25,26,51,14,14,40,48,11,35,72,18,19,38,16,19,18,31,20,32,31,32,21,70,23,20,28,12,17,31,30,38,57,20,23,16,11,25,25,19,45,20,64,18,33,9,42,25,18,73,79,14,59,55,17,37,26,7,18,26,54,21,31,50,10,23,17,37,14,17,12,142,25,59,48,12,14,60,38,8,48,24,29,20,2,23,33,35,19,38,34,22,20,9,24,25,31,27,11,30,59,24,29,38,18,26,11,41,21,18,36,46,14,19,66,29,54,32,42,50,44,21,53,10,20,17,52,20,29,32,43,76,20,15,26,42,49,17,110,19,20,36,65,33,38,37,9,33,33,30,11,23,8,46,33,21,38,27,35,49,35,25,26,20,19,59,28,20,23,89,32,22,38,38,23,37,36,42,19,18,40,29,19,37,46,19,7,23,39,28,43,96,37,28,30,34,42,27,44,25,37,6,37,24,42,48,9,39,17,44,42,35,42,47,43,41,31,9,60,39,27,12,18,35,42,26,61,43,23,34,17,10,22,18,19,21,24,21,16,31,19,20,21,50,40,27,22,29,18,36,18,35,26,20,30,11,39,25,108,21,47,16,17,42,31,35,18,25,19,18,20,34,28,19,21,30,15,17,0,43,10,17,19,34,14,26,26,93,25,28,34,18,34,18
40,103,40,40,36,36,35,34,41,40,35,29,40,36,43,33,43,39,37,35,35,42,41,42,38,44,46,35,36,32,36,34,37,43,65,37,39,29,47,35,46,38,35,52,33,33,37,35,39,37,38,41,34,59,26,44,37,37,45,44,39,38,40,38,37,66,35,29,32,41,37,39,41,43,42,45,42,36,66,41,38,36,37,38,29,41,28,53,36,36,40,41,42,42,35,40,33,58,32,37,39,41,39,34,65,64,41,54,42,41,38,37,43,40,35,61,37,36,43,40,38,37,46,38,39,39,134,33,51,56,37,43,58,35,39,51,42,35,40,42,37,36,19,33,24,35,24,42,39,28,42,32,36,40,35,55,36,33,43,37,34,39,35,35,38,35,44,36,33,53,43,44,44,34,44,42,37,38,38,27,38,47,38,32,45,36,56,39,41,37,35,38,32,110,32,40,44,55,41,41,27,40,37,49,49,40,19,39,54,42,27,42,34,31,41,17,32,39,41,38,65,40,42,44,80,41,39,34,37,41,39,29,34,27,36,35,36,29,47,50,43,43,45,20,33,43,92,50,37,36,39,23,28,46,40,42,43,39,34,23,39,40,43,37,46,32,37,46,48,43,39,26,40,49,20,37,38,34,27,24,39,54,30,41,39,35,39,35,38,33,34,32,35,31,39,26,29,37,51,42,36,38,28,34,30,34,39,37,43,38,40,41,36,114,38,44,40,39,37,40,20,33,36,42,26,36,32,36,31,35,33,38,37,43,0,42,40,27,46,37,38,33,101,26,38,36,27,41,39
10,99,45,35,5,22,37,33,38,21,11,44,35,23,42,30,41,26,11,15,10,41,4,29,14,38,39,16,18,25,7,17,11,20,68,8,19,34,46,16,44,3,14,52,28,14,7,11,7,14,9,35,24,57,35,41,23,24,46,10,20,34,46,7,31,69,16,18,35,14,14,6,29,17,36,39,36,11,67,23,11,27,3,8,29,31,34,52,7,23,14,1,25,25,7,42,7,63,11,27,5,40,23,9,71,79,2,54,53,15,32,24,4,3,25,51,21,30,49,6,24,13,42,8,8,2,139,19,55,46,4,14,58,36,7,46,20,27,7,8,23,31,29,14,34,33,18,18,4,25,26,30,26,6,31,53,20,28,33,19,25,7,40,19,6,32,47,15,15,59,29,48,32,39,48,44,11,47,5,15,16,46,8,26,30,40,68,16,6,28,42,45,9,108,19,13,35,62,31,35,38,3,32,34,32,6,21,5,48,33,22,41,21,35,43,35,21,22,16,16,57,27,15,20,88,31,20,32,35,23,36,32,38,15,16,36,30,18,40,47,20,4,21,33,29,40,92,39,28,30,31,41,23,46,24,35,3,36,24,35,45,3,37,8,40,36,32,42,43,43,33,27,5,54,36,23,5,13,32,35,26,58,39,26,31,12,6,18,6,16,19,20,11,12,28,15,7,10,47,37,25,22,24,21,32,13,29,23,20,29,2,35,23,107,21,43,10,15,43,29,35,13,25,11,14,19,30,27,16,19,30,9,13,10,42,0,3,16,40,7,30,24,92,25,26,30,16,32,9
10,98,44,33,5,20,37,32,40,23,11,46,34,23,43,29,35,25,13,19,7,41,3,29,12,36,39,15,17,28,8,13,12,19,66,5,21,35,47,16,44,5,14,52,25,19,8,11,7,16,13,39,23,58,35,43,25,28,50,12,20,35,44,4,31,70,14,17,37,15,11,7,29,21,38,33,38,11,65,23,8,27,7,8,29,29,34,52,8,23,13,4,23,23,10,41,8,61,15,28,5,39,24,12,72,77,5,54,51,14,34,25,10,2,24,51,26,28,47,6,23,15,41,11,7,4,138,22,55,52,6,15,62,32,9,47,23,27,10,15,19,31,33,12,33,34,21,18,6,23,26,29,27,8,31,55,20,26,33,19,23,7,38,20,10,31,43,16,15,59,29,50,28,39,49,42,11,49,7,17,16,49,9,26,30,39,68,19,9,24,40,46,14,106,19,12,37,60,31,34,35,8,32,36,32,8,21,5,48,33,21,43,23,35,45,38,24,23,17,16,55,27,11,20,90,31,20,31,38,23,34,34,42,17,15,40,29,17,39,44,23,10,21,34,29,40,94,43,31,28,33,38,24,46,26,35,10,34,26,33,42,8,38,8,40,34,31,42,42,41,39,29,7,56,37,23,4,12,30,33,22,57,39,25,28,15,6,20,10,18,22,23,10,15,26,16,13,7,47,36,25,21,25,18,32,15,33,25,18,29,4,32,23,107,20,46,10,14,42,29,32,11,23,7,17,20,29,27,15,19,26,12,11,17,40,3,0,18,40,6,31,24,91,25,25,31,17,32,8
19,95,43,31,16,13,37,31,34,19,12,45,28,18,39,30,39,21,21,18,16,40,18,33,21,36,43,20,17,24,19,18,19,19,66,20,24,37,49,14,47,14,14,52,13,15,19,8,18,2,16,35,28,59,20,37,17,28,50,17,18,35,47,19,16,67,20,19,31,20,16,18,19,15,35,37,35,17,61,10,16,27,17,20,30,23,33,49,17,16,18,16,22,22,17,44,19,59,19,23,17,40,21,18,69,74,16,49,48,5,31,22,16,19,12,42,22,32,46,19,13,17,44,15,19,16,135,19,57,54,17,20,58,32,16,48,27,21,19,19,20,24,32,17,21,30,8,14,17,11,29,27,15,16,26,58,21,24,36,6,26,18,32,12,20,33,44,14,8,60,16,51,28,41,40,46,19,49,17,6,12,49,21,23,31,37,67,14,17,10,38,48,15,107,15,17,32,61,24,32,34,20,28,39,38,16,27,17,53,33,14,44,30,31,45,32,10,22,21,9,56,23,17,20,93,26,17,30,41,9,36,34,41,1,20,39,16,19,45,50,18,16,18,36,32,38,88,45,23,30,32,37,28,39,17,35,16,36,7,40,40,20,26,20,41,42,35,42,45,39,40,34,16,60,30,20,19,12,32,40,27,56,41,24,35,18,17,12,20,20,8,22,12,17,29,21,19,18,46,30,22,4,27,13,23,10,33,31,16,14,19,33,23,111,21,47,15,17,46,31,26,20,18,19,15,12,30,22,14,14,21,18,8,19,27,16,18,0,45,19,20,18,94,13,30,32,1,31,16
40,104,45,48,39,43,38,47,46,43,44,44,47,42,46,45,36,45,38,43,40,44,37,44,43,10,23,44,41,43,39,41,44,45,72,42,43,43,54,39,48,41,41,56,38,43,37,39,42,43,38,47,39,67,43,49,44,40,53,39,44,42,53,41,45,77,44,32,44,37,43,41,45,47,42,42,42,46,70,42,43,45,39,40,48,46,44,54,42,44,40,39,36,33,36,49,40,66,37,45,40,53,43,38,75,81,41,53,54,39,42,39,39,41,43,60,43,31,47,40,44,40,9,37,42,42,144,40,59,58,40,27,63,43,36,50,42,44,43,34,43,43,41,39,39,46,43,48,39,44,42,39,41,39,38,60,45,43,40,44,40,42,48,40,42,46,47,35,44,65,43,57,46,44,58,45,38,57,39,43,41,56,42,41,49,37,77,44,40,38,48,48,42,119,42,40,45,61,49,47,37,43,44,23,15,39,40,40,41,47,41,38,31,43,50,38,45,40,42,43,56,40,45,41,102,48,47,42,44,43,42,39,47,42,43,46,39,32,9,41,27,39,35,36,43,51,101,23,40,41,45,42,45,46,42,47,40,42,45,39,48,43,44,42,50,36,45,38,47,50,39,42,40,51,36,44,38,40,46,44,44,66,41,38,39,36,41,47,42,41,45,45,45,45,42,36,30,43,51,45,45,46,40,44,42,42,48,47,42,43,40,49,47,117,39,50,43,41,54,46,40,38,41,43,42,42,45,43,43,45,46,37,39,34,46,40,40,45,0,38,36,35,96,41,49,47,44,40,41
9,95,44,35,6,20,35,34,41,22,15,42,34,22,46,28,39,23,12,17,10,43,8,28,16,40,37,17,18,26,5,8,14,18,68,7,18,34,45,13,41,6,14,48,28,14,4,14,4,17,11,35,23,57,38,43,22,24,45,12,19,33,44,4,31,69,16,22,35,11,14,3,27,19,41,37,41,10,66,22,7,27,4,4,27,25,33,52,4,22,10,6,22,22,7,43,4,60,12,30,4,42,21,12,71,75,6,57,51,15,31,27,15,6,23,51,24,33,48,7,23,14,42,9,5,7,136,18,55,51,3,23,59,36,9,45,22,28,12,14,22,30,30,14,33,36,20,22,13,23,23,26,24,6,30,53,23,26,32,18,26,4,39,23,3,33,45,16,17,62,25,48,35,38,45,44,8,49,4,17,15,47,8,24,29,42,71,17,5,25,40,46,11,108,20,16,42,61,29,32,33,8,33,39,34,6,22,4,50,33,18,42,28,31,43,37,22,25,17,14,57,27,14,19,88,29,22,30,34,23,40,30,39,18,15,37,32,22,37,43,28,15,20,33,30,37,93,38,33,29,29,37,22,46,28,33,15,40,24,33,43,8,33,4,39,38,35,41,42,42,36,28,10,56,33,22,2,15,32,33,23,57,37,22,30,14,4,17,3,19,21,19,10,12,30,13,10,6,45,37,27,20,25,21,28,18,29,23,18,28,5,35,21,107,18,43,15,14,40,30,32,7,20,13,16,20,28,28,17,21,28,13,16,14,37,7,6,19,38,0,28,24,94,25,27,32,20,32,6
29,102,43,28,27,15,34,31,41,30,31,44,37,10,32,26,37,27,30,24,32,44,27,29,24,34,43,23,12,26,30,30,25,27,72,30,28,29,49,24,43,29,22,54,18,17,26,17,31,21,32,41,31,62,27,40,24,23,53,30,30,39,49,29,19,67,23,27,27,32,24,29,30,26,35,35,35,27,59,14,31,29,27,29,34,21,35,52,31,14,33,27,30,30,28,47,30,63,30,29,29,39,27,34,68,67,29,50,50,24,25,5,29,30,12,53,24,36,50,29,15,26,35,26,30,28,139,20,59,57,28,21,67,35,28,52,31,30,32,27,18,36,27,27,25,32,27,29,29,12,31,22,16,29,15,54,32,23,42,26,29,31,38,28,31,27,47,31,26,57,22,54,32,35,42,47,24,56,29,27,32,46,31,22,32,37,70,23,31,17,35,46,30,107,25,30,34,51,34,38,39,31,29,39,38,29,33,29,48,31,18,41,31,25,41,28,29,34,36,26,55,28,25,24,88,32,26,26,39,14,24,34,42,18,24,35,23,27,42,48,27,29,29,40,28,33,92,40,23,24,27,41,23,39,11,33,29,24,12,41,35,31,31,30,35,43,41,41,46,50,24,25,29,63,23,21,26,17,21,37,30,58,35,33,30,30,30,26,31,18,26,34,30,32,25,29,28,32,48,36,33,26,23,16,29,18,31,32,20,18,29,33,35,111,29,44,24,23,32,30,19,28,20,28,18,23,26,31,23,18,18,23,16,26,38,30,31,20,36,28,0,19,93,10,25,36,20,27,28
27,99,44,30,26,8,34,34,41,28,20,41,31,23,34,31,39,18,23,23,19,42,22,28,24,37,37,20,10,15,24,24,24,23,72,25,24,33,45,24,46,24,18,50,26,25,22,16,25,26,20,34,22,57,32,40,23,18,42,28,21,35,34,24,22,57,20,18,29,27,24,24,29,19,39,44,39,22,63,28,25,22,21,26,21,19,26,51,22,26,27,21,18,17,21,42,27,54,22,25,24,30,24,19,62,66,21,49,46,18,23,15,30,24,21,46,12,34,41,24,17,22,43,20,24,21,139,25,55,44,23,30,55,28,23,49,25,26,22,25,12,28,16,28,33,25,25,23,25,28,20,22,27,25,26,50,15,11,40,25,22,25,34,23,24,28,42,16,15,60,24,47,29,44,49,39,23,51,24,20,25,53,27,17,27,38,69,21,21,17,28,38,14,108,24,26,40,64,31,31,36,25,21,40,38,25,25,24,53,28,21,41,23,24,47,37,22,19,17,25,60,12,26,27,76,32,23,28,34,20,28,30,34,16,18,38,24,18,41,52,26,30,23,30,29,40,88,48,9,23,25,33,21,41,23,37,30,28,26,42,42,25,36,23,32,43,24,40,42,40,31,30,25,54,38,25,25,21,15,40,28,56,40,14,32,19,24,23,24,20,25,22,20,19,24,21,20,25,49,32,26,23,8,7,24,26,29,22,29,17,25,25,18,107,22,36,20,26,34,27,30,21,19,19,23,27,32,22,23,25,26,29,16,26,33,24,24,18,35,24,19,0,88,26,20,28,18,30,24
93,106,98,92,89,91,87,97,96,89,91,92,92,94,96,92,89,95,91,90,94,96,92,102,93,98,102,90,88,93,90,91,90,94,95,91,92,90,85,93,103,93,90,91,93,91,93,91,92,93,94,91,93,103,98,97,93,89,90,95,91,85,90,90,94,89,90,90,97,88,93,91,96,88,87,90,87,94,103,91,93,87,89,92,92,95,94,93,92,93,92,91,89,88,94,96,90,87,94,91,90,85,95,94,93,104,85,93,86,88,88,92,91,88,92,102,92,93,81,89,92,91,99,88,93,86,140,90,84,95,89,96,93,82,89,94,92,92,92,90,93,89,84,91,96,89,93,92,91,95,93,92,96,88,94,87,91,90,92,93,84,92,97,90,89,90,91,89,94,96,96,89,91,98,87,96,90,99,89,93,90,86,93,92,94,97,99,93,88,96,92,95,91,118,92,92,95,100,91,94,92,89,96,99,96,88,95,90,104,94,93,93,81,91,83,88,89,94,91,94,55,89,89,94,103,94,96,91,92,92,87,92,80,90,91,85,94,90,104,95,94,91,86,85,84,80,87,101,95,77,92,89,97,95,94,97,91,87,95,94,99,89,86,93,86,93,93,91,98,83,97,94,90,88,94,95,88,87,93,95,83,92,87,90,91,88,91,91,89,89,91,88,94,91,91,92,90,95,95,96,90,89,84,87,85,92,91,87,95,93,87,92,99,77,82,95,93,93,85,96,98,89,93,84,91,91,92,92,91,92,92,95,90,93,101,92,91,94,96,94,93,88,0,95,87,91,94,86,94
23,99,39,32,20,11,33,30,36,20,19,42,32,1,35,30,40,19,20,18,25,38,23,25,23,40,44,17,10,20,24,23,19,22,68,24,24,27,49,14,41,25,16,43,14,18,20,13,25,19,23,34,22,54,22,35,13,26,46,22,20,38,45,24,10,64,17,18,26,21,22,25,23,21,36,36,36,22,54,9,23,24,23,23,22,19,38,50,25,5,23,24,11,13,20,35,25,61,21,31,25,40,14,22,68,72,25,45,50,19,27,17,25,25,6,50,13,37,46,24,18,20,41,18,23,25,127,17,56,50,22,26,62,32,22,45,20,26,24,21,12,26,28,19,24,36,12,19,23,9,25,21,13,25,22,49,27,18,38,12,22,25,37,13,25,27,45,24,17,57,14,53,35,39,30,45,21,49,25,7,20,49,25,21,32,40,62,8,21,5,34,44,22,106,11,22,41,53,26,31,27,22,26,43,39,25,22,25,55,31,9,38,31,37,41,36,6,24,24,10,51,24,18,17,94,34,10,27,40,10,27,28,33,16,16,39,31,18,44,50,25,25,22,36,33,24,85,46,24,27,27,28,19,32,9,25,25,27,6,36,32,22,17,24,43,43,34,41,44,41,34,24,23,58,24,17,24,17,14,36,25,53,35,28,37,21,25,19,25,12,9,14,18,23,30,20,21,23,40,33,24,10,21,17,34,17,33,28,10,7,25,35,26,110,16,44,21,16,36,28,22,17,12,21,13,18,30,18,9,17,19,20,23,25,26,25,25,13,41,25,10,26,95,0,30,33,10,30,23
29,100,45,35,27,17,33,32,34,28,25,36,21,27,42,26,37,23,26,22,23,36,28,33,28,44,48,25,19,27,29,29,28,24,64,25,26,32,43,27,54,27,26,54,28,29,28,26,27,32,28,31,29,60,39,33,27,19,43,27,28,38,40,25,29,70,24,30,37,23,25,29,26,28,40,42,40,28,61,27,31,21,27,26,30,23,30,48,27,25,23,28,28,25,28,36,28,64,32,23,27,34,26,28,74,73,28,51,52,27,33,25,28,25,29,50,25,29,46,26,30,27,46,28,25,28,138,25,57,52,25,34,52,32,28,46,29,16,29,31,26,24,27,29,33,30,23,27,28,27,32,22,32,28,30,55,24,21,37,30,25,27,36,26,26,28,42,26,28,54,26,48,32,35,45,43,29,53,27,25,31,50,29,26,27,34,64,29,27,29,33,44,27,103,25,30,31,48,22,37,36,24,31,46,42,28,28,27,58,33,22,40,29,36,50,41,27,30,27,27,55,24,29,29,87,28,28,33,39,21,38,33,30,26,25,38,28,30,48,51,31,28,29,35,32,42,90,51,28,30,17,31,29,44,28,34,28,38,27,42,40,24,31,26,36,42,28,38,45,26,31,18,27,56,34,24,26,23,23,44,28,53,35,26,37,27,27,29,26,25,26,26,28,27,22,32,30,28,46,34,24,26,23,25,28,26,31,30,30,29,26,25,30,102,24,42,27,27,43,31,33,29,25,23,24,27,27,27,27,24,6,29,29,28,38,26,25,30,49,27,25,20,87,30,0,36,27,20,28
32,100,40,33,33,32,37,37,43,26,32,51,30,35,49,32,43,31,32,30,27,40,31,36,33,41,44,30,29,32,33,27,29,32,64,31,31,30,42,33,54,31,25,54,31,27,33,31,33,36,32,33,34,64,27,47,31,34,47,36,23,27,39,31,37,70,30,34,33,28,34,30,34,30,41,44,42,31,73,35,33,31,32,31,23,34,32,56,30,36,26,30,32,32,33,45,32,58,28,36,33,40,32,31,72,78,29,62,55,33,29,36,36,31,33,60,32,29,49,32,32,23,46,31,31,31,150,26,58,52,32,38,60,38,34,54,37,33,29,33,34,35,32,33,34,34,34,34,32,34,33,32,34,34,41,45,17,31,37,35,34,33,40,33,32,34,41,26,35,71,37,44,32,42,52,49,31,45,32,34,35,52,31,31,35,42,80,33,29,34,43,49,23,116,32,34,44,72,34,30,34,31,26,44,38,34,19,33,54,39,32,41,32,29,50,46,35,26,20,33,61,33,34,35,99,38,27,26,43,34,38,28,41,34,29,39,36,34,42,35,37,36,29,30,30,37,89,40,27,27,36,35,32,47,34,39,36,38,34,39,47,31,33,30,40,39,35,40,45,38,40,37,34,55,36,32,32,30,34,40,30,60,42,26,31,27,33,33,32,33,33,31,31,21,36,25,32,27,51,41,35,31,32,28,33,32,32,12,34,34,32,24,23,92,31,38,33,31,44,40,33,28,32,25,31,37,32,34,35,33,36,34,30,34,36,30,31,32,47,32,36,28,91,33,36,0,33,33,33
19,99,40,32,16,14,36,36,32,24,9,42,32,14,35,27,39,22,17,17,18,36,16,33,19,38,40,13,13,20,21,21,10,14,62,19,22,37,46,12,48,15,13,52,12,12,17,2,18,14,15,35,25,58,25,42,17,21,47,20,18,35,46,15,28,68,13,22,36,15,20,18,26,19,35,37,35,13,61,10,18,25,16,16,27,28,34,50,18,12,15,15,9,9,16,40,18,62,21,19,17,40,15,14,70,78,15,44,47,7,27,18,18,17,11,42,21,31,46,18,14,16,43,19,18,15,135,18,54,49,16,20,59,30,18,48,28,23,15,18,14,26,30,19,20,26,3,15,17,9,27,25,15,16,22,56,20,26,32,10,25,18,33,8,19,29,45,16,3,48,24,53,26,38,50,42,17,48,16,5,17,50,19,24,29,36,67,12,19,19,40,42,18,102,3,15,34,61,26,31,32,15,24,38,36,16,25,17,53,34,5,35,28,34,45,36,7,26,18,15,58,24,18,20,89,27,18,28,42,12,28,35,41,4,11,39,25,22,39,47,18,18,19,37,34,37,91,46,26,29,29,40,27,40,27,33,18,28,13,40,37,15,31,19,36,43,36,41,44,40,37,25,18,59,27,21,17,4,32,40,23,53,38,20,33,18,17,4,19,8,10,19,12,20,25,19,20,20,45,37,20,8,24,8,22,6,30,22,17,15,18,32,21,111,14,43,13,16,41,28,27,17,18,12,2,15,27,21,7,7,22,18,4,18,27,16,17,1,44,20,20,18,94,10,27,33,0,26,17
32,100,41,31,31,20,32,12,39,32,29,42,29,28,40,20,31,30,29,24,32,40,33,38,27,45,47,28,27,28,32,33,30,27,68,31,32,42,25,32,48,31,28,49,25,29,29,24,32,32,34,16,35,53,37,38,27,30,45,33,32,36,42,31,36,74,29,34,33,33,32,31,22,30,35,37,35,32,61,32,30,27,28,30,32,29,31,49,33,31,32,30,26,30,31,41,33,63,32,11,32,29,26,32,73,65,31,47,49,29,28,31,34,31,29,47,21,34,38,32,26,29,40,28,32,32,132,30,57,50,28,37,59,29,34,46,35,20,28,34,16,26,25,33,39,24,32,29,32,29,33,33,33,33,34,57,34,28,22,31,28,32,31,29,32,24,43,31,25,51,32,54,28,26,45,45,32,51,33,30,30,50,33,32,8,17,64,29,33,24,33,37,35,105,24,25,39,56,28,18,32,34,29,43,41,33,35,34,55,30,32,38,26,33,38,38,32,33,32,28,58,28,33,30,70,28,33,31,36,31,27,35,35,30,23,30,30,34,49,53,33,34,29,36,38,36,94,50,22,28,6,34,25,39,32,34,34,27,26,44,35,34,35,31,22,46,33,44,44,39,39,24,33,58,38,31,30,23,27,43,33,51,33,33,38,32,34,31,32,25,26,32,27,33,8,34,32,31,38,32,27,27,16,27,24,25,30,37,31,32,32,21,35,106,30,43,29,29,34,32,32,30,33,33,30,31,19,32,26,27,18,33,28,34,41,32,32,31,40,32,27,30,86,30,20,33,26,0,34
8,101,44,35,9,24,38,32,40,24,15,47,34,24,43,28,41,28,12,18,11,42,10,28,13,40,45,14,20,23,10,14,14,19,70,5,24,38,49,16,41,8,16,53,29,20,4,15,6,20,12,37,26,61,36,45,26,29,49,14,20,39,49,7,26,68,15,23,33,16,14,6,31,21,40,39,40,11,66,19,11,29,9,5,29,26,35,53,9,19,13,10,24,21,7,41,12,64,11,34,6,40,24,14,70,74,10,54,52,16,35,28,14,11,22,50,23,35,49,5,24,17,42,14,3,10,136,20,56,53,11,25,63,35,9,49,24,27,12,16,22,29,32,15,34,33,20,17,12,22,25,31,26,8,32,58,26,30,36,17,25,6,39,20,8,30,48,15,17,63,24,53,34,41,48,46,14,50,6,17,18,51,9,30,30,38,72,17,13,22,40,45,10,109,18,16,41,62,29,35,36,13,28,40,39,8,23,6,49,35,22,43,30,35,46,40,21,21,18,14,58,30,17,19,93,29,21,33,32,19,37,35,40,18,17,38,27,23,45,47,27,14,22,37,36,42,95,42,30,34,31,40,26,43,27,34,14,37,26,39,40,13,38,7,45,40,35,41,44,45,36,30,11,59,35,24,6,12,34,39,26,58,40,22,31,17,6,19,8,17,20,23,11,15,28,15,10,12,45,35,27,21,29,18,31,19,34,24,19,26,6,34,24,112,21,47,19,15,44,34,31,15,25,14,17,23,28,26,17,21,25,16,16,18,39,9,8,16,41,6,28,24,94,23,28,33,17,34,0
