0,100,43,35,10,23,39,34,38,23,16,46,35,23,44,29,42,27,14,21,13,41,12,26,15,40,43,17,21,27,10,15,15,19,70,6,23,36,49,17,42,10,16,52,27,19,8,17,8,19,14,40,25,59,36,44,25,28,49,12,18,38,48,6,29,68,17,22,36,16,14,8,31,21,38,40,38,12,65,23,12,29,10,6,28,29,34,53,10,23,14,10,24,24,10,41,10,63,14,32,8,43,25,14,70,76,10,54,51,17,35,27,12,10,23,48,25,34,48,6,25,16,40,14,6,10,136,23,55,52,10,23,62,36,12,48,24,28,12,14,21,32,33,15,33,34,21,19,10,23,25,31,27,10,31,57,24,29,36,19,28,8,39,21,8,33,48,17,19,61,26,52,35,41,49,46,13,49,8,19,17,50,10,29,30,41,70,19,12,25,42,46,14,108,19,15,39,61,32,34,35,12,31,39,37,10,24,8,47,36,21,44,29,37,47,39,23,24,18,17,58,29,16,21,92,32,23,35,36,23,38,34,42,19,17,40,29,22,43,46,25,12,21,36,34,41,94,44,33,33,32,40,25,43,27,36,12,38,25,38,43,12,37,6,44,40,36,40,43,44,38,32,10,58,37,24,8,15,33,38,26,58,39,24,32,15,8,19,8,19,21,22,12,16,30,16,12,12,47,37,26,21,28,21,33,19,33,26,19,27,8,34,25,110,20,46,17,16,44,34,33,14,24,14,17,21,29,25,19,21,28,14,15,16,40,10,10,19,41,9,29,27,93,23,30,32,19,31,8
100,0,93,98,96,93,92,95,101,95,98,92,96,98,94,93,100,94,94,92,101,98,97,98,99,101,102,97,99,97,97,94,97,99,91,99,97,95,93,94,94,95,95,99,95,94,97,95,98,95,96,96,97,93,97,98,97,92,99,99,98,89,89,99,95,96,97,98,97,96,96,98,91,94,99,102,99,98,100,94,99,95,96,98,101,96,98,95,99,93,97,95,97,91,97,98,97,93,98,96,98,97,97,98,97,97,98,99,95,96,97,100,99,99,98,106,96,100,93,100,97,94,101,97,98,97,133,93,93,99,96,101,96,94,99,87,94,96,100,100,100,97,101,93,98,101,97,99,99,99,89,91,98,99,98,97,100,95,97,99,90,98,95,100,100,93,96,93,96,105,95,88,92,94,96,89,96,103,97,98,96,95,98,94,97,90,101,98,96,98,96,100,98,106,99,96,99,99,96,97,95,97,102,102,101,99,97,98,107,94,97,98,100,97,93,98,97,92,100,97,90,94,97,99,84,98,98,92,97,95,94,95,95,97,97,98,98,98,100,96,100,99,92,94,96,96,101,103,97,96,93,97,96,101,98,96,99,94,95,95,92,97,95,98,98,101,96,92,95,93,94,92,96,85,99,96,99,97,100,94,86,95,100,99,95,97,98,97,100,97,98,92,97,98,94,97,98,97,97,94,99,97,92,93,94,98,96,101,95,95,100,88,99,102,94,92,97,93,86,97,97,95,98,100,97,97,93,97,98,96,95,98,96,101,98,96,100,98,100,97,101,97,97,99,95,102,97,94,100
43,93,0,36,41,39,40,44,39,37,41,45,36,35,40,38,43,40,40,38,44,39,41,45,41,45,45,41,39,42,41,40,42,37,65,42,40,40,48,38,50,40,39,46,42,39,41,40,42,40,40,42,37,52,43,38,33,42,37,42,42,35,37,42,36,58,41,43,39,39,41,39,36,41,36,39,36,43,64,39,42,36,39,41,41,38,39,50,42,39,40,39,42,40,40,42,39,53,44,31,42,41,35,40,63,72,42,49,50,40,40,42,42,42,36,43,42,40,45,43,40,40,42,40,42,41,123,37,45,43,39,44,65,36,44,36,38,37,43,43,41,41,42,41,44,44,40,42,43,40,37,34,39,43,43,53,45,35,36,39,38,42,37,36,43,36,47,40,39,60,39,45,38,40,47,43,40,48,41,36,40,47,42,39,38,43,65,38,40,36,37,43,42,103,40,38,33,56,38,33,42,41,42,46,46,43,46,42,46,36,37,32,39,39,42,46,35,41,44,40,61,41,41,43,88,42,40,42,44,40,37,42,41,40,41,43,42,43,45,47,41,42,40,45,42,34,89,45,45,42,39,36,43,36,41,36,42,37,39,44,39,41,39,42,42,47,41,42,34,39,46,39,41,54,44,36,42,41,39,43,39,57,42,44,45,41,42,41,43,37,36,41,42,43,39,41,41,42,46,40,37,40,40,40,41,36,36,47,41,33,43,37,43,107,41,39,40,40,40,40,43,40,40,45,41,41,38,41,36,35,39,42,41,44,45,40,43,41,46,39,44,40,96,34,37,46,40,37,44
35,98,36,0,32,27,30,25,39,30,29,40,26,31,39,27,32,34,30,28,36,25,34,40,33,38,40,30,30,29,33,33,31,31,65,33,31,30,40,26,50,32,27,37,31,26,33,28,36,31,31,32,33,47,40,41,27,31,39,36,34,28,37,33,37,54,30,35,39,30,30,32,30,28,28,29,28,29,60,31,32,28,32,32,28,35,27,45,33,31,33,33,34,29,33,38,33,59,34,17,36,33,23,31,60,66,33,45,42,28,33,32,36,31,25,35,27,34,37,35,25,30,41,33,33,33,128,25,36,50,32,35,62,24,36,42,31,20,33,37,31,28,26,31,35,34,30,38,36,29,34,31,33,35,32,52,32,32,25,32,28,36,23,36,34,26,41,30,29,52,30,48,30,29,40,42,31,52,34,30,30,46,30,22,16,31,60,30,34,28,28,37,32,97,29,30,38,56,29,19,28,34,31,40,34,35,34,36,46,29,25,32,33,33,43,41,29,30,33,28,54,28,29,32,80,29,32,33,36,31,31,31,31,32,31,37,31,35,40,49,30,36,30,37,29,34,85,44,31,33,25,31,33,29,34,29,36,31,31,40,30,34,36,32,36,42,37,40,28,40,34,22,34,55,36,25,33,31,31,40,36,39,37,32,40,32,36,29,34,31,30,34,28,32,24,33,33,33,38,24,28,32,28,30,34,28,31,35,33,35,34,29,36,105,30,30,30,33,39,33,26,31,28,34,30,33,27,25,28,29,26,36,31,37,29,34,33,33,43,33,33,31,90,31,20,38,33,24,35
10,96,41,32,0,20,38,34,38,22,12,44,33,21,39,30,40,24,11,18,13,38,10,23,12,38,43,16,20,26,7,8,15,18,69,8,19,33,46,13,40,7,13,51,25,17,8,16,8,17,8,38,21,57,34,40,23,28,47,9,13,33,47,7,27,66,16,19,33,11,11,6,29,21,36,39,36,11,64,21,10,28,7,8,25,27,31,50,7,21,8,2,22,17,8,42,4,61,13,28,7,42,22,10,68,74,4,51,50,16,33,22,8,5,21,47,25,30,45,7,23,13,37,11,8,2,134,20,52,50,5,22,63,33,5,46,23,28,9,9,19,30,31,12,32,34,18,16,6,22,24,29,26,4,28,56,24,27,34,16,25,8,36,19,4,30,47,12,16,60,23,49,33,40,47,44,6,46,6,19,14,47,9,27,28,38,68,18,10,23,40,44,14,105,19,12,37,60,29,32,30,8,32,39,35,4,20,7,46,33,20,42,23,36,45,34,20,22,15,17,57,26,12,17,89,32,23,33,35,21,35,32,41,16,17,39,29,19,41,43,19,8,19,33,31,39,92,44,32,32,31,39,23,40,23,34,7,35,22,35,42,8,35,9,41,37,34,37,41,41,37,27,6,55,36,20,2,15,31,35,22,54,36,23,29,12,7,17,4,18,18,18,12,17,28,11,7,8,46,34,26,18,25,20,30,16,32,26,17,25,3,32,23,105,17,44,17,13,41,31,31,8,22,10,18,19,30,23,19,21,25,11,14,12,39,6,4,16,39,6,26,25,92,21,30,29,16,31,7
23,93,39,27,20,0,36,29,34,22,19,43,34,8,36,21,34,24,19,16,21,37,21,30,17,42,41,15,16,23,21,18,16,17,64,22,22,33,42,8,41,18,17,45,21,16,21,7,22,17,19,35,22,52,35,43,20,20,43,23,21,30,40,22,28,59,15,22,34,20,20,20,24,19,35,36,35,18,58,18,21,26,20,21,24,25,30,44,21,18,19,19,16,16,20,36,19,58,19,25,22,37,15,22,64,69,21,42,44,10,24,24,23,21,15,35,18,31,44,23,11,18,38,20,22,21,134,16,48,46,18,23,62,30,23,39,21,24,21,24,15,30,19,19,26,31,23,18,22,17,20,23,21,23,26,51,27,21,27,14,18,22,34,19,22,24,42,15,6,56,18,45,31,35,42,45,19,47,21,13,12,49,18,15,22,34,61,12,20,23,23,37,21,97,13,14,39,58,19,28,31,21,25,41,37,23,22,22,47,28,15,39,22,32,41,36,12,19,24,7,53,19,17,19,85,23,17,31,30,18,31,30,33,16,15,39,23,22,44,42,25,23,20,32,31,34,89,40,26,28,24,36,24,36,24,24,23,31,18,35,38,21,30,20,41,40,35,31,38,41,33,29,21,56,31,13,21,17,30,37,22,53,32,21,30,19,22,18,22,15,14,17,16,21,23,24,22,21,46,32,21,19,23,16,29,17,30,25,18,25,22,30,23,105,20,31,16,20,39,30,25,19,12,21,17,17,21,20,17,18,21,23,17,24,38,20,22,16,43,21,26,18,91,18,21,34,17,25,23
39,92,40,30,38,36,0,35,41,36,36,43,35,37,43,30,36,38,33,34,36,35,38,41,37,41,42,34,34,38,38,36,34,36,68,38,39,31,42,36,49,38,35,46,36,36,37,38,40,39,37,29,38,43,35,40,36,36,47,41,40,32,38,38,40,62,34,39,40,35,37,38,38,33,38,39,38,34,63,36,37,32,37,37,38,36,31,48,36,37,29,38,38,33,39,36,38,55,34,36,40,37,35,37,63,73,38,47,45,38,37,42,41,36,36,43,32,39,40,39,34,35,44,37,38,38,132,33,45,48,37,37,63,33,41,39,38,31,35,39,35,40,34,30,35,40,37,43,40,37,35,37,38,40,38,49,37,39,33,39,30,40,34,43,37,31,43,34,37,58,38,48,39,40,45,35,36,47,39,38,37,49,36,36,35,35,62,37,39,39,44,44,40,99,38,34,39,53,36,32,37,38,38,45,39,40,38,40,43,30,33,38,32,29,41,38,36,37,38,38,52,36,38,37,85,41,39,30,41,38,33,35,35,40,34,40,40,39,41,45,39,41,40,37,39,39,93,40,40,35,34,38,33,34,41,30,41,33,38,38,34,38,36,37,40,41,38,36,35,40,29,34,40,51,27,35,36,35,36,35,35,49,42,39,40,37,40,37,37,40,39,36,34,37,34,37,37,34,43,34,38,38,37,38,39,39,37,39,40,39,37,36,30,109,36,34,38,33,29,37,36,37,37,37,37,39,31,38,39,40,35,39,35,40,35,39,37,41,47,38,39,40,92,39,36,34,40,30,37
34,95,44,25,34,29,35,0,41,31,27,51,27,31,44,6,41,26,30,26,31,34,33,40,32,45,41,26,28,27,32,32,25,29,71,32,34,35,44,29,51,31,26,47,34,25,34,28,34,32,30,33,32,48,42,37,28,32,45,36,33,31,41,32,33,65,26,36,36,32,29,31,31,28,37,34,37,27,52,30,33,28,32,32,31,28,24,45,33,30,32,33,33,28,32,26,31,68,33,31,34,36,29,33,67,68,32,51,44,29,31,35,36,30,26,38,26,35,41,34,26,29,44,32,31,32,130,26,49,50,32,38,63,30,33,45,36,17,32,34,26,24,28,32,36,26,28,31,33,33,37,35,33,34,35,58,30,27,32,30,29,34,33,35,33,28,48,27,26,46,27,47,34,20,38,43,30,51,33,29,33,51,30,29,27,30,63,30,33,32,33,44,31,98,27,28,42,54,26,30,32,33,23,43,41,34,35,34,50,34,31,44,35,32,43,39,25,32,31,27,56,27,26,30,84,26,31,30,37,29,32,34,41,30,24,34,34,36,44,47,37,36,32,40,31,38,89,38,32,28,10,38,34,37,35,34,36,32,35,41,38,33,36,31,40,46,30,41,37,40,31,32,33,58,37,27,33,25,28,41,36,56,36,32,37,34,34,28,33,28,28,33,27,29,14,34,34,33,40,34,24,28,25,24,32,30,30,35,31,29,33,25,33,106,32,40,31,35,40,27,29,29,35,32,28,35,5,26,29,31,22,34,26,35,37,33,32,30,46,31,35,29,92,30,23,36,31,9,33
38,101,39,39,38,34,41,41,0,34,38,49,40,35,44,36,38,39,37,36,40,39,38,48,39,42,47,37,36,36,38,38,38,37,65,37,37,38,52,35,52,37,38,56,38,37,38,35,36,34,38,40,39,61,44,37,39,39,44,40,37,34,44,37,39,67,36,43,42,39,38,36,41,38,38,35,38,38,71,36,39,40,37,37,41,41,40,57,38,36,37,37,37,36,38,43,38,63,41,33,38,47,34,38,75,78,37,57,51,35,40,41,40,38,40,37,37,41,47,38,35,38,44,39,37,37,136,38,51,46,37,40,62,42,39,43,40,35,39,41,37,36,39,39,40,36,35,35,40,38,42,25,40,38,43,60,42,35,32,36,39,39,38,35,36,36,44,38,36,67,39,51,31,39,50,44,38,54,37,36,37,50,38,36,33,41,72,36,36,38,39,43,40,108,38,36,23,58,35,36,38,36,38,45,43,38,44,39,50,37,36,40,39,41,40,38,34,40,41,35,61,36,38,38,89,35,37,38,34,36,38,41,40,34,37,43,41,43,46,49,42,40,38,41,38,42,89,46,36,38,35,38,42,42,40,37,40,38,36,42,40,36,34,37,46,40,34,42,39,42,42,37,38,60,40,36,38,38,37,42,39,58,40,44,41,39,37,34,36,36,37,40,37,40,34,42,40,39,48,41,36,37,37,34,39,36,38,43,39,38,38,38,41,112,40,43,37,39,46,39,38,38,36,40,37,35,36,36,36,31,39,42,38,42,42,37,38,34,46,37,43,40,99,35,35,44,32,34,39
23,95,37,30,22,22,36,31,34,0,24,40,31,16,39,26,40,24,20,14,20,35,22,23,20,39,36,18,20,24,23,22,18,21,66,22,21,33,41,21,43,19,22,47,22,16,19,20,20,20,23,36,21,59,36,40,22,24,44,20,22,23,37,22,28,65,18,22,33,16,22,18,28,15,34,32,33,21,63,24,23,24,17,21,28,29,31,51,20,22,21,20,21,18,21,38,23,55,22,26,20,41,23,15,65,72,20,50,47,20,31,24,20,20,22,46,20,35,45,23,23,22,33,17,22,19,131,14,52,49,17,25,60,30,23,46,17,23,21,18,22,27,30,19,32,35,21,21,21,18,21,29,25,22,29,53,22,25,33,19,19,20,32,17,21,30,44,19,21,58,25,51,29,37,46,41,19,44,20,18,20,49,21,27,26,39,68,20,21,20,40,43,22,103,19,19,35,59,28,29,34,22,28,33,34,22,22,20,42,35,17,36,19,33,44,35,20,22,23,20,55,21,24,25,89,27,17,33,33,23,36,27,35,18,18,40,25,22,39,44,19,20,12,31,28,37,91,32,28,29,28,38,18,41,21,35,19,36,18,36,39,22,33,21,40,39,34,30,39,40,36,26,20,55,35,20,20,19,32,36,22,52,37,20,28,15,20,20,21,17,18,19,20,21,27,25,24,19,40,31,21,20,25,17,32,16,28,27,20,27,21,32,15,104,13,45,19,21,44,26,29,22,23,17,18,23,26,17,16,19,26,21,19,19,40,19,21,19,39,19,28,22,88,15,26,28,18,29,22
16,98,41,29,12,19,36,27,38,24,0,46,27,19,42,23,37,26,13,15,17,37,14,27,17,40,41,11,19,24,12,15,11,14,69,14,22,30,48,14,45,12,2,49,27,11,15,12,15,13,14,39,21,54,34,43,23,23,47,15,15,30,46,13,24,65,11,22,30,13,6,14,29,19,34,35,34,14,61,22,13,25,13,16,28,27,32,47,16,22,16,13,24,17,15,37,15,64,15,29,14,37,21,15,67,69,11,51,47,13,33,17,14,11,17,46,19,30,44,14,22,9,38,13,16,12,135,20,51,52,13,20,58,32,13,43,25,22,16,15,17,25,30,14,33,30,20,13,15,22,23,30,24,13,25,57,23,25,32,15,26,15,34,18,14,31,48,12,17,57,23,49,32,34,48,41,14,50,14,16,17,48,13,27,28,37,69,15,15,21,39,45,15,104,11,13,38,61,30,33,32,15,27,38,37,13,23,14,46,31,17,41,21,36,44,36,23,23,18,13,58,26,4,18,88,30,22,32,36,22,37,32,40,13,11,33,26,22,41,45,18,14,19,34,30,39,91,40,30,33,25,38,25,40,20,33,14,37,17,38,41,15,34,15,42,38,31,38,37,30,34,30,13,55,36,21,13,11,28,38,24,53,36,23,31,15,14,16,14,14,18,20,10,17,23,16,16,16,43,32,23,21,22,17,33,15,32,26,16,22,13,32,21,104,17,43,12,17,42,29,32,14,23,12,12,14,23,20,15,17,25,19,10,16,34,12,12,13,41,13,21,24,92,19,25,30,14,25,16
46,92,45,40,44,43,43,51,49,40,46,0,48,40,44,48,48,45,44,45,46,49,46,47,43,47,45,44,43,47,45,44,41,43,68,45,45,41,46,42,55,43,46,52,46,40,44,44,45,45,46,43,43,63,48,46,40,43,42,44,46,43,37,44,44,64,44,41,47,43,45,43,40,40,41,48,42,44,69,41,44,41,42,44,45,48,46,50,44,44,45,42,42,44,43,46,45,52,42,44,44,46,43,42,66,81,42,55,46,44,42,44,43,43,40,46,39,41,46,45,41,46,48,43,45,42,133,43,49,53,42,43,61,41,45,42,42,43,44,45,45,45,43,46,38,46,41,46,45,37,36,45,42,44,45,55,45,41,46,39,41,45,45,42,45,47,46,45,42,62,46,50,42,49,49,44,44,52,44,42,42,46,43,38,40,50,70,39,44,45,45,42,45,105,40,43,44,60,42,42,43,44,47,52,45,44,41,44,51,43,39,43,45,43,49,41,43,42,46,41,59,42,46,47,92,43,41,47,47,44,44,41,46,42,44,49,44,41,47,50,45,43,41,36,44,49,95,48,46,45,46,44,43,45,44,46,44,44,45,40,46,44,48,44,44,42,48,41,47,49,49,45,44,49,37,43,43,42,48,43,46,55,43,45,48,42,44,43,45,43,41,44,44,46,46,40,45,44,42,45,43,44,44,43,44,38,41,47,48,45,44,47,46,109,42,41,43,46,53,47,35,44,42,44,39,45,48,40,39,45,46,44,43,46,45,43,44,42,49,43,44,40,97,41,45,49,41,45,47
35,96,36,26,33,34,35,27,40,31,27,48,0,35,43,25,35,31,31,28,32,28,34,41,36,42,43,29,33,30,32,37,28,32,67,32,35,29,44,34,51,34,24,41,39,26,35,33,35,35,32,31,36,51,37,41,31,31,48,36,33,28,41,32,36,64,29,34,43,30,26,32,32,31,36,37,36,29,53,34,32,33,33,33,34,37,31,48,33,34,32,35,34,29,35,39,31,66,34,31,35,32,33,33,64,58,33,49,45,34,36,35,36,33,23,39,27,36,45,33,34,29,46,33,31,33,134,32,45,53,33,38,60,24,34,46,38,24,33,36,34,22,35,33,34,31,27,38,36,32,37,38,37,33,35,57,28,31,28,33,30,35,28,34,33,32,48,31,31,50,30,47,34,28,46,43,34,53,34,32,36,48,31,32,25,30,65,33,34,33,36,39,32,98,30,33,39,56,26,27,33,34,35,44,41,33,33,35,51,30,31,39,34,34,49,42,33,30,29,33,56,29,23,32,85,26,31,37,38,34,33,34,39,33,28,28,34,34,45,51,37,36,34,32,36,40,92,42,35,29,26,31,32,34,37,28,36,33,34,43,34,34,39,32,33,47,30,41,35,33,35,31,36,55,34,26,33,28,33,43,36,50,43,34,40,35,35,31,33,33,33,32,30,33,24,32,32,34,40,29,28,27,32,30,35,33,30,30,37,35,33,28,34,106,32,42,32,34,37,28,35,31,37,34,30,34,25,29,32,32,30,36,29,37,29,35,32,33,47,34,36,32,90,35,25,31,33,25,32
23,98,35,31,21,8,37,31,35,16,19,40,35,0,32,23,38,26,19,20,20,36,21,29,18,43,41,15,18,24,21,19,15,20,68,21,24,36,47,10,42,19,19,49,19,21,20,11,22,20,17,38,25,55,33,44,23,27,43,23,21,35,47,21,27,62,15,24,29,22,19,19,31,22,36,36,36,18,59,12,22,28,19,20,26,21,34,47,21,12,21,21,18,19,18,38,20,59,24,25,22,41,17,21,66,70,20,50,46,8,25,26,23,22,14,42,23,35,46,23,13,20,38,19,20,20,129,22,52,50,19,26,63,32,24,43,21,25,23,23,12,32,22,20,26,31,18,19,23,14,23,23,21,23,23,54,27,23,32,10,24,22,34,19,22,28,45,16,11,50,19,52,33,30,39,45,20,50,20,10,14,48,18,23,24,35,65,9,20,19,35,40,21,101,14,14,33,54,25,31,33,21,27,42,36,23,24,22,47,30,17,36,27,36,43,37,9,21,26,7,56,22,18,21,88,29,21,29,31,13,24,35,39,20,16,38,26,24,45,43,26,23,22,36,33,32,92,42,30,31,27,38,22,38,24,29,23,24,19,36,39,21,32,21,45,38,36,37,42,43,34,30,21,58,30,19,21,14,26,36,23,55,38,24,31,19,22,15,22,16,16,21,14,22,26,23,22,20,45,32,16,20,26,20,34,16,32,23,14,25,22,31,21,110,17,38,14,18,40,31,24,20,20,22,15,19,23,16,16,16,20,19,15,24,39,20,22,20,42,21,20,19,92,10,28,33,22,27,22
44,94,40,39,39,36,43,44,44,39,42,44,43,32,0,41,41,41,40,38,43,35,42,48,40,45,49,39,41,41,43,39,38,40,69,44,38,38,41,35,44,40,41,53,32,38,42,38,43,35,39,38,40,57,38,36,35,35,46,44,43,40,41,43,38,60,39,40,43,41,42,41,37,40,41,41,41,39,63,34,42,42,40,43,42,39,38,49,42,36,41,40,39,36,40,40,44,62,43,34,41,37,36,42,68,72,40,50,45,37,35,44,44,42,41,42,41,42,43,42,33,42,44,41,44,40,137,38,45,56,40,45,63,37,41,44,39,37,43,43,41,41,43,41,45,37,42,44,42,38,43,37,35,40,42,59,46,33,35,35,37,43,38,41,43,38,41,39,37,61,39,53,31,44,30,45,40,53,42,36,37,49,41,37,40,44,60,35,41,38,39,42,43,101,34,39,42,53,32,40,39,41,42,49,45,40,44,41,47,40,38,36,40,42,44,45,38,41,47,35,55,36,40,39,82,43,41,41,37,34,35,44,41,33,40,41,45,40,47,50,44,44,37,45,39,40,84,49,38,41,37,43,45,43,43,39,44,35,39,47,35,41,36,42,35,45,40,41,45,44,44,39,42,57,45,36,41,38,37,46,39,55,39,42,45,43,42,41,43,37,35,42,39,43,38,43,43,42,48,36,36,40,37,39,39,33,37,49,39,37,41,42,45,106,39,35,39,41,41,37,41,41,40,43,37,38,41,39,34,35,35,43,39,44,45,40,41,33,47,41,43,40,92,34,36,49,33,37,44
29,93,38,27,30,21,30,6,36,26,23,48,25,23,41,0,38,21,26,20,27,31,27,35,28,42,42,22,24,22,30,27,21,25,62,28,28,31,37,21,49,25,22,42,29,19,29,20,28,21,26,26,26,45,39,37,24,21,45,30,29,30,37,28,27,60,22,31,33,28,26,27,27,23,33,36,33,23,51,26,26,25,28,28,26,19,22,45,29,28,27,27,25,23,26,25,27,59,29,24,28,33,23,27,63,63,28,48,41,21,31,27,30,26,22,34,20,34,39,30,27,25,43,27,27,28,131,23,43,49,26,30,56,25,31,42,27,6,28,30,21,26,28,27,31,24,23,25,29,29,27,32,31,30,29,55,25,26,31,24,24,28,31,23,29,26,39,24,20,46,24,43,31,18,34,38,27,51,27,23,25,47,26,24,23,21,57,21,27,23,34,42,29,97,18,22,37,50,23,23,29,27,24,41,41,30,28,28,49,32,25,40,28,28,39,40,23,26,26,19,51,26,23,29,79,23,25,30,37,26,29,29,36,19,20,34,26,31,40,44,28,30,28,34,28,33,87,41,29,27,12,32,30,33,29,30,30,29,25,37,32,27,33,27,36,44,28,40,31,34,30,25,27,52,34,16,29,19,26,37,31,49,36,29,35,29,28,26,29,21,22,27,23,25,20,30,30,29,39,31,16,26,17,19,31,24,31,26,28,23,29,22,28,104,26,37,23,29,32,28,32,26,26,28,24,26,1,21,23,21,18,29,20,31,35,27,28,22,43,27,24,24,87,24,23,34,23,4,29
42,100,43,32,40,34,36,41,38,40,37,48,35,38,41,38,0,39,39,36,42,38,39,47,39,37,40,37,35,40,41,38,38,38,68,42,43,41,44,32,54,39,37,47,36,34,41,34,43,37,39,38,40,54,40,38,37,41,45,44,43,36,41,41,44,65,37,43,44,39,39,40,38,36,32,24,32,36,64,41,41,39,40,39,43,43,36,52,40,41,41,39,40,34,40,38,42,58,42,32,41,44,34,40,68,72,40,53,45,33,38,38,40,40,42,41,40,36,44,40,36,39,40,41,42,40,134,36,44,48,39,40,57,40,40,48,43,33,41,38,38,40,40,40,43,33,37,41,39,37,44,36,42,39,43,56,41,39,23,35,38,43,37,41,41,38,47,38,35,60,40,53,33,40,48,45,38,57,41,36,34,50,37,34,32,37,69,35,41,39,32,39,39,100,35,35,35,58,16,34,39,41,37,44,40,39,46,40,45,15,35,34,37,43,47,39,38,41,44,33,55,33,37,41,86,41,42,42,46,41,32,46,19,36,38,37,42,43,39,52,38,40,41,47,37,36,95,42,35,41,36,34,40,31,44,17,40,32,39,46,33,41,39,40,41,46,36,45,27,43,45,42,39,58,44,33,39,38,41,46,43,46,43,45,46,41,42,36,41,37,38,41,35,41,34,43,42,40,35,36,34,40,37,37,39,35,37,43,42,44,39,39,37,106,37,37,33,41,42,43,43,39,42,39,33,37,38,38,36,38,38,40,37,35,46,40,39,37,38,41,43,34,90,39,36,42,37,36,42
27,94,40,34,24,24,38,26,39,24,26,45,31,26,41,21,39,0,23,22,25,42,27,28,26,40,42,25,28,22,24,23,24,25,63,26,24,33,43,22,40,25,22,46,23,19,26,23,28,20,24,34,21,50,39,43,21,23,45,28,26,24,43,26,25,64,25,23,33,23,24,25,23,23,39,42,39,25,58,24,21,21,24,25,30,26,32,49,26,25,28,23,25,21,25,40,23,60,25,28,28,37,22,23,66,66,25,50,49,23,31,20,28,23,17,41,26,33,45,27,24,22,38,25,26,25,132,20,43,50,25,31,59,26,28,43,23,25,25,29,30,28,31,25,29,34,20,29,28,29,25,21,23,27,24,55,27,22,30,27,19,28,32,27,27,28,45,22,18,58,27,47,30,37,43,41,22,46,27,26,24,45,26,19,27,37,65,26,26,25,38,41,25,103,23,27,37,60,26,31,29,27,34,39,38,27,21,28,44,34,27,39,28,29,42,34,19,26,28,23,55,25,23,21,85,27,25,35,37,25,39,27,37,20,24,34,26,23,43,45,31,28,23,31,32,42,83,41,29,27,21,39,22,42,27,34,28,39,26,34,39,27,30,25,39,39,37,40,37,37,37,29,27,55,31,23,26,25,30,34,23,58,28,25,31,25,28,24,27,27,22,27,23,24,21,23,23,26,49,38,26,18,20,22,24,26,25,26,28,23,27,28,27,102,21,43,27,23,43,26,30,23,27,27,26,26,21,23,26,24,22,28,25,28,35,26,25,21,42,23,25,24,88,28,24,31,20,28,28
14,94,40,30,11,19,33,30,37,20,13,44,31,19,40,26,39,23,0,18,10,36,10,23,9,37,40,13,18,26,7,6,11,17,69,13,19,33,42,13,41,9,12,47,25,14,10,15,12,17,13,34,18,54,36,41,22,25,45,12,17,28,41,10,26,65,13,18,33,9,9,9,28,17,36,38,36,10,61,19,11,21,10,11,26,26,30,48,11,19,9,11,20,18,9,37,8,60,12,30,12,40,21,10,62,71,9,50,47,15,29,22,12,6,18,42,21,29,44,13,21,9,35,13,13,12,134,19,50,50,9,20,59,30,11,43,18,24,8,13,17,30,29,5,30,32,18,16,13,17,19,27,20,11,25,54,21,26,32,16,20,12,34,20,11,28,43,7,16,57,22,46,33,36,45,39,4,45,12,16,13,43,11,25,26,35,66,16,11,21,38,43,7,103,16,11,38,57,29,30,31,10,29,38,35,11,21,12,42,32,16,41,22,30,43,36,21,22,14,15,52,25,12,15,88,30,21,30,33,19,34,26,39,18,14,38,28,18,40,42,16,12,20,34,27,36,91,38,29,30,27,36,20,39,19,32,11,34,21,37,38,10,32,9,40,38,33,38,38,41,34,28,10,52,34,20,10,11,30,37,22,53,38,21,29,9,12,14,11,16,19,19,11,15,26,13,7,7,45,32,23,19,24,17,30,16,32,23,16,24,11,26,20,106,14,42,14,10,34,30,30,14,21,9,14,18,26,20,16,19,23,11,11,14,36,12,10,18,39,10,23,24,89,18,26,31,18,27,12
21,92,38,28,18,16,34,26,36,14,15,45,28,20,38,20,36,22,18,0,18,33,17,25,22,37,40,17,20,17,19,19,14,18,67,20,20,33,41,15,43,15,10,46,19,10,17,14,16,12,17,34,20,53,34,38,19,17,47,16,19,27,41,20,24,65,17,24,34,17,14,15,22,15,31,35,31,16,58,19,20,27,16,20,25,25,27,42,19,19,21,15,23,7,16,32,18,61,17,23,16,31,18,16,66,68,17,47,47,15,31,18,16,19,19,40,20,33,38,21,24,14,36,17,19,16,131,6,48,50,14,22,59,29,19,40,22,20,20,17,21,22,29,17,32,28,17,16,17,20,22,22,23,19,25,57,23,20,29,18,22,16,31,18,21,28,46,13,16,54,26,47,31,31,41,36,17,49,16,17,18,46,17,24,22,32,61,18,17,18,36,40,18,99,15,17,40,56,23,30,26,17,27,37,36,19,24,16,47,30,16,39,24,33,41,38,22,25,19,14,56,21,12,20,80,23,18,29,32,19,29,31,36,10,16,34,21,24,39,44,19,16,17,37,30,35,86,36,30,29,22,36,23,40,19,29,16,29,19,37,36,17,29,20,37,37,28,35,36,34,36,23,16,53,33,18,21,14,28,37,21,51,38,23,32,17,16,17,21,16,20,19,14,19,22,19,19,19,41,29,17,18,15,11,30,16,27,25,20,20,21,26,22,99,14,40,16,18,40,25,30,16,25,19,14,18,20,15,15,11,22,19,15,18,34,15,20,11,40,17,24,21,91,20,22,32,11,23,21
13,101,44,36,13,21,36,31,40,20,17,46,32,20,43,27,42,25,10,18,0,40,12,24,12,39,43,17,20,26,12,12,14,18,70,10,19,34,46,16,37,11,19,48,27,19,11,16,13,19,11,33,21,55,32,43,27,27,50,8,16,34,46,10,27,66,17,25,35,14,17,11,30,18,38,40,38,10,62,20,9,27,11,11,25,28,28,50,8,20,7,12,21,22,7,38,10,62,9,32,13,40,23,11,69,76,11,54,51,16,34,26,8,9,21,44,25,32,47,11,25,19,41,14,9,9,135,19,53,54,10,24,64,32,8,49,20,29,7,12,21,33,30,13,33,30,19,18,12,20,25,32,25,12,29,56,16,28,36,16,26,13,38,19,11,31,47,10,17,58,25,50,37,38,46,47,9,42,12,16,14,48,9,29,32,34,69,16,12,24,39,45,7,107,16,13,41,58,30,33,32,12,30,39,37,12,23,13,47,36,19,45,27,27,48,41,21,22,10,14,54,26,16,19,91,30,17,29,35,20,37,34,41,17,17,42,26,25,43,39,20,8,23,33,29,39,94,46,28,28,29,39,26,40,24,36,8,37,24,37,41,12,37,11,39,40,35,39,44,46,35,30,11,56,34,23,11,14,31,38,24,57,37,21,27,11,13,18,11,18,19,18,11,5,27,12,5,7,47,36,23,20,24,13,28,18,35,18,14,25,11,25,20,110,19,45,15,13,38,31,33,12,23,10,15,20,27,20,18,18,25,11,14,14,37,12,12,17,39,11,27,20,91,21,29,24,19,29,11
41,98,39,25,38,37,35,34,39,35,37,49,28,36,35,31,38,42,36,33,40,0,41,44,37,39,38,34,34,39,40,38,36,36,64,40,34,39,40,35,55,38,36,44,36,30,39,36,40,37,36,33,40,53,41,40,37,37,46,41,39,27,37,39,39,60,34,40,42,38,36,38,35,39,26,36,25,36,62,34,38,31,39,40,31,37,34,48,39,34,39,40,38,34,37,38,41,56,40,34,40,41,35,36,59,67,40,50,44,37,35,37,41,37,37,43,35,38,43,41,38,37,44,39,40,40,136,36,43,53,38,39,65,27,43,48,36,27,39,41,35,34,37,36,41,45,37,43,42,32,39,39,36,42,36,52,42,37,33,38,32,41,9,40,38,31,39,35,37,56,33,52,38,32,48,45,36,55,40,38,37,49,36,35,32,30,65,37,39,33,40,39,37,99,34,35,37,57,34,25,35,40,36,42,40,42,43,41,43,30,34,39,38,34,42,42,36,36,41,37,59,36,37,40,89,37,32,42,37,34,36,40,32,36,35,43,36,40,43,50,37,41,39,41,35,38,89,39,33,37,32,35,41,27,34,27,40,36,37,43,33,40,38,39,38,44,37,43,37,42,37,33,41,59,42,34,39,36,35,43,42,39,41,42,42,38,39,35,38,38,35,41,36,39,32,39,38,38,49,10,33,40,35,33,37,38,37,40,36,37,40,34,37,106,40,38,36,39,40,41,38,37,35,41,35,39,31,21,38,39,28,40,36,42,40,41,39,38,43,40,36,36,95,37,33,41,37,28,40
12,97,41,34,10,21,38,33,38,22,14,46,34,21,42,27,39,27,10,17,12,41,0,25,14,38,38,16,21,24,9,13,12,19,70,10,18,36,49,15,43,8,15,52,25,17,12,14,11,15,9,41,21,59,35,44,25,26,49,11,13,35,49,9,29,66,16,17,34,11,13,9,30,19,34,37,34,11,66,23,12,28,6,10,27,29,32,51,9,23,11,8,23,19,9,40,9,63,13,31,9,40,23,10,71,75,8,53,52,13,35,18,8,9,23,47,25,30,45,8,25,14,37,12,11,6,134,22,55,52,6,20,62,36,7,45,23,26,9,9,22,29,33,12,33,32,21,18,7,22,23,29,28,9,28,58,20,27,36,18,29,11,39,20,12,33,49,11,19,62,26,49,32,41,49,43,7,50,10,17,16,47,12,29,30,41,70,17,3,23,42,46,11,106,17,12,36,62,32,35,33,6,32,34,35,9,24,8,43,34,20,41,24,37,47,36,23,21,19,15,59,29,14,20,88,32,22,35,33,23,34,35,42,18,16,38,25,17,38,46,15,8,19,32,32,41,94,42,33,33,31,41,25,43,24,36,7,34,20,37,44,6,37,10,43,35,34,37,41,40,39,32,6,55,34,20,11,12,32,37,23,57,39,24,30,15,10,20,12,16,21,21,11,12,29,11,7,8,46,37,23,21,26,20,33,18,33,26,20,27,10,34,21,106,17,46,14,15,45,32,33,9,25,13,16,15,27,24,17,19,27,12,11,7,40,7,9,18,39,7,26,27,90,21,28,33,18,31,13
26,98,45,40,23,30,41,40,48,23,27,47,41,29,48,35,47,28,23,25,24,44,25,0,26,43,45,28,29,34,24,24,28,30,73,24,31,37,51,28,24,22,27,51,33,24,23,30,25,27,22,41,25,59,38,40,30,32,53,25,20,39,52,24,28,69,28,31,30,23,25,24,33,27,39,47,38,28,55,25,21,37,22,22,28,28,32,56,23,25,25,22,31,28,25,47,25,63,28,35,25,43,29,22,69,72,26,57,55,30,35,31,25,25,26,53,28,37,49,24,30,25,44,20,25,24,136,27,59,58,27,28,67,32,26,49,23,33,22,28,27,40,35,26,41,41,29,28,28,31,22,33,27,26,31,61,30,34,40,31,29,25,42,31,24,32,51,25,28,59,26,58,42,46,46,51,23,55,24,31,26,52,26,29,35,40,69,30,24,26,46,48,27,109,31,25,46,59,40,38,37,25,35,44,42,26,28,25,50,40,28,50,29,37,50,46,29,27,28,30,61,31,26,28,96,40,28,32,35,26,37,37,42,28,29,41,35,31,45,43,30,25,25,40,39,39,95,45,39,35,36,46,27,44,29,40,24,37,29,44,43,25,34,23,42,47,42,39,45,51,42,30,23,65,38,34,23,28,29,41,23,60,42,29,35,23,25,27,24,31,31,24,27,25,35,28,23,24,52,39,34,29,31,28,36,31,40,26,24,20,24,38,27,114,19,49,28,22,45,36,34,21,33,21,28,28,35,25,31,30,29,23,28,29,45,23,25,28,41,22,27,26,99,30,37,38,28,36,26
15,99,41,33,12,17,37,32,39,20,17,43,36,18,40,28,39,26,9,22,12,37,14,26,0,38,41,12,14,27,12,12,11,12,68,13,18,35,46,11,41,14,18,48,24,17,13,13,16,18,10,38,19,56,36,43,24,29,46,15,13,35,46,13,28,64,12,22,33,10,12,12,29,20,37,37,37,11,59,18,13,27,12,12,27,24,32,52,12,18,11,14,15,21,13,38,11,60,14,30,16,44,20,10,65,75,13,50,44,13,30,22,15,13,19,44,20,33,47,14,20,18,36,11,13,13,135,21,51,52,12,23,62,32,15,47,18,26,11,14,14,32,28,11,29,32,16,17,16,14,22,30,17,15,25,50,24,28,32,14,26,16,35,17,14,30,41,16,14,55,22,50,35,38,46,45,12,47,15,14,8,47,8,24,28,38,67,15,13,23,38,42,13,103,16,8,39,58,28,27,33,14,25,39,36,15,24,16,47,32,15,41,27,34,47,38,18,21,17,13,53,26,18,17,92,29,20,33,33,18,33,31,40,17,13,40,27,22,41,43,22,15,21,34,33,37,93,41,30,30,29,34,22,39,23,32,15,33,21,34,40,14,37,11,42,39,35,39,39,44,33,30,15,56,34,22,12,11,32,34,24,54,37,23,30,11,16,13,14,15,18,20,9,14,28,15,14,12,46,33,25,18,28,19,31,15,33,28,13,26,14,33,26,108,16,42,12,16,42,34,29,10,17,12,10,18,28,21,15,19,25,14,11,16,39,15,14,17,39,12,23,24,90,19,29,32,16,30,15
40,101,45,38,38,42,41,45,42,39,40,47,42,43,45,42,37,40,37,37,39,39,38,43,38,0,26,36,36,40,41,41,38,38,71,40,36,42,47,40,55,38,39,51,46,36,41,39,39,40,42,41,46,62,42,44,40,42,48,36,42,29,41,39,45,71,36,42,44,35,40,39,40,41,34,39,33,38,70,40,41,39,39,40,41,44,40,56,37,40,41,38,37,37,41,39,41,67,43,39,37,44,40,39,67,79,38,58,55,38,43,38,32,38,40,50,37,30,45,38,41,38,18,40,40,39,140,39,58,52,40,30,58,42,38,51,41,39,40,34,41,41,46,40,45,41,43,45,37,40,41,42,40,36,35,60,42,45,38,40,34,39,35,40,39,38,47,38,39,68,40,50,41,40,56,44,38,56,37,41,39,53,39,42,40,40,75,41,41,40,46,52,41,109,41,38,39,66,41,40,39,40,43,33,16,36,46,36,39,34,38,44,39,43,50,42,41,41,42,40,61,40,39,42,92,41,39,42,42,40,38,43,46,41,36,46,36,42,9,45,34,32,41,37,39,43,98,22,46,43,41,39,42,41,38,36,33,38,39,52,39,40,41,40,43,48,39,40,41,42,37,38,36,62,44,37,38,38,43,52,44,56,50,44,46,38,38,38,39,39,41,42,37,40,41,45,44,40,52,40,40,43,42,38,45,39,38,42,42,44,37,37,38,110,40,46,37,39,40,37,44,42,38,41,39,39,42,37,40,41,39,38,37,34,42,37,37,41,14,40,36,40,95,42,39,42,41,41,40
43,102,45,40,43,41,42,41,47,36,41,45,43,41,49,42,40,42,40,40,43,38,38,45,41,26,0,40,41,39,42,43,42,40,71,43,40,42,51,41,52,42,40,54,42,39,43,40,42,38,44,44,42,63,46,48,43,40,51,41,38,26,39,42,42,71,40,44,47,40,41,43,40,41,34,37,35,42,75,41,42,41,42,43,43,45,43,51,42,42,44,41,36,39,42,44,42,69,47,39,40,46,39,42,72,82,43,61,59,39,46,33,37,41,43,49,39,34,45,41,41,38,27,43,43,41,139,39,59,60,42,39,66,39,39,53,39,42,44,39,43,43,46,41,45,43,44,43,40,41,39,40,41,41,39,59,44,42,41,41,40,42,42,38,41,38,48,41,43,70,43,55,39,43,57,47,42,56,41,42,43,56,42,42,43,39,77,42,41,40,49,53,45,112,42,42,38,67,42,43,43,40,43,24,32,41,45,39,38,42,42,44,39,44,50,40,45,46,44,41,64,40,41,44,92,43,43,46,44,42,39,40,46,39,40,49,34,44,24,48,33,37,41,43,38,46,97,29,45,42,43,41,44,43,42,44,38,39,36,49,42,40,44,43,45,48,43,42,44,43,47,42,39,62,47,41,40,42,45,49,41,57,48,47,46,45,41,43,41,41,44,44,41,44,43,46,45,43,53,41,40,44,41,41,48,41,45,47,44,42,39,39,39,111,41,51,41,44,43,37,43,43,40,41,43,38,42,37,42,39,40,40,41,37,47,40,39,39,33,41,40,40,94,41,44,44,39,45,44
17,97,41,30,16,15,34,26,37,18,11,44,29,15,39,22,37,25,13,17,17,34,16,28,12,36,40,0,12,24,16,15,2,13,69,15,19,32,45,11,42,15,10,47,25,10,16,12,17,17,14,34,23,54,34,41,24,24,44,16,18,31,43,15,29,63,1,23,36,14,9,14,30,17,34,36,34,9,56,17,15,22,14,14,26,27,29,48,13,17,14,15,18,18,15,36,14,60,16,29,17,39,22,13,66,69,15,50,40,12,31,18,16,14,16,39,9,31,43,16,15,12,36,14,15,15,135,18,50,51,14,21,59,29,18,43,19,20,13,18,13,26,26,13,32,30,16,17,18,14,19,29,18,17,26,52,23,27,31,12,23,17,34,16,16,29,42,12,14,52,19,48,35,32,44,43,15,47,16,11,9,48,9,18,26,34,65,11,16,23,37,43,16,101,13,8,38,56,27,25,32,16,21,36,32,17,25,17,46,31,5,39,25,33,45,39,21,21,17,12,55,24,11,16,89,28,19,31,31,17,33,31,37,15,1,34,24,23,41,44,22,16,17,32,31,37,93,40,27,28,23,29,25,36,19,31,16,33,14,38,36,16,35,13,41,38,35,37,34,37,32,27,16,54,33,17,14,5,31,38,26,53,40,24,29,15,17,8,16,12,17,20,8,17,22,16,16,14,45,32,22,18,23,15,29,14,32,25,15,24,16,31,23,107,18,41,6,15,40,29,30,13,19,14,5,15,22,19,14,15,23,17,5,16,33,16,15,18,39,16,21,21,88,15,26,32,17,23,17
21,99,39,30,20,16,34,28,36,20,19,43,33,18,41,24,35,28,18,20,20,34,21,29,14,36,41,12,0,27,21,21,13,12,70,19,17,31,46,17,44,19,19,46,26,15,21,16,22,17,19,35,22,55,35,41,24,27,44,22,21,32,41,18,31,62,12,21,37,19,17,19,31,17,33,32,32,15,52,20,19,25,19,18,27,27,32,51,17,20,19,19,17,21,20,38,18,59,21,28,21,42,17,15,65,73,19,51,35,16,33,21,21,17,18,41,10,33,46,20,18,20,34,20,19,19,135,20,50,52,19,22,63,30,22,47,21,19,18,21,5,30,29,19,32,31,14,23,22,15,23,27,21,21,24,49,24,25,29,20,23,22,33,18,20,30,38,19,15,49,21,47,34,35,47,45,18,46,20,18,15,50,13,18,24,37,68,19,21,24,38,42,19,101,18,8,36,57,26,19,33,20,18,39,33,21,28,21,47,29,9,35,25,36,46,38,21,21,17,18,55,24,19,16,91,26,21,30,33,20,35,33,36,17,13,39,24,21,39,45,22,21,19,31,31,37,94,40,32,29,25,26,18,37,21,30,20,35,17,37,38,20,37,17,43,40,36,37,35,41,33,28,20,55,35,19,18,13,34,37,28,52,40,26,32,15,21,11,20,16,16,22,14,20,24,20,20,18,44,31,25,19,26,17,34,16,31,28,20,28,19,33,24,109,15,42,11,22,42,31,29,18,18,17,10,17,24,18,16,19,26,21,12,22,37,20,19,18,39,21,22,21,89,16,25,33,17,25,21
27,97,42,29,26,23,38,27,36,24,24,47,30,24,41,22,40,22,26,17,26,39,24,34,27,40,39,24,27,0,23,26,24,23,64,26,25,36,40,24,43,21,17,48,27,22,27,22,28,26,25,35,28,56,38,37,22,24,49,29,23,34,46,25,33,66,24,27,35,24,24,22,26,23,36,38,36,24,61,29,28,24,21,25,28,31,27,48,26,26,27,23,25,21,26,41,23,64,27,25,27,38,23,23,69,70,22,48,51,23,31,27,28,26,22,39,24,29,41,26,25,19,39,22,23,21,133,18,50,52,21,29,61,33,25,44,28,20,26,27,29,24,33,28,34,31,21,25,26,26,27,28,25,25,33,57,22,26,35,22,25,28,35,25,27,29,45,25,23,55,25,46,32,32,44,42,27,52,24,21,25,47,25,26,25,38,63,21,25,25,36,41,28,100,23,27,37,56,27,33,34,24,29,35,34,25,27,27,46,34,26,42,30,32,44,41,21,25,26,22,56,28,22,23,84,27,26,33,35,28,31,35,39,25,24,34,25,27,40,46,29,28,22,38,33,40,92,43,33,32,25,39,26,40,26,33,28,31,24,38,40,24,34,26,39,39,33,41,39,38,40,27,26,54,35,20,25,23,33,38,30,55,37,24,36,26,27,28,27,25,22,25,22,25,22,26,26,26,44,33,18,23,23,21,29,26,30,29,30,25,25,30,29,105,20,41,27,29,44,30,35,25,26,24,27,25,22,24,25,25,16,28,23,28,38,22,26,24,41,22,31,23,86,26,21,36,24,28,27
10,97,41,33,7,21,38,32,38,23,12,45,32,21,43,30,41,24,7,19,12,40,9,24,12,41,42,16,21,23,0,10,15,19,66,8,22,34,47,15,40,7,12,49,25,18,6,16,8,17,8,38,21,57,34,43,23,28,47,9,12,32,48,8,27,66,16,21,31,9,8,6,29,21,39,40,39,11,64,21,8,27,3,7,27,26,32,50,7,21,10,6,23,19,4,41,1,62,9,31,8,41,23,9,68,73,4,51,51,16,33,23,9,3,19,46,24,29,45,9,23,11,38,9,9,8,134,20,51,51,4,21,61,33,6,45,23,27,7,10,21,29,31,11,32,33,18,17,7,22,23,29,26,5,28,56,21,27,35,18,28,8,38,21,7,31,47,13,16,60,24,47,34,38,46,43,8,46,8,18,16,45,9,27,27,39,68,17,8,23,40,44,11,106,18,15,38,60,29,34,30,9,32,37,36,5,22,8,45,34,21,42,26,35,46,37,21,22,15,16,56,27,12,18,90,30,23,34,35,21,36,31,42,18,17,37,29,21,42,45,18,9,18,35,34,38,92,42,31,31,29,39,23,42,23,34,8,36,22,33,42,9,35,9,41,35,32,38,41,41,36,29,8,53,36,23,6,15,30,33,22,57,35,21,27,12,8,17,7,19,18,18,11,15,28,13,9,6,46,36,25,18,26,20,30,19,32,24,18,25,7,33,23,105,15,44,18,13,43,24,31,7,23,10,18,17,30,24,19,19,26,9,15,14,38,7,4,18,40,7,26,25,88,22,29,29,18,31,10
15,94,40,33,8,18,36,32,38,22,15,44,37,19,39,27,38,23,6,19,12,38,13,24,12,41,43,15,21,26,10,0,13,19,67,12,20,33,45,11,36,13,15,46,24,18,10,13,15,17,8,37,21,56,34,41,23,25,47,14,13,32,43,12,26,64,15,19,31,10,10,12,27,15,38,40,38,14,63,19,13,27,11,12,24,23,28,48,4,18,9,11,21,13,11,38,11,59,8,29,15,41,21,9,67,74,14,50,50,13,31,27,14,13,18,46,25,30,43,15,21,13,36,13,12,11,134,18,50,49,11,24,61,31,13,44,20,28,13,16,19,31,29,8,31,33,16,19,14,21,22,27,24,15,27,53,24,27,32,15,22,15,36,20,13,28,44,9,14,59,22,47,34,37,44,44,2,46,13,15,12,47,11,25,27,34,66,16,12,20,38,42,10,105,16,13,39,59,28,33,28,13,32,39,35,15,19,15,44,32,19,42,28,31,45,37,18,16,17,13,50,22,15,15,90,29,23,32,32,19,35,25,40,17,16,39,28,19,44,39,25,14,16,33,30,37,89,45,27,26,27,37,22,40,24,32,14,35,22,33,41,13,35,13,38,38,33,34,42,42,35,30,11,56,36,21,12,13,29,33,18,55,36,18,21,8,15,16,13,16,17,11,12,14,26,7,12,10,46,34,24,16,23,17,26,16,32,22,17,24,13,29,22,102,16,42,15,12,41,30,29,8,20,13,15,17,27,22,16,19,25,13,13,18,40,12,13,17,41,10,28,21,87,20,29,32,17,31,14
15,97,42,31,15,16,34,25,38,18,11,41,28,15,38,21,38,24,11,14,14,36,12,28,11,38,42,2,13,24,15,13,0,13,69,13,19,32,45,11,43,11,10,47,25,10,13,11,13,17,15,34,23,55,35,41,24,21,44,12,18,33,43,13,29,63,2,24,36,14,8,11,28,16,32,36,32,3,56,17,13,23,10,13,25,27,29,48,11,17,13,11,19,18,12,33,14,60,14,28,13,36,22,10,66,69,13,51,42,11,32,18,12,12,16,40,12,30,43,14,19,13,37,16,13,10,134,16,50,51,11,20,58,29,16,43,19,19,12,15,13,26,26,13,30,31,14,16,14,14,22,29,20,15,26,52,23,28,31,11,23,13,34,15,14,30,42,13,14,53,20,48,35,33,44,41,13,47,13,10,9,48,7,22,26,34,65,11,12,22,37,43,14,101,12,5,39,57,28,26,32,12,20,38,34,15,24,13,48,32,9,39,26,33,45,38,20,22,16,11,55,22,11,17,89,28,17,31,34,17,32,31,37,14,4,33,25,24,41,44,21,12,17,33,30,38,93,41,28,28,23,29,24,38,21,32,12,32,19,38,36,12,35,12,41,39,33,37,35,37,29,27,12,54,34,16,14,1,30,38,26,53,38,23,31,14,13,6,14,11,16,20,2,16,21,16,14,10,45,32,20,14,23,13,30,12,32,25,16,24,14,30,23,107,18,41,5,15,40,29,29,13,19,12,4,15,21,18,12,14,24,14,1,15,33,11,13,17,39,11,21,22,88,15,25,31,16,24,15
19,99,37,31,18,17,36,29,37,21,14,43,32,20,40,25,38,25,17,18,18,36,19,30,12,38,40,13,12,23,19,19,13,0,70,17,19,34,45,16,45,18,15,49,25,14,20,13,20,17,17,36,23,57,36,41,24,26,45,21,19,32,43,18,29,65,13,23,35,15,18,17,31,19,34,34,34,12,57,21,18,25,17,17,27,28,32,51,17,21,17,19,13,21,20,35,17,60,19,28,20,42,20,17,65,72,16,51,43,13,30,20,21,16,18,35,16,32,45,19,18,17,37,18,18,18,134,19,51,52,17,22,60,31,19,47,23,22,16,21,14,31,29,19,29,33,15,23,20,17,23,29,21,18,25,49,24,26,31,16,23,20,36,17,19,31,39,18,14,55,23,48,35,38,46,45,18,47,19,15,12,49,15,22,26,38,66,15,19,23,38,42,20,98,17,13,37,55,28,26,32,19,26,39,37,18,26,20,49,32,15,39,25,34,47,38,13,23,20,13,53,25,16,19,91,29,18,32,30,21,32,32,39,19,14,39,23,23,39,43,24,21,20,33,33,38,93,38,30,28,26,33,24,38,22,32,21,32,19,36,37,19,37,16,42,40,32,39,37,42,37,29,20,55,35,16,18,14,32,36,28,55,40,25,31,17,20,10,19,16,17,23,11,21,24,20,19,18,43,34,19,16,26,18,31,16,32,27,15,26,18,33,26,108,18,42,12,20,42,30,30,16,15,17,11,19,25,22,16,20,24,22,14,21,36,19,17,18,41,19,25,25,89,20,25,33,18,27,19
70,91,65,65,69,64,68,71,65,66,69,68,67,68,69,62,68,63,69,67,70,64,70,73,68,71,71,69,70,64,66,67,69,70,0,69,67,66,64,68,75,68,68,65,66,67,70,66,71,65,66,64,67,70,72,70,66,65,67,72,70,66,64,69,71,64,69,69,72,68,67,68,66,66,69,69,69,69,75,68,69,68,67,68,70,70,68,66,69,66,69,68,70,65,66,74,66,67,67,63,71,67,67,68,66,74,68,72,65,69,65,70,72,69,64,68,68,73,68,70,69,68,71,67,68,68,139,66,61,65,68,73,68,65,71,68,71,62,67,73,69,66,68,70,66,68,57,72,72,67,68,66,71,70,68,66,68,63,65,65,67,71,65,66,70,69,70,68,63,77,70,65,67,62,63,63,66,73,70,64,70,66,69,66,67,63,68,66,69,67,65,63,70,106,64,69,64,71,63,64,67,70,68,75,75,70,66,71,77,65,69,67,71,71,69,66,63,67,69,68,68,65,69,69,84,67,67,69,73,68,69,67,63,62,69,64,69,69,71,72,71,72,66,71,72,72,77,68,67,67,64,66,67,69,68,66,72,69,62,67,66,70,68,68,66,72,66,71,64,66,67,65,70,59,70,65,69,69,67,67,68,60,65,67,71,68,71,65,70,63,60,68,69,69,65,68,67,69,67,66,65,63,68,67,62,66,64,72,69,69,70,67,74,105,66,68,71,71,67,72,66,65,69,70,67,68,62,67,62,65,68,73,70,74,65,69,70,63,75,66,67,69,87,68,68,68,64,63,69
6,99,42,33,8,22,38,32,37,22,14,45,32,21,44,28,42,26,13,20,10,40,10,24,13,40,43,15,19,26,8,12,13,17,69,0,20,33,48,15,42,9,14,52,26,18,5,15,3,19,12,39,24,59,36,44,24,27,48,8,15,35,47,1,29,67,15,21,35,13,12,4,30,20,38,38,38,10,63,23,12,28,9,2,27,29,33,52,6,23,11,9,22,21,7,41,8,62,13,30,3,42,24,10,69,75,7,52,50,15,33,24,8,7,22,47,24,31,47,2,23,15,38,13,2,9,136,22,54,51,9,23,61,35,10,47,24,26,10,14,19,31,32,15,32,34,20,17,6,22,25,30,25,8,30,56,21,28,35,17,25,4,38,21,5,33,47,14,18,59,26,51,35,39,48,45,10,48,4,18,15,49,8,28,29,41,68,17,9,24,41,45,12,107,18,13,39,61,30,32,33,9,29,39,37,8,23,4,47,36,19,43,24,36,46,38,22,20,15,15,57,28,14,21,91,30,22,34,34,23,36,33,41,18,15,39,29,21,43,43,23,8,20,33,34,39,93,42,32,32,30,38,24,43,24,36,8,36,25,37,42,9,36,2,41,39,33,39,41,43,37,32,10,57,34,22,6,13,32,37,26,58,38,23,32,14,3,18,5,17,20,21,10,13,28,14,10,8,45,37,26,20,27,21,32,18,32,25,19,26,6,31,22,109,19,45,15,13,43,32,32,12,22,11,16,21,28,25,18,20,28,12,13,17,39,9,5,19,41,6,29,26,92,21,28,29,18,30,7
23,97,40,31,19,22,39,34,37,21,22,45,35,24,38,28,43,24,19,20,19,34,18,31,18,36,40,19,17,25,22,20,19,19,67,20,0,32,42,18,38,20,19,48,24,17,21,20,22,21,16,36,19,59,37,41,18,26,44,22,19,25,42,20,29,64,19,24,36,15,21,19,25,19,38,36,37,22,66,22,21,31,19,20,27,27,32,54,20,22,18,20,20,20,20,41,16,59,20,30,22,40,23,18,66,76,20,53,50,20,35,25,22,20,18,41,23,35,43,21,26,19,36,19,20,20,135,17,51,52,17,24,61,32,23,49,19,26,21,22,21,32,32,20,32,34,18,24,21,20,25,29,25,22,28,52,24,27,35,20,21,22,32,18,21,33,39,20,19,61,26,49,33,41,46,42,19,44,21,19,18,49,21,26,25,40,69,19,17,20,42,46,19,105,21,18,38,56,31,31,31,18,31,36,33,22,24,22,45,36,20,40,25,35,44,36,17,23,18,20,54,21,24,18,90,32,21,33,26,22,35,27,36,19,19,40,27,24,38,41,18,22,14,36,28,41,90,38,29,32,29,38,20,40,23,36,21,35,23,36,38,18,36,20,42,41,35,36,43,44,35,27,22,55,36,23,20,19,32,36,25,52,35,21,31,16,22,19,21,20,18,18,21,17,27,23,22,18,41,30,24,19,23,17,27,17,33,26,17,26,21,29,22,106,13,46,20,21,44,34,33,19,16,17,19,21,28,18,17,17,27,19,19,23,39,21,21,22,38,20,25,22,86,21,28,35,22,33,22
36,95,40,30,33,33,31,35,38,33,30,41,29,36,38,31,41,33,33,33,34,39,36,37,35,42,42,32,31,36,34,33,32,34,66,33,32,0,41,31,49,35,29,53,38,31,34,34,37,35,33,29,38,58,35,45,30,34,47,35,33,28,45,33,37,65,32,33,36,32,32,33,28,35,38,39,38,32,60,35,33,32,34,33,33,36,20,51,35,36,33,35,36,34,36,42,32,62,34,34,37,43,33,31,65,70,35,56,44,34,34,36,35,33,31,45,30,37,42,34,34,30,42,35,33,35,134,32,52,51,33,34,66,27,36,45,29,31,34,37,32,32,33,33,33,33,33,38,38,34,33,34,29,35,37,57,30,35,33,37,34,37,35,37,34,35,46,34,32,59,36,48,32,42,46,42,35,48,36,37,33,47,33,34,31,38,65,36,35,34,37,44,33,105,35,32,41,57,37,29,33,36,35,41,38,35,35,37,49,32,33,37,29,33,46,39,36,30,31,34,58,32,31,34,89,35,35,31,27,36,33,35,39,35,32,39,35,33,43,42,34,35,35,28,32,38,88,45,36,32,32,34,34,42,34,32,34,33,35,38,37,36,33,33,44,43,29,37,38,38,33,26,37,52,33,32,33,33,34,38,33,58,42,34,32,32,37,33,34,36,33,32,33,33,33,32,31,34,47,28,38,33,34,35,35,35,31,39,36,36,34,35,30,112,33,39,33,32,39,34,35,33,26,34,32,35,31,31,35,35,36,37,33,38,34,36,34,36,44,35,37,34,90,36,33,31,35,32,35
49,93,48,40,46,42,42,44,52,41,48,46,44,47,41,37,44,43,42,41,46,40,49,51,46,47,51,45,46,40,47,45,45,45,64,48,42,41,0,46,55,46,43,42,47,40,47,48,49,46,44,28,46,53,49,46,43,43,46,47,49,34,34,48,50,59,45,48,52,42,47,47,44,45,45,46,44,44,60,48,45,42,47,47,48,51,37,40,46,48,45,47,46,39,48,46,47,59,47,40,49,39,42,42,59,67,48,60,45,48,45,49,47,42,46,51,40,47,38,49,45,44,53,45,48,47,135,39,42,54,46,50,53,35,51,45,44,39,45,47,48,44,49,44,45,46,46,51,50,44,48,45,46,50,48,52,50,45,46,47,40,49,39,48,47,45,39,41,47,58,47,46,46,36,42,38,42,53,48,46,46,47,47,46,39,36,60,46,48,47,48,47,47,100,46,46,52,57,45,36,41,49,48,50,51,50,47,49,55,44,44,50,48,38,46,50,45,43,50,48,52,42,46,47,74,45,45,41,46,48,43,42,34,47,45,44,49,48,50,51,48,47,44,45,42,45,93,51,47,43,37,39,45,41,49,39,46,43,50,44,42,49,47,48,39,49,50,50,31,37,47,36,49,55,47,42,46,45,45,42,50,39,47,47,51,46,49,47,47,47,49,47,43,47,40,46,46,46,43,40,43,46,38,43,46,47,43,48,50,48,47,44,44,99,43,44,47,47,41,43,45,45,45,47,47,48,38,43,47,48,40,50,45,48,43,48,44,47,52,47,50,43,86,48,41,50,47,39,48
17,94,38,26,13,8,36,29,35,21,14,42,34,10,35,21,32,22,13,15,16,35,15,28,11,40,41,11,17,24,15,11,11,16,68,15,18,31,46,0,39,13,12,44,20,13,14,2,16,17,11,35,25,52,34,42,20,22,43,16,15,33,44,15,26,61,11,22,34,15,13,13,24,16,33,35,33,11,60,14,15,26,13,14,26,23,29,48,15,14,15,13,17,17,13,34,12,59,17,25,16,37,16,14,66,71,14,45,46,2,26,20,16,14,14,39,21,32,44,17,12,13,36,14,15,14,133,18,46,49,11,21,63,30,17,40,18,23,17,18,14,30,20,13,25,31,13,17,16,18,21,23,22,17,26,52,25,24,27,6,23,16,33,16,16,25,43,10,5,56,19,48,31,33,42,44,13,46,14,6,4,48,12,16,22,34,63,7,14,22,29,39,14,99,10,8,38,58,20,29,32,15,28,39,35,17,23,16,46,27,14,38,26,32,41,35,15,21,20,2,54,21,12,16,87,25,18,31,31,14,31,30,35,16,12,38,22,22,42,41,22,16,19,34,30,35,89,42,28,28,24,33,22,37,22,27,16,31,18,36,38,15,32,15,40,37,34,37,37,40,33,28,14,54,30,15,15,11,30,36,22,52,35,22,28,11,16,13,16,10,13,15,10,16,23,13,13,14,45,31,21,15,22,16,26,10,29,25,15,24,16,32,24,105,19,33,8,17,41,31,24,12,19,16,8,15,21,19,10,11,21,16,11,21,38,14,16,16,39,13,20,20,92,14,22,33,16,26,17
42,94,50,50,40,41,49,51,52,43,45,55,51,42,44,49,54,40,41,43,37,55,43,24,41,55,52,42,44,43,40,36,43,45,75,42,38,49,55,39,0,43,44,54,47,40,36,41,43,40,40,49,39,64,46,47,43,46,56,45,34,48,45,42,41,68,42,43,45,42,41,42,45,40,52,56,52,41,59,38,39,46,41,40,44,36,48,57,41,38,39,41,46,44,39,49,40,68,38,47,43,53,42,41,72,70,41,59,55,41,45,46,45,42,39,48,47,39,52,42,41,43,50,42,41,41,138,45,61,60,37,47,69,48,42,52,38,50,43,43,43,46,47,38,48,51,40,43,44,44,39,44,44,42,42,67,46,45,52,43,47,43,54,41,42,44,57,41,40,64,42,53,50,55,50,51,39,54,40,43,39,53,41,44,47,51,72,42,42,36,49,52,42,111,42,41,52,66,45,50,49,43,46,49,50,42,40,43,45,53,40,54,47,51,49,52,43,41,45,41,67,44,44,40,96,46,44,50,45,39,49,45,49,41,43,51,47,43,54,46,45,45,35,46,44,45,98,53,48,46,48,51,42,53,46,53,45,49,44,46,47,43,44,42,46,43,52,44,54,48,49,47,43,65,41,45,41,43,41,45,39,61,49,38,35,38,43,41,42,43,42,36,43,42,49,40,36,37,56,53,48,39,44,44,46,43,47,41,42,37,42,47,47,118,42,44,42,34,46,44,46,40,45,42,42,42,49,46,43,42,42,41,43,44,52,42,42,41,48,40,42,42,99,43,49,46,41,48,41
10,95,40,32,7,18,38,31,37,19,12,43,34,19,40,25,39,25,9,15,11,38,8,22,14,38,42,15,19,21,7,13,11,18,68,9,20,35,46,13,43,0,12,49,24,14,9,12,8,16,10,38,21,57,36,42,23,25,47,8,17,33,46,8,28,64,15,17,32,11,11,5,29,18,33,37,33,9,64,21,10,27,6,9,26,27,33,49,9,21,11,6,23,21,7,41,6,61,14,30,7,39,20,7,69,74,6,52,50,12,33,22,7,3,20,48,24,31,45,9,23,11,36,10,9,5,134,20,53,50,4,22,61,33,8,44,23,25,7,11,20,28,31,11,31,32,19,19,6,20,25,27,26,7,29,56,22,25,34,17,27,8,36,20,6,31,46,13,16,60,24,49,31,38,46,42,9,48,5,14,14,47,8,27,28,38,68,15,9,21,40,44,11,105,14,12,37,60,30,33,32,8,30,38,35,7,21,7,47,35,18,41,23,35,45,36,21,23,16,13,57,27,12,17,87,30,21,34,36,21,33,33,40,17,14,37,28,17,41,44,22,7,18,34,30,39,92,42,31,31,29,39,23,40,23,34,6,33,20,35,43,8,35,7,43,36,33,36,40,40,37,29,4,55,36,20,9,11,31,35,22,55,37,23,30,13,7,17,6,15,18,18,9,14,27,14,10,8,45,34,23,19,24,18,31,14,31,24,19,26,9,31,22,106,14,43,13,14,44,31,31,10,23,8,14,16,25,22,15,17,26,14,10,12,39,3,5,16,39,5,28,25,91,19,27,31,15,29,11
16,95,39,27,13,17,35,26,38,22,2,46,24,19,41,22,37,22,12,10,19,36,15,27,18,39,40,10,19,17,12,15,10,15,68,14,19,29,43,12,44,12,0,46,24,9,16,13,15,17,14,33,20,52,36,40,21,20,46,15,17,28,44,14,27,65,12,23,36,11,6,12,26,17,34,34,34,11,59,21,13,23,12,15,24,28,27,42,15,21,16,13,21,16,15,36,11,62,15,26,15,34,21,12,66,66,12,46,47,13,29,17,15,12,16,42,17,31,39,15,20,7,36,12,14,13,133,14,47,50,13,21,56,29,14,41,24,20,13,16,20,26,27,14,33,31,18,14,16,21,21,28,21,14,23,56,22,23,30,16,21,15,32,22,14,29,45,11,16,55,24,46,31,33,45,39,14,48,14,13,15,45,13,22,23,35,62,16,15,21,38,42,15,100,12,15,37,59,26,28,28,15,26,36,36,14,23,15,47,31,18,38,21,33,43,39,20,20,16,13,56,26,2,18,84,26,21,30,33,21,30,30,37,16,9,31,23,23,40,45,18,15,17,30,33,37,90,40,27,30,24,35,24,38,13,31,15,30,17,35,36,15,32,14,37,37,28,37,36,29,35,26,14,52,28,18,14,11,27,35,25,52,39,23,33,15,15,16,14,20,20,20,10,15,22,12,16,15,42,31,19,19,17,13,33,16,30,24,16,24,14,31,21,103,16,41,15,16,39,28,31,13,22,14,14,15,22,19,16,16,21,18,11,16,31,13,13,17,41,14,20,24,89,23,22,29,16,25,16
52,99,46,37,51,45,46,47,56,47,49,52,41,49,53,42,47,46,47,46,48,44,52,51,48,51,54,47,46,48,49,46,47,49,65,52,48,53,42,44,54,49,46,0,49,43,51,46,52,50,46,44,50,47,53,46,50,45,54,52,52,45,39,50,45,64,47,52,51,49,46,49,49,48,45,35,44,48,61,46,49,50,50,51,49,49,42,49,50,46,49,51,50,41,48,52,50,62,50,42,52,45,44,47,54,69,51,54,48,46,50,52,52,48,41,54,46,52,48,52,45,49,52,51,52,51,134,43,35,51,50,53,56,38,54,49,48,41,52,53,47,47,47,49,50,53,47,53,54,48,49,49,49,53,51,49,52,51,40,49,46,52,38,51,51,42,44,45,45,57,46,46,50,37,48,46,45,56,51,47,46,49,47,45,37,35,65,48,51,47,45,45,47,97,46,46,52,55,44,41,40,52,52,56,54,53,52,52,59,45,45,44,51,45,55,51,47,49,52,46,51,44,48,50,84,45,48,46,53,47,48,46,35,50,48,48,51,52,53,55,53,52,51,49,45,50,92,56,44,45,44,43,50,45,52,45,51,48,51,52,43,52,52,50,41,54,52,54,41,45,38,43,52,56,47,45,50,47,46,51,51,47,52,51,53,50,52,45,51,50,49,49,45,47,46,50,47,49,25,40,45,47,48,45,48,50,49,53,52,46,51,46,52,104,49,45,47,48,45,50,48,44,48,51,47,51,42,41,50,49,44,51,47,54,52,52,50,51,52,49,51,42,92,50,43,51,51,40,53
27,95,42,31,25,21,36,34,38,22,27,46,39,19,32,29,36,23,25,19,27,36,25,33,24,46,42,25,26,27,25,24,25,25,66,26,24,38,47,20,47,24,24,49,0,22,24,20,26,16,25,42,22,58,33,37,20,24,46,27,25,30,46,26,20,67,25,25,32,25,25,23,28,24,42,39,42,27,58,20,23,30,22,25,27,26,32,53,25,18,25,23,26,26,24,44,25,59,23,29,26,41,23,24,70,75,23,37,53,20,32,21,27,26,25,47,26,37,47,27,20,24,38,23,26,23,128,22,49,48,22,32,65,38,28,44,26,27,27,28,27,25,18,22,22,37,19,16,27,15,28,26,27,27,18,56,28,19,32,19,26,26,35,20,27,27,45,26,21,52,22,51,31,41,39,40,25,47,26,18,22,50,26,22,25,39,60,18,24,15,38,43,26,100,24,25,38,49,27,30,28,25,31,39,43,27,24,26,48,25,23,39,24,36,41,30,21,26,27,20,58,18,26,23,86,26,26,33,34,20,35,32,37,18,25,42,27,25,44,42,27,27,21,32,33,38,86,45,29,34,31,38,25,47,25,25,27,35,17,37,40,25,32,25,41,37,38,36,39,45,34,30,25,52,34,27,26,26,27,35,24,54,34,26,31,23,26,25,27,19,20,21,25,27,30,24,26,26,46,31,29,19,23,27,30,18,28,33,24,18,27,35,27,104,22,40,24,25,41,30,24,24,24,27,23,19,28,21,18,18,23,27,26,28,38,24,27,17,43,23,18,24,94,18,28,33,16,29,28
19,94,39,26,17,16,36,25,37,16,11,40,26,21,38,19,34,19,14,10,19,30,17,24,17,36,39,10,15,22,18,18,10,14,67,18,17,31,40,13,40,14,9,43,22,0,16,14,16,11,16,30,23,51,38,35,20,20,44,15,18,28,41,18,24,61,10,22,33,15,13,15,25,16,30,33,29,11,60,19,17,25,15,17,23,27,28,45,17,19,17,13,22,13,15,32,16,55,15,25,16,35,18,14,62,66,16,49,44,14,30,16,15,16,16,37,16,32,42,19,20,12,36,15,18,16,133,12,47,49,13,22,59,24,19,43,19,17,16,16,16,26,28,15,33,28,13,16,17,17,20,25,21,18,23,52,23,24,31,18,22,16,27,16,18,30,42,11,16,58,23,49,28,33,44,39,15,43,16,15,15,47,14,23,22,32,62,17,17,22,37,43,17,100,13,12,38,54,22,29,28,17,29,34,33,18,23,16,44,32,13,37,21,31,43,38,18,22,17,14,55,19,11,19,85,25,16,31,30,19,34,29,32,11,10,36,23,22,39,44,19,15,20,30,28,37,89,39,25,27,22,37,22,34,11,32,14,34,18,38,33,17,31,18,36,37,32,37,33,38,30,22,15,55,32,15,17,11,29,38,23,47,33,22,31,15,16,15,18,17,17,20,10,16,21,18,18,16,41,26,19,16,19,7,31,12,29,27,21,21,18,30,23,101,15,41,13,17,39,26,29,15,22,16,12,15,19,8,12,15,22,16,11,17,30,14,17,12,39,14,20,19,89,20,22,33,11,22,19
8,97,41,33,8,21,37,34,38,19,15,44,35,20,42,29,41,26,10,17,11,39,12,23,13,41,43,16,21,27,6,10,13,20,70,5,21,34,47,14,36,9,16,51,24,16,0,16,5,18,11,35,20,58,35,42,24,27,47,11,16,36,47,5,24,64,16,21,30,13,11,5,28,20,37,40,37,11,59,18,8,28,6,5,24,24,31,51,7,18,10,7,23,17,6,41,8,60,7,30,5,40,23,11,66,70,7,51,49,16,33,27,11,8,17,48,25,33,44,8,23,15,40,10,5,7,134,16,52,51,5,23,63,31,12,46,22,28,10,16,18,31,29,9,33,36,20,19,7,17,23,29,25,9,27,56,24,28,35,18,23,5,36,21,5,27,47,13,18,60,20,51,34,39,43,44,6,48,5,19,15,49,9,28,27,39,68,16,11,19,41,45,12,107,19,14,39,60,30,33,32,12,32,39,38,9,22,5,46,34,20,43,28,34,45,38,22,21,18,16,57,24,15,17,91,32,22,33,35,17,32,31,37,19,17,37,29,21,44,42,25,11,21,34,32,39,92,45,30,31,29,39,23,42,25,34,11,32,23,37,39,12,35,6,41,37,37,38,42,43,36,30,9,57,31,22,4,14,27,37,25,56,38,23,28,10,5,17,5,18,20,18,12,15,28,11,7,9,46,35,24,20,27,18,31,18,33,23,13,23,5,31,21,108,16,45,17,8,42,30,27,9,23,10,16,18,28,21,18,21,22,9,14,13,39,8,8,19,40,4,26,22,91,17,30,32,18,29,5
17,95,40,28,16,7,38,28,35,20,12,44,33,11,38,20,34,23,15,14,16,36,14,30,13,39,40,12,16,22,16,13,11,13,66,15,20,34,48,2,41,12,13,46,20,14,16,0,16,15,13,38,25,54,34,43,22,22,45,16,17,35,46,14,28,62,12,19,35,16,13,13,25,16,32,34,32,10,59,15,16,26,14,15,28,22,31,47,16,13,17,15,19,19,14,33,14,61,18,27,14,37,18,15,65,72,13,46,45,1,28,19,15,13,16,39,22,31,46,16,14,13,37,14,14,13,132,18,46,51,12,20,63,32,16,42,20,21,15,17,15,29,22,15,26,29,12,16,15,13,23,25,21,16,27,54,24,25,29,6,24,16,34,16,16,27,45,10,5,57,21,50,31,35,43,43,14,49,13,3,6,50,13,18,26,36,62,5,15,23,28,38,14,100,9,9,37,59,24,31,34,15,27,38,34,16,25,15,45,28,15,38,26,33,43,36,18,22,20,1,54,20,10,17,85,24,18,32,32,15,28,34,36,16,12,38,20,19,41,43,21,15,20,36,32,36,90,41,26,28,24,36,24,38,18,26,15,28,16,38,40,15,33,15,42,39,32,36,38,39,34,27,13,56,32,15,15,8,32,38,24,54,36,23,31,12,15,11,16,8,16,21,10,16,22,14,14,15,44,32,20,16,23,16,30,14,28,25,17,26,15,31,23,107,17,35,7,19,43,33,26,13,21,15,7,13,20,19,9,14,23,18,10,20,39,13,15,16,39,15,21,18,92,11,22,33,14,26,16
8,98,42,36,8,22,40,34,36,20,15,45,35,22,43,28,43,28,12,16,13,40,11,25,16,39,42,17,22,28,8,15,13,20,71,3,22,37,49,16,43,8,15,52,26,16,5,16,0,18,14,41,24,60,37,42,26,27,50,9,15,37,48,4,30,67,17,23,37,13,13,4,29,20,35,41,35,13,66,24,12,30,7,5,28,30,34,53,10,24,13,7,25,22,8,40,8,63,13,31,2,42,24,12,70,77,7,55,52,16,36,26,9,7,24,46,26,33,49,4,26,14,39,11,5,8,135,19,56,53,5,22,63,34,11,47,23,28,10,15,22,32,34,14,34,35,22,18,5,22,24,30,28,7,32,58,24,28,37,18,26,3,39,20,3,33,49,15,18,62,26,53,36,40,50,45,11,50,4,18,15,51,11,30,31,39,71,18,9,24,43,47,14,109,18,14,40,62,32,35,34,9,32,38,36,7,25,3,47,37,20,45,28,37,48,40,24,24,18,16,59,27,15,20,91,32,21,35,35,24,37,33,42,18,17,41,28,23,42,44,24,9,20,36,34,42,95,43,33,33,30,41,27,43,25,37,9,37,24,39,44,9,38,5,44,36,37,39,43,44,39,30,7,59,38,22,5,13,34,39,24,58,40,25,32,15,1,20,3,18,22,22,13,16,28,17,13,12,48,37,24,22,26,17,33,18,34,26,20,28,5,30,23,110,17,47,16,16,44,32,34,14,24,13,16,20,28,23,18,20,28,13,13,11,41,7,7,18,40,4,30,27,94,22,30,32,18,32,6
19,95,40,31,17,17,39,32,34,20,13,45,35,20,35,21,37,20,17,12,19,37,15,27,18,40,38,17,17,26,17,17,17,17,65,19,21,35,46,17,40,16,17,50,16,11,18,15,18,0,18,40,21,56,32,42,14,22,48,18,16,32,46,18,16,65,17,18,33,18,15,17,21,17,36,36,36,17,66,16,18,24,15,18,25,25,32,50,17,18,18,15,21,15,17,37,18,62,18,26,16,38,18,17,68,73,17,52,52,14,30,13,16,17,18,44,26,34,47,17,22,18,36,19,19,15,133,15,50,49,16,20,62,34,18,43,19,26,18,16,16,31,28,18,28,32,14,10,17,20,19,24,24,17,22,58,25,16,33,16,26,18,35,15,19,30,47,15,12,62,22,52,20,34,42,42,17,50,14,13,19,49,18,26,25,37,65,12,16,16,39,43,18,105,9,16,34,58,27,34,30,16,32,34,37,17,24,16,42,31,17,37,22,36,42,35,22,23,19,16,56,25,16,17,77,28,20,35,34,16,31,34,39,6,18,39,23,18,41,46,17,16,19,35,31,40,83,40,28,31,27,40,25,43,22,31,16,31,16,35,42,16,26,19,37,40,32,34,39,37,37,29,15,58,36,21,17,17,30,36,22,54,36,22,29,17,17,14,19,10,16,22,16,20,26,22,21,19,47,33,21,12,23,15,31,14,28,29,15,16,17,33,27,101,17,43,14,19,44,27,26,18,23,20,16,10,21,20,11,11,22,16,16,17,38,16,16,6,38,17,14,23,91,18,26,34,6,29,20
14,96,40,31,8,19,37,30,38,23,14,46,32,17,39,26,39,24,13,17,11,36,9,22,10,42,44,14,19,25,8,8,15,17,66,12,16,33,44,11,40,10,14,46,25,16,11,13,14,18,0,39,17,55,35,41,22,26,47,14,16,33,46,12,25,65,14,20,32,11,10,10,28,20,39,38,39,13,60,19,13,26,10,10,23,27,28,45,10,19,6,10,21,17,10,40,9,60,7,29,14,38,21,11,68,73,12,47,49,13,31,26,14,13,19,46,24,33,40,13,20,13,37,10,12,12,134,19,51,50,9,22,61,32,12,44,23,25,6,14,18,31,28,10,32,33,19,18,13,22,24,28,24,14,26,56,20,26,34,16,22,14,35,21,14,28,47,7,17,56,23,49,34,36,44,42,8,48,13,18,13,43,12,27,27,35,66,14,8,20,39,43,9,105,17,12,39,56,28,31,28,9,30,39,37,14,18,14,43,35,18,42,26,31,45,37,21,17,14,13,57,23,13,14,89,29,21,31,32,19,34,29,40,17,15,37,29,20,43,39,21,14,18,27,27,33,90,46,28,28,26,37,23,41,21,35,13,34,23,33,39,9,34,11,38,37,32,36,39,40,34,28,12,56,35,18,11,12,28,33,20,53,36,21,25,9,14,19,14,16,19,14,14,9,25,8,6,11,43,32,24,19,22,18,27,19,32,25,16,22,14,29,19,104,16,43,15,15,40,30,31,2,21,9,17,17,26,22,19,18,23,11,12,12,39,11,14,18,42,10,24,22,90,17,27,28,18,28,14
40,96,42,32,38,35,29,33,40,36,39,43,31,38,38,26,38,34,34,34,33,33,41,41,38,41,44,34,35,35,38,37,34,36,64,39,36,29,28,35,49,38,33,44,42,30,35,38,41,40,39,0,41,53,44,40,37,36,39,41,40,30,36,39,42,53,34,40,37,36,37,38,32,35,33,39,32,34,57,40,37,29,37,36,37,38,27,45,37,40,36,37,38,29,37,32,37,60,38,30,41,34,33,35,57,67,39,54,44,38,40,42,41,37,34,38,30,39,37,40,38,36,46,38,39,37,130,30,41,49,36,43,52,31,40,39,37,30,38,41,38,33,35,37,37,36,36,44,42,39,39,36,39,41,42,54,37,39,29,38,32,41,30,43,38,32,35,34,35,59,35,42,37,32,40,37,36,49,40,37,37,45,36,39,35,33,60,38,40,41,42,42,38,99,36,34,38,54,30,31,36,41,38,45,42,41,39,41,48,32,37,34,34,33,45,45,35,39,37,38,52,38,36,35,79,34,38,37,40,40,33,36,28,39,34,29,41,40,42,50,42,41,38,34,40,38,91,43,39,35,31,28,35,37,39,32,40,33,40,43,30,41,39,38,35,46,34,42,31,33,35,28,39,53,36,32,37,35,39,43,38,50,45,38,38,36,41,34,38,37,34,35,32,36,30,38,38,34,42,29,36,33,30,36,39,36,37,37,39,40,38,35,34,103,37,42,37,37,36,34,39,37,40,29,36,43,27,35,36,37,30,41,35,41,41,38,38,40,44,35,38,34,82,38,32,36,39,26,39
25,97,37,33,21,22,38,32,39,21,21,43,36,25,40,26,40,21,18,20,21,40,21,25,19,46,42,23,22,28,21,21,23,23,67,24,19,38,46,25,39,21,20,50,22,23,20,25,24,21,17,41,0,61,38,43,19,24,47,25,23,24,42,24,27,68,23,24,33,16,21,22,29,22,39,40,39,23,65,25,23,30,19,23,27,32,34,51,20,24,21,20,21,20,20,35,21,62,20,31,24,41,24,20,67,77,23,52,53,25,34,26,25,21,17,45,24,34,42,25,20,16,40,20,24,20,132,18,49,46,21,26,58,34,25,47,15,27,19,24,22,28,33,22,32,35,21,20,25,23,19,28,25,25,30,55,25,26,34,24,25,24,35,23,23,33,45,22,21,61,27,46,32,38,49,42,23,45,24,23,24,47,24,28,29,38,67,24,20,21,42,45,24,106,21,22,38,57,27,33,32,21,32,39,39,25,23,24,47,39,21,43,20,36,45,38,18,23,22,25,55,21,23,24,89,28,24,37,29,24,38,26,40,21,23,41,26,24,46,38,18,25,19,35,31,41,90,45,32,29,28,38,22,45,25,39,25,38,27,33,41,21,34,23,41,39,35,29,43,44,37,26,22,55,37,26,22,24,30,33,22,57,34,17,26,18,24,22,23,25,21,17,22,21,27,22,22,20,44,35,24,20,27,20,28,24,32,27,25,29,23,27,25,106,16,45,23,22,45,27,32,15,28,21,22,19,26,19,24,22,29,24,24,23,42,21,23,22,42,18,29,25,86,29,30,35,21,34,26
59,93,52,47,57,52,43,48,61,59,54,63,51,55,57,45,54,50,54,53,55,53,59,59,56,62,63,54,55,56,57,56,55,57,70,59,59,58,53,52,64,57,52,47,58,51,58,54,60,56,55,53,61,0,54,59,57,52,56,61,60,53,55,59,52,64,54,56,57,56,53,58,53,57,55,53,55,54,56,52,56,55,58,58,58,51,51,56,57,52,55,58,54,51,57,55,58,64,55,50,60,51,52,60,63,68,58,51,58,54,53,62,61,57,51,62,55,59,53,59,50,55,60,59,59,59,122,52,46,57,57,63,60,49,61,51,57,50,58,61,52,56,55,51,55,49,55,57,60,58,59,56,56,59,58,60,58,55,52,56,53,60,51,61,58,51,58,52,53,54,52,57,53,46,50,57,55,57,60,56,56,56,54,53,48,44,60,56,58,55,51,54,56,96,54,54,61,60,50,51,56,59,55,63,65,59,54,60,67,47,55,53,56,45,55,60,56,56,60,54,63,54,53,54,84,50,55,44,61,50,58,54,55,56,55,57,60,56,65,63,63,61,58,62,60,49,91,65,54,52,47,53,54,52,59,45,61,58,59,55,48,59,54,59,51,59,56,55,49,54,52,55,59,55,51,51,57,55,54,54,57,53,56,58,60,59,60,55,58,56,55,56,52,55,48,54,57,56,54,52,53,55,50,50,56,56,59,58,55,52,58,50,56,107,57,50,56,56,42,57,55,55,57,58,56,59,45,53,56,58,47,59,55,61,51,59,57,56,67,58,59,53,86,56,46,58,56,44,59
36,97,43,40,34,35,35,42,44,36,34,48,37,33,38,39,40,39,36,34,32,41,35,38,36,42,46,34,35,38,34,34,35,36,72,36,37,35,49,34,46,36,36,53,33,38,35,34,37,32,35,44,38,54,0,46,33,37,51,36,36,33,51,35,34,70,34,33,31,37,34,36,37,37,35,43,35,32,68,29,35,39,36,35,36,34,33,53,36,29,33,35,38,37,34,44,35,65,31,40,36,49,36,35,72,79,36,41,53,35,33,36,37,35,37,46,33,34,54,35,31,37,38,35,35,36,127,34,49,60,34,37,66,33,36,50,36,38,36,37,37,40,29,30,31,35,31,38,36,34,35,33,35,36,29,61,33,34,39,32,35,37,35,33,36,37,52,34,35,55,36,54,33,41,50,47,35,50,36,35,34,54,36,35,42,40,58,34,35,32,42,47,32,103,35,36,45,51,40,40,34,35,40,41,42,36,33,36,48,31,33,45,32,34,48,35,36,37,35,35,53,36,33,33,91,40,37,24,37,29,39,35,44,30,35,38,37,33,45,43,38,37,36,35,40,40,92,44,39,32,41,42,32,45,35,34,37,39,29,40,43,35,31,36,44,44,37,42,43,45,27,37,36,61,38,38,34,34,28,37,32,57,42,37,38,36,36,35,36,34,34,33,34,33,41,33,36,36,51,32,36,31,35,35,39,32,26,38,31,32,35,37,31,111,38,42,35,31,38,40,33,37,35,35,35,31,39,35,35,36,37,35,34,38,38,36,35,30,41,36,33,31,90,34,39,40,30,37,33
44,98,38,41,40,43,40,37,37,40,43,46,41,44,36,37,38,43,41,38,43,40,44,40,43,44,48,41,41,37,43,41,41,41,70,44,41,45,46,42,47,42,40,46,37,35,42,43,42,42,41,40,43,59,46,0,40,41,47,42,44,39,42,43,34,66,41,47,47,42,43,40,38,45,39,42,38,40,64,36,43,43,41,43,43,38,37,48,43,36,40,40,43,38,41,47,44,61,46,40,41,43,43,38,65,74,41,50,51,44,44,43,42,43,44,43,41,44,44,43,44,42,49,41,43,42,130,37,49,53,41,43,64,38,42,45,35,38,43,41,42,42,44,43,51,43,45,43,42,42,42,38,38,41,43,57,43,43,43,44,40,42,39,38,44,39,45,40,44,62,37,52,43,43,47,41,41,52,40,45,42,49,43,46,40,38,67,44,43,41,48,45,41,97,45,42,38,57,43,40,36,43,46,49,49,41,48,41,45,41,42,41,45,38,47,44,45,42,46,44,62,39,41,43,89,44,39,41,39,35,45,46,38,42,42,49,43,47,44,47,45,42,42,42,44,42,91,52,40,41,41,47,46,34,37,39,41,45,42,48,42,43,43,44,44,46,41,42,45,44,42,32,42,57,45,39,42,41,41,44,39,54,43,44,47,40,41,43,44,43,44,42,39,44,40,47,44,43,45,38,41,45,36,38,36,42,38,44,39,36,43,40,47,109,41,42,43,39,42,40,48,42,41,45,42,43,37,37,43,41,33,41,41,42,44,43,43,42,48,43,44,36,97,44,37,45,41,38,43
25,97,33,27,23,20,36,28,39,22,23,40,31,23,35,24,37,21,22,19,27,37,25,30,24,40,43,24,24,22,23,23,24,24,66,24,18,30,43,20,43,23,21,50,20,20,24,22,26,14,22,37,19,57,33,40,0,17,45,25,23,28,41,24,21,64,24,29,34,22,21,23,21,23,34,42,33,25,64,23,23,25,22,23,24,28,28,46,24,23,24,23,20,21,24,39,23,53,24,24,26,40,22,22,65,70,23,44,46,22,29,21,25,23,23,44,21,36,43,25,18,22,35,23,24,23,130,23,51,39,17,20,55,30,23,41,22,21,24,20,24,26,31,22,28,33,21,22,21,26,22,19,23,25,25,54,26,23,21,25,23,26,34,25,25,28,43,23,21,58,21,51,31,38,41,40,22,48,25,24,22,49,24,25,18,35,66,24,24,20,39,45,25,105,20,24,38,56,26,29,32,25,31,38,35,25,27,26,44,29,22,41,25,35,41,37,23,22,26,22,50,20,23,24,86,30,24,35,35,23,31,33,36,14,24,38,26,29,41,40,18,25,17,36,31,36,89,39,31,30,29,39,24,40,16,29,25,31,18,37,39,25,32,23,38,40,34,34,42,37,39,26,25,57,35,20,24,25,29,37,23,51,37,20,31,18,26,23,25,23,22,18,24,25,26,27,25,24,42,32,16,19,21,21,29,22,19,30,24,25,25,34,28,103,19,43,24,24,43,28,25,22,21,19,23,21,24,20,22,19,22,19,25,20,38,24,24,15,38,23,25,22,88,23,23,34,14,30,26
28,92,42,31,28,20,36,32,39,24,23,43,31,27,35,21,41,23,25,17,27,37,26,32,29,42,40,24,27,24,28,25,21,26,65,27,26,34,43,22,46,25,20,45,24,20,27,22,27,22,26,36,24,52,37,41,17,0,48,28,28,26,41,27,30,64,24,28,38,26,24,25,23,20,35,37,35,23,59,29,27,27,24,27,29,32,32,42,28,29,27,25,26,21,26,33,27,62,25,24,27,34,22,26,67,71,25,45,49,22,29,27,28,26,21,43,23,32,39,28,25,23,39,25,27,24,132,22,48,46,21,29,56,32,22,43,27,23,27,26,26,23,30,25,30,36,24,29,24,26,26,31,24,27,32,57,26,25,31,25,27,27,34,26,28,29,44,23,24,57,28,48,31,36,42,38,26,49,27,24,25,48,26,26,14,36,62,25,26,25,37,38,27,99,21,24,41,57,23,28,29,26,29,37,39,27,27,27,44,35,23,40,31,34,44,37,27,26,27,22,53,21,21,27,81,23,27,30,36,29,30,30,33,21,23,38,25,28,44,46,26,28,21,35,32,36,88,44,33,27,25,37,26,39,26,29,28,30,20,41,37,26,31,26,39,39,27,33,41,42,35,24,26,55,32,17,28,22,34,41,26,52,36,26,34,25,27,25,28,27,29,26,23,26,23,26,28,27,41,33,20,25,17,19,33,26,26,28,28,27,28,27,29,108,21,42,23,26,40,27,29,26,29,24,22,21,21,19,26,23,21,24,22,27,34,25,27,22,44,25,29,21,89,26,21,31,21,25,28
49,99,37,39,47,43,47,45,44,44,47,42,48,43,46,45,45,45,45,47,50,46,49,53,46,48,51,44,44,49,47,47,44,45,67,48,44,47,46,43,56,47,46,54,46,44,47,45,50,48,47,39,47,56,51,47,45,48,0,50,49,43,35,48,48,52,44,48,49,46,46,46,48,46,49,43,49,46,66,45,45,39,46,47,48,48,49,49,47,46,47,47,45,44,48,49,47,57,48,43,50,48,43,46,63,72,47,57,47,45,42,48,50,47,39,55,42,47,42,49,43,46,48,47,48,47,131,47,48,47,47,52,60,39,51,43,48,40,48,51,45,48,45,47,51,53,43,49,51,43,47,39,43,49,43,52,50,42,45,45,41,50,45,48,48,44,42,46,42,63,45,43,48,47,44,35,46,55,49,44,46,44,45,38,38,45,67,44,48,45,44,41,48,103,46,44,48,61,45,42,46,49,47,51,48,49,50,50,42,48,43,33,48,45,39,46,41,50,50,45,58,48,48,46,92,49,47,48,52,46,42,48,41,48,44,44,46,48,53,54,50,50,47,48,49,38,79,48,48,47,48,44,46,46,49,48,50,42,45,52,39,49,45,47,45,51,49,52,38,45,46,46,49,54,50,43,47,45,46,52,49,51,47,49,48,48,50,44,48,43,40,45,45,48,48,46,46,46,44,46,45,43,47,49,44,42,46,49,47,46,48,44,48,106,44,37,45,47,44,49,50,46,44,45,44,47,45,45,42,41,44,50,45,51,47,48,48,49,50,47,48,45,91,42,41,50,48,47,49
12,99,42,36,9,23,41,36,40,20,15,44,36,23,44,30,44,28,12,16,8,41,11,25,15,36,41,16,22,29,9,14,12,21,72,8,22,35,47,16,45,8,15,52,27,15,11,16,9,18,14,41,25,61,36,42,25,28,50,0,17,35,49,8,31,67,16,22,38,13,13,10,30,19,34,41,35,13,67,23,10,31,7,9,28,31,35,54,9,23,15,6,26,20,8,40,9,63,12,31,9,43,25,11,70,77,7,56,52,16,37,26,4,10,24,49,26,32,48,8,27,14,36,9,9,7,135,20,56,54,10,21,64,36,7,48,23,29,10,13,22,34,35,15,35,35,23,18,9,22,23,31,28,7,30,58,25,29,38,18,29,9,39,20,9,34,49,14,21,63,27,53,35,43,51,44,10,50,10,18,17,52,11,31,30,40,72,18,11,24,44,48,11,109,19,13,41,62,34,35,34,11,33,37,33,7,25,9,49,36,20,45,28,38,46,40,25,26,20,16,60,28,15,23,92,34,20,37,35,23,38,36,42,18,16,42,28,22,39,44,24,4,22,35,34,42,96,44,32,32,32,42,27,43,25,36,5,38,25,40,42,11,39,9,45,38,38,40,44,46,37,26,6,60,39,22,9,12,35,40,22,57,41,26,32,16,9,20,9,18,22,22,13,15,30,18,14,11,47,36,26,23,26,17,34,18,33,27,19,29,9,29,25,111,17,48,16,17,46,35,35,14,25,13,16,21,30,23,18,20,30,9,12,11,41,6,10,18,37,8,28,28,95,22,31,33,18,34,10
18,98,42,34,13,21,40,33,37,22,15,46,33,21,43,29,43,26,17,19,16,39,13,20,13,42,38,18,21,23,12,13,18,19,70,15,19,33,49,15,34,17,17,52,25,18,16,17,15,16,16,40,23,60,36,44,23,28,49,17,0,32,49,15,28,68,18,19,33,14,13,17,29,20,40,42,40,19,64,21,16,27,13,16,25,28,28,53,15,21,15,13,22,22,15,43,11,63,15,31,16,42,23,14,70,74,13,51,51,17,33,25,17,16,22,47,24,30,46,16,23,16,36,15,17,12,135,23,56,52,13,21,62,36,16,46,18,26,18,19,20,30,31,14,32,36,20,18,20,21,22,30,24,16,30,56,21,26,36,18,28,17,39,22,12,32,45,17,17,60,24,46,34,40,48,44,15,49,17,18,15,46,17,27,28,41,69,17,10,23,40,44,14,106,19,16,39,61,31,33,32,11,32,37,37,16,22,17,45,37,20,44,28,37,47,39,19,17,16,17,56,29,15,17,91,32,23,36,35,21,36,31,43,20,19,39,30,19,39,44,21,17,16,30,34,40,93,41,34,34,31,39,26,43,25,37,16,36,23,35,43,11,36,16,44,37,34,38,43,41,39,32,17,57,38,24,15,18,31,35,23,58,39,18,29,15,15,19,12,19,20,17,17,17,29,12,21,17,45,37,26,21,26,22,32,19,30,29,19,26,14,34,28,110,16,44,18,17,45,27,34,19,23,14,18,20,29,25,19,21,27,16,18,20,41,12,16,20,38,17,27,28,91,21,29,30,20,31,17
38,89,35,28,33,30,32,31,34,23,30,43,28,35,40,30,36,24,28,27,34,27,35,39,35,29,26,31,32,34,32,32,33,32,66,35,25,28,34,33,48,33,28,45,30,28,36,35,37,32,33,30,24,53,33,39,28,26,43,35,32,0,28,35,36,57,31,33,32,25,32,33,27,25,28,35,27,34,60,33,31,26,32,35,33,31,24,42,32,33,33,33,27,26,36,37,30,59,35,29,37,34,29,30,58,67,34,52,32,35,33,30,35,33,29,43,26,21,40,36,33,25,40,30,35,34,134,25,45,45,32,32,54,26,34,35,30,31,32,35,34,30,33,33,30,36,29,36,38,34,28,30,35,36,30,49,28,27,28,36,21,37,24,32,34,26,39,26,34,53,32,38,32,34,44,30,30,49,37,35,33,40,35,27,30,28,65,35,34,34,32,40,36,102,34,33,33,54,31,27,31,35,29,27,29,36,30,37,41,30,32,36,24,30,40,38,33,29,33,35,45,24,30,31,83,31,32,26,28,33,27,21,33,34,31,31,30,33,34,46,29,35,25,30,27,35,91,32,26,25,27,30,29,32,31,30,34,27,32,39,31,35,30,33,39,48,27,39,33,35,33,27,35,47,30,31,33,34,30,39,31,46,37,25,30,34,37,35,34,36,35,29,33,31,30,34,35,31,41,25,29,29,29,29,31,35,27,30,36,34,34,20,35,98,24,33,35,32,28,28,31,31,28,35,34,32,31,26,35,31,29,35,34,36,37,34,33,33,43,32,32,32,83,33,28,25,32,30,36
48,89,37,37,47,40,38,41,44,37,46,37,41,47,41,37,41,43,41,41,46,37,49,52,46,41,39,43,41,46,48,43,43,43,64,47,42,45,34,44,45,46,44,39,46,41,47,46,48,46,46,36,42,55,51,42,41,41,35,49,49,28,0,47,46,58,43,50,46,39,46,46,40,41,37,43,37,43,58,45,44,37,46,46,43,43,37,43,40,45,42,46,41,40,46,45,48,54,47,39,48,35,43,45,57,72,47,56,40,46,42,46,49,45,46,44,40,35,33,48,43,42,46,46,47,47,136,40,45,47,45,48,54,34,49,28,42,42,45,50,44,43,46,43,46,48,46,50,49,46,39,42,48,48,42,45,39,40,40,47,32,48,36,47,46,37,35,38,46,57,44,42,40,37,38,30,42,56,47,46,44,44,44,40,38,39,62,46,48,48,34,40,44,98,46,43,42,60,44,38,40,49,42,40,44,48,46,48,44,43,44,38,39,41,44,48,47,44,45,46,44,41,46,46,84,44,42,47,42,45,41,39,36,46,43,40,46,50,40,42,43,49,41,39,40,40,85,40,41,39,42,36,39,38,45,43,49,41,45,45,36,49,43,46,36,40,44,40,37,37,47,38,48,48,46,42,45,44,43,45,46,46,44,42,44,46,48,46,46,47,47,44,42,45,43,48,47,39,39,36,44,46,39,42,43,46,40,40,47,44,46,33,43,99,41,33,46,47,39,37,50,45,41,45,45,48,38,41,46,45,41,48,44,49,44,47,46,47,46,46,48,39,80,47,38,37,46,40,47
6,99,42,33,7,22,38,32,37,22,13,44,32,21,43,28,41,26,10,20,10,39,9,24,13,39,42,15,18,25,8,12,13,18,69,1,20,33,48,15,42,8,14,50,26,18,5,14,4,18,12,39,24,59,35,43,24,27,48,8,15,35,47,0,29,67,15,20,35,13,12,4,30,20,37,37,37,11,63,23,10,28,9,2,27,29,33,52,8,23,11,6,22,21,7,41,8,62,12,29,3,42,24,10,69,75,6,52,50,14,33,23,7,6,22,48,24,30,47,1,23,15,37,13,2,6,135,22,54,51,9,22,61,35,9,47,24,26,10,13,19,31,32,15,32,33,20,17,5,22,25,30,25,7,29,56,20,28,35,16,25,4,38,20,3,33,47,14,18,59,26,51,33,39,48,45,10,48,3,18,15,49,9,28,28,41,68,17,10,24,41,45,12,106,18,13,38,59,30,32,34,11,29,38,36,7,23,3,46,35,19,42,23,36,46,35,22,21,15,15,57,27,13,19,90,30,22,33,34,23,35,33,41,17,15,39,28,20,42,43,22,7,20,32,33,39,93,41,32,32,30,38,24,43,25,36,7,35,23,37,42,11,36,2,40,40,32,39,41,42,37,32,9,57,34,22,2,13,32,37,26,56,38,23,32,14,3,18,3,16,20,21,11,13,28,14,10,10,45,35,24,20,27,21,32,17,32,25,19,26,2,31,22,108,19,45,14,13,43,34,32,12,22,10,16,19,28,25,18,20,28,12,12,11,39,8,4,18,40,6,28,25,91,21,28,29,17,30,7
29,95,36,37,27,28,40,33,39,28,24,44,36,27,38,27,44,25,26,24,27,39,29,28,28,45,42,29,31,33,27,26,29,29,71,29,29,37,50,26,41,28,27,45,20,24,24,28,30,16,25,42,27,52,34,34,21,30,48,31,28,36,46,29,0,65,29,32,29,27,25,28,23,29,34,39,33,26,61,17,27,33,28,28,25,18,34,48,28,17,27,28,29,29,28,42,28,56,32,30,30,39,25,29,67,70,28,52,51,28,26,33,31,28,23,43,30,40,44,29,25,28,37,29,29,29,128,30,51,50,27,31,65,35,30,46,24,31,29,32,26,36,28,28,34,39,25,28,31,30,29,21,26,29,23,56,31,26,38,27,25,30,36,26,29,24,49,24,26,60,21,55,34,37,40,47,26,46,30,27,28,51,28,32,30,39,67,26,28,26,46,49,27,108,23,28,38,53,34,37,32,29,35,38,39,29,28,30,48,39,29,40,28,37,41,33,27,28,30,28,61,27,25,23,89,39,29,34,36,18,34,32,42,17,30,40,31,32,46,46,33,31,27,35,31,34,83,42,29,31,34,43,26,43,28,39,31,34,24,35,37,29,26,29,45,43,41,37,42,43,39,26,29,59,31,30,28,29,27,36,24,55,35,31,29,28,30,30,29,25,27,25,28,28,30,29,26,28,50,34,30,23,26,22,34,25,35,30,21,4,29,36,34,103,27,49,30,25,42,36,21,28,29,29,30,23,26,28,25,27,21,24,29,33,39,29,28,17,45,28,20,28,96,26,31,34,17,25,27
68,96,58,54,66,59,62,65,67,65,65,64,64,62,60,60,65,64,65,65,66,60,66,69,64,71,71,63,62,66,66,64,63,65,64,67,64,65,59,61,68,64,65,64,67,61,64,62,67,65,65,53,68,64,70,66,64,64,52,67,68,57,58,67,65,0,63,71,65,65,66,66,64,63,62,63,62,65,65,62,67,63,65,66,60,65,66,60,65,62,65,64,62,63,65,72,64,67,69,57,67,61,56,66,53,67,66,64,61,63,63,66,67,66,63,66,61,64,54,68,59,64,69,65,66,66,130,65,61,70,66,69,63,59,68,55,61,56,66,71,63,65,60,67,70,70,66,68,68,62,62,61,63,68,67,63,68,65,60,63,60,67,58,67,67,61,62,64,61,57,63,53,64,60,64,62,64,67,66,63,63,62,65,60,59,60,64,62,65,64,62,58,64,100,63,61,65,65,61,58,64,66,64,73,69,68,71,67,69,63,59,61,69,65,65,71,60,67,68,64,60,62,67,66,91,66,64,65,63,63,61,64,59,66,63,62,65,71,72,63,65,67,66,66,65,58,87,70,63,67,62,58,65,62,66,62,67,61,60,67,58,66,66,66,64,68,68,62,59,63,65,65,66,60,65,58,66,63,64,66,63,61,67,66,68,66,67,61,67,60,59,61,63,65,62,69,67,66,65,56,63,67,63,66,65,62,68,64,65,66,67,60,68,109,66,57,63,65,63,58,65,65,60,67,63,64,60,61,62,62,62,67,62,72,70,65,67,66,72,66,67,62,95,62,55,65,66,62,67
17,97,41,30,16,15,34,26,36,18,11,44,29,15,39,22,37,25,13,17,17,34,16,28,12,36,40,1,12,24,16,15,2,13,69,15,19,32,45,11,42,15,12,47,25,10,16,12,17,17,14,34,23,54,34,41,24,24,44,16,18,31,43,15,29,63,0,23,36,14,9,14,30,17,34,36,34,9,56,17,15,22,14,14,26,27,29,48,13,17,14,15,18,18,15,36,14,60,16,29,17,39,22,13,66,69,15,50,40,12,31,18,16,14,16,39,8,31,43,16,14,12,36,14,15,15,135,18,50,51,14,21,59,29,18,43,19,20,13,18,13,26,26,13,32,30,16,17,18,14,19,29,18,17,26,52,23,27,31,12,23,17,34,16,16,29,42,12,14,52,19,48,35,32,44,43,15,47,16,11,9,48,9,19,26,34,65,11,16,23,37,43,16,101,13,8,37,56,27,25,32,16,21,36,32,17,25,17,46,31,4,39,25,33,45,39,21,21,17,12,55,24,11,15,89,28,19,31,31,17,33,31,37,15,2,34,24,23,41,44,22,16,17,32,31,37,93,40,27,28,23,29,25,36,19,31,16,33,15,38,36,16,35,13,41,38,35,38,34,37,32,27,16,54,33,17,14,5,31,38,26,53,40,24,29,15,17,8,16,12,17,20,8,17,22,16,16,14,45,32,22,18,23,15,29,14,32,25,14,24,16,31,23,107,18,41,6,15,40,29,30,13,19,14,5,15,22,19,14,15,23,17,5,16,33,16,15,18,39,16,21,21,88,15,26,32,17,23,17
22,98,43,35,19,22,39,36,43,22,22,41,34,24,40,31,43,23,18,24,25,40,17,31,22,42,44,23,21,27,21,19,24,23,69,21,24,33,48,22,43,17,23,52,25,22,21,19,23,18,20,40,24,56,33,47,29,28,48,22,19,33,50,20,32,71,23,0,38,22,21,21,32,17,40,40,40,24,65,23,22,29,19,20,26,30,38,54,20,21,20,19,23,21,21,42,21,61,14,32,17,44,25,20,70,75,18,51,53,19,36,22,16,19,16,47,27,31,50,20,24,22,37,20,21,19,136,20,46,56,20,17,61,31,22,48,24,28,22,24,23,34,31,18,21,34,19,26,22,24,24,31,29,17,22,57,21,30,38,22,23,23,40,22,21,36,48,19,21,59,28,52,32,42,50,47,19,45,16,24,23,51,23,25,31,42,70,22,22,23,40,41,21,105,21,23,39,61,33,35,30,22,33,40,38,17,12,17,50,32,22,43,24,39,49,23,21,23,23,23,59,25,21,22,93,34,27,29,37,23,36,28,42,22,24,41,31,0,43,44,20,16,21,29,32,38,92,42,36,33,31,42,15,46,21,34,17,36,21,31,42,22,39,20,45,30,35,43,44,44,37,31,16,49,31,22,21,23,32,31,27,57,33,24,34,22,20,23,21,20,24,22,23,24,30,6,10,22,47,36,26,21,27,21,29,22,33,29,22,27,21,29,22,109,19,50,21,22,43,33,22,18,27,20,23,19,31,26,22,21,29,23,20,25,29,17,20,23,43,20,22,25,92,27,31,32,22,31,22
36,97,39,39,33,34,40,36,42,33,30,47,43,29,43,33,44,33,33,34,35,42,34,30,33,44,47,36,37,35,31,31,36,35,72,35,36,36,52,34,45,32,36,51,32,33,30,35,37,33,32,37,33,57,31,47,34,38,49,38,33,32,46,35,29,65,36,38,0,34,27,32,37,32,39,40,39,32,57,31,34,37,31,34,33,25,39,50,35,32,33,32,37,33,33,41,33,67,33,39,37,40,32,31,66,65,33,44,49,36,29,37,38,35,28,46,37,38,49,36,34,36,41,31,34,32,135,33,58,57,31,40,67,31,36,47,34,36,35,38,34,31,34,33,37,37,28,36,38,35,34,34,35,36,35,59,39,32,36,34,33,37,41,38,36,33,49,32,32,63,31,49,37,40,43,45,31,55,35,34,35,46,35,37,34,39,71,33,33,26,37,44,34,106,32,35,40,60,36,40,33,34,36,42,43,36,38,37,45,36,35,45,33,37,47,43,34,32,38,35,62,35,30,32,88,33,35,32,32,32,33,37,41,34,37,32,33,38,45,36,36,38,31,39,38,39,93,46,36,39,33,38,38,47,36,35,38,33,34,42,45,34,32,34,45,38,38,35,42,44,36,39,35,59,33,36,35,35,24,38,32,60,40,33,34,31,37,35,36,34,33,34,36,35,36,37,35,36,47,39,32,28,36,34,32,34,35,37,31,28,36,35,39,111,33,32,37,29,46,31,37,32,35,34,36,33,33,33,34,34,31,35,36,39,38,33,35,34,42,31,35,35,94,30,33,36,29,35,34
16,96,39,30,11,20,35,32,39,16,13,43,30,22,41,28,39,23,9,17,14,38,11,23,10,35,40,14,19,24,9,10,14,15,68,13,15,32,42,15,42,11,11,49,25,15,13,16,13,18,11,36,16,56,37,42,22,26,46,13,14,25,39,13,27,65,14,22,34,0,11,11,27,17,36,37,36,12,60,21,12,22,10,13,25,26,31,49,9,19,12,9,20,19,13,39,7,60,14,29,13,40,21,7,63,72,12,50,48,15,32,23,13,11,19,46,22,30,45,14,23,7,37,7,13,12,135,19,51,51,10,22,56,31,12,44,19,24,11,13,18,30,30,10,30,34,15,15,14,19,21,27,23,12,24,52,19,24,33,19,15,13,35,21,12,32,41,6,17,56,23,48,34,38,46,40,9,46,13,16,14,44,13,26,26,38,66,17,10,19,39,43,15,104,16,12,37,58,28,29,31,11,26,37,35,12,21,13,44,35,18,41,21,30,42,36,19,16,12,15,52,27,12,18,89,29,21,31,33,21,35,26,40,17,12,38,28,22,40,42,18,13,18,28,31,37,91,40,29,30,29,35,22,41,22,35,12,35,22,34,39,11,31,11,38,39,32,38,38,41,35,31,11,54,33,21,11,15,28,34,25,54,38,24,28,9,13,16,12,19,18,17,14,13,28,10,12,10,44,33,23,15,25,19,30,16,32,20,18,24,12,28,19,106,14,41,13,11,36,32,31,10,22,12,11,19,28,22,16,17,25,14,15,12,36,10,11,18,40,11,25,25,88,21,26,30,17,28,14
14,96,41,30,11,20,37,29,38,22,6,45,26,19,42,26,39,24,9,14,17,36,13,25,12,40,41,9,17,24,8,10,8,18,67,12,21,32,47,13,41,11,6,46,25,13,11,13,13,15,10,37,21,53,34,43,21,24,46,13,13,32,46,12,25,66,9,21,27,11,0,11,27,20,37,38,37,9,62,21,12,26,10,11,27,22,31,46,13,21,11,10,23,18,11,36,9,62,9,31,13,36,21,9,66,68,10,49,47,13,33,18,13,10,16,41,17,31,43,13,21,11,37,10,13,12,134,17,48,51,10,22,57,30,12,43,23,20,14,15,17,23,29,11,31,30,19,14,14,22,21,28,25,12,24,55,22,24,33,16,26,13,34,22,12,30,46,12,15,58,24,47,32,35,47,41,10,46,13,16,16,43,10,25,24,36,68,15,13,20,39,44,12,104,14,11,38,60,28,30,29,13,28,39,37,12,20,13,46,32,18,40,23,35,45,36,21,23,17,13,57,26,6,17,89,29,24,32,34,21,36,31,40,16,10,31,28,21,41,45,18,13,18,35,32,38,90,41,30,32,26,37,22,40,18,32,13,36,17,36,40,13,34,13,40,36,29,38,34,36,33,28,12,53,34,21,14,8,26,36,22,54,37,23,30,11,13,16,12,16,18,19,11,17,25,14,12,13,45,32,22,17,22,17,31,16,32,26,15,23,12,32,23,104,16,42,14,14,41,26,29,10,23,12,14,13,26,20,16,18,24,12,8,15,33,11,11,16,40,12,21,24,90,19,26,30,16,27,14
8,98,39,32,6,20,38,31,36,18,14,43,32,19,41,27,40,25,9,15,11,38,9,24,12,39,43,14,19,22,6,12,11,17,68,4,19,33,47,13,42,5,12,49,23,15,5,13,4,17,10,38,22,58,36,40,23,25,46,10,17,33,46,4,28,66,14,21,32,11,11,0,28,18,35,38,35,10,63,22,10,25,3,3,26,28,32,51,6,22,12,4,21,19,7,41,5,61,12,28,4,40,21,8,68,72,4,50,49,13,31,25,10,5,20,49,23,33,45,5,21,11,39,7,5,4,133,20,53,50,3,22,60,34,12,44,23,25,6,15,19,28,30,13,31,34,18,19,6,20,25,27,24,7,31,55,22,26,34,15,26,4,37,20,5,32,46,12,16,59,25,50,33,38,46,41,8,47,2,16,14,48,7,26,28,39,67,15,9,21,39,44,12,105,15,13,38,60,30,32,34,9,29,39,36,7,22,4,47,35,19,41,25,35,45,38,21,22,16,13,56,26,13,18,89,30,20,35,35,22,34,30,40,15,14,38,29,21,42,42,25,10,17,34,31,38,92,43,31,31,29,38,25,41,24,35,10,34,20,36,43,9,34,2,42,36,33,35,41,39,37,29,5,56,35,20,5,12,30,36,22,55,37,22,30,13,4,17,5,15,18,20,9,14,27,15,11,10,45,34,23,18,24,19,31,15,31,24,18,27,5,31,21,106,15,43,15,13,44,30,32,10,21,12,14,16,27,23,15,19,27,14,12,12,39,4,6,17,40,3,30,25,91,19,27,30,16,30,6
31,91,36,30,29,24,38,31,41,28,29,40,32,31,37,27,38,23,28,22,30,35,30,33,29,40,40,30,31,26,29,27,28,31,66,30,25,28,44,24,45,29,26,49,28,25,28,25,29,21,28,32,29,53,37,38,21,23,48,30,29,27,40,30,23,64,30,32,37,27,27,28,0,31,35,38,34,30,60,24,29,31,29,29,29,26,29,47,30,22,29,28,29,26,27,38,28,56,28,27,29,40,23,29,59,72,30,47,48,26,32,30,30,29,23,39,29,33,43,31,25,28,35,29,29,29,130,20,47,47,27,29,59,30,27,45,26,27,30,30,31,27,33,28,33,32,25,30,29,30,29,24,29,31,28,51,33,24,28,32,30,29,32,32,31,30,46,28,24,58,24,51,30,39,43,40,27,49,28,31,24,48,30,25,30,35,62,31,29,24,39,41,29,106,29,28,39,51,25,32,30,30,29,35,35,31,33,29,40,30,28,42,30,34,42,34,29,28,34,27,51,24,29,29,88,30,28,32,33,25,34,30,39,24,30,40,30,32,42,43,29,30,25,37,29,37,88,37,28,22,29,38,30,39,27,29,30,34,26,37,36,30,32,30,36,40,36,35,41,41,35,17,29,59,33,27,30,30,29,41,23,52,37,31,30,23,29,26,31,28,27,26,30,30,30,30,30,30,41,31,29,25,27,25,30,29,25,31,26,24,31,27,33,98,27,44,28,27,41,31,31,28,27,29,28,25,27,26,29,28,23,23,29,31,40,29,30,25,41,28,28,32,92,30,30,39,24,31,31
21,94,41,28,21,19,33,28,38,15,19,40,31,22,40,23,36,23,17,15,18,39,19,27,20,41,41,17,17,23,21,15,16,19,66,20,19,35,45,16,40,18,17,48,24,16,20,16,20,17,20,35,22,57,37,45,23,20,46,19,20,25,41,20,29,63,17,17,32,17,20,18,31,0,34,38,34,19,62,20,18,24,17,20,28,24,34,49,15,20,20,18,22,14,19,39,20,61,20,27,20,36,19,18,67,72,18,52,45,16,31,25,19,18,16,47,20,31,45,21,21,15,36,17,20,17,133,18,51,50,18,20,60,31,22,43,25,22,18,20,21,23,27,15,29,33,15,20,21,21,18,27,28,20,28,55,19,27,30,15,21,20,37,18,19,26,47,14,17,57,23,48,34,34,46,41,14,44,20,14,17,47,18,22,27,38,67,15,19,25,37,41,18,103,14,15,38,61,30,31,33,19,29,35,38,20,25,20,44,32,17,39,27,34,42,37,16,23,18,16,49,26,19,13,90,30,23,32,31,20,35,31,39,16,16,37,27,17,39,45,19,19,16,34,29,40,91,38,32,31,26,36,22,40,24,32,19,35,22,37,42,19,35,19,44,39,34,35,40,41,34,32,19,54,35,20,19,17,30,37,22,54,38,20,32,15,20,17,19,16,16,18,18,16,24,20,21,18,43,34,20,14,26,18,30,15,30,27,20,27,19,27,18,108,14,39,16,16,41,28,26,19,22,19,15,18,23,22,15,16,25,21,17,19,37,18,19,17,44,16,28,25,88,23,25,32,16,28,20
38,99,36,28,36,35,38,37,38,34,34,41,36,36,41,33,32,39,36,31,38,26,34,39,37,34,34,34,33,36,39,38,32,34,69,38,38,38,45,33,52,33,34,45,42,30,37,32,35,36,39,33,39,55,35,39,34,35,49,34,40,28,37,37,34,62,34,40,39,36,37,35,35,34,0,27,1,32,65,34,37,38,35,38,39,36,32,52,36,34,38,34,38,33,35,38,39,64,38,28,33,41,34,35,66,74,35,52,49,31,40,35,30,36,37,40,34,33,47,36,35,36,39,36,38,35,127,32,46,55,34,33,63,33,34,46,36,31,37,32,36,37,38,36,45,34,38,41,33,35,36,34,38,34,38,56,38,38,34,34,33,35,22,32,37,32,45,35,38,58,35,52,36,35,47,44,36,53,34,35,35,50,34,36,32,30,66,35,37,33,37,43,39,94,35,32,32,56,39,29,32,36,37,33,36,34,42,32,47,30,31,34,37,33,48,35,39,38,41,33,60,35,34,40,88,39,34,38,38,34,33,41,37,37,34,40,33,40,37,49,34,30,35,37,36,36,98,29,36,40,34,34,41,27,36,32,31,33,37,44,36,36,35,38,42,44,39,46,32,35,37,33,32,56,38,30,36,32,39,44,39,53,43,38,44,35,34,35,37,34,36,40,31,38,32,41,41,36,45,21,31,39,35,33,38,34,32,39,37,35,35,38,38,108,35,38,30,37,42,37,43,39,37,36,32,35,33,28,35,36,31,37,31,33,42,33,35,37,35,36,38,32,92,36,33,39,37,34,38
40,102,39,29,39,36,39,34,35,32,35,48,37,36,41,36,24,42,38,35,40,36,37,47,37,39,37,36,32,38,40,40,36,34,69,38,36,39,46,35,56,37,34,35,39,33,40,34,41,36,38,39,40,53,43,42,42,37,43,41,42,35,43,37,39,63,36,40,40,37,38,38,38,38,27,0,26,34,62,38,39,40,38,38,38,38,37,49,38,38,40,38,39,36,39,40,37,63,42,26,39,42,35,36,69,70,37,53,45,33,36,38,37,36,36,37,36,36,46,38,36,36,39,39,38,37,131,36,46,52,39,39,59,33,34,48,42,27,38,36,35,39,39,40,45,33,38,39,35,39,44,38,41,37,38,57,38,39,26,35,35,41,35,38,39,28,48,37,36,56,33,52,33,35,46,47,37,56,37,35,37,52,36,34,32,36,67,36,40,41,34,37,37,98,37,34,37,59,40,32,35,39,35,37,41,37,41,38,44,31,35,14,39,36,39,38,34,41,39,35,61,37,35,41,86,40,36,42,43,38,23,44,24,36,36,38,40,40,37,54,37,37,40,41,31,31,95,38,38,40,37,36,43,36,41,33,36,23,40,48,38,39,38,38,35,48,35,45,36,42,43,36,37,60,48,33,38,36,42,48,43,49,47,42,45,41,40,33,39,32,36,42,33,37,33,40,39,38,25,34,35,39,35,37,38,32,39,41,37,40,37,38,40,106,39,40,32,41,42,42,47,37,37,38,34,38,36,37,33,34,34,35,35,35,48,37,37,37,40,39,39,37,90,33,32,41,37,33,40
38,99,36,28,36,35,38,37,38,33,34,42,36,36,41,33,32,39,36,31,38,25,34,38,37,33,35,34,32,36,39,38,32,34,69,38,37,38,44,33,52,33,34,44,42,29,37,32,35,36,39,32,39,55,35,38,33,35,49,35,40,27,37,37,33,62,34,40,39,36,37,35,34,34,1,26,0,32,65,33,37,38,35,38,38,35,32,52,36,33,38,34,38,33,35,38,39,63,38,28,33,41,34,34,65,74,35,52,48,31,40,35,31,36,37,40,33,33,47,36,35,36,40,36,38,35,127,32,46,55,34,32,63,32,34,46,35,30,37,31,35,37,38,36,45,34,38,41,33,35,37,34,37,34,37,55,37,38,34,34,32,35,21,32,37,31,44,35,38,58,34,52,36,35,47,44,36,52,34,35,35,50,34,36,32,30,66,35,37,33,37,43,38,94,35,32,32,56,39,28,32,36,37,34,35,34,42,32,47,29,31,33,36,33,48,34,39,37,40,33,60,35,34,40,88,39,33,38,37,33,33,41,36,37,34,40,33,40,38,49,33,31,35,36,35,36,98,29,36,40,34,34,40,26,35,31,30,33,37,44,36,36,35,38,42,44,39,46,32,35,37,32,32,56,38,30,36,32,39,44,39,52,43,38,44,34,34,35,37,34,36,40,31,38,32,41,41,36,46,20,31,39,35,33,38,34,31,38,36,34,35,38,37,108,35,38,30,37,42,37,43,39,36,36,32,35,33,27,35,36,30,36,31,32,42,33,35,37,36,36,37,31,92,36,33,38,37,33,38
12,98,43,29,11,18,34,27,38,21,14,44,29,18,39,23,36,25,10,16,10,36,11,28,11,38,42,9,15,24,11,14,3,12,69,10,22,32,44,11,41,9,11,48,27,11,11,10,13,17,13,34,23,54,32,40,25,23,46,13,19,34,43,11,26,65,9,24,32,12,9,10,30,19,32,34,32,0,58,16,12,25,11,11,25,23,28,48,11,16,9,11,17,17,10,34,10,61,16,28,13,38,22,13,66,71,10,51,44,11,32,21,12,9,19,41,18,32,43,12,18,14,38,13,10,11,135,18,51,52,11,22,61,29,12,45,19,22,10,16,14,30,28,14,32,30,17,14,13,17,23,27,21,11,25,53,21,26,30,14,23,13,33,16,11,29,42,13,15,54,19,49,33,34,44,43,11,47,12,14,13,48,9,23,25,34,65,14,11,22,37,42,12,101,16,7,37,56,28,28,33,11,24,39,34,11,24,12,48,30,16,40,25,32,44,40,21,23,16,12,56,24,12,17,89,28,18,31,35,16,34,31,36,18,9,38,25,24,42,42,21,12,20,34,31,36,93,42,28,28,25,34,24,38,19,31,12,34,22,38,36,11,35,10,41,39,33,39,37,38,33,27,11,55,34,15,11,10,32,38,23,52,38,22,29,12,12,14,11,12,19,20,1,13,23,15,12,8,44,31,21,19,23,14,31,15,33,23,12,24,11,30,21,108,19,41,5,15,40,30,30,12,22,12,12,18,23,20,15,18,23,14,3,17,35,11,10,18,38,10,21,22,90,16,25,29,18,25,11
65,100,64,60,64,58,63,52,71,63,61,69,53,59,63,51,64,58,61,58,62,62,66,55,59,70,75,56,52,61,64,63,56,57,75,63,66,60,60,60,59,64,59,61,58,60,59,59,66,66,60,57,65,56,68,64,64,59,66,67,64,60,58,63,61,65,56,65,57,60,62,63,60,62,65,62,65,58,0,58,60,61,63,62,64,59,59,58,62,60,61,64,60,62,61,68,63,71,62,60,66,64,60,63,69,66,64,53,45,62,60,69,67,62,58,72,56,67,64,65,60,61,72,63,62,64,138,60,62,69,63,70,69,62,67,62,63,53,62,68,51,53,54,62,60,68,60,67,67,53,64,63,60,66,66,63,62,60,57,59,59,66,62,62,64,59,61,60,58,43,57,64,65,52,54,64,63,73,65,58,58,68,58,61,57,50,58,60,65,56,54,58,62,102,60,52,70,57,55,49,62,66,50,71,72,66,62,66,76,61,54,61,62,57,63,65,61,58,62,58,67,61,62,60,89,54,59,60,64,56,63,58,58,63,55,61,68,65,72,64,70,67,64,63,68,56,95,75,61,54,45,52,64,62,66,55,67,63,64,65,62,66,60,61,62,68,62,61,55,65,61,60,66,68,57,60,63,54,58,64,63,66,62,62,65,64,66,54,64,59,58,60,58,60,45,64,65,62,61,62,59,64,58,57,62,63,63,67,62,58,64,60,66,114,63,56,58,58,61,64,60,61,61,63,53,67,51,56,58,62,57,64,57,69,63,65,64,61,73,64,65,57,98,54,56,60,63,53,64
23,94,39,31,21,18,36,30,36,24,22,41,34,12,34,26,41,24,19,19,20,34,23,25,18,40,41,17,20,29,21,19,17,21,68,23,22,35,48,14,38,21,21,46,20,19,18,15,24,16,19,40,25,52,29,36,23,29,45,23,21,33,45,23,17,62,17,23,31,21,21,22,24,20,34,38,33,16,58,0,21,27,22,22,23,15,32,48,21,4,19,22,23,22,21,40,22,54,20,23,24,35,21,23,65,69,22,53,45,16,23,20,23,22,15,40,24,35,43,23,14,22,36,22,22,23,131,19,50,50,21,26,63,31,24,46,19,27,22,26,14,35,26,16,32,35,8,25,25,13,21,24,22,23,19,54,23,28,34,16,21,24,32,25,22,16,44,17,15,59,7,54,35,30,38,44,20,48,24,16,16,51,18,28,27,35,66,15,22,16,39,44,22,101,18,16,36,54,30,31,33,23,27,37,37,23,21,24,43,32,17,40,24,35,43,32,13,21,23,15,56,22,19,14,91,32,19,31,35,1,29,30,39,18,18,39,25,24,43,42,22,23,20,33,31,36,88,39,26,31,25,37,20,35,13,31,23,29,23,36,33,23,30,23,44,41,35,35,43,43,32,23,23,59,33,22,21,16,27,35,21,50,33,23,28,22,24,17,22,16,14,20,16,23,23,22,22,20,47,30,23,16,25,18,30,18,29,25,8,15,22,33,23,106,22,43,18,19,42,35,19,23,18,23,17,18,26,16,16,22,16,17,17,26,40,23,22,18,41,22,14,19,92,13,30,32,18,26,21
12,99,42,32,10,21,37,33,39,23,13,44,32,22,42,26,41,21,11,20,9,38,12,21,13,41,42,15,19,28,8,13,13,18,69,12,21,33,45,15,39,10,13,49,23,17,8,16,12,18,13,37,23,56,35,43,23,27,45,10,16,31,44,10,27,67,15,22,34,12,12,10,29,18,37,39,37,12,60,21,0,25,6,8,27,27,33,49,9,21,9,8,22,22,9,40,8,61,14,31,12,42,22,10,67,72,8,48,49,16,34,25,8,8,18,43,23,31,47,12,23,12,37,8,10,8,134,19,52,52,10,20,61,31,9,47,23,25,11,13,19,32,28,13,32,33,18,19,11,21,22,30,25,9,28,55,25,27,34,18,24,12,36,21,11,32,46,13,16,56,25,49,34,38,48,43,7,44,10,18,16,44,10,27,29,39,65,19,8,23,40,44,13,106,18,13,39,56,31,32,30,10,30,38,36,9,24,12,43,34,19,40,27,33,45,36,20,21,14,16,56,28,13,17,91,32,23,33,35,21,36,30,41,18,15,40,29,22,42,41,20,8,20,33,32,38,90,42,31,32,30,38,21,41,24,34,9,36,23,37,41,10,36,10,40,37,34,40,41,43,36,31,10,55,34,22,10,13,31,37,25,56,39,24,28,10,12,18,11,17,18,21,10,15,28,12,7,7,46,34,25,18,27,20,33,17,33,28,18,25,11,32,22,108,17,44,16,12,40,31,31,11,22,11,16,19,27,22,17,20,26,10,13,14,38,8,9,18,38,9,26,26,91,22,28,31,18,30,11
29,95,36,28,28,26,32,28,40,24,25,41,33,28,42,25,39,21,21,27,27,31,28,37,27,39,41,22,25,24,27,27,23,25,68,28,31,32,42,26,46,27,23,50,30,25,28,26,30,24,26,29,30,55,39,43,25,27,39,31,27,26,37,28,33,63,22,29,37,22,26,25,31,24,38,40,38,25,61,27,25,0,25,27,29,31,30,50,21,27,22,28,24,26,29,36,27,62,26,27,30,40,26,23,64,72,26,48,44,26,30,24,31,26,25,38,21,29,42,29,27,22,39,23,28,27,136,21,50,51,25,32,58,31,31,40,30,25,26,32,25,29,31,25,34,34,27,30,31,28,32,26,25,30,25,50,24,27,29,26,18,30,32,26,27,25,40,22,26,56,25,42,34,36,42,41,25,48,29,27,26,46,25,25,19,34,66,25,27,29,37,44,30,104,25,25,39,57,29,28,33,28,28,41,36,30,28,30,45,32,25,41,23,30,39,38,30,27,28,26,50,26,25,27,86,29,30,33,31,27,32,29,40,26,22,37,31,29,43,45,24,31,26,34,29,37,90,42,29,31,27,32,27,34,30,32,31,32,28,41,37,28,31,25,40,41,30,38,38,37,36,29,30,49,34,27,26,24,31,41,32,55,39,24,30,26,30,23,27,26,26,23,24,24,26,27,28,22,47,32,25,27,27,29,29,25,31,26,31,31,27,26,29,107,21,42,25,28,33,28,32,24,26,25,24,24,24,28,25,27,22,31,24,33,39,29,27,25,42,25,30,27,84,30,24,32,24,25,28
10,96,39,32,7,20,37,32,37,17,13,42,33,19,40,28,40,24,10,16,11,39,6,22,12,39,42,14,19,21,3,11,10,17,67,9,19,34,47,13,41,6,12,50,22,15,6,14,7,15,10,37,19,58,36,41,22,24,46,7,13,32,46,9,28,65,14,19,31,10,10,3,29,17,35,38,35,11,63,22,6,25,0,7,26,28,32,49,4,22,9,5,21,20,6,40,4,61,10,29,7,38,22,5,68,72,3,49,49,14,31,26,7,7,20,48,23,31,44,10,21,11,37,6,9,3,132,19,52,49,2,23,61,34,9,44,21,26,6,12,19,28,30,12,31,35,18,18,6,19,23,28,24,8,29,55,23,26,33,16,26,7,37,20,6,31,46,13,16,59,24,48,33,38,46,40,9,46,7,17,14,45,7,26,28,39,67,15,4,22,39,43,12,105,17,13,38,60,29,32,31,6,30,38,36,8,20,7,47,34,19,41,26,35,44,36,20,22,17,14,56,25,13,18,89,30,22,34,33,21,34,32,40,16,14,37,28,19,42,42,22,7,17,34,32,38,91,43,31,31,29,38,22,42,24,34,6,34,20,34,42,6,34,8,42,33,33,34,40,40,36,31,4,54,35,21,7,13,30,34,21,56,36,22,28,13,7,18,6,17,18,18,10,15,28,14,10,9,44,35,23,18,24,19,31,15,30,24,18,25,6,33,21,106,12,43,16,13,43,29,30,10,21,11,14,16,28,22,15,19,26,11,13,12,38,3,6,16,39,4,28,25,91,20,28,31,15,29,8
6,98,41,32,8,21,37,32,37,21,16,44,33,20,43,28,39,25,11,20,11,40,10,22,12,40,43,14,18,25,7,12,13,17,68,2,20,33,47,14,40,9,15,51,25,17,5,15,5,18,10,36,23,58,35,43,23,27,47,9,16,35,46,2,28,66,14,20,34,13,11,3,29,20,38,38,38,11,62,22,8,27,7,0,26,28,32,51,8,22,9,8,21,21,7,41,8,61,13,29,5,42,23,10,68,74,7,50,49,15,32,24,9,7,21,45,23,31,46,3,22,14,39,12,3,9,135,21,53,50,8,23,61,34,11,46,23,26,9,14,18,31,31,14,32,34,19,18,7,21,24,29,24,9,29,55,22,27,34,17,25,5,37,21,7,32,46,14,17,58,25,50,34,38,47,44,10,45,3,18,14,46,7,27,28,40,67,16,11,23,40,44,12,106,18,12,38,60,29,31,33,10,29,39,37,9,22,5,45,35,18,42,26,35,45,37,21,21,16,15,56,27,14,20,90,30,22,33,33,22,35,32,40,18,15,39,29,20,43,43,24,9,19,33,33,38,92,42,31,31,29,37,23,42,22,35,9,35,23,36,41,10,35,1,41,39,34,38,40,43,36,31,10,56,34,21,6,13,31,36,25,57,37,22,30,13,5,18,7,17,19,20,11,14,28,14,10,10,44,36,26,19,26,21,31,18,31,25,18,25,6,32,23,108,18,44,15,13,42,33,31,10,21,11,16,19,28,24,18,20,27,12,13,13,38,9,8,19,40,5,28,25,91,20,28,30,18,29,7
28,101,41,28,25,24,38,31,41,28,28,45,34,26,42,26,43,30,26,25,25,31,27,28,27,41,43,26,27,28,27,24,25,27,70,27,27,33,48,26,44,26,24,49,27,23,24,28,28,25,23,37,27,58,36,43,24,29,48,28,25,33,43,27,25,60,26,26,33,25,27,26,29,28,39,38,38,25,64,23,27,29,26,26,0,26,20,52,26,23,24,26,27,24,27,37,26,57,25,30,28,34,25,25,65,76,27,53,48,28,31,25,28,27,25,43,23,37,44,28,22,26,41,26,27,27,136,23,47,55,26,30,62,25,30,47,27,24,25,30,27,34,25,26,33,32,24,26,29,25,24,30,20,29,29,55,23,28,37,27,21,28,30,28,28,31,48,25,25,63,21,50,36,37,50,46,24,48,27,26,27,49,27,28,27,29,70,26,26,26,40,46,24,106,25,27,41,62,30,26,26,27,26,38,41,29,24,28,43,35,21,44,31,33,44,41,25,26,23,28,59,21,28,27,90,33,26,33,33,23,38,32,33,26,27,36,20,26,46,42,31,28,27,35,27,37,91,42,22,22,23,38,24,40,26,33,28,38,29,40,39,27,34,26,42,44,37,36,41,41,35,25,28,58,36,27,27,28,33,42,29,51,35,22,27,25,28,26,28,27,23,22,27,24,26,26,26,25,51,27,29,25,17,27,30,27,35,22,25,23,28,30,21,106,27,44,27,28,44,35,30,23,27,24,26,28,26,24,27,27,22,27,28,31,42,27,28,26,47,26,26,18,94,25,28,32,26,24,27
29,96,38,35,27,25,36,28,41,29,27,48,37,21,39,19,43,26,26,25,28,37,29,28,24,44,45,27,27,31,26,23,27,28,70,29,27,36,51,23,36,27,28,49,26,27,24,22,30,25,27,38,32,51,34,38,28,32,48,31,28,31,43,29,18,65,27,30,25,26,22,28,26,24,36,38,35,23,59,15,27,31,28,28,26,0,35,53,26,14,25,28,28,26,27,38,27,57,26,29,30,41,26,28,66,71,28,53,48,25,30,32,31,28,21,46,30,36,45,29,23,26,39,28,28,29,132,25,53,53,27,31,65,34,30,43,26,28,26,32,25,34,27,23,33,34,23,28,31,25,28,26,25,29,20,55,28,28,38,25,18,30,35,31,28,19,43,23,21,59,14,55,37,38,40,45,25,48,30,25,26,50,24,30,31,42,67,24,28,22,41,43,27,105,25,27,41,59,29,33,37,29,33,40,41,29,30,30,51,37,26,40,30,30,45,40,22,26,30,24,59,25,27,23,88,33,28,32,34,16,33,32,43,26,28,40,29,30,44,45,32,31,27,37,33,36,91,44,32,34,32,39,30,38,31,36,31,33,26,39,36,29,35,29,45,39,40,37,42,46,35,28,29,59,37,27,27,24,28,36,27,54,35,26,30,28,30,24,28,25,24,25,27,29,31,30,28,27,45,33,27,20,29,27,32,23,35,27,19,17,28,36,27,108,28,42,28,25,42,35,26,26,27,28,25,26,27,27,25,27,21,23,27,32,40,29,28,26,42,27,22,25,90,22,33,35,24,29,28
34,98,39,27,31,30,31,24,40,31,32,46,31,34,38,22,36,32,30,27,28,34,32,32,32,40,43,29,32,27,32,28,29,32,68,33,32,20,37,29,48,33,27,42,32,28,31,31,34,32,28,27,34,51,33,37,28,32,49,35,28,24,37,33,34,66,29,38,39,31,31,32,29,34,32,37,32,28,59,32,33,30,32,32,20,35,0,42,33,30,29,32,34,25,31,35,32,63,34,29,34,36,32,34,67,71,34,54,46,31,33,33,35,33,32,35,30,38,35,34,31,30,40,32,33,33,132,22,49,47,33,35,59,29,36,43,30,30,33,33,29,32,32,33,36,32,31,33,36,31,31,31,32,35,33,52,35,30,25,33,25,34,31,32,34,26,45,27,30,52,33,47,31,32,42,41,30,50,33,33,31,45,31,31,27,22,64,33,33,30,38,43,28,100,33,30,39,52,29,19,28,32,31,36,37,35,37,34,40,27,29,41,33,26,42,44,32,25,36,31,51,24,29,30,85,30,33,25,36,32,37,26,36,31,29,36,34,38,41,47,33,35,29,33,32,34,88,43,28,24,23,33,36,39,33,25,35,37,34,35,35,32,33,33,29,44,30,40,30,41,36,22,34,59,37,29,33,29,31,35,31,46,38,31,29,28,34,31,34,31,30,31,27,28,25,37,32,33,44,30,28,30,26,28,29,32,27,38,33,33,34,24,34,105,33,40,31,31,38,34,37,30,32,33,32,34,22,29,32,33,24,33,29,34,39,33,34,31,41,32,33,24,86,30,28,22,32,27,32
53,95,50,45,50,44,48,45,57,51,47,50,48,47,49,45,52,49,48,42,50,48,51,56,52,56,51,48,51,48,50,48,48,51,66,52,54,51,40,48,57,49,42,49,53,45,51,47,53,50,45,45,51,56,53,48,46,42,49,54,53,42,43,52,48,60,48,54,50,49,46,51,47,49,52,49,52,48,58,48,49,50,49,51,52,53,42,0,52,50,50,49,52,42,51,43,50,67,51,52,53,43,45,52,60,75,51,55,40,50,48,54,54,51,47,55,46,54,47,53,45,46,55,47,52,50,131,40,52,52,48,56,59,42,51,48,52,48,52,54,50,50,50,51,53,48,51,53,51,50,51,48,50,53,54,59,52,47,45,51,47,53,45,54,53,49,55,43,50,55,51,40,49,46,50,49,47,51,52,50,51,52,50,47,48,46,59,47,50,47,48,43,49,100,46,49,55,55,49,50,44,51,52,58,57,53,48,53,61,52,47,51,53,46,49,55,51,49,51,47,53,45,44,49,82,50,53,47,53,49,48,50,49,50,48,50,54,54,56,53,53,54,46,52,42,51,90,53,47,46,43,53,53,47,52,49,54,48,49,50,46,51,49,51,49,55,48,50,48,41,51,46,51,53,47,45,52,48,44,49,50,53,53,47,49,44,53,51,53,49,52,45,46,49,45,54,50,49,54,46,44,52,38,43,49,52,50,51,51,47,53,47,55,100,49,43,51,51,49,47,50,47,51,53,51,52,45,47,52,52,45,50,48,55,42,50,52,50,53,48,55,44,91,51,49,52,50,47,53
10,99,42,33,7,21,36,33,38,20,16,44,33,21,42,29,40,26,11,19,8,39,9,23,12,37,42,13,17,26,7,4,11,17,69,6,20,35,46,15,41,9,15,50,25,17,7,16,10,17,10,37,20,57,36,43,24,28,47,9,15,32,40,8,28,65,13,20,35,9,13,6,30,15,36,38,36,11,62,21,9,21,4,8,26,26,33,52,0,21,10,8,21,21,7,40,6,61,12,30,10,41,23,8,68,75,7,52,47,16,33,25,9,8,21,45,21,30,47,9,23,14,37,9,8,7,135,22,53,52,5,22,59,34,8,47,19,25,9,12,17,31,31,12,29,33,17,17,9,20,22,28,24,7,27,52,22,26,34,16,20,10,37,18,7,31,43,14,17,58,24,51,34,40,48,45,6,46,10,16,14,49,7,27,29,40,68,17,10,21,40,44,12,106,18,11,38,59,30,30,34,9,27,39,36,7,22,8,45,34,18,42,26,34,45,36,19,19,14,16,55,28,15,19,92,31,22,32,31,21,36,31,40,19,13,39,27,20,42,43,23,9,20,31,32,38,93,43,31,31,31,37,22,41,25,34,8,36,22,35,41,9,37,6,43,39,36,39,41,43,36,31,10,57,36,22,6,11,30,35,23,56,38,24,29,12,8,16,7,16,17,20,9,13,29,15,9,8,45,35,24,17,27,20,31,16,32,23,17,26,5,32,21,109,19,44,13,14,41,34,31,9,20,12,13,18,29,23,16,20,26,12,11,14,39,9,9,19,40,4,27,26,90,21,28,32,19,31,8
23,93,39,31,21,18,37,30,36,22,22,44,34,12,36,28,41,25,19,19,20,34,23,25,18,40,42,17,20,26,21,18,17,21,66,23,22,36,48,14,38,21,21,46,18,19,18,13,24,18,19,40,24,52,29,36,23,29,46,23,21,33,45,23,17,62,17,21,32,19,21,22,22,20,34,38,33,16,60,4,21,27,22,22,23,14,30,50,21,0,19,22,23,22,21,40,22,54,20,23,24,37,21,22,64,67,22,53,47,16,23,20,23,22,15,40,24,35,43,23,14,22,37,22,22,23,131,19,49,50,21,26,63,29,24,44,19,29,22,26,14,33,26,16,32,33,12,25,25,15,21,24,20,23,19,54,23,28,34,16,23,24,32,25,22,16,44,17,13,59,10,54,35,32,38,42,20,48,24,16,16,51,18,26,27,37,66,15,22,14,39,42,22,103,18,16,38,54,28,31,33,23,29,37,37,23,23,24,43,32,19,40,26,36,43,33,15,21,23,15,56,22,19,15,91,29,17,31,35,1,29,30,39,18,18,39,23,24,43,43,22,23,23,33,31,36,86,43,28,31,26,35,23,35,11,31,23,29,23,37,35,23,28,23,44,41,37,35,43,45,30,23,23,59,33,25,21,14,27,34,21,50,36,23,29,21,24,15,22,18,18,18,16,23,26,24,22,20,45,30,25,12,26,18,28,16,29,25,10,13,22,31,24,106,21,45,18,19,42,33,19,23,16,23,15,20,28,18,18,22,16,17,17,26,40,23,22,18,41,22,14,21,90,13,30,32,16,27,21
14,97,40,33,8,19,29,32,37,21,16,45,32,21,41,27,41,28,9,21,7,39,11,25,11,41,44,14,19,27,10,9,13,17,69,11,18,33,45,15,39,11,16,49,25,17,10,17,13,18,6,36,21,55,33,40,24,27,47,15,15,33,42,11,27,65,14,20,33,12,11,12,29,20,38,40,38,9,61,19,9,22,9,9,24,25,29,50,10,19,0,9,20,20,9,39,8,61,14,31,13,42,22,13,67,73,12,52,47,17,29,26,15,9,20,43,22,31,45,14,23,15,34,10,10,11,134,20,53,51,10,22,61,32,14,45,19,27,10,13,17,32,29,10,32,32,20,18,12,20,20,30,24,14,25,54,22,25,34,19,21,13,37,20,12,28,43,10,18,57,22,47,35,38,46,44,8,47,11,19,13,47,12,28,29,37,67,18,12,23,38,42,9,104,18,12,40,58,31,31,34,11,29,40,37,14,25,13,46,34,18,43,24,31,46,38,21,22,15,17,53,25,15,17,90,31,22,30,32,19,35,29,41,19,15,40,27,20,44,43,18,15,21,32,28,34,92,43,31,31,28,37,21,39,21,34,14,35,23,37,39,11,35,12,41,38,36,38,41,44,34,29,13,54,33,19,11,12,31,37,20,56,36,21,27,11,13,19,12,19,20,18,12,12,27,12,11,4,47,35,26,21,26,19,27,17,33,21,14,25,12,30,19,108,20,42,15,11,38,29,30,12,21,10,17,17,27,21,19,20,25,13,12,13,38,10,12,19,38,8,23,24,90,21,28,30,16,28,12
10,95,39,33,2,19,38,33,37,20,13,42,35,21,40,27,39,23,11,15,12,40,8,22,14,38,41,15,19,23,6,11,11,19,68,9,20,35,47,13,41,6,13,51,23,13,7,15,7,15,10,37,20,58,35,40,23,25,47,6,13,33,46,6,28,64,15,19,32,9,10,4,28,18,34,38,34,11,64,22,8,28,5,8,26,28,32,49,8,22,9,0,23,20,7,40,6,61,8,27,6,39,21,10,69,74,2,51,50,13,33,21,5,7,21,45,24,33,45,7,23,11,38,9,9,2,133,17,53,50,3,22,62,34,8,44,20,26,7,10,20,29,31,12,32,34,17,18,5,20,23,27,26,7,26,56,23,27,34,15,26,7,37,19,6,31,47,11,15,60,24,49,33,39,47,41,7,46,6,16,14,47,7,27,28,40,68,17,6,23,40,44,12,105,16,12,37,61,28,33,31,8,31,37,35,7,20,6,45,34,20,41,25,35,45,34,19,22,18,14,57,24,13,18,89,31,21,33,34,22,35,32,40,15,15,38,27,19,41,44,21,5,18,33,32,39,92,42,31,31,30,39,23,42,21,35,4,35,21,35,42,8,35,9,41,35,33,35,40,40,37,29,2,55,36,20,2,12,31,35,21,57,35,22,28,13,6,16,6,17,17,18,11,15,29,14,10,8,45,36,25,17,24,20,31,15,31,25,18,25,3,33,22,105,15,44,14,13,43,28,31,10,23,11,14,17,27,22,16,18,26,7,13,11,39,1,4,16,40,3,25,24,91,21,28,32,15,30,8
24,97,42,34,22,16,38,33,37,21,24,42,34,18,39,25,40,25,20,23,21,38,23,31,15,37,36,18,17,25,23,21,19,13,70,22,20,36,46,17,46,23,21,50,26,22,23,19,25,21,21,38,21,54,38,43,20,26,45,26,22,27,41,22,29,62,18,23,37,20,23,21,29,22,38,39,38,17,60,23,22,24,21,21,27,28,34,52,21,23,20,23,0,18,23,38,21,59,23,31,25,42,21,18,65,74,22,48,45,19,30,19,26,22,22,40,17,31,43,23,16,22,37,22,22,22,136,22,53,49,21,24,60,33,23,47,24,26,20,27,19,31,29,21,30,34,23,29,25,15,25,29,19,24,29,46,26,27,33,22,19,25,37,26,23,31,35,22,18,54,25,46,31,37,45,43,22,48,24,21,14,49,19,17,28,39,67,19,22,21,35,41,24,103,21,18,34,57,27,27,31,23,26,42,38,24,24,25,44,33,18,41,25,34,47,39,16,20,20,19,53,26,24,23,88,28,22,34,33,19,31,31,41,23,19,40,26,21,38,42,24,26,20,31,31,39,90,38,30,28,28,31,17,38,26,33,26,31,18,40,40,23,33,20,42,39,35,35,40,42,36,31,24,56,35,17,21,19,32,40,28,57,42,24,28,18,25,18,23,24,22,22,16,21,27,22,24,22,46,35,23,21,25,23,31,21,30,28,25,25,23,29,24,108,16,42,18,24,42,31,32,21,15,20,18,23,25,22,21,24,23,26,19,26,38,24,23,24,42,23,25,24,87,21,25,35,22,28,24
24,91,40,29,17,16,33,28,36,18,17,44,29,19,36,23,34,21,18,7,22,34,19,28,21,37,39,18,21,21,19,13,18,21,65,21,20,34,39,17,44,21,16,41,26,13,17,19,22,15,17,29,20,51,37,38,21,21,44,20,22,26,40,21,29,63,18,21,33,19,18,19,26,14,33,36,33,17,62,22,22,26,20,21,24,26,25,42,21,22,20,20,18,0,17,35,20,58,17,26,22,33,17,20,66,69,22,49,47,19,29,22,20,20,17,36,17,31,38,22,20,19,35,21,21,22,133,12,47,50,19,24,60,26,24,41,23,22,21,23,22,26,27,16,28,34,17,23,23,22,21,22,25,24,28,55,22,27,27,19,20,22,30,22,22,26,45,15,17,54,21,48,30,30,41,39,15,47,22,18,20,45,20,22,23,33,63,16,19,24,36,37,18,98,18,19,37,58,20,29,26,19,30,37,36,24,20,22,44,27,18,38,22,28,43,36,16,23,23,19,53,22,17,22,85,21,23,27,35,21,28,25,36,17,19,34,25,23,38,42,22,20,17,33,28,37,92,40,29,27,25,36,20,34,18,27,20,28,19,38,36,19,33,21,37,36,32,35,38,35,33,22,22,54,33,14,21,18,29,38,24,49,35,19,28,21,22,18,22,22,21,17,16,17,24,20,20,20,43,28,15,18,17,15,25,23,30,29,24,23,22,25,18,101,16,39,20,14,39,23,26,14,22,22,20,17,23,18,23,17,18,21,18,24,35,21,21,18,40,19,27,21,86,17,25,36,20,25,23
10,97,40,33,8,20,39,32,38,21,15,43,35,18,40,26,40,25,9,16,7,37,9,25,13,41,42,15,20,26,4,11,12,20,66,7,20,36,48,13,39,7,15,48,24,15,6,14,8,17,10,37,20,57,34,41,24,26,48,8,15,36,46,7,28,65,15,21,33,13,11,7,27,19,35,39,35,10,61,21,9,29,6,7,27,27,31,51,7,21,9,7,23,17,0,39,8,60,6,29,8,40,22,12,67,72,9,52,50,14,33,23,8,5,18,47,25,34,47,7,23,13,40,11,7,7,132,14,52,51,5,23,62,28,11,45,21,27,10,16,20,30,32,12,32,32,18,17,7,22,23,28,25,10,28,56,25,25,35,15,23,8,36,20,7,31,47,8,16,57,24,51,32,38,46,43,6,47,7,16,14,49,8,26,27,35,68,14,7,19,40,42,12,107,16,13,39,57,29,33,31,9,30,39,38,10,19,8,46,34,17,41,26,34,46,38,20,19,17,13,58,24,14,20,89,30,19,33,33,21,35,29,40,16,16,39,29,21,43,43,23,8,19,33,33,36,93,44,28,28,27,38,25,39,22,34,7,35,24,37,43,9,35,8,40,35,32,37,41,44,35,26,5,57,36,20,6,11,32,37,20,56,37,19,28,10,8,16,7,16,16,18,12,14,27,12,8,8,44,33,22,18,23,15,25,18,32,25,17,26,7,28,24,106,17,45,15,14,42,28,30,9,23,11,15,18,26,19,18,18,26,11,12,13,37,8,6,16,41,6,29,22,90,18,29,33,18,29,7
41,98,42,38,42,36,36,26,43,38,37,46,39,38,40,25,38,40,37,32,38,38,40,47,38,39,44,36,38,41,41,38,33,35,74,41,41,42,46,34,49,41,36,52,44,32,41,33,40,37,40,32,35,55,44,47,39,33,49,40,43,37,45,41,42,72,36,42,41,39,36,41,38,39,38,40,38,34,68,40,40,36,40,41,37,38,35,43,40,40,39,40,38,35,39,0,41,64,42,40,40,34,37,41,74,78,42,57,53,34,46,38,40,39,36,41,37,40,43,41,39,39,44,41,40,40,136,33,52,43,40,43,64,35,42,45,41,30,40,40,37,36,39,39,44,31,38,26,40,38,41,39,40,42,44,62,43,37,44,35,37,40,39,38,40,40,51,35,35,64,40,53,45,30,47,45,38,57,41,35,36,55,37,40,34,32,67,35,40,37,41,49,41,105,33,35,46,59,37,41,42,40,38,44,41,42,44,40,54,44,36,43,39,31,48,45,40,37,42,32,58,36,33,38,88,37,38,33,40,39,38,40,39,36,36,42,36,42,47,48,40,40,41,45,43,41,95,47,35,36,25,38,44,36,39,42,40,38,39,46,39,40,38,41,43,50,30,43,35,38,39,37,40,62,44,31,40,32,37,46,41,57,40,41,46,41,40,37,40,35,37,40,35,40,27,44,43,40,45,37,34,38,31,29,38,36,41,43,38,41,40,31,40,109,38,48,34,41,39,40,41,41,41,42,33,40,25,32,35,38,38,41,33,41,44,40,39,35,47,39,45,34,96,37,34,38,36,29,40
10,97,39,33,4,19,38,31,38,23,15,45,31,20,44,27,42,23,8,18,10,41,9,25,11,41,42,14,18,23,1,11,14,17,66,8,16,32,47,12,40,6,11,50,25,16,8,14,8,18,9,37,21,58,35,44,23,27,47,9,11,30,48,8,28,64,14,21,33,7,9,5,28,20,39,37,39,10,63,22,8,27,4,8,26,27,32,50,6,22,8,6,21,20,8,41,0,62,11,28,8,40,21,8,69,73,7,51,51,14,32,24,9,6,19,46,24,30,45,9,22,10,39,9,8,7,135,20,51,51,3,21,60,33,6,45,24,26,6,10,18,31,31,12,31,33,17,17,7,22,24,29,24,5,28,56,20,27,34,18,24,8,37,21,7,32,47,14,15,59,25,47,34,38,46,43,9,46,7,17,12,45,7,27,29,40,68,16,6,23,40,44,12,106,17,12,38,61,28,31,30,9,28,37,36,5,22,8,45,35,18,42,23,35,46,37,19,20,14,14,56,27,12,19,90,29,22,34,36,22,35,31,40,17,16,36,29,21,42,41,18,9,17,33,35,36,92,42,31,31,29,38,23,43,24,35,8,35,23,33,42,9,35,8,39,36,31,37,42,40,36,30,8,53,34,20,6,12,30,33,23,58,35,21,29,12,8,16,7,19,17,18,10,12,27,10,5,6,43,37,25,17,24,20,30,18,31,23,19,25,7,33,23,105,15,44,14,14,43,32,31,6,21,13,17,19,27,24,18,18,27,10,12,14,38,7,8,18,41,6,27,25,88,21,28,28,17,32,10
63,93,53,59,61,58,55,68,63,55,64,52,66,59,62,59,58,60,60,61,62,56,63,63,60,67,69,60,59,64,62,59,60,60,67,62,59,62,59,59,68,61,62,62,59,55,60,61,63,62,60,60,62,64,65,61,53,62,57,63,63,59,54,62,56,67,60,61,67,60,62,61,56,61,64,63,63,61,71,54,61,62,61,61,57,57,63,67,61,54,61,61,59,58,60,64,62,0,60,57,63,65,58,59,67,82,62,66,55,61,62,63,63,61,60,66,57,64,54,63,60,62,64,62,62,62,129,59,53,52,60,65,57,56,65,54,58,60,62,63,60,63,65,60,57,68,61,62,64,57,61,55,60,64,62,56,63,60,59,60,62,63,56,60,62,52,58,60,61,68,57,58,58,62,59,58,59,68,62,59,59,59,60,58,55,64,70,60,63,63,62,61,60,111,61,59,60,56,59,55,60,63,66,69,67,64,64,63,72,54,59,56,64,61,59,60,59,60,63,61,60,60,64,64,97,62,57,60,60,55,56,61,57,61,60,64,64,61,67,65,64,63,60,60,65,61,91,67,62,59,57,61,58,59,57,54,62,56,65,63,58,63,61,61,58,65,66,58,56,61,63,55,63,54,65,60,61,60,64,63,58,55,62,64,61,60,63,60,62,59,59,60,60,61,57,60,60,61,65,55,62,61,59,63,60,59,56,60,57,55,62,59,63,110,60,63,60,59,61,63,59,59,57,62,60,65,59,55,59,59,55,62,60,64,67,62,62,62,67,62,62,58,100,58,62,65,62,61,63
14,98,44,34,13,19,34,33,41,22,15,42,34,24,43,29,42,25,12,17,9,40,13,28,14,43,47,16,21,27,9,8,14,19,67,13,20,34,47,17,38,14,15,50,23,15,7,18,13,18,7,38,20,55,31,46,24,25,48,12,15,35,47,12,32,69,16,14,33,14,9,12,28,20,38,42,38,16,62,20,14,26,10,13,25,26,34,51,12,20,14,8,23,17,6,42,11,60,0,32,13,40,23,11,68,74,14,49,50,18,33,28,12,12,20,49,25,33,45,15,26,13,40,12,14,11,134,14,47,51,10,19,59,31,15,46,23,27,14,10,21,29,29,8,26,34,18,19,14,21,24,31,28,15,30,56,20,28,35,20,25,13,36,24,13,28,47,10,17,58,22,51,32,39,48,43,10,43,13,18,17,49,13,28,27,41,67,20,12,26,42,45,8,105,19,14,37,57,29,34,29,13,32,44,40,15,18,15,49,35,22,41,25,36,48,31,19,22,17,18,55,24,14,22,91,30,25,31,34,21,37,29,41,19,16,39,32,14,45,43,26,12,18,30,33,39,93,44,33,30,29,39,17,46,28,35,11,37,25,34,42,13,37,12,39,33,36,38,41,43,34,33,16,50,31,23,12,14,32,34,22,57,32,18,28,11,15,17,13,21,19,17,15,14,28,8,6,14,45,36,25,18,25,17,27,18,32,25,17,24,13,30,24,107,16,45,18,14,40,28,28,8,24,12,15,23,29,21,18,21,25,13,14,16,35,9,14,20,41,14,28,23,89,25,30,30,19,30,14
32,96,31,17,28,25,36,31,33,26,29,44,31,25,34,24,32,28,30,23,32,34,31,35,30,39,39,29,28,25,31,29,28,28,63,30,30,34,40,25,47,30,26,42,29,25,30,27,31,26,29,30,31,50,40,40,24,24,43,31,31,29,39,29,30,57,29,32,39,29,31,28,27,27,28,26,28,28,60,23,31,27,29,29,30,29,29,52,30,23,31,27,31,26,29,40,28,57,32,0,30,36,20,29,63,71,28,51,50,27,29,31,30,30,27,28,27,31,43,31,28,28,42,31,30,29,127,22,43,50,27,32,61,30,30,40,26,22,31,30,31,26,33,30,30,33,30,30,30,27,31,25,31,29,30,51,26,30,27,23,25,31,33,25,31,26,45,28,26,58,25,49,28,34,36,43,29,49,28,19,27,48,29,27,20,33,59,25,31,30,34,40,29,100,25,27,31,49,25,25,32,29,31,42,37,29,33,30,48,27,29,29,30,35,42,37,21,31,29,26,55,27,29,30,82,25,27,33,34,23,28,32,28,26,30,34,30,32,39,45,33,30,29,37,33,32,90,42,30,32,25,37,28,32,30,28,30,28,29,39,34,29,32,30,33,40,38,37,32,40,35,29,28,54,39,21,29,28,32,39,30,47,38,32,37,30,30,30,31,21,25,28,27,31,27,32,31,31,38,32,22,30,23,29,32,20,29,33,27,28,30,26,32,104,27,36,28,28,42,34,29,29,26,29,27,28,24,29,21,19,23,30,29,29,41,30,30,27,42,28,30,25,85,20,21,33,29,19,32
8,98,42,36,7,22,40,34,38,20,14,44,35,22,41,28,41,28,12,16,13,40,9,25,16,37,40,17,21,27,8,15,13,20,71,3,22,37,49,16,43,7,15,52,26,16,5,14,2,16,14,41,24,60,36,41,26,27,50,9,16,37,48,3,30,67,17,17,37,13,13,4,29,20,33,39,33,13,66,24,12,30,7,5,28,30,34,53,10,24,13,6,25,22,8,40,8,63,13,30,0,42,24,12,70,77,6,55,52,14,36,24,7,6,24,48,26,31,49,2,26,14,37,11,5,7,135,19,56,53,5,20,63,34,9,47,23,28,10,13,22,32,34,14,34,33,22,18,3,22,24,30,28,5,30,58,24,28,37,17,26,3,39,18,4,33,49,15,18,62,26,53,34,40,50,45,11,50,2,18,15,51,11,30,31,39,71,18,10,24,43,47,14,107,18,14,38,62,32,35,34,9,32,36,34,5,25,1,46,35,20,43,26,37,48,38,24,24,18,16,59,26,14,20,89,32,21,35,35,24,35,33,42,17,17,41,26,17,40,44,22,7,20,36,32,42,95,41,33,33,30,41,27,43,25,37,7,35,22,39,44,9,38,5,42,38,36,39,43,43,39,30,5,59,38,22,4,13,34,39,24,58,40,25,32,15,1,20,4,17,22,22,13,16,28,17,13,12,48,37,24,22,26,17,33,17,34,26,20,28,3,30,23,108,17,47,14,16,44,32,34,14,24,12,16,18,28,23,18,20,28,12,12,9,41,5,5,17,38,4,28,26,92,22,30,32,17,32,6
43,97,41,33,42,37,37,36,47,41,37,46,32,41,37,33,44,37,40,31,40,41,40,43,44,44,46,39,42,38,41,41,36,42,67,42,40,43,39,37,53,39,34,45,41,35,40,37,42,38,38,34,41,51,49,43,40,34,48,43,42,34,35,42,39,61,39,44,40,40,36,40,40,36,41,42,41,38,64,35,42,40,38,42,34,41,36,43,41,37,42,39,42,33,40,34,40,65,40,36,42,0,35,42,61,67,41,52,54,37,40,41,43,41,34,47,36,40,37,43,37,37,44,38,42,38,132,33,47,50,38,44,59,35,43,46,44,29,42,43,40,35,38,40,38,38,38,43,41,35,43,40,45,43,41,56,41,38,38,40,40,42,41,43,43,33,40,35,39,56,33,50,42,33,41,31,39,55,42,39,40,50,39,37,32,32,63,40,40,40,44,46,36,99,37,39,47,58,36,34,39,40,40,47,46,43,43,42,48,43,38,40,42,38,49,43,42,40,41,37,57,35,34,40,85,32,42,35,45,37,40,42,36,37,38,32,40,44,46,52,43,43,38,42,42,39,89,45,32,35,34,36,39,39,44,42,43,40,38,41,31,40,34,41,41,46,34,38,28,33,39,39,40,52,41,33,43,37,35,41,40,51,38,36,44,39,42,40,43,42,44,40,38,38,34,42,42,42,39,39,34,40,35,33,39,41,40,38,39,36,43,35,43,106,35,43,38,43,40,41,40,39,46,38,37,39,33,37,41,37,33,41,37,44,40,39,42,38,47,39,41,30,89,39,36,39,37,32,42
25,97,35,23,22,15,35,29,34,23,21,43,33,17,36,23,34,22,21,18,23,35,23,29,20,40,39,22,17,23,23,21,22,20,67,24,23,33,42,16,42,20,21,44,23,18,23,18,24,18,21,33,24,52,36,43,22,22,43,25,23,29,43,24,25,56,22,25,32,21,21,21,23,19,34,35,34,22,60,21,22,26,22,23,25,26,32,45,23,21,22,21,21,17,22,37,21,58,23,20,24,35,0,22,61,70,23,49,44,18,27,20,25,22,15,38,17,31,44,25,14,22,36,22,24,23,134,20,46,50,20,26,60,27,26,40,23,21,23,26,21,26,23,20,30,30,16,27,25,21,22,24,23,25,23,53,26,22,26,17,19,24,32,23,24,26,46,18,17,55,20,50,30,34,42,43,20,47,23,15,16,45,22,20,20,34,65,14,22,19,35,38,22,102,15,18,35,59,22,26,28,23,26,40,38,25,17,24,46,27,16,38,27,30,42,39,14,22,24,18,53,23,21,21,87,25,20,30,33,21,32,29,35,20,22,34,24,25,40,41,22,25,21,31,28,35,89,43,26,29,26,33,21,39,19,26,25,32,16,36,40,23,30,22,41,36,34,37,36,39,34,31,23,57,33,17,23,21,26,37,24,51,34,20,31,23,24,21,24,18,17,21,22,23,25,24,23,23,45,31,13,14,24,20,29,18,32,25,25,23,24,30,24,105,23,37,20,22,41,31,21,21,21,23,21,20,23,17,18,22,16,25,21,26,36,22,23,20,42,21,22,20,92,19,23,34,20,25,25
14,98,40,31,10,22,37,33,38,15,15,42,33,21,42,27,40,23,10,16,11,36,10,22,10,39,42,13,15,23,9,9,10,17,68,10,18,31,42,14,41,7,12,47,24,14,11,15,12,17,11,35,20,60,35,38,22,26,46,11,14,30,45,10,29,66,13,20,31,7,9,8,29,18,35,36,34,13,63,23,10,23,5,10,25,28,34,52,8,22,13,10,18,20,12,41,8,59,11,29,12,42,22,0,66,72,11,51,47,15,33,27,11,10,19,49,20,35,42,11,22,11,38,4,11,8,132,20,52,50,9,23,59,32,12,45,21,24,7,14,19,28,31,14,32,36,19,20,13,19,24,28,23,12,30,49,24,27,33,18,23,12,34,20,11,31,40,12,17,59,24,46,33,39,47,43,10,45,10,19,16,48,10,27,26,37,67,17,8,20,41,44,13,105,17,13,38,59,29,29,32,10,28,40,36,12,20,12,49,35,18,40,26,34,45,35,19,23,15,15,56,25,13,19,90,30,19,36,31,22,36,32,38,16,13,40,29,20,41,42,23,11,18,32,30,36,90,44,30,30,28,34,22,39,24,35,10,36,22,32,40,10,35,8,43,36,33,33,40,41,36,27,9,56,33,19,10,12,29,32,24,53,37,22,26,9,12,16,11,17,18,21,10,14,27,14,12,11,44,32,24,20,24,19,29,16,31,26,18,26,11,34,22,106,11,45,15,10,45,29,32,8,16,13,13,18,27,20,16,20,26,14,12,12,38,8,10,15,39,10,29,24,87,20,27,32,14,30,14
70,97,63,60,68,64,63,67,75,65,67,66,64,66,68,63,68,66,62,66,69,59,71,69,65,67,72,66,65,69,68,67,66,65,66,69,66,65,59,66,72,69,66,54,70,62,66,65,70,68,68,57,67,63,72,65,65,67,63,70,70,58,57,69,67,53,66,70,66,63,66,68,59,67,66,69,65,66,69,65,67,64,68,68,65,66,67,60,68,64,67,69,65,66,67,74,69,67,68,63,70,61,61,66,0,66,69,65,64,68,63,68,70,67,64,67,64,67,63,70,66,67,67,68,68,69,132,65,59,71,66,68,57,56,72,63,66,63,68,69,66,66,64,67,67,72,66,73,70,65,60,69,63,70,66,60,70,65,61,68,63,70,58,71,69,67,56,63,64,63,67,56,69,61,64,61,66,75,69,67,65,60,67,66,63,62,63,67,70,66,63,65,67,103,65,66,73,67,68,61,66,71,65,72,65,70,69,70,67,67,66,66,64,64,72,71,64,63,71,67,57,67,66,68,88,68,65,66,66,66,67,64,58,68,66,60,69,70,65,62,65,70,69,68,66,61,83,64,63,66,64,62,68,60,64,66,69,67,68,72,61,71,62,68,59,68,68,65,56,59,67,67,70,60,68,66,68,64,66,71,66,54,70,68,70,65,70,64,69,68,67,63,66,69,64,68,68,68,64,58,65,65,67,65,69,65,71,65,69,65,69,64,67,109,67,59,68,67,59,67,68,67,63,69,64,70,63,61,67,68,64,71,67,72,66,70,68,69,70,69,67,63,95,67,62,72,66,63,69
76,97,72,66,74,69,73,68,78,72,69,81,58,70,72,63,72,66,71,68,76,67,75,72,75,79,82,69,73,70,73,74,69,72,74,75,76,70,67,71,70,74,66,69,75,66,70,72,77,73,73,67,77,68,79,74,70,71,72,77,74,67,72,75,70,67,69,75,65,72,68,72,72,72,74,70,74,71,66,69,72,72,72,74,76,71,71,75,75,67,73,74,74,69,72,78,73,82,74,71,77,67,70,72,66,0,73,70,64,73,69,72,77,74,61,79,65,76,70,76,70,70,79,72,74,73,130,69,66,74,72,79,71,64,77,69,73,61,75,78,72,67,71,73,73,78,69,77,78,67,73,72,72,76,71,78,74,69,68,72,70,77,68,75,76,72,72,71,69,73,70,69,74,61,63,71,73,84,76,71,75,74,73,69,68,65,65,71,74,63,61,69,75,95,69,73,76,71,66,66,72,75,75,80,82,76,74,77,83,70,70,71,76,69,75,76,67,69,76,71,72,74,67,73,78,68,75,75,75,69,67,72,71,72,69,67,75,75,80,72,79,77,73,75,75,67,90,81,76,71,68,68,73,68,76,66,77,67,71,73,68,75,68,74,68,81,73,71,65,65,71,68,76,77,74,66,75,69,63,72,73,61,74,72,76,72,77,69,76,72,69,72,71,74,68,73,73,74,66,70,66,69,69,68,73,70,70,76,70,69,76,69,77,109,70,71,73,69,70,71,73,72,75,75,71,72,62,66,71,71,66,75,70,79,68,75,75,72,81,74,72,70,98,67,64,76,70,64,75
10,98,42,33,4,21,38,32,37,20,11,42,33,20,40,28,40,25,9,17,11,40,8,26,13,38,43,15,19,22,4,14,13,16,68,7,20,35,48,14,41,6,12,51,23,16,7,13,7,17,12,39,23,58,36,41,23,25,47,7,13,34,47,6,28,66,15,18,33,12,10,4,30,18,35,37,35,10,64,22,8,26,3,7,27,28,34,51,7,22,12,2,22,22,9,42,7,62,14,28,6,41,23,11,69,73,0,51,50,13,32,21,6,3,21,48,24,28,46,7,22,12,36,8,8,2,134,20,53,50,4,21,61,35,5,45,25,26,10,9,20,29,31,13,31,33,19,16,6,20,26,29,25,2,29,56,22,27,34,15,27,7,38,19,5,32,47,15,17,60,25,50,32,39,47,42,11,48,6,17,15,48,7,27,29,41,68,16,9,23,40,44,13,105,17,14,37,60,30,33,34,9,30,39,35,2,22,6,47,35,20,41,24,36,45,33,21,23,17,14,57,25,11,20,89,30,22,34,37,22,34,31,41,15,15,38,29,18,41,43,20,6,17,34,32,39,92,44,32,32,30,39,24,43,26,35,7,34,22,36,43,9,35,8,42,35,34,36,41,40,37,31,7,56,36,22,4,13,31,36,24,57,37,23,31,14,6,18,5,17,19,20,10,15,28,16,12,10,45,36,24,19,26,20,32,14,31,25,19,26,4,33,22,107,16,44,15,14,44,33,31,12,22,9,14,18,28,24,15,19,27,14,12,13,39,6,5,15,39,5,28,25,91,21,28,29,14,30,8
54,99,49,45,51,42,47,51,57,50,51,55,49,50,50,48,53,50,50,47,54,50,53,57,50,58,61,50,51,48,51,50,51,51,72,52,53,56,60,45,59,52,46,54,37,49,51,46,55,52,47,54,52,51,41,50,44,45,57,56,51,52,56,52,52,64,50,51,44,50,49,50,47,52,52,53,52,51,53,53,48,48,49,50,53,53,54,55,52,53,52,51,48,49,52,57,51,66,49,51,55,52,49,51,65,70,51,0,55,47,50,56,56,51,50,59,53,52,51,54,46,48,57,50,51,50,126,47,44,58,49,59,66,51,54,52,50,48,51,57,49,47,44,47,54,53,49,54,56,49,54,52,48,54,56,59,50,51,43,50,48,55,51,54,53,48,53,49,47,42,51,49,50,48,35,50,50,59,53,48,48,54,50,46,45,47,52,49,52,51,39,42,51,90,49,50,55,46,44,48,45,53,52,63,55,54,54,55,64,40,50,49,50,52,58,46,49,47,48,45,60,49,51,52,92,49,54,48,57,53,51,51,51,51,51,49,57,51,61,46,57,56,47,47,57,55,90,62,47,52,53,52,49,51,55,38,56,51,54,53,52,53,54,50,52,53,48,53,53,57,48,49,53,54,53,51,52,50,56,53,52,57,56,51,48,50,55,48,53,52,47,49,50,53,53,49,53,51,50,50,50,46,51,51,52,47,49,56,55,55,53,51,52,113,50,45,52,50,47,49,50,47,51,53,51,55,48,50,46,52,52,54,51,58,58,52,53,51,56,51,55,50,98,52,43,52,46,53,53
51,95,50,42,50,44,45,44,51,47,47,46,45,46,45,41,45,49,47,47,51,44,52,55,44,55,59,40,35,51,51,50,42,43,65,50,50,44,45,46,55,50,47,48,53,44,49,45,52,52,49,44,53,58,53,51,46,49,47,52,51,32,40,50,51,61,40,53,49,48,47,49,48,45,49,45,48,44,45,45,49,44,49,49,48,48,46,40,47,47,47,50,45,47,50,53,51,55,50,50,52,54,44,47,64,64,50,55,0,48,47,53,52,49,48,50,36,48,43,51,43,47,49,49,49,50,134,48,52,54,45,53,60,40,51,43,49,40,49,54,38,46,48,49,54,47,46,54,51,42,47,50,44,52,50,47,51,49,40,46,37,52,43,49,50,48,43,48,45,47,45,51,49,40,46,46,48,51,51,47,44,49,43,42,45,43,64,48,51,48,43,46,50,101,48,38,54,60,46,35,50,52,28,54,51,52,51,52,53,45,38,47,49,49,51,55,47,48,51,47,60,47,49,49,85,43,46,51,49,43,45,47,49,51,40,50,51,53,57,54,50,52,46,51,42,42,90,53,51,50,43,33,52,43,49,44,51,45,47,53,44,52,46,49,52,57,44,50,43,45,50,43,52,57,51,45,49,42,48,52,51,50,53,44,53,46,52,39,50,44,46,48,42,51,43,52,52,48,51,44,48,51,49,47,51,48,47,51,48,50,50,44,51,110,49,41,43,48,48,49,50,50,44,49,39,52,41,41,45,49,48,48,43,55,44,51,50,49,56,50,50,47,97,47,42,53,51,43,50
17,96,40,28,16,10,38,29,35,20,13,44,34,8,37,21,33,23,15,15,16,37,13,30,13,38,39,12,16,23,16,13,11,13,69,15,20,34,48,2,41,12,13,46,20,14,16,1,16,14,13,38,25,54,35,44,22,22,45,16,17,35,46,14,28,63,12,19,36,15,13,13,26,16,31,33,31,11,62,16,16,26,14,15,28,25,31,50,16,16,17,13,19,19,14,34,14,61,18,27,14,37,18,15,68,73,13,47,48,0,28,18,14,13,16,39,22,30,46,15,14,13,36,15,15,13,133,18,46,51,12,19,63,32,15,42,20,23,17,16,16,30,22,15,26,29,13,17,14,14,23,25,24,15,26,54,24,24,29,7,26,16,35,14,16,27,45,11,6,58,21,50,30,34,44,43,14,49,12,6,6,50,13,18,26,36,65,6,15,22,31,41,14,99,10,9,36,60,25,31,34,14,28,37,33,15,25,14,44,27,14,37,25,34,43,35,19,25,20,2,54,23,11,18,85,25,18,32,33,16,27,34,36,17,12,38,20,19,40,43,20,14,20,36,31,37,91,40,29,29,25,37,24,39,20,29,14,27,16,38,40,14,34,15,41,39,33,36,38,39,35,30,12,56,32,16,15,11,32,38,24,54,38,24,31,12,15,14,16,9,17,21,10,16,23,14,14,15,45,33,21,15,23,16,30,15,28,25,17,26,14,32,24,106,17,35,6,19,43,33,26,13,21,15,8,12,21,20,10,11,23,15,10,19,39,12,14,17,38,15,20,21,91,12,22,33,17,27,17
35,97,40,33,33,24,37,31,40,31,33,42,36,25,35,31,38,31,29,31,34,35,35,35,30,43,46,31,33,31,33,31,32,30,65,33,35,34,45,26,45,33,29,50,32,30,33,28,36,30,31,40,34,53,33,44,29,29,42,37,33,33,42,33,26,63,31,36,29,32,33,31,32,31,40,36,40,32,60,23,34,30,31,32,31,30,33,48,33,23,29,33,30,29,33,46,32,62,33,29,36,40,27,33,63,69,32,50,47,28,0,32,37,33,29,46,29,34,45,35,23,28,40,31,33,32,134,34,53,54,31,37,60,27,36,42,34,31,32,38,31,37,28,33,39,35,31,32,37,30,33,20,28,35,35,54,34,21,30,29,29,36,38,36,34,30,44,30,29,53,28,49,32,35,39,42,33,52,34,28,28,44,32,22,31,40,57,28,34,32,29,35,31,99,30,32,38,54,37,32,38,35,31,43,41,35,33,36,46,31,30,38,28,33,43,40,31,30,36,28,52,34,33,32,84,38,31,33,36,24,28,34,38,30,32,38,35,36,41,42,37,37,33,37,31,28,85,45,34,32,34,40,35,39,37,31,37,28,30,37,41,35,18,32,40,45,38,37,38,44,36,36,35,57,37,29,33,32,28,36,31,57,41,32,36,32,36,31,34,31,33,31,31,29,33,33,33,32,47,36,29,34,34,33,34,31,32,35,29,27,34,32,36,99,31,33,32,32,38,34,33,29,33,31,32,29,31,33,31,31,27,36,32,39,39,34,34,31,44,33,33,33,92,28,33,37,33,34,35
27,100,42,32,22,24,42,35,41,24,17,44,35,26,44,27,38,20,22,18,26,37,18,31,22,38,33,18,21,27,23,27,18,20,70,24,25,36,49,20,46,22,17,52,21,16,27,19,26,13,26,42,26,62,36,43,21,27,48,26,25,30,46,23,33,66,18,22,37,23,18,25,30,25,35,38,35,21,69,20,25,24,26,24,25,32,33,54,25,20,26,21,19,22,23,38,24,63,28,31,24,41,20,27,68,72,21,56,53,18,32,0,22,21,18,41,27,32,50,23,28,20,37,27,25,25,134,21,51,55,26,21,65,35,20,49,14,27,26,22,21,34,31,24,31,34,14,23,24,24,22,31,25,20,17,59,27,25,35,20,25,26,38,12,22,35,48,20,17,63,21,53,37,38,52,43,23,51,23,20,20,50,22,29,28,41,70,21,21,21,46,46,24,104,14,19,37,63,34,33,35,20,30,29,34,20,25,23,44,37,23,44,25,39,48,33,19,27,28,20,60,30,15,24,92,34,22,38,36,20,34,37,44,13,16,44,12,22,40,49,11,22,23,36,31,42,93,38,33,33,32,39,26,40,23,37,22,34,21,42,40,20,42,26,43,44,35,41,45,40,36,33,22,61,39,26,21,19,30,42,29,57,42,26,35,24,25,17,22,20,18,28,18,26,30,23,23,23,50,35,19,14,25,19,30,19,35,32,26,30,20,32,29,109,25,50,18,27,48,34,31,25,24,22,19,17,27,21,20,19,29,25,18,23,39,20,21,14,38,25,17,27,95,26,29,38,15,33,27
12,99,42,36,8,23,41,36,40,20,14,43,36,23,44,30,40,28,12,16,8,41,8,25,15,32,37,16,21,28,9,14,12,21,72,8,22,35,47,16,45,7,15,52,27,15,11,15,9,16,14,41,25,61,37,42,25,28,50,4,17,35,49,7,31,67,16,16,38,13,13,10,30,19,30,37,31,12,67,23,8,31,7,9,28,31,35,54,9,23,15,5,26,20,8,40,9,63,12,30,7,43,25,11,70,77,6,56,52,14,37,22,0,9,24,49,26,28,48,6,27,14,32,9,9,6,135,20,56,54,10,17,64,36,3,48,23,29,10,9,22,34,35,15,35,32,23,18,7,22,23,31,28,4,28,58,25,29,38,17,29,9,39,20,9,34,49,14,21,63,27,53,33,43,51,44,10,50,8,18,17,52,11,31,30,40,72,18,11,24,44,48,11,107,19,13,37,62,34,35,34,12,33,33,29,4,25,6,45,36,20,42,26,38,49,36,25,26,20,16,60,28,14,23,90,34,20,36,35,23,36,36,42,17,16,42,24,16,35,44,20,0,22,36,32,42,96,40,34,32,32,42,27,43,25,36,1,36,21,40,42,12,39,9,44,38,37,40,44,45,37,26,3,60,39,22,8,12,35,40,22,57,41,26,32,16,8,20,9,17,22,22,13,15,30,18,14,11,47,36,26,23,26,17,34,17,33,27,19,29,7,29,25,108,17,48,14,17,46,35,35,14,25,12,16,18,30,23,18,20,30,11,11,7,41,4,8,17,33,8,26,27,92,22,31,33,17,34,10
10,99,42,31,5,21,36,30,38,20,11,43,33,22,42,26,40,23,6,19,9,37,9,25,13,38,41,14,17,26,3,13,12,16,69,7,20,33,42,14,42,3,12,48,26,16,8,13,7,17,13,37,21,57,35,43,23,26,47,10,16,33,45,6,28,66,14,19,35,11,10,5,29,18,36,36,36,9,62,22,8,26,7,7,27,28,33,51,8,22,9,7,22,20,5,39,6,61,12,30,6,41,22,10,67,74,3,51,49,13,33,21,9,0,20,47,23,28,47,7,22,11,38,12,8,2,135,21,52,51,5,19,60,33,6,47,22,24,9,10,18,30,31,12,31,31,19,14,7,21,22,30,26,5,27,55,22,27,34,17,23,7,36,20,6,32,46,10,17,58,25,51,32,37,47,43,8,44,5,17,15,47,8,27,28,39,68,18,10,23,40,44,9,105,16,12,38,59,29,31,33,7,28,35,33,5,22,6,42,34,18,41,21,30,46,35,21,23,15,14,55,26,11,20,89,29,19,31,36,22,36,29,40,16,14,38,26,19,41,44,18,9,20,34,30,37,92,41,30,31,28,37,22,42,24,35,8,36,23,37,41,7,35,7,41,40,33,39,39,41,36,32,6,57,36,21,5,12,31,37,26,54,38,22,32,11,6,17,6,17,19,20,8,16,26,13,9,8,44,33,24,19,26,19,31,16,32,24,19,25,5,27,20,107,17,44,13,12,39,31,31,13,23,8,15,19,26,23,17,17,26,14,11,13,38,5,2,17,38,6,26,24,89,22,26,29,16,28,8
23,98,36,25,21,15,36,26,40,22,17,40,23,14,41,22,42,17,18,19,21,37,23,26,19,40,43,16,18,22,19,18,16,18,64,22,18,31,46,14,39,20,16,41,25,16,17,16,24,18,19,34,17,51,37,44,23,21,39,24,22,29,46,22,23,63,16,16,28,19,16,20,23,16,37,36,37,19,58,15,18,25,20,21,25,21,32,47,21,15,20,21,22,17,18,36,19,60,20,27,24,34,15,19,64,61,21,50,48,16,29,18,24,20,0,37,18,35,44,23,13,19,38,21,22,21,133,17,39,51,20,22,61,23,24,44,23,21,22,25,16,32,22,19,29,28,14,23,24,16,23,26,15,23,14,54,24,26,34,19,21,24,32,17,22,23,45,19,11,58,19,49,35,32,39,42,17,46,23,18,18,47,18,15,26,31,65,18,22,12,37,37,19,99,16,18,38,57,30,28,27,23,28,39,36,23,22,24,45,32,14,36,26,31,45,37,17,24,21,16,58,22,19,15,88,31,23,31,34,17,31,30,34,18,16,31,26,21,44,45,22,24,20,33,31,37,87,41,26,30,26,37,19,41,18,32,24,31,18,35,34,23,31,20,40,40,29,38,38,38,30,31,23,57,26,18,21,17,24,35,24,53,35,22,30,20,24,13,22,17,12,19,18,20,24,17,17,20,43,32,22,13,24,17,32,16,35,27,21,18,22,29,23,104,20,40,18,16,40,26,18,17,21,21,17,21,22,19,16,16,15,19,17,26,32,22,21,19,40,19,16,18,90,21,25,32,18,23,24
48,106,43,35,47,35,43,38,37,46,46,46,39,42,42,34,41,41,42,40,44,43,47,53,44,50,49,39,41,39,46,46,40,35,68,47,41,45,51,39,48,48,42,54,47,37,48,39,46,44,46,38,45,62,46,43,44,43,55,49,47,43,44,48,43,66,39,47,46,46,41,49,39,47,40,37,40,41,72,40,43,38,48,45,43,46,35,55,45,40,43,45,40,36,47,41,46,66,49,28,48,47,38,49,67,79,48,59,50,39,46,41,49,47,37,0,40,42,51,48,43,45,48,49,48,48,140,38,49,56,47,49,62,37,49,51,35,35,47,50,43,23,47,44,42,36,36,44,50,43,41,37,46,48,42,57,48,42,34,40,41,49,38,44,45,38,50,42,43,66,44,58,34,40,51,47,43,52,49,40,41,49,43,43,26,41,73,40,45,46,36,43,49,106,44,40,34,65,22,34,38,45,42,44,50,48,46,49,47,37,41,47,46,41,57,42,45,51,50,39,67,41,44,44,100,23,47,39,51,40,30,50,46,44,39,36,42,47,51,56,47,49,47,51,45,49,97,48,45,44,23,42,47,42,47,37,49,30,37,49,41,45,48,48,42,38,33,51,43,42,37,39,48,64,42,38,47,40,47,49,46,57,43,46,50,44,47,37,45,38,44,46,39,46,22,50,48,42,46,41,38,36,41,40,42,38,47,50,46,42,47,41,49,116,47,46,41,48,52,36,44,45,43,50,41,37,34,39,38,39,31,48,40,51,40,48,47,44,50,45,36,42,101,42,37,52,44,33,47
25,96,42,27,25,18,32,26,37,20,19,39,27,23,41,20,40,26,21,20,25,35,25,28,20,37,39,9,10,24,24,25,12,16,68,24,23,30,40,21,47,24,17,46,26,16,25,22,26,26,24,30,24,55,33,41,21,23,42,26,24,26,40,24,30,61,8,27,37,22,17,23,29,20,34,36,33,18,56,24,23,21,23,23,23,30,30,46,21,24,22,24,17,17,25,37,24,57,25,27,26,36,17,20,64,65,24,53,36,22,29,27,26,23,18,40,0,31,44,25,13,19,37,23,24,24,135,20,50,52,23,26,60,25,27,42,21,17,23,26,14,25,26,24,31,29,21,29,27,18,24,30,21,26,28,50,27,25,30,21,19,26,33,24,24,30,40,21,20,50,21,48,33,30,45,44,23,46,25,20,21,48,17,20,23,35,65,22,24,23,33,42,23,97,23,16,38,55,30,19,30,25,20,40,34,26,25,26,46,34,17,38,25,33,45,39,24,19,22,22,54,25,19,23,87,26,21,32,31,24,33,32,31,26,10,34,25,27,40,46,26,26,24,31,27,36,93,42,29,28,23,27,20,36,21,32,25,33,18,35,35,25,33,23,43,41,33,37,34,39,30,27,26,55,35,16,23,13,28,35,29,52,35,25,33,21,26,16,24,21,19,24,12,24,22,25,25,21,44,32,20,24,23,20,29,18,32,24,25,26,24,27,26,103,21,38,19,26,39,27,29,23,13,23,16,23,20,17,18,23,23,26,13,27,30,25,24,24,42,23,27,23,88,22,23,34,21,20,25
34,100,40,34,30,31,39,35,41,35,30,41,36,35,42,34,36,33,29,33,32,38,30,37,33,30,34,31,33,29,29,30,30,32,73,31,35,37,47,32,39,31,31,52,37,32,33,31,33,34,33,39,34,59,34,44,36,32,47,32,30,21,35,30,40,64,31,31,38,30,31,33,33,31,33,36,33,32,67,35,31,29,31,31,37,36,38,54,30,35,31,33,31,31,34,40,30,64,33,31,31,40,31,35,67,76,28,52,48,30,34,32,28,28,35,42,31,0,48,30,35,30,34,33,32,30,138,31,54,53,31,24,59,32,28,46,34,33,32,30,36,30,35,33,30,36,34,38,31,35,39,34,37,28,35,54,31,34,34,32,29,33,38,35,30,37,47,31,31,61,35,47,35,38,46,46,33,53,30,32,32,49,32,31,32,37,71,33,33,37,42,48,36,106,33,33,34,62,31,35,31,32,33,26,27,28,34,30,33,32,35,43,24,33,50,37,33,31,33,32,49,33,30,30,92,31,33,33,32,35,32,30,42,34,30,35,34,31,32,38,34,28,32,38,34,41,95,32,39,37,33,41,34,41,35,32,28,32,35,40,42,32,37,30,43,34,32,42,41,44,38,33,30,55,40,32,29,31,34,40,33,59,44,33,37,32,32,34,30,33,32,33,31,32,32,35,35,31,47,37,32,33,35,34,34,32,37,40,36,38,28,30,36,108,29,45,32,32,39,35,32,33,33,24,33,33,34,35,33,35,33,32,30,31,43,32,28,35,37,30,33,35,85,36,34,35,34,36,32
48,93,45,37,45,44,40,41,47,45,44,46,45,46,43,39,44,45,44,38,47,43,45,49,47,45,45,43,46,41,45,43,43,45,68,47,43,42,38,44,52,45,39,48,47,42,44,46,49,47,40,37,42,53,54,44,43,39,42,48,46,40,33,47,44,54,43,50,49,45,43,45,43,45,47,46,47,43,64,43,47,42,44,46,44,45,35,47,47,43,45,45,43,38,47,43,45,54,45,43,49,37,44,42,63,70,46,51,43,46,45,50,48,47,44,51,44,48,0,48,40,42,47,44,47,46,131,39,50,48,44,50,60,43,48,39,42,41,47,47,44,44,44,47,50,40,48,49,48,48,46,43,46,48,46,53,47,44,42,49,41,49,37,49,48,40,45,41,45,62,44,47,45,38,45,37,45,55,48,48,47,49,45,40,37,35,62,48,44,45,42,40,45,100,48,45,44,57,43,42,40,45,43,48,48,48,49,49,49,44,45,38,46,43,47,50,47,44,47,46,61,41,41,43,86,45,48,46,41,44,41,43,40,47,43,44,50,50,49,52,49,48,46,45,46,47,85,48,46,44,38,42,45,42,49,44,48,41,46,42,28,45,45,47,45,47,42,47,40,37,45,40,47,54,43,43,47,44,45,42,44,48,46,46,48,44,49,46,48,49,48,45,41,45,40,47,47,46,39,41,44,48,36,42,44,48,45,48,46,44,48,41,49,103,42,45,47,47,45,40,44,43,42,46,46,48,39,44,48,47,39,45,44,48,48,46,48,48,50,45,48,37,89,47,42,48,47,41,48
6,100,43,35,7,23,39,34,38,23,14,45,33,23,42,30,40,27,13,21,11,41,8,24,14,38,41,16,20,26,9,15,14,19,70,2,21,34,49,17,42,9,15,52,27,19,8,16,4,17,13,40,25,59,35,43,25,28,49,8,16,36,48,1,29,68,16,20,36,14,13,5,31,21,36,38,36,12,65,23,12,29,10,3,28,29,34,53,9,23,14,7,23,22,7,41,9,63,15,31,2,43,25,11,70,76,7,54,51,15,35,23,6,7,23,48,25,30,48,0,25,16,36,14,3,7,136,23,55,52,10,21,62,36,8,48,24,27,11,12,21,32,33,15,33,32,21,17,4,23,25,31,27,6,29,57,21,29,36,18,28,4,39,19,6,33,48,15,19,61,26,52,33,41,49,46,11,49,6,19,17,50,10,29,29,41,70,19,10,25,42,46,13,106,19,14,37,61,32,34,35,9,31,37,35,6,24,2,45,34,21,42,25,37,47,35,23,22,16,17,58,28,14,21,90,32,23,34,34,23,36,34,42,18,16,40,27,20,41,46,21,6,21,33,32,41,94,40,33,33,32,40,25,43,25,36,6,36,23,38,43,9,37,3,42,40,35,40,42,43,38,32,8,58,35,23,5,14,33,38,26,58,39,24,32,15,3,19,6,18,21,22,12,14,30,15,11,11,47,37,26,21,28,21,33,18,33,26,19,27,4,34,23,108,20,46,15,16,44,35,33,13,24,11,17,19,30,25,19,21,28,13,13,10,40,6,6,18,39,7,27,26,91,23,29,30,18,32,7
25,97,40,25,23,11,34,26,35,23,22,41,34,13,33,27,36,24,21,24,25,38,25,30,20,41,41,15,18,25,23,21,19,18,69,23,26,34,45,12,41,23,20,45,20,20,23,14,26,22,20,38,20,50,31,44,18,25,43,27,23,33,43,23,25,59,14,24,34,23,21,21,25,21,35,36,35,18,60,14,23,27,21,22,22,23,31,45,23,14,23,23,16,20,23,39,22,60,26,28,26,37,14,22,66,70,22,46,43,14,23,28,27,22,13,43,13,35,40,25,0,21,37,21,23,22,134,22,48,52,21,26,65,32,26,41,21,22,23,27,15,33,20,22,25,30,18,24,27,19,21,23,17,25,27,53,26,25,30,20,23,26,36,26,24,25,45,18,18,51,18,48,32,32,43,44,22,48,24,17,16,48,20,13,23,36,63,19,24,25,30,39,21,99,21,18,36,56,24,27,31,25,29,40,37,25,20,26,47,28,16,38,27,32,41,37,19,23,24,14,56,22,19,23,87,28,25,30,31,15,32,35,37,22,16,40,25,24,45,42,28,27,21,34,29,35,90,42,29,31,28,35,21,38,25,28,27,32,22,35,36,25,32,22,43,40,37,33,38,43,32,31,25,55,30,19,23,19,29,36,24,54,37,24,31,21,26,20,24,23,21,24,18,22,23,23,22,22,46,34,22,22,24,19,29,18,31,27,17,21,24,32,26,108,24,30,20,22,42,30,26,21,19,24,20,22,27,21,18,24,20,24,19,28,36,24,24,23,42,23,26,20,93,17,25,36,20,26,25
16,94,40,30,13,18,35,29,38,22,9,46,29,20,42,25,39,22,9,14,19,37,14,25,18,38,38,12,20,19,11,13,13,17,68,15,19,30,44,13,43,11,7,49,24,12,15,13,14,18,13,36,16,55,37,42,22,23,46,14,16,25,42,15,28,64,12,22,36,7,11,11,28,15,36,36,36,14,61,22,12,22,11,14,26,26,30,46,14,22,15,11,22,19,13,39,10,62,13,28,14,37,22,11,67,70,12,48,47,13,28,20,14,11,19,45,19,30,42,16,21,0,34,8,15,11,134,18,50,50,12,19,58,32,14,41,24,23,10,14,21,28,29,12,33,32,19,17,15,22,18,27,24,14,25,56,23,25,32,18,19,14,35,22,14,29,44,7,17,57,25,44,33,36,46,36,12,48,13,14,15,44,15,23,26,38,65,18,14,22,39,43,14,103,15,16,38,60,28,30,30,14,26,35,35,14,21,14,44,33,18,40,18,33,41,39,21,20,15,14,56,27,9,18,87,28,22,32,30,22,33,28,39,17,11,34,26,22,39,44,16,14,17,28,32,35,91,36,27,31,27,36,23,39,18,33,13,33,19,34,39,14,33,13,40,36,31,37,39,35,35,29,12,50,32,21,14,14,28,34,25,55,39,20,32,14,14,16,14,20,20,20,13,16,25,11,15,13,42,34,22,18,21,17,33,17,29,21,17,25,14,29,18,105,14,41,15,14,36,30,32,12,22,14,14,18,25,22,17,17,24,16,14,16,35,11,13,18,41,13,23,24,89,22,25,29,17,28,16
40,101,42,41,37,38,44,44,44,33,38,48,46,38,44,43,40,38,35,36,41,44,37,44,36,18,27,36,34,39,38,36,37,37,71,38,36,42,53,36,50,36,36,52,38,36,40,37,39,36,37,46,40,60,38,49,35,39,48,36,36,40,46,37,37,69,36,37,41,37,37,39,35,36,39,39,40,38,72,36,37,39,37,39,41,39,40,55,37,37,34,38,37,35,40,44,39,64,40,42,37,44,36,38,67,79,36,57,49,36,40,37,32,38,38,48,37,34,47,36,37,34,0,38,39,36,138,38,59,54,39,32,62,43,36,51,37,37,40,34,38,43,43,35,42,37,39,41,37,39,37,34,38,34,37,59,41,40,40,38,34,39,43,38,39,40,48,35,38,65,41,56,41,42,56,43,34,48,37,39,35,53,36,38,39,45,73,38,39,39,47,49,41,110,39,36,40,69,42,40,39,39,40,34,11,34,41,36,37,40,37,43,38,40,51,40,39,33,43,38,57,35,37,37,90,43,37,37,42,38,40,38,50,38,37,49,39,37,18,52,34,32,29,38,38,44,94,31,43,40,42,40,40,41,38,42,33,40,37,45,40,39,39,38,46,43,39,40,46,44,41,41,33,63,36,39,37,37,38,45,38,56,44,39,41,37,38,38,39,38,39,33,36,39,42,42,41,34,55,41,40,39,43,37,42,38,39,40,41,38,37,37,42,112,36,49,36,38,47,40,39,39,36,41,38,36,43,37,39,40,39,35,36,34,41,34,37,38,15,39,36,38,95,39,41,45,38,41,39
14,97,40,33,11,20,37,32,39,17,13,43,33,19,41,27,41,25,13,17,14,39,12,20,11,40,43,14,20,22,9,13,16,18,67,13,19,35,45,14,42,10,12,51,23,15,10,14,11,19,10,38,20,59,35,41,23,25,47,9,15,30,46,13,29,65,14,20,31,7,10,7,29,17,36,39,36,13,63,22,8,23,6,12,26,28,32,47,9,22,10,9,22,21,11,41,9,62,12,31,11,38,22,4,68,72,8,50,49,15,31,27,9,12,21,49,23,33,44,14,21,8,38,0,13,8,132,18,53,51,6,25,62,34,12,45,21,26,11,13,19,29,30,11,32,36,20,19,10,19,24,27,24,12,27,56,22,26,34,17,24,11,37,21,10,29,47,12,18,59,24,47,35,38,46,41,11,47,11,18,15,43,12,27,29,40,67,18,11,22,39,43,12,105,17,14,39,60,30,33,32,12,30,40,36,12,20,11,49,36,19,42,26,35,45,37,22,23,16,14,56,25,13,18,90,31,21,34,33,20,35,33,42,17,14,38,29,20,42,42,20,9,19,34,31,37,91,44,31,31,28,39,23,42,25,34,8,35,20,33,41,12,35,12,43,34,34,34,39,41,36,31,9,53,34,21,11,13,30,33,20,56,37,20,28,12,11,19,10,18,19,18,13,14,28,15,12,10,44,35,24,20,25,19,31,16,32,23,19,24,10,34,20,107,11,44,16,11,43,30,31,9,22,11,14,19,28,22,16,20,24,7,13,14,38,8,11,16,38,7,24,25,92,20,28,30,15,27,14
6,98,42,33,8,22,38,31,37,22,16,45,31,20,44,27,42,26,13,19,9,40,11,25,13,40,43,15,19,23,9,12,13,18,68,2,20,33,48,15,41,9,14,52,26,18,5,14,5,19,12,39,24,59,35,43,24,27,48,9,17,35,47,2,29,66,15,21,34,13,13,5,29,20,38,38,38,10,62,22,10,28,9,3,27,28,33,52,8,22,10,9,22,21,7,40,8,62,14,30,5,42,24,11,68,74,8,51,49,15,33,25,9,8,22,48,24,32,47,3,23,15,39,13,0,9,135,22,54,51,9,23,61,35,10,47,24,25,9,14,19,30,32,15,32,33,19,16,7,21,25,30,24,8,30,56,21,27,35,16,24,5,37,20,6,33,47,16,17,58,26,51,34,38,47,45,10,48,5,17,15,49,9,28,28,40,67,16,11,23,40,44,12,107,17,13,38,60,29,32,34,11,28,39,37,8,23,5,47,36,18,43,26,36,46,38,21,20,15,14,57,27,14,20,91,29,21,34,35,22,36,33,41,17,15,39,26,21,43,43,23,9,20,33,34,38,92,43,32,32,29,37,24,42,25,35,9,36,23,37,42,11,35,3,41,40,32,39,41,43,36,31,10,57,34,22,6,12,32,37,26,58,37,23,31,14,5,17,6,16,19,21,11,13,27,14,10,10,44,36,25,19,27,20,32,17,32,25,18,26,5,33,22,109,19,45,15,13,43,34,32,12,22,12,15,20,27,24,17,19,28,12,13,13,39,9,7,18,41,7,29,25,92,20,27,29,17,31,5
10,97,41,33,2,21,38,32,37,19,12,42,33,20,40,28,40,25,12,16,9,40,6,24,13,39,41,15,19,21,8,11,10,18,68,9,20,35,47,14,41,5,13,51,23,16,7,13,8,15,12,37,20,59,36,42,23,24,47,7,12,34,47,6,29,66,15,19,32,12,12,4,29,17,35,37,35,11,64,23,8,27,3,9,27,29,33,50,7,23,11,2,22,22,7,40,7,62,11,29,7,38,23,8,69,73,2,50,50,13,32,25,6,2,21,48,24,30,46,7,22,11,36,8,9,0,133,20,53,50,4,22,61,35,9,45,21,26,8,10,20,28,31,13,31,34,19,18,6,20,24,29,25,8,27,56,22,27,34,15,27,8,37,19,7,32,47,15,17,60,25,49,33,39,47,41,11,48,7,17,15,47,8,27,28,40,68,16,7,23,40,44,12,105,17,14,37,61,30,33,31,4,30,37,36,8,21,7,47,35,20,41,26,36,45,34,21,23,17,14,57,24,13,20,89,30,21,34,34,23,34,33,41,16,14,37,27,19,42,43,21,6,18,34,32,39,92,43,32,32,30,39,23,43,23,36,5,34,21,35,43,4,35,8,42,37,33,36,41,40,37,31,3,55,36,22,3,13,31,35,21,57,37,23,28,14,7,18,7,16,19,19,10,15,28,15,11,10,44,36,23,19,25,19,32,14,31,24,19,26,4,33,22,107,14,44,15,14,44,31,31,11,22,10,14,17,28,22,15,19,27,7,12,12,39,2,4,15,40,5,26,25,91,21,28,31,14,30,7
136,133,123,128,134,134,132,130,136,131,135,133,134,129,137,131,134,132,134,131,135,136,134,136,135,140,139,135,135,133,134,134,134,134,139,136,135,134,135,133,138,134,133,134,128,133,134,132,135,133,134,130,132,122,127,130,130,132,131,135,135,134,136,135,128,130,135,136,135,135,134,133,130,133,127,131,127,135,138,131,134,136,132,135,136,132,132,131,135,131,134,133,136,133,132,136,135,129,134,127,135,132,134,132,132,130,134,126,134,133,134,134,135,135,133,140,135,138,131,136,134,134,138,132,135,133,0,132,129,133,132,138,140,132,137,131,132,131,136,136,135,134,129,131,138,139,134,133,136,131,134,132,133,136,133,138,137,131,135,130,132,135,133,127,136,131,136,134,134,127,134,137,135,133,131,132,134,138,136,129,135,137,135,134,129,135,122,129,133,128,133,131,134,116,131,135,127,123,130,133,129,134,135,140,140,136,137,135,144,128,131,132,137,132,135,138,132,131,136,131,134,133,135,134,136,135,133,131,135,131,132,135,136,132,136,136,135,136,141,134,137,135,133,134,138,131,138,141,139,132,134,135,136,128,135,126,135,132,133,137,129,134,135,135,134,136,132,131,134,136,126,128,134,139,134,132,135,133,133,134,132,133,134,133,132,132,135,133,136,130,129,133,133,134,134,134,136,135,129,134,128,134,133,134,133,129,132,138,134,129,136,135,140,146,132,131,133,134,131,136,136,134,135,136,132,134,130,132,129,129,132,137,134,137,134,134,136,132,138,133,134,133,142,127,130,137,133,134,135
23,93,37,25,20,16,33,26,38,14,20,43,32,22,38,23,36,20,19,6,19,36,22,27,21,39,39,18,20,18,20,18,16,19,66,22,17,32,39,18,45,20,14,43,22,12,16,18,19,15,19,30,18,52,34,37,23,22,47,20,23,25,40,22,30,65,18,20,33,19,17,20,20,18,32,36,32,18,60,19,19,21,19,21,23,25,22,40,22,19,20,17,22,12,14,33,20,59,14,22,19,33,20,20,65,69,20,47,48,18,34,21,20,21,17,38,20,31,39,23,22,18,38,18,22,20,132,0,46,52,18,23,59,25,22,41,22,21,23,18,23,22,29,19,32,30,18,23,20,20,23,23,24,21,25,56,21,23,27,23,20,19,30,18,23,25,45,16,17,56,23,46,31,32,43,37,17,47,19,23,20,47,20,24,21,33,61,22,21,20,35,41,17,99,20,19,40,58,22,30,24,22,32,36,37,21,23,19,44,28,17,39,23,28,41,37,24,22,24,18,51,20,17,22,84,23,23,28,31,23,30,26,35,15,18,33,21,26,40,42,21,20,16,32,28,39,88,38,24,26,23,36,22,38,20,28,20,30,20,36,35,22,33,22,31,37,33,36,35,36,35,23,19,52,30,15,22,17,31,36,21,53,34,18,27,18,19,17,23,21,19,19,16,16,22,19,19,19,42,32,16,17,19,12,25,20,29,22,21,20,23,28,22,97,15,39,18,19,39,22,28,16,23,21,17,18,23,18,20,16,19,20,17,19,33,18,22,16,38,16,24,20,88,16,23,32,15,25,22
55,93,45,36,52,48,45,49,51,52,51,49,45,52,45,43,44,43,50,48,53,43,55,59,51,58,59,50,50,50,51,50,50,51,61,54,51,52,42,46,61,53,47,35,49,47,52,46,56,50,51,41,49,46,49,49,51,48,48,56,56,45,45,54,51,61,50,46,58,51,48,53,47,51,46,46,46,51,62,50,52,50,52,53,47,53,49,52,53,49,53,53,53,47,52,52,51,53,47,43,56,47,46,52,59,66,53,44,52,46,53,51,56,52,39,49,50,54,50,55,48,50,59,53,54,53,129,46,0,51,53,58,51,43,58,49,49,43,54,57,52,48,44,49,42,54,49,57,57,51,53,48,52,55,50,49,55,50,44,51,46,56,45,54,54,46,42,49,45,58,50,46,52,40,37,47,49,50,55,50,50,49,50,46,32,42,62,50,54,49,48,47,53,96,48,50,56,54,43,43,47,55,52,60,59,55,50,56,64,39,49,43,49,49,55,46,49,55,55,46,58,47,50,53,81,44,52,49,55,49,49,45,43,50,50,48,52,46,59,55,55,56,54,47,52,43,87,60,50,48,43,42,46,46,50,39,56,49,51,49,46,55,51,53,50,49,50,56,42,45,47,46,55,46,45,46,53,51,52,49,51,40,39,53,57,53,56,47,54,49,48,50,48,53,45,45,47,52,44,45,49,49,47,49,50,50,51,57,54,53,54,49,52,106,51,45,48,50,46,50,44,50,52,54,49,51,43,46,50,47,44,57,51,56,46,54,53,51,61,51,50,48,89,51,41,54,52,42,56
52,99,43,50,50,46,48,50,46,49,52,53,53,50,56,49,48,50,50,50,54,53,52,58,52,52,60,51,52,52,51,49,51,52,65,51,52,51,54,49,60,50,50,51,48,49,51,51,53,49,50,49,46,57,60,53,39,46,47,54,52,45,47,51,50,70,51,56,57,51,51,50,47,50,55,52,55,52,69,50,52,51,49,50,55,53,47,52,52,50,51,50,49,50,51,43,51,52,51,50,53,50,50,50,71,74,50,58,54,51,54,55,54,51,51,56,52,53,48,52,52,50,54,51,51,50,133,52,51,0,44,51,50,49,50,51,52,51,52,47,51,50,53,52,49,55,52,49,48,51,54,48,52,52,51,54,50,47,41,50,48,53,50,49,52,48,48,51,51,65,50,48,50,47,56,51,51,54,52,49,51,53,52,48,44,49,69,49,51,50,45,50,52,102,51,51,40,63,47,53,53,52,54,55,54,52,54,53,62,52,52,48,54,51,50,56,49,47,50,51,47,49,52,51,91,46,51,53,52,50,49,51,50,49,51,53,55,56,54,57,56,54,46,55,49,49,92,58,46,46,52,47,53,51,50,52,54,49,50,53,51,52,49,50,51,57,49,54,49,53,54,49,52,55,54,50,51,52,51,53,52,47,51,48,52,46,53,53,52,50,50,51,51,52,50,54,52,52,51,52,53,52,47,52,46,49,31,53,48,51,52,49,54,106,47,49,53,52,52,51,54,50,49,48,52,52,49,51,49,48,51,46,52,48,53,51,52,50,55,51,51,50,91,50,47,51,49,50,53
10,96,39,32,5,18,37,32,37,17,13,42,33,19,40,26,39,25,9,14,10,38,6,27,12,40,42,14,19,21,4,11,11,17,68,9,17,33,46,11,37,4,13,50,22,13,5,12,5,16,9,36,21,57,34,41,17,21,47,10,13,32,45,9,27,66,14,20,31,10,10,3,27,18,34,39,34,11,63,21,10,25,2,8,26,27,33,48,5,21,10,3,21,19,5,40,3,60,10,27,5,38,20,9,66,72,4,49,45,12,31,26,10,5,20,47,23,31,44,10,21,12,39,6,9,4,132,18,53,44,0,21,57,33,7,42,22,26,8,10,19,28,30,11,32,34,19,18,4,19,24,26,24,6,31,55,22,26,30,14,25,5,36,20,10,31,46,12,14,59,24,50,33,38,46,40,8,45,5,15,12,48,7,26,28,40,67,15,8,21,39,44,12,105,15,11,38,59,28,32,31,6,30,38,37,6,23,5,46,34,19,42,28,34,45,37,19,20,16,12,54,24,13,18,89,30,20,34,34,21,34,33,39,16,15,39,28,20,43,41,25,10,15,33,32,38,92,44,31,30,29,38,23,41,25,34,10,34,20,36,42,6,34,8,41,39,34,34,40,40,36,29,5,56,36,19,9,11,30,36,20,55,35,18,28,7,5,18,10,16,16,17,10,14,28,14,9,7,44,34,22,16,23,18,30,15,25,25,18,25,10,32,24,106,14,43,14,13,43,29,32,9,21,8,14,16,26,21,15,18,26,11,11,12,39,4,6,16,40,3,30,24,89,19,28,31,15,29,11
23,101,44,35,22,23,37,38,40,25,20,43,38,26,45,30,40,31,20,22,24,39,20,28,23,30,39,21,22,29,21,24,20,22,73,23,24,34,50,21,47,22,21,53,32,22,23,20,22,20,22,43,26,63,37,43,20,29,52,21,21,32,48,22,31,69,21,17,40,22,22,22,29,20,33,39,32,22,70,26,20,32,23,23,30,31,35,56,22,26,22,22,24,24,23,43,21,65,19,32,20,44,26,23,68,79,21,59,53,19,37,21,17,19,22,49,26,24,50,21,26,19,32,25,23,22,138,23,58,51,21,0,59,35,17,51,19,28,23,15,23,34,38,16,35,33,21,24,18,25,25,33,28,19,28,59,26,32,37,23,27,22,37,21,22,37,49,19,24,65,28,53,37,44,53,46,20,52,20,24,21,54,21,32,32,41,74,24,23,26,47,50,24,108,22,22,38,64,34,33,33,22,34,36,30,19,28,19,40,38,24,41,29,41,51,39,27,23,24,21,56,29,20,22,92,34,22,37,35,21,38,35,44,21,21,45,24,24,33,45,16,17,18,39,28,44,97,34,36,34,33,42,24,43,23,38,18,38,21,42,42,22,41,23,43,43,36,43,45,46,38,27,20,63,40,24,21,20,35,42,26,56,43,25,33,21,21,22,22,23,25,28,21,24,31,24,24,22,49,35,27,23,28,24,33,23,29,30,26,31,20,30,21,109,24,49,19,25,46,37,37,22,24,22,21,21,30,21,24,25,31,22,19,15,42,21,19,21,31,23,25,30,96,25,33,35,21,35,24
62,96,65,62,63,62,63,63,62,60,58,61,60,63,63,56,57,59,59,59,64,65,62,67,62,58,66,59,63,61,61,61,58,60,68,61,61,66,53,63,69,61,56,56,65,59,63,63,63,62,61,52,58,60,66,64,55,56,60,64,62,54,54,61,65,63,59,61,67,56,57,60,59,60,63,59,63,61,69,63,61,58,61,61,62,65,59,59,59,63,61,62,60,60,62,64,60,57,59,61,63,59,60,59,57,71,61,66,60,63,60,65,64,60,61,62,60,59,60,62,65,58,62,62,61,61,140,59,51,50,57,59,0,59,60,52,63,57,61,59,63,54,67,59,56,61,62,67,60,64,64,63,66,63,66,54,62,57,55,62,58,63,63,63,62,63,49,60,62,68,65,53,60,57,59,55,61,67,62,61,63,57,60,62,58,56,71,62,62,60,64,64,63,102,59,62,65,61,61,61,62,62,62,69,60,63,61,63,68,58,64,59,57,66,64,61,60,56,62,63,47,61,58,60,84,55,62,62,62,63,62,58,64,61,58,53,66,61,59,68,65,64,54,65,63,60,89,62,60,60,55,53,59,65,66,58,64,62,63,65,62,62,58,60,58,66,61,64,49,45,62,62,63,54,63,61,62,59,52,65,63,55,64,57,65,54,63,62,62,62,61,64,60,63,54,60,62,61,56,63,59,60,62,61,59,61,53,63,65,61,62,54,62,104,58,62,63,65,51,58,56,61,62,61,62,60,56,60,61,59,60,64,59,58,63,62,61,62,62,61,67,59,78,63,61,63,61,58,63
36,94,36,24,33,30,33,30,42,30,32,41,24,32,37,25,40,26,30,29,32,27,36,32,32,42,39,29,30,33,33,31,29,31,65,35,32,27,35,30,48,33,29,38,38,24,31,32,34,34,32,31,34,49,33,38,30,32,39,36,36,26,34,35,35,59,29,31,31,31,30,34,30,31,33,33,32,29,62,31,31,31,34,34,25,34,29,42,34,29,32,34,33,26,28,35,33,56,31,30,34,35,27,32,56,64,35,51,40,32,27,35,36,33,23,37,25,32,43,36,32,32,43,34,35,35,132,25,43,49,33,35,59,0,36,38,34,23,34,34,30,31,29,30,27,30,29,38,35,32,32,32,32,35,35,49,34,32,29,33,24,34,25,34,35,32,42,29,28,56,30,45,32,28,39,39,29,50,33,32,32,44,31,25,25,23,64,33,35,30,40,42,32,100,30,30,37,56,28,24,27,36,33,37,39,35,32,34,47,33,29,37,30,28,45,37,29,33,35,32,55,30,30,33,84,29,31,32,35,29,34,30,32,34,29,30,35,31,43,48,34,36,34,32,33,35,88,39,31,32,27,33,26,31,31,30,35,34,36,41,33,36,34,35,34,43,33,39,33,37,33,24,36,49,36,25,34,29,32,41,36,47,38,36,35,33,34,27,35,33,29,35,29,31,27,29,29,33,37,29,28,30,28,28,26,33,32,36,34,29,35,24,34,98,32,35,31,32,38,26,31,29,33,35,31,36,25,23,33,34,25,34,29,35,30,35,34,34,44,33,38,27,82,32,27,30,34,24,36
12,99,44,36,5,23,41,33,39,23,13,45,34,24,41,31,40,28,11,19,8,43,7,26,15,38,39,18,22,25,6,13,16,19,71,10,23,36,51,17,42,8,14,54,28,19,12,16,11,18,12,40,25,61,36,42,23,22,51,7,16,34,49,9,30,68,18,22,36,12,12,12,27,22,34,34,34,12,67,24,9,31,9,11,30,30,36,51,8,24,14,8,23,24,11,42,6,65,15,30,9,43,26,12,72,77,5,54,51,15,36,20,3,6,24,49,27,28,48,8,26,14,36,12,10,9,137,22,58,50,7,17,60,36,0,49,26,29,9,6,23,31,34,15,36,32,22,16,5,25,27,32,29,3,28,59,24,30,34,16,27,11,41,19,6,34,49,17,18,63,27,52,34,40,50,46,11,51,10,19,18,50,11,30,32,41,71,19,10,26,43,47,15,107,20,16,36,63,31,36,35,7,32,35,35,3,27,8,45,35,22,39,27,39,49,36,22,24,17,17,58,27,13,20,91,31,24,35,38,24,37,35,44,17,18,40,27,22,41,46,17,3,19,36,29,42,95,40,29,35,31,42,26,45,24,38,2,37,24,38,45,7,38,11,44,43,35,40,46,42,40,32,6,61,40,25,5,16,34,38,25,60,40,22,32,13,10,21,6,19,20,21,13,16,29,18,12,9,47,39,27,22,28,20,35,17,31,27,20,28,4,32,28,108,18,47,17,15,46,33,36,12,25,8,19,19,31,26,20,22,29,8,15,8,43,7,7,17,39,9,26,27,89,24,31,31,17,33,12
48,87,36,42,46,39,39,45,43,46,43,42,46,43,44,42,48,43,43,40,49,48,45,49,47,51,53,43,47,44,45,44,43,47,68,47,49,45,45,40,52,44,41,49,44,43,46,42,47,43,44,39,47,51,50,45,41,43,43,48,46,35,28,47,46,55,43,48,47,44,43,44,45,43,46,48,46,45,62,46,47,40,44,46,47,43,43,48,47,44,45,44,47,41,45,45,45,54,46,40,47,46,40,45,63,69,45,52,43,42,42,49,48,47,44,51,42,46,39,48,41,41,51,45,47,45,131,41,49,51,42,51,52,38,49,0,43,43,46,49,48,43,45,45,46,46,44,47,48,49,44,37,47,48,44,55,46,43,40,45,38,47,45,49,48,44,40,41,43,59,47,39,45,44,41,32,45,53,46,43,43,44,46,41,42,42,59,44,44,43,45,39,44,101,44,44,42,60,42,41,47,45,48,51,51,48,46,47,45,47,42,45,46,45,46,50,44,45,47,42,51,44,43,44,85,44,48,45,49,47,40,42,44,43,43,43,50,48,52,51,49,48,42,42,48,44,86,52,47,42,42,44,40,43,48,47,48,40,40,41,39,45,42,47,46,48,44,49,39,39,48,46,46,50,45,40,47,42,42,40,39,52,40,44,48,45,47,45,48,45,45,41,44,44,42,46,46,46,47,47,42,43,43,42,45,45,43,48,48,43,48,35,49,97,41,38,44,44,40,41,46,44,46,47,45,40,42,44,45,42,44,48,42,48,47,45,48,44,51,46,48,45,87,44,38,46,44,42,49
24,94,38,31,23,21,38,36,40,17,25,42,38,21,39,27,43,23,18,22,20,36,23,23,18,41,39,19,21,28,23,20,19,23,71,24,19,29,44,18,38,23,24,48,26,19,22,20,23,19,23,37,15,57,36,35,22,27,48,23,18,30,42,24,24,61,19,24,34,19,23,23,26,25,36,42,35,19,63,19,23,30,21,23,27,26,30,52,19,19,19,20,24,23,21,41,24,58,23,26,23,44,23,21,66,73,25,50,49,20,34,14,23,22,23,35,21,34,42,24,21,24,37,21,24,21,132,22,49,52,22,19,63,34,26,43,0,29,24,23,21,36,33,21,34,36,23,23,24,22,16,26,20,25,29,55,25,26,38,21,21,23,34,20,24,33,41,21,20,59,28,52,35,41,49,38,20,44,24,21,16,49,20,27,29,40,68,20,22,23,44,46,25,103,23,18,39,57,31,31,30,23,35,36,36,25,23,23,44,37,22,44,26,35,45,36,19,21,24,20,57,27,24,23,90,33,21,36,27,20,37,31,41,20,20,43,26,24,42,41,9,23,19,34,28,39,90,41,33,30,30,39,23,41,24,37,22,37,26,34,39,23,34,24,42,41,37,40,44,43,36,25,21,59,34,22,23,19,33,31,21,51,32,18,29,23,23,20,24,19,21,19,18,24,29,23,23,21,48,33,26,25,23,24,30,19,34,30,21,25,24,33,25,106,21,46,20,22,44,34,32,23,23,27,20,21,27,20,19,21,26,22,19,24,39,21,22,20,41,22,27,27,95,22,31,35,20,31,25
28,96,37,20,28,24,31,17,35,23,22,43,24,25,37,6,33,25,24,20,29,27,26,33,26,39,42,20,19,20,27,28,19,22,62,26,26,31,39,23,50,25,20,41,27,17,28,21,28,26,25,30,27,50,38,38,21,23,40,29,26,31,42,26,31,56,20,28,36,24,20,25,27,22,31,27,30,22,53,27,25,25,26,26,24,28,30,48,25,29,27,26,26,22,27,30,26,60,27,22,28,29,21,24,63,61,26,48,40,23,31,27,29,24,21,35,17,33,41,27,22,23,37,26,25,26,131,21,43,51,26,28,57,23,29,43,29,0,25,28,21,19,30,26,30,31,23,28,29,25,28,29,26,28,28,52,25,24,29,23,23,28,29,25,26,23,44,24,19,51,25,45,31,23,37,41,25,49,27,22,27,44,22,20,17,27,60,23,26,24,35,42,25,96,20,22,35,52,22,20,31,26,24,41,39,28,27,28,49,27,23,35,31,34,44,36,16,22,25,22,55,27,22,26,83,22,25,33,32,27,30,33,35,24,18,28,27,28,39,47,28,29,26,37,34,33,90,43,28,30,14,29,25,31,23,26,28,30,26,38,35,26,31,25,37,43,29,40,24,37,34,23,28,54,38,19,26,19,31,38,31,45,36,26,37,25,28,22,26,24,23,29,21,25,10,27,27,26,40,27,17,21,21,22,33,21,29,30,28,23,26,25,28,104,25,35,24,29,37,29,30,24,25,26,21,27,6,21,23,24,16,30,20,29,34,26,25,25,44,26,24,25,88,26,18,35,23,10,26
12,100,43,33,9,21,35,32,39,21,16,44,33,23,43,28,41,25,8,20,7,39,9,22,11,40,44,13,18,26,7,13,12,16,67,10,21,34,45,17,43,7,13,52,27,16,10,15,10,18,6,38,19,58,36,43,24,27,48,10,18,32,45,10,29,66,13,22,35,11,14,6,30,18,37,38,37,10,62,22,11,26,6,9,25,26,33,52,9,22,10,7,20,21,10,40,6,62,14,31,10,42,23,7,68,75,10,51,49,17,32,26,10,9,22,47,23,32,47,11,23,10,40,11,9,8,136,23,54,52,8,23,61,34,9,46,24,25,0,12,18,31,31,12,31,33,20,16,11,21,25,30,26,9,29,56,19,28,34,19,22,10,36,20,9,32,47,14,18,58,24,52,35,39,47,43,9,46,8,17,17,48,10,27,29,40,68,19,13,24,40,40,12,106,17,12,40,60,31,31,35,13,28,39,35,9,24,10,47,35,18,43,27,34,45,39,22,22,13,15,56,27,16,20,91,31,19,32,35,22,37,30,40,18,14,39,28,22,44,41,20,12,21,32,31,36,93,45,31,31,30,37,23,42,21,35,11,37,25,35,41,13,36,6,43,41,34,39,40,42,36,31,8,58,35,21,9,11,32,36,23,56,37,23,29,12,10,17,9,19,20,19,8,10,28,17,8,9,44,35,25,20,27,19,33,17,33,23,17,26,9,30,19,109,18,44,16,14,41,35,31,7,22,12,15,20,28,23,17,20,27,15,11,13,38,7,8,19,41,7,28,25,91,23,28,27,18,30,11
14,100,43,37,9,24,39,34,41,18,15,45,36,23,43,30,38,29,13,17,12,41,9,28,14,34,39,18,21,27,10,16,15,21,73,14,22,37,47,18,43,11,16,53,28,16,16,17,15,16,14,41,24,61,37,41,20,26,51,13,19,35,50,13,32,71,18,24,38,13,15,15,30,20,32,36,31,16,68,26,13,32,12,14,30,32,33,54,12,26,13,10,27,23,16,40,10,63,10,30,13,43,26,14,69,78,9,57,54,16,38,22,9,10,25,50,26,30,47,12,27,14,34,13,14,10,136,18,57,47,10,15,59,34,6,49,23,28,12,0,23,33,36,14,36,33,24,18,7,23,25,32,28,7,29,58,25,29,33,18,26,15,39,18,10,32,49,15,19,64,26,55,35,42,51,45,11,50,13,19,16,53,14,31,29,42,73,19,12,23,44,47,13,108,20,15,38,63,33,35,37,11,34,35,31,7,26,12,43,34,21,38,28,39,50,39,26,22,17,18,57,27,15,20,91,33,20,35,35,26,36,37,42,17,18,42,25,24,37,46,19,9,18,36,27,43,97,38,32,33,32,43,27,43,25,35,8,36,24,41,45,11,40,14,42,43,37,41,43,45,40,28,8,61,40,22,9,14,36,41,25,58,42,22,34,10,14,20,10,18,23,21,16,16,30,18,16,15,49,36,25,24,27,18,35,18,28,27,21,30,8,30,27,109,17,49,14,14,44,33,36,14,24,11,16,18,30,22,19,20,29,4,13,2,43,9,10,17,35,11,26,26,94,22,30,33,17,34,15
21,100,41,31,19,15,35,26,37,22,17,45,34,12,41,21,38,30,17,21,21,35,22,27,14,41,43,13,5,29,21,19,13,14,69,19,21,32,48,14,43,20,20,47,27,16,18,15,22,16,18,38,22,52,37,42,24,26,45,22,20,34,44,19,26,63,13,23,34,18,17,19,31,21,36,35,35,14,51,14,19,25,19,18,27,25,29,50,17,14,17,20,19,22,20,37,18,60,21,31,22,40,21,19,66,72,20,49,38,16,31,21,22,18,16,43,14,36,44,21,15,21,38,19,19,20,135,23,52,51,19,23,63,30,23,48,21,21,18,23,0,31,26,18,34,30,17,21,23,13,23,29,19,22,23,49,23,26,29,16,24,22,34,20,20,26,40,18,15,45,15,49,36,32,45,44,18,48,21,16,12,51,13,21,25,34,66,15,20,22,36,40,18,103,16,8,38,55,25,19,36,22,20,41,35,22,25,22,49,31,7,38,27,33,46,39,21,22,17,15,55,23,19,12,92,27,21,29,31,14,35,34,39,18,14,38,27,23,44,45,24,22,22,32,27,37,93,42,29,29,24,28,22,37,22,28,22,35,18,38,35,22,36,17,45,42,36,37,37,44,29,28,21,59,34,19,19,13,31,38,26,53,40,24,31,17,22,10,20,16,16,17,12,19,24,21,20,18,46,32,27,18,22,17,33,16,33,29,18,24,20,31,24,108,17,42,10,18,41,32,27,18,18,19,10,19,22,20,16,20,22,18,13,23,36,21,20,16,38,21,20,21,93,13,27,31,17,22,19
32,97,41,28,30,30,40,24,36,27,25,45,22,32,41,26,40,28,30,22,33,34,29,40,32,41,43,26,30,24,29,31,26,31,66,31,32,32,44,30,46,28,26,47,25,26,31,29,32,31,31,33,28,56,40,42,26,23,48,34,30,30,43,31,36,65,26,34,31,30,23,28,27,23,37,39,37,30,53,35,32,29,28,31,34,34,32,50,31,33,32,29,31,26,30,36,31,63,29,26,32,35,26,28,66,67,29,47,46,30,37,34,34,30,32,23,25,30,44,32,33,28,43,29,30,28,134,22,48,50,28,34,54,31,31,43,36,19,31,33,31,0,32,31,35,36,25,34,31,34,35,32,34,31,31,56,29,27,31,28,29,32,36,32,32,28,48,29,30,51,35,47,32,24,38,43,30,55,31,27,31,47,30,30,24,33,61,29,29,27,37,42,29,106,26,30,35,55,23,28,30,29,29,43,41,31,34,32,50,34,33,43,35,31,48,41,31,32,31,28,56,28,25,30,86,23,28,37,37,34,31,34,40,29,26,14,32,34,44,50,36,34,25,40,36,39,90,44,30,34,20,36,33,37,34,28,34,31,31,39,40,29,35,30,38,38,28,40,31,38,40,25,31,54,41,27,32,25,28,39,34,56,34,32,37,32,32,29,32,29,29,27,29,29,24,32,32,32,43,35,25,28,26,27,32,27,30,30,34,34,32,27,38,104,24,43,33,31,43,24,35,29,33,30,32,32,26,28,26,28,27,35,26,33,40,29,31,28,44,28,39,24,88,31,24,35,24,19,32
33,101,42,26,31,19,34,28,39,30,30,43,35,22,43,28,40,31,29,29,30,37,33,35,28,46,46,26,29,33,31,29,26,29,68,32,32,33,49,20,47,31,27,47,18,28,29,22,34,28,28,35,33,55,29,44,31,30,45,35,31,33,46,32,28,60,26,31,34,30,29,30,33,27,38,39,38,28,54,26,28,31,30,31,25,27,32,50,31,26,29,31,29,27,32,39,31,65,29,33,34,38,23,31,64,71,31,44,48,22,28,31,35,31,22,47,26,35,44,33,20,29,43,30,32,31,129,29,44,53,30,38,67,29,34,45,33,30,31,36,26,32,0,26,22,32,24,33,35,27,32,28,28,33,30,57,32,30,31,26,31,34,34,31,32,28,44,26,21,45,25,53,33,32,41,44,30,46,33,25,24,52,28,20,26,34,56,26,32,27,24,41,28,94,27,26,42,50,27,31,33,33,33,45,37,33,28,34,52,27,26,42,29,30,44,33,25,31,32,22,60,27,27,27,87,29,33,29,35,26,34,33,36,28,26,35,35,31,49,42,35,35,32,33,38,38,91,47,22,33,29,37,29,39,29,26,35,34,30,35,41,33,34,31,44,39,40,39,41,42,26,36,33,54,28,25,31,27,30,31,31,57,32,31,28,31,34,27,32,28,27,22,26,30,30,30,33,31,50,32,30,24,32,29,29,27,32,31,30,27,32,33,36,109,29,28,28,32,37,33,22,30,29,27,27,29,27,27,27,25,28,34,27,36,34,32,32,28,46,31,31,24,96,26,30,35,27,29,33
15,93,41,31,12,19,30,32,39,19,14,46,33,20,41,27,40,25,5,17,13,36,12,26,11,40,41,13,19,28,11,8,13,19,70,15,20,33,44,13,38,11,14,49,22,15,9,15,14,18,10,37,22,51,30,43,22,25,47,15,14,33,43,15,28,67,13,18,33,10,11,13,28,15,36,40,36,14,62,16,13,25,12,14,26,23,33,51,12,16,10,12,21,16,12,39,12,60,8,30,14,40,20,14,67,73,13,47,49,15,33,24,15,12,19,44,24,33,47,15,22,12,35,11,15,13,131,19,49,52,11,16,59,30,15,45,21,26,12,14,18,31,26,0,30,33,19,18,14,20,22,27,24,14,23,56,22,27,34,17,21,14,34,22,13,27,47,10,16,56,22,48,34,38,47,41,9,46,14,17,14,47,12,26,26,38,66,16,13,22,39,43,15,103,16,12,40,57,28,31,30,12,30,37,36,14,22,14,47,29,18,43,24,31,45,36,20,22,17,15,54,25,14,15,90,30,21,27,34,16,36,27,39,18,14,39,29,18,42,40,19,15,17,34,28,37,92,38,31,31,28,37,18,39,20,29,14,36,22,39,38,12,35,15,42,37,35,38,40,42,31,28,13,53,36,21,12,11,31,37,21,53,39,23,31,11,14,16,13,16,17,18,14,16,27,12,11,10,43,32,24,18,23,17,32,16,31,22,15,21,13,28,24,109,15,41,15,8,34,31,31,11,23,11,15,18,27,20,16,20,23,14,11,16,37,13,11,18,41,13,21,24,89,19,30,32,18,29,14
33,98,44,35,32,26,35,36,40,32,33,38,34,26,45,31,43,29,30,32,33,41,33,41,29,45,45,32,32,34,32,31,30,29,66,32,32,33,45,25,48,31,33,50,22,33,33,26,34,28,32,37,32,55,31,51,28,30,51,35,32,30,46,32,34,70,32,21,37,30,31,31,33,29,45,45,45,32,60,32,32,34,31,32,33,33,36,53,29,32,32,32,30,28,32,44,31,57,26,30,34,38,30,32,67,73,31,54,54,26,39,31,35,31,29,42,31,30,50,33,25,33,42,32,32,31,138,32,42,49,32,35,56,27,36,46,34,30,31,36,34,35,22,30,0,32,19,37,35,27,32,24,30,33,29,55,27,28,38,27,29,34,35,34,32,35,47,31,24,58,32,53,35,39,51,45,31,41,33,26,27,50,29,26,28,43,71,26,32,26,42,43,31,101,28,32,43,62,30,32,29,33,32,45,41,33,20,34,50,35,28,45,27,40,51,21,21,34,28,26,57,31,33,33,93,30,32,27,42,32,44,32,43,28,30,33,36,21,44,48,35,35,32,30,36,40,91,43,35,32,34,39,22,42,36,35,35,44,28,28,41,33,40,31,49,29,32,44,39,43,31,38,33,50,21,30,31,31,35,31,35,59,28,31,36,34,34,29,32,29,26,33,31,33,33,20,22,31,49,33,31,23,37,32,28,28,33,34,35,32,32,25,35,112,31,51,30,31,39,28,11,31,32,32,29,27,31,29,28,27,29,37,31,37,29,32,32,29,44,31,32,31,92,28,31,27,28,35,33
34,101,44,34,34,31,40,26,36,35,30,46,31,31,37,24,33,34,32,28,30,45,32,41,32,41,43,30,31,31,33,33,31,33,68,34,34,33,46,31,51,32,31,53,37,28,36,29,35,32,33,36,35,49,35,43,33,36,53,35,36,36,48,33,39,70,30,34,37,34,30,34,32,33,34,33,34,30,68,35,33,34,35,34,32,34,32,48,33,33,32,34,34,34,32,31,33,68,34,33,33,38,30,36,72,78,33,53,47,29,35,34,32,31,28,36,29,36,40,32,30,32,37,36,33,34,139,30,54,55,34,33,61,30,32,46,36,31,33,33,30,36,32,33,32,0,29,17,32,34,36,36,34,32,33,61,37,32,28,27,34,35,41,29,33,37,52,30,28,63,35,52,27,37,46,49,31,51,33,28,33,53,30,35,30,35,63,29,35,31,36,43,31,105,27,31,35,54,30,29,33,34,30,41,39,32,36,32,48,28,28,40,35,35,49,40,32,33,36,26,60,31,29,31,88,30,31,32,39,34,33,38,41,26,30,40,30,34,45,52,35,32,36,38,28,44,94,45,31,29,26,42,37,41,31,34,32,33,29,41,38,34,36,34,37,46,28,42,38,44,38,34,32,61,41,31,32,28,33,41,35,57,39,34,40,37,34,30,33,31,29,31,30,30,28,35,34,33,44,41,30,32,31,24,26,32,35,36,33,36,31,28,32,105,34,45,29,35,41,41,40,32,33,33,30,32,24,27,32,27,36,32,30,33,38,33,30,27,42,33,32,31,91,30,28,38,32,27,33
21,97,40,30,18,23,37,28,35,21,20,41,27,18,42,23,37,20,18,17,19,37,21,29,16,43,44,16,14,21,18,16,14,15,57,20,18,33,46,13,40,19,18,47,19,13,20,12,22,14,19,36,21,55,31,45,21,24,43,23,20,29,46,20,25,66,16,19,28,15,19,18,25,15,38,38,38,17,60,8,18,27,18,19,24,23,31,51,17,12,20,17,23,17,18,38,17,61,18,30,22,38,16,19,66,69,19,49,46,13,31,14,23,19,14,36,21,34,48,21,18,19,39,20,19,19,134,18,49,52,19,21,62,29,22,44,23,23,20,24,17,25,24,19,19,29,0,22,22,19,25,26,24,21,18,52,22,22,30,12,21,22,31,21,20,25,45,18,8,56,13,50,31,31,40,45,17,46,21,11,14,47,15,18,27,37,67,13,20,17,39,33,20,100,13,16,34,58,23,29,32,21,26,39,35,21,22,22,46,27,18,36,30,32,47,34,10,20,21,14,55,25,20,13,90,24,22,35,35,8,35,31,37,13,15,33,25,19,43,47,22,23,17,34,33,38,85,42,25,27,26,36,22,43,18,26,23,35,16,36,42,21,34,19,39,41,27,38,41,43,30,28,21,56,35,17,19,12,29,36,22,55,33,22,31,19,22,12,20,12,7,17,16,20,24,20,19,19,45,33,19,8,24,17,27,15,31,28,19,22,20,30,22,102,16,45,16,17,44,28,19,17,23,19,14,15,23,18,11,20,24,20,13,24,37,20,20,14,42,17,19,22,88,22,25,32,15,27,20
19,99,42,38,16,18,43,31,35,21,13,46,38,19,44,25,41,29,16,16,18,43,18,28,17,45,43,17,23,25,17,19,16,23,72,17,24,38,51,17,43,19,14,53,16,16,19,16,18,10,18,44,20,57,38,43,22,29,49,18,18,36,50,17,28,68,17,26,36,15,14,19,30,20,41,39,41,14,67,25,19,30,18,18,26,28,33,53,17,25,18,18,29,23,17,26,17,62,19,30,18,43,27,20,73,77,16,54,54,17,32,23,18,14,23,44,29,38,49,17,24,17,41,19,16,18,133,23,57,49,18,24,67,38,16,47,23,28,16,18,21,34,33,18,37,17,22,0,18,23,24,26,28,16,33,60,26,27,37,14,29,18,41,16,17,36,51,16,17,63,23,54,32,41,48,47,17,53,19,14,19,55,17,28,29,41,72,10,18,24,41,48,19,109,14,14,38,62,34,37,37,18,27,40,42,16,26,18,52,37,20,44,27,38,43,43,22,21,22,15,59,25,13,21,91,34,22,37,38,24,33,38,40,9,17,44,31,26,48,49,22,18,23,40,36,40,93,48,32,30,33,41,30,45,24,35,18,33,21,40,42,18,37,18,47,44,28,36,44,46,35,31,18,62,39,24,17,15,32,40,27,58,36,25,33,18,18,19,17,16,19,23,13,12,31,21,21,18,46,39,23,22,22,15,30,17,30,30,18,26,17,32,26,108,18,47,17,18,45,37,37,19,28,16,16,14,25,24,16,11,31,19,16,19,43,18,14,12,46,18,27,27,96,18,33,34,15,30,16
10,99,43,36,6,22,40,33,40,21,15,45,36,23,42,29,39,28,13,17,12,42,7,28,16,37,40,18,22,26,7,14,14,20,72,6,21,38,50,16,44,6,16,54,27,17,7,15,5,17,13,42,25,60,36,42,21,24,51,9,20,38,49,5,31,68,18,22,38,14,14,6,29,21,33,35,33,13,67,25,11,31,6,7,29,31,36,51,9,25,12,5,25,23,7,40,7,64,14,30,3,41,25,13,70,78,6,56,51,14,37,24,7,7,24,50,27,31,48,4,27,15,37,10,7,6,136,20,57,48,4,18,60,35,5,48,24,29,11,7,23,31,35,14,35,32,22,18,0,23,25,31,29,4,30,59,24,29,34,17,27,5,40,19,7,34,49,16,18,63,27,54,35,40,51,44,12,51,4,18,16,52,11,31,32,41,72,18,10,25,44,48,15,108,19,15,38,63,31,36,36,9,32,36,34,4,26,2,44,35,20,37,29,38,46,38,23,24,19,16,58,27,15,20,90,31,22,35,36,25,36,37,43,17,18,42,26,22,40,45,22,7,19,36,27,43,96,41,28,34,31,42,25,44,25,37,7,36,23,40,45,9,39,7,44,42,37,40,44,42,39,31,3,60,39,23,6,14,35,40,25,59,41,22,33,13,4,21,7,18,21,23,13,17,29,18,12,11,49,38,25,22,27,18,34,18,29,27,20,29,5,31,27,109,18,48,14,15,45,31,35,13,25,10,17,18,29,24,19,21,29,7,13,9,42,4,6,17,38,6,28,27,91,23,31,33,17,33,8
23,99,40,29,22,17,37,33,38,18,22,37,32,14,38,29,37,29,17,20,20,32,22,31,14,40,41,14,15,26,22,21,14,17,67,22,20,34,44,18,44,20,21,48,15,17,17,13,22,20,22,39,23,58,34,42,26,26,43,22,21,34,46,22,30,62,14,24,35,19,22,20,30,21,35,39,35,17,53,13,21,28,19,21,25,25,31,50,20,15,20,20,15,22,22,38,22,57,21,27,22,35,21,19,65,67,20,49,42,14,30,24,22,21,16,43,18,35,48,23,19,22,39,19,21,20,131,20,51,51,19,25,64,32,25,49,22,25,21,23,13,34,27,20,27,34,19,23,23,0,26,27,19,24,19,51,27,28,34,16,23,22,31,19,22,29,37,19,14,53,15,52,36,37,40,43,21,48,22,15,15,49,16,23,26,38,63,15,21,16,35,40,23,100,19,14,37,55,30,26,33,22,26,40,36,24,24,22,43,32,12,40,27,36,45,36,16,19,24,19,53,18,21,18,90,31,20,34,31,11,23,32,36,23,15,42,25,26,45,44,24,22,19,31,31,32,93,40,29,30,24,33,26,39,19,31,22,23,14,39,35,22,36,20,45,42,35,37,42,45,31,26,22,58,29,19,21,13,28,38,25,52,37,23,32,18,22,10,22,14,15,20,15,23,29,25,24,20,44,28,24,23,23,21,33,15,31,25,16,25,22,34,23,108,19,41,12,17,43,34,27,23,16,21,10,17,29,16,13,18,22,19,14,24,35,21,22,24,40,20,20,19,92,11,25,34,21,29,22
25,89,37,34,24,20,35,37,42,21,23,36,37,23,43,27,44,25,19,22,25,39,23,22,22,41,39,19,23,27,23,22,22,23,68,25,25,33,48,21,39,25,21,49,28,20,23,23,24,19,24,39,19,59,35,42,22,26,47,23,22,28,39,25,29,62,19,24,34,21,21,25,29,18,36,44,37,23,64,21,22,32,23,24,24,28,31,51,22,21,20,23,25,21,23,41,24,61,24,31,24,43,22,24,60,73,26,54,47,23,33,22,23,22,23,41,24,39,46,25,21,18,37,24,25,24,134,23,53,54,24,25,64,32,27,44,16,28,25,25,23,35,32,22,32,36,25,24,25,26,0,27,25,26,28,54,28,30,39,25,18,24,36,20,25,34,46,18,24,59,29,53,38,40,49,46,19,44,25,25,21,48,22,23,31,39,68,24,22,27,42,43,27,105,23,23,40,59,31,34,33,23,32,36,36,26,25,24,36,38,24,46,24,32,47,39,25,18,22,23,60,30,22,23,91,35,22,33,29,22,35,34,42,20,20,42,24,24,41,44,18,23,23,28,31,40,93,42,34,33,30,38,25,40,24,38,24,35,24,39,41,23,37,25,45,38,34,40,44,43,38,30,24,58,34,25,24,22,33,34,21,58,38,23,28,23,24,22,25,24,25,25,21,23,29,25,25,22,49,34,26,25,24,25,33,24,34,33,23,29,25,32,25,109,22,45,24,20,43,33,33,24,24,25,24,19,27,23,24,18,29,24,22,26,38,24,21,20,42,23,28,28,96,22,32,31,20,31,26
31,91,34,31,29,23,37,35,25,29,30,45,38,23,37,32,36,21,27,22,32,39,29,33,30,42,40,29,27,28,29,27,29,29,66,30,29,34,45,23,44,27,28,49,26,25,29,25,30,24,28,36,28,56,33,38,19,31,39,31,30,30,42,30,21,61,29,31,34,27,28,27,24,27,34,38,34,27,63,24,30,26,28,29,30,26,31,48,28,24,30,27,29,22,28,39,29,55,31,25,30,40,24,28,69,72,29,52,50,25,20,31,31,30,26,37,30,34,43,31,23,27,34,27,30,29,132,23,48,48,26,33,63,32,32,37,26,29,30,32,29,32,28,27,24,36,26,26,31,27,27,0,28,31,24,53,32,21,31,27,26,30,35,26,31,27,45,27,26,59,24,46,28,39,46,39,26,48,29,24,26,47,29,23,26,37,64,26,28,23,39,41,30,102,28,25,30,55,23,31,28,29,31,39,42,31,31,30,46,31,24,39,31,36,32,33,28,28,33,25,55,26,30,31,85,28,29,35,31,25,34,30,38,24,29,40,31,31,41,45,33,31,28,35,31,35,86,40,32,33,31,34,29,43,28,31,31,34,25,36,34,29,26,29,41,39,35,34,39,43,37,27,29,57,33,24,30,28,29,36,25,54,34,33,31,29,30,28,31,27,26,25,29,29,28,30,29,26,48,34,26,28,28,28,29,26,23,30,28,25,31,27,30,106,24,41,27,27,44,31,25,28,27,33,28,25,32,24,26,19,27,31,28,32,40,28,31,25,42,29,31,32,95,24,28,38,24,28,32
27,98,39,33,26,21,38,33,40,25,24,42,37,21,35,31,42,23,20,23,25,36,28,27,17,40,41,18,21,25,26,24,20,21,71,25,25,29,46,22,44,26,21,49,27,21,25,21,28,24,24,39,25,56,35,38,23,24,43,28,24,35,48,25,26,63,18,29,35,23,25,24,29,28,38,41,37,21,60,22,25,25,24,24,20,25,32,50,24,20,24,26,19,25,25,40,24,60,28,31,28,45,23,23,63,72,25,48,44,24,28,25,28,26,15,46,21,37,46,27,17,24,38,24,24,25,133,24,52,52,24,28,66,32,29,47,20,26,26,28,19,34,28,24,30,34,24,28,29,19,25,28,0,28,28,47,31,26,36,23,24,28,34,25,26,31,36,23,21,56,22,51,34,39,45,46,25,48,27,23,19,51,20,26,27,39,67,22,27,20,37,45,27,96,23,18,39,56,31,29,34,28,27,43,41,28,29,28,49,37,18,42,29,36,43,37,22,21,30,23,56,28,26,25,90,33,22,32,32,23,35,31,41,25,19,44,28,29,44,44,23,28,27,33,30,37,90,44,31,28,30,32,28,36,22,36,27,35,26,38,39,28,29,23,46,40,33,38,45,47,36,30,28,57,36,25,25,17,33,37,27,54,37,25,32,23,28,17,26,25,25,24,19,28,28,28,27,24,49,31,26,18,28,23,27,22,35,31,24,20,26,34,31,111,22,38,20,24,43,35,31,25,15,27,17,25,31,23,25,25,26,28,20,29,40,27,26,25,45,26,27,26,90,23,25,34,21,32,26
10,99,43,35,4,23,40,34,38,22,13,44,33,23,40,30,39,27,11,19,12,42,9,26,15,36,41,17,21,25,5,15,15,18,70,8,22,35,50,17,42,7,14,53,27,18,9,16,7,17,14,41,25,59,36,41,25,27,49,7,16,36,48,7,29,68,17,17,36,12,12,7,31,20,34,37,34,11,66,23,9,30,8,9,29,29,35,53,7,23,14,7,24,24,10,42,5,64,15,29,5,43,25,12,70,76,2,54,52,15,35,20,4,5,23,48,26,28,48,6,25,14,34,12,8,8,136,21,55,52,6,19,63,35,3,48,25,28,9,7,22,31,33,14,33,32,21,16,4,24,26,31,28,0,28,58,24,29,36,16,26,7,40,18,5,33,49,17,17,62,26,52,33,39,49,46,13,50,5,19,17,50,10,29,31,40,70,19,12,25,42,46,15,106,19,16,36,62,32,35,35,9,32,37,33,0,24,4,45,34,22,41,25,38,47,33,23,25,16,17,59,26,13,21,90,32,23,35,37,23,36,33,43,16,17,40,27,17,39,45,18,4,19,36,32,41,94,42,34,34,30,41,26,44,24,36,5,36,23,38,44,9,37,9,43,38,35,40,43,42,39,31,5,58,38,24,4,15,33,38,25,59,39,25,32,15,6,20,5,18,21,21,12,17,28,18,14,8,47,38,26,21,28,19,34,16,33,26,19,27,3,31,24,107,18,46,16,16,44,33,33,14,24,11,18,18,30,25,19,21,28,8,14,11,41,6,5,16,37,8,26,26,92,23,30,30,16,32,8
31,98,43,32,28,26,38,35,43,29,25,45,35,23,42,29,43,24,25,25,29,36,28,31,25,35,39,26,24,33,28,27,26,25,68,30,28,37,48,26,42,29,23,51,18,23,27,27,32,22,26,42,30,58,29,43,25,32,43,30,30,30,42,29,23,67,26,22,35,24,24,31,28,28,38,38,37,25,66,19,28,25,29,29,29,20,33,54,27,19,25,26,29,28,28,44,28,62,30,30,30,41,23,30,66,71,29,56,50,26,35,17,28,27,14,42,28,35,46,29,27,25,37,27,30,27,133,25,50,51,31,28,66,35,28,44,29,28,29,29,23,31,30,23,29,33,18,33,30,19,28,24,28,28,0,58,28,28,41,24,28,32,34,24,30,26,46,22,21,59,13,56,36,36,47,43,25,47,29,24,26,52,25,27,32,38,68,24,28,17,41,45,28,103,20,25,33,60,34,32,36,30,31,35,36,28,28,29,39,36,28,40,29,36,49,36,22,31,31,28,62,24,24,24,94,36,24,33,37,19,33,33,45,25,25,40,19,22,40,48,26,28,29,33,27,41,92,40,32,33,32,38,25,34,24,38,28,33,25,34,35,30,37,30,40,42,35,42,43,43,32,33,28,61,34,26,28,27,30,36,31,54,37,32,35,29,31,21,30,28,22,29,25,30,26,27,27,28,53,34,24,18,27,25,31,27,35,30,24,21,28,32,30,106,26,47,22,23,43,38,28,29,26,27,23,22,29,25,28,25,15,23,26,30,38,28,25,26,41,29,11,22,95,22,30,36,25,30,27
57,97,53,52,56,51,49,58,60,53,57,55,57,54,59,55,56,55,54,57,56,52,58,61,50,60,59,52,49,57,56,53,52,49,66,56,52,57,52,52,67,56,56,49,56,52,56,54,58,58,56,54,55,60,61,57,54,57,52,58,56,49,45,56,56,63,52,57,59,52,55,55,51,55,56,57,55,53,63,54,55,50,55,55,55,55,52,59,52,54,54,56,46,55,56,62,56,56,56,51,58,56,53,49,60,78,56,59,47,54,54,59,58,55,54,57,50,54,53,57,53,56,59,56,56,56,138,56,49,54,55,59,54,49,59,55,55,52,56,58,49,56,57,56,55,61,52,60,59,51,54,53,47,58,58,0,53,56,52,55,49,58,51,57,56,54,42,56,52,62,55,36,59,52,54,45,55,61,57,54,50,50,51,51,50,56,69,54,57,55,54,53,56,103,56,52,59,62,54,48,56,58,51,64,59,58,58,58,62,54,52,53,51,55,58,60,53,56,55,54,47,57,58,57,89,57,52,57,57,55,55,51,54,58,52,56,60,57,61,58,58,58,55,51,54,53,87,60,59,56,58,47,56,55,58,54,57,55,55,50,48,58,56,55,55,59,56,56,49,55,60,55,58,51,56,54,55,53,55,50,58,54,55,54,56,50,58,51,56,56,54,55,52,56,58,56,56,55,57,51,54,55,58,59,54,54,53,57,56,57,56,58,57,104,51,52,53,55,53,54,56,55,43,56,51,59,55,53,54,56,52,57,53,59,53,57,56,59,61,56,58,56,83,56,55,57,57,56,57
24,100,45,32,24,27,37,30,42,22,23,45,28,27,46,25,41,27,21,23,16,42,20,30,24,42,44,23,24,22,21,24,23,24,68,21,24,30,50,25,46,22,22,52,28,23,24,24,24,25,20,37,25,58,33,43,26,26,50,25,21,28,39,20,31,68,23,21,39,19,22,22,33,19,38,38,37,21,62,23,25,24,23,22,23,28,35,52,22,23,22,23,26,22,25,43,20,63,20,26,24,41,26,24,70,74,22,50,51,24,34,27,25,22,24,48,27,31,47,21,26,23,41,22,21,22,137,21,55,50,22,26,62,34,24,46,25,25,19,25,23,29,32,22,27,37,22,26,24,27,28,32,31,24,28,53,0,27,33,22,20,24,38,22,20,32,42,23,23,60,25,45,34,38,49,45,21,47,23,24,25,50,24,30,27,37,68,25,25,27,42,43,17,106,24,22,41,61,31,30,36,24,27,36,38,24,22,24,41,34,27,41,20,40,46,36,23,22,9,25,57,28,22,23,93,30,23,32,36,23,36,34,39,22,22,40,27,21,44,40,17,25,22,22,32,36,95,44,27,33,28,38,20,45,23,35,25,36,21,36,43,24,37,21,43,41,33,38,43,40,38,32,24,56,32,25,23,23,35,35,24,57,39,21,30,25,24,23,20,24,23,18,23,19,26,23,22,21,46,37,25,21,24,20,29,21,29,23,24,28,23,32,16,105,22,47,24,22,42,29,32,24,28,20,24,27,25,24,24,23,25,23,23,26,37,23,23,23,41,24,25,20,89,26,23,16,22,29,21
29,95,35,32,27,21,39,27,35,25,25,41,31,23,33,26,39,22,26,20,28,37,27,34,28,45,42,27,25,26,27,27,28,26,63,28,27,35,45,24,45,25,23,51,19,24,28,25,28,16,26,39,26,55,34,43,23,25,42,29,26,27,40,28,26,65,27,30,32,24,24,26,24,27,38,39,38,26,60,28,27,27,26,27,28,28,30,47,26,28,25,27,27,27,25,37,27,60,28,30,28,38,22,27,65,69,27,51,49,24,21,25,29,27,26,42,25,34,44,29,25,25,40,26,27,27,131,23,50,47,26,32,57,32,30,43,26,24,28,29,26,27,30,27,28,32,22,27,29,28,30,21,26,29,28,56,27,0,32,25,17,28,33,24,29,30,43,24,24,57,28,52,23,32,37,42,26,50,27,24,26,49,27,20,24,34,62,25,26,19,38,39,27,106,21,26,39,55,24,35,32,27,29,41,40,29,26,28,45,34,23,38,17,36,40,38,27,24,30,23,58,19,25,26,75,25,24,36,33,28,34,32,39,15,27,36,30,30,43,47,29,29,24,35,30,40,82,40,25,32,25,40,29,44,28,32,29,34,26,35,41,27,23,27,38,42,34,33,38,39,37,29,27,58,36,27,28,26,25,33,27,53,35,29,33,27,28,26,29,25,24,24,28,27,24,28,28,29,45,31,24,20,23,21,27,25,29,31,26,27,29,25,30,101,24,42,26,28,44,27,32,26,28,29,26,23,20,23,24,22,23,31,27,29,37,26,28,15,42,27,22,30,92,21,24,34,17,27,28
36,97,36,25,34,27,33,32,32,33,32,46,28,32,35,31,23,30,32,29,36,33,36,40,32,38,41,31,29,35,35,32,31,31,65,35,35,33,46,27,52,34,30,40,32,31,35,29,37,33,34,29,34,52,39,43,21,31,45,38,36,28,40,35,38,60,31,38,36,33,33,34,28,30,34,26,34,30,57,34,34,29,33,34,37,38,25,45,34,34,34,34,33,27,35,44,34,59,35,27,37,38,26,33,61,68,34,43,40,29,30,35,38,34,34,34,30,34,42,36,30,32,40,34,35,34,135,27,44,41,30,37,55,29,34,40,38,29,34,33,29,31,31,34,38,28,30,37,34,34,39,31,36,36,41,52,33,32,0,32,29,37,30,37,35,31,41,32,28,49,33,46,30,31,37,40,32,54,36,31,29,47,31,26,21,31,62,31,35,30,29,30,35,97,31,29,34,54,32,24,33,36,32,39,36,36,37,37,46,11,28,32,35,35,41,41,31,33,35,29,46,32,32,34,83,32,34,29,32,34,32,35,27,33,31,38,39,38,42,50,36,38,28,39,33,35,88,44,25,31,29,27,36,33,37,11,38,32,33,40,33,36,34,34,39,44,35,39,28,42,36,35,36,56,38,27,34,32,33,40,36,48,40,30,36,29,37,27,35,32,31,34,29,34,29,37,36,34,39,32,28,34,30,31,35,29,22,39,35,39,35,34,32,103,31,35,29,34,38,34,39,34,34,31,26,34,31,33,29,32,31,32,32,33,44,35,35,34,40,34,39,33,86,31,29,33,31,29,36
19,99,39,32,16,14,39,30,36,19,15,39,33,10,35,24,35,27,16,18,16,38,18,31,14,40,41,12,20,22,18,15,11,16,65,17,20,37,47,6,43,17,16,49,19,18,18,6,18,16,16,38,24,56,32,44,25,25,45,18,18,36,47,16,27,63,12,22,34,19,16,15,32,15,34,35,34,14,59,16,18,26,16,17,27,25,33,51,16,16,19,15,22,19,15,35,18,60,20,23,17,40,17,18,68,72,15,50,46,7,29,20,17,17,19,40,21,32,49,18,20,18,38,17,16,15,130,23,51,50,14,23,62,33,16,45,21,23,19,18,16,28,26,17,27,27,12,14,17,16,25,27,23,16,24,55,22,25,32,0,26,18,36,14,18,29,46,12,12,55,21,52,32,33,39,45,16,48,15,1,10,49,14,24,24,37,64,5,17,22,36,41,15,98,9,11,34,53,26,33,34,16,28,39,35,16,24,17,43,29,16,39,27,36,45,37,12,24,20,2,55,23,12,19,86,26,18,33,35,13,23,35,39,11,12,39,22,22,42,45,22,17,21,34,32,34,93,42,31,29,24,37,26,39,23,30,17,23,19,39,41,16,36,17,44,40,32,35,41,44,35,31,16,58,35,19,17,10,29,39,25,54,37,27,32,15,17,18,18,8,11,20,10,16,26,21,18,18,44,34,14,16,23,17,32,9,31,26,17,25,17,31,23,109,18,41,9,18,44,34,29,18,20,16,9,14,24,19,9,14,21,17,10,19,41,17,17,10,40,17,22,21,92,11,23,34,15,29,18
28,90,38,28,25,18,30,29,39,19,26,41,30,24,37,24,38,19,20,22,26,32,29,29,26,34,40,23,23,25,28,22,23,23,67,25,21,34,40,23,47,27,21,46,26,22,23,24,26,26,22,32,25,53,35,40,23,27,41,29,28,21,32,25,25,60,23,23,33,15,26,26,30,21,33,35,32,23,59,21,24,18,26,25,21,18,25,47,20,23,21,26,19,20,23,37,24,62,25,25,26,40,19,23,63,70,27,48,37,26,29,25,29,23,21,41,19,29,41,28,23,19,34,24,24,27,132,20,46,48,25,27,58,24,27,38,21,23,22,26,24,29,31,21,29,34,21,29,27,23,18,26,24,26,28,49,20,17,29,26,0,26,28,24,26,26,40,18,23,55,21,43,31,35,43,35,22,48,27,24,23,41,24,20,21,31,63,25,28,23,35,42,25,103,23,23,37,56,27,27,28,29,23,38,36,26,22,26,39,30,22,37,21,32,38,34,24,20,24,25,51,23,26,25,86,28,19,32,26,21,34,25,36,23,22,39,29,23,40,43,23,29,19,33,29,34,91,35,31,27,26,31,18,33,22,29,29,34,25,36,35,29,29,23,40,40,35,35,37,37,29,27,28,51,36,21,25,23,31,37,20,51,36,20,32,26,26,23,26,25,24,21,22,23,24,22,23,19,42,29,23,19,20,21,30,25,29,23,24,21,26,18,24,105,18,38,26,21,32,30,29,20,20,26,24,26,24,17,25,22,19,26,24,27,40,28,26,26,38,28,30,22,86,26,24,31,25,25,26
8,98,42,36,8,22,40,34,39,20,15,45,35,22,43,28,43,28,12,16,13,41,11,25,16,39,42,17,22,28,8,15,13,20,71,4,22,37,49,16,43,8,15,52,26,16,5,16,3,18,14,41,24,60,37,42,26,27,50,9,17,37,48,4,30,67,17,23,37,13,13,4,29,20,35,41,35,13,66,24,12,30,7,5,28,30,34,53,10,24,13,7,25,22,8,40,8,63,13,31,3,42,24,12,70,77,7,55,52,16,36,26,9,7,24,49,26,33,49,4,26,14,39,11,5,8,135,19,56,53,5,22,63,34,11,47,23,28,10,15,22,32,34,14,34,35,22,18,5,22,24,30,28,7,32,58,24,28,37,18,26,0,39,20,5,33,49,15,18,62,26,53,36,40,50,45,11,50,4,18,15,51,11,30,31,39,71,18,11,24,43,47,14,109,18,14,40,62,32,35,35,11,32,38,36,7,25,3,47,37,20,45,28,37,48,40,24,25,18,16,59,27,15,20,91,32,21,35,35,24,37,33,42,18,17,41,28,23,42,44,24,9,20,36,34,42,95,43,33,33,30,41,27,43,25,37,9,37,24,39,44,11,38,5,44,39,37,39,43,44,39,30,7,59,38,22,5,13,34,39,24,58,40,25,32,15,3,20,5,18,22,22,13,16,28,17,13,12,48,37,24,22,26,17,33,18,34,26,20,28,5,30,23,110,17,47,16,16,44,32,34,14,24,13,16,20,28,23,18,20,28,13,13,11,41,7,7,18,40,4,30,27,94,22,30,32,18,32,6
39,95,37,23,36,34,34,33,38,32,34,45,28,34,38,31,37,32,34,31,38,9,39,42,35,35,42,34,33,35,38,36,34,36,65,38,32,35,39,33,54,36,32,38,35,27,36,34,39,35,35,30,35,51,35,39,34,34,45,39,39,24,36,38,36,58,34,40,41,35,34,37,32,37,22,35,21,33,62,32,36,32,37,37,30,35,31,45,37,32,37,37,37,30,36,39,37,56,36,33,39,41,32,34,58,68,38,51,43,35,38,38,39,36,32,38,33,38,37,39,36,35,43,37,37,37,133,30,45,50,36,37,63,25,41,45,34,29,36,39,34,36,34,34,35,41,31,41,40,31,36,35,34,40,34,51,38,33,30,36,28,39,0,38,38,29,39,33,33,52,32,50,36,30,44,43,34,52,38,35,35,45,34,34,30,27,63,35,38,33,36,39,36,93,33,33,41,52,31,29,31,39,34,38,35,40,41,39,43,28,32,37,39,35,42,43,35,35,40,35,57,29,34,38,86,37,29,32,38,32,35,36,30,35,34,39,36,40,39,47,36,39,36,35,32,38,88,46,31,34,30,31,39,26,34,27,38,35,35,43,27,39,38,38,38,45,38,44,33,42,32,31,39,57,37,29,37,34,34,43,40,37,40,40,41,36,39,32,38,36,35,38,32,37,30,39,37,36,43,11,30,33,31,31,34,36,33,37,34,35,38,30,36,105,35,37,34,37,38,33,34,34,33,38,33,37,31,19,36,37,26,38,34,39,37,38,37,36,40,37,34,32,92,35,30,35,35,30,38
21,100,36,36,19,19,43,35,35,17,18,42,34,19,41,23,41,27,20,18,19,40,20,31,17,40,38,16,18,25,21,20,15,17,66,21,18,37,48,16,41,20,22,51,20,16,21,16,20,15,21,43,23,61,33,38,25,26,48,20,22,32,47,20,26,67,16,22,38,21,22,20,32,18,32,38,32,16,62,25,21,26,20,21,28,31,32,54,18,25,20,19,26,22,20,38,21,60,24,25,18,43,23,20,71,75,19,54,49,14,36,12,20,20,17,44,24,35,49,19,26,22,38,21,20,19,127,18,54,49,20,21,63,34,19,49,20,25,20,18,20,32,31,22,34,29,21,16,19,19,20,26,25,18,24,57,22,24,37,14,24,20,38,0,21,33,50,20,22,60,27,55,32,40,46,46,19,50,19,15,14,51,16,31,29,38,69,13,20,19,43,47,22,102,15,15,32,52,32,36,34,19,29,33,35,18,28,18,45,33,15,42,27,37,44,37,21,23,24,14,59,24,19,19,87,32,16,37,33,21,35,35,38,11,16,42,26,22,41,48,16,20,23,34,32,37,94,41,30,28,26,41,27,39,19,37,20,35,25,40,39,19,35,21,44,43,32,37,42,43,38,28,20,60,36,21,20,14,33,40,27,57,36,23,34,21,19,16,21,16,16,22,14,18,28,25,24,20,46,36,21,23,24,11,30,13,30,33,17,24,19,29,22,109,20,49,12,23,47,34,30,22,24,21,15,14,23,20,17,11,28,17,14,19,42,18,19,10,40,20,16,20,94,16,25,35,11,32,20
8,100,43,34,4,22,37,33,36,21,14,45,33,22,43,29,41,27,11,21,11,38,12,24,14,39,41,16,20,27,7,13,14,19,70,5,21,34,47,16,42,6,14,51,27,18,5,16,3,19,14,38,23,58,36,44,25,28,48,9,12,34,46,3,29,67,16,21,36,12,12,5,31,19,37,39,37,11,64,22,11,27,6,7,28,28,34,53,7,22,12,6,23,22,7,40,7,62,13,31,4,43,24,11,69,76,5,53,50,16,34,22,9,6,22,45,24,30,48,6,24,14,39,10,6,7,136,23,54,52,10,22,62,35,6,48,24,26,9,10,20,32,32,13,32,33,20,17,7,22,25,31,26,5,30,56,20,29,35,18,26,5,38,21,0,32,47,13,18,60,25,52,35,40,48,46,9,47,5,18,16,50,9,28,28,40,69,18,10,25,41,45,10,107,18,14,39,60,31,33,34,10,30,39,36,5,23,5,47,35,20,43,25,35,47,39,22,23,14,16,56,28,14,20,92,31,22,33,36,22,37,32,41,19,16,40,29,21,41,44,19,9,21,32,32,40,94,44,32,32,31,39,23,42,24,35,8,37,25,36,42,10,37,4,44,36,34,40,41,44,37,32,6,56,37,23,2,14,33,36,26,57,39,24,32,14,3,18,0,18,20,20,11,16,29,15,11,9,46,36,25,20,28,20,33,18,33,25,18,27,2,32,23,110,20,45,16,14,42,35,32,14,23,10,16,21,29,24,18,21,27,13,14,13,40,6,6,19,41,5,28,26,91,22,28,28,19,31,5
33,93,36,26,30,24,31,28,36,30,31,47,32,28,38,26,38,28,28,28,31,31,33,32,30,38,38,29,30,29,31,28,30,31,69,33,33,35,45,25,44,31,29,42,27,30,27,27,33,30,28,32,33,51,37,39,28,29,44,34,32,26,37,33,24,61,29,36,33,32,30,32,30,26,32,28,31,29,59,16,32,25,31,32,31,19,26,49,31,16,28,31,31,26,31,40,32,52,28,26,33,33,26,31,67,72,32,48,48,27,30,35,34,32,23,38,30,37,40,33,25,29,40,29,33,32,131,25,46,48,31,37,63,32,34,44,33,23,32,32,26,28,28,27,35,37,25,36,34,29,34,27,31,33,26,54,32,30,31,29,26,33,29,33,32,0,43,26,26,58,19,48,32,26,37,43,30,53,32,29,28,51,29,25,17,30,63,28,32,25,35,40,31,102,27,29,36,54,27,25,35,33,25,39,38,33,33,33,45,28,25,35,31,35,39,36,28,31,32,27,57,27,30,26,86,29,28,27,34,16,28,31,37,28,30,32,34,36,40,47,37,34,29,36,29,32,87,39,31,33,24,35,31,33,34,28,34,28,29,41,32,33,33,33,39,44,42,38,30,41,35,26,32,54,35,26,31,30,29,41,30,47,42,32,36,31,33,28,32,29,30,30,27,30,21,32,31,29,39,29,25,26,26,29,30,29,31,33,21,23,32,28,29,106,27,42,29,30,37,35,26,30,28,31,29,29,25,29,29,30,18,27,30,33,43,32,32,30,43,32,30,26,89,23,24,33,30,15,31
48,96,47,41,47,42,43,48,44,44,48,46,48,45,41,39,47,45,43,46,47,39,49,51,41,47,48,42,38,45,47,44,42,39,70,47,39,46,39,43,57,46,45,44,45,42,47,45,49,47,47,35,45,58,52,45,43,44,42,49,45,39,35,47,49,62,42,48,49,41,46,46,46,47,45,48,44,42,61,44,46,40,46,46,48,43,45,55,43,44,43,47,35,45,47,51,47,58,47,45,49,40,46,40,56,72,47,53,43,45,44,48,49,46,45,50,40,47,45,48,45,44,48,47,47,47,136,45,42,48,46,49,49,42,49,40,41,44,47,49,40,48,44,47,47,52,45,51,49,37,46,45,36,49,46,42,42,43,41,46,40,49,39,50,47,43,0,45,43,56,45,41,47,38,43,40,46,51,48,45,41,46,42,39,40,39,64,45,48,42,41,46,47,98,45,43,46,56,46,37,47,49,44,49,47,49,47,49,52,46,43,46,44,46,47,52,44,45,44,45,49,44,48,47,82,49,46,48,42,45,46,40,43,47,41,50,48,48,48,48,49,49,47,45,45,42,90,49,49,49,46,34,43,44,47,46,48,46,49,40,44,49,46,45,43,51,48,48,40,42,46,46,49,52,44,40,46,43,42,43,47,51,47,43,48,41,49,42,47,47,45,46,41,45,46,46,47,46,42,39,46,44,45,48,46,45,44,46,47,47,47,44,48,107,41,42,44,46,43,45,45,46,34,46,42,49,39,43,45,46,42,48,43,50,51,48,47,48,48,47,48,46,83,45,42,40,46,39,48
17,93,40,30,12,15,34,27,38,19,12,45,31,16,39,24,38,22,7,13,10,35,11,25,16,38,41,12,19,25,13,9,13,18,68,14,20,34,41,10,41,13,11,45,26,11,13,10,15,15,7,34,22,52,34,40,23,23,46,14,17,26,38,14,24,64,12,19,32,6,12,12,28,14,35,37,35,13,60,17,13,22,13,14,25,23,27,43,14,17,10,11,22,15,8,35,14,60,10,28,15,35,18,12,63,71,15,49,48,11,30,20,14,10,19,42,21,31,41,15,18,7,35,12,16,15,134,16,49,51,12,19,60,29,17,41,21,24,14,15,18,29,26,10,31,30,18,16,16,19,18,27,23,17,22,56,23,24,32,12,18,15,33,20,13,26,45,0,14,56,22,46,34,33,43,36,7,44,15,13,12,44,14,25,26,32,66,12,13,19,38,43,11,103,13,13,39,56,27,32,27,11,29,37,35,17,15,15,41,32,16,40,20,27,41,37,19,17,13,10,54,22,10,15,88,28,20,29,31,17,35,24,37,15,13,36,26,19,40,41,15,14,17,31,24,34,90,35,23,26,24,36,21,36,19,32,14,35,20,33,37,11,32,14,38,38,31,37,38,38,33,27,13,52,36,18,14,13,28,33,22,52,34,20,28,13,15,16,13,15,15,13,13,13,23,7,10,11,43,31,21,20,20,14,28,13,32,21,14,22,13,22,20,103,16,42,13,16,33,29,31,7,21,15,12,15,24,17,15,15,21,17,13,16,36,12,12,14,39,13,21,20,88,17,26,30,14,26,17
19,96,39,29,16,6,37,26,36,21,17,42,31,11,37,20,35,18,16,16,17,37,19,28,14,39,43,14,15,23,16,14,14,14,63,18,19,32,47,5,40,16,16,45,21,16,18,5,18,12,17,35,21,53,35,44,21,24,42,21,17,34,46,18,26,61,14,21,32,17,15,16,24,17,38,36,38,15,58,15,16,26,16,17,25,21,30,50,17,13,18,15,18,17,16,35,15,61,17,26,18,39,17,17,64,69,17,47,45,6,29,17,21,17,11,43,20,31,45,19,18,17,38,18,17,17,134,17,45,51,14,24,62,28,18,43,20,19,18,19,15,30,21,16,24,28,8,17,18,14,24,26,21,17,21,52,23,24,28,12,23,18,33,22,18,26,43,14,0,56,19,49,32,31,41,44,15,46,17,3,9,49,14,15,27,34,59,7,18,20,33,35,18,100,9,12,38,59,22,28,32,19,25,40,34,17,23,18,45,27,13,36,27,32,44,35,4,20,18,7,51,22,17,17,87,23,19,32,34,15,31,31,35,15,10,38,25,21,42,45,23,21,19,35,34,32,87,42,25,27,24,35,21,38,21,26,21,31,19,37,39,19,32,16,40,39,32,35,38,41,32,27,19,55,31,14,17,14,31,37,24,55,33,20,30,17,18,6,18,6,8,17,14,15,22,14,15,17,45,33,21,8,22,16,31,5,27,25,17,25,18,29,26,105,18,40,12,16,42,32,23,15,23,17,10,16,20,20,5,15,22,17,15,20,36,18,18,14,40,15,22,20,89,13,23,31,13,27,18
61,105,60,52,60,56,58,46,67,58,57,62,50,50,61,46,60,58,57,54,58,56,62,59,55,68,70,52,49,55,60,59,53,55,77,59,61,59,58,56,64,60,55,57,52,58,60,57,62,62,56,59,61,54,55,62,58,57,63,63,60,53,57,59,60,57,52,59,63,56,58,59,58,57,58,56,58,54,43,59,56,56,59,58,63,59,52,55,58,59,57,60,54,54,57,64,59,68,58,58,62,56,55,59,63,73,60,42,47,58,53,63,63,58,58,66,50,61,62,61,51,57,65,59,58,60,127,56,58,65,59,65,68,56,63,59,59,51,58,64,45,51,45,56,58,63,56,63,63,53,59,59,56,62,59,62,60,57,49,55,55,62,52,60,60,58,56,56,56,0,60,63,64,30,55,64,59,66,61,54,54,61,54,54,54,50,47,50,61,56,54,52,58,89,52,48,62,36,53,47,58,62,48,69,67,62,56,62,74,53,47,57,57,50,62,63,54,58,60,52,62,59,58,55,95,52,56,52,62,59,55,56,54,59,53,59,62,59,69,56,65,63,58,56,64,55,96,70,59,54,51,49,59,55,63,51,63,55,60,61,54,62,59,57,57,64,59,61,50,60,54,59,62,64,56,53,59,50,58,60,59,63,61,56,58,60,62,52,60,59,58,57,54,56,51,58,60,58,60,56,55,60,56,55,58,59,57,64,62,61,60,54,63,116,59,51,54,59,51,58,57,57,57,60,51,61,45,52,58,58,56,63,53,65,51,61,60,59,64,60,60,57,98,57,55,61,59,53,60
26,95,39,30,23,18,38,27,39,25,23,46,30,19,39,24,40,27,22,26,25,33,26,26,22,40,43,19,21,25,24,22,20,23,70,26,26,36,47,19,42,24,24,46,22,23,20,21,26,22,23,35,27,52,36,37,21,28,45,27,24,32,44,26,21,63,19,28,31,23,24,25,24,23,35,33,34,19,57,7,25,25,24,25,21,14,33,51,24,10,22,24,25,21,24,40,25,57,22,25,26,33,20,24,67,70,25,51,45,21,28,21,27,25,19,44,21,35,44,26,18,25,41,24,26,25,134,23,50,50,24,28,65,30,27,47,28,25,24,26,15,35,25,22,32,35,13,23,27,15,29,24,22,26,13,55,25,28,33,21,21,26,32,27,25,19,45,22,19,60,0,54,35,34,41,44,23,50,25,21,19,52,23,30,26,39,69,19,25,20,38,44,24,103,20,19,40,58,28,28,35,26,32,39,37,26,23,26,48,33,18,36,27,30,44,36,21,23,25,21,57,20,23,21,89,32,23,30,35,9,29,34,40,22,20,34,27,28,44,46,23,27,24,35,29,34,91,43,28,29,29,37,23,37,24,34,27,29,28,38,33,26,34,26,44,40,37,35,39,41,35,26,25,58,35,16,24,20,28,36,25,49,33,26,32,24,26,19,25,23,20,25,19,26,28,25,24,24,45,30,23,18,24,25,33,23,31,26,14,16,25,34,27,107,24,42,21,23,43,31,27,25,24,24,21,20,24,17,23,24,14,20,20,27,40,25,25,23,43,25,22,21,92,17,28,33,23,22,26
52,88,45,48,49,45,48,47,51,51,49,50,47,52,53,43,53,47,46,47,50,52,49,58,50,50,55,48,47,46,47,47,48,48,65,51,49,48,46,48,53,49,46,46,51,49,51,50,53,52,49,42,46,57,54,52,51,48,43,53,46,38,42,51,55,53,48,52,49,48,47,50,51,48,52,52,52,49,64,54,49,42,48,50,50,55,47,40,51,54,47,49,46,48,51,53,47,58,51,49,53,50,50,46,56,69,50,49,51,50,49,53,53,51,49,58,48,47,47,52,48,44,56,47,51,49,137,46,46,48,50,53,53,45,52,39,52,45,52,55,49,47,53,48,53,52,50,54,54,52,53,46,51,52,56,36,45,52,46,52,43,53,50,55,52,48,41,46,49,63,54,0,49,45,48,37,49,51,52,51,50,40,50,48,47,43,65,51,48,50,47,46,51,102,52,50,52,60,51,44,47,49,51,57,56,52,50,53,61,51,49,50,38,48,47,52,50,43,46,50,44,50,48,48,84,48,54,50,49,54,50,39,50,52,48,46,56,52,51,50,55,53,47,48,50,50,85,54,53,51,47,43,50,50,56,51,53,50,52,41,48,49,50,50,46,53,50,47,47,42,50,51,51,32,49,49,51,49,50,39,51,50,50,47,42,43,53,51,52,53,52,47,49,51,47,50,51,47,48,50,52,51,49,49,46,52,49,51,54,54,52,41,56,105,44,47,52,48,44,41,52,48,45,50,51,52,44,52,52,51,51,54,49,56,53,50,52,53,56,47,57,51,79,53,49,46,52,47,51
35,92,38,30,33,31,39,34,31,29,32,42,34,33,31,31,33,30,33,31,37,38,32,42,35,41,39,35,34,32,34,34,35,35,67,35,33,32,46,31,50,31,31,50,31,28,34,31,36,20,34,37,32,53,33,43,31,31,48,35,34,32,40,33,34,64,35,32,37,34,32,33,30,34,36,33,36,33,65,35,34,34,33,34,36,37,31,49,34,35,35,33,31,30,32,45,34,58,32,28,34,42,30,33,69,74,32,50,49,30,32,37,33,32,35,34,33,35,45,33,32,33,41,35,34,33,135,31,52,50,33,37,60,32,34,45,35,31,35,35,36,32,33,34,35,27,31,32,35,36,38,28,34,33,36,59,34,23,30,32,31,36,36,32,35,32,47,34,32,64,35,49,0,38,40,42,33,55,32,34,33,48,34,30,24,40,63,32,34,35,31,39,35,105,30,35,26,52,27,30,32,34,36,41,40,33,35,34,45,27,32,37,37,38,43,34,34,35,35,32,61,28,32,36,78,32,31,35,37,33,25,33,40,23,35,36,38,32,42,49,38,33,32,34,34,41,85,38,32,32,32,41,35,41,34,31,33,25,31,37,40,34,24,34,35,43,35,40,37,38,41,33,33,58,34,29,33,35,33,37,34,54,37,35,38,35,35,32,35,30,32,35,32,35,31,34,33,34,44,31,31,30,28,29,30,31,25,35,35,32,33,29,36,101,33,43,32,34,42,33,29,33,32,35,34,29,31,32,32,31,29,30,34,36,40,32,32,22,42,33,37,34,93,32,29,37,28,31,36
41,94,40,29,40,35,40,20,39,37,34,49,28,30,44,18,40,37,36,31,38,32,41,46,38,40,43,32,35,32,38,37,33,38,62,39,41,42,36,33,55,38,33,37,41,33,39,35,40,34,36,32,38,46,41,43,38,36,47,43,40,34,37,39,37,60,32,42,40,38,35,38,39,34,35,35,35,34,52,30,38,36,38,38,37,38,32,46,40,32,38,39,37,30,38,30,38,62,39,34,40,33,34,39,61,61,39,48,40,34,35,38,43,37,32,40,30,38,38,41,32,36,42,38,38,39,133,32,40,47,38,44,57,28,40,44,41,23,39,42,32,24,32,38,39,37,31,41,40,37,40,39,39,39,36,52,38,32,31,33,35,40,30,40,40,26,38,33,31,30,34,45,38,0,36,46,36,54,40,32,37,46,37,34,32,23,53,28,40,35,32,37,38,97,28,34,37,51,31,29,35,41,34,44,41,39,38,40,50,39,32,43,37,31,44,47,35,36,38,30,53,34,33,35,80,31,36,29,46,34,30,35,39,35,33,36,38,42,45,50,41,43,37,33,39,40,84,43,38,32,23,32,40,34,41,37,43,30,38,42,34,41,37,38,39,48,35,43,26,33,37,36,41,54,38,29,39,30,37,42,42,49,39,40,45,40,40,37,40,37,32,39,34,36,23,40,40,40,44,30,29,37,33,31,37,37,32,40,38,36,40,30,41,103,38,38,36,40,38,33,39,35,41,39,35,35,17,31,36,36,26,38,33,43,36,40,39,35,48,38,37,33,88,36,30,38,38,20,40
49,96,47,40,47,42,45,38,50,46,48,49,46,39,30,34,48,43,45,41,46,48,49,46,46,56,57,44,47,44,46,44,44,46,63,48,46,46,42,42,50,46,45,48,39,44,43,43,50,42,44,40,49,50,50,47,41,42,44,51,48,44,38,48,40,64,44,50,43,46,47,46,43,46,47,46,47,44,54,38,48,42,46,47,50,40,42,50,48,38,46,47,45,41,46,47,46,59,48,36,50,41,42,47,64,63,47,35,46,44,39,52,51,47,39,51,45,46,45,49,43,46,56,46,47,47,131,43,37,56,46,53,59,39,50,41,49,37,47,51,45,38,41,47,51,46,40,48,51,40,49,46,45,49,47,54,49,37,37,39,43,50,44,46,48,37,43,43,41,55,41,48,40,36,0,43,45,57,49,38,44,50,47,43,42,37,56,40,48,35,42,44,46,96,38,46,51,45,39,39,49,49,47,53,55,49,48,50,59,44,42,46,47,42,53,48,42,47,48,40,53,43,45,43,76,39,44,42,48,38,41,46,41,39,44,40,48,50,57,51,53,51,45,49,50,41,84,58,43,42,37,47,48,44,49,44,51,41,43,49,39,49,39,46,44,49,47,43,39,43,45,44,49,55,43,43,47,42,37,48,46,52,44,48,48,48,50,45,48,41,40,44,44,46,37,49,48,49,47,45,39,38,42,43,41,41,41,49,43,38,48,43,49,105,47,39,46,43,43,47,45,45,48,46,44,47,33,42,40,40,35,48,45,52,47,48,48,37,55,46,45,41,91,34,40,50,41,37,48
46,89,43,42,44,45,35,43,44,41,41,44,43,45,45,38,45,41,39,36,47,45,43,51,45,44,47,43,45,42,43,44,41,45,63,45,42,42,38,44,51,42,39,46,40,39,44,43,45,42,42,37,42,57,47,41,40,38,35,44,44,30,30,45,47,62,43,47,45,40,41,41,40,41,44,47,44,43,64,44,43,41,40,44,46,45,41,49,45,42,44,41,43,39,43,45,43,58,43,43,45,31,43,43,61,71,42,50,46,43,42,43,44,43,42,47,44,46,37,46,44,36,43,41,45,41,132,37,47,51,40,46,55,39,46,32,38,41,43,45,44,43,44,41,45,49,45,47,44,43,46,39,46,46,43,45,45,42,40,45,35,45,43,46,46,43,40,36,44,64,44,37,42,46,43,0,41,50,45,44,46,41,44,40,35,44,62,44,42,41,43,47,41,104,43,44,46,62,42,41,37,43,44,45,47,46,42,45,49,40,44,42,36,38,43,45,45,44,45,43,51,38,41,45,85,44,44,38,36,45,38,38,43,42,43,44,44,47,44,45,43,44,39,42,41,40,88,46,41,37,37,37,40,47,45,40,44,38,43,39,42,43,38,44,45,46,46,37,39,33,40,40,43,49,46,43,45,42,43,39,43,52,41,40,45,41,45,45,46,45,46,36,42,43,37,46,45,43,47,44,42,45,36,38,41,44,42,43,47,45,46,37,43,102,35,37,44,43,34,44,46,42,44,44,43,43,38,41,44,43,40,46,42,46,43,42,45,43,44,41,41,40,88,43,42,42,42,39,47
13,96,40,31,6,19,36,30,38,19,14,44,34,20,40,27,38,22,4,17,9,36,7,23,12,38,42,15,18,27,8,2,13,18,66,10,19,35,42,13,39,9,14,45,25,15,6,14,11,17,8,36,23,55,35,41,22,26,46,10,15,30,42,10,26,64,15,19,31,9,10,8,27,14,36,37,36,11,63,20,7,25,9,10,24,25,30,47,6,20,8,7,22,15,6,38,9,59,10,29,11,39,20,10,66,73,11,50,48,14,33,23,10,8,17,43,23,33,45,11,22,12,34,11,10,11,134,17,49,51,8,20,61,29,11,45,20,25,9,11,18,30,30,9,31,31,17,17,12,21,19,26,25,13,25,55,21,26,32,16,22,11,34,19,9,30,46,7,15,59,23,49,33,36,45,41,0,43,11,16,14,43,10,26,25,35,67,15,9,22,39,43,11,105,15,11,38,59,28,31,27,11,29,39,35,13,18,11,42,33,18,41,24,29,44,37,19,20,15,14,54,24,14,17,90,29,22,32,32,20,35,25,38,17,16,38,27,19,43,41,19,13,17,33,29,35,91,40,27,28,27,38,21,39,19,33,12,35,22,35,41,11,35,10,38,37,33,38,39,41,35,27,9,55,36,20,10,13,30,35,21,53,36,19,25,10,11,16,9,15,17,14,9,14,26,10,3,5,42,32,23,17,23,17,29,15,32,25,16,24,9,27,21,102,15,43,14,13,39,30,30,7,22,10,14,17,27,20,15,17,24,10,13,14,38,8,8,17,40,8,25,22,88,20,27,31,17,29,11
49,103,48,52,46,47,47,51,54,44,50,52,53,50,53,51,57,46,45,49,42,55,50,55,47,56,56,47,46,52,46,46,47,47,73,48,44,48,53,46,54,48,48,56,47,43,48,49,50,50,48,49,45,57,50,52,48,49,55,50,49,49,56,48,46,67,47,45,55,46,46,47,49,44,53,56,52,47,73,48,44,48,46,45,48,48,50,51,46,48,47,46,48,47,47,57,46,68,43,49,50,55,47,45,75,84,48,59,51,49,52,51,50,44,46,52,46,53,55,49,48,48,48,47,48,48,138,47,50,54,45,52,67,50,51,53,44,49,46,50,48,55,46,46,41,51,46,53,51,48,44,48,48,50,47,61,47,50,54,48,48,50,52,50,47,53,51,44,46,66,50,51,55,54,57,50,43,0,49,47,46,47,47,48,49,55,77,49,49,49,53,55,47,114,47,45,57,65,51,51,51,50,52,57,52,50,42,50,62,54,47,51,47,45,53,44,46,48,47,49,54,49,49,49,98,51,47,46,49,51,53,41,51,48,47,54,51,45,57,49,50,50,48,42,50,52,98,59,50,50,52,55,41,56,48,54,49,53,51,40,53,50,56,47,52,50,56,53,57,58,50,49,50,47,42,47,46,48,52,41,46,61,40,47,52,45,50,45,47,47,44,50,47,45,52,43,47,44,57,52,51,46,47,50,50,46,51,50,50,46,47,50,49,112,47,50,48,47,47,48,43,46,47,47,47,49,51,46,46,48,51,51,48,54,44,49,45,49,53,44,51,45,97,49,51,47,48,51,48
8,97,41,34,6,21,39,33,37,20,14,44,34,20,42,27,41,27,12,16,12,40,10,24,15,37,41,16,20,24,8,13,13,19,70,4,21,36,48,14,40,5,14,51,26,16,5,13,4,14,13,40,24,60,36,40,25,27,49,10,17,37,47,3,30,66,16,16,35,13,13,2,28,20,34,37,34,12,65,24,10,29,7,3,27,30,33,52,10,24,11,6,24,22,7,41,7,62,13,28,2,42,23,10,69,76,6,53,51,12,34,23,8,5,23,49,25,30,48,6,24,13,37,11,5,7,136,19,55,52,5,20,62,33,10,46,24,27,8,13,21,31,33,14,33,33,21,19,4,22,25,29,27,5,29,57,23,27,36,15,27,4,38,19,5,32,48,15,17,61,25,52,32,40,49,45,11,49,0,17,15,50,10,29,30,40,69,16,12,23,42,46,13,106,17,13,36,62,31,34,34,11,31,37,34,5,24,2,46,35,19,42,26,36,47,37,23,24,17,14,58,26,14,20,88,31,20,34,36,24,33,32,41,16,16,40,27,16,40,43,23,8,19,35,31,40,94,41,32,32,29,40,26,42,24,37,8,33,20,38,43,11,37,3,42,39,35,39,42,42,38,29,6,58,37,21,4,12,33,38,25,57,39,24,30,14,3,19,5,15,21,21,12,15,27,16,12,12,46,36,23,21,25,18,32,17,33,25,20,27,3,31,23,108,17,46,13,16,44,32,33,13,24,11,16,16,27,24,18,19,27,13,11,10,40,5,7,18,38,4,28,25,91,20,29,31,17,31,6
19,98,36,30,19,13,38,29,36,18,16,42,32,10,36,23,36,26,16,17,16,38,17,31,14,41,42,11,18,21,18,15,10,15,64,18,19,37,46,6,43,14,13,47,18,15,19,3,18,13,18,37,23,56,35,45,24,24,44,18,18,35,46,18,27,63,11,24,34,16,16,16,31,14,35,35,35,14,58,16,18,27,17,18,26,25,33,50,16,16,19,16,21,18,16,35,17,59,18,19,18,39,15,19,67,71,17,48,47,6,28,20,18,17,18,40,20,32,48,19,17,14,39,18,17,17,129,23,50,49,15,24,61,32,19,43,21,22,17,19,16,27,25,17,26,28,11,14,18,15,25,24,23,19,24,54,24,24,31,1,24,18,35,15,18,29,45,13,3,54,21,51,34,32,38,44,16,47,17,0,10,48,14,23,24,37,63,5,17,21,35,40,17,98,8,14,35,53,25,31,33,17,26,40,36,19,23,18,46,32,14,39,26,35,44,37,11,23,19,2,56,23,15,19,86,25,19,33,35,13,24,34,38,15,11,38,23,24,43,45,23,18,20,36,32,33,92,43,30,28,23,37,25,39,24,30,18,24,20,38,38,17,35,16,44,40,32,37,40,42,32,31,17,57,34,16,18,10,28,38,25,54,36,26,32,17,18,17,18,9,10,22,13,15,25,19,19,18,43,34,13,15,22,17,31,11,30,26,17,26,18,31,22,109,17,40,12,18,44,33,28,18,20,18,8,15,23,19,8,13,20,20,11,20,40,16,18,11,41,17,23,21,92,11,22,33,17,28,18
17,96,40,30,14,12,37,33,37,20,17,42,36,14,37,25,34,24,13,18,14,37,16,26,8,39,43,9,15,25,16,12,9,12,70,15,18,33,46,4,39,14,15,46,22,15,15,6,15,19,13,37,24,56,34,42,22,25,46,17,15,33,44,15,28,63,9,23,35,14,16,14,24,17,35,37,35,13,58,16,16,26,14,14,27,26,31,51,14,16,13,14,14,20,14,36,12,59,17,27,15,40,16,16,65,75,15,48,44,6,28,20,17,15,18,41,21,32,47,17,16,15,35,15,15,15,135,20,50,51,12,21,63,32,18,43,16,27,17,16,12,31,24,14,27,33,14,19,16,15,21,26,19,17,26,50,25,26,29,10,23,15,35,14,16,28,41,12,9,54,19,50,33,37,44,46,14,46,15,10,0,49,12,20,26,36,65,11,14,22,33,39,15,103,14,6,40,58,22,27,33,16,26,39,35,17,24,15,46,29,12,40,27,32,44,36,17,20,18,6,53,23,15,17,89,27,18,33,31,16,33,30,37,18,12,39,24,23,42,41,22,17,20,33,31,38,91,42,28,28,28,31,23,39,20,29,17,33,18,37,40,16,34,13,40,38,35,38,41,43,35,30,15,56,32,19,15,9,32,37,23,54,37,22,28,12,15,11,16,12,15,16,8,15,27,15,15,15,46,33,23,16,25,18,27,12,31,28,11,26,16,33,26,106,19,37,6,16,42,34,26,14,17,15,6,15,25,21,12,14,23,16,9,20,40,15,16,18,39,16,20,22,92,16,26,33,18,30,17
50,95,47,46,47,49,49,51,50,49,48,46,48,48,49,47,50,45,43,46,48,49,47,52,47,53,56,48,50,47,45,47,48,49,66,49,49,47,47,48,53,47,45,49,50,47,49,50,51,49,43,45,47,56,54,49,49,48,44,52,46,40,44,49,51,62,48,51,46,44,43,48,48,47,50,52,50,48,68,51,44,46,45,46,49,50,45,52,49,51,47,47,49,45,49,55,45,59,49,48,51,50,45,48,60,74,48,54,49,50,44,50,52,47,47,49,48,49,49,50,48,44,53,43,49,47,137,47,49,53,48,54,57,44,50,44,49,44,48,53,51,47,52,47,50,53,47,55,52,49,48,47,51,50,52,50,50,49,47,49,41,51,45,51,50,51,46,44,49,61,52,40,48,46,50,41,43,47,50,48,49,0,48,46,47,49,69,48,46,49,47,40,51,102,47,49,46,61,50,47,46,47,52,50,55,50,48,51,53,52,49,46,48,45,48,50,45,47,50,50,53,51,47,46,92,51,51,48,51,52,47,43,49,49,48,47,51,51,54,54,52,52,47,47,50,47,88,55,49,46,46,46,51,48,54,52,52,47,47,45,45,47,46,48,47,55,48,48,46,43,48,48,49,48,46,47,47,49,47,43,48,50,48,43,49,45,51,50,50,51,50,50,48,47,46,49,49,45,51,45,45,49,48,50,45,50,47,53,53,50,50,44,55,105,44,44,51,48,42,46,51,46,48,50,50,49,48,48,50,49,48,52,49,54,50,48,49,50,55,45,51,51,90,51,49,50,49,48,49
10,98,42,30,9,18,36,30,38,21,13,43,31,18,41,26,37,26,11,17,9,36,12,26,8,39,42,9,13,25,9,11,7,15,69,8,21,33,47,12,41,8,13,47,26,14,9,13,11,18,12,36,24,54,36,43,24,26,45,11,17,35,44,9,28,65,9,23,35,13,10,7,30,18,34,36,34,9,58,18,10,25,7,7,27,24,31,50,7,18,12,7,19,20,8,37,7,60,13,29,11,39,22,10,67,73,7,50,43,13,32,22,11,8,18,43,17,32,45,10,20,15,36,12,9,8,135,20,50,52,7,21,60,31,11,46,20,22,10,14,13,30,28,12,29,30,15,17,11,16,22,29,20,10,25,51,24,27,31,14,24,11,34,16,9,29,42,14,14,54,23,50,34,37,47,44,10,47,10,14,12,48,0,24,26,37,67,14,10,23,38,43,14,103,16,7,38,58,27,26,34,12,23,38,35,9,23,10,47,31,14,39,26,35,46,37,21,22,17,13,56,25,13,18,92,28,19,31,33,18,35,32,37,19,9,38,26,23,42,44,23,11,20,34,32,38,93,42,30,30,28,33,22,38,24,31,11,35,22,38,38,12,37,7,43,39,36,39,38,41,33,29,11,56,34,19,9,7,31,38,25,53,38,24,32,13,10,12,9,13,17,21,5,13,26,15,10,10,45,32,22,17,25,17,31,16,32,25,13,26,8,32,23,109,18,41,9,15,41,32,28,11,19,13,9,18,26,20,16,18,25,14,7,18,37,10,10,19,39,8,24,23,91,18,26,32,19,28,9
29,94,39,22,27,15,36,29,36,27,27,38,32,23,37,24,34,19,25,24,29,35,29,29,24,42,42,18,18,26,27,25,22,22,66,28,26,34,46,16,44,27,22,45,22,23,28,18,30,26,27,39,28,53,35,46,25,26,38,31,27,27,40,28,32,60,19,25,37,26,25,26,25,22,36,34,36,23,61,28,27,25,26,27,28,30,31,47,27,26,28,27,17,22,26,40,27,58,28,27,30,37,20,27,66,69,27,46,42,18,22,29,31,27,15,43,20,31,40,29,13,23,38,27,28,27,134,24,46,48,26,32,62,25,30,41,27,20,27,31,21,30,20,26,26,35,18,28,31,23,23,23,26,29,27,51,30,20,26,24,20,30,34,31,28,25,39,25,15,54,30,48,30,34,43,40,26,48,29,23,20,46,24,0,22,38,63,23,28,22,27,30,29,98,25,22,38,59,22,28,32,29,29,39,38,29,23,30,49,29,19,39,25,35,40,31,17,28,30,18,52,19,25,28,85,23,28,33,35,29,31,32,36,26,20,40,26,25,45,44,29,31,24,29,29,34,87,41,28,33,27,33,24,39,30,29,31,31,26,35,36,29,31,27,43,40,38,36,37,38,33,31,29,54,28,24,27,23,28,35,24,52,34,30,33,27,30,21,28,27,24,26,22,26,24,23,24,26,43,31,26,20,26,26,32,26,30,34,30,30,28,29,29,106,25,29,24,26,43,29,16,26,22,27,23,26,25,25,26,25,28,30,23,32,31,28,28,27,40,27,29,28,92,25,22,37,26,23,29
30,97,38,16,28,22,35,27,33,26,28,40,25,24,40,23,32,27,26,22,32,32,30,35,28,40,43,26,24,25,27,27,26,26,67,29,25,31,39,22,47,28,23,37,25,22,27,26,31,25,27,35,29,48,42,40,18,14,38,30,28,30,38,28,30,59,26,31,34,26,24,28,30,27,32,32,32,25,57,27,29,19,28,28,27,31,27,48,29,27,29,28,28,23,27,34,29,55,27,20,31,32,20,26,63,68,29,45,45,26,31,28,30,28,26,26,23,32,37,29,23,26,39,29,28,28,129,21,32,44,28,32,58,25,32,42,29,17,29,29,25,24,26,26,28,30,27,29,32,26,31,26,27,31,32,50,27,24,21,24,21,31,30,29,28,17,40,26,27,54,26,47,24,32,42,35,25,49,30,24,26,47,26,22,0,30,63,24,29,21,30,37,28,97,22,26,32,56,20,24,30,30,29,43,42,31,30,31,50,25,24,30,30,30,42,37,24,28,27,26,54,24,27,28,81,21,26,31,34,27,29,30,31,27,25,32,29,31,40,42,31,30,26,34,31,32,86,40,27,32,21,31,26,33,29,25,30,29,28,40,35,30,33,28,40,39,34,40,30,37,35,21,30,56,32,22,28,27,29,40,32,47,40,27,35,26,31,21,28,22,23,28,24,28,19,29,28,28,44,28,18,26,23,24,30,21,31,30,28,28,29,27,32,107,26,35,26,27,40,26,27,24,27,30,23,26,17,22,21,22,20,31,27,30,36,29,30,26,43,29,29,29,89,23,16,37,25,19,30
41,90,43,31,38,34,35,30,41,39,37,50,30,35,44,21,37,37,35,32,34,30,41,40,38,40,39,34,37,38,39,34,34,38,63,41,40,38,36,34,51,38,35,35,39,32,39,36,39,37,35,33,38,44,40,38,35,36,45,40,41,28,39,41,39,60,34,42,39,38,36,39,35,38,30,36,30,34,50,35,39,34,39,40,29,42,22,46,40,37,37,40,39,33,35,32,40,64,41,33,39,32,34,37,62,65,41,47,43,36,40,41,40,39,31,41,35,37,35,41,36,38,45,40,40,40,135,33,42,49,40,41,56,23,41,42,40,27,40,42,34,33,34,38,43,35,37,41,41,38,39,37,39,40,38,56,37,34,31,37,31,39,27,38,40,30,39,32,34,50,39,43,40,23,37,44,35,55,40,37,36,49,37,38,30,0,57,37,40,34,31,37,35,103,36,35,39,51,31,25,34,41,36,40,43,40,39,39,43,30,34,37,37,27,46,46,37,35,37,35,51,34,34,36,82,31,36,31,43,37,38,33,36,38,35,37,39,42,47,50,41,40,39,38,38,41,89,44,33,33,27,31,41,34,39,30,40,38,40,37,35,41,36,41,32,47,32,38,29,35,33,32,41,55,41,32,39,32,35,39,39,50,42,40,38,40,39,36,40,38,37,37,34,34,28,41,37,39,41,26,32,38,31,31,35,38,40,39,41,36,40,26,41,99,36,40,36,39,30,37,42,36,40,41,36,40,21,30,38,40,31,40,34,43,38,41,39,37,49,39,38,31,84,37,33,37,38,24,40
70,101,65,60,68,61,62,63,72,68,69,70,65,65,60,57,69,65,66,61,69,65,70,69,67,75,77,65,68,63,68,66,65,66,68,68,69,65,60,63,72,68,62,65,60,62,68,62,71,65,66,60,67,60,58,67,66,62,67,72,69,65,62,68,67,64,65,70,71,66,68,67,62,67,66,67,66,65,58,66,65,66,67,67,70,67,64,59,68,66,67,68,67,63,68,67,68,70,67,59,71,63,65,67,63,65,68,52,64,65,57,70,72,68,65,73,65,71,62,70,63,65,73,67,67,68,122,61,62,69,67,74,71,64,71,59,68,60,68,73,66,61,56,66,71,63,67,72,72,63,68,64,67,70,68,69,68,62,62,64,63,71,63,69,69,63,64,66,59,47,69,65,63,53,56,62,67,77,69,63,65,69,67,63,63,57,0,65,69,65,62,59,69,84,65,67,71,39,60,62,65,70,65,78,74,70,69,71,79,62,65,64,66,60,65,73,65,63,67,63,70,61,67,66,84,62,66,63,71,66,64,67,66,64,64,63,69,70,77,65,73,72,68,66,72,62,90,76,66,62,56,61,69,67,67,58,72,64,64,70,59,70,63,67,65,73,67,70,61,67,60,60,70,68,67,63,68,65,66,69,66,64,64,66,65,68,71,63,69,60,61,66,63,68,56,68,69,68,64,64,60,69,56,64,64,66,67,70,67,68,69,66,72,110,65,57,67,66,65,70,68,66,68,69,63,68,56,67,61,64,61,72,66,74,64,69,69,62,73,68,69,66,94,62,61,67,67,61,69
19,98,38,30,18,12,37,30,36,20,15,39,33,9,35,21,35,26,16,18,16,37,17,30,15,41,42,11,19,21,17,16,11,15,66,17,19,36,46,7,42,15,16,48,18,17,16,5,18,12,14,38,24,56,34,44,24,25,44,18,17,35,46,17,26,62,11,22,33,17,15,15,31,15,35,36,35,14,60,15,19,25,15,16,26,24,33,47,17,15,18,17,19,16,14,35,16,60,20,25,18,40,14,17,67,71,16,49,48,6,28,21,18,18,18,40,22,33,48,19,19,18,38,18,16,16,129,22,50,49,15,24,62,33,19,44,20,23,19,19,15,29,26,16,26,29,13,10,18,15,24,26,22,19,24,54,25,25,31,5,25,18,35,13,18,28,45,12,7,50,19,51,32,28,40,44,15,49,16,5,11,48,14,23,24,37,65,0,16,21,35,40,15,100,5,10,34,54,23,31,32,17,28,40,36,19,23,18,43,29,15,37,26,35,44,37,11,23,20,4,54,23,14,18,88,24,20,33,34,14,23,34,39,12,12,39,23,22,43,44,23,18,20,36,32,33,92,43,29,29,25,37,25,38,23,29,18,23,19,37,40,17,35,17,44,39,35,36,39,40,34,30,17,57,34,17,17,10,28,38,24,54,36,26,31,15,18,17,18,11,12,21,10,16,24,21,18,15,44,33,15,14,23,15,34,12,30,26,16,26,18,29,23,109,17,40,12,15,44,31,28,18,19,19,11,14,21,18,11,14,20,19,11,20,39,16,18,15,40,17,22,21,92,12,26,34,18,28,18
12,96,40,34,10,20,39,33,36,21,15,44,34,20,41,27,41,26,11,17,12,39,3,24,13,41,41,16,21,25,8,12,12,19,69,9,17,35,48,14,42,9,15,51,24,17,11,15,9,16,8,40,20,58,35,43,24,26,48,11,10,34,48,10,28,65,16,22,33,10,13,9,29,19,37,40,37,11,65,22,8,27,4,11,26,28,33,50,10,22,12,6,22,19,7,40,6,63,12,31,10,40,22,8,70,74,9,52,51,15,34,21,11,10,22,45,24,33,44,10,24,14,39,11,11,7,133,21,54,51,8,23,62,35,10,44,22,26,13,12,20,29,32,13,32,35,20,18,10,21,22,28,27,12,28,57,25,26,35,17,28,11,38,20,10,32,48,13,18,61,25,48,34,40,48,42,9,49,12,17,14,46,10,28,29,40,69,16,0,22,41,45,11,107,17,13,38,61,31,33,32,1,32,37,38,12,23,11,45,35,19,43,25,36,46,38,22,21,19,15,58,27,15,19,89,32,22,35,32,22,35,34,42,17,16,38,28,22,41,45,18,11,18,36,33,40,93,45,33,33,31,40,24,42,25,35,10,35,21,36,43,1,36,10,41,32,35,36,41,41,38,31,9,54,35,22,9,12,31,36,22,57,38,25,29,14,9,19,10,17,20,20,11,12,29,13,9,7,46,36,23,20,26,20,33,17,32,26,19,26,12,34,21,107,16,45,16,14,44,31,32,11,23,14,16,17,27,23,17,19,27,12,12,10,39,9,11,17,41,7,26,27,91,20,28,33,17,31,13
25,98,36,28,23,23,39,32,38,20,21,45,33,19,38,23,39,25,21,18,24,33,23,26,23,40,40,23,24,25,23,20,22,23,67,24,20,34,47,22,36,21,21,47,15,22,19,23,24,16,20,41,21,55,32,41,20,25,45,24,23,34,48,24,26,64,23,23,26,19,20,21,24,25,33,41,33,22,56,16,23,29,22,23,26,22,30,47,21,14,23,23,21,24,19,37,23,63,26,30,24,40,19,20,66,63,23,51,48,22,32,21,24,23,12,46,23,37,45,25,25,22,39,22,23,23,128,20,49,50,21,26,60,30,26,43,23,24,24,23,22,27,27,22,26,31,17,24,25,16,27,23,20,25,17,55,27,19,30,22,23,24,33,19,25,25,42,19,20,56,20,50,35,35,35,41,22,49,23,21,22,49,23,22,21,34,65,21,22,0,37,40,23,104,19,23,41,55,27,33,31,23,33,36,37,25,24,24,45,32,23,41,26,36,44,33,21,22,27,21,55,21,22,24,86,28,20,32,32,17,28,32,39,15,22,39,23,23,43,43,23,24,22,34,32,31,84,43,29,32,22,36,24,40,24,33,24,28,16,36,41,23,34,24,39,42,33,38,38,43,35,29,23,58,31,21,24,22,19,36,24,56,38,22,27,19,24,20,25,20,17,19,23,25,28,23,23,24,48,29,21,17,24,17,27,19,31,30,19,19,25,27,28,101,20,42,22,19,40,27,21,23,21,24,22,19,23,16,19,15,21,22,23,24,32,22,24,16,38,23,21,21,91,13,23,33,17,26,24
42,96,37,28,40,23,44,33,39,40,39,45,36,35,39,34,32,38,38,36,39,40,42,46,38,46,49,37,38,36,40,38,37,38,65,41,42,37,48,29,49,40,38,45,38,37,41,28,43,39,39,42,42,51,42,48,39,37,44,44,40,32,34,41,46,62,37,40,37,39,39,39,39,37,37,34,37,37,54,39,40,37,39,40,40,41,38,48,40,39,38,40,35,36,40,41,40,62,42,34,43,44,35,41,63,61,40,39,43,31,29,46,44,40,37,36,33,42,42,42,30,39,47,39,40,40,133,35,48,45,39,47,64,40,43,45,44,35,40,44,36,37,24,39,42,36,39,41,44,35,42,39,37,42,41,54,42,38,29,36,35,43,36,43,41,35,41,38,33,54,38,47,31,32,42,43,39,53,42,35,33,47,38,27,30,31,62,35,41,37,0,35,42,96,38,37,44,62,37,38,39,42,35,51,47,42,39,43,48,32,34,37,40,36,44,42,33,34,43,30,54,33,39,37,82,37,38,35,41,39,33,36,34,38,37,39,45,40,48,49,47,44,37,43,44,36,92,50,34,34,32,34,44,32,40,33,44,33,37,42,37,42,36,40,36,46,40,38,35,36,38,36,42,55,41,35,40,37,35,41,41,57,41,40,43,39,43,33,41,36,33,39,37,39,32,41,42,41,45,36,37,37,37,37,36,36,38,43,39,42,41,35,44,107,38,30,37,40,33,33,37,40,36,40,33,40,34,38,35,37,39,43,38,45,41,41,41,38,48,40,42,37,92,36,32,42,36,38,41
46,100,43,37,44,37,44,44,43,43,45,42,39,40,42,42,39,41,43,40,45,39,46,48,42,52,53,43,42,41,44,42,43,42,63,45,46,44,47,39,52,44,42,45,43,43,45,38,47,43,43,42,45,54,47,45,45,38,41,48,44,40,40,45,49,58,43,41,44,43,44,44,41,41,43,37,43,42,58,44,44,44,43,44,46,43,43,43,44,42,42,44,41,37,42,49,44,61,45,40,47,46,38,44,65,69,44,42,46,41,35,46,48,44,37,43,42,48,40,46,39,43,49,43,44,44,131,41,47,50,44,50,64,42,47,39,46,42,40,47,40,42,41,43,43,43,33,48,48,40,43,41,45,46,45,53,43,39,30,41,42,47,39,47,45,40,46,43,35,52,44,46,39,37,44,47,43,55,46,40,39,40,43,30,37,37,59,40,45,40,35,0,45,98,40,41,42,56,33,43,37,46,42,52,51,46,37,47,56,37,38,29,46,40,42,45,35,42,45,40,55,41,45,41,88,42,42,40,43,45,38,41,34,42,43,44,45,41,53,52,49,48,41,45,48,41,87,52,43,42,41,40,42,42,43,36,48,38,39,44,36,46,42,44,43,49,46,44,46,44,42,40,46,55,43,38,44,43,41,43,43,53,44,41,45,44,47,35,45,41,38,41,41,45,42,42,41,44,44,39,36,37,43,43,46,42,43,50,46,46,45,45,47,106,43,37,41,43,40,46,41,43,41,45,37,42,42,40,40,41,41,46,44,48,39,45,45,43,53,44,46,43,88,43,42,46,42,45,45
14,98,42,32,14,21,40,31,40,22,15,45,32,21,43,29,39,25,7,18,7,37,11,27,13,41,45,16,19,28,11,10,14,20,70,12,19,33,47,14,42,11,15,47,26,17,12,14,14,18,9,38,24,56,32,41,25,27,48,11,14,36,44,12,27,64,16,21,34,15,12,12,29,18,39,37,38,12,62,22,13,30,12,12,24,27,28,49,12,22,9,12,24,18,12,41,12,60,8,29,14,36,22,13,67,75,13,51,50,14,31,24,11,9,19,49,23,36,45,13,21,14,41,12,12,12,134,17,53,52,12,24,63,32,15,44,25,25,12,13,18,29,28,15,31,31,20,19,15,23,27,30,27,15,28,56,17,27,35,15,25,14,36,22,10,31,47,11,18,58,24,51,35,38,46,41,11,47,13,17,15,51,14,29,28,35,69,15,11,23,42,45,0,107,17,13,40,58,29,32,32,11,31,41,38,15,21,14,51,35,19,42,25,30,46,36,23,22,9,14,59,24,14,19,90,27,18,32,36,22,36,33,38,16,16,38,31,21,44,41,22,11,20,34,32,38,92,48,24,27,30,40,21,40,26,35,10,36,24,36,41,11,34,12,42,40,36,35,42,42,36,26,13,59,36,22,10,13,30,37,23,54,38,19,28,6,14,18,10,14,19,15,13,8,28,8,6,13,44,33,24,20,23,16,24,17,31,16,18,25,10,26,17,106,19,45,15,14,43,34,30,6,23,7,16,20,29,24,17,19,26,13,13,11,36,12,11,18,42,12,25,18,93,21,29,25,18,29,10
108,106,103,97,105,97,99,98,108,103,104,105,98,101,101,97,100,103,103,99,107,99,106,109,103,109,112,101,101,100,106,105,101,98,106,107,105,105,100,99,111,105,100,97,100,100,107,100,109,105,105,99,106,96,103,97,105,99,103,109,106,102,98,106,108,100,101,105,106,104,104,105,106,103,94,98,94,101,102,101,106,104,105,106,106,105,100,100,106,103,104,105,103,98,107,105,106,111,105,100,107,99,102,105,103,95,105,90,101,99,99,104,107,105,99,106,97,106,100,106,99,103,110,105,107,105,116,99,96,102,105,108,102,100,107,101,103,96,106,108,103,106,94,103,101,105,100,109,108,100,105,102,96,106,103,103,106,106,97,98,103,109,93,102,107,102,98,103,100,89,103,102,105,97,96,104,105,114,106,98,103,102,103,98,97,103,84,100,107,104,96,98,107,0,102,103,101,89,101,101,102,107,106,110,109,106,106,107,115,98,101,98,103,100,105,104,100,103,108,100,104,102,102,104,91,107,105,98,103,101,98,103,101,106,101,105,103,105,110,108,108,107,106,100,103,100,106,114,107,101,98,99,104,99,100,98,107,98,102,108,95,107,103,106,102,110,105,105,94,97,99,101,106,103,103,96,105,102,102,106,106,95,103,106,109,105,108,102,107,100,100,106,99,107,99,105,107,105,100,97,97,104,97,103,105,102,104,110,107,105,105,104,110,110,104,92,101,105,102,103,101,105,102,106,102,102,96,100,100,102,100,107,101,109,98,105,105,104,110,106,104,99,111,101,97,107,106,102,108
19,99,40,29,19,13,38,27,38,19,11,40,30,14,34,18,35,23,16,15,16,34,17,31,16,41,42,13,18,23,18,16,12,17,64,18,21,35,46,10,42,14,12,46,24,13,19,9,18,9,17,36,21,54,35,45,20,21,46,19,19,34,46,18,23,63,13,21,32,16,14,15,29,14,35,37,35,16,60,18,18,25,17,18,25,25,33,46,18,18,18,16,21,18,16,33,17,61,19,25,18,37,15,17,65,69,17,49,48,10,30,14,19,16,16,44,23,33,48,19,21,15,39,17,17,17,131,20,48,51,15,22,59,30,20,44,23,20,17,20,16,26,27,16,28,27,13,14,19,19,23,28,23,19,20,56,24,21,31,9,23,18,33,15,18,27,45,13,9,52,20,52,30,28,38,43,15,47,17,8,14,47,16,25,22,36,65,5,17,19,38,40,17,102,0,15,37,57,25,32,31,17,28,38,38,19,23,18,47,32,16,41,27,34,46,39,15,23,19,8,55,25,12,18,84,25,19,33,35,17,27,33,40,7,13,36,25,21,43,45,19,19,20,33,29,35,88,42,26,27,23,36,24,39,20,30,19,27,18,37,42,17,31,16,42,40,32,38,38,40,34,33,17,58,36,15,18,14,26,37,25,51,36,26,32,18,18,15,18,13,14,18,14,15,21,20,18,19,44,30,12,11,23,13,32,11,32,28,15,20,18,30,22,107,17,40,16,18,41,28,26,17,23,19,14,13,18,17,12,13,17,21,15,20,38,16,17,11,42,17,19,23,91,15,21,33,11,25,18
15,96,38,30,12,14,34,28,36,19,13,43,33,14,39,22,35,27,11,17,13,35,12,25,8,38,42,8,8,27,15,13,5,13,69,13,18,32,46,8,41,12,15,46,25,12,14,9,14,16,12,34,22,54,36,42,24,24,44,13,16,33,43,13,28,61,8,23,35,12,11,13,28,15,32,34,32,7,52,16,13,25,13,12,27,27,30,49,11,16,12,12,18,19,13,35,12,59,14,27,14,39,18,13,66,73,14,50,38,9,32,19,13,12,18,40,16,33,45,14,18,16,36,14,13,14,135,19,50,51,11,22,62,30,16,44,18,22,12,15,8,30,26,12,32,31,16,14,15,14,23,25,18,16,25,52,22,26,29,11,23,14,33,15,14,29,43,13,12,48,19,50,35,34,46,44,11,45,13,14,6,49,7,22,26,35,67,10,13,23,37,41,13,103,15,0,37,58,23,21,33,12,19,38,34,16,24,14,48,29,8,37,27,34,45,39,21,21,16,9,55,23,15,16,91,26,18,31,33,16,35,31,36,15,9,38,25,23,41,43,21,13,20,32,29,37,93,41,29,29,25,27,23,37,20,29,13,35,18,38,38,12,36,11,42,39,36,39,36,42,31,28,13,56,34,17,12,5,32,38,23,52,39,23,29,12,14,7,14,9,19,19,6,14,24,15,13,12,44,31,22,18,24,15,32,14,32,27,15,26,14,31,24,108,17,41,3,15,41,32,27,12,18,12,8,12,22,18,14,19,25,15,5,16,37,13,13,15,38,15,20,21,91,14,26,31,18,25,15
39,99,33,38,37,39,39,42,23,35,38,44,39,33,42,37,35,37,38,40,41,37,36,46,39,39,38,38,36,37,38,39,39,37,64,39,38,41,52,38,52,37,37,52,38,38,39,37,40,34,39,38,38,61,45,38,38,41,48,41,39,33,42,38,38,65,37,39,40,37,38,38,39,38,32,37,32,37,70,36,39,39,38,38,41,41,39,55,38,38,40,37,34,37,39,46,38,60,37,31,38,47,35,38,73,76,37,55,54,36,38,37,37,38,38,34,38,34,44,37,36,38,40,39,38,37,127,40,56,40,38,38,65,37,36,42,39,35,40,38,38,35,42,40,43,35,34,38,38,37,40,30,39,36,33,59,41,39,34,34,37,40,41,32,39,36,46,39,38,62,40,52,26,37,51,46,38,57,36,35,40,46,38,38,32,39,71,34,38,41,44,42,40,101,37,37,0,56,35,35,33,38,36,42,40,36,42,37,48,34,37,36,42,42,43,32,33,41,42,38,63,40,38,40,93,36,40,40,42,39,32,36,38,36,38,42,37,39,43,51,39,37,39,34,37,39,94,40,41,45,40,37,42,40,37,36,37,32,35,42,40,38,34,39,45,45,36,45,37,42,38,37,36,57,36,39,38,39,38,42,39,58,40,43,41,40,39,38,39,36,37,41,38,41,39,39,38,38,49,35,34,36,41,39,38,36,34,45,40,39,37,36,40,105,39,46,38,40,45,38,43,38,37,40,40,34,37,36,37,37,39,39,38,38,41,36,37,36,41,37,35,41,96,35,35,44,34,37,40
61,99,56,56,60,58,53,54,58,59,61,60,56,54,53,50,58,60,57,56,58,57,62,59,58,66,67,56,57,56,60,59,57,55,71,61,56,57,57,58,66,60,59,55,49,54,60,59,62,58,56,54,57,60,51,57,56,57,61,62,61,54,60,59,53,65,56,61,60,58,60,60,51,61,56,59,56,56,57,54,56,57,60,60,62,59,52,55,59,54,58,61,57,58,57,59,61,56,57,49,62,58,59,59,67,71,60,46,60,60,54,63,62,59,57,65,55,62,57,61,56,60,69,60,60,61,123,58,54,63,59,64,61,56,63,60,57,52,60,63,55,55,50,57,62,54,58,62,63,55,59,55,56,62,60,62,61,55,54,53,56,62,52,52,60,54,56,56,59,36,58,60,52,51,45,62,59,65,62,53,58,61,58,59,56,51,39,54,61,55,62,56,58,89,57,58,56,0,59,52,56,62,59,71,66,62,60,62,71,59,54,59,56,54,60,63,57,58,60,56,63,52,58,58,83,59,53,52,61,55,51,60,51,53,57,59,62,61,68,56,65,62,61,59,59,51,94,71,55,53,51,57,58,55,62,57,62,51,62,60,50,62,56,59,57,65,60,62,57,62,48,51,62,63,56,55,59,54,61,59,58,61,53,61,56,60,62,57,60,53,53,59,56,57,51,59,60,59,61,51,55,59,53,53,56,54,58,64,60,54,60,55,64,111,59,55,58,58,54,61,57,58,55,60,57,63,49,53,53,51,53,60,57,64,59,62,60,53,64,61,61,59,90,51,54,63,58,52,60
32,96,38,29,29,19,36,26,35,28,30,42,26,25,32,23,16,26,29,23,30,34,32,40,28,41,42,27,26,27,29,28,28,28,63,30,31,37,45,20,45,30,26,44,27,22,30,24,32,27,28,30,27,50,40,43,26,23,45,34,31,31,44,30,34,61,27,33,36,28,28,30,25,30,39,40,39,28,55,30,31,29,29,29,30,29,29,49,30,28,31,28,27,20,29,37,28,59,29,25,32,36,22,29,68,66,30,44,46,25,37,34,34,29,30,22,30,31,43,32,24,28,42,30,29,30,130,22,43,47,28,34,61,28,31,42,31,22,31,33,25,23,27,28,30,30,23,34,31,30,31,23,31,32,34,54,31,24,32,26,27,32,31,32,31,27,46,27,22,53,28,51,27,31,39,42,28,51,31,25,22,50,27,22,20,31,60,23,31,27,37,33,29,101,25,23,35,59,0,29,31,32,29,43,39,32,33,32,46,14,22,32,34,36,49,39,25,29,31,23,57,30,29,30,87,1,27,30,36,29,30,32,35,28,28,15,33,33,44,47,36,34,26,37,34,40,90,41,32,28,22,34,32,32,34,8,34,30,30,40,36,32,36,30,40,41,31,42,31,38,34,23,31,57,38,21,30,27,32,40,31,53,33,33,34,32,32,19,31,24,23,29,25,29,23,31,31,30,44,30,22,26,23,27,28,25,31,33,29,32,31,27,33,107,27,44,25,29,38,29,26,26,29,30,24,28,23,25,24,26,26,32,28,33,43,31,31,28,45,28,35,24,89,27,23,36,23,25,32
34,97,33,19,32,28,32,30,36,29,33,42,27,31,40,23,34,31,30,30,33,25,35,38,27,40,43,25,19,33,34,33,26,26,64,32,31,29,36,29,50,33,28,41,30,29,33,31,35,34,31,31,33,51,40,40,29,28,42,35,33,27,38,32,37,58,25,35,40,29,30,32,32,31,29,32,28,28,49,31,32,28,32,31,26,33,19,50,30,31,31,33,27,29,33,41,31,55,34,25,35,34,26,29,61,66,33,48,35,31,32,33,35,31,28,34,19,35,42,34,27,30,40,33,32,33,133,30,43,53,32,33,61,24,36,41,31,20,31,35,19,28,31,31,32,29,29,37,36,26,34,31,29,35,32,48,30,35,24,33,27,35,29,36,33,25,37,32,28,47,28,44,30,29,39,41,31,51,34,31,27,47,26,28,24,25,62,31,33,33,38,43,32,101,32,21,35,52,29,0,30,35,22,41,36,35,34,35,47,27,21,35,32,36,47,41,29,31,31,31,49,30,33,35,86,29,32,36,37,31,35,33,35,35,26,36,33,35,41,48,32,35,33,36,32,34,92,46,35,33,30,20,32,30,34,27,34,35,34,38,33,35,37,30,38,45,39,39,30,41,33,28,34,55,39,29,32,26,37,38,36,43,42,30,37,29,35,24,33,33,29,33,27,34,30,34,33,31,41,28,30,32,30,34,32,29,32,30,33,35,33,28,35,107,33,37,26,34,38,32,28,31,22,31,22,33,23,26,29,32,28,34,26,36,37,34,33,36,43,34,34,30,87,32,27,35,30,23,34
35,95,42,28,30,31,37,32,38,34,32,43,33,33,39,29,39,29,31,26,32,35,33,37,33,39,43,32,33,34,30,28,32,32,67,33,31,33,41,32,49,32,28,40,28,28,32,34,34,30,28,36,32,56,34,36,32,29,46,34,32,31,40,34,32,64,32,30,33,31,29,34,30,33,32,35,32,33,62,33,30,33,31,33,26,37,28,44,34,33,34,31,31,26,31,42,30,60,29,32,34,39,28,32,66,72,34,45,50,34,38,35,34,33,27,38,30,31,40,35,31,30,39,32,34,31,129,24,47,53,31,33,62,27,35,47,30,31,35,37,36,30,33,30,29,33,32,37,36,33,33,28,34,35,36,56,36,32,33,34,28,35,31,34,34,35,47,27,32,58,35,47,32,35,49,37,27,51,34,33,33,46,34,32,30,34,65,32,32,31,39,37,32,102,31,33,33,56,31,30,0,33,39,38,40,35,33,35,43,37,32,44,36,31,45,38,32,32,32,34,57,28,29,32,91,32,35,31,33,34,29,27,40,31,32,37,36,30,41,43,33,34,30,30,31,43,88,42,30,29,27,33,32,38,35,37,34,29,34,30,36,33,33,34,38,38,36,41,36,39,35,32,33,55,38,28,34,32,30,30,32,47,38,32,30,32,34,33,34,35,33,34,32,32,27,31,31,34,48,33,28,33,24,29,30,35,34,39,36,33,35,31,38,100,30,41,35,31,44,32,28,28,31,37,35,32,29,30,35,34,29,34,32,37,31,32,34,32,41,30,35,32,92,36,33,36,32,28,35
12,97,41,34,8,21,38,33,36,22,15,44,34,21,41,27,41,27,10,17,12,40,6,25,14,40,40,16,20,24,9,13,12,19,70,9,18,36,49,15,43,8,15,52,25,17,12,15,9,16,9,41,21,59,35,43,25,26,49,11,11,35,49,11,29,66,16,22,34,11,13,9,30,19,36,39,36,11,66,23,10,28,6,10,27,29,32,51,9,23,11,8,23,19,9,40,9,63,13,29,9,40,23,10,71,75,9,53,52,14,35,20,12,7,23,45,25,32,45,9,25,14,39,12,11,4,134,22,55,52,6,22,62,36,7,45,23,26,13,11,22,29,33,12,33,34,21,18,9,22,23,29,28,9,30,58,24,27,36,16,29,11,39,19,10,33,49,11,19,62,26,49,34,41,49,43,11,50,11,17,16,47,12,29,30,41,70,17,1,23,42,46,11,107,17,12,38,62,32,35,33,0,32,36,37,9,24,10,45,35,20,43,25,37,47,38,23,20,19,15,59,27,15,20,89,32,22,35,33,23,35,35,42,16,16,38,27,22,40,46,17,10,19,36,33,41,94,44,33,33,31,41,25,43,25,36,9,35,21,37,44,0,37,10,41,33,34,37,41,41,39,32,10,55,34,20,11,12,32,37,23,57,39,24,30,15,8,20,10,18,21,21,11,12,29,11,7,8,46,37,23,21,26,20,33,16,33,26,20,27,11,34,21,107,17,46,14,15,45,32,33,9,25,9,16,17,27,24,17,19,27,9,14,9,40,6,10,16,41,7,28,26,91,21,28,33,16,31,13
31,102,42,31,32,25,38,23,38,28,27,47,35,27,42,24,37,34,29,27,30,36,32,35,25,43,43,21,18,29,32,32,20,26,68,29,31,35,48,28,46,30,26,52,31,29,32,27,32,32,30,38,32,55,40,46,31,29,47,33,32,29,42,29,35,64,21,33,36,26,28,29,29,29,37,35,37,24,50,27,30,28,30,29,26,33,31,52,27,29,29,31,26,30,30,38,28,66,32,31,32,40,26,28,65,75,30,52,28,28,31,30,33,28,28,42,20,33,43,31,29,26,40,30,28,30,135,32,52,54,30,34,62,33,32,48,35,24,28,34,20,29,33,30,32,30,26,27,32,26,32,31,27,32,31,51,27,29,32,28,23,32,34,29,30,25,44,29,25,48,32,51,36,34,47,44,29,52,31,26,26,52,23,29,29,36,65,28,32,33,35,42,31,106,28,19,36,59,29,22,39,32,0,42,35,32,28,32,53,31,20,42,26,37,44,44,25,27,29,26,58,29,29,28,93,26,28,34,28,27,38,34,41,31,19,38,30,33,44,48,33,33,29,37,29,36,93,44,30,34,22,23,35,35,31,30,33,38,32,44,42,32,35,27,47,45,33,36,38,40,32,30,32,61,40,27,30,22,32,44,35,57,39,26,37,28,32,21,30,28,25,24,24,28,23,31,31,29,43,36,26,28,26,25,32,26,34,29,33,29,30,30,33,111,28,41,24,33,44,33,31,29,25,28,20,33,24,28,25,30,28,35,23,35,39,31,30,30,42,31,29,30,92,26,28,34,26,24,30
39,102,46,40,39,41,45,43,45,33,38,52,44,42,49,41,44,39,38,37,39,42,34,44,39,33,24,36,39,35,37,39,38,39,75,39,36,41,50,39,49,38,36,56,39,34,39,38,38,34,39,45,39,63,41,49,38,37,51,37,37,27,40,38,38,73,36,40,42,37,39,39,35,35,33,37,34,39,71,37,38,41,38,39,38,40,36,58,39,37,40,37,42,37,39,44,37,69,44,42,36,47,40,40,72,80,39,63,54,37,43,29,33,35,39,44,40,26,48,37,40,35,34,40,39,37,140,36,60,55,38,36,69,37,35,51,36,41,39,35,41,43,45,37,45,41,39,40,36,40,36,39,43,37,35,64,36,41,39,39,38,38,38,33,39,39,49,37,40,69,39,57,41,44,53,45,39,57,37,40,39,50,38,39,43,40,78,40,37,36,51,52,41,110,38,38,42,71,43,41,38,36,42,0,21,37,40,35,33,40,38,44,38,37,51,42,40,42,38,39,61,38,37,38,95,43,36,41,41,37,39,37,47,35,36,49,29,40,36,54,25,33,40,40,34,47,98,31,34,40,43,40,40,44,33,42,34,39,35,48,42,36,42,39,47,48,35,41,43,48,42,37,35,62,45,40,38,38,42,48,39,55,46,39,40,39,37,40,39,39,41,39,37,39,42,43,41,40,52,38,36,39,40,36,43,39,39,39,41,37,37,34,42,113,38,55,37,40,43,44,44,39,39,39,39,35,41,36,40,36,37,36,37,33,45,36,33,35,37,37,33,36,98,40,43,41,35,42,40
37,101,46,34,35,37,39,41,43,34,37,45,41,36,45,41,40,38,35,36,37,40,35,42,36,16,32,32,33,34,36,35,34,37,75,37,33,38,51,35,50,35,36,54,43,33,38,34,36,37,37,42,39,65,42,49,35,39,48,33,37,29,44,36,39,69,32,38,43,35,37,36,35,38,36,41,35,34,72,37,36,36,36,37,41,41,37,57,36,37,37,35,38,36,38,41,36,67,40,37,34,46,38,36,65,82,35,55,51,33,41,34,29,33,36,50,34,27,48,35,37,35,11,36,37,36,140,37,59,54,37,30,60,39,35,51,36,39,35,31,35,41,37,36,41,39,35,42,34,36,36,42,41,33,36,59,38,40,36,35,36,36,35,35,36,38,47,35,34,67,37,56,40,41,55,47,35,52,34,36,35,55,35,38,42,43,74,36,38,37,47,51,38,109,38,34,40,66,39,36,40,37,35,21,0,33,39,33,38,39,34,45,37,41,53,39,36,37,39,35,59,32,36,36,93,39,36,40,37,37,38,36,46,38,32,47,36,38,19,52,33,29,38,37,32,46,100,27,39,38,39,43,38,42,34,38,30,38,37,46,41,37,42,37,46,40,36,39,44,43,34,34,33,62,44,37,35,34,39,46,39,57,44,39,37,35,35,36,36,35,33,36,33,38,39,40,41,36,52,32,37,35,40,33,41,35,35,41,39,40,34,37,39,112,37,51,33,36,42,39,39,37,37,38,35,37,41,35,36,39,37,35,33,31,44,34,32,38,22,37,35,33,95,38,40,38,38,37,37
10,99,43,35,4,23,40,34,38,22,13,44,33,23,40,30,39,27,11,19,12,42,9,26,15,36,41,17,21,25,5,15,15,18,70,8,22,35,50,17,42,7,14,53,27,18,9,16,7,17,14,41,25,59,36,41,25,27,49,7,16,36,48,7,29,68,17,17,36,12,12,7,31,20,34,37,34,11,66,23,9,30,8,9,29,29,35,53,7,23,14,7,24,24,10,42,5,64,15,29,5,43,25,12,70,76,2,54,52,15,35,20,4,5,23,48,26,28,48,6,25,14,34,12,8,8,136,21,55,52,6,19,63,35,3,48,25,28,9,7,22,31,33,14,33,32,21,16,4,24,26,31,28,0,28,58,24,29,36,16,26,7,40,18,5,33,49,17,17,62,26,52,33,39,49,46,13,50,5,19,17,50,9,29,31,40,70,19,12,25,42,46,15,106,19,16,36,62,32,35,35,9,32,37,33,0,24,4,45,34,22,41,25,38,47,33,23,25,16,17,59,26,13,21,90,32,23,35,37,23,36,33,43,16,17,40,27,17,39,45,18,4,19,36,32,41,94,42,34,34,30,41,26,44,24,36,5,36,23,38,44,9,37,9,43,38,35,40,43,42,39,31,5,58,38,24,4,15,33,38,25,59,39,25,32,15,6,20,5,18,21,21,12,17,28,18,14,8,47,38,26,21,28,19,34,16,33,26,19,27,3,31,24,107,18,46,16,16,44,33,33,14,24,11,18,18,30,25,19,21,28,8,14,11,41,6,5,16,37,8,26,26,92,23,30,30,16,32,8
24,97,46,34,20,22,38,35,44,22,23,41,33,24,44,28,46,21,21,24,23,43,24,28,24,46,45,25,28,27,22,19,24,26,66,23,24,35,47,23,40,21,23,52,24,23,22,25,25,24,18,39,23,54,33,48,27,27,50,25,22,30,46,23,28,71,25,12,38,21,20,22,33,25,42,41,42,24,62,21,24,28,20,22,24,30,37,48,22,23,25,20,24,20,19,44,22,64,18,33,25,43,17,20,69,74,22,54,51,25,33,25,25,22,22,46,25,34,49,24,20,21,41,20,23,21,137,23,50,54,23,28,61,32,27,46,23,27,24,26,25,34,28,22,20,36,22,26,26,24,25,31,29,24,28,58,22,26,37,24,22,25,41,28,23,33,47,15,23,56,23,50,35,38,48,42,18,42,24,23,24,48,23,23,30,39,69,23,23,24,39,37,21,106,23,24,42,60,33,34,33,24,28,40,39,24,0,25,51,38,28,44,25,37,46,30,24,20,22,25,58,26,21,22,94,31,24,28,37,24,40,26,43,24,25,41,32,12,46,45,22,25,23,28,30,41,93,42,31,34,31,39,13,46,30,38,24,40,24,27,41,24,36,22,46,37,34,42,44,45,37,34,23,51,29,24,24,25,31,30,25,56,33,16,34,22,25,26,23,26,25,19,25,20,29,13,14,22,46,35,26,21,27,24,30,25,35,22,22,27,23,28,23,110,22,50,27,25,37,32,20,17,25,23,27,26,28,23,25,22,26,27,25,27,24,22,24,25,44,21,31,28,93,24,28,27,26,32,24
8,98,42,36,7,22,40,34,39,20,14,44,35,22,41,28,40,28,12,16,13,41,8,25,16,36,39,17,21,27,8,15,13,20,71,4,22,37,49,16,43,7,15,52,26,16,5,15,3,16,14,41,24,60,36,41,26,27,50,9,17,37,48,3,30,67,17,17,37,13,13,4,29,20,32,38,32,12,66,24,12,30,7,5,28,30,34,53,8,24,13,6,25,22,8,40,8,63,15,30,1,42,24,12,70,77,6,55,52,14,36,23,6,6,24,49,26,30,49,2,26,14,36,11,5,7,135,19,56,53,5,19,63,34,8,47,23,28,10,12,22,32,34,14,34,32,22,18,2,22,24,30,28,4,29,58,24,28,37,17,26,3,39,18,5,33,49,15,18,62,26,53,34,40,50,45,11,50,2,18,15,51,10,30,31,39,71,18,11,24,43,47,14,107,18,14,37,62,32,35,35,10,32,35,33,4,25,0,45,35,20,42,26,37,48,37,24,25,18,16,59,26,14,20,89,32,21,35,35,24,35,33,42,17,17,41,25,17,39,44,21,6,20,36,32,42,95,40,33,33,30,41,27,43,25,37,6,35,22,39,44,10,38,5,43,39,36,39,43,43,39,30,4,59,38,22,4,13,34,39,24,58,40,25,32,15,2,20,5,17,22,22,12,16,28,17,13,10,48,37,24,22,26,17,33,17,34,26,20,28,3,30,23,108,17,47,14,16,44,32,34,14,24,12,16,17,28,23,18,20,28,13,12,8,41,5,5,17,37,4,27,26,92,22,30,32,17,32,6
47,107,46,46,46,47,43,50,50,42,46,51,51,47,47,49,45,44,42,47,47,43,43,50,47,39,38,46,47,46,45,44,48,49,77,47,45,49,55,46,45,47,47,59,48,44,46,45,47,42,43,48,47,67,48,45,44,44,42,49,45,41,44,46,48,69,46,50,45,44,46,47,40,44,47,44,47,48,76,43,43,45,47,45,43,51,40,61,45,43,46,45,44,44,46,54,45,72,49,48,46,48,46,49,67,83,47,64,53,44,46,44,45,42,45,47,46,33,49,45,47,44,37,49,47,47,144,44,64,62,46,40,68,47,45,45,44,49,47,43,49,50,52,47,50,48,46,52,44,43,36,46,49,45,39,62,41,45,46,43,39,47,43,45,47,45,52,41,45,74,48,61,45,50,59,49,42,62,46,46,46,53,47,49,50,43,79,43,45,45,48,56,51,115,47,48,48,71,46,47,43,45,53,33,38,45,51,45,0,47,45,45,39,41,54,42,47,45,45,46,67,38,46,46,99,51,45,47,44,43,45,43,46,45,49,48,43,50,37,52,40,45,42,44,43,50,101,37,42,43,49,49,49,44,44,49,45,45,43,49,47,45,49,47,46,38,47,47,48,46,47,42,45,68,48,49,45,48,46,49,43,57,47,51,41,44,46,47,47,47,45,45,48,50,47,52,48,45,60,45,48,45,43,44,42,47,45,56,50,47,45,44,44,115,42,50,45,43,45,46,50,43,49,45,47,43,49,42,48,42,49,44,45,41,47,46,42,45,38,46,34,46,102,49,50,42,45,50,48
36,94,36,29,33,28,30,34,37,35,31,43,30,30,40,32,15,34,32,30,36,30,34,40,32,34,42,31,29,34,34,32,32,32,65,36,36,32,44,27,53,35,31,45,25,32,34,28,37,31,35,32,39,47,31,41,29,35,48,36,37,30,43,35,39,63,31,32,36,35,32,35,30,32,30,31,29,30,61,32,34,32,34,35,35,37,27,52,34,32,34,34,33,27,34,44,35,54,35,27,35,43,27,35,67,70,35,40,45,27,31,37,36,34,32,37,34,32,44,34,28,33,40,36,36,35,128,28,39,52,34,38,58,33,35,47,37,27,35,34,31,34,27,29,35,28,27,37,35,32,38,31,37,34,36,54,34,34,11,29,30,37,28,33,35,28,46,32,27,53,33,51,27,39,44,40,33,54,35,32,29,52,31,29,25,30,62,29,35,32,32,37,35,98,32,29,34,59,14,27,37,35,31,40,39,34,38,35,47,0,28,34,30,34,44,35,32,35,37,29,53,33,31,34,85,35,35,25,39,32,33,36,16,31,32,37,36,32,40,46,37,36,35,37,39,37,93,39,29,37,30,34,33,30,36,2,36,33,32,42,29,35,35,36,38,42,41,43,33,39,30,30,34,55,40,27,33,32,28,41,36,49,40,39,37,35,36,29,35,31,30,35,29,36,28,34,37,33,40,28,28,28,31,31,33,29,28,41,35,39,33,36,30,108,34,34,27,33,35,29,40,36,35,34,29,32,32,33,32,34,31,35,31,35,44,34,33,31,41,35,34,32,90,32,30,35,31,31,36
21,97,37,25,20,15,33,31,36,17,17,39,31,17,38,25,35,27,16,16,19,34,20,28,15,38,42,5,9,26,21,19,9,15,69,19,20,33,44,14,40,18,18,45,23,13,20,15,20,17,18,37,21,55,33,42,22,23,43,20,20,32,44,19,29,59,4,22,35,18,18,19,28,17,31,35,31,16,54,17,19,25,19,18,21,26,29,47,18,19,18,20,18,18,17,36,18,59,22,29,20,38,16,18,66,70,20,50,38,14,30,23,20,18,14,41,17,35,45,21,16,18,37,19,18,20,131,17,49,52,19,24,64,29,22,42,22,23,18,21,7,33,26,18,28,28,18,20,20,12,24,24,18,22,28,52,27,23,28,16,22,20,32,15,20,25,43,16,13,47,18,49,32,32,42,44,18,47,19,14,12,49,14,19,24,34,65,15,19,23,34,38,19,101,16,8,37,54,22,21,32,20,20,38,34,22,28,20,45,28,0,35,28,35,44,36,20,22,22,13,55,22,18,13,88,24,19,32,32,17,33,33,38,17,7,42,25,22,43,44,22,20,21,33,29,33,92,41,29,29,26,29,22,36,19,27,20,33,14,38,37,20,34,17,42,38,36,35,39,42,30,28,20,57,34,16,19,8,32,37,20,52,37,24,28,17,20,9,20,17,17,18,8,19,27,21,20,18,44,30,20,20,26,15,32,17,32,28,20,26,20,31,25,108,17,37,8,20,42,32,22,19,17,20,9,18,25,16,15,19,22,22,9,21,33,19,20,17,42,21,26,21,92,17,25,35,17,27,20
44,98,32,32,42,39,38,44,40,36,41,43,39,36,36,40,34,39,41,39,45,39,41,50,41,44,44,39,35,42,42,42,39,39,67,43,40,37,50,38,54,41,38,44,39,37,43,38,45,37,42,34,43,53,45,41,41,40,33,45,44,36,38,42,40,61,39,43,45,41,40,41,42,39,34,14,33,40,61,40,40,41,41,42,44,40,41,51,42,40,43,41,41,38,41,43,42,56,41,29,43,40,38,40,66,71,41,49,47,37,38,44,42,41,36,47,38,43,38,42,38,40,43,42,43,41,132,39,43,48,42,41,59,37,39,45,44,35,43,38,38,43,42,43,45,40,36,44,37,40,46,39,42,41,40,53,41,38,32,39,37,45,37,42,43,35,46,40,36,57,36,50,37,43,46,42,41,51,42,39,40,46,39,39,30,37,64,37,43,41,37,29,42,98,41,37,36,59,32,35,44,43,42,44,45,41,44,42,45,34,35,0,44,43,42,39,34,43,43,39,56,41,41,44,88,43,40,39,46,41,33,43,28,40,39,44,45,43,45,52,44,42,42,42,35,41,91,44,39,39,37,39,43,40,44,36,41,33,40,46,37,43,39,42,41,48,40,42,36,40,40,39,41,57,46,36,41,40,45,46,45,52,40,44,46,43,44,37,43,36,34,43,37,43,39,43,44,41,38,37,39,36,40,41,39,35,41,44,40,41,41,42,44,106,40,43,36,43,42,42,47,41,41,42,37,39,40,39,36,39,37,38,39,37,44,41,41,41,45,42,44,40,90,35,35,44,40,38,44
29,100,39,33,23,22,32,35,39,19,21,45,34,27,40,28,37,28,22,24,27,38,24,29,27,39,39,25,25,30,26,28,26,25,71,24,25,29,48,26,47,23,21,51,24,21,28,26,28,22,26,34,20,56,32,45,25,31,48,28,28,24,39,23,28,69,25,24,33,21,23,25,30,27,37,39,36,25,62,24,27,23,26,26,31,30,33,53,26,26,24,25,25,22,26,39,23,64,25,30,26,42,27,26,64,76,24,50,49,25,28,25,26,21,26,46,25,24,46,25,27,18,38,26,26,26,137,23,49,54,28,29,57,30,27,46,26,31,27,28,27,35,29,24,27,35,30,27,29,27,24,31,29,25,29,51,20,17,35,27,21,28,39,27,25,31,44,20,27,57,27,38,37,37,47,36,24,47,26,26,27,48,26,25,30,37,66,26,25,26,40,46,25,103,27,27,42,56,34,32,36,25,26,38,37,25,25,26,39,30,28,44,0,33,45,31,26,24,25,27,52,25,21,27,92,35,26,27,30,27,35,28,39,24,26,43,30,24,39,40,19,26,27,28,29,39,93,37,34,33,30,35,17,39,23,32,25,35,24,36,39,25,35,25,42,35,35,34,40,42,31,32,24,45,34,28,23,26,31,34,19,55,40,32,25,29,27,29,25,26,27,22,25,25,28,24,28,23,48,36,31,30,26,25,33,27,35,21,29,25,23,27,20,108,21,38,27,27,37,30,30,24,26,19,29,23,30,23,27,23,27,27,25,29,38,25,23,24,41,26,29,19,90,24,27,25,26,28,28
37,97,39,33,36,32,29,32,41,33,36,43,34,36,42,28,43,29,30,33,27,34,37,37,34,43,44,33,36,32,35,31,33,34,71,36,35,33,38,32,51,35,33,45,36,31,34,33,37,36,31,33,36,45,34,38,35,34,45,38,37,30,41,36,37,65,33,39,37,30,35,35,34,34,33,36,33,32,57,35,33,30,35,35,33,30,26,46,34,36,31,35,34,28,34,31,35,61,36,35,37,38,30,34,64,69,36,52,49,34,33,39,38,30,31,41,33,33,43,37,32,33,40,35,36,36,132,28,49,51,34,41,66,28,39,45,35,34,34,39,33,31,30,31,40,35,32,38,38,36,32,36,36,38,36,55,40,36,35,36,32,37,35,37,35,35,46,27,32,50,30,48,38,31,42,38,29,45,36,35,32,45,35,35,30,27,60,35,36,36,36,40,30,100,34,34,42,54,36,36,31,37,37,37,41,38,37,37,41,34,35,43,33,0,40,41,35,35,39,33,56,29,33,34,87,37,34,23,39,36,38,27,37,34,33,34,36,39,45,43,37,38,36,26,38,34,90,45,28,30,29,33,38,35,35,31,38,38,37,35,37,37,33,35,33,40,33,41,35,37,34,32,37,57,34,29,34,33,34,34,33,51,41,37,41,36,37,35,35,36,34,32,33,28,31,37,34,35,44,35,29,34,28,31,32,36,35,38,37,36,35,26,37,107,35,38,36,33,28,32,39,32,35,35,36,38,28,33,36,35,31,38,33,40,35,36,32,36,45,35,36,28,91,35,33,41,36,28,35
47,93,42,43,45,41,41,43,40,44,44,49,49,43,44,39,47,42,43,41,48,42,47,50,47,50,50,45,46,44,46,45,45,47,69,46,44,46,46,41,49,45,43,55,41,43,45,43,48,42,45,45,45,55,48,47,41,44,39,46,47,40,44,46,41,65,45,49,47,42,45,45,42,42,48,39,48,44,63,43,45,39,44,45,44,45,42,49,45,43,46,45,47,43,46,48,46,59,48,42,48,49,42,45,72,75,45,58,51,43,43,48,49,46,45,57,45,50,47,47,41,41,51,45,46,45,135,41,55,50,45,51,64,45,49,46,45,44,45,50,46,48,44,45,51,49,47,43,46,45,47,32,43,47,49,58,46,40,41,45,38,48,42,44,47,39,47,41,44,62,44,47,43,44,53,43,44,53,47,44,44,48,46,40,42,46,65,44,46,44,44,42,46,105,46,45,43,60,49,47,45,47,44,51,53,47,46,48,54,44,44,42,45,40,0,53,45,47,48,43,60,41,44,46,88,50,46,39,43,44,45,44,43,42,45,50,49,49,52,46,50,49,45,48,44,36,86,53,36,44,37,49,43,45,48,44,49,45,42,48,43,47,34,45,48,53,42,46,47,45,49,42,47,61,44,43,46,46,46,49,43,56,47,45,46,47,48,45,47,45,45,45,44,44,42,47,47,44,52,43,44,47,41,43,40,44,38,49,45,40,47,43,46,107,41,42,45,45,38,42,48,45,45,44,44,43,39,44,44,39,42,46,46,51,46,46,47,43,50,46,47,44,97,44,42,49,42,39,48
39,98,46,41,34,36,38,39,38,35,36,41,42,37,45,40,39,34,36,38,41,42,36,46,38,42,40,39,38,41,37,37,38,38,66,38,36,39,50,35,52,36,39,51,30,38,38,36,40,35,37,45,38,60,35,44,37,37,46,40,39,38,48,35,33,71,39,23,43,36,36,38,34,37,35,38,34,40,65,32,36,38,36,37,41,40,44,55,36,33,38,34,39,36,38,45,37,60,31,37,38,43,39,35,71,76,33,46,55,35,40,33,36,35,37,42,39,37,50,35,37,39,40,37,38,34,138,37,46,56,37,39,61,37,36,50,36,36,39,39,39,41,33,36,21,40,34,43,38,36,39,33,37,33,36,60,36,38,41,37,34,40,43,37,39,36,52,37,35,63,36,52,34,47,48,45,37,44,37,37,36,50,37,31,37,46,73,37,38,33,42,45,36,104,39,39,32,63,39,41,38,38,44,42,39,33,30,37,42,35,36,39,31,41,53,0,32,41,38,37,57,39,36,39,95,40,40,36,41,33,38,37,43,36,38,46,35,23,40,48,36,36,38,31,37,43,93,39,45,41,40,40,26,44,36,41,35,38,32,36,41,38,38,37,43,28,40,41,42,43,36,38,36,50,32,39,35,39,37,36,36,60,34,39,37,39,39,36,39,36,34,38,39,40,38,25,27,38,49,41,42,34,40,41,36,35,33,41,40,35,35,45,43,109,37,52,35,37,42,39,26,36,38,36,36,31,40,38,36,32,37,39,38,40,30,36,35,37,41,37,37,37,89,37,40,41,36,41,39
23,97,35,29,20,12,36,25,34,20,23,43,33,9,38,23,38,19,21,22,21,36,23,29,18,41,45,21,21,21,21,18,20,13,63,22,17,36,45,15,43,21,20,47,21,18,22,18,24,22,21,35,18,56,36,45,23,27,41,25,19,33,47,22,27,60,21,21,34,19,21,21,29,16,39,34,39,21,61,13,20,30,20,21,25,22,32,51,19,15,21,19,16,16,20,40,19,59,19,21,24,42,14,19,64,67,21,49,47,19,31,19,25,21,17,45,24,33,47,23,19,21,39,22,21,21,132,24,49,49,19,27,60,29,22,44,19,16,22,26,21,31,25,20,21,32,10,22,23,16,25,28,22,23,22,53,23,27,31,12,24,24,35,21,22,28,44,19,4,54,21,50,34,35,42,45,19,46,23,11,17,45,21,17,24,37,65,11,22,21,33,35,23,100,15,21,33,57,25,29,32,23,25,40,36,23,24,24,47,32,20,34,26,35,45,32,0,19,24,18,56,25,23,23,92,26,22,34,35,15,27,29,37,21,20,39,27,23,44,45,25,25,20,35,36,32,89,44,29,30,25,35,19,39,24,31,25,27,20,35,39,23,33,21,43,40,35,36,38,43,32,30,23,56,33,16,21,20,28,35,24,53,33,21,29,22,24,20,22,16,11,19,20,20,23,22,21,21,44,31,19,10,23,22,32,13,28,25,16,26,22,31,25,107,19,39,22,19,45,34,23,19,22,21,20,21,23,22,15,19,20,23,21,27,35,22,22,22,41,19,23,22,90,11,23,30,19,30,22
24,92,41,30,22,19,37,32,40,22,23,42,30,21,41,26,41,26,22,25,22,36,21,27,21,41,46,21,21,25,22,16,22,23,67,20,23,30,43,21,41,23,20,49,26,22,21,22,24,23,17,39,23,56,37,42,22,26,50,26,17,29,44,21,28,67,21,23,32,16,23,22,28,23,38,41,37,23,58,21,21,27,22,21,26,26,25,49,19,21,22,22,20,23,19,37,20,60,22,31,24,40,22,23,63,69,23,47,48,25,30,27,26,23,24,51,19,31,44,22,23,20,33,23,20,23,131,22,55,47,20,23,56,33,24,45,21,22,22,22,22,32,31,22,34,33,20,21,24,19,18,28,21,25,31,56,22,24,33,24,20,25,35,23,23,31,45,17,20,58,23,43,35,36,47,44,20,48,24,23,20,47,22,28,28,35,63,23,21,22,34,42,22,103,23,21,41,58,29,31,32,20,27,42,37,25,20,25,45,35,22,43,24,35,47,41,19,0,20,24,49,27,22,21,86,29,25,32,30,21,32,28,41,23,22,39,29,23,44,38,16,26,21,34,26,36,93,43,26,31,26,34,22,43,23,34,26,32,21,35,42,20,33,21,38,38,28,34,41,42,36,29,25,60,34,23,23,20,31,33,18,55,35,14,30,18,24,19,23,22,19,18,22,17,23,19,19,24,44,33,22,21,22,21,33,23,31,29,23,25,24,24,26,110,23,45,24,23,37,28,34,16,23,23,20,26,26,19,21,24,26,21,23,23,39,24,24,24,41,24,30,24,87,21,23,35,22,28,23
18,100,44,33,15,24,38,31,41,23,18,46,29,26,47,26,44,28,14,19,10,41,19,28,17,42,44,17,17,26,15,17,16,20,69,15,18,31,50,20,45,16,16,52,27,17,18,20,18,19,14,37,22,60,35,46,26,27,50,20,16,33,45,15,30,68,17,23,38,12,17,16,34,18,41,39,40,16,62,23,14,28,17,16,23,30,36,51,14,23,15,18,20,23,17,42,14,63,17,29,18,41,24,15,71,76,17,48,51,20,36,28,20,15,21,50,22,33,47,16,24,15,43,16,15,17,136,24,55,50,16,24,62,35,17,47,24,25,13,17,17,31,32,17,28,36,21,22,19,24,22,33,30,16,31,55,9,30,35,20,24,18,40,24,14,32,44,13,18,60,25,46,35,38,48,45,15,47,17,19,18,50,17,30,27,37,67,20,19,27,43,45,9,108,19,16,42,60,31,31,32,19,29,38,39,16,22,18,45,37,22,43,25,39,48,38,24,20,0,20,57,30,17,21,93,30,22,33,37,23,39,36,41,19,17,41,31,23,46,40,21,20,18,25,32,37,95,46,28,33,29,38,24,45,26,37,19,39,26,36,43,19,37,15,45,40,34,38,43,41,37,32,19,56,33,21,14,16,34,35,25,57,39,21,28,16,18,19,14,19,21,19,16,9,27,16,16,17,46,37,26,22,24,19,30,17,32,21,17,27,14,33,20,108,16,46,16,16,42,33,33,14,20,16,16,22,26,27,17,21,26,18,16,16,37,18,15,21,43,18,28,22,92,26,26,17,20,30,15
17,97,40,28,17,7,38,27,35,20,13,41,33,7,35,19,33,23,15,14,14,37,15,30,13,40,41,12,18,22,16,13,11,13,68,15,20,34,48,2,41,13,13,46,20,14,16,1,16,16,13,38,25,54,35,44,22,22,45,16,17,35,46,15,28,64,12,23,35,15,13,13,27,16,33,35,33,12,58,15,16,26,14,15,28,24,31,47,16,15,17,14,19,19,13,32,14,61,18,26,16,37,18,15,67,71,14,45,47,2,28,20,16,14,16,39,22,32,46,17,14,14,38,14,14,14,131,18,46,51,12,21,63,32,17,42,20,22,15,18,15,28,22,15,26,26,14,15,16,19,23,25,23,17,28,54,25,23,29,2,25,16,35,14,16,27,45,10,7,52,21,50,32,30,40,43,14,49,14,2,6,50,13,18,26,35,63,4,15,21,30,40,14,100,8,9,38,56,23,31,34,15,26,39,35,17,25,16,46,29,13,39,27,33,43,37,18,24,20,0,54,21,11,17,86,23,17,33,34,12,29,34,36,15,12,38,22,23,42,43,22,16,20,36,32,34,90,42,26,28,23,35,24,38,23,27,16,29,19,38,40,15,33,15,42,39,34,36,38,40,34,30,14,56,32,15,16,10,32,38,24,54,36,23,31,12,16,13,16,8,17,21,10,16,21,14,14,15,43,33,19,14,23,12,30,13,28,25,16,26,16,30,23,107,17,35,8,19,43,33,26,13,21,16,11,14,19,18,14,10,23,18,11,21,39,14,16,12,40,15,22,19,92,10,21,33,17,26,16
58,90,61,54,57,53,52,56,61,55,58,59,56,56,55,51,55,55,52,56,54,59,59,61,53,61,64,55,55,56,56,50,55,53,68,57,54,58,52,54,67,57,56,51,58,55,57,54,59,56,57,52,55,63,53,62,50,53,58,60,56,45,44,57,61,60,55,59,62,52,57,56,51,49,60,61,60,56,67,56,56,50,56,56,59,59,51,53,55,56,53,57,53,53,58,58,56,60,55,55,59,57,53,56,57,72,57,60,60,54,52,60,60,55,58,67,54,49,61,58,56,56,57,56,57,57,134,51,58,47,54,56,47,55,58,51,57,55,56,57,55,56,60,54,57,60,55,59,58,53,60,55,56,59,62,47,57,58,46,55,51,59,57,59,56,57,49,54,51,62,57,44,61,53,53,51,54,54,58,56,53,53,56,52,54,51,70,54,58,55,54,55,59,104,55,55,63,63,57,49,57,59,58,61,59,59,58,59,67,53,55,56,52,56,60,57,56,49,57,54,0,53,58,57,86,57,58,59,58,57,57,52,54,56,55,55,60,59,64,50,59,60,48,56,54,55,92,59,58,58,58,53,52,59,61,53,60,57,56,56,59,59,60,56,52,58,56,61,54,58,56,58,59,50,57,56,55,56,57,55,56,55,53,51,56,50,59,55,56,56,55,55,55,55,59,58,59,54,57,56,56,58,55,58,56,55,49,58,59,60,56,47,55,100,54,51,54,54,52,51,55,57,54,54,53,56,52,56,55,56,55,56,56,60,58,58,56,57,60,56,62,58,78,58,56,53,56,56,57
29,94,41,28,26,19,36,27,36,21,26,42,29,22,36,26,33,25,25,21,26,36,29,31,26,40,40,24,24,28,27,22,22,25,65,28,21,32,42,21,44,27,26,44,18,19,24,20,27,25,23,38,21,54,36,39,20,21,48,28,29,24,41,27,27,62,24,25,35,27,26,26,24,26,35,37,35,24,61,22,28,26,25,27,21,25,24,45,28,22,25,24,26,22,24,36,27,60,24,27,26,35,23,25,67,74,25,49,47,23,34,30,28,26,22,41,25,33,41,28,22,27,35,25,27,24,133,20,47,49,24,29,61,30,27,44,27,27,27,27,23,28,27,25,31,31,25,25,27,18,30,26,28,26,24,57,28,19,32,23,23,27,29,24,28,27,44,22,22,59,20,50,28,34,43,38,24,49,26,23,23,51,25,19,24,34,61,23,27,21,33,41,24,102,25,23,40,52,30,30,28,27,29,38,32,26,26,26,38,33,22,41,25,29,41,39,25,27,30,21,53,0,25,26,87,28,22,27,34,22,34,28,39,22,24,37,26,25,41,43,29,28,24,36,28,33,88,39,17,26,23,38,28,39,25,34,28,34,26,38,31,27,34,28,38,41,34,35,38,39,32,26,27,58,34,23,26,22,32,34,29,51,32,26,31,25,26,21,28,21,23,20,24,24,21,25,25,27,45,31,29,25,22,16,28,20,29,26,26,26,27,23,24,92,22,40,25,27,41,20,31,24,24,25,20,28,19,15,19,24,23,28,24,26,38,26,27,23,41,25,22,22,87,21,24,36,22,27,29
16,97,41,29,12,17,38,26,38,24,4,46,23,18,40,23,37,23,12,12,16,37,14,26,18,39,41,11,19,22,12,15,11,16,69,14,24,31,46,12,44,12,2,48,26,11,15,10,15,16,13,36,23,53,33,41,23,21,48,15,15,30,46,13,25,67,11,21,30,12,6,13,29,19,34,35,34,12,62,19,13,25,13,14,28,27,29,44,15,19,15,13,24,17,14,33,12,64,14,29,14,34,21,13,66,67,11,51,49,11,33,15,14,11,19,44,19,30,41,14,19,9,37,13,14,13,135,17,50,52,13,20,58,30,13,43,24,22,16,15,19,25,27,14,33,29,20,13,15,21,22,30,26,13,24,58,22,25,32,12,26,15,34,19,14,30,48,10,17,58,23,48,32,33,45,41,14,49,14,15,15,47,13,25,27,34,67,14,15,22,39,45,14,102,12,15,38,58,29,33,29,15,29,37,36,13,21,14,46,31,18,41,21,33,44,36,23,22,17,11,58,25,0,17,86,29,21,31,35,19,35,32,40,14,11,32,24,21,40,46,16,14,19,34,30,38,89,39,27,30,24,38,25,40,16,33,14,35,15,36,38,15,33,15,39,38,27,38,37,30,35,28,13,54,36,19,13,11,27,36,24,53,39,24,31,16,14,17,14,15,20,19,10,16,22,15,16,15,43,32,21,21,20,14,31,17,32,24,15,23,13,30,22,103,17,43,14,18,40,30,32,13,24,13,14,12,23,21,16,16,22,18,10,15,32,12,12,14,40,15,19,23,89,19,25,29,15,25,16
21,99,43,32,17,19,37,30,38,25,18,47,32,21,39,29,41,21,15,20,19,40,20,28,17,42,44,16,16,23,18,15,17,19,69,21,18,34,47,16,40,17,18,50,23,19,17,17,20,17,14,35,24,54,33,43,24,27,46,23,17,31,46,19,23,66,15,22,32,18,17,18,29,13,40,41,40,17,60,14,17,27,18,20,27,23,30,49,19,15,17,18,23,22,20,38,19,64,22,30,20,40,21,19,68,73,20,52,49,18,32,24,23,20,15,44,23,30,43,21,23,18,37,18,20,20,134,22,53,51,18,22,60,33,20,44,23,26,20,20,12,30,27,15,33,31,13,21,20,18,23,31,25,21,24,57,23,26,34,19,25,20,38,19,20,26,47,15,17,55,21,48,36,35,43,45,17,49,20,19,17,46,18,28,28,36,66,18,19,24,37,41,19,104,18,16,40,58,30,35,32,20,28,38,36,21,22,20,46,34,13,44,27,34,46,39,23,21,21,17,57,26,17,0,89,30,22,30,33,14,36,33,42,18,17,38,28,22,43,44,18,23,19,35,31,38,90,41,30,31,27,39,23,40,21,33,23,36,22,35,38,20,34,19,42,38,33,35,40,42,34,29,19,57,37,22,19,17,30,35,26,57,38,21,32,18,20,18,20,17,19,15,17,19,28,23,22,19,48,36,25,14,25,20,30,18,32,25,14,18,20,31,20,108,19,41,18,19,40,29,28,16,24,20,17,18,29,21,17,19,20,17,17,20,39,19,20,18,42,19,21,22,89,21,27,33,18,26,21
92,84,88,80,89,85,85,84,89,89,88,92,85,88,82,79,86,85,88,80,91,89,88,96,92,92,92,89,91,84,90,90,89,91,84,91,90,89,74,87,96,87,84,84,86,85,91,85,91,77,89,79,89,84,91,89,86,81,92,92,91,83,84,90,89,91,89,93,88,89,89,89,88,90,88,86,88,89,89,91,91,86,89,90,90,88,85,82,92,91,90,89,88,85,89,88,90,97,91,82,89,85,87,90,88,78,89,92,85,85,84,92,90,89,88,100,87,92,86,90,87,87,90,90,91,89,136,84,81,91,89,92,84,84,91,85,90,83,91,91,92,86,87,90,93,88,90,91,90,90,91,85,90,90,94,89,93,75,83,86,86,91,86,87,92,86,82,88,87,95,89,84,78,80,76,85,90,98,88,86,89,92,92,85,81,82,84,88,89,86,82,88,90,91,84,91,93,83,87,86,91,89,93,95,93,90,94,89,99,85,88,88,92,87,88,95,92,86,93,86,86,87,86,89,0,87,87,87,88,91,83,91,84,78,89,88,89,93,92,95,91,90,87,94,90,90,80,95,88,89,84,88,94,92,90,86,90,83,81,89,88,89,76,90,84,98,87,87,73,79,88,87,88,92,90,88,90,88,88,89,90,81,90,91,89,90,90,91,92,85,89,90,87,90,85,94,92,92,84,86,81,88,82,85,87,85,83,92,89,86,90,84,91,103,88,86,87,89,85,90,88,89,91,91,90,86,78,86,86,86,81,92,87,92,84,87,89,76,94,91,92,90,96,84,81,92,77,80,92
32,98,42,29,32,23,41,26,35,27,30,43,26,29,43,23,41,27,30,23,30,37,32,40,29,41,43,28,26,27,30,29,28,29,67,30,32,35,45,25,46,30,26,45,26,25,32,24,32,28,29,34,28,50,40,44,30,23,49,34,32,31,44,30,39,66,28,34,33,29,29,30,30,30,39,40,39,28,54,32,32,29,30,30,33,33,30,50,31,29,31,31,28,21,30,37,29,62,30,25,32,32,25,30,68,68,30,49,43,25,38,34,34,29,31,23,26,31,45,32,28,28,43,31,29,30,135,23,44,46,30,34,55,29,31,44,33,22,31,33,27,23,29,30,30,30,24,34,31,31,35,28,33,32,36,57,30,25,32,26,28,32,37,32,31,29,49,28,23,52,32,48,32,31,39,44,29,51,31,25,27,51,28,23,21,31,62,24,32,28,37,42,27,107,25,26,36,59,1,29,32,32,26,43,39,32,31,32,51,35,24,43,35,37,50,40,26,29,30,23,57,28,29,30,87,0,29,28,36,31,31,34,39,28,28,15,33,34,45,50,36,34,28,38,34,40,91,42,31,31,22,37,33,38,34,29,34,31,28,38,41,32,35,30,41,42,31,41,32,39,34,29,31,58,39,26,31,27,29,38,32,57,34,31,37,33,32,20,31,24,24,28,25,29,23,32,32,31,44,37,22,27,25,27,29,25,31,32,34,35,31,27,31,105,28,44,25,31,38,25,27,27,30,30,24,29,23,26,24,26,29,35,28,33,43,31,31,28,45,29,39,24,89,28,23,35,23,25,32
23,98,40,32,23,17,39,31,37,17,22,41,31,21,41,25,42,25,21,18,17,32,22,28,20,39,43,19,21,26,23,23,17,18,67,22,21,35,45,18,44,21,21,48,26,16,22,18,21,20,21,38,24,55,37,39,24,27,47,20,23,32,42,22,29,64,19,27,35,21,24,20,28,23,34,36,33,18,59,19,23,30,22,22,26,28,33,53,22,17,22,21,22,23,19,38,22,57,25,27,21,42,20,19,65,75,22,54,46,18,31,22,20,19,23,47,21,33,48,23,25,22,37,21,21,21,133,23,52,51,20,22,62,31,24,48,21,25,19,20,21,28,33,21,32,31,22,22,22,20,22,29,22,23,24,52,23,24,34,18,19,21,29,16,22,28,46,20,19,56,23,54,31,36,44,44,22,47,20,19,18,51,19,28,26,36,66,20,22,20,38,42,18,105,19,18,40,53,27,32,35,22,28,36,36,23,24,21,45,35,19,40,26,34,46,40,22,25,22,17,58,22,21,22,87,29,0,33,30,21,35,32,35,18,18,40,26,25,42,43,20,20,22,32,29,33,92,42,24,31,26,39,25,38,20,34,19,35,20,38,39,22,34,22,42,41,36,38,40,43,35,26,21,60,35,18,22,15,34,39,21,50,34,27,31,21,21,20,22,17,20,19,17,21,25,26,25,22,45,28,19,20,23,12,30,19,31,27,18,25,22,24,18,103,22,43,19,23,44,30,31,23,20,22,19,23,25,15,19,19,27,20,16,21,39,21,22,17,41,22,26,19,90,19,28,27,20,26,22
35,92,42,33,33,31,30,30,38,33,32,47,37,29,41,30,42,35,30,29,29,42,35,32,33,42,46,31,30,33,34,32,31,32,69,34,33,31,41,31,50,34,30,46,33,31,33,32,35,35,31,37,37,44,24,41,35,30,48,37,36,26,47,33,34,65,31,29,32,31,32,35,32,32,38,42,38,31,60,31,33,33,34,33,33,32,25,47,32,31,30,33,34,27,33,33,34,60,31,33,35,35,30,36,66,75,34,48,51,32,33,38,36,31,31,39,32,33,46,34,30,32,37,34,34,34,131,28,49,53,34,37,62,32,35,45,36,33,32,35,29,37,29,27,27,32,35,37,35,34,33,35,32,35,33,57,32,36,29,33,32,35,32,37,33,27,48,29,32,52,30,50,35,29,42,38,32,46,34,33,33,48,31,33,31,31,63,33,35,32,35,40,32,98,33,31,40,52,30,36,31,35,34,41,40,35,28,35,47,25,32,39,27,23,39,36,34,32,33,33,59,27,31,30,87,28,33,0,36,32,36,31,39,35,31,36,33,29,43,47,35,36,35,29,32,36,91,43,30,29,30,40,31,43,31,31,36,36,34,37,38,35,36,34,37,38,35,36,37,41,29,32,35,52,36,30,31,32,31,33,34,55,40,32,37,33,35,32,33,33,32,29,29,31,31,30,34,31,47,34,30,32,29,31,30,32,35,31,33,33,32,30,31,108,36,38,32,30,25,29,29,34,33,32,32,36,30,29,33,37,29,34,31,34,37,34,32,36,45,34,34,26,88,30,33,32,35,34,35
36,97,44,36,35,30,41,37,34,33,36,47,38,31,37,37,46,37,33,32,35,37,33,35,33,42,44,31,33,35,35,32,34,30,73,34,26,27,46,31,45,36,33,53,34,30,35,32,35,34,32,40,29,61,37,39,35,36,52,35,35,28,42,34,36,63,31,37,32,33,34,35,33,31,38,43,37,35,64,35,35,31,33,33,33,34,36,53,31,35,32,34,33,35,33,40,36,60,34,34,35,45,33,31,66,75,37,57,49,33,36,36,35,36,34,51,31,32,41,34,31,30,42,33,35,34,135,31,55,52,34,35,62,35,38,49,27,32,35,35,31,37,35,34,42,39,35,38,36,31,29,31,32,37,37,57,36,33,32,35,26,35,38,33,36,34,42,31,34,62,35,49,37,46,48,36,32,49,36,35,31,51,33,35,34,43,71,34,32,32,41,43,36,103,35,33,42,61,36,37,33,33,28,41,37,37,37,35,44,39,32,46,30,39,43,41,35,30,37,34,58,34,35,33,88,36,30,36,0,36,40,28,38,36,32,46,34,37,46,43,35,35,34,33,32,38,90,45,35,38,33,41,34,45,32,37,34,40,34,35,40,33,33,34,47,41,38,37,43,47,38,29,35,52,41,32,35,33,33,36,28,58,37,31,31,31,35,31,36,33,35,34,33,34,35,37,35,31,49,31,37,35,33,33,35,33,36,42,35,34,36,29,30,109,33,46,34,34,45,34,37,34,31,36,33,35,37,31,33,34,36,37,34,34,39,35,36,36,43,34,38,37,97,34,34,38,34,36,35
23,95,40,31,21,18,38,29,36,23,22,44,34,13,34,26,41,25,19,19,20,34,23,26,18,40,42,17,20,28,21,19,17,21,68,23,22,36,48,14,39,21,21,47,20,19,17,15,24,16,19,40,24,50,29,35,23,29,46,23,21,33,45,23,18,63,17,23,32,21,21,22,25,20,34,38,33,16,56,1,21,27,21,22,23,16,32,49,21,1,19,22,19,21,21,39,22,55,21,23,24,37,21,22,66,69,22,53,43,16,24,20,23,22,17,40,24,35,44,23,15,22,38,20,22,23,131,23,49,50,21,21,63,29,24,47,20,27,22,26,14,34,26,16,32,34,8,24,25,11,22,25,23,23,19,55,23,28,34,13,21,24,32,21,22,16,45,17,15,59,9,54,33,34,38,45,20,51,24,13,16,52,18,29,27,37,66,14,22,17,39,45,22,101,17,16,39,55,29,31,34,23,27,37,37,23,24,24,43,32,17,41,27,36,44,33,15,21,23,12,57,22,19,14,91,31,21,32,36,0,29,30,39,18,18,39,24,24,43,44,22,23,23,33,31,37,88,43,26,31,25,37,23,34,13,30,23,29,23,36,34,23,31,23,45,41,34,33,43,43,32,22,23,59,34,22,21,16,27,36,22,50,34,23,30,22,24,17,22,13,13,20,16,23,23,24,22,20,46,30,24,12,25,18,30,18,29,25,8,16,22,33,23,106,21,44,18,20,43,36,20,23,19,23,17,18,26,15,13,22,16,17,17,26,41,23,22,15,41,22,14,19,93,12,30,32,18,26,21
38,94,37,31,35,31,33,32,38,36,37,44,33,24,35,29,32,39,34,29,37,36,34,37,33,38,39,33,35,31,36,35,32,32,69,36,35,33,43,31,49,33,30,48,35,34,32,28,37,31,34,33,38,58,39,45,31,30,42,38,36,27,41,35,34,61,33,36,33,35,36,34,34,35,33,23,33,34,63,29,36,32,34,35,38,33,37,48,36,29,35,35,31,28,35,38,35,56,37,28,35,40,32,36,67,67,34,51,45,27,28,34,36,36,31,30,33,32,41,36,32,33,40,35,36,34,132,30,49,49,34,38,62,34,37,40,37,30,37,36,35,31,34,36,44,33,35,33,36,23,35,34,35,36,33,55,36,34,32,23,34,37,35,35,37,28,46,35,31,55,29,50,25,30,41,38,35,53,33,24,33,47,35,31,29,38,64,23,35,28,33,38,36,98,27,35,32,51,30,35,29,35,38,39,38,36,40,35,45,33,33,33,35,38,45,38,27,32,39,29,57,34,35,36,83,31,35,36,40,29,0,37,30,32,34,38,35,36,44,47,35,36,35,35,38,37,92,39,40,37,35,39,39,39,40,35,36,0,31,41,34,35,35,36,39,43,34,37,35,37,34,32,34,53,30,29,35,32,30,41,35,45,44,38,39,35,36,37,37,27,30,36,33,37,38,40,39,36,37,36,28,37,32,35,33,27,33,38,30,34,35,34,40,104,33,40,31,32,40,37,37,35,30,36,33,30,29,33,28,32,24,32,31,37,43,33,35,33,42,36,34,36,88,25,30,41,35,37,38
34,95,42,31,32,30,35,34,41,27,32,41,34,35,44,29,46,27,26,31,34,40,35,37,31,43,40,31,33,35,31,25,31,32,67,33,27,35,42,30,45,33,30,46,32,29,31,34,33,34,29,36,26,54,35,46,33,30,48,36,31,21,39,33,32,64,31,28,37,26,31,30,30,31,41,44,41,31,58,30,30,29,32,32,32,32,26,50,31,30,29,32,31,25,29,40,31,61,29,32,33,42,29,32,64,72,31,51,47,34,34,37,36,29,30,50,32,30,43,34,35,28,38,33,33,33,135,26,45,51,33,35,58,30,35,42,31,33,30,37,34,34,33,27,32,38,31,38,37,32,34,30,31,33,33,51,34,32,35,35,25,33,36,35,32,31,40,24,31,56,34,39,33,35,46,38,25,41,32,34,30,43,32,32,30,33,67,34,34,32,36,41,33,103,33,31,36,60,32,33,27,35,34,37,36,33,26,33,43,36,33,43,28,27,44,37,29,28,36,34,52,28,32,33,91,34,32,31,28,30,37,0,42,34,31,38,35,28,42,43,37,36,30,29,29,36,89,34,32,32,30,31,26,40,33,37,36,37,34,33,40,35,36,32,42,39,32,35,40,40,36,31,35,51,33,31,31,32,34,33,29,56,35,29,32,28,33,31,32,35,32,32,30,33,31,30,29,31,45,34,33,31,27,33,27,34,31,31,32,30,32,26,34,104,30,41,34,31,32,33,32,28,30,32,33,36,29,26,34,33,32,36,32,38,37,34,31,35,43,31,33,28,87,35,34,34,34,31,33
42,95,41,31,41,33,35,41,40,35,40,46,39,39,41,36,19,37,39,36,41,32,42,42,40,46,46,37,36,39,42,40,37,39,63,41,36,39,34,35,49,40,37,35,37,32,37,36,42,39,40,28,40,55,44,38,36,33,41,42,43,33,36,41,42,59,37,42,41,40,40,40,39,39,37,24,36,36,58,39,41,40,40,40,33,43,36,49,40,39,41,40,41,36,40,39,40,57,41,28,42,36,35,38,58,71,41,51,49,36,38,44,42,40,34,46,31,42,40,42,37,39,50,42,41,41,136,35,43,50,39,44,64,32,44,44,41,35,40,42,39,40,36,39,43,41,37,40,43,36,42,38,41,43,45,54,39,39,27,39,36,42,30,38,41,37,43,37,35,54,40,50,40,39,41,43,38,51,41,38,37,49,37,36,31,36,66,39,42,39,34,34,38,101,40,36,38,51,35,35,40,42,41,47,46,43,43,42,46,16,38,28,39,37,43,43,37,41,41,36,54,39,40,42,84,39,35,39,38,39,30,42,0,38,37,30,44,42,48,49,44,42,38,38,42,36,89,46,40,38,34,39,41,30,41,16,41,30,45,44,32,42,36,40,43,47,43,43,33,38,44,34,42,57,41,35,40,37,41,44,43,42,42,41,45,39,42,38,41,36,35,37,35,39,37,42,41,40,36,30,38,37,32,38,39,36,34,36,42,36,41,36,39,103,39,39,37,40,40,40,43,39,36,36,37,44,36,34,36,38,36,43,37,43,43,41,41,39,48,40,43,34,90,37,32,40,39,36,42
19,97,40,32,16,16,40,30,34,18,13,42,33,20,33,19,36,20,18,10,17,36,18,28,17,41,39,15,17,25,18,17,14,19,62,18,19,35,47,16,41,17,16,50,18,11,19,16,18,6,17,39,21,56,30,42,14,21,48,18,20,34,46,17,17,66,15,22,34,17,16,15,24,16,37,36,37,18,63,18,18,26,16,18,26,26,31,50,19,18,19,15,23,17,16,36,17,61,19,26,17,37,20,16,68,72,15,51,51,17,30,13,17,16,18,44,26,34,47,18,22,17,38,17,17,16,132,15,50,49,16,21,61,34,17,43,20,24,18,17,18,29,28,18,28,26,13,9,17,23,20,24,25,16,25,58,22,15,33,11,23,18,35,11,19,28,47,15,15,59,22,52,23,35,39,42,17,48,16,15,18,49,19,26,27,38,64,12,17,15,38,42,16,106,7,15,36,53,28,35,31,16,31,35,38,16,24,17,45,31,17,40,24,34,42,36,21,23,19,15,56,22,14,18,78,28,18,35,36,18,32,34,38,0,15,38,27,22,42,46,18,17,19,31,29,37,83,41,27,30,26,39,24,44,21,33,17,32,19,36,42,16,25,18,37,41,32,36,40,41,38,32,16,58,36,22,18,16,30,36,23,53,36,22,30,16,17,13,19,13,17,20,16,16,24,21,20,18,45,32,19,13,24,12,28,12,28,28,17,14,18,30,22,101,17,41,17,19,42,26,26,17,25,17,16,12,19,18,15,9,23,16,16,18,39,17,17,1,40,18,18,20,92,18,24,33,4,28,19
17,97,41,31,17,15,34,24,37,18,11,44,28,16,40,20,38,24,14,16,17,35,16,29,13,36,40,1,13,24,17,16,4,14,69,15,19,32,45,12,43,14,9,48,25,10,17,12,17,18,15,34,23,55,35,42,24,23,44,16,19,31,43,15,30,63,2,24,37,12,10,14,30,16,34,36,34,9,55,18,15,22,14,15,27,28,29,48,13,18,15,15,19,19,16,36,16,60,16,30,17,38,22,13,66,69,15,51,40,12,32,16,16,14,16,39,10,30,43,16,16,11,37,14,15,14,136,18,50,51,15,21,58,29,18,43,20,18,14,18,14,26,26,14,30,30,15,17,18,15,20,29,19,17,25,52,22,27,31,12,22,17,34,16,16,30,41,13,10,53,20,48,35,33,44,43,16,47,16,11,12,48,9,20,25,35,64,12,16,22,37,43,16,101,13,9,38,57,28,26,32,16,19,36,32,17,25,17,49,32,7,39,26,33,45,38,20,22,17,12,55,24,11,17,89,28,18,31,32,18,34,31,37,15,0,33,24,24,41,45,22,16,19,31,32,38,93,40,27,28,22,27,24,37,20,32,16,34,17,38,36,16,35,14,41,39,34,39,35,36,32,28,16,54,33,18,16,5,31,38,27,54,39,24,30,16,17,6,16,12,16,21,8,17,20,17,17,14,45,33,22,17,23,15,29,14,31,24,16,25,16,31,23,107,18,41,6,16,40,29,29,14,20,14,5,16,20,20,14,14,24,18,5,16,33,15,15,18,40,15,22,21,88,16,24,31,17,24,17
40,98,43,37,39,39,40,34,43,40,33,49,28,38,41,34,37,34,38,34,42,43,38,41,40,46,49,34,39,34,37,39,33,39,64,39,40,39,44,38,51,37,31,48,42,36,37,38,41,39,37,29,41,57,38,49,38,38,44,42,39,31,40,39,40,62,34,41,32,38,31,38,40,37,40,38,40,38,61,39,40,37,37,39,36,40,36,50,39,39,40,38,40,34,39,42,36,64,39,34,41,32,34,40,60,67,38,49,50,38,38,44,42,38,31,36,34,35,44,40,40,34,49,38,39,37,136,33,48,53,39,45,53,30,40,43,43,28,39,42,38,14,35,39,33,40,33,44,42,42,42,40,44,40,40,56,40,36,38,39,39,41,39,42,40,32,50,36,38,59,34,46,36,36,40,44,38,54,40,38,39,47,38,40,32,37,63,39,38,39,39,44,38,105,36,38,42,59,15,36,37,38,38,49,47,40,41,41,48,37,42,44,43,34,50,46,39,39,41,38,55,37,32,38,88,15,40,36,46,39,38,38,30,38,33,0,40,41,44,52,43,42,38,42,43,45,89,40,40,35,32,36,39,40,43,37,42,38,41,43,39,38,38,38,31,42,38,41,26,31,36,37,39,54,39,35,40,34,32,43,42,52,40,38,41,39,41,40,40,39,39,32,37,39,31,40,39,40,45,39,35,31,36,36,37,38,37,35,38,36,40,37,44,104,37,40,41,38,41,38,34,36,42,37,40,40,34,41,38,39,28,40,34,43,40,38,39,39,49,37,39,34,87,38,33,41,38,31,41
29,98,42,31,29,23,40,34,41,25,26,44,34,26,45,26,42,26,28,21,26,36,25,35,27,36,34,24,24,25,29,28,25,23,69,29,27,35,49,22,47,28,23,51,27,23,29,20,28,23,29,41,26,60,37,43,26,25,46,28,30,30,46,28,31,65,24,31,33,28,28,29,30,27,33,40,33,25,68,25,29,31,28,29,20,29,34,54,27,23,27,27,26,25,29,36,29,64,32,30,26,40,24,29,69,75,29,57,51,20,35,12,24,26,26,42,25,34,50,27,25,26,39,29,26,27,135,21,52,55,28,24,66,35,27,50,26,27,28,25,27,32,35,29,36,30,25,31,26,25,24,31,28,27,19,60,27,30,39,22,29,28,36,26,29,34,48,26,25,62,27,56,38,38,48,44,27,51,27,23,24,51,26,26,29,39,69,23,28,23,45,45,31,103,25,25,37,62,33,33,36,27,30,29,36,27,32,25,43,36,25,45,30,36,49,35,27,29,31,22,60,26,24,28,89,33,26,33,34,24,35,35,44,27,24,40,0,31,39,50,18,24,29,40,32,43,93,39,35,31,32,38,31,39,22,37,24,35,20,44,42,27,38,29,45,45,33,39,43,43,34,29,25,60,41,21,28,24,31,44,27,55,43,30,36,29,27,26,29,20,25,31,24,27,31,33,32,29,47,35,23,25,28,24,31,19,35,31,28,30,27,30,32,110,29,49,24,31,43,34,38,30,26,31,25,18,29,23,21,26,27,29,24,26,39,26,25,26,37,28,24,23,96,25,29,35,23,33,27
22,98,43,35,19,22,39,36,43,22,22,41,34,24,40,31,43,23,18,24,25,40,17,31,22,42,44,23,21,27,21,19,24,23,69,21,24,33,48,22,43,17,23,52,25,22,21,19,23,18,20,40,24,56,33,47,29,28,48,22,19,33,50,20,32,71,23,0,38,22,21,21,32,17,40,40,40,24,65,24,22,29,19,20,26,30,38,54,20,24,20,19,21,23,21,42,21,61,14,32,17,44,25,20,70,75,18,51,53,19,36,22,16,19,21,47,27,31,50,20,24,22,37,20,21,19,136,26,46,56,20,24,61,31,22,48,24,28,22,24,23,34,31,18,21,34,19,26,22,26,24,31,29,17,22,57,21,30,38,22,23,23,40,22,21,36,48,19,21,59,28,52,32,42,50,47,19,45,16,24,23,51,23,25,31,42,70,22,22,23,40,41,21,105,21,23,39,61,33,35,30,22,33,40,38,17,12,17,50,32,22,43,24,39,49,23,23,23,23,23,59,25,21,22,93,34,25,29,37,24,36,28,42,22,24,41,31,0,43,44,20,16,21,29,32,38,92,42,36,33,31,42,15,46,21,34,17,36,21,31,42,22,39,20,45,30,35,43,44,44,37,31,16,49,31,22,21,23,32,31,27,57,33,24,34,22,20,23,21,20,24,22,23,24,30,6,10,22,47,36,26,21,27,21,29,22,33,29,22,27,21,29,22,109,19,50,21,22,43,33,22,18,27,20,23,19,31,26,22,21,29,23,20,25,29,17,20,23,43,20,22,25,92,27,31,32,22,31,22
43,100,45,40,41,44,41,44,46,39,41,47,45,45,47,40,39,43,40,39,43,43,38,45,41,9,24,41,39,40,42,44,41,39,71,43,38,43,50,42,54,41,40,53,44,39,44,41,42,41,43,42,46,65,45,44,41,44,53,39,39,34,40,42,46,72,41,43,45,40,41,42,42,39,37,37,38,42,72,43,42,43,42,43,46,44,41,56,42,43,44,41,38,38,43,47,42,67,45,39,40,46,40,41,65,80,41,61,57,40,41,40,35,41,44,51,40,32,49,41,45,39,18,42,43,42,141,40,59,54,43,33,59,43,41,52,42,39,44,37,44,44,49,42,44,45,43,48,40,45,41,41,44,39,40,61,44,43,42,42,40,42,39,41,41,40,48,40,42,69,44,51,42,45,57,44,43,57,40,43,42,54,42,45,40,47,77,43,41,43,48,53,44,110,43,41,43,68,44,41,41,40,44,36,19,39,46,39,37,40,43,45,39,45,52,40,44,44,46,42,64,41,40,43,92,45,42,43,46,43,44,42,48,42,41,44,39,43,0,48,37,35,38,44,41,44,97,25,48,45,45,40,43,43,41,42,36,44,41,52,43,40,44,43,44,49,43,38,42,43,42,40,39,63,42,42,40,41,44,52,45,58,49,45,46,41,41,42,41,42,43,43,40,45,44,45,46,41,54,40,41,43,43,42,47,42,42,46,46,45,39,40,38,109,40,46,40,46,40,42,42,42,41,43,42,39,40,40,43,42,41,41,40,37,40,40,39,42,15,43,38,42,95,43,40,46,42,45,44
46,96,47,49,43,42,45,47,49,44,45,50,51,43,50,44,52,45,42,44,39,50,46,43,43,45,48,44,45,46,45,39,44,43,72,43,41,42,51,41,46,44,45,55,42,44,42,43,44,46,39,50,38,63,43,47,40,46,54,44,44,46,42,43,46,63,44,44,36,42,45,42,43,45,49,54,49,42,64,42,41,45,42,43,42,45,47,53,43,43,43,44,42,42,43,48,41,65,43,45,44,52,41,42,62,72,43,46,54,43,42,49,44,44,45,56,46,38,52,46,42,44,52,42,43,43,134,42,55,57,41,45,68,48,46,51,41,47,41,46,45,50,42,40,48,52,47,49,45,44,44,45,44,45,48,58,40,47,50,45,43,44,47,48,44,47,48,41,45,56,46,50,49,50,51,45,41,49,43,45,41,54,44,44,42,50,65,44,45,43,49,52,41,108,45,43,51,56,47,48,43,46,48,54,52,45,45,44,52,46,44,52,40,43,46,48,45,38,40,43,50,43,46,44,95,50,43,47,43,44,47,43,49,46,45,52,50,44,48,0,50,44,41,40,45,44,94,49,48,42,47,47,44,47,46,46,44,47,47,43,51,46,44,43,52,45,50,39,54,47,50,42,44,58,49,42,43,44,45,42,37,62,51,42,32,41,44,46,44,46,45,35,44,41,48,45,45,43,58,48,45,46,45,46,41,43,47,43,45,45,44,46,40,113,41,47,45,40,48,44,45,42,42,40,45,47,44,44,43,46,45,47,44,47,48,45,44,47,49,45,49,39,94,45,47,36,47,47,45
25,100,41,30,19,25,39,37,42,19,18,45,37,26,44,28,38,31,16,19,20,37,15,30,22,34,33,22,22,29,18,25,21,24,71,23,18,34,48,22,45,22,18,53,27,19,25,21,24,17,21,42,18,63,38,45,18,26,50,24,21,29,43,22,33,65,22,20,36,18,18,25,29,19,34,37,33,21,70,22,20,24,22,24,31,32,33,53,23,22,18,21,24,22,23,40,18,64,26,33,22,43,22,23,65,79,20,57,50,20,37,11,20,18,22,47,26,34,49,21,28,16,34,20,23,21,137,21,55,56,25,16,65,34,17,49,9,28,20,19,24,36,35,19,35,35,22,22,22,24,18,33,23,18,26,58,17,29,36,22,23,24,36,16,19,37,49,15,23,65,23,55,38,41,53,43,19,50,23,23,22,52,23,29,31,41,73,23,18,23,47,49,22,108,19,21,39,65,36,32,33,17,33,25,33,18,22,21,40,37,22,44,19,37,50,36,25,16,21,22,59,29,16,18,91,36,20,35,35,22,35,37,44,18,22,43,18,20,37,50,0,20,13,34,29,44,95,35,35,34,32,41,24,41,24,37,19,35,19,43,41,17,42,24,45,45,35,39,46,43,39,33,19,61,41,28,18,21,35,43,26,55,42,24,35,20,23,23,19,22,24,17,20,21,30,22,22,18,51,34,27,22,25,22,33,22,35,33,21,30,17,34,26,109,15,48,20,24,46,35,35,21,25,19,22,19,28,20,23,22,31,22,20,19,40,20,18,18,35,20,23,29,96,24,32,37,18,33,22
12,99,42,36,8,23,41,36,40,20,14,43,36,23,44,30,40,28,12,16,8,41,8,25,15,32,37,16,21,28,9,14,12,21,72,8,22,35,47,16,45,7,15,52,27,15,11,15,9,16,14,41,25,61,37,42,25,28,50,4,17,35,49,7,31,67,16,16,38,13,13,10,30,19,30,37,31,12,67,23,8,31,7,9,28,31,35,54,9,23,15,5,26,20,8,40,9,63,12,30,7,43,25,11,70,77,6,56,52,14,37,22,0,9,24,49,26,28,48,6,27,14,32,9,9,6,135,20,56,54,10,17,64,36,3,48,23,29,12,9,22,34,35,15,35,32,23,18,7,22,23,31,28,4,28,58,25,29,38,17,29,9,39,20,9,34,49,14,21,63,27,53,33,43,51,44,13,50,8,18,17,52,11,31,30,40,72,18,11,24,44,48,11,107,19,13,37,62,34,35,34,10,33,33,29,4,25,6,45,36,20,42,26,38,49,36,25,26,20,16,60,28,14,23,90,34,20,36,35,23,36,36,42,17,16,42,24,16,35,44,20,0,22,36,32,42,96,40,34,32,32,42,27,43,25,36,1,36,21,40,42,12,39,9,44,38,37,40,44,45,37,26,3,60,39,22,8,12,35,40,22,57,41,26,32,16,8,20,9,17,22,22,13,15,30,18,14,11,47,36,26,23,26,17,34,17,33,27,19,29,7,29,25,108,17,48,14,17,46,35,35,14,25,12,16,18,30,23,18,20,30,11,11,7,41,4,8,17,33,8,26,27,92,22,31,33,17,34,10
21,92,40,30,19,20,40,32,38,12,19,41,34,22,37,28,41,23,20,17,23,39,19,25,21,41,41,17,19,22,18,16,17,20,66,20,14,35,44,19,35,18,17,51,21,20,21,20,20,19,18,38,19,58,36,42,17,21,47,22,16,25,41,20,27,66,17,21,31,18,18,17,25,16,35,40,35,20,64,20,20,26,17,19,27,27,29,46,20,23,21,18,20,17,19,41,17,60,18,29,20,38,21,18,69,73,17,47,46,20,33,23,22,20,20,47,24,32,46,21,21,17,29,19,20,18,133,16,54,46,15,18,54,34,19,42,19,26,21,18,22,25,32,17,32,36,17,23,19,19,23,28,27,19,29,55,22,24,28,21,19,20,36,23,21,29,47,17,19,58,24,47,32,37,45,39,17,48,19,20,20,47,20,24,26,39,68,20,18,22,37,41,20,106,20,20,39,61,26,33,30,19,29,40,38,19,23,20,42,35,21,42,27,36,45,38,20,21,18,20,48,24,19,19,87,28,22,35,34,23,35,30,38,19,19,38,29,21,38,41,13,22,0,34,35,37,89,37,31,32,30,37,21,43,23,35,22,35,20,33,42,19,34,19,43,34,32,29,42,41,39,27,20,55,38,21,20,18,30,33,20,56,36,18,27,14,20,20,21,20,16,17,19,18,28,19,19,21,46,35,21,18,23,17,29,19,24,28,21,24,21,32,24,107,10,41,21,19,45,27,31,17,19,17,20,15,28,21,19,17,26,22,18,18,40,19,21,20,41,18,25,24,83,23,27,31,19,30,22
36,94,45,37,33,32,37,40,41,31,34,36,32,36,45,34,47,31,34,37,33,41,32,40,34,37,43,32,31,38,35,33,33,33,71,33,36,28,45,34,46,34,30,49,32,30,34,36,36,35,27,34,35,62,35,42,36,35,48,35,30,30,39,32,35,66,32,29,39,28,35,34,37,34,37,41,36,34,63,33,33,34,34,33,35,37,33,52,31,33,32,33,31,33,33,45,33,60,30,37,36,42,31,32,68,75,34,47,51,36,37,36,36,34,33,51,31,38,45,33,34,28,38,34,33,34,134,32,47,55,33,39,65,32,36,42,34,37,32,36,32,40,33,34,30,38,34,40,36,31,28,35,33,36,33,51,22,35,39,34,33,36,35,34,32,36,45,31,35,56,35,48,34,33,49,42,33,42,35,36,33,47,34,29,34,38,66,36,36,34,43,45,34,100,33,32,34,59,37,36,30,36,37,40,37,36,28,36,44,37,33,42,28,26,48,31,35,34,25,36,56,36,34,35,94,38,32,29,33,33,35,29,38,31,31,42,40,29,44,40,34,36,34,0,28,35,94,42,34,37,35,34,27,46,33,40,35,31,36,25,40,36,36,33,43,38,36,32,46,42,34,36,36,53,25,32,34,34,35,25,29,54,33,33,30,33,36,34,32,36,35,33,33,30,36,28,35,35,45,37,37,35,32,35,33,33,39,32,36,36,35,33,31,104,33,43,34,34,41,36,29,29,30,32,34,36,34,31,35,33,34,34,31,37,32,35,35,34,45,35,32,32,95,36,38,22,33,32,33
34,96,42,29,31,31,39,31,38,28,30,44,36,33,39,28,37,32,27,30,29,35,32,39,33,39,38,31,31,33,34,30,30,33,72,34,28,32,42,30,44,30,33,45,33,28,32,32,34,31,27,40,31,60,40,44,31,32,49,34,34,27,40,33,31,65,31,32,38,31,32,31,29,29,36,31,35,31,68,31,32,29,32,33,27,33,32,42,32,31,28,32,31,28,33,43,35,65,33,33,32,42,28,30,66,75,32,57,42,31,31,31,32,30,31,45,27,34,46,32,29,32,38,31,34,32,138,28,52,49,32,28,63,33,29,48,28,34,31,27,27,36,38,28,36,28,33,36,27,31,31,31,30,32,27,54,32,30,33,32,29,34,32,32,32,29,45,24,34,64,29,50,34,39,50,41,29,50,31,32,31,50,32,29,31,38,72,32,33,32,44,48,32,103,29,29,37,59,34,32,31,33,29,34,32,32,30,32,43,39,29,35,29,38,44,37,36,26,32,32,54,28,30,31,90,34,29,32,32,31,38,29,42,29,32,43,32,32,41,45,29,32,35,28,0,40,95,42,24,35,31,35,32,43,28,41,31,38,32,37,40,33,35,31,44,45,33,39,45,41,37,28,32,59,36,29,30,30,35,38,34,55,40,30,33,35,33,33,32,33,35,31,32,29,30,34,32,30,45,29,31,34,27,25,31,32,28,32,32,30,30,31,29,106,32,47,30,32,42,35,35,28,30,31,31,31,29,25,33,29,30,26,30,28,36,32,28,32,40,34,28,28,91,33,30,33,32,27,34
41,96,34,34,39,34,39,38,42,37,39,49,40,32,40,33,36,42,36,35,39,38,41,39,37,43,46,37,37,40,38,37,38,38,72,39,41,38,45,35,45,39,37,50,38,37,39,36,42,40,33,38,41,49,40,42,36,36,38,42,40,35,40,39,34,58,37,38,39,37,38,38,37,40,36,31,36,36,56,36,38,37,38,38,37,36,34,51,38,36,34,39,39,37,36,41,36,61,39,32,42,39,35,36,61,67,39,55,42,37,28,42,42,37,37,49,36,41,47,41,35,35,44,37,38,39,131,39,43,49,38,44,60,35,42,44,39,33,36,43,37,39,38,37,40,44,38,40,43,32,40,35,37,41,41,53,36,40,35,34,34,42,38,37,40,32,42,34,32,55,34,50,41,40,41,40,35,52,40,33,38,47,38,34,32,41,62,33,40,31,36,41,38,100,35,37,39,51,40,34,43,41,36,47,46,41,41,42,50,37,33,41,39,34,36,43,32,36,37,34,55,33,38,38,90,40,33,36,38,37,37,36,36,37,38,45,43,38,44,44,44,42,37,35,40,0,88,47,36,34,30,41,34,34,41,36,42,37,38,41,35,41,37,38,40,45,41,37,35,41,43,36,41,57,40,31,39,35,31,40,39,55,44,37,43,38,42,35,40,34,31,35,37,36,33,37,36,34,48,36,36,36,36,35,35,33,38,36,40,35,40,37,39,108,39,38,37,38,38,37,35,32,39,39,36,41,33,34,33,33,36,42,38,44,42,40,40,38,45,38,41,36,88,31,30,31,39,34,41
94,101,89,85,92,89,93,89,89,91,91,95,92,92,84,87,95,83,91,86,94,89,94,95,93,98,97,93,94,92,92,89,93,93,77,93,90,88,93,89,98,92,90,92,86,89,92,90,95,83,90,91,90,91,92,91,89,88,79,96,93,91,85,93,83,87,93,92,93,91,90,92,88,91,98,95,98,93,95,88,90,90,91,92,91,91,88,90,93,86,92,92,90,92,93,95,92,91,93,90,95,89,89,90,83,90,92,90,90,91,85,93,96,92,87,97,93,95,85,94,90,91,94,91,92,92,138,88,87,92,92,97,89,88,95,86,90,90,93,97,93,90,91,92,91,94,85,93,96,93,93,86,90,94,92,87,95,82,88,93,91,95,88,94,94,87,90,90,87,96,91,85,85,84,84,88,91,98,94,92,91,88,93,87,86,89,90,92,93,84,92,87,92,106,88,93,94,94,90,92,88,94,93,98,100,94,93,95,101,93,92,91,93,90,86,93,89,93,95,90,92,88,89,90,80,91,92,91,90,88,92,89,89,83,93,89,93,92,97,94,95,96,89,94,95,88,0,96,88,93,89,91,92,93,92,91,96,92,88,90,88,94,78,92,93,96,88,93,90,90,94,92,94,89,95,92,93,94,86,89,88,91,91,91,88,90,95,92,94,91,88,88,93,93,89,91,91,93,94,90,91,83,90,90,82,90,89,96,92,82,94,89,98,108,87,89,93,93,91,90,91,91,91,93,91,90,87,89,90,88,87,95,94,98,95,93,93,83,100,92,93,89,95,90,88,97,82,89,94
44,103,45,44,44,40,40,38,46,32,40,48,42,42,49,41,42,41,38,36,46,39,42,45,41,22,29,40,40,43,42,45,41,38,68,42,38,45,51,42,53,42,40,56,45,39,45,41,43,40,46,43,45,65,44,52,39,44,48,44,41,32,40,41,42,70,40,42,46,40,41,43,37,38,29,38,29,42,75,39,42,42,43,42,42,44,43,53,43,43,43,42,38,40,44,47,42,67,44,42,41,45,43,44,64,81,44,62,53,40,45,38,40,41,41,48,42,32,48,40,42,36,31,44,43,43,141,38,60,58,44,34,62,39,40,52,41,43,45,38,42,44,47,38,43,45,42,48,41,40,42,40,44,42,40,60,44,40,44,42,35,43,46,41,44,39,49,35,42,70,43,54,38,43,58,46,40,59,41,43,42,55,42,41,40,44,76,43,45,43,50,52,48,114,42,41,40,71,41,46,42,44,44,31,27,42,42,40,37,39,41,44,37,45,53,39,44,43,46,42,59,39,39,41,95,42,42,43,45,43,39,34,46,41,40,40,39,42,25,49,35,40,37,42,42,47,96,0,46,45,40,42,37,43,42,41,40,39,39,48,42,44,45,42,45,46,44,43,44,44,47,38,40,60,43,44,43,41,46,48,39,54,49,44,45,42,42,42,44,42,43,41,40,47,40,46,47,42,54,45,41,42,43,40,46,42,39,45,46,43,42,35,38,110,40,52,40,46,44,40,45,45,38,46,42,41,41,40,43,44,42,42,40,40,46,41,41,41,28,44,38,44,97,42,41,48,41,43,45
33,97,45,31,32,26,40,32,36,28,30,46,35,30,38,29,35,29,29,30,28,33,33,39,30,46,45,27,32,33,31,27,28,30,67,32,29,36,47,28,48,31,27,44,29,25,30,26,33,28,28,39,32,54,39,40,31,33,48,32,34,26,41,32,29,63,27,36,36,29,30,31,28,32,36,38,36,28,61,26,31,29,31,31,22,32,28,47,31,28,31,31,30,29,28,35,31,62,33,30,33,32,26,30,63,76,32,47,51,29,34,33,34,30,26,45,29,39,46,33,29,27,43,31,32,32,139,24,50,46,31,36,60,31,29,47,33,28,31,32,29,30,22,31,35,31,25,32,28,29,34,32,31,34,32,59,27,25,25,31,31,33,31,30,32,31,49,23,25,59,28,53,32,38,43,41,27,50,32,30,28,49,30,28,27,33,66,29,33,29,34,43,24,107,26,29,41,55,32,35,30,33,30,34,39,34,31,33,42,29,29,39,34,28,36,45,29,26,28,26,58,17,27,30,88,31,24,30,35,26,40,32,40,27,27,40,35,36,48,48,35,34,31,34,24,36,88,46,0,27,28,39,32,39,30,29,34,40,31,38,37,33,32,31,36,45,34,36,40,41,36,32,33,63,34,29,31,28,30,38,34,51,29,30,31,29,33,30,32,27,26,24,28,28,29,34,30,32,48,29,27,27,26,21,26,29,31,24,32,25,32,28,36,97,28,44,31,33,42,35,31,28,29,32,31,33,29,17,29,30,27,31,28,33,38,32,31,27,43,31,32,13,92,30,28,35,27,25,33
33,96,42,33,32,28,35,28,38,29,33,45,29,31,41,27,41,27,30,29,28,37,33,35,30,43,42,28,29,32,31,26,28,28,67,32,32,32,43,28,46,31,30,45,34,27,31,28,33,31,28,35,29,52,32,41,30,27,47,32,34,25,39,32,31,67,28,33,39,30,32,31,22,31,40,40,40,28,54,31,32,31,31,31,22,34,24,46,31,31,31,31,28,27,28,36,31,59,30,32,33,35,29,30,66,71,32,52,50,29,32,33,32,31,30,44,28,37,44,33,31,31,40,31,32,32,132,26,48,46,30,34,60,32,35,42,30,30,31,33,29,34,33,31,32,29,27,30,34,30,33,33,28,34,33,56,33,32,31,29,27,33,34,28,32,33,49,26,27,54,29,51,32,32,42,37,28,50,32,28,28,46,30,33,32,33,62,29,33,32,34,42,27,101,27,29,45,53,28,33,29,33,34,40,38,34,34,33,43,37,29,39,33,30,44,41,30,31,33,28,58,26,30,31,89,31,31,29,38,31,37,32,38,30,28,35,31,33,45,42,34,32,32,37,35,34,93,45,27,0,25,37,30,38,31,29,32,37,31,37,38,33,32,31,40,43,31,37,36,31,30,27,33,56,41,25,31,28,29,37,33,51,36,31,31,31,33,30,32,29,28,29,28,28,26,31,30,32,42,33,29,26,23,25,22,31,31,32,35,32,32,23,30,97,30,45,29,31,43,31,39,28,29,32,31,33,27,28,31,30,31,31,28,34,40,32,32,30,42,31,36,19,89,33,32,29,32,27,33
32,93,39,25,31,24,34,10,35,28,25,46,26,27,37,12,36,21,27,22,29,32,31,36,29,41,43,23,25,25,29,27,23,26,64,30,29,32,37,24,48,29,24,44,31,22,29,24,30,27,26,31,28,47,41,41,29,25,48,32,31,27,42,30,34,62,23,31,33,29,26,29,29,26,34,37,34,25,45,25,30,27,29,29,23,32,23,43,31,26,28,30,28,25,27,25,29,57,29,25,30,34,26,28,64,68,30,53,43,25,34,32,32,28,26,23,23,33,38,32,28,27,42,28,29,30,134,23,43,52,29,33,55,27,31,42,30,14,30,32,24,20,29,28,34,26,26,33,31,24,30,31,30,30,32,58,28,25,29,24,26,30,30,26,31,24,46,24,24,51,29,47,32,23,37,37,27,52,29,23,28,46,28,27,21,27,56,25,31,22,32,41,30,98,23,25,40,51,22,30,27,31,22,43,39,30,31,30,49,30,26,37,30,29,37,40,25,26,29,23,58,23,24,27,84,22,26,30,33,25,35,30,34,26,22,32,32,31,45,47,32,32,30,35,31,30,89,40,28,25,0,34,31,33,29,28,32,35,29,42,34,31,32,29,34,44,29,36,36,31,31,27,29,55,39,23,30,21,26,42,32,51,37,29,38,29,30,25,31,24,27,27,25,27,2,30,30,30,39,30,18,26,20,20,28,28,32,30,33,31,31,27,33,101,27,38,27,30,36,32,27,26,28,30,24,29,12,24,23,27,24,34,24,33,36,31,30,24,45,29,34,22,92,25,19,34,29,14,29
40,97,36,31,39,36,38,38,38,38,38,44,31,38,43,32,34,39,36,36,39,35,41,46,34,39,41,29,26,39,39,37,29,33,66,38,38,34,39,33,51,39,35,43,38,37,39,36,41,40,37,28,38,53,42,47,39,37,44,42,39,30,36,38,43,58,29,42,38,35,37,38,38,36,34,36,34,34,52,37,38,32,38,37,38,39,33,53,37,35,37,39,31,36,38,38,38,61,39,37,41,36,33,34,62,68,39,52,33,37,40,39,42,37,37,42,27,41,42,40,35,36,40,39,37,39,135,36,42,47,38,42,53,33,42,44,39,29,37,43,28,36,37,37,39,42,36,41,42,33,38,34,32,41,38,47,38,40,27,37,31,41,31,41,39,35,34,36,35,49,37,43,41,32,47,37,38,55,40,37,31,46,33,33,31,31,61,37,40,36,34,40,40,99,36,27,37,57,34,20,33,41,23,40,43,41,39,41,49,34,29,39,35,33,49,40,35,34,38,35,53,38,38,39,88,37,39,40,41,37,39,31,39,39,27,36,38,42,40,47,41,42,37,34,35,41,91,42,39,37,34,0,40,30,41,33,42,39,37,44,33,41,42,36,43,48,35,42,29,38,35,39,40,56,35,36,38,31,33,44,43,49,42,33,40,35,41,31,39,39,38,39,33,39,33,40,40,37,43,31,38,39,39,39,36,37,39,41,40,43,39,38,44,109,34,39,33,40,41,41,42,36,32,37,30,39,32,34,38,37,36,42,32,44,39,40,39,40,47,39,39,39,87,39,35,36,37,35,39
25,96,43,33,23,24,33,34,42,18,25,43,32,22,45,30,40,22,20,23,26,41,25,27,22,42,44,25,18,26,23,22,24,24,67,24,20,34,45,22,42,23,24,50,25,22,23,24,27,25,23,35,22,54,32,46,24,26,46,27,26,29,39,24,26,65,25,15,38,22,22,25,30,22,41,43,40,24,64,20,21,27,22,23,24,30,36,53,22,23,21,23,17,20,25,44,23,58,17,28,27,39,21,22,68,73,24,49,52,24,35,26,27,22,19,47,20,34,45,25,21,23,40,23,24,23,136,22,46,53,23,24,59,26,26,40,23,25,23,27,22,33,29,18,22,37,22,30,25,26,25,29,28,26,25,56,20,29,36,26,18,27,39,27,23,31,43,21,21,59,23,50,35,40,48,40,21,41,26,25,23,51,22,24,26,41,69,25,24,24,44,42,21,104,24,23,42,58,32,32,32,25,35,40,38,26,13,27,49,33,22,43,17,38,43,26,19,22,24,24,52,28,25,23,94,33,25,31,34,23,39,26,41,24,24,39,31,15,43,44,24,27,21,27,32,34,92,37,32,30,31,40,0,42,24,33,26,39,24,32,39,25,32,23,44,31,35,39,38,40,32,28,25,48,31,26,22,25,31,32,24,53,35,21,28,24,27,21,23,26,23,20,24,27,30,13,13,20,45,35,26,22,19,26,25,25,31,28,23,25,23,27,13,107,19,45,24,20,36,31,22,22,24,23,23,27,30,23,25,26,24,23,25,26,29,24,23,25,41,23,28,22,92,24,26,34,24,29,25
43,101,36,29,40,36,34,37,42,41,40,45,34,38,43,33,31,42,39,40,40,27,43,44,39,41,43,36,37,40,42,40,38,38,69,43,40,42,41,37,53,40,38,45,47,34,42,38,43,43,41,37,45,52,45,34,40,39,46,43,43,32,38,43,43,62,36,46,47,41,40,41,39,40,27,36,26,38,62,35,41,34,42,42,40,38,39,47,41,35,39,42,38,34,39,36,43,59,46,32,43,39,39,39,60,68,43,51,43,39,39,40,43,42,41,42,36,41,42,43,38,39,41,42,42,43,128,38,46,51,41,43,65,31,45,43,41,31,42,43,37,37,39,39,42,41,43,45,44,39,40,43,36,44,34,55,45,44,33,39,33,43,26,39,42,33,44,36,38,55,37,50,41,34,44,47,39,56,42,39,39,48,38,39,33,34,67,38,42,40,32,42,40,99,39,37,40,55,32,30,38,43,35,44,42,44,46,43,44,30,36,40,39,35,45,44,39,43,45,38,59,39,40,40,92,38,38,43,45,34,39,40,30,44,37,40,39,46,43,47,41,43,43,46,43,34,93,43,39,38,33,30,42,0,39,28,42,39,41,50,34,43,42,43,42,49,41,44,32,39,37,33,43,54,48,35,41,38,41,46,43,44,47,44,46,41,43,37,42,39,39,46,38,40,33,45,44,40,45,25,36,45,40,35,45,40,40,47,40,42,42,33,40,110,43,40,38,41,38,37,46,42,38,45,37,40,33,30,39,44,35,42,38,44,45,43,42,43,44,42,34,30,95,40,32,47,43,30,42
27,98,41,34,23,24,41,35,40,21,20,44,37,24,43,29,44,27,19,19,24,34,24,29,23,38,42,19,21,26,23,24,21,22,68,24,23,34,49,22,46,23,13,52,25,11,25,18,25,22,21,39,25,59,35,37,16,26,49,25,25,31,45,25,28,66,19,21,36,22,18,24,27,24,36,41,35,19,66,13,24,30,24,22,26,31,33,52,25,11,21,21,26,18,22,39,24,57,28,30,25,44,19,24,64,76,26,55,49,20,37,23,25,24,18,47,21,35,49,25,25,18,38,25,25,23,135,20,50,50,25,23,66,31,24,48,24,23,21,25,22,34,29,20,36,31,18,24,25,19,24,28,22,24,24,58,23,28,37,23,22,25,34,19,24,34,47,19,21,63,24,56,34,41,49,45,19,48,24,24,20,54,24,30,29,39,67,23,25,24,40,43,26,100,20,20,37,62,34,34,35,25,31,33,34,24,30,25,44,36,19,44,23,35,48,36,24,23,26,23,61,25,16,21,90,34,20,31,32,13,40,33,41,21,20,43,22,21,41,46,24,25,23,33,28,41,92,42,30,31,29,41,24,39,0,39,24,40,17,40,40,25,38,23,41,39,34,36,44,45,37,24,23,61,36,27,23,18,35,40,28,54,34,22,33,25,24,19,24,23,26,25,20,23,31,25,25,23,48,32,23,14,27,19,27,23,34,34,22,25,23,31,30,107,24,42,20,24,43,34,33,21,27,25,19,20,29,16,26,25,28,22,20,26,41,23,23,21,37,22,22,22,96,26,31,38,18,33,26
36,96,36,29,34,24,30,34,37,35,33,46,28,29,39,30,17,34,32,29,36,27,36,40,32,36,44,31,30,33,34,32,32,32,66,36,36,32,39,27,53,34,31,45,25,32,34,26,37,31,35,32,39,45,34,39,29,29,48,36,37,30,43,36,39,62,31,34,35,35,32,35,29,32,32,33,31,31,55,31,34,32,34,35,33,36,25,49,34,31,34,35,33,27,34,42,35,54,35,28,37,42,26,35,66,66,35,38,44,29,31,37,36,35,32,37,32,32,44,36,28,33,42,34,35,36,126,28,39,52,34,38,58,30,38,47,37,26,35,35,28,28,26,29,35,34,26,35,37,31,38,31,36,36,38,54,35,32,11,30,29,37,27,37,35,28,46,32,26,51,34,51,31,37,44,40,33,54,37,30,29,52,31,29,25,30,58,29,35,33,33,36,35,98,30,29,36,57,8,27,37,36,30,42,38,36,38,37,49,2,27,36,32,31,44,41,31,34,37,27,53,34,33,33,86,29,34,31,37,30,35,37,16,33,32,37,37,34,42,46,37,36,35,40,41,36,91,41,29,29,28,33,33,28,39,0,36,35,30,42,29,36,36,36,40,42,38,43,33,40,32,29,36,55,40,27,34,31,28,41,36,49,40,37,37,35,37,26,35,28,28,35,29,34,28,34,37,33,37,27,26,27,31,30,33,31,28,41,34,39,35,33,30,110,34,34,29,33,34,29,40,36,35,36,26,30,30,29,28,33,31,37,32,36,40,36,35,32,43,35,36,33,92,30,26,35,33,30,35
12,99,42,36,7,23,41,36,40,19,14,44,36,23,44,30,40,28,11,16,8,40,7,24,15,33,38,16,20,28,8,14,12,21,72,8,21,34,46,16,45,6,15,51,27,14,11,15,9,16,13,40,25,61,37,41,25,28,50,5,16,34,49,7,31,67,16,17,38,12,13,10,30,19,31,36,30,12,67,23,9,31,6,9,28,31,35,54,8,23,14,4,26,20,7,40,8,62,11,30,7,43,25,10,69,77,7,56,51,14,37,22,1,8,24,49,25,28,48,6,27,13,33,8,9,5,135,20,56,54,10,18,64,35,2,48,22,28,11,8,22,34,35,14,35,32,23,18,7,22,24,31,27,5,28,57,25,29,38,17,29,9,38,20,8,34,48,14,21,63,27,53,33,43,51,44,12,49,8,18,17,52,11,31,30,40,72,18,10,24,44,48,10,107,19,13,37,62,34,34,34,9,33,34,30,5,24,6,45,36,20,41,25,38,49,35,25,26,19,16,60,28,14,23,90,34,19,36,34,23,36,36,41,17,16,42,24,17,36,44,19,1,22,35,31,42,96,40,34,32,32,42,26,42,24,36,0,36,21,40,42,11,39,9,44,38,37,40,44,45,37,25,2,60,39,22,7,12,35,40,22,56,41,26,32,15,8,20,8,17,22,22,13,15,30,17,13,11,48,35,26,23,26,17,34,17,33,27,19,29,6,29,24,108,17,48,14,16,46,35,35,13,24,11,16,18,30,22,18,20,30,10,11,6,41,3,7,17,34,7,26,27,92,22,31,33,17,34,10
38,94,37,31,35,31,33,32,38,36,37,44,33,24,35,29,32,39,34,29,37,36,34,37,33,38,39,33,35,31,36,35,32,32,69,36,35,33,43,31,49,33,30,48,35,34,32,28,37,31,34,33,38,58,39,45,31,30,42,38,36,27,41,35,34,61,33,36,33,35,36,34,34,35,33,23,33,34,63,29,36,32,34,35,38,33,37,48,36,29,35,35,31,28,35,38,35,56,37,28,35,40,32,36,67,67,34,51,45,27,28,34,36,36,31,30,33,32,41,36,32,33,40,35,36,34,132,30,49,49,34,38,62,34,37,40,37,30,37,36,35,31,34,36,44,33,35,33,36,23,35,34,35,36,33,55,36,34,32,23,34,37,35,35,37,28,46,35,31,55,29,50,25,30,41,38,35,53,33,24,33,47,35,31,29,38,64,23,35,28,33,38,36,98,27,35,32,51,30,35,29,35,38,39,38,36,40,35,45,33,33,33,35,38,45,38,27,32,39,29,57,34,35,36,83,31,35,36,40,29,0,37,30,32,34,38,35,36,44,47,35,36,35,31,38,37,92,39,40,37,35,39,39,39,40,35,36,0,31,41,34,35,35,36,39,43,34,37,35,37,34,32,34,53,30,29,35,32,30,41,35,45,44,38,39,35,36,37,37,27,30,36,33,37,38,40,39,36,37,36,28,37,32,35,33,27,33,38,30,34,35,34,40,104,33,40,31,32,40,37,37,35,30,36,33,30,29,33,28,32,24,32,31,37,43,33,35,33,42,36,34,36,88,25,30,41,35,37,38
25,95,39,31,22,18,38,35,36,18,17,45,34,19,39,25,39,26,21,19,24,37,20,29,21,39,36,14,17,24,22,22,19,19,62,25,23,35,50,18,44,20,17,51,17,18,23,16,24,16,23,40,27,59,29,42,18,20,45,25,23,32,45,23,24,60,15,21,34,22,17,20,26,22,37,40,37,22,64,23,23,28,20,23,29,26,34,49,22,23,23,21,18,19,24,39,23,65,25,29,22,38,16,22,68,71,22,54,47,16,30,21,21,23,18,37,18,35,46,23,22,19,37,20,23,21,133,20,51,50,20,21,63,36,24,40,26,26,25,24,18,31,30,22,28,29,16,21,23,14,24,25,26,23,25,55,21,26,33,19,25,24,35,25,25,29,49,20,19,60,28,52,31,38,43,43,22,51,20,20,18,47,22,26,28,40,64,19,21,16,37,39,24,102,18,18,35,62,30,34,34,21,32,35,37,23,24,22,43,32,14,40,24,37,42,32,20,21,26,19,56,26,15,22,81,28,20,34,34,23,31,34,45,19,17,41,20,21,41,47,19,21,20,36,32,38,88,39,31,31,29,37,24,41,17,30,21,31,0,40,42,21,33,24,42,40,29,35,44,39,35,30,21,56,37,22,23,18,29,40,22,57,37,26,29,23,23,19,25,15,18,20,18,23,28,27,26,24,49,33,22,20,28,20,29,17,30,33,27,22,23,33,28,107,21,43,18,22,43,35,24,24,22,26,19,11,25,20,16,17,25,23,18,24,38,19,22,19,38,22,21,27,92,16,29,34,19,31,25
38,95,44,40,35,35,38,41,42,36,38,40,43,36,47,37,46,34,37,37,37,43,37,44,34,52,49,38,37,38,33,33,38,36,67,37,36,38,44,36,46,35,35,52,37,38,37,38,39,35,33,43,33,55,40,48,37,41,52,40,35,39,45,37,35,67,38,31,42,34,36,36,37,37,44,48,44,38,65,36,37,41,34,36,40,39,35,50,35,37,37,35,40,38,37,46,33,63,34,39,39,41,36,32,72,73,36,53,53,38,37,42,40,37,35,49,35,40,42,38,35,34,45,33,37,35,137,36,49,53,36,42,65,41,38,41,34,38,35,41,38,39,35,39,28,41,36,40,40,39,39,36,38,38,34,50,36,35,40,39,36,39,43,40,36,41,40,33,37,61,38,41,37,42,49,39,35,40,38,38,37,45,38,35,40,37,70,37,36,36,42,44,36,108,37,38,42,60,40,38,30,37,44,48,46,38,27,39,49,42,38,46,36,35,48,36,35,35,36,38,56,38,36,35,89,38,38,37,35,36,41,33,44,36,38,43,44,31,52,43,43,40,33,25,37,41,90,48,38,37,42,44,32,50,40,42,40,41,40,0,41,37,34,36,48,37,42,40,40,40,39,39,37,48,30,39,37,38,34,1,37,58,30,32,31,31,39,38,36,39,37,31,38,34,41,28,35,37,50,40,42,36,34,38,37,37,39,41,39,37,36,37,38,107,26,41,40,35,42,35,28,32,33,38,38,38,37,39,37,37,40,40,38,42,30,36,38,37,46,35,37,38,93,37,40,37,35,39,39
43,92,39,30,42,38,34,38,40,39,41,46,34,39,35,32,33,39,38,36,41,33,44,43,40,39,42,36,38,40,42,41,36,37,66,42,38,37,42,38,47,43,36,43,40,33,39,40,44,42,39,30,41,48,43,42,39,37,39,42,43,31,36,42,37,58,36,42,45,39,40,43,36,42,36,38,36,36,62,33,41,37,42,41,39,36,35,46,41,35,39,42,40,36,43,39,42,58,42,34,44,31,40,40,61,68,43,52,44,40,41,40,42,41,34,41,35,42,28,43,36,39,40,41,42,43,129,35,46,51,42,42,62,33,45,39,39,35,41,45,35,40,41,38,41,38,42,42,45,35,41,34,39,44,35,48,43,41,33,41,35,44,27,39,42,32,44,37,39,54,33,48,40,34,39,42,41,53,43,38,40,45,38,36,35,35,59,40,43,41,37,36,41,95,42,38,40,50,36,33,36,44,42,42,41,44,41,44,47,29,37,37,39,37,43,41,39,42,43,40,59,31,38,38,88,41,39,38,40,34,34,40,32,42,36,39,42,42,43,51,41,42,42,40,40,35,88,42,37,38,34,33,39,34,40,29,42,34,42,41,0,44,39,42,39,49,35,41,27,40,39,31,44,55,41,35,41,37,41,40,43,45,34,44,47,42,44,37,42,39,38,41,34,42,34,40,40,40,49,27,39,42,32,34,39,38,38,43,35,33,42,34,42,109,42,32,38,38,38,38,41,42,38,42,37,44,32,33,38,37,31,38,37,45,43,43,42,43,43,42,35,39,91,38,34,45,42,33,41
12,97,41,34,8,21,38,33,36,22,15,44,34,21,41,27,41,27,10,17,12,40,6,25,14,40,40,16,20,24,9,13,12,19,70,9,18,36,49,15,43,8,15,52,25,17,12,15,9,16,9,41,21,59,35,43,25,26,49,11,11,35,49,11,29,66,16,22,34,11,13,9,30,19,36,39,36,11,66,23,10,28,6,10,27,29,32,51,9,23,11,8,23,19,9,40,9,63,13,29,9,40,23,10,71,75,9,53,52,14,35,20,12,7,23,45,25,32,45,9,25,14,39,12,11,4,134,22,55,52,6,22,62,36,7,45,23,26,13,11,22,29,33,12,33,34,21,18,9,22,23,29,28,9,30,58,24,27,36,16,29,11,39,19,10,33,49,11,19,62,26,49,34,41,49,43,11,50,11,17,16,47,12,29,30,41,70,17,1,23,42,46,11,107,17,12,38,62,32,35,33,0,32,36,37,9,24,10,45,35,20,43,25,37,47,38,23,20,19,15,59,27,15,20,89,32,22,35,33,23,35,35,42,16,16,38,27,22,40,46,17,12,19,36,33,41,94,44,33,33,31,41,25,43,25,36,11,35,21,37,44,0,37,10,41,33,34,37,41,41,39,32,10,55,34,20,11,12,32,37,23,57,39,24,30,15,8,20,10,18,21,21,11,12,29,11,7,8,46,37,23,21,26,20,33,16,33,26,20,27,11,34,21,107,17,46,14,15,45,32,33,9,25,9,16,17,27,24,17,19,27,9,14,9,40,6,10,16,41,7,28,26,91,21,28,33,16,31,13
37,95,39,36,35,30,36,36,34,33,34,48,39,32,36,33,39,30,32,29,37,38,37,34,37,41,44,35,37,34,35,35,35,37,68,36,36,33,47,32,44,35,32,52,32,31,35,33,38,26,34,39,34,54,31,43,32,31,45,39,36,30,43,36,26,66,35,39,32,31,34,34,32,35,35,38,35,35,60,30,36,31,34,35,34,35,33,49,37,28,35,35,33,33,35,38,35,61,37,32,38,34,30,35,62,68,35,54,46,34,18,42,39,35,31,48,33,37,45,37,32,33,39,35,35,35,135,33,51,49,34,41,58,34,38,42,34,31,36,40,36,35,34,35,40,36,34,37,39,36,37,26,29,37,37,56,37,23,34,36,29,38,38,35,37,33,46,32,32,59,34,50,24,37,39,38,35,56,37,35,34,46,37,31,33,36,63,35,36,34,36,42,34,103,31,36,34,56,36,37,33,37,35,42,42,37,36,38,49,35,34,39,35,33,34,38,33,33,37,33,60,34,33,34,76,35,34,36,33,31,35,36,36,25,35,38,38,39,44,44,42,39,34,36,35,37,78,45,32,32,32,42,32,42,38,36,39,35,33,34,39,37,0,35,37,46,33,33,40,38,40,36,37,58,36,34,36,35,29,35,33,54,39,32,38,35,38,35,37,34,36,34,35,36,32,37,36,36,46,35,32,30,32,33,30,31,34,39,34,20,37,33,39,103,32,40,36,35,37,38,37,34,36,34,34,33,33,34,33,30,29,38,36,41,38,36,36,26,44,36,41,32,94,31,28,39,23,30,37
6,98,42,32,9,20,37,31,37,21,15,44,32,21,42,27,40,25,9,20,11,39,10,23,11,40,43,13,17,26,9,13,12,16,68,2,20,33,48,15,42,7,14,50,25,18,6,15,5,19,11,38,23,59,36,44,23,26,47,9,16,33,46,2,29,66,13,20,34,11,13,2,30,19,38,38,38,10,61,23,10,25,8,1,26,29,33,51,6,23,12,9,20,21,8,41,8,61,12,30,5,41,22,8,68,74,8,50,49,15,32,26,9,7,20,48,23,30,47,3,22,13,38,12,3,8,135,22,53,50,8,23,60,35,11,47,24,25,6,14,17,30,31,15,31,34,19,18,7,20,25,29,23,9,30,55,21,27,34,17,23,5,38,21,4,33,45,14,16,57,26,50,34,38,46,44,10,47,3,16,13,48,7,27,28,41,67,17,10,24,40,44,12,106,16,11,39,59,30,30,34,10,27,39,37,9,22,5,47,36,17,42,25,35,45,37,21,21,15,15,56,28,15,19,90,30,22,34,34,23,36,32,40,18,14,38,29,20,43,43,24,9,19,33,31,38,92,42,31,31,29,36,23,43,23,36,9,36,24,36,42,10,35,0,42,40,34,38,41,42,36,32,10,56,34,22,4,11,31,36,26,56,37,22,32,13,5,16,4,17,18,20,9,13,27,14,10,10,44,35,24,19,27,21,31,16,31,24,19,26,4,31,22,108,18,43,13,14,43,33,31,10,20,12,14,20,27,25,16,19,28,13,11,17,38,9,6,19,41,5,29,25,91,21,27,29,18,30,7
44,98,42,36,41,41,40,40,46,40,42,44,33,45,35,36,41,39,40,37,39,38,43,42,42,43,45,41,43,39,41,38,41,42,66,41,42,44,39,40,46,43,37,41,41,36,41,42,44,37,38,35,41,51,44,44,38,39,45,45,44,39,36,40,45,64,41,45,45,38,40,42,36,44,42,35,42,41,62,44,40,40,42,41,42,45,29,49,43,44,41,41,42,37,40,43,39,58,39,33,42,41,41,43,59,68,42,52,52,41,40,43,44,41,40,42,43,43,45,42,43,40,46,43,41,42,134,31,50,51,41,43,58,34,44,46,42,37,43,42,45,38,44,42,49,37,39,47,44,45,45,41,46,43,40,55,43,38,39,44,40,44,38,44,44,39,43,38,40,57,44,46,35,39,44,45,38,52,42,44,40,47,43,43,40,32,65,44,41,39,36,43,42,102,42,42,45,57,40,38,38,41,47,47,46,43,46,43,46,38,42,41,42,33,48,43,43,38,45,42,52,38,39,42,84,41,42,37,47,45,39,42,43,37,41,31,45,45,44,52,45,44,43,43,44,40,93,45,36,40,34,43,44,42,41,40,44,39,42,48,39,41,37,42,0,46,43,47,35,37,40,42,41,57,43,42,42,41,44,47,44,46,45,44,48,38,43,40,44,43,41,39,41,37,36,45,41,41,42,38,37,39,38,37,36,42,39,48,43,43,42,37,46,90,42,43,41,41,38,39,47,38,44,43,42,42,37,41,43,42,34,41,41,43,45,42,41,38,44,39,41,37,82,44,39,42,38,32,43
40,101,47,42,37,40,41,46,40,39,38,42,47,38,45,44,46,39,38,37,40,44,35,47,39,48,48,38,40,39,35,38,39,40,72,39,41,43,49,37,43,36,37,54,37,37,37,39,36,40,37,46,39,59,44,46,40,39,51,38,37,48,40,40,43,68,38,30,38,39,36,36,40,39,44,48,44,39,68,41,37,41,33,39,44,39,44,55,39,41,38,35,39,36,35,50,36,65,33,40,38,46,36,36,68,81,35,53,57,39,45,44,38,40,40,38,41,34,47,40,40,36,43,34,40,37,136,37,49,57,39,43,66,43,43,48,41,43,41,43,42,38,39,37,29,46,41,44,42,42,38,39,40,38,42,59,41,42,44,40,40,39,45,43,36,44,51,38,39,64,40,53,43,48,49,46,37,50,39,40,38,55,39,40,39,47,73,39,32,42,46,49,40,110,40,39,45,65,41,45,38,33,45,48,40,38,37,39,38,42,38,48,35,40,53,28,40,38,40,39,58,41,38,38,98,42,41,38,41,41,43,39,47,41,39,42,45,30,49,45,45,38,34,38,45,45,96,46,45,43,44,48,31,49,39,42,38,43,40,37,49,33,46,40,46,0,46,39,44,45,43,42,37,48,33,38,39,39,40,37,35,60,37,43,44,39,37,41,36,40,40,38,39,39,43,29,31,37,48,44,41,40,41,41,41,40,41,45,43,42,40,47,31,114,34,48,41,39,42,34,32,36,41,42,41,40,44,37,40,42,40,43,39,44,43,37,40,41,45,36,44,40,96,40,43,42,41,45,39
36,96,41,37,34,35,38,30,34,34,31,48,30,36,40,28,36,37,33,28,35,37,34,42,35,39,43,35,36,33,32,33,33,32,66,33,35,29,50,34,52,33,28,52,38,32,37,32,37,32,32,34,35,56,37,41,34,27,49,38,34,27,44,32,41,68,35,35,38,32,29,33,36,34,39,35,39,33,62,35,34,30,33,34,37,40,30,48,36,37,36,33,35,32,32,30,31,66,36,38,36,34,34,33,68,73,34,48,44,33,38,35,37,33,29,33,33,32,42,35,37,31,39,34,32,33,132,33,50,49,34,36,61,33,35,44,37,29,34,37,36,28,40,35,32,28,27,28,37,35,34,35,33,35,35,56,33,34,35,32,35,37,38,32,34,42,48,31,32,59,37,50,35,35,47,46,33,56,35,32,35,48,36,38,34,32,67,35,35,33,40,46,36,105,32,36,36,60,31,39,36,34,33,35,36,35,34,36,47,41,36,40,35,33,42,40,35,28,34,34,56,34,27,33,87,31,36,35,38,34,34,32,43,32,34,38,33,35,43,50,35,37,32,36,33,41,88,44,34,31,29,35,35,41,34,38,37,34,29,42,35,34,33,34,43,46,0,37,38,39,34,36,32,54,35,31,35,33,34,42,37,58,39,36,38,35,36,33,34,30,30,30,34,33,25,35,34,37,46,32,28,27,27,30,29,34,33,36,33,38,35,31,38,105,33,45,34,37,43,34,32,33,35,37,33,33,28,34,30,31,35,38,33,38,39,33,34,30,45,33,37,32,94,33,32,33,32,31,35
40,92,42,40,37,31,36,41,42,30,38,41,41,37,41,40,45,40,38,35,39,43,37,39,39,40,42,37,37,41,38,34,37,39,71,39,36,37,50,37,44,36,37,54,36,37,38,36,39,34,36,42,29,55,42,42,34,33,52,40,38,39,40,39,37,62,38,43,35,38,38,35,35,35,46,45,46,39,61,35,40,38,34,38,36,37,40,50,39,35,38,35,35,35,37,43,37,58,38,37,39,38,37,33,65,71,36,53,50,36,37,41,40,39,38,51,37,42,47,40,33,37,40,34,39,36,131,36,56,54,34,43,64,39,40,49,40,40,39,41,37,40,39,38,44,42,38,36,40,37,40,34,38,40,42,56,38,33,39,35,35,39,44,37,40,38,48,37,35,61,35,47,40,43,43,37,38,53,39,37,38,48,39,36,40,38,70,36,36,38,38,44,35,105,38,39,45,62,42,39,41,37,36,41,39,40,42,39,47,43,35,42,34,41,46,41,36,34,38,36,61,35,38,35,87,41,38,36,37,33,37,35,43,36,39,41,39,43,38,39,39,40,29,32,39,37,93,43,36,37,36,42,39,44,36,43,40,37,35,40,41,37,33,38,47,39,37,0,44,44,40,41,37,57,45,38,39,38,37,31,29,60,40,36,38,35,39,36,40,34,35,38,38,40,37,41,40,40,46,45,40,36,35,37,35,33,37,40,36,34,40,41,36,109,30,38,37,38,44,36,43,38,32,36,36,35,40,38,33,38,38,37,38,40,42,36,40,33,44,36,42,33,92,37,39,36,32,36,40
43,95,34,28,41,38,35,37,39,39,37,47,35,42,45,31,27,37,38,36,44,37,41,45,39,41,44,34,35,39,41,42,35,37,64,41,43,38,31,37,54,40,36,41,39,33,42,38,43,39,39,31,43,49,43,45,42,41,38,44,43,33,37,41,42,59,34,44,42,38,34,41,41,40,32,36,32,37,55,43,41,38,40,40,41,42,30,48,41,43,41,40,40,38,41,35,42,56,41,32,43,28,36,40,56,65,41,53,43,38,38,45,44,39,38,43,34,41,40,42,38,39,46,39,41,41,134,35,42,49,40,45,49,33,46,39,44,24,40,43,37,31,41,40,39,38,41,44,44,42,44,39,45,43,43,49,43,38,28,41,37,43,33,42,41,30,40,38,38,50,39,47,37,26,39,39,39,57,42,40,41,46,38,37,30,29,61,39,41,38,35,46,42,94,38,36,37,57,31,30,36,41,38,43,44,43,44,43,48,33,39,36,40,35,47,42,38,41,43,38,54,38,37,40,73,32,40,37,43,43,35,40,33,40,35,26,43,44,42,54,46,44,42,46,45,35,90,44,40,36,36,29,38,32,44,33,44,35,44,40,27,41,40,41,35,44,38,44,0,31,40,33,42,50,42,36,41,35,36,40,45,40,43,43,48,42,43,39,41,41,40,43,36,40,32,42,41,40,41,32,35,41,36,38,42,40,40,43,44,40,41,39,39,104,39,37,40,43,37,40,41,38,41,42,38,43,31,37,40,41,33,44,35,43,44,41,40,41,46,42,45,37,88,42,33,42,40,28,42
44,93,39,40,41,41,40,40,42,40,30,49,33,43,44,34,43,37,41,34,46,42,40,51,44,42,43,37,41,38,41,42,37,42,66,43,44,38,37,40,48,40,29,45,45,38,43,39,44,37,40,33,44,54,45,44,37,42,45,46,41,35,37,42,43,63,37,44,44,41,36,39,41,41,35,42,35,38,65,43,43,37,40,43,41,46,41,41,43,45,44,40,42,35,44,38,40,61,43,40,43,33,39,41,59,65,40,57,45,39,44,40,45,41,38,42,39,44,37,43,43,35,44,41,43,40,136,36,45,53,40,46,45,37,42,39,43,37,42,45,44,38,42,42,43,44,43,46,42,45,43,43,47,42,43,55,40,39,42,44,37,44,42,43,44,41,42,38,41,60,41,42,38,33,43,33,41,58,42,42,43,43,41,38,37,35,67,40,41,43,36,44,42,97,40,42,42,62,38,41,39,41,40,48,43,42,45,43,46,39,42,40,42,37,45,43,43,42,41,40,58,39,30,42,79,39,43,41,47,43,37,40,38,41,36,31,43,44,43,47,43,45,41,42,41,41,90,44,41,31,31,38,40,39,45,40,45,37,39,40,40,41,38,42,37,45,39,44,31,0,40,37,42,54,45,39,43,38,40,40,43,49,39,41,45,41,43,42,44,42,44,41,37,41,31,43,43,42,42,42,39,43,36,36,40,43,37,43,44,43,43,39,45,102,38,40,40,42,42,40,45,40,42,42,42,37,34,41,44,40,39,43,37,46,43,41,42,42,46,41,46,38,88,43,38,41,41,27,45
38,94,46,34,37,33,29,31,42,36,34,49,35,34,44,30,45,37,34,36,35,37,39,42,33,37,47,32,33,40,36,35,29,37,67,37,35,33,47,33,49,37,35,38,34,30,36,34,39,37,34,35,37,52,27,42,39,35,46,37,39,33,47,37,39,65,32,37,36,35,33,37,35,34,37,43,37,33,61,32,36,36,36,36,35,35,36,51,36,30,34,37,36,33,35,39,36,63,34,35,39,39,34,36,67,71,37,48,50,35,36,36,37,36,30,37,30,38,45,38,32,35,41,36,36,37,126,35,47,54,36,38,62,33,40,48,36,34,36,40,29,40,26,31,31,38,30,35,39,31,38,37,36,39,32,60,38,37,36,35,29,39,32,38,37,35,46,33,32,54,35,50,41,37,45,40,35,50,38,32,35,48,33,33,35,33,60,34,38,35,38,42,36,99,34,31,38,48,34,33,35,39,32,42,34,39,37,39,47,30,30,40,31,34,49,36,32,36,37,34,56,32,35,34,88,34,35,29,38,32,34,36,44,38,32,36,34,37,42,50,39,37,39,34,37,43,94,47,36,30,31,35,32,37,37,32,37,34,35,39,39,39,40,36,40,43,34,40,40,40,0,35,39,55,35,29,36,31,36,36,37,53,40,36,41,37,39,30,37,35,33,35,33,35,30,33,36,35,47,35,36,34,36,31,30,34,40,39,34,35,37,33,34,104,37,37,33,37,37,39,33,35,33,37,31,34,30,30,34,30,33,38,32,39,35,38,37,39,44,36,32,30,92,34,33,37,38,30,37
32,92,39,22,27,29,34,32,37,26,30,45,31,30,39,25,42,29,28,23,30,33,32,30,30,38,42,27,28,27,29,30,27,29,65,32,27,26,36,28,47,29,26,43,30,22,30,27,30,29,28,28,26,55,37,32,26,24,46,26,32,27,38,32,26,65,27,31,39,31,28,29,17,32,33,36,32,27,60,23,31,29,31,31,25,28,22,46,31,23,29,29,31,22,26,37,30,55,33,29,30,39,31,27,67,68,31,49,43,30,36,33,26,32,31,39,27,33,40,32,31,29,41,31,31,31,128,23,46,49,29,27,62,24,32,46,25,23,31,28,28,25,36,28,38,34,28,31,31,26,30,27,30,31,33,55,32,29,35,31,27,30,31,28,32,26,46,27,27,59,26,51,33,36,44,40,27,49,29,31,30,48,29,31,21,32,60,30,31,29,36,40,26,101,33,28,37,51,23,28,32,32,30,37,34,31,34,30,42,30,28,39,32,32,42,38,30,29,32,30,58,26,28,29,87,29,26,32,29,22,32,31,34,32,28,37,29,31,40,42,33,26,27,36,28,36,92,38,32,27,27,39,28,33,24,29,25,32,30,39,31,32,36,32,42,42,36,41,33,37,35,0,30,57,39,26,31,27,32,39,29,47,38,32,35,30,30,26,32,27,26,29,25,30,27,30,29,30,44,28,29,30,24,25,29,29,33,31,26,24,32,26,29,103,28,43,29,28,41,33,37,31,31,32,26,30,25,23,27,29,23,26,27,29,37,30,32,32,40,29,33,27,94,29,27,36,31,22,31
10,96,41,34,6,21,40,33,38,20,13,44,36,21,42,27,39,27,10,16,11,41,6,23,15,36,39,16,20,26,8,11,12,20,70,10,22,37,49,14,43,4,14,52,25,15,9,13,7,15,12,39,22,59,36,42,25,26,49,6,17,35,48,9,29,66,16,16,35,11,12,5,29,19,32,37,32,11,66,23,10,30,4,10,28,29,34,51,10,23,13,2,24,22,5,40,8,63,16,28,5,40,23,9,70,76,7,53,52,12,35,22,3,6,23,48,26,30,47,8,25,12,33,9,10,3,134,19,55,52,5,20,63,36,6,46,21,28,8,8,21,31,33,13,33,32,21,18,3,22,24,29,28,5,28,58,24,27,36,16,28,7,39,20,6,32,49,13,19,62,25,51,33,41,49,43,9,50,6,17,15,49,11,29,30,41,70,17,9,23,42,46,13,106,17,13,36,62,31,34,33,10,32,35,33,5,23,4,45,34,20,41,24,37,47,36,23,25,19,14,59,27,13,19,88,31,21,35,35,23,34,35,42,16,16,39,25,16,39,44,19,3,20,36,32,41,94,40,33,33,29,40,25,43,23,36,2,34,21,37,44,10,37,10,41,37,32,37,42,42,39,30,0,57,38,22,5,12,33,37,22,57,39,25,30,16,6,19,6,16,21,21,11,16,27,16,12,8,46,37,23,21,26,19,33,16,33,26,19,27,4,32,23,106,15,46,13,17,45,30,33,12,24,10,15,16,27,23,17,19,27,12,11,9,41,5,4,16,37,5,26,26,92,21,30,33,16,31,11
58,85,54,55,55,56,51,58,60,55,55,49,55,58,57,52,58,55,52,53,56,59,55,65,56,62,62,54,55,54,53,56,54,55,59,57,55,52,55,54,65,55,52,56,52,55,57,56,59,58,56,53,55,55,61,57,57,55,54,60,57,47,48,57,59,60,54,49,59,54,53,56,59,54,56,60,56,55,68,59,55,49,54,56,58,59,59,53,57,59,54,55,56,54,57,62,53,54,50,54,59,52,57,56,60,77,56,54,57,56,57,61,60,57,57,64,55,55,54,58,55,50,63,53,57,55,139,52,46,55,56,63,54,49,61,50,59,54,58,61,59,54,54,53,50,61,56,62,60,58,58,57,57,58,61,51,56,58,56,58,51,59,57,60,56,54,52,52,55,64,58,32,58,54,55,49,55,47,58,57,56,48,56,54,56,55,68,57,54,58,55,55,59,103,58,56,57,63,57,55,55,55,61,62,62,58,51,59,68,55,57,57,45,57,61,50,56,60,56,56,50,58,54,57,92,58,60,52,52,59,53,51,57,58,54,54,60,49,63,58,61,60,55,53,59,57,89,60,63,56,55,56,48,54,61,55,60,53,56,48,55,55,58,56,57,48,54,57,50,54,55,57,57,0,50,56,57,55,55,48,56,56,50,56,54,56,59,57,56,59,58,59,55,55,55,48,50,53,55,57,57,57,56,58,58,58,54,61,61,57,56,47,55,104,54,53,58,57,50,47,52,54,57,58,57,58,53,56,58,57,58,61,55,62,54,56,58,59,63,53,62,58,87,59,56,56,58,56,57
37,99,44,36,36,31,27,37,40,35,36,37,34,30,45,34,44,31,34,33,34,42,34,38,34,44,47,33,35,35,36,36,34,35,70,34,36,33,47,30,41,36,28,47,34,32,31,32,38,36,35,36,37,51,38,45,35,32,50,39,38,30,46,34,31,65,33,31,33,33,34,35,33,35,38,48,38,34,57,33,34,34,35,34,36,37,37,47,36,33,33,36,35,33,36,44,34,65,31,39,38,41,33,33,68,74,36,53,51,32,37,39,39,36,26,42,35,40,43,35,30,32,36,34,34,36,134,30,45,54,36,40,63,36,40,45,34,38,35,40,34,41,28,36,21,41,35,39,39,29,34,33,36,38,34,56,32,36,38,35,36,38,37,36,37,35,44,36,31,56,35,49,34,38,43,46,36,42,37,34,32,46,34,28,32,41,67,34,35,31,41,43,36,103,36,34,36,56,38,39,38,34,40,45,44,38,29,38,48,40,34,46,34,34,44,32,33,34,33,32,57,34,36,37,90,39,35,36,41,34,30,33,41,36,33,39,41,31,42,49,41,39,38,25,36,40,95,43,34,41,39,35,31,48,36,40,39,30,37,30,41,34,36,34,43,33,35,45,42,45,35,39,38,50,0,36,36,35,32,35,36,54,26,35,38,35,38,35,37,37,36,36,32,29,39,29,31,31,48,37,37,35,35,34,35,36,37,38,36,34,37,37,34,111,36,44,36,32,40,34,18,32,33,37,35,37,34,33,36,35,32,36,35,41,30,37,37,37,40,34,31,34,92,30,33,33,36,36,36
24,96,36,25,20,13,35,27,36,20,21,43,26,19,36,16,33,23,20,18,23,34,20,34,22,37,41,17,19,20,23,21,16,16,65,22,23,32,42,15,45,20,18,45,27,15,22,15,22,21,18,32,26,51,38,39,20,17,43,22,24,31,42,22,30,58,17,22,36,21,21,20,27,20,30,33,30,15,60,22,22,27,21,21,27,27,29,45,22,25,19,20,17,14,20,31,20,60,23,21,22,33,17,19,66,66,22,51,45,16,29,26,22,21,18,38,16,32,43,23,19,21,39,21,22,22,132,15,46,50,19,24,61,25,25,40,22,19,21,22,19,27,25,21,30,31,17,24,23,19,25,24,25,24,26,54,25,27,27,19,21,22,29,21,23,26,40,18,14,53,16,49,29,29,43,43,20,47,21,16,19,47,19,24,22,32,63,17,22,21,35,38,22,96,15,17,39,55,21,29,28,20,27,40,37,24,24,22,49,27,16,36,28,29,43,39,16,23,21,15,56,23,19,22,88,26,18,30,32,22,29,31,35,22,18,35,21,22,42,42,28,22,21,32,29,31,92,44,29,25,23,36,26,35,27,27,22,29,22,39,35,20,34,22,42,38,31,38,36,39,29,26,22,56,36,0,22,16,29,39,25,49,33,25,31,21,22,19,23,16,18,22,15,20,22,21,21,22,43,28,13,20,19,17,30,18,30,26,24,26,23,30,25,107,20,39,16,23,41,27,29,18,21,23,15,20,16,16,17,16,20,23,16,23,33,21,22,23,42,20,28,21,90,15,23,34,21,24,24
8,99,42,33,2,21,36,33,38,20,13,43,33,21,41,29,39,26,10,21,11,39,11,23,12,38,40,14,18,25,6,12,14,18,69,6,20,33,46,15,41,9,14,50,26,17,4,15,5,17,11,37,22,57,34,42,24,28,47,9,15,33,45,2,28,66,14,21,35,11,14,5,30,19,36,38,36,11,63,21,10,26,7,6,27,27,33,52,6,21,11,2,21,21,6,40,6,61,12,29,4,43,23,10,68,75,4,52,49,15,33,21,8,5,21,47,23,29,47,5,23,14,37,11,6,3,135,22,53,51,9,21,62,34,5,47,23,26,9,9,19,32,31,12,31,32,19,17,6,21,24,30,25,4,28,55,23,28,34,17,25,5,37,20,2,31,46,14,17,59,24,51,33,39,47,45,10,46,4,18,15,47,9,27,28,39,68,17,9,24,40,44,10,105,18,12,38,59,30,32,34,11,30,38,35,4,24,4,45,33,19,41,23,34,46,35,21,23,14,16,55,26,13,19,90,31,22,31,35,21,35,31,40,18,16,40,28,21,40,43,18,8,20,34,30,39,93,43,31,31,30,38,22,41,23,34,7,35,23,37,41,11,36,4,42,39,35,39,41,43,36,31,5,57,36,22,0,14,32,37,25,56,38,23,31,13,4,17,2,17,19,19,11,16,29,14,10,8,46,35,25,19,27,20,32,17,32,25,17,26,1,32,23,108,19,44,15,13,41,34,31,12,22,9,16,19,29,23,18,21,26,12,13,12,39,5,5,18,39,4,26,24,89,21,28,28,18,30,5
15,97,41,31,15,17,35,25,38,19,11,42,28,14,38,19,38,25,11,14,14,36,12,28,11,38,42,5,13,23,15,13,1,14,69,13,19,33,45,11,43,11,11,47,26,11,14,8,13,17,12,35,24,55,34,41,25,22,45,12,18,34,44,13,29,63,5,23,35,15,8,12,30,17,32,36,32,10,54,16,13,24,13,13,28,24,29,48,11,14,12,12,19,18,11,32,12,60,14,28,13,37,21,12,64,69,13,50,42,11,32,19,12,12,17,40,13,31,44,14,19,14,37,13,12,13,133,17,51,52,11,20,59,29,16,42,19,19,11,14,13,25,27,11,31,28,12,15,14,13,22,28,17,15,27,53,23,26,32,10,23,13,34,14,14,30,43,13,14,50,20,49,35,30,42,42,13,48,12,10,9,49,7,23,27,32,65,10,12,22,37,43,13,102,14,5,39,54,27,26,32,12,22,38,34,15,25,13,48,32,8,40,26,33,46,39,20,20,16,10,56,22,11,17,88,27,15,32,33,16,32,32,37,16,5,34,24,23,41,44,21,12,18,34,30,35,94,41,28,28,21,31,25,38,18,31,12,32,18,38,37,12,35,11,41,39,33,38,35,38,31,27,12,55,35,16,14,0,31,38,26,53,39,23,31,14,13,4,14,10,14,20,2,16,21,16,14,10,44,32,19,16,23,12,31,13,33,26,13,27,14,28,23,107,19,42,5,15,41,30,30,13,19,12,2,15,19,17,11,16,24,14,1,15,34,12,13,16,39,14,21,20,89,14,25,32,14,23,14
33,100,39,31,31,30,36,28,37,32,28,48,33,26,37,26,41,30,30,28,31,35,32,29,32,43,45,31,34,33,30,29,30,32,67,32,32,34,45,30,41,31,27,46,27,29,27,32,34,30,28,39,30,54,28,41,29,34,46,35,31,30,43,32,27,64,31,32,24,28,26,30,29,30,39,42,39,32,58,27,31,31,30,31,33,28,31,44,30,27,31,31,32,29,32,37,30,64,32,32,34,35,26,29,66,63,31,56,48,32,28,30,35,31,24,47,28,34,45,33,29,28,38,30,32,31,133,31,52,51,30,35,52,32,34,42,33,31,32,36,31,28,30,31,35,33,29,32,35,28,33,29,33,33,30,55,35,25,33,29,31,34,34,33,33,29,42,28,31,58,28,50,33,37,37,43,30,52,33,28,32,47,31,28,29,35,66,28,31,19,35,41,30,102,26,32,38,61,32,37,30,32,32,42,39,33,31,34,46,28,32,45,31,34,46,37,28,31,34,32,57,32,27,30,88,29,34,31,33,27,30,34,41,30,31,32,31,32,44,45,35,35,30,35,35,31,86,46,30,29,26,33,31,41,35,28,35,30,29,34,41,32,29,31,44,40,34,37,36,40,36,32,33,55,32,29,32,31,0,35,31,55,36,31,35,29,34,33,33,31,30,28,30,29,29,31,32,32,50,32,27,29,28,29,24,30,32,34,28,26,33,31,39,106,27,40,34,26,39,29,24,30,31,32,33,28,26,28,30,31,25,32,31,35,33,32,32,31,42,31,27,31,90,29,29,36,30,28,33
38,94,43,40,35,37,35,41,42,36,38,43,43,36,46,37,46,34,37,37,38,43,37,41,34,52,49,38,37,38,33,33,38,36,67,37,36,38,42,36,45,35,35,51,35,38,37,38,39,36,33,43,33,54,37,44,37,41,52,40,35,39,45,37,36,66,38,31,38,34,36,36,41,37,44,48,44,38,64,35,37,41,34,36,42,36,35,49,35,34,37,35,40,38,37,46,33,63,34,39,39,41,37,32,71,72,36,53,52,38,36,42,40,37,35,49,35,40,42,38,36,34,45,33,37,35,134,36,49,53,36,42,65,41,38,40,31,38,36,41,38,39,31,37,31,41,36,40,40,38,34,36,37,38,36,50,35,33,40,39,37,39,43,40,36,41,43,33,37,60,36,39,37,42,48,39,35,41,38,38,37,43,38,35,40,39,69,38,36,36,41,43,37,106,37,38,42,59,40,38,30,37,44,48,46,38,30,39,49,41,37,46,34,34,49,36,35,33,35,38,55,34,36,35,89,38,39,33,36,36,41,33,44,36,38,43,44,31,52,42,43,40,33,25,38,40,89,48,38,37,42,44,32,46,40,41,40,41,40,1,40,37,35,36,47,37,42,31,40,40,36,39,37,48,35,39,37,38,35,0,35,58,33,32,30,31,39,38,36,39,37,30,38,35,41,28,35,37,50,43,42,36,34,40,37,37,39,40,39,36,36,38,41,107,26,40,40,33,41,35,31,32,35,38,38,39,37,39,37,37,38,40,38,42,31,36,38,37,46,35,37,38,93,37,40,36,35,39,39
26,86,39,36,22,22,35,36,39,22,24,46,36,23,39,31,43,23,22,21,24,42,23,23,24,44,41,26,28,30,22,18,26,28,68,26,25,33,50,22,39,22,25,51,24,23,25,24,24,22,20,38,22,57,32,39,23,26,49,22,23,31,46,26,24,63,26,27,32,25,22,22,23,22,39,43,39,23,63,21,25,32,21,25,29,27,31,50,23,21,20,21,28,24,20,41,23,58,22,30,24,40,24,24,66,73,24,52,51,24,31,29,22,26,24,46,29,33,44,26,24,25,38,20,26,21,132,21,51,52,20,26,63,36,25,39,21,31,23,25,26,34,31,21,35,35,22,27,25,25,21,25,27,25,31,58,24,27,36,25,20,24,40,27,26,30,47,22,24,59,25,51,34,42,46,43,21,46,25,25,23,48,25,24,32,39,66,24,22,24,41,43,23,106,25,23,39,58,31,36,32,23,35,39,39,25,25,24,43,36,20,45,19,33,43,36,24,18,25,24,56,29,24,26,90,32,21,34,28,22,35,29,43,23,27,42,27,27,45,37,26,22,20,29,34,39,88,39,34,33,32,43,24,43,28,36,22,35,22,37,43,23,33,26,44,35,37,29,45,43,37,29,22,56,36,25,25,26,31,35,0,57,38,18,18,22,24,26,26,24,22,22,25,23,33,25,25,25,46,38,29,22,26,22,32,24,31,27,24,22,26,34,27,106,20,45,25,22,43,30,30,24,28,26,25,24,31,24,24,25,26,27,26,26,39,22,26,23,43,21,28,28,91,23,33,29,23,33,24
58,95,57,39,54,53,49,56,58,52,53,55,50,55,55,49,46,58,53,51,57,39,57,60,54,56,57,53,52,55,57,55,53,55,60,58,52,58,39,52,61,55,52,47,54,47,56,54,58,54,53,50,57,53,57,54,51,52,51,57,58,46,46,56,55,61,53,57,60,54,54,55,52,54,53,49,52,52,66,50,56,55,56,57,51,54,46,53,56,50,56,57,57,49,56,57,58,55,57,47,58,51,51,53,54,61,57,57,50,54,57,57,57,54,53,57,52,59,48,58,54,55,56,56,58,57,133,53,40,47,55,56,55,47,60,52,51,45,56,58,53,56,57,53,59,57,55,58,59,52,58,54,54,59,54,54,57,53,48,54,51,58,37,57,57,47,51,52,55,63,49,50,54,49,52,52,53,61,57,54,54,50,53,52,47,50,64,54,57,56,57,53,54,95,51,52,58,61,53,43,47,57,57,55,57,59,56,58,57,49,52,52,55,51,56,60,53,55,57,54,55,51,53,57,81,57,50,55,58,50,45,56,42,53,54,52,55,57,58,62,55,57,56,54,55,55,91,54,51,51,51,49,53,44,54,49,56,45,57,58,45,57,54,56,46,60,58,60,40,49,53,47,57,56,54,49,56,53,55,58,57,0,52,57,61,55,58,53,57,55,55,57,51,54,49,55,55,56,49,40,49,58,51,52,54,56,52,56,52,53,57,54,54,104,55,56,53,56,55,57,57,53,50,57,53,56,49,42,56,53,45,56,53,59,55,58,56,54,58,57,54,52,91,56,49,55,55,46,58
39,100,42,37,36,32,42,36,40,37,36,43,43,38,39,36,43,28,38,38,37,41,39,42,37,50,48,40,40,37,35,36,38,40,65,38,35,42,47,35,49,37,39,52,34,33,38,36,40,36,36,45,34,56,42,43,37,36,47,41,39,37,44,38,35,67,40,33,40,38,37,37,37,38,43,47,43,38,62,33,39,39,36,37,35,35,38,53,38,36,36,35,42,35,37,40,35,62,32,38,40,38,34,37,70,74,37,56,53,38,41,42,41,38,35,43,35,44,46,39,37,39,44,37,37,37,134,34,39,51,35,43,64,38,40,40,32,36,37,42,40,34,32,39,28,39,33,36,41,37,38,34,37,39,37,55,39,35,40,37,36,40,40,36,39,42,47,34,33,61,33,50,37,39,44,41,36,40,39,36,37,48,38,34,40,42,64,36,38,38,41,44,38,103,36,39,40,53,33,42,38,39,39,46,44,39,33,40,47,40,37,40,40,41,47,34,33,35,39,36,53,32,39,38,90,34,34,40,37,34,44,35,42,36,39,40,43,33,49,51,42,41,36,33,40,44,91,49,29,36,37,42,35,47,34,40,41,44,37,30,34,39,39,37,45,37,39,40,43,39,40,38,39,50,26,33,38,39,36,33,38,52,0,36,42,38,40,37,39,35,32,38,38,36,36,32,37,36,47,38,36,33,31,37,34,36,35,40,33,35,39,34,37,105,33,43,40,39,42,33,32,33,39,39,37,36,36,33,34,36,35,40,39,43,30,38,39,35,45,35,38,33,93,37,40,38,34,40,39
24,99,44,32,23,21,39,32,44,20,23,45,34,24,42,29,45,25,21,23,21,42,24,29,23,44,47,24,26,24,21,18,23,25,67,23,21,34,47,22,38,23,23,51,26,22,23,23,25,22,21,38,17,58,37,44,20,26,49,26,18,25,42,23,31,66,24,24,33,24,23,22,31,20,38,42,38,22,62,23,24,24,22,22,22,26,31,47,24,23,21,22,24,19,19,41,21,64,18,32,25,36,20,22,68,72,23,51,44,24,32,26,26,22,22,46,25,33,46,24,24,20,39,20,23,23,133,18,53,48,18,25,57,36,22,44,18,26,23,22,24,32,31,23,31,34,22,25,22,23,23,33,25,25,32,54,21,29,30,27,20,25,40,23,24,32,43,20,20,56,26,47,35,40,48,40,19,47,24,26,22,43,24,30,27,40,66,26,25,22,40,41,19,106,26,23,43,61,33,30,32,24,26,39,39,25,16,25,51,39,24,44,32,37,45,39,21,14,21,23,51,26,24,21,91,31,27,32,31,23,38,29,41,22,24,38,30,24,45,42,24,26,18,33,30,37,91,44,30,31,29,33,21,44,22,37,26,38,26,32,44,24,32,22,44,43,36,36,43,41,36,32,25,56,35,25,23,23,31,32,18,57,36,0,23,13,25,22,24,27,24,18,24,19,29,21,20,25,45,36,24,22,26,26,28,26,30,19,22,25,24,35,24,108,19,45,25,21,42,32,31,18,27,20,23,25,29,21,26,20,26,24,23,23,36,24,23,23,43,21,27,28,88,23,30,26,22,29,23
32,95,45,40,29,30,40,37,41,28,31,48,40,31,45,35,46,31,29,32,27,42,30,35,30,46,46,29,32,36,27,21,31,31,71,32,31,32,51,28,35,30,33,53,31,31,28,31,32,29,25,38,26,60,38,47,31,34,48,32,29,30,44,32,29,68,29,34,34,28,30,30,30,32,44,45,44,29,65,28,28,30,28,30,27,30,29,49,29,29,27,28,28,28,28,46,29,61,28,37,32,44,31,26,70,76,31,48,53,31,36,35,32,32,30,50,33,37,48,32,31,32,41,28,31,28,132,27,57,52,28,33,65,35,32,48,29,37,29,34,31,37,28,31,36,40,31,33,33,32,28,31,32,32,35,56,30,33,36,32,32,32,41,34,32,36,48,28,30,58,32,42,38,45,48,45,25,52,30,32,28,49,32,33,35,38,65,31,29,27,43,45,28,109,32,29,41,56,34,37,30,30,37,40,37,32,34,32,41,37,28,46,25,41,46,37,29,30,28,31,56,31,31,32,89,37,31,37,31,30,39,32,45,30,30,41,36,34,46,32,35,32,27,30,33,43,88,45,31,31,38,40,28,46,33,37,32,39,29,31,47,30,38,32,48,44,38,38,48,45,41,35,30,54,38,31,31,31,35,30,18,61,42,23,0,28,32,32,32,31,30,28,30,28,38,32,32,31,50,39,36,30,33,31,29,31,33,28,32,30,32,35,32,104,28,44,31,26,42,31,32,26,34,32,31,31,35,34,31,32,33,33,31,35,39,29,32,30,44,27,36,31,93,30,36,34,33,36,30
15,97,41,32,12,19,37,34,39,15,15,42,35,19,43,29,41,25,9,17,11,38,15,23,11,38,45,15,15,26,12,8,14,17,68,14,16,32,46,11,38,13,15,50,23,15,10,12,15,17,9,36,18,59,36,40,18,25,48,16,15,34,46,14,28,66,15,22,31,9,11,13,23,15,35,41,34,12,64,22,10,26,13,13,25,28,28,44,12,21,11,13,18,21,10,41,12,60,11,30,15,39,23,9,65,72,14,50,46,12,32,24,16,11,20,44,21,32,44,15,21,14,37,12,14,14,132,18,53,46,7,21,54,33,13,45,23,25,12,10,17,32,31,11,34,37,19,18,13,18,23,29,23,15,29,50,25,27,29,15,26,15,36,21,14,31,41,13,17,60,24,43,35,40,48,41,10,45,14,17,12,45,13,27,26,40,68,15,14,19,39,44,6,105,18,12,40,60,32,29,32,15,28,39,35,15,22,15,44,35,17,43,29,36,47,39,22,18,16,12,50,25,16,18,90,33,21,33,31,22,35,28,39,16,16,39,29,22,41,41,20,16,14,33,35,38,90,42,29,31,29,35,24,41,25,35,15,35,23,31,42,15,35,13,38,39,35,35,42,41,37,30,16,56,35,21,13,14,29,31,22,55,38,13,28,0,15,17,14,17,18,20,13,15,28,14,11,11,45,34,24,20,25,19,30,16,27,27,18,26,14,35,22,103,9,42,14,17,42,26,33,9,16,8,12,19,29,21,16,19,26,5,14,13,40,15,14,18,36,10,26,25,86,19,28,33,17,31,14
8,98,42,36,7,22,40,34,37,20,14,44,35,22,42,28,42,28,12,16,13,39,10,25,16,38,41,17,21,27,8,15,13,20,71,3,22,37,49,16,43,7,15,52,26,16,5,15,1,17,14,41,24,60,36,41,26,27,50,9,15,37,48,3,30,67,17,20,37,13,13,4,29,20,34,40,34,12,66,24,12,30,7,5,28,30,34,53,8,24,13,6,25,22,8,40,8,63,15,30,1,42,24,12,70,77,6,55,52,15,36,25,8,6,24,47,26,32,49,3,26,14,38,11,5,7,135,19,56,53,5,21,63,34,10,47,23,28,10,14,22,32,34,14,34,34,22,18,4,22,24,30,28,6,31,58,24,28,37,17,26,3,39,19,3,33,49,15,18,62,26,53,35,40,50,45,11,50,3,18,15,51,10,30,31,39,71,18,9,24,43,47,14,108,18,14,39,62,32,35,34,8,32,37,35,6,25,2,46,36,20,44,27,37,48,39,24,24,18,16,59,26,14,20,90,32,21,35,35,24,36,33,42,17,17,41,27,20,41,44,23,8,20,36,33,42,95,42,33,33,30,41,27,43,24,37,8,36,23,39,44,8,38,5,43,37,36,39,43,43,39,30,6,59,38,22,4,13,34,39,24,58,40,25,32,15,0,20,3,17,22,22,12,16,28,17,13,10,48,37,24,22,26,17,33,17,34,26,20,28,4,30,23,109,17,47,15,16,44,32,34,14,24,12,16,19,28,23,18,20,28,12,12,10,41,6,6,17,39,4,29,26,93,22,30,32,17,32,6
19,97,41,29,17,18,37,28,34,20,16,43,31,15,41,26,36,24,14,17,18,35,20,27,13,38,43,8,11,28,17,16,6,10,65,18,19,33,47,13,41,17,16,45,25,15,17,11,20,14,19,34,22,55,35,43,23,25,44,20,19,35,46,18,30,61,8,23,35,16,16,17,26,17,35,33,35,14,54,17,18,23,18,18,26,24,31,51,16,15,19,16,18,18,16,37,16,60,17,30,20,40,21,16,64,69,18,48,39,14,31,17,20,17,13,37,16,34,46,19,20,16,38,19,17,18,133,17,47,53,18,22,62,27,21,45,20,22,17,20,10,29,27,16,29,30,12,19,21,10,22,28,17,20,21,51,23,26,27,18,23,20,32,16,18,28,42,16,6,52,19,51,32,37,45,45,16,45,19,17,11,50,12,21,21,36,63,17,19,20,33,35,18,102,15,7,38,57,19,24,33,20,21,40,36,20,26,20,47,29,9,37,29,35,45,36,20,19,19,13,55,21,17,18,91,20,20,32,31,17,37,31,38,13,6,40,26,23,42,46,23,20,20,34,33,35,92,42,30,30,25,31,21,37,19,26,20,37,19,38,37,20,35,16,40,41,33,36,39,42,30,26,19,57,35,19,17,4,33,38,26,53,37,22,32,17,20,0,18,10,8,18,6,17,24,17,16,16,42,31,25,14,27,16,31,13,31,25,17,27,18,31,24,106,19,40,8,17,42,29,23,16,19,17,4,14,26,19,11,17,26,20,5,21,34,18,18,18,40,16,22,19,90,15,23,31,15,27,18
8,100,43,34,4,22,37,33,36,21,14,45,33,22,43,29,41,27,11,21,11,38,12,24,14,39,41,16,20,27,7,13,14,19,70,5,21,34,47,16,42,6,14,51,27,18,5,16,3,19,14,38,23,58,36,44,25,28,48,9,12,34,46,3,29,67,16,21,36,12,12,5,31,19,37,39,37,11,64,22,11,27,6,7,28,28,34,53,7,22,12,6,23,22,7,40,7,62,13,31,4,43,24,11,69,76,5,53,50,16,34,22,9,6,22,45,24,30,48,6,24,14,39,10,6,7,136,23,54,52,10,22,62,35,6,48,24,26,9,10,20,32,32,13,32,33,20,17,7,22,25,31,26,5,30,56,20,29,35,18,26,5,38,21,0,32,47,13,18,60,25,52,35,40,48,46,9,47,5,18,16,50,9,28,28,40,69,18,10,25,41,45,10,107,18,14,39,60,31,33,34,10,30,39,36,5,23,5,47,35,20,43,25,35,47,39,22,23,14,16,56,28,14,20,92,31,22,33,36,22,37,32,41,19,16,40,29,21,41,44,19,9,21,32,32,40,94,44,32,32,31,39,23,42,24,35,8,37,25,36,42,10,37,4,44,36,34,40,41,44,37,32,6,56,37,23,2,14,33,36,26,57,39,24,32,14,3,18,0,18,20,20,11,16,29,15,11,9,46,36,25,20,28,20,33,18,33,25,18,27,2,32,23,110,20,45,16,14,42,35,32,14,23,10,16,21,29,24,18,21,27,13,14,13,40,6,6,19,41,5,28,26,91,22,28,28,19,31,5
19,97,37,31,18,15,40,28,36,17,14,43,33,16,37,21,37,27,16,16,18,38,16,31,15,39,41,12,16,25,19,16,11,16,63,17,20,36,47,10,43,15,20,50,19,17,18,8,18,10,16,37,25,56,34,43,23,27,43,18,19,36,47,16,25,60,12,20,34,19,16,15,28,16,34,32,34,12,59,16,17,26,17,17,27,25,31,49,16,18,19,17,24,22,16,35,19,59,21,21,17,42,18,17,68,72,17,52,44,9,31,20,17,17,17,38,21,33,49,18,23,20,38,18,16,16,130,21,49,50,16,23,62,33,19,45,19,24,19,18,16,29,28,16,29,31,12,16,18,14,24,27,25,18,28,56,24,25,32,8,25,18,36,16,18,29,47,15,6,59,23,53,30,37,41,45,15,47,15,9,12,51,13,27,22,38,60,11,17,20,36,41,14,100,13,9,36,53,24,33,35,18,28,39,35,18,26,17,47,31,17,36,26,36,45,36,16,22,19,8,56,21,15,17,85,24,17,33,33,13,27,35,36,13,12,39,20,20,42,46,22,17,20,36,33,34,91,42,27,29,24,39,26,39,23,28,17,27,15,39,39,18,34,17,43,40,30,34,41,42,35,27,16,59,37,16,17,10,31,39,24,55,35,27,31,17,17,10,18,0,5,23,10,16,22,22,19,18,42,34,20,14,23,16,31,7,31,27,18,23,17,32,23,108,19,44,9,18,44,34,27,19,21,19,9,12,21,21,1,16,23,21,10,18,40,15,17,12,40,18,22,19,91,11,20,34,15,30,18
21,98,36,30,18,14,39,28,37,18,18,41,33,16,35,22,38,22,19,20,19,35,21,31,18,41,44,17,16,22,18,17,16,17,60,20,18,33,49,13,42,18,20,49,20,17,20,16,22,16,19,34,21,55,34,44,22,29,40,22,20,35,47,20,27,59,17,24,33,18,18,18,27,16,36,36,36,19,58,14,18,26,18,19,23,24,30,52,17,18,20,17,22,21,16,37,17,59,19,25,22,44,17,18,67,69,19,47,46,17,33,18,22,19,12,44,19,32,48,21,21,20,39,19,19,19,129,19,48,50,16,25,61,29,20,45,21,23,20,23,16,29,27,17,26,29,7,19,21,15,25,26,25,21,22,54,23,24,31,11,24,22,35,16,20,30,45,15,8,58,20,52,32,32,40,46,17,44,21,10,15,50,17,24,23,37,61,12,20,17,33,38,19,100,14,19,37,53,23,29,33,21,25,41,33,21,25,22,45,30,17,34,27,34,45,34,11,19,21,17,55,23,20,19,89,24,20,32,35,13,30,32,35,17,16,39,25,24,43,45,24,22,16,35,35,31,88,43,26,28,27,38,23,39,26,28,22,30,18,37,38,21,36,18,41,40,30,35,40,44,33,26,21,58,36,18,19,14,30,37,22,55,32,24,30,18,22,8,20,5,0,20,18,19,25,19,17,20,44,31,20,9,25,16,31,5,30,27,13,24,20,30,23,106,19,41,16,19,43,34,24,17,20,21,14,13,22,20,4,16,24,19,17,24,37,20,20,15,41,17,23,21,88,11,19,32,13,27,20
22,92,41,34,18,17,36,33,40,19,20,44,32,21,42,27,41,27,19,19,18,41,21,24,20,42,44,20,22,25,18,11,20,23,68,21,18,32,47,15,36,18,20,49,21,20,18,21,22,22,14,35,17,56,33,42,18,26,45,22,17,29,44,21,25,61,20,22,34,17,19,20,26,18,40,42,40,20,60,20,21,23,18,20,22,25,31,45,20,18,18,18,22,17,18,40,18,60,17,28,22,40,21,21,63,72,20,49,48,21,31,28,22,20,19,46,24,33,45,22,24,20,33,18,21,19,133,19,50,51,17,28,64,35,21,41,19,29,19,21,17,27,22,18,33,31,17,23,23,20,25,25,24,21,29,55,18,24,34,20,21,22,38,22,20,30,46,13,17,57,25,47,35,39,44,36,14,50,21,22,16,50,21,26,28,37,66,21,20,19,39,41,15,106,18,19,41,59,29,33,34,21,24,39,36,21,19,22,45,35,18,43,22,32,45,38,19,18,19,21,55,20,19,15,90,28,19,29,34,20,36,32,37,20,21,32,31,22,43,35,17,22,17,33,31,35,88,41,24,29,27,39,20,46,25,35,22,36,20,31,41,21,34,20,39,38,30,38,43,41,35,29,21,59,36,22,19,20,28,30,22,57,38,18,28,20,22,18,20,23,20,0,20,17,26,23,21,20,45,36,26,19,23,18,25,22,32,17,21,23,20,32,18,108,18,45,18,19,38,25,29,15,18,16,21,23,28,23,22,19,26,23,20,22,37,20,20,23,43,18,25,18,87,20,30,29,22,28,22
12,97,42,28,12,16,34,27,37,20,10,44,30,14,39,23,35,23,11,14,11,36,11,27,9,37,41,8,14,22,11,12,2,11,69,10,21,33,43,10,43,9,10,45,25,10,12,10,13,16,14,32,22,52,34,39,24,23,45,13,17,33,42,11,28,63,8,23,36,14,11,9,30,18,31,33,31,1,58,16,10,24,10,11,27,27,27,46,9,16,12,11,16,16,12,35,10,60,15,27,13,38,22,10,66,71,10,50,42,10,31,18,13,8,18,39,12,31,41,12,18,13,36,13,11,10,133,16,48,51,10,21,60,29,13,44,18,21,8,16,12,29,26,14,31,30,16,13,13,15,21,29,19,12,25,52,23,28,29,10,22,13,32,14,11,27,41,13,14,54,19,49,32,34,44,42,9,47,12,13,8,48,5,22,24,34,63,10,11,23,37,41,13,99,14,6,38,56,25,27,32,11,24,37,33,12,25,12,48,29,8,37,25,33,44,39,20,22,16,10,55,24,10,17,87,25,17,29,33,16,33,30,35,16,8,37,24,23,40,44,20,13,19,33,32,37,93,40,28,28,25,33,24,38,20,29,13,33,18,38,34,11,35,9,41,39,34,38,36,37,33,25,11,55,32,15,11,2,30,38,25,51,38,24,30,13,12,6,11,10,18,20,0,14,23,15,12,11,42,30,19,18,21,12,33,13,32,25,13,26,10,30,21,107,17,40,4,15,39,30,30,12,18,13,7,14,23,19,13,16,21,15,2,17,35,11,10,16,38,10,20,22,89,14,23,31,17,25,11
16,98,43,32,17,21,37,29,40,21,17,46,33,22,43,25,41,24,15,19,5,39,12,25,14,40,44,17,20,25,15,14,16,21,69,13,17,33,47,16,42,14,15,47,27,16,15,16,16,20,9,36,21,55,33,44,25,26,48,15,17,31,45,13,28,65,17,24,35,13,17,14,30,16,38,37,38,13,60,23,15,24,15,14,24,29,28,49,13,23,12,15,21,17,14,40,12,61,14,31,16,38,23,14,69,74,15,53,51,16,29,26,15,16,20,46,24,32,45,14,22,16,39,14,13,15,134,16,53,52,14,24,63,31,16,44,24,25,10,16,19,29,30,16,33,30,20,12,17,23,23,29,28,17,30,56,19,27,34,16,23,16,37,18,16,30,45,13,15,56,26,51,35,36,46,43,14,45,15,15,15,47,13,26,28,34,68,16,12,25,39,45,8,107,15,14,41,57,29,34,32,12,28,39,38,17,20,16,50,36,19,43,25,28,44,40,20,17,9,16,55,24,16,19,90,29,21,31,34,23,37,33,39,16,17,39,27,24,45,41,21,15,18,30,29,36,93,47,28,28,27,39,27,40,23,34,15,37,23,34,42,12,36,13,37,39,33,40,40,41,35,30,16,55,29,20,16,16,29,35,23,54,36,19,28,15,16,17,16,16,19,17,14,0,25,9,14,11,42,35,21,20,22,15,27,16,31,16,15,25,16,22,19,106,17,45,15,15,40,32,33,9,25,15,16,19,25,25,16,18,26,15,16,13,36,15,17,18,40,12,27,20,90,22,28,27,18,27,14
30,94,39,24,28,23,34,14,34,27,23,46,24,26,38,20,34,21,26,22,27,32,29,35,28,41,43,22,24,22,28,26,21,24,65,28,27,33,40,23,49,27,22,46,30,21,28,22,28,26,25,30,27,48,41,40,26,23,48,30,29,30,43,28,30,62,22,30,36,28,25,27,30,24,32,33,32,23,45,23,28,26,28,28,26,31,25,45,29,26,27,29,27,24,27,27,27,57,28,27,28,34,25,27,64,68,28,53,43,23,33,30,30,26,24,22,22,32,40,30,23,25,42,28,27,28,134,22,45,50,28,31,54,27,29,42,29,10,28,30,24,24,30,27,33,28,24,31,29,29,29,28,28,28,26,58,26,24,29,26,24,28,30,28,29,21,46,23,22,51,28,47,31,23,37,37,26,52,27,25,27,46,26,24,19,28,56,24,29,28,32,42,28,99,21,24,39,51,23,30,27,29,23,42,39,28,29,28,47,28,27,39,28,31,42,38,23,23,27,21,59,21,22,28,85,23,25,31,35,23,38,31,37,24,20,31,31,30,44,48,30,30,28,36,30,33,89,40,29,26,2,33,30,33,31,28,30,38,28,41,34,29,32,27,36,43,25,37,32,31,30,27,27,55,39,22,29,21,29,41,33,49,36,29,38,28,28,24,29,22,25,26,23,25,0,29,29,28,38,32,20,24,24,17,29,26,32,31,31,28,29,27,31,104,26,37,25,29,37,31,28,25,27,28,24,28,4,25,25,27,22,33,22,31,37,29,28,26,45,27,26,24,92,27,17,34,27,16,29
16,97,41,33,11,24,37,34,42,25,16,40,32,23,43,30,43,23,13,19,12,39,11,28,15,45,46,16,20,26,13,7,16,20,68,14,23,32,46,13,40,14,12,50,24,18,11,14,17,22,8,38,22,54,33,47,27,26,46,18,12,34,48,14,29,69,16,6,37,10,14,15,30,20,41,40,41,15,64,22,12,27,14,14,26,30,37,54,15,24,12,14,22,20,12,44,10,60,8,32,17,42,24,14,68,73,16,49,52,14,33,23,18,13,17,50,25,35,47,15,23,11,42,15,14,15,134,19,45,54,14,24,60,29,18,46,23,27,17,18,21,32,30,12,20,35,20,21,18,25,25,30,28,18,27,56,23,28,37,21,22,17,39,25,15,32,46,7,14,58,25,50,34,40,49,46,10,43,16,19,15,49,15,23,29,41,68,21,13,23,41,42,8,105,20,15,39,59,31,34,31,11,31,43,40,18,13,17,52,34,21,43,24,37,47,25,22,19,16,14,58,25,15,23,94,32,26,30,37,24,40,30,42,21,17,40,33,6,45,45,22,18,19,28,34,37,91,46,34,31,30,40,13,45,25,34,17,40,27,28,40,11,37,14,45,29,35,41,42,43,33,30,16,48,29,21,14,16,31,28,25,55,32,21,32,14,17,17,15,22,19,23,15,9,29,0,4,10,45,34,26,20,25,20,28,21,33,28,18,27,15,29,19,109,19,49,18,7,41,32,22,7,24,16,19,24,30,26,21,21,25,17,16,15,30,15,14,22,44,13,27,26,92,24,29,31,22,30,18
12,98,41,33,7,22,37,34,40,24,16,45,32,22,43,30,42,23,7,19,5,38,7,23,14,44,45,16,20,26,9,12,14,19,67,10,22,31,46,13,36,10,16,47,26,18,7,14,13,21,6,38,22,57,36,44,25,28,46,14,21,35,47,10,26,67,16,10,35,12,12,11,30,21,41,39,41,12,65,22,7,28,10,10,26,28,32,50,9,22,11,10,24,20,8,43,5,60,6,31,13,42,23,12,68,73,12,53,52,14,33,23,14,9,17,48,25,35,47,11,22,15,41,12,10,11,136,19,47,52,9,24,62,29,12,46,23,27,8,16,20,32,33,11,22,34,19,21,12,24,25,29,27,14,27,56,22,28,36,18,23,13,37,24,11,31,47,10,15,60,24,51,33,40,48,45,3,47,12,19,15,49,10,24,28,37,69,18,9,23,42,41,6,107,18,13,38,60,31,33,31,7,31,41,41,14,14,13,48,37,20,44,28,34,47,27,21,19,16,14,59,25,16,22,92,32,25,34,35,22,39,29,41,20,17,39,32,10,46,45,22,14,19,35,32,36,91,47,30,30,30,40,13,44,25,37,13,39,26,35,40,7,36,10,41,31,34,40,41,43,36,29,12,50,31,21,10,14,32,35,25,55,37,20,32,11,13,16,11,19,17,21,12,14,29,4,0,8,45,34,26,19,25,20,27,20,33,27,18,25,11,30,20,105,18,46,16,9,43,32,23,8,24,14,19,22,30,24,20,21,25,14,14,17,30,11,10,19,42,9,25,24,91,23,29,30,19,30,14
12,97,42,33,8,21,34,33,39,19,16,44,34,20,42,29,40,26,7,19,7,38,8,24,12,40,43,14,18,26,6,10,10,18,69,8,18,34,46,14,37,8,15,49,26,16,9,15,12,19,11,34,20,56,36,43,24,27,46,11,17,31,39,10,28,66,14,22,36,10,13,10,30,18,36,38,36,8,62,20,7,22,9,10,25,27,33,49,8,20,4,8,22,20,8,40,6,61,14,31,12,42,23,11,68,74,10,51,48,15,32,23,11,8,20,42,21,31,46,11,22,13,34,10,10,10,135,19,52,52,7,22,61,33,9,46,21,26,9,15,18,32,31,10,31,33,19,18,11,20,22,26,24,8,28,55,21,29,34,18,19,12,36,20,9,29,46,11,17,58,24,47,34,40,49,43,5,44,12,18,15,45,10,26,28,39,68,15,7,24,41,44,13,105,19,12,38,59,30,31,34,8,29,40,36,8,22,10,45,33,18,41,23,35,44,38,21,24,17,15,54,27,15,19,92,31,22,31,31,20,36,31,40,18,14,40,29,22,41,43,18,11,21,35,30,34,93,42,32,32,30,37,20,40,23,33,11,36,24,37,40,8,36,10,41,37,37,40,40,42,35,30,8,53,31,22,8,10,32,37,25,56,36,25,31,11,10,16,9,18,20,20,11,11,28,10,8,0,45,34,24,20,27,19,30,16,33,24,17,26,9,31,20,109,19,44,12,14,39,29,30,11,22,11,12,21,29,22,16,17,26,13,10,15,38,9,7,18,35,6,26,25,90,20,28,33,18,30,10
47,97,46,38,46,46,43,40,48,40,43,42,40,45,48,39,35,49,45,41,47,49,46,52,46,52,53,45,44,44,46,46,45,43,67,45,41,47,43,45,56,45,42,25,46,41,46,44,48,47,43,42,44,54,51,45,42,41,44,47,45,41,39,45,50,65,45,47,47,44,45,45,41,43,45,25,46,44,61,47,46,47,44,44,51,45,44,54,45,45,47,45,46,43,44,45,43,65,45,38,48,39,45,44,64,66,45,50,51,45,47,50,47,44,43,46,44,47,39,47,46,42,55,44,44,44,129,42,44,51,44,49,56,37,47,47,48,40,44,49,46,43,50,43,49,44,45,46,49,44,49,48,49,47,53,57,46,45,39,44,42,48,43,46,46,39,42,43,45,60,45,48,44,44,47,47,42,57,46,43,46,51,45,43,44,41,64,44,46,48,45,44,44,100,44,44,49,61,44,41,48,46,43,52,52,47,46,48,60,40,44,38,48,44,52,49,44,44,46,43,57,45,43,48,84,44,45,47,49,46,37,45,36,45,45,45,47,47,54,58,51,47,46,45,45,48,94,54,48,42,39,43,45,45,48,37,48,37,49,50,49,46,46,44,42,48,46,46,41,42,47,44,46,55,48,43,46,44,50,50,46,49,47,45,50,45,48,42,46,42,44,45,42,42,38,45,45,45,0,45,42,46,40,43,45,43,40,48,47,49,46,44,46,110,45,47,44,47,41,42,50,42,46,44,43,49,38,44,42,42,44,50,45,50,48,45,46,45,55,45,53,45,92,42,40,47,44,40,46
37,94,40,24,34,32,34,34,41,31,32,45,29,32,36,31,36,38,32,29,36,10,37,39,33,40,41,32,31,33,36,34,32,34,66,37,30,28,40,31,53,34,31,40,31,26,35,32,37,33,32,29,35,52,32,38,32,33,46,36,37,25,36,35,34,56,32,36,39,33,32,34,31,34,21,34,20,31,62,30,34,32,35,36,27,33,30,46,35,30,35,36,35,28,33,37,37,55,36,32,37,39,31,32,58,70,36,50,44,33,36,35,36,33,32,41,32,37,41,37,34,34,41,35,36,36,134,32,45,52,34,35,63,29,39,47,33,27,35,36,32,35,32,32,33,41,33,39,38,28,34,34,31,38,34,51,37,31,32,34,29,37,11,36,36,29,39,31,33,56,30,50,31,30,45,44,32,52,36,34,33,45,32,31,28,26,64,33,36,29,36,39,33,97,30,31,35,51,30,28,33,37,36,38,32,38,35,37,45,28,30,37,36,35,43,41,31,33,37,33,56,31,32,36,86,37,28,34,31,30,36,34,30,32,33,39,35,36,40,48,34,36,35,37,29,36,90,45,29,33,30,31,35,25,32,27,35,36,33,40,27,37,35,35,38,44,32,45,32,42,35,28,37,57,37,28,35,32,32,43,38,40,38,36,39,34,37,31,36,34,31,36,30,35,32,34,34,34,45,0,28,36,33,29,28,34,29,35,32,32,36,33,34,105,34,37,32,35,38,32,35,33,31,37,31,35,31,17,34,35,24,35,32,37,37,37,35,34,41,36,34,32,93,32,27,35,33,29,36
26,99,37,28,26,21,38,24,36,21,23,43,28,16,36,16,34,26,23,17,23,33,23,34,25,40,40,22,25,18,25,24,20,19,65,26,24,38,43,21,48,23,19,45,29,19,24,20,24,21,24,36,24,53,36,41,16,20,45,26,26,29,44,24,30,63,22,26,32,23,22,23,29,20,31,35,31,21,59,23,25,25,23,26,29,27,28,44,24,25,26,25,23,15,22,34,25,62,25,22,24,34,13,24,65,66,24,50,48,21,29,19,26,24,22,38,20,32,44,26,22,22,40,24,25,23,128,16,49,53,22,27,59,28,27,42,26,17,25,25,27,25,30,24,31,30,19,23,25,24,26,26,26,26,24,54,25,24,28,14,23,24,30,21,25,25,46,21,21,55,23,52,31,29,39,42,23,51,23,13,23,45,22,26,18,32,60,15,23,21,37,36,24,97,12,22,34,55,22,30,28,23,26,36,37,26,26,24,48,28,20,39,31,29,44,42,19,22,26,19,56,29,21,25,81,22,19,30,37,24,28,33,38,19,22,35,23,26,41,45,27,26,21,37,31,36,91,41,27,29,18,38,26,36,23,26,26,28,22,42,39,23,32,24,37,41,28,40,35,39,36,29,23,57,37,13,25,19,27,42,29,49,36,24,36,24,24,25,25,20,20,26,19,21,20,26,26,24,42,28,0,18,22,19,34,20,31,30,22,25,25,29,26,104,21,41,23,25,42,29,31,24,23,26,22,23,16,17,19,18,14,27,20,26,38,25,24,18,42,23,24,23,87,17,18,36,22,23,25
21,97,40,32,18,19,38,28,37,20,21,44,27,20,40,26,40,18,19,18,20,40,21,29,18,43,44,18,19,23,18,16,14,16,63,20,19,33,46,15,39,19,19,47,19,16,20,16,22,12,19,33,20,55,31,45,19,25,43,23,21,29,46,20,23,67,18,21,28,15,17,18,25,14,39,39,39,19,64,16,18,27,18,19,25,20,30,52,17,12,21,17,21,18,18,38,17,61,18,30,22,40,14,20,65,69,19,46,51,15,34,14,23,19,13,36,24,33,48,21,22,18,39,20,19,19,134,17,49,52,16,23,60,30,22,43,25,21,20,24,18,28,24,18,23,32,8,22,22,23,25,28,18,21,18,55,21,20,34,16,19,22,33,23,20,26,44,20,8,60,18,51,30,37,38,45,17,46,21,15,16,49,17,20,26,38,69,14,20,17,37,37,20,104,11,18,36,59,26,32,33,21,28,39,35,21,21,22,45,28,20,36,30,34,47,34,10,21,22,14,58,25,21,14,88,27,20,32,35,12,37,31,37,13,17,31,25,21,43,46,22,23,18,35,34,36,83,42,27,26,26,39,22,45,14,27,23,37,20,36,42,21,30,19,39,40,27,36,41,43,34,30,21,57,35,20,19,16,29,36,22,58,33,22,30,20,22,14,20,14,9,19,18,20,24,20,19,20,46,36,18,0,25,16,30,9,31,26,15,20,20,32,22,103,18,44,20,17,43,28,19,17,23,20,16,13,26,20,13,19,21,20,15,24,38,20,20,14,42,17,19,22,88,20,22,31,9,29,20
28,92,40,28,25,23,37,25,37,25,22,44,32,26,37,17,37,20,24,15,24,35,26,31,28,42,41,23,26,23,26,23,23,26,68,27,23,34,38,22,44,24,17,48,23,19,27,23,26,23,22,30,27,50,35,36,21,17,47,26,26,29,39,27,26,63,23,27,36,25,22,24,27,26,35,35,35,23,58,25,27,27,24,26,17,29,26,38,27,26,26,24,25,17,23,31,24,59,25,23,26,35,24,24,67,69,26,51,49,23,34,25,26,26,24,41,23,35,36,28,24,21,43,25,27,25,133,19,47,47,23,28,62,28,28,43,23,21,27,27,22,26,32,23,37,31,24,22,27,23,24,28,28,28,27,58,24,23,30,23,20,26,31,24,28,26,45,20,22,56,24,49,28,33,42,36,23,47,25,22,25,48,25,26,23,31,56,23,26,24,37,43,23,97,23,24,41,53,23,30,24,26,26,40,40,28,27,26,43,31,26,40,26,28,41,40,23,22,24,23,55,22,20,25,82,25,23,29,33,25,32,27,32,24,23,36,28,27,43,45,25,26,23,32,27,36,90,43,26,23,20,39,19,40,27,31,26,32,28,34,32,26,32,27,38,41,27,35,36,36,36,24,26,56,35,19,27,23,28,34,26,51,31,26,33,25,26,27,28,23,25,23,21,22,24,25,25,27,40,33,22,25,0,20,31,25,30,29,26,26,28,26,26,97,20,43,24,29,40,30,32,22,27,27,26,27,18,19,25,22,19,26,23,28,30,25,27,22,40,24,26,17,87,26,22,36,24,19,28
21,93,40,30,20,16,38,24,34,17,17,43,30,20,39,19,37,22,17,11,13,33,20,28,19,38,41,15,17,21,20,17,13,18,67,21,17,35,43,16,44,18,13,45,27,7,18,16,17,15,18,36,20,50,35,38,21,19,49,17,22,29,42,21,22,66,15,21,34,19,17,19,25,18,33,37,33,14,57,18,20,29,19,21,27,27,28,43,20,18,19,20,23,15,15,29,20,63,17,29,17,33,20,19,65,68,20,51,47,16,33,19,17,19,17,40,20,34,42,21,19,17,37,19,20,19,134,12,49,52,18,24,61,28,20,42,24,22,19,18,17,27,29,17,32,24,17,15,18,21,25,28,23,19,25,59,20,21,31,17,21,17,31,11,20,29,48,14,16,55,25,49,29,31,43,38,17,50,18,17,18,50,17,26,24,31,64,15,20,17,37,43,16,103,13,15,39,53,27,34,29,20,25,36,33,19,24,17,44,31,15,41,25,31,43,41,22,21,19,12,58,16,14,20,85,27,12,31,33,18,35,33,38,12,15,36,24,21,42,46,22,17,17,35,25,35,90,40,21,25,20,39,26,35,19,30,17,35,20,38,34,20,33,21,37,41,30,37,38,36,31,25,19,58,34,17,20,12,29,40,22,52,37,26,31,19,17,16,20,16,16,18,12,15,17,20,20,19,43,29,19,16,20,0,29,17,29,23,20,19,20,21,22,101,18,43,16,20,39,28,31,18,24,20,16,16,19,9,16,13,21,18,13,19,32,20,19,13,42,18,20,17,93,20,26,29,15,22,20
33,94,41,34,30,29,39,32,39,32,33,44,35,34,39,31,39,24,30,30,28,37,33,36,31,45,48,29,34,29,30,26,30,31,62,32,27,35,46,26,46,31,33,48,30,31,31,30,33,31,27,39,28,56,39,36,29,33,44,34,32,31,43,32,34,65,29,29,32,30,31,31,30,30,38,38,38,31,62,30,33,29,31,31,30,32,29,49,31,28,27,31,31,25,25,38,30,60,27,32,33,39,29,29,69,73,32,52,51,30,34,30,34,31,32,42,29,34,44,33,29,33,42,31,32,32,133,25,50,46,30,33,59,26,35,45,30,33,33,35,33,32,29,32,28,26,27,30,34,33,33,29,27,34,31,54,29,27,35,32,30,33,34,30,33,30,46,28,31,58,33,46,30,37,41,41,29,50,32,31,27,45,31,32,30,35,64,34,33,27,36,46,24,105,32,32,38,56,28,32,30,33,32,43,41,34,30,33,42,33,32,39,33,32,40,36,32,33,30,30,56,28,31,30,87,29,30,30,35,30,33,27,39,28,29,37,31,29,47,41,33,34,29,33,31,35,82,46,26,22,28,36,25,45,27,33,34,33,29,37,39,33,30,31,36,41,29,35,42,40,30,29,33,58,35,30,32,31,24,37,32,54,34,28,29,30,33,31,33,31,31,25,33,27,29,28,27,30,45,28,34,30,31,29,0,33,28,32,33,30,33,27,30,101,29,42,34,32,38,29,29,27,31,30,33,31,31,28,33,26,32,35,31,36,40,32,32,29,45,30,31,28,86,35,33,28,29,32,32
19,98,36,28,16,17,39,30,36,16,15,38,33,16,33,24,35,26,16,16,18,38,18,31,15,39,41,14,16,26,19,16,12,16,66,18,17,35,47,10,43,14,16,50,18,12,18,14,18,14,19,36,24,56,32,42,22,26,42,18,19,35,46,17,25,62,14,22,34,16,16,15,29,15,34,32,34,15,63,18,17,25,15,18,27,23,32,52,16,16,17,15,21,23,18,36,18,59,18,20,17,41,18,16,65,70,14,47,48,15,31,19,17,16,16,38,18,32,48,18,18,17,38,16,17,14,129,20,50,49,15,23,61,33,17,45,19,21,17,18,16,27,27,16,28,32,15,17,18,15,24,26,22,16,27,54,21,25,29,9,25,18,36,13,18,29,45,13,5,59,23,52,31,37,41,44,15,46,17,11,12,50,16,26,21,38,66,12,17,19,36,42,17,102,11,14,36,54,25,29,35,16,26,39,35,16,25,17,47,29,17,35,27,36,44,35,13,23,17,13,55,20,17,18,85,25,19,32,33,18,27,34,36,12,14,38,19,22,42,43,22,17,19,33,32,33,90,42,29,31,28,37,25,40,23,31,17,27,17,37,38,16,31,16,42,40,34,33,40,43,34,29,16,58,36,18,17,13,30,37,24,56,36,26,31,16,17,13,18,7,5,22,13,16,26,21,20,16,43,34,20,9,25,17,33,0,30,28,19,24,17,31,24,107,18,43,14,18,44,33,26,19,19,16,6,12,24,21,1,15,23,17,11,18,39,15,17,9,40,15,22,20,90,8,21,33,8,27,18
33,96,36,31,32,30,37,30,38,28,32,41,30,32,37,31,37,25,32,27,35,37,33,40,33,38,45,32,31,30,32,32,32,32,64,32,33,31,43,29,47,31,30,49,28,29,33,28,34,28,32,37,32,59,26,38,19,26,46,33,30,27,40,32,35,68,32,33,35,32,32,31,25,30,32,39,31,33,63,29,33,31,30,31,35,35,27,50,32,29,33,31,30,30,32,41,31,56,32,29,34,40,32,31,71,70,31,49,47,28,32,35,33,32,35,47,32,37,45,33,31,29,39,32,32,31,132,29,51,31,25,29,53,32,31,43,34,29,33,28,33,30,32,31,33,35,31,30,29,31,34,23,35,33,35,53,29,29,22,31,29,34,33,30,33,31,44,32,27,57,31,49,25,32,41,42,32,51,33,30,31,47,32,30,31,40,67,30,32,31,38,43,31,104,32,32,34,58,31,32,34,33,34,39,35,33,35,34,45,28,32,41,35,35,38,33,28,31,32,28,49,29,32,32,83,31,31,35,36,29,33,31,34,28,31,37,35,33,42,47,35,33,24,39,28,38,89,39,31,31,32,39,31,40,34,28,33,33,30,39,38,33,34,31,39,41,33,37,40,37,40,33,33,54,37,30,32,33,32,39,31,52,35,30,33,27,34,31,33,31,30,32,32,31,32,33,33,33,40,29,31,31,30,29,28,30,0,36,33,33,33,33,34,104,29,46,30,33,43,25,31,31,32,29,29,29,31,32,30,25,31,30,33,29,41,32,33,29,39,32,35,32,90,31,27,36,28,27,34
26,101,47,35,26,25,39,35,43,27,26,47,30,23,49,26,43,26,23,25,18,40,26,26,28,42,47,25,28,29,24,22,25,27,72,25,26,39,48,25,41,24,24,53,33,27,23,25,26,29,25,37,27,58,38,44,30,28,49,27,29,30,40,25,30,64,25,29,37,20,26,24,31,27,39,41,38,23,67,25,28,26,24,25,22,27,38,51,23,25,21,25,28,29,25,43,23,60,25,33,26,38,25,26,65,76,25,56,51,25,35,32,27,24,27,50,24,40,48,26,27,21,40,23,25,24,138,22,57,53,25,30,63,36,27,48,30,30,23,27,29,30,31,22,34,36,28,30,27,25,33,30,31,26,30,57,23,31,39,26,23,26,37,33,25,33,46,21,25,64,26,51,35,40,49,43,25,50,25,26,28,53,25,34,30,39,70,26,26,30,43,50,16,110,28,27,45,64,33,30,39,26,29,39,41,26,22,26,56,41,28,44,21,38,49,41,25,29,21,25,58,26,24,25,92,32,27,31,42,25,38,31,36,28,24,35,31,29,46,43,33,27,28,32,32,36,96,45,24,32,30,41,28,47,34,41,27,38,33,41,43,26,39,24,48,45,36,40,43,43,39,31,26,61,38,26,25,26,34,40,27,56,40,19,28,27,26,25,25,27,27,17,25,16,31,28,27,24,48,35,30,26,29,23,32,28,36,0,22,22,25,33,24,110,24,51,28,26,47,31,35,23,30,20,26,29,26,32,28,30,26,23,26,28,41,25,26,29,39,24,24,19,93,24,27,19,28,32,24
19,95,41,33,17,18,40,31,39,20,16,48,37,14,39,28,42,28,16,20,14,36,20,24,13,42,44,15,20,30,18,17,16,15,69,19,17,36,50,15,42,19,16,52,24,21,13,17,20,15,16,39,25,55,31,39,24,28,47,19,19,36,47,19,21,65,14,22,31,18,15,18,26,20,37,37,36,12,62,8,18,31,18,18,25,19,33,51,17,10,14,18,25,24,17,38,19,57,17,27,20,39,25,18,69,70,19,55,48,17,29,26,19,19,21,46,25,36,46,19,17,17,41,19,18,19,134,21,54,48,18,26,65,34,20,48,21,28,17,21,18,34,30,15,35,33,19,18,20,16,23,28,24,19,24,56,24,26,35,17,24,20,34,17,18,21,47,14,17,62,14,54,35,38,43,47,16,50,20,17,11,53,13,30,28,41,67,16,19,19,39,46,18,107,15,15,40,60,29,33,36,20,33,41,39,19,22,20,50,35,20,40,29,37,45,40,16,23,17,16,59,26,15,14,89,34,18,33,35,8,30,32,42,17,16,38,28,22,46,45,21,19,21,36,32,40,92,46,32,35,33,40,23,40,22,34,19,30,27,39,35,20,34,19,43,43,33,36,44,44,34,26,19,61,36,24,17,13,28,39,24,52,33,22,32,18,20,17,18,18,13,21,13,15,31,18,18,17,47,32,22,15,26,20,33,19,33,22,0,19,18,33,22,109,20,44,15,14,44,37,31,16,21,17,15,22,28,21,10,20,17,13,16,21,41,19,19,15,41,18,20,25,93,16,29,32,15,30,17
27,95,33,35,25,25,39,29,38,27,22,45,35,25,37,23,44,23,24,20,25,37,27,20,26,44,42,24,28,25,25,24,24,26,69,26,26,36,48,24,37,26,24,46,18,21,23,26,28,16,22,40,29,52,32,36,25,27,46,29,26,34,44,26,4,66,24,27,28,24,23,27,24,27,35,40,34,24,58,15,25,31,25,25,23,17,33,47,26,13,25,25,25,23,26,41,25,55,24,28,28,36,23,26,65,69,26,55,50,26,27,30,29,25,18,42,26,38,44,27,21,25,38,24,26,26,129,20,53,51,25,31,61,29,28,43,25,23,26,30,24,34,27,21,32,36,22,26,29,25,29,25,20,27,21,57,28,27,39,25,21,28,35,24,27,23,47,22,25,61,16,54,32,36,38,45,24,46,27,26,26,50,26,30,28,36,68,26,26,19,42,46,25,105,20,26,39,54,32,35,33,27,29,37,40,27,27,28,47,39,26,41,25,36,40,35,26,25,27,26,60,26,23,18,86,35,25,33,34,16,34,30,36,14,25,36,30,27,45,45,30,29,24,36,30,35,82,43,25,32,31,43,25,42,25,39,29,34,22,37,33,27,20,26,43,42,38,34,40,43,35,24,27,57,34,26,26,27,26,36,22,53,35,25,30,26,28,27,27,23,24,23,26,25,28,27,25,26,49,32,25,20,26,19,30,24,33,22,19,0,27,31,27,103,24,46,28,23,41,34,24,23,27,26,27,23,23,24,24,23,17,22,27,30,38,26,26,15,44,25,19,20,94,24,29,31,16,25,25
8,100,43,34,3,22,37,33,38,21,13,44,33,22,41,29,39,27,11,21,11,40,10,24,14,37,39,16,19,25,7,13,14,18,70,6,21,34,47,16,42,9,14,51,27,18,5,15,5,17,14,38,23,58,35,43,25,28,48,9,14,34,46,2,29,67,16,21,36,12,12,5,31,19,35,37,35,11,64,22,11,27,6,6,28,28,34,53,5,22,12,3,23,22,7,40,7,62,13,30,3,43,24,11,69,76,4,53,50,14,34,20,7,5,22,47,24,28,48,4,24,14,37,10,5,4,136,23,54,52,10,20,62,35,4,48,24,26,9,8,20,32,32,13,32,31,20,17,5,22,25,31,26,3,28,56,23,29,35,17,26,5,38,19,2,32,47,13,18,60,25,52,33,40,48,46,9,47,3,18,16,50,8,28,29,40,69,18,12,25,41,45,10,105,18,14,37,60,31,33,35,11,30,37,34,3,23,3,45,33,20,41,23,35,47,35,22,24,14,16,56,27,13,20,90,31,22,32,36,22,35,32,41,18,16,40,27,21,39,44,17,7,21,35,30,40,94,42,32,32,31,39,23,42,23,35,6,35,23,36,42,11,37,4,42,40,35,40,41,43,37,32,4,56,37,23,1,14,33,36,26,57,39,24,32,14,4,18,2,17,20,20,10,16,29,15,11,9,46,36,25,20,28,20,33,17,33,25,18,27,0,32,23,108,20,45,14,14,42,31,32,14,23,9,16,19,29,24,18,21,27,12,13,11,40,6,4,18,39,5,26,25,89,22,28,28,18,31,5
34,88,37,29,32,30,36,25,38,32,32,47,28,31,42,22,39,28,26,26,25,34,34,38,33,37,39,31,33,30,33,29,30,33,67,31,29,35,44,32,47,31,31,46,35,30,31,31,30,33,29,35,27,50,37,40,34,27,44,29,34,20,33,31,36,60,31,29,35,28,32,31,27,27,38,38,38,30,60,33,32,26,33,32,30,36,24,47,32,31,30,33,29,25,28,31,33,59,30,26,30,35,30,34,64,69,33,51,44,32,32,32,29,27,29,41,27,30,41,34,32,29,37,34,33,33,135,28,49,49,32,30,54,24,32,35,33,25,30,30,31,27,33,28,25,28,30,32,31,34,32,27,34,31,32,58,32,25,34,31,18,30,30,29,32,28,44,22,29,54,34,41,29,30,43,37,27,50,31,31,33,44,32,29,27,26,66,29,34,27,35,45,26,104,30,31,36,55,27,28,31,34,30,34,37,31,28,30,44,36,31,42,27,26,43,45,31,24,33,30,47,23,30,31,84,27,24,30,29,33,34,26,36,30,31,37,30,29,40,46,34,29,32,33,31,37,89,35,28,23,27,38,27,33,31,33,29,34,33,37,34,34,33,31,37,47,31,41,39,39,33,26,32,47,37,30,32,28,31,38,34,54,34,35,35,35,30,31,32,32,30,32,30,22,27,29,30,31,44,33,29,32,26,21,27,31,33,33,33,31,32,0,25,101,32,39,32,30,31,32,37,27,33,32,31,34,22,27,32,30,29,32,30,31,35,33,31,30,44,32,36,26,86,31,26,30,30,22,33
25,99,43,36,23,23,30,33,41,15,21,46,34,21,45,28,37,27,20,22,20,37,21,27,26,38,39,23,24,29,23,22,23,26,74,22,22,30,44,24,47,22,21,52,27,23,21,23,23,27,19,34,25,56,31,47,28,29,48,25,28,35,43,22,34,68,23,22,39,19,23,21,33,18,38,40,37,21,66,23,22,29,21,23,21,27,34,55,21,24,19,22,24,18,24,40,23,63,24,32,23,43,24,22,67,77,22,52,51,24,36,29,25,20,23,49,26,36,49,23,26,18,42,20,22,22,140,22,52,54,24,21,62,34,28,49,25,28,19,27,24,38,36,24,35,32,22,26,27,23,25,30,31,24,30,57,16,30,32,23,24,23,36,22,23,29,48,20,26,63,27,56,36,41,49,43,21,49,23,22,26,55,23,29,32,41,72,23,21,28,44,47,17,110,22,24,40,64,33,35,38,21,33,42,39,24,23,23,44,30,25,44,20,37,46,43,25,26,20,23,55,24,22,20,91,31,18,31,30,23,40,34,39,22,23,44,32,22,38,40,26,25,24,31,29,39,98,38,36,30,33,44,13,40,30,30,24,40,28,38,42,21,39,22,46,31,38,36,39,45,34,29,23,55,34,25,23,23,39,41,27,54,37,24,32,22,23,24,23,23,23,18,21,19,31,19,20,20,46,34,26,22,26,22,30,24,34,24,22,27,23,25,0,113,19,44,26,23,36,35,33,21,28,23,25,24,28,24,24,23,26,26,23,28,36,22,21,23,40,21,32,23,95,24,30,31,25,31,22
110,102,107,105,105,105,109,106,112,104,104,109,106,110,106,104,106,102,106,99,110,106,106,114,108,110,111,107,109,105,105,102,107,108,105,109,106,112,99,105,118,106,103,104,104,101,108,107,110,101,104,103,106,107,111,109,103,108,106,111,110,98,99,108,103,109,107,109,111,106,104,106,98,108,108,106,108,108,114,106,108,107,106,108,106,108,105,100,109,106,108,105,108,101,106,109,105,110,107,104,108,106,105,106,109,109,107,113,110,106,99,109,108,107,104,116,103,108,103,108,108,105,112,107,109,107,146,97,106,106,106,109,104,98,108,97,106,104,109,109,108,104,109,109,112,105,102,108,109,108,109,106,111,107,106,104,105,101,103,109,105,110,105,109,110,106,107,103,105,116,107,105,101,103,105,102,102,112,108,109,106,105,109,106,107,99,110,109,107,101,107,106,106,110,107,108,105,111,107,107,100,107,111,113,112,107,110,108,115,108,108,106,108,107,107,109,107,110,108,107,100,92,103,108,103,105,103,108,109,106,104,104,103,101,107,104,110,109,109,113,109,108,107,104,106,108,108,110,97,97,101,109,107,110,107,110,108,104,107,107,109,107,103,108,90,114,105,109,104,102,104,103,106,104,111,107,108,107,106,107,106,104,105,108,104,103,109,106,110,108,106,108,107,106,104,109,105,109,110,105,104,103,97,101,101,107,104,110,109,103,108,101,113,0,104,107,107,110,107,108,110,101,110,109,108,106,104,106,108,105,104,108,107,109,109,106,107,102,110,105,109,102,90,108,99,103,102,105,111
20,94,41,30,17,20,36,32,40,13,17,42,32,17,39,26,37,21,14,14,19,40,17,19,16,40,41,18,15,20,15,16,18,18,66,19,13,33,43,19,42,14,16,49,22,15,16,17,17,17,16,37,16,57,38,41,19,21,44,17,16,24,41,19,27,66,18,19,33,14,16,15,27,14,35,39,35,19,63,22,17,21,12,18,27,28,33,49,19,21,20,15,16,16,17,38,15,60,16,27,17,35,23,11,67,70,16,50,49,17,31,25,17,17,20,47,21,29,42,20,24,14,36,11,19,14,132,15,51,47,14,24,58,32,18,41,21,25,18,17,17,24,29,15,31,34,16,18,18,19,22,24,22,18,26,51,22,24,31,18,18,17,35,20,20,27,41,16,18,59,24,44,33,38,47,35,15,47,17,17,19,44,18,25,26,36,65,17,16,20,38,43,19,104,17,17,39,59,27,33,30,17,28,38,37,18,22,17,42,34,17,40,21,35,41,37,19,23,16,17,54,22,17,19,88,28,22,36,33,21,33,30,39,17,18,37,29,19,40,41,15,17,10,33,32,39,87,40,28,30,27,34,19,43,24,34,17,33,21,26,42,17,32,18,42,34,33,30,39,38,37,28,15,54,36,20,19,19,27,26,20,55,33,19,28,9,17,19,20,19,19,18,17,17,26,19,18,19,45,34,21,18,20,18,29,18,29,24,20,24,20,32,19,104,0,44,17,15,43,26,31,14,18,16,16,17,26,21,18,16,24,22,19,16,38,14,19,18,38,15,27,24,87,18,26,32,17,29,21
46,92,39,30,44,31,34,40,43,45,43,41,42,38,35,37,37,43,42,40,45,38,46,49,42,46,51,41,42,41,44,42,41,42,68,45,46,39,44,33,44,43,41,45,40,41,45,35,47,43,43,42,45,50,42,42,43,42,37,48,44,33,33,45,49,57,41,50,32,41,42,43,44,39,38,40,38,41,56,43,44,42,43,44,44,42,40,43,44,45,42,44,42,39,45,48,44,63,45,36,47,43,37,45,59,71,44,45,41,35,33,50,48,44,40,46,38,45,45,46,30,41,49,44,45,44,131,39,45,49,43,49,62,35,47,38,46,35,44,49,42,43,28,41,51,45,45,47,48,41,45,41,38,46,47,52,47,42,35,41,38,47,37,49,45,42,42,42,40,51,42,47,43,38,39,37,43,50,46,40,37,44,41,29,35,40,57,40,45,42,30,37,45,92,40,41,46,55,44,37,41,46,41,55,51,46,50,47,50,34,37,43,38,38,42,52,39,45,46,35,51,40,43,41,86,44,43,38,46,44,40,41,39,41,41,40,49,50,46,47,48,48,41,43,47,38,89,52,44,45,38,39,45,40,42,34,48,40,43,41,32,46,40,43,43,48,45,38,37,40,37,43,46,53,44,39,44,42,40,40,45,56,43,45,44,42,47,40,45,44,41,45,40,45,37,49,46,44,47,37,41,44,43,43,42,43,46,51,44,46,45,39,44,107,44,0,41,42,37,42,47,43,42,45,40,43,37,42,43,42,43,48,42,49,48,45,45,44,49,44,45,46,91,42,35,50,43,40,46
17,97,40,30,17,16,38,31,37,19,12,43,32,14,39,23,33,27,14,16,15,36,14,28,12,37,41,6,11,27,18,15,5,12,71,15,20,33,47,8,42,13,15,47,24,13,17,7,16,14,15,37,23,56,35,43,24,23,45,16,18,35,46,14,30,63,6,21,37,13,14,15,28,16,30,32,30,5,58,18,16,25,16,15,27,28,31,51,13,18,15,14,18,20,15,34,14,60,18,28,14,38,20,15,68,73,15,52,43,6,32,18,14,13,18,41,19,32,47,15,20,15,36,16,15,15,133,18,48,53,14,19,63,31,17,44,20,24,16,14,10,33,28,15,30,29,16,17,14,12,24,27,20,16,22,53,24,26,29,9,26,16,34,12,16,29,44,13,12,54,21,52,32,36,46,44,14,48,13,12,6,51,9,24,26,36,67,12,16,22,37,41,15,101,16,3,38,58,25,26,35,14,24,37,33,16,27,14,45,27,8,36,27,36,45,35,22,24,16,8,54,25,14,18,87,25,19,32,34,18,31,34,37,17,6,41,24,21,40,45,20,14,21,34,30,37,93,40,31,29,27,33,24,38,20,29,14,31,18,40,38,14,36,13,41,41,34,37,40,40,33,29,13,58,36,16,15,5,34,40,25,53,40,25,31,14,15,8,16,9,16,18,4,15,25,18,16,12,44,32,23,20,24,16,34,14,30,28,15,28,14,32,26,107,17,41,0,13,43,34,26,15,20,15,2,14,23,19,15,18,27,14,4,16,37,13,14,17,38,17,20,23,91,12,24,33,17,29,17
16,93,40,33,13,20,33,35,39,21,17,46,34,18,41,29,41,23,10,18,13,39,15,22,16,39,44,15,22,29,13,12,15,20,71,13,21,32,47,17,34,14,16,48,25,17,8,19,16,19,15,37,22,56,31,39,24,26,47,17,17,32,47,13,25,65,15,22,29,11,14,13,27,16,37,41,37,15,58,19,12,28,13,13,28,25,31,51,14,19,11,13,24,14,14,41,14,59,14,28,16,43,22,10,67,69,14,50,48,19,32,27,17,12,16,48,26,32,47,16,22,14,38,11,13,14,134,19,50,52,13,25,65,32,15,44,22,29,14,14,18,31,32,8,31,35,17,18,15,17,20,27,24,16,23,55,22,28,34,18,21,16,37,23,14,30,46,16,16,59,23,48,34,40,43,43,13,47,16,18,16,48,15,26,27,39,66,15,14,19,40,43,14,105,18,15,40,58,29,34,31,15,33,40,36,16,25,16,43,33,20,43,27,33,45,37,19,23,16,19,54,27,18,19,89,31,23,30,34,20,32,31,40,19,16,38,31,22,46,40,24,17,19,34,32,38,93,46,33,31,30,40,20,41,24,33,16,32,22,35,38,15,35,14,41,39,37,38,43,42,37,28,17,57,32,23,13,15,26,33,22,56,39,21,26,17,16,17,14,18,19,19,15,15,29,7,9,14,47,35,25,17,29,20,32,18,33,26,14,23,14,30,23,110,15,42,13,0,37,30,27,16,22,14,17,18,28,23,18,21,25,10,15,21,37,14,13,19,39,13,19,25,88,17,29,30,19,30,15
44,86,40,39,41,39,29,40,46,44,42,53,37,40,41,32,42,43,34,40,38,40,45,45,42,40,43,40,42,44,43,41,40,42,67,43,44,39,41,41,46,44,39,45,41,39,42,43,44,44,40,36,45,42,38,42,43,40,44,46,45,28,39,43,42,63,40,43,46,36,41,44,41,41,42,42,42,40,61,42,40,33,43,42,44,42,38,49,41,42,38,43,42,39,42,39,43,61,40,42,44,40,41,45,59,70,44,47,48,43,38,48,46,39,40,52,39,39,45,44,42,36,47,43,43,44,131,39,46,52,43,46,51,38,46,40,44,37,41,44,41,43,37,34,39,41,44,45,45,43,43,44,43,44,43,53,42,44,38,44,32,44,38,47,42,37,43,33,42,51,43,44,42,38,43,34,39,47,44,44,42,42,41,43,40,30,65,44,44,40,33,40,43,102,41,41,45,54,38,38,44,45,44,43,42,44,37,44,45,35,42,42,37,28,38,42,45,37,42,43,52,41,40,40,85,38,44,25,45,43,40,32,40,42,40,41,43,43,40,48,46,46,45,41,42,38,91,44,42,43,36,41,36,38,43,34,46,40,43,42,38,45,37,43,38,42,43,44,37,42,37,41,45,50,40,41,41,41,39,41,43,55,42,42,42,42,44,42,42,44,43,38,39,40,37,41,43,39,41,38,42,43,40,39,38,44,43,47,44,41,42,31,36,107,43,37,43,37,0,45,40,43,44,43,42,46,32,42,44,46,40,44,41,43,33,44,41,44,45,43,42,41,87,41,41,40,44,34,44
34,97,40,33,31,30,37,27,39,26,29,47,28,31,37,28,43,26,30,25,31,41,32,36,34,37,37,29,31,30,24,30,29,30,72,32,34,34,43,31,44,31,28,50,30,26,30,33,32,27,30,34,27,57,40,40,28,27,49,35,27,28,37,34,36,58,29,33,31,32,26,30,31,28,37,42,37,30,64,35,31,28,29,33,35,35,34,47,34,33,29,28,31,23,28,40,32,63,28,34,32,41,31,29,67,71,33,49,49,33,34,34,35,31,26,36,27,35,40,35,30,30,40,30,34,31,136,22,50,51,29,37,58,26,33,41,34,29,35,33,32,24,33,31,28,41,28,37,31,34,33,31,35,33,38,54,29,27,34,34,30,32,33,34,35,35,45,29,32,58,31,41,33,33,47,44,30,48,32,33,34,46,32,29,26,37,70,31,31,27,33,46,34,103,28,32,38,61,29,32,32,32,33,44,39,33,32,32,46,29,32,42,30,32,42,39,34,28,33,33,51,20,30,29,90,25,30,29,34,36,37,33,40,26,29,38,34,33,42,44,35,35,27,36,35,37,90,40,35,31,32,41,31,37,34,29,35,37,35,35,38,32,38,33,39,34,34,36,40,40,39,33,30,47,34,27,34,30,29,35,30,57,33,32,31,26,32,29,35,34,34,25,30,32,31,32,32,29,42,32,29,28,30,28,29,33,25,31,37,34,31,32,35,108,26,42,34,30,45,0,32,28,33,31,31,33,28,28,33,32,32,35,30,34,37,29,33,28,37,30,35,32,88,32,35,34,27,30,34
33,97,43,26,31,25,36,29,38,29,32,35,35,24,41,32,43,30,30,30,33,38,33,34,29,44,43,30,29,35,31,29,29,30,66,32,33,35,45,24,46,31,31,48,24,29,27,26,34,26,31,39,32,55,33,48,25,29,50,35,34,31,50,32,21,65,30,22,37,31,29,32,31,26,43,47,43,30,60,19,31,32,30,31,30,26,37,50,31,19,30,31,32,26,30,41,31,59,28,29,34,40,21,32,68,73,31,50,50,26,33,31,35,31,18,44,29,32,44,33,26,32,39,31,32,31,136,28,44,54,32,37,56,31,36,46,32,30,31,36,27,35,22,31,11,40,19,37,35,27,33,25,31,33,28,56,32,32,39,29,29,34,34,30,32,26,45,31,23,57,27,52,29,39,45,46,30,43,33,28,26,51,28,16,27,42,68,28,32,21,37,41,30,101,26,27,43,57,26,28,28,33,31,44,39,33,20,34,50,40,22,47,30,39,48,26,23,34,33,26,55,31,32,28,88,27,31,29,37,20,37,32,43,26,29,34,38,22,42,45,35,35,31,29,35,35,91,45,31,39,27,42,22,46,33,40,35,37,24,28,41,33,37,31,47,32,32,43,41,45,33,37,33,52,18,29,31,30,24,31,30,57,32,31,32,33,34,23,32,27,24,29,30,33,28,22,23,30,50,35,31,19,32,31,29,26,31,35,31,24,32,37,33,110,31,47,26,27,40,32,0,30,33,32,25,27,32,31,26,28,26,32,30,37,25,32,32,27,45,31,27,31,92,20,31,33,26,30,33
14,95,40,31,8,19,37,29,38,22,14,44,31,20,41,26,39,23,14,16,12,37,9,21,10,42,43,13,18,25,7,8,13,16,65,12,19,33,45,12,40,10,13,44,24,15,9,13,14,18,2,37,15,55,37,42,22,26,46,14,19,31,45,12,28,65,13,18,32,10,10,10,28,19,39,37,39,12,61,23,11,24,10,10,23,26,30,47,9,23,12,10,21,14,9,41,6,59,8,29,14,39,21,8,67,72,12,47,50,13,29,25,14,13,17,45,23,33,43,13,21,12,39,9,12,11,134,16,50,50,9,22,61,29,12,44,23,24,7,14,18,29,30,11,31,32,17,19,13,23,24,28,25,14,29,55,24,26,34,18,20,14,34,22,14,30,46,7,15,57,25,48,33,35,45,42,7,46,13,18,14,46,11,26,24,36,66,18,11,23,40,43,6,105,17,12,38,58,26,31,28,9,29,39,37,14,17,14,43,36,19,41,24,32,45,36,19,16,14,13,57,24,13,16,89,27,23,34,34,23,35,28,39,17,14,36,30,18,42,42,21,14,17,29,28,32,91,45,28,28,26,36,22,42,21,36,13,35,24,32,42,9,34,10,38,36,33,38,38,40,35,31,12,54,32,18,12,13,30,32,24,53,33,18,26,9,14,16,14,19,17,15,12,9,25,7,8,11,42,33,24,17,22,18,27,19,31,23,16,23,14,27,21,101,14,43,15,16,43,28,30,0,22,13,16,17,26,21,19,18,26,11,11,12,38,11,14,18,41,9,25,22,89,20,27,30,18,28,15
24,98,40,28,22,12,37,35,36,23,23,42,37,20,40,26,42,27,21,25,23,35,25,33,17,38,40,19,18,26,23,20,19,15,69,22,16,26,45,19,45,23,22,48,24,22,23,21,24,23,21,40,28,57,35,41,21,29,44,25,23,28,41,22,29,60,19,27,35,22,23,21,27,22,37,37,36,22,61,18,22,26,21,21,27,27,32,51,20,16,21,23,15,22,23,41,21,57,24,26,24,46,21,16,63,75,22,51,44,21,33,24,25,23,21,43,13,33,42,24,19,22,36,22,22,22,135,23,52,49,21,24,62,33,25,46,23,25,22,24,18,33,29,23,32,33,23,28,25,16,24,27,15,24,26,43,28,28,34,20,20,24,33,24,23,28,34,21,23,57,24,45,32,41,48,44,22,47,24,20,17,48,19,22,27,40,68,19,23,21,36,41,23,102,23,18,37,55,29,22,31,25,25,39,37,24,25,24,49,35,17,41,26,35,45,38,22,23,20,21,54,24,24,24,91,30,20,33,31,19,30,30,36,25,20,42,26,27,41,42,25,25,19,30,30,39,91,38,29,29,28,32,24,38,27,35,24,30,22,33,38,25,36,20,44,41,35,32,41,42,33,31,24,57,33,21,22,19,31,35,28,50,39,27,34,16,24,19,23,21,20,18,18,25,27,24,24,22,46,31,23,23,27,24,31,19,32,30,21,27,23,33,28,110,18,42,20,22,44,33,33,22,0,23,20,24,26,20,19,21,24,24,19,23,39,24,23,24,42,23,26,25,89,22,27,36,23,29,24
14,100,45,34,10,21,37,32,40,17,12,44,34,22,43,28,39,27,9,19,10,41,13,21,12,41,41,14,17,24,10,13,12,17,70,11,17,34,47,16,42,8,14,51,27,16,10,15,13,20,9,29,21,58,35,45,19,24,45,13,14,35,45,10,29,67,14,20,34,12,12,12,29,19,36,38,36,12,63,23,11,25,11,11,24,28,33,53,12,23,10,11,20,22,11,42,13,62,12,29,12,38,23,13,69,75,9,53,49,15,31,22,12,8,21,50,23,24,46,11,24,14,41,11,12,10,136,21,54,48,8,22,61,35,8,47,27,26,12,11,19,30,27,11,32,33,19,16,10,21,25,33,27,11,27,56,20,29,31,16,26,13,38,21,10,31,46,15,17,60,24,50,35,39,46,44,10,47,11,18,15,50,13,27,30,41,69,19,14,24,40,45,7,106,19,12,40,60,30,31,37,9,28,39,38,11,23,12,45,34,20,42,19,35,44,36,21,23,16,16,54,25,13,20,91,30,22,32,36,23,36,32,36,17,14,37,31,20,43,40,19,12,17,32,31,39,93,46,32,32,30,37,23,45,25,36,11,36,26,38,42,9,34,12,43,42,37,36,42,42,37,32,10,58,37,23,9,12,32,38,26,57,39,20,32,8,12,17,10,19,21,16,13,15,28,16,14,11,44,37,26,20,27,20,30,16,29,20,17,26,9,32,23,109,16,45,15,14,43,31,32,13,23,0,13,22,28,24,17,21,26,12,11,11,40,9,9,18,43,10,26,21,88,22,29,27,17,30,12
17,97,41,30,18,17,37,28,37,18,12,39,30,15,37,24,33,26,14,14,15,35,16,28,10,39,43,5,10,27,18,15,4,11,67,16,19,32,47,8,42,14,14,47,23,12,16,7,16,16,17,36,22,56,35,42,23,22,44,16,18,34,45,16,30,63,5,23,36,11,14,14,28,15,32,34,32,12,53,17,16,24,14,16,26,25,32,51,13,15,17,14,18,20,15,33,17,60,15,27,16,37,21,13,64,71,14,51,39,8,32,19,16,15,17,41,16,33,46,17,20,14,38,14,15,14,132,17,49,52,14,21,62,31,19,45,20,21,15,16,10,32,27,15,29,30,14,16,17,10,24,28,17,18,23,51,24,26,26,9,24,16,33,15,16,29,42,12,10,51,21,51,34,35,44,43,14,47,16,8,6,50,9,23,23,36,63,11,16,22,33,37,16,102,14,8,40,57,24,22,35,16,20,39,35,18,27,16,47,29,9,37,29,36,44,36,20,20,16,11,53,20,14,17,90,24,19,32,33,17,33,33,37,16,5,40,25,23,42,45,22,16,20,34,31,36,91,42,31,31,24,30,23,37,19,26,16,33,19,38,37,16,34,14,42,41,33,36,38,42,31,26,15,57,35,15,16,2,33,38,25,53,37,23,31,12,16,4,16,9,14,21,7,16,24,19,19,12,43,31,22,16,26,16,33,6,29,26,15,27,16,31,25,108,16,40,2,17,42,31,25,16,20,13,0,16,24,18,8,16,27,17,5,18,36,14,16,13,40,14,22,20,91,11,23,32,12,28,16
21,97,41,33,19,17,39,35,35,23,14,45,34,19,38,26,37,26,18,18,20,39,15,28,18,39,38,15,17,25,17,17,15,19,68,21,21,35,48,15,42,16,15,51,19,15,18,13,20,10,17,43,19,59,31,43,21,21,47,21,20,32,48,19,23,64,15,19,33,19,13,16,25,18,35,38,35,18,67,18,19,24,16,19,28,26,34,52,18,20,17,17,23,17,18,40,19,65,23,28,18,39,20,18,70,72,18,55,52,12,29,17,18,19,21,37,23,33,48,19,22,18,36,19,20,17,134,18,51,52,16,21,60,36,19,40,21,27,20,18,19,32,29,18,27,32,15,14,18,17,19,25,25,18,22,59,27,23,34,14,26,20,37,14,21,29,49,15,16,61,20,52,29,35,47,43,17,49,16,15,15,49,18,26,26,40,68,14,17,19,40,42,20,102,13,12,34,63,28,33,32,17,33,35,37,18,26,17,43,32,18,39,23,38,43,31,21,26,22,14,56,28,12,18,86,29,23,36,35,18,30,36,44,12,16,40,18,19,39,47,19,18,15,36,31,41,90,41,33,33,29,39,27,40,20,30,18,30,11,38,44,17,33,20,42,40,33,35,43,37,34,30,16,58,37,20,19,15,28,39,24,56,36,25,31,19,19,14,21,12,13,23,14,19,28,24,22,21,49,35,23,13,27,16,31,12,29,29,22,23,19,34,24,106,17,43,14,18,46,33,27,17,24,22,16,0,26,20,13,8,24,18,14,19,37,15,18,12,38,18,20,27,92,19,30,37,16,31,22
29,93,38,27,30,21,31,5,36,26,23,48,25,23,41,1,38,21,26,20,27,31,27,35,28,42,42,22,24,22,30,27,21,25,62,28,28,31,38,21,49,25,22,42,28,19,28,20,28,21,26,27,26,45,39,37,24,21,45,30,29,31,38,28,26,60,22,31,33,28,26,27,27,23,33,36,33,23,51,26,27,24,28,28,26,27,22,45,29,28,27,27,25,23,26,25,27,59,29,24,28,33,23,27,63,62,28,48,41,21,31,27,30,26,22,34,20,34,39,30,27,25,43,28,27,28,130,23,43,49,26,30,56,25,31,42,27,6,28,30,22,26,27,27,31,24,23,25,29,29,27,32,31,30,29,55,25,20,31,24,24,28,31,23,29,25,39,24,20,45,24,44,31,17,33,38,27,51,27,23,25,48,26,25,17,21,56,21,27,23,34,42,29,96,18,22,37,49,23,23,29,27,24,41,41,30,28,28,49,32,25,40,30,28,39,40,23,26,26,19,52,19,23,29,78,23,25,30,37,26,29,29,36,19,20,34,29,31,40,44,28,30,28,34,29,33,87,41,29,27,12,32,30,33,29,30,30,29,25,37,32,27,33,27,37,44,28,40,31,34,30,25,27,53,34,16,29,19,26,37,31,49,36,29,35,29,28,26,29,21,22,28,23,25,4,30,30,29,38,31,16,26,18,19,31,24,31,26,28,23,29,22,28,104,26,37,23,28,32,28,32,26,26,28,24,26,0,21,23,21,19,30,20,31,34,27,28,22,43,27,23,24,88,24,23,34,23,5,29
25,97,41,25,23,20,38,26,36,17,20,40,29,16,39,21,38,23,20,15,20,21,24,25,21,37,37,19,18,24,24,22,18,22,67,25,18,31,43,19,46,22,19,41,21,8,21,19,23,20,22,35,19,53,35,37,20,19,45,23,25,26,41,25,28,61,19,26,33,22,20,23,26,22,28,37,27,20,56,16,22,28,22,24,24,27,29,47,23,18,21,22,22,18,19,32,24,55,21,29,23,37,17,20,61,66,24,50,41,20,33,21,23,23,19,39,17,35,44,25,21,22,37,22,24,22,132,18,46,51,21,21,60,23,26,44,20,21,23,22,20,28,27,20,29,27,18,24,24,16,23,24,23,25,25,53,24,23,33,19,17,23,19,20,24,29,43,17,20,52,17,52,32,31,42,41,20,46,24,19,21,48,20,25,22,30,67,18,23,16,38,40,24,100,17,18,36,53,25,26,30,24,28,36,35,25,23,23,42,33,16,39,23,33,44,38,22,19,27,18,56,15,21,21,86,26,15,29,31,15,33,26,34,18,20,41,23,26,40,44,20,23,21,31,25,34,89,40,17,28,24,34,23,30,16,29,22,33,20,39,33,24,34,25,41,37,34,38,37,41,30,23,23,56,33,16,23,17,28,39,24,42,33,21,34,21,23,19,24,21,20,23,19,25,25,26,24,22,44,17,17,20,19,9,28,21,32,32,21,24,24,27,24,106,21,42,19,23,42,28,31,21,20,24,18,20,21,0,21,21,22,23,18,23,34,23,23,19,41,22,23,16,91,19,27,37,20,27,24
19,98,36,28,19,17,39,29,36,16,15,39,32,16,34,23,36,26,16,15,18,38,17,31,15,40,42,14,16,25,19,16,12,16,62,18,17,35,47,10,43,15,16,50,18,12,18,9,18,11,19,36,24,56,35,43,22,26,42,18,19,35,46,18,25,62,14,22,34,16,16,15,29,15,35,33,35,15,58,16,17,25,15,18,27,25,32,52,16,18,19,16,21,23,18,35,18,59,18,21,18,41,18,16,67,71,15,46,45,10,31,20,18,17,16,38,18,33,48,19,18,17,39,16,17,15,129,20,50,49,15,24,61,33,20,45,19,23,17,19,16,26,27,16,28,32,11,16,19,13,24,26,25,19,28,54,24,24,29,9,25,18,36,17,18,29,45,15,5,58,23,52,32,36,40,44,15,46,18,8,12,50,16,26,21,38,61,11,17,19,35,40,17,100,12,14,37,53,24,29,35,17,25,40,36,19,25,18,48,32,15,36,27,36,44,36,15,21,17,14,55,19,16,17,86,24,19,33,33,13,28,34,36,15,14,38,21,22,43,43,23,18,19,35,33,33,90,43,29,31,23,38,25,39,26,28,18,28,16,37,38,17,33,16,43,40,30,33,40,44,34,27,17,58,36,17,18,11,30,37,24,56,34,26,31,16,18,11,18,1,4,22,13,16,25,21,20,16,42,34,19,13,25,16,33,1,30,28,10,24,18,32,24,108,18,43,15,18,44,33,26,19,19,17,8,13,23,21,0,15,23,20,12,19,39,16,18,15,41,15,23,19,90,11,19,33,13,29,18
21,96,35,29,21,18,40,31,31,19,17,45,32,16,35,21,38,24,19,11,18,39,19,30,19,41,39,15,19,25,19,19,14,20,65,20,17,35,48,11,42,17,16,49,18,15,21,14,20,11,18,37,22,58,36,41,19,23,41,20,21,31,45,20,27,62,15,21,34,17,18,19,28,16,36,34,36,18,62,22,20,27,19,20,27,27,33,52,20,22,20,18,24,17,18,38,18,59,21,19,20,37,22,20,68,71,19,52,49,11,31,19,20,17,16,39,23,35,47,21,24,17,40,20,19,19,129,16,47,48,18,25,59,34,22,42,21,24,20,20,20,28,25,20,27,27,20,11,21,18,18,19,25,21,25,56,23,22,32,14,22,20,37,11,21,30,46,15,15,58,24,51,31,36,40,43,17,48,19,13,14,49,18,25,22,40,64,14,19,15,37,41,19,102,13,19,37,51,26,32,34,19,30,36,39,21,22,20,42,34,19,39,23,35,39,32,19,24,21,10,56,24,16,19,86,26,19,37,34,22,32,33,38,9,14,39,26,21,42,46,22,20,17,33,29,33,88,44,30,30,27,37,26,44,25,33,20,32,17,37,37,19,30,19,42,42,31,38,41,40,30,29,19,57,35,16,21,16,31,37,25,53,36,20,32,19,20,17,21,16,16,19,16,18,27,21,21,17,42,35,18,19,22,13,26,15,25,30,20,23,21,30,23,105,16,42,18,21,46,32,28,18,21,21,16,8,21,21,15,0,26,21,17,21,37,18,18,10,40,20,24,24,93,12,24,33,13,30,21
28,95,39,26,25,21,35,22,39,26,25,46,30,20,35,18,38,22,23,22,25,28,27,29,25,39,40,23,26,16,26,25,24,24,68,28,27,36,40,21,42,26,21,44,23,22,22,23,28,22,23,30,29,47,37,33,22,21,44,30,27,29,41,28,21,62,23,29,31,25,24,27,23,25,31,34,30,23,57,16,26,22,26,27,22,21,24,45,26,16,25,26,23,18,26,38,27,55,25,23,28,33,16,26,64,66,27,52,48,23,27,29,30,26,15,31,23,33,39,28,20,24,39,24,28,27,132,19,44,51,26,31,60,25,29,44,26,16,27,29,22,27,28,23,29,36,24,31,29,22,29,27,26,28,15,52,25,23,31,21,19,28,26,28,27,18,42,21,22,56,14,51,29,26,35,40,24,51,27,20,23,48,25,28,20,31,61,20,27,21,39,41,26,100,17,25,39,53,26,28,29,27,28,37,37,28,26,28,49,31,22,37,27,31,42,37,20,26,26,23,55,23,22,20,81,29,27,29,36,16,24,32,36,23,24,28,27,29,41,45,31,30,26,34,30,36,87,42,27,31,24,36,24,35,28,31,30,24,25,40,31,27,29,28,34,40,35,38,33,39,33,23,27,58,32,20,26,24,25,38,26,45,35,26,33,26,28,26,27,23,24,26,21,26,22,25,25,26,44,24,14,21,19,21,32,23,31,26,17,17,27,29,26,104,24,43,27,25,40,32,26,26,24,26,27,24,19,22,23,26,0,22,24,29,37,27,26,23,40,27,16,23,86,19,22,33,23,18,26
14,98,42,36,11,23,39,34,42,21,19,44,36,19,43,29,40,28,11,19,11,40,12,23,14,38,40,17,21,28,9,13,14,22,73,12,19,37,50,16,41,14,18,51,27,16,9,18,13,16,11,41,24,59,35,41,19,24,50,9,16,35,48,12,24,67,17,23,35,14,12,14,23,21,37,35,36,14,64,17,10,31,11,12,27,23,33,50,12,17,13,7,26,21,11,41,10,62,13,30,12,41,25,14,71,75,14,54,48,15,36,25,11,14,19,48,26,32,45,13,24,16,35,7,12,7,137,20,57,46,11,22,64,34,8,48,22,30,15,4,18,35,34,14,37,32,20,19,7,19,24,31,28,8,23,57,23,31,32,17,26,13,38,17,13,27,48,17,17,63,20,54,30,38,48,46,10,51,13,20,16,52,14,30,31,40,72,19,12,22,43,46,13,107,21,15,39,60,32,34,34,9,35,36,35,8,27,13,44,35,22,38,27,38,46,39,23,21,18,18,56,28,18,17,92,35,20,34,37,17,32,36,43,16,18,40,29,23,41,47,22,11,22,34,26,42,95,42,31,31,34,42,23,42,22,37,10,32,23,40,38,9,38,13,41,43,38,37,44,43,38,26,12,61,36,23,12,14,32,40,27,56,40,24,33,5,12,20,13,21,19,23,15,15,33,17,14,13,50,35,27,20,26,18,35,17,30,23,13,22,12,32,26,108,22,48,14,10,44,35,32,11,24,12,17,18,30,23,20,21,22,0,16,8,41,12,13,16,36,10,23,23,93,20,32,32,16,30,14
15,96,41,31,14,17,35,26,38,19,10,43,29,15,39,20,37,25,11,15,14,36,11,28,11,37,41,5,12,23,15,13,1,14,70,13,19,33,45,11,43,10,11,47,26,11,14,10,13,16,12,35,24,55,34,41,25,22,45,12,18,34,44,12,29,62,5,20,36,15,8,12,29,17,31,35,31,3,57,17,13,24,13,13,28,27,29,48,11,17,12,13,19,18,12,33,12,60,14,29,12,37,21,12,67,70,12,51,43,10,32,18,11,11,17,40,13,30,44,13,19,14,36,13,13,12,134,17,51,52,11,19,59,29,15,42,19,20,11,13,13,26,27,11,31,30,13,16,13,14,22,28,20,14,26,53,23,27,32,10,24,13,34,14,14,30,43,13,15,53,20,49,34,33,45,42,13,48,11,11,9,49,7,23,27,34,66,11,12,23,38,44,13,101,15,5,38,57,28,26,32,14,23,37,33,14,25,12,45,31,9,39,25,33,46,38,21,23,16,11,56,24,10,17,87,28,16,31,34,17,31,32,37,16,5,34,24,20,40,44,20,11,18,31,30,38,94,40,28,28,24,32,25,38,20,32,11,31,18,38,37,14,36,11,41,39,33,38,35,37,32,27,11,55,35,16,13,1,31,38,26,53,39,23,31,14,12,5,14,10,17,20,2,16,22,16,14,10,45,32,20,15,23,13,31,11,33,26,16,27,13,30,23,107,19,42,4,15,41,30,30,11,19,11,5,14,20,18,12,17,24,16,0,14,34,11,12,16,38,14,20,22,88,15,26,32,16,24,15
16,101,44,37,12,24,40,35,42,19,16,46,37,24,44,31,35,28,14,18,14,42,7,29,16,34,37,16,22,28,14,18,15,21,74,17,23,38,48,21,44,12,16,54,28,17,13,20,11,17,12,41,23,61,38,42,20,27,51,11,20,36,49,11,33,72,16,25,39,12,15,12,31,19,33,35,32,17,69,26,14,33,12,13,31,32,34,55,14,26,13,11,26,24,13,41,14,64,16,29,9,44,26,12,72,79,13,58,55,19,39,23,7,13,26,51,27,31,48,10,28,16,34,14,13,12,137,19,56,48,12,15,58,35,8,48,24,29,13,2,23,33,36,16,37,33,24,19,9,24,26,32,29,11,30,59,26,29,33,19,27,11,39,19,13,33,50,16,20,65,27,56,36,43,52,46,14,54,10,20,20,54,18,32,30,43,74,20,10,24,45,48,11,109,20,16,38,64,33,36,37,9,35,33,31,11,27,8,41,35,21,37,29,40,51,40,27,23,16,21,60,26,15,20,92,33,21,34,34,26,37,38,43,18,16,43,26,25,37,47,19,7,18,37,28,44,98,40,33,34,33,44,26,44,26,36,6,37,24,42,45,9,41,17,43,44,38,40,43,46,39,29,9,62,41,23,12,15,35,42,26,59,43,23,35,13,10,21,13,18,24,22,17,13,31,15,17,15,50,37,26,24,28,19,36,18,29,28,21,30,11,31,28,109,16,49,16,21,43,34,37,12,23,11,18,19,31,23,19,21,29,8,14,0,44,10,13,18,35,12,27,26,93,23,30,34,18,35,18
40,98,45,29,39,38,35,37,42,40,34,45,29,39,45,35,46,35,36,34,37,40,40,45,39,42,47,33,37,38,38,40,33,36,65,39,39,34,43,38,52,39,31,52,38,30,39,39,41,38,39,41,42,51,38,44,38,34,47,41,41,37,44,39,39,70,33,29,38,36,33,39,40,37,42,48,42,35,63,40,38,39,38,38,42,40,39,42,39,40,38,39,38,35,37,44,38,67,35,41,41,40,36,38,66,68,39,58,44,39,39,39,41,38,32,40,30,43,48,40,36,35,41,38,39,39,134,33,46,53,39,42,63,30,43,47,39,34,38,43,36,40,34,37,29,38,37,43,42,35,38,40,40,41,38,53,37,37,44,41,40,41,37,42,40,43,51,36,36,51,40,53,40,36,47,43,38,44,40,40,40,50,37,31,36,38,64,39,39,32,41,39,36,98,38,37,41,59,43,37,31,40,39,45,44,41,24,41,47,44,33,44,38,35,46,30,35,39,37,39,58,38,32,39,84,43,39,37,39,41,43,37,43,39,33,40,39,29,40,48,40,41,40,32,36,42,95,46,38,40,36,39,29,45,41,40,41,43,38,30,43,40,38,38,45,43,39,42,44,43,35,37,41,54,30,33,39,34,33,31,39,55,30,36,39,40,41,34,40,40,37,37,35,36,37,30,30,38,48,37,38,38,30,32,40,39,41,41,41,38,40,35,36,109,38,48,37,37,33,37,25,38,39,40,36,37,34,34,39,37,37,41,34,44,0,40,39,40,46,39,39,38,92,39,35,38,39,34,40
10,96,40,34,6,20,39,33,37,19,12,43,35,20,40,27,40,26,12,15,12,41,7,23,15,37,40,16,20,22,7,12,11,19,69,9,21,36,48,14,42,3,13,52,24,14,8,13,7,16,11,38,21,59,36,43,24,25,48,6,12,34,47,8,29,65,16,17,33,10,11,4,29,18,33,37,33,11,65,23,8,29,3,9,27,29,33,50,9,23,10,1,24,21,8,40,7,62,9,30,5,39,22,8,70,75,6,52,51,12,34,20,4,5,22,48,25,32,46,6,24,11,34,8,9,2,134,18,54,51,4,21,62,35,7,45,21,26,7,9,21,29,32,13,32,33,20,18,4,21,24,28,27,6,28,57,23,26,35,17,28,7,38,18,6,32,48,12,18,61,25,50,32,40,48,42,8,49,5,16,15,48,10,28,29,41,69,16,9,22,41,45,12,105,16,13,36,62,31,34,32,6,31,36,34,6,22,5,46,34,19,41,25,36,46,36,22,24,18,14,58,26,12,19,87,31,21,34,35,23,33,34,41,17,15,38,26,17,40,45,20,4,19,35,32,40,93,41,32,32,31,40,24,43,23,36,3,33,19,36,43,6,36,9,42,37,33,36,41,41,38,30,5,56,37,21,5,12,32,36,22,58,38,24,29,15,6,18,6,15,20,20,11,15,29,15,11,9,45,37,25,20,25,20,32,15,32,25,19,26,6,33,22,106,14,45,13,14,44,29,32,11,24,9,14,15,27,23,16,18,27,12,11,10,40,0,3,16,38,4,27,26,91,20,28,32,15,31,8
10,100,43,33,4,22,37,32,38,21,12,44,32,22,41,28,39,25,10,20,12,39,9,25,14,37,39,15,19,26,4,13,13,17,70,5,21,34,44,16,42,5,13,50,27,17,8,15,7,16,14,38,23,57,35,43,24,27,48,10,16,33,46,4,28,67,15,20,35,11,11,6,30,19,35,37,35,10,64,22,9,27,6,8,28,28,34,52,9,22,12,4,23,21,6,39,8,62,14,30,5,42,23,10,68,75,5,53,50,14,34,21,8,2,21,47,24,28,48,6,24,13,37,11,7,4,136,22,53,52,6,19,61,34,7,48,22,25,8,10,20,31,32,11,32,30,20,14,6,22,21,31,26,5,25,56,23,28,35,17,26,7,37,19,6,32,47,12,18,60,25,52,32,39,48,45,8,45,7,18,16,49,10,28,30,39,69,18,11,24,41,45,11,105,17,13,37,60,31,33,34,10,30,33,32,5,24,5,42,33,20,41,23,32,47,35,22,24,15,16,56,27,12,20,89,31,22,32,36,22,35,31,41,17,15,39,25,20,39,44,18,8,21,35,28,40,93,41,31,32,30,39,23,42,23,35,7,35,22,38,42,10,36,6,41,40,34,40,40,42,37,32,4,58,37,22,5,13,32,38,26,56,39,23,32,14,6,18,6,17,20,20,10,17,28,14,10,7,46,35,24,20,27,19,32,17,33,26,19,26,4,31,21,107,19,45,14,13,41,33,32,14,23,9,16,18,28,23,18,18,26,13,12,13,39,3,0,17,37,6,23,25,89,22,27,30,17,30,8
19,98,41,33,16,16,41,30,34,19,13,42,33,20,33,22,37,21,18,11,17,38,18,28,17,41,39,18,18,24,18,17,17,18,63,19,22,36,47,16,41,16,17,51,17,12,19,16,18,6,18,40,22,56,30,42,15,22,49,18,20,33,47,18,17,66,18,23,34,18,16,17,25,17,37,37,37,18,61,18,18,25,16,19,26,26,31,50,19,18,19,16,24,18,16,35,18,62,20,27,17,38,20,15,69,72,15,51,49,17,31,14,17,17,19,44,24,35,48,18,23,18,38,16,18,15,132,16,51,50,16,21,62,34,17,44,20,25,19,17,16,28,28,18,29,27,14,12,17,24,20,25,25,16,26,59,23,15,34,10,26,18,36,10,19,30,48,14,14,59,23,53,22,35,37,43,17,49,18,11,18,50,19,27,26,37,62,15,17,16,38,43,18,104,11,15,36,53,28,36,32,16,30,35,38,16,25,17,45,31,17,41,24,36,43,37,22,24,21,12,57,23,14,18,76,28,17,36,36,15,33,35,39,1,18,39,26,23,42,47,18,17,20,34,32,38,83,41,27,30,24,40,25,43,21,32,17,33,19,37,43,16,26,19,38,41,30,33,41,42,39,32,16,59,37,23,18,16,31,37,23,54,35,23,30,18,17,18,19,12,15,23,16,18,26,22,19,18,45,34,18,14,22,13,29,9,29,29,15,15,18,30,23,102,18,44,17,19,44,28,27,18,24,18,13,12,22,19,15,10,23,16,16,18,40,16,17,0,40,17,18,21,93,15,22,34,5,29,19
41,100,46,43,39,43,47,46,46,39,41,49,47,42,47,43,38,42,39,40,39,43,39,41,39,14,33,39,39,41,40,41,39,41,75,41,38,44,52,39,48,39,41,52,43,39,40,39,40,38,42,44,42,67,41,48,38,44,50,37,38,43,46,40,45,72,39,43,42,40,40,40,41,44,35,40,36,38,73,41,38,42,39,40,47,42,41,53,40,41,38,40,42,40,41,47,41,67,41,42,38,47,42,39,70,81,39,56,56,38,44,38,33,38,40,50,42,37,50,39,42,41,15,38,41,40,138,38,61,55,40,31,62,44,39,51,41,44,41,35,38,44,46,41,44,42,42,46,38,40,42,42,45,37,41,61,41,42,40,40,38,40,40,40,41,43,48,39,40,64,43,56,42,48,55,44,40,53,38,41,39,55,39,40,43,49,73,40,41,38,48,53,42,110,42,38,41,64,45,43,41,41,42,37,22,37,44,37,38,41,42,45,41,45,50,41,41,41,43,40,60,41,40,42,94,45,41,45,43,41,42,43,48,40,40,49,37,43,15,49,35,33,41,45,40,45,100,28,43,42,45,47,41,44,37,43,34,42,38,46,43,41,44,41,44,45,45,44,46,46,44,40,37,63,40,42,39,39,42,46,43,58,45,43,44,36,39,40,41,40,41,43,38,40,45,44,42,35,55,41,42,42,40,42,45,40,39,39,41,44,39,44,40,110,38,49,38,39,45,37,45,41,42,43,40,38,43,41,41,40,40,36,38,35,46,38,37,40,0,39,39,43,98,40,42,44,40,43,40
9,97,39,33,6,21,38,31,37,19,13,43,34,21,41,27,41,23,10,17,11,40,7,22,12,40,41,16,21,22,7,10,11,19,66,6,20,35,47,13,40,5,14,49,23,14,4,15,4,17,10,35,18,58,36,43,23,25,47,8,17,32,46,6,28,66,16,20,31,11,12,3,28,16,36,39,36,10,64,22,9,25,4,5,26,27,32,48,4,22,8,3,23,19,6,39,6,62,14,28,4,39,21,10,69,74,5,51,50,15,33,25,8,6,19,45,23,30,45,7,23,13,39,7,7,5,133,16,51,51,3,23,61,33,9,46,22,26,7,11,21,28,31,13,31,33,17,18,6,20,23,29,26,8,29,56,24,27,34,17,28,4,37,20,5,32,47,13,15,60,25,47,33,38,46,41,8,44,4,17,16,45,8,27,29,39,68,17,7,23,40,44,12,106,17,15,37,61,28,34,30,7,31,37,37,8,21,4,46,35,21,42,26,35,46,37,19,24,18,15,56,25,15,19,91,29,22,34,34,22,36,31,40,18,15,37,28,20,43,45,20,8,18,35,34,38,92,44,31,31,29,39,23,42,22,35,7,36,22,35,42,7,36,5,39,36,33,36,42,41,36,29,5,53,34,20,4,14,31,35,21,57,35,21,27,10,4,16,5,18,17,18,10,12,27,13,9,6,45,36,23,17,24,18,30,15,32,24,18,25,5,32,21,105,15,44,17,13,43,30,31,9,23,10,14,18,27,22,15,20,27,10,14,12,39,4,6,17,39,0,28,25,90,22,28,32,16,32,6
29,101,44,33,26,26,39,35,43,28,21,44,36,20,43,24,43,25,23,24,27,36,26,27,23,36,40,21,22,31,26,28,21,25,67,29,25,37,50,20,42,28,20,51,18,20,26,21,30,14,24,38,29,59,33,44,25,29,48,28,27,32,48,28,20,67,21,22,35,25,21,30,28,28,38,39,37,21,65,14,26,30,28,28,26,22,33,55,27,14,23,25,25,27,29,45,27,62,28,30,28,41,22,29,67,72,28,55,50,20,33,17,26,26,16,36,27,33,48,27,26,23,36,24,29,26,134,24,50,51,30,25,67,38,26,48,27,24,28,26,20,39,31,21,32,32,19,27,28,20,28,31,27,26,11,58,25,22,39,22,30,30,34,16,28,30,48,21,22,60,22,57,37,37,45,41,25,51,28,23,20,51,24,29,29,38,69,22,26,21,42,46,25,104,19,20,35,61,35,34,35,28,29,33,35,26,31,27,34,34,26,44,29,36,47,37,23,30,28,22,62,22,19,21,92,39,26,34,38,14,34,33,43,18,22,39,24,22,38,49,23,26,25,32,28,41,93,38,32,36,34,39,28,34,22,36,26,34,21,37,35,28,41,29,41,44,37,42,45,46,32,33,26,62,31,28,26,21,27,37,28,54,38,27,36,26,29,22,28,22,23,25,20,27,26,27,25,26,53,34,24,19,26,20,31,22,35,24,20,19,26,36,32,109,27,45,20,19,42,35,27,25,26,26,22,20,23,23,23,24,16,23,20,27,39,27,23,18,39,28,0,22,96,18,31,36,18,29,26
27,97,40,31,25,18,40,29,40,22,24,40,32,19,40,24,34,24,24,21,20,36,27,26,24,40,40,21,21,23,25,21,22,25,69,26,22,34,43,20,42,25,24,42,24,19,22,18,27,23,22,34,25,53,31,36,22,21,45,28,28,32,39,25,28,62,21,25,35,25,24,25,32,25,32,37,31,22,57,19,26,27,25,25,18,25,24,44,26,21,24,24,24,21,22,34,25,58,23,25,26,30,20,24,63,70,25,50,47,21,33,27,27,24,18,42,23,35,37,26,20,24,38,25,25,25,133,20,48,50,24,30,59,27,27,45,27,25,25,26,21,24,24,24,31,31,22,27,27,19,28,32,26,26,22,56,20,30,33,21,22,27,32,20,26,26,46,20,20,57,21,51,34,33,41,40,22,45,25,21,22,51,23,28,29,31,66,21,27,21,37,43,18,99,23,21,41,59,24,30,32,26,30,36,33,26,28,26,46,32,21,40,19,28,44,37,22,24,22,19,58,22,23,22,90,24,19,26,37,19,36,28,34,20,21,34,23,25,42,39,29,27,24,32,28,36,89,44,13,19,22,39,22,30,22,33,27,36,27,38,39,26,32,25,37,40,32,33,37,38,30,27,26,58,34,21,24,20,31,38,28,52,33,28,31,25,26,19,26,19,21,18,22,20,24,26,24,25,45,32,23,22,17,17,28,20,32,19,25,20,25,26,23,102,24,46,23,25,41,32,31,22,25,21,20,27,24,16,19,24,23,23,22,26,38,26,25,21,43,25,22,0,88,18,26,29,22,24,27
93,97,96,90,92,91,92,92,99,88,92,97,90,92,92,87,90,88,89,91,91,95,90,99,90,95,94,88,89,86,88,87,88,89,87,92,86,90,86,92,99,91,89,92,94,89,91,92,94,91,90,82,86,86,90,97,88,89,91,95,91,83,80,91,96,95,88,92,94,88,90,91,92,88,92,90,92,90,98,92,91,84,91,91,94,90,86,91,90,90,90,91,87,86,90,96,88,100,89,85,92,89,92,87,95,98,91,98,97,91,92,95,92,89,90,101,88,85,89,91,93,89,95,92,92,91,142,88,89,91,89,96,78,82,89,87,95,88,91,94,93,88,96,89,92,91,88,96,91,92,96,95,90,92,95,83,89,92,86,92,86,94,92,94,91,89,83,88,89,98,92,79,93,88,91,88,88,97,91,92,92,90,91,92,89,84,94,92,91,91,92,88,93,111,91,91,96,90,89,87,92,91,92,98,95,92,93,92,102,90,92,90,90,91,97,89,90,87,92,92,78,87,89,89,96,89,90,88,97,93,88,87,90,92,88,87,96,92,95,94,96,92,83,95,91,88,95,97,92,89,92,87,92,95,96,92,92,88,92,93,91,91,94,91,82,96,94,92,88,88,92,94,92,87,92,90,89,89,90,93,91,91,93,88,93,86,93,90,91,91,88,87,89,90,92,92,91,90,92,93,87,88,87,93,86,90,90,93,93,94,89,86,95,90,87,91,91,88,87,88,92,89,89,88,91,92,88,91,90,93,86,93,88,93,92,91,89,93,98,90,96,88,0,91,88,91,92,89,92
23,99,34,31,21,18,39,30,35,15,19,41,35,10,34,24,39,28,18,20,21,37,21,30,19,42,41,15,16,26,22,20,15,20,68,21,21,36,48,14,43,19,23,50,18,20,17,11,22,18,17,38,29,56,34,44,23,26,42,22,21,33,47,21,26,62,15,27,30,21,19,19,30,23,36,33,36,16,54,13,22,30,20,20,25,22,30,51,21,13,21,21,21,17,18,37,21,58,25,20,22,39,19,20,67,67,21,52,47,12,28,26,22,22,21,42,22,36,47,23,17,22,39,20,20,21,127,16,51,50,19,25,63,32,24,44,22,26,23,22,13,31,26,19,28,30,22,18,23,11,22,24,23,23,22,56,26,21,31,11,26,22,35,16,22,23,45,17,13,57,17,53,32,36,34,43,20,49,20,11,16,51,18,25,23,37,62,12,20,13,36,43,21,101,15,14,35,51,27,32,36,21,26,40,38,23,24,22,49,32,17,35,24,35,44,37,11,21,26,10,58,21,19,21,84,28,19,30,34,12,25,35,37,18,16,38,25,27,43,45,24,22,23,36,33,31,90,42,30,33,25,39,24,40,26,30,22,25,16,37,38,21,31,21,44,40,33,37,42,43,34,29,21,59,30,15,21,14,29,37,23,56,37,23,30,19,22,15,22,11,11,20,14,22,27,24,23,20,42,32,17,20,26,20,35,8,31,24,16,24,22,31,24,108,18,42,12,17,41,32,20,20,22,22,11,19,24,19,11,12,19,20,15,23,39,20,22,15,40,22,18,18,91,0,23,33,20,24,22
30,95,37,20,30,21,36,23,35,26,25,45,25,28,36,23,36,24,26,22,29,33,28,37,29,39,44,26,25,21,29,29,25,25,68,28,28,33,41,22,49,27,22,43,28,22,30,22,30,26,27,32,30,46,39,37,23,21,41,31,29,28,38,28,31,55,26,31,33,26,26,27,30,25,33,32,33,25,56,30,28,24,28,28,28,33,28,49,28,30,28,28,25,25,29,34,28,62,30,21,30,36,23,27,62,64,28,43,42,22,33,29,31,26,25,37,23,34,42,29,25,25,41,28,27,28,130,23,41,47,28,33,61,27,31,38,31,18,28,30,27,24,30,30,31,28,25,33,31,25,32,28,25,30,30,55,23,24,29,23,24,30,30,25,28,24,42,26,23,55,28,49,29,30,40,42,27,51,29,22,26,49,26,22,16,33,61,26,28,23,32,42,29,97,21,26,35,54,23,27,33,28,28,43,40,30,28,30,50,30,25,35,27,33,42,40,23,23,26,21,56,24,25,27,81,23,28,33,34,30,30,34,32,24,24,33,29,31,40,47,32,31,27,38,30,30,88,41,28,32,19,35,26,32,31,26,31,30,29,40,34,28,28,27,39,43,32,39,33,38,33,27,30,56,33,23,28,25,29,40,33,49,40,30,36,28,30,23,28,20,19,30,23,28,17,29,29,28,40,27,18,22,22,26,33,21,27,27,29,29,28,26,30,99,26,35,24,29,41,35,31,27,27,29,23,30,23,27,19,24,22,32,26,30,35,28,27,22,42,28,31,26,88,23,0,35,24,20,29
32,102,46,38,29,34,34,36,44,28,30,49,31,33,49,34,42,31,31,32,24,41,33,38,32,42,44,32,33,36,29,32,31,33,68,29,35,31,50,33,46,31,29,51,33,33,32,33,32,34,28,36,35,58,40,45,34,31,50,33,30,25,37,29,34,65,32,32,36,30,30,30,39,32,39,41,38,29,60,32,31,32,31,30,32,35,22,52,32,32,30,32,35,36,33,38,28,65,30,33,32,39,34,32,72,76,29,52,53,33,37,38,33,29,32,52,34,35,48,30,36,29,45,30,29,31,137,32,54,51,31,35,63,30,31,46,35,35,27,33,31,35,35,32,27,38,32,34,33,34,31,38,34,30,36,57,16,34,33,34,31,32,35,35,28,33,40,30,31,61,33,46,37,38,50,42,31,47,31,33,33,50,32,37,37,37,67,34,33,33,42,46,25,107,33,31,44,63,36,35,36,33,34,41,38,30,27,32,42,35,35,44,25,41,49,41,30,35,17,33,53,36,29,33,92,35,27,32,38,32,41,34,40,33,31,41,35,32,46,36,37,33,31,22,33,31,97,48,35,29,34,36,34,47,38,35,33,41,34,37,45,33,39,29,42,42,33,36,42,41,37,36,33,56,33,34,28,32,36,36,29,55,38,26,34,33,32,31,28,34,32,29,31,27,34,31,30,33,47,35,36,31,36,29,28,33,36,19,32,31,28,30,31,103,32,50,33,30,40,34,33,30,36,27,32,37,34,37,33,33,33,32,32,34,38,32,30,34,44,32,36,29,91,33,35,0,33,32,29
19,97,40,33,16,17,40,31,32,18,14,41,33,22,33,23,37,20,18,11,19,37,18,28,16,41,39,17,17,24,18,17,16,18,64,18,22,35,47,16,41,15,16,51,16,11,18,14,18,6,18,39,21,56,30,41,14,21,48,18,20,32,46,17,17,66,17,22,29,17,16,16,24,16,37,37,37,18,63,18,18,24,15,18,26,24,32,50,19,16,16,15,22,20,18,36,17,62,19,29,17,37,20,14,66,70,14,46,51,17,33,15,17,16,18,44,21,34,47,18,20,17,38,15,17,14,133,15,52,49,15,21,61,34,17,44,20,23,18,17,17,24,27,18,28,32,15,15,17,21,20,24,21,16,25,57,22,17,31,15,25,18,35,11,19,30,46,14,13,59,23,52,28,38,41,42,17,48,17,17,18,49,19,26,25,38,67,18,17,17,36,42,18,106,11,18,34,58,23,30,32,16,26,35,38,16,26,17,45,31,17,40,26,36,42,36,19,22,20,17,56,22,15,18,77,23,20,35,34,18,35,34,39,4,17,38,23,22,42,47,18,17,19,33,32,39,82,41,27,32,29,37,24,43,18,33,17,35,19,35,42,16,23,18,38,41,32,32,40,41,38,31,16,58,36,21,18,14,30,35,23,55,34,22,33,17,17,15,19,15,13,22,17,18,27,22,19,18,44,33,22,9,24,15,29,8,28,28,15,16,18,30,25,102,17,43,17,19,44,27,26,18,23,17,12,16,23,20,13,13,23,16,16,18,39,15,17,5,40,16,18,22,92,20,24,33,0,26,19
31,94,37,24,31,25,30,9,34,29,25,45,25,27,37,4,36,28,27,23,29,28,31,36,30,41,45,23,25,28,31,31,24,27,63,30,33,32,39,26,48,29,25,40,29,22,29,26,32,29,28,26,34,44,37,38,30,25,47,34,31,30,40,30,25,62,23,31,35,28,27,30,31,28,34,33,33,25,53,26,30,25,29,29,24,29,27,47,31,27,28,30,28,25,29,29,32,61,30,19,32,32,25,30,63,64,30,53,43,27,34,33,34,28,23,33,20,36,41,32,26,28,41,27,31,30,134,25,42,50,29,35,58,24,33,42,31,10,30,34,22,19,29,29,35,27,27,30,33,29,31,28,32,32,30,56,29,27,29,29,25,32,30,32,31,15,39,26,27,53,22,47,31,20,37,39,29,51,31,28,30,48,28,23,19,24,61,28,31,26,38,45,29,102,25,25,37,52,25,23,28,31,24,42,37,32,32,32,50,31,27,38,28,28,39,41,30,28,30,26,56,27,25,26,80,25,26,34,36,26,37,31,36,28,24,31,33,31,45,47,33,34,30,32,27,34,89,43,25,27,14,35,29,30,33,30,34,37,31,39,33,31,30,30,32,45,31,36,28,27,30,22,31,56,36,24,30,23,28,39,33,46,40,29,36,31,32,27,31,30,27,28,25,27,16,30,30,30,40,29,23,29,19,22,32,27,27,32,30,25,31,22,31,105,29,40,29,30,34,30,30,28,29,30,28,31,5,27,29,30,18,30,24,35,34,31,30,29,43,32,29,24,89,24,20,32,26,0,29
8,100,44,35,7,23,37,33,39,22,16,47,32,22,44,29,42,28,12,21,11,40,13,26,15,40,44,17,21,27,10,14,15,19,69,7,22,35,48,17,41,11,16,53,28,19,5,16,6,20,14,39,26,59,33,43,26,28,49,10,17,36,47,7,27,67,17,22,34,14,14,6,31,20,38,40,38,11,64,21,11,28,8,7,27,28,32,53,8,21,12,8,24,23,7,40,10,63,14,32,6,42,25,14,69,75,8,53,50,17,35,27,10,8,24,47,25,32,48,7,25,16,39,14,5,7,135,22,56,53,11,24,63,36,12,49,25,26,11,15,19,32,33,14,33,33,20,16,8,22,26,32,26,8,27,57,21,28,36,18,26,6,38,20,5,31,48,17,18,60,26,51,36,40,48,47,11,48,6,18,17,49,9,29,30,40,69,18,13,24,41,45,10,108,18,15,40,60,32,34,35,13,30,40,37,8,24,6,48,36,20,44,28,35,48,39,22,23,15,16,57,29,16,21,92,32,22,35,35,21,38,33,42,19,17,41,27,22,44,45,22,10,22,33,34,41,94,45,33,33,29,39,25,42,26,35,10,38,25,39,41,13,37,7,43,39,35,40,42,45,37,31,11,57,36,24,5,14,33,39,24,58,39,23,30,14,6,18,5,18,20,22,11,14,29,18,14,10,46,36,25,20,28,20,32,18,34,24,17,25,5,33,22,111,21,46,17,15,44,34,33,15,24,12,16,22,29,24,18,21,26,14,15,18,40,8,8,19,40,6,26,27,92,22,29,29,19,29,0
