0,100,43,35,10,23,39,34,38,23,16,46,35,23,44,29,42,27,14,21,13,41,12,26,15,40,43,16,21,27,11,15,15,20,70,6,23,36,48,17,42,10,16,52,27,19,8,17,8,19,14,40,25,59,36,43,25,28,49,12,18,37,47,6,29,68,16,22,36,16,15,8,31,21,38,40,38,12,65,23,12,29,10,6,28,29,34,53,10,23,14,10,24,24,10,41,11,63,13,32,8,43,25,14,70,76,10,54,51,17,35,27,12,10,23,48,25,34,48,6,25,16,40,14,6,10,136,23,55,52,10,23,62,35,12,48,24,28,12,14,21,32,33,15,33,34,21,19,10,23,25,31,27,10,31,57,24,29,36,19,27,8,39,21,8,33,47,17,19,61,26,52,35,40,49,45,13,49,8,19,17,49,10,29,31,40,70,19,12,25,42,46,14,108,19,15,39,61,32,33,35,12,31,39,37,10,24,8,47,36,21,44,29,36,47,39,23,24,18,17,58,29,16,21,92,32,23,35,36,23,38,34,42,19,16,40,29,22,43,46,25,12,21,36,34,40,94,44,33,33,31,40,24,43,27,36,12,38,25,37,43,12,37,6,44,40,36,40,42,44,38,32,10,58,37,24,8,15,33,37,26,58,39,24,32,15,8,19,8,19,21,22,12,16,30,16,11,12,47,37,26,21,28,21,33,19,33,26,19,27,8,33,24,110,20,46,17,16,44,34,33,14,24,14,17,21,29,25,19,21,28,14,15,16,40,10,10,19,41,9,29,27,93,23,30,32,19,31,8
100,0,101,100,95,98,91,104,99,91,98,102,102,95,105,104,100,92,93,92,99,97,93,96,100,104,109,101,97,100,98,94,99,98,107,95,101,103,104,96,97,98,99,102,98,98,97,93,97,91,94,101,95,99,100,95,90,100,106,95,94,98,94,95,93,98,101,96,92,96,99,97,97,101,106,108,105,97,104,89,95,95,92,97,100,100,103,98,94,94,92,93,96,96,96,105,94,99,97,98,97,110,95,94,99,91,96,99,98,98,96,101,95,96,91,107,92,91,105,96,102,99,97,94,95,98,151,97,98,103,95,101,101,97,96,103,90,97,98,97,99,102,99,97,100,104,89,100,96,98,94,95,92,98,99,100,97,101,105,90,90,97,96,91,96,104,100,93,93,101,101,91,104,104,100,96,97,94,97,90,93,98,98,100,100,100,102,95,98,96,99,95,99,106,94,95,102,102,101,98,99,93,98,106,107,98,98,97,99,107,93,108,98,98,98,98,89,96,97,95,99,98,100,95,108,102,101,95,95,95,99,91,109,92,97,100,104,96,105,104,93,95,92,93,100,104,101,111,93,97,103,101,102,100,98,105,94,99,94,91,98,93,102,96,97,93,103,105,105,105,104,99,97,98,99,97,95,94,98,91,100,112,102,96,104,94,97,91,96,95,96,95,100,95,98,96,96,100,106,100,99,92,98,97,93,96,98,100,101,96,96,99,99,100,95,97,99,100,106,98,97,96,95,98,97,97,104,100,92,97,97,95,100,98,103,98,98,90,103,93,99,102,101,95,98,96,90,102,97
43,101,0,24,41,38,37,44,47,40,44,40,30,40,44,38,41,43,42,36,41,27,41,46,42,47,46,34,35,37,38,42,41,40,71,41,42,18,48,40,46,41,41,43,33,35,42,40,44,39,35,34,41,50,41,42,37,39,43,45,40,33,43,41,45,46,35,44,42,36,39,43,38,40,39,39,39,43,62,38,38,28,40,41,35,43,38,52,39,40,41,39,36,36,44,40,39,60,41,37,44,30,31,39,49,76,40,52,45,41,27,38,47,41,42,47,34,41,43,41,40,42,41,41,43,39,134,35,59,46,42,47,58,39,44,22,37,36,41,45,37,37,45,40,48,37,39,42,45,42,38,24,46,43,42,50,40,44,32,35,42,44,27,36,39,35,36,38,40,60,45,56,34,41,40,36,39,55,43,41,34,49,41,44,38,44,69,43,41,42,44,48,39,112,36,40,38,63,37,39,30,41,39,46,46,43,39,44,57,32,38,35,46,34,40,33,35,45,37,39,56,40,40,40,89,34,43,36,43,40,39,40,38,36,38,31,44,44,43,49,43,47,36,44,39,31,90,43,41,38,37,36,40,16,35,32,47,39,33,42,25,41,46,42,43,43,38,36,39,45,28,35,43,63,35,42,38,39,40,40,42,50,47,41,44,39,44,42,39,37,37,39,40,43,35,34,40,39,50,35,39,36,39,38,38,36,41,39,37,35,39,44,42,116,38,42,40,40,42,40,45,40,36,44,37,41,39,34,38,34,44,46,40,45,41,40,41,39,43,41,38,39,92,39,41,46,38,38,44
35,100,24,0,34,33,33,32,40,30,31,49,30,27,39,35,43,34,31,28,34,22,32,39,30,42,43,26,27,26,30,33,28,34,62,34,34,28,47,32,49,33,30,32,33,29,32,36,36,37,29,32,33,63,38,40,30,29,41,35,32,38,42,34,34,65,27,34,36,27,30,33,31,28,32,35,33,29,66,37,32,25,33,34,29,37,33,48,34,32,30,35,27,31,36,42,32,65,35,20,36,35,29,32,69,78,31,58,49,36,37,34,33,33,24,47,25,34,49,35,35,30,41,29,34,32,141,30,60,49,34,36,56,30,34,38,30,34,31,34,29,27,37,29,39,34,30,35,37,27,34,27,34,31,40,39,32,33,31,31,34,36,16,36,32,35,35,31,29,59,34,55,32,41,44,48,32,52,35,28,30,51,35,33,6,33,66,31,30,33,43,43,30,111,34,27,12,62,31,24,33,32,31,39,35,31,34,36,47,29,26,36,38,32,47,44,35,26,34,36,61,30,32,31,87,24,31,28,34,35,37,34,32,28,27,36,36,34,42,49,37,33,32,31,25,36,94,43,35,27,31,40,31,16,32,29,33,37,27,42,32,32,32,33,39,46,32,39,32,37,40,29,34,57,36,31,34,29,30,39,36,47,38,34,35,31,36,32,32,33,26,30,28,30,31,35,35,32,41,26,29,29,27,34,37,31,26,33,37,38,32,34,36,117,28,46,32,33,34,34,31,32,22,31,31,36,35,22,26,32,27,36,29,35,34,34,35,31,43,35,32,28,96,24,20,35,24,28,35
10,95,41,34,0,19,38,35,38,23,12,46,34,19,43,28,37,27,9,18,12,42,6,25,13,38,42,16,12,24,7,10,13,20,71,5,19,32,48,15,43,5,13,45,21,14,8,17,9,14,9,39,20,52,37,41,25,28,46,11,18,33,43,4,28,69,16,20,34,12,13,6,24,20,36,37,36,11,65,19,8,27,5,7,23,25,30,49,7,19,8,2,18,15,6,41,6,61,9,29,8,42,20,13,71,75,4,51,46,16,33,23,9,5,19,44,22,30,48,7,24,13,38,9,8,4,135,16,54,53,5,23,59,31,5,42,20,27,11,13,18,32,33,8,27,31,20,22,7,19,20,25,22,4,29,58,24,26,33,16,23,9,38,20,4,32,45,16,20,60,20,49,30,42,45,40,6,50,6,17,15,47,9,30,26,33,64,16,6,22,36,44,12,108,20,12,39,55,31,28,28,7,29,39,37,4,20,8,46,33,18,40,26,32,48,34,22,23,18,17,53,22,12,21,93,32,18,36,34,19,40,29,42,18,16,40,29,20,42,42,19,9,21,35,35,38,91,40,31,32,34,41,21,42,21,30,9,40,19,33,39,7,35,6,39,41,37,37,41,42,35,23,8,59,34,21,2,14,30,33,25,58,38,24,27,8,8,15,4,15,18,17,12,17,30,12,5,8,48,35,28,22,25,19,27,15,34,24,15,26,3,35,22,106,16,46,12,14,42,31,29,8,20,8,17,16,29,23,17,20,24,7,14,13,36,4,4,18,37,6,24,22,89,19,29,33,15,28,9
23,98,38,33,19,0,28,35,35,12,17,44,25,11,44,20,33,12,19,5,20,38,24,30,19,41,42,13,6,11,19,17,16,22,68,18,21,23,38,15,45,19,11,47,20,15,18,7,19,10,19,31,18,51,28,28,16,10,46,24,23,35,43,18,19,65,13,21,30,19,19,19,15,17,29,32,28,15,61,15,20,14,21,19,18,23,17,39,20,7,23,18,5,9,16,43,21,64,16,21,19,31,9,22,67,72,20,50,37,16,20,17,24,18,9,42,7,32,30,19,11,16,42,22,18,22,137,7,51,45,17,25,50,18,22,41,16,18,19,21,9,24,17,18,28,18,14,19,20,10,18,14,19,21,15,54,14,6,19,18,24,19,32,21,20,30,43,13,22,51,25,49,32,36,46,31,17,48,19,18,21,50,21,19,23,29,71,9,23,13,28,43,17,101,16,16,30,59,24,18,18,24,21,38,35,21,26,19,46,30,16,35,22,19,30,32,13,14,21,15,56,7,13,21,73,24,19,27,29,12,35,24,35,19,12,35,23,21,44,50,25,24,20,34,34,35,85,46,18,27,24,34,15,41,28,28,24,35,18,34,44,24,23,19,31,40,25,37,26,34,36,23,19,60,21,16,19,12,10,35,24,55,32,24,31,21,19,16,20,10,19,11,17,18,27,20,18,23,42,35,20,15,8,4,13,9,24,26,21,19,20,24,27,103,16,45,20,23,37,21,27,18,21,17,13,13,21,22,21,21,24,22,16,22,34,20,22,18,39,20,14,6,87,21,17,34,13,15,20
39,91,37,33,38,28,0,40,43,32,36,27,42,34,36,35,31,35,38,29,32,31,36,43,37,46,50,28,36,25,37,38,35,36,61,36,37,31,43,36,50,37,34,56,22,36,36,34,38,37,32,28,32,48,25,37,37,28,39,39,34,28,35,36,35,66,29,43,26,39,37,36,22,35,27,31,28,35,58,32,38,22,37,36,30,39,36,43,38,29,27,37,37,35,36,47,34,60,38,30,38,41,37,34,63,67,36,44,43,34,23,39,37,32,29,46,30,37,41,37,24,36,33,35,38,36,133,31,52,44,35,38,48,20,39,32,36,29,33,34,38,26,24,33,22,42,36,41,39,31,42,19,30,41,27,56,25,26,26,39,30,38,30,36,35,37,31,39,33,53,34,43,30,33,44,31,39,50,40,38,40,40,38,23,38,38,58,37,35,20,45,44,35,111,36,33,40,45,26,32,17,36,25,46,42,41,43,38,47,21,31,34,24,20,29,36,39,30,28,34,58,18,38,35,89,25,33,20,43,32,22,38,39,34,30,37,40,43,46,46,39,37,36,27,30,42,86,45,29,28,23,27,32,40,35,21,37,22,36,25,34,36,34,36,33,37,26,41,39,21,19,37,41,61,14,35,35,36,29,24,34,56,21,37,39,35,38,36,35,39,36,38,38,35,19,35,34,34,45,31,38,27,31,36,21,36,34,39,34,32,35,36,33,116,38,16,39,36,20,31,18,32,34,29,34,38,36,33,36,31,34,42,36,37,26,37,35,39,43,37,31,20,94,36,36,36,36,26,38
34,104,44,32,35,35,40,0,38,31,30,45,20,27,20,30,43,30,34,31,34,31,31,37,26,40,46,23,29,27,35,34,29,34,70,31,35,22,23,31,51,29,26,51,31,29,34,33,33,33,34,31,36,47,38,21,33,30,46,33,34,37,49,31,28,72,24,33,32,31,25,31,30,30,36,34,37,30,58,33,36,20,32,31,36,28,31,48,33,32,33,31,32,30,31,19,30,52,34,25,33,38,33,33,74,54,33,37,50,34,30,39,33,29,35,43,31,33,41,32,30,28,47,28,32,33,138,17,54,49,30,36,47,33,34,39,33,21,36,36,31,25,31,36,36,24,31,31,34,31,34,21,32,35,26,57,32,21,28,25,30,33,31,28,32,30,39,31,34,45,32,53,36,24,21,44,31,56,32,25,30,47,32,38,34,42,67,23,31,27,24,46,33,93,31,26,34,55,25,14,28,31,18,43,38,35,38,33,49,31,30,43,28,22,36,31,25,32,32,32,59,31,29,32,75,25,31,24,28,24,37,33,42,30,31,40,28,33,46,53,38,33,34,40,38,34,88,46,29,33,32,25,32,39,34,29,33,37,27,38,40,31,37,32,37,40,24,43,45,38,30,38,33,60,31,32,32,23,29,38,38,57,34,25,39,31,33,31,32,29,23,31,33,30,24,35,34,35,41,13,36,30,27,33,35,32,23,34,30,36,32,32,34,116,32,46,36,31,27,30,31,34,28,32,27,34,29,35,29,30,29,32,24,37,41,31,33,27,47,34,39,29,95,26,28,38,28,28,29
38,99,47,40,38,35,43,38,0,36,35,49,33,39,41,42,40,31,40,34,40,28,38,46,35,37,45,37,33,31,39,41,37,38,72,38,41,34,47,37,55,39,27,59,38,37,40,37,37,28,41,35,38,60,47,40,33,33,47,38,37,41,54,39,43,70,37,44,40,41,38,40,30,39,34,39,34,38,72,38,39,31,40,39,46,39,30,50,41,37,41,38,32,40,38,43,41,63,38,35,39,33,28,41,71,76,40,63,50,38,26,26,38,40,39,43,34,42,51,39,41,33,41,38,39,40,136,32,57,54,38,42,56,34,36,46,36,23,38,41,41,37,38,38,31,34,36,41,38,39,39,28,44,35,40,61,44,38,40,30,39,40,41,35,32,37,51,37,36,63,39,54,37,41,52,38,40,57,40,36,35,47,41,40,41,39,77,35,33,38,38,34,39,110,35,34,41,67,33,39,30,33,37,44,40,35,40,40,53,35,39,41,43,40,47,32,33,38,41,37,63,40,36,40,92,33,37,41,34,35,40,38,46,33,32,44,39,44,40,54,39,38,38,44,46,43,92,49,35,36,36,30,44,33,38,39,38,40,25,40,39,33,30,39,41,40,27,41,33,42,33,34,37,63,41,33,40,38,40,40,39,49,35,36,42,41,38,34,32,33,34,41,36,37,37,41,39,39,45,34,35,33,33,35,34,30,38,46,40,36,40,41,45,109,39,48,39,42,48,43,39,40,40,39,37,35,42,41,34,37,37,38,36,42,40,37,40,33,47,41,41,32,87,35,35,41,38,38,40
23,91,40,30,23,12,32,31,36,0,22,40,34,21,35,32,36,17,18,13,25,36,22,31,21,35,41,16,13,17,22,18,20,22,64,18,16,32,45,20,42,20,14,49,27,11,24,18,24,14,14,38,15,60,37,45,11,22,46,25,16,37,43,18,30,64,15,18,34,23,21,18,23,8,35,34,34,23,66,16,21,18,20,19,29,31,30,50,19,21,20,21,13,12,22,42,21,52,22,24,24,36,22,16,66,72,21,59,45,19,25,24,24,22,17,47,19,31,43,19,25,12,37,19,21,20,141,16,52,42,22,18,59,30,23,41,21,20,22,24,17,26,31,20,28,30,18,26,25,19,23,26,26,24,30,53,16,20,27,13,24,24,35,20,21,33,47,18,12,59,29,42,33,40,51,37,20,46,23,22,22,51,21,24,21,33,73,19,22,14,41,44,23,109,20,21,37,62,30,24,29,22,26,37,31,24,18,24,37,31,14,40,22,35,43,33,19,13,19,21,54,21,16,18,89,26,20,34,30,21,39,29,35,12,15,36,30,18,43,38,24,24,15,23,30,41,86,48,26,29,29,41,14,43,18,29,23,39,26,31,38,22,35,18,38,42,34,34,43,43,40,26,24,56,27,20,21,21,30,37,25,57,27,18,30,18,24,12,21,13,11,15,22,22,26,21,23,18,46,31,24,10,20,18,28,12,20,20,25,24,21,29,13,114,15,34,19,18,41,32,30,13,16,21,18,23,32,19,12,19,25,21,20,23,38,21,23,13,40,21,22,23,91,20,29,25,18,27,21
16,98,44,31,12,17,36,30,35,22,0,46,32,19,44,22,39,21,14,12,15,35,11,33,7,36,41,3,10,18,13,15,7,19,69,12,16,30,43,13,45,11,2,49,22,4,16,16,14,14,15,31,23,56,32,39,15,19,50,17,14,37,43,11,23,67,2,26,33,12,6,13,25,16,36,37,35,4,66,9,12,31,12,13,25,23,27,48,14,17,16,10,23,23,13,42,12,62,14,27,13,41,19,14,72,74,10,57,44,14,36,23,13,9,15,42,10,30,43,12,18,9,36,13,14,9,140,8,54,47,13,27,53,25,13,48,23,24,15,13,11,25,29,16,26,28,11,16,14,18,27,25,13,12,27,54,21,23,33,13,24,14,35,18,12,28,43,14,9,55,20,49,35,36,48,45,14,52,13,9,9,46,14,28,27,32,71,13,15,21,35,42,13,105,12,12,39,59,26,27,35,11,20,39,35,12,22,13,44,33,10,45,25,32,44,37,15,15,12,15,55,21,4,18,90,26,11,30,35,17,36,34,43,9,3,38,23,26,42,50,18,13,18,35,31,43,88,44,22,32,32,42,24,37,26,33,13,36,15,35,41,11,36,13,43,46,36,38,35,42,37,27,13,57,36,17,11,14,28,35,30,56,36,19,30,13,13,9,12,11,11,22,5,15,30,14,17,18,48,35,22,10,22,7,26,9,28,28,9,21,11,33,21,108,15,45,10,15,43,33,33,14,10,17,10,16,23,10,10,18,22,14,14,20,34,10,10,14,38,13,25,23,91,19,26,31,9,24,15
46,102,40,49,46,44,27,45,49,40,46,0,44,44,42,44,45,36,41,41,43,41,44,48,46,48,53,42,43,43,44,40,46,44,71,43,46,36,46,41,45,42,44,52,48,45,45,42,45,39,45,47,42,59,46,38,37,30,33,48,47,40,46,43,47,72,42,38,49,38,45,42,34,45,45,47,45,46,65,41,44,30,46,44,42,47,36,51,39,45,46,42,28,29,42,45,43,55,34,46,45,41,43,41,73,75,46,52,45,42,31,37,47,44,40,50,42,48,42,44,46,45,49,47,45,42,148,42,55,54,43,49,53,42,45,32,48,44,45,42,38,48,34,49,15,38,36,49,45,47,40,40,41,46,43,60,41,27,46,41,40,45,44,46,46,49,45,42,40,67,43,48,44,39,45,30,43,34,45,44,44,39,42,42,46,49,65,42,45,41,43,38,43,113,45,44,49,60,47,42,40,43,45,48,46,46,37,45,57,47,45,43,44,34,37,37,28,41,36,43,60,35,46,48,87,46,45,40,49,46,36,41,41,40,44,43,46,38,55,48,48,47,45,24,49,37,85,56,31,45,44,49,45,57,47,47,47,36,44,29,39,43,41,42,35,30,47,52,51,46,41,44,46,45,14,41,43,46,29,29,43,54,19,44,42,39,45,40,46,43,44,41,43,33,43,35,35,39,50,39,44,43,42,40,32,41,38,47,48,41,43,42,38,107,36,34,44,45,40,30,18,39,48,44,46,47,45,44,41,45,44,47,45,47,42,45,45,41,54,42,47,38,86,47,44,45,43,43,45
35,102,30,30,34,25,42,20,33,34,32,44,0,35,39,21,34,28,32,24,34,28,33,42,32,46,46,31,30,31,33,36,31,30,69,30,36,27,41,29,53,30,29,44,31,30,34,31,32,32,29,36,34,61,38,45,30,29,40,33,34,38,40,30,35,72,31,35,34,33,31,31,32,30,32,29,31,26,68,32,32,34,31,31,37,39,28,54,32,30,30,32,34,34,32,28,32,63,35,27,32,29,33,32,71,77,31,57,48,34,25,36,33,32,33,53,28,31,40,31,35,31,45,32,30,31,136,30,54,48,30,37,53,33,35,49,37,20,35,34,32,35,33,35,36,30,34,36,33,33,35,32,33,35,28,56,28,28,26,28,33,32,37,33,33,37,49,33,29,60,24,53,33,35,45,40,33,50,32,30,33,46,29,33,35,36,61,31,34,32,35,44,32,103,29,33,39,58,33,34,35,34,29,41,39,35,38,32,56,31,34,37,36,32,48,45,33,36,29,26,60,28,32,31,83,31,33,35,41,28,33,31,42,30,32,36,37,35,48,52,38,33,35,37,30,37,92,45,33,37,31,39,36,37,36,33,33,33,33,39,43,34,28,31,46,43,32,45,41,42,38,18,33,56,36,30,31,30,33,39,34,57,38,35,42,33,32,27,33,30,32,33,28,28,31,38,35,32,45,24,29,26,31,29,30,33,27,35,34,31,33,29,36,107,33,45,33,35,41,33,26,33,31,30,28,37,22,33,33,33,28,36,31,35,43,33,33,28,45,30,37,28,93,31,26,30,30,26,32
23,95,40,27,19,11,34,27,39,21,19,44,35,0,31,24,39,14,21,19,24,35,26,26,16,41,46,15,7,22,21,17,15,16,63,23,26,35,42,7,41,24,22,38,14,18,18,7,25,6,23,33,26,45,17,44,7,23,44,27,20,40,45,23,11,63,15,13,26,22,16,24,18,21,34,35,34,15,53,6,21,27,21,23,28,14,32,52,25,6,23,24,8,8,23,42,24,61,21,29,25,39,11,18,63,67,25,47,47,8,16,23,26,22,3,45,16,36,44,24,13,23,35,17,22,25,138,11,54,54,24,26,60,24,25,29,22,27,21,25,11,29,26,18,32,32,13,12,25,4,24,18,14,24,14,59,25,11,30,9,22,25,33,9,23,24,42,17,7,51,9,53,32,39,34,42,18,53,24,17,13,49,25,18,26,36,67,4,23,6,25,38,22,108,11,15,38,58,27,30,32,25,23,41,37,24,25,25,43,26,6,41,26,32,39,31,20,19,17,7,49,20,17,16,90,30,16,28,36,5,33,33,42,10,20,42,24,13,47,47,25,26,17,36,25,22,92,41,24,20,22,32,20,31,15,35,26,33,10,40,28,25,15,23,38,42,30,40,39,43,38,26,25,61,29,11,22,18,10,38,27,60,37,23,31,21,25,9,23,9,9,23,18,22,28,18,19,25,47,24,24,6,17,13,25,10,30,30,10,13,23,31,20,111,20,40,10,17,39,26,17,24,15,23,20,13,24,8,9,21,17,19,17,23,35,25,24,6,37,24,16,18,93,1,22,34,20,28,23
44,105,44,39,43,44,36,20,41,35,44,42,39,31,0,19,36,39,42,42,46,36,45,44,34,50,46,40,34,42,44,41,36,38,63,44,40,41,38,44,49,42,41,47,40,41,44,36,44,30,42,45,48,50,40,19,36,42,47,47,41,44,48,43,37,61,40,40,36,45,34,45,41,47,45,35,45,46,55,35,41,31,43,40,41,40,41,46,43,37,43,44,40,40,45,23,42,42,45,27,43,36,37,43,61,48,44,33,40,40,23,47,46,42,34,51,38,40,43,43,35,43,45,43,43,43,138,40,49,50,43,46,53,40,45,30,44,40,46,47,43,43,42,42,39,26,42,46,43,41,44,32,39,44,38,55,33,42,42,35,41,44,37,38,44,45,42,41,37,46,36,58,31,43,34,27,43,54,43,36,42,47,44,40,42,48,46,42,42,29,18,42,42,91,40,37,41,37,42,25,34,43,36,46,48,44,50,44,46,35,35,32,28,37,36,37,43,38,44,41,56,25,38,39,77,43,32,39,41,33,28,44,36,43,41,39,35,40,50,45,44,46,37,39,36,38,92,44,39,44,30,35,45,40,32,31,46,28,29,46,39,43,39,44,33,36,47,43,48,20,32,33,43,62,24,44,41,44,44,45,46,55,34,46,49,46,44,46,44,41,36,38,39,46,26,45,45,47,46,36,45,36,41,43,29,39,34,49,41,39,43,39,53,108,41,35,44,44,35,44,26,44,44,41,39,34,20,37,44,46,38,45,37,48,33,44,45,35,46,44,32,30,85,29,43,52,35,45,43
29,104,38,35,28,20,35,30,42,32,22,44,21,24,19,0,42,28,28,22,27,38,30,33,28,41,47,22,21,24,28,31,26,27,66,26,30,34,19,23,51,25,23,54,23,23,27,24,28,28,31,28,31,51,34,33,26,22,44,30,31,42,49,28,31,67,21,32,28,26,26,28,28,28,38,38,38,26,62,29,27,22,27,29,30,31,23,47,27,27,28,26,30,29,27,39,26,61,28,29,28,28,25,29,74,66,26,47,49,29,26,29,30,24,25,42,28,34,42,28,19,27,43,26,27,25,132,16,51,52,27,33,41,33,28,44,30,23,28,29,24,19,23,30,26,35,30,28,29,23,33,16,18,27,30,56,28,27,22,24,28,28,38,20,26,26,34,26,23,39,28,51,25,16,28,43,29,53,27,25,25,46,29,25,23,39,66,24,25,27,29,44,25,94,23,30,35,49,28,10,26,25,22,43,39,27,34,28,51,27,31,38,28,27,49,30,23,28,27,19,58,21,24,31,64,23,28,33,36,29,37,32,38,24,24,38,25,32,47,46,35,30,27,40,36,44,95,44,27,30,27,36,29,41,29,27,30,37,26,40,42,25,35,27,35,45,31,36,36,17,34,28,26,59,33,26,26,25,34,40,33,54,42,25,36,26,28,22,26,24,27,29,23,27,17,30,28,26,37,27,20,25,23,24,26,22,32,29,29,24,26,28,29,107,27,40,27,27,35,28,25,30,25,28,24,29,1,33,23,24,17,29,26,31,38,26,25,28,47,27,21,28,90,24,17,29,22,24,28
42,100,41,43,37,33,31,43,40,36,39,45,34,39,36,42,0,38,41,29,41,42,35,40,41,40,41,34,26,35,37,38,35,34,65,37,35,43,47,38,49,42,31,33,41,33,38,37,39,37,35,33,40,59,46,47,30,37,44,41,36,42,48,36,45,68,33,34,43,40,39,40,31,33,5,2,4,38,50,38,41,30,37,37,40,36,35,46,37,41,40,35,39,34,38,37,38,62,41,22,37,34,27,36,70,79,39,59,41,37,35,43,38,35,35,32,22,34,32,36,36,35,43,37,39,38,149,35,46,44,36,40,55,28,31,44,45,31,38,32,37,12,38,43,35,18,33,43,35,35,44,28,40,35,46,60,39,37,9,40,37,39,39,41,36,39,39,41,31,59,37,51,38,38,47,30,40,60,35,41,42,46,37,33,36,25,74,35,37,37,35,47,42,105,41,32,36,63,13,28,34,39,36,37,40,35,48,34,48,10,34,7,43,31,49,38,33,39,38,37,62,23,38,40,78,13,39,33,37,36,17,34,14,37,34,15,43,34,39,50,43,38,39,35,29,40,95,40,34,32,16,32,43,40,37,12,37,17,38,37,42,39,46,38,8,42,29,44,25,27,39,45,34,63,32,37,34,36,43,38,42,51,35,38,41,36,38,31,36,38,32,39,35,43,16,46,42,37,33,35,44,38,36,31,40,39,41,47,36,33,36,36,48,118,40,40,39,44,43,40,37,39,35,35,34,42,39,41,41,35,39,32,36,41,45,35,39,37,44,36,37,36,93,43,37,42,38,15,39
27,92,43,34,27,12,35,30,31,17,21,36,28,14,39,28,38,0,23,22,24,31,26,32,22,40,43,21,24,20,24,24,19,22,64,24,22,26,46,22,42,23,23,46,17,26,25,22,28,10,24,31,23,51,32,40,18,21,24,27,30,34,44,24,14,63,20,22,32,25,19,23,11,23,31,33,31,25,63,12,22,13,24,24,26,25,23,50,23,12,25,23,13,17,24,39,23,51,23,24,28,39,11,25,66,69,25,56,44,22,20,15,29,24,17,47,20,31,44,27,19,25,41,24,23,23,139,16,56,42,23,25,49,28,24,47,24,23,24,29,20,25,28,24,13,29,19,20,29,14,25,16,14,27,15,52,23,17,28,15,28,28,34,24,25,29,38,27,20,57,27,49,29,36,47,25,24,43,25,20,19,41,24,23,23,37,70,10,27,11,36,36,25,108,18,20,30,64,29,23,11,29,21,37,38,27,17,28,47,39,21,31,28,31,38,34,8,21,22,22,59,18,19,25,89,30,13,22,33,13,34,21,40,23,24,38,19,22,46,37,27,29,21,32,30,20,83,46,24,13,25,37,21,43,20,39,29,34,23,36,41,29,16,23,37,38,31,40,39,42,31,31,27,54,30,13,26,23,11,36,21,55,25,24,25,23,28,15,25,11,10,26,22,27,26,26,23,22,36,31,25,9,19,23,20,25,21,31,22,22,25,32,28,104,22,40,22,24,39,19,23,19,23,24,23,17,31,14,23,22,20,29,23,30,32,26,25,11,43,24,20,12,91,17,22,29,26,26,28
14,93,42,31,9,19,38,34,40,18,14,41,32,21,42,28,41,23,0,19,13,40,11,29,8,39,42,10,19,20,7,6,14,16,69,11,20,32,44,19,35,11,11,42,25,14,9,15,11,20,9,38,24,52,32,41,22,29,45,17,14,34,45,11,29,69,11,25,34,12,9,9,23,16,35,37,35,12,64,20,7,29,8,11,26,29,26,51,13,18,3,7,17,17,8,40,11,61,9,29,11,45,24,8,71,78,12,55,48,15,24,26,12,9,20,47,23,32,45,12,24,10,36,7,11,12,135,18,56,46,8,25,62,29,12,42,18,26,9,13,16,30,32,8,35,34,19,21,12,18,21,29,20,13,25,52,24,25,33,20,22,11,35,21,14,27,43,10,20,59,21,44,37,36,45,43,8,49,13,18,11,47,14,29,32,36,70,17,11,19,38,46,15,108,17,12,39,56,29,24,28,11,27,37,34,13,20,11,46,29,17,44,26,30,46,35,24,19,15,15,47,28,10,14,91,29,20,24,30,19,35,31,41,18,12,41,31,25,42,43,21,12,18,33,30,32,96,40,33,29,30,39,24,43,23,29,12,35,21,32,37,11,26,9,41,40,33,35,39,44,35,23,13,55,34,22,11,13,27,31,16,54,38,21,19,11,11,18,14,18,19,16,11,13,27,11,7,12,41,34,24,18,22,17,28,18,27,26,18,28,14,34,20,101,16,39,16,13,44,33,31,10,13,11,15,22,26,24,18,21,22,11,13,16,35,9,12,21,34,11,26,21,86,19,29,29,17,29,13
21,92,36,28,18,5,29,31,34,13,12,41,24,19,42,22,29,22,19,0,18,36,14,32,16,40,40,6,8,8,16,21,6,20,66,16,14,26,42,14,41,16,4,47,20,5,19,17,16,13,18,29,18,58,29,45,18,14,41,16,16,33,44,16,29,70,5,22,31,18,12,15,14,14,26,27,25,17,63,17,17,15,15,17,22,25,20,40,15,14,21,13,18,16,14,28,16,59,17,15,16,31,16,21,71,75,17,50,36,18,31,13,16,16,13,40,4,28,46,17,19,11,39,17,16,16,141,6,49,45,14,24,52,19,17,43,19,13,15,16,7,26,35,21,23,17,9,17,17,15,20,18,15,16,25,56,20,21,32,14,18,16,34,18,17,28,37,19,11,48,19,47,31,35,49,42,20,46,16,15,18,46,18,14,27,28,65,14,14,16,33,41,19,106,17,15,36,58,27,26,30,16,17,35,36,16,23,16,49,31,14,31,27,35,47,30,12,18,19,13,55,22,6,17,84,27,12,27,37,21,40,30,40,7,5,39,23,22,42,46,20,16,16,34,32,39,89,44,24,31,29,28,19,38,21,31,15,40,15,34,41,16,34,17,32,41,22,33,34,36,33,27,14,56,33,19,17,7,26,34,22,54,34,27,27,16,16,9,17,10,12,19,18,14,25,19,18,22,38,32,24,11,10,3,18,19,23,21,17,27,17,22,23,108,15,44,16,20,43,32,27,18,17,18,16,17,23,10,11,16,25,18,17,18,25,13,16,15,40,16,17,9,93,21,24,29,7,23,18
13,99,41,34,12,20,32,34,40,25,15,43,34,24,46,27,41,24,13,18,0,41,11,31,14,42,46,17,19,24,10,12,17,21,72,10,23,31,48,17,47,8,18,46,28,19,11,18,13,19,6,37,25,59,38,44,27,26,47,14,20,38,43,10,27,70,17,23,26,12,15,11,28,19,37,38,38,10,66,26,8,24,10,11,20,25,30,51,10,25,7,9,17,16,7,42,11,60,11,33,13,40,21,8,72,78,10,57,47,17,35,26,12,9,22,48,20,32,48,11,28,18,42,15,10,10,137,21,57,54,9,26,60,34,11,44,18,24,6,16,17,34,32,7,29,30,20,20,12,25,16,30,26,13,35,55,14,30,36,16,23,13,36,21,11,37,50,13,17,61,26,52,37,41,51,44,3,51,12,19,18,46,12,27,30,29,68,17,10,23,39,45,7,109,16,14,41,61,34,32,32,10,26,35,37,13,22,13,50,36,21,45,22,34,46,37,23,19,10,14,55,30,16,20,93,33,17,26,34,24,42,35,38,18,18,36,29,23,46,47,21,12,22,36,36,36,94,39,25,27,34,39,19,43,26,39,12,42,28,37,45,10,35,10,44,37,34,40,40,45,37,31,11,56,32,25,11,13,34,37,26,59,38,19,27,7,13,17,11,20,18,23,11,9,32,13,9,11,49,37,25,20,26,11,27,20,35,18,13,32,7,25,15,108,18,47,16,14,43,35,29,6,20,13,16,23,28,28,17,22,27,16,15,18,32,8,10,20,33,10,27,19,91,24,21,23,20,27,11
41,97,27,22,42,38,31,31,28,36,35,41,28,35,36,38,42,31,40,36,41,0,37,47,35,43,45,34,37,37,40,38,38,38,72,37,40,30,49,38,49,40,36,37,37,35,38,40,41,33,35,34,39,52,43,33,38,33,37,42,35,40,41,40,35,56,35,39,42,37,36,39,32,38,33,36,34,39,60,41,38,31,38,39,37,40,32,54,40,31,39,39,36,33,39,32,39,63,35,26,41,27,30,37,60,75,38,54,55,36,40,37,42,39,39,48,37,37,50,41,35,36,44,39,40,38,141,35,56,42,38,44,60,36,42,33,37,31,42,40,35,30,43,36,34,28,32,41,43,36,39,38,39,42,43,47,35,36,35,34,38,42,7,31,40,26,33,37,38,56,39,58,38,28,39,37,37,54,41,36,35,50,40,42,30,31,70,36,38,26,43,46,36,107,42,40,32,60,30,33,37,41,31,37,40,42,42,42,52,35,38,36,43,40,43,34,32,29,36,42,64,31,39,38,88,31,39,36,34,31,39,35,38,35,37,39,38,39,44,54,41,42,41,39,37,36,99,42,36,33,30,38,32,10,23,38,43,39,30,41,10,41,25,39,37,45,35,44,44,42,38,31,42,61,39,37,41,41,34,40,47,52,41,37,38,36,41,38,40,32,38,36,36,34,33,39,37,35,49,5,34,33,33,40,38,39,42,35,37,39,41,46,41,113,35,41,39,38,43,33,39,34,34,40,38,38,36,38,35,40,29,42,40,43,38,41,39,37,45,39,36,39,95,36,39,38,36,37,42
12,93,41,32,6,24,36,31,38,22,11,44,33,26,45,30,35,26,11,14,11,37,0,30,14,32,37,13,17,22,5,14,11,20,71,9,24,33,44,16,45,6,15,50,27,17,11,13,11,17,12,39,24,61,37,44,22,25,48,7,15,37,47,8,33,68,13,21,36,15,13,8,24,18,34,39,34,11,64,24,11,28,6,8,24,32,29,54,9,21,10,5,23,26,12,40,5,59,8,30,9,42,24,13,70,78,4,58,49,14,35,24,4,3,22,48,20,27,47,10,27,14,34,9,8,6,140,20,57,49,8,15,57,33,3,46,21,26,7,8,18,32,35,13,32,26,19,21,7,21,24,30,28,4,22,54,25,28,34,16,25,11,36,12,10,33,47,14,19,58,27,47,36,39,52,45,9,48,9,17,17,47,11,29,30,41,72,19,7,24,42,48,10,107,19,12,38,65,32,32,34,6,34,35,29,4,21,8,41,34,21,45,25,36,48,36,23,15,14,16,54,30,13,21,92,32,23,30,29,21,34,34,43,17,15,41,23,21,37,50,15,4,22,31,37,36,93,38,32,30,27,40,17,43,23,36,3,34,26,33,43,6,35,10,43,37,33,43,38,44,37,25,5,53,36,24,9,11,33,33,30,57,40,20,28,8,10,17,10,13,21,21,11,12,25,15,12,10,47,36,27,18,27,22,33,17,34,24,18,28,8,31,20,102,19,45,9,16,41,34,33,15,24,8,18,12,27,28,19,22,30,10,11,12,40,4,3,17,31,8,24,23,90,24,27,30,17,27,10
26,96,46,39,25,30,43,37,46,31,33,48,42,26,44,33,40,32,29,32,31,47,30,0,30,41,46,32,33,31,28,29,32,34,74,27,32,38,49,31,36,29,33,55,27,33,23,33,28,33,29,40,28,56,37,46,32,31,47,30,21,37,52,27,27,67,32,30,36,30,30,28,27,30,44,41,45,31,66,28,28,34,28,26,29,29,32,55,29,27,29,28,31,28,27,48,29,66,28,35,28,45,24,29,73,72,29,54,55,33,39,36,30,29,24,53,28,42,52,27,30,33,40,29,27,29,138,31,55,58,28,28,62,32,30,48,31,32,30,31,30,37,38,30,38,39,29,28,29,26,24,32,26,29,33,61,31,31,45,33,26,28,40,31,28,32,49,32,32,62,27,57,43,46,46,53,29,53,28,33,31,56,29,35,38,42,72,30,28,30,42,48,28,115,31,31,46,63,36,39,34,30,31,47,45,29,28,28,52,39,30,50,30,35,49,39,30,28,30,33,58,29,33,30,92,39,35,36,30,29,42,37,52,34,33,50,34,30,50,48,28,30,31,38,35,41,99,47,36,34,35,40,32,45,23,39,30,42,28,36,41,30,35,27,45,43,40,39,48,47,40,32,29,65,36,34,27,32,31,35,21,68,44,27,28,25,28,30,28,32,29,27,31,32,38,28,27,29,54,39,34,30,27,32,33,33,39,30,29,27,28,38,30,117,29,46,33,25,47,38,36,29,29,31,33,33,35,31,33,33,26,23,32,32,42,29,29,34,46,28,26,33,99,28,34,37,33,31,28
15,100,42,30,13,19,37,26,35,21,7,46,32,16,34,28,41,22,8,16,14,35,14,30,0,41,46,9,9,23,10,9,10,15,71,13,19,31,44,12,45,11,7,47,22,8,11,13,15,14,10,35,20,49,35,31,24,27,47,15,15,38,46,13,29,64,10,23,24,11,1,12,30,20,39,37,39,15,64,19,10,25,9,12,19,18,28,51,13,18,11,11,20,20,13,40,12,59,9,26,15,42,19,14,68,75,12,51,51,13,33,23,16,13,17,43,18,35,47,14,18,10,34,11,13,12,139,19,56,53,11,24,59,26,13,47,20,27,12,14,16,31,31,12,31,34,19,20,16,15,17,25,19,14,25,55,24,28,33,15,25,15,34,19,14,27,45,13,16,59,22,50,29,37,45,46,10,45,16,19,18,48,11,23,25,39,70,16,10,20,34,48,15,107,17,11,32,61,29,33,30,13,29,41,37,14,25,15,42,32,10,43,30,36,48,36,24,16,18,13,55,27,11,18,93,29,16,32,31,15,39,33,39,17,10,39,27,23,45,50,23,16,21,32,30,39,90,44,29,34,33,42,24,40,15,32,16,39,18,37,42,13,34,12,42,43,33,41,37,41,33,25,16,58,34,20,13,11,32,37,28,55,35,22,30,13,15,17,14,17,19,22,8,16,29,15,14,9,47,36,24,18,22,19,30,16,29,24,10,25,14,33,24,108,15,46,13,14,41,33,35,7,20,14,16,19,26,22,17,16,24,16,11,18,40,13,14,15,40,14,25,17,92,16,26,34,17,26,12
40,104,47,42,38,41,46,40,37,35,36,48,46,41,50,41,40,40,39,40,42,43,32,41,41,0,20,39,32,36,39,38,38,37,72,37,36,36,50,36,49,35,38,57,37,36,40,34,39,39,40,45,39,65,32,52,38,37,48,38,38,41,57,36,41,70,39,43,47,38,37,38,37,38,34,37,34,38,73,41,40,37,40,39,40,44,40,63,38,40,39,37,38,38,39,48,39,67,43,41,37,48,43,38,70,85,38,67,53,39,41,39,36,37,39,55,40,31,49,36,42,35,15,42,39,36,150,42,61,61,37,26,64,37,29,52,34,43,40,29,41,43,41,38,45,39,40,41,37,37,42,36,42,34,38,59,36,33,39,36,38,39,41,35,36,39,52,33,39,70,41,55,38,44,53,51,37,54,36,37,37,58,39,44,42,43,77,38,37,38,45,53,39,109,38,37,40,69,45,40,41,36,40,11,11,34,46,36,36,42,39,47,41,46,54,45,36,40,40,38,60,38,38,37,101,46,41,40,43,40,37,39,48,37,40,44,39,43,8,51,37,36,32,34,35,50,96,22,45,43,42,47,43,46,36,45,36,37,40,43,44,36,40,38,50,45,42,47,48,50,48,42,34,64,44,39,35,38,46,43,45,60,49,38,40,35,38,38,36,35,36,42,38,38,42,41,40,37,51,41,36,43,41,37,38,33,37,46,43,42,34,41,39,108,39,50,33,41,49,42,45,36,35,36,39,39,43,42,36,38,39,32,37,29,49,32,31,37,10,40,34,41,98,42,40,38,35,43,41
43,109,46,43,42,42,50,46,45,41,41,53,46,46,46,47,41,43,42,40,46,45,37,46,46,20,0,44,43,40,43,44,44,45,74,42,34,49,55,43,51,43,44,54,45,40,43,42,44,43,46,44,42,64,41,41,41,44,51,45,45,40,51,42,49,64,44,48,48,44,42,42,44,40,35,37,35,42,77,46,44,43,42,41,45,46,44,58,42,43,40,41,39,38,43,49,42,64,46,42,42,52,41,43,71,83,44,69,53,39,49,32,42,43,47,59,40,41,56,42,45,43,20,44,42,44,149,46,58,55,41,27,65,45,35,51,45,46,45,35,46,43,48,45,48,45,45,48,40,46,46,37,48,42,37,61,41,46,34,44,42,44,45,42,43,42,57,41,45,69,46,60,46,49,56,51,42,54,42,45,43,58,42,41,45,43,79,45,39,45,47,53,44,114,46,42,34,73,47,44,40,41,45,8,16,42,50,42,34,41,45,50,39,41,56,40,46,43,47,45,60,44,39,45,102,46,46,39,45,42,44,43,46,43,44,47,43,48,12,60,39,42,46,43,40,46,99,18,43,46,48,48,42,45,38,47,42,44,44,50,49,41,51,42,47,51,46,41,50,43,48,42,42,57,43,43,41,43,49,50,42,66,39,45,39,43,43,45,43,44,44,46,42,46,44,47,45,41,54,41,42,46,48,41,48,42,48,48,48,44,42,43,50,110,44,50,43,44,47,51,44,46,44,44,44,40,45,47,46,45,43,36,40,41,50,43,42,44,24,42,37,43,93,47,43,42,43,47,44
16,101,34,26,16,13,28,23,37,16,3,42,31,15,40,22,34,21,10,6,17,34,13,32,9,39,44,0,8,13,15,16,6,12,67,16,17,36,40,5,42,14,2,46,17,3,15,6,16,14,13,30,21,52,28,37,14,17,45,18,15,33,44,16,25,67,1,25,27,11,6,14,21,17,34,32,35,13,59,8,11,20,9,14,21,19,24,47,12,8,15,14,20,17,12,35,14,59,14,21,16,38,17,14,70,71,15,51,43,6,36,20,16,15,7,45,9,31,43,15,17,7,34,14,16,14,141,7,50,47,12,21,52,25,16,44,24,25,16,19,10,29,30,16,33,25,15,23,17,13,26,19,20,16,16,54,21,26,27,18,23,16,34,16,17,28,48,12,8,51,15,48,27,30,43,46,12,50,17,12,11,48,15,16,23,32,69,11,12,13,39,44,12,105,14,9,34,59,28,26,27,16,20,37,35,16,24,16,38,28,5,40,29,34,42,35,16,17,13,6,53,21,7,17,90,28,12,26,32,8,38,32,31,9,1,36,28,25,42,50,22,16,20,34,25,39,90,43,27,28,28,37,20,34,11,28,16,38,17,37,38,16,27,13,36,46,32,41,36,40,35,30,17,56,34,20,13,3,23,37,28,45,39,22,30,13,16,12,17,18,14,17,10,18,30,16,16,16,43,30,21,14,18,7,31,9,28,26,10,20,17,33,23,112,13,42,6,16,39,33,28,16,7,15,9,8,25,10,13,15,19,16,3,18,31,15,15,10,39,13,13,17,90,15,22,31,16,26,13
21,97,35,27,12,6,36,29,33,13,10,43,30,7,34,21,26,24,19,8,19,37,17,33,9,32,43,8,0,15,14,17,10,17,65,16,14,26,44,15,42,16,8,43,13,7,17,17,18,21,17,30,21,50,24,38,15,11,50,22,18,36,48,15,23,64,9,21,28,19,16,17,13,12,26,27,27,21,59,13,14,13,14,17,16,23,22,41,18,13,15,12,19,19,14,37,19,61,20,23,17,35,10,14,66,72,15,46,40,15,24,16,17,13,12,45,6,28,37,16,18,13,34,17,17,15,140,10,49,47,15,22,53,26,20,43,23,15,22,19,5,27,35,15,24,23,9,20,18,11,17,16,22,16,20,53,20,23,26,14,20,18,35,21,19,31,41,17,10,49,23,49,31,39,41,43,16,49,17,10,13,50,19,16,27,29,62,14,18,19,38,43,13,104,14,11,35,57,24,16,26,13,18,36,34,16,23,17,47,27,10,43,22,29,40,24,17,16,11,16,55,12,10,18,86,24,11,29,36,13,40,31,41,16,9,39,23,21,43,50,23,17,16,26,30,35,95,40,25,28,26,27,17,38,14,27,17,40,11,34,36,13,29,19,31,45,34,37,32,37,29,26,17,56,29,19,14,11,23,34,27,57,34,20,31,14,17,10,19,17,7,20,16,18,26,21,17,19,45,33,20,8,15,5,29,15,27,25,15,22,18,30,21,110,16,45,17,20,36,34,29,20,15,13,15,11,26,14,14,18,24,15,11,20,29,16,17,16,37,18,16,10,87,7,22,32,7,22,17
27,100,37,26,24,11,25,27,31,17,18,43,31,22,42,24,35,20,20,8,24,37,22,31,23,36,40,13,15,0,25,27,12,20,70,24,29,25,46,22,46,27,11,49,23,20,24,17,24,14,25,32,27,55,29,45,17,19,40,23,22,38,43,22,30,63,12,30,31,24,22,23,17,23,32,33,33,24,65,24,26,10,21,25,18,21,24,43,24,27,21,22,9,10,25,38,23,61,25,24,24,33,17,21,67,73,22,52,37,15,17,18,25,22,17,39,10,33,39,25,20,16,41,22,21,23,142,11,51,49,21,24,46,22,26,40,25,22,27,27,18,23,19,25,22,17,13,29,25,16,28,17,15,24,27,54,27,20,30,11,20,24,32,14,23,31,39,26,21,55,29,51,32,38,43,34,27,46,24,11,22,50,25,19,23,35,74,16,21,13,35,44,24,107,20,19,37,62,24,25,23,24,18,36,35,24,24,24,49,34,12,44,29,29,48,21,14,25,25,22,56,26,21,25,89,30,16,24,38,25,35,33,41,20,10,40,22,30,42,53,26,25,21,36,28,23,93,42,28,24,27,28,28,37,17,37,26,35,11,37,37,24,27,22,38,46,28,36,33,31,36,28,25,55,38,21,23,17,27,37,25,59,34,27,32,26,24,11,23,16,11,26,24,27,24,27,23,24,43,25,20,18,13,11,29,10,24,26,26,25,23,33,24,103,23,43,19,24,40,27,22,26,14,24,11,27,23,17,11,15,25,26,16,28,23,22,23,18,43,24,18,18,91,13,23,34,23,20,21
11,98,38,30,7,19,37,35,39,22,13,44,33,21,44,28,37,24,7,16,10,40,5,28,10,39,43,15,14,25,0,9,15,18,71,8,20,31,44,12,40,8,14,47,26,15,6,17,8,18,10,36,20,54,36,42,19,27,46,11,14,34,46,8,28,66,12,20,33,11,8,7,28,22,38,36,38,11,63,21,8,24,4,7,29,27,27,51,3,24,12,4,19,18,6,42,1,62,9,26,8,40,21,9,70,78,6,53,52,14,32,25,13,3,19,48,17,29,46,9,25,13,38,8,9,6,139,16,50,49,4,22,59,29,6,45,20,27,8,13,17,31,32,13,31,32,18,23,7,22,18,29,21,7,31,56,24,26,35,19,25,8,38,20,5,30,44,17,16,62,27,49,33,40,48,43,9,49,8,21,14,46,7,26,29,38,71,16,4,23,39,45,12,109,20,10,33,60,31,30,34,7,33,40,36,7,22,8,46,34,15,44,29,35,44,36,20,24,16,17,55,25,12,19,93,32,25,33,29,20,35,32,43,19,16,41,29,20,43,46,19,13,21,35,31,34,89,42,31,30,30,40,25,46,22,37,13,35,25,34,40,7,32,6,37,40,35,37,39,45,38,26,6,59,33,20,6,14,30,34,28,58,39,24,29,10,8,16,5,19,14,19,11,18,29,14,8,6,46,34,28,18,24,18,33,16,30,24,19,26,5,35,22,108,18,44,18,11,41,28,31,10,18,12,17,19,29,26,16,21,28,12,12,15,38,3,4,18,38,4,24,24,90,23,27,34,19,31,10
15,94,42,33,10,17,38,34,41,18,15,40,36,17,41,31,38,24,6,21,12,38,14,29,9,38,44,16,17,27,9,0,15,18,68,10,18,31,45,15,41,12,14,46,24,16,10,16,14,17,9,40,23,54,36,43,23,27,49,13,16,37,45,12,26,67,16,16,25,10,14,10,25,19,39,36,39,12,67,19,8,28,9,11,19,25,31,46,4,19,8,11,14,15,9,42,11,63,6,33,14,41,23,4,71,72,13,53,50,17,33,28,18,13,18,46,26,35,48,13,23,14,34,12,12,13,135,13,54,53,9,21,60,30,12,44,18,28,11,15,18,34,32,8,34,36,22,24,13,22,19,26,22,17,33,57,21,31,37,21,24,14,38,23,12,26,40,12,15,63,26,50,34,42,45,45,2,44,13,21,13,45,9,31,28,28,69,17,11,24,39,43,11,107,21,14,38,56,31,30,27,13,28,37,37,17,18,12,42,36,19,46,26,30,45,32,19,12,17,14,52,29,20,17,94,33,24,33,35,21,42,30,44,19,15,42,31,16,43,48,21,18,21,27,20,38,93,41,29,29,33,40,16,40,22,36,18,42,19,25,38,13,34,10,38,41,34,32,43,46,38,26,15,60,37,22,11,14,33,25,23,59,35,24,28,5,12,19,12,21,17,12,12,9,31,11,7,10,47,36,26,21,19,20,33,17,34,22,16,23,10,35,25,109,10,48,17,8,42,30,29,4,10,12,18,17,29,23,17,22,20,13,13,21,35,12,13,17,39,8,25,24,92,23,29,29,21,28,14
15,99,41,28,13,16,35,29,37,20,7,46,31,15,36,26,35,19,14,6,17,38,11,32,10,38,44,6,10,12,15,15,0,16,68,14,23,31,44,11,44,11,10,43,24,8,14,9,15,11,12,35,24,57,34,40,19,25,47,15,18,34,44,14,24,70,8,24,29,14,8,13,24,16,35,37,35,11,61,17,15,22,10,14,22,25,26,46,12,17,16,11,16,20,14,36,13,60,12,21,15,40,18,11,72,74,12,52,46,9,34,23,15,13,14,44,17,33,41,15,13,12,39,14,14,12,142,8,52,51,10,21,53,25,14,48,22,22,14,15,11,29,24,15,26,30,12,16,15,14,26,21,17,15,23,51,20,21,33,15,26,15,34,13,15,28,39,17,13,53,20,50,31,36,48,41,14,50,14,13,12,45,11,18,27,32,70,9,16,21,42,46,10,108,11,7,33,62,30,27,30,16,24,37,33,15,26,15,42,34,13,41,30,30,45,29,17,20,14,11,58,17,3,17,89,30,17,28,36,17,34,32,35,10,8,38,27,24,40,50,21,15,18,33,30,40,90,43,26,28,30,38,24,40,26,34,15,34,19,36,41,16,32,13,41,46,27,41,37,41,37,23,15,55,33,20,15,9,31,36,28,53,38,19,30,12,14,13,15,15,19,19,10,14,20,15,16,13,44,30,22,16,18,7,26,8,30,27,12,16,15,33,22,111,15,44,13,20,41,32,28,13,17,12,9,15,26,12,8,12,26,15,13,18,36,13,15,9,37,12,23,19,91,21,30,30,13,26,15
20,98,40,34,20,22,36,34,38,22,19,44,30,16,38,27,34,22,16,20,21,38,20,34,15,37,45,12,17,20,18,18,16,0,69,19,21,28,42,15,48,17,12,51,26,16,18,17,20,16,17,33,24,58,32,36,24,20,43,20,16,37,46,19,27,69,11,24,32,16,14,17,29,20,31,35,31,12,66,22,17,24,16,17,26,27,31,42,17,16,16,18,9,9,18,42,16,62,19,29,20,42,23,15,71,77,18,55,48,17,30,14,19,18,9,43,22,34,47,19,18,15,39,17,18,18,142,10,51,51,16,23,59,29,20,45,24,29,17,20,17,29,34,20,33,34,20,24,20,20,25,26,20,20,28,56,23,24,35,16,25,20,35,19,20,28,44,18,13,62,16,50,34,38,44,40,17,48,19,12,15,45,15,22,26,34,72,12,19,22,34,45,20,103,19,14,35,61,31,29,29,21,30,37,34,20,26,20,46,31,16,41,32,31,47,36,15,23,18,17,56,28,15,23,91,27,22,31,33,23,37,33,41,12,13,41,25,24,43,48,25,19,19,37,31,30,89,44,29,31,33,39,22,39,23,31,19,37,24,38,40,21,29,17,39,47,33,37,40,39,34,23,18,57,33,21,18,18,28,38,28,57,38,26,30,17,20,6,20,18,16,21,16,17,31,17,18,17,45,37,17,16,23,17,30,11,30,30,20,27,20,32,22,111,20,42,16,22,44,35,28,16,16,19,17,17,27,13,13,20,27,20,13,21,39,19,18,16,41,17,27,26,90,14,26,34,11,29,20
70,107,71,62,71,68,61,70,72,64,69,71,69,63,63,66,65,64,69,66,72,72,71,74,71,72,74,67,65,70,71,68,68,69,0,69,67,67,69,69,71,67,69,57,63,65,69,70,69,70,66,67,66,71,71,65,69,64,71,72,67,63,56,69,65,67,70,67,73,65,70,66,59,65,69,67,69,69,62,65,67,70,69,69,59,66,62,69,68,68,66,70,71,71,68,71,68,60,69,66,69,57,64,69,69,77,69,75,70,69,70,75,72,69,61,79,56,67,74,70,65,69,68,66,69,65,142,56,75,67,67,75,58,69,72,57,67,68,68,71,71,67,62,70,70,73,69,70,70,63,70,54,69,71,71,54,62,71,65,70,65,69,68,73,70,68,51,72,67,75,65,62,66,76,75,69,67,72,69,71,71,67,69,66,70,71,74,69,65,69,62,70,67,108,67,68,71,72,66,67,64,69,61,73,73,71,64,69,74,65,65,67,67,66,67,66,71,63,64,69,68,67,68,68,92,68,70,61,65,68,58,66,62,69,67,64,74,67,78,77,75,72,65,62,64,62,96,76,64,67,66,48,65,75,68,66,72,58,64,60,71,69,64,68,65,78,71,71,66,62,61,69,67,59,67,71,70,68,66,70,72,70,67,69,73,65,69,70,70,72,71,60,69,67,64,69,70,68,68,70,70,67,59,64,63,69,63,69,70,64,68,74,73,114,58,67,71,69,62,63,67,67,62,66,69,71,71,60,69,67,69,74,68,70,65,70,69,70,73,68,67,64,86,66,71,71,70,70,69
6,95,41,34,5,18,36,31,38,18,12,43,30,23,44,26,37,24,11,16,10,37,9,27,13,37,42,16,16,24,8,10,14,19,69,0,23,33,46,17,43,7,12,49,26,14,5,15,8,19,11,39,24,56,35,42,24,25,48,13,15,33,43,1,30,69,15,21,36,13,13,7,28,20,34,35,34,11,65,24,10,26,8,2,27,30,33,52,8,24,11,8,23,21,7,40,8,62,12,29,3,42,22,12,71,77,6,53,48,17,35,26,13,7,22,47,20,31,47,4,23,13,37,9,2,9,135,19,54,51,9,24,57,31,7,44,21,25,10,15,18,28,32,11,31,34,18,20,11,22,23,28,24,8,31,54,23,26,31,19,23,9,36,21,5,30,43,16,18,60,27,49,35,38,48,41,11,48,8,19,17,45,9,27,31,36,69,19,8,24,38,45,11,107,19,13,39,60,28,29,35,8,31,38,36,8,23,9,48,34,21,41,24,32,46,37,20,23,15,17,55,26,12,21,91,28,20,30,33,24,38,33,41,18,16,39,29,21,42,45,26,13,20,33,35,36,91,44,32,30,31,39,23,44,26,34,13,38,26,37,41,8,36,2,41,40,33,37,41,43,35,28,11,57,34,21,3,14,30,37,27,57,38,19,29,14,3,16,5,19,20,21,10,13,26,15,10,8,44,36,24,18,25,17,31,18,32,25,19,28,6,33,22,108,19,43,17,13,39,32,30,13,20,11,16,21,28,26,16,20,26,15,14,17,37,7,5,19,40,4,30,24,91,23,27,31,16,30,5
23,101,42,34,19,21,37,35,41,16,16,46,36,26,40,30,35,22,20,14,23,40,24,32,19,36,34,17,14,29,20,18,23,21,67,23,0,34,44,18,44,21,14,46,25,12,19,24,22,21,22,35,19,55,31,45,15,30,45,21,11,34,44,21,33,65,14,17,38,15,18,23,28,14,36,39,36,20,64,18,22,21,20,20,26,26,34,53,17,19,14,22,24,18,18,41,21,60,19,31,22,41,25,19,69,76,23,57,49,20,31,25,23,17,22,45,25,34,45,21,20,11,34,18,23,23,143,15,53,52,20,25,61,31,25,45,23,25,21,22,17,32,35,22,27,33,16,22,23,17,17,34,25,24,32,50,21,30,30,25,27,22,39,21,22,32,47,16,18,62,25,53,38,38,51,45,18,48,21,17,21,47,20,26,30,39,72,22,20,20,38,45,21,111,24,20,44,63,30,30,32,21,29,39,35,24,20,22,38,35,16,44,24,38,49,32,21,11,11,22,58,26,18,21,97,31,22,30,30,17,41,25,42,18,15,42,28,17,36,45,23,23,14,28,31,39,94,41,29,35,32,39,21,46,24,35,23,41,21,34,40,21,30,23,38,47,35,41,37,44,39,29,24,55,35,24,18,23,32,34,20,58,33,18,27,16,22,19,22,23,21,18,19,19,31,20,19,22,45,37,23,15,24,19,33,16,33,23,18,25,22,30,20,114,13,43,23,16,42,27,30,21,21,19,20,19,32,24,18,22,22,26,21,23,37,21,23,25,34,19,28,22,92,17,27,31,14,32,22
36,103,18,28,32,23,31,22,34,32,30,36,27,35,41,34,43,26,32,26,31,30,33,38,31,36,49,36,26,25,31,31,31,28,67,33,34,0,39,36,44,34,31,48,31,31,33,27,35,28,28,36,31,42,15,25,25,19,30,36,28,31,35,33,39,60,32,36,30,33,31,32,16,32,31,39,31,34,61,29,26,22,31,33,15,33,23,47,33,34,34,34,19,18,34,41,33,56,32,20,35,26,35,24,54,79,31,45,47,35,28,36,38,32,32,53,26,38,44,36,29,34,39,32,33,32,142,29,59,46,33,37,50,34,39,33,35,30,34,37,29,33,23,38,39,32,34,31,36,25,33,25,30,38,35,53,26,31,36,29,25,35,21,35,36,30,35,29,36,52,30,51,35,38,44,32,35,49,37,31,31,44,34,26,29,33,64,28,34,32,38,49,29,106,27,31,37,53,35,32,21,33,31,37,36,38,29,35,47,28,23,44,27,15,29,23,31,31,29,30,60,28,31,35,85,35,28,16,29,34,33,36,34,25,32,34,38,36,44,53,39,38,28,30,33,31,83,46,31,28,36,33,34,34,36,30,38,33,36,30,37,33,28,34,43,50,34,33,43,43,28,22,38,54,32,28,33,28,29,30,30,55,27,35,30,30,35,25,36,28,26,36,35,30,35,33,33,39,44,15,34,19,23,25,28,30,31,33,30,33,36,36,30,104,34,39,31,27,22,23,32,30,35,28,26,34,34,31,27,28,33,34,33,38,19,34,38,26,40,32,30,30,79,33,28,25,27,34,35
48,104,48,47,48,38,43,23,47,45,43,46,41,42,38,19,47,46,44,42,48,49,44,49,44,50,55,40,44,46,44,45,44,42,69,46,44,39,0,50,57,45,39,38,49,38,46,49,48,49,44,22,46,52,48,40,38,45,47,49,43,38,36,46,52,64,50,49,45,42,47,45,43,45,45,45,45,49,58,51,42,39,43,47,41,50,40,39,45,51,46,45,45,38,45,42,43,56,44,38,48,40,45,39,67,74,42,52,46,50,49,50,50,46,44,52,40,51,44,47,44,43,52,45,48,44,139,38,56,54,44,47,42,26,43,36,45,39,43,46,40,50,31,42,43,49,51,46,47,47,41,35,48,44,53,57,39,46,46,47,41,48,40,49,45,47,39,40,51,43,48,42,51,25,36,36,45,51,47,48,48,50,46,49,49,16,71,48,44,50,18,33,44,97,44,47,45,58,46,27,50,44,38,53,51,44,41,48,53,44,43,45,44,39,40,41,46,41,41,48,58,39,41,47,71,46,43,35,48,50,50,40,47,48,39,49,50,49,54,48,52,50,44,41,35,49,96,55,35,40,48,44,44,48,49,44,49,50,49,44,42,44,44,46,19,52,39,48,33,39,44,43,48,59,51,47,48,43,51,44,49,57,46,41,46,41,48,47,45,50,49,40,48,41,42,47,46,46,44,40,49,48,26,36,37,47,47,49,47,47,45,39,47,112,42,38,48,44,39,48,39,42,52,48,43,52,20,40,46,49,48,48,47,47,46,47,49,49,52,47,44,30,89,47,41,43,49,36,50
17,96,40,32,15,15,36,31,37,20,13,41,29,7,44,23,38,22,19,14,17,38,16,31,12,36,43,5,15,22,12,15,11,15,69,17,18,36,50,0,46,16,14,45,24,15,15,10,16,11,14,33,22,61,35,37,20,23,38,18,21,36,45,15,25,66,7,20,35,15,14,16,27,20,30,32,30,11,62,19,15,26,15,15,28,28,30,50,11,19,12,15,24,20,18,39,14,64,14,26,16,36,15,13,64,75,16,51,48,2,31,19,18,14,15,40,15,32,48,15,17,15,36,16,18,16,139,17,54,48,13,24,57,29,18,39,22,29,16,18,15,27,28,14,29,29,17,19,16,10,21,24,26,17,24,58,25,26,28,8,26,16,32,12,16,27,47,11,11,58,25,51,24,38,48,44,14,49,16,4,10,52,9,22,24,33,70,11,15,23,38,37,15,107,10,12,34,62,26,29,32,18,26,38,36,17,20,16,45,28,12,41,30,34,46,41,17,20,18,2,55,14,9,14,93,27,19,32,35,20,38,31,39,12,14,37,30,20,42,47,22,18,18,35,32,39,91,42,28,30,27,39,22,40,23,31,18,38,20,34,36,18,33,17,38,45,31,41,35,42,36,32,17,58,33,15,15,15,30,34,30,55,37,22,30,17,16,11,16,4,13,19,10,16,24,16,16,14,44,34,17,15,19,12,30,10,29,29,14,22,16,32,22,111,19,45,4,12,45,28,27,15,15,13,12,15,21,16,12,18,25,16,15,19,37,13,17,12,37,13,24,16,91,16,27,32,12,25,17
42,97,46,49,43,45,50,51,55,42,45,45,53,41,49,51,49,42,35,41,47,49,45,36,45,49,51,42,42,46,40,41,44,48,71,43,44,44,57,46,0,45,49,50,41,48,42,49,44,48,44,49,46,61,43,44,42,49,49,46,26,53,52,43,41,67,48,42,44,46,45,44,37,47,48,47,48,47,65,36,43,45,43,42,44,34,35,61,45,35,45,44,43,43,43,50,43,71,42,48,44,44,44,44,70,78,45,56,57,49,39,51,46,45,42,56,43,51,55,43,41,49,52,30,43,45,139,47,60,57,43,46,62,46,45,43,41,46,46,47,47,50,42,46,44,49,47,50,45,42,37,41,42,45,41,56,47,44,51,48,43,44,52,50,44,42,52,41,45,65,39,54,57,51,50,50,43,66,44,43,44,55,45,43,57,45,75,46,44,41,48,51,47,117,48,47,59,55,48,52,48,45,47,51,49,45,49,44,55,45,47,48,47,45,51,35,44,36,49,49,54,44,49,47,97,51,46,46,40,37,46,42,52,49,49,57,48,42,49,46,49,46,40,43,54,43,103,53,46,45,51,50,43,47,40,47,46,46,44,34,40,45,41,43,50,48,51,48,53,48,44,45,45,63,41,47,43,48,38,35,37,67,45,49,36,33,44,48,44,50,43,44,47,48,46,37,37,45,52,50,49,47,50,48,46,49,53,50,46,40,44,48,49,119,47,51,49,31,46,38,41,44,42,42,49,49,51,43,49,49,41,45,48,48,44,45,45,49,46,44,39,50,98,41,51,54,50,45,44
10,98,41,33,5,19,37,29,39,20,11,42,30,24,42,25,42,23,11,16,8,40,6,29,11,35,43,14,16,27,8,12,11,17,67,7,21,34,45,16,45,0,13,48,26,14,7,13,8,17,6,34,23,54,36,43,25,25,48,11,18,35,45,6,32,69,16,15,36,13,12,6,25,18,31,35,32,9,65,24,6,26,6,7,28,29,31,53,8,22,13,6,23,22,4,39,6,56,10,29,6,40,22,7,71,75,4,55,51,12,36,24,8,4,23,44,19,28,45,7,24,13,35,9,10,5,137,20,54,51,4,21,56,34,11,44,20,25,11,16,19,29,33,14,30,31,20,22,6,23,19,26,24,7,26,54,16,29,34,18,25,8,38,19,7,32,45,17,17,60,27,49,32,38,49,41,10,46,5,19,16,47,8,28,27,40,71,18,6,25,38,45,12,106,16,12,37,58,28,31,32,7,29,37,33,7,20,7,46,33,20,43,28,33,47,38,20,19,15,16,56,27,10,16,91,29,19,29,31,22,38,31,39,16,13,37,27,15,41,47,21,8,19,28,34,41,91,41,34,29,29,37,24,44,26,33,8,38,25,34,41,7,37,7,41,40,33,42,39,42,36,28,7,55,35,22,7,10,33,34,29,57,39,18,32,12,7,17,7,14,20,20,9,11,27,15,10,10,44,36,26,20,24,18,31,12,32,25,18,27,6,32,23,110,15,42,13,17,40,33,34,6,23,9,13,19,27,27,17,17,26,16,9,18,38,6,5,15,39,7,28,25,90,24,25,27,14,29,10
16,99,41,30,13,11,34,26,27,14,2,44,29,22,41,23,31,23,11,4,18,36,15,33,7,38,44,2,8,11,14,14,10,12,69,12,14,31,39,14,49,13,0,42,20,2,16,12,14,14,14,30,23,57,33,43,17,15,44,15,15,33,43,12,23,69,1,19,27,15,6,13,27,18,28,29,27,9,61,16,14,24,12,14,29,19,22,40,13,12,14,16,14,14,14,37,12,62,12,19,14,39,18,16,73,75,15,57,42,12,29,11,16,10,11,48,8,31,41,13,13,7,40,15,14,13,140,7,54,47,14,21,51,23,16,46,22,18,14,18,10,27,25,14,29,24,14,19,17,19,22,25,13,14,25,52,17,24,25,14,22,14,32,22,15,27,45,14,3,52,27,47,30,39,47,41,15,47,15,16,8,44,11,23,25,30,73,8,14,17,37,42,14,100,14,7,33,58,28,27,29,14,14,36,34,14,21,16,43,34,5,41,28,32,43,31,15,19,11,12,56,19,6,17,87,24,16,30,31,18,37,32,41,9,1,38,28,19,42,49,20,16,17,30,31,44,88,42,25,28,32,36,21,37,17,34,16,37,18,37,40,14,32,12,35,45,25,38,34,39,36,27,14,53,36,20,13,3,28,37,23,55,35,19,25,16,16,7,15,12,9,23,8,17,22,12,13,15,45,32,23,17,18,5,30,9,22,26,15,20,15,29,23,112,15,44,12,16,40,35,23,14,13,15,9,20,24,17,13,18,26,17,11,19,34,16,11,14,42,12,15,15,91,18,22,27,8,23,17
52,102,43,32,45,47,56,51,59,49,49,52,44,38,47,54,33,46,42,47,46,37,50,55,47,57,54,46,43,49,47,46,43,51,57,49,46,48,38,45,50,48,42,0,44,40,47,47,50,48,45,31,52,52,50,47,49,43,45,49,47,47,43,49,43,66,47,48,54,46,50,48,47,50,34,34,33,48,49,45,48,41,46,48,44,47,46,53,42,51,49,47,45,42,43,53,44,64,44,41,50,39,42,40,73,74,48,59,48,51,41,52,53,48,41,50,36,51,50,50,45,52,56,41,50,48,145,39,48,45,46,54,55,36,50,47,56,46,50,51,46,38,48,48,49,39,50,57,49,39,52,47,45,50,49,53,50,45,29,50,47,50,35,53,48,53,29,48,46,65,53,46,45,50,50,47,40,55,49,49,53,45,47,41,46,16,75,47,48,49,43,49,43,108,45,48,52,67,39,51,45,49,45,59,54,50,54,50,58,34,36,33,55,49,52,44,47,48,49,47,50,39,47,51,94,39,40,47,46,50,47,38,31,51,46,47,54,48,60,54,55,53,50,49,57,43,84,59,48,51,38,38,50,44,48,34,53,47,46,54,45,49,42,48,18,50,49,51,38,34,47,50,53,62,51,43,47,50,46,54,50,53,44,48,52,42,50,40,48,52,46,49,45,50,32,44,43,52,33,37,52,46,41,45,40,49,46,53,47,44,49,54,51,112,45,46,49,48,49,51,47,39,43,50,48,53,47,40,51,51,46,50,46,51,57,51,49,50,55,47,47,46,92,45,45,52,53,32,49
27,98,33,33,21,20,22,31,38,27,22,48,31,14,40,23,41,17,25,20,28,37,27,27,22,37,45,17,13,23,26,24,24,26,63,26,25,31,49,24,41,26,20,44,0,19,24,20,27,19,25,36,15,51,27,26,19,18,44,25,26,39,47,26,15,69,20,19,30,26,24,24,19,24,37,40,37,25,56,13,22,19,22,27,24,25,28,44,24,13,23,26,28,19,23,38,29,64,20,34,27,39,14,20,71,70,24,41,39,24,24,23,29,25,16,48,19,39,45,27,26,23,36,23,26,24,129,18,55,56,24,32,56,24,27,31,29,22,25,28,17,33,26,19,25,36,19,20,28,15,23,15,14,28,18,55,25,23,37,21,23,27,34,22,26,26,35,28,25,54,16,49,39,41,37,44,21,54,25,16,20,53,25,20,32,39,59,23,27,15,28,48,26,109,18,19,44,41,35,28,20,24,22,41,39,28,20,27,47,21,14,43,24,20,34,27,28,21,23,20,54,28,20,25,91,35,18,18,26,13,37,32,45,16,23,43,21,19,42,42,29,29,23,32,31,26,84,44,24,19,30,33,19,41,11,21,29,37,15,35,33,24,21,24,36,33,37,41,42,42,26,25,28,60,34,23,27,21,18,35,27,58,31,21,31,20,27,27,26,17,22,27,24,26,26,20,19,27,47,30,23,15,16,20,21,22,19,32,20,12,26,36,29,114,19,36,24,22,27,25,19,26,23,25,25,20,31,22,12,20,21,23,19,28,32,26,29,21,39,25,16,21,91,14,23,30,18,30,29
19,98,35,29,14,15,36,29,37,11,4,45,30,18,41,23,33,26,14,5,19,35,17,33,8,36,40,3,7,20,15,16,8,16,65,14,12,31,38,15,48,14,2,40,19,0,17,16,14,9,16,29,25,52,31,37,18,26,44,16,13,35,45,14,20,64,2,20,25,17,7,15,29,19,33,36,32,13,59,14,16,22,17,14,26,24,26,47,16,8,16,12,16,16,14,34,12,57,15,25,14,38,10,15,66,72,15,51,37,12,30,20,20,14,13,45,6,33,45,15,12,13,38,17,15,17,140,6,55,44,11,23,52,24,15,44,23,22,19,15,8,28,31,15,32,30,17,20,15,11,16,23,13,15,22,51,18,28,24,13,23,14,33,17,15,27,44,18,4,60,19,48,29,37,43,42,13,48,15,12,9,45,16,26,29,33,71,12,14,16,37,40,13,107,10,12,37,60,23,27,27,18,15,38,35,15,20,14,46,29,4,42,25,30,44,29,18,21,17,16,52,21,8,18,90,23,15,33,36,14,35,27,42,14,10,37,29,20,42,50,27,20,18,30,30,38,92,41,21,31,28,38,20,39,15,29,20,35,18,38,38,18,29,15,31,44,28,31,31,40,33,28,18,52,37,15,14,13,31,38,28,56,34,20,25,16,14,10,15,17,10,19,12,19,27,18,15,18,47,29,23,20,21,14,28,10,25,23,12,19,17,32,22,113,18,44,14,18,40,33,27,18,15,16,13,15,29,8,10,17,20,17,9,16,35,17,15,13,42,14,20,23,95,16,21,28,12,27,17
8,97,42,32,8,18,36,34,40,24,16,45,34,18,44,27,38,25,9,19,11,38,11,23,11,40,43,15,17,24,6,10,14,18,69,5,19,33,46,15,42,7,16,47,24,17,0,15,7,19,12,39,21,54,32,42,25,27,47,14,18,35,46,6,24,64,14,20,32,13,14,5,26,22,34,36,35,11,64,15,10,28,8,5,28,24,31,52,8,17,10,8,22,19,5,39,8,60,9,28,7,38,21,15,66,73,8,54,46,16,32,26,14,7,17,46,20,34,47,6,25,17,35,8,6,8,136,16,50,53,10,25,58,29,11,43,21,26,9,16,15,30,32,11,29,32,20,19,12,17,20,26,23,9,27,57,24,26,35,17,23,7,35,19,7,27,47,15,18,61,20,51,36,37,45,44,11,50,9,17,13,49,10,26,32,37,67,16,9,19,36,43,12,109,19,13,40,58,30,30,32,11,29,40,38,9,21,8,45,30,18,42,28,35,45,34,21,24,16,15,51,24,16,19,93,32,21,32,31,17,38,31,43,17,18,41,28,20,43,44,27,14,21,35,30,37,92,45,34,30,32,40,20,40,22,30,14,38,21,35,35,11,31,7,39,39,35,37,40,45,34,25,12,57,34,23,5,13,27,35,22,59,40,22,28,13,7,17,7,19,18,20,12,12,28,14,7,10,46,34,24,18,26,19,31,19,34,23,11,25,7,32,24,110,19,46,19,8,42,33,32,12,21,10,15,21,26,24,19,21,20,6,14,18,39,11,8,19,40,4,23,25,92,18,29,32,19,27,4
17,93,40,36,17,7,34,33,37,18,16,42,31,7,36,24,37,22,15,17,18,40,13,33,13,34,42,6,17,17,17,16,9,17,70,15,24,27,49,10,49,13,12,47,20,16,15,0,16,3,14,31,28,56,33,41,16,22,47,18,20,37,48,14,23,69,12,18,33,14,15,16,20,14,32,34,32,5,63,19,18,26,16,16,28,26,27,54,15,15,17,16,23,23,15,40,15,62,16,24,14,39,16,16,71,72,16,46,48,1,32,21,17,15,17,45,22,29,47,14,9,16,37,16,16,15,141,20,52,51,16,22,59,24,15,47,24,22,16,15,15,22,27,18,30,25,21,16,15,17,22,26,21,17,23,56,19,19,31,15,25,16,37,8,16,23,49,17,3,55,17,52,26,37,47,45,18,49,13,11,8,50,15,22,24,38,69,15,18,11,38,41,15,105,9,15,36,58,22,33,24,13,27,36,35,17,24,15,44,30,11,39,23,36,44,38,9,21,18,1,58,14,12,13,90,22,21,22,39,13,32,33,38,14,14,36,21,18,40,53,21,17,22,36,31,38,91,41,25,30,26,38,25,39,23,26,17,32,18,36,41,13,34,17,39,47,30,42,33,43,35,27,17,55,28,19,16,2,23,36,32,57,38,22,31,17,15,17,16,2,11,20,4,16,27,13,17,17,42,30,22,19,22,17,22,7,30,29,16,13,16,32,21,109,20,43,15,18,43,33,22,14,17,12,7,7,22,19,5,13,22,19,2,14,40,15,15,2,38,17,22,10,91,15,27,33,2,26,14
8,97,44,36,9,19,38,33,37,24,14,45,32,25,44,28,39,28,11,16,13,41,11,28,15,39,44,16,18,24,8,14,15,20,69,8,22,35,48,16,44,8,14,50,27,14,7,16,0,18,13,41,26,57,37,44,26,27,48,9,15,35,45,9,31,69,14,23,36,13,12,4,30,22,34,35,33,13,65,24,10,28,7,9,28,31,31,54,10,24,13,7,25,22,9,42,8,62,13,29,2,42,24,15,71,78,7,54,49,16,34,26,9,7,22,46,22,33,47,4,27,14,41,9,9,8,136,19,57,47,11,22,57,35,9,46,23,27,9,13,19,31,32,14,34,33,20,18,5,25,25,28,25,7,30,56,23,26,35,18,25,3,39,20,3,35,45,14,18,61,26,51,37,40,51,43,10,50,4,18,18,47,10,28,33,38,70,18,9,24,38,46,11,109,20,14,41,61,30,32,34,9,29,40,36,7,25,3,48,37,19,43,26,34,46,37,22,25,17,16,54,26,14,23,93,30,22,32,33,24,38,33,43,18,16,41,30,23,42,46,24,9,22,37,29,40,93,45,34,30,34,41,24,45,25,37,9,38,27,39,44,9,36,9,43,36,33,41,41,45,39,31,7,57,36,25,5,13,30,39,28,60,40,19,33,12,1,18,3,18,20,23,13,15,28,17,11,12,46,38,27,20,27,17,32,18,34,27,19,29,5,31,24,109,17,47,17,15,41,32,32,13,22,11,18,20,28,27,18,22,29,16,13,11,39,7,7,18,40,4,30,24,92,25,27,33,18,31,6
19,91,39,37,14,10,37,33,28,14,14,39,32,6,30,28,37,10,20,13,19,33,17,33,14,39,43,14,21,14,18,17,11,16,70,19,21,28,49,11,48,17,14,48,19,9,19,3,18,0,17,40,25,55,29,40,16,22,42,20,16,37,47,18,16,69,19,18,31,18,18,18,18,21,34,36,34,19,63,18,19,20,17,18,27,26,31,47,16,6,17,15,11,11,19,41,15,61,19,18,16,37,18,15,73,72,16,54,48,14,31,8,14,17,8,41,27,30,49,15,18,17,36,18,20,16,141,16,51,51,16,20,62,34,14,42,22,24,20,16,18,32,23,17,27,29,10,8,16,17,23,23,21,15,19,57,23,12,31,2,28,18,39,12,18,27,50,18,10,57,25,54,27,35,45,43,16,51,16,3,9,50,16,25,26,38,71,2,19,8,36,45,20,107,15,10,31,59,29,31,30,16,29,35,34,15,22,16,43,29,16,43,26,35,46,30,18,22,16,16,55,25,12,19,94,30,10,22,36,15,19,34,44,6,14,40,17,18,42,53,17,14,15,28,32,32,87,42,23,29,28,38,21,41,12,36,14,19,12,37,39,16,26,19,39,44,32,40,40,45,38,35,15,57,28,21,12,11,16,37,30,56,34,21,32,20,17,4,18,12,8,22,12,20,27,16,19,19,47,35,20,8,26,19,26,6,18,28,15,15,14,31,22,108,16,48,11,16,43,30,23,18,21,14,14,6,29,12,15,13,26,13,10,14,34,16,17,2,38,16,27,14,92,7,28,33,2,29,19
14,94,35,29,9,19,32,34,41,14,15,45,29,23,42,31,35,24,9,18,6,35,12,29,10,40,46,13,17,25,10,9,12,17,66,11,22,28,44,14,44,6,14,45,25,16,12,14,13,17,0,36,23,52,33,42,24,24,45,14,16,32,41,11,28,64,11,14,31,11,9,12,31,18,37,39,37,9,66,24,10,27,9,11,26,27,26,50,12,24,6,11,18,19,6,40,7,56,6,30,13,36,21,6,66,76,9,54,50,18,32,28,12,10,19,43,19,27,46,12,26,11,39,7,11,11,137,13,53,52,9,25,59,32,11,40,19,24,5,12,15,30,35,13,29,34,20,20,12,21,18,24,20,14,31,54,16,29,34,22,25,13,33,22,10,36,46,7,15,64,25,47,32,40,44,41,6,46,12,17,10,49,12,27,31,34,71,17,11,26,37,47,9,108,18,12,39,60,29,28,27,11,27,41,34,14,19,13,46,36,18,44,21,29,43,32,17,16,11,13,53,28,13,21,92,30,20,28,29,24,37,28,40,17,16,38,27,14,46,45,26,12,15,23,24,40,91,45,28,26,33,40,16,41,24,34,12,37,26,33,40,11,34,11,40,41,29,37,39,43,29,22,12,57,34,19,11,14,31,33,24,58,36,23,27,8,13,16,10,18,21,11,13,10,28,8,6,13,43,31,26,20,24,14,30,17,34,22,17,24,10,27,22,111,17,43,16,15,43,36,30,2,18,8,16,20,31,20,17,20,28,15,11,16,33,13,11,18,39,10,28,20,90,25,25,30,18,25,11
40,101,34,32,39,31,28,31,35,38,31,47,36,33,45,28,33,31,38,29,37,34,39,40,35,45,44,30,30,32,36,40,35,33,67,39,35,36,22,33,49,34,30,31,36,29,39,31,41,40,36,0,40,56,43,37,31,35,43,39,36,34,40,39,40,61,29,36,29,29,31,34,35,36,14,30,13,36,56,39,36,31,34,36,41,35,32,43,37,38,33,38,33,38,36,34,35,58,35,24,41,17,27,35,66,72,35,57,37,39,41,39,39,36,32,35,20,37,28,40,38,38,47,33,37,35,145,26,51,43,33,40,42,25,40,45,37,29,38,37,31,14,37,42,33,19,38,39,42,34,35,21,35,40,38,56,36,41,13,40,31,41,27,41,36,39,35,34,36,62,39,45,35,32,44,28,32,49,40,41,40,49,38,34,33,34,77,39,38,35,31,37,32,105,33,37,40,61,15,33,32,42,24,47,45,40,33,41,55,15,28,34,37,32,45,28,32,31,35,39,52,33,31,39,73,15,35,30,41,39,17,29,27,37,39,30,41,36,44,54,41,39,38,32,37,37,91,48,34,32,15,11,44,38,41,15,38,17,38,37,30,42,22,38,13,37,33,43,37,34,40,31,39,57,31,35,35,34,41,37,33,48,33,36,39,34,41,37,36,40,33,29,35,37,14,36,37,34,25,35,39,31,27,32,35,33,32,29,32,36,36,39,36,108,26,39,39,34,25,34,37,34,39,29,32,37,35,35,33,33,42,36,34,38,32,35,40,42,51,37,38,37,86,41,29,30,39,12,37
25,95,41,33,20,18,32,36,38,15,23,42,34,26,48,31,40,23,24,18,25,39,24,28,20,39,42,21,21,27,20,23,24,24,66,24,19,31,46,22,46,23,23,52,15,25,21,28,26,25,23,40,0,61,40,40,25,16,46,25,22,30,43,24,29,64,25,21,33,14,25,22,28,23,34,37,34,26,68,24,20,28,21,21,28,29,32,51,25,21,26,22,18,18,22,40,22,58,21,33,26,38,19,23,70,79,23,58,48,28,31,22,27,22,22,43,20,37,39,25,24,21,43,20,24,24,139,17,54,51,21,25,54,27,27,41,12,29,24,28,23,31,35,22,29,30,20,28,25,24,14,27,25,27,23,56,23,24,33,26,26,26,37,28,25,34,45,22,18,61,26,51,32,44,51,42,23,47,26,26,25,48,25,26,26,41,74,26,23,19,36,45,23,112,23,25,41,65,28,34,31,26,27,42,34,27,15,26,44,32,26,40,26,31,42,37,19,18,23,26,57,20,25,27,94,28,20,31,27,22,38,27,45,26,24,42,30,21,47,43,17,27,15,31,32,42,91,47,29,35,31,37,17,46,27,32,27,38,22,34,46,26,33,21,34,37,34,37,45,46,35,33,25,57,24,25,24,24,29,34,21,61,29,12,23,22,26,22,25,24,19,21,25,20,32,19,26,20,48,34,29,18,22,16,17,25,25,27,29,26,25,35,23,112,14,39,27,23,38,34,32,19,26,23,26,23,32,22,21,24,27,21,24,27,38,23,26,25,40,23,26,24,87,23,28,26,21,30,26
59,99,50,63,52,51,48,47,60,60,56,59,61,45,50,51,59,51,52,58,59,52,61,56,49,65,64,52,50,55,54,54,57,58,71,56,55,42,52,61,61,54,57,52,51,52,54,56,57,55,52,56,61,0,43,50,53,57,69,61,54,60,52,56,49,60,54,58,49,59,56,55,58,56,59,55,60,54,60,55,57,53,55,54,55,53,52,61,56,47,55,59,61,62,52,64,57,68,55,60,57,54,50,52,61,58,58,61,54,58,60,61,61,56,54,66,54,60,58,56,55,55,60,55,59,58,135,51,47,59,55,63,67,55,61,49,61,60,58,58,50,58,60,55,59,62,58,56,58,57,56,54,45,62,59,56,57,56,57,58,48,57,54,61,61,52,49,54,58,43,51,61,53,48,54,47,52,67,56,60,56,53,56,53,60,56,28,59,55,52,51,64,59,93,54,56,61,29,58,48,53,59,51,66,63,62,62,57,70,53,53,61,59,49,55,58,57,55,58,55,62,56,50,60,81,55,55,41,63,52,52,56,60,59,55,57,57,58,69,62,63,61,60,59,59,47,89,65,50,54,54,48,53,53,50,52,61,52,48,59,54,59,51,59,63,58,60,58,55,54,35,51,61,64,56,55,58,54,46,60,57,67,50,58,56,57,57,59,61,57,59,54,57,59,55,53,55,60,62,49,60,57,58,58,60,53,58,64,52,50,61,62,59,119,57,46,61,52,48,59,53,58,55,60,55,58,48,54,58,54,50,57,56,58,59,59,57,58,57,56,59,55,101,48,61,62,60,63,60
36,100,41,38,37,28,25,38,47,37,32,46,38,17,40,34,46,32,32,29,38,43,37,37,35,32,41,28,24,29,36,36,34,32,71,35,31,15,48,35,43,36,33,50,27,31,32,33,37,29,33,43,40,43,0,15,33,28,54,39,34,42,52,35,17,68,33,32,27,37,32,35,28,38,38,40,39,36,54,22,33,25,36,34,21,22,30,56,37,25,37,37,25,23,30,44,37,65,34,37,37,36,32,33,65,70,37,53,49,32,22,27,39,36,26,54,28,36,49,36,21,33,39,32,34,35,140,26,60,48,35,36,59,31,37,34,36,35,36,39,27,38,18,32,25,35,25,34,38,24,33,23,26,39,20,56,37,23,38,21,32,37,38,21,37,35,42,35,28,41,18,54,39,47,49,42,36,58,36,32,33,45,37,31,32,38,71,26,36,18,48,48,32,112,35,36,42,59,38,37,27,37,28,42,41,39,35,37,48,26,28,47,31,18,31,25,29,28,38,37,60,21,36,30,93,33,34,10,32,19,35,32,42,21,31,42,32,32,43,53,37,39,39,35,35,25,93,50,28,24,39,28,33,39,25,27,39,35,20,40,34,37,22,35,43,36,35,35,50,45,30,22,39,63,33,34,36,28,22,40,35,59,41,36,38,35,37,30,37,34,23,28,35,31,37,35,36,37,55,39,33,29,30,29,21,25,27,35,28,16,36,38,37,113,30,36,33,35,27,31,20,34,35,39,23,24,39,33,34,32,29,34,28,38,24,36,37,23,44,36,31,27,93,22,32,40,33,41,36
43,95,42,40,41,28,37,21,40,45,39,38,45,44,19,33,47,40,41,45,44,33,44,46,31,52,41,37,38,45,42,43,40,36,65,42,45,25,40,37,44,43,43,47,26,37,42,41,44,40,42,37,40,50,15,0,42,27,42,44,43,37,44,42,29,61,36,47,26,39,30,41,34,42,43,37,43,40,41,33,44,21,41,40,39,35,39,50,41,37,44,42,42,42,42,32,39,65,40,26,44,36,38,43,65,78,44,47,52,34,23,34,44,42,34,44,41,43,52,43,40,41,42,43,41,42,143,36,50,47,41,45,58,29,44,25,45,34,42,45,36,37,29,43,26,42,40,43,44,35,40,46,21,43,34,52,37,40,41,32,39,44,42,35,42,38,33,43,44,47,34,56,44,43,28,31,40,56,43,39,42,34,38,41,35,40,64,41,43,28,31,31,45,110,39,43,43,49,37,35,43,42,40,46,44,43,50,43,53,39,25,30,42,24,27,23,40,41,46,45,61,26,43,41,84,44,38,24,41,33,22,40,51,29,40,39,39,47,50,40,43,44,42,44,47,22,83,50,28,36,28,39,41,45,27,42,44,22,38,46,35,42,32,40,35,52,39,42,36,35,18,35,44,62,27,35,40,42,19,43,44,55,31,42,45,45,43,44,42,41,41,42,44,41,25,41,44,43,50,36,42,38,32,43,30,37,47,44,41,29,42,40,51,118,41,24,41,36,32,33,33,42,32,44,37,38,34,35,38,37,41,47,42,47,27,43,44,30,46,40,32,33,90,29,34,48,31,29,43
25,90,37,30,25,16,37,33,33,11,15,37,30,7,36,26,30,18,22,18,27,38,22,32,24,38,41,14,15,17,19,23,19,24,69,24,15,25,38,20,42,25,17,49,19,18,25,16,26,16,24,31,25,53,33,42,0,14,26,24,17,34,43,24,14,59,14,22,33,23,21,18,12,17,31,32,30,23,61,9,25,10,17,23,23,30,18,41,20,11,24,20,12,11,25,41,24,58,26,16,26,35,7,23,61,75,19,55,35,18,16,21,25,24,19,46,10,25,34,25,21,20,41,20,24,19,139,9,49,39,17,20,63,22,19,34,24,23,25,20,13,27,22,25,17,27,7,28,21,18,18,21,18,23,29,52,21,15,23,9,26,26,34,12,25,28,41,24,14,57,22,49,30,36,48,40,25,50,22,8,18,45,22,24,24,32,71,8,25,17,43,43,23,104,21,16,32,60,28,29,31,22,17,39,32,23,25,26,46,34,14,39,26,30,42,20,10,22,22,18,59,20,19,22,89,28,18,32,30,18,39,30,40,18,21,38,24,22,44,51,22,25,24,33,37,30,90,45,15,26,27,36,20,41,13,34,25,39,13,33,42,22,27,23,35,47,35,34,34,42,39,28,22,56,33,16,24,17,15,33,25,56,24,16,32,17,26,17,25,21,13,21,22,24,32,25,24,25,46,27,18,19,16,15,27,17,15,24,17,18,25,33,30,109,18,43,26,26,42,21,30,24,21,16,20,23,26,11,17,26,24,27,17,25,35,19,25,19,41,20,24,16,90,8,25,33,8,28,26
28,100,39,29,28,10,28,30,33,22,19,30,29,23,42,22,37,21,29,14,26,33,25,31,27,37,44,17,11,19,27,27,25,20,64,25,30,19,45,23,49,25,15,43,18,26,27,22,27,22,24,35,16,57,28,27,14,0,39,26,23,33,43,25,22,69,18,29,33,27,27,25,18,24,32,40,33,24,60,19,25,14,25,26,14,25,20,40,28,22,22,24,7,8,28,35,26,61,20,30,27,37,21,25,71,74,23,51,45,21,21,22,26,24,10,48,16,37,35,26,20,23,40,28,25,24,143,18,46,44,23,22,47,27,29,44,27,23,28,22,18,30,23,24,17,19,18,25,26,20,21,30,13,27,31,57,26,16,28,17,28,27,37,18,28,29,40,23,21,47,21,44,34,36,43,46,22,49,27,12,22,45,26,27,27,35,70,13,27,11,35,40,22,110,22,23,32,61,28,26,33,27,27,34,40,27,29,27,49,37,11,37,20,30,37,26,9,22,26,20,57,9,24,25,92,28,26,30,36,22,39,36,37,12,22,40,30,29,41,55,32,26,18,40,30,22,86,41,30,22,28,36,30,30,27,37,26,39,20,37,42,27,33,25,41,49,32,36,40,38,37,11,27,59,30,19,28,19,28,37,27,57,37,18,33,21,27,10,28,15,11,20,22,24,19,28,28,22,44,31,23,10,11,20,24,22,25,28,25,15,28,30,31,107,17,43,27,25,37,23,30,21,22,18,14,29,25,22,12,11,13,22,25,23,36,26,28,21,41,26,22,25,91,17,17,36,12,28,27
49,106,43,41,46,46,39,46,47,46,50,33,40,44,47,44,44,24,45,41,47,37,48,47,47,48,51,45,50,40,46,49,47,43,71,48,45,30,47,38,49,48,44,45,44,44,47,47,48,42,45,43,46,69,54,42,26,39,0,49,39,43,50,48,43,61,46,46,48,38,46,47,31,39,46,40,45,46,72,41,47,32,46,45,46,44,32,54,46,47,43,48,44,42,45,50,47,56,47,45,48,33,36,48,76,83,45,64,45,42,38,43,47,46,45,57,40,43,39,47,44,43,46,45,47,49,148,42,54,47,45,44,55,34,47,44,43,40,46,50,39,49,47,46,37,44,43,47,49,42,43,34,45,46,45,57,49,38,41,41,45,48,37,40,45,48,45,45,39,64,51,53,48,41,49,35,43,55,47,46,48,29,47,49,43,40,71,42,48,39,41,38,48,113,46,46,48,66,42,46,33,48,48,50,52,46,46,48,62,46,46,45,47,38,46,48,34,44,45,42,54,43,47,50,91,47,40,42,44,49,41,37,43,48,44,43,45,46,50,52,51,47,38,46,47,42,86,53,36,35,46,38,42,47,50,44,47,41,44,47,33,48,37,48,39,51,44,49,42,39,48,45,48,59,41,45,46,48,38,48,42,54,41,43,47,42,48,41,45,43,36,45,47,48,44,45,50,47,54,37,48,35,45,47,38,48,30,47,49,45,45,47,50,114,43,38,49,46,36,35,36,43,44,43,49,50,46,47,48,50,48,48,46,53,54,49,47,45,55,45,52,43,90,49,44,51,46,47,48
12,95,45,35,11,24,39,33,38,25,17,48,33,27,47,30,41,27,17,16,14,42,7,30,15,38,45,18,22,23,11,13,15,20,72,13,21,36,49,18,46,11,15,49,25,16,14,18,9,20,14,39,25,61,39,44,24,26,49,0,17,36,46,13,33,69,18,22,40,13,14,10,25,19,34,38,35,13,68,25,12,27,10,9,32,32,34,55,10,25,15,10,27,27,11,43,13,62,12,31,9,45,24,15,74,79,13,58,53,18,36,24,4,10,27,49,18,36,49,8,29,17,41,13,13,11,140,24,57,54,10,22,59,33,7,47,21,28,12,15,22,33,35,13,36,33,23,23,9,25,21,30,31,7,31,57,22,30,36,21,27,9,40,21,14,34,46,20,18,61,26,52,36,40,51,42,10,51,10,21,16,46,12,30,32,42,72,21,7,27,39,46,13,110,20,16,40,63,33,28,37,7,26,41,37,7,21,14,48,37,21,44,30,33,42,39,22,25,14,18,55,28,15,22,94,33,22,34,33,25,40,34,42,20,19,40,31,22,45,50,24,4,23,36,34,40,94,42,34,32,31,41,25,47,31,37,5,40,29,39,42,7,39,13,43,42,34,44,41,45,38,30,6,60,35,25,14,16,34,39,30,59,38,22,33,15,14,18,14,19,21,24,13,15,29,19,12,11,48,38,25,23,27,22,32,19,35,29,18,29,14,31,25,110,20,47,17,20,43,29,32,14,27,15,15,21,30,29,19,23,27,12,16,14,40,10,12,20,44,12,29,24,93,27,29,31,20,30,14
18,94,40,32,18,23,34,34,37,16,14,47,34,20,41,31,36,30,14,16,20,35,15,21,15,38,45,15,18,22,14,16,18,16,67,15,11,28,43,21,26,18,15,47,26,13,18,20,15,16,16,36,22,54,34,43,17,23,39,17,0,33,43,19,29,65,15,24,37,8,14,19,23,17,36,41,36,20,65,22,15,22,15,18,19,26,26,48,17,23,17,19,16,17,18,39,15,59,17,24,16,41,19,11,67,74,16,55,46,21,33,26,17,20,17,46,17,34,44,19,23,11,40,9,19,17,139,16,55,50,19,19,56,27,16,46,18,25,19,17,17,32,37,17,31,33,16,18,20,18,21,29,23,16,26,57,15,23,29,19,20,19,35,19,12,28,42,21,18,60,21,50,30,40,44,36,19,48,19,18,20,40,18,26,32,34,70,17,9,23,40,44,19,108,17,19,39,61,32,30,29,12,28,42,37,16,18,19,46,32,14,43,23,36,50,37,22,12,10,21,51,30,16,15,93,33,22,34,30,17,38,29,44,13,17,41,27,24,42,48,28,17,14,26,25,39,92,47,30,33,33,39,15,42,21,32,16,38,20,27,38,12,35,18,40,38,34,41,39,46,33,25,17,58,35,22,16,22,29,27,22,58,33,17,28,6,15,13,12,18,17,16,20,17,28,18,18,19,48,34,23,17,27,18,29,15,31,25,15,26,20,30,23,108,18,45,20,13,44,29,31,16,18,9,16,19,28,20,15,20,25,14,22,14,43,17,20,18,39,19,25,22,91,19,29,25,18,29,20
37,98,33,38,33,35,28,37,41,37,37,40,38,40,44,42,42,34,34,33,38,40,37,37,38,41,40,33,36,38,34,37,34,37,63,33,34,31,38,36,53,35,33,47,39,35,35,37,35,37,32,34,30,60,42,37,34,33,43,36,33,0,21,33,38,63,33,38,40,27,37,33,35,34,36,36,36,34,66,36,31,35,32,34,38,39,37,51,34,40,36,31,40,39,32,39,30,60,37,40,35,32,37,33,68,74,34,57,49,39,30,41,36,29,31,49,37,30,47,34,40,26,43,32,34,34,143,36,54,47,32,40,58,31,34,44,34,36,35,37,35,40,29,36,34,39,32,41,36,37,31,30,37,34,41,52,27,31,40,39,25,35,36,36,32,37,31,33,35,64,41,43,42,42,43,27,35,56,35,36,38,38,36,35,38,35,71,36,32,36,34,46,33,109,35,36,43,67,39,37,36,31,37,42,43,34,30,35,47,41,35,36,28,35,45,37,37,37,35,39,47,32,31,39,86,41,32,40,37,38,43,27,36,38,30,31,41,38,45,31,40,36,29,19,38,27,91,44,26,29,38,34,34,41,39,40,36,43,40,36,41,31,22,33,40,43,38,31,43,36,43,37,35,55,42,36,33,37,31,35,25,51,37,34,25,34,35,32,32,40,40,26,34,31,38,35,32,33,47,40,37,38,38,36,39,33,33,32,39,34,32,32,41,100,34,47,34,36,29,36,39,31,39,32,34,36,41,32,39,35,37,36,37,38,44,34,31,39,46,32,43,32,75,37,32,23,36,40,37
47,94,43,42,43,43,35,49,54,43,43,46,40,45,48,49,48,44,45,44,43,41,47,52,46,57,51,44,48,43,46,45,44,46,56,43,44,35,36,45,52,45,43,43,47,45,46,48,45,47,41,40,43,52,52,44,43,43,50,46,43,21,0,43,53,66,43,44,46,42,46,43,42,39,52,51,52,44,65,49,42,39,43,44,48,44,45,47,42,48,41,42,43,43,45,49,40,56,45,45,45,44,39,43,65,77,42,52,41,46,44,50,46,39,44,56,44,48,45,44,51,41,49,44,44,42,144,43,52,47,43,50,60,43,44,44,44,45,46,47,50,49,47,48,42,47,43,49,46,49,51,41,44,44,52,48,30,46,46,49,30,45,47,50,42,49,45,42,44,63,49,37,50,49,53,42,45,45,45,44,46,44,44,41,48,46,71,46,43,50,49,46,40,108,44,46,54,61,46,44,48,43,39,54,53,44,46,45,58,49,45,42,36,46,50,42,43,39,35,46,53,44,42,45,84,49,43,44,46,49,51,45,41,48,44,44,51,44,51,33,43,46,46,30,43,34,92,48,35,31,48,42,39,52,50,49,46,51,48,40,51,43,39,43,38,50,49,37,42,40,54,43,47,58,51,47,42,46,46,40,38,54,42,36,42,43,45,44,42,47,45,37,43,38,47,46,43,43,51,49,47,47,39,45,40,47,41,46,52,49,42,50,43,107,41,46,47,43,40,49,42,41,47,43,43,49,48,46,48,45,50,51,46,48,46,46,41,47,51,42,55,36,76,50,44,30,44,45,47
6,95,41,34,4,18,36,31,39,18,11,43,30,23,43,28,36,24,11,16,10,40,8,27,13,36,42,16,15,22,8,12,14,19,69,1,21,33,46,15,43,6,12,49,26,14,6,14,9,18,11,39,24,56,35,42,24,25,48,13,19,33,43,0,30,69,15,20,36,11,13,7,28,20,33,34,33,11,64,24,8,26,8,2,27,30,33,52,8,24,11,7,23,21,7,40,8,62,10,28,8,42,22,12,71,77,5,53,48,16,35,25,7,4,22,48,20,30,47,1,24,13,36,9,4,4,135,19,54,51,9,22,57,31,6,44,21,25,9,13,18,30,32,13,31,33,18,20,10,22,23,28,24,5,31,54,22,26,31,19,23,9,36,21,6,30,43,16,18,60,27,49,35,38,48,41,10,48,3,16,17,45,9,26,31,36,69,19,9,24,38,46,13,107,19,13,37,60,28,31,35,6,31,37,35,5,23,8,47,34,21,43,23,32,46,35,20,23,15,17,55,25,11,19,91,28,20,30,33,24,38,33,41,17,15,39,29,20,42,45,22,7,20,35,29,36,93,42,32,30,31,39,22,44,25,34,7,38,25,37,41,6,36,4,41,41,31,37,39,42,37,27,7,57,34,21,2,14,30,37,27,57,38,19,29,14,3,16,6,16,20,21,11,13,26,15,9,11,44,36,24,18,25,17,31,15,32,25,19,28,2,33,22,106,19,43,16,13,41,34,31,13,20,8,16,20,28,26,16,20,26,14,11,11,38,7,4,18,37,6,28,24,89,23,27,31,15,28,5
29,93,45,34,28,19,35,28,43,30,23,47,35,11,37,31,45,14,29,29,27,35,33,27,29,41,49,25,23,30,28,26,24,27,65,30,33,39,52,25,41,32,23,43,15,20,24,23,31,16,28,40,29,49,17,29,14,22,43,33,29,38,53,30,0,64,23,21,28,30,22,31,17,33,36,37,37,26,45,19,30,23,28,29,28,16,21,47,32,11,32,30,27,29,26,44,28,63,24,24,31,41,16,25,66,62,32,47,39,30,25,26,33,27,13,50,20,39,46,30,22,29,42,28,30,32,136,23,56,47,31,31,58,32,33,38,29,31,31,33,21,34,25,29,34,32,25,25,32,14,25,19,9,32,23,56,33,13,33,22,27,31,32,25,31,25,43,30,30,54,21,51,32,42,36,40,26,56,31,22,22,44,32,22,33,46,59,11,30,11,28,44,29,113,22,24,40,56,33,30,19,32,28,43,40,32,21,31,44,38,10,42,25,24,31,28,17,30,31,27,50,21,24,24,94,34,22,18,33,12,32,37,39,12,30,37,17,21,48,42,29,33,30,33,31,27,87,48,17,29,30,29,29,41,16,31,33,32,17,32,28,32,21,30,41,31,39,42,44,48,25,26,32,60,28,16,30,23,16,31,15,60,35,28,23,26,31,13,31,12,12,20,24,29,31,25,27,33,51,37,30,12,28,24,32,22,26,30,19,12,31,35,30,112,33,41,26,24,32,31,25,31,21,32,17,17,31,25,12,17,18,24,25,33,39,31,31,17,41,31,16,30,94,12,26,33,16,29,28
68,98,46,65,69,65,66,72,70,64,67,72,72,63,61,67,68,63,69,70,70,56,68,67,64,70,64,67,64,63,66,67,70,69,67,69,65,60,64,66,67,69,69,66,69,64,64,69,69,69,64,61,64,60,68,61,59,69,61,69,65,63,66,69,64,0,66,68,67,64,68,69,58,71,77,72,77,67,59,67,62,66,67,68,65,66,65,64,68,64,64,68,59,59,66,73,69,57,70,62,69,60,59,69,2,66,67,74,60,67,63,66,69,67,70,74,61,63,68,69,68,71,71,65,68,67,139,65,63,66,66,73,58,66,72,50,68,71,68,69,61,68,71,67,66,70,64,71,70,63,61,61,61,67,65,62,73,69,65,68,60,69,54,63,67,69,63,65,65,63,64,68,70,67,61,61,66,73,69,69,71,59,67,65,68,65,62,69,67,63,68,72,65,110,64,66,71,66,69,70,61,68,64,68,74,67,63,69,70,71,61,67,69,58,65,61,67,64,65,67,53,62,67,71,93,65,64,63,67,68,63,74,66,65,71,72,68,68,72,69,70,69,64,66,69,63,88,74,68,66,68,65,72,62,59,72,69,63,61,69,58,68,63,69,67,78,68,71,66,70,64,64,69,73,68,69,68,69,67,68,67,65,66,64,70,62,69,65,67,68,63,61,69,68,65,67,68,66,75,57,64,68,65,66,57,67,65,70,70,64,67,70,68,117,67,56,67,63,65,68,71,68,64,65,67,70,69,61,66,70,63,68,71,70,52,66,69,66,72,67,66,65,97,69,64,71,67,63,65
16,101,35,27,16,13,29,24,37,15,2,42,31,15,40,21,33,20,11,5,17,35,13,32,10,39,44,1,9,12,12,16,8,11,70,15,14,32,50,7,48,16,1,47,20,2,14,12,14,19,11,29,25,54,33,36,14,18,46,18,15,33,43,15,23,66,0,25,28,10,5,14,21,17,35,32,34,13,60,7,12,20,10,13,22,18,24,47,11,7,15,14,20,17,13,35,14,59,14,21,16,38,17,14,70,72,15,52,43,6,36,20,16,15,8,45,8,31,43,15,16,8,35,13,16,13,141,6,50,46,12,21,52,24,16,44,24,25,16,19,9,28,30,16,33,25,15,23,17,14,26,20,20,15,15,54,20,26,26,18,24,16,35,16,17,28,48,13,8,51,14,48,27,31,44,46,13,50,16,12,11,47,15,17,23,31,69,11,11,13,39,43,12,105,14,9,34,60,28,25,27,16,19,37,35,15,23,16,39,29,4,40,29,34,42,35,16,18,14,6,54,21,6,16,90,27,13,26,32,7,38,32,32,9,2,35,28,25,42,50,22,16,20,34,26,39,89,43,26,28,28,37,20,35,12,29,16,38,17,37,39,16,28,13,36,46,32,41,35,40,35,30,17,56,34,20,12,3,24,37,28,46,39,22,30,13,16,12,17,18,14,18,10,18,29,16,16,16,44,30,21,14,18,6,31,9,27,26,11,19,17,32,23,112,13,42,6,16,38,33,28,16,8,14,9,8,26,11,13,15,18,15,3,18,32,15,15,10,39,12,14,16,90,15,21,31,16,25,14
22,96,44,34,20,21,43,33,44,18,26,38,35,13,40,32,34,22,25,22,23,39,21,30,23,43,48,25,21,30,20,16,24,24,67,21,17,36,49,20,42,15,19,48,19,20,20,18,23,18,14,36,21,58,32,47,22,29,46,22,24,38,44,20,21,68,25,0,33,12,23,19,32,16,34,35,35,24,71,17,17,27,18,21,23,26,37,49,22,17,25,22,21,21,19,47,20,61,9,34,17,41,27,15,70,77,17,51,52,21,35,23,20,22,20,45,27,36,47,16,22,13,35,12,21,18,139,22,38,49,21,17,63,24,17,49,16,29,24,22,24,34,32,16,18,32,15,24,18,18,18,22,22,15,29,60,16,32,35,24,18,23,35,22,22,27,49,17,18,58,22,47,32,40,46,45,19,38,16,22,22,46,22,26,26,36,67,24,19,17,43,41,15,108,24,22,34,57,35,34,27,21,31,39,39,15,8,17,42,33,19,48,16,32,47,20,20,22,15,25,52,28,24,26,90,35,19,28,33,17,42,24,45,25,17,43,32,0,45,46,20,20,24,15,30,40,91,40,25,35,37,39,9,44,20,33,21,42,19,23,40,21,35,20,39,22,37,39,42,40,27,30,16,57,27,23,18,26,33,22,26,63,26,14,32,17,22,21,22,22,18,17,24,15,32,12,10,21,52,36,29,16,25,25,25,22,34,22,20,29,20,36,18,108,15,45,25,16,41,29,18,15,21,22,25,23,35,29,22,24,24,17,25,17,29,17,20,24,34,19,22,20,88,18,31,28,18,33,23
36,92,42,36,34,30,26,32,40,34,33,49,34,26,36,28,43,32,34,31,26,42,36,36,24,47,48,27,28,31,33,25,29,32,73,36,38,30,45,35,44,36,27,54,30,25,32,33,36,31,31,29,33,49,27,26,33,33,48,40,37,40,46,36,28,67,28,33,0,33,25,36,35,38,38,44,38,32,58,22,36,28,33,36,32,9,27,53,36,26,32,35,28,28,34,38,37,62,33,38,36,40,32,36,65,73,35,50,46,33,18,32,40,35,24,56,34,33,39,36,28,38,43,37,36,37,140,26,64,53,35,39,61,30,36,40,31,36,35,37,27,27,24,37,31,41,30,33,35,22,35,24,25,35,40,64,30,34,35,31,24,36,33,34,35,26,45,33,33,51,28,57,35,39,42,45,34,55,36,30,35,56,37,24,42,38,72,32,36,31,38,48,27,113,29,33,41,56,36,32,23,37,23,43,41,35,34,36,49,37,30,48,24,34,44,36,35,32,31,24,62,32,33,33,82,36,31,19,20,24,33,31,40,33,39,39,35,39,47,42,43,40,36,30,43,24,96,45,23,23,33,39,28,48,33,35,40,33,29,38,34,37,22,36,38,40,28,44,42,41,34,31,35,60,25,29,34,31,21,39,27,60,27,23,27,37,36,34,35,34,34,26,33,37,33,36,32,34,48,31,37,39,36,30,29,33,26,31,22,30,35,42,32,111,31,33,30,25,43,33,19,33,28,31,32,32,25,24,31,33,30,33,29,38,32,36,36,33,37,36,32,30,93,23,29,39,31,40,35
16,96,36,27,12,19,39,31,41,23,12,38,33,22,45,26,40,25,12,18,12,37,15,30,11,38,44,11,19,24,11,10,14,16,65,13,15,33,42,15,46,13,15,46,26,17,13,14,13,18,11,29,14,59,37,39,23,27,38,13,8,27,42,11,30,64,10,12,33,0,14,11,26,15,32,35,31,13,66,23,14,20,9,14,22,25,24,50,9,24,7,13,14,16,13,41,7,58,10,25,13,36,15,7,66,75,15,58,49,15,27,29,13,7,15,40,16,22,47,14,26,15,37,10,13,10,139,11,53,44,10,21,58,33,16,44,10,22,16,17,19,28,34,10,31,27,11,19,14,18,23,18,29,14,29,53,15,28,32,19,24,13,34,20,10,35,40,17,18,59,27,44,29,31,48,41,12,44,13,18,12,39,12,24,26,34,71,20,8,23,39,46,10,106,20,14,30,63,29,31,29,13,30,41,35,14,17,13,46,32,16,36,23,33,38,33,23,16,7,15,50,27,9,17,90,29,23,33,22,23,38,28,40,15,14,41,31,16,45,41,20,13,18,27,36,36,93,45,32,33,29,40,18,42,24,32,12,38,27,28,41,13,29,11,35,42,31,37,37,42,38,28,11,58,26,19,11,13,30,28,24,56,28,12,19,7,13,16,10,18,17,9,14,8,24,9,12,10,44,35,24,19,20,18,31,18,33,20,18,29,10,32,20,108,9,41,18,11,38,31,32,8,23,10,15,16,27,24,17,17,24,13,13,16,37,10,14,19,40,11,26,26,88,20,19,24,20,26,16
15,99,39,30,13,19,37,25,38,21,6,45,31,16,34,26,39,19,9,12,15,36,13,30,1,37,42,6,16,22,8,14,8,14,70,13,18,31,47,14,45,12,6,50,24,7,14,15,12,18,9,31,25,56,32,30,21,27,46,14,14,37,46,13,22,68,5,23,25,14,0,14,27,18,38,35,38,11,62,19,11,25,11,13,19,15,25,51,13,18,8,10,18,18,12,41,12,59,10,28,12,42,19,14,68,75,12,51,51,15,34,21,14,13,17,45,17,34,47,15,13,11,36,13,14,13,138,15,56,53,11,21,57,26,12,47,20,28,13,13,12,32,31,12,32,31,19,22,13,19,17,21,16,13,24,55,24,28,31,17,26,12,36,21,15,26,48,13,17,57,22,51,34,35,45,46,11,49,14,19,14,49,12,22,26,36,69,14,9,22,35,46,15,107,17,11,34,62,28,30,31,13,29,39,38,13,22,16,41,32,11,40,27,36,44,36,24,19,18,15,55,27,11,19,88,28,13,28,26,15,37,32,43,17,13,41,27,23,43,49,21,14,21,33,27,39,91,45,29,35,31,42,22,40,16,32,14,37,18,32,42,13,34,14,42,45,33,42,39,44,33,26,16,57,34,18,12,11,32,32,28,55,35,21,32,13,12,15,15,19,19,22,10,15,31,12,13,14,44,34,26,18,19,15,35,16,30,27,10,25,15,33,24,106,15,46,15,16,45,27,33,7,17,14,12,15,26,21,17,14,19,13,9,21,40,14,14,17,40,12,21,22,94,18,28,32,17,25,13
8,97,43,33,6,19,36,31,40,18,13,42,31,24,45,28,40,23,9,15,11,39,8,28,12,38,42,14,17,23,7,10,13,17,66,7,23,32,45,16,44,6,13,48,24,15,5,16,4,18,12,34,22,55,35,41,18,25,47,10,19,33,43,7,31,69,14,19,36,11,14,0,29,16,34,38,33,10,65,24,11,26,5,3,27,28,29,52,6,24,12,6,23,23,7,39,6,59,12,28,4,39,21,9,70,78,5,54,49,16,33,27,10,6,22,49,20,31,44,8,26,11,37,7,7,6,136,19,53,45,3,24,55,32,9,43,22,25,7,16,18,28,31,9,31,34,18,21,12,20,22,26,25,7,30,54,21,25,32,19,26,4,37,20,5,32,43,16,17,60,27,49,34,39,49,41,8,47,2,17,17,45,8,25,30,39,71,19,8,23,38,45,9,106,17,13,38,62,29,32,33,8,29,38,36,7,22,4,48,33,21,42,25,32,44,38,22,23,15,16,54,27,13,20,90,29,20,31,34,24,39,30,40,17,13,38,30,19,42,47,25,10,20,34,35,37,91,44,30,27,31,39,23,44,26,33,10,39,27,36,40,8,34,6,40,39,31,36,40,42,33,29,7,55,34,23,7,12,29,36,28,57,34,19,31,15,4,15,5,18,20,21,9,14,27,13,11,9,44,35,26,20,23,18,31,16,31,22,18,29,5,32,22,109,15,45,16,12,39,31,31,10,23,12,14,20,28,27,16,18,25,14,12,18,38,6,9,18,41,3,30,24,92,24,27,31,18,29,8
31,97,38,31,24,15,22,30,30,23,25,34,32,18,41,28,31,11,23,14,28,32,24,27,30,37,44,21,13,17,28,25,24,29,59,28,28,16,43,27,37,25,27,47,19,29,26,20,30,18,31,35,28,58,28,34,12,18,31,25,23,35,42,28,17,58,21,32,35,26,27,29,0,23,30,32,29,28,60,13,25,14,24,28,28,30,25,41,27,13,22,29,19,18,23,44,27,57,26,23,30,41,10,23,58,69,26,54,43,28,19,20,25,29,27,43,15,31,46,28,25,26,33,21,31,30,128,14,55,49,26,34,47,17,23,38,24,23,29,23,28,21,18,25,20,26,15,25,29,28,30,11,17,31,18,52,21,10,27,21,23,30,37,26,27,27,36,30,17,61,22,48,37,38,47,25,26,50,27,26,23,38,29,18,22,32,72,18,24,24,34,39,25,107,30,23,41,56,22,29,15,24,20,40,35,31,21,30,52,30,25,32,36,18,35,19,15,27,25,28,55,26,29,29,87,22,24,16,29,14,37,28,43,30,24,41,26,29,44,51,31,25,28,30,33,22,90,43,18,25,21,33,25,40,26,30,24,37,25,31,38,24,16,28,39,39,29,35,38,32,27,17,30,55,27,17,27,26,12,31,22,57,31,23,26,19,30,26,27,17,28,20,25,33,20,26,25,30,41,32,28,23,20,13,22,28,24,30,26,30,27,27,31,108,25,39,29,26,31,23,23,26,23,23,24,23,26,32,28,21,24,21,27,24,30,30,27,23,43,28,25,18,89,20,20,28,27,25,28
21,101,40,28,20,17,35,30,39,8,16,45,30,21,47,28,33,23,16,14,19,38,18,30,20,38,40,17,12,23,22,19,16,20,65,20,14,32,45,20,47,18,18,50,24,19,22,14,22,21,18,36,23,56,38,42,17,24,39,19,17,34,39,20,33,71,17,16,38,15,18,16,23,0,31,36,32,21,67,18,19,24,18,18,28,30,29,48,20,16,22,19,17,17,20,36,17,59,19,29,22,36,19,17,71,81,20,61,49,20,37,18,23,20,19,49,19,31,44,21,18,10,35,18,20,20,144,16,55,48,18,20,59,31,19,47,21,24,19,22,13,30,28,19,31,30,13,24,23,18,20,26,28,22,29,51,18,23,28,21,25,22,35,16,21,30,45,20,11,55,26,41,34,41,50,45,18,46,19,17,20,45,20,23,27,39,68,21,18,21,42,46,19,105,17,21,38,62,28,27,34,18,26,36,30,22,17,22,44,31,13,40,23,36,43,34,17,16,15,18,53,22,16,16,90,28,19,33,37,16,41,24,34,20,13,27,31,11,45,44,15,23,14,26,29,37,91,46,25,29,31,40,21,40,20,31,23,41,22,37,42,18,33,15,42,44,32,38,40,44,37,28,20,53,37,22,21,20,30,37,27,52,37,24,27,20,22,17,21,22,14,20,17,18,28,13,21,20,42,33,25,15,20,16,26,16,27,24,22,29,21,22,15,107,17,38,20,21,40,33,33,17,20,19,16,18,28,22,16,19,24,20,17,21,36,19,20,20,42,21,24,20,88,20,24,29,16,28,21
38,106,39,32,36,29,27,36,34,35,36,45,32,34,45,38,5,31,35,26,37,33,34,44,39,34,35,34,26,32,38,39,35,31,69,34,36,31,45,30,48,31,28,34,37,33,34,32,34,34,37,14,34,59,38,43,31,32,46,34,36,36,52,33,36,77,35,34,38,32,38,34,30,31,0,3,1,36,49,40,39,28,35,33,40,36,33,47,37,40,37,35,33,36,33,38,37,63,40,21,32,34,33,38,73,79,33,55,41,32,34,37,32,36,36,30,26,34,38,32,32,30,43,37,36,34,148,27,46,49,36,42,50,25,33,50,38,31,37,38,33,8,39,40,39,14,30,39,33,36,42,28,39,31,39,56,34,37,8,33,30,34,34,35,35,28,45,36,30,63,43,49,32,39,49,35,37,53,30,37,33,47,36,33,32,13,76,34,39,34,40,43,33,100,37,30,35,67,9,26,35,38,32,38,34,31,39,32,48,15,38,9,44,32,46,35,28,36,34,37,61,30,30,37,75,9,33,33,37,40,18,36,13,32,31,12,40,31,35,52,40,32,35,40,35,46,92,41,35,30,13,26,40,36,34,17,33,18,37,45,43,38,37,35,10,44,25,46,31,26,33,39,32,60,25,32,34,30,42,45,36,61,36,35,37,36,33,28,35,33,35,35,37,33,12,41,36,39,24,30,34,33,32,26,36,30,36,43,36,39,33,34,44,116,35,45,37,38,44,37,39,37,34,30,30,31,36,38,35,28,33,34,34,35,41,33,36,33,40,35,39,33,96,37,37,43,33,11,36
40,108,39,35,37,32,31,34,39,34,37,47,29,35,35,38,2,33,37,27,38,36,39,41,37,37,37,32,27,33,36,36,37,35,67,35,39,39,45,32,47,35,29,34,40,36,36,34,35,36,39,30,37,55,40,37,32,40,40,38,41,36,51,34,37,72,32,35,44,35,35,38,32,36,3,0,2,38,55,40,37,30,37,36,44,39,33,50,37,42,41,35,39,40,39,32,36,61,42,23,33,33,40,35,74,78,38,54,37,34,23,35,35,37,30,23,21,33,36,34,33,34,40,37,38,37,149,29,46,43,35,42,48,26,31,48,38,31,39,32,37,10,39,40,36,16,31,40,31,43,44,30,42,33,43,63,38,39,9,37,33,35,37,35,36,36,40,39,29,64,43,52,38,39,49,35,41,56,33,39,35,51,37,37,33,13,75,36,39,32,36,49,38,104,37,32,33,64,11,29,34,38,35,34,38,33,42,32,47,10,38,6,41,40,46,32,29,39,34,39,62,34,32,39,75,11,39,29,39,42,16,36,15,35,32,13,33,38,35,50,42,35,35,42,30,41,90,38,36,35,15,24,43,40,39,12,35,16,42,33,46,38,31,37,10,44,27,45,21,26,37,41,32,60,30,36,36,32,44,33,39,56,37,38,39,37,34,29,36,34,31,39,37,39,14,42,39,36,28,34,34,30,35,29,37,37,41,42,40,37,34,34,43,117,32,47,39,41,46,37,34,40,40,31,34,39,39,39,39,34,39,34,36,39,42,33,38,35,39,36,40,34,97,40,36,42,35,12,38
38,105,39,33,36,28,28,37,34,34,35,45,31,34,45,38,4,31,35,25,38,34,34,45,39,34,35,35,27,33,38,39,35,31,69,34,36,31,45,30,48,32,27,33,37,32,35,32,33,34,37,13,34,60,39,43,30,33,45,35,36,36,52,33,37,77,34,35,38,31,38,33,29,32,1,2,0,36,49,40,39,28,35,34,40,37,32,46,37,40,37,35,34,35,34,38,36,63,41,21,31,33,33,38,72,79,34,55,40,32,34,37,33,35,36,30,25,33,37,32,33,31,42,37,36,33,148,27,46,49,36,42,50,24,32,50,38,31,37,37,32,8,39,40,39,14,29,39,32,36,42,28,40,32,39,57,35,37,7,33,30,33,34,35,35,28,46,36,29,63,43,49,31,40,49,35,37,53,31,37,33,46,36,34,31,12,76,34,39,34,40,43,34,100,37,30,35,67,9,25,36,38,31,38,33,32,39,31,48,16,38,8,44,33,45,36,27,36,33,37,61,31,30,37,74,9,33,34,37,40,18,36,14,32,32,12,40,32,35,52,40,33,35,40,34,47,91,41,34,30,13,26,40,37,35,18,32,18,37,45,44,38,37,35,9,45,25,46,30,26,34,39,31,59,25,32,34,30,42,45,36,62,36,36,37,36,32,27,35,33,34,34,37,34,12,42,36,39,25,31,34,32,31,25,36,30,36,43,36,39,32,33,44,116,36,45,37,38,43,37,39,37,35,29,30,31,37,38,35,28,33,33,34,34,42,32,36,33,39,35,39,32,96,37,37,43,33,10,36
12,97,43,29,11,15,35,30,38,23,4,46,26,15,46,26,38,25,12,17,10,39,11,31,15,38,42,13,21,24,11,12,11,12,69,11,20,34,49,11,47,9,9,48,25,13,11,5,13,19,9,36,26,54,36,40,23,24,46,13,20,34,44,11,26,67,13,24,32,13,11,10,28,21,36,38,36,0,65,18,13,28,13,11,22,23,27,51,11,20,9,11,23,22,10,36,11,61,14,28,13,39,21,13,70,79,12,56,52,5,31,19,12,11,21,42,25,32,45,13,25,16,39,12,12,11,141,21,55,52,11,24,56,34,13,48,21,26,9,17,19,30,31,12,29,29,17,18,13,17,22,29,25,13,23,56,20,25,34,15,24,13,35,17,12,31,48,13,11,53,19,51,31,37,49,45,11,49,12,16,15,47,8,27,25,41,74,13,12,21,39,47,11,108,11,9,37,65,26,32,36,12,28,40,35,13,21,12,48,34,13,38,28,37,47,35,23,21,13,5,57,26,8,17,90,26,14,31,32,18,39,32,42,15,16,40,26,24,41,51,21,12,21,32,32,41,90,45,31,32,30,38,21,37,18,30,12,39,21,35,37,12,33,10,40,42,29,40,39,44,34,26,14,58,36,15,11,10,31,35,28,52,36,23,27,15,12,15,12,13,17,20,1,14,26,18,14,8,43,35,23,15,23,18,27,17,33,25,14,26,12,33,22,108,20,46,9,18,42,34,31,13,18,14,10,19,26,18,13,19,24,16,13,21,38,12,12,17,40,13,26,21,91,20,25,28,15,28,11
65,104,62,66,65,61,58,58,72,66,66,65,68,53,55,62,50,63,64,63,66,60,64,66,64,73,77,59,59,65,63,67,61,66,62,65,64,61,58,62,65,65,61,49,56,59,64,63,65,63,66,56,68,60,54,41,61,60,72,68,65,66,65,64,45,59,60,71,58,66,62,65,60,67,49,55,49,65,0,53,66,62,63,61,67,61,68,64,64,53,67,66,65,67,65,63,64,64,67,57,65,63,60,63,57,52,64,54,68,66,47,68,68,64,62,60,59,70,68,64,55,64,68,58,64,63,130,62,70,66,65,68,49,60,66,60,69,67,67,69,61,54,61,66,68,58,64,63,67,57,65,67,49,66,62,64,70,56,58,61,63,65,62,60,66,66,62,66,64,61,53,68,57,62,53,71,64,74,65,63,59,56,65,53,67,57,56,65,64,56,70,70,67,108,59,59,70,54,54,63,56,65,64,71,74,66,63,66,75,58,59,61,69,60,45,72,60,67,67,64,71,58,62,61,87,54,68,63,72,47,44,64,55,62,63,55,70,64,80,68,69,68,66,61,68,56,87,73,66,66,51,56,64,64,65,54,68,44,67,66,57,65,54,65,59,74,69,68,52,59,61,58,66,64,51,66,63,60,49,63,63,71,70,66,64,65,66,61,66,66,61,60,63,67,49,69,67,69,66,56,62,62,60,62,66,62,63,73,60,49,66,71,73,115,67,55,66,62,56,64,57,67,66,67,61,62,68,62,61,61,62,66,61,70,59,66,66,65,68,65,64,64,99,54,62,73,66,51,64
23,89,38,37,19,15,32,33,38,16,9,41,32,6,35,29,38,12,20,17,26,41,24,28,19,41,46,8,13,24,21,19,17,22,65,24,18,29,51,19,36,24,16,45,13,14,15,19,24,18,24,39,24,55,22,33,9,19,41,25,22,36,49,24,19,67,7,17,22,23,19,24,13,18,40,40,40,18,53,0,23,18,20,22,20,14,29,48,21,2,22,22,15,15,18,41,22,58,18,28,24,42,7,17,60,69,22,43,51,20,14,23,24,23,7,45,14,34,46,24,17,23,41,18,21,22,133,10,54,49,23,25,62,27,24,31,22,27,23,25,11,34,28,18,17,23,11,14,24,5,19,12,9,23,12,61,26,12,29,9,21,24,34,19,24,27,37,22,12,46,6,49,38,35,40,39,17,51,24,9,15,45,22,23,24,36,68,14,22,6,38,42,25,110,17,15,40,45,31,28,21,23,22,41,36,23,25,23,46,25,9,41,29,22,35,22,5,20,22,15,46,18,23,14,91,34,8,18,33,1,27,34,39,12,22,35,25,20,42,50,17,24,18,32,26,30,91,40,20,20,28,31,18,38,12,24,24,27,16,34,29,23,19,23,35,34,34,43,35,39,27,24,23,56,20,10,23,8,16,34,18,60,41,26,33,22,23,7,24,17,17,11,16,24,29,19,20,25,49,34,22,16,13,13,31,14,26,29,10,10,24,33,27,112,25,36,12,14,37,20,16,25,14,25,15,15,25,12,13,17,10,18,17,26,39,23,22,10,37,22,12,12,90,11,26,33,14,31,19
12,95,38,32,8,20,38,36,39,21,12,44,32,21,41,27,41,22,7,17,8,38,11,28,10,40,44,11,14,26,8,8,15,17,67,10,22,26,42,15,43,6,14,48,22,16,10,18,10,19,10,36,20,57,33,44,25,25,47,12,15,31,42,8,30,62,12,17,36,14,11,11,25,19,39,37,39,13,66,23,0,26,6,6,22,23,28,48,5,24,13,11,19,20,7,40,9,60,9,32,10,45,23,7,64,76,6,55,49,17,35,21,12,12,14,48,22,34,44,10,26,14,39,8,10,8,135,17,48,53,8,23,60,32,9,43,21,25,9,16,19,28,31,12,30,34,17,20,13,22,22,23,25,11,32,56,24,27,35,18,23,10,39,22,11,34,46,12,16,61,27,49,34,43,46,41,7,48,10,20,15,42,8,31,30,39,67,19,6,24,42,45,16,109,17,11,38,56,28,32,27,7,30,39,36,11,20,12,42,37,18,44,30,31,46,34,19,21,18,17,55,25,12,20,93,28,19,32,36,19,40,34,43,19,14,41,31,21,44,45,24,12,19,30,33,40,91,44,32,31,31,38,23,43,24,36,13,40,26,33,38,7,37,9,44,38,35,38,39,45,33,28,10,57,34,23,10,12,31,33,27,57,37,22,24,9,12,13,11,19,18,17,10,15,27,14,7,7,42,35,27,16,23,20,31,19,34,27,18,24,11,35,23,110,19,40,17,11,41,33,34,7,18,16,17,23,29,24,19,22,26,17,15,20,39,11,7,19,41,7,29,23,92,24,29,31,17,27,11
29,95,28,25,27,14,22,20,31,18,31,30,34,27,31,22,30,13,29,15,24,31,28,34,25,37,43,20,13,10,24,28,22,24,70,26,21,22,39,26,45,26,24,41,19,22,28,26,28,20,27,31,28,53,25,21,10,14,32,27,22,35,39,26,23,66,20,27,28,20,25,26,14,24,28,30,28,28,62,18,26,0,26,27,23,18,12,42,25,20,26,25,11,11,28,43,23,51,24,19,28,28,9,25,66,69,24,50,41,26,15,22,27,26,30,38,13,27,34,27,14,26,40,22,26,24,139,10,46,41,26,31,50,17,27,25,28,15,26,28,22,16,20,28,18,16,24,28,29,16,31,8,17,26,31,55,23,11,25,19,17,28,29,22,27,25,35,27,22,63,29,41,30,31,43,30,22,43,28,26,21,41,27,29,21,35,68,24,26,21,31,43,24,101,24,22,29,55,21,24,11,26,14,37,34,26,26,28,43,30,17,34,28,18,26,19,17,24,30,20,56,8,20,24,84,17,24,13,26,23,29,22,36,22,25,34,18,29,41,53,31,27,28,34,28,37,89,42,17,22,19,26,27,35,19,30,27,29,15,33,36,26,17,26,31,37,28,43,36,35,24,19,26,55,16,25,29,19,16,33,27,54,27,26,26,25,28,22,27,19,19,29,25,26,17,25,26,30,42,29,27,19,13,13,19,18,19,30,30,16,27,21,31,106,24,45,26,29,44,18,13,20,24,25,19,29,22,26,12,23,29,31,22,29,28,25,26,29,43,25,28,10,80,21,26,31,18,19,29
10,92,40,33,5,21,37,32,40,20,12,46,31,21,43,27,37,24,8,15,10,38,6,28,9,40,42,9,14,21,4,9,10,16,69,8,20,31,43,15,43,6,12,46,22,17,8,16,7,17,9,34,21,55,36,41,17,25,46,10,15,32,43,8,28,67,10,18,33,9,11,5,24,18,35,37,35,13,63,20,6,26,0,7,21,30,26,49,4,21,11,5,19,19,4,40,4,59,9,25,7,40,19,6,70,78,4,54,46,16,34,24,10,4,20,47,17,34,46,10,24,8,40,5,7,4,132,19,50,45,2,21,55,32,9,43,21,24,7,14,19,29,31,17,32,30,18,22,6,18,23,24,22,8,27,54,25,26,31,18,23,7,35,19,8,32,43,11,16,61,23,49,33,37,44,40,5,47,7,16,15,43,6,27,29,39,66,17,4,21,37,44,8,107,17,10,37,57,29,29,34,6,29,38,36,8,20,7,47,30,16,42,27,34,45,34,20,19,12,16,53,27,12,18,91,31,20,31,31,20,37,30,40,19,10,38,29,22,42,46,25,10,15,32,31,39,92,44,27,27,30,38,22,39,24,31,10,37,22,34,42,6,36,5,41,40,30,41,38,43,33,23,8,55,33,21,8,11,33,34,28,57,33,17,29,7,7,15,8,20,16,20,10,13,28,13,7,10,42,30,26,17,20,19,27,16,26,22,16,27,8,31,22,110,13,40,17,14,43,29,32,9,19,11,13,19,24,27,16,21,24,9,15,12,37,4,6,19,39,4,26,18,89,19,25,27,16,27,9
6,97,41,34,7,19,36,31,39,19,13,44,31,23,40,29,37,24,11,17,11,39,8,26,12,39,41,14,17,25,7,11,14,17,69,2,20,33,47,15,42,7,14,48,27,14,5,16,9,18,11,36,21,54,34,40,23,26,45,9,18,34,44,2,29,68,13,21,36,14,13,3,28,18,33,36,34,11,61,22,6,27,7,0,26,29,33,51,6,21,9,9,22,20,7,40,8,62,12,27,9,42,23,10,70,76,5,54,48,17,33,24,9,9,21,45,20,31,46,3,22,12,37,13,3,9,136,19,55,51,8,23,58,31,8,46,21,25,9,15,19,30,31,11,29,34,17,20,11,21,21,27,22,5,30,55,23,24,32,19,27,9,36,21,7,32,47,15,15,60,24,50,32,38,48,42,10,48,8,19,16,49,7,25,28,38,68,18,7,24,38,43,11,107,19,11,37,59,27,31,33,8,29,38,36,5,20,5,48,34,18,42,28,33,46,37,21,23,16,17,55,27,13,20,91,28,20,31,33,21,34,33,41,18,14,39,29,21,41,44,24,9,19,35,34,36,92,44,32,32,30,39,23,42,22,34,9,34,25,34,41,8,33,4,40,41,33,39,39,43,36,28,8,57,35,20,6,14,28,34,26,58,38,21,27,13,9,15,7,19,17,20,11,15,26,14,10,10,44,34,25,17,25,18,29,18,32,25,17,27,6,31,23,109,19,42,17,13,42,33,31,10,20,12,16,20,29,26,17,20,26,14,14,17,38,8,6,19,39,4,28,24,92,22,26,31,17,30,7
28,100,35,29,23,18,30,36,46,29,25,42,37,28,41,30,40,26,26,22,20,37,24,29,19,40,45,21,16,18,29,19,22,26,59,27,26,15,41,28,44,28,29,44,24,26,28,28,28,27,26,41,28,55,21,39,23,14,46,32,19,38,48,27,28,65,22,23,32,22,19,27,28,28,40,44,40,22,67,20,22,23,21,26,0,23,22,52,24,23,29,26,18,17,21,42,29,63,22,30,28,39,14,24,67,77,27,54,49,29,27,31,32,27,16,44,26,35,48,28,20,27,38,25,25,27,141,20,48,51,25,30,55,29,29,40,26,35,27,31,23,31,32,29,24,31,29,22,30,26,28,20,19,31,29,60,20,26,39,29,29,28,37,25,29,33,47,25,28,59,19,53,39,45,49,48,25,45,29,23,31,52,26,27,33,39,68,26,25,20,38,42,19,109,27,27,39,62,38,32,19,26,28,41,35,31,22,29,50,30,22,48,20,27,36,32,26,20,23,29,59,18,22,25,91,33,23,22,30,28,38,38,44,29,26,42,27,21,49,52,29,32,22,31,32,34,95,45,22,33,32,33,24,35,24,28,32,38,22,36,40,26,30,25,36,41,33,35,48,41,32,27,31,64,27,29,28,23,20,36,25,58,34,25,30,25,29,23,29,28,30,26,21,19,36,21,19,26,47,31,34,24,23,25,27,26,34,22,16,25,29,32,16,112,23,40,23,28,45,30,26,25,17,22,21,28,28,18,26,24,26,31,29,32,31,25,29,31,41,27,24,15,96,19,24,28,27,36,27
29,100,43,37,25,23,39,28,39,31,23,47,39,14,40,31,36,25,29,25,25,40,32,29,18,44,46,19,23,21,27,25,25,27,66,30,26,33,50,28,34,29,19,47,25,24,24,26,31,26,27,35,29,53,22,35,30,25,44,32,26,39,44,30,16,66,18,26,9,25,15,28,30,30,36,39,37,23,61,14,23,18,30,29,23,0,26,54,28,15,30,27,26,25,23,47,27,59,27,34,31,42,15,28,68,74,31,55,48,24,18,26,32,26,23,48,22,35,49,30,18,29,38,27,28,31,142,20,59,53,27,32,57,32,31,43,27,28,26,30,20,34,22,25,25,34,21,23,28,18,31,20,13,31,20,61,32,24,29,20,21,31,37,23,30,17,42,26,22,59,18,57,38,39,44,35,26,50,29,21,26,50,29,22,30,31,69,19,28,17,33,50,23,112,20,31,41,53,37,31,27,31,14,42,36,31,24,31,50,31,20,46,27,25,39,38,23,18,30,19,56,20,22,24,87,33,25,27,21,13,32,29,43,25,28,42,28,26,47,49,34,32,31,34,26,34,95,45,24,23,31,34,27,39,20,36,32,32,25,32,32,31,30,29,37,47,33,30,40,40,34,27,31,60,34,24,29,18,20,32,20,59,25,16,30,28,31,22,30,23,26,16,28,32,25,26,26,26,52,35,24,26,22,23,32,24,21,25,13,18,30,36,31,113,30,35,27,22,38,33,23,29,21,26,24,30,29,20,26,22,23,24,23,32,32,28,30,25,39,28,22,23,96,17,26,26,23,31,30
34,103,38,33,30,17,36,31,30,30,27,36,28,32,41,23,35,23,26,20,30,32,29,32,28,40,44,24,22,24,27,31,26,31,62,33,34,23,40,30,35,31,22,46,28,26,31,27,31,31,26,32,32,52,30,39,18,20,32,34,26,37,45,33,21,65,24,37,27,24,25,29,25,29,33,33,32,27,68,29,28,12,26,33,22,26,0,34,28,28,32,26,24,26,25,33,26,54,29,24,31,32,17,28,67,69,28,56,46,29,19,25,35,29,25,47,12,37,34,34,31,33,43,30,33,26,143,15,48,50,27,28,56,22,28,42,29,25,32,35,22,26,31,27,16,21,29,37,30,30,31,18,27,30,32,51,28,25,25,32,25,31,33,37,32,26,37,27,19,48,34,48,30,36,44,37,29,52,34,28,31,48,31,28,36,26,67,32,28,31,38,42,24,107,32,30,31,62,39,26,24,29,18,44,41,30,30,31,51,33,25,37,29,25,42,23,26,18,31,33,55,20,27,33,83,27,24,22,24,32,37,28,43,29,32,40,33,30,44,45,34,35,24,36,32,33,92,49,14,21,29,38,28,37,27,31,34,37,30,35,41,29,29,31,27,43,15,36,33,37,31,31,27,60,20,30,30,32,16,34,25,55,36,22,24,24,31,27,32,32,31,30,29,26,35,28,27,29,47,32,34,31,15,15,15,29,20,32,30,30,32,23,27,110,23,34,28,26,37,21,24,29,27,24,32,31,31,20,33,32,22,32,32,36,38,26,31,36,48,30,36,15,91,31,28,31,31,27,31
53,98,52,48,49,39,43,48,50,50,48,51,54,52,46,47,46,50,51,40,51,54,54,55,51,63,58,47,41,43,51,46,46,42,69,52,53,47,39,50,61,53,40,53,44,47,52,54,54,47,50,43,51,61,56,50,41,40,54,55,48,51,47,52,47,64,47,49,53,50,51,52,41,48,47,50,46,51,64,48,48,42,49,51,52,54,34,0,49,54,51,52,40,39,50,54,49,66,48,43,54,52,44,52,65,78,52,58,13,50,43,45,55,51,44,46,39,55,43,53,48,48,55,49,52,52,143,41,54,51,52,51,47,43,51,54,53,40,53,52,43,48,43,48,44,54,40,56,55,41,56,45,48,54,46,51,54,54,48,53,46,54,52,52,53,53,26,50,47,58,49,58,48,54,43,46,46,59,53,50,47,54,51,49,46,45,66,46,54,48,52,56,51,114,54,44,51,60,49,45,39,54,45,59,60,54,52,54,68,39,46,62,53,41,56,50,43,50,52,50,59,48,46,54,89,49,44,48,56,48,50,51,47,48,40,49,51,49,62,52,57,55,48,44,50,54,93,59,41,38,50,42,59,51,49,42,55,50,50,43,38,54,51,52,51,53,53,56,42,31,50,50,54,60,49,49,50,41,54,40,44,63,52,51,45,47,54,44,53,51,44,51,46,52,41,47,48,55,59,51,53,40,40,40,40,46,43,55,49,50,53,53,60,109,38,37,46,52,41,42,45,53,49,47,47,51,47,50,48,42,52,52,41,53,44,52,54,51,57,50,48,41,93,50,33,53,50,41,54
10,94,39,34,7,20,38,33,41,19,14,39,32,25,43,27,37,23,13,15,10,40,9,29,13,38,42,12,18,24,3,4,12,17,68,8,17,33,45,11,45,8,13,42,24,16,8,15,10,16,12,37,25,56,37,41,20,28,46,10,17,34,42,8,32,68,11,22,36,9,13,6,27,20,37,37,37,11,64,21,5,25,4,6,24,28,28,49,0,23,14,6,19,20,6,39,4,61,11,24,10,37,21,9,71,77,5,53,49,16,31,20,10,6,17,41,21,28,45,9,23,17,40,7,8,4,135,18,51,50,5,22,58,29,10,46,19,27,10,15,18,30,30,14,31,34,16,21,9,23,19,24,24,10,31,53,24,27,32,18,24,10,37,21,7,31,39,14,13,58,24,48,32,40,49,42,2,49,9,17,14,41,7,23,29,32,70,17,4,24,38,44,9,107,20,11,38,59,25,27,31,9,29,37,35,10,19,8,49,35,17,44,28,29,43,35,21,20,14,16,53,27,17,19,92,29,20,27,31,21,38,32,37,19,17,35,30,22,42,45,20,10,20,36,35,36,93,44,35,29,31,39,24,41,26,35,10,38,25,33,43,9,35,6,37,38,32,39,39,44,34,26,10,54,32,20,6,14,31,33,29,56,32,19,25,13,8,13,7,18,15,19,9,9,27,14,7,8,44,33,23,16,24,19,32,16,33,23,19,28,5,34,21,110,13,45,14,11,40,32,26,8,18,11,16,19,26,28,16,21,28,15,14,20,37,5,8,19,39,4,29,25,92,24,25,32,14,28,9
23,94,40,32,19,7,29,32,37,21,17,45,30,6,37,27,41,12,18,14,25,31,21,27,18,40,43,8,13,27,24,19,17,16,68,24,19,34,51,19,35,22,12,51,13,8,17,15,24,6,24,38,21,47,25,37,11,22,47,25,23,40,48,24,11,64,7,17,26,24,18,24,13,16,40,42,40,20,53,2,24,20,21,21,23,15,28,54,23,0,20,23,10,10,22,38,24,56,20,25,24,36,11,21,72,71,22,45,50,12,16,26,24,23,11,45,16,31,47,24,10,23,37,17,22,22,135,11,56,48,23,20,59,32,23,32,16,30,19,23,10,32,28,17,27,31,12,14,24,7,24,12,16,24,11,56,26,10,36,15,23,24,35,10,24,25,38,24,7,49,6,48,32,40,39,37,19,49,24,19,17,46,20,22,29,41,62,4,23,4,40,40,22,107,15,12,37,58,27,32,21,23,23,41,37,24,26,23,45,25,20,43,29,29,33,22,16,21,23,17,46,23,19,17,90,30,8,18,32,1,26,32,42,6,21,32,18,19,41,47,17,24,21,33,27,22,85,38,24,23,31,33,18,42,11,24,24,26,10,39,28,23,19,23,35,40,32,42,40,39,28,24,24,55,23,19,23,12,14,37,20,56,33,26,28,18,23,7,24,5,9,19,16,25,30,20,20,25,49,25,26,6,21,15,18,14,29,29,15,15,24,31,26,108,22,42,16,16,37,26,19,25,16,23,15,9,29,16,13,21,15,17,15,24,35,23,22,10,36,23,12,12,95,5,21,34,18,28,20
14,92,41,30,8,23,27,33,41,20,16,46,30,23,43,28,40,25,3,21,7,39,10,29,11,39,40,15,15,21,12,8,16,16,66,11,14,34,46,12,45,13,14,49,23,16,10,17,13,17,6,33,26,55,37,44,24,22,43,15,17,36,41,11,32,64,15,25,32,7,8,12,22,22,37,41,37,9,67,22,13,26,11,9,29,30,32,51,14,20,0,8,22,21,14,42,13,58,14,27,13,39,15,10,67,75,14,55,49,14,21,26,15,13,20,45,18,27,44,14,24,14,39,18,11,13,135,20,58,51,8,26,60,32,14,42,17,25,14,11,18,32,28,11,32,31,20,15,12,24,18,32,22,14,27,54,16,29,31,17,19,13,38,20,12,25,42,15,15,63,22,43,34,40,48,46,13,48,14,20,14,43,12,26,27,37,69,19,6,26,37,45,11,107,18,11,33,59,32,25,27,7,28,38,36,14,21,13,46,31,17,41,22,38,35,39,27,20,13,14,52,27,11,17,90,31,17,35,32,22,38,31,40,19,16,38,32,20,37,41,25,15,21,30,37,31,91,43,33,33,32,41,19,46,22,31,14,38,25,35,41,7,23,12,33,37,31,35,39,36,38,23,13,53,32,20,11,15,33,35,14,60,41,19,18,11,13,17,12,18,21,15,14,11,29,17,12,12,45,33,23,19,29,17,33,18,34,25,23,27,12,33,23,98,16,42,17,8,32,32,36,13,19,6,12,22,29,25,18,21,26,13,15,16,39,13,12,20,35,9,29,21,81,25,21,26,19,26,10
10,93,39,35,2,18,37,31,38,21,10,42,32,24,44,26,35,23,7,13,9,39,5,28,11,37,41,14,12,22,4,11,11,18,70,8,22,34,45,15,44,6,16,47,26,12,8,16,7,15,11,38,22,59,37,42,20,24,48,10,19,31,42,7,30,68,14,22,35,13,10,6,29,19,35,35,35,11,66,22,11,25,5,9,26,27,26,52,6,23,8,0,23,22,7,39,6,57,11,27,6,36,18,10,70,78,2,54,50,15,32,25,9,3,21,43,22,29,45,9,24,13,37,6,7,2,136,16,52,46,3,22,56,32,8,42,17,27,9,12,19,30,34,14,31,29,18,22,7,21,22,28,25,3,30,55,24,28,34,15,24,7,35,19,9,33,46,12,17,59,28,48,32,39,49,41,8,47,6,19,15,47,7,28,28,34,70,16,4,25,37,45,9,107,16,12,38,57,27,26,28,3,31,37,34,3,21,6,44,35,19,39,26,33,43,35,20,23,15,16,55,23,11,18,92,30,22,33,29,24,39,30,41,18,15,39,29,18,41,46,21,9,20,32,34,37,89,39,28,27,30,40,25,41,26,34,9,39,24,33,41,3,32,10,40,40,34,40,39,43,37,27,2,56,32,23,2,11,32,33,28,58,37,21,34,13,6,15,9,15,17,24,11,15,28,16,9,10,46,35,26,19,22,20,30,13,33,21,19,28,7,34,23,108,16,44,14,17,40,28,28,11,21,8,17,15,26,26,18,19,26,13,14,11,35,1,4,17,41,4,26,20,89,24,24,31,14,29,11
24,96,36,27,18,5,37,32,32,13,23,28,34,8,40,30,39,13,17,18,17,36,23,31,20,38,39,20,19,9,19,14,16,9,71,23,24,19,45,24,43,23,14,45,28,16,22,23,25,11,18,33,18,61,25,42,12,7,44,27,16,40,43,23,27,59,20,21,28,14,18,23,19,17,33,39,34,23,65,15,19,11,19,22,18,26,24,40,19,10,22,23,0,1,15,35,17,63,19,28,25,40,19,12,62,77,21,51,45,19,21,16,26,21,9,42,17,33,40,24,24,19,41,19,23,20,140,9,37,47,19,23,60,30,24,43,23,20,25,24,8,29,30,19,31,26,15,23,26,12,15,26,20,24,28,52,22,24,30,18,21,25,33,21,24,29,44,19,13,53,28,49,33,31,42,44,14,51,24,18,20,49,24,24,24,32,66,17,21,9,38,36,16,102,17,16,33,63,32,30,22,24,26,38,35,24,23,25,47,34,7,43,18,31,49,28,6,13,17,19,55,12,10,21,93,31,12,27,33,18,37,28,41,14,18,38,28,20,38,46,26,26,19,35,32,35,91,43,16,32,30,38,21,32,21,34,26,37,20,37,37,24,30,21,39,41,29,39,38,39,34,21,24,56,31,8,20,19,25,39,21,57,31,16,33,13,25,10,24,18,7,20,19,22,29,19,18,21,45,29,24,7,12,10,20,11,25,28,22,14,24,34,23,105,12,45,13,21,40,24,17,11,7,24,12,20,30,10,11,14,21,21,21,26,36,20,20,12,35,23,20,8,92,17,22,32,20,31,24
24,96,36,31,15,9,35,30,40,12,23,29,34,8,40,29,34,17,17,16,16,33,26,28,20,38,38,17,19,10,18,15,20,9,71,21,18,18,38,20,43,22,14,42,19,16,19,23,22,11,19,38,18,62,23,42,11,8,42,27,17,39,43,21,29,59,17,21,28,16,18,23,18,17,36,40,35,22,67,15,20,11,19,20,17,25,26,39,20,10,21,22,1,0,15,37,20,63,18,28,22,37,19,13,62,76,24,50,45,21,21,12,25,21,9,41,17,35,40,21,24,17,39,19,23,24,140,9,37,49,19,24,60,29,25,44,24,19,24,24,8,31,31,20,31,26,15,25,23,13,16,30,23,22,28,50,17,23,28,18,21,22,36,21,22,29,43,19,13,55,29,51,34,34,42,44,13,51,24,18,20,48,21,26,19,30,67,17,21,9,38,39,21,107,17,16,27,63,28,30,25,21,28,37,35,22,23,22,48,38,8,41,17,30,48,27,7,13,23,21,55,15,11,21,86,32,11,26,31,19,35,26,39,14,15,39,23,20,36,45,26,25,17,34,31,37,89,43,15,33,32,39,20,39,19,37,25,35,20,40,37,21,30,21,37,42,28,36,39,43,37,21,24,59,35,10,21,16,21,38,25,53,33,15,31,13,22,10,22,18,7,19,20,22,30,19,18,21,47,29,19,7,15,14,19,11,22,26,22,25,22,35,21,107,11,45,17,20,44,28,21,12,11,21,12,20,27,12,11,16,23,20,18,24,33,22,21,12,34,23,20,11,87,17,19,34,18,28,23
10,96,44,36,6,16,36,31,38,22,13,42,32,23,45,27,38,24,8,14,7,39,12,27,13,39,43,12,14,25,6,9,14,18,68,7,18,34,45,18,43,4,14,43,23,14,5,15,9,19,6,36,22,52,30,42,25,28,45,11,18,32,45,7,26,66,13,19,34,13,12,7,23,20,33,39,34,10,65,18,7,28,4,7,21,23,25,50,6,22,14,7,15,15,0,41,6,59,6,31,9,41,21,5,68,75,7,53,45,16,31,25,11,7,22,45,20,31,46,10,24,14,38,10,7,9,135,14,49,53,6,23,59,27,8,42,22,24,7,17,17,32,31,9,28,32,19,17,7,21,16,22,21,6,29,56,23,22,33,19,23,9,34,21,5,32,44,10,15,60,26,51,34,37,48,44,4,48,7,18,14,45,8,26,30,35,64,17,9,21,35,42,8,108,19,12,38,55,32,32,27,8,27,40,38,6,17,9,47,31,14,42,23,36,46,33,19,21,13,15,52,23,16,22,91,32,17,30,31,18,38,30,40,16,18,38,27,19,44,45,23,11,21,32,27,40,92,45,24,31,28,39,19,41,21,32,11,38,21,33,37,8,35,10,37,39,31,38,40,45,34,25,7,59,33,23,7,11,26,33,22,58,39,16,24,8,9,15,5,19,20,20,12,10,26,10,6,8,47,36,26,18,21,13,25,18,34,24,13,27,5,28,24,110,13,45,17,15,42,29,28,7,15,10,15,20,26,21,15,15,22,9,12,19,36,5,7,19,40,7,24,18,92,18,29,30,16,27,9
41,105,40,42,41,43,47,19,43,42,42,45,28,42,23,39,37,39,40,28,42,32,40,48,40,48,49,35,37,38,42,42,36,42,71,40,41,41,42,39,50,39,37,53,38,34,39,40,42,41,40,34,40,64,44,32,41,35,50,43,39,39,49,40,44,73,35,47,38,41,41,39,44,36,38,32,38,36,63,41,40,43,40,40,42,47,33,54,39,38,42,39,35,37,41,0,40,55,43,27,42,42,36,40,76,81,39,41,49,43,28,47,43,39,39,56,28,36,50,39,38,41,49,39,38,40,142,39,56,54,40,43,60,38,42,43,42,15,40,43,40,39,45,41,35,29,42,40,43,41,42,35,43,42,47,64,41,30,40,40,41,42,37,40,40,46,46,40,42,56,36,57,43,29,39,47,41,56,41,40,39,49,37,40,41,28,76,40,40,37,30,30,43,106,40,38,43,67,32,38,37,40,22,47,49,42,46,42,52,42,42,44,44,45,35,44,40,42,41,41,57,36,40,41,92,38,43,37,42,41,37,39,46,36,40,38,43,43,48,59,47,43,39,43,45,28,92,48,40,38,41,36,40,35,43,40,43,37,40,42,38,40,24,39,47,50,24,41,48,33,30,35,42,63,42,41,40,41,29,42,40,57,35,39,39,42,42,43,40,39,35,43,41,41,35,43,41,42,53,39,41,43,33,39,42,37,38,41,39,39,40,41,43,116,42,47,39,43,44,37,36,39,40,40,38,40,36,39,35,41,44,43,36,45,45,41,41,40,47,39,49,43,98,43,30,43,43,36,38
11,94,39,32,6,21,34,30,41,21,12,43,32,24,42,26,38,23,11,16,11,39,5,29,12,39,42,14,19,23,1,11,13,16,68,8,21,33,43,14,43,6,12,44,29,12,8,15,8,15,7,35,22,57,37,39,24,26,47,13,15,30,40,8,28,69,14,20,37,7,12,6,27,17,37,36,36,11,64,22,9,23,4,8,29,27,26,49,4,24,13,6,17,20,6,40,0,59,12,28,8,40,21,9,69,77,8,55,49,15,32,23,13,8,18,42,21,28,45,11,25,13,37,7,8,8,137,20,52,52,3,22,56,32,6,46,19,27,7,13,18,31,31,13,31,31,16,23,7,22,17,26,24,8,30,53,24,26,34,19,27,8,34,21,10,31,44,14,15,58,27,48,32,41,49,40,9,48,10,21,16,41,7,26,29,39,71,15,5,24,39,44,11,108,20,12,35,61,26,26,35,7,31,40,35,8,21,8,47,34,19,45,29,34,46,36,17,16,13,17,54,28,14,18,92,29,21,32,29,23,36,31,39,19,14,37,29,15,42,47,19,13,20,35,30,37,91,42,30,29,31,39,20,46,25,34,13,36,24,33,39,7,34,7,37,40,31,39,38,44,37,28,8,54,32,20,11,14,30,33,29,55,37,23,34,13,8,13,10,17,15,21,10,13,28,9,7,7,45,34,28,14,25,19,31,16,33,21,15,29,10,34,21,108,15,45,17,14,40,29,26,8,18,11,14,17,28,27,16,18,25,14,11,20,33,5,7,19,39,6,27,22,90,24,25,29,19,28,12
63,99,60,65,61,64,60,52,63,52,62,55,63,61,42,61,62,51,61,59,60,63,59,66,59,67,64,59,61,61,62,63,60,62,60,62,60,56,56,64,71,56,62,64,64,57,60,62,62,61,56,58,58,68,65,65,58,61,56,62,59,60,56,62,63,57,59,61,62,58,59,59,57,59,63,61,63,61,64,58,60,51,59,62,63,59,54,66,61,56,58,57,63,63,59,55,59,0,57,64,62,62,61,55,59,77,59,58,52,59,59,65,62,59,58,73,57,62,54,63,57,59,66,56,62,58,142,58,66,56,58,57,56,55,61,47,60,64,60,64,61,56,63,57,62,68,56,63,63,62,57,51,59,62,58,55,66,64,58,57,63,62,62,64,62,64,57,61,59,59,63,56,62,61,63,43,57,69,61,57,63,57,62,61,66,61,71,58,58,59,56,58,57,111,63,61,68,55,57,56,54,59,60,71,65,62,59,62,72,55,62,63,64,60,62,54,55,56,59,59,52,60,59,62,93,59,58,60,60,59,62,59,55,59,61,61,66,61,68,62,69,62,60,54,64,58,89,70,54,58,60,58,59,61,67,51,62,62,63,60,58,59,58,61,60,66,56,63,64,61,50,62,61,61,60,62,61,61,59,59,60,57,69,59,64,61,62,58,62,56,58,57,60,60,61,58,59,61,64,54,62,59,59,63,56,58,58,57,61,60,61,64,61,104,62,67,63,63,62,61,52,55,61,58,60,65,56,64,61,63,63,61,61,63,63,61,61,57,71,63,66,56,79,60,61,63,56,59,63
13,97,41,35,9,16,38,34,38,22,14,34,35,21,45,28,41,23,9,17,11,35,8,28,9,43,46,14,20,25,9,6,12,19,69,12,19,32,44,14,42,10,12,44,20,15,9,16,13,19,6,35,21,55,34,40,26,20,47,12,17,37,45,10,24,70,14,9,33,10,10,12,26,19,40,42,41,14,67,18,9,24,9,12,22,27,29,48,11,20,14,11,19,18,6,43,12,57,0,31,13,42,20,4,68,73,12,51,48,18,35,22,14,12,19,48,21,30,47,12,26,12,41,6,13,11,134,14,46,52,10,25,59,28,12,44,20,26,14,11,20,33,32,6,21,32,16,22,13,16,21,23,21,11,31,57,16,26,32,19,24,13,36,22,14,30,45,10,14,60,21,46,32,42,45,42,9,38,11,20,13,47,11,27,27,34,72,19,8,24,37,43,6,107,21,11,36,61,31,32,26,8,28,41,38,11,12,12,48,31,16,46,21,30,46,30,15,15,10,17,55,29,15,19,93,33,19,30,31,18,39,27,38,20,14,36,32,13,46,44,28,14,15,23,31,41,92,46,26,30,32,40,12,46,24,31,13,39,22,26,37,8,34,11,35,33,32,37,43,46,33,27,13,58,25,21,9,12,29,25,28,58,27,16,29,7,12,15,14,20,16,18,15,12,27,7,2,10,49,35,28,17,19,19,27,17,35,24,15,24,14,32,17,112,10,44,15,14,44,29,21,8,20,10,17,21,27,26,19,21,23,11,12,18,32,10,13,21,36,12,25,20,94,17,30,24,20,29,11
32,98,37,20,29,21,30,25,35,24,27,46,27,29,27,29,22,24,29,15,33,26,30,35,26,41,42,21,23,24,26,33,21,29,66,29,31,20,38,26,48,29,19,41,34,25,28,24,29,18,30,24,33,60,37,26,16,30,45,31,24,40,45,28,24,62,21,34,38,25,28,28,23,29,21,23,21,28,57,28,32,19,25,27,30,34,24,43,24,25,27,27,28,28,31,27,28,64,31,0,30,41,21,31,69,71,26,59,45,30,20,26,30,26,28,21,14,31,44,29,33,27,43,26,31,27,141,17,43,39,27,32,57,23,31,35,31,32,29,31,29,6,31,33,32,11,24,35,31,31,29,28,32,30,33,54,23,28,20,25,25,29,21,24,30,27,40,29,22,62,29,48,4,34,48,37,30,53,29,21,26,50,30,36,21,23,72,25,33,23,35,43,29,107,23,28,30,65,11,27,24,31,26,40,37,30,27,30,49,9,31,26,28,37,38,31,29,30,32,29,56,27,28,33,82,11,27,27,35,26,10,32,26,27,27,24,32,29,44,55,30,30,30,35,32,35,93,43,30,34,14,32,30,35,28,10,30,10,18,38,29,31,28,30,27,45,27,37,23,22,25,33,29,52,24,31,30,28,31,38,30,52,28,30,29,33,30,26,30,28,25,29,25,31,10,32,31,29,40,32,31,25,25,27,26,25,17,32,30,23,30,35,35,109,31,39,28,30,36,32,33,28,29,31,31,25,26,30,28,29,22,28,26,31,28,29,30,15,47,30,34,25,93,21,26,35,14,15,33
8,97,44,36,8,19,38,33,39,24,13,45,32,25,43,28,37,28,11,16,13,41,9,28,15,37,42,16,17,24,8,14,15,20,69,3,22,35,48,16,44,6,14,50,27,14,7,14,2,16,13,41,26,57,37,44,26,27,48,9,16,35,45,8,31,69,16,17,36,13,12,4,30,22,32,33,31,13,65,24,10,28,7,9,28,31,31,54,10,24,13,6,25,22,9,42,8,62,13,30,0,42,24,15,71,78,8,54,49,14,34,24,7,6,22,48,22,31,47,2,27,14,37,9,9,8,136,19,57,47,11,20,57,35,7,46,23,27,9,11,19,31,32,14,34,31,20,18,3,25,25,28,25,5,30,56,22,26,35,17,25,3,39,19,4,35,45,14,18,61,26,51,37,40,51,43,10,50,2,18,18,47,10,28,33,38,70,18,10,24,38,46,11,109,20,14,39,61,30,32,34,9,29,38,34,5,25,1,42,37,19,43,24,34,46,38,22,25,17,16,54,27,13,23,93,30,22,32,33,24,37,33,43,17,17,41,29,17,40,46,22,7,22,34,27,40,93,39,34,30,34,41,24,45,24,37,7,37,26,39,44,9,36,9,43,38,33,41,41,44,39,31,5,57,36,25,4,13,30,39,28,60,40,19,33,12,1,18,4,17,20,23,13,15,28,17,11,12,46,38,27,20,27,17,32,17,34,27,19,29,3,31,24,107,17,47,14,15,41,32,32,13,22,10,18,18,28,27,18,22,29,9,12,9,39,5,5,17,38,4,29,24,90,25,27,33,17,31,6
43,110,30,35,42,31,41,38,33,36,41,41,29,39,36,28,34,39,45,31,40,27,42,45,42,48,52,38,35,33,40,41,40,42,57,42,41,26,40,36,44,40,39,39,39,38,38,39,42,37,36,17,38,54,36,36,35,37,33,45,41,32,44,42,41,60,38,41,40,36,42,39,41,36,34,33,33,39,63,42,45,28,40,42,39,42,32,52,37,36,39,36,40,37,41,42,40,62,42,41,42,0,35,40,69,73,42,55,53,40,25,38,45,39,36,57,28,36,44,43,41,43,49,41,40,41,138,32,56,39,38,46,58,34,39,46,45,36,43,43,35,37,38,42,35,37,42,45,41,39,43,42,39,40,41,48,36,35,30,41,43,42,28,41,43,44,45,40,36,64,44,44,24,43,47,39,39,55,41,39,42,44,40,45,32,32,77,40,41,41,35,45,35,114,41,37,34,65,41,41,48,41,37,49,47,40,40,42,56,42,42,32,35,40,40,37,37,40,38,39,55,36,38,43,68,41,38,35,43,40,37,32,37,42,43,31,38,42,51,42,46,45,40,29,42,41,91,55,33,39,36,34,39,34,43,38,44,37,40,35,39,41,33,41,27,51,40,29,32,17,44,34,42,57,46,34,43,40,39,35,41,56,40,33,37,43,42,42,43,37,36,33,38,36,36,42,38,38,40,28,42,33,29,34,31,35,39,32,36,44,43,35,46,98,31,44,40,42,36,35,42,38,41,32,40,44,31,43,41,40,35,37,41,44,34,41,41,38,44,39,38,35,83,36,38,43,35,31,44
25,95,31,29,20,9,37,33,28,22,19,43,33,11,37,25,27,11,24,16,21,30,24,24,19,43,41,17,10,17,21,23,18,23,64,22,25,35,45,15,44,22,18,42,14,10,21,16,24,18,21,27,19,50,32,38,7,21,36,24,19,37,39,22,16,59,17,27,32,15,19,21,10,19,33,40,33,21,60,7,23,9,19,23,14,15,17,44,21,11,15,18,19,19,21,36,21,61,20,21,24,35,0,17,58,76,22,45,41,24,23,21,22,19,21,43,7,38,36,25,20,21,36,22,22,21,138,10,55,50,19,20,50,26,23,43,23,16,23,20,8,22,21,22,15,18,9,27,27,16,19,13,14,25,22,53,23,15,30,11,19,24,29,25,23,30,38,22,16,60,14,48,35,33,46,27,20,49,23,16,9,46,24,25,28,23,65,20,22,7,40,42,16,108,25,10,37,61,23,19,22,23,12,40,41,25,28,26,47,29,9,42,29,25,38,20,16,17,21,24,59,15,23,23,92,27,13,27,30,8,38,25,41,20,21,41,24,27,46,47,25,22,21,33,35,34,86,46,18,29,32,30,23,37,12,29,21,38,10,33,35,23,31,23,30,41,29,27,39,39,32,18,22,59,32,15,22,15,20,33,23,56,30,18,26,19,26,18,23,21,18,11,24,19,31,25,21,23,44,30,19,17,14,12,17,18,21,24,14,20,23,29,24,110,19,44,24,23,35,21,18,16,19,21,20,21,24,17,18,22,23,21,15,21,28,21,25,15,40,25,18,12,92,12,24,35,16,25,22
14,94,39,32,13,22,34,33,41,16,14,41,32,18,43,29,36,25,8,21,8,37,13,29,14,38,43,14,14,21,9,4,11,15,69,12,19,24,39,13,44,7,16,40,20,15,15,16,15,15,6,35,23,52,33,43,23,25,48,15,11,33,43,12,25,69,14,15,36,7,14,9,23,17,38,35,38,13,63,17,7,25,6,10,24,28,28,52,9,21,10,10,12,13,5,40,9,55,4,31,15,40,17,0,71,74,7,52,51,16,31,22,13,11,17,45,22,31,43,14,19,16,32,4,13,10,134,13,54,52,9,24,55,23,11,42,19,24,7,15,19,30,34,16,25,30,15,23,16,20,20,27,20,11,28,54,17,28,34,16,22,15,34,24,12,31,41,8,13,61,24,52,35,41,40,40,3,44,11,16,14,44,11,28,30,39,69,14,7,23,37,44,4,108,19,10,34,56,29,28,24,8,32,40,40,11,16,15,44,31,15,44,21,33,40,31,18,14,12,15,49,29,17,17,92,30,21,30,31,19,38,27,40,18,15,38,30,15,43,41,25,13,19,29,26,41,92,45,25,31,31,36,16,43,23,32,13,38,21,30,43,8,35,11,37,41,33,40,41,42,32,26,10,55,32,20,12,12,31,30,29,56,33,19,26,2,15,13,12,18,15,19,14,8,28,8,8,10,44,33,27,15,22,22,34,16,32,18,15,29,12,31,21,109,9,43,16,12,40,29,28,2,13,9,12,18,28,25,17,20,24,7,13,18,37,11,12,19,41,12,25,18,92,19,23,28,17,30,14
70,99,49,69,71,67,63,74,71,66,72,73,71,63,61,74,70,66,71,71,72,60,70,73,68,70,71,70,66,67,70,71,72,71,69,71,69,54,67,64,70,71,73,73,71,66,66,71,71,73,66,66,70,61,65,65,61,71,76,74,67,68,65,71,66,2,70,70,65,66,68,70,58,71,73,74,72,70,57,60,64,66,70,70,67,68,67,65,71,72,67,70,62,62,68,76,69,59,68,69,71,69,58,71,0,68,70,75,60,71,64,68,74,69,67,79,62,70,70,71,69,68,71,67,71,70,144,68,71,66,68,73,59,64,74,53,72,74,69,75,63,72,74,72,70,70,70,72,72,65,71,63,62,72,76,61,73,73,65,69,64,71,62,69,69,66,68,67,65,65,72,69,73,65,65,59,68,72,69,70,71,60,69,61,70,68,62,70,69,71,72,72,67,110,63,72,72,69,67,70,67,70,71,74,71,72,67,71,71,77,67,68,67,65,62,64,66,66,73,71,68,68,69,76,103,67,67,64,68,68,65,69,69,71,72,70,76,72,74,74,72,74,65,72,74,65,91,72,69,70,70,67,71,67,61,74,74,65,60,71,64,70,67,71,69,76,71,72,73,70,70,66,71,72,73,66,68,72,69,76,68,66,66,66,71,66,71,65,69,71,64,64,71,70,69,72,70,68,79,62,69,71,70,68,64,65,68,72,71,64,69,70,70,119,68,63,74,70,69,65,72,70,64,67,68,73,72,61,69,68,71,71,72,76,51,72,71,70,71,71,68,65,97,68,70,77,69,67,67
76,91,76,78,75,72,67,54,76,72,74,75,77,67,48,66,79,69,78,75,78,75,78,72,75,85,83,71,72,73,78,72,74,77,77,77,76,79,74,75,78,75,75,74,70,72,73,72,78,72,76,72,79,58,70,78,75,74,83,79,74,74,77,77,62,66,72,77,73,75,75,78,69,81,79,78,79,79,52,69,76,69,78,76,77,74,69,78,77,71,75,78,77,76,75,81,77,77,73,71,78,73,76,74,68,0,79,62,68,78,69,75,79,78,65,82,69,81,72,77,66,74,74,76,77,79,136,68,75,69,75,81,67,67,79,71,75,75,74,80,67,78,68,73,70,81,73,77,78,67,78,68,63,79,65,75,81,64,73,73,70,78,71,74,78,65,68,75,73,55,70,78,78,57,51,76,72,83,78,73,72,65,78,67,75,74,65,71,76,63,71,71,79,91,73,72,83,61,74,61,64,77,78,81,84,79,77,78,85,69,74,78,78,68,66,71,66,74,78,75,75,71,75,74,93,81,73,69,74,68,64,75,70,74,78,75,78,75,90,78,80,79,79,79,77,63,91,85,63,74,67,65,72,77,70,73,79,64,69,76,62,77,65,77,72,80,82,77,71,83,68,72,79,77,64,74,77,73,59,74,71,74,73,71,79,76,78,72,78,64,66,70,79,78,71,72,72,80,78,75,78,71,70,71,70,72,74,73,71,60,78,75,82,116,77,64,78,71,73,68,65,79,64,73,73,75,70,69,64,73,67,73,76,80,71,79,77,75,80,75,74,75,94,68,73,80,78,70,78
10,96,40,31,4,20,36,33,40,21,10,46,31,25,44,26,39,25,12,17,10,38,4,29,12,38,44,15,15,22,6,13,12,18,69,6,23,31,42,16,45,4,15,48,24,15,8,16,7,16,9,35,23,58,37,44,19,23,45,13,16,34,42,5,32,67,15,17,35,15,12,5,26,20,33,38,34,12,64,22,6,24,4,5,27,31,28,52,5,22,14,2,21,24,7,39,8,59,12,26,8,42,22,7,70,79,0,57,50,12,35,25,6,3,24,46,18,29,46,7,25,12,33,8,7,2,139,20,52,48,4,24,56,35,5,46,21,23,11,13,18,29,35,12,32,29,18,21,8,20,22,28,24,2,29,56,21,25,33,15,26,7,36,19,5,31,42,15,17,59,27,51,35,38,49,40,9,48,7,16,16,46,7,29,31,38,73,17,5,22,39,46,9,106,17,11,35,64,30,31,34,4,31,39,35,2,22,8,45,32,19,41,27,31,47,37,22,18,15,15,56,23,11,19,91,30,19,31,33,23,39,33,41,16,14,40,29,17,42,49,20,6,21,33,30,39,91,41,28,27,29,38,24,41,27,34,7,39,25,35,42,4,37,9,42,38,35,42,40,42,31,28,3,57,34,21,4,12,29,35,29,56,35,17,30,7,8,18,5,13,20,18,10,14,29,15,10,9,44,35,26,19,26,18,32,13,29,25,19,27,4,28,20,106,15,43,11,18,41,33,33,10,20,7,10,16,27,27,14,18,27,17,10,14,41,2,5,17,37,6,28,20,85,24,26,27,17,30,10
54,99,52,58,51,50,44,37,63,59,57,52,57,47,33,47,59,56,55,50,57,54,58,54,51,67,69,51,46,52,53,53,52,55,75,53,57,45,52,51,56,55,57,59,41,51,54,46,54,54,54,57,58,61,53,47,55,51,64,58,55,57,52,53,47,74,52,51,50,58,51,54,54,61,55,54,55,56,54,43,55,50,54,54,54,55,56,58,53,45,55,54,51,50,53,41,55,58,51,59,54,55,45,52,75,62,57,0,47,53,52,55,58,57,50,60,47,62,58,53,52,57,56,57,55,57,118,48,53,63,54,61,61,56,58,55,56,58,55,59,51,50,46,51,59,53,48,58,55,47,57,43,47,57,53,54,60,51,54,50,59,54,58,53,56,60,53,58,49,54,46,63,59,57,42,55,49,56,55,44,54,55,56,49,58,56,64,54,53,51,37,58,57,104,50,52,54,50,49,44,47,54,49,62,63,57,59,54,66,49,51,58,55,57,49,52,51,53,52,51,62,46,55,57,104,49,55,40,65,44,53,60,50,46,55,59,60,51,65,43,59,58,57,57,48,53,89,66,55,52,55,51,49,59,50,50,58,53,47,56,57,54,51,54,49,61,54,52,55,56,49,58,57,58,53,60,51,49,41,52,50,56,52,57,46,50,54,49,56,46,48,50,53,59,51,48,53,53,60,50,56,51,56,52,54,50,55,57,51,39,54,56,59,119,52,56,53,50,60,54,54,55,40,57,52,51,52,39,47,56,51,54,52,60,54,57,57,51,58,54,50,48,92,43,57,60,53,59,54
51,98,45,49,46,37,43,50,50,45,44,45,48,47,40,49,41,44,48,36,47,55,49,55,51,53,53,43,40,37,52,50,46,48,70,48,49,47,46,48,57,51,42,48,39,37,46,48,49,48,50,37,48,54,49,52,35,45,45,53,46,49,41,48,39,60,43,52,46,49,51,49,43,49,41,37,40,52,68,51,49,41,46,48,49,48,46,13,49,50,49,50,45,45,45,49,49,52,48,45,49,53,41,51,60,68,50,47,0,48,46,43,53,49,45,56,37,50,24,48,50,47,50,41,52,48,146,39,52,45,50,50,57,38,47,36,48,39,52,48,35,44,53,46,35,52,44,54,53,44,50,48,47,52,50,58,54,37,43,45,39,49,53,48,49,41,45,51,41,50,52,54,56,51,35,45,46,49,48,46,46,37,50,46,53,34,65,45,49,49,47,51,52,109,48,38,52,59,45,31,43,53,37,58,54,52,50,49,56,47,43,46,58,49,54,48,48,48,52,48,54,45,44,52,93,46,41,50,47,50,50,50,54,46,45,55,48,48,58,47,56,53,46,54,50,48,90,55,38,37,48,45,53,52,50,44,53,50,45,41,49,53,45,51,40,51,50,44,45,40,51,54,52,63,38,48,49,43,47,44,46,59,46,47,48,40,49,42,49,51,46,45,49,51,44,49,48,47,55,50,52,45,34,41,44,46,34,55,48,48,49,40,58,113,38,43,46,48,48,46,40,52,47,41,49,48,45,48,44,48,37,45,43,51,50,52,50,47,55,50,46,45,89,52,46,53,44,36,53
17,98,41,36,16,16,34,34,38,19,14,42,34,8,40,29,37,22,15,18,17,36,14,33,13,39,39,6,15,15,14,17,9,17,69,17,20,35,50,2,49,12,12,51,24,12,16,1,16,14,18,39,28,58,32,34,18,21,42,18,21,39,46,16,30,67,6,21,33,15,15,16,28,20,32,34,32,5,66,20,17,26,16,17,29,24,29,50,16,12,14,15,19,21,16,43,15,59,18,30,14,40,24,16,71,78,12,53,48,0,32,20,16,11,18,49,20,30,43,13,18,14,36,17,18,14,141,18,56,45,16,20,55,31,16,47,23,27,16,16,16,31,28,16,34,32,18,19,14,20,24,26,24,15,26,56,25,16,37,14,26,16,36,17,16,26,45,17,16,58,25,51,28,32,48,46,19,51,13,8,12,50,13,22,26,36,69,12,18,22,39,39,17,103,16,9,36,58,31,27,32,15,26,37,34,15,22,14,42,32,20,37,30,34,46,37,20,21,19,2,58,23,18,19,90,31,19,28,37,20,31,35,43,7,12,37,24,24,42,52,20,16,21,36,31,43,91,43,28,22,25,37,27,32,27,35,16,31,16,39,43,15,35,17,39,46,33,38,38,45,38,30,15,55,34,18,15,5,28,39,32,55,38,23,31,17,15,20,16,15,16,20,4,16,27,15,17,14,47,32,23,16,25,16,30,11,26,29,13,22,14,32,22,105,20,45,10,18,45,30,30,17,17,15,12,13,23,20,12,20,25,19,4,17,39,14,14,7,36,17,22,19,88,20,29,33,15,27,16
35,96,27,37,33,20,23,30,26,25,36,31,25,16,23,26,35,20,24,31,35,40,35,39,33,41,49,36,24,17,32,33,34,30,70,35,31,28,49,31,39,36,29,41,24,30,32,32,34,31,32,41,31,60,22,23,16,21,38,36,33,30,44,35,25,63,36,35,18,27,34,33,19,37,34,23,34,31,47,14,35,15,34,33,27,18,19,43,31,16,21,32,21,21,31,28,32,59,35,20,34,25,23,31,64,69,35,52,46,32,0,28,36,34,34,47,22,27,40,35,18,33,39,35,35,33,141,29,53,46,30,35,56,20,31,45,30,19,33,36,32,32,18,33,29,32,27,32,33,15,25,26,21,35,15,62,29,14,31,20,29,34,36,31,33,25,44,33,32,60,17,58,27,43,42,31,34,55,34,34,28,41,33,28,25,33,72,28,34,12,25,39,34,110,32,31,34,60,31,32,25,35,38,43,39,35,32,34,48,32,30,39,22,36,19,30,26,30,29,31,59,18,26,32,84,32,28,19,26,15,19,32,33,22,32,31,35,39,46,46,37,36,31,21,36,13,87,45,23,26,23,34,28,47,20,23,35,19,28,29,39,35,9,35,36,48,27,36,28,35,35,32,32,59,25,29,32,32,24,29,30,50,40,33,27,32,34,26,33,25,16,23,36,34,22,35,35,33,43,28,31,30,16,25,18,31,25,36,33,18,33,39,38,95,29,44,33,31,41,23,21,31,32,35,29,27,34,36,29,28,32,33,32,35,40,34,33,18,45,33,17,24,74,17,28,38,24,32,36
27,101,38,34,23,17,39,39,26,24,23,37,36,23,47,29,43,15,26,13,26,37,24,36,23,39,32,20,16,18,25,28,23,14,75,26,25,36,50,19,51,24,11,52,23,20,26,21,26,8,28,39,22,61,27,34,21,22,43,24,26,41,50,25,26,66,20,23,32,29,21,27,20,18,37,35,37,19,68,23,21,22,24,24,31,26,25,45,20,26,26,25,16,12,25,47,23,65,22,26,24,38,21,22,68,75,25,55,43,20,28,0,26,21,13,38,19,27,46,24,17,24,37,21,25,24,142,18,58,53,25,23,66,37,23,45,19,29,23,27,22,37,23,25,30,25,10,28,24,19,18,24,17,26,5,54,22,21,33,24,32,26,38,16,26,33,47,28,9,63,29,52,27,37,49,42,25,54,26,25,19,55,23,29,31,41,74,17,19,10,37,48,23,111,23,16,31,63,32,37,27,26,28,28,26,26,24,24,38,31,24,40,28,27,39,23,22,26,22,22,61,25,25,30,94,35,22,28,31,23,30,29,39,18,21,39,13,21,33,52,20,26,22,38,30,41,88,35,30,31,32,38,26,42,20,34,26,30,11,37,45,26,33,26,41,40,35,42,44,42,37,26,26,61,26,26,22,25,28,37,27,61,34,27,30,24,25,20,26,24,10,28,22,31,30,24,22,24,49,37,26,10,25,17,19,22,23,33,26,18,25,33,34,106,19,45,20,25,42,29,24,26,26,23,26,20,30,28,25,28,28,23,24,24,40,25,22,16,35,25,5,19,92,19,30,37,16,32,28
12,95,47,33,9,24,37,33,38,24,13,47,33,26,46,30,38,29,12,16,12,42,4,30,16,36,42,16,17,25,13,18,15,19,72,13,23,38,50,18,46,8,16,53,29,20,14,17,9,14,12,39,27,61,39,44,25,26,47,4,17,36,46,7,33,69,16,20,40,13,14,10,25,23,32,35,33,12,68,24,12,27,10,9,32,32,35,55,10,24,15,9,26,25,11,43,13,62,14,30,7,45,22,13,74,79,6,58,53,16,36,26,0,11,26,46,23,31,48,6,26,16,36,9,13,11,140,23,57,54,10,18,59,36,3,45,21,28,12,11,22,33,35,15,36,30,23,23,7,24,21,33,29,4,30,57,23,26,34,16,29,9,40,21,14,32,46,16,20,63,28,52,35,41,53,42,14,51,8,21,16,50,13,30,29,40,73,21,11,27,39,47,13,109,20,13,39,63,33,31,35,10,30,37,33,4,23,6,44,38,22,43,28,40,49,38,24,23,16,18,54,27,14,22,94,33,24,33,33,26,41,36,42,17,18,40,26,20,39,50,20,0,23,35,31,40,92,41,35,33,32,42,25,47,28,37,1,41,25,39,41,10,35,13,45,42,38,44,43,43,38,30,3,60,35,25,8,16,30,39,30,59,41,21,34,16,8,19,14,19,18,23,13,16,29,18,14,12,49,38,28,22,27,22,32,17,35,29,17,30,9,35,25,106,17,44,13,17,41,29,34,14,25,12,18,15,30,28,20,19,27,11,14,7,43,8,10,19,37,15,29,28,91,27,29,34,19,31,14
10,96,41,33,5,18,32,29,40,22,9,44,32,22,42,24,35,24,9,16,9,39,3,29,13,37,43,15,13,22,3,13,13,18,69,7,17,32,46,14,45,4,10,48,25,14,7,15,7,17,10,36,22,56,36,42,24,24,46,10,20,29,39,4,27,67,15,22,35,7,13,6,29,20,36,37,35,11,64,23,12,26,4,9,27,26,29,51,6,23,13,3,21,21,7,39,8,59,12,26,6,39,19,11,69,78,3,57,49,11,34,21,11,0,18,46,22,26,45,7,24,14,35,9,8,3,139,18,55,51,5,19,57,33,10,42,19,27,12,16,19,30,32,10,30,30,19,20,7,19,22,27,25,5,29,54,22,28,35,19,21,7,34,19,6,31,43,14,17,59,27,45,34,39,48,37,9,48,5,18,17,41,11,28,31,39,70,19,8,21,38,47,11,106,19,11,37,62,29,29,34,5,30,36,36,5,16,6,45,33,21,41,25,32,43,33,22,15,10,14,52,28,10,17,91,30,18,31,31,24,35,29,42,17,15,40,28,21,43,49,18,11,20,31,33,41,91,39,34,29,31,38,22,45,25,34,11,35,25,31,41,5,33,9,40,41,35,39,42,42,38,24,8,55,35,21,5,12,32,31,28,57,38,22,32,14,6,16,6,18,17,18,8,10,25,15,6,11,45,34,23,19,20,18,29,15,32,25,18,28,5,33,20,103,13,45,13,10,37,29,32,10,22,5,16,17,25,27,16,20,27,11,9,18,39,3,2,17,36,6,27,21,87,24,24,30,14,27,11
23,91,42,24,19,9,29,35,39,17,15,40,33,3,34,25,35,17,20,13,22,39,22,24,17,39,47,7,12,17,19,18,14,9,61,22,22,32,44,15,42,23,11,41,16,13,17,17,22,8,19,32,22,54,26,34,19,10,45,27,17,31,44,22,13,70,8,20,24,15,17,22,27,19,36,30,36,21,62,7,14,30,20,21,16,23,25,44,17,11,20,21,9,9,22,39,18,58,19,28,22,36,21,17,67,65,24,50,45,18,34,13,26,18,0,44,19,34,40,21,10,14,34,16,23,24,136,10,51,49,19,24,59,25,24,36,24,21,20,25,8,28,22,20,25,23,11,21,23,5,23,19,11,23,13,56,22,11,37,8,18,22,31,13,22,18,39,20,6,52,7,52,34,35,37,35,21,47,24,10,19,40,21,26,24,34,67,7,20,14,26,34,22,104,17,12,37,57,29,33,27,23,20,37,39,23,22,22,48,28,7,43,34,23,37,32,5,23,16,15,51,22,13,19,90,28,11,28,35,6,35,30,43,11,12,38,27,19,46,42,23,25,19,34,26,19,91,44,32,25,25,31,16,37,12,28,25,35,16,34,30,23,15,22,37,45,33,40,40,45,33,25,23,57,27,15,21,17,10,33,28,59,40,19,27,19,22,4,22,8,5,19,16,22,29,14,22,21,48,27,24,5,20,13,27,18,24,30,14,10,22,32,23,111,18,41,16,14,38,27,18,22,14,16,11,23,20,8,18,8,9,19,15,23,32,23,22,8,44,21,12,21,92,6,21,35,11,26,24
48,107,47,47,44,42,46,43,43,47,42,50,53,45,51,42,32,47,47,40,48,48,48,53,43,55,59,45,45,39,48,46,44,43,79,47,45,53,52,40,56,44,48,50,48,45,46,45,46,41,43,35,43,66,54,44,46,48,57,49,46,49,56,48,50,74,45,45,56,40,45,49,43,49,30,23,30,42,60,45,48,38,47,45,44,48,47,46,41,45,45,43,42,41,45,56,42,73,48,21,48,57,43,45,79,82,46,60,56,49,47,38,46,46,44,0,49,53,44,48,51,47,59,50,49,48,149,42,52,47,47,49,59,41,47,52,48,45,49,49,47,19,52,44,47,23,43,47,50,52,50,35,53,46,42,56,49,43,21,46,47,49,47,45,45,46,53,44,40,73,50,63,42,50,52,42,45,65,49,46,42,53,44,48,44,44,84,44,38,48,46,55,49,111,46,39,38,70,18,43,49,45,44,54,54,46,50,49,60,29,48,25,50,44,44,52,46,49,50,49,66,44,48,49,91,19,51,50,46,46,21,50,32,46,49,23,51,45,58,54,46,49,43,53,54,54,105,55,49,54,23,41,52,49,49,29,49,21,46,56,41,45,45,48,37,46,48,49,29,32,45,42,48,64,50,43,44,44,47,56,50,66,40,45,53,48,47,43,45,44,41,52,41,47,22,43,44,44,46,48,47,42,44,46,44,46,51,54,48,50,45,46,51,111,39,59,47,47,52,43,50,42,48,45,49,45,46,50,44,47,45,48,44,50,48,46,46,46,56,47,49,40,95,50,47,60,48,35,48
25,92,34,25,22,7,30,31,34,19,10,42,28,16,38,28,22,20,23,4,20,37,20,28,18,40,40,9,6,10,17,26,17,22,56,20,25,26,40,15,43,19,8,36,19,6,20,22,22,27,19,20,20,54,28,41,10,16,40,18,17,37,44,20,20,61,8,27,34,16,17,20,15,19,26,21,25,25,59,14,22,13,17,20,26,22,12,39,21,16,18,22,17,17,20,28,21,57,21,14,22,28,7,22,62,69,18,47,37,20,22,19,23,22,19,49,0,30,39,23,8,17,41,22,20,21,137,6,48,45,19,25,49,12,19,42,19,9,23,24,12,20,29,20,21,18,14,26,21,19,18,12,13,21,31,54,24,14,19,18,27,22,34,21,19,28,38,21,10,56,19,49,31,32,45,32,21,52,22,19,24,48,17,10,21,19,63,17,16,20,31,41,15,106,18,15,32,58,21,17,16,22,16,41,39,21,24,22,51,18,9,35,26,30,46,20,15,18,21,20,60,24,18,20,90,25,19,18,28,17,37,33,29,21,13,41,22,22,45,51,23,23,18,30,28,40,88,42,14,21,19,28,18,38,13,24,23,37,17,32,42,22,24,23,28,39,22,35,24,30,26,25,18,54,29,14,18,18,23,32,29,49,38,15,34,17,22,10,19,18,17,15,22,23,22,23,19,22,39,27,20,19,10,7,14,19,24,25,16,19,19,25,26,104,19,41,21,23,38,26,26,20,17,22,21,22,21,9,19,24,23,20,16,25,24,17,21,21,45,22,18,8,92,13,25,34,23,14,23
34,91,41,34,30,32,37,33,42,31,30,48,31,36,40,34,34,31,32,28,32,37,27,42,35,31,41,31,28,33,29,35,33,34,67,31,34,38,51,32,51,28,31,51,39,33,34,29,33,30,27,37,37,60,36,43,25,37,43,36,34,30,48,30,39,63,31,36,33,22,34,31,31,31,34,33,33,32,70,34,34,27,34,31,35,35,37,55,28,31,27,29,33,35,31,36,28,62,30,31,31,36,38,31,70,81,29,62,50,30,27,27,31,26,34,53,30,0,44,30,34,32,34,33,31,29,145,33,56,51,31,33,53,35,31,48,32,32,31,32,35,32,37,32,34,24,33,32,31,33,31,31,35,32,35,38,27,25,34,33,21,33,40,30,30,38,50,33,36,62,38,44,29,42,53,44,35,47,30,35,33,48,33,31,35,41,77,35,33,36,43,50,35,107,33,35,39,65,31,37,30,32,24,27,29,32,33,31,37,31,30,45,38,36,47,32,33,30,35,35,57,24,32,31,91,33,34,33,33,36,32,34,42,30,33,42,32,36,35,48,29,31,31,22,35,39,95,42,31,34,36,34,36,46,29,36,31,32,32,25,37,32,41,32,39,30,28,36,42,38,32,38,32,55,38,34,29,33,29,25,29,55,36,28,30,33,32,35,30,33,29,31,32,32,33,31,32,35,50,33,35,33,34,33,31,28,29,37,33,36,30,32,37,105,30,47,32,36,43,35,31,27,34,26,32,26,31,36,31,32,33,33,32,31,38,30,28,28,35,32,32,29,88,37,33,27,27,34,35
48,105,43,49,48,30,41,41,51,43,43,42,40,44,43,42,32,44,45,46,48,50,47,52,47,49,56,43,37,39,46,48,41,47,74,47,45,44,44,48,55,45,41,50,45,45,47,47,47,49,46,28,39,58,49,52,34,35,39,49,44,47,45,47,46,68,43,47,39,47,47,44,46,44,38,36,37,45,68,46,44,34,46,46,48,49,34,43,45,47,44,45,40,40,46,50,45,54,47,44,47,44,36,43,70,72,46,58,24,43,40,46,48,45,40,44,39,44,0,48,43,44,48,44,47,47,150,40,49,46,44,51,51,39,48,26,46,41,47,49,38,43,45,46,47,43,40,45,48,46,47,45,44,49,45,57,49,35,35,46,46,47,48,48,46,29,42,47,43,57,49,47,50,25,30,44,48,58,46,45,46,48,48,44,46,29,69,48,46,44,40,52,45,107,44,46,50,60,40,42,45,47,36,51,52,49,48,47,61,45,42,40,49,33,37,38,40,49,49,47,59,35,49,48,86,44,48,40,40,48,44,34,40,47,46,46,50,47,49,51,47,48,43,42,52,53,94,49,44,41,43,39,48,51,50,43,48,44,49,48,47,47,45,46,25,46,37,51,46,36,41,46,49,58,35,46,46,40,41,48,42,59,39,39,48,46,47,43,46,48,40,49,44,50,43,46,48,47,44,43,48,39,36,36,35,45,39,41,48,42,46,37,49,107,46,38,45,48,34,47,42,42,40,46,46,48,48,44,43,48,32,46,42,50,38,47,48,48,44,46,50,34,90,47,35,44,49,41,49
6,96,41,35,7,19,37,32,39,19,12,44,31,24,43,28,36,27,12,17,11,41,10,27,14,36,42,15,16,25,9,13,15,19,70,4,21,36,47,15,43,7,13,50,27,15,6,14,4,15,12,40,25,56,36,43,25,26,47,8,19,34,44,1,30,69,15,16,36,14,15,8,28,21,32,34,32,13,64,24,10,27,10,3,28,30,34,53,9,24,14,9,24,21,10,39,11,63,12,29,2,43,25,14,71,77,7,53,48,13,35,24,6,7,21,48,23,30,48,0,22,16,38,10,4,9,135,20,55,52,10,21,58,32,8,47,24,26,10,12,18,31,33,13,33,30,19,20,4,24,25,29,24,6,31,55,23,27,32,16,24,4,37,18,6,34,44,15,17,61,27,50,36,39,50,42,11,49,2,19,17,46,10,27,32,39,69,19,12,23,39,45,12,108,19,13,38,60,29,32,33,9,28,37,33,6,24,2,41,35,18,44,25,33,47,36,21,24,16,15,55,26,12,22,92,29,23,31,34,24,38,34,42,18,16,40,29,16,42,45,21,6,21,36,28,39,94,38,33,33,33,40,23,44,24,35,6,38,25,38,43,9,37,5,42,41,32,40,41,43,38,30,6,58,35,22,3,13,31,38,27,58,39,20,32,15,3,17,6,16,19,22,12,16,27,16,10,11,45,37,26,19,26,17,31,16,33,26,20,28,4,30,23,106,16,44,13,16,42,35,33,12,21,9,17,17,28,26,19,21,28,8,12,10,40,6,6,18,37,7,28,23,89,24,28,32,18,30,5
25,102,40,35,24,11,24,30,41,25,18,46,35,13,35,19,36,19,24,19,28,35,27,30,18,42,45,17,18,20,25,23,13,18,65,23,20,29,44,17,41,24,13,45,26,12,25,9,27,18,26,38,24,55,21,40,21,20,44,29,23,40,51,24,22,68,16,22,28,26,13,26,25,18,32,33,33,25,55,17,26,14,24,22,20,18,31,48,23,10,24,24,24,24,24,38,25,57,26,33,27,41,20,19,69,66,25,52,50,18,18,17,26,24,10,51,8,34,43,22,0,22,33,23,26,25,133,15,56,51,25,28,53,29,28,32,23,27,25,27,12,22,23,27,30,30,12,27,28,7,26,22,14,27,14,58,24,18,27,22,22,27,35,19,27,17,42,23,16,50,16,53,36,33,47,51,21,52,26,23,18,47,20,10,29,30,58,18,25,12,42,47,26,112,19,12,43,43,29,30,15,25,26,38,33,27,21,27,47,36,6,35,28,28,46,25,11,18,26,21,55,8,15,17,91,29,21,32,38,14,27,33,36,14,14,34,24,24,43,48,26,26,24,34,32,36,91,40,30,25,29,23,22,42,18,25,26,27,12,39,43,25,31,25,31,44,34,36,43,42,28,25,27,57,21,25,24,21,18,39,24,56,35,24,31,16,27,14,27,18,17,15,20,28,28,24,24,30,42,28,25,11,15,27,22,13,31,27,15,12,27,28,27,106,27,33,20,23,35,30,16,25,12,27,17,17,23,12,9,15,14,22,21,28,31,26,26,20,39,27,15,15,82,12,26,35,22,27,27
16,99,42,30,13,16,36,28,33,12,9,45,31,23,43,27,35,25,10,11,18,36,14,33,10,35,43,7,13,16,13,14,12,15,69,13,11,34,43,15,49,13,7,52,23,13,17,16,14,17,11,38,21,55,33,41,20,23,43,17,11,26,41,13,29,71,8,13,38,15,11,11,26,10,30,34,31,16,64,23,14,26,8,12,27,29,33,48,17,23,14,13,19,17,14,41,13,59,12,27,14,43,21,16,68,74,12,57,47,14,33,24,16,14,14,47,17,32,44,16,22,0,40,14,15,11,140,14,54,48,14,18,55,28,16,44,20,21,12,18,15,29,29,12,30,28,17,20,18,21,18,27,19,13,28,51,14,26,29,17,21,15,34,22,16,30,46,11,10,56,27,46,33,38,48,42,14,46,15,18,12,44,13,26,27,34,73,14,12,21,39,43,12,103,17,11,36,61,30,30,31,12,21,33,31,13,20,17,40,34,12,42,27,33,45,35,18,18,7,14,55,23,11,16,88,28,19,31,29,21,37,30,41,13,6,39,29,17,41,50,15,15,14,29,31,44,91,41,28,29,32,38,19,39,20,34,15,37,22,34,40,12,35,11,38,43,29,38,38,41,37,29,12,54,37,22,14,9,30,34,22,56,35,17,22,14,17,12,16,16,14,22,12,16,25,11,13,14,44,33,25,19,22,12,31,13,26,25,18,23,16,27,22,112,15,44,15,14,41,36,27,13,16,15,12,21,26,20,15,19,26,17,13,17,36,15,11,17,42,12,20,20,91,21,25,25,14,27,17
40,97,41,41,38,42,33,47,41,37,36,49,45,35,45,43,43,41,36,39,42,44,34,40,34,15,20,34,34,41,38,34,39,39,68,37,34,39,52,36,52,35,40,56,36,38,35,37,41,36,39,47,43,60,39,42,41,40,46,41,40,43,49,36,42,71,35,35,43,37,36,37,33,35,43,40,42,39,68,41,39,40,40,37,38,38,43,55,40,37,39,37,41,39,38,49,37,66,41,43,37,49,36,32,71,74,33,56,50,36,39,37,36,35,34,59,41,34,48,38,33,40,0,37,39,36,146,42,62,57,37,24,64,37,29,47,35,46,38,37,42,45,45,36,45,39,38,43,37,32,42,42,41,31,33,55,41,41,49,36,34,41,44,37,38,44,42,39,38,61,41,58,43,50,49,52,30,60,37,39,38,54,37,30,45,40,71,40,37,35,45,51,40,115,40,41,46,63,43,49,36,36,38,18,9,31,42,38,40,36,34,49,40,37,50,41,39,41,38,40,58,41,39,35,100,45,43,42,36,34,44,45,50,35,40,45,42,33,14,41,35,36,40,36,34,36,97,25,45,37,43,40,34,47,30,40,36,44,31,39,43,36,44,36,41,47,42,47,49,47,46,44,30,66,43,44,37,39,37,39,31,64,46,40,36,38,38,38,38,40,39,37,38,41,44,38,37,37,53,43,44,40,46,39,42,37,44,43,36,39,36,40,41,114,39,49,35,25,46,41,39,40,33,36,39,39,45,29,39,37,38,34,37,38,41,34,33,39,13,38,25,38,99,31,45,39,39,46,39
14,94,41,29,9,22,35,28,38,19,13,47,32,17,43,26,37,24,7,17,15,39,9,29,11,42,44,14,17,22,8,12,14,17,66,9,18,32,45,16,30,9,15,41,23,17,8,16,9,18,7,33,20,55,32,43,20,28,45,13,9,32,44,9,28,65,13,12,37,10,13,7,21,18,37,37,37,12,58,18,8,22,5,13,25,27,30,49,7,17,18,6,19,19,10,39,7,56,6,26,9,41,22,4,67,76,8,57,41,17,35,21,9,9,16,50,22,33,44,10,23,14,37,0,13,6,137,12,44,47,6,23,57,29,8,41,18,21,7,15,12,32,33,9,29,32,17,22,10,13,20,20,22,8,30,56,27,27,35,16,23,9,40,17,10,31,37,9,13,60,26,44,34,36,45,44,7,47,9,12,15,44,11,26,28,33,66,17,6,22,36,46,6,107,18,11,37,60,32,27,31,9,31,38,36,8,24,9,45,31,17,44,21,27,47,31,19,16,14,16,49,28,14,18,92,32,20,27,33,17,32,26,43,20,14,40,30,15,40,45,24,13,18,28,25,38,94,45,27,29,30,39,21,44,24,31,13,32,23,34,39,9,33,9,36,36,30,34,40,44,28,26,7,54,32,23,10,11,28,34,28,58,33,20,30,2,9,12,10,13,14,18,14,9,28,10,8,9,47,34,21,16,19,14,28,18,28,18,15,23,10,29,23,109,9,40,16,6,43,30,31,9,17,11,13,21,25,25,15,15,21,7,12,14,37,6,11,19,36,9,28,18,87,20,28,28,17,23,12
6,95,43,34,8,18,38,32,39,21,14,45,30,22,43,27,39,23,11,16,10,40,8,27,13,39,42,16,17,21,9,12,14,18,69,2,23,33,48,18,43,10,14,50,26,15,6,16,9,20,11,37,24,59,34,41,24,25,47,13,19,34,44,4,30,68,16,21,36,13,14,7,31,20,36,38,36,12,64,21,10,26,7,3,25,28,33,52,8,22,11,7,23,23,7,38,8,62,13,31,9,40,22,13,71,77,7,55,52,18,35,25,13,8,23,49,20,31,47,4,26,15,39,13,0,9,137,19,54,51,9,24,61,34,10,44,21,25,9,15,18,29,30,12,31,32,18,19,11,23,25,30,28,7,29,56,23,26,33,16,23,9,36,20,6,33,44,16,16,60,24,51,35,39,49,42,10,48,5,18,17,46,9,28,29,37,69,18,9,22,38,45,11,107,18,13,39,60,30,31,33,8,30,39,36,7,21,9,48,34,22,43,28,36,46,38,22,22,13,14,55,26,14,20,91,30,20,33,33,23,38,33,39,17,15,37,27,21,42,45,26,13,20,34,35,38,93,44,32,31,30,38,24,43,25,34,13,38,26,37,42,8,35,4,42,41,34,37,41,43,33,29,9,57,36,22,6,12,30,37,27,57,38,21,29,14,9,18,6,18,18,21,11,11,26,15,11,10,45,36,25,18,26,17,30,15,32,23,18,28,5,31,22,108,19,42,18,13,41,34,32,12,20,11,15,22,28,26,17,19,27,15,15,17,39,9,9,18,40,5,28,24,91,22,25,31,15,30,3
10,98,39,32,4,22,36,33,40,20,9,42,31,25,43,25,38,23,12,16,10,38,6,29,12,36,44,14,15,23,6,13,12,18,65,9,23,32,44,16,45,5,13,48,24,17,8,15,8,16,11,35,24,58,35,42,19,24,49,11,17,34,42,4,32,67,13,18,37,10,13,6,30,20,34,37,33,11,63,22,8,24,4,9,27,31,26,52,4,22,13,2,20,24,9,40,8,58,11,27,8,41,21,10,70,79,2,57,48,14,33,24,11,3,24,48,21,29,47,9,25,11,36,6,9,0,139,21,52,46,4,20,56,33,9,46,21,22,8,12,19,29,35,15,32,29,16,19,7,20,23,27,25,4,29,54,21,27,33,15,26,8,36,17,8,32,46,13,17,59,27,49,34,39,49,40,12,46,7,16,16,44,7,29,30,40,73,15,7,25,41,45,9,106,18,13,36,64,30,31,35,4,31,38,35,4,23,8,45,35,19,43,24,35,44,37,22,17,14,16,54,25,10,19,91,30,21,31,35,22,39,30,40,16,14,39,28,18,42,49,21,6,20,34,30,38,93,41,28,27,30,38,23,41,27,34,5,39,25,35,41,4,37,9,43,39,35,42,40,42,31,30,3,55,34,22,7,12,31,35,29,57,35,17,32,7,8,16,8,18,19,18,10,15,29,14,10,11,45,36,24,18,27,19,31,13,27,23,15,26,7,31,22,108,16,42,11,18,43,31,33,10,23,8,10,21,27,27,14,21,29,16,10,12,39,2,4,17,39,7,29,20,86,24,27,26,15,29,11
136,151,134,141,135,137,133,138,136,141,140,148,136,138,138,132,149,139,135,141,137,141,140,138,139,150,149,141,140,142,139,135,142,142,142,135,143,142,139,139,139,137,140,145,129,140,136,141,136,141,137,145,139,135,140,143,139,143,148,140,139,143,144,135,136,139,141,139,140,139,138,136,128,144,148,149,148,141,130,133,135,139,132,136,141,142,143,143,135,135,135,136,140,140,135,142,137,142,134,141,136,138,138,134,144,136,139,118,146,141,141,142,140,139,136,149,137,145,150,135,133,140,146,137,137,139,0,137,139,145,136,142,147,140,138,134,140,135,140,139,138,142,133,138,140,146,141,144,137,133,142,138,137,139,137,140,146,136,148,138,141,136,145,139,138,135,127,140,140,115,133,145,145,135,132,138,135,147,137,136,141,143,138,127,145,145,135,137,137,133,136,104,141,109,138,141,148,109,144,140,138,140,139,144,147,139,143,136,153,146,136,148,145,140,140,135,137,139,142,139,147,137,141,143,127,145,138,137,148,131,145,147,149,137,136,148,136,139,148,134,143,140,143,135,140,139,149,151,140,137,145,136,141,143,140,146,140,145,138,137,143,140,134,137,147,139,133,148,146,137,141,140,139,147,135,139,135,140,137,136,142,148,138,141,140,134,136,135,138,139,135,142,141,138,145,134,130,137,148,147,134,134,139,139,132,138,144,144,142,134,134,140,147,149,140,131,143,138,136,135,133,134,138,141,138,142,136,141,136,133,128,132,142,138,141,137,139,137,142,136,138,137,161,134,131,141,139,143,136
23,97,35,30,16,7,31,17,32,16,8,42,30,11,40,16,35,16,18,6,21,35,20,31,19,42,46,7,10,11,16,13,8,10,56,19,15,29,38,17,47,20,7,39,18,6,16,20,19,16,13,26,17,51,26,36,9,18,42,24,16,36,43,19,23,65,6,22,26,11,15,19,14,16,27,29,27,21,62,10,17,10,19,19,20,20,15,41,18,11,20,16,9,9,14,39,20,58,14,17,19,32,10,13,68,68,20,48,39,18,29,18,23,18,10,42,6,33,40,20,15,14,42,12,19,21,137,0,53,51,17,24,49,21,22,35,24,23,16,21,12,26,15,17,20,19,19,20,20,9,23,10,13,21,23,49,15,28,26,19,25,19,33,18,19,29,38,22,11,54,18,46,29,34,45,48,12,52,19,16,19,41,19,16,27,26,68,16,17,14,35,44,18,106,10,9,37,59,27,23,23,23,20,39,37,21,22,19,46,31,8,44,28,28,48,18,17,12,16,20,47,24,8,20,90,27,13,15,37,11,38,23,36,10,8,37,23,21,45,48,23,23,18,28,31,37,93,43,23,31,24,27,17,33,15,31,23,38,16,29,35,23,31,21,33,38,27,40,33,33,26,24,20,51,37,19,18,9,24,29,29,57,35,21,26,14,19,15,19,21,16,15,18,14,20,17,17,14,44,28,25,16,11,8,19,16,24,24,16,21,19,33,21,109,11,41,16,20,32,21,31,17,8,17,9,20,21,12,14,19,21,19,13,23,27,18,22,11,39,19,19,9,90,15,12,33,12,21,20
55,98,59,60,54,51,52,54,57,52,54,55,54,54,49,51,46,56,56,49,57,56,57,55,56,61,58,50,49,51,50,54,52,51,75,54,53,59,56,54,60,54,54,48,55,55,50,52,57,51,53,51,54,47,60,50,49,46,54,57,55,54,52,54,56,63,50,38,64,53,56,53,55,55,46,46,46,55,70,54,48,46,50,55,48,59,48,54,51,56,58,52,37,37,49,56,52,66,46,43,57,56,55,54,71,75,52,53,52,56,53,58,57,55,51,52,48,56,49,55,56,54,62,44,54,52,139,53,0,42,55,58,59,50,58,52,55,48,55,57,48,51,57,50,40,57,55,58,58,57,51,56,55,56,56,50,48,55,44,57,56,57,52,58,55,56,41,53,55,58,57,46,51,43,45,50,50,52,56,56,56,46,55,57,59,52,69,55,53,58,45,57,55,101,54,51,58,67,50,41,52,56,43,62,59,56,43,57,68,52,54,51,48,53,59,36,54,46,55,56,61,55,56,56,72,52,57,51,59,58,41,44,50,56,50,42,60,38,62,62,60,57,56,42,53,51,97,61,38,54,49,48,40,62,59,52,57,41,58,50,56,56,53,53,41,30,54,56,40,44,43,56,56,41,39,55,50,53,51,49,49,56,33,51,48,48,57,51,55,57,56,53,54,47,52,39,43,54,61,56,55,57,52,50,51,56,60,42,57,57,55,48,50,103,43,46,54,52,48,58,42,56,53,55,51,57,49,54,56,55,52,53,53,58,59,55,55,57,63,56,60,48,88,58,48,55,52,45,56
52,103,46,49,53,45,44,49,54,42,47,54,48,54,50,52,44,42,46,45,54,42,49,58,53,61,55,47,47,49,49,53,51,51,67,51,52,46,54,48,57,51,47,45,56,44,53,51,47,51,52,43,51,59,48,47,39,44,47,54,50,47,47,51,47,66,46,49,53,44,53,45,49,48,49,43,49,52,66,49,53,41,45,51,51,53,50,51,50,48,51,46,47,49,53,54,52,56,52,39,47,39,50,52,66,69,48,63,45,45,46,53,54,51,49,47,45,51,46,52,51,48,57,47,51,46,145,51,42,0,45,53,51,47,54,48,56,50,50,51,45,39,45,51,46,39,49,53,54,53,55,48,47,53,56,51,52,48,37,52,47,47,46,51,52,56,51,47,47,67,52,47,45,53,57,41,53,56,47,51,51,41,52,45,49,46,79,51,49,54,54,42,45,105,51,52,41,68,39,52,49,49,49,57,59,53,52,53,62,40,48,40,51,44,47,56,50,46,52,49,60,56,43,51,81,38,46,46,57,45,40,53,40,51,48,39,54,50,56,52,57,54,46,56,54,53,84,60,41,45,44,44,53,50,45,40,54,40,52,54,46,49,48,50,42,55,50,53,43,43,39,52,53,53,49,51,52,52,49,48,49,59,43,43,52,49,53,51,52,50,48,46,51,47,42,49,54,53,44,46,53,47,49,46,52,51,30,50,52,49,52,48,49,113,50,51,53,53,42,50,51,49,51,50,50,54,51,43,49,49,49,54,50,48,52,46,52,50,62,46,54,49,90,49,52,49,51,43,53
10,95,42,34,5,17,35,30,38,22,13,43,30,24,43,27,36,23,8,14,9,38,8,28,11,37,41,12,15,21,4,9,10,16,67,9,20,33,44,13,43,4,14,46,24,11,10,16,11,16,9,33,21,55,35,41,17,23,45,10,19,32,43,9,31,66,12,21,35,10,11,3,26,18,36,35,36,11,65,23,8,26,2,8,25,27,27,52,5,23,8,3,19,19,6,40,3,58,10,27,11,38,19,9,68,75,4,54,50,16,30,25,10,5,19,47,19,31,44,10,25,14,37,6,9,4,136,17,55,45,0,21,55,32,7,44,18,26,9,12,18,28,31,10,30,34,17,20,4,19,23,29,25,6,31,54,24,23,33,18,25,11,38,20,10,28,43,13,14,60,26,49,32,38,46,40,9,46,10,16,13,44,7,24,28,37,70,17,7,21,36,44,10,106,17,11,37,61,27,27,33,8,31,39,37,6,22,11,45,33,18,43,24,32,45,35,20,23,16,16,52,25,12,19,90,28,22,30,32,23,39,31,39,16,14,37,31,22,41,46,25,10,15,35,35,36,91,44,30,28,29,38,25,45,27,33,10,39,26,36,38,8,31,8,38,39,31,35,38,43,34,26,5,55,33,19,10,11,27,36,28,56,34,18,30,10,11,14,10,18,15,18,10,14,26,13,8,7,42,34,26,16,23,20,29,14,26,22,15,28,10,33,22,108,14,44,15,11,39,29,29,8,21,10,14,19,27,26,14,18,23,11,11,12,37,4,6,17,39,3,28,21,93,24,26,32,17,28,11
23,101,47,36,23,25,38,36,42,18,27,49,37,26,46,33,40,25,25,24,26,44,15,28,24,26,27,21,22,24,22,21,21,23,75,24,25,37,47,24,46,21,21,54,32,23,25,22,22,20,25,40,25,63,36,45,20,22,44,22,19,40,50,22,31,73,21,17,39,21,21,24,34,20,42,42,42,24,68,25,23,31,21,23,30,32,28,51,22,20,26,22,23,24,23,43,22,57,25,32,20,46,20,24,73,81,24,61,50,20,35,23,18,19,24,49,25,33,51,21,28,18,24,23,24,20,142,24,58,53,21,0,60,41,15,49,25,30,27,14,26,35,39,19,39,34,25,22,18,26,25,33,30,16,28,60,30,34,40,22,32,22,40,24,25,36,49,21,25,66,28,55,35,44,51,49,23,54,20,24,23,54,27,32,35,39,78,22,21,27,44,51,26,110,20,21,36,70,33,38,34,20,34,25,23,16,26,19,39,41,25,47,34,39,50,38,26,22,29,21,61,32,27,20,97,33,26,38,36,23,38,39,47,23,23,42,26,23,23,54,16,16,18,39,32,43,98,32,35,32,37,45,28,45,21,40,15,38,28,37,45,20,42,24,48,39,39,45,45,46,40,32,15,56,37,28,20,20,37,37,30,60,43,20,35,19,21,26,25,21,23,24,22,26,34,27,27,23,51,40,29,24,31,26,35,21,33,28,25,30,19,35,25,107,21,45,22,24,47,35,35,23,27,18,21,22,30,30,22,25,31,17,21,14,45,16,17,22,27,23,23,29,96,26,33,37,22,33,25
62,101,58,56,59,50,48,47,56,59,53,53,53,60,53,41,55,49,62,52,60,60,57,62,59,64,65,52,53,46,59,60,53,59,58,57,61,50,42,57,62,56,51,55,56,52,58,59,57,62,59,42,54,67,59,58,63,47,55,59,56,58,60,57,58,58,52,63,61,58,57,55,47,59,50,48,50,56,49,62,60,50,55,58,55,57,56,47,58,59,60,56,60,60,59,60,56,56,59,57,57,58,50,55,59,67,56,61,57,55,56,66,59,57,59,59,49,53,51,58,53,55,64,57,61,56,147,49,59,51,55,60,0,44,56,51,61,45,59,57,48,56,53,57,53,60,56,61,58,59,61,52,51,58,59,59,57,57,54,58,59,57,63,63,58,50,57,62,56,59,60,50,58,49,57,52,61,61,57,55,59,45,58,54,64,59,66,62,61,55,56,64,55,109,55,56,61,57,54,54,53,61,53,66,65,58,64,57,70,59,50,64,65,49,56,57,58,56,55,59,50,58,53,62,86,54,53,49,62,53,57,50,53,59,47,53,53,64,67,57,67,59,52,60,50,53,91,66,52,55,53,45,65,59,60,56,58,57,60,55,55,61,57,60,52,66,59,63,57,34,56,48,57,54,58,57,58,52,57,55,58,58,51,59,60,55,57,55,58,58,57,55,55,60,53,60,60,61,56,59,62,58,47,52,51,53,50,57,61,59,58,61,60,100,55,65,59,63,62,50,58,60,59,56,52,61,42,55,57,56,58,58,54,58,52,56,60,64,73,60,59,49,71,54,47,57,59,55,63
35,97,39,30,31,18,20,33,34,30,25,42,33,24,40,33,28,28,29,19,34,36,33,32,26,37,45,25,26,22,29,30,25,29,69,31,31,34,26,29,46,34,23,36,24,24,29,24,35,34,32,25,27,55,31,29,22,27,34,33,27,31,43,31,32,66,24,24,30,33,26,32,17,31,25,26,24,34,60,27,32,17,32,31,29,32,22,43,29,32,32,32,30,29,27,38,32,55,28,23,35,34,26,23,64,67,35,56,38,31,20,37,36,33,25,41,12,35,39,32,29,28,37,29,34,33,140,21,50,47,32,41,44,0,34,35,32,20,29,35,26,19,34,26,16,20,30,34,36,26,29,18,27,36,37,48,31,31,30,34,26,35,32,33,32,27,37,25,25,51,26,46,35,39,38,30,25,50,31,36,31,44,30,27,30,16,68,31,32,23,36,48,30,109,28,28,35,59,20,27,27,29,23,42,38,36,26,35,49,26,21,29,26,20,31,20,30,25,23,33,58,26,27,34,71,20,28,23,31,25,31,28,32,35,24,30,37,26,40,43,37,31,31,24,37,34,93,45,16,19,23,20,24,38,26,25,31,31,28,30,32,29,24,32,15,35,16,37,30,36,36,26,36,54,16,31,32,28,26,32,30,50,33,30,28,25,35,29,32,35,31,27,31,34,19,29,30,28,34,31,30,33,16,22,17,31,33,29,36,37,32,30,33,108,27,25,33,32,29,25,19,30,25,26,25,33,34,25,33,29,26,30,30,36,23,30,36,32,40,31,28,16,90,27,29,35,28,15,34
12,96,44,34,5,22,39,34,36,23,13,45,35,25,45,28,31,24,12,17,11,42,3,30,13,29,35,16,20,26,6,12,14,20,72,7,25,39,43,18,45,11,16,50,27,15,11,15,9,14,11,40,27,61,37,44,19,29,47,7,16,34,44,6,33,72,16,17,36,16,12,9,23,19,33,31,32,13,66,24,9,27,9,8,29,31,28,51,10,23,14,8,24,25,8,42,6,61,12,31,7,39,23,11,74,79,5,58,47,16,31,23,3,10,24,47,19,31,48,8,28,16,29,8,10,9,138,22,58,54,7,15,56,34,0,48,20,26,11,2,18,32,36,14,32,29,22,23,5,23,25,31,26,3,31,57,22,29,34,17,26,9,38,19,6,33,46,17,20,62,27,50,35,40,51,42,9,51,7,19,17,48,12,31,32,36,73,19,10,26,39,47,11,108,21,12,38,64,33,32,35,7,31,37,32,3,21,6,49,38,22,43,25,35,45,39,25,18,17,18,56,28,12,21,94,33,20,33,32,25,40,31,42,19,19,40,26,17,35,50,17,3,19,32,26,41,92,33,29,29,31,41,24,42,28,37,2,40,23,34,43,7,37,10,39,38,36,41,43,45,38,30,2,60,37,23,5,12,33,34,30,59,41,18,33,9,8,17,6,18,19,22,13,18,29,18,12,9,47,37,23,22,25,18,31,19,35,27,20,29,4,30,23,104,16,46,13,16,44,35,32,11,23,11,16,18,28,26,18,21,27,4,12,8,39,3,9,17,35,9,29,22,89,26,30,34,17,32,12
48,103,22,38,42,41,32,39,46,41,48,32,49,29,30,44,44,47,42,43,44,33,46,48,47,52,51,44,43,40,45,44,48,45,57,44,45,33,36,39,43,44,46,47,31,44,43,47,46,42,40,45,41,49,34,25,34,44,44,47,46,44,44,44,38,50,44,49,40,44,47,43,38,47,50,48,50,48,60,31,43,25,43,46,40,43,42,54,46,32,42,42,43,44,42,43,46,47,44,35,46,46,43,42,53,71,46,55,36,47,45,45,45,42,36,52,42,48,26,47,32,44,47,41,44,46,134,35,52,48,44,49,51,35,48,0,42,38,49,48,43,45,53,40,50,45,37,46,47,42,45,28,34,46,32,30,44,44,42,42,43,46,33,39,45,38,26,40,46,55,38,43,46,31,39,34,40,41,45,38,33,23,45,45,50,44,66,47,46,32,38,47,43,103,41,41,42,56,46,38,32,44,37,53,52,46,41,46,55,38,40,45,51,26,39,29,39,48,48,41,53,32,44,44,80,46,50,25,40,36,39,34,43,43,45,47,43,48,52,38,51,45,42,43,40,37,88,53,41,33,44,26,48,33,38,41,45,39,39,39,34,44,50,47,34,49,49,44,41,37,34,36,46,53,40,34,44,42,27,41,43,44,38,34,42,40,46,43,45,38,45,49,47,39,45,44,39,42,44,31,49,38,41,43,43,43,48,52,40,37,45,38,52,112,36,33,47,46,28,48,43,42,44,49,41,43,42,38,43,47,30,45,46,49,25,45,44,44,47,45,35,33,93,43,34,46,46,47,47
24,90,37,30,20,16,36,33,36,21,23,48,37,22,44,30,45,24,18,19,18,37,21,31,20,34,45,24,23,25,20,18,22,24,67,21,23,35,45,22,41,20,22,56,29,23,21,24,23,22,19,37,12,61,36,45,24,27,43,21,18,34,44,21,29,68,24,16,31,10,20,22,24,21,38,38,38,21,69,22,21,28,21,21,26,27,29,53,19,16,17,17,23,24,22,42,19,60,20,31,23,45,23,19,72,75,21,56,48,23,30,19,21,19,24,48,19,32,46,24,23,20,35,18,21,21,140,24,55,56,18,25,61,32,20,42,0,27,22,21,20,35,33,21,33,37,26,22,22,23,13,29,19,22,23,57,26,24,39,23,28,23,36,22,22,29,46,19,22,62,27,50,34,42,48,42,20,43,23,25,20,53,20,29,30,35,71,24,16,23,38,39,18,111,23,22,40,62,31,22,32,21,34,42,35,22,19,23,43,37,16,47,29,38,51,34,26,22,21,24,55,30,23,23,94,35,29,33,29,25,41,28,47,22,22,41,27,22,42,47,19,21,22,26,30,42,90,41,31,31,34,42,17,40,27,35,20,41,22,31,38,21,38,21,38,45,38,41,40,48,34,26,19,54,35,26,21,22,32,31,19,59,36,28,21,18,23,22,22,27,23,21,21,13,31,21,21,23,50,32,28,23,26,22,35,23,30,32,23,22,22,36,31,115,16,46,22,19,42,27,32,16,17,22,23,21,31,26,25,25,23,20,23,20,37,18,21,21,38,19,27,26,96,22,31,32,22,32,25
28,97,36,34,27,18,29,21,23,20,24,44,20,27,40,23,31,23,26,13,24,31,26,32,27,43,46,25,15,22,27,28,22,29,68,25,25,30,39,29,46,25,18,46,22,22,26,22,27,24,24,29,29,60,35,34,23,23,40,28,25,36,45,25,31,71,25,29,36,22,28,25,23,24,31,31,31,26,67,27,25,15,24,25,35,28,25,40,27,30,25,27,20,19,24,15,27,64,26,32,27,36,16,24,74,75,23,58,39,27,19,29,28,27,21,45,9,32,41,26,27,21,46,21,25,22,135,23,48,50,26,30,45,20,26,38,27,0,25,31,23,25,37,24,32,27,18,28,28,26,27,27,24,27,30,52,23,18,33,22,26,27,30,25,28,25,47,27,19,57,21,50,30,33,39,41,28,52,26,24,25,50,20,28,16,34,70,26,26,19,38,41,26,102,22,24,30,62,21,27,30,26,21,41,39,27,28,27,49,33,15,40,27,35,31,23,11,27,23,26,58,24,24,27,86,21,26,33,38,31,38,30,40,16,23,40,30,28,45,52,30,29,26,29,37,39,87,46,27,25,24,20,28,31,30,33,29,38,22,39,30,26,32,24,38,45,16,43,39,37,40,19,27,54,36,25,28,21,27,39,26,55,41,27,33,26,27,17,28,19,12,27,23,26,26,27,29,27,41,28,17,11,19,20,34,25,25,32,22,25,28,34,30,114,24,49,21,26,39,35,26,25,31,28,17,29,29,24,15,21,19,27,24,31,32,27,23,25,44,28,27,19,86,28,23,36,22,27,27
12,98,41,31,11,19,33,36,38,22,15,45,35,21,46,28,38,24,9,15,6,42,7,30,12,40,45,16,22,27,8,11,14,17,68,10,21,34,43,16,46,11,14,50,25,19,9,16,9,20,5,38,24,58,36,42,25,28,46,12,19,35,46,9,31,68,16,24,35,16,13,7,29,19,37,39,37,9,67,23,9,26,7,9,27,26,32,53,10,19,14,9,25,24,7,40,7,60,14,29,9,43,23,7,69,74,11,55,52,16,33,23,12,12,20,49,23,31,47,10,25,12,38,7,9,8,140,16,55,50,9,27,59,29,11,49,22,25,0,15,20,30,33,12,32,36,20,20,10,23,18,27,25,12,32,55,18,27,34,18,23,9,34,20,9,34,45,12,18,61,25,49,34,41,49,43,9,47,8,17,17,48,11,28,30,37,72,20,10,24,40,44,8,108,18,15,39,60,30,34,34,10,29,39,35,12,17,9,47,33,19,44,23,31,41,37,22,19,13,16,57,30,16,19,91,27,21,26,32,24,40,32,41,20,15,39,30,20,46,48,21,12,19,33,35,40,91,43,34,28,32,40,21,40,21,33,13,40,25,36,41,10,33,9,42,39,30,37,43,43,34,28,11,55,37,22,7,13,31,37,25,58,38,17,27,10,9,18,9,20,21,24,8,7,28,15,11,7,47,33,25,20,26,16,29,19,33,25,19,28,7,30,21,109,16,44,18,12,44,34,31,7,18,8,12,21,29,26,19,21,27,10,14,20,36,9,10,21,43,12,26,25,91,24,27,26,17,31,9
14,97,45,34,13,21,34,36,41,24,13,42,34,25,47,29,32,29,13,16,16,40,8,31,14,29,35,19,19,27,13,15,15,20,71,15,22,37,46,18,47,16,18,51,28,15,16,15,13,16,12,37,28,58,39,45,20,22,50,15,17,37,47,13,33,69,19,22,37,17,13,16,23,22,38,32,37,17,69,25,16,28,14,15,31,30,35,52,15,23,11,12,24,24,17,43,13,64,11,31,11,43,20,15,75,80,13,59,48,16,36,27,11,16,25,49,24,32,49,12,27,18,37,15,15,12,139,21,57,51,12,14,57,35,2,48,21,31,15,0,22,33,34,13,32,31,22,24,9,24,24,32,29,9,33,58,25,28,32,14,27,13,39,20,13,32,47,16,20,63,27,53,35,42,51,45,16,50,11,18,16,49,18,33,33,37,74,17,15,28,40,46,16,109,21,18,37,64,33,30,38,14,30,36,30,9,21,10,41,39,23,42,28,36,51,39,25,17,18,16,54,27,16,22,94,33,24,36,33,24,42,30,43,18,18,41,27,16,32,47,19,11,16,35,27,40,95,36,28,30,32,43,28,48,29,37,10,42,23,35,41,14,38,15,43,41,38,42,42,44,35,30,10,59,36,23,12,18,32,35,30,59,42,19,34,8,12,18,13,18,23,23,17,15,29,19,17,16,48,37,25,23,24,18,33,16,36,26,17,30,8,33,24,107,17,48,13,15,41,30,35,11,25,12,18,21,29,27,18,21,27,4,13,2,43,7,15,20,36,14,30,24,92,27,29,31,21,31,16
21,99,37,29,18,9,38,31,41,17,11,38,32,11,43,24,37,20,16,7,17,35,18,30,16,41,46,10,5,18,17,18,11,17,71,18,17,29,40,15,47,19,10,46,17,8,15,15,19,18,15,31,23,50,27,36,13,18,39,22,17,35,50,18,21,61,9,24,27,19,12,18,28,13,33,37,32,19,61,11,19,22,19,19,23,20,22,43,18,10,18,19,8,8,17,40,18,61,20,29,19,35,8,19,63,67,18,51,35,16,32,22,22,19,8,47,12,35,38,18,12,15,42,12,18,19,138,12,48,45,18,26,48,26,18,43,20,23,20,22,0,29,36,21,28,23,19,18,18,11,18,15,14,23,19,57,21,16,27,15,26,19,37,14,19,27,43,20,16,48,14,47,31,39,41,46,17,50,20,15,21,47,17,21,21,29,67,9,17,18,35,44,16,105,22,7,35,60,28,23,36,19,21,41,35,23,24,19,46,36,12,42,27,28,39,39,18,19,21,16,55,18,11,17,83,31,10,18,27,11,35,32,38,8,11,34,23,22,46,50,24,21,22,36,33,34,91,46,16,27,29,34,21,38,19,32,21,35,19,32,34,19,29,20,31,42,30,41,39,42,33,32,20,58,35,20,19,10,24,31,27,58,40,19,32,19,19,16,19,13,13,22,16,24,26,22,17,18,46,33,23,14,14,10,31,14,28,28,14,17,19,29,23,105,15,40,18,15,40,32,31,18,16,17,14,12,26,14,13,9,20,18,11,24,30,19,21,11,38,23,17,10,95,12,25,35,14,16,18
32,102,37,27,32,24,26,25,37,26,25,48,35,29,43,19,12,25,30,26,34,30,32,37,31,43,43,29,27,23,31,34,29,29,67,28,32,33,50,27,50,29,27,38,33,28,30,22,31,32,30,14,31,58,38,37,27,30,49,33,32,40,49,30,34,68,28,34,27,28,32,28,21,30,8,10,8,30,54,34,28,16,29,30,31,34,26,48,30,32,32,30,29,31,32,39,31,56,33,6,31,37,22,30,72,78,29,50,44,31,32,37,33,30,28,19,20,32,43,31,22,29,45,32,29,29,142,26,51,39,28,35,56,19,32,45,35,25,30,33,29,0,28,33,27,30,30,34,31,29,33,18,32,32,26,55,25,24,6,32,26,31,26,33,31,22,42,30,24,62,29,47,34,40,50,37,32,53,29,29,31,46,28,33,25,14,73,26,31,28,38,44,30,103,26,26,34,67,1,30,21,31,17,44,38,32,35,30,46,7,30,14,35,35,42,37,29,31,30,30,60,23,27,30,81,1,29,27,37,32,26,34,10,24,22,8,29,32,44,55,35,32,30,34,37,43,91,47,38,25,14,24,34,37,33,5,32,26,33,41,36,31,28,29,14,42,22,41,18,27,32,32,31,55,25,26,31,26,29,41,33,52,37,34,37,31,30,26,31,26,28,29,27,30,5,34,31,32,23,22,25,30,28,28,25,18,28,32,34,27,31,30,37,110,28,46,31,33,41,37,24,31,30,29,26,31,25,34,17,27,32,35,26,34,40,31,30,26,48,31,30,18,95,30,30,37,28,6,31
33,99,45,37,33,17,24,31,38,31,29,34,33,26,42,23,38,28,32,35,32,43,35,38,31,41,48,30,35,19,32,32,24,34,62,32,35,23,31,28,42,33,25,48,26,31,32,27,32,23,35,37,35,60,18,29,22,23,47,35,37,29,47,32,25,71,30,32,24,34,31,31,18,28,39,39,39,31,61,28,31,20,31,31,32,22,31,43,30,28,28,34,30,31,31,45,31,63,32,31,32,38,21,34,74,68,35,46,53,28,18,23,35,32,22,52,29,37,45,33,23,29,45,33,30,35,133,15,57,45,31,39,53,34,36,53,33,37,33,34,36,28,0,26,27,27,19,34,33,25,34,22,22,35,19,58,33,29,25,28,27,32,36,29,32,29,41,33,15,54,31,51,33,38,40,40,29,53,31,28,28,45,34,33,38,34,58,22,36,17,20,43,34,113,30,23,37,49,32,31,17,36,20,40,38,35,28,32,50,40,18,39,37,16,33,21,15,27,31,28,60,26,33,33,90,32,28,17,35,24,29,37,25,31,29,32,35,32,49,51,35,35,33,31,35,19,95,47,24,28,36,24,36,43,29,35,35,29,28,35,44,36,15,31,34,47,37,34,43,42,34,26,35,58,38,31,32,26,31,34,31,57,42,32,30,34,32,17,32,30,16,32,32,28,29,27,33,30,48,39,31,27,26,28,13,31,22,34,33,23,32,30,38,104,36,27,32,32,31,20,19,35,32,34,28,32,35,34,30,23,33,33,27,35,32,35,34,18,40,34,33,23,83,26,30,35,25,33,34
15,97,40,29,8,18,33,36,38,20,16,49,35,18,42,30,43,24,8,21,7,36,13,30,12,38,45,16,15,25,13,8,15,20,70,11,22,38,42,14,46,14,14,48,19,15,11,18,14,17,13,42,22,55,32,43,25,24,46,13,17,36,48,13,29,67,16,16,37,10,12,9,25,19,40,40,40,12,66,18,12,28,17,11,29,25,27,48,14,17,11,14,19,20,9,41,13,57,6,33,14,42,22,16,72,73,12,51,46,16,33,25,15,10,20,44,20,32,46,13,27,12,36,9,12,15,138,17,50,51,10,19,57,26,14,40,21,24,12,13,21,33,26,0,29,30,19,23,13,18,18,26,23,14,24,59,18,30,37,18,22,14,33,22,14,27,45,11,18,56,21,52,36,43,43,44,11,53,13,21,14,51,14,31,28,32,67,15,12,25,38,44,17,110,19,12,39,54,30,30,30,11,29,36,38,14,22,14,47,25,15,42,22,28,47,30,21,16,16,16,50,30,18,17,90,28,20,26,32,19,39,24,43,19,15,41,33,13,45,48,19,13,22,30,31,39,93,44,33,32,32,41,18,39,22,25,14,39,21,29,36,11,34,12,39,43,34,40,37,47,28,24,15,58,34,22,13,14,29,31,30,58,39,18,27,7,14,18,14,17,18,19,12,17,29,11,10,12,44,33,26,18,21,18,27,19,35,31,14,25,14,36,25,106,17,46,17,13,42,32,29,10,20,13,17,17,31,26,19,21,21,10,13,19,37,12,12,20,44,14,23,27,89,19,27,32,19,26,15
33,100,48,39,27,28,22,36,31,28,26,15,36,32,39,26,35,13,35,23,29,34,32,38,31,45,48,33,24,22,31,34,26,33,70,31,27,39,43,29,44,30,29,49,25,32,29,30,34,27,29,33,29,59,25,26,17,17,37,36,31,34,42,31,34,66,33,18,31,31,32,31,20,31,39,36,39,29,68,17,30,18,32,29,24,25,16,44,31,27,32,31,31,31,28,35,31,62,21,32,34,35,15,25,70,70,32,59,35,34,29,30,36,30,25,47,21,34,47,33,30,30,45,29,31,32,140,20,40,46,30,39,53,16,32,50,33,32,32,32,28,27,27,29,0,31,14,34,35,19,30,16,20,34,30,61,21,13,34,21,26,34,37,26,33,26,44,34,26,55,30,52,37,39,50,26,29,34,31,16,21,41,33,35,32,37,69,29,27,15,37,48,25,110,26,26,38,58,25,31,19,27,17,41,39,34,16,34,50,41,24,37,26,25,47,16,21,31,29,30,62,19,25,35,82,28,24,25,35,17,33,27,41,26,25,39,32,18,48,48,35,36,30,18,30,40,86,48,15,25,28,34,19,48,33,41,36,33,21,19,39,27,36,31,35,26,19,35,40,33,33,26,34,55,9,26,29,29,15,20,32,56,19,22,24,27,34,18,33,17,19,28,27,24,16,18,22,31,47,34,29,27,19,19,11,26,31,35,29,25,33,32,25,98,27,42,32,29,41,24,6,30,28,37,23,29,31,24,26,26,26,29,29,36,29,32,33,17,42,34,26,17,84,21,25,24,16,23,32
34,104,37,34,31,18,42,24,34,30,28,38,30,32,26,35,18,29,34,17,30,28,26,39,34,39,45,25,23,17,32,36,30,34,73,34,33,32,49,29,49,31,24,39,36,30,32,25,33,29,34,19,30,62,35,42,27,19,44,33,33,39,47,33,32,70,25,32,41,27,31,34,26,30,14,16,14,29,58,23,34,16,30,34,31,34,21,54,34,31,31,29,26,26,32,29,31,68,32,11,31,37,18,30,70,81,29,53,52,32,32,25,30,30,23,23,18,24,43,30,30,28,39,32,32,29,146,19,57,39,34,34,60,20,29,45,37,27,36,31,23,30,27,30,31,0,33,24,31,32,34,29,29,30,30,58,21,25,15,25,34,33,40,30,31,38,35,31,29,67,38,53,36,40,49,47,32,45,31,27,31,47,32,35,32,20,78,30,34,35,42,49,27,109,35,30,32,69,20,30,36,29,17,38,36,30,32,30,47,21,20,23,33,31,47,42,33,29,36,34,61,30,32,31,81,20,37,36,32,35,17,43,21,29,22,29,33,32,45,60,37,30,36,36,34,34,94,48,30,31,19,22,32,38,32,25,30,17,32,33,43,29,37,34,32,42,26,44,34,37,36,30,30,62,37,26,30,19,32,33,33,59,26,30,36,33,32,27,31,18,34,36,31,26,10,34,33,32,44,12,33,34,27,16,32,30,30,34,29,37,30,25,34,110,27,43,22,31,47,33,31,34,31,25,18,30,36,29,30,20,36,31,25,32,48,27,28,29,42,34,29,15,91,27,31,37,25,15,32
21,89,39,30,20,14,36,31,36,18,11,36,34,13,42,30,33,19,19,9,20,32,19,29,19,40,45,15,9,13,18,22,12,20,69,18,16,34,51,17,47,20,14,50,19,17,20,21,20,10,20,38,20,58,25,40,7,18,43,23,16,32,43,18,25,64,15,15,30,11,19,18,15,13,30,31,29,17,64,11,17,24,18,17,29,21,29,40,16,12,20,18,15,15,19,42,16,56,16,24,20,42,9,15,70,73,18,48,44,18,27,10,23,19,11,43,14,33,40,19,12,17,38,17,18,16,141,19,55,49,17,25,56,30,22,37,26,18,20,22,19,30,19,19,14,33,0,19,21,13,26,25,18,21,13,56,22,15,30,8,28,20,36,9,21,26,43,19,6,54,10,51,37,39,46,39,19,45,19,3,11,48,19,21,27,36,70,17,18,11,42,38,18,106,11,6,36,57,26,31,18,21,19,39,34,21,17,20,46,37,5,37,25,35,32,35,3,19,18,21,57,14,11,20,90,31,6,25,33,5,40,26,38,13,15,32,23,15,46,47,22,22,16,33,36,28,89,41,16,32,30,34,21,40,26,30,22,40,12,35,36,21,24,20,36,41,30,41,41,38,33,27,21,55,20,16,18,12,20,35,29,57,33,15,31,18,20,13,21,20,9,21,16,18,24,17,15,19,41,28,23,17,14,8,14,15,22,24,14,18,21,31,18,111,11,40,18,22,40,22,15,16,17,20,4,16,28,18,15,19,27,23,17,19,28,19,20,8,40,20,23,15,93,12,22,34,3,32,21
19,100,42,35,22,19,41,31,41,26,16,49,36,12,46,28,43,20,21,17,20,41,21,28,20,41,48,23,20,29,23,24,16,24,70,20,22,31,46,19,50,22,19,57,20,20,19,16,18,8,20,39,28,56,34,43,28,25,47,23,18,41,49,20,25,71,23,24,33,19,22,21,25,24,39,40,39,18,63,14,20,28,22,20,22,23,37,56,21,14,15,22,23,25,17,40,23,63,22,35,18,45,27,23,72,77,21,58,54,19,32,28,23,20,21,47,26,32,45,20,27,20,43,22,19,19,144,20,58,53,20,22,61,34,23,46,22,28,20,24,18,34,34,23,34,24,19,0,18,22,26,28,28,22,27,62,25,22,36,20,30,18,37,16,21,34,51,22,15,59,25,55,38,38,53,49,24,53,18,16,15,51,23,32,31,38,75,14,21,18,39,47,15,111,14,14,42,66,31,35,36,21,32,44,41,22,26,18,51,36,23,47,30,36,45,40,23,25,16,15,60,29,10,20,91,31,20,34,35,13,39,39,41,11,18,39,28,23,45,52,22,23,22,37,34,37,97,44,31,34,30,43,28,42,20,36,23,39,19,41,38,21,34,20,47,43,33,45,39,45,33,30,22,60,36,25,21,15,30,41,33,57,37,26,36,23,18,21,21,16,16,24,21,17,26,19,19,24,50,40,29,19,24,14,30,21,36,29,14,18,21,36,22,111,20,48,19,19,45,36,34,23,25,19,16,20,25,23,16,23,24,20,16,20,42,18,18,20,39,22,29,24,94,19,27,32,19,30,17
10,96,45,37,7,20,39,34,38,25,14,45,33,25,43,29,35,29,12,17,12,43,7,29,16,37,40,17,18,25,7,13,15,20,70,11,23,36,47,16,45,6,17,49,28,15,12,15,5,16,12,42,25,58,38,44,21,26,49,9,20,36,46,10,32,70,17,18,35,14,13,12,29,23,33,31,32,13,67,24,13,29,6,11,30,28,30,55,9,24,12,7,26,23,7,43,7,63,13,31,3,41,27,16,72,78,8,55,53,14,33,24,7,7,23,50,21,31,48,4,28,18,37,10,11,7,137,20,58,54,4,18,58,36,5,47,22,28,10,9,18,31,33,13,35,31,21,18,0,23,27,29,26,4,30,57,22,27,36,17,26,5,41,19,12,34,46,15,19,62,27,52,38,41,51,44,11,49,4,18,16,48,11,29,34,39,71,18,10,25,39,46,12,109,21,15,40,62,31,30,35,9,30,36,34,4,26,2,45,38,20,46,25,35,48,37,23,26,18,16,55,28,14,22,93,31,22,33,34,24,39,35,42,17,19,40,29,18,40,47,22,7,19,35,27,39,94,39,28,31,34,41,25,45,25,38,7,39,26,38,44,9,37,11,42,40,36,42,42,45,38,30,3,58,37,26,11,14,31,38,29,61,37,20,34,13,4,19,12,17,21,24,13,16,29,16,12,11,45,39,28,21,26,18,33,17,35,28,19,30,10,32,25,107,16,48,15,14,42,33,33,12,21,11,17,18,29,24,18,21,29,7,13,9,39,4,6,17,38,13,29,25,91,25,28,32,18,31,12
23,98,42,27,19,10,31,31,39,19,18,47,33,4,41,23,35,14,18,15,25,36,21,26,15,37,46,13,11,16,22,22,14,20,63,22,17,25,47,10,42,23,19,39,15,11,17,17,25,17,21,34,24,57,24,35,18,20,42,25,18,37,49,22,14,63,14,18,22,18,19,20,28,18,36,43,36,17,57,5,22,16,18,21,26,18,30,41,23,7,24,21,12,13,21,41,22,62,16,31,25,39,16,20,65,67,20,47,44,20,15,19,24,19,5,52,19,33,46,24,7,21,32,13,23,20,133,9,57,53,19,26,59,26,23,42,23,26,23,24,11,29,25,18,19,32,13,22,23,0,24,15,4,24,14,56,21,19,31,15,18,25,33,16,23,16,39,20,16,50,9,52,33,37,30,43,19,53,25,8,18,48,21,22,26,38,66,15,20,7,31,47,20,107,14,21,35,56,30,30,33,21,26,37,36,24,26,22,48,28,12,43,30,29,29,28,14,24,24,21,50,25,20,17,91,30,15,30,31,7,35,32,41,14,17,39,18,23,46,51,25,27,22,37,27,21,97,45,19,19,30,30,17,38,14,25,27,35,11,36,23,21,17,22,43,38,37,41,34,45,27,24,23,59,26,13,20,17,14,36,28,54,37,22,32,22,22,10,23,13,14,18,20,25,29,22,16,24,46,31,25,15,16,10,28,14,26,25,15,16,23,33,21,107,17,39,20,13,37,32,22,24,15,22,14,18,23,14,10,18,10,20,17,26,23,23,23,7,34,21,10,21,93,3,18,35,13,33,22
25,94,38,34,20,18,42,34,39,23,27,40,35,24,44,33,44,25,21,20,16,39,24,24,17,42,46,26,17,28,18,19,26,25,70,23,17,33,41,21,37,19,22,52,23,16,20,22,25,23,18,35,14,56,33,40,18,21,43,21,21,31,51,23,25,61,26,18,35,23,17,22,30,20,42,44,42,22,65,19,22,31,23,21,28,31,31,56,19,24,18,22,15,16,16,42,17,57,21,29,25,43,19,20,71,78,22,57,50,24,25,18,21,22,23,50,18,31,47,25,26,18,42,20,25,23,142,23,51,55,23,25,61,29,25,45,13,27,18,24,18,33,34,18,30,34,26,26,27,24,0,27,25,22,32,62,18,28,39,24,26,25,33,24,22,34,42,16,24,63,25,52,29,44,48,44,14,43,24,23,22,51,22,30,31,31,71,25,21,25,38,44,29,106,23,23,41,62,34,33,32,24,28,35,35,22,21,25,46,37,26,46,29,35,47,37,23,14,22,25,54,31,25,20,89,34,24,28,23,22,38,27,45,22,26,43,30,20,42,48,19,24,22,28,35,35,91,42,28,32,34,38,22,45,28,37,24,38,27,27,35,24,36,22,37,39,35,39,43,41,31,31,24,63,35,25,23,25,31,27,21,61,37,21,28,16,25,22,22,22,24,21,20,24,33,21,20,21,50,39,28,24,23,24,26,22,34,24,22,28,22,33,26,106,17,46,27,20,44,30,33,18,20,21,26,25,33,23,27,24,29,24,25,25,36,24,23,24,41,23,33,21,90,28,30,27,25,31,24
31,95,24,27,25,14,19,21,28,26,25,40,32,18,32,16,28,16,29,18,30,38,30,32,25,36,37,19,16,17,29,26,21,26,54,28,34,25,35,24,41,26,25,47,15,23,26,26,28,23,24,21,27,54,23,46,21,30,34,30,29,30,41,28,19,61,20,22,24,18,21,26,11,26,28,30,28,29,67,12,23,8,24,27,20,20,18,45,24,12,32,28,26,30,22,35,26,51,23,28,28,42,13,27,63,68,28,43,48,26,26,24,33,27,19,35,12,31,45,29,22,27,42,20,30,27,138,10,56,48,29,33,52,18,31,28,29,27,27,32,15,18,22,26,16,29,25,28,29,15,27,0,16,32,13,47,18,18,20,23,23,28,36,18,25,25,34,27,28,56,20,46,33,29,48,26,20,53,29,20,26,37,29,21,33,30,68,16,25,10,37,44,28,105,28,22,40,55,22,22,12,28,19,39,37,32,23,28,40,20,24,38,24,16,43,16,19,21,25,28,55,9,31,29,85,19,27,14,24,13,29,28,27,27,24,36,19,25,43,47,33,29,23,27,28,38,78,41,18,17,22,24,17,41,11,18,29,29,11,23,40,28,30,29,32,43,26,25,29,38,18,15,32,54,27,22,24,31,20,23,34,52,27,30,31,22,28,26,25,17,27,24,28,24,22,27,27,27,49,34,30,22,17,24,14,25,26,35,30,19,25,31,36,116,16,32,26,29,31,26,19,24,20,23,26,17,19,31,25,29,27,32,27,30,21,29,30,23,37,31,20,14,86,17,24,26,28,16,29
27,92,46,34,22,19,30,32,44,26,13,41,33,14,39,18,40,14,20,15,26,39,28,26,19,42,48,20,22,15,21,22,17,20,69,24,25,30,48,26,42,24,13,45,14,13,23,21,25,21,20,35,25,45,26,21,18,13,45,31,23,37,44,24,9,61,20,22,25,29,16,25,17,28,39,42,40,25,49,9,25,17,22,22,19,13,27,48,24,16,22,25,20,23,21,43,24,59,21,32,25,39,14,20,62,63,24,47,47,24,21,17,29,25,11,53,13,35,44,24,14,19,41,22,28,25,137,13,55,47,25,30,51,27,26,34,19,24,25,29,14,32,22,23,20,29,18,28,26,4,25,16,0,30,19,59,26,23,34,22,21,25,29,16,26,21,39,22,22,55,17,50,36,40,39,38,19,54,24,12,16,42,23,13,30,40,68,17,22,12,39,45,26,114,22,21,41,55,35,28,23,24,22,43,39,30,30,25,48,30,8,45,29,21,21,25,17,25,29,20,49,17,17,22,93,32,16,25,35,9,30,33,40,18,11,37,18,21,47,37,30,31,27,33,25,34,95,45,16,23,31,21,24,37,8,32,31,30,9,40,19,24,21,27,40,41,40,40,41,46,34,25,30,56,30,13,22,24,19,29,24,55,38,23,26,23,25,17,26,17,13,18,20,27,32,23,21,28,52,33,22,18,13,20,33,19,19,27,16,6,26,31,29,111,25,43,20,13,43,20,18,28,12,21,21,24,24,13,18,22,9,23,15,28,24,27,24,15,41,22,16,13,94,15,16,36,17,34,28
10,98,43,31,4,21,41,35,35,24,12,46,35,24,44,27,35,27,13,16,13,42,4,29,14,34,42,16,16,24,7,17,15,20,71,8,24,38,44,17,45,7,14,50,28,15,9,17,7,15,14,40,27,62,39,43,23,27,46,7,16,34,44,5,32,67,15,15,35,14,13,7,31,22,31,33,32,13,66,23,11,26,8,5,31,31,30,54,10,24,14,3,24,22,6,42,8,62,11,30,5,40,25,11,72,79,2,57,52,15,35,26,4,5,23,46,21,32,49,6,27,13,31,8,7,4,139,21,56,53,6,16,58,36,3,46,22,27,12,9,23,32,35,14,34,30,21,22,4,24,22,32,30,0,31,58,20,31,34,18,28,7,38,21,5,31,44,17,19,61,28,49,34,40,52,42,15,50,4,20,15,46,10,29,31,38,73,20,10,26,40,46,14,108,20,14,37,64,32,32,34,9,29,37,33,0,21,4,41,37,21,41,25,35,49,37,23,24,17,17,56,24,13,21,93,32,21,34,34,25,39,35,41,18,17,39,28,15,42,49,18,4,20,35,28,41,91,35,35,28,31,40,26,43,28,36,5,39,24,36,43,9,38,7,43,37,37,43,42,44,35,31,1,59,39,23,4,14,35,36,29,60,40,20,33,15,6,16,5,17,21,23,12,15,28,16,13,9,47,37,24,19,27,19,31,18,34,27,19,30,3,34,22,104,16,45,11,19,41,34,35,13,26,9,17,18,27,27,19,19,28,9,13,11,38,2,8,18,37,6,28,22,88,26,26,33,16,31,10
31,99,42,40,29,15,27,26,40,30,27,43,28,14,38,30,46,15,25,25,35,43,22,33,25,38,37,16,20,27,31,33,23,28,71,31,32,35,53,24,41,26,25,49,18,22,27,23,30,19,31,38,23,59,20,34,29,31,45,31,26,41,52,31,23,65,15,29,40,29,24,30,18,29,39,43,39,23,62,12,32,31,27,30,29,20,32,46,31,11,27,30,28,28,29,47,30,58,31,33,30,41,22,28,76,65,29,53,50,26,15,5,30,29,13,42,31,35,45,31,14,28,33,30,29,29,137,23,56,56,31,28,59,37,31,32,23,30,32,33,19,26,19,24,30,30,13,27,30,14,32,13,19,31,0,55,33,14,36,24,26,30,42,17,32,23,45,29,12,61,13,57,33,43,42,43,27,55,32,25,28,45,28,22,32,39,69,16,28,9,37,48,34,111,25,23,40,63,30,32,18,28,21,35,31,31,25,30,41,37,24,42,29,29,42,24,21,29,31,24,56,19,25,26,91,34,25,31,31,14,27,35,40,24,19,35,25,24,40,46,30,28,30,26,33,37,90,42,32,18,29,37,25,45,11,34,28,27,18,40,26,28,32,30,43,47,39,42,43,42,32,22,31,63,21,30,30,22,27,43,33,62,36,27,28,24,30,19,32,20,13,29,22,35,28,29,31,29,49,35,33,19,23,20,13,20,22,35,19,21,30,37,39,104,32,37,26,23,34,27,17,32,27,28,26,16,30,30,19,24,28,25,22,30,31,29,25,24,41,31,5,26,87,20,32,33,26,33,28
57,100,50,39,58,54,56,57,61,53,54,60,56,59,55,56,60,52,52,56,55,47,54,61,55,59,61,54,53,54,56,57,51,56,54,54,50,53,57,58,56,54,52,53,55,51,57,56,56,57,54,56,56,56,56,52,52,57,57,57,57,52,48,54,56,62,54,60,64,53,55,54,52,51,56,63,57,56,64,61,56,55,54,55,60,61,51,51,53,56,54,55,52,50,56,64,53,55,57,54,56,48,53,54,61,75,56,54,58,56,62,54,57,54,56,56,54,38,57,55,58,51,55,56,56,54,140,49,50,51,54,60,59,48,57,30,57,52,55,58,57,55,58,59,61,58,56,62,57,56,62,47,59,58,55,0,51,53,56,59,54,56,49,60,57,60,17,55,56,44,56,14,60,51,51,44,56,65,56,54,56,39,55,58,60,61,73,58,52,57,50,55,58,103,58,54,59,58,57,55,60,54,59,62,55,58,53,56,58,57,57,57,54,46,49,61,54,48,55,56,58,59,55,56,93,57,55,49,57,55,57,54,61,56,54,54,58,55,61,59,58,57,49,53,53,49,90,58,56,53,56,42,56,51,62,61,57,57,61,53,49,54,53,53,57,54,48,59,56,48,55,60,56,43,55,55,57,55,57,49,55,55,56,55,58,56,56,57,57,57,57,55,55,52,56,58,55,50,59,45,61,56,56,57,54,58,51,58,61,55,53,45,57,112,52,55,56,57,50,60,54,53,60,55,55,57,56,50,58,51,54,60,56,57,41,55,55,58,49,53,58,55,88,57,56,59,56,58,56
24,97,40,32,24,14,25,32,44,16,21,41,28,25,33,28,39,23,24,20,14,35,25,31,24,36,41,21,20,27,24,21,20,23,62,23,21,26,39,25,47,16,17,50,25,18,24,19,23,23,16,36,23,57,37,37,21,26,49,22,15,27,30,22,33,73,20,16,30,15,24,21,21,18,34,38,35,20,70,26,24,23,25,23,20,32,28,54,24,26,16,24,22,17,23,41,24,66,16,23,22,36,23,17,73,81,21,60,54,25,29,22,23,22,22,49,24,27,49,23,24,14,41,27,23,21,146,15,48,52,24,30,57,31,22,44,26,23,18,25,21,25,33,18,21,21,22,25,22,21,18,18,26,20,33,51,0,30,36,24,22,23,36,24,24,36,37,15,24,66,28,42,33,40,53,44,20,42,19,22,26,48,23,30,25,39,76,22,22,20,42,43,11,106,26,22,41,65,33,33,27,22,26,38,33,20,13,22,48,32,24,44,12,29,47,28,22,10,7,24,60,30,25,23,88,32,17,25,25,26,38,24,40,24,18,39,27,16,46,43,21,23,14,20,28,40,93,42,22,26,27,37,13,40,30,39,24,38,22,28,40,22,38,22,36,38,34,45,42,37,27,28,19,56,26,25,23,22,36,28,18,59,32,12,22,20,22,22,24,24,22,9,24,11,29,17,20,25,43,36,25,21,26,15,28,24,32,13,23,31,23,24,15,108,9,46,23,23,35,33,23,19,25,16,20,20,26,22,26,25,30,22,19,25,37,18,23,20,43,25,30,13,85,26,23,11,20,31,26
29,101,44,33,26,6,26,21,38,20,23,27,28,11,42,27,37,17,25,21,30,36,28,31,28,33,46,26,23,20,26,31,21,24,71,26,30,31,46,26,44,29,24,45,23,28,26,19,26,12,29,41,24,56,23,40,15,16,38,30,23,31,46,26,13,69,26,32,34,28,28,25,10,23,37,39,37,25,56,12,27,11,26,24,26,24,25,54,27,10,29,28,24,23,22,30,26,64,26,28,26,35,15,28,73,64,25,51,37,16,14,21,26,28,11,43,14,25,35,27,18,26,41,27,26,27,136,28,55,48,23,34,57,31,29,44,24,18,27,28,16,24,29,30,13,25,15,22,27,19,28,18,23,31,14,53,30,0,23,12,22,26,33,15,29,27,50,23,18,57,14,50,34,36,50,34,27,51,26,12,21,44,26,21,24,29,70,10,27,8,25,39,30,106,15,23,37,62,26,35,19,31,22,45,39,31,30,26,51,37,17,36,25,36,46,35,21,23,30,22,56,5,29,27,86,32,17,16,29,11,34,22,38,12,17,36,31,29,41,48,29,28,28,32,35,16,89,51,21,19,26,32,26,41,25,38,29,34,20,27,44,31,15,27,39,44,32,42,30,41,30,29,30,61,30,22,26,20,4,26,26,59,37,25,32,31,26,10,29,11,8,20,22,25,24,29,33,28,42,32,27,9,14,14,20,12,32,35,23,13,29,29,33,106,26,42,24,30,44,20,20,25,27,30,21,18,31,29,11,22,21,28,29,28,34,30,26,12,44,26,15,13,86,15,21,33,22,19,30
36,105,32,31,33,19,26,28,40,27,33,46,26,30,42,22,9,28,33,32,36,35,34,45,33,39,34,27,26,30,35,37,33,35,65,31,30,36,46,28,51,34,25,29,37,24,35,31,35,31,34,13,33,57,38,41,23,28,41,36,29,40,46,31,33,65,26,35,35,32,31,32,27,28,8,9,7,34,58,29,35,25,31,32,39,29,25,48,32,36,31,34,30,28,33,40,34,58,32,20,35,30,30,34,65,73,33,54,43,37,31,33,34,35,37,21,19,34,35,32,27,29,49,35,33,33,148,26,44,37,33,40,54,30,34,42,39,33,34,32,27,6,25,37,34,15,30,36,36,31,39,20,34,34,36,56,36,23,0,28,29,35,33,37,32,39,41,33,29,63,32,50,33,33,51,30,35,48,36,29,31,47,32,39,28,14,78,27,36,39,43,44,29,104,34,32,32,70,7,28,28,36,28,39,35,34,40,33,48,7,27,10,36,35,44,37,25,36,32,31,55,24,31,35,77,7,35,31,36,31,27,34,36,33,28,34,36,34,45,51,40,34,35,33,37,41,85,45,37,39,11,30,38,39,31,7,34,27,33,39,37,36,37,34,11,39,30,35,21,27,33,36,35,56,39,30,32,30,35,39,41,56,39,28,37,33,33,31,32,30,26,37,33,34,10,38,37,35,31,28,36,31,27,34,20,27,25,35,35,37,32,38,37,112,33,45,37,37,43,33,34,34,29,29,28,36,29,37,27,30,36,37,30,38,32,34,36,34,43,33,37,30,90,31,34,39,31,21,34
19,90,35,31,16,18,39,25,30,13,13,41,28,9,35,24,40,15,20,14,16,34,16,33,15,36,44,18,14,11,19,21,15,16,70,19,25,29,47,8,48,18,14,50,21,13,17,15,18,2,22,40,26,58,21,32,9,17,41,21,19,39,49,19,22,68,18,24,31,19,17,19,21,21,33,37,33,15,61,9,18,19,18,19,29,20,32,53,18,15,17,15,18,18,19,40,19,57,19,25,17,41,11,16,69,73,15,50,45,14,20,24,16,19,8,46,18,33,46,16,22,17,36,16,16,15,138,19,57,52,18,22,58,34,17,42,23,22,18,14,15,32,28,18,21,25,8,20,17,15,24,23,22,18,24,59,24,12,28,0,26,18,36,4,19,32,42,14,10,58,13,48,28,35,44,44,20,49,16,1,10,50,17,27,28,33,68,5,19,8,37,44,19,105,9,11,30,63,28,32,27,16,27,38,36,18,24,17,45,31,6,43,30,35,43,37,6,25,16,15,55,22,14,15,93,28,13,28,34,5,27,35,43,13,10,40,24,26,43,53,22,19,21,31,33,26,94,41,18,31,23,41,24,38,14,33,19,27,19,38,38,16,23,18,42,45,32,40,36,46,38,28,18,60,32,19,18,10,16,38,30,52,39,24,36,21,17,8,19,10,4,21,14,20,22,21,21,20,47,32,22,22,25,18,21,1,29,28,13,19,18,33,21,110,19,44,12,18,42,29,25,21,12,13,3,10,22,16,5,18,26,16,11,15,32,15,18,10,39,19,25,21,91,5,28,35,2,29,16
27,90,42,34,23,24,30,30,39,24,24,40,33,22,41,28,37,28,22,18,23,38,25,26,25,38,42,23,20,20,25,24,26,25,65,23,27,25,41,26,43,25,22,47,23,23,23,25,25,28,25,31,26,48,32,39,26,28,45,27,20,25,30,23,27,60,24,18,24,24,26,26,23,25,30,33,30,24,63,21,23,17,23,27,29,21,25,46,24,23,19,24,21,21,23,41,27,63,24,25,25,43,19,22,64,70,26,59,39,26,29,32,29,21,18,47,27,21,46,24,22,21,34,23,23,26,141,25,56,47,25,32,59,26,26,43,28,26,23,27,26,26,27,22,26,34,28,30,26,18,26,23,21,28,26,54,22,22,29,26,0,25,30,28,24,20,36,15,25,54,26,45,37,34,44,39,19,50,27,22,25,46,26,25,29,33,69,25,24,17,36,43,24,104,26,24,39,61,24,32,24,25,26,42,38,26,25,25,42,30,20,41,23,30,39,33,25,15,24,25,47,29,24,25,89,26,23,25,33,25,31,31,42,23,26,38,28,18,43,44,23,25,25,19,33,40,88,42,29,26,26,34,16,39,21,29,24,31,20,31,36,25,29,26,35,43,33,32,43,39,37,19,27,53,32,26,26,22,31,29,17,57,40,22,25,23,25,24,24,26,26,17,25,24,23,22,25,27,44,30,24,23,17,21,30,26,30,32,21,25,24,31,25,105,28,44,28,23,42,27,28,25,20,23,23,25,29,19,25,24,22,26,24,24,33,24,24,27,43,26,25,22,87,24,26,31,22,30,25
8,97,44,36,9,19,38,33,40,24,14,45,32,25,44,28,39,28,11,16,13,42,11,28,15,39,44,16,18,24,8,14,15,20,69,9,22,35,48,16,44,8,14,50,27,14,7,16,3,18,13,41,26,57,37,44,26,27,48,9,19,35,45,9,31,69,16,23,36,13,12,4,30,22,34,35,33,13,65,24,10,28,7,9,28,31,31,54,10,24,13,7,25,22,9,42,8,62,13,29,3,42,24,15,71,78,7,54,49,16,34,26,9,7,22,49,22,33,47,4,27,15,41,9,9,8,136,19,57,47,11,22,57,35,9,46,23,27,9,13,19,31,32,14,34,33,20,18,5,25,25,28,25,7,30,56,23,26,35,18,25,0,39,20,5,35,45,14,18,61,26,51,37,40,51,43,10,50,4,18,18,47,11,28,33,38,70,18,11,24,38,46,11,109,20,14,41,61,30,32,34,11,29,40,36,7,25,3,48,37,19,43,26,34,46,37,22,25,17,16,54,26,14,23,93,30,22,32,33,24,38,33,43,18,16,41,30,23,42,46,24,9,22,37,29,40,93,45,34,30,34,41,24,45,25,37,9,38,27,39,44,11,36,9,43,39,33,41,41,45,39,31,7,57,36,25,5,13,30,39,28,60,40,19,33,12,3,18,5,18,20,23,13,15,28,17,11,12,46,38,27,20,27,17,32,18,34,27,19,29,5,31,24,109,17,47,17,15,41,32,32,13,22,11,18,20,28,27,18,22,29,16,13,11,39,7,7,18,40,4,30,24,92,25,27,33,18,31,6
39,96,27,16,38,32,30,31,41,35,35,44,37,33,37,38,39,34,35,34,36,7,36,40,34,41,45,34,35,32,38,38,34,35,68,36,39,21,40,32,52,38,32,35,34,33,35,37,39,39,33,27,37,54,38,42,34,37,37,40,35,36,47,36,32,54,35,35,33,34,36,37,37,35,34,37,34,35,62,34,39,29,35,36,37,37,33,52,37,35,38,35,33,36,34,37,34,62,36,21,39,28,29,34,62,71,36,58,53,36,36,38,40,34,31,47,34,40,48,37,35,34,44,40,36,36,145,33,52,46,38,40,63,32,38,33,36,30,34,39,37,26,36,33,37,40,36,37,41,33,33,36,29,38,42,49,36,33,33,36,30,39,0,38,38,30,34,35,34,53,30,53,20,24,35,38,34,52,39,37,38,47,36,34,28,27,75,36,39,24,36,50,34,104,29,35,30,63,30,32,35,39,38,38,38,40,37,39,49,33,28,37,41,30,47,39,31,32,31,33,60,33,36,37,78,33,31,31,33,29,28,35,27,29,38,31,41,41,44,48,41,40,37,34,35,36,96,46,34,36,27,32,36,9,28,33,40,28,31,41,4,39,21,37,40,44,34,43,31,45,36,28,38,59,37,31,39,33,33,43,45,47,45,38,39,32,39,30,38,32,36,29,32,33,25,36,36,35,43,7,34,28,34,40,32,37,36,39,37,31,38,39,41,115,32,41,36,40,36,31,35,37,34,37,37,38,35,27,29,30,23,39,33,40,39,37,39,28,40,37,38,36,96,30,28,42,31,27,37
21,91,36,36,20,21,36,28,35,20,18,46,33,9,38,20,41,24,21,18,21,31,12,31,19,35,42,16,21,14,20,23,13,19,73,21,21,35,49,12,50,19,22,53,22,17,19,8,20,12,22,41,28,61,21,35,12,18,40,21,19,36,50,21,25,63,16,22,34,20,21,20,26,16,35,35,35,17,60,19,22,22,19,21,25,23,37,52,21,10,20,19,21,21,21,40,21,64,22,24,19,41,25,24,69,74,19,53,48,17,31,16,21,19,13,45,21,30,48,18,19,22,37,17,20,17,139,18,58,51,20,24,63,33,19,39,22,25,20,20,14,33,29,22,26,30,9,16,19,16,24,18,16,21,17,60,24,15,37,4,28,20,38,0,21,28,45,20,6,55,27,53,30,34,51,49,22,52,19,5,10,51,19,30,30,34,71,14,19,16,39,42,19,109,17,19,37,64,27,31,28,17,24,37,34,20,23,19,38,30,11,41,31,34,39,36,15,26,19,12,55,26,18,18,87,28,18,31,38,10,34,37,42,13,12,40,18,22,43,54,16,21,18,34,34,33,97,39,25,30,27,38,25,36,22,32,21,34,20,39,33,17,26,21,37,44,35,44,37,43,35,28,20,61,31,16,20,18,26,39,30,54,37,24,36,22,19,14,21,13,8,22,14,22,25,19,21,19,48,29,20,21,17,10,19,5,28,32,19,21,20,31,21,109,20,48,13,23,39,30,27,21,23,16,13,6,23,14,6,19,27,19,13,18,28,17,16,19,36,21,21,14,92,8,29,34,13,27,19
8,96,39,32,4,20,35,32,32,21,12,46,33,23,44,26,36,25,14,17,11,40,10,28,14,36,43,17,19,23,5,12,15,20,70,5,22,36,45,16,44,7,15,48,26,15,7,16,3,18,10,36,25,61,37,42,25,28,45,14,12,32,42,6,31,67,17,22,35,10,15,5,27,21,35,36,35,12,66,24,11,27,8,7,29,30,32,53,7,24,12,9,24,22,5,40,10,62,14,30,4,43,23,12,69,78,5,56,49,16,33,26,14,6,22,45,19,30,46,6,27,16,38,10,6,8,138,19,55,52,10,25,58,32,6,45,22,28,9,13,19,31,32,14,33,31,21,21,12,23,22,25,26,5,32,57,24,29,32,19,24,5,38,21,0,31,44,15,18,61,27,48,34,39,51,40,11,49,5,19,17,46,9,29,28,35,70,19,4,25,38,46,13,108,19,14,38,61,31,29,33,4,30,37,37,5,22,5,46,35,21,40,25,33,47,39,23,22,18,16,54,29,12,19,92,31,22,31,32,24,39,32,42,19,15,40,29,22,43,44,19,14,21,36,35,37,92,44,34,31,30,40,25,45,28,35,14,39,26,34,41,4,35,4,42,34,34,38,41,44,36,28,7,58,37,22,6,15,33,34,28,57,39,20,30,14,3,16,0,18,18,22,11,16,26,17,12,7,45,35,23,18,26,18,32,18,33,26,20,29,2,34,21,106,16,46,16,14,44,35,33,14,25,10,16,21,26,27,16,21,26,16,15,18,39,6,9,18,37,3,30,24,89,23,24,32,17,30,5
33,104,35,35,32,30,37,30,37,33,28,49,37,24,45,26,39,29,27,28,37,26,33,32,27,39,42,28,31,31,30,26,28,28,68,30,32,30,47,27,42,32,27,53,26,27,27,23,35,27,36,39,34,52,35,38,28,29,48,34,28,37,49,30,25,69,28,27,26,35,26,32,27,30,28,36,28,31,66,27,34,25,32,32,33,17,26,53,31,25,25,33,29,29,32,46,31,64,30,27,35,44,30,31,66,65,31,60,41,26,25,33,32,31,18,46,28,38,29,34,17,30,44,31,33,32,135,29,56,56,28,36,50,27,33,38,29,25,34,32,27,22,29,27,26,38,26,34,34,16,34,25,21,31,23,60,36,27,39,32,20,35,30,28,31,0,43,33,27,50,12,56,33,20,31,48,30,53,34,34,30,48,32,29,34,40,62,23,31,16,45,52,34,99,25,29,39,58,27,25,37,32,32,43,40,33,33,35,47,31,25,43,37,20,37,37,30,28,35,32,50,32,30,30,90,29,32,32,36,18,34,37,37,26,29,37,32,35,43,52,36,32,33,35,37,28,97,47,33,30,30,33,30,37,28,29,31,34,27,41,23,32,25,31,38,44,32,43,42,47,34,23,32,59,31,23,33,33,22,41,29,44,43,27,34,32,35,27,32,23,27,35,27,34,29,30,30,30,46,28,16,27,31,31,33,22,31,38,25,20,32,34,35,118,30,41,28,27,26,31,19,33,24,30,28,34,30,29,26,22,5,28,31,33,40,32,35,32,40,31,21,30,94,22,10,37,30,26,35
47,100,36,35,45,43,31,39,51,47,43,45,49,42,42,34,39,38,43,37,50,33,47,49,45,52,57,48,41,39,44,40,39,44,51,43,47,35,39,47,52,45,45,29,35,44,47,49,45,50,46,35,45,49,42,33,41,40,45,46,42,31,45,43,43,63,48,49,45,40,48,43,36,45,45,40,46,48,62,37,46,35,43,47,47,42,37,26,39,38,42,46,44,43,44,46,44,57,45,40,45,45,38,41,68,68,42,53,45,45,44,47,46,43,39,53,38,50,42,44,42,46,42,37,44,46,127,38,41,51,43,49,57,37,46,26,46,47,45,47,43,42,41,45,44,35,43,51,46,39,42,34,39,44,45,17,37,50,41,42,36,45,34,45,44,43,0,49,48,36,43,39,44,38,28,23,39,44,44,45,47,36,47,31,45,39,64,45,43,47,40,45,47,100,45,44,47,42,42,44,35,45,43,53,53,47,50,45,56,41,38,49,44,35,39,32,45,38,45,47,51,39,43,46,85,42,40,35,43,38,46,39,46,45,39,45,45,49,54,52,52,47,45,50,40,48,89,54,44,43,32,22,42,35,38,43,46,46,41,44,35,45,36,46,33,40,50,42,41,40,32,44,45,57,42,43,46,44,47,39,54,52,47,40,45,41,45,47,42,50,49,36,46,43,36,46,42,44,47,33,46,45,43,43,43,48,40,43,45,44,42,40,48,112,34,40,49,46,33,34,41,45,37,44,46,48,42,33,47,47,47,47,44,48,41,44,43,50,49,46,45,41,92,42,34,44,48,40,47
17,93,38,31,16,13,39,31,37,18,14,42,33,17,41,26,41,27,10,19,13,37,14,32,13,33,41,12,17,26,17,12,17,18,72,16,16,29,40,11,41,17,14,48,28,18,15,17,14,18,7,34,22,54,35,43,24,23,45,20,21,33,42,16,30,65,13,17,33,17,13,16,30,20,36,39,36,13,66,22,12,27,11,15,25,26,27,50,14,24,15,12,19,19,10,40,14,61,10,29,14,40,22,8,67,75,15,58,51,17,33,28,16,14,20,44,21,33,47,15,23,11,39,9,16,13,140,22,53,47,13,21,62,25,17,40,19,27,12,16,20,30,33,11,34,31,19,22,15,20,16,27,22,17,29,55,15,23,33,14,15,14,35,20,15,33,49,0,16,57,26,51,37,37,50,43,7,50,16,18,15,45,14,22,28,31,69,14,14,23,37,46,10,109,20,12,37,60,29,33,33,14,22,38,30,15,21,17,41,34,16,41,23,34,43,33,19,15,10,13,52,28,13,22,93,29,16,23,30,24,37,33,42,17,14,40,30,17,41,50,16,18,12,30,32,32,93,41,28,32,31,40,17,36,17,35,18,37,19,33,40,14,30,14,38,43,35,32,41,43,38,22,16,55,30,17,13,16,29,33,23,56,35,13,28,9,14,16,14,15,20,19,14,3,27,7,10,14,45,33,22,20,21,22,27,17,33,19,20,29,14,34,19,106,13,44,17,17,42,35,31,7,21,13,12,19,26,23,19,19,25,17,16,17,35,13,16,16,38,16,27,24,90,19,26,26,17,28,16
19,93,40,29,20,22,33,34,36,12,9,40,29,7,37,23,31,20,20,11,17,38,19,32,16,39,45,8,10,21,16,15,13,13,67,18,18,36,51,11,45,17,3,46,25,4,18,3,18,10,15,36,18,58,28,44,14,21,39,18,18,35,44,18,30,65,8,18,33,18,17,17,17,11,30,29,29,11,64,12,16,22,16,15,28,22,19,47,13,7,15,17,13,13,15,42,15,59,14,22,18,36,16,13,65,73,17,49,41,16,32,9,20,17,6,40,10,36,43,17,16,10,38,13,16,17,140,11,55,47,14,25,56,25,20,46,22,19,18,20,16,24,15,18,26,29,6,15,19,16,24,28,22,19,12,56,24,18,29,10,25,18,34,6,18,27,48,16,0,60,23,46,27,37,49,42,16,47,17,10,13,49,17,21,21,29,70,3,19,6,37,38,16,105,12,8,29,58,13,28,20,19,22,37,33,19,17,18,43,28,14,36,28,26,43,39,4,21,18,15,56,13,9,12,86,21,13,24,35,6,33,27,36,15,7,34,23,18,43,50,23,21,17,33,31,38,94,42,18,22,30,34,20,41,18,28,21,33,20,37,45,19,23,16,33,41,27,39,37,34,29,22,18,56,20,17,17,8,19,37,30,53,33,23,27,15,18,6,19,10,6,19,14,18,24,17,16,18,41,29,22,7,14,5,14,9,30,27,13,22,19,26,24,104,16,44,14,18,40,25,16,16,17,20,7,15,23,17,9,15,27,21,13,19,35,18,18,9,38,18,22,15,88,9,28,32,15,16,19
61,101,60,59,60,51,53,45,63,59,55,67,60,51,46,39,59,57,59,48,61,56,58,62,59,70,69,51,49,55,62,63,53,62,75,60,62,52,43,58,65,60,52,65,54,60,61,55,61,57,64,62,61,43,41,47,57,47,64,61,60,64,63,60,54,63,51,58,51,59,57,60,61,55,63,64,63,53,61,46,61,63,61,60,59,59,48,58,58,49,63,59,53,55,60,56,58,59,60,62,61,64,60,61,65,55,59,54,50,58,60,63,63,59,52,73,56,62,57,61,50,56,61,60,60,59,115,54,58,67,60,66,59,51,62,55,62,57,61,63,48,62,54,56,55,67,54,59,62,50,63,56,55,61,61,44,66,57,63,58,54,61,53,55,61,50,36,57,60,0,60,67,61,24,23,57,60,64,61,55,58,61,62,52,63,57,51,55,61,55,47,66,62,96,57,47,70,6,66,45,50,61,57,70,64,61,61,61,69,63,51,67,66,61,63,57,57,59,61,57,68,49,55,59,88,62,57,53,68,52,57,58,64,47,58,64,62,60,70,53,64,61,61,61,62,61,81,71,60,47,54,58,54,65,61,62,61,57,54,56,63,61,58,60,55,64,57,67,67,54,57,53,62,63,54,58,61,50,55,55,56,64,59,57,52,61,61,55,62,55,57,61,56,59,57,58,62,60,71,59,56,57,55,50,59,51,67,69,53,49,62,60,68,107,62,50,56,61,60,61,54,62,60,61,56,56,42,55,55,48,46,57,51,63,48,60,62,56,67,62,57,55,91,58,55,68,58,58,63
26,101,45,34,20,25,34,32,39,29,20,43,24,9,36,28,37,27,21,19,26,39,27,27,22,41,46,15,23,29,27,26,20,16,65,27,25,30,48,25,39,27,27,53,16,19,20,17,26,25,25,39,26,51,18,34,22,21,51,26,21,41,49,27,21,64,14,22,28,27,22,27,22,26,43,43,43,19,53,6,27,29,23,24,19,18,34,49,24,6,22,28,28,29,26,36,27,63,21,29,26,44,14,24,72,70,27,46,52,25,17,29,28,27,7,50,19,38,49,27,16,27,41,26,24,27,133,18,57,52,26,28,60,26,27,38,27,21,25,27,14,29,31,21,30,38,10,25,27,9,25,20,17,28,13,56,28,14,32,13,26,26,30,27,27,12,43,26,23,60,0,55,38,44,43,38,22,52,26,20,23,45,22,24,31,43,71,12,25,7,39,42,26,109,21,22,40,54,33,31,24,26,26,41,39,25,22,26,47,28,12,44,32,29,33,25,11,24,25,21,52,17,20,19,90,33,20,19,38,5,29,35,38,20,25,36,26,21,46,53,24,28,27,39,30,26,89,43,25,25,24,34,19,40,14,27,28,29,19,36,35,26,19,26,39,44,36,42,40,41,25,25,25,58,22,15,26,23,17,35,30,60,38,29,35,21,26,20,26,13,18,18,26,26,30,22,23,28,50,32,24,21,22,24,32,18,32,30,13,18,26,34,31,110,27,40,25,21,44,29,18,29,24,25,20,24,30,24,21,20,8,21,26,28,39,27,27,14,39,27,15,25,91,8,22,32,25,27,22
52,91,56,55,49,49,43,53,54,42,49,48,53,53,58,51,51,49,44,47,52,58,47,57,50,55,60,48,49,51,49,50,50,50,62,49,53,51,42,51,54,49,47,46,49,48,51,52,51,54,47,45,51,61,54,56,49,44,53,52,50,43,37,49,51,68,48,47,57,44,51,49,48,41,49,52,49,51,68,49,49,41,49,50,53,57,48,58,48,48,43,48,49,51,51,57,48,56,46,48,51,44,48,52,69,78,51,63,54,51,58,52,52,45,52,63,49,44,47,50,53,46,58,44,51,49,145,46,46,47,49,55,50,46,50,43,50,50,49,53,47,47,51,52,52,53,51,55,52,52,52,46,50,49,57,14,42,50,50,48,45,51,53,53,48,56,39,51,46,67,55,0,45,52,55,42,47,59,51,48,50,41,50,51,54,51,72,49,49,46,44,58,51,112,50,52,47,61,49,50,51,47,52,57,55,49,52,51,55,55,51,50,45,45,50,45,49,48,44,52,51,51,50,55,88,54,45,51,53,52,56,37,53,53,47,51,53,49,54,45,57,52,48,40,53,57,90,57,44,52,45,44,52,55,47,55,52,56,49,48,51,47,52,49,50,47,50,57,51,49,55,50,49,28,57,54,48,51,49,48,48,49,58,48,48,47,51,51,48,53,44,51,48,47,51,49,52,49,53,54,51,43,48,49,52,53,42,51,55,49,48,47,58,113,46,46,53,50,48,52,55,48,51,50,49,53,47,46,53,50,49,54,51,54,53,52,46,51,40,48,48,47,87,50,50,44,53,49,51
35,104,34,32,30,32,30,36,37,33,35,44,33,32,31,25,38,29,37,31,37,38,36,43,29,38,46,27,31,32,33,34,31,34,66,35,38,35,51,24,57,32,30,45,39,29,36,26,37,27,32,35,32,53,39,44,30,34,48,36,30,42,50,35,32,70,27,32,35,29,34,34,37,34,32,38,31,31,57,38,34,30,33,32,39,38,30,48,32,32,34,32,33,34,34,43,32,62,32,4,37,24,35,35,73,78,35,59,56,28,27,27,35,34,34,42,31,29,50,36,36,33,43,34,35,34,145,29,51,45,32,35,58,35,35,46,34,30,34,35,31,34,33,36,37,36,37,38,38,33,29,33,36,34,33,60,33,34,33,28,37,37,20,30,34,33,44,37,27,61,38,45,0,42,54,47,29,53,34,33,26,48,31,42,24,41,79,30,35,24,43,38,36,106,35,26,6,66,31,35,30,37,36,44,37,34,37,37,46,30,34,35,33,40,39,37,32,35,33,28,62,32,35,38,88,32,35,33,40,35,32,32,41,30,32,37,38,31,44,56,35,35,33,44,36,45,94,46,34,33,32,36,37,24,32,38,35,32,36,42,24,37,40,33,35,46,24,41,34,38,34,28,36,61,31,30,31,31,36,42,38,57,38,31,38,31,37,31,32,29,26,34,28,34,27,33,33,28,40,30,34,26,28,30,30,30,29,41,39,36,34,31,39,116,33,51,30,33,44,36,34,35,38,34,32,33,33,36,33,34,37,36,33,38,36,33,35,28,46,34,36,31,97,37,30,41,28,24,37
40,104,41,41,42,36,33,24,41,40,36,39,35,39,43,16,38,36,36,35,41,28,39,46,37,44,49,30,39,38,40,42,36,38,76,38,38,38,25,38,51,38,39,50,41,37,37,37,40,35,40,32,44,48,47,43,36,36,41,40,40,42,49,38,42,67,31,40,39,31,35,39,38,41,39,39,40,37,62,35,43,31,37,38,45,39,36,54,40,40,40,39,31,34,37,29,41,61,42,34,40,43,33,41,65,57,38,57,51,32,43,37,41,39,35,50,32,42,25,39,33,38,50,36,39,39,135,34,43,53,38,44,49,39,40,31,42,33,41,42,39,40,38,43,39,40,39,38,41,37,44,29,40,40,43,51,40,36,33,35,34,40,24,34,39,20,38,37,37,24,44,52,42,0,8,49,41,50,39,38,36,46,37,38,43,35,57,37,39,37,26,49,40,87,33,35,41,33,40,37,41,39,40,44,47,41,45,40,53,45,39,42,42,35,55,41,37,44,40,38,58,34,40,42,86,37,42,41,41,42,31,42,38,39,38,32,40,44,47,55,43,40,40,41,46,34,90,48,35,33,39,34,43,40,36,34,40,31,40,39,25,39,38,39,33,41,37,43,36,27,33,39,40,53,40,27,39,36,28,39,40,51,36,32,40,41,40,34,39,40,35,40,40,38,33,43,43,40,47,36,35,29,31,37,39,39,39,45,38,44,39,32,43,116,39,45,42,37,34,36,45,40,38,40,32,42,15,38,41,38,18,42,37,45,35,38,39,38,46,41,40,34,91,39,15,38,39,30,39
49,100,40,44,45,46,44,21,52,51,48,45,45,34,34,28,47,47,45,49,51,39,52,46,45,53,56,43,41,43,48,45,48,44,75,48,51,44,36,48,50,49,47,50,37,43,45,47,51,45,44,44,51,54,49,28,48,43,49,51,44,43,53,48,36,61,44,46,42,48,45,49,47,50,49,49,49,49,53,40,46,43,44,48,49,44,44,43,49,39,48,49,42,42,48,39,49,63,45,48,51,47,46,40,65,51,49,42,35,48,42,49,53,48,37,52,45,53,30,50,47,48,49,45,49,49,132,45,45,57,46,51,57,38,51,39,48,39,49,51,41,50,40,43,50,49,46,53,51,30,48,48,39,52,42,51,53,50,51,44,44,51,35,51,51,31,28,50,49,23,43,55,54,8,0,48,43,57,51,45,48,50,48,45,53,53,46,46,48,41,20,51,52,99,45,45,52,28,47,28,51,50,47,52,55,51,49,50,57,44,37,49,52,36,37,45,45,50,49,46,57,42,48,46,84,47,48,38,55,42,40,48,48,49,45,45,49,44,54,50,53,51,50,48,52,33,94,57,51,37,49,32,46,47,39,48,51,40,44,49,32,50,26,49,47,54,47,47,44,42,34,46,51,59,40,41,49,45,42,47,51,48,49,43,52,44,50,43,50,46,49,48,42,51,48,43,43,52,51,47,44,43,50,46,53,51,43,46,43,39,50,43,52,117,47,41,46,44,34,49,38,50,45,46,42,50,29,42,47,48,35,45,45,53,45,50,47,41,56,49,33,45,97,27,28,52,47,43,51
45,96,36,48,40,31,31,44,38,37,45,30,40,42,27,43,30,25,43,42,44,37,45,53,46,51,51,46,43,34,43,45,41,40,69,41,45,32,36,44,50,41,41,47,44,42,44,45,43,43,41,28,42,47,42,31,40,46,35,42,36,27,42,41,40,61,46,45,45,41,46,41,25,45,35,35,35,45,71,39,41,30,40,42,48,35,37,46,42,37,46,41,44,44,44,47,40,43,42,37,43,39,27,40,59,76,40,55,45,46,31,42,42,37,35,42,32,44,44,42,51,42,52,44,42,40,138,48,50,41,40,49,52,30,42,34,42,41,43,45,46,37,40,44,26,47,39,49,44,43,44,26,38,42,43,44,44,34,30,44,39,43,38,49,40,48,23,43,42,57,38,42,47,49,48,0,45,55,43,37,43,23,44,44,40,43,75,40,45,29,45,36,47,106,45,43,38,54,36,43,28,45,38,54,49,42,45,43,54,36,37,30,50,26,36,25,29,40,49,47,59,41,42,45,88,32,40,24,47,38,43,40,31,44,42,27,43,45,57,49,46,42,43,46,42,30,84,50,42,39,36,34,44,47,44,34,42,43,39,41,32,45,39,41,31,42,25,41,37,21,29,40,41,57,35,35,40,45,28,43,50,59,24,44,44,44,43,38,40,42,38,45,43,39,32,46,48,41,39,40,39,31,45,41,34,41,36,45,48,44,40,35,44,105,40,23,44,42,23,27,31,41,41,40,43,40,36,43,40,40,42,43,45,44,40,40,39,44,44,40,49,32,76,42,36,47,39,41,46
13,97,39,32,6,17,39,31,40,20,14,43,33,18,43,29,40,24,8,20,3,37,9,29,10,37,42,12,16,27,9,2,14,17,67,11,18,35,45,14,43,10,15,40,21,13,11,18,10,16,6,32,23,52,36,40,25,22,43,10,19,35,45,10,26,66,13,19,34,12,11,8,26,18,37,41,37,11,64,17,7,22,5,10,25,26,29,46,2,19,13,8,14,13,4,41,9,57,9,30,10,39,20,3,68,72,9,49,46,19,34,25,14,9,21,45,21,35,48,11,21,14,30,7,10,12,135,12,50,53,9,23,61,25,9,40,20,28,9,16,17,32,29,11,29,32,19,24,11,19,14,20,19,15,27,56,20,27,35,20,19,10,34,22,11,30,39,7,16,60,22,47,29,41,43,45,0,47,12,19,13,42,10,31,26,32,68,17,8,25,38,43,12,108,20,12,34,59,33,27,26,9,27,38,31,9,19,12,48,32,15,43,25,32,44,33,19,17,15,16,53,28,15,19,92,32,20,29,29,19,39,27,40,18,16,38,29,19,43,45,17,12,17,33,29,37,90,41,29,30,33,41,17,44,25,32,11,39,19,30,39,9,35,10,33,41,36,36,40,45,38,27,12,57,31,23,7,15,31,30,23,57,37,22,27,4,10,16,13,19,19,16,9,10,29,12,7,5,46,36,27,19,21,15,28,17,34,25,15,25,10,33,21,105,12,46,17,10,43,27,29,7,12,13,15,22,26,25,18,22,24,10,15,21,38,9,10,16,34,8,28,20,88,20,27,31,19,26,13
49,94,55,52,50,48,50,56,57,46,52,34,50,53,54,53,60,43,49,46,51,54,48,53,45,54,54,50,49,46,49,44,50,48,72,48,48,49,51,49,66,46,47,55,54,48,50,49,50,51,46,49,47,67,58,56,50,49,55,51,48,56,45,48,56,73,50,38,55,44,49,47,50,46,53,56,53,49,74,51,48,43,47,48,45,50,52,59,49,49,48,47,51,51,48,56,48,69,38,53,50,55,49,44,72,83,48,56,49,51,55,54,51,48,47,65,52,47,58,49,52,46,60,47,48,46,147,52,52,56,46,54,61,50,51,41,43,52,47,50,50,53,53,53,34,45,45,53,49,53,43,53,54,50,55,65,42,51,48,49,50,50,52,52,49,53,44,50,47,64,52,59,53,50,57,55,47,0,49,50,49,52,49,49,52,52,73,49,50,49,53,39,47,119,50,48,53,70,47,51,52,46,50,59,57,50,34,50,59,51,51,57,43,52,51,38,46,49,41,49,62,53,49,51,93,45,50,55,46,52,54,46,57,48,50,52,53,39,60,53,55,51,47,28,48,55,99,65,50,51,50,59,36,54,55,52,51,54,55,42,52,46,58,47,49,49,55,56,52,55,55,54,48,53,33,53,49,50,51,44,48,56,48,48,52,44,50,47,49,50,47,46,47,36,47,36,38,48,54,50,54,46,48,44,45,50,48,50,52,56,49,53,45,117,36,49,49,50,52,46,38,46,50,45,50,52,55,54,48,49,51,51,50,51,43,47,49,51,58,49,52,47,100,51,52,43,49,49,50
8,97,43,35,6,19,40,32,40,23,13,45,32,24,43,27,35,25,13,16,12,41,9,28,16,36,42,17,17,24,8,13,14,19,69,8,21,37,47,16,44,5,15,49,25,15,9,13,4,16,12,40,26,56,36,43,22,27,47,10,19,35,45,3,31,69,16,16,36,13,14,2,27,19,30,33,31,12,65,24,10,28,7,8,29,29,34,53,9,24,14,6,24,24,7,41,10,61,11,29,2,41,23,11,69,78,7,55,48,13,34,26,8,5,24,49,22,30,46,2,26,15,37,9,5,7,137,19,56,47,10,20,57,31,7,45,23,26,8,11,20,29,31,13,31,31,19,18,4,25,24,29,24,4,32,56,19,26,36,16,27,4,39,19,5,34,44,16,17,61,26,51,34,39,51,43,12,49,0,18,17,47,9,27,30,37,71,19,11,23,38,45,10,108,19,13,38,62,29,32,35,8,28,37,35,4,24,2,46,36,18,42,25,34,47,36,21,24,18,15,54,25,13,19,92,29,20,35,33,24,38,34,42,17,16,40,29,16,40,48,23,8,21,33,28,38,92,38,33,29,33,40,22,45,26,36,8,38,26,38,40,8,37,8,42,40,34,41,40,43,37,31,5,57,36,24,4,12,31,38,28,59,39,19,31,15,3,17,6,15,19,22,12,14,27,16,10,12,46,37,26,19,26,18,29,16,33,26,18,29,3,30,24,106,17,46,13,13,41,32,31,12,20,10,15,18,27,27,18,21,25,9,11,10,38,5,5,17,37,4,28,23,89,24,27,32,16,29,8
19,90,41,28,17,18,38,25,36,22,9,44,30,17,36,25,41,20,18,15,19,36,17,33,19,37,45,12,10,11,21,21,13,12,71,19,17,31,48,4,43,19,16,49,16,12,17,11,18,3,17,41,26,60,32,39,8,12,46,21,18,36,44,16,22,69,12,22,30,18,19,17,26,17,37,39,37,16,63,9,20,26,16,19,23,21,28,50,17,19,20,19,18,18,18,40,21,57,20,21,18,39,16,16,70,73,16,44,46,8,34,25,21,18,10,46,19,35,45,19,23,18,39,12,18,16,136,16,56,51,16,24,55,36,19,38,25,24,17,18,15,29,28,21,16,27,3,16,18,8,23,20,12,20,25,54,22,12,29,1,22,18,37,5,19,34,45,18,10,55,20,48,33,38,45,37,19,50,18,0,12,49,20,22,27,33,66,5,20,10,37,46,17,105,6,13,39,63,27,31,29,20,20,39,36,20,24,18,44,34,5,45,25,36,43,27,16,23,16,11,58,21,6,13,93,28,8,24,38,5,34,36,42,13,13,40,18,22,46,54,23,21,21,36,30,29,94,42,17,28,27,36,25,35,22,33,21,34,11,37,39,20,26,18,43,45,33,40,37,44,30,23,20,59,34,10,19,12,24,37,33,51,34,25,34,16,18,12,19,5,4,20,14,15,28,18,20,21,44,32,15,7,20,14,18,11,26,25,13,19,19,35,21,111,18,46,12,16,42,29,28,20,11,16,6,15,22,16,18,15,22,21,11,20,31,17,18,2,36,19,20,16,88,5,24,32,1,27,17
17,93,34,30,15,21,40,30,35,22,9,44,33,13,42,25,42,19,11,18,18,35,17,31,18,37,43,11,13,22,14,13,12,15,71,17,21,31,48,10,44,16,8,53,20,9,13,8,18,9,10,40,25,56,33,42,18,22,48,16,20,38,46,17,22,71,11,22,35,12,14,17,23,20,33,35,33,15,59,15,15,21,15,16,31,26,31,47,14,17,14,15,20,20,14,39,16,63,13,26,18,42,9,14,71,72,16,54,46,12,28,19,16,17,19,42,24,33,46,17,18,12,38,15,17,16,141,19,56,51,13,23,59,31,17,33,20,25,17,16,21,31,28,14,21,31,11,15,16,18,22,26,16,15,28,56,26,21,31,10,25,18,38,10,17,30,47,15,13,58,23,50,26,36,48,43,13,49,17,12,0,51,16,24,28,36,69,17,17,21,38,45,18,107,12,10,32,58,26,31,30,18,28,38,33,18,20,18,41,31,16,41,29,32,47,37,10,22,19,10,54,22,15,18,88,31,15,30,33,16,34,33,39,10,17,37,28,21,43,51,22,16,16,34,35,34,89,42,28,28,29,39,22,40,25,35,16,34,18,36,38,18,27,14,40,46,34,39,38,42,39,29,17,56,35,18,15,5,31,37,26,55,35,25,32,15,18,11,17,14,13,18,10,16,25,13,15,16,45,36,23,17,23,18,28,12,24,28,13,18,17,32,21,108,17,41,8,16,40,30,23,11,20,16,6,11,25,18,12,16,27,17,5,18,35,16,17,14,40,15,28,21,92,16,27,30,14,27,19
49,98,49,51,47,50,40,47,47,51,46,39,46,49,47,46,46,41,47,46,46,50,47,56,48,58,58,48,50,50,46,45,45,45,67,45,47,44,50,52,55,47,44,45,53,45,49,50,47,50,49,49,48,53,45,34,45,45,29,46,40,38,44,45,44,59,47,46,56,39,49,45,38,45,47,51,46,47,56,45,42,41,43,49,52,50,48,54,41,46,43,47,49,48,45,49,41,57,47,50,47,44,46,44,60,65,46,55,37,50,41,55,50,41,40,53,48,48,48,46,47,44,54,44,46,44,143,41,46,41,44,54,45,44,48,23,53,50,48,49,47,46,45,51,41,47,48,51,48,48,51,37,42,46,45,39,48,44,47,50,46,47,47,51,46,48,36,45,49,61,45,41,48,46,50,23,42,52,47,49,51,0,45,48,49,49,73,51,42,46,42,41,45,113,49,50,50,68,50,45,37,47,45,53,55,50,47,47,59,48,47,44,53,38,42,27,47,41,44,48,47,45,52,50,87,47,49,40,52,46,47,39,47,52,45,49,51,52,57,50,54,47,46,45,52,38,79,53,44,44,49,30,46,49,44,47,46,47,46,42,47,47,40,45,47,51,45,50,51,34,39,41,45,63,41,49,47,50,31,42,45,55,43,51,43,41,47,46,44,50,45,43,48,43,45,48,43,48,49,47,46,45,42,47,45,49,43,47,52,42,44,45,52,105,43,39,52,48,33,41,44,44,44,46,47,48,45,40,49,47,36,46,50,50,47,46,43,46,54,44,47,43,82,43,40,45,47,51,51
10,98,41,35,9,21,38,32,41,21,14,42,29,25,44,29,37,24,14,18,12,40,11,29,11,39,42,15,19,25,7,9,11,15,69,9,20,34,46,9,45,8,11,47,25,16,10,15,10,16,12,38,25,56,37,38,22,26,47,12,18,36,44,9,32,67,15,22,37,12,12,8,29,20,36,37,36,8,65,22,8,27,6,7,26,29,31,51,7,20,12,7,24,21,8,37,7,62,11,30,10,40,24,11,69,78,7,56,50,13,33,23,13,11,21,44,17,33,48,10,20,13,37,11,9,7,138,19,55,52,7,27,58,30,12,45,20,20,11,18,17,28,34,14,33,32,19,23,11,21,22,29,23,10,28,55,23,26,32,17,26,11,36,19,9,32,47,14,17,62,22,50,31,37,48,44,10,49,9,20,16,45,0,28,30,40,71,18,8,22,40,44,13,106,18,11,39,61,25,30,33,11,32,39,36,9,21,10,48,34,17,44,30,33,45,37,22,22,15,13,56,29,16,18,92,24,22,32,32,22,39,33,40,19,17,38,30,22,42,47,24,12,20,36,35,39,93,43,35,31,31,40,24,43,27,34,12,39,25,34,42,11,36,7,41,42,33,40,42,44,36,29,11,56,34,20,9,13,32,34,29,55,35,22,29,14,11,14,10,19,16,20,5,13,25,14,12,9,45,34,25,16,24,21,33,16,33,25,20,28,8,34,23,110,16,47,16,13,40,32,31,9,19,12,15,18,25,28,16,21,27,16,13,20,39,9,9,17,40,8,30,24,92,24,28,32,13,29,9
29,100,44,33,30,19,23,38,40,24,28,42,33,18,40,25,33,23,29,14,27,42,29,35,23,44,41,16,16,19,26,31,18,22,66,27,26,26,49,22,43,28,23,41,20,26,26,22,28,25,27,34,26,53,31,41,24,27,49,30,26,35,41,26,22,65,17,26,24,24,22,25,18,23,33,37,34,27,53,23,31,29,27,25,27,22,28,49,23,22,26,28,24,26,26,40,26,61,27,36,28,45,25,28,61,67,29,49,46,22,28,29,30,28,26,48,10,31,44,27,10,26,30,26,28,29,127,16,57,45,24,32,54,27,31,45,29,28,28,33,21,33,33,31,35,35,21,32,29,22,30,21,13,29,22,58,30,21,39,27,25,28,34,30,29,29,31,22,21,52,24,51,42,38,45,44,31,49,27,22,24,48,28,0,33,26,61,24,28,17,30,49,28,112,28,23,40,50,30,33,27,28,28,42,38,31,24,28,47,36,20,47,26,31,36,37,22,23,31,22,58,20,18,22,92,30,20,30,32,19,26,36,37,26,17,35,27,25,48,50,31,30,26,37,28,38,93,43,24,24,28,40,17,43,21,32,30,26,17,34,38,28,29,26,42,37,35,38,36,43,31,29,28,59,29,21,25,19,24,34,26,53,42,26,34,24,28,22,29,19,20,28,24,30,28,26,26,20,48,34,31,22,21,16,30,22,23,21,24,21,29,38,30,108,27,44,24,29,35,30,25,29,17,29,27,27,25,14,20,17,26,28,21,33,33,28,29,27,35,25,22,25,91,26,29,38,26,26,30
31,100,38,6,26,23,38,34,41,21,27,46,35,26,42,23,36,23,32,27,30,30,30,38,25,42,45,23,27,23,29,28,27,26,70,31,30,29,49,24,57,27,25,46,32,29,32,24,33,26,31,33,26,60,32,35,24,27,43,32,32,38,48,31,33,68,23,26,42,26,26,30,22,27,32,33,31,25,67,24,30,21,29,28,33,30,36,46,29,29,27,28,24,19,30,41,29,66,27,21,33,32,28,30,70,75,31,58,53,26,25,31,29,31,24,44,21,35,46,32,29,27,45,28,29,30,145,27,59,49,28,35,64,30,32,50,30,16,30,33,21,25,38,28,32,32,27,31,34,26,31,33,30,31,32,60,25,24,28,28,29,33,28,30,28,34,45,28,21,63,31,54,24,43,53,40,26,52,30,27,28,49,30,33,0,34,75,24,28,28,39,40,33,111,27,26,8,67,24,37,36,32,32,45,39,31,26,33,54,32,25,41,33,34,54,45,22,29,30,28,61,30,27,33,88,25,32,37,38,32,38,34,35,24,24,33,36,26,44,55,36,30,29,35,36,38,93,50,30,34,24,40,33,22,33,32,30,38,33,39,30,32,42,28,38,42,41,44,30,37,40,27,29,59,36,28,26,27,32,39,34,59,35,29,40,26,33,19,30,26,22,28,24,28,23,29,29,24,38,30,33,23,29,26,34,26,28,30,31,31,30,31,33,113,25,41,28,29,42,31,28,29,23,32,28,29,25,24,25,30,26,33,27,32,39,31,31,29,46,26,34,24,92,24,26,34,28,26,31
40,100,44,33,33,29,38,42,39,33,32,49,36,36,48,39,25,37,36,28,29,31,41,42,39,43,43,32,29,35,38,28,32,34,71,36,39,33,16,33,45,40,30,16,39,33,37,38,38,38,34,34,41,56,38,40,32,35,40,42,34,35,46,36,46,65,31,36,38,34,36,39,32,39,13,13,12,41,57,36,39,35,39,38,39,31,26,45,32,41,37,34,32,30,35,28,39,61,34,23,38,32,23,39,68,74,38,56,34,36,33,41,40,39,34,44,19,41,29,39,30,34,40,33,37,40,145,26,52,46,37,39,59,16,36,44,35,34,37,37,29,14,34,32,37,20,36,38,39,38,31,30,40,38,39,61,39,29,14,33,33,38,27,34,35,40,39,31,29,57,43,51,41,35,53,43,32,52,37,33,36,49,40,26,34,0,72,40,34,32,34,36,34,98,35,33,43,59,15,30,29,35,27,43,46,38,37,38,53,26,34,33,40,24,49,29,41,23,33,39,60,28,32,35,75,15,36,34,39,41,20,26,30,37,31,27,41,36,45,47,42,40,39,36,38,40,95,46,21,34,13,20,31,40,33,15,40,20,35,31,30,35,21,38,23,51,25,31,31,22,33,39,41,56,39,38,35,33,36,31,38,52,31,32,38,30,38,31,35,38,30,38,34,32,14,35,36,37,40,27,34,34,18,30,24,39,34,37,39,42,35,32,35,106,38,38,40,35,27,33,43,35,36,39,32,42,38,30,33,35,28,39,33,41,36,36,43,42,48,37,38,31,87,37,30,42,35,11,38
70,102,69,66,64,71,58,67,77,73,71,65,61,67,46,66,74,70,70,65,68,70,72,72,70,77,79,69,62,74,71,69,70,72,74,69,72,64,71,70,75,71,73,75,59,71,67,69,70,71,71,77,74,28,71,64,71,70,71,72,70,71,71,69,59,62,69,67,72,71,69,71,72,68,76,75,76,74,56,68,67,68,66,68,68,69,67,66,70,62,69,70,66,67,64,76,71,71,72,72,70,77,65,69,62,65,73,64,65,69,72,74,73,70,67,84,63,77,69,69,58,73,71,66,69,73,135,68,69,79,70,78,66,68,73,66,71,70,72,74,67,73,58,67,69,78,70,75,71,66,71,68,68,73,69,73,76,70,78,68,69,70,75,71,70,62,64,69,70,51,71,72,79,57,46,75,68,73,71,66,69,73,71,61,75,72,0,65,68,62,54,72,69,91,70,68,80,19,74,68,73,74,66,79,80,73,71,70,82,73,65,76,69,60,61,68,69,75,67,69,79,65,68,69,99,74,65,61,73,66,66,70,75,69,67,75,75,67,80,59,75,73,71,73,71,67,93,77,73,70,73,62,71,75,70,69,73,66,69,65,66,74,66,71,71,73,79,78,80,63,58,67,73,76,65,70,71,70,62,66,68,69,72,73,61,66,70,72,70,67,65,73,72,70,76,72,66,69,79,74,72,71,71,71,70,71,70,75,70,59,70,74,78,119,72,68,71,66,65,69,67,67,67,72,71,72,66,72,71,70,63,66,68,72,67,71,71,68,76,70,68,63,105,66,62,74,67,72,67
19,95,43,31,16,9,37,23,35,19,13,42,31,4,42,24,35,10,17,14,17,36,19,30,16,38,45,11,14,16,16,17,9,12,69,19,22,28,48,11,46,18,8,47,23,12,16,15,18,2,17,39,26,59,26,41,8,13,42,21,17,36,46,19,11,69,11,24,32,20,14,19,18,21,34,36,34,13,65,14,19,24,17,18,26,19,32,46,17,4,19,16,17,17,17,40,15,58,19,25,18,40,20,14,70,71,17,54,45,12,28,17,21,19,7,44,17,35,48,19,18,14,40,17,18,15,137,16,55,51,17,22,62,31,19,47,24,26,20,17,9,26,22,15,29,30,17,14,18,15,25,16,17,20,16,58,22,10,27,5,25,18,36,14,19,23,45,14,3,55,12,49,30,37,46,40,17,49,19,5,17,51,18,24,24,40,65,0,18,6,24,38,18,107,3,11,38,59,25,33,29,17,29,36,37,19,21,18,47,32,8,40,27,34,44,32,15,24,18,10,53,16,17,16,90,26,18,36,35,9,35,32,40,6,12,38,27,19,43,50,23,18,17,34,32,26,89,43,18,31,27,35,22,38,11,30,18,35,8,38,36,17,19,18,41,45,31,41,40,45,36,28,19,59,24,10,18,10,14,38,31,56,37,25,30,15,18,3,19,1,6,19,16,19,26,18,19,17,47,30,17,7,26,11,20,10,32,30,9,17,19,27,24,111,19,45,14,14,45,28,20,20,21,18,13,14,23,18,5,18,21,18,17,22,37,19,19,2,37,16,16,18,91,5,23,33,16,26,18
12,98,41,30,6,23,35,31,33,22,15,45,34,23,42,25,37,27,11,14,10,38,7,28,10,37,39,12,18,21,4,11,16,19,65,8,20,34,44,15,44,6,14,48,27,14,9,18,9,19,11,38,23,55,36,43,25,27,48,7,9,32,43,9,30,67,11,19,36,8,9,8,24,18,39,39,39,12,64,22,6,26,4,7,25,28,28,54,4,23,6,4,21,21,9,40,5,58,8,33,10,41,22,7,69,76,5,53,49,18,34,19,11,8,20,38,16,33,46,12,25,12,37,6,9,7,137,17,53,49,7,21,61,32,10,46,16,26,10,15,17,31,36,12,27,34,18,21,10,20,21,25,22,10,28,52,22,27,36,19,24,11,39,19,4,31,43,14,19,61,25,49,35,39,48,45,8,50,11,20,17,42,8,28,28,34,68,18,0,22,41,48,8,109,20,12,40,59,30,32,29,1,34,40,33,6,23,11,45,34,15,44,28,34,47,38,20,14,16,17,52,31,11,20,93,30,23,35,30,23,40,33,43,19,17,41,29,23,42,47,23,9,21,33,31,39,90,45,32,33,31,41,25,39,24,34,8,40,26,30,45,1,34,10,42,35,35,40,41,45,37,24,9,53,36,21,7,14,34,30,29,59,39,19,30,7,9,13,8,19,15,17,11,16,27,16,10,7,45,38,28,15,25,22,31,19,34,24,14,29,10,31,20,105,19,44,16,10,43,31,33,8,20,13,17,16,28,28,19,20,25,10,14,15,40,6,5,19,38,5,29,23,92,24,29,30,19,29,13
25,96,42,33,22,13,20,27,38,14,21,41,32,6,29,27,37,11,19,16,23,26,24,30,20,38,45,13,19,13,23,24,21,22,69,24,20,32,50,23,41,25,17,49,15,16,19,11,24,8,26,35,19,52,18,28,17,11,39,27,23,36,50,24,11,63,13,17,31,23,22,23,24,21,34,32,34,21,56,6,24,21,21,24,20,17,31,48,24,4,26,25,9,9,21,37,24,59,24,23,24,41,7,23,71,63,22,51,49,22,12,10,27,21,14,48,20,36,44,23,12,21,35,22,22,25,133,14,58,54,21,27,55,23,26,32,23,19,24,28,18,28,17,25,15,35,11,18,25,7,25,10,12,26,9,57,20,8,39,8,17,24,24,16,25,16,47,23,6,55,7,46,24,37,41,29,25,49,23,10,21,46,22,17,28,32,62,6,22,0,43,40,23,110,11,17,36,56,23,31,15,26,16,40,38,26,21,24,47,28,24,40,22,20,37,20,15,21,23,21,50,14,23,20,95,30,9,19,35,5,16,32,37,8,17,31,25,21,44,50,24,22,18,34,25,27,83,40,27,15,27,36,14,37,12,33,22,16,11,35,32,26,15,25,41,43,37,40,40,37,29,18,26,57,16,20,21,14,18,36,26,56,31,15,27,22,24,6,23,7,4,15,20,26,27,20,26,25,46,28,18,5,20,22,14,12,29,27,13,8,23,30,29,109,22,32,20,23,33,32,12,25,20,25,19,13,27,23,7,14,18,21,19,27,37,20,22,8,44,25,11,17,85,5,27,34,20,27,22
42,99,44,43,36,28,45,24,38,41,35,43,35,25,18,29,35,36,38,33,39,43,42,42,34,45,47,39,38,35,39,39,42,34,62,38,38,38,18,38,48,38,37,43,28,37,36,38,38,36,37,31,36,51,48,31,43,35,41,39,40,34,49,38,28,68,39,43,38,39,35,38,34,42,40,36,40,39,70,38,42,31,37,38,38,33,38,52,38,40,37,37,38,38,35,30,39,56,37,35,38,35,40,37,72,71,39,37,47,39,25,37,39,38,26,46,31,43,40,39,42,39,45,36,38,41,136,35,45,54,36,44,56,36,39,38,38,38,40,40,35,38,20,38,37,42,42,39,39,31,38,37,39,40,37,50,42,25,43,37,36,38,36,39,38,45,40,37,37,47,39,44,43,26,20,45,38,53,38,37,38,42,40,30,39,34,54,24,41,43,0,35,41,103,38,38,38,41,37,25,32,40,38,46,47,40,43,38,51,42,42,45,38,32,49,39,41,41,42,41,57,29,35,42,90,37,37,42,39,39,42,37,24,39,33,37,33,41,46,52,40,40,39,43,38,44,78,48,25,35,37,23,43,38,36,42,40,42,35,41,40,40,45,39,36,45,37,46,42,40,34,36,40,61,33,35,38,38,31,42,39,55,34,43,41,41,38,36,39,37,36,38,38,41,30,44,44,41,44,44,34,29,32,34,38,41,32,45,40,35,39,33,41,104,40,34,43,43,39,40,34,41,39,41,36,38,23,37,37,32,35,42,38,41,39,39,39,35,49,37,33,35,85,35,34,42,40,32,38
46,95,48,43,44,43,44,46,34,44,42,38,44,38,42,44,47,36,46,41,45,46,48,48,48,53,53,44,43,44,45,43,46,45,70,45,45,49,33,37,51,45,42,49,48,40,43,41,46,45,47,37,45,64,48,31,43,40,38,46,44,46,46,46,44,72,43,41,48,46,46,45,39,46,43,49,43,47,70,42,45,43,44,43,42,50,42,56,44,40,45,45,36,39,42,30,44,58,43,43,46,45,42,44,72,71,46,58,51,39,39,48,47,47,34,55,41,50,52,45,47,43,51,46,45,45,104,44,57,42,44,51,64,48,47,47,39,41,44,46,44,44,43,44,48,49,38,47,46,47,44,44,45,46,48,55,43,39,44,44,43,46,50,42,46,52,45,46,38,66,42,58,38,49,51,36,43,39,45,46,45,41,44,49,40,36,72,38,48,40,35,0,46,112,45,43,45,65,45,42,53,48,47,53,52,46,44,46,54,45,42,38,48,49,43,37,37,41,47,43,59,41,44,47,89,41,40,47,45,41,47,43,43,44,41,43,47,41,50,55,51,47,45,49,50,32,81,53,45,48,48,37,43,44,49,42,47,47,43,47,40,48,26,45,38,56,38,49,40,39,46,44,44,61,37,43,45,46,39,46,44,52,49,41,52,45,46,37,46,45,34,39,47,48,48,42,42,45,41,38,46,34,42,42,42,47,43,48,46,43,44,48,50,116,40,41,43,50,47,47,47,44,43,47,43,44,49,37,43,45,42,47,46,48,45,46,48,42,52,44,47,40,87,41,42,46,45,44,46
14,99,39,30,12,17,35,33,39,23,13,43,32,22,42,25,42,25,15,19,7,36,10,28,15,39,44,12,13,24,12,11,10,20,67,11,21,29,44,15,47,12,14,43,26,13,12,15,11,20,9,32,23,59,32,45,23,22,48,13,19,33,40,13,29,65,12,15,27,10,15,9,25,19,33,38,34,11,67,25,16,24,8,11,19,23,24,51,9,22,11,9,16,21,8,43,11,57,6,29,11,35,16,4,67,79,9,57,52,17,34,23,13,11,22,49,15,35,45,12,26,12,40,6,11,9,141,18,55,45,10,26,55,30,11,43,18,26,8,16,16,30,34,17,25,27,18,15,12,20,29,28,26,14,34,58,11,30,29,19,24,11,34,19,13,34,47,10,16,62,26,51,36,40,52,47,12,47,10,17,18,45,13,28,33,34,69,18,8,23,41,46,0,109,19,13,41,61,30,33,29,8,23,42,38,14,17,11,47,35,21,47,17,29,44,31,22,14,6,16,52,29,17,20,91,30,14,28,25,25,40,31,43,15,13,41,28,15,41,51,28,13,12,28,34,43,92,43,20,32,33,39,16,42,25,38,14,40,27,30,40,8,32,13,36,42,32,41,37,37,31,24,15,57,28,23,13,12,31,30,26,58,30,20,26,6,11,19,13,16,19,15,13,4,28,8,6,11,46,31,24,21,18,13,29,18,32,17,15,25,13,26,14,111,13,46,17,9,40,35,24,6,20,7,13,21,29,23,15,17,28,16,13,17,31,11,14,17,40,11,25,14,90,22,27,23,18,25,10
108,106,112,111,108,101,111,93,110,109,105,113,103,108,91,94,105,108,108,106,109,107,107,115,107,109,114,105,104,107,109,107,108,103,108,107,111,106,97,107,117,106,100,108,109,107,109,105,109,107,108,105,112,93,112,110,104,110,113,110,108,109,108,107,113,110,105,108,113,106,107,106,107,105,100,104,100,108,108,110,109,101,107,107,109,112,107,114,107,107,107,107,102,107,108,106,108,111,107,107,109,114,108,108,110,91,106,104,109,103,110,111,109,106,104,111,106,107,107,108,112,103,115,107,107,106,109,106,101,105,106,110,109,109,108,103,111,102,108,109,105,103,113,110,110,109,106,111,109,107,106,105,114,108,111,103,106,106,104,105,104,109,104,109,108,99,100,109,105,96,109,112,106,87,99,106,108,119,108,105,107,113,106,112,111,98,91,107,109,110,103,112,109,0,107,106,107,100,105,97,108,107,105,114,112,108,108,109,117,104,107,109,109,104,116,108,106,112,109,109,114,111,106,108,98,105,110,103,113,110,102,108,104,104,103,99,107,110,115,109,110,108,105,110,109,108,116,116,109,107,107,105,110,116,111,109,108,102,106,114,111,107,111,106,102,112,104,112,107,110,101,98,108,111,115,103,108,106,111,113,109,102,114,111,114,107,109,106,108,105,108,109,107,108,106,110,108,107,111,112,107,104,106,103,109,107,109,112,109,109,108,101,111,121,108,105,107,110,102,107,106,106,102,105,108,106,94,110,104,105,102,110,105,108,108,107,107,107,114,108,108,106,113,106,98,112,108,106,109
19,94,36,34,20,16,36,31,35,20,12,45,29,11,40,23,41,18,17,17,16,42,19,31,17,38,46,14,14,20,20,21,11,19,67,19,24,27,44,10,48,16,14,45,18,10,19,9,20,15,18,33,23,54,35,39,21,22,46,20,17,35,44,19,22,64,14,24,29,20,17,17,30,17,37,37,37,11,59,17,17,24,17,19,27,20,32,54,20,15,18,16,17,17,19,40,20,63,21,23,20,41,25,19,63,73,17,50,48,16,32,23,20,19,17,46,18,33,44,19,19,17,40,18,18,18,138,10,54,51,17,20,55,28,21,41,23,22,18,21,22,26,30,19,26,35,11,14,21,14,23,28,22,20,25,58,26,15,34,9,26,20,29,17,19,25,45,20,12,57,21,50,35,33,45,45,20,50,19,6,12,49,18,28,27,35,70,3,20,11,38,45,19,107,0,17,34,62,27,31,29,18,22,37,37,20,23,20,40,35,5,44,27,36,46,37,14,24,21,8,54,19,10,18,90,27,22,33,34,16,36,34,39,5,9,37,26,24,44,53,19,20,23,36,31,37,90,45,33,26,29,31,22,40,17,31,20,36,18,35,29,18,27,19,43,42,31,41,37,43,28,24,20,57,31,15,20,6,20,35,31,55,40,25,33,16,20,4,20,3,7,24,16,19,24,19,20,21,44,32,12,13,20,10,28,11,30,28,15,13,19,32,18,109,17,47,12,21,45,34,32,19,23,19,8,13,19,12,6,15,19,19,19,21,32,20,20,11,40,20,18,25,96,15,20,33,11,23,18
15,95,40,27,12,16,33,26,34,21,12,44,33,15,37,30,32,20,12,15,14,40,12,31,11,37,42,9,11,19,10,14,7,14,68,13,20,31,47,12,47,12,7,48,19,12,13,15,14,10,12,37,25,56,36,43,16,23,46,16,19,36,46,13,24,66,9,22,33,14,11,13,23,21,30,32,30,9,59,15,11,22,10,11,27,31,30,44,11,12,11,12,16,16,12,38,12,61,11,28,14,37,10,10,72,72,11,52,38,9,31,16,13,11,12,39,15,35,46,13,12,11,41,11,13,13,141,9,51,52,11,21,56,28,12,41,22,24,15,18,7,26,23,12,26,30,6,14,15,21,23,22,21,14,23,54,22,23,32,11,24,14,35,19,14,29,44,12,8,47,22,52,26,35,45,43,12,48,13,13,10,50,11,23,26,33,68,11,12,17,38,43,13,106,17,0,30,59,23,28,28,15,24,37,35,16,22,14,44,32,19,39,31,35,48,38,14,22,16,9,54,22,6,17,90,28,16,31,33,17,34,32,40,9,9,38,23,22,42,51,21,13,16,35,31,40,89,43,29,29,30,38,23,43,24,32,13,34,19,36,37,15,36,14,38,45,34,39,41,44,36,30,16,57,34,17,12,13,29,36,26,52,38,24,32,11,14,14,14,13,15,21,2,17,24,13,14,12,43,35,20,6,22,11,25,13,24,29,18,21,14,33,22,108,17,42,9,17,44,32,22,10,16,12,15,6,30,23,13,13,22,15,5,17,37,11,13,15,37,13,27,17,93,15,26,32,13,30,14
39,102,38,12,39,30,40,34,41,37,39,49,39,38,41,35,36,30,39,36,41,32,38,46,32,40,34,34,35,37,33,38,33,35,71,39,44,37,45,34,59,37,33,52,44,37,40,36,41,31,39,40,41,61,42,43,32,32,48,40,39,43,54,37,40,71,34,34,41,30,34,38,41,38,35,33,35,37,70,40,38,29,37,37,39,41,31,51,38,37,33,38,33,27,38,43,35,68,36,30,39,34,37,34,72,83,35,54,52,36,34,31,39,37,37,38,32,39,50,38,43,36,46,37,39,36,148,37,58,41,37,36,61,35,38,42,40,30,39,37,35,34,37,39,38,32,36,42,40,35,41,40,41,37,40,59,41,37,32,30,39,41,30,37,38,39,47,37,29,70,40,47,6,41,52,38,34,53,38,39,32,50,39,40,8,43,80,38,40,36,38,45,41,107,34,30,0,69,33,35,40,40,38,45,44,37,34,39,49,35,38,41,34,39,50,44,37,39,40,36,66,42,39,40,85,34,43,37,38,43,29,42,41,34,36,39,44,35,46,57,38,39,35,43,44,51,99,44,40,43,30,40,40,26,42,37,39,29,42,43,36,40,44,37,39,43,32,45,37,38,33,40,38,63,40,37,38,37,43,43,44,53,37,42,44,37,39,31,38,33,32,42,36,39,27,36,39,34,42,29,37,34,36,35,44,36,35,45,38,41,36,37,41,116,35,51,34,38,45,35,44,40,42,40,34,35,31,40,33,34,38,41,39,37,41,33,41,40,42,38,41,35,99,39,35,41,40,29,41
61,102,63,62,55,59,45,55,67,62,59,60,58,58,37,49,63,64,56,58,61,60,65,63,61,69,73,59,57,62,60,56,62,61,72,60,63,53,58,62,55,58,58,67,41,60,58,58,61,59,60,61,65,29,59,49,60,61,66,63,61,67,61,60,56,66,60,57,56,63,62,62,56,62,67,64,67,65,54,45,56,55,57,59,62,53,62,60,59,58,59,57,63,63,55,67,61,55,61,65,61,65,61,56,69,61,64,50,59,58,60,63,63,62,57,70,58,65,60,60,43,61,63,60,60,64,109,59,67,68,61,70,57,59,64,56,62,62,60,64,60,67,49,54,58,69,57,66,62,56,62,55,55,64,63,58,65,62,70,63,61,61,63,64,61,58,42,60,58,6,54,61,66,33,28,54,59,70,62,63,58,68,61,50,67,59,19,59,59,56,41,65,61,100,62,59,69,0,64,58,52,65,64,69,68,64,61,61,73,56,56,65,65,57,49,59,59,62,60,62,67,57,60,64,97,68,58,51,67,45,52,63,65,61,60,66,66,59,70,56,66,64,61,62,56,63,87,70,60,45,63,56,57,64,62,53,64,52,60,55,58,65,60,62,65,60,65,68,65,51,52,58,64,62,52,58,60,56,59,52,55,69,64,65,56,60,61,60,61,59,60,63,64,62,67,57,57,62,69,61,56,60,61,56,63,63,66,69,58,55,61,58,71,111,62,50,58,58,56,62,47,59,57,66,58,61,56,59,63,63,49,57,58,63,61,64,61,58,64,61,58,59,94,60,52,69,60,67,58
32,101,37,31,31,24,26,25,33,30,26,47,33,27,42,28,13,29,29,27,34,30,32,36,29,45,47,28,24,24,31,31,30,31,66,28,30,35,46,26,48,28,28,39,35,23,30,22,30,29,29,15,28,58,38,37,28,28,42,33,32,39,46,28,33,69,28,35,36,29,28,29,22,28,9,11,9,26,54,31,28,21,29,27,38,37,39,49,25,27,32,27,32,28,32,32,26,57,31,11,30,41,23,29,67,74,30,49,45,31,31,32,33,29,29,18,21,31,40,29,29,30,43,32,30,30,144,27,50,39,27,33,54,20,33,46,31,21,30,33,28,1,32,30,25,20,26,31,31,30,34,22,35,32,30,57,33,26,7,28,24,30,30,27,31,27,42,29,13,66,33,49,31,40,47,36,33,47,29,27,26,50,25,30,24,15,74,25,30,23,37,45,30,105,27,23,33,64,0,28,34,31,22,42,41,32,34,30,44,7,35,15,34,39,40,36,20,32,28,30,61,27,26,30,77,1,34,22,37,32,25,29,11,28,25,9,33,29,45,56,36,32,28,38,42,43,91,48,30,29,14,33,33,38,31,5,32,25,31,44,37,31,28,29,15,38,23,41,21,38,33,36,31,58,24,25,28,26,24,44,34,53,36,29,37,30,30,29,31,26,15,28,25,28,5,33,32,31,24,22,32,28,28,28,24,25,34,35,36,30,31,29,36,111,24,45,27,29,40,36,23,30,35,30,26,28,29,35,22,27,29,30,26,34,39,30,30,29,44,26,32,18,96,30,29,36,29,6,32
33,98,39,24,28,18,32,14,39,24,27,42,34,30,25,10,28,23,24,26,32,33,32,39,33,40,44,26,16,25,30,30,27,29,67,29,30,32,27,29,52,31,27,51,28,27,30,33,32,31,28,33,34,48,37,35,29,26,46,28,30,37,44,31,30,70,25,34,32,31,30,32,29,27,26,29,25,32,63,28,32,24,29,31,32,31,26,45,27,32,25,26,30,30,32,38,26,56,32,27,32,41,19,28,70,61,31,44,31,27,32,37,31,29,33,43,17,37,42,32,30,30,49,27,31,31,140,23,41,52,27,38,54,27,32,38,22,27,34,30,23,30,31,30,31,30,31,35,30,30,33,22,28,32,32,55,33,35,28,32,32,32,32,31,29,25,44,33,28,45,31,50,35,37,28,43,27,51,32,31,31,45,30,33,37,30,68,33,32,31,25,42,33,97,31,28,35,58,28,0,30,32,19,37,40,32,37,31,51,29,27,27,26,31,46,35,29,31,30,35,56,35,31,32,70,24,31,23,32,32,33,29,35,35,26,28,35,33,47,46,34,28,34,27,35,43,89,49,26,22,25,36,38,42,34,29,27,33,33,35,37,32,37,31,16,43,38,27,34,31,25,32,31,58,35,31,31,28,28,35,32,54,43,30,36,34,31,27,32,36,30,30,33,34,27,34,32,31,38,24,33,30,26,29,29,35,27,32,30,29,29,32,37,111,24,46,35,31,40,29,26,30,24,33,28,33,11,31,35,33,30,32,30,30,39,27,32,32,47,29,33,19,94,28,28,34,33,23,33
35,99,30,33,28,18,17,28,30,29,35,40,35,32,34,26,34,11,28,30,32,37,34,34,30,41,40,27,26,23,34,27,30,29,64,35,32,21,50,32,48,32,29,45,20,27,32,24,34,30,27,32,31,53,27,43,31,33,33,37,29,36,48,35,19,61,27,27,23,29,31,33,15,34,35,34,36,36,56,21,27,11,34,33,19,27,24,39,31,21,27,28,22,25,27,37,35,54,26,24,34,48,22,24,67,64,34,47,43,32,25,27,35,34,27,49,16,30,45,33,15,31,36,31,33,35,138,23,52,49,33,34,53,27,35,32,32,30,34,38,36,21,17,30,19,36,18,36,35,33,32,12,23,34,18,60,27,19,28,27,24,34,35,28,33,37,35,33,20,50,24,51,30,41,51,28,26,52,35,29,30,37,33,27,36,29,73,29,29,15,32,53,29,108,29,28,40,52,34,30,0,35,23,45,36,36,26,34,50,20,31,34,27,16,33,29,31,28,26,28,51,16,35,33,82,31,24,16,31,22,19,33,42,20,30,37,28,39,40,39,37,35,30,23,31,34,82,41,29,15,36,38,29,38,24,18,36,19,27,20,34,35,28,33,34,40,22,35,42,36,20,19,33,60,36,34,31,30,19,20,30,53,25,34,26,29,34,25,34,33,25,32,32,32,26,27,27,32,40,25,33,17,20,23,17,27,31,36,28,31,34,30,42,105,23,25,34,28,34,20,35,24,26,35,30,27,29,31,20,33,35,31,31,37,23,34,32,33,47,33,24,17,82,37,29,25,31,30,33
12,93,41,32,7,24,36,31,33,22,11,43,34,25,43,25,39,29,11,16,10,41,6,30,13,36,41,16,13,24,7,13,16,21,69,8,21,33,44,18,45,7,14,49,24,18,11,13,9,16,11,42,26,59,37,42,22,27,48,7,12,31,43,6,32,68,16,21,37,13,13,8,24,18,38,38,38,12,65,23,7,26,6,8,26,31,29,54,9,23,7,3,24,21,8,40,7,59,8,31,9,41,23,8,70,77,4,54,53,15,35,26,10,5,23,45,22,32,47,9,25,12,36,9,8,4,140,23,56,49,8,20,61,29,7,44,21,26,10,14,19,31,36,11,27,29,21,21,9,21,24,28,24,9,28,54,22,31,36,16,25,11,39,17,4,32,45,14,19,61,26,47,37,39,50,45,9,46,8,20,18,47,11,28,32,35,74,17,1,26,40,48,8,107,18,15,40,65,31,32,35,0,34,39,31,9,22,10,44,34,19,45,26,34,48,39,23,14,12,17,54,32,10,21,92,30,23,32,33,21,34,27,43,15,14,41,29,22,39,50,22,6,18,33,33,36,93,42,32,29,29,40,21,43,27,34,5,34,26,33,43,0,36,10,43,36,37,43,38,46,37,25,8,53,36,24,7,14,35,33,30,59,40,20,31,8,8,17,8,16,21,22,11,14,27,15,12,8,45,38,26,19,27,22,31,16,34,24,19,27,9,31,20,108,15,45,10,11,41,34,33,11,24,8,18,17,28,28,18,20,26,12,14,14,40,3,8,13,33,8,28,23,91,23,29,30,13,27,13
31,98,39,31,29,21,25,18,37,26,20,45,29,23,36,22,36,21,27,17,26,31,34,31,29,40,45,20,18,18,33,28,24,30,61,31,29,31,38,26,47,29,14,45,22,15,29,27,29,29,27,24,27,51,28,40,17,27,48,26,28,37,39,31,28,64,19,31,23,30,29,29,20,26,32,35,31,28,64,22,30,14,29,29,28,14,18,45,29,23,28,31,26,28,27,22,31,60,28,26,29,37,12,32,71,78,31,49,37,26,38,28,30,30,20,44,16,24,36,28,26,21,38,31,30,31,139,20,43,49,31,34,53,23,31,37,34,21,29,30,21,17,20,29,17,17,19,32,30,26,28,19,22,29,21,59,26,22,28,27,26,29,38,24,30,32,43,22,22,57,26,52,36,40,47,38,27,50,28,20,28,45,32,28,32,27,66,29,34,16,38,47,23,105,22,24,38,64,22,19,23,34,0,39,34,29,24,29,50,28,20,46,33,26,38,23,16,22,27,27,61,24,16,31,84,26,20,28,28,19,44,34,40,25,19,38,27,33,43,52,32,28,29,31,31,43,88,46,21,19,22,24,28,41,24,36,28,44,24,33,40,32,38,31,34,41,31,37,35,37,25,14,29,57,22,23,29,26,27,34,27,58,36,23,29,29,29,19,30,26,19,26,28,24,22,32,29,32,46,27,24,21,16,20,18,25,25,28,31,22,29,26,28,111,28,42,30,27,33,28,22,32,19,28,24,30,21,21,20,27,20,30,25,30,42,29,31,18,43,33,27,17,86,24,28,21,20,20,28
39,106,46,39,39,38,46,43,44,37,39,48,41,41,46,43,37,37,37,35,35,37,35,47,41,11,8,37,36,36,40,37,37,37,73,38,39,37,53,38,51,37,36,59,41,38,40,36,40,35,41,47,42,66,42,46,39,34,50,41,42,42,54,37,43,68,37,39,43,41,39,38,40,36,38,34,38,40,71,41,39,37,38,38,41,42,44,59,37,41,38,37,38,37,40,47,40,71,41,40,38,49,40,40,74,81,39,62,58,37,43,28,37,36,37,54,41,27,51,37,38,33,18,38,39,38,144,39,62,57,39,25,66,42,37,53,42,41,39,36,41,44,40,36,41,38,39,44,36,37,35,39,43,37,35,62,38,45,39,38,42,40,38,37,37,43,53,38,37,70,41,57,44,44,52,54,38,59,37,39,38,53,39,42,45,43,79,36,40,40,46,53,42,114,37,37,45,69,42,37,45,39,39,0,3,37,45,37,34,41,37,42,37,44,53,40,41,42,38,38,63,37,38,39,100,42,42,39,38,40,40,38,48,34,38,43,36,41,20,50,34,37,40,36,33,47,100,12,41,39,41,46,44,46,36,41,37,40,38,43,42,39,33,38,49,51,38,44,50,49,44,42,37,61,43,41,38,37,42,43,45,64,46,38,46,36,39,41,39,37,41,38,38,39,41,41,42,37,52,42,40,41,43,39,41,40,42,45,41,44,37,35,41,105,38,46,33,40,54,45,44,41,37,37,39,33,40,43,39,35,45,40,36,36,44,37,36,35,21,40,35,37,94,41,43,42,37,41,40
37,107,46,35,37,35,42,38,40,31,35,46,39,37,48,39,40,38,34,36,37,40,29,45,37,11,16,35,34,35,36,37,33,34,73,36,35,36,51,36,49,33,34,54,39,35,38,35,36,34,34,45,34,63,41,44,32,40,52,37,37,43,53,35,40,74,35,39,41,35,38,36,35,30,34,38,33,35,74,36,36,34,36,36,35,36,41,60,35,37,36,34,35,35,38,49,35,65,38,37,34,47,41,40,71,84,35,63,54,34,39,26,33,36,39,54,39,29,52,33,33,31,9,36,36,35,147,37,59,59,37,23,65,38,32,52,35,39,35,30,35,38,38,38,39,36,34,41,34,36,35,37,39,33,31,55,33,39,35,36,38,36,38,34,37,40,53,30,33,64,39,55,37,47,55,49,31,57,35,36,33,55,36,38,39,46,80,37,33,38,47,52,38,112,37,35,44,68,41,40,36,31,34,3,0,35,35,33,32,39,33,49,34,43,46,37,34,36,37,36,64,38,34,32,97,44,37,42,39,35,36,29,46,32,35,45,34,39,12,51,28,33,38,38,33,45,97,25,36,40,39,43,37,45,30,39,33,36,39,45,44,35,45,35,50,48,41,43,46,47,46,39,35,58,41,38,36,34,43,45,38,65,46,39,36,31,35,37,35,35,31,37,34,38,42,36,36,34,50,40,40,37,34,36,40,36,38,40,39,41,35,36,39,110,37,53,31,36,52,41,41,37,37,32,34,36,38,40,34,40,37,31,33,28,47,33,33,32,13,37,34,37,96,35,43,43,33,37,38
10,98,43,31,4,21,41,35,35,24,12,46,35,24,44,27,35,27,13,16,13,42,4,29,14,34,42,16,16,24,7,17,15,20,71,8,24,38,44,17,45,7,14,50,28,15,9,17,7,15,14,40,27,62,39,43,23,27,46,7,16,34,44,5,32,67,15,15,35,14,13,7,31,22,31,33,32,13,66,23,11,26,8,5,31,31,30,54,10,24,14,3,24,22,6,42,8,62,11,30,5,40,25,11,72,79,2,57,52,15,35,26,4,5,23,46,21,32,49,6,27,13,31,8,7,4,139,21,56,53,6,16,58,36,3,46,22,27,12,9,23,32,35,14,34,30,21,22,4,24,22,32,30,0,31,58,20,31,34,18,26,7,40,20,5,33,47,15,19,61,25,49,34,41,51,42,9,50,4,20,18,50,9,31,31,38,73,19,6,26,40,46,14,108,20,16,37,64,32,32,36,9,29,37,35,0,21,4,41,37,21,41,25,35,49,37,23,24,17,17,56,24,13,21,93,32,21,34,34,25,39,35,41,18,17,39,28,15,42,49,18,4,20,35,28,41,91,35,35,28,31,40,26,43,28,36,5,39,24,36,43,9,38,7,43,37,37,43,42,44,35,31,1,59,39,23,4,14,35,36,29,60,40,20,33,15,6,16,5,17,21,23,12,15,28,16,13,9,47,37,24,19,27,19,31,18,34,27,19,30,3,34,22,104,16,45,11,19,41,34,35,13,26,9,17,18,27,27,19,19,28,9,13,11,38,2,8,18,37,6,28,22,88,26,26,33,16,31,10
24,98,39,34,20,26,43,38,40,18,22,37,38,25,50,34,48,17,20,23,22,42,21,28,25,46,50,24,23,24,22,18,26,26,64,23,20,29,41,20,49,20,21,54,20,20,21,24,25,22,19,33,15,62,35,50,25,29,46,21,18,30,46,23,21,63,23,8,34,17,22,22,21,17,39,42,39,21,63,25,20,26,20,20,22,24,30,52,19,26,21,21,23,23,17,46,21,59,12,27,25,40,28,16,67,77,22,59,50,22,32,24,23,16,22,50,24,33,48,24,21,20,42,24,21,23,143,22,43,52,22,26,64,26,21,41,19,28,17,21,24,35,28,22,16,32,17,26,26,26,21,23,30,21,25,53,13,30,40,24,25,25,37,23,22,33,50,21,17,61,22,52,37,45,49,45,19,34,24,24,20,47,21,24,26,37,71,21,23,21,43,44,17,108,23,22,34,61,34,37,26,22,24,45,35,21,0,25,50,40,24,47,17,26,45,24,18,12,23,24,49,27,24,23,90,38,22,24,34,23,44,26,41,27,22,38,34,8,48,50,25,25,18,19,33,41,91,48,23,35,35,40,9,46,24,37,24,44,26,15,41,22,33,22,36,24,31,37,42,45,40,25,23,57,26,22,20,25,27,16,31,63,26,12,31,19,25,20,20,26,21,10,25,21,33,10,13,23,49,38,27,21,29,25,24,22,32,16,24,27,20,36,15,113,25,45,26,16,39,31,17,16,23,17,26,27,35,27,27,26,30,25,24,22,21,20,25,28,49,21,30,24,95,21,26,17,26,32,25
8,97,44,36,8,19,38,33,40,24,13,45,32,25,44,28,34,28,11,16,13,42,8,28,15,36,42,16,17,24,8,12,15,20,69,9,22,35,48,16,44,7,16,50,27,14,8,15,3,16,13,41,26,57,37,43,26,27,48,14,19,35,45,8,31,69,16,17,36,13,16,4,30,22,32,32,31,12,66,23,12,28,7,5,29,31,31,54,8,23,13,6,25,22,9,42,8,62,12,30,1,42,26,15,71,78,8,54,49,14,34,24,6,6,22,49,22,31,47,2,27,17,38,9,9,8,136,19,57,53,11,19,57,35,6,46,23,27,9,10,19,30,32,14,34,30,20,18,2,22,25,28,25,4,30,56,22,26,33,17,25,3,39,19,5,35,45,17,18,61,26,51,37,40,50,43,12,50,2,18,18,47,10,28,33,38,70,18,11,24,38,46,11,109,20,14,39,61,30,31,34,10,29,37,33,4,25,0,42,37,19,45,24,34,46,38,22,25,17,16,54,27,13,21,93,30,22,32,33,23,38,33,43,17,18,41,29,17,40,46,21,6,22,34,26,40,93,38,34,30,34,41,24,45,27,37,6,38,26,39,43,10,36,9,43,39,35,41,41,44,37,31,4,57,36,25,4,15,30,39,28,60,40,19,33,12,2,18,5,17,20,23,12,15,28,15,11,10,46,38,27,20,27,17,32,17,34,27,19,29,3,31,24,106,17,47,14,15,41,32,32,13,22,10,18,18,28,27,18,22,28,6,12,8,39,5,5,17,37,4,29,24,90,25,27,33,17,31,6
47,99,57,47,46,46,47,49,53,37,44,57,56,43,46,51,48,47,46,49,50,52,41,52,42,36,34,38,47,49,46,42,42,46,74,48,38,47,53,45,55,46,43,58,47,46,45,44,48,43,46,55,44,70,48,53,46,49,62,48,46,47,58,47,44,70,39,42,49,46,41,48,52,44,48,47,48,48,75,46,42,43,47,48,50,50,51,68,49,45,46,44,47,48,47,52,47,72,48,49,42,56,47,44,71,85,45,66,56,42,48,38,44,45,48,60,51,37,61,41,47,40,40,45,48,45,153,46,68,62,45,39,70,49,49,55,43,49,47,41,46,46,50,47,50,47,46,51,45,48,46,40,48,41,41,58,48,51,48,45,42,48,49,38,46,47,56,41,43,69,47,55,46,53,57,54,48,59,46,44,41,59,48,47,54,53,82,47,45,47,51,54,47,117,40,44,49,73,44,51,50,44,50,34,32,41,50,42,0,42,45,47,48,45,55,49,46,46,51,46,63,47,42,44,101,47,48,45,55,44,47,55,53,41,47,55,47,44,38,64,38,45,41,45,44,48,103,31,46,47,47,47,48,51,42,46,44,47,41,53,47,46,52,48,49,51,51,50,53,52,46,46,40,60,52,49,42,46,48,53,55,66,54,46,55,44,47,45,46,45,47,50,48,50,46,49,49,45,53,45,49,42,49,47,47,43,47,50,47,50,45,46,55,120,43,51,45,43,53,54,52,45,41,47,46,44,52,47,44,44,49,51,43,44,49,42,44,42,38,45,38,48,94,44,52,52,45,44,45
36,107,32,29,33,30,21,31,35,31,33,47,31,26,35,27,10,39,29,31,36,35,34,39,32,42,41,28,27,34,34,36,34,31,65,34,35,28,44,28,45,33,34,34,21,29,30,30,37,29,36,15,32,53,26,39,34,37,46,37,32,41,49,34,38,71,29,33,37,32,32,33,30,31,15,10,16,34,58,25,37,30,30,34,30,31,33,39,35,25,31,35,34,38,31,42,34,55,31,9,37,42,29,31,77,69,32,49,47,32,32,31,38,33,28,29,18,31,45,35,36,34,36,31,34,35,146,31,52,40,33,41,59,26,38,38,37,33,33,39,36,7,40,25,41,21,37,36,38,28,37,20,30,37,37,57,32,37,7,31,30,37,33,30,35,31,41,34,28,63,28,55,30,45,44,36,32,51,36,34,31,48,34,36,32,26,73,32,34,28,42,45,35,104,35,32,35,56,7,29,20,34,28,41,39,37,40,37,42,0,28,16,34,15,43,36,33,29,30,35,61,38,33,35,76,6,32,17,37,25,26,37,12,31,29,13,31,33,43,54,35,38,33,36,33,34,95,46,34,27,10,29,29,37,28,2,38,26,33,41,39,35,34,36,12,36,34,42,27,26,26,37,37,60,28,34,35,28,31,41,34,49,36,33,39,34,37,35,35,32,32,33,29,33,10,31,30,34,36,32,30,34,28,32,36,29,35,40,29,33,36,34,30,117,28,29,35,33,23,36,32,32,28,35,33,29,34,34,30,33,30,33,32,40,35,36,35,31,36,34,24,21,98,35,35,40,33,9,36
21,93,38,26,18,16,31,30,39,14,10,45,34,6,35,31,34,21,17,14,21,38,21,30,10,39,45,5,10,12,15,19,13,16,65,21,16,23,43,12,47,20,5,36,14,4,18,11,19,16,18,28,26,53,28,25,14,11,46,21,14,35,45,21,10,61,4,19,30,16,11,21,25,13,38,38,38,13,59,9,18,17,16,18,22,20,25,46,17,20,17,19,7,8,14,42,19,62,16,31,19,42,9,15,67,74,19,51,43,20,30,24,22,21,7,48,9,30,42,18,6,12,34,17,22,19,136,8,54,48,18,25,50,21,22,40,16,15,19,23,12,30,18,15,24,20,5,23,20,12,26,24,8,21,24,57,24,17,27,6,20,19,28,11,21,25,38,16,14,51,12,51,34,39,37,37,15,51,18,5,16,47,17,20,25,34,65,8,15,24,42,42,21,107,5,19,38,56,35,27,31,19,20,37,33,21,24,19,45,28,0,42,24,33,39,24,7,20,18,17,49,13,11,17,95,33,10,23,32,19,35,33,42,8,10,38,20,19,42,44,24,23,17,37,25,23,92,40,23,23,32,23,18,35,10,26,23,35,7,35,36,21,19,17,36,42,29,42,35,42,35,21,20,59,28,17,17,6,20,35,24,56,30,21,28,12,19,4,21,6,5,17,18,23,20,17,18,20,45,26,18,5,20,11,28,15,28,28,9,12,21,33,20,109,15,44,16,14,43,36,22,20,10,18,4,18,26,18,7,6,17,17,11,23,23,21,17,10,35,18,18,26,92,5,19,35,8,24,19
44,108,35,36,40,35,34,43,41,40,45,43,37,41,32,38,7,31,44,31,45,36,45,50,43,47,50,40,43,44,44,46,41,41,67,41,44,44,45,41,48,43,41,33,43,42,42,39,43,43,44,34,40,61,47,30,39,37,45,44,43,36,42,43,42,67,40,48,48,36,40,42,32,40,9,6,8,38,61,41,44,34,42,42,48,46,37,62,44,43,41,39,43,41,42,44,45,63,46,26,43,32,42,44,68,78,41,58,46,37,39,40,43,41,43,25,35,45,40,44,35,42,49,44,43,43,148,44,51,40,43,47,64,29,43,45,47,40,44,42,42,14,39,42,37,23,37,47,46,43,46,38,45,41,42,57,44,36,10,43,41,43,37,41,40,43,49,41,36,67,44,50,35,42,49,30,43,57,42,45,41,44,44,47,41,33,76,40,44,40,45,38,47,109,44,39,41,65,15,27,34,45,46,42,49,41,47,45,47,16,42,0,46,47,47,37,39,41,44,45,56,43,43,47,86,15,46,42,49,40,20,45,14,39,41,13,49,48,43,47,46,43,40,46,32,38,95,46,44,48,18,43,48,45,50,16,43,20,43,50,44,45,36,41,13,50,32,47,40,37,41,38,43,55,34,44,39,42,45,50,43,64,45,45,45,45,43,41,40,42,40,42,41,46,18,49,48,44,33,32,42,36,45,45,42,41,43,44,47,40,40,48,49,113,44,46,45,43,44,46,37,44,45,42,42,43,36,45,39,40,40,41,42,43,36,43,40,45,45,43,44,41,92,43,41,46,45,28,43
29,98,46,38,26,22,24,28,43,22,25,44,36,26,28,28,43,28,26,27,22,43,25,30,30,41,39,29,22,29,29,26,30,32,67,24,24,27,44,30,47,28,28,55,24,25,28,23,26,26,21,37,26,59,31,42,26,20,47,30,23,28,36,23,25,69,29,16,24,23,27,25,36,23,44,41,44,28,69,29,30,28,27,28,20,27,29,53,28,29,22,26,18,17,23,44,29,64,21,28,24,35,29,21,67,78,27,55,58,30,22,28,28,25,34,50,26,38,49,25,28,27,40,21,28,24,145,28,48,51,24,34,65,26,25,51,29,27,23,28,27,35,37,22,26,33,25,30,25,30,29,24,29,25,29,54,12,25,36,30,23,26,41,31,25,37,44,23,28,66,32,45,33,42,52,50,25,43,25,25,29,53,30,26,33,40,69,27,28,22,38,48,17,109,27,31,34,65,34,26,27,26,33,37,34,25,17,24,48,34,24,46,0,30,44,21,32,17,20,29,58,18,29,25,92,37,25,32,27,32,34,19,43,27,27,45,29,15,39,46,27,28,32,34,32,33,90,48,23,31,29,40,12,45,32,30,27,34,20,40,45,24,30,25,38,30,36,35,40,34,27,27,24,60,25,26,26,30,27,29,24,65,25,25,28,24,25,31,25,31,26,23,31,19,31,17,20,26,49,38,32,28,22,32,31,32,33,31,27,26,23,26,19,101,20,42,29,29,41,30,29,25,29,22,28,27,32,27,30,30,35,26,31,29,41,23,25,27,42,25,24,23,84,21,19,31,25,35,30
36,98,34,32,32,19,20,22,40,35,32,34,32,32,37,27,31,31,30,35,34,40,36,35,36,46,41,34,29,29,35,30,30,31,66,32,38,15,39,34,45,33,32,49,20,30,35,36,34,35,29,32,31,49,18,24,30,30,38,33,36,35,46,32,24,58,34,32,34,33,36,32,18,36,32,40,33,37,60,22,31,18,34,33,27,25,25,41,29,29,38,33,31,30,36,45,34,60,30,37,34,40,25,33,65,68,31,57,49,34,36,27,40,32,23,44,30,36,33,33,28,33,37,27,36,35,140,28,53,44,32,39,49,20,35,26,38,35,31,36,28,35,16,28,25,31,35,36,35,29,35,16,21,35,29,46,29,36,35,35,30,34,30,34,33,20,35,34,26,61,29,45,40,35,36,26,32,52,34,36,32,38,33,31,34,24,60,34,34,20,32,49,29,104,36,35,39,57,39,31,16,34,26,44,43,35,26,34,45,15,33,47,30,0,40,18,22,21,24,32,53,20,34,37,86,26,19,3,35,26,31,32,32,27,29,35,33,38,44,50,41,33,35,30,30,32,93,45,24,24,30,25,29,45,23,15,33,31,33,36,34,34,27,32,39,43,39,33,37,25,16,29,36,58,25,35,31,29,30,37,28,52,28,35,41,29,34,32,31,27,34,25,35,24,29,31,32,34,45,30,32,30,24,35,31,24,29,37,33,19,31,33,36,114,28,9,37,31,8,27,31,31,25,33,29,28,25,32,32,27,25,36,29,37,23,35,30,27,40,31,23,28,86,30,32,24,32,30,36
47,98,40,47,48,30,29,36,47,43,44,37,48,39,36,49,49,38,46,47,46,43,48,49,48,54,56,42,40,48,44,45,45,47,67,46,49,29,40,46,51,47,43,52,34,44,45,44,46,46,43,45,42,55,31,27,42,37,46,42,50,45,50,46,31,65,42,47,44,38,44,44,35,43,46,46,45,47,45,35,46,26,45,46,36,39,42,56,43,33,35,43,49,48,46,35,46,62,46,38,46,40,38,40,62,66,47,49,54,46,19,39,49,43,37,44,46,47,37,47,46,45,50,47,46,44,140,48,59,47,45,50,56,31,45,39,51,31,41,51,39,42,33,47,47,47,32,45,48,29,47,43,21,49,42,49,47,46,44,43,39,46,47,39,47,37,39,43,43,63,33,50,39,55,37,36,44,51,47,43,47,42,45,36,54,49,61,44,47,37,49,43,44,116,46,48,50,49,40,46,33,48,38,53,46,49,45,46,55,43,39,47,44,40,0,32,35,44,42,42,60,27,45,45,74,42,45,30,48,32,41,47,49,42,43,45,40,47,58,54,51,49,45,40,42,27,91,55,39,29,40,50,43,52,31,43,49,41,31,45,31,47,32,43,42,50,42,56,50,49,39,31,49,63,42,44,47,43,26,39,48,59,43,38,44,43,46,40,47,35,34,42,46,43,47,41,42,44,56,37,47,39,28,36,26,40,44,47,41,33,47,45,51,89,47,33,45,38,31,47,40,40,43,48,42,34,46,45,39,44,41,48,46,47,37,45,47,33,56,45,39,28,71,26,45,55,34,40,47
39,98,33,44,34,32,36,31,32,33,37,37,45,31,37,30,38,34,35,30,37,34,36,39,36,45,40,35,24,21,36,32,29,36,66,37,32,23,41,41,35,38,31,44,27,29,34,38,37,30,32,28,37,58,25,23,20,26,48,39,37,37,42,35,28,61,35,20,36,33,36,38,19,34,35,32,36,35,72,22,34,19,34,37,32,38,23,50,35,22,39,35,28,27,33,44,36,54,30,31,38,37,20,31,64,71,37,52,48,37,30,23,38,33,32,52,20,32,38,36,25,35,41,31,38,37,135,18,36,56,35,38,57,20,39,29,34,23,37,39,39,37,21,30,16,42,35,40,37,28,37,16,25,37,24,61,28,35,37,37,33,37,39,36,39,37,32,33,39,57,25,45,37,41,45,25,33,38,36,27,37,27,37,37,45,29,68,32,38,20,39,37,31,108,37,38,44,59,36,35,29,39,23,40,37,37,24,38,49,36,24,37,21,18,32,0,28,29,39,39,58,23,37,39,93,42,22,18,36,22,34,32,38,27,33,46,24,20,33,48,37,38,33,23,39,21,87,44,35,23,35,30,23,44,17,40,39,34,18,22,48,35,23,35,41,32,28,38,43,44,27,32,36,52,25,38,32,36,38,21,37,57,22,31,26,30,38,34,39,34,35,34,36,34,35,23,27,38,50,39,40,35,26,42,36,29,25,33,31,30,37,35,32,112,33,36,29,36,30,22,23,30,28,42,28,34,32,36,28,31,37,37,35,40,25,38,36,37,35,35,25,23,92,20,36,32,26,43,38
23,89,35,35,22,13,39,25,33,19,15,28,33,20,43,23,33,8,24,12,23,32,23,30,24,36,46,16,17,14,20,19,17,15,71,20,21,31,46,17,44,20,15,47,28,18,21,9,22,18,17,32,19,57,29,40,10,9,34,22,22,37,43,20,17,67,16,20,35,23,24,22,15,17,28,29,27,23,60,5,19,17,20,21,26,23,26,43,21,16,27,20,6,7,19,40,17,55,15,29,22,37,16,18,66,66,22,51,48,20,26,22,24,22,5,46,15,33,40,21,11,18,39,19,22,22,137,17,54,50,20,26,58,30,25,39,26,11,22,25,18,29,15,21,21,33,3,23,23,14,23,19,17,23,21,54,22,21,25,6,25,22,31,15,23,30,45,19,4,57,11,49,32,37,45,29,19,46,21,16,10,47,22,22,22,41,69,15,20,15,41,37,22,106,14,14,37,59,20,29,31,23,16,41,34,23,18,22,46,33,7,39,32,22,35,28,0,24,20,19,58,12,13,24,90,26,10,26,34,6,40,32,39,16,17,35,22,13,46,44,25,22,19,31,34,26,92,48,23,25,29,34,19,41,23,30,22,40,21,38,39,23,20,20,38,44,30,42,42,41,31,29,22,59,22,12,20,14,23,38,24,58,24,19,31,19,22,4,23,18,13,21,16,24,23,19,20,18,42,38,16,5,15,16,18,21,21,29,18,13,23,29,25,104,16,46,18,17,42,15,18,21,21,19,13,19,25,20,16,8,27,26,21,24,31,23,22,6,38,18,27,16,92,6,17,24,6,21,23
24,96,45,26,23,14,30,32,38,13,15,41,36,19,38,28,39,21,19,18,19,29,15,28,16,40,43,17,16,25,24,12,20,23,63,23,11,31,41,20,36,19,19,48,21,21,24,21,25,22,16,31,18,55,28,41,22,22,44,25,12,37,39,23,30,64,18,22,32,16,19,23,27,16,36,39,36,21,67,20,21,24,19,23,20,18,18,50,20,21,20,23,13,13,21,42,16,56,15,30,25,40,17,14,66,74,18,53,48,21,30,26,23,15,23,49,18,30,49,24,18,18,41,16,22,17,139,12,46,46,23,22,56,25,18,48,22,27,19,17,19,31,27,16,31,29,19,25,26,24,14,21,25,24,29,48,10,23,36,25,15,25,32,26,22,28,38,15,21,59,24,48,35,44,50,40,17,49,24,23,22,41,22,23,29,23,75,24,14,21,41,41,14,112,24,22,39,62,32,31,28,14,22,42,36,24,12,25,46,29,20,41,17,21,44,29,24,0,10,23,48,25,25,26,89,30,12,21,28,21,38,26,41,23,21,39,24,22,44,49,24,25,14,20,25,41,94,42,27,21,31,41,17,37,21,30,25,38,20,25,41,14,33,23,29,26,32,42,39,42,24,21,23,54,32,26,24,19,34,25,25,60,35,17,28,16,25,22,22,23,22,14,23,12,29,16,17,21,42,34,25,21,21,12,29,22,29,21,26,26,22,25,17,111,16,37,24,23,35,32,32,20,13,15,20,22,29,20,22,23,27,22,20,20,35,20,23,24,42,22,25,16,91,23,24,25,24,25,23
18,97,37,34,18,21,28,32,41,19,12,36,29,17,44,27,38,22,15,19,10,36,14,30,18,40,47,13,11,25,16,17,14,18,64,15,11,29,41,18,49,15,11,49,23,17,16,18,17,16,11,35,23,58,38,46,22,26,45,14,10,35,35,15,31,65,14,15,31,7,18,15,25,15,34,34,33,13,67,22,18,30,12,16,23,30,31,52,14,23,13,15,17,23,13,41,13,59,10,32,17,38,21,12,73,78,15,52,52,19,29,22,16,10,16,50,21,35,49,16,26,7,38,14,13,14,142,16,55,52,16,29,55,23,17,48,21,23,13,18,21,30,31,16,29,36,18,16,18,24,22,25,29,17,31,55,7,30,32,16,24,17,31,19,18,35,45,10,18,61,25,44,33,40,49,49,15,41,18,16,19,44,15,31,30,33,67,18,16,23,42,47,6,109,21,16,40,60,28,30,26,12,27,38,37,17,23,17,51,30,18,44,20,24,42,39,20,10,0,19,55,28,20,22,92,32,16,24,29,21,38,26,44,15,12,41,32,15,47,46,27,16,15,21,26,37,95,44,24,33,32,39,17,44,27,35,15,38,23,31,39,12,34,17,34,42,35,35,39,34,36,28,18,52,27,26,18,16,30,29,16,57,29,20,21,12,17,15,18,20,17,19,17,5,30,12,16,15,48,37,25,18,23,13,28,17,33,17,19,27,18,28,14,112,12,43,17,18,37,31,25,19,22,9,18,23,27,24,17,21,26,16,16,16,34,13,17,21,44,15,29,16,91,19,26,15,18,25,15
17,95,39,36,17,15,34,32,37,21,15,43,26,7,41,19,37,22,15,13,14,42,16,33,13,38,45,6,16,22,17,14,11,17,69,17,22,30,48,2,49,16,12,47,20,16,15,1,16,16,13,39,26,55,37,45,18,20,42,18,21,39,46,17,27,67,6,25,24,15,15,16,28,18,37,39,37,5,64,15,17,20,16,17,29,19,33,50,16,17,14,16,19,21,15,41,17,59,17,29,16,39,24,15,71,75,15,51,48,2,31,22,18,14,15,49,20,35,47,15,21,14,40,16,14,16,139,20,56,49,16,21,59,33,18,41,24,26,16,16,16,30,28,16,30,34,21,15,16,21,25,28,20,17,24,56,24,22,31,15,25,16,33,12,16,32,47,13,15,57,21,52,28,38,46,47,16,49,15,11,10,48,13,22,28,39,69,10,17,21,41,43,16,109,8,9,36,62,30,35,28,17,27,38,36,17,24,16,46,35,17,45,29,32,42,39,19,23,19,0,59,25,15,14,91,24,17,32,39,18,39,35,38,15,12,36,28,24,41,53,22,18,22,37,32,40,95,41,31,22,24,36,24,39,26,28,18,39,19,36,42,16,34,17,37,45,34,44,40,45,33,30,17,55,30,18,14,8,26,36,33,55,41,24,33,15,16,19,16,15,6,20,4,16,25,18,17,14,47,32,15,19,22,16,30,7,32,29,13,21,16,33,21,111,20,44,16,17,44,32,26,16,19,14,9,18,21,21,12,19,22,18,9,19,38,16,16,4,38,17,27,15,91,22,27,33,7,25,14
58,99,56,61,53,56,58,59,63,54,55,60,60,49,56,58,62,59,47,55,55,64,54,58,55,60,60,53,55,56,55,52,58,56,68,55,58,60,58,55,54,56,56,50,54,52,51,58,54,55,53,52,57,62,60,61,59,57,54,55,51,47,53,55,50,53,54,52,62,50,55,54,55,53,61,62,61,57,71,46,55,56,53,55,59,56,55,59,53,46,52,55,55,55,52,57,54,52,55,56,54,55,59,49,68,75,56,62,54,58,59,61,54,52,51,66,60,57,59,55,55,55,58,49,55,54,147,47,61,60,52,61,50,58,56,53,55,58,57,54,55,60,60,50,62,61,57,60,55,50,54,55,49,56,56,58,60,56,55,55,47,54,60,55,54,50,51,52,56,68,52,51,62,58,57,59,53,62,54,58,54,47,56,58,61,60,79,53,52,50,57,59,52,114,54,54,66,67,61,56,51,54,61,63,64,56,49,54,63,61,49,56,58,53,60,58,58,48,55,59,0,61,55,53,97,55,54,58,57,50,55,60,58,56,55,58,58,54,63,56,57,56,52,57,57,54,98,61,60,60,55,55,58,58,53,57,55,55,48,61,61,54,53,56,54,61,58,57,56,56,58,51,54,59,61,55,54,56,56,59,59,53,57,54,59,49,54,53,54,58,56,44,57,58,55,53,54,54,56,62,59,57,58,50,59,54,56,63,54,53,54,59,59,80,58,58,57,55,57,57,60,56,53,55,57,55,57,58,55,55,49,52,56,58,53,56,56,58,62,55,55,58,43,46,56,59,59,57,56
29,98,40,30,22,7,18,31,40,21,21,35,28,20,25,21,23,18,28,22,30,31,30,29,27,38,44,21,12,26,25,29,17,28,67,26,26,28,39,14,44,27,19,39,28,21,24,14,26,25,28,33,20,56,21,26,20,9,43,28,30,32,44,25,21,62,21,28,32,27,27,27,26,22,30,34,31,26,58,18,25,8,27,27,18,20,20,48,27,23,27,23,12,15,23,36,28,60,29,27,27,36,15,29,68,71,23,46,45,23,18,25,27,28,22,44,24,24,35,26,8,23,41,28,26,25,137,24,55,56,25,32,58,26,28,32,30,24,30,27,18,23,26,30,19,30,14,29,28,25,31,9,17,24,19,59,30,5,24,22,29,26,33,26,29,32,39,28,13,49,17,51,32,34,42,41,28,53,25,21,22,45,29,20,30,28,65,16,31,14,29,41,29,111,19,22,42,57,27,35,16,32,24,37,38,24,27,27,47,38,13,43,18,20,27,23,12,25,28,25,61,0,26,26,82,33,16,14,29,17,31,21,33,18,24,31,23,28,44,45,32,27,27,31,34,30,83,45,17,20,18,36,27,45,19,24,28,31,18,37,39,30,17,26,34,42,30,37,29,38,19,25,27,60,18,25,23,14,8,34,31,56,36,23,28,31,27,23,29,15,16,31,27,26,25,31,30,27,43,22,24,16,11,10,17,12,30,31,34,21,28,22,32,97,30,27,23,29,42,22,13,29,21,29,19,24,25,19,16,19,30,25,24,28,30,26,27,15,46,27,22,17,76,27,21,30,14,22,29
16,100,40,32,12,13,38,29,36,16,4,46,32,17,38,24,38,19,10,6,16,39,13,33,11,38,39,7,10,21,12,20,3,15,68,12,18,31,41,9,49,10,6,47,20,8,16,12,14,12,13,31,25,50,36,43,19,24,47,15,16,31,42,11,24,67,6,24,33,9,11,13,29,16,30,32,30,8,62,23,12,20,12,13,22,22,27,46,17,19,11,11,10,11,16,40,14,59,15,28,13,38,23,17,69,75,11,55,44,18,26,25,14,10,13,48,18,32,49,12,15,11,39,14,14,10,141,8,56,43,12,27,53,27,12,44,23,24,16,16,11,27,33,18,25,32,11,10,14,20,25,31,17,13,25,55,25,29,31,14,24,14,36,18,12,30,43,13,9,55,20,50,35,40,48,42,15,49,13,6,15,52,16,18,27,32,68,17,11,23,35,44,17,106,10,6,39,60,26,31,35,10,16,38,34,13,24,13,42,33,11,43,29,34,45,37,13,25,20,15,55,26,0,19,86,28,7,28,34,17,36,31,43,13,3,40,19,24,40,51,20,13,19,36,30,42,90,43,26,34,30,38,23,37,16,32,13,36,15,40,39,10,37,14,37,44,28,41,35,40,35,29,12,59,36,13,11,4,29,40,29,55,31,23,32,17,13,11,15,14,17,22,13,18,26,13,17,15,44,33,22,15,18,7,32,13,24,29,16,26,11,32,22,105,22,44,14,19,43,33,31,15,10,9,10,16,25,10,18,18,18,14,5,17,36,14,10,14,39,12,16,19,87,17,24,32,8,24,13
21,95,40,31,21,21,35,32,40,18,18,48,31,16,39,31,40,25,14,17,20,38,21,30,18,37,45,17,18,25,19,17,17,23,68,21,21,35,47,14,47,16,17,51,25,18,19,13,23,19,21,39,27,60,30,41,22,25,50,22,15,39,45,19,24,71,16,26,33,17,19,20,29,16,37,39,37,17,61,14,20,24,18,20,25,24,33,54,19,17,17,18,21,21,22,41,18,62,19,33,23,43,23,17,76,74,19,57,52,19,32,30,22,17,19,49,20,31,48,22,17,16,35,18,20,19,143,20,56,51,19,20,62,34,21,44,23,27,19,22,17,30,33,17,35,31,20,20,22,17,20,29,22,21,26,56,23,27,35,15,25,23,37,18,19,30,46,22,12,59,19,55,38,42,46,45,19,51,19,13,18,50,18,22,33,35,69,16,20,20,42,47,20,108,18,17,40,64,30,32,33,21,31,39,32,21,23,21,44,35,17,47,25,37,45,39,24,26,22,14,53,26,19,0,94,30,22,38,35,14,37,33,43,19,19,42,29,26,43,51,18,22,20,31,29,43,97,45,33,34,27,40,19,32,22,33,22,37,22,38,37,21,35,17,45,45,35,40,42,45,34,30,21,56,33,23,19,15,29,38,29,54,45,21,35,15,21,18,19,17,17,15,16,20,27,23,23,17,48,31,24,16,24,18,31,18,31,31,17,23,19,29,21,114,18,47,18,21,44,40,29,20,24,21,19,20,31,24,17,19,22,18,17,25,44,19,20,18,38,20,23,25,96,15,25,28,16,29,19
92,108,89,87,93,73,89,75,92,89,90,87,83,90,77,64,78,89,91,84,93,88,92,92,93,101,102,90,86,89,93,94,89,91,92,91,97,85,71,93,97,91,87,94,91,90,93,90,93,94,92,73,94,81,93,84,89,92,91,94,93,86,84,91,94,93,90,90,82,90,88,90,87,90,75,75,74,90,87,91,93,84,91,91,91,87,83,89,92,90,90,92,93,86,91,92,92,93,93,82,93,68,92,92,103,93,91,104,93,90,84,94,94,91,90,91,90,91,86,92,91,88,100,92,91,91,127,90,72,81,90,97,86,71,94,80,94,86,91,94,83,81,90,90,82,81,90,91,93,91,89,85,93,93,91,93,88,86,77,93,89,93,78,87,92,90,85,93,86,88,90,88,88,86,84,88,92,93,92,93,88,87,92,92,88,75,99,90,93,95,90,89,91,98,90,90,85,97,77,70,82,92,84,100,97,93,90,93,101,76,95,86,92,86,74,93,90,89,92,91,97,82,86,94,0,87,91,88,90,92,88,82,91,90,89,78,93,92,95,96,97,94,88,92,94,93,97,96,72,80,86,67,91,91,94,83,94,88,93,94,94,93,93,90,75,90,84,97,81,60,82,76,92,83,88,93,92,90,89,93,94,92,89,91,94,89,93,90,92,90,87,91,89,90,69,94,94,93,96,86,88,90,76,81,79,92,89,96,93,89,92,79,94,111,90,71,93,90,83,83,89,91,94,91,92,90,64,91,91,90,86,96,90,96,88,92,91,92,103,92,90,70,89,89,79,95,93,63,93
32,102,34,24,32,24,25,25,33,26,26,46,31,30,43,23,13,30,29,27,33,31,32,39,29,46,46,28,24,30,32,33,30,27,68,28,31,35,46,27,51,29,24,39,35,23,32,22,30,30,30,15,28,55,33,44,28,28,47,33,33,41,49,28,34,65,27,35,36,29,28,29,22,28,9,11,9,26,54,34,28,17,31,28,33,33,27,49,29,30,31,30,31,32,32,38,29,59,33,11,30,41,27,30,67,81,30,49,46,31,32,35,33,30,28,19,25,33,44,29,29,28,45,32,30,30,145,27,52,38,28,33,54,20,33,46,35,21,27,33,31,1,32,28,28,20,31,31,31,30,34,19,32,32,34,57,32,32,7,28,26,30,33,28,31,29,42,29,21,62,33,54,32,37,47,32,32,45,29,28,31,47,24,30,25,15,74,26,30,30,37,41,30,105,27,28,34,68,1,24,31,30,26,42,44,32,38,30,47,6,33,15,37,26,42,42,26,30,32,24,55,33,28,30,87,0,34,22,39,32,26,36,11,25,27,9,36,32,45,53,34,32,29,37,40,43,96,45,29,29,14,23,33,38,34,4,32,26,33,36,33,31,28,29,15,42,28,43,28,24,33,30,31,58,25,26,31,28,29,36,36,53,37,31,37,31,30,28,31,26,28,30,25,30,5,34,31,32,24,23,25,29,29,28,27,23,33,37,36,30,31,29,36,111,28,38,31,33,39,37,23,31,29,30,30,32,30,31,22,27,27,34,28,34,41,30,30,27,45,31,30,24,92,30,29,35,25,6,32
23,101,43,31,18,19,33,31,37,20,11,45,33,16,32,28,39,13,20,12,17,39,23,35,16,41,46,12,11,16,25,24,17,22,70,20,22,28,43,19,46,19,16,40,18,15,21,21,22,10,20,35,20,55,34,38,18,26,40,22,22,32,43,20,22,64,13,19,31,23,13,20,24,19,33,39,33,14,68,8,19,24,20,20,23,25,24,44,20,8,17,22,12,11,17,43,21,58,19,27,22,38,13,21,67,73,19,55,41,19,28,22,24,18,11,51,19,34,48,23,21,19,43,20,20,21,138,13,57,46,22,26,53,28,20,50,29,26,21,24,10,29,28,20,24,37,6,20,22,15,24,27,16,21,25,55,17,17,35,13,23,22,31,18,22,32,40,16,13,57,20,45,35,42,48,40,20,50,20,8,15,49,22,20,32,36,65,18,23,9,37,40,14,110,22,16,43,58,34,31,24,23,20,42,37,21,22,22,48,32,10,46,25,19,45,22,10,12,16,17,54,16,7,22,91,34,0,17,32,8,38,35,40,16,18,39,18,19,47,52,24,22,17,36,30,28,97,46,18,24,32,37,20,42,16,29,23,38,17,28,40,21,21,22,41,45,27,44,44,39,26,21,24,52,34,22,22,16,17,28,30,57,32,15,33,17,22,18,22,18,22,21,16,14,30,21,22,24,42,34,19,24,14,12,31,21,16,24,16,17,22,27,16,114,19,41,21,20,34,25,26,24,14,20,19,15,23,7,21,21,19,23,18,25,31,19,24,14,41,22,19,22,94,10,21,26,12,31,20
35,95,36,28,36,27,20,24,41,34,30,40,35,28,39,33,33,22,24,27,26,36,30,36,32,40,39,26,29,24,33,33,28,31,61,30,30,16,35,32,46,29,30,47,18,33,32,22,32,22,28,30,31,41,10,24,32,30,42,34,34,40,44,30,18,63,26,28,19,33,28,31,16,33,33,29,34,31,63,18,32,13,31,31,22,27,22,48,27,18,35,33,27,26,30,37,32,60,30,27,32,35,27,30,64,69,31,40,50,28,19,28,33,31,28,50,18,33,40,31,32,31,42,27,33,31,137,15,51,46,30,38,49,23,33,25,33,33,26,36,18,27,17,26,25,36,25,34,33,30,28,14,25,34,31,49,25,16,31,28,25,32,31,31,31,32,35,23,24,53,19,51,33,41,38,24,29,55,35,24,30,40,32,30,37,34,61,36,35,19,42,47,28,103,33,31,37,51,22,23,16,32,28,39,42,34,24,32,45,17,23,42,32,3,30,18,26,21,24,32,58,14,28,38,88,22,17,0,29,18,30,32,35,28,25,33,26,35,46,53,39,34,34,27,31,38,92,47,32,13,24,28,30,39,20,19,33,30,30,35,41,32,24,30,33,35,26,39,36,29,9,28,34,61,29,35,29,27,21,36,32,56,30,27,38,31,32,31,29,25,28,23,30,27,27,30,28,34,48,27,35,28,21,26,27,33,30,30,27,21,29,30,34,110,23,12,26,32,11,24,20,34,22,27,30,25,28,20,34,29,27,38,27,35,23,29,32,23,37,29,20,24,83,28,26,32,24,24,33
36,95,43,34,34,29,43,28,34,30,35,49,41,36,41,36,37,33,30,37,34,34,29,30,31,43,45,32,36,38,29,35,36,33,65,33,30,29,48,35,40,31,31,46,26,36,31,39,33,36,29,41,27,63,32,41,30,36,44,33,30,37,46,33,33,67,32,33,20,22,26,34,29,37,37,39,37,32,72,33,36,26,31,33,30,21,24,56,31,32,32,29,33,31,31,42,29,60,31,35,33,43,30,31,68,74,33,65,47,37,26,31,33,31,35,46,28,33,40,34,38,29,36,33,33,35,148,37,59,57,32,36,62,31,32,40,29,38,32,33,27,37,35,32,35,32,33,35,34,31,23,24,35,34,31,57,25,29,36,34,33,33,33,38,32,36,43,30,35,68,38,53,40,41,55,47,29,46,33,38,33,52,32,32,38,39,73,35,30,35,39,45,25,113,34,33,38,67,37,32,31,33,28,38,39,34,34,33,55,37,32,49,27,35,48,36,34,28,29,39,57,29,34,35,90,39,32,29,0,33,36,29,43,37,38,44,35,30,47,43,32,32,29,31,38,32,93,44,25,31,37,34,27,47,34,33,32,36,34,34,41,31,33,33,34,33,32,41,40,46,38,35,31,67,34,35,33,37,28,35,33,61,38,27,41,30,33,35,32,36,34,30,36,26,38,31,31,31,51,38,40,35,32,27,32,35,39,39,36,39,32,31,34,111,33,42,37,30,45,27,33,33,35,33,37,37,40,35,35,40,37,36,36,34,25,30,33,38,44,33,37,28,96,34,40,35,36,38,36
23,95,40,35,19,12,32,24,35,21,17,46,28,5,33,29,36,13,19,21,24,31,21,29,15,40,42,8,13,25,20,21,17,23,68,24,17,34,50,20,37,22,18,50,13,14,17,13,24,15,24,39,22,52,19,33,18,22,49,25,17,38,49,24,12,68,7,17,24,23,15,24,14,16,40,42,40,18,47,1,19,23,20,21,28,13,32,48,21,1,22,24,18,19,18,41,23,59,18,26,24,40,8,19,68,68,23,44,50,20,15,23,26,24,6,46,17,36,48,24,14,21,34,17,23,22,131,11,58,45,23,23,53,25,25,36,25,31,24,24,11,32,24,19,17,35,5,13,24,7,22,13,9,25,14,55,26,11,31,5,25,24,29,10,24,18,38,24,6,52,5,52,35,42,42,38,19,52,24,5,16,46,22,19,32,41,66,9,23,5,39,41,25,110,16,17,43,45,32,32,22,21,19,40,35,25,23,23,44,25,19,40,32,26,32,22,6,21,21,18,50,17,17,14,92,32,8,18,33,0,27,35,37,6,18,37,22,20,44,51,17,25,19,39,26,29,92,38,25,23,31,35,18,41,11,23,25,27,10,35,28,23,18,22,38,39,34,44,46,46,27,30,24,55,20,21,23,14,15,40,18,60,33,23,27,22,23,12,24,9,16,21,18,24,25,19,18,25,46,31,21,7,27,17,25,14,26,29,10,9,24,32,28,111,24,40,18,17,41,29,16,25,17,23,15,21,33,13,15,13,10,18,19,26,36,23,21,5,36,23,12,12,95,10,20,34,10,32,20
38,99,39,37,40,35,22,37,40,39,36,36,33,33,28,37,17,34,35,40,42,39,34,42,39,37,44,38,40,35,35,42,34,37,58,38,41,33,50,38,46,38,37,47,37,35,38,32,38,19,37,17,38,52,35,22,39,39,41,40,38,43,51,38,32,63,38,42,33,38,37,39,37,41,18,16,18,39,44,27,40,29,37,34,38,32,37,50,38,26,38,39,37,35,38,37,36,62,39,10,37,37,38,38,65,64,39,53,50,31,19,30,41,35,35,21,37,32,44,38,27,37,44,32,38,39,145,38,41,40,39,38,57,31,40,39,41,38,40,42,35,26,29,39,33,17,40,39,39,35,38,29,30,39,27,57,38,34,27,27,31,38,28,34,39,34,46,37,33,57,29,56,32,31,40,43,39,54,38,34,34,47,39,26,38,20,66,35,40,16,42,47,40,102,36,34,29,52,25,33,19,34,44,40,36,39,44,38,47,26,35,20,34,31,41,34,40,38,38,39,55,31,36,37,88,26,38,30,36,27,0,33,17,27,33,15,35,43,43,54,39,41,35,37,43,41,89,42,37,30,7,33,37,39,31,24,41,0,28,39,37,38,32,38,20,43,27,41,23,45,19,35,39,59,23,35,37,34,36,37,40,54,38,42,41,40,38,37,39,35,31,39,35,41,12,41,39,39,34,28,38,29,32,32,28,27,34,43,37,29,38,35,44,108,39,37,32,38,33,43,26,39,35,38,29,28,35,39,34,36,30,35,29,41,41,38,35,27,38,38,34,29,90,36,36,43,27,24,37
34,91,40,34,29,24,38,33,38,29,34,41,31,33,44,32,34,21,31,30,35,35,34,37,33,39,43,32,31,33,32,30,32,33,66,33,25,36,40,31,42,31,32,38,32,27,31,33,33,34,28,29,27,56,32,40,30,36,37,34,29,27,45,33,37,74,32,24,31,28,32,30,28,24,36,36,36,32,64,34,34,22,30,33,38,29,28,51,32,32,31,30,28,26,30,39,31,59,27,32,33,32,25,27,69,75,33,60,50,35,32,29,36,29,30,50,33,34,34,34,33,30,45,26,33,30,147,23,44,53,31,39,50,28,31,34,28,30,32,30,32,34,37,24,27,43,26,39,35,32,27,28,33,35,35,54,24,22,34,35,31,33,35,37,32,37,39,33,27,58,35,37,32,42,48,40,27,46,34,36,33,39,33,36,34,26,70,32,33,32,37,43,31,108,34,32,42,63,29,29,33,27,34,38,29,35,26,33,55,37,33,45,19,32,47,32,32,26,26,35,60,21,31,33,82,36,35,32,29,35,33,0,40,27,32,40,37,24,41,35,35,34,30,29,29,39,91,44,31,26,36,35,26,40,31,37,33,38,34,25,42,32,34,32,33,28,26,40,33,37,35,29,33,51,26,33,30,31,31,23,30,59,29,26,25,29,33,28,30,31,28,32,32,27,34,28,30,26,40,32,35,24,26,25,31,33,32,25,29,33,30,30,29,109,20,41,34,24,31,26,33,25,24,26,32,35,37,37,31,32,35,31,30,35,33,31,32,34,41,35,39,29,91,35,30,34,33,33,35
42,109,38,32,42,35,39,42,46,35,43,41,42,42,36,38,14,40,41,40,38,38,43,52,39,48,46,31,41,41,43,44,35,41,62,41,42,34,47,39,52,39,41,31,45,42,43,38,43,44,40,27,45,60,42,51,40,37,43,42,44,36,41,41,39,66,32,45,40,40,43,40,43,34,13,15,14,42,55,39,43,36,40,41,44,43,43,47,37,42,40,41,41,39,40,46,39,55,38,26,43,37,41,40,69,70,41,50,54,43,33,39,42,42,43,32,29,42,40,42,36,41,50,43,39,40,149,36,50,40,39,47,53,32,42,43,47,40,41,43,38,10,25,43,41,21,38,41,42,41,45,27,40,41,40,61,40,38,36,43,42,43,27,42,42,37,46,42,36,64,38,53,41,38,48,31,40,57,42,42,39,47,40,37,35,30,75,40,43,37,24,43,43,104,39,40,41,65,11,35,42,43,40,48,46,41,41,43,53,12,42,14,43,32,49,38,39,41,44,38,58,33,43,43,91,11,40,35,43,37,17,40,0,40,41,2,45,45,51,54,47,42,42,39,42,28,91,50,34,38,23,32,45,39,46,16,42,26,43,48,36,42,36,40,15,45,38,47,17,34,39,42,41,61,43,41,42,39,35,48,45,50,39,41,48,41,43,38,42,38,40,37,41,37,25,45,38,39,31,35,42,36,36,41,39,40,37,37,46,37,42,36,49,112,40,45,41,44,45,42,31,40,43,41,39,45,34,41,39,40,39,44,38,44,34,41,42,43,50,40,41,36,76,39,37,38,41,16,41
19,92,36,28,18,19,34,30,33,12,9,40,30,10,43,24,37,23,18,7,18,35,17,34,17,37,43,9,16,20,19,19,10,12,69,18,18,25,48,12,49,16,9,51,16,14,17,14,18,6,17,37,26,59,21,29,18,12,48,20,13,38,48,17,12,65,9,25,33,15,17,17,30,20,32,35,32,15,62,12,19,22,19,18,29,25,29,48,19,6,19,18,14,14,16,36,19,59,20,27,17,42,20,18,71,74,16,46,46,7,22,18,17,17,11,46,21,30,47,18,14,13,35,20,17,16,137,10,56,51,16,23,59,35,19,43,22,16,20,18,8,24,31,19,26,29,13,11,17,14,22,27,18,18,24,56,24,12,33,13,23,18,29,13,19,26,45,17,15,47,20,53,30,39,49,44,18,48,17,13,10,52,19,26,24,37,69,6,19,8,39,44,15,104,5,9,34,61,28,35,20,15,25,34,32,18,27,17,41,31,8,39,27,27,42,27,16,23,15,15,56,18,13,19,90,25,16,28,37,6,27,27,40,0,11,38,15,20,39,54,18,18,19,34,31,34,88,42,17,30,25,33,25,38,18,30,18,27,7,38,29,15,20,18,39,46,28,42,37,44,35,23,18,55,35,21,17,11,16,38,31,55,34,19,31,18,17,4,18,12,8,23,14,18,21,18,20,17,44,30,18,12,15,7,24,10,28,28,13,9,17,31,18,106,16,43,13,19,36,28,28,19,17,15,2,8,21,18,5,11,17,19,8,20,31,17,17,1,39,17,16,20,91,10,20,30,8,26,16
16,97,38,27,16,12,30,31,32,15,3,44,32,20,41,24,34,24,12,5,18,37,15,33,10,40,44,1,9,10,16,15,8,13,67,16,15,32,39,14,49,13,1,46,23,10,18,14,16,14,16,39,24,55,31,40,21,22,44,19,17,30,44,15,30,71,2,17,39,14,13,13,24,13,31,32,32,16,63,22,14,25,10,14,26,28,32,40,17,21,16,15,18,15,18,40,14,61,14,27,17,43,21,15,72,78,14,55,45,12,32,21,18,15,12,49,13,33,46,16,14,6,40,14,15,14,136,8,50,48,14,23,47,24,19,45,22,23,15,18,11,22,29,15,25,22,15,18,19,17,26,24,11,17,19,54,18,17,28,10,26,16,38,12,15,29,39,14,7,58,25,47,32,38,45,42,16,50,16,13,17,45,17,17,24,31,67,12,17,17,33,41,13,103,9,9,36,60,25,26,30,14,19,38,35,17,22,18,47,29,10,41,27,29,43,33,17,21,12,12,55,24,3,19,89,27,18,25,38,18,33,32,41,11,0,39,28,20,41,50,22,16,19,31,29,44,93,39,28,28,26,36,20,41,12,31,16,37,18,36,39,15,30,13,35,45,26,38,37,41,34,28,15,56,33,20,15,3,28,36,25,51,37,20,26,17,17,8,17,12,10,24,4,16,23,14,14,15,42,32,21,17,18,6,31,5,27,25,16,21,17,30,22,112,15,42,12,19,40,33,23,14,10,17,9,14,25,18,13,14,22,16,15,18,34,15,13,14,40,14,18,16,91,18,21,29,8,26,18
40,100,31,36,40,35,37,40,44,36,38,43,36,42,39,38,15,38,41,39,36,39,41,50,39,44,47,36,39,40,41,42,38,41,64,39,42,34,49,37,57,37,38,47,43,37,41,36,41,40,38,30,42,57,42,39,38,40,43,40,41,31,44,39,37,72,35,43,39,41,41,38,41,27,12,13,12,40,55,35,41,34,38,39,42,42,40,49,35,32,38,39,38,39,38,38,37,61,36,24,41,31,41,38,70,75,40,59,55,37,31,39,40,40,38,23,41,42,46,40,34,39,45,40,37,39,148,37,42,39,37,42,53,30,40,47,41,40,39,41,34,8,32,41,39,29,32,39,40,39,43,36,37,39,35,54,39,36,34,40,38,41,31,40,40,37,45,40,34,64,36,51,37,32,45,27,38,52,40,40,37,49,38,35,33,27,75,38,41,31,37,43,41,99,37,38,39,66,9,28,37,41,38,43,45,39,38,41,55,13,38,13,45,35,45,46,35,39,41,36,58,31,40,42,78,9,39,33,44,37,15,40,2,38,39,0,46,43,45,46,45,40,39,38,44,28,85,51,41,34,13,26,42,38,38,11,40,15,40,44,37,40,36,38,17,39,40,43,25,32,35,40,39,59,39,38,40,37,33,44,45,54,24,39,45,41,41,38,40,38,35,35,39,35,13,43,36,37,31,31,35,34,36,39,38,38,34,35,44,29,40,43,43,111,37,44,39,42,46,36,37,40,37,39,37,43,34,39,37,37,39,42,36,42,38,39,39,39,48,38,41,34,80,37,42,41,37,15,39
29,104,44,36,29,23,40,28,39,30,23,46,37,24,35,25,43,19,31,23,29,38,23,34,27,39,43,28,23,22,29,31,27,25,74,29,28,38,50,30,48,27,28,54,21,29,28,21,30,17,27,41,30,57,32,39,24,30,45,31,27,41,51,29,17,68,28,32,35,31,27,30,26,31,40,33,40,26,70,25,31,18,29,29,27,28,33,51,30,18,32,29,28,23,27,43,29,66,32,32,29,38,24,30,76,78,29,60,48,24,35,13,26,28,27,51,22,32,50,29,24,29,42,30,27,28,136,23,60,54,31,26,53,37,26,43,27,30,30,27,23,29,35,33,32,33,23,28,29,18,30,19,18,28,25,58,27,31,36,24,28,30,41,18,29,32,45,30,23,62,26,53,38,40,49,43,29,53,29,18,28,51,30,27,36,41,75,27,29,25,33,47,28,107,26,23,44,66,33,35,28,29,27,36,34,28,34,29,47,31,20,49,29,33,40,24,22,24,32,28,58,23,19,29,93,36,18,26,35,22,35,37,45,15,28,46,0,29,41,52,28,29,27,35,35,38,97,45,25,30,34,37,32,46,15,39,29,31,14,40,40,29,34,29,40,49,38,40,42,45,37,32,28,59,37,26,29,23,31,40,32,60,34,31,33,31,29,29,29,24,26,29,22,31,32,31,30,30,49,40,26,23,26,25,18,18,24,32,32,26,28,38,34,108,31,45,20,33,42,26,34,32,26,27,22,21,23,25,23,20,30,31,20,29,37,28,26,22,38,31,17,20,89,25,27,37,21,38,29
22,96,44,34,20,21,43,33,44,18,26,38,35,13,40,32,34,22,25,22,23,39,21,30,23,43,48,25,21,30,20,16,24,24,67,21,17,36,49,20,42,15,19,48,19,20,20,18,23,18,14,36,21,58,32,47,22,29,46,22,24,38,44,20,21,68,25,0,39,16,23,19,29,11,31,38,32,24,64,20,21,29,22,21,21,26,30,49,22,19,20,18,20,20,19,43,15,61,13,29,17,42,27,15,72,75,17,51,48,24,39,21,20,21,19,45,22,36,47,16,24,17,33,15,21,18,139,21,38,50,22,23,64,26,17,48,22,28,20,16,22,32,32,13,18,32,15,23,18,23,20,25,21,15,24,55,16,29,34,26,18,23,41,22,22,35,49,17,18,60,21,49,31,44,44,45,19,39,16,22,21,52,22,25,26,36,67,19,23,21,41,41,15,110,24,22,35,59,29,33,39,22,33,41,39,15,8,17,44,33,19,48,15,38,47,20,13,22,15,24,54,28,24,26,92,32,19,35,30,20,43,24,45,20,20,43,29,0,45,46,20,20,24,15,30,40,91,40,25,35,37,39,9,44,20,33,21,42,19,23,40,21,35,20,39,22,37,39,42,40,27,30,16,57,27,23,18,26,33,22,26,63,26,14,32,17,22,21,22,22,18,17,24,15,32,12,10,21,52,36,29,16,25,25,25,22,34,22,20,29,20,36,18,108,15,45,25,16,41,29,18,15,21,22,25,23,35,29,22,24,24,17,25,17,29,17,20,24,34,19,22,20,88,18,31,28,18,33,23
43,105,43,42,42,44,46,46,40,43,42,55,48,47,50,47,39,46,42,42,46,44,37,50,45,8,12,42,43,42,43,43,40,43,78,42,36,44,54,42,49,41,42,60,42,42,43,40,42,42,46,44,47,69,43,50,44,41,50,45,42,45,51,42,48,72,42,45,47,45,43,42,44,45,35,35,35,41,80,42,44,41,42,41,49,47,44,62,42,41,37,41,38,36,44,48,42,68,46,44,40,51,46,43,74,90,42,65,58,42,46,33,39,43,46,58,45,35,49,42,43,41,14,40,42,42,148,45,62,56,41,23,67,40,35,52,42,45,46,32,46,44,49,45,48,45,46,45,40,46,42,43,47,42,40,61,46,41,45,43,43,42,44,43,43,43,54,41,43,70,46,54,44,47,54,57,43,60,40,46,43,57,42,48,44,45,80,43,42,44,46,50,41,115,44,42,46,70,45,47,40,39,43,20,12,42,48,40,38,43,42,43,39,44,58,33,46,44,47,41,63,44,40,43,95,45,47,46,47,44,43,41,51,39,41,45,41,45,0,54,39,39,40,45,40,46,98,2,42,45,48,46,40,47,35,47,39,40,45,45,48,42,51,42,46,46,48,45,53,47,48,44,42,63,45,39,41,41,48,45,44,64,45,43,45,43,43,45,43,44,44,47,42,47,46,47,45,41,54,43,40,43,47,43,49,43,48,50,48,46,42,41,50,112,47,50,41,44,49,43,49,46,44,44,42,42,47,45,45,45,42,36,40,41,50,43,40,44,8,42,38,45,97,47,44,47,43,47,44
46,104,49,49,42,50,46,53,54,38,50,48,52,47,45,46,50,37,43,46,47,54,50,48,50,51,60,50,50,53,46,48,50,48,77,45,45,53,48,47,46,47,49,54,42,50,44,53,46,53,45,54,43,62,53,40,51,55,52,50,48,31,33,45,42,69,50,46,42,41,49,47,51,44,52,50,52,51,68,50,45,53,46,44,52,49,45,52,45,47,41,46,46,45,45,59,47,62,44,55,46,42,47,41,74,78,49,43,47,52,46,52,50,49,42,54,51,48,51,45,48,50,41,45,45,49,134,48,62,52,46,54,57,43,50,38,47,52,48,47,50,55,51,48,48,60,47,52,47,51,48,47,37,49,46,59,43,48,51,53,44,46,48,54,44,52,52,50,50,53,53,45,56,55,50,49,45,53,48,54,51,50,47,50,55,47,59,50,47,50,52,55,51,109,53,51,57,56,56,46,39,50,52,50,51,49,50,46,64,54,44,47,46,50,54,48,44,49,46,53,56,45,51,51,96,53,52,53,43,51,54,35,54,54,50,46,52,46,54,0,49,50,49,32,47,41,97,52,43,56,53,53,45,53,40,55,50,51,46,38,54,50,32,47,52,47,56,34,59,43,55,51,45,67,42,49,47,52,45,35,38,65,52,49,26,43,46,49,44,53,51,45,51,47,52,44,45,47,54,54,52,48,46,43,44,52,51,44,49,42,44,49,56,118,43,43,52,48,41,50,44,45,37,45,52,53,56,45,52,51,48,49,52,48,43,45,45,53,45,46,44,42,91,51,52,53,53,53,46
25,93,43,37,19,25,39,38,39,24,18,48,38,25,44,35,43,27,21,20,21,41,15,28,23,37,39,22,23,26,19,21,21,25,75,26,23,39,52,22,49,21,20,55,29,27,27,21,24,17,26,41,17,63,37,43,22,32,51,24,28,40,43,22,29,70,22,20,43,20,21,25,31,15,40,42,40,21,69,17,24,31,25,24,29,34,34,57,20,17,25,21,26,26,23,47,19,69,28,30,22,46,25,25,72,80,20,59,56,20,37,20,20,18,23,46,23,29,47,21,26,15,35,24,26,21,143,23,60,57,25,16,67,37,17,51,19,30,21,19,24,35,35,19,35,37,22,22,22,25,19,33,30,18,30,58,21,29,40,22,23,24,41,16,19,36,52,16,23,64,24,57,35,43,53,46,17,55,23,23,22,54,24,31,36,42,75,23,23,24,40,51,28,110,19,21,38,66,36,34,37,22,32,34,28,18,25,21,38,35,24,46,27,41,51,37,25,24,27,22,57,32,20,18,97,34,24,39,32,17,39,35,47,18,22,45,28,20,39,49,0,18,13,36,35,44,98,43,36,35,36,45,28,42,27,35,18,38,24,37,43,22,42,26,47,43,42,43,45,46,39,33,20,63,38,26,18,22,35,39,28,58,40,25,35,24,23,23,19,22,24,20,20,20,32,22,28,18,51,39,29,22,28,24,35,22,33,29,22,28,17,31,21,105,18,50,20,22,44,38,34,25,26,19,25,19,31,27,23,22,33,22,21,19,44,19,18,18,29,20,26,27,90,25,31,39,18,32,27
12,95,47,33,9,24,37,33,38,24,13,47,33,26,46,30,38,29,12,16,12,42,4,30,16,36,42,16,17,25,13,18,15,19,72,13,23,38,50,18,46,8,16,53,29,20,14,17,9,14,12,39,27,61,39,44,25,26,47,4,17,36,46,7,33,69,16,20,40,13,14,10,25,23,32,35,33,12,68,24,12,27,10,9,32,32,35,55,10,24,15,9,26,25,11,43,13,62,14,30,7,45,22,13,74,79,6,58,53,16,36,26,0,11,25,49,23,31,48,6,26,15,36,13,13,6,140,23,57,54,10,16,59,31,3,45,21,29,12,11,21,32,35,13,36,30,22,23,7,27,24,29,31,4,28,57,23,28,34,19,25,9,40,21,14,32,47,18,21,61,28,52,35,40,51,42,12,51,8,21,16,47,12,30,30,40,73,18,9,22,40,47,13,108,20,13,39,64,32,28,35,6,28,37,33,4,25,6,45,38,23,43,28,33,49,38,22,25,16,18,56,27,13,22,94,32,22,34,32,25,41,34,42,18,16,40,29,20,39,50,18,0,23,35,31,40,92,41,35,33,32,42,25,47,28,37,1,41,25,39,41,10,35,13,45,42,38,44,43,43,38,30,3,60,35,25,8,16,30,39,30,59,41,21,34,16,8,19,14,19,18,23,13,16,29,18,14,12,49,38,28,22,27,22,32,17,35,29,17,30,9,35,25,106,17,44,13,17,41,29,34,14,25,12,18,15,30,28,20,19,27,11,14,7,43,8,10,19,37,15,29,28,91,27,29,34,19,31,14
21,92,36,32,21,20,36,34,38,15,18,45,35,17,37,27,39,21,18,16,22,41,22,31,21,32,46,20,16,21,21,21,18,19,65,20,14,28,44,18,40,19,17,50,23,18,21,22,22,15,15,38,15,60,39,42,24,18,38,23,14,29,46,20,30,64,20,24,36,18,21,20,28,14,35,35,35,21,66,18,19,28,15,19,22,31,24,48,20,21,21,20,19,17,21,39,20,60,15,30,22,40,21,19,65,79,21,57,46,21,31,22,23,20,19,43,18,31,43,21,24,14,40,18,20,20,143,18,56,46,15,18,52,31,19,42,22,26,19,16,22,30,33,22,30,36,16,22,19,22,22,23,27,20,30,49,14,28,35,21,25,22,37,18,21,33,45,12,17,61,27,48,33,40,50,43,17,47,21,21,16,46,20,26,29,39,71,17,21,18,39,45,12,105,23,16,35,61,28,34,30,18,29,40,38,20,18,22,41,33,17,40,32,35,45,33,19,14,15,22,52,27,19,20,88,29,17,34,29,19,35,30,42,19,19,39,27,24,40,49,13,23,0,29,32,41,92,42,28,31,31,41,23,43,29,32,23,35,24,34,44,16,35,19,44,42,34,35,43,44,40,25,22,54,38,22,20,19,31,35,20,56,38,16,28,13,22,21,21,17,20,13,19,20,29,18,19,21,43,36,27,19,27,21,28,19,23,26,24,29,21,29,18,109,8,41,21,19,41,35,32,14,23,9,20,15,28,21,19,13,29,24,19,21,39,21,22,20,36,20,28,26,90,26,30,27,20,32,22
36,93,44,31,35,34,27,40,44,23,35,24,37,36,39,40,35,32,33,34,36,39,31,38,32,34,43,34,26,36,35,27,33,37,62,33,28,30,41,35,43,28,30,49,32,30,35,36,37,28,23,32,31,59,35,44,33,40,46,36,26,19,30,35,33,66,34,15,30,27,33,34,30,26,40,42,40,32,61,32,30,34,32,35,31,34,36,44,36,33,30,32,35,34,32,43,35,54,23,35,34,29,33,29,72,79,33,57,54,36,21,38,35,31,34,53,30,22,42,36,34,29,36,28,34,34,135,28,42,56,35,39,60,24,32,43,26,29,33,35,36,34,31,30,18,36,33,37,35,37,28,27,33,35,26,53,20,32,33,31,19,37,34,34,36,35,50,30,33,61,39,40,44,41,48,46,33,28,33,36,34,45,36,37,35,36,73,34,33,34,43,49,28,110,36,35,43,62,38,27,23,33,31,36,38,35,19,34,45,36,37,46,34,30,40,23,31,20,21,37,57,31,36,31,92,37,36,27,31,39,37,29,39,34,31,38,35,15,45,32,36,35,29,0,31,35,90,44,30,23,32,38,20,39,39,36,36,36,32,18,37,32,31,34,46,31,38,27,46,47,34,31,34,47,24,37,35,37,36,17,26,59,19,23,36,28,34,35,36,34,32,25,35,24,33,26,28,34,51,33,38,30,31,34,29,32,32,20,36,34,35,38,31,115,27,47,35,34,37,30,20,28,34,28,37,33,41,36,37,30,34,35,33,36,16,31,36,30,43,36,29,36,94,37,37,21,30,37,36
34,100,39,25,35,34,30,38,46,30,31,49,30,25,36,36,29,30,30,32,36,37,37,35,30,35,40,25,30,28,31,20,30,31,64,35,31,33,35,32,54,34,31,57,31,30,30,31,29,32,24,37,32,59,35,47,37,30,47,34,25,38,43,29,31,69,26,30,43,36,27,35,33,29,35,30,34,32,68,26,33,28,31,34,32,26,32,50,35,27,37,34,32,31,27,45,30,64,31,32,27,42,35,26,74,77,30,48,50,31,36,30,31,33,26,54,28,35,52,28,32,31,34,25,35,30,140,31,53,54,35,32,50,37,26,40,30,37,35,27,33,37,35,31,30,34,36,34,27,27,35,28,25,28,33,53,28,35,37,33,33,29,35,34,35,37,40,32,31,62,30,53,36,46,52,42,29,48,28,30,35,52,35,28,36,38,71,32,31,25,38,50,34,109,31,31,44,56,42,35,31,33,31,33,33,28,33,26,44,33,25,32,32,30,42,39,34,25,26,32,57,34,30,29,94,40,30,31,38,26,43,29,42,31,29,44,35,30,40,47,35,31,32,31,0,38,99,35,34,33,37,38,32,39,25,37,30,35,29,32,35,32,35,31,44,42,39,37,45,37,39,34,27,63,35,29,35,31,33,32,28,59,44,30,31,28,28,33,35,32,28,22,32,26,36,30,33,33,52,28,39,29,29,30,35,35,30,33,30,30,29,33,38,108,35,45,28,31,29,34,30,28,17,23,29,31,33,18,31,36,33,27,35,34,28,34,32,33,38,36,33,33,92,34,27,35,31,41,33
40,104,31,36,38,35,42,34,43,41,43,37,37,22,38,44,40,20,32,39,36,36,36,41,39,50,46,39,35,23,34,38,40,30,62,36,39,31,49,39,43,41,44,43,26,38,37,38,40,32,40,37,42,47,25,22,30,22,42,40,39,27,34,36,27,63,39,40,24,36,39,37,22,37,46,41,47,41,56,30,40,37,39,36,34,34,33,54,36,22,31,37,35,37,40,28,37,58,41,35,40,41,34,41,65,63,39,53,48,43,13,41,40,41,19,54,40,39,53,39,36,44,36,38,38,38,139,37,51,53,36,43,53,34,41,37,42,39,40,40,34,43,19,39,40,34,28,37,39,21,35,38,34,41,37,49,40,16,41,26,40,40,36,33,37,28,48,32,38,61,26,57,45,34,33,30,37,55,38,29,34,38,39,38,38,40,67,26,39,27,44,32,43,108,37,40,51,63,43,43,34,36,43,47,45,41,41,40,48,34,23,38,33,32,27,21,26,41,37,40,54,30,42,43,93,43,28,38,32,29,41,39,28,34,44,28,38,40,46,41,44,40,41,35,38,0,97,45,33,32,38,40,36,40,24,37,39,41,32,37,29,36,4,39,40,49,44,36,35,32,39,36,38,64,34,39,38,37,13,32,29,53,40,40,29,39,40,30,37,36,32,36,41,41,37,38,39,35,45,26,41,22,24,43,25,36,32,46,37,20,37,43,46,89,41,43,37,35,43,33,35,38,36,41,38,33,44,32,35,37,27,39,40,43,32,38,42,32,50,36,31,39,69,18,37,33,43,39,39
94,101,90,94,91,85,86,88,92,86,88,85,92,92,92,95,95,83,96,89,94,99,93,99,90,96,99,90,95,93,89,93,90,89,96,91,94,83,96,91,103,91,88,84,84,92,92,91,93,87,91,91,91,89,93,83,90,86,86,94,92,91,92,93,87,88,89,91,96,93,91,91,90,91,92,90,91,90,87,91,91,89,92,92,95,95,92,93,93,85,91,89,91,89,92,92,91,89,92,93,93,91,86,92,91,91,91,89,90,91,87,88,92,91,91,105,88,95,94,94,91,91,97,94,93,93,149,93,97,84,91,98,91,93,92,88,90,87,91,95,91,91,95,93,86,94,89,97,94,97,91,78,95,91,90,90,93,89,85,94,88,93,96,97,92,97,89,93,94,81,89,90,94,90,94,84,90,99,92,94,89,79,93,93,93,95,93,89,90,83,78,81,92,116,90,89,99,87,91,89,82,93,88,100,97,91,91,93,103,95,92,95,90,93,91,87,92,94,95,95,98,83,90,97,97,96,97,92,93,92,89,91,91,88,93,85,97,91,98,97,98,92,92,90,99,97,0,98,85,87,94,92,91,98,89,95,92,93,95,87,94,93,89,91,92,97,79,98,93,88,92,93,91,98,88,91,89,90,86,87,97,96,89,91,90,92,93,92,92,88,91,94,91,93,92,92,92,91,101,97,92,91,93,92,86,88,86,98,95,89,92,97,98,105,91,83,89,96,89,81,86,94,92,93,91,90,92,93,88,90,97,96,90,96,93,90,90,84,98,92,87,93,79,94,88,98,94,91,94
44,111,43,43,40,46,45,46,49,48,44,56,45,41,44,44,40,46,40,44,39,42,38,47,44,22,18,43,40,42,42,41,43,44,76,44,41,46,55,42,53,41,42,59,44,41,45,41,45,42,45,48,47,65,50,50,45,41,53,42,47,44,48,42,48,74,43,40,45,45,45,44,43,46,41,38,41,45,73,40,44,42,44,44,45,45,49,59,44,38,43,39,43,43,45,48,42,70,46,43,39,55,46,45,72,85,41,66,55,43,45,35,41,39,44,55,42,42,49,38,40,41,25,45,44,41,151,43,61,60,44,32,66,45,33,53,41,46,43,36,46,47,47,44,48,48,41,44,39,45,42,41,45,35,42,58,42,51,45,41,42,45,46,39,44,47,54,41,42,71,43,57,46,48,57,50,41,65,38,42,42,53,43,43,50,46,77,43,45,40,48,53,43,116,45,43,44,70,48,49,41,42,46,12,25,35,48,38,31,46,40,46,48,45,55,44,48,42,44,41,61,45,43,45,96,45,46,47,44,38,42,44,50,42,39,51,45,40,2,52,43,41,42,44,35,45,98,0,48,48,49,42,44,51,37,46,41,44,38,47,51,42,45,44,47,46,45,43,52,55,50,49,34,63,50,44,43,42,46,47,43,63,42,40,49,45,44,45,44,42,45,41,40,47,46,44,43,42,57,42,45,43,45,46,47,44,45,48,43,46,38,41,45,115,48,52,41,45,48,49,49,44,44,41,43,43,48,48,45,43,46,37,40,35,46,38,39,42,20,44,38,44,98,45,47,42,40,47,45
33,93,41,35,31,18,29,29,35,26,22,31,33,24,39,27,34,24,33,24,25,36,32,36,29,45,43,27,25,28,31,29,26,29,64,32,29,31,35,28,46,34,25,48,24,21,34,25,34,23,28,34,29,50,28,28,15,30,36,34,30,26,35,32,17,68,26,25,23,32,29,30,18,25,35,36,34,31,66,20,32,17,27,32,22,24,14,41,35,24,33,28,16,15,24,40,30,54,26,30,34,33,18,25,69,63,28,55,38,28,23,30,35,34,32,49,14,31,44,33,30,28,45,27,32,28,140,23,38,41,30,35,52,16,29,41,31,27,34,28,16,38,24,33,15,30,16,31,28,19,28,18,16,35,32,56,22,21,37,18,29,34,34,25,34,33,44,28,18,60,25,44,34,35,51,42,29,50,33,17,28,44,35,24,30,21,73,18,32,27,25,45,20,109,33,29,40,60,30,26,29,32,21,41,36,35,23,34,46,34,23,44,23,24,39,35,23,27,24,31,60,17,26,33,72,29,18,32,25,25,37,31,34,17,28,41,25,25,42,43,36,35,28,30,34,33,85,48,0,21,34,38,32,44,19,38,35,42,22,32,45,32,20,32,25,42,34,34,44,36,34,25,35,62,21,25,34,22,12,30,30,54,19,21,29,24,34,24,34,18,27,23,30,25,34,26,26,32,48,28,25,18,17,17,14,18,15,22,32,21,34,21,33,111,27,34,34,35,32,22,15,29,29,31,24,26,29,24,21,17,31,36,29,29,37,31,33,18,47,30,26,13,82,20,20,27,18,26,33
33,97,38,27,32,27,28,33,36,29,32,45,37,20,44,30,32,13,29,31,27,33,30,34,34,43,46,28,28,24,30,29,28,31,67,30,35,28,40,30,45,29,28,51,19,31,30,30,30,29,26,32,35,54,24,36,26,22,35,32,33,29,31,30,29,66,28,35,23,33,35,27,25,29,30,35,30,32,66,20,31,22,27,32,33,23,21,38,29,23,33,27,32,33,31,38,29,58,30,34,30,39,29,31,70,74,27,52,37,22,26,31,33,29,25,54,21,34,41,33,25,29,37,29,31,27,137,31,54,45,28,32,55,19,29,33,31,25,28,30,27,25,28,32,25,31,32,34,31,19,32,17,23,28,18,53,26,19,39,31,26,30,36,30,31,30,43,32,22,47,25,52,33,33,37,39,30,51,29,28,28,44,31,24,34,34,70,31,33,15,35,48,32,107,26,29,43,45,29,22,15,29,19,39,40,28,35,30,47,27,23,48,31,24,29,23,25,21,33,22,60,20,34,34,80,29,24,13,31,23,30,26,38,30,28,34,30,35,45,56,35,33,31,23,33,32,87,48,21,0,31,27,32,34,26,27,33,30,22,24,36,27,29,29,32,36,24,40,36,28,17,27,28,54,14,33,31,28,29,24,33,54,31,28,31,27,30,32,31,30,30,20,30,22,33,33,33,35,41,27,28,17,18,30,17,25,25,33,32,19,31,29,37,109,25,26,28,33,19,28,11,28,25,28,29,24,26,21,25,29,39,30,29,33,20,27,30,30,44,31,25,14,80,27,23,34,32,34,34
31,103,37,31,34,24,23,32,36,29,32,44,31,22,30,27,16,25,30,29,34,30,27,35,33,42,48,28,26,27,30,33,30,33,66,31,32,36,48,27,51,29,32,38,30,28,32,26,34,28,33,15,31,54,39,28,27,28,46,31,33,38,48,31,30,68,28,37,33,29,31,31,21,31,13,15,13,30,51,28,31,19,30,30,32,31,29,50,31,31,32,30,30,32,28,41,31,60,32,14,34,36,32,31,70,67,29,55,48,25,23,32,32,31,25,23,19,36,43,33,29,32,43,30,30,30,145,24,49,44,29,37,53,23,31,44,34,24,32,32,29,14,36,32,28,19,30,30,34,30,34,22,31,31,29,56,27,26,11,23,26,34,27,27,30,30,32,31,30,54,24,45,32,39,49,36,33,50,33,27,29,49,31,28,24,13,73,27,31,27,37,48,33,107,29,30,30,63,14,25,36,29,22,41,39,31,35,34,47,10,32,18,29,30,40,35,29,31,32,24,55,18,30,27,86,14,32,24,37,31,7,36,23,25,26,13,34,37,48,53,36,32,31,32,37,38,94,49,34,31,0,33,34,32,29,9,32,12,29,41,32,31,29,31,18,36,26,39,21,24,36,25,31,60,22,30,30,21,25,37,31,54,36,32,40,31,34,29,30,28,31,31,31,31,10,33,33,31,28,23,32,34,21,20,27,26,33,36,31,27,30,35,36,107,31,37,31,33,44,31,26,29,32,29,21,31,23,32,23,28,24,35,22,36,33,30,31,30,45,33,25,29,90,27,27,37,30,2,34
40,101,36,40,41,34,27,25,30,41,42,49,39,32,35,36,32,37,39,28,39,38,40,40,42,47,48,37,27,28,40,40,38,39,48,39,39,33,44,39,50,37,36,38,33,38,40,38,41,38,40,11,37,48,28,39,36,36,38,41,39,34,42,39,29,65,37,39,39,40,42,39,33,40,26,24,26,38,56,31,38,26,38,39,33,34,38,42,39,33,41,40,38,39,39,36,39,58,40,32,41,34,30,36,67,65,38,51,45,37,34,38,42,38,31,41,28,34,39,40,23,38,40,39,38,38,136,27,48,44,38,45,45,20,41,26,42,20,40,43,34,24,24,41,34,22,34,43,41,30,38,24,21,40,37,42,37,32,30,41,34,41,32,38,40,33,22,40,34,58,34,44,36,34,32,34,41,59,40,36,39,30,40,40,40,20,62,35,41,36,23,37,39,105,31,38,40,56,33,36,38,40,24,46,43,40,40,41,47,29,23,43,40,25,50,30,34,41,39,36,55,36,38,40,67,23,37,28,34,35,33,35,32,33,36,26,37,39,46,53,45,42,41,38,38,40,92,42,38,27,33,0,38,40,30,31,41,25,29,39,27,41,34,38,21,38,28,41,27,17,28,31,41,54,38,40,40,33,33,39,40,53,36,41,43,39,41,35,40,33,36,42,39,41,30,41,40,40,46,30,34,32,40,36,35,37,31,46,36,35,40,38,42,107,30,38,39,39,36,32,32,40,35,39,35,39,29,37,36,37,36,43,38,41,25,39,37,35,36,40,27,32,90,31,28,37,34,29,40
24,102,40,31,21,15,32,32,44,14,24,45,36,20,45,29,43,21,24,19,19,32,17,32,24,43,42,20,17,28,25,16,24,22,65,23,21,34,44,22,43,24,21,50,19,20,20,25,24,21,16,44,17,53,33,41,20,30,42,25,15,34,39,22,29,72,20,9,28,18,22,23,25,21,40,43,40,21,64,18,23,27,22,23,24,27,28,59,24,18,19,25,21,20,19,40,20,59,12,30,24,39,23,16,71,72,24,49,53,27,28,26,25,22,16,52,18,36,48,23,22,19,34,21,24,23,141,17,40,53,25,28,65,24,24,48,17,28,21,28,21,34,36,18,19,32,21,28,25,17,22,17,24,26,25,56,13,26,38,24,16,24,36,25,25,30,42,17,20,54,19,52,37,43,46,44,17,36,22,25,22,46,24,17,33,31,71,22,25,14,43,43,16,110,22,23,40,57,33,38,29,21,28,44,37,26,9,24,48,29,18,48,12,29,43,23,19,17,17,24,58,27,23,19,91,33,20,30,27,18,37,26,45,25,20,42,32,9,40,45,28,25,23,20,32,36,91,44,32,32,34,38,0,41,21,29,23,35,21,19,39,24,36,22,39,26,39,37,40,45,32,28,26,63,25,28,24,23,22,18,26,64,27,17,32,20,24,20,25,26,21,24,24,17,31,10,13,22,48,37,28,20,27,24,33,22,33,26,25,22,25,34,19,112,21,45,27,24,39,30,18,17,17,17,24,24,33,21,22,24,25,23,25,26,27,22,24,28,45,22,24,21,93,18,30,21,24,25,23
43,100,16,16,42,41,40,39,33,43,37,57,37,31,40,41,40,43,43,38,43,10,43,45,40,46,45,34,38,37,46,40,40,39,75,44,46,34,48,40,47,44,37,44,41,39,40,39,45,41,41,38,46,53,39,45,41,30,47,47,42,41,52,44,41,62,35,44,48,42,40,44,40,40,36,40,37,37,64,38,43,35,39,42,35,39,37,51,41,42,46,41,32,39,41,35,46,61,46,35,45,34,37,43,67,77,41,59,52,32,47,42,47,45,37,49,38,46,51,44,42,39,47,44,43,41,143,33,62,50,45,45,59,38,42,33,40,31,40,48,38,37,43,39,48,38,40,42,45,38,45,41,37,43,45,51,40,41,39,38,39,45,9,36,45,37,35,36,41,65,40,55,24,40,47,47,44,54,45,35,40,49,43,43,22,40,75,38,39,37,38,44,42,116,40,43,26,64,38,42,38,43,41,46,45,43,46,45,51,37,35,45,45,45,52,44,41,37,44,39,58,45,37,32,91,38,42,39,47,41,39,40,39,38,41,38,46,44,47,53,42,47,43,39,39,40,98,51,44,34,32,40,41,0,38,36,45,38,35,49,35,43,35,44,40,48,34,50,43,43,40,37,44,62,43,38,45,40,40,48,46,55,43,46,45,41,45,37,45,39,40,45,38,43,36,44,44,48,49,8,33,40,38,40,46,41,36,46,38,39,45,47,39,110,42,47,38,42,49,37,42,43,34,44,38,40,42,22,36,43,41,45,41,49,42,40,43,42,50,45,38,40,99,23,42,46,34,39,41
27,98,35,32,21,28,35,34,38,18,26,47,36,15,32,29,37,20,23,21,26,23,23,23,15,36,38,11,14,17,22,22,26,23,68,26,24,36,49,23,40,26,17,48,11,15,22,23,25,12,24,41,27,50,25,27,13,27,50,31,21,39,50,25,16,59,12,20,33,24,16,26,26,20,34,39,35,18,65,12,24,19,24,22,24,20,27,49,26,11,22,26,21,19,21,43,25,67,24,28,24,43,12,23,61,70,27,50,50,27,20,20,28,25,12,49,13,29,50,24,18,20,30,24,25,27,140,15,59,45,27,21,60,26,28,38,27,30,21,29,19,33,29,22,33,32,26,20,25,14,28,11,8,28,11,62,30,25,31,14,21,25,28,22,28,28,38,17,18,61,14,47,32,36,39,44,25,55,26,22,25,44,27,21,33,33,70,11,24,12,36,49,25,111,17,24,42,62,31,34,24,27,24,36,30,28,24,27,42,28,10,50,32,23,31,17,23,21,27,26,53,19,16,22,94,34,16,20,34,11,31,31,46,18,12,38,15,20,35,40,27,28,29,39,25,24,89,37,19,26,29,30,21,38,0,28,28,36,3,37,26,23,21,25,39,36,36,39,42,42,29,28,27,57,28,24,26,17,22,36,20,58,30,19,28,26,27,19,28,12,22,18,24,28,28,23,21,28,51,36,30,14,23,24,33,12,18,28,16,11,26,36,29,105,23,45,20,25,38,34,24,19,18,28,22,23,27,12,21,23,18,23,21,29,30,27,23,15,37,25,7,24,88,8,24,39,11,32,27
36,105,32,29,30,28,21,29,39,29,33,47,33,35,31,27,12,39,29,31,39,38,36,39,32,45,47,28,27,37,37,36,34,31,66,34,35,30,44,31,47,33,34,34,21,29,30,26,37,36,34,15,32,52,27,42,34,37,44,37,32,40,49,34,31,72,29,33,35,32,32,33,30,31,17,12,18,30,54,24,36,30,31,34,28,36,31,42,35,24,31,34,34,37,32,40,34,51,31,10,37,38,29,32,74,73,34,50,44,35,23,34,37,34,28,29,24,36,43,35,25,34,40,31,34,34,146,31,52,40,33,40,56,25,37,41,35,33,33,37,32,5,35,25,41,25,30,36,38,25,37,18,32,36,34,61,39,38,7,33,29,37,33,32,35,29,43,35,28,62,27,55,38,34,48,34,32,52,36,33,35,47,34,32,32,15,69,30,34,33,42,42,38,109,31,32,37,53,5,29,18,34,36,41,39,36,37,37,46,2,26,16,30,15,43,40,30,30,35,28,57,24,32,33,83,4,29,19,33,23,24,37,16,30,31,11,39,33,47,55,35,37,32,36,37,37,95,46,38,27,9,31,29,36,28,0,36,26,31,33,33,35,33,36,14,33,32,39,27,26,23,36,35,58,25,30,35,30,28,33,36,55,39,36,41,32,37,35,35,30,31,31,29,33,9,31,30,36,34,25,38,31,34,38,29,29,37,37,29,30,35,35,39,111,32,28,35,35,32,37,29,34,28,34,31,36,28,32,27,37,32,33,34,38,37,34,34,34,36,34,30,34,93,32,34,40,33,21,38
12,94,47,33,9,24,37,33,38,23,13,47,33,26,46,30,37,29,12,15,12,43,3,30,16,36,42,16,17,26,13,18,15,19,72,13,23,38,49,18,46,8,16,53,29,20,14,17,9,14,12,38,27,61,39,44,25,26,47,5,16,36,46,7,33,69,16,21,40,12,14,10,24,23,33,35,32,12,68,24,13,27,10,9,32,32,34,55,10,24,14,9,26,25,11,43,13,62,13,30,7,44,21,13,74,79,7,58,53,16,35,26,1,11,25,49,23,31,48,6,26,15,36,13,13,5,140,23,57,54,10,15,58,31,2,45,20,29,13,10,21,32,35,14,36,30,22,23,7,27,24,29,31,5,28,57,24,29,34,19,24,9,40,21,14,31,46,18,21,61,28,52,35,40,51,42,11,51,8,21,16,46,12,30,30,40,73,18,8,22,40,47,14,108,20,13,39,64,32,27,36,5,28,37,33,5,24,6,44,38,23,43,27,33,49,39,22,25,15,18,55,28,13,22,94,32,23,33,32,25,41,33,42,18,16,40,29,21,39,50,18,1,23,36,30,39,92,41,35,33,32,41,23,45,28,36,0,41,25,38,42,9,35,13,45,42,38,44,43,43,38,30,2,60,35,25,8,16,31,38,30,59,41,20,33,16,8,19,14,19,18,24,13,16,29,18,15,11,49,39,28,22,27,23,33,17,35,29,16,30,9,36,25,106,16,44,13,17,40,29,34,15,25,11,18,15,30,28,20,19,26,10,14,6,43,8,10,19,37,15,29,29,91,27,28,34,19,31,14
38,99,39,37,40,35,22,37,40,39,36,36,33,33,28,37,17,34,35,40,42,39,34,42,39,37,44,38,40,35,35,42,34,37,58,38,41,33,50,38,46,38,37,47,37,35,38,32,38,19,37,17,38,52,35,22,39,39,41,40,38,43,51,38,32,63,38,42,33,38,37,39,37,41,18,16,18,39,44,27,40,29,37,34,38,32,37,50,38,26,38,39,37,35,38,37,36,62,39,10,37,37,38,38,65,64,39,53,50,31,19,30,41,35,35,21,37,32,44,38,27,37,44,32,38,39,145,38,41,40,39,38,57,31,40,39,41,38,40,42,35,26,29,39,33,17,40,39,39,35,38,29,30,39,27,57,38,34,27,27,31,38,28,34,39,34,46,37,33,57,29,56,32,31,40,43,39,54,38,34,34,47,39,26,38,20,66,35,40,16,42,47,40,102,36,34,29,52,25,33,19,34,44,40,36,39,44,38,47,26,35,20,34,31,41,34,40,38,38,39,55,31,36,37,88,26,38,30,36,27,0,38,26,27,37,15,31,42,40,51,38,41,35,36,35,41,93,44,42,30,12,25,35,38,36,26,41,0,28,39,37,38,32,38,20,43,27,41,23,45,19,35,39,59,23,35,37,34,36,37,40,54,38,42,41,40,38,37,39,35,31,39,35,41,12,41,39,39,34,28,38,29,32,32,28,27,34,43,37,29,38,35,44,108,39,37,32,38,33,43,26,39,35,38,29,28,35,39,34,36,30,35,29,41,41,38,35,27,38,38,34,29,90,36,36,43,27,24,37
25,94,33,27,19,18,36,27,25,26,15,44,33,10,29,26,38,23,21,15,28,30,26,28,18,40,44,17,11,11,25,19,19,24,64,26,21,36,49,20,44,25,18,46,15,18,21,18,27,12,26,38,22,48,20,38,13,20,44,29,20,40,48,25,17,61,17,19,29,27,18,27,25,22,37,42,37,21,67,16,26,15,22,25,22,25,30,50,25,10,25,24,20,20,21,40,24,63,22,18,26,40,10,21,60,69,25,47,45,16,28,11,25,25,16,46,17,32,49,25,12,22,31,23,26,25,138,16,58,52,26,28,60,28,23,39,22,22,25,23,19,33,28,21,21,32,12,19,26,11,27,11,9,24,18,61,22,20,33,19,20,27,31,20,26,27,41,19,20,54,19,49,36,40,44,39,19,55,26,11,18,46,25,17,33,35,69,8,26,11,35,43,27,106,18,19,42,60,31,33,27,26,24,38,39,24,26,26,41,33,7,43,20,33,31,18,21,20,23,19,48,18,15,22,93,33,17,30,34,10,28,34,43,7,18,40,14,19,45,46,24,25,24,32,29,32,95,38,22,22,29,29,21,35,3,31,25,28,0,37,32,24,25,26,42,44,32,43,40,46,34,24,24,60,35,23,24,17,21,37,26,56,33,23,32,25,26,18,26,7,19,15,19,25,29,23,21,24,49,33,21,16,23,21,30,14,23,27,16,16,25,32,31,105,19,46,21,23,44,25,24,26,11,28,17,17,28,16,12,18,16,20,18,24,25,24,23,7,37,24,14,24,91,11,26,35,8,25,26
37,91,42,42,33,34,25,38,40,31,35,29,39,40,46,40,37,36,32,34,37,41,33,36,37,43,50,37,34,37,34,25,36,38,60,37,34,30,44,34,34,34,37,54,35,38,35,36,39,37,33,37,34,59,40,46,33,37,47,39,27,36,40,37,32,69,37,23,38,28,32,36,31,37,45,33,45,35,66,34,33,33,34,34,36,32,35,43,33,39,35,33,37,40,33,42,33,60,26,38,39,35,33,30,71,76,35,56,41,39,29,37,39,31,34,56,32,25,48,38,39,34,39,34,37,35,137,29,50,54,36,37,55,30,34,39,31,39,36,35,32,41,35,29,19,33,35,41,38,36,27,23,40,36,40,53,28,27,39,38,31,39,41,39,34,41,44,33,37,56,36,48,42,39,49,41,30,42,38,37,36,42,34,34,39,31,65,38,30,35,41,47,30,114,35,36,43,55,44,35,20,33,33,43,45,36,15,39,53,41,35,50,40,36,45,22,38,25,31,36,61,37,40,38,94,36,28,35,34,35,39,25,48,38,36,44,40,23,45,38,37,39,34,18,32,37,87,47,32,24,41,39,19,49,37,33,38,39,37,0,35,33,30,36,46,27,35,35,41,31,43,34,37,53,22,38,35,34,27,1,26,56,26,37,21,29,39,35,36,40,34,21,38,27,34,30,27,35,50,40,44,36,34,31,38,35,33,26,33,39,38,32,32,111,22,44,37,31,42,31,20,25,30,33,35,39,35,36,39,38,40,33,35,36,20,34,38,39,42,35,41,37,85,39,42,27,37,39,37
43,98,25,32,39,44,34,40,39,38,41,39,43,28,39,42,42,41,37,41,45,10,43,41,42,44,49,38,36,37,40,38,41,40,71,41,40,37,42,36,40,41,40,45,33,38,35,41,44,39,40,30,46,54,34,35,42,42,33,42,38,41,51,41,28,58,39,40,34,41,42,40,38,42,43,46,44,37,57,29,38,36,42,41,40,32,41,38,43,28,41,41,37,37,37,38,39,58,37,29,44,39,35,43,64,62,42,57,49,43,39,45,41,41,30,41,42,37,47,43,43,40,43,39,42,41,143,35,56,46,38,45,55,32,43,34,38,30,41,41,34,36,44,36,39,43,36,38,44,23,35,40,19,43,26,49,40,44,37,38,36,44,4,33,41,23,35,40,45,63,35,51,24,25,32,32,39,52,40,39,38,47,42,38,30,30,66,36,45,32,40,40,40,111,29,37,36,58,37,37,34,43,40,42,44,43,41,43,47,39,36,44,45,34,31,48,39,41,39,42,61,39,39,37,94,33,40,41,41,28,37,42,36,29,39,37,40,40,48,54,43,41,44,37,35,29,94,51,45,36,32,27,39,35,26,33,42,37,32,35,0,41,28,42,36,48,39,43,39,39,37,30,40,62,44,40,40,39,31,32,34,56,40,38,44,39,43,37,41,37,43,34,41,42,36,38,39,42,48,11,41,36,40,43,37,39,38,41,35,23,41,43,47,115,37,49,40,32,40,41,38,43,41,44,37,42,42,37,39,38,19,38,37,43,36,41,42,37,44,39,31,40,93,26,31,45,36,43,40
12,93,41,32,7,24,36,31,33,22,11,43,34,25,43,25,39,29,11,16,10,41,6,30,13,36,41,16,13,24,7,13,16,21,69,8,21,33,44,18,45,7,14,49,24,18,11,13,9,16,11,42,26,59,37,42,22,27,48,7,12,31,43,6,32,68,16,21,37,13,13,8,24,18,38,38,38,12,65,23,7,26,6,8,26,31,29,54,9,23,7,3,24,21,8,40,7,59,8,31,9,41,23,8,70,77,4,54,53,15,35,26,10,5,23,45,22,32,47,9,25,12,36,9,8,4,140,23,56,49,8,20,61,29,7,44,21,26,10,14,19,31,36,11,27,29,21,21,9,21,24,28,24,9,28,54,22,31,36,16,25,11,39,17,4,32,45,14,19,61,26,47,37,39,50,45,9,46,8,20,18,47,11,28,32,35,74,17,1,26,40,48,8,107,18,15,40,65,31,32,35,0,32,39,35,9,22,10,46,35,21,45,24,34,47,35,23,14,12,16,54,30,10,21,93,31,21,32,31,23,38,32,42,15,15,40,29,21,42,50,22,10,16,32,32,36,93,42,32,27,31,41,24,43,23,35,9,38,24,33,41,0,36,10,43,36,37,43,38,46,37,25,8,53,36,24,7,14,35,33,30,59,40,20,31,8,8,17,8,16,21,22,11,14,27,15,12,8,45,38,26,19,27,22,31,16,34,24,19,27,9,31,20,108,15,45,10,11,41,34,33,11,24,8,18,17,28,28,18,20,26,12,14,14,40,3,8,13,33,8,28,23,91,23,29,30,13,27,13
37,102,46,32,35,23,34,37,30,35,36,41,28,15,39,35,46,16,26,34,35,25,35,35,34,40,51,27,29,27,32,34,32,29,64,36,30,28,44,33,41,37,32,42,21,29,31,34,36,26,34,22,33,51,22,32,27,33,37,39,35,22,39,36,21,63,28,35,22,29,34,34,16,33,37,31,37,33,54,19,37,17,36,33,30,30,29,51,35,19,23,32,30,30,35,24,34,58,34,28,36,33,31,35,67,65,37,51,45,35,9,33,35,33,15,45,24,41,45,37,31,35,44,33,35,37,134,31,53,48,31,42,57,24,37,50,38,32,33,38,29,28,15,34,36,37,24,34,37,17,36,30,21,38,32,53,38,15,37,23,29,36,21,26,35,25,36,30,23,58,19,52,40,38,26,39,35,58,37,26,27,40,36,29,42,21,66,19,34,15,45,26,32,111,27,36,44,60,28,37,28,36,38,33,45,38,33,36,52,34,19,36,30,27,32,23,20,33,34,34,53,17,37,35,93,28,21,24,33,18,32,34,36,20,30,36,34,35,51,32,42,35,35,31,35,4,89,45,20,29,29,34,36,35,21,33,35,32,25,30,28,36,0,34,32,44,37,30,33,34,28,36,36,58,22,31,34,33,11,23,29,62,30,33,33,34,36,23,35,25,24,34,35,33,24,39,34,35,43,26,33,18,24,38,33,32,33,43,26,21,35,40,45,96,36,33,28,28,26,29,31,33,33,30,31,32,39,25,31,28,25,36,29,37,38,34,33,27,44,37,27,30,72,14,26,35,36,32,37
6,96,42,33,6,19,36,32,39,18,13,42,31,23,44,27,38,23,9,17,10,39,10,27,12,38,42,13,19,22,6,10,13,17,68,2,23,34,46,17,43,7,12,48,24,15,7,17,9,19,11,38,21,59,35,40,23,25,48,13,18,33,43,4,30,69,13,20,36,11,14,6,28,15,35,37,35,10,65,23,9,26,5,4,25,29,31,52,6,23,12,10,21,21,10,39,7,61,11,30,9,41,23,11,71,77,9,54,51,17,35,26,13,9,22,48,23,32,46,5,25,11,36,9,4,9,137,21,53,50,8,24,60,32,10,47,21,24,9,15,20,29,31,12,31,34,20,20,11,22,22,29,27,7,30,53,22,27,34,18,26,9,37,21,4,31,46,14,16,60,26,49,33,39,49,41,10,47,8,18,14,45,7,26,28,38,71,18,10,25,39,45,13,106,19,14,37,62,29,31,33,10,31,38,35,7,22,9,48,36,17,41,25,32,43,35,20,23,17,17,56,26,14,17,90,29,22,30,33,22,38,32,40,18,13,38,29,20,42,47,26,13,19,34,31,39,91,44,32,29,31,38,22,44,25,36,13,38,26,36,42,10,34,0,42,41,31,35,40,42,35,27,10,55,34,23,6,14,30,36,27,56,34,19,30,14,9,18,7,19,20,20,9,15,27,14,10,9,44,35,26,19,24,18,31,17,31,24,19,28,4,32,22,108,15,44,17,11,39,32,30,10,21,11,14,21,29,26,16,19,27,15,14,17,37,8,10,19,40,4,30,23,91,23,28,30,17,29,7
44,97,43,39,39,31,33,37,41,38,43,35,46,38,33,35,8,37,41,32,44,37,43,45,42,50,47,36,31,38,37,38,41,39,65,41,38,43,19,38,50,41,35,18,36,31,39,39,43,39,40,13,34,63,43,35,35,41,39,43,40,40,38,41,41,67,36,39,38,35,42,40,39,42,10,10,9,40,59,35,44,31,41,40,36,37,27,51,37,35,33,40,39,37,37,47,37,60,35,27,43,27,30,37,69,72,42,49,40,39,36,41,45,40,37,37,28,39,25,42,31,38,41,36,42,43,147,33,41,42,38,48,52,15,39,34,38,38,42,43,31,14,34,39,35,32,36,47,42,43,37,32,40,43,43,57,36,39,11,42,35,43,40,37,42,38,33,38,33,55,39,50,35,33,47,31,33,49,42,43,40,47,41,42,38,23,71,41,42,41,36,38,36,102,43,38,39,65,15,16,34,43,34,49,50,43,36,43,49,12,36,13,38,39,42,41,38,29,34,37,54,34,37,45,75,15,41,33,34,38,20,33,15,39,35,17,40,39,46,52,47,45,44,46,44,40,92,47,25,32,18,21,39,40,39,14,45,20,42,46,36,43,32,42,0,43,38,46,23,29,38,38,42,56,36,40,43,36,44,48,44,55,30,39,43,34,43,33,42,39,34,46,43,34,18,36,36,39,34,36,42,38,30,32,27,37,32,47,39,42,42,37,47,103,35,36,43,40,42,36,31,32,35,36,36,40,43,45,37,35,39,40,40,44,46,41,42,42,50,39,38,21,87,41,37,44,41,14,43
40,93,43,46,41,40,37,40,40,42,46,30,43,42,36,45,42,38,40,41,37,45,37,43,43,45,51,46,45,46,40,41,46,47,78,40,47,50,52,45,48,40,45,50,33,44,39,47,36,44,41,37,37,58,36,52,47,49,51,42,38,43,50,41,31,78,46,22,40,42,45,39,39,44,44,44,45,42,74,34,38,37,40,41,41,47,43,53,38,40,37,40,41,42,39,50,40,66,33,45,38,51,41,41,76,80,38,61,51,46,48,40,42,41,45,46,39,30,46,41,44,43,47,36,41,39,139,38,30,55,39,39,66,35,38,49,45,45,39,41,42,42,47,43,26,42,41,43,40,38,39,43,41,37,47,54,38,44,39,45,43,39,44,44,34,44,40,43,41,64,44,47,46,41,54,42,41,49,40,45,46,51,42,37,42,51,73,45,35,43,45,56,42,112,42,45,43,60,38,43,40,36,41,51,48,37,24,39,51,36,42,50,30,43,50,32,44,26,42,45,61,42,44,45,90,42,45,35,33,39,43,28,45,46,45,39,49,22,46,47,43,42,42,31,42,49,97,46,42,36,36,38,26,48,36,33,42,43,44,27,48,36,44,41,43,0,40,50,44,47,35,42,37,28,26,45,41,45,44,22,44,63,26,37,41,40,37,40,34,44,41,42,42,42,35,24,31,38,49,47,47,41,40,41,36,44,46,44,43,36,39,42,38,111,36,48,43,39,46,43,27,38,43,39,44,45,47,47,46,47,46,40,44,42,46,39,37,46,39,42,32,38,94,41,41,47,45,39,41
36,103,38,32,37,25,26,24,27,34,36,47,32,30,47,31,29,31,33,22,34,35,33,40,33,42,46,32,34,28,35,34,27,33,71,33,35,34,39,31,51,33,25,49,37,28,35,30,33,32,29,33,34,60,35,39,35,32,44,34,34,38,49,31,39,68,32,37,28,31,33,31,29,32,25,27,25,29,69,34,35,28,30,33,33,33,15,53,32,32,31,34,29,28,31,24,31,56,32,27,33,40,29,33,71,82,35,54,50,33,27,35,38,35,33,48,22,28,37,32,34,29,42,30,34,35,133,27,54,50,31,39,59,16,36,49,38,16,30,38,30,22,37,34,19,26,30,33,36,37,35,26,40,37,39,48,34,32,30,32,33,33,34,35,34,32,50,35,27,57,36,50,24,37,47,25,36,55,34,33,34,45,33,35,41,25,79,31,35,37,37,38,32,104,31,34,32,65,23,38,22,37,31,38,41,37,31,35,51,34,29,32,36,39,42,28,30,32,35,34,58,30,28,35,84,28,27,26,32,34,27,26,38,28,26,40,38,37,48,56,42,38,34,38,39,44,79,45,34,24,26,28,39,34,36,32,38,27,32,35,39,37,37,31,38,40,0,43,38,33,35,26,33,58,26,29,34,33,27,37,37,58,37,38,35,35,35,32,32,30,31,34,35,34,32,31,31,32,33,30,34,36,25,25,28,29,34,35,31,36,34,30,38,107,27,46,35,35,40,33,21,35,34,33,31,34,34,28,34,27,25,35,28,34,33,34,36,34,45,32,42,24,90,31,26,39,28,25,34
40,105,36,39,37,37,41,43,41,34,38,52,45,40,43,36,44,40,35,33,40,44,43,39,41,47,41,41,37,36,37,32,41,37,71,37,41,33,48,41,48,42,38,51,41,31,37,42,41,40,37,43,37,58,35,42,34,36,49,44,41,31,37,37,42,71,41,39,44,37,42,36,35,38,46,45,46,40,68,43,38,43,41,39,35,30,36,56,39,42,35,40,39,36,38,41,39,63,37,37,41,29,27,40,72,77,42,52,44,38,36,42,44,39,40,49,35,36,51,40,36,38,47,34,37,42,148,40,56,53,35,45,63,37,41,44,41,43,37,42,41,41,34,40,35,44,41,45,42,41,39,25,40,43,42,59,45,42,35,40,32,41,43,44,38,43,42,32,39,67,42,57,41,43,47,41,36,56,41,40,39,50,40,38,44,31,78,41,40,40,46,49,41,112,41,39,45,68,41,27,35,43,37,44,43,43,37,41,50,42,42,47,35,33,56,38,42,42,35,44,57,37,41,40,97,43,44,39,41,44,41,40,47,42,38,43,40,39,45,34,43,44,35,27,37,36,98,43,34,40,39,41,37,50,39,39,44,41,43,35,43,43,30,35,46,50,43,0,46,46,37,35,42,64,39,44,37,42,36,30,34,58,35,28,39,41,41,40,38,42,43,37,43,39,38,39,38,39,46,41,43,41,43,43,34,42,38,42,43,45,38,42,40,106,39,47,43,37,49,38,37,40,40,36,44,42,29,41,42,42,42,40,44,43,34,42,43,43,46,35,39,30,96,41,42,41,41,45,41
42,105,39,32,41,26,39,45,33,43,35,51,41,39,48,36,25,39,39,34,40,44,38,48,37,48,50,36,32,33,39,43,37,40,66,41,37,43,33,35,53,39,34,38,42,31,40,33,41,40,39,37,45,55,50,36,34,40,42,41,39,43,42,39,44,66,35,42,42,37,39,40,38,40,31,21,30,39,52,35,39,36,38,39,48,40,33,42,39,40,39,39,38,39,40,48,38,64,43,23,41,32,39,41,73,71,40,55,45,38,28,44,43,42,40,29,24,42,46,41,43,38,49,40,41,40,146,33,40,43,38,45,57,30,43,41,40,39,43,42,39,18,43,37,40,34,41,39,42,34,43,29,41,42,43,56,42,30,21,36,43,41,31,37,41,42,41,41,37,67,40,51,34,36,44,37,40,52,40,37,38,51,42,36,30,31,80,40,41,40,42,40,37,107,37,41,37,65,21,34,42,38,35,50,46,42,42,41,53,27,35,40,40,37,50,43,42,39,39,40,56,29,35,42,81,28,44,36,40,46,23,33,17,37,37,25,42,42,53,59,45,43,43,46,45,35,93,52,44,36,21,27,40,43,42,27,43,23,40,41,39,38,33,40,23,44,38,46,0,37,40,45,42,61,38,39,40,35,44,40,46,59,35,41,44,41,41,34,41,41,40,42,40,41,17,42,40,39,29,37,41,41,33,42,41,43,38,44,39,37,41,40,38,109,36,41,42,41,41,37,41,39,43,36,38,42,39,39,42,38,40,41,35,44,43,41,42,42,55,39,46,31,93,44,39,41,42,28,41
44,105,45,37,42,34,21,38,42,43,42,46,42,43,20,17,27,42,44,36,45,42,44,47,41,50,43,40,37,31,45,46,41,39,62,43,44,43,39,42,48,42,39,34,42,40,45,43,45,45,43,34,46,54,45,35,42,38,39,45,46,36,40,42,48,70,40,40,41,42,44,42,32,44,26,26,26,44,59,39,45,35,43,43,41,40,37,31,44,39,36,43,39,43,45,33,44,61,46,22,44,17,39,42,70,83,42,56,40,45,35,42,43,42,45,32,30,38,36,43,42,41,47,44,43,42,137,33,44,43,43,46,34,36,45,37,48,37,43,44,42,27,42,47,33,37,38,45,45,45,41,38,46,44,42,48,37,41,27,46,39,45,45,43,44,47,40,43,34,54,41,49,38,27,42,21,45,55,43,44,42,34,44,43,37,22,63,45,45,37,40,39,37,110,43,44,38,51,38,31,36,46,37,49,47,44,45,44,52,26,42,37,34,25,49,44,41,42,34,45,56,38,40,45,60,24,39,29,46,46,45,37,34,44,41,32,45,40,47,43,46,43,44,47,37,32,88,55,36,28,24,17,45,43,42,26,43,45,46,31,39,46,34,42,29,47,33,46,37,0,37,32,44,57,29,37,43,42,48,35,32,51,23,44,35,45,44,38,44,44,39,38,43,44,39,45,46,44,43,45,42,40,35,36,34,43,40,48,47,45,43,38,44,107,45,38,45,46,42,40,34,43,46,37,42,40,18,41,43,38,39,44,42,46,28,43,44,44,53,44,46,36,90,40,25,41,43,24,45
38,104,28,40,35,36,19,30,33,40,37,41,38,38,32,34,39,31,35,33,37,38,37,40,33,48,48,35,29,36,38,38,37,34,61,35,39,28,44,36,44,36,36,47,26,33,34,35,39,38,29,40,35,35,30,18,39,37,48,38,33,43,54,37,25,64,35,27,34,38,33,33,27,37,33,37,34,34,61,27,33,24,33,36,32,34,31,50,34,28,38,37,34,37,34,30,37,50,33,25,39,44,32,32,70,68,31,49,51,38,35,37,38,38,33,45,26,32,41,38,28,37,46,28,33,31,141,26,43,39,34,40,56,36,38,34,34,40,34,35,33,32,34,28,33,36,33,33,38,27,31,18,34,35,32,55,27,30,33,38,37,39,36,35,36,34,32,38,29,57,25,55,34,33,34,29,38,55,37,30,39,39,36,31,40,33,58,36,37,29,34,46,31,101,28,36,33,52,33,25,20,37,25,44,46,35,40,37,46,26,35,41,27,16,39,27,31,24,36,33,58,19,35,34,82,33,26,9,38,27,19,35,39,35,34,35,37,27,48,55,39,38,40,34,39,39,92,50,34,17,36,28,32,40,29,23,38,19,34,43,37,37,28,35,38,35,35,37,40,37,0,32,35,64,20,43,36,35,27,38,37,52,38,31,40,33,37,36,36,33,29,37,34,35,28,32,33,39,46,28,41,39,27,38,28,31,39,41,28,36,36,34,42,103,28,24,35,33,21,31,28,33,29,33,35,38,30,30,30,34,41,36,33,41,21,36,39,35,43,36,36,30,88,27,35,38,36,34,35
32,99,35,29,23,23,37,38,34,26,27,44,18,26,33,28,45,31,23,27,31,31,25,32,25,42,42,30,26,28,26,26,23,23,69,28,29,22,43,32,45,28,27,50,25,28,25,27,31,35,22,31,33,51,22,35,28,11,45,30,25,37,43,27,26,64,30,30,31,28,26,29,17,28,39,41,39,26,58,24,28,19,23,28,27,27,31,50,26,24,23,27,21,21,25,35,28,62,27,33,31,34,18,26,66,72,28,58,54,30,32,26,30,24,25,42,25,38,46,30,25,29,44,26,29,30,140,24,56,52,26,32,48,26,30,36,26,19,28,30,32,32,26,24,26,30,27,30,30,24,31,15,25,31,22,60,28,29,36,28,19,31,28,28,28,23,44,22,22,53,25,50,28,39,46,40,27,54,31,23,29,41,29,29,27,39,67,28,24,18,36,44,24,98,24,30,40,58,36,32,19,25,14,42,39,31,25,31,46,37,21,38,27,29,31,32,29,21,28,30,51,25,29,30,76,30,21,28,35,30,35,29,42,23,28,40,32,30,44,51,33,30,25,31,34,36,93,49,25,27,25,31,28,37,28,36,30,35,24,34,30,25,36,27,38,42,26,35,45,32,32,0,31,57,36,21,27,26,32,36,32,56,37,26,31,25,31,29,28,25,19,20,27,33,26,25,25,26,44,24,25,21,27,23,27,23,31,33,27,27,29,33,32,108,25,42,30,26,45,25,31,26,30,29,25,34,30,25,29,24,24,26,30,30,36,27,28,29,46,28,25,22,90,25,10,30,30,32,28
10,97,43,34,8,19,41,33,37,24,13,46,33,25,43,26,34,27,13,14,11,42,5,29,16,34,42,17,17,25,6,15,15,18,67,11,24,38,48,17,45,7,14,53,28,18,12,17,7,15,12,39,25,61,39,44,22,27,48,6,17,35,47,7,32,69,17,16,35,11,16,7,30,20,32,32,31,14,66,23,10,26,8,8,31,31,27,54,10,24,13,2,24,24,7,42,8,61,13,29,5,42,22,10,71,79,3,57,52,15,32,26,3,8,23,48,18,32,49,6,27,12,30,7,9,3,139,20,56,53,5,15,57,36,2,46,19,27,11,10,20,31,35,15,34,30,21,22,3,23,24,32,30,1,31,56,19,30,35,18,27,7,38,20,7,32,45,16,18,62,25,49,36,40,51,41,12,48,5,20,17,45,11,28,29,41,73,19,9,26,40,44,15,108,20,16,38,64,31,31,33,8,29,37,35,1,23,4,40,37,20,43,24,36,49,36,22,23,18,17,54,27,12,21,92,31,24,34,31,24,39,33,41,18,15,39,28,16,42,45,20,3,22,34,27,38,91,34,35,28,31,41,26,44,27,35,2,39,24,37,40,8,36,10,42,37,33,42,42,44,35,31,0,55,39,25,3,14,35,35,29,59,40,18,31,17,6,16,9,15,21,23,11,15,30,14,14,10,48,38,26,22,27,18,32,16,34,27,19,30,6,35,24,106,15,45,10,19,41,30,34,12,21,10,17,15,29,27,19,20,26,8,11,9,40,5,4,18,39,10,28,28,88,25,25,33,18,30,11
58,98,63,57,59,60,61,60,63,56,57,45,56,61,62,59,63,54,55,56,56,61,53,65,58,64,57,56,56,55,59,60,55,57,59,57,55,54,59,58,63,55,53,62,60,52,57,55,57,57,57,57,57,64,63,62,56,59,59,60,58,55,58,57,60,73,56,57,60,58,57,55,55,53,60,60,59,58,64,56,57,55,55,57,64,60,60,60,54,55,53,56,56,59,59,63,54,61,58,52,57,57,59,55,72,77,57,58,63,55,59,61,60,55,57,64,54,55,58,58,57,54,66,54,57,55,147,51,41,53,55,56,54,54,60,53,54,54,55,59,58,55,58,58,55,62,55,60,58,59,63,54,56,59,63,43,56,61,56,60,53,57,59,61,58,59,57,55,56,63,58,28,61,53,59,57,57,53,57,59,56,63,56,59,59,56,76,59,53,57,61,61,57,111,57,57,63,62,58,58,60,53,57,61,58,59,57,57,60,60,59,55,60,58,63,52,59,54,52,55,59,60,59,56,83,58,52,61,67,55,59,51,61,55,56,59,59,57,63,67,63,60,54,47,63,64,98,63,62,54,60,54,63,62,57,58,60,59,60,53,62,53,58,55,56,28,58,64,61,57,64,57,55,0,52,60,58,55,56,53,63,65,54,54,60,59,57,58,58,60,58,59,56,53,58,57,58,53,61,60,60,58,55,57,54,56,53,59,60,57,56,59,58,108,58,62,59,57,61,62,58,56,59,56,56,59,56,59,56,58,55,58,55,60,63,56,58,56,57,54,59,58,90,60,55,60,55,60,59
37,99,35,36,34,21,14,31,41,27,36,14,36,29,24,33,32,30,34,33,32,39,36,36,34,44,43,34,29,38,33,37,33,33,67,34,35,32,51,33,41,35,36,51,34,37,34,28,36,28,34,31,24,56,33,27,33,30,41,35,35,42,51,34,28,68,34,27,25,26,34,34,27,37,25,30,25,36,51,20,34,16,33,35,27,34,20,49,32,23,32,32,31,35,33,42,32,60,25,24,36,46,32,32,73,64,34,53,38,34,25,26,35,35,27,50,29,38,35,35,21,37,43,32,36,34,135,37,39,49,33,37,58,16,37,40,35,36,37,36,35,25,38,34,9,37,20,36,37,26,35,27,30,39,21,55,26,30,39,32,32,36,37,31,37,31,42,30,20,54,22,57,31,40,40,35,31,33,36,34,35,41,34,29,36,39,65,24,36,16,33,37,28,115,31,34,40,52,24,35,36,36,22,43,41,39,26,36,52,28,28,34,25,25,42,25,22,32,27,30,61,18,36,33,88,25,34,29,34,20,23,26,43,35,33,39,37,27,45,42,38,35,38,24,35,34,88,50,21,14,22,38,25,43,28,25,35,23,35,22,44,36,22,34,36,26,26,39,38,29,20,36,39,52,0,34,36,35,32,23,32,59,17,27,39,31,36,31,37,30,20,29,32,24,18,24,26,30,43,36,40,38,29,29,14,35,34,39,36,34,35,35,33,109,25,29,33,33,46,26,4,30,31,35,34,23,40,32,32,31,31,36,30,35,42,35,34,24,37,33,25,17,85,20,35,37,21,27,35
24,97,42,31,21,16,35,32,33,20,17,41,30,11,44,26,37,13,22,19,25,37,24,34,20,39,43,20,19,21,20,22,20,21,71,21,24,28,47,15,47,22,20,43,23,15,23,19,25,21,19,35,25,55,34,35,16,19,45,25,22,36,47,21,16,69,20,23,29,19,18,23,17,22,32,36,32,15,66,10,23,25,21,20,29,24,30,49,20,19,20,23,8,10,23,41,20,62,21,31,25,34,15,20,66,74,21,60,48,18,29,26,25,21,15,43,14,34,46,22,25,22,44,23,22,22,139,19,55,51,19,28,57,31,23,34,26,25,22,23,20,26,31,22,26,26,16,25,26,13,25,22,13,23,30,55,25,22,30,19,26,25,31,16,22,23,43,17,17,58,15,54,30,27,41,35,23,53,24,10,18,49,20,21,28,38,70,10,21,20,35,43,23,103,15,17,37,58,25,31,34,24,23,41,38,23,22,25,49,34,17,44,26,35,44,38,12,26,26,18,55,25,13,23,93,26,22,35,35,21,35,33,41,21,20,38,26,23,39,49,26,25,22,37,29,39,91,44,25,33,30,40,28,38,24,30,25,35,23,38,40,24,31,23,40,45,29,44,39,37,43,21,25,60,34,0,19,16,27,42,27,56,35,25,32,24,25,17,22,18,17,23,17,22,28,23,24,19,44,32,14,16,21,15,24,21,28,31,26,19,22,33,24,115,19,44,19,22,43,27,31,21,12,22,17,26,29,21,15,14,20,23,16,28,26,22,20,23,41,21,20,23,96,20,16,36,15,26,24
8,95,38,34,2,19,35,32,40,21,11,43,31,22,41,26,34,26,11,17,11,41,9,27,13,35,41,13,14,23,6,11,15,18,70,3,18,33,48,15,43,7,13,47,27,14,5,16,5,12,11,35,24,58,36,40,24,28,46,14,16,33,42,2,30,68,12,18,34,11,12,7,27,21,34,36,34,11,63,23,10,29,8,6,28,29,30,50,6,23,11,2,20,21,7,40,11,61,9,30,4,43,22,12,68,77,4,51,49,15,32,22,8,5,21,44,18,29,46,3,24,14,37,10,6,7,135,18,50,52,10,20,58,32,5,44,21,28,7,12,19,31,32,13,29,30,18,21,11,20,23,24,22,4,30,57,23,26,32,18,26,5,39,20,6,33,46,13,17,61,26,48,31,39,49,40,7,49,4,19,15,47,9,25,26,35,71,18,7,21,38,45,13,108,20,12,38,60,28,31,31,7,29,38,36,4,20,4,42,35,17,39,26,31,47,32,20,24,18,14,54,23,11,19,92,31,22,29,33,23,37,30,42,17,15,40,29,18,41,47,18,8,20,35,35,38,89,43,34,31,30,40,24,45,26,35,8,37,24,35,40,7,34,6,43,41,34,37,40,43,36,27,3,58,36,19,0,14,32,35,27,58,39,22,27,14,4,15,2,15,17,18,11,14,29,15,8,6,45,36,25,18,24,19,27,18,33,23,16,26,1,34,21,105,18,42,11,13,44,32,31,11,21,9,15,16,30,26,18,21,25,11,11,12,36,7,5,17,37,4,28,24,88,22,28,32,17,29,6
15,94,39,29,14,12,36,23,38,21,14,46,30,18,44,25,36,23,13,7,13,41,11,32,11,38,43,3,11,17,14,14,9,18,68,14,23,28,43,15,48,10,3,50,21,13,13,2,13,11,14,34,24,54,28,42,17,19,48,16,22,37,46,14,23,69,3,26,31,13,11,12,26,20,30,32,30,10,60,8,12,19,11,14,23,18,32,41,14,12,15,11,19,16,11,41,14,61,12,28,13,40,15,12,72,73,12,49,43,5,32,25,16,12,17,44,18,33,40,13,21,9,39,11,12,12,140,9,53,52,11,20,52,28,12,42,22,21,13,18,10,26,26,14,29,19,12,15,14,17,25,31,24,14,22,55,22,20,30,10,22,13,33,18,15,33,44,16,8,50,23,51,31,36,45,45,15,50,12,12,5,50,13,19,27,33,70,10,14,14,38,46,12,106,6,13,37,56,26,28,30,14,26,37,34,14,25,15,46,28,6,42,30,29,43,36,14,19,16,8,56,14,4,15,90,28,16,27,37,14,34,31,39,11,3,37,23,26,41,52,22,16,19,37,31,37,90,42,22,28,21,33,23,40,17,30,16,34,17,34,39,14,33,14,36,45,33,42,35,42,35,26,14,55,35,16,14,0,22,34,29,56,37,20,31,13,13,4,15,11,12,21,10,17,23,16,14,12,45,37,15,10,17,6,29,4,27,29,13,14,15,32,21,110,20,44,11,15,40,33,27,11,12,13,2,11,25,16,11,6,21,14,1,18,35,12,12,8,40,13,18,16,93,20,23,31,4,25,13
33,98,40,30,30,10,29,29,40,30,28,29,33,10,44,34,43,11,27,26,34,34,33,31,32,46,49,23,23,27,30,33,31,28,66,30,32,29,51,30,38,33,28,46,18,31,27,23,30,16,31,41,29,46,22,19,15,28,38,34,29,31,46,30,16,67,24,33,21,30,32,29,12,30,42,44,42,31,49,16,31,16,33,28,20,20,16,54,31,14,33,32,25,21,26,29,30,59,29,31,30,39,20,31,69,59,29,41,47,28,24,28,30,32,10,47,23,29,41,31,18,30,37,28,30,31,137,24,51,49,27,37,57,26,33,27,32,27,31,32,24,29,31,29,15,32,20,30,31,14,31,20,19,35,27,57,36,4,35,16,31,30,33,26,33,22,47,29,19,55,17,49,36,28,42,28,31,51,31,24,31,31,32,24,32,36,62,14,34,18,31,39,31,111,20,29,43,59,24,28,19,35,27,42,43,35,27,30,48,31,20,45,27,30,26,38,23,34,30,26,56,8,29,29,89,29,17,21,28,15,36,31,35,16,28,33,31,33,48,45,35,30,31,36,33,13,86,46,12,29,25,33,22,40,22,28,31,36,21,27,31,35,11,30,44,44,27,36,44,48,27,32,35,56,32,27,32,22,0,21,29,57,36,30,34,34,30,14,33,15,15,22,31,30,27,28,29,32,47,17,26,16,19,22,22,16,28,41,20,17,33,31,38,104,33,41,30,25,38,20,25,35,24,35,25,21,33,24,15,26,16,33,27,32,29,34,32,19,46,31,17,22,84,11,29,33,26,28,33
37,91,40,39,33,35,24,38,40,37,35,29,39,38,45,40,38,36,31,34,37,40,33,35,37,43,50,37,34,37,34,25,36,38,70,37,34,30,44,34,35,34,37,54,35,38,35,36,39,37,33,37,34,60,40,43,33,37,48,39,27,35,40,37,31,68,37,22,39,28,32,36,31,37,45,33,45,35,63,34,33,33,34,34,36,32,34,40,33,37,35,33,39,38,33,42,33,59,25,38,39,35,33,30,76,74,35,52,44,39,29,37,39,31,33,56,32,25,48,38,39,34,39,34,37,35,136,29,49,48,36,37,55,32,34,41,31,39,37,35,31,41,34,31,20,33,35,41,38,36,27,23,29,36,43,49,28,26,39,38,29,39,43,39,34,41,39,33,37,55,35,48,42,39,47,43,30,44,38,37,37,42,34,34,39,31,66,38,30,36,42,46,30,113,35,36,43,52,44,35,20,33,34,43,45,36,16,39,53,41,35,50,29,37,39,21,38,25,29,36,59,34,40,38,93,36,28,36,35,40,37,23,48,38,36,44,40,22,45,35,39,39,35,17,32,32,87,47,30,24,37,39,18,48,36,33,38,37,37,1,32,33,23,36,48,22,37,30,40,35,38,36,35,53,23,42,35,34,21,0,25,57,27,37,20,29,39,35,36,40,34,23,38,29,34,29,26,35,49,39,41,37,35,32,28,38,35,27,33,37,38,36,33,115,22,42,37,30,43,30,21,25,31,31,35,39,36,37,36,40,37,33,35,36,21,34,38,38,42,35,39,30,85,37,42,21,37,36,37
26,100,42,36,25,24,34,38,39,25,30,43,34,27,46,33,42,21,16,22,26,47,30,21,28,45,42,28,27,25,28,23,28,28,72,27,20,30,49,30,37,29,23,50,27,28,22,32,28,30,24,33,21,57,35,44,25,27,42,30,22,25,38,27,15,67,28,26,27,24,28,28,22,27,36,39,36,28,63,18,27,27,28,26,25,20,25,44,29,20,14,28,21,25,22,40,29,60,28,30,28,41,23,29,68,71,29,50,46,32,30,27,30,28,28,50,29,29,42,27,24,22,31,28,27,29,142,29,49,49,28,30,58,30,30,43,19,26,25,30,27,33,31,30,32,33,29,33,29,28,21,34,24,29,33,55,18,26,41,30,17,28,45,30,28,29,54,23,30,56,30,48,38,40,51,50,23,48,28,33,26,45,29,26,34,38,68,31,29,26,39,44,26,109,31,26,44,55,34,32,30,30,27,45,38,29,31,28,55,34,24,43,24,28,48,37,24,25,16,33,59,31,29,29,94,36,30,32,33,18,40,30,45,31,25,45,32,26,44,38,28,30,20,26,28,29,97,43,30,33,31,40,26,46,20,36,30,40,26,26,34,30,29,27,44,44,37,34,46,32,37,32,29,63,32,27,27,29,29,25,0,64,36,18,14,25,28,30,28,31,30,19,31,31,28,26,25,27,49,38,29,28,25,22,27,31,34,28,29,17,28,31,32,102,25,38,31,21,34,33,36,22,22,16,31,29,35,18,31,28,20,22,31,31,47,29,29,30,36,28,27,25,91,26,31,25,30,31,28
58,112,50,47,58,55,56,57,49,57,56,54,57,60,55,54,51,55,54,54,59,52,57,68,55,60,66,45,57,59,58,59,53,57,70,57,58,55,57,55,67,57,55,53,58,56,59,57,60,56,58,48,61,67,59,55,56,57,54,59,58,51,54,57,60,65,46,63,60,56,55,57,57,52,61,56,62,52,71,60,57,54,57,58,58,59,55,63,56,56,60,58,57,53,58,57,55,57,58,52,60,56,56,56,66,74,56,56,59,55,50,61,59,57,59,66,49,55,59,58,56,56,64,58,57,57,148,57,56,59,56,60,58,50,59,44,59,55,58,59,58,52,57,58,56,59,57,57,61,54,61,52,55,60,62,55,59,59,56,52,57,60,47,54,57,44,52,56,53,64,60,49,57,51,48,59,57,56,59,51,55,55,55,53,59,52,69,56,59,56,55,52,58,102,55,52,53,69,53,54,53,59,58,64,65,60,63,60,66,49,56,64,65,52,59,57,58,60,57,55,53,56,55,54,92,53,57,56,61,60,54,59,50,55,51,54,60,63,64,65,58,59,56,59,59,53,96,63,54,54,54,53,64,55,58,55,59,54,56,56,56,59,62,56,55,63,58,58,59,51,52,56,59,65,59,56,58,56,57,57,64,0,56,63,65,58,60,58,57,54,57,61,51,58,52,60,58,56,54,50,46,54,51,58,57,53,57,59,63,59,57,57,63,117,54,54,53,58,57,57,53,57,57,57,56,57,56,49,55,54,52,61,54,60,59,58,58,54,65,56,55,57,95,58,52,59,53,51,59
39,102,47,38,38,32,21,34,35,27,36,19,38,37,34,42,35,25,38,34,38,41,40,44,35,49,39,39,34,34,39,35,38,38,67,38,33,27,46,37,45,39,35,44,31,34,40,38,40,34,36,33,29,50,41,31,24,37,41,38,33,37,42,38,35,66,39,26,27,28,35,34,31,37,36,37,36,36,70,41,37,27,33,38,34,25,36,52,32,33,41,37,31,33,39,35,37,69,27,28,40,40,30,33,66,73,35,52,46,38,40,34,41,38,40,40,38,36,39,39,35,35,46,33,38,35,138,35,33,43,34,43,51,33,41,38,36,41,38,42,40,37,42,39,19,26,33,37,37,37,37,27,38,40,36,56,32,37,39,39,40,40,45,37,39,43,47,35,33,59,38,58,38,36,49,24,37,48,39,34,35,43,35,42,35,31,72,37,39,31,34,49,30,114,40,38,37,64,36,43,25,40,36,46,46,40,26,40,54,36,30,45,25,28,43,22,24,35,29,41,57,36,31,45,89,37,32,30,38,33,38,29,39,34,37,24,34,26,45,52,40,41,38,19,44,40,89,42,19,31,36,36,27,43,30,39,41,38,33,26,40,40,30,34,30,26,37,35,35,23,38,37,40,54,17,35,39,37,36,27,36,56,0,30,43,38,40,37,39,33,34,38,38,26,30,30,28,38,47,35,34,37,32,29,18,35,24,32,39,38,39,30,35,117,28,41,34,40,39,25,21,37,36,34,38,34,33,34,36,36,38,38,39,43,29,35,39,33,49,34,42,23,89,38,35,40,33,33,40
24,96,41,34,24,24,37,25,36,18,19,44,35,23,46,25,38,24,21,27,19,37,20,27,22,38,45,22,20,27,24,24,19,26,69,19,18,35,41,22,49,18,19,48,21,20,22,22,19,21,23,36,12,58,36,42,16,18,43,22,17,34,36,19,28,64,22,14,23,12,21,19,23,24,35,38,36,23,66,26,22,26,17,21,25,16,22,51,19,26,19,21,16,15,16,39,23,59,16,30,19,33,18,19,66,71,17,57,47,23,33,27,21,22,19,45,15,28,39,20,24,17,40,20,21,17,141,21,51,43,18,20,59,30,18,34,28,27,17,19,19,34,32,18,22,30,15,26,20,22,21,30,23,20,27,55,12,25,28,24,22,19,38,24,20,27,40,13,23,57,29,48,31,32,43,44,22,48,19,25,25,51,22,26,29,32,73,25,19,15,43,41,20,111,25,24,42,65,29,30,34,20,23,38,39,20,12,19,46,33,21,45,25,35,38,31,19,17,20,24,54,23,23,21,91,31,15,27,27,23,42,26,41,19,20,39,31,14,43,49,25,21,16,23,30,40,91,40,21,28,32,41,17,46,19,36,20,42,23,37,38,20,33,19,39,37,38,28,41,44,31,26,18,54,27,25,22,20,30,37,18,63,30,0,21,16,19,22,20,28,23,25,23,17,30,19,19,18,46,35,25,25,17,16,17,24,25,12,26,25,20,33,22,107,11,46,23,20,39,28,30,18,20,15,21,23,29,27,23,18,29,19,22,23,32,17,24,24,34,20,28,17,86,21,28,20,23,31,22
32,104,44,35,27,31,39,39,42,30,30,42,42,31,49,36,41,25,19,27,27,38,28,28,30,40,39,30,31,32,29,28,30,30,73,29,27,30,46,30,36,32,25,52,31,25,28,31,33,32,27,39,23,56,38,45,32,33,47,33,28,25,42,29,23,70,30,32,27,19,32,31,26,27,37,39,37,27,64,33,24,26,29,27,30,30,24,45,25,28,18,34,33,31,24,39,34,64,29,29,33,37,26,26,71,79,30,46,48,31,27,30,34,32,27,53,34,30,48,32,31,22,36,30,29,32,140,26,48,52,30,35,60,28,33,42,21,33,27,34,32,37,30,27,24,36,31,36,34,32,28,31,26,33,28,58,22,32,37,36,25,33,39,36,30,34,45,28,27,52,35,48,38,40,52,44,27,52,31,34,32,43,29,34,40,38,61,30,30,27,41,52,26,114,33,32,44,56,37,36,26,31,29,46,36,33,31,33,55,39,28,45,28,41,44,26,31,28,21,33,59,28,32,35,94,37,33,38,41,27,41,25,48,31,26,45,33,32,45,26,35,34,28,36,31,29,90,49,29,31,40,43,32,45,28,41,33,41,32,21,44,31,33,30,43,41,35,39,44,35,40,31,31,60,39,32,27,31,34,20,14,65,43,21,0,28,33,30,30,34,31,27,32,30,35,31,28,27,46,40,38,25,32,24,28,30,34,22,31,29,30,38,38,111,21,41,33,26,37,37,28,23,27,22,29,32,33,29,31,31,29,30,31,33,42,29,28,33,44,28,30,23,95,32,34,31,30,33,29
15,94,39,31,8,21,35,31,41,18,13,39,33,21,46,26,36,23,11,16,7,36,8,25,13,35,43,13,14,26,10,5,12,17,65,14,16,30,41,17,33,12,16,42,20,16,13,17,12,20,8,34,22,57,35,45,17,21,42,15,6,34,43,14,26,62,13,17,37,7,13,15,19,20,36,37,36,15,65,22,9,25,7,13,25,28,24,47,13,18,11,13,13,13,8,42,13,61,7,33,12,43,19,2,66,76,7,50,40,17,32,24,16,14,19,48,17,33,46,15,16,14,38,2,14,7,134,14,48,49,10,19,55,25,9,40,18,26,10,8,19,31,34,7,27,33,18,23,13,22,16,22,23,15,24,56,20,31,33,21,23,12,32,22,14,32,41,9,15,61,21,47,31,41,44,44,4,44,15,16,15,41,14,24,26,30,66,15,7,22,41,45,6,107,16,11,37,60,30,34,29,8,29,36,31,15,19,12,44,34,12,45,24,29,43,30,19,16,12,15,49,31,17,15,89,31,17,31,30,22,40,29,41,18,17,41,31,17,43,43,24,16,13,28,28,39,92,45,24,27,31,39,20,41,26,32,16,40,25,29,39,8,34,14,34,40,35,41,41,45,33,25,17,59,31,24,14,13,34,29,25,58,38,16,28,0,12,16,15,19,17,18,16,12,28,10,7,9,46,37,28,18,19,21,28,16,28,22,13,28,14,28,23,111,11,43,16,11,39,30,28,4,15,6,16,19,30,23,16,19,21,5,15,17,36,14,12,20,35,14,26,18,88,22,27,30,17,27,16
8,97,44,36,8,19,38,33,38,24,13,45,32,25,44,28,38,28,11,16,13,41,10,28,15,38,43,16,17,24,8,12,14,20,69,3,22,35,48,16,44,7,16,50,27,14,7,15,1,17,13,41,26,57,37,43,26,27,48,14,15,35,45,3,31,69,16,22,36,13,12,4,30,22,33,34,32,12,66,23,12,28,7,9,29,31,31,54,8,23,13,6,25,22,9,42,8,62,12,30,1,42,26,15,71,78,8,54,49,15,34,25,8,6,22,47,22,32,47,3,27,17,38,9,9,8,136,19,57,53,11,21,57,35,8,46,23,27,9,12,19,30,32,14,34,32,20,18,4,22,25,28,25,6,30,56,22,26,33,17,25,3,39,19,3,35,45,14,18,61,26,51,37,40,50,43,10,50,3,18,18,47,11,28,33,38,70,18,9,24,38,46,11,109,20,14,39,61,30,31,34,8,29,39,35,6,25,2,47,37,19,43,25,34,46,38,22,25,17,16,54,27,13,21,93,30,22,32,33,23,38,33,43,17,17,41,29,22,43,46,23,8,22,34,28,40,93,44,34,30,34,41,24,45,27,37,8,38,26,39,43,8,36,9,43,37,35,41,41,44,37,31,6,57,36,25,4,13,30,39,28,60,40,19,33,12,0,18,3,17,20,23,12,15,28,15,11,10,46,38,27,20,27,17,32,17,34,27,19,29,4,31,24,108,17,47,15,15,41,32,32,13,22,10,18,19,28,27,18,22,28,12,12,10,39,6,6,17,39,4,29,24,91,25,27,33,17,31,6
19,91,42,32,15,16,36,31,34,12,9,40,27,9,46,22,31,15,18,9,17,38,17,30,17,38,45,12,10,11,16,19,13,6,70,16,19,25,47,11,48,17,7,40,27,10,17,17,18,4,16,37,22,59,30,44,17,10,41,18,13,32,44,16,13,65,12,21,34,16,15,15,26,17,28,29,27,15,61,7,13,22,15,15,23,22,27,44,13,7,17,15,10,10,15,43,13,58,15,26,18,42,18,13,65,72,18,49,42,20,26,20,19,16,4,43,10,35,43,17,14,12,38,12,18,16,135,15,51,51,14,26,55,29,17,43,22,17,18,18,16,26,17,18,18,27,13,21,19,10,22,26,17,16,19,57,22,10,31,8,24,18,30,14,16,27,47,16,6,55,20,51,31,34,43,38,16,47,17,12,11,46,14,22,19,31,72,3,13,6,36,37,19,106,4,14,31,60,29,27,25,17,19,41,37,16,20,18,45,35,4,41,31,32,40,34,4,22,15,19,53,23,11,18,90,28,18,31,35,12,37,28,38,4,8,38,29,21,45,49,23,19,21,35,33,30,92,45,24,32,29,35,20,37,19,35,19,37,18,35,37,17,23,18,33,40,32,40,34,38,36,29,16,58,31,17,15,4,14,35,30,58,37,22,30,16,18,0,18,6,2,18,10,20,21,17,13,17,47,34,16,2,19,9,19,6,20,28,17,22,18,27,22,113,21,45,8,19,45,27,28,17,18,18,3,12,22,11,6,5,18,17,9,19,31,19,20,8,41,16,22,24,95,12,23,31,7,22,19
8,96,39,32,4,20,35,32,32,21,12,46,33,23,44,26,36,25,14,17,11,40,10,28,14,36,43,17,19,23,5,12,15,20,70,5,22,36,45,16,44,7,15,48,26,15,7,16,3,18,10,36,25,61,37,42,25,28,45,14,12,32,42,6,31,67,17,22,35,10,15,5,27,21,35,36,35,12,66,24,11,27,8,7,29,30,32,53,7,24,12,9,24,22,5,40,10,62,14,30,4,43,23,12,69,78,5,56,49,16,33,26,14,6,22,45,19,30,46,6,27,16,38,10,6,8,138,19,55,52,10,25,58,32,6,45,22,28,9,13,19,31,32,14,33,31,21,21,12,23,22,25,26,5,32,57,24,29,32,19,24,5,38,21,0,32,42,14,19,62,26,48,32,39,50,40,13,49,6,19,17,44,10,29,30,35,70,19,8,23,39,46,13,108,20,14,38,61,31,32,34,8,30,39,35,5,20,5,46,35,21,40,25,31,47,39,23,22,18,16,54,29,15,19,92,31,22,29,32,24,39,30,42,18,17,40,29,22,43,44,19,14,21,36,35,37,92,44,34,31,30,40,25,45,28,35,14,39,26,36,41,8,35,7,42,34,32,38,41,44,36,28,9,58,37,22,2,15,33,36,28,57,39,20,30,15,3,18,0,18,18,22,11,16,26,17,12,7,45,35,23,18,26,18,32,18,33,26,20,29,2,34,21,106,16,46,16,14,44,35,33,14,25,10,16,21,26,27,16,21,26,16,15,18,39,6,9,18,37,3,30,24,89,23,24,32,17,30,5
19,95,37,33,15,10,39,29,33,13,11,43,30,9,41,24,38,11,18,10,20,32,13,32,17,35,44,18,17,16,19,21,15,18,72,19,23,28,50,4,50,14,12,52,17,17,19,2,18,12,18,40,24,57,34,41,21,15,43,19,18,40,47,16,12,68,18,22,34,18,19,18,17,22,33,34,33,13,66,17,19,19,20,19,28,23,32,51,18,5,18,15,18,18,19,39,17,56,20,28,17,37,21,18,71,64,13,46,51,15,25,24,19,18,8,44,18,33,48,16,18,16,40,13,18,18,139,21,57,50,18,21,58,35,18,38,27,19,20,18,13,26,30,17,17,18,20,16,17,13,22,17,17,17,20,57,24,11,30,10,26,18,32,13,18,23,50,15,10,55,13,53,29,40,46,42,19,50,15,5,14,50,19,19,26,38,67,1,19,7,37,45,16,105,3,13,33,59,26,36,33,16,26,37,35,17,26,17,45,32,6,42,31,27,35,34,18,23,20,15,58,15,14,17,90,26,18,25,36,9,35,31,38,12,12,38,24,22,44,53,22,19,17,34,32,36,88,42,18,30,28,33,26,39,12,30,19,35,7,40,37,16,25,19,39,44,30,42,41,44,33,25,15,60,30,18,15,11,15,40,31,54,33,28,34,19,17,6,18,0,3,21,12,16,26,21,20,21,44,28,24,18,25,13,27,2,27,31,18,9,17,31,21,107,19,45,7,19,40,29,21,18,16,15,3,16,26,18,1,8,19,16,11,21,25,17,17,10,38,17,19,13,88,5,21,34,11,26,16
21,96,37,26,18,19,36,23,34,11,11,44,32,9,36,27,32,10,19,12,18,38,21,29,19,36,44,14,7,11,14,17,19,16,71,20,21,26,49,13,43,20,9,46,22,10,18,11,20,8,21,33,19,59,23,41,13,11,36,21,17,40,45,20,12,63,14,18,34,17,19,20,28,14,35,31,34,17,61,17,18,19,16,17,30,26,31,44,15,9,21,17,7,7,20,35,15,58,16,25,20,36,18,15,64,66,20,48,46,16,16,10,18,17,5,41,17,29,40,19,17,14,39,14,18,19,135,16,56,48,15,23,57,31,19,45,23,12,21,23,13,28,16,18,19,34,9,16,21,14,24,27,13,21,13,57,22,8,26,4,26,20,36,8,18,27,49,20,6,57,18,44,26,35,49,38,19,47,19,4,13,45,16,20,22,30,65,6,15,4,36,34,19,108,7,15,32,60,15,30,25,21,19,41,31,21,21,20,47,32,5,40,26,34,34,35,13,22,17,6,56,16,17,17,87,28,22,28,34,16,31,28,40,8,10,35,26,18,44,51,24,18,20,32,28,32,91,45,27,30,31,36,21,40,22,31,18,31,19,34,43,21,24,20,34,41,31,43,40,39,29,19,21,58,20,17,17,12,15,34,30,57,34,23,31,17,20,2,18,3,0,19,12,23,25,20,19,19,46,29,20,1,15,6,15,8,23,29,15,10,21,27,27,107,17,43,14,21,42,26,16,18,12,17,15,13,26,17,3,4,19,21,13,24,32,20,18,8,41,15,25,16,95,9,16,33,14,23,19
22,95,39,30,17,11,38,31,41,15,22,41,33,23,38,29,39,26,16,19,23,36,21,27,22,42,46,17,20,26,19,12,19,21,60,21,18,36,40,19,44,20,23,49,27,19,20,20,23,22,11,29,21,54,28,42,21,20,45,24,16,26,37,21,20,61,18,17,26,9,22,21,20,20,35,39,34,20,60,11,17,29,20,20,26,16,30,51,19,19,15,24,20,19,20,43,21,57,18,29,23,33,11,19,64,70,18,50,45,20,23,28,23,18,19,52,15,31,49,22,15,22,37,18,21,18,142,15,53,46,18,24,55,27,22,49,21,27,24,23,22,29,32,19,28,36,21,24,24,18,21,24,18,23,29,55,9,20,37,21,17,23,29,22,22,35,36,19,19,61,18,51,34,40,48,45,16,46,22,20,18,43,20,28,28,38,73,19,17,15,38,39,15,109,24,21,42,63,28,30,32,22,26,38,37,23,10,23,50,33,17,42,23,25,42,34,21,14,19,20,44,31,22,15,91,30,21,23,30,21,39,32,37,23,24,35,29,17,47,45,20,23,13,25,22,36,94,41,23,20,31,42,24,45,18,31,24,39,15,21,34,22,34,20,46,42,34,37,42,38,37,20,23,59,29,23,18,21,22,23,19,61,38,25,27,18,23,18,22,21,19,0,21,15,28,17,19,19,45,29,27,21,20,18,30,22,29,17,16,24,22,31,19,111,10,41,23,20,36,30,29,18,22,15,24,19,25,19,22,22,24,18,23,24,41,22,19,24,40,18,30,17,94,14,30,29,22,27,23
12,100,40,28,12,17,38,33,36,22,5,43,28,18,39,23,35,22,11,18,11,36,11,31,8,38,42,10,16,24,11,12,10,16,69,10,19,35,48,10,47,9,8,45,24,12,12,4,13,12,13,35,25,57,35,44,22,22,47,13,20,34,43,11,24,69,10,24,33,14,10,9,25,17,37,37,37,1,63,16,10,25,10,11,21,28,29,46,9,16,14,11,19,20,12,41,10,60,15,25,13,38,24,14,71,79,10,53,49,4,36,22,13,8,16,41,22,32,44,12,20,12,38,14,11,10,141,18,54,51,10,22,55,31,13,47,21,23,8,17,16,27,32,12,27,31,16,21,13,20,20,28,20,12,22,55,24,22,33,14,25,13,32,14,11,27,46,14,14,56,26,48,28,40,42,43,9,47,12,14,10,48,5,24,24,34,72,16,11,20,38,47,13,107,16,2,36,64,25,33,32,11,28,38,34,12,25,12,48,29,18,41,31,35,46,36,16,23,17,4,57,27,13,16,89,25,16,30,36,18,35,32,41,14,4,39,22,24,42,51,20,13,19,35,32,41,91,40,30,30,31,39,24,38,24,29,13,35,19,38,41,11,35,9,43,42,35,43,40,43,34,27,11,56,32,17,11,10,31,38,31,51,38,23,32,16,12,10,11,12,12,21,0,14,25,17,15,8,42,32,23,18,24,12,28,16,32,26,15,26,10,32,21,112,17,46,8,18,41,34,29,11,15,14,10,12,25,16,16,14,21,17,6,21,40,11,10,14,37,10,24,20,93,18,25,33,16,27,11
16,95,43,30,17,18,35,30,37,22,15,33,28,22,46,27,43,27,13,14,9,34,12,32,16,38,46,18,18,27,18,9,14,17,67,13,19,30,41,16,48,11,17,50,26,19,12,16,15,20,10,37,20,59,31,41,24,24,48,15,17,31,38,13,29,68,18,15,37,8,15,14,33,18,33,39,34,14,67,24,15,26,13,15,19,32,26,52,9,25,11,15,22,22,10,41,13,60,12,31,15,36,19,8,70,78,14,59,51,16,34,31,16,10,22,47,23,32,50,16,28,16,41,9,11,15,138,14,47,47,14,26,60,34,18,39,13,26,7,15,24,30,28,17,24,26,18,17,16,25,24,24,27,15,35,52,11,25,34,20,24,15,33,22,16,34,43,3,18,59,26,47,34,38,51,39,10,36,14,15,16,43,13,30,28,32,70,19,16,26,41,48,4,108,19,17,39,62,28,34,32,14,24,39,38,15,21,15,50,33,23,46,19,24,43,34,24,12,5,16,58,26,18,20,90,30,14,27,26,24,41,27,37,18,16,35,31,15,47,47,20,16,20,24,26,41,93,47,25,22,31,41,17,43,28,33,16,41,25,27,42,14,33,15,34,42,34,39,41,44,35,33,15,53,24,22,14,17,30,29,31,58,26,17,30,12,15,20,16,16,23,15,14,0,29,9,10,13,40,31,24,20,17,16,28,18,34,20,16,31,16,26,17,111,9,41,15,18,39,33,29,8,24,9,19,17,27,20,18,18,28,13,17,16,35,15,15,16,42,15,30,18,91,22,27,19,17,33,12
30,98,35,31,30,27,19,24,37,26,30,43,31,28,26,17,16,26,27,25,32,33,25,38,29,42,44,30,26,24,29,31,20,31,64,26,31,35,42,24,46,27,22,32,26,27,28,27,28,27,28,14,32,55,37,25,32,19,44,29,28,38,47,26,31,65,29,32,33,24,31,27,20,28,12,14,12,26,49,29,27,17,28,26,36,25,35,41,27,30,29,28,29,30,26,35,28,61,27,10,28,36,31,28,69,71,29,51,44,27,22,30,29,25,29,22,22,33,43,27,28,25,44,28,26,29,145,20,52,42,26,34,53,19,29,45,31,26,28,29,26,5,29,29,16,10,24,26,29,29,33,22,32,28,28,56,29,24,10,22,23,28,25,25,26,29,36,27,24,57,30,51,27,33,48,32,29,47,27,28,25,45,25,28,23,14,76,26,27,27,30,48,28,106,24,24,27,67,5,27,26,27,22,41,42,28,33,28,46,10,20,18,31,29,47,35,23,29,30,25,55,25,26,27,69,5,30,27,38,25,12,34,25,21,23,13,32,32,46,52,32,29,29,33,36,37,92,46,34,33,10,30,31,36,28,9,29,12,29,34,36,27,24,27,18,35,32,38,17,39,28,26,30,58,18,28,29,23,27,34,28,52,30,30,35,28,28,21,26,26,25,28,25,29,0,31,28,28,27,28,24,28,18,23,19,27,29,34,31,28,26,29,31,107,23,40,29,28,40,31,20,29,26,28,25,27,22,29,25,26,29,31,24,30,40,28,27,29,45,27,34,21,89,30,21,34,26,4,31
16,96,34,35,12,20,35,35,41,21,14,35,38,18,45,30,46,26,11,19,13,39,15,28,15,41,47,16,21,27,14,11,15,17,69,15,20,33,47,16,37,15,12,44,20,18,14,13,17,16,8,36,19,53,35,41,25,28,45,19,18,35,46,15,25,67,16,12,36,9,12,13,26,13,41,42,42,18,69,19,14,25,13,14,21,26,28,47,14,20,17,16,19,19,10,43,9,58,7,32,17,42,25,8,72,72,15,48,49,15,35,24,18,15,14,43,23,31,46,16,24,11,38,10,15,14,134,17,39,49,13,27,60,29,18,44,21,27,15,19,22,34,27,11,18,34,17,19,16,22,21,27,23,16,29,58,17,29,38,21,22,17,36,19,17,30,46,7,17,58,22,49,33,43,43,46,12,36,16,18,13,48,14,26,29,35,72,18,16,20,44,42,8,110,19,13,36,57,33,34,27,15,32,41,36,16,10,15,49,31,17,49,17,31,41,23,19,16,12,18,53,31,13,23,94,34,21,30,31,19,41,28,45,18,14,43,31,12,47,44,22,18,18,26,30,38,92,44,26,33,33,41,10,44,23,31,18,41,23,30,38,15,39,14,36,24,31,39,42,45,32,25,14,57,24,23,15,16,28,29,26,60,30,19,31,10,15,17,17,21,20,17,17,9,31,0,4,15,50,32,28,20,25,20,29,20,36,23,15,23,16,33,17,109,11,43,16,10,36,33,18,7,18,18,20,20,30,26,19,23,23,12,15,19,26,16,14,19,37,13,24,20,94,18,29,26,20,27,17
11,96,40,35,5,18,34,34,39,23,17,35,35,19,45,28,42,23,7,18,9,37,12,27,14,40,45,16,17,23,8,7,16,18,70,10,19,33,46,16,37,10,13,43,19,15,7,17,11,19,6,37,26,55,36,44,24,28,50,12,18,32,43,9,27,68,16,10,32,12,13,11,25,21,36,39,36,14,67,20,7,26,7,10,19,26,27,48,7,20,12,9,18,18,6,41,7,59,2,31,11,38,21,8,70,72,10,53,48,17,35,22,14,6,22,44,19,32,48,10,24,13,37,8,11,10,130,17,43,54,8,27,60,30,12,39,21,29,11,17,17,31,33,10,22,33,15,19,12,16,20,27,21,13,31,55,20,33,37,21,25,11,36,21,12,30,42,10,16,62,23,52,33,43,43,48,7,38,10,20,15,43,12,26,29,36,66,19,10,26,44,42,6,108,20,14,39,57,32,32,27,12,29,42,36,13,13,11,49,30,18,48,20,32,42,27,20,17,16,17,54,30,17,23,94,31,22,28,31,18,39,30,38,20,14,36,30,10,45,45,28,14,19,28,33,39,92,43,26,33,33,40,13,44,21,30,15,39,21,27,39,12,34,10,36,31,31,38,40,46,33,25,14,58,26,24,8,14,29,26,25,58,28,19,28,7,11,13,12,20,19,19,15,10,28,4,0,7,48,31,28,15,23,17,25,20,35,20,15,24,12,36,20,109,10,45,19,11,44,31,22,8,17,14,16,22,31,26,19,23,23,10,14,20,29,11,13,21,30,10,22,20,94,22,27,25,19,27,11
12,100,39,32,8,23,34,35,39,18,18,39,32,25,47,26,37,22,12,22,11,35,10,29,9,37,41,16,19,24,6,10,13,17,68,8,22,39,46,14,45,10,15,52,27,18,10,17,12,19,13,34,20,60,37,43,25,22,47,11,19,33,43,11,33,66,16,21,34,10,14,9,30,20,39,36,39,8,69,25,7,30,10,10,26,26,29,55,8,25,12,10,21,21,8,42,7,61,10,29,12,38,23,10,68,80,9,53,47,14,33,24,12,11,21,44,22,35,47,11,30,14,37,9,10,11,137,14,54,53,7,23,61,28,9,42,23,27,7,16,18,32,30,12,31,32,19,24,11,24,21,27,28,9,29,50,25,28,35,20,27,12,35,19,7,30,44,14,18,60,28,49,28,40,52,41,5,48,12,21,16,48,9,20,24,37,69,17,7,25,41,45,11,107,21,12,34,62,31,31,32,8,32,37,34,9,23,10,45,34,20,44,26,34,44,38,18,21,15,14,54,27,15,17,93,32,24,34,31,25,39,26,39,17,15,37,30,21,41,47,18,12,21,34,33,35,91,42,32,35,31,40,22,48,28,36,11,39,24,35,42,8,35,9,39,38,32,39,39,44,39,26,10,53,30,19,6,12,32,35,27,56,38,18,27,9,10,17,7,21,19,19,8,13,28,15,7,0,45,33,26,15,26,20,30,17,34,25,19,28,7,33,20,111,12,44,17,13,41,26,31,9,16,11,17,19,28,25,20,22,28,13,15,21,38,11,13,20,36,6,30,25,90,23,29,32,20,30,11
47,106,50,41,48,42,45,41,45,46,48,50,45,47,46,37,33,36,41,38,49,49,47,54,47,51,54,43,45,43,46,47,44,45,68,44,45,44,44,44,52,44,45,33,47,47,46,42,46,47,43,25,48,62,55,50,46,44,54,48,48,47,51,44,51,75,44,52,48,44,44,44,41,42,24,28,25,43,66,49,42,42,42,44,47,52,47,59,44,49,45,46,45,47,47,53,45,64,49,40,46,40,44,44,79,78,44,60,55,47,43,49,49,45,48,46,39,50,44,45,42,44,53,47,45,45,148,44,61,44,42,51,56,34,47,44,50,41,47,48,46,23,48,44,47,44,41,50,45,46,50,49,52,47,49,59,43,42,31,47,44,46,43,48,45,46,47,45,41,71,50,53,40,47,51,39,46,54,46,44,45,49,45,48,38,40,79,47,45,46,44,41,46,111,44,43,42,69,24,38,40,45,46,52,50,47,49,46,53,36,45,33,49,45,56,50,42,42,48,47,56,43,44,48,96,24,42,48,51,46,34,40,31,44,42,31,49,52,54,54,51,49,43,51,52,45,101,57,48,41,28,46,48,49,51,34,49,34,49,50,48,45,43,44,34,49,33,46,29,43,46,44,48,61,43,44,45,45,47,49,49,54,47,46,46,46,46,47,45,44,46,45,42,40,27,50,48,45,0,43,45,43,47,41,40,45,42,51,49,49,46,47,48,112,46,48,44,45,43,46,44,41,47,42,43,48,42,48,43,44,47,51,45,49,53,46,46,44,57,45,49,42,93,45,44,44,43,34,47
37,100,35,26,35,35,31,13,34,31,35,39,24,24,36,27,35,31,34,32,37,5,36,39,36,41,41,30,33,25,34,36,30,37,70,36,37,15,40,34,50,36,32,37,30,29,34,30,38,35,31,35,34,49,39,36,27,31,37,38,34,40,49,36,37,57,30,36,31,35,34,35,32,33,30,34,31,35,56,34,35,29,30,34,31,35,32,51,33,25,33,35,29,29,36,39,34,54,35,32,38,28,30,33,62,75,35,50,50,32,28,37,38,34,27,48,27,33,43,37,28,33,43,34,36,36,147,28,56,46,34,40,59,31,37,31,32,28,33,37,33,22,39,33,34,12,28,40,39,31,39,34,33,37,35,45,36,32,28,32,30,38,7,29,35,28,33,33,29,59,32,54,30,36,47,40,36,50,37,32,36,47,34,34,30,27,74,30,38,28,44,38,31,112,32,35,29,61,22,24,25,38,27,42,40,37,38,38,45,32,26,32,38,30,37,39,38,34,37,32,62,22,33,31,86,23,34,27,38,31,28,32,35,30,32,31,40,36,43,54,39,38,36,33,28,26,97,42,28,27,23,30,37,8,36,25,39,28,33,40,11,38,26,35,36,47,30,41,37,45,28,24,38,60,36,32,36,37,17,39,38,50,35,35,40,37,38,34,35,28,29,29,32,31,28,32,31,33,43,0,37,32,27,36,33,29,35,37,35,30,35,35,37,115,27,41,36,34,42,32,25,28,32,34,35,38,34,28,29,33,36,38,31,39,39,37,35,35,41,35,35,28,98,24,30,28,31,27,38
26,99,39,29,28,20,38,36,35,24,22,44,29,24,45,20,44,25,24,24,25,34,27,34,24,36,42,21,20,20,28,26,22,17,70,24,23,34,49,17,49,26,23,52,23,23,24,22,27,20,26,39,29,60,33,42,18,23,48,25,23,37,47,24,30,64,21,29,37,24,26,26,28,25,34,34,34,23,62,22,27,27,26,25,34,24,34,53,23,26,23,26,24,19,26,41,28,62,28,31,27,42,19,27,69,78,26,56,52,23,31,26,28,23,24,47,20,35,48,26,25,25,44,21,25,24,134,25,55,53,26,29,62,30,23,49,28,17,25,25,23,25,31,26,29,33,23,29,28,25,28,30,22,24,33,61,25,27,36,22,24,27,34,20,23,16,46,22,22,56,24,51,34,35,44,39,27,54,26,15,23,46,25,31,33,34,72,17,28,18,34,46,24,107,12,20,37,56,32,33,33,26,24,40,40,24,27,27,49,30,18,42,32,32,47,40,16,25,25,15,59,24,22,24,88,25,19,35,40,21,38,35,42,18,21,35,26,29,40,52,29,28,27,38,39,41,92,45,25,28,32,34,28,33,30,38,28,38,21,44,41,26,33,26,42,47,34,43,41,42,41,25,26,60,40,14,25,15,26,41,29,46,34,25,38,28,27,16,23,24,20,27,23,24,24,28,28,26,45,37,0,22,27,21,32,20,28,30,25,28,23,33,29,115,28,47,21,25,42,33,36,27,22,24,20,23,22,17,20,26,13,29,22,30,37,26,21,20,45,27,32,25,97,24,14,36,23,28,24
21,92,36,29,22,15,27,30,33,10,10,43,26,6,36,25,38,9,18,11,20,33,18,30,18,43,46,14,8,18,18,21,16,16,67,18,15,19,48,15,47,20,17,46,15,20,18,19,20,8,20,31,18,57,29,38,19,10,35,23,17,38,47,18,12,68,14,16,39,19,18,20,23,15,33,30,32,15,62,16,16,19,17,17,24,26,31,40,16,6,19,19,7,7,18,43,14,59,17,25,20,33,17,15,71,71,19,51,45,16,30,10,22,19,5,42,19,33,39,19,11,19,40,16,18,18,134,16,57,47,16,24,58,33,22,38,23,11,20,23,14,30,27,18,27,34,17,19,21,15,24,22,18,19,19,56,21,9,31,22,23,20,28,21,18,27,45,20,7,57,21,43,26,29,43,31,19,46,19,7,17,45,16,22,23,34,71,7,15,5,29,34,21,104,13,6,34,60,28,30,17,19,21,41,37,19,21,20,42,34,5,36,28,30,39,35,5,21,18,19,57,16,15,16,90,29,24,28,35,7,29,24,36,12,17,34,23,16,43,48,22,22,19,30,29,22,91,43,18,17,34,32,20,40,14,31,22,29,16,36,36,19,18,19,38,41,36,41,41,40,39,21,22,58,38,16,18,10,16,37,28,54,37,25,25,18,20,2,18,18,1,21,18,20,28,20,15,15,43,32,22,0,12,6,33,18,20,25,20,18,19,29,23,112,16,45,12,21,36,26,21,21,15,18,13,21,25,16,4,3,14,21,11,21,33,18,20,4,39,16,15,17,90,15,18,30,16,22,19
28,98,39,27,25,8,31,27,33,20,22,42,31,17,41,23,36,19,22,10,26,33,27,27,22,41,48,18,15,13,24,19,18,23,59,25,24,23,26,19,50,24,18,41,16,21,26,22,27,26,24,27,22,58,30,32,16,11,45,27,27,38,39,25,28,65,18,25,36,20,19,23,20,20,32,35,31,23,60,13,23,13,20,25,23,22,15,40,24,21,29,22,12,15,21,33,25,59,19,25,27,29,14,22,70,70,26,56,34,25,16,25,27,20,20,44,10,34,36,26,15,22,46,19,26,27,139,11,52,49,23,31,47,16,25,41,26,19,26,24,14,28,26,21,19,27,14,24,26,16,23,17,13,27,23,56,26,14,27,25,17,27,34,17,26,31,43,21,14,55,22,48,28,31,50,45,21,48,26,20,23,42,24,21,29,18,71,26,25,20,32,42,18,106,20,22,36,61,28,26,20,27,16,43,34,27,29,27,49,28,20,45,22,24,28,26,15,21,23,22,58,11,18,24,76,29,14,21,32,27,32,26,36,15,18,36,26,25,47,46,28,27,27,31,29,24,93,45,17,18,21,40,27,38,23,34,27,32,23,34,40,27,24,24,30,40,25,43,33,35,27,27,27,55,29,21,24,17,19,35,25,51,32,17,32,19,27,19,26,25,15,20,24,17,18,25,23,26,47,27,27,12,0,9,16,18,31,29,19,21,24,30,30,104,13,32,25,19,39,27,33,21,21,22,19,21,28,18,17,19,25,28,18,27,33,26,21,21,43,24,22,14,87,14,21,29,17,16,27
21,97,38,34,19,4,36,33,35,18,7,40,29,13,43,24,31,23,17,3,11,40,22,32,19,37,41,7,5,11,18,20,7,17,64,17,19,25,36,12,48,18,5,45,20,14,19,17,17,19,14,32,16,58,29,43,15,20,47,22,18,36,45,17,24,66,6,25,30,18,15,18,13,16,26,29,25,18,62,13,20,13,19,18,25,23,15,40,19,15,17,20,10,14,13,39,19,63,19,27,17,34,12,22,68,71,18,52,41,16,25,17,22,18,13,46,7,33,36,17,27,12,39,14,17,19,139,8,50,46,20,26,52,22,18,43,22,20,16,18,10,28,28,18,19,16,8,14,18,10,24,24,20,19,20,57,15,14,34,18,21,17,40,10,18,31,43,22,5,50,24,49,30,37,46,41,15,44,18,14,18,47,21,16,26,30,71,11,22,22,34,42,13,103,10,11,35,56,28,29,23,22,20,39,36,19,25,17,47,32,11,45,32,35,36,42,16,12,13,16,50,10,7,18,81,28,12,26,27,17,32,25,41,7,6,39,25,25,43,43,24,22,21,34,30,43,92,46,17,30,20,36,24,40,24,38,23,32,21,31,43,22,38,18,32,41,25,43,42,36,38,23,18,57,29,15,19,6,22,32,22,58,29,16,24,21,17,9,18,13,6,18,12,16,23,20,17,20,41,36,21,6,9,0,24,10,23,23,12,19,19,21,18,109,18,34,12,16,38,25,25,21,18,17,13,16,23,11,8,12,21,21,7,19,36,20,19,7,40,18,16,7,91,16,17,32,9,22,17
33,93,38,37,27,13,21,35,34,28,26,32,30,25,29,26,40,20,28,18,27,38,33,33,30,38,48,31,29,29,33,33,26,30,63,31,33,28,37,30,46,31,30,40,21,28,31,22,32,26,30,35,17,60,21,30,27,24,38,32,29,39,40,31,32,57,31,25,29,31,35,31,22,26,36,37,36,27,66,31,31,19,27,29,27,32,15,40,32,18,33,30,20,19,25,42,31,56,27,26,32,31,17,34,64,70,32,54,44,30,18,19,32,29,27,44,14,31,35,31,22,31,42,28,30,31,132,19,51,52,29,35,51,17,31,43,35,34,29,33,31,25,13,27,11,32,14,30,33,28,26,14,33,31,13,54,28,20,20,21,30,32,32,19,32,33,43,27,14,59,32,52,30,39,53,34,28,45,29,18,28,45,33,30,34,24,70,20,31,14,38,42,29,109,28,25,44,63,24,29,17,31,18,41,40,31,24,32,47,36,28,42,31,31,26,36,18,29,28,30,59,17,32,31,79,27,31,27,32,25,28,31,39,24,31,38,18,25,49,44,35,32,28,29,35,25,86,47,14,17,27,35,33,46,33,29,33,28,30,38,37,31,33,31,27,36,28,34,41,34,28,27,32,54,14,24,27,29,22,28,27,57,18,17,28,28,32,19,32,27,15,30,28,28,19,29,25,30,40,33,32,33,16,24,0,28,27,31,35,28,30,22,35,101,26,40,26,27,33,32,11,24,30,33,19,20,29,30,22,23,31,34,29,34,40,32,32,19,40,30,30,10,78,21,28,31,18,29,34
19,96,36,31,15,9,36,32,30,12,9,41,33,10,39,22,39,25,18,19,20,39,17,33,16,33,42,9,15,10,16,17,8,11,69,18,16,30,47,10,49,12,9,49,22,10,19,7,18,6,17,33,25,53,25,37,17,22,48,19,15,33,47,15,22,67,9,22,33,18,16,16,28,16,30,37,30,17,62,14,19,18,16,18,26,24,29,46,16,14,18,13,11,11,18,37,16,58,17,25,17,35,18,16,65,72,13,50,46,11,31,22,17,15,18,46,19,28,45,16,13,13,37,18,15,13,138,16,56,51,14,21,53,31,19,43,23,25,19,16,14,18,31,19,26,30,15,21,17,14,22,25,19,18,20,58,24,12,27,1,26,18,37,5,18,22,48,17,9,51,18,53,30,39,51,41,17,50,16,11,12,49,16,22,26,39,71,10,19,12,41,47,18,107,11,13,36,63,25,35,27,16,25,40,36,18,22,17,43,29,15,41,32,24,40,29,21,22,17,7,54,12,13,18,92,23,21,33,35,14,27,33,40,10,5,38,18,22,43,52,22,17,19,32,35,36,88,44,18,25,26,37,22,41,12,29,17,27,14,35,39,16,32,17,37,44,29,42,43,43,31,23,16,56,35,21,18,4,16,38,31,53,35,24,30,16,17,6,18,2,8,22,16,18,27,20,20,17,45,29,20,18,18,10,28,0,24,27,11,9,17,33,21,108,19,44,13,16,38,30,25,18,11,16,9,10,23,9,1,5,22,16,8,20,39,12,15,3,41,17,26,18,86,6,24,32,14,24,19
33,98,41,26,34,24,34,23,38,20,28,38,27,30,34,32,41,21,27,23,35,42,34,39,29,37,48,28,27,24,30,34,30,30,63,32,33,31,47,29,53,32,22,46,19,25,34,30,34,18,34,32,25,58,27,47,15,25,30,35,31,33,41,32,26,65,27,34,26,33,30,31,24,27,36,41,36,33,63,26,34,19,26,32,34,21,20,43,33,29,34,33,25,22,34,38,33,58,35,17,34,39,21,32,68,74,29,55,34,26,25,23,35,32,24,51,24,29,39,33,31,26,44,28,32,27,144,24,60,30,26,33,50,33,35,48,30,25,33,36,28,28,22,35,31,30,22,36,35,26,34,26,19,34,22,51,32,32,25,29,30,34,36,28,33,31,40,33,30,67,32,42,29,39,43,36,34,48,33,26,24,43,33,23,28,34,70,32,34,29,32,43,32,109,30,24,35,66,34,27,31,34,25,42,38,34,32,34,47,35,28,43,33,29,44,25,21,29,33,32,56,30,24,31,89,33,16,30,39,26,34,32,37,28,27,34,24,34,48,51,33,35,23,32,30,32,86,45,15,25,33,31,33,36,18,37,35,34,23,33,38,34,33,31,32,46,34,38,38,40,39,31,34,53,34,28,33,27,28,35,34,57,24,25,34,28,34,20,33,27,23,29,32,34,29,36,35,34,42,35,28,20,31,23,27,24,0,27,29,21,33,28,29,104,29,37,32,32,41,21,31,31,30,31,23,15,33,28,28,23,28,31,29,37,40,33,33,31,42,33,25,26,85,29,30,28,22,25,34
26,100,39,33,24,26,39,34,46,20,28,47,35,30,49,29,47,31,26,21,18,35,24,30,24,46,48,26,25,26,24,22,27,30,69,25,23,33,49,29,50,25,26,53,32,23,23,29,27,28,22,29,27,64,35,44,24,28,47,29,25,32,46,25,30,70,26,22,31,20,27,22,30,24,43,42,43,25,73,29,27,30,22,25,22,25,32,55,23,29,25,21,28,26,24,41,21,57,24,32,27,32,24,18,72,73,25,57,55,29,36,33,29,25,30,54,25,37,41,26,27,25,43,18,23,23,144,24,42,50,22,28,57,29,27,52,32,32,25,26,28,32,34,31,35,34,24,29,28,25,24,35,27,27,35,58,13,35,35,28,32,27,39,32,26,38,43,19,27,69,30,51,41,45,46,45,25,50,26,25,28,47,25,21,30,37,75,30,24,27,45,48,17,112,28,29,45,69,35,32,36,24,28,45,40,27,16,27,50,40,28,44,31,37,47,33,29,21,17,29,63,31,29,31,96,37,24,30,39,29,43,25,37,28,25,35,32,22,50,44,29,29,26,20,33,46,98,48,22,33,36,46,26,46,28,37,29,43,27,26,41,24,43,24,47,44,35,42,44,48,41,33,27,59,39,31,23,29,41,27,28,59,32,12,22,22,27,28,26,31,29,17,26,20,34,23,20,25,51,37,30,25,29,23,31,27,27,0,23,29,26,33,17,115,24,46,28,27,44,34,34,25,24,20,25,29,31,28,28,27,32,30,27,24,39,23,27,30,38,23,34,21,86,31,26,21,27,36,27
19,101,37,37,15,21,34,30,40,25,9,48,34,10,41,29,36,22,18,17,13,37,18,29,10,43,48,10,15,26,19,16,12,20,70,19,18,30,47,14,46,18,15,47,20,12,11,16,19,15,17,32,29,52,28,41,17,25,49,18,15,39,52,19,19,70,11,20,22,18,10,18,26,22,36,40,36,14,60,10,18,30,16,17,16,13,30,49,19,15,23,19,22,22,13,39,15,61,15,30,19,36,14,15,71,71,19,51,48,13,33,26,17,18,14,48,16,33,48,20,15,18,36,15,18,15,142,16,57,52,15,25,61,36,20,40,23,22,19,17,14,34,33,14,29,29,14,14,19,15,22,30,16,19,19,61,23,23,35,13,21,19,37,19,20,25,45,20,13,53,13,55,39,38,43,48,15,52,18,13,13,52,20,24,31,39,70,9,14,13,40,46,15,109,15,18,38,58,36,30,28,19,31,41,39,19,24,19,47,29,9,47,27,33,41,31,18,26,19,13,54,34,16,17,93,36,16,27,36,10,37,29,46,13,16,44,32,20,48,49,22,17,24,36,30,37,95,43,32,32,31,36,25,38,16,29,16,37,16,33,35,19,26,19,39,43,31,43,39,47,28,27,19,60,36,26,16,13,20,33,29,63,39,26,31,13,19,17,20,18,15,16,15,16,31,15,15,19,49,35,25,20,19,12,35,11,29,23,0,14,20,34,27,107,18,49,17,12,46,30,37,12,13,14,12,19,27,18,12,21,18,12,18,21,35,19,17,14,41,16,19,23,92,12,23,35,17,31,20
27,96,35,38,26,19,32,36,36,24,21,41,31,13,39,24,33,22,28,27,32,39,28,27,25,42,44,20,22,25,26,23,16,27,64,28,25,33,47,22,40,27,20,44,12,19,25,13,29,15,24,36,26,50,16,29,18,15,45,29,26,34,49,28,12,64,19,29,30,29,25,29,30,29,39,37,39,26,49,10,24,16,27,27,25,18,30,50,28,15,27,28,14,25,27,39,29,60,24,23,29,44,20,29,64,60,27,39,48,22,18,18,30,28,10,50,19,36,42,28,12,23,39,23,28,26,134,21,57,49,28,30,59,37,29,37,22,25,28,30,17,27,23,25,25,37,18,18,30,16,28,19,6,30,21,55,31,13,37,19,25,29,31,21,29,20,44,29,22,49,18,49,36,44,39,44,25,56,29,19,18,42,28,21,31,42,59,17,29,8,35,43,25,109,13,21,41,55,30,29,31,27,22,44,41,30,27,29,50,33,12,40,26,19,33,30,13,26,27,21,53,21,26,23,89,30,17,21,39,9,29,33,37,9,21,29,26,29,46,42,28,30,29,34,30,20,89,46,21,19,27,35,22,39,11,30,30,29,16,39,23,27,21,28,42,36,36,45,37,45,36,27,30,57,34,19,26,14,17,37,17,59,38,25,29,28,29,22,29,9,10,24,26,31,28,23,24,28,49,30,28,18,21,19,28,9,21,29,14,0,29,33,31,109,26,38,22,22,30,26,20,30,14,25,10,19,31,19,8,16,12,25,25,31,35,26,26,10,41,27,23,15,93,9,17,37,19,30,29
8,96,39,32,3,20,35,32,40,21,11,43,33,23,43,26,36,25,14,17,7,41,8,28,14,34,42,17,18,23,5,10,15,20,68,6,22,36,45,16,44,6,15,49,26,17,7,16,5,14,10,36,25,61,36,42,25,28,45,14,20,32,42,2,31,67,17,20,35,10,15,5,27,21,33,34,32,12,66,24,11,27,8,6,29,30,32,53,5,24,12,7,24,22,5,40,10,61,14,30,3,43,23,12,69,78,4,54,49,14,33,25,9,5,22,45,19,30,46,4,27,16,36,10,5,7,134,19,55,52,10,19,58,32,4,45,22,28,7,8,19,31,32,14,33,30,21,21,10,23,22,25,26,3,30,53,23,29,32,18,24,5,38,20,2,32,42,14,19,62,26,48,34,39,50,40,10,49,3,19,17,44,8,29,30,35,70,19,10,23,39,44,13,108,19,14,36,61,31,29,34,9,29,37,35,3,20,3,45,36,21,40,23,31,47,37,23,22,18,16,54,28,11,19,92,31,22,29,32,24,38,30,42,17,17,40,28,20,42,44,17,9,21,35,29,37,92,38,34,31,30,40,25,45,26,35,9,38,25,38,41,9,35,4,42,39,34,38,41,43,36,29,6,56,35,22,1,15,33,38,28,57,39,20,30,14,4,18,2,17,21,22,10,16,26,16,12,7,46,35,23,19,24,19,30,17,33,26,20,29,0,34,21,104,16,46,10,14,40,31,33,13,25,9,16,19,26,27,18,21,26,16,11,11,37,6,4,17,35,5,27,24,87,23,28,32,17,30,6
33,99,44,34,35,24,36,32,41,29,33,42,29,31,39,28,36,32,34,22,25,46,31,38,33,41,43,33,30,33,35,35,33,32,74,33,30,36,39,32,48,32,29,54,36,32,32,32,31,31,27,39,35,62,38,40,33,30,47,31,30,32,50,33,35,70,32,36,42,32,33,32,27,22,34,34,33,33,71,33,35,21,31,31,32,36,23,53,34,31,33,34,34,35,28,41,34,64,32,35,31,35,29,31,70,75,28,56,40,32,39,33,35,33,32,46,25,32,37,30,28,27,40,29,31,31,140,33,48,48,33,35,61,30,30,38,36,34,30,33,29,30,30,36,32,25,31,36,32,33,33,31,31,34,37,45,24,29,38,33,31,31,39,31,34,34,40,34,26,60,34,47,31,32,43,35,33,53,30,35,32,45,34,38,31,32,74,27,31,30,33,48,26,101,32,33,37,58,29,32,30,31,26,35,36,34,36,31,46,34,33,48,26,33,45,35,29,25,28,33,59,22,32,29,79,29,27,30,31,32,35,30,36,31,30,43,38,36,41,49,31,35,29,38,33,43,97,41,21,29,35,38,34,47,36,35,36,35,32,32,43,31,40,32,37,42,30,42,40,38,34,33,35,59,35,33,34,32,31,36,31,57,30,33,38,28,31,27,34,31,27,31,32,26,29,33,36,33,47,35,33,29,30,21,22,33,28,33,34,33,34,0,33,108,28,30,34,30,28,33,30,32,38,31,29,34,29,38,31,31,34,31,31,34,44,32,32,33,38,34,33,25,91,31,34,31,32,24,30
24,99,42,36,22,27,33,34,45,13,21,38,36,20,53,29,48,28,20,23,15,41,20,30,24,39,50,23,21,24,22,25,22,22,73,22,20,30,47,22,49,23,23,51,29,22,24,21,24,22,22,36,23,59,37,51,30,31,50,25,23,41,43,22,30,68,23,18,32,20,24,22,31,15,44,43,44,22,73,27,23,31,22,23,16,31,27,60,21,26,23,23,23,21,24,43,21,61,17,35,24,46,24,21,70,82,20,59,58,22,38,34,25,20,23,51,26,37,49,23,27,22,41,23,22,22,147,21,50,49,22,25,60,33,23,52,31,30,21,24,23,37,38,25,25,34,18,22,25,21,26,36,29,22,39,57,15,33,37,21,25,24,41,21,21,35,48,19,24,68,31,58,39,43,52,44,21,45,24,21,21,52,23,30,33,35,78,24,20,29,41,50,14,111,18,22,41,71,36,37,42,20,28,41,39,22,15,24,55,30,20,49,19,36,51,32,25,17,14,21,59,32,22,21,94,36,16,34,34,28,44,29,49,18,22,43,34,18,50,56,21,25,18,31,38,46,98,45,33,37,36,42,19,39,29,39,25,44,31,32,47,20,45,22,47,38,38,40,38,44,42,32,24,58,33,24,21,21,38,33,32,63,35,22,38,23,24,22,21,21,27,19,21,17,31,17,20,20,48,37,29,23,30,18,35,21,29,17,27,31,21,33,0,111,22,42,23,24,39,38,26,21,26,20,19,23,30,25,19,22,29,25,24,25,34,23,23,18,44,21,32,23,100,24,32,26,21,32,24
110,100,116,117,106,103,116,116,109,114,108,107,107,111,108,107,118,104,101,108,108,113,102,117,108,108,110,112,110,103,108,109,111,111,114,108,114,104,112,111,119,110,112,112,114,113,110,109,109,108,111,108,112,119,113,118,109,107,114,110,108,100,107,106,112,117,112,108,111,108,106,109,108,107,116,117,116,108,115,112,110,106,110,109,112,113,110,109,110,108,98,108,105,107,110,116,108,104,112,109,107,98,110,109,119,116,106,119,113,105,95,106,106,103,111,111,104,105,107,106,106,112,114,109,108,108,149,109,103,113,108,107,100,108,104,112,115,114,109,107,105,110,104,106,98,110,111,111,107,107,106,116,111,104,104,112,108,106,112,110,105,109,115,109,106,118,112,106,104,107,110,113,116,116,117,105,105,117,106,111,108,105,110,108,113,106,119,111,105,109,104,116,111,121,109,108,116,111,111,111,105,108,111,105,110,104,113,106,120,117,109,113,101,114,89,112,104,111,112,111,80,97,105,114,111,111,114,110,111,111,108,109,112,106,112,111,108,108,112,118,105,106,109,115,108,89,105,115,111,109,107,107,112,110,105,111,106,108,105,111,115,108,96,108,103,111,107,106,109,107,103,108,106,108,109,115,105,110,104,115,102,117,117,107,111,111,108,113,106,107,107,111,112,111,107,109,109,111,112,115,115,112,104,109,101,108,104,115,107,109,104,108,111,0,108,109,105,110,109,107,110,106,111,106,113,111,113,108,105,110,114,110,105,108,120,107,102,106,114,107,109,108,55,112,110,106,108,112,109
20,95,38,28,16,16,38,32,39,15,15,36,33,20,41,27,40,22,16,15,18,35,19,29,15,39,44,13,16,23,18,10,15,20,58,19,13,34,42,19,47,15,15,45,19,18,19,20,17,16,17,26,14,57,30,41,18,17,43,20,18,34,41,19,33,67,13,15,31,9,15,15,25,17,35,32,36,20,67,25,19,24,13,19,23,30,23,38,13,22,16,16,12,11,13,42,15,62,10,31,17,31,19,9,68,77,15,52,38,20,29,19,17,13,18,39,19,30,46,16,27,15,39,9,19,16,140,11,43,50,14,21,55,27,16,36,16,24,16,17,15,28,36,17,27,27,11,20,16,17,17,16,25,16,32,52,9,26,33,19,28,17,32,20,16,30,34,13,16,62,27,46,33,39,47,40,12,36,17,18,17,43,16,27,25,38,72,19,19,22,40,40,13,108,17,17,35,62,24,24,23,15,28,38,37,16,25,17,43,28,15,44,20,28,47,33,16,16,12,20,58,30,22,18,90,28,19,23,33,24,39,20,40,16,15,37,31,15,47,43,18,17,8,27,35,41,91,48,27,25,31,30,21,42,23,32,16,39,19,22,37,15,36,15,35,36,27,39,36,45,28,25,15,58,25,19,18,20,33,22,25,54,28,11,21,11,17,21,16,19,17,10,17,9,23,11,10,12,46,27,28,16,13,18,26,19,29,24,18,26,16,28,22,108,0,39,19,15,40,29,32,10,16,12,17,18,27,23,17,18,22,16,20,18,32,16,18,19,39,15,25,21,83,16,21,30,17,28,21
46,97,42,46,46,45,16,46,48,34,45,34,45,40,35,40,40,40,39,44,47,41,45,46,46,50,50,42,45,43,44,48,44,42,67,43,43,39,38,45,51,42,44,46,36,44,46,43,47,48,43,39,39,46,36,24,43,43,38,47,45,47,46,43,41,56,42,45,33,41,46,45,39,38,45,47,45,46,55,36,40,45,40,42,40,35,34,37,45,42,42,44,45,45,45,47,45,67,44,39,47,44,44,43,63,64,43,56,43,45,44,45,44,45,41,59,41,47,38,44,33,44,49,40,42,42,131,41,46,51,44,45,65,25,46,33,46,49,44,48,40,46,27,46,42,43,40,48,48,39,46,32,43,45,37,55,46,42,45,44,44,47,41,48,46,41,40,44,44,50,40,46,51,45,41,23,46,49,46,46,41,39,47,44,41,38,68,45,44,32,34,41,46,105,47,42,51,50,45,46,25,45,42,46,53,45,45,47,51,29,44,46,42,9,33,36,46,37,43,44,58,27,44,47,71,38,41,12,42,40,37,41,45,43,42,44,45,45,50,43,50,44,41,47,45,43,83,52,34,26,37,38,45,47,45,28,44,37,46,44,49,45,33,44,36,48,46,47,41,38,24,42,45,62,29,44,42,44,41,42,38,54,41,46,41,43,47,45,46,45,43,41,46,41,40,43,45,44,48,41,47,45,32,34,40,44,37,46,49,38,46,30,42,109,39,0,45,42,8,38,44,42,50,44,41,41,39,48,41,43,39,48,46,49,35,44,46,47,45,44,44,40,93,44,42,40,45,43,43
17,99,40,32,12,20,39,36,39,19,10,44,33,10,44,27,39,22,16,16,16,39,9,33,13,33,43,6,17,19,18,17,13,16,71,17,23,31,48,4,49,13,12,49,24,14,19,15,17,11,16,39,27,61,33,41,26,27,49,17,20,34,47,16,26,67,6,25,30,18,15,16,29,20,37,39,37,9,66,12,17,26,17,17,23,27,28,46,14,16,17,14,13,17,17,39,17,63,15,28,14,40,24,16,74,78,11,53,46,10,33,20,13,13,16,47,21,32,45,13,20,15,35,16,18,11,143,16,54,53,15,22,59,33,13,47,22,21,18,13,18,31,32,17,32,22,18,19,15,20,27,26,20,11,26,56,23,24,37,12,28,17,36,13,16,28,49,17,14,56,25,53,30,42,46,44,17,49,13,12,8,52,16,24,28,40,71,14,16,20,43,43,17,107,12,9,34,58,27,35,34,10,30,33,31,11,26,14,45,35,16,45,29,37,45,29,18,24,17,16,57,23,14,18,93,31,21,26,37,18,32,34,41,13,12,39,20,25,41,52,20,13,21,35,28,37,89,41,34,28,31,39,27,38,20,35,13,32,21,37,40,10,28,17,43,43,35,43,42,45,35,30,10,59,33,19,11,11,30,37,31,53,34,23,33,16,15,8,16,7,14,23,8,15,29,16,19,17,44,36,21,12,25,12,26,13,32,28,17,22,10,34,23,105,19,45,0,18,42,30,28,18,17,14,6,18,27,14,18,20,25,16,8,16,39,10,14,13,38,18,24,26,88,10,25,33,13,29,19
16,100,40,33,14,23,36,31,42,18,15,45,35,17,44,27,44,24,13,20,14,38,16,25,14,41,44,16,20,24,11,8,20,22,69,13,16,27,44,12,31,17,16,48,22,18,8,18,15,16,15,34,23,52,35,36,26,25,46,20,13,36,43,13,24,63,16,16,25,11,16,12,26,21,38,41,38,18,62,14,11,29,14,13,28,22,26,52,11,16,8,17,21,20,15,43,14,63,14,30,15,42,23,12,70,71,18,50,48,18,31,25,17,10,14,47,23,36,48,16,23,14,25,6,13,18,138,20,52,53,11,24,63,32,16,46,19,26,12,15,15,33,32,13,29,31,22,19,14,13,20,29,13,19,23,57,23,30,37,18,23,15,40,23,14,27,46,17,18,61,21,50,33,37,44,42,10,50,13,16,16,48,13,29,29,35,66,14,10,23,43,50,9,110,21,17,38,58,29,31,28,11,27,40,36,19,16,15,43,33,14,43,29,31,38,36,17,23,18,17,55,29,19,21,90,33,20,32,30,17,38,24,44,19,19,42,33,16,44,48,22,17,19,34,31,35,96,45,35,33,33,39,24,42,25,35,17,38,23,31,32,11,28,11,40,39,35,37,41,46,33,26,19,57,33,22,13,15,25,30,21,58,40,20,26,11,15,19,14,19,21,20,18,18,28,10,11,13,45,34,25,21,19,16,27,16,32,27,12,22,14,30,24,110,15,42,18,0,43,28,34,9,16,9,14,20,26,22,18,23,21,11,17,17,37,15,14,18,41,10,21,24,94,17,27,35,17,26,15
44,106,42,34,42,37,20,27,48,41,43,40,41,39,35,35,43,39,44,43,43,43,41,47,41,49,47,39,36,40,41,42,41,44,62,39,42,22,39,45,46,40,40,49,27,40,42,43,41,43,43,25,38,48,27,32,42,37,36,43,44,29,40,41,32,65,38,41,43,38,45,39,31,40,44,46,43,42,56,37,41,44,43,42,45,38,37,41,40,37,32,40,40,44,42,44,40,62,44,36,41,36,35,40,69,73,41,60,48,45,41,42,41,37,38,52,38,43,34,42,35,41,46,43,41,43,136,32,48,42,39,47,62,29,44,28,42,39,44,41,40,41,31,42,41,47,40,45,42,37,44,31,43,41,34,50,35,44,43,42,42,41,36,39,44,26,33,42,40,60,44,48,44,34,34,23,43,52,41,42,40,33,40,35,42,27,65,45,43,33,39,47,40,102,45,44,45,56,40,40,34,41,33,54,52,41,39,41,53,23,43,44,41,8,31,30,42,35,37,44,57,42,43,44,83,39,34,11,45,41,33,31,45,36,40,46,42,41,49,41,44,41,41,37,29,43,89,48,32,19,44,36,39,49,38,32,40,33,44,42,40,41,26,39,42,46,40,49,41,42,21,45,41,61,46,43,44,40,38,43,34,57,39,39,37,39,41,45,44,40,42,36,41,39,40,36,44,41,43,42,42,36,39,38,33,38,41,44,46,30,40,28,39,109,40,8,42,43,0,36,36,38,36,42,41,43,41,42,42,41,38,44,41,42,25,42,41,40,43,40,34,31,91,37,39,35,39,40,43
34,98,40,34,31,21,31,30,43,32,33,30,33,26,44,28,40,19,33,32,35,33,34,38,33,42,51,33,34,27,28,30,32,35,63,32,27,23,48,28,38,33,35,51,25,33,33,33,32,30,36,34,34,59,31,33,21,23,35,29,29,36,49,34,31,68,33,29,33,31,27,31,23,33,37,37,37,34,64,20,33,18,29,33,30,33,21,42,32,26,32,28,24,28,29,37,29,61,29,32,32,35,21,29,65,68,33,54,46,30,23,29,29,29,27,43,26,35,47,35,30,36,41,30,34,31,135,21,58,50,29,35,50,25,35,48,27,35,34,30,32,37,20,32,24,33,22,36,33,32,30,26,20,34,27,60,33,20,33,29,27,32,31,30,35,31,34,35,25,61,29,52,36,36,49,27,27,46,32,29,30,41,32,30,31,33,69,28,31,32,40,47,35,107,34,32,35,62,36,29,20,34,28,45,41,34,31,32,54,36,36,46,30,27,47,22,15,32,31,32,57,22,33,40,83,37,25,24,27,29,43,26,42,28,33,36,26,29,43,50,38,29,35,30,34,33,81,49,22,28,31,32,30,37,34,37,29,43,25,31,41,34,29,32,36,43,33,38,37,40,31,25,30,62,26,27,32,33,20,30,33,57,25,28,37,30,32,27,35,29,26,30,34,33,31,33,31,26,46,32,33,26,27,25,32,30,21,34,30,26,31,33,38,107,29,38,30,28,36,0,26,27,35,34,31,27,27,28,20,26,34,34,32,31,36,29,29,25,47,30,34,25,85,31,23,33,30,29,34
33,97,45,31,29,27,18,31,39,30,33,18,26,17,26,25,37,23,31,27,29,39,33,36,35,45,44,28,29,22,31,29,28,28,67,30,30,32,39,27,41,34,23,47,19,27,32,22,32,23,30,37,32,53,20,33,30,30,36,32,31,39,42,31,25,71,28,18,19,32,33,31,23,33,39,34,39,31,57,16,34,13,32,31,26,23,24,45,26,19,36,28,17,21,28,36,26,52,21,33,32,42,18,28,72,65,33,54,40,30,21,24,34,32,18,50,26,31,42,33,16,27,39,31,32,33,133,31,42,51,29,35,58,19,32,43,32,26,31,35,31,24,19,29,6,31,15,34,33,22,33,19,18,35,17,54,23,20,34,25,28,32,35,27,33,19,41,31,16,54,18,55,34,45,38,31,29,38,31,28,23,44,31,25,28,43,67,20,33,12,34,47,24,106,32,22,44,47,23,26,35,33,22,44,41,35,17,32,52,32,22,37,29,31,40,23,18,32,25,26,60,13,31,29,89,23,26,20,33,16,26,33,31,28,23,37,34,18,49,44,34,34,32,20,30,35,86,49,15,11,26,32,18,42,24,29,34,26,24,20,38,33,31,30,31,27,21,37,41,34,28,31,34,58,4,31,31,27,25,21,36,53,21,30,28,28,32,28,33,21,16,29,29,29,20,18,22,31,44,25,36,21,33,25,11,25,31,34,37,20,33,30,26,110,32,44,28,34,36,26,0,31,23,35,27,31,32,23,26,22,25,29,21,36,28,30,34,23,39,29,17,13,89,16,28,34,27,28,34
14,96,40,32,8,18,32,34,40,13,14,39,33,24,44,30,39,19,10,18,6,34,15,29,7,36,46,16,20,26,10,4,13,16,67,13,21,30,42,15,44,6,14,39,26,18,12,14,13,18,2,34,19,58,34,42,24,21,43,14,16,31,41,13,31,68,16,15,33,8,7,10,26,17,37,40,37,13,67,25,7,20,9,10,25,29,29,53,8,25,13,11,11,12,7,39,8,55,8,28,13,38,16,2,70,79,10,55,52,17,31,26,14,10,22,42,20,27,42,12,25,13,40,9,12,10,134,17,56,49,8,23,60,30,11,42,16,25,7,11,18,31,35,10,30,34,16,23,12,24,18,24,28,13,32,53,19,25,34,21,25,13,37,21,14,33,45,7,16,62,29,48,35,40,50,41,7,46,12,20,11,44,9,29,29,35,67,20,8,25,41,44,6,106,19,10,40,59,30,30,24,11,32,41,37,13,16,13,45,32,20,44,25,31,40,30,21,20,19,16,56,29,15,20,91,31,24,34,33,25,39,25,40,19,14,40,32,15,46,45,25,14,14,28,28,38,94,44,29,28,29,40,17,43,19,34,15,39,26,25,43,11,33,10,32,38,35,40,39,43,33,26,12,56,30,21,11,11,35,25,22,57,37,18,23,4,13,17,14,18,18,18,11,8,29,7,8,9,41,28,27,21,21,21,24,18,31,25,12,30,13,32,21,106,10,42,18,9,38,27,31,0,18,8,14,19,28,21,18,20,28,11,10,18,32,9,8,18,43,9,26,21,92,25,24,28,20,27,13
24,95,36,22,20,21,34,28,40,16,10,48,31,15,44,25,35,23,13,17,20,34,24,29,20,35,44,7,15,14,18,10,17,16,62,20,21,35,52,15,42,23,13,43,23,15,21,17,22,21,18,39,26,55,35,32,21,22,44,27,18,39,47,20,21,64,8,21,28,23,17,23,23,20,34,40,35,18,66,14,18,24,19,20,17,21,27,49,18,16,19,21,7,11,15,40,18,61,20,29,22,41,19,13,64,64,20,40,47,17,32,26,25,22,14,48,17,34,40,21,12,16,33,17,20,23,138,8,53,51,21,27,59,25,23,44,17,31,18,25,16,30,32,20,28,31,17,25,21,15,20,20,12,26,27,60,25,27,29,12,20,22,34,23,25,24,37,21,17,60,24,51,38,38,45,41,12,50,20,11,20,44,19,17,23,36,67,21,20,20,39,43,20,102,23,16,42,57,35,24,26,24,19,37,37,26,23,22,41,28,10,45,29,25,43,28,21,13,22,19,53,21,10,24,94,29,14,22,35,17,35,24,43,17,10,37,26,21,44,37,26,25,23,34,17,36,92,44,29,25,32,35,17,34,18,28,25,35,11,30,41,24,33,21,35,43,34,40,43,46,29,30,21,59,31,12,21,12,24,31,22,57,36,20,27,15,22,18,25,16,12,22,15,24,26,18,17,16,47,32,22,15,21,18,30,11,30,24,13,14,25,38,26,111,16,50,17,16,36,35,23,18,0,23,16,22,27,4,15,20,22,22,18,26,24,24,19,14,33,17,23,26,96,17,30,36,11,36,23
14,98,44,31,8,17,29,32,39,21,17,44,30,23,41,28,35,24,11,18,13,40,8,31,14,36,44,15,13,24,12,12,12,19,66,11,19,28,48,13,42,9,15,50,25,16,10,12,11,14,8,29,23,60,39,44,16,18,43,15,9,32,43,8,32,65,14,22,31,10,14,12,23,19,30,31,29,14,67,25,16,25,11,12,22,26,24,47,11,23,6,8,24,21,10,40,11,58,10,31,10,32,21,9,67,73,7,57,41,15,35,23,12,5,16,45,22,26,46,9,27,15,36,11,11,8,141,17,55,50,10,18,56,26,11,49,22,28,8,12,17,29,34,13,37,25,20,19,11,22,21,23,21,9,28,55,16,30,29,13,23,11,37,16,10,30,44,13,20,61,25,50,34,40,46,40,13,45,10,16,16,46,12,29,32,39,72,18,13,25,41,47,7,105,19,12,40,66,30,33,35,8,28,37,32,9,17,10,47,35,18,42,22,33,48,42,19,15,9,14,55,29,9,21,91,30,20,27,33,23,38,26,41,15,17,39,27,22,44,45,19,12,9,28,23,41,93,41,31,28,29,39,17,44,28,34,11,38,28,33,44,8,30,11,36,39,33,36,36,37,33,29,10,56,35,22,9,13,35,31,16,57,34,15,22,6,10,18,10,15,17,15,14,9,28,18,14,11,42,34,24,18,22,17,33,16,31,20,14,25,9,31,20,106,12,44,14,9,42,34,35,8,23,0,16,19,26,23,19,19,26,9,9,19,38,12,12,15,43,12,23,20,87,21,27,27,19,25,15
17,97,37,31,17,13,34,27,37,18,10,46,28,20,39,24,34,23,15,16,16,38,18,33,16,39,44,9,15,11,17,18,9,17,69,16,20,26,43,12,49,13,9,48,25,13,15,7,18,14,16,32,26,55,23,37,20,14,49,15,16,34,43,16,17,67,9,25,32,15,12,14,24,16,30,34,30,10,61,15,17,19,13,16,21,24,32,47,16,15,12,17,12,12,15,38,14,60,17,31,18,40,20,12,68,73,10,52,49,12,29,26,18,16,11,49,21,32,46,17,17,12,39,13,15,10,138,9,51,50,14,21,52,25,16,41,23,17,12,18,14,26,28,17,23,18,4,16,17,14,26,26,21,17,26,55,20,21,28,3,23,18,37,13,16,28,46,12,7,56,20,49,32,32,42,43,15,50,15,6,6,47,15,27,28,32,71,13,17,19,36,43,13,108,8,15,34,58,26,28,30,18,24,39,34,17,26,18,46,33,4,42,28,29,42,28,13,20,18,9,57,19,10,19,92,30,19,30,37,15,29,32,39,2,9,37,22,25,42,52,25,18,20,37,29,38,91,43,24,29,21,35,24,38,22,31,18,29,17,35,37,18,31,14,36,44,31,44,38,42,35,25,17,56,34,17,15,2,25,35,31,56,38,21,29,16,18,3,16,3,15,24,10,19,25,20,16,17,43,35,20,13,19,13,19,9,23,25,12,10,16,29,19,113,17,41,6,14,41,31,27,14,16,16,0,14,24,17,14,18,20,19,9,18,37,14,16,15,39,16,15,22,92,17,22,32,6,23,17
21,97,41,36,16,13,38,34,35,23,16,47,37,13,34,29,42,17,22,17,23,38,12,33,19,39,40,8,11,27,19,17,15,17,71,21,19,34,52,15,49,19,20,53,20,15,21,7,20,6,20,37,23,58,24,38,23,29,50,21,19,36,49,20,17,70,8,23,32,16,15,20,23,18,31,39,31,19,62,15,23,29,19,20,28,30,31,51,19,9,22,15,20,20,20,40,17,65,21,25,18,44,21,18,73,75,16,51,48,13,27,20,15,17,23,45,22,26,48,17,17,21,39,21,22,21,142,20,57,54,19,22,61,33,18,43,21,29,21,21,12,31,32,17,29,30,16,20,18,18,25,17,24,18,16,57,20,18,36,10,25,20,38,6,21,34,48,19,15,56,24,53,33,42,50,40,22,52,18,15,11,48,18,27,29,42,72,14,16,13,38,44,21,106,13,6,35,61,28,33,27,17,30,33,36,18,27,18,44,29,18,43,27,28,34,34,19,22,23,18,55,24,16,20,90,32,15,25,37,21,28,35,45,8,14,43,21,23,42,53,19,15,15,33,31,33,90,43,26,24,31,39,24,40,23,36,15,28,17,39,42,17,32,21,40,45,34,42,42,40,38,34,15,59,23,26,16,11,21,39,29,57,34,23,32,19,19,12,21,16,13,19,12,17,27,20,22,19,48,38,23,21,21,16,20,10,15,29,19,19,19,34,23,111,18,41,18,20,43,27,31,19,22,19,14,0,24,21,15,16,24,15,12,17,43,19,18,14,39,18,21,21,94,11,31,34,8,28,22
29,104,39,35,29,21,36,29,42,32,23,45,22,24,20,1,39,31,26,23,28,36,27,35,26,43,45,25,26,23,29,29,26,27,71,28,32,34,20,21,51,27,24,47,31,29,26,22,28,29,31,35,32,48,39,34,26,25,46,30,28,41,48,28,31,69,26,35,25,27,26,28,26,28,36,39,37,26,68,25,29,22,24,29,28,29,31,47,26,29,29,26,30,27,26,36,28,56,27,26,28,31,24,28,72,70,27,52,45,23,34,30,30,25,20,46,21,31,48,28,23,26,45,25,28,27,136,21,49,51,27,30,42,34,28,42,31,29,29,29,26,25,35,31,31,36,28,25,29,23,33,19,24,27,30,56,26,31,29,22,29,28,35,23,26,30,42,26,23,42,30,47,33,15,29,36,26,55,27,22,25,45,25,25,25,38,66,23,28,27,23,49,29,94,19,30,31,56,29,11,29,28,21,40,38,27,35,28,52,34,26,36,32,25,46,32,25,29,27,21,57,25,25,31,64,30,23,28,40,33,35,37,34,21,25,34,23,35,47,56,31,30,28,41,33,44,92,48,29,26,23,29,33,42,27,28,30,35,28,35,42,28,39,29,43,47,34,29,39,18,30,30,29,56,40,29,30,25,33,36,35,56,33,29,33,30,28,22,26,26,26,25,25,27,22,30,31,28,42,34,22,25,28,23,29,23,33,31,27,31,26,29,30,113,27,39,27,26,41,27,32,28,27,26,24,24,0,33,23,24,18,30,26,31,37,26,26,28,47,27,20,29,90,24,18,30,22,25,28
25,100,34,22,23,22,33,35,41,19,10,44,33,8,37,33,41,14,24,10,28,38,28,31,22,42,47,10,14,17,26,23,12,13,60,26,24,31,40,16,43,27,17,40,22,8,24,19,27,12,20,35,22,54,33,35,11,22,47,29,20,32,46,26,25,61,11,29,24,24,21,27,32,22,38,39,38,18,62,12,24,26,27,26,18,20,20,50,28,16,25,26,10,12,21,39,27,64,26,30,27,43,17,25,61,69,27,39,48,20,36,28,28,27,8,50,9,36,44,26,12,20,29,25,26,27,141,12,54,43,26,30,55,25,26,38,26,24,26,27,14,34,34,26,24,29,18,23,24,14,23,31,13,27,30,50,22,29,37,16,19,27,27,14,27,29,33,23,17,55,24,46,36,38,42,43,25,54,27,16,18,40,28,14,24,30,72,18,28,23,37,37,23,110,12,23,40,59,35,31,31,28,21,43,40,27,27,27,47,34,18,45,27,32,45,36,20,20,24,21,58,19,10,24,91,31,7,20,35,13,39,37,41,18,18,39,25,29,45,45,27,28,21,36,18,32,93,48,24,21,32,37,21,22,12,32,28,39,16,36,37,28,25,26,45,47,28,41,39,41,30,25,27,59,32,21,26,16,24,37,18,49,34,27,29,23,27,11,27,18,17,19,16,20,29,26,26,25,48,28,17,16,18,11,30,9,28,28,18,19,27,38,25,108,23,48,14,22,42,28,23,21,4,23,17,21,33,0,17,15,24,27,19,27,25,27,28,18,41,27,22,18,93,17,27,34,11,25,26
19,92,38,26,17,21,36,29,34,12,10,41,33,9,44,23,41,23,18,11,17,35,19,33,17,36,46,13,14,11,16,17,8,13,69,16,18,27,46,12,49,17,13,51,12,10,19,5,18,15,17,33,21,58,34,38,17,12,48,19,15,39,48,16,12,66,13,22,31,17,17,16,28,16,35,39,35,13,61,13,19,12,16,17,26,26,33,48,16,13,18,18,11,11,15,35,16,61,19,28,18,41,18,17,69,64,14,47,44,12,29,25,20,16,18,44,19,31,43,19,9,15,39,15,17,14,136,14,56,49,14,22,57,33,18,43,25,15,19,18,13,17,30,19,26,30,15,16,18,10,27,25,18,19,19,58,26,11,27,5,25,18,29,6,16,26,47,19,9,55,21,53,33,41,47,40,18,48,18,18,12,49,16,20,25,33,71,5,19,7,37,43,15,104,6,13,33,63,22,35,20,18,20,39,34,19,27,18,44,30,7,39,30,32,39,28,16,22,17,12,55,16,18,17,91,22,21,34,35,15,34,31,39,5,13,37,23,22,45,52,23,20,19,37,31,35,88,45,21,25,23,36,22,36,21,27,20,34,12,39,39,18,31,16,37,46,34,42,42,43,30,29,19,56,32,15,18,11,15,36,31,55,36,23,31,16,18,6,16,1,3,22,16,18,25,19,19,20,43,29,20,4,17,8,22,1,28,28,12,8,18,31,19,105,17,41,18,18,42,20,26,18,15,19,14,15,23,17,0,15,18,21,11,20,31,17,16,2,38,18,14,19,92,5,20,35,3,27,17
21,97,34,32,20,21,31,30,37,19,18,45,33,21,46,24,35,22,21,16,22,40,22,33,16,38,45,15,18,15,21,22,12,20,67,20,22,28,49,18,49,17,18,51,20,17,21,13,22,13,20,33,24,54,32,37,26,11,50,23,20,35,45,20,17,70,15,24,33,17,14,18,21,19,28,34,28,19,61,17,22,23,21,20,24,22,32,42,21,21,21,19,14,16,15,41,18,63,21,29,22,40,22,20,68,73,18,56,48,20,28,28,19,20,8,47,24,32,48,21,15,19,37,15,19,21,133,19,55,49,18,25,56,29,21,47,25,21,21,21,9,27,23,21,26,20,19,23,21,18,24,29,22,19,24,51,25,22,30,18,24,22,30,19,21,22,47,19,15,48,20,50,34,38,48,40,22,49,21,15,16,47,21,17,30,35,70,18,20,14,32,45,17,105,15,13,34,63,27,33,33,20,27,35,40,19,26,22,44,33,6,40,30,27,44,31,8,23,21,19,55,19,18,19,90,27,21,29,40,13,36,32,40,11,14,37,20,24,45,51,22,19,13,30,36,37,90,43,17,29,28,37,24,43,23,37,19,36,18,38,38,20,28,19,35,47,27,42,38,38,34,24,20,58,31,14,21,6,26,40,28,54,36,18,31,19,22,5,21,8,4,22,14,18,26,23,23,22,44,33,26,3,19,12,23,5,23,27,21,16,21,31,22,110,18,43,20,23,41,26,22,20,20,19,18,16,24,15,15,0,21,23,15,20,30,19,21,14,37,21,21,21,90,25,18,30,5,30,21
28,97,44,27,24,24,34,29,37,25,22,44,28,17,38,17,39,20,22,25,27,29,30,26,24,39,43,19,24,25,28,20,26,27,69,26,22,33,48,25,41,26,26,46,21,20,20,22,29,26,28,42,27,50,29,41,24,13,48,27,25,37,50,26,18,63,18,24,30,24,19,25,24,24,33,39,33,24,62,10,26,29,24,26,26,23,22,52,28,15,26,26,21,23,22,44,25,63,23,22,29,35,23,24,71,67,27,51,37,25,32,28,27,27,9,45,23,33,32,28,14,26,38,21,27,29,128,21,52,49,23,31,58,26,27,30,23,19,27,27,20,32,33,21,26,36,27,24,29,10,29,27,9,28,28,54,30,21,36,26,22,29,23,27,26,5,47,25,27,46,8,49,37,18,35,42,24,51,25,22,27,36,27,26,26,28,63,21,25,18,35,42,28,102,19,22,38,49,29,30,35,26,20,45,37,28,30,28,49,30,17,40,35,25,41,37,27,27,26,22,49,30,18,22,86,27,19,27,37,10,30,35,39,17,22,39,30,24,42,48,33,27,29,34,33,27,97,46,31,39,24,36,25,41,18,32,26,30,16,40,19,26,25,27,39,46,25,42,40,39,41,24,26,55,31,20,25,21,16,37,20,52,38,29,29,21,28,18,26,19,19,24,21,28,29,23,23,28,47,36,13,14,25,21,31,22,28,32,18,12,26,34,29,114,22,39,25,21,38,34,25,28,22,26,20,24,18,24,18,21,0,22,20,31,36,27,28,14,42,26,17,26,90,17,6,39,22,26,25
14,95,46,36,7,22,42,32,38,21,14,47,36,19,45,29,32,29,11,18,16,42,10,23,16,32,36,16,15,26,12,13,15,20,74,15,26,34,48,16,45,16,17,50,23,17,6,19,16,13,15,36,21,57,34,47,27,22,48,12,14,36,51,14,24,68,15,17,33,13,13,14,21,20,34,34,33,16,66,18,17,31,9,14,31,24,32,52,15,17,13,13,21,20,9,43,14,61,11,28,9,37,21,7,71,73,17,54,45,19,33,23,11,11,19,48,20,33,46,8,22,17,34,7,15,16,132,19,53,54,11,17,58,30,4,45,20,27,10,4,18,35,33,10,29,31,23,20,7,20,24,32,23,9,25,60,22,28,37,16,26,16,39,19,16,28,47,17,21,57,21,54,36,42,45,43,10,51,9,21,17,46,16,28,33,39,66,18,10,21,42,47,16,110,19,15,41,57,30,32,31,12,30,40,31,9,25,6,51,33,17,41,26,36,48,37,26,22,16,18,52,25,14,18,96,34,23,38,36,18,35,31,44,19,16,42,31,17,36,49,22,11,24,35,27,39,96,37,36,30,35,43,23,45,23,33,10,35,20,33,38,12,36,15,40,40,35,40,41,44,36,26,8,58,36,23,11,14,33,33,22,61,38,19,30,5,12,17,16,16,21,18,17,13,31,12,10,13,51,38,29,21,28,21,34,16,31,30,12,25,16,31,25,110,16,48,16,11,44,34,29,11,22,9,19,15,30,27,21,23,22,0,14,15,38,9,15,19,38,13,23,30,97,19,31,29,21,28,16
15,100,40,29,14,16,36,24,36,20,14,45,31,17,37,26,36,23,13,17,15,40,11,32,11,37,40,3,11,16,12,13,13,13,68,14,21,33,47,15,48,9,11,46,19,9,14,2,13,10,11,34,24,56,28,42,17,25,46,16,22,37,46,11,25,71,3,25,29,13,9,12,27,17,34,36,34,13,61,17,15,22,15,14,29,23,32,41,14,15,15,14,21,18,12,36,11,61,12,26,12,41,15,13,72,76,10,52,43,4,32,24,14,9,15,44,16,32,42,12,21,13,37,12,15,10,142,13,53,50,11,21,54,30,12,46,23,24,14,13,11,26,27,13,29,25,17,16,13,17,25,27,15,13,22,56,19,29,30,11,24,13,33,13,15,31,44,16,13,51,26,51,33,37,45,45,15,50,11,11,5,50,13,21,27,33,68,17,14,19,38,46,13,105,19,5,39,58,26,30,31,14,25,36,33,13,24,12,43,32,11,42,31,29,46,35,21,20,16,9,56,24,5,17,90,28,18,27,36,19,29,30,38,8,15,36,20,25,40,52,21,14,19,33,35,40,90,40,29,29,22,38,25,41,21,34,14,29,18,35,37,14,29,14,40,44,28,44,35,42,33,30,11,55,30,16,11,1,27,35,31,54,39,22,31,15,12,9,15,11,13,23,6,17,24,15,14,15,45,31,22,11,18,7,29,8,29,27,18,25,11,31,24,105,20,46,8,17,41,32,21,10,18,9,9,12,26,19,11,15,20,14,0,17,38,10,12,7,39,14,28,21,89,19,24,31,13,26,14
16,98,45,35,13,22,37,37,42,23,20,47,35,23,48,31,41,30,16,18,18,43,12,32,18,29,41,18,20,28,15,21,18,21,70,17,23,38,47,19,48,18,19,51,28,16,18,14,11,14,16,38,27,58,38,47,25,23,53,14,14,38,48,11,33,70,18,17,38,16,21,18,24,21,35,39,34,21,70,26,20,29,12,17,32,32,36,53,20,24,16,11,26,24,19,45,20,63,18,31,9,44,21,18,76,80,14,60,51,17,35,24,7,18,23,50,25,31,50,10,28,17,38,14,17,12,138,23,58,48,12,14,58,36,8,49,20,31,20,2,24,34,35,19,36,32,19,20,9,26,25,30,28,11,30,57,25,28,38,15,24,11,40,18,18,33,48,17,19,63,28,54,38,45,53,44,21,51,10,20,18,50,20,33,32,41,72,22,15,27,41,48,17,108,21,17,37,63,34,30,37,14,30,36,28,11,22,8,44,40,23,43,29,37,47,40,24,20,16,19,58,28,17,25,96,34,25,35,34,26,41,35,44,20,18,42,29,17,41,48,19,7,21,36,34,43,96,35,29,33,36,41,26,49,29,38,6,41,24,36,43,14,37,17,44,42,34,43,44,46,41,30,9,60,35,28,12,18,32,36,31,60,43,23,33,17,10,19,18,21,24,24,21,16,30,19,20,21,49,39,30,21,27,19,34,20,37,24,21,31,11,34,25,108,18,49,16,17,42,31,36,18,26,19,18,17,31,27,20,20,31,15,17,0,41,10,17,20,37,14,27,25,91,27,30,34,21,31,18
40,103,41,34,36,34,26,41,40,38,34,42,43,35,33,38,45,32,35,25,32,38,40,42,40,49,50,31,29,23,38,35,36,39,65,37,37,19,46,37,44,38,34,57,32,35,39,40,39,34,33,32,38,59,24,27,35,36,54,40,43,44,46,38,39,52,32,29,32,37,40,38,30,36,41,42,42,38,59,39,39,28,37,38,31,32,38,44,37,35,39,35,36,33,36,45,33,63,32,28,39,34,28,37,51,71,41,54,50,39,40,40,43,39,32,48,24,38,38,40,31,36,41,37,39,39,141,27,59,52,37,45,52,23,39,25,37,32,36,43,30,40,32,37,29,48,28,42,39,23,36,21,24,38,31,41,37,34,32,32,33,39,39,28,39,40,41,35,35,48,39,53,36,35,45,40,38,43,38,31,35,47,39,33,39,36,67,37,40,37,39,45,31,108,32,37,41,61,39,39,23,40,42,44,47,38,21,39,49,35,23,36,41,23,37,25,31,35,34,38,53,30,36,44,88,41,31,23,25,36,41,33,34,31,34,38,37,29,50,43,44,43,39,16,28,32,93,46,37,20,33,25,27,42,30,37,43,41,25,20,36,40,38,37,46,46,33,34,43,28,21,36,40,63,42,26,36,35,29,21,47,59,29,32,42,36,39,31,39,25,32,41,40,35,40,26,29,38,53,39,37,33,33,36,40,39,40,39,35,35,37,44,34,120,32,35,39,37,25,36,28,32,24,38,37,43,37,25,31,30,36,38,38,41,0,39,38,32,47,38,28,39,96,30,33,36,31,44,41
10,98,40,34,4,20,37,31,37,21,10,45,33,25,44,26,35,26,9,13,8,41,4,29,13,32,43,15,16,22,3,12,13,19,70,7,21,34,47,13,45,6,16,51,26,17,11,15,7,16,13,35,23,59,36,43,19,26,49,10,17,34,46,7,31,66,15,17,36,10,14,6,30,19,33,33,32,12,66,23,11,25,4,8,25,28,26,52,5,23,13,1,20,22,5,41,5,61,10,29,5,41,21,11,72,79,2,57,52,14,34,25,8,3,23,46,17,30,47,6,26,15,34,6,9,2,137,18,55,46,4,16,56,30,3,45,18,27,9,7,19,31,35,12,32,27,19,18,4,23,24,29,27,2,29,55,18,30,34,15,24,7,37,17,6,32,44,13,18,60,27,52,33,38,50,40,9,47,5,17,16,46,9,28,31,36,71,19,6,20,39,46,11,107,20,11,33,64,30,27,34,3,29,37,33,2,20,5,42,36,21,43,23,35,45,38,23,20,13,16,56,26,14,19,92,30,19,29,30,23,38,31,41,17,15,39,28,17,43,45,19,8,21,31,34,38,90,38,31,27,30,39,22,40,27,34,8,38,24,34,41,3,34,8,41,39,34,42,41,43,36,27,5,56,35,22,7,12,34,34,29,58,35,17,29,14,6,19,6,17,20,22,11,15,28,16,11,11,46,37,26,18,26,20,32,12,33,23,19,26,6,32,23,107,16,44,10,15,42,29,30,9,24,12,14,19,26,27,17,19,27,9,10,10,39,0,3,17,36,4,28,25,87,24,24,27,15,30,9
10,98,41,35,4,22,35,33,40,23,10,45,33,24,45,25,39,25,12,16,10,39,3,29,14,31,42,15,17,23,4,13,15,18,69,5,23,38,49,17,45,5,11,49,29,15,8,15,7,17,11,40,26,57,37,44,25,28,47,12,20,31,41,4,31,69,15,20,36,14,14,9,27,20,36,38,36,12,66,22,7,26,6,6,29,30,31,54,8,22,12,4,20,21,7,41,7,61,13,30,5,41,25,12,71,77,5,57,50,14,33,22,10,2,22,46,21,28,48,6,26,11,33,11,9,4,139,22,55,52,6,17,60,36,9,44,21,23,10,15,21,30,34,12,33,28,20,18,6,23,23,30,24,8,25,55,23,26,36,18,24,7,39,16,9,35,43,16,18,62,27,46,35,39,47,39,10,49,5,18,17,43,9,29,31,43,71,19,5,22,39,48,14,107,20,13,41,61,30,32,32,8,31,36,33,8,25,5,44,35,17,40,25,30,47,36,22,23,17,16,56,27,10,20,91,30,24,32,33,21,35,32,42,17,13,39,26,20,40,45,18,10,22,36,32,42,90,39,33,30,31,37,24,43,23,34,10,35,23,38,42,8,33,10,42,37,36,43,42,44,39,28,4,58,34,20,5,12,32,38,29,58,39,24,28,12,6,20,9,17,18,19,10,15,27,14,13,13,46,35,21,20,21,19,32,15,33,27,17,26,4,32,23,102,18,46,14,14,41,29,34,8,19,12,16,18,26,28,16,21,28,15,12,17,38,3,0,16,36,6,27,27,85,25,29,31,16,31,8
19,90,39,31,18,18,39,27,33,13,14,41,28,6,35,28,37,11,21,15,20,37,17,34,15,37,44,10,16,18,18,17,9,16,70,19,25,26,49,12,49,15,14,50,21,13,19,2,18,2,18,42,25,58,23,30,19,21,45,20,18,39,47,18,17,66,10,24,33,19,17,18,23,20,33,35,33,17,65,10,19,29,19,19,31,25,36,51,19,10,20,17,12,12,19,40,19,57,21,15,17,38,15,19,70,75,17,51,47,7,18,16,19,17,8,46,21,28,48,18,20,17,39,19,18,17,137,11,57,50,17,22,64,32,17,44,21,25,21,20,11,26,18,20,17,29,8,20,17,7,24,23,15,18,24,58,20,12,34,10,27,18,28,19,18,32,50,16,9,56,14,51,28,38,41,44,16,51,17,2,14,46,17,27,29,42,68,2,19,8,35,42,17,107,11,15,40,58,29,32,33,13,18,35,32,18,28,17,42,31,10,45,27,27,33,37,6,24,21,4,58,15,14,18,92,27,14,23,38,5,27,34,43,1,14,39,22,24,44,53,18,19,20,30,33,32,84,42,18,30,30,35,28,42,15,34,19,27,7,39,37,13,27,19,42,46,34,43,42,44,35,29,18,56,24,23,17,8,19,38,30,54,33,24,33,20,17,8,18,10,8,24,14,16,29,19,21,20,44,35,20,4,21,7,19,3,31,30,14,10,17,33,18,106,19,47,13,18,40,25,23,18,14,15,15,14,28,18,2,14,14,19,7,20,32,17,16,0,41,18,21,13,94,9,21,32,1,26,18
41,103,43,43,37,39,43,47,47,40,38,54,45,37,46,47,44,43,34,40,33,45,31,46,40,10,24,39,37,43,38,39,37,41,73,40,34,40,52,37,46,39,42,55,39,42,40,38,40,38,39,51,40,57,44,46,41,41,55,44,39,46,51,37,41,72,39,34,37,40,40,41,43,42,40,39,39,40,68,37,41,43,39,39,41,39,48,57,39,36,35,41,35,34,40,47,39,71,36,47,38,44,40,41,71,80,37,58,55,36,45,35,37,36,44,56,45,35,44,37,39,42,13,36,40,39,142,39,63,62,39,27,73,40,35,47,38,44,43,36,38,48,40,44,42,42,40,39,38,34,41,37,41,37,41,49,43,44,43,39,43,40,40,36,37,40,49,38,38,67,39,40,46,46,56,44,34,58,37,36,40,54,40,35,46,48,76,37,38,44,49,52,40,114,40,37,42,64,44,47,47,33,43,21,13,37,49,37,38,36,35,45,42,40,56,35,38,42,44,38,62,46,39,38,103,45,41,37,44,36,38,41,50,39,40,48,38,34,8,45,29,37,36,43,38,50,98,20,47,44,45,36,45,50,37,36,37,38,37,42,44,33,44,40,50,39,45,46,55,53,43,46,39,57,37,41,37,40,46,42,36,65,49,34,44,35,39,41,37,38,41,40,37,42,45,37,30,36,57,41,45,39,43,40,40,41,42,38,41,41,35,38,44,114,39,45,38,41,43,47,39,43,33,43,39,39,47,41,38,37,42,38,39,37,47,36,36,41,0,41,34,37,97,39,48,36,38,42,40
9,93,41,35,6,20,37,34,41,21,13,42,30,24,44,27,36,24,11,16,10,39,8,28,14,40,42,13,18,24,4,8,12,17,68,4,19,32,47,13,44,7,12,47,25,14,4,17,4,16,10,37,23,56,36,40,20,26,45,12,19,32,42,6,31,67,12,19,36,11,12,3,28,21,35,36,35,13,65,22,7,25,4,4,27,28,30,50,4,23,9,4,23,23,7,39,6,63,12,30,4,39,25,12,71,75,6,54,50,17,33,25,15,6,21,47,22,32,46,7,27,12,38,9,5,7,136,19,56,46,3,23,60,31,9,45,19,28,12,14,23,31,34,14,34,34,20,22,13,21,23,31,22,6,31,53,25,26,33,19,26,4,37,21,3,31,46,16,18,62,27,48,34,41,49,40,8,49,4,19,15,44,8,25,26,37,70,16,5,25,37,44,11,108,20,13,38,61,26,29,33,8,33,40,37,6,21,4,45,34,18,43,25,31,45,35,18,22,15,17,55,27,12,20,92,31,22,29,33,23,38,35,40,17,14,38,31,19,42,46,20,15,20,36,36,36,92,44,30,31,33,40,22,45,25,34,15,38,24,35,39,8,37,4,39,42,32,35,39,44,36,28,10,54,33,21,4,13,31,35,28,56,34,20,28,14,4,16,3,17,15,18,10,15,27,13,10,6,45,35,27,16,24,18,30,17,33,23,16,27,5,34,21,107,15,44,18,10,40,30,29,9,17,12,16,18,27,27,18,21,26,13,14,14,38,4,6,18,41,0,27,23,90,23,27,33,16,29,7
29,99,38,32,24,14,31,39,41,22,25,47,37,16,32,21,37,20,26,17,27,36,24,26,25,34,37,13,16,18,24,25,23,27,67,30,28,30,44,24,39,28,15,47,16,20,23,22,30,27,28,38,26,59,31,32,24,22,52,29,25,43,55,28,16,66,14,22,32,26,21,30,25,24,39,40,39,26,64,12,29,28,26,28,24,22,36,48,29,12,29,26,20,20,24,49,27,66,25,34,29,38,18,25,68,74,28,50,46,22,17,5,29,27,12,49,18,32,50,28,15,20,25,28,28,29,138,19,60,54,28,23,59,28,29,35,27,27,26,30,17,30,33,23,26,29,23,29,29,10,33,20,16,28,5,58,30,15,37,25,25,30,38,21,30,21,45,27,22,57,15,48,36,40,33,49,28,52,28,20,28,47,30,22,34,38,68,16,29,11,33,47,25,108,18,27,41,58,32,33,24,28,27,35,34,28,30,29,38,24,18,44,24,23,39,25,27,25,29,27,55,22,16,23,90,30,19,20,37,12,34,39,41,16,18,41,17,22,38,44,26,29,28,29,33,31,87,38,26,25,25,27,24,38,7,30,29,34,14,41,31,28,27,30,38,32,42,39,46,46,36,25,28,59,25,20,28,18,17,39,27,55,42,28,30,26,29,22,30,19,25,30,24,30,34,24,22,30,49,35,32,15,22,16,30,26,25,34,19,23,27,33,32,109,25,44,24,21,34,34,17,26,23,23,15,21,20,22,14,21,17,23,28,27,28,28,27,21,34,27,0,15,93,10,25,36,14,33,25
27,102,39,28,22,6,20,29,32,23,23,38,28,18,30,28,36,12,21,9,19,39,23,33,17,41,43,17,10,18,24,24,19,26,64,24,22,30,30,16,50,25,15,46,21,23,25,10,24,14,20,37,24,55,27,33,16,25,43,24,22,32,36,24,30,65,16,20,30,26,22,24,18,20,33,34,32,21,64,12,23,10,18,24,15,23,15,41,25,12,21,20,8,11,18,43,22,56,20,25,24,35,12,18,65,75,20,48,45,19,24,19,28,21,21,40,8,29,34,23,15,20,38,18,24,20,137,9,48,49,21,29,49,16,22,33,26,19,25,24,10,18,23,27,17,15,15,24,25,21,21,14,13,22,26,55,13,13,30,21,22,24,36,14,24,30,41,24,15,55,25,47,31,34,45,32,20,47,23,16,21,43,24,25,24,31,63,18,23,17,35,40,14,106,25,17,35,59,18,19,17,23,17,37,37,22,24,24,48,21,26,41,23,28,28,23,16,16,16,15,58,17,19,25,70,24,22,24,28,12,29,29,36,20,16,34,20,20,45,42,27,28,26,36,33,39,93,44,13,14,29,32,21,40,24,34,29,29,24,37,40,23,30,23,21,38,24,30,31,36,30,22,28,58,17,23,24,16,22,30,25,57,23,17,23,18,24,24,24,13,16,17,20,18,21,20,20,25,42,28,25,17,14,7,10,18,26,21,23,15,24,25,23,108,21,40,26,24,31,25,13,21,26,20,22,21,29,18,19,21,26,30,21,25,39,25,27,13,37,23,15,0,85,21,17,22,14,26,22
93,101,92,96,89,87,94,95,87,91,91,86,93,93,85,90,93,91,86,93,91,95,90,99,92,98,93,90,87,91,90,92,91,90,86,91,92,79,89,91,98,90,91,92,91,95,92,91,92,92,90,86,87,101,93,90,90,91,90,93,91,75,76,89,94,97,90,88,93,88,94,92,89,88,96,97,96,91,99,90,92,80,89,92,96,96,91,93,92,95,81,89,92,87,92,98,90,79,94,93,90,83,92,92,97,94,85,92,89,88,74,92,91,87,92,95,92,88,90,89,82,91,99,87,91,86,161,90,88,90,93,96,71,90,89,93,96,86,91,92,95,95,83,89,84,91,93,94,91,93,90,86,94,88,87,88,85,86,90,91,87,92,96,92,89,94,92,90,88,91,91,87,97,91,97,76,88,100,89,88,92,82,92,91,92,87,105,91,92,85,85,87,90,113,96,93,99,94,96,94,82,91,86,94,96,88,95,90,94,98,92,92,84,86,71,92,92,91,91,91,43,76,87,96,89,92,94,83,96,95,90,91,76,91,91,80,89,88,97,91,90,91,90,94,92,69,79,98,82,80,90,90,93,99,88,93,91,90,91,85,93,91,72,91,87,94,90,96,93,90,88,90,88,90,85,96,88,93,84,85,91,95,89,86,95,88,91,95,89,88,95,94,93,91,89,94,94,90,93,98,97,90,87,91,78,86,85,86,92,93,87,91,100,55,83,93,88,94,91,85,89,92,96,87,92,94,90,93,92,90,90,97,89,91,96,87,85,94,97,90,93,85,0,93,89,88,88,97,92
23,95,39,24,19,21,36,26,35,20,19,47,31,1,29,24,43,17,19,21,24,36,24,28,16,42,47,15,7,13,23,23,21,14,66,23,17,33,47,16,41,24,18,45,14,16,18,15,25,7,25,41,23,48,22,29,8,17,49,27,19,37,50,23,12,69,15,18,23,20,18,24,20,20,37,40,37,20,54,11,24,21,19,22,19,17,31,50,24,5,25,24,17,17,18,43,24,60,17,21,25,36,12,19,68,68,24,43,52,20,17,19,27,24,6,50,13,37,47,24,12,21,31,20,22,24,134,15,58,49,24,26,54,27,26,43,22,28,24,27,12,30,26,19,21,27,12,19,25,3,28,17,15,26,20,57,26,15,31,5,24,25,30,8,23,22,42,19,9,58,8,50,37,39,27,42,20,51,24,5,16,43,24,26,24,37,66,5,24,5,35,41,22,106,15,15,39,60,30,28,37,23,24,41,35,26,21,25,44,35,5,43,21,30,26,20,6,23,19,22,46,27,17,15,89,30,10,28,34,10,36,35,39,10,18,37,25,18,47,51,25,27,26,37,34,18,94,45,20,27,27,31,18,23,8,32,27,36,11,39,26,23,14,23,41,41,31,41,44,40,27,25,25,60,20,20,22,20,11,37,26,58,38,21,32,22,25,12,23,5,9,14,18,22,30,18,22,23,45,24,24,15,14,16,21,6,29,31,12,9,23,31,24,112,16,44,10,17,37,31,16,25,17,21,17,11,24,17,5,25,17,19,19,27,30,24,25,9,39,23,10,21,93,0,25,33,6,34,23
30,98,41,20,29,17,36,28,35,29,26,44,26,22,43,17,37,22,29,24,21,39,27,34,26,40,43,22,22,23,27,29,30,26,71,27,27,28,41,27,51,25,22,45,23,21,29,27,27,28,25,29,28,61,32,34,25,17,44,29,29,32,44,27,26,64,21,31,29,19,28,27,20,24,37,36,37,25,62,26,29,26,25,26,24,26,28,33,25,21,21,24,22,19,29,30,25,61,30,26,27,38,24,23,70,73,26,57,46,29,28,30,29,24,21,47,25,33,35,28,26,25,45,28,25,27,131,12,48,52,26,33,47,29,30,34,31,23,27,29,25,30,30,27,25,31,22,27,28,18,30,24,16,26,32,56,23,21,34,28,26,27,28,29,24,10,34,26,28,55,22,50,30,15,28,36,27,52,27,24,27,40,28,29,26,30,62,23,29,27,34,42,27,98,20,26,35,52,29,28,29,29,28,43,43,26,26,27,52,35,19,41,19,32,45,36,17,24,26,27,56,21,24,25,79,29,21,26,40,20,36,30,37,20,21,42,27,31,44,52,31,29,30,37,27,37,88,47,20,23,27,28,30,42,24,34,28,36,26,42,31,29,26,28,37,41,26,42,39,25,35,10,25,55,35,16,28,23,29,42,31,52,35,28,34,27,27,23,24,21,16,30,25,27,21,29,27,29,44,30,14,18,21,17,28,24,30,26,23,17,28,34,32,110,21,42,25,27,39,23,28,24,30,27,22,31,18,27,20,18,6,31,24,30,33,24,29,21,48,27,25,17,89,25,0,33,16,26,28
32,96,46,35,33,34,36,38,41,25,31,45,30,34,52,29,42,29,29,29,23,38,30,37,34,38,42,31,32,34,34,29,30,34,71,31,31,25,43,32,54,27,27,52,30,28,32,33,33,33,30,30,26,62,40,48,33,36,51,31,25,23,30,31,33,71,31,28,39,24,32,31,28,29,43,42,43,28,73,33,31,31,27,31,28,26,31,53,32,34,26,31,32,34,30,43,29,63,24,35,33,43,35,28,77,80,27,60,53,33,38,37,34,30,35,60,34,27,44,32,35,25,39,28,31,26,141,33,55,49,32,37,57,35,34,46,32,36,26,31,35,37,35,32,24,37,34,32,32,35,27,26,36,33,33,59,11,33,39,35,31,33,42,34,32,37,44,26,32,68,32,44,41,38,52,47,31,43,32,32,30,45,32,38,34,42,74,33,30,34,42,46,23,112,33,32,41,69,36,34,25,30,21,42,43,33,17,33,52,40,35,46,31,24,55,32,24,25,15,33,59,30,32,28,95,35,26,32,35,34,43,34,38,30,29,41,37,28,47,53,39,34,27,21,35,33,98,42,27,34,37,37,21,46,39,40,34,43,35,27,45,30,35,30,44,47,39,41,41,41,38,30,33,60,37,36,32,31,33,21,25,59,40,20,31,30,33,31,32,34,33,29,33,19,34,26,25,32,44,28,36,30,29,32,31,32,28,21,35,37,32,31,26,106,30,40,33,35,35,33,34,28,36,27,32,34,30,34,35,30,39,29,31,34,36,27,31,32,36,33,36,22,88,33,33,0,31,37,33
19,90,38,24,15,13,36,28,38,18,9,43,30,20,35,22,38,26,17,7,20,36,17,33,17,35,43,16,7,23,19,21,13,11,70,16,14,27,49,12,50,14,8,53,18,12,19,2,18,2,18,39,21,60,33,31,8,12,46,20,18,36,44,15,16,67,16,18,31,20,17,18,27,16,33,35,33,15,66,14,17,18,16,17,27,23,31,50,14,18,19,14,20,18,16,43,19,56,20,14,17,35,16,17,69,78,17,53,44,15,24,16,19,14,11,48,23,27,49,18,22,14,39,17,15,15,139,12,52,51,17,22,59,28,17,46,22,22,17,21,14,28,25,19,16,25,3,19,18,13,25,28,17,16,26,56,20,22,31,2,22,18,31,13,17,30,48,17,15,58,25,53,28,39,47,39,19,49,16,1,14,47,13,26,28,35,67,16,19,20,40,45,18,108,11,13,40,60,29,33,31,13,20,37,33,16,26,17,45,33,8,45,25,32,34,26,6,24,18,7,59,14,8,16,93,25,12,24,36,10,27,33,41,8,8,37,21,18,43,53,18,19,20,30,31,43,94,40,18,32,30,34,24,34,11,33,19,27,8,37,36,13,36,17,41,45,28,41,42,43,36,30,18,55,21,15,17,4,26,37,30,53,33,23,30,17,17,7,17,11,14,22,16,17,26,20,19,20,43,31,23,16,17,9,18,14,22,27,17,19,17,32,21,108,17,45,13,17,39,30,27,20,11,19,6,8,22,11,3,5,22,21,13,21,31,15,16,1,38,16,14,14,88,6,16,31,0,31,19
31,102,38,28,28,15,26,28,38,27,24,43,26,28,45,24,15,26,29,23,27,37,27,31,26,43,47,26,22,20,31,28,26,29,70,30,32,34,36,25,45,29,23,32,30,27,27,26,31,29,25,12,30,63,41,29,28,28,47,30,29,40,45,28,29,63,25,33,40,26,25,29,25,28,11,12,10,28,51,31,27,19,27,30,36,31,27,41,28,28,26,29,31,28,27,36,28,59,29,15,31,31,25,30,67,70,30,59,36,27,32,32,31,27,26,35,14,34,41,30,27,27,46,23,30,29,143,21,45,43,28,33,55,15,32,47,32,27,31,31,16,6,33,26,23,15,32,30,31,33,31,16,34,31,33,58,31,19,21,29,30,31,27,27,30,26,40,28,16,58,27,49,24,30,43,41,26,49,29,27,27,51,29,26,26,11,72,26,29,27,32,44,25,106,23,30,29,67,6,23,30,27,20,41,37,31,32,31,44,9,24,28,35,30,40,43,21,25,25,25,57,22,24,29,63,6,31,24,38,32,24,33,16,26,26,15,38,33,47,53,32,31,32,37,41,39,91,47,26,34,2,29,25,39,32,21,31,24,25,39,43,27,32,29,14,39,25,45,28,24,34,32,30,60,27,26,29,25,28,36,31,51,33,31,33,27,31,22,30,26,23,27,27,33,4,27,27,30,34,27,28,22,16,22,29,24,25,36,31,30,30,24,32,112,28,43,29,26,40,29,28,27,36,25,23,28,25,25,27,30,26,28,26,31,44,30,31,26,42,29,33,26,97,34,26,37,31,0,29
8,97,44,35,9,20,38,29,40,21,15,45,32,23,43,28,39,28,13,18,11,42,10,28,12,41,44,13,17,21,10,14,15,20,69,5,22,35,50,17,44,10,17,49,29,17,4,14,6,19,11,37,26,60,36,43,26,27,48,14,20,37,47,5,28,65,14,23,35,16,13,8,28,21,36,38,36,11,64,19,11,29,9,7,27,30,31,54,9,20,10,11,24,23,9,38,12,63,11,33,6,44,22,14,67,78,10,54,53,16,36,28,14,11,24,48,23,35,49,5,27,17,39,12,3,11,136,20,56,53,11,25,63,34,12,47,25,27,9,16,18,31,34,15,32,32,21,17,12,22,24,29,28,10,28,56,26,30,34,16,25,6,37,19,5,35,47,16,19,63,22,51,37,39,51,46,13,50,8,17,19,51,9,30,31,38,67,18,13,22,38,46,10,109,18,14,41,58,32,33,33,13,28,40,38,10,25,6,45,36,19,43,30,36,47,38,23,23,15,14,56,29,13,19,93,32,20,33,36,20,37,35,41,16,18,39,29,23,44,46,27,14,22,36,33,39,94,45,33,34,34,40,23,41,27,38,14,37,26,37,40,13,37,7,43,41,34,41,41,45,35,28,11,59,35,24,6,13,33,37,28,59,40,22,29,16,6,19,5,16,19,23,11,12,31,17,11,11,47,38,24,19,27,17,34,19,34,27,20,29,6,30,24,109,21,43,19,15,43,34,34,13,23,15,17,22,28,26,17,21,25,16,14,18,41,9,8,18,40,7,25,22,92,23,28,33,19,29,0
