0,100,43,35,10,23,39,34,38,23,16,46,35,23,44,29,42,27,14,21,13,41,12,26,15,40,43,16,21,27,11,15,15,20,70,6,23,36,48,17,42,10,16,52,27,19,8,17,8,19,14,40,25,59,36,43,25,28,49,12,18,37,47,6,29,68,16,22,36,16,15,8,31,21,38,40,38,12,65,23,12,29,10,6,28,29,34,53,10,23,14,10,24,24,10,41,11,63,13,32,8,43,25,14,70,76,10,54,51,17,35,27,12,10,23,48,25,34,48,6,25,16,40,14,6,10,136,23,55,52,10,23,62,35,12,48,24,28,12,14,21,32,33,15,33,34,21,19,10,23,25,31,27,10,31,57,24,28,36,19,27,8,39,21,8,33,47,17,19,61,26,52,35,41,49,45,13,49,8,19,17,49,10,29,31,40,70,19,12,25,42,46,14,108,19,15,39,61,32,34,35,12,31,39,37,10,24,8,47,36,21,44,29,36,47,39,23,24,18,17,58,29,16,21,92,32,23,35,36,23,38,34,42,19,16,40,29,22,43,46,25,12,21,36,34,40,94,44,33,32,31,40,24,43,27,36,12,38,25,38,43,12,37,6,44,40,36,40,42,44,38,32,10,58,37,24,8,15,32,38,26,58,39,24,32,15,8,19,8,19,21,22,12,16,30,16,11,12,47,37,26,21,28,21,33,19,33,26,19,27,8,34,24,110,20,46,17,16,43,34,33,14,24,14,17,21,29,25,19,21,28,14,15,16,40,10,10,19,41,9,29,27,93,23,30,32,19,31,8
100,0,96,101,93,99,94,101,100,91,98,103,99,95,101,104,96,91,93,94,99,98,95,97,101,98,105,99,98,101,98,94,99,97,97,95,98,107,104,98,104,97,97,100,100,96,97,94,97,92,94,100,95,101,99,100,99,100,100,95,95,87,97,95,93,94,99,93,99,96,99,96,96,100,108,106,108,96,104,94,96,90,97,96,100,104,102,98,95,92,95,93,99,99,96,104,93,100,97,98,97,101,90,95,97,95,98,99,97,98,101,97,95,97,91,111,89,92,98,96,103,96,97,92,95,98,140,95,99,92,94,100,106,95,96,94,92,100,96,97,101,98,97,97,94,101,89,102,98,98,94,93,95,98,96,96,97,97,102,91,89,97,96,92,96,103,98,95,93,98,101,89,100,103,96,102,97,94,97,91,94,95,96,100,101,102,99,95,97,94,98,95,99,105,99,96,105,102,98,97,100,95,98,104,104,98,94,97,107,103,93,102,97,97,104,96,89,98,97,99,94,103,99,98,109,99,95,101,90,95,102,92,106,93,97,103,100,93,102,102,101,95,98,95,101,105,96,109,94,97,102,93,103,99,93,101,94,102,93,91,104,95,105,97,95,92,100,105,98,101,98,102,95,104,101,97,93,95,98,90,93,111,98,97,101,94,97,90,96,96,95,95,98,96,96,96,96,98,101,100,97,92,97,97,93,96,97,101,101,96,96,96,102,101,95,102,99,100,101,97,99,96,95,95,93,97,104,100,93,95,96,95,97,98,99,98,98,91,102,98,99,96,92,99,101,99,90,100,97
43,96,0,24,41,41,37,44,47,40,40,41,34,40,38,40,42,43,43,36,41,29,41,46,42,46,49,36,35,38,38,40,41,40,69,41,42,22,44,40,45,41,41,43,33,35,42,42,44,39,35,39,41,51,41,39,37,42,31,45,40,34,45,41,46,43,37,46,40,38,39,43,40,43,39,35,39,43,68,38,38,29,40,41,42,39,38,49,39,38,40,39,35,42,44,44,39,52,41,39,44,34,31,39,57,72,40,46,46,41,33,38,47,41,42,48,33,42,47,41,40,42,41,39,43,39,146,35,59,48,42,47,58,35,44,22,38,36,41,45,37,33,42,40,46,43,41,44,45,42,40,21,46,43,42,46,40,44,32,41,40,44,21,40,39,37,34,38,37,57,45,57,30,36,43,34,39,55,43,40,34,41,41,41,38,41,74,39,41,42,41,44,42,111,35,40,42,60,33,40,36,41,42,45,46,43,39,44,53,32,38,45,45,31,38,37,33,45,37,42,59,41,38,38,85,34,43,38,45,40,40,36,40,36,38,39,44,46,41,52,43,47,36,39,40,39,89,42,43,38,41,38,41,16,37,32,47,40,33,41,25,41,41,42,44,44,40,38,41,41,34,35,43,60,40,38,38,40,41,42,42,49,49,40,44,39,44,42,39,41,41,39,40,43,36,35,40,39,47,25,39,38,39,38,34,38,42,41,37,36,39,42,42,113,38,44,40,40,44,38,45,40,36,44,37,43,40,34,38,40,41,46,40,45,44,40,41,39,42,41,38,39,94,39,39,47,38,38,42
35,101,24,0,34,30,36,33,40,30,31,50,21,31,45,35,34,35,24,28,34,18,32,39,30,37,42,26,27,26,30,33,28,34,67,34,34,25,47,29,49,33,30,32,33,29,32,36,36,33,29,34,33,58,34,38,30,29,40,35,34,38,46,34,37,61,27,34,35,28,30,33,31,28,32,34,33,29,64,34,32,26,33,34,29,37,31,50,34,32,30,35,27,31,36,42,32,61,35,32,36,35,29,32,70,75,31,55,49,36,39,34,33,33,24,54,25,36,50,35,38,31,41,32,34,32,143,30,57,51,34,36,52,30,34,46,29,30,31,34,29,27,39,29,40,34,30,35,37,30,28,27,34,31,33,40,32,32,31,35,31,36,22,36,32,34,31,31,29,60,34,47,36,32,45,44,32,51,35,26,30,52,35,32,6,35,59,37,34,33,43,55,30,101,34,27,12,60,32,26,32,32,32,38,35,31,34,36,49,29,26,33,38,33,47,39,32,26,34,36,63,31,32,35,87,24,29,34,34,35,32,35,34,28,25,34,35,34,42,49,37,33,32,31,27,38,95,43,30,29,31,30,31,16,30,29,33,32,27,40,32,32,35,33,39,47,32,43,32,39,36,33,34,57,36,31,34,29,31,41,36,50,39,35,35,31,36,34,32,35,26,30,28,30,31,35,35,32,45,26,30,29,27,34,36,32,26,34,37,38,32,34,36,113,28,46,32,33,44,33,34,32,22,31,31,34,35,22,26,32,27,36,29,35,35,34,35,31,41,35,36,28,98,24,19,35,24,28,35
10,93,41,34,0,19,38,34,38,23,12,47,34,19,42,30,37,27,9,18,12,42,6,25,13,38,42,16,12,24,7,10,13,20,71,5,19,32,48,15,43,5,13,46,21,14,8,17,9,14,9,39,20,52,37,42,25,28,46,11,18,33,43,4,28,62,16,20,32,12,13,6,24,20,36,40,36,12,65,19,8,24,5,7,23,28,30,49,7,19,8,2,18,15,6,41,6,61,9,29,8,42,20,13,71,72,4,51,46,16,32,23,9,5,19,51,23,30,47,7,24,13,38,9,8,4,135,16,56,53,5,23,59,31,5,45,20,27,11,13,18,32,29,8,30,31,20,22,7,19,20,24,22,4,29,58,24,27,37,16,23,9,38,20,4,32,47,16,20,63,20,53,30,42,45,41,6,50,6,17,15,47,9,30,26,33,64,16,6,22,36,44,12,108,20,12,35,55,32,28,28,7,29,39,37,4,20,8,46,35,18,41,26,32,44,35,22,23,18,17,53,24,12,21,93,33,18,33,31,19,37,29,42,18,16,40,29,20,42,42,19,9,21,35,35,38,91,40,31,33,34,41,21,42,21,36,9,37,19,35,39,7,33,6,37,37,35,37,41,42,38,23,8,59,33,21,2,14,31,35,25,59,38,24,27,8,8,15,4,15,18,17,12,17,29,12,5,8,48,35,28,22,25,19,31,15,34,24,15,26,3,35,22,106,16,46,12,14,42,31,31,8,20,8,17,16,31,23,17,20,24,7,14,13,37,8,4,18,37,6,24,22,89,19,29,33,15,28,9
23,99,41,30,19,0,30,30,29,12,17,45,29,11,40,20,34,10,19,5,20,38,24,30,19,41,45,13,6,11,19,17,16,22,68,18,21,23,33,15,43,17,11,43,20,15,18,7,19,10,19,25,18,53,28,34,16,10,46,24,23,37,42,18,19,67,13,21,31,19,19,19,15,15,21,22,20,15,59,15,20,10,21,19,18,27,17,39,20,7,23,18,9,9,16,35,21,58,16,21,19,31,9,22,67,72,20,48,42,16,21,17,24,18,17,37,7,36,32,19,11,16,42,20,18,22,140,7,53,47,17,24,50,18,22,42,17,18,19,21,9,26,17,18,25,18,14,19,20,10,21,20,19,21,15,56,19,6,19,18,24,19,36,21,20,28,38,13,18,52,25,51,29,34,45,34,17,49,19,20,21,44,21,19,23,29,71,9,23,13,22,41,24,104,24,16,31,59,23,18,18,24,21,37,34,21,25,19,46,30,16,39,22,21,33,37,13,14,21,15,52,7,13,21,76,26,19,23,31,12,32,24,35,19,12,33,23,21,44,52,25,24,22,32,34,34,85,46,18,22,20,30,15,41,24,30,24,32,18,35,44,24,25,19,25,40,27,40,26,35,35,26,19,57,21,16,19,12,10,36,24,54,33,24,31,21,19,16,20,10,19,11,17,18,23,20,18,23,45,33,20,15,8,4,15,9,24,27,23,19,20,24,27,105,14,43,20,22,34,21,18,18,19,17,13,13,21,20,19,17,24,22,16,22,34,20,22,14,39,20,14,6,84,13,17,31,13,15,20
39,94,37,36,38,30,0,33,42,33,35,20,40,34,31,29,31,37,35,31,36,31,34,42,38,46,46,29,33,27,36,35,35,39,63,36,38,33,47,36,46,37,34,52,26,36,36,36,38,37,39,39,30,38,21,36,40,25,36,37,32,31,36,36,35,65,30,37,23,40,38,37,21,35,27,31,28,38,60,23,38,30,33,36,29,30,42,38,38,23,27,35,34,34,37,47,35,65,32,39,38,45,37,31,68,76,39,43,33,36,23,40,37,34,34,43,21,40,42,39,24,36,36,33,38,39,128,34,49,50,36,43,46,16,39,32,34,36,31,36,31,26,22,39,22,42,36,40,39,32,42,21,31,41,28,56,25,28,28,39,33,38,32,34,35,44,42,30,36,60,25,47,30,31,41,30,35,52,40,36,40,42,38,24,39,36,62,37,35,22,39,49,34,107,32,33,34,53,26,32,20,34,29,44,40,41,35,38,43,21,30,37,24,20,32,26,40,35,28,36,49,18,38,38,85,25,36,16,40,23,23,43,33,28,30,28,41,37,40,47,44,37,33,31,30,40,88,45,24,17,23,27,30,40,25,21,37,23,33,30,27,34,29,36,33,41,24,39,39,22,19,27,41,62,16,40,39,35,31,29,30,52,21,37,38,35,38,39,35,39,39,38,40,31,19,35,34,36,45,30,40,31,32,38,26,36,33,39,42,33,35,39,37,109,38,16,38,34,20,32,18,38,36,32,34,38,30,31,24,33,37,41,35,37,26,35,40,39,45,35,31,25,84,37,33,39,36,26,38
34,101,44,33,34,30,33,0,40,33,30,48,20,27,18,10,38,33,35,32,35,29,33,38,30,40,47,19,25,30,34,36,29,28,68,33,37,22,23,29,51,31,20,49,28,29,34,31,35,33,34,35,34,49,32,21,36,30,46,34,32,44,52,33,32,72,20,37,39,29,26,32,35,32,33,36,34,27,55,33,35,24,32,33,38,31,33,43,34,30,35,33,39,34,33,19,31,63,34,31,35,36,30,34,74,54,32,44,54,34,26,35,34,31,31,46,27,35,47,34,32,25,43,30,32,32,131,21,54,53,32,38,53,31,35,44,33,21,33,34,27,27,33,34,32,21,35,29,35,31,36,21,30,34,30,58,31,24,30,31,32,35,35,32,33,29,45,31,32,50,32,54,30,24,21,36,32,50,34,33,30,41,34,34,34,38,70,29,32,33,22,47,33,95,31,27,34,55,29,14,31,32,21,40,39,34,39,35,46,31,35,46,28,26,38,29,31,28,31,32,61,33,25,33,67,27,34,27,35,32,29,35,38,30,19,39,29,37,48,56,37,34,34,40,34,40,88,47,28,34,34,15,33,43,36,31,34,29,27,43,38,32,38,33,36,45,20,41,46,45,23,29,34,55,30,35,33,26,24,43,38,59,35,28,35,34,35,31,33,23,27,32,29,33,24,35,32,33,39,13,30,29,29,28,34,32,29,37,34,26,34,33,36,114,33,44,36,31,32,30,32,34,38,32,27,32,9,31,29,32,28,35,27,37,41,33,32,23,46,34,32,22,100,26,22,34,34,25,33
38,100,47,40,38,29,42,40,0,36,35,43,33,39,38,39,40,31,40,34,40,28,38,46,35,37,45,37,33,31,39,41,37,38,78,38,41,34,42,37,55,39,27,52,38,37,40,37,37,28,41,30,38,67,47,42,33,33,47,38,37,41,48,39,43,67,37,44,40,41,38,40,30,39,33,36,33,38,74,38,39,31,40,39,46,44,30,52,41,37,41,38,32,40,38,27,41,57,38,35,39,33,28,41,72,82,40,55,51,38,26,26,38,40,39,44,34,36,50,39,41,33,41,38,39,40,132,32,53,55,38,42,58,34,36,44,36,23,38,41,41,38,41,38,31,34,36,41,38,39,39,28,44,35,40,63,44,38,36,30,37,40,38,35,32,37,54,37,36,60,39,54,37,40,52,41,40,59,40,36,35,54,41,43,41,39,76,35,33,38,37,34,39,112,35,34,45,64,40,36,30,33,34,44,40,35,40,40,53,38,39,43,43,40,47,32,33,38,41,37,56,37,36,40,90,40,37,41,36,35,45,41,45,28,32,42,39,44,40,53,39,38,38,41,46,43,92,49,35,37,43,34,44,33,38,39,38,45,25,45,45,33,30,39,47,41,27,44,33,42,35,34,37,63,42,33,40,38,41,45,39,62,37,36,42,41,38,34,32,33,34,41,36,37,40,41,39,39,45,31,35,33,33,35,36,30,38,46,40,36,40,42,45,112,39,49,39,42,47,44,39,40,40,39,37,35,39,41,30,37,37,38,36,42,35,37,40,33,47,41,41,32,91,35,35,41,38,38,40
23,91,40,30,23,12,33,33,36,0,20,45,30,18,45,32,37,18,20,13,21,36,22,31,21,37,41,16,13,17,22,18,20,22,60,18,16,31,45,20,41,20,14,48,25,11,24,22,24,14,17,38,15,58,35,42,10,21,43,25,14,38,43,18,27,62,15,19,28,21,21,18,23,8,39,39,39,23,67,16,22,21,20,19,27,29,30,50,19,20,20,21,13,12,22,37,21,53,22,24,24,36,19,19,66,71,21,55,46,22,29,24,24,22,17,51,19,32,43,19,25,12,37,18,21,20,144,16,53,41,22,22,59,30,23,48,19,20,22,24,17,34,22,20,29,27,14,24,25,19,23,27,26,24,30,53,16,27,32,21,24,24,34,21,21,30,45,16,12,62,29,46,34,41,50,39,18,41,23,22,22,49,21,25,23,36,72,20,22,19,39,46,20,107,21,21,41,59,32,25,31,22,25,36,27,24,20,24,39,35,14,43,22,35,42,37,21,13,19,22,60,23,16,19,90,31,20,34,31,21,35,27,37,12,15,36,30,19,43,42,24,24,15,23,27,44,92,44,26,29,31,39,14,43,18,34,23,35,27,29,37,22,38,18,41,47,33,42,43,45,35,29,24,50,35,20,21,21,26,29,22,56,28,18,28,18,24,14,21,19,15,15,22,22,25,21,23,24,49,33,24,10,20,17,31,12,20,20,25,24,21,28,13,110,11,39,19,18,38,36,33,13,16,21,19,23,32,19,12,20,26,21,21,23,34,21,23,13,42,21,22,23,85,17,29,25,23,28,21
16,98,40,31,12,17,35,30,35,20,0,46,32,19,40,26,39,21,14,12,16,35,11,33,7,36,41,3,10,18,13,15,7,19,71,12,16,30,44,13,45,11,2,51,20,4,16,16,14,14,15,39,23,56,32,39,15,17,47,17,14,37,45,11,21,67,2,26,34,14,6,13,25,16,36,37,35,4,62,9,12,31,12,13,25,23,27,45,14,15,17,10,19,19,13,42,12,60,14,27,13,41,19,14,65,73,10,48,40,14,36,23,13,9,15,48,10,28,45,12,18,9,36,13,14,9,141,8,56,49,13,27,53,25,13,47,23,24,15,13,11,34,27,16,30,28,22,16,14,18,27,25,17,12,27,55,21,25,31,15,24,14,35,20,12,28,41,14,19,53,20,50,35,37,42,42,14,47,13,9,9,48,14,16,29,32,70,15,15,19,33,45,13,104,12,14,38,59,34,29,33,11,24,39,34,12,22,13,44,38,10,41,25,32,45,32,23,15,12,15,59,20,4,18,89,32,11,33,30,13,36,33,42,13,3,38,19,26,42,49,18,13,18,33,31,44,92,42,22,32,32,40,24,37,26,36,13,36,15,36,41,11,36,13,41,45,34,44,35,40,37,27,13,57,39,17,11,14,31,36,31,56,33,19,28,13,13,9,12,11,11,22,5,15,30,14,17,19,49,35,22,19,22,7,26,9,28,28,9,18,11,33,21,106,15,43,10,15,45,33,32,14,16,17,10,16,27,16,10,16,22,14,14,20,35,10,10,14,38,13,22,25,92,17,22,30,9,24,15
46,103,41,50,47,45,20,48,43,45,46,0,41,44,38,48,40,39,45,45,44,44,44,50,46,51,52,48,49,40,44,41,45,44,72,43,50,34,41,43,49,40,44,43,46,45,44,47,45,44,45,46,42,61,37,44,40,30,41,48,45,36,49,43,44,73,48,41,51,37,47,42,36,45,44,48,45,45,67,45,46,27,45,44,40,45,39,46,39,43,46,44,28,29,42,49,43,57,39,47,45,39,46,39,76,74,46,55,39,47,38,43,47,42,37,53,44,44,43,44,42,45,52,47,45,42,149,45,50,55,43,50,51,37,45,36,43,46,44,46,39,51,40,49,15,42,38,49,46,49,42,40,50,42,44,62,44,27,44,43,42,45,50,46,46,48,37,39,42,63,48,51,48,36,53,28,39,47,45,45,45,38,42,42,46,44,65,42,45,45,43,43,42,110,43,44,44,62,48,45,38,43,42,50,47,42,38,45,58,50,46,44,33,36,44,34,29,43,44,45,56,25,43,48,81,52,45,38,49,45,40,37,43,42,46,46,48,41,44,50,44,47,42,28,44,44,87,56,34,43,48,49,47,51,45,50,47,40,48,31,47,43,47,42,39,36,43,51,47,40,45,43,44,53,14,44,43,46,31,32,42,54,19,42,44,43,45,42,46,44,46,40,45,33,47,36,35,39,50,40,46,43,42,46,31,42,39,46,47,46,45,46,40,107,35,37,46,47,38,34,22,42,47,44,42,47,48,48,41,44,45,49,43,45,43,45,45,46,47,42,50,40,88,48,46,44,44,48,47
35,99,34,21,34,29,40,20,33,30,32,41,0,33,38,25,26,29,32,28,34,28,33,42,32,43,48,30,30,33,33,36,30,28,67,30,36,27,43,31,53,30,30,42,31,30,34,30,32,34,29,34,34,56,34,39,32,29,36,33,34,32,47,30,35,74,30,35,32,34,31,31,32,31,27,27,26,26,69,32,32,25,31,31,37,36,30,57,32,30,30,32,32,33,32,29,32,67,35,27,32,29,29,32,72,69,31,59,53,34,29,36,33,32,32,53,31,34,45,31,35,32,45,32,30,31,142,32,54,54,30,37,54,33,35,50,37,20,35,34,32,35,35,35,33,32,34,36,33,31,35,32,33,35,28,53,28,32,31,28,29,32,40,33,33,31,45,33,29,62,24,51,27,39,48,42,33,49,32,30,34,45,29,35,33,36,59,32,34,32,23,41,32,104,29,33,34,60,31,31,38,34,26,39,41,35,38,32,52,37,37,38,36,33,43,43,33,34,29,26,60,27,33,31,79,31,32,38,39,28,40,31,33,30,31,36,37,35,47,50,38,33,36,41,30,37,87,46,33,35,29,30,36,37,36,29,33,40,33,38,43,34,33,31,40,45,38,46,41,38,34,18,33,57,40,33,31,30,33,38,34,58,37,32,42,33,32,31,33,31,32,33,28,28,22,38,35,32,45,24,31,26,31,29,32,33,29,36,34,31,33,24,36,108,33,45,33,35,43,36,31,33,31,30,28,38,26,36,33,29,30,36,31,35,36,33,33,28,45,30,37,28,93,33,26,30,30,26,32
23,95,40,31,19,11,34,27,39,18,19,44,33,0,24,23,40,14,21,19,24,35,26,26,16,41,46,15,7,22,24,21,15,16,67,23,26,35,48,7,41,24,22,39,14,18,18,7,25,6,21,36,26,45,17,42,17,23,43,27,20,37,46,23,11,58,15,13,28,22,16,24,18,24,39,42,39,18,55,6,21,28,21,23,28,14,32,43,25,6,25,24,10,10,23,40,25,65,21,29,25,42,11,18,60,67,25,47,48,8,22,23,26,22,3,46,16,36,45,24,13,23,35,22,22,25,134,10,55,48,24,27,60,24,25,34,22,27,20,25,11,30,20,18,21,32,14,12,25,4,22,18,14,24,14,59,25,12,37,9,21,25,33,9,23,24,44,17,7,46,9,52,30,34,34,39,18,51,24,17,13,49,25,20,27,37,63,4,23,6,32,42,24,109,11,15,38,59,29,30,28,25,23,41,37,24,25,25,43,35,6,40,26,31,39,20,19,19,17,7,49,18,17,16,89,30,16,35,37,5,31,33,42,10,20,38,24,13,47,50,25,26,17,35,31,22,91,41,24,20,20,35,20,31,15,30,26,31,10,35,28,25,15,23,42,43,30,40,39,43,40,26,25,61,24,11,22,18,10,35,27,57,40,22,31,21,25,9,23,9,5,23,20,22,30,18,19,25,49,24,28,6,22,13,25,10,30,30,10,13,23,32,20,110,18,40,10,17,46,28,17,25,15,23,20,13,23,8,9,11,17,19,17,23,29,25,24,6,37,24,16,18,95,1,25,33,20,28,23
44,101,38,45,42,40,31,18,38,45,40,38,38,24,0,19,40,39,42,43,47,42,45,46,37,51,48,32,38,45,44,41,36,35,68,44,46,34,35,40,47,41,33,47,34,33,39,34,44,27,41,47,46,53,39,27,32,34,49,47,44,48,42,44,31,58,32,36,40,45,37,45,43,42,41,41,41,44,43,31,41,38,43,40,46,37,40,46,44,37,41,46,34,34,44,27,43,39,43,24,43,32,37,42,51,53,42,45,42,38,24,46,45,42,32,56,39,44,46,44,41,39,36,43,43,43,139,33,60,54,43,46,56,43,42,28,40,43,46,45,41,47,42,45,39,38,42,44,43,39,45,36,45,44,36,46,39,39,39,37,37,44,44,32,45,41,44,42,41,53,34,53,33,26,32,48,44,51,43,40,40,47,45,35,38,44,49,32,43,23,12,39,41,94,42,38,41,38,44,27,37,44,44,46,45,44,49,44,44,38,35,41,35,39,40,39,39,45,43,39,58,31,42,41,80,43,33,38,46,31,18,44,37,35,33,41,35,36,47,53,44,45,42,44,45,41,86,49,34,38,32,29,40,34,28,40,45,18,26,44,42,44,46,44,35,46,43,47,45,26,32,32,45,60,26,48,41,40,33,42,50,59,48,46,49,45,44,41,45,40,38,43,41,47,39,44,46,47,46,41,44,38,39,43,34,41,33,49,38,35,43,44,49,111,39,39,42,39,30,42,25,44,44,43,35,32,20,36,41,47,36,40,35,46,40,45,45,33,48,43,36,35,89,33,43,51,29,41,43
29,104,40,35,30,20,29,10,39,32,26,48,25,23,19,0,36,24,32,26,30,35,29,35,26,41,46,22,19,27,30,31,22,25,72,28,28,34,19,25,52,26,23,55,24,29,27,26,30,28,30,30,31,41,38,33,24,20,48,29,30,37,50,28,28,64,21,37,41,26,26,28,28,28,33,34,33,26,58,30,27,20,29,27,31,34,26,42,28,31,29,28,29,31,27,29,25,64,31,22,30,28,23,28,67,70,27,47,45,27,30,31,29,25,17,54,21,35,51,29,28,27,44,27,28,29,134,16,53,49,27,33,46,34,30,46,30,23,28,31,20,24,36,31,31,33,21,28,31,23,33,16,26,31,30,52,29,27,26,28,28,30,38,29,28,26,41,29,29,44,28,47,33,16,24,41,31,51,28,27,25,44,29,29,33,33,70,25,30,25,23,46,31,101,23,22,39,49,28,10,36,30,24,42,38,31,33,30,48,31,30,44,28,24,47,34,30,29,26,25,61,25,24,24,64,25,27,25,33,30,38,34,40,23,22,38,25,37,47,47,33,29,31,40,34,42,91,46,27,23,27,25,31,42,28,31,29,38,27,40,44,30,39,28,40,40,33,38,36,34,24,25,29,53,34,24,28,21,27,40,35,55,38,25,41,27,30,24,28,25,27,29,29,29,25,31,31,27,45,31,22,22,22,24,28,16,31,29,31,23,28,28,29,109,29,35,29,28,37,28,34,30,31,26,24,29,1,31,21,21,23,30,22,34,44,28,30,27,45,28,21,28,94,24,19,36,24,24,27
42,96,42,34,37,34,31,38,40,37,39,40,26,40,40,36,0,31,41,29,42,37,35,40,38,40,40,32,26,33,37,36,35,38,67,37,35,42,40,38,49,40,31,34,45,29,40,36,39,36,38,33,38,58,44,44,33,37,47,41,36,40,52,36,43,60,31,34,43,41,39,40,32,36,5,2,4,40,50,32,40,30,37,37,42,42,35,43,39,42,41,35,39,38,42,40,36,57,41,24,37,28,33,38,65,77,39,60,43,36,38,37,38,35,35,28,22,40,31,36,36,35,41,38,39,39,147,35,54,38,38,44,66,28,31,50,42,31,41,34,31,12,38,43,36,18,37,44,35,41,43,27,41,35,46,61,36,46,9,39,36,39,32,41,36,41,45,41,31,61,37,52,38,39,47,41,39,55,35,36,37,55,39,42,36,25,74,38,37,39,40,47,41,108,39,36,34,52,13,28,32,39,34,41,36,35,46,34,48,10,34,7,42,31,51,38,33,36,38,37,61,23,34,40,68,13,39,33,38,32,17,34,14,37,32,15,37,34,39,55,44,38,39,36,29,43,94,38,39,37,16,26,44,40,34,12,37,17,37,39,38,39,38,39,8,44,29,45,25,27,25,45,34,60,32,40,34,36,45,39,40,57,35,39,44,36,38,33,36,38,32,40,37,42,16,46,42,38,33,33,42,37,34,31,40,38,34,40,36,33,36,37,48,114,41,42,41,44,31,41,35,41,35,35,34,40,39,41,35,40,39,32,32,41,43,36,39,40,38,37,35,34,94,41,39,45,41,15,39
27,91,43,35,27,10,37,33,31,18,21,39,29,14,39,24,31,0,23,22,24,31,26,32,22,40,46,21,24,21,24,26,19,22,71,24,22,26,43,20,43,23,23,50,17,26,25,22,28,10,23,32,22,51,32,43,18,19,26,27,30,33,43,24,14,62,20,22,29,25,19,23,11,25,34,36,34,23,60,12,22,17,24,24,28,28,21,51,23,12,25,23,13,17,24,36,23,51,23,24,28,40,11,25,64,68,25,54,43,22,19,15,29,24,17,45,20,29,41,27,19,25,43,24,23,23,144,16,55,43,23,25,48,28,24,43,27,23,23,29,20,25,25,24,19,35,21,20,29,14,24,16,14,27,17,51,22,13,27,15,27,28,33,24,25,26,40,26,20,55,26,44,28,32,48,27,24,44,25,20,19,42,24,27,23,38,69,10,27,9,35,32,25,107,18,20,33,58,25,31,11,29,24,38,38,27,17,28,46,35,21,23,28,34,38,21,14,24,22,22,54,21,17,25,91,28,11,21,37,13,27,21,40,23,24,38,19,22,44,40,27,29,21,32,30,21,84,42,26,17,24,40,26,42,20,35,29,27,25,28,41,29,16,23,38,46,31,39,39,38,34,32,27,50,35,16,26,23,11,28,27,56,33,24,25,23,28,15,25,11,10,26,22,27,23,26,23,22,44,32,24,9,19,23,28,23,18,27,22,22,25,28,28,109,25,45,22,24,38,20,24,19,16,24,23,17,25,14,23,12,20,29,23,30,30,26,25,11,43,24,20,12,91,17,17,29,26,26,28
14,93,43,24,9,19,35,35,40,20,14,45,32,21,42,32,41,23,0,19,13,40,11,29,8,39,42,10,19,20,7,6,11,16,69,11,17,32,43,15,35,11,11,47,24,14,9,18,11,20,9,42,22,53,32,42,22,28,43,17,14,34,46,11,29,68,11,25,32,14,9,9,23,18,35,40,35,12,63,20,7,28,8,11,26,27,26,51,13,18,3,7,17,17,8,43,11,61,9,29,11,45,22,8,69,71,12,57,49,16,24,26,12,9,20,52,23,28,45,12,24,10,36,7,11,12,137,17,55,46,8,25,58,29,12,40,18,26,9,13,16,34,31,8,33,34,20,21,12,18,21,28,20,13,25,52,24,27,36,19,22,11,35,22,14,26,46,10,20,61,22,44,33,40,46,43,8,49,13,19,11,46,14,27,31,36,68,17,11,19,40,40,15,108,17,10,34,60,34,30,29,11,33,37,34,13,20,11,46,29,15,43,26,30,46,40,20,19,15,15,47,26,10,14,90,34,18,28,32,20,37,31,42,19,12,40,31,25,42,45,21,12,18,32,30,34,92,40,33,30,30,37,24,43,23,29,12,37,21,34,37,11,26,9,42,37,33,38,39,42,35,23,13,53,40,22,11,13,29,37,16,57,37,21,19,11,11,18,14,19,20,16,11,13,30,11,7,12,47,35,25,18,22,17,31,18,27,26,18,28,14,34,20,101,16,40,16,13,41,30,30,12,13,11,15,22,30,24,18,15,22,11,14,16,37,9,12,20,34,11,26,23,90,19,29,30,20,29,13
21,94,36,28,18,5,31,32,34,13,12,45,28,19,43,26,29,22,19,0,18,36,14,32,12,40,40,6,8,8,16,20,10,20,64,16,14,30,40,14,41,16,4,49,20,5,19,17,16,13,18,31,18,59,29,43,18,14,45,16,16,33,44,16,30,64,5,22,32,18,12,15,14,14,26,27,25,17,60,21,17,17,15,17,22,23,20,40,15,14,21,13,19,16,14,29,16,62,17,15,16,31,16,21,69,71,17,51,36,16,30,13,16,16,13,53,4,32,38,17,19,11,39,17,16,16,143,6,53,48,14,22,51,19,17,46,21,13,15,16,7,27,35,21,28,17,5,21,17,15,19,18,15,16,25,54,20,26,32,16,20,16,35,18,17,28,39,19,11,52,19,49,33,34,48,42,20,45,16,15,18,42,18,14,25,28,67,10,14,16,34,42,19,106,17,15,40,58,29,26,22,16,17,35,36,16,23,16,49,31,14,42,27,31,47,28,12,18,19,13,56,26,6,17,88,30,12,34,36,21,39,30,40,7,5,37,23,22,42,45,20,16,16,34,32,39,87,44,25,27,32,28,19,38,19,31,15,39,15,34,42,16,35,17,32,41,24,39,34,39,39,27,14,54,35,19,17,7,28,34,22,56,38,24,27,16,16,9,17,18,12,19,18,14,25,19,18,22,47,34,24,11,10,3,26,13,23,21,17,27,17,28,23,101,15,44,16,20,42,26,36,18,17,18,16,17,27,10,11,16,23,18,15,18,30,13,16,16,40,16,17,9,85,21,24,29,7,23,18
13,99,41,34,12,20,36,35,40,21,16,44,34,24,47,30,42,24,13,18,0,41,11,31,15,42,46,16,18,24,10,12,14,20,72,10,24,31,48,15,47,8,17,45,28,16,11,16,13,21,6,37,25,58,38,44,27,28,48,14,20,38,43,10,27,69,16,23,30,14,14,11,28,19,34,41,35,10,65,25,9,29,10,11,20,26,30,49,10,25,7,9,24,20,7,41,11,63,11,32,13,40,18,8,72,75,10,56,47,15,33,26,12,14,23,52,22,30,48,11,25,17,42,15,10,10,137,21,57,54,9,26,60,30,11,40,18,24,7,16,16,33,29,7,27,30,19,20,12,21,16,29,26,13,35,55,14,25,36,16,23,13,36,18,11,32,46,11,18,63,26,50,39,41,50,48,3,51,12,19,17,47,12,26,32,29,68,17,10,22,39,45,7,110,15,15,41,59,33,34,32,10,26,35,37,13,25,13,50,36,21,46,22,34,45,32,24,19,10,14,55,31,15,20,92,33,17,30,30,24,38,35,40,20,16,36,29,23,46,48,21,12,22,35,30,41,94,44,25,29,32,39,19,43,26,37,12,38,28,39,45,10,36,10,36,38,33,41,44,46,36,30,11,58,40,24,11,11,30,36,30,59,40,19,32,7,13,18,11,19,21,23,11,9,32,13,9,11,49,37,26,20,25,11,27,19,35,18,13,32,7,33,15,110,14,48,16,13,42,35,31,11,20,13,14,20,31,28,18,22,28,16,15,18,32,8,12,16,33,10,27,19,95,24,24,25,17,28,11
41,98,29,18,42,38,31,29,28,36,35,44,28,35,42,35,37,31,40,36,41,0,37,47,35,43,47,34,37,37,40,38,38,38,73,37,40,20,47,38,48,40,36,39,37,35,38,39,41,33,35,35,39,49,43,34,38,33,35,42,35,38,46,40,35,63,35,39,44,38,36,39,31,38,42,36,43,39,60,41,38,38,38,39,37,43,32,49,40,31,39,39,36,33,39,33,39,61,35,28,41,29,30,37,71,71,38,46,52,36,34,39,42,39,39,45,37,40,48,41,37,36,44,39,40,38,144,35,58,47,38,44,55,36,42,35,35,31,42,40,35,37,41,36,32,28,32,41,43,36,39,34,39,42,43,56,35,37,34,34,38,42,7,31,40,25,38,37,36,63,37,55,36,24,35,35,37,55,41,36,35,51,40,38,30,38,73,36,39,26,43,48,36,111,35,40,32,61,38,35,34,41,33,38,42,42,42,42,49,42,38,40,41,40,45,32,32,29,36,42,60,28,39,39,92,38,39,39,34,31,35,42,38,35,37,30,38,39,46,53,41,42,41,36,36,37,100,43,38,36,39,36,32,10,23,35,43,35,30,43,10,41,26,39,40,44,40,43,42,44,34,33,42,62,39,35,41,41,34,38,47,57,41,34,38,36,41,38,40,36,38,36,36,34,36,40,37,35,45,21,34,33,35,38,38,37,38,38,37,39,41,44,41,119,35,42,39,38,42,34,34,34,32,40,39,38,39,38,39,40,29,42,40,43,36,41,39,37,45,39,36,35,97,36,42,39,36,39,42
12,95,41,32,6,24,34,33,38,22,11,44,33,26,45,29,35,26,11,14,11,37,0,30,14,32,37,13,17,22,5,14,11,20,71,9,24,33,46,16,45,6,15,50,27,17,11,13,11,17,12,36,24,61,37,42,22,25,48,7,15,37,45,8,33,66,13,21,35,13,13,8,24,18,38,38,38,11,65,24,11,28,6,8,24,29,29,54,9,21,10,5,23,26,12,42,5,59,8,30,9,42,24,13,70,77,4,58,49,14,35,24,4,3,22,51,20,31,47,10,27,14,34,9,8,6,140,20,56,53,8,15,57,33,3,44,21,26,7,8,18,33,32,13,35,26,19,21,7,21,24,30,28,4,22,54,25,28,36,16,25,11,36,12,10,33,47,14,19,60,27,51,37,39,52,43,9,48,9,17,17,47,11,29,31,41,72,19,7,24,42,48,10,107,19,12,35,62,33,32,33,6,32,35,29,4,21,8,41,37,21,46,25,36,44,38,23,15,14,16,54,28,13,21,92,33,23,29,29,21,34,34,41,17,15,39,23,21,37,42,15,4,22,33,37,36,91,38,32,29,27,39,17,43,23,36,3,34,26,35,43,6,38,10,44,41,33,42,38,43,35,25,5,57,36,24,9,11,33,35,30,57,38,20,28,8,10,17,10,13,21,21,11,12,25,15,12,10,48,36,27,18,27,22,34,17,34,24,18,28,8,33,20,106,19,47,9,16,41,34,34,15,24,8,18,12,27,28,19,22,30,10,11,12,40,4,3,17,31,8,24,23,90,24,27,27,17,27,10
26,97,46,39,25,30,42,38,46,31,33,50,42,26,46,35,40,32,29,32,31,47,30,0,30,41,46,32,33,31,28,29,32,34,71,27,32,38,49,31,36,29,33,56,27,33,23,33,28,33,29,40,28,56,37,43,32,31,51,30,21,34,57,27,27,67,32,30,30,30,30,28,27,30,44,49,45,31,62,28,28,31,28,26,29,26,32,57,29,27,29,28,31,28,27,48,29,66,28,35,28,45,24,29,68,75,29,56,56,33,38,36,30,29,24,55,28,36,54,27,30,33,40,29,27,29,137,31,65,56,28,28,65,32,30,48,31,32,30,31,30,37,37,30,38,39,29,28,29,26,24,29,26,29,33,61,31,28,45,33,26,28,40,31,28,32,48,32,32,64,27,57,42,46,47,53,29,50,28,33,31,53,29,33,38,42,72,30,28,30,42,49,28,117,31,31,46,63,35,39,31,30,32,47,45,29,28,28,52,39,30,51,30,37,47,41,30,28,30,33,58,32,33,30,92,37,35,35,30,29,45,37,50,34,33,49,34,30,50,40,28,30,31,39,35,43,99,47,36,32,37,44,32,45,23,39,30,45,28,38,41,30,35,27,46,45,41,39,48,46,40,32,29,67,40,34,27,32,33,37,21,66,43,27,28,25,28,30,28,32,29,27,31,32,39,28,27,29,54,39,34,30,27,32,34,33,39,30,29,27,28,43,30,118,29,51,33,25,46,38,37,29,29,31,33,33,37,31,33,33,26,23,32,32,43,29,29,34,46,28,26,33,97,28,34,38,33,31,28
15,101,42,30,13,19,38,30,35,21,7,46,32,16,37,26,38,22,8,12,15,35,14,30,0,41,46,9,9,23,10,9,6,13,71,13,19,31,49,12,45,11,13,44,22,8,11,13,15,14,11,37,20,49,36,31,24,23,44,15,15,35,46,13,29,64,10,23,24,11,1,12,30,20,30,37,30,15,64,19,10,28,9,12,19,18,28,49,13,18,11,11,20,20,13,41,12,60,9,26,15,42,15,13,66,75,12,52,48,13,28,23,16,13,17,48,18,34,42,14,18,13,34,11,13,12,139,15,56,52,11,24,59,26,13,48,20,27,12,14,16,31,31,12,31,34,19,20,16,15,17,26,19,14,25,56,24,28,32,15,25,15,34,17,14,29,47,13,16,59,20,50,29,33,46,46,10,46,16,19,18,48,11,23,26,39,68,16,10,20,34,46,15,108,19,11,35,61,33,29,30,13,29,41,37,14,24,15,42,28,10,39,30,34,45,36,24,16,18,13,58,27,11,18,88,33,14,32,31,15,37,33,41,17,10,39,27,23,45,45,23,16,21,33,30,37,92,44,29,36,32,40,24,40,15,28,16,37,18,34,42,13,36,12,44,43,33,40,37,42,33,25,16,58,38,20,13,11,32,34,28,55,38,22,30,13,15,17,14,17,19,22,8,16,29,15,14,9,48,31,24,18,22,19,34,16,29,24,10,25,14,33,24,112,17,46,13,14,41,33,32,7,20,14,16,19,22,22,17,16,24,16,11,18,38,13,14,15,40,14,25,17,94,16,26,32,17,26,12
40,98,46,37,38,41,46,40,37,37,36,51,43,41,51,41,40,40,39,40,42,43,32,41,41,0,20,38,32,36,39,38,38,37,78,37,36,36,53,36,49,35,38,53,43,36,40,34,39,39,36,45,39,64,32,49,38,37,51,38,38,42,55,36,41,75,38,43,42,38,37,38,37,39,34,36,34,38,74,41,40,37,40,39,38,41,40,54,38,40,39,37,38,38,39,49,39,62,43,41,37,48,43,38,75,84,38,64,49,39,47,39,36,37,41,58,40,34,49,36,42,35,15,37,39,36,148,42,60,55,37,26,66,37,29,51,38,43,40,29,41,43,41,38,45,39,40,37,37,37,40,36,42,34,38,63,36,41,37,36,41,39,42,35,36,39,55,35,36,71,39,56,38,42,48,51,37,50,36,37,37,53,39,41,42,43,74,38,37,38,44,55,43,111,38,37,38,66,44,42,40,36,40,11,11,34,46,36,44,42,39,43,41,42,51,35,36,40,40,38,62,38,39,39,99,44,39,37,41,38,38,39,48,37,40,44,39,43,8,52,37,36,32,36,36,50,99,22,45,42,41,45,43,46,36,45,36,38,40,46,46,36,44,38,50,48,41,45,48,46,43,44,34,62,45,36,35,38,43,46,45,58,49,38,40,35,38,39,36,35,36,42,38,38,43,41,40,37,54,39,40,39,41,37,40,33,41,46,43,42,34,41,39,108,39,50,33,41,49,40,41,36,35,36,41,39,39,42,36,42,37,32,37,29,47,32,31,37,10,40,34,41,98,42,40,38,35,43,41
43,105,49,42,42,45,46,47,45,41,41,52,48,46,48,46,40,46,42,40,46,47,37,46,46,20,0,44,43,40,43,44,44,45,78,42,34,49,56,43,51,43,44,54,49,40,43,42,44,43,46,49,42,65,41,41,41,44,54,45,45,45,52,42,49,72,44,48,47,44,42,42,44,44,35,38,35,42,79,46,44,42,42,41,47,47,44,63,42,43,40,41,39,38,43,48,42,68,46,42,42,52,41,43,76,82,44,58,53,39,47,32,42,43,47,59,40,33,55,42,45,43,20,44,42,44,151,46,65,61,41,27,69,45,35,54,45,46,45,35,46,44,51,45,50,47,45,48,40,46,46,37,48,42,37,67,41,47,36,44,47,44,45,42,43,42,58,41,45,69,46,56,46,49,56,53,42,61,42,45,43,53,42,47,45,43,78,45,39,45,50,55,44,112,46,42,34,73,43,43,46,41,47,8,16,42,50,42,36,43,45,43,39,41,56,42,46,43,47,45,57,44,39,45,104,46,46,39,40,42,45,43,47,43,44,47,43,48,12,54,39,42,46,39,40,44,103,18,43,48,47,46,42,45,38,46,42,45,44,50,51,41,51,42,48,49,46,49,50,47,48,42,42,66,49,43,41,43,49,50,42,64,40,45,39,43,43,45,43,44,44,46,42,46,45,47,45,41,54,46,42,46,48,41,49,42,48,48,48,44,42,38,50,110,44,50,43,44,47,49,49,46,44,44,44,40,45,47,46,45,43,36,40,41,47,43,42,44,24,42,37,43,100,47,43,42,43,47,44
16,99,36,26,16,13,29,19,37,16,3,48,30,15,32,22,32,21,10,6,16,34,13,32,9,38,44,0,8,13,15,16,6,12,68,16,17,36,48,9,42,14,2,43,18,3,15,6,16,14,13,34,21,51,28,39,14,19,47,18,15,33,42,16,25,65,1,25,25,14,10,14,21,15,34,38,35,15,61,8,11,26,9,14,21,19,24,39,12,12,15,14,20,20,12,37,14,60,14,21,16,38,17,14,67,70,15,49,42,6,36,20,16,15,7,47,9,31,41,15,17,7,34,14,16,14,141,8,55,53,12,21,52,25,16,46,23,25,17,19,10,31,30,16,29,25,15,23,17,13,26,18,20,16,16,56,21,27,34,18,23,16,34,16,17,28,44,12,8,52,15,50,29,26,46,46,12,48,17,12,11,48,12,16,23,32,68,18,12,13,37,47,12,105,14,9,34,54,31,26,25,16,21,37,35,16,24,16,38,26,5,40,29,28,48,29,16,17,13,6,56,23,7,17,89,31,12,32,31,8,36,32,40,9,1,36,28,25,42,48,22,16,19,31,25,42,91,43,27,30,28,36,20,38,11,26,16,36,17,35,38,16,32,13,42,44,31,42,36,43,33,30,17,58,34,20,13,3,29,35,30,51,36,22,30,13,16,12,17,18,14,17,10,18,28,16,16,18,48,30,21,14,18,7,29,9,28,26,10,20,16,33,23,112,13,39,6,16,44,31,27,16,7,15,9,8,25,10,13,15,19,16,3,18,34,15,15,10,39,13,13,17,90,15,22,31,16,26,13
21,98,35,27,12,6,33,25,33,13,10,49,30,7,38,19,26,24,19,8,18,37,17,33,9,32,43,8,0,15,14,17,10,17,66,16,14,26,43,15,43,16,8,43,13,7,17,17,18,21,17,29,21,50,24,43,15,17,50,22,18,33,41,15,23,59,9,21,28,19,16,17,13,10,33,27,34,21,61,13,14,23,14,17,16,23,22,39,18,13,15,12,15,18,14,30,19,58,20,23,17,33,10,14,61,68,15,40,38,15,25,16,17,13,12,53,6,29,35,16,18,13,34,17,17,15,142,10,56,50,15,20,52,26,20,39,24,15,22,19,5,30,33,15,30,23,9,20,18,11,17,16,22,16,20,56,20,23,26,16,20,18,33,15,19,31,41,17,10,49,23,50,31,39,39,45,16,49,17,10,13,46,19,16,27,29,62,16,18,14,33,42,13,101,14,11,39,49,32,16,22,13,14,36,35,16,23,17,47,27,10,42,22,30,39,27,9,16,11,16,53,12,10,18,86,31,11,23,36,13,33,32,41,18,9,37,23,21,43,49,23,17,17,26,31,36,95,40,25,32,27,38,17,38,14,27,17,33,11,29,36,13,30,19,33,46,34,42,32,36,35,26,17,56,36,20,14,11,24,29,27,54,34,23,31,14,17,6,19,17,7,20,16,18,25,21,17,19,49,32,22,8,15,5,35,15,27,22,15,21,18,30,21,106,16,42,19,20,36,34,27,20,15,13,17,11,26,14,16,18,24,15,11,20,24,16,17,18,37,18,16,12,86,7,22,32,7,22,17
27,101,38,26,24,11,27,30,31,17,18,40,33,22,45,27,33,21,20,8,24,37,22,31,23,36,40,13,15,0,25,27,15,18,67,24,29,25,48,22,46,27,13,55,22,22,24,17,24,14,25,35,27,56,31,47,17,19,42,23,22,38,46,22,30,68,13,30,36,24,22,23,17,25,29,36,30,24,57,24,26,12,21,25,18,21,24,45,24,27,21,22,9,10,25,34,23,61,25,24,24,33,17,21,65,72,22,52,41,15,21,18,25,22,17,49,10,33,43,25,20,19,41,22,21,23,143,11,54,53,21,24,46,22,26,46,25,22,27,27,19,30,22,25,26,17,16,29,25,16,28,18,15,24,27,54,27,24,25,11,26,24,29,14,23,26,40,26,21,57,29,52,32,35,48,37,27,49,24,11,22,47,25,24,23,35,70,16,21,13,40,46,24,108,17,19,38,59,30,21,24,24,20,36,35,24,24,24,49,35,12,48,29,22,40,22,14,25,25,22,57,27,21,25,89,31,16,26,38,25,30,33,42,16,13,40,22,30,42,49,26,25,23,34,26,23,95,42,32,29,24,32,28,37,13,33,26,30,11,35,39,24,34,22,37,43,27,40,33,34,37,26,25,56,31,20,23,17,29,35,26,57,34,27,32,26,24,11,23,15,11,26,24,27,30,27,23,24,45,25,20,18,13,11,32,10,24,26,26,25,23,34,24,110,23,42,19,24,37,28,27,26,14,24,11,27,26,17,11,15,23,26,16,28,27,22,23,17,44,24,18,18,89,12,23,34,20,20,21
11,98,38,30,7,19,36,34,39,22,13,44,33,24,44,30,37,24,7,16,10,40,5,28,10,39,43,15,14,25,0,9,15,20,71,8,20,31,44,11,40,8,14,47,26,15,6,17,8,18,10,37,20,54,36,42,19,27,46,11,14,34,46,8,28,63,12,20,35,12,8,7,28,22,37,36,37,11,63,21,8,26,4,7,29,27,27,52,3,24,12,4,19,18,6,41,1,62,9,26,8,40,21,11,68,77,6,53,52,17,32,25,13,3,19,49,17,29,46,9,25,13,38,10,9,6,139,18,56,49,4,22,59,29,6,46,20,27,8,13,17,31,32,13,31,32,17,23,7,22,18,27,21,5,31,56,24,26,35,19,25,8,38,21,5,30,45,17,16,59,27,51,34,41,48,43,9,50,8,21,15,46,7,28,29,38,70,16,4,23,39,44,12,109,20,10,40,61,32,30,33,7,32,40,36,5,22,8,46,37,15,44,29,35,46,33,20,24,16,17,55,27,12,19,93,33,25,33,33,20,35,32,43,19,16,41,29,20,43,42,19,13,21,34,31,37,89,42,31,30,32,39,25,46,22,37,13,35,25,36,40,7,36,6,44,38,35,38,39,44,37,26,6,59,34,20,6,15,30,36,28,57,38,24,29,10,8,16,5,19,18,19,11,11,30,14,8,6,48,34,27,18,24,18,31,20,30,24,19,26,5,35,22,105,20,44,18,11,41,28,29,10,18,11,16,19,29,26,19,21,28,12,15,15,37,3,4,18,38,4,24,24,90,23,27,33,19,31,10
15,94,40,33,10,17,35,36,41,18,15,41,36,21,41,31,36,26,6,20,12,38,14,29,9,38,44,16,17,27,9,0,15,18,68,10,19,31,44,15,41,10,14,51,26,18,10,16,14,17,9,42,25,54,36,39,23,27,51,13,16,35,43,12,26,64,18,16,28,9,14,10,25,15,38,38,38,12,67,19,8,26,9,11,19,25,31,50,4,19,8,11,14,15,9,39,11,61,6,33,14,41,22,4,68,71,13,53,47,17,32,28,18,13,18,49,26,31,50,13,23,14,34,11,12,13,135,13,57,53,9,21,60,30,12,44,18,28,11,15,18,34,28,8,29,36,21,23,13,22,19,26,22,17,33,57,21,24,36,21,24,14,38,23,12,31,45,12,15,62,26,52,37,40,47,46,2,44,13,21,13,42,9,30,29,28,65,17,12,23,37,43,11,107,17,14,42,56,33,31,27,12,32,37,37,17,18,12,42,37,19,46,26,28,47,33,19,12,17,14,52,31,20,17,90,32,24,28,35,21,41,30,44,19,15,42,31,16,43,46,21,18,21,36,20,40,93,41,29,34,34,41,16,40,22,34,18,41,19,29,38,12,37,10,38,39,34,40,43,46,34,26,15,56,33,22,11,14,31,29,23,60,36,22,28,5,12,19,12,21,17,12,12,9,31,11,7,10,48,36,26,21,19,20,33,17,34,22,16,24,10,35,25,112,14,47,17,8,42,30,25,4,10,12,18,17,30,23,19,22,20,13,13,21,37,12,13,17,39,8,25,24,93,23,29,34,21,28,14
15,99,41,28,13,16,35,29,37,20,7,45,30,15,36,22,35,19,11,10,14,38,11,32,6,38,44,6,10,15,15,15,0,16,67,14,23,37,46,11,44,11,10,47,20,8,14,11,15,11,12,37,23,57,34,38,19,25,47,15,18,33,44,14,24,68,6,24,38,14,6,13,24,16,35,37,35,11,61,17,15,22,10,14,22,25,26,40,12,17,12,11,16,20,14,38,13,60,12,21,15,40,18,12,70,76,12,55,46,9,35,23,15,13,14,46,17,33,41,15,13,12,39,14,14,12,142,8,54,51,10,21,53,25,14,47,22,22,15,15,11,30,25,15,26,30,12,16,15,14,26,23,17,15,23,53,20,23,35,15,24,15,34,13,15,28,41,17,13,53,18,50,31,28,46,41,14,48,14,11,12,45,11,18,25,32,68,9,16,21,37,44,10,108,11,7,33,62,30,27,33,16,23,37,33,15,22,15,42,34,13,43,30,30,45,31,17,20,14,11,55,26,3,17,89,30,17,28,34,17,34,32,39,10,8,37,27,24,40,51,21,15,18,32,30,43,94,43,26,25,24,36,24,40,26,34,15,34,19,35,41,16,37,13,41,44,27,42,37,41,37,23,15,57,33,20,15,13,31,35,28,55,38,19,28,12,14,13,15,11,19,19,10,16,20,15,16,13,46,30,22,16,18,7,24,10,30,27,12,16,15,32,22,110,15,44,13,20,41,32,31,13,15,12,15,15,26,12,14,12,26,15,13,18,39,13,14,9,37,12,23,20,88,21,30,30,13,26,15
20,97,40,34,20,22,39,28,38,22,19,44,28,16,35,25,38,22,16,20,20,38,20,34,13,37,45,12,17,18,20,18,16,0,66,19,21,29,45,18,48,17,12,47,24,16,18,17,20,16,17,37,24,58,32,34,20,21,46,20,16,36,46,19,27,66,10,24,32,17,18,17,29,20,35,37,35,16,64,19,17,22,16,17,26,27,31,39,17,16,18,18,9,9,18,39,16,62,19,29,20,42,18,17,66,74,18,52,46,17,31,14,19,18,9,44,22,33,47,19,21,15,39,17,18,18,142,10,53,52,16,24,60,29,20,43,25,29,17,20,17,29,34,20,33,32,20,21,20,20,25,26,20,20,28,55,23,24,33,19,27,20,37,20,20,28,36,17,13,59,16,51,34,38,43,44,16,47,19,12,19,49,15,22,26,34,70,12,17,22,40,47,17,107,17,10,39,63,31,29,32,21,27,37,35,20,25,20,48,35,18,43,32,36,47,31,14,23,18,17,54,28,15,21,87,31,22,33,38,23,39,33,41,12,13,39,25,24,43,50,25,19,21,37,35,43,89,44,29,31,33,35,22,39,25,35,19,39,24,36,40,21,35,17,41,46,33,42,40,35,36,23,18,55,39,21,18,18,28,36,28,57,42,26,33,17,20,6,20,19,12,20,16,17,31,17,18,17,48,37,17,7,23,18,29,17,30,30,20,22,20,33,22,110,16,45,16,22,44,35,34,16,19,19,15,17,29,13,12,20,27,20,16,21,35,19,20,16,40,17,27,26,89,14,26,32,11,29,19
70,97,69,67,71,68,63,68,78,60,71,72,67,67,68,72,67,71,69,64,72,73,71,71,71,78,78,68,66,67,71,68,67,66,0,69,69,61,70,69,74,67,68,54,65,66,69,69,69,70,66,70,71,78,71,66,69,64,66,72,67,68,56,69,72,68,67,66,73,64,70,66,63,72,70,67,70,68,62,69,71,65,69,69,62,68,61,70,68,69,70,70,71,70,68,73,68,58,67,67,69,63,62,69,66,76,69,64,70,69,62,74,72,67,64,78,60,66,73,70,67,67,69,68,69,65,150,66,70,64,67,75,58,71,72,47,71,68,70,71,69,65,66,69,70,67,67,71,70,67,65,63,67,71,73,55,62,69,70,69,67,69,65,70,70,74,53,68,67,74,69,65,64,71,67,63,67,75,69,69,71,72,69,67,70,70,71,68,69,69,57,69,67,104,64,68,74,66,67,70,63,69,68,74,77,71,73,69,78,67,65,73,64,65,67,66,69,63,68,68,71,63,71,72,89,66,72,59,67,69,63,68,64,68,69,66,74,66,74,77,78,72,66,66,67,62,89,79,71,64,73,49,60,73,73,67,72,63,66,71,67,69,66,68,63,77,69,78,66,63,69,70,67,67,75,66,70,68,67,71,74,73,70,67,75,66,69,69,70,69,67,64,67,67,64,69,70,67,66,65,70,69,59,71,69,69,69,74,68,68,68,72,64,102,63,71,69,69,70,61,72,67,59,65,68,71,72,64,65,69,66,74,70,70,57,70,67,69,76,68,71,67,87,66,74,73,70,66,69
6,95,41,34,5,18,36,33,38,18,12,43,30,23,44,28,37,24,11,16,10,37,9,27,13,37,42,16,16,24,8,10,14,19,69,0,23,33,44,17,43,7,12,52,26,14,5,15,8,19,11,37,24,56,35,42,24,25,48,13,15,33,43,1,30,69,15,21,34,13,13,7,28,20,34,35,34,11,65,24,10,24,8,2,27,29,33,52,8,24,11,7,23,21,7,40,8,62,12,29,3,42,22,12,71,74,6,53,50,17,33,26,13,7,22,48,20,31,45,4,23,13,37,9,2,9,135,19,54,51,9,24,57,31,7,44,21,25,10,15,18,31,29,11,33,34,18,20,11,22,23,28,24,8,31,54,23,26,31,19,23,9,36,21,5,30,45,15,18,59,27,49,35,39,49,41,11,48,8,19,17,45,9,26,31,36,69,19,8,24,38,45,11,107,19,13,39,60,31,29,33,8,28,38,36,8,23,9,48,35,21,41,24,32,44,36,20,23,15,17,55,26,12,21,91,31,20,30,31,24,38,33,41,18,16,39,29,21,42,45,26,13,20,33,35,39,91,44,32,32,31,39,23,44,26,35,13,38,26,35,41,8,37,2,39,37,33,39,41,43,35,28,11,57,34,21,3,14,30,35,27,56,38,19,29,14,3,16,5,19,20,21,10,13,27,15,10,8,46,36,24,18,25,17,31,18,32,25,19,28,6,33,22,108,15,43,17,13,39,32,31,11,20,11,16,21,27,26,18,20,26,15,14,17,37,7,5,19,40,6,30,24,92,23,27,31,16,30,5
23,98,42,34,19,21,38,37,41,16,16,50,36,26,46,28,35,22,17,14,24,40,24,32,19,36,34,17,14,29,20,19,23,21,69,23,0,30,47,22,44,21,14,49,25,12,19,22,22,19,20,39,19,55,31,41,15,31,42,21,11,34,46,21,29,61,14,17,36,17,17,23,30,14,36,38,36,19,64,18,18,24,20,20,26,31,34,50,17,13,14,22,24,18,18,41,21,58,19,31,22,42,21,21,69,74,23,60,50,22,26,25,25,17,20,56,25,34,46,21,20,11,34,18,23,23,145,15,58,49,20,26,66,31,25,44,17,25,22,24,16,33,24,22,28,35,17,26,23,17,22,33,25,24,32,46,21,26,30,26,25,22,39,21,22,33,44,20,22,64,28,53,39,40,49,46,18,45,21,20,22,46,20,25,30,39,72,22,22,21,42,43,21,111,21,21,46,59,34,30,35,21,29,35,35,24,24,22,36,34,16,47,24,35,48,35,21,11,11,22,50,24,18,21,89,37,17,32,32,17,40,25,43,18,15,41,28,17,36,40,23,25,14,28,32,40,90,41,29,32,31,36,21,46,24,34,25,40,18,31,40,21,32,23,37,46,37,45,37,43,41,29,24,61,35,21,20,21,29,31,20,57,35,17,27,16,22,20,22,21,24,18,19,19,31,20,19,21,49,33,25,18,24,19,32,20,29,23,21,25,22,30,20,110,19,40,23,22,35,25,28,21,19,19,18,19,31,26,18,22,22,26,21,23,33,21,23,25,34,19,28,22,88,22,27,29,18,32,24
36,107,22,25,32,23,33,22,34,31,30,34,27,35,34,34,42,26,32,30,31,20,33,38,31,36,49,36,26,25,31,31,37,29,61,33,30,0,45,36,44,34,31,42,34,32,33,27,35,30,28,39,31,50,15,27,32,19,39,36,28,32,46,33,29,52,32,35,38,33,31,32,16,31,34,41,34,32,67,29,26,25,31,33,15,34,24,42,33,34,31,34,19,18,34,31,33,52,32,20,35,26,34,24,60,81,31,56,52,35,31,36,38,32,32,49,26,36,47,36,29,34,39,32,33,32,136,23,59,48,33,37,54,28,39,34,37,30,34,37,29,32,23,38,39,34,34,31,36,25,33,25,30,38,35,48,27,30,38,32,25,35,27,35,36,30,40,29,31,55,32,45,34,32,48,35,35,48,37,31,30,44,34,28,28,31,66,28,34,32,39,50,32,106,27,34,35,61,34,32,29,33,33,37,37,38,29,35,45,32,24,44,27,10,37,23,31,31,29,31,59,31,31,33,84,34,28,24,31,34,31,34,37,25,32,40,39,35,46,46,39,38,28,30,34,25,88,46,31,18,34,24,32,34,32,29,38,31,36,28,37,33,29,34,43,43,37,34,43,40,25,24,38,53,36,25,33,28,29,28,30,59,24,35,30,30,35,25,36,31,26,38,35,30,32,33,33,39,49,26,34,21,22,25,26,28,29,33,30,33,36,36,30,105,34,35,31,27,33,24,36,30,35,28,30,34,37,35,29,28,31,34,33,38,20,34,38,26,40,32,30,30,80,24,25,32,27,34,35
48,104,44,47,48,33,47,23,42,45,44,41,43,48,35,19,40,43,43,40,48,47,46,49,49,53,56,48,43,48,44,44,46,45,70,44,47,45,0,50,56,44,44,46,44,42,46,49,50,51,44,22,48,50,49,48,44,46,44,45,40,38,37,44,52,66,45,49,45,46,46,47,39,47,48,35,48,48,65,50,47,46,46,45,46,49,39,50,47,47,44,45,42,40,47,38,49,53,44,40,50,33,50,40,69,69,44,48,42,50,45,54,47,46,46,58,38,49,50,45,48,46,51,45,45,44,142,44,58,55,48,49,47,33,47,38,46,37,46,44,39,46,37,48,48,43,48,47,51,48,39,41,48,46,48,53,42,44,45,47,40,50,41,51,45,45,31,45,48,47,51,43,48,24,39,42,46,53,49,46,50,48,47,46,46,21,71,48,44,51,30,39,44,108,50,45,49,51,48,27,46,44,34,52,47,46,43,50,60,47,50,34,50,37,44,41,48,41,41,48,57,42,46,43,69,48,45,35,49,50,48,43,45,45,43,45,53,49,55,50,56,47,49,50,42,50,94,59,34,38,38,36,43,49,49,47,47,48,50,43,41,44,46,44,24,50,45,49,22,36,42,37,46,59,49,45,45,49,43,42,49,48,46,45,50,41,50,47,45,48,46,40,47,41,44,43,44,46,41,44,49,45,26,34,45,47,48,50,46,50,45,39,45,109,38,37,48,48,43,37,47,45,51,45,49,48,20,48,46,47,50,50,49,49,43,45,47,50,52,47,52,30,91,49,42,44,46,37,49
17,98,40,29,15,15,36,29,37,20,13,43,31,7,40,25,38,20,15,14,15,38,16,31,12,36,43,9,15,22,11,15,11,18,69,17,22,36,50,0,46,16,12,51,22,9,15,2,16,11,14,41,22,56,35,44,8,23,43,18,21,34,47,15,25,62,11,20,36,15,14,16,27,18,37,39,37,9,60,15,15,24,15,15,28,26,30,48,11,19,12,15,24,20,18,39,14,61,14,26,16,38,19,13,68,75,16,53,46,2,31,19,18,14,17,43,15,32,48,15,17,14,36,15,18,16,141,13,52,39,13,24,57,29,18,45,22,29,16,18,15,33,26,14,29,29,15,21,16,14,23,22,26,17,24,56,26,16,34,8,28,16,34,16,16,25,45,12,11,58,25,50,24,40,42,40,14,45,16,16,10,52,9,28,20,33,71,11,15,23,38,37,17,105,16,12,34,58,33,31,30,15,26,38,36,17,20,16,45,35,12,41,30,34,46,37,17,20,17,2,58,17,9,14,93,33,19,32,33,20,33,31,39,14,14,33,30,20,43,48,22,18,18,37,35,39,93,43,28,22,29,40,22,40,23,35,18,33,20,33,40,15,32,17,44,43,31,41,35,43,38,32,17,57,33,15,15,13,20,33,30,59,37,24,30,17,16,11,16,8,17,20,10,16,27,16,16,14,48,32,19,15,19,12,30,12,29,29,15,22,16,35,22,111,19,45,4,15,45,28,29,15,15,13,8,15,27,16,10,20,21,16,15,19,36,13,17,18,37,13,24,16,92,20,29,31,18,25,17
42,104,45,49,43,43,46,51,55,41,45,49,53,41,47,52,49,43,35,41,47,48,45,36,45,49,51,42,43,46,40,41,44,48,74,43,44,44,56,46,0,45,49,48,41,48,42,49,44,48,44,45,46,59,43,45,42,49,50,46,26,43,58,43,41,68,48,42,44,46,45,44,37,47,48,47,48,47,67,36,43,48,43,42,44,34,35,60,45,35,45,44,43,43,43,52,43,70,42,48,44,44,44,44,74,77,45,59,54,49,38,51,46,45,42,60,43,51,54,43,41,49,52,30,43,45,134,47,59,61,43,46,68,46,45,41,41,46,46,47,47,49,45,46,46,49,47,50,45,42,37,41,42,45,41,60,47,44,49,48,45,44,52,50,44,42,53,41,45,67,39,51,53,51,46,49,43,60,44,43,44,56,45,44,57,45,73,46,44,41,49,51,47,116,48,47,54,58,48,54,47,45,45,51,49,45,49,44,55,45,47,48,47,45,50,35,44,36,49,49,55,44,49,47,98,47,46,43,40,37,48,42,50,49,49,52,48,42,49,45,49,46,40,43,54,45,102,53,46,45,46,54,43,47,40,47,46,48,44,39,40,45,42,43,50,45,47,49,53,48,43,45,45,59,42,47,43,48,38,41,37,68,45,49,36,33,44,48,44,50,43,44,47,48,46,37,37,45,58,48,49,47,50,48,46,49,53,50,46,40,44,48,49,120,47,44,49,31,48,45,41,44,42,42,49,49,51,43,49,49,41,45,48,48,44,45,45,49,46,44,39,50,102,41,51,54,50,45,44
10,97,41,33,5,17,37,31,39,20,11,40,30,24,41,26,40,23,11,16,8,40,6,29,11,35,43,14,16,27,8,10,11,17,67,7,21,34,44,16,45,0,13,49,26,14,7,13,8,17,6,37,23,54,36,40,25,25,46,11,18,35,45,6,32,66,16,15,34,13,12,6,25,20,34,36,34,10,65,24,6,24,6,7,28,29,31,52,8,22,13,6,23,22,4,39,6,56,10,29,6,40,22,7,68,75,4,55,51,12,35,24,8,4,23,50,19,28,45,7,24,13,35,9,10,5,137,20,54,51,4,21,56,34,11,44,20,25,11,16,19,30,31,14,33,31,20,22,6,23,19,28,24,7,26,54,16,27,35,18,25,8,38,19,7,32,47,17,17,58,27,51,28,39,49,41,10,46,5,19,16,47,8,29,27,40,67,18,6,24,36,45,12,106,16,12,32,58,31,32,32,7,30,37,33,7,20,7,46,35,20,44,28,33,45,37,22,19,15,16,56,27,10,16,91,31,19,29,32,22,35,31,40,15,13,38,27,15,41,47,21,8,19,34,34,41,92,41,34,29,33,38,24,44,26,35,8,35,25,35,41,7,39,7,39,39,35,40,39,41,37,28,7,55,36,22,7,10,31,35,29,57,36,18,32,12,7,17,7,14,20,20,9,11,27,15,10,10,46,36,26,20,24,18,34,12,32,25,18,27,6,31,23,110,15,42,13,17,40,33,33,10,23,9,13,19,27,27,17,17,26,16,9,18,38,3,5,15,39,7,28,25,90,24,25,29,14,29,10
16,97,41,30,13,11,34,20,27,14,2,44,30,22,33,23,31,23,11,4,17,36,15,33,13,38,44,2,8,13,14,14,10,12,68,12,14,31,44,12,49,13,0,50,23,2,16,12,14,14,14,33,23,57,33,40,17,15,43,15,15,29,45,12,23,68,5,19,33,12,10,13,27,18,29,33,29,13,64,12,14,18,14,14,29,19,22,39,15,20,14,16,14,14,14,37,14,57,12,19,14,39,18,16,70,75,15,55,42,12,29,11,16,13,11,50,8,29,44,13,13,7,40,15,14,15,141,8,54,47,14,21,51,23,16,48,22,18,16,18,10,32,21,14,29,24,14,22,17,19,23,22,13,14,25,54,17,24,29,14,21,14,33,22,15,27,33,15,7,48,21,46,30,37,43,38,15,47,15,16,14,46,13,20,27,30,71,12,14,17,37,43,14,106,20,9,38,59,32,27,31,14,17,36,34,14,21,16,43,36,5,43,28,28,43,28,15,19,11,12,57,18,6,17,83,32,13,31,33,18,39,32,38,13,1,36,28,19,44,48,20,16,19,29,28,44,90,43,25,30,33,28,21,37,17,36,16,39,18,34,42,14,35,12,35,44,29,41,34,42,37,29,14,52,36,21,13,9,29,34,23,55,31,19,25,16,16,3,15,18,9,23,8,17,24,12,13,14,45,32,21,17,18,5,32,9,22,26,15,18,14,32,23,107,15,42,12,16,40,35,32,14,15,15,11,20,24,17,13,16,26,17,9,19,36,16,12,14,42,13,15,15,89,18,22,28,8,23,17
52,100,43,32,46,43,52,49,52,48,51,43,42,39,47,55,34,50,47,49,45,39,50,56,44,53,54,43,43,55,47,51,47,47,54,52,49,42,46,51,48,49,50,0,48,46,47,51,50,52,45,33,52,55,56,42,48,47,50,51,45,48,48,52,45,64,49,48,55,47,50,50,43,48,38,38,37,52,53,46,45,43,45,49,43,45,43,44,50,47,48,52,46,46,43,56,48,54,43,33,50,39,44,40,70,72,52,50,49,51,42,55,53,48,41,48,36,54,43,53,51,48,56,42,51,52,145,35,54,46,47,54,58,39,52,46,54,47,52,53,48,38,55,48,51,35,49,57,49,45,52,46,41,54,49,51,50,51,29,52,48,50,44,55,53,47,28,52,48,70,51,47,43,50,47,40,40,59,49,51,49,49,48,52,38,16,73,48,48,49,51,48,43,110,51,52,46,63,39,51,42,49,45,60,57,54,54,50,58,38,40,33,53,51,55,46,49,49,49,51,52,49,49,51,78,39,42,43,47,46,47,38,47,51,47,45,56,48,57,53,57,53,53,53,56,50,91,62,55,43,32,41,50,43,45,38,54,47,42,54,38,49,43,52,31,52,45,54,38,42,52,50,53,62,48,50,51,50,49,53,50,54,49,55,56,41,50,43,53,48,52,50,51,53,32,49,46,53,39,37,46,47,41,47,50,53,48,54,47,47,53,54,53,108,47,39,51,48,52,48,50,44,41,51,50,55,50,36,51,53,44,49,50,55,53,48,53,52,58,48,46,44,94,42,46,53,51,36,50
27,100,33,33,21,20,26,28,38,25,20,46,31,14,34,24,45,17,24,20,28,37,27,27,22,43,49,18,13,22,26,26,20,24,65,26,25,34,44,22,41,26,23,48,0,19,24,22,27,19,28,42,15,47,27,25,19,17,46,25,26,39,44,26,16,62,20,19,28,26,24,24,19,23,41,44,41,25,60,13,22,24,22,27,24,22,28,42,24,13,23,26,28,19,23,42,29,63,20,34,27,39,14,25,64,68,24,37,43,22,22,23,29,25,16,52,19,34,49,27,26,23,36,23,26,24,128,18,54,52,24,29,52,24,27,33,29,22,26,28,17,36,26,19,23,38,19,20,28,15,23,15,12,28,18,57,25,23,39,21,23,27,35,22,26,26,35,27,25,53,16,51,36,41,37,46,21,53,25,20,20,49,25,20,32,39,57,23,24,15,28,48,25,106,22,19,45,43,34,26,26,26,21,41,39,28,20,27,47,22,14,42,24,22,34,23,28,21,23,22,53,28,20,25,87,31,18,19,33,13,34,32,38,16,23,38,21,19,45,42,29,29,23,33,31,32,88,44,24,16,26,29,19,41,11,22,29,34,15,39,33,26,23,24,39,36,34,46,42,42,21,25,28,57,27,23,27,19,17,35,27,55,36,23,31,20,27,27,26,17,20,27,24,26,26,20,19,27,52,30,25,15,16,20,19,22,19,32,20,12,26,32,29,113,19,36,24,22,29,25,24,26,23,25,27,20,29,22,12,22,21,23,19,28,31,26,29,21,39,25,16,13,93,14,23,32,18,30,29
19,96,35,29,14,15,36,29,37,11,4,45,30,18,33,29,29,26,14,5,16,35,17,33,8,36,40,3,7,22,15,18,8,16,66,14,12,32,42,9,48,14,2,46,19,0,14,12,14,13,16,32,25,52,31,39,18,26,47,16,13,35,45,14,20,67,2,20,30,17,7,15,29,19,34,40,34,13,64,14,16,22,17,14,26,24,26,48,14,11,16,12,16,16,14,40,12,57,15,25,14,38,10,15,69,68,17,50,37,12,31,20,20,14,13,50,6,31,47,15,12,13,38,13,15,19,142,8,55,44,11,23,52,24,15,45,22,22,19,15,8,31,20,15,33,30,17,20,15,11,17,20,13,15,22,55,18,28,28,13,24,14,29,17,15,27,37,16,4,61,19,46,29,35,49,42,13,49,15,12,11,46,16,15,27,33,71,13,14,16,37,42,13,105,10,12,39,55,29,27,29,18,22,40,36,15,20,14,44,33,4,41,25,31,45,30,18,21,17,12,55,24,8,18,84,29,12,32,32,14,34,27,39,14,10,37,29,20,42,48,27,20,18,31,27,38,89,41,21,32,30,29,20,39,15,33,20,34,18,35,38,18,34,15,33,45,28,39,31,41,38,28,18,53,36,15,14,9,28,35,28,56,32,20,25,16,14,10,15,17,10,19,12,20,27,18,15,19,47,27,24,19,21,14,32,14,25,23,13,19,15,33,22,109,14,44,14,18,44,31,35,18,13,16,13,15,31,8,14,17,20,17,9,16,33,17,15,13,42,14,20,25,84,16,21,29,12,27,18
8,97,42,32,8,18,36,34,40,24,16,44,34,18,39,27,40,25,9,19,11,38,11,23,11,40,43,15,17,24,6,10,14,18,69,5,19,33,46,15,42,7,16,47,24,14,0,15,7,19,12,35,21,56,32,42,25,27,47,14,18,35,46,6,24,64,14,20,32,13,14,5,26,22,34,39,35,11,64,15,10,26,8,5,28,25,31,52,7,17,10,7,22,19,6,41,8,60,9,28,7,38,21,15,66,73,8,54,48,16,33,26,14,7,17,50,20,34,46,6,25,17,35,8,6,8,136,16,56,53,10,25,58,29,11,43,21,26,9,16,15,32,32,11,32,32,20,19,12,17,20,28,23,9,27,57,24,27,35,17,23,7,35,19,6,27,47,15,18,62,20,52,35,42,45,43,11,48,9,17,13,49,9,28,32,37,67,16,9,19,36,43,12,109,19,13,40,58,32,30,33,11,29,40,38,9,21,8,45,32,18,42,28,35,46,37,21,24,16,15,51,24,16,19,93,32,21,31,32,17,32,31,43,17,18,41,28,20,43,42,27,14,21,36,30,37,92,45,34,30,32,38,20,40,22,32,14,32,21,37,35,11,36,7,43,39,35,37,40,45,35,25,12,57,34,23,5,13,30,36,22,59,40,22,28,10,7,17,6,19,18,20,12,12,28,14,7,9,48,34,24,18,26,19,30,19,34,23,11,25,5,35,24,108,19,46,19,8,42,33,30,12,21,10,15,21,26,24,19,21,20,6,14,18,39,11,8,19,40,4,23,25,92,18,29,33,19,27,4
17,94,42,36,17,7,36,31,37,22,16,47,30,7,34,26,36,22,18,17,16,39,13,33,13,34,42,6,17,17,17,16,11,17,69,15,22,27,49,2,49,13,12,51,22,12,15,0,16,3,14,41,28,61,33,41,16,22,47,18,20,37,46,14,23,65,12,18,31,16,17,16,20,14,32,34,32,13,59,19,18,22,16,16,28,26,27,50,15,15,17,16,23,23,15,38,18,63,16,24,14,39,16,16,71,72,16,48,52,1,32,21,17,15,17,47,22,32,49,14,9,16,37,16,16,15,141,20,54,53,16,22,59,24,15,49,24,22,16,15,15,24,25,16,30,25,21,16,15,17,22,28,21,17,23,56,19,19,33,15,22,16,37,8,16,23,45,17,3,55,17,52,26,37,41,46,18,49,13,11,8,51,15,22,28,38,67,15,18,11,38,47,15,107,9,15,36,52,24,35,24,13,27,36,35,17,24,15,44,30,11,41,23,38,44,33,9,23,18,1,59,14,12,13,87,24,21,21,35,13,33,33,38,18,14,36,21,18,40,50,21,17,22,35,31,39,91,41,25,26,20,36,25,39,23,26,17,33,18,35,41,13,34,17,39,43,30,40,33,41,26,27,17,57,26,19,16,2,23,35,32,59,38,22,31,17,15,17,16,2,11,20,10,16,28,13,17,17,47,30,22,19,22,17,22,7,30,29,16,13,16,26,21,110,20,43,15,18,43,33,22,14,17,12,7,7,22,19,5,13,22,19,2,14,40,15,15,2,38,17,22,10,92,15,27,31,2,26,14
8,97,44,36,9,19,38,35,37,24,14,45,32,25,44,30,39,28,11,16,13,41,11,28,15,39,44,16,18,24,8,14,15,20,69,8,22,35,50,16,44,8,14,50,27,14,7,16,0,18,13,39,26,57,37,44,26,27,48,9,15,35,45,9,31,69,14,23,37,13,12,4,30,22,34,35,33,13,65,24,10,26,7,9,28,27,31,54,10,24,13,7,25,22,9,42,8,62,13,29,2,42,24,15,71,77,7,54,52,16,34,26,9,7,22,47,22,35,47,4,27,14,41,9,9,8,136,19,56,53,11,22,57,35,9,44,23,27,9,13,19,33,32,14,32,33,20,18,5,25,25,30,25,7,30,56,23,28,35,18,25,3,39,20,3,35,47,14,18,61,26,51,37,41,51,43,10,50,4,18,18,47,10,28,33,38,68,18,9,24,38,46,11,109,20,14,41,59,33,32,34,9,27,40,36,7,25,3,48,37,19,43,26,34,46,38,22,25,17,16,54,28,14,23,93,33,22,32,35,24,38,33,43,18,16,41,30,23,42,48,24,9,22,37,29,40,93,45,34,32,33,40,24,45,25,37,9,38,27,37,44,9,36,9,41,36,33,40,41,45,37,31,7,57,36,25,5,13,32,37,28,58,40,19,33,12,1,18,3,18,20,23,13,15,29,17,11,12,48,38,27,20,27,17,32,18,34,27,19,29,5,35,24,109,17,47,17,15,41,32,32,13,22,11,18,20,29,27,18,22,29,16,13,11,39,7,7,18,40,4,30,24,92,25,27,33,18,31,6
19,92,39,33,14,10,37,33,28,14,14,44,34,6,27,28,36,10,20,13,21,33,17,33,14,39,43,14,21,14,18,17,11,16,70,19,19,30,51,11,48,17,14,52,19,13,19,3,18,0,17,40,25,53,29,41,16,26,42,20,16,36,46,18,12,64,13,18,31,18,18,18,18,17,32,34,32,15,63,17,19,24,17,18,27,24,31,46,16,6,19,15,11,11,19,42,15,64,19,18,16,37,20,15,68,71,16,54,48,14,31,8,14,17,8,44,27,31,49,15,22,18,36,18,20,16,138,20,55,45,16,21,62,34,14,42,22,24,20,18,18,32,23,17,26,29,14,8,16,17,22,27,21,17,19,55,24,12,35,6,26,18,39,12,18,33,50,18,10,57,23,53,25,39,47,42,16,49,16,13,12,50,16,25,26,38,71,2,19,8,31,45,18,107,13,13,36,57,29,31,32,16,29,35,34,17,22,16,43,30,16,44,26,35,46,25,18,22,16,16,58,29,12,20,87,32,10,24,35,13,22,32,44,2,14,42,17,18,42,50,17,14,18,35,32,32,91,42,23,29,27,40,21,41,12,36,14,22,12,31,41,16,29,19,40,42,32,41,42,41,42,35,15,59,24,24,12,17,16,31,30,60,31,21,34,20,17,4,18,14,4,23,12,20,27,16,19,19,49,35,24,9,24,19,26,6,18,28,19,15,14,33,22,110,19,48,11,16,40,30,21,18,21,14,14,6,30,12,11,13,21,13,10,14,36,16,17,2,38,16,27,16,94,11,23,29,2,31,19
14,94,35,29,9,19,39,34,41,17,15,45,29,21,41,30,38,23,9,18,6,35,12,29,11,36,46,13,17,25,10,9,12,17,66,11,20,28,44,14,44,6,14,45,28,16,12,14,13,17,0,34,23,56,33,44,24,24,47,14,16,31,46,11,28,65,11,14,31,7,9,12,31,18,38,40,38,9,66,23,9,26,9,11,26,26,26,48,12,20,6,11,13,14,6,40,7,57,6,31,13,36,23,6,62,77,9,54,50,18,32,28,12,10,19,52,19,27,48,12,24,11,39,7,11,11,138,13,56,52,9,25,59,32,11,41,16,28,5,12,15,33,29,15,30,36,20,17,12,21,20,23,20,14,31,54,20,24,37,22,25,13,32,22,10,34,46,7,18,62,25,48,38,41,48,44,6,46,12,19,10,50,12,27,30,34,71,17,10,26,37,42,6,109,18,12,40,60,31,34,27,13,24,41,34,14,14,13,46,34,18,45,21,29,45,31,17,16,11,13,56,28,13,21,91,30,20,25,29,24,37,28,40,17,16,38,27,14,46,45,26,12,15,36,24,41,94,44,28,27,34,40,16,42,24,33,12,37,26,34,39,13,36,11,41,40,29,34,39,42,31,22,12,57,33,19,11,14,28,34,25,57,39,23,27,8,13,16,10,18,22,19,13,10,30,8,6,13,48,34,23,18,19,14,32,17,34,22,18,25,10,34,22,111,15,43,16,14,39,33,35,2,15,8,16,20,29,20,17,20,27,15,11,16,42,13,11,19,39,10,28,20,90,22,25,32,21,25,11
40,100,39,34,39,25,39,35,30,38,39,46,34,36,47,30,33,32,42,31,37,35,36,40,37,45,49,34,29,35,37,42,37,37,70,37,39,39,22,41,45,37,33,33,42,32,35,41,39,40,34,0,40,60,40,38,33,35,44,36,34,34,47,36,33,71,30,35,35,29,39,34,35,38,14,30,13,40,48,44,40,31,34,37,37,35,28,50,36,40,36,35,36,39,37,38,36,57,32,24,39,17,27,33,70,78,36,59,40,41,26,41,36,40,34,39,20,41,40,38,39,38,49,32,37,37,144,23,58,49,33,45,46,25,40,42,41,19,40,36,30,14,31,40,37,19,38,45,40,37,39,21,36,37,46,55,40,36,13,38,34,39,21,43,37,33,41,41,38,63,45,47,34,34,47,38,37,54,38,39,37,44,38,35,33,34,74,39,35,42,37,44,32,109,37,40,36,60,15,33,35,38,26,48,43,37,33,39,56,15,36,32,41,36,48,28,38,31,40,41,57,38,31,42,77,15,37,39,40,42,16,30,27,39,39,27,38,35,44,50,45,36,36,39,36,37,92,47,31,36,15,29,41,38,40,15,35,16,41,37,30,38,29,36,21,42,35,42,37,28,38,35,36,53,30,37,39,38,38,37,37,49,38,35,37,33,39,40,37,42,37,29,39,36,14,35,38,36,25,37,39,37,28,33,37,41,29,29,42,37,37,35,35,107,27,49,39,34,27,29,43,37,42,31,38,39,34,39,41,40,41,36,38,37,24,35,38,40,46,36,43,25,81,43,24,30,37,12,37
25,95,41,33,20,18,30,34,38,15,23,42,34,26,46,31,38,22,22,18,25,39,24,28,20,39,42,21,21,27,20,25,23,24,71,24,19,31,48,22,46,23,23,52,15,25,21,28,26,25,23,40,0,61,37,41,25,16,46,25,22,32,43,24,29,66,25,21,38,14,25,22,28,24,34,35,33,24,68,23,20,29,21,21,24,24,33,51,25,21,26,22,18,17,22,45,22,63,21,33,26,38,25,23,72,78,23,59,50,27,36,22,27,24,22,48,21,33,46,25,24,24,41,20,24,24,142,16,56,49,21,25,58,27,27,45,12,28,24,28,20,35,34,22,32,33,21,27,25,22,14,30,25,27,23,60,23,19,34,28,28,26,37,28,25,29,45,20,18,62,27,45,33,46,50,41,23,43,26,23,23,48,25,25,26,36,76,26,25,19,33,45,23,112,27,24,41,64,28,33,38,24,31,42,34,27,15,26,44,34,26,48,26,31,41,35,22,18,23,27,60,19,25,23,93,31,20,31,27,22,38,27,44,27,25,42,29,21,47,44,17,27,15,32,32,43,98,45,29,33,33,37,17,43,29,34,27,38,22,34,46,24,35,21,34,34,35,38,43,43,38,33,25,59,23,25,24,25,23,35,21,61,34,17,23,22,26,22,25,24,21,21,25,23,28,24,26,20,52,35,27,18,22,18,27,28,25,27,24,25,25,28,23,109,14,39,27,23,41,31,33,19,23,23,27,23,33,22,27,26,27,21,25,27,43,23,26,25,40,23,26,24,87,24,28,27,23,33,26
59,101,51,58,52,53,38,49,67,58,56,61,56,45,53,41,58,51,53,59,58,49,61,56,49,64,65,51,50,56,54,54,57,58,78,56,55,50,50,56,59,54,57,55,47,52,56,61,57,53,56,60,61,0,52,39,49,60,61,61,56,61,56,56,43,65,54,59,48,53,57,55,57,58,50,56,51,52,53,53,54,59,55,54,54,53,51,62,57,47,55,57,60,60,54,58,57,54,55,58,57,56,49,52,70,52,58,59,45,56,58,60,61,57,54,68,54,61,59,56,55,55,59,55,59,59,135,51,57,50,55,64,65,54,58,54,59,60,58,58,50,56,57,55,59,57,57,56,58,57,58,50,39,61,57,57,62,56,52,60,51,57,50,61,60,57,51,54,54,34,54,56,57,58,57,50,52,66,56,54,56,50,56,53,58,57,28,61,55,48,56,59,57,101,60,56,63,23,55,40,50,57,60,63,63,61,56,57,71,48,49,66,57,37,53,50,55,55,58,57,63,57,50,58,71,54,59,31,61,53,50,57,53,59,55,66,58,59,65,57,63,61,59,59,64,49,90,65,50,51,58,52,55,54,48,52,60,50,50,62,42,57,49,55,61,56,60,63,57,50,36,53,60,67,51,56,56,54,45,61,56,62,44,58,56,57,57,58,60,59,57,53,57,60,53,54,55,60,67,46,58,58,55,54,59,57,50,62,53,50,60,62,59,125,56,42,61,55,32,55,48,59,55,60,56,54,48,54,57,58,55,57,56,58,55,58,57,58,61,56,57,55,95,44,63,62,56,61,59
36,99,41,34,37,28,21,32,47,35,32,37,34,17,39,38,44,32,32,29,38,43,37,37,36,32,41,28,24,31,36,36,34,32,71,35,31,15,49,35,43,36,33,56,27,31,32,33,37,29,33,40,37,52,0,15,33,30,43,39,34,47,51,35,23,67,33,32,25,37,32,35,28,35,40,44,41,36,48,22,33,25,36,34,21,24,30,50,37,25,37,37,25,23,30,44,37,54,34,36,37,35,26,33,67,71,37,53,45,32,21,35,39,36,22,56,28,34,45,36,21,33,39,32,34,35,124,26,60,44,35,36,55,35,37,37,34,35,36,39,27,38,18,32,31,35,32,34,38,21,33,23,26,39,22,59,37,23,41,21,33,37,36,21,37,33,50,35,26,48,18,53,37,47,48,49,36,61,36,32,33,51,37,30,30,38,68,26,36,18,42,54,32,110,35,36,36,61,38,40,21,37,19,42,42,39,35,37,52,28,20,44,31,18,33,29,21,28,38,37,56,20,36,30,94,33,33,10,32,19,36,35,45,21,31,38,28,32,46,50,37,39,39,31,35,25,92,48,28,26,35,28,33,39,25,30,39,36,20,44,33,37,22,35,44,44,31,35,49,39,25,22,39,62,29,30,36,28,25,40,35,62,36,36,35,35,37,24,37,34,33,28,35,31,37,35,36,37,53,39,33,27,30,29,21,25,30,35,32,16,36,37,37,114,30,36,33,35,27,31,26,33,35,39,23,28,37,33,24,30,29,34,28,38,23,36,37,23,44,36,31,27,96,19,31,40,33,41,36
43,100,39,38,42,34,36,21,42,42,39,44,39,42,27,33,44,43,42,43,44,34,42,43,31,49,41,39,43,47,42,39,38,34,66,42,41,27,48,44,45,40,40,42,25,39,42,41,44,41,44,38,41,39,15,0,44,28,43,44,40,41,47,42,29,57,38,46,29,41,32,40,39,46,47,41,47,36,41,39,41,35,41,40,39,34,41,53,40,43,43,40,41,39,42,37,39,67,38,26,44,30,36,39,65,66,43,51,43,42,20,31,44,42,40,43,41,45,49,43,35,41,39,38,41,40,137,32,61,44,40,46,63,29,44,31,43,36,43,45,40,40,35,43,39,42,31,44,44,38,39,46,22,43,28,52,43,47,46,40,39,44,38,37,42,41,36,42,40,37,34,54,42,39,28,37,40,53,43,39,38,41,37,38,40,35,57,42,41,32,36,36,44,106,37,43,44,44,42,31,35,42,44,48,47,43,45,44,51,42,39,40,38,23,26,27,41,44,46,41,59,34,44,44,71,40,38,24,40,39,22,44,37,36,39,42,39,46,45,42,47,44,42,45,45,22,93,44,43,41,25,43,39,43,27,40,44,22,40,44,37,42,30,41,45,49,44,46,41,39,22,29,45,64,31,29,41,44,31,44,44,62,40,43,46,45,44,44,42,42,41,38,40,40,27,42,44,41,55,35,40,43,40,43,41,39,44,50,40,29,42,44,50,110,44,29,43,37,38,38,37,42,36,42,37,40,34,36,37,31,39,42,44,46,30,42,41,41,49,41,38,40,102,38,32,50,39,32,46
25,99,37,30,25,16,40,36,33,10,15,40,32,17,32,24,33,18,22,18,27,38,22,32,24,38,41,14,15,17,19,23,19,20,69,24,15,32,44,8,42,25,17,48,19,18,25,16,26,16,24,33,25,49,33,44,0,10,36,24,17,36,42,24,18,56,14,22,29,19,21,18,12,16,34,32,33,23,63,19,25,10,17,23,23,26,18,39,20,11,24,20,12,11,25,41,24,59,26,16,26,35,7,23,58,73,19,53,35,14,17,21,25,24,19,49,10,25,36,25,15,20,41,21,24,19,142,9,54,41,17,20,57,22,19,45,21,23,25,20,13,32,21,26,15,28,7,24,21,18,19,19,18,23,29,55,17,15,26,13,24,26,33,12,25,33,42,25,12,61,18,48,29,34,48,39,25,50,22,8,18,47,22,22,21,32,72,8,21,21,30,41,23,109,21,16,36,58,29,29,30,22,21,39,32,23,23,26,46,38,14,45,26,31,39,30,6,22,22,18,53,17,19,24,87,32,18,33,34,18,30,30,40,18,21,38,24,22,44,48,22,25,23,37,34,34,86,45,15,31,32,34,20,41,13,38,25,30,16,32,40,22,30,23,32,45,35,35,34,42,39,28,22,56,30,19,24,17,15,32,25,56,27,15,34,17,26,17,25,21,19,16,22,24,30,25,24,25,50,30,23,19,12,15,25,18,15,24,19,17,25,30,30,107,17,45,22,26,40,21,28,24,21,16,18,23,24,11,17,26,22,27,17,25,24,19,25,17,43,20,24,20,90,8,21,30,8,28,26
28,100,42,29,28,10,25,30,33,21,17,30,29,23,34,20,37,19,28,14,28,33,25,31,23,37,44,19,17,19,27,27,25,21,64,25,31,19,46,23,49,25,15,47,17,26,27,22,27,26,24,35,16,60,30,28,10,0,41,26,23,37,47,25,22,66,18,30,28,26,27,25,18,24,32,35,33,24,63,19,25,19,25,26,14,24,20,42,28,23,22,24,7,8,28,39,26,58,20,30,27,37,21,25,68,73,23,46,45,21,29,22,26,24,10,53,16,33,30,26,20,23,40,26,25,24,142,18,52,49,23,22,47,27,29,43,27,23,28,22,19,31,23,24,22,19,12,25,26,20,28,34,13,27,31,53,26,20,26,17,26,27,33,18,28,31,42,23,21,51,21,51,32,36,44,43,22,48,27,12,26,41,26,23,27,35,71,13,25,11,31,44,22,108,23,25,35,61,29,32,32,27,19,36,40,27,27,27,46,37,9,47,20,29,38,29,9,22,26,20,58,12,24,27,91,31,26,34,36,22,41,36,39,12,22,32,30,30,41,52,32,26,18,34,31,29,88,42,30,27,21,30,30,43,27,35,26,41,20,40,42,27,34,25,38,47,32,41,39,41,35,11,27,55,34,19,28,19,27,40,31,54,35,18,34,21,27,10,28,15,11,20,22,24,16,28,28,22,51,30,22,18,11,19,18,22,25,28,25,15,28,31,31,104,20,37,27,25,36,32,25,21,22,18,14,29,28,20,12,11,13,22,25,23,29,26,28,21,41,26,22,19,83,17,17,36,12,28,27
49,100,31,40,46,46,36,46,47,43,47,41,36,43,49,48,47,26,43,45,48,35,48,51,44,51,54,47,50,42,46,51,47,46,66,48,42,39,44,43,50,46,43,50,46,47,47,47,48,42,47,44,46,61,43,43,36,41,0,49,39,41,51,48,44,62,46,42,50,38,45,47,31,41,48,48,47,46,72,41,48,44,46,47,46,47,36,49,47,47,40,44,44,42,45,41,47,56,46,43,48,33,35,48,66,84,49,62,43,45,40,43,47,46,45,48,40,45,41,47,43,43,45,45,47,46,146,42,58,48,45,48,63,31,47,27,44,40,47,50,40,46,46,46,37,47,39,52,49,49,42,38,45,46,45,62,46,38,42,43,43,48,29,44,45,43,47,44,37,64,46,52,46,47,54,31,43,63,47,44,47,33,46,50,46,40,69,45,47,39,43,36,48,110,49,46,46,69,42,44,31,50,49,54,47,46,44,48,61,50,46,37,51,41,44,47,34,46,45,40,54,45,47,49,92,41,39,42,45,44,45,36,41,42,44,41,49,42,50,54,51,47,38,50,48,37,86,55,36,42,41,45,41,46,50,44,47,45,48,48,35,50,35,48,43,52,44,50,39,46,52,44,48,60,44,46,44,48,40,48,43,52,40,39,48,40,48,45,45,43,36,45,47,46,44,46,51,46,49,33,48,35,46,48,38,48,31,51,49,46,45,47,50,116,43,39,49,48,39,39,40,45,43,48,49,49,44,47,42,47,47,48,46,49,49,48,47,45,55,45,48,42,87,49,51,51,48,42,49
12,95,45,35,11,24,37,34,38,25,17,48,33,27,47,29,41,27,17,16,14,42,7,30,15,38,45,18,22,23,11,13,15,20,72,13,21,36,45,18,46,11,15,51,25,16,14,18,9,20,14,36,25,61,39,44,24,26,49,0,17,36,46,13,33,69,18,22,38,13,14,10,25,19,34,42,35,13,68,25,12,26,10,9,32,30,34,55,10,25,15,10,27,27,11,42,13,63,12,31,9,45,24,15,74,77,13,58,53,18,35,24,4,10,27,50,18,35,49,8,29,17,41,13,13,11,140,24,57,54,10,22,59,33,7,49,21,28,12,15,22,34,33,13,36,33,23,23,9,25,21,28,31,7,31,57,22,29,38,21,27,9,40,21,14,34,48,20,18,61,26,52,34,41,51,42,10,51,10,21,16,46,12,31,32,42,72,21,7,27,43,46,13,110,20,16,34,63,34,28,37,7,31,41,37,7,21,14,48,38,21,44,30,33,46,42,22,25,14,18,55,26,15,22,92,34,22,36,31,25,41,34,42,20,19,38,31,22,45,50,24,4,23,36,34,40,94,42,34,32,34,41,25,47,31,38,5,41,29,38,42,7,39,13,39,40,34,44,41,44,37,30,6,60,41,25,14,16,33,38,30,59,39,22,33,15,14,18,14,19,21,24,13,15,29,19,12,11,49,38,25,23,27,22,34,19,35,29,18,29,14,36,25,110,20,44,17,20,43,29,37,14,27,15,15,21,29,29,19,23,27,12,16,14,43,10,12,20,44,12,29,24,93,27,29,30,20,30,14
18,95,40,34,18,23,32,32,37,14,14,45,34,20,44,30,36,30,14,16,20,35,15,21,15,38,45,15,18,22,14,16,18,16,67,15,11,28,40,21,26,18,15,45,26,13,18,20,15,16,16,34,22,56,34,40,17,23,39,17,0,33,43,19,29,63,15,23,33,8,14,19,23,19,34,35,34,20,65,22,15,21,15,18,19,27,26,48,17,23,17,19,18,17,18,42,15,61,17,24,16,41,19,11,67,75,16,53,43,21,31,26,17,20,17,50,17,32,44,19,23,11,40,9,19,17,139,16,57,48,19,19,56,27,16,46,18,25,19,17,17,35,36,16,32,33,18,18,20,18,21,24,23,16,26,57,15,27,37,19,20,19,35,19,12,28,43,21,18,60,21,50,34,41,45,40,19,48,19,18,20,40,18,28,32,34,70,17,9,23,36,45,19,110,18,19,40,62,31,30,31,12,31,42,37,16,18,19,46,32,14,42,23,36,45,40,22,12,10,21,51,28,16,15,93,32,22,31,30,17,38,29,43,13,17,42,27,23,42,50,28,17,14,29,25,36,86,47,30,33,30,40,15,42,21,32,16,38,20,32,38,12,32,18,39,41,34,43,39,45,34,25,17,54,32,22,16,22,32,32,22,57,36,17,28,6,15,13,12,18,17,16,20,17,31,18,18,19,52,33,25,17,27,18,32,15,31,25,15,26,20,30,23,102,18,41,20,13,46,29,33,16,18,9,16,19,32,20,15,20,25,14,22,14,38,17,20,18,39,19,25,22,91,19,29,23,18,29,20
37,87,34,38,33,37,31,44,41,38,37,36,32,37,48,37,40,33,34,33,38,38,37,34,35,42,45,33,33,38,34,35,33,36,68,33,34,32,38,34,43,35,29,48,39,35,35,37,35,36,31,34,32,61,47,41,36,37,41,36,33,0,19,33,38,70,35,38,35,31,37,33,38,37,38,38,37,34,70,37,31,29,32,34,43,42,33,52,34,39,36,31,39,39,32,40,30,65,35,40,35,33,34,36,70,79,34,65,49,35,32,38,36,33,33,53,34,28,43,34,34,30,43,34,34,34,147,33,57,46,32,36,53,34,34,43,34,37,37,37,36,40,38,35,39,44,33,40,36,41,30,37,37,34,43,54,27,33,38,37,25,35,36,40,32,35,33,35,35,67,40,38,43,40,46,32,33,50,35,34,37,39,36,36,40,35,75,39,37,34,41,40,37,107,36,37,44,68,42,34,37,35,37,40,47,34,38,35,42,44,34,40,30,33,47,38,38,38,38,34,48,38,34,35,89,40,36,34,34,41,45,33,40,36,34,36,41,38,47,35,40,36,34,25,38,35,89,46,39,39,38,35,34,43,37,42,36,45,38,34,35,35,23,33,46,41,38,39,42,32,40,36,35,51,46,37,33,37,29,33,25,52,38,34,25,32,35,33,32,38,33,37,34,33,41,36,31,29,50,36,37,32,39,36,32,35,39,34,39,38,32,37,40,110,30,40,35,39,22,38,40,35,37,32,33,38,41,35,36,36,38,36,36,38,40,34,33,40,48,32,43,37,75,40,32,23,36,40,37
47,97,45,46,43,42,36,52,48,43,45,49,47,46,42,50,52,43,46,44,43,46,45,57,46,55,52,42,41,46,46,43,44,46,56,43,46,46,37,47,58,45,45,48,44,45,46,46,45,46,46,47,43,56,51,47,42,47,51,46,43,19,0,43,51,64,44,40,45,44,47,43,44,47,53,48,53,44,67,48,41,40,43,44,41,48,44,44,42,48,45,42,49,49,45,47,40,57,45,47,45,46,42,43,64,74,42,53,44,47,46,48,46,39,44,58,45,46,46,44,49,39,55,46,44,42,145,43,54,47,43,48,58,48,44,39,51,44,46,47,47,50,44,48,40,49,45,51,46,46,49,46,48,44,49,43,30,41,46,47,32,45,47,48,42,50,45,42,43,61,51,47,48,45,53,38,45,52,45,45,49,49,44,43,48,49,69,46,45,48,50,49,40,109,44,46,53,63,50,42,48,45,44,52,53,44,38,45,53,48,45,48,36,50,49,37,45,39,35,46,46,48,49,49,82,51,48,48,46,49,48,39,43,47,42,45,52,40,55,38,43,46,45,32,43,34,93,52,34,31,49,40,39,49,48,48,46,48,49,44,50,45,45,43,42,44,49,46,46,32,50,44,47,45,49,47,42,46,48,44,38,55,45,38,38,43,45,42,42,50,46,38,43,38,47,48,43,43,51,47,49,46,45,46,42,48,41,42,50,50,42,52,49,104,41,48,46,48,39,40,39,44,48,46,47,49,49,46,49,45,49,51,46,48,51,46,41,49,56,42,53,36,88,52,44,30,44,47,47
6,95,41,34,4,18,36,33,39,18,11,43,30,23,44,28,36,24,11,16,10,40,8,27,13,36,42,16,15,22,8,12,14,19,69,1,21,33,44,15,43,6,12,52,26,14,6,14,9,18,11,36,24,56,35,42,24,25,48,13,19,33,43,0,30,69,15,20,36,13,13,7,28,20,33,34,33,11,64,24,8,24,8,2,27,29,33,53,8,24,11,7,23,21,7,40,8,62,10,28,8,42,22,12,71,74,5,53,50,16,32,25,7,4,22,49,20,30,45,1,24,13,36,9,4,4,135,19,54,51,9,22,57,31,6,44,21,25,9,13,18,31,30,13,33,33,18,20,10,22,23,28,24,5,31,54,22,26,31,19,23,9,36,21,6,30,45,15,18,59,27,49,30,39,49,41,10,48,3,16,17,45,9,27,31,36,69,19,9,24,38,46,13,107,19,13,38,60,31,31,33,6,28,37,35,5,23,8,47,35,21,43,23,32,44,37,20,23,15,17,55,25,11,19,91,31,20,30,31,24,37,33,41,15,15,39,29,20,42,45,22,7,20,33,29,39,91,42,32,32,31,39,22,44,25,35,7,37,25,35,41,6,37,4,39,38,31,38,39,42,37,27,7,57,34,21,2,14,30,35,27,56,38,19,29,14,3,16,6,16,20,21,11,13,27,15,9,11,46,36,24,18,25,17,30,15,32,25,19,28,2,33,22,106,15,42,16,13,41,34,31,11,20,8,16,20,27,26,18,20,26,14,11,11,38,7,4,18,37,6,28,24,92,23,27,31,15,28,5
29,93,46,37,28,19,35,32,43,27,21,44,35,11,31,28,43,14,29,30,27,35,33,27,29,41,49,25,23,30,28,26,24,27,72,30,29,29,52,25,41,32,23,45,16,20,24,23,31,12,28,33,29,43,23,29,18,22,44,33,29,38,51,30,0,64,17,21,28,31,22,31,16,26,41,42,42,26,50,19,30,19,28,29,28,22,21,47,32,11,32,30,27,29,26,45,28,62,24,24,31,35,19,25,64,65,32,47,39,30,31,26,33,27,13,51,20,39,43,30,23,29,42,29,30,32,135,23,59,41,31,32,61,32,33,36,29,31,31,33,21,36,20,29,34,32,25,25,32,14,27,19,9,32,23,56,33,15,33,22,26,31,39,23,31,25,41,30,30,53,21,50,29,39,41,42,26,55,31,22,22,46,32,23,30,46,61,11,30,8,32,42,34,106,22,24,39,51,31,28,21,32,29,43,40,32,20,31,44,28,10,46,25,24,31,29,17,30,31,27,48,21,24,24,94,34,22,18,31,12,37,35,41,12,30,35,17,21,48,47,29,33,30,28,34,25,87,48,17,18,29,28,29,40,16,29,33,37,17,35,26,32,21,30,40,42,37,46,44,43,24,25,32,62,28,16,30,23,18,33,15,61,38,28,23,26,31,13,31,12,12,22,24,29,28,25,27,33,53,37,28,12,28,24,29,22,26,30,19,12,31,37,30,110,31,40,26,24,32,28,23,31,21,32,17,17,30,25,12,17,18,24,25,33,29,31,31,17,41,31,16,30,94,12,26,36,16,29,28
68,94,43,61,62,67,65,72,67,62,67,73,74,58,58,64,60,62,68,64,69,63,66,67,64,75,72,65,59,68,63,64,68,66,68,69,61,52,66,62,68,66,68,64,62,67,64,65,69,64,65,71,66,65,67,57,56,66,62,69,63,70,64,69,64,0,61,69,70,65,70,67,56,65,71,70,71,66,65,60,62,62,67,68,68,64,56,62,64,58,66,67,60,61,62,70,66,56,67,66,69,60,58,64,2,65,66,64,62,67,61,66,69,67,60,72,67,67,60,69,67,67,73,66,68,65,146,60,72,60,66,69,70,63,68,47,67,68,67,68,61,73,64,67,67,72,64,70,70,64,67,66,54,67,69,62,69,67,61,67,64,69,59,65,67,66,69,65,65,62,62,66,71,72,64,63,64,73,67,65,63,69,67,60,66,62,66,63,65,58,71,68,62,115,64,63,68,65,70,64,61,69,65,74,71,67,61,69,68,74,65,66,66,61,66,67,66,59,64,64,55,66,68,69,89,73,56,57,66,55,66,72,66,65,63,70,66,69,73,71,72,69,67,63,73,69,85,72,67,61,66,68,64,68,55,73,69,66,55,72,72,69,63,69,62,75,75,68,65,66,68,62,67,75,67,59,68,69,61,66,66,67,67,65,70,62,69,67,67,64,64,62,69,64,71,65,64,65,77,61,55,68,64,65,68,61,60,66,66,62,67,71,65,110,68,57,64,66,68,63,69,67,57,64,65,69,71,66,64,65,67,69,70,71,56,68,69,64,75,67,70,66,96,67,61,75,64,74,65
16,99,37,27,16,13,30,20,37,15,2,48,30,15,32,21,31,20,11,5,16,35,13,32,10,38,44,1,9,13,12,18,6,10,67,15,14,32,45,11,48,16,5,49,20,2,14,12,14,13,11,30,25,54,33,38,14,18,46,18,15,35,44,15,17,61,0,25,26,14,9,14,21,15,35,38,34,15,61,7,12,26,10,13,22,18,24,39,11,11,15,14,20,20,13,37,14,60,14,21,16,38,17,14,68,69,15,50,42,6,36,20,16,15,8,47,8,31,41,15,16,8,35,13,16,13,141,8,55,53,12,21,52,24,16,46,23,25,17,19,9,31,30,17,29,25,15,23,17,14,26,19,20,15,15,56,20,27,34,18,24,16,35,16,17,28,44,13,8,52,14,50,29,27,46,46,13,48,16,12,11,47,12,17,23,31,68,18,11,13,37,47,12,105,14,9,34,55,31,25,26,16,21,37,35,15,23,16,39,27,4,40,29,27,48,29,16,18,14,6,56,24,6,16,89,31,13,32,30,7,37,32,40,9,2,35,28,25,42,47,22,16,19,31,26,42,91,43,26,30,29,36,20,39,12,27,16,37,17,35,39,16,32,13,42,44,30,42,35,43,33,30,17,58,34,20,12,3,30,35,30,52,36,22,30,13,16,12,17,18,14,18,10,18,27,16,16,18,48,30,21,14,18,6,29,9,27,26,11,19,16,32,23,112,13,40,6,16,44,30,27,16,8,14,9,8,26,11,13,15,18,15,3,18,34,15,15,10,39,12,14,17,90,15,21,31,16,25,14
22,93,46,34,20,21,37,37,44,19,26,41,35,13,36,37,34,22,25,22,23,39,21,30,23,43,48,25,21,30,20,16,24,24,66,21,17,35,49,20,42,15,19,48,19,20,20,18,23,18,14,35,21,59,32,46,22,30,42,22,23,38,40,20,21,69,25,0,33,12,23,19,32,12,34,37,35,24,68,17,17,28,18,21,23,26,37,54,22,17,25,22,21,21,19,47,20,61,9,34,17,41,25,15,69,74,17,53,51,21,35,23,20,22,20,56,27,34,45,16,22,13,35,12,21,18,139,22,45,54,21,17,66,24,17,43,16,29,24,22,24,35,28,16,18,32,15,24,18,18,18,23,22,15,29,60,16,32,33,24,18,23,37,22,22,29,44,17,18,57,22,52,28,47,41,43,19,38,16,22,22,48,22,23,26,36,66,24,19,17,44,41,15,109,24,22,39,59,34,33,27,21,34,39,39,15,8,17,42,33,19,49,16,33,47,20,20,22,15,25,52,32,24,26,91,37,19,31,33,17,34,24,45,25,17,43,34,0,46,44,20,20,24,15,30,43,92,38,25,31,33,42,9,42,20,32,21,34,19,26,40,21,36,20,39,22,37,40,42,43,30,30,16,58,27,27,18,26,33,25,26,64,26,14,32,17,22,20,22,22,19,17,24,15,31,12,10,21,52,36,29,17,25,25,30,22,34,22,20,29,20,29,18,108,15,44,25,16,43,33,18,15,21,22,25,23,36,29,22,22,24,17,25,17,24,17,20,24,34,19,22,20,88,18,31,36,21,33,23
36,99,40,35,32,31,23,39,40,28,34,51,32,28,40,41,43,29,32,32,30,44,35,30,24,42,47,25,28,36,35,28,38,32,73,34,36,38,45,36,44,34,33,55,28,30,32,31,37,31,31,35,38,48,25,29,29,28,50,38,33,35,45,36,28,70,26,33,0,37,25,34,34,42,42,46,42,34,64,22,31,25,38,32,29,9,25,51,36,26,35,34,34,34,36,42,37,59,34,36,37,36,33,35,62,65,37,50,50,36,17,35,37,37,24,58,35,32,46,36,26,38,40,33,35,37,141,32,63,57,37,36,57,33,36,44,36,38,33,36,27,35,28,33,27,42,33,31,37,22,34,29,25,39,40,58,37,33,38,31,24,37,34,31,35,26,42,33,36,66,25,52,40,44,53,38,31,56,34,32,37,52,37,29,38,33,71,32,37,25,42,51,32,112,30,34,49,57,34,35,23,34,28,42,38,39,30,35,50,39,25,47,32,34,41,38,38,31,35,28,62,31,35,32,84,34,30,16,24,25,32,35,39,33,39,41,35,35,50,49,45,37,33,29,38,24,94,47,23,30,29,40,29,48,32,36,37,32,27,39,28,34,23,33,44,51,26,42,44,42,30,32,38,65,27,32,35,27,21,39,32,62,31,27,32,35,35,35,35,27,34,27,34,32,30,32,32,38,51,31,37,38,36,32,31,29,26,30,22,25,35,30,32,111,30,34,34,27,40,34,19,35,20,31,33,35,29,26,30,37,29,33,32,36,29,38,34,35,42,35,32,32,92,25,27,36,31,37,35
16,96,38,28,12,19,40,29,41,21,14,37,34,22,45,26,41,25,14,18,14,38,13,30,11,38,44,14,19,24,12,9,14,17,64,13,17,33,46,15,46,13,12,47,26,17,13,16,13,18,7,29,14,53,37,41,19,26,38,13,8,31,44,13,31,65,14,12,37,0,11,11,26,15,35,37,35,13,63,24,14,22,9,14,24,28,24,47,9,24,4,13,18,17,13,43,7,59,8,23,13,36,15,7,66,74,15,55,45,15,27,29,13,7,16,50,16,22,47,14,26,12,36,10,13,10,140,11,55,51,10,22,60,32,16,42,10,22,16,13,19,32,32,10,33,27,11,19,14,18,23,19,27,14,28,53,15,27,35,19,22,13,36,20,10,30,42,17,18,61,28,48,31,37,49,41,12,44,13,16,14,38,12,25,22,34,70,14,8,23,41,46,10,107,18,15,37,59,32,31,33,13,32,41,35,14,17,13,46,34,16,39,23,32,45,33,23,16,7,15,53,28,9,22,92,32,23,31,24,23,39,28,40,15,13,36,31,16,43,41,20,13,18,32,36,36,91,43,32,29,31,38,18,42,26,34,12,39,26,31,40,13,25,11,31,37,29,40,37,44,38,26,11,58,25,19,11,16,30,31,24,58,37,12,19,7,13,16,10,19,20,9,14,5,27,13,13,10,48,33,24,19,21,17,33,19,33,20,18,29,10,32,20,106,9,41,19,11,38,31,31,5,23,10,10,16,31,22,18,17,24,13,16,16,40,10,9,18,40,11,29,26,86,23,19,28,16,26,16
15,99,39,30,13,19,38,26,38,21,6,47,31,16,37,26,39,19,9,12,14,36,13,30,1,37,42,10,16,22,8,14,6,18,70,13,17,31,46,14,45,12,10,50,24,7,14,17,12,18,9,39,25,57,32,32,21,27,45,14,14,37,47,13,22,70,9,23,25,11,0,14,27,20,31,36,31,11,61,19,11,30,11,13,19,15,25,49,13,18,8,10,18,18,12,40,12,60,10,28,12,42,15,13,66,75,12,51,49,15,31,21,14,13,17,47,17,34,46,15,13,11,36,13,14,13,138,19,56,53,11,21,57,26,12,47,20,28,13,13,12,28,33,12,31,31,19,22,13,19,17,22,16,13,24,55,24,26,35,17,26,12,36,19,15,28,46,13,17,57,19,51,34,36,46,43,11,49,14,19,14,48,12,24,27,36,68,14,9,22,35,44,15,108,17,11,37,62,30,32,31,13,28,39,38,13,24,16,41,32,11,43,27,36,45,36,24,19,18,15,58,27,11,19,90,30,15,28,28,15,35,32,41,17,9,39,27,23,43,46,21,14,21,34,27,39,93,45,29,36,32,37,22,40,16,32,14,35,18,35,42,13,34,14,46,44,33,39,39,44,33,26,16,57,36,18,12,9,32,35,28,59,38,22,32,13,12,15,15,17,19,22,10,15,31,12,13,14,48,36,26,18,19,15,31,16,30,27,10,25,15,29,24,106,17,46,15,16,45,31,32,7,17,14,15,15,26,21,17,14,19,13,9,21,40,14,14,17,40,12,21,22,94,18,28,33,17,25,13
8,96,43,33,6,19,37,32,40,18,13,42,31,24,45,28,40,23,9,15,11,39,8,28,12,38,42,14,17,23,7,10,13,17,66,7,23,32,47,16,44,6,13,50,24,15,5,16,4,18,12,34,22,55,35,40,18,25,47,10,19,33,43,7,31,67,14,19,34,11,14,0,29,16,34,37,33,10,65,24,11,24,5,3,27,30,29,50,6,24,12,6,23,23,7,39,6,59,12,28,4,39,21,9,70,73,5,54,51,16,34,27,10,6,22,50,20,32,45,8,26,11,37,7,7,6,136,19,53,50,3,24,55,32,9,41,22,25,7,16,18,30,33,9,30,34,18,21,12,20,22,27,25,7,30,54,21,25,31,19,26,4,37,20,5,32,45,16,17,59,27,49,32,38,49,41,8,47,2,17,17,45,8,28,30,39,69,19,8,23,38,45,9,106,19,13,39,60,30,31,35,8,29,38,36,7,22,4,48,34,21,42,25,32,44,37,22,23,15,16,54,27,13,20,90,30,20,31,33,24,38,30,40,17,13,38,30,19,42,47,25,10,20,33,35,41,91,44,30,27,31,37,23,44,26,34,10,38,27,35,40,8,36,6,40,40,31,38,40,43,33,29,7,54,37,23,7,12,29,35,28,55,35,19,31,15,4,15,5,18,20,21,9,14,27,13,11,9,45,35,26,20,23,18,31,16,31,22,18,29,5,32,22,109,15,45,16,12,39,31,33,10,23,12,14,20,28,27,16,18,25,14,12,18,37,6,9,18,41,3,30,24,88,24,27,30,18,29,8
31,96,40,31,24,15,21,35,30,23,25,36,32,18,43,28,32,11,23,14,28,31,24,27,30,37,44,21,13,17,28,25,24,29,63,28,30,16,39,27,37,25,27,43,19,29,26,20,30,18,31,35,28,57,28,39,12,18,31,25,23,38,44,28,16,56,21,32,34,26,27,29,0,23,32,30,31,28,62,13,25,10,24,28,28,30,25,41,27,13,22,29,19,18,23,41,27,56,26,22,30,41,10,23,55,69,26,52,32,28,19,20,25,29,27,39,15,33,44,28,24,26,33,21,31,30,137,14,57,48,26,34,46,17,23,42,27,23,29,23,28,23,16,25,20,26,15,25,29,23,27,11,17,31,18,54,21,10,23,21,20,30,37,26,27,19,35,30,17,59,22,48,34,34,45,24,26,50,27,26,23,41,29,19,23,30,67,18,24,20,35,45,25,110,30,23,40,52,22,25,14,24,20,40,35,31,25,30,52,32,25,38,30,18,46,19,15,27,25,28,56,19,29,29,89,24,24,16,26,14,33,28,41,30,24,41,26,29,44,47,31,25,28,37,33,22,90,43,18,14,26,33,25,40,26,30,24,33,23,38,38,24,16,28,37,41,18,38,38,33,20,13,30,55,27,17,27,26,12,38,22,56,35,23,26,19,30,26,27,17,22,20,25,33,19,26,25,30,39,34,30,23,20,17,23,28,24,30,26,29,27,31,31,110,28,35,29,25,35,19,22,26,23,23,29,23,26,32,24,21,24,21,27,24,23,30,27,23,43,28,25,18,92,20,20,35,27,25,28
21,100,43,28,20,15,35,32,39,8,16,45,31,24,42,28,36,25,18,14,19,38,18,30,20,39,44,15,10,25,22,15,16,20,72,20,14,31,47,18,47,20,18,48,23,19,22,14,22,17,18,38,24,58,35,46,16,24,41,19,19,37,47,20,26,65,15,12,42,15,20,16,23,0,31,38,32,21,68,18,19,26,18,18,28,31,29,49,20,14,22,19,17,15,20,40,17,57,19,30,22,36,19,17,69,80,20,53,48,20,33,18,23,20,19,53,17,31,45,21,18,10,37,18,20,20,145,16,54,46,18,21,58,31,19,46,24,24,19,20,13,33,21,19,31,30,13,25,23,18,20,22,28,22,29,47,18,22,29,18,22,22,36,16,21,29,45,20,11,58,24,41,35,39,49,42,18,43,19,17,20,42,20,25,28,39,71,20,18,21,38,48,20,107,19,21,40,58,31,30,36,18,25,34,31,22,17,22,44,36,13,43,22,36,43,33,17,16,15,20,54,24,16,16,88,34,19,36,33,18,39,26,40,20,13,35,30,11,43,49,15,23,13,24,29,41,91,48,32,31,31,34,21,40,20,36,23,39,24,34,42,18,38,15,40,45,29,41,40,43,35,29,20,53,37,22,21,17,28,34,24,58,33,19,27,20,22,15,21,21,14,20,17,17,29,13,21,20,49,32,25,15,20,16,28,20,27,24,22,25,21,26,15,111,14,36,20,21,43,31,33,17,20,19,18,18,30,22,16,17,24,20,17,21,40,19,20,20,42,21,24,20,89,20,24,28,16,28,21
38,108,39,32,36,21,27,33,33,39,36,44,27,39,41,33,5,34,35,26,34,42,38,44,30,34,35,34,33,29,37,38,35,35,70,34,36,34,48,37,48,34,29,38,41,34,34,32,34,32,38,14,34,50,40,47,34,32,48,34,34,38,53,33,41,71,35,34,42,35,31,34,32,31,0,3,1,32,45,33,39,28,34,33,39,39,35,46,36,38,38,35,31,34,36,41,38,65,38,21,32,34,30,38,74,74,33,60,38,30,37,37,32,37,35,42,20,34,30,32,31,30,44,39,36,34,148,31,53,47,35,41,52,25,33,48,42,27,36,38,33,8,41,39,33,14,33,41,33,37,41,22,39,31,41,54,30,37,8,33,29,34,32,35,35,30,45,38,36,59,43,49,36,37,47,33,37,54,30,36,37,52,37,38,32,13,75,36,36,36,34,49,39,108,32,30,27,60,9,32,27,36,33,38,41,31,42,32,47,15,31,9,38,28,46,28,33,32,34,37,59,31,30,39,67,9,39,28,43,33,18,39,13,32,25,18,36,31,37,59,40,32,35,38,41,40,97,37,39,31,13,33,42,36,30,17,33,18,37,43,38,36,37,36,10,45,19,47,31,23,35,39,32,61,31,30,34,30,40,43,40,57,37,37,36,39,33,32,35,34,37,39,31,35,12,41,37,37,33,33,36,35,32,28,40,34,29,41,38,37,34,31,42,109,31,46,37,41,39,36,35,37,34,31,29,31,32,36,33,31,40,37,32,35,37,33,36,35,40,36,42,31,93,36,37,41,34,11,37
40,106,35,34,40,22,31,36,36,39,37,48,27,42,41,34,2,36,40,27,41,36,38,49,37,36,38,38,27,36,36,38,37,37,67,35,38,41,35,39,47,36,33,38,44,40,39,34,35,34,40,30,35,56,44,41,32,35,48,42,35,38,48,34,42,70,38,37,46,37,36,37,30,38,3,0,2,34,55,40,41,30,37,36,42,40,35,45,38,40,40,41,34,39,41,40,40,63,42,23,33,31,26,37,73,78,37,61,43,32,27,34,35,39,33,23,21,38,29,34,33,32,45,37,38,37,148,29,58,45,37,42,57,26,31,48,43,23,39,32,35,10,35,41,33,16,35,40,31,43,43,29,42,33,42,59,35,38,13,35,32,35,34,37,40,36,43,40,33,61,42,51,27,40,45,39,41,54,33,41,39,53,39,37,35,13,76,38,38,36,36,46,40,106,38,32,35,52,11,29,28,38,34,37,42,33,44,32,50,14,39,6,43,32,43,27,30,37,34,39,59,38,32,41,65,11,39,33,40,40,16,36,25,34,34,13,38,38,35,54,44,35,36,45,30,42,96,36,42,35,15,31,44,40,35,16,35,16,42,37,44,38,37,37,10,41,27,43,21,23,31,43,32,60,30,36,37,32,44,37,38,61,40,41,40,36,34,31,40,36,36,40,33,40,14,42,41,41,28,34,38,30,33,29,33,36,35,48,44,41,38,36,44,115,38,47,39,42,44,43,34,39,37,32,32,33,39,43,35,32,37,34,34,39,39,34,38,37,37,38,44,32,95,38,35,45,36,12,40
38,108,39,33,36,20,28,34,33,39,35,45,26,39,41,33,4,34,35,25,35,43,38,45,30,34,35,35,34,30,37,38,35,35,70,34,36,34,48,37,48,34,29,37,41,34,35,32,33,32,38,13,33,51,41,47,33,33,47,35,34,37,53,33,42,71,34,35,42,35,31,33,31,32,1,2,0,32,45,33,39,28,33,34,39,40,34,45,36,38,38,35,32,33,36,41,38,65,39,21,31,33,29,38,74,74,34,60,38,30,37,37,33,37,35,42,19,33,29,32,31,31,44,39,36,33,148,31,53,46,35,41,52,24,32,49,42,27,36,37,32,8,41,39,32,14,33,41,32,37,41,23,40,32,41,55,31,37,7,33,29,33,32,35,35,30,46,38,35,59,43,49,35,37,47,33,37,54,31,36,37,52,37,38,31,12,75,36,36,36,33,49,39,108,32,30,27,61,9,31,28,36,32,38,41,32,42,31,47,16,31,8,38,29,45,29,32,32,33,37,58,31,30,39,66,9,39,29,43,33,18,39,14,32,26,18,36,32,37,59,40,33,35,38,41,40,96,37,38,31,13,34,42,37,31,18,32,18,37,43,39,36,37,36,9,44,19,47,30,22,36,39,31,61,31,30,34,30,40,43,40,58,37,37,36,39,32,31,35,34,36,38,31,36,12,42,38,37,34,34,36,34,31,27,40,34,29,41,38,37,34,30,42,109,32,46,37,41,39,36,35,37,35,30,29,31,33,37,33,31,40,36,32,34,38,32,36,35,40,36,42,30,92,36,37,41,34,10,37
12,96,43,29,12,15,38,27,38,23,4,45,26,18,44,26,40,23,12,17,10,39,11,31,15,38,42,15,21,24,11,12,11,16,68,11,19,32,48,9,47,10,13,52,25,13,11,13,13,15,9,40,24,52,36,36,23,24,46,13,20,34,44,11,26,66,15,24,34,13,11,10,28,21,32,34,32,0,65,18,13,26,13,10,22,21,31,49,11,19,9,11,20,20,10,38,12,62,14,32,13,39,25,13,70,79,12,53,50,9,36,19,12,11,19,48,23,30,45,13,22,15,39,12,9,11,141,19,55,52,11,24,60,32,13,48,21,24,7,17,19,26,28,12,33,31,17,18,13,21,22,25,25,13,23,54,20,25,30,15,24,13,37,17,12,31,45,15,15,58,19,49,31,33,49,44,12,48,12,17,15,47,8,27,25,38,72,13,12,17,39,47,11,108,11,9,35,65,30,32,35,12,29,40,35,13,21,12,48,34,19,44,28,37,45,35,21,21,13,5,57,29,4,17,90,30,14,32,35,18,38,31,40,13,15,40,26,24,41,51,21,12,21,33,32,42,94,45,31,32,30,40,21,37,18,34,12,38,23,36,42,12,36,10,41,42,29,39,39,40,30,26,14,58,39,17,11,10,33,36,30,56,39,23,30,15,12,11,12,13,17,20,1,13,28,18,14,8,47,33,23,15,23,16,31,13,33,25,14,24,12,34,22,108,19,43,15,18,43,34,32,12,20,14,14,15,28,24,13,17,24,16,13,21,39,12,12,17,40,11,26,21,92,20,27,27,11,28,11
65,104,68,64,65,59,60,55,74,67,62,67,69,55,43,58,50,60,63,60,65,60,65,62,64,74,79,61,61,57,63,67,61,64,62,65,64,67,65,60,67,65,64,53,60,64,64,59,65,63,66,48,68,53,48,41,63,63,72,68,65,70,67,64,50,65,61,68,64,63,61,65,62,68,45,55,45,65,0,53,66,64,63,61,66,61,64,62,64,53,65,66,61,61,65,62,64,74,67,61,65,65,64,65,51,60,64,45,68,64,47,67,68,64,60,66,59,70,62,64,57,66,70,60,64,63,133,57,67,68,65,66,56,54,66,51,67,66,66,69,57,48,65,67,64,56,61,59,67,59,68,62,49,66,65,63,69,57,58,55,63,65,68,56,66,55,63,65,64,52,54,71,62,62,57,69,64,69,65,57,62,58,65,57,66,57,58,57,64,55,70,75,66,104,65,59,72,44,48,68,59,67,63,75,74,66,67,66,78,52,57,55,69,56,46,69,56,67,67,60,76,58,63,60,85,48,70,64,68,46,44,60,48,62,63,46,70,68,76,56,70,68,65,64,66,51,85,69,64,65,43,56,65,64,61,48,68,44,63,68,40,67,49,65,61,72,61,67,55,57,67,61,66,73,51,62,63,60,48,64,65,76,66,69,62,64,66,63,66,56,56,60,60,67,45,68,68,66,61,56,65,60,63,60,68,62,65,67,62,49,66,71,74,117,68,53,64,57,65,62,58,67,59,67,61,64,69,68,61,53,59,66,61,71,66,65,67,55,69,65,64,62,102,58,65,76,64,53,64
23,94,38,34,19,15,23,33,38,16,9,45,32,6,31,30,32,12,20,21,25,41,24,28,19,41,46,8,13,24,21,19,17,19,69,24,18,29,50,15,36,24,12,46,13,14,15,19,24,17,23,44,23,53,22,39,19,19,41,25,22,37,48,24,19,60,7,17,22,24,19,24,13,18,33,40,33,18,53,0,23,26,20,22,20,14,29,45,21,2,22,22,10,10,18,41,22,58,19,28,24,43,7,21,63,73,22,41,46,20,14,23,24,23,5,46,14,36,46,24,17,24,41,18,21,22,136,10,59,54,23,22,60,27,24,41,22,27,23,25,11,27,24,18,19,23,5,14,24,5,19,12,9,23,12,59,28,13,30,9,20,24,34,19,24,27,46,21,12,50,6,49,26,37,40,39,17,51,24,9,15,48,22,21,27,36,62,12,22,6,38,44,25,110,18,15,35,44,31,30,21,23,24,41,36,23,26,23,44,19,9,44,29,25,36,22,5,19,22,15,53,10,23,14,92,32,11,18,37,1,29,34,39,12,22,39,25,17,43,52,17,24,20,35,26,36,85,40,20,22,26,33,18,41,12,18,24,29,15,32,29,23,19,23,39,43,36,41,35,43,20,24,23,56,20,19,23,8,16,32,18,59,33,25,33,22,23,7,24,17,17,11,16,24,24,19,18,25,49,35,22,16,13,13,20,14,26,29,10,10,24,34,27,113,24,38,12,14,39,20,16,24,14,25,7,17,27,12,13,17,10,18,17,26,28,23,22,10,37,22,12,12,92,11,26,31,6,30,19
12,96,38,32,8,20,38,35,39,22,12,46,32,21,41,27,40,22,7,17,9,38,11,28,10,40,44,11,14,26,8,8,15,17,71,10,18,26,47,15,43,6,14,45,22,16,10,18,10,19,9,40,20,54,33,41,25,25,48,12,15,31,41,8,30,62,12,17,31,14,11,11,25,19,39,41,39,13,66,23,0,27,6,8,22,25,28,49,5,24,13,11,19,20,7,41,9,61,9,32,10,45,20,7,64,76,6,53,49,17,35,21,12,12,14,48,22,32,44,10,26,14,39,8,10,8,137,17,56,53,8,23,60,32,9,45,19,25,8,16,19,32,33,12,35,34,17,20,13,23,22,27,25,11,32,56,24,25,36,18,23,10,36,22,11,34,46,14,16,59,27,50,35,41,51,45,5,48,10,20,14,42,8,31,30,39,70,19,6,24,42,43,16,109,17,12,42,56,32,33,27,7,31,39,36,11,20,12,42,36,17,42,30,37,48,38,19,21,18,16,55,24,12,19,92,32,19,33,36,19,41,34,41,19,14,39,31,21,44,45,24,12,19,30,33,36,89,44,32,34,33,39,23,43,24,36,13,41,26,32,38,7,38,10,43,38,35,40,39,44,33,28,10,57,35,23,10,12,34,32,28,57,36,22,24,9,12,13,11,19,18,17,10,15,28,14,7,7,48,35,27,16,23,20,36,19,34,27,18,24,11,35,23,108,18,40,17,11,41,33,34,7,18,16,17,23,28,26,19,22,25,17,12,20,41,11,7,19,41,7,29,23,92,24,29,31,17,27,10
29,90,29,26,24,10,30,24,31,21,31,27,25,28,38,20,30,17,28,17,29,38,28,31,28,37,42,26,23,12,26,26,22,22,65,24,24,25,46,24,48,24,18,43,24,22,26,22,26,24,26,31,29,59,25,35,10,19,44,26,21,29,40,24,19,62,26,28,25,22,30,24,10,26,28,30,28,26,64,26,27,0,23,25,29,21,13,38,25,14,20,22,12,11,24,39,21,52,24,15,26,30,11,24,64,76,23,49,38,27,15,22,26,22,23,34,13,25,38,25,14,26,40,27,25,24,141,11,54,48,23,29,45,16,27,33,28,15,29,26,21,20,29,26,22,16,23,32,27,16,32,10,17,25,33,55,23,12,27,29,16,26,34,26,23,27,31,27,22,50,31,49,25,34,39,31,30,47,26,20,21,40,25,22,18,36,70,20,26,13,33,41,22,106,25,22,27,54,16,24,11,26,17,39,37,25,23,26,47,30,14,28,28,23,26,17,11,20,27,28,53,12,20,27,86,26,24,13,26,23,27,29,37,14,25,29,24,25,44,49,29,26,28,38,29,33,85,48,17,23,22,31,23,34,19,30,25,27,15,33,36,26,27,24,30,40,23,39,36,33,17,23,26,57,20,20,27,21,14,34,28,50,27,24,26,27,26,22,23,29,21,31,25,26,15,25,24,26,39,26,25,19,13,18,29,14,19,29,32,16,23,23,33,102,25,42,28,29,32,24,17,28,24,25,19,25,22,26,22,22,31,28,21,27,21,25,26,25,46,25,32,10,88,25,23,26,20,23,28
10,97,40,33,5,21,33,32,40,20,12,45,31,21,43,29,37,24,8,15,10,38,6,28,9,40,42,9,14,21,4,9,10,16,69,8,20,31,46,15,43,6,14,45,22,17,8,16,7,17,9,34,21,55,36,41,17,25,46,10,15,32,43,8,28,67,10,18,38,9,11,5,24,18,34,37,33,13,63,20,6,23,0,7,21,31,26,50,4,21,11,4,19,19,4,39,4,55,9,25,7,40,19,6,68,78,4,54,50,16,31,24,10,4,20,48,17,34,44,10,24,8,40,5,7,4,136,19,54,45,2,21,55,32,9,45,21,24,7,14,19,31,34,17,32,30,18,22,6,18,23,25,22,6,27,54,25,27,35,18,23,7,35,20,8,29,45,11,16,58,23,49,33,39,47,40,5,48,7,16,15,43,6,25,29,39,65,17,4,20,37,44,8,107,17,10,40,57,30,31,34,6,28,38,36,6,20,7,47,34,16,44,27,34,45,34,20,19,12,16,53,27,12,18,91,31,20,31,33,20,35,30,40,19,10,39,29,19,42,46,25,10,15,31,31,39,92,44,27,27,32,38,22,39,24,34,10,35,22,37,42,6,36,5,39,40,30,39,38,42,35,23,5,54,36,21,8,11,31,37,28,56,34,17,29,7,7,15,8,20,16,20,10,12,28,13,7,10,46,30,26,17,20,19,30,19,26,22,16,27,8,33,22,112,13,40,17,14,43,29,31,9,19,11,13,19,26,22,19,19,24,9,15,12,36,3,6,19,39,4,26,18,89,19,25,27,16,27,9
6,96,41,34,7,19,36,33,39,19,13,44,31,23,40,27,37,24,11,17,11,39,8,26,12,39,41,14,17,25,7,11,14,17,69,2,20,33,45,15,42,7,14,49,27,14,5,16,9,18,11,37,21,54,34,40,23,26,47,9,18,34,44,2,29,68,13,21,32,14,13,3,28,18,33,36,34,10,61,22,8,25,7,0,26,27,33,51,6,21,9,9,22,20,7,40,8,62,12,27,9,42,23,10,70,72,5,54,49,17,33,24,9,9,21,49,20,31,45,3,22,12,37,13,3,9,136,19,54,51,8,23,58,31,8,45,21,25,9,15,19,31,30,11,29,34,17,20,11,21,21,29,22,5,30,55,23,27,32,19,27,9,36,21,7,32,46,15,15,59,24,50,32,39,48,42,10,47,8,19,16,49,7,27,28,38,68,18,7,24,38,43,11,107,19,11,39,59,28,31,34,8,29,38,36,5,20,5,48,34,18,42,28,33,45,37,21,23,16,17,55,29,13,20,91,31,20,31,31,21,34,33,41,18,14,39,29,21,41,46,24,9,19,35,34,39,92,44,32,30,30,39,23,42,22,34,9,34,25,36,41,8,36,3,39,39,33,37,39,43,36,28,8,57,36,20,6,14,30,36,26,58,38,21,27,13,9,15,7,19,17,20,11,15,27,14,10,10,46,34,25,17,25,18,31,18,32,25,17,27,6,33,23,109,19,42,17,13,42,33,31,9,20,12,16,20,27,26,18,20,26,14,14,17,38,8,6,19,39,4,28,24,92,22,26,31,17,30,7
28,100,42,29,23,18,29,38,46,27,25,40,37,28,46,31,42,28,26,22,20,37,24,29,19,38,47,21,16,18,29,19,22,26,62,27,26,15,46,28,44,28,29,43,24,26,28,28,28,27,26,37,24,54,21,39,23,14,46,32,19,43,41,27,28,68,22,23,29,24,19,27,28,28,39,42,39,22,66,20,22,29,21,26,0,26,29,52,24,24,26,26,18,17,21,33,29,65,22,33,28,35,16,24,68,79,27,52,47,31,33,31,32,27,16,57,25,37,43,28,20,28,38,21,25,27,140,24,57,51,25,30,55,34,29,41,26,32,27,31,29,34,32,29,26,31,27,22,30,26,28,27,19,31,29,58,20,25,31,26,29,28,38,25,29,34,49,25,26,58,19,51,38,44,49,47,25,51,29,25,31,50,26,22,32,31,66,26,25,20,41,50,19,108,26,30,44,55,34,28,23,26,22,41,40,31,24,29,50,35,22,45,24,27,41,32,26,20,23,26,60,24,27,25,84,34,20,19,33,22,38,31,42,28,26,42,29,21,49,54,29,32,22,31,32,38,95,45,17,30,31,34,24,36,24,30,32,38,21,39,39,26,32,25,38,45,25,41,45,45,30,27,31,62,37,29,28,24,20,39,25,60,40,24,37,25,29,29,29,28,30,26,21,19,31,21,19,26,54,34,34,28,23,25,28,26,34,22,16,27,29,32,16,111,23,47,27,28,38,39,24,25,23,22,21,28,28,20,26,24,24,31,30,32,30,25,29,24,41,27,24,15,95,20,30,29,28,36,27
29,104,39,37,28,27,30,31,44,29,23,45,36,14,37,34,42,28,27,23,26,43,29,26,18,41,47,19,23,21,27,25,25,27,68,29,31,34,49,26,34,29,19,45,22,24,25,26,27,24,26,35,24,53,24,34,26,24,47,30,27,42,48,29,22,64,18,26,9,28,15,30,30,31,39,40,40,21,61,14,25,21,31,27,26,0,25,54,28,15,25,29,23,23,23,42,30,61,23,30,27,39,15,29,68,69,31,53,49,24,19,28,30,28,20,57,22,34,47,27,18,28,34,31,27,31,142,18,62,55,28,31,56,36,31,41,26,35,26,31,20,37,22,25,26,34,22,24,28,14,25,22,13,27,22,60,28,23,35,19,19,27,39,20,28,17,46,26,25,62,18,53,38,48,50,52,24,52,28,23,30,46,29,22,37,30,62,23,29,14,37,47,24,114,20,29,42,50,35,26,26,30,20,45,38,27,23,27,46,32,20,48,25,25,43,32,24,19,33,18,60,20,25,25,93,34,27,26,30,14,36,32,42,25,25,40,30,28,47,48,34,30,33,31,26,30,96,45,24,30,31,41,24,43,23,30,31,36,21,38,33,30,28,28,36,44,34,39,39,41,34,24,28,65,28,24,29,20,21,36,22,57,28,16,31,25,27,18,28,22,27,19,28,27,28,31,25,28,51,32,25,22,22,20,28,26,28,26,13,20,28,31,28,115,24,39,30,22,42,33,25,27,21,27,24,27,33,12,23,22,18,24,21,30,39,26,28,24,39,27,22,22,95,17,22,26,23,31,26
34,102,38,31,30,17,42,33,30,30,27,39,30,32,40,26,35,21,26,20,30,32,29,32,28,40,44,24,22,24,27,31,26,31,61,33,34,24,39,30,35,31,22,43,28,26,31,27,31,31,26,28,33,51,30,41,18,20,36,34,26,33,44,33,21,56,24,37,25,24,25,29,25,29,35,35,34,31,64,29,28,13,26,33,29,25,0,43,28,28,30,26,24,26,25,25,26,55,29,34,31,31,17,28,63,71,28,54,40,29,25,25,35,29,25,52,12,31,30,34,27,33,43,30,33,26,143,15,56,46,27,28,56,22,28,43,29,25,32,35,22,30,28,27,22,21,29,36,30,34,31,21,27,30,30,51,28,17,27,32,25,31,35,37,32,29,38,27,19,47,33,46,32,31,43,32,29,50,34,34,31,49,31,28,35,26,58,32,28,26,40,39,24,110,35,30,39,55,27,28,22,29,14,44,41,30,28,31,51,36,25,40,29,19,47,22,33,18,31,33,56,20,27,35,79,27,24,22,24,29,40,27,39,29,32,40,31,30,44,47,34,35,24,34,30,37,88,51,14,25,25,42,28,37,33,36,34,40,32,31,40,29,31,31,27,44,19,37,33,47,28,31,27,59,30,31,30,32,32,34,25,58,35,22,22,24,31,27,32,32,33,30,29,26,29,28,27,29,45,26,34,27,15,15,11,29,20,31,30,28,32,29,27,105,28,39,28,26,37,25,17,29,24,24,32,31,30,20,33,31,26,32,32,36,36,26,31,34,48,30,36,15,86,31,29,31,33,22,31
53,98,49,50,49,39,38,43,52,50,45,46,57,43,46,42,43,51,51,40,49,49,54,57,49,54,63,39,39,45,52,50,40,39,70,52,50,42,50,48,60,52,39,44,42,48,52,50,54,46,48,50,51,62,50,53,39,42,49,55,48,52,44,53,47,62,39,54,51,47,49,50,41,49,46,45,45,49,62,45,49,38,50,51,52,54,43,0,49,54,52,52,41,41,49,57,49,66,48,44,54,49,45,55,67,75,53,56,15,50,38,48,55,52,48,50,39,56,37,53,51,48,54,49,52,53,144,38,58,45,51,53,53,33,51,48,54,46,54,52,43,43,41,50,34,50,44,56,55,40,53,47,51,55,47,56,55,50,47,49,48,54,50,50,52,52,30,53,40,53,53,51,52,56,52,50,49,56,53,50,42,47,51,53,47,50,71,44,53,49,47,54,55,108,54,42,54,63,40,47,41,54,43,60,61,55,50,54,65,47,46,56,56,42,58,47,46,49,52,50,63,51,50,52,83,43,43,48,50,48,44,51,44,40,40,48,50,54,61,45,58,55,49,51,54,51,94,60,37,52,44,48,51,56,49,44,55,44,50,49,31,54,47,50,44,59,54,55,43,36,44,54,54,61,46,49,51,39,50,49,51,61,46,50,40,50,54,44,52,53,44,51,46,51,39,47,48,51,57,50,53,44,43,39,47,47,45,58,53,50,52,54,58,106,44,35,46,51,42,43,42,52,48,45,47,53,46,49,51,47,49,54,39,53,40,54,54,49,60,50,48,40,89,47,46,50,50,40,54
10,95,39,34,7,20,38,34,41,19,14,39,32,25,44,28,39,23,13,15,10,40,9,29,13,38,42,12,18,24,3,4,12,17,68,8,17,33,47,11,45,8,15,50,24,14,7,15,10,16,12,36,25,57,37,40,20,28,47,10,17,34,42,8,32,64,11,22,36,9,13,6,27,20,36,38,36,11,64,21,5,25,4,6,24,28,28,49,0,23,14,6,19,20,6,39,4,63,11,24,10,37,21,9,67,77,5,53,49,16,32,20,10,6,17,52,21,30,45,9,23,17,40,7,8,4,135,18,55,52,5,22,58,29,10,46,19,27,10,15,18,32,28,14,31,34,16,21,9,23,19,22,24,10,31,53,24,30,36,18,24,10,37,21,7,31,46,14,13,62,24,48,34,39,49,42,2,45,9,17,14,41,5,25,29,32,67,17,4,23,40,44,9,107,20,11,40,62,32,31,31,9,29,37,35,10,19,8,49,37,17,44,28,33,43,35,21,20,14,16,53,31,17,19,92,32,20,27,31,21,36,32,37,16,17,35,30,22,42,48,20,10,20,33,35,37,91,44,35,29,32,40,24,41,26,37,10,36,25,33,43,9,33,6,37,37,30,40,39,44,34,26,10,56,35,20,6,14,32,33,29,57,37,19,25,13,8,13,7,18,15,19,9,9,28,14,7,8,47,33,23,16,24,19,28,16,33,23,19,28,5,34,21,110,13,45,14,11,40,32,30,9,18,11,16,19,30,28,16,21,28,15,14,20,36,5,8,19,39,4,29,25,91,24,25,30,14,28,9
23,92,38,32,19,7,23,30,37,20,15,43,30,6,37,31,42,12,18,14,25,31,21,27,18,40,43,12,13,27,24,19,17,16,69,24,13,34,47,19,35,22,20,47,13,11,17,15,24,6,20,40,21,47,25,43,11,23,47,25,23,39,48,24,11,58,11,17,26,24,18,24,13,14,38,40,38,19,53,2,24,14,21,21,24,15,28,54,23,0,22,23,10,10,22,43,24,62,20,25,24,41,11,21,65,67,22,41,50,12,16,26,24,23,11,48,16,33,47,24,10,23,37,17,22,22,138,11,55,40,23,19,59,32,23,35,16,30,21,23,10,32,28,17,24,31,16,14,24,7,24,12,16,24,11,56,26,10,34,9,25,24,35,10,24,25,46,21,7,47,6,50,30,39,35,41,19,50,24,19,17,49,20,21,27,40,58,4,23,4,33,38,25,109,9,12,37,55,31,32,21,23,23,41,37,24,26,23,43,19,16,45,29,26,33,20,16,20,23,17,54,23,19,17,90,32,8,18,32,1,23,32,40,6,16,31,18,19,41,47,17,24,17,31,29,23,86,38,24,22,33,37,18,42,11,30,24,23,10,39,28,23,19,23,38,44,32,43,37,40,25,27,24,55,19,10,23,12,14,39,20,57,32,26,28,18,23,7,24,5,9,19,16,25,28,20,20,25,48,25,26,6,21,15,19,14,29,29,11,15,24,35,26,108,26,40,16,16,39,26,15,25,16,23,7,9,29,16,13,13,10,17,17,24,30,23,22,10,36,23,12,12,96,5,16,35,18,28,20
14,95,40,30,8,23,27,35,41,20,17,46,30,25,41,29,41,25,3,21,7,39,10,29,11,39,40,15,15,21,12,8,12,18,70,11,14,31,44,12,45,13,14,48,23,16,10,17,13,19,6,36,26,55,37,43,24,22,40,15,17,36,45,11,32,66,15,25,35,4,8,12,22,22,38,40,38,9,65,22,13,20,11,9,26,25,30,52,14,22,0,8,22,21,14,43,13,60,14,27,13,39,19,13,65,77,14,57,48,14,21,26,15,13,20,53,20,27,44,14,24,11,39,12,11,13,136,18,56,51,8,26,61,32,14,42,17,25,14,11,18,31,30,10,36,31,19,19,12,24,19,26,22,14,27,54,16,29,34,17,19,13,39,23,12,31,47,15,15,62,22,43,34,43,48,43,13,50,14,19,8,43,12,28,27,37,69,19,6,21,34,49,11,109,18,10,40,61,32,31,31,7,34,38,36,14,21,13,46,31,17,42,22,34,35,38,17,20,13,14,54,26,11,17,92,32,21,31,32,23,37,31,39,19,14,38,32,20,37,47,25,15,19,28,37,31,89,43,33,33,32,38,19,46,22,31,14,37,25,40,40,7,23,12,38,37,31,38,39,40,35,23,13,57,36,20,11,15,32,40,14,59,40,19,18,11,13,17,12,20,22,15,14,11,30,17,12,12,48,34,26,19,29,17,34,18,34,25,23,27,12,31,23,98,16,44,17,8,32,31,30,9,19,6,12,22,33,25,18,21,26,13,15,16,39,13,12,19,35,9,29,19,85,26,21,26,20,26,10
10,93,39,35,2,18,35,33,38,21,10,44,32,24,46,28,35,23,7,13,9,39,5,28,11,37,41,14,12,22,4,11,11,18,70,7,22,34,45,15,44,6,16,52,26,12,7,16,7,15,11,35,22,57,37,40,20,24,44,10,19,31,42,7,30,67,14,22,34,13,10,6,29,19,35,41,35,11,66,22,11,22,4,9,26,29,26,52,6,23,8,0,23,22,7,41,6,57,11,27,6,36,18,9,70,77,2,52,53,15,32,25,5,3,21,48,21,29,45,9,24,13,37,6,10,2,136,16,55,52,3,22,56,32,8,42,17,27,9,12,19,32,30,14,31,29,18,22,7,21,22,28,25,3,30,55,24,28,34,15,24,7,35,19,9,33,46,12,17,60,28,48,30,40,48,41,8,47,6,19,15,47,7,28,29,34,66,16,4,25,37,45,9,107,16,12,36,57,31,26,33,3,30,37,34,3,21,6,44,36,19,43,26,33,43,37,20,23,15,16,55,22,11,18,92,32,22,33,31,24,37,30,41,18,15,39,29,18,41,46,21,5,20,37,34,37,89,39,28,28,31,39,25,41,26,36,4,37,24,34,41,3,34,10,39,37,34,39,39,43,35,27,2,54,34,23,2,11,32,34,28,58,37,21,34,13,6,15,9,15,17,24,11,14,28,16,9,10,47,35,26,19,22,20,33,13,33,21,19,28,7,34,23,108,16,44,14,17,40,28,31,11,21,8,17,15,28,26,18,19,26,13,14,11,40,1,4,17,41,4,26,20,86,24,24,32,14,29,11
24,99,35,27,18,9,34,39,32,13,19,28,32,10,34,29,39,13,17,19,24,36,23,31,20,38,39,20,15,9,19,14,16,9,71,23,24,19,42,24,43,23,14,46,28,16,22,23,25,11,13,36,18,60,25,41,12,7,44,27,18,39,49,23,27,60,20,21,34,18,18,23,19,17,31,34,32,20,61,10,19,12,19,22,18,23,24,41,19,10,22,23,0,1,15,41,17,65,18,28,25,40,19,12,69,73,21,54,43,11,24,16,26,20,9,41,17,31,39,24,24,19,41,13,23,20,142,17,47,52,19,23,60,30,24,46,25,20,26,24,11,35,33,19,29,26,15,27,26,12,16,29,20,24,28,56,22,26,35,10,21,25,33,21,24,31,44,19,8,57,27,48,33,36,47,45,14,48,24,18,18,46,24,25,24,31,67,21,21,16,35,39,20,104,19,16,30,63,32,30,24,22,24,38,35,24,23,25,50,35,7,43,18,29,46,28,6,13,17,19,54,13,19,21,91,33,16,32,29,19,32,28,40,14,15,42,27,20,38,47,26,26,19,30,32,28,94,43,16,33,31,36,21,32,21,35,26,32,20,37,35,22,30,21,37,44,34,40,39,39,34,21,24,57,28,8,20,19,32,35,21,55,33,16,33,13,25,10,24,10,7,20,19,23,23,19,15,22,48,29,13,10,12,16,23,11,25,28,22,23,24,34,23,109,12,42,13,23,38,28,26,11,5,24,14,20,30,10,11,17,22,21,19,26,29,20,20,10,35,23,20,8,92,11,22,31,15,31,24
24,99,42,31,15,9,34,34,40,12,19,29,33,10,34,31,38,17,17,16,20,33,26,28,20,38,38,20,18,10,18,15,20,9,70,21,18,18,40,20,43,22,14,46,19,16,19,23,22,11,14,39,17,60,23,39,11,8,42,27,17,39,49,21,29,61,20,21,34,17,18,23,18,15,34,39,33,20,61,10,20,11,19,20,17,23,26,41,20,10,21,22,1,0,15,41,20,63,18,28,22,37,19,13,71,73,24,55,43,15,24,12,25,18,9,43,12,34,34,21,18,17,39,13,23,24,143,9,49,50,19,24,58,29,25,46,25,19,25,24,10,33,30,20,29,18,15,27,23,13,17,30,23,22,28,58,22,26,30,14,21,22,36,21,22,33,43,19,8,57,27,51,32,36,44,45,13,51,24,18,12,46,21,21,19,30,72,21,21,16,35,40,21,107,21,16,27,64,31,30,28,21,23,37,35,22,23,22,49,32,8,43,17,29,44,27,7,13,23,21,54,13,17,21,90,30,19,30,29,19,32,28,42,14,15,42,25,20,36,45,26,25,17,30,31,31,94,39,15,37,22,37,21,39,19,32,25,32,18,37,35,21,31,21,35,45,35,39,39,39,34,21,24,57,32,8,21,16,32,37,25,59,32,15,31,13,22,10,22,10,7,19,20,23,26,19,14,20,48,29,19,10,12,16,21,11,25,26,22,21,22,32,21,108,11,37,17,22,39,31,30,12,12,21,12,20,30,12,11,17,22,20,16,24,29,22,21,10,34,23,20,7,87,9,19,33,15,28,23
10,96,44,36,6,16,37,33,38,22,13,42,32,23,44,27,42,24,8,14,7,39,12,27,13,39,43,12,14,25,6,9,14,18,68,7,18,34,47,18,43,4,14,43,23,14,6,15,9,19,6,37,22,54,30,42,25,28,45,11,18,32,45,7,26,62,13,19,36,13,12,7,23,20,36,41,36,10,65,18,7,24,4,7,21,23,25,49,6,22,14,7,15,15,0,41,6,62,6,31,9,41,21,5,64,74,7,53,45,16,34,25,11,7,22,51,20,31,46,10,24,14,38,10,7,8,135,14,56,53,6,23,59,27,8,42,22,24,7,17,17,32,29,9,33,32,19,17,7,21,16,26,21,6,29,56,23,25,33,19,23,9,34,21,5,32,45,10,15,59,26,51,36,41,47,42,4,48,7,18,14,45,8,26,30,35,64,17,9,21,35,42,8,109,19,12,41,55,32,31,27,8,25,40,38,6,17,9,47,36,14,43,23,34,46,33,19,21,13,15,52,23,16,22,91,32,17,30,34,18,37,27,40,16,18,38,27,19,43,45,23,11,21,34,27,40,94,45,24,31,32,40,19,41,21,32,11,37,21,34,37,8,34,10,37,39,31,38,40,44,34,25,7,59,33,23,7,11,29,34,22,59,36,16,24,8,9,15,5,19,20,20,12,10,26,10,6,8,48,36,26,18,21,13,29,18,34,24,13,27,5,34,24,109,13,48,17,15,42,29,28,5,15,10,15,20,26,21,15,15,22,9,12,19,36,6,7,19,40,7,24,18,94,18,29,31,16,27,9
41,104,44,42,41,35,47,19,27,37,42,49,29,40,27,29,40,36,43,29,41,33,42,48,41,49,48,37,30,34,41,39,38,39,73,40,41,31,38,39,52,39,37,56,42,40,41,38,42,42,40,38,45,58,44,37,41,39,41,42,42,40,47,40,45,70,37,47,42,43,40,39,41,40,41,40,41,38,62,41,41,39,39,40,33,42,25,57,39,43,43,41,41,41,41,0,41,61,43,42,42,39,38,40,74,77,39,46,51,39,32,44,43,40,43,53,26,40,49,41,37,43,49,39,39,39,143,35,61,57,40,44,64,40,44,49,42,15,43,43,38,39,45,40,39,35,40,37,42,40,42,29,42,42,42,60,43,31,46,40,43,42,39,36,42,45,46,40,39,56,34,59,38,33,43,45,40,59,41,41,43,49,37,41,40,33,71,39,40,35,34,37,40,110,42,38,42,60,39,30,38,40,22,48,47,42,44,42,50,38,41,49,44,44,43,38,40,42,44,41,66,38,38,41,92,39,41,43,41,41,45,42,46,42,41,42,44,46,48,56,45,43,43,46,45,32,91,48,36,39,34,34,42,40,41,37,43,45,43,45,40,40,24,40,47,52,24,44,48,32,29,31,42,64,43,41,42,38,29,45,39,52,38,37,42,41,42,44,42,37,37,43,39,41,32,44,42,41,41,34,41,43,25,37,39,39,42,42,44,40,42,41,44,114,43,51,39,43,46,40,43,42,44,40,39,37,24,42,40,41,36,44,36,43,49,41,41,39,49,41,48,37,98,42,36,44,42,39,38
11,93,39,32,6,21,35,31,41,21,12,43,32,25,43,25,36,23,11,16,11,39,5,29,12,39,42,14,19,23,1,11,13,16,68,8,21,33,49,14,43,6,14,48,29,12,8,18,8,15,7,36,22,57,37,39,24,26,47,13,15,30,40,8,28,66,14,20,37,7,12,6,27,17,38,40,38,12,64,22,9,21,4,8,29,30,26,49,4,24,13,6,17,20,6,41,0,59,12,28,8,40,21,9,69,76,8,55,50,15,32,23,13,6,18,51,21,28,45,11,25,13,37,7,8,8,137,20,55,52,3,22,56,32,6,45,19,27,7,13,18,30,31,13,28,31,16,23,7,22,17,26,24,5,30,53,24,26,34,19,27,8,34,21,10,31,44,14,15,61,27,48,34,38,49,40,9,49,10,21,14,41,7,26,29,39,70,15,5,24,39,44,11,108,20,12,42,61,32,27,37,7,30,40,35,5,21,8,47,36,19,45,29,34,43,32,17,16,13,17,54,28,14,18,92,32,21,32,34,23,36,31,39,18,15,37,29,15,42,45,19,13,20,33,30,40,93,42,30,31,32,39,20,46,25,36,13,36,24,36,39,7,35,7,41,38,34,39,38,44,37,28,4,58,35,20,11,14,30,36,29,57,37,23,34,13,8,13,10,17,15,21,10,13,29,9,7,7,47,34,28,14,25,19,28,16,33,21,15,29,10,34,21,105,15,45,17,14,40,29,31,8,18,11,15,17,30,27,16,18,25,14,13,20,38,5,7,19,39,6,27,22,89,24,25,28,19,28,12
63,100,52,61,61,58,65,63,57,53,60,57,67,65,39,64,57,51,61,62,63,61,59,66,60,62,68,60,58,61,62,61,60,62,58,62,58,52,53,61,70,56,57,54,63,57,60,63,62,64,57,57,63,54,54,67,59,58,56,63,61,65,57,62,62,56,60,61,59,59,60,59,56,57,65,63,65,62,74,58,61,52,55,62,65,61,55,66,63,62,60,57,65,63,62,61,59,0,57,62,62,59,56,55,67,71,59,51,60,64,57,67,61,58,61,71,65,61,62,63,58,60,65,56,62,58,142,62,62,62,58,57,52,60,65,55,55,65,57,62,61,57,58,61,55,62,61,67,63,63,57,56,62,62,65,50,65,57,53,63,61,62,63,66,61,67,55,60,61,58,62,52,57,61,64,46,61,63,61,57,61,48,62,63,65,65,73,58,58,61,53,48,56,113,61,61,70,59,61,54,53,59,64,65,65,62,55,62,72,58,61,54,62,63,60,56,59,56,59,57,53,61,60,67,89,62,62,58,68,67,65,56,62,63,62,53,66,61,68,66,67,61,58,52,64,59,84,74,49,56,65,60,62,58,67,61,61,65,61,60,65,59,59,61,53,63,59,62,53,58,53,63,62,49,60,64,61,61,52,66,63,59,65,58,67,61,62,58,61,63,62,59,61,61,61,60,59,61,67,60,62,58,59,61,62,63,57,56,61,57,62,64,61,90,60,53,63,63,64,60,61,55,62,58,62,64,58,59,63,63,64,61,61,63,69,61,59,62,66,63,64,56,91,61,64,63,57,62,63
13,97,41,35,9,16,32,34,38,22,14,39,35,21,43,31,41,23,9,17,11,35,8,28,9,43,46,14,20,25,9,6,12,19,67,12,19,32,44,14,42,10,12,43,20,15,9,16,13,19,6,32,21,55,34,38,26,20,46,12,17,35,45,10,24,67,14,9,34,8,10,12,26,19,38,42,39,14,67,19,9,24,9,12,22,23,29,48,11,20,14,11,18,18,6,43,12,57,0,31,13,42,20,5,70,73,12,51,48,18,34,22,14,12,19,52,21,34,45,12,26,12,41,6,13,11,138,14,56,52,10,25,58,28,12,45,20,26,14,11,20,33,26,6,21,32,16,22,13,16,21,23,21,11,31,57,16,26,32,19,24,13,36,22,14,30,45,10,14,63,21,49,32,41,47,47,9,45,11,20,13,47,11,24,27,34,65,19,8,25,37,43,6,109,19,11,40,56,32,32,28,8,28,41,38,11,12,12,48,35,16,47,21,35,47,30,15,15,10,17,54,24,15,19,92,33,19,29,31,18,34,27,40,20,14,38,32,13,46,42,28,14,15,27,31,40,92,46,26,26,33,40,12,46,24,35,13,34,22,27,37,8,38,11,35,36,32,39,43,46,35,27,13,60,30,21,9,12,32,26,28,58,28,16,29,7,12,15,14,20,16,18,15,12,27,7,2,10,49,35,28,16,19,19,33,17,35,24,15,24,14,34,17,108,10,41,15,14,44,28,25,8,20,10,19,21,29,26,19,21,23,11,12,18,32,10,13,19,36,12,25,20,90,17,30,26,20,29,11
32,98,39,32,29,21,39,31,35,24,27,47,27,29,24,22,24,24,29,15,32,28,30,35,26,41,42,21,23,24,26,33,21,29,67,29,31,20,40,26,48,29,19,33,34,25,28,24,29,18,31,24,33,58,36,26,16,30,43,31,24,40,47,28,24,66,21,34,36,23,28,28,22,30,21,23,21,32,61,28,32,15,25,27,33,30,34,44,24,25,27,27,28,28,31,42,28,62,31,0,30,44,17,31,64,69,26,55,48,30,19,26,30,26,28,21,14,32,40,29,33,27,41,26,31,27,143,17,47,38,27,32,57,23,31,37,29,32,31,31,29,16,33,33,29,19,24,35,31,31,27,23,32,30,33,54,23,28,19,25,30,29,35,28,30,27,43,29,22,59,28,48,14,38,46,43,30,52,29,28,26,47,30,33,21,23,71,15,33,23,35,42,29,105,23,28,32,59,17,31,19,31,27,40,38,30,27,30,49,13,31,28,28,36,49,31,29,30,32,29,57,27,28,33,72,17,27,30,35,26,10,31,32,21,27,24,32,29,43,51,30,30,27,36,33,38,97,42,23,29,10,36,29,35,26,21,30,10,18,35,39,31,36,30,22,38,22,37,23,22,35,28,29,56,23,31,30,28,29,35,30,53,27,30,32,33,30,22,30,26,15,29,25,32,18,32,31,29,46,26,31,25,29,26,29,25,17,32,30,23,30,35,35,110,30,43,28,30,45,35,33,26,29,31,31,25,29,30,28,29,22,28,26,31,25,29,30,15,45,30,34,21,89,21,33,35,14,15,33
8,97,44,36,8,19,38,35,39,24,13,45,32,25,43,30,37,28,11,16,13,41,9,28,15,37,42,16,17,24,8,14,15,20,69,3,22,35,50,16,44,6,14,50,27,14,7,14,2,16,13,39,26,57,37,44,26,27,48,9,16,35,45,8,31,69,16,17,37,13,12,4,30,22,32,33,31,13,65,24,10,26,7,9,28,27,31,54,10,24,13,6,25,22,9,42,8,62,13,30,0,42,24,15,71,77,8,54,52,14,34,24,7,6,22,49,22,31,47,2,27,14,37,9,9,8,136,19,56,53,11,20,57,35,7,44,23,27,9,11,19,33,32,14,32,31,20,18,3,25,25,30,25,5,30,56,22,28,35,17,25,3,39,19,4,35,47,14,18,61,26,51,31,41,51,43,10,50,2,18,18,47,10,28,33,38,68,18,10,24,38,46,11,108,20,14,39,59,33,32,34,9,27,38,34,5,25,1,42,37,19,43,24,34,46,38,22,25,17,16,54,27,13,23,93,33,22,32,35,24,37,33,43,17,17,41,29,17,40,48,22,7,22,37,27,40,93,39,34,32,33,40,24,45,24,37,7,37,26,37,44,9,36,9,41,38,33,40,41,42,37,31,5,57,36,25,4,13,32,37,28,58,40,19,33,12,1,18,4,17,20,23,13,15,29,17,11,12,48,38,27,20,27,17,32,17,34,27,19,29,3,35,24,107,17,47,14,15,41,32,32,13,22,10,18,18,29,27,18,22,29,9,12,9,39,5,5,17,38,4,29,24,91,25,27,33,17,31,6
43,101,34,35,42,31,45,36,33,36,41,39,29,42,32,28,28,40,45,31,40,29,42,45,42,48,52,38,33,33,40,41,40,42,63,42,42,26,33,38,44,40,39,39,39,38,38,39,42,37,36,17,38,56,35,30,35,37,33,45,41,33,46,42,35,60,38,41,36,36,42,39,41,36,34,31,33,39,65,43,45,30,40,42,35,39,31,49,37,41,39,36,40,37,41,39,40,59,42,44,42,0,37,40,67,68,42,53,55,40,25,38,45,39,36,47,28,39,43,43,41,43,49,41,40,41,140,32,61,39,38,46,52,29,39,45,45,36,43,43,35,42,38,42,35,37,42,45,41,39,43,43,39,40,41,50,38,42,30,41,36,42,28,41,43,42,43,40,36,62,44,49,24,37,48,43,39,52,41,39,42,47,40,43,32,32,64,40,41,41,33,51,35,113,41,37,34,67,37,41,45,41,36,49,47,40,40,42,56,41,42,38,37,38,38,37,37,40,38,39,53,39,38,43,64,43,38,39,42,40,37,32,29,42,43,34,38,42,51,46,46,45,40,32,40,41,92,55,33,36,34,34,39,34,43,40,44,37,40,35,39,41,33,41,30,46,38,25,32,12,41,34,42,57,44,34,43,40,40,35,41,53,40,33,37,43,42,42,43,37,36,33,38,36,33,42,38,38,31,27,42,33,29,34,35,35,39,32,36,44,43,34,46,100,31,39,40,39,38,35,42,38,41,32,40,44,31,40,41,40,35,37,41,44,34,41,41,38,44,39,38,35,84,36,37,41,35,31,44
25,90,31,29,20,9,37,30,28,19,19,46,29,11,37,23,33,11,22,16,18,30,24,24,15,43,41,17,10,17,21,22,18,18,62,22,21,34,50,19,44,22,18,44,14,10,21,16,24,20,23,27,25,49,26,36,7,21,35,24,19,34,42,22,19,58,17,25,33,15,15,21,10,19,30,26,29,25,64,7,20,11,19,23,16,15,17,45,21,11,19,18,19,19,21,38,21,56,20,17,24,37,0,17,54,76,22,45,37,24,21,21,22,19,21,46,7,33,38,25,20,21,36,19,22,21,138,10,53,50,19,21,46,26,23,45,18,16,22,20,8,25,21,22,19,18,9,27,27,16,19,13,14,25,22,52,23,17,27,11,21,24,30,25,23,28,38,25,16,61,14,49,34,36,47,31,22,48,23,16,9,46,24,22,25,23,65,20,22,7,37,35,16,108,25,16,38,53,31,19,24,23,16,40,39,25,22,26,47,28,9,43,25,28,44,20,16,17,21,24,61,17,23,22,89,26,15,24,26,8,38,30,44,20,21,41,24,20,35,42,25,22,21,32,35,40,86,47,18,28,28,33,24,35,12,28,21,38,10,32,37,23,38,23,27,43,29,35,39,42,28,14,22,54,34,16,22,15,19,33,23,58,34,19,23,24,26,18,23,15,18,11,24,19,23,25,21,23,49,26,19,19,14,12,21,18,21,24,16,20,23,31,24,112,19,44,24,23,34,19,31,16,19,21,17,21,26,17,18,22,23,21,15,21,29,21,25,15,40,25,18,12,91,18,24,27,16,29,22
14,95,39,32,13,22,31,34,41,19,14,39,32,18,42,28,38,25,8,21,8,37,13,29,13,38,43,14,14,21,11,4,12,17,69,12,21,24,40,13,44,7,16,40,25,15,15,16,15,15,6,33,23,52,33,39,23,25,48,15,11,36,43,12,25,64,14,15,35,7,13,9,23,17,38,37,38,13,65,21,7,24,6,10,24,29,28,55,9,21,13,9,12,13,5,40,9,55,5,31,15,40,17,0,68,75,7,51,51,16,30,22,10,11,17,50,22,33,45,14,21,16,32,4,13,9,139,13,55,51,9,24,55,23,11,42,19,24,7,9,19,30,32,16,27,30,15,23,16,20,20,27,20,11,28,54,17,30,34,17,21,15,34,20,12,31,46,6,12,62,24,50,36,39,48,41,3,44,11,16,16,42,11,24,30,39,68,18,7,23,41,45,4,107,19,10,38,56,30,28,27,8,31,40,40,11,16,15,44,33,15,45,21,33,43,30,18,14,12,15,51,28,16,17,91,32,21,30,34,19,37,27,42,18,15,40,30,15,43,43,25,10,17,32,26,39,91,45,25,30,30,37,16,43,23,33,9,37,21,31,43,8,34,11,41,37,32,38,41,42,36,22,10,58,35,20,12,12,33,30,29,56,36,19,26,2,15,12,12,20,14,19,14,8,28,8,8,10,46,33,27,14,22,21,34,16,32,18,15,29,12,34,21,109,9,41,17,12,40,29,26,2,13,9,14,18,26,25,15,20,24,7,13,18,32,9,12,19,41,12,25,18,91,19,23,29,19,30,14
70,97,57,70,71,67,68,74,72,66,65,76,72,60,51,67,65,64,69,69,72,71,70,68,66,75,76,67,61,65,68,68,70,66,66,71,69,60,69,68,74,68,70,70,64,69,66,71,71,68,62,70,72,70,67,65,58,68,66,74,67,70,64,71,64,2,68,69,62,66,66,70,55,69,74,73,74,70,51,63,64,64,68,70,68,68,63,67,67,65,65,70,69,71,64,74,69,67,70,64,71,67,54,68,0,70,70,67,68,73,64,72,74,69,60,78,66,74,60,71,72,71,76,66,71,70,141,63,78,66,68,71,71,66,71,54,72,70,69,71,61,72,64,72,68,70,64,72,72,62,72,64,56,70,67,56,71,66,59,64,67,71,63,66,69,70,63,63,67,73,64,68,70,72,68,58,66,78,69,70,68,64,69,66,66,68,68,66,66,60,75,73,67,112,63,67,70,59,72,71,63,70,63,79,74,70,62,71,79,76,68,66,66,67,73,69,65,63,73,73,53,66,73,71,96,74,62,63,69,65,76,68,71,71,73,67,67,66,80,75,74,74,70,69,75,72,89,75,70,68,74,70,67,66,59,75,74,76,58,73,64,70,63,71,65,78,73,73,71,64,70,56,69,77,67,61,68,71,63,69,68,72,67,66,71,64,71,67,69,72,65,64,71,68,73,71,70,67,79,63,68,68,65,67,65,65,64,65,72,69,69,70,69,116,71,66,68,72,71,64,65,71,65,66,67,71,71,60,67,70,71,71,72,74,57,68,71,66,78,71,70,70,97,71,62,76,67,71,67
76,95,72,75,72,72,76,54,82,71,73,74,69,67,53,70,77,68,71,71,75,71,77,75,75,84,82,70,68,72,77,71,76,74,76,74,74,81,69,75,77,75,75,72,68,68,73,72,77,71,77,78,78,52,71,66,73,73,84,77,75,79,74,74,65,65,69,74,65,74,75,73,69,80,74,78,74,79,60,73,76,76,78,72,79,69,71,75,77,67,77,77,73,73,74,77,76,71,73,69,77,68,76,75,70,0,79,75,75,77,67,70,77,78,61,82,73,78,78,76,62,78,78,76,76,79,124,69,86,74,74,80,78,72,79,64,80,78,75,79,63,70,70,73,68,77,73,73,78,67,77,72,59,79,63,64,78,66,77,71,70,77,72,72,77,69,67,74,70,51,67,76,79,61,48,73,72,77,77,71,68,80,78,71,74,70,50,69,76,61,66,70,80,97,70,70,83,57,71,55,66,79,77,83,82,79,76,77,84,74,74,77,78,73,67,72,67,78,75,67,76,69,74,74,83,72,77,69,75,72,62,74,67,69,78,71,80,78,85,78,80,77,73,84,79,69,87,85,62,68,69,68,73,74,68,72,77,62,73,77,64,79,62,76,72,82,79,79,70,70,68,72,79,81,65,76,75,65,62,74,75,83,70,72,78,75,77,69,77,66,63,74,78,75,68,70,72,80,76,74,72,64,74,73,72,72,68,72,69,60,77,77,82,118,77,58,77,71,68,69,66,78,68,73,70,74,67,71,64,77,66,73,70,80,72,79,77,75,85,74,70,76,98,70,69,78,77,70,76
10,98,40,31,4,20,39,32,40,21,10,46,31,25,42,27,39,25,12,17,10,38,4,29,12,38,44,15,15,22,6,13,12,18,69,6,23,31,44,16,45,4,15,52,24,17,8,16,7,16,9,36,23,58,37,43,19,23,49,13,16,34,42,5,32,66,15,17,37,15,12,5,26,20,33,37,34,12,64,22,6,23,4,5,27,31,28,53,5,22,14,2,21,24,7,39,8,59,12,26,8,42,22,7,70,79,0,57,50,12,34,25,6,3,24,48,18,29,46,7,25,12,33,6,10,2,139,20,54,48,4,24,56,35,5,44,21,23,11,7,18,30,33,12,30,29,18,21,8,20,22,29,24,2,29,56,21,27,34,15,26,7,36,19,5,31,47,15,17,59,27,51,31,40,49,40,9,48,7,16,16,46,7,29,31,38,72,17,5,22,39,46,9,106,17,11,33,63,31,31,36,4,30,39,35,2,22,8,45,35,19,45,27,31,47,37,22,18,15,15,57,23,11,19,91,31,19,34,33,23,39,33,42,16,14,38,29,17,42,46,20,6,21,33,30,41,91,41,28,29,32,38,24,41,27,35,7,39,25,35,42,4,35,9,42,39,29,42,40,42,33,28,3,57,38,21,4,12,31,35,29,57,35,17,30,7,8,18,5,13,18,18,10,14,27,15,10,9,46,35,26,19,24,18,32,13,29,25,19,27,4,33,20,107,15,45,11,18,41,33,34,11,20,7,10,16,27,27,14,18,27,17,10,14,41,2,5,17,37,6,28,20,85,24,26,27,17,30,10
54,99,46,55,51,48,43,44,55,55,48,55,59,47,45,47,60,54,57,51,56,46,58,56,52,64,58,49,40,52,53,53,55,52,64,53,60,56,48,53,59,55,55,50,37,50,54,48,54,54,54,59,59,59,53,51,53,46,62,58,53,65,53,53,47,64,50,53,50,55,51,54,52,53,60,61,60,53,45,41,53,49,54,54,52,53,54,56,53,41,57,52,54,55,53,46,55,51,51,55,54,53,45,51,67,75,57,0,57,45,52,55,58,55,52,63,47,55,59,53,54,56,58,57,54,57,119,48,55,58,54,62,64,60,58,47,59,59,55,59,47,55,47,47,51,57,52,51,55,46,63,45,53,57,51,54,59,47,59,42,57,54,58,52,56,58,40,55,49,47,48,54,57,56,47,62,53,56,55,51,50,60,55,53,61,57,55,48,53,43,41,50,55,90,50,50,64,48,56,48,43,54,53,65,60,57,57,54,65,49,46,63,55,53,49,55,47,55,53,43,62,46,56,55,91,56,49,49,59,46,58,57,50,52,57,55,57,53,60,42,58,58,54,57,50,47,91,66,57,52,53,51,54,61,45,49,58,58,50,51,54,54,52,54,53,54,55,59,65,58,58,56,57,69,50,55,51,49,45,55,55,56,56,55,44,50,54,49,56,48,46,51,55,59,53,48,48,53,59,52,58,47,59,48,55,45,49,64,46,41,54,56,59,115,52,52,53,50,50,54,48,58,40,57,50,55,54,47,45,46,46,54,52,60,53,57,57,53,50,54,50,48,95,41,61,64,53,57,54
51,97,46,49,46,42,33,54,51,46,40,39,53,48,42,45,43,43,49,36,47,52,49,56,48,49,53,42,38,41,52,47,46,46,70,50,50,52,42,46,54,51,42,49,43,37,48,52,52,48,50,40,50,45,45,43,35,45,43,53,43,49,44,50,39,62,42,51,50,45,49,51,32,48,38,43,38,50,68,46,49,38,50,49,47,49,40,15,49,50,48,53,43,43,45,51,50,60,48,48,52,55,37,51,68,75,50,57,0,48,47,43,53,50,45,53,37,48,25,51,50,44,48,41,50,50,145,41,52,55,50,50,52,40,53,42,47,42,52,50,35,42,56,46,41,45,40,54,53,47,52,39,50,52,50,52,54,47,40,47,39,52,50,48,51,38,44,50,45,48,49,53,50,55,31,45,46,51,51,44,46,38,50,52,53,31,76,47,51,49,48,48,52,109,47,38,57,66,47,40,35,51,41,52,53,52,50,52,63,43,43,42,54,51,48,46,48,46,51,48,63,49,40,52,88,41,42,52,52,48,51,48,51,48,40,46,48,51,58,41,55,53,45,50,49,49,89,53,40,41,46,50,55,55,47,40,53,51,44,46,32,51,44,50,35,51,49,48,49,53,43,47,52,62,49,51,49,43,50,49,46,60,41,48,48,44,52,45,51,47,46,46,46,52,37,47,48,47,54,46,50,41,34,42,42,44,37,54,48,48,51,41,57,110,38,45,46,48,54,46,49,52,52,41,49,50,46,49,44,52,35,49,43,51,43,53,52,49,53,50,42,45,85,52,49,55,46,37,53
17,98,41,36,16,16,36,34,38,22,14,47,34,8,38,27,36,22,16,16,15,36,14,33,13,39,39,6,15,15,17,17,9,17,69,17,22,35,50,2,49,12,12,51,22,12,16,1,16,14,18,41,27,56,32,42,14,21,45,18,21,35,47,16,30,67,6,21,36,15,15,16,28,20,30,32,30,9,64,20,17,27,16,17,31,24,29,50,16,12,14,15,11,15,16,39,15,64,18,30,14,40,24,16,73,77,12,45,48,0,32,20,16,11,18,47,20,30,45,13,18,14,36,17,18,14,141,18,56,53,16,20,49,31,16,46,23,27,16,16,16,33,30,16,34,32,18,19,14,20,24,24,24,15,26,56,25,26,37,14,29,16,36,17,16,26,45,17,16,58,25,51,28,40,46,42,19,51,13,8,12,49,13,22,26,36,69,12,18,22,41,39,17,107,16,9,38,58,33,29,28,15,26,37,34,15,22,14,42,28,20,39,30,34,46,34,20,21,19,2,59,17,18,19,87,33,19,25,35,20,31,35,43,7,12,33,24,24,42,52,20,16,21,36,31,43,95,43,28,22,25,41,27,32,27,35,16,31,16,35,43,15,35,17,37,44,33,42,38,38,37,30,15,57,34,18,15,5,30,35,32,59,37,23,31,17,15,20,16,15,16,20,4,16,23,15,17,14,48,32,23,16,25,16,30,11,26,29,13,22,14,35,22,109,20,47,10,18,45,33,30,17,17,15,12,13,21,20,12,20,25,19,4,17,39,14,14,7,36,17,22,19,91,20,29,31,15,27,16
35,101,33,39,32,21,23,26,26,29,36,38,29,22,24,30,38,19,24,30,33,34,35,38,28,47,47,36,25,21,32,32,35,31,62,33,26,31,45,31,38,35,29,42,22,31,33,32,34,31,32,26,36,58,21,20,17,29,40,35,31,32,46,32,31,61,36,35,17,27,31,34,19,33,37,27,37,36,47,14,35,15,31,33,33,19,25,38,32,16,21,32,24,24,34,32,32,57,34,19,34,25,21,30,64,67,34,52,47,32,0,24,35,29,30,51,28,27,42,33,18,33,39,37,33,34,139,30,58,49,33,36,57,18,35,42,23,24,37,36,29,28,16,31,22,32,27,36,35,15,23,24,19,35,17,61,36,18,33,21,31,34,37,31,31,29,44,35,35,62,18,50,25,46,50,45,30,52,33,31,30,42,33,29,27,28,73,28,29,12,30,39,35,112,34,30,33,55,28,30,28,32,32,45,39,35,37,34,45,36,26,28,29,28,19,30,27,35,29,29,59,17,26,32,76,28,29,16,29,15,19,32,41,22,32,38,36,33,47,41,37,35,32,18,33,13,87,46,23,20,28,34,34,43,20,34,35,19,20,35,37,32,13,34,24,47,32,38,28,39,37,27,35,62,15,29,30,31,18,36,22,60,38,35,25,35,34,32,31,33,16,30,37,38,25,36,32,33,44,25,37,29,21,26,21,32,25,39,29,18,31,40,41,95,36,51,33,31,38,23,23,31,28,33,23,35,38,32,36,29,25,35,29,37,23,35,36,18,47,31,17,22,73,17,36,40,20,32,37
27,97,38,34,23,17,40,35,26,24,23,43,36,23,46,31,37,15,26,13,26,39,24,36,23,39,32,20,16,18,25,28,23,14,74,26,25,36,54,19,51,24,11,55,23,20,26,21,26,8,28,41,22,60,35,31,21,22,43,24,26,38,48,25,26,66,20,23,35,29,21,27,20,18,37,34,37,19,67,23,21,22,24,24,31,28,25,48,20,26,26,25,16,12,25,44,23,67,22,26,24,38,21,22,72,70,25,55,43,20,24,0,26,21,13,31,19,28,44,24,17,24,37,20,25,24,140,18,59,53,25,23,63,37,23,44,19,29,23,27,22,32,23,25,31,25,10,28,24,19,18,24,17,26,5,58,22,23,34,24,31,26,38,16,26,35,53,28,9,65,29,52,29,36,48,44,25,51,26,25,19,49,23,32,31,41,69,17,19,10,37,44,23,109,23,16,31,61,25,35,21,26,24,28,26,26,24,24,38,31,24,39,28,27,39,26,22,26,22,22,62,23,25,30,91,30,22,32,32,23,29,29,39,18,21,39,13,21,33,51,20,26,22,39,30,43,88,33,30,31,33,41,26,42,20,36,26,29,11,37,45,26,33,26,39,42,37,44,44,41,37,28,26,59,26,26,22,25,28,37,27,60,32,27,30,24,25,20,26,24,10,28,22,31,34,24,22,24,52,37,24,10,25,17,24,22,23,33,26,18,25,38,34,110,19,45,20,25,42,31,24,26,26,23,26,20,34,28,25,28,25,23,24,24,36,25,22,16,35,25,5,19,92,19,30,34,16,32,28
12,95,47,33,9,24,37,34,38,24,13,47,33,26,45,29,38,29,12,16,12,42,4,30,16,36,42,16,17,25,13,18,15,19,72,13,25,38,47,18,46,8,16,53,29,20,14,17,9,14,12,36,27,61,39,44,25,26,47,4,17,36,46,7,33,69,16,20,37,13,14,10,25,23,32,35,33,12,68,24,12,26,10,9,32,30,35,55,10,24,15,5,26,25,11,43,13,61,14,30,7,45,22,10,74,77,6,58,53,16,35,26,0,11,26,50,23,30,49,6,26,16,36,9,13,11,140,23,57,54,10,18,59,36,3,46,21,28,13,11,22,34,33,15,36,30,23,23,7,24,21,31,29,4,30,57,23,27,37,16,29,9,40,21,14,32,48,16,20,62,28,52,35,42,53,42,14,51,8,21,16,50,13,31,29,40,73,21,11,27,39,47,13,109,20,13,39,64,34,33,37,10,31,37,33,4,23,6,44,38,22,41,28,40,47,39,25,23,16,18,54,28,14,22,94,34,24,33,33,26,36,36,40,17,18,40,26,20,39,50,20,0,23,36,31,38,92,41,35,33,35,41,25,47,28,38,1,36,25,40,41,10,39,13,46,40,38,42,43,45,37,30,3,60,37,25,8,16,31,40,30,59,41,21,34,16,8,19,14,19,18,23,13,16,30,18,14,12,49,38,28,22,27,22,36,17,35,29,17,30,9,36,25,106,17,44,13,17,41,29,35,14,25,12,18,15,30,28,20,20,27,11,14,7,43,8,10,19,37,15,29,28,91,27,29,34,19,31,14
10,97,41,33,5,18,34,31,40,22,9,42,32,22,42,25,35,24,9,16,14,39,3,29,13,37,43,15,13,22,3,13,13,18,67,7,17,32,46,14,45,4,13,48,25,14,7,15,7,17,10,40,24,57,36,42,24,24,46,10,20,33,39,4,27,67,15,22,37,7,13,6,29,20,37,39,37,11,64,23,12,22,4,9,27,28,29,52,6,23,13,3,20,18,7,40,6,58,12,26,6,39,19,11,69,78,3,55,50,11,29,21,11,0,18,51,22,28,45,7,24,14,35,9,8,3,139,18,54,51,5,19,57,33,10,44,19,27,12,16,19,31,32,10,33,30,19,20,7,19,22,27,25,5,29,54,22,28,34,19,21,7,34,19,6,31,45,14,17,59,27,45,35,38,48,37,9,48,5,18,17,41,11,29,31,39,70,19,8,21,38,45,11,106,19,11,40,62,31,29,33,5,29,36,36,5,16,6,45,35,21,40,25,32,40,39,22,15,10,14,52,27,10,17,91,31,18,29,32,24,35,29,42,16,15,40,28,21,43,46,18,11,20,31,33,42,92,39,34,33,31,38,22,45,25,35,11,35,25,37,41,5,38,9,40,39,35,38,42,40,36,24,8,57,35,21,5,12,32,37,28,56,38,22,32,14,6,16,6,18,17,18,8,10,29,15,6,11,46,34,23,19,20,18,31,15,32,25,18,28,5,33,20,102,13,45,13,10,37,29,31,12,22,5,16,17,29,27,16,20,27,11,9,18,40,3,2,17,36,6,27,21,87,24,24,29,14,27,11
23,91,42,24,19,17,34,31,39,17,15,37,32,3,32,17,35,17,20,13,23,39,22,24,17,41,47,7,12,17,19,18,14,9,64,22,20,32,46,17,42,23,11,41,16,13,17,17,22,8,19,34,22,54,22,40,19,10,45,27,17,33,44,22,13,60,8,20,24,16,17,22,27,19,35,33,35,19,60,5,14,23,20,21,16,20,25,48,17,11,20,21,9,9,22,43,18,61,19,28,22,36,21,17,60,61,24,52,45,18,30,13,26,18,0,46,19,34,43,21,10,14,34,17,23,22,133,10,54,54,19,24,59,25,23,36,20,21,21,25,8,30,18,17,25,23,11,21,23,5,25,13,11,23,13,58,22,11,37,8,19,22,33,13,22,18,39,20,6,52,7,50,33,31,41,37,21,48,24,10,19,43,21,21,24,35,69,7,20,14,26,37,22,107,17,12,35,50,29,31,15,23,23,37,39,23,22,22,48,27,7,41,34,25,37,31,5,23,16,15,50,28,13,19,90,30,11,17,36,6,33,30,40,8,12,38,27,19,44,42,23,25,19,38,26,19,90,43,32,28,25,34,16,37,12,27,25,33,16,35,30,23,15,22,41,43,33,40,40,37,34,26,23,55,22,15,21,17,10,32,28,57,44,19,27,19,22,4,22,8,5,19,14,22,30,14,22,21,49,27,24,5,21,13,25,18,24,30,14,10,22,33,23,113,18,40,16,14,41,24,25,22,14,16,11,23,16,8,10,8,9,19,15,23,25,23,22,8,44,21,12,21,90,6,21,33,11,26,24
48,111,48,54,51,37,43,46,44,51,48,53,53,46,56,54,28,45,52,53,52,45,51,55,48,58,59,47,53,49,49,49,46,44,78,48,56,49,58,43,60,50,50,48,52,50,50,47,47,44,52,39,48,68,56,43,49,53,48,50,50,53,58,49,51,72,47,56,58,50,47,50,39,53,42,23,42,48,66,46,48,34,48,49,57,57,52,50,52,48,53,48,41,43,51,53,51,71,52,21,49,47,46,50,78,82,48,63,53,47,51,31,50,51,46,0,47,51,46,49,51,49,53,50,49,48,153,45,55,47,51,52,64,50,52,55,54,47,52,50,49,19,52,52,51,23,50,53,51,50,50,46,50,48,45,65,53,41,21,48,51,50,49,49,46,55,48,48,47,66,50,58,39,52,54,33,48,53,50,48,47,55,50,48,44,40,80,46,47,46,52,58,53,116,50,46,46,69,18,47,39,46,46,57,53,48,54,50,55,25,49,25,50,48,49,54,44,51,52,47,66,50,48,52,85,19,49,48,48,50,21,48,28,46,51,27,53,54,59,53,44,50,49,51,55,42,101,58,49,45,25,49,55,47,55,25,49,21,51,56,46,46,38,48,45,43,50,56,29,35,44,49,48,65,52,47,50,46,47,56,55,66,45,51,56,53,48,47,46,48,44,54,47,50,22,53,52,52,35,48,52,42,51,48,49,48,56,57,50,54,50,46,54,114,45,54,47,52,53,39,53,50,51,52,47,43,50,51,48,51,52,52,46,50,59,48,49,46,56,48,53,46,99,50,49,59,46,35,50
25,89,33,25,23,7,21,27,34,19,10,44,31,16,39,21,22,20,23,4,22,37,20,28,18,40,40,9,6,10,17,26,17,22,60,20,25,26,38,15,43,19,8,36,19,6,20,22,22,27,19,20,21,54,28,41,10,16,40,18,17,34,45,20,20,67,8,27,35,16,17,20,15,17,20,21,19,23,59,14,22,13,17,20,25,22,12,39,21,16,20,21,17,12,20,26,21,65,21,14,22,28,7,22,66,73,18,47,37,20,28,19,23,22,19,47,0,31,39,23,8,17,41,22,20,21,144,6,53,43,19,25,44,12,19,44,19,9,23,24,12,15,26,20,21,18,15,26,21,19,18,11,13,21,31,53,24,14,17,18,23,22,34,21,19,26,32,22,10,56,19,48,27,32,48,36,21,47,22,18,24,46,17,10,28,19,67,17,16,20,38,45,15,108,18,15,35,60,16,17,19,22,15,41,39,21,22,22,51,18,9,36,26,29,48,21,15,18,21,20,60,25,18,20,80,16,19,27,29,17,33,29,35,21,9,32,26,22,45,51,23,23,18,28,28,42,92,46,14,18,19,30,18,38,13,18,23,33,17,31,41,22,27,23,24,43,22,36,24,27,20,24,18,54,36,14,18,18,22,31,29,53,39,15,34,17,22,16,19,18,17,15,22,23,14,23,19,22,46,31,20,19,10,7,14,19,24,25,16,13,19,27,26,102,19,42,21,23,38,29,32,20,17,22,21,22,21,9,19,24,23,20,16,25,26,17,21,21,45,22,18,8,84,13,25,31,22,14,23
34,92,42,36,30,36,40,35,36,32,28,44,34,36,44,35,40,29,28,32,30,40,31,36,34,34,33,31,29,33,29,31,33,33,66,31,34,36,49,32,51,28,29,54,34,31,34,32,35,31,27,41,33,61,34,45,25,33,45,35,32,28,46,30,39,67,31,34,32,22,34,32,33,31,34,38,33,30,70,36,32,25,34,31,37,34,31,56,30,33,27,29,31,34,31,40,28,61,34,32,31,39,33,33,74,78,29,55,48,30,27,28,30,28,34,51,31,0,51,31,35,32,36,28,32,29,139,31,58,50,31,35,55,33,28,49,30,31,32,31,33,34,38,34,35,29,27,34,31,35,35,31,34,33,34,42,29,30,36,30,21,35,40,30,30,36,47,35,32,64,36,45,37,39,49,40,29,52,30,32,33,45,32,35,37,42,72,34,31,35,40,46,32,108,28,32,38,62,33,36,31,32,33,30,29,33,31,31,37,36,31,45,30,31,49,35,34,32,33,35,60,28,28,33,93,37,33,30,36,32,37,28,41,26,33,36,31,34,33,52,26,30,31,24,35,41,97,42,35,36,36,40,31,43,27,34,30,37,30,31,46,32,40,33,39,41,30,40,41,41,37,38,29,49,36,33,29,31,37,31,32,62,40,29,31,30,34,34,30,31,29,34,33,32,35,31,34,35,48,36,32,35,36,33,37,28,32,28,33,36,29,32,37,102,34,44,31,37,46,31,29,27,30,26,32,24,36,30,27,27,31,31,30,31,36,32,29,26,40,32,32,31,88,33,29,29,28,36,35
48,98,47,50,47,32,42,47,50,43,45,43,45,45,46,51,31,41,45,38,48,48,47,54,42,49,55,41,35,43,46,50,41,47,73,45,46,47,50,48,54,45,44,43,49,47,46,49,47,49,48,40,46,59,45,49,36,30,41,49,44,43,46,45,43,60,41,45,46,47,46,45,44,45,30,29,29,45,62,46,44,38,44,45,43,47,30,37,45,47,44,45,39,34,46,49,45,62,45,40,47,43,38,45,60,78,46,59,25,45,42,44,49,45,43,46,39,51,0,46,44,47,53,46,45,47,141,36,44,47,44,50,61,32,48,28,49,37,47,49,42,43,53,47,46,50,40,49,48,46,49,46,47,47,51,58,49,41,40,48,46,47,51,51,46,31,42,45,43,67,49,51,45,29,32,38,46,57,47,43,42,52,48,43,40,28,65,48,45,46,43,49,47,100,46,47,49,57,46,42,47,47,40,54,48,47,54,47,57,43,41,44,53,43,44,42,46,48,49,45,57,39,45,49,85,41,46,42,48,47,50,40,38,45,48,42,47,49,49,51,49,47,44,40,47,48,91,51,44,41,42,41,47,49,47,48,47,50,46,50,46,47,46,46,26,34,44,44,39,33,39,50,47,55,41,46,45,40,40,48,46,56,37,46,48,46,47,43,46,48,40,48,44,50,42,46,46,47,47,49,46,39,41,36,48,46,45,44,48,44,46,31,50,106,44,34,45,46,47,49,46,49,37,46,44,47,46,42,43,48,38,48,42,50,41,48,48,46,50,46,51,44,80,49,40,46,48,38,47
6,96,41,35,7,19,39,34,39,19,12,44,31,24,44,29,36,27,12,17,11,41,10,27,14,36,42,15,16,25,9,13,15,19,70,4,21,36,45,15,43,7,13,53,27,15,6,14,4,15,12,38,25,56,36,43,25,26,47,8,19,34,44,1,30,69,15,16,36,14,15,8,28,21,32,34,32,13,64,24,10,25,10,3,28,27,34,53,9,24,14,9,24,21,10,41,11,63,12,29,2,43,25,14,71,76,7,53,51,13,33,24,6,7,21,49,23,31,46,0,22,16,38,10,4,9,135,20,55,52,10,21,58,32,8,45,24,26,10,12,18,32,31,13,31,30,19,20,4,24,25,29,24,6,31,55,23,27,32,16,24,4,37,18,6,34,46,15,17,60,27,50,31,40,50,42,11,49,2,19,17,46,10,29,32,39,69,19,12,23,39,45,12,108,19,13,38,60,32,32,33,9,28,37,33,6,24,2,41,36,18,44,25,33,45,39,21,24,16,15,55,26,12,22,92,32,23,31,34,24,37,34,42,16,16,40,29,16,42,47,21,6,21,36,28,39,92,38,33,31,32,40,23,44,24,36,6,37,25,36,43,9,37,5,40,38,32,39,41,43,38,30,6,58,37,22,3,14,31,36,27,57,39,20,32,15,3,17,6,16,19,22,12,16,28,16,10,11,47,37,26,19,26,17,31,16,33,26,20,28,4,34,23,106,16,43,13,16,42,35,33,12,21,9,17,17,30,26,19,21,28,8,12,10,40,6,6,18,37,7,28,23,93,24,28,32,18,30,5
25,103,40,38,24,11,24,32,41,25,18,42,35,13,41,28,36,19,24,19,25,37,27,30,18,42,45,17,18,20,25,23,13,21,67,23,20,29,48,17,41,24,13,51,26,12,25,9,27,22,24,39,24,55,21,35,15,20,43,29,23,34,49,24,23,67,16,22,26,26,13,26,24,18,31,33,31,22,57,17,26,14,24,22,20,18,27,51,23,10,24,24,24,18,24,37,25,58,26,33,27,41,20,21,72,62,25,54,50,18,18,17,26,24,10,51,8,35,44,22,0,20,33,23,26,25,132,15,57,55,25,28,52,29,28,38,18,27,24,27,12,34,27,27,31,29,12,27,28,7,26,27,14,27,14,58,27,16,37,22,23,27,35,19,27,22,40,25,16,52,16,49,31,37,43,49,21,53,26,22,18,50,20,10,29,30,58,18,25,12,36,46,26,110,19,12,40,43,31,27,20,25,26,38,33,27,21,27,47,31,6,46,34,28,38,27,11,18,19,21,58,9,15,17,86,31,21,28,37,14,21,33,36,14,12,34,24,25,43,46,26,26,24,36,32,36,89,40,27,28,31,29,22,42,18,29,26,21,12,40,43,25,31,25,35,44,28,39,43,42,22,25,27,60,21,26,24,21,17,42,24,56,37,22,31,16,27,14,27,18,17,15,20,29,26,24,24,30,46,28,22,11,15,27,21,13,28,27,15,12,27,35,27,111,27,33,20,23,35,31,17,25,12,27,17,21,22,12,9,12,17,22,21,28,34,26,26,20,39,27,15,15,84,12,26,31,22,27,27
16,96,42,31,13,16,36,25,33,12,9,45,32,23,39,27,35,25,10,11,17,36,14,33,13,35,43,7,13,19,13,14,12,15,67,13,11,34,46,14,49,13,7,48,23,13,17,16,14,18,11,38,24,55,33,41,20,23,43,17,11,30,39,13,29,67,8,13,38,12,11,11,26,10,30,32,31,15,66,24,14,26,8,12,28,28,33,48,17,23,11,13,19,17,14,43,13,60,12,27,14,43,21,16,71,78,12,56,44,14,33,24,16,14,14,49,17,32,47,16,20,0,40,14,15,15,141,14,54,48,14,18,55,28,16,47,20,21,15,18,15,32,26,12,31,28,17,22,18,21,21,24,19,13,28,55,14,26,31,17,20,15,35,22,16,30,40,13,12,54,24,43,33,39,46,39,14,46,15,18,16,46,14,24,28,34,71,16,12,21,39,44,12,106,20,12,39,61,32,30,33,12,23,33,31,13,21,17,40,36,12,43,27,31,45,32,18,18,7,14,56,22,11,18,86,32,17,32,32,21,39,30,40,15,6,38,29,17,44,48,15,15,18,27,25,44,91,42,28,30,33,34,19,39,20,36,15,39,22,32,41,12,37,11,38,44,31,40,38,42,38,30,12,52,38,23,14,12,31,32,22,56,34,18,22,14,17,10,16,19,14,22,12,16,26,11,13,12,45,32,24,19,22,12,32,13,26,25,18,22,14,31,22,109,16,41,15,14,41,36,33,13,17,15,13,21,26,20,15,18,26,17,12,17,37,15,13,17,42,14,20,20,89,21,25,28,14,27,17
40,97,41,41,38,42,36,43,41,37,36,52,45,35,36,44,41,43,36,39,42,44,34,40,34,15,20,34,34,41,38,34,39,39,69,37,34,39,51,36,52,35,40,56,36,38,35,37,41,36,39,49,41,59,39,39,41,40,45,41,40,43,55,36,42,73,35,35,40,36,36,37,33,37,44,45,44,39,70,41,39,40,40,37,38,34,43,54,40,37,39,37,41,39,38,49,37,65,41,41,37,49,36,32,76,78,33,58,48,36,39,37,36,35,34,53,41,36,53,38,33,40,0,37,39,36,141,42,65,62,37,24,68,37,29,44,36,46,38,37,42,47,45,36,44,39,38,43,37,32,45,42,41,31,33,60,41,42,49,36,34,41,44,37,38,44,41,39,38,60,41,58,42,47,49,45,30,54,37,39,38,58,37,30,43,40,69,40,37,35,42,49,40,111,40,41,46,59,44,47,36,36,44,18,9,31,42,38,40,37,34,47,40,37,53,38,39,41,38,40,56,41,39,35,96,44,43,42,32,34,44,45,44,35,40,45,42,33,14,50,35,36,40,36,34,37,99,25,45,41,42,36,34,47,30,41,36,44,31,37,41,36,38,36,45,49,39,41,49,47,46,37,30,60,41,44,37,39,39,40,31,64,45,40,36,38,38,38,38,40,39,37,38,40,43,38,37,37,55,42,44,40,46,39,42,37,44,43,35,39,36,36,41,113,38,47,35,25,49,43,40,40,33,36,39,39,44,29,39,37,38,34,37,38,43,34,33,39,13,38,25,38,94,31,45,40,39,46,39
14,92,39,32,9,20,33,30,38,18,13,47,32,22,43,27,38,24,7,17,15,39,9,29,11,37,44,14,17,22,10,11,14,17,68,9,18,32,45,15,30,9,15,42,23,13,8,16,9,18,7,32,20,55,32,38,21,26,45,13,9,34,46,9,29,66,13,12,33,10,13,7,21,18,39,37,39,12,60,18,8,27,5,13,21,31,30,49,7,17,12,6,13,13,10,39,7,56,6,26,9,41,19,4,66,76,6,57,41,17,37,20,9,9,17,50,22,28,46,10,23,14,37,0,13,6,139,12,55,46,6,23,57,29,8,48,18,21,10,15,12,30,31,9,29,32,20,22,10,13,20,20,22,8,28,55,27,30,35,15,21,9,35,20,10,31,45,9,13,59,25,47,34,37,44,47,7,47,9,15,15,44,11,27,28,33,66,17,6,22,35,42,6,108,18,11,41,60,31,29,34,7,30,38,36,8,24,9,45,30,17,46,21,27,46,31,19,16,14,14,49,30,14,18,91,30,20,25,33,18,30,26,44,20,14,41,30,12,43,45,24,9,18,29,25,41,93,45,27,28,28,39,21,41,24,32,8,30,23,35,40,7,31,9,36,38,30,42,40,44,32,26,7,55,34,23,10,11,29,36,28,58,35,20,30,2,9,12,10,18,14,18,14,9,29,10,8,9,48,34,23,16,19,14,29,17,28,18,15,23,10,33,23,109,9,40,16,6,43,32,31,9,17,11,12,21,25,21,17,17,21,7,12,14,37,6,11,20,36,9,28,18,90,20,28,31,19,23,12
6,95,43,34,8,18,38,32,39,21,14,45,30,22,43,28,39,23,11,16,10,40,8,27,13,39,42,16,17,21,9,12,14,18,69,2,23,33,45,18,43,10,14,51,26,15,6,16,9,20,11,37,24,59,34,41,24,25,47,13,19,34,44,4,30,68,16,21,35,13,14,7,31,20,36,38,36,9,64,21,10,25,7,3,25,27,33,52,8,22,11,10,23,23,7,39,8,62,13,31,9,40,22,13,71,76,10,54,50,18,33,25,13,8,23,49,20,32,45,4,26,15,39,13,0,9,137,19,54,51,9,24,61,34,10,44,21,25,9,15,18,30,30,13,32,32,18,19,11,23,25,28,28,7,29,56,23,26,33,16,23,9,36,20,6,33,45,13,16,59,24,51,35,39,49,42,10,48,5,18,18,46,9,28,29,37,69,19,9,22,38,45,11,107,18,14,39,60,30,31,35,8,27,39,36,7,21,9,48,35,22,43,28,33,46,38,22,22,13,14,55,25,14,20,91,30,20,33,33,23,37,33,39,18,15,37,27,21,42,47,26,13,20,34,35,38,93,44,32,31,30,38,24,43,25,35,13,37,26,37,42,8,37,4,40,41,32,39,41,43,33,29,9,57,37,22,6,13,30,37,27,56,38,21,29,14,9,18,6,18,18,21,11,11,27,15,11,10,45,36,25,18,26,17,31,15,32,23,18,28,5,33,22,107,19,42,18,13,41,34,33,13,20,11,15,22,28,26,17,19,27,15,14,17,39,9,10,18,40,5,28,24,92,22,25,31,15,30,3
10,98,39,32,4,22,39,32,40,20,9,42,31,25,43,29,39,23,12,16,10,38,6,29,12,36,44,14,15,23,6,13,12,18,65,9,23,32,44,16,45,5,15,52,24,19,8,15,8,16,11,37,24,59,35,40,19,24,46,11,17,34,42,4,32,65,13,18,37,10,13,6,30,20,34,37,33,11,63,22,8,24,4,9,27,31,26,53,4,22,13,2,20,24,8,39,8,58,11,27,8,41,21,9,70,79,2,57,50,14,34,24,11,3,22,48,21,29,47,9,25,15,36,6,9,0,139,21,54,46,4,20,56,33,9,45,21,22,8,12,19,31,33,15,32,29,16,19,7,20,23,27,25,4,29,54,21,27,34,15,26,8,36,17,8,32,47,13,17,58,27,49,30,40,49,40,12,46,7,16,16,44,7,27,30,40,72,15,7,25,41,45,9,106,18,13,35,63,31,31,36,4,29,38,35,4,23,8,45,35,19,42,24,35,44,37,22,17,14,16,56,25,10,19,91,31,21,32,33,22,39,30,40,16,14,38,28,18,42,47,21,6,20,35,30,38,93,41,28,28,32,38,23,41,27,35,5,39,25,37,41,4,37,9,43,38,30,41,40,42,34,30,3,53,37,22,7,12,31,37,29,57,35,17,32,7,8,16,8,18,16,18,10,14,28,14,10,11,46,36,24,18,26,19,32,13,27,23,15,26,7,33,22,108,16,42,11,18,43,31,34,12,23,8,10,21,29,27,14,21,29,16,10,12,39,2,4,17,39,7,29,20,86,24,27,29,15,29,11
136,140,146,143,135,140,128,131,132,144,141,149,142,134,139,134,147,144,137,143,137,144,140,137,139,148,151,141,142,143,139,135,142,142,150,135,145,136,142,141,134,137,141,145,128,142,136,141,136,138,138,144,142,135,124,137,142,142,146,140,139,147,145,135,135,146,141,139,141,140,138,136,137,145,148,148,148,141,133,136,137,141,136,136,140,142,143,144,135,138,136,136,142,143,135,143,137,142,138,143,136,140,138,139,141,124,139,119,145,141,139,140,140,139,133,153,144,139,141,135,132,141,141,139,137,139,0,139,134,150,136,142,146,141,140,143,142,134,138,139,136,147,132,138,139,146,137,144,137,136,136,140,130,139,136,134,142,137,145,137,143,136,150,136,138,138,136,140,136,115,136,144,148,138,128,143,135,145,137,140,139,139,138,123,147,146,124,136,137,132,137,108,141,118,137,139,148,120,146,142,143,140,140,148,149,139,131,136,148,139,136,149,144,138,143,134,137,137,142,141,151,134,143,139,123,148,142,133,150,137,142,142,145,139,141,147,141,139,149,135,145,140,142,140,136,139,158,152,143,134,146,138,137,148,137,139,140,142,136,141,147,140,135,137,145,144,140,147,145,146,139,141,139,150,139,135,135,139,137,140,140,152,143,141,137,136,136,130,138,137,132,134,141,142,147,136,135,137,152,148,134,131,139,136,140,141,139,138,140,131,134,145,146,159,142,135,139,138,132,139,138,139,134,141,139,143,132,134,138,138,137,137,140,140,138,137,139,136,139,136,134,135,161,137,131,145,139,143,136
23,95,35,30,16,7,34,21,32,16,8,45,32,10,33,16,35,16,17,6,21,35,20,31,15,42,46,8,10,11,18,13,8,10,66,19,15,23,44,13,47,20,8,35,18,8,16,20,19,20,13,23,16,51,26,32,9,18,42,24,16,33,43,19,23,60,8,22,32,11,19,19,14,16,31,29,31,19,57,10,17,11,19,19,24,18,15,38,18,11,18,16,17,9,14,35,20,62,14,17,19,32,10,13,63,69,20,48,41,18,30,18,23,18,10,45,6,31,36,20,15,14,42,12,19,21,139,0,54,47,17,24,44,21,22,32,21,17,18,21,12,25,18,17,24,19,19,20,20,9,23,11,13,21,23,52,15,20,26,19,24,19,36,18,19,25,31,22,19,49,18,46,26,32,44,37,12,45,19,16,19,44,19,20,27,26,66,16,17,14,28,44,18,104,10,9,39,57,29,19,23,23,20,40,39,21,22,19,46,31,8,41,28,29,41,18,17,12,16,20,55,18,8,22,92,26,13,25,36,11,35,23,40,10,8,39,23,22,45,47,23,23,18,29,31,38,89,43,23,27,29,29,17,35,15,26,23,35,16,29,37,23,34,21,33,45,27,38,33,35,19,21,18,55,32,19,18,9,24,29,29,55,35,21,26,14,19,15,19,21,16,15,18,14,23,17,17,14,46,26,25,16,11,8,23,16,24,24,16,21,19,33,21,108,11,39,16,20,33,21,34,17,8,17,9,20,21,12,14,19,21,19,13,23,29,18,22,11,39,19,19,9,91,15,12,30,12,21,20
55,99,59,57,56,53,49,54,53,53,56,50,54,55,60,53,54,55,55,53,57,58,56,65,56,60,65,55,56,54,56,57,54,53,70,54,58,59,58,52,59,54,54,54,54,55,56,54,56,55,56,58,56,57,60,61,54,52,58,57,57,57,54,54,59,72,55,45,63,55,56,53,57,54,53,58,53,55,67,59,56,54,54,54,57,62,56,58,55,55,56,55,47,49,56,61,55,62,56,47,56,61,53,55,78,86,54,55,52,56,58,59,57,54,54,55,53,58,44,55,57,54,65,55,54,54,134,54,0,44,54,59,49,53,57,49,57,52,55,58,55,55,59,57,46,59,54,60,57,56,57,57,54,56,54,53,55,56,47,57,56,56,54,52,55,52,52,56,56,55,56,44,50,49,49,56,56,49,55,56,56,51,55,57,54,54,64,55,56,59,48,53,56,99,54,55,48,55,56,50,54,56,52,60,59,56,54,56,66,53,57,49,48,51,58,39,53,54,57,56,60,50,56,58,74,56,55,59,54,56,50,53,51,54,54,46,58,45,61,61,60,57,54,45,56,57,99,62,57,54,58,53,58,54,58,59,57,50,55,54,60,56,56,53,50,30,56,64,52,50,54,56,56,38,39,57,55,55,55,45,56,57,38,57,60,56,56,52,55,55,55,55,54,56,49,45,57,56,60,52,55,56,59,57,50,54,55,55,60,57,55,50,61,100,55,50,56,58,53,58,49,55,57,55,55,58,51,56,56,53,56,59,55,59,56,55,55,55,65,55,60,52,88,57,54,56,54,53,56
52,92,48,51,53,47,50,53,55,41,49,55,54,48,54,49,38,43,46,48,54,47,53,56,52,55,61,53,50,53,49,53,51,52,64,51,49,48,55,39,61,51,47,46,52,44,53,53,53,45,52,49,49,50,44,44,41,49,48,54,48,46,47,51,41,60,53,54,57,51,53,50,48,46,47,45,46,52,68,54,53,48,45,51,51,55,46,45,52,40,51,52,52,50,53,57,52,62,52,38,53,39,50,51,66,74,48,58,55,53,49,53,54,51,54,47,43,50,47,52,55,48,62,46,51,46,150,47,44,0,51,54,60,44,54,48,48,50,52,51,49,43,51,51,52,43,46,55,54,55,50,44,46,53,50,50,50,44,45,54,45,53,46,55,52,58,53,47,48,64,50,48,47,55,52,41,53,54,52,53,47,42,52,49,45,46,77,49,53,48,53,40,51,112,51,47,47,67,39,52,51,53,52,56,60,53,52,53,64,40,52,40,52,43,53,53,46,53,51,53,59,48,49,53,80,38,45,54,54,54,40,47,50,51,48,43,53,54,57,54,55,54,43,50,56,45,83,63,51,51,49,50,51,44,47,40,54,40,54,53,43,53,48,50,42,48,50,54,44,45,46,54,53,48,52,52,52,52,51,54,49,55,43,43,54,49,53,51,52,54,48,51,51,50,42,51,54,53,50,54,53,40,49,48,46,51,33,51,52,53,52,50,50,110,50,51,53,52,54,45,54,51,52,50,52,54,52,51,51,53,55,54,52,48,55,52,52,54,56,52,48,47,89,47,51,50,51,43,53
10,94,42,34,5,17,36,32,38,22,13,43,30,24,43,27,38,23,8,14,9,38,8,28,11,37,41,12,15,21,4,9,10,16,67,9,20,33,48,13,43,4,14,47,24,11,10,16,11,16,9,33,21,55,35,40,17,23,45,10,19,32,43,9,31,66,12,21,37,10,11,3,26,18,35,37,35,11,65,23,8,23,2,8,25,28,27,51,5,23,8,3,19,19,6,40,3,58,10,27,11,38,19,9,68,74,4,54,50,16,33,25,10,5,19,51,19,31,44,10,25,14,37,6,9,4,136,17,54,51,0,21,55,32,7,41,18,26,9,12,18,31,31,10,30,34,17,20,4,19,23,27,25,6,31,54,24,25,31,18,25,11,38,20,10,28,43,13,14,58,26,49,32,38,46,40,9,46,10,16,13,44,7,26,28,37,70,17,7,21,36,44,10,106,17,11,39,61,28,28,33,8,30,39,37,6,22,11,45,34,18,43,24,32,44,35,20,23,16,16,52,25,12,19,90,31,22,30,31,23,39,31,39,16,14,37,31,22,41,47,25,10,15,32,35,37,91,44,30,28,30,38,25,45,27,34,10,39,26,34,38,8,35,8,38,39,31,38,38,43,34,26,5,55,34,19,10,11,29,34,28,56,34,18,30,10,11,14,10,18,15,18,10,14,26,13,8,7,46,34,26,16,23,20,30,14,26,22,15,28,10,33,22,108,14,44,15,11,39,29,33,8,21,10,14,19,27,26,14,18,23,11,11,12,37,4,6,17,39,3,28,21,88,24,26,29,17,28,11
23,100,47,36,23,24,43,38,42,22,27,50,37,27,46,33,44,25,25,22,26,44,15,28,24,26,27,21,20,24,22,21,21,24,75,24,26,37,49,24,46,21,21,54,29,23,25,22,22,21,25,45,25,64,36,46,20,22,48,22,19,36,48,22,32,69,21,17,36,22,21,24,34,21,41,42,41,24,66,22,23,29,21,23,30,31,28,53,22,19,26,22,23,24,23,44,22,57,25,32,20,46,21,24,71,80,24,62,50,20,36,23,18,19,24,52,25,35,50,21,28,18,24,23,24,20,142,24,59,54,21,0,66,41,15,51,25,30,27,14,26,37,39,19,39,34,25,22,18,26,25,31,30,16,28,60,30,34,39,22,31,22,40,24,25,36,51,21,25,66,28,57,36,46,53,49,23,54,20,24,23,52,27,33,33,39,76,22,21,27,43,50,26,111,20,21,37,69,36,37,39,20,31,25,23,16,26,19,39,37,25,46,34,38,53,38,26,22,29,21,61,30,27,20,95,36,26,36,36,23,37,39,45,23,23,43,26,23,23,55,16,16,18,38,32,42,99,32,35,33,35,45,28,45,21,40,15,37,28,39,45,20,41,24,48,35,40,43,45,47,39,32,15,60,39,28,20,20,35,39,30,61,41,20,35,19,21,26,25,21,23,24,22,26,31,27,27,23,52,40,29,24,31,26,38,21,33,28,25,30,19,36,25,107,21,49,22,24,45,33,39,23,27,18,21,22,29,30,22,25,30,17,21,14,45,16,17,22,27,23,23,29,94,26,33,35,22,33,25
62,106,58,52,59,50,46,53,58,59,53,51,54,60,56,46,66,48,58,51,60,55,57,65,59,66,69,52,52,46,59,60,53,60,58,57,66,54,47,57,68,56,51,58,52,52,58,59,57,62,59,46,58,65,55,63,57,47,63,59,56,53,58,57,61,70,52,66,57,60,57,55,46,58,52,57,52,60,56,60,60,45,55,58,55,56,56,53,58,59,61,56,60,58,59,64,56,52,58,57,57,52,46,55,71,78,56,64,52,49,57,63,59,57,59,64,44,55,61,58,52,55,68,57,61,56,146,44,49,60,55,66,0,44,56,52,62,48,59,57,48,56,54,57,53,60,60,61,58,55,58,49,53,58,56,57,60,52,60,58,56,57,60,65,58,53,48,58,60,52,63,53,60,51,56,46,61,65,57,55,59,45,58,56,58,59,64,58,61,52,47,55,55,108,51,56,62,57,52,51,49,61,51,69,66,58,63,57,73,54,50,59,63,55,53,59,60,58,55,59,56,52,51,62,87,52,55,52,61,57,55,53,57,63,47,53,57,60,66,63,67,59,52,64,53,49,97,66,57,50,55,43,59,61,57,54,58,55,53,53,57,61,54,60,45,66,57,62,56,29,52,47,57,58,53,57,58,48,50,53,58,59,49,59,59,55,57,49,58,58,65,61,55,56,43,60,60,61,62,59,62,62,49,49,48,59,51,61,61,59,58,57,60,91,57,58,59,63,57,49,48,59,54,56,52,61,42,55,57,56,58,58,54,58,46,56,60,62,70,60,59,51,71,54,42,61,61,54,63
35,95,35,30,31,18,16,31,34,30,25,37,33,24,43,34,28,28,29,19,30,36,33,32,26,37,45,25,26,22,29,30,25,29,71,31,31,28,33,29,46,34,23,39,24,24,29,24,35,34,32,25,27,54,35,29,22,27,31,33,27,34,48,31,32,63,24,24,33,32,26,32,17,31,25,26,24,32,54,27,32,16,32,31,34,36,22,33,29,32,32,32,30,29,27,40,32,60,28,23,35,29,26,23,66,72,35,60,40,31,18,37,36,33,25,50,12,33,32,32,29,28,37,29,34,33,141,21,53,44,32,41,44,0,34,41,36,20,29,35,26,19,34,26,16,20,30,34,36,26,29,18,28,36,37,55,31,31,30,29,26,35,32,34,32,27,34,25,25,51,26,48,36,39,41,30,25,48,31,32,31,40,30,29,29,16,66,34,32,23,41,47,27,105,28,28,37,57,20,27,25,29,20,40,39,36,26,35,49,31,21,37,26,23,31,20,26,25,23,33,58,24,27,35,70,20,28,23,31,25,18,29,32,35,24,30,37,26,47,43,37,31,31,23,37,28,92,45,16,16,28,23,24,38,26,30,31,18,28,33,32,29,24,32,15,41,19,37,30,39,32,28,36,60,20,31,32,28,26,34,30,59,31,23,28,25,35,29,32,33,33,27,31,34,19,29,30,28,34,31,30,33,16,22,17,26,29,29,36,37,32,30,33,105,27,25,33,32,31,25,19,30,26,26,25,33,35,23,33,29,20,30,30,36,25,30,36,34,40,31,28,16,90,27,29,35,28,15,34
12,96,44,34,5,22,39,35,36,23,13,45,35,25,42,30,31,24,12,17,11,42,3,30,13,29,35,16,20,26,6,12,14,20,72,7,25,39,47,18,45,11,16,52,27,15,11,15,9,14,11,40,27,58,37,44,19,29,47,7,16,34,44,6,33,68,16,17,36,16,12,9,23,19,33,31,32,13,66,24,9,27,9,8,29,31,28,51,10,23,14,8,24,25,8,44,6,65,12,31,7,39,23,11,71,79,5,58,53,16,35,23,3,10,23,52,19,28,48,8,28,16,29,8,10,9,140,22,57,54,7,15,56,34,0,46,20,26,11,2,18,33,32,14,34,29,22,23,5,23,25,31,26,3,31,57,22,29,34,17,26,9,38,19,6,33,46,17,20,61,27,54,35,41,51,42,9,51,7,19,17,48,12,31,32,36,73,19,10,26,39,47,11,108,21,12,36,64,34,32,35,7,31,37,32,3,21,6,49,38,22,43,25,35,47,37,25,18,17,18,54,28,12,21,93,34,20,33,32,25,38,31,42,19,19,40,26,17,35,50,17,3,19,36,26,41,92,33,29,27,33,40,24,42,28,38,2,38,23,36,43,7,35,10,42,38,36,40,43,45,38,30,2,60,37,23,5,12,33,36,30,59,39,18,33,9,8,17,6,18,19,22,13,18,29,18,12,9,49,37,23,22,25,18,34,19,35,27,20,29,4,36,23,104,16,46,13,16,44,35,34,11,23,11,16,18,29,26,18,21,27,4,12,8,39,3,9,17,35,9,29,22,93,26,30,34,17,32,12
48,94,22,46,45,42,32,44,44,48,47,36,50,34,28,46,50,43,40,46,40,35,44,48,48,51,54,46,39,46,46,44,47,43,47,44,44,34,38,45,41,44,48,46,33,45,43,49,44,42,41,42,45,54,37,31,45,43,27,49,46,43,39,44,36,47,46,43,44,42,47,41,42,46,48,48,49,48,51,41,45,33,45,45,41,41,43,48,46,35,42,42,46,46,42,49,45,55,45,37,44,45,45,42,54,64,44,47,42,46,42,44,46,44,36,55,44,49,28,45,38,47,44,48,44,45,143,32,49,48,41,51,52,41,46,0,48,43,47,46,41,48,52,40,45,44,40,46,45,38,45,34,32,49,34,30,50,47,47,44,45,44,37,43,46,40,17,44,49,52,38,49,49,27,45,40,42,57,43,42,39,29,45,42,38,42,63,47,45,36,38,54,43,105,40,43,44,52,50,36,33,42,44,51,51,49,47,44,55,44,39,43,52,27,36,27,39,46,46,46,47,38,43,43,85,50,46,25,44,42,43,40,47,46,45,49,39,47,57,40,50,46,47,39,44,40,90,50,44,29,46,21,48,35,39,40,45,43,34,46,45,42,41,43,44,48,42,39,45,42,34,42,47,48,42,36,45,45,29,45,43,53,47,34,49,41,44,47,46,46,46,46,46,42,46,43,41,41,43,36,49,49,41,44,44,42,48,50,44,35,46,45,50,112,41,33,46,46,28,43,42,41,37,46,41,45,42,40,36,40,35,48,46,45,28,46,45,46,46,44,41,36,86,39,42,49,44,51,45
24,92,38,29,20,17,34,33,36,19,23,43,37,22,40,30,42,27,18,21,18,35,21,31,20,38,45,23,24,25,20,18,22,25,71,21,17,37,46,22,41,20,22,54,29,22,21,24,23,22,16,41,12,59,34,43,21,27,44,21,18,34,51,21,29,67,23,16,36,10,20,22,27,24,42,43,42,21,67,22,19,28,21,21,26,26,29,54,19,16,17,17,25,25,22,42,19,55,20,29,23,45,18,19,72,80,21,59,47,23,23,19,21,19,20,54,19,30,49,24,18,20,36,18,21,21,142,21,57,48,18,25,62,36,20,48,0,27,22,21,18,35,32,21,30,37,26,22,22,20,13,32,19,22,23,55,26,24,38,23,28,23,36,22,22,31,50,19,22,61,27,54,34,42,47,44,20,49,23,25,20,44,20,27,31,35,71,24,16,23,39,45,18,109,23,22,40,60,33,30,29,21,31,43,34,22,19,23,43,37,16,45,29,35,51,36,26,22,21,24,53,25,23,23,93,34,28,34,35,25,40,28,46,22,22,45,27,22,38,47,19,21,22,30,29,38,87,43,31,33,34,40,17,40,27,37,20,40,20,35,38,21,37,21,39,42,38,38,40,46,38,28,19,58,35,25,21,22,30,35,19,59,39,28,21,18,23,22,22,27,23,21,21,13,33,21,21,23,51,32,28,20,28,23,32,23,28,32,23,25,22,34,31,114,19,46,22,19,45,31,33,16,17,22,23,21,32,27,25,24,27,20,23,20,38,18,21,21,38,19,27,26,98,24,31,34,21,32,25
28,100,36,30,27,18,36,21,23,20,24,46,20,27,43,23,31,23,26,13,24,31,26,32,27,43,46,25,15,22,27,28,22,29,68,25,25,30,37,29,46,25,18,47,22,22,26,22,27,24,28,19,28,60,35,36,23,23,40,28,25,37,44,25,31,68,25,29,38,22,28,25,23,24,27,23,27,24,66,27,25,15,24,25,32,35,25,46,27,30,25,27,20,19,24,15,27,65,26,32,27,36,16,24,70,78,23,59,42,27,24,29,28,27,21,47,9,31,37,26,27,21,46,21,25,22,134,17,52,50,26,30,48,20,26,43,27,0,25,31,23,29,33,24,36,27,18,28,28,26,27,20,24,27,30,54,23,23,32,22,21,27,30,25,28,23,40,27,19,56,21,50,34,32,40,40,28,51,26,24,25,49,20,27,18,34,70,26,26,19,29,44,26,105,22,24,30,61,29,30,29,26,24,41,39,27,28,27,49,25,15,41,27,30,29,23,11,27,23,26,58,30,24,27,73,23,26,31,37,31,32,31,40,16,23,34,30,28,45,54,30,29,26,29,37,38,91,46,28,29,29,18,28,31,30,21,29,32,22,36,30,26,34,24,37,47,16,46,39,45,33,19,27,56,37,25,28,21,27,36,26,51,39,27,33,26,27,17,28,19,12,27,23,26,30,27,29,27,42,28,17,11,19,20,34,25,25,32,22,25,28,33,30,106,24,45,21,26,31,32,35,25,31,28,17,29,27,24,15,21,19,27,24,31,32,27,23,25,44,28,27,19,86,28,23,30,22,27,27
12,96,41,31,11,19,31,33,38,22,15,44,35,20,46,28,41,23,9,15,7,42,7,30,12,40,45,17,22,27,8,11,15,17,70,10,22,34,46,16,46,11,16,52,26,19,9,16,9,20,5,40,24,58,36,43,25,28,47,12,19,37,46,9,31,67,17,24,33,16,13,7,29,19,36,39,36,7,66,23,8,29,7,9,27,26,32,54,10,21,14,9,26,25,7,43,7,57,14,31,9,43,22,7,69,75,11,55,52,16,37,23,13,12,21,52,23,32,47,10,24,15,38,10,9,8,138,18,55,52,9,27,59,29,11,47,22,25,0,15,20,31,29,12,31,36,20,20,10,23,18,25,25,12,32,54,18,29,36,18,23,9,37,20,9,34,47,12,18,59,25,49,37,39,49,44,9,47,8,17,17,48,11,28,30,37,68,20,10,24,40,44,8,107,18,15,42,59,30,34,34,10,30,39,35,12,17,9,47,35,19,43,23,31,40,38,21,19,13,16,57,30,16,13,89,29,21,26,33,24,36,35,40,20,15,38,30,20,45,45,21,12,19,34,35,39,94,46,34,29,32,39,24,44,21,33,13,36,25,38,41,10,37,9,42,39,30,39,41,43,33,28,11,55,40,22,7,13,32,38,25,57,38,17,27,10,9,18,9,20,19,24,8,7,29,15,11,7,47,33,25,20,26,13,31,19,33,25,19,25,7,33,21,109,16,45,18,12,44,34,32,7,18,8,12,21,30,26,19,21,26,10,14,20,40,9,10,21,43,12,26,25,91,24,28,30,17,32,9
14,97,45,34,13,21,36,34,41,24,13,46,34,25,45,31,34,29,13,16,16,40,8,31,14,29,35,19,19,27,13,15,15,20,71,15,24,37,44,18,47,16,18,53,28,15,16,15,13,18,12,36,28,58,39,45,20,22,50,15,17,37,47,13,33,68,19,22,36,13,13,16,23,20,38,32,37,17,69,25,16,26,14,15,31,31,35,52,15,23,11,12,24,24,17,43,13,62,11,31,11,43,20,9,71,79,7,59,50,16,36,27,11,16,25,50,24,31,49,12,27,18,37,15,15,12,139,21,58,51,12,14,57,35,2,46,21,31,15,0,22,34,34,13,35,31,22,24,9,24,24,30,29,9,33,58,25,28,33,14,27,13,39,20,13,32,48,16,20,64,27,53,31,42,52,45,16,52,11,21,16,49,18,30,33,37,74,17,15,28,40,46,16,109,21,18,37,64,34,30,38,14,30,36,30,9,21,10,41,39,23,42,28,36,48,40,25,17,18,16,54,23,16,22,94,34,24,36,33,24,37,30,43,18,18,39,27,16,32,49,19,11,16,37,27,38,95,36,28,34,35,42,28,48,29,38,10,37,23,39,41,14,38,15,43,41,36,42,42,44,37,30,10,59,36,23,12,18,32,39,30,59,42,19,34,8,12,18,13,18,23,23,17,15,30,19,17,16,50,37,29,23,24,18,35,16,36,26,17,30,8,37,24,107,17,49,13,15,41,30,35,11,25,12,18,21,30,27,18,22,27,4,13,2,42,7,15,20,36,14,30,24,90,25,29,33,21,31,16
21,101,37,29,18,9,31,27,41,17,11,39,32,11,41,20,31,20,16,7,16,35,18,30,16,41,46,10,5,19,17,18,11,17,69,18,16,29,39,15,47,19,10,48,17,8,15,15,19,18,15,30,20,50,27,40,13,19,40,22,17,36,47,18,21,61,9,24,27,19,12,18,28,13,33,35,32,19,57,11,19,21,19,19,29,20,22,43,18,10,18,19,11,10,17,38,18,61,20,29,19,35,8,19,61,63,18,47,35,16,29,22,22,19,8,49,12,33,42,18,12,15,42,12,18,19,136,12,55,49,18,26,48,26,18,41,18,23,20,22,0,31,23,21,28,23,19,18,18,11,18,19,14,23,19,58,21,20,33,15,26,19,37,14,19,27,43,20,16,48,14,51,32,33,41,46,17,51,20,15,21,47,17,21,26,29,66,9,17,17,36,44,16,111,22,7,36,60,31,15,29,19,18,41,35,23,24,19,46,36,12,45,27,32,40,24,18,19,21,16,58,15,11,17,81,31,10,30,29,11,32,32,38,8,11,34,23,22,46,49,24,21,22,36,33,40,91,46,16,26,27,37,21,38,19,34,21,32,19,32,34,19,30,20,31,44,33,44,39,38,31,32,20,54,32,20,19,10,22,31,27,54,38,19,32,19,19,16,19,13,13,22,16,24,24,22,17,18,48,33,23,13,14,10,35,14,28,28,14,17,19,29,23,106,15,36,18,15,40,34,26,18,16,17,14,12,24,14,13,9,20,18,11,24,27,19,21,11,38,23,17,10,91,12,25,34,14,16,18
32,98,33,27,32,26,26,27,38,34,34,51,35,30,47,24,12,25,34,27,33,37,33,37,31,43,44,31,30,30,31,34,30,29,65,31,33,32,46,33,49,30,32,38,36,31,32,24,33,32,33,14,35,56,38,40,32,31,46,34,35,40,50,31,36,73,31,35,35,32,28,30,23,33,8,10,8,26,48,27,32,20,31,31,34,37,30,43,32,32,31,32,35,33,32,39,30,57,33,16,33,42,25,30,72,70,30,55,42,33,28,32,34,31,30,19,15,34,43,32,34,32,47,30,30,31,147,25,55,43,31,37,56,19,33,48,35,29,31,34,31,0,31,34,33,36,27,33,34,33,35,15,37,33,24,58,28,26,6,32,28,33,28,33,32,30,42,33,24,62,33,52,32,40,46,41,30,50,32,27,33,52,32,33,29,14,73,30,33,30,33,46,32,111,29,30,35,60,1,27,20,33,17,40,38,33,35,33,46,7,32,14,32,38,49,43,25,29,34,31,58,23,30,31,80,1,29,34,30,32,18,39,10,18,30,14,35,34,44,51,36,34,29,37,38,36,92,47,36,27,14,15,37,36,36,5,34,18,31,38,36,33,29,30,14,41,28,39,21,24,24,29,33,57,25,31,31,29,26,38,32,54,39,36,38,31,33,32,32,30,26,34,31,33,5,34,34,31,23,22,29,30,30,31,27,21,33,32,33,27,32,29,37,110,32,43,31,33,42,37,32,31,33,29,29,33,24,31,15,30,31,35,30,36,34,32,31,30,46,32,37,27,87,28,21,33,32,6,33
33,97,42,39,29,17,22,33,41,22,27,40,35,20,42,36,38,25,31,35,29,41,32,37,31,41,51,30,33,22,32,28,25,34,66,29,24,23,37,26,45,31,21,55,26,20,32,25,32,23,29,31,34,57,18,35,21,23,46,33,36,38,44,30,20,64,30,28,28,32,33,33,16,21,41,35,41,28,65,24,33,29,34,30,32,22,28,41,28,28,30,30,33,30,29,45,31,58,26,33,32,38,21,32,64,70,33,47,56,30,16,23,33,32,18,52,26,38,53,31,27,26,45,31,30,33,132,18,59,51,31,39,54,34,32,52,32,33,29,34,23,31,0,25,26,27,15,32,33,30,36,19,22,32,20,60,32,26,25,28,27,32,41,31,33,32,38,28,15,46,29,50,29,28,51,43,26,53,31,27,30,52,33,29,34,37,63,22,33,17,24,37,29,109,27,21,37,49,28,35,21,33,23,40,39,32,27,32,52,41,18,41,27,16,34,21,15,28,24,24,57,29,29,30,88,28,28,17,36,31,31,29,25,30,22,31,38,31,50,51,35,33,33,28,35,19,91,49,24,21,34,38,24,45,29,31,33,31,28,35,48,33,17,29,32,46,32,34,38,42,32,27,33,57,29,26,31,30,19,29,27,57,44,34,32,28,32,20,33,26,16,29,32,33,29,27,33,31,45,27,31,27,16,32,13,30,20,37,30,26,33,33,37,111,32,27,32,35,35,18,33,30,28,30,26,32,32,34,25,21,31,29,19,35,29,33,32,18,39,32,34,23,86,31,30,32,20,33,30
15,97,40,29,8,18,39,34,38,20,16,49,35,18,45,31,43,24,8,21,7,36,13,30,12,38,45,16,15,25,13,8,15,20,69,11,22,38,48,14,46,14,14,48,19,15,11,16,14,17,15,40,22,55,32,43,26,24,46,13,16,35,48,13,29,67,17,16,33,10,12,9,25,19,39,41,39,12,67,18,12,26,17,11,29,25,27,50,14,17,10,14,19,20,9,40,13,61,6,33,14,42,22,16,72,73,12,47,46,16,31,25,15,10,17,52,20,34,47,13,27,12,36,9,13,15,138,17,57,51,10,19,57,26,14,40,21,24,12,13,21,34,25,0,28,30,19,23,13,17,18,29,23,14,24,57,18,28,37,18,22,14,33,22,14,31,46,11,18,57,22,52,37,43,45,47,11,53,13,20,14,51,14,31,28,32,69,15,11,25,38,42,17,110,19,12,43,54,33,29,31,14,31,36,38,14,22,14,47,27,15,42,23,36,50,34,21,16,16,16,49,25,17,17,92,33,20,26,32,19,37,24,44,20,15,44,33,13,45,48,19,13,22,34,31,41,91,44,33,31,33,40,18,39,22,27,14,37,21,34,36,14,38,12,39,40,35,40,37,45,29,24,15,56,32,22,13,14,30,35,30,60,39,18,27,7,14,18,14,17,18,19,12,17,30,11,10,12,49,33,28,18,21,18,29,19,35,31,14,25,14,31,25,110,17,43,17,13,42,32,31,10,20,10,17,17,32,25,19,21,21,10,13,19,38,12,12,20,44,14,23,27,94,19,27,31,17,26,15
33,94,46,40,30,25,22,32,31,29,30,15,33,21,39,31,36,19,33,28,27,32,35,38,31,45,50,29,30,26,31,29,26,33,70,33,28,39,48,29,46,33,29,51,23,33,32,30,32,26,30,37,32,59,31,39,15,22,37,36,32,39,40,33,34,67,29,18,27,33,31,30,20,31,33,33,32,33,64,19,35,22,32,29,26,26,22,34,31,24,36,31,29,29,33,39,28,55,21,29,32,35,19,27,68,68,30,51,41,34,22,31,36,33,25,51,21,35,46,31,31,31,44,29,32,32,139,24,46,52,30,39,53,16,34,45,30,36,31,35,28,33,26,28,0,33,15,30,33,18,31,18,20,35,34,60,23,13,33,21,33,32,37,28,33,26,42,33,29,54,33,44,36,36,46,35,29,41,31,16,28,39,31,28,32,33,69,27,32,15,32,46,24,110,24,22,43,57,32,33,24,32,20,42,37,35,16,32,49,33,27,40,24,24,48,23,23,27,23,30,57,19,31,37,85,34,27,24,34,18,46,30,43,26,29,40,27,18,45,44,38,36,31,18,30,38,84,45,15,22,33,40,21,44,33,33,36,46,21,19,37,32,41,31,34,35,20,39,40,34,37,29,35,57,9,18,31,31,15,20,30,62,13,29,24,27,32,25,33,17,20,35,28,26,30,18,22,31,49,33,34,24,23,24,17,26,33,31,34,24,33,24,27,112,32,45,30,33,39,24,6,25,29,34,23,21,31,24,26,26,32,32,29,34,30,32,33,17,39,30,20,22,86,22,30,36,16,23,34
34,101,43,34,31,18,42,21,34,27,28,42,32,32,38,33,18,35,34,17,30,28,26,39,34,39,47,25,23,17,32,36,30,32,67,34,35,34,43,29,49,31,24,35,38,30,32,25,33,29,36,19,33,57,35,42,28,19,47,33,33,44,49,33,32,72,25,32,42,27,31,34,26,30,14,16,14,31,56,23,34,16,30,34,31,34,21,50,34,31,31,29,26,18,32,35,31,62,32,19,31,37,18,30,70,77,29,57,45,32,32,25,30,30,23,23,18,29,50,30,29,28,39,32,32,29,146,19,59,43,34,34,60,20,29,44,37,27,36,31,23,36,27,30,33,0,33,24,31,32,34,26,29,30,30,59,21,25,15,25,32,33,36,30,31,40,45,31,29,65,38,50,30,43,54,44,32,49,31,27,31,46,32,40,30,20,79,30,34,35,42,46,27,113,35,30,34,70,20,32,38,29,19,38,36,30,35,30,47,13,20,29,33,32,55,38,33,29,36,34,65,31,32,31,71,20,36,36,27,35,17,43,33,29,27,28,35,32,44,59,37,29,36,35,31,38,98,48,30,36,19,23,32,38,32,15,29,17,32,34,36,29,40,34,38,45,22,46,34,40,34,28,32,60,40,27,30,22,34,34,33,57,26,30,36,33,32,27,31,18,34,36,31,26,10,34,33,32,33,26,30,34,27,20,36,30,28,34,29,34,30,28,34,114,28,42,22,31,48,35,37,34,31,25,18,30,31,29,30,20,36,31,25,32,36,27,28,29,42,34,29,15,97,27,31,32,25,15,32
21,89,41,30,20,14,36,35,36,14,22,38,34,14,42,21,37,21,20,5,19,32,19,29,19,40,45,15,9,16,17,21,12,20,67,18,17,34,48,15,47,20,14,49,19,17,20,21,20,14,20,38,21,57,32,31,7,12,39,23,18,33,45,18,25,64,15,15,33,11,19,18,15,13,33,35,33,17,61,5,17,23,18,17,27,22,29,44,16,16,19,18,15,15,19,40,16,61,16,24,20,42,9,15,64,73,18,52,40,18,27,10,23,19,11,50,15,27,40,19,12,17,38,20,18,16,137,19,54,46,17,25,60,30,22,40,26,18,20,22,19,27,15,19,15,33,0,15,21,13,24,29,17,22,13,56,22,13,34,4,25,20,36,9,21,24,45,17,6,56,10,51,32,37,46,44,16,45,19,3,12,44,19,22,33,37,68,11,18,11,34,38,18,106,16,9,35,56,30,35,26,21,23,39,34,22,17,20,46,37,5,38,28,37,34,37,3,19,21,21,57,11,11,20,86,31,6,25,33,5,38,26,38,13,13,36,23,17,43,48,22,21,16,32,33,32,93,41,19,31,30,34,21,40,26,36,21,38,12,33,36,21,20,20,43,45,36,40,42,37,33,27,22,56,21,16,18,12,17,33,29,57,32,15,31,18,20,13,21,20,9,21,20,20,24,17,15,18,47,34,23,14,14,14,16,15,22,24,14,17,21,34,18,106,11,43,20,22,40,22,17,22,19,20,4,16,25,18,15,3,23,23,11,19,28,19,20,8,40,20,23,15,92,15,24,31,3,29,21
19,102,44,35,22,19,40,29,41,24,16,49,36,12,44,28,44,20,21,21,20,41,21,28,20,37,48,23,20,29,23,23,16,21,71,20,26,31,47,21,50,22,22,57,20,20,19,16,18,8,17,45,27,56,34,44,24,25,52,23,18,40,51,20,25,70,23,24,31,19,22,21,25,25,41,40,41,18,59,14,20,32,22,20,22,24,36,56,21,14,19,22,27,27,17,37,23,67,22,35,18,45,27,23,72,73,21,51,54,19,36,28,23,20,21,53,26,34,49,20,27,22,43,22,19,19,144,20,60,55,20,22,61,34,23,46,22,28,20,24,18,33,32,23,30,24,15,0,18,22,26,30,28,22,27,57,25,24,39,16,30,18,37,16,21,33,45,22,15,57,26,53,40,36,47,51,24,47,18,12,15,49,23,28,31,39,75,14,19,18,42,47,15,113,14,14,42,62,33,39,36,20,31,42,40,22,26,18,51,39,23,47,30,40,43,42,21,25,16,13,60,27,10,20,93,33,20,34,35,13,38,37,41,15,18,43,28,26,48,51,22,23,22,37,34,42,97,47,31,34,29,41,30,42,20,37,23,38,19,40,38,20,36,20,47,43,29,44,40,47,41,33,22,63,38,22,20,15,32,40,33,55,34,25,30,23,18,21,21,12,16,26,21,17,27,19,19,22,50,40,29,19,24,14,35,21,30,30,14,20,21,33,22,114,21,46,19,22,47,34,32,23,23,19,16,20,28,22,16,23,22,20,16,20,43,18,18,20,39,22,29,24,96,19,23,34,21,27,17
10,98,45,37,7,20,39,35,38,25,14,46,33,25,43,31,35,29,12,17,12,43,7,29,16,37,40,17,18,25,7,13,15,20,70,11,23,36,51,16,45,6,17,49,28,15,12,15,5,16,12,40,25,58,38,44,21,26,49,9,20,36,46,10,32,70,17,18,37,14,13,12,29,23,33,31,32,13,67,24,13,27,6,11,30,28,30,55,9,24,12,7,26,23,7,42,7,63,13,31,3,41,27,16,72,78,8,55,53,14,35,24,7,7,23,51,21,31,48,4,28,18,37,10,11,7,137,20,57,54,4,18,58,36,5,45,22,28,10,9,18,34,33,13,33,31,21,18,0,23,27,31,26,4,30,57,22,29,36,17,26,5,41,19,12,34,46,15,19,61,27,52,32,41,51,44,11,49,4,18,16,48,11,29,34,39,69,18,10,25,39,46,12,108,21,15,36,60,34,30,35,9,28,36,34,4,26,2,45,37,20,46,25,35,46,38,23,26,18,16,55,28,14,22,93,34,22,35,34,24,37,35,42,17,19,40,29,18,40,48,22,7,19,38,27,39,94,39,28,31,34,41,25,45,25,37,7,37,26,38,44,9,37,11,42,40,36,41,42,43,38,30,3,58,37,26,11,14,33,38,29,59,37,20,34,13,4,19,12,17,21,24,13,16,29,16,12,11,49,39,28,21,26,18,33,17,35,28,19,30,10,36,25,107,16,48,15,14,42,33,33,12,21,11,17,18,30,24,18,21,29,7,13,9,40,4,6,17,38,13,29,25,91,25,28,32,18,31,12
23,98,42,30,19,10,32,31,39,19,18,49,31,4,39,23,41,14,18,15,21,36,21,26,15,37,46,13,11,16,22,22,14,20,67,22,17,25,48,14,42,23,19,45,15,11,17,17,25,17,21,37,22,57,21,38,18,20,49,25,18,41,46,22,14,64,14,18,22,18,19,20,23,18,37,43,37,21,59,5,23,16,18,21,26,14,34,40,23,7,24,21,12,13,21,40,22,63,16,31,25,39,16,20,62,67,20,46,47,20,15,19,24,19,5,50,19,35,46,24,7,21,32,13,23,20,136,9,56,55,19,26,55,26,23,38,20,26,23,24,11,33,30,17,18,32,13,22,23,0,23,15,4,24,14,56,24,19,35,15,18,25,33,13,23,16,43,20,16,50,9,51,35,37,31,41,20,47,25,12,18,50,21,23,28,40,66,18,20,7,28,45,20,109,14,17,35,51,30,30,21,21,26,37,36,24,24,22,48,29,12,43,30,25,29,28,14,25,21,17,50,23,20,17,90,33,15,19,36,7,31,33,41,14,13,36,18,18,46,48,25,25,21,36,29,21,96,45,19,25,26,30,17,38,14,26,25,31,16,35,23,21,17,22,43,45,35,40,37,42,39,18,23,57,20,13,20,17,14,35,28,55,37,21,32,22,22,10,23,15,14,18,16,25,31,22,16,19,48,31,24,15,16,12,34,14,22,25,15,16,23,33,21,112,17,39,18,13,42,31,15,24,15,22,6,16,25,16,10,14,10,20,15,26,23,23,23,7,34,21,10,21,94,3,18,35,13,33,22
25,94,40,28,20,21,42,36,39,23,27,42,35,22,45,33,43,24,21,19,16,39,24,24,17,40,46,26,17,28,18,19,26,25,65,23,22,33,39,23,37,19,23,52,23,17,20,22,25,22,20,39,14,58,33,39,19,28,42,21,21,30,49,23,27,67,26,18,34,23,17,22,27,20,41,43,41,22,68,19,22,32,23,21,28,25,31,53,19,24,19,22,16,17,16,42,17,57,21,27,25,43,19,20,72,77,22,63,52,24,23,18,21,22,25,50,18,35,49,25,26,21,45,20,25,23,136,23,57,50,23,25,58,29,25,45,13,27,18,24,18,35,36,18,31,34,24,26,27,23,0,27,25,22,32,59,18,27,40,24,24,25,38,24,22,31,43,16,24,65,25,56,40,44,46,41,14,47,24,23,22,54,22,29,29,31,70,25,21,25,41,46,29,109,25,23,41,60,34,35,32,24,32,35,35,22,21,25,44,37,26,47,29,36,50,34,25,14,22,25,58,30,25,20,93,36,24,25,31,22,43,27,44,22,26,42,30,18,42,47,19,24,22,32,35,38,91,40,28,37,33,39,22,42,25,37,24,43,27,27,35,24,34,22,39,41,35,40,43,42,31,31,24,58,36,28,23,25,32,27,21,59,38,21,30,16,25,22,22,22,24,21,20,24,33,21,20,21,52,36,27,23,23,24,33,22,33,24,22,27,22,35,26,110,19,43,27,20,43,30,35,18,20,21,27,25,35,25,27,23,27,24,25,25,39,24,23,24,40,23,33,21,90,29,30,25,25,31,24
31,93,21,27,24,20,21,21,28,27,25,40,32,18,36,16,27,16,28,18,29,34,30,29,26,36,37,18,16,18,27,26,23,26,63,28,33,25,41,22,41,28,22,46,15,20,28,28,30,27,23,21,30,50,23,46,19,34,38,28,24,37,46,28,19,66,19,23,29,19,22,27,11,22,22,29,23,25,62,12,27,10,25,29,27,22,21,47,22,12,26,28,29,30,26,29,26,56,23,23,30,43,13,27,64,72,29,45,39,24,24,24,31,27,13,46,11,31,46,29,27,24,42,20,28,27,140,11,57,44,27,31,49,18,31,34,32,20,25,30,19,15,19,29,18,26,29,30,31,15,27,0,15,30,13,51,18,17,20,23,23,30,37,18,29,24,30,24,28,55,16,49,30,35,45,32,23,48,30,19,26,37,29,21,31,31,68,16,25,16,36,41,26,108,27,22,40,50,25,23,12,30,15,41,40,30,27,30,44,21,20,35,24,16,45,16,22,21,26,28,59,9,29,28,85,20,27,14,24,13,31,26,31,27,24,32,21,25,44,44,32,29,27,33,26,39,78,39,18,16,26,23,17,44,15,21,29,31,14,24,36,30,32,29,29,41,19,30,29,38,18,15,30,56,25,28,24,31,25,24,35,52,28,30,31,22,30,30,29,17,27,24,28,25,22,23,23,29,49,35,28,21,13,25,13,25,24,35,31,14,29,35,33,112,16,34,26,25,31,26,13,19,20,24,24,13,24,25,25,27,31,32,27,29,23,29,30,19,36,29,18,12,92,17,24,28,25,20,31
27,95,46,34,22,19,31,30,44,26,17,50,33,14,45,26,41,14,20,15,26,39,28,26,19,42,48,20,22,15,21,22,17,20,67,24,25,30,48,26,42,24,13,41,12,13,23,21,25,21,20,36,25,39,26,22,18,13,45,31,23,37,48,24,9,54,20,22,25,27,16,25,17,28,39,42,40,25,49,9,25,17,22,22,19,13,27,51,24,16,22,25,20,23,21,42,24,62,21,32,25,39,14,20,56,59,24,53,50,24,19,17,29,25,11,50,13,34,47,24,14,19,41,22,28,25,130,13,54,46,25,30,53,28,26,32,19,24,25,29,14,37,22,23,20,29,17,28,26,4,25,15,0,30,19,59,24,23,37,21,21,25,30,16,26,21,46,22,21,58,17,54,34,38,39,42,19,56,24,10,16,45,23,12,30,39,61,20,22,12,30,41,26,110,22,21,44,56,35,34,20,24,21,43,39,30,30,25,48,31,8,42,29,32,21,22,17,25,28,20,50,17,17,22,91,35,16,24,36,9,31,32,43,18,11,41,18,20,47,49,30,31,27,32,26,32,94,45,16,24,28,21,24,37,8,27,31,31,9,43,19,24,21,27,40,45,37,43,41,47,40,27,30,61,26,20,22,24,18,32,24,55,39,23,26,23,25,17,26,23,13,18,20,27,31,23,21,28,50,33,23,18,13,20,35,19,19,27,16,6,26,32,29,113,25,42,20,13,43,24,15,28,17,21,19,24,23,13,18,22,9,23,15,28,24,27,24,15,41,22,16,13,94,19,16,32,17,34,28
10,98,43,31,4,21,41,34,35,24,12,42,35,24,44,31,35,27,13,16,13,42,4,29,14,34,42,16,16,24,5,17,15,20,71,8,24,38,46,17,45,7,14,54,28,15,9,17,7,17,14,37,27,61,39,43,23,27,46,7,16,34,44,5,32,67,15,15,39,14,13,7,31,22,31,33,32,13,66,23,11,25,6,5,31,27,30,55,10,24,14,3,24,22,6,42,5,62,11,30,5,40,25,11,70,79,2,57,52,15,35,26,4,5,23,48,21,33,47,6,27,13,31,8,7,4,139,21,56,53,6,16,58,36,3,49,22,27,12,9,23,33,32,14,35,30,22,22,4,24,22,30,30,0,31,58,20,25,36,18,28,7,38,21,5,31,47,17,19,60,28,53,34,42,52,42,15,50,4,19,15,46,10,29,31,38,72,20,10,26,40,46,14,108,20,14,35,63,33,33,36,9,32,37,33,0,21,4,41,37,21,43,25,35,44,38,23,24,17,17,56,28,13,21,93,33,21,34,34,25,37,35,41,18,17,41,28,15,42,49,18,4,20,35,28,41,91,35,35,28,34,39,26,43,28,37,5,37,24,39,43,9,38,7,43,37,37,42,42,44,34,31,1,59,39,23,4,14,29,39,29,59,38,20,33,15,6,16,5,17,21,23,12,17,29,16,13,9,48,37,27,19,27,19,35,18,34,27,19,30,3,35,22,104,16,44,11,19,41,34,36,13,26,9,17,18,29,27,19,19,28,9,13,11,38,2,8,18,37,6,28,22,93,26,26,33,16,31,10
31,96,42,33,29,15,28,30,40,30,27,44,28,14,36,30,46,17,25,25,35,43,22,33,25,38,37,16,20,27,31,33,23,28,73,31,32,35,48,24,41,26,25,49,18,22,27,23,30,19,31,46,23,57,22,28,29,31,45,31,26,43,49,31,23,69,15,29,40,28,24,30,18,29,41,42,41,23,65,12,32,33,27,30,29,22,30,47,31,11,27,30,28,28,29,42,30,65,31,33,30,41,22,28,67,63,29,51,50,26,17,5,30,29,13,45,31,34,51,31,14,28,33,28,29,29,136,23,54,50,31,28,56,37,31,34,23,30,32,33,19,24,20,24,34,30,13,27,30,14,32,13,19,31,0,55,33,14,40,24,26,30,42,17,32,23,45,29,12,58,13,55,34,41,46,43,27,51,32,25,28,43,28,26,32,39,67,16,28,9,42,48,34,113,25,23,38,62,27,30,20,28,27,35,31,31,25,30,41,34,24,49,29,27,44,24,21,29,31,24,49,19,25,26,94,28,25,31,30,14,22,35,33,24,19,33,23,24,39,48,30,28,30,27,33,37,88,41,32,23,27,37,25,45,11,31,28,22,18,38,26,28,27,30,44,39,42,41,43,45,25,20,31,60,21,30,30,22,25,39,33,63,40,27,28,24,30,19,32,20,13,29,22,35,28,29,31,29,50,35,27,19,23,20,13,20,22,35,19,21,30,36,39,107,30,41,26,23,32,25,17,32,27,28,26,16,30,30,19,24,28,25,22,30,36,29,25,24,41,31,5,26,90,20,32,38,26,33,28
57,96,46,40,58,56,56,58,63,53,55,62,53,59,46,52,61,51,52,54,55,56,54,61,56,63,67,56,56,54,56,57,53,55,55,54,46,48,53,56,60,54,54,51,57,55,57,56,56,55,54,55,60,57,59,52,55,53,62,57,57,54,43,54,56,62,56,60,58,53,55,54,54,47,54,59,55,54,63,59,56,55,54,55,58,60,51,56,53,56,54,55,56,58,56,60,53,50,57,54,56,50,52,54,56,64,56,54,52,56,61,58,57,54,58,65,53,42,58,55,58,55,60,55,56,54,134,52,53,50,54,60,57,55,57,30,55,54,54,58,58,58,60,57,60,59,56,57,57,56,59,51,59,58,55,0,55,54,55,57,54,56,51,56,57,59,17,55,53,52,58,14,55,56,52,55,56,57,56,54,56,38,55,57,58,58,74,57,52,58,55,59,56,107,55,54,58,67,56,52,55,54,57,56,54,58,56,56,64,58,55,54,60,49,53,58,57,54,51,56,51,58,55,58,84,58,54,48,61,57,59,50,57,56,55,57,59,57,59,58,60,57,51,49,56,54,89,62,56,47,53,39,57,48,54,59,57,59,57,59,47,54,50,53,59,51,55,62,56,49,56,57,56,44,57,59,57,55,55,54,59,60,56,60,57,54,56,55,57,57,57,58,53,54,56,58,55,52,61,49,53,58,53,55,57,56,52,54,61,58,53,49,57,109,53,56,56,57,48,61,60,51,58,55,54,57,56,50,56,53,54,60,55,57,47,55,55,58,55,53,55,58,88,57,54,59,56,57,56
24,97,40,32,24,19,25,31,44,16,21,44,28,25,39,29,36,22,24,20,14,35,25,31,24,36,41,21,20,27,24,21,20,23,62,23,21,27,42,26,47,16,17,50,25,18,24,19,23,24,20,40,23,62,37,43,17,26,46,22,15,27,30,22,33,69,20,16,37,15,24,21,21,18,30,35,31,20,69,28,24,23,25,23,20,28,28,55,24,26,16,24,22,22,23,43,24,65,16,23,22,38,23,17,71,78,21,59,54,25,36,22,23,22,22,53,24,29,49,23,27,14,41,27,23,21,142,15,55,50,24,30,60,31,22,50,26,23,18,25,21,28,32,18,23,21,22,25,22,24,18,18,24,20,33,55,0,28,34,24,24,23,36,24,24,34,37,13,24,66,26,48,34,39,49,45,20,37,19,22,26,46,23,30,25,39,74,22,22,21,39,47,11,105,26,22,41,65,34,25,28,22,32,38,33,20,13,22,48,31,24,44,12,29,46,28,22,10,7,24,52,27,25,23,92,32,17,27,25,26,38,25,40,24,18,39,27,16,46,50,21,23,14,20,28,39,94,46,22,28,30,38,13,40,32,37,24,38,22,28,40,22,35,22,38,40,34,40,42,42,31,26,19,56,28,25,23,22,36,29,18,57,24,13,22,20,22,25,24,24,25,9,24,11,30,17,20,25,51,36,23,21,26,15,28,24,32,13,19,31,23,26,15,110,9,41,23,23,35,32,32,19,25,16,20,20,24,22,26,25,30,22,19,25,40,18,23,20,43,25,30,13,88,26,23,11,20,31,26
28,97,44,32,27,6,28,24,38,27,25,27,32,12,39,27,46,13,27,26,25,37,28,28,28,41,47,27,23,24,26,24,23,24,69,26,26,30,44,16,44,27,24,51,23,28,27,19,28,12,24,36,19,56,23,47,15,20,38,29,27,33,41,26,15,67,27,32,33,27,26,25,10,22,37,38,37,25,57,13,25,12,27,27,25,23,17,50,30,10,29,28,26,26,25,31,26,57,26,28,28,42,17,30,66,66,27,47,47,26,18,23,27,28,11,41,14,30,41,27,16,26,42,30,26,27,137,20,56,44,25,34,52,31,29,47,24,23,29,28,20,26,26,28,13,25,13,24,29,19,27,17,23,25,14,54,28,0,34,12,24,28,33,16,27,27,51,22,16,54,14,52,33,32,48,36,23,48,28,12,25,44,26,21,24,30,63,10,27,9,19,38,29,107,15,23,34,59,25,32,15,28,22,43,38,25,32,28,47,36,19,38,25,35,45,37,21,19,29,22,58,5,25,26,81,24,17,21,32,11,32,22,34,12,17,32,31,33,43,49,29,25,29,36,35,24,89,47,21,15,24,34,23,41,23,37,25,32,15,22,44,28,21,27,43,43,30,40,30,46,23,29,29,61,24,23,26,20,4,22,30,54,27,28,32,26,28,10,27,11,8,24,26,29,24,26,26,25,44,32,19,9,14,14,20,12,32,33,19,14,27,30,29,103,23,44,24,29,40,20,17,25,21,29,21,15,27,27,11,22,16,29,29,25,39,27,25,12,44,25,15,12,85,16,21,34,22,19,29
36,102,32,31,37,19,28,30,36,32,31,44,31,37,39,26,9,27,36,32,36,34,36,45,32,37,36,34,26,25,35,36,35,33,70,31,30,38,45,34,49,35,29,29,39,28,35,33,35,35,37,13,34,52,41,46,26,26,42,38,37,38,46,31,33,61,34,33,38,35,35,31,23,29,8,13,7,30,58,30,36,27,35,32,31,35,27,47,36,34,34,34,35,30,33,46,34,53,32,19,35,30,27,34,59,77,34,59,40,37,33,34,37,34,37,21,17,36,40,32,37,31,49,35,33,34,145,26,47,45,31,39,60,30,34,47,38,32,36,33,33,6,25,37,33,15,34,39,36,35,40,20,37,36,40,55,34,34,0,34,34,35,33,39,32,39,44,33,27,62,32,46,37,40,51,27,35,56,36,33,29,47,34,37,28,10,77,27,35,37,42,46,35,99,32,33,32,60,7,23,26,35,27,37,37,36,38,33,45,7,27,10,38,39,47,29,25,34,29,35,55,36,27,36,67,7,31,33,30,27,11,32,24,33,28,22,36,35,44,51,41,37,34,33,35,37,89,44,35,34,11,32,39,39,31,7,37,11,35,41,37,35,31,34,11,43,22,39,21,25,32,37,37,57,34,34,32,30,28,41,40,55,32,31,36,33,33,31,32,32,30,34,29,35,10,38,37,35,31,28,33,34,27,34,21,33,22,36,39,39,32,37,40,110,34,45,37,39,44,37,40,35,31,33,32,38,29,36,31,37,36,40,30,38,31,36,36,30,43,36,40,32,91,33,31,36,31,21,35
19,91,41,35,16,18,39,31,30,21,15,43,28,9,37,28,39,15,19,16,16,34,16,33,15,36,44,18,16,11,19,21,15,19,69,19,26,32,47,8,48,18,14,52,21,13,17,15,18,6,22,38,28,60,21,40,13,17,43,21,19,37,47,19,22,67,18,24,31,19,17,19,21,18,33,35,33,15,55,9,18,29,18,19,26,19,32,49,18,9,17,15,10,14,19,40,19,63,19,25,17,41,11,17,64,71,15,42,47,14,21,24,16,19,8,48,18,30,48,16,22,17,36,15,16,15,137,19,57,54,18,22,58,29,17,44,23,22,18,14,15,32,28,18,21,25,4,16,17,15,24,23,21,18,24,57,24,12,34,0,24,18,36,4,19,32,42,14,10,58,13,52,29,39,44,40,20,51,16,1,12,50,17,23,27,33,65,5,19,8,36,41,19,107,9,11,28,61,30,34,29,16,27,38,36,18,24,17,45,33,6,44,30,33,43,34,6,25,16,15,55,22,14,15,83,30,13,34,38,5,22,36,41,13,12,39,24,26,43,50,22,16,20,34,33,33,94,41,18,31,25,41,24,38,14,34,16,22,19,39,38,16,23,18,41,45,32,41,36,43,36,28,16,58,30,14,18,10,16,39,29,58,34,24,36,21,17,8,19,10,4,21,18,20,22,21,21,20,47,32,22,22,25,18,21,1,29,28,13,19,18,35,21,111,19,45,12,18,44,29,26,21,12,13,5,10,22,16,6,18,29,16,11,15,27,15,18,10,39,19,25,21,94,5,28,32,2,29,16
27,89,40,31,23,24,33,32,37,24,24,42,29,21,37,28,36,27,22,20,23,38,25,26,25,41,47,23,20,26,25,24,24,27,67,23,25,25,40,28,45,25,21,48,23,24,23,22,25,26,25,34,28,51,33,39,24,26,43,27,20,25,32,23,26,64,24,18,24,22,26,26,20,22,29,32,29,24,63,20,23,16,23,27,29,19,25,48,24,25,19,24,21,21,23,43,27,61,24,30,25,36,21,21,67,70,26,57,39,29,31,31,29,21,19,51,23,21,46,24,23,20,34,21,23,26,143,24,56,45,25,31,56,26,26,45,28,21,23,27,26,28,27,22,33,32,25,30,26,18,24,23,21,28,26,54,24,24,34,24,0,25,27,27,24,27,44,19,25,59,20,50,32,39,39,38,19,49,27,26,26,42,26,24,31,33,65,24,23,19,35,44,24,106,27,25,40,58,30,31,22,25,24,39,33,26,25,25,44,32,19,43,28,32,43,31,24,19,24,24,41,23,25,22,88,31,22,29,29,23,38,27,38,24,26,40,29,23,43,41,25,25,23,29,33,38,90,43,30,30,28,36,20,43,21,29,24,38,22,30,34,25,34,26,35,44,35,36,44,41,33,21,27,57,36,22,26,23,25,30,20,57,42,20,25,23,25,24,24,27,26,22,25,26,28,22,20,27,45,26,25,22,22,21,27,26,31,30,21,22,24,31,25,108,26,42,29,23,39,29,26,25,19,23,24,29,30,23,27,24,21,26,25,24,35,24,23,27,37,26,25,26,86,21,28,27,23,30,25
8,97,44,36,9,19,38,35,40,24,14,45,32,25,44,30,39,28,11,16,13,42,11,28,15,39,44,16,18,24,8,14,15,20,69,9,22,35,50,16,44,8,14,50,27,14,7,16,3,18,13,39,26,57,37,44,26,27,48,9,19,35,45,9,31,69,16,23,37,13,12,4,30,22,34,35,33,13,65,24,10,26,7,9,28,27,31,54,10,24,13,7,25,22,9,42,8,62,13,29,3,42,24,15,71,77,7,54,52,16,34,26,9,7,22,50,22,35,47,4,27,15,41,9,9,8,136,19,56,53,11,22,57,35,9,44,23,27,9,13,19,33,32,14,32,33,20,18,5,25,25,30,25,7,30,56,23,28,35,18,25,0,39,20,5,35,47,14,18,61,26,51,37,41,51,43,10,50,4,18,18,47,11,28,33,38,68,18,11,24,38,46,11,109,20,14,41,59,33,32,34,11,27,40,36,7,25,3,48,37,19,43,26,34,46,38,22,25,17,16,54,28,14,23,93,33,22,32,35,24,38,33,43,18,16,41,30,23,42,48,24,9,22,37,29,40,93,45,34,32,33,40,24,45,25,37,9,38,27,37,44,11,36,9,41,39,33,40,41,45,37,31,7,57,36,25,5,13,32,37,28,58,40,19,33,12,3,18,5,18,20,23,13,15,29,17,11,12,48,38,27,20,27,17,32,18,34,27,19,29,5,35,24,109,17,47,17,15,41,32,32,13,22,11,18,20,29,27,18,22,29,16,13,11,39,7,7,18,40,4,30,24,92,25,27,33,18,31,6
39,96,21,22,38,36,32,35,38,34,35,50,40,33,44,38,32,33,35,35,36,7,36,40,34,42,45,34,33,29,38,38,34,37,65,36,39,27,41,34,52,38,33,44,35,29,35,37,39,39,32,21,37,50,36,38,33,33,29,40,35,36,47,36,39,59,35,37,34,36,36,37,37,36,32,34,32,37,68,34,36,34,35,36,38,39,35,50,37,35,39,35,33,36,34,39,34,63,36,35,39,28,30,34,63,72,36,58,50,36,37,38,40,34,33,49,34,40,51,37,35,35,44,35,36,36,150,36,54,46,38,40,60,32,38,37,36,30,37,39,37,28,41,33,37,36,36,37,41,33,38,37,30,38,42,51,36,33,33,36,27,39,0,33,38,30,29,35,33,62,30,54,12,34,37,38,34,52,39,35,37,50,36,33,30,34,72,38,39,24,39,40,34,109,35,36,22,55,33,36,36,39,35,42,39,40,37,39,49,33,28,45,42,27,42,34,39,32,31,35,60,38,36,39,75,35,31,30,34,29,29,34,40,29,36,31,36,38,46,56,43,40,35,32,35,38,93,40,34,34,38,34,36,9,28,33,40,29,31,38,4,39,21,37,32,45,35,38,32,43,30,23,38,60,35,35,39,32,34,40,45,46,45,34,39,32,39,30,38,32,40,33,34,33,24,36,36,35,46,7,31,33,34,39,37,37,32,37,37,31,38,41,41,117,32,47,36,40,34,36,35,37,30,37,31,38,36,31,35,32,23,39,39,40,41,37,39,26,40,37,36,32,93,34,26,36,31,33,37
21,92,40,36,20,21,34,32,35,21,20,46,33,9,32,29,41,24,22,18,18,31,12,31,17,35,42,16,15,14,21,23,13,20,70,21,21,35,51,16,50,19,22,55,22,17,19,8,20,12,22,43,28,61,21,37,12,18,44,21,19,40,48,21,23,65,16,22,31,20,19,20,26,16,35,37,35,17,56,19,22,26,20,21,25,20,37,50,21,10,23,19,21,21,21,36,21,66,22,28,19,41,25,20,66,72,19,52,48,17,31,16,21,19,13,49,21,30,51,18,19,22,37,20,20,17,136,18,52,55,20,24,65,34,19,43,22,25,20,20,14,33,31,22,28,30,9,16,19,13,24,18,16,21,17,56,24,16,39,4,27,20,33,0,21,34,45,20,6,51,27,53,31,34,49,46,22,52,19,5,14,50,19,26,25,34,71,14,19,16,39,43,19,107,17,13,36,60,31,32,32,17,24,37,34,21,23,19,38,29,11,45,31,36,39,32,15,26,19,12,56,26,18,18,87,30,18,31,33,10,32,37,42,11,12,39,18,22,43,52,16,17,18,37,34,35,95,39,25,32,28,38,25,36,22,37,17,32,20,41,33,17,26,21,37,42,30,42,37,43,37,28,19,58,31,16,20,18,23,41,29,57,36,24,36,22,19,14,21,13,8,22,14,22,23,19,21,19,48,29,20,21,17,10,23,5,28,32,19,21,20,35,21,111,20,46,13,23,39,30,27,21,19,16,13,6,21,14,6,19,26,19,9,18,34,17,16,17,36,21,21,14,94,8,29,34,17,27,19
8,96,39,32,4,20,35,33,32,21,12,46,33,23,45,28,36,25,14,17,11,40,10,28,14,36,43,17,19,23,5,12,15,20,70,5,22,36,45,16,44,7,15,53,26,15,6,16,3,18,10,37,25,60,37,42,25,28,45,14,12,32,42,6,31,67,17,22,35,10,15,5,27,21,35,40,35,12,66,24,11,23,8,7,29,28,32,52,7,24,12,9,24,22,5,42,10,61,14,30,4,43,23,12,69,77,5,56,51,16,31,26,14,6,22,46,19,30,46,6,27,16,38,10,6,8,138,19,55,52,10,25,58,32,6,46,22,28,9,13,19,32,33,14,33,31,21,21,12,23,22,29,26,5,32,57,24,27,32,19,24,5,38,21,0,31,44,15,18,60,27,52,37,40,51,40,11,49,5,19,17,46,9,31,30,35,70,19,4,25,38,46,13,108,19,14,41,61,32,29,33,4,29,37,37,5,22,5,46,36,21,44,25,33,43,38,23,22,18,16,54,29,12,19,92,32,22,29,32,24,37,32,42,19,15,40,29,22,43,46,19,14,21,36,35,37,92,44,34,33,32,38,25,45,28,36,14,37,26,38,41,4,35,4,40,34,34,38,41,44,33,28,7,58,37,22,6,15,31,38,28,58,39,20,30,14,3,16,0,18,18,22,11,12,28,17,12,7,47,35,23,18,26,18,32,18,33,26,20,29,2,34,21,106,16,46,16,14,44,35,33,14,25,10,16,21,28,27,16,21,26,16,15,18,38,6,9,18,37,3,30,24,91,23,24,32,17,30,5
33,103,37,34,32,28,44,29,37,30,28,48,31,24,41,26,41,26,26,28,32,25,33,32,29,39,42,28,31,26,30,31,28,28,74,30,33,30,45,25,42,32,27,47,26,27,27,23,35,33,34,33,29,57,33,41,33,31,43,34,28,35,50,30,25,66,28,29,26,30,28,32,19,29,30,36,30,31,55,27,34,27,29,32,34,17,29,52,31,25,31,33,31,33,32,45,31,67,30,27,35,42,28,31,70,69,31,58,38,26,29,35,32,31,18,55,26,36,31,34,22,30,44,31,33,32,138,25,52,58,28,36,53,27,33,40,31,23,34,32,27,30,32,31,26,40,24,33,34,16,31,24,21,31,23,59,34,27,39,32,27,35,30,34,31,0,49,30,27,50,12,53,35,21,34,48,30,54,34,32,28,47,32,28,30,40,66,25,29,16,39,47,34,108,25,29,41,49,25,33,34,32,30,39,36,33,33,35,47,18,19,38,37,23,36,36,30,31,29,31,49,38,28,28,88,29,34,25,38,27,28,34,35,30,31,37,32,35,43,50,36,32,32,33,38,27,84,47,33,27,32,35,30,37,28,31,31,28,27,40,23,32,28,31,38,45,35,43,42,46,39,25,32,62,26,27,33,27,26,41,29,55,40,35,34,32,35,26,32,23,27,34,27,35,35,27,31,34,47,28,20,29,31,31,32,26,31,38,25,20,32,34,35,109,32,42,30,27,30,34,23,33,24,30,28,34,30,31,30,22,5,28,29,33,40,32,35,32,43,31,21,30,95,22,10,34,30,26,35
47,98,34,31,47,38,42,45,54,45,41,37,45,44,44,41,45,40,46,39,46,38,47,48,47,55,58,44,41,40,45,45,41,36,53,45,44,40,31,45,53,47,33,28,35,37,47,45,47,50,46,41,45,51,50,36,42,42,47,48,43,33,45,45,41,69,44,44,42,42,46,45,35,45,45,43,46,45,63,46,46,31,45,46,49,46,38,30,46,46,47,46,44,43,45,46,44,55,45,43,47,43,38,46,63,67,47,40,44,45,44,53,48,45,39,48,32,47,42,46,40,40,41,45,45,47,136,31,52,53,43,51,48,34,46,17,50,40,47,48,43,42,38,46,42,45,45,45,46,43,43,30,46,47,45,17,37,51,44,42,44,47,29,45,44,49,0,50,48,40,49,47,46,41,27,33,44,47,46,43,45,31,48,36,47,41,65,46,45,46,40,50,46,100,45,40,48,41,43,42,40,47,41,58,56,49,50,47,58,47,42,54,42,39,40,36,45,41,46,45,53,41,41,47,86,46,46,35,43,46,35,45,41,43,43,42,47,47,53,53,52,50,47,49,35,39,88,51,44,40,41,26,42,37,46,47,50,35,46,44,37,47,42,46,35,45,46,49,41,31,38,41,49,58,40,43,46,44,50,40,46,46,48,41,48,45,47,45,44,44,47,43,44,45,36,46,42,47,43,35,45,45,37,37,49,43,42,49,48,47,44,45,49,113,36,45,46,50,38,36,41,45,37,48,42,49,39,31,43,44,44,47,44,46,43,46,46,44,51,46,53,44,88,46,34,44,45,39,47
17,95,38,31,16,13,30,31,37,16,14,39,33,17,42,29,41,26,10,19,11,37,14,32,13,35,41,12,17,26,17,12,17,17,68,15,20,29,45,12,41,17,15,52,27,16,15,17,14,18,7,41,20,54,35,42,25,23,44,20,21,35,42,15,30,65,13,17,33,17,13,16,30,20,38,40,38,15,65,21,14,27,11,15,25,26,27,53,14,21,15,12,19,19,10,40,14,60,10,29,14,40,25,6,63,74,15,55,50,17,35,28,16,14,20,48,22,35,45,15,25,13,39,9,13,13,140,22,56,47,13,21,58,25,17,44,19,27,12,16,20,33,28,11,33,31,17,22,15,20,16,24,22,17,29,55,13,22,33,14,19,14,35,20,15,30,50,0,17,60,26,51,37,40,49,43,7,48,16,19,15,45,14,27,28,31,68,15,14,20,38,40,11,108,20,12,41,60,33,31,30,14,27,36,32,15,21,17,41,36,15,44,23,35,41,37,19,15,10,13,56,30,13,22,93,33,16,32,33,24,37,30,42,15,16,40,27,17,43,47,16,18,16,28,30,37,95,39,28,28,31,40,17,36,17,36,18,37,22,30,40,14,35,14,39,44,32,36,41,45,39,22,16,57,31,21,13,16,29,30,23,58,37,13,28,9,14,15,15,17,23,19,14,3,29,7,10,14,48,33,24,18,21,21,32,17,33,19,20,29,15,34,19,104,8,44,16,17,45,33,34,9,20,13,15,19,29,22,15,18,25,17,16,17,41,13,16,15,38,16,27,24,87,19,28,31,20,28,17
19,93,37,29,20,18,36,32,36,12,19,42,29,7,41,29,31,20,20,11,18,36,19,32,16,36,45,8,10,21,16,15,13,13,67,18,22,31,48,11,45,17,7,48,25,4,18,3,18,10,18,38,18,54,26,40,12,21,37,18,18,35,43,18,30,65,8,18,36,18,17,17,17,11,36,33,35,15,64,12,16,22,16,15,26,25,19,40,13,7,15,17,8,8,15,39,15,61,14,22,18,36,16,12,67,70,17,49,45,16,35,9,20,17,6,47,10,32,43,17,16,12,38,13,16,17,136,19,56,48,14,25,60,25,20,49,22,19,18,20,16,24,15,18,29,29,6,15,19,16,24,28,21,19,12,53,24,16,27,10,25,18,33,6,18,27,48,17,0,58,23,49,25,38,46,41,17,44,17,10,15,49,17,22,21,29,66,3,19,6,29,38,16,105,12,11,32,51,13,24,25,19,19,37,33,19,17,18,43,32,14,40,28,30,43,37,4,21,16,15,56,11,9,12,88,21,13,24,34,6,34,27,32,17,7,30,23,18,45,50,23,21,17,36,32,38,92,43,18,21,28,36,20,41,18,26,21,34,20,39,45,19,23,16,35,41,24,40,32,34,27,28,18,59,21,17,17,8,16,39,30,53,32,23,27,15,18,6,19,10,6,19,12,18,18,17,16,18,43,29,22,7,14,15,16,9,30,27,13,22,19,29,24,109,19,43,14,18,36,25,17,15,17,20,7,15,24,17,9,15,27,21,11,19,37,18,17,9,38,18,22,15,88,9,28,33,11,16,19
61,98,57,60,63,52,60,50,60,62,53,63,62,46,53,44,61,55,61,52,63,63,60,64,59,71,69,52,49,57,59,62,53,59,74,59,64,55,47,58,67,58,48,70,53,61,62,55,61,57,62,63,62,34,48,37,61,51,64,61,60,67,61,59,53,62,52,57,66,61,57,59,59,58,59,61,59,58,52,50,59,50,58,59,58,62,47,53,62,47,62,60,57,57,59,56,61,58,63,59,61,62,61,62,73,51,59,47,48,58,62,65,62,59,52,66,56,64,67,60,52,54,60,59,59,58,115,49,55,64,58,66,52,51,61,52,61,56,59,64,48,62,46,57,54,65,56,57,61,50,65,55,58,60,58,52,66,54,62,58,59,61,62,51,60,50,40,60,58,0,56,63,65,24,23,48,57,69,60,56,56,62,59,57,62,58,41,53,59,54,46,68,62,98,58,51,64,6,65,49,45,60,60,67,67,61,64,61,69,57,52,69,61,53,57,57,54,61,56,57,66,53,51,56,90,66,58,50,59,53,65,63,64,48,56,61,59,55,73,52,63,61,62,62,58,59,85,71,57,53,58,58,54,65,58,57,61,65,57,57,57,60,60,58,54,66,64,67,70,63,51,57,61,59,56,58,60,50,58,53,58,59,55,59,54,62,61,50,60,52,56,61,56,63,58,64,62,62,75,63,62,54,59,49,61,52,62,66,58,53,60,62,67,118,60,41,56,61,54,63,58,61,54,60,56,52,47,54,58,53,42,63,51,64,57,59,59,52,65,62,61,59,101,58,47,67,55,57,61
26,101,45,34,20,25,25,32,39,29,20,48,24,9,34,28,37,26,22,19,26,37,27,27,20,39,46,15,23,29,27,26,18,16,69,27,28,32,51,25,39,27,21,51,16,19,20,17,26,23,25,45,27,54,18,34,18,21,46,26,21,40,51,27,21,62,14,22,25,28,19,27,22,24,43,42,43,19,54,6,27,31,23,24,19,18,33,53,24,6,22,28,27,27,26,34,27,62,21,28,26,44,14,24,64,67,27,48,49,25,18,29,28,27,7,50,19,36,49,27,16,24,41,25,24,27,136,18,56,50,26,28,63,26,27,38,27,21,25,27,14,33,29,22,33,38,10,26,27,9,25,16,17,28,13,58,26,14,32,13,20,26,30,27,27,12,49,26,23,56,0,52,39,44,45,38,22,52,26,20,23,46,22,23,29,46,61,12,25,7,45,47,26,113,24,21,44,52,33,29,25,26,27,41,39,25,22,26,46,25,12,45,32,29,33,23,11,24,27,21,57,14,20,19,92,31,20,19,36,5,30,33,34,20,21,35,23,21,46,54,24,28,25,37,32,31,86,43,25,23,27,36,19,40,14,24,28,30,20,37,35,26,19,26,43,48,31,45,40,45,23,23,25,57,22,23,26,21,17,38,30,57,38,27,30,21,26,21,26,13,18,18,26,26,25,22,23,28,46,32,24,21,24,24,25,18,32,28,13,18,26,33,31,114,27,40,25,21,43,30,18,29,24,25,22,24,31,24,21,20,8,21,22,28,36,27,27,14,39,27,15,25,93,8,22,34,25,27,22
52,89,57,47,53,51,47,54,54,46,50,51,51,52,53,47,52,44,44,49,50,55,51,57,50,56,56,50,50,52,51,52,50,51,65,49,53,45,43,50,51,51,46,47,51,46,52,52,51,53,48,47,45,56,53,54,48,51,52,52,50,38,47,49,50,66,50,52,52,48,51,49,48,41,49,51,49,49,71,49,50,49,49,50,51,53,46,51,48,50,43,48,48,51,51,59,48,52,49,48,51,49,49,50,68,76,51,54,53,51,50,52,52,45,50,58,48,45,51,50,49,43,58,47,51,49,144,46,44,48,49,57,53,48,54,49,54,50,49,53,51,52,50,52,44,50,51,53,52,51,56,49,54,53,55,14,48,52,46,52,50,51,54,53,52,53,47,51,49,63,52,0,51,50,52,42,49,53,51,53,50,35,50,51,50,49,70,53,47,46,54,54,49,107,53,48,55,62,53,50,50,51,51,53,56,53,43,51,59,53,49,51,49,43,48,48,50,47,44,52,49,47,51,55,89,53,47,49,53,50,53,37,53,51,46,47,54,52,56,44,53,52,48,39,49,48,95,54,52,47,53,45,47,52,49,53,52,53,51,50,57,51,49,48,48,43,51,50,54,50,52,52,49,42,53,53,52,52,51,52,48,50,49,52,50,47,51,49,52,54,49,51,50,47,53,50,51,51,53,58,50,43,51,49,46,53,42,51,54,50,48,45,58,100,49,48,52,54,53,54,53,51,51,50,51,53,47,51,53,51,49,55,52,54,58,52,47,53,50,48,50,48,89,52,53,40,51,49,51
35,100,30,36,30,29,30,30,37,34,35,48,27,30,33,33,38,28,33,33,39,36,37,42,29,38,46,29,31,32,34,37,31,34,64,35,39,34,48,24,53,28,30,43,36,29,35,26,37,25,38,34,33,57,37,42,29,32,46,34,34,43,48,30,29,71,29,28,40,31,34,32,34,35,36,27,35,31,62,26,35,25,33,32,38,38,32,52,34,30,34,30,33,32,36,38,34,57,32,14,31,24,34,36,70,79,31,57,50,28,25,29,35,35,33,39,27,37,45,31,31,33,42,34,35,30,148,26,50,47,32,36,60,36,35,49,34,34,37,31,32,32,29,37,36,30,32,40,32,35,40,30,34,34,34,55,34,33,37,29,32,37,12,31,37,35,46,37,25,65,39,51,0,44,51,42,29,51,30,31,26,50,33,42,28,38,70,30,37,34,39,44,38,107,37,26,6,68,25,29,35,38,36,43,41,32,37,32,46,32,34,47,29,36,47,37,34,34,36,28,59,35,37,38,71,28,39,30,32,35,26,36,39,26,32,39,38,27,46,56,36,35,35,37,34,41,94,47,34,34,33,37,38,24,31,38,35,26,35,41,24,38,42,32,32,45,22,46,37,27,37,30,34,63,39,33,30,31,33,41,38,58,40,32,42,33,32,29,37,29,32,35,28,35,25,36,35,28,42,30,33,26,30,32,34,34,29,33,38,40,32,33,40,116,36,47,30,35,42,28,35,36,36,37,32,31,35,36,35,34,37,35,33,32,42,32,33,28,46,34,33,34,96,36,28,33,28,30,37
41,103,36,32,42,34,31,24,40,41,37,36,39,34,26,16,39,32,40,34,41,24,39,46,33,42,49,26,39,35,41,40,28,38,71,39,40,32,24,40,51,39,37,50,41,35,42,37,41,39,41,34,46,58,47,39,34,36,47,41,41,40,45,39,39,72,27,47,44,37,36,38,34,39,37,40,37,33,62,37,41,34,39,39,44,48,31,56,39,39,43,40,36,36,41,33,38,61,41,38,41,37,36,39,72,61,40,56,55,40,46,36,42,38,31,52,32,39,29,40,37,39,47,37,39,40,138,32,49,55,38,46,51,39,41,27,42,32,39,42,33,40,28,43,36,43,37,36,41,37,44,35,38,42,41,56,39,32,40,39,39,41,34,34,40,21,41,40,38,24,44,50,44,0,8,49,40,54,40,36,38,47,37,44,41,36,48,34,40,35,22,42,41,93,36,29,41,30,28,31,37,40,39,42,42,40,40,41,55,41,39,43,42,37,49,42,39,42,42,39,58,40,38,40,75,38,39,34,39,36,36,40,36,37,41,39,45,47,50,53,44,41,41,41,43,43,86,45,35,35,38,34,42,41,43,42,41,36,40,43,30,40,35,38,44,48,38,44,40,37,28,35,40,56,39,27,40,26,37,43,39,51,38,34,40,41,41,35,40,41,39,41,32,40,32,42,40,38,51,37,35,31,35,33,40,37,37,43,38,38,40,32,45,116,38,42,40,39,32,39,45,39,38,40,32,41,15,36,37,33,17,43,29,44,39,40,39,41,50,39,35,35,94,37,15,42,39,30,42
49,96,43,45,45,45,41,21,52,50,42,53,48,34,32,24,47,48,46,48,50,35,52,47,46,48,56,46,39,48,48,47,46,43,67,49,49,48,39,42,46,49,43,47,37,49,45,41,51,47,48,47,50,57,48,28,48,44,54,51,45,46,53,49,41,64,46,41,53,49,46,49,45,49,47,45,47,49,57,40,51,39,47,48,49,50,43,52,49,35,48,48,47,44,47,43,49,64,47,46,51,48,47,48,68,48,49,47,31,46,50,48,53,48,41,54,48,49,32,50,43,46,49,44,49,49,128,44,49,52,46,53,56,41,51,45,47,40,49,52,41,46,51,45,46,54,46,47,51,31,46,45,39,52,46,52,49,48,51,44,39,51,37,49,51,34,27,49,46,23,45,52,51,8,0,49,45,58,51,46,44,53,49,49,54,47,39,50,48,41,22,51,48,90,45,45,54,30,50,36,42,51,45,56,56,51,50,50,59,43,38,46,49,44,36,46,39,46,49,48,53,42,50,45,78,45,46,38,48,38,36,46,44,49,43,39,52,40,55,43,50,51,50,48,45,33,95,54,46,37,46,32,45,49,39,41,51,36,45,50,40,51,42,49,49,55,42,51,45,41,39,43,51,56,43,42,49,45,36,48,50,45,46,51,52,44,50,44,51,51,49,51,46,49,42,45,45,52,53,43,38,48,46,48,48,47,49,51,45,37,50,48,52,116,45,38,50,40,37,46,43,50,43,47,48,47,31,50,51,44,35,45,43,52,46,50,47,44,55,49,33,43,101,27,32,53,45,48,51
45,102,34,44,41,34,30,36,41,39,42,28,42,39,48,41,41,27,43,42,48,35,43,53,46,51,53,46,45,37,43,46,41,44,63,41,46,35,42,40,49,41,38,40,46,42,43,46,43,42,44,38,41,50,49,37,39,43,31,42,40,32,38,41,42,63,46,43,38,41,43,41,24,42,33,39,33,44,69,39,45,31,40,42,47,52,32,50,42,41,43,41,45,45,42,45,40,46,47,43,43,43,31,41,58,73,40,62,45,42,45,44,42,37,37,33,36,40,38,42,49,39,45,47,42,40,143,37,56,41,40,49,46,30,42,40,44,40,44,45,46,41,43,47,35,44,44,51,44,41,41,32,42,42,43,55,45,36,27,40,38,43,38,46,40,48,33,43,41,48,38,42,42,49,49,0,45,53,43,42,43,25,45,42,46,43,66,38,47,31,37,37,41,104,40,45,39,52,40,38,25,47,33,56,51,42,46,43,54,35,45,25,47,31,41,25,29,45,42,46,51,44,41,45,89,35,45,24,45,40,48,44,34,45,46,35,45,45,51,45,46,44,43,44,42,34,90,52,42,48,35,37,43,51,44,34,44,48,43,44,35,47,34,41,32,45,25,44,43,25,31,46,45,60,35,37,40,45,35,43,45,57,38,45,46,44,43,39,40,36,33,43,42,45,37,44,44,41,44,46,45,34,41,37,34,38,34,45,49,46,40,31,48,110,37,31,44,48,24,30,36,42,43,44,45,41,43,47,38,45,42,45,45,44,32,40,45,42,44,40,49,32,78,40,36,44,43,37,46
13,97,39,32,6,17,35,32,40,18,14,39,33,18,44,31,39,24,8,20,3,37,9,29,10,37,42,12,16,27,9,2,14,16,67,11,18,35,46,14,43,10,15,40,21,13,11,18,10,16,6,37,23,52,36,40,25,22,43,10,19,33,45,10,26,64,13,19,31,12,11,8,26,18,37,41,37,12,64,17,5,30,5,10,25,24,29,49,2,19,13,8,14,13,4,40,9,61,9,30,10,39,22,3,66,72,9,53,46,19,30,25,14,9,21,48,21,29,46,11,21,14,30,7,10,12,135,12,56,53,9,23,61,25,9,42,20,28,9,16,17,30,26,11,29,32,16,24,11,20,14,23,19,15,27,56,20,23,35,20,19,10,34,22,11,30,44,7,17,57,22,49,29,40,45,45,0,46,12,19,13,42,10,30,26,32,68,19,8,25,38,44,12,109,17,12,43,59,32,27,26,9,30,38,31,9,19,12,48,35,19,43,25,32,44,33,19,17,15,16,53,26,15,19,92,32,20,29,28,19,36,27,40,18,17,38,29,19,43,46,17,12,17,31,29,38,90,41,29,31,30,40,17,44,25,36,11,36,19,30,39,9,32,10,33,37,36,36,40,43,35,27,12,59,33,23,7,15,30,30,24,59,37,22,27,4,10,16,13,19,19,16,9,10,30,12,7,5,48,35,27,19,21,15,32,17,34,25,15,25,10,35,21,111,12,44,17,10,43,27,30,4,12,11,15,22,31,25,18,22,24,10,15,21,38,11,10,17,34,8,28,20,94,18,27,27,19,26,13
49,94,55,51,50,49,52,50,59,41,47,47,49,51,51,51,55,44,49,45,51,55,48,50,46,50,61,48,49,49,50,44,48,47,75,48,45,48,53,45,60,46,47,59,53,49,48,49,50,49,46,54,43,66,61,53,50,48,63,51,48,50,52,48,55,73,48,38,56,44,49,47,50,43,54,54,54,48,69,51,48,47,48,47,51,52,50,56,45,50,50,47,48,51,48,59,49,63,45,52,50,52,48,44,78,77,48,56,51,51,52,51,51,48,48,53,47,52,57,49,53,46,54,47,48,46,145,45,49,54,46,54,65,48,51,57,49,51,47,52,51,50,53,53,41,49,45,47,49,47,47,48,56,50,51,57,37,48,56,51,49,50,52,52,49,54,47,48,44,69,52,53,51,54,58,53,46,0,49,49,48,50,49,52,46,53,68,48,50,49,54,56,47,118,51,48,55,69,50,48,49,46,57,53,56,50,36,50,65,52,46,57,41,52,50,42,46,51,42,49,66,55,48,52,101,50,51,46,49,50,53,43,56,49,48,52,55,38,57,58,48,51,45,43,50,49,92,59,49,49,47,57,38,63,56,52,51,53,49,39,49,46,51,47,49,42,51,51,52,57,53,54,48,61,34,52,49,48,49,40,44,57,40,47,48,45,50,46,49,49,49,44,47,36,49,36,38,49,55,60,51,45,52,43,45,49,50,49,52,49,49,45,45,122,44,56,48,50,47,46,41,45,47,45,50,51,51,51,49,50,51,53,48,53,34,47,49,49,61,47,56,49,100,51,55,41,49,52,50
8,97,43,35,6,19,40,34,40,23,13,45,32,24,43,28,35,25,13,16,12,41,9,28,16,36,42,17,17,24,8,13,14,19,69,8,21,37,49,16,44,5,15,49,25,15,9,13,4,16,12,38,26,56,36,43,22,27,47,10,19,35,45,3,31,67,16,16,34,13,14,2,27,19,30,33,31,12,65,24,10,26,7,8,29,28,34,53,9,24,14,6,24,24,7,41,10,61,11,29,2,41,23,11,69,77,7,55,51,13,33,26,8,5,24,50,22,30,47,2,26,15,37,9,5,7,137,19,55,52,10,20,57,31,7,43,23,26,8,11,20,32,31,13,31,31,19,18,4,25,24,30,24,4,32,56,19,28,36,16,27,4,39,19,5,34,46,16,17,60,26,51,30,40,51,43,12,49,0,18,17,47,9,27,30,37,69,19,11,23,38,45,10,107,19,13,34,60,32,32,35,8,28,37,35,4,24,2,46,36,18,42,25,34,46,39,21,24,18,15,54,26,13,19,92,32,20,35,34,24,37,34,42,16,16,40,29,16,40,47,23,8,21,36,28,41,92,38,33,31,32,39,22,45,26,36,8,37,26,37,40,8,36,8,42,40,34,39,40,43,36,31,5,57,38,24,4,12,31,37,28,59,39,19,31,15,3,17,6,15,19,22,12,14,28,16,10,12,47,37,26,19,26,18,33,16,33,26,18,29,3,34,24,106,17,46,13,13,41,32,34,12,20,10,15,18,28,27,17,21,25,9,11,10,38,5,5,17,37,4,28,23,90,24,27,32,16,29,8
19,91,40,26,17,20,36,33,36,22,9,45,30,17,40,27,36,20,19,15,19,36,17,33,19,37,45,12,10,11,21,21,11,12,69,19,20,31,46,16,43,19,16,51,20,12,17,11,18,13,19,39,23,54,32,39,8,12,44,21,18,34,45,16,22,65,12,22,32,16,19,17,26,17,36,41,36,17,57,9,20,20,16,19,25,23,34,50,17,19,19,19,18,18,18,41,21,57,20,28,18,39,16,16,70,71,16,51,44,8,31,25,21,18,10,48,18,32,43,19,22,18,39,15,18,16,140,16,56,53,16,24,55,32,19,42,25,24,17,21,15,27,27,20,16,27,3,12,18,12,23,19,10,19,25,54,22,12,33,1,26,18,35,5,19,32,43,19,10,56,20,53,31,36,46,42,19,49,18,0,12,51,17,24,27,33,66,5,20,10,36,41,17,104,10,11,37,61,28,31,33,20,20,39,36,19,24,18,44,36,5,43,24,36,43,22,16,23,16,11,58,21,6,13,86,28,8,22,37,5,31,35,43,5,9,41,18,22,45,50,23,18,21,34,30,39,88,41,17,29,21,38,25,35,22,32,18,31,12,39,39,20,26,18,43,45,33,41,37,44,31,24,20,59,33,19,19,8,18,39,33,55,38,25,34,16,18,6,19,5,4,20,16,15,26,18,20,22,46,29,15,13,20,14,20,11,26,25,15,19,19,31,21,111,18,46,12,16,44,29,29,20,11,16,2,15,23,16,10,13,22,21,11,20,26,17,18,2,35,19,20,16,88,5,24,33,1,27,17
17,94,34,30,15,21,40,30,35,22,9,45,34,13,40,25,37,19,11,18,17,35,17,31,18,37,43,11,13,22,15,13,12,19,71,17,22,30,50,10,44,16,14,49,20,11,13,8,18,12,10,37,23,56,33,38,18,26,47,16,20,37,49,17,22,63,11,22,37,14,14,17,23,20,37,39,37,15,62,15,14,21,15,16,31,30,31,42,14,17,8,15,18,12,14,43,14,61,13,26,18,42,9,16,68,68,16,50,46,12,30,19,16,17,19,47,24,33,42,17,18,16,38,15,18,16,139,19,56,47,13,23,59,31,17,39,20,25,17,16,21,33,30,14,28,31,12,15,16,18,22,26,16,15,28,56,26,25,29,12,26,18,37,14,17,28,45,15,15,56,23,50,26,38,44,43,13,48,17,12,0,52,16,26,24,36,68,17,17,17,38,45,18,109,14,10,32,64,27,33,31,18,28,38,33,18,21,18,41,35,16,39,27,34,48,35,12,22,19,10,54,21,15,18,89,31,15,30,35,18,33,33,41,14,8,39,28,21,43,46,22,16,16,36,32,38,83,42,28,33,29,37,22,40,25,35,16,33,22,39,38,18,30,14,44,44,37,41,38,40,39,29,17,56,36,18,16,5,31,40,26,59,37,25,30,15,18,15,17,16,15,18,10,18,25,14,15,16,48,34,23,17,25,18,27,12,26,31,15,20,17,35,21,107,18,43,8,13,40,30,30,12,21,16,12,11,25,18,16,14,27,17,5,18,35,16,17,14,40,15,28,21,90,20,27,33,14,27,19
49,95,41,52,47,44,42,41,54,49,48,38,45,49,47,44,55,42,46,42,47,51,47,53,48,53,53,48,46,47,46,42,45,49,72,45,46,44,48,52,56,47,46,49,49,46,49,51,47,50,50,44,48,50,51,41,47,41,33,46,40,39,49,45,46,69,47,48,52,38,48,45,41,42,52,53,52,47,58,48,42,40,43,49,50,46,49,47,41,49,43,47,46,46,45,49,41,48,47,47,47,47,46,42,64,80,46,60,38,49,42,49,50,41,43,55,46,45,52,46,50,46,58,44,46,44,139,44,51,42,44,52,45,40,48,29,44,49,48,49,47,52,52,51,39,46,44,49,48,50,54,37,45,46,43,38,46,44,47,50,42,47,50,50,46,47,31,45,49,62,46,35,50,47,53,25,42,50,47,51,52,0,45,52,49,54,78,51,45,42,49,47,43,111,49,50,55,55,52,48,35,47,45,55,55,50,49,47,57,52,49,52,46,35,47,29,47,47,44,50,51,48,49,46,88,54,49,38,51,48,52,45,50,51,49,50,48,46,54,32,52,47,46,52,48,40,85,56,53,41,55,30,47,45,48,55,46,52,49,45,50,47,46,45,44,58,41,49,50,40,40,44,45,55,46,49,48,49,38,45,46,58,44,46,43,41,47,46,44,52,47,45,47,39,51,48,43,48,54,45,50,45,45,53,43,47,45,45,54,49,44,48,52,107,40,39,48,49,38,51,44,42,42,46,48,50,48,42,49,51,44,46,50,50,43,46,43,49,54,44,47,44,95,47,40,42,51,50,49
10,96,41,35,9,21,38,34,41,21,14,42,29,25,45,29,39,24,14,18,12,40,11,29,11,39,42,12,19,25,7,9,11,15,69,9,20,34,47,9,45,8,13,48,25,16,9,15,10,16,12,38,25,56,37,37,22,26,46,12,18,36,44,9,32,67,12,22,37,12,12,8,29,20,37,39,37,8,65,22,8,25,6,7,26,29,31,51,5,20,12,7,24,21,8,37,7,62,11,30,10,40,24,11,69,78,7,55,50,13,33,23,13,11,21,50,17,32,48,10,20,14,37,11,9,7,138,19,55,52,7,27,58,30,12,45,20,20,11,18,17,32,33,14,31,32,19,23,11,21,22,29,23,10,28,55,23,26,34,17,26,11,36,19,9,32,48,14,17,59,22,50,33,37,49,45,10,49,9,17,16,45,0,28,30,40,71,18,8,22,41,44,13,106,18,11,42,61,32,32,33,11,31,39,36,9,21,10,48,37,17,44,30,33,45,37,22,22,15,13,56,31,16,18,92,32,22,32,33,22,36,33,40,16,17,38,30,22,42,47,24,12,20,34,35,39,93,43,35,31,33,40,24,43,27,37,12,36,25,35,42,11,37,7,39,40,33,39,42,44,36,29,11,56,36,20,9,13,32,35,29,58,38,22,29,14,11,14,10,19,16,20,5,13,29,14,12,9,47,34,25,16,24,21,32,16,33,25,20,28,8,34,23,110,16,46,16,13,40,32,32,11,19,12,15,18,30,28,16,21,27,16,13,20,38,9,9,17,40,8,30,24,93,24,28,31,13,29,9
29,100,41,32,30,19,24,34,43,25,16,42,35,20,35,29,42,27,27,14,26,38,29,33,23,41,47,16,16,24,28,30,18,22,67,26,25,28,46,28,44,29,20,52,20,15,28,22,28,25,27,35,25,53,30,38,22,23,50,31,28,36,43,27,23,60,17,23,29,25,24,28,19,25,38,37,38,27,57,21,31,22,25,27,22,22,28,53,25,21,28,28,25,21,26,41,26,63,24,33,28,43,22,24,66,71,29,53,52,22,29,32,31,29,21,48,10,35,43,29,10,24,30,27,28,27,123,20,57,49,26,33,56,29,31,42,27,27,28,30,21,33,29,31,28,40,22,28,29,23,29,21,12,29,26,57,30,21,37,23,24,28,33,26,31,28,36,27,22,57,23,51,42,44,49,42,30,52,27,24,26,52,28,0,31,28,61,25,30,21,36,45,28,111,22,21,41,56,33,31,34,29,28,42,40,27,30,28,48,36,20,45,26,27,42,37,24,24,31,22,57,24,24,25,89,33,22,30,39,23,30,35,35,26,17,35,27,25,48,46,32,31,26,38,26,37,92,45,24,24,28,34,21,44,23,32,31,30,22,37,41,29,33,28,44,45,32,41,39,40,30,24,28,59,29,26,25,21,22,39,27,53,37,25,32,21,28,20,29,25,22,26,24,26,25,27,26,20,52,30,30,29,21,22,30,22,26,28,28,21,25,36,32,105,25,39,24,29,35,30,21,30,17,30,23,28,29,16,22,17,22,30,23,29,30,26,29,27,32,27,22,20,89,24,23,30,24,27,30
31,101,38,6,26,23,39,34,41,23,29,46,33,27,38,33,36,23,31,25,32,30,31,38,26,42,45,23,27,23,29,29,25,26,70,31,30,28,46,20,57,27,27,38,32,27,32,28,33,26,30,33,26,58,30,40,21,27,46,32,32,40,48,31,30,66,23,26,38,22,27,30,23,28,32,35,31,25,66,27,30,18,29,28,32,37,35,47,29,27,27,29,24,19,30,40,29,65,27,21,33,32,25,30,66,74,31,61,53,26,27,31,29,31,24,44,28,37,40,32,29,28,43,28,29,30,147,27,54,45,28,33,58,29,32,38,31,18,30,33,26,29,34,28,32,30,33,31,34,28,29,31,30,31,32,58,25,24,28,27,31,33,30,25,30,30,47,28,21,62,29,50,28,41,54,46,26,46,30,27,24,49,30,31,0,34,69,20,28,29,42,42,31,109,29,26,8,65,24,31,33,30,34,43,42,31,24,33,50,32,25,34,33,32,51,41,23,29,30,28,63,32,30,33,89,25,32,34,40,31,34,32,35,27,24,33,30,27,43,55,36,30,29,35,36,41,94,49,27,33,32,39,36,22,36,32,30,34,29,41,30,30,37,28,32,41,35,45,30,36,43,28,29,58,38,28,26,27,30,41,34,59,39,29,40,26,33,19,30,29,22,28,24,28,29,29,29,24,43,30,29,23,29,26,31,27,26,30,31,30,30,31,33,113,26,46,28,35,41,36,34,29,32,32,28,31,27,24,29,30,31,33,27,32,40,31,31,29,47,26,31,32,91,27,28,33,28,26,31
40,102,41,35,33,29,36,38,39,36,32,44,36,37,44,33,25,38,36,28,29,38,41,42,39,43,43,32,29,35,38,28,32,34,70,36,39,31,21,33,45,40,30,16,39,33,37,38,38,38,34,34,36,57,38,35,32,35,40,42,34,35,49,36,46,62,31,36,33,34,36,39,30,39,13,13,12,38,57,36,39,36,39,38,31,30,26,50,32,40,37,34,31,30,35,33,39,65,34,23,38,32,23,39,68,70,38,57,31,36,28,41,40,39,35,40,19,42,28,39,30,34,40,33,37,40,146,26,54,46,37,39,59,16,36,42,35,34,37,37,29,14,37,32,33,20,37,39,39,40,31,31,39,38,39,58,39,30,10,33,33,38,34,34,35,40,41,31,29,58,46,49,38,36,47,43,32,53,37,33,36,54,40,28,34,0,68,40,34,32,33,44,34,104,35,33,40,59,15,20,31,35,29,43,46,38,37,38,53,26,34,39,40,30,50,26,41,23,33,39,59,28,32,35,79,15,36,30,29,41,20,26,28,37,31,26,41,36,47,55,42,40,32,44,38,32,95,47,21,35,13,14,31,40,33,15,40,20,35,31,34,35,21,38,23,44,25,41,31,22,35,31,41,59,39,36,35,33,26,31,38,56,31,32,38,30,38,31,35,38,30,38,34,32,14,33,32,37,39,27,34,34,18,28,30,39,34,37,39,42,35,32,35,110,38,41,40,35,25,33,43,38,36,39,32,42,38,30,33,35,28,39,33,41,35,36,41,42,48,37,38,31,87,37,30,42,35,11,38
70,99,74,59,64,71,62,70,76,72,70,65,59,63,49,70,74,69,68,67,68,73,72,72,68,74,78,68,62,70,70,65,68,70,71,69,72,66,71,71,73,67,71,73,57,71,67,67,68,71,71,74,76,28,68,57,72,71,69,72,70,75,69,69,61,66,68,66,71,70,68,69,67,71,75,76,75,72,58,62,70,70,65,68,66,62,58,71,67,58,69,66,67,72,64,71,70,73,65,71,68,64,65,68,68,50,72,55,76,69,73,69,73,70,69,80,67,72,65,69,58,71,69,66,69,72,124,66,64,77,70,76,64,66,73,63,71,70,68,74,66,73,63,69,69,79,68,75,69,66,70,68,61,72,67,74,74,63,77,65,65,68,72,71,70,66,65,68,66,41,61,70,70,48,39,66,68,68,69,66,68,78,71,61,69,68,0,66,68,62,58,72,69,98,68,70,78,33,72,63,64,74,67,76,72,73,71,68,81,69,65,69,71,58,60,66,69,72,67,67,71,65,68,70,93,74,65,57,77,69,66,75,71,69,67,74,72,66,79,60,73,73,71,77,71,60,92,77,75,66,66,62,71,67,63,67,73,66,67,70,66,74,61,71,70,72,70,75,79,70,62,71,73,74,65,66,68,68,60,71,67,78,70,73,61,66,68,72,70,70,66,68,71,74,70,71,66,66,78,71,70,71,68,67,70,65,70,72,70,58,70,69,78,121,70,62,71,69,69,73,69,67,64,72,70,66,70,69,69,68,65,66,68,74,66,68,71,68,71,70,68,65,100,68,56,73,69,72,67
19,95,39,37,16,9,37,29,35,20,15,42,32,4,32,25,38,10,17,10,17,36,19,30,16,38,45,18,16,16,16,17,9,12,68,19,22,28,48,11,46,18,12,48,23,13,16,15,18,2,17,39,26,61,26,42,8,13,45,21,17,39,46,19,11,63,18,24,32,14,14,19,18,20,36,38,36,13,57,12,19,20,17,18,26,23,32,44,17,4,19,16,21,21,17,39,15,58,19,15,18,40,20,18,66,69,17,48,47,12,28,17,21,19,7,46,17,34,48,19,18,16,40,17,19,15,136,16,55,49,17,22,58,34,19,47,24,26,20,17,9,30,22,15,27,30,11,14,18,18,25,16,20,20,16,57,22,10,27,5,24,18,38,14,19,25,46,15,3,53,12,53,30,34,50,38,19,48,19,5,17,51,18,25,20,40,66,0,18,10,32,42,16,104,5,11,36,56,25,35,29,17,21,36,37,19,21,18,47,36,8,40,27,31,39,34,15,21,15,10,51,17,17,16,86,28,18,36,35,9,24,32,42,6,12,38,27,19,43,52,23,18,19,33,34,31,91,43,18,31,27,37,22,38,11,32,18,24,8,33,36,17,19,18,40,45,31,43,40,37,39,28,19,59,23,10,18,10,14,33,31,60,35,25,30,15,18,3,19,1,2,19,14,17,28,18,19,17,47,30,22,7,26,13,23,10,32,30,9,17,19,31,24,113,22,45,14,14,44,29,17,20,21,18,5,14,22,18,5,4,22,18,17,22,25,19,19,2,37,16,16,18,91,5,23,32,16,26,18
12,97,41,34,6,23,35,32,33,22,15,45,34,23,43,30,37,27,11,14,10,39,7,28,10,37,39,12,18,21,4,12,16,17,69,8,22,34,44,15,44,6,14,48,24,14,9,18,9,19,10,35,25,55,36,41,21,25,47,7,9,37,45,9,30,65,11,19,37,8,9,8,24,18,36,38,36,12,64,22,6,26,4,7,25,29,28,53,4,23,6,4,21,21,9,40,5,58,8,33,10,41,22,7,66,76,5,53,51,18,29,19,11,8,20,47,16,31,45,12,25,12,37,6,9,7,137,17,56,53,7,21,61,32,10,45,16,26,10,15,17,33,33,11,32,34,18,19,10,20,21,25,22,10,28,52,22,27,35,19,23,11,39,19,4,29,45,14,19,59,25,47,37,40,48,47,8,50,11,20,17,45,8,30,28,34,68,18,0,22,41,47,8,109,20,12,42,62,32,29,29,1,32,40,33,6,23,11,45,36,15,44,28,34,49,40,20,14,16,17,52,28,16,20,92,33,24,35,30,23,40,33,42,19,14,39,29,20,42,47,23,9,21,32,31,37,94,45,32,33,30,41,25,39,24,36,8,40,26,33,45,1,38,10,44,39,33,39,41,45,35,24,9,57,35,21,7,14,34,33,29,58,40,19,30,7,9,13,8,19,15,17,11,16,27,16,10,7,48,38,28,15,25,22,32,19,34,24,14,29,10,33,20,109,19,44,16,10,43,31,33,8,20,9,17,16,28,29,19,20,25,10,14,15,40,6,5,19,38,5,29,23,90,24,29,27,20,29,13
25,94,42,33,22,13,22,33,38,19,19,45,32,6,23,25,39,9,19,16,22,26,24,30,20,38,45,13,14,13,23,23,21,22,69,24,21,32,51,23,41,24,17,49,15,16,19,11,24,8,26,42,19,48,18,32,21,11,39,27,23,34,48,24,8,58,13,17,25,23,22,23,20,21,36,36,36,17,55,6,24,13,20,24,20,14,26,49,23,4,21,25,16,16,21,35,24,61,25,23,24,41,7,23,60,61,22,43,49,22,12,10,27,21,14,46,20,35,46,23,12,21,35,22,22,25,132,14,59,48,21,27,52,23,26,36,23,19,24,28,17,30,17,25,15,35,11,18,25,7,25,16,12,26,9,58,21,9,37,8,19,24,24,16,25,16,46,20,6,54,7,46,34,35,41,31,25,49,23,10,17,42,22,21,29,32,62,10,22,0,33,40,23,110,11,17,39,56,25,29,15,26,20,40,38,26,21,24,46,28,24,40,22,20,40,20,15,23,23,21,52,14,23,20,87,28,9,19,37,5,18,32,41,8,17,39,25,21,44,45,24,22,22,32,25,27,83,38,27,18,22,38,14,37,12,35,22,18,11,34,32,26,15,24,45,39,38,40,40,36,22,18,26,61,18,20,21,14,18,37,25,56,30,15,27,22,24,6,23,7,4,15,20,26,23,20,26,25,47,28,19,5,19,22,14,12,28,27,13,8,23,29,29,104,22,36,20,23,32,30,14,22,19,25,15,13,23,23,7,14,18,21,19,27,31,20,22,8,44,25,11,17,85,5,27,30,22,27,22
42,98,41,43,36,22,39,22,37,39,33,43,23,32,12,23,40,35,40,34,39,43,42,42,34,44,50,37,33,40,39,37,37,40,57,38,42,39,30,38,49,36,37,51,28,37,36,38,38,31,37,37,33,56,42,36,30,31,43,43,36,41,50,38,32,71,37,44,42,41,35,38,35,38,34,36,33,39,70,38,42,33,37,38,41,37,40,47,40,33,34,37,35,35,35,34,39,53,37,35,38,33,37,41,75,66,39,41,48,41,30,37,39,38,26,52,38,40,43,39,36,39,42,35,38,41,137,28,48,53,36,43,47,41,39,38,39,29,40,40,36,33,24,38,32,42,34,42,39,28,41,36,30,40,42,55,39,19,42,36,35,38,39,39,38,39,40,38,29,46,45,54,39,22,22,37,38,54,38,36,38,49,41,36,42,33,58,32,41,33,0,38,40,104,38,34,46,37,35,25,26,42,39,44,48,40,45,38,55,41,42,38,35,37,46,41,35,39,44,39,59,26,37,45,83,35,39,42,37,35,40,34,34,41,35,39,35,37,49,47,41,40,41,39,39,38,84,49,29,38,37,24,43,42,30,44,40,40,35,40,43,42,41,39,25,47,33,48,44,33,24,41,39,60,36,32,38,40,30,39,39,59,37,39,35,39,38,32,39,31,32,40,38,38,28,41,40,38,46,41,41,29,30,34,36,41,25,43,39,31,39,36,42,107,41,28,43,39,32,40,36,41,39,41,36,32,19,38,41,30,37,44,42,41,40,40,39,35,49,37,33,27,86,31,41,45,42,38,38
46,95,44,55,44,41,49,47,34,46,45,43,41,42,39,46,47,32,40,42,45,48,48,49,46,55,55,47,42,46,44,43,44,47,69,45,43,50,39,37,51,45,43,48,48,42,43,47,46,45,42,44,45,59,54,36,41,44,36,46,45,40,49,46,42,68,47,41,51,46,44,45,45,48,49,46,49,47,75,44,43,41,44,43,50,47,39,54,44,38,49,45,39,40,42,37,44,48,43,42,46,51,35,45,73,70,46,50,48,39,39,44,47,45,37,58,45,46,49,45,46,44,49,42,45,45,108,44,53,40,44,50,55,47,47,54,45,44,44,46,44,46,37,42,46,46,38,47,46,45,46,41,41,46,48,59,47,38,46,41,44,46,40,43,46,47,50,40,38,68,47,54,44,42,51,37,44,56,45,41,45,47,44,45,42,44,72,42,47,40,38,0,42,104,45,43,39,60,48,36,44,47,41,51,52,46,44,46,52,49,42,47,47,48,52,41,37,44,47,47,62,39,43,51,84,49,44,44,48,45,39,40,45,42,42,38,49,43,55,57,47,47,46,43,48,35,79,54,47,48,47,42,49,41,48,51,47,39,44,43,43,47,26,45,40,51,43,49,45,48,43,51,44,59,43,41,45,46,39,42,47,50,47,46,50,44,46,37,46,45,38,45,47,47,46,38,43,44,40,46,48,38,42,42,37,45,45,47,47,41,44,48,52,117,44,44,43,46,46,45,49,43,45,45,43,44,45,39,45,43,44,47,46,48,50,46,44,43,54,44,48,46,87,47,48,50,44,47,46
14,99,42,30,12,24,34,33,39,20,13,42,32,24,41,31,41,25,15,19,7,36,10,28,15,43,44,12,13,24,12,11,10,17,67,11,21,32,44,17,47,12,14,43,25,13,12,15,11,18,6,32,23,57,32,44,23,22,48,13,19,37,40,13,34,62,12,15,32,10,15,9,25,20,39,40,39,11,66,25,16,22,8,11,19,24,24,55,9,25,11,9,20,21,8,40,11,56,6,29,11,35,16,4,67,80,9,55,52,17,35,23,13,11,22,53,15,32,47,12,26,12,40,6,11,9,141,18,56,51,10,26,55,27,11,43,18,26,8,16,16,32,29,17,24,27,18,15,12,20,29,26,26,14,34,56,11,29,35,19,24,11,34,19,13,34,46,11,16,62,26,49,38,41,48,41,12,47,10,17,18,43,13,28,31,34,69,16,8,23,40,42,0,109,18,13,42,61,32,34,30,8,26,42,38,14,17,11,47,37,20,43,17,29,43,31,22,14,6,14,52,30,17,20,91,34,14,28,25,25,35,32,33,15,14,31,28,15,41,44,28,13,12,30,25,43,91,46,20,33,32,41,16,42,25,37,14,35,27,34,40,8,36,13,36,40,36,41,44,43,33,24,15,57,37,23,13,12,33,33,26,59,34,20,26,6,11,19,13,18,19,15,13,4,27,8,6,11,49,31,27,21,18,13,33,16,32,17,15,26,13,31,14,111,13,43,17,9,41,34,27,6,20,7,13,23,28,23,15,17,27,16,13,17,31,11,14,17,40,11,25,14,87,24,27,27,18,27,10
108,105,111,101,108,104,107,95,112,107,104,110,104,109,94,101,108,107,108,106,110,111,107,117,108,111,112,105,101,108,109,107,108,107,104,107,111,106,108,105,116,106,106,110,106,105,109,107,109,107,109,109,112,101,110,106,109,108,110,110,110,107,109,107,106,115,105,109,112,107,108,106,110,107,108,106,108,108,104,110,109,106,107,107,108,114,110,108,107,109,109,107,104,107,109,110,108,113,109,105,108,113,108,107,112,97,106,90,109,107,112,109,109,106,107,116,108,108,100,108,110,106,111,108,107,106,118,104,99,112,106,111,108,105,108,105,109,105,107,109,111,111,109,110,110,113,106,113,108,109,109,108,110,108,113,107,105,107,99,107,106,109,109,107,108,108,100,108,105,98,113,107,107,93,90,104,109,118,107,104,109,111,106,111,109,104,98,104,109,110,104,104,109,0,103,106,105,94,107,99,112,107,106,114,109,108,110,108,114,111,107,107,113,99,114,108,108,110,109,107,113,109,109,109,104,107,108,101,114,108,111,110,111,105,105,112,109,109,116,115,110,108,108,110,110,108,114,115,106,106,108,103,110,115,107,105,108,111,106,111,106,107,108,106,102,112,103,111,113,106,107,111,108,110,112,109,108,106,109,113,110,114,111,109,114,107,108,107,108,107,110,108,107,109,104,109,108,107,114,109,110,102,106,106,107,108,107,114,112,107,108,108,113,123,109,106,105,111,98,100,113,108,104,105,102,108,96,111,107,107,101,110,105,108,110,107,107,107,112,108,110,105,115,109,103,115,105,106,109
19,99,35,34,20,24,32,31,35,21,12,43,29,11,42,23,39,18,17,17,15,35,19,31,19,38,46,14,14,17,20,17,11,17,64,19,21,27,50,16,48,16,20,51,22,10,19,9,20,13,18,37,27,60,35,37,21,23,49,20,18,36,44,19,22,64,14,24,30,18,17,19,30,19,32,38,32,11,65,18,17,25,17,19,26,20,35,54,20,9,18,16,19,21,19,42,20,61,19,23,20,41,25,19,63,70,17,50,47,16,34,23,20,19,17,50,18,28,46,19,19,20,40,18,18,18,137,10,54,51,17,20,51,28,21,40,23,22,18,21,22,29,27,19,24,35,16,14,21,14,25,27,22,20,25,55,26,15,32,9,27,20,35,17,19,25,45,20,12,58,24,53,37,36,45,40,17,51,19,10,14,49,18,22,29,35,68,5,20,11,38,45,18,103,0,17,35,63,30,31,36,18,20,37,37,20,23,20,40,38,5,45,27,36,45,34,14,22,20,8,60,27,10,17,89,30,22,31,35,16,34,34,39,5,9,35,26,24,44,54,19,20,23,37,31,38,90,45,33,27,30,35,22,40,17,34,20,34,18,38,29,18,32,19,42,45,32,42,37,43,34,24,20,59,37,15,20,6,23,38,31,57,41,25,33,16,20,4,19,3,7,24,14,19,23,19,20,21,46,32,12,13,20,10,32,9,30,28,15,13,19,28,18,112,18,43,12,21,45,34,33,19,23,19,10,13,19,12,6,17,19,19,19,21,33,20,19,11,40,20,18,25,90,15,20,29,11,23,19
15,96,40,27,12,16,33,27,34,21,14,44,33,15,38,22,36,20,10,15,15,40,12,31,11,37,42,9,11,19,10,14,7,10,68,13,21,34,45,12,47,12,9,52,19,12,13,15,14,13,12,40,24,56,36,43,16,25,46,16,19,37,46,13,24,63,9,22,34,15,11,13,23,21,30,32,30,9,59,15,12,22,10,11,30,29,30,42,11,12,10,12,16,16,12,38,12,61,11,28,14,37,16,10,67,70,11,50,38,9,30,16,13,11,12,46,15,32,47,13,12,12,41,11,14,13,139,9,55,47,11,21,56,28,12,43,22,24,15,18,7,30,21,12,22,30,9,14,15,17,23,22,21,14,23,54,22,23,33,11,25,14,36,13,14,29,40,12,11,51,21,48,26,29,45,45,12,48,13,11,10,50,11,21,26,33,70,11,12,17,34,43,13,106,17,0,30,64,30,28,32,15,23,37,35,16,21,14,44,34,19,40,31,37,46,35,14,22,16,9,55,26,6,17,87,30,16,33,33,17,34,32,40,13,11,38,23,22,42,48,21,13,16,35,33,40,93,41,29,29,26,32,23,43,26,34,13,34,19,36,37,15,37,14,42,43,34,40,41,40,36,28,16,57,31,17,11,9,31,36,26,54,38,24,32,11,14,14,14,13,13,20,2,16,24,13,14,12,47,35,22,10,22,11,25,13,24,28,20,19,14,33,22,108,19,42,9,18,44,31,26,11,16,12,9,6,30,23,13,13,22,15,5,17,39,11,13,15,37,13,27,17,90,15,26,32,13,30,14
39,105,42,12,35,31,34,34,45,41,38,44,34,38,41,39,34,33,34,40,41,32,35,46,35,38,34,34,39,38,40,42,33,39,74,39,46,35,49,34,54,32,38,46,45,39,40,36,41,36,40,36,41,63,36,44,36,35,46,34,40,44,53,38,39,68,34,39,49,37,37,39,40,40,27,35,27,35,72,35,42,27,40,39,44,42,39,54,40,37,40,36,30,27,41,42,42,70,40,32,39,34,38,38,70,83,33,64,57,38,33,31,39,40,35,46,35,38,49,38,40,39,46,41,39,35,148,39,48,47,39,37,62,37,36,44,40,30,42,37,36,35,37,43,43,34,35,42,36,35,41,40,44,35,38,58,41,34,32,28,40,41,22,36,41,41,48,41,32,64,44,55,6,41,54,39,43,55,34,37,32,55,42,41,8,40,78,36,42,39,46,39,42,105,35,30,0,67,35,31,38,38,37,45,46,33,41,38,45,35,43,31,40,40,53,38,33,44,45,32,61,41,38,41,83,36,44,36,40,37,40,41,41,34,37,41,40,37,45,58,36,32,40,41,37,46,93,44,40,46,34,35,44,26,38,37,32,40,38,39,40,38,47,38,39,49,37,46,35,40,36,41,32,62,38,37,35,37,40,39,45,57,36,40,45,42,40,30,41,32,33,40,36,42,37,41,40,42,42,21,41,32,34,38,41,30,39,41,42,46,32,37,47,115,41,53,30,45,44,39,42,40,43,40,38,35,33,42,38,37,44,40,38,35,44,31,39,34,44,41,37,31,97,35,33,40,36,38,41
61,102,60,60,55,59,53,55,64,59,59,62,60,59,38,49,52,58,60,58,59,61,62,63,61,66,73,54,49,59,61,56,62,63,66,60,59,61,51,58,58,58,59,63,43,55,58,52,59,57,60,60,64,23,61,44,58,61,69,63,62,68,63,60,51,65,55,59,57,59,62,60,52,58,60,52,61,65,44,44,56,54,57,59,55,50,55,63,62,55,61,57,63,64,55,60,61,59,56,59,59,67,53,56,59,57,63,48,66,58,55,61,64,62,50,69,60,62,57,60,43,61,59,60,60,63,120,57,55,67,61,69,57,57,64,52,60,61,59,64,60,60,49,54,57,70,56,62,60,51,60,50,56,63,62,67,65,59,60,61,58,59,55,60,61,49,41,60,51,6,52,62,68,30,30,52,59,69,60,61,64,55,61,56,65,59,33,56,62,56,37,60,61,94,63,64,67,0,68,56,59,65,61,70,68,64,59,59,71,56,52,63,63,53,49,55,56,56,61,58,57,50,60,61,86,62,60,44,64,45,51,61,61,61,58,60,64,59,71,56,64,64,62,62,58,61,84,69,58,53,59,53,57,63,55,53,64,51,55,57,58,65,61,62,65,62,70,62,63,57,50,56,64,63,52,57,57,57,53,58,61,66,62,62,59,58,59,58,61,61,56,60,64,65,60,58,57,59,71,63,63,61,57,54,59,59,63,64,55,55,61,62,67,114,58,47,58,58,56,59,54,59,52,66,58,57,51,56,59,62,43,57,57,61,65,62,61,62,64,61,58,59,98,53,50,70,61,64,58
32,98,33,32,32,23,26,29,40,32,34,48,31,29,44,28,13,25,34,29,33,38,33,35,33,44,43,31,32,30,32,33,30,31,67,31,34,34,48,33,48,31,32,39,34,29,32,24,33,29,31,15,28,55,38,42,29,29,42,34,31,42,50,31,31,70,31,34,34,32,30,30,22,31,9,11,9,30,48,31,32,16,30,28,34,35,27,40,32,31,32,31,32,31,32,39,32,61,32,17,33,37,31,30,72,71,31,56,47,33,28,25,34,31,29,18,16,33,46,32,31,32,44,31,30,31,146,29,56,39,28,36,52,20,34,50,33,29,30,34,31,1,28,33,32,20,30,33,34,30,34,25,35,33,27,56,34,25,7,30,30,33,33,31,32,25,43,33,13,65,33,53,25,28,50,40,32,50,32,28,27,52,32,33,24,15,72,25,32,25,35,48,32,107,30,30,35,68,0,31,30,33,20,39,40,33,35,33,43,7,31,15,32,42,48,41,24,34,35,31,56,28,32,31,69,1,34,34,36,32,17,30,17,30,30,21,31,35,43,51,34,34,33,39,42,38,95,48,36,33,14,16,36,38,35,5,34,17,30,39,37,33,29,30,15,39,31,45,22,39,25,27,33,57,24,28,30,29,25,39,35,53,37,34,41,32,33,27,32,30,21,32,25,31,5,33,33,32,24,23,32,26,27,31,25,31,36,31,34,32,32,28,39,113,30,46,31,32,49,33,24,29,36,30,30,28,28,34,26,31,32,33,30,36,39,32,31,33,42,32,34,22,92,34,30,34,33,6,33
34,97,40,26,28,18,32,14,36,25,29,45,31,30,27,10,28,31,30,26,34,35,32,39,29,42,43,26,16,21,30,31,27,29,70,29,30,32,27,31,54,32,27,51,26,27,30,35,32,31,34,33,33,40,40,31,29,32,44,28,30,34,42,31,28,64,25,33,35,31,32,31,25,30,32,29,31,32,68,30,33,24,31,31,28,26,28,47,31,32,31,26,30,30,31,30,27,54,32,31,32,41,19,28,71,55,31,48,40,29,30,35,33,29,31,47,17,36,42,32,27,30,47,29,31,31,142,19,50,52,28,37,51,27,32,36,30,30,34,30,15,27,35,29,33,32,35,39,30,30,35,23,34,33,30,52,25,32,23,34,31,32,36,32,29,33,42,31,24,49,29,50,29,31,36,38,27,48,32,31,33,48,32,31,31,20,63,35,29,29,25,36,34,99,31,28,31,56,31,0,26,29,19,37,40,35,36,31,49,31,27,32,25,25,46,31,25,29,32,31,56,31,29,34,70,23,34,23,36,32,37,29,39,31,26,40,36,33,47,50,34,36,33,34,31,38,85,48,26,24,27,27,37,42,36,31,36,37,32,35,38,29,33,32,24,41,25,33,34,39,23,23,35,57,35,31,31,30,32,35,35,49,38,28,36,34,31,27,32,36,28,30,33,35,27,34,32,33,49,35,31,28,24,25,28,31,28,36,32,30,32,35,34,104,27,45,35,31,37,22,27,32,24,33,34,33,11,35,33,35,32,32,30,30,35,28,32,36,48,29,35,19,90,34,25,34,31,12,35
35,100,36,32,28,18,20,31,30,31,33,38,38,28,37,36,32,11,29,22,32,34,33,31,30,40,46,25,22,24,33,27,33,32,63,33,35,29,46,30,47,32,31,42,26,29,33,24,34,32,27,35,38,50,21,35,30,32,31,37,31,37,48,33,21,61,26,27,23,33,31,35,14,36,27,28,28,35,59,21,27,11,34,34,23,26,22,41,31,21,31,33,24,28,27,38,37,53,28,19,34,45,24,27,63,66,36,43,35,28,28,21,37,33,15,39,19,31,47,33,20,33,36,34,35,36,143,23,54,51,33,39,49,25,35,33,29,29,34,38,29,20,21,31,24,38,26,36,35,21,32,12,20,36,20,55,28,15,26,29,22,34,36,32,33,34,40,30,25,45,25,50,35,37,42,25,26,49,35,33,31,35,33,34,33,31,64,29,29,15,26,44,30,112,36,32,38,59,30,26,0,35,23,36,35,36,23,34,47,25,22,39,27,17,32,26,31,27,26,32,52,21,29,29,85,21,22,14,29,22,27,27,39,25,22,33,33,27,34,39,37,37,31,24,31,25,82,41,28,13,34,36,31,40,24,25,37,27,27,20,32,35,30,35,28,38,20,39,42,33,21,22,34,60,23,33,31,33,19,21,32,52,30,27,27,29,34,25,34,31,20,27,33,36,24,28,27,32,42,24,31,17,27,27,21,33,31,35,35,26,34,34,42,109,22,38,30,29,37,19,19,26,24,33,29,31,37,28,33,29,34,34,29,37,18,35,34,25,43,33,25,17,85,32,37,38,29,30,34
12,95,41,32,7,24,34,32,33,22,11,43,34,25,44,30,39,29,11,16,10,41,6,30,13,36,41,16,13,24,7,12,16,21,69,8,21,33,44,15,45,7,14,49,26,18,11,13,9,16,13,38,24,57,37,42,22,27,50,7,12,35,45,6,32,69,16,21,34,13,13,8,24,18,36,38,36,12,67,23,7,26,6,8,26,30,29,54,9,23,7,3,22,21,8,40,7,59,8,31,9,41,23,8,70,79,4,54,51,15,32,26,10,5,23,46,22,32,47,9,25,12,36,7,8,4,140,23,56,53,8,20,61,29,7,42,21,26,10,14,19,33,33,14,32,29,21,20,9,21,24,30,24,9,28,54,22,28,35,16,25,11,39,17,4,32,47,14,19,60,26,51,38,40,51,47,9,46,8,20,18,47,11,29,30,35,74,17,1,26,42,47,8,107,18,15,38,65,33,29,35,0,32,39,31,9,22,10,44,37,21,45,26,34,44,38,23,14,12,17,54,32,10,21,92,33,24,32,33,21,37,27,41,15,14,39,29,22,39,42,22,6,18,32,33,38,91,42,32,29,27,39,21,43,27,37,5,37,26,33,43,0,38,10,44,39,33,42,38,46,35,25,8,57,36,24,7,14,32,33,30,58,38,20,31,8,8,17,8,16,21,22,11,14,27,15,12,8,48,38,28,19,27,22,34,16,34,24,19,27,9,33,20,108,15,45,10,11,41,34,34,11,24,8,18,17,28,28,18,20,26,12,14,14,40,3,8,13,33,8,28,23,91,23,29,27,16,27,13
31,98,42,32,29,21,29,21,34,25,24,42,26,23,44,24,34,24,33,17,26,33,32,32,29,40,47,21,14,20,32,32,23,27,68,28,29,33,34,26,45,30,17,45,21,22,29,27,27,29,24,26,31,60,19,44,21,19,49,31,31,37,44,28,29,65,21,34,28,32,28,29,20,25,33,34,32,29,63,24,31,17,28,29,22,20,14,43,29,23,34,30,24,23,25,22,30,64,28,27,27,36,16,31,63,77,30,53,41,26,32,24,31,29,23,46,15,33,40,28,26,23,44,30,27,29,140,20,52,52,30,31,51,20,31,44,31,24,30,30,18,17,23,31,20,19,23,31,28,26,32,15,21,32,27,57,32,22,27,27,24,27,35,24,29,30,41,27,19,60,27,51,36,39,45,33,30,57,28,20,28,45,31,28,34,29,67,21,32,20,39,41,26,106,20,23,37,61,20,19,23,32,0,38,35,30,33,27,49,32,21,46,31,34,38,25,22,23,29,27,57,21,20,33,89,29,22,26,30,25,37,30,39,23,19,38,31,32,44,48,34,31,27,33,35,47,95,44,21,15,27,34,33,41,28,25,31,37,26,31,40,29,42,29,34,43,27,34,37,37,27,14,30,55,36,31,29,24,30,31,33,60,38,22,32,31,27,21,29,30,19,26,26,20,17,31,28,32,45,25,29,25,21,20,21,25,25,29,31,31,28,27,29,106,30,42,26,28,39,26,20,31,23,28,20,30,23,25,24,29,25,29,25,31,33,30,31,23,39,29,28,19,86,25,22,21,26,22,28
39,104,45,38,39,37,44,40,44,36,39,50,39,41,46,42,41,38,37,35,35,38,35,47,41,11,8,37,36,36,40,37,37,37,74,38,35,37,52,38,51,37,36,60,41,40,40,36,40,35,41,48,42,63,42,48,39,36,54,41,42,40,52,37,43,74,37,39,42,41,39,38,40,34,38,37,38,40,75,41,39,39,38,38,41,45,44,60,37,41,38,37,38,37,40,48,40,65,41,40,38,49,40,40,79,83,39,65,52,37,45,28,37,36,37,57,41,30,54,37,38,33,18,38,39,38,148,40,60,56,39,25,69,40,37,51,43,41,39,36,41,40,40,36,42,38,39,42,36,37,35,41,43,37,35,56,38,43,37,38,39,40,42,37,37,39,58,36,37,67,41,53,43,42,56,56,38,53,37,39,38,55,39,42,43,43,76,36,40,40,44,51,42,114,37,37,45,70,39,37,36,39,38,0,3,37,45,37,34,36,37,45,37,43,58,36,41,42,38,38,59,41,38,39,100,39,44,42,39,40,42,38,45,34,38,44,36,41,20,49,34,37,40,27,33,42,100,16,41,43,41,46,44,46,36,38,37,42,38,40,44,39,40,38,49,49,38,41,50,47,44,42,37,59,46,41,38,37,44,40,45,64,48,38,46,36,39,41,39,37,41,38,38,39,43,41,42,37,53,44,40,41,43,39,40,40,42,45,41,44,37,39,41,111,37,46,33,40,49,41,44,41,37,37,39,33,41,43,39,35,45,40,36,36,43,37,36,35,21,40,35,37,100,41,43,43,37,41,40
37,104,46,35,37,34,40,39,40,27,34,47,41,37,45,38,36,38,34,36,37,42,29,45,37,11,16,35,35,35,36,37,33,35,77,36,35,37,47,36,49,33,34,57,39,36,38,35,36,34,34,43,34,63,42,47,32,40,47,37,37,47,53,35,40,71,35,39,38,35,38,36,35,31,41,42,41,35,74,36,36,37,36,36,40,38,41,61,35,37,36,34,35,35,38,47,35,65,38,38,34,47,39,40,74,82,35,60,53,34,39,26,33,36,39,53,39,29,48,33,33,31,9,36,36,35,149,39,59,60,37,23,66,39,32,51,34,39,35,30,35,38,39,38,37,36,34,40,34,36,35,40,39,33,31,54,33,38,37,36,33,36,39,34,37,36,56,32,33,67,39,56,41,42,56,51,31,56,35,36,33,55,36,40,42,46,72,37,33,38,48,52,38,109,37,35,46,68,40,40,35,31,35,3,0,35,35,33,32,37,33,44,34,47,51,40,34,36,37,36,62,36,34,32,96,39,37,39,41,37,37,29,46,32,35,47,34,39,12,51,28,33,38,38,33,46,100,27,36,39,41,44,37,46,30,38,33,37,39,43,44,35,45,35,50,44,38,43,46,47,42,40,35,60,41,39,36,34,45,43,38,65,46,39,38,31,35,35,35,36,32,37,34,38,40,36,36,34,53,39,40,34,34,36,40,36,38,40,39,36,35,36,39,114,38,52,31,36,46,46,39,34,35,32,33,36,39,40,34,40,37,31,33,28,45,33,33,32,13,37,34,38,95,37,43,39,33,37,38
10,98,43,31,4,21,41,34,35,24,12,42,35,24,44,31,35,27,13,16,13,42,4,29,14,34,42,16,16,24,5,17,15,20,71,8,24,38,46,17,45,7,14,54,28,15,9,17,7,17,14,37,27,61,39,43,23,27,46,7,16,34,44,5,32,67,15,15,39,14,13,7,31,22,31,33,32,13,66,23,11,25,6,5,31,27,30,55,10,24,14,3,24,22,6,42,5,62,11,30,5,40,25,11,70,79,2,57,52,15,35,26,4,5,23,48,21,33,47,6,27,13,31,8,7,4,139,21,56,53,6,16,58,36,3,49,22,27,12,9,23,33,32,14,35,30,22,22,4,24,22,30,30,0,31,58,20,25,36,18,26,7,40,21,5,33,49,15,19,61,25,53,32,40,51,42,9,50,4,19,18,50,9,27,31,38,73,19,6,26,40,46,14,108,20,16,33,64,33,35,36,9,30,37,35,0,21,4,41,37,21,43,25,35,44,38,23,24,17,17,56,28,13,21,93,33,21,34,34,25,37,35,41,18,17,41,28,15,42,49,18,4,20,35,28,41,91,35,35,28,34,39,26,43,28,37,5,37,24,39,43,9,38,7,43,37,37,42,42,44,34,31,1,59,39,23,4,14,29,39,29,59,38,20,33,15,6,16,5,17,21,23,12,17,29,16,13,9,48,37,27,19,27,19,35,18,34,27,19,30,3,35,22,104,16,44,11,19,41,34,36,13,26,9,17,18,29,27,19,19,28,9,13,11,38,2,8,18,37,6,28,22,93,26,26,33,16,31,10
24,94,39,34,20,25,35,39,40,20,22,38,38,25,49,33,46,17,20,23,25,42,21,28,24,46,50,24,23,24,22,18,22,25,73,23,24,29,43,20,49,20,21,54,20,20,21,24,25,22,14,33,15,56,35,45,23,27,44,21,18,38,38,23,20,61,23,8,30,17,24,22,25,17,42,44,42,21,67,26,20,23,20,20,24,23,28,50,19,26,21,21,23,23,17,44,21,55,12,27,25,40,22,16,62,76,22,57,50,22,37,24,23,16,22,54,22,31,54,24,21,21,42,24,21,23,131,22,54,52,22,26,63,26,21,47,19,28,17,21,24,35,27,22,16,35,17,26,26,24,21,27,30,21,25,56,13,32,38,24,25,25,37,23,22,33,50,21,17,64,22,43,37,40,50,46,19,36,24,24,21,49,21,30,24,37,71,21,23,21,45,44,17,110,23,21,41,59,35,36,23,22,33,45,35,21,0,25,49,40,23,49,17,26,42,24,18,12,23,26,51,29,24,23,91,36,22,25,27,27,43,26,44,28,23,43,32,8,46,45,27,25,16,25,33,42,91,48,23,34,34,42,9,47,24,40,24,43,29,15,40,22,32,22,39,39,31,37,42,47,30,25,23,59,27,27,20,21,26,16,31,64,24,12,31,19,25,22,20,27,21,10,24,21,33,10,13,19,52,36,27,20,30,25,29,23,34,16,25,28,20,30,15,115,25,42,26,17,41,34,19,16,25,17,24,22,36,25,24,26,32,25,25,22,21,20,22,22,49,21,29,24,95,21,24,17,24,31,25
8,97,44,36,8,19,38,35,40,24,13,45,32,25,44,30,34,28,11,16,13,42,8,28,15,36,42,16,17,24,8,12,15,20,69,9,22,35,50,16,44,7,16,50,27,14,8,15,3,16,13,39,26,57,37,44,26,27,48,14,19,35,45,8,31,69,16,17,35,13,16,4,30,22,32,32,31,12,66,23,12,26,7,5,29,27,31,54,8,23,13,6,25,22,9,42,8,62,12,30,1,42,26,15,71,77,8,54,52,14,34,24,6,6,22,50,22,31,47,2,27,17,38,9,9,8,136,19,56,53,11,19,57,35,6,44,23,27,9,10,19,33,32,14,32,30,20,18,2,22,25,30,25,4,30,56,22,28,33,17,25,3,39,19,5,35,47,17,18,61,26,51,32,41,50,43,12,50,2,18,18,47,10,28,33,38,68,18,11,24,38,46,11,108,20,14,38,59,33,31,34,10,27,37,33,4,25,0,42,37,19,43,24,34,46,38,22,25,17,16,54,27,13,21,93,33,22,32,35,23,38,33,43,17,18,41,29,17,40,46,21,6,22,37,26,40,93,38,34,32,33,41,24,45,27,37,6,38,26,37,43,10,36,9,41,39,35,40,41,42,37,31,4,57,36,25,4,15,32,37,28,58,40,19,33,12,2,18,5,17,20,23,12,15,29,15,11,10,48,38,27,20,27,17,32,17,34,27,19,29,3,35,24,106,17,47,14,15,41,32,32,13,22,10,18,18,31,27,18,22,28,6,12,8,39,5,5,17,37,4,29,24,91,25,27,33,17,31,6
47,107,53,49,46,46,43,46,53,39,44,58,52,43,44,48,48,46,46,49,50,49,41,52,42,44,36,38,47,49,46,42,42,48,78,48,36,45,60,45,55,46,43,58,47,44,45,44,48,43,46,56,44,71,52,51,46,46,61,48,46,42,53,47,44,68,39,42,50,46,41,48,52,44,47,50,47,48,78,44,42,47,47,48,50,46,51,65,49,43,46,44,50,49,47,50,47,72,48,49,42,56,47,44,79,84,45,65,63,42,45,38,44,45,48,55,51,37,57,41,47,40,40,45,48,45,148,46,66,64,45,39,73,49,49,55,43,49,47,41,46,46,52,47,49,47,46,51,45,48,44,44,48,41,41,64,48,47,45,45,44,48,49,38,46,47,58,41,43,69,46,59,46,55,59,54,48,65,46,44,41,57,48,48,50,53,81,47,45,46,55,52,47,114,40,44,45,71,43,49,47,44,49,34,32,41,49,42,0,42,45,51,48,48,58,44,46,46,51,46,63,45,42,44,102,48,48,45,56,44,45,55,54,41,47,54,47,44,40,58,38,45,41,50,44,55,103,31,43,45,47,49,48,47,42,40,44,45,41,54,47,46,55,48,52,49,54,51,53,55,47,51,40,62,54,49,42,46,49,54,55,69,51,46,55,44,47,45,46,45,47,50,48,50,47,49,49,45,56,45,49,42,49,47,52,43,47,50,47,50,45,47,55,120,47,53,45,43,52,51,52,45,41,47,46,44,50,47,44,44,49,51,43,44,48,42,44,42,38,45,38,48,103,44,52,51,45,44,45
36,103,32,29,35,30,21,31,38,35,38,50,37,35,38,31,10,35,29,31,36,42,37,39,28,42,43,26,27,35,37,37,34,35,67,35,34,32,47,35,45,35,36,38,22,33,32,30,37,30,34,15,34,48,28,42,38,37,50,38,32,44,48,35,28,74,27,33,39,34,32,34,32,36,15,14,16,34,52,19,36,30,34,34,35,32,36,47,37,19,31,36,35,32,36,38,36,58,35,13,37,41,28,33,76,74,35,49,43,28,36,31,38,35,27,25,18,36,43,36,31,36,37,30,35,35,139,31,53,40,34,37,54,31,38,44,37,25,35,39,36,7,41,27,33,13,37,39,37,29,37,21,31,37,34,58,31,36,7,33,32,37,33,29,36,18,47,36,32,57,25,53,32,41,43,35,35,52,36,36,35,52,37,36,32,26,69,36,36,28,41,49,37,111,38,34,35,56,7,31,25,37,32,36,37,37,40,37,42,0,28,16,34,15,45,39,37,29,32,35,60,30,33,36,67,6,33,19,38,19,8,37,12,31,29,25,35,33,41,50,37,38,33,35,35,33,91,46,37,27,10,24,32,37,24,2,38,8,33,39,39,37,32,34,12,40,30,43,27,21,28,32,37,60,26,32,36,28,27,40,35,49,37,40,40,36,37,36,36,32,36,34,31,35,10,33,30,37,36,30,38,36,28,34,36,35,37,39,26,27,36,33,39,114,28,31,33,36,23,36,31,35,27,35,35,29,30,33,36,33,32,33,30,40,35,36,35,31,32,36,24,21,93,36,34,37,33,9,35
21,93,38,26,18,16,30,35,39,14,10,46,37,6,35,30,34,21,15,14,21,38,21,30,10,39,45,5,10,12,15,19,13,18,65,21,16,24,50,12,47,20,5,40,14,4,18,11,19,16,18,36,26,49,20,39,14,9,46,21,14,34,45,21,10,65,4,19,25,16,11,21,25,13,31,39,31,19,57,9,17,14,16,18,22,20,25,46,17,16,17,19,7,8,14,41,19,61,16,31,19,42,9,15,68,74,19,46,43,20,26,24,22,21,7,49,9,31,41,18,6,12,34,17,22,19,136,8,57,52,18,25,50,21,22,39,16,15,19,23,12,32,18,15,27,20,5,23,20,12,26,20,8,21,24,55,24,19,27,6,19,19,28,11,21,19,42,15,14,52,12,49,34,39,38,45,19,46,18,5,16,49,17,20,25,34,65,8,15,24,42,42,20,107,5,19,43,52,31,27,22,21,21,37,33,21,23,19,45,28,0,44,24,30,43,20,7,20,18,17,51,11,11,17,93,32,10,25,35,19,37,33,42,5,10,40,20,19,42,47,24,23,20,31,25,30,93,40,23,23,30,25,18,35,10,31,23,37,7,34,36,21,19,17,43,45,29,42,35,45,35,21,20,58,34,17,17,6,21,34,24,53,35,21,28,12,19,4,21,6,5,17,18,23,22,17,18,20,49,26,18,5,20,11,29,15,28,28,9,12,21,31,20,111,15,38,16,16,42,37,28,20,10,20,4,18,26,18,7,6,17,17,11,23,25,21,17,10,34,18,18,26,92,5,19,31,8,24,19
44,102,45,33,41,39,37,46,43,43,41,44,38,40,41,44,7,23,43,42,46,40,46,51,39,43,43,40,42,48,44,46,43,43,73,41,47,44,34,41,48,44,43,33,42,41,42,41,43,44,45,32,48,66,44,40,45,47,37,44,42,40,48,43,46,66,40,49,47,39,43,42,38,43,9,6,8,44,55,44,42,28,44,42,45,48,40,56,44,45,42,43,43,43,43,49,45,54,47,28,43,38,43,45,66,77,45,63,42,39,28,39,41,40,41,25,36,45,44,44,46,43,47,46,43,42,149,41,49,40,43,46,59,37,43,43,45,41,43,42,45,14,41,42,40,29,38,47,46,43,47,35,42,43,49,54,44,38,10,44,43,43,45,45,44,38,54,44,40,69,45,51,47,43,46,25,43,57,42,43,39,52,44,45,34,39,69,40,44,40,38,47,43,107,45,40,31,63,15,32,39,45,46,45,44,43,49,43,51,16,44,0,51,39,48,44,43,45,44,45,58,36,45,47,91,15,43,43,49,41,17,47,22,41,39,22,48,48,47,51,48,41,41,46,42,41,83,45,45,42,22,39,48,45,50,16,41,17,45,47,40,45,40,41,13,55,39,50,44,36,41,41,43,56,43,46,43,44,41,47,46,63,38,48,47,46,43,42,44,44,40,44,43,45,24,49,48,45,35,35,36,36,44,44,35,43,47,53,44,40,40,45,49,114,45,50,43,44,52,45,32,45,49,43,40,45,36,45,43,42,42,42,44,43,29,44,41,46,45,43,45,43,98,44,45,47,45,35,43
29,97,45,38,26,22,24,28,43,22,25,33,36,26,35,28,42,28,26,27,22,41,25,30,30,41,39,29,22,29,29,26,30,32,64,24,24,27,50,30,47,28,28,53,24,25,28,23,26,26,21,41,26,57,31,38,26,20,51,30,23,30,36,23,25,66,29,16,32,23,27,25,30,22,38,43,38,28,69,29,30,28,27,28,24,25,29,56,28,29,22,26,18,17,23,44,29,62,21,28,24,37,25,21,66,78,27,55,54,30,29,28,28,25,34,50,26,30,53,25,34,27,40,21,28,24,144,28,48,52,24,34,63,26,25,52,29,27,23,28,27,32,27,23,24,33,28,30,25,30,29,24,29,25,29,60,12,25,38,30,28,26,42,31,25,37,42,23,28,61,32,49,29,42,49,47,25,41,25,24,27,46,30,26,33,40,71,27,28,22,35,47,17,113,27,31,40,63,32,25,27,26,31,37,34,25,17,24,48,34,24,51,0,31,47,26,28,17,20,29,59,23,29,28,94,32,25,28,31,32,40,19,44,27,27,39,29,15,46,38,27,28,31,36,32,34,94,48,23,30,30,41,12,45,32,32,27,40,20,32,45,24,38,25,40,29,37,43,40,37,34,27,24,54,26,26,26,30,32,31,24,63,29,23,28,24,25,31,25,31,26,22,31,19,31,17,20,26,53,38,32,28,26,32,32,32,33,31,27,27,23,23,19,101,20,48,29,29,47,34,30,25,29,22,28,27,32,27,30,30,35,26,31,29,40,23,25,27,42,25,24,23,82,21,19,25,25,35,30
36,97,31,33,32,21,20,26,40,35,32,36,33,31,39,24,31,34,30,31,34,40,36,37,34,42,41,28,30,22,35,28,30,36,65,32,35,10,37,34,45,33,28,51,22,31,35,38,34,35,29,36,31,37,18,23,31,29,41,33,36,33,50,32,24,61,27,33,34,32,36,32,18,36,28,32,29,37,56,25,37,23,34,33,27,25,19,42,33,26,34,33,29,29,34,44,34,63,35,36,34,38,28,33,67,73,31,53,51,34,28,27,40,32,25,48,29,31,43,33,28,31,37,27,33,35,138,29,51,43,32,38,55,23,35,27,35,30,31,36,32,38,16,36,24,32,37,40,35,25,36,16,32,35,27,49,29,35,39,33,32,34,27,36,33,23,39,35,30,53,29,43,36,37,44,31,32,52,34,36,34,35,33,27,32,30,58,31,34,20,37,48,29,99,36,37,40,53,42,25,17,34,34,43,47,35,26,34,48,15,30,39,31,0,37,18,27,26,28,36,54,27,30,39,91,25,24,3,34,25,38,36,40,26,32,38,29,39,44,55,41,33,36,32,34,29,93,45,30,19,31,26,36,41,25,15,33,38,35,29,37,34,29,32,36,41,31,36,37,33,12,33,36,57,30,36,31,29,23,34,29,53,28,27,41,31,34,30,31,25,37,25,35,30,27,35,36,32,46,31,38,24,24,32,36,26,29,33,32,18,31,30,35,111,31,9,36,29,8,30,29,30,31,33,33,32,30,33,30,25,25,37,29,37,17,35,30,27,39,31,23,31,88,29,25,36,32,31,36
47,104,38,47,44,33,32,38,47,42,45,44,43,39,40,47,51,38,46,47,45,45,44,47,45,51,56,48,39,40,46,47,45,47,67,44,48,37,44,46,50,45,43,55,34,45,46,44,46,46,45,48,41,53,33,26,39,38,44,46,45,47,49,44,31,66,48,47,41,45,45,44,46,43,46,43,45,45,46,36,48,26,45,45,41,43,47,58,43,33,35,43,46,44,46,43,43,60,47,49,46,38,44,43,73,67,47,49,48,46,19,39,47,40,37,49,48,49,44,45,38,45,53,46,46,44,143,41,58,53,44,53,53,31,47,36,51,29,40,48,40,49,34,50,48,55,34,43,46,29,50,45,21,44,44,53,46,45,47,43,43,46,42,39,43,36,40,41,43,57,33,48,47,49,36,41,44,50,46,43,48,47,45,42,51,50,60,39,49,40,46,52,43,114,45,46,53,49,48,46,32,44,38,58,51,44,42,46,58,45,43,48,47,37,0,44,34,51,44,42,59,32,46,49,75,36,48,34,47,32,48,49,35,44,43,44,40,47,54,47,49,47,48,36,46,21,87,56,30,29,44,45,49,53,31,43,47,48,29,48,32,44,32,44,42,49,35,55,47,49,33,31,44,60,46,45,43,44,26,36,45,54,48,41,40,42,46,44,43,36,34,48,46,47,42,42,43,44,50,42,46,35,31,37,32,40,44,50,42,33,43,46,53,91,43,41,44,44,35,48,47,40,42,48,41,34,47,44,42,46,40,51,46,49,38,43,45,33,50,43,37,28,77,26,44,48,34,47,46
39,96,37,39,35,37,26,29,32,37,32,34,43,20,39,34,38,21,40,28,32,32,38,41,36,35,42,29,27,22,33,33,31,31,66,36,35,23,41,37,35,37,28,46,23,30,37,33,38,25,31,28,35,50,29,27,30,29,47,42,40,38,37,37,29,67,29,20,38,33,36,37,19,33,28,27,29,35,69,22,38,17,34,37,32,32,22,47,35,20,38,37,28,27,33,38,32,56,30,31,38,37,20,30,69,72,37,55,46,34,30,26,39,39,31,54,21,35,42,39,27,32,38,31,38,37,134,18,39,53,35,38,59,20,37,27,36,23,38,40,24,43,21,34,23,38,37,42,38,28,34,16,22,38,24,58,28,37,29,34,31,38,34,32,38,36,36,37,37,57,23,48,37,42,46,25,33,42,39,22,35,29,37,37,41,26,66,34,40,20,41,41,31,108,34,35,38,55,41,31,26,38,25,36,40,38,24,38,44,39,20,44,26,18,44,0,27,29,35,34,59,26,37,40,87,39,22,18,34,20,40,36,44,30,35,40,26,20,38,49,37,36,40,23,41,25,91,42,26,24,47,30,23,38,17,41,37,40,18,22,47,37,22,37,38,30,27,36,43,47,28,32,37,63,27,40,38,36,39,21,38,58,23,32,36,34,38,34,38,32,26,38,36,38,34,23,27,36,50,43,40,24,26,34,35,23,29,34,33,31,38,41,32,114,34,38,26,34,30,18,23,30,29,39,35,34,36,33,26,25,37,37,37,40,24,38,37,28,35,36,21,21,90,20,39,30,28,44,38
23,89,33,32,22,13,40,31,33,21,23,29,33,19,39,30,33,14,20,12,24,32,23,30,24,36,46,16,9,14,20,19,17,14,69,20,21,31,48,17,44,22,15,49,28,18,21,9,22,18,17,38,22,55,21,41,6,9,34,22,22,38,45,20,17,66,16,20,38,23,24,22,15,17,33,30,32,21,56,5,19,11,20,21,26,24,33,46,21,16,17,20,6,7,19,40,17,59,15,29,22,37,16,18,65,67,22,47,48,20,27,22,25,22,5,44,15,34,46,21,11,18,39,19,22,22,137,17,53,46,20,26,60,26,25,39,26,11,21,25,18,25,15,21,23,33,3,21,23,14,25,22,17,23,21,57,22,21,25,6,24,22,39,15,23,30,45,19,4,54,11,50,34,39,39,29,19,46,21,16,12,47,22,24,23,41,69,15,20,15,35,37,22,108,14,14,33,56,24,25,31,23,22,41,34,23,18,22,46,37,7,43,28,27,34,27,0,18,24,19,59,12,13,24,84,28,7,26,33,6,34,32,37,16,17,34,22,13,46,42,25,22,22,38,34,27,88,48,23,30,26,37,19,39,23,34,22,34,21,38,39,23,26,20,36,42,36,41,42,40,29,29,22,55,22,11,20,14,23,38,24,58,24,19,31,19,22,4,23,18,13,21,20,24,23,19,20,18,45,39,21,5,15,18,18,21,21,29,18,13,23,30,25,110,16,41,18,17,42,15,18,22,21,19,13,19,30,18,16,8,25,26,19,24,29,23,22,6,38,18,27,16,89,6,17,31,6,21,23
24,98,45,26,23,14,35,28,38,13,15,43,34,19,45,29,36,24,19,18,19,29,15,28,16,40,43,17,16,25,24,12,20,23,63,23,11,31,41,20,36,19,19,49,21,21,24,23,25,22,16,31,18,55,28,44,22,22,46,25,12,38,39,23,30,59,18,22,31,16,19,23,27,16,32,37,32,21,67,19,21,20,19,23,20,19,18,49,20,20,20,23,13,13,21,42,16,56,15,30,25,40,17,14,63,78,18,55,46,21,35,26,23,15,23,51,18,32,48,24,18,18,41,16,22,17,137,12,54,53,23,22,58,25,18,46,22,27,19,17,19,29,28,16,27,29,19,25,26,25,14,21,25,24,29,54,10,19,34,25,19,25,32,26,22,31,41,15,21,61,24,47,34,42,46,45,17,51,24,23,22,47,22,24,29,23,72,21,14,23,39,44,14,110,22,22,44,56,34,29,27,14,23,42,36,24,12,25,46,29,20,45,17,26,51,29,18,0,10,23,50,22,24,24,89,32,15,26,27,21,37,28,44,19,21,41,28,22,44,45,24,25,14,24,25,43,95,44,27,31,33,38,17,38,21,29,25,37,20,27,41,14,33,23,29,34,33,34,38,43,27,21,23,57,36,28,24,19,32,27,25,59,34,17,28,16,25,22,22,23,17,12,23,12,29,16,17,21,49,37,25,21,24,12,29,22,32,21,26,28,22,30,17,105,15,38,24,22,39,33,35,20,13,15,20,22,27,17,18,23,27,22,20,20,31,20,23,24,42,22,25,18,93,23,23,25,23,27,23
18,97,37,34,18,21,28,31,41,19,12,44,29,17,43,26,38,22,15,19,10,36,14,30,18,40,47,13,11,25,16,17,14,18,68,15,11,29,41,17,49,15,11,49,23,17,16,18,17,16,11,40,23,58,38,46,22,26,45,14,10,38,35,15,31,64,14,15,35,7,18,15,25,15,34,34,33,13,67,22,18,27,12,16,23,33,31,52,14,23,13,15,17,23,13,44,13,59,10,32,17,38,21,12,73,75,15,53,51,19,29,22,16,10,16,52,21,33,49,16,19,7,38,14,13,14,142,16,57,51,16,29,55,23,17,46,21,23,13,18,21,34,24,16,23,36,21,16,18,21,22,26,28,17,31,51,7,29,29,16,24,17,31,19,18,29,46,10,16,56,27,44,36,42,49,42,15,42,18,16,19,44,15,31,30,33,67,15,16,23,44,47,6,109,20,16,45,61,35,32,26,12,29,38,37,17,23,17,51,32,18,44,20,28,44,35,24,10,0,19,57,28,20,22,93,35,16,24,32,21,38,26,44,15,12,35,32,15,47,47,27,16,15,21,26,39,96,44,24,35,32,38,17,44,27,38,15,38,23,32,39,12,30,17,33,46,35,37,39,38,36,28,18,56,27,27,18,16,32,32,16,59,30,20,21,12,17,15,18,20,17,19,17,5,30,12,16,15,49,37,25,18,23,13,32,17,33,17,19,27,18,31,14,112,12,44,17,18,35,33,34,19,22,9,18,23,27,24,17,21,27,16,16,16,37,13,17,21,44,15,29,16,91,19,26,15,18,25,15
17,99,42,36,17,15,36,32,37,22,15,45,26,7,39,25,37,22,15,13,14,42,16,33,13,38,45,6,16,22,17,14,11,17,68,17,22,31,48,2,49,16,12,51,22,12,15,1,16,16,13,41,27,57,37,41,18,20,40,18,21,34,46,17,27,64,6,25,28,15,15,16,28,20,37,39,37,5,60,15,16,28,16,17,26,18,33,50,16,17,14,16,19,21,15,41,17,57,17,29,16,39,24,15,73,67,15,43,48,2,29,22,18,14,15,47,20,35,45,15,21,14,40,14,14,16,141,20,56,53,16,21,59,33,18,46,24,26,16,16,16,31,24,16,30,34,21,13,16,17,25,28,20,17,24,56,24,22,35,15,24,16,35,12,16,31,45,13,15,57,21,52,28,39,48,46,16,49,15,11,10,50,13,22,28,39,67,10,17,21,39,47,14,107,8,9,32,58,31,31,32,17,27,38,36,17,26,16,46,35,17,45,29,36,42,34,19,23,19,0,59,26,15,14,87,31,17,32,37,18,36,35,33,13,12,31,28,24,41,52,22,18,22,37,32,41,95,41,31,30,27,40,24,39,26,34,18,36,19,38,42,16,33,17,43,43,34,40,40,43,34,30,17,57,30,18,14,8,22,38,33,59,39,24,33,15,16,19,16,15,6,20,10,16,23,18,17,16,46,32,15,19,22,16,30,7,32,29,13,21,16,32,21,111,21,44,16,17,44,33,26,16,19,14,9,18,23,21,9,19,22,18,9,19,38,16,16,4,38,17,27,15,92,22,27,33,7,25,14
58,94,59,63,53,52,49,61,56,60,59,56,60,49,58,61,61,54,47,56,55,60,54,58,58,62,57,56,53,57,55,52,55,54,71,55,50,59,57,58,55,56,57,52,53,55,51,59,54,58,56,57,60,63,56,59,53,58,54,55,51,48,46,55,48,55,56,52,62,53,58,54,56,54,59,59,58,57,76,53,55,53,53,55,60,60,56,63,53,54,54,55,54,54,52,66,54,53,54,57,54,53,61,51,53,76,57,62,63,59,59,62,54,52,50,66,60,60,57,55,58,56,56,49,55,56,151,55,60,59,52,61,56,58,54,47,53,58,57,54,58,58,57,49,57,65,57,60,55,50,58,59,50,56,49,51,52,58,55,55,41,54,60,56,54,49,53,56,56,66,57,49,59,58,53,51,53,66,54,58,54,51,56,57,63,59,71,51,52,52,59,62,52,113,60,55,61,57,56,56,52,54,57,59,62,56,51,54,63,60,51,58,59,54,59,59,59,50,57,59,0,54,56,53,96,58,52,57,54,48,55,62,61,56,56,60,58,53,63,61,59,54,48,53,62,48,94,62,58,56,57,57,58,66,52,59,53,55,48,61,56,54,51,56,48,61,58,56,57,55,60,50,54,64,58,57,54,56,57,58,56,55,56,58,62,50,54,55,54,59,57,43,57,57,58,54,55,54,51,55,60,53,60,56,60,57,56,62,52,56,54,59,62,81,53,55,56,52,61,58,58,59,53,53,55,55,60,59,55,55,50,52,56,55,56,56,54,59,60,55,51,58,40,46,53,57,61,52,56
29,103,41,31,24,7,18,33,37,23,20,25,27,18,31,25,23,21,26,26,31,28,28,32,27,38,44,23,12,27,27,31,26,28,63,26,24,31,42,17,44,27,18,49,28,24,24,14,28,29,28,38,19,57,20,34,17,12,45,26,28,38,48,25,21,66,24,32,31,28,27,27,19,24,31,38,31,29,58,10,24,12,27,29,24,20,20,51,31,23,26,22,13,13,23,38,28,61,24,27,27,39,17,28,66,69,23,46,49,17,17,23,28,27,28,50,25,28,39,26,9,22,41,30,25,25,134,18,50,48,25,30,52,24,28,38,25,30,30,23,15,23,29,25,19,31,11,27,28,23,30,9,17,28,19,58,27,5,36,22,23,28,38,26,29,38,41,30,11,53,14,47,35,40,42,44,26,55,26,21,21,48,31,24,32,28,65,17,28,14,26,39,30,109,27,26,41,50,28,31,21,32,21,41,36,28,29,27,45,30,11,36,23,27,32,26,12,22,28,26,54,0,20,29,91,34,16,14,33,11,33,21,33,20,26,30,24,31,38,44,33,29,30,35,32,33,83,41,17,18,24,30,27,44,17,33,29,33,16,36,41,28,21,24,38,41,33,37,29,42,18,29,27,56,21,26,25,22,8,37,24,57,38,30,29,26,27,22,29,15,14,31,27,29,23,32,28,29,46,20,31,18,13,10,20,14,30,31,26,21,28,27,35,98,30,35,24,28,39,22,20,27,21,29,21,24,25,17,16,18,27,25,21,24,37,26,29,15,46,25,21,13,79,23,21,30,14,22,30
16,99,38,32,12,13,38,25,36,16,4,43,33,17,42,24,34,17,10,6,15,39,13,33,11,39,39,7,10,21,12,20,3,15,71,12,18,31,46,9,49,10,6,49,20,8,16,12,14,12,13,31,25,50,36,44,19,24,47,15,16,34,49,11,24,68,6,24,35,9,11,13,29,16,30,32,30,4,63,23,12,20,12,13,27,25,27,50,17,19,11,11,19,17,16,38,14,60,15,28,13,38,23,16,73,74,11,56,40,18,26,25,14,10,13,48,18,28,45,12,15,11,39,14,14,10,143,8,56,49,12,27,51,27,12,43,23,24,16,16,11,30,29,17,31,32,11,10,14,20,25,29,17,13,25,55,25,25,27,14,25,14,36,18,12,28,41,13,9,51,20,51,37,38,50,41,15,48,13,6,15,49,16,24,30,32,68,17,16,23,37,43,17,109,10,6,38,60,32,29,29,10,20,38,34,13,24,13,42,33,11,45,29,30,46,37,13,24,20,15,56,20,0,19,85,32,7,28,34,17,32,31,41,13,3,40,19,24,40,50,20,13,19,35,30,43,94,44,26,32,34,34,23,37,16,35,13,32,15,40,39,10,36,14,43,43,28,41,35,40,35,29,12,57,40,13,11,4,31,40,29,55,31,23,33,17,13,11,15,14,17,22,13,18,28,13,16,16,48,32,22,15,24,7,32,13,24,29,16,25,11,33,22,105,20,41,10,16,43,31,35,15,10,9,10,16,25,10,18,18,20,14,5,17,37,14,10,14,39,12,16,19,89,17,26,33,8,24,13
21,98,38,35,21,21,38,33,40,19,18,48,31,16,41,24,40,25,14,17,20,39,21,30,18,39,45,17,18,25,19,17,17,21,72,21,21,33,43,14,47,16,17,51,25,18,19,13,23,20,21,42,23,58,30,44,24,27,49,22,15,35,49,19,24,69,16,26,32,22,19,20,29,16,39,41,39,17,60,14,19,27,18,20,25,25,35,52,19,17,17,18,21,21,22,41,18,67,19,33,23,43,22,17,71,74,19,55,52,19,32,30,22,17,19,52,20,33,49,22,17,18,35,18,20,19,139,22,58,53,19,20,62,35,21,43,23,27,13,22,17,31,30,17,37,31,20,20,22,17,20,28,22,21,26,58,23,26,36,15,22,23,39,18,19,28,47,22,12,56,19,55,38,40,45,45,19,52,19,13,18,46,18,25,33,35,70,16,20,20,45,51,20,109,17,17,41,61,31,34,29,21,33,39,32,21,23,21,44,36,17,47,28,39,49,40,24,24,22,14,53,29,19,0,94,32,22,35,33,14,37,35,43,21,19,39,29,26,43,49,18,22,20,35,29,43,96,45,31,36,30,39,19,32,22,34,22,37,22,40,37,21,40,17,46,45,33,41,42,45,35,30,22,59,37,22,19,15,31,40,29,57,38,22,35,15,21,20,19,17,17,15,16,20,27,21,23,16,48,31,25,16,24,18,34,18,31,31,17,23,19,28,21,110,18,47,18,21,43,42,30,20,24,21,19,21,33,24,18,20,22,18,17,25,41,19,20,18,38,20,23,25,94,15,25,32,16,29,19
92,109,85,87,93,76,85,67,90,90,89,81,79,89,80,64,68,91,90,88,92,92,92,92,88,99,104,89,86,89,93,90,89,87,89,91,89,84,69,93,98,91,83,78,87,84,93,87,93,87,91,77,93,71,94,71,87,91,92,92,93,89,82,91,94,89,89,91,84,92,90,90,89,88,67,65,66,90,85,92,92,86,91,91,84,93,79,83,92,90,92,92,91,90,91,92,92,89,92,72,93,64,89,91,96,83,91,91,88,87,76,91,94,91,90,85,80,93,85,92,86,86,96,91,91,91,123,92,74,80,90,95,87,70,93,85,93,73,89,94,81,80,88,92,85,71,86,93,93,90,93,85,91,93,94,84,92,81,67,83,88,93,75,87,92,88,86,93,88,90,92,89,71,75,78,89,92,101,92,86,89,88,92,89,89,79,93,86,92,87,83,84,91,104,89,87,83,86,69,70,85,92,89,100,96,93,91,93,102,67,93,91,94,91,75,87,84,89,93,87,96,91,85,94,0,69,91,89,91,91,75,84,88,91,85,87,88,94,103,98,97,92,89,92,93,91,90,101,71,87,67,73,91,91,91,85,92,75,92,95,89,92,90,90,75,99,83,100,63,60,79,76,92,97,90,88,92,90,87,93,95,94,90,91,92,92,93,90,92,92,90,91,89,88,67,92,93,90,92,84,84,90,81,81,78,86,93,94,96,86,92,77,92,114,88,70,93,90,89,95,89,90,93,89,90,91,64,91,87,87,86,96,90,96,86,91,91,92,99,92,87,70,92,89,75,93,90,63,93
32,99,34,24,33,26,25,27,40,31,32,52,31,30,43,25,13,28,34,30,33,38,33,37,33,44,46,31,31,31,33,32,30,31,66,31,37,34,48,33,47,31,32,39,31,29,32,24,33,32,30,15,31,54,33,40,32,31,41,34,32,40,51,31,34,73,31,37,34,32,30,30,24,34,9,11,9,30,48,32,32,26,31,31,34,34,27,43,32,32,32,32,33,30,32,39,32,62,33,17,33,43,26,32,74,72,31,56,41,33,28,30,34,31,30,19,16,37,41,32,31,32,44,30,30,31,148,26,56,38,31,36,52,20,34,50,34,23,29,34,31,1,28,33,34,20,31,33,34,33,36,20,35,33,28,58,32,24,7,30,31,33,35,30,32,29,46,33,21,66,31,53,28,38,45,35,32,50,32,28,31,54,32,33,25,15,74,28,33,28,35,49,34,107,30,30,36,62,1,23,21,33,29,39,39,33,36,33,48,6,32,15,32,25,36,39,28,32,35,31,58,34,32,32,69,0,34,24,37,32,18,36,17,31,30,21,32,35,42,52,36,34,31,37,40,36,91,44,29,33,14,16,34,37,35,4,34,18,31,41,35,33,29,30,15,42,31,40,22,21,21,29,33,58,25,30,31,29,27,41,37,55,39,33,40,34,33,28,32,30,24,32,25,29,5,35,33,31,24,23,26,31,29,31,26,32,36,30,33,32,32,29,39,107,33,39,31,33,40,34,31,32,37,30,30,35,28,34,26,31,28,35,30,36,39,32,31,33,44,32,36,27,95,27,28,35,33,6,33
23,95,43,29,18,19,36,34,37,20,11,45,32,16,33,27,39,11,18,12,17,39,23,35,14,39,46,12,11,16,25,24,17,22,72,20,17,28,45,19,46,19,13,42,18,12,21,21,22,10,20,37,20,59,33,38,18,26,39,22,22,36,48,20,22,56,13,19,30,23,15,20,24,19,39,39,39,14,70,11,19,24,20,20,20,27,24,43,20,8,21,22,16,19,17,41,21,62,19,27,22,38,15,21,62,77,19,49,42,19,29,22,24,18,11,49,19,33,46,23,21,17,43,20,20,21,142,13,55,45,22,26,55,28,20,46,28,26,21,24,10,29,28,20,27,36,6,20,22,15,24,27,16,21,25,54,17,17,31,13,22,22,31,18,22,34,46,16,13,58,20,47,39,39,46,45,20,51,20,8,15,49,22,22,32,36,65,18,24,9,39,44,14,108,22,16,44,60,34,34,22,24,22,44,37,21,22,22,48,33,10,43,25,24,48,22,7,15,16,17,52,16,7,22,91,34,0,17,37,8,36,35,35,16,18,33,18,19,46,45,24,22,18,35,30,33,94,46,18,25,28,36,20,42,16,33,23,36,17,36,38,21,23,22,43,44,27,43,44,40,30,21,24,54,27,22,22,16,19,36,30,53,32,15,33,17,22,18,22,18,18,22,20,14,30,21,22,24,48,34,19,24,14,12,31,21,16,24,16,17,22,32,16,109,19,38,21,20,40,25,25,23,14,20,19,15,24,7,21,15,19,23,18,25,30,19,24,14,41,22,19,22,92,10,21,28,12,31,20
35,101,38,34,33,23,16,27,41,34,33,38,38,35,38,25,33,21,28,34,30,39,29,35,32,37,39,32,23,26,33,28,28,33,59,30,32,24,35,32,43,29,31,43,19,32,31,21,32,24,25,39,31,31,10,24,33,34,42,36,31,34,48,30,18,57,32,31,16,31,28,31,16,36,28,33,29,32,64,18,33,13,31,31,19,26,22,48,27,18,31,33,32,30,30,43,32,58,29,30,32,39,24,30,63,69,34,49,52,25,16,32,33,29,17,48,27,30,42,31,28,32,42,25,33,32,133,25,59,54,30,36,52,23,33,25,34,31,26,36,30,34,17,26,24,36,25,34,35,19,25,14,24,34,31,48,27,21,33,34,29,32,30,31,29,25,35,32,24,50,19,49,30,34,38,24,29,46,35,22,30,38,32,30,34,30,57,36,35,19,42,44,28,101,31,33,36,44,34,23,14,32,26,42,39,34,25,32,45,19,25,43,28,3,34,18,26,26,24,32,57,14,28,35,89,24,17,0,29,18,31,34,37,20,25,37,26,34,42,51,37,34,31,34,31,34,95,46,30,13,22,23,26,39,22,19,33,31,30,37,45,32,25,30,31,41,23,35,36,35,9,28,34,62,29,34,29,27,32,43,33,53,29,25,36,31,32,36,29,25,28,23,31,23,28,29,28,36,48,31,35,28,21,28,27,33,33,31,31,19,29,29,33,118,22,12,29,32,11,27,20,32,23,26,30,23,26,31,35,30,31,38,31,35,19,29,29,22,42,29,20,24,90,30,27,28,22,22,34
36,90,45,34,31,31,40,35,36,31,30,49,39,37,46,33,38,37,32,36,30,34,29,30,31,41,40,31,36,38,33,35,34,38,67,31,32,31,49,33,40,32,33,47,33,32,32,35,35,35,29,40,27,61,32,40,34,36,45,31,30,34,46,31,31,66,30,33,24,24,28,33,26,33,43,40,43,35,68,37,36,26,33,31,33,30,24,50,31,32,32,31,29,29,34,41,34,68,31,35,35,42,26,34,69,75,33,59,52,35,29,32,33,32,36,48,29,36,48,34,37,32,32,33,33,33,150,36,54,54,31,36,61,31,32,44,35,37,33,33,29,30,36,32,34,27,33,35,34,36,31,24,36,34,30,61,25,32,30,38,29,35,34,33,32,38,43,33,34,59,36,53,32,39,48,45,28,49,34,37,35,51,33,39,40,29,77,35,30,37,37,48,25,114,35,33,40,64,36,36,29,33,30,39,41,34,27,35,56,38,35,49,31,34,47,34,33,27,32,37,54,33,34,33,91,37,37,29,0,35,38,27,49,37,37,42,35,32,50,49,37,36,31,33,38,37,89,46,25,32,38,42,27,45,34,34,36,38,36,39,41,33,36,35,38,41,32,39,41,51,28,29,31,67,33,35,31,36,33,39,34,60,35,27,38,36,35,36,32,38,36,29,34,32,37,31,33,29,52,32,38,34,23,27,34,35,37,34,33,37,32,26,36,112,33,41,36,32,47,35,37,33,35,34,35,35,41,34,38,39,37,34,36,34,25,32,33,38,44,36,35,28,99,34,40,35,37,40,36
23,95,40,35,19,12,23,32,35,21,13,45,28,5,31,30,32,13,20,21,24,31,21,29,15,38,42,8,13,25,20,21,17,23,69,24,17,34,50,20,37,22,18,46,13,14,17,13,24,13,24,42,22,53,19,39,18,22,44,25,17,41,49,24,12,55,7,17,25,23,15,24,14,18,33,40,33,18,46,1,19,23,20,21,22,14,29,48,21,1,23,24,19,19,18,41,23,67,18,26,24,40,8,19,65,72,23,46,48,20,15,23,26,24,6,50,17,32,47,24,14,21,34,18,23,22,137,11,56,54,23,23,57,25,25,42,25,31,24,24,11,32,31,19,18,35,5,13,24,7,22,13,9,25,14,57,26,11,27,5,23,24,29,10,24,27,46,24,6,53,5,50,35,36,38,40,19,50,24,5,18,48,22,23,31,41,69,9,23,5,35,45,25,108,16,17,37,45,32,32,22,21,25,40,37,25,27,23,44,19,19,41,32,25,32,20,6,21,21,18,48,11,17,14,91,32,8,18,35,0,29,35,37,6,18,35,22,20,44,53,17,25,19,37,26,30,85,38,25,22,25,35,18,41,11,17,25,29,10,36,28,23,18,22,38,43,37,40,46,46,20,30,24,60,20,21,23,14,15,36,18,59,32,23,27,22,23,12,24,9,16,21,16,24,24,19,18,25,48,31,21,7,25,17,27,14,26,29,10,9,24,36,28,114,24,40,18,17,39,29,16,25,17,23,15,21,27,13,15,13,10,18,19,26,34,23,21,5,36,23,12,12,95,10,20,32,10,32,20
38,102,40,32,37,32,23,29,45,35,36,40,40,31,18,38,17,27,37,39,38,35,34,45,37,38,45,36,33,30,35,41,34,39,63,38,40,31,48,33,48,35,39,47,34,34,32,33,38,22,37,16,38,50,36,22,30,41,45,41,38,45,48,37,37,66,37,34,32,39,35,38,33,39,18,16,18,38,44,29,41,27,35,34,38,36,40,44,36,23,37,37,32,32,37,45,36,65,34,10,37,37,38,37,76,62,39,58,51,31,19,29,36,35,33,21,33,37,50,37,21,39,44,30,37,39,142,35,50,40,39,37,55,18,38,43,40,32,36,37,32,18,31,37,46,17,38,38,37,31,43,31,31,37,22,59,38,32,11,22,38,38,29,32,37,28,35,37,34,65,30,53,26,36,36,48,36,53,37,31,33,52,36,30,34,20,66,24,40,18,40,39,35,111,34,34,40,51,17,37,27,37,37,42,37,37,43,38,45,8,37,17,40,38,48,40,34,37,38,36,55,33,32,37,75,18,36,31,38,29,0,31,26,21,35,15,31,39,45,48,38,40,35,35,35,38,88,45,41,35,7,37,37,39,32,8,40,0,22,37,37,38,32,37,16,39,28,37,25,38,19,32,39,59,23,34,36,34,38,35,39,55,37,37,37,39,38,34,37,37,26,40,37,39,12,36,40,39,34,30,38,22,32,35,30,21,33,42,34,29,38,40,43,112,39,34,31,33,31,41,26,38,37,38,37,26,36,31,34,36,33,30,31,41,38,38,35,21,36,38,33,38,87,31,40,42,21,20,37
34,92,36,35,29,24,43,35,41,27,33,37,31,33,44,34,34,21,31,30,35,42,34,37,33,39,43,32,32,33,32,30,32,33,68,33,25,34,43,31,42,31,32,38,32,27,31,33,33,32,28,30,27,57,35,44,30,36,36,34,29,33,39,33,35,72,32,24,35,28,32,30,28,26,39,36,39,31,60,34,34,29,30,33,31,32,27,51,32,32,31,30,28,28,27,42,31,56,27,31,33,32,30,27,68,74,33,57,48,35,32,29,36,29,30,48,29,28,40,34,33,30,45,26,33,30,142,23,53,47,31,39,53,29,31,40,28,31,35,30,32,39,29,24,30,43,26,37,35,33,27,26,32,35,35,50,25,22,32,36,27,33,34,37,32,34,45,30,27,63,33,37,36,40,46,44,27,43,34,35,33,45,33,35,32,26,75,32,33,32,34,40,32,110,34,32,41,61,30,29,27,27,30,38,29,35,26,33,55,37,33,47,19,36,49,36,32,28,26,35,62,21,31,35,84,36,35,34,27,35,31,0,46,32,32,35,37,24,41,30,35,34,33,39,30,32,87,44,31,26,33,35,26,44,31,34,33,39,34,23,45,32,32,32,34,28,30,28,33,38,32,29,33,55,26,32,30,30,30,23,30,61,29,26,25,29,33,28,30,34,25,31,32,27,28,28,30,26,50,33,35,24,26,25,27,34,32,25,29,33,30,30,29,107,20,43,34,24,30,26,32,25,26,26,32,35,39,37,34,31,35,31,30,35,36,31,32,34,41,35,39,29,93,34,30,36,33,28,35
42,106,40,34,42,35,33,38,45,37,42,43,33,42,37,40,14,40,42,40,40,38,41,50,41,48,47,40,41,42,43,44,39,41,64,41,43,37,45,39,50,40,38,47,38,39,43,38,43,44,40,27,44,53,45,37,40,39,41,42,43,40,43,41,41,66,40,45,39,40,41,40,41,40,13,25,14,40,48,39,41,37,40,41,42,42,39,44,37,40,39,41,40,42,40,46,39,62,40,32,43,29,44,42,71,67,42,50,51,43,41,39,40,42,40,28,35,41,38,42,36,40,44,44,39,40,145,40,51,50,39,45,57,32,42,47,46,40,40,43,38,10,25,44,43,33,38,41,42,41,44,31,43,41,33,57,40,34,24,41,38,43,40,42,42,35,41,42,32,64,34,53,39,36,44,34,40,56,42,43,41,50,40,35,35,28,71,42,42,41,34,45,33,111,39,40,41,61,17,39,39,41,39,45,46,41,44,43,54,12,42,22,44,40,35,44,37,44,44,33,61,33,41,43,88,17,35,37,49,37,26,46,0,38,39,2,45,44,49,49,47,42,39,41,44,38,75,48,36,33,23,36,45,35,44,10,42,26,44,42,39,41,38,40,18,42,38,45,26,29,45,44,41,55,40,39,42,39,34,42,47,44,37,40,48,42,43,38,42,38,39,36,41,41,21,43,38,39,30,34,42,42,36,41,37,38,37,35,40,30,42,40,49,97,41,30,41,44,31,43,33,40,43,41,40,45,34,41,33,40,42,44,40,44,30,41,42,39,46,40,43,34,82,43,40,44,34,22,41
19,93,36,28,18,19,28,30,28,12,13,42,30,10,35,23,37,23,19,7,20,35,17,34,17,37,43,9,18,16,19,19,10,12,68,18,18,25,45,14,49,15,13,51,16,14,17,18,18,2,17,39,27,59,21,36,18,12,42,20,13,36,47,15,12,65,9,25,33,15,17,17,30,20,32,34,32,13,62,12,19,14,19,18,28,25,29,40,16,6,19,18,14,14,16,42,18,63,20,21,17,42,20,18,71,69,16,52,48,7,22,18,17,16,8,46,21,26,45,16,14,15,35,20,18,16,139,10,54,51,16,23,63,35,19,46,22,16,20,18,8,18,30,20,26,29,13,15,17,14,22,27,18,18,24,56,24,12,33,13,24,18,29,11,19,30,43,15,17,48,20,51,26,37,49,45,18,49,16,5,14,51,16,26,27,37,69,6,19,8,41,42,15,105,5,13,34,61,30,31,25,15,23,34,32,18,28,17,41,31,5,41,27,26,44,30,16,19,15,13,56,20,13,21,91,31,16,20,37,6,21,32,38,0,5,40,15,20,39,52,18,19,19,33,31,37,92,42,17,34,24,34,25,38,18,37,19,23,7,36,34,15,29,17,38,42,28,41,37,40,40,26,16,58,36,12,17,7,16,36,30,53,33,19,31,18,17,4,19,8,8,23,18,18,22,18,20,17,47,30,18,12,15,7,24,10,28,28,11,9,17,33,18,111,21,45,11,19,35,28,31,18,17,18,2,8,16,18,5,3,17,19,8,20,24,15,17,1,38,18,16,16,93,10,24,32,8,26,16
16,97,38,25,16,12,30,19,32,15,3,46,31,20,33,22,32,24,12,5,16,37,15,33,10,40,44,1,9,13,16,15,8,13,69,16,15,32,43,14,49,13,1,47,23,10,18,14,16,14,16,39,25,55,31,39,21,22,44,19,17,34,42,15,30,63,2,17,39,13,9,13,24,13,25,34,26,15,63,22,14,25,10,14,26,25,32,40,17,16,14,15,15,15,18,41,15,62,14,27,17,43,21,15,73,78,14,57,40,12,32,21,18,15,12,51,9,33,48,16,12,6,40,14,15,14,141,8,54,48,14,23,47,24,19,45,22,23,15,18,11,30,22,15,29,27,13,18,19,13,26,24,11,17,19,55,18,17,28,12,26,16,36,12,15,31,43,16,7,56,21,46,32,41,43,46,17,48,16,9,8,49,17,17,24,31,67,12,14,17,35,42,14,105,9,11,37,58,30,26,22,14,19,38,35,17,23,18,47,29,10,39,27,32,43,35,17,21,12,12,56,26,3,19,85,30,18,25,37,18,35,32,39,5,0,37,28,20,43,50,22,16,19,31,28,41,94,44,26,26,31,32,20,41,12,36,16,37,18,34,40,15,31,13,35,44,30,41,37,38,35,29,15,56,36,19,15,7,29,34,25,55,32,21,26,17,17,4,17,18,10,24,4,17,25,14,14,18,45,31,17,17,18,6,32,5,27,25,16,17,16,32,22,109,17,42,12,18,40,33,30,14,14,17,7,14,25,18,13,14,22,16,7,18,36,15,13,14,40,14,18,16,89,18,21,29,16,26,18
40,103,39,34,40,33,28,39,42,36,38,46,36,38,41,38,15,38,40,37,36,30,39,49,39,44,47,36,37,40,41,42,37,39,66,39,41,40,45,33,52,38,36,45,38,37,41,36,41,42,38,27,42,66,38,42,38,32,41,38,42,36,45,39,35,70,35,43,41,36,39,38,41,35,18,13,18,40,46,39,39,29,39,39,42,40,40,48,35,31,38,39,42,42,38,42,37,53,38,24,41,34,41,40,67,71,38,55,46,33,38,39,40,40,38,27,32,36,42,40,34,38,45,41,37,38,147,39,46,43,37,43,53,30,40,49,45,34,38,39,34,14,31,44,40,28,36,43,40,36,42,32,41,41,33,57,39,32,22,39,40,41,31,39,40,37,42,40,30,61,35,47,39,39,39,35,38,52,40,41,39,50,38,35,33,26,74,38,39,39,39,38,31,112,35,38,41,60,21,40,33,39,38,44,47,41,43,41,54,25,40,22,39,38,44,40,34,41,35,31,60,30,40,39,87,21,33,37,42,35,15,35,2,40,37,0,46,43,46,50,45,38,39,38,44,29,88,48,38,37,23,33,40,35,38,23,38,15,41,39,39,39,34,38,19,44,37,45,24,17,31,40,39,52,41,39,40,37,32,39,45,56,32,37,42,39,41,36,40,36,31,33,39,39,25,39,38,37,26,35,41,32,40,39,35,39,34,30,38,29,40,38,48,96,39,37,39,45,45,41,33,39,39,35,37,43,34,39,35,38,41,42,38,40,34,39,39,37,48,38,43,32,84,39,38,44,38,27,39
29,100,44,35,29,23,41,29,39,30,19,48,37,24,35,25,37,19,31,23,29,38,23,34,27,39,43,28,23,22,29,31,27,25,74,29,28,39,53,30,48,27,28,56,21,29,28,21,30,17,27,38,29,58,28,39,24,30,49,31,27,41,52,29,17,66,28,34,35,31,27,30,26,30,36,38,36,26,70,25,31,24,29,29,29,30,31,50,30,18,32,29,27,25,27,44,29,66,32,32,29,38,24,30,67,80,29,57,48,24,36,13,26,28,27,53,26,31,47,29,24,29,42,30,27,28,141,23,58,53,31,26,57,37,26,39,27,30,30,27,23,35,38,33,27,35,23,28,29,18,30,21,18,28,23,59,27,31,36,24,29,30,36,18,29,32,47,27,23,59,23,54,38,45,52,45,29,55,29,18,28,48,30,27,30,41,72,27,29,25,35,49,28,109,26,23,40,64,31,36,33,29,31,36,34,28,32,29,47,35,20,48,29,29,40,26,22,28,32,28,58,24,19,29,88,32,18,26,35,22,31,37,45,15,28,46,0,29,41,52,28,29,27,39,35,44,94,44,25,27,34,39,32,41,15,38,29,31,14,39,42,29,34,29,42,48,39,41,42,41,35,34,28,60,38,26,29,27,31,39,32,63,38,31,33,31,29,25,29,24,22,29,22,31,30,31,30,30,52,40,26,27,23,25,18,18,24,32,30,26,28,36,34,109,31,49,22,33,43,28,34,32,24,27,16,21,30,25,23,20,30,31,24,29,33,28,26,20,38,31,17,24,89,23,27,38,21,38,29
22,93,46,34,20,21,37,37,44,19,26,41,35,13,36,37,34,22,25,22,23,39,21,30,23,43,48,25,21,30,20,16,24,24,66,21,17,35,49,20,42,15,19,48,19,20,20,18,23,18,14,35,21,59,32,46,22,30,42,22,23,38,40,20,21,69,25,0,35,16,23,19,29,11,31,38,32,24,68,17,21,25,19,21,21,28,30,54,22,19,20,18,20,20,19,46,15,61,13,29,17,42,20,15,66,78,17,53,51,24,33,21,20,21,19,54,22,34,49,16,25,17,33,12,21,18,139,22,45,54,22,23,60,26,17,47,22,28,20,16,22,34,31,13,18,32,17,26,18,18,18,25,20,15,24,57,16,33,35,26,23,23,38,22,22,35,47,17,18,55,21,52,27,47,40,45,19,38,16,22,21,46,22,25,27,36,66,19,20,21,37,43,15,109,24,22,37,59,35,33,27,22,32,41,39,15,8,17,44,33,19,48,15,39,47,20,13,22,15,24,53,31,24,26,94,35,19,34,32,20,39,24,44,20,20,43,29,0,46,44,20,20,24,15,30,43,92,38,25,31,33,42,9,42,20,32,21,34,19,26,40,21,36,20,39,22,37,40,42,43,30,30,16,58,27,27,18,26,33,25,26,64,26,14,32,17,22,20,22,22,19,17,24,15,31,12,10,21,52,36,29,17,25,25,30,22,34,22,20,29,20,29,18,108,15,44,25,16,43,33,18,15,21,22,25,23,36,29,22,22,24,17,25,17,24,17,20,24,34,19,22,20,88,18,31,36,21,33,23
43,102,41,42,42,44,40,48,40,43,42,44,47,47,47,47,39,44,42,42,46,46,37,50,45,8,12,42,43,42,43,43,40,43,74,42,36,46,55,43,49,41,44,57,45,42,43,40,42,42,46,44,47,65,46,45,44,41,50,45,42,47,55,42,48,73,42,46,50,43,43,42,44,43,37,35,37,41,76,43,44,44,42,41,49,47,44,61,42,41,37,41,38,36,43,48,42,68,46,43,40,51,35,43,80,85,42,60,58,42,47,33,39,43,44,59,45,33,49,42,43,44,14,43,42,42,149,45,61,57,41,23,66,47,35,57,38,45,45,32,46,44,50,45,45,44,43,48,40,46,42,44,47,42,39,59,46,43,44,43,43,42,46,43,43,43,53,43,45,73,46,56,46,50,55,51,43,57,40,45,43,54,42,48,43,47,79,43,42,44,49,55,41,116,44,42,45,71,43,47,34,39,44,20,12,42,46,40,40,41,42,47,46,44,54,38,46,44,47,41,63,38,40,43,103,42,46,42,50,44,45,41,49,39,43,46,41,46,0,53,39,39,40,41,40,46,103,6,42,47,49,47,40,47,35,46,39,41,45,44,45,42,47,42,47,47,48,49,53,47,46,44,42,64,47,39,41,41,50,44,44,65,41,43,45,43,43,45,43,44,44,47,42,47,46,47,45,41,54,44,40,43,47,43,49,43,48,50,48,46,42,38,50,114,47,56,41,44,54,47,49,46,44,44,42,42,45,45,45,45,42,36,40,41,50,43,40,44,8,42,38,45,100,47,44,47,43,47,44
46,102,52,49,42,52,47,56,53,42,49,50,50,50,53,47,55,40,45,45,48,53,42,40,45,52,54,48,49,49,42,46,51,50,77,45,40,46,50,48,45,47,48,53,42,48,42,50,48,50,45,50,44,57,50,42,48,52,54,50,50,35,38,45,47,71,47,44,49,41,46,47,47,49,59,54,59,51,56,52,45,49,46,46,54,48,47,45,48,47,47,46,47,45,45,56,45,66,42,51,48,46,42,43,75,78,46,42,41,52,41,51,50,46,42,53,51,52,51,47,46,48,50,45,47,47,135,47,61,54,47,55,63,43,50,40,47,54,45,49,49,51,51,48,44,59,48,51,48,48,47,44,49,49,48,58,50,49,51,50,41,48,56,52,46,50,53,47,50,52,54,44,56,53,43,45,46,58,47,50,46,32,47,46,55,55,60,52,47,45,47,57,44,115,54,48,58,56,51,50,39,42,48,49,51,49,45,46,58,50,47,51,38,55,47,49,42,45,47,52,61,44,50,49,98,52,45,51,49,53,48,30,49,52,50,50,52,44,53,0,53,50,49,37,44,49,91,54,49,52,51,51,46,52,43,48,50,54,48,42,48,42,44,47,49,50,53,22,58,52,53,45,47,63,48,51,45,50,47,41,32,62,53,47,22,45,46,47,46,49,49,46,51,46,53,44,44,44,56,53,51,47,47,46,49,48,52,45,51,48,46,48,52,110,43,47,51,41,47,46,41,46,43,44,51,48,52,42,49,52,47,50,50,50,57,46,48,50,55,46,54,42,93,46,51,57,50,51,48
25,101,43,37,19,25,44,37,39,24,18,44,38,25,44,33,44,27,21,20,21,41,15,28,23,37,39,22,23,26,19,21,21,25,78,26,23,39,56,22,49,21,20,57,29,27,27,21,24,17,26,45,17,63,37,47,22,32,51,24,28,40,43,22,29,72,22,20,45,20,21,25,31,15,40,44,40,21,70,17,24,29,25,24,29,34,34,58,20,17,25,21,26,26,23,45,19,67,28,30,22,46,25,25,74,80,20,58,55,20,37,20,20,18,23,44,23,26,49,21,26,15,35,24,26,21,145,23,60,55,25,16,67,37,17,50,19,30,21,19,24,36,35,19,38,37,22,22,22,25,19,32,30,18,30,60,21,29,41,22,25,24,43,16,19,36,52,16,23,63,24,53,36,44,50,46,17,48,23,23,22,52,24,32,36,42,73,23,23,24,41,47,28,110,19,21,36,64,34,34,37,22,34,34,28,18,27,21,38,37,24,48,27,41,49,37,25,24,27,22,59,33,20,18,97,36,24,37,37,17,38,35,47,18,22,45,28,20,39,53,0,18,13,38,35,45,98,43,36,35,35,44,28,42,27,39,18,35,24,41,43,22,42,26,47,44,43,41,45,47,41,33,20,63,42,26,18,22,35,41,28,61,38,25,35,24,23,23,19,22,24,20,20,20,30,22,28,18,52,39,29,22,28,24,35,22,33,29,22,28,17,39,21,111,15,50,20,22,44,36,36,25,26,19,25,19,35,27,23,22,33,22,21,19,45,19,18,18,29,20,26,27,90,25,31,33,18,32,27
12,95,47,33,9,24,37,34,38,24,13,47,33,26,45,29,38,29,12,16,12,42,4,30,16,36,42,16,17,25,13,18,15,19,72,13,25,38,47,18,46,8,16,53,29,20,14,17,9,14,12,36,27,61,39,44,25,26,47,4,17,36,46,7,33,69,16,20,37,13,14,10,25,23,32,35,33,12,68,24,12,26,10,9,32,30,35,55,10,24,15,5,26,25,11,43,13,61,14,30,7,45,22,10,74,77,6,58,53,16,35,26,0,11,25,50,23,30,47,6,26,15,36,9,13,6,140,23,57,54,10,16,59,31,3,46,21,29,12,11,21,34,33,13,36,29,21,23,7,25,24,29,31,4,28,57,23,25,37,16,25,9,40,17,14,32,50,18,21,61,28,52,35,41,51,44,12,51,8,18,16,47,12,31,30,40,73,18,9,22,40,47,13,108,20,13,32,64,34,36,37,6,31,37,33,4,25,6,45,38,23,41,28,33,47,36,22,25,16,18,54,29,13,22,92,34,22,34,36,25,40,34,42,19,16,38,29,20,39,50,18,0,23,36,31,38,92,41,35,33,35,41,25,47,28,38,1,36,25,40,41,10,39,13,46,40,38,42,43,45,37,30,3,60,37,25,8,16,31,40,30,59,41,21,34,16,8,19,14,19,18,23,13,16,30,18,14,12,49,38,28,22,27,22,36,17,35,29,17,30,9,36,25,106,17,44,13,17,41,29,35,14,25,12,18,15,30,28,20,20,27,11,14,7,43,8,10,19,37,15,29,28,91,27,29,34,19,31,14
21,98,36,32,21,22,33,34,38,15,18,42,36,17,42,31,39,21,18,16,22,41,22,31,21,32,46,19,17,23,21,21,18,21,66,20,14,28,49,18,40,19,19,53,23,18,21,22,22,18,15,36,15,59,39,42,23,18,38,23,14,34,45,20,30,67,19,24,33,18,21,20,28,13,35,36,35,21,65,20,19,28,15,19,22,33,24,49,20,17,19,20,19,17,21,43,20,58,15,27,22,40,21,17,70,73,21,54,45,21,32,22,23,20,19,49,18,31,44,21,24,18,40,18,20,20,142,18,54,43,15,18,52,31,19,47,22,26,19,16,22,29,33,22,31,36,16,22,19,21,22,27,27,20,30,51,14,29,34,20,23,22,35,18,21,32,47,16,17,62,25,48,35,41,50,43,17,45,21,21,16,46,20,26,29,32,71,19,21,22,41,46,12,108,23,16,40,62,33,33,31,18,27,40,38,20,16,22,41,33,20,41,31,36,48,40,22,14,15,22,48,30,19,20,89,31,18,31,31,19,35,33,39,19,19,39,27,24,40,49,13,23,0,29,31,41,93,42,28,32,32,39,23,43,29,37,23,41,23,31,44,16,36,19,43,37,36,37,43,43,40,25,22,53,31,22,20,20,31,31,20,56,41,16,28,13,22,21,21,17,20,13,19,20,27,20,19,21,47,33,27,19,22,21,32,19,23,22,25,28,21,29,18,111,9,41,19,19,43,33,35,16,23,9,20,15,28,28,19,13,28,24,20,21,39,21,21,20,36,20,28,26,90,23,30,25,20,30,22
36,95,39,31,35,32,31,40,41,23,33,28,41,35,44,40,36,32,32,34,35,36,33,39,33,36,39,31,26,34,34,36,32,37,66,33,28,30,50,37,43,34,29,53,33,31,36,35,37,35,36,39,32,59,31,45,37,34,50,36,29,25,32,33,28,63,31,15,29,32,34,33,37,24,38,45,38,33,64,35,30,38,31,35,31,31,34,51,33,31,28,37,30,30,34,46,33,52,27,36,37,32,32,32,69,84,33,57,50,36,18,39,36,31,38,51,28,24,40,36,36,27,36,29,34,35,140,29,45,50,32,38,64,23,36,39,30,29,34,37,36,37,28,34,18,35,32,37,38,36,32,33,32,35,27,49,20,36,33,34,29,37,32,37,36,33,49,28,36,62,37,39,37,41,48,44,31,43,36,34,36,52,34,38,35,44,77,33,32,32,39,43,30,110,37,35,41,62,39,34,24,32,33,27,38,35,25,37,50,35,31,46,36,32,36,23,38,24,21,37,53,35,35,35,92,37,35,34,33,37,35,39,41,33,31,38,39,15,41,37,38,36,29,0,31,40,84,46,30,27,39,31,20,45,36,38,36,31,33,15,37,32,32,34,49,26,40,23,45,40,32,32,35,46,25,36,36,33,39,14,25,57,23,33,31,32,37,34,36,34,34,26,35,28,42,20,24,34,54,36,35,36,30,36,29,32,29,31,40,36,36,38,33,107,30,46,36,35,49,34,20,33,36,29,35,33,43,35,35,32,38,40,34,39,19,36,36,34,43,33,30,36,88,37,38,15,28,41,36
34,101,40,27,35,34,30,34,46,27,31,44,30,31,45,34,29,30,30,32,30,36,37,35,30,36,40,25,31,26,31,20,30,35,67,35,32,34,42,35,54,34,28,56,31,27,30,31,29,32,24,36,32,64,35,45,34,31,48,34,25,38,43,29,34,73,26,30,38,36,27,35,33,29,41,30,41,32,66,26,33,29,31,34,32,26,30,54,35,29,37,34,32,31,27,45,30,64,31,33,27,40,35,26,75,79,30,50,49,31,33,30,31,33,26,55,28,35,47,28,32,25,34,25,35,30,136,31,56,56,35,32,53,37,26,44,29,37,35,27,33,38,35,31,30,31,33,34,27,29,35,26,26,28,33,56,28,35,35,33,33,29,35,34,35,38,35,30,32,58,32,49,34,43,45,42,29,50,28,30,32,48,35,26,36,38,71,34,31,25,39,48,25,110,31,33,37,58,42,31,31,33,35,33,33,28,33,26,44,35,25,42,32,34,46,41,34,25,26,32,62,32,30,29,93,40,30,31,38,26,35,30,44,31,28,44,35,30,40,44,35,31,31,31,0,44,97,35,36,34,37,39,32,38,25,40,30,40,29,27,33,32,32,31,47,42,41,38,45,35,31,30,27,63,40,29,30,31,33,27,28,56,44,30,31,28,28,33,35,32,28,22,32,26,38,30,33,36,54,26,37,29,29,30,31,32,39,38,30,29,29,36,38,107,35,48,28,31,33,36,32,28,17,23,28,31,41,18,31,33,32,27,35,34,30,34,32,31,38,36,33,35,91,34,27,35,32,41,33
40,105,39,38,38,34,40,40,43,44,44,44,37,22,41,42,43,21,34,39,41,37,36,43,37,50,44,42,36,23,37,40,43,43,62,39,40,25,50,39,45,41,44,50,32,38,37,39,40,32,41,37,43,49,25,22,34,29,37,40,36,35,34,39,25,69,42,43,24,36,39,41,22,41,40,42,40,42,51,36,36,33,39,39,38,30,37,51,37,23,31,37,28,31,40,32,40,59,40,38,40,41,40,39,72,69,41,47,49,43,13,43,38,42,19,42,42,41,48,39,36,44,37,41,38,38,139,38,57,45,37,42,49,28,41,40,38,38,39,38,40,36,19,41,38,38,32,42,39,21,38,39,32,41,37,54,39,24,37,33,38,40,38,35,37,27,39,37,38,59,31,48,41,43,33,34,38,49,41,39,38,40,39,37,41,32,60,31,37,27,38,35,43,108,38,40,46,61,38,38,25,38,47,42,46,41,42,40,55,33,30,41,34,29,21,25,27,43,39,41,48,33,43,43,91,36,33,34,37,30,38,32,38,37,41,29,44,43,46,49,45,38,41,40,44,0,96,46,39,37,37,31,35,38,33,37,37,36,33,34,30,38,4,40,39,51,41,45,33,29,35,39,38,60,38,38,38,37,13,36,29,58,42,39,32,39,40,34,37,29,27,42,43,41,33,44,41,37,45,33,43,28,28,41,23,36,38,46,37,24,37,42,41,89,38,41,42,34,35,35,37,38,38,42,36,31,43,37,29,37,27,39,37,43,30,38,40,29,48,37,29,36,67,18,35,40,38,39,41
94,96,89,95,91,85,88,88,92,92,92,87,87,91,86,91,94,84,92,87,94,100,91,99,92,99,103,91,95,95,89,93,94,89,89,91,90,88,94,93,102,92,90,91,88,89,92,91,93,91,94,92,98,90,92,93,86,88,86,94,86,89,93,91,87,85,91,92,94,91,93,91,90,91,97,96,96,94,85,85,89,85,92,92,95,96,88,94,91,86,89,89,94,94,94,91,93,84,92,97,93,92,86,91,89,87,91,91,89,95,87,88,92,92,90,101,92,97,91,92,89,91,99,93,93,93,158,89,99,83,91,99,97,92,92,90,87,91,94,95,91,92,91,91,84,98,93,97,94,96,91,78,94,91,88,89,94,89,89,94,90,93,93,95,92,84,88,95,92,85,86,95,94,86,95,90,90,92,92,88,83,85,93,92,94,95,92,91,94,83,84,79,91,114,90,93,93,84,95,85,82,91,95,100,100,91,91,93,103,91,93,83,94,93,87,91,88,95,96,95,94,83,94,96,90,91,94,95,89,85,88,87,75,92,94,88,94,92,103,91,98,92,93,84,97,96,0,104,89,88,92,85,92,94,88,89,92,83,92,90,94,93,96,91,87,93,90,94,91,85,91,92,91,92,86,91,89,90,87,90,94,92,87,91,93,89,93,88,92,90,85,91,91,93,89,89,88,93,99,97,93,91,88,94,83,90,84,96,96,92,92,95,95,98,92,86,91,95,87,80,87,93,98,93,87,90,91,90,90,91,87,96,90,96,87,90,92,84,97,92,89,84,86,96,98,99,90,91,94
44,109,42,43,40,46,45,47,49,44,42,56,46,41,49,46,38,42,40,44,44,43,38,47,44,22,18,43,40,42,42,41,43,44,79,44,41,46,59,43,53,41,43,62,44,41,45,41,45,42,44,47,45,65,48,44,45,42,55,42,47,46,52,42,48,72,43,38,47,43,45,44,43,48,37,36,37,45,69,40,44,48,44,44,45,45,51,60,44,38,43,39,43,39,45,48,42,74,46,42,39,55,47,45,75,85,41,66,53,43,46,33,41,39,43,58,46,42,51,38,40,42,25,45,44,41,152,43,62,63,44,32,66,45,33,50,43,46,46,36,46,47,49,44,45,48,41,47,39,45,40,39,45,35,41,62,46,47,44,41,43,45,40,39,44,47,51,39,43,71,43,54,47,45,54,52,41,59,38,41,42,56,43,45,49,47,77,43,45,38,49,54,46,115,45,41,44,69,48,48,41,42,44,16,27,35,48,38,31,46,40,45,48,45,56,42,48,44,44,41,62,41,44,45,101,44,46,46,46,38,45,44,48,42,44,48,44,38,6,54,43,41,42,46,35,46,104,0,48,48,49,46,44,48,37,42,41,42,38,49,51,42,39,44,46,48,48,42,51,51,46,49,34,63,47,44,43,42,46,49,43,62,49,40,49,45,44,45,44,42,45,41,40,47,49,44,43,42,53,45,45,43,45,46,52,44,45,48,43,46,38,44,45,114,48,51,41,45,45,45,49,44,44,41,43,43,44,48,45,43,46,37,40,35,45,38,39,42,20,44,38,44,91,42,47,42,40,47,45
33,94,43,30,31,18,24,28,35,26,22,34,33,24,34,27,39,26,33,25,25,38,32,36,29,45,43,27,25,32,31,29,26,29,71,32,29,31,34,28,46,34,25,55,24,21,34,25,34,23,28,31,29,50,28,43,15,30,36,34,30,39,34,32,17,67,26,25,23,32,29,30,18,32,39,42,38,31,64,20,32,17,27,32,17,24,14,37,35,24,33,28,16,15,24,36,30,49,26,23,34,33,18,25,70,62,28,57,40,28,23,30,35,34,32,49,14,35,44,33,27,28,45,27,32,28,143,23,57,51,30,35,57,16,29,44,31,28,34,28,16,36,24,33,15,30,19,31,28,19,28,18,16,35,32,56,22,21,35,18,30,34,34,25,34,33,44,28,18,57,25,52,34,35,46,42,29,49,33,17,28,53,35,24,27,21,75,18,32,27,29,47,20,106,33,29,40,58,36,26,28,32,21,41,36,35,23,34,43,37,23,45,23,30,30,26,23,27,24,31,58,17,26,31,71,29,18,30,25,25,41,31,36,17,26,38,25,25,42,49,36,35,28,30,36,39,89,48,0,23,29,43,32,44,19,33,35,33,22,34,43,32,23,32,33,47,36,35,44,35,32,25,35,62,19,25,34,22,12,34,30,55,21,21,29,24,34,24,34,18,27,23,30,25,32,26,26,32,50,28,25,18,17,17,14,18,15,18,32,21,34,21,33,105,27,35,34,35,30,22,15,29,29,31,24,26,29,24,21,17,31,36,30,29,44,31,33,18,47,30,26,13,86,20,20,27,18,26,33
32,97,38,29,33,22,17,34,37,29,32,43,35,20,38,23,37,17,30,27,29,36,29,32,36,42,48,30,32,29,30,34,25,31,64,32,32,18,38,22,45,29,30,43,16,32,30,26,32,29,27,36,33,51,26,41,31,27,42,32,33,39,31,32,18,61,30,31,30,29,36,27,14,31,31,35,31,32,65,22,34,23,27,30,30,30,25,52,29,22,33,28,33,37,31,39,31,56,26,29,32,36,28,30,68,68,29,52,41,22,20,31,33,33,28,45,18,36,41,31,28,30,41,28,31,28,134,27,54,51,28,33,50,16,27,29,33,29,29,34,26,27,21,31,22,36,31,34,31,25,37,16,24,28,23,47,28,15,34,31,30,32,34,32,33,27,40,28,21,53,23,47,34,35,37,48,31,49,31,29,33,41,31,24,33,35,66,31,33,18,38,48,33,106,27,29,46,53,33,24,13,29,15,43,39,28,34,32,45,27,23,42,30,19,29,24,30,31,35,30,56,18,32,36,87,33,25,13,32,22,35,26,33,34,26,37,27,31,47,52,35,33,32,27,34,37,88,48,23,0,33,22,35,34,23,27,33,28,21,22,37,29,28,29,35,40,31,40,37,26,18,21,28,53,15,31,33,32,27,22,35,58,32,32,33,27,32,28,33,30,34,20,32,24,23,33,33,31,47,32,32,34,15,29,13,23,23,32,34,17,33,20,37,105,24,27,32,31,21,22,11,32,22,32,29,28,26,25,29,31,33,30,31,33,23,28,30,28,45,31,25,13,86,27,23,37,29,24,34
31,102,41,31,34,20,23,34,43,31,32,48,29,20,32,27,16,24,30,32,32,39,27,37,32,41,47,28,27,24,32,34,24,33,73,31,31,34,38,29,46,33,33,32,26,30,32,20,33,27,34,15,33,58,35,25,32,21,41,34,30,38,49,31,29,66,29,33,29,31,32,31,26,31,13,15,13,30,43,26,33,22,32,30,31,31,25,44,32,33,32,31,31,22,32,34,32,65,33,10,33,34,28,30,74,69,32,53,46,25,28,33,35,31,25,25,19,36,42,32,31,33,42,28,30,32,146,29,58,49,30,35,55,28,33,46,34,29,32,35,27,14,34,33,33,19,30,29,34,26,33,26,28,34,27,53,30,24,11,25,28,33,38,28,32,32,41,31,28,58,27,53,33,38,46,35,30,47,32,21,29,55,33,28,32,13,66,27,30,22,37,47,32,108,30,26,34,59,14,27,34,27,27,41,41,34,34,33,47,10,30,22,30,31,44,47,26,33,32,27,57,24,34,30,67,14,28,22,38,25,7,33,23,24,31,23,34,33,49,51,35,35,32,39,37,37,92,49,29,33,0,31,32,37,27,9,35,7,27,35,38,30,36,32,18,44,31,39,21,27,29,27,34,57,27,28,33,21,28,32,34,46,38,34,39,30,33,26,33,25,23,29,25,34,9,33,33,30,42,22,30,30,23,24,28,26,33,33,29,27,33,34,37,114,30,29,33,31,38,40,29,32,32,31,24,30,23,34,25,28,26,33,22,34,37,32,32,30,45,32,31,28,96,27,24,35,30,2,32
40,93,38,30,41,30,27,15,34,39,40,49,30,35,29,25,26,40,37,28,39,36,39,44,40,45,46,36,38,32,39,41,36,35,49,39,36,24,36,40,54,38,28,41,29,29,38,36,40,40,40,29,37,52,28,43,34,30,45,41,40,35,40,39,28,68,36,42,40,38,37,37,33,34,33,31,34,40,56,33,39,31,38,39,34,41,42,48,40,37,38,39,36,37,40,34,39,60,40,36,40,34,33,37,70,68,38,51,50,41,34,41,41,38,34,49,30,40,41,40,29,34,36,39,38,38,138,29,53,50,38,45,43,23,40,21,40,18,39,42,37,15,38,40,40,23,34,41,41,30,39,23,21,39,37,39,38,34,32,41,36,40,34,38,38,35,26,40,36,58,36,45,37,34,32,37,40,57,39,38,37,30,40,34,39,14,62,37,41,38,24,42,41,103,35,32,35,53,16,27,36,39,34,46,44,39,42,41,49,24,25,39,41,26,45,30,37,38,38,40,57,30,34,39,73,16,36,23,42,35,37,35,36,34,32,33,39,42,47,51,44,41,39,31,39,31,85,46,43,22,31,0,40,35,31,31,41,31,29,39,34,40,30,38,23,47,24,41,30,21,25,28,40,57,44,34,39,33,37,39,43,43,35,34,45,38,41,36,39,37,38,41,39,39,35,40,40,41,46,26,35,35,39,34,38,35,37,40,38,36,40,40,39,111,33,32,39,39,28,42,41,36,33,38,35,41,37,37,36,35,34,43,38,40,23,38,39,34,36,39,27,40,92,28,28,42,36,40,38
24,103,41,31,21,15,30,33,44,14,24,47,36,20,40,31,44,26,24,19,19,32,17,32,24,43,42,20,17,28,25,16,24,22,60,23,21,32,43,22,43,24,21,50,19,20,20,25,24,21,16,41,17,55,33,39,20,30,41,25,15,34,39,22,29,64,20,9,29,18,22,23,25,21,42,44,42,21,65,18,23,23,22,23,24,24,28,51,24,18,19,25,21,21,19,42,20,62,12,29,24,39,24,16,67,73,24,54,55,27,34,26,25,22,16,55,18,31,47,23,22,19,34,21,24,23,137,17,58,51,25,28,59,24,24,48,17,28,24,28,21,37,24,18,21,32,21,30,25,17,22,17,24,26,25,57,13,23,39,24,20,24,36,25,25,30,42,17,20,54,19,47,38,42,45,43,17,38,22,25,22,47,24,21,36,31,71,22,25,14,43,49,16,110,22,23,44,57,36,37,31,21,33,44,37,26,9,24,48,32,18,48,12,36,49,23,19,17,17,24,58,27,23,19,91,34,20,26,27,18,37,26,45,25,20,40,32,9,40,46,28,25,23,20,32,35,92,44,32,35,32,40,0,41,21,27,23,33,21,21,43,24,32,22,39,26,40,36,40,45,31,30,26,55,32,25,24,25,22,20,26,62,29,18,32,20,24,19,25,27,21,24,24,17,30,10,13,22,52,37,28,23,23,24,37,25,28,26,25,22,25,35,19,112,19,45,27,24,40,33,18,17,17,17,23,24,35,21,26,24,25,23,25,26,30,22,24,28,45,22,24,21,89,18,30,25,24,25,23
43,99,16,16,42,41,40,43,33,43,37,51,37,31,34,42,40,42,43,38,43,10,43,45,40,46,45,38,38,37,46,40,40,39,73,44,46,34,49,40,47,44,37,43,41,39,40,39,45,41,42,38,43,54,39,43,41,43,46,47,42,43,49,44,40,68,39,42,48,42,40,44,40,40,36,40,37,37,64,41,43,34,39,42,36,43,37,56,41,42,46,41,32,39,41,40,46,58,46,35,45,34,35,43,66,74,41,61,55,32,43,42,47,45,37,47,38,43,49,44,42,39,47,41,43,41,148,35,54,44,45,45,61,38,42,35,40,31,44,48,38,36,45,39,44,38,40,42,45,38,42,44,37,43,45,48,40,41,39,38,43,45,9,36,45,37,37,36,41,65,40,52,24,41,49,51,44,63,45,35,40,45,43,44,22,40,67,38,39,37,42,41,42,115,40,43,26,63,38,42,40,43,41,46,46,43,47,45,47,37,35,45,45,41,53,38,39,38,44,39,66,44,37,32,91,37,42,39,45,41,39,44,35,38,41,35,41,42,47,52,42,47,43,45,38,38,94,48,44,34,37,35,41,0,38,36,45,35,35,39,27,43,36,44,41,49,34,51,43,52,42,37,44,61,44,38,45,40,40,38,46,58,44,46,46,41,45,40,45,39,40,45,37,43,36,44,44,48,45,8,33,40,38,38,47,41,38,46,38,39,45,47,39,113,41,47,38,42,49,38,42,40,34,44,38,46,39,22,36,43,42,45,41,49,43,40,43,42,50,45,38,40,101,23,37,48,34,39,41
27,93,37,30,21,24,25,36,38,18,26,45,36,15,28,28,34,20,23,19,26,23,23,23,15,36,38,11,14,13,22,22,26,25,73,26,24,32,49,23,40,26,17,45,11,15,22,23,25,12,24,40,29,48,25,27,13,27,50,31,21,37,48,25,16,55,12,20,32,26,16,26,26,20,30,35,31,18,61,12,24,19,24,22,24,23,33,49,26,11,22,26,21,19,21,41,25,67,24,26,24,43,12,23,59,68,27,45,47,27,20,20,28,25,12,55,13,27,47,24,18,20,30,24,25,27,137,15,58,47,27,21,57,26,28,39,27,30,21,29,19,36,29,22,33,32,26,20,25,14,25,15,8,28,11,54,32,23,31,14,21,25,28,22,28,28,46,17,18,58,14,49,31,43,39,44,25,56,26,22,25,48,27,23,36,33,63,11,24,12,30,48,25,107,17,26,38,55,35,36,24,27,28,36,30,28,24,27,42,24,10,50,32,25,31,17,23,21,27,26,52,17,16,22,91,35,16,22,34,11,32,31,44,18,12,38,15,20,35,43,27,28,29,36,25,33,88,37,19,23,27,31,21,38,0,28,28,37,3,40,26,23,21,25,36,43,34,41,42,46,37,28,27,63,28,24,26,17,22,39,20,56,32,19,28,26,27,19,28,12,22,18,24,28,30,23,21,28,52,36,30,14,23,24,32,12,18,28,16,11,26,38,29,109,23,43,20,25,34,34,24,19,18,28,22,23,31,12,21,23,18,23,21,29,27,27,23,15,37,25,7,24,90,8,24,39,11,32,27
36,101,32,29,36,30,21,31,39,34,36,50,29,30,40,31,12,35,29,31,37,35,36,39,28,45,46,26,27,33,37,34,34,35,67,35,34,29,47,35,47,35,36,38,22,33,32,26,37,36,33,15,34,52,30,40,38,35,44,38,32,42,48,35,29,73,27,32,36,34,32,34,30,36,17,16,18,34,48,18,36,30,34,34,30,30,36,44,37,30,31,36,35,32,32,37,36,61,35,21,37,40,28,33,75,72,35,49,40,35,34,36,38,35,27,25,18,34,48,36,29,36,41,32,35,35,139,26,59,40,34,40,54,30,38,40,37,21,33,38,34,5,31,27,33,15,36,37,37,26,37,21,27,37,31,59,37,37,7,34,29,37,33,37,36,31,47,36,26,57,24,53,38,42,41,34,36,52,36,32,35,55,37,32,32,15,67,32,36,35,44,51,37,105,34,34,37,53,5,31,25,37,25,38,38,37,40,37,40,2,31,16,32,15,43,41,34,29,38,34,59,33,35,34,85,4,33,19,34,17,8,34,10,37,36,23,38,32,46,48,39,38,37,38,40,37,89,42,33,27,9,31,27,36,28,0,38,18,31,35,35,37,28,34,14,39,30,42,27,22,17,33,37,63,25,30,35,33,26,35,34,47,41,40,40,33,37,34,36,34,32,31,29,33,9,33,30,35,34,25,35,34,28,38,27,35,32,39,25,28,36,38,38,110,34,28,35,36,34,37,37,35,29,34,34,36,28,33,30,32,26,33,34,40,37,36,35,37,44,36,29,26,95,33,34,39,37,21,38
12,94,47,33,9,24,37,34,38,23,13,47,33,26,45,29,37,29,12,15,12,43,3,30,16,36,42,16,17,26,13,18,15,19,72,13,25,38,47,18,46,8,16,54,29,20,14,17,9,14,12,35,27,60,39,44,25,26,47,5,16,36,46,7,33,69,16,21,37,12,14,10,24,23,33,35,32,12,68,24,13,25,10,9,32,31,34,55,10,24,14,4,26,25,11,43,13,61,13,30,7,44,21,9,74,77,7,58,53,16,35,26,1,11,25,49,23,30,47,6,26,15,36,8,13,5,140,23,57,54,10,15,58,31,2,45,20,29,13,10,21,34,33,14,36,29,21,23,7,25,24,29,31,5,28,57,24,25,37,16,24,9,40,17,14,31,50,18,21,61,28,52,35,41,51,44,11,51,8,18,16,46,12,31,30,40,73,18,8,22,40,47,14,108,20,13,32,64,34,36,37,5,31,37,33,5,24,6,44,38,23,41,27,33,47,37,22,25,15,18,53,29,13,22,92,34,23,33,36,25,40,33,42,19,16,38,29,21,39,50,18,1,23,36,30,37,92,41,35,33,35,41,23,45,28,38,0,36,25,40,42,9,39,13,46,40,38,42,43,45,37,30,2,60,37,25,8,16,31,40,30,59,41,20,33,16,8,19,14,19,18,24,13,16,30,18,15,11,49,39,28,22,27,23,36,17,35,29,16,30,9,36,25,106,16,44,13,17,40,29,35,15,25,11,18,15,30,28,20,20,26,10,14,6,43,8,10,19,37,15,29,29,91,27,28,34,19,31,14
38,102,40,32,37,32,23,29,45,35,36,40,40,31,18,38,17,27,37,39,38,35,34,45,37,38,45,36,33,30,35,41,34,39,63,38,40,31,48,33,48,35,39,47,34,34,32,33,38,22,37,16,38,50,36,22,30,41,45,41,38,45,48,37,37,66,37,34,32,39,35,38,33,39,18,16,18,38,44,29,41,27,35,34,38,36,40,44,36,23,37,37,32,32,37,45,36,65,34,10,37,37,38,37,76,62,39,58,51,31,19,29,36,35,33,21,33,37,50,37,21,39,44,30,37,39,142,35,50,40,39,37,55,18,38,43,40,32,36,37,32,18,31,37,46,17,38,38,37,31,43,31,31,37,22,59,38,32,11,22,38,38,29,32,37,28,35,37,34,65,30,53,26,36,36,48,36,53,37,31,33,52,36,30,34,20,66,24,40,18,40,39,35,111,34,34,40,51,17,37,27,37,37,42,37,37,43,38,45,8,37,17,40,38,48,40,34,37,38,36,55,33,32,37,75,18,36,31,38,29,0,39,26,23,37,15,31,34,41,54,35,36,41,31,40,36,83,42,33,28,7,31,33,35,37,18,36,0,22,37,37,38,32,37,16,39,28,37,25,38,19,32,39,59,23,34,36,34,38,35,39,55,37,37,37,39,38,34,37,37,26,40,37,39,12,36,40,39,34,30,38,22,32,35,30,21,33,42,34,29,38,40,43,112,39,34,31,33,31,41,26,38,37,38,37,26,36,31,34,36,33,30,31,41,38,38,35,21,36,38,33,38,87,31,40,42,21,20,37
25,93,33,27,19,18,33,27,25,27,15,48,33,10,26,27,37,25,21,15,28,30,26,28,18,40,44,17,11,11,25,19,19,24,66,26,18,36,50,20,44,25,18,42,15,18,21,18,27,12,26,41,22,50,20,40,16,20,48,29,20,38,49,25,17,55,17,19,27,26,18,27,23,24,37,42,37,23,63,15,26,15,22,25,21,21,32,50,25,10,25,24,20,18,21,43,24,61,22,18,26,40,10,21,58,73,25,50,44,16,20,11,25,25,16,51,17,30,46,25,12,22,31,23,26,25,136,16,55,54,26,28,53,28,23,34,20,22,25,23,19,31,28,21,21,32,12,19,26,16,27,14,9,24,18,57,22,15,35,19,22,27,31,20,26,27,46,22,20,57,20,51,35,40,45,43,19,49,26,12,22,49,25,22,29,35,67,8,26,11,35,44,27,106,18,19,38,55,30,32,27,26,26,38,39,24,29,26,41,33,7,45,20,35,29,18,21,20,23,19,48,16,15,22,92,31,17,30,36,10,22,34,44,7,18,41,14,19,45,48,24,25,23,33,29,33,92,38,22,21,27,29,21,35,3,31,25,22,0,38,32,24,25,26,43,44,31,41,40,46,35,24,24,57,27,23,24,17,21,37,24,52,32,23,32,25,26,18,26,7,19,15,19,25,24,23,21,24,49,33,21,16,23,21,27,14,23,27,16,16,25,29,31,108,23,44,21,23,39,30,32,26,11,28,17,17,24,16,12,18,16,20,14,24,25,24,23,7,37,24,14,22,95,11,26,34,8,25,26
38,91,41,40,35,35,30,43,45,29,36,31,38,35,44,40,39,28,34,34,39,43,35,38,34,46,50,35,29,35,36,29,35,36,71,35,31,28,43,33,39,35,34,54,39,35,37,35,37,31,34,37,34,62,44,44,32,40,48,38,32,34,44,35,35,72,35,26,39,31,35,35,38,34,43,37,43,36,68,32,32,33,37,36,39,38,31,49,33,39,40,34,37,37,34,45,36,60,27,35,37,35,32,31,73,77,35,51,46,35,35,37,40,37,35,56,31,31,50,36,40,32,37,35,37,37,141,29,54,53,34,39,53,33,36,46,35,36,38,39,32,38,35,34,19,34,33,40,38,35,27,24,43,39,38,59,28,22,41,39,30,37,38,41,38,40,44,30,39,57,37,50,41,43,50,44,30,39,37,39,39,45,35,37,41,31,70,33,33,34,40,43,34,111,38,36,39,57,39,35,20,33,31,40,43,39,15,37,54,39,34,47,32,29,48,22,38,27,32,38,61,36,40,40,95,41,36,37,39,36,37,23,42,36,34,39,39,26,44,42,41,40,31,15,27,34,90,49,34,22,35,39,21,39,40,35,40,37,38,0,35,35,35,34,46,26,38,43,40,34,41,31,39,56,20,37,35,34,27,1,26,61,23,36,31,33,37,40,38,38,38,22,38,31,36,26,34,35,46,42,41,33,32,29,39,35,36,30,38,39,36,38,28,114,23,44,38,33,40,35,20,30,33,37,35,37,39,36,36,39,38,39,33,40,16,36,38,36,44,33,39,31,94,39,40,24,37,38,38
43,104,25,32,39,44,27,38,45,37,41,47,43,28,42,44,38,41,37,42,45,10,43,41,42,46,51,38,36,39,40,38,41,40,67,41,40,37,41,40,40,41,42,38,33,38,35,41,44,41,39,30,46,42,33,37,40,42,35,42,38,35,50,41,26,72,39,40,28,40,42,40,38,42,38,44,39,42,40,29,38,36,42,41,39,33,40,31,43,28,40,41,35,35,37,40,39,65,37,39,44,39,37,43,64,64,42,54,32,43,37,45,41,41,30,46,41,46,46,43,43,41,41,40,42,41,147,37,60,43,38,45,57,32,43,45,38,30,41,41,34,36,48,36,37,36,36,38,44,23,35,36,19,43,26,47,40,44,37,38,34,44,4,33,41,23,37,40,45,57,35,57,24,30,40,35,39,49,40,39,38,50,42,41,30,34,66,36,45,32,43,43,40,106,29,37,40,58,37,38,32,43,40,44,44,43,40,43,47,39,36,40,45,37,32,47,39,41,39,42,56,41,39,37,89,35,38,45,41,28,37,45,39,34,40,39,42,40,45,48,43,41,44,37,33,30,94,51,43,37,38,34,43,27,26,35,42,37,32,35,0,41,27,42,35,51,39,49,37,42,37,27,40,57,42,37,40,39,31,30,34,57,40,42,39,39,43,37,41,40,39,34,41,42,30,38,39,42,51,11,41,39,40,44,38,39,36,41,35,23,41,40,47,117,37,50,40,32,39,42,38,43,39,44,35,44,44,37,33,38,19,38,37,43,47,41,42,32,40,39,31,40,94,26,30,45,35,41,40
12,95,41,32,7,24,34,32,33,22,11,43,34,25,44,30,39,29,11,16,10,41,6,30,13,36,41,16,13,24,7,12,16,21,69,8,21,33,44,15,45,7,14,49,26,18,11,13,9,16,13,38,24,57,37,42,22,27,50,7,12,35,45,6,32,69,16,21,34,13,13,8,24,18,36,38,36,12,67,23,7,26,6,8,26,30,29,54,9,23,7,3,22,21,8,40,7,59,8,31,9,41,23,8,70,79,4,54,51,15,32,26,10,5,23,46,22,32,47,9,25,12,36,7,8,4,140,23,56,53,8,20,61,29,7,42,21,26,10,14,19,33,33,14,32,29,21,20,9,21,24,30,24,9,28,54,22,28,35,16,25,11,39,17,4,32,47,14,19,60,26,51,38,40,51,47,9,46,8,20,18,47,11,29,30,35,74,17,1,26,42,47,8,107,18,15,38,65,33,29,35,0,29,39,35,9,22,10,46,37,21,45,24,34,44,37,23,14,12,16,54,28,10,21,92,33,21,32,33,23,38,32,41,15,15,39,29,21,42,42,22,10,16,32,32,38,93,42,32,29,30,40,24,43,23,37,9,38,24,35,41,0,38,10,44,39,33,42,38,46,35,25,8,57,36,24,7,14,32,33,30,58,38,20,31,8,8,17,8,16,21,22,11,14,27,15,12,8,48,38,28,19,27,22,34,16,34,24,19,27,9,33,20,108,15,45,10,11,41,34,34,11,24,8,18,17,28,28,18,20,26,12,14,14,40,3,8,13,33,8,28,23,91,23,29,27,16,27,13
37,105,41,35,33,25,29,38,30,38,36,47,33,15,46,39,38,16,26,35,36,26,38,35,36,44,51,32,30,34,36,37,37,35,66,37,32,29,46,32,42,39,35,43,23,34,36,34,36,29,36,29,35,49,22,30,30,34,35,39,32,23,45,37,21,63,32,36,23,25,34,36,16,38,37,37,37,36,49,19,38,27,36,36,32,28,31,47,33,19,23,34,30,31,34,24,35,59,38,36,36,33,38,34,63,62,35,52,44,35,13,33,39,38,15,38,27,40,46,37,31,37,38,31,37,37,135,34,56,48,35,41,54,24,35,41,37,34,37,38,30,29,17,38,41,40,20,36,37,17,34,32,21,38,27,50,35,21,31,23,34,36,21,26,35,28,42,35,23,60,19,49,42,35,42,34,32,51,36,26,30,46,37,33,37,21,61,19,38,15,41,26,36,108,32,37,47,61,29,33,30,38,42,40,45,38,32,36,55,32,19,40,38,29,32,22,26,33,30,33,51,21,36,40,90,29,23,25,36,18,32,32,38,29,31,34,34,36,47,44,42,39,36,32,32,4,96,39,23,28,36,30,32,36,21,28,39,32,25,35,27,38,0,37,23,47,37,33,31,34,30,34,38,62,21,33,36,33,11,24,29,56,34,32,29,37,36,19,35,32,17,27,39,33,28,38,36,30,42,25,37,18,25,34,28,33,34,45,28,21,37,42,39,96,37,48,34,32,36,27,25,35,33,33,35,35,39,29,32,21,23,39,29,39,36,35,37,23,44,37,25,24,72,14,34,37,35,31,36
6,97,42,33,6,19,36,33,39,18,13,42,31,23,44,28,39,23,9,17,10,39,10,27,12,38,42,13,19,22,6,10,13,17,68,2,23,34,44,17,43,7,12,52,24,15,7,17,9,19,11,36,21,55,35,41,23,25,48,13,18,33,43,4,30,69,13,20,33,11,14,6,28,15,36,37,36,10,65,23,10,24,5,3,25,28,31,50,6,23,12,10,21,21,10,40,7,61,11,30,9,41,23,11,71,76,9,54,50,17,34,26,13,9,22,48,23,33,46,5,25,11,36,9,4,9,137,21,53,50,8,24,60,32,10,43,21,24,9,15,20,30,29,12,31,34,20,20,11,22,22,29,27,7,30,53,22,27,34,18,26,9,37,21,4,31,46,14,16,58,26,48,32,38,49,41,10,47,8,18,14,45,7,28,28,38,71,18,10,24,39,45,13,106,19,14,38,62,30,32,35,10,29,38,35,7,22,9,48,34,17,41,25,32,44,37,20,23,17,17,56,24,14,17,90,30,22,30,35,22,37,32,40,17,13,38,29,20,42,47,26,13,19,34,31,40,91,44,32,29,32,38,22,44,25,34,13,37,26,34,42,10,37,0,41,39,31,37,40,43,35,27,10,56,34,23,6,14,30,35,27,55,37,19,30,14,9,18,7,19,20,20,9,15,27,14,10,9,45,35,26,19,24,18,31,17,31,24,19,28,4,32,22,108,15,44,17,11,39,32,31,10,21,11,14,21,28,26,17,19,27,15,14,17,37,8,10,19,40,4,30,23,91,23,28,30,17,29,7
44,95,44,39,37,25,33,36,47,41,41,39,40,42,35,40,8,38,42,32,36,40,44,46,44,50,48,42,33,37,44,38,41,41,63,39,37,43,24,44,50,39,35,31,39,33,43,39,41,40,41,21,34,61,44,45,32,38,43,39,39,46,42,39,40,62,42,39,44,31,46,40,37,40,10,10,9,41,61,39,43,30,39,39,38,36,27,44,37,38,38,39,37,35,37,47,41,53,35,22,41,30,27,41,65,72,42,53,35,37,24,39,46,40,41,45,24,39,26,40,35,38,45,36,40,43,145,33,50,42,38,48,45,15,42,44,39,37,42,43,31,14,32,39,34,38,43,47,42,43,39,29,40,43,44,59,38,43,11,41,35,41,32,37,40,38,35,39,35,54,43,48,32,44,49,32,33,49,42,43,44,44,39,44,32,23,70,40,44,45,25,40,36,102,42,42,39,65,15,24,28,44,34,49,50,43,39,41,52,12,43,13,40,36,42,38,36,29,33,43,48,38,43,46,75,15,43,31,38,38,16,34,18,38,35,19,42,39,47,49,47,46,43,49,47,39,87,46,33,35,18,23,39,41,36,14,46,16,43,46,35,44,23,41,0,39,31,46,23,21,38,38,41,61,36,38,41,38,44,43,42,49,30,43,46,34,41,37,40,40,38,45,41,34,18,40,38,33,32,38,38,40,30,32,26,40,36,49,38,42,42,38,47,102,34,36,42,40,36,35,33,32,35,36,38,39,43,41,39,41,39,43,40,44,46,40,43,41,47,37,37,21,86,44,33,45,40,14,43
40,92,44,47,37,40,41,45,41,47,45,36,45,43,46,40,44,46,37,41,38,44,41,45,43,48,49,44,46,43,38,39,44,46,77,37,46,43,50,43,45,39,44,52,36,45,39,43,36,42,40,42,34,56,44,49,45,47,52,40,41,41,44,38,42,75,44,22,51,37,44,40,41,45,45,41,44,42,72,43,38,40,40,39,45,44,44,59,37,44,37,37,44,45,39,52,38,63,36,38,38,46,43,37,78,82,39,54,51,44,47,42,40,39,43,43,43,41,34,38,44,44,49,38,41,38,144,45,30,48,39,35,66,41,38,48,42,47,39,41,44,41,46,40,35,45,45,43,40,45,41,41,45,37,39,51,40,43,43,45,44,39,45,42,34,45,45,44,41,66,48,43,45,48,55,45,37,42,40,45,44,58,40,45,41,44,72,45,39,39,47,51,40,112,45,43,49,62,39,41,38,39,43,49,44,37,39,39,49,40,45,55,29,41,49,30,42,34,46,43,61,41,43,45,99,42,44,41,41,43,39,28,42,42,44,44,48,22,47,50,44,40,37,26,42,51,93,48,47,40,44,47,26,49,43,39,40,39,44,26,51,39,47,39,39,0,45,46,47,47,38,38,39,28,26,47,36,41,44,26,35,61,26,38,38,36,37,43,34,43,45,41,42,44,38,33,34,36,53,45,49,44,43,44,40,43,41,42,44,45,36,36,42,105,40,48,44,42,46,45,33,43,46,41,44,44,48,44,43,44,46,42,41,42,50,37,39,45,40,37,43,41,90,44,43,41,41,43,41
36,100,40,32,35,27,24,20,27,33,34,43,38,30,43,33,29,31,33,24,33,40,33,41,33,41,46,31,34,27,35,34,27,33,69,33,37,37,45,31,47,35,29,45,34,28,35,30,33,32,29,35,35,60,31,44,35,32,44,34,34,38,49,31,37,75,30,37,26,29,33,31,18,29,19,27,19,29,61,36,35,23,30,33,25,34,19,54,30,32,31,34,34,35,31,24,34,59,32,22,33,38,29,32,73,79,29,55,49,33,32,37,38,35,33,50,22,30,44,32,28,31,39,30,32,30,140,27,56,50,31,40,57,19,36,42,38,16,30,36,33,28,32,35,20,22,36,29,36,35,35,19,37,37,42,55,34,30,22,32,35,33,35,30,34,35,46,32,24,64,31,51,22,38,42,25,36,51,34,33,37,41,33,32,35,25,70,31,33,38,33,43,36,103,32,34,37,70,31,25,20,33,27,38,38,37,31,35,54,30,29,39,37,31,35,27,36,33,35,34,58,33,28,33,83,31,27,23,32,37,28,30,38,28,30,37,39,37,48,53,43,38,36,40,41,41,90,48,36,31,31,24,40,34,34,30,38,28,31,38,39,33,37,31,31,45,0,45,44,35,39,26,35,59,31,29,34,33,30,35,38,54,37,36,38,33,35,32,32,28,31,34,35,34,28,31,31,34,39,23,32,36,24,25,36,29,36,35,29,34,34,34,37,109,30,49,35,35,45,31,21,34,30,33,31,33,35,28,34,28,25,35,28,34,27,34,34,34,45,32,42,16,89,26,26,39,28,25,34
40,105,38,43,37,40,39,41,44,42,44,51,46,40,47,38,45,39,38,39,41,43,42,39,40,45,49,42,42,40,38,40,42,42,78,39,45,34,49,41,49,40,41,54,46,39,37,40,40,41,34,42,38,63,35,46,35,41,50,44,43,39,46,38,46,68,42,40,42,40,39,38,38,41,47,43,47,39,67,41,40,39,39,37,41,39,37,55,40,43,38,39,40,39,38,44,39,62,39,37,40,25,35,38,73,79,42,59,48,42,38,44,42,38,40,56,36,40,44,39,39,40,41,42,39,41,147,38,64,54,38,43,62,37,40,39,38,46,39,42,44,39,34,40,39,46,40,44,41,40,40,30,43,42,41,62,40,40,39,41,36,40,38,42,38,43,49,36,40,67,45,50,46,44,51,44,36,51,39,41,41,49,39,41,45,41,75,43,39,40,48,49,41,111,42,40,46,62,45,33,39,42,34,41,43,42,37,40,51,43,42,50,43,36,55,36,41,34,37,40,56,37,41,41,100,40,43,35,39,40,37,28,45,41,41,45,41,40,49,22,41,42,37,23,38,45,94,42,35,40,39,41,36,51,41,42,42,37,41,43,49,42,33,37,46,46,45,0,49,43,41,38,40,59,34,44,37,42,35,37,36,57,41,37,33,39,40,41,38,43,42,33,39,41,39,34,38,37,51,41,45,41,46,42,37,41,42,33,43,44,38,41,45,106,38,45,42,38,45,41,33,37,42,40,42,40,39,41,41,42,41,41,42,43,46,41,41,43,47,38,43,38,94,43,45,41,43,41,38
42,98,41,32,41,26,39,46,33,43,35,47,41,39,45,36,25,39,39,34,44,42,38,48,37,48,50,36,32,33,39,43,37,40,66,41,37,43,22,35,53,39,34,38,42,31,40,33,41,42,39,37,43,57,49,41,34,39,39,41,39,42,46,39,44,65,35,42,44,37,39,40,38,40,31,21,30,39,55,35,39,36,38,39,45,39,33,43,39,37,39,39,39,39,40,48,38,53,43,23,41,32,39,41,71,70,40,65,49,38,28,44,43,42,40,29,24,41,39,41,43,38,49,40,41,40,145,33,52,44,38,45,56,30,43,45,40,39,41,42,39,21,38,37,40,34,42,40,42,37,43,29,41,42,43,56,42,30,21,36,44,41,32,37,41,42,41,41,32,70,40,54,37,40,45,43,40,52,40,37,38,50,42,39,30,31,79,40,41,40,44,45,44,113,37,41,35,63,22,34,42,38,37,50,46,42,42,41,53,27,35,44,40,37,47,43,42,38,39,40,57,29,35,42,63,22,44,36,41,46,25,33,26,37,37,24,42,42,53,58,45,43,43,45,45,33,91,51,44,37,21,30,40,43,42,27,43,25,40,40,37,38,31,40,23,47,44,49,0,33,41,45,42,58,41,39,40,35,45,40,46,58,35,41,44,41,41,34,41,41,40,42,40,41,17,42,40,39,25,37,41,41,33,42,43,43,38,44,39,37,41,40,38,109,36,41,42,41,42,41,42,39,43,36,38,42,35,39,42,38,40,41,35,44,41,41,42,42,55,39,46,31,90,44,39,41,42,28,41
44,101,41,39,42,35,22,45,42,45,40,40,38,43,26,34,27,38,42,39,46,44,43,46,42,46,47,43,36,34,44,46,41,35,63,43,43,40,36,43,48,41,42,42,42,41,45,41,45,41,42,28,43,50,39,39,42,41,46,44,45,32,32,42,43,66,43,43,42,44,44,43,33,43,23,23,22,40,57,43,44,33,42,43,45,41,47,36,44,40,40,43,39,39,44,32,44,58,46,22,42,12,42,42,64,70,42,58,53,38,39,41,45,40,37,35,27,41,33,43,42,42,47,44,43,42,146,35,50,45,43,47,29,39,45,42,46,45,43,44,38,24,42,45,34,40,37,47,43,42,42,38,47,44,45,49,42,46,25,43,41,45,43,43,44,46,31,45,34,63,45,50,27,37,41,25,43,57,43,44,40,40,44,40,36,22,70,37,45,36,33,48,43,106,43,40,40,57,39,39,33,46,37,47,47,44,47,42,55,21,45,36,37,33,49,47,40,43,38,43,55,42,40,45,60,21,40,35,51,46,38,38,29,40,38,17,41,43,47,52,47,45,43,40,35,29,85,51,35,26,27,21,45,52,46,22,45,38,46,34,42,46,34,43,21,47,35,43,33,0,36,35,43,57,38,33,41,42,40,36,32,53,35,43,39,44,42,40,44,43,42,41,39,45,43,46,46,43,50,43,42,40,33,40,41,41,39,46,47,46,43,37,49,95,41,37,43,46,43,36,40,44,46,36,44,41,18,46,41,42,40,45,40,45,36,42,45,43,49,45,42,42,86,43,26,45,41,26,45
38,98,34,36,38,35,19,23,35,35,37,45,34,40,32,24,25,34,35,39,36,34,35,40,33,43,48,33,35,37,37,34,37,36,69,35,41,25,42,38,43,37,37,52,21,38,35,26,37,42,31,38,38,36,25,22,39,35,52,37,34,40,50,37,24,68,33,30,30,38,33,33,20,35,35,31,36,30,67,20,33,17,35,36,30,34,28,44,34,25,35,35,34,34,34,29,37,53,35,35,37,41,28,36,70,68,33,58,43,37,37,37,37,36,34,44,20,37,39,38,22,38,46,32,33,34,139,19,54,46,34,39,52,32,38,34,38,33,33,37,31,24,32,29,37,34,33,41,38,39,31,18,40,34,25,56,31,23,32,36,33,37,30,37,33,39,38,39,27,51,23,52,37,28,39,31,35,53,36,31,39,40,36,30,43,35,62,39,35,22,24,43,33,107,34,36,36,50,25,23,21,35,27,44,42,34,30,37,47,28,35,41,34,12,33,28,29,27,36,34,60,18,35,35,79,21,30,9,28,20,19,32,45,40,35,31,35,30,46,53,41,37,40,32,31,35,91,46,32,18,29,25,31,42,37,17,37,19,35,41,37,35,30,35,38,38,39,41,41,36,0,29,36,58,19,37,33,33,25,37,41,56,40,31,39,35,37,35,33,25,24,36,37,36,25,33,33,34,48,24,40,40,23,40,21,33,41,40,25,32,33,33,41,112,37,24,41,34,29,30,26,35,32,33,35,38,21,31,28,31,39,36,35,39,20,35,36,25,40,33,30,26,92,30,25,36,36,26,35
32,102,35,33,23,26,27,29,34,29,27,43,18,26,32,25,45,32,23,27,30,33,25,32,25,44,42,30,26,26,26,26,23,23,70,28,29,24,37,32,45,28,29,50,25,28,25,27,31,35,22,35,33,53,22,29,28,11,44,30,25,36,44,27,25,62,30,30,32,26,26,29,13,29,39,43,39,26,61,24,28,23,23,28,27,24,31,54,26,27,23,27,21,21,25,31,28,63,27,28,31,34,14,22,56,72,28,56,47,30,27,28,30,24,26,49,24,38,50,30,25,30,37,26,29,30,141,21,56,54,26,32,47,28,30,42,28,19,28,30,32,29,27,24,29,28,27,33,30,18,31,15,27,31,20,57,26,29,37,28,21,31,23,28,28,25,41,22,28,57,23,52,30,35,43,46,27,54,31,24,29,44,29,24,28,31,71,28,24,18,41,51,24,111,24,28,41,56,27,23,22,25,14,42,40,31,25,31,51,32,21,41,27,33,31,32,29,21,28,30,50,29,29,30,76,29,21,28,29,30,32,29,44,26,29,40,34,30,44,45,33,30,25,32,30,39,92,49,25,21,27,28,30,37,28,33,30,32,24,31,27,25,34,27,38,38,26,38,45,35,29,0,31,59,35,21,27,26,27,36,32,52,36,27,28,25,31,24,28,25,19,20,27,33,24,25,25,26,45,24,23,21,26,23,32,23,31,33,27,27,29,30,32,109,25,46,30,26,44,28,33,26,30,29,25,34,26,25,29,26,22,26,30,30,33,27,28,29,44,28,25,21,89,25,18,33,30,32,28
10,95,43,34,8,19,41,34,37,24,13,44,33,25,45,29,34,27,13,14,11,42,5,29,16,34,42,17,17,25,6,15,15,18,67,11,24,38,46,17,45,7,14,53,28,18,12,17,7,15,12,36,25,60,39,45,22,27,48,6,17,35,47,7,32,67,17,16,38,11,16,7,30,20,32,32,31,14,66,23,10,26,5,8,31,28,27,54,10,24,13,2,24,24,7,42,4,62,13,29,5,42,22,10,69,79,3,57,52,15,35,26,3,8,23,48,18,29,47,6,27,12,30,7,9,3,139,18,56,53,5,15,57,36,2,47,19,27,11,10,20,33,33,15,35,32,22,22,3,23,24,30,30,1,31,56,19,29,37,16,27,7,38,19,7,32,49,16,18,61,25,49,34,40,51,45,12,48,5,20,17,45,11,28,29,41,73,19,9,26,39,44,15,108,20,16,32,64,33,35,34,8,30,37,35,1,23,4,40,37,20,43,24,36,44,37,22,23,18,17,54,27,12,22,92,33,24,34,31,24,39,33,41,16,15,39,28,16,42,47,20,3,22,35,27,38,91,34,35,28,34,40,26,44,27,37,2,39,24,39,40,8,38,10,41,39,35,40,42,43,36,31,0,55,39,25,3,14,33,39,29,59,40,18,31,17,6,16,9,15,21,23,11,17,31,14,14,10,48,38,27,22,27,18,35,16,34,27,19,30,6,33,24,106,15,44,10,19,41,30,36,12,21,10,17,15,29,27,19,19,26,8,11,9,40,5,4,18,39,10,28,28,90,25,25,33,18,30,11
58,104,60,57,59,57,62,55,63,50,57,53,57,61,60,53,60,50,53,54,58,62,57,67,58,62,66,58,56,56,59,56,57,55,67,57,61,53,59,57,59,55,52,62,57,53,57,57,57,59,57,53,59,67,62,64,56,55,60,60,54,51,45,57,62,75,58,58,65,58,57,54,55,53,61,60,61,58,73,56,57,57,54,57,62,65,59,61,56,55,57,54,57,57,59,64,58,49,60,56,57,57,54,58,77,81,57,69,62,57,62,59,60,57,55,65,54,49,55,58,60,52,60,55,57,53,150,55,38,48,55,60,58,60,60,48,58,56,55,59,54,57,57,56,57,60,56,63,58,57,58,56,61,59,60,44,56,61,57,58,57,57,60,58,58,62,58,57,59,59,57,42,63,56,56,60,59,61,57,59,56,55,56,59,58,59,74,59,57,61,60,59,57,110,59,57,62,63,57,57,60,57,55,59,60,59,59,57,62,60,58,56,54,57,60,63,55,57,56,57,64,56,57,59,97,58,54,62,67,60,59,55,55,58,56,52,60,58,64,63,63,60,53,46,63,60,92,63,62,53,57,57,55,61,63,63,60,59,57,56,57,57,62,56,61,28,59,59,58,57,58,59,55,0,63,57,58,58,60,56,59,64,55,56,58,57,57,55,58,60,57,57,56,53,58,57,58,59,52,60,59,58,57,57,54,59,51,61,60,59,56,59,58,108,54,64,59,58,60,61,60,56,57,56,58,59,52,58,59,54,55,58,58,60,56,54,58,56,55,56,62,61,91,61,59,56,58,61,59
37,101,40,36,33,21,16,30,42,35,39,14,40,24,26,34,32,35,40,35,40,39,36,40,38,45,49,34,36,31,34,33,33,39,75,34,35,36,49,33,42,36,36,48,27,36,34,26,36,24,33,30,23,51,29,31,30,34,44,41,32,46,49,34,28,67,34,27,27,25,36,37,27,37,31,30,31,39,51,20,35,20,36,36,37,28,30,46,35,19,36,34,28,32,33,43,35,60,30,23,36,44,34,35,67,65,38,50,49,34,15,26,37,35,22,52,36,36,41,37,21,38,41,34,37,37,139,32,39,52,34,39,53,20,37,42,35,37,40,36,32,25,29,32,9,40,21,38,37,20,36,25,26,39,21,57,28,24,34,30,36,36,35,31,37,26,40,31,21,56,22,53,39,39,43,35,33,34,38,33,36,46,36,29,38,39,65,23,35,18,36,43,37,112,37,31,38,52,24,35,23,36,36,46,41,39,27,36,54,26,34,43,26,30,46,27,22,36,27,30,58,21,40,37,90,25,27,29,33,20,23,26,40,36,36,41,38,27,47,48,42,37,31,25,40,38,86,47,19,15,27,44,32,44,28,25,37,23,27,20,42,36,21,34,36,26,31,34,41,38,19,35,39,63,0,37,34,29,27,23,36,58,17,32,43,33,36,23,37,32,22,36,36,24,24,24,26,34,43,35,35,29,27,25,14,34,31,40,34,26,37,37,33,112,27,27,35,36,44,30,4,31,27,35,30,25,34,35,30,31,30,38,33,39,36,35,38,24,41,34,25,23,86,22,35,38,27,26,39
24,97,38,31,21,16,40,35,33,20,17,44,33,11,48,24,40,16,22,19,24,35,24,34,20,36,43,20,20,20,20,22,20,21,66,21,21,25,45,15,47,22,21,50,23,15,23,19,25,24,19,37,25,56,30,29,19,19,46,25,22,37,47,21,16,59,20,27,32,19,18,23,17,22,30,36,30,17,62,19,23,20,21,20,29,24,31,49,20,10,20,23,8,8,23,41,20,64,21,31,25,34,16,20,61,76,21,55,51,18,29,26,25,21,15,47,14,33,46,22,26,23,44,23,22,22,135,19,57,52,19,28,57,31,23,36,25,25,22,23,20,31,26,22,18,27,16,22,26,13,28,28,20,23,30,59,25,23,34,14,22,25,35,16,22,27,43,21,17,58,23,53,33,27,42,37,23,52,24,19,18,49,20,26,28,36,66,10,21,20,32,41,23,109,15,17,37,57,28,31,33,24,31,41,39,23,27,25,49,32,17,46,26,36,45,40,11,28,27,18,57,26,13,22,88,30,22,34,35,21,34,32,39,12,19,39,26,27,39,51,26,25,22,36,29,38,91,44,25,31,28,34,25,38,24,30,25,34,23,37,37,24,33,23,38,47,29,44,39,33,37,21,25,57,37,0,19,14,26,39,27,54,37,25,33,24,25,16,22,18,17,23,22,22,26,23,24,19,47,34,8,16,24,19,29,19,28,31,26,20,22,34,24,110,20,45,19,22,44,27,32,23,12,22,11,26,25,19,22,19,20,23,14,28,26,22,20,23,41,21,20,21,91,20,16,33,15,26,24
8,93,38,34,2,19,39,33,40,21,11,43,31,22,41,28,34,26,11,17,11,41,9,27,13,35,41,13,14,23,6,11,15,18,70,3,20,33,45,15,43,7,13,51,27,14,5,16,5,12,11,39,24,56,36,41,24,28,44,14,16,33,42,2,30,68,12,18,35,11,12,7,27,21,34,37,34,11,63,23,10,27,8,6,28,29,30,51,6,23,11,2,20,21,7,42,11,61,9,30,4,43,22,12,68,75,4,51,49,15,30,22,8,5,21,50,18,29,45,3,24,14,37,10,6,7,135,18,55,52,10,20,58,32,5,45,21,28,7,12,19,31,31,13,31,30,18,20,11,20,23,24,22,4,30,57,23,26,32,18,26,5,39,20,6,33,46,13,17,60,26,52,30,40,49,40,7,49,4,19,16,48,9,25,26,35,68,18,7,21,38,45,13,108,20,11,35,57,30,31,31,7,29,38,36,4,20,4,42,36,17,43,26,31,43,38,20,24,18,14,54,25,11,19,92,31,22,29,31,23,36,30,42,17,15,40,29,18,41,45,18,8,20,36,30,38,89,43,34,33,33,39,24,45,26,35,8,36,24,35,40,7,36,6,41,36,34,37,40,41,33,27,3,58,34,19,0,14,32,35,27,56,39,22,27,14,4,15,2,15,17,18,11,16,28,15,8,6,47,36,26,18,24,19,32,18,33,23,16,26,1,34,21,105,18,42,11,13,44,32,31,8,21,9,17,16,30,26,16,21,25,11,11,12,36,7,5,17,37,4,28,24,90,22,28,32,17,29,6
15,95,40,29,14,12,35,26,38,21,14,46,30,18,40,21,36,23,13,7,11,41,11,32,11,38,43,3,11,17,15,14,13,18,68,14,21,28,49,13,48,10,9,50,19,9,13,2,13,17,14,38,25,54,28,44,17,19,48,16,22,37,46,14,23,69,3,26,27,16,9,12,26,17,30,32,30,10,60,8,12,21,11,14,24,20,32,39,14,12,15,11,19,16,11,38,14,61,12,28,13,40,15,12,71,65,12,49,43,5,31,25,16,12,17,46,18,31,40,14,21,12,39,11,13,12,139,9,55,52,11,20,48,28,12,45,22,21,13,18,10,29,30,14,31,22,12,15,14,17,25,31,24,14,22,55,22,20,30,10,23,13,32,18,15,27,44,16,8,50,21,52,31,26,45,45,15,48,12,8,5,49,13,21,27,33,68,10,14,14,40,46,12,106,6,9,37,57,29,30,33,14,24,37,34,14,21,15,46,28,6,44,30,29,44,36,14,19,16,8,56,22,4,15,90,29,16,27,36,14,34,30,39,7,7,37,27,26,41,50,22,16,20,33,31,37,90,42,22,32,21,33,25,40,17,33,16,34,17,34,39,14,33,14,38,41,33,42,35,42,33,26,14,58,29,14,14,0,26,35,29,56,39,20,31,13,13,4,15,11,12,21,10,17,19,16,14,12,46,37,15,10,17,6,29,4,27,29,13,14,15,32,21,109,20,44,11,15,40,32,31,11,12,13,2,11,25,16,11,6,21,14,1,18,38,12,12,8,40,13,18,16,91,20,23,32,4,25,13
32,98,41,31,31,10,31,24,41,26,31,31,33,10,33,27,45,11,29,28,30,34,33,33,32,43,49,29,24,29,30,31,31,28,67,30,29,29,43,20,38,31,29,49,17,28,30,23,32,16,28,38,23,45,25,31,15,27,40,33,32,29,48,30,18,61,30,33,21,30,32,29,12,28,40,44,40,33,48,16,34,14,31,30,20,21,32,50,32,14,32,32,32,32,29,29,30,52,32,29,32,40,19,33,63,62,31,45,50,30,18,28,31,32,10,47,22,37,40,31,17,31,39,29,30,31,137,24,55,51,29,35,50,26,33,29,30,27,32,32,22,26,19,30,15,34,17,32,33,14,32,25,18,29,25,55,36,4,28,16,25,32,34,23,31,26,50,29,16,58,17,51,33,37,36,35,30,49,31,18,31,38,32,22,30,26,60,14,34,18,30,39,33,109,23,31,40,53,25,32,19,32,30,44,45,29,26,32,49,27,21,41,32,23,26,39,23,32,32,22,57,8,31,31,87,27,19,32,33,15,38,30,34,16,29,32,31,33,50,47,35,31,31,39,33,13,87,46,12,27,28,37,22,40,22,26,31,38,21,27,31,32,11,30,44,44,30,35,45,40,25,27,33,60,27,26,32,26,0,21,30,55,27,31,34,33,32,14,31,15,12,25,33,32,26,33,32,30,43,21,25,13,18,22,20,16,22,36,21,17,31,29,31,100,29,38,30,25,41,23,23,26,30,31,26,22,32,24,15,26,16,34,29,29,26,31,29,19,43,31,17,18,81,11,21,32,26,23,33
38,90,42,41,35,36,29,43,45,29,36,32,38,35,42,40,39,28,37,34,36,38,35,37,34,46,50,35,29,35,36,29,35,36,71,35,31,28,42,33,41,35,34,53,35,35,36,35,37,31,34,37,35,61,40,44,32,40,48,38,32,33,44,35,33,66,35,25,39,31,35,35,38,34,43,37,43,36,64,32,32,34,37,36,39,36,34,49,33,39,40,34,35,37,34,45,36,66,26,35,37,35,33,30,69,74,35,55,49,35,36,37,40,37,32,56,31,31,48,36,42,32,40,36,37,37,140,29,45,54,34,39,53,34,36,45,35,36,38,39,31,38,29,35,20,34,33,40,38,35,27,24,32,39,39,54,29,22,41,39,30,37,40,41,38,41,40,30,39,53,38,52,41,43,48,43,30,40,37,39,40,45,35,39,41,31,71,33,33,37,39,42,33,113,38,36,39,58,39,35,21,33,31,40,43,39,16,37,54,40,34,47,31,34,36,21,38,27,32,38,58,37,40,40,93,41,36,43,39,36,35,23,42,36,34,39,39,25,44,41,41,40,31,14,27,36,90,49,34,22,32,39,20,38,39,35,40,35,37,1,30,33,24,35,43,26,35,37,40,36,37,36,39,56,23,39,35,35,21,0,28,59,24,36,32,33,37,36,38,38,38,22,38,31,37,25,33,35,49,38,42,36,36,32,33,36,36,34,35,35,36,38,29,115,23,47,38,32,43,32,21,30,33,37,37,37,34,35,34,37,36,39,33,40,21,36,38,36,42,33,41,28,94,39,36,27,37,35,38
26,93,42,36,25,24,30,38,39,22,31,42,34,27,50,35,40,27,16,22,30,47,30,21,28,45,42,30,27,26,28,23,28,28,74,27,20,30,49,30,37,29,23,50,27,28,22,32,28,30,25,37,21,56,35,44,25,31,43,30,22,25,38,27,15,66,30,26,32,24,28,28,22,24,40,38,40,30,65,18,28,28,28,26,25,22,25,51,29,20,14,28,21,25,22,39,29,63,28,30,28,41,23,29,68,75,29,55,46,32,22,27,30,28,28,55,29,32,46,27,24,22,31,28,27,29,140,29,56,49,28,30,58,30,30,43,19,26,25,30,27,32,27,30,30,33,29,33,29,28,21,35,24,29,33,59,18,30,40,29,20,28,45,29,28,29,46,23,30,58,30,48,38,39,50,45,24,44,28,33,26,46,29,27,34,38,67,31,29,25,39,47,26,110,31,26,45,61,35,35,32,30,33,45,38,29,31,28,55,35,24,46,24,29,45,38,24,25,16,33,56,24,29,29,95,37,30,33,34,18,39,30,47,30,25,45,32,26,44,32,28,30,20,25,28,29,94,43,30,35,34,43,26,46,20,34,30,39,24,26,34,30,29,27,42,35,38,36,46,32,41,32,29,59,36,27,27,29,30,28,0,62,39,18,14,25,28,30,28,31,29,23,31,30,27,26,25,27,55,36,29,28,25,22,34,32,34,28,29,20,28,28,32,101,25,38,31,21,34,34,31,22,27,16,31,28,33,22,31,29,20,22,31,31,42,29,29,30,36,28,27,25,86,26,31,32,30,31,28
58,111,49,50,59,54,52,59,62,56,56,54,58,57,59,55,57,56,57,56,59,57,57,66,55,58,64,51,54,57,57,60,55,57,73,56,57,59,48,59,68,57,55,54,55,56,59,59,58,60,57,49,61,62,62,62,56,54,52,59,57,52,55,56,61,67,52,64,62,58,59,55,56,58,57,61,58,56,76,59,57,50,56,58,60,57,58,61,57,57,59,58,55,59,59,52,57,59,58,53,58,53,58,56,72,83,57,56,60,59,60,60,59,56,57,66,53,62,56,57,56,56,64,58,56,57,152,55,57,55,56,61,59,59,59,53,59,51,57,59,54,54,57,60,62,57,57,55,59,55,59,52,55,59,63,60,57,54,55,58,57,58,46,57,58,55,46,58,53,59,57,50,58,51,45,57,59,57,59,55,59,58,58,53,59,56,78,60,58,56,59,50,59,114,57,54,57,66,53,49,52,58,60,64,65,59,64,58,69,49,53,63,63,53,54,58,58,59,59,59,55,57,55,57,94,55,53,53,60,59,55,61,44,53,55,56,63,64,65,62,61,59,56,57,56,58,92,62,55,58,46,43,62,58,56,47,59,55,52,61,57,58,56,55,49,61,54,57,58,53,56,52,59,64,58,54,56,56,55,59,62,0,59,56,61,56,58,56,58,56,58,57,57,58,46,61,58,58,53,44,56,56,54,56,59,54,58,61,61,55,58,58,64,112,55,50,57,58,53,57,61,56,56,57,54,61,56,55,59,58,54,61,56,59,63,58,57,58,66,55,61,54,96,58,51,59,53,51,57
39,98,49,39,38,33,21,35,37,28,33,19,37,40,48,38,35,33,37,38,40,41,38,43,38,49,40,36,34,34,38,36,38,42,70,38,35,24,46,37,45,36,31,49,36,32,40,38,40,31,39,38,34,44,36,40,27,35,40,39,36,38,45,38,38,67,36,26,31,37,38,35,35,33,37,40,37,39,66,33,36,27,34,38,40,28,35,46,37,32,40,37,33,32,36,38,37,65,28,27,40,40,34,36,67,70,35,56,41,37,38,32,41,38,44,45,39,40,37,39,37,34,45,35,38,35,143,35,38,43,34,41,49,31,39,47,39,39,38,42,38,39,44,39,13,26,32,34,37,37,38,28,39,38,40,56,24,27,32,34,42,40,45,36,39,40,48,37,32,55,38,49,40,38,46,38,37,40,39,38,37,44,38,37,39,31,70,35,40,30,37,47,34,111,41,38,36,62,37,38,30,38,38,48,46,38,24,40,51,37,35,38,29,28,48,23,24,34,30,39,56,38,31,38,90,39,32,29,35,32,37,29,37,33,32,32,38,26,41,53,38,41,41,23,44,42,87,49,21,32,38,35,29,44,32,41,41,37,32,23,40,38,34,37,30,26,37,41,35,35,40,36,40,55,17,37,39,39,27,24,39,59,0,32,39,35,40,37,39,34,36,33,38,26,32,30,28,40,50,35,42,36,37,31,22,39,25,31,38,36,39,30,37,119,28,41,39,37,39,33,21,36,37,33,36,33,41,36,37,34,38,38,33,43,30,35,39,31,48,37,40,32,83,36,37,39,39,30,40
24,97,40,35,24,24,37,28,36,18,19,42,32,22,46,25,39,24,21,24,19,34,20,27,22,38,45,22,23,27,24,22,19,26,67,19,17,35,45,24,49,18,19,55,23,20,22,22,19,21,23,35,17,58,36,43,15,18,39,22,17,34,38,19,28,65,22,14,27,12,22,19,23,19,37,41,37,23,69,25,22,24,17,21,24,16,22,50,19,26,19,21,16,15,16,37,23,58,16,30,19,33,19,19,66,72,17,55,48,23,35,27,21,22,19,51,15,29,46,20,22,18,40,20,21,17,141,21,57,43,18,20,59,23,18,34,28,27,17,19,19,36,34,18,29,30,15,25,20,21,21,30,23,20,27,60,13,28,31,24,20,19,34,24,20,35,41,13,23,59,27,52,32,34,51,45,22,47,19,25,25,46,22,25,29,32,73,25,19,15,39,46,20,109,25,24,40,62,34,28,27,20,22,38,39,20,12,19,46,40,21,48,23,27,41,32,19,17,20,24,58,30,23,22,91,33,15,25,27,23,37,26,40,19,21,37,31,14,43,47,25,21,16,33,30,39,91,40,21,32,34,34,18,46,19,40,20,37,23,36,42,20,32,19,43,38,36,37,41,43,31,27,18,56,32,25,22,20,31,36,18,56,32,0,21,16,19,21,20,26,24,15,23,17,28,19,19,18,51,31,27,22,16,16,17,24,25,12,26,25,20,34,22,109,11,44,26,23,40,30,32,18,20,15,21,23,27,23,25,24,29,19,22,23,33,17,24,24,34,20,30,17,86,21,25,24,20,31,22
32,101,44,35,27,31,38,35,42,28,28,44,42,31,49,41,44,25,19,27,32,38,28,28,30,40,39,30,31,32,29,28,28,33,75,29,27,30,50,30,36,32,25,56,31,25,28,31,33,34,27,37,23,56,35,46,34,34,48,33,28,25,38,29,23,70,30,32,32,19,32,31,26,27,36,40,36,30,62,33,24,26,29,27,37,31,22,40,25,28,18,34,33,31,24,42,34,67,29,32,33,37,23,26,71,78,30,44,48,31,25,30,34,32,27,56,34,31,48,32,31,22,36,30,29,32,137,26,60,54,30,35,59,28,33,49,21,33,27,34,32,38,32,27,24,36,31,30,34,32,30,31,26,33,28,57,22,32,36,36,25,33,39,36,30,34,48,28,27,54,30,50,42,40,52,46,27,48,31,34,30,43,29,32,40,38,61,30,30,27,35,50,26,114,33,32,45,59,41,36,27,31,32,46,38,33,31,33,55,40,28,47,28,41,40,36,31,28,21,33,62,29,33,35,92,40,33,36,38,27,37,25,48,31,26,42,33,32,45,22,35,34,28,31,31,32,93,49,29,33,39,45,32,46,28,40,33,37,32,31,39,31,29,30,46,38,38,33,44,39,39,28,31,58,43,33,27,31,34,32,14,61,39,21,0,28,33,30,30,32,31,27,32,33,35,31,28,27,53,40,35,25,34,24,23,30,34,22,30,29,30,41,38,104,21,37,33,25,37,35,32,23,27,22,29,34,41,29,31,31,30,30,31,33,44,29,28,33,44,28,30,23,92,31,37,35,30,33,29
15,94,39,31,8,21,35,34,41,18,13,43,33,21,45,27,36,23,11,16,7,36,8,25,13,35,43,13,14,26,10,5,12,17,66,14,16,30,41,17,33,12,16,41,20,16,10,17,12,20,8,33,22,57,35,45,17,21,40,15,6,32,43,14,26,62,13,17,35,7,13,15,19,20,39,36,39,15,64,22,9,27,7,13,25,25,24,50,13,18,11,13,13,13,8,41,13,61,7,33,12,43,24,2,64,75,7,50,44,17,35,24,16,14,19,53,17,30,46,15,16,14,38,2,14,7,136,14,56,49,10,19,55,25,9,41,18,26,10,8,19,31,28,7,27,33,18,23,13,22,16,22,23,15,24,54,20,26,33,21,23,12,32,22,14,32,45,9,15,62,21,47,33,41,44,44,4,45,15,16,15,41,14,21,26,30,66,15,7,22,39,44,6,107,16,11,42,58,32,34,29,8,31,36,31,15,19,12,44,36,12,46,24,31,42,34,19,16,12,15,50,26,17,15,92,34,17,31,36,22,39,29,42,18,17,39,31,17,43,45,24,16,13,32,28,39,89,45,24,27,30,38,20,41,26,33,16,39,25,33,39,8,37,14,34,36,33,39,41,44,35,25,17,57,33,24,14,13,33,33,25,56,35,16,28,0,12,16,15,19,17,18,16,12,27,10,7,9,49,37,28,18,21,21,28,16,28,22,13,28,14,31,23,111,11,43,16,11,39,30,29,4,15,6,16,19,29,23,16,19,21,5,15,17,37,14,12,20,35,14,26,18,88,22,27,27,17,27,16
8,97,44,36,8,19,38,35,38,24,13,45,32,25,44,30,38,28,11,16,13,41,10,28,15,38,43,16,17,24,8,12,14,20,69,3,22,35,50,16,44,7,16,50,27,14,7,15,1,17,13,39,26,57,37,44,26,27,48,14,15,35,45,3,31,69,16,22,35,13,12,4,30,22,33,34,32,12,66,23,12,26,7,9,29,27,31,54,8,23,13,6,25,22,9,42,8,62,12,30,1,42,26,15,71,77,8,54,52,15,34,25,8,6,22,48,22,34,47,3,27,17,38,9,9,8,136,19,56,53,11,21,57,35,8,44,23,27,9,12,19,33,32,14,32,32,20,18,4,22,25,30,25,6,30,56,22,28,33,17,25,3,39,19,3,35,47,14,18,61,26,51,32,41,50,43,10,50,3,18,18,47,11,28,33,38,68,18,9,24,38,46,11,108,20,14,40,59,33,31,34,8,27,39,35,6,25,2,47,37,19,43,25,34,46,38,22,25,17,16,54,27,13,21,93,33,22,32,35,23,38,33,43,17,17,41,29,22,43,46,23,8,22,37,28,40,93,44,34,32,33,41,24,45,27,37,8,38,26,37,43,8,36,9,41,37,35,40,41,42,37,31,6,57,36,25,4,13,32,37,28,58,40,19,33,12,0,18,3,17,20,23,12,15,29,15,11,10,48,38,27,20,27,17,32,17,34,27,19,29,4,35,24,108,17,47,15,15,41,32,32,13,22,10,18,19,29,27,18,22,28,12,12,10,39,6,6,17,39,4,29,24,91,25,27,33,17,31,6
19,90,42,34,15,16,39,31,34,14,9,42,31,9,41,24,33,15,18,9,18,38,17,30,17,39,45,12,6,11,16,19,13,6,69,16,20,25,47,11,48,17,3,43,27,10,17,17,18,4,16,40,22,58,24,44,17,10,45,18,13,33,42,16,13,67,12,20,35,16,15,15,26,15,32,31,31,11,63,7,13,22,15,15,29,18,27,44,13,7,17,15,10,10,15,44,13,58,15,22,18,42,18,12,67,69,18,49,45,20,32,20,19,16,4,47,16,34,43,17,14,10,38,12,18,16,130,15,52,51,14,26,49,29,17,47,22,17,18,18,16,32,20,18,25,27,13,21,19,10,22,30,17,16,19,55,25,10,31,8,24,18,30,14,16,26,45,15,6,50,21,49,29,35,44,39,16,46,17,6,15,46,14,20,19,31,72,3,13,6,32,37,19,107,4,14,30,58,27,27,25,17,21,41,35,16,22,18,45,36,4,42,31,30,44,34,4,22,15,19,55,22,11,20,90,28,18,36,36,12,34,28,38,4,4,36,25,20,45,47,23,19,21,34,33,34,88,45,24,28,26,36,19,40,19,34,19,34,18,40,37,17,19,18,37,43,32,41,34,40,35,24,16,55,23,16,15,4,14,36,30,56,37,21,30,16,18,0,18,4,2,18,12,20,20,17,13,17,47,34,16,2,18,9,22,6,20,28,17,22,18,29,22,111,18,42,8,19,45,32,26,17,18,18,3,12,16,11,10,5,18,17,9,19,31,19,20,8,41,16,22,24,90,10,23,33,4,22,19
8,96,39,32,4,20,35,33,32,21,12,46,33,23,45,28,36,25,14,17,11,40,10,28,14,36,43,17,19,23,5,12,15,20,70,5,22,36,45,16,44,7,15,53,26,15,6,16,3,18,10,37,25,60,37,42,25,28,45,14,12,32,42,6,31,67,17,22,35,10,15,5,27,21,35,40,35,12,66,24,11,23,8,7,29,28,32,52,7,24,12,9,24,22,5,42,10,61,14,30,4,43,23,12,69,77,5,56,51,16,31,26,14,6,22,46,19,30,46,6,27,16,38,10,6,8,138,19,55,52,10,25,58,32,6,46,22,28,9,13,19,32,33,14,33,31,21,21,12,23,22,29,26,5,32,57,24,27,32,19,24,5,38,21,0,32,44,15,19,60,26,52,37,40,51,40,13,49,6,19,17,44,10,29,30,35,70,19,8,23,39,46,13,108,19,14,41,61,32,32,34,8,29,39,35,5,20,5,46,36,21,44,25,31,43,38,23,22,18,16,54,29,15,19,92,32,22,29,32,24,37,30,42,19,17,40,29,22,43,46,19,14,21,36,35,37,92,44,34,33,33,39,25,45,28,36,14,37,26,38,41,8,35,7,40,34,32,38,41,44,33,28,9,58,37,22,2,15,31,38,28,58,39,20,30,15,3,18,0,18,18,22,11,12,28,17,12,7,47,35,23,18,26,18,32,18,33,26,20,29,2,34,21,106,16,46,16,14,44,35,33,14,25,10,16,21,28,27,16,21,26,16,15,18,38,6,9,18,37,3,30,24,91,23,24,32,17,30,5
19,96,41,35,15,10,39,23,33,19,11,44,31,9,40,25,38,11,19,18,19,36,13,32,17,35,44,18,17,15,19,21,11,19,69,19,21,31,48,8,50,14,18,48,17,17,19,2,18,14,18,42,24,59,34,42,21,15,43,19,18,38,50,16,12,64,18,22,27,19,17,18,17,21,34,36,34,13,56,17,19,29,20,19,28,22,32,53,18,5,20,15,10,10,19,37,17,63,20,26,17,37,15,20,72,66,13,48,47,15,33,24,19,18,8,48,18,31,48,16,18,19,40,18,18,18,137,21,55,54,18,21,58,33,18,46,27,19,20,18,13,30,26,17,17,18,20,12,17,15,22,17,23,17,20,57,24,11,32,10,27,18,32,13,18,23,44,17,10,52,13,54,29,41,51,36,19,49,15,5,16,52,19,25,29,38,70,1,19,7,31,45,18,107,3,13,32,61,30,36,31,16,30,37,36,17,27,17,45,32,6,44,31,25,36,32,18,23,20,15,59,15,14,17,92,30,18,25,38,9,37,34,38,8,18,36,24,22,44,49,22,19,17,34,32,29,90,42,18,30,25,37,27,39,12,34,19,37,7,38,40,16,32,19,40,43,28,43,41,43,25,25,15,60,32,18,15,11,15,38,31,56,34,26,32,19,17,4,18,0,3,21,16,16,30,21,20,21,47,28,24,18,25,13,29,2,27,31,18,9,17,32,21,109,19,47,7,19,41,33,22,21,16,15,3,16,23,18,1,8,19,16,11,21,25,17,17,10,38,17,19,13,92,5,21,34,11,26,16
21,95,41,26,18,19,39,27,34,15,11,46,32,5,38,27,32,10,20,12,21,38,21,29,19,36,44,14,7,11,18,17,19,12,67,20,24,26,46,17,43,20,9,52,20,10,18,11,20,4,22,37,21,57,33,41,19,11,36,21,17,33,46,20,12,64,14,19,34,20,19,20,22,14,37,36,36,17,56,17,18,21,16,17,30,27,33,44,15,9,22,17,7,7,20,37,15,62,16,15,20,36,18,14,65,63,18,46,46,16,16,10,18,17,5,44,17,29,40,19,17,14,39,14,18,16,132,16,55,48,15,23,65,33,19,46,23,12,19,23,13,26,16,18,20,34,9,16,21,14,24,27,13,21,13,57,25,8,30,4,26,20,40,8,18,27,47,23,6,56,18,49,32,39,49,33,19,49,19,4,15,47,16,22,22,30,66,2,15,4,32,38,19,110,7,13,33,56,21,28,20,21,19,41,32,21,21,20,47,36,5,40,26,37,34,26,13,17,17,6,57,14,17,17,90,24,18,28,36,16,26,25,39,8,10,31,22,19,44,49,24,18,20,34,28,27,85,45,27,34,23,38,21,40,22,32,18,26,19,38,39,21,17,20,38,45,31,42,40,42,24,19,21,57,22,17,17,12,12,38,29,58,36,24,31,17,20,2,18,3,0,19,14,23,25,20,19,19,46,29,20,1,15,6,17,8,23,29,15,10,21,32,27,106,21,44,16,21,43,26,18,22,12,17,9,13,21,17,3,4,19,21,13,24,27,20,18,8,41,15,25,16,95,9,16,30,12,23,19
22,95,39,30,17,11,38,32,41,15,22,40,33,23,43,29,40,26,16,19,23,36,21,27,22,42,46,17,20,26,19,12,19,20,64,21,18,38,40,20,44,20,23,50,27,19,20,20,23,23,19,29,21,53,28,38,16,20,45,24,16,37,38,21,22,62,18,17,27,9,22,21,20,20,39,40,38,20,60,11,17,31,20,20,26,19,30,51,19,19,15,24,20,19,20,43,21,59,18,29,23,33,11,19,64,74,18,51,46,20,30,28,23,18,19,54,15,34,48,22,15,22,37,18,21,18,134,15,55,51,18,24,61,27,22,46,21,27,24,23,22,34,29,19,35,36,21,26,24,18,21,24,18,23,29,58,9,24,34,21,22,23,33,22,22,34,43,19,19,61,18,51,35,41,51,43,16,44,22,20,18,45,20,26,28,38,68,19,17,15,40,45,15,108,24,20,40,60,32,30,27,22,26,38,37,23,10,23,50,34,17,44,22,25,48,38,21,12,19,20,43,31,22,15,91,32,22,23,29,21,40,31,36,23,24,33,29,17,47,46,20,23,13,26,22,42,91,41,23,20,29,41,24,45,18,31,24,40,15,22,34,22,27,20,45,41,34,33,42,41,36,20,23,57,36,23,18,21,25,22,23,57,33,15,27,18,23,18,22,21,19,0,21,15,28,17,19,20,52,29,28,15,20,18,29,22,29,17,16,24,22,33,19,112,10,44,23,20,37,33,30,18,23,15,24,20,25,19,22,22,27,18,23,24,43,22,19,24,40,18,28,17,90,14,29,25,22,31,23
12,98,40,28,12,17,40,29,36,22,5,45,28,20,41,29,37,22,11,18,11,36,11,31,8,38,42,10,16,24,11,12,10,16,67,10,19,35,47,10,47,9,8,51,24,12,12,10,13,12,13,39,25,57,35,40,22,22,47,13,20,34,43,11,24,69,10,24,34,14,10,9,25,17,31,33,31,1,60,16,10,25,10,11,21,28,29,46,9,16,14,11,19,20,12,39,10,61,15,25,13,38,24,14,71,78,10,55,46,4,37,22,13,8,14,47,22,33,44,12,20,12,38,14,11,10,141,18,54,51,10,22,55,31,13,46,21,23,8,17,16,31,32,12,28,31,20,21,13,16,20,28,20,12,22,53,24,26,29,18,25,13,34,14,11,27,44,14,12,56,26,50,28,32,46,42,9,47,12,16,10,47,5,24,24,34,71,14,11,20,38,47,13,107,14,2,36,64,25,33,33,11,26,38,34,12,24,12,48,31,18,43,31,35,46,36,20,23,17,10,57,27,13,16,89,25,20,31,34,16,37,32,41,18,4,39,22,24,42,51,20,13,19,35,32,43,91,40,30,32,25,39,24,37,24,29,13,37,19,38,41,11,39,9,41,42,35,39,40,39,37,27,11,56,36,22,11,10,33,38,31,57,38,23,32,16,12,12,11,16,14,21,0,17,23,17,15,8,46,32,23,18,24,16,32,16,32,26,15,26,10,32,21,112,17,46,8,18,41,34,30,11,15,14,10,12,27,16,16,14,25,17,6,21,38,11,10,14,37,10,24,20,94,18,25,31,16,27,11
16,96,43,30,17,18,31,33,37,22,15,33,28,22,47,29,42,27,13,14,9,34,12,32,16,38,46,18,18,27,11,9,16,17,67,13,19,30,41,16,48,11,17,53,26,20,12,16,15,20,10,36,23,60,31,40,24,24,46,15,17,33,38,13,29,64,18,15,32,5,15,14,33,17,35,40,36,13,67,24,15,26,12,15,19,27,26,51,9,25,11,14,23,23,10,41,13,61,12,32,15,36,19,8,68,75,14,59,52,16,38,31,16,10,22,50,23,32,50,16,29,16,40,9,11,14,142,14,56,50,14,26,56,34,18,42,13,26,7,15,24,33,33,17,26,26,20,17,16,25,24,25,27,17,35,54,11,29,35,20,26,15,33,22,12,35,45,3,18,63,26,47,35,40,49,45,10,36,14,15,18,39,13,26,28,32,74,17,16,26,38,47,4,109,19,16,42,65,31,35,36,14,20,39,38,17,21,15,50,35,23,45,19,30,47,38,24,12,5,16,57,29,18,20,88,29,14,23,32,24,39,27,41,18,17,39,31,15,47,46,20,16,20,28,26,41,93,47,25,24,34,39,17,43,28,33,16,39,25,31,42,14,33,15,34,44,34,41,41,45,36,33,17,53,24,22,16,17,32,31,30,58,26,17,33,12,15,20,12,16,23,15,17,0,30,9,10,13,49,32,24,20,17,16,28,18,34,20,16,31,16,34,17,113,9,36,15,18,39,33,29,8,24,9,19,17,26,20,18,18,28,13,17,16,36,15,15,16,42,15,30,18,91,22,27,26,17,33,12
30,96,36,31,29,23,19,24,40,25,30,47,22,30,39,25,16,23,30,25,32,36,25,39,29,43,45,28,25,30,30,31,20,31,64,27,31,32,44,27,46,27,24,32,26,27,28,28,29,27,30,14,28,53,37,27,30,16,44,29,31,41,47,27,28,71,27,31,30,27,31,27,19,29,12,14,12,28,45,24,28,15,28,27,31,28,29,39,28,28,30,28,23,26,26,32,29,61,27,18,29,33,23,28,73,68,27,53,37,23,25,34,30,29,30,22,14,35,42,28,26,26,43,29,27,28,147,23,49,42,26,31,43,19,29,46,33,30,29,30,24,5,29,30,30,10,24,27,29,31,33,22,31,29,28,56,30,24,10,22,28,29,24,23,28,35,36,29,18,58,25,53,25,32,42,37,30,49,28,26,25,51,29,25,29,14,70,28,27,23,28,46,27,104,23,24,37,60,5,27,24,27,17,43,40,29,33,29,47,10,22,24,31,27,42,34,23,29,30,23,58,23,28,27,67,5,30,28,37,24,12,28,21,22,25,25,30,31,46,53,30,30,27,42,38,33,89,49,32,23,9,35,30,36,30,9,30,12,24,36,30,27,28,27,18,38,28,39,17,43,25,24,31,58,24,26,28,19,26,37,27,46,32,28,35,27,29,20,28,30,25,28,23,30,0,31,30,28,27,20,24,28,21,23,26,27,29,29,26,26,28,28,33,110,28,35,31,27,40,35,28,28,29,26,30,29,22,33,27,30,29,33,28,32,37,28,29,28,47,29,28,17,86,27,20,31,29,4,31
16,96,35,35,12,20,35,35,41,21,14,36,38,18,44,31,46,26,11,19,13,40,15,28,15,41,47,16,21,27,14,11,15,17,69,15,20,33,43,16,37,15,12,49,20,18,14,13,17,16,8,35,24,54,35,42,25,28,46,19,18,36,48,15,25,65,16,12,32,13,12,13,26,13,41,42,42,18,68,19,14,25,13,14,21,31,28,47,14,20,17,16,19,19,10,44,9,60,7,32,17,42,25,8,71,70,15,48,47,15,36,24,18,15,14,53,23,31,46,16,24,11,38,10,15,14,136,17,45,51,13,27,60,29,18,43,21,27,15,19,22,34,27,11,18,34,17,19,16,22,21,23,23,16,29,58,17,26,38,21,22,17,36,19,17,27,46,7,17,64,22,50,36,42,45,44,12,36,16,18,14,48,14,27,29,33,71,18,16,20,41,38,8,109,19,13,41,58,33,34,28,15,31,41,36,16,10,15,49,33,17,49,17,35,42,23,19,16,12,18,54,32,13,21,92,35,21,29,31,19,36,28,43,18,14,39,31,12,47,44,22,18,20,20,30,44,89,44,26,33,33,40,10,44,23,33,18,36,23,26,38,15,38,14,40,33,31,34,42,46,33,25,14,57,24,23,15,16,33,25,26,61,30,19,31,10,15,17,17,21,20,17,17,9,31,0,4,15,49,32,28,18,25,20,29,20,36,23,15,23,16,34,17,115,11,44,16,10,38,32,18,7,18,18,20,20,31,26,21,23,23,12,15,19,26,16,14,19,37,13,24,20,96,18,29,32,20,27,17
11,96,40,35,5,18,34,32,39,23,17,35,35,19,46,31,42,23,7,18,9,37,12,27,14,40,45,16,17,23,8,7,16,18,70,10,19,33,44,16,37,10,13,46,19,15,7,17,11,19,6,38,26,55,36,44,24,28,51,12,18,31,43,9,27,64,16,10,32,13,13,11,25,21,37,41,38,14,68,18,7,24,7,10,19,25,27,48,7,20,12,9,15,14,6,42,7,59,2,31,11,38,21,8,70,72,10,48,48,17,32,22,14,6,22,52,19,34,46,10,24,13,37,8,11,10,135,17,57,54,8,27,60,30,12,41,21,29,11,17,17,34,33,10,22,33,15,19,12,16,20,23,21,13,31,55,20,26,37,21,20,11,36,21,12,31,42,10,16,62,23,51,35,40,45,44,7,38,10,20,15,43,12,26,29,32,66,19,10,26,40,43,6,108,20,14,40,57,33,32,27,12,28,42,36,13,13,11,49,30,18,48,20,36,43,27,20,17,16,17,55,28,16,23,93,33,22,28,33,18,40,30,38,20,14,38,30,10,45,44,28,14,19,24,33,41,88,43,26,33,33,40,13,44,21,30,15,40,21,34,39,12,36,10,38,34,31,38,40,46,33,25,14,58,26,24,8,14,32,33,25,58,28,19,28,7,11,13,12,20,19,19,15,10,30,4,0,7,49,31,28,16,23,17,31,20,35,20,15,24,12,35,20,113,10,45,19,11,42,31,22,8,17,14,16,22,29,26,20,23,23,10,14,20,29,7,13,21,30,10,22,20,94,22,27,29,19,27,11
12,98,39,32,8,23,36,33,39,24,19,39,32,25,47,27,38,22,12,22,11,35,10,29,9,37,41,18,19,24,6,10,13,17,67,8,21,39,46,14,45,10,14,53,27,19,9,17,12,19,13,36,20,60,37,41,25,22,46,11,19,29,43,11,33,65,18,21,38,10,14,9,30,20,37,41,37,8,66,25,7,26,10,10,26,28,29,51,8,25,12,10,22,20,8,41,7,61,10,29,12,38,23,10,67,80,9,53,47,14,33,24,12,11,21,52,22,35,47,11,30,12,37,9,10,11,137,14,56,53,7,23,61,28,9,41,23,27,7,16,18,31,31,12,31,32,18,22,11,19,21,29,28,9,29,52,25,25,35,20,27,12,35,19,7,34,47,14,18,62,28,51,28,38,52,41,5,49,12,22,16,48,9,20,24,37,66,17,7,25,38,44,11,107,21,12,42,59,32,33,32,8,32,37,34,9,19,10,45,37,20,45,26,32,44,36,18,21,15,16,54,29,16,16,90,31,24,36,29,25,39,26,39,17,18,37,30,21,41,44,18,12,21,34,36,37,93,42,32,31,30,41,22,48,28,35,11,39,24,35,42,8,30,9,33,36,34,37,39,43,34,26,10,59,34,19,6,12,30,35,27,58,40,18,27,9,10,17,7,21,19,20,8,13,28,15,7,0,48,32,25,15,26,19,30,17,34,25,19,28,7,33,20,111,14,41,17,14,41,30,30,7,16,11,17,19,31,25,20,19,28,13,15,21,34,11,13,20,36,6,30,25,94,25,29,29,20,30,11
47,101,47,45,48,45,45,39,45,49,49,50,45,49,46,45,33,44,47,47,49,45,48,54,48,54,54,48,49,45,48,48,46,48,66,46,49,49,41,48,58,46,45,39,52,47,48,47,48,49,48,25,52,67,53,55,50,51,49,49,52,50,51,46,53,77,48,52,51,48,48,45,39,49,33,28,34,47,61,49,48,39,46,46,54,51,45,57,47,48,48,47,48,48,48,41,47,67,49,46,48,31,49,46,79,76,46,59,54,48,44,52,49,46,49,35,46,48,47,47,46,45,55,48,45,46,152,46,60,50,46,52,62,34,49,43,51,42,47,50,48,23,45,49,49,33,47,50,49,48,52,49,50,48,50,61,51,44,31,47,45,48,46,48,47,47,43,48,43,75,46,53,42,51,53,44,48,55,47,46,48,54,47,52,43,39,78,47,48,47,46,40,49,114,46,47,42,71,24,49,42,48,45,53,53,48,52,48,56,36,49,35,53,46,50,50,45,49,49,46,51,46,48,48,92,24,48,48,52,48,34,50,30,47,45,26,52,52,54,56,52,49,47,54,54,45,99,53,50,47,42,46,52,45,52,34,49,34,49,46,51,48,42,45,32,53,39,51,25,50,48,45,48,52,43,47,47,46,43,49,55,53,50,51,53,49,48,47,47,47,46,52,46,49,27,49,49,48,0,42,46,45,42,48,48,46,48,53,51,48,47,51,52,112,49,45,48,50,52,49,44,46,50,47,46,50,48,47,45,46,46,50,47,51,52,47,47,48,53,47,51,42,96,48,46,49,47,34,48
37,100,25,26,35,33,30,13,31,33,35,40,24,24,41,31,33,32,35,34,37,21,36,39,31,39,46,30,32,25,34,36,30,37,65,36,33,26,44,32,48,36,32,37,30,27,34,30,38,35,34,37,35,46,39,35,30,30,33,38,33,36,47,36,37,61,30,36,31,33,36,35,34,32,33,34,34,33,56,35,35,26,30,34,34,32,26,50,33,25,34,35,29,29,36,34,34,60,35,26,38,27,26,33,63,74,35,52,46,32,25,37,38,34,27,48,31,36,49,37,28,32,42,34,36,36,148,26,52,54,34,40,59,31,37,36,32,28,33,37,33,22,27,33,33,26,34,40,39,31,36,35,33,37,35,49,36,32,28,32,26,38,7,29,35,28,35,33,29,63,32,58,30,37,43,46,35,60,37,29,34,45,34,30,30,27,71,30,38,28,41,46,31,109,32,35,21,63,23,35,24,38,25,44,39,37,36,38,45,30,26,35,38,31,42,43,39,37,37,32,55,20,32,31,84,23,34,31,32,31,30,33,34,30,31,35,40,36,44,53,39,38,33,36,26,33,97,45,28,32,22,26,37,8,36,25,39,30,33,42,11,38,25,35,38,45,23,41,37,43,24,24,38,60,35,34,36,37,21,38,36,44,35,31,40,37,38,34,35,28,29,29,32,32,20,32,31,32,42,0,35,33,27,30,37,29,34,35,35,30,35,34,37,116,27,43,36,34,44,36,26,31,34,34,35,36,35,24,31,33,34,38,31,39,35,37,35,35,41,35,35,28,97,24,30,28,31,23,38
26,97,39,30,28,20,40,30,35,24,22,46,31,28,44,22,42,24,25,24,26,34,27,34,24,40,42,21,22,20,27,26,22,17,70,24,25,34,49,19,49,26,21,46,25,24,24,22,27,24,23,39,27,58,33,40,23,22,48,25,25,37,49,24,28,55,21,29,37,24,26,26,30,25,36,38,36,23,65,22,27,25,26,25,34,25,34,53,23,26,26,26,13,19,26,41,28,62,28,31,27,42,19,27,68,72,26,58,50,23,37,24,28,23,24,52,20,32,46,26,22,24,44,23,25,24,134,25,55,53,26,29,62,30,23,49,28,17,25,29,23,29,31,28,34,30,23,29,28,24,27,28,23,27,27,53,23,19,33,22,25,27,31,20,23,20,45,24,22,62,24,50,33,35,38,45,27,51,26,15,23,50,25,30,29,34,70,22,28,19,41,48,27,110,12,22,41,63,32,31,31,28,29,40,40,27,27,27,49,38,18,36,32,38,46,40,21,25,25,15,60,31,22,25,84,26,19,35,38,21,38,35,42,18,17,41,26,29,40,51,29,28,27,35,37,43,93,45,25,32,30,35,28,33,30,35,28,38,21,41,41,28,37,26,38,49,32,45,41,42,40,23,27,59,35,8,26,15,25,42,29,56,42,27,35,28,27,16,23,24,20,28,23,24,24,28,28,25,46,35,0,22,27,21,33,20,28,30,25,28,23,32,29,109,27,45,25,25,40,31,35,27,24,24,20,25,22,17,21,26,13,29,22,30,37,26,22,24,45,27,32,26,93,20,14,36,23,28,24
21,92,38,29,22,15,31,29,33,10,19,43,26,6,38,22,37,9,18,11,20,33,18,30,18,39,46,14,8,18,18,21,16,7,69,18,18,21,45,15,47,20,17,47,15,19,18,19,20,9,18,37,18,58,27,43,19,18,35,23,17,32,46,18,12,68,14,17,38,19,18,20,23,15,35,30,34,15,60,16,16,19,17,17,28,22,27,44,16,6,19,19,10,10,18,43,14,58,16,25,20,33,19,14,68,64,19,47,41,16,29,10,22,19,5,42,19,35,39,19,11,19,40,16,18,18,131,16,56,40,16,24,62,33,22,49,20,11,20,23,13,30,27,18,24,34,14,19,21,15,23,21,18,19,19,58,21,9,34,22,22,20,33,21,18,29,45,18,7,54,21,43,26,31,48,34,19,45,19,13,17,45,16,29,23,34,71,7,15,5,29,38,21,102,13,10,32,61,26,28,17,19,25,41,34,19,20,20,42,36,5,36,28,24,35,24,5,21,18,19,53,18,15,16,90,31,24,28,34,7,22,24,42,12,17,32,27,17,43,47,22,22,19,36,29,28,91,43,18,34,30,35,23,40,14,34,22,22,16,33,39,19,18,19,40,44,36,41,41,40,40,21,22,58,29,16,18,10,13,36,28,56,36,22,25,18,20,2,18,18,1,15,18,20,28,18,16,15,45,33,22,0,12,6,27,18,20,25,16,18,19,31,23,101,16,43,12,21,33,26,23,21,23,18,17,21,23,16,16,3,14,21,11,21,25,18,20,4,39,16,15,17,92,10,18,30,16,22,19
28,97,39,27,25,8,32,29,33,20,22,42,31,22,39,22,34,19,22,10,25,35,27,27,22,41,48,18,15,13,24,19,18,23,59,25,24,22,26,19,50,24,18,41,16,21,26,22,27,24,19,28,22,55,30,40,12,11,46,27,27,39,45,25,28,64,18,25,36,21,19,23,20,20,32,33,31,23,63,13,23,13,20,25,23,22,15,43,24,21,29,22,12,12,21,25,25,59,19,29,27,29,14,22,65,74,24,59,34,25,21,25,27,20,21,51,10,36,41,26,15,22,46,19,26,26,139,11,59,49,23,31,49,16,25,41,28,19,26,24,14,30,16,21,23,27,14,24,26,16,23,13,13,27,23,53,26,14,27,25,22,27,34,17,26,31,37,21,14,59,24,51,30,35,46,41,21,52,26,20,25,45,24,21,29,18,68,26,25,19,30,42,18,106,20,22,34,57,27,24,27,27,21,43,34,27,30,27,49,28,20,44,26,24,31,26,15,24,23,22,60,13,24,24,81,29,14,21,23,25,32,26,36,15,18,40,23,25,47,47,28,27,22,30,29,28,88,45,17,15,23,39,23,38,23,28,27,32,23,32,40,27,25,24,30,43,24,46,33,33,23,26,27,57,27,24,24,17,18,36,25,54,37,16,34,21,27,18,26,25,15,20,24,17,21,25,23,26,42,27,27,12,0,9,26,15,31,29,19,21,24,34,30,102,13,36,25,19,35,32,39,21,22,22,19,21,27,18,17,19,26,28,18,27,34,26,21,21,43,24,22,14,74,14,21,28,17,16,27
21,97,38,34,19,4,38,28,35,17,7,46,29,13,43,24,31,23,17,3,11,38,22,32,19,37,41,7,5,11,18,20,7,18,71,17,19,25,34,12,48,18,5,47,20,14,19,17,17,19,14,33,18,54,29,43,15,19,48,22,18,36,46,17,24,65,6,25,32,17,15,18,17,16,28,29,27,16,60,13,20,18,19,18,25,20,15,39,19,15,17,20,16,16,13,37,19,61,19,26,17,34,12,21,67,73,18,48,42,16,26,17,22,18,13,48,7,33,36,17,27,12,39,14,17,19,136,8,57,48,20,26,49,22,18,44,23,20,13,18,10,31,32,18,24,20,14,14,18,12,24,25,20,19,20,55,15,14,34,18,21,17,39,10,18,31,37,21,15,49,24,49,32,33,48,37,15,43,18,14,18,53,21,22,26,28,67,13,22,22,34,42,13,106,10,11,38,54,31,25,27,22,20,39,36,19,25,17,47,34,11,44,32,32,37,34,18,12,13,16,56,10,7,18,81,31,12,28,27,17,35,25,41,7,6,39,25,25,43,46,24,22,21,36,30,41,94,46,17,29,24,34,24,38,24,38,23,35,21,29,44,22,34,18,32,44,25,42,42,40,40,23,18,57,25,19,19,6,22,32,22,56,31,16,24,21,17,9,18,13,6,18,16,16,23,20,17,19,48,30,21,6,9,0,30,10,23,23,12,19,19,21,18,104,20,32,12,16,40,25,31,21,18,17,13,16,25,11,8,12,21,21,7,19,33,20,21,7,40,18,16,7,84,16,17,32,9,22,17
33,93,34,36,31,15,26,34,36,31,26,31,32,25,34,28,40,28,31,26,27,38,34,34,34,40,49,29,35,32,31,33,24,29,69,31,32,26,45,30,46,34,32,50,19,32,30,22,32,26,32,37,27,59,21,41,25,18,38,34,32,32,42,30,29,68,29,30,31,33,31,31,23,28,40,33,40,31,68,20,36,29,30,31,28,28,11,47,28,19,34,33,23,21,29,39,28,62,33,29,32,35,21,34,65,72,32,55,42,30,21,24,36,31,25,49,14,37,48,31,21,32,42,29,31,32,140,23,50,46,30,38,48,17,34,44,32,34,31,35,35,27,13,29,17,36,16,35,33,34,33,13,35,35,13,57,28,20,21,21,27,32,37,23,32,32,49,32,16,61,25,46,34,40,48,34,32,45,33,20,27,43,32,30,31,30,70,23,32,14,36,37,33,107,32,25,41,59,25,28,21,34,21,40,40,35,29,32,52,36,29,35,32,36,32,35,18,29,32,30,60,20,32,34,78,26,31,27,34,27,30,27,37,24,32,35,18,30,49,49,35,36,32,29,31,23,83,52,14,13,28,38,37,47,32,27,36,30,27,39,38,34,28,31,26,40,36,37,43,41,21,32,35,54,14,29,32,29,20,33,34,59,22,17,23,28,32,22,32,29,17,29,32,28,26,29,31,30,48,37,33,27,26,30,0,27,28,31,36,28,32,27,35,97,25,30,26,27,47,32,11,25,33,30,23,20,28,28,19,23,34,34,27,32,35,32,32,18,36,30,24,10,74,21,26,30,17,32,31
19,96,38,32,15,9,36,32,30,12,9,42,33,10,41,16,38,23,18,13,19,37,17,33,16,33,42,9,15,10,20,17,10,17,69,18,20,28,47,12,49,12,9,53,22,14,19,7,18,6,17,41,28,57,25,39,18,22,48,19,15,35,48,15,22,61,9,22,29,19,16,16,28,20,34,36,34,13,62,14,19,14,19,18,26,26,29,47,16,14,18,13,11,11,18,39,16,63,17,25,17,35,18,16,65,72,13,45,44,11,32,22,17,15,18,48,19,28,46,16,13,13,37,17,15,13,141,16,54,51,14,21,59,26,19,42,23,25,19,16,14,21,30,19,26,30,15,21,17,14,22,25,19,18,20,56,24,12,33,1,26,18,37,5,18,26,43,17,9,52,18,53,34,37,47,38,17,49,16,11,12,47,16,22,27,39,65,10,19,12,41,45,16,108,9,13,30,59,31,31,33,16,25,40,36,18,23,17,43,35,15,43,32,26,40,23,21,22,17,7,57,14,13,18,86,32,21,33,35,14,21,34,38,10,5,39,18,22,43,48,22,17,19,32,32,36,90,44,18,23,26,35,25,41,12,35,17,21,14,35,39,16,33,17,40,43,29,41,43,41,33,23,16,59,34,19,18,4,16,36,32,54,39,24,30,16,17,6,18,2,8,22,16,18,27,20,20,17,46,29,20,18,15,10,27,0,24,27,11,9,17,34,21,110,19,46,13,16,38,30,25,18,11,16,9,10,27,9,1,5,22,16,8,20,39,12,15,3,41,17,26,18,86,6,24,29,12,24,19
33,97,42,26,34,24,33,29,38,20,28,39,29,30,33,31,34,18,27,23,35,38,34,39,29,41,48,28,27,24,30,34,30,30,69,32,29,29,48,29,53,32,22,48,19,25,34,30,34,18,34,29,25,50,30,44,15,25,31,35,31,39,41,32,26,60,27,34,26,33,30,31,24,27,29,35,29,33,65,26,34,19,26,32,34,28,20,45,33,29,34,33,25,25,34,42,33,57,35,17,34,39,21,32,64,68,29,49,37,26,25,23,35,32,24,56,24,32,45,33,28,26,44,28,32,27,139,24,55,33,26,33,51,29,35,48,28,25,33,36,28,33,20,35,33,28,22,30,35,22,33,24,19,34,22,52,32,32,22,29,31,34,32,28,33,31,42,33,30,62,32,42,29,37,49,34,34,50,33,26,26,45,33,26,26,34,70,32,34,28,25,45,32,107,30,24,39,63,36,28,31,34,25,42,38,34,34,34,47,37,28,47,33,29,44,29,21,32,33,32,56,30,24,31,93,36,16,33,37,26,33,32,37,28,27,34,24,34,48,52,33,35,23,29,39,38,84,45,15,23,33,37,28,38,18,32,35,33,23,36,36,34,34,31,36,41,36,42,38,39,41,31,34,51,31,28,33,27,22,36,34,58,25,25,34,28,34,20,33,27,23,29,32,34,29,36,35,34,48,34,28,20,31,23,28,24,0,27,31,21,33,29,29,103,29,37,32,32,43,21,23,31,30,31,23,15,32,28,24,27,28,31,29,37,39,33,33,31,42,33,25,26,92,29,30,26,22,24,34
26,101,41,34,24,27,39,37,46,20,28,46,36,30,49,29,40,27,26,21,18,38,24,30,24,46,48,26,22,26,24,22,27,30,74,25,23,33,50,29,50,25,26,54,32,23,23,29,27,28,22,29,27,62,35,50,24,28,51,29,25,34,42,25,30,66,26,22,30,20,27,22,30,24,41,48,41,25,67,29,27,29,22,25,22,26,31,58,23,29,25,21,28,26,24,42,21,56,24,32,27,32,24,18,65,72,25,64,54,29,39,33,29,25,30,57,25,28,44,26,27,25,43,18,23,23,138,24,55,51,22,28,61,29,27,50,32,32,25,26,28,32,37,31,31,34,24,30,28,25,24,35,27,27,35,54,13,33,36,28,30,27,37,32,26,38,49,19,27,66,28,51,33,43,51,45,25,49,26,25,31,45,25,28,30,37,72,30,24,27,43,47,17,114,28,28,41,64,31,36,35,24,29,45,40,27,16,27,50,39,28,53,31,33,50,34,29,21,17,29,62,31,29,31,94,30,24,31,34,29,42,25,35,28,25,30,32,22,50,45,29,29,22,31,38,46,96,48,18,32,33,40,26,46,28,39,29,42,27,30,41,24,45,24,49,42,35,33,44,46,40,33,27,61,40,31,23,29,36,34,28,61,31,12,22,22,27,28,26,31,29,17,26,20,29,23,20,25,53,35,30,25,29,23,31,27,27,0,23,30,26,28,17,112,24,44,28,27,47,37,35,25,27,20,25,29,34,28,29,28,30,30,27,24,33,23,27,30,38,23,34,21,90,31,30,25,27,36,27
19,101,37,37,15,23,42,34,40,25,9,47,34,10,38,31,36,22,18,17,13,37,18,29,10,43,48,10,15,26,19,16,12,20,68,19,21,30,46,15,46,18,15,47,20,13,11,16,19,19,18,42,24,53,32,40,19,25,49,18,15,39,50,19,19,66,11,20,22,18,10,18,26,22,38,44,38,14,62,10,18,32,16,17,16,13,30,53,19,11,23,19,22,22,13,44,15,61,15,30,19,36,16,15,72,69,19,46,48,13,29,26,17,18,14,50,16,33,48,20,15,18,35,15,18,15,140,16,60,52,15,25,61,36,20,44,23,22,19,17,14,33,30,14,34,29,14,14,19,15,22,31,16,19,19,61,19,19,39,13,21,19,37,19,20,25,48,20,13,58,13,54,38,38,45,49,15,52,18,15,15,54,20,28,31,39,70,9,14,13,39,47,15,112,15,20,42,55,34,32,35,19,31,41,39,19,25,19,47,26,9,44,27,32,42,33,18,26,19,13,52,26,16,17,96,33,16,31,33,10,34,29,40,11,16,38,30,20,48,51,22,17,25,40,30,37,96,43,32,34,29,38,25,38,16,25,16,34,16,38,35,19,28,19,38,44,29,43,39,47,25,27,19,60,34,26,16,13,21,35,29,61,38,26,30,13,19,17,20,18,15,16,15,16,26,15,15,19,51,35,25,16,19,12,36,11,31,23,0,14,20,36,27,107,18,45,15,12,46,36,34,12,13,14,12,15,27,18,16,21,18,12,18,21,38,19,17,14,41,16,19,25,92,12,23,36,20,26,20
27,96,36,38,26,19,33,26,36,24,18,46,31,13,35,23,33,22,28,27,32,39,28,27,25,42,44,20,21,25,26,24,16,22,68,28,25,33,50,22,40,27,18,47,12,19,25,13,29,15,25,37,25,50,16,29,17,15,46,29,26,38,50,28,12,62,19,29,25,29,25,29,29,25,37,41,37,24,49,10,24,16,27,27,27,20,28,50,28,15,27,28,23,21,27,40,29,57,24,23,29,44,20,29,69,60,27,41,48,22,18,18,30,28,10,54,13,36,44,28,12,22,39,23,28,26,131,21,57,53,28,30,59,37,29,35,25,25,25,30,17,27,26,25,24,34,17,20,30,16,27,14,6,30,21,58,31,14,39,19,22,29,31,21,29,20,47,29,22,53,18,50,40,38,37,46,25,49,29,19,20,49,28,21,30,42,58,17,29,8,31,41,26,107,13,19,46,55,32,30,26,27,31,44,36,30,28,29,50,27,12,40,27,18,33,31,13,28,27,21,56,21,25,23,86,32,17,19,37,9,29,33,30,9,17,29,26,29,46,48,28,30,28,36,29,24,92,46,21,17,27,36,22,39,11,28,30,29,16,39,23,27,21,28,42,45,34,44,37,46,32,27,30,59,26,20,26,14,17,35,20,55,36,25,29,28,29,22,29,9,10,24,26,31,26,23,24,28,48,30,28,18,21,19,28,9,21,30,14,0,29,31,31,110,26,38,20,22,31,26,19,30,16,25,10,19,26,19,8,16,12,25,25,31,36,26,26,10,41,27,23,15,94,9,17,34,19,30,29
8,96,39,32,3,20,35,34,40,21,11,45,33,23,43,28,36,25,14,17,7,41,8,28,14,34,42,16,18,23,5,10,15,20,68,6,22,36,45,16,44,6,14,53,26,15,5,16,5,14,10,37,25,60,36,42,25,28,45,14,20,32,42,2,31,67,16,20,35,10,15,5,27,21,34,38,34,12,66,24,11,23,8,6,29,28,32,52,5,24,12,7,24,22,5,42,10,62,14,30,3,43,23,12,69,77,4,54,51,14,31,25,9,5,22,50,19,29,46,4,27,14,36,10,5,7,134,19,55,52,10,19,58,32,4,46,22,28,7,8,19,32,33,14,33,30,21,21,10,23,22,29,26,3,30,53,23,27,32,18,24,5,38,20,2,32,44,15,19,60,26,48,32,40,50,40,10,49,3,19,17,44,8,25,30,35,70,19,10,23,39,44,13,108,19,14,32,61,32,32,34,9,28,37,35,3,20,3,45,36,21,40,23,31,43,38,23,22,18,16,54,28,11,19,92,32,22,29,32,24,38,30,42,17,16,40,28,20,42,46,17,9,21,36,29,37,92,38,34,33,33,40,25,45,26,36,9,38,25,36,41,9,37,4,42,36,34,38,41,43,33,29,6,56,37,22,1,15,31,36,28,58,39,20,30,14,4,18,2,17,21,22,10,16,28,16,12,7,47,35,23,19,24,19,32,17,33,26,20,29,0,34,21,104,16,46,10,14,40,31,33,13,25,9,16,19,28,27,18,21,26,16,11,11,40,6,4,17,35,5,27,24,90,23,28,32,17,30,6
34,96,42,34,35,24,39,33,42,28,33,46,24,32,44,28,37,28,34,28,33,44,33,43,33,41,38,33,30,34,35,35,32,33,72,33,30,36,39,35,48,31,32,54,32,33,35,26,35,33,34,35,28,62,37,44,30,31,47,36,30,37,52,33,37,71,32,29,30,32,29,32,31,26,31,36,30,34,71,34,35,23,33,33,32,31,29,54,34,35,31,34,34,32,34,41,34,64,34,35,35,34,31,34,70,77,33,56,41,35,40,38,36,33,33,46,27,32,31,34,35,31,36,33,33,33,145,33,50,50,33,36,57,30,36,45,34,33,33,37,29,29,33,31,24,28,34,33,36,33,35,35,32,35,36,49,26,30,37,35,31,35,41,35,34,34,45,34,29,62,33,45,33,32,48,31,35,45,34,31,35,48,34,36,31,32,69,31,33,29,36,48,31,108,28,33,37,62,28,35,34,33,27,39,36,35,30,35,47,33,31,45,23,30,46,41,30,30,31,32,59,27,33,28,77,29,32,29,26,36,40,30,40,33,32,38,36,29,38,48,39,36,29,38,36,42,95,44,21,20,34,40,35,47,38,38,36,40,29,38,40,33,42,32,38,36,34,41,40,37,33,30,33,59,37,34,34,32,29,38,28,58,30,34,41,31,35,29,34,32,32,33,32,34,28,34,35,33,51,34,32,31,34,21,27,34,29,28,36,31,34,0,33,109,28,30,34,35,24,31,30,33,30,34,33,33,30,37,32,34,31,38,33,38,38,34,34,33,41,34,33,25,87,31,33,27,33,28,34
24,102,42,36,22,27,37,36,45,13,21,40,36,20,49,29,48,28,20,23,15,41,20,30,24,39,50,23,21,24,22,25,22,22,64,22,20,30,45,22,49,23,23,53,29,22,24,21,24,22,22,35,23,59,37,50,30,31,50,25,23,40,49,22,30,65,23,18,32,20,24,22,31,15,42,44,42,22,74,27,23,33,22,23,16,28,27,58,21,26,23,23,23,21,24,44,21,61,17,35,24,46,24,21,69,82,20,59,57,22,41,34,25,20,23,54,26,37,50,23,27,22,41,23,22,22,146,21,61,50,22,25,60,33,23,50,31,30,21,24,23,37,37,25,27,34,18,22,25,21,26,33,29,22,39,57,15,29,40,21,25,24,41,21,21,35,49,19,24,67,31,58,40,45,52,48,21,45,24,21,21,52,23,32,33,35,78,24,20,29,42,52,14,113,18,22,47,67,39,34,42,20,29,41,39,22,15,24,55,39,20,49,19,35,53,32,25,17,14,21,62,35,22,21,92,39,16,33,36,28,43,29,49,18,22,48,34,18,50,52,21,25,18,33,38,41,95,45,33,37,37,39,19,39,29,38,25,43,31,28,47,20,39,22,47,42,37,45,38,49,41,32,24,58,33,24,21,21,31,29,32,64,37,22,38,23,24,22,21,21,27,19,21,17,33,17,20,20,52,37,29,23,30,18,35,21,29,17,27,31,21,33,0,115,22,42,23,24,39,37,27,21,26,20,19,23,30,25,19,22,32,25,24,25,32,23,23,18,44,21,32,23,98,24,32,34,21,32,24
110,101,113,113,106,105,109,114,112,110,106,107,108,110,111,109,114,109,101,101,110,119,106,118,112,108,110,112,106,110,105,112,110,110,102,108,110,105,109,111,120,110,107,108,113,109,108,110,109,110,111,107,109,125,114,110,107,104,116,110,102,110,104,106,110,110,112,108,111,106,106,109,110,111,109,115,109,108,117,113,108,102,112,109,111,115,105,106,110,108,98,108,109,108,109,114,105,90,108,110,107,100,112,109,116,118,107,115,110,109,95,110,106,102,113,114,102,102,106,106,111,109,113,109,107,108,159,108,100,110,108,107,91,105,104,112,114,106,109,107,106,110,111,110,112,114,106,114,107,112,110,112,113,104,107,109,110,103,110,111,108,109,117,111,106,109,113,104,109,118,114,100,116,116,116,110,111,122,106,111,107,107,110,105,113,110,121,113,109,104,107,117,111,123,112,108,115,114,113,104,109,108,106,111,114,104,115,106,120,114,111,114,101,111,91,114,110,105,112,111,81,98,105,110,114,107,109,118,112,114,112,107,97,111,109,96,109,108,114,110,111,106,111,107,107,89,98,114,105,105,114,111,112,113,109,110,106,112,108,114,117,108,96,108,102,105,109,106,109,95,112,109,106,108,112,110,105,109,100,115,101,112,119,109,104,111,108,111,106,109,106,112,112,113,110,115,113,111,112,116,109,101,102,104,97,110,103,112,107,110,104,109,115,0,108,112,109,113,113,109,106,106,110,105,111,110,111,113,109,108,108,110,106,106,116,107,102,109,115,107,110,104,51,110,112,102,108,110,110
20,95,38,28,16,14,38,33,39,11,15,35,33,18,39,29,41,25,16,15,14,35,19,29,17,39,44,13,16,23,20,14,15,16,63,15,19,34,38,19,47,15,15,47,19,14,19,20,17,19,15,27,14,56,30,44,17,20,43,20,18,30,41,15,31,68,13,15,30,9,17,15,28,14,31,38,32,19,68,24,18,25,13,19,23,24,28,44,13,26,16,16,12,11,13,43,15,60,10,30,17,31,19,9,71,77,15,52,38,20,36,19,17,13,18,45,19,34,44,16,27,16,38,9,19,16,142,11,55,50,14,21,57,27,16,41,19,24,16,17,15,32,32,17,32,28,11,21,16,17,19,16,25,16,30,53,9,23,34,19,26,17,32,20,16,32,36,8,19,60,27,49,36,38,45,37,12,44,17,18,18,40,16,25,26,38,70,22,19,22,41,44,13,109,18,19,41,58,30,27,22,15,30,37,38,16,25,17,47,28,15,45,20,31,43,34,16,15,12,21,53,30,20,18,88,33,19,22,33,24,39,20,41,21,17,39,31,15,47,43,15,17,9,30,35,38,92,48,27,24,30,33,19,41,23,34,16,39,23,23,37,15,37,15,34,40,30,38,36,41,37,25,15,54,27,20,18,20,29,23,25,55,28,11,21,11,17,18,16,19,21,10,17,9,28,11,10,14,49,27,27,16,13,20,25,19,29,24,18,26,16,28,22,108,0,41,19,15,40,29,29,10,16,12,18,18,30,22,18,18,27,16,19,18,32,16,17,19,39,15,21,21,85,16,20,22,17,29,21
46,102,44,46,46,43,16,44,49,39,43,37,45,40,39,35,42,45,40,44,48,42,47,51,46,50,50,39,42,42,44,47,44,45,71,43,40,35,37,45,44,42,42,39,36,44,46,43,47,48,43,49,39,42,36,29,45,37,39,44,41,40,48,42,40,57,40,44,34,41,46,45,35,36,46,47,46,43,53,38,40,42,40,42,47,39,39,35,45,40,44,44,42,37,48,51,45,53,41,43,47,39,44,41,66,58,45,52,45,47,51,45,44,45,40,54,42,44,34,43,33,41,47,40,42,42,135,39,50,51,44,49,58,25,46,33,46,45,45,49,36,43,27,43,45,42,43,46,48,39,43,34,42,44,41,56,41,44,45,45,42,47,47,46,46,42,45,44,43,41,40,48,47,42,38,31,44,56,46,46,43,39,46,39,46,41,62,45,44,36,28,44,43,106,43,42,53,47,46,45,38,45,42,46,52,44,42,47,53,31,38,50,48,9,41,38,41,38,44,44,55,35,41,47,70,39,38,12,41,40,34,43,30,45,42,37,49,44,56,47,50,44,41,46,48,41,86,51,35,27,29,32,45,47,43,28,44,34,44,44,50,45,48,44,36,48,49,45,41,37,24,46,44,64,27,45,42,44,38,47,38,50,41,44,37,43,47,42,46,47,44,44,46,36,35,44,45,41,45,43,45,43,36,32,30,46,37,44,45,38,46,30,42,112,41,0,45,43,7,43,46,43,40,44,43,43,34,43,42,45,42,48,40,50,32,44,44,44,45,44,40,43,85,44,43,43,46,37,43
17,99,40,32,12,20,38,36,39,19,10,46,33,10,42,29,41,22,16,16,16,39,9,33,13,33,43,6,19,19,18,17,13,16,69,17,23,31,48,4,49,13,12,51,24,14,19,15,17,11,16,39,27,61,33,43,22,27,49,17,20,35,46,16,26,64,6,25,34,19,15,16,29,20,37,39,37,15,64,12,17,28,17,17,27,30,28,46,14,16,17,14,13,17,17,39,17,63,15,28,14,40,24,17,68,77,11,53,46,10,33,20,13,13,16,47,21,31,45,13,20,15,35,16,18,11,139,16,56,53,15,22,59,33,13,46,22,21,18,13,18,31,32,17,30,22,20,19,15,18,27,26,20,11,26,56,23,24,37,12,29,17,36,13,16,30,46,16,14,56,25,52,30,40,50,44,17,48,13,12,8,48,16,24,28,40,71,14,16,20,43,43,17,105,12,9,30,58,31,35,30,10,26,33,31,11,26,14,45,33,16,43,29,36,44,26,18,24,17,16,56,24,10,18,93,31,21,29,36,18,31,34,41,11,12,39,22,25,41,51,20,13,19,36,28,42,91,41,34,32,33,39,27,38,20,35,13,31,21,38,40,10,34,17,42,44,35,42,42,43,41,30,10,59,35,19,11,11,30,38,31,57,39,26,33,16,15,8,16,7,16,23,8,15,31,16,19,17,48,36,25,12,25,12,26,13,32,28,15,20,10,34,23,109,19,45,0,16,44,30,32,18,17,14,6,18,29,14,18,16,25,16,8,16,39,10,14,15,38,18,24,26,94,12,25,33,17,29,19
16,100,40,33,14,22,34,31,42,18,15,47,35,17,39,28,44,24,13,20,13,38,16,25,14,41,44,16,20,24,11,8,20,22,69,13,22,27,48,15,31,17,16,48,22,18,8,18,15,16,14,34,23,55,35,37,26,25,48,20,13,39,48,13,24,66,16,16,27,11,16,12,25,21,41,42,41,18,57,14,11,29,14,13,28,22,26,51,11,16,8,17,23,22,15,43,14,63,14,30,15,39,23,12,72,71,18,50,48,18,31,25,17,10,14,52,23,37,46,16,23,14,25,6,13,18,138,20,58,52,11,24,63,32,16,46,19,26,12,15,15,33,35,13,33,31,22,22,14,13,20,25,13,19,23,57,23,29,39,18,23,15,40,23,14,27,50,17,18,61,21,54,35,39,40,48,10,50,13,16,13,49,13,29,35,35,69,14,10,23,39,46,9,111,21,18,45,58,32,31,29,11,28,40,36,19,17,15,43,36,16,44,29,29,44,34,17,22,18,17,52,28,16,21,90,33,20,32,32,17,33,24,44,19,18,45,33,16,44,41,22,17,19,35,31,34,95,45,35,31,31,39,24,42,25,36,17,33,23,33,32,11,32,11,40,42,35,38,41,46,34,26,19,58,36,22,13,15,25,32,21,58,37,23,25,11,15,19,14,19,21,20,18,18,27,10,11,14,50,34,25,21,19,16,27,16,32,27,12,22,14,35,24,113,15,43,16,0,43,30,31,8,16,9,14,20,27,22,18,23,21,11,17,17,40,15,14,18,41,10,21,24,89,17,27,29,17,26,15
43,101,44,44,42,34,20,32,47,38,45,38,43,46,30,37,31,38,41,42,42,42,41,46,41,49,47,44,36,37,41,42,41,44,70,39,35,33,43,45,48,40,40,52,29,44,42,43,41,40,39,27,41,32,27,38,40,36,39,43,46,22,39,41,32,68,44,43,40,38,45,39,35,43,39,44,39,43,65,39,41,32,43,42,38,42,37,42,40,39,32,40,38,39,42,46,40,64,44,45,41,38,34,40,71,68,41,50,54,45,38,42,41,37,41,53,38,46,47,42,35,41,49,43,41,43,132,33,53,54,39,45,57,31,44,28,45,31,44,41,40,42,35,42,39,48,40,47,42,42,43,31,43,41,32,48,35,40,44,44,39,41,34,39,44,30,38,45,36,54,43,53,42,32,37,24,43,47,41,44,40,38,40,35,41,25,69,44,43,32,32,46,41,98,45,44,44,56,49,37,37,41,39,49,46,41,41,41,52,23,42,52,47,8,35,30,42,39,35,44,61,39,43,43,89,40,40,11,47,39,31,30,31,35,40,45,43,43,54,47,44,41,43,49,33,35,87,45,30,21,38,28,40,49,34,34,40,31,39,40,39,41,36,39,36,46,45,45,42,43,29,44,41,60,44,44,44,40,41,43,34,53,39,40,37,39,41,45,44,41,43,37,41,39,40,38,42,41,52,44,40,33,35,40,47,38,43,47,46,31,40,24,39,113,40,7,44,43,0,39,44,42,42,38,44,39,37,45,37,38,37,44,41,42,25,42,41,40,43,40,34,42,94,38,33,25,38,47,43
34,97,38,33,31,21,32,30,44,36,33,34,36,28,42,28,41,20,30,26,35,34,34,38,33,40,49,31,34,28,28,30,32,35,61,32,25,24,37,28,45,33,35,48,25,31,33,33,32,30,33,29,31,55,31,38,21,32,39,29,29,38,40,34,28,63,30,33,34,31,31,31,19,31,36,43,36,34,62,20,33,24,29,33,39,33,25,43,32,26,31,28,28,31,29,40,29,60,28,35,32,35,19,29,64,69,33,54,46,33,23,31,29,29,24,39,29,31,49,35,31,36,43,32,34,31,139,21,58,45,29,33,49,25,35,43,31,32,34,30,34,37,18,32,24,35,22,34,33,31,30,26,24,34,25,61,32,20,37,29,29,32,36,30,35,34,36,33,25,63,30,54,28,39,46,30,27,46,32,29,30,51,32,30,36,33,73,29,31,30,40,45,34,100,34,31,39,59,33,22,19,34,26,41,46,34,34,32,51,36,37,45,34,30,48,18,15,33,33,33,58,22,31,42,95,34,25,27,35,29,41,26,43,28,33,41,28,33,47,46,36,29,33,34,36,35,80,45,22,22,40,42,33,38,34,37,29,41,30,35,42,34,27,32,35,45,31,41,41,36,30,28,30,61,30,27,32,32,23,32,34,57,33,30,35,30,32,32,35,33,26,33,34,33,35,32,31,30,49,36,31,26,32,25,32,30,21,37,36,26,31,31,37,109,29,43,30,30,39,0,27,27,35,29,34,31,25,30,26,28,34,34,32,31,37,29,29,27,47,30,33,25,88,31,23,31,30,30,34
33,99,45,34,31,18,18,32,39,33,32,22,31,17,25,34,35,24,30,36,31,34,34,37,32,41,49,27,27,27,29,25,31,34,72,31,28,36,47,29,41,33,32,50,24,35,30,22,32,21,35,43,33,48,26,37,28,25,40,37,33,40,39,31,23,69,27,18,19,31,32,33,22,33,35,34,35,32,58,16,34,17,31,31,24,25,17,42,30,15,30,31,26,30,28,43,31,61,25,33,32,42,31,26,65,66,34,48,49,30,23,24,35,31,25,53,32,29,46,33,17,33,40,31,33,34,138,34,49,54,33,39,48,19,34,42,33,35,32,35,26,32,33,31,6,37,17,32,33,15,35,13,15,36,17,60,32,17,40,26,26,32,35,27,33,23,41,34,17,58,18,53,35,45,43,36,30,41,34,29,30,44,32,21,34,43,69,17,33,14,36,49,27,113,33,26,42,54,24,27,19,34,20,44,39,36,19,32,52,31,28,32,30,29,47,23,18,35,34,26,58,20,35,30,89,31,25,20,37,16,26,32,33,31,30,33,34,18,49,41,36,35,35,20,32,37,87,49,15,11,29,41,18,42,24,37,35,26,32,20,38,34,25,31,33,33,21,33,42,40,26,33,36,60,4,32,31,31,23,21,31,61,21,32,32,29,32,26,33,22,18,30,30,29,28,18,22,30,44,26,35,23,39,31,11,25,23,35,34,19,33,30,27,106,29,46,32,31,44,27,0,28,23,35,30,35,34,29,26,33,23,34,29,36,29,32,30,20,40,31,21,19,82,18,28,37,20,28,35
14,96,40,32,8,18,38,34,40,13,14,42,33,25,44,30,41,19,12,18,11,34,15,29,7,36,46,16,20,26,10,4,13,16,67,11,21,30,45,15,44,10,14,44,26,18,12,14,13,18,2,37,19,59,33,42,24,21,45,14,16,35,44,11,31,67,16,15,35,5,7,10,26,17,37,39,37,12,67,24,7,28,9,9,25,27,29,52,9,25,9,11,11,12,5,42,8,55,8,26,13,38,16,2,71,78,11,58,52,17,31,26,14,12,22,50,20,27,49,12,25,13,40,9,13,12,139,17,55,51,8,23,59,30,11,41,16,25,7,11,18,31,30,10,25,34,22,23,12,24,18,19,28,13,32,51,19,25,35,21,25,13,37,21,14,33,45,9,15,61,29,51,36,39,50,42,4,45,12,20,12,42,11,30,29,38,67,20,8,22,41,43,6,108,19,11,40,59,29,32,26,11,31,41,34,13,16,13,45,35,20,45,25,30,40,30,22,20,19,16,59,27,15,20,90,32,23,32,33,25,38,25,40,18,14,39,32,15,46,46,25,14,16,33,28,38,93,44,29,32,32,36,17,40,19,35,15,38,26,30,43,11,35,10,32,43,34,37,39,44,35,26,12,56,31,23,8,11,26,30,22,56,36,18,23,4,13,17,14,21,22,18,11,8,28,7,8,7,46,31,27,21,21,21,25,18,31,25,12,30,13,33,21,106,10,43,18,8,42,27,28,0,13,8,12,19,29,22,15,20,28,11,12,18,35,9,12,18,43,9,26,21,92,22,24,31,18,27,13
24,95,36,22,20,19,36,38,40,16,16,47,31,15,44,31,35,16,13,17,20,32,24,29,20,35,44,7,15,14,18,10,15,19,59,20,19,35,51,15,42,23,15,41,23,13,21,17,22,21,15,42,23,55,35,36,21,22,43,27,18,37,48,20,21,57,8,21,20,23,17,23,23,20,34,37,35,20,59,14,18,24,19,20,23,21,24,48,18,16,19,21,5,12,15,44,18,62,20,29,22,41,19,13,65,68,20,40,52,17,28,26,25,22,14,51,17,30,37,21,12,17,33,17,20,23,134,8,57,52,21,27,54,26,23,37,17,31,18,25,16,33,28,20,29,31,19,23,21,15,20,20,17,26,27,58,25,21,31,12,19,22,30,19,25,24,37,20,17,54,24,51,36,38,43,43,12,47,20,11,21,42,19,17,32,36,64,21,20,19,39,45,20,104,23,16,43,52,36,24,24,24,23,37,35,26,25,22,41,27,10,49,29,31,42,29,21,13,22,19,53,21,10,24,93,37,14,23,35,17,37,26,43,17,14,39,24,21,44,43,26,25,23,36,17,38,98,44,29,22,32,33,17,34,18,29,25,37,11,33,39,24,33,21,35,46,30,42,43,46,32,30,21,57,27,12,21,12,30,33,27,56,37,20,27,15,22,18,25,16,12,23,15,24,29,18,17,16,50,34,24,23,22,18,33,11,30,27,13,16,25,30,26,110,16,40,17,16,42,35,23,13,0,23,16,22,33,4,15,20,22,22,18,26,23,24,19,10,33,17,23,24,92,12,30,33,11,36,23
14,95,44,31,8,17,32,32,39,21,17,44,30,23,43,26,35,24,11,18,13,40,8,31,14,36,44,15,13,24,11,12,12,19,65,11,19,28,45,13,42,9,15,51,25,16,10,12,11,14,8,31,23,60,39,42,16,18,48,15,9,32,46,8,32,64,14,22,31,10,14,12,23,19,31,32,30,14,67,25,16,25,11,12,22,27,24,45,11,23,6,8,24,21,10,40,11,58,10,31,10,32,21,9,66,73,7,57,41,15,33,23,12,5,16,52,22,26,46,9,27,15,36,11,11,8,141,17,55,50,10,18,56,26,11,46,22,28,8,12,17,29,30,10,34,25,20,19,11,22,21,24,21,9,28,55,16,29,33,13,23,11,37,16,10,30,48,13,20,60,25,50,37,40,47,44,11,45,10,16,16,46,12,30,32,39,72,18,9,25,41,45,7,105,19,12,40,66,30,33,33,8,28,37,32,9,17,10,47,35,20,43,22,33,48,39,19,15,9,14,53,29,9,21,89,30,20,26,34,23,38,26,41,18,17,35,27,22,44,44,19,12,9,29,23,42,93,41,31,32,31,38,17,44,28,34,11,38,28,37,44,8,33,11,36,41,33,40,36,36,33,29,10,56,35,22,9,13,31,37,16,57,33,15,22,6,10,18,10,15,17,15,14,9,26,18,14,11,47,34,24,18,22,17,30,16,31,20,14,25,9,34,20,105,12,44,14,9,38,29,35,8,23,0,12,19,29,23,19,19,24,9,9,19,38,11,11,15,43,12,23,20,84,21,27,25,19,24,15
17,93,37,31,17,13,34,27,37,19,10,42,28,20,35,24,34,23,15,16,14,39,18,33,16,41,44,9,17,11,16,18,15,15,68,16,18,30,49,8,49,13,11,50,27,13,15,7,18,14,16,38,27,56,23,37,18,14,49,15,16,33,47,16,17,65,9,25,33,10,15,14,29,18,29,32,29,14,61,7,17,19,13,16,21,24,32,47,16,7,12,17,14,12,15,39,15,62,19,31,18,40,17,14,67,70,10,50,49,12,23,26,18,16,11,47,21,32,44,17,17,13,39,12,15,10,139,9,55,52,14,21,52,25,16,41,23,17,12,18,14,29,26,17,23,18,4,16,17,6,27,24,19,17,26,54,20,21,32,5,24,18,31,13,16,28,42,15,7,56,22,51,32,32,48,45,15,50,15,2,12,48,15,23,28,32,70,5,17,15,36,43,13,102,10,9,38,58,30,34,29,18,20,39,33,17,24,18,46,35,4,40,28,33,41,35,13,20,18,9,55,21,10,19,90,30,19,30,35,15,37,32,40,2,7,37,16,25,42,51,25,18,20,35,28,36,87,43,24,29,24,35,23,38,22,34,18,37,17,35,35,18,35,14,38,44,31,42,38,44,35,25,17,58,30,11,17,2,26,37,31,54,36,21,29,16,18,3,16,3,9,24,10,19,30,20,16,17,46,35,20,17,19,13,23,9,23,25,12,10,16,33,19,111,18,43,6,14,44,34,30,12,16,12,0,14,24,17,14,14,20,19,9,18,28,15,16,15,39,16,15,22,90,17,22,32,8,23,17
21,97,43,34,16,13,38,32,35,23,16,47,38,13,32,29,40,17,22,17,20,38,12,33,19,39,40,8,11,27,19,17,15,17,71,21,19,34,48,15,49,19,20,55,20,15,21,7,20,6,20,39,23,54,28,40,23,29,49,21,19,38,49,20,17,69,8,23,35,16,15,20,23,18,31,33,31,15,64,17,23,25,19,20,28,27,31,53,19,9,22,15,20,20,20,37,17,64,21,25,18,44,21,18,71,74,16,55,50,13,35,20,15,17,23,43,22,24,47,17,21,21,39,21,22,21,143,20,58,54,19,22,61,33,18,45,21,29,21,21,12,33,32,17,21,30,16,20,18,16,25,13,24,18,16,57,20,15,38,10,29,20,38,6,21,34,49,19,15,52,24,53,31,41,47,41,22,51,18,15,11,50,18,28,31,42,66,14,16,13,32,44,23,108,13,6,35,57,28,33,31,17,30,33,36,18,22,18,44,29,18,45,27,32,34,34,19,22,23,18,55,24,16,21,91,35,15,23,35,21,26,35,45,8,14,43,21,23,42,48,19,15,15,33,31,31,90,43,26,28,30,41,24,46,23,36,15,26,17,37,44,17,35,21,39,44,33,40,42,41,38,34,15,59,25,26,16,11,22,37,28,61,33,23,34,19,19,12,21,16,13,20,12,17,29,20,22,19,50,36,25,21,21,16,20,10,15,29,15,19,19,33,23,110,18,43,18,20,39,31,35,19,22,19,14,0,27,21,15,16,24,15,12,17,39,19,18,14,39,18,21,21,91,11,31,31,8,28,22
29,104,40,35,31,21,30,9,39,32,27,48,26,23,20,1,39,25,30,27,31,39,27,37,22,39,45,25,26,26,29,30,26,29,72,27,31,37,20,27,51,27,24,50,29,31,26,22,29,30,29,34,33,48,37,34,24,28,44,29,32,41,49,27,30,71,26,36,29,31,26,28,26,30,32,39,33,28,69,27,28,22,26,27,28,33,30,46,30,29,33,28,30,30,26,24,30,58,29,29,29,31,26,26,71,67,27,54,46,21,38,34,30,29,16,50,21,36,46,30,22,26,44,25,28,29,132,21,51,52,27,29,42,35,29,42,32,27,30,30,24,24,32,32,31,31,25,28,30,25,35,24,23,29,30,56,24,27,29,22,30,29,36,21,28,30,39,29,24,47,31,47,35,15,31,43,31,51,28,23,25,48,30,29,27,38,70,22,28,23,19,45,28,96,19,30,33,51,28,11,37,28,23,41,39,29,36,31,50,30,26,36,32,30,47,36,30,27,27,23,60,25,25,33,64,28,24,26,41,27,36,39,34,16,25,34,30,36,45,52,35,30,28,43,41,43,91,44,29,26,23,37,35,39,31,28,30,36,24,39,44,28,39,28,43,48,35,39,35,18,21,26,29,52,34,25,30,25,32,34,33,56,41,27,41,29,29,16,28,23,21,25,27,26,22,31,29,31,48,35,22,23,27,25,28,27,32,34,27,26,28,30,30,111,30,34,29,27,37,25,34,29,33,29,24,27,0,31,21,21,24,31,22,34,43,28,30,27,45,28,20,29,94,24,20,36,24,25,27
25,100,34,22,23,20,31,31,41,19,16,48,36,8,36,31,41,14,24,10,28,38,28,31,22,42,47,10,14,17,26,23,12,13,64,26,26,35,48,16,43,27,17,36,22,8,24,19,27,12,20,39,22,54,33,36,11,20,47,29,20,35,46,26,25,66,11,29,26,22,21,27,32,22,36,43,37,24,68,12,26,26,22,26,20,12,20,49,28,16,25,26,10,12,21,42,27,59,26,30,27,40,17,25,60,71,27,47,49,20,32,28,28,27,8,51,9,30,42,26,12,20,29,21,26,27,134,12,56,51,26,30,55,23,26,40,27,24,26,27,14,31,34,25,24,29,18,22,24,16,25,25,13,27,30,50,22,27,36,16,23,27,31,14,27,31,31,22,17,54,24,51,36,36,50,47,25,51,27,16,18,42,28,16,24,30,69,18,29,23,38,39,23,111,12,23,42,56,34,35,28,28,25,43,40,27,25,27,47,33,18,45,27,33,44,33,18,17,24,21,59,17,10,24,91,34,7,31,34,13,31,37,41,18,18,39,25,29,45,42,27,28,28,35,18,37,90,48,24,25,34,37,21,22,12,33,28,31,16,36,37,28,29,26,41,44,28,41,39,46,31,25,27,58,35,19,26,16,24,35,22,55,36,23,29,23,27,11,27,18,17,19,16,20,33,26,26,25,47,24,17,16,18,11,28,9,28,28,18,19,27,37,25,113,22,43,14,22,45,30,29,22,4,23,17,21,31,0,17,15,24,27,17,27,24,27,28,18,41,27,22,18,94,17,27,34,10,25,26
19,93,38,26,17,19,24,29,30,12,10,41,33,9,41,21,35,23,18,11,18,39,19,33,17,36,46,13,16,11,19,19,14,12,65,18,18,29,46,10,49,17,13,51,12,14,19,5,18,11,17,41,27,57,24,37,17,12,42,19,15,36,49,18,12,64,13,22,30,18,17,16,24,16,33,35,33,13,61,13,19,22,19,18,26,23,33,51,16,13,18,18,11,11,15,40,16,63,19,28,18,41,18,15,67,64,14,45,44,12,36,25,20,16,10,48,19,27,43,19,9,15,39,17,17,14,138,14,56,51,14,22,57,33,18,36,25,15,19,18,13,15,25,19,26,30,15,16,18,10,27,25,18,19,19,56,26,11,31,6,27,18,35,6,16,30,43,15,9,58,21,53,35,37,51,38,18,49,17,10,16,49,16,22,29,33,69,5,19,7,41,45,15,107,6,13,38,59,26,33,33,18,24,39,34,19,24,18,44,36,7,43,30,30,42,26,16,18,17,9,55,16,18,18,87,26,21,35,38,15,34,34,33,5,13,35,23,22,45,49,23,20,19,35,31,29,90,45,21,29,25,36,26,36,21,30,20,34,12,36,33,18,32,17,39,43,34,41,42,41,28,29,19,59,30,22,16,11,15,34,31,59,37,25,31,16,18,10,16,1,3,22,16,18,27,21,20,20,45,31,21,16,17,8,19,1,24,29,16,8,18,32,19,109,18,42,18,18,37,26,26,15,15,19,14,15,21,17,0,7,17,21,11,20,24,17,16,2,38,17,14,19,92,5,20,26,3,27,17
21,95,40,32,20,17,33,32,37,20,16,44,29,11,47,21,40,12,15,16,22,40,22,33,16,42,45,15,18,15,21,22,12,20,69,20,22,28,47,20,49,17,16,53,22,17,21,13,22,13,20,40,26,58,30,31,26,11,47,23,20,36,45,20,17,65,15,22,37,17,14,18,21,17,31,32,31,17,53,17,22,22,19,20,24,22,31,47,21,13,21,19,17,17,15,41,18,63,21,29,22,40,22,20,70,77,18,46,52,20,29,28,20,20,8,51,24,27,48,21,12,18,37,17,19,21,138,19,53,53,18,25,56,29,21,40,24,21,21,22,9,30,21,21,26,20,3,23,21,14,23,27,22,19,24,53,25,22,37,18,24,22,32,19,21,22,44,18,15,53,20,51,34,33,44,45,22,50,21,13,14,51,21,17,30,35,68,4,20,14,30,43,17,107,17,13,37,62,31,35,29,20,29,35,40,19,26,22,44,33,6,42,30,25,46,25,8,23,21,19,55,18,18,20,87,31,15,30,39,13,36,31,40,3,14,38,20,22,45,52,22,20,13,32,33,37,91,43,17,31,28,35,24,43,23,32,20,36,18,39,38,20,21,19,41,44,28,42,38,42,31,26,19,54,31,19,21,6,26,37,29,58,34,24,31,19,22,5,21,8,4,22,14,18,30,23,23,19,46,33,26,3,19,12,23,5,27,28,21,16,21,34,22,108,18,45,16,23,38,28,33,20,20,19,14,16,21,15,7,0,21,23,21,20,23,19,21,14,37,21,21,21,89,25,18,33,8,30,21
28,96,41,27,24,24,37,28,37,26,22,45,30,17,36,23,39,20,22,23,28,29,30,26,24,37,43,19,24,23,28,20,26,27,66,26,22,31,50,21,41,26,26,44,21,20,20,22,29,21,27,41,27,55,29,39,22,13,47,27,25,38,49,26,18,67,18,24,29,24,19,25,24,24,40,37,40,24,59,10,25,31,24,26,24,18,26,49,28,10,26,26,22,22,22,36,25,64,23,22,29,35,23,24,71,66,27,46,35,25,25,25,27,27,9,52,23,31,38,28,17,26,38,21,27,29,137,21,56,55,23,30,58,20,27,35,27,19,26,27,20,31,31,21,32,36,23,22,29,10,27,31,9,28,28,54,30,16,36,29,21,29,23,26,26,5,44,25,27,42,8,49,37,17,35,42,24,51,25,22,27,44,27,22,31,28,65,22,25,18,37,44,27,101,19,22,44,43,32,32,34,26,25,45,37,28,32,28,49,32,17,42,35,25,40,37,25,27,27,22,50,27,20,22,86,28,19,31,37,10,33,35,42,17,22,41,30,24,42,47,33,27,28,38,32,27,87,46,31,33,26,34,25,42,18,26,26,33,16,38,19,26,23,27,39,46,25,41,40,40,39,22,26,55,30,20,25,21,16,36,20,54,38,29,30,21,28,18,26,19,19,27,25,28,29,23,23,28,46,34,13,14,26,21,34,22,28,30,18,12,26,31,32,108,27,42,25,21,37,34,23,28,22,24,20,24,24,24,17,21,0,22,20,31,30,27,28,14,41,26,17,26,93,17,6,37,23,26,25
14,95,46,36,7,22,41,35,38,21,14,49,36,19,40,30,32,29,11,18,16,42,10,23,16,32,36,16,15,26,12,13,15,20,74,15,26,34,50,16,45,16,17,49,23,17,6,19,16,13,15,36,21,57,34,42,27,22,48,12,14,36,51,14,24,69,15,17,33,13,13,14,21,20,37,34,36,16,66,18,17,28,9,14,31,24,32,54,15,17,13,13,21,20,9,44,14,61,11,28,9,37,21,7,71,73,17,54,49,19,35,23,11,11,19,52,20,31,48,8,22,17,34,7,15,16,137,19,59,54,11,17,58,30,4,48,20,27,10,4,18,35,29,10,32,31,23,20,7,20,24,32,23,9,25,60,22,29,40,16,26,16,39,19,16,28,47,17,21,63,21,55,35,43,45,45,10,53,9,21,17,46,16,30,33,39,66,18,10,21,44,47,16,110,19,15,40,57,33,32,34,12,29,40,31,9,25,6,51,33,17,42,26,37,51,37,26,22,16,18,52,25,14,18,96,35,23,38,34,18,30,31,44,19,16,42,31,17,36,50,22,11,24,40,27,39,96,37,36,30,33,43,23,45,23,33,10,30,20,39,38,12,39,15,43,42,35,41,41,45,36,26,8,58,38,23,11,14,34,39,22,61,38,19,30,5,12,17,16,16,21,18,17,13,33,12,10,13,50,38,29,21,28,21,34,16,31,30,12,25,16,38,25,110,16,48,16,11,44,34,34,11,22,9,19,15,31,27,21,23,22,0,14,15,41,9,15,19,38,13,23,30,94,19,31,32,21,28,16
15,97,40,29,14,16,35,27,36,21,14,43,31,17,35,22,32,23,14,15,15,40,11,32,11,37,40,3,11,16,15,13,13,16,70,14,21,33,49,15,48,9,9,50,19,9,14,2,13,10,11,38,25,56,28,44,17,25,46,16,22,36,46,11,25,70,3,25,32,16,9,12,27,17,32,34,32,13,61,17,12,21,15,14,30,21,32,39,14,17,15,14,19,16,12,36,13,61,12,26,12,41,15,13,72,70,10,52,43,4,29,24,14,9,15,46,16,30,42,12,21,12,37,12,14,10,140,13,55,52,11,21,54,30,12,46,23,24,14,13,11,30,19,13,29,25,11,16,13,15,25,27,15,13,22,55,19,29,30,11,25,13,39,9,15,29,44,16,11,51,22,52,33,29,43,45,15,48,11,11,5,50,13,23,27,33,68,17,14,19,42,46,13,105,19,5,38,57,30,30,29,14,25,36,33,13,25,12,43,30,11,44,31,29,46,37,19,20,16,9,56,21,5,17,90,30,18,31,36,19,31,30,40,8,7,38,24,25,40,50,21,14,20,34,35,37,90,40,30,31,22,38,25,41,21,34,14,31,14,33,37,14,29,14,40,41,28,42,35,40,35,30,11,58,33,14,11,1,29,33,31,56,33,22,31,15,12,9,15,11,13,23,6,17,28,15,14,15,47,31,22,11,18,7,27,8,29,27,18,25,11,33,24,106,19,40,8,17,41,32,29,12,18,9,9,12,22,17,11,21,20,14,0,17,36,10,12,7,39,14,28,22,89,19,24,32,13,26,14
16,98,45,35,13,22,37,37,42,23,20,45,35,23,46,34,41,30,16,18,18,43,12,32,18,29,41,18,20,28,15,21,18,21,70,17,23,38,49,19,48,18,19,55,28,16,18,14,11,14,16,37,27,58,38,46,25,23,49,14,14,38,48,11,33,71,18,17,36,16,21,18,24,21,35,39,34,21,71,26,20,27,12,17,32,30,36,53,20,24,16,11,26,24,19,43,20,63,18,31,9,44,21,18,74,80,14,60,51,17,37,24,7,18,23,50,25,31,50,10,28,17,38,14,17,12,140,23,59,48,12,14,58,36,8,45,20,31,20,2,24,36,35,19,34,32,19,20,9,26,25,29,28,11,30,57,25,25,38,15,24,11,40,18,18,33,46,17,19,64,28,54,32,44,52,44,21,53,10,20,18,50,20,29,32,41,74,22,15,27,41,48,17,108,21,17,35,61,36,30,37,14,31,36,28,11,22,8,44,40,23,43,29,37,49,40,24,20,16,19,55,24,17,25,96,36,25,35,34,26,41,35,44,20,18,40,29,17,41,50,19,7,21,39,34,43,96,35,29,33,34,40,26,49,29,40,6,41,24,40,43,14,39,17,44,42,34,43,44,45,39,30,9,60,39,28,12,18,29,40,31,59,43,23,33,17,10,19,18,21,24,24,21,16,32,19,20,21,51,39,30,21,27,19,32,20,37,24,21,31,11,38,25,106,18,50,16,17,42,31,36,18,26,19,18,17,34,27,20,20,31,15,17,0,41,10,17,20,37,14,27,25,89,27,30,34,21,31,18
40,99,44,35,37,34,26,41,35,34,35,43,36,29,40,44,43,30,37,30,32,36,40,43,38,47,47,34,24,27,37,37,39,35,57,37,33,20,43,36,44,38,36,53,31,33,39,40,39,36,42,24,43,55,23,30,24,29,49,43,38,40,51,38,29,56,34,24,29,40,40,37,23,40,37,39,38,39,66,28,41,21,36,38,30,39,36,40,36,30,39,40,29,29,36,49,38,69,32,25,39,34,29,32,57,72,41,53,43,39,23,36,43,40,25,59,26,36,41,40,34,37,43,37,39,39,138,29,56,55,37,45,46,25,39,28,38,32,40,42,27,34,29,38,30,36,28,43,40,23,39,23,24,38,36,47,40,39,31,27,35,39,41,34,38,40,43,41,37,57,36,58,42,39,46,32,38,34,38,26,35,43,38,30,40,35,66,25,40,31,40,50,31,110,33,39,44,65,39,35,18,40,33,43,45,38,21,39,48,35,25,29,40,17,38,24,29,31,37,38,56,37,37,41,86,39,30,19,25,34,38,36,30,24,36,34,33,24,50,57,45,43,39,19,30,30,87,45,44,23,37,23,30,43,27,37,43,38,25,16,47,40,36,37,46,50,27,46,41,36,20,33,40,56,36,26,36,38,26,21,42,63,30,33,44,37,39,31,38,25,27,43,38,36,37,26,29,34,52,35,37,25,34,33,35,39,39,33,38,36,40,38,32,116,32,32,39,40,25,37,29,35,23,38,28,39,43,24,24,23,30,41,36,41,0,39,41,37,46,37,30,40,99,30,40,36,24,37,41
10,98,40,34,8,20,35,33,37,21,10,45,33,25,45,28,36,26,9,13,8,41,4,29,13,32,43,15,16,22,3,12,13,19,70,7,21,34,45,13,45,3,16,48,26,17,11,15,7,16,13,35,23,58,36,42,19,26,48,10,17,34,46,7,31,68,15,17,38,10,14,6,30,19,33,34,32,12,65,23,11,25,3,8,25,26,26,54,5,23,13,1,20,22,6,41,5,61,10,29,5,41,21,9,68,79,2,57,53,14,35,25,8,3,23,48,17,32,48,6,26,15,34,6,9,2,137,18,55,52,4,16,56,30,3,46,18,27,9,7,19,32,33,12,32,27,19,18,4,23,24,29,27,2,29,55,18,27,36,15,24,7,37,17,6,32,46,13,18,59,27,52,32,40,50,40,11,47,5,17,16,46,9,26,31,36,68,19,6,20,40,46,11,107,20,11,31,62,32,28,35,3,30,37,33,2,20,5,42,36,21,44,23,35,43,38,23,20,13,16,56,26,14,19,91,32,19,29,32,23,38,31,41,15,15,39,28,17,43,46,19,8,21,36,34,38,90,38,31,28,32,38,22,40,27,36,8,38,24,36,41,3,35,8,40,37,34,41,41,42,35,27,5,54,35,22,7,12,31,36,29,58,35,17,29,14,6,19,6,17,20,22,11,15,28,16,7,11,47,37,26,18,26,20,32,12,33,23,19,26,6,34,23,107,16,44,10,15,42,29,32,9,24,11,15,19,28,27,17,19,27,9,10,10,39,0,3,17,36,4,28,25,89,24,24,30,15,30,9
10,98,41,35,4,22,40,32,40,23,10,45,33,24,45,30,39,25,12,16,12,39,3,29,14,31,42,15,17,23,4,13,14,20,67,5,23,38,47,17,45,5,12,53,29,15,8,15,7,17,11,38,26,57,37,41,25,28,47,12,20,33,41,4,31,69,15,20,34,9,14,9,27,20,36,38,36,12,67,22,7,26,6,6,29,28,31,54,8,22,12,4,20,21,7,41,7,59,13,30,5,41,25,12,71,77,5,57,52,14,36,22,10,2,22,49,21,29,48,6,26,13,33,11,10,4,139,22,55,52,6,17,60,36,9,45,21,23,10,15,21,31,32,12,33,28,20,18,6,23,23,30,24,8,25,55,23,25,36,18,23,7,39,16,9,35,46,16,17,59,27,47,33,39,47,45,10,49,5,18,17,43,9,29,31,41,71,19,5,22,39,44,14,107,19,13,39,61,31,32,34,8,31,36,33,8,22,5,44,35,17,41,25,30,45,37,22,23,17,16,54,29,10,20,91,31,24,29,33,21,35,32,42,17,13,39,26,20,40,48,18,10,21,36,32,40,92,39,33,30,32,39,24,43,23,35,10,35,23,38,42,8,37,10,43,39,34,41,42,45,36,28,4,58,38,20,5,12,29,38,29,57,39,24,28,12,6,20,9,17,18,19,10,15,29,14,13,13,47,35,22,20,21,21,32,15,33,27,17,26,4,34,23,102,17,44,14,14,41,29,30,12,19,11,16,18,30,28,16,21,28,15,12,17,41,3,0,16,36,6,27,27,89,25,29,31,16,31,8
19,91,39,31,18,14,39,23,33,13,14,46,28,6,33,27,40,11,20,16,16,37,17,34,15,37,44,10,18,17,18,17,9,16,69,19,25,26,50,18,49,15,14,52,21,13,19,2,18,2,19,40,25,58,23,41,17,21,45,20,18,40,49,18,17,64,10,24,35,18,17,18,23,20,35,37,35,17,55,10,19,25,19,19,24,24,34,49,19,10,19,17,10,10,19,39,19,62,19,15,17,38,15,19,66,75,17,53,49,7,18,16,19,17,8,46,21,26,46,18,20,17,39,20,18,17,136,11,55,54,17,22,62,34,17,46,21,25,21,20,11,30,18,20,17,29,8,20,17,7,24,19,15,18,24,58,20,12,30,10,27,18,26,17,18,32,44,15,9,52,14,53,28,41,44,42,17,49,17,2,14,49,17,27,29,42,68,2,19,8,35,43,17,107,11,15,34,62,33,36,25,13,23,35,32,18,22,17,42,31,10,46,27,27,33,28,6,24,21,4,59,15,14,18,92,33,14,22,38,5,21,34,39,1,14,37,20,24,44,50,18,19,20,34,31,29,84,42,18,28,30,34,28,42,15,37,19,21,7,36,32,13,23,19,41,45,34,43,42,43,25,29,18,56,24,23,17,8,19,36,30,58,31,24,33,20,17,8,18,10,8,24,14,16,28,19,21,20,48,35,24,4,21,7,18,3,31,30,14,10,17,33,18,109,19,44,15,18,40,27,20,18,10,15,15,14,27,18,2,14,14,19,7,20,37,17,16,0,41,18,21,13,92,9,21,30,5,26,18
41,102,42,41,37,39,45,46,47,42,38,47,45,37,48,45,38,43,34,40,33,45,31,46,40,10,24,39,37,44,38,39,37,40,76,40,34,40,52,37,46,39,42,58,39,42,40,38,40,38,39,46,40,61,44,49,43,41,55,44,39,48,56,37,41,75,39,34,42,40,40,41,43,42,40,37,40,40,69,37,41,46,39,39,41,39,48,60,39,36,35,41,35,34,40,49,39,66,36,45,38,44,40,41,78,85,37,50,53,36,47,35,37,36,44,56,45,40,50,37,39,42,13,36,40,39,139,39,65,56,39,27,70,40,35,46,38,44,43,36,38,46,39,44,39,42,40,39,38,34,40,36,41,37,41,55,43,44,43,39,37,40,40,36,37,43,51,38,38,65,39,50,46,50,55,44,34,61,37,35,40,54,40,32,47,48,71,37,38,44,49,54,40,112,40,37,44,64,42,48,43,33,39,21,13,37,49,37,38,32,34,45,42,39,50,35,38,42,44,38,60,46,39,38,99,44,41,42,44,36,36,41,46,38,40,48,38,34,8,55,29,37,36,43,38,48,97,20,47,45,45,36,45,50,37,44,37,36,37,44,40,33,44,40,47,40,45,47,55,49,40,44,39,55,41,41,37,40,43,42,36,66,48,34,44,35,39,41,37,38,41,40,37,42,47,37,30,36,53,41,45,39,43,40,36,41,42,38,41,41,35,41,44,115,39,45,38,41,43,47,40,43,33,43,39,39,45,41,38,37,41,38,39,37,46,36,36,41,0,41,34,37,97,39,48,35,38,42,40
9,98,41,35,6,20,35,34,41,21,13,42,30,24,43,28,37,24,11,16,10,39,8,28,14,40,42,13,18,24,4,8,12,17,68,6,19,32,47,13,44,7,13,48,25,14,4,17,4,16,10,36,23,56,36,41,20,26,45,12,19,32,42,6,31,67,12,19,35,11,12,3,28,21,36,38,36,11,65,22,7,25,4,4,27,27,30,50,4,23,9,4,23,23,7,41,6,63,12,30,4,39,25,12,71,74,6,54,50,17,31,25,15,6,21,48,22,32,46,7,27,14,38,9,5,7,136,19,55,52,3,23,60,31,9,44,19,28,12,14,23,32,32,14,30,34,20,22,13,21,23,29,22,6,31,53,25,25,36,19,26,4,37,21,3,31,46,16,18,62,27,48,34,39,49,40,8,47,4,19,15,44,8,27,26,37,70,16,5,25,37,44,11,108,20,13,41,61,32,29,33,8,29,40,37,6,21,4,45,36,18,43,25,31,43,36,18,22,15,17,55,25,12,20,92,32,22,29,36,23,38,35,40,18,14,38,31,19,42,46,20,15,20,33,36,37,92,44,30,31,32,39,22,45,25,36,15,38,24,33,39,8,37,4,37,37,32,38,39,45,33,28,10,56,34,21,4,13,31,33,28,55,37,20,28,14,4,16,3,17,15,18,10,15,29,13,10,6,47,35,27,16,24,18,30,17,33,23,16,27,5,34,21,107,15,44,18,10,40,30,31,9,17,12,16,18,28,27,17,21,26,13,14,14,37,4,6,18,41,0,27,23,89,23,27,32,16,29,7
29,99,38,36,24,14,31,32,41,22,22,50,37,16,36,21,35,20,26,17,27,36,24,26,25,34,37,13,16,18,24,25,23,27,71,30,28,30,52,24,39,28,15,46,16,20,23,22,30,27,28,43,26,57,31,38,24,22,48,29,25,43,53,28,16,70,14,22,32,29,21,30,25,24,42,44,42,26,64,12,29,32,26,28,24,22,36,48,29,12,29,26,20,20,24,48,27,64,25,34,29,38,18,25,70,70,28,50,42,22,17,5,29,27,12,53,18,32,51,28,15,20,25,28,28,29,134,19,60,48,28,23,59,28,29,41,27,27,26,30,17,37,34,23,20,29,23,29,29,10,33,18,16,28,5,55,30,15,40,25,25,30,36,21,30,21,53,27,22,61,15,50,33,35,33,49,28,56,28,20,28,47,30,22,31,38,68,16,29,11,33,48,25,110,18,27,37,58,34,35,25,28,28,35,34,28,29,29,38,24,18,45,24,23,37,21,27,25,29,27,51,21,16,23,87,36,19,20,35,12,33,39,43,16,18,43,17,22,38,54,26,29,28,30,33,29,89,38,26,25,31,27,24,38,7,29,29,33,14,39,31,28,25,30,37,43,42,43,46,42,30,25,28,62,25,20,28,18,17,41,27,61,40,30,30,26,29,22,30,19,25,28,24,30,28,24,22,30,51,35,32,15,22,16,24,26,25,34,19,23,27,33,32,110,21,40,24,21,34,33,21,26,23,23,15,21,20,22,14,21,17,23,28,27,30,28,27,21,34,27,0,15,93,10,25,37,14,33,25
27,96,39,28,22,6,25,22,32,23,25,40,28,18,35,28,34,12,23,9,19,35,23,33,17,41,43,17,12,18,24,24,20,26,67,24,22,30,30,16,50,25,15,44,13,25,25,10,24,16,20,25,24,55,27,40,20,19,42,24,22,37,36,24,30,66,17,20,32,26,22,24,18,20,31,32,30,21,62,12,23,10,18,24,15,22,15,40,25,12,19,20,8,7,18,37,22,56,20,21,24,35,12,18,70,76,20,48,45,19,22,19,28,21,21,46,8,31,44,23,15,20,38,18,24,20,135,9,52,47,21,29,51,16,22,36,26,19,25,24,10,27,23,27,22,15,15,24,25,21,21,12,13,22,26,58,13,12,32,21,26,24,32,14,24,30,44,24,15,59,25,48,34,35,43,32,20,49,23,16,21,44,24,20,32,31,65,18,23,17,27,46,14,105,25,17,31,59,22,19,17,23,19,37,38,22,24,24,48,21,26,43,23,31,28,21,16,18,16,15,58,13,19,25,70,27,22,24,28,12,38,29,34,16,16,32,24,20,45,42,27,28,26,36,35,36,84,44,13,13,28,40,21,40,24,26,29,38,22,31,40,23,24,23,21,41,16,38,31,42,26,21,28,61,23,21,24,16,18,28,25,54,32,17,23,18,24,24,24,13,16,17,20,18,17,20,20,25,42,28,26,17,14,7,10,18,26,21,25,15,24,25,23,104,21,43,26,24,42,25,19,21,24,20,22,21,29,18,19,21,26,30,22,25,40,25,27,13,37,23,15,0,86,21,17,27,14,26,22
93,92,94,98,89,84,84,100,91,85,92,88,93,95,89,94,94,91,90,85,95,97,90,97,94,98,100,90,86,89,90,93,88,89,87,92,88,80,91,92,102,90,89,94,93,84,92,92,92,94,90,81,87,95,96,102,90,83,87,93,91,75,88,92,94,96,90,88,92,86,94,88,92,89,93,95,92,92,102,92,92,88,89,92,95,95,86,89,91,96,85,86,92,87,94,98,89,91,90,89,91,84,91,91,97,98,85,95,85,91,73,92,91,87,90,99,84,88,80,93,84,89,94,90,92,86,161,91,88,89,88,94,71,90,93,86,98,86,91,90,91,87,86,94,86,97,92,96,91,94,90,92,94,93,90,88,88,85,91,94,86,92,93,94,91,95,88,87,88,101,93,89,96,94,101,78,94,100,90,88,90,95,93,89,91,87,100,91,90,85,86,87,87,115,90,90,97,98,92,90,85,91,86,100,95,93,95,91,103,93,92,98,82,88,77,90,89,93,91,92,40,79,89,94,92,95,92,90,99,95,87,93,82,93,89,84,89,88,100,93,90,91,90,88,91,67,86,91,86,86,96,92,89,101,90,95,91,87,95,94,94,91,72,91,86,90,89,94,90,86,92,89,90,91,86,91,90,91,81,94,86,96,83,86,92,88,91,90,91,92,95,90,94,91,86,96,94,94,96,97,93,92,74,84,74,86,92,90,92,94,90,87,98,51,85,85,94,89,94,88,82,92,92,84,90,91,94,94,92,89,93,94,89,89,99,89,89,92,97,89,93,86,0,93,94,95,91,91,93
23,99,39,24,19,13,37,26,35,17,17,48,33,1,33,24,41,17,19,21,24,36,24,28,16,42,47,15,7,12,23,23,21,14,66,23,22,24,49,20,41,24,18,42,14,16,18,15,25,11,22,43,24,44,19,38,8,17,49,27,19,40,52,23,12,67,15,18,25,23,18,24,20,20,36,38,36,20,58,11,24,25,19,22,20,17,31,47,24,5,26,24,11,9,18,42,24,61,17,21,25,36,18,19,71,70,24,41,52,20,17,19,27,24,6,50,13,33,49,24,12,21,31,20,22,24,137,15,57,47,24,26,54,27,26,39,24,28,24,25,12,28,31,19,22,27,15,19,25,3,29,17,19,26,20,57,26,16,33,5,21,25,34,8,23,22,46,19,9,58,8,52,36,37,27,40,18,51,24,5,20,47,24,24,27,37,68,5,24,5,31,47,24,109,15,15,35,53,34,34,32,23,25,41,37,26,21,25,44,36,5,44,21,29,26,20,6,23,19,22,46,23,17,15,89,27,10,30,34,10,31,34,43,10,18,39,23,18,47,46,25,27,23,37,34,18,96,42,20,27,27,28,18,23,8,33,27,31,11,39,26,23,14,23,44,44,26,43,44,43,30,25,25,61,22,20,22,20,11,39,26,58,36,21,31,22,25,10,23,5,9,14,18,22,27,18,22,25,48,24,20,10,14,16,21,6,29,31,12,9,23,31,24,110,16,44,12,17,38,31,18,22,12,21,17,11,24,17,5,25,17,19,19,27,30,24,25,9,39,23,10,21,93,0,25,32,6,34,23
30,101,39,19,29,17,33,22,35,29,22,46,26,25,43,19,39,17,29,24,24,42,27,34,26,40,43,22,22,23,27,29,30,26,74,27,27,25,42,29,51,25,22,46,23,21,29,27,27,23,25,24,28,63,31,32,21,17,51,29,29,32,44,27,26,61,21,31,27,19,28,27,20,24,37,35,37,27,65,26,29,23,25,26,30,22,29,46,25,16,21,24,22,19,29,36,25,64,30,33,27,37,24,23,62,69,26,61,49,29,36,30,29,24,21,49,25,29,40,28,26,25,45,28,25,27,131,12,54,51,26,33,42,29,30,42,31,23,28,29,25,21,30,27,30,31,24,23,28,18,30,24,16,26,32,54,23,21,31,28,28,27,26,29,24,10,34,28,28,47,22,53,28,15,32,36,27,55,27,24,27,40,28,23,28,30,56,23,29,27,41,48,27,103,20,26,33,50,30,25,37,29,22,43,43,26,24,27,52,34,19,45,19,25,44,39,17,23,26,27,53,21,26,25,75,28,21,27,40,20,40,30,40,24,21,38,27,31,44,51,31,29,30,38,27,35,98,47,20,23,24,28,30,37,24,34,28,40,26,40,30,29,34,28,33,43,26,45,39,26,25,18,25,59,35,16,28,23,21,36,31,51,37,25,37,27,27,23,24,21,16,29,25,27,20,29,27,29,46,30,14,18,21,17,26,24,30,30,23,17,28,33,32,112,20,43,25,27,33,23,28,24,30,27,22,31,20,27,20,18,6,31,24,30,40,24,29,21,48,27,25,17,94,25,0,28,15,26,28
32,99,47,35,33,31,39,34,41,25,30,44,30,33,51,36,45,29,30,29,25,39,27,38,32,38,42,31,32,34,33,34,30,32,73,31,29,32,44,31,54,29,28,53,32,29,33,31,33,29,32,30,27,62,40,50,30,36,51,30,23,23,30,31,36,75,31,36,36,28,33,30,35,28,41,45,41,27,76,31,31,26,27,31,29,26,31,50,30,35,26,32,31,33,31,44,28,63,26,35,33,41,27,29,76,78,27,64,55,31,40,34,34,29,33,59,31,29,46,32,31,28,40,31,31,29,145,30,56,50,29,35,61,35,34,49,34,30,30,33,34,33,32,31,36,32,31,34,32,35,25,28,32,33,38,59,11,34,36,32,27,33,36,34,32,34,44,31,33,67,34,40,33,42,53,44,27,41,32,33,33,42,31,30,33,42,73,32,27,30,45,50,27,115,29,32,40,70,34,34,38,27,21,43,39,33,17,33,51,37,31,47,25,36,48,30,31,25,15,33,57,30,33,32,93,35,28,28,35,32,42,36,44,32,29,44,38,36,47,57,33,34,25,15,35,40,99,42,27,37,35,42,25,48,39,39,34,42,34,24,45,27,37,30,45,41,39,41,41,45,36,33,33,56,38,33,32,32,32,27,32,59,39,24,35,27,33,33,32,34,30,25,31,26,31,32,29,29,49,28,36,30,28,32,30,29,26,25,36,34,32,27,34,102,22,43,33,29,25,31,37,31,33,25,32,31,36,34,26,33,37,32,32,34,36,30,31,30,35,32,37,27,95,32,28,0,30,38,33
19,90,38,24,15,13,36,34,38,23,9,44,30,20,29,24,41,26,20,7,17,36,17,33,17,35,43,16,7,20,19,21,13,11,70,16,18,27,46,18,50,14,8,51,18,12,19,2,18,2,21,37,23,56,33,39,8,12,48,20,18,36,44,15,16,64,16,21,31,16,17,18,27,16,34,36,34,11,64,6,17,20,16,17,28,23,33,50,14,18,20,14,15,15,16,42,19,57,20,14,17,35,16,19,67,77,17,53,46,15,20,16,19,14,11,46,22,28,48,18,22,14,39,19,15,15,139,12,54,51,17,22,61,28,17,44,21,22,17,21,14,32,20,17,16,25,3,21,18,13,25,25,17,16,26,56,20,22,31,2,23,18,31,17,17,30,45,20,11,55,25,51,28,39,45,43,19,49,16,1,14,51,13,24,28,35,69,16,20,22,42,44,18,105,11,13,36,61,33,31,29,16,26,37,33,16,24,17,45,33,8,45,25,32,34,28,6,23,18,7,61,14,8,16,90,33,12,22,37,10,21,33,34,8,16,38,21,21,43,50,18,19,20,28,32,38,90,40,18,29,30,36,24,34,11,37,19,21,8,37,35,16,35,17,40,41,28,43,42,41,36,30,18,58,27,15,17,4,26,37,30,53,39,20,30,17,17,4,17,11,12,22,16,17,29,20,19,20,47,31,23,16,17,9,17,12,22,27,20,19,17,33,21,108,17,46,17,17,38,30,20,18,11,19,8,8,24,10,3,8,23,21,13,21,24,15,16,5,38,16,14,14,91,6,15,30,0,31,19
31,100,38,28,28,15,26,25,38,28,24,48,26,28,41,24,15,26,29,23,28,39,27,31,26,43,47,26,22,20,31,28,26,29,66,30,32,34,37,25,45,29,23,36,30,27,27,26,31,31,25,12,33,61,41,32,28,28,42,30,29,40,47,28,29,74,25,33,37,26,25,29,25,28,11,12,10,28,53,30,27,23,27,30,36,31,22,40,28,28,26,29,31,28,27,39,28,62,29,15,31,31,29,30,71,70,30,57,37,27,32,32,31,27,26,35,14,36,38,30,27,27,46,23,30,29,143,21,53,43,28,33,54,15,32,51,32,27,32,31,16,6,33,26,23,15,29,27,31,33,31,20,34,31,33,57,31,19,21,29,30,31,33,27,30,26,39,28,16,57,27,49,30,30,48,37,26,52,29,27,27,50,29,27,26,11,72,26,29,27,38,47,27,106,23,30,38,64,6,12,30,27,22,41,37,31,31,31,44,9,24,35,35,31,47,44,21,27,25,25,52,22,24,29,63,6,31,22,40,32,20,28,22,26,26,27,38,33,47,51,32,31,30,41,41,39,91,47,26,24,2,40,25,39,32,21,31,20,25,38,41,27,31,29,14,43,25,41,28,26,26,32,30,61,26,26,29,25,23,35,31,51,30,31,33,27,31,22,30,26,23,31,27,33,4,27,27,30,34,23,28,22,16,22,32,24,24,36,26,30,30,28,32,110,29,37,29,26,47,30,28,27,36,24,23,28,25,25,27,30,26,28,26,31,37,30,31,26,42,29,33,26,91,34,26,38,31,0,29
8,97,42,35,9,20,38,33,40,21,15,47,32,23,43,27,39,28,13,18,11,42,10,28,12,41,44,13,17,21,10,14,15,19,69,5,24,35,49,17,44,10,17,50,29,18,4,14,6,19,11,37,26,59,36,46,26,27,49,14,20,37,47,5,28,65,14,23,35,16,13,8,28,21,37,40,37,11,64,19,10,28,9,7,27,26,31,54,9,20,10,11,24,23,9,38,12,63,11,33,6,44,22,14,67,76,10,54,53,16,37,28,14,11,24,50,23,35,47,5,27,17,39,12,3,11,136,20,56,53,11,25,63,34,12,45,25,27,9,16,18,33,30,15,34,32,21,17,12,22,24,31,28,10,28,56,26,29,35,16,25,6,37,19,5,35,47,17,19,61,22,51,37,42,51,46,13,50,8,17,19,49,9,30,31,38,67,18,13,22,38,46,10,109,19,14,41,58,33,35,34,13,28,40,38,10,25,6,45,35,19,43,30,36,46,38,23,23,15,14,56,30,13,19,93,33,20,34,36,20,37,35,41,16,18,39,29,23,44,48,27,14,22,36,33,41,94,45,33,34,32,38,23,41,27,38,14,37,26,38,40,13,36,7,43,41,34,38,41,45,35,28,11,59,39,24,6,13,33,38,28,57,40,22,29,16,6,19,5,16,19,23,11,12,31,17,11,11,48,38,24,19,27,17,31,19,34,27,20,29,6,34,24,110,21,43,19,15,43,34,35,13,23,15,17,22,27,26,17,21,25,16,14,18,41,9,8,18,40,7,25,22,93,23,28,33,19,29,0
