0,99,42,34,9,22,38,33,37,22,16,45,34,22,43,29,41,26,13,20,12,40,11,25,14,39,42,16,20,26,10,14,14,19,69,5,22,35,48,16,41,9,16,51,26,18,7,16,7,18,13,39,24,58,35,43,24,27,48,11,17,37,47,5,28,67,16,20,35,15,14,7,30,20,37,39,37,12,64,22,11,28,9,5,27,28,33,52,10,22,13,9,23,23,9,40,10,62,12,31,7,42,24,13,69,75,9,53,50,16,34,26,11,9,22,47,24,33,47,5,24,16,39,13,5,9,135,22,53,51,9,22,61,35,11,47,23,27,11,13,20,31,32,14,31,33,20,18,9,22,24,30,26,9,30,56,23,28,35,18,27,7,38,20,7,32,47,16,18,60,25,51,34,40,48,45,12,48,7,18,16,49,10,28,30,40,69,18,11,24,41,45,13,107,18,14,38,60,31,33,34,11,30,38,36,9,22,7,46,35,20,43,28,36,46,37,22,23,17,16,57,28,16,20,91,31,22,34,35,22,37,33,41,18,16,39,28,20,42,45,24,11,20,35,33,40,93,43,32,32,31,39,23,42,26,35,11,37,24,37,42,11,36,5,43,38,35,39,42,43,37,31,9,56,35,23,7,14,32,37,25,57,38,23,31,14,7,18,7,18,20,21,12,15,29,14,10,12,46,36,25,20,27,20,32,18,32,25,18,26,7,33,23,109,19,45,16,15,43,34,31,13,23,13,16,20,29,24,18,20,27,13,14,15,38,9,9,18,40,8,28,26,92,22,29,31,18,31,6
99,0,86,89,95,94,88,98,96,85,93,89,92,97,92,94,92,91,89,92,99,90,95,99,95,89,92,94,95,97,93,97,94,96,83,95,89,90,86,96,95,95,91,86,93,91,98,97,96,95,94,89,92,89,93,89,92,90,91,96,92,78,71,95,96,79,94,98,92,94,92,97,86,90,90,95,89,96,94,94,94,89,94,97,96,91,92,84,97,94,94,95,94,89,96,96,93,85,97,93,96,94,91,97,72,86,94,95,93,98,93,94,96,91,93,91,92,84,89,97,94,89,94,94,96,96,115,90,85,84,94,95,79,87,96,77,90,93,98,96,97,93,100,93,95,97,92,99,97,95,92,91,95,96,96,74,94,92,89,98,84,96,88,98,96,90,85,90,97,96,97,68,96,92,92,83,91,92,99,97,96,81,97,94,94,95,95,97,96,98,91,95,98,91,94,96,98,95,91,91,92,95,98,94,93,96,97,96,91,90,94,94,91,88,93,94,97,92,97,97,76,91,93,93,83,92,94,89,88,95,95,83,90,94,93,92,97,98,89,92,90,96,93,93,89,90,82,92,96,95,93,90,90,90,91,90,95,95,94,94,86,95,96,97,89,84,93,91,87,90,92,87,94,67,90,96,95,96,93,94,90,80,89,94,89,93,96,96,96,98,98,94,96,94,93,97,99,93,91,88,94,93,90,95,94,96,89,100,97,94,96,86,97,72,91,83,98,94,84,88,97,91,93,95,96,94,94,91,96,94,93,99,97,97,95,96,95,97,94,95,97,96,72,98,93,92,95,92,99
42,86,0,20,41,27,28,35,27,34,36,33,28,30,28,28,33,31,37,30,41,30,41,43,35,35,36,28,29,34,39,38,28,32,58,39,36,29,38,30,42,37,33,36,38,33,40,32,43,36,39,29,35,42,36,33,33,34,37,43,38,29,35,41,33,51,28,41,33,37,35,39,32,35,28,29,28,36,44,34,37,31,40,40,39,35,29,42,40,33,39,40,31,32,41,34,40,45,41,23,43,30,31,37,60,58,40,39,37,32,29,37,43,38,34,40,26,33,35,42,29,35,38,41,41,41,114,31,39,40,37,40,56,30,43,27,35,26,40,42,30,28,34,39,34,39,33,44,41,36,36,30,35,42,40,42,38,31,23,31,30,43,28,35,42,26,31,38,36,39,33,39,28,28,36,32,37,42,42,35,30,37,36,28,26,33,52,32,40,32,25,38,42,90,34,30,27,43,27,21,29,41,30,35,37,42,32,40,47,31,27,35,33,27,34,36,36,41,41,32,47,31,36,37,78,29,36,30,38,35,26,29,30,32,27,31,35,41,36,44,38,43,35,38,38,36,80,38,36,35,28,24,39,29,37,31,43,26,30,34,23,41,30,39,32,42,31,30,29,31,31,31,39,46,32,31,41,31,31,31,35,41,36,39,37,39,40,31,42,29,36,33,30,41,28,41,41,36,34,26,29,35,34,33,34,36,31,37,38,32,41,29,43,98,35,26,32,39,32,31,32,36,33,39,34,27,28,34,36,31,28,42,31,43,30,41,39,35,40,38,39,33,82,31,27,36,34,28,41
34,89,20,0,33,18,29,27,22,26,26,33,18,27,24,18,24,25,30,24,33,22,33,38,27,32,36,18,18,24,33,32,20,23,56,32,30,26,34,22,43,31,25,36,29,25,33,27,35,30,32,29,29,43,34,31,24,18,35,35,31,24,34,33,29,54,19,32,34,29,29,31,29,27,23,19,23,23,44,29,32,20,32,32,29,29,23,44,32,29,31,32,21,25,33,34,32,49,33,12,35,33,23,31,64,56,32,36,36,27,21,33,35,30,26,32,16,26,33,34,21,27,40,33,33,32,114,24,32,35,31,33,51,23,35,30,31,15,30,36,21,19,23,32,28,34,28,31,35,26,30,23,27,34,32,43,30,24,16,28,23,35,22,28,33,15,33,29,26,38,25,40,16,23,33,33,32,46,34,27,22,41,28,18,14,26,48,27,33,30,21,34,33,87,26,22,20,43,23,10,28,33,22,36,36,34,32,34,43,20,24,31,28,29,31,32,26,27,32,27,45,24,27,31,77,20,28,30,41,29,19,27,29,27,19,25,32,32,36,45,32,35,27,31,30,34,79,37,31,28,15,21,29,24,31,20,35,19,29,36,20,33,27,31,31,38,27,36,27,33,29,19,33,47,30,20,33,21,25,35,32,40,34,29,36,33,34,21,33,30,29,27,22,28,15,33,33,32,30,18,19,28,23,27,27,29,24,33,32,27,32,25,32,98,27,24,26,33,32,24,29,31,26,32,25,28,18,25,29,27,21,36,21,37,33,33,32,29,40,32,33,26,74,29,17,32,28,19,33
9,95,41,33,0,19,36,31,35,19,12,42,32,21,41,27,38,25,11,19,9,37,6,24,13,32,38,15,19,26,6,10,14,18,68,5,19,33,44,13,37,7,13,48,23,14,7,16,7,14,11,37,19,57,34,40,20,25,47,9,13,35,45,4,25,64,15,20,32,13,11,7,26,17,34,38,33,11,63,19,10,26,6,5,25,25,31,50,7,19,11,4,22,19,6,42,4,59,13,30,6,42,23,12,65,74,4,52,49,16,33,22,8,4,21,46,23,28,45,5,23,13,34,9,7,6,134,19,53,47,8,18,57,32,5,46,17,27,10,10,19,30,31,10,31,33,19,20,7,21,19,27,25,4,28,55,22,25,34,18,25,7,35,19,4,29,46,12,16,59,22,47,31,38,45,43,8,44,6,16,15,47,9,27,29,37,68,17,7,21,40,44,12,105,16,13,35,55,29,32,31,9,30,33,29,4,22,6,41,33,19,40,23,34,45,37,19,19,14,14,55,25,12,18,87,30,19,33,30,19,35,29,40,17,16,38,23,20,37,43,18,8,19,32,30,39,90,38,32,30,30,38,23,39,23,32,7,35,20,33,39,9,35,6,41,37,32,37,39,41,36,27,5,55,34,20,2,14,31,33,23,54,36,19,29,10,6,17,4,18,18,19,12,13,28,14,11,8,46,33,24,19,23,21,31,18,29,23,15,23,3,33,23,106,17,44,16,11,43,29,31,11,22,8,16,17,27,20,16,20,24,7,14,12,38,6,5,17,35,6,26,26,89,21,29,28,17,31,7
22,94,27,18,19,0,34,24,25,17,13,40,27,8,31,20,36,21,18,15,20,31,20,29,15,37,38,10,9,22,21,19,10,12,64,20,17,31,40,8,40,19,14,45,22,14,21,7,23,16,20,37,16,51,30,34,19,22,39,23,20,30,42,21,21,55,10,22,30,17,17,19,25,20,32,33,32,16,49,15,20,22,20,20,26,24,29,50,18,15,19,20,12,15,21,39,18,54,21,16,23,39,13,19,66,64,20,42,34,8,18,21,23,18,15,40,12,30,45,22,11,16,34,20,20,21,122,16,47,47,19,24,58,29,21,34,23,20,20,24,7,24,16,20,27,30,16,18,23,12,24,23,16,20,27,46,22,18,22,12,20,23,29,18,20,25,37,16,12,47,22,45,22,31,43,40,20,45,22,14,10,47,16,14,17,34,60,11,20,15,23,39,22,96,15,10,26,51,23,16,29,20,23,35,33,20,23,22,41,25,8,36,26,33,28,35,12,16,21,11,50,20,15,20,79,24,20,30,31,16,24,29,35,13,9,31,23,22,39,40,25,23,17,29,27,34,84,39,27,30,21,26,20,33,19,26,23,24,12,34,34,20,20,19,40,35,32,34,33,35,33,26,22,53,31,13,19,8,24,34,24,47,34,21,29,21,22,8,20,10,14,17,10,20,22,21,21,18,42,27,16,16,23,18,27,14,28,23,20,19,19,32,24,99,17,31,10,21,40,29,23,19,14,18,11,16,20,15,16,16,18,22,11,25,34,22,21,14,36,18,22,22,86,12,21,23,12,22,22
38,88,28,29,36,34,0,27,32,28,35,34,28,34,27,18,35,29,31,28,35,28,38,38,35,36,35,35,35,32,34,36,35,34,63,36,31,27,29,35,43,37,30,32,26,30,35,36,40,36,30,28,33,39,23,32,27,21,44,40,35,30,36,36,33,60,35,33,32,33,34,36,25,30,30,33,29,35,53,33,34,20,33,36,35,34,22,47,36,33,33,34,33,29,35,36,34,48,38,28,40,35,33,36,59,65,35,38,45,37,33,36,40,34,35,42,33,30,24,39,35,30,39,33,35,35,122,30,35,34,35,39,54,28,39,35,29,24,35,38,32,28,37,31,35,34,35,41,39,31,31,31,34,39,36,47,34,31,32,37,28,40,27,35,37,20,38,28,36,45,34,35,27,28,37,31,34,44,38,33,35,38,37,35,25,32,51,36,37,31,37,35,36,94,33,35,33,42,22,29,29,38,37,38,35,39,35,40,44,22,35,36,33,25,39,33,36,31,35,36,49,30,34,31,84,20,32,19,30,33,26,27,31,33,34,26,37,33,34,41,33,40,30,32,29,37,85,36,35,29,20,33,32,30,37,21,39,26,35,38,23,38,35,36,29,35,30,37,32,39,19,27,38,43,31,32,36,35,36,38,35,42,33,33,35,34,40,35,37,35,35,30,35,32,22,35,38,36,35,28,28,32,27,34,31,37,30,36,37,33,37,28,35,100,32,35,37,31,23,28,36,32,34,34,34,38,19,31,35,33,27,36,36,39,36,35,36,34,35,36,35,30,78,37,30,34,35,20,36
33,98,35,27,31,24,27,0,29,28,25,40,21,28,31,12,24,23,29,21,30,30,31,36,30,36,39,26,26,23,31,34,25,25,63,30,26,30,41,27,47,29,23,37,26,24,30,26,32,22,30,32,32,44,30,35,25,25,44,32,31,29,40,30,28,62,26,33,32,31,26,31,26,27,26,29,25,26,51,26,29,25,31,32,34,27,25,52,33,25,29,32,26,24,30,29,31,52,30,25,32,34,18,33,66,62,29,46,41,27,29,29,32,28,24,37,24,30,39,32,28,27,40,31,31,31,120,24,41,44,30,33,56,29,32,40,30,19,32,33,26,25,24,30,30,27,24,30,33,28,30,23,32,31,29,53,28,17,24,26,28,32,24,21,31,23,44,28,28,41,26,44,26,15,36,41,31,49,33,24,27,44,30,26,23,33,55,26,31,30,31,42,32,93,19,26,30,44,12,23,31,31,21,38,33,31,30,32,46,19,24,31,27,30,37,34,28,28,30,25,50,24,23,31,72,12,26,27,35,25,28,31,34,20,24,32,26,33,39,41,31,32,29,34,31,37,84,41,27,24,14,33,31,29,31,21,32,28,26,37,31,31,28,31,37,39,27,35,25,31,28,24,31,53,32,25,31,25,30,37,31,38,35,32,33,31,32,24,31,26,30,29,25,30,15,32,30,31,36,23,16,23,23,23,27,27,27,29,30,24,31,25,32,98,31,40,27,30,36,25,28,30,30,30,26,27,11,22,26,25,20,34,26,34,31,32,30,20,44,31,32,26,86,27,21,28,25,23,32
37,96,27,22,35,25,32,29,0,33,31,39,28,28,26,22,29,28,34,27,36,26,35,42,31,38,35,26,26,27,35,34,25,27,61,35,33,32,37,25,49,34,28,44,34,29,37,25,36,32,35,34,35,51,36,35,30,23,38,38,33,26,38,36,35,58,26,40,34,34,31,34,28,30,25,26,25,26,53,32,36,20,36,36,36,37,30,54,34,32,32,37,30,28,38,33,34,50,38,18,36,36,31,34,70,61,35,36,48,25,28,33,38,33,32,28,25,33,43,37,30,32,44,37,36,36,124,28,44,38,35,34,55,31,36,38,34,13,33,39,29,24,29,36,37,21,31,33,38,33,35,30,29,35,34,53,34,31,24,22,31,38,26,28,35,29,44,34,30,48,35,46,17,29,39,37,35,49,37,27,27,45,32,27,17,34,59,22,34,37,30,34,37,99,30,26,13,50,25,22,27,34,28,40,36,35,38,37,47,29,28,32,38,34,42,37,29,35,36,25,46,30,31,36,86,25,33,34,36,32,20,35,36,29,24,29,34,40,41,44,36,38,32,33,34,33,82,36,32,29,25,27,40,30,34,29,38,20,32,40,33,34,34,34,39,37,30,37,34,35,34,29,37,52,35,22,35,26,34,40,37,43,38,37,36,35,36,25,35,30,29,37,25,36,24,39,37,35,37,29,23,30,29,30,38,31,33,37,38,32,34,36,40,104,32,39,27,35,40,30,34,35,29,36,28,33,22,31,31,32,26,39,26,40,37,37,36,31,45,34,37,30,83,28,21,37,30,27,36
22,85,34,26,19,17,28,28,33,0,18,38,28,22,36,24,34,19,15,15,21,31,18,28,19,30,29,17,18,22,17,19,17,19,62,20,13,27,39,18,38,20,14,44,18,14,21,19,18,17,16,32,18,52,31,36,14,22,44,18,16,25,36,18,27,57,17,22,31,16,18,20,18,13,30,34,29,20,59,19,22,18,15,20,29,27,27,46,18,21,15,18,18,16,19,38,18,54,18,25,18,38,19,17,61,69,19,47,43,19,27,25,18,18,18,41,17,20,40,19,18,12,29,16,19,15,127,17,47,42,19,22,50,27,21,37,17,22,20,18,20,26,29,20,30,31,16,20,23,18,21,24,25,21,28,49,21,20,28,21,15,18,29,19,19,22,39,13,18,55,23,39,29,34,42,33,17,40,18,20,18,41,21,23,25,36,64,20,19,23,35,42,19,99,17,19,33,53,25,27,26,18,26,26,25,21,23,22,30,29,18,38,25,28,41,34,17,20,18,19,49,20,16,17,85,26,18,28,31,20,32,21,35,18,16,35,24,22,31,37,19,18,14,28,23,33,87,29,28,25,25,33,20,33,26,29,17,32,20,31,31,18,33,20,35,28,27,33,36,38,28,23,20,45,30,19,18,18,26,31,23,48,30,22,31,16,22,18,19,21,20,21,19,15,24,17,18,19,40,27,19,18,19,19,29,20,20,30,22,21,21,24,21,99,12,38,18,22,34,26,26,15,19,17,17,20,24,18,20,14,20,25,18,19,33,15,18,19,32,20,28,23,83,22,22,26,18,25,23
16,93,36,26,12,13,35,25,31,18,0,41,27,16,36,21,34,19,13,12,15,32,11,28,13,33,37,9,14,25,14,14,9,9,67,12,16,32,43,11,37,11,4,46,19,12,17,8,15,10,13,36,22,52,29,35,18,22,43,15,19,31,41,11,22,62,9,22,26,13,11,14,25,16,30,30,29,11,56,14,11,21,13,15,27,20,31,48,15,13,13,13,18,14,13,37,13,53,16,25,14,39,16,15,64,68,11,44,42,9,26,18,13,9,15,40,17,27,46,12,17,11,33,13,13,12,128,17,49,47,12,16,58,30,13,43,19,20,15,14,14,23,23,15,30,31,12,20,14,17,21,22,21,13,25,53,19,20,29,11,21,15,30,13,14,27,44,10,14,53,17,45,28,32,41,41,12,47,14,12,11,47,14,21,22,37,64,12,14,21,32,42,16,102,9,10,32,52,23,26,30,14,23,33,30,13,22,13,40,29,13,36,22,33,37,38,18,17,15,10,52,22,4,16,81,23,13,32,29,14,30,27,32,11,8,31,19,22,36,42,18,13,15,31,28,38,90,37,26,31,23,32,23,34,18,29,13,30,15,34,39,14,27,14,42,37,32,34,37,37,35,25,12,55,34,18,11,8,27,34,20,44,31,22,28,12,13,10,14,11,17,18,9,14,21,18,14,12,41,28,16,13,23,13,28,16,27,22,19,18,11,29,22,101,16,38,9,17,41,29,28,14,20,10,9,12,21,15,14,16,21,19,9,15,38,12,10,11,34,13,21,24,88,16,22,26,12,25,15
45,89,33,33,42,40,34,40,39,38,41,0,34,38,34,35,37,37,38,32,43,36,42,47,41,41,44,39,39,33,42,41,39,40,61,43,40,35,36,40,49,42,35,43,38,35,43,39,44,38,39,35,35,48,37,35,30,36,44,44,42,34,32,42,40,60,39,40,43,38,40,43,31,36,37,38,37,41,57,39,42,33,39,43,38,42,35,46,42,39,41,39,40,33,43,42,39,55,42,35,43,41,40,37,61,66,42,46,48,39,37,39,43,39,40,45,38,36,36,43,38,38,43,41,42,40,123,33,40,43,42,43,56,33,44,39,41,35,42,43,42,36,44,39,38,37,41,43,45,43,43,36,40,44,42,45,40,38,38,42,37,44,36,39,41,36,33,40,40,51,39,42,34,35,39,40,38,42,43,42,39,41,42,38,35,33,59,40,40,41,41,37,43,94,38,40,36,46,36,35,38,43,44,44,42,44,42,44,44,35,40,42,39,35,48,36,40,41,43,40,44,36,40,42,84,36,41,34,44,41,34,36,41,38,38,42,44,40,42,39,41,43,40,33,40,37,83,44,39,36,36,40,41,35,42,36,43,34,38,35,36,43,39,43,33,38,37,41,41,41,36,36,42,45,26,37,42,41,43,34,40,41,26,41,44,41,44,41,41,39,41,40,40,40,36,40,42,39,33,34,35,41,28,37,37,39,36,43,44,38,42,38,44,99,38,39,41,43,41,31,35,38,39,40,43,38,36,36,40,41,33,44,40,44,37,40,39,40,43,43,42,33,80,39,33,40,39,34,45
34,92,28,18,32,27,28,21,28,28,27,34,0,28,26,18,25,23,31,21,31,19,32,39,30,35,39,27,27,22,32,31,26,27,60,32,31,24,35,27,48,32,20,29,28,19,33,27,32,26,30,22,28,41,34,30,23,21,40,32,32,26,37,32,25,58,27,32,35,30,26,32,25,27,16,25,15,27,45,26,32,21,32,31,28,29,22,40,32,26,31,30,27,24,33,32,31,51,32,15,32,28,25,32,63,54,31,30,42,27,31,30,32,30,23,36,25,28,35,31,29,27,42,33,30,32,116,22,39,35,32,34,54,21,33,38,31,18,31,33,29,13,28,33,33,29,24,35,35,30,31,24,31,32,28,48,28,25,19,28,24,32,21,28,32,15,39,30,29,41,24,44,25,21,32,34,33,45,32,27,28,43,31,27,21,22,50,26,32,30,28,36,30,85,26,28,28,39,14,20,29,32,26,37,36,32,33,34,45,24,27,31,30,27,38,34,29,32,30,26,49,24,23,32,78,14,28,28,40,26,25,30,25,28,25,23,30,32,38,44,32,32,29,33,33,33,80,39,28,25,20,26,30,19,35,22,32,25,30,38,27,32,32,32,30,39,22,37,27,30,28,22,33,51,28,24,32,27,30,38,33,38,34,32,34,33,34,27,32,28,29,30,27,28,18,32,34,31,31,15,20,24,23,21,28,29,22,28,33,21,32,27,31,94,28,34,28,33,32,26,26,30,29,32,28,32,18,21,28,28,17,35,28,34,31,30,32,29,43,32,32,26,78,28,19,30,25,18,34
22,97,30,27,21,8,34,28,28,22,16,38,28,0,34,24,38,25,18,16,19,33,20,28,15,41,42,11,12,23,21,20,11,14,62,20,21,30,45,10,39,19,17,47,24,17,21,9,23,16,20,37,16,51,29,36,19,26,37,23,20,32,44,21,21,59,11,21,24,17,17,19,27,22,35,35,35,15,52,14,20,24,20,20,22,22,31,46,20,12,17,19,16,20,21,41,20,57,21,22,23,42,13,19,66,65,20,45,38,8,22,20,23,18,17,43,14,32,45,22,9,20,36,20,20,21,123,19,48,47,19,24,58,31,21,41,22,18,17,24,8,24,20,20,28,32,18,23,23,13,23,24,18,20,27,50,21,19,30,9,22,23,31,14,20,27,41,18,17,48,21,50,20,33,43,43,20,46,22,12,10,48,16,21,23,36,59,4,20,14,30,39,17,97,11,10,25,52,25,23,31,20,20,39,37,20,24,22,46,26,9,42,24,34,31,37,18,19,19,8,49,20,17,17,83,26,20,31,33,15,24,32,36,20,12,32,26,21,43,40,25,23,21,31,31,33,87,43,28,32,25,26,18,34,15,28,23,24,14,35,37,20,24,19,42,35,33,34,37,37,33,27,22,53,33,17,21,10,22,35,21,53,32,21,27,21,22,11,20,11,16,18,10,15,24,23,22,20,43,29,19,18,22,14,26,16,31,24,21,17,19,33,23,102,20,33,10,20,40,31,27,19,19,20,14,17,24,18,15,15,20,22,11,25,33,22,21,19,39,20,22,24,86,9,19,30,14,24,22
43,92,28,24,41,31,27,31,26,36,36,34,26,34,0,24,24,30,37,34,43,27,41,42,38,38,41,33,35,35,39,42,33,36,60,40,36,34,36,35,41,40,34,33,38,34,42,35,43,31,39,35,40,44,38,22,34,31,42,43,39,35,39,41,34,58,33,41,35,39,34,41,31,35,30,28,30,37,53,31,40,31,40,41,42,36,32,44,42,31,40,40,33,33,41,39,40,51,41,24,42,39,26,41,62,53,40,35,44,35,32,37,42,39,30,34,30,34,34,42,31,37,38,40,41,38,121,33,30,43,39,42,56,33,42,30,36,28,42,43,35,22,34,39,39,35,31,42,41,37,37,28,33,41,36,44,40,30,32,35,32,43,28,31,42,27,36,37,36,46,38,42,29,26,31,32,39,46,41,36,35,38,39,32,29,34,52,35,42,37,32,37,42,89,29,35,31,44,22,28,34,40,36,41,41,41,40,42,46,22,31,36,41,34,37,36,36,35,43,35,49,33,34,37,75,23,35,33,40,32,28,35,28,29,33,32,38,41,40,45,41,42,39,38,38,37,85,42,33,36,22,33,38,26,34,20,42,28,32,41,26,40,32,41,33,37,31,36,29,36,32,31,41,50,37,35,41,35,32,40,38,41,33,41,42,39,41,35,42,35,38,39,35,40,22,42,42,39,34,26,29,32,33,34,36,35,35,42,42,25,41,30,43,98,38,34,35,40,34,32,37,38,37,41,34,34,24,32,37,35,29,42,35,44,38,40,40,31,41,40,36,35,78,34,30,38,31,24,43
29,94,28,18,27,20,18,12,22,24,21,35,18,24,24,0,16,19,25,17,26,25,27,34,26,34,35,22,22,20,27,30,21,21,62,26,22,24,34,23,47,25,19,33,24,20,27,22,28,18,26,31,28,41,30,28,21,15,39,28,27,30,40,26,19,58,22,30,32,27,22,27,19,23,20,23,19,22,49,24,24,19,27,28,25,26,17,48,29,22,25,28,22,20,26,23,27,50,27,17,28,32,16,29,61,59,25,39,41,23,27,24,28,24,20,32,20,27,29,28,24,23,38,26,27,27,118,20,36,39,26,29,55,26,28,37,26,10,28,29,21,17,27,27,29,27,20,27,29,24,26,25,28,27,27,49,24,15,21,22,23,28,23,22,27,10,40,24,24,40,19,42,19,14,31,34,27,43,29,20,23,40,26,23,17,27,53,22,27,24,28,36,27,91,15,22,23,40,8,15,29,27,23,36,32,27,26,28,44,11,20,29,29,25,35,33,24,27,26,21,48,23,19,27,73,8,22,25,35,24,23,28,29,16,20,29,25,30,37,39,27,28,25,34,28,34,83,38,25,23,6,27,29,26,31,12,28,23,22,38,24,27,28,27,31,38,20,34,17,29,25,20,27,51,29,21,27,21,28,38,27,37,31,28,34,27,28,20,27,22,26,24,21,25,4,29,27,27,35,21,12,19,16,19,23,23,23,25,29,23,27,24,28,98,27,35,23,27,31,24,28,26,26,26,22,23,1,19,22,21,13,29,22,30,31,28,26,16,42,27,21,21,78,23,15,26,21,4,28
41,92,33,24,38,36,35,24,29,34,34,37,25,38,24,16,0,29,34,29,39,25,38,45,37,32,36,33,34,33,36,38,33,35,64,37,36,34,37,35,48,38,30,36,35,30,39,35,39,32,35,31,37,47,37,25,31,31,40,39,38,34,38,38,36,62,33,38,35,37,31,39,30,32,24,10,23,36,53,34,38,28,37,39,34,36,28,47,39,34,36,37,35,30,38,40,37,49,38,23,39,34,30,38,64,61,38,40,44,34,35,32,39,36,30,36,33,29,35,40,36,35,34,38,39,37,123,29,38,38,36,36,52,29,38,40,37,27,40,38,35,22,39,38,37,27,29,37,39,36,39,27,37,39,32,51,34,33,30,33,32,39,22,33,37,26,41,35,35,45,33,39,28,24,36,39,36,48,39,35,35,42,38,34,29,34,56,34,39,42,31,35,38,94,29,34,28,45,22,27,29,37,34,37,36,39,42,40,40,26,33,32,36,34,43,27,35,38,36,36,50,28,32,37,81,23,35,33,34,34,30,34,29,30,33,31,34,38,33,48,35,39,36,34,37,40,86,36,33,33,29,33,38,22,31,28,38,30,35,41,26,37,38,39,31,44,32,39,29,35,37,26,38,52,30,30,38,35,38,41,37,42,36,39,40,36,38,35,37,35,34,41,34,36,25,39,38,36,39,19,27,33,29,32,34,32,30,40,35,32,38,35,40,97,35,40,32,39,37,30,38,35,35,39,34,34,17,31,35,34,25,39,34,39,36,37,37,31,36,37,32,31,75,38,30,35,32,26,39
26,91,31,25,25,21,29,23,28,19,19,37,23,25,30,19,29,0,20,19,26,29,25,31,21,32,35,21,22,23,23,26,21,23,61,24,18,27,37,22,41,23,20,39,19,18,25,23,25,21,22,31,22,48,31,32,17,20,43,25,25,29,37,25,26,57,21,24,29,22,19,25,20,18,29,29,29,23,56,20,21,19,24,23,28,26,23,47,26,20,25,22,17,19,25,35,24,53,23,24,25,36,17,25,62,68,24,46,44,23,30,23,25,22,16,36,21,24,38,25,23,18,35,25,25,25,122,19,43,44,23,26,54,28,27,36,22,16,26,25,24,21,30,22,26,30,16,25,27,23,22,21,24,26,28,50,23,22,31,24,18,25,27,23,26,19,41,19,25,52,15,43,26,31,37,38,23,42,24,23,22,40,23,24,22,34,61,23,26,27,35,40,24,96,21,22,30,47,20,26,27,25,27,29,28,26,24,26,39,25,22,38,27,27,41,32,25,22,25,23,51,22,22,21,83,21,21,27,33,20,29,27,34,21,21,31,23,24,36,42,23,25,21,31,27,34,88,36,26,28,22,33,23,31,26,25,25,29,23,35,34,25,29,25,33,33,25,35,33,36,29,22,25,51,28,17,25,23,28,35,25,45,29,24,30,23,26,23,26,24,25,22,22,22,17,24,25,23,38,25,16,15,18,22,26,25,27,28,21,21,24,24,23,101,22,40,23,27,32,26,25,21,18,23,22,22,19,19,25,21,16,26,23,26,32,23,23,22,37,24,27,22,84,23,19,30,23,22,26
13,89,37,30,11,18,31,29,34,15,13,38,31,18,37,25,34,20,0,16,11,32,8,23,7,32,35,12,16,24,8,10,10,15,65,10,12,28,37,12,35,10,10,45,19,11,11,13,12,14,6,36,18,53,31,35,19,23,44,11,11,30,40,10,23,60,12,20,29,10,6,11,22,12,31,36,32,10,60,17,10,21,8,11,24,22,26,46,11,17,9,7,18,13,10,40,7,53,11,27,12,42,18,10,61,71,9,49,46,13,30,22,11,6,17,42,20,25,40,11,20,5,31,7,11,10,131,14,49,46,9,16,54,29,11,41,15,24,12,14,16,28,28,5,28,32,15,20,13,17,17,23,20,11,26,50,21,23,31,15,20,12,30,16,9,26,41,5,16,56,21,43,30,36,42,40,5,42,11,14,12,43,11,24,26,38,66,15,9,22,37,42,11,103,13,10,34,55,26,29,24,8,27,31,29,11,19,12,38,30,16,38,21,27,42,36,20,16,16,13,52,21,10,12,86,27,18,29,27,17,33,26,33,14,12,35,23,20,35,40,16,11,15,30,23,36,91,35,27,28,27,35,21,34,19,30,11,33,20,32,37,8,32,11,36,32,32,34,38,38,31,21,10,50,30,20,10,10,28,32,19,49,32,18,26,6,12,14,9,15,18,16,11,10,25,13,9,8,40,28,21,15,19,17,27,15,27,26,15,21,9,26,21,100,13,41,13,10,36,27,28,5,17,14,12,17,25,16,15,17,22,14,10,16,36,8,8,14,32,10,23,23,85,18,25,29,15,27,11
20,92,30,24,19,15,28,21,27,15,12,32,21,16,34,17,29,19,16,0,16,29,19,28,17,30,33,13,17,15,18,15,12,13,63,16,14,26,40,14,43,14,9,41,20,10,19,14,20,13,18,30,20,46,28,33,11,17,42,19,15,26,37,18,23,59,13,23,29,13,15,16,19,14,26,28,25,15,53,16,15,16,18,19,25,26,23,47,17,16,15,17,17,7,14,32,17,53,18,22,20,30,17,16,64,64,16,41,42,14,26,21,19,13,17,36,14,23,39,19,17,13,30,18,17,18,120,6,46,42,16,19,57,21,19,38,20,16,16,21,15,19,26,15,27,19,15,17,17,16,23,22,22,18,26,50,16,19,30,15,17,20,27,15,19,21,41,11,15,49,21,43,24,28,39,35,14,43,20,14,14,44,18,23,20,24,58,15,19,18,33,40,19,94,13,14,28,46,21,25,23,19,22,29,26,18,23,16,36,26,13,36,24,25,37,30,16,22,14,13,50,15,12,16,83,21,14,22,33,16,26,25,32,11,11,29,23,23,33,37,19,19,12,26,23,33,83,33,23,23,19,30,23,31,22,25,19,26,18,31,31,19,28,16,34,34,26,30,33,32,27,19,14,51,24,12,19,13,26,31,23,45,33,22,27,16,16,13,19,16,16,18,13,16,17,21,19,15,37,25,11,15,15,13,26,13,24,26,17,19,17,25,19,98,12,36,14,18,34,19,24,18,19,16,14,15,17,13,12,10,13,20,14,22,27,17,15,12,32,15,23,12,81,16,16,24,11,21,18
12,99,41,33,9,20,35,30,36,21,15,43,31,19,43,26,39,26,11,16,0,39,7,24,11,35,39,15,19,25,12,12,13,18,67,8,19,30,47,15,40,9,15,50,23,18,9,14,12,15,11,37,20,55,31,41,23,25,48,10,14,35,45,10,27,66,15,24,32,10,12,9,30,17,36,37,35,10,63,20,9,23,11,11,22,26,28,48,8,20,6,9,21,21,8,38,8,61,14,30,12,36,24,11,68,74,11,52,49,15,31,23,10,9,21,44,24,29,45,11,22,14,35,11,9,11,132,19,56,49,9,21,59,34,9,46,19,27,9,13,19,29,29,14,34,31,19,16,11,21,20,29,25,8,29,54,16,23,32,15,25,12,37,18,9,31,45,13,17,59,23,48,33,37,45,42,10,42,12,15,13,48,11,27,29,35,68,15,7,21,38,44,9,106,15,13,37,57,31,32,34,7,29,35,32,8,23,10,41,36,20,41,25,34,45,41,21,22,10,13,54,23,15,18,91,30,18,30,34,20,35,30,40,14,15,37,28,24,38,37,20,10,17,29,30,38,92,39,31,31,28,39,24,39,24,34,9,35,24,35,41,7,33,10,43,40,33,36,43,42,34,30,8,58,35,21,9,14,31,35,23,56,36,21,26,11,10,18,9,17,19,16,11,13,26,18,13,7,44,35,22,19,25,18,31,16,31,19,12,22,9,29,18,108,16,43,15,13,41,29,33,13,21,11,16,19,26,21,17,16,26,14,13,15,37,9,7,15,36,7,27,21,90,19,28,25,17,31,10
40,90,30,22,37,31,28,30,26,31,32,36,19,33,27,25,25,29,32,29,39,0,38,43,36,37,38,32,31,33,36,38,32,33,65,37,32,30,31,33,44,37,28,38,30,28,39,34,38,28,34,30,34,43,36,23,29,29,37,39,36,27,37,37,34,58,32,37,30,35,31,38,26,31,29,22,29,35,51,35,38,26,36,38,34,33,26,44,38,35,36,36,33,27,37,37,36,45,38,20,38,33,28,38,63,57,36,35,43,34,30,36,39,35,28,35,28,30,38,39,34,32,40,36,37,37,120,27,38,41,36,39,54,25,39,35,34,25,39,40,34,23,35,34,35,33,30,40,40,29,35,28,32,38,38,49,33,29,23,34,29,39,14,33,37,26,38,32,33,47,30,40,30,27,33,37,34,48,39,33,33,38,37,32,27,30,56,34,37,29,29,34,40,93,31,33,27,43,24,16,30,38,32,34,38,38,39,39,44,20,32,38,35,30,35,38,32,34,37,34,48,25,30,35,76,25,27,29,33,35,26,30,25,31,31,26,33,37,37,46,36,39,32,33,33,38,81,38,27,29,25,26,34,10,35,18,39,26,30,38,27,38,30,38,31,37,23,38,32,35,26,22,38,49,31,32,37,33,35,38,34,37,35,35,36,36,39,33,37,34,32,38,33,38,25,38,38,36,32,6,27,31,27,31,29,33,27,40,37,32,37,26,37,96,34,35,34,37,34,29,35,33,36,37,32,32,25,19,33,33,26,40,34,41,35,37,36,32,41,37,37,28,81,35,28,30,31,24,40
11,95,41,33,6,20,38,31,35,18,11,42,32,20,41,27,38,25,8,19,7,38,0,24,14,30,34,15,19,24,7,9,13,18,66,7,16,31,44,14,39,6,12,49,24,15,11,15,9,14,9,37,22,59,36,42,19,25,46,11,13,33,43,6,27,64,15,21,33,11,10,8,28,15,33,35,32,11,63,21,9,24,8,10,29,27,30,52,7,21,11,9,22,20,10,42,11,60,15,31,9,42,21,14,67,74,6,52,49,13,33,18,8,7,22,47,23,28,43,8,23,11,30,9,9,7,135,22,55,46,6,17,57,33,5,46,17,26,9,7,19,28,31,12,34,32,20,19,7,22,20,27,25,5,28,55,20,25,35,18,23,9,36,19,6,31,46,12,17,59,24,49,31,38,46,45,8,46,7,16,16,45,11,27,29,35,69,16,3,23,40,44,10,104,15,13,35,59,29,32,33,6,29,30,27,5,25,8,39,34,18,39,22,36,45,37,21,15,15,14,53,27,11,18,87,29,19,35,31,21,34,31,38,17,15,37,20,21,33,42,15,8,18,32,30,37,92,34,33,31,30,38,26,41,23,36,7,34,19,34,41,6,35,7,43,39,31,37,42,41,38,29,6,57,36,21,5,13,30,34,25,55,38,21,29,10,8,17,6,16,19,20,11,14,28,17,12,8,45,34,24,20,25,21,34,18,27,25,17,25,4,33,24,106,18,44,13,13,45,32,34,9,22,8,14,15,27,21,15,21,26,10,13,9,41,8,6,17,31,6,26,27,86,20,28,29,16,32,9
25,99,43,38,24,29,38,36,42,28,28,47,39,28,42,34,45,31,23,28,24,43,24,0,27,45,45,29,27,31,23,24,29,30,72,24,25,38,52,28,36,27,28,52,29,25,18,29,25,28,21,44,29,57,34,45,26,32,53,27,25,41,50,24,26,66,29,23,35,24,25,26,33,25,39,44,38,27,64,23,24,33,22,23,27,27,31,54,26,23,24,22,29,28,23,42,25,62,21,37,25,47,26,25,68,75,26,53,53,30,35,32,27,26,28,51,29,39,47,24,29,29,39,20,23,22,132,29,53,54,23,31,61,37,27,48,21,34,27,23,28,38,36,20,35,35,29,26,24,30,19,34,25,26,28,60,29,29,41,30,32,25,41,29,25,32,51,23,30,60,25,52,38,44,51,49,23,48,23,30,28,53,27,33,35,38,69,29,23,26,46,48,23,106,28,26,43,59,37,38,30,24,37,40,39,26,26,25,51,36,29,46,34,36,47,36,31,24,26,29,59,31,28,27,94,38,30,34,37,24,40,33,48,28,30,47,35,23,47,42,28,27,25,36,36,41,92,49,30,34,35,42,25,47,32,40,27,40,31,40,42,24,37,25,48,41,39,38,46,46,38,36,26,58,40,33,24,28,33,39,27,58,39,25,30,25,25,27,25,29,30,25,28,24,34,22,21,25,53,39,31,28,31,25,36,29,33,28,23,20,25,36,30,109,24,49,29,22,42,34,36,22,24,24,28,28,34,28,29,30,27,21,29,24,43,23,25,28,39,25,25,28,97,29,36,34,29,33,22
14,95,35,27,13,15,35,30,31,19,13,41,30,15,38,26,37,21,7,17,11,36,14,27,0,37,39,9,13,26,13,11,7,12,62,12,17,30,44,9,40,11,12,47,21,13,13,10,15,14,11,39,20,53,32,39,23,23,41,13,14,32,42,13,23,57,9,21,29,11,9,11,27,18,35,34,35,10,57,17,11,23,11,11,27,22,30,50,11,17,11,11,15,20,12,41,11,57,12,24,15,41,19,9,67,68,12,48,43,10,27,22,13,9,18,43,17,31,43,14,17,13,35,10,13,12,128,19,49,50,11,21,58,33,15,39,20,21,11,16,13,26,25,9,29,33,16,22,15,14,21,24,17,14,26,47,21,23,27,12,22,15,34,17,13,26,38,12,13,53,21,49,27,36,42,41,12,45,14,12,8,46,4,21,23,37,63,12,13,19,34,39,14,100,14,7,31,54,27,26,30,14,24,36,34,14,22,14,43,30,13,37,24,33,39,37,17,20,15,10,54,24,13,16,86,28,21,33,32,17,30,31,37,15,9,33,24,21,39,42,22,13,16,33,30,34,88,40,30,33,27,32,23,38,22,30,13,30,17,33,39,14,29,11,41,36,34,35,38,37,33,28,13,55,34,17,13,7,25,33,23,53,35,22,28,11,14,11,13,13,15,18,6,15,25,14,13,12,44,32,21,16,26,18,29,15,31,26,14,21,12,32,24,105,14,38,10,15,40,31,29,10,14,13,10,14,26,20,15,16,22,15,7,18,38,13,12,15,36,12,23,26,87,15,22,29,12,27,13
39,89,35,32,32,37,36,36,38,30,33,41,35,41,38,34,32,32,32,30,35,37,30,45,37,0,23,35,35,36,34,40,34,37,62,35,32,31,43,38,48,34,32,48,35,33,39,37,37,34,36,36,37,57,42,42,34,28,43,36,37,37,34,34,41,60,35,39,37,36,33,37,33,28,30,33,29,36,60,38,37,30,36,38,39,41,33,54,38,38,33,36,35,32,38,40,35,56,40,33,37,40,34,39,65,74,34,51,44,36,40,26,35,31,37,46,32,18,39,36,37,30,22,38,37,34,131,32,48,46,35,26,56,34,32,39,29,33,39,34,40,33,43,38,39,29,34,36,37,37,30,35,39,33,38,49,32,32,38,38,28,37,33,33,34,32,42,33,39,57,40,44,35,36,43,41,35,49,35,38,38,41,38,38,33,37,68,39,33,40,37,46,37,106,33,37,34,56,32,34,33,32,39,22,19,33,43,36,31,35,37,40,32,33,49,40,40,36,36,38,46,33,32,35,85,32,33,34,36,38,38,29,36,32,33,40,25,39,6,41,22,35,32,37,30,42,88,23,37,36,32,35,39,36,38,37,34,38,35,37,36,32,40,37,41,40,34,39,41,38,37,32,34,49,38,37,33,37,39,37,38,51,38,40,32,36,36,38,34,38,40,36,36,35,31,39,40,33,41,32,32,35,33,34,37,36,35,36,42,37,32,29,38,103,33,39,36,37,40,30,41,33,36,33,37,35,34,34,37,31,33,37,36,34,44,35,32,35,13,36,35,35,84,41,33,35,34,35,37
42,92,36,36,38,38,35,39,35,29,37,44,39,42,41,35,36,35,35,33,39,38,34,45,39,23,0,36,36,38,40,43,36,38,61,39,34,37,45,39,41,36,34,49,39,34,40,39,41,35,39,35,38,60,38,41,36,35,44,41,39,26,37,38,42,59,36,42,40,37,39,39,34,31,32,36,33,39,63,39,39,32,38,39,39,40,31,51,41,39,38,38,36,32,42,43,37,57,40,35,39,42,37,40,63,76,35,55,50,38,39,31,37,34,40,44,33,20,43,39,40,29,30,40,41,39,132,33,50,46,40,35,54,35,36,37,37,36,41,38,41,37,42,37,36,37,37,41,40,40,35,35,42,35,35,52,36,33,37,40,30,41,37,35,40,32,43,32,40,58,41,42,37,38,48,38,36,46,37,39,39,40,40,39,37,37,67,40,40,41,39,48,40,102,36,38,35,59,36,36,35,40,40,22,22,35,41,39,31,37,38,42,33,33,44,35,41,38,40,40,42,36,35,35,87,35,36,33,37,39,38,27,44,34,35,39,28,42,24,44,27,37,32,33,30,40,86,2,36,35,34,34,37,37,35,39,38,38,34,38,36,40,38,39,41,41,37,43,44,43,36,32,38,48,40,38,38,39,41,37,36,53,33,38,35,40,40,39,40,40,41,36,38,36,34,43,42,40,44,36,35,37,36,37,35,38,37,37,43,38,36,29,40,105,36,41,38,37,39,35,40,36,38,37,38,36,35,35,39,33,35,39,38,38,42,38,37,37,27,41,36,35,89,42,36,35,38,37,41
16,94,28,18,15,10,35,26,26,17,9,39,27,11,33,22,33,21,12,13,15,32,15,29,9,35,36,0,6,22,15,13,2,8,62,14,18,30,44,5,42,13,8,44,21,10,15,6,17,11,14,36,20,51,28,35,19,23,40,17,18,30,40,15,21,58,1,21,28,12,8,13,25,15,30,30,30,5,52,15,14,23,14,14,25,24,30,48,14,15,13,14,11,16,15,39,14,55,15,19,17,40,16,12,66,64,14,44,38,6,22,17,17,12,15,38,9,28,43,16,9,11,35,15,15,14,122,15,44,47,13,21,58,29,17,37,21,15,12,18,8,22,20,13,26,29,12,22,17,14,22,22,18,16,25,47,20,19,23,8,20,17,30,14,15,24,38,11,11,48,20,46,21,32,42,39,14,44,16,10,5,46,10,12,17,34,60,7,15,17,27,38,15,96,9,4,25,51,22,20,28,15,18,33,32,16,20,16,40,27,5,36,23,33,34,34,15,21,17,6,50,20,11,17,83,23,17,30,33,15,24,28,33,9,1,30,23,21,37,42,22,17,16,31,27,34,86,37,25,29,23,27,21,34,18,27,17,24,8,34,34,15,24,13,39,36,31,34,34,33,33,26,15,52,31,14,15,3,22,34,23,49,32,22,29,15,16,5,15,8,13,19,4,17,21,16,16,14,41,28,17,15,22,14,27,11,28,27,18,16,14,29,23,101,14,29,6,16,38,28,25,13,14,14,7,9,22,16,11,12,18,17,3,18,34,15,14,12,35,14,21,21,86,11,16,30,9,23,15
20,95,29,18,19,9,35,26,26,18,14,39,27,12,35,22,34,22,16,17,19,31,19,27,13,35,36,6,0,22,19,17,8,9,65,18,13,32,45,9,42,16,12,45,22,12,19,9,21,15,18,37,19,52,30,36,19,22,38,21,16,29,41,18,22,58,7,19,31,16,12,17,26,18,30,31,30,9,52,16,18,22,18,18,27,25,30,51,18,16,17,18,12,16,19,37,18,56,19,17,20,41,13,16,67,63,18,45,35,9,21,18,19,17,15,38,8,28,46,19,12,14,31,19,19,18,123,16,47,47,17,22,57,30,21,36,23,15,16,20,5,23,19,17,27,29,15,18,20,17,24,23,21,20,27,48,21,18,22,14,19,21,29,15,19,26,39,17,13,48,23,47,20,32,44,40,18,47,19,15,9,47,14,13,16,35,61,15,19,20,26,40,17,96,16,8,24,52,22,16,29,19,15,33,31,20,23,19,40,26,9,34,26,34,33,34,17,21,19,14,51,20,14,19,81,23,20,28,34,16,23,29,33,10,7,32,22,19,37,41,23,19,12,30,27,35,86,37,27,30,23,23,21,34,19,27,19,23,11,35,35,19,25,17,37,35,32,37,34,34,34,27,18,53,32,15,18,9,23,35,23,48,35,24,31,19,19,9,19,14,16,19,8,16,20,21,20,18,42,27,18,12,23,17,27,13,28,29,17,19,19,32,21,101,16,30,9,17,39,29,26,17,16,18,10,10,22,16,14,13,19,20,8,21,35,18,18,12,35,18,22,21,86,13,17,29,11,23,19
26,97,34,24,26,22,32,23,27,22,25,33,22,23,35,20,33,23,24,15,25,33,24,31,26,36,38,22,22,0,26,23,21,22,62,23,24,27,43,23,44,21,19,43,24,18,26,22,27,24,25,29,27,50,32,35,13,17,44,27,23,28,39,24,30,61,22,27,34,23,24,19,19,22,29,27,30,23,55,23,25,12,25,24,27,32,25,48,23,24,26,25,23,13,23,35,25,58,28,21,26,31,22,20,67,65,23,42,45,23,29,28,25,24,22,41,20,29,42,25,24,21,39,26,24,24,122,14,49,44,21,24,56,28,27,42,23,16,20,23,24,21,29,22,32,26,21,29,25,24,25,26,26,25,31,51,21,24,30,21,20,27,31,22,25,25,41,21,20,51,21,49,23,32,42,38,24,47,24,22,24,48,25,28,17,29,57,21,25,23,35,40,22,95,22,23,28,48,23,24,30,25,24,33,33,25,25,24,42,28,22,35,28,30,39,28,20,24,24,21,49,18,23,27,86,23,21,22,37,23,28,32,37,22,20,33,26,27,39,41,27,25,19,31,31,33,83,40,29,26,23,34,25,33,26,27,24,28,23,34,35,25,32,21,31,39,21,35,35,37,28,23,23,53,25,16,25,22,29,34,28,47,34,23,31,25,24,23,25,22,21,25,22,22,20,28,25,25,36,29,14,21,14,18,32,20,28,28,27,26,25,30,25,99,20,40,23,24,38,26,27,24,25,23,23,24,20,16,20,20,16,28,22,24,30,24,24,23,39,23,30,19,81,23,18,28,20,23,26
10,93,39,33,6,21,34,31,35,17,14,42,32,21,39,27,36,23,8,18,12,36,7,23,13,34,40,15,19,26,0,10,13,18,68,6,16,33,43,15,35,9,12,46,23,14,7,14,8,15,9,32,20,56,34,39,20,23,47,9,13,35,44,6,26,66,15,21,32,13,8,7,24,15,35,37,34,11,63,20,5,26,4,8,25,26,31,47,7,20,11,4,22,18,7,42,5,58,11,30,8,40,20,12,62,74,4,52,49,14,33,23,9,5,19,42,23,27,45,7,23,11,36,9,8,6,134,17,52,47,6,19,57,30,6,44,15,26,9,12,19,29,31,11,28,33,17,17,9,21,17,26,25,5,28,55,19,26,34,16,25,8,34,19,5,30,46,10,18,59,23,45,31,39,46,43,7,44,8,16,15,43,9,27,27,39,68,16,8,23,40,44,12,106,15,13,35,58,27,32,30,7,29,33,33,5,19,8,41,33,19,41,26,33,45,38,21,19,13,14,55,25,12,17,89,30,19,32,27,20,36,29,37,17,15,37,24,21,38,43,18,9,19,33,28,39,92,38,29,28,30,38,24,38,23,33,8,36,23,33,39,7,35,8,38,35,31,37,41,41,34,26,8,53,30,22,4,13,31,33,21,53,34,19,27,8,8,17,5,16,20,21,11,12,28,15,10,6,44,32,24,17,21,20,29,16,27,25,17,24,5,31,24,104,17,44,15,11,41,24,28,9,22,13,15,20,27,20,16,19,25,12,13,14,35,5,8,17,37,6,26,26,90,21,28,27,15,30,8
14,97,38,32,10,19,36,34,34,19,14,41,31,20,42,30,38,26,10,15,12,38,9,24,11,40,43,13,17,23,10,0,11,16,67,10,20,33,46,13,37,13,14,51,24,15,12,13,14,17,9,35,19,57,35,41,21,26,46,12,14,33,40,12,27,64,13,21,33,12,12,10,26,17,38,37,37,13,62,21,12,24,9,12,27,27,33,48,7,20,10,10,21,21,10,43,11,60,11,27,14,41,23,9,65,73,12,50,48,13,32,27,12,10,22,48,21,31,47,13,22,13,37,10,12,10,133,18,53,48,9,23,57,29,12,45,21,25,10,12,18,29,30,12,32,36,19,20,13,20,23,29,24,11,28,54,19,27,33,15,23,14,36,21,12,32,45,11,16,58,25,49,33,41,47,41,10,43,14,15,14,45,12,26,28,38,67,15,8,21,39,43,15,105,17,11,37,59,30,31,30,9,28,40,37,11,21,12,44,35,18,40,27,36,44,38,20,21,13,13,53,27,14,17,90,31,22,34,30,22,35,31,38,17,13,36,30,21,42,41,25,12,15,33,32,38,90,43,33,32,31,37,24,41,25,35,11,35,23,27,40,9,34,10,42,36,35,35,42,39,35,30,12,55,32,20,11,11,30,27,22,55,37,21,27,11,12,15,12,16,18,19,13,17,28,14,14,9,42,34,24,19,25,23,31,16,29,26,18,25,10,36,25,107,15,43,14,12,43,30,32,9,21,10,14,19,30,22,16,18,27,9,11,14,39,11,10,17,38,9,28,26,88,21,26,27,16,32,11
14,94,28,20,14,10,35,25,25,17,9,39,26,11,33,21,33,21,10,12,13,32,13,29,7,34,36,2,8,21,13,11,0,9,62,12,18,30,44,5,42,11,8,44,21,10,14,5,15,11,14,36,20,51,28,35,20,23,40,15,18,30,40,13,21,58,2,22,28,12,11,11,25,14,29,29,29,3,52,15,12,23,12,13,25,24,30,48,11,15,14,13,13,16,14,38,12,55,15,19,15,39,16,12,66,64,12,44,38,5,22,18,15,10,15,39,10,27,43,14,10,11,35,12,13,12,122,15,44,47,12,20,58,29,15,37,21,15,10,15,9,21,20,13,26,28,12,21,15,14,22,22,18,14,25,47,19,20,23,7,20,15,30,13,13,24,38,13,11,48,20,46,22,32,42,39,11,44,14,9,5,46,7,14,18,34,60,7,13,17,29,38,15,96,8,3,26,51,23,21,28,13,18,32,31,14,21,14,40,27,6,36,23,33,34,34,15,21,16,5,51,20,10,17,83,23,16,30,33,15,25,28,33,8,2,29,22,22,37,42,21,15,16,31,27,34,86,37,25,29,23,27,21,34,18,27,15,25,10,34,34,13,24,11,39,36,30,34,34,33,33,26,13,52,31,14,13,1,22,34,23,49,32,22,29,14,14,6,13,7,13,19,2,16,21,16,13,10,40,28,16,15,22,13,27,10,28,26,18,16,12,28,22,101,14,31,5,16,38,28,25,13,14,12,7,9,21,16,10,11,18,17,1,17,34,13,12,11,35,12,21,21,86,11,16,29,8,23,13
19,96,32,23,18,12,34,25,27,19,9,40,27,14,36,21,35,23,15,13,18,33,18,30,12,37,38,8,9,22,18,16,9,0,65,17,18,31,45,10,42,16,10,44,19,10,18,13,20,12,17,36,21,51,30,37,19,22,40,20,20,32,42,18,22,59,8,23,31,15,13,16,25,16,30,31,30,10,53,16,17,22,17,17,27,25,28,51,17,16,16,17,15,16,18,38,17,57,18,20,20,40,16,15,67,64,17,44,40,13,24,18,20,15,17,37,13,30,46,19,14,14,34,18,18,17,124,15,47,49,16,24,59,29,20,39,22,15,15,21,11,23,23,16,27,29,13,25,20,17,22,23,21,19,28,49,22,18,25,12,22,20,31,14,18,25,40,16,13,49,23,48,21,31,44,41,17,47,19,11,10,48,13,18,17,34,60,10,18,20,30,40,18,96,13,9,25,51,21,22,28,18,21,35,33,19,24,19,42,26,11,34,27,33,36,34,17,21,18,13,53,20,12,18,83,22,18,30,34,16,24,30,35,13,8,30,24,23,39,42,23,20,16,32,29,32,86,39,27,29,22,29,24,35,22,26,20,24,15,34,36,18,27,16,39,36,32,37,33,35,33,26,18,54,31,14,18,9,22,34,25,50,35,23,31,18,19,9,18,11,16,19,9,17,20,20,19,17,42,29,17,12,22,17,28,13,29,29,19,20,17,32,23,101,16,34,11,18,41,28,25,16,11,16,10,12,21,17,13,13,18,20,9,22,34,18,17,14,37,17,23,21,87,15,15,30,11,22,18
69,83,58,56,68,64,63,63,61,62,67,61,60,62,60,62,64,61,65,63,67,65,66,72,62,62,61,62,65,62,68,67,62,65,0,67,66,59,60,64,73,66,66,62,67,64,68,63,70,66,65,57,67,66,71,66,64,59,56,67,66,54,51,68,70,60,62,69,66,66,67,66,62,63,62,62,62,65,58,66,66,60,67,65,67,66,63,64,67,66,63,64,58,65,68,69,68,63,67,60,70,58,66,66,64,58,68,66,59,62,62,64,67,65,65,67,61,56,60,69,61,65,60,67,67,66,117,64,61,57,66,68,49,59,69,53,66,60,63,70,64,59,65,67,69,66,62,72,70,62,65,64,63,68,65,53,66,64,61,63,58,70,63,67,67,60,57,66,64,64,68,54,60,61,61,57,68,61,69,62,64,59,64,63,61,61,57,62,67,64,61,60,66,87,64,64,61,63,60,59,60,66,62,64,64,68,70,69,70,63,62,61,63,61,61,65,64,68,68,62,53,62,66,66,82,60,65,63,68,67,59,59,61,67,62,59,64,69,63,66,65,67,64,60,67,52,76,63,68,66,62,60,65,63,69,62,67,59,62,64,59,66,63,66,62,60,60,57,61,59,67,63,67,53,67,60,68,64,62,63,65,53,60,68,62,68,69,64,67,65,64,66,64,66,62,68,69,68,60,62,63,66,64,65,67,65,64,68,69,65,66,58,68,84,62,59,64,68,61,64,68,65,62,65,64,67,62,66,64,60,63,69,65,71,65,67,66,67,66,67,64,65,74,63,59,63,63,62,69
5,95,39,32,5,20,36,30,35,20,12,43,32,20,40,26,37,24,10,16,8,37,7,24,12,35,39,14,18,23,6,10,12,17,67,0,18,33,45,14,37,6,14,49,24,16,6,14,3,15,10,35,22,57,35,40,22,24,46,8,12,33,43,1,25,65,14,21,32,11,10,4,26,18,34,36,33,10,62,19,8,24,7,4,26,25,32,48,6,19,9,7,21,20,7,38,8,59,11,29,3,38,21,10,65,73,6,50,48,14,32,23,8,5,20,45,22,29,45,2,22,15,35,11,3,7,132,19,53,49,5,18,59,32,7,44,19,25,8,9,18,28,30,10,32,31,18,16,6,20,21,27,24,6,27,54,19,25,33,16,23,4,35,17,2,29,45,13,16,58,22,47,32,37,45,41,9,44,6,16,14,47,8,26,28,38,67,16,6,21,39,43,12,105,15,12,36,57,28,31,31,6,28,35,32,6,23,4,42,34,18,40,24,35,44,38,20,18,13,14,53,24,12,18,88,28,18,34,31,19,35,29,38,15,14,36,25,21,38,41,20,8,16,31,29,38,91,39,31,31,28,37,24,39,23,34,7,35,21,33,39,6,34,2,42,36,33,35,41,40,36,28,5,55,34,21,3,12,30,33,21,54,35,21,27,10,3,16,2,16,18,19,10,14,26,15,11,8,43,33,22,18,24,18,31,16,30,23,15,23,3,31,22,106,15,43,14,11,43,30,32,10,21,9,14,17,26,20,16,17,24,12,12,11,39,7,5,15,36,4,27,24,88,20,27,27,15,30,5
22,89,36,30,19,17,31,26,33,13,16,40,31,21,36,22,36,18,12,14,19,32,16,25,17,32,34,18,13,24,16,20,18,18,66,18,0,31,38,18,39,18,14,43,21,12,18,20,20,15,16,35,16,55,34,38,20,23,42,19,17,29,40,18,25,61,18,24,31,15,15,20,22,8,34,35,33,19,61,19,16,21,17,18,26,26,27,48,20,19,18,14,16,15,18,42,16,56,17,28,20,40,12,20,61,72,17,50,44,20,28,24,19,14,14,41,19,23,43,19,22,11,28,18,19,19,132,16,50,48,17,19,53,31,19,40,17,22,21,20,15,27,30,17,29,33,15,21,21,21,19,24,25,19,30,52,21,22,31,17,19,20,30,18,17,26,43,12,19,57,25,41,31,34,45,39,15,44,18,16,18,41,19,22,27,38,67,16,17,25,37,43,17,104,13,18,35,54,25,26,26,16,25,29,28,19,23,20,37,30,18,39,24,30,42,37,20,15,14,20,53,23,16,12,85,29,18,30,29,19,34,25,35,15,17,32,23,24,36,39,16,19,12,27,22,38,92,32,30,30,25,34,20,34,24,30,19,34,21,35,37,16,34,20,38,31,31,37,36,39,33,24,18,49,30,22,18,19,31,35,19,50,32,22,26,16,20,17,17,19,20,17,18,15,27,19,15,16,40,28,22,10,21,16,28,18,27,28,18,23,17,21,20,102,16,41,20,21,37,27,28,15,20,15,17,21,22,16,18,14,23,22,19,21,36,15,16,16,33,18,24,25,86,22,25,31,17,25,20
35,90,29,26,33,31,27,30,32,27,32,35,24,30,34,24,34,27,28,26,30,30,31,38,30,31,37,30,32,27,33,33,30,31,59,33,31,0,36,32,44,32,28,42,28,28,34,31,33,32,32,26,30,48,38,35,26,20,40,33,32,28,37,33,34,57,30,34,32,30,30,33,24,27,33,33,32,31,55,32,34,21,32,33,31,31,22,43,33,32,29,31,28,27,34,34,32,51,33,29,33,38,31,31,64,67,32,44,46,32,30,29,33,30,32,38,28,26,35,32,29,29,39,32,31,33,126,26,45,41,32,36,54,26,33,38,28,22,31,33,32,27,33,30,32,30,31,36,36,29,31,26,26,32,31,48,25,30,25,30,23,33,28,34,32,22,39,30,33,51,32,44,25,33,38,38,32,42,33,30,32,41,33,31,25,33,60,30,32,33,34,36,30,98,30,31,30,51,23,30,29,31,34,36,35,32,34,35,42,26,30,28,30,26,40,33,33,32,28,30,48,26,30,30,87,29,30,29,36,33,27,29,34,32,29,28,28,34,33,39,29,33,29,29,28,31,83,37,31,30,23,34,32,30,31,24,33,27,31,35,32,31,31,33,39,39,24,30,34,39,28,22,34,51,29,29,33,32,29,35,26,47,33,33,32,31,35,31,32,33,33,27,32,29,23,34,35,32,37,26,26,31,25,28,29,33,29,30,35,31,32,29,33,102,23,37,34,32,34,26,31,30,22,33,32,32,24,29,32,30,26,35,33,34,33,31,33,33,36,33,32,30,79,31,25,23,31,24,35
48,86,38,34,44,40,29,41,37,39,43,36,35,45,36,34,37,37,37,40,47,31,44,52,44,43,45,44,45,43,43,46,44,45,60,45,38,36,0,44,49,45,41,24,42,41,47,45,46,42,42,30,42,42,46,34,39,33,41,46,43,34,32,44,47,54,44,44,43,41,42,46,40,36,35,34,35,45,47,43,45,30,43,46,46,47,33,43,46,44,43,42,41,37,45,42,42,48,45,37,46,35,39,46,49,59,43,46,46,46,43,43,46,41,39,45,41,37,36,47,43,39,45,43,45,45,117,38,31,32,44,44,48,38,45,37,39,35,47,46,42,32,41,40,46,39,43,47,48,43,42,40,45,45,46,46,43,42,35,45,35,46,31,45,45,35,36,36,43,45,46,35,39,30,30,36,40,47,46,42,44,36,46,43,38,38,47,44,45,46,37,40,47,90,43,44,41,45,35,36,41,44,44,47,46,45,47,47,44,35,42,39,43,33,44,39,43,34,44,44,42,40,41,40,74,36,41,37,40,43,33,39,30,44,44,34,42,44,44,47,45,46,41,41,44,45,82,44,41,41,34,35,44,36,42,29,45,33,44,43,37,44,42,46,32,40,34,43,19,33,37,34,45,44,35,44,44,44,42,43,41,31,40,42,46,43,47,44,45,45,45,40,44,43,34,44,45,43,21,32,40,40,32,40,41,42,38,44,47,45,44,28,47,95,43,43,46,44,36,38,44,40,44,45,40,43,35,39,43,43,40,48,45,47,36,43,43,44,46,45,46,40,70,44,40,43,42,32,46
16,96,30,22,13,8,35,27,25,18,11,40,27,10,35,23,35,22,12,14,15,33,14,28,9,38,39,5,9,23,15,13,5,10,64,14,18,32,44,0,41,13,11,45,22,11,15,2,17,11,14,38,18,52,29,36,21,23,40,17,17,32,41,15,20,57,3,19,30,9,11,13,26,16,32,33,32,5,52,14,14,23,14,14,25,23,30,50,12,14,11,14,15,17,15,40,12,55,15,16,17,40,16,13,66,65,14,45,38,2,22,19,17,12,16,40,11,31,45,16,12,11,33,15,15,15,123,16,46,48,13,21,58,30,15,39,20,20,12,18,8,25,20,14,26,31,15,21,17,15,21,22,19,14,26,47,21,20,23,6,22,17,31,14,14,26,38,11,10,48,21,48,22,33,43,41,14,44,16,9,2,48,10,16,18,35,61,7,14,16,29,37,16,97,12,4,26,52,24,21,29,14,23,36,34,14,22,16,42,27,8,36,25,34,34,35,12,21,15,2,53,21,10,16,83,25,20,31,33,14,25,30,34,12,9,33,25,19,40,42,22,17,17,32,29,35,85,40,27,31,24,27,22,35,17,27,17,25,12,33,36,14,24,13,40,36,33,35,35,34,34,27,16,54,32,14,13,5,24,33,22,50,34,21,28,15,16,5,14,6,13,15,4,17,23,15,15,12,43,29,17,16,24,16,27,6,29,25,16,18,13,32,23,102,14,33,12,16,40,29,26,13,14,15,8,9,23,17,6,13,19,18,5,18,35,16,15,12,37,12,20,23,87,10,21,29,12,24,15
41,95,42,43,37,40,43,47,49,38,37,49,48,39,41,47,48,41,35,43,40,44,39,36,40,48,41,42,42,44,35,37,42,42,73,37,39,44,49,41,0,38,39,49,40,38,38,40,41,40,36,45,42,61,42,41,35,43,47,41,32,41,43,37,33,68,42,42,40,39,36,39,35,41,46,50,45,39,66,36,34,42,34,39,43,36,46,45,37,36,38,37,45,39,39,52,37,62,37,45,41,49,37,39,67,77,34,56,53,41,38,43,41,35,37,54,42,39,51,40,42,39,47,30,38,36,133,40,53,54,36,42,58,41,40,42,33,44,40,39,39,45,40,37,47,49,41,42,42,38,33,38,34,40,35,61,43,43,47,42,42,41,44,42,38,41,47,35,41,61,38,51,45,49,51,44,36,46,41,42,41,50,40,41,44,50,70,41,38,40,45,51,40,108,41,41,49,61,43,45,41,39,45,46,45,40,41,41,53,48,42,49,39,43,47,45,42,33,41,41,54,39,37,37,95,44,41,46,37,36,47,31,42,42,42,45,44,42,48,46,41,41,39,42,40,41,95,41,42,41,43,40,43,44,42,46,40,47,42,37,38,39,39,39,45,43,46,46,50,49,43,42,39,54,45,44,37,39,41,36,35,57,41,35,40,31,41,40,38,42,42,41,41,38,43,40,41,37,50,43,45,40,42,42,40,42,39,46,37,33,38,45,43,110,39,43,41,32,45,39,44,36,42,37,40,42,47,38,42,44,39,37,42,40,48,38,37,41,45,37,41,45,92,41,43,44,41,45,41
9,95,37,31,7,19,37,29,34,20,11,42,32,19,40,25,38,23,10,14,9,37,6,27,11,34,36,13,16,21,9,13,11,16,66,6,18,32,45,13,38,0,14,48,24,16,7,12,10,13,11,36,22,56,33,40,23,24,45,7,14,33,43,5,24,64,13,18,32,12,10,4,27,18,31,35,32,9,61,18,8,24,8,7,26,24,31,48,9,18,9,8,20,20,8,38,8,59,12,27,9,39,20,7,65,72,4,48,47,12,31,21,6,4,19,43,21,28,44,6,21,13,34,12,8,7,130,19,52,50,4,17,59,33,9,42,20,24,9,9,17,28,29,10,31,32,17,17,6,19,20,26,23,6,27,53,20,24,32,14,23,10,35,17,9,28,44,13,16,57,21,47,30,36,44,41,9,45,7,15,13,47,8,25,27,36,67,15,7,20,38,43,12,103,14,11,34,56,27,30,31,8,27,32,31,6,22,5,41,32,17,39,23,34,43,35,20,20,13,13,54,25,11,18,86,27,18,32,32,18,33,29,38,15,13,36,23,18,37,41,19,6,14,32,30,37,91,38,30,31,27,36,23,39,23,33,7,33,18,33,39,8,33,4,42,38,33,35,40,39,36,28,5,55,34,21,6,11,29,33,21,54,34,22,27,11,5,15,9,14,18,18,9,14,25,16,11,8,41,33,21,17,24,17,30,14,31,23,16,22,6,30,22,106,13,42,12,13,42,31,31,11,20,9,13,14,25,20,16,15,23,9,10,11,39,7,5,15,35,5,25,25,87,19,26,27,14,29,8
16,91,33,25,13,14,30,23,28,14,4,35,20,17,34,19,30,20,10,9,15,28,12,28,12,32,34,8,12,19,12,14,8,10,66,14,14,28,41,11,39,14,0,37,16,2,16,11,14,12,12,32,19,48,27,32,14,21,43,14,16,30,40,12,21,60,8,22,27,13,6,14,19,13,22,29,21,10,55,15,14,21,11,13,25,24,28,48,13,15,13,12,17,10,14,36,11,53,14,23,14,36,15,14,63,64,12,40,42,11,26,19,14,12,14,37,15,24,42,13,16,7,32,11,13,12,124,11,45,43,14,20,55,25,14,40,19,18,13,15,14,21,25,15,26,25,12,22,17,17,21,22,21,14,24,50,18,19,27,12,20,14,26,14,12,23,41,11,13,51,20,43,25,30,41,39,14,43,14,12,11,44,12,20,21,32,60,12,12,19,33,40,13,94,10,10,29,48,21,25,23,12,22,30,28,14,23,16,37,25,13,35,24,28,38,31,17,19,16,11,52,14,9,16,82,21,15,25,30,15,28,25,30,9,7,29,20,22,35,40,19,14,15,29,24,34,86,34,23,24,21,31,23,30,20,25,14,28,17,34,33,12,29,14,34,32,26,35,32,33,29,20,15,49,27,14,12,9,26,34,23,45,33,20,28,14,16,11,12,12,16,20,9,15,19,17,16,13,41,24,13,12,16,12,27,13,23,26,19,18,14,27,22,93,14,36,11,13,37,22,20,11,16,14,10,15,19,12,13,15,15,18,9,19,31,12,14,12,33,14,22,18,86,17,18,27,9,21,16
51,86,36,36,48,45,32,37,44,44,46,43,29,47,33,33,36,39,45,41,50,38,49,52,47,48,49,44,45,43,46,51,44,44,62,49,43,42,24,45,49,48,37,0,45,35,49,47,51,44,49,33,46,41,47,39,41,43,44,51,48,41,40,49,48,57,44,49,47,48,43,48,39,46,37,41,37,47,49,45,46,40,48,48,45,47,40,44,51,45,47,47,47,40,49,36,48,49,49,38,51,35,41,48,46,51,47,37,46,47,46,48,51,46,39,44,44,41,41,50,44,43,50,49,50,50,112,41,28,40,46,52,51,40,49,36,42,39,52,52,47,38,49,48,44,43,40,49,52,48,43,40,49,48,50,48,48,41,37,47,44,51,34,45,49,38,35,46,48,46,41,37,42,29,32,39,47,47,49,48,45,35,48,44,38,28,42,47,49,46,37,42,50,83,43,45,45,43,38,33,42,49,46,46,50,48,48,51,53,30,45,42,48,40,47,48,48,44,49,47,48,37,43,45,72,39,46,41,47,47,41,43,36,43,43,38,48,49,49,50,46,51,44,50,42,47,82,50,39,42,37,37,46,41,49,30,51,41,46,50,35,49,47,50,32,46,34,48,27,33,40,36,51,46,43,45,48,46,45,50,45,34,44,47,51,47,51,46,49,47,48,49,45,48,37,49,51,47,36,29,39,40,41,40,43,48,39,47,49,42,49,41,52,89,45,41,47,47,39,38,46,47,46,49,47,45,34,41,48,46,38,50,46,53,40,48,49,44,51,49,50,42,81,48,41,47,45,35,50
26,93,38,29,23,22,26,26,34,18,19,38,28,24,38,24,35,19,19,20,23,30,24,29,21,35,39,21,22,24,23,24,21,19,67,24,21,28,42,22,40,24,16,45,0,16,24,23,25,12,21,36,22,45,23,35,20,21,45,23,23,29,40,23,23,62,21,26,27,22,19,24,23,21,32,34,31,23,58,17,23,22,22,24,31,24,31,49,24,18,22,22,22,18,24,42,22,55,24,29,25,39,19,24,67,69,22,37,46,23,31,25,23,21,19,43,23,30,46,24,23,19,34,23,23,21,127,19,44,45,23,25,57,29,25,42,21,23,23,27,23,26,20,18,28,33,19,20,27,15,23,26,20,24,21,51,25,22,30,24,21,25,29,25,23,21,42,20,23,51,21,47,29,33,39,38,22,42,25,23,22,46,23,22,25,38,57,23,23,15,36,40,21,97,20,22,35,45,25,29,25,24,27,36,33,24,24,26,42,23,22,37,23,26,41,30,22,22,22,23,55,20,18,21,86,23,21,25,32,16,33,26,34,17,20,35,21,26,37,42,25,23,22,32,26,33,90,39,29,29,23,34,20,35,26,23,23,33,21,31,36,24,32,24,38,33,34,34,34,40,26,25,24,51,28,21,23,22,27,32,26,48,34,24,29,23,26,22,23,23,23,21,22,22,24,25,26,23,43,27,20,18,21,21,30,22,28,30,22,19,24,30,27,101,19,37,23,23,35,28,24,20,17,22,22,23,23,20,22,18,16,26,22,28,35,22,23,17,27,24,24,25,86,21,23,31,16,23,26
18,91,33,25,14,14,30,24,29,14,12,35,19,17,34,20,30,18,11,10,18,28,15,25,13,33,34,10,12,18,14,15,10,10,64,16,12,28,41,11,38,16,2,35,16,0,17,12,14,12,14,32,17,48,27,32,14,21,43,15,16,30,40,14,21,60,10,21,26,13,10,16,19,14,23,30,22,14,55,15,15,21,13,14,25,24,28,48,16,15,15,11,17,10,13,37,13,53,13,23,14,35,15,15,63,64,14,40,42,12,26,19,15,14,11,37,15,25,42,15,16,9,32,14,15,15,124,11,45,43,15,20,55,25,16,40,19,19,17,15,14,22,25,16,26,26,10,22,19,17,21,22,21,16,24,50,19,19,27,15,20,14,26,15,15,23,41,11,13,51,20,43,25,30,41,39,13,43,14,16,11,42,14,20,21,31,60,12,15,20,33,40,16,94,11,11,29,46,21,25,23,15,25,31,29,16,23,18,37,25,13,35,24,28,38,31,17,18,16,12,52,14,8,16,82,22,16,25,30,15,28,25,30,10,9,32,21,21,35,40,20,15,15,29,24,34,86,34,23,24,21,31,22,30,20,25,14,28,17,34,33,15,29,16,34,32,25,35,32,33,29,20,17,49,27,14,14,12,26,34,23,45,33,20,27,14,18,12,15,15,16,19,11,14,20,15,15,15,41,24,14,10,16,11,27,15,23,25,19,18,17,28,22,93,14,36,12,17,37,22,20,13,16,14,13,15,20,12,15,16,15,20,12,16,31,12,15,13,33,16,22,18,86,17,19,28,12,21,19
7,98,40,33,7,21,35,30,37,21,17,43,33,21,42,27,39,25,11,19,9,39,11,18,13,39,40,15,19,26,7,12,14,18,68,6,18,34,47,15,38,7,16,49,24,17,0,17,7,17,10,37,22,55,32,42,22,28,47,11,15,36,47,6,23,66,15,21,33,13,11,5,29,20,35,38,34,11,63,17,9,26,8,5,24,23,30,51,7,17,10,8,22,17,6,39,9,58,13,30,7,41,23,12,68,74,9,52,49,16,33,25,11,8,20,46,24,33,44,6,23,17,37,10,6,9,132,16,50,49,5,19,60,34,11,45,21,28,10,13,18,32,31,9,29,32,20,17,9,21,22,28,25,9,25,55,20,25,34,17,26,7,37,19,7,27,46,14,18,59,20,48,33,37,45,43,6,45,8,17,15,47,9,27,29,37,68,18,10,21,40,44,10,106,17,13,37,57,31,32,28,11,31,38,35,9,22,7,45,30,19,41,27,33,45,34,21,22,14,15,55,25,16,17,90,32,21,31,34,17,35,31,41,17,16,40,29,21,41,42,24,11,17,32,30,39,92,42,28,28,29,38,23,41,25,34,11,35,23,35,37,11,35,7,42,39,35,36,40,41,34,30,6,57,35,23,6,15,30,35,24,53,37,21,28,11,7,18,7,19,20,18,12,12,28,15,7,9,47,35,24,20,27,19,29,19,31,21,13,21,6,32,21,108,17,44,16,8,40,31,31,11,22,13,17,18,26,21,19,19,22,8,14,15,38,9,8,17,38,4,21,24,91,21,30,28,19,27,7
16,97,32,27,16,7,36,26,25,19,8,39,27,9,35,22,35,23,13,14,14,34,15,29,10,37,39,6,9,22,14,13,5,13,63,14,20,31,45,2,40,12,11,47,23,12,17,0,17,11,15,38,20,53,29,36,19,22,42,17,19,32,42,14,21,58,8,22,31,14,10,13,27,16,31,30,31,10,56,15,15,23,15,15,26,24,31,51,13,15,15,15,17,18,14,39,13,57,17,20,16,39,17,13,67,67,14,47,42,1,26,19,15,13,17,41,17,30,46,15,17,11,36,16,14,14,124,18,48,46,14,20,60,31,17,39,22,20,14,16,15,24,24,16,28,29,15,20,16,14,23,24,18,16,26,52,21,21,29,6,22,17,32,12,14,27,43,11,11,54,22,48,19,33,44,43,14,46,15,8,12,50,11,21,23,36,61,5,14,19,33,37,16,97,11,5,25,53,24,26,31,16,24,35,33,16,23,15,43,28,13,35,25,35,38,36,15,20,16,1,49,21,8,17,81,24,19,31,32,15,23,30,35,8,9,32,23,22,40,41,21,15,17,32,29,34,86,40,27,31,24,33,21,36,15,28,15,23,12,35,37,16,28,13,41,38,32,35,36,34,35,28,14,56,33,14,15,2,27,35,23,51,35,23,29,14,15,12,14,4,13,19,4,16,22,17,16,14,42,30,16,16,24,15,28,11,27,22,18,19,15,31,22,100,18,38,3,16,41,31,25,14,19,14,7,9,22,18,5,14,20,16,4,17,36,14,14,8,38,13,20,22,88,7,21,26,9,24,16
7,96,43,35,7,23,40,32,36,18,15,44,32,23,43,28,39,25,12,20,12,38,9,25,15,37,41,17,21,27,8,14,15,20,70,3,20,33,46,17,41,10,14,51,25,14,7,17,0,17,12,37,22,60,37,40,20,27,49,8,13,37,47,4,28,68,17,21,34,15,12,8,27,19,38,39,37,13,65,22,10,28,5,7,27,28,32,51,10,22,11,5,24,21,6,41,8,61,15,32,2,42,23,14,68,76,8,54,51,17,35,25,8,7,21,46,25,31,47,4,25,15,37,9,6,6,136,22,54,47,9,22,57,35,9,48,21,28,12,9,21,31,33,14,32,34,19,19,5,23,23,29,27,8,30,57,23,27,36,19,27,3,37,19,3,32,48,14,19,61,25,49,35,39,47,45,10,48,4,19,17,49,11,29,31,40,70,19,7,25,42,46,12,108,17,15,39,59,31,34,32,7,31,37,34,8,23,3,44,35,21,43,26,36,47,38,23,20,17,17,57,28,14,19,91,31,19,36,33,22,38,31,40,18,17,39,27,21,40,45,22,8,20,35,32,41,94,41,32,31,31,40,24,41,23,35,7,38,25,37,42,7,37,5,42,38,33,39,41,43,39,31,9,57,36,24,5,15,33,37,25,56,38,19,30,12,1,19,3,19,21,21,13,14,29,15,11,12,47,35,25,19,25,20,32,19,28,25,18,26,5,35,24,108,19,46,17,15,45,32,32,12,24,11,17,21,28,21,19,21,27,13,15,11,39,5,8,18,38,8,28,28,92,23,30,31,18,31,6
18,95,36,30,14,16,36,22,32,17,10,38,26,16,31,18,32,21,14,13,15,28,14,28,14,34,35,11,15,24,15,17,11,12,66,15,15,32,42,11,40,13,12,44,12,12,17,11,17,0,15,34,22,52,28,35,19,22,46,15,19,32,42,14,16,63,11,22,28,15,12,16,25,15,26,32,26,12,60,10,16,23,15,16,27,21,31,50,17,10,15,15,19,15,15,41,15,55,17,24,15,39,15,17,66,69,13,47,46,10,31,10,15,12,12,38,20,25,42,15,20,15,31,17,17,15,128,15,44,48,16,18,58,29,15,43,19,23,18,16,20,26,30,16,28,28,13,21,16,14,20,23,18,14,22,51,21,19,27,8,22,17,26,9,15,24,42,12,13,54,19,47,24,28,41,40,16,46,16,11,11,43,14,25,26,36,62,12,15,19,38,38,17,99,11,10,28,50,20,30,27,15,26,32,30,14,25,15,39,23,16,36,23,33,43,35,15,21,18,12,55,20,8,16,77,25,17,31,30,10,27,29,35,6,12,33,20,22,36,43,17,15,16,31,28,36,86,35,22,31,24,36,24,30,19,25,15,27,14,36,35,15,34,16,39,37,32,35,32,36,35,25,14,55,34,17,14,11,27,36,24,45,34,20,29,17,16,15,15,16,15,16,10,15,22,17,16,17,43,24,17,15,21,11,29,8,28,28,17,14,14,30,24,101,15,41,10,17,41,25,28,15,15,13,13,10,18,15,16,18,17,19,10,17,37,13,11,6,34,17,14,23,87,16,23,31,10,21,17
13,94,39,32,11,20,30,30,35,16,13,39,30,20,39,26,35,22,6,18,11,34,9,21,11,36,39,14,18,25,9,9,14,17,65,10,16,32,42,14,36,11,12,49,21,14,10,15,12,15,0,34,20,53,31,37,21,26,46,13,12,34,43,10,23,65,14,21,30,13,8,11,25,15,34,38,35,12,62,17,11,24,9,11,22,23,28,48,11,17,6,10,20,17,8,41,10,54,10,29,12,40,20,8,62,73,10,51,48,15,30,23,13,9,19,45,22,29,43,11,22,10,33,9,10,9,131,17,52,48,9,21,57,30,12,43,19,25,11,12,18,27,30,6,31,34,17,19,11,20,21,24,24,12,25,51,19,23,33,15,24,12,32,18,10,27,42,7,17,58,20,47,33,36,43,39,6,43,12,15,14,45,12,26,28,37,65,16,8,20,39,41,8,105,15,12,37,55,25,31,25,9,28,37,35,12,19,12,42,31,18,40,25,30,44,38,20,19,13,14,55,21,12,14,88,29,18,30,28,17,35,28,35,16,13,35,26,21,37,38,22,13,13,30,25,36,91,39,26,27,26,37,23,36,21,30,13,35,20,33,37,9,34,11,36,36,33,32,38,40,32,25,12,54,32,21,10,12,30,33,21,51,34,19,26,9,12,16,10,17,19,18,13,9,26,14,12,8,40,30,22,17,22,17,27,15,29,24,15,21,10,31,21,103,11,43,15,8,39,30,30,3,18,9,13,16,26,16,14,18,22,11,11,14,37,11,9,16,34,10,23,20,89,20,27,27,17,29,11
39,89,29,29,37,37,28,32,34,32,36,35,22,37,35,31,31,31,36,30,37,30,37,44,39,36,35,36,37,29,32,35,36,36,57,35,35,26,30,38,45,36,32,33,36,32,37,38,37,34,34,0,34,34,35,37,29,28,40,38,36,27,35,37,38,58,36,35,37,33,35,37,28,33,26,30,26,37,49,37,37,28,36,37,29,36,29,36,37,37,35,35,36,31,36,36,37,51,35,30,37,19,35,36,54,60,37,42,45,39,34,37,38,35,36,40,34,33,30,38,36,34,44,37,35,37,118,28,40,38,34,37,52,28,38,33,33,30,35,39,38,28,41,37,28,34,35,41,38,36,34,35,39,37,37,47,31,36,30,34,31,37,29,38,38,28,32,34,35,44,32,35,32,24,28,33,35,47,37,35,38,33,38,38,30,26,48,36,36,36,32,36,33,91,35,35,33,44,26,29,29,37,38,38,35,37,36,37,47,30,36,32,33,31,45,38,35,36,33,36,43,30,34,36,80,27,35,29,36,37,34,33,28,37,35,29,38,35,42,44,37,38,33,32,38,33,80,41,35,28,30,28,36,28,36,29,38,34,36,39,31,37,38,37,26,43,30,38,26,27,31,24,35,48,31,31,37,37,38,39,32,33,35,37,38,34,37,35,38,36,35,33,37,31,31,35,36,32,27,28,31,33,23,31,33,34,28,35,39,36,34,31,36,97,34,40,37,37,35,26,28,34,37,29,36,36,31,33,36,35,26,40,38,40,34,36,34,38,45,35,39,30,77,38,31,31,35,28,38
24,92,35,29,19,16,33,32,35,18,22,35,28,16,40,28,37,22,18,20,20,34,22,29,20,37,38,20,19,27,20,19,20,21,67,22,16,30,42,18,42,22,19,46,22,17,22,20,22,22,20,34,0,55,34,39,21,19,47,19,17,29,41,22,27,56,20,24,29,17,20,22,26,20,37,36,36,22,59,18,20,22,21,20,27,28,29,48,20,20,18,18,23,20,19,43,18,55,19,26,22,38,18,20,63,71,20,49,44,20,28,27,19,20,21,46,20,25,40,21,21,17,31,22,21,22,130,17,51,48,21,20,57,30,19,42,21,25,22,24,22,28,28,22,31,35,19,20,25,24,23,23,23,20,28,50,17,25,31,19,20,22,32,18,21,29,41,19,21,55,26,43,31,39,46,40,20,44,22,20,20,41,21,24,26,38,65,18,21,21,35,43,21,103,20,20,35,54,29,25,28,22,25,35,32,20,24,24,40,31,20,40,27,34,40,35,21,21,23,20,52,25,21,21,86,30,22,31,31,19,33,25,36,20,19,36,28,24,39,37,24,19,19,27,27,38,88,38,32,31,29,32,20,38,25,31,19,33,23,31,37,22,32,22,42,32,31,37,40,37,36,28,22,49,26,20,20,21,30,32,21,52,34,23,26,21,24,19,21,21,18,17,20,15,28,24,24,18,43,30,22,19,21,25,28,22,30,22,22,24,21,33,16,104,18,39,22,20,40,28,29,21,20,21,21,21,28,19,22,22,25,25,21,25,38,19,21,23,35,20,29,26,87,17,26,29,22,30,24
58,89,42,43,57,51,39,44,51,52,52,48,41,51,44,41,47,48,53,46,55,43,59,57,53,57,60,51,52,50,56,57,51,51,66,57,55,48,42,52,61,56,48,41,45,48,55,53,60,52,53,34,55,0,41,45,48,48,50,60,57,47,49,57,50,62,51,55,49,55,51,56,47,52,45,49,45,51,46,48,55,47,55,56,56,48,47,42,57,47,53,56,51,48,55,46,55,50,58,43,60,33,49,56,59,58,56,41,50,52,50,54,60,55,50,49,49,53,45,59,51,52,58,55,56,56,111,48,40,47,56,60,54,47,60,43,55,45,56,60,52,44,49,51,53,50,51,55,59,51,56,48,51,59,52,49,53,46,44,53,50,60,42,48,58,42,43,52,54,44,47,48,48,34,31,44,55,56,58,52,52,48,54,51,46,42,46,51,58,52,42,49,54,84,46,52,50,34,43,43,49,59,50,60,59,59,55,60,61,41,51,49,53,41,50,53,54,55,55,52,54,47,52,53,72,43,48,41,56,48,47,52,42,48,50,44,52,55,58,54,58,60,54,51,51,50,84,61,49,50,41,42,53,41,54,39,60,47,53,53,41,59,50,56,43,54,49,51,36,43,31,40,59,47,49,49,57,52,49,53,56,42,46,55,55,56,60,52,58,53,54,53,52,52,41,55,58,56,43,41,41,50,46,47,51,54,48,57,54,47,58,48,55,92,53,43,52,53,38,49,51,54,51,57,52,55,41,46,53,51,41,57,53,61,48,57,57,49,59,57,53,48,79,52,45,52,52,42,56
35,93,36,34,34,30,23,30,36,31,29,37,34,29,38,30,37,31,31,28,31,36,36,34,32,42,38,28,30,32,34,35,28,30,71,35,34,38,46,29,42,33,27,47,23,27,32,29,37,28,31,35,34,41,0,32,32,38,47,38,35,35,43,34,28,63,28,30,31,32,29,34,32,32,31,35,30,30,62,25,33,35,33,34,33,29,33,53,35,25,31,33,33,29,32,38,33,56,32,34,36,45,27,34,71,72,33,39,49,30,29,31,37,32,23,45,31,33,36,35,28,31,37,33,34,31,128,30,44,47,34,37,62,31,37,41,33,33,34,38,29,31,29,29,31,29,26,34,37,28,34,29,28,36,30,53,29,27,33,29,33,37,33,26,36,32,42,29,29,56,28,43,34,39,42,40,33,49,35,28,29,47,33,31,35,33,64,29,36,27,38,47,30,98,24,29,35,50,32,35,27,36,32,36,35,36,32,36,47,22,28,42,29,25,43,34,30,33,30,29,55,26,27,30,87,31,28,18,34,25,34,28,38,24,29,39,32,30,45,42,36,37,35,28,27,41,90,40,25,31,30,40,29,36,31,29,37,34,29,39,33,36,32,34,39,39,29,39,40,43,23,33,36,54,32,32,34,29,32,40,34,47,37,33,33,34,36,29,36,29,29,29,29,28,30,32,32,34,44,31,26,28,30,19,30,28,36,35,32,24,35,28,32,104,33,40,30,31,32,34,28,32,32,34,28,31,30,22,28,30,27,32,29,37,36,34,34,25,34,35,30,24,91,29,32,34,25,29,32
43,89,33,31,40,34,32,35,35,36,35,35,30,36,22,28,25,32,35,33,41,23,42,45,39,42,41,35,36,35,39,41,35,37,66,40,38,35,34,36,41,40,32,39,35,32,42,36,40,35,37,37,39,45,32,0,33,31,42,41,40,34,38,40,36,59,35,36,35,38,34,41,30,34,29,30,28,38,51,34,40,30,39,41,42,38,32,46,41,34,39,39,37,29,38,40,39,49,42,30,41,41,31,41,59,61,40,40,42,37,33,39,41,38,28,42,31,33,41,41,35,37,40,39,40,39,121,29,39,46,39,39,53,31,42,35,37,29,40,40,36,28,33,37,35,38,33,46,40,35,39,30,35,43,41,51,39,33,35,34,32,40,22,35,41,30,42,35,34,46,37,38,31,33,34,35,35,45,42,35,36,40,40,34,31,37,56,36,41,36,33,36,42,93,33,36,36,46,27,31,33,41,37,39,41,43,40,41,49,29,35,38,40,30,41,35,34,36,41,36,50,30,33,37,81,28,35,34,39,33,31,33,25,33,35,31,37,36,43,43,40,41,37,37,33,37,84,41,30,33,26,34,36,23,32,28,40,31,36,41,30,41,32,41,31,34,33,34,32,33,35,27,40,47,30,36,40,36,34,37,37,43,34,37,40,39,41,36,41,36,36,39,36,40,26,39,43,39,39,21,30,33,31,31,33,31,35,44,42,33,41,32,43,95,38,36,35,39,36,32,34,34,39,40,33,37,28,27,35,36,30,42,36,41,35,40,40,34,38,40,41,34,82,37,31,41,31,28,43
24,92,33,24,20,19,27,25,30,14,18,30,23,19,34,21,31,17,19,11,23,29,19,26,23,34,36,19,19,13,20,21,20,19,64,22,20,26,39,21,35,23,14,41,20,14,22,19,20,19,21,29,21,48,32,33,0,18,45,22,21,30,40,20,26,61,18,25,33,20,21,22,12,18,28,30,27,22,55,22,24,19,17,22,28,28,26,48,20,22,20,20,19,13,22,36,20,55,21,24,20,34,19,22,63,66,21,44,44,19,29,24,22,22,19,36,15,26,39,21,19,18,35,18,21,19,124,14,45,35,21,25,52,23,23,40,21,20,23,19,20,22,30,21,29,28,22,22,25,23,23,24,25,23,28,52,22,20,31,23,21,20,27,21,21,22,43,19,19,51,22,41,23,31,40,38,20,44,20,22,21,44,23,23,19,32,58,22,19,21,34,40,20,96,19,21,27,46,20,24,25,19,27,32,31,23,23,24,38,25,22,37,28,27,41,26,19,21,22,19,49,19,17,21,84,21,16,20,33,22,26,25,35,19,19,34,27,25,36,40,24,22,19,30,26,32,83,36,28,22,22,33,24,31,26,25,21,26,22,34,30,19,32,22,29,33,24,35,33,35,25,19,24,47,22,15,20,21,29,34,26,45,33,20,32,16,24,21,21,23,21,20,21,21,17,25,25,22,40,25,13,20,12,11,31,22,17,31,24,22,23,29,25,98,19,39,22,22,35,22,25,20,22,21,21,20,21,18,22,20,13,19,21,20,30,19,22,21,35,22,28,20,84,22,21,29,20,22,25
27,90,34,18,25,22,21,25,23,22,22,36,21,26,31,15,31,20,23,17,25,29,25,32,23,28,35,23,22,17,23,26,23,22,59,24,23,20,33,23,43,24,21,43,21,21,28,22,27,22,26,28,19,48,38,31,18,0,41,24,24,26,37,25,30,59,22,26,35,19,25,24,21,20,28,28,27,24,51,28,24,11,24,26,31,29,18,46,21,28,22,24,20,18,24,28,22,56,26,20,27,30,24,23,61,64,23,42,43,23,27,29,24,20,24,32,22,24,38,26,26,21,37,24,24,23,124,15,45,39,24,25,52,27,26,39,23,12,23,29,23,19,28,25,33,30,23,29,27,22,24,29,25,25,33,49,22,25,26,24,18,27,27,25,24,17,40,20,20,47,22,45,20,28,36,36,23,44,27,23,21,43,24,26,14,31,55,24,25,21,30,34,23,96,24,24,24,50,15,20,27,25,28,34,32,25,26,26,41,22,24,32,27,26,37,35,20,22,24,24,49,24,23,26,85,15,23,29,34,28,22,28,34,24,22,31,27,26,31,42,24,24,21,33,31,31,85,35,32,28,15,31,23,31,29,19,24,22,26,35,32,25,30,24,35,34,21,29,29,37,27,20,24,51,28,19,24,23,30,35,28,47,34,21,33,24,26,23,24,24,20,23,23,25,13,26,26,22,34,25,20,22,19,18,30,22,25,32,30,28,23,26,26,102,19,39,23,26,33,25,29,26,21,22,21,23,15,22,23,22,21,29,24,30,36,24,23,25,36,23,32,22,77,26,19,28,19,17,26
48,91,37,35,47,39,44,44,38,44,43,44,40,37,42,39,40,43,44,42,48,37,46,53,41,43,44,40,38,44,47,46,40,40,56,46,42,40,41,40,47,45,43,44,45,43,47,42,49,46,46,40,47,50,47,42,45,41,0,49,41,30,33,47,46,53,40,50,42,42,43,45,44,43,45,40,45,42,54,44,46,39,46,46,48,45,43,51,46,41,45,46,37,44,47,45,46,56,47,35,49,42,39,45,63,63,46,50,41,43,36,44,49,44,42,50,38,38,38,48,40,45,46,46,46,46,125,43,44,45,45,45,55,38,49,32,46,36,45,49,40,38,39,46,44,45,44,48,49,40,46,39,38,48,46,42,44,38,36,40,40,49,35,43,47,41,35,45,42,52,44,39,40,38,39,38,46,49,48,37,40,43,42,33,36,45,59,39,45,41,37,37,47,96,41,38,35,55,40,32,42,46,41,39,44,48,49,48,44,40,39,32,42,41,40,46,40,44,47,39,43,42,44,46,83,39,42,45,45,45,35,40,39,46,40,39,44,50,43,53,44,49,42,39,48,41,79,46,41,47,40,32,49,40,46,39,49,35,40,46,40,46,40,45,42,47,43,40,35,37,43,42,47,49,45,42,47,40,34,46,47,45,45,44,46,45,48,38,47,43,41,44,40,47,40,48,48,46,39,33,40,42,45,45,39,40,43,45,46,42,46,38,49,98,43,37,40,46,42,42,49,45,41,46,36,42,39,40,42,41,41,48,39,49,44,47,46,47,50,46,48,45,77,39,38,41,43,38,48
11,96,43,35,9,23,40,32,38,18,15,44,32,23,43,28,39,25,11,19,10,39,11,27,13,36,41,17,21,27,9,12,15,20,67,8,19,33,46,17,41,7,14,51,23,15,11,17,8,15,13,38,19,60,38,41,22,24,49,0,15,36,46,8,27,67,17,22,34,14,12,6,25,18,37,39,36,13,65,21,8,27,12,9,27,27,31,51,9,21,12,12,23,21,8,43,13,61,16,32,8,41,23,12,67,76,7,54,51,17,35,24,4,10,21,46,25,28,46,8,25,14,36,9,10,12,136,19,55,49,8,21,57,34,7,48,20,28,11,9,21,31,33,13,33,36,19,21,8,21,23,29,26,7,28,56,22,27,34,19,26,8,37,20,9,31,47,14,18,61,24,49,35,39,47,44,10,47,10,19,15,48,11,29,31,38,69,19,7,24,42,45,13,108,17,15,38,57,31,34,33,7,31,36,33,7,24,8,44,34,21,43,25,36,45,39,22,22,16,17,58,28,14,20,91,31,20,37,32,21,38,31,40,16,17,39,26,22,39,44,21,4,19,34,31,38,93,40,31,28,31,40,25,39,24,34,5,38,25,36,40,7,37,7,41,39,31,36,41,43,39,31,6,57,38,24,9,15,33,36,24,56,36,20,32,14,8,19,9,18,20,19,13,13,29,16,12,11,46,35,25,19,24,20,33,20,30,23,17,25,9,35,24,108,18,46,17,15,46,32,33,13,23,12,17,21,28,22,20,19,26,15,15,11,40,12,10,16,37,8,26,27,91,23,30,30,16,30,10
17,92,38,31,13,20,35,31,33,16,19,42,32,20,39,27,38,25,11,15,14,36,13,25,14,37,39,18,16,23,13,14,18,20,66,12,17,32,43,17,32,14,16,48,23,16,15,19,13,19,12,36,17,57,35,40,21,24,41,15,0,32,41,13,25,65,18,21,30,13,13,15,23,16,32,38,31,15,61,17,17,21,9,15,26,25,34,48,11,19,11,13,18,18,15,41,11,56,16,31,14,38,22,12,61,73,14,50,47,19,31,24,15,15,19,43,20,26,40,16,20,17,35,9,15,12,131,21,53,48,14,20,56,32,14,44,18,25,17,13,18,30,29,14,33,34,18,19,16,18,20,22,22,14,25,53,17,24,33,14,22,15,35,16,12,29,44,13,15,57,22,42,32,37,45,40,13,41,15,14,15,44,15,23,25,37,66,17,12,20,38,39,18,105,12,17,36,57,30,30,31,13,27,34,34,14,24,15,42,34,16,38,23,34,43,39,21,17,15,19,52,25,18,18,87,29,17,33,24,19,35,26,38,12,19,35,26,21,39,40,21,15,14,29,28,35,90,39,32,27,28,36,25,38,24,34,14,35,20,32,37,13,33,15,40,32,35,32,42,41,34,28,13,52,35,21,13,18,28,34,20,54,33,17,28,8,13,16,12,16,19,18,17,19,25,17,16,15,44,33,22,19,23,19,33,16,28,25,16,23,16,30,25,104,14,42,19,12,42,27,33,13,20,12,19,15,27,20,16,17,24,16,18,14,40,12,11,12,36,15,27,23,85,20,26,27,13,30,16
37,78,29,24,35,30,30,29,26,25,31,34,26,32,35,30,34,29,30,26,35,27,33,41,32,37,26,30,29,28,35,33,30,32,54,33,29,28,34,32,41,33,30,41,29,30,36,32,37,32,34,27,29,47,35,34,30,26,30,36,32,0,22,35,35,50,30,32,30,28,33,33,28,26,28,32,28,34,52,33,34,22,34,35,33,31,27,40,33,33,32,33,29,29,36,39,33,50,34,26,37,32,31,33,55,61,33,41,38,31,30,32,36,29,34,43,26,21,32,36,32,27,36,34,34,33,122,28,41,39,32,31,47,25,36,25,30,26,33,37,33,26,32,33,31,32,32,36,36,30,31,29,31,35,31,40,29,28,28,31,18,37,26,33,34,26,32,29,33,47,33,31,30,29,36,24,33,41,37,30,32,38,34,29,29,30,54,32,34,31,29,37,35,93,31,32,29,48,30,25,30,33,31,29,27,35,34,35,37,28,30,34,25,30,34,37,33,30,32,31,37,27,32,32,79,27,28,29,28,33,26,20,30,31,29,27,30,32,29,40,31,36,25,30,29,32,76,30,35,27,30,25,28,29,31,28,36,26,30,31,29,33,29,33,33,34,28,29,29,30,34,27,33,37,29,31,35,32,31,32,30,42,28,30,33,35,35,32,34,31,32,29,32,31,30,33,34,33,32,23,30,32,28,31,28,31,29,32,36,33,32,19,32,93,27,30,31,35,29,26,31,32,32,33,31,31,30,28,30,28,30,35,31,38,37,34,32,32,36,33,33,31,75,32,28,29,30,28,36
47,71,35,34,45,42,36,40,38,36,41,32,37,44,39,40,38,37,40,37,45,37,43,50,42,34,37,40,41,39,44,40,40,42,51,43,40,37,32,41,43,43,40,40,40,40,47,42,47,42,43,35,41,49,43,38,40,37,33,46,41,22,0,45,44,44,40,45,41,37,43,43,38,37,36,35,36,44,54,43,44,32,44,45,46,44,38,45,43,43,41,43,38,40,45,42,43,45,43,37,47,33,42,40,48,57,43,44,43,41,40,43,46,39,45,41,38,30,37,46,42,37,39,45,44,43,118,36,39,36,42,43,38,31,46,28,43,39,43,47,43,37,41,41,39,41,42,46,46,41,44,36,41,45,42,34,40,40,36,41,26,47,36,45,44,37,30,39,43,48,44,22,39,37,38,22,42,43,47,40,41,38,44,38,39,39,55,42,44,44,32,39,45,89,41,42,38,51,40,37,38,43,38,40,38,45,44,45,43,38,40,34,38,38,39,39,44,43,42,41,26,38,42,41,75,38,40,38,36,43,40,32,36,41,39,35,40,45,33,38,42,46,37,37,40,37,71,37,45,40,40,37,42,37,42,37,46,40,42,33,37,43,41,43,35,35,38,35,36,35,41,35,43,30,41,41,45,42,42,33,43,36,37,43,42,45,45,42,44,41,42,39,42,41,40,44,45,42,32,37,41,42,39,42,38,41,37,43,46,42,42,27,45,85,35,31,41,46,35,36,44,41,39,43,41,43,40,41,40,40,41,48,41,48,41,44,42,42,40,43,43,43,68,43,37,36,40,38,46
5,95,41,33,4,21,36,30,36,18,11,42,32,21,41,26,38,25,10,18,10,37,6,24,13,34,38,15,18,24,6,12,13,18,68,1,18,33,44,15,37,5,12,49,23,14,6,14,4,14,10,37,22,57,34,40,20,25,47,8,13,35,45,0,25,66,15,20,32,13,10,6,26,17,33,36,32,11,63,19,8,26,5,2,27,25,32,50,8,19,11,6,22,19,7,40,6,59,13,29,3,40,21,12,65,74,5,52,49,14,33,22,7,4,21,45,23,28,45,1,23,13,34,9,2,6,134,20,53,47,7,17,57,33,6,46,19,26,10,8,19,29,31,10,32,32,19,18,5,21,21,27,25,5,28,55,20,25,34,16,25,4,35,18,3,29,46,12,17,59,22,47,32,37,45,43,8,46,5,17,15,47,9,27,29,38,68,17,7,23,40,44,12,105,15,13,36,57,29,32,31,8,29,34,31,5,23,3,41,33,19,40,23,34,45,37,21,19,15,15,55,25,11,18,87,29,18,33,31,19,35,29,38,16,15,37,24,20,37,43,19,7,18,32,30,39,92,38,31,31,29,38,24,39,23,34,6,35,20,35,39,8,35,4,42,37,32,37,41,40,36,27,4,55,34,22,2,13,31,35,23,54,36,19,29,10,3,17,3,16,19,19,11,14,27,15,11,10,45,33,23,19,23,19,32,16,28,25,15,23,2,31,22,106,17,44,14,11,43,30,32,10,22,8,15,16,26,20,17,19,24,11,12,10,39,6,4,16,35,6,26,25,89,21,28,29,15,30,5
28,96,33,29,25,21,33,28,35,27,22,40,25,21,34,19,36,26,23,23,27,34,27,26,23,41,42,21,22,30,26,27,21,22,70,25,25,34,47,20,33,24,21,48,23,21,23,21,28,16,23,38,27,50,28,36,26,30,46,27,25,35,44,25,0,62,21,26,29,24,21,26,27,26,32,35,31,21,57,13,24,26,25,26,28,15,32,52,27,11,23,26,26,24,25,43,25,54,24,28,28,42,19,26,66,68,24,47,43,22,26,22,27,23,20,43,24,32,45,27,21,24,37,21,26,26,126,25,44,47,26,27,62,33,27,40,23,26,27,28,18,28,28,21,28,32,21,24,28,25,24,18,20,27,22,53,26,19,31,22,26,28,32,15,26,20,44,21,24,53,17,47,32,29,41,43,25,44,28,23,20,50,24,24,27,38,64,21,26,24,38,44,27,100,16,20,35,49,27,29,27,27,30,39,36,27,26,28,45,23,21,41,29,34,39,37,23,26,26,21,55,22,20,20,82,28,22,32,32,14,29,31,35,16,20,37,28,26,44,40,26,27,26,32,30,38,90,44,23,28,27,35,28,35,29,27,27,29,21,36,30,27,31,26,42,37,35,38,36,35,35,29,27,55,34,26,25,20,27,36,24,45,36,25,27,26,28,21,26,22,26,19,20,25,23,26,26,26,47,30,21,23,26,20,27,24,30,30,16,4,26,31,26,103,27,38,22,21,41,26,28,24,25,27,21,19,24,20,25,24,15,23,21,29,35,27,25,16,39,27,15,26,91,22,25,29,22,22,28
67,79,51,54,64,55,60,62,58,57,62,60,58,59,58,58,62,57,60,59,66,58,64,66,57,60,59,58,58,61,66,64,58,59,60,65,61,57,54,57,68,64,60,57,62,60,66,58,68,63,65,58,56,62,63,59,61,59,53,67,65,50,44,66,62,0,58,66,58,61,62,64,59,59,62,61,62,62,57,61,65,56,65,65,67,60,59,60,63,61,64,65,57,61,66,67,63,56,66,53,68,61,59,63,58,59,65,60,57,59,55,59,67,62,62,61,54,54,56,67,58,57,58,65,65,66,120,60,55,57,64,66,62,58,66,45,61,56,65,68,59,56,61,64,59,66,62,69,68,58,62,56,57,65,61,44,62,57,56,60,52,68,55,64,65,56,49,61,59,60,62,46,57,58,58,52,65,52,67,58,59,54,61,58,57,61,57,59,65,59,57,58,66,93,60,59,58,61,58,53,59,64,60,62,61,65,62,67,58,61,58,62,60,60,57,61,59,63,66,59,52,59,62,62,83,57,60,61,63,61,53,53,58,59,57,56,60,66,60,60,60,67,57,58,63,58,68,61,63,63,58,54,65,58,65,59,67,53,61,59,57,64,56,64,60,55,63,60,57,54,63,60,67,51,56,56,64,59,57,58,62,54,61,66,64,64,67,59,65,58,59,60,59,63,58,67,67,63,54,56,58,61,61,61,59,61,57,64,66,60,64,54,66,96,59,52,61,65,58,61,61,63,57,65,58,62,58,59,60,58,58,67,60,69,61,67,66,60,59,63,66,63,76,60,54,61,60,58,67
16,94,28,19,15,10,35,26,26,17,9,39,27,11,33,22,33,21,12,13,15,32,15,29,9,35,36,1,7,22,15,13,2,8,62,14,18,30,44,3,42,13,8,44,21,10,15,8,17,11,14,36,20,51,28,35,18,22,40,17,18,30,40,15,21,58,0,20,28,12,8,13,25,15,30,30,30,5,52,15,14,23,14,14,25,24,30,48,14,15,13,14,12,16,15,39,14,55,15,19,17,40,16,12,66,64,14,44,38,6,22,16,17,12,15,37,8,28,43,16,8,10,35,15,15,14,122,15,44,47,13,21,58,29,17,37,21,15,12,18,7,22,20,13,26,29,12,22,17,14,22,22,18,16,25,47,20,18,23,8,20,17,30,14,15,24,38,11,11,48,20,46,20,32,42,39,14,44,16,10,5,46,10,13,16,34,60,7,15,17,28,38,15,96,9,4,24,51,21,19,28,15,17,33,32,16,19,16,40,27,4,36,23,33,34,34,15,21,17,6,49,20,11,17,83,22,17,30,33,15,23,28,33,9,2,30,23,20,37,42,22,17,16,31,27,34,86,37,25,29,23,27,21,34,18,27,17,23,9,34,34,15,24,13,39,36,31,34,34,33,33,26,15,52,31,14,15,3,22,34,23,49,32,22,29,15,16,4,15,8,13,19,4,17,20,16,16,14,41,28,17,15,22,14,27,11,28,27,18,16,14,29,23,101,14,30,6,16,38,28,25,13,14,14,6,9,22,16,11,12,18,17,3,18,34,15,14,12,35,14,21,21,86,11,16,30,9,23,15
20,98,41,32,20,22,33,33,40,22,22,40,32,21,41,30,38,24,20,23,24,37,21,23,21,39,42,21,19,27,21,21,22,23,69,21,24,34,44,19,42,18,22,49,26,21,21,22,21,22,21,35,24,55,30,36,25,26,50,22,21,32,45,20,26,66,20,0,34,17,21,20,28,25,37,40,37,21,62,20,20,25,20,20,22,25,30,50,21,18,20,20,23,18,18,43,20,61,14,31,21,39,23,21,67,75,20,53,48,22,34,23,22,19,21,48,20,29,48,20,24,20,38,19,21,18,135,17,43,51,20,21,63,32,22,46,13,25,22,21,20,33,31,21,26,34,23,23,20,21,15,29,27,21,28,57,24,29,32,21,22,21,35,23,22,28,48,17,23,58,25,50,31,41,49,41,18,45,20,23,19,49,20,28,28,40,69,22,22,24,38,46,21,106,22,22,35,60,31,32,31,22,28,35,37,21,18,19,42,31,21,43,22,35,46,19,21,21,23,21,57,22,22,23,90,33,21,30,35,21,35,31,37,21,22,40,28,0,38,43,22,22,23,29,29,41,94,41,28,26,31,39,14,39,22,33,22,35,24,32,41,22,36,20,33,30,36,38,40,41,32,28,21,47,31,25,20,22,33,33,20,54,31,25,27,20,22,23,22,21,24,17,22,22,30,6,10,20,46,33,25,23,24,25,28,21,31,28,22,24,20,33,15,104,20,45,22,17,40,31,26,19,22,22,21,18,29,24,23,22,25,22,22,20,37,20,20,21,38,21,24,19,89,21,29,36,19,27,22
35,92,33,34,32,30,32,32,34,31,26,43,35,24,35,32,35,29,29,29,32,30,33,35,29,37,40,28,31,34,32,33,28,31,66,32,31,32,43,30,40,32,27,47,27,26,33,31,34,28,30,37,29,49,31,35,33,35,42,34,30,30,41,32,29,58,28,34,0,30,27,33,30,30,34,36,33,29,60,27,33,34,31,32,31,25,36,46,33,25,29,31,31,30,33,39,31,51,34,35,34,42,29,33,68,70,31,45,45,32,27,34,34,30,27,45,30,28,44,34,28,30,39,31,32,32,129,30,49,47,32,35,59,31,34,36,31,35,33,35,28,33,32,31,35,37,26,35,35,29,33,23,28,33,36,50,28,28,29,30,30,34,29,29,33,30,44,29,33,55,27,45,36,32,42,41,31,48,34,30,30,46,30,30,35,38,63,28,33,28,37,42,32,102,23,29,32,50,30,37,33,33,31,35,32,33,33,34,45,30,28,37,26,31,37,40,33,31,29,30,49,29,28,27,85,32,26,31,27,27,35,27,35,30,28,33,32,34,38,42,34,34,33,30,32,35,90,40,32,35,30,35,32,30,30,30,34,35,28,32,36,33,32,33,41,38,34,29,37,40,30,31,33,49,34,33,32,30,29,35,32,51,35,29,31,31,34,29,33,29,33,31,30,31,32,35,35,32,46,27,27,28,31,29,32,33,36,32,32,24,32,37,29,99,28,40,32,30,39,35,30,30,29,30,30,32,32,25,32,31,27,34,31,36,40,32,31,30,39,33,33,33,85,30,34,30,29,32,34
15,94,37,29,13,17,33,31,34,16,13,38,30,17,39,27,37,22,10,13,10,35,11,24,11,36,37,12,16,23,13,12,12,15,66,11,15,30,41,9,39,12,13,48,22,13,13,14,15,15,13,33,17,55,32,38,20,19,42,14,13,28,37,13,24,61,12,17,30,0,12,11,26,11,35,33,34,12,59,18,12,19,11,13,25,25,28,47,9,18,11,11,18,17,13,41,9,56,14,25,15,33,20,10,62,70,11,47,45,11,27,23,14,9,19,44,18,28,38,14,19,7,30,9,13,11,130,16,50,47,10,20,56,31,14,42,18,22,10,13,15,25,27,13,29,31,18,22,14,18,20,26,21,13,27,49,18,24,28,15,18,15,33,18,12,27,40,8,12,55,22,44,29,37,45,38,11,45,15,14,7,48,11,23,25,36,64,14,10,18,36,38,12,102,16,9,33,56,28,28,28,11,24,34,31,13,21,13,40,31,15,36,21,33,41,35,14,20,12,11,48,23,12,14,87,29,18,30,32,18,32,26,36,16,9,33,27,17,38,37,19,14,14,27,26,35,87,37,30,31,28,34,19,37,21,31,14,32,19,32,39,11,31,11,41,34,32,32,39,37,35,26,11,50,30,19,13,12,26,32,18,52,32,19,24,11,13,10,12,15,15,14,11,17,27,14,12,11,38,31,21,17,22,19,28,13,28,26,15,22,10,30,19,104,11,40,13,13,38,28,29,12,16,12,9,14,27,19,13,14,23,16,12,16,37,12,10,16,35,11,24,25,82,17,23,26,11,28,13
14,92,35,29,11,17,34,26,31,18,11,40,26,17,34,22,31,19,6,15,12,31,10,25,9,33,39,8,12,24,8,12,11,13,67,10,15,30,42,11,36,10,6,43,19,10,11,10,12,12,8,35,20,51,29,34,21,25,43,12,13,33,43,10,21,62,8,21,27,12,0,12,24,15,30,33,29,9,59,15,11,24,10,12,26,22,30,46,12,15,11,10,19,16,10,40,10,52,13,23,12,42,15,11,62,70,10,48,45,10,29,19,12,8,14,38,16,28,44,11,19,11,34,10,12,11,130,16,47,48,9,19,57,30,12,41,16,22,13,13,15,25,27,9,25,31,12,19,13,18,18,20,21,12,25,51,21,21,30,12,23,12,29,14,10,26,42,10,16,55,20,45,28,34,42,42,9,43,13,13,11,45,11,23,24,38,66,14,10,23,36,42,13,102,10,6,32,53,23,28,28,10,25,33,32,12,19,12,41,28,15,37,24,32,41,37,21,19,18,10,54,21,6,15,84,25,16,32,29,15,32,29,31,12,10,31,21,21,37,42,18,12,17,32,27,38,92,38,25,30,25,34,23,33,19,28,12,32,19,34,38,10,31,12,39,35,29,36,36,36,34,24,11,53,31,19,9,8,27,34,20,48,32,20,27,8,12,10,10,12,19,19,10,13,23,14,10,8,44,27,19,12,23,15,27,16,28,26,16,19,10,30,23,101,15,40,11,13,40,26,25,8,18,14,12,16,22,15,16,18,20,15,8,15,34,11,9,12,35,10,21,24,88,17,22,29,12,25,12
7,97,39,31,7,19,36,31,34,20,14,43,32,19,41,27,39,25,11,16,9,38,8,26,11,37,39,13,17,19,7,10,11,16,66,4,20,33,46,13,39,4,14,48,24,16,5,13,8,16,11,37,22,56,34,41,22,24,45,6,15,33,43,6,26,64,13,20,33,11,12,0,28,18,34,36,35,10,61,20,9,24,7,5,26,26,30,50,6,20,11,8,20,21,7,39,8,60,13,28,4,38,22,6,67,72,6,48,47,13,31,24,6,7,21,45,21,31,46,7,21,13,37,11,6,7,132,20,52,49,3,20,59,33,9,44,19,24,6,9,17,28,29,12,31,32,19,17,6,19,19,28,23,6,28,53,21,26,32,15,23,4,36,18,5,30,44,14,15,57,23,49,31,38,46,41,10,46,6,15,13,48,7,25,27,35,66,15,8,21,38,42,12,104,16,11,35,58,29,30,32,8,27,35,34,6,22,4,44,33,17,40,26,35,43,37,19,19,15,13,53,26,14,18,89,29,20,33,33,20,34,31,39,16,13,36,26,20,40,43,22,6,14,33,31,37,90,41,31,31,29,36,23,40,24,33,7,34,21,33,40,8,33,2,40,37,33,35,40,40,35,29,5,55,34,20,5,11,29,33,23,55,36,21,29,12,4,15,5,15,17,20,9,14,27,13,10,10,41,34,23,19,25,19,31,15,30,24,17,24,5,32,22,107,13,42,13,14,42,32,31,11,20,11,13,17,27,22,15,17,25,13,11,11,38,8,6,16,38,3,26,25,88,19,26,29,15,29,6
30,86,32,29,26,25,25,26,28,18,25,31,25,27,31,19,30,20,22,19,30,26,28,33,27,33,34,25,26,19,24,26,25,25,62,26,22,24,40,26,35,27,19,39,23,19,29,27,27,25,25,28,26,47,32,30,12,21,44,25,23,28,38,26,27,59,25,28,30,26,24,28,0,22,30,33,29,28,54,25,25,21,23,28,23,25,24,44,26,27,27,26,24,16,27,36,26,52,28,24,27,31,22,28,61,65,23,43,44,28,28,26,25,24,22,38,23,24,37,28,25,22,33,23,26,25,123,17,42,38,25,24,53,21,25,39,21,23,29,29,27,24,30,26,28,28,23,31,28,26,23,24,24,27,30,52,28,24,34,28,22,27,27,27,27,24,42,22,25,50,22,38,28,34,39,37,24,41,30,28,26,41,29,23,24,31,58,27,27,26,34,40,27,95,25,26,29,45,22,30,20,28,30,33,32,27,29,27,42,28,25,40,21,23,40,26,25,22,30,27,50,20,22,25,84,24,26,21,29,27,28,26,37,25,24,37,27,28,38,40,25,25,23,28,24,32,82,38,25,19,24,32,26,32,27,27,24,28,25,33,29,28,31,28,32,31,21,33,36,34,24,17,25,49,20,22,26,26,27,33,21,47,32,25,32,22,27,26,27,28,26,25,26,23,23,28,30,26,39,25,17,23,14,22,26,26,26,28,29,24,27,26,26,95,23,38,28,25,34,21,24,22,25,24,27,27,19,20,26,25,16,30,27,30,28,27,26,27,35,26,22,22,86,28,22,31,24,24,30
20,90,35,27,17,20,30,27,30,13,16,36,27,22,35,23,32,18,12,14,17,31,15,25,18,28,31,15,18,22,15,17,14,16,63,18,8,27,36,16,41,18,13,46,21,14,20,16,19,15,15,33,20,52,32,34,18,20,43,18,16,26,37,17,26,59,15,25,30,11,15,18,22,0,31,32,30,17,59,20,17,17,16,18,27,26,26,46,15,20,14,16,14,15,16,38,14,53,15,26,19,38,20,17,62,70,14,48,46,16,30,24,18,14,19,41,17,21,39,18,21,11,30,14,17,14,129,15,46,45,18,20,52,29,18,39,20,20,16,19,20,24,29,17,27,30,16,20,21,19,22,24,21,16,29,49,19,23,29,16,17,19,29,19,16,22,40,13,15,55,23,42,29,34,41,36,15,42,19,15,16,43,18,22,25,36,64,16,15,23,37,41,16,101,13,17,33,53,25,28,23,15,26,27,24,16,24,20,34,29,15,39,21,29,41,34,20,21,17,16,44,22,15,14,85,25,15,28,32,20,32,24,33,15,14,33,24,25,31,39,19,18,13,28,22,36,88,31,26,28,25,34,20,33,25,29,18,32,19,33,35,15,31,18,37,32,28,32,36,36,31,23,18,48,29,19,16,15,26,33,21,48,30,21,27,17,20,13,16,17,17,18,16,14,23,16,18,14,38,27,18,15,19,17,28,16,27,29,21,20,17,21,20,102,15,39,16,20,33,27,30,14,19,17,15,20,23,18,16,14,20,21,15,18,35,16,17,16,31,17,23,23,83,22,23,27,15,25,20
37,90,28,23,34,32,30,26,25,30,30,37,16,35,30,20,24,29,31,26,36,29,33,39,35,30,32,30,30,29,35,38,29,30,62,34,34,33,35,32,46,31,22,37,32,23,35,31,38,26,34,26,37,45,31,29,28,28,45,37,32,28,36,33,32,62,30,37,34,35,30,34,30,31,0,23,1,32,46,30,34,27,34,35,35,33,25,42,37,30,34,34,33,25,38,34,34,52,35,23,36,27,30,36,63,61,30,43,46,30,32,29,30,30,30,39,30,24,37,32,34,27,37,36,36,34,114,26,41,38,34,30,57,25,33,37,36,24,36,30,34,23,35,33,33,28,29,35,33,35,36,29,34,32,33,50,32,30,25,30,29,38,26,30,35,22,40,30,34,42,29,41,24,23,33,33,32,50,34,33,32,42,35,31,26,18,54,31,36,35,34,42,37,94,28,31,26,43,23,20,28,35,33,31,32,32,36,32,38,23,32,30,33,29,46,32,33,36,33,32,47,23,28,34,75,23,31,24,36,30,25,28,29,27,28,27,28,37,34,48,30,30,34,34,33,39,83,34,30,31,23,28,39,29,28,22,31,25,29,40,27,35,40,34,29,43,22,43,28,29,30,24,31,51,35,30,34,31,35,40,33,40,37,36,32,34,33,32,35,30,35,34,30,35,22,38,36,35,32,18,24,29,27,22,31,32,26,36,33,29,33,23,38,92,34,40,30,37,35,26,32,32,33,34,32,30,21,26,33,31,22,37,30,31,38,33,32,27,36,35,34,26,80,35,26,31,29,21,36
39,95,29,19,38,33,33,29,26,34,30,38,25,35,28,23,10,29,36,28,37,22,35,44,34,33,36,30,31,27,37,37,29,31,62,36,35,33,34,33,50,35,29,41,34,30,38,30,39,32,38,30,36,49,35,30,30,28,40,39,38,32,35,36,35,61,30,40,36,33,33,36,33,32,23,0,22,31,51,34,36,27,36,38,33,36,33,49,35,34,36,37,31,30,38,36,36,54,39,24,37,32,29,37,67,57,37,37,44,30,32,32,37,35,33,40,29,28,36,38,33,34,39,36,37,36,121,28,40,41,36,35,46,31,36,36,36,24,35,36,31,10,34,36,35,16,31,37,37,34,37,31,35,37,29,47,34,29,29,33,30,39,28,32,37,28,41,35,33,45,30,45,19,28,36,39,35,47,37,33,33,46,33,31,26,30,52,34,36,38,31,37,38,92,31,29,19,47,11,25,34,35,32,36,35,37,39,38,43,29,30,32,35,36,41,33,33,37,37,33,52,30,30,37,83,11,35,34,39,34,19,34,30,26,29,28,34,40,34,48,34,37,34,38,35,38,84,36,32,35,15,27,39,29,35,31,36,19,33,39,29,35,28,36,34,42,29,40,32,31,37,32,36,53,33,31,37,31,31,39,37,42,40,38,38,37,37,32,37,33,33,35,30,37,14,40,38,34,25,24,24,30,30,31,37,30,30,39,38,33,36,34,38,99,32,38,28,38,38,31,35,36,32,36,32,32,24,31,31,34,22,38,30,37,40,36,36,27,39,36,31,30,76,35,26,35,26,29,38
37,89,28,23,33,32,29,25,25,29,29,37,15,35,30,19,23,29,32,25,35,29,32,38,35,29,33,30,30,30,34,37,29,30,62,33,33,32,35,32,45,32,21,37,31,22,34,31,37,26,35,26,36,45,30,28,27,27,45,36,31,28,36,32,31,62,30,37,33,34,29,35,29,30,1,22,0,32,46,29,33,26,33,36,35,32,26,42,36,29,33,33,33,24,37,34,33,52,35,23,35,27,29,37,63,61,31,43,46,30,32,29,31,29,30,39,30,23,37,32,34,28,36,35,35,33,114,25,41,38,33,29,57,24,32,37,35,24,37,29,34,22,35,32,33,28,29,35,33,35,35,28,34,33,32,50,31,29,25,30,28,37,26,30,34,21,40,29,34,42,28,41,24,23,33,33,31,50,35,33,32,42,35,31,26,17,54,31,35,35,34,42,38,94,27,31,26,43,23,20,28,34,33,32,31,33,36,32,37,23,32,29,32,29,46,32,33,35,32,32,47,22,27,34,75,23,30,24,35,29,25,27,29,27,28,27,28,37,33,48,29,31,33,34,32,39,83,33,30,32,23,28,39,29,29,22,30,25,29,40,27,34,40,35,29,42,21,43,28,29,30,23,30,50,34,30,33,31,35,40,32,40,37,35,31,33,32,32,34,30,35,33,30,36,22,38,36,34,32,17,24,29,26,23,31,32,25,36,32,28,32,22,38,91,33,40,30,36,35,25,32,33,33,33,32,30,20,25,33,31,21,36,30,30,38,32,31,27,35,34,34,25,79,35,26,30,28,21,36
12,96,36,23,11,16,35,26,26,20,11,41,27,15,37,22,36,23,10,15,10,35,11,27,10,36,39,5,9,23,11,13,3,10,65,10,19,31,45,5,39,9,10,47,23,14,11,10,13,12,12,37,22,51,30,38,22,24,42,13,15,34,44,11,21,62,5,21,29,12,9,10,28,17,32,31,32,0,58,15,12,24,11,11,25,22,30,49,11,15,9,11,16,19,10,37,10,57,15,20,13,40,18,12,67,69,10,48,44,5,28,20,12,9,18,41,18,30,45,12,17,13,36,12,10,11,128,18,49,49,11,19,59,32,12,42,21,21,9,14,14,26,26,13,29,30,16,18,13,17,22,24,21,11,25,50,19,21,24,11,24,13,33,13,11,26,41,12,16,54,20,48,23,33,42,42,10,45,12,11,5,48,9,17,19,37,65,11,12,21,35,41,12,101,11,3,27,53,25,22,31,12,24,35,33,11,22,12,43,30,14,37,24,33,40,38,20,21,13,9,54,21,11,16,85,25,18,32,33,15,31,31,36,11,5,34,23,21,39,41,21,12,17,31,29,36,91,40,27,31,24,33,22,36,19,29,12,31,18,35,37,12,30,10,42,38,32,36,37,38,33,27,11,55,34,19,11,8,26,35,22,52,33,21,27,12,12,12,11,12,18,18,1,13,22,17,13,8,43,31,18,16,24,15,27,15,30,23,17,19,11,30,21,104,17,39,5,15,40,31,28,11,17,11,10,14,22,18,15,16,20,15,3,16,36,11,10,11,37,10,21,23,89,15,23,27,13,25,11
64,94,44,44,63,49,53,51,53,59,56,57,45,52,53,49,53,56,60,53,63,51,63,64,57,60,63,52,52,55,63,62,52,53,58,62,61,55,47,52,66,61,55,49,58,55,63,56,65,60,62,49,59,46,62,51,55,51,54,65,61,52,54,63,57,57,52,62,60,59,59,61,54,59,46,51,46,58,0,56,62,51,62,62,63,59,54,56,62,56,61,62,55,55,63,55,62,61,63,45,65,48,55,61,63,57,62,48,48,57,48,61,65,60,56,62,50,55,55,64,52,59,62,62,62,62,97,54,52,56,61,65,63,53,65,48,60,45,61,64,50,44,50,62,59,60,56,64,65,57,61,54,57,64,62,55,58,54,44,56,56,65,50,59,63,52,50,60,56,36,61,55,53,40,43,50,62,63,64,55,52,56,58,52,46,49,45,52,63,58,43,54,63,85,56,52,54,40,47,43,56,63,52,63,60,64,61,64,68,54,50,51,59,55,49,56,56,59,59,52,61,53,57,60,72,47,60,59,63,56,50,56,48,59,51,46,62,62,62,56,61,65,58,59,62,53,80,65,60,57,45,39,62,49,61,47,65,50,56,62,49,63,47,61,46,62,55,59,47,49,56,55,63,61,58,52,63,52,55,61,58,52,59,61,63,63,64,52,63,56,56,60,52,62,45,64,64,62,45,49,51,57,55,58,59,57,57,61,62,56,62,58,66,99,59,46,55,62,55,56,55,61,56,60,53,59,49,56,55,56,51,64,53,65,57,63,62,60,63,62,63,58,84,48,46,56,57,49,64
22,94,34,29,19,15,33,26,32,19,14,39,26,14,31,24,34,20,17,16,20,35,21,23,17,38,39,15,16,23,20,21,15,16,66,19,19,32,43,14,36,18,15,45,17,15,17,15,22,10,17,37,18,48,25,34,22,28,44,21,17,33,43,19,13,61,15,20,27,18,15,20,25,20,30,34,29,15,56,0,18,24,19,20,23,15,28,48,21,4,17,20,19,16,19,39,19,54,18,23,22,38,19,20,65,67,18,46,42,16,26,21,21,17,14,40,18,31,43,21,19,18,35,15,20,20,125,16,46,48,20,24,59,34,21,41,15,24,21,22,12,26,24,15,25,28,16,23,22,18,16,23,21,21,17,53,20,18,29,15,23,22,33,8,20,18,44,15,18,52,12,44,30,34,39,42,19,42,22,16,14,45,18,24,26,36,63,14,20,18,35,41,20,99,9,14,34,48,25,27,25,21,25,36,33,21,24,22,44,22,15,36,26,31,38,35,21,21,20,14,54,23,12,12,79,26,13,28,32,1,28,27,34,10,14,34,24,23,41,40,23,21,20,31,27,37,89,41,21,27,25,36,23,35,20,24,21,28,16,34,32,21,28,20,42,37,32,35,35,38,30,27,21,55,31,20,19,14,24,36,21,48,32,20,27,20,22,15,20,13,19,16,14,18,23,20,20,20,45,31,15,16,22,14,23,19,32,24,15,8,20,28,17,101,21,37,16,15,37,26,27,18,17,17,15,15,24,15,18,18,15,17,15,23,35,21,19,9,36,21,14,22,88,15,23,26,17,26,21
11,94,37,32,10,20,34,29,36,22,11,42,32,20,40,24,38,21,10,15,9,38,9,24,11,37,39,14,18,25,5,12,12,17,66,8,16,34,45,14,34,8,14,46,23,15,9,15,10,16,11,37,20,55,33,40,24,24,46,8,17,34,44,8,24,65,14,20,33,12,11,9,25,17,34,36,33,12,62,18,0,25,7,8,24,24,30,48,9,18,12,8,21,20,9,40,7,60,12,29,10,39,21,11,65,73,6,50,48,15,32,25,8,7,17,45,22,31,45,10,22,14,37,13,10,8,133,19,51,51,8,16,61,34,9,43,21,25,11,13,18,28,30,11,28,33,15,19,11,20,22,27,24,7,26,54,19,26,33,17,24,10,36,17,9,28,45,13,18,58,21,47,32,39,46,44,8,45,10,17,14,44,10,26,28,38,67,17,11,23,39,43,13,105,16,12,36,57,28,31,30,10,28,36,30,7,19,10,44,32,18,41,26,33,44,37,21,20,14,15,54,26,14,16,89,27,19,31,33,18,35,28,39,15,14,36,27,20,41,43,22,8,19,33,29,39,92,41,30,30,29,37,23,40,24,32,9,35,22,35,37,10,34,8,40,35,35,38,38,41,33,27,8,53,30,21,8,12,30,35,22,55,34,23,29,12,10,16,9,17,20,21,10,14,25,14,11,7,41,34,21,15,25,18,30,17,33,25,15,22,9,30,24,107,18,43,14,13,40,32,28,11,21,10,14,19,25,21,17,17,23,12,12,15,35,9,8,15,38,8,25,25,89,20,27,27,16,29,12
28,89,31,20,26,22,20,25,20,18,21,33,21,24,31,19,28,19,21,16,23,26,24,33,23,30,32,23,22,12,26,24,23,22,60,24,21,21,30,23,42,24,21,40,22,21,26,23,28,23,24,28,22,47,35,30,19,11,39,27,21,22,32,26,26,56,23,25,34,19,24,24,21,17,27,27,26,24,51,24,25,0,25,26,19,27,15,45,24,24,22,24,21,19,26,29,24,54,25,18,28,32,22,24,60,62,24,39,43,23,28,25,27,20,24,32,21,22,35,27,25,20,33,26,26,24,120,18,42,40,23,25,49,25,27,36,23,11,22,28,24,19,27,24,27,32,24,27,27,24,26,26,25,26,32,47,20,24,23,25,15,28,24,23,25,14,38,21,24,45,21,41,15,27,36,33,24,42,28,24,23,41,25,25,11,28,55,25,25,24,30,35,25,92,24,23,19,48,16,20,24,24,28,32,30,26,27,26,38,19,21,28,24,25,37,30,24,19,24,23,43,21,23,24,83,17,23,26,35,24,20,24,32,21,22,30,29,25,32,39,26,27,18,30,24,32,82,32,31,27,16,27,23,28,26,19,27,20,22,32,30,24,30,24,32,32,22,31,27,36,27,19,24,47,24,19,26,24,26,32,22,42,31,24,30,26,26,24,25,22,23,20,23,24,15,24,25,24,32,22,18,22,13,20,27,21,23,28,25,24,23,23,27,100,20,37,22,25,30,24,27,23,23,23,21,22,15,21,21,22,17,29,24,29,32,25,23,22,36,24,28,18,75,24,15,29,21,16,26
9,94,40,32,6,20,33,31,36,15,13,39,32,20,40,27,37,24,8,18,11,36,8,22,11,36,38,14,18,25,4,9,12,17,67,7,17,32,43,14,34,8,11,48,22,13,8,15,5,15,9,36,21,55,33,39,17,24,46,12,9,34,44,5,25,65,14,20,31,11,10,7,23,16,34,36,33,11,62,19,7,25,0,7,26,25,32,49,4,19,10,5,21,18,10,40,4,58,11,29,5,39,21,9,64,73,4,51,48,15,32,23,12,5,20,44,22,29,43,6,22,12,35,5,6,3,133,19,51,44,6,19,54,30,9,45,18,25,8,13,18,28,30,10,31,32,18,18,10,20,20,27,24,8,27,54,21,25,32,17,24,5,34,18,6,29,45,11,15,58,22,46,32,37,45,42,7,45,5,17,13,46,7,26,28,39,67,16,7,21,39,43,13,105,16,12,36,57,28,31,30,8,28,35,33,8,22,9,41,32,18,40,25,33,44,37,19,18,15,15,54,25,13,16,88,29,19,31,30,19,35,28,37,16,14,36,26,20,38,40,20,12,17,32,28,38,90,38,30,27,28,37,23,38,23,32,11,35,22,34,37,8,34,7,40,34,30,36,39,40,32,26,9,52,33,21,5,12,30,34,22,53,35,18,28,7,9,16,6,17,17,20,10,13,27,15,10,9,44,32,23,18,22,19,31,17,25,25,17,23,8,31,22,104,16,43,14,11,40,28,31,9,21,11,14,18,27,20,17,19,24,13,12,15,38,4,7,16,36,7,25,25,89,20,27,29,15,28,10
5,97,40,32,5,20,36,32,36,20,15,43,31,20,41,28,39,23,11,19,11,38,10,23,11,38,39,14,18,24,8,12,13,17,65,4,18,33,46,14,39,7,13,48,24,14,5,15,7,16,11,37,20,56,34,41,22,26,46,9,15,35,45,2,26,65,14,20,32,13,12,5,28,18,35,38,36,11,62,20,8,26,7,0,26,26,32,50,8,20,9,5,21,21,8,40,8,60,12,29,7,41,22,10,67,73,7,50,48,15,32,24,9,8,19,45,22,32,46,5,22,12,37,11,3,7,133,20,52,49,7,21,59,33,10,45,21,26,9,12,18,30,30,12,31,33,17,18,9,20,21,28,24,7,28,54,22,26,33,17,25,7,36,19,6,30,45,14,16,58,23,49,32,38,46,43,10,46,3,17,14,46,7,26,28,38,67,16,9,22,39,43,13,105,17,12,36,56,29,31,32,10,29,36,35,7,22,7,44,33,18,41,26,35,44,37,20,21,16,15,55,26,15,18,89,30,21,33,33,20,35,31,39,17,15,38,27,20,40,43,23,9,18,33,31,38,91,41,31,31,29,37,23,40,24,33,10,35,22,35,40,10,34,3,42,37,32,37,40,41,35,29,8,55,34,21,3,13,30,35,23,55,36,21,28,12,7,16,6,17,18,20,11,15,28,14,10,10,44,34,24,17,25,18,31,17,30,23,16,24,6,33,23,107,17,43,15,13,42,32,31,11,21,12,15,18,28,22,17,19,25,13,13,14,38,6,8,17,38,6,26,25,90,20,28,30,17,29,7
27,96,39,29,25,26,35,34,36,29,27,38,28,22,42,25,34,28,24,25,22,34,29,27,27,39,39,25,27,27,25,27,25,27,67,26,26,31,46,25,43,26,25,45,31,25,24,26,27,27,22,29,27,56,33,42,28,31,48,27,26,33,46,27,28,67,25,22,31,25,26,26,23,27,35,33,35,25,63,23,24,19,26,26,0,26,21,45,27,21,22,25,27,26,22,38,27,57,24,31,27,32,25,26,69,74,27,49,49,27,34,24,27,26,25,50,28,30,41,28,25,25,41,26,25,27,132,24,53,46,25,24,61,29,27,43,23,23,25,26,25,28,30,26,33,31,25,25,27,27,23,29,29,27,31,55,25,23,34,24,24,27,32,22,28,24,45,22,25,57,22,46,33,35,47,42,25,48,26,24,25,47,27,30,24,27,62,21,28,24,38,46,19,106,20,25,40,53,27,27,31,29,29,40,37,27,24,26,45,34,25,37,27,32,43,41,26,24,25,23,55,19,25,22,89,28,22,33,32,20,35,31,40,23,26,40,32,22,43,42,31,27,26,32,30,37,87,38,27,26,26,39,25,37,22,32,27,35,25,37,39,29,34,26,34,43,32,36,36,43,36,23,26,57,35,27,27,25,34,37,23,48,36,23,30,26,26,25,28,26,25,19,25,20,23,21,22,26,45,30,27,26,17,20,27,26,27,26,25,22,25,31,19,104,27,44,27,25,41,27,33,24,30,22,26,27,25,22,25,25,19,27,26,27,36,26,25,23,43,26,27,19,86,23,26,32,26,28,26
28,91,35,29,25,24,34,27,37,27,20,42,29,22,36,26,36,26,22,26,26,33,27,27,22,41,40,24,25,32,26,27,24,25,66,25,26,31,47,23,36,24,24,47,24,24,23,24,28,21,23,36,28,48,29,38,28,29,45,27,25,31,44,25,15,60,24,25,25,25,22,26,25,26,33,36,32,22,59,15,24,27,25,26,26,0,31,49,27,14,23,26,26,27,25,38,25,51,24,28,28,43,21,26,68,70,24,49,46,25,29,26,27,23,23,44,26,31,42,27,23,24,36,21,26,26,127,28,45,47,26,26,61,34,27,37,23,27,27,28,21,28,28,21,29,32,25,27,28,23,24,24,21,27,18,51,27,21,33,24,23,28,31,21,26,16,42,21,26,56,15,42,32,32,39,41,25,44,28,24,23,42,24,24,27,38,64,22,26,25,38,42,27,102,19,23,37,51,27,28,29,27,28,39,36,27,24,28,47,28,24,41,27,28,41,36,26,23,26,23,52,24,21,20,84,28,23,32,31,15,34,29,39,21,23,38,29,25,44,43,29,27,26,29,28,34,91,42,24,28,27,35,25,37,27,32,27,34,24,36,29,27,32,26,40,39,33,33,36,36,30,27,27,53,36,27,25,23,25,36,25,48,33,23,28,26,28,24,26,22,27,20,23,24,25,26,26,26,46,29,24,24,29,23,31,27,31,26,19,16,26,30,27,104,26,38,25,21,37,27,31,23,23,24,23,24,25,20,26,26,19,23,24,29,39,27,25,20,38,27,22,29,88,23,26,30,26,24,27
33,92,29,23,31,29,22,25,30,27,31,35,22,31,32,17,28,23,26,23,28,26,30,31,30,33,31,30,30,25,31,33,30,28,63,32,27,22,33,30,46,31,28,40,31,28,30,31,32,31,28,29,29,47,33,32,26,18,43,31,34,27,38,32,32,59,30,30,36,28,30,30,24,26,25,33,26,30,54,28,30,15,32,32,21,31,0,45,33,30,28,33,28,24,28,33,31,48,30,22,32,34,28,30,62,65,32,43,46,32,29,29,31,30,30,40,28,28,25,31,32,26,34,32,31,33,123,22,46,39,29,29,49,25,31,35,28,19,33,31,30,24,29,30,31,31,29,32,33,30,27,28,32,30,28,47,30,24,24,31,23,32,25,30,31,16,38,23,32,48,28,36,25,28,36,33,29,41,32,29,30,36,32,32,20,19,58,30,30,31,31,39,25,97,28,30,29,48,18,18,25,30,31,36,36,30,30,32,39,27,30,35,28,20,40,35,32,29,31,30,47,24,29,27,85,19,27,24,35,28,29,28,32,29,29,31,31,30,32,38,27,31,25,33,27,35,85,32,27,21,17,32,27,30,29,21,31,29,32,34,31,30,31,32,25,39,23,34,31,38,27,19,30,52,28,28,32,30,32,34,29,41,32,31,29,32,32,30,31,31,32,21,30,25,17,31,31,30,37,22,23,26,23,25,21,31,26,30,29,28,31,24,30,101,27,40,32,29,29,27,31,28,29,30,29,32,17,25,30,27,23,33,31,30,34,34,33,29,37,32,28,20,76,29,24,31,31,19,32
52,84,42,44,50,50,47,52,54,46,48,46,40,46,44,48,47,47,46,47,48,44,52,54,50,54,51,48,51,48,47,48,48,51,64,48,48,43,43,50,45,48,48,44,49,48,51,51,51,50,48,36,48,42,53,46,48,46,51,51,48,40,45,50,52,60,48,50,46,47,46,50,44,46,42,49,42,49,56,48,48,45,49,50,45,49,45,0,50,47,45,50,49,47,49,49,48,51,50,47,51,43,48,50,49,68,46,46,47,52,48,53,51,46,48,45,48,46,41,51,46,48,50,49,48,50,122,46,38,44,47,53,57,46,51,41,47,48,48,49,50,44,52,48,48,53,46,53,51,49,49,46,49,52,54,47,44,46,43,49,42,51,43,50,51,47,47,47,49,48,49,34,51,39,42,43,47,45,51,48,50,46,50,47,48,43,58,46,51,49,46,47,47,99,46,50,53,47,46,44,47,52,52,54,49,52,49,50,58,50,48,48,43,40,49,53,49,48,46,48,47,42,48,47,82,48,45,48,50,49,50,41,41,49,48,42,52,50,55,46,52,51,50,44,45,42,84,53,46,45,48,39,49,42,46,48,51,50,48,50,44,52,51,50,38,47,46,48,45,44,45,43,50,46,49,50,50,50,44,50,41,42,39,49,50,48,50,50,51,51,49,47,50,47,48,50,50,45,46,42,49,49,43,48,46,48,45,49,50,48,48,45,46,102,47,43,52,49,44,47,49,48,49,44,50,51,48,47,47,45,49,52,51,50,48,51,49,51,55,48,50,51,82,49,48,43,49,48,52
10,97,40,32,7,18,36,33,34,18,15,42,32,20,42,29,39,26,11,17,8,38,7,26,11,38,41,14,18,23,7,7,11,17,67,6,20,33,46,12,37,9,13,51,24,16,7,13,10,17,11,37,20,57,35,41,20,21,46,9,11,33,43,8,27,63,14,21,33,9,12,6,26,15,37,35,36,11,62,21,9,24,4,8,27,27,33,50,0,21,11,8,21,21,10,41,4,60,12,27,10,37,23,9,67,73,7,50,48,13,32,25,9,8,22,46,22,32,45,9,22,12,37,7,8,4,133,20,53,47,5,21,57,31,8,45,21,24,6,12,18,27,30,12,32,32,20,19,9,20,23,29,24,7,29,54,20,27,31,15,23,10,36,20,7,31,45,14,12,58,24,49,32,39,47,41,10,44,10,15,12,49,7,26,28,38,67,16,4,18,39,43,14,105,18,12,36,59,30,31,32,7,27,38,35,7,23,8,43,34,18,40,26,36,44,38,16,21,14,13,53,26,15,18,90,31,21,34,33,21,35,31,39,18,13,35,28,21,40,42,23,9,16,33,31,38,87,41,32,30,30,37,24,40,24,34,8,35,22,32,40,7,34,6,43,37,32,35,41,40,35,29,6,55,34,19,6,11,30,32,23,55,37,21,29,10,8,16,7,15,14,20,9,16,29,16,10,8,41,34,25,20,25,21,32,15,28,24,18,25,5,34,23,107,15,43,13,14,43,30,32,11,21,12,13,18,29,22,15,19,26,13,11,14,39,9,9,18,38,4,27,26,88,20,26,28,14,30,8
22,94,33,29,19,15,33,25,32,21,13,39,26,12,31,22,34,20,17,16,20,35,21,23,17,38,39,15,16,24,20,20,15,16,66,19,19,32,44,14,36,18,15,45,18,15,17,15,22,10,17,37,20,47,25,34,22,28,41,21,19,33,43,19,11,61,15,18,25,18,15,20,27,20,30,34,29,15,56,4,18,24,19,20,21,14,30,47,21,0,17,20,19,16,19,39,19,53,18,23,22,41,19,20,64,67,18,46,42,16,26,21,21,17,14,40,18,31,42,21,18,18,35,15,20,20,125,16,45,48,20,24,59,34,21,40,15,24,21,22,12,25,24,15,25,28,16,23,22,13,16,21,21,21,17,52,20,20,29,15,23,22,33,10,20,18,43,15,18,52,12,44,30,33,39,42,19,44,22,16,14,47,18,21,26,37,61,12,20,18,37,41,20,99,7,14,34,48,24,27,25,21,27,36,33,21,23,22,44,22,15,36,26,31,36,35,21,20,20,14,53,23,12,13,79,25,16,28,30,1,28,29,36,10,14,35,24,24,41,40,23,21,20,30,27,37,89,41,24,27,24,36,23,33,18,24,21,28,16,36,31,21,28,20,43,37,32,33,35,38,31,25,21,55,33,20,19,14,24,36,21,48,31,18,26,20,22,15,20,15,19,16,14,18,22,20,20,20,43,31,18,16,25,14,28,19,32,26,15,8,20,30,17,101,21,37,16,15,37,26,27,18,17,17,15,15,22,15,18,18,15,17,15,23,35,21,19,9,36,21,14,23,88,13,23,26,17,25,21
13,94,39,31,11,19,33,29,32,15,13,41,31,17,40,25,36,25,9,15,6,36,11,24,11,33,38,13,17,26,11,10,14,16,63,9,18,29,43,11,38,9,13,47,22,15,10,15,11,15,6,35,18,53,31,39,20,22,45,12,11,32,41,11,23,64,13,20,29,11,11,11,27,14,34,36,33,9,61,17,12,22,10,9,22,23,28,45,11,17,0,7,19,19,10,38,9,58,12,26,11,37,21,8,64,72,9,50,47,12,31,23,12,7,18,46,21,27,42,12,19,12,33,10,10,11,130,19,52,47,10,18,58,32,10,43,17,25,10,13,17,28,29,8,31,31,16,17,12,19,19,26,23,11,25,50,19,23,32,15,22,11,34,13,10,27,41,8,17,57,20,45,31,36,43,39,7,42,11,15,13,47,10,25,27,36,66,13,10,20,38,42,10,104,12,11,35,53,28,30,28,11,28,33,30,11,20,11,41,31,17,39,21,31,43,37,20,20,13,14,53,20,13,14,88,29,17,29,32,17,34,27,37,14,12,36,27,20,37,34,18,12,13,26,26,36,91,38,28,30,26,36,19,36,21,32,12,34,21,30,38,11,33,11,38,35,31,34,38,39,33,26,11,53,31,21,11,12,29,30,18,54,33,20,21,12,11,15,10,15,19,16,13,12,24,16,10,7,42,32,20,16,22,18,28,16,28,24,14,21,8,30,19,105,11,42,14,11,38,28,30,11,17,10,13,18,25,18,17,17,22,11,10,15,36,12,10,14,34,11,23,24,87,17,27,27,16,29,10
9,95,40,32,4,20,34,32,37,18,13,39,30,19,40,28,37,22,7,17,9,36,9,22,11,36,38,14,18,25,4,10,13,17,64,7,14,31,42,14,37,8,12,47,22,11,8,15,5,15,10,35,18,56,33,39,20,24,46,12,13,33,43,6,26,65,14,20,31,11,10,8,26,16,34,37,33,11,62,20,8,24,5,5,25,26,33,50,8,20,7,0,21,17,8,41,4,58,13,29,6,39,21,12,65,73,4,51,48,15,32,23,11,5,18,45,22,27,45,7,22,12,35,9,6,2,134,18,52,47,7,19,57,31,8,45,19,26,10,12,18,29,30,11,32,33,16,19,9,20,21,27,24,7,27,54,21,26,33,17,23,5,34,18,6,30,45,10,17,58,23,45,30,38,46,43,6,44,6,18,14,43,7,26,28,39,67,15,9,23,39,43,14,105,16,12,34,56,28,31,31,7,29,35,33,7,23,8,41,32,18,40,25,34,44,37,21,19,14,16,53,25,13,17,88,29,20,31,29,20,33,29,37,14,15,37,26,20,38,41,20,11,18,32,28,37,92,38,31,30,29,37,24,37,21,33,10,33,22,33,39,7,34,7,40,35,31,37,40,40,34,27,8,53,34,21,4,13,30,33,23,53,34,19,26,10,8,16,6,17,19,21,11,14,27,15,10,8,44,32,23,16,21,18,32,17,28,23,17,24,5,32,23,104,17,43,15,11,41,28,32,10,21,9,15,18,28,21,18,18,25,12,13,14,39,1,4,14,36,7,25,25,89,19,28,28,14,29,10
23,94,31,21,22,12,33,26,30,18,18,40,27,16,33,22,35,17,18,17,21,33,22,29,15,35,36,11,12,23,22,21,13,15,58,21,16,28,41,15,45,20,17,47,22,17,22,17,24,19,20,36,23,51,33,37,19,20,37,23,18,29,38,22,26,57,12,23,31,18,19,20,24,14,33,31,33,16,55,19,21,21,21,21,27,26,28,49,21,19,19,21,0,17,22,40,21,53,21,23,24,40,17,20,67,67,21,46,43,17,25,22,23,18,18,40,11,28,42,23,14,17,35,22,22,20,125,16,45,47,20,25,57,30,24,35,22,18,18,25,15,23,25,20,28,31,18,19,24,16,24,24,20,23,28,46,23,22,28,18,19,24,31,18,22,22,37,17,16,51,21,47,24,32,40,38,21,44,23,17,15,45,17,13,20,35,60,17,22,21,32,36,22,97,17,15,28,52,24,23,29,22,22,32,32,23,24,23,39,28,15,37,24,31,38,34,16,22,21,17,50,23,18,19,85,25,20,30,34,17,27,29,35,16,13,33,25,21,37,43,24,23,17,30,27,34,86,37,29,31,23,31,20,35,25,28,23,27,13,34,35,22,28,20,38,35,32,33,34,34,31,26,21,53,31,11,22,14,24,34,25,50,33,24,30,22,23,14,22,20,18,20,15,19,21,22,22,21,39,29,19,18,23,19,29,19,27,31,22,20,21,29,23,104,16,34,16,22,36,29,29,19,15,20,15,18,22,19,19,17,19,25,14,26,35,21,20,18,35,21,24,23,84,18,21,32,17,23,22
23,89,32,25,19,15,29,24,28,16,14,33,24,20,33,20,30,19,13,7,21,27,20,28,20,32,32,16,16,13,18,21,16,16,65,20,15,27,37,17,39,20,10,40,18,10,17,18,21,15,17,31,20,48,29,29,13,18,44,21,18,29,40,19,24,61,16,18,30,17,16,21,16,15,25,30,24,19,55,16,20,19,18,21,26,27,24,47,21,16,19,17,17,0,21,35,17,51,21,24,21,32,16,21,62,66,18,44,44,18,28,23,21,16,14,37,17,24,40,22,18,14,31,19,21,20,124,3,43,42,19,21,56,18,20,40,19,17,22,22,18,22,27,15,26,22,17,21,23,18,22,22,24,20,27,51,20,20,29,20,20,21,25,17,20,23,42,13,18,51,22,41,25,31,41,39,13,44,21,19,17,43,21,22,21,29,60,20,20,21,35,42,23,96,14,17,29,48,21,26,19,20,26,30,28,20,23,22,37,25,17,37,25,24,39,28,19,20,19,18,51,15,14,17,83,22,16,23,31,18,28,24,29,15,15,34,24,23,35,40,20,21,17,29,22,35,85,34,22,21,20,32,22,29,19,25,20,28,20,35,32,20,30,21,29,30,28,35,31,35,28,14,20,47,24,15,19,18,28,35,22,43,30,21,30,18,22,18,20,20,20,20,17,20,19,18,18,18,36,23,14,15,13,11,25,17,24,30,18,20,19,26,23,93,17,38,18,22,35,18,24,14,19,17,19,19,20,13,17,16,15,20,18,23,27,18,18,16,33,20,25,12,84,17,16,28,15,20,21
9,96,41,33,6,21,35,30,38,19,13,43,33,21,41,26,38,25,10,14,8,37,10,23,12,38,42,15,19,23,7,10,14,18,68,7,18,34,45,15,39,8,14,49,24,13,6,14,6,15,8,36,19,55,32,38,22,24,47,8,15,36,45,7,25,66,15,18,33,13,10,7,27,16,38,38,37,10,63,19,9,26,10,8,22,25,28,49,10,19,10,8,22,21,0,38,5,60,11,30,6,38,22,12,66,74,7,52,49,17,33,23,8,5,20,45,23,30,44,7,23,14,37,12,8,5,132,18,52,49,8,22,60,30,9,46,21,25,8,10,19,29,31,12,29,31,18,16,7,21,22,28,25,7,27,55,19,25,34,16,26,6,35,18,8,29,46,8,17,59,22,49,31,38,45,43,10,46,10,16,15,47,8,27,27,37,68,17,8,21,40,44,10,106,15,13,35,57,28,32,32,10,28,36,34,7,19,6,41,33,19,41,27,31,45,36,21,22,13,14,55,23,13,18,90,29,16,31,33,19,36,31,36,15,16,37,26,18,38,42,23,8,19,32,28,39,92,38,27,26,27,38,21,39,21,34,8,36,23,33,39,10,35,8,41,38,35,36,39,41,34,26,7,56,34,22,7,12,31,33,22,55,36,22,26,12,6,17,8,16,19,18,12,10,26,12,9,8,42,33,22,18,21,17,25,15,29,24,15,23,8,26,23,104,17,44,16,12,40,28,28,9,22,11,14,20,26,19,15,15,24,11,14,12,35,6,7,15,38,7,25,18,91,21,27,27,16,29,8
40,96,34,34,42,39,36,29,33,38,37,42,32,41,39,23,40,35,40,32,38,37,42,42,41,40,43,39,37,35,42,43,38,38,69,38,42,34,42,40,52,38,36,36,42,37,39,39,41,41,41,36,43,46,38,40,36,28,45,43,41,39,42,40,43,67,39,43,39,41,40,39,36,38,34,36,34,37,55,39,40,29,40,40,38,38,33,49,41,39,38,41,40,35,38,0,41,57,41,33,41,27,39,41,69,63,40,47,50,40,41,44,43,38,39,39,37,38,38,41,42,38,45,41,39,40,122,34,45,47,38,38,60,35,43,43,45,27,40,42,40,32,43,40,40,25,37,27,40,41,46,41,43,42,40,51,39,34,39,39,37,41,36,35,41,33,37,38,41,50,36,47,31,27,36,37,40,50,40,37,40,40,41,42,29,24,59,39,42,41,36,45,39,101,34,39,34,36,24,33,36,42,35,45,43,42,41,39,46,36,40,41,41,33,46,40,42,42,40,38,52,35,39,39,85,24,38,31,45,38,32,39,33,35,37,32,38,43,40,49,45,43,37,42,41,43,89,44,39,33,24,32,42,26,43,34,43,32,40,45,33,42,40,39,36,43,28,37,32,33,30,29,37,56,35,38,41,38,41,45,38,40,41,42,38,40,39,39,41,39,41,39,38,39,23,42,40,39,37,35,31,34,35,34,35,41,39,38,39,39,38,33,41,104,39,41,40,39,36,35,38,41,41,37,37,40,23,36,40,37,31,39,39,42,39,41,39,35,44,39,44,31,86,40,32,39,39,31,37
10,93,40,32,4,18,34,31,34,18,13,39,31,20,40,27,37,24,7,17,8,36,11,25,11,35,37,14,18,25,5,11,12,17,68,8,16,32,42,12,37,8,11,48,22,13,9,13,8,15,10,37,18,55,33,39,20,22,46,13,11,33,43,6,25,63,14,20,31,9,10,8,26,14,34,36,33,10,62,19,7,24,4,8,27,25,31,48,4,19,9,4,21,17,5,41,0,58,14,27,8,39,21,11,63,73,7,51,48,13,32,23,13,4,20,44,22,28,41,7,22,10,34,7,7,5,133,18,51,47,7,18,57,33,12,45,19,25,8,14,18,28,30,9,31,32,18,20,11,20,21,27,24,11,27,54,18,25,31,15,23,8,34,18,5,29,45,10,13,58,22,45,32,37,45,43,6,44,8,15,12,47,7,26,28,40,67,16,8,19,39,43,14,105,16,12,36,57,28,31,29,11,28,34,32,11,21,10,39,32,18,40,24,32,44,37,17,19,12,13,53,25,13,15,88,29,19,30,31,19,35,27,37,16,14,36,26,20,37,40,19,13,18,31,27,39,88,37,30,30,28,37,22,38,23,32,12,35,22,34,39,11,34,8,41,35,30,37,39,40,34,25,10,51,32,19,4,12,30,34,21,53,34,19,27,10,10,16,5,15,15,18,10,14,27,16,10,6,43,32,23,18,21,19,31,15,28,24,18,23,7,30,21,104,17,43,14,12,39,28,31,10,21,12,14,18,27,20,15,18,24,13,12,16,39,5,6,16,35,6,25,26,88,20,27,26,14,28,10
62,85,45,49,59,54,48,52,50,54,53,55,51,57,51,50,49,53,53,53,61,45,60,62,57,56,57,55,56,58,58,60,55,57,63,59,56,51,48,55,62,59,53,49,55,53,58,57,61,55,54,51,55,50,56,49,55,56,56,61,56,50,45,59,54,56,55,61,51,56,52,60,52,53,52,54,52,57,61,54,60,54,58,60,57,51,48,51,60,53,58,58,53,51,60,57,58,0,61,50,61,53,52,58,61,65,58,57,51,57,57,49,61,57,55,54,53,47,52,61,56,55,58,58,60,59,122,51,42,51,58,59,47,48,61,49,56,55,61,62,59,53,60,56,55,57,52,60,62,59,58,51,54,60,59,41,55,51,51,56,51,61,49,56,60,47,44,54,61,56,53,44,51,48,51,49,56,57,61,59,55,49,59,54,55,52,61,57,60,59,54,54,62,93,53,57,54,53,52,50,51,60,54,55,52,60,58,61,62,50,56,57,54,51,54,57,61,59,58,57,53,52,56,57,78,53,52,50,58,52,55,50,47,56,54,53,56,61,57,62,54,61,56,54,54,54,85,57,54,53,53,51,59,48,53,50,61,55,55,55,50,60,53,60,53,53,55,52,48,53,50,52,60,43,56,55,59,58,53,56,54,46,52,56,60,57,61,56,60,60,58,57,57,60,53,60,60,58,56,46,51,55,50,56,53,61,54,59,57,51,59,53,62,99,51,53,57,58,49,46,57,55,52,58,58,55,49,53,61,57,50,61,58,63,57,59,58,59,58,59,55,57,77,58,56,52,57,52,60
12,97,41,33,13,21,38,30,38,18,16,42,32,21,41,27,38,23,11,18,14,38,15,21,12,40,40,15,19,28,11,11,15,18,67,11,17,33,45,15,37,12,14,49,24,13,13,17,15,17,10,35,19,58,32,42,21,26,47,16,16,34,43,13,24,66,15,14,34,14,13,13,28,15,35,39,35,15,63,18,12,25,11,12,24,24,30,50,12,18,12,13,21,21,11,41,14,61,0,30,15,41,23,13,67,74,14,52,49,17,33,25,16,12,22,46,23,32,45,14,23,14,37,12,13,10,134,18,47,48,13,22,56,29,16,46,21,27,14,15,19,31,31,8,22,34,18,16,14,20,20,28,25,15,26,55,18,26,34,19,24,15,36,20,14,28,46,10,18,59,21,49,32,38,46,43,14,43,14,18,15,47,14,27,27,37,68,18,14,23,40,44,13,106,17,13,36,58,30,32,33,15,30,39,37,15,17,13,44,30,19,41,26,36,45,31,22,22,13,17,55,24,15,17,89,31,22,32,31,18,36,28,38,18,14,38,29,14,41,43,25,16,18,31,30,39,92,41,28,28,29,38,17,41,24,30,16,36,24,34,38,15,35,12,43,32,34,37,39,41,35,28,11,50,30,22,13,13,31,35,23,55,32,18,27,11,13,17,14,20,20,19,14,13,28,8,6,14,46,34,24,17,23,20,30,20,27,23,14,22,12,30,16,108,16,44,17,9,41,32,22,10,22,10,17,20,26,22,20,19,23,12,13,17,33,14,12,18,38,13,25,24,89,22,28,26,18,28,14
31,93,23,12,30,16,28,25,18,25,25,35,15,22,24,17,23,24,27,22,30,20,31,37,24,33,35,19,17,21,30,27,19,20,60,29,28,29,37,16,45,27,23,38,29,23,30,20,32,24,29,30,26,43,34,30,24,20,35,32,31,26,37,29,28,53,19,31,35,25,23,28,24,26,23,24,23,20,45,23,29,18,29,29,31,28,22,47,27,23,26,29,23,24,30,33,27,50,30,0,31,32,21,27,64,54,29,36,38,20,24,28,28,28,28,33,17,25,35,30,22,25,38,30,30,29,116,21,36,39,28,29,53,26,32,32,28,12,27,31,21,18,22,28,30,32,25,26,31,27,30,24,24,31,32,43,26,25,17,19,22,32,23,23,29,20,35,26,24,39,22,43,15,23,35,36,29,45,30,22,18,43,25,20,13,28,50,24,31,31,22,35,31,89,24,19,19,45,17,9,30,29,29,35,33,31,28,30,41,20,20,30,28,31,29,32,24,30,28,17,46,23,25,27,77,18,26,29,40,23,18,29,27,21,18,26,28,31,35,44,30,28,24,32,30,34,80,36,30,29,17,20,31,26,26,21,28,18,23,36,24,29,24,28,32,39,25,37,27,33,29,24,28,51,32,16,29,20,27,36,27,42,35,30,34,30,30,18,29,21,25,28,19,30,13,32,31,27,35,16,18,26,22,25,28,25,25,30,26,26,30,27,34,100,24,29,20,29,35,26,31,28,22,29,23,23,17,24,26,25,17,31,17,32,36,28,28,24,40,27,26,22,75,19,16,29,23,17,30
7,96,43,35,6,23,40,32,36,18,14,43,32,23,42,28,39,25,12,20,12,38,9,25,15,37,39,17,20,26,8,14,15,20,70,3,20,33,46,17,41,9,14,51,25,14,7,16,2,15,12,37,22,60,36,41,20,27,49,8,14,37,47,3,28,68,17,21,34,15,12,4,27,19,36,37,35,13,65,22,10,28,5,7,27,28,32,51,10,22,11,6,24,21,6,41,8,61,15,31,0,42,23,14,68,76,7,54,51,15,35,24,7,6,21,45,25,31,47,2,25,15,35,9,6,7,136,22,54,47,9,20,57,35,9,48,21,28,12,7,21,31,33,14,32,31,19,19,3,23,23,29,27,7,28,57,22,27,36,18,27,3,37,17,4,32,48,14,19,61,25,49,33,39,47,45,10,48,2,19,17,49,11,29,31,40,70,19,8,25,42,46,12,106,17,15,37,59,31,34,32,7,31,36,32,7,23,1,44,35,21,41,26,36,47,38,23,20,17,17,57,27,13,19,90,31,19,35,33,22,36,31,40,18,17,39,26,21,40,45,22,7,20,34,31,41,94,41,32,31,31,40,24,41,25,35,7,36,23,37,42,7,37,5,42,40,32,39,41,42,39,31,7,57,36,24,4,15,33,37,25,56,38,19,30,12,1,19,4,18,21,21,13,14,29,15,11,12,47,35,25,19,25,20,32,18,28,25,18,26,3,35,24,108,19,46,15,15,45,32,32,12,24,10,17,19,28,21,19,21,27,7,14,9,39,5,7,18,38,8,28,27,90,23,30,31,17,31,6
42,94,30,33,42,39,35,34,36,38,39,41,28,42,39,32,34,36,42,30,36,33,42,47,41,40,42,40,41,31,40,41,39,40,58,38,40,38,35,40,49,39,36,35,39,35,41,39,42,39,40,19,38,33,45,41,34,30,42,41,38,32,33,40,42,61,40,39,42,33,42,38,31,38,27,32,27,40,48,38,39,32,39,41,32,43,34,43,37,41,37,39,40,32,38,27,39,53,41,32,42,0,39,39,58,61,40,43,43,40,40,39,41,38,39,44,38,32,37,41,42,39,41,39,39,38,117,29,44,39,38,40,51,27,43,36,40,33,37,44,40,28,41,44,35,37,38,43,39,40,41,40,42,42,38,50,33,39,32,39,33,42,30,38,41,33,35,37,37,43,37,42,37,25,28,34,37,49,42,40,38,42,40,42,34,18,49,40,42,37,35,38,39,92,38,39,34,44,29,33,32,42,38,41,39,42,38,38,48,35,38,32,37,35,47,30,37,42,35,38,46,29,39,39,83,32,37,37,40,38,36,35,28,37,38,26,41,39,42,43,41,41,37,36,39,38,83,44,38,34,33,32,36,32,42,33,41,36,35,40,33,42,40,38,30,48,31,35,25,29,38,30,38,53,34,36,41,40,38,40,35,37,35,37,40,40,38,41,41,41,39,40,40,39,32,39,38,38,28,29,30,38,26,38,37,37,33,40,43,39,39,34,42,101,34,41,38,39,37,31,30,40,38,34,40,36,32,33,36,36,33,44,41,45,34,39,37,38,44,37,40,32,78,40,33,34,36,31,40
24,91,31,23,23,13,33,18,31,19,16,40,25,13,26,16,30,17,18,17,24,28,21,26,19,34,37,16,13,22,20,23,16,16,66,21,12,31,39,16,37,20,15,41,19,15,23,17,23,15,20,35,18,49,27,31,19,24,39,23,22,31,42,21,19,59,16,23,29,20,15,22,22,20,30,29,29,18,55,19,21,22,21,22,25,21,28,48,23,19,21,21,17,16,22,39,21,52,23,21,23,39,0,22,63,64,20,45,38,18,22,18,23,19,13,34,13,27,44,22,14,17,31,21,22,22,126,16,43,46,20,18,55,28,23,34,21,20,23,24,16,22,23,22,25,25,14,19,24,18,22,17,22,22,26,48,22,14,26,18,19,23,26,18,21,23,39,18,20,51,21,42,26,26,41,41,20,45,23,15,16,44,20,19,20,35,62,17,21,20,31,41,23,96,13,16,30,49,17,19,27,21,22,32,30,22,23,23,41,23,15,36,25,31,36,35,20,18,23,17,51,19,14,21,77,23,14,29,29,19,28,28,32,13,15,29,20,23,38,40,22,23,18,28,23,36,87,37,22,26,17,28,21,30,21,22,23,28,16,36,33,21,28,22,38,34,30,37,27,33,32,24,22,52,27,18,21,16,24,36,23,44,30,23,29,20,23,16,21,18,19,19,16,21,19,23,21,20,42,24,15,11,21,17,25,20,25,28,18,15,21,25,24,97,20,33,18,22,39,25,24,19,21,21,16,18,16,13,18,19,16,25,17,25,32,22,20,14,35,21,19,21,87,18,17,28,18,17,24
13,97,37,31,12,19,36,33,34,17,15,37,32,19,41,29,38,25,10,16,11,38,14,25,9,39,40,12,16,20,12,9,12,15,66,10,20,31,46,13,39,7,14,48,24,15,12,13,14,17,8,36,20,56,34,41,22,23,45,12,12,33,40,12,26,63,12,21,33,10,11,6,28,17,36,37,37,12,61,20,11,24,9,10,26,26,30,50,9,20,8,12,20,21,12,41,11,58,13,27,14,39,22,0,67,72,12,48,47,13,31,25,12,10,21,46,20,33,44,13,21,13,37,10,12,11,132,20,52,49,7,22,59,33,15,44,19,25,10,12,17,29,29,12,31,33,18,20,11,19,19,26,21,14,28,51,23,26,31,15,23,14,36,20,13,30,42,11,14,57,23,49,31,39,46,41,10,44,12,14,12,46,10,25,27,35,66,16,13,20,38,42,15,104,16,10,35,58,28,30,32,14,28,37,36,14,22,10,45,33,17,40,26,35,43,37,18,19,16,13,53,26,14,18,89,29,22,33,33,20,34,31,38,18,12,36,28,21,41,39,24,12,11,33,31,37,89,42,32,32,30,36,23,40,24,33,12,34,21,31,40,14,33,8,40,37,32,35,41,39,35,29,9,55,34,19,12,10,29,31,23,55,36,21,29,11,10,14,13,15,16,20,11,16,27,12,12,10,42,34,23,17,26,21,31,17,30,26,14,24,11,34,24,107,11,42,14,15,42,31,31,9,18,9,14,18,29,22,17,18,25,11,10,14,38,12,10,18,38,10,26,24,88,19,26,31,14,30,12
69,72,60,64,65,66,59,66,70,61,64,61,63,66,62,61,64,62,61,64,68,63,67,68,67,65,63,66,67,67,62,65,66,67,64,65,61,64,49,66,67,65,63,46,67,63,68,67,68,66,62,54,63,59,71,59,63,61,63,67,61,55,48,65,66,58,66,67,68,62,62,67,61,62,63,67,63,67,63,65,65,60,64,67,69,68,62,49,67,64,64,65,67,62,66,69,63,61,67,64,68,58,63,67,0,66,63,67,62,68,62,69,67,61,64,62,66,58,58,68,66,62,63,64,66,66,122,63,50,59,64,67,62,61,66,53,59,64,67,66,66,62,69,64,67,70,64,70,68,65,61,61,65,68,65,58,67,63,63,65,58,68,59,67,66,63,58,60,66,63,68,43,67,58,58,57,62,62,68,63,66,57,67,66,64,66,55,66,66,64,63,62,68,94,65,66,69,64,59,63,63,67,69,68,65,68,67,67,65,63,66,65,64,62,66,67,66,59,67,64,53,61,64,63,82,60,63,66,55,66,66,55,60,66,66,62,67,67,65,61,67,67,63,64,69,61,81,67,68,65,63,60,64,61,63,61,66,66,64,67,61,67,63,67,60,61,64,60,52,58,62,60,67,53,64,66,65,66,65,66,59,53,59,61,64,63,67,66,66,63,64,64,66,64,63,67,67,62,55,61,63,63,61,66,59,65,59,67,68,65,65,57,71,93,66,61,68,64,62,59,68,64,68,63,65,67,61,61,62,64,65,69,67,67,68,66,65,64,71,65,65,66,78,65,64,62,66,61,69
75,86,58,56,74,64,65,62,61,69,68,66,54,65,53,59,61,68,71,64,74,57,74,75,68,74,76,64,63,65,74,73,64,64,58,73,72,67,59,65,77,72,64,51,69,64,74,67,76,69,73,60,71,58,72,61,66,64,63,76,73,61,57,74,68,59,64,75,70,70,70,72,65,70,61,57,61,69,57,67,73,62,73,73,74,70,65,68,73,67,72,73,67,66,74,63,73,65,74,54,76,61,64,72,66,0,73,59,58,67,63,74,76,71,67,72,61,69,63,75,64,69,75,73,73,73,109,65,47,55,72,73,60,63,76,57,71,58,72,77,64,55,65,73,68,69,68,76,76,66,72,66,66,75,75,55,70,63,57,67,63,76,60,66,74,62,61,71,67,52,68,58,62,55,53,66,73,73,75,66,65,66,69,64,59,60,49,65,74,67,58,62,74,79,66,65,61,60,60,53,67,74,61,75,73,75,72,75,78,59,64,64,73,66,64,69,67,70,73,65,62,64,67,71,72,56,68,68,72,67,58,67,57,66,63,53,68,75,73,72,76,76,70,72,74,62,78,78,68,65,60,58,74,55,73,60,76,58,69,71,60,74,63,72,61,71,66,69,58,54,66,64,74,63,66,64,74,65,61,71,71,47,69,73,74,74,75,65,74,67,67,70,65,72,60,75,75,73,59,55,62,66,65,65,67,66,64,75,72,66,73,65,75,84,69,58,67,73,65,66,66,72,66,73,66,68,58,65,66,67,62,75,65,78,67,74,73,67,76,73,75,67,79,64,59,71,64,59,75
9,94,40,32,4,20,35,29,35,19,11,42,31,20,40,25,38,24,9,16,11,36,6,26,12,34,35,14,18,23,4,12,12,17,68,6,17,32,43,14,34,4,12,47,22,14,9,14,8,13,10,37,20,56,33,40,21,23,46,7,14,33,43,5,24,65,14,20,31,11,10,6,23,14,30,37,31,10,62,18,6,24,4,7,27,24,32,46,7,18,9,4,21,18,7,40,7,58,14,29,7,40,20,12,63,73,0,51,48,14,32,21,6,3,20,44,22,27,43,6,22,12,34,12,8,4,133,18,52,48,7,17,58,33,5,45,18,25,9,11,18,28,30,10,32,32,18,18,8,20,18,26,24,2,27,54,21,24,33,16,23,8,34,17,5,28,45,11,16,58,21,46,32,36,44,43,9,46,5,16,14,45,7,26,28,38,67,16,7,22,39,43,12,105,14,12,36,56,28,31,28,8,28,31,31,2,23,7,40,32,18,41,24,33,44,37,20,18,13,14,51,26,11,18,86,28,18,31,30,18,35,28,38,15,14,36,23,20,37,41,18,6,18,33,29,39,91,37,30,27,28,37,24,38,24,33,7,35,20,35,36,8,34,6,40,36,31,37,40,41,33,26,5,54,35,21,4,12,30,35,21,53,34,20,27,11,7,16,5,16,18,19,10,12,26,16,13,10,44,32,22,18,22,18,31,16,29,25,16,22,4,30,23,105,17,43,14,15,41,31,32,10,21,9,14,16,25,20,14,16,23,11,12,13,39,6,5,15,35,7,25,25,90,20,27,27,16,29,8
53,95,39,36,52,42,38,46,36,47,44,46,30,45,35,39,40,46,49,41,52,35,52,53,48,51,55,44,45,42,52,50,44,44,66,50,50,44,46,45,56,48,40,37,37,40,52,47,54,47,51,42,49,41,39,40,44,42,50,54,50,41,44,52,47,60,44,53,45,47,48,48,43,48,43,37,43,48,48,46,50,39,51,50,49,49,43,46,50,46,50,51,46,44,52,47,51,57,52,36,54,43,45,48,67,59,51,0,45,48,43,50,54,48,45,49,43,47,48,53,44,45,53,51,51,51,116,43,42,44,49,51,61,41,54,45,49,38,48,55,45,36,42,47,47,48,46,54,53,44,49,45,44,53,53,46,49,44,38,47,40,54,39,47,52,41,48,47,47,35,46,45,42,38,41,43,51,52,52,46,45,52,49,44,39,38,44,45,52,47,38,40,52,85,45,45,41,34,39,33,45,52,47,55,53,53,50,52,53,36,44,43,51,41,44,48,47,50,50,45,49,40,45,49,79,39,48,41,51,48,39,44,40,47,43,39,50,53,53,46,51,54,47,48,50,45,84,55,46,46,39,40,52,35,49,35,54,39,47,46,40,52,42,48,43,52,37,49,43,46,41,42,51,52,45,43,52,43,45,47,49,44,44,51,50,52,52,43,52,47,47,49,45,51,39,53,53,51,43,33,41,46,44,45,47,48,43,52,52,45,50,46,54,96,46,38,48,51,40,44,46,50,46,48,46,48,39,43,46,47,41,52,44,56,46,52,50,48,52,50,53,45,82,46,37,48,45,39,53
50,93,37,36,49,34,45,41,48,43,42,48,42,38,44,41,44,44,46,42,49,43,49,53,43,44,50,38,35,45,49,48,38,40,59,48,44,46,46,38,53,47,42,46,46,42,49,42,51,46,48,45,44,50,49,42,44,43,41,51,47,38,43,49,43,57,38,48,45,45,45,47,44,46,46,44,46,44,48,42,48,43,48,48,49,46,46,47,48,42,47,48,43,44,49,50,48,51,49,38,51,43,38,47,62,58,48,45,0,43,33,46,51,46,42,53,36,43,47,50,38,44,47,48,48,48,121,43,45,41,47,53,54,43,51,34,44,37,47,50,38,40,37,48,43,50,44,51,51,43,45,39,43,50,47,42,45,36,36,41,40,51,39,44,49,44,44,46,42,46,47,40,44,39,42,41,48,52,50,40,38,47,44,38,38,45,58,38,49,44,34,43,49,95,42,38,45,51,41,33,46,49,31,49,48,50,47,50,48,46,38,43,43,44,37,51,42,43,48,38,44,41,43,46,74,41,46,47,49,42,43,39,44,44,37,42,47,48,44,46,44,51,41,47,44,38,78,52,43,43,39,32,48,40,48,41,51,43,45,50,42,49,34,47,46,46,46,45,46,44,46,45,49,46,49,42,49,38,38,47,48,47,44,48,45,49,50,38,49,44,44,46,38,48,39,50,50,48,47,41,41,43,45,44,40,43,38,47,48,42,48,44,52,95,45,33,40,48,47,46,45,47,43,48,38,45,41,39,43,43,41,50,39,51,50,49,48,46,44,48,48,44,87,38,37,39,44,41,50
16,98,32,27,16,8,37,27,25,19,9,39,27,8,35,23,34,23,13,14,15,34,13,30,10,36,38,6,9,23,14,13,5,13,62,14,20,32,46,2,41,12,11,47,23,12,16,1,17,10,15,39,20,52,30,37,19,23,43,17,19,31,41,14,22,59,6,22,32,11,10,13,28,16,30,30,30,5,57,16,15,23,15,15,27,25,32,52,13,16,12,15,17,18,17,40,13,57,17,20,15,40,18,13,68,67,14,48,43,0,29,18,16,13,17,41,16,29,47,15,16,11,35,16,15,14,124,18,48,46,14,19,61,32,16,39,22,20,12,16,16,25,25,16,28,29,16,21,15,15,23,24,19,15,26,52,22,20,29,7,21,17,32,10,14,28,43,12,11,55,23,48,20,34,45,43,14,46,14,9,12,50,11,21,23,37,62,6,14,20,34,38,16,97,12,5,24,54,25,26,31,14,23,34,32,15,24,15,42,27,14,36,25,36,39,35,15,22,15,2,49,22,9,18,83,25,20,32,35,16,23,30,35,9,9,33,23,22,39,42,20,16,17,33,29,35,86,39,28,32,25,33,24,37,15,29,16,23,12,35,38,14,29,13,40,38,33,38,36,34,34,29,15,56,34,15,15,5,28,35,24,51,36,24,28,14,15,13,14,5,14,20,4,17,23,17,16,14,43,30,17,17,25,16,29,11,27,25,19,20,14,32,23,102,18,37,2,19,42,31,28,14,19,14,8,8,23,19,6,13,21,16,4,16,37,14,14,9,37,13,20,23,88,8,21,29,9,25,15
34,93,29,21,33,18,33,29,28,27,26,37,31,22,32,27,35,30,30,26,31,30,33,35,27,40,39,22,21,29,33,32,22,24,62,32,28,30,43,22,38,31,26,46,31,26,33,26,35,31,30,34,28,50,29,33,29,27,36,35,31,30,40,33,26,55,22,34,27,27,29,31,28,30,32,32,32,28,48,26,32,28,32,32,34,29,29,48,32,26,31,32,25,28,33,41,32,57,33,24,35,40,22,31,62,63,32,43,33,29,0,35,35,30,26,43,20,32,43,34,22,28,35,32,32,32,121,27,47,50,31,32,60,30,35,35,31,23,30,34,22,28,23,32,30,31,28,33,35,27,32,24,25,34,35,49,27,22,21,26,25,35,28,30,33,29,39,30,26,46,29,44,32,33,44,39,32,46,34,25,22,48,28,20,23,34,57,22,31,28,27,34,31,93,26,20,29,50,25,22,30,33,20,37,37,34,32,34,44,28,22,36,27,32,31,36,24,28,31,22,52,23,27,30,82,27,27,29,33,28,26,25,35,28,21,31,33,34,41,36,35,35,28,30,30,28,83,40,29,34,25,27,30,34,33,26,35,26,26,30,34,33,23,31,41,36,31,32,33,33,34,29,33,51,31,25,33,22,22,30,31,48,34,31,27,31,34,20,33,28,28,30,22,29,25,34,34,32,42,27,25,28,29,27,29,28,33,35,32,25,32,30,30,98,28,30,27,32,39,29,31,31,26,30,23,30,27,24,27,27,25,34,23,35,33,33,32,30,38,32,34,24,85,23,23,30,28,27,33
26,94,37,33,22,21,36,29,33,25,18,39,30,20,37,24,32,23,22,21,23,36,18,32,22,26,31,17,18,28,23,27,18,18,64,23,24,29,43,19,43,21,19,48,25,19,25,19,25,10,23,37,27,54,31,39,24,29,44,24,24,32,43,22,22,59,16,23,34,23,19,24,26,24,29,32,29,20,61,21,25,25,23,24,24,26,29,53,25,21,23,23,22,23,23,44,23,49,25,28,24,39,18,25,69,74,21,50,46,18,35,0,22,20,21,41,20,23,41,23,20,22,25,25,25,23,130,23,48,47,24,20,57,34,20,42,24,26,26,22,21,26,32,24,31,32,20,21,24,24,23,29,26,20,25,53,25,22,36,20,22,25,34,12,22,25,44,20,23,58,23,50,29,36,44,43,24,47,22,21,19,43,22,26,27,37,67,18,22,24,40,45,25,103,14,18,30,55,25,30,30,20,29,24,21,20,27,23,37,26,18,39,24,34,43,36,25,22,25,20,51,26,15,22,84,24,24,34,33,21,32,31,38,13,19,38,13,23,28,42,9,22,23,33,30,35,93,31,30,32,29,36,27,36,22,29,22,32,17,36,39,20,31,24,42,40,33,39,40,41,38,27,22,55,35,22,22,19,29,36,26,53,32,25,30,25,24,17,22,20,24,24,18,23,26,26,25,23,44,32,19,21,23,19,32,22,26,30,27,22,20,29,30,103,25,45,18,23,44,30,31,23,25,21,20,16,24,19,23,22,22,24,18,22,40,23,21,14,26,25,17,27,89,22,28,31,20,29,25
11,96,43,35,8,23,40,32,38,18,13,43,32,23,42,28,39,25,11,19,10,39,8,27,13,35,37,17,19,25,9,12,15,20,67,8,19,33,46,17,41,6,14,51,23,15,11,15,8,15,13,38,19,60,37,41,22,24,49,4,15,36,46,7,27,67,17,22,34,14,12,6,25,18,30,37,31,12,65,21,8,27,12,9,27,27,31,51,9,21,12,11,23,21,8,43,13,61,16,28,7,41,23,12,67,76,6,54,51,16,35,22,0,9,21,46,25,29,46,6,25,14,35,9,10,11,136,19,55,49,8,14,57,34,3,48,20,28,11,5,21,31,33,13,33,32,19,21,7,21,23,29,26,4,28,56,22,27,34,15,26,8,37,19,9,31,47,14,18,61,24,49,34,39,47,44,10,47,8,19,15,48,11,29,31,38,69,19,7,24,42,45,13,107,17,15,36,57,31,34,33,10,31,33,32,4,24,6,42,35,21,42,24,36,47,37,22,22,16,17,58,27,13,20,88,31,20,36,32,21,37,31,40,16,17,39,24,22,38,44,20,0,19,31,32,38,93,39,33,28,31,40,25,39,24,34,1,37,22,36,40,10,37,7,42,39,34,36,41,41,39,31,3,57,38,24,8,15,33,36,24,56,36,20,32,14,7,19,9,17,20,19,13,13,29,16,12,11,46,35,25,19,24,20,33,15,30,23,17,25,7,35,24,107,18,46,16,15,46,32,33,13,23,9,17,17,28,22,20,19,26,10,13,7,40,10,8,16,36,8,26,24,92,23,30,30,16,30,10
9,91,38,30,4,18,34,28,33,18,9,39,30,18,39,24,36,22,6,13,9,35,7,26,9,31,34,12,17,24,5,10,10,15,65,5,14,30,41,12,35,4,12,46,21,14,8,13,7,12,9,35,20,55,32,38,22,20,44,10,15,29,39,4,23,62,12,19,30,9,8,7,24,14,30,35,29,9,60,17,7,20,5,8,26,23,30,46,8,17,7,5,18,16,5,38,4,57,12,28,6,38,19,10,61,71,3,48,46,13,30,20,9,0,18,42,20,24,41,5,20,11,31,11,7,5,131,17,51,49,5,14,57,32,6,42,17,23,9,10,16,26,28,7,31,32,16,17,7,17,19,25,21,5,26,51,18,23,31,15,19,7,33,16,6,27,42,9,16,56,20,43,31,35,43,39,5,44,6,14,12,45,8,24,26,38,66,14,8,22,37,42,12,104,13,10,35,55,26,29,28,9,26,30,28,5,21,6,37,31,16,39,21,31,42,36,20,17,11,12,51,24,9,15,85,26,16,29,29,17,34,25,36,14,12,34,22,19,34,41,15,9,14,30,26,36,91,34,29,29,26,35,22,37,22,32,8,34,19,31,37,9,32,7,40,35,30,33,39,39,34,24,6,51,32,20,3,10,28,31,19,52,32,21,25,8,6,14,6,15,18,17,8,12,24,16,13,8,40,31,20,16,20,16,30,14,30,23,16,21,3,27,20,103,13,41,13,14,39,28,31,9,18,8,12,15,24,18,14,16,22,10,11,12,39,3,2,14,32,6,24,25,87,18,25,25,14,28,7
22,93,34,26,21,15,35,24,32,18,15,40,23,17,30,20,30,16,17,17,21,28,22,28,18,37,40,15,15,22,19,22,15,17,65,20,14,32,39,16,37,19,14,39,19,11,20,17,21,12,19,36,21,50,23,28,19,24,42,21,19,34,45,21,20,62,15,21,27,19,14,21,22,19,30,33,30,18,56,14,17,24,20,19,25,23,30,48,22,14,18,18,18,14,20,39,20,55,22,28,21,39,13,21,64,67,20,45,42,17,26,21,21,18,0,40,18,30,43,21,16,18,36,18,21,21,127,14,43,44,19,23,59,29,23,39,20,21,22,22,15,24,24,19,22,28,10,21,23,16,21,21,19,22,22,53,24,21,28,17,22,21,26,16,22,24,44,17,14,54,18,44,30,32,41,43,19,45,20,16,16,43,19,20,24,34,63,17,22,18,34,39,21,99,14,16,34,48,23,23,27,22,22,35,33,22,21,22,44,25,15,40,26,30,38,31,15,20,21,17,54,20,13,19,83,24,17,28,31,14,27,28,27,14,16,29,22,22,41,43,23,21,22,32,25,37,87,41,21,28,23,34,21,30,21,28,21,27,18,37,34,22,28,21,36,34,29,35,35,36,33,25,21,51,29,19,21,16,23,37,22,43,31,23,29,19,22,16,22,17,17,17,16,19,22,21,21,19,44,24,16,11,21,10,27,14,28,25,18,15,20,28,25,99,19,38,17,19,38,26,22,18,19,20,13,14,20,12,16,19,16,22,17,23,31,19,19,15,37,20,20,21,90,18,19,29,13,24,20
47,91,40,32,46,40,42,37,28,41,40,45,36,43,34,32,36,36,42,36,44,35,47,51,43,46,44,38,38,41,42,48,39,37,67,45,41,38,45,40,54,43,37,44,43,37,46,41,46,38,45,40,46,49,45,42,36,32,50,46,43,43,41,45,43,61,37,48,45,44,38,45,38,41,39,40,39,41,62,40,45,32,44,45,50,44,40,45,46,40,46,45,40,37,45,39,44,54,46,33,45,44,34,46,62,72,44,49,53,41,43,41,46,42,40,0,36,42,48,47,39,41,39,46,46,45,131,37,48,47,43,46,54,40,46,35,35,29,47,44,42,36,46,43,44,36,38,42,47,45,42,35,47,47,43,47,45,37,39,42,41,46,36,35,45,35,42,42,44,55,41,46,30,38,39,50,44,51,45,42,40,35,43,41,26,45,62,39,45,47,38,47,46,100,39,39,30,54,22,33,38,46,43,48,41,47,48,46,44,36,39,43,47,41,51,39,45,45,46,41,56,39,40,43,88,23,43,41,48,40,29,43,41,35,38,44,42,48,46,52,48,46,42,49,47,45,89,48,41,42,26,41,47,37,47,36,46,29,42,49,41,46,43,45,45,42,37,51,38,47,43,33,46,56,37,39,45,40,45,49,48,53,43,48,45,44,45,38,45,42,45,47,39,44,22,47,46,42,47,35,32,37,38,39,44,44,41,45,47,40,43,43,49,105,44,45,41,47,47,36,43,43,43,43,39,42,32,39,44,40,29,45,40,45,44,46,44,36,50,44,44,40,85,43,35,44,42,32,46
24,92,26,16,23,12,33,24,25,17,17,38,25,14,30,20,33,21,20,14,24,28,23,29,17,32,33,9,8,20,23,21,10,13,61,22,19,28,41,11,42,21,15,44,23,15,24,17,25,20,22,34,20,49,31,31,15,22,38,25,20,26,38,23,24,54,8,20,30,18,16,21,23,17,30,29,30,18,50,18,22,21,22,22,28,26,28,48,22,18,21,22,11,17,23,37,22,53,23,17,25,38,13,20,66,61,22,43,36,16,20,20,25,20,18,36,0,25,42,24,8,17,35,23,22,22,120,16,44,45,21,24,58,25,25,32,25,14,21,26,13,21,19,21,25,28,16,22,25,14,26,21,20,24,28,44,21,16,21,15,16,25,26,21,23,22,35,20,17,46,23,45,19,30,41,36,22,45,24,14,11,43,18,12,14,32,58,14,23,18,26,38,23,94,16,12,23,49,19,15,28,23,15,30,29,24,21,24,37,26,8,35,24,31,28,33,16,22,21,11,46,19,17,21,79,20,13,28,33,18,19,27,31,17,9,30,22,20,34,40,26,25,16,29,22,33,84,34,25,26,21,24,20,30,21,25,25,19,12,35,31,23,22,21,38,32,29,32,33,27,31,24,23,51,27,14,23,12,20,35,26,46,32,25,32,23,24,10,23,16,16,19,12,20,16,23,24,22,40,24,15,16,20,17,27,16,26,30,21,17,22,27,23,100,15,28,15,24,37,27,26,21,16,22,15,16,20,14,15,13,16,26,11,27,30,23,22,18,35,22,24,20,83,11,13,28,15,21,24
33,84,33,26,28,30,30,30,33,20,27,36,28,32,34,27,29,24,25,23,29,30,28,39,31,18,20,28,28,29,27,31,27,30,56,29,23,26,37,31,39,28,24,41,30,25,33,30,31,25,29,33,25,53,33,33,26,24,38,28,26,21,30,28,32,54,28,29,28,28,28,31,24,21,24,28,23,30,55,31,31,22,29,32,30,31,28,46,32,31,27,27,28,24,30,38,28,47,32,25,31,32,27,33,58,69,27,47,43,29,32,23,29,24,30,42,25,0,36,30,32,21,28,31,31,29,127,23,45,42,29,24,52,30,28,31,24,26,33,28,33,26,35,30,30,22,27,28,31,32,24,26,29,29,23,43,24,26,27,31,19,31,26,27,28,25,37,24,32,54,33,37,28,31,40,31,28,44,31,30,31,35,32,31,28,35,62,32,29,31,33,41,30,98,26,30,29,52,25,27,30,28,31,20,19,29,28,30,27,27,30,37,22,28,41,32,33,27,28,31,43,25,26,26,80,25,27,30,31,31,31,27,34,23,26,35,23,29,20,43,20,29,24,28,24,32,83,20,27,29,25,33,28,31,29,27,28,31,25,39,31,28,32,31,35,34,25,32,36,32,32,23,28,45,32,30,27,30,29,39,24,47,31,30,27,29,30,31,28,31,33,26,29,26,24,30,33,29,40,24,25,27,22,27,30,29,27,27,33,30,28,20,29,96,27,32,29,32,32,22,31,28,30,25,29,26,27,27,30,24,26,31,29,29,38,26,25,26,27,30,27,26,78,34,26,23,28,26,31
47,89,35,33,45,45,24,39,43,40,46,36,35,45,34,29,35,38,40,39,45,38,43,47,43,39,43,43,46,42,45,47,43,46,60,45,43,35,36,45,51,44,42,41,46,42,44,46,47,42,43,30,40,45,36,41,39,38,38,46,40,32,37,45,45,56,43,48,44,38,44,46,37,39,37,36,37,45,55,43,45,35,43,46,41,42,25,41,45,42,42,45,42,40,44,38,41,52,45,35,47,37,44,44,58,63,43,48,47,47,43,41,46,41,43,48,42,36,0,46,43,40,41,42,45,46,123,41,39,41,46,42,51,41,46,34,44,38,46,47,46,34,48,43,45,38,41,44,48,46,45,41,44,45,42,42,39,42,37,45,38,47,36,42,44,33,34,39,43,50,42,36,41,30,34,33,43,44,44,45,43,33,45,43,39,30,55,44,42,42,42,40,46,97,39,43,42,46,38,37,39,43,48,43,42,45,47,47,42,34,43,39,45,32,48,46,43,44,43,46,43,42,44,42,84,39,43,33,46,42,38,35,38,41,43,39,42,48,41,44,40,46,44,38,39,45,83,44,39,38,36,38,46,40,43,32,46,38,43,46,27,43,44,46,35,44,34,42,35,40,34,33,45,46,41,43,45,45,41,44,39,42,39,42,47,41,47,43,44,47,44,35,45,40,36,47,47,45,38,36,39,43,36,43,38,42,38,43,46,41,44,36,45,99,42,41,47,42,30,39,46,45,43,45,44,41,30,42,44,38,38,47,46,48,40,42,43,42,44,47,42,39,77,47,41,39,43,31,46
5,97,42,34,5,22,39,32,37,19,12,43,31,22,42,28,40,25,11,19,11,39,8,24,14,36,39,16,19,25,7,13,14,19,69,2,19,32,47,16,40,6,13,50,24,15,6,15,4,15,11,38,21,59,35,41,21,26,48,8,16,36,46,1,27,67,16,20,34,14,11,7,28,18,32,38,32,12,64,21,10,27,6,5,28,27,31,51,9,21,12,7,23,22,7,41,7,61,14,30,2,41,22,13,68,75,6,53,50,15,34,23,6,5,21,47,24,30,46,0,24,14,36,10,3,7,135,21,55,48,8,17,58,34,8,47,20,27,11,8,20,30,32,13,33,32,19,19,4,22,22,28,26,6,29,56,21,26,35,17,26,4,37,19,4,31,47,15,18,60,24,50,33,39,47,44,11,47,6,18,16,48,10,28,30,39,69,18,8,24,41,45,11,106,16,14,37,59,31,33,33,9,30,35,33,6,24,2,43,34,20,42,25,37,46,37,22,20,16,16,56,26,12,20,88,31,20,34,32,21,36,32,39,16,16,38,25,20,39,44,21,6,19,33,32,40,93,40,33,30,31,39,25,41,25,34,6,36,21,36,41,9,36,5,42,40,33,38,41,41,38,30,4,58,37,23,3,14,32,36,24,56,38,20,30,13,3,18,4,17,20,20,12,13,29,16,12,11,46,35,25,19,26,19,33,17,29,24,17,25,4,34,25,108,18,45,15,14,44,33,33,11,23,9,16,17,28,22,18,20,26,8,13,10,40,8,6,16,37,7,27,24,91,22,29,30,16,30,5
24,94,29,21,23,11,35,28,30,18,17,38,29,9,31,24,36,23,20,17,22,34,23,29,17,37,40,9,12,24,23,22,10,14,61,22,22,29,43,12,42,21,16,44,23,16,23,17,25,20,22,36,21,51,28,35,19,26,40,25,20,32,42,23,21,58,8,24,28,19,19,21,25,21,34,33,34,17,52,19,22,25,22,22,25,23,32,46,22,18,19,22,14,18,23,42,22,56,23,22,25,42,14,21,66,64,22,44,38,16,22,20,25,20,16,39,8,32,43,24,0,18,36,22,22,22,122,18,42,49,21,24,60,31,25,38,22,18,19,26,11,25,19,22,26,31,17,22,25,15,22,23,18,24,26,48,21,20,26,13,21,25,32,20,23,26,39,20,17,48,22,47,21,34,43,41,22,43,24,12,12,47,18,13,18,36,60,12,23,18,30,38,21,96,17,12,25,51,24,21,29,23,18,35,34,24,22,24,44,30,6,39,21,34,34,32,18,21,19,9,49,20,16,21,83,25,20,29,33,20,23,28,36,20,10,33,26,24,41,40,26,25,20,28,26,32,86,41,28,30,25,29,19,34,19,29,25,23,10,35,34,23,24,21,39,34,34,34,36,36,34,28,23,50,30,17,23,12,21,35,21,51,32,24,26,23,24,10,23,16,17,16,12,18,20,24,24,22,44,30,19,19,25,19,29,17,30,30,22,16,22,32,22,101,19,30,15,22,37,28,24,21,17,22,15,18,24,18,15,17,20,24,11,27,33,23,22,18,37,22,23,22,88,10,16,33,19,25,24
16,89,35,27,13,16,30,27,32,12,11,38,27,20,37,23,35,18,5,13,14,32,11,29,13,30,29,11,14,21,11,13,11,14,65,15,11,29,39,11,39,13,7,43,19,9,17,11,15,15,10,34,17,52,31,37,18,21,45,14,17,27,37,13,24,57,10,20,30,7,11,13,22,11,27,34,28,13,59,18,14,20,12,12,25,24,26,48,12,18,12,12,17,14,14,38,10,55,14,25,15,39,17,13,62,69,12,45,44,11,28,22,14,11,18,41,17,21,40,14,18,0,29,9,14,12,129,15,48,46,15,20,54,30,14,39,18,22,11,15,16,26,28,13,29,29,15,21,18,18,18,25,22,14,25,49,18,21,29,14,17,15,30,17,12,23,40,9,14,55,22,41,29,34,42,37,10,42,13,12,14,42,14,23,25,36,64,14,11,20,35,42,10,100,13,13,33,53,25,27,25,11,24,25,24,14,22,17,34,29,16,39,23,28,40,34,19,19,15,14,51,21,13,15,84,25,16,27,30,18,32,23,35,11,10,34,20,20,33,38,17,14,13,26,22,35,89,31,27,27,25,34,21,34,24,29,14,32,20,34,34,11,32,13,36,30,29,35,36,38,30,23,15,47,30,18,12,12,28,34,22,49,31,21,26,13,17,13,12,14,18,17,12,14,23,16,13,11,37,28,18,14,19,16,28,14,25,25,17,21,14,24,21,100,14,38,14,12,34,27,26,9,17,14,10,18,23,16,14,15,20,18,12,20,35,12,14,15,31,14,25,22,84,20,23,26,14,25,16
39,94,38,40,34,34,39,40,44,29,33,43,42,36,38,38,34,35,31,30,35,40,30,39,35,22,30,35,31,39,36,37,35,34,60,35,28,39,45,33,47,34,32,50,34,32,37,36,37,31,33,44,31,58,37,40,35,37,46,36,35,36,39,34,37,58,35,38,39,30,34,37,33,30,37,39,36,36,62,35,37,33,35,37,41,36,34,50,37,35,33,35,35,31,37,45,34,58,37,38,35,41,31,37,63,75,34,53,47,35,35,25,35,31,36,39,35,28,41,36,36,29,0,36,37,34,135,31,53,52,36,30,60,40,32,41,33,39,39,34,37,40,40,34,38,37,36,37,37,37,35,36,37,33,33,56,34,34,40,37,31,37,39,32,37,35,45,29,38,59,36,46,38,38,49,40,34,45,35,35,33,43,37,36,38,41,68,36,37,37,41,43,38,105,33,35,38,58,39,37,31,37,37,24,21,33,39,36,31,36,36,42,32,37,41,37,36,34,36,37,48,33,31,34,86,38,35,35,40,36,38,31,44,33,34,41,27,38,24,44,22,35,28,32,30,33,90,24,39,40,37,36,37,38,36,38,34,38,34,31,38,37,40,37,43,37,42,32,45,43,39,37,34,57,39,37,34,36,38,35,35,56,37,36,34,36,36,36,37,37,39,32,35,34,37,39,39,35,45,39,35,33,36,34,37,36,39,38,40,33,32,37,38,101,31,44,35,34,40,36,38,32,33,33,34,33,38,34,37,34,34,35,35,34,39,35,32,34,22,37,34,35,91,38,40,33,34,40,37
13,94,41,33,9,20,33,31,37,16,13,41,33,20,40,26,38,25,7,18,11,36,9,20,10,38,40,15,19,26,9,10,12,18,67,11,18,32,43,15,30,12,11,49,23,14,10,16,9,17,9,37,22,55,33,39,18,24,46,9,9,34,45,9,21,65,15,19,31,9,10,11,23,14,36,36,35,12,62,15,13,26,5,11,26,21,32,49,7,15,10,9,22,19,12,41,7,58,12,30,9,39,21,10,64,73,12,51,48,16,32,25,9,11,18,46,23,31,42,10,22,9,36,0,10,6,133,20,50,45,10,21,54,30,12,46,19,26,11,15,16,27,30,8,29,32,18,19,14,20,21,27,24,12,23,53,20,25,32,18,24,9,34,19,10,25,44,12,15,58,18,47,33,36,45,42,9,46,9,18,13,47,11,27,29,39,67,17,8,20,39,43,14,105,16,11,37,57,29,32,31,9,29,37,35,12,22,13,43,30,18,39,25,33,44,36,18,18,14,16,55,25,14,14,88,30,20,31,30,15,33,27,37,17,14,35,27,19,40,41,22,9,18,32,28,38,89,40,31,28,29,37,23,38,23,32,8,33,22,35,33,9,34,11,41,33,31,36,39,41,32,26,11,51,33,21,9,12,28,35,22,54,35,16,28,4,13,17,10,18,16,20,12,14,28,14,14,11,43,32,24,19,22,20,31,18,26,26,12,19,12,32,22,104,15,43,14,9,40,28,31,10,20,11,15,20,27,20,16,20,20,11,12,17,38,6,9,17,37,11,23,26,89,20,28,30,15,27,11
5,96,41,33,7,20,35,31,36,19,13,42,30,20,41,27,39,25,11,17,9,37,9,23,13,37,41,15,19,24,8,12,13,18,67,3,19,31,45,15,38,8,13,50,23,15,6,14,6,17,10,35,21,56,34,40,21,24,46,10,15,34,44,2,26,65,15,21,32,13,12,6,26,17,36,37,35,10,62,20,10,26,6,3,25,26,31,48,8,20,10,6,22,21,8,39,7,60,13,30,6,39,22,12,66,73,8,51,48,15,32,25,10,7,21,46,22,31,45,3,22,14,37,10,0,6,133,20,53,48,7,20,58,32,9,46,21,25,9,11,18,28,30,12,32,32,19,17,8,20,23,29,24,8,28,55,20,26,34,16,24,6,35,18,5,30,46,13,16,58,23,49,33,38,46,43,10,46,5,16,15,48,9,27,29,38,67,16,9,22,39,43,11,105,16,13,37,58,29,32,32,9,28,37,34,8,22,6,44,34,18,41,24,34,44,38,20,20,14,14,55,25,12,17,89,29,19,33,32,20,35,31,38,16,15,36,26,21,40,42,22,10,18,32,30,38,90,41,30,30,29,37,23,39,22,33,9,35,22,35,40,9,34,4,43,37,32,36,41,39,35,27,7,55,33,21,5,12,30,35,21,55,36,20,28,12,6,16,5,16,18,19,11,13,27,15,11,10,44,33,23,19,24,18,30,16,29,23,16,24,5,32,20,106,17,43,15,12,42,32,31,11,22,9,14,19,27,21,16,18,25,12,13,13,38,6,7,16,38,6,26,25,89,20,27,28,15,29,6
9,96,41,32,6,21,35,31,36,15,12,40,32,21,38,27,37,25,10,18,11,37,7,22,12,34,39,14,18,24,6,10,12,17,66,7,19,33,45,15,36,7,12,50,21,15,9,14,6,15,9,37,22,56,31,39,19,23,46,12,12,33,43,6,26,66,14,18,32,11,11,7,25,14,34,36,33,11,62,20,8,24,3,7,27,26,33,50,4,20,11,2,20,20,5,40,5,59,10,29,7,38,22,11,66,73,4,51,48,14,32,23,11,5,21,45,22,29,46,7,22,12,34,6,6,0,134,20,52,46,7,17,54,31,8,46,20,25,9,12,18,28,30,8,32,32,19,18,9,19,22,28,23,7,27,53,20,26,32,16,23,6,35,17,7,30,44,13,15,58,23,48,32,38,46,41,9,46,7,17,13,48,8,26,28,40,66,17,8,23,39,42,13,105,16,12,36,58,29,31,30,7,28,35,31,7,23,8,42,30,18,40,25,35,44,35,19,20,15,15,55,25,12,16,88,29,19,32,32,20,35,30,38,15,14,36,25,18,37,43,20,11,16,32,29,37,90,39,31,29,29,37,24,39,23,33,10,35,22,35,39,7,34,7,41,36,31,35,40,40,34,28,8,54,34,22,6,12,30,35,23,54,36,18,29,9,8,16,7,16,17,21,10,14,27,16,12,10,43,33,23,19,24,19,32,16,27,25,17,24,6,32,22,105,15,43,14,12,42,29,32,9,20,10,14,18,27,21,17,19,25,14,12,14,39,4,5,15,35,8,25,25,89,21,27,29,13,29,10
135,115,114,114,134,122,122,120,124,127,128,123,116,123,121,118,123,122,131,120,132,120,135,132,128,131,132,122,123,122,134,133,122,124,117,132,132,126,117,123,133,130,124,112,127,124,132,124,136,128,131,118,130,111,128,121,124,124,125,136,131,122,118,134,126,120,122,135,129,130,130,132,123,129,114,121,114,128,97,125,133,120,133,133,132,127,123,122,133,125,130,134,125,124,132,122,133,122,134,116,136,117,126,132,122,109,133,116,121,124,121,130,136,131,127,131,120,127,123,135,122,129,135,133,133,134,0,123,113,118,132,133,120,121,136,118,131,116,132,137,123,117,121,133,129,128,128,133,134,126,132,125,126,135,133,116,129,123,115,127,124,136,119,126,135,120,117,129,127,107,128,121,118,109,114,120,133,131,135,126,123,124,129,122,117,116,108,123,135,125,112,124,132,93,124,123,122,107,120,114,127,135,120,134,136,135,134,133,136,122,122,122,131,122,122,131,127,132,130,123,124,122,127,130,97,120,128,126,134,125,121,124,117,126,121,114,131,135,133,127,133,136,129,129,130,124,115,134,127,123,118,108,132,118,132,120,136,121,125,131,117,135,120,132,115,133,123,129,113,115,121,124,132,123,127,122,134,123,125,131,131,109,130,133,129,134,133,123,135,124,127,129,123,131,118,135,135,133,115,118,118,128,124,125,128,127,126,133,131,124,134,126,134,120,129,118,124,131,122,125,126,132,126,132,126,126,118,123,126,124,118,133,124,138,125,134,132,127,136,133,133,125,121,123,113,128,125,120,134
22,90,31,24,19,16,30,24,28,17,17,33,22,19,33,20,29,19,14,6,19,27,22,29,19,32,33,15,16,14,17,18,15,15,64,19,16,26,38,16,40,19,11,41,19,11,16,18,22,15,17,28,17,48,30,29,14,15,43,19,21,28,36,20,25,60,15,17,30,16,16,20,17,15,26,28,25,18,54,16,19,18,19,20,24,28,22,46,20,16,19,18,16,3,18,34,18,51,18,21,22,29,16,20,63,65,18,43,43,18,27,23,19,17,14,37,16,23,41,21,18,15,31,20,20,20,123,0,43,43,18,20,57,15,19,39,21,17,22,22,17,20,26,16,25,21,16,19,20,19,23,22,23,20,28,50,20,21,28,18,19,22,25,16,21,23,41,13,18,50,23,43,24,31,41,38,14,43,22,19,16,42,20,21,20,27,59,18,21,21,34,41,23,95,14,16,28,48,20,25,19,22,28,31,28,20,21,19,38,25,16,36,24,25,38,27,18,21,22,18,50,15,15,18,83,21,16,24,30,19,27,26,32,14,14,32,24,20,35,39,22,19,16,28,23,34,84,35,22,22,20,31,19,29,17,25,19,27,19,32,33,22,29,20,30,31,25,34,31,34,29,15,19,48,21,14,20,17,27,32,20,43,32,22,28,19,19,17,21,18,18,19,16,20,19,17,17,17,35,23,11,16,10,12,22,17,24,29,18,21,21,27,24,94,16,37,18,20,36,17,23,14,18,18,18,19,20,13,17,15,15,21,17,23,26,19,18,16,33,19,25,11,83,18,19,26,15,20,22
53,85,39,32,53,47,35,41,44,47,49,40,39,48,30,36,38,43,49,46,56,38,55,53,49,48,50,44,47,49,52,53,44,47,61,53,50,45,31,46,53,52,45,28,44,45,50,48,54,44,52,40,51,40,44,39,45,45,44,55,53,41,39,53,44,55,44,43,49,50,47,52,42,46,41,40,41,49,52,46,51,42,51,52,53,45,46,38,53,45,52,52,45,43,52,45,51,42,47,36,54,44,43,52,50,47,52,42,45,48,47,48,55,51,43,48,44,45,39,55,42,48,53,50,53,52,113,43,0,36,52,56,47,41,55,38,51,40,54,54,45,37,51,49,37,47,45,53,54,50,52,40,48,55,51,42,53,43,40,49,46,54,39,44,54,37,35,50,50,49,43,36,42,31,38,41,49,50,54,49,46,38,50,44,40,44,48,48,54,51,42,46,54,84,42,46,45,45,37,37,43,55,50,51,54,55,43,54,55,35,45,47,48,43,47,39,50,52,55,48,43,47,47,49,69,38,49,43,53,46,42,43,40,42,44,42,50,43,50,53,52,55,50,46,49,52,79,50,46,50,37,39,43,42,53,35,55,42,47,45,32,55,46,52,39,41,45,51,29,40,43,39,55,34,40,47,53,47,43,47,50,25,40,52,55,52,54,47,54,49,51,51,46,52,37,43,45,52,34,37,42,48,43,47,46,50,44,55,47,38,54,44,49,93,49,38,48,48,40,43,42,48,48,54,48,47,35,45,50,47,39,54,47,55,34,53,53,45,54,53,45,48,78,49,43,52,48,35,56
51,84,40,35,47,47,34,44,38,42,47,43,35,47,43,39,38,44,46,42,49,41,46,54,50,46,46,47,47,44,47,48,47,49,57,49,48,41,32,48,54,50,43,40,45,43,49,46,47,48,48,38,48,47,47,46,35,39,45,49,48,39,36,47,47,57,47,51,47,47,48,49,38,45,38,41,38,49,56,48,51,40,44,49,46,47,39,44,47,48,47,47,47,42,49,47,47,51,48,39,47,39,46,49,59,55,48,44,41,46,50,47,49,49,44,47,45,42,41,48,49,46,52,45,48,46,118,43,36,0,48,50,44,38,50,43,46,42,50,46,48,42,50,48,47,44,50,51,52,49,47,44,51,50,47,49,46,44,41,48,42,47,39,48,48,37,44,46,45,51,44,34,38,40,45,42,47,50,47,47,48,41,50,47,42,39,50,49,46,49,42,48,48,90,46,48,48,49,38,39,47,46,48,51,47,50,51,51,54,40,50,47,45,39,51,46,45,41,48,46,46,42,44,49,80,34,44,38,44,48,43,47,37,48,47,38,50,51,47,51,48,49,47,48,48,46,76,45,46,43,36,42,48,39,47,40,48,43,49,48,35,46,49,49,39,50,39,49,34,42,45,32,51,41,44,44,47,48,49,48,48,38,43,44,47,43,51,48,48,50,49,48,48,46,36,52,52,49,43,37,40,48,40,43,43,49,32,46,50,48,50,42,47,91,47,46,49,49,40,40,47,47,49,48,48,50,40,44,49,48,40,46,48,47,45,46,49,48,50,49,49,44,77,47,44,46,47,37,52
9,94,37,31,8,19,35,30,35,19,12,42,32,19,39,26,36,23,9,16,9,36,6,23,11,35,40,13,17,21,6,9,12,16,66,5,17,32,44,13,36,4,14,46,23,15,5,14,9,16,9,34,21,56,34,39,21,24,45,8,14,32,42,7,26,64,13,20,32,10,9,3,25,18,34,36,33,11,61,20,8,23,6,7,25,26,29,47,5,20,10,7,20,19,8,38,7,58,13,28,9,38,20,7,64,72,7,49,47,14,31,24,8,5,19,43,21,29,46,8,21,15,36,10,7,7,132,18,52,48,0,18,58,31,9,42,16,25,8,7,17,28,29,11,29,31,17,16,4,19,18,26,23,8,28,53,19,26,32,16,22,9,34,17,8,30,44,12,15,57,23,46,31,38,46,40,8,43,9,16,13,46,7,25,27,35,66,15,7,21,38,42,12,104,15,11,35,58,27,30,30,6,28,35,32,8,20,5,43,33,17,39,25,34,43,37,19,18,13,14,52,24,12,17,89,28,18,33,30,20,34,30,37,15,14,36,25,20,39,42,20,8,13,32,29,37,90,40,30,30,29,36,23,38,22,33,7,34,21,32,40,6,33,5,39,36,33,34,40,39,35,27,5,54,31,20,7,12,29,32,20,53,34,20,28,9,5,15,8,16,17,20,10,14,26,13,10,7,43,32,22,17,23,18,30,16,29,23,17,24,6,31,22,105,12,42,14,13,42,29,29,9,20,11,14,17,26,20,16,18,25,11,12,9,36,8,6,15,37,3,26,24,87,19,27,27,15,29,8
22,95,40,33,18,24,39,33,34,22,16,43,34,24,42,29,36,26,16,19,21,39,17,31,21,26,35,21,22,24,19,23,20,24,68,18,19,36,44,21,42,17,20,52,25,20,19,20,22,18,21,37,20,60,37,39,25,25,45,21,20,31,43,17,27,66,21,21,35,20,19,20,24,20,30,35,29,19,65,24,16,25,19,21,24,26,29,53,21,24,18,19,25,21,22,38,18,59,22,29,20,40,18,22,67,73,17,51,53,19,32,20,14,14,23,46,24,24,42,17,24,20,30,21,20,17,133,20,56,50,18,0,62,33,15,43,22,28,22,15,23,31,33,16,35,33,22,20,18,17,24,26,25,16,29,53,23,26,32,21,21,22,37,19,20,30,44,16,25,58,24,46,33,39,46,38,16,46,20,23,21,44,21,29,29,39,66,22,21,23,40,43,23,107,19,20,35,57,31,35,26,20,30,31,27,16,27,17,36,34,23,41,22,34,45,39,19,23,19,21,54,26,17,22,86,31,19,36,27,21,36,27,42,19,21,38,22,25,29,43,16,14,24,31,29,36,92,35,29,29,30,38,26,36,24,34,13,36,20,38,42,20,35,20,40,41,33,34,42,41,39,25,13,54,35,23,18,20,31,38,21,55,35,22,31,19,17,22,20,21,26,18,19,19,28,25,22,18,45,35,24,22,25,21,29,22,34,28,21,26,17,29,20,106,23,46,19,18,45,31,35,19,22,18,22,19,29,20,23,22,26,17,19,15,44,18,15,19,27,19,25,25,89,23,28,30,20,30,21
61,79,56,51,57,58,54,56,55,50,58,56,54,58,56,55,52,54,54,57,59,54,57,61,58,56,54,58,57,56,57,57,58,59,49,59,53,54,48,58,58,59,55,51,57,55,60,60,57,58,57,52,57,54,62,53,52,52,55,57,56,47,38,57,62,62,58,63,59,56,57,59,53,52,57,46,57,59,63,59,61,49,54,59,61,61,49,57,57,59,58,57,57,56,60,60,57,47,56,53,57,51,55,59,62,60,58,61,54,61,60,57,57,57,59,54,58,52,51,58,60,54,60,54,58,54,120,57,47,44,58,62,0,52,60,53,55,53,59,55,59,53,60,56,60,58,58,63,62,59,59,58,61,60,58,51,57,56,54,58,50,57,52,56,58,51,54,53,59,60,60,46,57,54,56,49,57,58,57,57,58,48,60,58,54,55,64,57,58,61,54,55,57,90,56,58,55,63,56,50,58,57,56,56,57,60,61,61,62,52,58,51,57,54,61,56,59,56,58,59,51,56,56,58,79,54,60,52,55,59,56,56,53,59,58,52,57,63,56,62,57,57,54,60,60,58,79,51,62,54,56,50,62,54,58,53,56,56,60,58,51,57,59,59,54,57,52,54,52,54,56,51,59,45,57,59,57,58,59,58,60,45,57,54,58,55,61,58,58,61,60,58,58,59,56,61,62,59,52,51,55,56,53,59,57,58,50,63,60,60,60,55,61,83,56,57,58,58,54,55,59,55,59,59,56,59,55,57,60,59,56,61,59,54,57,54,57,60,55,59,59,54,74,60,55,58,58,53,59
35,87,30,23,32,29,28,29,31,27,30,33,21,31,33,26,29,28,29,21,34,25,33,37,33,34,35,29,30,28,30,29,29,29,59,32,31,26,38,30,41,33,25,40,29,25,34,31,35,29,30,28,30,47,31,31,23,27,38,34,32,25,31,33,33,58,29,32,31,31,30,33,21,29,25,31,24,32,53,34,34,25,30,33,29,34,25,46,31,34,32,31,30,18,30,35,33,48,29,26,35,27,28,33,61,63,33,41,43,32,30,34,34,32,29,40,25,30,41,34,31,30,40,30,32,31,121,15,41,38,31,33,52,0,34,32,33,25,34,37,31,24,32,30,24,31,29,37,33,31,34,24,32,33,33,46,33,30,25,32,26,35,21,32,34,27,41,29,30,48,27,38,28,29,39,36,29,43,35,32,30,42,34,29,26,24,57,31,32,30,32,41,35,92,30,30,31,47,25,25,25,33,31,37,34,33,31,32,46,26,29,36,33,29,35,32,30,32,35,31,44,22,28,32,82,25,32,29,34,34,27,28,30,30,28,31,33,32,37,46,36,34,29,32,33,35,77,37,28,23,26,28,30,27,31,25,34,27,31,35,28,33,31,33,29,36,27,32,30,34,29,19,32,46,24,27,33,30,31,35,31,39,35,33,31,30,32,30,34,32,31,33,30,34,26,32,32,32,35,21,26,29,23,25,23,31,24,34,36,31,34,24,38,92,29,31,32,34,35,14,28,27,32,32,31,33,26,24,31,30,25,35,31,38,28,32,31,32,42,32,33,23,81,32,21,31,28,24,34
11,96,43,35,5,21,39,32,36,21,13,44,33,21,42,28,38,27,11,19,9,39,5,27,15,32,36,17,21,27,6,12,15,20,69,7,19,33,45,15,40,9,14,49,25,16,11,17,9,15,12,38,19,60,37,42,23,26,49,7,14,36,46,6,27,66,17,22,34,14,12,9,25,18,33,36,32,12,65,21,9,27,9,10,27,27,31,51,8,21,10,8,24,20,9,43,12,61,16,32,9,43,23,15,66,76,5,54,51,16,35,20,3,6,23,46,25,28,46,8,25,14,32,12,9,8,136,19,55,50,9,15,60,34,0,48,18,28,11,6,21,31,33,12,33,32,21,21,9,23,20,29,27,3,28,57,23,27,36,19,26,9,37,19,6,31,48,13,17,61,24,48,34,39,47,46,9,45,7,17,17,48,11,29,31,38,70,17,8,24,42,46,13,107,17,15,36,57,31,34,34,9,31,32,29,3,24,8,39,35,21,41,23,35,47,37,21,20,14,15,54,28,13,20,88,31,20,36,30,21,37,30,40,18,17,39,22,22,35,42,17,3,21,35,31,40,92,36,33,28,31,40,25,39,23,36,2,37,22,35,40,9,37,8,42,38,33,40,43,43,39,30,4,56,37,22,5,15,33,35,24,56,36,22,30,13,8,19,6,19,19,22,13,13,29,16,12,9,47,35,25,21,23,22,33,19,31,23,17,25,4,34,23,106,20,46,16,14,46,31,33,12,24,9,17,17,28,22,17,19,26,12,15,8,40,7,6,18,33,9,26,26,91,21,30,28,18,32,9
47,77,27,30,46,34,35,40,38,37,43,39,38,41,30,37,40,36,41,38,46,35,46,48,39,39,37,37,36,42,44,45,37,39,53,44,40,38,37,39,42,42,40,36,42,40,45,39,48,43,43,33,42,43,41,35,40,39,32,48,44,25,28,46,40,45,37,46,36,42,41,44,39,39,37,36,37,42,48,41,43,36,45,45,43,37,35,41,45,40,43,45,35,40,46,43,45,49,46,32,48,36,34,44,53,57,45,45,34,39,35,42,48,42,39,35,32,31,34,47,38,39,41,46,46,46,118,39,38,43,42,43,53,32,48,0,39,36,45,48,41,37,42,43,38,44,40,47,46,38,40,35,37,47,43,32,39,37,33,40,33,48,32,41,47,34,27,40,40,46,40,30,37,34,36,24,44,39,47,39,39,34,41,37,36,37,52,41,47,39,33,37,46,91,41,39,37,49,36,31,38,46,39,36,40,47,40,45,44,38,38,35,37,34,37,40,40,40,42,39,38,35,43,40,75,38,40,37,38,41,37,30,37,39,36,37,41,46,39,43,44,48,38,42,36,34,75,39,40,38,37,28,43,33,40,38,48,37,36,37,33,46,35,44,36,40,40,31,36,34,38,38,44,41,40,37,46,40,34,39,39,38,38,42,42,44,45,40,47,39,41,39,39,44,37,46,46,43,37,33,38,39,39,41,37,40,38,42,44,39,46,28,45,92,39,24,39,44,31,37,42,42,37,44,40,37,37,38,40,36,37,47,40,49,37,46,44,40,43,43,43,40,74,40,36,37,39,37,46
23,90,35,31,17,23,29,30,34,17,19,41,31,22,36,26,37,22,15,20,19,34,17,21,20,29,37,21,23,23,15,21,21,22,66,19,17,28,39,20,33,20,19,42,21,19,21,22,21,19,19,33,21,55,33,37,21,23,46,20,18,30,43,19,23,61,21,13,31,18,16,19,21,20,36,36,35,21,60,15,21,23,18,21,23,23,28,47,21,15,17,19,22,19,21,45,19,56,21,28,21,40,21,19,59,71,18,49,44,22,31,24,20,17,20,35,25,24,44,20,22,18,33,19,21,20,131,21,51,46,16,22,55,33,18,39,0,24,23,21,22,28,30,19,24,36,21,21,22,23,3,24,24,18,30,52,19,27,31,23,22,21,32,19,18,28,43,15,23,56,23,42,30,40,44,37,18,41,21,22,20,41,22,26,26,36,66,22,16,22,37,43,20,103,20,20,31,55,26,28,28,17,28,26,31,18,22,21,34,31,22,40,25,32,42,38,24,18,22,22,53,24,17,17,88,28,25,31,25,16,34,28,37,20,22,39,21,13,39,40,9,20,18,29,26,36,90,35,30,25,29,36,21,33,23,31,20,34,18,32,38,17,32,21,33,32,28,34,40,37,34,25,21,52,30,25,17,21,31,32,16,51,31,20,20,17,21,22,18,23,24,17,20,18,27,16,23,17,45,30,21,19,21,23,31,24,28,28,20,23,18,28,26,102,18,41,22,17,39,24,23,16,22,18,21,21,26,18,24,22,25,20,21,22,35,20,19,20,37,19,27,25,88,23,27,28,22,31,21
27,93,26,15,27,20,24,19,13,22,20,35,18,18,28,10,27,16,24,16,27,25,26,34,21,33,36,15,15,16,26,25,15,15,60,25,22,22,35,20,44,24,18,39,23,19,28,20,28,23,25,30,25,45,33,29,20,12,36,28,25,26,39,26,26,56,15,25,35,22,22,24,23,20,24,24,24,21,45,24,25,11,25,26,23,27,19,48,24,24,25,26,18,17,25,27,25,55,27,12,28,33,20,25,64,58,25,38,37,20,23,26,28,23,21,29,14,26,38,27,18,22,39,26,25,25,116,17,40,42,25,28,53,25,28,36,24,0,24,29,17,15,21,26,27,29,20,27,28,20,26,24,23,27,32,47,23,21,18,18,20,28,23,22,26,15,38,23,20,39,18,46,12,23,36,39,24,46,27,17,20,44,20,19,8,28,52,18,26,21,24,33,26,90,20,16,16,45,12,15,28,26,20,35,34,27,25,27,43,17,16,30,29,28,31,32,20,23,25,16,49,21,21,26,80,12,19,28,38,24,14,29,30,22,14,27,27,25,36,43,27,28,22,34,28,32,80,37,28,26,12,23,25,27,24,16,28,14,22,37,28,26,24,24,34,36,21,35,24,33,28,21,26,52,28,18,26,15,26,37,29,43,33,24,35,25,27,15,26,20,20,26,15,25,10,25,26,23,34,19,15,19,20,19,27,20,26,32,26,21,25,25,28,99,21,31,18,28,34,25,27,25,19,25,17,23,10,18,19,19,14,30,16,30,33,26,25,23,41,25,25,22,80,18,11,30,20,12,27
11,98,40,30,10,20,35,32,33,20,15,42,31,17,42,28,40,26,12,16,9,39,9,27,11,39,41,12,16,20,9,10,10,15,63,8,21,31,47,12,40,9,13,52,23,17,10,14,12,18,11,35,22,56,34,40,23,23,45,11,17,33,43,10,27,65,12,22,33,10,13,6,29,16,36,35,37,9,61,21,11,22,8,9,25,27,33,48,6,21,10,10,18,22,8,40,8,61,14,27,12,37,23,10,67,72,9,48,47,12,30,26,11,9,22,47,21,33,46,11,19,11,39,11,9,9,132,22,54,50,8,22,59,34,11,45,23,24,0,13,17,28,29,12,32,32,20,19,11,19,23,29,23,10,29,51,19,26,32,13,23,12,37,19,9,31,42,15,15,57,24,51,30,39,47,41,11,45,10,13,13,49,9,24,26,38,65,13,10,21,38,42,12,104,16,10,34,58,29,29,34,10,27,37,36,10,21,10,46,34,17,39,25,35,43,39,19,22,13,11,52,25,15,19,90,28,20,33,33,21,35,33,40,17,12,36,27,22,42,40,24,10,16,32,31,34,90,43,32,32,29,36,22,39,24,32,11,35,21,33,41,10,33,6,44,39,31,34,42,40,35,30,9,57,34,20,9,11,29,33,22,56,35,20,28,14,10,15,9,15,17,21,8,14,27,16,8,9,41,35,23,20,25,19,32,16,31,22,15,25,7,32,22,108,14,42,12,13,42,33,31,12,18,9,13,18,28,23,16,18,26,15,10,15,36,10,8,17,39,7,27,25,88,17,26,27,15,30,11
13,96,42,36,10,24,38,33,39,18,14,43,33,24,43,29,38,25,14,21,13,40,7,23,16,34,38,18,20,23,12,12,15,21,70,9,20,33,46,18,39,9,15,52,27,15,13,16,9,16,12,39,24,60,38,40,19,29,49,9,13,37,47,8,28,68,18,21,35,13,13,9,29,19,30,36,29,14,64,22,13,28,13,12,26,28,31,49,12,22,13,12,25,22,10,42,14,62,15,31,7,44,24,12,66,77,11,55,50,16,34,22,5,10,22,44,26,28,47,8,26,15,34,15,11,12,137,22,54,46,7,15,55,37,6,48,21,29,13,0,20,30,34,13,32,33,20,20,7,25,22,30,26,9,28,56,20,28,37,18,27,9,38,20,10,32,47,14,21,60,25,51,34,40,48,45,14,50,11,20,18,47,14,30,32,37,70,20,10,25,43,46,12,107,18,14,37,60,30,33,33,9,30,34,31,9,23,6,41,36,20,42,22,34,48,36,25,19,19,18,57,26,14,19,89,30,20,37,33,22,37,33,41,17,18,40,24,21,37,44,19,5,19,32,32,41,96,38,32,33,32,39,24,42,24,35,4,37,21,35,40,9,38,10,41,35,33,39,42,42,38,29,6,55,36,25,9,16,33,35,23,57,40,21,32,12,8,20,10,16,23,20,14,16,30,15,14,11,46,36,26,20,27,20,31,19,27,27,18,26,8,33,24,107,18,47,16,14,47,33,32,10,23,12,16,18,29,22,18,23,27,7,14,2,39,11,9,17,35,9,26,24,90,24,31,33,17,31,12
20,97,30,21,19,7,32,26,29,20,14,42,29,8,35,21,35,24,16,15,19,34,19,28,13,40,41,8,5,24,19,18,9,11,64,18,15,32,42,8,39,17,14,47,23,14,18,15,21,20,18,38,22,52,29,36,20,23,40,21,18,33,43,19,18,59,7,20,28,15,15,17,27,20,34,31,34,14,50,12,18,24,18,18,25,21,30,50,18,12,17,18,15,18,19,40,18,59,19,21,21,40,16,17,66,64,18,45,38,16,22,21,21,16,15,42,13,33,46,20,11,16,37,16,18,18,123,17,45,48,17,23,59,31,21,41,22,17,17,20,0,22,20,18,25,31,14,21,21,14,23,24,19,20,24,50,22,20,23,9,23,21,32,14,19,25,41,16,13,45,19,50,24,31,42,42,18,48,20,12,8,50,14,15,18,35,60,8,19,16,29,38,19,96,13,8,28,51,24,15,31,19,20,38,36,20,21,20,45,27,5,37,25,34,33,34,15,21,17,8,53,22,15,13,82,25,20,31,33,12,26,28,33,18,9,30,24,20,42,40,24,21,15,31,28,35,87,42,27,31,24,28,20,35,17,27,21,26,13,36,34,19,24,17,42,36,34,36,32,36,34,27,19,54,33,15,19,8,24,36,21,50,33,19,27,19,20,9,19,13,12,16,8,17,21,19,19,18,42,30,19,16,22,16,27,13,30,27,17,16,18,32,22,102,17,33,8,18,40,31,27,17,17,16,9,11,22,17,12,15,18,18,9,21,33,19,18,17,39,18,20,23,89,10,19,29,15,20,20
31,93,28,19,30,24,28,25,24,26,23,36,13,24,22,17,22,21,28,19,29,23,28,38,26,33,37,22,23,21,29,29,21,23,59,28,27,27,32,25,45,28,21,38,26,22,32,24,31,26,27,28,28,44,31,28,22,19,38,31,30,26,37,29,28,56,22,33,33,25,25,28,24,24,23,10,22,26,44,26,28,19,28,30,28,28,24,44,27,25,28,29,23,22,29,32,28,53,31,18,31,28,22,29,62,55,28,36,40,25,28,26,31,26,24,36,21,26,34,30,25,26,40,27,28,28,117,20,37,42,28,31,53,24,31,37,28,15,28,30,22,0,25,28,31,30,22,30,31,25,29,26,27,30,31,47,25,23,24,24,21,31,22,24,29,21,39,26,24,40,25,45,21,24,31,37,27,46,31,23,25,45,25,23,18,26,49,22,28,26,28,32,30,87,23,21,25,42,18,14,29,28,25,37,34,30,31,30,44,24,21,31,27,29,35,35,24,29,27,22,49,22,22,29,80,18,25,28,38,26,23,28,24,24,21,18,27,33,36,42,28,31,26,32,33,31,81,37,27,27,18,26,30,24,30,22,31,23,23,35,26,28,28,28,33,38,24,34,30,29,30,21,29,52,28,22,29,22,26,35,27,40,33,29,31,29,30,23,29,22,24,30,22,28,17,32,30,26,23,19,19,21,21,23,28,22,26,29,32,24,28,24,32,98,24,33,21,31,33,25,29,28,24,26,23,24,17,21,21,22,18,34,23,31,32,29,28,24,41,28,32,23,76,25,16,29,23,18,31
32,100,34,23,31,16,37,24,29,29,23,44,28,20,34,27,39,30,28,26,29,35,31,36,25,43,42,20,19,29,31,30,20,23,65,30,30,33,41,20,40,29,25,49,20,25,31,24,33,30,30,41,28,49,29,33,30,28,39,33,29,32,41,31,28,61,20,31,32,27,27,29,30,29,35,34,35,26,50,24,30,27,30,30,30,28,29,52,30,24,29,30,25,27,31,43,30,60,31,22,33,41,23,29,69,65,30,42,37,25,23,32,33,28,24,46,19,35,48,32,19,28,40,30,30,30,121,26,51,50,29,33,60,32,33,42,30,21,29,34,20,25,0,26,30,32,26,33,33,23,29,25,24,32,31,54,31,21,27,24,21,33,32,28,31,29,45,26,24,41,29,51,24,35,44,44,30,46,32,23,20,51,26,22,22,36,59,20,31,26,20,42,29,95,24,20,27,45,26,22,33,31,21,42,38,32,27,32,49,28,20,40,30,32,32,40,24,25,29,20,54,25,25,28,83,29,28,30,31,24,27,31,35,28,20,32,35,31,46,44,33,33,27,34,30,37,90,43,31,32,24,26,30,36,32,25,33,27,28,36,40,31,19,29,45,40,37,36,39,34,31,30,31,58,31,26,31,18,23,34,29,53,35,30,31,31,32,18,31,26,26,26,20,30,24,32,32,30,44,31,26,25,30,26,31,25,28,34,29,23,30,31,34,103,28,30,23,30,36,31,25,29,26,28,21,27,27,25,25,26,26,32,19,35,34,31,30,28,36,30,32,28,90,20,21,31,25,27,32
14,93,39,32,10,20,31,30,36,20,15,39,33,20,39,27,38,22,5,15,14,34,12,20,9,38,37,13,17,22,11,12,13,16,67,10,17,30,40,14,37,10,15,48,18,16,9,16,14,16,6,37,22,51,29,37,21,25,46,13,14,33,41,10,21,64,13,21,31,13,9,12,26,17,33,36,32,13,62,15,11,24,10,12,26,21,30,48,12,15,8,11,20,15,12,40,9,56,8,28,14,44,22,12,64,73,10,47,48,16,32,24,13,7,19,43,21,30,43,13,22,13,34,8,12,8,133,16,49,48,11,16,56,30,12,43,19,26,12,13,18,28,26,0,31,33,18,20,13,19,21,26,23,13,23,53,23,24,33,18,23,14,32,17,11,25,44,10,17,56,18,46,32,35,44,37,9,46,14,17,14,47,12,26,28,39,65,15,11,24,39,44,14,103,17,11,36,55,27,31,26,12,29,35,32,13,21,14,42,26,18,40,24,31,44,35,22,19,17,16,55,23,15,15,88,29,20,27,31,15,35,29,37,15,13,36,28,21,39,43,21,13,16,33,28,38,93,39,28,27,28,37,23,36,20,26,12,35,22,35,36,12,34,12,42,37,34,36,39,40,31,23,12,53,32,21,10,15,30,35,20,51,34,18,29,10,14,15,11,18,19,18,13,11,26,16,11,10,40,30,23,17,23,17,28,17,32,27,16,19,11,28,20,105,16,41,17,12,36,29,31,10,20,13,15,17,26,19,17,17,20,10,15,18,39,12,9,15,31,12,21,24,88,20,27,31,15,27,15
31,95,34,28,31,27,35,30,37,30,30,38,33,28,39,29,37,26,28,27,34,35,34,35,29,39,36,26,27,32,28,32,26,27,69,32,29,32,46,26,47,31,26,44,28,26,29,28,32,28,31,28,31,53,31,35,29,33,44,33,33,31,39,32,28,59,26,26,35,29,25,31,28,27,33,35,33,29,59,25,28,27,31,31,33,29,31,48,32,25,31,32,28,26,29,40,31,55,22,30,32,35,25,31,67,68,32,47,43,28,30,31,33,31,22,44,25,30,45,33,26,29,38,29,32,32,129,25,37,47,29,35,60,24,33,38,24,27,32,32,25,31,30,31,0,32,23,33,33,31,26,24,32,34,28,52,30,28,34,29,30,32,30,30,33,29,45,29,31,56,31,47,31,34,44,37,30,40,33,29,26,44,30,27,24,32,65,28,33,32,38,44,31,101,28,26,36,54,28,30,28,34,31,41,37,34,19,32,46,32,27,40,30,30,43,22,31,33,32,28,51,27,28,29,89,30,31,31,37,26,34,31,42,28,26,37,35,26,42,43,33,33,28,32,29,38,82,37,33,28,30,36,25,39,29,32,33,34,29,33,34,34,35,31,33,27,35,39,38,41,36,31,34,41,21,29,32,27,32,33,29,50,26,31,31,30,32,27,33,29,32,29,26,30,30,26,26,27,39,31,28,26,29,28,22,31,31,34,30,26,33,22,25,103,30,38,28,29,40,24,11,29,30,33,28,29,28,27,31,26,24,32,27,33,24,33,33,29,41,30,28,29,88,29,28,32,28,28,34
33,97,39,34,33,30,34,27,21,31,31,37,29,32,35,27,27,30,32,19,31,33,32,35,33,29,37,29,29,26,33,36,28,29,66,31,33,30,39,31,49,32,25,43,33,26,32,29,34,28,34,34,35,50,29,38,28,30,45,36,34,32,41,32,32,66,29,34,37,31,31,32,28,30,28,16,28,30,60,28,33,32,32,33,31,32,31,53,32,28,31,33,31,22,31,25,32,57,34,32,31,37,25,33,70,69,32,48,50,29,31,32,32,32,28,36,28,22,38,32,31,29,37,32,32,32,128,21,47,44,31,33,58,31,32,44,36,29,32,33,31,30,32,33,32,0,27,25,31,32,37,32,34,32,31,50,30,28,24,29,32,34,32,25,34,29,42,30,28,53,30,43,16,30,38,40,33,47,30,30,29,41,33,33,31,31,61,30,35,30,37,44,32,98,26,30,23,49,28,20,31,34,30,35,32,32,34,32,40,29,30,31,34,28,43,35,29,34,33,29,51,25,29,30,87,28,29,27,35,27,18,34,37,26,27,31,30,34,33,46,34,32,30,36,31,38,89,38,35,28,28,34,34,37,29,30,32,18,28,42,36,34,35,32,32,40,28,35,36,35,33,27,32,59,28,27,33,29,32,42,31,49,37,33,33,33,31,30,34,27,28,31,29,31,27,35,33,32,40,29,21,27,27,23,33,29,29,34,31,28,32,25,33,101,31,45,29,31,39,31,31,33,33,30,30,30,27,25,29,27,25,30,29,33,32,28,30,27,36,32,30,15,85,31,27,31,27,27,30
20,92,33,28,19,16,35,24,31,16,12,41,24,18,31,20,29,16,15,15,19,30,20,29,16,34,37,12,15,21,17,19,12,13,62,18,15,31,43,15,41,17,12,40,19,10,20,15,19,13,17,35,19,51,26,33,22,23,44,19,18,32,42,19,21,62,12,23,26,18,12,19,23,16,29,31,29,16,56,16,15,24,18,17,25,25,29,46,20,16,16,16,18,17,18,37,18,52,18,25,19,38,14,18,64,68,18,46,44,16,28,20,19,16,10,38,16,27,41,19,17,15,36,18,19,19,128,16,45,50,17,22,58,29,21,40,21,20,20,20,14,22,26,18,23,27,0,19,21,19,22,19,23,20,26,50,19,20,28,14,22,19,28,12,20,24,41,15,17,52,21,44,29,32,42,42,17,44,18,16,15,42,17,24,25,34,64,15,20,22,35,41,19,100,11,14,33,49,21,26,28,20,22,32,31,20,19,20,41,28,11,36,25,31,40,35,19,22,16,15,55,20,13,18,83,22,11,29,31,16,31,27,29,11,12,30,20,23,38,41,22,19,15,30,26,36,90,38,21,27,23,33,24,32,21,27,19,31,17,36,35,20,30,19,38,37,28,36,35,36,34,25,19,53,30,17,19,14,24,36,21,48,28,21,27,17,20,14,20,14,16,19,14,17,20,20,19,17,42,26,15,7,21,9,26,17,27,22,17,17,18,26,25,100,15,37,16,21,37,27,23,16,15,16,15,16,20,14,15,16,18,22,15,21,32,17,17,12,36,18,22,20,88,16,20,29,14,23,18
18,99,44,31,20,18,41,30,33,20,20,43,35,23,42,27,37,25,20,17,16,40,19,26,22,36,41,22,18,29,17,20,21,25,72,16,21,36,47,21,42,17,22,49,20,22,17,20,19,21,19,41,20,55,34,46,22,29,48,21,19,36,46,18,24,69,22,23,35,22,19,17,31,20,35,37,35,18,64,23,19,27,18,18,25,27,32,53,19,23,17,19,19,21,16,27,20,60,16,26,19,43,19,20,70,76,18,54,51,21,33,21,21,17,21,42,22,28,44,19,22,21,37,19,17,18,133,19,53,51,16,20,63,37,21,47,21,27,19,20,21,30,33,20,33,25,19,0,18,25,22,26,27,20,28,52,22,26,30,16,26,19,38,13,19,29,43,21,18,61,22,48,29,38,41,44,20,47,18,16,21,47,20,25,26,38,72,19,19,25,42,48,16,107,16,21,37,55,31,30,35,19,31,37,34,20,27,17,43,32,18,39,29,33,45,40,22,22,14,19,56,25,20,21,91,31,20,33,34,19,30,30,43,10,22,38,26,23,39,46,22,21,19,33,33,41,96,41,28,31,29,39,28,42,26,37,21,30,19,39,43,19,35,17,41,42,37,37,43,43,38,33,15,61,38,21,19,20,31,39,25,55,39,23,32,17,17,18,19,21,23,21,20,17,27,21,18,17,48,36,23,16,28,16,32,13,30,27,13,27,16,29,24,110,17,46,21,16,41,31,36,20,19,17,20,19,27,21,21,11,25,17,21,19,41,19,17,16,37,17,26,25,91,22,30,31,18,27,15
9,97,41,35,7,23,39,33,38,23,14,45,35,23,41,29,39,27,13,17,11,40,7,24,15,37,40,17,20,25,9,13,15,20,70,6,21,36,48,17,42,6,17,52,27,19,9,16,5,16,11,38,25,59,37,40,25,27,49,8,16,36,46,5,28,68,17,20,35,14,13,6,28,21,33,37,33,13,65,22,11,27,10,9,27,28,33,51,9,22,12,9,24,23,7,40,11,62,14,31,3,39,24,11,68,76,8,53,51,15,35,24,7,7,23,47,25,31,48,4,25,18,37,14,8,9,134,20,54,52,4,18,62,33,9,46,22,28,11,7,21,31,33,13,33,31,21,18,0,23,24,30,27,6,28,57,21,28,36,18,26,5,38,18,7,32,48,16,19,61,25,50,33,40,48,42,12,47,8,19,17,50,11,29,31,41,70,19,8,23,42,46,11,106,18,15,37,60,31,34,32,9,31,36,34,6,24,2,44,36,21,41,25,36,46,38,23,20,16,17,56,25,14,20,89,31,20,36,34,22,36,32,41,17,17,39,26,20,40,44,22,7,17,33,31,41,94,41,31,32,31,40,25,42,25,35,7,36,21,36,42,9,37,7,41,38,35,36,42,42,38,29,3,56,35,24,6,15,33,36,23,57,38,24,30,13,4,19,7,18,21,22,13,15,29,16,12,11,46,36,25,21,27,18,30,18,33,26,18,26,5,31,23,108,16,46,15,14,44,33,33,11,24,11,17,17,29,22,19,19,27,5,14,9,40,8,6,17,38,6,28,23,89,23,30,30,17,31,8
22,95,36,26,21,12,31,28,33,18,17,43,30,13,37,24,36,23,17,16,21,29,22,30,14,37,40,14,17,24,21,20,14,17,62,20,21,29,43,15,38,19,17,48,15,17,21,14,23,14,20,36,24,51,28,35,23,22,40,21,18,30,41,21,25,58,14,21,29,18,18,19,26,19,35,34,35,17,57,18,20,24,20,20,27,23,30,49,20,13,19,20,16,18,21,41,20,59,20,27,23,40,18,19,65,66,20,44,43,15,27,24,21,17,16,45,14,32,46,22,15,18,37,20,20,19,126,19,50,49,19,17,59,31,23,38,23,20,19,25,14,25,23,19,31,32,19,25,23,0,24,27,8,22,23,49,23,23,27,12,20,23,27,19,21,25,40,16,14,51,17,48,28,34,38,42,20,46,22,11,15,48,16,21,24,36,61,15,21,13,32,33,21,98,16,15,33,53,27,26,30,22,24,37,35,22,23,22,44,27,14,38,23,31,33,37,14,16,20,15,54,22,17,16,82,28,20,31,28,18,31,30,34,19,15,33,20,24,39,41,25,21,20,33,29,32,85,41,26,31,25,32,16,34,23,30,21,31,17,35,39,22,27,19,41,35,35,34,37,35,31,26,20,53,33,15,21,13,24,35,25,49,34,20,31,21,22,13,21,12,12,19,15,20,26,22,21,20,42,25,20,20,24,16,27,16,32,28,21,20,20,30,23,101,17,37,15,21,39,32,26,18,15,18,13,22,24,16,11,17,20,22,14,26,36,20,19,16,36,20,24,24,85,11,22,29,14,25,22
24,92,36,30,19,24,31,30,35,21,21,43,31,23,37,26,39,22,17,23,20,35,20,19,21,30,35,22,24,25,17,23,22,22,65,21,19,31,42,21,33,20,21,43,23,21,22,23,23,20,21,34,23,56,34,39,23,24,46,23,20,31,44,21,24,62,22,15,33,20,18,19,23,22,36,37,35,22,61,16,22,26,20,21,23,24,27,49,23,16,19,21,24,22,22,46,21,58,20,30,23,41,22,19,61,72,18,49,45,23,32,23,23,19,21,42,26,24,45,22,22,18,35,21,23,22,132,23,52,47,18,24,59,34,20,40,3,26,23,22,23,29,29,21,26,37,22,22,24,24,0,25,25,18,31,53,20,28,32,24,23,23,33,20,20,26,44,17,24,57,25,44,30,39,45,39,20,43,21,23,21,42,23,27,27,38,67,23,19,23,38,44,22,104,21,21,34,56,26,31,30,20,27,23,31,18,23,23,36,33,23,43,25,31,43,37,25,20,24,23,51,25,19,19,89,29,26,32,27,17,33,30,39,21,23,38,23,15,39,42,18,23,20,31,28,37,91,35,30,27,29,39,22,34,23,33,23,33,22,34,39,20,33,21,35,34,30,36,40,38,35,25,23,54,32,27,19,22,32,34,18,52,31,22,22,19,23,23,20,24,25,17,21,20,27,18,24,19,43,31,23,20,23,23,29,25,28,29,21,24,20,30,28,104,20,42,23,18,40,26,25,18,23,20,22,22,26,20,25,23,24,24,22,23,36,22,21,21,39,21,28,26,89,24,27,29,24,30,23
30,91,30,23,27,23,31,23,30,24,22,36,24,24,28,25,27,21,23,22,29,28,27,34,24,35,35,22,23,26,26,29,22,23,64,27,24,26,40,22,38,26,22,40,26,22,28,24,29,23,24,35,23,48,29,30,24,29,39,29,22,29,36,27,18,56,22,29,23,26,20,28,24,24,29,31,28,24,54,23,27,26,27,28,29,24,28,46,29,21,26,27,24,22,28,41,27,51,28,24,29,40,17,26,61,66,26,45,39,24,24,29,29,25,21,35,21,26,41,28,23,25,36,27,29,28,125,22,40,44,26,26,58,24,29,35,24,24,29,30,24,26,25,26,24,32,19,26,30,27,25,0,22,28,29,44,26,16,27,21,25,29,25,23,27,23,36,25,27,50,21,40,25,28,40,36,26,40,29,25,22,41,26,22,24,36,61,20,27,26,31,41,28,97,16,22,29,48,19,24,28,27,21,30,34,28,30,29,41,22,23,39,26,31,35,34,25,22,25,24,50,21,21,24,78,25,25,30,29,24,29,26,33,23,22,30,27,29,38,38,31,29,25,32,29,35,86,35,24,29,19,29,28,29,23,22,29,29,26,29,31,27,25,28,38,34,32,34,31,36,33,24,28,48,28,22,27,23,23,31,23,43,30,27,32,25,29,21,27,28,26,24,22,27,19,29,30,26,43,24,19,22,25,25,26,27,28,30,23,20,27,24,30,98,25,34,24,26,37,23,25,25,23,26,24,26,25,21,27,22,18,30,23,31,32,28,26,24,39,27,29,25,86,25,25,33,25,19,29
26,95,35,27,25,16,34,32,29,25,21,40,31,18,33,28,37,24,20,22,25,32,25,25,17,39,42,18,21,26,25,24,18,21,63,24,25,26,45,19,34,23,21,49,20,21,25,18,27,18,24,39,23,51,28,35,25,25,38,26,22,31,41,25,20,57,18,27,28,21,21,23,24,21,34,35,34,21,57,21,24,25,24,24,29,21,32,49,24,21,23,24,20,24,25,43,24,54,25,24,27,42,22,21,65,66,24,44,43,19,25,26,26,21,19,47,20,29,44,26,18,22,37,24,24,23,126,23,48,51,23,25,61,32,27,37,24,23,23,26,19,27,24,23,32,34,23,27,27,8,25,22,0,26,24,42,21,23,32,19,22,27,30,23,25,26,33,20,18,51,22,49,29,36,39,39,24,45,26,15,19,44,20,17,25,38,61,19,24,15,33,31,25,98,20,18,35,53,29,27,30,25,21,39,37,26,27,26,46,34,18,39,22,30,37,37,19,24,22,19,51,24,21,22,82,30,22,32,28,22,32,30,39,23,19,34,22,27,41,41,28,26,24,31,29,31,85,43,28,33,27,33,24,36,25,32,26,32,21,32,37,25,27,23,40,38,37,32,40,37,31,28,24,54,33,21,25,17,23,31,25,54,35,22,31,23,26,16,25,16,16,22,19,24,25,26,26,24,40,28,23,24,26,20,26,17,27,28,25,16,24,32,30,101,17,37,20,24,40,32,26,22,15,22,17,20,28,19,15,22,21,26,20,27,37,24,23,20,37,24,26,26,85,20,23,29,18,27,26
9,96,42,34,4,20,39,31,35,21,13,44,32,20,41,27,39,26,11,18,8,38,5,26,14,33,35,16,20,25,5,11,14,19,68,6,19,32,45,14,40,6,14,48,24,16,9,16,8,14,12,37,20,59,36,43,23,25,48,7,14,35,45,5,27,65,16,21,33,13,12,6,27,16,32,37,33,11,64,21,7,26,8,7,27,27,30,52,7,21,11,7,23,20,7,42,11,60,15,31,7,42,22,14,68,75,2,53,50,15,34,20,4,5,22,47,24,29,45,6,24,14,33,12,8,7,135,20,55,50,8,16,60,33,3,47,18,27,10,9,20,30,32,13,34,32,20,20,6,22,18,28,26,0,28,56,23,26,35,18,25,8,36,19,5,31,47,13,17,60,24,48,33,38,46,45,9,44,4,16,16,47,10,28,30,37,69,16,8,23,41,45,12,106,16,14,36,57,30,33,32,9,30,31,30,0,25,6,40,34,20,41,23,37,46,37,21,20,13,14,53,28,13,20,87,30,20,35,32,21,36,30,40,17,16,38,22,21,36,41,18,4,20,35,31,39,92,37,33,29,30,39,26,39,24,36,5,36,21,34,41,9,36,5,41,40,33,39,42,43,38,30,3,58,37,21,4,14,32,34,25,55,36,22,29,13,7,18,5,18,19,21,12,12,28,17,13,8,46,34,24,20,24,21,34,18,31,24,17,25,3,34,23,107,19,45,15,14,45,31,34,12,23,9,16,16,27,22,16,19,26,11,14,11,41,6,5,17,34,8,26,27,91,20,29,27,18,32,8
30,96,40,32,28,27,36,29,34,28,25,42,28,27,36,27,32,28,26,26,29,38,28,28,26,38,35,25,27,31,28,28,25,28,65,27,30,31,46,26,35,27,24,50,21,24,25,26,30,22,25,37,28,52,30,41,28,33,46,28,25,31,42,28,22,61,25,28,36,27,25,28,30,29,33,29,32,25,62,17,26,32,27,28,31,18,28,54,29,17,25,27,28,27,27,40,27,59,26,32,28,38,26,28,65,75,27,53,47,26,35,25,28,26,22,43,28,23,42,29,26,25,33,23,28,27,133,28,51,47,28,29,58,33,28,43,30,32,29,28,24,31,31,23,28,31,26,28,28,23,31,29,24,28,0,57,27,26,33,27,30,30,35,21,28,19,48,25,26,58,15,43,28,35,42,42,27,42,26,27,26,44,26,29,32,36,69,27,28,25,39,44,29,103,22,26,28,55,26,29,29,28,32,32,31,28,29,29,40,24,25,38,28,32,43,34,27,29,28,27,51,25,25,25,85,27,25,30,29,20,32,34,41,21,26,40,20,28,40,45,29,28,29,31,27,36,92,37,32,30,26,39,31,38,24,31,28,32,25,38,30,28,34,28,43,42,35,37,39,41,33,29,28,54,34,27,28,26,30,40,27,50,38,28,33,28,29,26,28,27,27,27,26,28,29,29,28,28,42,33,25,27,28,24,30,25,36,32,20,19,28,28,30,103,28,45,26,24,42,29,33,27,27,28,26,24,28,23,26,26,19,23,26,29,41,23,25,23,29,29,17,28,88,28,29,32,23,28,30
56,74,42,43,55,46,47,53,53,49,53,45,48,50,44,49,51,50,50,50,54,49,55,60,47,49,52,47,48,51,55,54,47,49,53,54,52,48,46,47,61,53,50,48,51,50,55,52,57,51,51,47,50,49,53,51,52,49,42,56,53,40,34,55,53,44,47,57,50,49,51,53,52,49,50,47,50,50,55,53,54,47,54,54,55,51,47,47,54,52,50,54,46,51,55,51,54,41,55,43,57,50,48,51,58,55,54,46,42,52,49,53,56,51,53,47,44,43,42,56,48,49,56,53,55,53,116,50,42,49,53,53,51,46,57,32,52,47,51,56,50,47,54,53,52,50,50,52,57,49,53,44,42,56,57,0,50,49,41,53,45,57,44,54,55,47,32,51,52,52,53,37,50,47,46,41,54,50,56,51,47,41,50,47,47,47,57,52,54,52,47,42,56,90,51,48,48,52,48,43,49,55,48,50,52,56,52,56,52,49,47,45,51,49,47,55,52,54,53,52,35,46,53,52,69,48,52,50,51,53,50,41,47,47,46,46,52,57,49,48,53,56,48,49,50,45,75,54,53,52,48,41,54,51,50,49,56,50,49,51,48,55,48,53,48,53,45,49,46,45,48,50,54,30,52,48,55,50,48,52,50,39,48,51,55,53,56,48,55,52,49,47,49,52,48,56,56,54,45,44,49,53,49,54,48,51,49,55,56,51,54,45,55,91,42,44,48,54,45,49,54,52,40,53,50,49,49,50,51,49,50,58,50,57,50,54,53,50,54,54,56,52,68,51,47,48,49,50,55
23,94,38,30,22,22,34,28,34,21,19,40,28,21,40,24,34,23,21,16,16,33,20,29,21,32,36,20,21,21,19,19,19,22,66,19,21,25,43,21,43,20,18,48,25,19,20,21,23,21,19,31,17,53,29,39,22,22,44,22,17,29,40,20,26,62,20,24,28,18,21,21,28,19,32,34,31,19,58,20,19,20,21,22,25,27,30,44,20,20,19,21,23,20,19,39,18,55,18,26,22,33,22,23,67,70,21,49,45,22,27,25,22,18,24,45,21,24,39,21,21,18,34,20,20,20,129,20,53,46,19,23,57,33,23,39,19,23,19,20,22,25,31,23,30,30,19,22,21,23,20,26,21,23,27,50,0,21,32,20,21,23,31,20,20,27,41,18,22,53,23,43,26,33,44,38,20,45,22,20,23,43,22,26,25,38,65,18,21,21,37,39,19,102,17,20,34,54,28,29,30,20,24,32,30,23,19,20,39,33,19,38,18,31,41,37,21,24,7,20,52,19,20,20,86,27,15,27,35,20,33,22,36,17,17,35,24,24,35,36,22,22,22,19,24,34,90,36,27,28,25,31,24,34,25,33,21,33,20,32,37,20,33,21,42,39,29,29,40,36,33,27,20,53,31,21,21,21,29,33,21,51,32,18,25,17,20,21,20,22,21,17,21,21,23,26,23,17,42,29,20,22,20,15,29,19,28,22,21,23,21,28,23,104,16,39,22,17,38,27,30,20,19,16,21,21,24,18,18,17,23,20,21,21,35,19,19,20,32,18,27,21,83,23,25,16,19,30,21
28,92,31,24,25,18,31,17,31,20,20,38,25,19,30,15,33,22,23,19,23,29,25,29,23,32,33,19,18,24,26,27,20,18,64,25,22,30,42,20,43,24,19,41,22,19,25,21,27,19,23,36,25,46,27,33,20,25,38,27,24,28,40,25,19,57,18,29,28,24,21,26,24,23,30,29,29,21,54,18,26,24,25,26,23,21,24,46,27,20,23,26,22,20,25,34,25,51,26,25,27,39,14,26,63,63,24,44,36,20,22,22,27,23,21,37,16,26,42,26,20,21,34,25,26,26,123,21,43,44,26,26,56,30,27,37,27,21,26,28,20,23,21,24,28,28,20,26,28,23,28,16,23,26,26,49,21,0,27,22,18,27,27,19,25,21,41,21,24,50,19,45,25,25,38,36,25,46,27,21,20,45,24,21,20,31,61,18,25,23,27,40,26,97,14,20,29,46,16,23,26,25,23,29,31,26,28,27,38,23,18,37,28,28,36,35,24,23,23,20,45,15,18,21,77,17,20,26,34,18,22,29,33,18,19,32,23,29,35,34,23,27,23,29,22,32,86,36,21,25,16,27,26,30,27,21,27,22,19,34,31,25,26,26,38,36,31,35,28,36,29,24,26,50,31,22,25,20,20,34,26,41,29,24,27,26,27,18,25,21,24,21,20,24,12,28,28,26,41,25,15,20,22,19,23,24,27,21,24,12,25,27,23,98,24,32,20,24,36,23,26,24,25,23,21,20,15,15,23,21,15,27,21,29,32,26,24,20,35,27,17,18,85,19,20,23,22,18,27
35,89,23,16,34,22,32,24,24,28,29,38,19,30,32,21,30,31,31,30,32,23,35,41,27,38,37,23,22,30,34,33,23,25,61,33,31,25,35,23,47,32,27,37,30,27,34,29,36,27,33,30,31,44,33,35,31,26,36,34,33,28,36,34,31,56,23,32,29,28,30,32,34,29,25,29,25,24,44,29,33,23,32,33,34,33,24,43,31,29,32,33,28,29,34,39,31,51,34,17,36,32,26,31,63,57,33,38,36,29,21,36,34,31,28,39,21,27,37,35,26,29,40,32,34,32,115,28,40,41,32,32,54,25,36,33,31,18,32,37,23,24,27,33,34,24,28,30,36,27,32,27,32,35,33,41,32,27,0,28,27,36,22,32,34,24,34,32,25,38,31,43,26,23,34,33,33,48,35,30,21,41,28,24,20,23,53,29,34,32,21,35,35,92,27,23,25,44,28,14,30,35,24,39,37,35,34,35,47,25,24,28,34,35,32,39,25,30,32,29,47,26,30,32,72,25,30,35,41,29,23,31,23,24,22,26,34,32,40,45,37,34,29,34,33,37,80,38,29,30,23,18,34,25,35,25,34,23,31,38,27,35,27,32,32,39,31,39,25,31,34,27,33,49,34,26,34,24,29,38,35,40,37,32,36,34,35,24,34,28,29,31,23,34,23,34,34,33,32,20,26,30,30,33,31,27,26,34,32,29,33,30,39,97,30,26,25,34,37,27,35,32,30,33,26,28,21,29,27,29,27,37,24,38,38,33,32,25,42,33,34,31,80,28,23,31,24,22,34
18,98,31,28,18,12,37,26,22,21,11,42,28,9,35,22,33,24,15,15,15,34,18,30,12,38,40,8,14,21,16,15,7,12,63,16,17,30,45,6,42,14,12,47,24,15,17,6,19,8,15,34,19,53,29,34,23,24,40,19,14,31,41,16,22,60,8,21,30,15,12,15,28,16,30,33,30,11,56,15,17,25,17,17,24,24,31,49,15,15,15,17,18,20,16,39,15,56,19,19,18,39,18,15,65,67,16,47,41,7,26,20,15,15,17,42,15,31,45,17,13,14,37,18,16,16,127,18,49,48,16,21,58,32,19,40,23,18,13,18,9,24,24,18,29,29,14,16,18,12,24,21,19,18,27,53,20,22,28,0,21,19,32,12,16,28,44,14,13,50,22,48,20,33,44,42,16,47,17,1,8,49,13,22,23,36,62,5,16,19,33,39,15,97,11,7,24,53,24,29,32,16,21,36,34,18,24,17,44,29,11,41,21,35,38,37,17,22,12,2,52,20,11,17,83,24,19,31,33,15,26,30,35,9,8,32,23,21,41,41,22,15,19,31,30,32,88,41,27,31,25,30,22,32,16,28,15,26,13,36,38,16,28,15,42,39,31,34,37,34,35,27,15,57,34,16,17,6,23,36,22,50,34,21,28,16,17,9,16,4,15,19,6,13,23,20,18,16,41,30,19,17,23,15,28,9,31,22,20,19,17,31,22,102,19,37,5,17,41,31,28,16,20,14,9,10,22,18,9,16,21,18,6,19,34,15,15,8,39,15,21,22,87,9,21,25,9,24,18
27,84,30,23,25,20,28,28,31,15,21,37,24,22,32,23,32,18,20,17,25,29,23,32,22,28,30,20,19,20,25,23,20,22,58,23,19,23,35,22,42,23,20,44,21,20,26,22,27,22,24,31,20,50,33,32,21,18,40,26,22,18,26,25,26,52,20,22,30,18,23,23,22,17,29,30,28,24,56,23,24,15,24,25,24,23,23,42,23,23,22,23,19,20,26,37,23,51,24,22,27,33,19,23,58,63,23,40,40,21,25,22,26,19,22,41,16,19,38,26,21,17,31,24,24,23,124,19,46,42,22,21,50,26,26,33,22,20,23,27,23,21,21,23,30,32,22,26,26,20,23,25,22,25,30,45,21,18,27,21,0,27,27,25,24,20,37,19,23,51,24,37,26,33,40,29,23,40,27,20,22,42,24,22,22,32,60,22,24,23,31,36,25,98,21,22,30,52,24,24,24,23,23,28,28,25,24,25,32,28,20,33,19,27,36,34,23,20,22,21,43,17,22,22,84,25,20,28,31,23,28,21,31,21,19,29,25,22,28,35,21,26,17,26,19,31,83,30,29,29,24,30,20,31,20,27,26,28,22,30,32,23,26,23,37,28,28,28,35,32,29,21,23,43,26,21,25,22,22,30,22,47,28,22,27,25,25,22,24,21,22,19,22,21,22,23,24,23,34,25,21,20,19,22,25,19,24,24,26,24,22,20,24,99,17,33,21,25,32,26,26,22,22,23,21,21,22,20,20,20,21,25,21,28,33,24,22,22,32,23,28,23,77,22,21,25,18,24,26
7,96,43,35,7,23,40,32,38,18,15,44,32,23,43,28,39,25,12,20,12,39,9,25,15,37,41,17,21,27,8,14,15,20,70,4,20,33,46,17,41,10,14,51,25,14,7,17,3,17,12,37,22,60,37,40,20,27,49,8,15,37,47,4,28,68,17,21,34,15,12,4,27,19,38,39,37,13,65,22,10,28,5,7,27,28,32,51,10,22,11,5,24,21,6,41,8,61,15,32,3,42,23,14,68,76,8,54,51,17,35,25,8,7,21,46,25,31,47,4,25,15,37,9,6,6,136,22,54,47,9,22,57,35,9,48,21,28,12,9,21,31,33,14,32,34,19,19,5,23,23,29,27,8,30,57,23,27,36,19,27,0,37,19,5,32,48,14,19,61,25,49,35,39,47,45,10,48,4,19,17,49,11,29,31,40,70,19,9,25,42,46,12,108,17,15,39,59,31,34,34,9,31,37,34,8,23,3,44,35,21,43,26,36,47,38,23,21,17,17,57,28,14,19,91,31,19,36,33,22,38,31,40,18,17,39,27,21,40,45,22,8,20,35,32,41,94,41,32,31,31,40,24,41,23,35,7,38,25,37,42,9,37,5,42,39,33,39,41,43,39,31,9,57,36,24,5,15,33,37,25,56,38,19,30,12,3,19,5,19,21,21,13,14,29,15,11,12,47,35,25,19,25,20,32,19,28,25,18,26,5,35,24,108,19,46,17,15,45,32,32,12,24,11,17,21,28,21,19,21,27,13,15,11,39,5,8,18,38,8,28,28,92,23,30,31,18,31,6
38,88,28,22,35,29,27,24,26,29,30,36,21,31,28,23,22,27,30,27,37,14,36,41,34,33,37,30,29,31,34,36,30,31,63,35,30,28,31,31,44,35,26,34,29,26,37,32,37,26,32,29,32,42,33,22,27,27,35,37,35,26,36,35,32,55,30,35,29,33,29,36,27,29,26,28,26,33,50,33,36,24,34,36,32,31,25,43,36,33,34,34,31,25,35,36,34,49,36,23,37,30,26,36,59,60,34,39,39,32,28,34,37,33,26,36,26,26,36,37,32,30,39,34,35,35,119,25,39,39,34,37,52,21,37,32,32,23,37,38,32,22,32,32,30,32,28,38,38,27,33,25,30,36,35,44,31,27,22,32,27,37,0,31,36,24,37,30,31,44,28,39,29,23,32,34,32,45,37,31,31,36,35,29,25,27,55,32,36,27,25,31,38,93,29,31,29,42,22,19,27,36,32,36,36,36,37,37,43,16,30,30,34,29,37,34,30,29,35,32,44,24,28,33,75,23,25,30,33,33,27,28,20,29,29,25,31,35,36,45,34,37,30,33,33,38,81,37,24,28,23,25,32,16,33,19,37,27,28,39,25,36,31,36,29,38,26,36,28,31,31,20,36,48,28,30,35,31,33,39,32,33,34,33,34,34,37,31,36,32,30,36,31,36,23,36,36,34,32,11,25,29,25,29,27,31,22,38,35,30,35,25,35,94,32,32,32,35,35,25,33,31,34,35,30,30,23,17,31,31,24,38,32,39,34,35,34,30,41,35,36,26,76,33,26,27,29,22,38
20,98,35,28,19,18,35,21,28,19,13,39,28,14,31,22,33,23,16,15,18,33,19,29,17,33,35,14,15,22,19,21,13,14,67,17,18,34,45,14,42,17,14,45,25,15,19,12,19,9,18,38,18,48,26,35,21,25,43,20,16,33,45,18,15,64,14,23,29,18,14,18,27,19,30,32,30,13,59,8,17,23,18,19,22,21,30,50,20,10,13,18,18,17,18,35,18,56,20,23,17,38,18,20,67,66,17,47,44,10,30,12,19,16,16,35,21,27,42,19,20,17,32,19,18,17,126,16,44,48,17,19,56,32,19,41,19,22,19,20,14,24,28,17,30,25,12,13,18,19,20,23,23,19,21,54,20,19,32,12,25,19,31,0,19,23,45,15,17,55,18,47,24,33,40,41,18,46,16,13,14,47,17,24,23,35,62,13,20,18,35,43,17,99,7,13,29,47,21,30,31,19,24,29,29,19,26,19,39,25,16,35,25,31,38,37,19,20,18,12,51,20,11,14,79,21,13,29,34,8,33,29,33,7,14,32,21,23,36,43,16,19,18,32,27,37,89,35,23,28,23,33,25,34,19,25,19,33,19,36,34,19,32,18,40,39,30,34,38,37,30,28,19,55,35,19,19,12,29,36,25,53,32,22,28,18,18,14,19,12,16,16,12,17,21,22,20,16,43,29,15,15,23,11,27,16,30,22,17,14,18,27,19,101,18,38,10,18,39,26,29,17,20,18,14,10,22,14,15,16,17,19,12,21,37,15,17,6,34,18,13,21,88,16,22,30,14,21,19
7,96,42,33,4,20,37,31,35,19,14,41,32,20,42,27,37,26,9,19,9,37,6,25,13,34,40,15,19,25,5,12,13,18,67,2,17,32,45,14,38,9,12,49,23,15,7,14,3,15,10,38,21,58,36,41,21,24,47,9,12,34,44,3,26,65,15,22,33,12,10,5,27,16,35,37,34,11,63,20,9,25,6,6,28,26,31,51,7,20,10,6,22,20,8,41,5,60,14,29,4,41,21,13,66,74,5,52,49,14,33,22,9,6,22,45,23,28,44,4,23,12,37,10,5,7,135,21,54,48,8,20,58,34,6,47,18,26,9,10,19,29,31,11,33,34,20,19,7,21,20,27,25,5,28,55,20,25,34,16,24,5,36,19,0,30,46,13,16,59,23,48,32,38,46,44,9,45,5,16,15,46,9,27,29,38,68,16,4,24,40,44,11,106,15,13,36,58,30,32,32,4,29,34,34,5,24,5,41,35,19,41,27,35,45,39,20,17,14,14,54,25,12,19,90,30,19,35,30,20,35,30,38,17,15,37,24,22,37,42,19,9,19,32,30,38,91,38,32,30,30,38,25,40,24,35,8,35,24,35,40,4,35,4,41,36,31,38,42,41,37,28,6,56,35,21,2,13,31,35,24,55,37,20,28,11,3,17,0,16,18,20,11,13,28,16,12,9,45,34,24,20,24,20,33,16,29,24,16,24,6,32,23,105,18,44,15,12,44,31,33,10,22,12,15,20,27,21,16,20,25,13,13,12,40,6,7,17,35,5,28,27,89,20,28,28,16,31,5
32,90,26,15,29,25,20,23,29,22,27,36,15,27,27,10,26,19,26,21,31,26,31,32,26,32,32,24,26,25,30,32,24,25,60,29,26,22,35,26,41,28,23,38,21,23,27,27,32,24,27,28,29,42,32,30,22,17,41,31,29,26,37,29,20,56,24,28,30,27,26,30,24,22,22,28,21,26,52,18,28,14,29,30,24,16,16,47,31,18,27,30,22,23,29,33,29,47,28,20,32,33,23,30,63,62,28,41,44,28,29,25,31,27,24,35,22,25,33,31,26,23,35,25,30,30,120,23,37,37,30,30,51,27,31,34,28,15,31,32,25,21,29,25,29,29,24,29,32,25,26,23,26,31,19,47,27,21,24,28,20,32,24,23,30,0,39,23,28,46,16,38,23,21,31,33,29,46,32,26,26,39,28,24,16,29,55,27,30,26,31,36,31,94,21,26,27,43,18,19,28,31,26,34,33,31,30,32,41,13,24,33,29,24,38,32,28,28,30,27,48,21,26,25,81,19,23,25,36,18,19,26,30,21,23,28,26,28,34,41,28,31,25,31,26,33,84,35,26,25,18,30,28,28,30,17,31,19,26,37,22,31,31,30,32,37,25,32,27,35,24,21,31,49,29,23,29,26,26,37,29,39,29,29,32,30,32,26,30,28,29,26,26,28,12,29,30,30,37,22,17,23,22,25,26,28,25,29,21,18,30,22,27,100,25,36,28,26,28,27,29,27,24,31,25,25,11,21,28,23,12,27,27,33,35,31,29,24,36,31,24,26,79,28,20,29,27,12,32
47,85,31,33,46,37,38,44,44,39,44,33,39,41,36,40,41,41,41,41,45,38,46,51,38,42,43,38,39,41,46,45,38,40,57,45,43,39,36,38,47,44,41,35,42,41,46,43,48,42,42,32,41,43,42,42,43,40,35,47,44,32,30,46,44,49,38,48,44,40,42,44,42,40,40,41,40,41,50,44,45,38,45,45,45,42,38,47,45,43,41,45,37,42,46,37,45,44,46,35,48,35,39,42,58,61,45,48,44,43,39,44,47,42,44,42,35,37,34,47,39,40,45,44,46,44,117,41,35,44,44,44,54,41,48,27,43,38,42,47,41,39,45,44,45,42,41,43,48,40,44,36,33,47,48,32,41,41,34,44,37,48,37,45,46,39,0,42,43,47,44,40,42,33,34,31,45,48,47,42,38,29,41,38,38,33,50,43,45,43,35,39,47,90,42,39,41,50,40,34,40,46,42,43,40,47,43,47,45,42,38,38,43,40,41,47,43,45,44,43,42,42,44,43,74,40,42,41,45,44,42,33,38,38,37,37,45,48,42,49,44,47,39,38,42,39,82,45,46,44,40,33,45,40,42,42,47,42,40,40,38,46,40,44,35,42,38,45,30,28,40,42,45,45,40,39,46,41,37,41,41,38,40,42,48,44,47,39,46,43,40,38,40,43,40,47,47,45,29,37,39,44,39,45,43,42,39,46,47,42,45,36,46,97,33,32,39,45,35,41,47,43,31,44,41,40,40,41,42,40,38,49,41,48,42,45,44,41,45,45,47,42,73,42,40,40,40,41,46
16,90,38,29,12,16,28,28,34,13,10,40,30,18,37,24,35,19,5,11,13,32,12,23,12,33,32,11,17,21,10,11,13,16,66,13,12,30,36,11,35,13,11,46,20,11,14,11,14,12,7,34,19,52,29,35,19,20,45,14,13,29,39,12,21,61,11,17,29,8,10,14,22,13,30,35,29,12,60,15,13,21,11,14,22,21,23,47,14,15,8,10,17,13,8,38,10,54,10,26,14,37,18,11,60,71,11,47,46,12,30,20,14,9,17,42,20,24,39,15,20,9,29,12,13,13,129,13,50,46,12,16,53,29,13,40,15,23,15,14,16,26,26,10,29,30,15,21,16,16,17,25,20,13,25,51,18,21,32,14,19,14,30,15,13,23,42,0,16,56,20,41,31,33,41,38,7,44,14,13,11,45,14,23,27,36,66,14,13,20,35,43,16,103,13,12,35,53,25,30,23,12,26,30,28,13,21,15,35,29,16,40,22,26,40,37,20,15,12,12,50,19,9,11,84,26,16,27,26,15,33,24,33,12,10,34,23,17,34,37,15,14,15,27,20,37,91,32,24,25,24,35,18,34,19,30,13,33,20,34,35,12,30,14,35,32,32,33,36,38,30,22,13,50,30,20,12,10,29,34,18,49,31,19,23,11,15,12,13,14,18,13,12,9,24,15,10,10,37,28,18,14,18,14,24,11,27,23,19,19,12,23,17,98,14,41,13,12,33,28,26,7,18,13,9,15,24,14,13,12,20,16,13,18,36,11,11,11,32,13,21,20,86,18,24,25,11,26,15
18,97,36,26,16,12,36,28,30,18,14,40,29,17,36,24,35,25,16,15,17,33,17,30,13,39,40,11,13,20,18,16,11,13,64,16,19,33,43,10,41,16,13,48,23,13,18,11,19,13,17,35,21,54,29,34,19,20,42,18,15,33,43,17,24,59,11,23,33,12,16,15,25,15,34,33,34,16,56,18,18,24,15,16,25,26,32,49,12,18,17,17,16,18,17,41,13,61,18,24,19,37,20,14,66,67,16,47,42,11,26,23,18,16,14,44,17,32,43,18,17,14,38,15,16,15,127,18,50,45,15,25,59,30,17,40,23,20,15,21,13,24,24,17,31,28,17,18,19,14,24,27,18,17,26,52,22,24,25,13,23,19,31,17,16,28,43,16,0,54,21,47,29,36,44,42,18,45,18,8,10,49,13,20,24,35,61,13,15,8,33,37,16,99,14,12,33,54,27,26,30,17,22,37,35,17,24,18,43,30,13,40,26,34,38,34,4,20,18,13,52,23,13,19,87,28,20,30,34,18,31,31,34,12,12,31,25,23,41,42,25,18,16,32,29,34,77,41,26,28,25,33,22,35,24,31,18,31,17,35,37,17,28,15,40,38,30,34,37,36,33,28,16,55,31,13,15,12,27,35,24,49,34,22,30,17,18,12,16,12,4,18,12,17,26,19,19,16,40,29,20,19,22,15,31,11,26,25,20,21,15,31,24,104,17,38,13,19,41,28,28,16,19,16,9,16,24,17,11,12,21,20,13,22,35,16,15,16,39,14,24,22,89,17,20,27,14,27,18
60,96,39,38,59,47,45,41,48,55,53,51,41,48,46,40,45,52,56,49,59,47,59,60,53,57,58,48,48,51,59,58,48,49,64,58,57,51,45,48,61,57,51,46,51,51,59,54,61,54,58,44,55,44,56,46,51,47,52,61,57,47,48,59,53,60,48,58,55,55,55,57,50,55,42,45,42,54,36,52,58,45,58,58,57,56,48,48,58,52,57,58,51,51,59,50,58,56,59,39,61,43,51,57,63,52,58,35,46,55,46,58,61,56,54,55,46,54,50,60,48,55,59,58,58,58,107,50,49,51,57,58,60,48,61,46,56,39,57,60,45,40,41,56,56,53,52,61,61,51,57,50,51,60,58,52,53,50,38,50,51,61,44,55,59,46,47,56,54,0,54,53,45,26,42,48,58,58,60,49,48,52,54,48,40,43,29,48,59,52,39,48,59,76,52,48,46,18,43,37,52,59,49,60,59,60,57,60,62,46,46,47,55,47,43,52,54,57,55,48,54,51,54,56,70,43,56,51,57,54,44,51,43,55,47,41,57,58,58,48,61,61,53,55,58,52,83,60,56,53,43,34,60,47,55,41,61,44,51,56,43,59,47,57,42,59,48,55,45,46,50,49,59,56,52,48,59,48,51,56,54,47,54,55,55,59,60,48,59,50,50,55,48,58,43,60,60,58,46,43,47,53,50,54,52,53,51,60,58,52,58,53,62,102,55,39,53,58,48,51,53,57,52,56,51,55,39,52,49,52,47,60,49,61,52,59,58,54,55,58,60,54,81,49,42,52,53,40,60
25,97,33,25,22,22,34,26,35,23,17,39,24,21,38,19,33,15,21,21,23,30,24,25,21,40,41,20,23,21,23,25,20,23,68,22,25,32,46,21,38,21,20,41,21,20,20,22,25,19,20,32,26,47,28,37,22,22,44,24,22,33,44,22,17,62,20,25,27,22,20,23,22,23,29,30,28,20,61,12,21,21,22,23,22,15,28,49,24,12,20,23,21,22,22,36,22,53,21,22,25,37,21,23,68,68,21,46,47,23,29,23,24,20,18,41,23,33,42,24,22,22,36,18,23,23,128,23,43,44,23,24,60,27,24,40,23,18,24,25,19,25,29,18,31,30,21,22,25,17,25,21,22,24,15,53,23,19,31,22,24,25,28,18,23,16,44,20,21,54,0,45,29,31,35,43,22,47,25,21,21,46,21,24,21,34,60,20,23,20,38,41,24,102,15,21,35,48,24,26,29,24,27,38,35,24,26,25,46,23,20,37,27,31,42,37,22,22,23,21,54,18,19,18,86,25,15,29,34,11,33,30,36,17,21,37,26,25,42,41,28,24,24,31,28,36,87,43,24,28,24,32,27,36,25,31,24,33,21,37,28,24,33,23,36,41,33,35,30,35,29,24,24,55,35,20,22,21,27,37,25,43,31,21,31,23,25,21,23,20,21,21,21,23,19,24,23,23,44,26,14,22,21,18,29,21,27,27,16,13,23,30,25,101,23,39,23,19,39,23,31,22,23,20,21,22,19,14,20,21,8,20,22,26,38,24,22,18,36,24,22,20,88,21,21,28,19,23,24
51,68,39,40,47,45,35,44,46,39,45,42,44,50,42,42,39,43,43,43,48,40,49,52,49,44,42,46,47,49,45,49,46,48,54,47,41,44,35,48,51,47,43,37,47,43,48,48,49,47,47,35,43,48,43,38,41,45,39,49,42,31,22,47,47,46,46,50,45,44,45,49,38,42,41,45,41,48,55,44,47,41,46,49,46,42,36,34,49,44,45,45,47,41,49,47,45,44,49,43,49,42,42,49,43,58,46,45,40,48,44,50,49,43,44,46,45,37,36,50,47,41,46,47,49,48,121,43,36,34,46,46,46,38,48,30,42,46,51,51,50,45,51,46,47,43,44,48,50,48,44,40,49,48,43,37,43,45,43,48,37,49,39,47,48,38,40,41,47,53,45,0,47,40,39,36,44,37,49,47,48,35,49,46,46,41,56,49,48,46,41,44,52,90,45,48,49,53,44,42,46,49,41,43,45,48,47,49,44,42,47,46,40,38,46,47,46,40,45,48,27,41,46,45,76,45,45,39,43,44,43,34,43,43,45,43,45,50,44,43,49,49,45,44,42,46,70,42,42,40,44,41,48,38,47,42,48,43,46,47,35,49,47,49,41,40,44,40,39,42,43,42,47,26,49,47,47,49,43,46,41,33,43,44,51,43,49,49,48,49,49,44,48,44,44,50,50,45,44,40,44,45,39,47,41,46,37,48,47,43,46,36,47,83,45,30,48,47,34,40,52,46,47,44,48,47,43,44,46,44,42,46,49,52,46,46,45,44,49,47,43,44,68,49,46,37,46,44,49
34,96,28,16,31,22,27,26,17,29,28,34,25,20,29,19,28,26,30,24,33,30,31,38,27,35,37,21,20,23,31,33,22,21,60,32,31,25,39,22,45,30,25,42,29,25,33,19,35,24,33,32,31,48,34,31,23,20,40,35,32,30,39,32,32,57,20,31,36,29,28,31,28,29,24,19,24,23,53,30,32,15,32,32,33,32,25,51,32,30,31,30,24,25,31,31,32,51,32,15,33,37,26,31,67,62,32,42,44,20,32,29,34,31,30,30,19,28,41,33,21,29,38,33,33,32,118,24,42,38,31,33,57,28,34,37,30,12,30,34,24,21,24,32,31,16,29,29,33,28,30,25,29,33,28,50,26,25,26,20,26,35,29,24,32,23,42,31,29,45,29,47,0,26,39,39,32,46,32,23,22,44,28,21,4,31,52,23,32,32,32,34,34,91,28,22,6,48,15,19,30,32,23,36,36,33,35,33,44,17,21,26,26,31,38,30,29,31,29,20,45,24,27,32,81,22,30,30,40,30,9,31,32,25,21,29,30,31,37,44,31,34,28,34,29,31,81,38,33,28,21,30,31,31,29,19,34,9,27,35,31,32,31,31,32,41,25,38,31,36,31,21,33,54,32,24,32,23,32,36,32,48,36,28,33,33,33,21,32,25,29,31,22,33,21,32,31,30,40,26,20,28,25,27,30,26,27,31,33,30,32,30,37,100,29,37,22,33,37,25,31,31,27,32,26,23,19,26,27,29,21,34,22,34,36,32,32,25,41,32,28,24,79,21,18,33,24,19,33
40,92,28,23,38,31,28,15,29,34,32,35,21,33,26,14,24,31,36,28,37,27,38,44,36,36,38,32,32,32,39,41,32,31,61,37,34,33,30,33,49,36,30,29,33,30,37,33,39,28,36,24,39,34,39,33,31,28,38,39,37,29,37,37,29,58,32,41,32,37,34,38,34,34,23,28,23,33,40,34,39,27,37,38,35,32,28,39,39,33,36,38,32,31,38,27,37,48,38,23,39,25,26,39,58,55,36,38,39,34,33,36,39,35,32,38,30,31,30,39,34,34,38,36,38,38,109,31,31,40,38,39,54,29,39,34,40,23,39,40,31,24,35,35,34,30,32,38,40,34,39,28,36,38,35,47,33,25,23,33,33,39,23,33,38,21,33,33,36,26,31,40,26,0,23,32,38,47,40,31,33,37,36,31,25,23,47,32,38,34,26,37,38,86,26,32,30,30,19,22,30,38,33,39,38,38,41,39,48,25,32,31,39,29,39,37,37,35,37,32,47,29,30,37,62,20,33,33,40,34,27,33,24,27,31,25,33,41,42,44,39,39,34,35,35,38,81,40,32,30,17,20,39,25,38,29,39,27,31,39,22,38,32,38,27,42,27,39,18,23,30,25,38,48,33,31,37,32,36,39,39,29,33,39,38,39,39,32,38,33,34,35,32,36,17,40,40,39,32,22,23,31,29,30,31,34,30,36,36,29,38,30,39,96,37,34,34,36,32,32,36,37,36,37,33,33,13,28,33,32,22,38,33,41,36,39,37,27,46,39,37,32,79,33,26,34,32,16,39
48,92,36,33,45,43,37,36,39,42,41,39,32,43,31,31,36,37,42,39,45,33,46,51,42,43,48,42,44,42,46,47,42,44,61,45,45,38,30,43,51,44,41,32,39,41,45,44,47,41,43,28,46,31,42,34,40,36,39,47,45,36,38,45,41,58,42,49,42,45,42,46,39,41,33,36,33,42,43,39,46,36,45,46,47,39,36,42,47,39,43,46,40,41,45,36,45,51,46,35,47,28,41,46,58,53,44,41,42,45,44,44,47,43,41,39,41,40,34,47,43,42,49,45,46,46,114,41,38,45,46,46,56,39,47,36,44,36,47,48,42,31,44,44,44,38,42,41,48,38,45,40,39,46,42,46,44,38,34,44,40,47,32,40,46,31,34,41,44,42,35,39,39,23,0,36,45,49,48,43,43,38,44,42,37,33,47,43,46,42,35,36,47,87,38,43,41,37,34,33,42,46,45,46,49,46,45,47,46,35,42,40,42,35,43,43,44,40,45,43,48,40,41,42,73,33,41,42,43,39,37,41,31,39,42,31,46,49,44,48,47,47,44,42,42,40,84,48,39,40,32,32,45,32,42,33,47,37,43,46,32,46,40,46,32,47,39,40,27,33,39,37,46,53,42,41,45,43,42,45,45,35,37,44,45,46,47,43,46,44,44,41,43,44,32,48,48,46,30,31,34,43,39,41,40,44,39,44,43,39,46,38,47,97,43,38,45,43,37,42,45,43,42,45,43,43,30,36,43,41,34,47,44,49,40,47,45,40,47,47,43,40,85,39,37,44,41,33,47
45,83,32,33,43,40,31,41,37,33,41,40,34,43,32,34,39,38,40,35,42,37,45,49,41,41,38,39,40,38,43,41,39,41,57,41,39,38,36,41,44,41,39,39,38,39,43,43,45,40,39,33,40,44,40,35,38,36,38,44,40,24,22,43,43,52,39,41,41,38,42,41,37,36,33,39,33,42,50,42,44,33,42,43,42,41,33,43,41,42,39,43,38,39,43,37,43,49,43,36,45,34,41,41,57,66,43,43,41,43,39,43,44,39,43,50,36,31,33,44,41,37,40,42,43,41,120,38,41,42,40,38,49,36,46,24,37,39,41,45,42,37,44,37,37,40,42,44,42,42,39,36,39,45,42,41,38,36,33,42,29,45,34,41,44,33,31,38,42,48,43,36,39,32,36,0,43,44,45,42,41,37,43,40,39,32,56,43,44,42,37,43,43,97,40,41,41,50,36,32,31,45,40,39,38,45,38,41,44,35,40,38,32,36,40,37,42,41,41,43,40,36,42,41,76,36,40,31,40,42,41,31,34,37,38,35,41,41,38,45,41,44,33,35,35,34,80,38,41,39,35,32,36,34,39,35,44,41,40,38,34,45,39,41,36,42,37,29,35,32,36,39,41,42,40,40,43,42,40,35,40,40,42,38,38,43,41,42,44,42,41,32,41,41,37,42,45,43,34,33,38,42,39,37,41,43,36,40,43,39,42,28,42,99,35,36,43,40,26,39,42,40,39,40,41,40,35,39,43,36,38,46,42,46,34,42,40,40,42,41,41,39,79,44,40,37,39,36,44
12,91,37,32,8,20,34,31,35,17,12,38,33,20,39,27,36,23,5,14,10,34,8,23,12,35,36,14,18,24,7,10,11,17,68,9,15,32,40,14,36,9,14,47,22,13,6,14,10,16,6,35,20,55,33,35,20,23,46,10,13,33,42,8,25,65,14,18,31,11,9,10,24,15,32,35,31,10,62,19,8,24,7,10,25,25,29,47,10,19,7,6,21,13,10,40,6,56,14,29,10,37,20,10,62,73,9,51,48,14,32,24,10,5,19,44,22,28,43,11,22,10,34,9,10,9,133,14,49,47,8,16,57,29,9,44,18,24,11,14,18,27,30,9,30,33,17,20,12,20,20,26,24,9,27,54,20,25,33,16,23,10,32,18,9,29,45,7,18,58,22,44,32,38,45,43,0,43,10,16,14,44,10,26,28,40,67,17,9,23,39,43,11,105,15,12,36,57,26,31,25,11,27,34,32,9,20,11,41,32,18,40,24,30,44,35,21,19,14,14,53,23,12,15,88,27,18,30,30,19,35,27,35,16,13,36,26,18,38,39,19,13,17,31,25,39,92,38,27,27,27,37,20,36,19,32,12,35,22,33,39,11,34,10,37,33,36,37,38,40,34,21,9,49,31,21,8,11,30,33,19,51,33,19,27,9,11,16,9,16,20,19,9,11,26,16,9,5,40,30,22,17,20,17,27,14,29,26,17,23,8,29,22,100,17,43,12,12,39,29,30,4,21,12,12,17,27,18,14,16,24,14,11,16,38,7,7,16,35,9,25,21,88,20,26,28,16,27,10
48,92,42,46,44,45,44,49,49,40,47,42,45,46,46,43,48,42,42,43,42,48,46,48,45,49,46,44,47,47,44,43,44,47,61,44,44,42,47,44,46,45,43,47,42,43,45,46,48,46,43,47,44,56,49,45,44,44,49,47,41,41,43,46,44,52,44,45,48,45,43,46,41,42,50,47,50,45,63,42,45,42,45,46,48,44,41,45,44,44,42,44,44,44,46,50,44,57,43,45,48,49,45,44,62,73,46,52,52,46,46,47,47,44,45,51,45,44,44,47,43,42,45,46,46,46,131,43,50,50,43,46,58,43,45,39,41,46,45,50,48,46,46,46,40,47,44,47,47,46,43,40,45,44,42,50,45,46,48,47,40,48,45,46,45,46,48,44,45,58,47,37,46,47,49,44,43,0,48,46,46,40,47,44,46,48,67,46,43,44,47,49,45,102,46,46,48,58,45,47,45,46,51,48,47,44,40,46,49,47,45,50,41,46,48,44,45,48,45,46,42,45,45,44,90,47,45,45,46,45,45,44,48,46,44,50,49,45,48,49,46,47,44,38,45,41,91,49,47,45,47,49,41,47,48,47,47,45,45,30,50,46,47,46,47,43,47,44,51,50,47,44,44,44,38,46,44,47,44,36,40,48,40,46,44,44,46,47,45,47,46,40,46,45,47,43,43,40,52,45,46,46,43,43,42,48,47,48,46,44,45,38,45,100,41,41,48,44,46,42,39,40,43,45,47,47,43,45,48,44,43,47,47,51,38,45,43,47,50,42,45,46,84,44,45,45,46,43,46
7,99,42,34,6,22,38,33,37,18,14,43,32,22,41,29,39,24,11,20,12,39,7,23,14,35,37,16,19,24,8,14,14,19,69,6,18,33,46,16,41,7,14,49,25,14,8,15,4,16,12,37,22,58,35,42,20,27,48,10,15,37,47,5,28,67,16,20,34,15,13,6,30,19,34,37,35,12,64,22,10,28,5,3,26,28,32,51,10,22,11,6,23,21,10,40,8,61,14,30,2,42,23,12,68,75,5,52,50,14,34,22,8,6,20,45,24,31,44,6,24,13,35,9,5,7,135,22,54,47,9,20,57,35,7,47,21,27,10,11,20,31,32,14,33,30,18,18,8,22,21,29,26,4,26,56,22,27,35,17,27,4,37,16,5,32,47,14,18,60,25,49,32,40,48,45,10,48,0,18,16,46,10,28,30,38,69,18,9,24,41,45,12,105,17,14,36,60,30,33,34,8,30,33,32,4,24,6,42,33,20,41,26,35,46,37,22,21,17,16,57,27,14,20,89,30,22,34,33,22,35,31,40,17,16,39,24,20,38,45,20,8,20,34,31,40,93,39,31,31,30,39,25,41,24,35,9,35,22,37,42,8,36,5,42,39,32,39,42,42,37,31,7,57,36,23,4,14,32,37,25,56,37,19,30,12,7,18,5,17,20,20,12,14,28,16,12,12,45,35,24,18,25,19,31,17,28,24,18,26,3,34,24,107,19,45,14,15,44,32,33,12,23,10,16,18,29,24,18,20,27,13,13,13,40,5,7,17,36,8,24,26,90,22,29,31,17,31,8
18,97,35,27,16,14,33,24,27,20,12,42,27,12,36,20,35,23,14,14,15,33,16,30,12,38,39,10,15,22,16,15,9,11,62,16,16,30,42,9,42,15,12,48,23,16,17,8,19,11,15,35,20,52,28,35,22,23,37,19,14,30,40,17,23,58,10,23,30,14,13,15,28,15,33,33,33,11,55,16,17,24,17,17,24,24,29,48,15,16,15,18,17,19,16,37,15,59,18,22,19,40,15,14,63,66,16,46,40,9,25,21,19,14,16,42,14,30,45,18,12,12,35,18,16,17,126,19,49,47,16,23,57,32,17,39,22,17,13,20,12,23,23,17,29,30,16,16,19,11,23,25,15,16,27,51,20,21,30,1,20,19,31,13,16,26,42,13,8,49,21,47,23,31,43,42,16,46,18,0,11,50,13,21,25,36,62,8,16,15,32,37,15,98,11,10,29,53,24,28,32,16,20,35,33,16,24,18,43,28,10,41,23,34,37,38,16,19,12,7,51,21,12,17,82,24,17,32,31,16,29,29,33,12,10,31,23,23,41,37,22,19,18,30,28,33,86,40,25,31,24,29,18,32,20,28,19,29,16,35,38,16,27,15,43,37,32,36,35,36,34,27,18,55,34,17,16,9,24,35,21,49,32,20,27,17,18,8,16,10,11,18,9,12,22,20,18,16,40,29,18,13,23,13,22,11,30,24,20,19,15,28,21,103,17,36,11,17,39,32,28,15,16,16,4,14,20,16,8,15,21,19,10,21,34,18,17,12,39,15,22,23,89,12,20,25,11,22,18
16,96,30,22,15,10,35,27,27,18,11,39,28,10,35,23,35,22,12,14,13,33,16,28,8,38,39,5,9,24,15,14,5,10,64,14,18,32,44,2,41,13,11,45,22,11,15,12,17,11,14,38,20,52,29,36,21,21,40,15,15,32,41,15,20,59,5,19,30,7,11,13,26,16,32,33,32,5,52,14,14,23,13,14,25,23,30,50,12,14,13,14,15,17,15,40,12,55,15,18,17,38,16,12,66,65,14,45,38,12,22,19,15,12,16,40,11,31,43,16,12,14,33,13,15,13,123,16,46,48,13,21,58,30,17,39,20,20,13,18,8,25,20,14,26,29,15,21,17,15,21,22,19,16,26,47,23,20,21,8,22,17,31,14,15,26,38,11,10,48,21,48,22,33,43,41,14,46,16,11,0,48,9,16,18,35,61,7,15,16,29,37,16,97,12,4,26,52,24,21,29,16,23,36,34,16,22,16,43,27,8,36,25,34,34,35,12,21,17,4,53,21,10,16,83,25,20,31,33,14,25,30,34,12,9,33,25,19,40,41,22,15,17,32,29,35,85,40,27,31,24,27,22,35,17,27,15,25,12,34,36,16,24,13,40,36,33,35,35,34,34,27,14,54,32,16,15,5,24,34,22,50,34,21,28,15,16,5,15,8,13,16,4,17,23,15,15,14,42,29,17,16,24,16,27,11,29,27,16,18,14,32,23,102,14,33,10,16,40,27,26,13,14,14,7,9,23,17,11,13,19,18,5,18,35,14,13,12,37,14,20,23,87,10,21,31,8,24,15
49,81,37,41,47,47,38,44,45,41,47,41,43,48,38,40,42,40,43,44,48,38,45,53,46,41,40,46,47,48,43,45,46,48,59,47,41,41,36,48,50,47,44,35,46,42,47,50,49,43,45,33,41,48,47,40,44,43,43,48,44,38,38,47,50,54,46,49,46,48,45,48,41,43,42,46,42,48,56,45,44,41,46,46,47,42,36,46,49,47,47,43,45,43,47,40,47,49,47,43,49,42,44,46,57,66,45,52,47,50,48,43,48,45,43,35,43,35,33,48,47,42,43,47,48,48,124,42,38,41,46,44,48,42,48,34,41,44,49,47,50,45,51,47,44,41,42,47,50,48,42,41,44,47,44,41,43,45,41,49,42,49,36,47,46,39,29,45,49,52,46,35,44,37,38,37,44,40,46,50,48,0,48,46,44,38,58,48,44,44,38,39,46,98,45,48,47,49,40,41,43,45,50,39,41,47,45,49,43,43,47,43,44,44,48,47,47,41,46,50,42,45,47,44,79,41,45,42,40,45,44,40,40,43,45,44,44,49,42,49,41,48,43,46,38,47,86,41,47,46,42,40,46,38,45,43,48,44,43,45,36,45,46,48,36,43,41,41,35,39,42,40,47,40,41,47,47,49,47,43,39,40,43,41,48,45,49,49,46,47,50,41,48,48,42,48,49,45,39,40,44,43,43,46,42,50,41,41,48,45,46,40,51,96,43,40,50,45,38,37,48,42,44,46,49,43,41,44,50,44,43,50,49,48,43,44,45,44,43,47,46,45,74,51,47,44,49,42,49
10,97,36,28,9,16,37,30,32,21,14,42,31,16,39,26,38,23,11,18,11,37,11,27,4,38,40,10,14,25,9,12,7,13,64,8,19,33,46,10,40,8,12,48,23,14,9,11,11,14,12,38,21,54,33,40,23,24,42,11,15,34,44,9,24,61,10,20,30,11,11,7,29,18,35,33,35,9,58,18,10,25,7,7,27,24,32,50,7,18,10,7,17,21,8,41,7,59,14,25,11,40,20,10,67,69,7,49,44,11,28,22,11,8,19,43,18,32,45,10,18,14,37,11,9,8,129,20,50,50,7,21,60,34,11,41,22,20,9,14,14,25,26,12,30,33,17,20,11,16,23,26,20,10,26,50,22,24,28,13,24,11,35,17,9,28,41,14,13,54,21,49,28,36,44,43,10,47,10,13,9,48,0,22,24,38,63,12,10,19,35,39,14,101,15,8,32,55,27,27,32,11,23,37,35,9,22,10,44,31,14,38,26,35,40,37,17,22,16,11,54,25,14,18,87,28,20,33,34,18,31,31,38,15,9,33,25,20,40,42,23,11,18,33,31,36,88,41,30,32,27,33,23,39,23,31,11,31,18,35,40,11,30,7,43,38,33,37,38,38,35,29,9,55,34,17,9,7,26,35,23,54,35,22,28,13,10,12,9,13,15,20,5,16,26,16,10,10,43,33,22,17,25,18,30,14,31,25,17,22,8,33,23,106,17,39,9,15,42,32,30,12,17,13,9,14,26,21,14,16,23,15,7,16,39,10,10,15,38,8,24,26,89,16,22,30,13,27,9
28,94,28,18,27,14,35,26,27,23,21,38,27,21,32,23,34,24,24,23,27,32,27,33,21,38,39,12,13,28,27,26,14,18,63,26,22,31,43,16,41,25,20,44,22,20,27,21,29,25,26,38,24,51,31,34,23,26,33,29,23,29,38,27,24,58,13,28,30,23,23,25,23,22,31,31,31,17,52,24,26,25,26,26,30,24,32,47,26,21,25,26,13,22,27,42,26,54,27,20,29,42,19,25,66,64,26,44,38,21,20,26,29,24,20,41,12,31,43,28,13,23,36,27,27,26,122,21,44,47,25,29,58,29,29,37,26,19,24,30,15,23,22,26,27,33,24,25,29,21,27,22,17,28,29,47,26,21,24,22,22,29,29,24,27,24,38,23,20,48,24,46,21,31,42,40,26,44,28,21,16,46,22,0,17,36,60,21,27,24,29,36,27,96,21,16,27,51,24,19,26,27,18,36,35,28,27,28,43,29,19,36,27,34,34,34,20,21,26,21,47,20,21,26,83,25,26,31,35,25,25,28,33,23,14,31,28,28,40,42,27,29,24,27,28,34,86,40,28,29,23,28,28,35,27,29,29,25,23,34,34,27,24,25,40,37,34,31,33,31,34,28,27,51,31,19,27,15,21,34,25,48,33,24,30,27,28,15,27,25,23,21,16,24,19,28,28,26,42,27,17,22,26,26,27,24,24,29,26,18,26,28,29,101,22,28,20,26,39,28,25,25,20,26,19,22,21,20,24,24,21,30,15,31,35,27,26,24,36,26,22,26,86,22,15,33,23,22,27
30,94,26,14,29,17,25,23,17,25,22,35,21,23,29,17,29,22,26,20,29,27,29,35,23,33,37,17,16,17,27,28,18,17,61,28,27,25,38,18,44,27,21,38,25,21,29,23,31,26,28,30,26,46,35,31,19,14,36,31,25,29,39,29,27,57,16,28,35,25,24,27,24,25,26,26,26,19,46,26,28,11,28,28,24,27,20,48,28,26,27,28,20,21,27,29,28,55,27,13,31,34,20,27,64,59,28,39,38,23,23,27,31,26,24,26,14,28,39,30,18,25,38,29,29,28,117,20,40,42,27,29,54,26,31,36,26,8,26,32,18,18,22,28,24,31,25,26,31,24,27,24,25,30,32,47,25,20,20,23,22,31,25,23,29,16,38,27,24,40,21,46,4,25,37,39,28,46,30,25,18,44,24,17,0,29,53,23,29,26,24,35,29,91,22,18,8,46,12,13,28,29,22,37,36,30,30,30,42,17,21,26,32,29,32,31,24,25,27,23,49,21,24,27,81,13,24,28,39,26,11,29,33,23,17,27,30,28,35,44,28,31,24,35,31,33,82,36,31,26,14,24,26,29,29,17,31,11,24,37,29,29,25,27,32,37,24,36,25,33,29,22,29,52,27,16,29,17,22,37,28,43,34,27,35,29,30,17,29,25,24,26,18,27,11,27,27,26,37,23,14,23,18,23,28,24,25,27,28,25,28,30,31,100,25,31,21,29,35,23,28,27,23,28,20,22,13,21,24,25,17,32,17,33,30,29,28,25,41,28,28,22,79,26,14,33,24,14,29
40,95,33,26,37,34,32,33,34,36,37,33,22,36,34,27,34,34,38,24,35,30,35,38,37,37,37,34,35,29,39,38,34,34,61,38,38,33,38,35,50,36,32,28,38,31,37,36,40,36,37,26,38,42,33,37,32,31,45,38,37,30,39,38,38,61,34,40,38,36,38,35,31,36,18,30,17,37,49,36,38,28,39,38,27,38,19,43,38,37,36,39,35,29,37,24,40,52,37,28,40,18,35,35,66,60,38,38,45,37,34,37,38,38,34,45,32,35,30,39,36,36,41,39,38,40,116,27,44,39,35,39,55,24,38,37,36,28,38,37,35,26,36,39,32,31,34,38,41,36,38,36,38,37,36,47,38,31,23,36,32,40,27,35,38,29,33,36,35,43,34,41,31,23,33,32,40,48,38,36,35,38,38,36,29,0,54,35,35,34,28,40,36,93,33,35,33,40,29,26,32,35,36,36,36,37,38,40,45,31,34,37,37,29,40,38,35,37,40,35,47,31,34,37,79,30,33,28,42,36,31,36,31,34,33,32,37,40,39,46,38,38,32,37,31,36,81,39,32,28,27,25,37,28,40,32,37,31,34,33,27,35,33,37,16,45,34,35,25,31,36,29,38,54,34,32,37,35,37,33,38,39,38,40,38,40,40,35,38,36,35,31,35,35,27,40,39,40,34,26,28,34,33,31,31,36,32,38,38,33,38,30,37,100,32,34,37,38,34,29,30,38,37,34,36,36,27,31,35,33,28,38,36,38,32,39,39,35,42,38,39,23,82,36,29,39,34,29,38
69,95,52,48,68,60,51,55,59,64,64,59,50,59,52,53,56,61,66,58,68,56,69,69,63,68,67,60,61,57,68,67,60,60,57,67,67,60,47,61,70,67,60,42,57,60,68,61,70,62,65,48,65,46,64,56,58,55,59,69,66,54,55,68,64,57,60,69,63,64,66,66,58,64,54,52,54,65,45,63,67,55,67,67,62,64,58,58,67,61,66,67,60,60,68,59,67,61,68,50,70,49,62,66,55,49,67,44,58,62,57,67,69,66,63,62,58,62,55,69,60,64,68,67,67,66,108,59,48,50,66,66,64,57,70,52,66,52,65,70,60,49,59,65,65,61,64,72,70,61,67,61,61,69,69,57,65,61,53,62,60,70,55,62,68,55,50,66,61,29,60,56,52,47,47,56,67,67,69,62,61,58,63,60,53,54,0,59,68,61,54,54,68,71,60,61,57,29,52,50,59,69,60,67,68,69,69,69,74,50,60,60,65,55,58,64,61,66,66,61,58,60,63,66,73,50,63,58,67,65,51,61,55,62,59,53,66,69,69,61,69,69,64,65,67,58,77,69,65,60,54,51,67,57,67,48,69,51,63,66,52,69,60,66,54,68,60,59,45,52,58,57,67,62,60,55,68,61,61,66,65,50,62,67,66,68,69,61,68,61,61,65,61,68,54,69,69,67,47,52,56,64,55,63,65,61,58,68,67,62,67,61,69,100,64,52,63,67,59,60,62,67,61,65,62,65,52,61,60,60,56,69,62,70,56,67,66,63,67,67,69,61,81,62,53,65,59,53,69
18,97,32,27,17,11,36,26,22,20,12,40,26,4,35,22,34,23,15,15,15,34,16,29,12,39,40,7,15,21,16,15,7,10,62,16,16,30,44,7,41,15,12,47,23,12,18,5,19,12,16,36,18,51,29,36,22,24,39,19,17,32,42,17,21,59,7,22,28,14,14,15,27,16,31,34,31,11,52,14,17,25,16,16,21,22,30,46,16,12,13,15,17,20,17,39,16,57,18,24,19,40,17,16,66,65,16,45,38,6,22,18,19,14,17,39,14,32,44,18,12,14,36,17,16,17,123,18,48,49,15,22,57,31,17,41,22,18,13,20,8,22,20,15,28,30,15,19,19,15,23,20,19,16,27,52,18,18,29,5,22,19,32,13,16,27,43,14,13,48,20,49,23,32,43,43,17,46,18,8,7,48,12,21,23,35,59,0,16,18,29,39,13,97,7,6,24,52,23,28,31,16,19,37,35,16,23,18,44,29,10,39,23,34,32,37,15,20,12,4,51,20,13,16,83,24,18,31,33,14,24,31,34,10,8,30,24,22,41,40,23,19,18,30,30,33,87,41,26,30,23,30,21,33,14,27,19,24,13,33,37,16,24,15,42,38,32,34,36,36,34,26,18,56,33,16,17,6,22,35,21,51,32,20,27,18,18,8,16,7,14,18,6,11,22,19,19,17,41,30,17,15,20,15,27,10,30,22,17,18,15,31,22,102,18,33,8,16,40,31,27,16,19,16,9,10,22,17,11,16,20,20,7,21,33,18,17,11,39,16,21,22,86,8,17,28,10,23,18
11,96,40,33,7,20,37,31,34,19,14,40,32,20,42,27,39,26,9,19,7,37,3,23,13,33,40,15,19,25,8,8,13,18,67,6,17,32,45,14,38,7,12,49,23,15,10,14,7,15,8,36,21,58,36,41,19,25,45,7,12,34,44,7,26,65,15,22,33,10,10,8,27,15,36,36,35,12,63,20,11,25,7,9,28,26,30,51,4,20,10,9,22,20,8,42,8,60,14,31,8,42,21,13,66,74,7,52,49,14,31,22,7,8,22,45,23,29,42,8,23,11,37,8,9,8,135,21,54,46,7,21,58,32,8,47,16,26,10,10,19,28,31,11,33,35,20,19,8,21,19,27,24,8,28,54,21,25,34,16,24,9,36,20,4,30,45,13,15,59,23,48,32,38,46,44,9,43,9,16,15,44,10,27,29,35,68,16,0,22,40,43,10,106,15,11,36,58,30,32,32,1,29,33,35,8,24,9,40,35,19,39,27,35,45,39,20,15,15,14,54,25,12,19,90,29,19,35,30,20,35,30,39,18,15,37,23,22,37,41,18,11,19,32,30,38,91,38,32,31,30,38,25,40,23,35,10,35,24,33,40,1,35,7,41,36,30,38,42,41,37,28,7,56,35,23,7,13,29,33,24,55,37,20,28,9,7,15,4,15,17,19,11,14,28,16,11,7,45,34,24,20,23,21,33,15,27,25,16,24,6,33,24,105,17,44,14,12,44,31,33,8,21,11,14,20,27,21,15,21,25,12,13,12,40,10,8,18,35,5,28,27,87,20,28,29,17,31,9
24,98,32,30,21,15,31,30,37,23,21,41,30,14,37,24,42,27,22,18,21,29,23,26,19,40,41,17,20,23,23,21,17,20,64,21,25,33,46,16,40,20,19,46,15,20,21,19,25,19,20,36,21,52,27,36,21,21,41,24,20,31,44,23,24,59,17,24,28,18,23,21,26,23,35,38,35,21,58,18,23,24,21,22,24,25,31,49,18,18,20,23,21,21,21,41,19,59,23,31,25,37,20,20,64,67,22,47,44,20,28,24,24,22,18,47,18,31,42,24,18,20,37,20,22,23,125,21,51,49,21,23,61,30,24,39,22,21,21,25,16,26,26,24,32,30,22,25,23,13,23,26,15,23,25,52,21,23,32,19,23,25,27,18,24,26,43,20,8,52,20,46,32,34,42,42,23,44,24,15,16,44,19,24,26,34,61,18,22,0,36,37,23,99,17,18,36,52,29,29,30,23,24,38,36,23,24,22,44,30,17,39,27,32,39,35,8,21,21,18,53,22,20,20,85,30,21,28,32,20,32,28,36,16,18,35,27,24,42,38,26,24,21,31,29,34,77,42,26,26,27,32,21,36,25,32,24,32,19,35,36,23,30,21,40,36,32,34,38,38,30,29,20,53,32,15,21,18,27,35,25,51,34,21,27,23,22,18,24,17,6,19,18,22,22,23,24,21,42,25,18,24,24,17,26,11,31,26,20,18,23,31,28,104,21,38,20,21,39,25,29,22,21,21,17,16,24,14,10,15,19,22,19,26,35,22,20,17,38,20,24,22,88,17,22,28,16,27,23
41,91,25,21,40,23,37,31,30,35,32,41,28,30,32,28,31,35,37,33,38,29,40,46,34,37,39,27,26,35,40,39,29,30,61,39,37,34,37,29,45,38,33,37,36,33,40,33,42,38,39,32,35,42,38,33,34,30,37,42,38,29,32,40,38,57,28,38,37,36,36,38,34,37,34,31,34,35,43,35,39,30,39,39,38,38,31,46,39,37,38,39,32,35,40,36,39,54,40,22,42,35,31,38,63,58,39,38,34,34,27,40,42,37,34,38,26,33,42,41,30,35,41,39,39,39,112,34,42,42,38,40,54,32,42,33,37,24,38,43,29,28,20,39,38,37,35,42,42,32,38,31,33,41,39,47,37,27,21,33,31,42,25,35,40,31,35,35,33,39,38,41,32,26,35,37,39,47,41,32,29,38,35,29,24,28,54,29,40,36,0,36,40,93,33,29,33,45,27,20,38,40,26,41,38,41,41,41,49,31,28,36,35,31,28,37,33,34,38,29,43,33,34,37,75,29,34,36,41,33,29,35,30,35,28,27,37,38,36,45,40,42,35,39,40,35,81,41,38,36,26,24,39,28,40,31,42,29,36,37,30,40,24,38,36,44,35,37,26,31,37,33,40,47,33,33,40,27,32,37,37,43,37,36,41,40,41,26,40,35,35,36,29,38,26,40,40,39,34,27,31,35,35,34,35,35,32,41,37,32,39,30,40,96,36,26,32,40,31,36,39,38,34,37,30,36,28,32,34,34,31,41,28,44,33,40,39,37,41,39,41,32,82,29,25,38,35,28,41
45,95,38,34,44,39,35,42,34,42,42,37,36,39,37,36,35,40,42,40,44,34,44,48,39,46,48,38,40,40,44,43,38,40,60,43,43,36,40,37,51,43,40,42,40,40,44,37,46,38,41,36,43,49,47,36,40,34,37,45,39,37,39,44,44,58,38,46,42,38,42,42,40,41,42,37,42,41,54,41,43,35,43,43,46,42,39,47,43,41,42,43,36,42,44,45,43,54,44,35,46,38,41,42,62,62,43,40,43,38,34,45,45,42,39,47,38,41,40,45,38,42,43,43,43,42,124,41,46,48,42,43,55,41,46,37,43,33,42,46,38,32,42,44,44,44,41,48,46,33,44,41,31,45,44,42,39,40,35,39,36,46,31,43,44,36,39,43,37,48,41,44,34,37,36,43,43,49,45,37,37,39,39,36,35,40,54,39,43,37,36,0,44,96,40,38,36,51,34,33,39,44,41,46,45,45,45,45,49,36,37,33,43,40,42,44,33,41,41,39,46,39,41,43,86,33,41,41,44,42,33,40,34,41,38,34,44,46,47,48,47,45,43,39,47,36,83,50,38,42,36,37,43,38,46,33,45,33,38,45,37,44,39,42,42,44,39,37,38,40,44,38,43,54,40,35,44,39,36,46,42,45,41,44,45,43,45,38,44,36,36,41,39,43,36,45,45,43,36,33,38,43,40,41,42,36,37,46,44,40,43,41,46,103,37,38,40,43,42,42,43,43,35,40,37,40,36,37,35,39,38,45,40,47,43,43,42,41,47,43,44,42,82,40,33,39,37,36,45
13,98,42,33,12,22,36,32,37,19,16,43,30,17,42,27,38,24,11,19,9,40,10,23,14,37,40,15,17,22,12,15,15,18,66,12,17,30,47,16,40,12,13,50,21,16,10,16,12,17,8,33,21,54,30,42,20,23,47,13,18,35,45,12,27,66,15,21,32,12,13,12,27,16,37,38,38,12,63,20,13,25,13,13,19,27,25,47,14,20,10,14,22,23,10,39,14,62,13,31,12,39,23,15,68,74,12,52,49,16,31,25,13,12,21,46,23,30,46,11,21,10,38,14,11,13,132,23,54,48,12,23,57,35,13,46,20,26,12,12,19,30,29,14,31,32,19,16,11,21,22,28,25,12,29,56,19,26,35,15,25,12,38,17,11,31,47,16,16,59,24,52,34,38,47,43,11,45,12,15,16,46,14,27,29,36,68,13,10,23,40,44,0,106,16,14,38,57,30,30,35,10,29,36,35,12,21,12,43,35,19,42,23,29,43,38,20,22,13,13,54,26,14,18,90,29,16,29,34,21,37,34,39,18,15,38,27,21,40,40,21,13,18,33,30,37,91,40,30,26,30,38,25,39,23,33,13,37,24,36,41,10,35,12,39,39,31,36,41,40,33,27,12,57,34,23,11,13,31,36,21,57,36,22,28,14,12,17,11,17,19,19,14,4,28,16,10,12,44,36,24,19,23,11,30,18,28,18,14,24,11,26,15,107,20,44,16,17,38,33,30,6,23,9,15,20,27,20,17,20,26,12,14,14,38,14,13,17,39,13,27,24,90,19,28,28,17,29,10
107,91,90,87,105,96,94,93,99,99,102,94,85,97,89,91,94,96,103,94,106,93,104,106,100,106,102,96,96,95,106,105,96,96,87,105,104,98,90,97,108,103,94,83,97,94,106,97,108,99,105,91,103,84,98,93,96,96,96,108,105,93,89,105,100,93,96,106,102,102,102,104,95,101,94,92,94,101,85,99,105,92,105,105,106,102,97,99,105,99,104,105,97,96,106,101,105,93,106,89,106,92,96,104,94,79,105,85,95,97,93,103,107,104,99,100,94,98,97,106,96,100,105,105,105,105,93,95,84,90,104,107,90,92,107,91,103,90,104,107,96,87,95,103,101,98,100,107,106,98,104,97,98,106,103,90,102,97,92,97,98,108,93,99,106,94,90,103,99,76,102,90,91,86,87,97,105,102,105,98,97,98,101,96,91,93,71,97,106,99,93,96,106,0,98,97,92,76,92,89,97,106,94,107,106,106,106,106,109,90,96,96,104,92,94,100,99,104,105,97,95,93,100,103,75,92,102,94,106,99,90,97,92,98,95,89,103,106,106,102,106,107,101,102,102,94,89,103,101,98,92,87,106,91,100,90,107,90,96,104,91,106,96,104,90,105,96,103,87,91,95,96,106,94,97,94,105,97,97,104,103,83,102,105,106,106,106,97,106,97,99,102,97,105,92,107,107,105,87,91,92,100,95,99,102,98,98,106,105,98,105,100,108,75,101,86,97,105,96,97,98,104,98,105,98,97,90,97,98,98,92,106,97,108,98,105,105,99,105,105,103,97,84,97,87,100,96,91,107
18,94,34,26,16,15,33,19,30,17,9,38,26,11,29,15,29,21,13,13,15,31,15,28,14,33,36,9,16,22,15,17,8,13,64,15,13,30,43,12,41,14,10,43,20,11,17,11,17,11,15,35,20,46,24,33,19,24,41,17,12,31,41,15,16,60,9,22,23,16,10,16,25,13,28,31,27,11,56,9,16,24,16,17,20,19,28,46,18,7,12,16,17,14,15,34,16,53,17,24,17,38,13,16,65,66,14,45,42,12,26,14,17,13,14,39,16,26,39,16,17,13,33,16,16,16,124,14,42,46,15,19,56,30,17,41,20,20,16,18,13,23,24,17,28,26,11,16,18,16,21,16,20,16,22,51,17,14,27,11,21,17,29,7,15,21,42,13,14,52,15,45,28,26,38,40,15,46,17,11,12,45,15,21,22,33,60,7,15,17,33,40,16,98,0,11,32,47,19,26,26,15,22,31,29,16,23,17,39,25,13,36,23,30,36,36,18,19,12,10,51,19,8,14,79,19,11,27,32,9,30,27,31,3,9,31,20,22,36,40,19,17,16,29,25,36,88,35,21,26,17,31,24,32,18,23,17,30,15,36,32,15,28,16,39,37,29,31,32,36,30,24,16,53,32,17,15,10,24,36,24,43,29,21,28,15,17,11,15,11,15,17,10,14,15,18,18,15,41,27,12,14,19,9,25,11,28,22,18,10,15,25,18,100,16,35,12,16,35,26,26,14,19,13,11,15,15,12,12,15,15,19,11,19,34,16,14,5,34,16,16,19,86,15,20,27,11,19,17
14,96,30,22,13,10,35,26,26,19,10,40,28,10,35,22,34,22,10,14,13,33,13,26,7,37,38,4,8,23,13,11,3,9,64,12,18,31,44,4,41,11,10,45,22,11,13,5,15,10,12,35,20,52,29,36,21,24,38,15,17,32,42,13,20,59,4,22,29,9,6,11,26,17,31,29,31,3,52,14,12,23,12,12,25,23,30,50,12,14,11,12,15,17,13,39,12,57,13,19,15,39,16,10,66,65,12,45,38,5,20,18,15,10,16,39,12,30,43,14,12,13,35,11,13,12,123,16,46,48,11,20,58,30,15,39,20,16,10,14,8,21,20,11,26,30,14,21,15,15,21,22,18,14,26,48,20,20,23,7,22,15,31,13,13,26,39,12,12,48,21,48,22,32,43,41,12,46,14,10,4,48,8,16,18,35,61,6,11,18,29,38,14,97,11,0,26,52,23,21,29,13,17,35,33,14,22,14,42,27,8,34,23,34,34,35,16,21,15,5,53,21,10,16,83,24,19,31,33,14,25,30,34,11,5,31,24,22,39,42,21,15,16,31,29,33,87,39,26,30,23,27,22,35,17,27,15,25,12,34,36,13,24,11,40,36,33,35,34,34,34,27,13,54,32,15,13,3,22,34,22,50,34,22,28,12,14,4,13,7,14,18,2,16,22,17,14,12,41,29,18,15,23,15,27,10,29,26,15,18,12,31,22,102,15,33,3,15,40,29,26,12,15,12,7,6,22,17,10,14,19,17,3,17,35,13,12,11,37,12,20,22,86,10,18,28,10,23,13
38,98,27,20,35,26,33,30,13,33,32,36,28,25,31,23,28,30,34,28,37,27,35,43,31,34,35,25,24,28,35,37,26,25,61,36,35,30,41,26,49,34,29,45,35,29,37,25,39,28,37,33,35,50,35,36,27,24,35,38,36,29,38,36,35,58,24,35,32,33,32,35,29,33,26,19,26,27,54,34,36,19,36,36,40,37,29,53,36,34,35,34,28,29,35,34,36,54,36,19,37,34,30,35,69,61,36,41,45,24,29,30,36,35,34,30,23,29,42,37,25,33,38,37,37,36,122,28,45,48,35,35,55,31,36,37,31,16,34,37,28,25,27,36,36,23,33,37,37,33,34,29,35,36,28,48,34,29,25,24,30,39,29,29,36,27,41,35,33,46,35,49,6,30,41,41,36,48,36,29,26,47,32,27,8,33,57,24,36,36,33,36,38,92,32,26,0,49,19,19,28,34,29,37,36,36,39,37,43,26,25,30,31,33,44,28,33,36,37,26,50,28,32,36,83,26,34,30,38,34,17,34,36,29,25,32,31,35,37,44,34,36,32,38,33,36,82,36,31,33,25,28,36,31,33,28,36,17,24,35,34,34,34,35,36,43,28,41,33,34,33,25,36,54,33,28,36,27,30,37,38,46,38,36,36,37,37,25,36,22,34,36,26,37,25,36,35,34,35,28,24,32,30,31,35,32,33,37,36,34,36,37,41,100,33,40,26,36,39,29,35,35,31,36,30,24,23,30,33,33,25,37,26,38,38,36,36,31,40,36,28,28,82,25,22,36,30,25,37
60,95,43,43,55,51,42,44,50,53,52,46,39,52,44,40,45,47,55,46,57,43,59,59,54,56,59,51,52,48,58,59,51,51,63,57,54,51,45,52,61,56,48,43,45,46,57,53,59,50,55,44,54,34,50,46,46,50,55,57,57,48,51,57,49,61,51,60,50,56,53,58,45,53,43,47,43,53,40,48,57,48,57,56,53,51,48,47,59,48,53,56,52,48,57,36,57,53,58,45,59,44,49,58,64,60,56,34,51,54,50,55,57,55,48,54,49,52,46,59,51,53,58,57,58,58,107,48,45,49,58,57,63,47,57,49,55,45,58,60,51,42,45,55,54,49,49,55,60,53,56,48,53,57,55,52,54,46,44,53,52,59,42,47,58,43,50,53,54,18,48,53,48,30,37,50,57,58,60,53,52,49,55,51,46,40,29,52,58,52,45,51,57,76,47,52,49,0,43,43,51,59,54,60,59,57,59,59,64,41,51,51,58,42,53,56,54,57,55,52,55,47,50,54,71,41,51,48,58,50,47,50,42,48,50,45,55,60,57,52,58,57,55,54,54,49,85,60,48,49,41,39,58,43,58,39,57,47,51,57,41,59,48,58,37,59,52,55,39,47,45,48,57,55,47,49,55,52,52,57,56,46,53,57,54,58,59,52,58,53,54,53,52,55,41,60,60,58,45,41,37,49,45,48,53,54,50,59,56,47,58,50,60,100,55,43,54,55,45,49,51,56,53,57,53,52,39,46,53,51,37,59,53,61,52,59,57,49,54,59,55,50,84,53,44,55,52,42,59
31,91,27,23,29,23,22,12,25,25,23,36,14,25,22,8,22,20,26,21,31,24,29,37,27,32,36,22,22,23,27,30,23,21,60,28,25,23,35,24,43,27,21,38,25,21,31,24,31,20,25,26,29,43,32,27,20,15,40,31,30,30,40,29,27,58,21,31,30,28,23,29,22,25,23,11,23,25,47,25,28,16,28,29,27,27,18,46,30,24,28,28,24,21,28,24,28,52,30,17,31,29,17,28,59,60,28,39,41,25,25,25,31,26,23,22,19,25,38,31,24,25,39,29,29,29,120,20,37,38,27,31,56,25,31,36,26,12,29,30,24,18,26,27,28,28,21,31,31,27,26,19,29,30,26,48,28,16,28,24,24,31,22,21,30,18,40,25,27,43,24,44,15,19,34,36,26,45,30,24,24,40,27,24,12,29,52,23,30,29,27,34,30,92,19,23,19,43,0,22,27,29,26,33,33,30,30,30,43,14,21,37,26,26,35,34,27,26,30,23,51,22,24,29,76,1,25,27,32,25,17,29,28,20,22,19,25,31,36,43,28,31,26,34,30,32,81,36,24,24,6,27,28,25,28,8,31,17,24,36,28,29,25,29,33,39,26,34,26,36,27,19,29,52,27,21,29,23,28,36,26,41,29,27,33,28,30,21,30,22,27,29,23,28,6,30,29,26,24,20,16,20,20,23,26,27,27,29,31,23,28,26,32,97,28,32,25,31,33,21,25,26,27,26,24,24,8,20,26,25,17,33,24,31,31,29,27,20,41,28,31,22,82,23,17,31,25,8,31
33,91,21,10,32,16,29,23,22,27,26,35,20,23,28,15,27,26,29,25,32,16,32,38,26,34,36,20,16,24,32,31,21,22,59,31,26,30,36,21,45,30,25,33,29,25,32,26,34,30,31,29,25,43,35,31,24,20,32,34,30,25,37,32,29,53,19,32,37,28,28,30,30,28,20,25,20,22,43,27,31,20,31,31,27,28,18,44,31,27,30,31,23,26,32,33,31,50,32,9,34,33,19,30,63,53,31,33,33,26,22,30,34,29,23,33,15,27,37,33,21,27,37,32,32,31,114,25,37,39,30,35,50,25,34,31,28,15,29,33,15,14,22,31,30,20,26,30,34,26,31,24,27,33,29,43,29,23,14,29,24,34,19,30,32,19,34,30,26,37,26,42,19,22,33,32,31,47,33,28,21,41,27,19,13,26,50,28,32,29,20,33,30,89,26,21,19,43,22,0,30,32,19,35,35,33,33,33,43,22,20,29,25,32,30,35,26,26,32,26,45,25,27,28,74,15,27,31,40,27,18,28,27,26,20,21,29,32,36,44,26,34,24,34,28,35,81,37,31,27,18,16,29,18,31,22,34,18,26,36,25,32,25,30,31,37,29,36,26,30,31,22,32,49,31,21,32,22,26,36,29,40,35,25,35,32,33,22,32,28,27,27,21,29,18,32,32,31,35,12,19,26,25,28,28,27,26,30,30,27,31,28,33,99,28,27,23,32,33,28,29,30,27,31,22,25,15,24,27,27,22,35,22,34,36,32,31,29,41,31,31,26,78,27,19,31,28,16,32
34,92,29,28,31,29,29,31,27,26,30,38,29,31,34,29,29,27,24,23,34,30,33,30,30,33,35,28,29,30,30,30,28,28,60,31,26,29,41,29,41,31,23,42,25,23,28,31,32,27,25,29,28,49,27,33,25,27,42,33,31,30,38,31,27,59,28,31,33,28,28,32,20,23,28,34,28,31,56,25,30,24,30,32,31,29,25,47,32,25,28,31,29,19,32,36,29,51,33,30,32,32,27,32,63,67,28,45,46,31,30,30,33,28,27,38,28,30,39,33,29,25,31,31,32,30,127,19,43,47,30,26,58,25,34,38,28,28,34,33,31,29,33,26,28,31,28,35,32,30,30,28,30,32,29,49,30,26,30,32,24,34,27,31,32,28,40,23,30,52,29,46,30,30,42,31,25,45,34,32,29,43,32,26,28,32,59,31,32,30,38,39,35,97,26,29,28,51,27,30,0,33,33,38,34,32,31,33,43,30,29,37,28,22,43,30,30,30,31,31,48,24,27,28,85,28,30,28,34,26,30,25,33,28,27,33,32,31,38,39,31,33,28,31,29,32,87,38,26,27,27,34,29,35,26,30,34,30,30,36,34,33,35,32,30,29,31,32,34,40,29,21,31,45,26,28,31,30,32,36,27,44,35,33,30,30,32,30,32,32,31,28,29,32,27,30,30,29,37,28,26,28,22,27,28,29,26,35,32,24,32,30,35,101,27,40,31,30,36,25,29,23,28,32,31,31,29,25,29,28,21,32,30,32,33,32,30,30,35,31,26,28,81,32,29,31,28,28,32
11,95,41,33,9,20,38,31,34,18,14,43,32,20,40,27,37,25,8,19,7,38,6,24,14,32,40,15,19,25,7,9,13,18,66,6,16,31,44,14,39,8,12,49,24,15,11,16,7,15,9,37,22,59,36,41,19,25,46,7,13,33,43,8,27,64,15,22,33,11,10,8,28,15,35,35,34,12,63,21,10,24,8,10,29,27,30,52,7,21,11,7,22,20,10,42,11,60,15,29,7,42,21,14,67,74,8,52,49,14,33,20,10,9,22,46,23,28,43,9,23,11,37,9,9,7,135,22,55,46,6,20,57,33,9,46,17,26,10,9,19,28,31,12,34,34,20,19,9,22,20,27,25,9,28,55,20,25,35,16,23,9,36,19,4,31,46,12,17,59,24,49,32,38,46,45,11,46,8,16,16,45,11,27,29,35,69,16,1,23,40,44,10,106,15,13,34,59,29,32,33,0,29,32,34,9,25,8,41,35,18,41,27,36,45,39,21,14,15,14,53,25,14,18,90,29,19,35,31,21,35,31,38,17,15,37,22,22,35,42,17,10,18,32,30,37,92,36,33,31,30,38,26,41,22,36,9,35,24,34,41,0,35,7,41,37,31,37,42,41,38,29,8,57,36,21,9,13,30,34,25,55,38,21,29,10,8,17,4,18,19,20,11,14,28,17,12,8,45,34,24,20,25,21,34,14,27,25,17,25,7,33,24,105,18,44,13,13,45,32,34,9,22,10,14,18,27,21,15,21,26,12,13,11,41,9,9,17,33,6,28,27,89,20,28,29,16,32,9
30,98,30,22,30,23,37,21,28,26,23,44,26,20,36,23,34,27,27,22,29,32,29,37,24,39,40,18,15,24,29,28,18,21,62,28,25,34,44,23,45,27,22,46,27,25,31,24,31,26,28,38,25,50,32,37,27,28,41,31,27,31,38,29,30,60,17,28,31,24,25,27,30,26,33,32,33,24,52,25,28,28,28,29,29,28,31,52,27,27,28,29,22,26,28,35,28,54,30,29,31,38,22,28,69,61,28,47,31,23,20,29,31,26,22,43,15,31,48,30,18,24,37,29,28,28,120,28,50,48,28,30,56,31,31,39,28,20,27,30,20,25,21,29,31,30,22,31,31,24,27,21,21,30,32,48,24,23,24,21,23,31,32,24,29,26,42,26,22,49,27,41,23,33,45,40,27,51,30,20,23,50,23,18,22,36,60,19,29,24,26,41,29,94,22,17,29,54,26,19,33,29,0,37,35,30,27,30,45,30,18,35,28,36,32,39,23,24,25,18,53,27,24,27,79,24,23,33,34,25,27,29,31,24,17,27,27,28,42,42,27,31,23,34,29,34,86,41,28,28,22,24,31,32,27,29,31,27,23,39,37,29,25,27,44,40,31,35,35,33,33,28,29,56,33,26,29,18,24,39,29,48,37,27,34,28,30,15,29,24,24,28,18,27,23,29,29,26,42,30,22,22,26,23,27,21,27,31,29,27,28,29,29,100,23,31,20,29,42,29,27,28,21,28,20,23,23,21,23,23,24,33,19,31,36,29,28,26,41,28,32,29,89,20,20,29,22,24,30
38,94,35,36,33,35,38,38,40,26,33,44,37,39,41,36,37,29,31,29,35,34,30,40,36,22,22,33,33,33,33,40,32,35,64,35,29,36,47,36,46,32,30,46,36,31,38,35,37,32,37,38,35,60,36,39,32,34,39,36,34,29,40,34,39,62,33,35,35,34,33,35,33,27,31,36,32,35,63,36,36,32,35,36,40,39,36,54,38,36,33,35,32,30,36,45,34,55,39,35,36,41,32,37,68,75,31,55,49,34,37,24,33,30,35,48,30,20,43,35,35,25,24,37,37,35,134,31,51,51,35,31,56,37,32,36,26,35,37,34,38,37,42,35,41,35,32,37,36,37,23,30,39,31,32,50,32,29,39,36,28,37,36,29,34,34,43,30,37,60,38,43,36,39,46,39,34,48,33,35,36,39,37,36,37,36,67,37,33,38,41,46,36,107,31,35,37,60,33,35,38,32,37,0,17,31,34,35,27,35,35,40,27,35,48,38,38,34,36,36,49,31,31,30,87,33,31,35,35,36,36,29,41,30,31,40,25,35,24,44,23,33,28,36,27,35,89,24,38,36,33,33,34,35,36,37,34,36,31,40,39,32,37,35,41,39,38,39,44,42,37,34,34,54,38,34,33,35,36,40,35,53,36,34,32,35,36,36,34,36,38,30,34,32,33,38,38,33,46,35,30,32,31,33,39,34,36,31,40,35,32,29,35,101,33,44,34,37,40,34,38,34,35,33,34,31,36,31,35,29,33,36,34,34,42,34,33,33,27,36,30,32,89,39,35,34,34,37,37
36,93,37,36,29,33,35,33,36,25,30,42,36,37,41,32,36,28,29,26,32,38,27,39,34,19,22,32,31,33,33,37,31,33,64,32,28,35,46,34,45,31,28,50,33,29,35,33,34,30,35,35,32,59,35,41,31,32,44,33,34,27,38,31,36,61,32,37,32,31,32,34,32,24,32,35,31,33,60,33,30,30,33,35,37,36,36,49,35,33,30,33,32,28,34,43,32,52,37,33,32,39,30,36,65,73,31,53,48,32,37,21,32,28,33,41,29,19,42,33,34,24,21,35,34,31,136,28,54,47,32,27,57,34,29,40,31,34,36,31,36,34,38,32,37,32,31,34,34,35,31,34,37,30,31,52,30,31,37,34,28,34,36,29,34,33,40,28,35,59,35,45,36,38,49,38,32,47,32,33,34,41,35,35,36,36,68,35,35,36,38,45,35,106,29,33,36,59,33,35,34,34,35,17,0,30,33,33,28,34,34,42,27,34,41,38,36,33,33,34,44,30,28,30,89,33,31,35,39,33,37,33,41,29,30,40,23,37,22,41,19,32,25,36,21,37,89,22,36,37,33,37,36,40,33,34,31,37,30,35,40,34,36,34,43,36,31,35,41,40,39,34,31,52,37,33,30,33,38,35,34,54,36,34,28,33,33,34,34,34,36,31,32,31,32,38,35,30,41,33,28,30,30,30,38,32,35,33,38,32,29,32,35,106,31,43,32,34,43,32,36,32,34,30,32,31,32,30,33,28,31,33,32,31,41,32,29,31,23,33,33,32,87,37,34,31,31,35,34
9,96,42,34,4,20,39,31,35,21,13,44,32,20,41,27,39,26,11,18,8,38,5,26,14,33,35,16,20,25,5,11,14,19,68,6,19,32,45,14,40,6,14,48,24,16,9,16,8,14,12,37,20,59,36,43,23,25,48,7,14,35,45,5,27,65,16,21,33,13,12,6,27,16,32,37,33,11,64,21,7,26,8,7,27,27,30,52,7,21,11,7,23,20,7,42,11,60,15,31,7,42,22,14,68,75,2,53,50,15,34,20,4,5,22,47,24,29,45,6,24,14,33,12,8,7,135,20,55,50,8,16,60,33,3,47,18,27,10,9,20,30,32,13,34,32,20,20,6,22,18,28,26,0,28,56,23,26,35,18,25,8,36,19,5,31,47,13,17,60,24,48,33,38,46,45,9,44,4,16,16,47,9,28,30,37,69,16,8,23,41,45,12,106,16,14,36,57,30,33,32,9,30,31,30,0,25,6,40,34,20,41,23,37,46,37,21,20,13,14,53,28,13,20,87,30,20,35,32,21,36,30,40,17,16,38,22,21,36,41,18,4,20,35,31,39,92,37,33,29,30,39,26,39,24,36,5,36,21,34,41,9,36,5,41,40,33,39,42,43,38,30,3,58,37,21,4,14,32,34,25,55,36,22,29,13,7,18,5,18,19,21,12,12,28,17,13,8,46,34,24,20,24,21,34,18,31,24,17,25,3,34,23,107,19,45,15,14,45,31,34,12,23,9,16,16,27,22,16,19,26,11,14,11,41,6,5,17,34,8,26,27,91,20,29,27,18,32,8
22,97,32,32,22,23,35,30,38,23,22,42,33,24,40,26,42,24,19,23,23,39,25,26,22,43,41,20,23,25,19,21,21,24,70,23,23,34,47,22,41,22,23,48,24,23,22,23,23,25,19,36,24,55,32,40,23,26,49,24,24,34,44,23,26,62,19,18,33,21,19,22,29,24,36,39,36,22,61,24,19,27,22,22,24,24,30,49,23,23,20,23,24,23,19,41,21,58,17,28,23,38,23,22,67,72,23,50,47,24,32,27,24,21,21,48,21,28,47,24,22,22,39,22,22,23,134,21,43,51,20,27,61,31,24,40,22,25,21,23,21,31,27,21,19,34,19,27,24,23,23,30,27,25,29,52,19,28,34,24,24,23,37,26,24,30,43,21,24,57,26,47,35,41,45,38,20,40,24,24,22,45,22,27,30,38,69,23,24,24,41,45,21,106,23,22,39,59,30,33,31,25,27,34,33,25,0,23,46,35,17,44,23,32,44,28,25,20,17,23,53,27,24,23,88,30,24,32,32,25,37,29,41,25,20,38,31,18,42,34,26,24,26,32,28,41,90,42,29,30,31,38,10,42,26,35,24,37,23,33,43,25,34,22,40,33,37,36,42,39,37,28,25,45,25,23,23,22,29,33,23,56,27,21,30,21,23,21,24,22,22,22,22,21,25,19,19,17,43,35,23,22,27,24,26,24,32,24,24,24,24,28,20,105,21,44,24,23,42,30,17,21,23,19,24,25,26,21,20,23,27,25,21,24,24,24,24,25,40,21,28,25,91,23,25,23,25,31,22
7,96,40,34,6,22,40,32,37,22,13,44,34,22,42,28,40,26,12,16,10,39,8,25,14,36,39,16,19,24,8,12,14,19,69,4,20,35,47,16,41,5,16,51,26,18,7,15,3,15,12,37,24,60,36,41,24,26,48,8,15,35,45,3,28,67,16,19,34,13,12,4,27,20,32,38,32,12,64,22,10,26,9,7,26,28,32,50,8,22,11,8,23,22,6,39,10,61,13,30,1,38,23,10,67,75,7,52,50,15,34,23,6,6,22,46,24,30,47,2,24,17,36,13,6,8,133,19,54,51,5,17,61,32,8,45,21,27,10,6,20,30,32,14,32,32,20,17,2,22,23,29,26,6,29,56,20,27,35,17,25,3,37,19,5,32,47,15,18,60,25,49,33,39,47,41,11,46,6,18,16,49,10,28,30,40,69,18,9,22,41,45,12,106,17,14,37,59,30,33,33,8,30,35,33,6,23,0,43,35,20,42,24,35,46,37,22,21,15,16,55,25,13,19,88,30,19,35,33,22,36,31,40,16,16,38,25,19,39,43,21,6,16,32,32,40,93,40,31,31,30,39,24,41,25,35,6,36,21,35,42,8,36,5,41,39,34,35,41,41,39,28,4,57,36,23,4,14,32,35,22,56,37,23,29,12,2,18,5,17,20,21,12,14,28,15,11,10,45,35,24,20,26,17,31,17,32,25,18,26,3,30,24,108,15,45,15,13,45,32,32,12,23,10,16,17,28,21,18,18,27,6,13,8,39,7,5,16,37,4,27,24,90,22,29,29,16,31,6
46,91,47,43,41,41,44,46,47,30,40,44,45,46,46,44,40,39,38,36,41,44,39,51,43,31,31,40,40,42,41,44,40,42,70,42,37,42,44,42,53,41,37,53,42,37,45,43,44,39,42,47,40,61,47,49,38,41,44,44,42,37,43,41,45,58,40,42,45,40,41,44,42,34,38,43,37,43,68,44,44,38,41,44,45,47,39,58,43,44,41,41,39,37,41,46,39,62,44,41,44,48,41,45,65,78,40,53,48,42,44,37,42,37,44,44,37,27,42,43,44,34,31,43,44,42,136,38,55,54,43,36,62,46,39,44,34,43,46,41,45,44,49,42,46,40,41,43,44,44,36,41,46,40,40,52,39,38,47,44,32,44,43,39,41,41,45,35,43,62,46,44,44,48,46,44,41,49,42,43,43,43,44,43,42,45,74,44,40,44,49,49,43,109,39,42,43,64,43,43,43,41,45,27,28,40,46,43,0,44,42,45,36,39,52,46,44,41,43,44,51,37,38,40,85,42,40,44,42,44,45,35,49,38,39,50,36,42,27,46,32,42,36,40,35,48,90,31,44,40,41,48,41,44,44,46,41,45,40,43,47,41,47,44,45,41,42,45,47,42,46,42,41,59,45,40,41,43,44,43,46,55,44,45,42,43,43,43,41,44,44,39,42,39,41,43,44,40,45,42,38,41,38,40,45,42,41,42,46,43,39,39,42,109,39,46,42,42,40,42,45,41,42,40,42,40,44,38,43,37,40,44,42,41,50,41,40,41,30,43,33,37,87,44,43,39,41,42,44
35,90,31,20,33,25,22,19,29,29,29,35,24,26,22,11,26,25,30,26,36,20,34,36,30,35,37,27,26,28,33,35,27,26,63,34,30,26,35,27,48,32,25,30,23,25,30,28,35,23,31,30,31,41,22,29,25,22,40,34,34,28,38,33,23,61,27,31,30,31,28,33,28,29,23,29,23,30,54,22,32,19,32,33,34,28,27,50,34,22,31,32,28,25,33,36,32,50,30,20,35,35,23,33,63,59,32,36,46,27,28,26,35,31,25,36,26,27,34,34,30,29,36,30,34,30,122,25,35,40,33,34,52,26,35,38,31,17,34,36,27,24,28,26,32,29,28,32,36,27,33,22,34,34,24,49,33,23,25,29,28,35,16,25,35,13,42,29,30,46,23,42,17,25,35,35,32,47,33,28,27,43,31,29,17,31,50,29,35,30,31,36,35,90,25,27,26,41,14,22,30,35,30,35,34,34,35,35,44,0,28,32,28,27,39,28,30,31,35,29,50,24,27,28,79,10,30,24,40,22,23,27,22,24,26,29,30,31,37,46,33,35,30,37,32,37,88,38,28,28,12,29,32,21,31,2,35,23,28,40,24,35,36,33,28,37,26,36,28,34,25,25,34,51,30,27,33,28,28,40,33,40,33,33,35,33,34,28,35,29,33,34,27,33,14,32,32,33,37,14,22,27,26,28,29,31,29,36,29,22,33,30,36,95,31,37,27,29,31,27,31,31,30,34,29,28,10,27,30,30,16,30,27,36,35,32,32,25,36,34,26,27,77,28,23,34,27,9,33
20,94,27,24,19,8,35,24,28,18,13,40,27,9,31,20,33,22,16,13,20,32,18,29,13,37,38,5,9,22,19,18,6,11,62,18,18,30,42,8,42,17,13,45,22,13,19,13,21,16,18,36,20,51,28,35,22,24,39,21,16,30,40,19,21,58,4,21,28,15,15,17,25,15,32,30,32,14,50,15,18,21,18,18,25,24,30,48,18,15,17,18,15,17,19,40,18,56,19,20,21,38,15,17,66,64,18,44,38,14,22,18,21,16,15,39,8,30,43,20,6,16,36,18,18,18,122,16,45,50,17,23,58,29,21,38,22,16,17,20,5,21,20,18,27,30,11,18,21,14,23,23,18,20,25,47,19,18,24,11,20,21,30,16,19,24,38,16,13,46,20,47,21,32,42,40,18,45,20,10,8,47,14,19,21,34,60,10,19,17,28,37,19,96,13,8,25,51,21,20,29,18,18,35,34,20,17,20,42,28,0,37,23,33,34,35,15,19,15,7,52,20,13,16,83,22,18,30,33,15,23,27,32,16,7,29,23,21,39,40,24,21,12,28,27,34,86,39,26,29,23,27,23,34,18,27,21,23,8,35,34,18,24,17,40,37,32,34,35,34,33,26,19,53,31,13,19,8,22,35,21,50,31,21,26,19,20,6,19,10,11,19,8,16,22,19,19,18,41,28,17,15,23,15,27,13,30,27,18,16,18,30,23,101,15,30,6,19,38,29,25,17,14,16,11,11,20,16,9,13,18,20,9,21,34,19,18,14,36,18,21,22,86,9,17,29,13,23,20
43,94,35,31,40,36,36,31,32,38,36,42,31,42,36,29,32,38,38,36,41,38,39,46,37,40,42,36,34,35,41,40,36,34,61,40,39,28,39,36,49,39,35,42,37,35,41,35,43,36,40,32,40,49,42,38,37,32,32,43,38,34,34,40,41,62,36,43,37,36,37,40,40,39,30,32,29,37,51,36,41,28,40,41,37,41,35,48,40,36,39,40,37,37,41,41,40,57,41,30,41,32,36,40,65,64,41,43,43,36,36,39,42,39,40,43,35,37,39,42,39,39,42,39,41,40,122,36,47,47,39,41,51,36,41,35,40,30,39,42,37,31,40,40,40,31,36,39,41,38,43,39,39,41,38,45,38,37,28,41,33,43,30,35,41,33,38,40,40,47,37,46,26,31,40,38,40,50,41,41,36,43,38,36,26,37,60,39,39,39,36,33,42,96,36,34,30,51,37,29,37,41,35,40,42,41,44,42,45,32,37,0,38,38,43,39,40,40,40,41,51,36,37,40,83,32,40,37,44,36,28,38,37,35,35,29,38,43,39,49,39,42,37,38,39,30,89,42,37,36,32,29,43,35,39,25,41,28,37,40,38,41,38,40,36,44,32,40,36,35,40,35,40,53,39,34,40,35,33,40,41,45,43,41,45,39,41,35,41,39,38,39,36,40,32,43,42,40,38,27,32,36,35,39,38,40,35,42,39,39,40,39,44,97,36,39,36,41,40,38,41,39,37,40,35,34,30,36,38,38,33,41,36,43,41,40,40,37,45,40,40,35,75,42,32,39,36,30,42
28,91,33,28,23,26,33,27,38,25,22,39,30,24,41,29,36,27,21,24,25,35,22,34,24,32,33,23,26,28,26,27,23,27,63,24,24,30,43,25,39,23,24,48,23,24,27,25,26,23,25,33,27,53,29,40,28,27,42,25,23,25,38,23,29,60,23,22,26,21,24,26,21,21,33,35,32,24,59,26,26,24,25,26,27,27,28,43,26,26,21,25,24,25,27,41,24,54,26,28,26,37,25,26,64,73,24,51,43,25,27,24,24,21,26,47,24,22,45,25,21,23,32,25,24,25,131,24,48,45,25,22,57,33,23,37,25,29,25,22,25,27,30,24,30,34,25,29,25,23,25,26,22,23,28,51,18,28,34,21,19,26,34,25,27,29,43,22,26,55,27,40,26,39,42,32,24,41,26,23,25,44,26,27,32,37,65,23,27,27,35,43,23,104,23,23,31,58,26,25,28,27,28,27,27,23,23,24,36,28,23,38,0,25,41,30,26,26,20,21,44,21,21,22,81,27,25,28,29,26,35,24,40,23,24,34,23,22,34,40,20,24,24,26,24,33,89,33,30,29,30,34,18,35,23,29,23,35,21,32,38,27,29,26,41,34,34,32,38,36,32,25,22,50,28,28,23,25,30,31,20,52,29,24,28,24,25,23,27,23,26,22,25,21,25,23,26,24,40,32,26,25,26,24,29,24,29,24,28,23,23,27,20,103,21,43,25,25,35,27,26,23,24,19,25,22,25,20,24,25,28,24,25,23,34,25,23,23,31,26,28,27,77,22,25,28,23,30,28
36,88,27,29,34,33,25,30,34,28,33,35,27,34,34,25,34,27,27,25,34,30,36,36,33,33,33,33,34,30,33,36,33,33,61,35,30,26,33,34,43,34,28,40,26,28,33,35,36,33,30,31,34,41,25,30,27,26,41,36,34,30,38,34,34,60,33,35,31,33,32,35,23,29,29,36,29,33,55,31,33,25,33,35,32,28,20,40,36,31,31,34,31,24,31,33,32,51,36,31,36,35,31,35,62,66,33,41,44,36,32,34,36,31,30,41,31,28,32,37,34,28,37,33,34,35,122,25,43,39,34,34,54,29,35,34,32,28,35,34,34,29,32,31,30,28,31,33,36,31,31,31,30,37,32,49,31,28,35,35,27,36,29,31,35,24,40,26,34,47,31,38,31,29,35,36,30,46,35,34,34,44,35,34,29,29,55,34,35,32,31,40,29,92,30,34,33,42,26,32,22,36,36,35,34,37,32,35,39,27,33,38,25,0,41,33,34,32,33,34,46,25,31,30,85,27,31,22,33,32,30,26,31,31,32,32,34,35,34,41,33,36,32,34,27,34,84,34,26,20,25,32,31,28,32,25,35,30,34,38,29,36,31,35,32,36,30,34,33,38,21,21,33,48,28,30,34,34,30,38,31,43,29,33,31,33,35,34,35,35,34,27,34,25,25,33,34,33,35,26,25,30,22,25,28,33,33,33,33,29,34,23,28,100,31,36,36,30,26,28,31,30,31,33,34,36,25,26,32,30,25,36,35,35,31,35,35,32,33,35,31,24,80,35,27,31,33,25,33
46,93,34,31,45,28,39,37,42,41,37,48,38,31,37,35,43,41,42,37,45,35,45,47,39,49,44,34,33,39,45,44,34,36,61,44,42,40,44,34,47,43,38,47,41,38,45,38,47,43,44,45,40,50,43,41,41,37,40,45,43,34,39,45,39,57,34,46,37,41,41,43,40,41,46,41,46,40,49,38,44,37,44,44,43,41,40,49,44,36,43,44,38,39,45,46,44,54,45,29,47,47,36,43,66,64,44,44,37,39,31,43,47,42,38,51,28,41,48,46,34,40,41,44,44,44,122,38,47,51,43,45,61,35,47,37,42,31,43,48,33,35,32,44,43,43,40,45,46,33,43,35,37,46,43,47,41,36,32,38,36,47,37,38,45,38,41,40,38,43,42,46,38,39,43,40,44,48,46,37,34,48,40,34,32,40,58,32,45,39,28,42,43,94,36,34,44,53,35,30,43,45,32,48,41,46,44,46,52,39,34,43,41,41,0,45,38,41,43,34,46,37,39,40,78,36,38,43,42,38,36,35,41,40,33,39,43,46,50,46,41,47,38,43,42,38,83,46,40,40,31,32,44,34,43,38,47,36,39,45,39,45,20,43,46,42,42,33,44,40,41,39,45,48,40,37,45,32,38,44,44,50,41,42,41,45,46,32,45,40,40,42,34,41,33,46,46,44,46,36,37,40,39,39,39,40,42,45,43,38,44,39,41,99,41,30,37,44,42,37,44,43,39,42,35,42,35,37,39,37,37,46,33,49,42,45,44,42,43,44,44,41,87,34,29,41,40,35,46
37,94,36,32,37,35,33,34,37,34,38,36,34,37,36,33,27,32,36,30,41,38,37,36,37,40,35,34,34,28,38,38,34,34,65,38,37,33,39,35,45,35,31,48,30,31,34,36,38,35,38,38,35,53,34,35,26,35,46,39,39,37,39,37,37,61,34,19,40,35,37,37,26,34,32,33,32,38,56,35,37,30,37,37,41,36,35,53,38,35,37,37,34,28,36,40,37,57,31,32,38,30,35,37,67,69,37,48,51,35,36,36,37,36,31,39,33,32,46,37,32,34,37,36,38,35,131,27,39,46,37,39,56,32,37,40,38,32,39,36,34,35,40,35,22,35,35,40,38,37,37,34,37,37,34,55,37,35,39,37,34,38,34,37,39,32,47,37,34,52,37,47,30,37,43,37,35,44,37,38,35,47,37,34,31,38,64,37,39,35,37,44,38,100,36,35,28,56,34,35,30,39,39,38,38,37,28,37,46,28,35,39,30,33,45,0,34,40,40,37,51,31,36,37,91,35,38,26,38,36,33,32,34,35,33,33,36,19,35,44,38,37,35,30,35,35,86,40,38,36,34,35,27,34,35,31,37,33,35,36,36,39,36,37,34,31,35,40,34,42,32,30,37,44,20,31,37,36,34,37,36,47,31,40,37,38,39,36,39,37,35,36,35,38,34,23,27,37,38,33,28,35,24,35,37,33,30,42,36,34,37,38,32,104,35,45,35,32,36,32,22,35,35,38,37,35,32,34,34,33,25,36,35,37,31,37,37,37,40,38,33,30,83,38,32,40,32,32,40
22,97,36,26,19,12,36,28,29,17,18,40,29,18,36,24,35,25,20,16,21,32,21,31,17,40,41,15,17,20,21,20,15,17,64,20,20,33,43,12,42,20,17,48,22,17,21,15,23,15,20,35,21,54,30,34,19,20,40,22,21,33,44,21,23,59,15,21,33,14,21,19,25,20,33,33,33,20,56,21,21,24,19,20,26,26,32,49,16,21,20,21,16,19,21,42,17,61,22,24,23,37,20,18,66,67,20,47,42,15,24,25,22,20,15,45,16,33,43,22,18,19,36,18,20,19,127,18,50,45,19,19,59,30,21,40,24,20,19,25,15,24,24,22,31,29,19,22,23,14,25,25,19,21,27,52,21,24,25,17,23,23,30,19,20,28,43,20,4,54,22,46,29,37,44,42,21,45,22,16,12,47,17,20,24,35,61,15,20,8,33,33,20,99,18,16,33,54,27,26,30,21,23,38,36,21,25,22,44,30,15,40,26,34,38,34,0,21,21,17,52,23,17,21,87,28,21,30,34,20,31,31,35,16,15,32,26,22,42,42,27,22,20,32,28,34,77,42,25,27,25,33,23,34,25,31,22,31,18,33,37,21,28,19,40,38,31,33,37,35,33,28,20,55,31,13,19,16,27,35,25,49,34,22,31,21,22,16,20,15,7,17,16,21,26,22,22,19,40,28,20,21,23,19,31,9,26,27,23,22,19,32,24,104,16,38,17,21,41,26,28,20,18,20,13,12,24,16,11,12,21,22,17,26,35,20,19,17,39,18,25,23,88,16,20,28,12,28,22
23,92,41,27,19,16,31,28,35,20,17,41,32,19,35,27,38,22,16,22,22,34,15,24,20,36,38,21,21,24,19,21,21,21,68,18,15,32,34,21,33,20,19,44,22,18,22,20,20,21,19,36,21,55,33,36,21,22,44,22,17,30,43,19,26,63,21,21,31,20,19,19,22,21,36,37,35,21,59,21,20,19,18,21,24,23,29,48,21,20,20,19,22,20,22,42,19,59,22,30,20,42,18,19,59,70,18,50,43,22,28,22,22,17,20,45,22,27,44,20,21,19,34,18,20,20,132,21,52,41,18,23,56,32,20,40,18,23,22,19,21,29,25,19,33,34,22,22,20,16,20,22,24,20,29,54,24,23,30,22,20,21,29,20,17,28,45,15,20,57,22,40,31,35,40,41,19,48,21,19,21,41,22,21,25,37,66,20,15,21,34,41,22,104,19,21,36,57,26,26,30,14,24,34,33,20,20,21,41,31,19,40,26,32,41,40,21,0,22,21,46,25,17,16,87,27,21,32,23,21,34,27,36,20,22,35,24,21,38,39,19,22,17,30,27,37,90,35,28,28,25,35,22,34,24,29,22,34,21,37,38,14,29,21,37,34,32,35,37,37,32,25,21,53,35,25,19,19,28,37,20,49,32,17,24,19,20,19,17,22,20,21,21,18,27,21,22,21,43,27,23,21,20,21,27,21,25,27,23,22,18,24,22,101,16,40,22,20,39,29,30,17,22,19,19,18,27,20,20,23,24,21,22,20,38,20,19,20,35,21,26,26,88,20,26,27,19,26,23
17,97,41,32,14,21,35,30,36,18,15,43,30,19,43,26,36,25,16,14,10,37,15,26,15,36,40,17,19,24,13,13,16,18,68,13,14,28,44,15,41,13,16,49,22,16,14,16,17,18,13,33,23,55,30,41,22,24,47,16,15,32,42,15,26,66,17,23,29,12,18,15,30,17,33,37,32,13,59,20,14,24,15,16,25,26,31,46,14,20,13,14,21,19,13,40,12,58,13,28,17,35,23,16,67,73,13,50,48,15,31,25,16,11,21,46,21,28,43,16,19,15,36,14,14,15,130,22,55,48,13,19,58,35,14,42,22,25,13,19,17,27,29,17,32,33,16,14,16,20,24,25,22,13,28,53,7,23,32,12,22,17,35,18,14,30,44,12,18,55,23,45,29,37,45,41,14,45,17,12,17,46,16,26,27,40,66,12,15,21,38,41,13,105,12,15,37,55,30,32,31,15,25,36,33,13,17,15,43,35,15,40,20,33,43,40,21,22,0,14,55,21,17,15,90,29,17,30,35,20,35,25,36,13,17,35,27,23,39,36,21,16,16,21,28,37,92,40,29,30,27,35,20,36,24,34,16,35,22,32,41,15,35,15,45,40,33,31,42,41,35,29,13,56,31,20,14,15,29,33,19,53,34,19,20,11,15,13,14,15,17,19,15,13,25,21,17,11,44,33,22,19,22,18,31,14,30,19,16,24,14,30,17,106,14,41,15,11,40,31,30,15,20,11,14,19,26,19,12,16,25,15,16,20,35,14,12,13,36,12,26,26,88,19,27,15,15,31,15
16,97,32,27,14,11,36,25,25,19,10,40,26,8,35,21,36,23,13,13,13,34,14,29,10,38,40,6,14,21,14,13,5,13,62,14,20,30,44,2,41,13,11,47,23,12,15,1,17,12,14,36,20,52,29,36,19,24,39,17,19,31,41,15,21,59,6,21,30,11,10,13,27,16,32,33,32,9,52,14,15,23,15,15,23,23,30,48,13,14,14,16,17,18,14,38,13,57,17,17,17,38,17,13,64,65,14,45,38,2,22,20,17,12,17,41,11,31,46,16,9,14,37,16,14,15,123,18,48,46,14,21,59,31,15,39,22,16,11,18,8,22,20,16,28,29,15,19,17,15,23,24,19,14,27,52,20,20,29,2,21,17,32,12,14,27,43,12,13,48,21,48,20,32,43,43,14,46,16,7,4,50,11,21,23,35,61,4,14,18,29,39,13,97,10,5,26,52,23,26,31,14,18,36,34,14,23,16,44,29,7,41,21,34,34,37,17,21,14,0,49,20,10,16,83,23,18,31,32,14,26,30,34,11,9,30,23,21,41,40,22,17,17,31,30,33,87,41,26,30,23,28,21,31,16,27,17,26,13,35,37,14,24,13,42,38,31,34,36,34,34,26,16,56,33,16,14,4,24,35,21,51,33,20,27,14,16,7,14,4,14,18,4,15,21,17,16,14,41,30,15,16,22,14,27,12,27,21,17,18,13,30,21,102,18,33,12,18,40,31,27,14,19,14,8,10,21,17,11,12,20,17,5,18,33,16,15,8,39,13,21,22,87,6,17,25,10,23,16
57,76,47,45,55,50,49,50,46,49,52,44,49,49,49,48,50,51,52,50,54,48,53,59,54,46,42,50,51,49,55,53,51,53,53,53,53,48,42,53,54,54,52,48,55,52,55,49,57,55,55,43,52,54,55,50,49,49,43,58,52,37,26,55,55,52,49,57,49,48,54,53,50,44,47,52,47,54,61,54,54,43,54,55,55,52,47,47,53,53,53,53,50,51,55,52,53,53,55,46,57,46,51,53,53,62,51,49,44,49,52,51,58,51,54,56,46,43,43,56,49,51,48,55,55,55,124,50,43,46,52,54,51,44,54,38,53,49,52,57,53,49,54,55,51,51,55,56,56,54,51,50,51,53,51,35,52,45,47,52,43,57,44,51,54,48,42,50,52,54,54,27,45,47,48,40,53,42,57,51,53,42,54,47,49,47,58,51,54,53,43,46,54,95,51,53,50,55,51,45,48,53,53,49,44,53,53,55,51,50,52,51,44,46,46,51,52,46,55,49,0,48,53,56,81,50,52,47,52,55,48,44,44,52,51,47,51,57,46,46,49,58,49,45,48,47,76,44,53,43,49,45,54,46,53,50,58,48,51,51,45,53,51,53,51,44,50,42,44,43,51,51,55,34,52,52,55,52,49,49,53,40,50,50,50,55,55,52,54,53,52,50,53,54,49,58,57,53,47,46,49,53,47,52,48,52,49,54,55,52,52,42,55,90,50,38,51,54,44,49,56,54,53,54,50,51,49,50,52,52,51,58,52,58,51,56,54,55,53,53,52,47,71,48,49,48,54,50,55
28,91,31,24,25,20,30,24,30,20,22,36,24,20,33,23,28,22,21,15,23,25,27,31,24,33,36,20,20,18,25,27,20,20,62,24,23,26,40,21,39,25,14,37,20,14,25,21,28,20,21,30,25,47,26,30,19,24,42,28,25,27,38,25,22,59,20,22,29,23,21,26,20,22,23,30,22,21,53,23,26,21,25,26,19,24,24,42,26,23,20,25,23,15,23,35,25,52,24,23,27,29,19,26,61,64,26,40,41,22,23,26,27,24,20,39,19,25,42,26,20,21,33,25,25,25,122,15,47,42,24,26,56,22,28,35,24,21,25,26,22,22,25,23,27,25,20,25,25,22,25,21,24,28,25,46,19,15,26,20,17,28,24,20,25,21,42,19,23,51,18,41,24,29,40,36,23,45,27,21,21,45,25,20,21,31,60,20,25,22,33,39,26,93,19,21,28,47,22,25,24,25,27,31,30,28,27,25,37,24,20,36,21,25,37,31,23,25,21,20,48,0,20,23,83,23,20,24,34,23,27,23,30,18,19,31,24,22,34,35,28,27,23,25,21,31,83,36,22,21,21,30,23,27,22,26,26,27,21,36,33,25,28,26,34,36,26,34,32,34,29,20,25,49,26,20,25,21,25,36,23,46,30,27,27,25,25,21,25,22,23,24,21,24,18,23,23,24,41,22,16,20,17,10,24,22,21,23,25,20,26,24,28,89,22,37,22,24,37,22,19,22,23,23,22,22,19,14,23,21,15,25,21,27,27,24,24,20,32,25,23,16,85,21,18,29,18,22,26
16,93,36,27,12,15,34,23,31,16,4,40,23,17,34,19,32,22,10,12,15,30,11,28,13,32,35,11,14,23,12,14,10,12,66,12,16,30,41,10,37,11,9,43,18,8,16,8,14,8,12,34,21,52,27,33,17,23,44,14,18,32,42,11,20,62,11,22,28,12,6,14,22,15,28,30,27,11,57,12,14,23,13,15,25,21,29,48,15,12,13,13,18,14,13,39,13,56,15,25,13,39,14,14,64,67,11,45,43,9,27,15,13,9,13,40,17,26,44,12,16,13,31,14,12,12,127,15,47,44,12,17,56,28,13,43,17,21,15,14,15,22,25,15,28,29,13,20,14,17,19,21,21,13,25,53,20,18,30,11,22,14,28,11,12,26,44,9,13,54,19,46,27,30,41,42,12,45,14,12,10,47,14,21,24,34,63,13,12,20,34,41,14,100,8,10,32,50,24,27,27,14,24,31,28,13,24,13,38,27,13,37,21,31,39,36,17,17,17,10,53,20,0,15,79,24,14,30,29,12,30,28,31,9,9,30,20,22,35,41,16,13,17,31,27,36,89,35,24,28,23,33,22,31,16,27,13,30,15,35,37,14,29,14,40,36,30,35,35,34,35,23,12,54,32,17,11,8,27,35,23,48,32,20,27,12,13,12,12,11,16,17,9,13,21,18,16,12,42,26,16,15,18,12,28,14,25,24,19,16,11,28,20,99,17,38,9,17,40,26,26,11,20,10,10,12,19,13,13,16,19,18,9,15,36,12,10,9,33,13,19,22,88,17,21,28,10,23,15
20,93,37,31,18,20,31,31,36,17,16,42,32,17,37,27,37,21,12,16,18,35,18,27,16,35,35,17,19,27,17,17,17,18,66,18,12,30,40,16,37,18,16,45,21,16,17,17,19,16,14,36,21,53,30,37,21,26,46,20,18,32,41,18,20,62,17,23,27,14,15,18,25,14,34,37,34,16,60,12,16,24,16,18,22,20,27,47,18,13,14,17,19,17,18,39,15,57,17,27,19,39,21,18,63,71,18,49,46,18,30,22,20,15,19,43,21,26,42,20,21,15,34,14,17,16,130,18,49,49,17,22,58,32,20,40,17,26,19,19,13,29,28,15,29,30,18,21,20,16,19,24,22,20,25,52,20,21,32,17,22,19,33,14,19,25,43,11,19,56,18,45,32,37,42,41,15,44,20,17,16,44,18,26,27,37,66,16,19,20,37,43,18,103,14,16,36,54,29,28,28,18,27,30,30,20,23,19,40,28,16,40,22,30,40,37,21,16,15,16,56,23,15,0,85,29,19,29,30,12,34,27,37,15,18,39,25,23,36,39,18,20,18,29,26,37,91,35,29,30,28,37,20,36,21,29,19,34,21,36,36,18,32,18,38,34,33,34,36,40,31,25,18,52,32,21,18,16,29,36,21,52,33,18,26,17,19,17,19,17,19,15,16,15,25,18,19,16,42,31,19,16,20,13,28,18,30,25,16,17,19,23,17,103,14,41,18,15,36,28,30,13,19,18,17,19,27,17,17,16,20,17,17,20,37,18,17,14,33,18,21,25,87,18,28,30,17,28,19
91,83,78,77,87,79,84,72,86,85,81,84,78,83,75,73,81,83,86,83,91,76,87,94,86,85,87,83,81,86,89,90,83,83,82,88,85,87,74,83,95,86,82,72,86,82,90,81,91,77,88,80,86,72,87,81,84,85,83,91,87,79,75,87,82,83,83,90,85,87,84,89,84,85,75,83,75,85,72,79,89,83,88,89,89,84,85,82,90,79,88,88,85,83,90,85,88,78,89,77,90,83,77,89,82,72,86,79,74,83,82,84,88,85,83,88,79,80,84,88,83,84,86,88,89,88,97,83,69,80,89,86,79,82,88,75,88,80,90,89,82,80,83,88,89,87,83,91,89,82,89,78,82,87,85,69,86,77,72,83,84,91,75,79,90,81,74,84,87,70,86,76,81,62,73,76,88,90,89,82,83,79,87,83,81,79,73,83,90,85,75,86,90,75,79,83,83,71,76,74,85,90,79,87,89,87,88,88,85,79,83,83,81,85,78,91,87,87,90,83,81,83,79,85,0,75,85,87,85,79,80,82,75,79,82,77,79,90,86,84,87,88,82,87,86,86,80,88,80,81,76,67,91,72,85,79,88,80,81,91,77,90,79,89,74,89,84,86,72,75,83,85,87,76,88,84,87,81,85,90,89,69,85,87,86,89,89,81,90,83,85,86,83,88,76,91,91,89,76,74,80,83,84,83,83,86,84,91,89,79,87,84,92,82,87,79,83,88,83,84,86,87,86,87,84,80,72,80,84,84,80,88,83,90,89,88,86,79,88,90,85,85,76,83,81,85,84,73,91
31,92,29,20,30,24,20,12,25,26,23,36,14,26,23,8,23,21,27,21,30,25,29,38,28,32,35,23,23,23,30,31,23,22,60,28,29,29,36,25,44,27,21,39,23,22,32,24,31,25,29,27,30,43,31,28,21,15,39,31,29,27,38,29,28,57,22,33,32,29,25,29,24,25,23,11,23,25,47,26,27,17,29,30,28,28,19,48,31,25,29,29,25,22,29,24,29,53,31,18,31,32,23,29,60,56,28,39,41,25,27,24,31,26,24,23,20,25,39,31,25,25,38,30,29,29,120,21,38,34,28,31,54,25,31,38,28,12,28,30,25,18,29,29,30,28,22,31,31,28,29,25,30,30,27,48,27,17,25,24,25,31,23,21,30,19,40,26,28,43,25,45,22,20,33,36,27,47,30,24,25,41,28,25,13,30,50,24,29,30,29,33,29,92,19,24,26,41,1,15,28,29,24,33,33,30,30,30,42,10,22,32,27,27,36,35,28,27,29,23,50,23,24,29,75,0,24,27,33,26,24,29,29,20,22,19,25,33,35,42,28,31,27,34,32,31,82,35,25,25,9,27,30,26,29,4,31,24,22,38,29,29,29,29,34,40,26,35,27,30,27,20,29,53,29,22,30,23,28,38,27,42,31,29,34,29,30,22,30,22,28,30,23,27,6,32,30,27,24,21,16,21,21,22,27,27,27,28,31,24,28,25,30,98,29,33,25,32,33,22,26,28,28,26,24,23,8,21,26,25,18,34,24,31,33,29,27,20,41,29,32,23,77,25,17,30,25,9,31
22,94,36,28,19,20,32,26,33,18,13,41,28,20,35,22,35,21,18,14,18,27,19,30,21,33,36,17,20,21,19,22,16,18,65,18,18,30,41,20,41,18,15,46,21,16,21,19,19,17,18,35,22,48,28,35,16,23,42,20,17,28,40,18,22,60,17,21,26,18,16,20,26,15,31,35,30,18,60,13,19,23,19,21,22,23,27,45,21,16,17,20,20,16,16,38,19,52,22,26,19,37,14,22,63,68,18,48,46,20,27,24,20,16,17,43,13,27,43,20,20,16,35,20,19,19,128,16,49,44,18,19,60,32,20,40,25,19,20,20,20,25,28,20,31,29,11,20,20,20,26,25,22,20,25,52,15,20,30,19,20,19,25,13,19,23,42,16,20,56,15,45,30,33,41,40,18,45,22,17,20,45,20,26,24,33,63,18,19,21,34,41,16,102,11,19,34,51,25,27,30,19,23,31,31,20,24,19,40,30,18,40,25,31,38,38,21,21,17,18,52,20,14,19,85,24,0,28,32,15,32,27,32,13,16,33,22,27,36,40,25,20,20,29,24,36,90,37,23,26,24,30,25,33,21,28,19,32,20,35,37,19,31,20,40,37,32,30,34,33,30,23,18,52,32,19,19,18,25,35,23,46,28,21,32,19,19,19,19,18,19,19,18,15,22,22,23,19,40,23,16,13,19,12,25,19,24,23,19,18,19,23,16,101,19,39,20,20,35,29,29,18,22,16,17,17,22,13,18,14,20,23,19,21,37,20,18,15,34,19,24,21,83,18,22,26,17,26,21
34,89,30,30,33,30,19,27,34,28,32,34,28,31,33,25,33,27,29,22,30,29,35,34,33,34,33,30,28,22,32,34,30,30,63,34,30,29,37,31,46,32,25,41,25,25,31,31,36,31,30,29,31,41,18,34,20,29,45,37,33,29,38,33,32,61,30,30,31,30,32,33,21,28,24,34,24,32,59,28,31,26,31,33,33,32,24,48,34,28,29,31,30,23,31,31,30,50,32,29,35,37,29,33,66,68,31,41,47,32,29,34,36,29,28,41,28,30,33,34,29,27,35,31,33,32,126,24,43,38,33,36,52,29,36,37,31,28,33,37,31,28,30,27,31,27,29,33,36,31,32,30,32,35,30,50,27,26,35,31,28,36,30,29,35,25,41,27,30,51,29,39,30,33,42,31,30,45,34,32,31,42,33,31,28,28,58,31,35,28,36,41,29,94,27,31,30,48,27,31,28,35,33,35,35,35,32,35,44,24,30,37,28,22,43,26,30,32,30,31,47,24,30,29,87,27,28,0,36,27,24,29,34,27,29,34,32,30,36,41,34,36,31,33,26,33,85,35,27,25,25,36,28,30,33,23,36,24,29,36,31,35,33,33,29,34,23,34,34,40,20,24,35,46,28,26,33,31,30,36,32,43,32,31,32,32,35,31,35,31,30,28,31,27,25,30,33,32,38,26,19,29,17,24,32,28,27,35,32,28,34,24,31,100,31,36,32,30,22,27,29,32,31,33,32,33,25,25,28,26,19,32,31,38,31,32,33,28,30,34,31,20,79,32,23,29,29,25,31
35,88,38,41,30,31,30,35,36,31,29,44,40,33,40,35,34,33,27,33,34,33,31,37,32,36,37,33,34,37,27,30,33,34,68,31,29,36,40,33,37,32,30,47,32,30,34,32,33,30,28,36,31,56,34,39,33,34,45,32,24,28,36,31,32,63,33,35,27,32,29,33,29,32,36,39,35,33,63,32,33,35,30,33,32,31,35,50,33,30,32,29,34,31,33,45,31,58,31,40,33,40,29,33,55,72,30,51,49,35,33,33,32,29,31,48,33,31,46,32,33,30,40,30,32,32,134,30,53,44,30,27,55,34,30,38,25,38,33,33,33,38,31,31,37,35,31,34,34,28,27,29,28,32,29,51,35,34,41,33,31,33,33,34,30,36,45,26,34,57,34,43,40,40,43,40,30,46,33,31,33,40,34,35,39,42,67,33,30,32,41,44,34,106,32,33,38,58,32,40,34,31,34,35,39,32,32,33,42,40,33,44,29,33,42,38,34,23,35,32,52,34,29,30,85,33,32,36,0,32,36,31,35,33,33,38,34,35,38,43,33,32,32,34,34,36,92,39,37,34,36,38,29,39,32,35,32,36,31,36,37,31,33,33,37,37,33,33,40,40,32,32,31,53,32,35,31,31,33,34,27,51,38,28,26,29,33,31,30,31,32,32,33,30,37,34,35,31,47,31,33,29,33,33,33,35,38,29,35,32,30,33,32,101,30,43,35,30,39,32,34,28,33,29,33,34,35,30,32,35,35,35,34,32,40,30,29,32,40,31,29,33,89,32,38,35,33,34,35
22,95,35,29,19,16,33,25,32,20,14,41,26,15,32,24,34,20,17,16,20,35,21,24,17,38,39,15,16,23,20,22,15,16,67,19,19,33,43,14,36,18,15,47,16,15,17,15,22,10,17,37,19,48,25,33,22,28,45,21,19,33,43,19,14,61,15,21,27,18,15,20,27,20,30,34,29,15,56,1,18,24,19,20,20,15,28,49,21,1,17,20,17,18,19,38,19,52,18,23,22,38,19,20,66,67,18,48,42,16,28,21,21,17,14,40,18,31,42,21,20,18,36,15,20,20,125,19,46,48,20,21,59,34,21,41,16,24,21,22,12,26,24,15,26,27,16,19,22,18,17,24,22,21,20,53,20,18,29,15,23,22,33,8,20,18,44,15,18,54,11,44,30,34,39,42,19,45,22,16,14,45,18,25,26,36,65,14,20,20,33,42,21,99,9,14,34,50,25,27,26,21,25,36,33,21,25,22,44,22,15,36,26,32,38,36,20,21,20,14,55,23,12,12,79,26,15,27,32,0,27,27,34,10,14,34,24,25,41,40,23,21,20,30,27,37,91,41,21,25,25,36,24,33,20,24,21,27,16,37,32,21,28,20,41,38,31,35,35,38,30,27,21,55,34,20,19,14,25,37,22,48,32,20,28,20,22,15,20,13,19,17,14,19,23,20,20,20,44,31,15,16,22,14,23,19,32,24,13,12,20,28,16,103,21,39,16,16,37,28,28,18,18,17,15,15,24,15,18,18,15,17,15,23,35,21,19,9,37,21,14,22,88,14,23,26,17,26,21
37,95,26,19,35,24,26,28,20,32,30,34,25,24,28,23,30,29,33,26,35,26,34,40,30,38,38,24,23,28,36,35,25,24,59,35,34,27,33,25,47,33,28,41,33,28,35,23,38,27,35,34,33,47,34,31,26,22,35,38,35,26,40,35,29,53,23,35,35,32,32,34,28,32,25,19,25,31,50,28,35,20,35,35,35,34,29,50,35,28,34,33,27,28,36,32,35,55,36,18,36,36,28,34,66,58,35,39,43,23,26,32,37,34,27,29,19,31,38,36,23,32,38,33,35,35,121,27,42,43,34,36,56,27,37,37,34,14,35,37,26,23,27,35,34,18,31,30,36,31,33,29,32,36,32,50,33,22,23,26,28,38,27,33,35,19,42,33,31,44,33,43,9,27,37,41,35,45,35,29,25,44,31,25,11,31,51,24,35,32,29,33,37,90,30,25,17,47,17,18,30,35,27,36,37,36,37,36,45,23,23,28,35,30,36,33,31,34,35,26,48,27,30,34,80,24,32,24,36,27,0,32,32,27,24,24,30,35,38,43,34,37,31,34,34,30,81,39,33,32,19,27,38,31,30,26,37,0,22,35,30,35,24,34,34,41,29,35,31,37,30,27,36,54,27,26,35,25,24,37,36,46,34,35,38,36,36,23,35,24,32,34,25,35,19,38,37,35,38,26,25,30,29,29,32,30,32,35,32,27,35,33,39,99,32,35,25,33,36,29,32,34,29,35,28,26,23,30,31,29,22,34,25,37,33,35,35,28,41,35,33,29,79,27,18,32,28,23,37
33,83,29,27,29,29,27,31,35,21,27,36,30,32,35,28,34,27,26,25,30,30,31,33,31,29,27,28,29,32,29,31,28,30,59,29,25,29,39,30,31,29,25,43,26,25,31,30,31,29,28,33,25,52,28,33,25,28,40,31,26,20,32,29,31,53,28,31,27,26,29,31,26,24,28,34,27,31,56,27,28,24,28,31,31,29,28,41,31,29,27,29,29,24,31,39,27,50,28,29,31,35,28,31,55,67,28,44,39,30,25,31,31,25,28,43,27,27,35,32,28,23,31,27,31,30,124,26,43,47,30,27,56,28,30,30,28,29,33,33,28,28,31,29,31,34,27,30,32,30,30,26,30,30,34,41,22,29,31,30,21,31,28,29,30,26,33,24,31,51,30,34,31,33,41,31,27,44,31,29,30,40,31,28,29,36,61,31,30,28,35,40,34,97,27,30,34,50,29,28,25,31,29,29,33,30,29,31,35,27,27,38,24,26,35,32,31,27,25,30,44,23,28,27,82,29,27,29,31,27,32,0,34,25,27,34,29,31,30,41,29,31,27,28,24,32,84,27,30,29,27,25,31,34,28,27,30,32,28,35,28,31,28,31,37,32,34,26,33,35,31,25,29,40,26,29,29,31,27,35,25,45,24,28,32,29,31,31,30,31,28,26,30,28,27,33,33,29,40,26,27,29,23,29,28,26,27,28,34,26,28,26,27,97,27,32,28,26,31,25,33,29,29,26,30,29,29,25,26,26,27,32,31,34,35,28,27,26,33,31,33,25,79,31,28,23,28,30,31
41,90,30,29,40,35,31,34,36,35,32,41,25,36,28,29,29,34,33,32,40,25,38,48,37,36,44,33,33,37,37,38,33,35,61,38,35,34,30,34,42,38,30,36,34,30,41,35,40,35,35,28,36,42,38,25,35,34,39,40,38,30,36,38,35,58,33,37,35,36,31,39,37,33,29,30,29,36,48,34,39,32,37,39,40,39,32,41,39,36,37,37,35,29,36,33,37,47,38,27,40,28,32,38,60,57,38,40,44,35,35,38,40,36,27,41,31,34,38,39,36,35,44,37,38,38,117,32,40,37,37,42,53,30,40,37,37,30,40,41,33,24,35,37,42,37,29,43,41,34,39,33,39,40,41,47,36,33,23,35,31,40,20,33,38,30,38,33,34,43,36,43,32,24,31,34,35,48,40,33,34,40,38,33,33,31,55,34,39,36,30,34,39,92,31,34,36,42,28,27,33,38,31,41,41,40,41,40,49,22,32,37,40,31,41,34,35,36,36,34,44,30,31,37,75,29,32,34,35,34,32,34,0,32,33,8,38,37,39,47,39,40,37,36,38,38,82,44,28,32,29,25,38,21,39,25,40,32,36,37,31,38,35,39,31,45,31,37,27,28,32,31,39,50,35,34,39,34,34,37,39,35,34,38,37,37,40,34,38,35,32,38,34,37,29,37,37,37,34,19,30,31,32,28,33,34,31,41,41,32,38,30,41,92,36,32,35,40,37,32,40,34,38,36,33,38,29,26,31,36,31,43,35,42,36,38,37,33,40,38,42,34,82,36,32,35,32,29,41
18,94,32,27,17,13,33,20,29,18,11,38,28,20,29,16,30,21,14,11,14,31,17,28,15,32,34,9,10,22,17,17,8,13,67,15,15,32,44,12,42,15,9,43,17,10,17,8,18,6,16,37,20,48,24,33,19,24,46,16,12,31,41,16,16,59,9,21,30,16,12,16,25,15,27,26,27,11,59,10,15,21,16,17,23,21,29,49,18,10,14,14,16,15,15,35,16,56,18,21,18,37,13,18,66,66,15,47,44,9,28,13,16,14,14,35,17,23,41,16,20,11,33,17,16,15,126,14,42,48,15,19,59,30,18,39,20,22,17,17,18,24,28,15,28,26,11,10,17,19,21,23,23,17,21,47,17,18,24,9,21,18,29,7,17,21,38,12,12,55,17,43,25,27,39,37,16,46,17,12,12,43,15,23,23,34,62,10,18,16,35,41,18,98,3,11,29,48,20,26,28,17,24,30,29,17,25,16,38,24,16,35,23,31,40,35,16,20,13,11,52,18,9,15,79,20,13,27,33,10,27,25,32,0,9,32,20,21,35,38,18,16,14,29,24,36,87,34,22,27,22,34,24,33,18,24,16,27,14,35,32,17,32,16,38,37,29,36,32,35,31,26,15,53,32,15,17,10,29,35,24,48,31,22,28,16,16,15,17,7,14,16,10,16,20,19,18,16,42,27,14,14,22,10,26,12,29,24,19,11,17,26,21,100,16,38,11,17,36,25,26,15,15,16,11,10,16,13,11,10,15,16,10,18,35,16,16,1,33,16,15,19,87,18,22,25,10,20,16
16,93,27,19,16,9,34,24,24,16,8,38,25,12,33,20,33,21,12,11,15,31,15,30,9,33,35,1,7,20,15,13,2,8,62,14,17,29,44,9,42,13,7,43,20,9,16,9,17,12,13,35,19,50,29,35,19,22,40,17,19,29,39,15,20,57,2,22,28,9,10,13,24,14,28,29,28,5,51,14,14,22,14,15,26,23,29,48,13,14,12,15,13,15,16,37,14,54,14,18,17,38,15,12,66,63,14,43,37,9,21,19,17,12,16,38,9,26,43,16,10,10,34,14,15,14,121,14,44,47,14,21,58,28,17,36,22,14,12,18,9,21,20,13,26,27,12,22,17,15,23,22,19,16,26,46,17,19,22,8,19,17,29,14,15,23,37,10,12,47,21,45,21,31,42,38,13,44,16,10,9,45,9,14,17,33,59,8,15,18,28,38,15,95,9,5,25,50,22,20,27,15,17,31,30,16,20,16,39,26,7,35,24,32,33,33,15,22,17,9,51,19,9,18,82,22,16,29,33,14,24,27,33,9,0,29,21,22,36,41,22,17,15,30,26,33,85,36,25,28,22,25,22,33,19,26,17,24,11,34,33,15,24,13,38,35,29,34,33,33,32,25,15,51,30,13,15,3,22,34,24,48,32,23,30,13,16,6,15,8,14,20,4,17,20,17,15,12,40,27,15,14,21,14,27,11,27,27,19,17,14,28,23,100,12,30,6,17,38,27,24,12,13,14,7,10,20,15,11,11,17,18,3,18,33,15,14,12,34,14,22,20,85,12,15,28,9,22,15
39,92,31,25,38,31,26,32,29,35,31,42,23,32,32,29,31,31,35,29,37,26,37,47,33,40,39,30,32,33,37,36,29,30,59,36,32,28,34,33,45,36,29,38,35,32,40,32,39,33,35,29,36,44,39,31,34,31,39,39,35,27,35,37,37,56,30,40,33,33,31,36,37,33,27,28,27,34,46,34,36,30,36,38,40,38,31,42,35,35,36,37,33,34,37,32,36,53,38,26,39,26,29,36,62,53,36,39,42,33,31,38,39,34,29,44,30,35,39,38,33,34,41,35,36,36,114,32,42,38,36,38,52,31,39,37,39,27,36,40,30,18,32,36,37,31,30,38,39,33,38,30,34,38,40,46,35,32,26,32,29,39,25,32,37,28,37,34,31,41,37,43,29,25,31,35,36,50,39,31,33,44,33,31,27,32,53,30,37,35,27,34,38,89,31,31,32,45,19,21,33,37,27,40,40,38,38,38,50,29,29,29,34,32,39,33,32,35,35,30,47,31,30,39,77,19,33,34,38,34,24,34,8,32,29,0,37,40,42,47,38,39,34,34,41,37,82,43,32,34,32,24,40,27,40,20,39,24,34,41,32,37,32,36,34,44,29,39,28,24,32,30,37,51,29,33,37,30,31,41,34,42,37,38,40,36,38,31,37,30,33,38,30,36,29,40,38,35,31,18,31,29,33,31,34,33,31,40,40,35,36,30,41,95,35,30,33,39,38,33,35,36,34,34,31,38,29,31,29,32,30,42,30,39,40,37,36,32,42,36,40,32,81,33,27,32,29,27,39
28,97,35,32,23,23,37,26,34,24,19,44,30,26,38,25,34,23,23,23,28,33,20,35,24,25,28,23,22,26,24,30,22,24,64,25,23,28,42,25,44,23,20,48,21,21,29,23,27,20,26,38,28,52,32,37,27,27,44,26,26,30,40,24,28,60,23,28,32,27,21,26,27,24,28,34,28,23,62,24,27,29,26,27,32,29,31,52,28,24,27,26,25,24,26,38,26,56,29,28,26,41,20,28,67,68,23,50,47,23,33,13,24,22,22,42,22,23,42,25,26,20,27,27,26,25,131,24,50,50,25,22,57,33,22,41,21,27,27,24,24,27,35,28,35,30,20,26,26,20,23,27,22,22,20,52,24,23,34,23,25,27,31,21,24,26,45,23,25,57,26,45,30,33,46,41,26,49,24,23,25,44,25,28,30,37,66,24,23,27,37,44,27,103,20,24,31,55,25,29,32,22,27,25,23,22,31,25,36,30,23,38,23,34,43,36,26,24,27,23,51,24,20,25,79,25,22,32,34,24,30,29,38,20,21,37,0,28,28,42,17,24,25,32,28,36,90,29,29,29,27,35,27,32,25,31,24,30,22,36,39,22,35,26,40,39,30,36,39,40,33,26,24,55,36,23,23,23,28,36,26,50,34,27,33,26,26,24,24,23,24,27,23,24,25,29,29,24,43,29,20,21,25,21,28,23,28,29,30,23,22,30,28,101,24,42,23,27,42,30,31,24,24,23,23,20,25,18,22,25,24,27,23,25,39,25,23,21,26,26,24,25,90,26,25,29,20,26,28
20,98,41,32,20,22,33,33,40,22,22,40,32,21,41,30,38,24,20,23,24,37,21,23,21,39,42,21,19,27,21,21,22,23,69,21,24,34,44,19,42,18,22,49,26,21,21,22,21,22,21,35,24,55,30,36,25,26,50,22,21,32,45,20,26,66,20,0,34,17,21,20,28,25,37,40,37,21,62,23,20,25,20,20,22,25,30,50,21,24,20,20,21,23,18,43,20,61,14,31,21,39,23,21,67,75,20,53,48,22,34,23,22,19,22,48,20,29,48,20,24,20,38,19,21,18,135,20,43,51,20,25,63,32,22,46,13,25,22,21,20,33,31,21,26,34,23,23,20,24,15,29,27,21,28,57,24,29,32,21,22,21,35,23,22,28,48,17,23,58,25,50,31,41,49,41,18,45,20,23,19,49,20,28,28,40,69,22,22,24,38,46,21,106,22,22,35,60,31,32,31,22,28,35,37,21,18,19,42,31,21,43,22,35,46,19,22,21,23,21,57,22,22,23,90,33,27,30,35,25,35,31,37,21,22,40,28,0,38,43,22,22,23,29,29,41,94,41,28,26,31,39,14,39,22,33,22,35,24,32,41,22,36,20,33,30,36,38,40,41,32,28,21,47,31,25,20,22,33,33,20,54,31,25,27,20,22,23,22,21,24,17,22,22,30,6,10,20,46,33,25,23,24,25,28,21,31,28,22,24,20,33,15,104,20,45,22,17,40,31,26,19,22,22,21,18,29,24,23,22,25,22,22,20,37,20,20,21,38,21,24,19,89,21,29,36,19,27,22
42,89,36,36,37,39,34,39,41,31,36,42,38,43,40,37,33,36,35,33,38,37,33,47,39,6,24,37,37,39,38,42,37,39,63,38,36,33,44,40,48,37,35,49,37,35,41,40,40,36,37,42,39,58,45,43,36,31,43,39,39,29,33,37,44,60,37,38,38,38,37,40,38,31,34,34,33,39,62,41,41,32,38,40,43,44,32,55,40,41,37,38,37,35,38,40,37,57,41,35,40,42,38,41,65,73,37,53,44,39,41,28,38,34,41,46,34,20,41,39,41,33,24,40,40,37,133,35,50,47,39,29,56,37,35,39,39,36,42,37,42,36,46,39,42,33,38,39,40,39,39,38,41,36,40,49,35,35,40,41,28,40,36,36,37,34,42,34,41,58,42,44,37,42,44,38,38,48,38,41,40,42,40,40,35,39,69,41,37,42,36,47,40,106,36,39,37,57,36,36,38,35,42,24,22,36,42,39,27,37,39,39,34,34,50,35,42,38,39,41,46,34,35,36,86,35,36,36,38,41,38,30,39,35,36,42,28,38,0,44,25,38,34,36,33,43,88,24,41,35,34,37,39,38,41,39,37,38,37,38,37,35,41,40,43,41,37,40,43,39,37,35,37,50,40,39,37,40,40,38,42,52,39,42,36,40,39,40,37,41,42,39,39,38,34,41,40,37,43,35,35,39,36,37,39,39,35,39,44,40,35,31,41,102,35,41,39,37,41,34,44,36,38,36,40,37,37,35,40,34,36,40,39,37,44,38,35,38,12,40,38,35,87,43,36,37,37,35,40
45,92,44,45,43,40,41,41,44,37,42,39,44,40,45,39,48,42,40,37,37,46,42,42,42,41,44,42,41,41,43,41,42,42,66,41,39,39,47,42,46,41,40,50,42,40,42,41,45,43,38,44,37,54,42,43,40,42,53,44,40,40,38,43,40,60,42,43,42,37,42,43,40,39,48,48,48,41,56,40,43,39,40,43,42,43,38,46,42,40,34,41,43,40,42,49,40,62,43,44,45,43,40,39,61,72,41,46,46,42,36,42,44,41,43,52,40,43,44,44,40,38,44,41,42,43,127,39,53,51,42,43,62,46,42,43,40,43,40,44,40,42,44,43,43,46,41,46,44,41,42,38,41,41,45,48,36,34,45,41,35,45,45,43,42,41,49,37,42,48,41,43,44,44,48,45,39,49,45,37,41,49,42,42,44,46,61,40,41,38,45,48,40,102,40,42,44,52,43,44,39,42,42,44,41,41,34,43,46,46,40,49,40,41,46,44,42,39,36,40,46,35,41,39,84,42,40,41,43,40,43,41,47,38,41,47,42,43,44,0,41,44,39,31,43,40,89,45,42,42,41,48,42,43,38,43,44,43,42,39,44,42,44,43,50,42,43,45,52,50,43,40,41,50,40,41,43,42,39,38,34,51,40,43,32,43,43,42,42,43,38,36,42,36,41,45,45,39,49,44,39,41,38,38,38,38,44,38,41,40,42,40,39,106,41,41,42,40,45,44,41,40,41,39,41,41,39,37,37,39,39,43,43,45,44,42,40,38,40,43,45,40,86,40,43,36,40,41,43
24,90,38,32,18,25,33,31,36,19,18,41,32,25,41,27,35,23,16,19,20,36,15,28,22,22,27,22,23,27,18,25,21,23,65,20,16,29,45,22,41,19,19,46,25,20,24,21,22,17,22,37,24,58,36,40,24,24,44,21,21,31,42,19,26,60,22,22,34,19,18,22,25,19,30,34,29,21,61,23,22,26,20,23,31,29,27,52,23,23,18,20,24,20,23,45,19,54,25,30,22,41,22,24,67,76,18,51,44,20,35,9,20,15,23,48,26,20,40,21,26,17,22,22,22,20,133,22,52,48,20,16,57,36,17,44,9,27,24,19,24,28,33,21,33,34,22,22,22,25,18,31,28,18,29,53,22,23,37,22,21,22,34,16,19,28,44,15,25,61,28,49,31,39,47,41,19,46,20,22,22,41,23,27,28,38,69,23,18,26,40,47,21,106,19,21,34,58,28,26,31,17,27,23,19,18,26,21,32,33,24,39,20,33,41,38,27,19,21,22,49,28,16,18,87,28,25,34,33,23,34,29,39,18,22,38,17,22,25,41,0,20,22,32,27,37,94,25,34,29,30,36,26,39,24,33,19,34,19,36,40,17,31,22,41,37,32,39,42,40,38,27,19,55,34,26,18,21,30,36,23,55,33,25,29,20,21,23,19,22,26,19,20,17,28,23,24,18,44,32,22,20,22,23,32,22,27,29,27,24,17,27,25,104,23,46,20,22,41,33,34,19,25,18,21,19,27,20,23,21,25,22,20,19,43,19,18,18,23,21,23,28,85,25,28,29,21,32,22
11,96,43,35,8,23,40,32,38,18,13,43,32,23,42,28,39,25,11,19,10,39,8,27,13,35,37,17,19,25,9,12,15,20,67,8,19,33,46,17,41,6,14,51,23,15,11,15,8,15,13,38,19,60,37,41,22,24,49,4,15,36,46,7,27,67,17,22,34,14,12,6,25,18,30,37,31,12,65,21,8,27,12,9,27,27,31,51,9,21,12,11,23,21,8,43,13,61,16,28,7,41,23,12,67,76,6,54,51,16,35,22,0,9,21,46,25,29,46,6,25,14,35,9,10,11,136,19,55,49,8,14,57,34,3,48,20,28,10,5,21,31,33,13,33,32,19,21,7,21,23,29,26,4,28,56,22,27,34,15,26,8,37,19,9,31,47,14,18,61,24,49,34,39,47,44,13,47,8,19,15,48,11,29,31,38,69,19,11,24,42,45,13,107,17,15,36,57,31,34,33,10,31,33,32,4,24,6,42,35,21,42,24,36,47,37,22,22,16,17,58,27,13,20,88,31,20,36,32,21,37,31,40,16,17,39,24,22,38,44,20,0,19,31,32,38,93,39,33,28,31,40,25,39,24,34,1,37,22,36,40,10,37,7,42,39,34,36,41,41,39,31,3,57,38,24,8,15,33,36,24,56,36,20,32,14,7,19,9,17,20,19,13,13,29,16,12,11,46,35,25,19,24,20,33,15,30,23,17,25,7,35,24,107,18,46,16,15,46,32,33,13,23,9,17,17,28,22,20,19,26,10,13,7,40,10,8,16,36,8,26,24,92,23,30,30,16,30,10
20,93,35,27,19,17,30,29,32,14,15,40,29,21,39,25,36,21,15,12,17,32,18,25,16,32,32,16,12,19,19,15,16,16,64,16,12,29,41,17,39,14,15,44,22,15,17,17,20,16,13,33,19,54,35,37,19,21,42,19,14,25,37,18,26,57,16,23,33,14,17,14,23,13,34,34,33,17,58,20,19,18,17,18,26,26,25,50,16,20,13,18,17,17,19,37,18,56,18,24,20,37,18,11,63,70,18,47,41,17,28,23,19,14,22,42,16,24,44,19,20,13,28,18,18,16,129,16,50,47,13,24,54,29,21,38,18,22,16,19,15,26,27,16,28,30,15,19,17,20,20,25,24,20,29,48,22,23,29,19,17,20,30,18,19,25,39,15,16,53,24,45,28,34,44,33,17,44,20,18,17,43,18,24,24,32,64,18,19,21,35,43,18,101,16,16,32,55,26,24,28,18,23,28,25,20,26,16,36,30,12,37,24,32,38,35,20,17,16,17,49,23,17,18,82,27,20,31,32,20,31,27,37,14,15,34,25,23,34,39,22,19,0,29,26,35,88,32,30,28,26,31,24,34,25,30,19,31,20,31,36,18,30,16,36,29,31,31,37,36,32,26,14,51,31,18,18,17,29,31,23,50,35,23,30,18,16,16,19,16,19,18,16,17,25,17,16,17,39,28,21,14,22,19,28,15,27,29,20,22,17,27,20,104,11,39,14,17,38,28,30,12,19,15,13,19,25,17,15,16,22,21,17,20,35,17,15,16,33,16,25,22,83,21,24,28,15,26,19
35,93,38,31,32,29,32,34,33,28,31,33,33,31,38,34,34,31,30,26,29,33,32,36,33,37,33,31,30,31,33,33,31,32,60,31,27,29,41,32,42,32,29,50,32,29,32,32,35,31,30,32,27,51,28,37,30,33,39,34,29,30,37,32,32,58,31,29,30,27,32,33,28,28,34,38,34,31,59,31,33,30,32,33,32,29,33,44,33,30,26,32,30,29,32,42,31,54,31,32,34,36,28,33,64,72,33,48,47,33,30,33,31,30,32,49,29,28,38,33,28,26,32,32,32,32,129,28,46,48,32,31,60,32,35,42,29,34,32,32,31,32,34,33,32,36,30,33,33,33,31,32,31,35,31,49,19,29,34,31,26,35,33,32,32,31,38,27,32,55,31,44,34,35,42,35,31,38,34,30,32,46,33,27,35,37,65,30,32,31,39,39,33,102,29,31,38,54,34,34,31,32,34,36,36,35,32,32,40,37,28,38,26,34,43,30,32,30,21,31,45,25,31,29,87,34,29,33,34,30,34,28,36,29,30,34,32,29,36,31,32,31,29,0,31,36,90,33,34,33,33,34,26,33,33,35,31,33,30,31,35,32,33,33,40,30,35,30,38,38,31,33,32,46,26,30,32,32,31,30,24,53,28,31,32,32,32,31,32,33,31,24,32,28,32,29,31,31,44,32,30,31,27,30,33,30,34,31,34,30,33,31,34,102,28,39,33,30,36,34,30,32,30,28,31,32,34,27,29,28,29,32,30,33,32,31,31,31,35,33,30,27,85,32,34,25,30,35,33
33,89,38,30,30,27,29,31,34,23,28,40,33,31,38,28,37,27,23,23,30,33,30,36,30,30,30,27,27,31,28,32,27,29,67,29,22,28,44,29,40,30,24,42,26,24,30,29,32,28,25,38,27,51,27,33,26,31,48,31,28,29,40,30,30,63,27,29,32,26,27,31,24,22,33,35,32,29,62,27,29,24,28,31,30,28,27,45,31,27,26,28,27,22,28,41,27,54,30,30,31,39,23,31,69,74,29,50,44,29,30,30,32,26,25,47,22,24,39,32,26,22,30,28,30,29,130,23,49,48,29,29,60,33,31,36,26,28,31,32,28,33,30,28,29,31,26,33,31,29,28,29,29,31,27,50,24,22,33,30,19,32,33,27,30,26,42,20,29,58,28,42,29,35,42,35,25,45,31,28,29,38,31,28,31,31,67,30,30,29,40,47,30,102,25,29,33,54,30,28,29,30,29,27,21,31,28,32,35,32,27,39,24,27,42,35,28,27,28,30,48,21,27,26,86,32,24,26,34,27,34,24,38,24,26,41,28,29,33,43,27,32,26,31,0,41,90,32,27,24,30,36,27,35,27,32,31,34,27,38,33,30,32,31,37,34,35,36,41,38,29,25,30,47,29,29,30,29,33,38,25,50,31,25,34,28,32,29,30,30,30,24,29,27,30,31,32,28,43,31,26,24,23,25,27,27,25,30,30,25,30,20,28,101,26,36,29,26,34,26,29,26,29,30,27,29,29,18,28,25,25,30,29,33,38,28,29,27,30,30,27,26,85,31,30,30,27,30,33
40,90,36,34,39,34,37,37,33,33,38,37,33,33,37,34,40,34,36,33,38,38,37,41,34,42,40,34,35,33,39,38,34,32,52,38,38,31,45,35,41,37,34,47,33,34,39,34,41,36,36,33,38,50,41,37,32,31,41,38,35,32,37,39,38,58,34,41,35,35,38,37,32,36,39,38,39,36,53,37,39,32,38,38,37,34,35,42,38,37,36,37,34,35,39,43,39,54,39,34,41,38,36,37,61,62,39,45,38,35,28,35,38,36,37,45,33,32,45,40,32,35,33,38,38,37,124,34,52,46,37,36,58,35,40,34,36,32,34,41,35,31,37,38,38,38,36,41,41,32,37,35,31,39,36,45,34,32,37,32,31,41,38,37,38,33,39,37,34,52,36,46,31,38,40,34,39,41,40,33,35,47,36,34,33,36,58,33,38,34,35,36,37,94,36,33,36,49,32,35,32,37,34,35,37,39,41,40,48,37,34,30,33,34,38,35,34,37,37,33,47,31,36,37,86,31,36,33,36,37,30,32,38,36,33,37,36,41,43,40,37,38,35,36,41,0,82,41,38,33,34,36,36,35,37,35,38,30,35,34,38,37,32,37,36,40,29,30,37,37,38,34,38,54,37,32,39,35,26,34,36,52,32,35,33,37,40,33,38,32,34,37,35,37,34,40,40,39,38,37,33,35,34,33,35,35,38,36,39,36,37,35,38,101,32,36,37,38,39,34,36,36,29,36,35,36,34,33,34,33,33,40,36,42,40,38,37,37,39,38,36,34,85,33,29,32,33,34,40
93,82,80,79,90,84,85,84,82,87,90,83,80,87,85,83,86,88,91,83,92,81,92,92,88,88,86,86,86,83,92,90,86,86,76,91,92,83,82,85,95,91,86,82,90,86,92,86,94,86,91,80,88,84,90,84,83,85,79,93,90,76,71,92,90,68,86,94,90,87,92,90,82,88,83,84,83,91,80,89,92,82,90,91,87,91,85,84,87,89,91,92,86,85,92,89,88,85,92,80,94,83,87,89,81,78,91,84,78,86,83,93,93,91,87,89,84,83,83,93,86,89,90,89,90,90,115,84,79,76,90,92,79,77,92,75,90,80,90,96,87,81,90,93,82,89,90,96,94,85,91,86,85,92,92,75,90,86,80,88,83,94,81,89,91,84,82,91,77,83,87,70,81,81,84,80,92,91,93,86,85,86,88,86,82,81,77,87,91,77,81,83,91,89,88,87,82,85,81,81,87,92,86,89,89,92,90,93,90,88,86,89,89,84,83,86,77,90,92,87,76,83,89,91,80,82,90,85,92,91,81,84,82,87,85,82,90,94,88,89,94,93,88,90,90,82,0,88,88,81,81,80,93,83,87,82,93,81,85,88,81,92,83,90,85,89,86,84,81,81,84,84,91,79,84,80,90,87,86,88,89,74,86,90,93,92,93,87,91,86,77,89,87,90,81,93,93,90,84,81,83,90,84,87,89,82,83,90,91,88,90,80,94,89,88,76,88,91,85,80,83,91,87,90,86,86,83,85,81,83,83,93,88,97,85,91,90,88,93,89,92,88,73,86,79,85,85,83,93
43,92,38,37,38,39,36,41,36,29,37,44,39,43,42,38,36,36,35,33,39,38,34,49,40,23,2,37,37,40,38,43,37,39,63,39,32,37,44,40,41,38,34,50,39,34,42,40,41,35,39,41,38,61,40,41,36,35,46,40,39,30,37,38,44,61,37,41,40,37,38,41,38,31,34,36,33,40,65,41,41,32,38,41,38,42,32,53,41,41,38,38,37,34,38,44,37,57,41,36,41,44,37,42,67,78,37,55,52,39,40,31,39,34,41,48,34,20,44,40,41,31,24,40,41,39,134,35,50,45,40,35,51,37,36,39,35,37,43,38,42,37,43,39,37,38,38,41,41,41,35,35,43,37,37,54,36,36,38,41,30,41,37,35,38,35,45,32,41,60,43,42,38,40,48,38,38,49,39,40,40,41,41,40,36,39,69,41,38,42,41,50,40,103,35,39,36,60,36,37,38,36,41,24,22,37,42,40,31,38,39,42,33,34,46,40,42,35,40,41,44,36,35,35,88,35,37,35,39,41,39,27,44,34,36,43,29,41,24,45,25,39,32,33,32,41,88,0,37,36,34,36,36,36,40,40,38,39,35,40,37,36,39,41,42,41,37,45,45,43,37,36,38,48,41,39,38,40,42,39,41,53,36,38,35,40,40,40,38,41,42,37,39,36,34,42,41,38,42,36,36,38,36,37,36,39,37,38,45,40,36,30,39,105,36,43,39,37,40,33,41,38,39,37,39,37,38,35,40,34,37,41,39,38,43,38,37,37,27,41,38,35,89,43,37,35,38,36,41
32,96,36,31,32,27,35,27,32,28,26,39,28,28,33,25,33,26,27,23,31,27,33,30,30,37,36,25,27,29,29,33,25,27,68,31,30,31,41,27,42,30,23,39,29,23,28,27,32,22,26,35,32,49,25,30,28,32,41,31,32,35,45,31,23,63,25,28,32,30,25,31,25,26,30,32,30,27,60,21,30,31,30,31,27,24,27,46,32,24,28,31,29,22,27,39,30,54,28,30,32,38,22,32,68,68,30,46,43,28,29,30,33,29,21,41,25,27,39,33,28,27,39,31,30,31,127,22,46,46,30,29,62,28,33,40,30,28,32,32,27,27,31,28,33,35,21,28,31,26,30,24,28,33,32,53,27,21,29,27,29,32,24,23,32,26,46,24,26,56,24,42,33,32,39,41,27,47,31,25,27,47,30,28,31,32,65,26,32,26,38,38,30,101,21,26,31,48,24,31,26,33,28,38,36,33,29,31,44,28,26,37,30,26,40,38,25,28,29,26,53,22,24,29,80,25,23,27,37,21,33,30,28,22,25,32,29,28,41,42,34,33,30,34,27,38,88,37,0,22,23,34,23,26,32,27,33,33,26,41,36,33,29,31,33,42,31,32,36,35,32,29,30,56,34,27,31,26,26,41,29,47,32,30,35,31,31,26,32,27,26,24,26,28,23,27,27,29,43,22,21,24,23,13,24,26,26,24,29,20,30,23,28,101,30,37,28,31,35,22,29,26,29,29,25,29,25,16,25,25,22,31,27,33,35,32,31,23,40,31,30,21,91,28,27,32,25,25,29
32,95,35,28,30,30,29,24,29,25,31,36,25,32,36,23,33,28,28,23,31,29,31,34,33,36,35,29,30,26,28,32,29,29,66,31,30,30,41,31,41,31,24,42,29,24,28,31,31,31,27,28,31,50,31,33,22,28,47,28,27,27,40,31,28,63,29,26,35,31,30,31,19,28,31,35,32,31,57,27,30,27,27,31,26,28,21,45,30,27,30,30,31,21,26,33,30,53,28,29,31,34,26,32,65,65,27,46,43,32,34,32,28,29,28,42,26,29,38,30,30,27,40,28,30,29,123,22,50,43,30,29,54,23,28,38,25,26,32,33,31,27,32,27,28,28,27,31,32,31,27,29,33,29,30,52,28,25,30,31,29,31,28,28,30,25,44,25,28,53,28,40,28,30,40,39,27,45,31,31,31,46,32,29,26,28,60,30,31,26,36,42,26,98,26,30,33,49,24,27,27,31,28,36,37,29,30,31,40,28,29,36,29,20,40,36,27,28,30,30,43,21,28,30,81,25,26,25,34,25,32,29,32,27,28,34,29,26,35,42,29,28,28,33,24,33,81,36,22,0,23,33,23,28,27,28,28,32,33,38,32,31,32,31,29,38,29,35,32,33,28,23,29,54,31,26,30,30,32,38,31,41,34,28,32,28,31,30,30,31,28,27,30,24,23,26,28,30,38,25,23,27,22,22,24,29,24,27,30,23,30,28,27,100,30,39,32,30,33,30,28,27,33,29,31,34,23,22,28,25,23,28,31,34,31,31,31,28,38,31,27,24,88,31,25,27,29,25,31
31,93,28,15,30,21,20,14,25,25,23,36,20,25,22,6,29,22,27,19,28,25,30,35,27,32,34,23,23,23,30,31,23,22,62,28,25,23,34,24,43,27,21,37,23,21,29,24,31,24,26,30,29,41,30,26,22,15,40,31,28,30,40,29,27,58,23,31,30,28,25,29,24,25,23,15,23,24,45,25,29,16,28,29,26,27,17,48,30,24,26,29,23,20,27,24,28,53,29,17,31,33,17,30,63,60,28,39,39,25,25,29,31,26,23,26,21,25,36,31,25,25,37,29,29,29,118,20,37,36,29,30,56,26,31,37,29,12,29,32,24,18,24,28,30,28,23,29,31,25,29,19,27,30,26,48,25,16,23,25,24,31,23,23,30,18,40,24,25,43,24,44,21,17,32,35,27,47,30,24,24,42,27,23,14,27,54,23,30,27,26,36,30,92,17,23,25,41,6,18,27,30,22,33,33,30,31,30,41,12,23,32,30,25,31,34,25,25,27,23,49,21,23,28,76,9,24,25,36,25,19,27,29,22,22,32,27,31,34,41,30,31,26,33,30,34,81,34,23,23,0,26,29,26,29,10,31,19,23,39,26,30,23,29,33,36,21,32,26,36,25,20,29,51,29,22,29,23,28,39,29,43,31,29,34,30,30,23,30,24,27,27,23,28,2,30,30,30,37,21,14,22,21,21,25,27,25,27,29,23,28,25,32,98,28,33,25,29,31,23,27,26,27,28,22,26,6,19,26,23,17,32,24,33,33,29,27,23,39,30,31,23,82,24,17,29,25,8,30
39,90,24,21,38,26,33,33,27,33,32,40,26,26,33,27,33,33,35,30,39,26,38,42,32,35,34,27,23,34,38,37,27,29,60,37,34,34,35,27,40,36,31,37,34,31,38,33,40,36,37,28,32,42,40,34,33,31,32,40,36,25,37,38,35,54,27,39,35,34,34,36,32,34,28,27,28,33,39,36,37,27,37,37,39,35,32,39,37,36,36,37,31,32,38,32,37,51,38,20,40,32,28,36,60,58,37,40,32,33,27,36,40,35,34,41,24,33,38,39,29,34,36,37,37,37,108,31,39,42,36,38,50,28,40,28,36,23,36,39,28,26,26,37,36,34,33,39,40,32,39,29,33,39,39,41,31,27,18,30,30,40,25,33,38,30,33,35,33,34,32,41,30,20,32,32,37,49,39,29,27,40,33,28,24,25,51,30,38,32,24,37,38,87,31,27,28,39,27,16,34,38,24,33,37,39,38,39,48,29,27,29,34,32,32,35,33,35,35,28,45,30,33,37,67,27,30,36,38,36,27,25,25,34,25,24,35,39,37,48,36,40,31,34,36,36,80,36,34,33,26,0,36,28,38,30,40,27,31,40,29,38,25,36,28,39,32,37,25,26,34,30,38,49,34,30,38,27,31,40,36,40,37,34,37,38,39,27,38,33,33,35,27,37,26,38,38,37,34,24,31,32,35,33,30,32,33,38,37,33,37,28,38,98,33,28,30,38,36,31,39,36,33,37,29,32,27,30,32,30,30,39,28,40,36,38,37,35,43,37,37,34,79,29,26,30,33,26,39
23,90,39,29,23,20,32,31,40,20,23,41,30,18,38,29,38,23,21,23,24,34,26,25,23,39,37,21,21,25,24,24,21,24,65,24,20,32,44,22,43,23,23,46,20,22,23,21,24,24,23,36,20,53,29,36,24,23,49,25,25,28,42,24,28,65,21,14,32,19,23,23,26,20,39,39,39,22,62,23,23,23,23,23,25,25,27,49,24,23,19,24,20,22,21,42,22,59,17,31,24,36,21,23,64,74,24,52,48,24,30,27,25,22,21,47,20,28,46,25,19,21,37,23,23,24,132,19,43,48,23,26,62,30,25,43,21,25,22,24,20,30,30,23,25,34,24,28,25,16,22,28,24,26,31,54,24,26,34,22,20,24,32,25,25,28,45,18,22,60,27,48,31,39,45,36,20,41,25,18,22,46,23,28,26,37,67,21,25,21,39,43,25,106,24,22,36,58,28,29,29,26,31,34,36,26,10,24,41,32,23,43,18,31,44,27,23,22,20,21,54,23,22,20,91,30,25,28,29,24,38,31,38,24,22,40,27,14,39,42,26,25,24,26,27,36,93,36,23,23,29,36,0,37,27,29,25,38,18,34,40,26,34,23,32,30,34,30,38,39,31,27,26,46,28,24,24,20,30,33,26,52,27,25,26,24,24,21,25,24,22,18,22,25,26,13,13,22,43,30,21,20,23,24,24,21,28,28,26,21,25,29,17,104,22,43,24,23,36,30,23,21,23,22,20,25,29,19,20,23,25,26,23,25,34,25,25,24,41,24,30,20,86,22,26,31,22,27,23
42,90,29,24,39,33,30,29,30,33,34,35,19,34,26,26,22,31,34,31,39,10,41,47,38,36,37,34,34,33,38,41,34,35,63,39,34,30,36,35,44,39,30,41,35,30,41,36,41,30,36,28,38,41,36,23,31,31,40,39,38,29,37,39,35,58,34,39,30,37,33,40,32,33,29,29,29,36,49,35,40,28,38,40,37,37,30,42,40,33,36,37,35,29,39,26,38,48,41,26,41,32,30,40,61,55,38,35,40,37,34,36,39,37,30,37,30,31,40,41,34,34,38,38,39,39,118,29,42,39,38,36,54,27,39,33,33,27,39,42,35,24,36,36,39,37,32,42,42,34,34,29,36,39,38,51,34,30,25,32,31,41,16,34,40,28,40,34,35,47,36,38,31,25,32,34,36,47,41,32,35,38,39,35,29,28,57,33,40,36,28,38,39,91,32,35,31,43,25,18,35,41,32,35,40,39,42,41,44,21,34,35,35,28,34,34,34,34,36,31,46,27,31,36,72,26,33,30,39,33,31,34,21,33,33,27,32,39,38,43,39,39,34,33,35,35,83,36,26,28,26,28,37,0,35,19,39,31,32,37,28,41,34,40,29,40,29,35,31,31,28,26,39,49,35,34,39,35,37,37,35,40,32,39,41,38,41,35,40,34,35,38,35,37,26,41,40,38,34,8,26,33,28,29,34,35,29,40,40,34,39,30,39,94,36,35,37,39,33,32,38,35,38,37,34,35,26,22,34,35,28,42,36,43,36,38,37,32,39,39,37,31,84,31,29,34,33,26,42
26,91,37,31,23,19,37,31,34,26,18,42,35,15,34,31,31,26,19,22,24,35,23,32,22,38,35,18,19,26,23,25,18,22,69,23,24,31,42,17,42,23,20,49,26,20,25,15,23,19,21,36,25,54,31,32,26,29,46,24,24,31,42,23,29,65,18,22,30,21,19,24,27,25,28,35,29,19,61,20,24,26,23,24,22,27,29,46,24,18,21,21,25,19,21,43,23,53,24,26,25,42,21,24,63,73,24,49,48,15,33,22,24,22,21,47,21,29,43,25,19,24,36,23,22,23,132,17,53,47,22,24,58,31,23,40,23,24,24,24,17,30,32,20,29,29,21,26,25,23,23,23,25,24,24,50,25,27,35,16,20,23,33,19,24,30,42,19,24,55,25,47,29,38,42,39,19,48,24,20,17,45,23,27,29,40,67,14,23,25,40,46,23,100,18,17,33,58,28,31,26,22,27,36,33,24,26,25,44,31,18,39,23,32,43,35,25,24,24,16,53,22,16,21,85,29,21,33,32,20,30,28,39,18,19,40,25,22,41,38,24,24,25,33,27,37,87,40,32,27,29,38,27,35,0,33,23,30,18,37,41,22,34,24,35,38,29,37,38,41,35,23,23,50,31,25,23,17,31,37,22,50,33,25,29,23,24,18,24,15,24,22,17,22,30,23,24,22,43,31,24,22,24,19,23,21,30,29,23,26,23,31,24,97,24,44,17,23,43,30,28,18,26,21,21,13,31,18,23,25,26,25,17,25,36,23,23,17,38,23,22,23,88,17,29,34,19,29,26
35,90,31,20,32,26,21,21,29,29,29,36,22,28,20,12,28,25,30,25,34,18,36,40,30,37,39,27,27,27,33,35,27,26,62,34,30,24,29,27,46,33,25,30,23,25,34,28,35,25,30,29,31,39,29,28,25,19,39,34,34,28,37,34,27,59,27,33,30,31,28,33,27,29,22,31,22,29,47,24,32,19,32,33,32,32,21,48,34,24,32,33,28,25,34,34,32,50,30,21,35,33,22,33,61,60,33,35,41,29,26,29,34,32,28,36,25,27,32,34,29,29,38,32,33,33,120,25,35,40,33,34,53,25,36,38,31,16,32,35,27,22,25,26,32,30,27,37,35,30,33,22,32,36,31,49,33,21,25,28,27,35,19,25,35,17,42,30,31,41,31,42,19,29,33,35,32,47,35,28,27,43,31,29,17,32,48,27,35,32,31,33,33,90,23,27,28,39,8,22,30,36,29,37,34,36,35,35,46,2,27,25,29,25,38,31,31,29,34,27,50,26,27,29,79,4,28,23,35,24,26,27,25,24,26,20,31,33,39,43,33,34,30,35,32,35,82,40,27,28,10,30,29,19,33,0,34,26,27,40,29,36,29,33,30,37,26,34,28,34,23,23,34,51,30,25,34,27,30,40,34,40,31,32,35,33,35,27,35,26,31,32,27,31,10,32,32,33,35,15,20,26,25,26,29,31,29,36,32,25,35,28,34,95,31,31,29,33,29,27,30,31,30,32,28,30,12,25,30,29,20,34,28,36,33,34,34,24,38,34,32,24,83,25,21,31,29,12,35
11,95,43,35,7,23,39,32,38,17,13,43,32,23,42,28,38,25,11,19,9,39,7,27,13,34,38,17,19,24,8,11,15,20,67,7,19,33,45,17,40,7,14,51,23,14,11,15,7,15,13,38,19,60,37,40,21,24,49,5,14,36,46,6,27,67,17,22,34,14,12,7,24,18,31,36,30,12,65,21,9,27,11,10,27,27,31,51,8,21,12,10,23,20,8,43,12,61,16,28,7,41,23,12,66,76,7,54,51,16,35,22,1,8,21,46,25,28,46,6,25,14,34,8,9,10,136,19,55,48,7,13,56,34,2,48,20,28,11,4,21,31,33,12,33,32,19,21,7,21,23,29,26,5,28,56,21,27,34,15,26,7,37,19,8,31,47,13,18,61,24,48,34,39,47,44,12,47,9,19,15,48,11,29,31,37,69,19,10,24,42,45,13,107,17,15,36,57,31,34,34,9,31,34,31,5,24,6,41,35,21,41,23,35,47,37,22,22,16,17,58,26,13,19,88,31,19,36,32,21,37,30,40,16,17,39,24,22,37,44,19,1,19,31,31,38,93,38,33,28,31,40,25,39,23,34,0,37,22,36,40,9,37,8,42,38,34,36,41,41,39,30,2,56,37,24,7,15,33,36,24,56,36,20,32,13,6,19,8,17,20,19,13,13,29,16,12,11,46,35,25,19,23,20,33,15,29,23,17,25,6,34,23,106,18,46,16,14,46,31,33,13,23,9,17,17,28,21,20,19,26,10,13,6,40,9,7,16,35,7,26,24,91,23,30,30,16,30,10
37,95,26,19,35,24,26,28,20,32,30,34,25,24,28,23,30,29,33,26,35,26,34,40,30,38,38,24,23,28,36,35,25,24,59,35,34,27,33,25,47,33,28,41,33,28,35,23,38,27,35,34,33,47,34,31,26,22,35,38,35,26,40,35,29,53,23,35,35,32,32,34,28,32,25,19,25,31,50,28,35,20,35,35,35,34,29,50,35,28,34,33,27,28,36,32,35,55,36,18,36,36,28,34,66,58,35,39,43,23,26,32,37,34,27,29,19,31,38,36,23,32,38,33,35,35,121,27,42,43,34,36,56,27,37,37,34,14,35,37,26,23,27,35,34,18,31,30,36,31,33,29,32,36,32,50,33,22,23,26,28,38,27,33,35,19,42,33,31,44,33,43,9,27,37,41,35,45,35,29,25,44,31,25,11,31,51,24,35,32,29,33,37,90,30,25,17,47,17,18,30,35,27,36,37,36,37,36,45,23,23,28,35,30,36,33,31,34,35,26,48,27,30,34,80,24,32,24,36,27,0,32,32,27,24,24,30,35,38,43,34,37,31,33,34,30,81,39,33,32,19,27,38,31,30,26,37,0,22,35,30,35,24,34,34,41,29,35,31,37,30,27,36,54,27,26,35,25,24,37,36,46,34,35,38,36,36,23,35,24,32,34,25,35,19,38,37,35,38,26,25,30,29,29,32,30,32,35,32,27,35,33,39,99,32,35,25,33,36,29,32,34,29,35,28,26,23,30,31,29,22,34,25,37,33,35,35,28,41,35,33,29,79,27,18,32,28,23,37
24,94,30,29,20,12,35,26,32,20,15,38,30,14,32,22,35,23,20,18,24,30,19,31,17,35,34,8,11,23,23,23,10,15,62,21,21,31,44,12,42,18,17,46,21,17,23,12,25,14,20,36,23,53,29,36,22,26,40,25,20,30,42,20,21,61,9,24,28,19,19,21,25,19,29,33,29,18,56,16,22,22,22,22,25,24,32,48,22,16,21,22,13,20,23,40,22,55,24,23,23,35,16,21,64,69,20,47,45,12,26,17,22,19,18,42,12,25,43,21,10,20,34,22,22,22,125,19,47,49,21,20,60,31,22,36,18,22,21,21,13,23,28,22,29,28,17,19,21,17,22,26,21,21,25,49,20,19,31,13,22,25,28,19,24,26,40,20,17,51,21,46,27,31,43,40,22,45,22,16,12,43,18,23,24,34,63,13,24,19,36,38,24,96,15,12,24,51,24,26,30,24,23,31,30,21,23,21,40,28,8,37,21,34,39,35,18,21,22,13,51,21,15,21,81,22,20,29,31,16,22,28,36,14,11,34,22,24,37,42,19,22,20,30,27,35,85,35,26,33,23,31,18,32,18,27,22,22,0,36,34,24,28,21,40,37,32,36,38,35,35,27,21,55,33,17,20,12,26,36,23,54,31,23,31,23,21,11,24,11,18,22,12,22,22,23,23,22,40,26,18,20,23,18,29,16,28,23,24,16,20,30,26,101,19,38,12,23,40,29,27,21,18,18,15,11,22,16,17,17,20,21,12,22,36,22,20,17,34,22,21,20,86,14,23,30,14,26,24
37,94,34,36,33,34,38,37,40,31,34,35,38,35,41,38,41,35,32,31,35,38,34,40,33,37,38,34,35,34,33,27,34,34,64,33,35,35,43,33,37,33,34,50,31,34,35,35,37,36,33,39,31,53,39,41,34,35,46,36,32,31,33,35,36,59,34,32,32,32,34,33,33,33,40,39,40,35,62,34,35,32,34,35,37,36,34,50,32,36,30,33,34,35,33,45,34,55,34,36,37,40,36,31,67,71,35,46,50,35,30,36,36,31,37,49,35,39,46,36,35,34,31,35,35,35,131,32,45,48,32,38,58,35,35,37,32,37,33,35,36,35,36,35,33,42,36,39,36,35,34,29,32,34,38,51,32,34,38,36,30,37,39,36,35,37,40,34,35,56,37,47,35,39,46,38,33,30,37,35,34,45,35,34,37,33,66,33,33,35,37,45,36,104,36,34,35,57,36,36,36,34,39,40,35,34,33,35,43,40,35,40,32,38,45,36,33,37,32,35,51,36,35,36,91,38,35,36,36,37,35,35,37,35,34,41,36,32,38,39,36,36,31,31,38,34,88,40,41,38,39,40,34,37,37,40,36,35,36,0,39,34,34,33,42,31,39,30,41,41,40,36,35,51,30,35,34,35,33,1,33,52,35,33,25,35,35,35,35,34,36,30,34,36,39,32,34,32,42,38,36,36,36,34,37,37,39,37,37,36,33,36,35,107,30,39,36,29,37,36,34,30,32,34,35,36,38,36,37,31,34,38,35,36,36,36,34,36,41,32,40,37,85,36,38,34,35,38,34
42,86,23,20,39,34,23,31,33,31,39,36,27,37,26,24,26,34,37,31,41,27,41,42,39,36,36,34,35,35,39,40,34,36,59,39,37,32,37,36,38,39,33,35,36,33,37,37,42,35,37,31,37,41,33,30,30,32,40,40,37,29,37,39,30,57,34,41,36,39,38,40,29,35,27,29,27,37,49,32,37,30,37,40,39,29,31,44,40,31,38,39,35,32,39,33,39,50,38,24,42,33,33,40,61,60,36,40,42,38,34,39,40,37,34,41,31,31,27,41,34,34,38,33,40,39,117,33,32,35,40,42,51,28,40,33,38,28,41,40,34,26,40,36,34,36,35,43,42,39,39,31,37,41,30,48,37,31,27,38,32,42,25,34,40,22,38,35,37,43,28,35,31,22,32,34,39,50,42,38,36,36,40,34,29,27,52,37,40,36,30,37,41,91,32,36,34,41,28,25,34,41,37,39,40,41,43,42,47,24,34,38,38,29,39,36,37,38,41,37,45,33,37,36,77,29,37,31,37,32,30,28,31,32,33,32,39,41,37,44,40,40,36,35,33,38,81,37,36,32,26,29,40,28,41,29,40,30,34,39,0,41,35,40,31,39,29,36,28,32,33,27,41,47,34,35,39,36,33,39,39,39,36,35,38,38,42,36,40,38,38,36,36,38,26,40,40,41,36,25,29,37,32,36,36,38,28,42,35,28,40,31,38,96,36,30,38,34,31,31,37,38,37,41,37,35,25,32,38,33,24,37,37,41,29,40,39,35,42,41,31,33,80,38,31,34,37,24,42
11,95,41,33,9,20,38,31,34,18,14,43,32,20,40,27,37,25,8,19,7,38,6,24,14,32,40,15,19,25,7,9,13,18,66,6,16,31,44,14,39,8,12,49,24,15,11,16,7,15,9,37,22,59,36,41,19,25,46,7,13,33,43,8,27,64,15,22,33,11,10,8,28,15,35,35,34,12,63,21,10,24,8,10,29,27,30,52,7,21,11,7,22,20,10,42,11,60,15,29,7,42,21,14,67,74,8,52,49,14,33,20,10,9,22,46,23,28,43,9,23,11,37,9,9,7,135,22,55,46,6,20,57,33,9,46,17,26,10,9,19,28,31,12,34,34,20,19,9,22,20,27,25,9,28,55,20,25,35,16,23,9,36,19,4,31,46,12,17,59,24,49,32,38,46,45,11,46,8,16,16,45,11,27,29,35,69,16,1,23,40,44,10,106,15,13,34,59,29,32,33,0,29,32,34,9,25,8,41,35,18,41,27,36,45,39,21,14,15,14,53,25,14,18,90,29,19,35,31,21,35,31,38,17,15,37,22,22,35,42,17,10,18,32,30,37,92,36,33,31,30,38,26,41,22,36,9,35,24,34,41,0,35,7,41,37,31,37,42,41,38,29,8,57,36,21,9,13,30,34,25,55,38,21,29,10,8,17,4,18,19,20,11,14,28,17,12,8,45,34,24,20,25,21,34,14,27,25,17,25,7,33,24,105,18,44,13,13,45,32,34,9,22,10,14,18,27,21,15,21,26,12,13,11,41,9,9,17,33,6,28,27,89,20,28,29,16,32,9
36,96,30,27,35,20,35,28,34,33,27,39,32,24,32,28,38,29,32,28,33,30,35,37,29,40,38,24,25,32,35,34,24,27,63,34,34,31,42,24,39,33,29,47,32,29,35,28,37,34,34,38,32,50,32,32,32,30,40,37,33,29,41,35,31,56,24,36,32,31,31,33,31,31,40,28,40,30,47,28,34,30,34,34,34,32,31,51,34,28,33,34,28,30,35,40,34,53,35,24,37,40,28,33,63,63,34,42,34,29,23,31,37,32,28,43,22,32,44,36,24,32,40,34,34,34,120,29,46,49,33,35,59,31,37,35,32,24,33,38,24,28,19,34,35,35,30,35,37,27,33,25,27,36,34,48,33,26,27,28,26,37,31,32,35,31,40,30,28,47,33,47,31,32,40,39,34,47,36,27,24,46,30,24,25,33,60,24,35,30,24,39,35,96,28,24,34,48,25,25,35,35,25,37,36,36,34,36,47,36,24,38,29,31,20,36,28,29,35,24,51,28,29,32,79,29,31,33,33,28,24,28,35,32,24,32,35,36,41,44,31,37,30,33,32,32,83,39,29,32,23,25,34,34,34,29,37,24,28,34,35,35,0,33,43,39,37,28,37,36,33,31,35,55,34,28,35,22,28,34,34,50,34,30,33,35,36,22,35,30,30,30,24,33,24,36,36,34,39,30,28,31,32,30,28,31,34,37,32,26,34,33,35,101,32,28,27,34,37,31,35,33,30,32,25,33,28,27,29,27,28,36,23,39,36,35,34,32,43,34,35,31,90,24,25,32,31,27,36
5,97,39,31,6,19,36,31,34,20,14,43,32,19,41,27,39,25,11,16,10,38,7,25,11,37,39,13,17,21,8,10,11,16,66,2,20,33,46,13,39,4,14,50,24,16,7,13,5,16,11,37,22,56,34,41,22,24,45,7,15,33,43,4,26,64,13,20,33,11,12,2,28,18,34,36,35,10,61,20,8,24,7,3,26,26,32,50,6,20,11,7,20,21,8,39,8,60,12,28,5,38,22,8,67,72,6,48,47,13,31,24,7,7,21,45,21,31,46,5,21,13,37,11,4,7,132,20,52,49,5,20,59,33,8,44,21,24,6,10,17,28,29,12,31,32,19,17,7,19,21,28,23,5,28,53,21,26,32,15,23,5,36,18,4,30,44,14,15,57,23,49,31,38,46,41,10,46,5,15,13,48,7,25,27,37,66,15,7,21,38,42,12,104,16,11,35,58,29,30,32,7,27,35,34,5,22,5,44,33,17,40,26,35,43,37,19,21,15,13,53,26,14,18,89,29,20,33,33,20,34,31,39,16,13,36,26,20,40,43,22,7,16,33,31,37,90,41,31,31,29,36,23,40,24,33,8,34,21,33,40,7,33,0,42,37,33,35,40,40,35,29,6,55,34,20,4,11,29,33,23,55,36,21,29,12,5,15,4,15,17,20,9,14,27,14,9,10,41,34,23,19,25,19,31,15,30,24,16,24,4,32,22,107,15,42,13,13,42,32,31,11,20,11,13,17,27,22,15,17,25,12,11,12,38,7,7,16,38,4,26,25,88,19,26,29,15,29,5
43,89,32,31,41,40,29,37,39,35,42,33,30,42,33,31,31,33,36,34,43,31,43,48,41,41,41,39,37,31,38,42,39,39,62,42,38,39,32,40,45,42,34,32,38,34,42,41,42,39,36,26,42,43,39,31,29,35,42,41,40,33,35,42,42,60,39,33,41,41,39,40,32,37,29,34,29,42,46,42,40,32,40,42,34,40,25,38,43,43,38,40,38,29,41,36,41,53,43,32,42,30,38,40,60,61,40,43,46,40,41,42,42,40,36,45,38,35,35,42,39,36,43,41,43,41,115,30,39,39,39,40,54,29,42,36,33,34,44,41,42,33,45,42,33,32,38,41,41,41,35,38,40,41,43,48,42,38,32,42,37,42,29,40,41,32,35,35,40,42,36,41,32,27,32,36,37,47,42,43,40,36,43,40,32,16,54,42,41,40,36,42,39,90,39,40,36,37,33,31,30,41,44,41,43,41,40,41,45,28,40,36,41,32,46,34,40,37,45,42,51,34,40,38,74,34,40,29,37,41,34,37,31,38,38,34,40,33,43,50,41,42,36,40,37,36,85,42,33,29,33,28,32,29,35,30,42,34,40,42,31,41,43,42,0,33,35,41,30,29,32,28,41,48,32,37,42,41,41,41,35,42,39,42,43,40,41,41,41,42,41,40,40,32,33,34,42,40,27,28,31,38,30,36,34,40,33,43,43,40,42,34,36,92,36,40,40,38,32,31,29,35,39,43,42,41,30,34,41,39,30,43,40,42,33,40,41,40,43,42,37,27,80,43,34,43,39,31,41
38,84,42,38,37,35,35,39,37,28,37,38,39,35,37,38,44,33,32,34,40,37,39,41,36,40,41,36,35,39,35,36,36,36,60,36,31,39,40,36,43,38,32,46,33,32,39,38,38,37,36,43,32,54,39,34,33,34,47,39,32,34,35,37,37,55,36,30,38,34,35,37,31,32,43,42,42,38,62,37,35,32,34,37,43,39,39,47,37,37,35,35,35,30,38,43,35,53,32,39,40,48,34,37,61,71,36,52,46,38,36,40,39,35,34,42,32,34,44,40,34,30,37,33,37,36,133,31,41,50,36,41,57,36,38,40,32,36,39,35,36,38,40,37,27,40,37,42,38,35,34,34,38,40,42,53,39,36,39,39,28,39,38,39,36,37,42,32,38,59,41,40,41,42,47,42,33,43,39,37,36,43,38,37,37,45,68,38,36,36,44,44,39,105,37,36,43,59,39,37,29,37,40,39,36,40,33,39,41,37,37,44,34,36,42,31,38,34,40,38,44,36,36,34,89,40,37,34,37,38,41,32,45,37,35,44,39,30,41,42,37,39,29,30,34,40,89,41,42,38,36,39,30,40,38,37,38,41,37,31,39,37,39,37,33,0,41,38,32,36,37,35,39,38,30,37,37,37,37,34,34,50,35,35,36,35,39,37,36,39,39,35,36,35,37,28,30,37,38,37,37,35,32,38,39,39,36,40,41,35,38,37,35,102,33,39,38,35,34,34,31,31,36,38,36,39,37,33,39,36,36,40,37,36,33,36,37,38,41,37,27,37,91,39,37,41,37,38,40
35,93,31,27,32,32,30,27,30,27,32,37,22,33,31,20,32,25,32,26,33,23,31,39,34,34,37,31,32,21,31,35,30,32,60,33,31,24,34,33,46,33,26,34,34,25,35,32,33,32,33,30,31,49,29,33,24,21,43,31,35,28,38,32,35,63,31,36,34,32,29,33,21,28,22,29,21,32,55,32,35,22,30,32,32,33,23,46,32,32,31,31,32,28,35,28,30,55,34,25,32,31,30,32,64,66,31,37,46,33,31,33,34,30,29,37,29,25,34,33,34,29,42,31,32,31,123,25,45,39,33,33,52,27,33,40,28,21,31,33,34,24,37,34,35,28,28,37,35,35,30,32,37,33,35,45,29,31,31,31,28,33,26,30,31,25,38,32,30,48,33,44,25,27,39,37,36,47,32,32,33,41,33,34,24,34,60,32,30,32,35,39,31,96,29,33,28,52,26,29,31,31,31,38,31,33,37,34,42,26,32,32,34,30,42,35,31,32,33,31,50,26,30,33,84,26,32,23,33,31,29,34,31,29,29,29,30,36,37,43,32,34,31,35,35,29,86,37,31,29,21,32,34,29,29,26,34,29,32,39,29,31,37,33,35,41,0,35,33,37,28,27,33,52,32,27,31,32,34,39,34,46,35,31,35,34,34,33,31,31,30,34,32,32,20,36,37,35,39,19,25,26,26,29,30,31,27,35,34,32,31,31,34,99,31,38,33,33,34,28,32,32,34,30,33,34,20,30,31,29,22,37,32,33,34,30,31,31,41,33,34,24,75,32,25,31,30,25,35
39,91,30,36,37,34,37,35,37,33,34,41,37,34,36,34,39,35,34,30,36,38,37,38,35,39,43,34,37,35,37,35,34,37,57,35,37,30,43,35,46,35,35,48,34,35,36,35,39,35,32,38,37,51,39,34,35,29,40,36,32,29,35,37,38,60,34,38,29,32,36,35,33,32,43,40,43,36,59,35,38,31,36,37,36,33,34,48,35,33,34,37,33,35,36,37,37,52,37,37,39,35,37,35,60,69,37,49,45,38,32,39,36,33,35,51,32,32,42,38,34,35,32,36,36,35,129,34,51,49,34,34,54,32,40,31,34,35,34,39,36,34,36,36,39,35,36,37,36,34,36,34,32,39,37,49,29,35,39,34,28,39,36,34,38,32,45,33,34,55,35,40,38,39,40,29,37,44,39,36,35,41,37,31,36,35,59,34,38,34,37,37,36,103,31,35,41,55,34,36,32,37,35,39,35,39,36,35,45,36,34,40,32,34,33,40,33,35,31,34,42,34,35,34,86,35,30,34,33,35,35,26,37,36,34,39,36,38,40,45,39,36,31,30,36,30,84,45,32,35,32,37,30,35,37,34,36,35,36,30,36,37,28,35,41,38,35,0,40,40,38,32,35,52,40,35,37,36,33,37,35,52,34,32,31,36,35,35,38,37,36,33,36,36,32,39,39,37,43,35,32,38,34,35,35,37,39,34,37,33,36,33,32,102,27,41,38,34,36,33,39,34,31,33,34,37,34,33,36,31,34,35,37,40,40,36,34,36,39,35,34,33,83,34,34,24,33,36,38
42,87,29,27,39,33,32,25,34,36,37,41,27,37,29,17,29,33,38,33,43,32,42,46,38,41,44,34,34,35,41,42,34,33,61,41,36,34,19,35,50,40,32,27,34,32,40,36,41,32,38,26,40,36,40,32,33,29,35,41,42,29,36,41,36,57,34,40,37,39,36,40,36,36,28,32,28,37,47,35,38,27,39,40,36,36,31,45,41,35,38,40,34,31,39,32,39,48,39,27,41,25,27,41,52,58,40,43,46,36,33,40,41,39,35,38,33,36,35,41,36,36,45,39,41,40,113,31,29,34,40,42,52,30,43,36,40,24,42,42,32,30,39,39,38,36,35,43,42,37,40,31,40,42,39,46,40,28,25,37,35,41,28,38,42,27,30,36,37,45,30,39,31,18,27,35,38,51,42,35,35,35,38,33,25,25,45,36,42,38,26,38,41,87,32,34,33,39,26,26,34,42,35,44,41,42,42,41,47,28,35,36,38,33,44,34,37,37,42,36,44,32,35,36,72,27,34,34,40,35,31,33,27,32,33,28,39,40,43,52,42,41,37,38,41,37,81,45,36,32,26,25,38,31,38,28,41,31,38,41,28,42,37,40,30,32,33,40,0,24,34,29,40,47,35,34,39,35,40,41,39,28,34,39,40,41,41,35,42,37,39,43,34,39,21,39,39,41,30,27,29,34,33,34,36,37,33,43,37,34,42,35,38,93,39,40,36,40,36,34,38,37,38,42,36,37,18,32,37,37,26,42,35,43,35,41,41,33,44,41,39,34,75,38,30,39,35,27,42
43,90,31,33,41,35,39,31,35,38,37,41,30,37,36,29,35,36,38,32,42,35,41,46,37,38,43,33,34,37,41,39,33,35,59,40,39,39,33,34,49,39,33,33,40,33,41,34,43,36,40,27,37,43,43,33,35,37,37,43,41,30,35,40,35,54,33,41,40,37,36,40,34,36,29,31,29,38,49,38,41,36,40,41,43,36,38,44,40,38,39,40,34,35,41,33,40,53,41,33,42,29,33,39,58,54,41,46,44,34,33,41,41,39,36,47,27,32,40,41,36,38,43,41,39,40,115,34,40,42,39,41,54,34,43,34,37,33,40,42,36,29,34,40,41,35,36,43,42,35,38,36,37,43,41,45,36,36,31,34,32,43,31,37,41,35,28,38,36,46,35,42,36,23,33,32,40,50,42,36,34,39,38,31,33,31,52,36,41,38,31,40,40,91,36,34,34,47,36,30,40,41,33,42,40,43,39,41,42,34,34,35,36,38,40,42,35,37,41,34,43,34,34,40,75,30,33,40,40,38,37,35,28,35,33,24,40,41,39,50,40,41,36,38,38,37,81,43,35,33,36,26,39,31,41,34,41,37,35,41,32,41,36,40,29,36,37,40,24,0,38,35,40,49,43,34,40,34,35,41,37,37,42,42,39,41,41,34,41,34,37,39,34,38,36,42,42,40,27,31,35,36,37,35,34,35,34,42,37,33,41,32,41,95,36,35,34,42,41,40,42,39,37,38,35,37,30,33,36,34,32,43,34,43,39,40,40,36,37,40,36,37,83,34,31,37,29,27,42
37,92,31,29,36,33,19,28,34,28,35,36,28,33,32,25,37,29,31,27,34,26,38,38,33,37,36,33,34,28,34,35,33,33,67,36,33,28,37,34,43,36,29,40,26,29,34,35,39,35,32,31,36,31,23,35,25,27,43,39,34,34,41,36,35,63,33,32,30,35,34,35,24,31,30,37,30,33,56,30,33,27,32,35,36,30,27,45,35,31,33,34,31,28,34,30,34,50,35,29,39,38,32,35,62,66,33,41,46,34,34,38,39,34,33,43,31,32,34,38,34,30,39,32,35,34,121,29,43,45,35,39,56,29,39,38,34,28,35,38,34,30,31,31,36,33,34,38,38,31,35,33,31,38,33,48,33,29,34,35,29,39,31,30,37,24,40,30,33,50,29,43,31,30,39,36,34,47,37,34,34,42,35,34,29,36,58,34,37,30,37,44,33,95,30,34,33,45,27,31,29,38,33,37,39,38,37,39,46,25,33,40,32,21,41,32,33,32,35,34,51,29,35,31,83,27,30,20,32,30,30,31,32,31,32,32,33,32,37,43,38,39,32,31,29,38,84,37,32,28,25,34,31,28,35,23,39,30,35,40,33,38,33,35,32,37,28,38,34,38,0,22,38,47,31,30,36,34,33,40,36,45,35,33,32,33,39,34,37,35,33,32,34,29,25,33,36,36,38,31,24,33,27,31,34,34,30,36,33,30,37,30,34,100,31,36,34,32,24,30,34,32,31,36,34,37,25,29,33,31,24,36,35,38,33,35,36,32,35,36,34,29,86,34,27,32,34,27,36
31,87,31,19,27,26,27,24,29,23,25,36,22,27,31,20,26,22,21,19,30,22,29,36,28,32,32,26,27,23,26,30,26,26,63,28,24,22,34,27,42,28,20,36,25,20,30,28,31,25,25,24,28,40,33,27,19,20,42,31,28,27,35,27,29,60,26,28,31,26,24,29,17,23,24,32,23,27,55,27,27,19,26,29,23,27,19,43,29,25,26,27,26,14,26,29,25,52,28,24,31,30,24,29,60,64,26,42,45,29,29,27,31,24,25,33,24,23,33,30,28,23,37,26,27,28,124,15,39,32,27,25,51,19,30,38,25,21,30,29,27,21,30,23,31,27,25,33,29,26,25,24,28,30,29,50,27,24,27,27,21,31,20,28,28,21,42,22,28,49,24,42,21,25,37,39,21,44,31,27,27,40,29,28,22,29,57,26,28,29,33,38,27,96,24,27,25,48,19,22,21,29,28,34,34,30,28,28,42,25,26,35,25,21,39,30,28,25,29,26,51,20,23,25,85,20,23,24,32,27,27,25,31,26,25,30,26,28,35,40,27,31,26,33,25,34,84,36,29,23,20,30,27,26,23,23,30,27,27,36,27,29,31,29,28,35,27,32,29,35,22,0,26,46,26,24,27,27,28,36,23,41,30,26,32,26,28,27,28,27,28,25,27,25,20,28,28,26,28,18,18,24,15,22,23,27,25,30,30,27,29,24,27,94,25,39,29,27,32,23,28,22,27,26,27,28,20,20,26,26,19,31,28,30,30,28,28,26,37,28,27,22,79,27,21,31,25,14,31
9,94,39,33,5,22,38,31,37,20,12,42,33,22,41,27,38,25,10,14,8,38,6,26,13,34,38,15,18,23,8,12,13,18,67,5,18,34,45,16,39,5,15,51,24,17,6,14,9,14,12,35,22,59,36,40,24,24,47,6,13,33,43,4,27,67,15,21,33,11,11,5,25,18,31,36,30,11,63,21,8,24,9,8,26,27,30,50,6,21,11,8,21,20,7,37,10,60,11,28,7,38,22,9,67,74,5,51,49,15,33,22,3,6,21,46,23,28,45,4,23,15,34,11,7,8,132,19,55,51,5,13,59,32,4,44,21,26,9,6,19,29,31,12,34,32,19,15,3,20,23,28,24,3,28,54,20,26,33,15,23,9,36,19,6,31,45,13,16,59,24,47,33,38,46,41,9,44,7,18,14,47,9,27,29,38,67,18,7,20,40,43,12,106,16,13,36,57,29,32,31,8,29,34,31,3,25,4,41,34,19,40,22,33,45,37,20,21,13,16,55,25,12,18,87,29,18,35,31,21,36,29,39,15,15,37,24,21,37,41,19,3,14,32,30,38,91,38,30,29,29,38,26,39,23,34,2,36,21,35,41,8,35,6,41,39,33,35,40,40,38,26,0,57,36,23,5,13,31,35,20,55,35,21,29,12,4,17,6,16,18,19,11,12,27,17,13,8,43,34,23,19,24,18,31,15,32,24,17,25,4,30,22,106,13,44,15,13,45,30,34,12,21,8,15,16,27,20,18,16,26,9,12,8,41,5,4,15,35,5,26,25,90,22,28,27,15,30,8
56,67,46,47,55,53,43,53,52,45,55,45,51,53,50,51,52,51,50,51,58,49,57,58,55,49,48,52,53,53,53,55,52,54,53,55,49,51,44,54,54,55,49,46,51,49,57,56,57,55,54,48,49,47,54,47,47,51,49,57,52,37,30,55,55,51,52,47,49,50,53,55,49,48,51,53,50,55,61,55,53,47,52,55,57,53,52,46,55,55,53,53,53,47,56,56,51,43,50,51,57,53,52,55,53,63,54,52,46,56,51,55,57,51,51,56,51,45,46,58,50,47,57,51,55,54,123,48,34,41,54,54,45,46,56,41,52,52,57,55,54,52,58,53,41,59,53,61,56,53,54,48,54,58,54,30,53,50,49,57,43,57,48,55,56,49,45,50,55,56,55,26,54,48,53,42,49,44,57,55,54,40,55,51,52,54,62,56,56,53,47,54,57,94,53,54,54,55,52,49,45,57,56,54,52,58,45,57,59,51,53,53,50,48,48,44,55,53,56,56,34,49,54,52,76,53,52,46,53,55,54,40,50,53,51,51,55,47,50,50,55,57,51,46,47,54,79,48,56,54,51,49,46,49,50,51,56,54,55,51,47,57,55,55,48,38,52,52,47,49,47,46,57,0,44,54,55,55,48,52,50,40,42,47,52,51,57,55,56,57,56,53,54,55,52,46,48,53,50,48,53,53,46,55,50,54,45,60,58,51,56,45,49,83,51,40,56,53,41,48,48,51,53,56,54,55,50,50,54,52,52,58,55,54,43,54,55,56,55,55,52,54,69,57,52,49,54,51,58
35,90,32,30,34,31,31,32,35,30,34,26,28,33,37,29,30,28,30,24,35,31,36,40,34,38,40,31,32,25,30,32,31,31,67,34,30,29,35,32,45,34,27,43,28,27,35,33,36,34,32,31,26,49,32,30,22,28,45,38,35,29,41,34,34,56,31,31,34,30,31,34,20,29,35,33,34,34,58,31,30,24,33,34,35,36,28,49,34,33,31,34,31,24,34,35,32,56,30,32,36,34,27,34,64,66,35,45,49,34,31,35,38,32,29,37,27,32,41,37,30,30,39,33,33,34,127,21,40,44,31,35,57,24,37,40,30,28,34,36,33,28,31,32,21,28,30,38,35,33,32,28,33,37,34,52,31,31,34,34,26,36,28,35,35,29,40,30,31,52,35,49,32,33,42,40,31,38,36,34,32,41,34,31,27,34,60,33,35,32,33,40,34,97,32,32,33,47,27,31,26,36,33,38,37,37,25,36,45,30,31,39,28,28,40,20,31,35,31,33,52,26,32,32,88,29,32,28,32,34,27,26,35,32,30,29,36,31,40,40,34,38,31,26,29,37,84,41,34,31,29,34,28,35,31,30,37,27,33,30,34,36,34,34,32,30,32,40,35,43,31,26,36,44,0,27,34,32,31,31,28,49,24,34,30,32,36,32,35,34,32,33,32,34,29,30,30,30,36,28,24,28,21,32,34,30,28,37,36,32,35,27,29,102,31,41,34,33,36,25,15,32,32,34,33,35,29,28,30,29,23,36,33,37,22,35,35,34,38,32,37,29,77,31,25,31,30,29,35
23,96,31,20,20,13,32,25,22,19,18,37,24,17,35,21,30,17,20,12,21,32,21,33,17,37,38,14,15,16,22,20,14,14,60,21,22,29,44,14,44,21,14,45,21,14,23,14,24,17,21,31,20,49,32,36,15,19,42,24,21,31,41,22,26,56,14,25,33,19,19,20,22,19,30,31,30,19,52,20,21,19,21,21,27,27,28,50,19,20,21,21,11,15,22,38,19,55,22,16,24,36,18,19,66,64,21,43,42,15,25,22,24,20,19,39,14,30,43,23,17,18,37,21,21,22,122,14,47,44,20,23,59,27,22,37,25,18,20,25,15,22,26,21,29,27,17,21,24,15,27,22,21,21,27,48,21,22,26,16,21,24,30,19,21,23,39,20,13,48,20,47,24,31,41,40,21,46,23,17,16,47,17,19,16,32,55,16,23,15,33,35,23,94,17,15,28,49,21,21,28,21,26,34,33,21,23,23,40,27,13,34,28,30,37,31,13,25,20,16,52,20,17,21,84,22,19,26,35,20,26,29,34,15,13,33,23,25,39,41,26,24,18,30,29,32,80,39,27,26,22,30,24,34,25,25,24,26,17,35,35,21,28,20,37,37,27,35,34,34,30,24,23,54,27,0,20,15,26,35,25,45,32,23,30,22,23,15,21,13,12,22,15,21,21,25,24,19,39,28,15,18,18,14,30,15,26,26,22,22,20,31,24,101,18,36,17,24,39,27,26,21,15,19,16,17,21,17,14,14,16,25,16,26,32,23,22,16,38,19,26,18,86,15,16,28,15,22,23
7,95,41,33,2,19,36,31,35,18,11,42,32,21,41,27,38,25,10,19,9,37,5,24,13,33,38,15,18,25,4,11,13,18,68,3,18,33,44,13,37,6,12,48,23,14,6,15,5,14,10,37,20,57,34,40,20,24,47,9,13,35,45,2,25,64,15,20,32,13,9,5,26,16,34,37,33,11,63,19,8,26,5,3,27,25,32,50,6,19,11,4,22,19,7,41,4,59,13,29,4,41,21,12,65,74,4,52,49,15,33,22,8,3,21,45,23,27,45,3,23,12,34,9,5,6,134,20,53,47,7,18,57,33,5,46,17,26,9,9,19,29,31,10,32,33,19,19,6,21,19,27,25,4,28,55,21,25,34,17,25,5,35,19,2,29,46,12,15,59,22,47,32,37,45,43,8,44,4,16,15,47,9,27,29,37,68,17,7,21,40,44,11,105,15,13,36,55,29,32,31,9,29,33,30,4,23,4,41,33,19,40,23,34,45,37,19,19,14,14,55,25,11,18,87,30,19,33,31,19,35,29,39,17,15,37,23,20,37,43,18,8,18,32,30,39,90,38,31,30,29,38,24,39,23,34,7,35,20,34,39,9,35,4,42,37,31,37,39,40,36,27,5,55,34,20,0,13,31,34,23,54,36,19,29,10,4,17,2,17,17,19,11,13,28,15,11,8,45,33,24,19,23,20,32,17,28,24,15,23,1,32,23,106,17,44,15,11,43,30,32,10,22,7,15,16,27,20,16,20,24,11,13,11,39,5,4,17,35,4,26,25,89,21,28,28,16,30,5
14,96,31,21,14,8,35,25,26,18,8,41,27,10,35,21,35,23,10,13,14,33,13,28,7,37,39,3,9,22,13,11,1,9,64,12,19,32,44,5,39,11,9,46,22,12,15,2,15,11,12,37,21,52,29,36,21,23,40,15,18,32,42,13,20,59,3,22,30,12,8,11,26,15,31,31,31,8,52,14,12,24,12,13,25,23,30,50,11,14,12,13,14,18,12,38,12,58,13,20,15,40,16,10,66,65,12,43,38,5,22,19,15,10,16,40,12,30,45,14,12,12,36,12,12,12,123,17,47,48,12,20,58,30,15,40,21,15,11,16,8,22,18,15,27,29,14,20,15,13,22,23,17,14,26,50,21,20,24,6,22,15,31,12,13,26,41,10,12,48,21,49,23,32,43,42,11,47,14,9,5,49,7,15,17,35,61,6,13,18,27,39,13,97,10,3,27,52,23,22,30,13,18,35,33,14,22,14,43,28,8,35,25,34,32,36,16,19,15,4,52,21,8,16,81,23,18,31,31,14,25,31,34,10,3,30,23,22,40,42,21,15,17,32,29,35,87,40,26,30,23,27,20,35,17,27,15,25,12,35,36,13,22,11,41,37,32,36,35,34,34,27,13,55,32,15,13,0,24,35,22,51,34,22,28,14,14,4,13,6,14,18,2,15,21,16,13,10,41,29,17,15,23,14,27,11,29,25,17,18,12,30,21,100,17,33,5,15,40,30,24,13,17,13,7,9,21,17,11,13,19,17,1,17,35,13,12,10,38,12,20,22,88,10,17,29,9,23,14
32,93,31,25,31,24,36,30,34,26,27,43,30,22,32,28,38,28,28,26,31,35,30,33,25,39,41,22,23,29,31,30,22,22,62,30,31,29,42,24,41,29,26,45,27,26,30,27,33,27,30,38,30,49,32,34,29,30,34,33,28,31,42,31,27,57,22,33,29,26,27,29,27,26,35,31,35,26,55,24,30,26,30,30,34,25,32,44,30,24,29,30,24,28,31,41,30,53,31,27,33,38,24,29,65,61,30,45,38,28,22,29,33,28,23,45,20,29,41,32,21,28,38,28,30,30,125,27,43,49,29,31,59,31,33,34,31,26,29,33,24,26,23,30,32,32,24,31,33,24,32,23,23,32,30,48,29,20,29,23,22,33,33,29,31,26,37,29,27,51,27,43,32,36,42,40,30,44,32,24,24,47,26,21,22,37,61,22,29,27,32,36,31,97,24,22,30,52,28,26,32,30,24,36,38,32,29,32,44,28,22,33,30,30,38,34,27,28,29,24,49,25,27,29,85,28,25,30,33,25,24,27,34,29,22,31,28,33,40,39,30,33,29,31,33,26,86,42,26,32,28,31,30,37,31,30,33,24,26,33,33,30,28,29,41,37,34,33,40,35,33,28,31,48,31,26,31,24,0,33,29,50,31,30,33,29,32,22,31,27,27,29,24,30,28,32,32,30,42,31,25,24,27,25,28,25,32,27,29,22,30,30,35,101,25,31,22,29,37,30,29,29,21,30,24,27,28,26,26,23,23,30,23,34,35,31,30,29,39,30,29,27,83,25,24,27,24,26,30
37,94,31,35,33,34,38,37,40,31,34,34,38,35,40,38,41,35,32,31,35,38,34,39,33,37,37,34,35,34,33,27,34,34,63,33,35,35,43,33,36,33,34,50,32,34,35,35,37,36,33,39,32,53,40,37,34,35,46,36,34,32,33,35,36,58,34,33,35,32,34,33,33,33,40,39,40,35,61,36,35,32,34,35,37,36,34,50,32,36,30,33,34,35,33,45,34,56,35,36,37,40,36,31,66,71,35,47,47,35,30,36,36,31,37,49,35,39,44,36,35,34,35,35,35,35,131,32,47,48,32,38,58,35,35,39,32,37,33,35,36,35,34,35,33,42,36,39,36,35,34,31,31,34,40,52,33,34,38,36,30,37,39,36,35,37,41,34,35,56,37,46,36,39,45,35,33,36,37,35,34,43,35,34,37,33,66,35,33,35,37,46,36,104,36,34,37,57,36,36,36,34,39,40,35,34,33,35,43,40,35,40,31,38,44,37,35,37,33,35,49,36,35,36,90,38,35,36,34,37,37,35,37,35,34,41,36,33,38,38,36,36,31,30,38,34,88,39,41,38,39,40,33,37,37,40,36,37,36,1,39,34,34,33,41,34,39,37,41,41,40,36,35,52,31,35,34,35,33,0,31,52,36,34,27,35,35,35,35,34,36,31,34,36,39,33,35,32,42,38,36,36,36,34,37,37,39,40,36,36,33,36,35,104,30,41,36,29,37,36,33,30,33,34,35,36,38,36,37,31,34,38,35,36,36,36,34,36,41,32,40,37,85,36,38,35,35,38,34
25,90,35,32,23,24,35,31,37,23,20,40,33,21,38,27,37,25,19,23,23,34,25,27,23,38,36,23,23,28,21,22,23,25,65,21,19,26,41,22,35,21,23,45,26,23,24,23,25,24,21,32,21,56,34,37,26,28,47,24,20,30,43,23,24,62,23,20,32,18,20,23,21,21,33,37,32,22,58,21,22,22,22,23,23,25,29,41,23,21,18,23,25,22,22,38,21,54,23,27,25,35,23,23,59,71,21,49,48,24,31,26,24,19,22,48,26,24,39,24,21,22,35,22,21,23,131,20,50,48,20,21,60,31,24,39,16,29,22,23,21,27,29,20,29,31,21,25,23,25,18,23,25,25,27,50,21,26,35,22,22,25,32,25,24,29,41,18,24,54,25,41,32,39,45,40,19,40,25,21,22,39,23,25,28,38,65,21,24,25,37,42,21,103,24,22,38,56,26,29,27,25,29,35,34,25,23,22,46,33,21,41,20,31,44,36,25,20,19,21,53,23,23,21,89,27,23,32,27,22,36,25,39,24,24,34,26,20,42,34,23,24,23,24,25,36,89,41,29,31,29,36,26,35,22,34,24,36,23,33,39,25,34,23,35,34,34,35,39,37,36,23,20,50,28,25,23,22,29,31,0,52,32,24,16,21,22,23,24,24,23,19,22,17,27,22,23,19,43,30,28,22,23,20,27,23,31,24,23,22,22,26,27,103,24,41,24,22,41,27,27,20,26,15,22,23,27,23,21,24,25,25,23,24,36,24,22,24,39,21,28,21,86,22,29,29,22,29,24
57,80,41,40,54,47,42,38,43,48,44,41,38,53,41,37,42,45,49,45,56,37,55,58,53,51,53,49,48,47,53,55,49,50,53,54,50,47,31,50,57,54,45,34,48,45,53,51,56,45,51,33,52,42,47,43,45,47,45,56,54,42,36,54,45,54,49,54,51,52,48,55,47,48,40,42,40,52,52,48,55,42,53,55,48,48,41,42,55,48,54,53,50,43,55,40,53,46,55,42,56,37,44,55,53,47,53,44,47,51,48,53,56,52,43,53,46,47,42,56,51,49,56,54,55,54,109,43,25,38,53,55,45,39,56,38,51,43,56,57,50,40,53,51,50,49,48,55,57,49,52,43,54,55,50,39,51,41,40,50,47,56,33,53,55,39,38,49,49,47,43,33,48,29,35,40,51,48,56,49,50,40,54,48,43,39,50,51,55,51,43,45,57,83,43,50,46,46,41,40,44,55,48,53,54,55,56,56,55,40,50,45,52,43,50,47,49,49,53,51,40,46,48,52,69,42,46,43,51,48,46,45,35,48,48,42,50,54,52,51,55,56,50,53,50,52,74,53,47,41,43,40,52,40,50,40,56,46,54,52,39,55,50,55,42,50,46,52,28,37,45,41,55,40,49,45,54,51,50,52,52,0,48,54,56,53,56,51,55,50,55,54,50,55,43,55,55,53,38,32,43,48,44,48,45,49,42,55,49,43,54,45,56,81,51,42,51,56,40,42,51,50,52,53,50,49,36,45,49,51,39,56,51,58,48,54,53,49,55,54,50,48,73,52,43,48,47,39,55
38,89,36,34,36,34,33,35,38,30,31,26,34,32,33,31,36,29,32,33,36,35,38,39,35,38,33,32,35,34,34,37,32,35,60,35,32,33,40,34,41,34,33,44,34,33,37,35,38,34,34,35,34,46,37,34,33,34,45,36,33,28,37,36,36,61,32,31,35,32,32,36,32,30,37,40,37,33,59,32,34,31,35,36,36,33,32,39,37,31,33,34,33,30,36,41,34,52,32,35,38,35,30,36,59,69,34,44,44,36,34,32,36,32,31,43,32,31,39,38,32,31,37,35,36,36,130,32,40,43,34,35,57,35,36,38,31,33,35,40,33,33,35,34,26,37,28,39,38,34,31,30,35,36,38,48,32,29,37,34,28,38,34,32,37,29,40,31,34,54,31,43,36,33,37,42,33,40,37,32,34,43,35,33,34,38,62,32,37,34,37,41,36,102,29,34,38,53,29,35,35,38,37,36,36,36,27,37,44,33,31,43,29,29,41,31,34,32,34,33,50,30,32,33,85,31,28,32,38,32,34,24,34,31,32,37,34,31,39,40,33,36,35,28,31,32,86,36,32,34,31,37,27,32,33,31,36,34,31,35,36,38,34,36,39,35,35,34,34,42,35,30,35,42,24,32,36,34,31,36,32,48,0,34,41,34,37,34,37,35,33,33,34,35,31,31,32,33,41,32,31,31,28,32,34,33,36,37,35,31,35,28,32,100,34,36,36,34,33,33,27,34,34,33,33,35,31,31,31,30,31,39,35,41,28,35,33,33,40,35,39,34,87,34,31,28,35,30,37
23,94,39,29,19,21,33,32,37,22,22,41,32,21,41,28,39,24,18,22,21,35,21,25,22,40,38,22,24,23,19,21,22,23,68,21,22,33,42,21,35,22,20,47,24,20,21,23,19,20,19,37,23,55,33,37,20,21,44,20,17,30,43,19,25,66,22,25,29,19,20,21,25,21,36,38,35,21,61,20,23,24,18,21,23,23,31,49,21,18,20,19,24,21,22,42,19,56,18,30,19,37,23,21,61,73,20,51,48,24,31,25,20,21,23,48,25,30,42,20,24,21,36,16,20,18,133,22,52,44,20,22,54,33,22,42,20,24,20,21,19,29,30,18,31,33,21,23,24,20,22,27,22,22,28,51,18,24,32,21,22,19,33,22,20,29,42,19,22,55,21,44,28,39,44,38,19,46,19,20,21,41,22,24,27,40,67,20,20,21,36,44,22,105,21,22,36,57,27,25,33,21,27,34,34,22,21,23,45,33,21,41,24,33,42,40,22,17,19,20,50,27,20,18,87,29,21,31,28,20,35,28,38,22,23,38,27,25,42,43,25,20,23,31,25,35,90,38,30,28,29,34,25,39,25,32,20,35,23,33,35,21,30,21,42,35,31,32,39,42,33,26,21,47,34,23,19,22,30,34,24,54,34,0,29,17,23,22,20,21,19,22,22,20,26,25,24,21,44,31,21,23,23,22,30,23,27,25,21,24,22,29,23,105,20,43,24,19,40,28,32,19,24,20,22,23,28,20,19,23,24,21,23,22,38,18,20,20,38,21,24,26,86,19,26,24,20,30,23
31,89,37,36,29,29,35,33,36,31,28,44,34,27,42,34,40,30,26,27,26,36,29,30,28,32,35,29,31,31,27,27,29,31,62,27,26,32,46,28,40,27,28,51,29,27,28,29,30,29,26,38,26,55,33,40,32,33,46,32,28,33,42,29,27,64,29,27,31,24,27,29,32,27,32,38,31,27,63,27,29,30,28,28,30,28,29,50,29,26,21,26,30,30,26,38,27,60,27,34,30,40,29,29,64,74,27,50,45,28,27,30,32,25,29,45,32,27,47,30,26,26,34,28,28,29,129,28,55,47,28,31,58,31,30,42,20,35,28,32,27,31,31,29,31,33,27,32,30,31,22,32,31,29,33,55,25,27,36,28,27,30,34,28,28,32,48,23,30,55,31,51,33,38,45,38,27,44,30,27,28,48,28,30,35,38,66,27,28,27,41,45,28,106,28,28,36,54,33,35,30,29,34,32,28,29,30,29,42,35,26,45,28,31,41,37,31,24,20,27,50,27,27,26,86,34,32,32,26,28,38,32,37,28,30,40,33,27,36,32,29,32,30,32,34,33,93,35,35,32,34,37,26,41,29,35,32,38,31,25,38,29,33,29,43,36,35,31,40,39,32,32,29,52,30,30,29,28,33,27,16,56,41,29,0,29,29,29,28,30,27,25,28,24,34,27,29,25,47,33,31,27,30,28,29,29,31,28,29,28,27,29,27,107,30,43,28,26,37,32,27,28,32,25,28,29,34,26,27,27,30,29,29,31,37,30,28,28,40,29,32,30,89,28,33,31,29,31,27
14,93,39,33,10,21,34,31,35,16,12,41,33,21,39,27,36,23,6,16,11,36,10,25,11,36,40,15,19,25,8,11,14,18,68,10,16,31,43,15,31,11,14,47,23,14,11,14,12,17,9,34,21,56,34,39,16,24,45,14,8,35,45,10,26,64,15,20,31,11,8,12,22,17,34,37,33,12,63,20,12,26,7,12,26,26,32,48,10,20,12,10,22,18,12,40,10,57,11,30,12,40,20,11,63,74,11,52,49,14,31,25,14,8,19,44,23,29,41,13,23,13,36,4,12,9,134,19,52,43,9,19,55,30,13,44,17,25,14,12,19,29,31,10,30,33,17,17,13,21,19,25,23,13,28,53,17,26,34,16,25,12,34,18,11,30,44,11,17,59,23,43,33,39,46,43,9,44,12,17,15,45,13,27,29,40,68,18,9,23,40,43,14,106,15,12,37,58,28,32,30,10,28,35,33,13,21,12,43,33,19,39,24,33,45,38,21,19,11,14,55,25,12,17,89,29,19,32,29,20,36,29,37,16,13,36,26,20,40,43,20,14,18,32,28,37,92,40,31,28,30,38,24,38,23,33,13,36,23,35,38,10,35,12,40,35,34,36,41,41,33,26,12,51,32,22,10,14,29,35,21,53,34,17,29,0,12,15,11,16,19,21,13,14,26,15,14,10,44,32,22,17,23,19,31,15,24,25,14,24,9,31,24,104,15,44,14,12,41,28,30,9,20,13,15,18,27,20,15,17,25,15,11,14,37,11,10,16,37,10,26,26,88,21,26,25,16,30,12
7,96,40,34,6,22,40,32,36,22,13,44,34,22,41,28,38,26,12,16,10,39,8,25,14,36,40,16,19,24,8,12,14,19,69,3,20,35,47,16,41,5,16,51,26,18,7,15,1,16,12,37,24,60,36,41,24,26,48,8,13,35,45,3,28,67,16,22,34,13,12,4,27,20,33,37,32,12,64,22,10,26,9,7,26,28,32,50,8,22,11,8,23,22,6,39,10,61,13,30,1,38,23,10,67,75,7,52,50,15,34,24,7,6,22,45,24,30,47,3,24,17,36,13,6,8,133,19,54,51,5,17,61,32,8,45,21,27,10,8,20,30,32,14,32,31,20,17,4,22,23,29,26,7,29,56,20,27,35,17,25,3,37,18,3,32,47,15,18,60,25,49,33,39,47,41,11,46,7,18,16,49,10,28,30,40,69,18,7,22,41,45,12,106,17,14,37,59,30,33,32,8,30,36,33,7,23,2,43,34,20,41,25,35,46,39,22,20,15,16,55,25,13,19,89,30,19,35,33,22,36,31,40,16,16,38,26,22,39,43,21,7,16,32,32,40,93,40,31,31,30,39,24,41,24,35,6,36,21,35,42,8,36,5,41,39,34,35,41,41,39,28,4,57,36,23,4,14,32,35,22,56,37,23,29,12,0,18,3,17,20,21,12,14,28,15,11,10,45,35,24,20,26,17,31,17,32,25,18,26,4,30,24,107,15,45,15,13,45,32,32,12,23,10,16,17,28,21,18,18,27,10,13,10,39,8,6,16,37,4,27,24,89,22,29,29,16,31,6
18,96,31,21,17,8,35,24,25,18,10,41,27,11,35,20,35,23,14,13,18,33,17,27,11,38,39,5,9,23,17,15,6,9,64,16,17,31,44,5,40,15,11,46,22,12,18,12,19,15,16,35,19,52,29,36,21,23,38,19,16,32,42,17,21,59,4,23,29,10,10,15,26,13,32,32,32,12,52,15,16,24,16,16,25,24,30,50,16,15,15,16,14,18,17,39,16,56,17,18,19,41,16,14,66,65,16,43,38,13,20,17,19,14,16,38,10,31,43,18,10,13,36,17,16,16,123,17,47,48,15,22,58,30,19,40,22,15,15,20,9,23,18,15,27,30,14,18,19,13,23,21,16,18,26,48,21,18,24,9,22,19,31,14,17,26,39,12,12,48,21,49,21,32,43,42,16,47,18,8,5,49,12,15,17,35,61,8,15,18,26,38,17,97,11,4,25,52,21,22,30,17,15,36,34,18,21,18,43,28,6,35,23,34,32,36,16,19,13,7,52,21,12,17,81,22,19,31,31,15,23,31,34,15,6,31,24,23,40,42,23,19,16,31,29,33,87,40,26,30,23,27,21,35,18,27,19,23,11,35,36,17,22,15,41,37,33,35,35,34,34,27,17,55,32,15,17,4,22,35,23,51,34,22,29,15,18,0,17,8,14,19,6,16,21,19,18,16,42,29,18,15,23,15,27,10,29,27,17,18,16,31,23,100,15,32,11,18,40,30,24,15,15,14,9,8,20,17,10,14,19,20,5,19,35,17,16,12,38,16,21,22,86,11,17,29,10,23,18
7,96,42,33,4,20,37,31,35,19,14,41,32,20,42,27,37,26,9,19,9,37,6,25,13,34,40,15,19,25,5,12,13,18,67,2,17,32,45,14,38,9,12,49,23,15,7,14,3,15,10,38,21,58,36,41,21,24,47,9,12,34,44,3,26,65,15,22,33,12,10,5,27,16,35,37,34,11,63,20,9,25,6,6,28,26,31,51,7,20,10,6,22,20,8,41,5,60,14,29,4,41,21,13,66,74,5,52,49,14,33,22,9,6,22,45,23,28,44,4,23,12,37,10,5,7,135,21,54,48,8,20,58,34,6,47,18,26,9,10,19,29,31,11,33,34,20,19,7,21,20,27,25,5,28,55,20,25,34,16,24,5,36,19,0,30,46,13,16,59,23,48,32,38,46,44,9,45,5,16,15,46,9,27,29,38,68,16,4,24,40,44,11,106,15,13,36,58,30,32,32,4,29,34,34,5,24,5,41,35,19,41,27,35,45,39,20,17,14,14,54,25,12,19,90,30,19,35,30,20,35,30,38,17,15,37,24,22,37,42,19,9,19,32,30,38,91,38,32,30,30,38,25,40,24,35,8,35,24,35,40,4,35,4,41,36,31,38,42,41,37,28,6,56,35,21,2,13,31,35,24,55,37,20,28,11,3,17,0,16,18,20,11,13,28,16,12,9,45,34,24,20,24,20,33,16,29,24,16,24,6,32,23,105,18,44,15,12,44,31,33,10,22,12,15,20,27,21,16,20,25,13,13,12,40,6,7,17,35,5,28,27,89,20,28,28,16,31,5
18,98,29,30,18,10,35,26,30,21,11,39,28,11,35,22,35,24,15,16,17,34,16,29,13,38,40,8,14,22,16,16,7,11,65,16,19,33,45,6,42,14,12,47,23,15,19,4,19,16,17,36,21,53,29,36,23,24,43,18,16,31,41,16,22,58,8,21,29,15,12,15,28,17,30,33,30,12,56,13,17,22,17,17,26,22,31,51,15,15,15,17,20,20,16,39,15,60,20,21,18,41,18,15,63,67,16,47,44,5,28,20,17,15,17,42,16,31,47,17,16,14,37,18,16,16,124,18,49,50,16,21,61,32,19,39,23,20,15,16,13,22,26,18,29,27,14,21,18,12,24,28,16,18,27,52,22,21,28,4,21,19,32,12,16,28,43,14,12,50,20,49,25,33,44,42,16,47,17,10,8,47,13,25,25,36,61,7,15,17,35,36,17,97,11,7,22,53,22,28,32,18,24,36,34,18,22,17,44,29,10,39,23,35,40,37,15,22,15,4,53,22,11,17,83,22,18,31,31,13,24,31,35,7,8,30,23,21,41,43,22,17,16,33,30,32,86,41,27,31,24,33,24,34,15,26,17,24,11,34,38,18,30,15,42,39,31,37,37,34,35,27,16,57,34,13,17,6,27,34,24,50,35,21,30,16,17,8,16,0,13,18,6,15,22,20,18,16,41,30,18,17,24,15,28,11,32,23,20,19,17,31,22,102,18,38,7,19,41,31,28,16,19,14,10,8,22,18,1,15,21,18,6,17,36,16,16,6,39,15,21,20,87,9,21,30,9,24,18
20,98,36,29,18,14,35,30,29,20,17,41,29,16,38,26,34,25,18,16,19,32,19,30,15,40,41,13,16,21,20,18,13,16,64,18,20,33,45,13,42,18,16,48,23,16,20,13,21,15,19,35,18,54,29,36,21,20,41,20,19,32,42,19,26,59,13,24,33,15,19,17,26,17,35,33,35,18,56,19,20,23,17,18,25,27,32,49,14,19,19,19,18,20,19,41,15,58,20,25,21,39,19,16,64,67,18,47,44,14,28,24,20,18,17,45,16,33,44,20,17,18,39,16,18,17,127,18,51,49,17,26,60,31,19,41,24,20,17,23,12,24,26,19,32,28,16,23,21,12,25,26,16,19,27,49,21,24,29,15,22,21,30,16,18,29,40,18,4,50,21,49,29,34,44,41,20,46,20,11,13,50,15,23,24,35,61,14,17,6,35,36,19,99,15,14,34,54,27,27,31,19,24,38,36,19,22,20,44,33,11,38,26,34,40,35,7,20,17,14,52,23,16,19,85,28,19,30,32,19,32,28,32,14,14,33,24,24,42,38,26,20,19,31,30,34,77,42,26,28,27,33,22,35,24,31,20,32,18,36,38,19,30,17,41,39,30,36,39,37,33,28,18,56,32,12,17,14,27,36,23,55,33,19,27,19,20,14,18,13,0,19,14,18,24,22,21,18,40,28,20,19,22,15,29,9,31,24,21,21,17,31,24,104,15,38,16,21,41,28,29,18,18,16,13,17,26,17,4,12,22,22,15,24,35,18,17,15,40,16,25,22,90,16,20,31,12,25,20
21,94,33,27,19,17,30,29,37,21,18,40,30,18,39,24,41,22,16,18,16,38,20,25,18,36,36,19,19,25,21,19,19,19,66,19,17,27,40,15,41,18,20,49,21,19,18,19,21,16,18,33,17,53,29,39,20,23,44,19,18,29,39,19,19,60,19,17,31,14,19,20,25,18,34,35,33,18,60,16,21,20,20,20,19,20,21,47,20,16,16,21,20,20,18,39,18,57,19,28,21,40,19,20,64,70,19,49,46,20,30,24,19,17,17,47,19,26,35,20,16,17,32,20,19,21,129,19,51,48,20,18,58,33,22,39,17,26,21,20,16,30,26,18,29,31,19,21,22,19,17,24,22,21,27,47,17,21,31,19,19,21,36,16,20,26,38,13,18,55,21,44,31,35,41,32,19,40,20,18,16,41,20,21,26,31,65,18,19,19,36,41,19,102,17,18,36,53,29,27,28,20,28,30,31,21,22,21,39,34,19,39,22,27,42,36,17,21,19,18,50,24,17,15,86,30,19,28,32,17,34,26,38,16,20,38,27,17,39,36,19,19,18,24,24,37,89,37,24,27,27,35,18,38,22,32,19,34,22,30,36,20,30,20,40,35,34,33,43,39,32,25,19,53,33,22,19,18,29,31,19,54,33,22,25,21,21,19,20,18,19,0,18,17,26,18,21,18,43,34,21,16,22,18,24,20,29,21,18,18,20,25,15,105,17,41,20,17,34,26,29,18,15,17,18,17,25,18,19,19,23,21,19,21,34,18,18,16,35,20,24,20,86,19,27,30,20,27,20
12,96,30,22,12,10,35,25,25,19,9,40,27,10,35,21,34,22,11,13,11,33,11,28,6,36,38,4,8,22,11,13,2,9,64,10,18,32,44,4,41,9,9,45,22,11,12,4,13,10,13,37,20,52,29,36,21,23,40,13,17,32,42,11,20,59,4,22,30,11,10,9,26,16,30,30,30,1,52,14,10,23,10,11,25,23,30,50,9,14,13,11,15,17,12,38,10,57,14,19,13,40,16,11,66,65,10,45,38,4,22,18,13,8,16,39,12,29,45,12,12,12,35,12,11,10,123,16,46,48,10,19,58,30,13,39,20,15,8,14,8,22,20,13,26,29,14,20,13,15,21,22,19,12,26,49,21,20,23,6,22,13,31,12,11,26,40,12,12,48,21,48,22,32,43,41,9,46,12,9,4,48,5,16,18,35,61,6,11,18,29,39,14,97,10,2,26,52,23,21,29,11,18,34,32,12,22,12,42,27,8,36,25,34,34,35,16,21,15,4,53,21,9,16,83,23,18,31,33,14,25,30,34,10,4,30,23,22,39,42,20,13,16,32,29,35,87,39,26,30,23,27,22,35,17,27,13,25,12,34,36,11,24,9,40,36,32,36,34,34,34,27,11,54,32,15,11,2,24,34,22,50,34,22,28,13,12,6,11,6,14,18,0,15,21,17,11,11,41,29,17,15,23,14,27,11,29,25,17,18,10,30,21,102,16,33,4,15,40,29,26,12,16,11,7,8,21,17,11,13,19,16,2,16,35,11,10,10,37,10,20,22,88,10,17,29,9,23,11
15,94,41,28,13,20,32,30,36,15,14,40,28,15,40,25,36,22,10,16,13,38,14,24,15,35,36,17,16,22,12,17,16,17,66,14,15,29,43,17,38,14,15,48,22,14,12,16,14,15,9,31,15,52,28,40,21,25,47,13,19,31,41,14,25,63,17,22,31,17,13,14,23,14,35,37,36,13,62,18,14,24,13,15,20,24,25,47,16,18,12,14,19,20,10,39,14,60,13,30,14,39,21,16,64,72,12,51,48,17,29,23,13,12,19,44,20,26,40,13,18,14,34,14,13,14,131,20,52,46,14,19,59,34,13,44,18,25,14,16,17,28,30,11,30,31,17,17,15,20,20,27,24,12,28,52,21,24,34,13,21,14,36,17,13,28,43,9,17,58,23,44,33,36,44,41,11,45,14,12,17,48,16,24,27,35,68,11,14,22,38,43,4,105,14,16,37,55,28,29,32,14,27,32,31,12,21,14,39,33,16,40,21,25,41,38,21,18,13,15,54,24,13,15,88,27,15,27,30,19,35,28,37,16,17,36,24,22,38,36,17,13,17,28,27,37,90,36,28,24,28,37,25,37,22,31,13,35,22,36,38,14,33,14,32,35,32,36,39,38,29,25,12,55,34,21,13,15,30,36,17,55,35,20,24,14,14,16,13,15,18,17,15,0,26,17,14,14,41,34,22,16,20,9,27,14,28,18,16,22,13,22,17,104,16,43,16,18,34,32,29,9,19,12,13,19,25,18,14,15,24,14,16,17,37,14,14,15,36,15,25,23,88,17,26,28,16,27,12
29,93,28,15,28,22,22,15,24,24,21,36,18,24,22,4,25,17,25,17,26,25,28,34,25,31,34,21,20,20,28,28,21,20,62,26,27,23,34,23,43,25,19,37,24,20,28,22,29,22,26,31,28,41,30,26,17,13,40,29,25,30,40,27,23,58,20,30,32,27,23,27,23,23,22,14,22,22,45,23,25,15,27,28,23,25,17,48,29,22,24,27,21,19,26,23,27,53,28,13,29,32,19,27,63,60,26,39,39,23,25,26,29,24,22,22,16,24,36,29,20,23,37,28,27,27,118,19,37,36,26,28,56,26,29,37,27,10,27,30,21,17,24,26,30,27,20,27,29,26,27,19,25,28,29,48,23,12,23,23,22,29,23,21,28,12,40,24,26,43,19,44,21,17,32,37,26,47,28,22,23,42,26,19,11,27,54,22,28,22,26,36,28,92,15,22,25,41,6,18,27,28,23,33,32,28,25,28,41,14,22,32,25,25,33,34,26,27,25,21,49,18,21,25,76,6,22,25,37,23,19,27,29,20,20,29,25,30,34,41,28,29,25,32,30,34,81,34,23,23,2,26,26,26,30,10,29,19,22,39,26,28,24,27,33,37,20,32,21,36,25,20,27,52,29,21,28,21,28,39,27,43,31,26,34,26,28,21,28,22,24,26,21,26,0,30,28,26,35,21,12,19,18,19,25,25,22,25,28,21,26,24,30,98,25,33,23,28,31,23,27,26,24,26,20,25,4,18,24,21,12,30,22,31,33,27,25,21,39,27,22,21,82,23,15,28,23,8,28
14,97,41,33,14,21,35,32,39,17,18,40,32,23,42,29,39,24,13,21,18,38,17,22,14,39,43,16,21,28,15,14,16,20,68,15,19,34,44,15,40,16,17,49,25,15,15,17,15,17,14,35,24,55,32,39,25,26,48,16,17,33,44,15,26,67,16,6,35,14,14,13,28,16,38,40,38,17,64,20,14,24,15,14,21,26,31,50,16,20,16,15,22,18,12,42,16,60,8,32,15,39,23,12,67,75,16,53,50,17,34,26,16,16,21,47,23,30,47,16,24,16,39,14,15,16,135,17,43,52,13,25,61,32,16,46,16,25,16,15,19,32,32,16,26,35,20,21,16,22,18,29,26,17,29,56,26,28,34,20,23,15,36,22,16,29,47,15,19,60,24,50,32,40,48,42,16,43,16,20,15,48,16,28,27,40,69,19,16,23,40,45,16,107,18,17,36,60,30,32,30,17,29,38,38,17,19,15,43,32,19,43,23,33,46,23,22,21,21,17,58,23,18,18,91,32,22,30,34,20,38,33,37,19,17,40,29,6,41,45,23,16,17,29,31,40,93,42,27,26,30,38,13,41,23,32,16,38,23,32,40,17,36,14,34,28,36,39,39,42,33,28,17,46,30,25,15,16,32,33,22,55,31,25,27,15,15,19,16,20,22,18,17,17,30,0,4,14,45,34,25,20,24,22,27,18,30,26,15,24,16,34,17,105,19,45,18,10,39,31,26,12,22,14,14,20,28,24,18,21,25,18,16,18,35,16,16,19,41,15,25,20,90,22,29,34,19,26,16
10,99,41,33,11,21,38,30,37,18,14,42,34,22,42,27,38,25,9,19,13,38,12,21,13,40,42,16,20,25,10,14,13,19,69,11,15,35,45,15,41,11,16,51,26,15,7,16,11,16,12,36,24,58,32,43,25,26,48,12,16,34,45,11,26,67,16,10,35,12,10,10,30,18,36,38,36,13,64,20,11,25,10,10,22,26,31,50,10,20,10,10,22,18,9,40,10,60,6,31,11,38,21,12,67,75,13,53,50,16,34,25,12,13,21,46,24,33,47,12,24,13,39,14,11,12,135,17,45,52,10,22,62,32,12,46,23,26,8,14,19,30,32,11,26,33,19,18,12,21,24,30,26,13,28,56,23,28,34,18,24,11,36,20,12,30,47,10,19,60,23,50,31,40,48,45,9,43,12,18,15,49,10,28,27,39,69,19,11,24,40,45,10,107,18,14,35,60,29,32,30,12,29,38,35,13,19,11,44,32,19,42,26,34,46,27,22,22,17,16,57,23,16,19,91,30,23,33,35,20,37,33,37,18,15,38,29,10,40,45,24,12,16,31,32,40,93,41,27,28,30,38,13,40,24,32,12,37,23,34,40,12,36,9,42,30,37,39,39,42,36,28,13,48,30,24,11,13,32,35,23,55,32,24,29,14,11,18,12,18,21,21,11,14,28,4,0,8,42,34,24,19,23,19,27,16,30,27,17,24,12,32,20,109,18,45,15,14,42,31,26,12,23,11,14,19,26,24,16,20,25,13,13,16,35,13,13,18,40,10,26,20,89,21,28,31,18,26,13
12,93,36,32,8,18,36,31,35,19,12,39,31,20,39,27,36,23,8,15,7,36,8,25,12,33,40,14,18,25,6,9,10,17,68,8,16,32,43,12,37,8,13,47,23,15,9,14,12,17,8,32,18,56,34,39,22,22,46,11,15,33,42,10,26,63,14,20,32,11,8,10,26,14,35,34,34,8,62,20,7,24,9,10,26,26,30,45,8,20,7,8,21,18,8,39,6,58,14,27,12,38,20,10,62,73,10,51,48,14,32,23,11,8,19,42,22,29,45,11,22,11,35,11,10,10,133,17,52,49,7,18,59,32,9,43,17,23,9,11,18,26,30,10,27,32,17,17,11,20,19,26,24,8,28,54,17,26,33,16,23,12,34,16,9,30,45,10,16,58,23,45,30,39,46,43,5,40,12,16,14,45,10,26,26,40,67,17,7,21,39,43,12,105,15,12,34,58,26,31,29,8,26,33,30,8,17,10,40,33,18,40,24,33,44,37,19,21,11,14,53,24,12,16,89,27,19,32,31,20,35,29,37,16,12,35,24,20,37,39,18,11,17,31,28,39,90,38,29,30,30,37,22,38,22,33,11,35,22,32,41,8,34,10,40,37,35,37,41,40,36,26,8,53,30,19,8,10,30,32,19,53,33,21,25,10,10,16,9,16,18,18,11,14,26,14,8,0,41,32,22,17,23,19,30,14,29,23,17,24,9,31,22,105,17,43,12,14,41,28,27,8,21,7,12,19,27,20,14,17,25,13,10,13,35,9,7,16,36,6,26,24,88,20,25,25,15,30,10
46,91,34,30,46,42,35,36,37,40,41,33,31,43,34,35,39,38,40,37,44,32,45,53,44,41,44,41,42,36,44,42,40,42,60,43,40,37,21,43,50,41,41,36,43,41,47,42,47,43,40,27,43,43,44,39,40,34,39,46,44,32,32,45,47,54,41,46,46,38,44,41,39,38,32,25,32,43,45,45,41,32,44,44,45,46,37,46,41,43,42,44,39,36,42,37,43,56,46,35,47,28,42,42,55,59,44,43,47,43,42,44,46,40,44,47,40,40,38,46,44,37,45,43,44,43,115,35,34,43,43,45,52,35,47,37,45,34,41,46,42,23,44,40,39,40,42,48,46,42,43,43,40,46,42,45,42,41,32,41,34,47,32,43,45,37,29,37,40,46,44,44,40,32,30,34,40,52,45,40,42,39,43,42,37,34,47,41,45,42,34,36,44,87,41,41,35,45,24,35,37,45,42,46,41,46,43,45,45,37,41,38,40,35,46,38,40,43,44,41,47,41,42,42,76,24,40,38,47,44,38,40,34,42,40,31,43,46,43,49,44,46,39,44,43,38,84,42,43,38,37,34,43,34,43,35,46,38,40,42,36,45,39,41,27,38,39,43,30,27,38,28,43,50,36,39,45,41,42,42,43,38,41,44,47,44,45,42,45,41,40,43,41,41,35,45,42,41,0,32,38,40,34,41,39,41,39,42,47,43,43,36,45,100,36,42,41,47,37,38,38,40,38,42,40,41,35,38,40,39,37,49,42,47,36,44,42,42,45,43,47,40,74,43,36,40,41,32,46
36,88,26,18,33,27,28,23,29,27,28,34,15,29,26,21,19,25,28,25,35,6,34,39,32,32,36,28,27,29,32,34,28,29,62,33,28,26,32,29,43,33,24,29,27,24,35,30,35,24,30,28,30,41,31,21,25,25,33,35,33,23,37,33,30,56,28,33,27,31,27,34,25,27,18,24,17,31,49,31,34,22,32,34,30,29,22,42,34,31,32,32,29,23,33,35,32,46,34,16,35,29,24,34,61,55,32,33,41,30,27,32,35,31,24,35,24,24,36,35,30,28,39,32,33,33,118,23,37,37,32,35,51,21,35,33,30,19,35,36,30,19,31,30,31,29,26,36,36,25,31,24,28,34,33,44,29,25,20,30,25,35,11,29,34,22,37,28,29,43,26,40,26,22,31,33,30,45,35,29,29,40,33,27,23,26,52,30,34,25,27,33,36,91,27,29,28,41,20,12,28,34,30,35,33,34,35,35,42,14,28,27,32,26,36,33,28,27,33,30,46,22,26,31,74,21,23,26,31,31,26,26,19,27,27,18,29,33,35,44,32,35,28,32,31,37,81,36,22,25,21,24,30,8,31,15,35,26,26,38,25,34,30,34,28,37,19,35,27,31,31,18,34,48,28,28,33,29,31,38,30,32,32,31,33,32,35,29,34,30,28,34,29,34,21,34,34,32,32,0,23,27,23,27,25,29,21,36,33,28,33,22,33,94,30,33,30,33,32,23,30,29,32,33,28,28,21,15,29,29,22,36,30,37,34,33,32,28,40,33,34,24,78,31,24,26,27,20,36
25,94,29,19,24,16,28,16,23,19,16,35,20,19,29,12,27,16,21,11,22,27,24,31,21,32,35,17,18,14,24,24,16,17,63,22,22,26,40,17,45,21,13,39,20,14,24,16,25,17,22,31,22,41,26,30,13,20,40,25,22,30,41,23,21,58,17,25,27,21,19,23,17,18,24,24,24,18,51,15,21,18,23,24,27,24,23,49,25,18,20,23,19,14,22,31,23,51,24,18,25,30,15,23,63,62,22,41,41,17,25,19,25,20,16,32,15,25,39,25,19,18,35,24,23,23,118,11,42,40,22,24,55,26,25,38,21,15,23,26,19,19,26,23,28,21,15,23,25,20,23,19,23,24,25,49,20,15,26,19,21,25,25,15,24,17,39,18,20,47,14,44,20,23,34,38,22,46,24,18,17,44,22,17,14,28,56,17,24,18,31,38,24,92,12,18,24,37,16,19,26,24,22,30,28,24,23,24,38,22,17,32,26,25,37,28,20,23,22,15,49,16,16,19,80,16,16,19,33,15,25,27,30,14,15,31,20,25,35,39,22,25,21,30,26,33,83,36,21,23,14,31,21,26,24,20,25,25,18,36,29,24,28,23,31,37,25,32,29,35,24,18,23,53,24,15,24,17,25,36,28,43,31,21,31,22,24,18,24,18,20,21,17,22,12,25,24,22,38,23,0,15,13,13,26,19,21,26,24,17,22,25,26,97,20,36,17,24,33,23,25,22,19,22,18,17,12,13,18,16,5,26,18,27,29,23,21,15,35,23,22,16,83,17,14,24,17,16,24
20,93,35,28,19,16,32,23,30,18,13,41,24,18,32,19,33,15,15,15,19,31,20,28,16,35,37,15,12,21,17,19,15,12,66,18,10,31,40,16,40,17,12,40,18,10,20,16,19,15,17,33,19,50,28,33,20,22,42,19,19,32,42,19,23,61,15,23,28,17,12,19,23,15,29,30,29,16,57,16,15,22,18,17,26,24,26,49,20,16,16,16,18,15,18,34,18,55,17,26,19,38,11,17,63,66,18,46,43,17,28,21,19,16,11,37,16,27,43,19,19,14,33,19,19,19,128,16,48,48,17,22,56,29,21,39,19,19,20,20,16,21,25,17,26,27,7,16,21,20,20,22,24,20,27,53,22,20,30,17,20,19,29,15,20,23,44,14,19,53,22,45,28,31,43,42,17,46,18,13,16,43,17,22,23,34,64,15,20,24,35,43,19,100,14,15,32,49,20,26,28,20,22,32,30,20,22,20,41,27,15,36,25,30,40,35,21,21,19,16,53,20,15,16,83,21,13,29,29,16,30,29,31,14,14,29,21,23,39,41,20,19,14,31,24,35,90,38,24,27,22,32,20,33,22,26,19,30,20,36,37,20,31,19,38,35,26,38,34,36,33,24,19,53,28,18,19,15,24,36,22,48,31,23,27,17,20,15,20,17,19,16,15,16,19,20,19,17,40,27,15,0,21,11,23,19,30,24,14,19,18,27,21,100,18,39,17,21,38,27,23,15,17,18,12,18,19,15,19,12,18,22,16,21,32,17,17,15,37,18,21,20,89,19,20,28,16,22,18
27,90,34,23,23,23,27,23,29,19,23,28,23,22,33,16,29,18,19,15,25,27,25,31,26,33,36,22,23,14,21,25,22,22,64,24,21,25,32,24,42,24,16,41,21,16,27,24,25,21,22,23,21,46,30,31,12,19,45,24,23,28,39,23,26,61,22,24,31,22,23,25,14,19,27,30,26,24,55,22,25,13,22,25,17,29,23,43,25,25,22,21,23,13,21,35,21,50,23,22,25,26,21,26,61,65,22,44,45,25,29,23,24,20,21,38,20,22,36,26,25,19,36,22,24,24,124,10,43,40,23,25,53,23,23,39,21,20,25,27,22,21,30,23,29,27,21,28,27,24,23,25,26,24,28,49,20,22,30,23,19,25,25,23,24,22,39,18,22,50,21,39,25,29,39,39,20,43,25,23,24,43,25,26,18,33,55,20,23,24,35,40,23,95,19,23,30,45,20,25,22,25,26,31,30,24,27,26,38,26,23,35,26,22,39,24,23,20,22,22,47,17,18,20,84,21,19,17,33,22,29,23,32,22,21,33,25,24,36,38,22,24,22,27,23,34,84,36,23,22,21,35,23,28,24,25,23,29,23,36,32,25,32,25,30,32,26,34,33,37,27,15,24,46,21,18,23,23,27,36,23,44,28,23,30,23,26,23,24,24,22,22,23,20,18,24,23,23,34,23,13,21,0,18,29,21,24,28,29,24,23,23,23,96,23,40,25,26,32,23,27,21,25,23,24,23,17,16,20,20,13,28,24,28,27,22,22,23,36,24,26,16,82,23,19,25,21,17,25
20,95,33,27,21,18,34,23,30,19,13,37,21,14,34,19,32,22,17,13,18,31,21,25,18,34,37,14,17,18,20,23,13,17,65,18,16,28,40,16,42,17,12,40,21,11,19,15,20,11,17,31,25,47,19,31,11,18,45,20,19,31,42,19,20,61,14,25,29,19,15,19,22,17,22,31,23,15,58,14,18,20,19,18,20,23,25,48,21,14,18,18,19,11,17,34,19,56,20,25,20,38,17,21,66,65,18,45,44,16,27,19,20,16,10,39,17,27,43,19,19,16,34,20,18,19,125,12,47,43,18,21,59,25,22,41,23,19,19,20,16,23,26,17,28,23,9,16,18,16,23,25,20,21,24,54,15,19,33,15,22,20,29,11,20,25,45,14,15,54,18,47,27,30,41,37,17,43,19,13,16,46,18,26,23,31,63,15,21,17,34,41,11,99,9,15,31,48,23,28,27,21,23,33,30,21,24,17,40,28,15,39,24,25,39,35,19,21,18,14,52,10,12,13,83,22,12,24,33,14,29,29,28,10,14,31,21,25,37,38,23,20,19,30,25,33,87,37,13,22,21,33,24,29,19,26,20,29,18,34,36,21,30,19,36,38,29,35,34,35,31,22,18,55,32,14,20,14,25,34,20,48,32,22,28,19,17,15,20,15,15,18,14,9,19,22,19,19,41,27,13,11,18,0,22,14,24,22,16,16,19,21,18,99,18,38,16,19,34,19,25,16,20,18,13,14,19,9,13,14,17,19,15,21,33,18,18,11,34,19,20,15,86,14,19,28,13,22,17
32,94,34,27,31,27,31,27,38,29,28,37,28,26,36,23,34,26,27,26,31,29,34,36,29,37,35,27,27,32,29,31,27,28,67,31,28,29,41,27,40,30,27,43,30,27,29,28,32,29,27,33,28,51,30,33,31,30,39,33,33,28,38,32,27,59,27,28,32,28,27,31,26,28,31,37,31,27,59,23,30,27,31,31,27,31,21,46,32,28,28,32,29,25,25,35,31,53,30,28,32,37,25,31,59,67,31,47,40,29,29,32,33,30,27,44,27,30,38,33,29,28,37,31,30,32,128,22,46,43,30,29,57,23,33,37,31,27,32,31,27,28,31,28,22,33,26,32,30,27,29,26,26,34,30,48,29,23,31,28,25,32,27,27,33,26,43,24,31,52,29,41,30,31,40,41,27,42,31,22,27,42,30,27,28,31,65,27,33,26,35,42,30,102,25,27,35,53,26,28,28,34,27,39,38,34,26,31,45,29,27,38,29,28,39,37,31,27,31,27,48,24,28,28,83,27,25,32,33,23,32,28,33,26,27,34,28,28,39,38,32,33,28,33,27,35,89,36,24,24,25,30,24,34,23,29,33,32,29,37,36,34,28,31,34,39,30,35,36,34,34,23,31,50,34,30,32,27,28,37,27,45,34,30,29,31,31,27,33,28,29,24,27,27,25,27,27,30,39,25,26,23,29,22,0,31,19,23,31,24,30,24,32,100,30,36,29,30,36,26,31,26,31,29,24,29,23,21,28,28,26,32,28,32,37,33,32,26,41,31,32,26,87,28,28,35,28,25,31
18,96,36,29,18,14,37,27,31,20,16,39,29,16,35,23,32,25,15,13,16,33,18,29,15,36,38,11,13,20,16,16,10,13,65,16,18,33,42,6,42,14,13,48,22,15,19,11,19,8,15,34,22,54,28,31,22,22,40,20,16,31,41,16,24,61,11,21,33,13,16,15,26,16,32,30,32,15,57,19,17,21,17,17,26,27,31,48,15,19,16,17,19,17,15,41,15,61,20,25,18,37,20,17,65,66,16,48,43,11,28,22,15,14,14,44,16,29,42,17,17,14,36,18,16,16,127,17,50,49,16,22,58,31,19,40,24,20,16,19,13,22,25,17,31,29,17,13,18,16,25,27,17,18,25,51,19,24,27,9,19,19,31,16,16,28,42,11,11,53,21,46,26,34,44,43,14,48,17,11,11,50,14,24,24,36,61,10,15,11,35,36,18,98,11,10,32,54,27,27,29,14,21,34,32,18,24,17,42,31,13,40,24,33,40,33,9,21,14,12,52,22,14,18,86,27,19,28,35,19,30,26,34,12,11,33,23,21,39,38,22,15,15,30,27,35,82,39,26,29,27,32,21,35,21,31,15,30,16,37,38,14,31,15,40,39,31,37,37,35,34,27,15,54,30,15,17,11,25,37,23,49,33,23,29,15,17,10,16,11,9,20,11,14,25,18,16,14,41,29,19,19,21,14,31,0,31,27,19,21,17,29,22,103,17,39,9,18,40,31,28,15,18,16,8,15,23,17,1,10,21,18,11,20,36,15,15,14,37,15,24,22,87,16,22,25,8,25,18
32,89,31,24,29,28,30,27,33,20,27,36,22,31,35,23,30,27,27,24,31,27,27,33,31,35,37,28,28,28,27,29,28,29,64,30,27,29,38,29,39,31,23,39,28,23,31,27,28,28,29,28,30,48,36,35,17,25,43,30,28,29,37,28,30,57,28,31,36,28,28,30,26,27,26,30,25,30,57,32,33,23,25,30,27,31,26,45,28,32,28,28,27,24,29,39,28,54,27,25,28,33,25,30,59,64,29,43,38,27,33,26,30,30,28,41,26,27,38,29,30,25,39,26,29,27,126,24,44,32,29,34,50,24,31,38,28,26,31,27,30,26,28,32,31,29,27,30,33,32,28,28,27,31,36,49,28,27,26,31,24,28,22,30,29,25,39,27,26,51,27,37,27,30,39,36,29,47,28,30,29,41,31,24,25,32,58,30,27,31,32,37,28,98,28,29,33,50,27,26,26,27,27,36,35,31,32,32,41,29,30,35,29,33,42,30,26,25,30,27,49,21,25,30,84,27,24,27,38,32,32,27,31,29,27,31,28,31,35,44,27,30,27,34,25,38,83,37,26,24,25,33,28,29,30,29,29,32,28,39,28,27,34,30,33,36,27,39,33,34,30,25,32,45,28,26,28,29,32,39,31,42,36,27,31,24,32,29,29,32,31,29,29,28,22,30,30,29,39,21,21,30,24,24,19,31,0,28,33,28,31,28,31,99,26,36,30,30,36,25,30,28,28,29,29,32,24,25,31,25,25,35,29,28,33,27,30,30,40,30,32,29,82,28,24,32,29,21,33
25,100,37,33,23,23,36,29,37,30,22,43,28,24,42,25,40,28,26,26,19,40,25,28,26,36,37,27,29,28,25,26,26,29,68,23,28,30,44,25,46,23,26,47,30,25,21,22,25,28,24,35,22,57,35,44,31,32,45,23,25,32,43,25,30,64,27,28,32,26,26,24,28,29,36,39,36,23,61,24,25,28,25,23,26,26,30,49,24,26,24,23,31,30,24,38,24,59,23,30,25,40,28,26,67,75,25,52,47,25,35,30,23,23,25,45,30,27,43,24,30,25,38,26,23,25,133,29,55,46,23,28,63,34,23,42,28,32,22,27,27,29,34,27,34,34,22,27,26,28,29,30,28,24,32,55,22,21,34,22,24,25,38,22,24,29,46,23,25,60,27,48,31,36,44,40,26,48,24,24,27,41,25,29,27,38,68,22,25,26,41,46,18,106,22,26,37,59,29,30,35,25,31,31,33,24,24,25,42,36,27,42,24,33,45,42,27,27,19,21,54,23,24,25,91,28,23,35,29,24,35,28,41,24,27,40,29,28,39,38,29,23,29,31,30,36,90,38,24,27,27,38,28,40,29,36,23,35,23,37,42,25,37,24,43,40,35,34,43,42,36,30,24,60,37,26,24,25,27,40,24,55,37,25,28,25,25,27,24,23,24,21,25,18,25,26,27,23,42,36,26,24,28,22,23,27,28,0,20,28,24,29,19,108,27,37,27,25,44,33,32,24,30,19,26,27,25,25,26,26,26,21,26,28,33,23,23,21,39,22,28,25,87,24,28,23,27,33,24
18,97,38,32,15,20,37,30,38,22,19,44,33,21,42,29,35,21,15,17,12,37,17,23,14,42,43,18,17,27,17,18,18,19,69,15,18,35,47,16,37,16,19,49,22,19,13,18,18,17,15,39,22,54,32,42,24,30,46,17,16,36,46,15,16,66,18,22,32,15,16,17,29,21,33,38,32,17,62,15,15,25,17,16,25,19,29,50,18,15,14,17,22,18,15,39,18,57,14,26,18,43,18,14,68,72,16,52,48,19,32,27,17,16,18,47,21,33,46,17,22,17,40,12,16,17,131,18,47,50,17,21,60,36,17,44,20,26,15,18,17,32,29,16,30,31,17,13,18,21,21,23,25,17,20,56,21,24,32,20,26,18,35,17,16,21,47,19,20,58,16,47,33,36,43,43,17,46,18,20,16,48,17,26,28,38,67,17,16,20,37,44,14,105,18,15,36,56,31,30,32,17,29,40,38,17,24,18,46,29,18,39,28,33,43,36,23,23,16,17,55,25,19,16,89,31,19,32,35,13,32,34,41,19,19,40,30,22,44,41,27,17,20,34,30,39,91,45,29,30,29,37,26,40,23,32,17,32,24,37,35,17,32,16,43,41,34,37,37,37,33,30,17,58,36,22,15,17,29,36,23,49,35,21,29,14,18,17,16,20,21,18,17,16,28,15,17,17,47,33,24,14,29,16,31,19,33,20,0,18,16,31,21,109,20,42,16,11,41,30,33,18,23,15,15,19,29,22,20,16,17,13,18,19,39,18,16,16,37,17,20,26,91,19,30,27,19,28,17
26,94,32,27,23,19,33,24,32,21,18,38,21,17,25,23,32,21,21,19,22,32,25,20,21,37,38,16,19,26,24,25,16,20,65,23,23,31,45,18,33,22,18,42,19,18,21,19,26,14,21,36,24,47,24,33,22,28,42,25,23,33,42,23,4,60,16,24,24,22,19,24,24,20,29,33,28,19,56,8,22,24,23,24,22,16,28,48,25,8,21,24,20,20,23,39,23,51,22,26,26,39,15,24,65,66,22,45,42,20,25,22,25,21,15,40,17,30,41,25,16,21,33,19,24,24,124,21,38,48,24,26,60,31,25,39,23,21,25,26,16,24,23,19,26,28,17,27,26,20,24,20,16,25,19,51,23,12,29,19,24,26,30,14,24,18,42,19,21,52,13,43,30,29,39,39,23,44,26,19,18,45,22,18,25,33,62,18,24,18,32,40,24,98,10,18,34,47,23,27,24,25,27,35,32,25,24,26,43,22,16,39,23,29,38,34,22,22,24,18,52,20,16,17,79,24,18,28,32,12,27,26,32,11,17,35,23,24,40,40,24,25,22,30,25,36,88,40,20,23,23,33,21,34,26,25,25,27,16,36,28,25,26,24,40,35,32,33,34,33,30,27,25,51,32,22,23,18,22,36,22,43,31,24,28,24,26,18,24,19,21,18,18,22,21,24,24,24,43,28,17,19,24,16,24,21,28,28,18,0,24,29,24,100,22,35,20,19,36,23,26,22,21,21,19,17,23,15,20,19,12,21,19,27,35,25,23,13,35,25,14,21,89,19,22,29,19,21,25
7,96,41,32,3,19,37,31,34,21,11,42,32,19,41,27,38,24,9,17,9,37,4,25,12,32,36,14,19,25,5,10,12,17,66,3,17,32,44,13,38,6,14,49,24,17,6,15,5,14,10,34,21,58,35,41,23,23,46,9,16,32,42,2,26,64,14,20,32,10,10,5,27,17,33,36,32,11,62,20,9,23,8,6,25,26,31,48,5,20,8,5,21,19,8,38,7,59,12,30,3,39,21,11,65,73,4,50,48,14,32,20,7,3,20,43,22,28,44,4,22,14,32,12,5,6,134,21,54,50,6,17,60,34,4,46,18,25,7,8,18,28,30,11,33,32,18,16,5,20,20,27,24,3,28,54,21,25,33,17,22,5,35,18,6,30,45,12,15,58,23,46,32,38,46,42,8,45,3,15,14,46,8,26,28,38,67,15,6,23,39,43,11,105,15,12,36,58,28,31,32,7,28,32,29,3,24,3,39,33,18,40,23,34,44,37,19,18,14,13,52,26,11,19,87,28,19,34,30,20,35,28,38,17,14,36,22,20,35,42,17,7,17,33,30,37,90,36,30,30,28,37,25,39,23,35,6,35,20,33,40,7,34,4,42,38,31,36,42,41,37,29,4,56,35,20,1,12,30,33,22,54,35,22,27,9,4,16,6,17,17,20,10,13,26,16,12,9,43,33,22,18,23,19,30,17,31,24,16,24,0,32,23,106,16,43,14,14,44,29,33,10,21,7,14,16,27,21,15,19,25,11,13,10,40,6,4,17,33,3,26,26,89,19,27,28,16,31,5
33,86,29,25,33,32,28,25,36,24,29,38,27,33,30,24,35,24,26,25,29,26,33,36,32,29,29,29,32,30,31,36,28,32,58,31,21,29,28,32,45,30,27,41,30,28,32,31,35,30,31,31,33,48,28,32,29,26,38,35,30,19,27,31,31,54,29,33,37,30,30,32,26,21,23,34,22,30,58,28,30,23,31,33,31,30,24,45,34,30,30,32,29,26,26,33,30,53,30,27,35,34,25,34,57,65,30,46,44,32,30,29,35,27,28,43,27,20,36,34,32,24,37,32,32,32,126,27,44,42,31,29,55,24,34,28,28,25,32,33,32,24,31,28,22,25,26,29,31,30,30,24,32,34,28,45,28,27,30,31,20,35,25,27,32,22,36,23,31,53,30,36,30,30,38,28,29,38,34,28,32,40,33,28,30,30,61,31,33,31,30,41,26,100,25,31,37,50,26,28,30,33,29,29,32,34,28,30,39,30,30,39,27,23,39,38,32,24,30,30,42,24,28,23,84,25,23,24,33,28,33,26,30,26,28,30,30,33,31,40,27,35,27,31,20,35,80,30,23,28,25,28,29,30,31,28,34,33,30,36,31,33,33,32,34,37,31,33,35,32,30,24,30,45,27,31,32,30,30,36,26,45,28,29,29,31,30,31,32,31,31,25,30,22,24,34,32,31,36,22,25,27,23,21,24,29,28,29,31,29,32,0,25,99,30,35,32,31,25,25,29,29,32,29,28,30,24,24,28,24,26,31,31,34,35,32,31,28,35,32,29,23,78,33,26,27,30,20,30
23,97,43,32,23,24,35,32,40,21,22,44,31,23,43,28,40,23,21,19,18,37,24,30,24,38,40,23,21,25,24,25,22,23,68,22,20,33,47,23,43,22,22,52,27,22,21,22,24,24,21,36,16,55,32,43,25,26,49,24,25,32,45,22,26,66,23,15,29,19,23,22,26,20,38,38,38,21,66,17,24,27,22,23,19,27,30,46,23,17,19,23,23,23,23,41,21,62,16,34,24,42,24,24,71,75,23,54,52,23,30,30,24,20,25,49,23,29,45,25,22,21,38,22,20,22,134,24,49,47,22,20,61,38,23,45,26,28,22,24,22,32,34,20,25,33,25,24,23,23,28,30,30,23,30,55,23,23,39,22,24,24,35,19,23,27,46,17,24,62,25,47,37,39,47,42,22,45,24,21,23,51,23,29,31,37,69,22,24,28,40,46,15,108,18,22,41,60,32,33,35,24,29,35,35,23,20,24,42,36,23,44,20,28,41,32,24,22,17,21,55,28,20,17,92,30,16,31,32,16,39,27,41,21,23,41,28,15,41,39,25,24,20,34,28,38,94,39,28,27,32,38,17,39,24,34,23,39,26,35,38,24,35,22,36,35,34,32,38,41,34,27,22,49,29,24,23,21,35,35,27,56,32,23,27,24,24,23,23,22,24,15,21,17,30,17,20,22,45,33,26,21,23,18,32,22,31,19,21,24,23,25,0,107,25,44,23,18,38,35,28,23,25,20,21,25,28,20,21,20,24,23,22,25,38,23,23,20,37,23,27,20,92,17,29,31,22,30,23
109,72,98,98,106,99,100,98,104,99,101,99,94,102,98,98,97,101,100,98,108,96,106,109,105,103,105,101,101,99,104,107,101,101,84,106,102,102,95,102,110,106,93,89,101,93,108,100,108,101,103,97,104,92,104,95,98,102,98,108,104,93,85,106,103,96,101,104,99,104,101,107,95,102,92,99,91,104,99,101,107,100,104,107,104,104,101,102,107,101,105,104,104,93,104,104,104,99,108,100,108,101,97,107,93,84,105,96,95,102,98,103,107,103,99,105,100,96,99,108,101,100,101,104,106,105,120,94,93,91,105,106,83,92,106,92,102,99,108,107,102,98,103,105,103,101,100,110,108,101,104,98,101,107,103,91,104,98,97,102,99,108,94,101,105,100,97,98,104,102,101,83,100,96,97,99,100,100,107,103,102,96,106,101,100,100,100,102,105,104,96,103,107,75,100,102,100,100,97,99,101,105,100,101,106,107,105,108,109,95,101,97,103,100,99,104,104,101,106,102,90,89,99,103,82,98,101,100,101,103,99,97,92,100,100,95,101,104,102,106,104,107,104,102,101,101,89,105,101,100,98,98,104,94,97,95,106,99,101,107,96,105,101,107,92,102,99,102,93,95,100,94,106,83,102,101,106,100,101,104,103,81,100,105,107,104,107,100,105,102,104,105,102,104,98,105,109,105,100,94,97,100,96,99,100,103,99,108,109,100,106,99,107,0,103,90,102,104,100,96,104,100,103,106,103,102,98,95,103,104,97,108,102,108,106,104,105,101,107,106,101,99,77,103,94,106,99,98,109
19,91,35,27,17,17,32,31,32,12,16,38,28,20,38,27,35,22,13,12,16,34,18,24,14,33,36,14,16,20,17,15,14,16,62,15,16,23,43,14,39,13,14,45,19,14,17,18,19,15,11,34,18,53,33,38,19,19,43,18,14,27,35,17,27,59,14,20,28,11,15,13,23,15,34,32,33,17,59,21,18,20,16,17,27,26,27,47,15,21,11,17,16,17,17,39,17,51,16,24,19,34,20,11,66,69,17,46,45,18,28,25,18,13,19,44,15,27,42,18,19,14,31,15,17,15,129,16,49,47,12,23,56,29,20,39,18,21,14,18,17,24,28,16,30,31,15,17,16,17,20,25,17,19,28,42,16,24,30,19,17,19,32,18,18,25,33,14,17,55,23,45,29,37,43,35,17,41,19,17,14,43,17,22,25,32,64,18,17,21,36,37,20,101,16,15,33,55,28,28,27,18,23,33,31,19,21,15,39,31,15,36,21,31,41,35,16,16,14,18,50,22,17,14,87,29,19,31,30,21,32,27,36,16,12,35,24,20,35,41,23,18,11,28,26,32,88,36,30,30,28,33,22,36,24,31,18,32,19,30,36,18,32,15,36,33,31,27,39,36,31,25,13,51,31,18,17,17,25,30,24,51,34,20,30,15,15,15,18,18,15,17,16,16,25,19,18,17,36,30,20,18,23,18,30,17,26,27,20,22,16,30,25,103,0,38,15,16,38,28,28,14,9,14,17,18,27,18,17,15,22,20,17,19,35,16,14,15,32,15,27,23,80,20,23,27,14,28,18
45,83,26,24,44,31,35,40,39,38,38,39,34,33,34,35,40,40,41,36,43,35,44,49,38,39,41,29,30,40,44,43,31,34,59,43,41,37,43,33,43,42,36,41,37,36,44,38,46,41,43,40,39,43,40,36,39,39,37,46,42,30,31,44,38,52,30,45,40,40,40,42,38,39,40,38,40,39,46,37,43,37,43,43,44,38,40,43,43,37,42,43,34,38,44,41,43,53,44,29,46,41,33,42,61,58,43,38,33,37,30,45,46,41,38,45,28,32,41,45,30,38,44,43,43,43,118,37,38,46,42,46,57,31,46,24,41,31,42,47,33,33,30,41,38,45,37,46,46,37,42,34,37,45,45,44,39,32,26,37,33,46,32,38,44,36,32,41,38,39,39,30,37,34,38,36,43,41,45,36,33,40,39,28,31,34,52,33,44,38,26,38,44,86,35,33,40,43,32,27,40,44,31,44,43,45,44,45,46,37,30,39,43,36,30,45,38,40,41,33,38,37,38,41,79,33,39,36,43,39,35,32,32,38,30,30,42,45,41,41,46,46,39,39,36,36,76,43,37,39,33,28,43,35,44,31,46,35,38,39,30,44,28,42,40,39,38,41,40,35,36,39,44,40,41,36,44,33,31,41,41,42,36,43,43,44,45,32,44,38,38,41,33,43,33,45,45,43,42,33,36,39,40,38,36,39,36,37,42,35,43,35,44,90,38,0,36,43,32,36,41,42,36,43,36,40,35,35,37,36,36,45,32,48,41,44,43,40,40,43,45,39,79,32,30,36,38,35,45
16,98,32,26,16,10,37,27,27,18,9,41,28,10,35,23,32,23,13,14,15,34,13,29,10,36,38,6,9,23,15,14,5,11,64,14,20,34,46,12,41,12,11,47,23,12,16,3,17,10,15,37,22,52,30,35,22,23,40,17,19,31,41,14,22,61,6,22,32,13,11,13,28,16,30,28,30,5,55,16,14,22,14,15,27,25,32,52,13,16,14,15,16,18,16,40,14,57,17,20,15,38,18,14,68,67,14,48,40,2,27,18,16,13,17,41,15,29,47,15,15,14,35,14,15,14,124,18,48,49,14,19,58,32,16,39,22,18,12,16,8,21,23,17,28,29,16,21,15,15,23,24,20,15,26,48,22,20,25,5,21,17,32,10,15,28,39,13,13,53,23,48,22,34,45,43,12,48,14,11,10,50,9,20,21,37,63,8,14,20,32,40,16,97,12,3,26,54,25,23,31,13,20,34,32,15,24,15,42,27,6,36,25,36,37,35,17,22,15,12,51,22,9,18,83,25,20,32,35,16,25,28,35,11,6,33,23,22,39,42,20,16,14,33,29,37,88,39,28,32,25,30,24,37,17,29,16,25,12,36,38,13,27,13,40,38,33,38,36,34,34,29,15,56,34,17,15,5,22,36,24,51,36,24,28,14,15,11,15,7,16,20,4,16,23,18,15,12,41,30,17,17,25,16,29,9,30,27,16,20,14,32,23,102,15,36,0,16,42,31,28,15,15,14,2,8,23,19,10,13,21,16,4,16,37,14,14,11,37,14,20,23,88,10,21,29,9,25,15
15,94,39,33,11,21,31,30,35,22,17,43,33,20,40,27,39,27,10,18,13,37,13,22,15,37,37,16,17,24,11,12,16,18,68,11,21,32,44,16,32,13,13,47,23,17,8,16,15,17,8,37,20,53,31,39,22,26,46,15,12,35,46,11,21,65,16,17,30,13,13,14,25,20,37,38,36,15,62,15,13,25,11,13,25,21,29,49,14,15,11,11,22,22,12,39,12,58,9,29,15,39,22,15,64,73,15,51,48,19,32,23,15,14,19,47,24,32,42,14,22,12,34,9,12,12,131,20,48,49,13,18,58,34,14,44,17,28,13,14,18,31,30,12,29,31,21,16,14,21,18,26,24,14,24,54,17,24,34,17,25,15,35,18,12,26,45,12,19,58,19,47,33,36,43,40,12,44,15,17,16,45,15,26,29,38,67,16,12,21,40,43,17,105,16,15,36,55,31,32,30,13,29,37,34,14,23,13,42,29,19,41,25,30,44,32,21,20,11,18,54,24,17,15,88,32,20,30,30,16,33,26,40,17,17,39,27,17,37,40,22,15,17,30,26,38,91,37,31,30,29,38,23,39,23,33,14,33,23,29,34,13,34,13,38,35,33,34,40,42,32,27,13,53,33,24,11,15,29,29,22,56,34,19,26,12,13,18,12,19,21,17,15,18,28,10,14,14,47,33,24,21,26,19,30,18,30,25,11,19,14,31,18,104,16,43,16,0,39,30,30,11,20,13,16,18,26,19,19,19,21,11,16,14,39,12,11,17,36,13,19,26,90,21,30,25,18,26,13
43,84,32,32,43,40,23,36,40,34,41,41,32,40,34,31,37,32,36,34,41,34,45,42,40,40,39,38,39,38,41,43,38,41,61,43,37,34,36,40,45,42,37,39,35,37,40,41,45,41,39,35,40,38,32,36,35,33,42,46,42,29,35,43,41,58,38,40,39,38,40,42,34,33,35,38,35,40,55,37,40,30,40,42,41,37,29,44,43,37,38,41,36,35,40,36,39,49,41,35,45,37,39,42,62,65,41,40,47,42,39,44,46,39,38,47,37,32,30,44,37,34,40,40,42,42,122,36,40,40,42,45,54,35,46,31,39,34,42,47,40,33,36,36,40,39,37,41,44,39,40,37,40,45,42,45,38,36,37,41,32,45,35,39,44,28,35,33,41,48,39,34,37,32,37,26,39,46,44,39,40,38,42,39,35,34,59,40,44,39,31,42,38,96,35,40,39,45,33,33,36,45,42,40,43,45,42,45,40,31,38,40,35,26,42,36,41,39,40,40,44,37,40,36,83,33,35,22,39,37,36,31,37,36,38,38,42,40,41,45,41,46,38,36,34,39,85,40,35,33,31,36,36,33,43,29,46,36,40,37,31,45,37,42,32,34,34,36,36,41,24,32,45,41,36,39,43,40,37,37,41,40,33,40,37,41,45,40,44,41,41,34,40,34,31,39,42,41,37,32,33,38,32,34,36,40,36,44,41,36,44,25,38,100,38,32,42,39,0,36,40,39,39,43,39,43,31,36,39,35,33,40,41,48,35,42,43,38,41,43,40,35,85,40,34,40,40,31,40
34,88,31,24,29,29,28,25,30,26,29,31,26,31,32,24,30,26,27,19,29,29,32,34,31,30,35,28,29,26,24,30,28,28,64,30,27,26,38,29,39,31,22,38,28,22,31,31,32,25,30,26,28,49,34,32,22,25,42,32,27,26,36,30,26,61,28,31,35,28,26,32,21,27,26,31,25,31,56,26,32,24,28,32,27,27,27,47,30,26,28,28,29,18,28,35,28,46,32,26,32,31,25,31,59,66,31,44,46,31,29,30,32,28,26,36,27,22,39,33,28,27,36,28,32,29,125,17,43,40,29,31,55,14,31,37,24,25,33,33,31,25,31,29,24,31,27,31,33,32,26,23,32,31,29,49,27,23,27,31,26,32,25,26,31,27,41,28,28,51,23,40,25,32,42,39,29,42,32,32,27,37,32,28,23,29,60,31,31,25,36,42,33,97,26,29,29,49,21,28,25,32,29,34,32,31,30,32,42,27,29,38,27,28,37,32,26,29,31,31,49,22,26,28,84,22,29,27,32,28,29,25,32,25,27,33,30,31,34,44,33,32,28,34,26,34,80,33,22,30,23,31,30,32,30,27,31,29,29,36,31,32,31,32,31,34,28,33,34,40,30,23,30,48,25,27,30,30,30,36,27,42,33,28,32,28,32,30,31,31,28,26,29,32,23,31,31,28,38,23,23,27,23,19,26,31,25,33,30,23,29,25,35,96,28,36,31,30,36,0,23,28,30,29,31,29,24,23,31,28,20,31,30,34,26,29,28,26,40,30,32,23,86,32,24,31,26,26,32
31,97,32,29,31,23,36,28,34,26,28,35,26,27,37,28,38,25,28,24,33,35,34,36,29,41,40,25,26,27,28,32,25,25,68,32,28,31,44,26,44,31,20,46,24,20,31,25,32,28,30,28,29,51,28,34,25,29,49,33,33,31,44,32,28,61,25,26,30,29,25,31,24,30,32,35,32,28,55,27,28,27,31,31,33,31,31,49,32,27,30,32,29,24,28,38,31,57,22,31,32,30,24,31,68,66,32,46,45,28,31,31,33,31,22,43,26,31,46,33,24,26,38,31,31,32,126,23,42,47,29,35,59,28,33,42,23,27,31,32,27,29,25,31,11,31,23,36,33,26,25,25,26,34,33,54,30,26,35,28,26,32,33,29,33,29,47,26,28,53,31,52,31,36,45,42,30,39,33,28,26,48,30,25,28,30,62,27,33,29,39,43,30,98,26,26,35,51,25,29,29,34,27,38,36,34,17,32,45,31,25,41,26,31,44,22,28,30,30,27,56,19,26,30,86,26,29,29,34,28,32,33,40,26,24,35,31,26,44,41,34,33,30,30,29,36,83,41,29,28,27,39,23,38,28,30,33,32,27,34,37,34,35,31,29,31,32,39,38,42,34,28,34,48,15,26,32,24,29,33,27,51,27,32,27,30,32,24,33,28,29,29,26,29,27,26,26,27,38,30,25,23,27,25,31,28,30,32,33,26,33,29,28,104,28,41,28,30,40,23,0,29,27,32,27,29,28,23,28,29,24,34,27,33,21,33,33,28,40,30,31,26,88,25,27,29,25,28,31
13,91,36,31,11,19,32,30,35,15,14,38,30,19,38,26,35,21,5,18,13,33,9,22,10,33,36,13,17,24,9,9,13,16,65,10,15,30,40,13,36,11,11,47,20,13,11,14,12,15,3,34,21,54,32,34,20,26,45,13,13,32,41,10,24,63,13,19,30,12,8,11,22,14,32,36,33,11,61,18,11,23,9,11,24,23,28,48,11,18,11,10,19,14,9,41,10,55,10,28,12,40,19,9,64,72,10,50,47,14,31,23,13,9,18,43,21,28,45,11,21,9,32,10,11,9,132,14,48,47,9,19,55,27,12,42,16,25,12,10,17,28,29,10,29,33,16,20,11,18,18,25,22,12,27,52,20,24,32,16,22,12,31,17,10,27,43,7,16,57,22,46,31,37,43,40,4,40,12,15,13,42,12,25,27,38,67,16,8,22,38,43,6,104,14,12,35,56,26,30,23,9,28,34,32,12,21,12,41,31,17,39,23,30,43,35,20,17,15,14,54,22,11,13,87,28,18,32,28,18,34,29,34,15,12,36,24,19,36,40,19,13,12,32,26,36,91,38,26,27,26,36,21,35,18,31,13,34,21,30,38,9,33,11,35,31,32,34,37,39,32,22,12,51,32,21,10,13,29,30,20,50,34,19,28,9,12,15,10,16,18,18,12,9,26,12,12,8,40,29,22,15,21,16,26,15,28,24,18,22,10,29,23,100,14,42,15,11,39,28,29,0,19,13,13,16,26,17,15,18,23,14,13,14,36,11,9,15,33,10,24,19,87,19,26,28,16,26,10
23,93,33,26,22,14,34,30,29,19,20,39,29,19,37,26,35,18,17,19,21,36,22,24,14,36,38,14,16,25,22,21,14,11,62,21,20,22,44,14,42,20,16,46,17,16,22,19,24,15,18,37,20,51,32,39,22,21,41,23,20,32,39,22,25,57,14,22,29,16,18,20,25,19,33,32,33,17,56,17,21,23,21,21,30,23,29,49,21,17,17,21,15,19,22,41,21,52,22,22,24,38,21,18,68,66,21,46,43,19,26,25,23,18,19,43,16,30,43,23,17,17,33,20,22,20,126,18,48,49,20,22,59,32,24,37,22,19,18,23,17,24,26,20,30,33,15,19,24,15,23,23,15,23,27,40,19,25,30,20,22,24,34,20,22,24,31,18,19,52,23,47,27,36,42,39,21,43,23,16,14,44,17,20,23,37,61,19,21,21,34,35,23,98,19,15,31,53,27,27,28,22,21,35,34,23,23,23,42,30,14,37,24,31,39,35,18,22,20,19,53,23,20,19,86,28,22,31,33,18,29,29,38,15,13,34,24,22,38,41,25,23,19,30,29,29,87,39,29,33,27,33,23,38,26,30,23,29,18,32,37,22,30,20,39,36,34,31,38,37,31,27,21,53,32,15,22,17,21,33,26,52,34,24,32,20,23,15,22,19,18,15,16,19,24,22,23,21,38,32,19,17,25,20,31,18,28,30,23,21,21,32,25,103,9,36,15,20,39,30,27,19,0,19,17,18,26,19,18,19,21,25,17,24,36,21,20,16,34,21,27,25,84,17,23,30,15,27,22
13,95,39,32,8,18,34,30,36,17,10,40,32,20,41,26,39,23,14,16,11,37,8,24,13,33,37,14,18,23,13,10,12,16,65,9,15,33,45,15,37,9,14,49,22,14,13,14,11,13,9,29,21,57,34,40,21,22,46,12,12,33,43,8,27,65,14,22,30,12,14,11,24,17,34,36,33,11,60,17,10,23,11,12,22,24,30,44,12,17,10,9,20,17,11,37,12,58,10,29,10,34,21,9,63,73,9,48,48,14,30,21,9,8,20,43,22,25,45,9,22,14,33,11,9,10,132,18,54,48,11,18,59,32,9,44,18,25,9,12,16,26,28,13,33,30,16,17,11,18,20,26,22,9,28,53,16,23,33,14,23,11,35,18,12,31,44,13,16,56,20,44,32,37,45,40,12,45,10,16,14,46,13,26,28,34,65,16,11,21,37,40,9,105,13,12,36,57,26,31,32,10,28,33,30,9,19,10,40,34,16,40,19,33,42,38,20,19,11,14,54,23,10,18,87,26,16,33,29,17,35,26,36,16,14,34,23,22,36,39,18,9,15,28,30,36,90,37,29,29,28,37,22,37,21,32,9,35,18,34,41,10,32,11,43,38,30,33,42,38,36,26,8,56,34,19,7,13,30,34,15,53,33,20,25,13,10,14,12,14,16,17,11,12,26,14,11,7,42,33,22,18,23,18,29,16,29,19,15,21,7,29,20,106,14,43,14,13,43,29,32,13,19,0,14,16,26,20,14,18,26,11,12,14,37,9,7,16,34,10,26,23,89,20,27,27,15,30,12
16,96,34,25,16,11,34,26,28,17,9,43,28,14,34,22,34,22,12,14,16,32,14,28,10,37,38,7,10,23,15,14,7,10,64,14,17,32,40,8,40,13,10,47,22,13,17,7,17,13,13,36,21,52,28,33,21,21,36,17,19,31,41,15,21,58,6,21,30,9,12,13,27,15,32,32,32,10,53,15,14,21,14,15,26,23,29,50,13,15,13,15,15,19,14,37,14,58,17,23,17,40,16,14,65,66,14,46,38,8,23,20,17,12,13,39,15,29,44,16,15,10,34,15,14,14,126,18,48,48,14,22,56,31,17,40,21,17,13,16,9,23,21,15,28,30,15,20,17,13,22,24,17,16,26,50,21,21,26,9,21,17,30,14,15,25,41,9,9,51,21,48,26,33,43,41,12,47,16,4,7,49,9,19,20,36,62,9,14,17,30,37,15,98,11,7,30,53,24,22,31,14,20,34,32,16,24,16,42,29,11,35,25,34,35,37,13,19,14,8,50,22,10,17,84,24,17,32,33,15,28,30,33,11,7,31,23,21,40,41,21,17,13,31,27,35,86,39,25,31,22,29,20,34,21,28,17,28,15,35,37,14,25,13,42,36,33,34,36,35,34,27,15,54,33,16,15,7,24,35,22,50,33,22,28,15,16,9,15,10,13,18,7,13,20,14,14,12,40,28,18,12,24,13,24,8,29,26,15,19,14,28,21,103,17,36,2,16,39,31,27,13,17,14,0,13,22,16,10,14,20,19,8,18,36,15,14,12,38,14,21,23,88,14,20,29,8,24,16
20,94,27,28,17,16,38,27,33,20,12,38,32,17,34,23,34,22,17,15,19,32,15,28,14,35,36,9,10,24,20,19,9,12,67,17,21,32,43,9,42,14,15,45,23,15,18,9,21,10,16,36,21,55,31,37,20,23,42,21,15,31,43,16,19,62,9,18,32,14,16,17,27,20,30,32,30,14,59,15,19,22,18,18,27,24,32,51,18,15,18,18,18,19,20,40,18,55,20,23,19,36,18,18,67,68,16,48,45,8,30,16,17,15,14,42,16,26,41,17,18,18,33,20,19,18,126,19,47,50,17,19,59,33,17,37,21,23,18,18,11,24,27,17,29,30,16,19,17,22,22,26,20,16,24,49,21,20,28,10,21,21,30,10,20,25,40,15,16,55,22,47,23,33,43,40,17,47,18,14,9,43,14,22,22,36,65,10,20,16,36,40,20,97,15,6,24,52,24,25,31,18,23,31,31,16,25,17,40,28,11,34,22,36,42,35,12,18,19,10,51,22,12,19,80,23,17,33,34,15,26,29,38,10,10,38,20,18,37,41,19,17,19,32,29,36,86,37,29,34,26,32,25,35,13,30,17,26,11,36,35,18,33,17,41,39,34,37,37,37,37,28,16,55,35,17,16,9,27,36,23,49,35,23,29,18,17,8,20,8,17,17,8,19,25,20,19,19,41,28,17,18,23,14,29,15,32,27,19,17,16,30,25,102,18,40,8,18,43,29,29,16,18,16,13,0,23,17,16,9,19,19,8,19,38,18,16,10,35,18,20,22,86,19,25,31,13,26,19
29,94,28,18,27,20,19,11,22,24,21,36,18,24,24,1,17,19,25,17,26,25,27,34,26,34,35,22,22,20,27,30,21,21,62,26,22,24,35,23,47,25,19,34,23,20,26,22,28,18,26,31,28,41,30,28,21,15,39,28,27,30,40,26,24,58,22,29,32,27,22,27,19,23,21,24,20,22,49,24,25,15,27,28,25,25,17,48,29,22,25,28,22,20,26,23,27,49,26,17,28,32,16,29,61,58,25,39,41,23,27,24,28,24,20,32,20,27,30,28,24,23,38,27,27,27,118,20,35,40,26,29,55,26,28,37,26,10,28,29,22,17,27,26,28,27,20,27,29,24,26,25,28,27,28,49,24,15,21,22,22,28,23,22,27,11,40,24,24,39,19,43,19,13,30,35,27,43,29,20,23,41,26,21,13,27,52,22,27,24,28,36,27,90,15,22,23,39,8,15,29,27,23,36,32,27,26,28,44,10,20,30,25,25,35,32,24,27,26,21,49,19,19,27,72,8,22,25,35,24,23,29,29,16,20,29,25,29,37,39,27,28,25,34,29,34,83,38,25,23,6,27,29,26,31,12,28,23,22,38,25,27,28,27,30,37,20,34,18,30,25,20,27,50,29,21,27,21,28,38,27,36,31,28,34,27,28,20,27,22,26,25,21,25,4,28,26,27,35,21,12,19,17,19,23,23,24,25,29,23,27,24,28,98,27,35,23,26,31,24,28,26,26,26,22,23,0,19,22,21,14,30,22,30,32,28,26,16,42,27,20,21,78,23,15,26,21,5,28
24,91,34,25,20,15,31,22,31,18,15,36,21,18,32,19,31,19,16,13,21,19,21,28,20,34,35,16,16,16,20,22,16,17,66,20,16,29,39,17,38,20,12,41,20,12,21,18,21,15,16,33,19,46,22,27,18,22,40,22,20,28,41,20,20,59,16,24,25,19,15,22,20,18,26,31,25,18,56,15,21,21,20,22,22,20,25,47,22,15,18,21,19,13,19,36,20,53,22,24,21,33,13,22,61,65,20,43,39,19,24,19,22,18,12,39,14,27,42,22,18,16,34,20,21,21,123,13,45,44,20,20,57,24,22,38,18,18,23,22,17,21,25,19,27,25,14,21,22,16,20,21,19,22,23,50,18,15,29,18,20,21,17,14,21,21,41,14,17,52,14,44,26,28,36,39,18,45,24,16,17,44,21,20,21,31,61,17,21,14,32,37,20,97,12,17,30,46,20,24,25,21,21,31,30,22,21,21,38,27,16,36,20,26,37,34,16,20,19,17,50,14,13,17,80,21,13,25,30,15,30,25,26,13,15,31,18,24,35,37,20,22,17,27,18,33,85,35,16,22,19,30,19,22,18,25,21,30,16,36,32,21,27,22,34,33,30,33,32,33,29,20,20,50,28,17,20,17,26,36,23,45,31,20,26,20,21,17,21,18,17,18,17,18,18,24,24,20,38,15,13,15,16,9,21,17,25,25,22,15,21,24,20,95,18,35,19,19,36,23,23,17,19,20,16,17,19,0,16,18,13,22,18,23,31,22,20,14,32,21,19,16,85,18,17,26,15,21,23
18,96,36,29,16,16,35,26,31,20,14,40,28,15,37,22,35,25,15,12,17,33,15,29,15,37,39,11,14,20,16,16,10,13,64,16,18,32,43,6,42,16,13,48,22,15,19,5,19,16,14,36,22,53,28,35,22,23,42,20,16,30,40,17,25,60,11,23,32,13,16,15,26,16,33,31,33,15,55,18,17,21,17,17,25,26,30,47,15,18,17,18,19,17,15,40,15,61,20,26,19,36,18,17,62,66,14,46,43,6,27,23,20,14,16,44,15,30,44,18,15,14,37,16,16,17,126,17,50,49,16,23,60,31,17,40,24,19,16,18,12,21,25,17,31,29,15,21,19,11,25,27,15,16,26,51,18,23,27,9,20,19,31,15,16,28,42,13,11,49,20,46,27,33,43,43,14,48,18,8,11,50,14,24,24,35,60,11,15,10,34,35,17,98,12,10,33,53,26,27,29,15,23,35,33,16,20,18,43,30,9,38,24,32,39,34,11,20,12,11,52,23,13,17,84,26,18,28,32,18,31,26,31,11,11,29,22,23,40,37,23,20,15,29,28,34,81,40,25,28,26,32,20,34,23,30,20,31,17,37,38,15,29,15,41,39,31,36,37,36,33,26,18,54,30,14,16,11,26,37,21,49,31,19,27,15,18,10,16,1,4,19,11,14,24,18,16,14,40,29,18,19,20,13,28,1,31,26,20,20,15,28,21,103,17,37,10,19,39,31,28,15,18,14,10,16,22,16,0,10,21,19,12,19,35,18,17,14,38,15,24,22,88,15,20,24,11,24,18
20,94,31,27,20,16,33,25,32,14,16,41,28,15,35,21,34,21,17,10,16,33,21,30,16,31,33,12,13,20,19,18,11,13,60,17,14,30,43,13,44,15,15,46,18,16,19,14,21,18,18,35,22,51,30,36,20,22,41,19,17,28,40,19,24,58,12,22,31,14,18,17,25,14,31,34,31,16,56,18,17,22,19,19,25,26,27,45,19,18,17,18,17,16,15,37,18,57,19,25,21,36,19,18,64,67,16,47,43,13,27,22,19,16,19,40,13,24,38,20,17,15,34,20,18,19,124,15,47,48,18,22,59,30,19,36,22,19,18,23,15,22,26,17,26,27,16,11,19,17,23,22,22,19,26,49,17,21,29,16,20,21,31,16,20,23,40,12,12,52,21,44,29,32,41,36,16,44,20,15,13,44,16,24,25,33,60,16,21,15,34,39,20,98,15,14,33,51,25,27,28,21,23,29,28,19,23,18,37,30,13,38,25,30,37,33,12,23,16,12,52,21,16,16,84,25,14,26,35,18,29,26,36,10,11,32,25,22,34,39,21,19,16,28,25,33,83,34,25,25,23,30,23,35,25,29,19,29,17,31,33,21,27,17,39,36,29,31,37,34,31,26,16,52,29,14,20,13,23,31,24,51,30,23,27,17,18,14,20,15,12,19,13,15,21,21,20,17,39,29,16,12,20,14,28,10,25,26,16,19,19,24,20,104,15,36,13,19,35,28,29,18,19,18,14,9,21,18,10,0,18,19,14,24,35,18,16,11,34,17,24,20,85,15,20,26,14,25,19
27,93,28,21,24,18,27,20,26,20,21,33,17,20,29,13,25,16,22,13,26,26,26,27,22,33,35,18,19,16,25,27,18,18,63,24,23,26,40,19,39,23,15,38,16,15,22,20,27,17,22,26,25,41,27,30,13,21,41,26,24,30,41,24,15,58,18,25,27,23,20,25,16,20,22,22,21,20,51,15,23,17,24,25,19,19,23,49,26,15,22,25,19,15,24,31,24,50,23,17,27,33,16,25,65,62,23,41,41,21,25,22,26,22,16,29,16,26,38,26,20,20,34,20,25,25,118,15,39,40,25,26,56,25,26,37,25,14,26,27,18,18,26,20,24,25,18,25,27,20,24,18,21,26,19,50,23,15,27,21,21,27,24,17,25,12,38,20,21,47,8,42,21,22,34,38,24,43,27,21,19,43,23,21,17,28,56,20,25,19,31,38,26,92,15,19,25,37,17,22,21,26,24,33,31,26,27,27,40,16,18,33,28,25,37,25,21,24,25,20,51,15,19,20,80,18,20,19,35,15,22,27,31,15,17,30,24,25,36,39,25,26,22,29,25,33,83,37,22,23,17,30,25,28,26,20,26,22,20,34,24,26,28,25,30,36,22,34,26,32,24,19,26,52,23,16,24,19,23,34,25,39,31,24,30,25,27,19,25,21,22,23,19,24,12,25,25,25,37,22,5,18,13,17,26,21,25,26,17,12,25,26,24,97,22,36,21,21,33,20,24,23,21,26,20,19,14,13,21,18,0,22,20,28,29,26,24,17,34,26,18,19,84,21,17,28,19,15,27
13,99,42,36,7,22,36,34,39,25,19,44,35,22,42,29,39,26,14,20,14,40,10,21,15,37,39,17,20,28,12,9,17,20,69,12,22,35,48,18,37,9,18,50,26,20,8,16,13,19,11,40,25,57,32,42,19,29,48,15,16,35,48,11,23,67,17,22,34,16,15,13,30,21,37,38,36,15,64,17,12,29,13,13,27,23,33,52,13,17,11,12,25,20,11,39,13,61,12,31,7,44,25,11,69,75,11,52,50,16,34,24,10,10,22,45,26,31,47,8,24,18,35,11,12,14,133,21,54,46,11,17,61,35,12,47,20,30,15,7,18,34,32,10,32,30,22,17,5,22,24,30,26,11,23,58,20,27,37,18,25,13,38,19,13,27,49,16,20,60,20,46,34,38,47,46,14,47,13,19,18,50,15,30,32,38,69,20,12,22,41,45,12,106,19,17,37,59,33,35,32,12,33,36,33,11,25,6,44,30,20,41,24,36,46,36,22,21,15,17,58,25,18,17,88,34,23,32,35,17,34,32,43,16,18,42,27,22,40,43,22,10,21,32,30,40,93,41,31,28,32,39,26,42,25,34,10,34,21,38,37,12,36,12,43,40,37,35,42,43,36,31,9,58,36,25,11,17,30,38,25,56,39,21,29,15,10,20,13,18,22,21,16,14,30,18,13,13,49,36,26,22,28,19,32,18,35,21,13,21,11,31,23,108,20,45,16,11,40,31,34,14,25,11,19,19,30,22,19,19,22,0,15,11,41,12,11,16,38,12,23,25,90,22,32,29,20,31,13
14,97,31,21,14,11,36,26,26,18,9,40,28,11,35,22,34,23,10,14,13,34,13,29,7,36,38,3,8,22,13,11,1,9,65,12,19,33,45,5,42,10,9,46,22,12,14,4,15,10,11,38,21,53,29,36,21,24,39,15,18,31,41,12,21,60,3,22,31,12,8,11,27,15,30,30,30,3,53,15,12,24,12,13,26,24,31,51,11,15,10,13,14,18,14,39,12,58,13,17,14,41,17,10,67,65,12,44,39,4,23,18,13,11,17,40,11,29,46,13,11,12,35,12,13,12,124,17,47,48,12,19,59,31,15,40,21,16,10,14,9,23,19,15,27,29,15,21,14,14,22,23,20,14,26,50,21,21,24,6,21,15,32,12,13,27,41,13,13,49,22,49,22,33,44,42,11,47,13,10,5,49,7,15,17,36,62,7,13,19,28,40,14,97,11,3,26,53,24,22,30,13,19,34,32,14,21,13,42,27,9,36,25,35,33,35,17,22,16,5,52,21,9,17,83,24,19,31,34,15,25,31,35,10,3,30,23,22,39,43,20,13,17,30,29,36,88,39,27,31,24,28,23,36,17,28,13,25,12,35,37,13,23,11,40,37,32,37,35,34,35,28,12,55,33,16,13,1,23,35,23,51,35,23,29,11,13,5,13,6,15,19,2,16,22,16,13,10,42,30,18,16,24,15,28,11,29,26,18,19,13,31,22,102,17,32,4,16,41,30,27,13,17,12,8,8,22,18,12,14,20,15,0,16,36,12,12,10,37,12,20,22,88,11,17,30,9,24,13
15,97,43,37,12,25,39,34,40,19,15,44,34,25,44,30,39,26,16,22,15,41,9,24,18,34,38,18,21,24,14,14,17,22,71,11,21,34,47,18,40,11,19,53,28,16,15,17,11,17,14,40,25,61,37,41,20,30,49,11,14,38,48,10,29,69,18,20,36,16,15,11,30,18,31,37,30,16,65,23,15,29,15,14,27,29,30,50,14,23,15,14,26,23,12,42,16,63,17,32,9,45,25,14,67,78,13,56,51,16,35,22,7,12,23,45,27,29,48,10,27,20,34,17,13,14,138,23,55,47,9,15,54,38,8,49,22,30,15,2,21,31,35,18,33,33,21,19,9,26,23,31,27,11,29,57,21,29,38,19,28,11,39,21,12,33,48,18,22,61,26,52,34,41,49,46,16,51,13,21,18,48,16,31,33,38,70,21,12,26,44,47,14,108,19,17,38,61,31,34,32,11,31,34,31,11,24,8,41,36,21,43,23,35,49,37,26,20,20,18,58,27,15,20,90,31,21,38,32,23,37,34,42,18,18,39,25,20,37,45,19,7,20,33,33,42,97,38,33,34,33,40,25,43,25,36,6,37,22,36,41,11,39,12,42,36,33,40,43,43,38,30,8,54,37,26,11,17,34,36,24,58,41,22,31,14,10,19,12,17,24,21,16,17,31,18,16,13,47,37,27,21,28,21,32,20,28,28,19,27,10,34,25,108,19,48,16,14,48,34,33,14,24,14,18,19,30,23,19,24,28,11,16,0,40,13,11,18,35,11,26,25,91,25,32,34,18,32,14
38,95,30,33,38,34,36,31,37,33,38,37,31,33,38,31,36,32,36,27,37,35,41,43,38,44,42,34,35,30,35,39,34,34,65,39,36,33,36,35,48,39,31,40,35,31,38,36,39,37,37,34,38,48,36,35,30,36,44,40,40,37,41,39,35,61,34,37,40,37,34,38,28,35,38,40,38,36,57,35,35,32,38,38,36,39,34,48,39,35,36,39,35,27,35,39,39,57,33,36,39,34,32,38,68,67,39,46,50,37,33,40,40,39,31,44,30,38,40,40,33,35,39,38,38,39,125,26,34,45,36,44,57,28,40,37,35,33,36,39,33,32,34,39,24,32,32,41,40,36,36,32,37,41,41,50,35,32,38,34,33,39,34,37,40,35,42,36,35,52,38,46,36,36,40,34,38,38,40,34,35,43,39,35,30,32,56,33,40,35,33,43,38,98,34,35,38,52,31,36,33,41,36,42,41,41,24,39,50,35,34,41,34,31,42,31,35,38,35,33,51,27,36,37,89,33,37,31,40,35,33,35,36,35,33,40,39,37,44,44,43,40,35,32,38,40,85,43,35,31,33,36,34,36,36,33,40,33,36,36,29,41,36,38,33,33,34,40,35,39,33,30,41,43,22,32,39,35,35,36,36,48,28,38,37,37,39,35,40,36,35,34,35,37,33,35,35,35,36,34,29,32,27,33,37,36,33,33,39,35,40,35,38,106,35,41,37,39,35,26,21,36,36,37,36,38,32,31,35,35,29,41,36,40,0,40,40,36,42,37,40,27,85,31,29,35,34,31,39
9,96,41,33,6,22,35,32,37,15,12,40,30,22,40,28,37,23,8,17,9,37,8,23,13,35,38,15,18,24,5,11,13,18,67,7,15,31,43,16,38,7,12,48,22,12,9,14,5,13,11,36,19,57,34,40,19,24,47,12,12,34,44,6,27,67,15,20,32,12,11,8,27,16,33,36,32,11,63,21,9,25,4,6,26,27,34,51,9,21,12,1,21,18,6,41,5,59,14,28,5,39,22,12,66,74,6,52,49,14,33,23,10,3,19,46,23,26,42,8,23,12,35,6,6,4,134,19,53,46,8,18,54,32,7,46,20,26,10,11,19,29,31,12,33,28,17,19,8,20,22,28,24,6,23,54,19,26,33,15,24,5,35,15,6,31,45,11,16,59,24,46,32,39,47,42,7,45,5,18,14,44,10,27,29,39,67,18,10,22,40,43,14,105,16,13,36,59,29,32,32,9,29,34,32,6,24,7,41,32,19,40,25,35,45,37,20,20,14,16,56,24,12,18,88,29,20,32,30,21,35,28,38,16,15,37,25,20,38,42,19,10,17,31,28,38,91,38,32,31,29,38,25,38,23,34,9,35,22,36,40,9,35,7,40,36,30,36,41,40,35,28,5,54,35,23,5,13,31,36,24,54,35,18,30,11,8,17,6,16,18,18,11,14,27,16,13,9,44,33,23,17,22,18,33,15,27,23,18,25,6,32,23,104,16,44,14,12,42,29,33,11,21,9,15,18,28,22,18,18,26,12,12,13,40,0,3,16,36,8,21,26,89,22,28,28,15,30,10
9,95,39,32,5,21,36,30,36,18,10,39,32,21,40,26,37,23,8,15,7,36,6,25,12,32,37,14,18,24,8,10,12,17,66,5,16,33,43,15,37,5,14,49,23,15,8,14,8,11,9,34,21,57,34,40,22,23,46,10,11,32,42,4,25,66,14,20,31,10,9,6,26,17,32,36,31,10,62,19,8,23,7,8,25,25,33,49,9,19,10,4,20,18,7,39,6,58,12,28,7,37,20,10,65,73,5,50,48,14,32,21,8,2,19,44,22,25,43,6,22,14,32,9,7,5,132,18,53,49,6,15,57,31,6,44,19,25,8,9,18,28,30,9,33,30,17,17,6,19,21,26,23,5,25,53,19,24,32,15,22,8,34,17,7,29,44,11,15,58,22,45,32,37,45,40,7,43,7,17,13,45,10,26,28,39,66,17,8,20,39,42,13,105,14,12,36,57,27,31,30,9,28,33,29,5,24,5,40,32,18,40,23,35,44,37,19,19,12,15,54,24,10,17,86,27,18,33,29,19,35,27,37,16,14,36,23,20,35,40,18,8,15,31,29,37,90,37,31,31,27,37,25,37,23,34,7,35,20,34,39,9,34,7,41,37,31,34,41,40,36,28,4,55,35,22,4,12,30,34,22,53,33,20,28,10,6,16,7,16,17,18,10,14,25,16,13,7,42,32,21,17,22,18,32,15,30,23,16,23,4,31,23,105,14,43,14,11,43,28,33,9,20,7,14,16,26,20,17,16,24,11,12,11,40,3,0,16,33,6,23,26,89,21,27,26,15,30,8
18,97,35,29,17,14,34,20,31,19,11,40,29,19,31,16,31,22,14,12,15,32,17,28,15,35,37,12,12,23,17,17,11,14,67,15,16,33,44,12,41,15,12,44,17,13,17,8,18,6,16,38,23,49,25,34,21,25,47,16,12,32,42,16,16,60,12,21,30,16,12,16,27,16,27,27,27,11,60,9,15,22,16,17,23,20,29,51,18,9,14,14,18,16,15,35,16,59,18,24,18,38,14,18,64,67,15,48,46,9,30,14,16,14,15,36,18,26,42,16,18,15,34,17,16,15,127,16,45,48,15,19,60,32,18,40,20,23,17,17,17,24,28,15,29,27,12,16,17,16,21,24,20,17,23,50,20,20,25,8,22,18,30,6,17,24,41,11,16,54,18,44,25,27,40,40,16,47,17,12,12,44,15,24,25,35,63,11,18,17,37,41,17,99,5,11,31,49,20,29,30,17,26,33,31,17,25,16,41,25,14,37,23,32,42,37,17,20,13,8,55,20,9,14,79,20,15,28,32,9,28,26,33,1,12,32,21,21,38,38,18,16,16,31,27,37,88,37,23,28,23,35,24,32,17,24,16,28,17,36,35,17,32,16,40,38,31,36,33,36,32,26,15,56,34,16,17,10,29,36,24,49,33,20,28,16,16,12,17,6,15,16,10,15,21,19,18,16,42,28,15,15,23,11,26,14,30,21,16,13,17,28,20,101,15,40,11,17,38,26,28,15,16,16,12,10,16,14,14,11,17,16,10,18,36,16,16,0,36,16,15,20,88,17,23,25,11,20,17
40,94,40,40,35,36,35,44,45,32,34,43,43,39,41,42,36,37,32,32,36,41,31,39,36,13,27,35,35,39,37,38,35,37,66,36,33,36,46,37,45,35,33,51,27,33,38,38,38,34,34,45,35,59,34,38,35,36,50,37,36,36,40,35,39,59,35,38,39,35,35,38,35,31,36,39,35,37,63,36,38,36,36,38,43,38,37,55,38,36,34,36,35,33,38,44,35,58,38,40,38,44,35,38,71,76,35,52,44,37,38,26,36,32,37,50,35,27,44,37,37,31,22,37,38,35,136,33,54,50,37,27,55,42,33,43,37,41,39,35,39,41,36,31,41,36,36,37,38,36,39,39,37,34,29,54,32,35,42,39,32,38,41,34,35,36,45,32,39,55,36,49,41,46,47,42,35,50,36,39,37,43,38,36,41,42,67,39,35,38,41,47,39,105,34,37,40,54,41,41,35,33,41,27,23,34,40,37,30,36,36,45,31,33,43,40,39,35,36,39,53,32,33,33,88,41,34,30,40,37,41,33,40,33,34,42,26,38,12,40,23,36,33,35,30,39,93,27,40,38,39,43,41,39,38,38,35,41,34,41,42,33,43,38,43,41,41,39,44,37,35,37,35,55,38,38,35,38,39,41,39,55,40,38,40,37,37,38,35,39,40,35,37,36,39,41,40,36,45,40,35,37,36,34,41,37,40,39,37,35,33,35,37,107,32,40,37,36,41,40,40,33,34,34,38,35,42,32,38,34,34,38,37,35,42,36,33,36,0,38,27,36,90,40,41,37,35,40,38
8,95,38,32,6,18,36,31,34,20,13,43,32,20,40,27,37,24,10,15,7,37,6,25,12,36,41,14,18,23,6,9,12,17,67,4,18,33,45,12,37,5,14,49,24,16,4,13,8,17,10,35,20,57,35,40,22,23,46,8,15,33,43,6,27,63,14,21,33,11,10,3,26,17,35,36,34,10,62,21,8,24,7,6,26,27,32,48,4,21,11,7,21,20,7,39,6,59,13,27,8,37,21,10,65,73,7,50,48,13,32,25,8,6,20,44,22,30,47,7,22,14,37,11,6,8,133,19,53,49,3,19,59,32,9,43,19,25,7,9,18,28,30,12,30,32,18,17,6,20,21,27,24,8,29,54,18,27,33,15,23,8,35,18,5,31,45,13,14,58,24,47,32,39,47,41,9,42,8,15,14,47,8,26,28,38,67,16,5,20,39,43,13,105,16,12,36,59,28,31,31,6,28,36,33,8,21,4,43,34,18,40,26,35,44,38,18,21,12,13,53,25,13,18,90,29,19,34,31,21,35,31,38,16,14,36,26,21,40,43,21,8,16,33,30,38,89,41,31,31,30,37,24,39,23,34,7,35,22,32,41,6,34,4,42,37,33,35,41,40,36,28,5,55,32,19,4,12,30,32,21,54,35,21,29,10,4,16,5,15,16,20,10,15,27,15,10,6,43,33,23,18,24,19,31,15,30,22,17,25,3,32,23,106,15,43,14,13,43,30,30,10,21,10,14,18,27,21,15,17,26,12,12,11,37,8,6,16,38,0,27,25,88,20,27,26,15,30,6
28,97,39,33,26,22,35,32,37,28,21,42,32,22,36,21,32,27,23,23,27,37,26,25,23,35,36,21,22,30,26,28,21,23,64,27,24,32,46,20,41,25,22,50,24,22,21,20,28,14,23,39,29,53,30,41,28,32,48,26,27,33,43,26,15,66,21,24,33,24,21,26,22,23,34,31,34,21,63,14,25,28,25,26,27,22,28,50,27,14,23,25,24,25,25,44,25,55,25,26,28,40,19,26,65,75,25,53,48,20,34,17,26,24,20,44,24,27,42,27,23,25,34,23,26,25,133,25,45,49,26,25,59,33,26,43,27,25,27,26,20,32,32,21,28,30,22,26,28,24,28,29,26,26,17,56,27,17,34,21,28,28,36,13,28,24,47,21,24,60,22,43,28,37,43,41,25,45,24,22,20,46,24,22,28,39,69,21,28,24,41,44,27,103,16,20,28,55,31,31,26,28,32,30,33,26,28,27,33,26,21,40,28,31,44,33,25,26,26,21,52,23,19,21,85,32,24,31,29,14,33,33,42,15,22,40,24,24,38,45,23,26,25,30,27,36,92,38,30,27,31,37,30,37,22,32,26,33,21,40,31,28,35,26,37,27,34,34,39,36,34,27,26,52,37,26,26,20,29,40,28,50,39,24,32,26,27,21,28,21,25,24,20,25,22,25,26,26,47,34,22,21,26,20,32,24,32,28,20,14,26,29,27,101,27,45,20,19,40,32,31,24,27,26,21,20,20,19,24,24,18,23,20,26,40,21,23,15,27,27,0,26,88,22,29,33,22,27,28
26,96,33,26,26,22,30,26,30,23,24,33,26,24,35,21,31,22,23,12,21,28,27,28,26,35,35,21,21,19,26,26,21,21,65,24,25,30,40,23,45,25,18,42,25,18,24,22,28,23,20,30,26,48,24,34,20,22,45,27,23,31,43,25,26,63,21,19,33,25,24,25,22,23,26,30,25,23,58,22,25,18,25,25,19,29,20,51,26,23,24,25,23,12,18,31,26,57,24,22,27,32,21,24,66,67,25,45,44,23,24,27,24,25,21,40,20,26,39,24,22,22,35,26,25,25,125,11,48,44,24,25,54,23,26,40,25,22,25,24,23,23,28,24,29,15,20,25,23,24,26,25,26,27,28,52,21,18,31,22,23,28,26,21,27,26,42,20,22,54,20,44,24,32,40,39,21,46,26,23,23,45,26,26,22,23,61,22,27,22,32,42,24,97,19,22,28,50,22,26,28,27,29,32,32,27,25,24,37,27,22,35,27,24,41,30,23,26,26,22,47,16,22,25,85,23,21,20,33,22,29,25,34,19,20,32,25,19,35,40,28,24,22,27,26,34,88,35,21,24,23,34,20,31,23,24,24,29,20,37,33,27,31,25,27,37,24,33,34,37,29,22,25,54,29,18,25,22,27,37,21,48,34,26,30,26,24,22,27,20,22,20,22,23,21,20,20,24,40,24,16,20,16,15,26,22,29,25,26,21,26,23,20,99,23,39,23,26,35,23,26,19,25,23,23,22,21,16,22,20,19,25,22,25,27,26,26,20,36,25,26,0,85,22,23,26,20,23,23
92,72,82,74,89,86,78,86,83,83,88,80,78,86,78,78,75,84,85,81,90,81,86,97,87,84,89,86,86,81,90,88,86,87,74,88,86,79,70,87,92,87,86,81,86,86,91,88,92,87,89,77,87,79,91,82,84,77,77,91,85,75,68,89,91,76,86,89,85,82,88,88,86,83,80,76,79,89,84,88,89,75,89,90,86,88,76,82,88,88,87,89,84,84,91,86,88,77,89,75,90,78,87,88,78,79,90,82,87,88,85,89,92,87,90,85,83,78,77,91,88,84,91,89,89,89,121,83,78,77,87,89,74,81,91,74,88,80,88,90,89,76,90,88,88,85,88,91,89,85,89,86,85,91,88,68,83,85,80,87,77,92,76,88,89,79,73,86,89,81,88,68,79,79,85,79,88,84,90,89,87,74,89,86,79,82,81,86,87,88,82,82,90,84,86,86,82,84,82,78,81,89,89,89,87,91,91,90,87,77,86,75,77,80,87,83,88,88,88,87,71,85,88,87,76,77,83,79,89,88,79,79,82,87,85,81,90,89,87,86,85,92,83,85,85,85,73,89,91,88,82,79,86,84,88,83,91,79,86,85,80,89,90,88,80,91,75,83,75,83,86,79,90,69,77,86,89,88,83,85,86,73,87,86,89,88,89,86,89,87,90,86,88,88,82,90,89,88,74,78,83,89,82,86,87,87,82,87,91,89,89,78,92,77,80,79,88,90,85,86,88,87,84,89,88,86,78,85,88,85,84,90,88,91,85,89,89,88,90,88,88,85,0,90,81,86,86,76,91
22,98,31,29,21,12,37,27,28,22,16,39,28,9,34,23,38,23,18,16,19,35,20,29,15,41,42,11,13,23,21,21,11,15,63,20,22,31,44,10,41,19,17,48,21,17,21,7,23,16,20,38,17,52,29,37,22,26,39,23,20,32,43,21,22,60,11,21,30,17,17,19,28,22,35,35,35,15,48,15,20,24,20,20,23,23,29,49,20,13,17,19,18,17,21,40,20,58,22,19,23,40,18,19,65,64,20,46,38,8,23,22,23,18,18,43,11,34,47,22,10,20,38,20,20,21,123,18,49,47,19,23,60,32,21,40,23,18,17,24,10,25,20,20,29,31,16,22,23,11,24,25,20,20,28,51,23,19,28,9,22,23,33,16,20,28,42,18,17,49,21,49,21,33,39,44,20,44,22,12,10,51,16,22,26,36,62,8,20,17,29,40,19,97,15,10,25,53,23,27,32,20,20,39,37,20,23,22,44,28,9,42,22,35,34,38,16,20,19,6,48,21,17,18,83,25,18,32,32,14,27,31,36,18,12,33,26,21,43,40,25,23,21,32,31,33,86,43,28,31,24,29,22,31,17,25,23,27,14,36,38,20,24,19,43,39,32,34,38,34,34,27,22,57,31,15,21,10,25,36,22,52,34,19,28,21,22,11,20,9,16,19,10,17,23,22,21,20,43,31,17,19,23,14,28,16,28,24,19,19,19,33,17,103,20,32,10,21,40,32,25,19,17,20,14,19,23,18,15,15,21,22,11,25,31,22,21,17,40,20,22,22,90,0,19,28,14,24,22
29,93,27,17,29,21,30,21,21,22,22,33,19,19,30,15,30,19,25,16,28,28,28,36,22,33,36,16,17,18,28,26,16,15,59,27,25,25,40,21,43,26,18,41,23,19,30,21,30,23,27,31,26,45,32,31,21,19,38,30,26,28,37,28,25,54,16,29,34,23,22,26,22,23,26,26,26,23,46,23,27,15,27,28,26,26,24,48,26,23,27,28,21,16,27,32,27,56,28,16,30,33,17,26,64,59,27,37,37,21,23,28,30,25,19,35,13,26,41,29,16,23,40,28,27,27,113,19,43,44,27,28,55,21,30,36,27,11,26,31,19,16,21,27,28,27,20,30,30,22,27,25,23,29,29,47,25,20,23,21,21,30,26,22,28,20,40,24,20,42,21,46,18,26,37,40,26,45,29,20,21,47,22,15,14,29,53,17,28,22,25,33,28,87,20,18,22,44,17,19,29,28,20,35,34,29,25,29,43,23,17,32,25,27,29,32,20,26,27,17,49,18,21,28,81,17,22,23,38,23,18,28,32,22,15,27,25,29,36,43,28,30,24,34,30,29,79,37,27,25,17,26,26,29,29,21,30,18,23,38,31,28,25,26,34,37,25,34,30,31,27,21,28,52,25,16,28,17,24,38,29,43,31,26,33,26,29,17,28,21,20,27,17,26,15,29,28,25,36,24,14,20,19,19,28,22,24,28,30,22,27,26,29,94,23,30,21,30,34,24,27,26,23,27,20,25,15,17,20,20,17,32,17,32,29,28,27,23,41,27,29,23,81,19,0,30,20,17,29
31,92,36,32,28,23,34,28,37,26,26,40,30,30,38,26,35,30,29,24,25,30,29,34,29,35,35,30,29,28,27,27,29,30,63,27,31,23,43,29,44,27,27,47,31,28,28,26,31,31,27,31,29,52,34,41,29,28,41,30,27,29,36,29,29,61,30,36,30,26,29,29,31,27,31,35,30,27,56,26,27,29,29,30,32,30,31,43,28,26,27,28,32,28,27,39,26,52,26,29,31,34,28,31,62,71,27,48,39,29,30,31,30,25,29,44,28,23,39,30,33,26,33,30,28,29,128,26,52,46,27,30,58,31,28,37,28,30,27,33,29,29,31,31,32,31,29,31,30,29,29,33,29,27,32,48,16,23,31,25,25,31,27,30,28,29,40,25,27,52,28,37,33,34,44,37,28,45,31,25,31,44,30,33,33,39,65,28,29,28,38,39,28,100,27,28,36,55,31,31,31,29,29,34,31,27,23,29,39,34,29,39,28,31,41,40,28,27,15,25,48,29,28,30,85,30,26,29,35,26,32,23,35,25,28,32,29,36,37,36,29,30,28,25,30,32,85,35,32,27,29,30,31,34,34,31,30,32,30,34,34,29,32,29,43,41,31,24,39,37,32,31,27,49,31,28,28,29,27,35,29,48,28,24,31,25,29,29,28,30,31,30,29,28,28,34,31,25,40,26,24,28,25,28,35,25,32,23,27,29,28,27,31,106,27,36,29,25,40,31,29,28,30,27,29,31,26,26,24,26,28,29,30,34,35,28,26,25,37,26,33,26,86,28,30,0,27,33,30
18,95,34,28,17,12,35,25,30,18,12,39,25,14,31,21,32,23,15,11,17,31,16,29,12,34,38,9,11,20,15,16,8,11,63,15,17,31,42,12,41,14,9,45,16,12,19,9,18,10,17,35,22,52,25,31,20,19,43,16,13,30,40,15,22,60,9,19,29,11,12,15,24,15,29,26,28,13,57,17,16,21,15,17,26,26,31,49,14,17,16,14,17,15,16,39,14,57,18,23,17,36,18,14,66,64,16,45,44,9,28,20,16,14,13,42,15,28,43,16,19,14,34,15,15,13,125,15,48,47,15,20,58,28,18,39,22,20,15,17,15,23,25,15,28,27,14,18,17,14,24,25,18,18,23,49,19,22,24,9,18,18,29,14,16,27,40,11,14,53,19,46,24,32,41,39,16,46,17,11,8,49,13,23,24,34,59,10,17,16,35,37,17,96,11,10,30,52,25,28,28,16,22,34,31,18,25,16,41,27,13,36,23,33,40,32,12,19,15,10,54,18,10,17,84,25,17,29,33,17,28,28,32,10,9,29,20,19,37,40,21,16,15,30,27,33,85,38,25,29,25,33,22,33,19,29,16,28,14,35,37,16,31,15,39,37,30,33,35,29,34,25,15,54,30,15,16,9,24,35,22,47,35,20,29,16,16,10,16,9,12,20,9,16,23,19,18,15,41,27,17,16,21,13,28,8,29,27,19,19,16,30,22,99,14,38,9,18,40,26,25,16,15,15,8,13,21,15,11,14,19,20,9,18,34,15,15,11,35,15,22,20,86,14,20,27,0,23,17
31,92,28,19,31,22,20,23,27,25,25,34,18,24,24,4,26,22,27,21,31,24,32,33,27,35,37,23,23,23,30,32,23,22,62,30,25,24,32,24,45,29,21,35,23,21,27,24,31,21,29,28,30,42,29,28,22,17,38,30,30,28,38,30,22,58,23,27,32,28,25,29,24,25,21,29,21,25,49,26,29,16,28,29,28,24,19,48,30,25,29,29,23,20,29,31,28,52,28,17,31,31,17,30,61,59,29,39,41,25,27,29,30,28,24,32,21,26,31,30,25,25,40,27,29,29,120,20,35,37,29,30,53,24,32,37,31,12,30,31,20,18,27,27,28,27,23,27,31,25,30,19,27,32,28,50,30,18,22,24,24,31,22,21,31,12,41,26,27,40,23,44,19,16,33,36,27,43,31,22,24,42,27,22,14,29,53,23,31,27,28,36,29,91,19,23,25,42,8,16,28,32,24,37,35,32,31,31,42,9,23,30,30,25,35,32,28,26,31,23,50,22,23,28,73,9,26,25,34,26,23,30,29,20,22,27,26,27,35,41,32,30,26,35,30,34,83,36,25,25,8,26,27,26,29,12,30,23,26,38,24,32,27,29,31,38,25,36,27,27,27,14,30,51,29,22,30,23,26,38,29,39,30,30,31,30,31,23,31,24,25,27,23,27,8,26,26,30,32,20,16,22,17,22,25,25,21,33,28,21,31,20,30,98,28,35,25,26,31,26,28,26,27,30,24,26,5,21,24,25,15,31,24,32,31,30,30,20,40,30,27,23,76,24,17,33,23,0,29
6,99,41,33,7,22,36,32,36,23,15,45,34,22,43,28,39,26,11,18,10,40,9,22,13,37,41,15,19,26,8,11,13,18,69,5,20,35,46,15,41,8,16,50,26,19,7,16,6,17,11,38,24,56,32,43,25,26,48,10,16,36,46,5,28,67,15,22,34,13,12,6,30,20,36,38,36,11,64,21,12,26,10,7,26,27,32,52,8,21,10,10,22,21,8,37,10,60,14,30,6,40,24,12,69,75,8,53,50,15,33,25,10,7,20,46,24,31,46,5,24,16,37,11,6,10,134,22,56,52,8,21,59,34,9,46,21,27,11,12,20,31,32,15,34,30,18,15,8,22,23,29,26,8,30,55,21,27,34,18,26,6,38,19,5,32,46,15,18,60,24,49,33,39,47,44,10,46,8,18,15,49,9,27,29,38,69,18,9,23,41,45,10,107,17,13,37,59,31,32,32,9,30,37,34,8,22,6,44,33,20,42,28,33,46,40,22,23,15,16,55,26,15,19,91,31,21,31,35,21,37,31,41,16,15,39,28,22,40,43,22,10,19,33,33,40,93,41,29,31,30,39,23,42,26,35,10,37,24,34,42,9,36,5,41,40,35,38,42,42,36,31,8,58,35,23,5,14,30,34,24,55,37,23,27,12,6,18,5,18,20,20,11,12,28,16,13,10,46,36,24,18,25,17,31,18,33,24,17,25,5,30,23,109,18,45,15,13,40,32,31,10,22,12,16,19,28,23,18,19,27,13,13,14,39,10,8,17,38,6,28,23,91,22,29,30,17,29,0
