0,20,24,32,30,45,22,24,28,24,20,25,35,31,29,39,34,21,18,11,32,24,44,50,24,32,26,24,36,41,33,38,34,21,13,21,19,20,23,17,24,30,21,4,35,30,34,10,35,30,45,46,23,26,19,14,32,37,34,28,18,24,43,24,22,24,31,32,19,28,53,16,25,28,32,23,16,21,22,36,30,41,25,25,46,34,17,24,33,36,35,27,32,27,28,46,18,20,29,27,35,39,27,38,20,31,43,23,53,32,28,21,30,15,24,26,24,36,26,28,35,39,26,29,28,26,33,17,28,28,21,32,28,31,26,27,38,29,29,32,28,32,29,24,28,28,31,21,32,34,30,42,17,27,30,24,35,30,25,35,42,43,31,37,18,38,37,32,38,18,41,28,33,29,38,24,34,33,37,51,29,26,39,38,36,23,31,25
20,0,6,25,19,59,18,39,19,29,24,29,33,22,27,37,22,33,6,25,30,29,30,50,29,23,38,31,36,38,32,38,41,17,28,13,17,20,8,1,29,23,29,22,23,39,40,24,34,23,45,40,31,25,15,25,28,41,32,25,23,16,37,30,7,18,28,40,18,20,49,21,12,36,30,18,14,18,26,27,19,40,27,21,38,38,20,15,16,38,42,33,36,29,13,44,25,2,14,16,39,43,31,39,24,37,44,25,55,35,24,25,22,24,22,15,28,41,34,24,34,31,24,16,32,27,35,17,23,18,23,17,32,36,15,31,33,21,16,13,18,35,17,16,22,22,23,25,36,18,14,33,17,22,22,18,27,35,27,22,44,43,35,37,27,41,45,21,21,20,37,19,35,39,32,22,34,18,45,49,16,2,37,33,25,21,41,28
24,6,0,27,19,51,21,29,19,31,22,27,37,19,29,37,22,29,8,30,23,28,30,50,28,17,40,30,40,38,32,44,36,17,28,13,23,18,10,1,28,20,27,22,24,41,36,28,34,17,45,41,32,34,15,22,26,41,30,15,28,17,41,34,7,16,28,38,22,20,51,21,14,34,32,18,14,16,26,29,17,40,26,19,44,38,22,18,17,36,39,31,36,27,13,45,32,2,14,18,35,45,29,38,20,33,40,27,55,33,18,25,20,18,19,16,28,39,37,21,42,33,18,16,30,20,36,15,18,17,27,18,32,34,15,29,32,21,17,13,17,31,17,17,25,18,20,25,32,18,16,39,15,19,17,14,27,28,27,21,44,46,33,33,27,37,45,19,23,14,41,20,29,35,31,19,25,19,43,53,16,8,35,37,26,13,37,27
32,25,27,0,35,48,28,39,37,32,25,24,20,37,25,10,41,32,31,33,35,35,33,47,35,36,33,35,38,43,8,46,34,27,38,28,26,28,33,25,35,41,14,38,41,36,30,32,39,37,37,34,39,26,26,25,37,36,28,41,35,33,46,45,36,25,2,29,27,34,43,29,35,39,37,32,29,36,37,14,40,14,32,38,34,33,28,38,36,27,30,31,27,26,27,46,29,29,28,39,26,50,32,29,28,30,22,10,50,45,39,26,41,33,38,32,38,33,42,40,14,32,36,38,32,36,40,23,40,38,34,39,38,28,33,34,22,38,38,27,36,35,36,37,35,34,37,26,35,36,32,8,23,34,41,33,32,33,19,40,35,47,25,33,16,39,40,35,43,24,52,36,36,20,41,38,38,36,47,50,38,25,26,24,41,37,33,38
30,19,19,35,0,55,25,30,17,22,32,38,43,19,40,46,4,30,17,24,32,22,47,56,22,6,43,21,38,43,45,42,42,16,26,17,24,20,17,19,22,20,33,26,14,43,42,34,40,30,53,54,38,26,20,26,37,48,47,27,22,6,44,40,30,19,36,45,36,15,56,24,23,48,33,3,25,21,25,37,14,51,26,10,47,43,23,20,20,45,47,33,48,38,41,45,27,19,26,21,47,50,32,45,33,36,49,39,60,39,12,26,6,23,13,8,41,45,39,18,47,41,21,4,32,34,39,26,8,9,31,4,30,41,9,36,44,20,2,34,6,26,10,2,19,21,19,26,42,14,18,41,26,19,8,13,37,34,37,10,52,45,41,45,37,41,46,10,5,32,47,17,38,46,32,13,37,17,43,61,2,17,44,43,13,13,39,29
45,59,51,48,55,0,58,51,59,56,56,38,46,53,46,36,57,53,47,47,56,44,58,66,45,48,56,44,40,57,44,38,61,60,56,53,59,56,49,56,44,61,56,55,47,42,37,52,55,48,40,56,41,52,60,59,36,40,59,34,48,54,64,42,48,58,53,61,44,52,52,54,56,50,49,63,54,61,58,48,51,34,60,54,55,64,56,51,52,58,48,44,54,46,42,28,49,55,51,56,56,50,50,52,51,45,42,60,51,35,53,56,49,59,55,54,50,46,34,56,43,53,61,57,50,58,51,56,49,59,61,61,61,35,55,53,44,56,57,48,62,52,54,60,52,62,55,56,51,63,61,44,56,59,50,55,35,48,33,50,58,31,34,46,46,46,30,55,48,55,28,56,39,44,60,56,49,62,54,63,56,59,28,43,56,53,59,58
22,18,21,28,25,58,0,25,24,26,24,35,40,23,34,38,21,28,16,24,19,27,39,57,31,31,35,27,45,43,34,25,41,19,26,13,18,2,23,17,27,32,34,24,28,36,49,26,41,33,55,48,35,31,15,24,32,43,38,36,25,25,43,36,25,19,30,41,28,28,49,22,15,33,11,20,19,2,26,34,26,41,27,21,42,39,22,28,25,37,45,37,39,29,38,45,18,18,22,15,41,56,29,38,25,29,45,24,57,46,28,23,24,7,22,22,25,42,23,30,42,36,2,23,28,40,19,16,25,22,19,22,35,43,23,33,34,25,18,24,22,27,24,19,11,3,25,23,40,27,26,38,16,24,26,22,37,28,33,25,54,38,43,47,34,42,45,24,24,26,47,28,19,33,35,22,38,25,41,55,22,20,43,37,33,22,38,25
24,39,29,39,30,51,25,0,34,8,35,38,39,35,28,40,34,23,28,9,33,7,41,51,6,33,46,7,31,44,36,45,10,30,7,29,30,30,29,30,7,33,32,22,34,46,37,25,32,31,49,53,8,23,28,26,32,49,39,34,7,35,41,9,27,30,41,46,18,26,49,16,35,36,29,39,29,26,27,41,32,43,30,28,51,47,26,31,43,40,36,22,43,30,39,45,4,32,38,30,38,43,25,39,35,32,45,25,58,36,30,29,36,33,32,35,36,46,36,37,46,31,34,36,26,30,37,27,33,38,30,44,34,35,36,43,46,32,34,39,38,24,30,30,29,30,29,29,29,40,44,38,27,38,32,26,35,1,29,38,50,39,35,35,28,35,46,28,34,32,31,36,34,43,38,32,33,36,32,48,34,36,42,34,35,31,35,33
28,19,19,37,17,59,24,34,0,28,31,37,48,8,38,46,17,28,16,34,37,28,44,52,31,19,41,28,42,46,40,46,38,17,29,21,26,24,25,23,28,4,34,29,15,40,45,30,41,29,57,55,36,33,17,27,41,50,46,39,30,11,45,37,24,26,41,50,39,17,56,26,27,45,36,19,26,27,27,39,17,49,23,18,46,49,26,16,11,51,48,37,47,34,37,49,31,24,23,27,46,45,36,51,30,40,53,34,56,46,18,23,16,25,9,20,38,50,41,4,53,43,28,23,36,40,42,26,20,18,32,18,39,48,12,41,45,6,16,28,16,37,17,15,24,29,2,24,44,22,9,46,26,14,24,9,39,36,42,20,57,48,48,48,35,47,43,17,17,35,48,6,39,45,39,11,43,14,43,63,15,27,47,49,23,9,41,24
24,29,31,32,22,56,26,8,28,0,25,38,37,29,31,42,30,11,14,2,28,1,43,49,9,29,43,1,25,41,42,46,41,19,1,21,26,21,28,22,1,23,26,12,33,43,39,24,21,31,44,50,9,22,17,23,27,40,45,34,1,22,42,11,25,26,36,39,13,22,52,10,24,35,30,29,20,21,22,34,29,37,21,26,45,44,16,27,34,38,46,25,40,30,41,47,3,29,23,22,43,35,22,36,28,36,49,30,60,40,27,21,29,26,21,27,27,39,25,28,45,38,27,28,23,34,28,25,27,33,23,33,32,37,22,25,37,25,28,31,28,27,24,30,18,22,23,21,17,34,30,43,25,28,27,25,37,15,35,32,44,43,36,35,25,38,39,25,33,23,29,29,38,35,32,21,40,26,36,59,22,27,44,39,34,20,34,22
20,24,22,25,32,56,24,35,31,25,0,25,28,35,29,31,32,26,24,18,36,28,30,44,30,34,28,28,45,34,29,45,36,15,21,29,27,26,27,23,28,34,23,22,29,31,31,20,30,32,49,46,32,26,16,24,34,41,32,31,26,31,42,33,34,21,26,30,34,35,47,26,31,40,32,29,29,21,26,24,29,35,30,29,28,36,23,31,33,32,41,34,40,15,25,49,27,24,19,26,39,49,31,35,2,21,41,24,45,45,32,19,37,24,29,29,42,33,33,35,41,13,18,27,31,32,38,18,35,31,28,31,42,30,31,27,37,34,28,28,32,35,29,30,26,29,35,19,34,34,32,34,18,32,34,30,31,29,27,33,48,44,29,35,29,35,39,31,37,24,42,32,40,36,34,29,28,33,41,53,30,24,41,39,34,30,33,30
25,29,27,24,38,38,35,38,37,38,25,0,36,40,2,36,38,36,35,35,29,35,46,37,35,39,18,35,42,37,36,45,47,30,33,37,41,30,32,30,35,36,37,32,43,18,33,31,41,34,36,39,42,38,29,37,34,40,44,42,34,37,35,38,34,26,36,22,38,32,30,34,28,37,30,34,30,29,35,31,35,35,37,41,46,46,30,31,40,24,26,34,30,22,39,32,38,35,34,30,30,49,32,24,29,3,35,25,42,49,38,26,42,32,38,40,36,22,43,42,42,31,37,38,33,37,44,27,41,39,39,39,37,29,39,17,32,38,33,38,39,36,33,34,30,22,38,26,39,40,36,43,27,40,39,31,5,43,1,40,35,46,28,28,33,29,12,40,38,27,46,36,39,31,43,38,34,38,43,34,33,34,8,24,39,35,37,36
35,33,37,20,43,46,40,39,48,37,28,36,0,44,32,4,43,33,31,36,39,34,39,56,31,34,32,34,30,32,2,41,39,29,37,39,44,32,34,35,34,46,14,35,39,32,31,28,33,36,35,37,36,35,33,33,40,40,45,30,31,39,53,32,29,45,25,41,29,44,41,28,30,42,29,46,29,31,31,14,33,14,37,44,40,49,26,43,46,48,33,26,43,25,41,40,39,38,31,42,44,46,26,49,37,34,12,10,48,44,41,31,34,38,36,40,36,42,31,43,12,29,35,44,26,27,42,25,36,39,33,40,43,23,37,41,14,49,41,30,45,38,36,44,45,41,47,31,35,45,43,2,25,39,37,37,36,34,35,37,31,48,22,28,26,32,34,45,36,38,43,42,42,12,45,36,34,46,34,50,42,41,32,10,43,37,33,37
31,22,19,37,19,53,23,35,8,29,35,40,44,0,41,44,23,31,19,33,34,29,49,55,32,18,47,30,42,50,44,46,43,20,30,21,28,27,27,26,29,6,35,30,20,46,45,29,37,32,56,53,35,37,19,30,44,52,49,40,30,19,47,38,26,27,43,50,39,19,54,27,31,47,36,22,24,24,28,37,18,52,27,18,47,51,26,18,4,49,51,37,47,36,37,52,28,23,26,30,48,50,36,49,34,41,49,38,54,47,21,23,19,29,14,19,40,50,42,4,53,44,27,27,36,42,43,28,19,21,35,24,44,44,18,41,45,8,23,30,23,42,25,23,30,25,8,22,38,22,6,44,29,16,20,11,38,35,41,23,56,49,44,44,35,47,42,21,19,36,49,2,41,48,45,16,42,18,43,63,19,23,40,48,25,13,41,23
29,27,29,25,40,46,34,28,38,31,29,2,32,41,0,34,37,35,33,33,31,29,35,45,33,35,19,29,44,37,41,45,43,30,31,36,34,30,28,28,29,39,33,27,37,21,35,29,29,31,34,44,36,35,32,33,37,36,33,40,27,36,36,41,31,31,28,27,30,38,43,35,30,41,39,36,30,32,33,35,42,36,36,34,41,35,26,36,41,35,34,33,25,18,42,40,26,23,30,26,25,51,32,35,29,10,40,24,52,43,38,26,35,33,33,33,34,28,35,41,47,32,30,32,32,38,47,21,41,36,32,35,37,32,37,6,32,35,36,29,37,38,33,38,34,30,38,26,39,39,40,35,21,36,37,38,2,34,2,41,33,48,30,12,31,26,28,37,35,21,42,39,44,32,40,33,29,37,42,44,38,30,20,33,41,32,32,36
39,37,37,10,46,36,38,40,46,42,31,36,4,44,34,0,44,37,35,39,27,36,46,58,36,38,42,38,44,43,26,52,47,33,39,39,42,41,34,36,36,50,22,30,35,43,32,32,38,40,46,40,28,43,42,37,38,33,47,34,34,41,43,41,28,37,19,39,33,40,38,31,43,47,37,38,29,43,29,32,35,28,39,44,43,40,38,41,46,44,43,33,48,34,36,51,39,30,32,45,40,47,30,44,44,31,16,6,46,34,43,39,36,37,43,42,41,38,28,46,32,42,44,47,31,33,30,32,41,43,41,37,41,31,41,47,22,47,44,26,49,48,38,45,42,41,48,39,32,49,49,10,32,44,42,41,40,41,29,39,45,45,30,28,34,40,34,45,38,41,41,47,31,22,50,43,41,46,39,50,46,44,34,16,44,46,44,41
34,22,22,41,4,57,21,34,17,30,32,38,43,23,37,44,0,30,18,35,36,30,48,56,28,16,46,30,47,48,44,37,46,19,31,19,25,25,24,23,30,24,41,30,21,47,42,36,41,32,49,56,41,28,23,36,37,47,48,29,30,11,46,39,21,22,39,46,38,21,55,30,24,48,32,11,22,23,36,41,23,48,32,8,46,48,32,18,23,50,49,40,50,35,31,53,36,24,26,22,50,52,39,50,30,35,50,41,58,45,9,30,20,20,17,5,42,47,37,24,48,39,21,12,39,40,37,24,16,4,31,10,30,42,12,37,47,24,5,26,10,32,10,8,24,20,18,30,37,16,22,42,24,20,23,20,41,37,41,17,48,43,42,44,37,41,42,8,22,32,47,21,41,47,40,17,41,19,45,61,4,22,44,45,15,16,43,32
21,33,29,32,30,53,28,23,28,11,26,36,33,31,35,37,30,0,21,12,27,13,46,58,12,29,45,15,30,39,39,37,42,17,19,16,22,30,27,26,13,31,21,17,30,47,34,23,37,30,51,50,23,21,17,18,29,46,43,32,15,26,43,18,29,26,37,47,21,16,51,14,28,33,33,27,22,28,17,32,32,42,22,29,51,39,10,22,32,46,47,32,48,28,36,50,16,25,28,28,48,32,33,47,29,33,42,20,49,37,20,19,30,20,24,25,27,49,29,30,38,42,28,29,33,29,32,21,28,30,20,31,20,34,26,37,32,31,34,22,29,18,33,32,30,30,28,19,30,35,29,32,21,28,26,22,36,27,38,28,50,42,34,43,21,46,45,28,30,37,39,26,30,33,22,24,33,32,35,54,28,26,39,37,30,19,26,17
18,6,8,31,17,47,16,28,16,14,24,35,31,19,33,35,18,21,0,22,16,22,42,50,22,16,38,22,37,42,35,41,37,1,20,7,21,16,6,23,22,19,29,18,20,41,38,22,24,17,47,47,24,24,7,18,37,43,42,22,18,16,44,26,7,18,33,36,23,15,47,18,18,32,26,14,20,22,14,33,19,47,24,16,40,44,16,21,18,40,47,33,38,29,31,49,24,22,27,20,37,43,31,43,20,37,35,29,57,31,17,14,14,22,10,14,40,39,25,19,41,39,20,21,31,23,29,17,15,20,23,21,26,37,13,29,37,20,13,19,17,20,23,14,12,18,19,14,28,25,18,37,17,18,15,11,35,23,33,17,44,39,37,35,27,37,39,15,16,33,27,16,32,33,30,10,37,18,45,53,13,20,35,30,22,7,33,22
11,25,30,33,24,47,24,9,34,2,18,35,36,33,33,39,35,12,22,0,18,11,44,54,3,31,39,3,29,46,47,38,26,21,11,23,28,26,25,24,3,27,29,17,32,38,38,18,20,32,56,55,8,23,21,22,40,43,46,38,3,25,39,10,28,25,43,42,12,31,51,4,25,43,27,27,28,29,25,33,28,45,23,26,40,42,18,24,39,43,50,29,45,36,37,46,3,25,25,26,48,34,28,43,32,38,40,30,58,29,26,22,31,32,25,29,32,41,22,32,46,39,35,30,28,37,36,21,33,35,25,32,39,36,26,38,39,29,23,28,30,25,29,24,21,27,25,22,16,34,31,42,21,31,34,26,37,9,33,34,57,41,35,34,25,45,42,27,37,32,31,32,30,37,37,25,35,31,37,54,23,23,43,42,34,24,39,24
32,30,23,35,32,56,19,33,37,28,36,29,39,34,31,27,36,27,16,18,0,31,48,54,31,22,48,31,42,48,30,28,36,23,26,22,16,20,27,25,31,36,27,23,35,48,31,37,23,28,39,48,18,34,24,32,20,48,42,23,27,35,43,20,21,12,43,41,30,25,47,31,24,42,16,34,26,15,33,34,21,43,31,37,50,50,36,25,38,41,39,40,39,34,31,46,34,20,29,16,39,50,36,40,31,34,37,34,50,30,34,25,30,15,32,34,14,41,22,32,46,45,22,33,36,37,14,28,23,35,33,34,31,32,29,43,33,32,34,20,31,35,33,27,8,24,33,25,20,39,38,32,28,35,22,25,35,27,36,20,37,18,32,32,27,38,40,26,22,35,26,31,10,31,41,32,27,36,30,52,32,25,32,40,22,36,44,28
24,29,28,35,22,44,27,7,28,1,28,35,34,29,29,36,30,13,22,11,31,0,38,48,1,28,38,1,29,42,38,38,25,19,1,22,30,25,30,22,1,24,30,14,33,38,35,18,23,33,55,43,5,22,20,21,27,40,41,33,1,22,41,7,29,28,34,46,7,23,48,2,18,40,26,29,19,18,19,33,29,42,21,29,40,42,14,26,34,41,46,26,48,32,39,48,3,21,25,28,45,31,23,40,30,28,40,26,54,25,24,25,29,25,22,23,31,46,24,29,43,38,24,28,24,29,28,21,27,33,22,31,34,33,23,34,35,26,22,27,28,26,25,22,20,18,24,25,22,36,29,38,21,29,33,22,35,7,35,31,56,40,32,35,24,38,37,25,32,26,32,28,26,32,34,22,37,28,42,47,22,28,41,35,30,21,30,22
44,30,30,33,47,58,39,41,44,43,30,46,39,49,35,46,48,46,42,44,48,38,0,51,43,47,31,42,51,28,39,55,41,45,43,35,42,43,45,32,42,45,35,40,44,33,47,34,49,46,42,34,41,43,38,40,47,35,10,44,42,44,45,47,50,36,32,27,38,44,43,35,46,39,43,45,36,44,44,38,41,48,47,44,26,32,39,47,46,30,34,31,33,29,42,47,44,34,34,37,36,55,31,32,38,44,52,27,52,44,45,39,49,37,45,42,39,29,46,49,53,29,45,41,31,38,50,37,46,46,44,46,41,47,44,33,42,48,46,38,43,49,43,44,42,41,49,39,44,46,43,46,37,44,48,46,38,46,44,48,42,52,47,44,41,32,34,46,51,34,54,45,46,35,45,45,41,46,42,57,46,36,42,42,51,46,39,47
50,50,50,47,56,66,57,51,52,49,44,37,56,55,45,58,56,58,50,54,54,48,51,0,53,59,42,55,68,47,47,52,50,49,59,53,53,55,54,49,55,57,48,54,56,42,52,50,53,53,43,45,58,55,51,54,55,50,45,59,54,53,59,61,52,54,60,42,61,58,54,50,50,48,52,52,52,55,56,43,54,58,56,57,50,50,53,57,60,42,42,43,38,43,55,41,54,50,51,51,39,63,49,44,50,46,55,44,57,64,57,50,55,54,52,50,54,44,61,60,51,51,51,57,49,56,64,48,64,57,56,57,57,58,53,42,55,56,56,57,56,57,55,55,56,48,60,50,55,60,55,55,48,55,57,53,42,61,44,58,41,59,57,51,48,42,51,60,59,52,54,58,52,56,59,52,53,58,52,35,56,52,53,50,62,53,47,56
24,29,28,35,22,45,31,6,31,9,30,35,31,32,33,36,28,12,22,3,31,1,43,53,0,31,41,1,21,45,31,40,40,19,1,18,30,19,29,21,1,24,27,14,33,41,36,19,17,29,56,42,5,24,20,18,34,39,41,35,1,22,37,7,31,26,33,37,7,24,52,10,24,36,26,29,19,16,19,33,33,42,21,27,41,42,16,24,32,41,45,29,40,27,39,46,18,26,25,20,37,31,27,41,30,31,42,18,58,26,26,20,27,26,21,23,37,37,24,29,42,38,24,28,26,35,30,23,27,32,23,34,26,34,23,24,33,28,28,29,28,20,27,22,18,22,24,20,21,35,30,38,23,30,33,22,33,15,36,28,56,42,34,35,24,38,39,24,33,27,32,28,34,33,38,20,31,28,40,54,30,32,42,32,32,25,35,22
32,23,17,36,6,48,31,33,19,29,34,39,34,18,35,38,16,29,16,31,22,28,47,59,31,0,48,33,35,45,36,36,40,12,33,23,33,22,19,21,34,21,34,32,10,47,33,31,30,24,41,41,29,27,26,26,35,46,46,26,31,9,37,31,16,26,42,54,25,14,45,32,22,42,23,12,23,24,25,39,6,42,32,19,49,47,29,14,25,51,50,34,48,39,34,36,38,23,30,27,48,41,33,50,29,41,38,37,50,36,16,28,1,28,16,19,29,54,26,20,38,47,32,10,33,23,34,28,3,16,37,14,35,32,9,38,38,19,6,16,18,33,18,5,29,32,19,29,31,28,14,30,28,20,3,12,47,35,46,3,41,46,32,36,31,48,38,20,1,32,42,19,34,38,37,16,32,18,34,48,5,25,36,34,9,10,45,35
26,38,40,33,43,56,35,46,41,43,28,18,32,47,19,42,46,45,38,39,48,38,31,42,41,48,0,41,47,35,41,51,48,33,42,41,41,43,38,37,43,48,41,41,46,5,44,44,53,44,33,33,45,41,41,34,49,13,23,48,43,40,49,50,41,40,39,4,50,46,28,36,43,29,44,41,37,46,43,39,49,46,44,43,36,31,31,42,47,22,13,33,24,33,47,41,44,34,36,42,27,56,33,26,36,34,47,31,41,51,44,41,50,43,46,45,53,9,45,50,48,37,40,41,33,44,51,36,51,42,39,43,44,35,42,32,42,49,42,42,46,50,42,42,45,41,45,41,43,48,42,44,36,45,52,40,28,42,28,44,30,49,33,38,40,31,30,51,50,36,54,43,42,35,46,46,39,45,42,45,48,36,36,39,46,42,39,40
24,31,30,35,21,44,27,7,28,1,28,35,34,30,29,38,30,15,22,3,31,1,42,55,1,33,41,0,29,43,38,34,33,19,1,22,24,17,28,28,1,24,21,13,29,41,35,24,23,31,56,47,5,22,20,21,27,44,44,33,1,22,41,7,25,19,34,47,7,24,48,2,18,38,27,29,19,14,20,37,29,42,21,27,41,44,16,24,35,39,46,28,43,33,39,47,3,20,25,22,41,31,25,38,30,33,43,26,58,25,24,24,30,25,23,24,26,47,24,29,39,38,26,27,26,29,32,21,27,29,22,31,29,33,23,34,40,28,22,31,28,28,25,22,24,18,24,24,29,35,29,38,21,29,33,23,36,15,37,28,56,38,32,37,24,38,43,25,30,26,32,28,28,28,31,23,31,28,42,51,22,22,43,35,29,24,28,22
36,36,40,38,38,40,45,31,42,25,45,42,30,42,44,44,47,30,37,29,42,29,51,68,21,35,47,29,0,47,41,33,38,45,24,46,41,40,33,29,29,42,36,37,34,47,38,45,29,39,52,37,8,44,32,47,31,52,45,28,21,47,50,6,23,42,42,47,8,46,51,30,32,46,42,43,39,42,41,25,42,40,41,45,45,42,28,42,52,50,49,47,50,46,39,51,26,34,29,41,48,10,46,50,35,39,31,36,60,32,44,35,38,40,35,49,29,46,30,50,33,49,43,42,47,29,36,35,38,44,47,45,37,39,50,48,40,45,43,28,48,34,44,44,45,40,43,35,50,52,48,29,35,44,40,41,43,37,48,40,53,39,40,43,23,44,44,41,41,32,21,45,35,35,31,34,28,50,39,58,42,37,43,39,43,45,37,39
41,38,38,43,43,57,43,44,46,41,34,37,32,50,37,43,48,39,42,46,48,42,28,47,45,45,35,43,47,0,39,45,50,47,47,36,41,39,42,40,41,48,30,41,47,44,42,33,42,45,40,41,47,39,47,37,50,36,24,44,40,40,58,46,48,38,44,38,46,47,47,38,41,31,49,41,41,40,39,36,52,47,43,43,30,4,41,43,43,32,31,43,30,41,42,50,40,39,30,42,36,57,41,33,42,37,50,36,47,45,44,37,50,38,46,43,49,38,50,50,49,41,39,44,41,36,47,36,50,42,44,43,44,42,42,37,37,49,46,42,41,43,41,41,48,44,47,37,44,45,42,42,36,42,47,45,39,44,35,51,37,55,41,44,37,34,41,44,49,34,53,44,52,43,42,46,45,43,47,42,46,37,44,45,49,45,33,45
33,32,32,8,45,44,34,36,40,42,29,36,2,44,41,26,44,39,35,47,30,38,39,47,31,36,41,38,41,39,0,46,42,38,36,39,44,41,38,32,35,48,14,31,45,45,35,32,34,38,44,39,31,42,33,39,39,36,32,39,39,45,41,40,34,38,5,39,27,43,44,33,29,39,30,42,33,41,34,22,35,6,38,40,43,37,36,43,47,36,38,34,44,28,39,40,35,35,38,42,45,44,36,36,31,29,18,18,45,35,39,35,46,30,41,40,37,38,38,44,6,40,40,43,36,37,44,32,39,44,40,43,43,30,45,45,12,46,41,36,44,32,42,45,38,44,49,35,31,47,39,2,32,42,42,40,41,35,39,39,42,50,30,24,26,35,24,39,40,36,39,48,38,26,48,41,35,48,37,49,41,39,29,16,42,42,25,39
38,38,44,46,42,38,25,45,46,46,45,45,41,46,45,52,37,37,41,38,28,38,55,52,40,36,51,34,33,45,46,0,42,38,36,47,38,29,31,31,34,46,42,35,39,50,45,41,33,33,51,53,32,41,42,40,18,55,50,36,31,36,47,37,25,22,43,54,30,38,56,32,18,49,36,42,26,30,36,48,37,34,41,43,57,51,36,45,45,38,44,44,55,49,27,47,36,30,42,32,55,28,40,37,35,47,38,48,60,20,46,44,35,29,46,44,22,52,30,47,39,52,26,39,40,40,16,40,31,46,41,46,50,44,37,48,52,45,34,37,43,49,40,37,32,44,44,44,33,54,42,45,40,46,32,47,46,32,47,36,51,18,44,49,41,45,45,45,36,37,32,48,6,46,40,46,42,41,51,61,33,33,43,46,28,43,44,38
34,41,36,34,42,61,41,10,38,41,36,47,39,43,43,47,46,42,37,26,36,25,41,50,40,40,48,33,38,50,42,42,0,35,33,39,44,39,42,39,33,40,37,35,47,46,45,44,41,44,59,51,25,41,39,35,35,44,43,37,25,37,38,25,44,39,39,52,44,36,59,24,40,42,45,45,39,39,34,41,40,48,36,44,53,53,38,44,49,51,50,35,30,38,40,53,15,40,39,36,29,25,41,50,44,41,47,45,60,49,49,31,45,43,36,41,42,52,31,42,52,39,41,40,41,40,39,34,38,43,42,42,42,47,37,44,47,39,40,44,42,41,45,38,34,40,37,31,26,49,41,45,34,41,39,35,46,9,41,37,59,39,47,35,29,44,53,39,46,38,29,37,41,49,46,36,38,39,50,64,38,41,50,52,44,35,42,35
21,17,17,27,16,60,19,30,17,19,15,30,29,20,30,33,19,17,1,21,23,19,45,49,19,12,33,19,45,47,38,38,35,0,15,2,20,17,11,8,19,20,26,13,17,41,43,15,31,20,51,45,33,21,2,13,34,42,41,12,15,17,41,35,6,17,34,35,23,15,47,13,17,35,27,20,17,17,17,36,22,42,22,16,43,43,13,15,18,43,42,32,41,28,18,41,17,21,22,17,41,37,30,43,29,36,36,24,58,26,21,13,19,15,13,15,33,38,20,17,40,36,19,21,30,23,29,21,15,21,26,22,25,42,15,30,40,19,14,16,19,23,16,14,19,19,20,13,25,25,19,30,21,17,12,8,34,27,36,24,49,37,42,36,22,36,36,22,12,26,40,17,29,30,23,13,34,20,40,48,20,13,36,33,18,8,30,21
13,28,28,38,26,56,26,7,29,1,21,33,37,30,31,39,31,19,20,11,26,1,43,59,1,33,42,1,24,47,36,36,33,15,0,22,28,23,28,22,1,24,33,13,28,44,40,17,26,26,45,45,8,10,20,22,31,39,43,34,1,21,34,10,23,21,36,39,6,24,51,2,22,37,28,27,29,22,24,35,30,39,17,25,41,46,16,24,35,41,45,31,46,34,38,47,3,23,23,21,46,26,29,42,31,37,40,29,60,25,28,23,29,19,22,27,28,38,12,30,44,31,25,26,30,38,35,25,25,27,25,31,32,37,23,29,40,26,22,30,28,20,27,22,17,21,24,23,16,35,30,41,25,27,29,21,40,22,37,28,44,42,36,34,24,34,40,25,32,28,37,27,35,34,32,22,36,28,37,52,21,24,44,34,32,21,26,21
21,13,13,28,17,53,13,29,21,21,29,37,39,21,36,39,19,16,7,23,22,22,35,53,18,23,41,22,46,36,39,47,39,2,22,0,24,13,19,12,20,21,30,23,24,44,45,19,38,32,50,46,39,26,6,20,39,45,42,25,20,21,33,34,23,18,29,41,31,17,52,21,22,35,32,14,18,15,21,30,24,33,27,21,42,41,20,25,24,39,45,34,43,26,23,45,26,13,21,18,44,54,30,40,32,35,39,30,59,35,22,14,17,14,15,20,33,43,35,23,41,36,15,19,31,29,30,20,22,22,21,25,30,43,21,27,35,22,14,22,23,18,20,18,16,14,20,14,34,22,22,37,20,17,23,14,33,33,35,15,48,38,43,41,28,36,37,22,23,19,39,21,34,37,28,15,40,26,47,57,14,13,49,39,25,12,32,26
19,17,23,26,24,59,18,30,26,26,27,41,44,28,34,42,25,22,21,28,16,30,42,53,30,33,41,24,41,41,44,38,44,20,28,24,0,14,28,26,31,31,30,22,31,45,45,26,36,32,45,47,33,30,21,30,38,49,39,36,31,26,40,36,29,28,29,39,38,22,58,25,30,37,34,22,20,18,25,29,28,48,24,23,38,43,17,24,36,48,45,37,40,36,30,50,28,21,25,24,42,50,36,48,23,36,49,32,60,38,23,23,32,19,26,22,22,40,32,30,50,35,20,26,36,29,37,23,35,26,18,23,39,45,27,36,38,30,27,32,27,33,28,26,16,17,31,23,32,30,29,43,23,28,34,21,40,32,42,31,43,46,45,44,28,41,42,24,35,27,51,27,34,42,39,26,36,33,33,55,29,32,42,47,29,22,36,26
20,20,18,28,20,56,2,30,24,21,26,30,32,27,30,41,25,30,16,26,20,25,43,55,19,22,43,17,40,39,41,29,39,17,23,13,14,0,21,17,29,27,27,19,24,39,43,23,38,29,50,42,37,35,19,24,20,42,41,29,25,18,39,39,18,18,34,37,32,20,55,17,22,41,6,20,12,10,24,28,26,46,27,19,43,47,19,14,25,33,49,31,39,32,34,56,25,16,26,14,40,43,30,34,24,36,44,27,58,36,24,16,22,6,18,18,20,39,16,22,36,33,8,21,31,33,14,18,29,19,12,21,40,42,18,32,35,26,19,28,22,35,24,19,6,2,29,16,41,30,25,30,18,25,24,19,34,28,34,24,49,38,40,48,28,40,38,25,27,30,28,24,22,36,41,18,38,26,44,53,19,21,42,40,31,20,31,27
23,8,10,33,17,49,23,29,25,28,27,32,34,27,28,34,24,27,6,25,27,30,45,54,29,19,38,28,33,42,38,31,42,11,28,19,28,21,0,5,30,31,30,24,30,40,40,27,29,26,47,49,24,31,21,30,29,45,45,14,27,24,42,28,6,23,28,36,23,26,49,20,19,46,34,23,19,23,22,30,23,41,30,22,41,44,28,28,23,41,44,31,37,31,30,47,20,10,28,21,38,47,28,42,24,41,36,31,61,36,23,23,19,21,25,25,28,36,23,25,38,38,27,26,28,24,27,18,22,20,32,25,38,39,26,33,43,30,22,18,19,37,21,19,19,23,26,23,31,25,21,39,17,29,23,25,39,25,31,14,45,36,39,37,37,37,45,18,22,27,38,28,28,36,37,25,37,19,41,58,18,5,41,39,24,23,39,31
17,1,1,25,19,56,17,30,23,22,23,30,35,26,28,36,23,26,23,24,25,22,32,49,21,21,37,28,29,40,32,31,39,8,22,12,26,17,5,0,32,20,28,27,20,42,40,29,35,24,46,40,22,28,12,27,25,44,29,18,21,17,35,25,6,15,27,41,17,22,46,20,13,41,29,16,13,17,23,26,17,40,24,20,37,37,23,20,19,37,39,30,31,26,12,46,24,1,15,17,36,37,28,38,23,32,40,30,54,36,17,14,18,21,21,15,29,42,31,23,41,30,17,21,29,25,34,14,21,15,24,19,32,36,15,26,32,22,17,14,19,32,17,17,21,23,24,14,33,16,15,34,14,22,20,22,32,30,32,23,45,44,36,34,30,36,42,23,20,13,36,24,36,36,33,21,26,19,42,52,17,3,38,40,25,22,38,26
24,29,28,35,22,44,27,7,28,1,28,35,34,29,29,36,30,13,22,3,31,1,42,55,1,34,43,1,29,41,35,34,33,19,1,20,31,29,30,32,0,24,24,14,35,40,35,25,15,29,54,51,5,24,22,21,28,40,41,32,1,28,41,7,31,24,32,43,7,24,48,2,26,36,28,27,20,18,19,35,29,44,21,27,40,45,14,24,34,44,46,28,43,25,39,50,3,29,25,20,40,23,25,43,30,28,37,27,58,25,26,23,29,21,22,25,35,43,24,31,41,38,26,28,26,29,32,21,27,27,24,31,34,33,23,34,33,26,22,26,28,26,25,24,22,20,24,23,21,35,29,40,21,28,33,22,35,7,36,30,54,40,32,37,22,33,43,25,30,26,32,28,27,37,34,22,32,30,40,47,24,28,40,44,30,21,35,21
30,23,20,41,20,61,32,33,4,23,34,36,46,6,39,50,24,31,19,27,36,24,45,57,24,21,48,24,42,48,48,46,40,20,24,21,31,27,31,20,24,0,37,31,27,46,48,29,40,35,48,57,35,33,17,29,42,47,47,41,24,15,41,40,30,26,42,49,37,13,53,26,25,45,34,24,25,27,29,37,27,56,24,20,51,50,28,18,8,49,53,35,50,37,41,50,32,24,29,24,50,56,35,48,34,40,53,39,61,49,19,27,22,30,11,19,43,48,44,2,51,45,27,20,34,41,43,26,17,24,32,25,39,47,16,39,44,10,19,36,25,38,24,19,26,27,2,27,40,20,8,44,26,14,22,13,40,33,40,23,49,50,49,44,33,47,48,23,22,35,52,6,42,44,41,13,42,10,39,58,20,22,48,50,26,11,40,23
21,29,27,14,33,56,34,32,34,26,23,37,14,35,33,22,41,21,29,29,27,30,35,48,27,34,41,21,36,30,14,42,37,26,33,30,30,27,30,28,24,37,0,23,40,34,30,24,39,33,54,43,30,30,32,25,34,46,32,29,25,31,46,41,27,26,12,33,33,30,46,28,28,32,33,32,23,28,31,6,31,20,29,35,41,35,22,30,40,36,46,30,36,27,25,44,31,30,23,27,35,47,25,38,30,29,28,10,54,41,37,29,30,27,27,32,32,35,31,36,14,22,32,39,26,28,38,30,34,36,29,37,40,33,29,24,14,36,35,27,32,34,38,35,35,31,34,29,36,37,38,6,30,34,34,28,25,35,24,32,53,43,33,36,14,33,42,38,33,29,42,31,40,22,37,27,38,41,41,58,35,29,36,26,39,32,21,26
4,22,22,38,26,55,24,22,29,12,22,32,35,30,27,30,30,17,18,17,23,14,40,54,14,32,41,13,37,41,31,35,35,13,13,23,22,19,24,27,14,31,23,0,35,34,31,12,36,32,45,47,23,27,20,16,35,39,37,29,16,24,43,24,23,25,32,34,20,28,53,16,26,30,33,23,18,22,23,35,30,41,25,26,47,35,18,25,33,38,38,25,34,28,30,48,16,21,30,28,37,39,29,40,22,34,43,24,53,32,29,24,30,17,24,26,27,38,26,27,36,39,27,29,28,28,35,20,29,28,21,32,29,33,26,29,38,29,29,34,28,31,30,24,28,29,31,24,34,34,29,43,20,27,30,24,36,28,28,35,42,45,33,38,19,40,38,32,38,21,41,28,34,31,38,24,36,32,38,52,29,28,41,37,36,23,32,25
35,23,24,41,14,47,28,34,15,33,29,43,39,20,37,35,21,30,20,32,35,33,44,56,33,10,46,29,34,47,45,39,47,17,28,24,31,24,30,20,35,27,40,35,0,49,33,35,34,25,44,52,32,33,24,30,39,47,49,33,35,12,43,32,21,27,40,46,36,18,46,28,29,49,21,17,31,28,33,40,6,43,34,19,45,53,27,10,31,48,51,40,53,34,27,43,32,23,28,25,53,38,40,45,31,41,45,31,47,33,6,29,14,31,22,5,31,41,31,19,41,44,32,9,40,30,33,22,16,16,34,16,41,32,12,46,37,21,14,21,18,41,20,14,27,29,23,29,34,14,23,31,22,19,14,10,38,37,38,18,44,45,31,37,38,47,31,20,8,33,37,18,39,39,43,23,34,26,41,53,13,22,31,39,6,18,38,30
30,39,41,36,43,42,36,46,40,43,31,18,32,46,21,43,47,47,41,38,48,38,33,42,41,47,5,41,47,44,45,50,46,41,44,44,45,39,40,42,40,46,34,34,49,0,45,45,51,44,30,31,45,42,42,38,50,9,27,45,43,39,45,50,41,41,41,9,48,46,34,39,43,31,48,42,38,47,44,40,51,43,41,44,39,34,35,41,47,26,9,34,27,35,45,34,43,38,38,43,24,56,34,22,37,35,46,33,44,53,43,40,52,44,45,46,53,4,45,50,45,37,41,41,34,43,51,38,50,42,41,43,44,33,41,32,43,48,43,42,46,49,41,43,45,43,44,40,43,47,40,43,38,44,51,38,29,39,29,41,33,49,30,38,40,29,30,50,50,39,54,43,42,34,46,46,39,44,42,46,48,38,34,39,45,40,42,36
34,40,36,30,42,37,49,37,45,39,31,33,31,45,35,32,42,34,38,38,31,35,47,52,36,33,44,35,38,42,35,45,45,43,40,45,45,43,40,40,35,48,30,31,33,45,0,37,35,40,44,40,30,39,40,42,37,50,43,34,35,41,44,33,28,39,43,46,32,36,44,36,43,43,31,48,43,45,40,40,36,39,42,44,51,45,44,41,45,47,44,10,41,36,42,34,38,43,35,40,41,33,32,43,43,39,39,40,47,44,39,34,33,44,40,38,34,46,35,45,36,42,45,43,30,38,40,31,37,45,45,45,42,16,41,39,37,44,40,30,45,40,41,40,38,36,50,35,33,45,42,25,30,51,43,37,30,38,19,36,43,41,18,25,32,39,25,45,34,43,38,41,36,37,42,40,35,43,42,47,41,47,30,44,42,37,45,47
10,24,28,32,34,52,26,25,30,24,20,31,28,29,29,32,36,23,22,18,37,18,34,50,19,31,44,24,45,33,32,41,44,15,17,19,26,23,27,29,25,29,24,12,35,45,37,0,26,26,41,45,31,14,27,2,37,40,38,33,17,26,42,35,30,25,30,36,26,26,47,23,27,28,32,25,20,20,6,31,31,37,26,29,42,40,19,26,32,36,40,29,42,31,40,42,25,30,25,21,41,50,27,39,32,31,39,25,51,39,29,22,29,25,24,25,30,38,29,32,38,37,18,30,28,20,33,24,27,29,28,30,22,37,26,37,30,31,31,29,30,16,31,31,25,16,31,22,20,32,30,38,24,30,29,25,31,31,35,28,38,44,37,41,27,37,39,30,30,20,43,29,34,39,32,24,38,32,42,53,31,30,43,41,30,24,21,22
35,34,34,39,40,55,41,32,41,21,30,41,33,37,29,38,41,37,24,20,23,23,49,53,17,30,53,23,29,42,34,33,41,31,26,38,36,38,29,35,15,40,39,36,34,51,35,26,0,27,54,46,17,24,37,16,33,42,46,41,21,34,46,19,27,35,37,44,27,34,49,36,37,43,32,37,41,38,30,41,30,49,38,31,41,47,27,32,40,51,40,37,45,36,36,49,20,40,29,33,45,39,37,51,28,36,40,41,47,52,34,33,30,38,33,33,44,44,34,37,38,43,39,39,38,10,34,34,35,38,37,32,27,28,30,34,34,39,44,29,38,23,45,44,29,39,42,33,4,44,40,35,34,36,33,34,31,26,36,31,54,39,27,29,45,47,35,36,30,36,37,39,39,33,31,33,32,41,38,61,41,32,27,36,41,34,38,37
30,23,17,37,30,48,33,31,29,31,32,34,36,32,31,40,32,30,17,32,28,33,46,53,29,24,44,31,39,45,38,33,44,20,26,32,32,29,26,24,29,35,33,32,25,44,40,26,27,0,42,39,28,34,24,33,31,41,45,22,21,23,43,30,6,28,35,43,24,24,41,27,15,49,23,30,29,26,25,33,17,42,28,28,48,42,27,23,30,46,44,40,46,35,22,40,26,21,24,18,46,34,36,46,26,32,42,34,50,43,27,27,24,27,25,24,26,42,25,29,47,32,28,28,36,29,34,22,19,25,34,31,30,35,23,33,36,33,30,8,27,30,22,29,28,26,32,26,27,35,30,30,22,25,29,27,34,33,32,21,41,41,34,32,38,36,32,29,19,31,29,28,37,28,40,25,19,31,32,50,30,20,32,38,30,24,35,32
45,45,45,37,53,40,55,49,57,44,49,36,35,56,34,46,49,51,47,56,39,55,42,43,56,41,33,56,52,40,44,51,59,51,45,50,45,50,47,46,54,48,54,45,44,30,44,41,54,42,0,16,52,59,49,46,48,24,50,50,52,54,50,48,45,50,40,34,47,49,24,49,52,48,49,52,49,49,48,44,56,56,47,50,50,52,50,52,56,25,40,52,15,41,46,32,54,47,51,48,10,60,48,22,50,39,48,42,31,43,47,48,49,45,54,55,49,30,48,56,51,38,52,56,48,42,52,46,46,48,52,46,54,36,51,43,46,50,56,50,56,53,53,53,47,52,53,48,54,56,55,42,46,54,53,47,36,53,45,48,7,48,36,38,48,32,35,53,57,52,58,52,52,42,54,54,44,57,48,34,54,47,41,37,50,53,50,52
46,40,41,34,54,56,48,53,55,50,46,39,37,53,44,40,56,50,47,55,48,43,34,45,42,41,33,47,37,41,39,53,51,45,45,46,47,42,49,40,51,57,43,47,52,31,40,45,46,39,16,0,51,49,46,48,47,38,37,40,49,52,45,45,47,53,38,32,41,52,22,47,48,50,45,52,49,53,47,35,44,37,46,53,42,47,42,48,55,13,36,42,19,39,44,30,51,47,43,49,14,50,39,10,46,36,45,43,34,40,52,42,47,45,45,51,38,31,46,54,36,43,52,55,39,44,46,42,38,51,50,46,52,45,52,46,37,58,49,37,53,51,54,51,49,56,53,42,42,56,53,42,42,52,47,46,46,53,46,42,15,56,44,27,41,34,37,55,45,45,55,50,54,39,56,46,45,54,50,29,49,51,39,36,51,50,42,50
23,31,32,39,38,41,35,8,36,9,32,42,36,35,36,28,41,23,24,8,18,5,41,58,5,29,45,5,8,47,31,32,25,33,8,39,33,37,24,22,5,35,30,23,32,45,30,31,17,28,52,51,0,41,31,30,20,49,53,27,5,38,37,2,18,24,38,45,10,29,40,16,37,46,23,33,35,39,34,37,24,44,36,29,55,51,22,26,37,50,49,33,42,33,38,42,8,23,33,31,42,26,28,50,43,40,49,24,47,29,32,28,29,37,28,31,26,44,33,36,34,44,35,41,28,21,28,30,32,36,28,34,33,28,38,40,32,36,38,28,38,30,39,38,29,32,34,28,16,41,37,34,30,36,33,27,26,17,35,27,49,42,27,32,25,47,28,30,29,37,32,37,34,26,41,28,28,39,29,59,39,32,33,30,38,29,35,32
26,25,34,26,26,52,31,23,33,22,26,38,35,37,35,43,28,21,24,23,34,22,43,55,24,27,41,22,44,39,42,41,41,21,10,26,30,35,31,28,24,33,30,27,33,42,39,14,24,34,59,49,41,0,26,22,44,49,45,42,19,26,47,31,31,33,41,42,32,27,52,21,37,41,34,28,27,32,18,36,37,48,30,36,46,41,25,30,37,47,49,32,49,35,44,49,23,32,29,33,47,49,30,46,29,35,48,36,49,42,33,29,28,31,28,31,42,43,34,37,49,42,35,28,29,32,37,31,37,36,32,33,22,36,23,35,39,34,31,34,30,14,33,26,31,33,33,29,12,39,32,41,31,31,30,27,35,28,32,36,58,42,35,44,26,42,44,36,36,32,47,33,33,43,18,27,35,38,45,62,32,31,42,43,34,27,36,31
19,15,15,26,20,60,15,28,17,17,16,29,33,19,32,42,23,17,7,21,24,20,38,51,20,26,41,20,32,47,33,42,39,2,20,6,21,19,21,12,22,17,32,20,24,42,40,27,37,24,49,46,31,26,0,24,36,39,35,21,24,16,36,39,15,18,27,35,26,20,46,17,20,37,29,18,18,13,22,27,20,37,27,21,40,38,18,19,21,37,43,29,34,26,31,48,25,13,27,20,36,48,28,39,25,31,46,27,58,45,23,13,25,18,9,20,36,38,34,22,38,29,11,21,28,27,40,14,17,23,23,20,24,45,19,35,31,21,18,20,19,28,20,19,20,18,21,13,33,22,21,42,14,21,16,10,33,28,33,27,44,46,44,40,24,40,44,22,24,24,48,22,38,44,28,9,36,24,39,57,19,15,46,39,23,10,30,25
14,25,22,25,26,59,24,26,27,23,24,37,33,30,33,37,36,18,18,22,32,21,40,54,18,26,34,21,47,37,39,40,35,13,22,20,30,24,30,27,21,29,25,16,30,38,42,2,16,33,46,48,30,22,24,0,38,45,44,42,25,24,42,35,27,26,35,30,25,23,43,17,27,36,32,29,25,26,14,33,30,41,22,28,48,36,25,25,32,40,42,28,36,27,41,52,24,27,26,21,40,51,29,42,18,29,44,28,57,45,27,23,28,25,23,25,36,34,42,29,40,35,23,30,29,10,25,23,21,32,31,30,22,38,24,33,39,27,30,34,29,24,28,29,29,25,27,23,28,34,31,38,23,28,24,24,35,37,33,31,44,45,37,39,32,37,45,28,31,16,41,28,37,34,34,23,28,31,40,53,28,23,43,38,30,22,31,26
32,28,26,37,37,36,32,32,41,27,34,34,40,44,37,38,37,29,37,40,20,27,47,55,34,35,49,27,31,50,39,18,35,34,31,39,38,20,29,25,28,42,34,35,39,50,37,37,33,31,48,47,20,44,36,38,0,51,49,27,30,42,41,33,29,22,44,47,25,37,54,35,16,51,10,40,22,13,38,43,29,38,41,31,51,48,34,37,42,46,45,38,47,43,29,40,31,30,36,32,47,31,35,46,30,40,32,38,53,42,36,35,35,14,36,38,10,49,16,42,45,41,22,33,35,34,18,37,30,39,42,42,33,37,37,47,48,44,38,33,39,42,40,35,28,34,37,35,31,47,41,39,37,42,36,35,46,32,37,33,48,26,36,41,36,48,33,35,38,38,12,40,18,35,49,36,34,45,36,53,35,29,38,41,40,35,41,29
37,41,41,36,48,40,43,49,50,40,41,40,40,52,36,33,47,46,43,43,48,40,35,50,39,46,13,44,52,36,36,55,44,42,39,45,49,42,45,44,40,47,46,39,47,9,50,40,42,41,24,38,49,49,39,45,51,0,41,49,42,48,55,43,43,43,38,9,47,46,36,41,41,37,47,48,45,45,45,40,46,32,53,47,39,31,48,49,55,39,4,39,38,39,51,38,45,40,43,43,38,46,37,37,46,38,42,36,51,50,54,42,47,44,46,49,45,5,47,50,47,40,37,45,38,46,44,38,52,46,46,47,50,49,47,38,39,46,46,42,43,51,46,46,42,43,47,42,44,48,54,49,38,54,51,44,18,41,22,49,33,58,48,38,39,34,28,49,51,42,47,49,41,46,56,47,44,44,53,43,46,42,38,41,51,44,37,49
34,32,30,28,47,59,38,39,46,45,32,44,45,49,33,47,48,43,42,46,42,41,10,45,41,46,23,44,45,24,32,50,43,41,43,42,39,41,45,29,41,47,32,37,49,27,43,38,46,45,50,37,53,45,35,44,49,41,0,48,43,46,51,48,48,34,33,31,39,48,45,33,48,35,47,43,34,40,36,37,44,45,47,45,30,30,43,41,49,32,34,37,37,39,45,52,44,34,36,47,37,55,35,33,46,32,49,30,48,44,44,39,47,39,45,42,38,35,46,49,48,33,40,46,36,36,47,38,46,44,40,45,47,48,48,42,42,47,41,44,44,49,43,42,44,43,48,39,47,48,43,40,38,40,47,46,36,41,32,46,48,54,48,39,36,40,44,44,46,34,52,47,50,38,42,45,34,43,52,53,42,38,40,50,50,47,37,41
28,25,15,41,27,34,36,34,39,34,31,42,30,40,40,34,29,32,22,38,23,33,44,59,35,26,48,33,28,44,39,36,37,12,34,25,36,29,14,18,32,41,29,29,33,45,34,33,41,22,50,40,27,42,21,42,27,49,48,0,33,24,41,33,10,32,39,43,29,32,40,33,23,47,33,36,21,24,31,37,21,50,38,30,49,44,36,31,34,47,40,35,49,39,14,28,37,21,25,38,49,23,30,47,28,33,28,31,56,27,29,39,29,23,36,36,27,42,22,39,30,47,33,34,29,32,27,33,28,36,37,35,48,43,29,44,24,37,30,19,34,45,34,39,26,27,39,39,36,41,35,35,33,35,24,33,43,35,39,22,47,32,43,41,36,49,39,32,26,30,33,38,31,34,35,36,29,33,36,59,27,16,37,43,22,35,41,37
18,23,28,35,22,48,25,7,30,1,26,34,31,30,27,34,30,15,18,3,27,1,42,54,1,31,43,1,21,40,39,31,25,15,1,20,31,25,27,21,1,24,25,16,35,43,35,17,21,21,52,49,5,19,24,25,30,42,43,33,0,22,41,7,29,22,39,39,7,24,48,2,20,36,27,26,19,17,20,33,27,43,17,27,40,42,16,24,35,36,38,31,41,33,39,42,3,26,25,27,38,23,28,37,33,29,38,18,54,25,24,24,27,25,21,21,35,40,24,30,39,36,26,28,28,35,32,21,27,33,22,34,22,33,21,34,37,24,21,33,27,27,25,21,22,20,24,24,20,32,28,34,21,27,32,22,34,15,33,33,54,38,32,35,24,32,42,25,30,26,37,29,28,27,26,21,32,28,42,55,22,29,41,35,30,21,34,25
24,16,17,33,6,54,25,35,11,22,31,37,39,19,36,41,11,26,16,25,35,22,44,53,22,9,40,22,47,40,45,36,37,17,21,21,26,18,24,17,28,15,31,24,12,39,41,26,34,23,54,52,38,26,16,24,42,48,46,24,22,0,44,38,21,18,36,44,38,15,52,22,23,40,29,9,19,20,27,39,10,53,22,9,46,46,22,8,24,44,48,33,44,30,36,54,29,16,24,19,42,45,32,43,27,32,47,34,55,46,8,23,5,25,5,3,34,45,36,18,47,41,23,6,31,36,34,20,11,11,28,12,34,41,2,36,41,16,5,25,12,26,13,4,19,17,15,24,36,16,14,41,20,18,10,8,36,31,40,11,50,38,41,41,33,40,43,10,9,28,46,14,36,39,40,5,39,22,43,59,5,18,45,45,11,4,38,27
43,37,41,46,44,64,43,41,45,42,42,35,53,47,36,43,46,43,44,39,43,41,45,59,37,37,49,41,50,58,41,47,38,41,34,33,40,39,42,35,41,41,46,43,43,45,44,42,46,43,50,45,37,47,36,42,41,55,51,41,41,44,0,32,32,45,48,47,35,39,56,41,46,51,32,44,38,41,41,49,40,47,45,41,55,49,38,39,43,47,47,49,51,39,50,53,41,41,45,44,52,48,47,47,41,50,51,49,60,49,36,33,45,45,44,34,45,47,41,38,47,46,45,44,47,50,49,43,42,41,44,40,43,42,38,43,41,41,44,37,40,49,43,50,43,37,39,33,36,50,36,43,43,48,40,41,43,43,46,35,50,45,42,33,45,48,47,37,33,47,45,45,41,46,48,44,48,43,37,59,43,44,49,46,37,37,43,47
24,30,34,45,40,42,36,9,37,11,33,38,32,38,41,41,39,18,26,10,20,7,47,61,7,31,50,7,6,46,40,37,25,35,10,34,36,39,28,25,7,40,41,24,32,50,33,35,19,30,48,45,2,31,39,35,33,43,48,33,7,38,32,0,19,33,33,51,16,31,51,18,37,47,27,37,37,40,27,38,32,51,38,31,47,47,37,28,44,51,50,27,39,37,30,45,10,30,29,35,36,16,36,51,33,42,36,37,51,33,34,35,31,34,38,33,21,51,35,39,42,36,42,43,37,30,34,32,34,38,36,32,40,31,30,40,33,39,40,30,39,29,43,40,31,35,40,35,18,45,38,38,32,37,37,35,36,6,41,34,55,36,30,38,27,44,34,32,31,37,41,41,34,27,32,38,35,45,33,57,39,38,37,39,41,39,39,37
22,7,7,36,30,48,25,27,24,25,34,34,29,26,31,28,21,29,7,28,21,29,50,52,31,16,41,25,23,48,34,25,44,6,23,23,29,18,6,6,31,30,27,23,21,41,28,30,27,6,45,47,18,31,15,27,29,43,48,10,29,21,32,19,0,25,38,44,19,23,45,24,15,48,21,26,17,16,25,39,21,30,29,26,44,43,22,29,28,40,46,32,42,37,16,32,29,7,29,25,43,31,28,41,29,38,32,34,50,36,25,25,16,19,25,20,21,45,17,33,32,39,20,31,28,21,23,17,14,31,28,30,36,34,21,35,29,26,27,6,27,35,26,29,21,25,27,25,34,34,24,22,18,31,17,19,35,29,34,13,47,26,34,24,35,38,32,27,16,24,32,28,23,30,36,25,24,31,30,50,26,16,36,44,28,24,37,27
24,18,16,25,19,58,19,30,26,26,21,26,45,27,31,37,22,26,18,25,12,28,36,54,26,26,40,19,42,38,38,22,39,17,21,18,28,18,23,15,24,26,26,25,27,41,39,25,35,28,50,53,24,33,18,26,22,43,34,32,22,18,45,33,25,0,29,40,29,22,50,22,20,38,22,24,2,23,27,18,23,53,26,22,48,40,23,29,29,40,43,26,36,28,36,53,26,18,26,6,37,49,20,41,24,39,44,24,55,34,23,18,33,18,23,20,22,40,30,26,50,31,21,23,23,33,30,23,28,24,27,25,32,32,21,29,29,26,27,22,25,33,25,21,16,18,26,18,31,29,25,37,23,24,22,24,31,25,35,23,51,22,30,35,31,35,42,22,23,23,30,22,14,26,34,22,38,24,30,57,25,17,40,32,31,18,34,24
31,28,28,2,36,53,30,41,41,36,26,36,25,43,28,19,39,37,33,43,43,34,32,60,33,42,39,34,42,44,5,43,39,34,36,29,29,34,28,27,32,42,12,32,40,41,43,30,37,35,40,38,38,41,27,35,44,38,33,39,39,36,48,33,38,29,0,32,32,36,46,31,25,34,39,34,29,39,33,22,40,15,36,40,46,34,36,39,39,32,39,29,31,32,35,46,35,31,31,37,34,45,33,34,26,21,27,12,54,45,41,22,43,33,39,36,33,34,38,41,11,35,38,36,33,34,35,26,43,39,36,40,38,38,34,30,21,42,33,34,39,43,37,35,37,37,44,22,44,42,41,11,26,37,41,38,24,43,21,40,39,45,37,43,18,29,43,42,43,33,52,40,39,33,42,39,42,37,46,53,35,26,38,25,43,37,40,38
32,40,38,29,45,61,41,46,50,39,30,22,41,50,27,39,46,47,36,42,41,46,27,42,37,54,4,47,47,38,39,54,52,35,39,41,39,37,36,41,43,49,33,34,46,9,46,36,44,43,34,32,45,42,35,30,47,9,31,43,39,44,47,51,44,40,32,0,37,47,29,32,44,29,44,43,35,44,41,35,46,43,40,45,33,30,39,46,47,24,9,36,28,33,50,32,45,34,36,43,31,50,31,27,44,30,48,35,47,54,48,41,50,35,43,45,50,5,51,50,46,29,42,41,31,40,45,37,50,42,39,43,49,42,44,28,41,49,44,42,45,41,41,44,37,37,48,41,45,46,42,43,37,46,49,42,26,39,26,44,26,51,41,33,33,29,38,46,50,32,58,48,41,45,48,43,39,45,50,43,46,38,34,41,46,42,39,39
19,18,22,27,36,44,28,18,39,13,34,38,29,39,30,33,38,21,23,12,30,7,38,61,7,25,50,7,8,46,27,30,44,23,6,31,38,32,23,17,7,37,33,20,36,48,32,26,27,24,47,41,10,32,26,25,25,47,39,29,7,38,35,16,19,29,32,37,0,27,45,6,26,38,29,35,26,22,27,23,30,43,28,33,39,47,18,28,37,40,46,30,44,26,38,42,22,18,27,26,44,16,33,39,29,38,37,32,50,29,32,23,33,27,26,29,27,46,24,35,29,33,27,38,33,15,27,24,24,33,33,34,43,35,34,39,39,35,36,22,37,34,36,34,28,37,36,23,27,38,35,32,24,34,27,29,39,18,35,28,42,38,35,32,26,34,35,38,23,24,36,37,24,21,41,26,19,36,28,46,37,23,29,15,33,27,26,28
28,20,20,34,15,52,28,26,17,22,35,32,44,19,38,40,21,16,15,31,25,23,44,58,24,14,46,24,46,47,43,38,36,15,24,17,22,20,26,22,24,13,30,28,18,46,36,26,34,24,49,52,29,27,20,23,37,46,48,32,24,15,39,31,23,22,36,47,27,0,53,21,27,42,26,18,20,20,26,41,19,51,23,22,45,45,17,14,21,48,38,37,50,35,38,51,26,22,21,24,49,48,35,48,29,39,48,38,56,45,16,16,13,22,10,19,35,45,36,16,51,41,31,19,35,33,35,20,11,17,30,11,31,34,13,37,40,20,15,22,21,33,17,15,26,26,18,16,33,25,22,42,20,21,13,8,35,32,39,15,53,38,34,42,30,46,36,20,13,30,44,15,35,36,40,10,33,20,34,55,15,20,38,40,21,4,34,17
53,49,51,43,56,52,49,49,56,52,47,30,41,54,43,38,55,51,47,51,47,48,43,54,52,45,28,48,51,47,44,56,59,47,51,52,58,55,49,46,48,53,46,53,46,34,44,47,49,41,24,22,40,52,46,43,54,36,45,40,48,52,56,51,45,50,46,29,45,53,0,48,54,41,47,48,51,55,51,43,46,43,52,51,44,45,51,50,54,29,29,50,41,46,46,42,58,51,47,53,30,57,49,28,47,43,49,43,37,61,54,48,47,50,45,49,55,40,58,57,45,45,49,57,48,50,50,46,47,51,55,45,58,40,54,51,41,53,48,41,53,57,52,53,51,55,54,48,52,57,55,42,46,54,49,51,43,55,32,48,29,51,39,36,51,46,33,56,45,53,61,56,44,46,59,46,36,53,56,43,57,54,21,41,52,52,44,52
16,21,21,29,24,54,22,16,26,10,26,34,28,27,35,31,30,14,18,4,31,2,35,50,10,32,36,2,30,38,33,32,24,13,2,21,25,17,20,20,2,26,28,16,28,39,36,23,36,27,49,47,16,21,17,17,35,41,33,33,2,22,41,18,24,22,31,32,6,21,48,0,21,35,28,27,10,9,16,32,31,35,15,26,45,40,12,18,32,37,43,28,37,26,37,48,4,18,26,24,38,28,27,37,30,30,41,16,56,18,25,17,28,16,19,26,35,36,12,25,36,32,22,29,27,20,25,17,27,27,21,27,28,38,24,30,29,28,22,25,25,23,25,24,25,16,25,18,34,32,27,34,17,26,26,20,32,16,33,29,51,49,37,30,27,34,40,28,28,24,31,25,37,32,28,19,31,28,36,51,29,30,38,28,30,20,26,20
25,12,14,35,23,56,15,35,27,24,31,28,30,31,30,43,24,28,18,25,24,18,46,50,24,22,43,18,32,41,29,18,40,17,22,22,30,22,19,13,26,25,28,26,29,43,43,27,37,15,52,48,37,37,20,27,16,41,48,23,20,23,46,37,15,20,25,44,26,27,54,21,0,44,26,24,12,15,20,33,25,43,26,30,48,43,25,27,28,41,47,39,40,35,31,50,23,14,22,16,40,50,35,40,28,35,42,35,55,36,25,20,28,16,25,22,10,36,24,27,40,39,17,23,35,36,22,19,26,30,27,21,31,42,21,31,36,29,21,16,21,30,24,19,12,14,30,20,34,27,26,32,19,29,26,26,31,29,33,29,45,32,41,39,31,39,36,24,23,26,32,28,30,33,39,25,35,28,30,60,20,17,41,40,23,22,40,29
28,36,34,39,48,50,33,36,45,35,40,37,42,47,41,47,48,33,32,43,42,40,39,48,36,42,29,38,46,31,39,49,42,35,37,35,37,41,46,41,36,45,32,30,49,31,43,28,43,49,48,50,46,41,37,36,51,37,35,47,36,40,51,47,48,38,34,29,38,42,41,35,44,0,42,41,40,45,32,31,47,45,45,44,40,30,41,43,46,38,35,32,32,29,47,49,36,39,34,38,34,51,35,39,40,44,43,31,47,49,41,36,42,40,38,41,42,33,45,46,46,35,36,44,35,37,40,33,45,44,49,43,46,52,43,39,44,45,47,38,45,39,45,45,40,44,44,36,33,48,47,41,33,45,43,40,44,36,40,49,43,54,52,34,19,37,45,47,42,37,38,45,47,37,39,38,41,48,49,42,45,39,44,44,52,39,32,41
32,30,32,37,33,49,11,29,36,30,32,30,29,36,39,37,32,33,26,27,16,26,43,52,26,23,44,27,42,49,30,36,45,27,28,32,34,6,34,29,28,34,33,33,21,48,31,32,32,23,49,45,23,34,29,32,10,47,47,33,27,29,32,27,21,22,39,44,29,26,47,28,26,42,0,30,22,26,36,39,17,43,32,32,43,48,38,29,38,44,44,30,46,38,38,40,30,27,29,24,42,37,32,42,29,40,35,38,46,34,27,28,20,24,27,26,27,44,26,37,34,37,29,30,32,33,26,31,21,29,30,29,41,32,31,35,35,37,33,19,31,41,35,29,28,4,34,28,33,37,41,34,31,32,30,26,38,26,38,23,45,28,32,34,36,43,24,33,20,32,24,35,14,33,39,27,30,35,22,50,32,29,26,42,34,28,38,35
23,18,18,32,3,63,20,39,19,29,29,34,46,22,36,38,11,27,14,27,34,29,45,52,29,12,41,29,43,41,42,42,45,20,27,14,22,20,23,16,27,24,32,23,17,42,48,25,37,30,52,52,33,28,18,29,40,48,43,36,26,9,44,37,26,24,34,43,35,18,48,27,24,41,30,0,20,20,27,36,19,44,26,9,45,43,23,11,20,43,48,34,43,34,40,46,31,17,27,24,44,53,32,44,30,34,48,36,54,44,9,23,13,22,13,9,36,44,38,23,48,38,20,7,32,37,42,25,13,7,28,3,30,44,8,36,40,22,7,26,4,30,9,6,22,20,23,23,33,17,19,40,25,21,13,12,34,35,36,13,51,51,44,42,34,42,44,5,11,27,40,17,42,36,38,13,37,21,44,58,7,16,44,40,21,12,38,26
16,14,14,29,25,54,19,29,26,20,29,30,29,24,30,29,22,22,20,28,26,19,36,52,19,23,37,19,39,41,33,26,39,17,29,18,20,12,19,13,20,25,23,18,31,38,43,20,41,29,49,49,35,27,18,25,22,45,34,21,19,19,38,37,17,2,29,35,26,20,51,10,12,40,22,20,0,7,28,29,25,38,25,24,44,44,14,25,26,42,43,29,36,23,26,48,26,18,16,2,36,43,31,43,23,33,38,30,52,34,25,22,18,4,21,20,24,42,26,23,42,32,17,26,31,27,30,16,24,26,29,27,40,44,20,33,32,25,19,27,25,35,27,21,14,20,25,22,35,27,27,36,16,23,24,23,33,30,32,27,45,36,44,43,28,40,40,22,23,25,33,26,28,34,40,21,35,26,43,58,20,17,42,38,29,23,32,23
21,18,16,36,21,61,2,26,27,21,21,29,31,24,32,43,23,28,22,29,15,18,44,55,16,24,46,14,42,40,41,30,39,17,22,15,18,10,23,17,18,27,28,22,28,47,45,20,38,26,49,53,39,32,13,26,13,45,40,24,17,20,41,40,16,23,39,44,22,20,55,9,15,45,26,20,7,0,27,32,29,43,25,25,46,45,20,17,26,43,47,33,47,30,34,57,18,20,24,17,47,46,32,43,28,38,37,35,52,29,22,18,26,5,22,20,35,44,13,30,42,35,2,26,32,34,26,15,23,24,19,26,34,43,21,31,42,27,21,20,29,33,26,23,7,3,27,18,38,30,28,46,15,27,21,22,33,31,37,29,48,39,43,50,27,39,44,30,26,21,21,26,28,35,39,22,39,25,37,51,21,14,42,39,29,25,35,25
22,26,26,37,25,58,26,27,27,22,26,35,31,28,33,29,36,17,14,25,33,19,44,56,19,25,43,20,41,39,34,36,34,17,24,21,25,24,22,23,19,29,31,23,33,44,40,6,30,25,48,47,34,18,22,14,38,45,36,31,20,27,41,27,25,27,33,41,27,26,51,16,20,32,36,27,28,27,0,33,28,40,23,28,48,45,16,31,34,39,43,31,44,28,37,47,18,28,32,28,44,52,34,43,32,33,40,25,57,40,31,23,30,23,24,25,29,40,34,32,38,35,21,28,34,26,23,20,23,27,33,27,24,39,26,33,39,30,32,29,32,10,29,28,27,23,29,23,30,30,31,40,20,29,21,22,40,28,31,32,47,48,39,40,22,36,44,30,29,26,35,28,34,33,18,24,36,33,45,60,32,32,39,36,32,24,26,19
36,27,29,14,37,48,34,41,39,34,24,31,14,37,35,32,41,32,33,33,34,33,38,43,33,39,39,37,25,36,22,48,41,36,35,30,29,28,30,26,35,37,6,35,40,40,40,31,41,33,44,35,37,36,27,33,43,40,37,37,33,39,49,38,39,18,22,35,23,41,43,32,33,31,39,36,29,32,33,0,36,26,36,35,41,38,30,37,37,32,41,37,37,24,36,46,30,29,21,37,40,47,35,33,26,31,38,24,54,37,37,35,40,29,35,34,39,34,39,40,28,28,37,40,36,34,46,31,37,33,33,34,39,29,38,33,33,40,39,30,37,30,38,37,33,33,41,35,45,35,35,28,31,38,40,33,22,41,28,38,38,45,28,31,12,38,32,38,38,29,41,37,42,24,34,35,26,35,45,48,39,35,38,10,42,36,32,37
30,19,17,40,14,51,26,32,17,29,29,35,33,18,42,35,23,32,19,28,21,29,41,54,33,6,49,29,42,52,35,37,40,22,30,24,28,26,23,17,29,27,31,30,6,51,36,31,30,17,56,44,24,37,20,30,29,46,44,21,27,10,40,32,21,23,40,46,30,19,46,31,25,47,17,19,25,29,28,36,0,39,28,17,44,52,27,12,21,47,47,38,47,36,31,39,34,22,29,23,47,40,38,47,34,40,39,35,47,31,10,27,6,29,15,17,27,45,33,27,41,44,34,15,38,28,29,29,16,20,28,16,41,35,10,40,35,29,14,19,14,37,18,14,29,25,26,27,32,27,23,31,29,22,8,15,38,37,38,8,42,35,35,27,35,39,31,22,6,37,35,23,31,35,41,14,31,26,41,49,13,26,31,31,16,9,40,32
41,40,40,14,51,34,41,43,49,37,35,35,14,52,36,28,48,42,47,45,43,42,48,58,42,42,46,42,40,47,6,34,48,42,39,33,48,46,41,40,44,56,20,41,43,43,39,37,49,42,56,37,44,48,37,41,38,32,45,50,43,53,47,51,30,53,15,43,43,51,43,35,43,45,43,44,38,43,40,26,39,0,46,52,44,52,34,53,50,47,39,36,37,38,36,27,41,41,45,46,38,42,34,47,45,42,22,16,56,44,52,37,47,44,44,46,41,40,34,50,12,43,50,51,34,39,31,41,46,50,54,44,47,37,53,44,18,54,49,39,53,40,48,51,43,48,53,37,37,55,56,28,41,44,44,47,38,48,46,48,41,41,37,31,40,47,37,48,50,43,47,55,45,26,42,44,33,52,50,57,47,45,38,24,44,49,43,45
25,27,26,32,26,60,27,30,23,21,30,37,37,27,36,39,32,22,24,23,31,21,47,56,21,32,44,21,41,43,38,41,36,22,17,27,24,27,30,24,21,24,29,25,34,41,42,26,38,28,47,46,36,30,27,22,41,53,47,38,17,22,45,38,29,26,36,40,28,23,52,15,26,45,32,26,25,25,23,36,28,46,0,26,46,46,21,26,30,44,49,30,44,33,37,52,24,28,27,31,39,49,31,41,32,37,42,29,62,42,26,21,28,20,20,23,34,39,32,21,46,38,31,26,31,31,32,25,26,30,31,30,34,44,26,38,36,26,31,30,31,29,30,30,26,22,22,21,39,27,25,41,25,23,25,19,38,28,40,32,52,49,44,40,30,43,46,29,25,30,45,23,36,41,39,21,34,26,39,59,32,30,48,39,36,24,39,10
25,21,19,38,10,54,21,28,18,26,29,41,44,18,34,44,8,29,16,26,37,29,44,57,27,19,43,27,45,43,40,43,44,16,25,21,23,19,22,20,27,20,35,26,19,44,44,29,31,28,50,53,29,36,21,28,31,47,45,30,27,9,41,31,26,22,40,45,33,22,51,26,30,44,32,9,24,25,28,35,17,52,26,0,43,46,23,3,20,51,47,35,51,33,27,51,24,19,26,23,49,49,34,51,33,38,46,34,58,42,1,24,25,26,10,3,36,40,36,20,52,40,23,8,34,35,39,21,22,10,27,7,38,43,14,43,46,22,10,28,14,36,16,12,24,24,25,24,31,17,18,38,21,20,12,12,34,30,32,19,53,45,42,40,33,40,40,2,17,27,38,17,41,42,40,11,37,23,40,58,12,19,38,44,15,13,34,26
46,38,44,34,47,55,42,51,46,45,28,46,40,47,41,43,46,51,40,40,50,40,26,50,41,49,36,41,45,30,43,57,53,43,41,42,38,43,41,37,40,51,41,47,45,39,51,42,41,48,50,42,55,46,40,48,51,39,30,49,40,46,55,47,44,48,46,33,39,45,44,45,48,40,43,45,44,46,48,41,44,44,46,43,0,8,41,47,48,28,40,41,37,37,53,44,42,42,36,43,37,52,42,33,36,42,38,32,52,51,46,42,48,46,46,43,54,36,49,50,52,33,35,44,43,45,50,41,50,49,41,48,45,46,45,42,41,50,48,44,46,49,40,46,48,43,48,42,55,46,45,38,41,47,46,47,38,40,42,45,56,53,46,48,39,40,45,47,50,36,56,48,49,44,45,46,47,46,52,59,48,44,38,49,50,42,39,42
34,38,38,33,43,64,39,47,49,44,36,46,49,51,35,40,48,39,44,42,50,42,32,50,42,47,31,44,42,4,37,51,53,43,46,41,43,47,44,37,45,50,35,35,53,34,45,40,47,42,52,47,51,41,38,36,48,31,30,44,42,46,49,47,43,40,34,30,47,45,45,40,43,30,48,43,44,45,45,38,52,52,46,46,8,0,45,45,43,24,38,38,28,31,49,56,49,38,28,44,34,59,39,28,34,39,49,34,44,42,44,42,48,44,44,41,51,36,47,49,51,33,40,44,40,45,45,36,49,43,45,44,43,46,44,41,39,49,43,42,41,42,42,43,43,44,50,42,51,46,41,48,36,40,50,45,41,46,39,51,47,47,46,42,34,43,47,49,50,37,45,48,45,44,40,44,46,42,52,59,46,38,39,41,48,43,33,43
17,20,22,28,23,56,22,26,26,16,23,30,26,26,26,38,32,10,16,18,36,14,39,53,16,29,31,16,28,41,36,36,38,13,16,20,17,19,28,23,14,28,22,18,27,35,44,19,27,27,50,42,22,25,18,25,34,48,43,36,16,22,38,37,22,23,36,39,18,17,51,12,25,41,38,23,14,20,16,30,27,34,21,23,41,45,0,27,29,39,43,32,39,26,29,48,24,24,23,22,39,36,34,41,30,24,42,27,48,31,24,17,30,12,17,20,29,40,29,29,37,34,19,27,34,23,26,16,22,27,23,31,28,47,22,36,32,28,24,30,27,23,25,29,24,20,27,17,33,27,29,33,16,24,21,21,36,24,34,27,53,44,46,34,26,36,42,26,27,18,36,26,30,31,27,17,28,33,33,56,24,20,38,38,28,17,28,16
24,15,18,38,20,51,28,31,16,27,31,31,43,18,36,41,18,22,21,24,25,26,47,57,24,14,42,24,42,43,43,45,44,15,24,25,24,14,28,20,24,18,30,25,10,41,41,26,32,23,52,48,26,30,19,25,37,49,41,31,24,8,39,28,29,29,39,46,28,14,50,18,27,43,29,11,25,17,31,37,12,53,26,3,47,45,27,0,21,46,44,34,47,38,29,49,30,18,25,23,47,48,32,45,34,36,43,29,55,45,2,20,10,24,6,5,29,41,41,16,50,39,26,14,33,30,39,22,21,15,27,14,35,40,8,32,47,14,10,25,20,37,11,12,21,19,22,20,28,14,17,43,21,17,23,4,31,29,38,18,56,45,39,37,35,44,37,7,12,27,37,12,41,47,43,7,34,20,39,61,16,22,39,47,8,10,34,27
33,16,17,36,20,52,25,43,11,34,33,40,46,4,41,46,23,32,18,39,38,34,46,60,32,25,47,35,52,43,47,45,49,18,35,24,36,25,23,19,34,8,40,33,31,47,45,32,40,30,56,55,37,37,21,32,42,55,49,34,35,24,43,44,28,29,39,47,37,21,54,32,28,46,38,20,26,26,34,37,21,50,30,20,48,43,29,21,0,46,51,41,47,35,37,52,33,21,24,30,48,55,41,46,36,36,54,41,62,48,24,27,22,23,22,21,40,45,43,7,55,41,26,22,41,40,44,21,19,18,35,21,46,47,24,39,42,19,21,27,23,41,20,21,29,32,10,26,40,23,2,50,22,17,19,17,39,43,38,18,57,49,47,46,35,43,47,19,19,26,51,8,44,48,43,22,42,6,46,60,21,16,47,44,22,19,41,27
36,38,36,27,45,58,37,40,51,38,32,24,48,49,35,44,50,46,40,43,41,41,30,42,41,51,22,39,50,32,36,38,51,43,41,39,48,33,41,37,44,49,36,38,48,26,47,36,51,46,25,13,50,47,37,40,46,39,32,47,36,44,47,51,40,40,32,24,40,48,29,37,41,38,44,43,42,43,39,32,47,47,44,51,28,24,39,46,46,0,34,43,16,31,40,40,44,42,40,48,21,54,43,7,38,20,46,32,39,51,50,39,46,44,46,45,50,31,48,50,45,37,33,46,43,42,44,36,46,45,45,42,51,48,48,36,40,47,45,44,43,46,40,44,45,46,49,39,44,47,44,41,36,49,43,47,40,42,32,48,10,44,48,40,33,36,46,49,49,38,51,47,49,32,50,46,47,45,50,36,47,39,34,41,46,45,41,48
35,42,39,30,47,48,45,36,48,46,41,26,33,51,34,43,49,47,47,50,39,46,34,42,45,50,13,46,49,31,38,44,50,42,45,45,45,49,44,39,46,53,46,38,51,9,44,40,40,44,40,36,49,49,43,42,45,4,34,40,38,48,47,50,46,43,39,9,46,38,29,43,47,35,44,48,43,47,43,41,47,39,49,47,40,38,43,44,51,34,0,42,32,41,47,34,47,40,38,43,30,56,40,38,48,36,43,44,44,48,53,37,49,46,46,48,42,5,40,55,35,38,46,45,40,44,40,40,49,48,51,49,52,45,51,30,51,47,47,43,42,56,44,45,40,39,48,37,49,47,52,40,40,49,47,46,18,38,22,45,33,52,45,35,43,26,40,42,45,47,55,50,45,44,46,45,38,49,44,46,45,42,34,40,45,47,48,53
27,33,31,31,33,44,37,22,37,25,34,34,26,37,33,33,40,32,33,29,40,26,31,43,29,34,33,28,47,43,34,44,35,32,31,34,37,31,31,30,28,35,30,25,40,34,10,29,37,40,52,42,33,32,29,28,38,39,37,35,31,33,49,27,32,26,29,36,30,37,50,28,39,32,30,34,29,33,31,37,38,36,30,35,41,38,32,34,41,43,42,0,40,30,40,35,35,35,31,32,40,43,13,40,38,29,37,34,47,40,35,25,36,33,28,34,46,36,36,35,38,32,31,38,11,35,38,29,33,38,27,40,37,35,34,26,29,37,36,34,37,36,34,35,34,33,37,25,37,37,35,35,29,34,35,35,28,32,23,38,48,44,35,30,28,35,27,37,39,31,46,34,41,31,37,28,37,36,45,49,35,35,29,43,41,32,30,35
32,36,36,27,48,54,39,43,47,40,40,30,43,47,25,48,50,48,38,45,39,48,33,38,40,48,24,43,50,30,44,55,30,41,46,43,40,39,37,31,43,50,36,34,53,27,41,42,45,46,15,19,42,49,34,36,47,38,37,49,41,44,51,39,42,36,31,28,44,50,41,37,40,32,46,43,36,47,44,37,47,37,44,51,37,28,39,47,47,16,32,40,0,35,47,28,39,36,35,39,7,55,39,19,44,34,52,38,51,48,49,37,50,38,47,45,46,31,45,49,43,35,37,46,40,49,49,38,48,45,41,46,39,40,44,28,51,48,44,46,46,46,45,44,40,40,50,37,49,49,48,40,38,46,54,44,34,37,30,53,16,46,39,23,32,32,34,49,52,42,51,49,49,41,49,47,47,46,47,37,47,37,33,46,51,47,37,45
27,29,27,26,38,46,29,30,34,30,15,22,25,36,18,34,35,28,29,36,34,32,29,43,27,39,33,33,46,41,28,49,38,28,34,26,36,32,31,26,25,37,27,28,34,35,36,31,36,35,41,39,33,35,26,27,43,39,39,39,33,30,39,37,37,28,32,33,26,35,46,26,35,29,38,34,23,30,28,24,36,38,33,33,37,31,26,38,35,31,41,30,35,0,37,42,30,29,19,31,32,52,28,40,21,6,44,19,50,44,36,28,39,31,26,33,41,29,38,38,38,16,32,36,28,40,42,23,34,36,34,37,41,36,33,8,30,36,34,33,33,38,33,37,33,34,35,28,34,39,35,36,23,36,37,28,16,39,20,43,37,50,36,16,24,24,32,37,41,33,49,31,43,28,36,26,34,37,43,42,34,25,26,28,39,30,40,32
28,13,13,27,41,42,38,39,37,41,25,39,41,37,42,36,31,36,31,37,31,39,42,55,39,34,47,39,39,42,39,27,40,18,38,23,30,34,30,12,39,41,25,30,27,45,42,40,36,22,46,44,38,44,31,41,29,51,45,14,39,36,50,30,16,36,35,50,38,38,46,37,31,47,38,40,26,34,37,36,31,36,37,27,53,49,29,29,37,40,47,40,47,37,0,34,41,13,34,25,46,37,35,49,28,39,43,29,52,28,28,23,21,28,38,36,27,47,29,37,43,42,31,35,35,32,33,25,28,36,31,26,45,39,35,43,31,37,38,26,36,44,39,29,26,31,39,23,31,41,34,36,25,40,35,32,43,34,41,33,51,33,38,43,35,48,43,33,26,16,38,36,31,32,45,38,27,38,37,55,33,14,40,41,32,35,38,40
46,44,45,46,45,28,45,45,49,47,49,32,40,52,40,51,53,50,49,46,46,48,47,41,46,36,41,47,51,50,40,47,53,41,47,45,50,56,47,46,50,50,44,48,43,34,34,42,49,40,32,30,42,49,48,52,40,38,52,28,42,54,53,45,32,53,46,32,42,51,42,48,50,49,40,46,48,57,47,46,39,27,52,51,44,56,48,49,52,40,34,35,28,42,34,0,48,43,47,52,33,54,38,40,44,35,41,47,47,46,47,48,35,49,50,54,26,31,22,52,39,44,53,53,39,39,44,42,42,53,54,54,52,40,51,23,41,51,47,48,55,54,54,51,51,52,46,48,47,58,52,41,42,54,42,41,39,50,27,41,38,44,40,22,42,35,22,46,40,48,45,50,39,40,58,51,43,49,53,49,46,50,14,50,50,43,48,53
18,25,32,29,27,49,18,4,31,3,27,38,39,28,26,39,36,16,24,3,34,3,44,54,18,38,44,3,26,40,35,36,15,17,3,26,28,25,20,24,3,32,31,16,32,43,38,25,20,26,54,51,8,23,25,24,31,45,44,37,3,29,41,10,29,26,35,45,22,26,58,4,23,36,30,31,26,18,18,30,34,41,24,24,42,49,24,30,33,44,47,35,39,30,41,48,0,25,25,24,41,26,30,47,32,34,46,26,57,36,23,24,34,30,24,25,31,41,27,29,42,35,28,32,30,38,36,24,33,28,23,35,31,36,29,37,36,33,24,41,32,34,28,24,20,30,30,24,24,36,32,37,24,32,29,24,36,5,31,33,55,39,35,40,28,33,38,24,40,28,30,30,38,41,35,24,39,35,40,60,26,28,43,38,32,29,30,24
20,2,2,29,19,55,18,32,24,29,24,35,38,23,23,30,24,25,22,25,20,21,34,50,26,23,34,20,34,39,35,30,40,21,23,13,21,16,10,1,29,24,30,21,23,38,43,30,40,21,47,47,23,32,13,27,30,40,34,21,26,16,41,30,7,18,31,34,18,22,51,18,14,39,27,17,18,20,28,29,22,41,28,19,42,38,24,18,21,42,40,35,36,29,13,43,25,0,19,14,39,40,35,38,26,31,32,24,57,35,22,19,23,22,20,16,24,38,32,24,42,37,18,19,35,24,35,15,25,18,25,18,34,43,16,29,34,22,18,13,18,34,18,18,22,18,21,19,36,18,14,37,15,20,21,18,35,35,33,24,48,45,43,37,25,35,41,22,26,14,43,20,33,35,40,20,28,18,37,53,18,8,39,41,24,23,39,28
29,14,14,28,26,51,22,38,23,23,19,34,31,26,30,32,26,28,27,25,29,25,34,51,25,30,36,25,29,30,38,42,39,22,23,21,25,26,28,15,25,29,23,30,28,38,35,25,29,24,51,43,33,29,27,26,36,43,36,25,25,24,45,29,29,26,31,36,27,21,47,26,22,34,29,27,16,24,32,21,29,45,27,26,36,28,23,25,24,40,38,31,35,19,34,47,25,19,0,24,37,40,29,42,21,32,44,32,50,33,29,9,29,20,26,25,31,35,36,30,45,32,24,26,28,29,39,11,34,25,25,26,31,39,25,30,41,29,28,21,29,31,25,26,22,23,26,9,39,28,25,37,11,28,32,28,26,34,28,30,56,46,39,30,21,38,29,29,33,22,45,29,39,36,35,26,29,24,39,52,29,22,32,39,29,25,36,26
27,16,18,39,21,56,15,30,27,22,26,30,42,30,26,45,22,28,20,26,16,28,37,51,20,27,42,22,41,42,42,32,36,17,21,18,24,14,21,17,20,24,27,28,25,43,40,21,33,18,48,49,31,33,20,21,32,43,47,38,27,19,44,35,25,6,37,43,26,24,53,24,16,38,24,24,2,17,28,37,23,46,31,23,43,44,22,23,30,48,43,32,39,31,25,52,24,14,24,0,44,49,31,48,24,33,52,34,59,40,25,21,29,12,21,22,20,46,34,26,49,33,23,25,31,37,30,25,29,22,25,22,35,41,19,29,31,27,19,23,21,32,22,19,16,18,27,21,32,31,28,38,25,25,28,20,35,26,35,23,49,24,41,41,30,38,44,24,31,27,42,25,22,40,37,21,36,30,36,60,18,19,44,32,29,19,34,29
35,39,35,26,47,56,41,38,46,43,39,30,44,48,25,40,50,48,37,48,39,45,36,39,37,48,27,41,48,36,45,55,29,41,46,44,42,40,38,36,40,50,35,37,53,24,41,41,45,46,10,14,42,47,36,40,47,38,37,49,38,42,52,36,43,37,34,31,44,49,30,38,40,34,42,44,36,47,44,40,47,38,39,49,37,34,39,47,48,21,30,40,7,32,46,33,41,39,37,44,0,53,39,20,44,34,53,41,45,49,47,36,50,39,45,45,46,30,45,50,45,37,38,46,40,49,49,38,49,46,44,47,36,39,41,28,52,47,43,46,45,45,46,43,40,42,49,36,49,48,48,41,38,43,54,47,34,36,29,53,19,52,38,22,35,31,34,49,51,44,55,48,49,41,48,45,47,44,48,39,48,39,32,46,51,42,41,46
39,43,45,50,50,50,56,43,45,35,49,49,46,50,51,47,52,32,43,34,50,31,55,63,31,41,56,31,10,57,44,28,25,37,26,54,50,43,47,37,23,56,47,39,38,56,33,50,39,34,60,50,26,49,48,51,31,46,55,23,23,45,48,16,31,49,45,50,16,48,57,28,50,51,37,53,43,46,52,47,40,42,49,49,52,59,36,48,55,54,56,43,55,52,37,54,26,40,40,49,53,0,40,58,51,48,42,51,61,21,47,49,40,48,45,43,36,56,36,54,39,50,49,50,41,37,34,46,40,50,48,50,50,49,46,47,49,54,47,29,49,56,45,54,42,41,53,49,36,58,49,36,46,55,44,51,56,36,52,42,60,31,50,55,39,52,56,52,41,46,21,53,39,37,57,44,37,49,42,62,50,45,59,56,45,52,50,49
27,31,29,32,32,50,29,25,36,22,31,32,26,36,32,30,39,33,31,28,36,23,31,49,27,33,33,25,46,41,36,40,41,30,29,30,36,30,28,28,25,35,25,29,40,34,32,27,37,36,48,39,28,30,28,29,35,37,35,30,28,32,47,36,28,20,33,31,33,35,49,27,35,35,32,32,31,32,34,35,38,34,31,34,42,39,34,32,41,43,40,13,39,28,35,38,30,35,29,31,39,40,0,37,33,26,35,32,46,39,33,26,36,30,32,33,40,33,34,36,35,32,28,38,10,30,38,26,34,38,30,39,34,34,32,20,32,36,36,35,35,37,36,34,31,33,36,26,38,41,37,34,26,35,36,31,30,35,26,37,45,49,34,26,22,34,28,35,41,35,44,35,39,28,39,32,38,37,43,40,36,37,24,46,39,34,36,33
38,39,38,29,45,52,38,39,51,36,35,24,49,49,35,44,50,47,43,43,40,40,32,44,41,50,26,38,50,33,36,37,50,43,42,40,48,34,42,38,43,48,38,40,45,22,43,39,51,46,22,10,50,46,39,42,46,37,33,47,37,43,47,51,41,41,34,27,39,48,28,37,40,39,42,44,43,43,43,33,47,47,41,51,33,28,41,45,46,7,38,40,19,40,49,40,47,38,42,48,20,58,37,0,40,20,46,33,44,48,50,38,46,44,45,45,50,28,48,50,45,37,34,46,43,41,44,36,45,46,45,43,52,39,48,36,40,46,44,44,43,45,39,45,44,46,47,38,43,47,43,41,36,48,42,47,40,41,32,47,13,45,36,40,35,33,46,49,48,40,54,47,49,31,51,46,47,43,50,36,46,39,34,41,46,45,42,47
20,24,20,28,33,51,25,35,30,28,2,29,37,34,29,44,30,29,20,32,31,30,38,50,30,29,36,30,35,42,31,35,44,29,31,32,23,24,24,23,30,34,30,22,31,37,43,32,28,26,50,46,43,29,25,18,30,46,46,28,33,27,41,33,29,24,26,44,29,29,47,30,28,40,29,30,23,28,32,26,34,45,32,33,36,34,30,34,36,38,48,38,44,21,28,44,32,26,21,24,44,51,33,40,0,25,41,33,55,47,31,27,36,23,32,33,42,37,39,34,39,15,20,31,23,36,43,24,34,32,27,31,36,45,29,31,35,34,28,29,28,38,33,30,30,20,36,27,36,37,31,41,24,31,31,35,29,35,31,31,40,39,45,35,33,41,39,33,32,28,46,36,36,40,43,32,36,33,39,53,27,18,41,48,30,30,35,29
31,37,33,30,36,45,29,32,40,36,21,3,34,41,10,31,35,33,37,38,34,28,44,46,31,41,34,33,39,37,29,47,41,36,37,35,36,36,41,32,28,40,29,34,41,35,39,31,36,32,39,36,40,35,31,29,40,38,32,33,29,32,50,42,38,39,21,30,38,39,43,30,35,44,40,34,33,38,33,31,40,42,37,38,42,39,24,36,36,20,36,29,34,6,39,35,34,31,32,33,34,48,26,20,25,0,43,30,53,46,37,25,41,31,37,36,38,30,36,41,37,35,33,37,24,30,38,31,41,40,33,36,34,36,37,6,32,42,37,30,37,35,37,37,31,37,38,25,43,40,38,40,31,39,41,39,10,35,2,42,34,44,35,15,34,34,31,39,41,27,48,36,40,33,40,37,28,40,36,37,36,32,27,31,37,38,33,40
43,44,40,22,49,42,45,45,53,49,41,35,12,49,40,16,50,42,35,40,37,40,52,55,42,38,47,43,31,50,18,38,47,36,40,39,49,44,36,40,37,53,28,43,45,46,39,39,40,42,48,45,49,48,46,44,32,42,49,28,38,47,51,36,32,44,27,48,37,48,49,41,42,43,35,48,38,37,40,38,39,22,42,46,38,49,42,43,54,46,43,37,52,44,43,41,46,32,44,52,53,42,35,46,41,43,0,22,61,37,47,44,44,46,52,46,45,48,30,49,4,43,44,50,40,37,29,38,43,49,48,47,49,31,45,41,6,55,52,48,47,51,50,52,46,44,49,44,37,55,53,18,38,48,47,46,40,44,44,38,48,40,30,29,36,40,25,49,46,42,47,52,35,18,49,52,43,55,40,58,45,40,36,26,48,49,39,45
23,25,27,10,39,60,24,25,34,30,24,25,10,38,24,6,41,20,29,30,34,26,27,44,18,37,31,26,36,36,18,48,45,24,29,30,32,27,31,30,27,39,10,24,31,33,40,25,41,34,42,43,24,36,27,28,38,36,30,31,18,34,49,37,34,24,12,35,32,38,43,16,35,31,38,36,30,35,25,24,35,16,29,34,32,34,27,29,41,32,44,34,38,19,29,47,26,24,32,34,41,51,32,33,33,30,22,0,56,41,34,25,36,34,28,30,37,38,38,37,26,30,30,35,34,40,35,15,37,36,35,36,36,31,31,22,16,34,35,35,34,33,33,35,31,25,38,25,36,39,36,10,15,33,38,35,27,32,28,36,42,49,31,32,16,36,42,33,38,29,44,35,39,6,41,28,39,37,40,44,37,33,41,16,35,32,29,31
53,55,55,50,60,51,57,58,56,60,45,42,48,54,52,46,58,49,57,58,50,54,52,57,58,50,41,58,60,47,45,60,60,58,60,59,60,58,61,54,58,61,54,53,47,44,47,51,47,50,31,34,47,49,58,57,53,51,48,56,54,55,60,51,50,55,54,47,50,56,37,56,55,47,46,54,52,52,57,54,47,56,62,58,52,44,48,55,62,39,44,47,51,50,52,47,57,57,50,59,45,61,46,44,55,53,61,56,0,50,59,53,54,48,60,54,54,48,55,62,58,48,59,61,52,51,55,55,49,61,59,55,59,50,57,51,54,63,60,48,59,65,54,61,53,50,62,53,45,64,60,48,55,64,54,57,39,57,35,53,29,52,50,28,52,53,30,59,50,55,59,55,57,46,68,60,43,59,54,30,58,56,28,40,60,53,52,60
32,35,33,45,39,35,46,36,46,40,45,49,44,47,43,34,45,37,31,29,30,25,44,64,26,36,51,25,32,45,35,20,49,26,25,35,38,36,36,36,25,49,41,32,33,53,44,39,52,43,43,40,29,42,45,45,42,50,44,27,25,46,49,33,36,34,45,54,29,45,61,18,36,49,34,44,34,29,40,37,31,44,42,42,51,42,31,45,48,51,48,40,48,44,28,46,36,35,33,40,49,21,39,48,47,46,37,41,50,0,40,44,35,38,49,42,20,56,12,51,41,50,37,45,49,30,35,41,38,41,40,43,54,44,39,40,43,48,44,29,45,40,41,47,36,24,47,44,41,51,45,41,41,41,38,45,51,32,48,36,52,44,43,43,41,48,52,47,36,36,30,49,40,50,50,49,43,49,45,60,43,38,46,49,44,43,39,45
28,24,18,39,12,53,28,30,18,27,32,38,41,21,38,43,9,20,17,26,34,24,45,57,26,16,44,24,44,44,39,46,49,21,28,22,23,24,23,17,26,19,37,29,6,43,39,29,34,27,47,52,32,33,23,27,36,54,44,29,24,8,36,34,25,23,41,48,32,16,54,25,25,41,27,9,25,22,31,37,10,52,26,1,46,44,24,2,24,50,53,35,49,36,28,47,23,22,29,25,47,47,33,50,31,37,47,34,59,40,0,25,14,27,13,3,39,48,35,21,47,39,25,7,35,36,37,26,14,13,29,8,37,38,13,40,41,20,10,27,15,33,9,10,25,25,22,25,34,19,18,37,26,19,18,7,32,32,36,22,52,45,37,43,32,46,39,3,14,29,43,14,38,43,39,14,36,25,39,55,12,19,43,45,18,14,40,26
21,25,25,26,26,56,23,29,23,21,19,26,31,23,26,39,30,19,14,22,25,25,39,50,20,28,41,24,35,37,35,44,31,13,23,14,23,16,23,14,23,27,29,24,29,40,34,22,33,27,48,42,28,29,13,23,35,42,39,39,24,23,33,35,25,18,22,41,23,16,48,17,20,36,28,23,22,18,23,35,27,37,21,24,42,42,17,20,27,39,37,25,37,28,23,48,24,19,9,21,36,49,26,38,27,25,44,25,53,44,25,0,23,23,18,23,32,38,29,27,41,30,22,27,30,32,32,9,20,21,27,25,23,35,24,31,35,24,25,22,24,31,29,25,27,20,26,1,32,26,24,32,9,25,19,22,31,31,30,21,50,39,35,33,27,32,36,24,27,20,50,25,32,31,34,18,27,24,41,49,30,18,37,39,30,18,35,22
30,22,20,41,6,49,24,36,16,29,37,42,34,19,35,36,20,30,14,31,30,29,49,55,27,1,50,30,38,50,46,35,45,19,29,17,32,22,19,18,29,22,30,30,14,52,33,29,30,24,49,47,29,28,25,28,35,47,47,29,27,5,45,31,16,33,43,50,33,13,47,28,28,42,20,13,18,26,30,40,6,47,28,25,48,48,30,10,22,46,49,36,50,39,21,35,34,23,29,29,50,40,36,46,36,41,44,36,54,35,14,23,0,29,16,15,31,48,25,14,42,42,32,10,41,23,21,29,2,19,34,14,36,32,10,39,40,18,5,18,20,35,20,6,28,31,21,26,31,26,13,30,29,25,3,12,43,32,46,2,47,33,32,36,31,46,36,17,1,34,41,17,21,38,42,16,32,17,26,52,4,27,34,41,19,6,37,31
15,24,18,33,23,59,7,33,25,26,24,32,38,29,33,37,20,20,22,32,15,25,37,54,26,28,43,25,40,38,30,29,43,15,19,14,19,6,21,21,21,30,27,17,31,44,44,25,38,27,45,45,37,31,18,25,14,44,39,23,25,25,45,34,19,18,33,35,27,22,50,16,16,40,24,22,4,5,23,29,29,44,20,26,46,44,12,24,23,44,46,33,38,31,28,49,30,22,20,12,39,48,30,44,23,31,46,34,48,38,27,23,29,0,20,20,32,44,18,32,51,34,3,25,33,30,23,22,29,22,17,24,35,44,20,35,37,29,20,26,25,35,26,21,6,6,31,24,39,32,27,46,22,28,27,22,33,31,35,31,43,44,43,41,27,38,36,22,31,24,29,27,32,30,37,20,41,26,43,47,20,17,44,38,29,22,36,25
24,22,19,38,13,55,22,32,9,21,29,38,36,14,33,43,17,24,10,25,32,22,45,52,21,16,46,23,35,46,41,46,36,13,22,15,26,18,25,21,22,11,27,24,22,45,40,24,33,25,54,45,28,28,9,23,36,46,45,36,21,5,44,38,25,23,39,43,26,10,45,19,25,38,27,13,21,22,24,35,15,44,20,10,46,44,17,6,22,46,46,28,47,26,38,50,24,20,26,21,45,45,32,45,32,37,52,28,60,49,13,18,16,20,0,14,38,42,41,16,50,41,25,18,32,31,40,19,13,18,25,20,32,39,5,32,36,16,9,23,15,30,14,13,23,24,16,15,33,21,15,44,19,12,12,2,33,31,39,16,51,36,39,38,29,44,39,14,14,29,51,12,37,40,37,2,35,19,36,65,14,23,39,45,20,2,33,23
26,15,16,32,8,54,22,35,20,27,29,40,40,19,33,42,5,25,14,29,34,23,42,50,23,19,45,24,49,43,40,44,41,15,27,20,22,18,25,15,25,19,32,26,5,46,38,25,33,24,55,51,31,31,20,25,38,49,42,36,21,3,34,33,20,20,36,45,29,19,49,26,22,41,26,9,20,20,25,34,17,46,23,3,43,41,20,5,21,45,48,34,45,33,36,54,25,16,25,22,45,43,33,45,33,36,46,30,54,42,3,23,15,20,14,0,40,44,34,18,48,39,22,4,35,37,36,23,15,9,26,5,37,37,2,38,38,19,7,24,7,31,7,9,22,18,18,23,33,18,18,42,23,16,11,6,32,31,38,13,49,42,36,44,32,44,34,3,10,30,42,18,34,44,35,10,31,19,32,56,9,14,42,40,10,14,35,28
24,28,28,38,41,50,25,36,38,27,42,36,36,40,34,41,42,27,40,32,14,31,39,54,37,29,53,26,29,49,37,22,42,33,28,33,22,20,28,29,35,43,32,27,31,53,34,30,44,26,49,38,26,42,36,36,10,45,38,27,35,34,45,21,21,22,33,50,27,35,55,35,10,42,27,36,24,35,29,39,27,41,34,36,54,51,29,29,40,50,42,46,46,41,27,26,31,24,31,20,46,36,40,50,42,38,45,37,54,20,39,32,31,32,38,40,0,49,26,41,37,34,32,41,32,29,18,33,34,40,36,42,40,37,34,46,39,41,38,35,39,37,37,33,18,14,41,34,40,41,38,42,33,45,36,37,46,31,41,35,52,20,36,45,38,38,42,36,32,32,20,42,28,29,43,38,34,44,34,60,33,23,35,37,36,37,45,43
36,41,39,33,45,46,42,46,50,39,33,22,42,50,28,38,47,49,39,41,41,46,29,44,37,54,9,47,46,38,38,52,52,38,38,43,40,39,36,42,43,48,35,38,41,4,46,38,44,42,30,31,44,43,38,34,49,5,35,42,40,45,47,51,45,40,34,5,46,45,40,36,36,33,44,44,42,44,40,34,45,40,39,40,36,36,40,41,45,31,5,36,31,29,47,31,41,38,35,46,30,56,33,28,37,30,48,38,48,56,48,38,48,44,42,44,49,0,51,50,41,30,43,41,32,39,45,36,48,42,41,43,49,33,43,28,42,48,45,42,44,42,42,45,37,39,47,40,45,45,40,43,36,45,48,40,27,39,27,42,29,50,32,32,35,27,38,47,50,36,58,48,40,44,48,42,39,44,50,44,47,40,34,41,45,40,41,35
26,34,37,42,39,34,23,36,41,25,33,43,31,42,35,28,37,29,25,22,22,24,46,61,24,26,45,24,30,50,38,30,31,20,12,35,32,16,23,31,24,44,31,26,31,45,35,29,34,25,48,46,33,34,34,42,16,47,46,22,24,36,41,35,17,30,38,51,24,36,58,12,24,45,26,38,26,13,34,39,33,34,32,36,49,47,29,41,43,48,40,36,45,38,29,22,27,32,36,34,45,36,34,48,39,36,30,38,55,12,35,29,25,18,41,34,26,51,0,39,26,33,28,43,35,29,16,37,25,34,40,38,40,42,33,38,33,40,44,37,41,32,38,45,24,18,42,32,35,46,39,38,37,33,28,36,41,26,46,24,50,36,42,29,42,44,40,39,26,33,24,42,18,39,40,37,38,40,38,60,35,37,39,35,30,42,37,36
28,24,21,40,18,56,30,37,4,28,35,42,43,4,41,46,24,30,19,32,32,29,49,60,29,20,50,29,50,50,44,47,42,17,30,23,30,22,25,23,31,2,36,27,19,50,45,32,37,29,56,54,36,37,22,29,42,50,49,39,30,18,38,39,33,26,41,50,35,16,57,25,27,46,37,23,23,30,32,40,27,50,21,20,50,49,29,16,7,50,55,35,49,38,37,52,29,24,30,26,50,54,36,50,34,41,49,37,62,51,21,27,14,32,16,18,41,50,39,0,50,46,30,19,34,40,40,24,17,23,35,24,43,45,18,40,47,4,22,30,22,36,24,19,25,28,4,23,38,21,8,41,25,12,22,14,39,37,37,24,53,45,45,47,34,49,45,17,18,34,50,6,43,39,43,14,42,8,43,57,24,28,48,42,24,11,42,29
35,34,42,14,47,43,42,46,53,45,41,42,12,53,47,32,48,38,41,46,46,43,53,51,42,38,48,39,33,49,6,39,52,40,44,41,50,36,38,41,41,51,14,36,41,45,36,38,38,47,51,36,34,49,38,40,45,47,48,30,39,47,47,42,32,50,11,46,29,51,45,36,40,46,34,48,42,42,38,28,41,12,46,52,52,51,37,50,55,45,35,38,43,38,43,39,42,42,45,49,45,39,35,45,39,37,4,26,58,41,47,41,42,51,50,48,37,41,26,50,0,48,41,48,36,35,30,43,41,49,43,45,42,35,47,37,18,54,44,48,47,50,48,47,48,47,50,39,36,52,53,18,43,46,43,47,45,48,39,40,44,48,35,35,34,43,30,53,40,46,36,55,26,26,50,48,40,55,46,61,47,48,40,26,50,54,46,47
39,31,33,32,41,53,36,31,43,38,13,31,29,44,32,42,39,42,39,39,45,38,29,51,38,47,37,38,49,41,40,52,39,36,31,36,35,33,38,30,38,45,22,39,44,37,42,37,43,32,38,43,44,42,29,35,41,40,33,47,36,41,46,36,39,31,35,29,33,41,45,32,39,35,37,38,32,35,35,28,44,43,38,40,33,33,34,39,41,37,38,32,35,16,42,44,35,37,32,33,37,50,32,37,15,35,43,30,48,50,39,30,42,34,41,39,34,30,33,46,48,0,39,41,24,36,35,34,44,38,34,41,38,41,41,31,35,45,41,43,38,38,40,39,41,36,45,30,44,41,40,43,34,40,41,43,33,31,37,42,41,48,41,31,25,26,45,39,45,35,47,44,42,37,43,42,38,41,44,52,39,39,45,44,41,43,24,40
26,24,18,36,21,61,2,34,28,27,18,37,35,27,30,44,21,28,20,35,22,24,45,51,24,32,40,26,43,39,40,26,41,19,25,15,20,8,27,17,26,27,32,27,32,41,45,18,39,28,52,52,35,35,11,23,22,37,40,33,26,23,45,42,20,21,38,42,27,31,49,22,17,36,29,20,17,2,21,37,34,50,31,23,35,40,19,26,26,33,46,31,37,32,31,53,28,18,24,23,38,49,28,34,20,33,44,30,59,37,25,22,32,3,25,22,32,43,28,30,41,39,0,21,30,31,20,18,30,26,23,26,38,46,23,41,41,27,21,25,25,35,25,23,15,5,26,20,41,30,29,31,18,29,29,27,31,35,35,29,51,22,46,36,34,44,39,26,30,27,44,29,26,36,40,26,35,28,35,58,23,26,43,37,27,27,35,22
29,16,16,38,4,57,23,36,23,28,27,38,44,27,32,47,12,29,21,30,33,28,41,57,28,10,41,27,42,44,43,39,40,21,26,19,26,21,26,21,28,20,39,29,9,41,43,30,39,28,56,55,41,28,21,30,33,45,46,34,28,6,44,43,31,23,36,41,38,19,57,29,23,44,30,7,26,26,28,40,15,51,26,8,44,44,27,14,22,46,45,38,46,36,35,53,32,19,26,25,46,50,38,46,31,37,50,35,61,45,7,27,10,25,18,4,41,41,43,19,48,41,21,0,38,42,39,24,12,6,31,10,28,42,5,34,43,19,6,31,6,30,6,6,23,21,23,28,37,17,19,44,24,17,12,13,37,34,35,16,46,43,42,47,35,43,49,6,11,25,51,25,31,44,38,14,36,21,41,53,6,17,45,41,9,17,39,28
28,32,30,32,32,50,28,26,36,23,31,33,26,36,32,31,39,33,31,28,36,24,31,49,26,33,33,26,47,41,36,40,41,30,30,31,36,31,28,29,26,34,26,28,40,34,30,28,38,36,48,39,28,29,28,29,35,38,36,29,28,31,47,37,28,23,33,31,33,35,48,27,35,35,32,32,31,32,34,36,38,34,31,34,43,40,34,33,41,43,40,11,40,28,35,39,30,35,28,31,40,41,10,43,23,24,40,34,52,49,35,30,41,33,32,35,32,32,35,34,36,24,30,38,0,32,39,27,34,38,30,39,36,35,33,21,32,36,36,35,36,37,36,34,32,33,36,25,39,41,37,35,27,35,36,31,30,35,26,37,45,49,35,28,23,34,29,35,41,35,45,35,41,29,39,31,39,37,44,40,36,37,26,46,39,34,36,32
26,27,20,36,34,58,40,30,40,34,32,37,27,42,38,33,40,29,23,37,37,29,38,56,35,23,44,29,29,36,37,40,40,23,38,29,29,33,24,25,29,41,28,28,30,43,38,20,10,29,42,44,21,32,27,10,34,46,36,32,35,36,50,30,21,33,34,40,15,33,50,20,36,37,33,37,27,34,26,34,28,39,31,35,45,45,23,30,40,42,44,35,49,40,32,39,38,24,29,37,49,37,30,41,36,30,37,40,51,30,36,32,23,30,31,37,29,39,29,40,35,36,31,42,32,0,26,27,34,42,31,36,27,39,35,36,27,41,36,23,37,33,40,39,37,37,40,33,14,43,38,31,27,33,30,33,37,37,35,27,54,47,37,35,24,44,33,43,31,6,43,38,35,24,29,37,2,39,28,57,35,20,33,32,25,34,34,31
33,35,36,40,39,51,19,37,42,28,38,44,42,43,47,30,37,32,29,36,14,28,50,64,30,34,51,32,36,47,44,16,39,29,35,30,37,14,27,34,32,43,38,35,33,51,40,33,34,34,52,46,28,37,40,25,18,44,47,27,32,34,49,34,23,30,35,45,27,35,50,25,22,40,26,42,30,26,23,46,29,31,32,39,50,45,26,39,44,44,40,38,49,42,33,44,36,35,39,30,49,34,38,44,43,38,29,35,55,35,37,32,21,23,40,36,18,45,16,40,30,35,20,39,39,26,0,32,23,41,36,30,41,40,35,44,44,43,38,35,39,35,39,35,24,20,43,30,32,44,44,39,32,38,25,38,37,33,39,34,56,10,40,36,36,39,35,40,32,33,22,42,16,37,39,37,27,36,34,59,39,27,40,37,24,39,37,33
17,17,15,23,26,56,16,27,26,25,18,27,25,28,21,32,24,21,17,21,28,21,37,48,23,28,36,21,35,36,32,40,34,21,25,20,23,18,18,14,21,26,30,20,22,38,31,24,34,22,46,42,30,31,14,23,37,38,38,33,21,20,43,32,17,23,26,37,24,20,46,17,19,33,31,25,16,15,20,31,29,41,25,21,41,36,16,22,21,36,40,29,38,23,25,42,24,15,11,25,38,46,26,36,24,31,38,15,55,41,26,9,29,22,19,23,33,36,37,24,43,34,18,24,27,27,32,0,29,24,29,19,31,41,26,27,33,28,24,21,24,32,23,26,21,23,26,4,35,25,26,37,1,25,27,20,29,28,28,29,44,47,41,35,28,35,34,24,25,22,41,27,40,31,40,19,34,28,45,48,26,19,34,33,26,26,35,26
28,23,18,40,8,49,25,33,20,27,35,41,36,19,41,41,16,28,15,33,23,27,46,64,27,3,51,27,38,50,39,31,38,15,25,22,35,29,22,21,27,17,34,29,16,50,37,27,35,19,46,38,32,37,17,21,30,52,46,28,27,11,42,34,14,28,43,50,24,11,47,27,26,45,21,13,24,23,23,37,16,46,26,22,50,49,22,21,19,46,49,33,48,34,28,42,33,25,34,29,49,40,34,45,34,41,43,37,49,38,14,20,2,29,13,15,34,48,25,17,41,44,30,12,34,34,23,29,0,16,35,16,37,31,8,45,35,17,7,18,18,40,9,8,28,28,19,32,32,24,15,33,32,24,2,11,38,40,40,5,51,42,31,37,33,45,40,20,3,37,29,16,29,31,43,12,35,20,39,49,6,29,35,34,11,11,38,31
28,18,17,38,9,59,22,38,18,33,31,39,39,21,36,43,4,30,20,35,35,33,46,57,32,16,42,29,44,42,44,46,43,21,27,22,26,19,20,15,27,24,36,28,16,42,45,29,38,25,48,51,36,36,23,32,39,46,44,36,33,11,41,38,31,24,39,42,33,17,51,27,30,44,29,7,26,24,27,33,20,50,30,10,49,43,27,15,18,45,48,38,45,36,36,53,28,18,25,22,46,50,38,46,32,40,49,36,61,41,13,21,19,22,18,9,40,42,34,23,49,38,26,6,38,42,41,24,16,0,29,3,34,45,12,39,45,25,10,29,6,34,6,10,25,22,23,24,36,19,19,41,25,20,18,14,41,35,41,20,47,51,45,43,40,39,41,6,14,27,48,24,39,42,42,16,30,20,37,52,12,20,43,36,14,16,40,30
21,23,27,34,31,61,19,30,32,23,28,39,33,35,32,41,31,20,23,25,33,22,44,56,23,37,39,22,47,44,40,41,42,26,25,21,18,12,32,24,24,32,29,21,34,41,45,28,37,34,52,50,28,32,23,31,42,46,40,37,22,28,44,36,28,27,36,39,33,30,55,21,27,49,30,28,29,19,33,33,28,54,31,27,41,45,23,27,35,45,51,27,41,34,31,54,23,25,25,25,44,48,30,45,27,33,48,35,59,40,29,27,34,17,25,26,36,41,40,35,43,34,23,31,30,31,36,29,35,29,0,36,41,41,29,35,35,31,28,38,35,34,33,33,15,13,35,27,37,35,32,43,29,32,37,25,35,37,39,35,45,44,40,45,35,43,46,31,38,27,47,33,41,41,43,27,40,33,26,53,31,26,44,43,30,31,32,30
32,17,18,39,4,61,22,44,18,33,31,39,40,24,35,37,10,31,21,32,34,31,46,57,34,14,43,31,45,43,43,46,42,22,31,25,23,21,25,19,31,25,37,32,16,43,45,30,32,31,46,46,34,33,20,30,42,47,45,35,34,12,40,32,30,25,40,43,34,11,45,27,21,43,29,3,27,26,27,34,16,44,30,7,48,44,31,14,21,42,49,40,46,37,26,54,35,18,26,22,47,50,39,43,31,36,47,36,55,43,8,25,14,24,20,5,42,43,38,24,45,41,26,10,39,36,30,19,16,3,36,0,33,45,16,39,41,27,11,23,7,31,8,11,26,25,26,25,36,21,20,39,24,20,16,17,36,40,38,16,52,48,45,39,36,43,38,15,14,29,44,20,40,43,39,18,36,22,45,53,13,21,39,37,10,19,39,31
28,32,32,38,30,61,35,34,39,32,42,37,43,44,37,41,30,20,26,39,31,34,41,57,26,35,44,29,37,44,43,50,42,25,32,30,39,40,38,32,34,39,40,29,41,44,42,22,27,30,54,52,33,22,24,22,33,50,47,48,22,34,43,40,36,32,38,49,43,31,58,28,31,46,41,30,40,34,24,39,41,47,34,38,45,43,28,35,46,51,52,37,39,41,45,52,31,34,31,35,36,50,34,52,36,34,49,36,59,54,37,23,36,35,32,37,40,49,40,43,42,38,38,28,36,27,41,31,37,34,41,33,0,46,31,42,37,38,29,30,32,18,35,28,31,33,38,32,25,45,38,42,38,32,38,35,38,42,40,39,51,46,46,47,29,45,40,36,34,25,44,40,40,42,6,33,39,40,44,58,34,33,42,45,40,35,39,33
31,36,34,28,41,35,43,35,48,37,30,29,23,44,32,31,42,34,37,36,32,33,47,58,34,32,35,33,39,42,30,44,47,42,37,43,45,42,39,36,33,47,33,33,32,33,16,37,28,35,36,45,28,36,45,38,37,49,48,43,33,41,42,31,34,32,38,42,35,34,40,38,42,52,32,44,44,43,39,29,35,37,44,43,46,46,47,40,47,48,45,35,40,36,39,40,36,43,39,41,39,49,34,39,45,36,31,31,50,44,38,35,32,44,39,37,37,33,42,45,35,41,46,42,35,39,40,41,31,45,41,45,46,0,40,35,37,47,39,32,45,42,40,39,37,33,48,32,30,48,41,24,35,51,42,34,32,36,26,35,40,50,3,26,36,39,21,44,34,34,41,43,33,33,47,39,37,46,42,42,40,42,20,44,39,34,47,47
26,15,15,33,9,55,23,36,12,22,31,39,37,18,37,41,12,26,13,26,29,23,44,53,23,9,42,23,50,42,45,37,37,15,23,21,27,18,26,15,23,16,29,26,12,41,41,26,30,23,51,52,38,23,19,24,37,47,48,29,21,2,38,30,21,21,34,44,34,13,54,24,21,43,31,8,20,21,26,38,10,53,26,14,45,44,22,8,24,48,51,34,44,33,35,51,29,16,25,19,41,46,32,48,29,37,45,31,57,39,13,24,10,20,5,2,34,43,33,18,47,41,23,5,33,35,35,26,8,12,29,16,31,40,0,35,39,16,5,27,9,35,12,3,19,21,15,22,34,15,15,41,20,20,12,5,37,36,39,12,50,43,39,39,31,43,37,6,5,31,45,12,31,41,37,5,37,21,39,61,6,21,45,43,9,5,38,26
27,31,29,34,36,53,33,43,41,25,27,17,41,41,6,47,37,37,29,38,43,34,33,42,24,38,32,34,48,37,45,48,44,30,29,27,36,32,33,26,34,39,24,29,46,32,39,37,34,33,43,46,40,35,35,33,47,38,42,44,34,36,43,40,35,29,30,28,39,37,51,30,31,39,35,36,33,31,33,33,40,44,38,43,42,41,36,32,39,36,30,26,28,8,43,23,37,29,30,29,28,47,20,36,31,6,41,22,51,40,40,31,39,35,32,38,46,28,38,40,37,31,41,34,21,36,44,27,45,39,35,39,42,35,35,0,35,42,38,37,39,39,38,36,31,41,43,28,42,40,41,38,29,38,46,34,16,43,12,41,44,47,37,9,28,6,21,37,42,35,46,37,39,43,39,35,36,43,47,47,37,40,35,29,39,31,33,38
38,33,32,22,44,44,34,46,45,37,37,32,14,45,32,22,47,32,37,39,33,35,42,55,33,38,42,40,40,37,12,52,47,40,40,35,38,35,43,32,33,44,14,38,37,43,37,30,34,36,46,37,32,39,31,39,48,39,42,24,37,41,41,33,29,29,21,41,39,40,41,29,36,44,35,40,32,42,39,33,35,18,36,46,41,39,32,47,42,40,51,29,51,30,31,41,36,34,41,31,52,49,32,40,35,32,6,16,54,43,41,35,40,37,36,38,39,42,33,47,18,35,41,43,32,27,44,33,35,45,35,41,37,37,39,35,0,45,41,28,43,42,47,39,34,35,42,38,36,49,40,4,31,43,40,42,33,43,31,39,48,48,31,26,22,40,32,46,36,33,51,44,40,20,51,42,34,48,41,53,38,35,34,14,38,40,40,40
29,21,21,38,20,56,25,32,6,25,34,38,49,8,35,47,24,31,20,29,32,26,48,56,28,19,49,28,45,49,46,45,39,19,26,22,30,26,30,22,26,10,36,29,21,48,44,31,39,33,50,58,36,34,21,27,44,46,47,37,24,16,41,39,26,26,42,49,35,20,53,28,29,45,37,22,25,27,30,40,29,54,26,22,50,49,28,14,19,47,47,37,48,36,37,51,33,22,29,27,47,54,36,46,34,42,55,34,63,48,20,24,18,29,16,19,41,48,40,4,54,45,27,19,36,41,43,28,17,25,31,27,38,47,16,42,45,0,17,32,22,35,23,19,24,26,2,25,39,22,12,46,28,20,21,11,39,32,39,22,54,50,38,45,34,44,45,21,23,35,49,8,42,43,41,14,43,9,44,59,20,21,42,45,21,13,41,26
29,16,17,38,2,57,18,34,16,28,28,33,41,23,36,44,5,34,13,23,34,22,46,56,28,6,42,22,43,46,41,34,40,14,22,14,27,19,22,17,22,19,35,29,14,43,40,31,44,30,56,49,38,31,18,30,38,46,41,30,21,5,44,40,27,27,33,44,36,15,48,22,21,47,33,7,19,21,32,39,14,49,31,10,48,43,24,10,21,45,47,36,44,34,38,47,24,18,28,19,43,47,36,44,28,37,52,35,60,44,10,25,5,20,9,7,38,45,44,22,44,41,21,6,36,36,38,24,7,10,28,11,29,39,5,38,41,17,0,28,9,25,6,1,21,21,16,27,42,18,13,41,24,21,8,12,36,28,32,9,53,40,41,45,39,45,46,8,10,27,44,16,36,41,35,13,39,16,39,54,1,18,46,47,9,8,38,31
32,13,13,27,34,48,24,39,28,31,28,38,30,30,29,26,26,22,19,28,20,27,38,57,29,16,42,31,28,42,36,37,44,16,30,22,32,28,18,14,26,36,27,34,21,42,30,29,29,8,50,37,28,34,20,34,33,42,44,19,33,25,37,30,6,22,34,42,22,22,41,25,16,38,19,26,27,20,29,30,19,39,30,28,44,42,30,25,27,44,43,34,46,33,26,48,41,13,21,23,46,29,35,44,29,30,48,35,48,29,27,22,18,26,23,24,35,42,37,30,48,43,25,31,35,23,35,21,18,29,38,23,30,32,27,37,28,32,28,0,33,40,35,30,19,29,32,24,23,31,31,30,14,29,33,25,37,33,36,24,45,30,34,32,31,40,28,31,27,32,33,30,33,28,36,30,21,25,38,54,32,21,28,36,23,29,41,33
28,18,17,36,6,62,22,38,16,28,32,39,45,23,37,49,10,29,17,30,31,28,43,56,28,18,46,28,48,41,44,43,42,19,28,23,27,22,19,19,28,25,32,28,18,46,45,30,38,27,56,53,38,30,19,29,39,43,44,34,27,12,40,39,27,25,39,45,37,21,53,25,21,45,31,4,25,29,32,37,14,53,31,14,46,41,27,20,23,43,42,37,46,33,36,55,32,18,29,21,45,49,35,43,28,37,47,34,59,45,15,24,20,25,15,7,39,44,41,22,47,38,25,6,36,37,39,24,18,6,35,7,32,45,9,39,43,22,9,33,0,28,12,2,25,25,22,22,42,20,12,45,26,20,18,17,39,36,37,12,50,47,47,47,35,45,49,12,19,26,47,17,45,43,32,15,36,17,42,55,4,19,47,43,14,15,43,26
32,35,31,35,26,52,27,24,37,27,35,36,38,42,38,48,32,18,20,25,35,26,49,57,20,33,50,28,34,43,32,49,41,23,20,18,33,35,37,32,26,38,34,31,41,49,40,16,23,30,53,51,30,14,28,24,42,51,49,45,27,26,49,29,35,33,43,41,34,33,57,23,30,39,41,30,35,33,10,30,37,40,29,36,49,42,23,37,41,46,56,36,46,38,44,54,34,34,31,32,45,56,37,45,38,35,51,33,65,40,33,31,35,35,30,31,37,42,32,36,50,38,35,30,37,33,35,32,40,34,34,31,18,42,35,39,42,35,25,40,28,0,33,24,38,36,36,31,21,41,41,41,30,37,37,27,42,33,39,34,61,48,42,46,18,44,41,32,40,35,46,38,44,37,8,32,42,38,43,61,26,33,40,42,32,29,40,31
29,17,17,36,10,54,24,30,17,24,29,33,36,25,33,38,10,33,23,29,33,25,43,55,27,18,42,25,44,41,42,40,45,16,27,20,28,24,21,17,25,24,38,30,20,41,41,31,45,22,53,54,39,33,20,28,40,46,43,34,25,13,43,43,26,25,37,41,36,17,52,25,24,45,35,9,27,26,29,38,18,48,30,16,40,42,25,11,20,40,44,34,45,33,39,54,28,18,25,22,46,45,36,39,33,37,50,33,54,41,9,29,20,26,14,7,37,42,38,24,48,40,25,6,36,40,39,23,9,6,33,8,35,40,12,38,47,23,6,35,12,33,0,6,27,25,20,25,44,16,17,38,19,16,10,13,33,35,39,23,47,46,38,46,38,33,44,8,20,30,44,18,34,42,35,13,27,20,39,56,12,15,48,42,19,8,42,26
24,16,17,37,2,60,19,30,15,30,30,34,44,23,38,45,8,32,14,24,27,22,44,55,22,5,42,22,44,41,45,37,38,14,22,18,26,19,19,17,24,19,35,24,14,43,40,31,44,29,53,51,38,26,19,29,35,46,42,39,21,4,50,40,29,21,35,44,34,15,53,24,19,45,29,6,21,23,28,37,14,51,30,12,46,43,29,12,21,44,45,35,44,37,29,51,24,18,26,19,43,54,34,45,30,37,52,35,61,47,10,25,6,21,13,9,33,45,45,19,47,39,23,6,34,39,35,26,8,10,33,11,28,39,3,36,39,19,1,30,2,24,6,0,19,21,19,25,40,16,15,41,24,20,8,13,35,32,34,10,52,41,41,45,35,41,45,10,6,28,49,18,27,43,30,13,40,20,37,57,2,19,43,41,6,13,38,28
28,22,25,35,19,52,11,29,24,18,26,30,45,30,34,42,24,30,12,21,8,20,42,56,18,29,45,24,45,48,38,32,34,19,17,16,16,6,19,21,22,26,35,28,27,45,38,25,29,28,47,49,29,31,20,29,28,42,44,26,22,19,43,31,21,16,37,37,28,26,51,25,12,40,28,22,14,7,27,33,29,43,26,24,48,43,24,21,29,45,40,34,40,33,26,51,20,22,22,16,40,42,31,44,30,31,46,31,53,36,25,27,28,6,23,22,18,37,24,25,48,41,15,23,32,37,24,21,28,25,15,26,31,37,19,31,34,24,21,19,25,38,27,19,0,4,32,23,32,31,29,38,23,24,33,17,31,29,31,29,49,30,40,41,30,34,42,20,28,31,34,25,26,31,39,23,33,26,28,60,24,21,40,36,28,28,38,31
28,22,18,34,21,62,3,30,29,22,29,22,41,25,30,41,20,30,18,27,24,18,41,48,22,32,41,18,40,44,44,44,40,19,21,14,17,2,23,23,20,27,31,29,29,43,36,16,39,26,52,56,32,33,18,25,34,43,43,27,20,17,37,35,25,18,37,37,37,26,55,16,14,44,4,20,20,3,23,33,25,48,22,24,43,44,20,19,32,46,39,33,40,34,31,52,30,18,23,18,42,41,33,46,20,37,44,25,50,24,25,20,31,6,24,18,14,39,18,28,47,36,5,21,33,37,20,23,28,22,13,25,33,33,21,41,35,26,21,29,25,36,25,21,4,0,29,21,37,32,28,38,23,28,32,20,25,28,27,25,49,36,36,44,30,37,26,22,28,32,30,28,34,38,40,23,36,27,24,57,20,19,38,42,25,17,32,26
31,23,20,37,19,55,25,29,2,23,35,38,47,8,38,48,18,28,19,25,33,24,49,60,24,19,45,24,43,47,49,44,37,20,24,20,31,29,26,24,24,2,34,31,23,44,50,31,42,32,53,53,34,33,21,27,37,47,48,39,24,15,39,40,27,26,44,48,36,18,54,25,30,44,34,23,25,27,29,41,26,53,22,25,48,50,27,22,10,49,48,37,50,35,39,46,30,21,26,27,49,53,36,47,36,38,49,38,62,47,22,26,21,31,16,18,41,47,42,4,50,45,26,23,36,40,43,26,19,23,35,26,38,48,15,43,42,2,16,32,22,36,20,19,32,29,0,30,40,23,10,46,29,12,22,11,41,34,44,22,54,50,42,45,31,46,43,22,22,32,44,8,38,47,42,14,44,6,37,60,18,18,44,43,20,14,38,26
21,25,25,26,26,56,23,29,24,21,19,26,31,22,26,39,30,19,14,22,25,25,39,50,20,29,41,24,35,37,35,44,31,13,23,14,23,16,23,14,23,27,29,24,29,40,35,22,33,26,48,42,28,29,13,23,35,42,39,39,24,24,33,35,25,18,22,41,23,16,48,18,20,36,28,23,22,18,23,35,27,37,21,24,42,42,17,20,26,39,37,25,37,28,23,48,24,19,9,21,36,49,26,38,27,25,44,25,53,44,25,1,26,24,15,23,34,40,32,23,39,30,20,28,25,33,30,4,32,24,27,25,32,32,22,28,38,25,27,24,22,31,25,25,23,21,30,0,32,26,24,32,9,25,20,22,31,31,30,22,50,39,35,33,27,32,36,24,27,20,50,25,32,31,34,18,27,23,41,49,30,18,37,39,30,19,35,22
32,36,32,35,42,51,40,29,44,17,34,39,35,38,39,32,37,30,28,16,20,22,44,55,21,31,43,29,50,44,31,33,26,25,16,34,32,41,31,33,21,40,36,34,34,43,33,20,4,27,54,42,16,12,33,28,31,44,47,36,20,36,36,18,34,31,44,45,27,33,52,34,34,33,33,33,35,38,30,45,32,37,39,31,55,51,33,28,40,44,49,37,49,34,31,47,24,36,39,32,49,36,38,43,36,43,37,36,45,41,34,32,31,39,33,33,40,45,35,38,36,44,41,37,39,14,32,35,32,36,37,36,25,30,34,42,36,39,42,23,42,21,44,40,32,37,40,32,0,41,37,36,39,38,35,35,37,26,26,34,52,41,29,37,35,49,27,32,31,26,25,42,35,25,39,37,20,36,39,61,39,30,39,39,40,34,38,34
34,18,18,36,14,63,27,40,22,34,34,40,45,22,39,49,16,35,25,34,39,36,46,60,35,28,48,35,52,45,47,54,49,25,35,22,30,30,25,16,35,20,37,34,14,47,45,32,44,35,56,56,41,39,22,34,47,48,48,41,32,16,50,45,34,29,42,46,38,25,57,32,27,48,37,17,27,30,30,35,27,55,27,17,46,46,27,14,23,47,47,37,49,39,41,58,36,18,28,31,48,58,41,47,37,40,55,39,64,51,19,26,26,32,21,18,41,45,46,21,52,41,30,17,41,43,44,25,24,19,35,21,45,48,15,40,49,22,18,31,20,41,16,16,31,32,23,26,41,0,13,48,27,18,20,13,36,39,41,32,58,48,51,49,38,44,45,18,28,28,51,15,40,43,51,18,40,21,46,62,15,23,48,47,29,22,46,24
30,14,16,32,18,61,26,44,9,30,32,36,43,6,40,49,22,29,18,31,38,29,43,55,30,14,42,29,48,42,39,42,41,19,30,22,29,25,21,15,29,8,38,29,23,40,42,30,40,30,55,53,37,32,21,31,41,54,43,35,28,14,36,38,24,25,41,42,35,22,55,27,26,47,41,19,27,28,31,35,23,56,25,18,45,41,29,17,2,44,52,35,48,35,34,52,32,14,25,28,48,49,37,43,31,38,53,36,60,45,18,24,13,27,15,18,38,40,39,8,53,40,29,19,37,38,44,26,15,19,32,20,38,41,15,41,40,12,13,31,12,41,17,15,29,28,10,24,37,13,0,45,27,12,18,13,37,39,39,25,55,50,44,49,36,46,45,18,22,28,51,8,41,46,45,13,35,6,48,63,18,16,43,50,19,15,44,30
42,33,39,8,41,44,38,38,46,43,34,43,2,44,35,10,42,32,37,42,32,38,46,55,38,30,44,38,29,42,2,45,45,30,41,37,43,30,39,34,40,44,6,43,31,43,25,38,35,30,42,42,34,41,42,38,39,49,40,35,34,41,43,38,22,37,11,43,32,42,42,34,32,41,34,40,36,46,40,28,31,28,41,38,38,48,33,43,50,41,40,35,40,36,36,41,37,37,37,38,41,36,34,41,41,40,18,10,48,41,37,32,30,46,44,42,42,43,38,41,18,43,31,44,35,31,39,37,33,41,43,39,42,24,41,38,4,46,41,30,45,41,38,41,38,38,46,32,36,48,45,0,36,41,39,42,38,39,32,34,45,39,31,26,24,37,30,47,32,33,45,42,39,22,40,37,35,50,32,52,40,46,32,24,38,42,43,43
17,17,15,23,26,56,16,27,26,25,18,27,25,29,21,32,24,21,17,21,28,21,37,48,23,28,36,21,35,36,32,40,34,21,25,20,23,18,17,14,21,26,30,20,22,38,30,24,34,22,46,42,30,31,14,23,37,38,38,33,21,20,43,32,18,23,26,37,24,20,46,17,19,33,31,25,16,15,20,31,29,41,25,21,41,36,16,21,22,36,40,29,38,23,25,42,24,15,11,25,38,46,26,36,24,31,38,15,55,41,26,9,29,22,19,23,33,36,37,25,43,34,18,24,27,27,32,1,32,25,29,24,38,35,20,29,31,28,24,14,26,30,19,24,23,23,29,9,39,27,27,36,0,25,26,20,29,28,28,29,44,47,41,35,28,35,34,23,26,22,41,27,40,31,40,19,34,28,45,48,26,19,34,33,26,26,35,26
27,22,19,34,19,59,24,38,14,28,32,40,39,16,36,44,20,28,18,31,35,29,44,55,30,20,45,29,44,42,42,46,41,17,27,17,28,25,29,22,28,14,34,27,19,44,51,30,36,25,54,52,36,31,21,28,42,54,40,35,27,18,48,37,31,24,37,46,34,21,54,26,29,45,32,21,23,27,29,38,22,44,23,20,47,40,24,17,17,49,49,34,46,36,40,54,32,20,28,25,43,55,35,48,31,39,48,33,64,41,19,25,25,28,12,16,45,45,33,12,46,40,29,17,35,33,38,25,24,20,32,20,32,51,20,38,43,20,21,29,20,37,16,20,24,28,12,25,38,18,12,41,25,0,22,19,38,34,40,24,55,46,50,44,32,46,48,19,21,28,48,16,39,40,39,14,37,10,46,62,22,23,48,46,29,13,40,21
30,22,17,41,8,50,26,32,24,27,34,39,37,20,37,42,23,26,15,34,22,33,48,57,33,3,52,33,40,47,42,32,39,12,29,23,34,24,23,20,33,22,34,30,14,51,43,29,33,29,53,47,33,30,16,24,36,51,47,24,32,10,40,37,17,22,41,49,27,13,49,26,26,43,30,13,24,21,21,40,8,44,25,12,46,50,21,23,19,43,47,35,54,37,35,42,29,21,32,28,54,44,36,42,31,41,47,38,54,38,18,19,3,27,12,11,36,48,28,22,43,41,29,12,36,30,25,27,2,18,37,16,38,42,12,46,40,21,8,33,18,37,10,8,33,32,22,20,35,20,18,39,26,22,0,6,41,34,41,10,51,43,42,41,35,43,44,6,3,33,44,23,24,40,39,11,38,22,33,54,7,25,38,38,12,10,38,28
24,18,14,33,13,55,22,26,9,25,30,31,37,11,38,41,20,22,11,26,25,22,46,53,22,12,40,23,41,45,40,47,35,8,21,14,21,19,25,22,22,13,28,24,10,38,37,25,34,27,47,46,27,27,10,24,35,44,46,33,22,8,41,35,19,24,38,42,29,8,51,20,26,40,26,12,23,22,22,33,15,47,19,12,47,45,21,4,17,47,46,35,44,28,32,41,24,18,28,20,47,51,31,47,35,39,46,35,57,45,7,22,12,22,2,6,37,40,36,14,47,43,27,13,31,33,38,20,11,14,25,17,35,34,5,34,42,11,12,25,17,27,13,13,17,20,11,22,35,13,13,42,20,19,6,0,34,29,40,15,52,43,34,41,28,43,40,12,12,29,47,9,39,43,35,2,41,18,36,62,8,18,42,45,13,4,33,23
35,27,27,32,37,35,37,35,39,37,31,5,36,38,2,40,41,36,35,37,35,35,38,42,33,47,28,36,43,39,41,46,46,34,40,33,40,34,39,32,35,40,25,36,38,29,30,31,31,34,36,46,26,35,33,35,46,18,36,43,34,36,43,36,35,31,24,26,39,35,43,32,31,44,38,34,33,33,40,22,38,38,38,34,38,41,36,31,39,40,18,28,34,16,43,39,36,35,26,35,34,56,30,40,29,10,40,27,39,51,32,31,43,33,33,32,46,27,41,39,45,33,31,37,30,37,37,29,38,41,35,36,38,32,37,16,33,39,36,37,39,42,33,35,31,25,41,31,37,36,37,38,29,38,41,34,0,44,6,41,36,48,39,21,32,14,9,36,39,31,42,40,43,36,43,33,29,38,42,49,36,32,25,29,38,34,37,40
30,35,28,33,34,48,28,1,36,15,29,43,34,35,34,41,37,27,23,9,27,7,46,61,15,35,42,15,37,44,35,32,9,27,22,33,32,28,25,30,7,33,35,28,37,39,38,31,26,33,53,53,17,28,28,37,32,41,41,35,15,31,43,6,29,25,43,39,18,32,55,16,29,36,26,35,30,31,28,41,37,48,28,30,40,46,24,29,43,42,38,32,37,39,34,50,5,35,34,26,36,36,35,41,35,35,44,32,57,32,32,31,32,31,31,31,31,39,26,37,48,31,35,34,35,37,33,28,40,35,37,40,42,36,36,43,43,32,28,33,36,33,35,32,29,28,34,31,26,39,39,39,28,34,34,29,44,0,31,36,46,36,35,36,28,36,45,27,35,35,19,35,33,39,40,28,35,37,39,51,30,33,45,35,34,31,32,28
25,27,27,19,37,33,33,29,42,35,27,1,35,41,2,29,41,38,33,33,36,35,44,44,36,46,28,37,48,35,39,47,41,36,37,35,42,34,31,32,36,40,24,28,38,29,19,35,36,32,45,46,35,32,33,33,37,22,32,39,33,40,46,41,34,35,21,26,35,39,32,33,33,40,38,36,32,37,31,28,38,46,40,32,42,39,34,38,38,32,22,23,30,20,41,27,31,33,28,35,29,52,26,32,31,2,44,28,35,48,36,30,46,35,39,38,41,27,46,37,39,37,35,35,26,35,39,28,40,41,39,38,40,26,39,12,31,39,32,36,37,39,39,34,31,27,44,30,26,41,39,32,28,40,41,40,6,31,0,39,32,45,16,25,32,22,13,39,45,33,49,39,41,30,37,34,29,39,45,35,38,32,5,40,40,40,29,37
35,22,21,40,10,50,25,38,20,32,33,40,37,23,41,39,17,28,17,34,20,31,48,58,28,3,44,28,40,51,39,36,37,24,28,15,31,24,14,23,30,23,32,35,18,41,36,28,31,21,48,42,27,36,27,31,33,49,46,22,33,11,35,34,13,23,40,44,28,15,48,29,29,49,23,13,27,29,32,38,8,48,32,19,45,51,27,18,18,48,45,38,53,43,33,41,33,24,30,23,53,42,37,47,31,42,38,36,53,36,22,21,2,31,16,13,35,42,24,24,40,42,29,16,37,27,34,29,5,20,35,16,39,35,12,41,39,22,9,24,12,34,23,10,29,25,22,22,34,32,25,34,29,24,10,15,41,36,39,0,46,44,35,38,35,46,39,16,3,30,44,25,32,37,43,20,34,21,33,56,9,21,41,45,11,15,39,30
42,44,44,35,52,58,54,50,57,44,48,35,31,56,33,45,48,50,44,57,37,56,42,41,56,41,30,56,53,37,42,51,59,49,44,48,43,49,45,45,54,49,53,42,44,33,43,38,54,41,7,15,49,58,44,44,48,33,48,47,54,50,50,55,47,51,39,26,42,53,29,51,45,43,45,51,45,48,47,38,42,41,52,53,56,47,53,56,57,10,33,48,16,37,51,38,55,48,56,49,19,60,45,13,40,34,48,42,29,52,52,50,47,43,51,49,52,29,50,53,44,41,51,46,45,54,56,44,51,47,45,52,51,40,50,44,48,54,53,45,50,61,47,52,49,49,54,50,52,58,55,45,44,55,51,52,36,46,32,46,0,47,35,37,47,33,35,53,57,50,58,52,52,41,53,54,44,57,48,33,53,47,41,37,49,53,49,53
43,43,46,47,45,31,38,39,48,43,44,46,48,49,48,45,43,42,39,41,18,40,52,59,42,46,49,38,39,55,50,18,39,37,42,38,46,38,36,44,40,50,43,45,45,49,41,44,39,41,48,56,42,42,46,45,26,58,54,32,38,38,45,36,26,22,45,51,38,38,51,49,32,54,28,51,36,39,48,45,35,41,49,45,53,47,44,45,49,44,52,44,46,50,33,44,39,45,46,24,52,31,49,45,39,44,40,49,52,44,45,39,33,44,36,42,20,50,36,45,48,48,22,43,49,47,10,47,42,51,44,48,46,50,43,47,48,50,40,30,47,48,46,41,30,36,50,39,41,48,50,39,47,46,43,43,48,36,45,44,47,0,44,44,50,53,43,43,44,42,32,47,6,49,51,44,31,48,45,61,47,46,40,46,40,46,55,51
31,35,33,25,41,34,43,35,48,36,29,28,22,44,30,30,42,34,37,35,32,32,47,57,34,32,33,32,40,41,30,44,47,42,36,43,45,40,39,36,32,49,33,33,31,30,18,37,27,34,36,44,27,35,44,37,36,48,48,43,32,41,42,30,34,30,37,41,35,34,39,37,41,52,32,44,44,43,39,28,35,37,44,42,46,46,46,39,47,48,45,35,39,36,38,40,35,43,39,41,38,50,34,36,45,35,30,31,50,43,37,35,32,43,39,36,36,32,42,45,35,41,46,42,35,37,40,41,31,45,40,45,46,3,39,37,31,38,41,34,47,42,38,41,40,36,42,35,29,51,44,31,41,50,42,34,39,35,16,35,35,44,0,26,36,39,20,43,34,33,41,43,31,32,47,39,35,46,42,40,40,42,18,44,39,35,47,47
37,37,33,33,45,46,47,35,48,35,35,28,28,44,12,28,44,43,35,34,32,35,44,51,35,36,38,37,43,44,24,49,35,36,34,41,44,48,37,34,37,44,36,38,37,38,25,41,29,32,38,27,32,44,40,39,41,38,39,41,35,41,33,38,24,35,43,33,32,42,36,30,39,34,34,42,43,50,40,31,27,31,40,40,48,42,34,37,46,40,35,30,23,16,43,22,40,37,30,41,22,55,26,40,35,15,29,32,28,43,43,33,36,41,38,44,45,32,29,47,35,31,36,47,28,35,36,35,37,43,45,39,47,26,39,9,26,45,45,32,47,46,46,45,41,44,45,33,37,49,49,26,35,44,41,41,21,36,25,38,37,44,26,0,24,14,12,45,36,33,42,48,37,28,45,39,29,40,38,46,44,42,20,35,43,36,39,43
18,27,27,16,37,46,34,28,35,25,29,33,26,35,31,34,37,21,27,25,27,24,41,48,24,31,40,24,23,37,26,41,29,22,24,28,28,28,37,30,22,33,14,19,38,40,32,27,45,38,48,41,25,26,24,32,36,39,36,36,24,33,45,27,35,31,18,33,26,30,51,27,31,19,36,34,28,27,22,12,35,40,30,33,39,34,26,35,35,33,43,28,32,24,35,42,28,25,21,30,35,39,22,35,33,34,36,16,52,41,32,27,31,27,29,32,38,35,42,34,34,25,34,35,23,24,36,28,33,40,35,36,29,36,31,28,22,34,39,31,35,18,38,35,30,30,31,27,35,38,36,24,28,32,35,28,32,28,32,35,47,50,36,24,0,29,33,38,35,35,41,34,42,14,30,30,38,38,41,54,41,29,36,24,36,29,19,31
38,41,37,39,41,46,42,35,47,38,35,29,32,47,26,40,41,46,37,45,38,38,32,42,38,48,31,38,44,34,35,45,44,36,34,36,41,40,37,36,33,47,33,40,47,29,39,37,47,36,32,34,47,42,40,37,48,34,40,49,32,40,48,44,38,35,29,29,34,46,46,34,39,37,43,42,40,39,36,38,39,47,43,40,40,43,36,44,43,36,26,35,32,24,48,35,33,35,38,38,31,52,34,33,41,34,40,36,53,48,46,32,46,38,44,44,38,27,44,49,43,26,44,43,34,44,39,35,45,39,43,43,45,39,43,6,40,44,45,40,45,44,33,41,34,37,46,32,49,44,46,37,35,46,43,43,14,36,22,46,33,53,39,14,29,0,24,43,50,42,38,46,43,26,39,41,41,43,47,41,45,43,28,36,40,41,36,46
37,45,45,40,46,30,45,46,43,39,39,12,34,42,28,34,42,45,39,42,40,37,34,51,39,38,30,43,44,41,24,45,53,36,40,37,42,38,45,42,43,48,42,38,31,30,25,39,35,32,35,37,28,44,44,45,33,28,44,39,42,43,47,34,32,42,43,38,35,36,33,40,36,45,24,44,40,44,44,32,31,37,46,40,45,47,42,37,47,46,40,27,34,32,43,22,38,41,29,44,34,56,28,46,39,31,25,42,30,52,39,36,36,36,39,34,42,38,40,45,30,45,39,49,29,33,35,34,40,41,46,38,40,21,37,21,32,45,46,28,49,41,44,45,42,26,43,36,27,45,45,30,34,48,44,40,9,45,13,39,35,43,20,12,33,24,0,41,32,41,51,49,36,29,43,43,29,43,41,44,48,41,8,34,45,44,41,48
32,21,19,35,10,55,24,28,17,25,31,40,45,21,37,45,8,28,15,27,26,25,46,60,24,20,51,25,41,44,39,45,39,22,25,22,24,25,18,23,25,23,38,32,20,50,45,30,36,29,53,55,30,36,22,28,35,49,44,32,25,10,37,32,27,22,42,46,38,20,56,28,24,47,33,5,22,30,30,38,22,48,29,2,47,49,26,7,19,49,42,37,49,37,33,46,24,22,29,24,49,52,35,49,33,39,49,33,59,47,3,24,17,22,14,3,36,47,39,17,53,39,26,6,35,43,40,24,20,6,31,15,36,44,6,37,46,21,8,31,12,32,8,10,20,22,22,24,32,18,18,47,23,19,6,12,36,27,39,16,53,43,43,45,38,43,41,0,18,30,41,19,31,47,42,11,40,24,33,60,12,23,37,47,16,8,42,27
38,21,23,43,5,48,24,34,17,33,37,38,36,19,35,38,22,30,16,37,22,32,51,59,33,1,50,30,41,49,40,36,46,12,32,23,35,27,22,20,30,22,33,38,8,50,34,30,30,19,57,45,29,36,24,31,38,51,46,26,30,9,33,31,16,23,43,50,23,13,45,28,23,42,20,11,23,26,29,38,6,50,25,17,50,50,27,12,19,49,45,39,52,41,26,40,40,26,33,31,51,41,41,48,32,41,46,38,50,36,14,27,1,31,14,10,32,50,26,18,40,45,30,11,41,31,32,25,3,14,38,14,34,34,5,42,36,23,10,27,19,40,20,6,28,28,22,27,31,28,22,32,26,21,3,12,39,35,45,3,57,44,34,36,35,50,32,18,0,30,42,16,34,32,42,10,32,23,30,50,5,23,36,41,18,10,45,32
18,20,14,24,32,55,26,32,35,23,24,27,38,36,21,41,32,37,33,32,35,26,34,52,27,32,36,26,32,34,36,37,38,26,28,19,27,30,27,13,26,35,29,21,33,39,43,20,36,31,52,45,37,32,24,16,38,42,34,30,26,28,47,37,24,23,33,32,24,30,53,24,26,37,32,27,25,21,26,29,37,43,30,27,36,37,18,27,26,38,47,31,42,33,16,48,28,14,22,27,44,46,35,40,28,27,42,29,55,36,29,20,34,24,29,30,32,36,33,34,46,35,27,25,35,6,33,22,37,27,27,29,25,34,31,35,33,35,27,32,26,35,30,28,31,32,32,20,26,28,28,33,22,28,33,29,31,35,33,30,50,42,33,33,35,42,41,30,30,0,45,33,31,37,34,27,24,26,39,49,28,14,41,44,36,30,33,30
41,37,41,52,47,28,47,31,48,29,42,46,43,49,42,41,47,39,27,31,26,32,54,54,32,42,54,32,21,53,39,32,29,40,37,39,51,28,38,36,32,52,42,41,37,54,38,43,37,29,58,55,32,47,48,41,12,47,52,33,37,46,45,41,32,30,52,58,36,44,61,31,32,38,24,40,33,21,35,41,35,47,45,38,56,45,36,37,51,51,55,46,51,49,38,45,30,43,45,42,55,21,44,54,46,48,47,44,59,30,43,50,41,29,51,42,20,58,24,50,36,47,44,51,45,43,22,41,29,48,47,44,44,41,45,46,51,49,44,33,47,46,44,49,34,30,44,50,25,51,51,45,41,48,44,47,42,19,49,44,58,32,41,42,41,38,51,41,42,45,0,47,24,46,46,49,35,48,25,59,45,37,53,54,36,47,49,45
28,19,20,36,17,56,28,36,6,29,32,36,42,2,39,47,21,26,16,32,31,28,45,58,28,19,43,28,45,44,48,48,37,17,27,21,27,24,28,24,28,6,31,28,18,43,41,29,39,28,52,50,37,33,22,28,40,49,47,38,29,14,45,41,28,22,40,48,37,15,56,25,28,45,35,17,26,26,28,37,23,55,23,17,48,48,26,12,8,47,50,34,49,31,36,50,30,20,29,25,48,53,35,47,36,36,52,35,55,49,14,25,17,27,12,18,42,48,42,6,55,44,29,25,35,38,42,27,16,24,33,20,40,43,12,37,44,8,16,30,17,38,18,18,25,28,8,25,42,15,8,42,27,16,23,9,40,35,39,25,52,47,43,48,34,46,49,19,16,33,47,0,40,45,42,9,45,10,47,64,14,23,48,47,19,11,38,26
33,35,29,36,38,39,19,34,39,38,40,39,42,41,44,31,41,30,32,30,10,26,46,52,34,34,42,28,35,52,38,6,41,29,35,34,34,22,28,36,27,42,40,34,39,42,36,34,39,37,52,54,34,33,38,37,18,41,50,31,28,36,41,34,23,14,39,41,24,35,44,37,30,47,14,42,28,28,34,42,31,45,36,41,49,45,30,41,44,49,45,41,49,43,31,39,38,33,39,22,49,39,39,49,36,40,35,39,57,40,38,32,21,32,37,34,28,40,18,43,26,42,26,31,41,35,16,40,29,39,41,40,40,33,31,39,40,42,36,33,45,44,34,27,26,34,38,32,35,40,41,39,40,39,24,39,43,33,41,32,52,6,31,37,42,43,36,31,34,31,24,40,0,36,42,41,32,38,37,53,35,32,36,41,26,41,40,41
29,39,35,20,46,44,33,43,45,35,36,31,12,48,32,22,47,33,33,37,31,32,35,56,33,38,35,28,35,43,26,46,49,30,34,37,42,36,36,36,37,44,22,31,39,34,37,39,33,28,42,39,26,43,44,34,35,46,38,34,27,39,46,27,30,26,33,45,21,36,46,32,33,37,33,36,34,35,33,24,35,26,41,42,44,44,31,47,48,32,44,31,41,28,32,40,41,35,36,40,41,37,28,31,40,33,18,6,46,50,43,31,38,30,40,44,29,44,39,39,26,37,36,44,29,24,37,31,31,42,41,43,42,33,41,43,20,43,41,28,43,37,42,43,31,38,47,31,25,43,46,22,31,40,40,43,36,39,30,37,41,49,32,28,14,26,29,47,32,37,46,45,36,0,44,39,27,45,33,50,44,33,29,18,34,38,33,35
38,32,31,41,32,60,35,38,39,32,34,43,45,45,40,50,40,22,30,37,41,34,45,59,38,37,46,31,31,42,48,40,46,23,32,28,39,41,37,33,34,41,37,38,43,46,42,32,31,40,54,56,41,18,28,34,49,56,42,35,26,40,48,32,36,34,42,48,41,40,59,28,39,39,39,38,40,39,18,34,41,42,39,40,45,40,27,43,43,50,46,37,49,36,45,58,35,40,35,37,48,57,39,51,43,40,49,41,68,50,39,34,42,37,37,35,43,48,40,43,50,43,40,38,39,29,39,40,43,42,43,39,6,47,37,39,51,41,35,36,32,8,35,30,39,40,42,34,39,51,45,40,40,39,39,35,43,40,37,43,53,51,47,45,30,39,43,42,42,34,46,42,42,44,0,39,41,40,48,65,38,37,42,38,40,35,39,38
24,22,19,38,13,56,22,32,11,21,29,38,36,16,33,43,17,24,10,25,32,22,45,52,20,16,46,23,34,46,41,46,36,13,22,15,26,18,25,21,22,13,27,24,23,46,40,24,33,25,54,46,28,27,9,23,36,47,45,36,21,5,44,38,25,22,39,43,26,10,46,19,25,38,27,13,21,22,24,35,14,44,21,11,46,44,17,7,22,46,45,28,47,26,38,51,24,20,26,21,45,44,32,46,32,37,52,28,60,49,14,18,16,20,2,10,38,42,37,14,48,42,26,14,31,37,37,19,12,16,27,18,33,39,5,35,42,14,13,30,15,32,13,13,23,23,14,18,37,18,13,37,19,14,11,2,33,28,34,20,54,44,39,39,30,41,43,11,10,27,49,9,41,39,39,0,35,19,36,65,13,23,39,45,20,2,33,22
34,34,25,38,37,49,38,33,43,40,28,34,34,42,29,41,41,33,37,35,27,37,41,53,31,32,39,31,28,45,35,42,38,34,36,40,36,38,37,26,32,42,38,36,34,39,35,38,32,19,44,45,28,35,36,28,34,44,34,29,32,39,48,35,24,38,42,39,19,33,36,31,35,41,30,37,35,39,36,26,31,33,34,37,47,46,28,34,42,47,38,37,47,34,27,43,39,28,29,36,47,37,38,47,36,28,43,39,43,43,36,27,32,41,35,31,34,39,38,42,40,38,35,36,39,2,27,34,35,30,40,36,39,37,37,36,34,43,39,21,36,42,27,40,33,36,44,27,20,40,35,35,34,37,38,41,29,35,29,34,44,31,35,29,38,41,29,40,32,24,35,45,32,27,41,35,0,37,33,51,39,27,29,28,30,36,42,35
33,18,19,36,17,62,25,36,14,26,33,38,46,18,37,46,19,32,18,31,36,28,46,58,28,18,45,28,50,43,48,41,39,20,28,26,33,26,19,19,30,10,41,32,26,44,43,32,41,31,57,54,39,38,24,31,45,44,43,33,28,22,43,45,31,24,37,45,36,20,53,28,28,48,35,21,26,25,33,35,26,52,26,23,46,42,33,20,6,45,49,36,46,37,38,49,35,18,24,30,44,49,37,43,33,40,55,37,59,49,25,24,17,26,19,19,44,44,40,8,55,41,28,21,37,39,36,28,20,20,33,22,40,46,21,43,48,9,16,25,17,38,20,20,26,27,6,23,36,21,6,50,28,10,22,18,38,37,39,21,57,48,46,40,38,43,43,24,23,26,48,10,38,45,40,19,37,0,41,63,17,14,43,47,22,19,45,23
37,45,43,47,43,54,41,32,43,36,41,43,34,43,42,39,45,35,45,37,30,42,42,52,40,34,42,42,39,47,37,51,50,40,37,47,33,44,41,42,40,39,41,38,41,42,42,42,38,32,48,50,29,45,39,40,36,53,52,36,42,43,37,33,30,30,46,50,28,34,56,36,30,49,22,44,43,37,45,45,41,50,39,40,52,52,33,39,46,50,44,45,47,43,37,53,40,37,39,36,48,42,43,50,39,36,40,40,54,45,39,41,26,43,36,32,34,50,38,43,46,44,35,41,44,28,34,45,39,37,26,45,44,42,39,47,41,44,39,38,42,43,39,37,28,24,37,41,39,46,48,32,45,46,33,36,42,39,45,33,48,45,42,38,41,47,41,33,30,39,25,47,37,33,48,36,33,41,0,54,36,44,44,30,36,40,47,37
51,49,53,50,61,63,55,48,63,59,53,34,50,63,44,50,61,54,53,54,52,47,57,35,54,48,45,51,58,42,49,61,64,48,52,57,55,53,58,52,47,58,58,52,53,46,47,53,61,50,34,29,59,62,57,53,53,43,53,59,55,59,59,57,50,57,53,43,46,55,43,51,60,42,50,58,58,51,60,48,49,57,59,58,59,59,56,61,60,36,46,49,37,42,55,49,60,53,52,60,39,62,40,36,53,37,58,44,30,60,55,49,52,47,65,56,60,44,60,57,61,52,58,53,40,57,59,48,49,52,53,53,58,42,61,47,53,59,54,54,55,61,56,57,60,57,60,49,61,62,63,52,48,62,54,62,49,51,35,56,33,61,40,46,54,41,44,60,50,49,59,64,53,50,65,65,51,63,54,0,54,58,48,55,60,53,50,59
29,16,16,38,2,56,22,34,15,22,30,33,42,19,38,46,4,28,13,23,32,22,46,56,30,5,48,22,42,46,41,33,38,20,21,14,29,19,18,17,24,20,35,29,13,48,41,31,41,30,54,49,39,32,19,28,35,46,42,27,22,5,43,39,26,25,35,46,37,15,57,29,20,45,32,7,20,21,32,39,13,47,32,12,48,46,24,16,21,47,45,35,47,34,33,46,26,18,29,18,48,50,36,46,27,36,45,37,58,43,12,30,4,20,14,9,33,47,35,24,47,39,23,6,36,35,39,26,6,12,31,13,34,40,6,37,38,20,1,32,4,26,12,2,24,20,18,30,39,15,18,40,26,22,7,8,36,30,38,9,53,47,40,44,41,45,48,12,5,28,45,14,35,44,38,13,39,17,36,54,0,18,44,46,17,12,39,31
26,2,8,25,17,59,20,36,27,27,24,34,41,23,30,44,22,26,20,23,25,28,36,52,32,25,36,22,37,37,39,33,41,13,24,13,32,21,5,3,28,22,29,28,22,38,47,30,32,20,47,51,32,31,15,23,29,42,38,16,29,18,44,38,16,17,26,38,23,20,54,30,17,39,29,16,17,14,32,35,26,45,30,19,44,38,20,22,16,39,42,35,37,25,14,50,28,8,22,19,39,45,37,39,18,32,40,33,56,38,19,18,27,17,23,14,23,40,37,28,48,39,26,17,37,20,27,19,29,20,26,21,33,42,21,40,35,21,18,21,19,33,15,19,21,19,18,18,30,23,16,46,19,23,25,18,32,33,32,21,47,46,42,42,29,43,41,23,23,14,37,23,32,33,37,23,27,14,44,58,18,0,40,38,25,23,43,31
39,37,35,26,44,28,43,42,47,44,41,8,32,40,20,34,44,39,35,43,32,41,42,53,42,36,36,43,43,44,29,43,50,36,44,49,42,42,41,38,40,48,36,41,31,34,30,43,27,32,41,39,33,42,46,43,38,38,40,37,41,45,49,37,36,40,38,34,29,38,21,38,41,44,26,44,42,42,39,38,31,38,48,38,38,39,38,39,47,34,34,29,33,26,40,14,43,39,32,44,32,59,24,34,41,27,36,41,28,46,43,37,34,44,39,42,35,34,39,48,40,45,43,45,26,33,40,34,35,43,44,39,42,20,45,35,34,42,46,28,47,40,48,43,40,38,44,37,39,48,43,32,34,48,38,42,25,45,5,41,41,40,18,20,36,28,8,37,36,41,53,48,36,29,42,39,29,43,44,48,44,40,0,29,33,41,47,45
38,33,37,24,43,43,37,34,49,39,39,24,10,48,33,16,45,37,30,42,40,35,42,50,32,34,39,35,39,45,16,46,52,33,34,39,47,40,39,40,44,50,26,37,39,39,44,41,36,38,37,36,30,43,39,38,41,41,50,43,35,45,46,39,44,32,25,41,15,40,41,28,40,44,42,40,38,39,36,10,31,24,39,44,49,41,38,47,44,41,40,43,46,28,41,50,38,41,39,32,46,56,46,41,48,31,26,16,40,49,45,39,41,38,45,40,37,41,35,42,26,44,37,41,46,32,37,33,34,36,43,37,45,44,43,29,14,45,47,36,43,42,42,41,36,42,43,39,39,47,50,24,33,46,38,45,29,35,40,45,37,46,44,35,24,36,34,47,41,44,54,47,41,18,38,45,28,47,30,55,46,38,29,0,44,42,48,43
36,25,26,41,13,56,33,35,23,34,34,39,43,25,41,44,15,30,22,34,22,30,51,62,32,9,46,29,43,49,42,28,44,18,32,25,29,31,24,25,30,26,39,36,6,45,42,30,41,30,50,51,38,34,23,30,40,51,50,22,30,11,37,41,28,31,43,46,33,21,52,30,23,52,34,21,29,29,32,42,16,44,36,15,50,48,28,8,22,46,45,41,51,39,32,50,32,24,29,29,51,45,39,46,30,37,48,35,60,44,18,30,19,29,20,10,36,45,30,24,50,41,27,9,39,25,24,26,11,14,30,10,40,39,9,39,38,21,9,23,14,32,19,6,28,25,20,30,40,29,19,38,26,29,12,13,38,34,40,11,49,40,39,43,36,40,45,16,18,36,36,19,26,34,40,20,30,22,36,60,17,25,33,44,0,14,42,35
23,21,13,37,13,53,22,31,9,20,30,35,37,13,32,46,16,19,7,24,36,21,46,53,25,10,42,24,45,45,42,43,35,8,21,12,22,20,23,22,21,11,32,23,18,40,37,24,34,24,53,50,29,27,10,22,35,44,47,35,21,4,37,39,24,18,37,42,27,4,52,20,22,39,28,12,23,25,24,36,9,49,24,13,42,43,17,10,19,45,47,32,47,30,35,43,29,23,25,19,42,52,34,45,30,38,49,32,53,43,14,18,6,22,2,14,37,40,42,11,54,43,27,17,34,34,39,26,11,16,31,19,35,34,5,31,40,13,8,29,15,29,8,13,28,17,14,19,34,22,15,42,26,13,10,4,34,31,40,15,53,46,35,36,29,41,44,8,10,30,47,11,41,38,35,2,36,19,40,53,12,23,41,42,14,0,35,22
31,41,37,33,39,59,38,35,41,34,33,37,33,41,32,44,43,26,33,39,44,30,39,47,35,45,39,28,37,33,25,44,42,30,26,32,36,31,39,38,35,40,21,32,38,42,45,21,38,35,50,42,35,36,30,31,41,37,37,41,34,38,43,39,37,34,40,39,26,34,44,26,40,32,38,38,32,35,26,32,40,43,39,34,39,33,28,34,41,41,48,30,37,40,38,48,30,39,36,34,41,50,36,42,35,33,39,29,52,39,40,35,37,36,33,35,45,41,37,42,46,24,35,39,36,34,37,35,38,40,32,39,39,47,38,33,40,41,38,41,43,40,42,38,38,32,38,35,38,46,44,43,35,40,38,33,37,32,29,39,49,55,47,39,19,36,41,42,45,33,49,38,40,33,39,33,42,45,47,50,39,43,47,48,42,35,0,34
25,28,27,38,29,58,25,33,24,22,30,36,37,23,36,41,32,17,22,24,28,22,47,56,22,35,40,22,39,45,39,38,35,21,21,26,26,27,31,26,21,23,26,25,30,36,47,22,37,32,52,50,32,31,25,26,29,49,41,37,25,27,47,37,27,24,38,39,28,17,52,20,29,41,35,26,23,25,19,37,32,45,10,26,42,43,16,27,27,48,53,35,45,32,40,53,24,28,26,29,46,49,33,47,29,40,45,31,60,45,26,22,31,25,23,28,43,35,36,29,47,40,22,28,32,31,33,26,31,30,30,31,33,47,26,38,40,26,31,33,26,31,26,28,31,26,26,22,34,24,30,43,26,21,28,23,40,28,37,30,53,51,47,43,31,46,48,27,32,30,45,26,41,35,38,22,35,23,37,59,31,31,45,43,35,22,34,0
