0,24,26,13,22,29,15,28,39,12,2,17,19,39,15,19,26,13,26,16,19,13,18,34,15,24,20,13,25,24,19,31,30,17,13,17,9,11,27,11,13,39,13,8,23,20,19,10,24,22,26,30,19,22,17,14,25,28,16,29,13,22,39,19,14,12,19,20,19,24,26,12,16,26,19,21,12,15,14,15,23,25,39,24,18,24,13,29,39,20,24,13,20,15,29,23,18,26,18,16,24,31,15,24,16,21,25,13,35,31,25,18,24,12,21,21,25,20,25,39,25,11,15,22,15,24,25,18,25,29,19,25,22,19,22,21,19,39,22,20,22,20,29,22,16,12,39,18,24,39,39,19,18,39,32,22,19,28,13,25,26,31,19,21,17,29,17,29,24,14,29,39,25,23,24,21,24,39,25,35,26,24,17,23,24,22,15,39
24,0,6,29,15,46,25,36,29,30,24,26,34,25,29,34,14,24,10,25,24,26,38,48,26,20,38,26,37,38,34,36,39,15,21,19,27,19,20,15,26,25,29,28,17,38,38,24,29,22,43,43,29,28,19,21,30,42,38,26,26,18,44,31,18,20,31,38,27,19,43,24,16,38,24,18,20,25,24,29,17,40,31,19,38,38,22,20,29,38,42,33,38,29,26,40,32,6,20,16,38,43,29,38,23,31,40,29,48,36,18,20,20,20,18,18,30,38,30,25,40,33,27,15,29,29,30,20,22,20,31,18,32,34,19,31,34,25,14,20,15,30,20,15,16,20,25,20,29,29,29,34,20,29,23,18,31,35,31,18,43,36,34,34,29,41,34,20,20,21,36,29,30,34,34,18,29,23,36,48,14,14,34,34,16,16,33,29
26,6,0,31,19,46,23,36,29,28,26,26,36,25,29,36,14,26,10,25,26,26,40,48,26,20,40,26,37,38,36,38,39,15,21,19,27,21,16,17,26,25,31,28,17,38,38,24,31,22,43,43,29,30,19,23,32,42,40,26,26,18,44,31,20,22,33,40,29,19,43,24,18,38,26,18,22,23,26,29,17,42,31,19,40,38,24,20,29,40,42,33,40,29,26,40,30,8,20,18,38,43,29,38,23,31,42,31,48,38,18,20,20,22,18,18,32,38,32,25,42,35,25,15,29,31,32,20,22,18,31,18,34,34,19,31,36,25,18,20,15,32,20,19,18,22,25,20,31,29,29,36,20,29,21,18,31,35,31,18,45,38,34,34,29,41,34,18,20,23,38,29,32,34,36,18,31,23,36,48,14,14,34,34,16,16,35,29
13,29,31,0,27,30,20,26,44,21,13,18,8,44,14,8,31,14,31,22,17,18,19,31,18,29,15,18,32,19,8,32,30,22,22,22,16,14,32,20,18,44,2,15,28,21,24,15,25,27,27,29,20,23,22,19,26,27,21,28,18,27,44,26,23,15,6,17,18,29,27,15,15,23,17,26,11,20,19,12,28,14,44,29,19,19,20,34,44,17,25,16,17,14,28,24,26,31,23,19,23,38,14,23,25,20,14,2,32,32,30,23,29,11,26,26,26,21,24,44,14,14,20,27,16,25,26,23,30,34,17,28,23,22,27,20,8,44,27,25,25,21,34,27,19,15,44,23,25,44,44,8,23,42,37,27,18,26,14,28,23,32,18,20,10,28,18,34,29,19,30,44,26,16,25,26,25,44,23,32,31,29,18,18,29,27,12,44
22,15,19,27,0,47,23,38,27,26,22,35,33,29,29,33,4,26,19,26,25,26,36,48,26,12,36,21,36,38,33,33,36,15,20,19,21,17,25,13,26,29,27,22,12,38,31,24,30,21,44,44,28,30,19,26,27,42,36,27,26,10,45,30,19,21,33,36,30,17,44,20,23,38,21,7,19,23,26,29,14,39,32,14,36,38,24,16,25,36,42,27,36,29,27,41,28,17,20,17,38,42,29,38,28,35,39,27,49,39,10,20,12,19,15,6,31,38,29,29,39,31,25,4,29,32,31,20,14,12,29,10,32,35,7,35,33,29,2,21,8,30,16,2,17,17,29,20,30,26,27,33,20,27,18,11,33,38,31,16,42,33,35,35,29,45,35,12,11,26,35,27,27,35,34,15,32,29,33,49,2,23,35,35,5,13,31,32
29,46,46,30,47,0,36,39,60,33,31,22,26,60,30,26,49,41,44,39,32,38,39,43,37,42,39,38,37,35,26,24,46,36,41,38,34,36,46,40,38,60,30,33,41,23,30,31,37,32,27,39,33,39,36,41,28,31,37,26,38,45,50,37,36,36,34,39,33,46,29,37,40,35,32,46,36,36,41,24,41,22,61,43,37,35,41,47,60,39,23,34,39,30,26,10,37,46,35,38,39,42,30,39,43,34,22,30,32,24,49,35,41,36,46,46,28,23,28,60,22,34,36,47,32,37,26,37,41,49,38,49,41,22,47,34,26,60,46,30,47,44,47,47,40,36,60,35,37,59,58,26,37,60,49,46,24,39,18,46,39,24,16,26,26,36,14,49,42,41,24,60,28,22,42,46,37,60,38,32,49,44,14,22,42,46,36,61
15,25,23,20,23,36,0,27,36,11,15,24,26,36,18,26,27,21,25,21,19,13,29,37,13,25,29,13,25,27,26,31,33,16,17,12,16,14,22,18,13,36,20,17,24,27,28,13,24,21,33,33,17,22,12,20,25,29,29,25,13,23,39,19,21,15,26,29,21,25,33,11,19,29,19,22,15,4,22,20,24,32,34,21,29,27,20,24,36,29,31,22,29,18,25,30,19,25,17,19,25,35,18,27,22,24,32,20,38,31,26,17,25,15,22,22,25,27,25,36,32,24,6,25,18,24,25,17,26,20,26,26,30,24,23,22,26,36,23,19,25,28,24,23,19,15,34,17,24,32,36,26,17,34,23,23,24,27,20,24,35,31,24,24,20,30,24,22,25,20,31,36,25,26,32,22,22,36,32,38,27,19,24,26,25,23,24,34
28,36,36,26,38,39,27,0,45,26,28,25,31,45,28,31,38,32,32,31,32,33,36,44,32,38,34,33,36,34,31,42,31,33,33,29,29,31,36,35,33,45,28,30,37,32,35,26,31,32,36,40,33,34,27,34,36,38,38,35,33,37,44,30,36,32,26,36,33,38,36,32,32,34,32,37,32,27,28,26,37,37,43,30,36,34,32,26,45,36,34,32,34,28,33,33,28,36,32,32,36,42,28,36,34,28,37,28,43,42,36,32,38,32,37,37,36,32,36,45,37,31,27,34,28,31,36,34,39,34,23,36,37,29,38,28,31,45,38,32,34,31,28,38,32,32,43,32,31,42,45,31,34,45,36,38,24,11,24,39,40,42,27,31,24,19,27,34,38,34,42,43,36,27,39,37,31,45,27,43,38,32,27,29,38,38,29,43
39,29,29,44,27,60,36,45,0,37,39,45,49,22,44,49,25,39,27,40,39,39,53,63,39,29,53,39,49,53,49,50,50,30,36,32,34,34,33,30,39,18,44,37,27,53,47,39,43,35,58,58,42,43,32,33,44,57,53,40,39,26,48,44,35,35,46,53,42,31,58,37,35,53,39,26,35,36,39,44,27,54,34,22,53,53,37,25,22,53,57,42,53,44,40,54,41,29,35,35,53,55,44,53,33,46,54,44,63,50,26,35,28,35,24,26,44,53,44,22,54,48,38,23,44,43,44,35,30,26,36,24,47,47,27,46,49,22,26,35,23,45,27,27,35,35,20,35,43,16,10,49,35,14,28,25,44,44,46,28,58,50,47,49,44,52,49,26,29,33,50,16,44,49,49,28,43,18,47,63,25,31,49,49,27,25,48,34
12,30,28,21,26,33,11,26,37,0,14,21,27,39,19,27,30,21,26,18,27,19,30,38,21,28,30,19,31,28,27,39,34,21,19,17,11,19,27,23,19,37,21,10,27,24,19,14,32,24,30,34,25,30,17,22,33,32,28,33,19,26,39,25,26,20,27,30,27,28,30,18,24,30,27,25,20,11,22,19,27,33,33,24,28,28,23,27,39,30,28,15,30,19,33,27,8,30,22,24,28,37,19,28,20,25,33,21,39,39,29,22,28,20,23,25,33,24,33,37,33,23,11,26,19,32,33,22,29,25,21,29,30,23,26,25,27,37,26,24,26,28,27,26,24,20,35,22,32,35,39,27,22,39,28,24,23,26,17,29,36,39,23,25,21,29,21,25,28,22,37,39,33,27,32,25,32,39,27,39,30,24,21,27,28,24,25,33
2,24,26,13,22,31,15,28,39,14,0,19,19,39,15,19,26,13,26,16,19,13,18,34,15,24,20,13,25,24,19,31,30,17,13,17,9,11,27,11,13,39,13,10,23,22,21,8,24,20,28,30,19,22,17,14,25,30,16,29,13,22,41,19,14,12,19,20,19,24,28,12,16,26,19,21,12,15,14,17,23,25,39,24,18,24,15,29,39,20,26,15,20,15,29,25,20,26,18,16,24,31,13,24,16,21,25,13,35,31,23,18,24,12,21,21,25,22,25,39,25,11,15,22,13,24,25,16,25,27,21,23,22,19,22,21,19,39,22,20,22,20,27,22,16,12,39,18,24,39,39,19,16,39,30,22,19,28,15,25,26,31,19,21,17,29,19,27,24,14,31,39,25,23,24,21,24,39,27,35,26,24,19,23,24,22,15,39
17,26,26,18,35,22,24,25,45,21,19,0,22,45,18,22,30,26,24,19,26,26,26,34,26,36,26,26,34,24,22,36,32,24,21,26,22,24,31,28,26,45,18,21,35,12,26,19,25,26,19,31,27,29,24,26,30,26,26,27,26,34,44,26,30,24,19,26,27,36,17,25,20,22,26,34,24,24,27,12,35,28,41,31,24,24,24,32,41,26,18,22,26,18,25,14,22,26,23,20,26,40,18,26,28,19,28,18,34,36,34,23,36,24,34,34,30,14,30,45,28,19,24,35,20,25,30,25,37,34,23,34,32,18,35,19,22,45,34,24,35,30,32,35,20,24,45,23,25,45,45,22,25,45,36,34,9,24,7,37,31,36,12,22,14,25,10,34,36,26,34,45,30,18,34,34,25,45,27,34,30,24,8,18,36,34,21,41
19,34,36,8,33,26,26,31,49,27,19,22,0,49,20,2,36,21,36,27,14,24,22,34,23,28,20,24,30,22,2,32,31,28,27,28,22,20,36,26,24,49,6,21,27,24,20,21,21,26,23,25,19,23,28,26,17,26,24,27,24,31,44,24,22,18,12,20,15,32,23,21,22,26,16,32,18,26,25,18,27,8,49,35,22,22,25,39,49,18,24,22,20,20,27,20,31,36,29,24,26,38,20,26,34,24,10,8,28,32,35,29,28,18,32,32,19,24,13,49,8,22,26,33,22,21,19,29,29,39,26,33,31,18,33,24,4,49,32,24,31,28,39,33,22,20,49,29,21,48,49,2,29,49,40,32,22,31,18,33,15,32,14,16,18,29,14,39,28,26,30,47,17,14,26,32,25,49,19,28,36,34,14,14,28,32,20,49
39,25,25,44,29,60,36,45,22,39,39,45,49,0,42,49,27,37,29,38,39,37,53,63,37,30,53,37,47,53,49,46,48,30,36,32,38,34,33,30,37,12,44,35,29,53,45,39,43,35,58,58,40,43,32,33,42,57,53,40,37,28,38,42,35,35,46,53,42,29,58,35,35,53,37,28,35,34,39,44,29,54,30,25,53,53,35,24,20,53,57,40,53,44,40,52,41,29,35,35,53,49,44,51,33,44,54,44,63,50,26,35,29,35,29,28,44,53,42,2,54,48,36,29,44,43,44,35,31,28,42,28,47,49,29,46,49,8,28,35,29,45,26,29,35,33,18,35,43,24,20,49,35,22,31,26,46,44,46,27,58,46,49,49,44,52,49,28,30,33,50,14,42,49,49,25,43,14,43,63,27,31,49,49,28,26,48,30
15,29,29,14,29,30,18,28,44,19,15,18,20,42,0,20,33,22,29,24,21,20,23,31,20,31,23,20,34,21,20,36,34,20,24,20,18,18,30,22,20,42,14,19,30,21,26,9,29,25,27,15,22,27,20,23,30,27,21,26,20,29,44,28,25,19,20,23,22,31,27,19,23,23,21,28,19,18,25,14,30,26,44,27,23,21,22,30,44,23,25,20,23,2,26,24,24,29,21,23,11,40,2,9,23,6,26,14,26,36,32,21,31,19,28,28,30,21,30,42,26,18,18,29,8,29,30,21,32,32,21,32,27,20,29,8,20,42,29,21,29,25,30,29,23,19,44,21,29,44,44,20,21,44,35,29,18,28,14,32,29,36,18,6,14,28,18,32,31,23,34,44,30,20,29,28,29,44,27,26,33,27,18,20,31,29,18,44
19,34,36,8,33,26,26,31,49,27,19,22,2,49,20,0,36,21,36,27,14,24,22,34,23,28,20,24,30,22,4,32,31,28,27,28,22,20,36,26,24,49,8,21,27,24,20,21,21,26,23,25,19,23,28,26,17,26,24,27,24,31,44,24,22,18,12,20,15,32,23,21,22,24,16,32,18,26,25,18,27,10,49,35,22,22,25,39,49,20,24,22,20,18,27,20,31,36,29,24,26,38,20,26,34,24,8,6,28,32,35,29,28,18,32,32,19,24,13,49,10,22,26,33,22,21,19,29,29,39,26,33,31,18,33,24,2,49,32,24,31,28,39,33,22,20,49,29,21,48,49,4,29,49,40,32,22,31,18,33,17,32,14,16,18,29,14,39,28,26,30,47,17,14,26,32,25,49,19,28,36,34,14,12,28,32,20,49
26,14,14,31,4,49,27,38,25,30,26,30,36,27,33,36,0,26,14,23,22,24,40,52,26,13,40,24,36,42,36,37,37,19,21,23,23,19,24,17,24,27,31,26,13,42,36,28,30,24,45,47,29,30,23,24,29,46,40,29,24,11,43,31,22,18,33,40,27,18,47,24,16,42,26,7,20,27,26,33,11,41,29,18,40,42,24,20,23,40,46,31,40,33,29,43,32,16,24,14,42,42,33,42,26,35,41,31,52,35,10,24,10,20,13,11,29,42,31,27,41,35,29,12,33,28,29,24,12,16,27,10,34,38,8,35,36,27,11,24,12,32,20,10,14,22,27,24,30,24,25,36,24,23,21,12,35,37,35,16,45,37,38,38,33,43,36,14,13,24,35,23,29,36,36,13,28,27,34,52,2,18,38,36,15,14,35,29
13,24,26,14,26,41,21,32,39,21,13,26,21,37,22,21,26,0,26,23,16,19,31,43,18,27,29,19,30,31,21,24,34,21,19,21,20,13,26,19,19,37,16,19,26,33,31,19,21,25,38,36,22,17,21,16,18,36,31,28,19,25,40,24,21,14,13,31,16,27,38,16,8,35,14,25,10,21,11,26,26,27,37,28,31,31,8,24,39,29,36,24,29,24,28,35,22,26,22,12,33,32,24,31,24,19,27,16,43,28,20,22,27,10,25,25,22,33,16,37,27,26,22,26,24,21,22,22,28,24,21,18,23,29,26,21,21,37,26,21,24,17,24,26,12,14,39,22,21,38,39,21,22,37,27,26,21,32,25,26,34,26,29,27,24,35,29,24,27,16,28,39,20,31,25,25,21,39,27,43,26,24,29,31,27,26,24,37
26,10,10,31,19,44,25,32,27,26,26,24,36,29,29,36,14,26,0,25,26,28,40,48,28,20,40,28,39,38,36,38,39,15,23,19,27,21,20,17,28,23,31,28,19,36,38,24,31,18,41,43,31,30,17,25,32,42,40,24,28,18,44,33,22,22,33,40,29,21,41,26,18,36,26,18,22,25,24,27,19,42,31,15,40,38,24,16,29,40,40,33,40,29,24,38,30,10,18,18,38,45,29,38,21,31,42,31,48,38,18,18,20,22,18,18,32,36,32,23,42,35,27,19,29,31,32,20,22,18,31,18,34,30,19,31,36,25,18,18,19,32,16,19,18,22,23,18,31,27,29,36,20,29,19,18,29,31,29,18,45,38,30,34,27,41,32,18,20,25,38,29,32,32,36,18,31,25,36,48,14,14,32,32,20,18,35,31
16,25,25,22,26,39,21,31,40,18,16,19,27,38,24,27,23,23,25,0,19,21,31,43,21,29,31,21,31,33,27,29,30,27,16,27,13,21,30,25,21,40,22,14,28,31,21,20,28,29,36,38,23,27,27,23,23,39,29,33,21,27,37,25,27,21,24,31,25,29,36,20,17,35,17,27,21,23,24,26,28,33,32,32,29,33,23,33,36,31,35,18,31,24,33,33,19,27,28,17,33,35,24,33,29,26,33,22,43,31,25,28,29,21,25,27,25,31,25,38,33,24,23,22,22,28,25,28,30,31,20,27,31,27,28,26,27,38,25,29,24,29,33,26,17,19,40,28,28,40,40,27,28,40,33,27,24,30,24,30,36,29,27,29,26,34,27,31,29,23,33,38,23,31,33,27,28,36,23,43,23,25,27,31,27,27,26,32
19,24,26,17,25,32,19,32,39,27,19,26,14,39,21,14,22,16,26,19,0,17,28,40,16,16,28,17,25,28,16,16,34,18,20,18,22,10,26,16,17,39,17,23,17,30,22,21,15,16,29,29,13,12,18,16,10,32,28,22,17,21,38,19,12,4,22,28,5,22,29,18,14,32,6,20,10,21,15,23,15,22,37,25,28,28,15,29,39,26,32,23,26,21,22,26,27,26,19,10,30,33,21,30,24,26,22,17,34,16,25,19,16,10,22,20,8,30,10,39,22,23,24,27,19,13,8,19,17,29,26,25,22,20,23,26,16,39,26,14,25,18,29,25,8,10,39,19,15,38,39,16,19,37,30,22,26,32,22,23,23,16,20,20,23,33,20,27,16,16,16,39,10,22,24,22,13,39,30,34,24,24,20,22,26,22,21,37
13,26,26,18,26,38,13,33,39,19,13,26,24,37,20,24,24,19,28,21,17,0,27,39,1,20,27,1,15,29,24,29,29,17,5,19,12,11,27,17,1,37,18,13,21,29,24,15,20,24,35,35,5,16,19,18,23,31,27,27,1,18,41,9,20,14,24,27,17,20,35,8,18,31,17,19,14,11,20,22,23,30,39,24,27,29,19,29,35,27,33,18,27,20,27,32,25,28,20,18,29,31,20,29,24,26,30,18,40,27,25,18,20,14,15,19,23,29,23,37,30,22,10,26,20,22,23,20,21,29,22,25,28,26,18,26,24,37,26,22,26,26,31,26,18,14,37,18,20,39,39,24,20,39,32,14,26,33,22,23,33,29,26,26,22,36,26,29,20,18,27,33,23,28,30,13,20,35,30,40,22,26,26,28,28,14,22,39
18,38,40,19,36,39,29,36,53,30,18,26,22,53,23,22,40,31,40,31,28,27,0,28,27,38,14,27,33,14,22,37,31,31,31,31,25,25,41,25,27,53,19,26,37,20,30,24,27,36,26,28,29,30,31,30,31,24,10,37,27,36,43,30,28,26,24,14,29,38,26,26,30,20,28,35,26,29,32,23,37,31,53,38,6,16,29,43,53,14,22,27,14,23,37,33,35,40,32,30,22,39,23,22,34,28,31,19,29,37,39,32,38,26,35,35,31,20,31,53,31,11,29,36,25,27,31,32,39,43,30,39,36,28,36,28,22,53,36,34,36,35,43,36,30,26,53,32,27,53,53,22,32,53,46,36,26,36,22,39,20,37,24,26,23,23,24,43,38,30,37,53,31,26,37,35,29,53,33,27,40,38,24,26,38,36,13,53
34,48,48,31,48,43,37,44,63,38,34,34,34,63,31,34,52,43,48,43,40,39,28,0,39,50,24,39,45,24,34,46,47,39,43,39,37,35,49,39,39,63,31,38,49,30,42,32,39,44,33,35,41,42,39,42,43,34,30,45,39,48,57,42,42,38,36,24,41,50,33,38,42,24,38,47,38,37,42,31,49,37,63,46,28,24,43,51,61,24,32,39,24,31,45,35,43,48,40,42,32,52,31,32,42,36,37,31,27,46,51,40,50,36,47,47,43,30,43,63,37,27,37,48,33,39,43,40,51,51,42,51,48,36,48,36,34,63,48,42,48,47,51,48,42,36,63,40,39,63,63,34,40,63,54,48,34,44,30,51,27,46,32,34,31,35,32,51,50,42,46,63,43,34,49,47,41,63,45,27,52,46,32,34,50,48,27,63
15,26,26,18,26,37,13,32,39,21,15,26,23,37,20,23,26,18,28,21,16,1,27,39,0,15,27,1,14,29,23,28,28,17,5,19,12,11,26,17,1,37,18,13,18,29,23,15,19,23,34,34,6,15,19,18,22,30,27,26,1,19,40,8,19,14,23,27,16,17,34,8,18,31,16,19,14,11,19,22,20,29,39,24,27,29,18,28,39,27,32,18,27,20,26,31,24,28,20,18,29,30,20,29,24,25,29,18,39,26,24,18,15,14,15,19,22,29,22,37,29,22,10,24,20,21,22,20,16,28,21,24,27,25,18,25,23,37,26,21,24,25,30,26,18,14,37,18,19,38,39,23,20,37,31,14,25,32,21,22,32,28,25,25,22,35,25,28,15,18,26,35,22,27,29,13,19,35,29,39,24,26,25,27,27,14,22,39
24,20,20,29,12,42,25,38,29,28,24,36,28,30,31,28,13,27,20,29,16,20,38,50,15,0,38,20,31,40,28,30,36,15,23,21,19,17,25,15,20,30,29,24,4,40,28,26,25,16,37,39,19,21,21,27,24,42,38,22,19,8,44,25,14,20,34,38,21,12,39,22,22,40,18,10,18,25,26,31,6,34,37,22,38,40,25,18,30,38,42,29,38,31,22,36,33,20,22,24,40,43,31,40,29,36,34,29,44,30,11,20,1,18,8,9,22,40,24,30,34,33,27,14,31,27,22,22,3,19,28,11,33,30,9,36,28,30,10,16,15,31,18,11,24,20,30,20,25,27,29,28,22,29,21,9,36,38,32,11,37,30,30,30,31,45,28,19,1,27,24,29,24,28,35,10,27,30,34,44,11,24,30,28,7,11,33,35
20,38,40,15,36,39,29,34,53,30,20,26,20,53,23,20,40,29,40,31,28,27,14,24,27,38,0,27,33,18,20,39,29,31,31,31,25,25,41,27,27,53,17,26,37,22,30,24,27,36,28,30,29,30,31,30,31,28,16,37,27,36,45,30,30,26,20,2,29,38,28,26,30,16,28,35,26,29,30,21,37,29,53,38,10,18,29,43,53,10,26,27,10,23,37,33,35,40,32,30,24,39,23,24,34,28,29,17,25,39,39,32,38,26,35,35,31,22,31,53,29,13,29,36,25,27,31,32,39,43,30,39,36,28,36,28,20,53,36,34,36,35,43,36,30,26,53,32,27,53,53,20,32,53,46,36,26,36,22,39,16,39,24,26,19,23,24,43,38,30,39,53,31,22,37,35,29,53,33,25,40,38,24,24,38,36,13,53
13,26,26,18,21,38,13,33,39,19,13,26,24,37,20,24,24,19,28,21,17,1,27,39,1,20,27,0,15,29,24,29,28,17,5,19,12,11,27,17,1,37,18,13,21,29,24,15,20,24,35,35,5,16,19,18,23,31,27,27,1,18,41,9,20,14,24,27,17,20,35,8,18,31,17,19,14,11,20,22,23,30,39,24,27,29,19,29,35,27,33,18,27,20,27,32,25,28,20,18,29,31,20,29,24,26,30,18,40,27,25,18,20,14,15,18,23,29,23,37,30,22,10,23,20,22,23,20,21,29,22,25,28,26,17,26,24,37,26,22,26,26,31,26,18,14,37,18,20,39,39,24,20,39,32,14,26,33,22,23,33,29,26,26,22,36,26,29,19,18,27,33,23,28,30,13,20,35,30,40,22,26,26,28,23,14,22,39
25,37,37,32,36,37,25,36,49,31,25,34,30,47,34,30,36,30,39,31,25,15,33,45,14,31,33,15,0,35,32,28,33,29,16,31,24,23,37,29,15,47,32,25,30,33,28,27,25,33,38,38,12,26,31,28,25,35,31,31,15,30,30,6,29,25,26,33,24,25,38,20,29,37,25,31,25,23,30,36,32,28,50,36,31,35,30,40,49,33,37,28,33,34,31,32,35,39,32,29,35,22,34,35,36,30,30,32,43,26,36,30,30,25,27,31,21,33,25,47,30,34,24,36,34,27,23,32,31,40,31,36,28,32,30,30,32,49,35,31,38,29,42,36,29,25,47,30,25,48,49,32,32,49,36,29,30,36,34,29,36,28,32,34,36,40,34,40,31,30,26,49,25,36,29,25,27,49,33,43,34,37,34,36,35,27,34,50
24,38,38,19,38,35,27,34,53,28,24,24,22,53,21,22,42,31,38,33,28,29,14,24,29,40,18,29,35,0,22,37,33,29,33,29,27,25,39,31,29,53,19,28,39,20,32,22,29,34,26,28,31,32,29,30,31,24,16,35,29,38,45,32,34,26,24,18,29,40,26,28,30,18,28,37,26,27,32,21,39,31,53,36,14,2,31,41,53,16,22,29,16,21,35,31,33,38,30,30,22,41,21,22,32,26,31,19,27,37,41,30,40,26,37,37,31,20,31,53,31,17,27,38,23,29,31,30,41,41,32,41,38,26,38,26,22,53,38,32,38,35,41,38,30,26,53,30,29,53,53,22,30,53,44,38,24,34,20,41,22,37,22,24,21,19,22,41,40,30,37,53,31,24,39,37,31,53,35,25,42,36,22,24,40,38,15,53
19,34,36,8,33,26,26,31,49,27,19,22,2,49,20,4,36,21,36,27,16,24,22,34,23,28,20,24,32,22,0,32,29,28,27,28,22,20,36,26,24,49,6,21,27,24,20,21,21,26,23,25,19,23,28,26,19,26,24,27,24,31,44,22,22,20,12,20,17,32,23,21,22,26,16,32,18,26,25,18,27,6,49,35,22,22,25,39,49,18,24,22,20,20,27,20,31,36,29,24,26,38,20,26,34,24,10,8,28,32,35,29,28,18,32,32,19,24,15,49,6,22,26,33,22,21,19,29,29,39,26,33,31,18,33,24,4,49,32,24,31,28,39,33,24,20,49,29,21,48,49,2,29,49,40,32,22,29,18,33,17,32,14,16,18,29,14,39,28,26,30,47,19,14,26,32,25,49,19,28,36,34,14,14,28,32,20,49
31,36,38,32,33,24,31,42,50,39,31,36,32,46,36,32,37,24,38,29,16,29,37,46,28,30,39,29,28,37,32,0,41,30,32,30,34,22,38,28,29,50,32,35,29,41,34,33,23,28,35,35,28,23,30,27,8,38,37,22,29,33,36,28,24,20,32,39,24,34,35,32,26,43,16,34,22,35,27,38,29,21,49,37,37,37,27,41,50,37,38,38,37,36,22,23,35,38,29,26,41,27,36,41,35,36,21,32,40,8,35,31,29,22,34,34,14,41,8,48,21,32,36,33,32,23,14,31,29,41,37,37,31,36,35,36,32,46,32,26,35,30,41,33,24,20,50,31,23,47,50,32,31,50,41,34,34,42,36,34,29,2,36,36,38,42,36,41,30,27,10,48,10,38,32,34,23,48,33,40,37,36,36,38,28,34,30,49
30,39,39,30,36,46,33,31,50,34,30,32,31,48,34,31,37,34,39,30,34,29,31,47,28,36,29,28,33,33,29,41,0,37,28,39,29,33,37,37,29,48,30,28,35,39,31,32,35,40,45,47,29,35,39,35,37,46,37,43,29,34,43,30,38,33,30,35,35,34,45,28,33,37,34,37,33,33,35,34,37,38,50,40,35,37,34,40,50,33,44,30,33,34,43,40,34,41,40,33,39,37,34,41,39,34,36,30,44,43,34,38,36,33,35,34,37,39,37,48,36,28,33,36,34,37,37,40,35,38,23,34,31,35,35,32,31,50,37,40,38,38,42,36,33,33,48,38,35,49,50,31,40,50,40,33,32,24,32,35,37,41,33,35,34,39,33,40,35,35,39,50,37,35,32,33,37,50,25,44,35,41,33,35,37,33,28,50
17,15,15,22,15,36,16,33,30,21,17,24,28,30,20,28,19,21,15,27,18,17,31,39,17,15,31,17,29,29,28,30,37,0,21,8,20,12,18,8,17,26,22,21,14,27,32,15,21,10,33,35,21,19,10,21,24,29,31,16,17,13,42,23,14,14,28,31,21,22,33,17,18,27,18,14,14,16,21,18,16,34,35,11,31,29,19,16,30,31,31,26,31,20,16,30,27,11,9,18,29,41,20,29,21,26,34,22,40,30,18,7,21,14,12,12,24,27,24,26,34,26,18,15,20,23,24,7,23,18,30,18,29,24,13,26,28,26,15,10,15,27,18,15,18,14,26,7,21,30,30,28,7,30,22,13,24,33,20,19,37,30,24,26,18,36,24,18,21,21,28,28,24,24,31,12,23,26,36,40,17,14,24,24,17,13,26,35
13,21,21,22,20,41,17,33,36,19,13,21,27,36,24,27,21,19,23,16,20,5,31,43,5,23,31,5,16,33,27,32,28,21,0,23,16,15,26,21,5,36,22,17,24,33,27,19,23,25,38,38,8,22,23,13,26,35,31,30,5,21,38,10,21,17,24,31,20,23,38,12,13,35,20,23,17,15,18,26,26,33,34,28,31,33,19,29,34,31,37,22,31,24,30,35,25,23,24,13,33,30,24,33,19,26,33,22,43,28,25,22,23,17,19,23,24,33,26,36,33,26,14,18,24,25,26,24,24,29,22,25,28,29,22,26,27,38,21,23,20,24,31,20,13,17,36,22,23,34,38,27,24,36,31,21,26,32,26,24,36,32,29,29,26,36,29,29,23,13,30,38,26,31,30,17,23,38,29,43,19,21,29,31,23,19,26,34
17,19,19,22,19,38,12,29,32,17,17,26,28,32,20,28,23,21,19,27,18,19,31,39,19,21,31,19,31,29,28,30,39,8,23,0,20,12,19,12,19,32,22,21,20,29,32,15,23,15,35,35,23,21,2,21,24,31,31,25,19,19,42,25,21,14,28,31,21,25,35,17,16,31,18,18,12,10,21,22,20,34,33,15,31,29,19,18,32,31,33,26,31,20,25,32,25,19,13,18,29,41,20,29,21,26,34,22,40,30,22,13,21,14,18,18,24,29,24,32,34,26,12,19,20,23,24,11,24,20,30,22,27,26,19,26,28,32,19,19,19,27,18,19,18,14,30,13,23,30,32,28,11,32,19,19,26,29,22,22,37,28,26,26,22,32,26,20,21,21,30,32,22,28,31,18,23,32,36,40,23,5,26,28,21,19,26,33
9,27,27,16,21,34,16,29,34,11,9,22,22,38,18,22,23,20,27,13,22,12,25,37,12,19,25,12,24,27,22,34,29,20,16,20,0,12,28,18,12,38,16,7,20,25,18,13,27,23,31,33,18,25,20,17,28,33,23,32,12,19,38,18,21,15,22,23,20,19,31,11,19,29,22,18,15,16,17,20,20,28,34,25,23,27,20,30,38,25,29,12,25,18,32,28,17,29,19,19,27,30,18,27,19,24,28,16,38,30,24,21,19,15,14,20,26,25,28,38,28,16,16,21,18,27,28,21,20,28,14,24,25,20,19,24,22,38,21,23,21,23,30,21,19,15,38,21,27,36,36,22,21,38,31,17,22,29,18,24,31,34,20,24,20,32,22,28,19,17,34,38,28,26,27,18,27,38,22,38,23,27,22,26,23,17,20,34
11,19,21,14,17,36,14,31,34,19,11,24,20,34,18,20,19,13,21,21,10,11,25,35,11,17,25,11,23,25,20,22,33,12,15,12,12,0,18,8,11,34,14,15,18,27,26,13,15,22,33,33,15,13,12,13,16,31,25,26,11,15,38,17,18,6,20,25,11,17,33,11,10,29,8,14,6,14,11,20,18,26,35,19,25,25,11,24,32,23,31,20,23,18,26,30,25,21,13,10,27,35,18,27,21,24,26,14,38,20,20,13,17,4,14,16,16,27,16,34,26,20,16,17,18,15,16,13,18,24,22,20,21,24,15,24,20,34,17,20,17,19,24,17,10,4,34,13,15,34,34,20,13,34,27,15,24,31,20,20,29,22,24,24,20,34,24,24,17,13,22,34,16,26,21,14,15,34,30,38,19,19,24,26,19,15,18,35
27,20,16,32,25,46,22,36,33,27,27,31,36,33,30,36,24,26,20,30,26,27,41,49,26,25,41,27,37,39,36,38,37,18,26,19,28,18,0,20,27,33,32,29,24,39,38,25,31,20,43,43,29,30,19,24,32,42,41,26,27,23,44,31,22,23,33,41,29,25,43,25,23,37,26,24,23,22,26,28,24,42,36,23,41,39,24,23,33,41,42,34,41,30,26,40,24,22,19,21,39,43,30,39,26,31,42,32,48,38,23,17,25,23,24,24,32,39,32,33,42,36,24,25,30,31,32,21,26,17,33,23,34,34,25,31,36,33,24,20,25,32,21,25,23,23,33,19,31,32,33,34,19,33,17,24,31,31,31,26,45,38,34,34,28,39,34,17,25,24,38,33,32,34,36,24,31,33,38,48,24,16,34,34,25,24,36,36
11,15,17,20,13,40,18,35,30,23,11,28,26,30,22,26,17,19,17,25,16,17,25,39,17,15,27,17,29,31,26,28,37,8,21,12,18,8,20,0,17,26,20,19,14,31,30,17,21,16,37,37,21,19,12,19,22,35,25,20,17,13,42,23,6,12,26,27,19,20,37,15,16,31,14,12,12,18,17,22,14,32,35,15,27,31,15,20,28,27,35,24,27,22,20,34,29,11,13,16,31,39,22,31,23,28,32,20,42,28,16,13,19,10,12,12,22,31,22,26,32,20,20,13,22,21,22,13,21,20,28,16,27,28,13,28,26,26,13,14,13,25,20,13,16,10,26,13,21,30,30,26,13,30,24,13,28,35,24,17,33,28,28,28,22,38,28,20,19,19,28,30,22,28,27,12,21,26,34,42,17,16,28,28,15,13,22,35
13,26,26,18,26,38,13,33,39,19,13,26,24,37,20,24,24,19,28,21,17,1,27,39,1,20,27,1,15,29,24,29,29,17,5,19,12,11,27,17,0,37,18,13,21,29,24,15,20,24,35,35,5,16,19,18,23,31,27,27,1,18,41,9,20,14,24,27,17,20,35,8,18,31,17,19,14,11,20,22,23,30,39,24,27,29,19,29,35,27,33,18,27,20,27,32,25,28,20,18,29,31,20,29,24,26,30,18,40,27,25,18,20,14,15,19,23,29,23,37,30,22,10,26,20,22,23,20,21,29,22,25,28,26,18,26,24,37,26,22,26,26,31,26,18,14,37,18,20,39,39,24,20,39,32,14,26,33,22,22,33,29,26,26,22,36,26,29,20,18,27,33,23,28,30,13,20,35,30,40,22,26,26,28,28,14,22,39
39,25,25,44,29,60,36,45,18,37,39,45,49,12,42,49,27,37,23,40,39,37,53,63,37,30,53,37,47,53,49,50,48,26,36,32,38,34,33,26,37,0,44,37,29,53,47,39,43,35,58,58,40,43,32,33,44,57,53,38,37,28,44,42,35,35,46,53,42,29,58,35,35,53,39,28,35,34,39,44,29,54,32,25,53,53,35,24,12,53,57,42,53,44,38,54,41,29,35,35,53,53,44,51,31,44,54,44,63,50,28,35,29,35,29,28,44,53,44,10,54,48,36,29,44,43,44,35,31,28,42,28,45,49,27,46,49,20,28,35,29,45,26,29,35,35,6,35,43,22,14,49,35,16,31,24,46,44,46,27,58,50,49,49,44,52,49,28,30,33,50,20,44,49,47,25,43,20,45,63,27,31,49,49,30,26,48,32
13,29,31,2,27,30,20,28,44,21,13,18,6,44,14,8,31,16,31,22,17,18,19,31,18,29,17,18,32,19,6,32,30,22,22,22,16,14,32,20,18,44,0,15,28,21,24,15,25,27,27,29,20,23,22,19,26,27,21,28,18,27,44,26,23,15,8,17,18,29,27,15,15,23,17,26,11,20,21,12,28,12,44,29,19,19,20,34,44,15,25,16,17,14,28,24,24,31,23,19,23,38,14,23,25,20,14,2,32,32,30,23,29,11,26,26,26,21,24,44,12,14,20,27,16,25,26,23,30,34,17,28,23,22,27,20,8,44,27,25,25,21,34,27,19,15,44,23,25,44,44,6,23,42,37,27,18,28,14,28,21,32,18,20,12,28,18,34,29,19,30,44,26,18,25,26,25,44,23,32,31,29,18,18,29,27,12,44
8,28,28,15,22,33,17,30,37,10,10,21,21,35,19,21,26,19,28,14,23,13,26,38,13,24,26,13,25,28,21,35,28,21,17,21,7,15,29,19,13,37,15,0,23,24,15,14,28,24,30,34,19,26,21,18,29,32,24,33,13,22,37,19,22,16,21,26,23,24,30,10,18,30,23,21,14,15,18,19,23,27,37,26,24,28,19,31,37,26,28,5,26,19,33,27,16,30,22,20,28,31,19,28,20,25,27,15,39,35,25,22,24,14,19,21,29,24,27,37,27,19,15,22,19,28,29,22,25,29,17,23,26,23,22,25,21,37,22,24,20,24,31,22,20,16,37,22,28,37,39,21,22,37,32,18,23,30,17,23,32,35,23,25,21,33,21,29,24,18,33,37,29,27,28,19,28,37,23,39,26,28,21,27,24,18,21,37
23,17,17,28,12,41,24,37,27,27,23,35,27,29,30,27,13,26,19,28,17,21,37,49,18,4,37,21,30,39,27,29,35,14,24,20,20,18,24,14,21,29,28,23,0,39,27,25,24,15,38,38,18,21,20,26,23,41,37,21,21,4,43,24,13,19,33,37,20,9,38,21,23,39,15,9,19,24,25,30,2,33,36,20,37,39,24,18,29,37,41,28,37,30,21,35,32,19,21,23,39,42,30,39,28,35,33,28,43,29,7,19,4,19,8,5,23,39,23,29,33,32,26,10,30,26,23,21,6,17,29,11,33,29,8,35,27,29,13,15,12,31,20,12,23,17,29,19,24,25,27,27,21,25,20,9,35,37,31,10,36,29,29,29,30,44,29,17,4,26,27,27,23,29,35,10,26,29,31,43,11,23,29,29,4,5,32,34
20,38,38,21,38,23,27,32,53,24,22,12,24,53,21,24,42,33,36,31,30,29,20,30,29,40,22,29,33,20,24,41,39,27,33,29,25,27,39,31,29,53,21,24,39,0,28,22,29,30,10,22,31,32,27,32,33,18,20,31,29,38,49,30,34,28,26,22,31,40,10,28,32,18,30,37,28,27,34,15,39,29,53,34,18,20,31,39,53,22,10,25,22,21,31,15,29,38,26,32,16,45,21,16,32,26,29,21,31,41,41,26,40,28,37,37,33,4,33,53,29,19,27,38,23,29,33,28,41,41,30,41,34,20,38,26,24,53,38,28,38,37,39,38,32,28,53,26,29,53,53,24,28,53,44,38,16,32,8,41,28,41,14,24,17,27,12,41,40,32,35,53,33,20,37,37,31,53,33,31,42,36,10,20,40,38,21,53
19,38,38,24,31,30,28,35,47,19,21,26,20,45,26,20,36,31,38,21,22,24,30,42,23,28,30,24,28,32,20,34,31,32,27,32,18,26,38,30,24,47,24,15,27,28,0,25,27,28,27,31,19,29,32,32,23,32,28,31,24,31,38,24,26,26,28,30,23,30,27,23,30,34,20,32,26,26,31,26,27,26,43,37,28,32,31,41,49,30,28,12,30,26,31,24,23,40,33,30,32,32,26,32,38,30,26,24,36,38,33,33,28,26,30,32,25,28,25,45,26,28,26,31,24,27,25,33,27,39,24,35,27,18,33,30,20,45,30,28,33,28,41,31,30,24,45,33,27,46,49,20,33,49,40,30,28,35,22,33,29,34,20,22,28,35,18,39,28,32,36,47,23,24,32,30,29,43,19,36,36,38,18,24,26,30,30,43
10,24,24,15,24,31,13,26,39,14,8,19,21,39,9,21,28,19,24,20,21,15,24,32,15,26,24,15,27,22,21,33,32,15,19,15,13,13,25,17,15,39,15,14,25,22,25,0,24,18,28,24,21,24,15,16,27,28,24,27,15,24,41,21,20,14,21,24,21,26,28,14,18,24,21,23,14,13,16,15,25,27,39,22,24,22,19,27,39,24,26,19,24,9,27,25,20,24,16,18,18,33,7,18,16,15,27,15,29,33,25,16,26,14,23,23,27,22,27,39,27,19,13,24,7,24,27,14,27,25,23,25,24,19,24,15,21,39,24,18,24,22,25,24,18,14,39,16,24,39,39,21,14,39,28,24,19,26,15,27,30,33,19,15,15,29,19,25,26,16,33,39,27,21,26,23,26,39,29,29,28,22,19,21,26,24,19,39
24,29,31,25,30,37,24,31,43,32,24,25,21,43,29,21,30,21,31,28,15,20,27,39,19,25,27,20,25,29,21,23,35,21,23,23,27,15,31,21,20,43,25,28,24,29,27,24,0,25,34,34,19,16,23,18,18,31,27,25,20,24,39,20,21,15,23,27,17,25,34,21,19,31,15,27,15,24,20,31,26,28,44,28,27,29,20,32,43,27,31,31,27,29,25,32,32,31,24,19,29,36,29,29,28,25,28,25,39,23,30,22,24,15,25,25,18,29,18,43,28,22,29,30,29,4,18,24,24,34,30,30,25,25,26,25,21,43,29,23,32,23,34,30,19,15,43,22,2,42,43,21,24,43,35,25,25,33,21,25,30,23,25,25,31,34,25,34,25,18,21,43,18,27,27,25,6,43,31,39,28,29,25,27,29,25,22,44
22,22,22,27,21,32,21,32,35,24,20,26,26,35,25,26,24,25,18,29,16,24,36,44,23,16,36,24,33,34,26,28,40,10,25,15,23,22,20,16,24,35,27,24,15,30,28,18,25,0,29,33,21,24,15,25,22,32,36,12,24,19,42,27,12,18,32,36,19,20,29,22,22,28,16,20,18,21,24,19,15,32,37,17,36,34,23,21,35,36,32,29,36,25,12,26,29,22,17,22,34,43,23,34,25,30,32,27,38,28,23,15,16,18,20,20,22,30,22,35,32,31,23,21,23,25,22,9,17,23,32,23,32,20,21,30,26,33,20,6,21,30,19,21,22,18,35,17,25,34,35,24,11,35,24,20,26,32,22,21,35,28,20,24,19,39,20,23,16,25,28,35,22,20,34,20,25,35,36,38,24,18,20,20,16,20,31,37
26,43,43,27,44,27,33,36,58,30,28,19,23,58,27,23,45,38,41,36,29,35,26,33,34,37,28,35,38,26,23,35,45,33,38,35,31,33,43,37,35,58,27,30,38,10,27,28,34,29,0,14,30,36,33,39,32,16,26,30,35,42,52,35,33,33,31,28,30,43,2,34,35,24,29,43,31,33,38,21,38,26,58,40,24,26,38,44,58,28,12,31,28,27,30,14,34,43,32,37,18,37,27,18,41,31,26,27,27,35,46,32,37,31,43,43,32,10,32,58,26,25,33,44,29,34,32,34,38,46,35,46,38,19,44,31,23,58,43,27,44,41,44,44,37,33,58,32,34,57,58,23,34,58,47,41,21,36,15,44,24,35,13,23,23,31,9,46,37,39,33,58,32,17,41,43,36,58,36,27,45,41,11,17,39,43,27,58
30,43,43,29,44,39,33,40,58,34,30,31,25,58,15,25,47,36,43,38,29,35,28,35,34,39,30,35,38,28,25,35,47,35,38,35,33,33,43,37,35,58,29,34,38,22,31,24,34,33,14,0,30,36,35,39,32,22,26,30,35,42,52,35,33,33,33,30,30,43,14,34,37,30,29,43,33,33,38,29,38,28,56,42,28,28,36,46,54,30,24,35,30,17,32,26,38,43,36,37,8,37,17,6,41,19,28,29,21,35,46,36,39,33,43,43,32,22,32,58,28,29,33,44,23,34,32,36,40,46,39,46,42,25,44,21,25,58,43,27,44,41,46,44,37,33,58,36,34,57,58,25,36,58,47,41,31,40,27,44,26,35,23,9,29,35,23,46,39,39,35,58,32,25,43,43,36,58,40,21,47,41,23,25,39,43,29,58
19,29,29,20,28,33,17,33,42,25,19,27,19,40,22,19,29,22,31,23,13,5,29,41,6,19,29,5,12,31,19,28,29,21,8,23,18,15,29,21,5,40,20,19,18,31,19,21,19,21,30,30,0,18,23,23,22,31,29,22,5,22,38,6,17,17,25,29,12,19,30,12,21,33,13,23,17,15,22,24,20,25,42,28,29,31,22,32,42,29,33,20,29,22,22,27,27,31,24,21,31,30,22,31,29,27,25,20,35,26,28,22,19,17,19,23,22,31,22,40,25,24,18,28,22,21,22,24,18,32,23,28,28,21,22,27,19,42,29,19,30,26,34,28,21,17,40,22,19,41,42,19,24,40,33,21,27,31,23,22,28,28,21,21,24,36,21,32,19,23,24,42,22,23,30,17,19,42,29,35,27,29,21,23,29,19,24,42
22,28,30,23,30,39,22,34,43,30,22,29,23,43,27,23,30,17,30,27,12,16,30,42,15,21,30,16,26,32,23,23,35,19,22,21,25,13,30,19,16,43,23,26,21,32,29,24,16,24,36,36,18,0,21,20,17,34,30,25,17,21,41,20,20,14,24,30,16,24,36,19,18,34,14,24,12,22,18,25,23,29,43,26,30,32,18,30,43,30,34,19,30,23,25,33,30,30,22,18,32,38,23,32,28,28,29,21,41,25,28,20,22,12,23,23,19,32,17,43,29,25,27,30,21,18,19,22,23,32,28,28,22,27,23,28,23,43,25,22,24,16,32,24,18,14,43,20,16,42,43,23,22,43,34,20,28,35,24,25,32,23,27,27,25,37,27,32,22,20,23,41,17,29,24,23,18,43,33,41,28,28,27,29,30,24,25,43
17,19,19,22,19,36,12,27,32,17,17,24,28,32,20,28,23,21,17,27,18,19,31,39,19,21,31,19,31,29,28,30,39,10,23,2,20,12,19,12,19,32,22,21,20,27,32,15,23,15,33,35,23,21,0,21,24,33,31,23,19,19,42,25,21,14,28,31,21,25,33,17,16,29,18,18,12,10,21,20,20,34,33,13,31,29,19,16,32,31,31,26,31,20,23,30,25,19,11,18,29,41,20,29,21,26,34,22,40,30,22,11,21,14,18,18,24,27,24,32,34,26,12,19,20,23,24,13,24,20,30,22,27,24,19,26,28,32,19,17,19,27,16,19,18,14,30,11,23,30,32,28,13,32,19,19,24,27,20,22,37,28,24,26,20,32,24,20,21,21,30,32,22,26,31,18,23,32,36,40,23,5,24,26,21,19,26,33
14,21,23,19,26,41,20,34,33,22,14,26,26,33,23,26,24,16,25,23,16,18,30,42,18,27,30,18,28,30,26,27,35,21,13,21,17,13,24,19,18,33,19,18,26,32,32,16,18,25,39,39,23,20,21,0,21,36,30,27,20,25,39,25,21,13,21,30,19,27,39,19,13,34,16,25,13,22,16,25,26,29,38,28,30,30,15,29,37,28,36,25,28,23,27,35,28,23,22,13,32,36,23,32,16,25,31,19,44,25,25,22,26,13,25,25,19,32,21,33,31,25,21,26,23,18,19,22,27,29,27,25,24,30,26,25,26,33,25,23,26,22,29,26,13,13,33,22,18,37,33,26,22,33,31,25,25,33,25,27,35,27,30,30,25,37,30,29,27,2,27,33,21,32,26,25,18,33,32,44,24,23,30,32,27,25,23,38
25,30,32,26,27,28,25,36,44,33,25,30,17,42,30,17,29,18,32,23,10,23,31,43,22,24,31,23,25,31,19,8,37,24,26,24,28,16,32,22,23,44,26,29,23,33,23,27,18,22,32,32,22,17,24,21,0,35,31,16,23,27,36,22,18,14,26,29,18,28,32,26,20,35,10,28,16,29,21,32,23,18,43,31,31,31,21,35,44,29,35,30,29,30,16,22,29,32,23,20,33,29,30,33,29,30,18,26,37,14,29,25,21,16,28,28,8,33,4,42,18,24,30,27,26,18,8,25,22,35,31,31,25,21,29,30,19,42,26,20,29,24,35,27,18,14,44,25,18,43,44,19,25,44,35,28,30,36,30,28,26,10,21,23,32,38,23,35,24,21,14,40,2,25,27,28,18,42,30,37,29,30,23,25,22,28,24,43
28,42,42,27,42,31,29,38,57,32,30,26,26,57,27,26,46,36,42,39,32,31,24,34,30,42,28,31,35,24,26,38,46,29,35,31,33,31,42,35,31,57,27,32,41,18,32,28,31,32,16,22,31,34,33,36,35,0,26,35,31,41,51,32,36,32,31,28,33,42,16,30,36,26,32,41,32,29,36,23,41,31,57,40,24,24,36,44,57,28,12,33,28,27,35,25,36,42,32,36,20,43,27,20,36,31,31,27,33,38,44,32,42,32,41,41,35,18,35,57,31,27,29,42,29,31,35,30,43,44,35,44,40,26,42,31,26,57,42,32,42,39,44,42,36,32,57,32,31,56,57,26,30,57,46,42,27,39,21,43,30,38,22,26,25,31,20,44,42,36,36,57,35,24,43,41,35,57,35,33,46,40,20,24,42,42,27,57
16,38,40,21,36,37,29,38,53,28,16,26,24,53,21,24,40,31,40,29,28,27,10,30,27,38,16,27,31,16,24,37,37,31,31,31,23,25,41,25,27,53,21,24,37,20,28,24,27,36,26,26,29,30,31,30,31,26,0,37,27,36,45,28,28,26,26,16,29,38,26,26,30,22,28,35,26,29,32,25,37,33,53,38,10,14,29,43,53,16,22,25,16,21,37,33,33,40,32,30,20,39,21,20,34,26,33,21,31,37,39,32,38,26,35,35,31,20,31,53,33,11,29,36,25,27,31,32,39,43,32,39,34,26,36,26,24,53,36,34,36,35,43,36,30,26,53,32,27,53,53,24,32,53,46,36,26,38,22,39,22,37,24,24,25,23,24,43,38,30,37,53,31,28,35,35,29,53,35,31,40,38,24,28,38,36,15,53
29,26,26,28,27,26,25,35,40,33,29,27,27,40,26,27,29,28,24,33,22,27,37,45,26,22,37,27,31,35,27,22,43,16,30,25,32,26,26,20,27,38,28,33,21,31,31,27,25,12,30,30,22,25,23,27,16,35,37,0,27,25,42,27,16,22,33,37,20,26,30,26,26,31,26,26,26,25,27,22,21,26,37,23,37,35,23,27,38,37,33,32,37,26,2,20,33,26,17,22,35,41,26,33,25,29,26,28,37,22,29,19,21,26,26,26,16,31,16,38,26,32,30,27,26,25,16,17,22,29,35,29,31,21,27,31,27,40,26,6,27,31,27,27,22,26,38,17,25,39,40,27,19,38,29,24,27,35,23,26,36,22,21,21,22,40,21,29,22,27,22,40,16,21,33,26,25,40,38,37,29,24,21,21,22,26,32,39
13,26,26,18,26,38,13,33,39,19,13,26,24,37,20,24,24,19,28,21,17,1,27,39,1,19,27,1,15,29,24,29,29,17,5,19,12,11,27,17,1,37,18,13,21,29,24,15,20,24,35,35,5,17,19,20,23,31,27,27,0,18,41,9,20,14,24,27,17,20,35,8,18,31,17,20,14,11,20,22,23,30,39,24,27,29,19,29,35,27,33,18,27,20,27,32,25,28,20,18,29,31,20,29,24,26,30,18,40,27,25,18,20,14,15,19,23,29,23,37,30,22,10,26,20,22,23,20,21,29,22,25,27,26,19,26,24,37,21,22,23,25,31,21,18,14,37,18,20,39,39,24,20,39,32,14,26,33,22,23,33,29,26,26,22,36,26,29,20,18,27,33,23,28,29,13,20,35,30,40,22,26,26,28,28,14,22,39
22,18,18,27,10,45,23,37,26,26,22,34,31,28,29,31,11,25,18,27,21,18,36,48,19,8,36,18,30,38,31,33,34,13,21,19,19,15,23,13,18,28,27,22,4,38,31,24,24,19,42,42,22,21,19,25,27,41,36,25,18,0,43,24,17,18,32,36,24,9,42,20,22,38,19,5,18,23,25,29,6,37,35,12,36,38,23,17,28,36,41,27,36,29,25,39,31,20,20,22,38,42,29,38,27,34,37,27,47,33,11,18,8,18,7,5,27,38,27,28,37,31,25,8,29,26,27,20,10,15,28,11,33,33,2,34,31,28,5,19,8,31,19,6,22,16,28,18,24,24,26,31,20,26,20,8,34,36,30,10,40,33,33,33,29,44,33,15,8,25,31,24,27,33,35,7,26,28,31,47,5,22,33,33,8,4,31,35
39,44,44,44,45,50,39,44,48,39,41,44,44,38,44,44,43,40,44,37,38,41,43,57,40,44,45,41,30,45,44,36,43,42,38,42,38,38,44,42,41,44,44,37,43,49,38,41,39,42,52,52,38,41,42,39,36,51,45,42,41,43,0,34,42,38,40,47,40,44,52,40,38,49,36,44,38,41,39,46,43,46,43,47,47,47,37,47,48,47,51,40,47,44,42,46,39,44,43,38,45,43,44,47,43,40,46,44,57,38,41,43,43,38,42,44,38,47,38,38,46,46,42,45,44,39,38,43,43,43,41,43,41,40,45,40,44,42,44,42,45,38,47,45,38,36,46,43,39,47,46,44,43,48,43,44,40,44,44,44,52,36,42,44,46,50,44,45,44,39,38,42,36,46,40,44,39,44,37,57,43,44,44,46,44,44,44,43
19,31,31,26,30,37,19,30,44,25,19,26,24,42,28,24,31,24,33,25,19,9,30,42,8,25,30,9,6,32,22,28,30,23,10,25,18,17,31,23,9,42,26,19,24,30,24,21,20,27,35,35,6,20,25,25,22,32,28,27,9,24,34,0,23,19,26,30,18,19,35,14,23,34,19,25,19,17,24,30,26,29,44,30,28,32,24,34,44,30,34,22,30,28,27,31,29,33,26,23,32,26,28,32,31,28,29,26,40,26,30,24,25,19,21,25,22,30,22,42,29,23,18,30,28,22,22,26,24,34,25,30,29,26,24,28,24,44,31,25,32,27,36,30,23,19,42,24,20,43,44,24,26,42,30,23,28,34,24,24,33,28,26,26,30,37,26,34,25,25,26,44,22,28,31,19,20,44,25,40,29,31,26,28,31,21,25,44
14,18,20,23,19,36,21,36,35,26,14,30,22,35,25,22,22,21,22,27,12,20,28,42,19,14,30,20,29,34,22,24,38,14,21,21,21,18,22,6,20,35,23,22,13,34,26,20,21,12,33,33,17,20,21,21,18,36,28,16,20,17,42,23,0,14,28,30,15,16,33,18,18,34,10,18,14,21,18,25,13,28,37,21,30,34,17,25,35,30,36,27,30,25,16,30,31,20,19,18,34,39,25,34,25,30,28,23,38,24,21,21,14,12,18,18,18,34,18,35,28,23,23,19,25,21,18,15,15,25,30,21,28,24,19,30,22,35,18,10,19,26,25,19,18,12,35,19,21,34,35,22,17,35,24,18,30,36,26,19,29,24,24,24,25,39,24,25,14,21,24,35,18,24,28,18,21,35,34,38,22,20,24,24,14,16,25,35
12,20,22,15,21,36,15,32,35,20,12,24,18,35,19,18,18,14,22,21,4,14,26,38,14,20,26,14,25,26,20,20,33,14,17,14,15,6,23,12,14,35,15,16,19,28,26,14,15,18,33,33,17,14,14,13,14,32,26,22,14,18,38,19,14,0,21,26,9,20,33,12,10,30,10,16,6,15,14,21,17,26,33,21,26,26,12,26,35,24,32,21,24,19,22,30,26,22,15,6,28,33,19,28,21,25,26,15,38,20,22,15,20,6,18,16,12,28,14,35,26,21,17,23,19,13,12,15,21,26,25,22,22,24,19,25,20,35,22,16,21,18,26,21,4,6,35,15,15,35,35,20,15,33,26,18,25,31,21,21,27,20,24,24,21,33,24,24,20,13,20,35,14,26,24,18,13,35,30,38,20,20,24,26,24,18,19,33
19,31,33,6,33,34,26,26,46,27,19,19,12,46,20,12,33,13,33,24,22,24,24,36,23,34,20,24,26,24,12,32,30,28,24,28,22,20,33,26,24,46,8,21,33,26,28,21,23,32,31,33,25,24,28,21,26,31,26,33,24,32,40,26,28,21,0,22,23,34,31,21,17,28,22,32,17,26,22,18,33,18,46,35,24,24,17,31,46,22,29,22,20,20,33,28,23,33,29,21,28,32,20,28,27,16,18,8,36,32,27,29,34,17,32,32,26,26,24,46,18,19,26,33,22,25,26,29,35,31,18,25,27,26,33,16,12,46,33,30,31,25,31,33,21,21,46,29,25,45,46,12,29,44,34,33,14,22,18,33,27,32,22,24,16,28,22,31,34,21,32,46,26,20,29,32,25,46,27,36,33,31,22,22,34,33,15,46
20,38,40,17,36,39,29,36,53,30,20,26,20,53,23,20,40,31,40,31,28,27,14,24,27,38,2,27,33,18,20,39,35,31,31,31,23,25,41,27,27,53,17,26,37,22,30,24,27,36,28,30,29,30,31,30,29,28,16,37,27,36,47,30,30,26,22,0,29,38,28,24,30,16,28,35,26,29,32,21,37,29,53,38,10,18,29,43,53,10,26,27,10,23,37,33,35,40,30,30,24,39,23,24,34,28,29,17,25,39,39,32,38,26,35,35,31,22,29,53,29,11,29,36,25,27,31,32,39,43,30,39,36,26,36,28,20,53,36,34,36,35,43,36,30,26,53,32,27,53,53,20,32,53,46,36,26,36,22,39,16,39,22,26,21,23,24,43,38,30,39,53,31,24,35,35,29,53,33,25,40,38,24,24,38,36,13,53
19,27,29,18,30,33,21,33,42,27,19,27,15,42,22,15,27,16,29,25,5,17,29,41,16,21,29,17,24,29,17,24,35,21,20,21,20,11,29,19,17,42,18,23,20,31,23,21,17,19,30,30,12,16,21,19,18,33,29,20,17,24,40,18,15,9,23,29,0,23,30,18,17,33,9,21,13,21,18,24,18,23,40,28,29,29,18,32,42,27,33,24,27,22,20,27,29,29,22,15,31,34,22,31,27,27,23,18,35,16,28,22,21,13,23,25,12,31,18,42,23,24,24,30,22,15,14,22,22,32,25,28,24,21,24,27,17,42,29,17,28,22,32,30,13,13,42,22,17,41,42,17,22,38,33,25,27,31,23,24,24,24,21,21,24,34,21,30,21,19,22,42,18,23,26,23,15,42,31,35,29,27,21,23,29,23,22,40
24,19,19,29,17,46,25,38,31,28,24,36,32,29,31,32,18,27,21,29,22,20,38,50,17,12,38,20,25,40,32,34,34,22,23,25,19,17,25,20,20,29,29,24,9,40,30,26,25,20,43,43,19,24,25,27,28,42,38,26,20,9,44,19,16,20,34,38,23,0,43,22,24,38,20,12,20,25,26,29,11,38,33,17,38,40,25,21,31,38,42,29,38,31,26,40,33,21,20,24,40,41,31,40,29,36,38,29,48,32,17,18,12,20,11,12,28,40,28,29,38,33,27,15,31,27,28,22,7,21,28,17,34,34,11,36,32,31,18,20,17,32,23,17,24,18,29,18,25,30,31,32,22,27,20,10,36,38,32,13,41,34,34,34,29,45,34,21,12,27,32,31,28,34,36,9,27,31,32,48,16,22,34,34,18,4,33,33
26,43,43,27,44,29,33,36,58,30,28,17,23,58,27,23,47,38,41,36,29,35,26,33,34,39,28,35,38,26,23,35,45,33,38,35,31,33,43,37,35,58,27,30,38,10,27,28,34,29,2,14,30,36,33,39,32,16,26,30,35,42,52,35,33,33,31,28,30,43,0,34,37,24,29,43,33,33,38,21,38,26,58,40,24,26,38,44,58,28,12,31,28,27,28,12,34,43,32,37,18,37,27,18,41,31,26,27,27,35,46,32,39,33,43,43,32,10,32,58,26,25,33,44,29,34,32,34,40,46,35,46,38,19,44,31,23,58,43,27,44,41,44,44,37,33,58,32,34,57,58,23,34,58,47,43,21,36,15,44,24,35,13,23,23,31,11,46,39,39,35,58,32,19,41,43,36,58,36,27,47,41,9,19,39,43,27,58
12,24,24,15,20,37,11,32,37,18,12,25,21,35,19,21,24,16,26,20,18,8,26,38,8,22,26,8,20,28,21,32,28,17,12,17,11,11,25,15,8,35,15,10,21,28,23,14,21,22,34,34,12,19,17,19,26,30,26,26,8,20,40,14,18,12,21,24,18,22,34,0,10,30,20,19,14,9,19,21,21,27,33,24,26,28,11,29,35,26,32,15,26,19,26,31,24,26,16,12,28,28,19,28,23,25,27,15,39,30,23,18,22,14,19,19,24,28,24,35,27,19,11,20,19,21,24,18,23,27,23,21,23,23,20,25,21,35,20,20,18,25,29,20,12,16,35,18,21,37,37,21,18,35,30,18,25,32,21,21,32,32,23,25,21,35,25,27,22,19,28,35,26,27,25,17,19,35,29,39,24,24,25,27,22,18,21,33
16,16,18,15,23,40,19,32,35,24,16,20,22,35,23,22,16,8,18,17,14,18,30,42,18,22,30,18,29,30,22,26,33,18,13,16,19,10,23,16,18,35,15,18,23,32,30,18,19,22,35,37,21,18,16,13,20,36,30,26,18,22,38,23,18,10,17,30,17,24,37,10,0,34,14,22,4,17,14,25,23,28,31,25,30,30,12,26,31,28,36,23,28,23,26,34,26,18,19,6,32,35,23,32,21,25,28,15,42,26,22,19,22,6,22,22,20,32,18,35,28,25,19,23,23,19,20,19,23,26,25,20,20,28,23,25,22,35,22,20,21,20,26,23,6,10,35,19,19,35,35,22,19,35,28,20,25,31,25,25,33,24,28,28,25,35,26,26,22,13,24,33,18,28,24,22,19,35,30,42,16,16,28,28,24,22,23,31
26,38,38,23,38,35,29,34,53,30,26,22,26,53,23,24,42,35,36,35,32,31,20,24,31,40,16,31,37,18,26,43,37,27,35,31,29,29,37,31,31,53,23,30,39,18,34,24,31,28,24,30,33,34,29,34,35,26,22,31,31,38,49,34,34,30,28,16,33,38,24,30,34,0,32,37,30,29,36,13,39,35,53,34,20,18,35,39,53,14,22,31,14,21,31,29,35,38,22,34,24,43,23,24,34,28,35,21,25,43,41,22,40,30,37,37,35,18,35,53,35,19,29,38,25,31,35,28,41,41,32,41,38,24,38,28,24,53,38,28,38,39,39,38,34,30,53,22,31,53,53,26,28,53,42,38,22,34,18,39,20,43,20,26,13,23,20,41,40,34,43,53,35,16,41,37,31,53,35,25,42,34,20,14,40,38,19,53
19,24,26,17,21,32,19,32,39,27,19,26,16,37,21,16,26,14,26,17,6,17,28,38,16,18,28,17,25,28,16,16,34,18,20,18,22,8,26,14,17,39,17,23,15,30,20,21,15,16,29,29,13,14,18,16,10,32,28,26,17,19,36,19,10,10,22,28,9,20,29,20,14,32,0,22,10,23,13,23,15,22,37,25,28,28,15,29,39,26,32,23,26,21,26,26,27,26,19,14,30,33,21,30,24,26,22,17,34,18,23,19,18,8,22,22,12,30,12,37,22,23,24,21,19,15,12,19,19,29,26,25,22,20,23,26,16,37,18,14,23,20,29,21,14,4,39,19,15,38,39,16,19,37,30,22,26,32,22,23,25,16,20,20,23,35,20,29,18,16,18,37,10,22,22,22,15,37,26,34,26,24,20,22,14,20,21,37
21,18,18,26,7,46,22,37,26,25,21,34,32,28,28,32,7,25,18,27,20,19,35,47,19,10,35,19,31,37,32,34,37,14,23,18,18,14,24,12,19,28,26,21,9,37,32,23,27,20,43,43,23,24,18,25,28,41,35,26,20,5,44,25,18,16,32,35,21,12,43,19,22,37,22,0,18,22,25,28,7,38,33,13,35,37,23,19,28,35,41,26,35,28,26,40,31,20,19,20,37,43,28,37,27,34,38,26,48,30,11,19,9,18,8,5,26,37,28,28,38,30,24,7,28,25,26,19,11,15,26,11,32,34,4,34,32,28,6,20,6,30,19,6,20,18,28,19,27,25,26,32,19,24,21,8,34,37,30,13,41,34,34,34,28,42,34,13,9,25,32,26,28,34,34,8,25,28,34,48,9,22,34,34,11,8,30,33
12,20,22,11,19,36,15,32,35,20,12,24,18,35,19,18,20,10,22,21,10,14,26,38,14,18,26,14,25,26,18,22,33,14,17,12,15,6,23,12,14,35,11,14,19,28,26,14,15,18,31,33,17,12,12,13,16,32,26,26,14,18,38,19,14,6,17,26,13,20,33,14,4,30,10,18,0,13,14,21,19,24,35,21,26,26,12,26,35,24,32,19,24,19,26,30,26,22,15,10,28,35,19,28,21,25,24,11,38,22,22,15,18,2,18,18,16,28,14,35,24,21,15,19,19,15,16,15,19,26,25,20,20,24,19,25,18,35,18,18,17,20,26,19,10,6,35,15,15,35,35,18,15,35,28,16,25,31,21,21,29,20,24,24,21,35,22,26,18,13,20,33,14,24,24,18,15,35,30,38,20,20,24,24,20,18,19,35
15,25,23,20,23,36,4,27,36,11,15,24,26,34,18,26,27,21,25,23,21,11,29,37,11,25,29,11,23,27,26,35,33,16,15,10,16,14,22,18,11,34,20,15,24,27,26,13,24,21,33,33,15,22,10,22,29,29,29,25,11,23,41,17,21,15,26,29,21,25,33,9,17,29,23,22,13,0,22,20,24,32,30,21,29,27,14,24,34,29,31,20,29,18,25,30,19,25,17,13,27,33,18,27,22,24,32,20,38,33,26,17,25,19,22,22,27,27,29,34,32,24,2,23,18,24,27,17,26,22,26,26,24,24,23,24,26,34,23,19,23,28,24,23,15,19,32,17,24,34,36,26,17,36,25,21,24,27,20,26,35,35,24,24,20,30,24,22,25,22,31,34,29,26,28,20,22,34,32,38,27,19,24,26,25,21,24,30
14,24,26,19,26,41,22,28,39,22,14,27,25,39,25,25,26,11,24,24,15,20,32,42,19,26,30,20,30,32,25,27,35,21,18,21,17,11,26,17,20,39,21,18,25,34,31,16,20,24,38,38,22,18,21,16,21,36,32,27,20,25,39,24,18,14,22,32,18,26,38,19,14,36,13,25,14,22,0,27,25,31,37,28,32,32,14,28,37,30,36,27,30,25,27,35,25,26,22,14,34,36,25,34,24,26,31,21,43,27,24,22,26,12,25,25,21,34,21,39,31,27,23,26,25,20,21,22,27,28,24,24,20,29,26,26,25,37,26,22,24,12,28,26,14,12,39,22,20,36,37,25,22,37,30,26,26,33,24,27,34,27,29,29,25,31,29,28,26,16,27,39,21,31,20,25,20,39,31,43,26,24,29,31,24,26,25,39
15,29,29,12,29,24,20,26,44,19,17,12,18,44,14,18,33,26,27,26,23,22,23,31,22,31,21,22,36,21,18,38,34,18,26,22,20,20,28,22,22,44,12,19,30,15,26,15,31,19,21,29,24,25,20,25,32,23,25,22,22,29,46,30,25,21,18,21,24,29,21,21,25,13,23,28,21,20,27,0,30,24,44,25,23,21,24,30,44,23,19,20,23,14,20,18,24,29,13,25,23,42,14,23,25,20,24,12,32,38,32,13,31,21,28,28,32,15,32,44,24,18,20,29,16,31,32,19,32,32,19,32,29,18,29,20,18,44,29,19,29,27,30,29,25,21,44,13,31,44,44,18,19,44,33,29,14,26,8,30,29,38,14,20,2,28,12,32,31,25,34,44,32,8,31,28,31,44,25,32,33,25,12,8,31,29,18,44
23,17,17,28,14,41,24,37,27,27,23,35,27,29,30,27,11,26,19,28,15,23,37,49,20,6,37,23,32,39,27,29,37,16,26,20,20,18,24,14,23,29,28,23,2,39,27,25,26,15,38,38,20,23,20,26,23,41,37,21,23,6,43,26,13,17,33,37,18,11,38,21,23,39,15,7,19,24,25,30,0,33,34,20,37,39,24,20,29,37,41,28,37,30,21,35,32,19,21,21,39,42,30,39,28,35,33,28,43,27,9,21,6,19,10,7,21,39,23,29,33,32,26,12,30,24,21,21,8,17,29,9,33,29,10,35,27,29,13,15,10,31,20,14,21,17,29,21,26,25,27,27,21,23,20,11,35,37,31,12,36,29,29,29,30,42,29,17,6,26,29,27,23,29,35,12,24,29,31,43,13,23,29,29,4,7,32,32
25,40,42,14,39,22,32,37,54,33,25,28,8,54,26,10,41,27,42,33,22,30,31,37,29,34,29,30,28,31,6,21,38,34,33,34,28,26,42,32,30,54,12,27,33,29,26,27,28,32,26,28,25,29,34,29,18,31,33,26,30,37,46,29,28,26,18,29,23,38,26,27,28,35,22,38,24,32,31,24,33,0,55,41,31,31,31,45,54,29,27,28,29,26,26,16,37,42,35,30,35,38,26,35,39,30,6,14,31,19,41,35,33,24,38,38,16,29,16,54,2,28,32,39,28,28,16,35,34,45,32,39,37,24,39,30,10,54,38,30,37,34,45,39,30,26,54,35,28,53,54,8,35,54,45,38,28,35,24,38,20,21,20,22,24,34,20,45,34,31,21,52,18,20,38,38,28,54,32,31,41,40,20,20,34,38,26,55
39,31,31,44,32,61,34,43,34,33,39,41,49,30,44,49,29,37,31,32,37,39,53,63,39,37,53,39,50,53,49,49,50,35,34,33,34,35,36,35,39,32,44,37,36,53,43,39,44,37,58,56,42,43,33,38,43,57,53,37,39,35,43,44,37,33,46,53,40,33,58,33,31,53,37,33,35,30,37,44,34,55,0,32,53,53,37,31,26,53,57,42,53,44,39,55,37,31,36,29,53,54,44,53,38,46,55,44,61,49,33,34,37,35,31,35,43,53,45,30,55,48,36,32,44,42,43,36,38,35,38,35,47,49,36,46,49,28,29,31,30,43,33,32,29,33,32,36,44,32,30,49,34,26,37,33,46,42,46,38,58,49,49,47,44,48,49,33,37,38,51,32,43,49,49,35,42,26,41,61,31,29,49,49,31,35,48,2
24,19,19,29,14,43,21,30,22,24,24,31,35,25,27,35,18,28,15,32,25,24,38,46,24,22,38,24,36,36,35,37,40,11,28,15,25,19,23,15,24,25,29,26,20,34,37,22,28,17,40,42,28,26,13,28,31,40,38,23,24,12,47,30,21,21,35,38,28,17,40,24,25,34,25,13,21,21,28,25,20,41,32,0,38,36,26,8,25,38,38,31,38,27,23,37,30,19,16,25,36,48,27,36,26,33,41,29,47,37,13,14,22,21,13,11,31,34,31,25,41,33,23,14,27,30,31,18,24,11,33,13,36,31,16,33,35,25,18,17,14,34,12,18,25,21,27,14,28,26,22,35,18,22,17,13,31,30,27,24,44,37,31,33,25,39,31,11,22,28,35,22,31,31,38,13,30,25,39,47,18,19,31,31,22,13,33,32
18,38,40,19,36,37,29,36,53,28,18,24,22,53,23,22,40,31,40,29,28,27,6,28,27,38,10,27,31,14,22,37,35,31,31,31,23,25,41,27,27,53,19,24,37,18,28,24,27,36,24,28,29,30,31,30,31,24,10,37,27,36,47,28,30,26,24,10,29,38,24,26,30,20,28,35,26,29,32,23,37,31,53,38,0,16,29,43,53,14,20,25,14,23,37,31,33,40,32,30,22,39,23,22,34,28,31,19,29,37,39,32,38,26,35,35,31,18,31,53,31,11,29,36,25,27,31,32,39,43,30,39,34,26,36,28,22,53,36,34,36,35,43,36,30,26,53,32,27,53,53,22,32,53,46,36,24,36,20,39,20,37,22,26,23,21,22,43,38,30,37,53,31,26,35,35,29,53,33,27,40,38,22,26,38,36,13,53
24,38,38,19,38,35,27,34,53,28,24,24,22,53,21,22,42,31,38,33,28,29,16,24,29,40,18,29,35,2,22,37,37,29,33,29,27,25,39,31,29,53,19,28,39,20,32,22,29,34,26,28,31,32,29,30,31,24,14,35,29,38,47,32,34,26,24,18,29,40,26,28,30,18,28,37,26,27,32,21,39,31,53,36,16,0,31,41,53,16,22,29,16,21,35,31,33,38,30,30,22,41,21,22,32,26,31,19,27,37,41,30,40,26,37,37,31,20,31,53,31,17,27,38,23,29,31,30,41,41,32,41,38,26,38,26,22,53,38,32,38,35,41,38,30,26,53,30,29,53,53,22,30,53,44,38,24,34,20,41,22,37,22,24,21,19,22,41,40,30,37,53,31,24,39,37,31,53,35,27,42,36,22,24,40,38,15,53
13,22,24,20,24,41,20,32,37,23,15,24,25,35,22,25,24,8,24,23,15,19,29,43,18,25,29,19,30,31,25,27,34,19,19,19,20,11,24,15,19,35,20,19,24,31,31,19,20,23,38,36,22,18,19,15,21,36,29,23,19,23,37,24,17,12,17,29,18,25,38,11,12,35,15,23,12,14,14,24,24,31,37,26,29,31,0,22,37,27,36,24,27,24,23,35,22,24,20,12,33,32,24,31,23,19,31,20,43,27,18,20,25,12,23,23,21,31,21,35,31,24,22,24,24,20,21,20,26,22,21,18,18,29,24,21,25,35,24,17,24,20,22,24,12,12,37,20,20,36,37,25,20,37,25,24,21,32,25,26,32,27,29,27,26,35,29,22,25,15,27,37,21,31,20,23,20,37,27,43,24,22,29,31,25,24,22,37
29,20,20,34,16,47,24,26,25,27,29,32,39,24,30,39,20,24,16,33,29,29,43,51,28,18,43,29,40,41,39,41,40,16,29,18,30,24,23,20,29,24,34,31,18,39,41,27,32,21,44,46,32,30,16,29,35,44,43,27,29,17,47,34,25,26,31,43,32,21,44,29,26,39,29,19,26,24,28,30,20,45,31,8,43,41,22,0,26,43,42,36,43,32,27,41,26,20,21,26,41,44,32,39,27,29,45,34,51,41,14,19,18,26,18,17,35,39,35,24,45,38,26,16,32,34,35,23,20,12,29,14,32,35,18,29,39,26,16,21,16,34,6,16,26,26,26,19,32,20,25,39,23,25,21,18,27,26,31,24,48,41,35,37,30,35,35,12,18,29,39,25,35,35,34,18,34,26,35,51,18,18,35,35,22,18,38,31
39,29,29,44,25,60,36,45,22,39,39,41,49,20,44,49,23,39,29,36,39,35,53,61,39,30,53,35,49,53,49,50,50,30,34,32,38,32,33,28,35,12,44,37,29,53,49,39,43,35,58,54,42,43,32,37,44,57,53,38,35,28,48,44,35,35,46,53,42,31,58,35,31,53,39,28,35,34,37,44,29,54,26,25,53,53,37,26,0,53,57,42,53,44,40,54,41,25,35,31,53,55,44,53,37,46,54,44,61,50,28,35,29,35,29,28,44,53,44,20,54,48,36,25,44,43,44,35,31,28,42,28,47,49,29,46,49,22,24,31,25,43,28,25,31,35,16,35,43,22,20,49,35,22,31,24,46,44,46,31,58,50,49,45,44,52,49,28,30,37,50,26,44,49,49,29,43,24,47,61,23,27,49,49,30,28,48,28
20,38,40,17,36,39,29,36,53,30,20,26,18,53,23,20,40,29,40,31,26,27,14,24,27,38,10,27,33,16,18,37,33,31,31,31,25,23,41,27,27,53,15,26,37,22,30,24,27,36,28,30,29,30,31,28,29,28,16,37,27,36,47,30,30,24,22,10,27,38,28,26,28,14,26,35,24,29,30,23,37,29,53,38,14,16,27,43,53,0,26,27,2,23,37,33,33,40,32,28,24,39,23,24,34,28,29,17,23,37,39,32,38,24,35,35,29,22,29,53,29,11,29,36,25,27,29,32,39,43,30,39,36,28,36,28,20,53,36,34,36,33,43,36,28,24,53,32,27,53,53,18,32,53,46,36,26,36,22,39,6,37,24,26,23,21,24,43,38,28,37,53,29,26,37,35,29,53,33,23,40,38,24,26,38,36,7,53
24,42,42,25,42,23,31,34,57,28,26,18,24,57,25,24,46,36,40,35,32,33,22,32,32,42,26,33,37,22,24,38,44,31,37,33,29,31,42,35,33,57,25,28,41,10,28,26,31,32,12,24,33,34,31,36,35,12,22,33,33,41,51,34,36,32,29,26,33,42,12,32,36,22,32,41,32,31,36,19,41,27,57,38,20,22,36,42,57,26,0,29,26,25,33,15,32,42,30,36,22,45,25,22,36,29,29,25,31,38,44,30,42,32,41,41,35,6,35,57,29,23,31,42,27,31,35,32,43,44,33,44,36,18,42,29,24,57,42,30,42,39,42,42,36,32,57,30,31,56,57,24,32,57,46,42,19,35,13,43,28,38,12,24,21,29,12,44,42,36,38,57,35,20,39,41,33,57,35,31,46,40,12,20,42,42,25,57
13,33,33,16,27,34,22,32,42,15,15,22,22,40,20,22,31,24,33,18,23,18,27,39,18,29,27,18,28,29,22,38,30,26,22,26,12,20,34,24,18,42,16,5,28,25,12,19,31,29,31,35,20,19,26,25,30,33,25,32,18,27,40,22,27,21,22,27,24,29,31,15,23,31,23,26,19,20,27,20,28,28,42,31,25,29,24,36,42,27,29,0,27,20,36,28,20,35,27,25,29,34,20,29,29,26,28,16,40,38,30,27,29,19,24,26,32,25,30,42,28,20,20,27,18,31,32,27,30,34,19,28,29,22,27,26,22,42,27,29,25,27,36,27,25,21,42,27,31,42,44,22,27,42,37,23,24,32,18,28,33,38,24,26,22,34,22,34,29,25,36,42,30,28,31,24,31,42,25,40,31,33,22,28,29,23,22,42
20,38,40,17,36,39,29,34,53,30,20,26,20,53,23,20,40,29,40,31,26,27,14,24,27,38,10,27,33,16,20,37,33,31,31,31,25,23,41,27,27,53,17,26,37,22,30,24,27,36,28,30,29,30,31,28,29,28,16,37,27,36,47,30,30,24,20,10,27,38,28,26,28,14,26,35,24,29,30,23,37,29,53,38,14,16,27,43,53,2,26,27,0,23,37,33,35,40,32,28,24,39,23,24,34,26,29,17,23,37,39,32,38,24,35,35,29,22,29,53,29,11,29,36,25,27,29,32,39,43,30,39,36,28,36,26,20,53,36,34,36,31,43,36,28,24,53,32,27,53,53,20,32,53,46,36,24,36,22,39,8,37,24,26,23,21,24,43,38,28,37,53,29,26,35,35,29,53,33,23,40,38,24,26,38,36,5,53
15,29,29,14,29,30,18,28,44,19,15,18,20,44,2,18,33,24,29,24,21,20,23,31,20,31,23,20,34,21,20,36,34,20,24,20,18,18,30,22,20,44,14,19,30,21,26,9,29,25,27,17,22,23,20,23,30,27,21,26,20,29,44,28,25,19,20,23,22,31,27,19,23,21,21,28,19,18,25,14,30,26,44,27,23,21,24,32,44,23,25,20,23,0,26,24,24,29,21,23,11,40,2,11,23,8,24,12,26,36,32,21,31,19,28,28,30,21,30,44,26,18,18,29,8,29,30,21,32,32,21,32,27,20,29,8,18,44,29,23,29,25,32,29,23,19,44,21,29,44,44,20,21,44,35,29,18,28,14,32,29,36,18,8,14,28,18,32,31,23,34,44,30,20,29,28,29,44,27,26,33,27,18,18,31,29,18,44
29,26,26,28,27,26,25,33,40,33,29,25,27,40,26,27,29,28,24,33,22,27,37,45,26,22,37,27,31,35,27,22,43,16,30,25,32,26,26,20,27,38,28,33,21,31,31,27,25,12,30,32,22,25,23,27,16,35,37,2,27,25,42,27,16,22,33,37,20,26,28,26,26,31,26,26,26,25,27,20,21,26,39,23,37,35,23,27,40,37,33,36,37,26,0,18,33,26,17,22,35,41,26,33,25,29,26,28,39,22,29,17,21,26,26,26,16,31,16,38,26,32,30,27,26,25,16,17,22,29,35,29,29,21,27,31,27,40,26,8,27,31,27,27,22,26,38,15,25,39,40,27,19,38,29,26,27,35,23,26,36,22,21,23,22,40,21,29,22,27,22,40,16,21,31,26,25,40,38,39,29,24,19,21,22,26,32,39
23,40,40,24,41,10,30,33,54,27,25,14,20,52,24,20,43,35,38,33,26,32,33,35,31,36,33,32,32,31,20,23,40,30,35,32,28,30,40,34,32,54,24,27,35,15,24,25,32,26,14,26,27,33,30,35,22,25,33,20,32,39,46,31,30,30,28,33,27,40,12,31,34,29,26,40,30,30,35,18,35,16,55,37,31,31,35,41,54,33,15,28,33,24,18,0,31,40,29,34,33,40,24,33,37,28,16,24,29,25,43,29,35,30,40,40,22,15,20,54,16,28,30,41,26,32,22,31,36,43,32,43,35,16,41,28,20,52,40,24,41,38,41,41,34,30,54,29,32,51,54,20,31,54,43,40,18,33,12,40,26,23,10,20,20,30,8,43,36,35,25,54,22,16,38,40,32,54,32,29,43,38,6,16,36,40,30,55
18,32,30,26,28,37,19,28,41,8,20,22,31,41,24,31,32,22,30,19,27,25,35,43,24,33,35,25,35,33,31,35,34,27,25,25,17,25,24,29,25,41,24,16,32,29,23,20,32,29,34,38,27,30,25,28,29,36,33,33,25,31,39,29,31,26,23,35,29,33,34,24,26,35,27,31,26,19,25,24,32,37,37,30,33,33,22,26,41,33,32,20,35,24,33,31,0,32,28,26,33,41,24,33,30,21,37,26,43,35,26,28,33,26,29,31,29,29,29,41,37,28,19,28,24,32,29,28,34,18,17,26,30,27,32,21,31,39,28,29,28,28,24,28,26,26,39,28,32,40,39,31,28,41,21,30,19,28,21,34,40,35,27,29,26,31,25,18,33,28,37,41,29,31,32,31,32,37,23,43,32,28,25,31,27,30,30,37
26,6,8,31,17,46,25,36,29,30,26,26,36,29,29,36,16,26,10,27,26,28,40,48,28,20,40,28,39,38,36,38,41,11,23,19,29,21,22,11,28,29,31,30,19,38,40,24,31,22,43,43,31,30,19,23,32,42,40,26,28,20,44,33,20,22,33,40,29,21,43,26,18,38,26,20,22,25,26,29,19,42,31,19,40,38,24,20,25,40,42,35,40,29,26,40,32,0,20,18,38,45,29,38,23,31,42,31,48,38,20,20,22,22,20,20,32,38,32,25,42,35,27,17,29,31,32,20,24,20,33,20,34,34,21,31,36,25,16,20,17,32,20,17,18,22,25,20,31,29,29,36,20,29,23,20,31,35,31,20,45,38,34,34,29,41,34,20,22,23,38,29,32,34,36,20,31,23,38,48,16,14,34,34,18,18,35,29
18,20,20,23,20,35,17,32,35,22,18,23,29,35,21,29,24,22,18,28,19,20,32,40,20,22,32,20,32,30,29,29,40,9,24,13,19,13,19,13,20,35,23,22,21,26,33,16,24,17,32,36,24,22,11,22,23,32,32,17,20,20,43,26,19,15,29,30,22,20,32,16,19,22,19,19,15,17,22,13,21,35,36,16,32,30,20,21,35,32,30,27,32,21,17,29,28,20,0,19,30,40,21,30,22,27,35,23,41,31,23,4,22,15,19,19,25,26,23,35,35,25,19,20,21,24,25,8,23,23,31,23,30,21,20,27,29,35,20,11,20,28,21,20,19,15,35,2,24,35,35,29,10,35,24,20,23,32,19,21,38,31,21,27,13,37,23,23,22,22,31,35,25,19,32,19,24,35,37,41,24,16,23,19,22,20,27,36
16,16,18,19,17,38,19,32,35,24,16,20,24,35,23,24,14,12,18,17,10,18,30,42,18,24,30,18,29,30,24,26,33,18,13,18,19,10,21,16,18,35,19,20,23,32,30,18,19,22,37,37,21,18,18,13,20,36,30,22,18,22,38,23,18,6,21,30,15,24,37,12,6,34,14,20,10,13,14,25,21,30,29,25,30,30,12,26,31,28,36,25,28,23,22,34,26,18,19,0,32,35,23,32,21,25,30,19,42,24,22,19,24,10,22,20,16,32,20,35,30,25,21,19,23,17,14,19,25,26,25,22,22,28,23,25,24,35,18,16,17,20,26,17,2,10,35,19,19,35,35,24,19,33,28,22,25,31,25,25,33,26,28,28,25,33,28,24,24,13,24,35,20,30,24,22,17,35,30,42,16,16,28,30,20,22,23,29
24,38,38,23,38,39,25,36,53,28,24,26,26,53,11,26,42,33,38,33,30,29,22,32,29,40,24,29,35,22,26,41,39,29,33,29,27,27,39,31,29,53,23,28,39,16,32,18,29,34,18,8,31,32,29,32,33,20,20,35,29,38,45,32,34,28,28,24,31,40,18,28,32,24,30,37,28,27,34,23,39,35,53,36,22,22,33,41,53,24,22,29,24,11,35,33,33,38,30,32,0,41,11,2,32,16,31,23,27,41,41,30,40,28,37,37,33,16,33,53,35,23,27,38,17,29,33,30,41,39,34,41,38,26,38,14,26,53,38,32,38,37,41,38,32,28,53,30,29,53,53,26,30,53,42,38,26,34,22,41,30,41,24,14,23,27,24,41,40,32,41,53,33,26,39,37,31,53,37,27,42,36,24,26,40,38,23,53
31,43,43,38,42,42,35,42,55,37,31,40,38,49,40,38,42,32,45,35,33,31,39,52,30,43,39,31,22,41,38,27,37,41,30,41,30,35,43,39,31,53,38,31,42,45,32,33,36,43,37,37,30,38,41,36,29,43,39,41,31,42,43,26,39,33,32,39,34,41,37,28,35,43,33,43,35,33,36,42,42,38,54,48,39,41,32,44,55,39,45,34,39,40,41,40,41,45,40,35,41,0,40,41,42,36,38,38,50,35,34,42,42,35,43,43,35,45,29,51,38,40,30,38,40,36,35,42,42,42,39,36,34,40,44,36,38,51,41,41,40,35,44,42,33,33,53,42,36,52,55,38,42,55,38,41,36,42,40,43,41,29,40,40,42,42,38,42,43,36,35,53,31,40,31,41,36,53,37,50,42,43,40,40,41,41,40,54
15,29,29,14,29,30,18,28,44,19,13,18,20,44,2,20,33,24,29,24,21,20,23,31,20,31,23,20,34,21,20,36,34,20,24,20,18,18,30,22,20,44,14,19,30,21,26,7,29,23,27,17,22,23,20,23,30,27,21,26,20,29,44,28,25,19,20,23,22,31,27,19,23,23,21,28,19,18,25,14,30,26,44,27,23,21,24,32,44,23,25,20,23,2,26,24,24,29,21,23,11,40,0,11,23,8,26,14,26,36,30,21,31,19,28,28,30,21,30,44,26,18,18,29,6,29,30,19,32,30,21,30,27,20,29,8,20,44,29,23,29,25,30,29,23,19,44,21,29,44,44,20,19,44,33,29,18,28,14,32,29,36,18,8,14,28,18,30,31,23,34,44,30,20,29,28,29,44,27,26,33,27,18,20,31,29,18,44
24,38,38,23,38,39,27,36,53,28,24,26,26,51,9,26,42,31,38,33,30,29,22,32,29,40,24,29,35,22,26,41,41,29,33,29,27,27,39,31,29,51,23,28,39,16,32,18,29,34,18,6,31,32,29,32,33,20,20,33,29,38,47,32,34,28,28,24,31,40,18,28,32,24,30,37,28,27,34,23,39,35,53,36,22,22,31,39,53,24,22,29,24,11,33,33,33,38,30,32,2,41,11,0,32,14,29,23,27,41,41,30,40,28,37,37,33,16,33,51,33,23,27,38,17,29,33,30,41,41,34,41,38,26,38,16,26,51,38,30,38,37,39,38,32,28,53,30,29,53,53,26,30,53,44,38,26,34,22,41,30,41,24,12,23,27,24,41,40,32,41,53,33,26,39,37,31,53,37,27,42,36,24,26,40,38,23,53
16,23,23,25,28,43,22,34,33,20,16,28,34,33,23,34,26,24,21,29,24,24,34,42,24,29,34,24,36,32,34,35,39,21,19,21,19,21,26,23,24,31,25,20,28,32,38,16,28,25,41,41,29,28,21,16,29,36,34,25,24,27,43,31,25,21,27,34,27,29,41,23,21,34,24,27,21,22,24,25,28,39,38,26,34,32,23,27,37,34,36,29,34,23,25,37,30,23,22,21,32,42,23,32,0,25,39,25,46,35,27,22,28,21,27,27,29,32,29,31,39,29,21,28,23,28,29,22,29,27,31,27,30,32,28,25,34,33,27,23,28,28,27,28,21,21,31,22,28,37,33,34,22,31,29,27,25,33,25,29,43,35,32,32,25,39,32,27,29,16,35,33,29,34,32,27,28,33,36,46,26,21,32,34,29,27,29,38
21,31,31,20,35,34,24,28,46,25,21,19,24,44,6,24,35,19,31,26,26,26,28,36,25,36,28,26,30,26,24,36,34,26,26,26,24,24,31,28,26,44,20,25,35,26,30,15,25,30,31,19,27,28,26,25,30,31,26,29,26,34,40,28,30,25,16,28,27,36,31,25,25,28,26,34,25,24,26,20,35,30,46,33,28,26,19,29,46,28,29,26,26,8,29,28,21,31,27,25,16,36,8,14,25,0,30,20,30,36,29,27,36,25,34,34,30,26,30,44,30,23,24,35,14,29,30,27,37,29,22,29,31,24,35,4,24,44,35,26,35,29,29,35,25,25,46,27,29,45,46,24,27,46,32,35,14,24,18,37,33,36,22,10,20,28,22,29,36,25,36,46,30,24,33,34,29,46,31,30,35,29,22,24,36,35,21,46
25,40,42,14,39,22,32,37,54,33,25,28,10,54,26,8,41,27,42,33,22,30,31,37,29,34,29,30,30,31,10,21,36,34,33,34,28,26,42,32,30,54,14,27,33,29,26,27,28,32,26,28,25,29,34,31,18,31,33,26,30,37,46,29,28,26,18,29,23,38,26,27,28,35,22,38,24,32,31,24,33,6,55,41,31,31,31,45,54,29,29,28,29,24,26,16,37,42,35,30,31,38,26,29,39,30,0,12,31,21,41,35,33,24,38,38,18,29,16,54,4,28,32,39,28,28,18,35,34,45,32,39,37,24,39,30,6,54,38,30,37,34,45,39,30,26,54,35,28,53,54,10,35,54,45,38,28,37,24,38,22,21,20,22,24,34,20,45,34,31,21,52,18,20,38,38,28,54,32,31,41,40,20,18,34,38,26,55
13,29,31,2,27,30,20,28,44,21,13,18,8,44,14,6,31,16,31,22,17,18,19,31,18,29,17,18,32,19,8,32,30,22,22,22,16,14,32,20,18,44,2,15,28,21,24,15,25,27,27,29,20,21,22,19,26,27,21,28,18,27,44,26,23,15,8,17,18,29,27,15,15,21,17,26,11,20,21,12,28,14,44,29,19,19,20,34,44,17,25,16,17,12,28,24,26,31,23,19,23,38,14,23,25,20,12,0,32,32,30,23,29,11,26,26,26,21,24,44,14,14,20,27,16,25,26,23,30,34,17,28,23,22,27,20,6,44,27,25,25,21,34,27,19,15,44,23,25,44,44,8,23,42,37,27,18,28,14,28,23,32,18,20,12,28,18,34,29,19,30,44,26,18,25,26,25,44,23,32,31,29,18,16,29,27,12,44
35,48,48,32,49,32,38,43,63,39,35,34,28,63,26,28,52,43,48,43,34,40,29,27,39,44,25,40,43,27,28,40,44,40,43,40,38,38,48,42,40,63,32,39,43,31,36,29,39,38,27,21,35,41,40,44,37,33,31,37,40,47,57,40,38,38,36,25,35,48,27,39,42,25,34,48,38,38,43,32,43,31,61,47,29,27,43,51,61,23,31,40,23,26,39,29,43,48,41,42,27,50,26,27,46,30,31,32,0,40,51,41,44,38,48,48,37,31,37,63,31,26,38,49,28,39,37,41,45,51,42,51,47,30,49,30,28,63,48,34,49,46,51,49,42,38,63,41,39,62,63,28,41,63,52,46,34,43,30,49,19,40,26,20,32,32,26,51,44,44,40,63,37,28,48,48,41,63,43,2,52,46,26,28,44,48,26,63
31,36,38,32,39,24,31,42,50,39,31,36,32,50,36,32,35,28,38,31,16,27,37,46,26,30,39,27,26,37,32,8,43,30,28,30,30,20,38,28,27,50,32,35,29,41,38,33,23,28,35,35,26,25,30,25,14,38,37,22,27,33,38,26,24,20,32,39,16,32,35,30,26,43,18,30,22,33,27,38,27,19,49,37,37,37,27,41,50,37,38,38,37,36,22,25,35,38,31,24,41,35,36,41,35,36,21,32,40,0,37,31,29,22,32,34,8,41,14,50,21,32,36,39,36,21,10,31,29,41,35,37,29,36,33,36,32,50,38,26,37,30,41,39,24,22,50,31,23,49,50,32,31,48,41,34,36,42,36,32,31,8,36,36,38,42,36,39,30,27,10,50,14,38,28,32,21,50,35,40,37,36,36,38,38,32,30,49
25,18,18,30,10,49,26,36,26,29,23,34,35,26,32,35,10,20,18,25,25,25,39,51,24,11,39,25,36,41,35,35,34,18,25,22,24,20,23,16,25,28,30,25,7,41,33,25,30,23,46,46,28,28,22,25,29,44,39,29,25,11,41,30,21,22,27,39,28,17,46,23,22,41,23,11,22,26,24,32,9,41,33,13,39,41,18,14,28,39,44,30,39,32,29,43,26,20,23,22,41,34,30,41,27,29,41,30,51,37,0,23,11,22,14,11,31,41,31,26,41,34,28,8,30,30,31,21,13,10,23,4,28,37,12,29,35,26,10,23,10,30,14,10,22,20,26,23,30,23,24,35,21,26,16,14,29,34,33,13,44,35,37,37,32,43,37,10,11,25,37,22,29,37,30,14,30,26,27,51,10,22,37,37,13,14,34,33
18,20,20,23,20,35,17,32,35,22,18,23,29,35,21,29,24,22,18,28,19,18,32,40,18,20,32,18,30,30,29,31,38,7,22,13,21,13,17,13,18,35,23,22,19,26,33,16,22,15,32,36,22,20,11,22,25,32,32,19,18,18,43,24,21,15,29,32,22,18,32,18,19,22,19,19,15,17,22,13,21,35,34,14,32,30,20,19,35,32,30,27,32,21,17,29,28,20,4,19,30,42,21,30,22,27,35,23,41,31,23,0,20,15,17,17,25,26,25,35,35,27,19,20,21,24,25,10,21,23,31,23,30,23,18,27,29,35,20,13,20,28,21,20,19,15,35,2,22,35,35,29,8,35,24,18,23,32,19,19,38,31,23,27,13,37,23,23,20,22,29,33,25,19,32,17,24,35,37,41,22,16,23,19,22,18,27,34
24,20,20,29,12,41,25,38,28,28,24,36,28,29,31,28,10,27,20,29,16,20,38,50,15,1,38,20,30,40,28,29,36,21,23,21,19,17,25,19,20,29,29,24,4,40,28,26,24,16,37,39,19,22,21,26,21,42,38,21,20,8,43,25,14,20,34,38,21,12,39,22,22,40,18,9,18,25,26,31,6,33,37,22,38,40,25,18,29,38,42,29,38,31,21,35,33,22,22,24,40,42,31,40,28,36,33,29,44,29,11,20,0,18,8,9,23,40,23,29,33,33,27,14,31,26,23,22,2,19,28,11,34,30,8,36,28,29,9,16,16,32,18,12,24,20,29,20,24,26,28,28,22,28,21,9,36,38,32,10,37,29,30,30,31,45,28,19,1,26,25,26,21,28,36,10,26,29,34,44,8,24,30,28,7,7,33,35
12,20,22,11,19,36,15,32,35,20,12,24,18,35,19,18,20,10,22,21,10,14,26,36,14,18,26,14,25,26,18,22,33,14,17,14,15,4,23,10,14,35,11,14,19,28,26,14,15,18,31,33,17,12,14,13,16,32,26,26,14,18,38,19,12,6,17,26,13,20,33,14,6,30,8,18,2,19,12,21,19,24,35,21,26,26,12,26,35,24,32,19,24,19,26,30,26,22,15,10,28,35,19,28,21,25,24,11,38,22,22,15,18,0,18,18,16,28,14,35,24,21,17,19,19,15,16,15,19,26,25,20,22,24,19,25,18,35,18,20,17,20,26,19,10,4,35,15,15,35,35,18,15,35,28,16,25,31,21,21,29,22,24,24,21,35,22,26,18,13,20,33,16,24,22,18,15,35,30,38,20,20,24,24,20,18,19,35
21,18,18,26,15,46,22,37,24,23,21,34,32,29,28,32,13,25,18,25,22,15,35,47,15,8,35,15,27,37,32,34,35,12,19,18,14,14,24,12,15,29,26,19,8,37,30,23,25,20,43,43,19,23,18,25,28,41,35,26,15,7,42,21,18,18,32,35,23,11,43,19,22,37,22,8,18,22,25,28,10,38,31,13,35,37,23,18,29,35,41,24,35,28,26,40,29,20,19,22,37,43,28,37,27,34,38,26,48,32,14,17,8,18,0,8,28,37,28,29,38,30,24,15,28,27,28,19,10,18,22,14,33,34,7,34,32,27,15,20,15,31,20,15,22,18,29,17,25,26,28,32,19,26,23,9,34,37,30,14,41,34,34,34,28,44,34,18,8,25,32,26,28,34,35,4,27,27,30,48,11,22,34,34,14,3,30,31
21,18,18,26,6,46,22,37,26,25,21,34,32,28,28,32,11,25,18,27,20,19,35,47,19,9,35,18,31,37,32,34,34,12,23,18,20,16,24,12,19,28,26,21,5,37,32,23,25,20,43,43,23,23,18,25,28,41,35,26,19,5,44,25,18,16,32,35,25,12,43,19,22,37,22,5,18,22,25,28,7,38,35,11,35,37,23,17,28,35,41,26,35,28,26,40,31,20,19,20,37,43,28,37,27,34,38,26,48,34,11,17,9,18,8,0,26,37,28,28,38,30,24,6,28,27,26,19,11,15,28,11,33,34,2,34,32,28,7,20,7,31,19,7,20,18,28,17,25,25,26,32,19,24,21,8,34,37,30,11,41,34,34,34,28,44,34,15,6,25,32,26,28,34,35,8,27,28,34,48,9,22,34,34,10,8,30,35
25,30,32,26,31,28,25,36,44,33,25,30,19,44,30,19,29,22,32,25,8,23,31,43,22,22,31,23,21,31,19,14,37,24,24,24,26,16,32,22,23,44,26,29,23,33,25,27,18,22,32,32,22,19,24,19,8,35,31,16,23,27,38,22,18,12,26,31,12,28,32,24,20,35,12,26,16,27,21,32,21,16,43,31,31,31,21,35,44,29,35,32,29,30,16,22,29,32,25,16,33,35,30,33,29,30,18,26,37,8,31,25,23,16,28,26,0,33,8,44,18,26,30,33,30,16,2,25,24,35,31,31,25,23,29,30,19,44,32,20,31,24,35,31,16,16,44,25,18,43,44,19,25,42,35,28,30,36,30,28,28,14,23,23,32,36,23,33,22,21,12,44,8,25,27,28,16,44,32,37,31,30,23,25,32,28,24,43
20,38,38,21,38,23,27,32,53,24,22,14,24,53,21,24,42,33,36,31,30,29,20,30,29,40,22,29,33,20,24,41,39,27,33,29,25,27,39,31,29,53,21,24,39,4,28,22,29,30,10,22,31,32,27,32,33,18,20,31,29,38,47,30,34,28,26,22,31,40,10,28,32,18,30,37,28,27,34,15,39,29,53,34,18,20,31,39,53,22,6,25,22,21,31,15,29,38,26,32,16,45,21,16,32,26,29,21,31,41,41,26,40,28,37,37,33,0,33,53,29,19,27,38,23,29,33,28,41,41,30,41,34,18,38,26,24,53,38,28,38,37,39,38,32,28,53,26,29,53,53,24,28,53,44,38,16,32,10,41,28,41,12,24,17,27,12,41,40,32,35,53,33,20,37,37,31,53,33,31,42,36,12,20,40,38,21,53
25,30,32,24,29,28,25,36,44,33,25,30,13,42,30,13,31,16,32,25,10,23,31,43,22,24,31,23,25,31,15,8,37,24,26,24,28,16,32,22,23,44,24,27,23,33,25,27,18,22,32,32,22,17,24,21,4,35,31,16,23,27,38,22,18,14,24,29,18,28,32,24,18,35,12,28,14,29,21,32,23,16,45,31,31,31,21,35,44,29,35,30,29,30,16,20,29,32,23,20,33,29,30,33,29,30,16,24,37,14,31,25,23,14,28,28,8,33,0,44,16,24,30,29,26,18,8,25,24,35,31,29,25,21,29,30,15,42,28,20,27,24,35,29,18,16,44,25,18,41,44,15,25,44,35,28,28,36,30,28,26,10,21,23,32,38,23,35,24,21,14,42,6,25,27,28,18,44,32,37,31,30,23,25,24,28,24,45
39,25,25,44,29,60,36,45,22,37,39,45,49,2,42,49,27,37,23,38,39,37,53,63,37,30,53,37,47,53,49,48,48,26,36,32,38,34,33,26,37,10,44,37,29,53,45,39,43,35,58,58,40,43,32,33,42,57,53,38,37,28,38,42,35,35,46,53,42,29,58,35,35,53,37,28,35,34,39,44,29,54,30,25,53,53,35,24,20,53,57,42,53,44,38,54,41,25,35,35,53,51,44,51,31,44,54,44,63,50,26,35,29,35,29,28,44,53,44,0,54,48,36,29,44,43,44,35,31,28,42,28,45,49,29,46,49,10,28,35,29,45,26,29,35,33,16,35,43,26,20,49,35,20,31,26,46,44,46,27,58,48,49,49,44,52,49,28,30,33,50,14,42,49,47,25,43,14,43,63,27,31,49,49,28,26,48,30
25,40,42,14,39,22,32,37,54,33,25,28,8,54,26,10,41,27,42,33,22,30,31,37,29,34,29,30,30,31,6,21,36,34,33,34,28,26,42,32,30,54,12,27,33,29,26,27,28,32,26,28,25,29,34,31,18,31,33,26,30,37,46,29,28,26,18,29,23,38,26,27,28,35,22,38,24,32,31,24,33,2,55,41,31,31,31,45,54,29,29,28,29,26,26,16,37,42,35,30,35,38,26,33,39,30,4,14,31,21,41,35,33,24,38,38,18,29,16,54,0,28,32,39,28,28,18,35,34,45,32,39,37,24,39,30,10,54,38,30,37,34,45,39,30,26,54,35,28,53,54,8,35,54,45,38,28,35,24,38,20,21,20,22,24,34,20,45,34,31,21,52,18,20,38,38,28,54,32,31,41,40,20,20,34,38,26,55
11,33,35,14,31,34,24,31,48,23,11,19,22,48,18,22,35,26,35,24,23,22,11,27,22,33,13,22,34,17,22,32,28,26,26,26,16,20,36,20,22,48,14,19,32,19,28,19,22,31,25,29,24,25,26,25,24,27,11,32,22,31,46,23,23,21,19,11,24,33,25,19,25,19,23,30,21,24,27,18,32,28,48,33,11,17,24,38,48,11,23,20,11,18,32,28,28,35,25,25,23,40,18,23,29,23,28,14,26,32,34,27,33,21,30,30,26,19,24,48,28,0,24,31,20,22,26,27,34,38,25,34,29,26,31,23,22,48,31,29,31,30,38,31,25,21,48,27,22,48,48,22,27,48,41,31,19,31,15,34,17,32,22,26,18,20,22,38,33,25,30,48,26,26,33,30,24,48,29,26,35,33,22,26,33,31,6,48
15,27,25,20,25,36,6,27,38,11,15,24,26,36,18,26,29,22,27,23,24,10,29,37,10,27,29,10,24,27,26,36,33,18,14,12,16,16,24,20,10,36,20,15,26,27,26,13,29,23,33,33,18,27,12,21,30,29,29,30,10,25,42,18,23,17,26,29,24,27,33,11,19,29,24,24,15,2,23,20,26,32,36,23,29,27,22,26,36,29,31,20,29,18,30,30,19,27,19,21,27,30,18,27,21,24,32,20,38,36,28,19,27,17,24,24,30,27,30,36,32,24,0,25,18,29,28,19,28,24,26,28,25,24,25,24,26,36,25,21,25,23,26,25,21,17,34,19,29,36,38,26,19,38,27,23,24,27,20,28,35,36,24,24,20,30,24,24,27,17,36,36,30,26,29,22,27,36,32,38,29,21,24,26,27,23,24,36
22,15,15,27,4,47,25,34,23,26,22,35,33,29,29,33,12,26,19,22,27,26,36,48,24,14,36,23,36,38,33,33,36,15,18,19,21,17,25,13,26,29,27,22,10,38,31,24,30,21,44,44,28,30,19,26,27,42,36,27,26,8,45,30,19,23,33,36,30,15,44,20,23,38,21,7,19,23,26,29,12,39,32,14,36,38,24,16,25,36,42,27,36,29,27,41,28,17,20,19,38,38,29,38,28,35,39,27,49,39,8,20,14,19,15,6,33,38,29,29,39,31,25,0,29,32,33,20,16,12,29,8,32,35,9,35,33,25,6,21,4,30,16,10,19,17,29,20,30,26,23,33,20,23,18,13,35,34,31,16,42,33,35,35,29,41,35,12,15,26,37,21,27,35,34,15,32,25,33,49,6,23,35,35,9,9,31,32
15,29,29,16,29,32,18,28,44,19,13,20,22,44,8,22,33,24,29,22,19,20,25,33,20,31,25,20,34,23,22,32,34,20,24,20,18,18,30,22,20,44,16,19,30,23,24,7,29,23,29,23,22,21,20,23,26,29,25,26,20,29,44,28,25,19,22,25,22,31,29,19,23,25,19,28,19,18,25,16,30,28,44,27,25,23,24,32,44,25,27,18,25,8,26,26,24,29,21,23,17,40,6,17,23,14,28,16,28,36,30,21,31,19,28,28,30,23,26,44,28,20,18,29,0,29,30,19,32,30,21,30,27,18,29,14,22,44,29,23,29,25,30,29,23,19,44,21,29,44,44,22,19,44,33,29,20,28,16,32,31,32,20,14,16,30,20,30,31,23,34,44,26,22,29,28,29,44,27,28,33,27,20,22,31,29,20,44
24,29,31,25,32,37,24,31,43,32,24,25,21,43,29,21,28,21,31,28,13,22,27,39,21,27,27,22,27,29,21,23,37,23,25,23,27,15,31,21,22,43,25,28,26,29,27,24,4,25,34,34,21,18,23,18,18,31,27,25,22,26,39,22,21,13,25,27,15,27,34,21,19,31,15,25,15,24,20,31,24,28,42,30,27,29,20,34,43,27,31,31,27,29,25,32,32,31,24,17,29,36,29,29,28,29,28,25,39,21,30,24,26,15,27,27,16,29,18,43,28,22,29,32,29,0,16,24,26,34,30,30,25,25,28,25,21,43,31,23,30,23,34,32,17,15,43,24,2,42,43,21,24,41,35,27,25,33,21,27,30,23,25,25,31,32,25,32,27,18,21,43,18,27,27,27,4,43,31,39,30,29,25,27,31,27,22,42
25,30,32,26,31,26,25,36,44,33,25,30,19,44,30,19,29,22,32,25,8,23,31,43,22,22,31,23,23,31,19,14,37,24,26,24,28,16,32,22,23,44,26,29,23,33,25,27,18,22,32,32,22,19,24,19,8,35,31,16,23,27,38,22,18,12,26,31,14,28,32,24,20,35,12,26,16,27,21,32,21,16,43,31,31,31,21,35,44,29,35,32,29,30,16,22,29,32,25,14,33,35,30,33,29,30,18,26,37,10,31,25,23,16,28,26,2,33,8,44,18,26,28,33,30,16,0,25,24,35,31,31,25,23,29,30,19,44,32,20,31,24,35,31,16,16,44,25,18,43,44,19,25,42,35,28,30,36,30,28,28,14,23,23,32,36,23,33,22,21,12,44,8,25,27,28,16,44,32,37,31,30,23,25,32,28,24,43
18,20,20,23,20,37,17,34,35,22,16,25,29,35,21,29,24,22,20,28,19,20,32,40,20,22,32,20,32,30,29,31,40,7,24,11,21,13,21,13,20,35,23,22,21,28,33,14,24,9,34,36,24,22,13,22,25,30,32,17,20,20,43,26,15,15,29,32,22,22,34,18,19,28,19,19,15,17,22,19,21,35,36,18,32,30,20,23,35,32,32,27,32,21,17,31,28,20,8,19,30,42,19,30,22,27,35,23,41,31,21,10,22,15,19,19,25,28,25,35,35,27,19,20,19,24,25,0,23,21,31,21,30,25,20,27,29,35,20,11,20,28,21,20,19,15,35,8,24,35,35,29,2,35,24,20,25,34,21,23,38,31,25,27,19,37,25,21,22,22,31,35,25,25,32,19,24,35,37,41,24,18,25,25,22,20,27,36
25,22,22,30,14,41,26,39,30,29,25,37,29,31,32,29,12,28,22,30,17,21,39,51,16,3,39,21,31,41,29,29,35,23,24,24,20,18,26,21,21,31,30,25,6,41,27,27,24,17,38,40,18,23,24,27,22,43,39,22,21,10,43,24,15,21,35,39,22,7,40,23,23,41,19,11,19,26,27,32,8,34,38,24,39,41,26,20,31,39,43,30,39,32,22,36,34,24,23,25,41,42,32,41,29,37,34,30,45,29,13,21,2,19,10,11,24,41,24,31,34,34,28,16,32,26,24,23,0,21,27,13,35,31,10,37,29,29,11,17,18,33,20,14,25,21,31,21,24,28,30,29,23,30,22,11,37,39,33,11,38,29,31,31,32,46,29,21,3,27,25,28,22,29,37,12,26,31,35,45,10,25,31,29,11,9,34,36
29,20,18,34,12,49,20,34,26,25,27,34,39,28,32,39,16,24,18,31,29,29,43,51,28,19,43,29,40,41,39,41,38,18,29,20,28,24,17,20,29,28,34,29,17,41,39,25,34,23,46,46,32,32,20,29,35,44,43,29,29,15,43,34,25,26,31,43,32,21,46,27,26,41,29,15,26,22,28,32,17,45,35,11,43,41,22,12,28,43,44,34,43,32,29,43,18,20,23,26,39,42,30,41,27,29,45,34,51,41,10,23,19,26,18,15,35,41,35,28,45,38,24,12,30,34,35,21,21,0,27,10,32,37,16,27,39,28,16,23,16,34,10,16,26,26,28,23,34,25,24,39,21,26,6,18,29,34,33,21,48,41,37,37,32,41,37,2,19,29,41,24,35,37,34,18,34,28,33,51,16,20,37,37,19,18,38,35
19,31,31,17,29,38,26,23,36,21,21,23,26,42,21,26,27,21,31,20,26,22,30,42,21,28,30,22,31,32,26,37,23,30,22,30,14,22,33,28,22,42,17,17,29,30,24,23,30,32,35,39,23,28,30,27,31,35,32,35,22,28,41,25,30,25,18,30,25,28,35,23,25,32,26,26,25,26,24,19,29,32,38,33,30,32,21,29,42,30,33,19,30,21,35,32,17,33,31,25,34,39,21,34,31,22,32,17,42,35,23,31,28,25,22,28,31,30,31,42,32,25,26,29,21,30,31,31,27,27,0,23,28,30,27,22,26,42,29,32,29,26,29,29,25,25,42,31,30,41,38,26,31,42,30,25,20,23,22,29,35,37,28,30,25,34,26,27,28,27,33,40,31,30,30,26,30,42,8,42,27,33,26,30,28,25,25,38
25,18,18,28,10,49,26,36,24,29,23,34,33,28,32,33,10,18,18,27,25,25,39,51,24,11,39,25,36,41,33,37,34,18,25,22,24,20,23,16,25,28,28,23,11,41,35,25,30,23,46,46,28,28,22,25,31,44,39,29,25,11,43,30,21,22,25,39,28,17,46,21,20,41,25,11,20,26,24,32,9,39,35,13,39,41,18,14,28,39,44,28,39,32,29,43,26,20,23,22,41,36,30,41,27,29,39,28,51,37,4,23,11,20,14,11,31,41,29,28,39,34,28,8,30,30,31,21,13,10,23,0,28,37,12,29,33,28,10,23,10,30,14,10,22,22,28,23,30,23,24,33,21,26,16,14,27,36,33,15,44,37,37,37,32,43,37,10,11,25,37,22,31,37,30,14,30,26,29,51,10,22,37,37,13,14,34,35
22,32,34,23,32,41,30,37,47,30,22,32,31,47,27,31,34,23,34,31,22,28,36,48,27,33,36,28,28,38,31,31,31,29,28,27,25,21,34,27,28,45,23,26,33,34,27,24,25,32,38,42,28,22,27,24,25,40,34,31,27,33,41,29,28,22,27,36,24,34,38,23,20,38,22,32,20,24,20,29,33,37,47,36,34,38,18,32,47,36,36,29,36,27,29,35,30,34,30,22,38,34,27,38,30,31,37,23,47,29,28,30,34,22,33,33,25,34,25,45,37,29,25,32,27,25,25,30,35,32,28,28,0,29,33,31,31,47,31,30,32,20,30,30,22,22,45,30,25,44,47,31,30,47,34,34,31,38,27,35,40,31,31,33,29,39,29,32,34,24,29,47,25,35,6,33,23,47,23,47,34,32,29,35,32,34,31,47
19,34,34,22,35,22,24,29,47,23,19,18,18,49,20,18,38,29,30,27,20,26,28,36,25,30,28,26,32,26,18,36,35,24,29,26,20,24,34,28,26,49,22,23,29,20,18,19,25,20,19,25,21,27,24,30,21,26,26,21,26,33,40,26,24,24,26,26,21,34,19,23,28,24,20,34,24,24,29,18,29,24,49,31,26,26,29,35,49,28,18,22,28,20,21,16,27,34,21,28,26,40,20,26,32,24,24,22,30,36,37,23,30,24,34,34,23,18,21,49,24,26,24,35,18,25,23,25,31,37,30,37,29,0,35,24,18,49,34,18,35,32,35,35,28,24,49,23,25,46,49,18,25,49,36,34,18,29,14,33,27,36,6,16,18,29,10,37,30,30,34,49,23,14,30,34,27,49,23,30,38,32,10,14,30,34,28,49
22,19,19,27,7,47,23,38,27,26,22,35,33,29,29,33,8,26,19,28,23,18,36,48,18,9,36,17,30,38,33,35,35,13,22,19,19,15,25,13,18,27,27,22,8,38,33,24,26,21,44,44,22,23,19,26,29,42,36,27,19,2,45,24,19,19,33,36,24,11,44,20,23,38,23,4,19,23,26,29,10,39,36,16,36,38,24,18,29,36,42,27,36,29,27,41,32,21,20,23,38,44,29,38,28,35,39,27,49,33,12,18,8,19,7,2,29,38,29,29,39,31,25,9,29,28,29,20,10,16,27,12,33,35,0,35,33,29,5,21,7,31,20,5,23,19,27,18,26,26,27,33,20,27,22,7,35,38,31,12,42,35,35,35,29,45,35,16,5,26,31,27,29,35,35,7,28,29,35,49,6,23,35,35,11,7,31,36
21,31,31,20,35,34,22,28,46,25,21,19,24,46,8,24,35,21,31,26,26,26,28,36,25,36,28,26,30,26,24,36,32,26,26,26,24,24,31,28,26,46,20,25,35,26,30,15,25,30,31,21,27,28,26,25,30,31,26,31,26,34,40,28,30,25,16,28,27,36,31,25,25,28,26,34,25,24,26,20,35,30,46,33,28,26,21,29,46,28,29,26,26,8,31,28,21,31,27,25,14,36,8,16,25,4,30,20,30,36,29,27,36,25,34,34,30,26,30,46,30,23,24,35,14,25,30,27,37,27,22,29,31,24,35,0,24,46,35,28,35,29,29,35,25,25,46,27,29,45,46,24,27,46,30,35,14,24,18,37,33,36,22,12,20,28,22,29,36,25,36,46,30,24,33,34,29,46,31,30,35,29,22,24,36,35,21,46
19,34,36,8,33,26,26,31,49,27,19,22,4,49,20,2,36,21,36,27,16,24,22,34,23,28,20,24,32,22,4,32,31,28,27,28,22,20,36,26,24,49,8,21,27,24,20,21,21,26,23,25,19,23,28,26,19,26,24,27,24,31,44,24,22,20,12,20,17,32,23,21,22,24,16,32,18,26,25,18,27,10,49,35,22,22,25,39,49,20,24,22,20,18,27,20,31,36,29,24,26,38,20,26,34,24,6,6,28,32,35,29,28,18,32,32,19,24,15,49,10,22,26,33,22,21,19,29,29,39,26,33,31,18,33,24,0,49,32,24,31,28,39,33,24,20,49,29,21,48,49,4,29,49,40,32,22,31,18,33,19,32,14,16,18,29,14,39,28,26,30,47,19,14,26,32,25,49,19,28,36,34,14,12,28,32,20,49
39,25,25,44,29,60,36,45,22,37,39,45,49,8,42,49,27,37,25,38,39,37,53,63,37,30,53,37,49,53,49,46,50,26,38,32,38,34,33,26,37,20,44,37,29,53,45,39,43,33,58,58,42,43,32,33,42,57,53,40,37,28,42,44,35,35,46,53,42,31,58,35,35,53,37,28,35,34,37,44,29,54,28,25,53,53,35,26,22,53,57,42,53,44,40,52,39,25,35,35,53,51,44,51,33,44,54,44,63,50,26,35,29,35,27,28,44,53,42,10,54,48,36,25,44,43,44,35,29,28,42,28,47,49,29,46,49,0,28,35,25,45,26,29,35,33,22,35,43,24,22,49,35,22,31,28,46,44,46,25,58,46,49,49,44,52,49,28,28,33,50,16,42,49,49,29,43,8,41,63,27,31,49,49,28,28,48,28
22,14,18,27,2,46,23,38,26,26,22,34,32,28,29,32,11,26,18,25,26,26,36,48,26,10,36,26,35,38,32,32,37,15,21,19,21,17,24,13,26,28,27,22,13,38,30,24,29,20,43,43,29,25,19,25,26,42,36,26,21,5,44,31,18,22,33,36,29,18,43,20,22,38,18,6,18,23,26,29,13,38,29,18,36,38,24,16,24,36,42,27,36,29,26,40,28,16,20,18,38,41,29,38,27,35,38,27,48,38,10,20,9,18,15,7,32,38,28,28,38,31,25,6,29,31,32,20,11,16,29,10,31,34,5,35,32,28,0,20,7,31,16,1,18,14,28,20,29,25,26,32,20,26,17,12,33,37,31,15,41,32,34,34,29,45,34,12,13,25,34,24,26,34,33,15,31,28,30,48,1,22,34,34,5,14,31,29
20,20,20,25,21,30,19,32,35,24,20,24,24,35,21,24,24,21,18,29,14,22,34,42,21,16,34,22,31,32,24,26,40,10,23,19,23,20,20,14,22,35,25,24,15,28,28,18,23,6,27,27,19,22,17,23,20,32,34,6,22,19,42,25,10,16,30,34,17,20,27,20,20,28,14,20,18,19,22,19,15,30,31,17,34,32,17,21,31,34,30,29,34,23,8,24,29,20,11,16,32,41,23,30,23,26,30,25,34,26,23,13,16,20,20,20,20,28,20,35,30,29,21,21,23,23,20,11,17,23,32,23,30,18,21,28,24,35,20,0,21,28,21,21,20,16,35,11,23,34,35,24,13,35,24,18,24,32,20,21,33,26,18,18,19,37,18,23,16,23,26,35,20,18,32,20,23,35,36,34,24,18,18,18,16,20,29,37
22,15,15,25,8,47,25,34,23,26,22,35,31,29,29,31,12,24,19,24,25,26,36,48,24,15,36,26,38,38,31,35,38,15,20,19,21,17,25,13,26,29,25,20,12,38,33,24,32,21,44,44,30,24,19,26,29,42,36,27,23,8,45,32,19,21,31,36,28,17,44,18,21,38,23,6,17,23,24,29,10,37,30,14,36,38,24,16,25,36,42,25,36,29,27,41,28,17,20,17,38,40,29,38,28,35,37,25,49,37,10,20,16,17,15,7,31,38,27,29,37,31,25,4,29,30,31,20,18,16,29,10,32,35,7,35,31,25,7,21,0,30,16,6,17,19,29,20,32,26,23,31,20,21,18,15,35,34,31,18,42,35,35,35,29,41,35,12,16,26,39,21,29,35,34,15,30,25,35,49,8,23,35,35,12,11,31,30
20,30,32,21,30,44,28,31,45,28,20,30,28,45,25,28,32,17,32,29,18,26,35,47,25,31,35,26,29,35,28,30,38,27,24,27,23,19,32,25,26,45,21,24,31,37,28,22,23,30,41,41,26,16,27,22,24,39,35,31,25,31,38,27,26,18,25,35,22,32,41,25,20,39,20,30,20,28,12,27,31,34,43,34,35,35,20,34,43,33,39,27,31,25,31,38,28,32,28,20,37,35,25,37,28,29,34,21,46,30,30,28,32,20,31,31,24,37,24,45,34,30,23,30,25,23,24,28,33,34,26,30,20,32,31,29,28,45,31,28,30,0,34,30,20,20,45,28,19,42,43,28,28,45,36,32,29,36,29,33,37,30,32,32,27,34,32,34,32,22,30,45,24,34,22,31,19,45,34,46,32,30,32,34,30,32,26,45
29,20,20,34,16,47,24,28,27,27,27,32,39,26,30,39,20,24,16,33,29,31,43,51,30,18,43,31,42,41,39,41,42,18,31,18,30,24,21,20,31,26,34,31,20,39,41,25,34,19,44,46,34,32,16,29,35,44,43,27,31,19,47,36,25,26,31,43,32,23,44,29,26,39,29,19,26,24,28,30,20,45,33,12,43,41,22,6,28,43,42,36,43,32,27,41,24,20,21,26,41,44,30,39,27,29,45,34,51,41,14,21,18,26,20,19,35,39,35,26,45,38,26,16,30,34,35,21,20,10,29,14,30,35,20,29,39,26,16,21,16,34,0,16,26,26,26,21,34,20,25,39,21,27,19,20,27,28,31,24,48,41,35,37,30,37,35,10,18,29,41,25,35,35,32,20,34,28,35,51,20,18,35,35,22,20,38,33
22,15,19,27,2,47,23,38,27,26,22,35,33,29,29,33,10,26,19,26,25,26,36,48,26,11,36,26,36,38,33,33,36,15,20,19,21,17,25,13,26,29,27,22,12,38,31,24,30,21,44,44,28,24,19,26,27,42,36,27,21,6,45,30,19,21,33,36,30,17,44,20,23,38,21,6,19,23,26,29,14,39,32,18,36,38,24,16,25,36,42,27,36,29,27,41,28,17,20,17,38,42,29,38,28,35,39,27,49,39,10,20,12,19,15,7,31,38,29,29,39,31,25,10,29,32,31,20,14,16,29,10,30,35,5,35,33,29,1,21,6,30,16,0,17,17,29,20,30,26,27,33,20,27,18,11,33,38,31,16,42,33,35,35,29,45,35,12,12,26,35,27,27,35,32,15,32,29,33,49,2,23,35,35,6,13,31,32
16,16,18,19,17,40,19,32,35,24,16,20,22,35,23,22,14,12,18,17,8,18,30,42,18,24,30,18,29,30,24,24,33,18,13,18,19,10,23,16,18,35,19,20,23,32,30,18,19,22,37,37,21,18,18,13,18,36,30,22,18,22,38,23,18,4,21,30,13,24,37,12,6,34,14,20,10,15,14,25,21,30,29,25,30,30,12,26,31,28,36,25,28,23,22,34,26,18,19,2,32,33,23,32,21,25,30,19,42,24,22,19,24,10,22,20,16,32,18,35,30,25,21,19,23,17,16,19,25,26,25,22,22,28,23,25,24,35,18,20,17,20,26,17,0,10,35,19,19,35,35,24,19,33,26,22,25,31,25,25,31,24,28,28,25,33,28,24,24,13,24,35,18,30,24,22,17,35,30,42,16,16,28,30,20,22,23,29
12,20,22,15,17,36,15,32,35,20,12,24,20,33,19,20,22,14,22,19,10,14,26,36,14,20,26,14,25,26,20,20,33,14,17,14,15,4,23,10,14,35,15,16,17,28,24,14,15,18,33,33,17,14,14,13,14,32,26,26,14,16,36,19,12,6,21,26,13,18,33,16,10,30,4,18,6,19,12,21,17,26,33,21,26,26,12,26,35,24,32,21,24,19,26,30,26,22,15,10,28,33,19,28,21,25,26,15,38,22,20,15,20,4,18,18,16,28,16,33,26,21,17,17,19,15,16,15,21,26,25,22,22,24,19,25,20,33,14,16,19,20,26,17,10,0,35,15,15,35,35,20,15,33,28,18,25,31,21,21,29,20,24,24,21,35,24,26,20,13,22,33,14,26,22,18,15,33,26,38,22,20,24,26,16,16,19,33
39,25,25,44,29,60,34,43,20,35,39,45,49,18,44,49,27,39,23,40,39,37,53,63,37,30,53,37,47,53,49,50,48,26,36,30,38,34,33,26,37,6,44,37,29,53,45,39,43,35,58,58,40,43,30,33,44,57,53,38,37,28,46,42,35,35,46,53,42,29,58,35,35,53,39,28,35,32,39,44,29,54,32,27,53,53,37,26,16,53,57,42,53,44,38,54,39,25,35,35,53,53,44,53,31,46,54,44,63,50,26,35,29,35,29,28,44,53,44,16,54,48,34,29,44,43,44,35,31,28,42,28,45,49,27,46,49,22,28,35,29,45,26,29,35,35,0,35,43,16,18,49,35,18,31,24,46,40,46,27,58,50,49,49,44,50,49,28,30,33,50,24,44,49,47,25,43,22,45,63,27,29,49,49,30,26,48,32
18,20,20,23,20,35,17,32,35,22,18,23,29,35,21,29,24,22,18,28,19,18,32,40,18,20,32,18,30,30,29,31,38,7,22,13,21,13,19,13,18,35,23,22,19,26,33,16,22,17,32,36,22,20,11,22,25,32,32,17,18,18,43,24,19,15,29,32,22,18,32,18,19,22,19,19,15,17,22,13,21,35,36,14,32,30,20,19,35,32,30,27,32,21,15,29,28,20,2,19,30,42,21,30,22,27,35,23,41,31,23,2,20,15,17,17,25,26,25,35,35,27,19,20,21,24,25,8,21,23,31,23,30,23,18,27,29,35,20,11,20,28,21,20,19,15,35,0,22,35,35,29,10,35,24,18,23,32,19,19,38,31,23,27,13,37,23,23,20,22,29,33,25,19,32,17,24,35,37,41,22,16,23,19,22,18,27,36
24,29,31,25,30,37,24,31,43,32,24,25,21,43,29,21,30,21,31,28,15,20,27,39,19,25,27,20,25,29,21,23,35,21,23,23,27,15,31,21,20,43,25,28,24,29,27,24,2,25,34,34,19,16,23,18,18,31,27,25,20,24,39,20,21,15,25,27,17,25,34,21,19,31,15,27,15,24,20,31,26,28,44,28,27,29,20,32,43,27,31,31,27,29,25,32,32,31,24,19,29,36,29,29,28,29,28,25,39,23,30,22,24,15,25,25,18,29,18,43,28,22,29,30,29,2,18,24,24,34,30,30,25,25,26,29,21,43,29,23,32,19,34,30,19,15,43,22,0,42,43,21,24,43,35,25,25,33,21,25,30,23,25,25,31,34,25,34,25,18,19,43,18,27,27,25,6,43,31,39,28,29,25,27,29,25,22,44
39,29,29,44,26,59,32,42,16,35,39,45,48,24,44,48,24,38,27,40,38,39,53,63,38,27,53,39,48,53,48,47,49,30,34,30,36,34,32,30,39,22,44,37,25,53,46,39,42,34,57,57,41,42,30,37,43,56,53,39,39,24,47,43,34,35,45,53,41,30,57,37,35,53,38,25,35,34,36,44,25,53,32,26,53,53,36,20,22,53,56,42,53,44,39,51,40,29,35,35,53,52,44,53,37,45,53,44,62,49,23,35,26,35,26,25,43,53,41,26,53,48,36,26,44,42,43,35,28,25,41,23,44,46,26,45,48,24,25,34,26,42,20,26,35,35,16,35,42,0,22,48,35,24,27,25,45,39,45,26,57,47,46,48,44,49,48,25,27,37,49,26,43,48,46,28,42,26,46,62,24,29,48,48,27,23,48,32
39,29,29,44,27,58,36,45,10,39,39,45,49,20,44,49,25,39,29,40,39,39,53,63,39,29,53,39,49,53,49,50,50,30,38,32,36,34,33,30,39,14,44,39,27,53,49,39,43,35,58,58,42,43,32,33,44,57,53,40,39,26,46,44,35,35,46,53,42,31,58,37,35,53,39,26,35,36,37,44,27,54,30,22,53,53,37,25,20,53,57,44,53,44,40,54,39,29,35,35,53,55,44,53,33,46,54,44,63,50,24,35,28,35,28,26,44,53,44,20,54,48,38,23,44,43,44,35,30,24,38,24,47,49,27,46,49,22,26,35,23,43,25,27,35,35,18,35,43,22,0,49,35,8,30,27,46,44,46,30,58,50,49,49,44,52,49,24,29,33,50,14,44,49,49,28,43,20,47,63,25,31,49,49,29,27,48,30
19,34,36,8,33,26,26,31,49,27,19,22,2,49,20,4,36,21,36,27,16,24,22,34,23,28,20,24,32,22,2,32,31,28,27,28,22,20,34,26,24,49,6,21,27,24,20,21,21,24,23,25,19,23,28,26,19,26,24,27,24,31,44,24,22,20,12,20,17,32,23,21,22,26,16,32,18,26,25,18,27,8,49,35,22,22,25,39,49,18,24,22,20,20,27,20,31,36,29,24,26,38,20,26,34,24,10,8,28,32,35,29,28,18,32,32,19,24,15,49,8,22,26,33,22,21,19,29,29,39,26,33,31,18,33,24,4,49,32,24,31,28,39,33,24,20,49,29,21,48,49,0,29,49,40,32,22,31,18,33,17,32,14,16,18,29,14,39,28,26,30,47,19,14,26,32,25,49,19,28,36,32,14,14,28,32,20,49
18,20,20,23,20,37,17,34,35,22,16,25,29,35,21,29,24,22,20,28,19,20,32,40,20,22,32,20,32,30,29,31,40,7,24,11,21,13,19,13,20,35,23,22,21,28,33,14,24,11,34,36,24,22,13,22,25,30,32,19,20,20,43,26,17,15,29,32,22,22,34,18,19,28,19,19,15,17,22,19,21,35,34,18,32,30,20,23,35,32,32,27,32,21,19,31,28,20,10,19,30,42,19,30,22,27,35,23,41,31,21,8,22,15,19,19,25,28,25,35,35,27,19,20,19,24,25,2,23,21,31,21,30,25,20,27,29,35,20,13,20,28,21,20,19,15,35,10,24,35,35,29,0,35,24,20,25,34,21,23,38,31,25,27,19,37,25,21,22,22,31,35,25,25,32,19,24,35,37,41,24,18,25,25,22,20,27,34
39,29,29,42,27,60,34,45,14,39,39,45,49,22,44,49,23,37,29,40,37,39,53,63,37,29,53,39,49,53,49,50,50,30,36,32,38,34,33,30,39,16,42,37,25,53,49,39,43,35,58,58,40,43,32,33,44,57,53,38,39,26,48,42,35,33,44,53,38,27,58,35,35,53,37,24,35,36,37,44,23,54,26,22,53,53,37,25,22,53,57,42,53,44,38,54,41,29,35,33,53,55,44,53,31,46,54,42,63,48,26,35,28,35,26,24,42,53,44,20,54,48,38,23,44,41,42,35,30,26,42,26,47,49,27,46,49,22,26,35,21,45,27,27,33,33,18,35,43,24,8,49,35,0,30,27,46,44,46,30,58,50,49,49,44,50,49,24,29,33,50,16,44,49,49,26,41,22,43,63,25,31,49,49,27,23,48,26
32,23,21,37,18,49,23,36,28,28,30,36,40,31,35,40,21,27,19,33,30,32,46,54,31,21,46,32,36,44,40,41,40,22,31,19,31,27,17,24,32,31,37,32,20,44,40,28,35,24,47,47,33,34,19,31,35,46,46,29,32,20,43,30,24,26,34,46,33,20,47,30,28,42,30,21,28,25,30,33,20,45,37,17,46,44,25,21,31,46,46,37,46,35,29,43,21,23,24,28,42,38,33,44,29,32,45,37,52,41,16,24,21,28,23,21,35,44,35,31,45,41,27,18,33,35,35,24,22,6,30,16,34,36,22,30,40,31,17,24,18,36,19,18,26,28,31,24,35,27,30,40,24,30,0,22,32,36,36,22,49,41,36,38,33,43,38,8,21,31,41,30,35,38,36,23,35,29,29,52,21,22,38,38,13,22,41,37
22,18,18,27,11,46,23,38,25,24,22,34,32,26,29,32,12,26,18,27,22,14,36,48,14,9,36,14,29,38,32,34,33,13,21,19,17,15,24,13,14,24,27,18,9,38,30,24,25,20,41,41,21,20,19,25,28,42,36,24,14,8,44,23,18,18,33,36,25,10,43,18,20,38,22,8,16,21,26,29,11,38,33,13,36,38,24,18,24,36,42,23,36,29,26,40,30,20,20,22,38,41,29,38,27,35,38,27,46,34,14,18,9,16,9,8,28,38,28,26,38,31,23,13,29,27,28,20,11,18,25,14,34,34,7,35,32,28,12,18,15,32,20,11,22,18,24,18,25,25,27,32,20,27,22,0,35,37,31,13,41,34,34,32,29,45,32,18,9,25,30,25,28,32,36,3,27,28,34,46,10,22,34,32,13,6,31,35
19,31,31,18,33,24,24,24,44,23,19,9,22,46,18,22,35,21,29,24,26,26,26,34,25,36,26,26,30,24,22,34,32,24,26,26,22,24,31,28,26,46,18,23,35,16,28,19,25,26,21,31,27,28,24,25,30,27,26,27,26,34,40,28,30,25,14,26,27,36,21,25,25,22,26,34,25,24,26,14,35,28,46,31,24,24,21,27,46,26,19,24,24,18,27,18,19,31,23,25,26,36,18,26,25,14,28,18,34,36,29,23,36,25,34,34,30,16,28,46,28,19,24,35,20,25,30,25,37,29,20,27,31,18,35,14,22,46,33,24,35,29,27,33,25,25,46,23,25,45,46,22,25,46,32,35,0,20,8,37,31,34,12,22,14,24,12,29,36,25,34,46,30,18,33,34,29,46,29,34,35,29,12,18,34,35,19,46
28,35,35,26,38,39,27,11,44,26,28,24,31,44,28,31,37,32,31,30,32,33,36,44,32,38,36,33,36,34,29,42,24,33,32,29,29,31,31,35,33,44,28,30,37,32,35,26,33,32,36,40,31,35,27,33,36,39,38,35,33,36,44,34,36,31,22,36,31,38,36,32,31,34,32,37,31,27,33,26,37,35,42,30,36,34,32,26,44,36,35,32,36,28,35,33,28,35,32,31,34,42,28,34,33,24,37,28,43,42,34,32,38,31,37,37,36,32,36,44,35,31,27,34,28,33,36,34,39,34,23,36,38,29,38,24,31,44,37,32,34,36,28,38,31,31,40,32,33,39,44,31,34,44,36,37,20,0,24,39,40,42,27,31,24,28,27,34,38,33,42,44,36,29,40,37,31,44,27,43,37,31,27,29,38,37,31,42
13,31,31,14,31,18,20,24,46,17,15,7,18,46,14,18,35,25,29,24,22,22,22,30,21,32,22,22,34,20,18,36,32,20,26,22,18,20,31,24,22,46,14,17,31,8,22,15,21,22,15,27,23,24,20,25,30,21,22,23,22,30,44,24,26,21,18,22,23,32,15,21,25,18,22,30,21,20,24,8,31,24,46,27,20,20,25,31,46,22,13,18,22,14,23,12,21,31,19,25,22,40,14,22,25,18,24,14,30,36,33,19,32,21,30,30,30,10,30,46,24,15,20,31,16,21,30,21,33,33,22,33,27,14,31,18,18,46,31,20,31,29,31,31,25,21,46,19,21,45,46,18,21,46,36,31,8,24,0,33,27,36,8,18,10,24,6,33,32,25,32,46,30,14,29,30,29,46,23,30,35,29,6,14,32,31,17,46
25,18,18,28,16,46,24,39,28,29,25,37,33,27,32,33,16,26,18,30,23,23,39,51,22,11,39,23,29,41,33,34,35,19,24,22,24,20,26,17,22,27,28,23,10,41,33,27,25,21,44,44,22,25,22,27,28,43,39,26,23,10,44,24,19,21,33,39,24,13,44,21,25,39,23,13,21,26,27,30,12,38,38,24,39,41,26,24,31,39,43,28,39,32,26,40,34,20,21,25,41,43,32,41,29,37,38,28,49,32,13,19,10,21,14,11,28,41,28,27,38,34,28,16,32,27,28,23,11,21,29,15,35,33,12,37,33,25,15,21,18,33,24,16,25,21,27,19,25,26,30,33,23,30,22,13,37,39,33,0,42,34,33,35,30,46,35,19,11,27,32,30,28,35,37,14,27,27,35,49,14,25,35,35,11,13,34,38
26,43,45,23,42,39,35,40,58,36,26,31,15,58,29,17,45,34,45,36,23,33,20,27,32,37,16,33,36,22,17,29,37,37,36,37,31,29,45,33,33,58,21,32,36,28,29,30,30,35,24,26,28,32,37,35,26,30,22,36,33,40,52,33,29,27,27,16,24,41,24,32,33,20,25,41,29,35,34,29,36,20,58,44,20,22,32,48,58,6,28,33,8,29,36,26,40,45,38,33,30,41,29,30,43,33,22,23,19,31,44,38,37,29,41,41,28,28,26,58,20,17,35,42,31,30,28,38,38,48,35,44,40,27,42,33,19,58,41,33,42,37,48,42,31,29,58,38,30,57,58,17,38,58,49,41,31,40,27,42,0,29,23,25,29,29,23,48,37,35,31,58,26,25,41,41,34,58,36,19,45,43,23,25,37,41,13,58
31,36,38,32,33,24,31,42,50,39,31,36,32,46,36,32,37,26,38,29,16,29,37,46,28,30,39,29,28,37,32,2,41,30,32,28,34,22,38,28,29,50,32,35,29,41,34,33,23,28,35,35,28,23,28,27,10,38,37,22,29,33,36,28,24,20,32,39,24,34,35,32,24,43,16,34,20,35,27,38,29,21,49,37,37,37,27,41,50,37,38,38,37,36,22,23,35,38,31,26,41,29,36,41,35,36,21,32,40,8,35,31,29,22,34,34,14,41,10,48,21,32,36,33,32,23,14,31,29,41,37,37,31,36,35,36,32,46,32,26,35,30,41,33,24,20,50,31,23,47,50,32,31,50,41,34,34,42,36,34,29,0,36,36,38,42,36,41,30,27,10,48,8,38,32,34,23,48,33,40,37,36,36,38,28,34,30,49
19,34,34,18,35,16,24,27,47,23,19,12,14,49,18,14,38,29,30,27,20,26,24,32,25,30,24,26,32,22,14,36,33,24,29,26,20,24,34,28,26,49,18,23,29,14,20,19,25,20,13,23,21,27,24,30,21,22,24,21,26,33,42,26,24,24,22,22,21,34,13,23,28,20,20,34,24,24,29,14,29,20,49,31,22,22,29,35,49,24,12,24,24,18,21,10,27,34,21,28,24,40,18,24,32,22,20,18,26,36,37,23,30,24,34,34,23,12,21,49,20,22,24,35,20,25,23,25,31,37,28,37,31,6,35,22,14,49,34,18,35,32,35,35,28,24,49,23,25,46,49,14,25,49,36,34,12,27,8,33,23,36,0,14,14,25,4,37,30,30,34,49,23,10,30,34,27,49,21,26,38,32,4,10,30,34,24,49
21,34,34,20,35,26,24,31,49,25,21,22,16,49,6,16,38,27,34,29,20,26,26,34,25,30,26,26,34,24,16,36,35,26,29,26,24,24,34,28,26,49,20,25,29,24,22,15,25,24,23,9,21,27,26,30,23,26,24,21,26,33,44,26,24,24,24,26,21,34,23,25,28,26,20,34,24,24,29,20,29,22,47,33,26,24,27,37,45,26,24,26,26,8,23,20,29,34,27,28,14,40,8,12,32,10,22,20,20,36,37,27,30,24,34,34,23,24,23,49,22,26,24,35,14,25,23,27,31,37,30,37,33,16,35,12,16,49,34,18,35,32,37,35,28,24,49,27,25,48,49,16,27,49,38,32,22,31,18,35,25,36,14,0,20,29,14,37,30,30,34,49,23,16,30,34,27,49,23,20,38,32,14,16,30,34,26,49
17,29,29,10,29,26,20,24,44,21,17,14,18,44,14,18,33,24,27,26,23,22,23,31,22,31,19,22,36,21,18,38,34,18,26,22,20,20,28,22,22,44,12,21,30,17,28,15,31,19,23,29,24,25,20,25,32,25,25,22,22,29,46,30,25,21,16,21,24,29,23,21,25,13,23,28,21,20,25,2,30,24,44,25,23,21,26,30,44,23,21,22,23,14,22,20,26,29,13,25,23,42,14,23,25,20,24,12,32,38,32,13,31,21,28,28,32,17,32,44,24,18,20,29,16,31,32,19,32,32,25,32,29,18,29,20,18,44,29,19,29,27,30,29,25,21,44,13,31,44,44,18,19,44,33,29,14,24,10,30,29,38,14,20,0,28,14,32,31,25,36,44,32,6,31,28,31,44,27,32,33,25,14,8,31,29,18,44
29,41,41,28,45,36,30,19,52,29,29,25,29,52,28,29,43,35,41,34,33,36,23,35,35,45,23,36,40,19,29,42,39,36,36,32,32,34,39,38,36,52,28,33,44,27,35,29,34,39,31,35,36,37,32,37,38,31,23,40,36,44,50,37,39,33,28,23,34,45,31,35,35,23,35,42,35,30,31,28,42,34,48,39,21,19,35,35,52,21,29,34,21,28,40,30,31,41,37,33,27,42,28,27,39,28,34,28,32,42,43,37,45,35,44,44,36,27,38,52,34,20,30,41,30,32,36,37,46,41,34,43,39,29,45,28,29,52,45,37,41,34,37,45,33,35,50,37,34,49,52,29,37,50,43,45,24,28,24,46,29,42,25,29,28,0,25,39,45,37,42,50,38,29,40,44,34,50,36,32,45,35,25,29,45,45,22,48
17,34,34,18,35,14,24,27,49,21,19,10,14,49,18,14,36,29,32,27,20,26,24,32,25,28,24,26,34,22,14,36,33,24,29,26,22,24,34,28,26,49,18,21,29,12,18,19,25,20,9,23,21,27,24,30,23,20,24,21,26,33,44,26,24,24,22,24,21,34,11,25,26,20,20,34,22,24,29,12,29,20,49,31,22,22,29,35,49,24,12,22,24,18,21,8,25,34,23,28,24,38,18,24,32,22,20,18,26,36,37,23,28,22,34,34,23,12,23,49,20,22,24,35,20,25,23,25,29,37,26,37,29,10,35,22,14,49,34,18,35,32,35,35,28,24,49,23,25,48,49,14,25,49,38,32,12,27,6,35,23,36,4,14,14,25,0,37,28,30,32,49,23,8,30,34,27,49,19,26,36,32,2,8,30,34,24,49
29,20,18,34,12,49,22,34,26,25,27,34,39,28,32,39,14,24,18,31,27,29,43,51,28,19,43,29,40,41,39,41,40,18,29,20,28,24,17,20,29,28,34,29,17,41,39,25,34,23,46,46,32,32,20,29,35,44,43,29,29,15,45,34,25,24,31,43,30,21,46,27,26,41,29,13,26,22,28,32,17,45,33,11,43,41,22,12,28,43,44,34,43,32,29,43,18,20,23,24,41,42,30,41,27,29,45,34,51,39,10,23,19,26,18,15,33,41,35,28,45,38,24,12,30,32,33,21,21,2,27,10,32,37,16,29,39,28,12,23,12,34,10,12,24,26,28,23,34,25,24,39,21,24,8,18,29,34,33,19,48,41,37,37,32,39,37,0,19,29,41,24,35,37,34,18,32,28,33,51,16,20,37,37,19,18,38,33
24,20,20,29,11,42,25,38,29,28,24,36,28,30,31,28,13,27,20,29,16,20,38,50,15,1,38,19,31,40,28,30,35,21,23,21,19,17,25,19,20,30,29,24,4,40,28,26,25,16,37,39,19,22,21,27,24,42,38,22,20,8,44,25,14,20,34,38,21,12,39,22,22,40,18,9,18,25,26,31,6,34,37,22,38,40,25,18,30,38,42,29,38,31,22,36,33,22,22,24,40,43,31,40,29,36,34,29,44,30,11,20,1,18,8,6,22,40,24,30,34,33,27,15,31,27,22,22,3,19,28,11,34,30,5,36,28,28,13,16,16,32,18,12,24,20,30,20,25,27,29,28,22,29,21,9,36,38,32,11,37,30,30,30,31,45,28,19,0,27,24,29,24,28,36,10,27,30,34,44,11,24,30,28,6,11,33,35
14,21,23,19,26,41,20,34,33,22,14,26,26,33,23,26,24,16,25,23,16,18,30,42,18,27,30,18,30,30,26,27,35,21,13,21,17,13,24,19,18,33,19,18,26,32,32,16,18,25,39,39,23,20,21,2,21,36,30,27,18,25,39,25,21,13,21,30,19,27,39,19,13,34,16,25,13,22,16,25,26,31,38,28,30,30,15,29,37,28,36,25,28,23,27,35,28,23,22,13,32,36,23,32,16,25,31,19,44,27,25,22,26,13,25,25,21,32,21,33,31,25,17,26,23,18,21,22,27,29,27,25,24,30,26,25,26,33,25,23,26,22,29,26,13,13,33,22,18,37,33,26,22,33,31,25,25,33,25,27,35,27,30,30,25,37,30,29,27,0,27,33,21,32,26,25,18,33,32,44,24,23,30,32,27,25,23,38
29,36,38,30,35,24,31,42,50,37,31,34,30,50,34,30,35,28,38,33,16,27,37,46,26,24,39,27,26,37,30,10,39,28,30,30,34,22,38,28,27,50,30,33,27,35,36,33,21,28,33,35,24,23,30,27,14,36,37,22,27,31,38,26,24,20,32,39,22,32,35,28,24,43,18,32,20,31,27,34,29,21,51,35,37,37,27,39,50,37,38,36,37,34,22,25,37,38,31,24,41,35,34,41,35,36,21,30,40,10,37,29,25,20,32,32,12,35,14,50,21,30,36,37,34,21,12,31,25,41,33,37,29,34,31,36,30,50,34,26,39,30,41,35,24,22,50,29,19,49,50,30,31,50,41,30,34,42,32,32,31,10,34,34,36,42,32,41,24,27,0,50,14,36,30,32,23,50,33,40,33,36,32,36,34,32,30,51
39,29,29,44,27,60,36,43,16,39,39,45,47,14,44,47,23,39,29,38,39,33,53,63,35,29,53,33,49,53,47,48,50,28,38,32,38,34,33,30,33,20,44,37,27,53,47,39,43,35,58,58,42,41,32,33,40,57,53,40,33,24,42,44,35,35,46,53,42,31,58,35,33,53,37,26,33,34,39,44,27,52,32,22,53,53,37,25,26,53,57,42,53,44,40,54,41,29,35,35,53,53,44,53,33,46,52,44,63,50,22,33,26,33,26,26,44,53,42,14,52,48,36,21,44,43,44,35,28,24,40,22,47,49,27,46,47,16,24,35,21,45,25,27,35,33,24,33,43,26,14,47,35,16,30,25,46,44,46,30,58,48,49,49,44,50,49,24,29,33,50,0,40,49,49,22,43,18,45,63,23,31,49,49,27,27,48,32
25,30,32,26,27,28,25,36,44,33,25,30,17,42,30,17,29,20,32,23,10,23,31,43,22,24,31,23,25,31,19,10,37,24,26,22,28,16,32,22,23,44,26,29,23,33,23,27,18,22,32,32,22,17,22,21,2,35,31,16,23,27,36,22,18,14,26,31,18,28,32,26,18,35,10,28,14,29,21,32,23,18,43,31,31,31,21,35,44,29,35,30,29,30,16,22,29,32,25,20,33,31,30,33,29,30,18,26,37,14,29,25,21,16,28,28,8,33,6,42,18,26,30,27,26,18,8,25,22,35,31,31,25,23,29,30,19,42,26,20,29,24,35,27,18,14,44,25,18,43,44,19,25,44,35,28,30,36,30,28,26,8,23,23,32,38,23,35,24,21,14,40,0,25,27,28,18,42,30,37,29,30,23,25,22,28,24,43
23,34,34,16,35,22,26,27,49,27,23,18,14,49,20,14,36,31,32,31,22,28,26,34,27,28,22,28,36,24,14,38,35,24,31,28,26,26,34,28,28,49,18,27,29,20,24,21,27,20,17,25,23,29,26,32,25,24,28,21,28,33,46,28,24,26,20,24,23,34,19,27,28,16,22,34,24,26,31,8,29,20,49,31,26,24,31,35,49,26,20,28,26,20,21,16,31,34,19,30,26,40,20,26,34,24,20,18,28,38,37,19,28,24,34,34,25,20,25,49,20,26,26,35,22,27,25,25,29,37,30,37,35,14,35,24,14,49,34,18,35,34,35,35,30,26,49,19,27,48,49,14,25,49,38,32,18,29,14,35,25,38,10,16,6,29,8,37,28,32,36,49,25,0,32,34,29,49,23,28,36,32,10,2,30,34,26,49
24,34,36,25,34,42,32,39,49,32,24,34,26,49,29,26,36,25,36,33,24,30,37,49,29,35,37,30,29,39,26,32,32,31,30,31,27,21,36,27,30,47,25,28,35,37,32,26,27,34,41,43,30,24,31,26,27,43,35,33,29,35,40,31,28,24,29,35,26,36,41,25,24,41,22,34,24,28,20,31,35,38,49,38,35,39,20,34,49,37,39,31,35,29,31,38,32,36,32,24,39,31,29,39,32,33,38,25,48,28,30,32,36,22,35,35,27,37,27,47,38,33,29,34,29,27,27,32,37,34,30,30,6,30,35,33,26,49,33,32,34,22,32,32,24,22,47,32,27,46,49,26,32,49,36,36,33,40,29,37,41,32,30,30,31,40,30,34,36,26,30,49,27,32,0,35,25,49,28,48,36,34,32,36,34,36,31,49
21,18,18,26,15,46,22,37,28,25,21,34,32,25,28,32,13,25,18,27,22,13,35,47,13,10,35,13,25,37,32,34,33,12,17,18,18,14,24,12,13,25,26,19,10,37,30,23,25,20,43,43,17,23,18,25,28,41,35,26,13,7,44,19,18,18,32,35,23,9,43,17,22,37,22,8,18,20,25,28,12,38,35,13,35,37,23,18,29,35,41,24,35,28,26,40,31,20,19,22,37,41,28,37,27,34,38,26,48,32,14,17,10,18,4,8,28,37,28,25,38,30,22,15,28,27,28,19,12,18,26,14,33,34,7,34,32,29,15,20,15,31,20,15,22,18,25,17,25,28,28,32,19,26,23,3,34,37,30,14,41,34,34,34,28,44,34,18,10,25,32,22,28,34,35,0,27,29,34,48,11,22,34,34,12,3,30,35
24,29,31,25,32,37,22,31,43,32,24,25,25,43,29,25,28,21,31,28,13,20,29,41,19,27,29,20,27,31,25,23,37,23,23,23,27,15,31,21,20,43,25,28,26,31,29,26,6,25,36,36,19,18,23,18,18,35,29,25,20,26,39,20,21,13,25,29,15,27,36,19,19,31,15,25,15,22,20,31,24,28,42,30,29,31,20,34,43,29,33,31,29,29,25,32,32,31,24,17,31,36,29,31,28,29,28,25,41,21,30,24,26,15,27,27,16,31,18,43,28,24,27,32,29,4,16,24,26,34,30,30,23,27,28,29,25,43,31,23,30,19,34,32,17,15,43,24,6,42,43,25,24,41,35,27,29,31,29,27,34,23,27,27,31,34,27,32,27,18,23,43,18,29,25,27,0,43,31,41,30,29,27,29,31,27,24,42
39,23,23,44,29,60,36,45,18,39,39,45,49,14,44,49,27,39,25,36,39,35,53,63,35,30,53,35,49,53,49,48,50,26,38,32,38,34,33,26,35,20,44,37,29,53,43,39,43,35,58,58,42,43,32,33,42,57,53,40,35,28,44,44,35,35,46,53,42,31,58,35,35,53,37,28,35,34,39,44,29,54,26,25,53,53,37,26,24,53,57,42,53,44,40,54,37,23,35,35,53,53,44,53,33,46,54,44,63,50,26,35,29,35,27,28,44,53,44,14,54,48,36,25,44,43,44,35,31,28,42,26,47,49,29,46,49,8,28,35,25,45,28,29,35,33,22,35,43,26,20,49,35,22,29,28,46,44,46,27,58,48,49,49,44,50,49,28,30,33,50,18,42,49,49,29,43,0,39,63,27,31,49,49,26,28,48,26
25,36,36,23,33,38,32,27,47,27,27,27,19,43,27,19,34,27,36,23,30,30,33,45,29,34,33,30,33,35,19,33,25,36,29,36,22,30,38,34,30,45,23,23,31,33,19,29,31,36,36,40,29,33,36,32,30,35,35,38,30,31,37,25,34,30,27,33,31,32,36,29,30,35,26,34,30,32,31,25,31,32,41,39,33,35,27,35,47,33,35,25,33,27,38,32,23,38,37,30,37,37,27,37,36,31,32,23,43,35,27,37,34,30,30,34,32,33,32,43,32,29,32,33,27,31,32,37,35,33,8,29,23,23,35,31,19,41,30,36,35,34,35,33,30,26,45,37,31,46,47,19,37,43,29,34,29,27,23,35,36,33,21,23,27,36,19,33,34,32,33,45,30,23,28,34,31,39,0,43,34,38,27,31,30,32,29,41
35,48,48,32,49,32,38,43,63,39,35,34,28,63,26,28,52,43,48,43,34,40,27,27,39,44,25,40,43,25,28,40,44,40,43,40,38,38,48,42,40,63,32,39,43,31,36,29,39,38,27,21,35,41,40,44,37,33,31,37,40,47,57,40,38,38,36,25,35,48,27,39,42,25,34,48,38,38,43,32,43,31,61,47,27,27,43,51,61,23,31,40,23,26,39,29,43,48,41,42,27,50,26,27,46,30,31,32,2,40,51,41,44,38,48,48,37,31,37,63,31,26,38,49,28,39,37,41,45,51,42,51,47,30,49,30,28,63,48,34,49,46,51,49,42,38,63,41,39,62,63,28,41,63,52,46,34,43,30,49,19,40,26,20,32,32,26,51,44,44,40,63,37,28,48,48,41,63,43,0,52,46,26,28,44,48,26,63
26,14,14,31,2,49,27,38,25,30,26,30,36,27,33,36,2,26,14,23,24,22,40,52,24,11,40,22,34,42,36,37,35,17,19,23,23,19,24,17,22,27,31,26,11,42,36,28,28,24,45,47,27,28,23,24,29,46,40,29,22,5,43,29,22,20,33,40,29,16,47,24,16,42,26,9,20,27,26,33,13,41,31,18,40,42,24,18,23,40,46,31,40,33,29,43,32,16,24,16,42,42,33,42,26,35,41,31,52,37,10,22,8,20,11,9,31,42,31,27,41,35,29,6,33,30,31,24,10,16,27,10,34,38,6,35,36,27,1,24,8,32,20,2,16,22,27,22,28,24,25,36,24,25,21,10,35,37,35,14,45,37,38,38,33,45,36,16,11,24,33,23,29,36,36,11,30,27,34,52,0,18,38,36,15,12,35,31
24,14,14,29,23,44,19,32,31,24,24,24,34,31,27,34,18,24,14,25,24,26,38,46,26,24,38,26,37,36,34,36,41,14,21,5,27,19,16,16,26,31,29,28,23,36,38,22,29,18,41,41,29,28,5,23,30,40,38,24,26,22,44,31,20,20,31,38,27,22,41,24,16,34,24,22,20,19,24,25,23,40,29,19,38,36,22,18,27,38,40,33,38,27,24,38,28,14,16,16,36,43,27,36,21,29,40,29,46,36,22,16,24,20,22,22,30,36,30,31,40,33,21,23,27,29,30,18,25,20,33,22,32,32,23,29,34,31,22,18,23,30,18,23,16,20,29,16,29,29,31,32,18,31,22,22,29,31,29,25,43,36,32,32,25,35,32,20,24,23,36,31,30,32,34,22,29,31,38,46,18,0,32,32,22,22,33,29
17,34,34,18,35,14,24,27,49,21,19,8,14,49,18,14,38,29,32,27,20,26,24,32,25,30,24,26,34,22,14,36,33,24,29,26,22,24,34,28,26,49,18,21,29,10,18,19,25,20,11,23,21,27,24,30,23,20,24,21,26,33,44,26,24,24,22,24,21,34,9,25,28,20,20,34,24,24,29,12,29,20,49,31,22,22,29,35,49,24,12,22,24,18,19,6,25,34,23,28,24,40,18,24,32,22,20,18,26,36,37,23,30,24,34,34,23,12,23,49,20,22,24,35,20,25,23,25,31,37,26,37,29,10,35,22,14,49,34,18,35,32,35,35,28,24,49,23,25,48,49,14,25,49,38,34,12,27,6,35,23,36,4,14,14,25,2,37,30,30,32,49,23,10,32,34,27,49,27,26,38,32,0,10,30,34,24,49
23,34,34,18,35,22,26,29,49,27,23,18,14,49,20,12,36,31,32,31,22,28,26,34,27,28,24,28,36,24,14,38,35,24,31,28,26,26,34,28,28,49,18,27,29,20,24,21,27,20,17,25,23,29,26,32,25,24,28,21,28,33,46,28,24,26,22,24,23,34,19,27,28,14,22,34,24,26,31,8,29,20,49,31,26,24,31,35,49,26,20,28,26,18,21,16,31,34,19,30,26,40,20,26,34,24,18,16,28,38,37,19,28,24,34,34,25,20,25,49,20,26,26,35,22,27,25,25,29,37,30,37,35,14,35,24,12,49,34,18,35,34,35,35,30,26,49,19,27,48,49,14,25,49,38,32,18,29,14,35,25,38,10,16,8,29,8,37,28,32,36,49,25,2,36,34,29,49,31,28,36,32,10,0,30,34,26,49
24,16,16,29,5,42,25,38,27,28,24,36,28,28,31,28,15,27,20,27,26,28,38,50,27,7,38,23,35,40,28,28,37,17,23,21,23,19,25,15,28,30,29,24,4,40,26,26,29,16,39,39,29,30,21,27,22,42,38,22,28,8,44,31,14,24,34,38,29,18,39,22,24,40,14,11,20,25,24,31,4,34,31,22,38,40,25,22,30,38,42,29,38,31,22,36,27,18,22,20,40,41,31,40,29,36,34,29,44,38,13,22,7,20,14,10,32,40,24,28,34,33,27,9,31,31,32,22,11,19,28,13,32,30,11,36,28,28,5,16,12,30,22,6,20,16,30,22,29,27,29,28,22,27,13,13,34,38,32,11,37,28,30,30,31,45,30,19,6,27,34,27,22,30,34,12,31,26,30,44,15,22,30,30,0,11,33,31
22,16,16,27,13,46,23,38,25,24,22,34,32,26,29,32,14,26,18,27,22,14,36,48,14,11,36,14,27,38,32,34,33,13,19,19,17,15,24,13,14,26,27,18,5,38,30,24,25,20,43,43,19,24,19,25,28,42,36,26,14,4,44,21,16,18,33,36,23,4,43,18,22,38,20,8,18,21,26,29,7,38,35,13,36,38,24,18,28,36,42,23,36,29,26,40,30,18,20,22,38,41,29,38,27,35,38,27,48,32,14,18,7,18,3,8,28,38,28,26,38,31,23,9,29,27,28,20,9,18,25,14,34,34,7,35,32,28,14,20,11,32,20,13,22,16,26,18,25,23,27,32,20,23,22,6,35,37,31,13,41,34,34,34,29,45,34,18,11,25,32,27,28,34,36,3,27,28,32,48,12,22,34,34,11,0,31,33
15,33,35,12,31,36,24,29,48,25,15,21,20,48,18,20,35,24,35,26,21,22,13,27,22,33,13,22,34,15,20,30,28,26,26,26,20,18,36,22,22,48,12,21,32,21,30,19,22,31,27,29,24,25,26,23,24,27,15,32,22,31,44,25,25,19,15,13,22,33,27,21,23,19,21,30,19,24,25,18,32,26,48,33,13,15,22,38,48,7,25,22,5,18,32,30,30,35,27,23,23,40,18,23,29,21,26,12,26,30,34,27,33,19,30,30,24,21,24,48,26,6,24,31,20,22,24,27,34,38,25,34,31,28,31,21,20,48,31,29,31,26,38,31,23,19,48,27,22,48,48,20,27,48,41,31,19,31,17,34,13,30,24,26,18,22,24,38,33,23,30,48,24,26,31,30,24,48,29,26,35,33,24,26,33,31,0,48
39,29,29,44,32,61,34,43,34,33,39,41,49,30,44,49,29,37,31,32,37,39,53,63,39,35,53,39,50,53,49,49,50,35,34,33,34,35,36,35,39,32,44,37,34,53,43,39,44,37,58,58,42,43,33,38,43,57,53,39,39,35,43,44,35,33,46,53,40,33,58,33,31,53,37,33,35,30,39,44,32,55,2,32,53,53,37,31,28,53,57,42,53,44,39,55,37,29,36,29,53,54,44,53,38,46,55,44,63,49,33,34,35,35,31,35,43,53,45,30,55,48,36,32,44,42,43,36,36,35,38,35,47,49,36,46,49,28,29,37,30,45,33,32,29,33,32,36,44,32,30,49,34,26,37,35,46,42,46,38,58,49,49,49,44,48,49,33,35,38,51,32,43,49,49,35,42,26,41,63,31,29,49,49,31,33,48,0
