0,20,27,15,29,61,10,18,34,14,14,23,39,28,21,32,38,9,10,14,17,15,28,34,15,26,26,15,32,38,33,36,28,9,15,9,12,6,31,26,15,24,11,4,33,30,19,2,12,33,29,25,24,12,19,4,23,49,33,17,15,29,46,26,13,23,22,39,26,18,45,11,27,29,18,38,26,5,8,25,29,44,21,22,37,36,19,25,35,44,37,9,18,29,16,51,14,29,27,29,23,35,11,44,16,23,46,16,45,25,28,9,26,6,23,29,18,43,14,23,41,35,9,30,11,10,26,18,21,30,22,36,16,17,29,21,21,24,33,34,30,14,32,29,9,7,24,9,12,36,34,31,18,33,20,24,29,18,29,29,24,32,17,29,17,28,38,28,26,36,23,34,33,33,18,23,35,29,36,29,33,24,43,27,27,29,9,27
20,0,2,18,15,47,19,29,15,25,14,21,21,18,19,27,9,21,8,29,24,23,38,48,25,19,30,23,31,37,34,44,35,17,25,19,28,20,4,1,23,23,36,22,18,30,45,20,32,9,44,44,27,29,8,22,39,42,39,19,23,9,42,31,7,16,26,34,18,16,52,23,19,43,25,9,17,32,25,23,18,40,27,15,43,40,16,17,16,32,42,37,35,17,13,43,27,2,23,14,34,41,38,32,15,21,41,15,58,43,16,9,18,30,9,15,35,34,37,21,46,25,30,10,38,16,35,6,16,11,31,16,33,45,10,23,25,23,14,7,9,37,9,15,31,22,16,9,28,17,14,44,6,19,18,10,21,31,21,20,44,45,44,27,38,29,33,16,19,10,45,17,40,21,39,9,22,15,43,49,14,2,37,29,18,8,38,26
27,2,0,18,19,45,17,31,15,25,14,21,21,16,19,27,15,27,16,29,24,25,38,51,23,18,30,25,33,37,30,41,35,17,25,19,29,25,6,1,25,21,36,22,16,30,46,22,32,9,44,44,31,29,8,22,37,44,39,27,25,10,43,33,7,16,26,28,18,17,50,21,17,47,25,9,19,32,25,23,17,40,26,15,39,40,24,18,17,32,42,37,36,17,13,45,25,2,23,16,34,41,38,32,9,21,36,15,55,49,16,9,13,30,9,14,37,28,33,21,38,25,30,10,39,16,44,6,25,10,35,11,33,44,10,23,25,19,19,7,9,38,9,19,34,25,16,9,34,17,16,43,6,21,19,8,21,31,21,21,44,49,43,27,37,29,35,15,18,10,45,15,38,21,36,9,16,17,43,47,14,4,33,29,19,10,44,30
15,18,18,0,39,51,20,31,32,20,18,19,22,30,14,22,40,23,19,22,36,27,40,42,25,28,23,27,20,36,6,43,41,18,27,22,18,21,27,17,27,32,2,26,38,24,37,15,39,39,35,33,34,35,14,17,31,34,42,36,27,28,44,32,32,24,2,27,10,28,39,30,21,27,29,32,36,36,20,14,36,12,33,29,35,39,21,28,27,20,35,36,33,18,31,47,23,18,21,35,35,39,28,23,20,15,31,12,46,30,30,10,30,33,29,28,41,28,39,34,12,27,22,23,28,25,40,16,26,29,19,29,23,40,30,27,27,32,36,26,26,31,29,39,30,23,32,10,38,32,30,8,16,32,27,28,27,31,27,30,33,51,40,26,10,32,36,30,28,12,37,33,37,26,34,29,38,25,38,32,38,26,40,24,26,30,23,32
29,15,19,39,0,58,15,28,15,28,21,34,45,26,35,41,4,28,14,30,29,28,47,59,28,6,46,28,40,44,41,47,33,14,28,10,29,29,14,19,28,18,33,31,20,46,46,30,31,31,50,45,32,32,15,23,41,46,45,26,28,4,43,34,16,25,31,44,28,15,50,26,19,43,31,3,21,35,24,33,18,51,28,10,44,40,21,22,22,40,46,40,49,28,26,46,30,20,27,21,49,46,41,42,19,35,47,40,55,45,10,25,6,31,11,10,35,44,31,20,51,37,32,2,41,32,35,24,8,4,35,4,30,44,3,32,39,18,2,29,10,26,6,2,35,26,17,25,30,20,17,45,24,20,8,11,34,28,34,10,50,39,44,36,33,34,40,10,5,28,47,17,43,41,37,11,38,22,41,55,2,17,45,40,9,11,43,29
61,47,45,51,58,0,62,62,53,61,52,22,42,59,32,61,49,55,51,56,57,51,55,56,57,48,43,51,55,61,59,56,59,44,51,51,63,61,51,44,51,58,52,64,53,22,55,54,63,40,26,40,55,61,49,56,52,38,62,40,51,55,55,54,42,44,55,41,54,47,28,57,56,63,60,54,33,59,61,54,43,54,61,52,62,62,54,57,57,55,23,50,42,50,45,10,62,41,45,35,38,49,47,53,57,35,54,59,66,57,57,46,48,61,54,54,46,23,51,62,58,46,61,60,49,63,23,42,49,56,64,56,65,54,53,37,55,61,58,46,56,63,54,58,59,63,62,46,57,66,60,56,42,53,54,53,23,56,19,44,42,27,54,28,54,41,14,59,48,55,54,55,56,46,62,54,56,52,47,61,58,54,14,50,52,48,54,59
10,19,17,20,15,62,0,27,33,15,17,29,31,23,25,28,17,22,18,18,7,18,37,37,16,17,32,18,41,39,34,19,33,17,18,11,12,2,15,18,18,26,31,9,32,34,34,10,32,31,39,32,32,27,9,12,25,46,26,25,18,26,36,34,20,11,28,40,23,29,59,13,19,33,11,14,11,2,16,25,24,38,19,12,39,46,23,12,22,37,44,14,23,16,19,51,18,17,25,13,26,44,11,41,21,26,42,15,52,23,20,12,17,3,17,23,21,43,17,28,48,38,6,13,11,36,15,11,26,16,17,16,27,35,15,29,29,24,15,22,15,20,19,15,7,3,26,12,33,23,31,38,11,33,21,14,29,25,29,16,37,25,35,37,22,31,45,20,17,32,31,23,19,25,31,17,40,21,37,38,15,25,39,34,25,20,23,29
18,29,31,31,28,62,27,0,32,7,27,34,22,35,31,21,34,24,27,9,24,7,46,53,6,32,40,7,32,30,31,27,7,26,7,25,28,27,33,34,7,31,15,18,33,40,34,20,36,36,50,43,19,20,29,24,40,46,43,35,7,28,36,15,34,29,29,43,12,24,48,8,29,41,34,29,29,26,20,30,32,31,23,29,41,47,26,27,33,38,41,27,42,27,34,53,4,31,36,29,43,27,26,38,33,32,42,10,45,44,32,28,30,31,21,29,22,45,31,31,47,31,29,30,27,24,33,27,31,32,20,38,21,32,28,34,22,31,28,38,28,16,33,28,23,22,30,28,30,41,36,31,27,35,30,27,32,1,32,36,49,47,32,36,12,31,34,26,32,41,42,33,27,30,21,20,40,29,35,53,28,36,38,20,31,26,34,30
34,15,15,32,15,53,33,32,0,23,26,33,43,8,31,41,15,23,14,25,29,23,42,52,23,17,48,23,42,44,44,45,38,15,23,17,29,25,22,16,23,7,31,33,19,48,42,24,37,31,50,49,33,39,17,23,43,48,40,37,23,11,39,35,23,26,34,41,30,16,50,21,23,43,36,24,26,31,30,31,15,50,17,14,46,42,22,16,10,41,50,40,51,32,38,54,25,17,23,22,51,45,40,40,25,34,46,31,61,45,17,19,16,31,9,13,38,42,42,4,49,36,34,14,39,35,37,19,13,21,33,19,42,39,12,37,40,6,19,31,15,41,16,15,32,25,2,20,40,12,8,42,18,10,17,9,38,31,35,18,50,48,40,43,28,41,45,15,17,27,50,6,39,38,41,11,38,13,37,55,13,24,40,37,14,9,45,20
14,25,25,20,28,61,15,7,23,0,28,22,21,23,21,25,30,7,17,2,18,1,37,34,1,28,38,1,17,32,25,37,13,16,1,14,15,16,28,24,1,21,12,9,31,38,30,15,30,33,42,39,9,14,16,15,25,45,40,22,1,18,40,11,21,21,29,33,7,14,49,2,22,33,29,33,9,13,8,32,27,31,17,15,44,49,14,18,27,38,47,16,25,19,34,48,3,25,28,18,27,27,24,38,28,24,34,10,49,35,18,17,28,18,15,19,23,34,23,21,45,32,15,22,24,18,30,14,19,33,21,33,16,40,18,30,21,21,22,31,22,14,29,22,12,22,21,17,28,37,27,30,14,27,17,15,22,7,22,28,40,45,40,34,10,29,36,16,28,29,42,23,37,37,18,14,41,23,29,48,28,21,36,21,28,15,22,21
14,14,14,18,21,52,17,27,26,28,0,23,35,28,21,28,19,24,14,27,22,25,31,34,24,32,41,25,44,30,26,40,40,13,29,8,22,26,15,13,25,26,19,24,35,42,38,16,32,19,46,40,38,29,15,18,36,45,34,28,25,18,51,39,28,17,21,32,30,20,50,21,21,36,28,20,9,21,27,18,30,34,27,22,36,36,21,21,25,42,45,28,40,5,38,41,27,14,19,19,40,55,27,42,2,26,30,16,54,47,23,11,29,22,21,22,37,32,37,28,43,9,19,19,28,43,38,13,27,20,23,20,32,37,23,26,26,25,19,24,18,28,17,19,25,25,25,11,32,29,25,34,13,27,30,17,25,31,25,28,46,48,35,34,32,21,31,23,32,28,37,26,31,25,45,21,39,25,40,53,19,14,41,33,32,22,39,27
23,21,21,19,34,22,29,34,33,22,23,0,33,36,2,26,34,18,23,29,26,24,40,33,24,36,9,24,43,37,35,43,32,22,23,23,26,34,25,20,24,34,25,32,34,8,33,15,27,39,35,33,31,21,19,17,42,14,40,27,24,31,45,42,33,13,19,10,28,29,17,23,35,29,40,33,17,39,21,24,37,31,33,30,38,37,16,32,41,16,14,27,10,16,29,30,30,21,32,11,10,54,16,16,27,5,38,16,39,49,31,25,33,32,27,30,29,10,41,38,44,25,31,30,17,28,32,19,33,32,23,34,29,32,30,3,16,34,44,32,35,29,31,39,32,30,34,25,35,39,35,40,19,38,34,28,3,30,1,37,35,39,30,12,10,9,18,34,36,19,51,33,39,27,32,27,43,34,38,34,43,21,8,29,34,34,11,28
39,21,21,22,45,42,31,22,43,21,35,33,0,43,22,2,44,14,35,27,26,15,49,41,19,39,44,15,37,34,2,39,29,34,20,35,32,32,33,20,15,43,6,31,42,49,43,27,34,32,41,42,26,33,41,31,33,34,47,38,15,39,39,26,35,24,21,43,22,39,46,14,35,35,28,43,30,35,30,16,42,6,29,37,34,43,24,34,39,22,38,27,28,36,23,45,20,21,32,29,29,47,27,20,33,23,6,6,46,47,38,37,39,34,38,38,29,43,31,44,18,25,35,42,28,44,32,20,43,43,31,41,33,41,39,30,2,41,47,35,36,38,42,45,30,36,43,37,41,42,37,2,20,45,40,38,28,26,22,33,41,46,40,21,24,21,30,40,39,19,41,43,29,2,41,38,44,33,38,51,45,20,29,6,38,39,32,29
28,18,16,30,26,59,23,35,8,23,28,36,43,0,31,42,22,23,17,31,31,25,46,56,25,19,47,25,41,48,43,47,41,16,25,18,31,20,21,17,25,10,30,26,28,47,46,27,34,32,51,49,34,37,17,25,40,52,44,31,25,14,43,38,28,28,33,43,31,16,54,23,29,46,33,25,25,30,26,33,23,49,22,15,37,42,21,12,2,46,49,38,47,32,33,53,25,19,26,27,47,47,38,46,27,38,48,26,64,47,18,20,19,32,13,14,35,42,35,4,50,38,34,15,38,39,32,17,19,25,36,25,41,47,14,37,38,8,26,27,19,39,17,26,26,27,10,19,40,25,14,46,18,21,14,11,36,35,35,19,51,49,47,46,30,45,47,22,19,28,44,2,40,43,45,11,38,16,42,55,22,27,43,36,20,13,42,17
21,19,19,14,35,32,25,31,31,21,21,2,22,31,0,32,32,11,21,23,27,20,33,21,21,34,9,20,40,36,37,38,36,20,23,18,20,30,22,18,20,30,17,25,39,9,33,13,26,30,41,31,28,27,17,15,42,13,37,27,20,31,42,41,29,12,22,9,31,26,27,23,23,35,36,32,15,32,19,19,35,34,32,28,30,27,14,27,33,9,13,22,9,16,28,36,23,19,26,14,9,52,16,9,25,2,31,10,42,47,29,13,34,35,26,28,34,9,38,34,39,24,29,28,17,27,35,17,28,30,20,30,21,23,28,2,16,30,35,34,31,27,28,35,31,28,30,13,23,36,33,38,17,35,27,26,2,29,2,35,41,47,20,6,10,8,18,32,34,17,41,31,29,21,24,26,35,31,38,48,35,19,16,34,32,27,14,24
32,27,27,22,41,61,28,21,41,25,28,26,2,42,32,0,38,33,30,20,28,21,43,34,21,32,34,21,40,44,40,45,31,29,20,33,29,28,31,28,21,38,26,33,41,37,35,28,41,34,46,53,28,30,28,26,39,42,42,25,21,36,30,28,26,33,27,46,20,27,50,18,35,33,31,35,33,35,26,16,27,24,34,34,43,48,24,40,37,22,37,42,30,34,47,50,24,27,32,33,32,50,40,21,40,23,16,6,52,47,38,28,32,32,31,36,41,46,43,42,41,36,39,36,40,32,35,22,33,39,36,37,38,25,36,37,10,38,45,18,35,37,36,45,32,26,38,28,35,39,40,27,22,44,36,32,35,26,38,31,44,44,24,40,22,38,42,40,32,39,43,39,39,17,38,31,45,43,31,49,43,38,40,20,34,32,34,30
38,9,15,40,4,49,17,34,15,30,19,34,44,22,32,38,0,32,14,32,31,30,47,62,30,11,44,30,47,46,34,45,45,15,29,21,32,19,13,18,30,22,37,37,19,44,46,29,29,28,45,46,33,34,17,28,40,50,43,35,30,7,39,35,21,25,31,39,36,15,53,28,24,44,30,9,22,32,26,36,17,51,31,10,44,42,26,18,17,42,48,42,49,27,27,49,32,16,24,26,50,51,38,42,25,37,42,34,61,44,10,20,10,31,17,5,36,39,45,22,47,31,36,8,38,31,34,23,14,10,37,4,36,46,6,34,35,19,7,32,10,36,12,4,31,26,24,20,32,18,14,43,23,18,9,12,35,39,35,13,45,45,46,43,38,37,39,6,11,27,45,19,39,43,34,17,32,19,42,60,6,18,46,46,13,16,43,32
9,21,27,23,28,55,22,24,23,7,24,18,14,23,11,33,32,0,16,11,6,13,41,47,19,23,32,13,33,45,14,35,27,15,9,15,4,25,31,28,13,20,8,8,38,33,41,14,33,26,37,33,19,14,15,18,36,37,48,33,13,24,38,23,19,6,28,30,25,13,48,8,10,34,35,29,6,25,15,28,24,24,18,15,41,41,6,20,31,33,40,26,26,25,36,48,20,21,23,8,26,35,31,33,25,13,31,18,46,36,14,14,18,28,15,25,12,31,30,21,29,20,22,24,31,31,36,11,20,28,11,26,18,38,18,17,14,20,28,33,24,16,25,28,26,29,20,14,36,28,28,21,10,29,18,16,17,14,17,23,39,44,37,27,8,27,36,21,23,22,45,24,29,16,22,15,44,31,32,50,28,26,34,28,32,16,19,17
10,8,16,19,14,51,18,27,14,17,14,23,35,17,21,30,14,16,0,19,26,17,42,44,17,15,38,17,41,38,32,44,35,1,17,3,16,16,9,17,17,15,23,17,17,38,39,21,24,26,40,48,29,22,3,14,37,44,46,13,17,8,41,34,7,18,26,34,30,11,49,15,18,36,24,14,18,21,25,24,16,40,22,10,47,51,12,15,16,36,48,32,39,15,21,41,19,10,24,19,39,43,25,37,14,23,39,20,47,40,11,6,14,20,8,9,36,34,42,13,45,27,31,14,25,26,39,9,12,16,25,16,23,31,9,25,29,15,9,21,10,21,13,10,19,26,15,6,32,21,15,38,9,20,10,9,25,27,23,15,40,45,31,31,21,31,35,10,15,34,46,16,33,39,25,8,32,21,32,47,12,15,39,30,22,7,30,20
14,29,29,22,30,56,18,9,25,2,27,29,27,31,23,20,32,11,19,0,23,3,42,37,3,28,37,3,25,29,21,35,15,18,3,19,17,18,30,26,3,23,15,14,33,38,33,16,35,36,42,38,8,16,18,18,31,40,40,26,3,26,32,10,24,24,24,44,11,16,45,4,25,38,23,29,20,14,12,33,29,30,19,23,48,42,16,21,28,39,43,18,28,25,33,52,3,29,32,21,29,26,25,39,29,27,34,10,46,36,25,19,32,19,17,27,28,45,21,23,46,29,22,30,25,32,34,16,24,36,25,35,19,35,20,31,20,23,24,32,24,17,31,24,13,14,23,19,27,43,31,31,16,31,25,17,29,9,29,35,41,45,35,31,13,33,36,26,28,34,38,25,38,20,21,16,43,25,28,46,30,23,31,20,31,17,23,23
17,24,24,36,29,57,7,24,29,18,22,26,26,31,27,28,31,6,26,23,0,16,35,48,19,37,33,16,43,42,24,16,38,25,29,26,17,6,30,23,16,33,24,16,31,29,26,21,17,23,35,36,19,26,29,22,31,39,42,24,16,27,39,17,19,4,39,31,13,27,41,21,14,46,4,30,11,7,22,25,32,35,29,25,37,47,18,26,37,29,28,14,34,32,32,35,27,24,30,8,41,52,19,30,26,20,39,33,45,23,24,35,32,10,26,22,10,29,16,33,32,31,12,28,19,19,10,21,33,32,23,32,33,23,27,24,32,33,29,29,30,26,26,29,4,11,33,35,26,33,32,31,21,30,33,27,27,18,25,30,35,14,23,21,35,26,27,25,37,30,31,32,6,20,37,26,36,33,30,41,33,36,22,28,34,25,29,30
15,23,25,27,28,51,18,7,23,1,25,24,15,25,20,21,30,13,17,3,16,0,38,35,1,28,39,1,25,33,23,25,13,16,1,15,16,13,30,24,1,21,13,10,31,39,30,14,22,28,46,48,5,14,16,16,25,40,41,29,1,18,39,7,30,17,31,34,7,14,44,2,31,32,19,27,20,14,9,31,27,25,17,17,47,43,14,18,27,33,45,23,28,20,32,53,3,23,26,17,28,23,22,33,31,24,34,9,54,32,18,17,28,18,15,19,23,35,23,21,48,35,14,22,22,18,34,14,19,33,17,35,16,26,18,28,15,21,28,29,22,14,30,22,12,22,21,17,24,35,30,29,14,28,22,15,22,7,24,31,44,45,26,32,11,31,40,18,28,28,40,23,41,33,18,14,41,24,35,48,28,24,37,15,30,15,23,21
28,38,38,40,47,55,37,46,42,37,31,40,49,46,33,43,47,41,42,42,35,38,0,40,35,50,23,41,51,16,44,48,45,43,36,46,36,36,38,41,41,43,41,30,48,26,51,40,41,44,43,40,48,49,40,42,49,41,22,46,41,41,46,47,35,36,39,24,41,53,51,42,41,41,47,43,35,40,42,40,52,42,47,41,14,16,33,49,48,44,53,44,36,37,41,48,40,42,28,37,34,58,37,44,37,40,54,32,59,47,44,35,54,38,41,41,40,27,42,43,52,11,37,48,37,36,38,36,43,53,48,45,49,49,41,34,39,50,47,50,44,53,42,47,35,37,44,34,51,43,48,49,35,44,44,39,41,40,38,49,43,40,49,36,42,24,43,43,50,30,45,40,37,34,52,41,46,41,48,48,47,33,37,34,50,46,46,39
34,48,51,42,59,56,37,53,52,34,34,33,41,56,21,34,62,47,44,37,48,35,40,0,41,50,49,35,55,52,33,62,55,43,35,50,46,42,48,49,35,53,28,36,57,49,56,28,41,53,18,18,45,33,43,30,58,31,37,51,35,50,62,47,53,46,45,28,50,47,54,34,47,36,52,60,47,41,34,49,54,54,48,47,47,55,46,49,54,32,44,34,10,26,53,30,37,50,54,47,15,60,23,33,37,26,46,29,27,46,50,46,56,41,51,53,45,30,45,54,42,40,41,48,26,41,49,48,56,59,46,57,40,52,52,21,49,53,59,51,60,35,53,59,40,43,53,46,49,61,62,41,48,57,50,53,23,49,33,59,13,51,51,38,33,32,44,50,50,52,56,58,48,47,36,51,57,58,41,10,59,48,50,36,60,53,19,58
15,25,23,25,28,57,16,6,23,1,24,24,19,25,21,21,30,19,17,3,19,1,35,41,0,28,39,1,25,31,23,29,13,16,1,21,14,15,27,24,1,21,13,10,31,39,30,9,22,33,43,43,5,14,16,11,24,44,36,28,1,18,38,7,20,18,32,39,7,14,48,2,27,32,18,33,20,14,9,31,27,25,17,17,47,43,20,18,26,33,44,23,26,20,32,47,2,25,26,19,28,23,22,33,26,25,38,9,56,32,18,17,28,18,15,19,23,40,22,21,47,31,20,20,22,24,34,14,19,33,16,35,16,26,18,27,15,21,28,27,22,14,26,22,16,14,21,17,24,31,30,27,14,28,22,15,25,7,23,27,42,45,26,33,11,30,40,18,28,29,36,23,37,37,18,14,34,24,37,47,28,26,37,15,34,15,23,24
26,19,18,28,6,48,17,32,17,28,32,36,39,19,34,32,11,23,15,28,37,28,50,50,28,0,44,24,35,51,46,36,36,10,24,19,25,23,19,11,24,15,24,29,20,43,46,24,29,25,46,50,26,23,13,20,20,46,49,17,23,6,29,29,9,24,36,42,28,8,53,20,25,50,27,6,22,28,17,34,18,41,23,20,46,53,22,20,18,38,49,38,49,30,36,40,26,15,31,15,49,44,38,42,27,33,43,26,60,34,9,25,1,26,6,11,22,41,24,15,53,42,28,12,38,37,35,14,3,11,32,9,35,48,6,34,45,13,6,16,15,27,12,5,33,29,15,25,30,22,22,44,14,22,7,6,39,29,38,3,46,38,48,32,24,41,37,18,1,28,36,15,38,40,38,7,30,21,42,47,5,26,40,38,22,7,40,24
26,30,30,23,46,43,32,40,48,38,41,9,44,47,9,34,44,32,38,37,33,39,23,49,39,44,0,31,51,23,34,46,46,35,31,39,44,38,29,29,31,44,30,29,51,5,36,47,37,38,41,39,46,48,30,43,37,18,26,37,31,40,46,50,45,30,26,12,45,39,37,36,40,40,45,45,32,37,49,31,49,41,43,43,24,22,31,40,46,20,18,27,14,37,41,32,39,30,36,30,17,53,32,21,43,10,49,26,51,46,42,30,41,38,43,43,34,17,40,46,47,7,32,41,32,37,35,28,41,43,31,43,51,34,42,10,34,46,46,40,45,44,41,46,43,38,46,30,48,49,45,33,28,45,42,44,10,36,9,48,40,46,33,21,32,21,27,42,43,28,48,46,39,37,48,43,41,45,43,36,53,28,34,48,41,45,33,37
15,23,25,27,28,51,18,7,23,1,25,24,15,25,20,21,30,13,17,3,16,1,41,35,1,24,31,0,25,33,23,35,13,16,1,15,14,19,30,24,1,21,13,10,31,39,30,14,22,32,47,48,5,14,16,11,29,40,41,29,1,18,39,7,30,21,29,37,7,14,45,2,24,32,17,27,20,14,9,33,27,25,17,17,47,43,14,18,27,33,45,23,28,20,32,53,3,23,26,17,28,23,22,33,28,24,32,9,53,32,18,17,28,18,15,19,23,38,23,21,48,31,20,21,22,18,29,14,19,33,17,35,16,26,18,28,15,21,28,25,22,14,30,22,16,22,21,17,24,35,27,30,14,28,23,15,22,7,24,31,46,40,26,32,11,33,38,18,28,28,36,23,34,39,18,14,34,24,37,48,28,24,37,15,33,15,23,21
32,31,33,20,40,55,41,32,42,17,44,43,37,41,40,40,47,33,41,25,43,25,51,55,25,35,51,25,0,46,36,24,34,44,20,36,39,40,34,30,25,47,22,31,48,52,45,37,41,46,47,35,24,37,43,35,9,53,50,32,25,42,40,22,27,43,21,52,8,29,44,26,33,44,28,41,37,27,37,20,36,28,39,39,42,47,42,39,42,50,55,35,48,40,41,21,25,31,41,40,49,10,38,50,46,41,35,39,52,21,38,45,35,34,38,37,29,51,19,45,34,47,32,38,37,40,40,44,31,44,32,42,39,48,37,37,28,46,38,43,38,38,40,42,36,33,37,45,45,46,48,36,44,47,28,39,38,28,44,32,48,47,48,34,29,43,48,42,35,44,9,44,35,24,32,38,51,40,39,39,44,32,38,19,44,41,39,35
38,37,37,36,44,61,39,30,44,32,30,37,34,48,36,44,46,45,38,29,42,33,16,52,31,51,23,33,46,0,44,46,43,39,33,34,32,45,39,36,31,42,42,42,47,27,47,44,53,50,49,51,40,41,41,46,40,27,14,47,31,40,47,46,39,32,35,13,38,45,52,35,30,34,45,43,42,44,46,47,45,45,39,41,4,2,43,40,41,38,37,45,38,34,42,49,34,37,22,35,38,56,38,38,34,35,51,36,45,46,41,36,51,44,41,44,42,18,42,43,43,19,41,46,38,47,43,32,48,45,41,43,43,50,40,37,32,42,44,41,46,43,42,44,35,33,41,36,38,40,41,42,32,44,44,42,38,31,35,52,46,42,50,47,43,36,42,38,51,26,50,46,47,29,45,41,30,40,46,51,44,42,43,29,48,44,43,45
33,34,30,6,41,59,34,31,44,25,26,35,2,43,37,40,34,14,32,21,24,23,44,33,23,46,34,23,36,44,0,51,29,33,24,37,32,31,35,33,23,38,6,22,43,33,26,21,40,42,37,34,26,26,30,22,38,41,43,18,23,37,49,22,24,18,5,33,20,29,39,22,24,41,31,38,26,42,24,26,40,6,28,38,40,39,16,39,37,27,50,28,36,21,26,45,25,34,41,35,37,44,30,28,26,38,31,22,55,44,36,20,46,41,35,36,30,33,34,39,6,24,28,39,30,34,28,31,43,44,22,43,29,23,37,44,10,38,34,31,31,31,35,35,34,33,38,20,37,43,39,2,30,43,40,36,35,24,38,42,35,49,22,27,20,27,32,46,46,41,47,41,26,34,36,35,43,40,36,46,38,41,34,28,28,36,20,29
36,44,41,43,47,56,19,27,45,37,40,43,39,47,38,45,45,35,44,35,16,25,48,62,29,36,46,35,24,46,51,0,43,47,24,47,38,38,42,46,35,45,43,36,47,44,35,36,28,43,49,40,35,44,43,41,10,46,46,39,35,44,47,33,39,20,44,51,27,45,57,32,16,49,34,46,16,23,38,43,33,44,38,43,48,39,37,44,49,47,49,32,41,51,36,38,40,48,45,23,43,36,42,46,42,43,36,43,49,31,44,47,35,26,46,42,6,45,36,43,28,31,16,47,42,29,27,51,35,46,42,44,51,38,41,46,39,41,40,43,49,40,42,45,20,28,42,47,49,46,47,48,51,44,37,47,44,44,38,36,49,4,38,32,37,40,46,46,36,44,28,48,10,34,50,47,35,49,44,40,45,45,47,37,34,42,37,42
28,35,35,41,33,59,33,7,38,13,40,32,29,41,36,31,45,27,35,15,38,13,45,55,13,36,46,13,34,43,29,43,0,32,12,33,37,34,43,36,13,34,31,26,41,46,45,41,34,32,48,50,29,26,35,43,43,52,53,39,13,33,48,25,37,36,43,43,18,34,51,14,37,41,37,35,39,31,28,40,37,28,29,34,53,52,32,37,43,40,44,41,42,33,42,50,13,37,43,33,43,28,38,40,43,34,40,23,49,38,35,31,40,36,32,34,29,43,42,35,46,36,34,35,40,30,35,34,34,48,37,47,36,41,33,38,24,36,34,42,34,31,40,34,29,30,34,31,47,50,42,36,34,40,36,33,37,6,37,39,47,49,40,40,20,40,44,35,40,50,49,39,39,35,35,32,47,34,38,54,34,42,36,23,31,33,37,40
9,17,17,18,14,44,17,26,15,16,13,22,34,16,20,29,15,15,1,18,25,16,43,43,16,10,35,16,44,39,33,47,32,0,16,2,15,9,10,8,16,16,22,16,26,37,38,20,31,27,39,47,26,29,2,22,29,43,45,12,16,9,40,33,6,19,25,33,20,12,50,14,19,35,29,14,17,20,25,23,16,39,21,9,45,45,12,12,17,33,47,31,38,18,28,40,18,13,23,20,38,42,24,35,15,22,38,19,48,39,14,5,15,19,7,9,32,33,36,14,44,26,30,14,24,27,38,8,13,16,25,16,23,32,9,24,28,14,14,20,14,24,12,14,14,17,16,5,33,21,16,37,8,19,10,8,24,26,22,17,39,44,32,32,20,30,28,10,15,35,42,15,32,38,25,7,39,18,33,46,14,22,34,31,21,8,29,21
15,25,25,27,28,51,18,7,23,1,29,23,20,25,23,20,29,9,17,3,29,1,36,35,1,24,31,1,20,33,24,24,12,16,0,21,18,17,30,22,1,21,13,10,35,32,33,11,37,31,46,40,8,14,16,13,25,41,41,26,1,18,48,10,21,16,31,34,12,14,49,2,24,32,22,33,19,14,9,33,29,30,17,20,46,50,20,22,26,33,45,17,28,20,31,48,3,23,28,22,28,26,24,33,29,24,29,11,54,30,23,17,28,13,15,19,22,35,22,21,46,35,20,22,24,23,36,14,23,33,22,33,16,34,18,28,14,21,28,32,22,14,30,28,11,21,21,17,27,35,25,31,14,28,23,15,24,6,24,32,45,44,34,33,11,31,41,16,28,35,41,23,39,36,20,14,43,24,32,48,28,24,39,20,29,15,23,21
9,19,19,22,10,51,11,25,17,14,8,23,35,18,18,33,21,15,3,19,26,15,46,50,21,19,39,15,36,34,37,47,33,2,21,0,18,11,8,16,21,17,18,16,24,39,41,21,36,31,40,46,36,31,2,15,35,48,41,13,21,12,41,34,7,20,20,37,35,11,51,13,22,35,30,10,20,17,18,25,24,36,21,15,41,44,12,10,20,30,37,32,38,15,27,46,23,15,20,20,38,48,28,33,9,29,40,24,56,39,16,5,20,18,9,16,37,38,33,18,33,21,18,11,29,28,42,10,18,14,26,12,32,42,12,29,35,17,10,29,11,24,12,10,14,20,17,5,38,25,19,44,10,22,17,10,25,25,23,20,39,40,41,43,23,33,37,16,13,24,46,17,37,38,36,9,31,20,39,46,10,11,38,36,18,10,30,21
12,28,29,18,29,63,12,28,29,15,22,26,32,31,20,29,32,4,16,17,17,16,36,46,14,25,44,14,39,32,32,38,37,15,18,18,0,10,30,23,20,28,14,21,36,43,44,12,38,27,48,43,31,20,18,14,39,44,37,29,20,23,38,33,22,23,22,32,19,25,52,13,26,29,26,32,25,13,11,32,28,45,20,15,35,38,19,14,33,32,48,27,32,27,26,51,20,29,24,18,32,49,27,33,28,31,50,18,56,40,22,16,25,13,22,22,30,34,27,34,49,24,9,23,27,24,28,19,24,28,17,30,27,41,23,29,34,28,29,27,31,26,26,29,15,17,28,16,35,34,32,35,20,32,25,23,26,25,30,36,49,38,41,34,20,39,39,17,27,29,43,28,25,36,33,22,33,32,34,49,29,28,45,28,33,23,27,25
6,20,25,21,29,61,2,27,25,16,26,34,32,20,30,28,19,25,16,18,6,13,36,42,15,23,38,19,40,45,31,38,34,9,17,11,10,0,19,24,13,22,19,5,26,35,28,10,23,25,38,35,19,26,15,9,20,49,32,20,13,26,36,21,12,10,27,44,24,13,52,13,16,35,6,20,8,2,9,23,30,37,22,10,38,48,23,10,22,39,50,14,28,27,23,50,17,18,25,8,27,43,11,41,26,36,44,16,51,22,11,15,30,2,11,18,12,45,16,20,43,34,4,19,11,31,20,17,19,23,17,19,30,25,19,32,28,20,21,29,21,28,19,25,6,2,20,15,24,32,25,31,17,25,15,12,32,18,36,26,36,30,25,32,16,40,37,11,26,30,24,19,18,35,28,11,34,25,38,41,21,16,48,33,25,12,23,27
31,4,6,27,14,51,15,33,22,28,15,25,33,21,22,31,13,31,9,30,30,30,38,48,27,19,29,30,34,39,35,42,43,10,30,8,30,19,0,5,30,28,35,24,25,35,42,31,34,14,51,45,37,33,17,22,25,47,42,12,30,14,48,39,6,17,29,46,30,22,51,29,17,51,29,13,21,20,22,31,25,42,33,23,41,43,26,24,20,42,46,37,37,16,15,36,27,6,32,15,37,41,38,41,16,25,49,27,56,37,19,19,13,30,19,14,37,46,34,26,47,24,30,14,37,27,36,8,14,13,34,16,39,41,15,21,30,26,13,13,13,39,14,14,27,28,27,19,36,25,18,46,7,23,12,19,23,32,25,12,51,46,41,29,37,19,39,22,19,12,38,22,39,28,44,19,33,19,44,55,13,5,45,30,12,12,45,31
26,1,1,17,19,44,18,34,16,24,13,20,20,17,18,28,18,28,17,26,23,24,41,49,24,11,29,24,30,36,33,46,36,8,22,16,23,24,5,0,24,20,35,21,21,29,44,23,32,16,43,43,26,27,7,23,34,41,37,22,24,10,43,30,6,17,25,27,17,16,48,24,13,44,28,11,17,31,23,20,17,39,32,14,38,39,15,17,16,31,43,37,33,16,12,40,26,1,22,18,33,42,33,31,14,20,35,14,56,45,15,8,13,27,8,14,34,27,39,20,45,24,29,10,33,17,39,5,17,15,28,15,32,45,10,22,24,20,19,10,9,37,9,19,32,26,22,8,39,18,15,45,5,18,18,9,20,28,20,21,43,48,45,28,39,28,32,15,17,11,44,16,39,20,34,8,21,16,42,48,19,3,34,28,15,9,40,25
15,23,25,27,28,51,18,7,23,1,25,24,15,25,20,21,30,13,17,3,16,1,41,35,1,24,31,1,25,31,23,35,13,16,1,21,20,13,30,24,0,21,13,10,25,32,30,14,24,31,45,48,5,14,16,16,29,47,41,29,1,18,36,7,21,17,33,35,7,14,46,2,24,34,24,27,9,14,9,27,27,31,17,17,47,47,14,18,27,31,45,21,28,18,32,45,3,23,30,13,29,23,20,32,24,24,34,9,54,32,18,17,24,18,15,19,23,36,23,21,41,27,16,22,20,18,38,14,19,33,17,35,16,26,18,28,15,21,28,29,22,14,28,22,16,18,21,18,27,35,27,29,14,30,19,15,22,7,24,26,44,45,26,31,11,31,39,18,24,31,34,23,26,31,18,14,42,24,27,48,28,24,35,15,28,15,23,17
24,23,21,32,18,58,26,31,7,21,26,34,43,10,30,38,22,20,15,23,33,21,43,53,21,15,44,21,47,42,38,45,34,16,21,17,28,22,28,20,21,0,27,27,24,46,39,23,37,30,49,55,38,32,17,23,40,48,42,34,23,15,50,41,22,26,32,42,27,13,56,19,22,42,37,26,22,32,23,32,24,48,15,22,37,40,20,21,10,45,51,37,49,29,31,46,25,21,28,23,50,54,37,45,25,34,46,27,61,42,18,20,16,28,11,16,43,42,44,2,50,35,37,17,36,39,43,22,17,21,35,21,37,41,15,34,37,2,18,30,18,35,20,18,29,28,2,20,37,17,10,43,22,22,15,13,34,31,34,21,50,44,41,45,26,43,44,19,17,34,45,8,42,45,41,13,45,11,45,56,21,15,46,37,24,11,42,17
11,36,36,2,33,52,31,15,31,12,19,25,6,30,17,26,37,8,23,15,24,13,41,28,13,24,30,13,22,42,6,43,31,22,13,18,14,19,35,35,13,27,0,14,41,32,34,14,31,42,44,30,23,17,22,12,36,36,43,15,15,23,42,21,27,17,7,28,25,19,46,12,31,32,34,36,16,19,18,16,36,12,22,28,43,45,10,23,39,34,45,17,39,13,27,37,17,38,28,21,40,35,15,34,17,9,20,16,53,46,29,20,28,22,23,30,32,29,31,28,18,15,28,31,15,30,40,28,24,34,14,36,23,31,23,24,6,25,33,38,39,18,36,33,26,23,29,20,38,40,35,6,27,37,23,25,11,17,29,26,43,47,29,21,10,27,36,31,28,19,50,32,37,24,27,23,36,34,37,49,33,42,40,28,41,24,13,23
4,22,22,26,31,64,9,18,33,9,24,32,31,26,25,33,37,8,17,14,16,10,30,36,10,29,29,10,31,42,22,36,26,16,10,16,21,5,24,21,10,27,14,0,34,33,15,6,16,34,33,29,21,10,22,8,22,51,34,21,12,28,45,23,17,22,23,41,23,16,47,8,27,33,17,38,28,3,6,26,29,45,20,21,39,40,22,24,35,45,39,5,22,30,20,52,11,31,27,32,27,36,14,45,18,25,48,16,47,23,27,13,24,4,21,28,16,45,12,22,45,35,7,30,14,14,25,20,19,30,21,36,14,20,28,23,24,23,31,36,29,12,34,28,8,6,23,13,16,36,33,34,20,31,17,22,30,15,30,29,28,31,20,30,16,30,40,27,24,37,22,33,32,33,16,21,38,29,37,33,31,26,44,28,26,27,13,25
33,18,16,38,20,53,32,33,19,31,35,34,42,28,39,41,19,38,17,33,31,31,48,57,31,20,51,31,48,47,43,47,41,26,35,24,36,26,25,21,25,24,41,34,0,46,47,34,27,19,51,50,26,40,24,37,44,53,49,34,33,4,39,37,30,29,44,45,37,25,50,33,31,50,25,13,24,25,35,43,10,50,32,15,50,53,36,10,23,48,50,42,49,31,38,46,33,17,23,33,47,53,38,43,34,40,44,36,51,46,6,32,8,28,15,5,39,51,36,22,50,39,34,9,38,36,41,34,25,16,25,16,42,47,6,39,40,28,20,21,11,39,16,20,27,28,24,32,38,21,24,48,34,20,22,24,41,33,42,14,51,49,47,41,32,46,43,16,20,34,49,20,41,44,42,14,33,25,34,53,13,25,39,41,19,23,45,35
30,30,30,24,46,22,34,40,48,38,42,8,49,47,9,37,44,33,38,38,29,39,26,49,39,43,5,39,52,27,33,44,46,37,32,39,43,35,35,29,32,46,32,33,46,0,38,48,36,38,40,34,47,49,30,45,36,15,26,36,32,40,45,49,45,29,27,17,45,39,33,36,39,40,46,45,33,38,50,31,49,40,43,41,26,25,31,40,46,17,15,26,17,37,41,29,40,30,36,29,14,54,31,14,44,10,52,27,56,47,44,30,43,39,41,43,33,12,41,46,46,18,35,41,31,32,32,28,41,43,37,43,52,35,40,10,36,46,46,40,45,45,41,46,42,40,45,30,50,49,45,33,28,46,42,42,10,38,8,48,41,53,34,21,33,19,19,44,43,29,54,45,36,38,49,42,41,48,42,36,53,28,22,48,41,44,36,37
19,45,46,37,46,55,34,34,42,30,38,33,43,46,33,35,46,41,39,33,26,30,51,56,30,46,36,30,45,47,26,35,45,38,33,41,44,28,42,44,30,39,34,15,47,38,0,33,45,46,43,44,17,37,43,40,27,40,49,35,30,44,42,17,43,45,44,49,39,40,55,32,38,44,18,41,42,27,38,36,41,49,42,41,54,51,37,45,46,48,51,10,46,32,44,50,31,44,44,45,49,44,32,46,40,43,37,43,47,36,43,35,46,27,36,45,27,46,28,45,56,47,31,50,30,45,37,42,49,47,40,47,44,15,48,40,26,39,46,46,42,40,44,46,32,22,39,35,27,48,47,34,42,41,43,36,34,33,28,45,40,30,17,41,36,35,35,45,46,50,36,44,24,37,42,35,48,50,40,49,46,42,38,39,45,37,26,39
2,20,22,15,30,54,10,20,24,15,16,15,27,27,13,28,29,14,21,16,21,14,40,28,9,24,47,14,37,44,21,36,41,20,11,21,12,10,31,23,14,23,14,6,34,48,33,0,18,26,30,26,25,10,13,2,35,50,37,22,16,18,41,27,16,19,21,26,16,18,42,9,19,18,24,32,11,8,6,18,29,36,20,23,33,29,7,22,30,32,39,11,18,25,29,51,18,20,27,14,20,39,11,34,18,15,44,13,37,34,29,16,19,9,16,22,26,30,22,26,40,29,16,26,11,8,30,16,25,27,17,29,14,31,18,15,26,23,30,25,29,12,31,30,19,13,23,16,22,35,29,41,16,30,19,17,16,20,15,26,28,42,31,27,13,30,29,24,21,22,45,27,27,36,16,16,27,24,38,43,30,26,27,26,34,24,11,20
12,32,32,39,31,63,32,36,37,30,32,27,34,34,26,41,29,33,24,35,17,22,41,41,22,29,37,22,41,53,40,28,34,31,37,36,38,23,34,32,24,37,31,16,27,36,45,18,0,31,42,40,21,12,31,8,34,44,41,36,24,27,41,22,23,24,32,45,23,28,52,25,32,35,27,32,33,34,14,37,27,52,42,32,42,54,34,33,39,49,44,26,39,29,38,47,35,27,45,30,32,50,31,49,34,26,53,37,37,38,31,34,28,33,31,28,21,48,28,38,53,39,30,29,31,16,27,40,31,37,39,31,27,37,28,27,32,37,35,30,35,23,39,33,27,23,35,34,8,47,41,45,40,36,37,29,24,25,26,28,40,31,37,23,35,36,39,32,29,25,33,37,22,35,33,31,18,37,30,51,32,35,39,39,38,29,25,38
33,9,9,39,31,40,31,36,31,33,19,39,32,32,30,34,28,26,26,36,23,28,44,53,33,25,38,32,46,50,42,43,32,27,31,31,27,25,14,16,31,30,42,34,19,38,46,26,31,0,47,39,24,37,27,28,38,45,43,30,31,26,39,39,12,20,31,37,36,23,57,28,26,50,28,28,13,27,29,33,22,49,34,28,42,42,32,23,35,42,48,42,33,20,18,44,34,9,28,20,33,42,42,42,29,32,37,34,46,45,29,24,26,24,20,24,31,37,27,27,44,31,28,28,42,20,32,22,20,27,30,25,41,34,22,26,39,30,24,8,25,40,26,25,28,26,28,24,29,29,28,46,22,32,28,23,29,33,29,25,49,48,34,26,32,38,30,29,25,21,37,32,40,33,42,20,29,31,44,55,26,20,48,34,22,19,38,30
29,44,44,35,50,26,39,50,50,42,46,35,41,51,41,46,45,37,40,42,35,46,43,18,43,46,41,47,47,49,37,49,48,39,46,40,48,38,51,43,45,49,44,33,51,40,43,30,42,47,0,16,32,38,44,32,36,41,54,48,41,45,50,43,44,39,34,40,41,43,2,42,45,38,38,49,44,38,36,35,49,49,43,45,37,35,39,50,47,11,32,45,11,50,44,30,47,44,45,40,6,53,45,6,46,14,49,28,30,46,44,43,46,37,43,46,46,38,42,49,45,43,37,47,44,38,45,38,45,48,44,48,33,44,44,38,39,49,48,44,48,39,41,48,39,37,49,43,34,48,50,39,38,50,46,45,26,48,24,48,5,47,42,37,32,37,25,46,46,38,45,50,50,37,40,44,38,47,32,16,48,34,46,24,46,41,16,45
25,44,44,33,45,40,32,43,49,39,40,33,42,49,31,53,46,33,48,38,36,48,40,18,43,50,39,48,35,51,34,40,50,47,40,46,43,35,45,43,48,55,30,29,50,34,44,26,40,39,16,0,35,34,37,28,28,36,51,35,37,48,50,38,29,36,30,35,39,46,14,42,44,37,46,50,35,32,32,32,41,39,47,46,40,38,33,46,52,11,42,39,11,42,44,27,43,44,39,40,6,43,40,6,42,14,45,31,24,34,49,40,50,37,45,45,36,33,29,53,40,43,33,47,41,31,40,36,49,48,40,49,36,37,46,32,41,50,49,38,48,35,45,45,39,33,46,40,35,57,49,38,36,50,48,44,28,46,34,44,21,45,36,13,32,26,37,51,50,34,53,50,44,33,33,45,33,51,36,32,49,32,45,29,50,46,16,43
24,27,31,34,32,55,32,19,33,9,38,31,26,34,28,28,33,19,29,8,19,5,48,45,5,26,46,5,24,40,26,35,29,26,8,36,31,19,37,26,5,38,23,21,26,47,17,25,21,24,32,35,0,32,35,23,30,51,47,25,5,25,37,2,21,25,30,51,20,22,34,8,30,41,15,31,25,30,21,33,35,32,27,30,51,47,24,31,31,43,53,28,45,34,34,46,8,31,36,32,45,18,26,46,37,36,42,20,47,34,29,31,26,27,23,27,33,51,25,33,45,38,28,34,26,23,25,32,25,39,25,39,24,19,26,33,18,28,26,28,26,30,39,28,25,19,28,31,26,41,41,33,32,33,35,23,37,10,35,26,35,39,19,35,27,35,29,31,26,36,34,29,30,22,34,22,43,36,28,49,31,32,27,20,31,23,35,27
12,29,29,35,32,61,27,20,39,14,29,21,33,37,27,30,34,14,22,16,26,14,49,33,14,23,48,14,37,41,26,44,26,29,14,31,20,26,33,27,14,32,17,10,40,49,37,10,12,37,38,34,32,0,30,10,43,55,42,38,13,25,41,26,29,23,32,48,22,20,53,13,37,25,31,33,18,20,4,22,28,39,23,29,39,44,17,33,38,38,54,23,26,24,38,48,14,26,36,21,27,45,28,39,28,25,51,20,48,31,28,21,31,25,32,30,35,48,24,33,45,34,28,28,28,14,31,19,22,35,21,35,4,43,24,20,35,34,32,37,30,2,37,32,27,27,31,21,12,40,36,37,18,35,18,32,21,20,27,37,36,40,43,27,16,30,34,28,20,28,22,37,35,39,6,32,29,38,35,48,30,32,38,33,29,30,19,25
19,8,8,14,15,49,9,29,17,16,15,19,41,17,17,28,17,15,3,18,29,16,40,43,16,13,30,16,43,41,30,43,35,2,16,2,18,15,17,7,16,17,22,22,24,30,43,13,31,27,44,37,35,30,0,15,31,38,39,13,16,12,41,31,7,21,22,32,25,13,47,13,16,34,33,12,20,21,18,25,12,44,21,11,42,47,12,10,20,40,39,28,37,13,19,48,18,8,19,20,37,47,30,38,17,21,34,18,54,45,12,3,18,23,9,12,32,28,40,19,34,27,18,10,30,28,34,9,12,16,27,16,22,33,12,19,27,17,11,27,10,30,9,11,28,21,17,3,33,18,17,37,9,21,11,10,21,25,21,19,42,48,32,27,20,25,31,12,18,35,48,17,39,30,24,9,36,16,34,46,17,17,34,28,15,10,29,21
4,22,22,17,23,56,12,24,23,15,18,17,31,25,15,26,28,18,14,18,22,16,42,30,11,20,43,11,35,46,22,41,43,22,13,15,14,9,22,23,16,23,12,8,37,45,40,2,8,28,32,28,23,10,15,0,37,52,40,22,18,17,42,25,18,19,16,34,18,18,44,11,15,20,30,28,16,10,6,20,26,38,20,25,34,31,8,26,28,34,43,14,20,27,32,48,20,22,27,16,22,46,15,34,16,17,43,17,37,29,31,14,22,13,24,23,28,35,16,26,44,35,12,24,15,6,33,14,17,30,17,30,14,39,18,17,25,23,23,29,23,12,29,23,23,19,21,14,8,37,29,41,14,31,20,16,18,24,17,22,30,50,39,29,13,32,33,28,18,8,45,26,37,38,16,24,29,24,43,43,22,30,27,33,29,24,13,20
23,39,37,31,41,52,25,40,43,25,36,42,33,40,42,39,40,36,37,31,31,25,49,58,24,20,37,29,9,40,38,10,43,29,25,35,39,20,25,34,29,40,36,22,44,36,27,35,34,38,36,28,30,43,31,37,0,49,47,21,23,31,42,23,17,19,41,47,12,31,51,31,14,45,22,38,32,21,31,37,23,34,32,36,53,40,40,36,47,40,52,29,50,44,38,32,28,39,44,34,50,39,33,43,41,46,46,40,41,30,33,30,20,16,39,34,8,46,32,38,41,41,22,41,33,37,20,38,28,40,39,38,34,16,31,48,45,37,41,37,35,40,36,41,13,26,40,30,33,42,45,37,38,41,23,36,40,35,38,25,37,18,18,37,35,46,39,35,20,33,22,42,10,38,39,39,38,45,39,30,38,37,40,33,41,40,25,43
49,42,44,34,46,38,46,46,48,45,45,14,34,52,13,42,50,37,44,40,39,40,41,31,44,46,18,40,53,27,41,46,52,43,41,48,44,49,47,41,47,48,36,51,53,15,40,50,44,45,41,36,51,55,38,52,49,0,35,43,38,42,51,50,49,35,34,9,53,40,43,46,45,44,48,45,39,46,53,39,46,46,52,43,32,36,33,40,52,25,6,31,11,31,46,34,40,44,39,37,9,57,22,26,47,14,37,28,46,51,46,40,46,52,46,43,41,5,38,49,45,37,47,46,24,40,28,35,46,47,38,45,44,46,44,14,42,48,46,44,44,55,42,46,50,49,45,40,54,48,47,45,34,47,47,44,12,49,14,53,30,50,45,30,43,28,29,46,46,43,49,49,41,37,55,47,43,49,39,33,50,38,38,40,46,47,44,44
33,39,39,42,45,62,26,43,40,40,34,40,47,44,37,42,43,48,46,40,42,41,22,37,36,49,26,41,50,14,43,46,53,45,41,41,37,32,42,37,41,42,43,34,49,26,49,37,41,43,54,51,47,42,39,40,47,35,0,42,41,38,49,52,41,37,42,32,43,51,58,42,43,36,49,43,40,29,37,46,46,49,45,40,18,4,38,36,50,40,39,41,28,26,43,47,36,38,26,40,31,55,38,41,36,35,50,40,49,47,38,43,48,30,41,38,35,34,36,46,56,28,28,40,38,45,47,39,51,43,46,44,46,45,38,39,40,41,45,45,42,43,42,45,39,34,40,42,44,39,44,48,39,41,50,37,40,41,37,51,37,47,44,39,45,41,43,41,48,32,50,40,46,38,46,41,33,47,47,59,45,42,44,40,43,37,38,42
17,19,27,36,26,40,25,35,37,22,28,27,38,31,27,25,35,33,13,26,24,29,46,51,28,17,37,29,32,47,18,39,39,12,26,13,29,20,12,22,29,34,15,21,34,36,35,22,36,30,48,35,25,38,13,22,21,43,42,0,26,24,46,31,6,38,43,41,28,24,55,21,31,47,26,33,33,21,31,33,29,27,31,28,51,45,41,25,35,36,49,25,46,33,2,34,31,21,38,31,44,39,18,35,27,24,44,33,56,29,30,23,17,20,26,31,23,41,17,33,47,34,24,30,16,30,27,19,17,33,26,25,45,39,28,42,20,32,24,18,26,33,33,26,22,22,33,23,31,30,30,28,19,39,18,28,30,30,26,19,52,46,40,37,33,44,42,28,17,19,34,34,34,36,35,26,28,34,34,59,25,24,35,34,28,26,29,41
15,23,25,27,28,51,18,7,23,1,25,24,15,25,20,21,30,13,17,3,16,1,41,35,1,23,31,1,25,31,23,35,13,16,1,21,20,13,30,24,1,23,15,12,33,32,30,16,24,31,41,37,5,13,16,18,23,38,41,26,0,18,39,7,30,17,29,41,7,14,44,2,31,32,17,27,20,14,9,31,27,25,17,17,47,43,14,18,27,33,45,23,28,24,34,53,3,25,26,18,28,23,22,33,26,24,32,9,53,32,18,17,28,18,15,19,23,42,23,21,45,35,16,22,22,24,29,14,19,33,17,35,15,26,18,28,15,21,28,31,22,13,30,22,12,14,21,17,27,37,27,30,14,28,19,15,22,7,24,31,42,46,26,32,11,31,40,18,28,28,36,23,34,39,17,14,34,24,37,48,28,24,37,15,30,15,23,21
29,9,10,28,4,55,26,28,11,18,18,31,39,14,31,36,7,24,8,26,27,18,41,50,18,6,40,18,42,40,37,44,33,9,18,12,23,26,14,10,18,15,23,28,4,40,44,18,27,26,45,48,25,25,12,17,31,42,38,24,18,0,39,29,16,24,31,44,26,11,45,16,20,41,27,5,22,27,15,27,6,45,22,4,43,45,17,5,15,39,43,38,44,28,27,50,20,10,20,18,44,43,35,38,23,28,45,24,51,36,3,15,5,28,5,7,27,42,35,17,42,33,33,4,34,31,36,22,11,10,33,5,27,39,2,32,41,15,3,21,4,25,8,4,27,21,15,15,28,18,12,39,22,16,12,5,31,27,33,13,44,41,39,34,23,37,36,4,6,24,41,12,38,41,25,5,33,16,36,52,5,16,40,32,19,4,40,23
46,42,43,44,43,55,36,36,39,40,51,45,39,43,42,30,39,38,41,32,39,39,46,62,38,29,46,39,40,47,49,47,48,40,48,41,38,36,48,43,36,50,42,45,39,45,42,41,41,39,50,50,37,41,41,42,42,51,49,46,39,39,0,38,30,36,41,47,28,41,56,46,37,52,42,37,41,39,39,38,33,48,45,36,51,54,42,37,43,40,54,41,49,48,44,49,45,40,42,35,50,49,39,41,49,42,48,44,57,43,35,40,30,43,38,44,35,46,34,49,47,44,46,40,38,36,39,41,34,40,33,39,46,47,44,43,34,41,40,28,39,44,42,40,39,38,46,40,46,46,45,37,41,43,37,39,38,46,44,40,49,52,47,45,46,42,47,37,30,45,45,45,44,38,40,38,36,45,20,60,45,43,44,31,40,37,47,47
26,31,33,32,34,54,34,15,35,11,39,42,26,38,41,28,35,23,34,10,17,7,47,47,7,29,50,7,22,46,22,33,25,33,10,34,33,21,39,30,7,41,21,23,37,49,17,27,22,39,43,38,2,26,31,25,23,50,52,31,7,29,38,0,31,22,37,48,4,17,43,10,27,44,17,37,23,32,28,31,33,26,29,32,55,47,30,33,36,41,53,26,36,35,37,55,10,35,35,33,41,16,30,43,38,37,41,24,47,35,31,31,29,29,28,29,23,49,22,41,41,30,30,36,30,23,30,35,26,37,32,32,38,20,29,35,28,41,32,26,32,44,37,32,27,21,41,31,23,44,43,25,35,33,30,29,31,27,32,28,31,47,20,32,26,39,30,31,29,43,24,40,28,24,35,28,37,42,32,41,32,32,30,29,42,27,37,25
13,7,7,32,16,42,20,34,23,21,28,33,35,28,29,26,21,19,7,24,19,30,35,53,20,9,45,30,27,39,24,39,37,6,21,7,22,12,6,6,21,22,27,17,30,45,43,16,23,12,44,29,21,29,7,18,17,49,41,6,30,16,30,31,0,26,31,48,21,22,52,19,15,47,23,17,25,19,32,32,21,43,28,19,46,50,21,19,22,41,47,20,43,24,22,36,36,7,28,21,43,39,23,42,17,30,47,25,51,42,16,7,9,19,13,26,20,48,21,24,41,24,25,16,21,27,32,7,9,27,32,20,42,43,22,31,20,28,16,6,15,38,18,16,15,17,28,8,29,25,21,41,8,26,8,15,29,33,31,9,46,50,43,18,24,29,26,19,9,20,39,25,31,24,34,13,28,22,30,49,16,8,34,24,14,14,39,26
23,16,16,24,25,44,11,29,26,21,17,13,24,28,12,33,25,6,18,24,4,17,36,46,18,24,30,21,43,32,18,20,36,19,16,20,23,10,17,17,17,26,17,22,29,29,45,19,24,20,39,36,25,23,21,19,19,35,37,38,17,24,36,22,26,0,38,28,35,20,43,18,6,43,8,23,2,11,20,21,20,38,31,25,38,39,9,26,25,27,29,33,35,32,27,36,25,18,21,6,35,55,32,27,17,14,33,30,46,31,26,15,24,10,23,23,10,23,28,26,41,20,17,23,32,26,10,17,31,25,30,25,34,37,21,18,26,26,25,21,21,21,21,25,4,12,26,15,30,29,26,35,17,23,25,23,18,20,14,29,48,22,36,17,21,24,23,26,24,14,50,27,10,22,30,23,37,24,29,43,25,19,20,39,35,24,26,16
22,26,26,2,31,55,28,29,34,29,21,19,21,33,22,27,31,28,26,24,39,31,39,45,32,36,26,29,21,35,5,44,43,25,31,20,22,27,29,25,33,32,7,23,44,27,44,21,32,31,34,30,30,32,22,16,41,34,42,43,29,31,41,37,31,38,0,30,13,30,45,32,23,28,34,28,39,34,25,18,37,11,37,31,35,42,32,31,31,25,39,37,31,34,30,44,34,26,30,35,32,42,40,26,23,28,30,16,49,38,32,12,34,34,29,30,37,31,31,35,11,34,25,30,40,30,35,22,33,36,16,31,22,46,30,23,26,33,29,33,31,28,32,29,28,23,32,12,33,32,32,23,22,37,35,30,17,35,20,36,31,48,44,31,25,26,34,32,34,20,43,33,39,25,28,29,32,27,37,38,29,29,31,38,33,30,27,37
39,34,28,27,44,41,40,43,41,33,32,10,43,43,9,46,39,30,34,44,31,34,24,28,39,42,12,37,52,13,33,51,43,33,34,37,32,44,46,27,35,42,28,41,45,17,49,26,45,37,40,35,51,48,32,34,47,9,32,41,41,44,47,48,48,28,30,0,47,38,47,38,40,36,45,39,34,40,31,29,45,36,43,38,26,24,33,41,46,24,9,30,6,27,45,38,36,34,31,36,9,54,23,26,34,10,44,20,43,48,39,26,42,41,40,37,30,5,44,45,50,29,41,35,25,39,34,29,43,37,40,39,41,38,44,10,39,44,42,40,41,48,41,44,43,40,42,26,48,44,43,42,29,42,44,36,9,45,10,46,44,49,38,24,31,16,26,39,42,32,50,43,41,31,47,40,38,46,41,26,40,44,23,47,40,36,32,37
26,18,18,10,28,54,23,12,30,7,30,28,22,31,31,20,36,25,30,11,13,7,41,50,7,28,45,7,8,38,20,27,18,20,12,35,19,24,30,17,7,27,25,23,37,45,39,16,23,36,41,39,20,22,25,18,12,53,43,28,7,26,28,4,21,35,13,47,0,23,39,6,16,45,21,31,27,15,16,10,27,35,21,24,49,48,18,25,29,47,51,28,41,34,30,45,12,18,29,26,42,16,26,48,28,34,35,16,42,20,29,28,38,14,21,27,22,44,6,29,22,39,16,34,24,17,32,30,31,32,29,32,26,35,26,33,18,27,28,24,30,24,30,28,18,30,27,29,19,34,31,21,30,32,26,21,29,11,29,28,40,38,36,33,10,42,31,28,28,32,32,27,32,26,28,20,34,26,39,33,28,19,39,14,30,21,28,30
18,16,17,28,15,47,29,24,16,14,20,29,39,16,26,27,15,13,11,16,27,14,53,47,14,8,39,14,29,45,29,45,34,12,14,11,25,13,22,16,14,13,19,16,25,39,40,18,28,23,43,46,22,20,13,18,31,40,51,24,14,11,41,17,22,20,30,38,23,0,46,12,26,38,23,26,19,23,16,28,18,46,20,18,49,50,14,19,17,40,49,33,43,24,24,38,16,17,35,20,43,44,31,40,20,28,45,19,52,41,17,12,6,20,6,16,34,40,31,16,48,28,27,17,30,31,32,11,6,21,31,17,24,40,11,28,37,15,15,20,11,22,21,19,29,21,13,11,30,27,16,33,10,26,7,6,29,26,28,6,45,41,40,36,19,32,41,14,7,32,43,25,33,40,33,6,35,15,40,52,15,15,41,29,24,4,33,17
45,52,50,39,50,28,59,48,50,49,50,17,46,54,27,50,53,48,49,45,41,44,51,54,48,53,37,45,44,52,39,57,51,50,49,51,52,52,51,48,46,56,46,47,50,33,55,42,52,57,2,14,34,53,47,44,51,43,58,55,44,45,56,43,52,43,45,47,39,46,0,50,48,53,43,53,51,54,45,50,52,51,50,48,57,47,45,52,52,17,40,55,24,40,49,23,48,50,46,40,33,43,46,16,52,24,56,53,59,45,49,40,54,45,45,50,53,41,49,58,36,49,57,54,47,36,31,44,56,51,54,50,50,53,46,38,50,56,50,51,50,57,46,50,49,49,56,40,38,54,51,46,44,50,50,46,36,50,14,51,25,34,53,37,43,35,29,49,53,38,57,52,52,36,58,45,36,52,40,28,52,49,9,33,54,46,41,51
11,23,21,30,26,57,13,8,21,2,21,23,14,23,23,18,28,8,15,4,21,2,42,34,2,20,36,2,26,35,22,32,14,14,2,13,13,13,29,24,2,19,12,8,33,36,32,9,25,28,42,42,8,13,13,11,31,46,42,21,2,16,46,10,19,18,32,38,6,12,50,0,23,31,26,31,19,7,9,30,17,24,15,16,52,41,12,14,24,32,43,18,27,20,32,51,4,23,28,18,28,20,23,32,23,23,24,8,49,32,17,15,18,16,13,17,24,37,20,21,36,31,16,22,23,20,35,14,18,33,21,33,17,31,16,27,14,19,26,27,20,15,25,20,10,12,19,15,23,29,25,29,14,27,16,13,21,8,23,24,41,44,31,31,8,30,36,21,18,28,44,21,39,34,19,12,43,26,44,40,26,23,34,18,25,13,20,19
27,19,17,21,19,56,19,29,23,22,21,35,35,29,23,35,24,10,18,25,14,31,41,47,27,25,40,24,33,30,24,16,37,19,24,22,26,16,17,13,24,22,31,27,31,39,38,19,32,26,45,44,30,37,16,15,14,45,43,31,31,20,37,27,15,6,23,40,16,26,48,23,0,45,16,18,4,11,14,16,30,34,22,22,46,50,19,21,25,37,45,38,33,28,30,43,25,14,20,12,33,35,35,38,18,32,44,32,54,41,24,22,26,6,23,21,10,43,26,26,32,30,8,15,36,32,36,13,20,19,25,19,44,43,21,30,38,23,19,19,19,39,16,19,6,14,23,22,38,23,24,44,12,23,19,22,28,31,32,30,43,45,43,35,28,42,43,23,26,27,26,25,25,25,46,23,32,20,42,52,18,17,35,24,21,20,33,18
29,43,47,27,43,63,33,41,43,33,36,29,35,46,35,33,44,34,36,38,46,32,41,36,32,50,40,32,44,34,41,49,41,35,32,35,29,35,51,44,34,42,32,33,50,40,44,18,35,50,38,37,41,25,34,20,45,44,36,47,32,41,52,44,47,43,28,36,45,38,53,31,45,0,43,44,43,37,26,19,45,50,41,43,40,29,39,44,47,42,45,34,26,37,39,53,36,43,37,42,27,52,33,39,42,36,46,35,55,46,44,40,46,36,40,41,42,37,40,47,39,38,33,43,34,25,44,36,43,44,39,46,28,50,38,37,39,43,42,47,43,28,48,42,34,39,43,40,35,52,47,36,35,44,45,41,31,36,31,51,35,47,50,39,38,35,40,44,50,41,50,45,37,40,29,40,43,48,31,48,48,48,38,43,48,41,21,48
18,25,25,29,31,60,11,34,36,29,28,40,28,33,36,31,30,35,24,23,4,19,47,52,18,27,45,17,28,45,31,34,37,29,22,30,26,6,29,28,24,37,34,17,25,46,18,24,27,28,38,46,15,31,33,30,22,48,49,26,17,27,42,17,23,8,34,45,21,23,43,26,16,43,0,34,18,22,29,39,23,44,31,24,50,39,36,28,38,40,51,32,43,29,28,53,20,25,38,12,40,42,25,48,29,39,32,25,37,25,22,27,27,10,25,24,16,43,30,34,50,42,23,26,25,28,16,30,26,37,25,32,36,11,25,38,38,35,25,22,36,38,32,25,12,4,37,27,27,36,39,29,30,33,36,24,44,27,36,22,38,24,11,34,26,48,40,28,27,36,28,34,26,40,38,25,32,38,37,44,24,37,46,33,24,25,29,37
38,9,9,32,3,54,14,29,24,33,20,33,43,25,32,35,9,29,14,29,30,27,43,60,33,6,45,27,41,43,38,46,35,14,33,10,32,20,13,11,27,26,36,38,13,45,41,32,32,28,49,50,31,33,12,28,38,45,43,33,27,5,37,37,17,23,28,39,31,26,53,31,18,44,34,0,22,35,36,30,13,52,34,5,42,39,25,20,15,40,44,44,50,25,32,46,35,14,26,26,50,47,44,40,21,33,52,33,54,42,5,15,11,35,12,7,36,39,36,23,52,36,31,3,44,29,38,18,9,3,34,3,34,47,5,33,46,25,3,21,2,26,5,2,35,30,24,15,36,14,13,38,18,17,9,16,33,35,33,9,49,38,47,35,36,35,38,9,7,21,42,19,36,39,35,12,31,17,46,54,3,13,42,40,15,12,44,29
26,17,19,36,21,33,11,29,26,9,9,17,30,25,15,33,22,6,18,20,11,20,35,47,20,22,32,20,37,42,26,16,39,17,19,20,25,8,21,17,9,22,16,28,24,33,42,11,33,13,44,35,25,18,20,16,32,39,40,33,20,22,41,23,25,2,39,34,27,19,51,19,4,43,18,22,0,7,17,23,14,40,24,21,36,35,4,19,25,25,39,30,27,32,23,39,24,19,24,2,27,45,30,25,17,18,38,26,47,40,22,25,16,6,19,20,10,33,24,26,41,24,8,19,29,27,26,19,25,24,25,28,24,41,21,14,22,25,20,23,23,22,18,21,10,20,22,25,29,27,25,34,19,27,21,22,18,29,14,15,46,26,41,21,21,24,29,24,25,16,36,26,16,33,28,19,38,25,46,45,20,19,26,33,24,21,21,15
5,32,32,36,35,59,2,26,31,13,21,39,35,30,32,35,32,25,21,14,7,14,40,41,14,28,37,14,27,44,42,23,31,20,14,17,13,2,20,31,14,32,19,3,25,38,27,8,34,27,38,32,30,20,21,10,21,46,29,21,14,27,39,32,19,11,34,40,15,23,54,7,11,37,22,35,7,0,10,37,31,38,21,12,36,44,23,12,34,42,50,10,24,31,28,53,18,27,32,13,29,37,15,42,24,33,49,22,54,23,19,26,31,1,22,26,17,41,15,30,48,37,6,21,15,32,17,21,22,31,20,31,27,32,21,33,31,28,33,26,32,25,31,36,3,7,30,26,31,31,32,38,21,34,20,21,33,23,33,34,35,33,32,41,21,27,42,13,30,36,23,26,27,35,33,22,37,33,41,36,37,28,45,22,30,30,22,26
8,25,25,20,24,61,16,20,30,8,27,21,30,26,19,26,26,15,25,12,22,9,42,34,9,17,49,9,37,46,24,38,28,25,9,18,11,9,22,23,9,23,18,6,35,50,38,6,14,29,36,32,21,4,18,6,31,53,37,31,9,15,39,28,32,20,25,31,16,16,45,9,14,26,29,36,17,10,0,20,22,38,19,24,42,35,11,25,25,40,47,21,24,29,42,51,11,25,29,17,26,39,18,40,20,22,48,15,41,23,25,16,16,14,23,23,27,38,16,29,43,35,12,22,17,12,34,15,16,27,16,29,8,42,16,21,30,23,18,25,28,6,31,24,18,14,22,16,14,34,30,42,14,30,13,15,22,20,22,23,34,46,42,33,13,28,35,23,16,10,26,23,40,36,10,23,31,31,32,43,20,25,46,27,28,15,17,19
25,23,23,14,33,54,25,30,31,32,18,24,16,33,19,16,36,28,24,33,25,31,40,49,31,34,31,33,20,47,26,43,40,23,33,25,32,23,31,20,27,32,16,26,43,31,36,18,37,33,35,32,33,22,25,20,37,39,46,33,31,27,38,31,32,21,18,29,10,28,50,30,16,19,39,30,23,37,20,0,33,36,34,28,45,41,33,26,31,28,43,26,31,23,35,43,31,23,28,18,31,36,27,33,24,23,26,6,46,32,30,26,39,32,25,29,34,32,47,31,26,29,32,27,27,27,39,28,37,28,29,28,31,30,27,26,12,32,33,36,21,25,25,33,32,33,33,26,42,32,29,23,28,36,34,26,24,35,24,31,40,55,31,32,10,34,40,29,34,13,40,32,35,16,33,25,30,26,37,44,33,23,43,6,41,26,36,35
29,18,17,36,18,43,24,32,15,27,30,37,42,23,35,27,17,24,16,29,32,27,52,54,27,18,49,27,36,45,40,33,37,16,29,24,28,30,25,17,27,24,36,29,10,49,41,29,27,22,49,41,35,28,12,26,23,46,46,29,27,6,33,33,21,20,37,45,27,18,52,17,30,45,23,13,14,31,22,33,0,48,28,15,48,50,25,20,24,40,46,34,43,32,40,41,29,10,33,21,43,36,36,41,31,39,42,32,59,35,12,25,18,30,15,11,35,43,27,24,48,30,33,11,35,27,29,27,20,10,35,14,32,43,10,40,44,21,14,11,9,29,14,14,31,32,23,25,35,18,22,41,27,19,8,15,38,24,37,20,45,37,43,27,30,44,44,16,18,26,35,21,31,34,39,14,30,25,39,56,13,20,45,41,21,15,38,31
44,40,40,12,51,54,38,31,50,31,34,31,6,49,34,24,51,24,40,30,35,25,42,54,25,41,41,25,28,45,6,44,28,39,30,36,45,37,42,39,31,48,12,45,50,40,49,36,52,49,49,39,32,39,44,38,34,46,49,27,25,45,48,26,43,38,11,36,35,46,51,24,34,50,44,52,40,38,38,36,48,0,37,46,45,47,26,43,50,38,39,36,35,36,14,40,34,46,41,42,35,50,32,39,39,42,6,12,51,48,46,32,43,39,46,46,46,31,40,49,2,33,41,49,31,48,26,30,46,49,34,48,44,47,46,39,16,48,47,41,45,50,50,45,36,48,51,32,50,50,47,18,30,49,48,46,30,31,28,41,38,40,47,46,34,35,37,47,45,39,46,48,26,30,50,46,52,51,38,56,49,45,35,12,43,47,44,44
21,27,26,33,28,61,19,23,17,17,27,33,29,22,32,34,31,18,22,19,29,17,47,48,17,23,43,17,39,39,28,38,29,21,17,21,20,22,33,32,17,15,22,20,32,43,42,20,42,34,43,47,27,23,21,20,32,52,45,31,17,22,45,29,28,31,37,43,21,20,50,15,22,41,31,34,24,21,19,34,28,37,0,22,46,48,22,21,25,39,49,27,36,31,34,49,19,28,31,23,35,39,29,39,29,31,41,23,53,43,23,23,23,18,18,30,27,41,33,15,45,37,22,30,29,28,38,29,23,32,25,33,33,40,22,33,29,13,28,28,28,27,29,28,23,20,13,23,41,31,23,33,29,21,23,18,33,25,31,31,45,47,40,42,22,36,42,22,23,32,46,20,39,37,31,20,42,24,43,54,27,27,41,31,28,20,30,14
22,15,15,29,10,52,12,29,14,15,22,30,37,15,28,34,10,15,10,23,25,17,41,47,17,20,43,17,39,41,38,43,34,9,20,15,15,10,23,14,17,22,28,21,15,41,41,23,32,28,45,46,30,29,11,25,36,43,40,28,17,4,36,32,19,25,31,38,24,18,48,16,22,43,24,5,21,12,24,28,15,46,22,0,39,42,18,3,19,40,44,31,37,23,34,45,22,15,22,21,37,46,33,40,23,30,48,23,55,40,1,16,15,16,6,3,32,42,36,16,45,28,21,10,33,35,39,18,9,4,21,3,32,42,6,32,37,18,8,22,12,30,8,8,18,18,19,16,37,16,20,42,18,20,8,10,31,28,31,17,48,45,40,42,23,34,43,2,15,25,45,14,39,34,34,5,38,19,29,52,12,20,38,36,15,11,36,23
37,43,39,35,44,62,39,41,46,44,36,38,34,37,30,43,44,41,47,48,37,47,14,47,47,46,24,47,42,4,40,48,53,45,46,41,35,38,41,38,47,37,43,39,50,26,54,33,42,42,37,40,51,39,42,34,53,32,18,51,47,43,51,55,46,38,35,26,49,49,57,52,46,40,50,42,36,36,42,45,48,45,46,39,0,14,35,46,50,31,30,45,30,36,49,54,48,39,18,42,32,59,44,33,38,37,46,34,48,46,40,37,47,36,43,39,42,28,34,51,48,34,28,42,45,39,43,34,54,44,37,42,43,53,39,33,46,42,45,43,42,41,40,44,40,46,37,36,48,42,47,47,34,42,50,46,33,52,35,50,35,54,53,43,38,40,39,40,52,32,48,40,38,37,45,43,47,42,44,45,45,38,36,36,46,46,40,37
36,40,40,39,40,62,46,47,42,49,36,37,43,42,27,48,42,41,51,42,47,43,16,55,43,53,22,43,47,2,39,39,52,45,50,44,38,48,43,39,47,40,45,40,53,25,51,29,54,42,35,38,47,44,47,31,40,36,4,45,43,45,54,47,50,39,42,24,48,50,47,41,50,29,39,39,35,44,35,41,50,47,48,42,14,0,33,43,48,25,40,46,45,37,42,53,48,46,22,40,44,55,43,28,28,33,45,38,56,49,40,41,51,43,40,41,43,27,46,51,49,31,37,41,44,39,49,32,51,47,49,42,35,51,41,43,37,40,42,38,45,40,44,40,41,44,40,41,50,37,43,44,32,42,50,39,37,46,35,48,36,50,51,36,49,38,40,40,49,40,53,38,41,42,38,40,51,45,50,41,42,37,33,42,47,44,45,37
19,16,24,21,21,54,23,26,22,14,21,16,24,21,14,24,26,6,12,16,18,14,33,46,20,22,31,14,42,43,16,37,32,12,20,12,19,23,26,15,14,20,10,22,36,31,37,7,34,32,39,33,24,17,12,8,40,33,38,41,14,17,42,30,21,9,32,33,18,14,45,12,19,39,36,25,4,23,11,33,25,26,22,18,35,33,0,21,22,29,37,32,31,18,29,44,20,16,23,5,31,46,28,29,22,16,32,12,48,39,29,11,22,18,14,21,24,31,32,23,30,20,29,22,28,22,33,10,17,26,21,30,21,41,17,12,16,21,21,28,25,19,23,21,22,22,20,11,29,30,24,22,10,27,15,15,16,20,20,24,41,44,40,24,12,22,28,21,22,14,46,22,26,18,23,14,34,29,34,46,22,23,34,32,26,15,22,16
25,17,18,28,22,57,12,27,16,18,21,32,34,12,27,40,18,20,15,21,26,18,49,49,18,20,40,18,39,40,39,44,37,12,22,10,14,10,24,17,18,21,23,24,10,40,45,22,33,23,50,46,31,33,10,26,36,40,36,25,18,5,37,33,19,26,31,41,25,19,52,14,21,44,28,20,19,12,25,26,20,43,21,3,46,43,21,0,23,38,46,34,36,25,31,47,25,13,18,21,36,51,31,37,22,28,48,21,60,44,2,17,14,16,7,5,38,38,34,15,45,31,18,6,31,36,38,20,14,13,15,8,32,44,6,34,35,16,12,21,8,30,7,12,12,18,19,17,38,17,18,43,20,21,14,8,30,28,30,16,48,44,43,41,26,36,44,6,16,36,44,12,38,39,34,6,37,21,30,53,12,19,39,32,16,5,38,26
35,16,17,27,22,57,22,33,10,27,25,41,39,2,33,37,17,31,16,28,37,27,48,54,26,18,46,27,42,41,37,49,43,17,26,20,33,22,20,16,27,10,39,35,23,46,46,30,39,35,47,52,31,38,20,28,47,52,50,35,27,15,43,36,22,25,31,46,29,17,52,24,25,47,38,15,25,34,25,31,24,50,25,19,50,48,22,23,0,40,53,41,49,34,36,50,29,15,31,24,49,54,40,39,30,32,48,29,58,47,21,22,24,32,12,19,44,46,43,2,42,39,33,18,40,37,39,24,20,15,40,17,42,49,16,37,43,10,21,32,14,42,15,22,31,28,10,23,41,24,2,45,25,20,20,14,38,38,41,22,46,50,49,46,39,41,48,21,28,25,52,12,44,47,45,14,38,6,46,57,21,18,49,40,20,12,43,19
44,32,32,20,40,55,37,38,41,38,42,16,22,46,9,22,42,33,36,39,29,33,44,32,33,38,20,33,50,38,27,47,40,33,33,30,32,39,42,31,31,45,34,45,48,17,48,32,49,42,11,11,43,38,40,34,40,25,40,36,33,39,40,41,41,27,25,24,47,40,17,32,37,42,40,40,25,42,40,28,40,38,39,40,31,25,29,38,40,0,17,42,14,29,39,53,34,32,35,33,23,58,41,5,28,9,39,23,35,39,41,36,38,40,35,39,43,26,45,45,32,39,40,40,41,30,31,30,38,41,36,43,47,39,36,16,36,43,41,40,40,43,36,40,42,39,43,36,51,47,43,35,30,42,39,36,20,39,14,42,6,50,39,34,35,16,34,41,38,24,48,41,42,37,49,35,41,43,46,15,39,31,28,26,45,36,29,40
37,42,42,35,46,23,44,41,50,47,45,14,38,49,13,37,48,40,48,43,28,45,53,44,44,49,18,45,55,37,50,49,44,47,45,37,48,50,46,43,45,51,45,39,50,15,51,39,44,48,32,42,53,54,39,43,52,6,39,49,45,43,54,53,47,29,39,9,51,49,40,43,45,45,51,44,39,50,47,43,46,39,49,44,30,40,37,46,53,17,0,27,23,38,50,13,40,42,31,43,21,56,28,26,47,14,41,40,50,36,44,41,49,50,42,43,28,5,42,49,49,39,41,41,29,34,27,36,49,44,40,41,50,48,44,14,44,52,48,47,47,49,46,48,43,49,51,41,53,48,44,45,36,51,50,43,12,35,14,49,33,48,47,23,46,34,19,42,49,34,53,49,42,31,53,41,45,48,52,45,48,41,31,44,44,45,48,50
9,37,37,36,40,50,14,27,40,16,28,27,27,38,22,42,42,26,32,18,14,23,44,34,23,38,27,23,35,45,28,32,41,31,17,32,27,14,37,37,21,37,17,5,42,26,10,11,26,42,45,39,28,23,28,14,29,31,41,25,23,38,41,26,20,33,37,30,28,33,55,18,38,34,32,44,30,10,21,26,34,36,27,31,45,46,32,34,41,42,27,0,30,30,34,44,18,37,38,38,33,44,13,39,30,30,42,19,49,20,37,33,34,19,37,38,24,33,25,36,41,39,14,42,11,30,26,36,31,36,22,43,29,17,37,23,25,35,41,40,40,29,33,41,17,15,30,34,27,42,41,40,36,35,28,36,27,28,25,39,45,38,19,23,26,23,37,37,34,43,33,42,31,34,30,37,45,42,35,44,41,37,34,35,36,36,19,33
18,35,36,33,49,42,23,42,51,25,40,10,28,47,9,30,49,26,39,28,34,28,36,10,26,49,14,28,48,38,36,41,42,38,28,38,32,28,37,33,28,49,39,22,49,17,46,18,39,33,11,11,45,26,37,20,50,11,28,46,28,44,49,36,43,35,31,6,41,43,24,27,33,26,43,50,27,24,24,31,43,35,36,37,30,45,31,36,49,14,23,30,0,34,50,33,30,36,41,33,5,57,27,11,42,10,40,17,15,34,39,33,42,26,45,38,33,7,24,47,47,28,24,47,29,32,39,34,41,47,33,47,29,41,41,10,35,48,48,44,49,28,45,48,29,25,47,33,41,52,48,37,34,43,40,48,10,36,10,49,6,42,39,19,25,22,31,39,40,44,39,44,37,25,27,45,46,50,39,11,46,36,35,20,51,48,5,40
29,17,17,18,28,50,16,27,32,19,5,16,36,32,16,34,27,25,15,25,32,20,37,26,20,30,37,20,40,34,21,51,33,18,20,15,27,27,16,16,18,29,13,30,31,37,32,25,29,20,50,42,34,24,13,27,44,31,26,33,24,28,48,35,24,32,34,27,34,24,40,20,28,37,29,25,32,31,29,23,32,36,31,23,36,37,18,25,34,29,38,30,34,0,28,38,20,19,24,30,38,50,26,26,7,7,38,8,51,40,24,14,30,28,28,28,41,29,35,33,32,12,16,24,27,34,41,17,27,29,20,29,32,32,25,24,36,34,24,24,27,40,22,24,34,27,31,14,40,32,31,23,17,33,27,29,16,21,16,30,42,55,32,28,22,26,28,24,30,33,48,34,41,19,29,28,40,32,35,54,24,19,16,36,33,28,23,28
16,13,13,31,26,45,19,34,38,34,38,29,23,33,28,47,27,36,21,33,32,32,41,53,32,36,41,32,41,42,26,36,42,28,31,27,26,23,15,12,32,31,27,20,38,41,44,29,38,18,44,44,34,38,19,32,38,46,43,2,34,27,44,37,22,27,30,45,30,24,49,32,30,39,28,32,23,28,42,35,40,14,34,34,49,42,29,31,36,39,50,34,50,28,0,36,35,13,29,31,51,40,31,38,33,34,39,32,54,39,29,19,29,22,32,26,30,43,27,33,26,27,21,28,32,17,11,15,29,33,32,28,40,45,32,25,39,34,22,20,28,39,29,26,27,31,37,19,36,34,32,30,15,39,31,30,37,29,29,32,52,31,44,29,35,30,36,36,32,15,48,29,24,44,46,31,23,26,38,56,26,12,41,37,31,30,41,37
51,43,45,47,46,10,51,53,54,48,41,30,45,53,36,50,49,48,41,52,35,53,48,30,47,40,32,53,21,49,45,38,50,40,48,46,51,50,36,40,45,46,37,52,46,29,50,51,47,44,30,27,46,48,48,48,32,34,47,34,53,50,49,55,36,36,44,38,45,38,23,51,43,53,53,46,39,53,51,43,41,40,49,45,54,53,44,47,50,53,13,44,33,38,36,0,48,43,39,29,35,41,30,39,48,33,39,52,57,40,48,41,42,48,50,49,31,27,33,46,40,36,45,50,31,54,33,37,42,45,52,46,47,51,41,35,49,48,51,48,49,44,51,46,48,50,50,41,46,49,48,44,37,50,41,41,31,50,31,41,21,45,51,18,42,19,26,49,42,52,54,49,48,47,41,50,47,48,40,53,48,51,26,44,51,48,43,51
14,27,25,23,30,62,18,4,25,3,27,30,20,25,23,24,32,20,19,3,27,3,40,37,2,26,39,3,25,34,25,40,13,18,3,23,20,17,27,26,3,25,17,11,33,40,31,18,35,34,47,43,8,14,18,20,28,40,36,31,3,20,45,10,36,25,34,36,12,16,48,4,25,36,20,35,24,18,11,31,29,34,19,22,48,48,20,25,29,34,40,18,30,20,35,48,0,27,31,22,29,26,25,35,29,27,32,10,44,32,25,19,29,22,17,25,22,47,24,24,47,29,18,24,25,28,30,16,32,30,22,33,19,38,20,29,19,23,30,28,24,16,26,24,12,12,23,19,27,34,32,29,16,31,20,17,25,5,27,35,45,49,38,36,13,28,42,25,29,34,46,25,38,34,21,16,43,26,33,43,30,26,38,20,31,17,23,26
29,2,2,18,20,41,17,31,17,25,14,21,21,19,19,27,16,21,10,29,24,23,42,50,25,15,30,23,31,37,34,48,37,13,23,15,29,18,6,1,23,21,38,31,17,30,44,20,27,9,44,44,31,26,8,22,39,44,38,21,25,10,40,35,7,18,26,34,18,17,50,23,14,43,25,14,19,27,25,23,10,46,28,15,39,46,16,13,15,32,42,37,36,19,13,43,27,0,17,16,35,41,37,32,15,21,36,15,53,47,15,9,17,30,9,14,35,28,39,14,46,25,28,10,37,24,37,6,24,11,33,11,37,42,10,23,25,19,20,7,9,40,10,20,24,28,23,9,30,18,14,44,6,19,18,9,21,29,21,22,44,45,41,27,32,31,37,16,17,12,46,15,40,21,35,9,24,17,42,49,20,4,37,27,19,10,38,25
27,23,23,21,27,45,25,36,23,28,19,32,32,26,26,32,24,23,24,32,30,26,28,54,26,31,36,26,41,22,41,45,43,23,28,20,24,25,32,22,30,28,28,27,23,36,44,27,45,28,45,39,36,36,19,27,44,39,26,38,26,20,42,35,28,21,30,31,29,35,46,28,20,37,38,26,24,32,29,28,33,41,31,22,18,22,23,18,31,35,31,38,41,24,29,39,31,17,0,27,36,53,26,31,21,28,38,24,51,47,23,3,29,31,19,20,38,31,33,30,38,28,36,21,28,33,40,9,31,25,32,25,36,43,20,23,28,28,25,24,22,36,22,24,28,28,28,2,41,22,23,41,9,18,29,20,24,36,26,28,38,48,43,36,20,27,34,23,31,29,50,23,44,31,35,19,35,25,44,49,24,25,31,32,27,20,43,28
29,14,16,35,21,35,13,29,22,18,19,11,29,27,14,33,26,8,19,21,8,17,37,47,19,15,30,17,40,35,35,23,33,20,22,20,18,8,15,18,13,23,21,32,33,29,45,14,30,20,40,40,32,21,20,16,34,37,40,31,18,18,35,33,21,6,35,36,26,20,40,18,12,42,12,26,2,13,17,18,21,42,23,21,42,40,5,21,24,33,43,38,33,30,31,29,22,16,27,0,26,52,34,31,23,16,42,24,51,46,22,21,20,4,17,20,17,35,41,26,45,22,24,20,34,29,26,18,19,27,25,27,25,44,19,14,23,22,22,19,25,29,22,23,14,12,22,21,32,24,25,32,17,28,29,19,12,30,12,29,46,32,44,23,20,20,37,22,15,20,41,25,12,32,34,18,30,23,38,47,22,17,23,38,24,17,22,18
23,34,34,35,49,38,26,43,51,27,40,10,29,47,9,32,50,26,39,29,41,28,34,15,28,49,17,28,49,38,37,43,43,38,28,38,32,27,37,33,29,50,40,27,47,14,49,20,32,33,6,6,45,27,37,22,50,9,31,44,28,44,50,41,43,35,32,9,42,43,33,28,33,27,40,50,27,29,26,31,43,35,35,37,32,44,31,36,49,23,21,33,5,38,51,35,29,35,36,26,0,59,31,10,42,10,44,19,30,40,40,35,45,27,45,39,34,4,29,46,46,29,25,47,34,33,37,34,40,47,32,47,31,42,41,10,36,48,47,43,49,30,43,43,30,28,47,35,32,52,48,38,34,43,40,48,10,37,10,49,11,52,40,19,26,22,31,40,40,45,43,44,38,27,29,45,45,50,38,16,47,36,39,20,51,48,10,40
35,41,41,39,46,49,44,27,45,27,55,54,47,47,52,50,51,35,43,26,52,23,58,60,23,44,53,23,10,56,44,36,28,42,26,48,49,43,41,42,23,54,35,36,53,54,44,39,50,42,53,43,18,45,47,46,39,57,55,39,23,43,49,16,39,55,42,54,16,44,43,20,35,52,42,47,45,37,39,36,36,50,39,46,59,55,46,51,54,58,56,44,57,50,40,41,26,41,53,52,59,0,49,59,54,54,47,27,51,19,51,40,44,40,51,45,38,55,25,53,34,59,45,52,49,44,52,44,50,51,44,51,35,53,46,54,44,49,48,37,46,51,53,48,40,43,43,41,41,46,55,42,44,49,48,50,49,26,49,40,50,44,53,47,31,51,46,44,44,54,25,51,46,32,37,51,44,57,39,59,50,50,42,33,47,43,35,42
11,38,38,28,41,47,11,26,40,24,27,16,27,38,16,40,38,31,25,25,19,22,37,23,22,38,32,22,38,38,30,42,38,24,24,28,27,11,38,33,20,37,15,14,38,31,32,11,31,42,45,40,26,28,30,15,33,22,38,18,22,35,39,30,23,32,40,23,26,31,46,23,35,33,25,44,30,15,18,27,36,32,29,33,44,43,28,31,40,41,28,13,27,26,31,30,25,37,26,34,31,49,0,39,29,23,46,23,44,27,34,35,39,16,34,35,25,22,22,34,38,35,19,38,3,21,25,31,36,40,18,41,35,20,35,16,23,39,37,42,36,24,34,37,14,12,33,35,35,44,40,36,31,40,34,35,26,28,22,37,44,43,18,16,22,14,34,34,39,40,44,41,36,36,32,34,45,40,29,38,41,36,29,30,36,34,10,32
44,32,32,23,42,53,41,38,40,38,42,16,20,46,9,21,42,33,37,39,30,33,44,33,33,42,21,33,50,38,28,46,40,35,33,33,33,41,41,31,32,45,34,45,43,14,46,34,49,42,6,6,46,39,38,34,43,26,41,35,33,38,41,43,42,27,26,26,48,40,16,32,38,39,48,40,25,42,40,33,41,39,39,40,33,28,29,37,39,5,26,39,11,26,38,39,35,32,31,31,10,59,39,0,31,8,42,24,32,43,41,34,38,40,33,39,44,25,46,45,32,40,41,40,41,37,31,30,38,41,36,43,47,41,34,16,37,43,41,40,41,47,35,39,42,40,43,34,46,47,43,44,30,41,39,34,20,39,14,41,11,50,41,34,35,19,30,41,38,25,50,40,44,37,49,33,30,44,46,20,39,30,32,31,45,34,33,40
16,15,9,20,19,57,21,33,25,28,2,27,33,27,25,40,25,25,14,29,26,31,37,37,26,27,43,28,46,34,26,42,43,15,29,9,28,26,16,14,24,25,17,18,34,44,40,18,34,29,46,42,37,28,17,16,41,47,36,27,26,23,49,38,17,17,23,34,28,20,52,23,18,42,29,21,17,24,20,24,31,39,29,23,38,28,22,22,30,28,47,30,42,7,33,48,29,15,21,23,42,54,29,31,0,28,36,18,58,49,20,13,27,25,20,23,32,36,36,26,47,11,21,19,33,41,46,11,20,21,25,20,35,40,24,28,28,25,19,26,18,31,17,19,29,24,23,13,37,30,25,36,11,32,21,22,27,33,25,21,44,42,39,33,34,23,33,23,27,30,47,25,31,27,44,20,45,26,47,55,18,15,37,37,26,18,41,25
23,21,21,15,35,35,26,32,34,24,26,5,23,38,2,23,37,13,23,27,20,24,40,26,25,33,10,24,41,35,38,43,34,22,24,29,31,36,25,20,24,34,9,25,40,10,43,15,26,32,14,14,36,25,21,17,46,14,35,24,24,28,42,37,30,14,28,10,34,28,24,23,32,36,39,33,18,33,22,23,39,42,31,30,37,33,16,28,32,9,14,30,10,7,34,33,27,21,28,16,10,54,23,8,28,0,46,14,45,52,31,15,40,31,29,30,27,10,42,35,45,28,30,30,25,27,32,15,33,30,20,30,29,34,33,2,32,34,35,37,34,26,29,35,35,33,34,15,20,36,33,35,15,38,35,30,2,30,2,36,15,48,33,13,23,8,25,36,40,17,50,35,35,31,36,29,29,34,44,38,35,28,19,34,29,30,14,26
46,41,36,31,47,54,42,42,46,34,30,38,6,48,31,16,42,31,39,34,39,34,54,46,38,43,49,32,35,51,31,36,40,38,29,40,50,44,49,35,34,46,20,48,44,52,37,44,53,37,49,45,42,51,34,43,46,37,50,44,32,45,48,41,47,33,30,44,35,45,56,24,44,46,32,52,38,49,48,26,42,6,41,48,46,45,32,48,48,39,41,42,40,38,39,39,32,36,38,42,44,47,46,42,36,46,0,12,51,45,51,41,47,38,40,50,33,48,32,49,18,32,49,47,45,51,27,26,45,49,47,51,43,37,45,36,6,50,44,46,53,40,54,51,40,34,47,41,46,51,52,18,26,49,46,45,37,37,33,39,44,35,35,43,39,39,44,51,48,37,40,49,18,20,44,40,42,49,48,51,44,35,44,12,40,45,39,43
16,15,15,12,40,59,15,10,31,10,16,16,6,26,10,6,34,18,20,10,33,9,32,29,9,26,26,9,39,36,22,43,23,19,11,24,18,16,27,14,9,27,16,16,36,27,43,13,37,34,28,31,20,20,18,17,40,28,40,33,9,24,44,24,25,30,16,20,16,19,53,8,32,35,25,33,26,22,15,6,32,12,23,23,34,38,12,21,29,23,40,19,17,8,32,52,10,15,24,24,19,27,23,24,18,14,12,0,44,38,24,17,28,27,23,28,27,24,35,28,42,32,19,24,17,29,28,10,24,33,21,35,24,40,31,15,6,27,39,25,27,26,30,40,19,21,27,17,32,40,32,26,10,34,25,21,15,15,17,32,27,44,40,35,18,24,37,24,26,15,43,28,27,6,24,23,38,27,38,34,39,15,38,6,28,21,20,22
45,58,55,46,55,66,52,45,61,49,54,39,46,64,42,52,61,46,47,46,45,54,59,27,56,60,51,53,52,45,55,49,49,48,54,56,56,51,56,56,54,61,53,47,51,56,47,37,37,46,30,24,47,48,54,37,41,46,49,56,53,51,57,47,51,46,49,43,42,52,59,49,54,55,37,54,47,54,41,46,59,51,53,55,48,56,48,60,58,35,50,49,15,51,54,57,44,53,51,51,30,51,44,32,58,45,51,44,0,62,57,51,60,52,52,56,47,43,54,60,44,57,56,56,48,38,47,52,58,62,51,60,54,38,51,51,54,60,55,48,56,47,56,55,51,37,60,51,49,61,62,41,52,59,60,57,43,44,38,57,20,44,38,44,50,40,50,59,57,51,37,63,45,46,53,52,35,59,53,20,55,61,46,40,62,52,16,58
25,43,49,30,45,57,23,44,45,35,47,49,47,47,47,47,44,36,40,36,23,32,47,46,32,34,46,32,21,46,44,31,38,39,30,39,40,22,37,45,32,42,46,23,46,47,36,34,38,45,46,34,34,31,45,29,30,51,47,29,32,36,43,35,42,31,38,48,20,41,45,32,41,46,25,42,40,23,23,32,35,48,43,40,46,49,39,44,47,39,36,20,34,40,39,40,32,47,47,46,40,19,27,43,49,52,45,38,62,0,41,46,34,26,45,40,13,48,12,48,42,42,24,45,28,46,10,45,40,45,36,43,35,31,35,42,38,44,42,31,39,26,45,39,23,28,46,46,48,43,50,49,45,46,35,42,47,37,49,35,46,18,31,42,42,42,50,45,34,41,14,47,33,44,46,45,44,51,34,42,41,44,49,50,39,45,30,48
28,16,16,30,10,57,20,32,17,18,23,31,38,18,29,38,10,14,11,25,24,18,44,50,18,9,42,18,38,41,36,44,35,14,23,16,22,11,19,15,18,18,29,27,6,44,43,29,31,29,44,49,29,28,12,31,33,46,38,30,18,3,35,31,16,26,32,39,29,17,49,17,24,44,22,5,22,19,25,30,12,46,23,1,40,40,29,2,21,41,44,37,39,24,29,48,25,15,23,22,40,51,34,41,20,31,51,24,57,41,0,19,10,15,7,3,31,38,34,17,43,35,25,10,36,37,36,15,15,5,22,2,32,37,10,34,41,19,8,21,12,31,9,8,19,15,18,19,36,17,21,40,15,21,13,7,30,31,30,16,47,44,37,42,24,38,38,3,10,34,43,14,37,33,35,6,35,23,30,49,12,21,41,38,14,8,37,29
9,9,9,10,25,46,12,28,19,17,11,25,37,20,13,28,20,14,6,19,35,17,35,46,17,25,30,17,45,36,20,47,31,5,17,5,16,15,19,8,17,20,20,13,32,30,35,16,34,24,43,40,31,21,3,14,30,40,43,23,17,15,40,31,7,15,12,26,28,12,40,15,22,40,27,15,25,26,16,26,25,32,23,16,37,41,11,17,22,36,41,33,33,14,19,41,19,9,3,21,35,40,35,34,13,15,41,17,51,46,19,0,21,29,12,15,37,26,33,21,36,22,20,14,35,33,34,6,18,17,27,18,23,37,15,17,29,20,21,27,14,26,11,21,19,25,20,1,37,23,20,36,6,26,17,12,24,28,25,22,40,50,38,25,24,25,32,15,21,26,48,19,36,29,25,13,35,17,33,41,27,9,38,36,17,12,32,18
26,18,13,30,6,48,17,30,16,28,29,33,39,19,34,32,10,18,14,32,32,28,54,56,28,1,41,28,35,51,46,35,40,15,28,20,25,30,13,13,24,16,28,24,8,43,46,19,28,26,46,50,26,31,18,22,20,46,48,17,28,5,30,29,9,24,34,42,38,6,54,18,26,46,27,11,16,31,16,39,18,43,23,15,47,51,22,14,24,38,49,34,42,30,29,42,29,17,29,20,45,44,39,38,27,40,47,28,60,34,10,21,0,32,6,11,22,41,30,16,53,41,28,20,39,32,34,24,2,12,36,11,42,45,6,39,44,14,5,18,20,38,11,10,31,28,12,25,29,19,25,44,24,22,7,6,36,28,34,2,49,37,45,32,24,49,36,15,1,32,36,15,37,32,39,7,30,27,36,51,4,24,44,39,21,6,39,23
6,30,30,33,31,61,3,31,31,18,22,32,34,32,35,32,31,28,20,19,10,18,38,41,18,26,38,18,34,44,41,26,36,19,13,18,13,2,30,27,18,28,22,4,28,39,27,9,33,24,37,37,27,25,23,13,16,52,30,20,18,28,43,29,19,10,34,41,14,20,45,16,6,36,10,35,6,1,14,32,30,39,18,16,36,43,18,16,32,40,50,19,26,28,22,48,22,30,31,4,27,40,16,40,25,31,38,27,52,26,15,29,32,0,21,27,16,42,14,28,47,36,7,21,15,33,16,23,28,32,19,28,32,32,21,37,32,27,32,27,31,26,28,31,2,6,33,29,32,32,32,29,23,32,20,19,33,25,33,31,36,28,32,34,22,41,43,13,33,35,22,25,22,35,35,21,35,37,39,35,32,26,40,21,33,22,24,27
23,9,9,29,11,54,17,21,9,15,21,27,38,13,26,31,17,15,8,17,26,15,41,51,15,6,43,15,38,41,35,46,32,7,15,9,22,11,19,8,15,11,23,21,15,41,36,16,31,20,43,45,23,32,9,24,39,46,41,26,15,5,38,28,13,23,29,40,21,6,45,13,23,40,25,12,19,22,23,25,15,46,18,6,43,40,14,7,12,35,42,37,45,28,32,50,17,9,19,17,45,51,34,33,20,29,40,23,52,45,7,12,6,21,0,10,35,39,27,11,47,30,26,11,34,30,37,10,8,18,27,18,38,38,5,34,34,12,11,21,11,31,11,11,20,22,11,12,34,17,10,40,9,15,11,2,28,21,27,9,42,46,38,38,20,38,38,6,10,24,43,11,38,40,34,2,33,13,35,45,11,18,39,29,9,2,40,19
29,15,14,28,10,54,23,29,13,19,22,30,38,14,28,36,5,25,9,27,22,19,41,53,19,11,43,19,37,44,36,42,34,9,19,16,22,18,14,14,19,16,30,28,5,43,45,22,28,24,46,45,27,30,12,23,34,43,38,31,19,7,44,29,26,23,30,37,27,16,50,17,21,41,24,7,20,26,23,29,11,46,30,3,39,41,21,5,19,39,43,38,38,28,26,49,25,14,20,20,39,45,35,39,23,30,50,28,56,40,3,15,11,27,10,0,33,39,36,22,42,32,32,6,37,34,32,17,15,5,28,5,30,47,6,32,34,16,9,20,5,29,7,9,27,20,18,15,33,18,16,40,17,17,19,6,30,29,30,9,49,42,47,36,24,40,36,3,6,25,40,12,34,33,32,10,33,18,34,52,9,17,35,34,6,6,41,25
18,35,37,41,35,46,21,22,38,23,37,29,29,35,34,41,36,12,36,28,10,23,40,45,23,22,34,23,29,42,30,6,29,32,22,37,30,12,37,34,23,43,32,16,39,33,27,26,21,31,46,36,33,35,32,28,8,41,35,23,23,27,35,23,20,10,37,30,22,34,53,24,10,42,16,36,10,17,27,34,35,46,27,32,42,43,24,38,44,43,28,24,33,41,30,31,22,35,38,17,34,38,25,44,32,27,33,27,47,13,31,37,22,16,35,33,0,33,8,35,38,28,22,35,21,21,2,43,34,42,25,41,36,29,27,34,40,42,31,36,29,30,32,33,10,20,38,29,34,36,45,34,43,36,17,25,33,25,28,33,46,10,28,38,28,38,39,33,22,31,40,35,6,18,40,32,32,37,38,58,32,39,35,32,35,34,32,38
43,34,28,28,44,23,43,45,42,34,32,10,43,42,9,46,39,31,34,45,29,35,27,30,40,41,17,38,51,18,33,45,43,33,35,38,34,45,46,27,36,42,29,45,51,12,46,30,48,37,38,33,51,48,28,35,46,5,34,41,42,42,46,49,48,23,31,5,44,40,41,37,43,37,43,39,33,41,38,32,43,31,41,42,28,27,31,38,46,26,5,33,7,29,43,27,47,28,31,35,4,55,22,25,36,10,48,24,43,48,38,26,41,42,39,39,33,0,47,45,49,25,42,35,24,37,33,29,43,38,41,40,41,38,42,10,40,44,40,40,41,49,41,40,45,42,42,26,49,44,43,38,29,41,44,35,8,46,10,46,45,44,38,22,31,13,18,39,42,35,47,43,41,25,48,40,40,46,39,28,40,44,15,46,40,35,35,36
14,37,33,39,31,51,17,31,42,23,37,41,31,35,38,43,45,30,42,21,16,23,42,45,22,24,40,23,19,42,34,36,42,36,22,33,27,16,34,39,23,44,31,12,36,41,28,22,28,27,42,29,25,24,40,16,32,38,36,17,23,35,34,22,21,28,31,44,6,31,49,20,26,40,30,36,24,15,16,47,27,40,33,36,34,46,32,34,43,45,42,25,24,35,27,33,24,39,33,41,29,25,22,46,36,42,32,35,54,12,34,33,30,14,27,36,8,47,0,31,25,35,16,31,21,24,10,35,28,39,25,35,26,31,27,31,33,34,31,40,31,19,39,31,13,16,33,28,34,37,43,39,35,43,25,31,36,24,31,33,43,18,32,36,27,42,39,36,24,45,12,36,26,40,33,33,40,42,37,34,32,40,38,29,35,28,19,42
23,21,21,34,20,62,28,31,4,21,28,38,44,4,34,42,22,21,13,23,33,21,43,54,21,15,46,21,45,43,39,43,35,14,21,18,34,20,26,20,21,2,28,22,22,46,45,26,38,27,49,53,33,33,19,26,38,49,46,33,21,17,49,41,24,26,35,45,29,16,58,21,26,47,34,23,26,30,29,31,24,49,15,16,51,51,23,15,2,45,49,36,47,33,33,46,24,14,30,26,46,53,34,45,26,35,49,28,60,48,17,21,16,28,11,22,35,45,31,0,50,35,32,22,34,37,42,21,15,21,37,22,37,46,14,38,36,4,18,33,18,36,17,20,26,30,6,21,38,15,8,44,20,21,13,13,36,32,36,21,50,51,46,44,29,46,48,15,15,41,49,8,37,42,41,13,43,13,38,56,18,28,45,43,26,11,41,19
41,46,38,12,51,58,48,47,49,45,43,44,18,50,39,41,47,29,45,46,32,48,52,42,47,53,47,48,34,43,6,28,46,44,46,33,49,43,47,45,41,50,18,45,50,46,56,40,53,44,45,40,45,45,34,44,41,45,56,47,45,42,47,41,41,41,11,50,22,48,36,36,32,39,50,52,41,48,43,26,48,2,45,45,48,49,30,45,42,32,49,41,47,32,26,40,47,46,38,45,46,34,38,32,47,45,18,42,44,42,43,36,53,47,47,42,38,49,25,50,0,46,42,55,36,44,41,38,47,51,49,51,51,53,45,48,37,52,53,48,53,59,49,51,38,50,51,36,48,54,49,18,38,46,50,48,46,45,46,53,44,52,53,46,29,42,44,43,54,51,47,49,37,28,48,47,51,42,44,47,53,46,37,34,41,48,31,37
35,25,25,27,37,46,38,31,36,32,9,25,25,38,24,36,31,20,27,29,31,35,11,40,31,42,7,31,47,19,24,31,36,26,35,21,24,34,24,24,27,35,15,35,39,18,47,29,39,31,43,43,38,34,27,35,41,37,28,34,35,33,44,30,24,20,34,29,39,28,49,31,30,38,42,36,24,37,35,29,30,33,37,28,34,31,20,31,39,39,39,39,28,12,27,36,29,25,28,22,29,59,35,40,11,28,32,32,57,42,35,22,41,36,30,32,28,25,35,35,46,0,38,33,35,43,24,26,40,32,32,34,36,46,33,23,11,35,39,28,35,33,30,37,33,41,35,22,41,37,35,25,26,41,36,31,29,34,25,32,37,48,45,22,30,11,39,35,37,45,41,36,22,32,37,30,41,35,48,54,43,23,37,32,34,31,20,30
9,30,30,22,32,61,6,29,34,15,19,31,35,34,29,39,36,22,31,22,12,14,37,41,20,28,32,20,32,41,28,16,34,30,20,18,9,4,30,29,16,37,28,7,34,35,31,16,30,28,37,33,28,28,18,12,22,47,28,24,16,33,46,30,25,17,25,41,16,27,57,16,8,33,23,31,8,6,12,32,33,41,22,21,28,37,29,18,33,40,41,14,24,16,21,45,18,28,36,24,25,45,19,41,21,30,49,19,56,24,25,20,28,7,26,32,22,42,16,32,42,38,0,24,15,35,16,25,32,27,18,27,28,34,29,26,36,35,28,29,27,23,26,27,9,9,35,19,35,33,35,34,25,36,20,30,31,26,33,18,34,34,34,39,17,30,37,19,28,35,24,35,20,34,30,26,38,34,40,33,32,32,35,27,28,29,22,31
30,10,10,23,2,60,13,30,14,22,19,30,42,15,28,36,8,24,14,30,28,22,48,48,20,12,41,21,38,46,39,47,35,14,22,11,23,19,14,10,22,17,31,30,9,41,50,26,29,28,47,47,34,28,10,24,41,46,40,30,22,4,40,36,16,23,30,35,34,17,54,22,15,43,26,3,19,21,22,27,11,49,30,10,42,41,22,6,18,40,41,42,47,24,28,50,24,10,21,20,47,52,38,40,19,30,47,24,56,45,10,14,20,21,11,6,35,35,31,22,55,33,24,0,37,34,27,13,10,4,29,4,30,50,7,34,37,19,4,22,4,30,6,4,28,21,19,14,34,13,14,44,13,19,18,11,31,30,30,18,46,46,50,44,31,36,39,4,15,23,45,15,37,39,32,11,40,15,31,52,4,12,42,45,5,7,41,24
11,38,39,28,41,49,11,27,39,24,28,17,28,38,17,40,38,31,25,25,19,22,37,26,22,38,32,22,37,38,30,42,40,24,24,29,27,11,37,33,20,36,15,14,38,31,30,11,31,42,44,41,26,28,30,15,33,24,38,16,22,34,38,30,21,32,40,25,24,30,47,23,36,34,25,44,29,15,17,27,35,31,29,33,45,44,28,31,40,41,29,11,29,27,32,31,25,37,28,34,34,49,3,41,33,25,45,17,48,28,36,35,39,15,34,37,21,24,21,34,36,35,15,37,0,21,25,33,36,40,19,41,35,18,34,16,24,38,37,42,36,24,34,37,14,12,32,36,35,44,40,37,33,39,33,35,27,27,23,37,44,43,20,19,23,16,34,34,37,40,44,41,36,35,31,34,45,40,30,39,41,36,30,30,35,33,10,30
10,16,16,25,32,63,36,24,35,18,43,28,44,39,27,32,31,31,26,32,19,18,36,41,24,37,37,18,40,47,34,29,30,27,23,28,24,31,27,17,18,39,30,14,36,32,45,8,16,20,38,31,23,14,28,6,37,40,45,30,24,31,36,23,27,26,30,39,17,31,36,20,32,25,28,29,27,32,12,27,27,48,28,35,39,39,22,36,37,30,34,30,32,34,17,54,28,24,33,29,33,44,21,37,41,27,51,29,38,46,37,33,32,33,30,34,21,37,24,37,44,43,35,34,21,0,26,18,32,38,23,37,19,37,32,30,39,37,30,22,28,21,35,32,21,41,35,37,6,43,38,33,18,37,36,31,25,22,22,26,38,35,36,27,21,35,29,34,33,6,41,36,23,32,26,34,4,31,32,39,30,15,35,16,37,33,24,35
26,35,44,40,35,23,15,33,37,30,38,32,32,32,35,35,34,36,39,34,10,34,38,49,34,35,35,29,40,43,28,27,35,38,36,42,28,20,36,39,38,43,40,25,41,32,37,30,27,32,45,40,25,31,34,33,20,28,47,27,29,36,39,30,32,10,35,34,32,32,31,35,36,44,16,38,26,17,34,39,29,26,38,39,43,49,33,38,39,31,27,26,39,41,11,33,30,37,40,26,37,52,25,31,46,32,27,28,47,10,36,34,34,16,37,32,2,33,10,42,41,24,16,27,25,26,0,38,28,39,25,37,35,39,35,43,20,43,28,34,34,44,40,31,14,21,41,33,37,40,38,35,38,38,28,43,34,29,36,29,45,10,39,33,36,38,17,36,35,29,28,41,28,20,40,41,44,39,42,42,28,40,18,25,24,39,37,41
18,6,6,16,24,42,11,27,19,14,13,19,20,17,17,22,23,11,9,16,21,14,36,48,14,14,28,14,44,32,31,51,34,8,14,10,19,17,8,5,14,22,28,20,34,28,42,16,40,22,38,36,32,19,9,14,38,35,39,19,14,22,41,35,7,17,22,29,30,11,44,14,13,36,30,18,19,21,15,28,27,30,29,18,34,32,10,20,24,30,36,36,34,17,15,37,16,6,9,18,34,44,31,30,11,15,26,10,52,45,15,6,24,23,10,17,43,29,35,21,38,26,25,13,33,18,38,0,24,20,29,20,29,42,13,19,20,22,24,17,19,29,13,24,20,22,22,6,34,24,23,35,1,26,23,10,19,27,19,26,38,53,41,26,27,27,34,22,21,12,47,16,40,24,36,8,25,20,37,45,24,6,37,20,14,10,36,16
21,16,25,26,8,49,26,31,13,19,27,33,43,19,28,33,14,20,12,24,33,19,43,56,19,3,41,19,31,48,43,35,34,13,23,18,24,19,14,17,19,17,24,19,25,41,49,25,31,20,45,49,25,22,12,17,28,46,51,17,19,11,34,26,9,31,33,43,31,6,56,18,20,43,26,9,25,22,16,37,20,46,23,9,54,51,17,14,20,38,49,31,41,27,29,42,32,24,31,19,40,50,36,38,20,33,45,24,58,40,15,18,2,28,8,15,34,43,28,15,47,40,32,10,36,32,28,24,0,8,21,11,35,43,8,41,42,17,7,18,24,33,11,8,18,29,14,21,25,21,15,38,23,24,2,7,34,29,34,3,51,40,41,33,23,46,33,12,3,32,45,14,30,33,37,9,39,16,43,55,6,25,42,39,6,7,34,20
30,11,10,29,4,56,16,32,21,33,20,32,43,25,30,39,10,28,16,36,32,33,53,59,33,11,43,33,44,45,44,46,48,16,33,14,28,23,13,15,33,21,34,30,16,43,47,27,37,27,48,48,39,35,16,30,40,47,43,33,33,10,40,37,27,25,36,37,32,21,51,33,19,44,37,3,24,31,27,28,10,49,32,4,44,47,26,13,15,41,44,36,47,29,33,45,30,11,25,27,47,51,40,41,21,30,49,33,62,45,5,17,12,32,18,5,42,38,39,21,51,32,27,4,40,38,39,20,8,0,35,3,43,50,12,33,46,19,6,25,6,37,2,6,35,26,18,16,41,17,14,41,19,19,6,10,32,39,32,14,48,47,50,43,40,39,38,2,11,26,43,22,42,48,40,18,36,19,42,50,6,17,41,36,19,22,40,32
22,31,35,19,35,64,17,20,33,21,23,23,31,36,20,36,37,11,25,25,23,17,48,46,16,32,31,17,32,41,22,42,37,25,22,26,17,17,34,28,17,35,14,21,25,37,40,17,39,30,44,40,25,21,27,17,39,38,46,26,17,33,33,32,32,30,16,40,29,31,54,21,25,39,25,34,25,20,16,29,35,34,25,21,37,49,21,15,40,36,40,22,33,20,32,52,22,33,32,25,32,44,18,36,25,20,47,21,51,36,22,27,36,19,27,28,25,41,25,37,49,32,18,29,19,23,25,29,21,35,0,32,26,41,27,25,34,33,37,31,35,24,33,37,18,17,33,19,35,37,36,31,27,31,22,27,21,25,32,37,45,49,41,36,16,31,40,20,32,27,38,34,35,34,32,26,29,37,6,50,37,31,40,31,36,27,26,31
36,16,11,29,4,56,16,38,19,33,20,34,41,25,30,37,4,26,16,35,32,35,45,57,35,9,43,35,42,43,43,44,47,16,33,12,30,19,16,15,35,21,36,36,16,43,47,29,31,25,48,49,39,35,16,30,38,45,44,25,35,5,39,32,20,25,31,39,32,17,50,33,19,46,32,3,28,31,29,28,14,48,33,3,42,42,30,8,17,43,41,43,47,29,28,46,33,11,25,27,47,51,41,43,20,30,51,35,60,43,2,18,11,28,18,5,41,40,35,22,51,34,27,4,41,37,37,20,11,3,32,0,40,46,8,32,41,23,6,25,6,29,7,6,27,29,21,15,38,17,15,41,20,22,9,18,34,38,34,12,48,41,46,43,40,34,39,5,10,23,43,14,42,43,39,18,36,21,43,55,6,16,40,38,18,23,44,30
16,33,33,23,30,65,27,21,42,16,32,29,33,41,21,38,36,18,23,19,33,16,49,40,16,35,51,16,39,43,29,51,36,23,16,32,27,30,39,32,16,37,23,14,42,52,44,14,27,41,33,36,24,4,22,14,34,44,46,45,15,27,46,38,42,34,22,41,26,24,50,17,44,28,36,34,24,27,8,31,32,44,33,32,43,35,21,32,42,47,50,29,29,32,40,47,19,37,36,25,31,35,35,47,35,29,43,24,54,35,32,23,42,32,38,30,36,41,26,37,51,36,28,30,35,19,35,29,35,43,26,40,0,45,28,34,32,35,32,35,27,2,35,35,31,32,35,23,35,39,38,37,25,38,27,42,25,21,34,46,31,43,44,33,24,37,40,32,42,25,44,41,40,33,2,42,40,38,29,44,30,32,40,30,35,29,22,32
17,45,44,40,44,54,35,32,39,40,37,32,41,47,23,25,46,38,31,35,23,26,49,52,26,48,34,26,48,50,23,38,41,32,34,42,41,25,41,45,26,41,31,20,47,35,15,31,37,34,44,37,19,43,33,39,16,46,45,39,26,39,47,20,43,37,46,38,35,40,53,31,43,50,11,47,41,32,42,30,43,47,40,42,53,51,41,44,49,39,48,17,41,32,45,51,38,42,43,44,42,53,20,41,40,34,37,40,38,31,37,37,45,32,38,47,29,38,31,46,53,46,34,50,18,37,39,42,43,50,41,46,45,0,48,34,20,39,44,44,44,39,47,44,29,15,39,32,25,50,46,43,45,44,47,32,30,31,24,47,45,29,3,39,39,31,30,43,48,50,36,45,17,45,40,31,47,50,42,47,44,44,34,36,43,32,25,43
29,10,10,30,3,53,15,28,12,18,23,30,39,14,28,36,6,18,9,20,27,18,41,52,18,6,42,18,37,40,37,41,33,9,18,12,23,19,15,10,18,15,23,28,6,40,48,18,28,22,44,46,26,24,12,18,31,44,38,28,18,2,44,29,22,21,30,44,26,11,46,16,21,38,25,5,21,21,16,27,10,46,22,6,39,41,17,6,16,36,44,37,41,25,32,41,20,10,20,19,41,46,35,34,24,33,45,31,51,35,10,15,6,21,5,6,27,42,27,14,45,33,29,7,34,32,35,13,8,12,27,8,28,48,0,33,37,15,3,21,3,26,12,3,28,21,15,15,29,18,13,40,13,17,12,5,34,28,30,12,44,43,38,35,23,33,37,4,5,24,37,12,41,33,28,5,34,16,41,49,4,16,39,37,11,5,40,23
21,23,23,27,32,37,29,34,37,30,26,3,30,37,2,37,34,17,25,31,24,28,34,21,27,34,10,28,37,37,44,46,38,24,28,29,29,32,21,22,28,34,24,23,39,10,40,15,27,26,38,32,33,20,19,17,48,14,39,42,28,32,43,35,31,18,23,10,33,28,38,27,30,37,38,33,14,33,21,26,40,39,33,32,33,43,12,34,37,16,14,23,10,24,25,35,29,23,23,14,10,54,16,16,28,2,36,15,51,42,34,17,39,37,34,32,34,10,31,38,48,23,26,34,16,30,43,19,41,33,25,32,34,34,33,0,17,34,28,28,33,31,29,28,31,35,34,23,33,38,37,39,19,37,40,31,2,34,2,35,38,50,35,9,22,6,23,36,41,17,49,35,26,29,25,27,32,34,38,45,28,30,29,33,45,34,15,32
21,25,25,27,39,55,29,22,40,21,26,16,2,38,16,10,35,14,29,20,32,15,39,49,15,45,34,15,28,32,10,39,24,28,14,35,34,28,30,24,15,37,6,24,40,36,26,26,32,39,39,41,18,35,27,25,45,42,40,20,15,41,34,28,20,26,26,39,18,37,50,14,38,39,38,46,22,31,30,12,44,16,29,37,46,37,16,35,43,36,44,25,35,36,39,49,19,25,28,23,36,44,23,37,28,32,6,6,54,38,41,29,44,32,34,34,40,40,33,36,37,11,36,37,24,39,20,20,42,46,34,41,32,20,37,17,0,40,32,34,39,45,38,39,28,28,41,29,38,43,43,4,20,45,42,39,17,22,25,44,31,44,24,22,21,29,40,36,41,35,56,43,20,2,35,34,38,40,43,46,32,32,38,2,26,39,29,29
24,23,19,32,18,61,24,31,6,21,25,34,41,8,30,38,19,20,15,23,33,21,50,53,21,13,46,21,46,42,38,41,36,14,21,17,28,20,26,20,21,2,25,23,28,46,39,23,37,30,49,50,28,34,17,23,37,48,41,32,21,15,41,41,28,26,33,44,27,15,56,19,23,43,35,25,25,28,23,32,21,48,13,18,42,40,21,16,10,43,52,35,48,34,34,48,23,19,28,22,48,49,39,43,25,34,50,27,60,44,19,20,14,27,12,16,42,44,34,4,52,35,35,19,38,37,43,22,17,19,33,23,35,39,15,34,40,0,23,28,18,33,21,18,26,28,2,20,41,16,10,43,22,20,14,11,34,31,34,21,50,42,40,44,26,40,43,19,19,27,41,6,42,46,41,14,41,15,41,57,22,17,46,35,19,13,39,19
33,14,19,36,2,58,15,28,19,22,19,44,47,26,35,45,7,28,9,24,29,28,47,59,28,6,46,28,38,44,34,40,34,14,28,10,29,21,13,19,28,18,33,31,20,46,46,30,35,24,48,49,26,32,11,23,41,46,45,24,28,3,40,32,16,25,29,42,28,15,50,26,19,42,25,3,20,33,18,33,14,47,28,8,45,42,21,12,21,41,48,41,48,24,22,51,30,20,25,22,47,48,37,41,19,35,44,39,55,42,8,21,5,32,11,9,31,40,31,18,53,39,28,4,37,30,28,24,7,6,37,6,32,44,3,28,32,23,0,29,9,34,6,1,29,25,22,25,29,18,16,48,24,14,8,11,34,28,34,9,50,48,42,36,33,34,41,6,10,25,47,17,42,43,37,11,37,17,41,55,1,18,47,40,9,10,43,25
34,7,7,26,29,46,22,38,31,31,24,32,35,27,34,18,32,33,21,32,29,29,50,51,27,16,40,25,43,41,31,43,42,20,32,29,27,29,13,10,29,30,38,36,21,40,46,25,30,8,44,38,28,37,27,29,37,44,45,18,31,21,28,26,6,21,33,40,24,20,51,27,19,47,22,21,23,26,25,36,11,41,28,22,43,38,28,21,32,40,47,40,44,24,20,48,28,7,24,19,43,37,42,40,26,37,46,25,48,31,21,27,18,27,21,20,36,40,40,33,48,28,29,22,42,22,34,17,18,25,31,25,35,44,21,28,34,28,29,0,24,44,25,29,21,27,29,27,27,33,30,40,18,32,21,24,26,29,26,12,44,50,44,34,30,39,36,23,16,19,40,29,40,22,43,19,27,26,30,51,31,20,30,30,20,18,46,33
30,9,9,26,10,56,15,28,15,22,18,35,36,19,31,35,10,24,10,24,30,22,44,60,22,15,45,22,38,46,31,49,34,14,22,11,31,21,13,9,22,18,39,29,11,45,42,29,35,25,48,48,26,30,10,23,35,44,42,26,22,4,39,32,15,21,31,41,30,11,50,20,19,43,36,2,23,32,28,21,9,45,28,12,42,45,25,8,14,40,47,40,49,27,28,49,24,9,22,25,49,46,36,41,18,34,53,27,56,39,12,14,20,31,11,5,29,41,31,18,53,35,27,4,36,28,34,19,24,6,35,6,27,44,3,33,39,18,9,24,0,39,6,8,31,26,17,16,30,16,12,42,19,15,16,11,35,28,35,8,48,48,42,37,33,37,41,6,16,22,47,17,41,37,29,11,32,18,43,53,10,14,45,39,16,11,43,28
14,37,38,31,26,63,20,16,41,14,28,29,38,39,27,37,36,16,21,17,26,14,53,35,14,27,44,14,38,43,31,40,31,24,14,24,26,28,39,37,14,35,18,12,39,45,40,12,23,40,39,35,30,2,30,12,40,55,43,33,13,25,44,44,38,21,28,48,24,22,57,15,39,28,38,26,22,25,6,25,29,50,27,30,41,40,19,30,42,43,49,29,28,40,39,44,16,40,36,29,30,51,24,47,31,26,40,26,47,26,31,26,38,26,31,29,30,49,19,36,59,33,23,30,24,21,44,29,33,37,24,29,2,39,26,31,45,33,34,44,39,0,37,27,27,30,30,23,19,41,43,34,31,37,24,40,32,18,30,41,43,41,47,33,22,28,39,30,36,36,39,39,39,45,4,34,44,39,33,51,28,32,49,33,37,32,22,27
32,9,9,29,6,54,19,33,16,29,17,31,42,17,28,36,12,25,13,31,26,30,42,53,26,12,41,30,40,42,35,42,40,12,30,12,26,19,14,9,28,20,36,34,16,41,44,31,39,26,41,45,39,37,9,29,36,42,42,33,30,8,42,37,18,21,32,41,30,21,46,25,16,48,32,5,18,31,31,25,14,50,29,8,40,44,23,7,15,36,46,33,45,22,29,51,26,10,22,22,43,53,34,35,17,29,54,30,56,45,9,11,11,28,11,7,32,41,39,17,49,30,26,6,34,35,40,13,11,2,33,7,35,47,12,29,38,21,6,25,6,37,0,6,23,24,21,17,43,11,13,46,13,24,9,13,31,33,31,14,42,41,45,42,34,35,45,4,12,18,45,16,37,39,38,12,39,14,36,58,6,8,42,37,11,12,44,24
29,15,19,39,2,58,15,28,15,22,19,39,45,26,35,45,4,28,10,24,29,22,47,59,22,5,46,22,42,44,35,45,34,14,28,10,29,25,14,19,22,18,33,28,20,46,46,30,33,25,48,45,28,32,11,23,41,46,45,26,22,4,40,32,16,25,29,44,28,19,50,20,19,42,25,2,21,36,24,33,14,45,28,8,44,40,21,12,22,40,48,41,48,24,26,46,24,20,24,23,43,48,37,39,19,35,51,40,55,39,8,21,10,31,11,9,33,40,31,20,51,37,27,4,37,32,31,24,8,6,37,6,35,44,3,28,39,18,1,29,8,27,6,0,31,26,17,25,30,18,17,43,24,21,8,11,34,28,34,10,50,47,43,36,33,34,40,10,6,28,47,17,43,43,36,11,38,22,41,55,2,15,45,40,10,11,43,26
9,31,34,30,35,59,7,23,32,12,25,32,30,26,31,32,31,26,19,13,4,12,35,40,16,33,43,16,36,35,34,20,29,14,11,14,15,6,27,32,16,29,26,8,27,42,32,19,27,28,39,39,25,27,28,23,13,50,39,22,12,27,39,27,15,4,28,43,18,29,49,10,6,34,12,35,10,3,18,32,31,36,23,18,40,41,22,12,31,42,43,17,29,34,27,48,12,24,28,14,30,40,14,42,29,35,40,19,51,23,19,19,31,2,20,27,10,45,13,26,38,33,9,28,14,21,14,20,18,35,18,27,31,29,28,31,28,26,29,21,31,27,23,31,0,2,24,19,32,32,30,43,16,30,27,19,33,25,33,33,34,22,29,33,20,41,36,21,32,30,25,24,14,26,31,20,35,32,34,37,35,28,43,24,32,21,24,28
7,22,25,23,26,63,3,22,25,22,25,30,36,27,28,26,26,29,26,14,11,22,37,43,14,29,38,22,33,33,33,28,30,17,21,20,17,2,28,26,18,28,23,6,28,40,22,13,23,26,37,33,19,27,21,19,26,49,34,22,14,21,38,21,17,12,23,40,30,21,49,12,14,39,4,30,20,7,14,33,32,48,20,18,46,44,22,18,28,39,49,15,25,27,31,50,12,28,28,12,28,43,12,40,24,33,34,21,37,28,15,25,28,6,22,20,20,42,16,30,50,41,9,21,12,41,21,22,29,26,17,29,32,15,21,35,28,28,25,27,26,30,24,26,2,0,28,25,24,35,31,31,22,31,25,20,33,22,35,34,36,28,15,34,16,35,40,23,26,27,20,24,26,37,31,20,39,30,31,40,26,25,48,29,26,21,20,27
24,16,16,32,17,62,26,30,2,21,25,34,43,10,30,38,24,20,15,23,33,21,44,53,21,15,46,21,37,41,38,42,34,16,21,17,28,20,27,22,21,2,29,23,24,45,39,23,35,28,49,46,28,31,17,21,40,45,40,33,21,15,46,41,28,26,32,42,27,13,56,19,23,43,37,24,22,30,22,33,23,51,13,19,37,40,20,19,10,43,51,30,47,31,37,50,23,23,28,22,47,43,33,43,23,34,47,27,60,46,18,20,12,33,11,18,38,42,33,6,51,35,35,19,32,35,41,22,14,18,33,21,35,39,15,34,41,2,22,29,17,30,21,17,24,28,0,20,40,13,10,43,22,21,14,11,34,31,34,21,50,42,40,44,26,40,43,19,18,27,48,8,41,46,38,13,41,15,44,57,20,15,44,35,24,11,41,17
9,9,9,10,25,46,12,28,20,17,11,25,37,19,13,28,20,14,6,19,35,17,34,46,17,25,30,17,45,36,20,47,31,5,17,5,16,15,19,8,18,20,20,13,32,30,35,16,34,24,43,40,31,21,3,14,30,40,42,23,17,15,40,31,8,15,12,26,29,11,40,15,22,40,27,15,25,26,16,26,25,32,23,16,36,41,11,17,23,36,41,34,33,14,19,41,19,9,2,21,35,41,35,34,13,15,41,17,51,46,19,1,25,29,12,15,29,26,28,21,36,22,19,14,36,37,33,6,21,16,19,15,23,32,15,23,29,20,25,27,16,23,17,25,19,25,20,0,37,23,21,36,6,26,17,12,24,28,25,22,40,50,38,25,24,25,32,15,21,26,48,19,35,29,25,12,35,16,33,41,27,9,38,36,16,12,32,19
12,28,34,38,30,57,33,30,40,28,32,35,41,40,23,35,32,36,32,27,26,24,51,49,24,30,48,24,45,38,37,49,47,33,27,38,35,24,36,39,27,37,38,16,38,50,27,22,8,29,34,35,26,12,33,8,33,54,44,31,27,28,46,23,29,30,33,48,19,30,38,23,38,35,27,36,29,31,14,42,35,50,41,37,48,50,29,38,41,51,53,27,41,40,36,46,27,30,41,32,32,41,35,46,37,20,46,32,49,48,36,37,29,32,34,33,34,49,34,38,48,41,35,34,35,6,37,34,25,41,35,38,35,25,29,33,38,41,29,27,30,19,43,30,32,24,40,37,0,45,40,25,30,35,38,33,23,31,38,28,32,35,19,33,42,42,19,37,30,29,23,40,27,45,37,32,18,39,32,53,28,41,27,30,28,33,25,33
36,17,17,32,20,66,23,41,12,37,29,39,42,25,36,39,18,28,21,43,33,35,43,61,31,22,49,35,46,40,43,46,50,21,35,25,34,32,25,18,35,17,40,36,21,49,48,35,47,29,48,57,41,40,18,37,42,48,39,30,37,18,46,44,25,29,32,44,34,27,54,29,23,52,36,14,27,31,34,32,18,50,31,16,42,37,30,17,24,47,48,42,52,32,34,49,34,18,22,24,52,46,44,47,30,36,51,40,61,43,17,23,19,32,17,18,36,44,37,15,54,37,33,13,44,43,40,24,21,17,37,17,39,50,18,38,43,16,18,33,16,41,11,18,32,35,13,23,45,0,18,49,26,13,22,21,36,39,38,23,48,47,51,42,42,43,46,14,26,25,47,17,42,44,46,14,42,18,43,56,19,20,46,46,24,15,49,33
34,14,16,30,17,60,31,36,8,27,25,35,37,14,33,40,14,28,15,31,32,30,48,62,30,22,45,27,48,41,39,47,42,16,25,19,32,25,18,15,27,10,35,33,24,45,47,29,41,28,50,49,41,36,17,29,45,47,44,30,27,12,45,43,21,26,32,43,31,16,51,25,24,47,39,13,25,32,30,29,22,47,23,20,47,43,24,18,2,43,44,41,48,31,32,48,32,14,23,25,48,55,40,43,25,33,52,32,62,50,21,20,25,32,10,16,45,43,43,8,49,35,35,14,40,38,38,23,15,14,36,15,38,46,13,37,43,10,16,30,12,43,13,17,30,31,10,21,40,18,0,41,23,14,17,12,38,36,36,18,50,46,48,42,34,45,49,18,16,25,47,10,39,46,40,12,38,6,43,58,16,17,43,42,21,10,47,20
31,44,43,8,45,56,38,31,42,30,34,40,2,46,38,27,43,21,38,31,31,29,49,41,27,44,33,30,36,42,2,48,36,37,31,44,35,31,46,45,29,43,6,34,48,33,34,41,45,46,39,38,33,37,37,41,37,45,48,28,30,39,37,25,41,35,23,42,21,33,46,29,44,36,29,38,34,38,42,23,41,18,33,42,47,44,22,43,45,35,45,40,37,23,30,44,29,44,41,32,38,42,36,44,36,35,18,26,41,49,40,36,44,29,40,40,34,38,39,44,18,25,34,44,37,33,35,35,38,41,31,41,37,43,40,39,4,43,48,40,42,34,46,43,43,31,43,36,25,49,41,0,35,43,45,41,35,31,37,42,38,51,34,29,16,35,38,43,44,43,45,42,29,24,42,40,47,48,34,44,48,49,36,33,37,35,26,35
18,6,6,16,24,42,11,27,18,14,13,19,20,18,17,22,23,10,9,16,21,14,35,48,14,14,28,14,44,32,30,51,34,8,14,10,20,17,7,5,14,22,27,20,34,28,42,16,40,22,38,36,32,18,9,14,38,34,39,19,14,22,41,35,8,17,22,29,30,10,44,14,12,35,30,18,19,21,14,28,27,30,29,18,34,32,10,20,25,30,36,36,34,17,15,37,16,6,9,17,34,44,31,30,11,15,26,10,52,45,15,6,24,23,9,17,43,29,35,20,38,26,25,13,33,18,38,1,23,19,27,20,25,45,13,19,20,22,24,18,19,31,13,24,16,22,22,6,30,26,23,35,0,26,23,9,19,27,19,26,38,53,41,26,27,27,34,22,21,12,47,17,40,24,36,9,25,19,37,45,24,6,37,20,14,9,36,17
33,19,21,32,20,53,33,35,10,27,27,38,45,21,35,44,18,29,20,31,30,28,44,57,28,22,45,28,47,44,43,44,40,19,28,22,32,25,23,18,30,22,37,31,20,46,41,30,36,32,50,50,33,35,21,31,41,47,41,39,28,16,43,33,26,23,37,42,32,26,50,27,23,44,33,17,27,34,30,36,19,49,21,20,42,42,27,21,20,42,51,35,43,33,39,50,31,19,18,28,43,49,40,41,32,38,49,34,59,46,21,26,22,32,15,17,36,41,43,21,46,41,36,19,39,37,38,26,24,19,31,22,38,44,17,37,45,20,14,32,15,37,24,21,30,31,21,26,35,13,14,43,26,0,24,21,37,34,38,25,50,49,43,39,33,42,41,20,22,27,44,20,43,41,40,18,41,17,42,55,17,25,40,41,20,15,46,32
20,18,19,27,8,54,21,30,17,17,30,34,40,14,27,36,9,18,10,25,33,22,44,50,22,7,42,23,28,44,40,37,36,10,23,17,25,15,12,18,19,15,23,17,22,42,43,19,37,28,46,48,35,18,11,20,23,47,50,18,19,12,37,30,8,25,35,44,26,7,50,16,19,45,36,9,21,20,13,34,8,48,23,8,50,50,15,14,20,39,50,28,40,27,31,41,20,18,29,29,40,48,34,39,21,35,46,25,60,35,13,17,7,20,11,19,17,44,25,13,50,36,20,18,33,36,28,23,2,6,22,9,27,47,12,40,42,14,8,21,16,24,9,8,27,25,14,17,38,22,17,45,23,24,0,10,33,31,34,8,46,46,48,37,24,45,34,10,7,33,37,19,30,34,30,12,40,20,31,56,7,25,47,34,10,11,33,20
24,10,8,28,11,53,14,27,9,15,17,28,38,11,26,32,12,16,9,17,27,15,39,53,15,6,44,15,39,42,36,47,33,8,15,10,23,12,19,9,15,13,25,22,24,42,36,17,29,23,45,44,23,32,10,16,36,44,37,28,15,5,39,29,15,23,30,36,21,6,46,13,22,41,24,16,22,21,15,26,15,46,18,10,46,39,15,8,14,36,43,36,48,29,30,41,17,9,20,19,48,50,35,34,22,30,45,21,57,42,7,12,6,19,2,6,25,35,31,13,48,31,30,11,35,31,43,10,7,10,27,18,42,32,5,31,39,11,11,24,11,40,13,11,19,20,11,12,33,21,12,41,9,21,10,0,35,21,30,8,43,44,39,39,21,32,39,6,9,22,40,9,38,33,38,2,34,13,33,46,10,16,39,29,9,2,40,19
29,21,21,27,34,23,29,32,38,22,25,3,28,36,2,35,35,17,25,29,27,22,41,23,25,39,10,22,38,38,35,44,37,24,24,25,26,32,23,20,22,34,11,30,41,10,34,16,24,29,26,28,37,21,21,18,40,12,40,30,22,31,38,31,29,18,17,9,29,29,36,21,28,31,44,33,18,33,22,24,38,30,33,31,33,37,16,30,38,20,12,27,10,16,37,31,25,21,24,12,10,49,26,20,27,2,37,15,43,47,30,24,36,33,28,30,33,8,36,36,46,29,31,31,27,25,34,19,34,32,21,34,25,30,34,2,17,34,34,26,35,32,31,34,33,33,34,24,23,36,38,35,19,37,33,35,0,29,2,35,30,43,27,11,16,8,9,32,40,19,48,35,36,24,29,33,32,37,38,35,34,28,19,36,37,32,19,30
18,31,31,31,28,56,25,1,31,7,31,30,26,35,29,26,39,14,27,9,18,7,40,49,7,29,36,7,28,31,24,44,6,26,6,25,25,18,32,28,7,31,17,15,33,38,33,20,25,33,48,46,10,20,25,24,35,49,41,30,7,27,46,27,33,20,35,45,11,26,50,8,31,36,27,35,29,23,20,35,24,31,25,28,52,46,20,28,38,39,35,28,36,21,29,50,5,29,36,30,37,26,28,39,33,30,37,15,44,37,31,28,28,25,21,29,25,46,24,32,45,34,26,30,27,22,29,27,29,39,25,38,21,31,28,34,22,31,28,29,28,18,33,28,25,22,31,28,31,39,36,31,27,34,31,21,29,0,30,34,44,52,31,39,12,34,40,28,29,43,35,29,35,25,21,20,38,28,36,52,28,36,41,19,34,25,34,32
29,21,21,27,34,19,29,32,35,22,25,1,22,35,2,38,35,17,23,29,25,24,38,33,23,38,9,24,44,35,38,38,37,22,24,23,30,36,25,20,24,34,29,30,42,8,28,15,26,29,24,34,35,27,21,17,38,14,37,26,24,33,44,32,31,14,20,10,29,28,14,23,32,31,36,33,14,33,22,24,37,28,31,31,35,35,20,30,41,14,14,25,10,16,29,31,27,21,26,12,10,49,22,14,25,2,33,17,38,49,30,25,34,33,27,30,28,10,31,36,46,25,33,30,23,22,36,19,34,32,32,34,34,24,30,2,25,34,34,26,35,30,31,34,33,35,34,25,38,38,36,37,19,38,34,30,2,30,0,37,24,42,16,7,18,8,7,33,34,25,51,35,45,28,25,27,29,34,30,34,34,21,5,34,35,28,15,28
29,20,21,30,10,44,16,36,18,28,28,37,33,19,35,31,13,23,15,35,30,31,49,59,27,3,48,31,32,52,42,36,39,17,32,20,36,26,12,21,26,21,26,29,14,48,45,26,28,25,48,44,26,37,19,22,25,53,51,19,31,13,40,28,9,29,36,46,28,6,51,24,30,51,22,9,15,34,23,31,20,41,31,17,50,48,24,16,22,42,49,39,49,30,32,41,35,22,28,29,49,40,37,41,21,36,39,32,57,35,16,22,2,31,9,9,33,46,33,21,53,32,18,18,37,26,29,26,3,14,37,12,46,47,12,35,44,21,9,12,8,41,14,10,33,34,21,22,28,23,18,42,26,25,8,8,35,34,37,0,47,38,43,24,27,42,32,13,3,27,39,19,38,43,30,8,32,15,41,55,9,15,43,37,23,12,42,30
24,44,44,33,50,42,37,49,50,40,46,35,41,51,41,44,45,39,40,41,35,44,43,13,42,46,40,46,48,46,35,49,47,39,45,39,49,36,51,43,44,50,43,28,51,41,40,28,40,49,5,21,35,36,42,30,37,30,37,52,42,44,49,31,46,48,31,44,40,45,25,41,43,35,38,49,46,35,34,40,45,38,45,48,35,36,41,48,46,6,33,45,6,42,52,21,45,44,38,46,11,50,44,11,44,15,44,27,20,46,47,40,49,36,42,49,46,45,43,50,44,37,34,46,44,38,45,38,51,48,45,48,31,45,44,38,31,50,50,44,48,43,42,50,34,36,50,40,32,48,50,38,38,50,46,43,30,44,24,47,0,51,35,37,33,40,25,46,48,38,51,51,49,37,34,44,36,48,32,11,48,35,46,23,46,42,11,44
32,45,49,51,39,27,25,47,48,45,48,39,46,49,47,44,45,44,45,45,14,45,40,51,45,38,46,40,47,42,49,4,49,44,44,40,38,30,46,48,45,44,47,31,49,53,30,42,31,48,47,45,39,40,48,50,18,50,47,46,46,41,52,47,50,22,48,49,38,41,34,44,45,47,24,38,26,33,46,55,37,40,47,45,54,50,44,44,50,50,48,38,42,55,31,45,49,45,48,32,52,44,43,50,42,48,35,44,44,18,44,50,37,28,46,42,10,44,18,51,52,48,34,46,43,35,10,53,40,47,49,41,43,29,43,50,44,42,48,50,48,41,41,47,22,28,42,50,35,47,46,51,53,49,46,44,43,52,42,38,51,0,27,42,51,55,36,45,48,42,24,45,16,42,55,45,47,49,41,60,34,48,32,50,36,39,51,52
17,44,43,40,44,54,35,32,40,40,35,30,40,47,20,24,46,37,31,35,23,26,49,51,26,48,33,26,48,50,22,38,40,32,34,41,41,25,41,45,26,41,29,20,47,34,17,31,37,34,42,36,19,43,32,39,18,45,44,40,26,39,47,20,43,36,44,38,36,40,53,31,43,50,11,47,41,32,42,31,43,47,40,40,53,51,40,43,49,39,47,19,39,32,44,51,38,41,43,44,40,53,18,41,39,33,35,40,38,31,37,38,45,32,38,47,28,38,32,46,53,45,34,50,20,36,39,41,41,50,41,46,44,3,38,35,24,40,42,44,42,47,45,43,29,15,40,38,19,51,48,34,41,43,48,39,27,31,16,43,35,27,0,38,39,31,30,43,48,49,36,46,18,45,42,32,45,50,42,46,44,43,34,34,43,33,24,43
29,27,27,26,36,28,37,36,43,34,34,12,21,46,6,40,43,27,31,31,21,32,36,38,33,32,21,32,34,47,27,32,40,32,33,43,34,32,29,28,31,45,21,30,41,21,41,27,23,26,37,13,35,27,27,29,37,30,39,37,32,34,45,32,18,17,31,24,33,36,37,31,35,39,34,35,21,41,33,32,27,46,42,42,43,36,24,41,46,34,23,23,19,28,29,18,36,27,36,23,19,47,16,34,33,13,43,35,44,42,42,25,32,34,38,36,38,22,36,44,46,22,39,44,19,27,33,26,33,43,36,43,33,39,35,9,22,44,36,34,37,33,42,36,33,34,44,25,33,42,42,29,26,39,37,39,11,39,7,24,37,42,38,0,40,20,16,41,32,35,42,42,30,37,39,38,25,41,38,40,35,40,24,32,45,37,24,32
17,38,37,10,33,54,22,12,28,10,32,10,24,30,10,22,38,8,21,13,35,11,42,33,11,24,32,11,29,43,20,37,20,20,11,23,20,16,37,39,11,26,10,16,32,33,36,13,35,32,32,32,27,16,20,13,35,43,45,33,11,23,46,26,24,21,25,31,10,19,43,8,28,38,26,36,21,21,13,10,30,34,22,23,38,49,12,26,39,35,46,26,25,22,35,42,13,32,20,20,26,31,22,35,34,23,39,18,50,42,24,24,24,22,20,24,28,31,27,29,29,30,17,31,23,21,36,27,23,40,16,40,24,39,23,22,21,26,33,30,33,22,34,33,20,16,26,24,42,42,34,16,27,33,24,21,16,12,18,27,33,51,39,40,0,25,32,24,27,25,40,29,36,6,25,20,45,37,42,39,29,37,49,26,35,21,14,23
28,29,29,32,34,41,31,31,41,29,21,9,21,45,8,38,37,27,31,33,26,31,24,32,30,41,21,33,43,36,27,40,40,30,31,33,39,40,19,28,31,43,27,30,46,19,35,30,36,38,37,26,35,30,25,32,46,28,41,44,31,37,42,39,29,24,26,16,42,32,35,30,42,35,48,35,24,27,28,34,44,35,36,34,40,38,22,36,41,16,34,23,22,26,30,19,28,31,27,20,22,51,14,19,23,8,39,24,40,42,38,25,49,41,38,40,38,13,42,46,42,11,30,36,16,35,38,27,46,39,31,34,37,31,33,6,29,40,34,39,37,28,35,34,41,35,40,25,42,43,45,35,27,42,45,32,8,34,8,42,40,55,31,20,25,0,37,37,37,32,50,40,29,33,35,38,34,44,35,31,34,40,25,42,36,37,30,34
38,33,35,36,40,14,45,34,45,36,31,18,30,47,18,42,39,36,35,36,27,40,43,44,40,37,27,38,48,42,32,46,44,28,41,37,39,37,39,32,39,44,36,40,43,19,35,29,39,30,25,37,29,34,31,33,39,29,43,42,40,36,47,30,26,23,34,26,31,41,29,36,43,40,40,38,29,42,35,40,44,37,42,43,39,40,28,44,48,34,19,37,31,28,36,26,42,37,34,37,31,46,34,30,33,25,44,37,50,50,38,32,36,43,38,36,39,18,39,48,44,39,37,39,34,29,17,34,33,38,40,39,40,30,37,23,40,43,41,36,41,39,45,40,36,40,43,32,19,46,49,38,34,41,34,39,9,40,7,32,25,36,30,16,32,37,0,44,36,35,42,44,44,29,45,37,35,46,27,48,40,42,12,23,46,37,38,46
28,16,15,30,10,59,20,26,15,16,23,34,40,22,32,40,6,21,10,26,25,18,43,50,18,18,42,18,42,38,46,46,35,10,16,16,17,11,22,15,18,19,31,27,16,44,45,24,32,29,46,51,31,28,12,28,35,46,41,28,18,4,37,31,19,26,32,39,28,14,49,21,23,44,28,9,24,13,23,29,16,47,22,2,40,40,21,6,21,41,42,37,39,24,36,49,25,16,23,22,40,44,34,41,23,36,51,24,59,45,3,15,15,13,6,3,33,39,36,15,43,35,19,4,34,34,36,22,12,2,20,5,32,43,4,36,36,19,6,23,6,30,4,10,21,23,19,15,37,14,18,43,22,20,10,6,32,28,33,13,46,45,43,41,24,37,44,0,15,26,41,14,35,36,34,11,39,19,34,55,12,19,39,37,14,10,38,25
26,19,18,28,5,48,17,32,17,28,32,36,39,19,34,32,11,23,15,28,37,28,50,50,28,1,43,28,35,51,46,36,40,15,28,13,27,26,19,17,24,17,28,24,20,43,46,21,29,25,46,50,26,20,18,18,20,46,48,17,28,6,30,29,9,24,34,42,28,7,53,18,26,50,27,7,25,30,16,34,18,45,23,15,52,49,22,16,28,38,49,34,40,30,32,42,29,17,31,15,40,44,39,38,27,40,48,26,57,34,10,21,1,33,10,6,22,42,24,15,54,37,28,15,37,33,35,21,3,11,32,10,42,48,5,41,41,19,10,16,16,36,12,6,32,26,18,21,30,26,16,44,21,22,7,9,40,29,34,3,48,48,48,32,27,37,36,15,0,33,36,15,38,32,39,7,30,21,34,47,5,26,40,34,22,7,32,24
36,10,10,12,28,55,32,41,27,29,28,19,19,28,17,39,27,22,34,34,30,28,30,52,29,28,28,28,44,26,41,44,50,35,35,24,29,30,12,11,31,34,19,37,34,29,50,22,25,21,38,34,36,28,35,8,33,43,32,19,28,24,45,43,20,14,20,32,32,32,38,28,27,41,36,21,16,36,10,13,26,39,32,25,32,40,14,36,25,24,34,43,44,33,15,52,34,12,29,20,45,54,40,25,30,17,37,15,51,41,34,26,32,35,24,25,31,35,45,41,51,45,35,23,40,6,29,12,32,26,27,23,25,50,24,17,35,27,25,19,22,36,18,28,30,27,27,26,29,25,25,43,12,27,33,22,19,43,25,27,38,42,49,35,25,32,35,26,33,0,42,27,41,34,29,23,8,23,46,39,26,9,35,30,25,31,33,27
23,45,45,37,47,54,31,42,50,42,37,51,41,44,41,43,45,45,46,38,31,40,45,56,36,36,48,36,9,50,47,28,49,42,41,46,43,24,38,44,34,45,50,22,49,54,36,45,33,37,45,53,34,22,48,45,22,49,50,34,36,41,45,24,39,50,43,50,32,43,57,44,26,50,28,42,36,23,26,40,35,46,46,45,48,53,46,44,52,48,53,33,39,48,48,54,46,46,50,41,43,25,44,50,47,50,40,43,37,14,43,48,36,22,43,40,40,47,12,49,47,41,24,45,44,41,28,47,45,43,38,43,44,36,37,49,56,41,47,40,47,39,45,47,25,20,48,48,23,47,47,45,47,44,37,40,48,35,51,39,51,24,36,42,40,50,42,41,36,42,0,48,29,49,50,39,46,51,41,46,44,40,45,36,47,42,35,43
34,17,15,33,17,55,23,33,6,23,26,33,43,2,31,39,19,24,16,25,32,23,40,58,23,15,46,23,44,46,41,48,39,15,23,17,28,19,22,16,23,8,32,33,20,45,44,27,37,32,50,50,29,37,17,26,42,49,40,34,23,12,45,40,25,27,33,43,27,25,52,21,25,45,34,19,26,26,23,32,21,48,20,14,40,38,22,12,12,41,49,42,44,34,29,49,25,15,23,25,44,51,41,40,25,35,49,28,63,47,14,19,15,25,11,12,35,43,36,8,49,36,35,15,41,36,41,16,14,22,34,14,41,45,12,35,43,6,17,29,17,39,16,17,24,24,8,19,40,17,10,42,17,20,19,9,35,29,35,19,51,45,46,42,29,40,44,14,15,27,48,0,44,38,44,9,41,14,39,53,16,21,42,36,18,11,44,19
33,40,38,37,43,56,19,27,39,37,31,39,29,40,29,39,39,29,33,38,6,41,37,48,37,38,39,34,35,47,26,10,39,32,39,37,25,18,39,39,26,42,37,32,41,36,24,27,22,40,50,44,30,35,39,37,10,41,46,34,34,38,44,28,31,10,39,41,32,33,52,39,25,37,26,36,16,27,40,35,31,26,39,39,38,41,26,38,44,42,42,31,37,41,24,48,38,40,44,12,38,46,36,44,31,35,18,27,45,33,37,36,37,22,38,34,6,41,26,37,37,22,20,37,36,23,28,40,30,42,35,42,40,17,41,26,20,42,42,40,41,39,37,43,14,26,41,35,27,42,39,29,40,43,30,38,36,35,45,38,49,16,18,30,36,29,44,35,38,41,29,44,0,29,40,33,35,45,32,55,37,42,43,26,28,33,38,36
33,21,21,26,41,46,25,30,38,37,25,27,2,43,21,17,43,16,39,20,20,33,34,47,37,40,37,39,24,29,34,34,35,38,36,38,36,35,28,20,31,45,24,33,44,38,37,36,35,33,37,33,22,39,30,38,38,37,38,36,39,41,38,24,24,22,25,31,26,40,36,34,25,40,40,39,33,35,36,16,34,30,37,34,37,42,18,39,47,37,31,34,25,19,44,47,34,21,31,32,27,32,36,37,27,31,20,6,46,44,33,29,32,35,40,33,18,25,40,42,28,32,34,39,35,32,20,24,33,48,34,43,33,45,33,29,2,46,43,22,37,45,39,43,26,37,46,29,45,44,46,24,24,41,34,33,24,25,28,43,37,42,45,37,6,33,29,36,32,34,49,38,29,0,36,36,47,38,35,34,43,22,35,12,43,39,15,29
18,39,36,34,37,62,31,21,41,18,45,32,41,45,24,38,34,22,25,21,37,18,52,36,18,38,48,18,32,45,36,50,35,25,20,36,33,28,44,34,18,41,27,16,42,49,42,16,33,42,40,33,34,6,24,16,39,55,46,35,17,25,40,35,34,30,28,47,28,33,58,19,46,29,38,35,28,33,10,33,39,50,31,34,45,38,23,34,45,49,53,30,27,29,46,41,21,35,35,34,29,37,32,49,44,36,44,24,53,46,35,25,39,35,34,32,40,48,33,41,48,37,30,32,31,26,40,36,37,40,32,39,2,40,28,25,35,41,37,43,29,4,38,36,31,31,38,25,37,46,40,42,36,40,30,38,29,21,25,30,34,55,42,39,25,35,45,34,39,29,50,44,40,36,0,27,44,36,32,56,36,38,40,25,33,27,28,40
23,9,9,29,11,54,17,20,11,14,21,27,38,11,26,31,17,15,8,16,26,14,41,51,14,7,43,14,38,41,35,47,32,7,14,9,22,11,19,8,14,13,23,21,14,42,35,16,31,20,44,45,22,32,9,24,39,47,41,26,14,5,38,28,13,23,29,40,20,6,45,12,23,40,25,12,19,22,23,25,14,46,20,5,43,40,14,6,14,35,41,37,45,28,31,50,16,9,19,18,45,51,34,33,20,29,40,23,52,45,6,13,7,21,2,10,32,40,33,13,47,30,26,11,34,34,41,8,9,18,26,18,42,31,5,27,34,14,11,19,11,34,12,11,20,20,13,12,32,14,12,40,9,18,12,2,33,20,27,8,44,45,32,38,20,38,37,11,7,23,39,9,33,36,27,0,34,13,35,45,11,18,39,28,8,2,40,19
35,22,16,38,38,56,40,40,38,41,39,43,44,38,35,45,32,44,32,43,36,41,46,57,34,30,41,34,51,30,43,35,47,39,43,31,33,34,33,21,42,45,36,38,33,41,48,27,18,29,38,33,43,29,36,29,38,43,33,28,34,33,36,37,28,37,32,38,34,35,36,43,32,43,32,31,38,37,31,30,30,52,42,38,47,51,34,37,38,41,45,45,46,40,23,47,43,24,35,30,45,44,45,30,45,29,42,38,35,44,35,35,30,35,33,33,32,40,40,43,51,41,38,40,45,4,44,25,39,36,29,36,40,47,34,32,38,41,37,27,32,44,39,38,35,39,41,35,18,42,38,47,25,41,40,34,32,38,29,32,36,47,45,25,45,34,35,39,30,8,46,41,35,47,44,34,0,35,44,38,36,21,25,35,37,35,37,41
29,15,17,25,22,52,21,29,13,23,25,34,33,16,31,43,19,31,21,25,33,24,41,58,24,21,45,24,40,40,40,49,34,18,24,20,32,25,19,16,24,11,34,29,25,48,50,24,37,31,47,51,36,38,16,24,45,49,47,34,24,16,45,42,22,24,27,46,26,15,52,26,20,48,38,17,25,33,31,26,25,51,24,19,42,45,29,21,6,43,48,42,50,32,26,48,26,17,25,23,50,57,40,44,26,34,49,27,59,51,23,17,27,37,13,18,37,46,42,13,42,35,34,15,40,31,39,20,16,19,37,21,38,50,16,34,40,15,17,26,18,39,14,22,32,30,15,16,39,18,6,48,19,17,20,13,37,28,34,15,48,49,50,41,37,44,46,19,21,23,51,14,45,38,36,13,35,0,46,57,18,14,43,38,19,13,44,15
36,43,43,38,41,47,37,35,37,29,40,38,38,42,38,31,42,32,32,28,30,35,48,41,37,42,43,37,39,46,36,44,38,33,32,39,34,38,44,42,27,45,37,37,34,42,40,38,30,44,32,36,28,35,34,43,39,39,47,34,37,36,20,32,30,29,37,41,39,40,40,44,42,31,37,46,46,41,32,37,39,38,43,29,44,50,34,30,46,46,52,35,39,35,38,40,33,42,44,38,38,39,29,46,47,44,48,38,53,34,30,33,36,39,35,34,38,39,37,38,44,48,40,31,30,32,42,37,43,42,6,43,29,42,41,38,43,41,41,30,43,33,36,41,34,31,44,33,32,43,43,34,37,42,31,33,38,36,30,41,32,41,42,38,42,35,27,34,34,46,41,39,32,35,32,35,44,46,0,55,40,34,36,35,41,37,32,40
29,49,47,32,55,61,38,53,55,48,53,34,51,55,48,49,60,50,47,46,41,48,48,10,47,47,36,48,39,51,46,40,54,46,48,46,49,41,55,48,48,56,49,33,53,36,49,43,51,55,16,32,49,48,46,43,30,33,59,59,48,52,60,41,49,43,38,26,33,52,28,40,52,48,44,54,45,36,43,44,56,56,54,52,45,41,46,53,57,15,45,44,11,54,56,53,43,49,49,47,16,59,38,20,55,38,51,34,20,42,49,41,51,35,45,52,58,28,34,56,47,54,33,52,39,39,42,45,55,50,50,55,44,47,49,45,46,57,55,51,53,51,58,55,37,40,57,41,53,56,58,44,45,55,56,46,35,52,34,55,11,60,46,40,39,31,48,55,47,39,46,53,55,34,56,45,38,57,55,0,53,53,37,36,59,46,16,49
33,14,14,38,2,58,15,28,13,28,19,43,45,22,35,43,6,28,12,30,33,28,47,59,28,5,53,28,44,44,38,45,34,14,28,10,29,21,13,19,28,21,33,31,13,53,46,30,32,26,48,49,31,30,17,22,38,50,45,25,28,5,45,32,16,25,29,40,28,15,52,26,18,48,24,3,20,37,20,33,13,49,27,12,45,42,22,12,21,39,48,41,46,24,26,48,30,20,24,22,47,50,41,39,18,35,44,39,55,41,12,27,4,32,11,9,32,40,32,18,53,43,32,4,41,30,28,24,6,6,37,6,30,44,4,28,32,22,1,31,10,28,6,2,35,26,20,27,28,19,16,48,24,17,7,10,34,28,34,9,48,34,44,35,29,34,40,12,5,26,44,16,37,43,36,11,36,18,40,53,0,18,46,40,9,16,47,31
24,2,4,26,17,54,25,36,24,21,14,21,20,27,19,38,18,26,15,23,36,24,33,48,26,26,28,24,32,42,41,45,42,22,24,11,28,16,5,3,24,15,42,26,25,28,42,26,35,20,34,32,32,32,17,30,37,38,42,24,24,16,43,32,8,19,29,44,19,15,49,23,17,48,37,13,19,28,25,23,20,45,27,20,38,37,23,19,18,31,41,37,36,19,12,51,26,4,25,17,36,50,36,30,15,28,35,15,61,44,21,9,24,26,18,17,39,44,40,28,46,23,32,12,36,15,40,6,25,17,31,16,32,44,16,30,32,17,18,20,14,32,8,15,28,25,15,9,41,20,17,49,6,25,25,16,28,36,21,15,35,48,43,40,37,40,42,19,26,9,40,21,42,22,38,18,21,14,34,53,18,0,35,30,23,18,38,35
43,37,33,40,45,14,39,38,40,36,41,8,29,43,16,40,46,34,39,31,22,37,37,50,37,40,34,37,38,43,34,47,36,34,39,38,45,48,45,34,35,46,40,44,39,22,38,27,39,48,46,45,27,38,34,27,40,38,44,35,37,40,44,30,34,20,31,23,39,41,9,34,35,38,46,42,26,45,46,43,45,35,41,38,36,33,34,39,49,28,31,34,35,16,41,26,38,37,31,23,39,42,29,32,37,19,44,38,46,49,41,38,44,40,39,35,35,15,38,45,37,37,35,42,30,35,18,37,42,41,40,40,40,34,39,29,38,46,47,30,45,49,42,45,43,48,44,38,27,46,43,36,37,40,47,39,19,41,5,43,46,32,34,24,49,25,12,39,40,35,45,42,43,35,40,39,25,43,36,37,46,35,0,35,41,42,24,40
27,29,29,24,40,50,34,20,37,21,33,29,6,36,34,20,46,28,30,20,28,15,34,36,15,38,48,15,19,29,28,37,23,31,20,36,28,33,30,28,15,37,28,28,41,48,39,26,39,34,24,29,20,33,28,33,33,40,40,34,15,32,31,29,24,39,38,47,14,29,33,18,24,43,33,40,33,22,27,6,41,12,31,36,36,42,32,32,40,26,44,35,20,36,37,44,20,27,32,38,20,33,30,31,37,34,12,6,40,50,38,36,39,21,29,34,32,46,29,43,34,32,27,45,30,16,25,20,39,36,31,38,30,36,37,33,2,35,40,30,39,33,37,40,24,29,35,36,30,46,42,33,20,41,34,29,36,19,34,37,23,50,34,32,26,42,23,37,34,30,36,36,26,12,25,28,35,38,35,36,40,30,35,0,32,29,23,36
27,18,19,26,9,52,25,31,14,28,32,34,38,20,32,34,13,32,22,31,34,30,50,60,34,22,41,33,44,48,28,34,31,21,29,18,33,25,12,15,28,24,41,26,19,41,45,34,38,22,46,50,31,29,15,29,41,46,43,28,30,19,40,42,14,35,33,40,30,24,54,25,21,48,24,15,24,30,28,41,21,43,28,15,46,47,26,16,20,45,44,36,51,33,31,51,31,19,27,24,51,47,36,45,26,29,40,28,62,39,14,17,21,33,9,6,35,40,35,26,41,34,28,5,35,37,24,14,6,19,36,18,35,43,11,45,26,19,9,20,16,37,11,10,32,26,24,16,28,24,21,37,14,20,10,9,37,34,35,23,46,36,43,45,35,36,46,14,22,25,47,18,28,43,33,8,37,19,41,59,9,23,41,32,0,16,44,35
29,8,10,30,11,48,20,26,9,15,22,34,39,13,27,32,16,16,7,17,25,15,46,53,15,7,45,15,41,44,36,42,33,8,15,10,23,12,12,9,15,11,24,27,23,44,37,24,29,19,41,46,23,30,10,24,40,47,37,26,15,4,37,27,14,24,30,36,21,4,46,13,20,41,25,12,21,30,15,26,15,47,20,11,46,44,15,5,12,36,45,36,48,28,30,48,17,10,20,17,48,43,34,34,18,30,45,21,52,45,8,12,6,22,2,6,34,35,28,11,48,31,29,7,33,33,39,10,7,22,27,23,29,32,5,34,39,13,10,18,11,32,12,11,21,21,11,12,33,15,10,35,9,15,11,2,32,25,28,12,42,39,33,37,21,37,37,10,7,31,42,11,33,39,27,2,35,13,37,46,16,18,42,29,16,0,41,19
9,38,44,23,43,54,23,34,45,22,39,11,32,42,14,34,43,19,30,23,29,23,46,19,23,40,33,23,39,43,20,37,37,29,23,30,27,23,45,40,23,42,13,13,45,36,26,11,25,38,16,16,35,19,29,13,25,44,38,29,23,40,47,37,39,26,27,32,28,33,41,20,33,21,29,44,21,22,17,36,38,44,30,36,40,45,22,38,43,29,48,19,5,23,41,43,23,38,43,22,10,35,10,33,41,14,39,20,16,30,37,32,39,24,40,41,32,35,19,41,31,20,22,41,10,24,37,36,34,40,26,44,22,25,40,15,29,39,43,46,43,22,44,43,24,20,41,32,25,49,47,26,36,46,33,40,19,34,15,42,11,51,24,24,14,30,38,38,32,33,35,44,38,15,28,40,37,44,32,16,47,38,24,23,44,41,0,35
27,26,30,32,29,59,29,30,20,21,27,28,29,17,24,30,32,17,20,23,30,21,39,58,24,24,37,21,35,45,29,42,40,21,21,21,25,27,31,25,17,17,23,25,35,37,39,20,38,30,45,43,27,25,21,20,43,44,42,41,21,23,47,25,26,16,37,37,30,17,51,19,18,48,37,29,15,26,19,35,31,44,14,23,37,37,16,26,19,40,50,33,40,28,37,51,26,25,28,18,40,42,32,40,25,26,43,22,58,48,29,18,23,27,19,25,38,36,42,19,37,30,31,24,30,35,41,16,20,32,31,30,32,43,23,32,29,19,25,33,28,27,24,26,28,27,17,19,33,33,20,35,17,32,20,19,30,32,28,30,44,52,43,32,23,34,46,25,24,27,43,19,36,29,40,19,41,15,40,49,31,35,40,36,35,19,35,0
