0,20,22,25,28,47,25,18,29,13,12,29,29,30,23,37,32,19,16,21,24,15,32,46,19,34,28,15,37,39,32,47,26,21,9,25,21,21,22,13,15,31,23,4,33,32,31,10,34,24,38,42,24,28,17,12,36,41,24,33,15,26,42,32,22,22,26,32,27,26,44,8,24,34,30,27,13,18,12,32,31,36,25,27,30,39,19,25,32,32,39,24,26,27,35,43,16,20,23,25,29,47,27,31,26,25,34,26,53,37,28,20,36,23,22,24,41,34,22,30,38,19,17,24,27,24,31,21,26,29,22,29,34,28,25,29,27,31,28,24,28,30,24,28,26,23,30,20,32,28,28,24,21,28,30,23,29,18,23,32,38,43,27,37,23,35,35,28,34,16,40,29,38,34,29,22,34,32,32,45,26,20,33,38,34,25,21,27
20,0,4,23,19,55,20,29,19,25,28,31,41,20,31,39,20,22,4,32,23,21,39,40,23,19,34,21,42,35,31,40,37,15,25,13,23,18,4,7,21,18,31,19,22,36,41,24,30,21,45,41,29,27,13,17,30,40,39,21,21,16,40,37,11,15,34,34,18,20,44,16,14,36,30,20,16,22,24,25,17,39,30,21,40,38,19,19,16,36,40,28,32,25,23,47,27,2,20,21,33,49,27,39,17,29,43,29,53,39,20,20,20,20,14,16,26,36,38,22,39,29,24,23,27,32,39,17,20,18,25,17,36,39,17,29,41,20,18,13,16,32,16,19,20,16,20,20,32,24,16,33,17,19,20,14,31,33,27,26,44,48,39,35,25,35,35,17,19,22,38,21,34,37,38,14,27,15,37,51,17,2,35,39,17,12,29,25
22,4,0,25,16,57,20,31,18,25,26,31,41,19,27,39,20,24,8,24,29,27,39,44,21,19,36,27,38,37,35,30,35,13,23,16,21,18,8,5,27,19,29,22,20,36,37,24,30,17,44,43,29,29,12,21,28,40,39,23,27,18,40,35,13,15,31,36,24,23,47,18,12,34,30,18,18,20,20,25,20,41,28,19,40,41,26,19,21,38,40,31,34,23,25,45,25,6,16,19,33,46,31,37,15,31,45,29,47,38,20,17,21,20,14,15,30,36,32,20,41,31,22,21,31,26,35,14,23,17,33,19,34,36,15,31,41,19,18,15,14,30,15,16,20,24,19,17,28,15,17,35,14,20,21,15,27,33,27,24,46,43,35,35,25,37,39,21,19,22,38,18,36,39,35,14,25,20,35,51,15,6,41,37,20,13,33,24
25,23,25,0,35,53,26,32,33,31,26,27,16,35,20,10,33,28,27,30,32,28,29,49,28,39,27,28,42,36,8,45,33,29,30,29,18,28,33,28,28,38,4,24,37,30,35,25,36,30,36,34,31,30,22,29,35,41,30,37,28,33,36,29,30,24,2,23,36,39,36,28,29,29,39,32,31,25,31,22,36,18,32,31,33,37,26,34,38,15,32,36,16,24,39,45,31,25,24,23,30,41,32,28,30,27,22,4,47,47,36,25,37,23,29,32,39,29,38,39,14,27,26,35,32,38,44,31,34,32,24,32,33,38,32,23,16,36,35,26,35,31,30,35,21,29,37,25,33,35,36,10,31,37,34,31,26,32,22,36,29,52,36,39,16,25,31,35,39,27,52,33,42,26,36,29,32,39,36,47,35,29,41,30,37,29,17,32
28,19,16,35,0,57,19,28,16,22,30,35,47,22,35,39,4,24,15,24,33,22,43,54,22,10,44,21,40,43,43,45,37,14,22,14,23,19,17,19,22,20,35,28,14,45,40,23,42,31,51,51,38,26,17,26,35,46,43,35,22,8,38,42,23,19,31,44,36,18,49,24,23,41,29,3,21,20,26,35,14,47,26,8,43,43,24,12,21,44,44,33,44,32,33,51,24,20,23,19,43,50,32,43,28,36,51,35,55,43,8,24,10,21,11,8,37,43,33,18,47,39,21,6,32,38,41,26,12,8,27,4,34,39,7,33,43,19,2,27,6,30,10,2,19,21,19,24,42,18,17,43,26,20,8,13,33,30,33,10,50,45,39,41,34,41,39,8,9,29,47,18,37,45,36,11,38,17,35,55,2,16,39,43,5,7,39,26
47,55,57,53,57,0,60,55,58,61,53,36,55,53,34,48,55,53,57,59,40,49,54,62,47,46,56,49,42,61,55,28,56,48,50,57,54,52,49,46,49,56,55,50,47,42,45,55,43,40,42,40,42,52,51,50,42,39,58,38,49,52,60,37,42,44,59,57,44,50,40,54,48,58,50,50,50,57,52,50,45,41,56,54,57,58,54,51,59,56,43,45,56,40,32,26,55,54,52,58,52,53,46,51,61,41,36,52,50,32,53,52,45,52,56,52,38,46,40,54,30,59,60,55,47,41,42,52,47,55,61,55,65,41,51,47,59,57,56,42,55,57,49,57,51,54,56,53,41,57,56,36,52,57,50,53,38,54,33,48,52,32,40,32,48,45,38,55,46,49,28,56,38,42,65,56,47,59,56,56,53,59,36,33,56,55,56,56
25,20,20,26,19,60,0,29,27,20,23,31,37,26,23,37,21,26,16,27,19,27,37,49,27,26,35,27,39,38,35,29,35,15,23,11,18,6,19,17,27,25,30,20,30,37,49,19,40,28,51,53,37,29,13,23,33,38,34,36,27,21,38,28,22,19,25,34,29,32,45,19,15,34,11,18,13,16,27,30,26,38,24,25,40,39,29,24,29,41,43,28,45,25,30,46,26,15,18,13,44,47,24,42,20,23,41,27,57,45,24,17,29,15,29,20,31,38,27,32,48,35,8,21,25,40,23,12,30,22,27,22,33,40,21,29,33,23,22,30,23,33,23,19,11,11,24,17,42,27,27,42,12,27,33,22,29,30,33,25,42,33,39,37,34,36,35,22,26,22,40,27,23,37,35,29,43,25,19,59,22,22,35,37,24,31,35,23
18,29,31,32,28,55,29,0,35,8,33,30,39,36,28,47,34,22,24,11,33,17,41,52,16,31,39,17,15,45,44,42,9,23,25,27,24,27,22,31,17,33,32,26,40,36,38,24,42,28,49,53,26,31,23,25,36,40,44,38,17,33,37,14,27,27,30,35,22,26,59,8,34,33,31,31,34,25,23,31,34,47,25,32,34,45,27,31,39,37,40,29,34,25,41,48,4,27,35,31,32,45,29,40,28,30,49,29,55,33,30,26,33,26,30,29,32,35,30,35,48,33,24,30,30,33,43,26,36,28,30,31,35,46,32,32,43,32,30,30,30,35,28,30,29,26,31,26,41,37,35,42,26,36,36,28,27,1,23,34,48,41,46,38,24,34,43,24,31,34,35,37,41,30,36,30,41,33,35,57,30,28,43,39,31,26,27,28
29,19,18,33,16,58,27,35,0,29,31,36,46,8,34,43,17,30,16,30,34,28,42,55,28,20,45,28,44,42,48,46,42,17,25,20,27,22,23,20,28,4,33,28,16,45,48,29,39,31,53,51,36,32,20,28,38,46,41,39,28,14,47,39,27,24,39,45,37,16,53,26,26,41,29,16,26,27,27,34,14,52,22,17,44,41,27,12,10,43,46,35,43,33,37,50,30,21,26,26,42,48,35,42,28,37,48,34,62,46,17,26,19,25,14,16,41,44,41,4,51,41,29,15,35,35,34,27,17,20,32,20,41,46,15,37,43,10,15,30,18,36,18,16,24,23,8,26,39,12,14,48,27,12,17,12,35,32,35,21,55,45,46,46,33,42,46,15,20,31,43,6,36,46,42,12,41,10,40,60,14,20,45,44,23,12,37,23
13,25,25,31,22,61,20,8,29,0,23,29,38,31,28,41,28,14,18,2,26,9,49,53,9,32,36,9,29,39,44,38,17,19,1,21,21,23,25,19,9,26,23,22,31,36,46,21,27,27,50,50,17,27,17,21,29,41,45,28,9,22,39,19,26,19,35,36,19,27,52,6,21,36,23,23,20,21,20,27,29,43,25,24,33,36,15,25,32,42,43,32,39,30,31,42,11,25,24,21,37,43,27,41,27,29,42,31,55,40,23,21,30,22,24,21,38,35,35,29,40,38,14,24,28,27,38,28,27,25,29,31,31,44,24,27,37,26,22,31,24,27,27,22,19,16,24,21,26,28,29,35,28,27,24,24,32,8,27,31,45,41,44,37,27,32,45,27,32,23,33,28,41,32,33,23,39,27,36,55,22,14,42,41,32,24,28,22
12,28,26,26,30,53,23,33,31,23,0,29,30,33,31,35,30,25,26,21,35,22,30,44,19,32,22,22,37,39,36,49,35,19,26,23,18,24,26,19,22,31,20,18,30,29,37,18,34,23,41,42,27,26,14,26,37,37,30,41,22,26,42,28,19,21,28,24,33,33,42,18,20,36,32,27,23,26,26,30,28,47,28,32,24,37,17,28,29,34,33,28,26,27,38,45,24,26,23,25,32,51,21,38,18,29,37,26,51,48,29,23,35,24,27,25,35,31,32,34,43,17,20,29,23,32,30,20,33,29,23,29,35,28,26,29,34,31,30,31,31,29,29,30,29,21,33,23,38,33,31,35,20,29,36,28,31,27,31,32,42,44,27,35,28,33,29,29,32,14,41,32,35,38,35,27,24,30,34,49,30,22,31,36,28,25,19,27
29,31,31,27,35,36,31,30,36,29,29,0,33,40,14,34,34,28,29,33,27,25,41,46,31,37,26,25,45,43,35,44,40,30,30,37,30,28,34,28,25,39,24,28,39,26,32,27,26,32,45,41,34,27,31,31,38,27,35,39,25,31,43,30,31,28,25,30,31,34,32,34,28,39,26,32,24,31,34,30,39,40,34,38,43,38,28,36,41,33,29,26,32,18,35,30,34,33,29,26,32,49,28,30,29,15,35,26,38,49,38,33,32,26,36,32,44,26,45,37,40,33,30,35,29,33,44,33,36,39,27,36,30,28,35,17,29,36,30,40,33,34,35,35,26,24,38,33,28,36,38,39,33,35,37,31,13,26,13,37,45,46,26,24,24,19,20,39,37,33,51,37,41,32,35,36,26,37,36,46,34,28,8,25,38,36,32,33
29,41,41,16,47,55,37,39,46,38,30,33,0,45,35,4,38,28,33,42,23,34,41,51,34,34,28,34,34,47,10,41,37,26,41,37,34,33,37,34,34,44,6,32,37,29,32,31,27,36,31,40,28,39,33,33,42,48,42,35,34,37,48,35,28,33,19,24,33,37,34,24,33,38,33,36,27,33,33,24,35,18,34,42,39,44,28,39,45,30,38,33,25,32,35,40,40,39,40,33,33,43,28,42,42,29,16,14,38,47,41,33,38,34,36,38,33,30,36,43,30,31,41,42,28,33,28,37,30,42,42,37,43,36,39,36,12,43,43,40,43,38,44,43,35,31,44,33,29,44,45,4,37,36,37,36,41,41,37,43,24,40,36,23,24,44,34,43,34,35,46,40,37,10,41,36,34,47,29,40,42,40,36,14,42,39,32,35
30,20,19,35,22,53,26,36,8,31,33,40,45,0,35,44,21,33,18,34,31,30,44,56,30,19,47,30,46,44,47,47,42,21,30,22,29,27,24,20,30,6,37,30,23,47,40,32,32,29,55,55,30,36,23,32,41,49,46,38,30,19,46,31,31,27,42,47,39,19,53,29,33,44,36,22,27,27,30,39,20,51,25,19,44,44,28,16,6,46,49,35,45,40,32,44,29,21,26,27,47,48,36,47,32,39,51,36,60,48,20,25,19,27,14,21,38,45,41,4,52,43,29,20,35,41,40,19,18,19,32,21,41,45,20,40,47,6,22,25,19,38,21,22,27,29,8,24,32,23,8,41,20,16,22,11,40,33,41,16,55,41,45,45,35,45,46,17,19,33,43,2,35,45,45,16,39,10,45,58,20,23,45,44,18,13,38,29
23,31,27,20,35,34,23,28,34,28,31,14,35,35,0,27,33,30,29,28,33,29,33,33,29,37,29,29,37,34,35,50,38,28,32,25,25,20,28,24,29,36,22,22,38,30,33,19,39,33,36,42,30,33,23,25,39,31,27,41,29,31,42,34,34,29,26,33,32,33,41,26,27,29,35,34,23,26,28,23,37,35,34,34,37,37,28,34,36,21,30,22,25,4,40,38,30,25,25,31,21,41,18,15,21,2,42,23,44,42,35,22,33,25,30,32,42,30,38,39,39,26,24,35,19,44,41,29,36,31,21,33,35,30,33,14,38,35,34,35,35,36,31,34,25,29,37,22,36,35,35,35,29,37,37,31,20,25,6,34,35,52,28,24,15,24,24,35,37,27,46,36,45,31,37,30,32,36,33,42,34,27,20,29,38,35,30,31
37,39,39,10,39,48,37,47,43,41,35,34,4,44,27,0,40,40,37,40,33,37,38,53,39,30,38,37,40,42,28,46,38,30,42,35,28,35,41,36,37,47,20,34,31,37,34,37,31,32,32,43,34,39,39,40,25,45,42,31,37,37,39,29,20,33,27,42,30,39,24,33,33,34,33,38,33,39,37,26,29,30,36,40,44,40,38,39,45,36,43,35,34,35,32,38,42,39,34,37,37,46,36,35,45,28,22,14,40,42,37,37,30,36,39,40,41,40,36,43,38,31,35,42,36,37,39,37,36,39,34,39,39,25,39,31,14,44,40,24,43,40,37,41,37,35,44,37,35,46,44,18,37,42,40,39,30,45,40,43,26,51,24,27,28,37,24,39,30,35,45,43,34,26,43,39,31,44,25,36,40,44,28,18,41,39,38,39
32,20,20,33,4,55,21,34,17,28,30,34,38,21,33,40,0,28,16,27,30,26,44,54,26,17,46,26,39,46,44,45,40,21,27,17,25,19,24,21,26,21,33,26,17,46,41,30,38,30,52,55,37,32,21,28,39,48,44,35,26,11,40,39,24,24,37,46,31,23,52,26,22,44,32,11,24,20,25,35,17,47,29,6,40,46,30,12,20,43,46,31,44,33,33,51,30,20,25,24,44,53,31,44,27,33,41,37,56,43,6,20,16,20,15,5,31,45,35,21,49,35,23,8,31,35,39,25,18,6,27,8,32,40,10,33,40,20,9,28,10,34,10,12,22,20,19,20,38,21,15,38,25,20,17,14,37,32,37,17,51,47,40,42,35,39,42,6,17,32,45,19,41,42,36,15,39,18,36,58,10,21,44,44,15,12,37,29
19,22,24,28,24,53,26,22,30,14,25,28,28,33,30,40,28,0,22,17,27,19,42,51,18,31,39,19,32,44,34,37,32,21,19,24,18,21,25,19,19,32,19,14,28,41,41,17,36,20,52,56,27,20,18,11,41,38,45,29,19,24,37,24,20,25,29,39,19,21,51,10,8,41,27,27,8,22,9,30,26,40,25,29,43,43,14,22,30,37,42,29,41,30,33,47,16,20,28,29,46,22,26,40,24,25,41,21,55,37,26,14,31,18,24,27,34,42,29,30,37,35,22,29,25,21,34,20,22,28,19,24,37,39,28,30,34,33,24,27,29,26,31,24,26,22,29,14,33,33,27,23,20,29,26,27,29,22,27,33,49,41,39,43,30,42,46,28,31,19,42,29,33,35,39,24,34,31,28,58,24,27,43,41,29,26,23,21
16,4,8,27,15,57,16,24,16,18,26,29,33,18,29,37,16,22,0,24,24,20,40,48,14,22,34,20,35,44,37,42,30,1,20,7,19,14,6,13,20,15,23,23,20,34,41,16,27,17,45,47,28,23,11,14,44,42,44,23,20,12,38,35,15,18,37,34,27,11,45,20,20,30,26,17,18,16,14,31,12,35,25,17,44,38,18,15,16,38,42,29,40,27,33,37,24,12,24,16,41,48,25,39,20,29,37,29,53,39,20,14,21,18,14,15,28,33,34,16,37,37,18,16,25,27,30,20,14,15,25,20,35,36,13,31,47,17,14,25,17,29,17,15,22,18,15,14,25,18,18,29,20,19,14,14,33,28,31,13,42,40,35,37,23,37,35,19,22,21,34,18,30,37,38,14,27,18,35,55,13,14,41,38,18,7,23,24
21,32,24,30,24,59,27,11,30,2,21,33,42,34,28,40,27,17,24,0,28,11,45,56,11,34,41,11,16,46,41,35,16,19,11,21,28,23,21,17,11,34,21,21,34,42,37,23,37,28,48,49,8,26,15,23,31,44,49,36,11,25,45,10,25,18,34,39,21,30,50,4,24,38,26,27,28,27,20,29,28,46,28,24,36,43,21,26,34,45,40,33,41,25,38,42,11,26,29,24,35,43,27,42,27,33,48,33,59,42,22,21,32,28,25,23,28,41,31,34,44,40,24,24,28,37,39,23,33,27,30,26,30,37,30,32,34,31,23,27,24,29,29,24,20,22,27,21,28,34,28,34,23,28,34,28,34,9,34,37,44,45,36,37,32,34,44,25,34,27,32,27,38,31,32,25,42,30,39,57,23,16,45,42,32,26,31,25
24,23,29,32,33,40,19,33,34,26,35,27,23,31,33,33,30,27,24,28,0,23,44,49,23,22,45,23,29,47,33,24,32,25,26,26,14,20,22,27,23,30,37,34,17,44,31,24,25,16,39,41,13,37,26,33,24,43,43,22,23,23,38,21,17,4,35,43,28,25,38,30,20,42,8,30,22,29,25,36,21,42,31,22,44,48,31,29,35,36,39,34,46,31,26,34,29,23,29,20,38,43,34,32,28,36,35,39,44,36,35,22,22,24,22,24,10,44,32,34,40,40,27,32,34,29,8,26,22,31,22,29,36,25,27,33,45,30,31,20,28,40,31,31,12,16,29,22,27,36,39,31,26,33,27,26,40,25,36,28,37,14,24,30,32,34,36,33,22,32,34,31,28,19,41,22,22,35,24,44,30,27,34,34,31,22,37,34
15,21,27,28,22,49,27,17,28,9,22,25,34,30,29,37,26,19,20,11,23,0,38,51,1,32,33,1,21,46,40,39,23,17,9,24,20,21,30,17,1,25,22,17,33,37,39,21,12,29,44,44,5,24,18,19,35,43,40,24,1,24,44,7,22,18,33,33,15,24,44,10,24,35,29,25,20,14,18,29,27,46,23,25,30,45,23,27,33,36,43,29,37,30,24,39,11,27,26,21,38,39,32,36,25,27,40,24,52,25,26,21,32,22,18,21,21,39,25,30,42,30,16,24,32,35,36,20,32,28,27,27,33,33,24,33,36,23,22,29,24,26,30,22,18,16,27,21,13,32,29,37,20,28,26,25,29,17,30,33,41,41,31,32,25,38,39,28,32,21,30,29,33,33,29,18,33,28,37,54,22,22,41,36,28,23,28,25
32,39,39,29,43,54,37,41,42,49,30,41,41,44,33,38,44,42,40,45,44,38,0,50,44,51,32,44,48,28,29,53,45,38,36,42,38,36,40,29,44,50,26,29,49,36,44,39,46,41,40,49,42,41,28,41,54,36,10,51,44,43,54,47,38,40,30,32,46,43,36,31,41,39,42,39,39,39,38,43,46,44,39,44,20,34,43,45,47,30,40,36,28,35,50,43,35,36,34,39,33,52,41,31,40,28,48,23,48,50,41,39,49,38,43,41,45,32,49,50,44,21,36,40,41,41,53,35,50,43,39,43,44,42,42,32,32,45,43,42,41,46,42,41,41,41,44,39,48,45,46,37,35,41,44,42,40,45,38,48,39,58,42,34,39,34,41,41,51,34,52,42,45,38,47,43,41,44,47,46,43,38,42,41,47,45,38,46
46,40,44,49,54,62,49,52,55,53,44,46,51,56,33,53,54,51,48,56,49,51,50,0,47,58,32,47,58,44,42,64,56,49,50,51,48,47,44,45,47,57,43,44,59,38,57,48,59,53,44,48,57,54,49,44,52,45,36,61,47,52,59,53,56,48,48,36,53,49,49,45,46,43,53,49,46,47,47,41,55,51,52,50,42,48,45,51,56,42,47,46,38,33,57,52,48,40,44,50,40,62,37,36,44,36,60,43,45,56,52,43,54,50,46,51,57,39,58,56,53,39,49,52,38,53,59,46,54,51,52,51,56,49,50,40,54,57,54,48,53,48,49,54,52,50,57,43,59,54,55,52,46,52,58,47,48,51,40,54,41,62,48,43,41,46,53,54,58,40,50,55,53,49,59,46,47,56,60,36,54,48,45,56,61,51,43,51
19,23,21,28,22,47,27,16,28,9,19,31,34,30,29,39,26,18,14,11,23,1,44,47,0,34,33,1,13,46,40,41,22,17,9,22,20,21,29,21,1,25,24,20,32,37,39,21,26,22,48,49,5,26,18,21,29,44,42,23,1,21,41,7,26,22,32,33,15,23,48,10,23,33,14,23,18,22,25,26,26,46,21,23,30,45,19,28,33,39,40,29,34,30,24,39,10,23,20,23,37,39,32,42,21,32,48,24,53,31,28,21,34,14,16,21,35,39,28,30,40,30,19,24,32,31,36,20,30,28,26,24,32,33,22,34,28,23,22,34,24,28,30,22,18,16,25,21,23,27,30,35,20,28,31,25,28,16,29,29,47,41,31,38,23,39,40,22,34,19,30,30,34,32,33,17,33,28,29,51,22,21,43,37,32,23,28,23
34,19,19,39,10,46,26,31,20,32,32,37,34,19,37,30,17,31,22,34,22,32,51,58,34,0,50,30,31,45,34,38,44,22,34,21,33,26,23,20,30,24,41,32,12,48,32,34,30,22,44,43,29,33,22,25,34,51,47,30,27,9,33,31,24,26,39,50,37,7,42,28,28,48,20,10,26,30,26,34,6,44,30,15,51,45,23,16,22,43,48,39,44,36,20,42,36,18,29,28,45,41,39,50,31,40,40,39,48,40,14,32,1,28,6,11,32,50,32,19,44,43,29,16,39,31,32,28,3,19,33,20,37,32,9,39,44,23,14,20,17,33,21,9,26,28,17,32,30,27,18,34,28,18,11,6,44,36,44,13,45,36,32,30,33,42,34,20,1,28,38,17,38,38,47,7,33,18,28,48,9,26,34,36,11,17,41,31
28,34,36,27,44,56,35,39,45,36,22,26,28,47,29,38,46,39,34,41,45,33,32,32,33,50,0,33,45,30,35,48,39,37,35,37,34,33,34,31,33,46,28,30,42,5,41,30,40,42,36,43,39,37,33,30,40,15,24,50,33,41,44,42,38,33,30,4,46,43,25,34,36,32,40,40,35,33,32,38,45,38,43,43,20,26,33,44,46,24,13,33,26,37,43,38,37,36,42,39,31,52,35,30,36,31,45,26,49,52,40,38,49,37,38,40,42,15,38,47,45,29,33,42,35,43,40,35,47,42,38,43,43,39,41,38,33,47,44,42,40,42,40,44,36,34,46,38,42,43,45,34,35,46,48,42,28,39,32,44,32,53,39,42,38,38,33,40,48,30,54,45,47,37,42,38,38,46,43,45,44,38,27,41,44,40,25,43
15,21,27,28,21,49,27,17,28,9,22,25,34,30,29,37,26,19,20,11,23,1,44,47,1,30,33,0,21,46,41,36,23,17,9,24,20,21,30,19,1,25,29,13,31,38,36,23,20,29,48,45,5,24,20,18,35,42,40,24,1,24,45,7,22,18,33,33,15,24,47,10,23,35,26,25,22,19,16,29,29,42,23,25,30,45,21,27,33,39,42,30,36,30,28,45,11,27,26,21,37,39,30,36,24,27,40,16,50,41,26,21,30,16,18,20,29,39,25,30,42,31,19,23,30,35,34,20,35,28,22,27,33,31,21,29,40,23,22,29,24,26,30,22,20,14,27,21,21,32,29,35,20,28,26,23,33,17,30,33,45,41,29,37,30,37,39,28,29,19,25,29,36,35,29,18,33,28,32,52,22,22,41,36,29,23,30,23
37,42,38,42,40,42,39,15,44,29,37,45,34,46,37,40,39,32,35,16,29,21,48,58,13,31,45,21,0,50,33,32,35,43,16,44,44,36,38,36,21,49,32,47,36,47,36,47,31,40,41,48,8,36,43,45,31,54,54,35,21,36,33,14,34,35,44,48,24,32,52,35,38,33,32,43,42,42,38,43,34,41,46,39,55,45,38,38,49,46,53,42,45,43,34,37,16,33,38,35,44,34,46,44,39,49,35,38,51,24,42,40,39,44,32,43,31,49,35,43,41,47,44,44,45,33,30,42,39,45,36,45,43,42,41,39,44,47,42,38,42,46,49,40,30,40,46,40,32,47,49,30,42,43,38,40,38,14,43,38,41,36,42,44,35,52,40,40,35,39,24,47,42,37,44,31,37,47,26,52,43,32,41,31,35,42,49,44
39,35,37,36,43,61,38,45,42,39,39,43,47,44,34,42,46,44,44,46,47,46,28,44,46,45,30,46,50,0,41,52,48,34,37,40,37,37,45,38,37,47,31,37,50,33,42,33,46,45,49,42,43,42,42,35,53,34,28,44,37,41,49,47,44,36,35,30,46,50,42,35,41,36,49,41,40,42,31,35,46,49,38,44,26,6,36,44,44,36,34,46,34,34,43,47,42,39,30,44,32,56,42,27,36,45,42,34,52,50,43,45,51,43,46,42,52,30,44,49,46,32,40,44,43,38,49,38,51,42,41,46,42,44,42,43,37,43,43,41,40,47,42,41,40,35,45,45,48,44,42,43,38,41,45,42,40,43,34,46,49,49,44,42,36,39,41,42,49,27,50,41,47,40,44,46,45,46,50,50,42,43,42,35,45,47,28,44
32,31,35,8,43,55,35,44,48,44,36,35,10,47,35,28,44,34,37,41,33,40,29,42,40,34,35,41,33,41,0,42,52,37,41,38,35,36,37,37,43,48,14,32,31,40,28,36,29,32,36,34,34,41,35,36,47,50,36,31,43,35,38,33,40,34,9,35,37,40,32,38,32,37,34,36,38,33,34,22,37,6,40,44,42,44,35,41,47,21,47,34,27,29,39,35,43,35,29,38,31,50,32,34,40,35,18,20,41,47,43,36,34,30,38,38,33,39,39,44,6,34,39,46,32,33,33,35,37,43,35,39,41,32,37,32,12,44,39,30,42,44,44,40,34,36,46,36,29,48,46,2,35,41,40,39,39,39,43,34,29,42,32,33,23,33,29,43,34,38,39,46,38,22,42,38,29,49,33,47,42,45,35,26,34,37,31,41
47,40,30,45,45,28,29,42,46,38,49,44,41,47,50,46,45,37,42,35,24,39,53,64,41,38,48,36,32,52,42,0,41,43,33,36,44,36,35,31,43,48,39,46,45,48,48,42,41,32,48,48,33,43,36,39,18,45,50,31,43,42,41,33,25,32,53,53,36,42,42,41,18,51,36,46,22,33,41,50,43,47,46,46,53,57,38,47,49,50,54,43,48,50,35,36,38,30,40,32,52,41,48,50,39,48,41,50,62,20,47,38,39,22,46,48,18,54,24,47,40,50,26,41,48,35,28,41,39,43,44,39,51,46,41,43,43,48,40,35,49,49,39,43,20,36,47,38,38,50,48,41,41,49,39,43,48,39,47,32,50,10,45,43,37,50,43,46,40,42,22,47,28,35,55,46,46,47,32,59,35,44,46,41,36,47,44,45
26,37,35,33,37,56,35,9,42,17,35,40,37,42,38,38,40,32,30,16,32,23,45,56,22,44,39,23,35,48,52,41,0,29,17,36,30,27,36,27,23,40,36,21,42,40,36,35,29,36,54,47,22,41,28,37,33,44,42,32,23,35,41,22,31,36,32,39,32,36,59,22,37,42,37,39,36,38,26,37,36,45,33,39,50,49,33,37,44,39,48,37,43,41,40,47,16,37,42,33,33,45,37,42,40,42,45,28,55,40,38,29,41,36,33,35,33,35,42,41,48,35,39,37,39,45,35,30,44,41,33,44,47,40,37,37,40,42,38,42,38,39,42,38,32,26,37,30,28,48,42,37,30,39,50,35,37,8,35,45,53,48,40,41,30,37,45,40,43,41,36,40,38,28,43,33,39,42,33,61,38,32,42,39,46,33,35,35
21,15,13,29,14,48,15,23,17,19,19,30,26,21,28,30,21,21,1,19,25,17,38,49,17,22,37,17,43,34,37,43,29,0,19,6,18,13,7,8,17,18,24,22,21,33,40,15,34,22,46,47,25,23,10,13,37,39,43,16,17,15,37,28,14,15,34,33,23,15,46,13,17,33,21,14,13,21,17,32,19,34,24,16,37,34,17,14,19,35,39,28,39,26,18,40,23,7,21,15,38,38,24,32,19,28,36,22,50,34,17,11,18,19,7,16,25,32,28,16,36,32,19,19,24,23,23,19,18,16,22,18,32,35,13,30,36,18,14,25,17,28,18,15,15,17,16,11,34,19,19,30,19,17,17,15,36,23,28,22,45,37,34,38,20,34,36,17,19,18,34,19,35,32,29,7,26,17,34,48,15,13,34,39,17,13,22,23
9,25,23,30,22,50,23,25,25,1,26,30,41,30,32,42,27,19,20,11,26,9,36,50,9,34,35,9,16,37,41,33,17,19,0,20,26,15,26,19,9,27,27,15,32,40,37,25,31,29,49,46,8,20,14,22,26,44,40,28,9,21,40,10,28,13,31,31,18,26,51,10,18,38,21,23,19,24,22,31,28,45,25,27,32,38,17,27,34,42,44,34,38,34,32,48,19,25,21,16,40,38,30,44,25,34,40,33,53,44,26,21,33,23,20,21,32,37,26,31,41,26,20,24,30,28,41,20,30,26,26,27,27,37,26,31,32,26,22,31,24,27,28,22,12,13,26,21,24,28,30,34,20,25,30,23,32,6,33,31,48,44,36,38,33,37,42,27,32,23,24,27,39,34,34,21,34,27,34,58,21,18,43,38,30,23,31,22
25,13,16,29,14,57,11,27,20,21,23,37,37,22,25,35,17,24,7,21,26,24,42,51,22,21,37,24,44,40,38,36,36,6,20,0,20,15,18,8,22,21,28,25,26,39,43,20,37,27,53,51,34,22,14,25,32,44,36,19,22,19,42,31,17,20,30,37,22,20,45,19,14,35,22,14,18,15,18,33,23,38,26,19,39,40,20,20,24,39,44,30,39,32,15,39,22,14,21,20,41,52,28,40,23,27,45,30,57,37,20,14,24,18,13,18,34,38,37,28,40,34,17,16,28,31,36,18,24,18,25,18,29,44,17,29,35,21,17,25,21,25,20,14,18,18,21,14,37,21,22,41,18,21,25,20,31,25,29,25,52,42,43,41,27,32,41,19,18,29,45,24,34,42,31,13,41,22,35,53,15,9,35,38,20,16,24,27
21,23,21,18,23,54,18,24,27,21,18,30,34,29,25,28,25,18,19,28,14,20,38,48,20,33,34,20,44,37,35,44,30,18,26,20,0,6,22,20,22,32,24,20,30,39,40,9,36,25,40,42,36,29,20,23,18,43,35,26,22,22,40,27,27,17,35,39,24,25,45,22,17,32,19,22,17,12,19,32,27,42,22,22,36,34,18,22,31,34,44,24,38,25,36,50,25,17,16,19,36,48,24,31,20,28,39,24,54,37,24,18,33,7,23,22,22,37,30,28,40,31,14,25,24,33,18,17,27,25,12,26,34,45,23,35,32,30,24,29,25,33,25,23,7,23,29,17,37,32,29,39,18,28,33,23,37,28,31,30,38,40,44,40,22,35,44,24,33,20,44,27,36,30,37,23,38,31,23,48,25,25,43,35,31,22,32,27
21,18,18,28,19,52,6,27,22,23,24,28,33,27,20,35,19,21,14,23,20,21,36,47,21,26,33,21,36,37,36,36,27,13,15,15,6,0,17,15,23,24,25,21,27,37,36,15,37,26,48,46,26,30,19,17,16,44,34,24,23,18,39,31,22,18,31,31,21,22,46,18,18,32,6,18,12,12,22,26,25,41,21,19,40,31,20,19,26,31,42,27,39,28,30,42,21,12,22,14,38,42,22,32,20,26,41,29,50,26,19,16,26,6,18,18,14,35,16,22,42,31,10,19,23,32,18,14,17,22,18,22,34,41,19,24,35,24,20,24,18,32,20,19,14,2,24,16,41,25,23,33,14,22,23,19,30,25,28,30,47,30,40,36,24,36,32,19,27,19,28,24,26,39,34,18,31,26,26,50,20,23,32,32,29,17,31,24
22,4,8,33,17,49,19,22,23,25,26,34,37,24,28,41,24,25,6,21,22,30,40,44,29,23,34,30,38,45,37,35,36,7,26,18,22,17,0,9,30,30,27,17,28,35,41,25,32,29,48,43,26,28,16,27,29,41,41,18,30,16,43,29,14,27,29,33,28,19,48,15,21,43,30,22,25,23,20,31,20,44,26,19,42,46,27,22,21,39,41,35,41,27,29,47,20,12,22,22,42,45,38,42,23,31,46,31,57,38,20,15,21,23,21,20,24,37,35,25,40,36,27,23,38,31,32,20,24,15,32,23,35,38,23,29,44,21,17,15,26,31,18,17,27,21,24,16,34,29,21,43,19,23,20,18,25,27,31,16,48,40,37,39,34,29,43,19,23,20,44,23,39,35,38,21,35,24,39,55,17,5,43,39,20,27,31,33
13,7,5,28,19,46,17,31,20,19,19,28,34,20,24,36,21,19,13,17,27,17,29,45,21,20,31,19,36,38,37,31,27,8,19,8,20,15,9,0,17,19,28,15,24,36,42,19,39,18,44,42,23,28,11,20,27,39,34,18,17,19,41,30,6,21,30,29,21,21,43,13,13,33,27,20,15,19,21,24,20,40,22,18,33,35,18,18,21,37,39,28,33,24,16,44,23,7,19,18,34,42,26,36,27,26,44,32,46,36,19,17,20,17,17,18,29,37,29,21,36,28,21,23,26,26,41,14,25,17,30,15,37,35,15,28,44,21,17,14,17,31,18,17,23,17,21,17,39,21,20,26,14,18,27,17,24,21,28,23,41,36,34,34,26,34,34,22,21,17,41,19,33,36,34,17,30,20,36,48,17,9,36,34,20,18,24,20
15,21,27,28,22,49,27,17,28,9,22,25,34,30,29,37,26,19,20,11,23,1,44,47,1,30,33,1,21,37,43,43,23,17,9,22,22,23,30,17,0,25,28,13,31,42,36,16,17,23,44,50,5,24,20,24,29,42,40,30,1,23,43,7,24,20,33,39,23,24,47,10,24,35,15,23,21,18,22,28,27,40,21,23,30,45,19,29,33,36,42,30,39,28,28,33,11,27,22,25,38,39,28,37,25,33,38,26,48,27,26,22,32,18,16,21,29,42,25,30,40,29,18,24,29,35,36,21,33,29,27,25,33,31,24,31,28,23,22,31,24,26,32,22,22,14,25,22,16,32,30,38,21,28,29,25,32,17,33,28,47,41,29,33,23,38,39,28,32,17,30,29,35,33,29,17,33,28,30,52,22,22,42,34,28,23,28,24
31,18,19,38,20,56,25,33,4,26,31,39,44,6,36,47,21,32,15,34,30,25,50,57,25,24,46,25,49,47,48,48,40,18,27,21,32,24,30,19,25,0,36,31,24,42,45,28,44,31,57,56,40,34,21,27,39,50,50,40,25,17,45,43,29,23,44,45,39,13,57,27,22,42,36,20,29,26,28,35,23,54,22,21,50,49,27,19,8,46,49,33,44,35,39,52,31,19,30,24,44,54,32,46,32,39,53,35,61,50,22,24,18,28,16,17,42,43,41,2,54,45,28,20,32,35,37,25,21,22,34,24,39,41,19,38,47,8,19,28,18,36,24,19,23,26,2,24,43,25,8,44,25,16,21,13,36,28,36,20,57,46,41,43,34,39,47,19,18,32,49,6,42,47,45,14,41,10,39,61,19,21,46,44,26,11,40,22
23,31,29,4,35,55,30,32,33,23,20,24,6,37,22,20,33,19,23,21,37,22,26,43,24,41,28,29,32,31,14,39,36,24,27,28,24,25,27,28,28,36,0,27,35,33,39,27,30,34,42,40,29,32,28,30,41,46,33,27,27,31,38,33,28,29,16,28,22,34,44,23,31,27,36,32,25,28,28,22,36,20,31,32,39,31,29,31,38,26,36,18,17,25,34,44,28,25,22,31,29,44,25,35,34,26,25,6,52,46,33,35,39,27,30,30,37,32,20,36,35,24,29,34,26,29,38,28,36,34,20,32,35,40,30,30,10,37,35,31,33,30,33,35,28,26,36,35,36,38,36,6,28,34,34,32,22,34,26,37,36,51,40,34,16,30,34,31,37,31,44,33,37,20,39,30,38,40,37,50,33,33,36,28,35,31,13,33
4,19,22,24,28,50,20,26,28,22,18,28,32,30,22,34,26,14,23,21,34,17,29,44,20,32,30,13,47,37,32,46,21,22,15,25,20,21,17,15,13,31,27,0,34,34,28,13,35,25,41,45,24,28,18,13,37,41,28,34,13,26,42,32,22,23,26,33,26,27,46,8,25,34,31,27,15,19,11,31,32,34,25,27,30,41,22,26,31,34,40,25,29,29,38,43,15,20,25,26,32,47,27,35,27,28,32,25,54,35,28,21,36,23,23,24,42,36,22,30,39,21,19,24,27,25,32,21,27,29,23,29,34,31,25,29,28,30,28,26,28,30,23,28,27,24,29,21,32,28,28,24,21,27,31,24,29,18,27,32,40,44,30,37,24,37,36,28,34,18,39,29,39,35,31,23,34,32,34,48,26,21,37,38,34,26,21,26
33,22,20,37,14,47,30,40,16,31,30,39,37,23,38,31,17,28,20,34,17,33,49,59,32,12,42,31,36,50,31,45,42,21,32,26,30,27,28,24,31,24,35,34,0,42,31,30,26,17,36,46,24,33,28,30,37,45,50,35,33,4,33,28,31,31,38,49,34,18,40,27,27,45,21,13,25,30,31,35,6,43,33,15,46,45,34,14,18,49,44,38,42,37,27,41,30,25,27,31,49,42,40,51,32,36,43,37,45,47,6,25,12,29,19,5,33,45,37,20,49,43,30,9,40,38,33,29,12,20,29,8,41,31,12,34,43,23,14,17,21,37,24,14,29,29,20,25,26,24,22,29,29,20,24,17,43,35,45,16,44,37,31,35,35,43,31,16,12,33,37,19,37,35,45,18,28,25,29,45,13,22,31,31,4,13,39,31
32,36,36,30,45,42,37,36,45,36,29,26,29,47,30,37,46,41,34,42,44,37,36,38,37,48,5,38,47,33,40,48,40,33,40,39,39,37,35,36,42,42,33,34,42,0,45,36,41,44,30,40,41,40,36,38,46,13,30,49,38,41,38,41,39,36,35,9,46,44,27,38,40,34,45,42,37,40,40,36,44,47,42,43,34,33,35,43,46,23,16,40,25,35,42,38,41,37,40,41,20,45,33,16,39,32,45,31,50,50,43,40,50,41,38,40,45,12,38,47,45,33,38,44,34,44,42,37,47,43,40,43,43,39,43,35,40,44,45,38,40,45,42,45,42,36,47,40,43,43,44,37,37,44,44,42,30,40,29,43,34,47,38,38,35,27,41,43,44,35,53,45,44,39,42,37,40,46,38,43,45,39,35,39,46,42,27,42
31,41,37,35,40,45,49,38,48,46,37,32,32,40,33,34,41,41,41,37,31,39,44,57,39,32,41,36,36,42,28,48,36,40,37,43,40,36,41,42,36,45,39,28,31,45,0,37,32,34,41,40,28,45,42,42,35,46,45,38,39,39,28,33,28,35,45,44,27,37,40,42,36,44,28,39,39,48,41,34,29,36,44,46,42,47,40,43,42,44,37,24,36,27,44,33,37,38,46,38,38,34,27,47,39,35,32,35,44,49,37,37,32,41,41,40,38,44,31,43,42,40,48,40,26,33,36,39,33,40,43,38,45,15,40,33,40,44,40,26,42,39,45,40,43,34,48,37,33,51,47,23,39,41,42,37,34,38,31,29,39,49,17,27,41,37,25,47,32,42,35,42,36,29,47,42,39,44,25,44,39,46,27,35,45,37,43,44
10,24,24,25,23,55,19,24,29,21,18,27,31,32,19,37,30,17,16,23,24,21,39,48,21,34,30,23,47,33,36,42,35,15,25,20,9,15,25,19,16,28,27,13,30,36,37,0,30,32,45,47,23,26,23,18,35,34,38,32,17,24,45,31,24,21,33,36,31,24,43,14,24,30,32,23,20,18,18,34,28,39,22,25,38,35,15,24,33,36,39,28,38,27,41,51,23,22,23,24,37,43,25,39,22,29,37,29,51,41,26,20,30,20,23,25,36,38,33,28,35,31,16,28,26,24,41,18,32,25,22,29,27,35,22,29,39,29,23,32,26,29,27,24,18,23,28,20,30,28,28,33,18,28,31,24,33,23,31,33,44,44,35,31,29,35,37,28,32,18,40,29,40,31,36,23,24,31,38,49,24,27,35,37,34,25,19,20
34,30,30,36,42,43,40,42,39,27,34,26,27,32,39,31,38,36,27,37,25,12,46,59,26,30,40,20,31,46,29,41,29,34,31,37,36,37,32,39,17,44,30,35,26,41,32,30,0,37,40,44,18,21,39,22,37,42,48,33,26,32,36,27,19,31,34,53,19,33,42,37,41,33,25,33,41,36,31,37,26,45,35,31,46,45,39,32,41,48,43,38,48,33,37,41,26,32,36,27,48,48,35,47,36,41,41,41,47,44,34,43,30,35,29,37,38,50,42,35,47,42,40,37,36,12,32,34,30,34,37,38,39,28,34,37,45,37,42,31,37,31,40,42,31,33,39,43,4,44,38,39,34,36,36,32,29,23,40,29,48,43,27,33,38,40,29,36,30,30,29,38,40,37,42,28,20,42,26,39,39,39,31,33,37,29,36,38
24,21,17,30,31,40,28,28,31,27,23,32,36,29,33,32,30,20,17,28,16,29,41,53,22,22,42,29,40,45,32,32,36,22,29,27,25,26,29,18,23,31,34,25,17,44,34,32,37,0,41,45,24,36,27,31,25,45,43,18,31,23,36,24,6,24,36,44,18,28,39,25,15,46,21,24,27,26,30,36,17,42,32,28,45,44,30,23,27,42,42,41,44,31,20,38,24,19,28,21,44,42,41,46,27,28,40,31,42,29,29,22,22,21,25,24,34,39,29,29,39,38,28,28,41,28,38,21,23,31,31,27,41,33,25,41,46,34,30,8,31,36,29,31,23,21,32,22,21,34,33,28,21,28,28,25,33,34,31,20,37,35,32,32,36,42,28,31,22,27,29,35,30,32,46,25,19,34,32,44,30,30,32,32,25,29,37,28
38,45,44,36,51,42,51,49,53,50,41,45,31,55,36,32,52,52,45,48,39,44,40,44,48,44,36,48,41,49,36,48,54,46,49,53,40,48,48,44,44,57,42,41,36,30,41,45,40,41,0,12,41,53,45,46,38,35,43,46,47,49,49,46,37,47,48,36,42,48,14,44,46,43,45,50,50,47,51,42,40,37,48,49,44,43,46,46,55,36,28,46,23,44,40,35,47,47,48,48,18,45,42,22,48,45,50,41,31,39,47,46,41,48,47,50,49,40,45,54,41,42,49,52,42,39,49,48,48,51,49,47,50,47,51,35,39,53,52,35,53,48,47,53,49,43,53,46,40,55,56,43,48,50,45,48,39,54,39,42,7,44,47,40,42,46,29,49,45,44,59,53,45,42,50,48,41,52,58,30,52,50,25,28,52,51,37,46
42,41,43,34,51,40,53,53,51,50,42,41,40,55,42,43,55,56,47,49,41,44,49,48,49,43,43,45,48,42,34,48,47,47,46,51,42,46,43,42,50,56,40,45,46,40,40,47,44,45,12,0,46,52,47,51,50,32,41,42,52,49,49,49,40,47,44,41,36,44,22,49,48,44,41,53,47,44,51,35,38,44,45,53,50,43,44,50,52,31,27,43,26,33,40,36,52,45,46,49,24,50,45,30,48,48,54,43,31,42,52,44,39,46,47,52,40,36,46,54,44,46,49,55,45,35,43,44,40,53,48,51,51,35,49,42,39,52,50,37,54,51,49,51,48,48,52,44,46,55,55,42,44,55,47,49,44,55,38,47,18,46,36,27,44,39,35,51,39,49,52,53,51,39,49,47,36,51,42,33,50,45,29,35,54,47,37,45
24,29,29,31,38,42,37,26,36,17,27,34,28,30,30,34,37,27,28,8,13,5,42,57,5,29,39,5,8,43,34,33,22,25,8,34,36,26,26,23,5,40,29,24,24,41,28,23,18,24,41,46,0,27,28,27,28,45,44,30,5,36,31,2,17,16,32,41,12,31,44,16,28,38,15,33,27,32,35,31,24,38,31,29,36,44,31,26,38,51,46,26,37,34,32,37,8,31,27,22,39,38,36,40,32,38,45,38,41,40,32,29,29,25,24,35,27,40,28,28,47,26,35,39,37,28,34,26,26,34,29,32,35,27,30,31,36,36,38,20,35,36,34,38,28,21,32,30,16,43,36,36,26,30,31,31,41,17,44,31,43,40,26,28,24,39,31,30,29,31,16,38,30,28,36,24,23,37,25,47,37,26,35,29,37,21,31,31
28,27,29,30,26,52,29,31,32,27,26,27,39,36,33,39,32,20,23,26,37,24,41,54,26,33,37,24,36,42,41,43,41,23,20,22,29,30,28,28,24,34,32,28,33,40,45,26,21,36,53,52,27,0,26,20,37,43,43,37,11,24,43,30,37,30,29,38,34,29,50,19,37,34,36,30,29,30,16,29,27,41,30,30,43,40,23,32,38,41,47,30,41,31,43,47,24,29,31,30,42,48,29,43,31,34,47,28,56,48,30,26,28,29,28,27,35,37,35,37,51,36,23,30,30,40,39,34,27,32,29,32,18,43,23,30,43,35,25,38,26,2,30,24,26,32,36,26,22,38,31,41,34,32,32,25,23,26,26,37,47,39,43,38,23,37,41,30,28,24,45,33,38,37,16,27,36,35,41,55,26,30,40,40,32,27,33,30
17,13,12,22,17,51,13,23,20,17,14,31,33,23,23,39,21,18,11,15,26,18,28,49,18,22,33,20,43,42,35,36,28,10,14,14,20,19,16,11,20,21,28,18,28,36,42,23,39,27,45,47,28,26,0,16,30,40,28,33,20,17,39,29,15,12,29,29,28,20,52,13,18,35,26,16,16,13,16,26,21,39,25,19,34,38,18,21,25,35,40,29,31,32,25,45,24,13,23,18,35,49,30,38,24,29,39,21,53,41,22,9,22,16,15,18,34,36,34,25,35,21,17,17,30,31,36,12,16,20,25,18,29,43,17,33,33,22,17,23,17,31,20,17,14,16,17,9,29,23,22,39,12,23,20,16,31,19,29,24,44,38,41,39,24,41,39,18,21,26,42,21,34,37,31,15,39,23,41,55,17,13,39,36,21,15,30,23
12,17,21,29,26,50,23,25,28,21,26,31,33,32,25,40,28,11,14,23,33,19,41,44,21,25,30,18,45,35,36,39,37,13,22,25,23,17,27,20,24,27,30,13,30,38,42,18,22,31,46,51,27,20,16,0,33,49,39,34,19,25,44,40,22,21,33,36,31,26,50,17,26,34,34,22,25,23,6,35,29,44,26,26,35,33,13,24,31,34,46,29,40,33,41,45,26,21,24,20,42,49,33,37,24,21,37,29,53,38,27,23,27,22,24,24,33,34,33,30,41,29,25,25,33,26,37,27,27,26,29,26,36,40,22,33,41,29,26,23,28,24,27,28,23,20,31,23,26,30,31,34,27,25,33,25,33,32,37,34,44,46,39,37,29,41,41,26,31,6,37,30,34,33,31,24,31,30,37,51,26,21,41,37,31,25,13,23
36,30,28,35,35,42,33,36,38,29,37,38,42,41,39,25,39,41,44,31,24,35,54,52,29,34,40,35,31,53,47,18,33,37,26,32,18,16,29,27,29,39,41,37,37,46,35,35,37,25,38,50,28,37,30,33,0,48,53,17,31,38,50,32,21,24,42,45,27,29,45,34,22,45,14,38,28,25,36,46,37,41,37,31,49,51,36,41,39,48,50,39,48,39,21,28,33,30,33,36,49,40,36,48,35,40,39,41,46,37,38,33,35,24,34,36,22,45,12,41,44,44,24,39,37,31,24,34,39,37,38,39,44,29,35,40,35,43,32,25,41,37,39,35,30,14,41,33,38,46,43,40,34,41,36,39,44,30,42,31,41,24,29,27,36,41,35,41,34,42,32,37,22,37,45,34,35,44,22,53,31,27,36,42,30,37,41,38
41,40,40,41,46,39,38,40,46,41,37,27,48,49,31,45,48,38,42,44,43,43,36,45,44,51,15,42,54,34,50,45,44,39,44,44,43,44,41,39,42,50,46,41,45,13,46,34,42,45,35,32,45,43,40,49,48,0,31,42,45,46,46,40,43,41,36,24,40,36,36,41,41,39,45,45,46,41,38,34,50,43,49,48,39,38,41,43,50,38,4,43,32,29,36,28,45,41,41,43,35,59,30,31,46,34,52,36,54,44,47,38,55,38,40,45,52,16,48,50,42,40,40,46,29,41,50,44,53,49,39,49,50,42,48,32,39,51,46,46,44,52,46,46,41,39,49,38,46,50,48,41,44,47,49,46,36,37,36,50,41,39,42,36,36,36,41,47,53,45,54,49,45,46,47,41,42,51,44,48,45,40,33,45,48,46,42,46
24,39,39,30,43,58,34,44,41,45,30,35,42,46,27,42,44,45,44,49,43,40,10,36,42,47,24,40,54,28,36,50,42,43,40,36,35,34,41,34,40,50,33,28,50,30,45,38,48,43,43,41,44,43,28,39,53,31,0,47,39,43,48,50,40,37,32,20,46,43,47,33,45,32,48,42,38,40,39,41,39,49,42,44,16,32,39,46,46,30,42,40,36,29,49,52,46,39,38,37,39,56,33,31,38,30,50,28,50,54,41,41,47,41,42,42,49,25,47,50,45,20,36,41,33,51,47,41,48,44,44,44,46,45,42,32,40,49,43,40,40,44,42,41,43,35,45,41,47,45,46,38,41,41,43,40,38,45,34,49,39,54,44,37,37,36,43,46,51,38,55,42,43,43,44,42,44,46,48,42,43,40,41,40,47,45,27,46
33,21,23,37,35,38,36,38,39,28,41,39,35,38,41,31,35,29,23,36,22,24,51,61,23,30,50,24,35,44,31,31,32,16,28,19,26,24,18,18,30,40,27,34,35,49,38,32,33,18,46,42,30,37,33,34,17,42,47,0,32,32,30,37,16,25,33,46,25,33,42,32,25,44,30,30,21,28,37,29,35,39,36,32,46,47,29,39,35,52,45,40,46,34,4,26,31,28,29,24,46,35,28,47,33,39,40,38,51,21,31,25,29,31,36,38,21,46,23,40,30,44,29,35,28,19,29,33,30,35,30,33,45,29,33,36,47,40,32,14,31,46,31,33,28,31,36,25,38,39,34,27,33,34,28,35,37,41,30,27,46,29,30,35,27,40,39,36,30,33,35,39,23,37,41,36,30,35,28,48,31,16,37,37,24,35,42,31
15,21,27,28,22,49,27,17,28,9,22,25,34,30,29,37,26,19,20,11,23,1,44,47,1,27,33,1,21,37,43,43,23,17,9,22,22,23,30,17,1,25,27,13,33,38,39,17,26,31,47,52,5,11,20,19,31,45,39,32,0,24,45,7,22,18,33,33,15,24,45,10,24,35,23,24,21,14,16,29,29,42,23,25,30,45,21,27,33,39,41,29,37,30,26,43,11,27,26,23,38,39,32,36,24,33,40,16,50,41,26,23,32,22,18,21,27,37,25,30,42,30,18,24,32,35,34,21,30,28,22,27,32,33,23,33,40,23,21,29,23,25,30,21,15,14,27,23,21,32,29,35,21,28,26,25,29,17,30,33,45,37,31,32,30,38,35,28,32,19,25,29,39,35,30,18,33,28,32,54,22,22,41,36,28,23,30,23
26,16,18,33,8,52,21,33,14,22,26,31,37,19,31,37,11,24,12,25,23,24,43,52,21,9,41,24,36,41,35,42,35,15,21,19,22,18,16,19,23,17,31,26,4,41,39,24,32,23,49,49,36,24,17,25,38,46,43,32,24,0,43,32,25,18,34,40,30,15,47,20,22,42,23,5,22,21,22,34,12,46,24,6,44,41,22,7,22,41,47,31,41,33,32,42,23,16,22,20,43,44,31,43,25,34,46,33,53,42,3,22,9,22,5,3,30,39,36,19,46,34,23,4,31,34,34,22,7,9,26,12,34,37,2,30,41,18,8,25,10,28,13,8,20,17,17,22,32,12,19,39,22,17,14,12,29,32,30,17,48,42,37,37,30,40,37,5,9,26,40,14,34,35,36,5,30,19,37,53,7,15,37,37,14,4,35,22
42,40,40,36,38,60,38,37,47,39,42,43,48,46,42,39,40,37,38,45,38,44,54,59,41,33,44,45,33,49,38,41,41,37,40,42,40,39,43,41,43,45,38,42,33,38,28,45,36,36,49,49,31,43,39,44,50,46,48,30,45,43,0,27,31,41,43,44,28,36,49,35,40,54,25,36,42,43,41,51,28,45,41,37,54,52,44,39,42,48,49,39,56,43,46,42,50,38,44,46,50,56,47,55,38,40,51,49,51,47,35,36,33,46,38,36,35,51,41,43,52,50,48,39,47,38,39,43,33,45,41,38,49,26,40,38,36,44,38,30,40,49,42,38,41,34,43,36,28,44,42,37,43,41,41,40,40,40,43,34,46,34,27,31,51,48,35,40,33,43,47,43,44,29,43,38,29,45,27,51,39,43,31,28,31,37,41,49
32,37,35,29,42,37,28,14,39,19,28,30,35,31,34,29,39,24,35,10,21,7,47,53,7,31,42,7,14,47,33,33,22,28,10,31,27,31,29,30,7,43,33,32,28,41,33,31,27,24,46,49,2,30,29,40,32,40,50,37,7,32,27,0,19,25,33,45,14,25,44,24,29,44,21,35,30,40,38,36,26,42,31,31,46,46,25,28,44,49,46,34,44,38,32,37,10,32,35,26,44,36,35,43,31,39,31,26,44,43,38,26,27,33,34,37,23,47,26,31,40,43,43,42,35,35,29,34,27,34,30,32,43,30,34,43,44,38,40,24,38,28,34,42,24,21,37,26,20,45,38,28,34,38,34,35,35,14,36,30,50,37,30,29,38,42,40,32,31,35,21,36,35,27,41,34,35,44,23,54,35,28,36,27,35,37,31,31
22,11,13,30,23,42,22,27,27,26,19,31,28,31,34,20,24,20,15,25,17,22,38,56,26,24,38,22,34,44,40,25,31,14,28,17,27,22,14,6,24,29,28,22,31,39,28,24,19,6,37,40,17,37,15,22,21,43,40,16,22,25,31,19,0,21,33,40,17,28,37,23,13,42,19,28,13,24,24,31,31,38,33,28,44,48,21,29,28,38,43,31,37,37,16,36,30,11,26,21,38,40,35,37,27,33,34,32,40,30,25,25,22,20,26,24,27,41,17,29,34,30,26,26,35,23,28,15,22,29,28,23,41,28,27,34,34,32,23,8,27,34,27,23,21,23,28,25,19,31,27,20,16,26,20,26,34,27,36,16,39,32,28,26,32,42,28,28,22,24,33,32,27,32,39,26,25,31,28,44,22,18,28,33,13,30,31,28
22,15,15,24,19,44,19,27,24,19,21,28,33,27,29,33,24,25,18,18,4,18,40,48,22,26,33,18,35,36,34,32,36,15,13,20,17,18,27,21,20,23,29,23,31,36,35,21,31,24,47,47,16,30,12,21,24,41,37,25,18,18,41,25,21,0,30,32,28,24,48,15,10,39,12,22,6,21,20,30,23,41,21,24,35,40,18,25,27,34,41,27,37,28,27,36,24,15,20,14,37,46,20,35,23,25,44,27,48,40,21,19,26,20,22,18,10,34,36,29,38,31,23,19,22,32,12,19,29,26,21,25,35,29,21,27,39,23,19,25,21,29,24,19,8,10,22,19,29,29,26,33,19,27,25,22,31,21,29,31,45,18,28,34,24,38,38,20,26,24,34,25,26,29,35,22,28,26,29,50,18,15,36,34,20,19,25,22
26,34,31,2,31,59,25,30,39,35,28,25,19,42,26,27,37,29,37,34,35,33,30,48,32,39,30,33,44,35,9,53,32,34,31,30,35,31,29,30,33,44,16,26,38,35,45,33,34,36,48,44,32,29,29,33,42,36,32,33,33,34,43,33,33,30,0,32,26,39,39,34,32,34,36,32,34,29,31,16,39,15,37,38,37,40,31,37,40,18,42,30,23,20,33,47,31,29,26,31,33,47,31,31,32,21,15,14,50,47,35,25,40,27,39,32,39,36,38,43,15,28,24,32,31,34,40,28,42,33,30,33,35,45,35,25,9,41,31,32,35,32,35,31,31,32,40,25,34,40,39,17,28,37,35,37,24,31,28,38,36,52,45,42,21,25,36,33,36,29,49,39,44,31,36,39,31,42,44,54,33,34,44,37,38,39,20,38
32,34,36,23,44,57,34,35,45,36,24,30,24,47,33,42,46,39,34,39,43,33,32,36,33,50,4,33,48,30,35,53,39,33,31,37,39,31,33,29,39,45,28,33,49,9,44,36,53,44,36,41,41,38,29,36,45,24,20,46,33,40,44,45,40,32,32,0,48,43,33,34,39,36,44,41,37,33,32,40,41,39,43,43,22,28,33,44,47,26,9,33,24,39,42,44,37,36,42,41,29,54,37,32,36,32,43,22,47,51,44,38,47,37,38,40,43,15,40,47,43,29,34,42,37,42,41,35,46,43,38,43,43,42,41,32,31,46,44,46,40,42,41,44,34,38,46,38,42,43,44,32,35,46,50,42,22,41,34,46,34,49,41,34,38,35,27,44,45,28,48,45,40,37,42,38,34,46,46,41,44,36,29,40,45,43,27,43
27,18,24,36,36,44,29,22,37,19,33,31,33,39,32,30,31,19,27,21,28,15,46,53,15,37,46,15,24,46,37,36,32,23,18,22,24,21,28,21,23,39,22,26,34,46,27,31,19,18,42,36,12,34,28,31,27,40,46,25,15,30,28,14,17,28,26,48,0,31,42,22,20,40,34,33,28,26,32,28,36,40,25,37,40,43,28,34,33,42,42,31,40,30,22,33,29,22,23,31,40,24,33,42,33,33,38,34,42,20,32,22,37,25,28,35,28,43,28,37,35,41,35,37,33,15,31,22,29,36,30,34,38,27,34,37,33,37,36,19,33,40,32,36,25,28,34,23,21,38,35,30,22,34,26,29,30,34,34,23,41,41,27,29,27,37,28,37,37,28,42,38,27,32,45,28,11,35,25,49,29,17,27,21,33,33,36,28
26,20,23,39,18,50,32,26,16,27,33,34,37,19,33,39,23,21,11,30,25,24,43,49,23,7,43,24,32,50,40,42,36,15,26,20,25,22,19,21,24,13,34,27,18,44,37,24,33,28,48,44,31,29,20,26,29,36,43,33,24,15,36,25,28,24,39,43,31,0,41,20,29,39,23,20,24,20,23,35,13,45,25,18,42,45,21,14,23,47,36,30,45,35,23,40,27,21,27,22,46,46,33,46,28,36,45,30,52,41,15,17,7,24,6,18,33,43,41,14,48,38,30,20,33,38,31,17,5,22,25,25,35,36,13,31,48,15,15,25,19,28,22,15,21,22,16,17,32,28,17,37,17,21,11,8,29,27,29,15,48,36,36,33,29,37,36,21,8,29,44,15,35,36,39,6,38,17,28,51,15,22,35,38,17,4,36,26
44,44,47,36,49,40,45,59,53,52,42,32,34,53,41,24,52,51,45,50,38,44,36,49,48,42,25,47,52,42,32,42,59,46,51,45,45,46,48,43,47,57,44,46,40,27,40,43,42,39,14,22,44,50,52,50,45,36,47,42,45,47,49,44,37,48,39,33,42,41,0,48,53,43,35,48,46,44,50,43,40,40,50,51,39,42,42,48,53,35,38,46,39,40,48,30,53,44,50,50,32,54,44,30,48,45,47,44,29,55,49,47,41,42,48,48,48,36,49,52,41,39,44,50,45,37,46,44,46,49,52,49,53,37,49,45,42,53,50,37,51,52,47,51,50,45,53,47,44,55,57,35,44,51,55,48,49,53,37,44,27,47,37,31,46,46,29,51,44,48,59,55,49,33,54,48,38,53,43,30,50,47,15,35,52,53,43,46
8,16,18,28,24,54,19,8,26,6,18,34,24,29,26,33,26,10,20,4,30,10,31,45,10,28,34,10,35,35,38,41,22,13,10,19,22,18,15,13,10,27,23,8,27,38,42,14,37,25,44,49,16,19,13,17,34,41,33,32,10,20,35,24,23,15,34,34,22,20,48,0,20,38,31,23,14,14,7,31,29,36,19,26,29,38,13,23,28,38,41,23,31,31,25,46,8,16,20,20,36,38,28,38,26,27,35,25,51,33,26,18,30,12,19,23,37,38,22,25,38,24,13,24,28,30,35,18,21,23,25,25,33,38,22,28,31,26,24,26,26,25,23,24,22,15,28,18,28,25,25,33,18,24,25,23,32,20,33,26,40,44,37,32,27,34,35,23,28,16,39,25,30,37,33,19,28,27,37,48,24,18,37,32,32,19,20,18
24,14,12,29,23,48,15,34,26,21,20,28,33,33,27,33,22,8,20,24,20,24,41,46,23,28,36,23,38,41,32,18,37,17,18,14,17,18,21,13,24,22,31,25,27,40,36,24,41,15,46,48,28,37,18,26,22,41,45,25,24,22,40,29,13,10,32,39,20,29,53,20,0,44,24,24,12,15,19,28,23,44,25,26,41,41,24,25,30,40,36,36,36,27,25,46,26,14,17,12,39,47,32,39,30,29,43,33,48,40,23,23,28,16,21,22,14,41,18,28,39,31,17,23,33,27,32,19,27,24,29,23,36,38,21,29,39,30,23,21,23,34,24,23,12,14,29,23,37,26,25,40,19,24,27,28,27,26,25,26,45,44,38,36,29,39,28,24,28,24,28,30,26,26,44,21,32,21,35,52,22,15,34,38,25,22,30,27
34,36,34,29,41,58,34,33,41,36,36,39,38,44,29,34,44,41,30,38,42,35,39,43,33,48,32,35,33,36,37,51,42,33,38,35,32,32,43,33,35,42,27,34,45,34,44,30,33,46,43,44,38,34,35,34,45,39,32,44,35,42,54,44,42,39,34,36,40,39,43,38,44,0,43,39,36,39,35,15,47,46,41,39,35,33,35,38,46,38,36,32,35,30,48,49,40,34,23,38,37,52,33,28,36,34,46,29,52,39,40,35,46,36,36,39,43,34,43,45,45,37,33,44,34,40,44,34,45,43,37,42,46,48,39,36,42,44,40,48,42,44,38,41,35,36,44,35,38,44,42,37,34,43,45,37,41,34,39,46,44,55,48,44,13,40,42,40,46,32,46,41,42,33,47,36,45,44,42,47,39,42,37,40,49,39,34,40
30,30,30,39,29,50,11,31,29,23,32,26,33,36,35,33,32,27,26,26,8,29,42,53,14,20,40,26,32,49,34,36,37,21,21,22,19,6,30,27,15,36,36,31,21,45,28,32,25,21,45,41,15,36,26,34,14,45,48,30,23,23,25,21,19,12,36,44,34,23,35,31,24,43,0,28,20,29,32,43,17,37,33,32,48,45,26,29,31,46,42,34,48,36,36,42,27,30,28,26,43,39,33,48,31,42,43,38,46,40,27,28,20,32,29,26,28,40,34,37,49,34,33,30,33,36,20,25,25,31,32,29,37,25,27,26,37,37,29,19,28,36,33,29,28,4,36,28,25,36,34,29,25,32,30,26,38,26,38,22,39,24,24,32,34,36,26,33,20,30,28,32,18,33,36,28,28,35,18,46,28,29,22,30,34,24,38,31
27,20,18,32,3,50,18,31,16,23,27,32,36,22,34,38,11,27,17,27,30,25,39,49,23,10,40,25,43,41,36,46,39,14,23,14,22,18,22,20,23,20,32,27,13,42,39,23,33,24,50,53,33,30,16,22,38,45,42,30,24,5,36,35,28,22,32,41,33,20,48,23,24,39,28,0,20,20,22,32,11,44,25,11,43,41,21,13,20,41,47,28,41,32,34,46,25,21,23,22,40,47,28,40,29,32,44,32,54,42,11,21,15,22,14,7,32,41,36,25,46,36,20,7,28,35,38,21,17,7,28,7,30,38,8,32,44,19,3,28,8,28,9,2,22,22,19,22,33,18,17,36,21,17,23,16,32,33,34,11,47,38,38,40,32,38,40,11,15,23,44,17,38,36,32,14,31,20,36,56,7,20,40,42,15,14,36,25
13,16,18,31,21,50,13,34,26,20,23,24,27,27,23,33,24,8,18,28,22,20,39,46,18,26,35,22,42,40,38,22,36,13,19,18,17,12,25,15,21,29,25,15,25,37,39,20,41,27,50,47,27,29,16,25,28,46,38,21,21,22,42,30,13,6,34,37,28,24,46,14,12,36,20,20,0,7,22,32,23,37,21,26,38,37,12,22,31,42,39,22,38,29,19,48,20,16,20,14,39,48,24,38,25,27,42,30,48,40,25,22,26,6,22,20,10,38,22,22,39,36,9,21,25,33,30,15,25,26,24,25,37,35,21,29,35,30,18,24,21,30,29,21,16,12,28,22,31,23,28,31,15,26,30,20,29,26,31,32,47,36,34,40,26,43,34,24,26,22,30,27,29,25,35,22,33,31,36,52,20,15,36,32,30,22,30,21
18,22,20,25,20,57,16,25,27,21,26,31,33,27,26,39,20,22,16,27,29,14,39,47,22,30,33,19,42,42,33,33,38,21,24,15,12,12,23,19,18,26,28,19,30,40,48,18,36,26,47,44,32,30,13,23,25,41,40,28,14,21,43,40,24,21,29,33,26,20,44,14,15,39,29,20,7,0,19,25,25,33,22,21,41,44,12,19,26,37,45,30,39,28,38,45,12,22,14,19,40,50,28,38,22,27,46,31,59,44,26,14,29,5,19,22,29,40,17,22,42,35,2,24,29,30,29,13,25,20,17,24,33,44,23,27,35,29,21,28,23,32,24,21,19,15,27,14,42,24,23,41,13,27,28,20,27,21,31,30,48,49,43,37,26,35,45,26,29,23,39,25,30,33,37,19,31,29,31,55,27,20,43,39,26,20,33,19
12,24,20,31,26,52,27,23,27,20,26,34,33,30,28,37,25,9,14,20,25,18,38,47,25,26,32,16,38,31,34,41,26,17,22,18,19,22,20,21,22,28,28,11,31,40,41,18,31,30,51,51,35,16,16,6,36,38,39,37,16,22,41,38,24,20,31,32,32,23,50,7,19,35,32,22,22,19,0,25,31,35,21,23,40,37,7,24,31,39,43,33,40,28,38,44,19,23,23,24,36,42,28,35,18,27,39,22,48,36,26,19,26,24,23,25,30,35,31,30,41,28,22,25,27,30,33,18,22,28,29,24,22,41,24,28,41,30,26,25,25,18,23,26,28,21,28,19,30,29,31,32,18,25,29,23,29,29,28,29,42,48,40,41,21,33,39,26,26,12,46,29,32,37,20,23,28,28,38,47,29,25,39,37,34,24,20,22
32,25,25,22,35,50,30,31,34,27,30,30,24,39,23,26,35,30,31,29,36,29,43,41,26,34,38,29,43,35,22,50,37,32,31,33,32,26,31,24,28,35,22,31,35,36,34,34,37,36,42,35,31,29,26,35,46,34,41,29,29,34,51,36,31,30,16,40,28,35,43,31,28,15,43,32,32,25,25,0,36,36,33,31,37,35,23,36,36,29,36,23,28,15,38,36,30,25,14,27,32,46,22,32,28,24,32,18,48,42,31,29,39,30,31,34,42,39,42,38,34,24,29,35,23,42,41,27,37,34,25,36,33,38,31,25,28,34,34,28,33,35,32,35,33,27,37,29,39,37,34,24,27,33,40,32,28,36,28,31,39,48,38,28,6,34,31,31,36,29,44,35,40,34,40,31,41,34,37,45,31,28,33,16,35,29,40,35
31,17,20,36,14,45,26,34,14,29,28,39,35,20,37,29,17,26,12,28,21,27,46,55,26,6,45,29,34,46,37,43,36,19,28,23,27,25,20,20,27,23,36,32,6,44,29,28,26,17,40,38,24,27,21,29,37,50,39,35,29,12,28,26,31,23,39,41,36,13,40,29,23,47,17,11,23,25,31,36,0,43,28,13,50,45,30,12,16,49,45,36,49,34,23,39,28,18,27,29,45,46,36,48,27,39,43,42,43,43,12,24,10,27,18,15,31,44,39,24,47,37,32,15,36,38,27,27,8,18,29,16,40,29,10,36,47,23,14,11,9,39,16,14,27,29,18,25,26,19,15,29,27,17,20,9,33,31,36,16,48,35,29,27,36,43,27,12,6,27,37,20,39,33,39,18,26,22,25,49,13,25,27,31,12,9,40,29
36,39,41,18,47,41,38,47,52,43,47,40,18,51,35,30,47,40,35,46,42,46,44,51,46,44,38,42,41,49,6,47,45,34,45,38,42,41,44,40,40,54,20,34,43,47,36,39,45,42,37,44,38,41,39,44,41,43,49,39,42,46,45,42,38,41,15,39,40,45,40,36,44,46,37,44,37,33,35,36,43,0,45,48,47,42,43,49,54,52,46,42,43,36,42,30,43,47,43,48,51,43,43,48,46,35,18,33,46,50,49,40,45,38,46,46,31,46,42,51,4,44,38,49,43,39,38,45,54,46,38,44,56,42,49,36,26,52,46,46,49,50,49,47,44,46,51,40,41,51,54,36,45,46,50,47,43,48,43,41,21,43,41,42,35,48,37,50,46,41,42,52,36,31,54,46,39,50,51,44,45,49,35,38,40,49,44,42
25,30,28,32,26,56,24,25,22,25,28,34,34,25,34,36,29,25,25,28,31,23,39,52,21,30,43,23,46,38,40,46,33,24,25,26,22,21,26,22,21,22,31,25,33,42,44,22,35,32,48,45,31,30,25,26,37,49,42,36,23,24,41,31,33,21,37,43,25,25,50,19,25,41,33,25,21,22,21,33,28,45,0,27,43,40,21,27,27,43,47,33,43,34,37,49,19,26,25,23,39,46,33,39,27,35,47,32,58,36,29,24,29,19,25,26,34,37,32,23,44,34,22,29,33,34,34,22,29,27,29,29,37,43,22,33,44,19,29,30,28,32,26,28,26,23,24,24,33,21,22,39,22,22,30,25,39,32,38,32,51,50,43,37,28,39,44,28,30,24,42,25,41,39,39,25,32,25,36,57,26,31,43,42,31,23,33,4
27,21,19,31,8,54,25,32,17,24,32,38,42,19,34,40,6,29,17,24,22,25,44,50,23,15,43,25,39,44,44,46,39,16,27,19,22,19,19,18,23,21,32,27,15,43,46,25,31,28,49,53,29,30,19,26,31,48,44,32,25,6,37,31,28,24,38,43,37,18,51,26,26,39,32,11,26,21,23,31,13,48,27,0,44,40,25,3,20,42,48,29,44,34,32,48,24,20,25,24,40,54,31,42,27,33,46,34,54,46,1,22,19,22,12,3,37,40,36,18,46,41,23,6,31,37,36,22,9,8,27,3,38,46,8,33,46,20,12,26,10,32,6,12,20,24,19,22,31,19,15,38,22,19,12,11,36,30,36,21,47,40,46,40,30,39,40,2,19,27,39,15,32,40,40,13,37,19,30,54,10,21,36,40,17,14,34,25
30,40,40,33,43,57,40,34,44,33,24,43,39,44,37,44,40,43,44,36,44,30,20,42,30,51,20,30,55,26,42,53,50,37,32,39,36,40,42,33,30,50,39,30,46,34,42,38,46,45,44,50,36,43,34,35,49,39,16,46,30,44,54,46,44,35,37,22,40,42,39,29,41,35,48,43,38,41,40,37,50,47,43,44,0,28,37,45,46,30,42,44,28,41,52,45,35,40,38,45,35,53,43,31,36,35,40,31,51,46,43,40,44,40,46,42,42,31,45,49,44,25,37,41,44,48,47,41,49,44,42,42,48,42,42,38,40,49,41,44,41,48,41,43,43,41,49,40,47,46,43,36,41,44,51,41,42,33,39,54,46,57,42,40,39,39,48,43,47,37,52,42,50,45,43,46,45,46,47,51,41,43,47,40,44,45,34,46
39,38,41,37,43,58,39,45,41,36,37,38,44,44,37,40,46,43,38,43,48,45,34,48,45,45,26,45,45,6,44,57,49,34,38,40,34,31,46,35,45,49,31,41,45,33,47,35,45,44,43,43,44,40,38,33,51,38,32,47,45,41,52,46,48,40,40,28,43,45,42,38,41,33,45,41,37,44,37,35,45,42,40,40,28,0,35,44,43,38,44,40,36,35,49,45,43,40,34,36,32,54,37,36,37,40,55,37,50,48,44,42,48,45,46,43,54,27,46,49,47,34,42,44,37,41,50,36,50,45,38,44,43,44,43,41,40,45,43,45,43,46,41,43,36,40,45,42,45,44,43,38,36,40,48,44,39,41,36,46,43,50,43,40,38,38,45,44,49,29,52,43,45,37,44,46,40,43,51,52,43,39,45,38,48,46,38,44
19,19,26,26,24,54,29,27,27,15,17,28,28,28,28,38,30,14,18,21,31,23,43,45,19,23,33,21,38,36,35,38,33,17,17,20,18,20,27,18,19,27,29,22,34,35,40,15,39,30,46,44,31,23,18,13,36,41,39,29,21,22,44,25,21,18,31,33,28,21,42,13,24,35,26,21,12,12,7,23,30,43,21,25,37,35,0,24,29,37,39,32,43,24,28,48,15,22,23,20,45,49,28,36,27,22,37,24,52,39,24,16,29,20,20,20,32,33,18,26,36,32,30,26,29,29,30,20,29,22,21,25,31,40,22,26,38,27,26,29,27,24,21,24,29,12,27,16,31,31,31,27,20,28,22,22,24,19,24,29,43,46,40,28,19,34,40,24,29,28,38,27,33,31,33,20,24,31,38,52,26,27,34,33,36,22,20,22
25,19,19,34,12,51,24,31,12,25,28,36,39,16,34,39,12,22,15,26,29,27,45,51,28,16,44,27,38,44,41,47,37,14,27,20,22,19,22,18,29,19,31,26,14,43,43,24,32,23,46,50,26,32,21,24,41,43,46,39,27,7,39,28,29,25,37,44,34,14,48,23,25,38,29,13,22,19,24,36,12,49,27,3,45,44,24,0,16,40,43,32,42,31,31,43,26,17,24,25,44,54,32,40,30,32,45,33,55,45,2,23,12,20,7,9,37,39,39,15,49,39,24,6,32,36,35,23,22,9,17,8,39,43,8,36,45,17,12,27,10,33,12,12,19,25,18,24,28,15,17,41,23,19,25,8,31,33,33,20,48,37,43,37,29,37,37,3,12,26,39,14,33,37,41,6,32,18,37,55,12,22,37,37,16,14,39,26
32,16,21,38,21,59,29,39,10,32,29,41,45,6,36,45,20,30,16,34,35,33,47,56,33,22,46,33,49,44,47,49,44,19,34,24,31,26,21,21,33,8,38,31,18,46,42,33,41,27,55,52,38,38,25,31,39,50,46,35,33,22,42,44,28,27,40,47,33,23,53,28,30,46,31,20,31,26,31,36,16,54,27,20,46,43,29,16,0,48,49,35,46,37,37,52,30,18,27,30,44,49,36,48,31,39,54,36,60,48,21,25,20,27,16,21,38,45,41,2,53,39,27,21,36,39,47,21,19,19,36,22,44,43,18,38,46,15,21,28,21,36,19,21,29,28,10,26,42,17,2,44,22,19,21,15,36,36,35,27,55,48,43,44,37,46,46,21,21,30,47,12,44,46,45,16,42,6,42,59,20,16,46,44,23,13,41,28
32,36,38,15,44,56,41,37,43,42,34,33,30,46,21,36,43,37,38,45,36,36,30,42,39,43,24,39,46,36,21,50,39,35,42,39,34,31,39,37,36,46,26,34,49,23,44,36,48,42,36,31,51,41,35,34,48,38,30,52,39,41,48,49,38,34,18,26,42,47,35,38,40,38,46,41,42,37,39,29,49,52,43,42,30,38,37,40,48,0,29,36,8,21,49,51,45,36,35,40,22,60,37,17,38,30,45,22,39,48,45,38,45,40,38,41,46,17,50,47,42,33,39,43,38,41,41,38,43,45,30,42,43,47,41,36,38,46,42,44,42,44,38,41,40,42,46,38,46,44,45,38,38,47,45,38,34,45,24,50,28,51,47,40,36,36,46,41,47,36,51,43,45,38,43,38,42,48,50,41,41,40,38,37,47,38,31,41
39,40,40,32,44,43,43,40,46,43,33,29,38,49,30,43,46,42,42,40,39,43,40,47,40,48,13,42,53,34,47,54,48,39,44,44,44,42,41,39,42,49,36,40,44,16,37,39,43,42,28,27,46,47,40,46,50,4,42,45,41,47,49,46,43,41,42,9,42,36,38,41,36,36,42,47,39,45,43,36,45,46,47,48,42,44,39,43,49,29,0,43,30,33,40,34,45,41,39,45,29,52,29,35,46,35,43,33,50,41,47,40,51,44,48,45,53,5,39,52,43,37,42,46,29,37,48,39,56,45,43,47,48,45,48,35,44,48,44,46,44,52,45,44,43,39,48,40,37,51,47,41,39,48,50,47,38,35,34,52,34,45,45,36,36,36,37,47,51,39,52,49,36,41,47,48,38,50,39,50,45,40,37,43,48,47,41,46
24,28,31,36,33,45,28,29,35,32,28,26,33,35,22,35,31,29,29,33,34,29,36,46,29,39,33,30,42,46,34,43,37,28,34,30,24,27,35,28,30,33,18,25,38,40,24,28,38,41,46,43,26,30,29,29,39,43,40,40,29,31,39,34,31,27,30,33,31,30,46,23,36,32,34,28,22,30,33,23,36,42,33,29,44,40,32,32,35,36,43,0,32,23,32,39,28,28,26,33,33,42,22,34,27,24,43,27,53,47,33,20,33,33,29,30,34,39,38,38,45,23,30,32,21,33,36,32,37,28,26,36,38,32,32,18,36,36,33,35,34,35,31,33,31,32,32,21,37,33,36,37,31,35,34,30,24,31,24,35,47,48,33,27,20,25,38,33,40,34,41,35,38,29,35,29,35,34,36,51,33,31,33,26,36,32,31,32
26,32,34,16,44,56,45,34,43,39,26,32,25,45,25,34,44,41,40,41,46,37,28,38,34,44,26,36,45,34,27,48,43,39,38,39,38,39,41,33,39,44,17,29,42,25,36,38,48,44,23,26,37,41,31,40,48,32,36,46,37,41,56,44,37,37,23,24,40,45,39,31,36,35,48,41,38,39,40,28,49,43,43,44,28,36,43,42,46,8,30,32,0,27,50,51,39,36,34,42,18,55,31,27,38,26,31,29,47,53,43,37,52,34,40,41,48,25,46,47,47,29,43,44,32,40,48,42,45,41,38,42,43,36,42,34,37,45,42,43,42,45,38,41,34,34,46,37,42,45,45,33,42,43,49,40,34,41,32,48,16,53,35,32,29,32,29,43,52,34,52,43,49,42,37,40,43,47,42,47,41,38,34,43,48,40,25,41
27,25,23,24,32,40,25,25,33,30,27,18,32,40,4,35,33,30,27,25,31,30,35,33,30,36,37,30,43,34,29,50,41,26,34,32,25,28,27,24,28,35,25,29,37,35,27,27,33,31,44,33,34,31,32,33,39,29,29,34,30,33,43,38,37,28,20,39,30,35,40,31,27,30,36,32,29,28,28,15,34,36,34,34,41,35,24,31,37,21,33,23,27,0,37,42,28,25,21,29,24,46,20,21,19,18,40,22,50,41,37,22,39,27,29,31,39,32,30,37,41,20,30,35,20,34,41,29,36,34,25,34,33,26,33,16,30,34,32,31,35,32,34,32,29,29,34,22,31,35,36,27,29,32,34,30,24,33,10,35,33,49,24,26,21,25,30,37,39,27,43,33,38,31,42,29,33,34,32,46,32,24,22,24,35,30,32,30
35,23,25,39,33,32,30,41,37,31,38,35,35,32,40,32,33,33,33,38,26,24,50,57,24,20,43,28,34,43,39,35,40,18,32,15,36,30,29,16,28,39,34,38,27,42,44,41,37,20,40,40,32,43,25,41,21,36,49,4,26,32,46,32,16,27,33,42,22,23,48,25,25,48,36,34,19,38,38,38,23,42,37,32,52,49,28,31,37,49,40,32,50,37,0,26,30,24,31,29,41,48,33,47,40,41,34,44,51,26,33,31,19,30,34,30,25,47,27,38,44,42,33,37,32,32,19,35,19,31,38,31,47,35,27,42,40,40,32,20,35,44,31,33,33,33,35,31,34,42,36,41,35,34,30,37,34,32,36,31,39,23,35,35,42,46,34,33,20,32,37,39,23,40,39,34,32,37,42,47,31,20,35,37,30,35,38,41
43,47,45,45,51,26,46,48,50,42,45,30,40,44,38,38,51,47,37,42,34,39,43,52,39,42,38,45,37,47,35,36,47,40,48,39,50,42,47,44,33,52,44,43,41,38,33,51,41,38,35,36,37,47,45,45,28,28,52,26,43,42,42,37,36,36,47,44,33,40,30,46,46,49,42,46,48,45,44,36,39,30,49,48,45,45,48,43,52,51,34,39,51,42,26,0,46,47,42,48,42,42,28,55,43,37,37,51,41,36,49,43,41,42,44,42,30,42,30,48,46,42,50,49,29,39,35,47,41,51,47,47,54,31,47,39,41,51,48,38,49,54,43,51,44,44,48,43,39,51,51,41,47,47,42,43,38,50,37,43,31,40,30,20,41,37,32,47,42,47,33,52,32,30,54,44,37,52,33,51,49,50,34,36,50,43,50,49
16,27,25,31,24,55,26,4,30,11,24,34,40,29,30,42,30,16,24,11,29,11,35,48,10,36,37,11,16,42,43,38,16,23,19,22,25,21,20,23,11,31,28,15,30,41,37,23,26,24,47,52,8,24,24,26,33,45,46,31,11,23,50,10,30,24,31,37,29,27,53,8,26,40,27,25,20,12,19,30,28,43,19,24,35,43,15,26,30,45,45,28,39,28,30,46,0,27,21,23,37,43,25,45,20,36,48,26,56,34,23,21,32,20,26,23,32,39,28,26,46,41,18,24,26,35,43,23,32,24,29,25,33,39,28,30,41,31,24,26,24,34,28,24,21,18,30,21,34,31,29,36,23,30,27,29,30,9,29,35,40,41,38,34,24,34,43,20,32,30,32,30,37,31,38,26,40,31,37,56,24,23,47,38,33,27,23,22
20,2,6,25,20,54,15,27,21,25,26,33,39,21,25,39,20,20,12,26,23,27,36,40,23,18,36,27,33,39,35,30,37,7,25,14,17,12,12,7,27,19,25,20,25,37,38,22,32,19,47,45,31,29,13,21,30,41,39,28,27,16,38,32,11,15,29,36,22,21,44,16,14,34,30,21,16,22,23,25,18,47,26,20,40,40,22,17,18,36,41,28,36,25,24,47,27,0,20,21,33,45,25,35,23,29,45,25,51,31,21,18,15,20,16,19,26,36,32,19,39,31,22,22,25,25,38,18,20,19,21,19,36,37,16,31,39,26,22,13,14,32,15,22,20,16,19,18,36,19,20,33,18,20,27,17,31,27,27,25,46,43,37,35,25,37,41,21,26,22,40,21,34,35,35,16,23,15,35,51,22,10,41,39,20,18,29,24
23,20,16,24,23,52,18,35,26,24,23,29,40,26,25,34,25,28,24,29,29,26,34,44,20,29,42,26,38,30,29,40,42,21,21,21,16,22,22,19,22,30,22,25,27,40,46,23,36,28,48,46,27,31,23,24,33,41,38,29,26,22,44,35,26,20,26,42,23,27,50,20,17,23,28,23,20,14,23,14,27,43,25,25,38,34,23,24,27,35,39,26,34,21,31,42,21,20,0,16,32,50,27,35,25,26,48,30,48,39,23,15,29,18,24,24,33,37,28,29,40,33,20,27,28,26,35,13,29,26,23,26,32,42,22,23,40,23,25,20,27,34,22,25,21,18,26,15,37,25,24,36,13,24,25,25,25,36,28,35,44,46,41,29,14,32,34,25,31,22,43,25,32,41,43,24,26,26,34,49,25,17,34,32,26,25,32,29
25,21,19,23,19,58,13,31,26,21,25,26,33,27,31,37,24,29,16,24,20,21,39,50,23,28,39,21,35,44,38,32,33,15,16,20,19,14,22,18,25,24,31,26,31,41,38,24,27,21,48,49,22,30,18,20,36,43,37,24,23,20,46,26,21,14,31,41,31,22,50,20,12,38,26,22,14,19,24,27,29,48,23,24,45,36,20,25,30,40,45,33,42,29,29,48,23,21,16,0,41,56,31,42,20,23,37,30,58,42,23,15,23,12,25,20,32,40,30,27,47,36,17,21,31,28,30,18,24,24,25,29,28,36,19,29,35,28,19,19,19,25,28,19,6,10,22,15,29,28,26,39,18,26,27,20,29,22,25,30,45,24,34,32,27,37,46,22,28,32,36,25,26,37,37,25,18,23,32,50,18,19,44,38,23,22,32,27
29,33,33,30,43,52,44,32,42,37,32,32,33,47,21,37,44,46,41,35,38,38,33,40,37,45,31,37,44,32,31,52,33,38,40,41,36,38,42,34,38,44,29,32,49,20,38,37,48,44,18,24,39,42,35,42,49,35,39,46,38,43,50,44,38,37,33,29,40,46,32,36,39,37,43,40,39,40,36,32,45,51,39,40,35,32,45,44,44,22,29,33,18,24,41,42,37,33,32,41,0,53,33,20,36,24,46,35,40,49,45,38,48,37,38,42,47,26,44,47,47,36,41,45,33,38,54,40,47,43,41,44,44,38,43,26,44,44,43,45,45,43,40,43,40,39,46,38,41,45,43,39,40,44,52,39,32,40,31,45,29,50,38,25,28,20,34,43,48,40,52,44,47,38,44,38,49,43,41,36,43,41,36,42,49,39,38,37
47,49,46,41,50,53,47,45,48,43,51,49,43,48,41,46,53,22,48,43,43,39,52,62,39,41,52,39,34,56,50,41,45,38,38,52,48,42,45,42,39,54,44,47,42,45,34,43,48,42,45,50,38,48,49,49,40,59,56,35,39,44,56,36,40,46,47,54,24,46,54,38,47,52,39,47,48,50,42,46,46,43,46,54,53,54,49,54,49,60,52,42,55,46,48,42,43,45,50,56,53,0,44,55,52,52,45,49,63,34,45,48,43,45,48,47,34,53,33,49,42,54,53,56,45,45,35,50,42,53,53,47,57,38,46,49,50,56,54,37,54,57,51,48,43,47,53,48,55,57,50,40,50,51,49,48,47,44,51,48,54,45,38,50,37,56,35,51,37,47,24,54,45,44,54,47,37,52,41,66,51,42,46,44,41,48,49,53
27,27,31,32,32,46,24,29,35,27,21,28,28,36,18,36,31,26,25,27,34,32,41,37,32,39,35,30,46,42,32,48,37,24,30,28,24,22,38,26,28,32,25,27,40,33,27,25,35,41,42,45,36,29,30,33,36,30,33,28,32,31,47,35,35,20,31,37,33,33,44,28,32,33,33,28,24,28,28,22,36,43,33,31,43,37,28,32,36,37,29,22,31,20,33,28,25,25,27,31,33,44,0,27,25,18,42,30,52,33,33,19,33,31,30,30,34,31,33,38,33,30,30,32,3,34,38,29,36,29,25,36,40,24,31,26,36,35,34,34,35,27,31,34,33,32,34,19,42,35,34,36,29,35,38,31,30,29,20,38,41,44,22,30,24,26,24,33,33,33,36,35,42,26,40,30,40,35,37,44,34,30,28,30,40,32,30,34
31,39,37,28,43,51,42,40,42,41,38,30,42,47,15,35,44,40,39,42,32,36,31,36,42,50,30,36,44,27,34,50,42,32,44,40,31,32,42,36,37,46,35,35,51,16,47,39,47,46,22,30,40,43,38,37,48,31,31,47,36,43,55,43,37,35,31,32,42,46,30,38,39,28,48,40,38,38,35,32,48,48,39,42,31,36,36,40,48,17,35,34,27,21,47,55,45,35,35,42,20,55,27,0,37,22,44,36,45,49,45,35,50,37,41,42,52,24,53,48,46,38,39,45,28,46,43,35,46,45,36,44,44,37,43,31,43,47,43,42,45,48,41,43,40,37,47,35,41,42,45,43,35,47,46,43,31,44,27,45,29,55,36,34,36,31,36,45,50,39,53,46,47,44,44,41,42,45,47,43,43,41,36,36,51,43,40,40
26,17,15,30,28,61,20,28,28,27,18,29,42,32,21,45,27,24,20,27,28,25,40,44,21,31,36,24,39,36,40,39,40,19,25,23,20,20,23,27,25,32,34,27,32,39,39,22,36,27,48,48,32,31,24,24,35,46,38,33,24,25,38,31,27,23,32,36,33,28,48,26,30,36,31,29,25,22,18,28,27,46,27,27,36,37,27,30,31,38,46,27,38,19,40,43,20,23,25,20,36,52,25,37,0,29,48,31,53,39,29,26,25,25,27,25,37,38,34,31,42,31,18,27,32,34,32,25,27,29,26,26,39,33,26,29,44,31,27,26,28,37,25,28,25,25,28,26,32,33,27,45,25,29,31,23,27,34,29,32,46,40,33,43,26,35,37,31,33,20,41,29,33,36,42,27,35,30,38,57,25,28,39,40,35,27,21,30
25,29,31,27,36,41,23,30,37,29,29,15,29,39,2,28,33,25,29,33,36,27,28,36,32,40,31,27,49,45,35,48,42,28,34,27,28,26,31,26,33,39,26,28,36,32,35,29,41,28,45,48,38,34,29,21,40,34,30,39,33,34,40,39,33,25,21,32,33,36,45,27,29,34,42,32,27,27,27,24,39,35,35,33,35,40,22,32,39,30,35,24,26,18,41,37,36,29,26,23,24,52,18,22,29,0,40,25,49,49,32,24,41,33,36,34,38,35,39,42,41,35,31,34,22,27,36,31,38,35,25,35,40,37,35,20,32,38,37,32,39,34,33,37,25,31,37,24,38,39,39,37,31,39,39,37,20,35,14,41,46,46,35,27,22,28,31,34,38,31,45,39,34,33,38,36,30,40,36,55,37,30,31,35,39,37,33,36
34,43,45,22,51,36,41,49,48,42,37,35,16,51,42,22,41,41,37,48,35,40,48,60,48,40,45,40,35,42,18,41,45,36,40,45,39,41,46,44,38,53,25,32,43,45,32,37,41,40,50,54,45,47,39,37,39,52,50,40,40,46,51,31,34,44,15,43,38,45,47,35,43,46,43,44,42,46,39,32,43,18,47,46,40,55,37,45,54,45,43,43,31,40,34,37,48,45,48,37,46,45,42,44,48,40,0,12,48,30,47,46,39,40,46,46,37,46,36,51,20,39,46,45,39,43,33,43,42,49,52,45,53,33,47,44,6,52,48,34,49,51,50,53,43,43,50,46,33,56,48,14,43,48,41,46,45,39,51,41,34,43,32,42,34,51,36,48,40,39,50,51,37,28,53,46,46,54,44,59,47,48,36,22,46,48,33,44
26,29,29,4,35,52,27,29,34,31,26,26,14,36,23,14,37,21,29,33,39,24,23,43,24,39,26,16,38,34,20,50,28,22,33,30,24,29,31,32,26,35,6,25,37,31,35,29,41,31,41,43,38,28,21,29,41,36,28,38,16,33,49,26,32,27,14,22,34,30,44,25,33,29,38,32,30,31,22,18,42,33,32,34,31,37,24,33,36,22,33,27,29,22,44,51,26,25,30,30,35,49,30,36,31,25,12,0,46,47,35,24,37,23,29,29,35,28,38,37,26,32,29,34,24,39,42,27,38,32,23,34,31,34,33,17,12,36,35,33,35,30,27,35,27,24,37,24,40,36,34,12,27,34,37,32,23,26,23,37,26,48,34,29,16,33,34,33,37,23,48,33,39,20,38,29,36,36,36,46,34,33,28,18,38,29,14,32
53,53,47,47,55,50,57,55,62,55,51,38,38,60,44,40,56,55,53,59,44,52,48,45,53,48,49,50,51,52,41,62,55,50,53,57,54,50,57,46,48,61,52,54,45,50,44,51,47,42,31,31,41,56,53,53,46,54,50,51,50,53,51,44,40,48,50,47,42,52,29,51,48,52,46,54,48,59,48,48,43,46,58,54,51,50,52,55,60,39,50,53,47,50,51,41,56,51,48,58,40,63,52,45,53,49,48,46,0,52,53,49,46,46,55,54,53,46,47,60,47,44,61,58,52,43,53,54,49,55,55,53,61,37,55,35,46,61,56,38,58,56,51,57,54,50,59,49,43,62,62,31,54,57,54,54,49,58,39,49,31,54,36,24,48,53,34,59,46,51,58,60,50,32,64,55,39,59,47,24,56,58,30,38,56,56,52,54
37,39,38,47,43,32,45,33,46,40,48,49,47,48,42,42,43,37,39,42,36,25,50,56,31,40,52,41,24,50,47,20,40,34,44,37,37,26,38,36,27,50,46,35,47,50,49,41,44,29,39,42,40,48,41,38,37,44,54,21,41,42,47,43,30,40,47,51,20,41,55,33,40,39,40,42,40,44,36,42,43,50,36,46,46,48,39,45,48,48,41,47,53,41,26,36,34,31,39,42,49,34,33,49,39,49,30,47,52,0,43,41,39,38,42,48,30,46,30,49,33,51,44,47,31,30,36,37,42,47,46,45,50,45,43,44,44,50,42,25,45,45,45,43,39,39,46,41,46,48,49,46,37,47,36,41,44,36,43,36,45,18,45,45,32,43,42,50,40,47,28,46,28,37,50,42,39,49,39,52,41,43,48,39,38,47,45,42
28,20,20,36,8,53,24,30,17,23,29,38,41,20,35,37,6,26,20,22,35,26,41,52,28,14,40,26,42,43,43,47,38,17,26,20,24,19,20,19,26,22,33,28,6,43,37,26,34,29,47,52,32,30,22,27,38,47,41,31,26,3,35,38,25,21,35,44,32,15,49,26,23,40,27,11,25,26,26,31,12,49,29,1,43,44,24,2,21,45,47,33,43,37,33,49,23,21,23,23,45,45,33,45,29,32,47,35,53,43,0,23,20,27,12,3,40,42,39,23,45,40,26,6,33,36,37,23,28,9,24,6,36,37,8,34,41,21,12,25,10,32,9,12,23,21,19,23,38,19,15,39,23,22,21,11,37,31,37,22,46,41,37,39,33,41,35,3,22,26,46,12,31,43,38,13,34,20,34,51,12,20,35,37,20,9,35,27
20,20,17,25,24,52,17,26,26,21,23,33,33,25,22,37,20,14,14,21,22,21,39,43,21,32,38,21,40,45,36,38,29,11,21,14,18,16,15,17,22,24,35,21,25,40,37,20,43,22,46,44,29,26,9,23,33,38,41,25,23,22,36,26,25,19,25,38,22,17,47,18,23,35,28,21,22,14,19,29,24,40,24,22,40,42,16,23,25,38,40,20,37,22,31,43,21,18,15,15,38,48,19,35,26,24,46,24,49,41,23,0,30,14,15,25,37,36,38,25,40,28,17,24,25,34,37,7,27,23,26,21,28,35,26,28,37,24,24,18,26,22,22,25,15,17,25,1,28,27,27,40,6,25,24,22,26,25,24,24,47,46,35,28,27,29,33,24,30,26,49,24,35,28,36,15,29,22,33,50,26,15,31,28,24,19,29,24
36,20,21,37,10,45,29,33,19,30,35,32,38,19,33,30,16,31,21,32,22,32,49,54,34,1,49,30,39,51,34,39,41,18,33,24,33,26,21,20,32,18,39,36,12,50,32,30,30,22,41,39,29,28,22,27,35,55,47,29,32,9,33,27,22,26,40,47,37,7,41,30,28,46,20,15,26,29,26,39,10,45,29,19,44,48,29,12,20,45,51,33,52,39,19,41,32,15,29,23,48,43,33,50,25,41,39,37,46,39,20,30,0,20,16,11,27,43,31,20,51,43,29,16,33,31,31,26,2,21,33,22,38,32,10,39,42,27,9,18,14,38,23,10,32,19,13,34,30,23,17,34,26,24,11,6,38,30,40,13,45,33,32,30,37,42,31,21,1,37,37,19,37,30,40,16,31,17,28,46,8,32,31,32,11,10,41,31
23,20,20,23,21,52,15,26,25,22,24,26,34,27,25,36,20,18,18,28,24,22,38,50,14,28,37,16,44,43,30,22,36,19,23,18,7,6,23,17,18,28,27,23,29,41,41,20,35,21,48,46,25,29,16,22,24,38,41,31,22,22,46,33,20,20,27,37,25,24,42,12,16,36,32,22,6,5,24,30,27,38,19,22,40,45,20,20,27,40,44,33,34,27,30,42,20,20,18,12,37,45,31,37,25,33,40,23,46,38,27,14,20,0,20,22,22,40,16,23,40,34,3,23,25,29,20,15,21,22,11,23,35,41,23,25,36,30,20,24,21,32,24,21,18,6,29,14,42,24,28,33,15,27,28,19,29,30,29,29,41,32,40,38,25,35,28,26,26,23,36,24,31,30,37,20,33,30,37,54,20,21,36,32,27,24,32,18
22,14,14,29,11,56,29,30,14,24,27,36,36,14,30,39,15,24,14,25,22,18,43,46,16,6,38,18,32,46,38,46,33,7,20,13,23,18,21,17,16,16,30,23,19,38,41,23,29,25,47,47,24,28,15,24,34,40,42,36,18,5,38,34,26,22,39,38,28,6,48,19,21,36,29,14,22,19,23,31,18,46,25,12,46,46,20,7,16,38,48,29,40,29,34,44,26,16,24,25,38,48,30,41,27,36,46,29,55,42,12,15,16,20,0,11,32,33,36,16,48,35,24,15,29,37,28,19,13,18,25,18,37,37,9,29,43,16,11,23,13,30,18,11,18,21,11,19,27,17,15,40,19,16,16,2,33,30,35,22,44,41,38,37,28,42,35,14,6,28,44,12,32,34,36,2,35,19,30,54,11,20,36,39,16,2,33,24
24,16,15,32,8,52,20,29,16,21,25,32,38,21,32,40,5,27,15,23,24,21,41,51,21,11,40,20,43,42,38,48,35,16,21,18,22,18,20,18,21,17,30,24,5,40,40,25,37,24,50,52,35,27,18,24,36,45,42,38,21,3,36,37,24,18,32,40,35,18,48,23,22,39,26,7,20,22,25,34,15,46,26,3,42,43,20,9,21,41,45,30,41,31,30,42,23,19,24,20,42,47,30,42,25,34,46,29,54,48,3,25,11,22,11,0,36,40,36,21,46,37,22,2,30,37,30,23,13,5,26,5,33,40,2,34,42,17,9,26,7,29,7,9,20,18,16,21,33,17,17,38,23,19,13,10,32,31,32,15,49,40,40,42,30,40,38,3,6,26,44,18,30,36,35,12,31,18,36,54,7,18,38,42,8,8,35,25
41,26,30,39,37,38,31,32,41,38,35,44,33,38,42,41,31,34,28,28,10,21,45,57,35,32,42,29,31,52,33,18,33,25,32,34,22,14,24,29,29,42,37,42,33,45,38,36,38,34,49,40,27,35,34,33,22,52,49,21,27,30,35,23,27,10,39,43,28,33,48,37,14,43,28,32,10,29,30,42,31,31,34,37,42,54,32,37,38,46,53,34,48,39,25,30,32,26,33,32,47,34,34,52,37,38,37,35,53,30,40,37,27,22,32,36,0,50,20,41,36,38,33,41,37,25,10,35,27,42,17,37,41,25,35,44,45,41,40,33,35,43,42,35,14,28,41,34,34,45,45,35,35,41,33,35,39,31,32,39,48,24,25,35,35,50,38,38,32,33,24,42,34,25,48,32,32,41,28,46,39,29,36,42,38,35,39,40
34,36,36,29,43,46,38,35,44,35,31,26,30,45,30,40,45,42,33,41,44,39,32,39,39,50,15,39,49,30,39,54,35,32,37,38,37,35,37,37,42,43,32,36,45,12,44,38,50,39,40,36,40,37,36,34,45,16,25,46,37,39,51,47,41,34,36,15,43,43,36,38,41,34,40,41,38,40,35,39,44,46,37,40,31,27,33,39,45,17,5,39,25,32,47,42,39,36,37,40,26,53,31,24,38,35,46,28,46,46,42,36,43,40,33,40,50,0,40,48,41,29,40,45,32,44,39,35,47,43,39,44,45,43,41,31,41,45,45,38,41,41,41,45,38,41,45,37,44,41,46,36,35,43,47,42,33,37,31,45,37,51,43,34,28,31,36,43,45,37,53,44,44,37,42,39,42,44,41,46,45,40,32,37,49,42,33,38
22,38,32,38,33,40,27,30,41,35,32,45,36,41,38,36,35,29,34,31,32,25,49,58,28,32,38,25,35,44,39,24,42,28,26,37,30,16,35,29,25,41,20,22,37,38,31,33,42,29,45,46,28,35,34,33,12,48,47,23,25,36,41,26,17,36,38,40,28,41,49,22,18,43,34,36,22,17,31,42,39,42,32,36,45,46,18,39,41,50,39,38,46,30,27,30,28,32,28,30,44,33,33,53,34,39,36,38,47,30,39,38,31,16,36,36,20,40,0,43,34,35,20,39,33,32,25,31,31,35,29,32,45,36,37,39,42,44,32,25,37,44,29,35,26,28,42,34,35,44,39,34,31,35,33,37,37,40,42,25,47,27,35,25,26,44,33,38,34,45,20,43,20,35,43,36,33,41,30,53,31,36,34,37,34,37,34,29
30,22,20,39,18,54,32,35,4,29,34,37,43,4,39,43,21,30,16,34,34,30,50,56,30,19,47,30,43,49,44,47,41,16,31,28,28,22,25,21,30,2,36,30,20,47,43,28,35,29,54,54,28,37,25,30,41,50,50,40,30,19,43,31,29,29,43,47,37,14,52,25,28,45,37,25,22,22,30,38,24,51,23,18,49,49,26,15,2,47,52,38,47,37,38,48,26,19,29,27,47,49,38,48,31,42,51,37,60,49,23,25,20,23,16,21,41,48,43,0,51,43,30,24,37,40,38,27,21,20,33,26,41,47,20,40,47,10,18,30,21,36,20,18,33,31,4,27,35,21,8,43,27,20,24,13,38,34,38,19,56,42,47,43,33,46,47,15,21,30,43,6,37,44,44,13,38,12,46,59,19,23,46,46,17,11,38,32
38,39,41,14,47,30,48,48,51,40,43,40,30,52,39,38,49,37,37,44,40,42,44,53,40,44,45,42,41,46,6,40,48,36,41,40,40,42,40,36,40,54,35,39,49,45,42,35,47,39,41,44,47,51,35,41,44,42,45,30,42,46,52,40,34,38,15,43,35,48,41,38,39,45,49,46,39,42,41,34,47,4,44,46,44,47,36,49,53,42,43,45,47,41,44,46,46,39,40,47,47,42,33,46,42,41,20,26,47,33,45,40,51,40,48,46,36,41,34,51,0,44,45,51,34,40,41,43,46,48,47,43,52,37,47,44,26,52,46,38,49,54,51,47,43,43,51,39,43,57,52,26,43,46,46,47,40,46,49,39,32,40,37,35,38,46,29,48,46,32,43,53,29,35,55,48,45,53,45,46,45,44,31,30,40,49,35,40
19,29,31,27,39,59,35,33,41,38,17,33,31,43,26,31,35,35,37,40,40,30,21,39,30,43,29,31,47,32,34,50,35,32,26,34,31,31,36,28,29,45,24,21,43,33,40,31,42,38,42,46,26,36,21,29,44,40,20,44,30,34,50,43,30,31,28,29,41,38,39,24,31,37,34,36,36,35,28,24,37,44,34,41,25,34,32,39,39,33,37,23,29,20,42,42,41,31,33,36,36,54,30,38,31,35,39,32,44,51,40,28,43,34,35,37,38,29,35,43,44,0,33,41,30,33,34,31,42,39,31,39,42,40,37,28,31,40,41,41,39,38,38,41,32,32,40,31,41,42,41,34,31,39,42,39,36,28,25,48,37,47,40,42,27,33,42,40,40,31,53,39,39,38,39,38,37,41,38,48,41,35,42,33,42,39,22,38
17,24,22,26,21,60,8,24,29,14,20,30,41,29,24,35,23,22,18,24,27,16,36,49,19,29,33,19,44,40,39,26,39,19,20,17,14,10,27,21,18,28,29,19,30,38,48,16,40,28,49,49,35,23,17,25,24,40,36,29,18,23,48,43,26,23,24,34,35,30,44,13,17,33,33,20,9,2,22,29,32,38,22,23,37,42,30,24,27,39,42,30,43,30,33,50,18,22,20,17,41,53,30,39,18,31,46,29,61,44,26,17,29,3,24,22,33,40,20,30,45,33,0,23,30,34,20,16,31,22,20,24,35,43,25,25,35,32,21,28,25,34,24,21,17,23,30,17,40,26,25,41,16,28,33,23,33,32,31,29,48,39,43,37,30,35,41,26,33,23,47,28,29,34,38,22,33,29,38,55,21,26,45,45,29,23,34,25
24,23,21,35,6,55,21,30,15,24,29,35,42,20,35,42,8,29,16,24,32,24,40,52,24,16,42,23,44,44,46,41,37,19,24,16,25,19,23,23,24,20,34,24,9,44,40,28,37,28,52,55,39,30,17,25,39,46,41,35,24,4,39,42,26,19,32,42,37,20,50,24,23,44,30,7,21,24,25,35,15,49,29,6,41,44,26,6,21,43,46,32,44,35,37,49,24,22,27,21,45,56,32,45,27,34,45,34,58,47,6,24,16,23,15,2,41,45,39,24,51,41,23,0,33,39,39,26,18,4,29,4,30,40,3,37,42,20,6,28,6,28,10,6,21,21,19,18,37,17,14,42,26,19,14,15,37,32,37,16,51,43,40,42,37,41,42,4,15,27,49,18,43,42,32,15,35,17,33,58,6,19,42,42,9,13,39,29
27,27,31,32,32,47,25,30,35,28,23,29,28,35,19,36,31,25,25,28,34,32,41,38,32,39,35,30,45,43,32,48,39,24,30,28,24,23,38,26,29,32,26,27,40,34,26,26,36,41,42,45,37,30,30,33,37,29,33,28,32,31,47,35,35,22,31,37,33,33,45,28,33,34,33,28,25,29,27,23,36,43,33,31,44,37,29,32,36,38,29,21,32,20,32,29,26,25,28,31,33,45,3,28,32,22,39,24,52,31,33,25,33,25,29,30,37,32,33,37,34,30,30,33,0,34,39,28,36,29,25,36,40,26,31,26,37,35,34,34,35,29,31,34,33,32,34,18,42,35,34,36,27,35,37,31,31,30,22,38,42,44,24,30,25,26,25,33,33,33,37,35,42,26,40,30,40,35,37,45,34,30,29,30,40,32,30,34
24,32,26,38,38,41,40,33,35,27,32,33,33,41,44,37,35,21,27,37,29,35,41,53,31,31,43,35,33,38,33,35,45,23,28,31,33,32,31,26,35,35,29,25,38,44,33,24,12,28,39,35,28,40,31,26,31,41,51,19,35,34,38,35,23,32,34,42,15,38,37,30,27,40,36,35,33,30,30,42,38,39,34,37,48,41,29,36,39,41,37,33,40,34,32,39,35,25,26,28,38,45,34,46,34,27,43,39,43,30,36,34,31,29,37,37,25,44,32,40,40,33,34,39,34,0,31,30,31,36,38,32,31,28,38,33,45,39,32,22,35,31,34,38,30,33,37,30,16,41,35,33,30,39,31,36,31,37,27,26,42,40,27,31,30,37,27,37,31,18,42,41,29,35,40,37,10,36,29,45,37,20,25,32,35,39,36,35
31,39,35,44,41,42,23,43,34,38,30,44,28,40,41,39,39,34,30,39,8,36,53,59,36,32,40,34,30,49,33,28,35,23,41,36,18,18,32,41,36,37,38,32,33,42,36,41,32,38,49,43,34,39,36,37,24,50,47,29,34,34,39,29,28,12,40,41,31,31,46,35,32,44,20,38,30,29,33,41,27,38,34,36,47,50,30,35,47,41,48,36,48,41,19,35,43,38,35,30,54,35,38,43,32,36,33,42,53,36,37,37,31,20,28,30,10,39,25,38,41,34,20,39,39,31,0,37,21,38,17,37,36,37,31,39,37,38,40,25,37,47,44,41,16,32,37,35,27,46,45,35,37,31,37,37,36,42,35,35,48,12,37,36,34,36,32,39,28,28,22,41,24,28,46,33,32,45,28,46,39,33,30,31,32,27,37,38
21,17,14,31,26,52,12,26,27,28,20,33,37,19,29,37,25,20,20,23,26,20,35,46,20,28,35,20,42,38,35,41,30,19,20,18,17,14,20,14,21,25,28,21,29,37,39,18,34,21,48,44,26,34,12,27,34,44,41,33,21,22,43,34,15,19,28,35,22,17,44,18,19,34,25,21,15,13,18,27,27,45,22,22,41,36,20,23,21,38,39,32,42,29,35,47,23,18,13,18,40,50,29,35,25,31,43,27,54,37,23,7,26,15,19,23,35,35,31,27,43,31,16,26,28,30,37,0,27,23,26,25,39,43,25,34,36,26,22,20,26,34,27,22,18,12,26,12,30,26,25,35,1,25,25,20,32,29,31,27,46,42,43,43,27,39,38,22,34,27,43,25,39,28,41,19,37,24,35,49,22,17,38,33,27,20,32,24
26,20,23,34,12,47,30,36,17,27,33,36,30,18,36,36,18,22,14,33,22,32,50,54,30,3,47,35,39,51,37,39,44,18,30,24,27,17,24,25,33,21,36,27,12,47,33,32,30,23,48,40,26,27,16,27,39,53,48,30,30,7,33,27,22,29,42,46,29,5,46,21,27,45,25,17,25,25,22,37,8,54,29,9,49,50,29,22,19,43,56,37,45,36,19,41,32,20,29,24,47,42,36,46,27,38,42,38,49,42,28,27,2,21,13,13,27,47,31,21,46,42,31,18,36,31,21,27,0,10,31,23,41,31,12,38,43,23,11,21,16,36,14,12,31,22,21,27,31,26,19,34,28,27,10,11,43,41,40,13,46,33,32,30,30,47,35,12,3,35,29,22,30,28,43,9,29,20,28,51,10,31,34,32,13,15,42,32
29,18,17,32,8,55,22,28,20,25,29,39,42,19,31,39,6,28,15,27,31,28,43,51,28,19,42,28,45,42,43,43,41,16,26,18,25,22,15,17,29,22,34,29,20,43,40,25,34,31,51,53,34,32,20,26,37,49,44,35,28,9,45,34,29,26,33,43,36,22,49,23,24,43,31,7,26,20,28,34,18,46,27,8,44,45,22,9,19,45,45,28,41,34,31,51,24,19,26,24,43,53,29,45,29,35,49,32,55,47,9,23,21,22,18,5,42,43,35,20,48,39,22,4,29,36,38,23,10,0,29,3,38,39,8,37,40,23,6,27,12,34,2,6,26,22,22,21,34,19,19,41,24,19,6,18,33,33,33,23,50,43,39,43,34,37,41,4,21,28,47,21,41,42,38,18,36,20,37,53,10,20,41,39,14,16,38,28
22,25,33,24,27,61,27,30,32,29,23,27,42,32,21,34,27,19,25,30,22,27,39,52,26,33,38,22,36,41,35,44,33,22,26,25,12,18,32,30,27,34,20,23,29,40,43,22,37,31,49,48,29,29,25,29,38,39,44,30,22,26,41,30,28,21,30,38,30,25,52,25,29,37,32,28,24,17,29,25,29,38,29,27,42,38,21,17,36,30,43,26,38,25,38,47,29,21,23,25,41,53,25,36,26,25,52,23,55,46,24,26,33,11,25,26,17,39,29,33,47,31,20,29,25,38,17,26,31,29,0,29,37,40,27,34,46,34,28,24,27,33,29,27,11,23,33,23,45,33,34,40,27,33,35,27,27,26,28,40,43,41,40,37,24,36,35,27,29,25,47,33,29,30,41,26,35,36,6,52,29,30,38,34,37,28,29,30
29,17,19,32,4,55,22,31,20,31,29,36,37,21,33,39,8,24,20,26,29,27,43,51,24,20,43,27,45,46,39,39,44,18,27,18,26,22,23,15,25,24,32,29,8,43,38,29,38,27,47,51,32,32,18,26,39,49,44,33,27,12,38,32,23,25,33,43,34,25,49,25,23,42,29,7,25,24,24,36,16,44,29,3,42,44,25,8,22,42,47,36,42,34,31,47,25,19,26,29,44,47,36,44,26,35,45,34,53,45,6,21,22,23,18,5,37,44,32,26,43,39,24,4,36,32,37,25,23,3,29,0,34,37,12,35,37,25,10,27,12,32,7,10,27,23,22,21,34,19,20,35,23,18,20,16,36,30,34,22,48,39,37,39,36,42,37,5,22,27,42,20,35,37,36,18,34,21,39,53,6,19,37,37,8,20,36,29
34,36,34,33,34,65,33,35,41,31,35,30,43,41,35,39,32,37,35,30,36,33,44,56,32,37,43,33,43,42,41,51,47,32,27,29,34,34,35,37,33,39,35,34,41,43,45,27,39,41,50,51,35,18,29,36,44,50,46,45,32,34,49,43,41,35,35,43,38,35,53,33,36,46,37,30,37,33,22,33,40,56,37,38,48,43,31,39,44,43,48,38,43,33,47,54,33,36,32,28,44,57,40,44,39,40,53,31,61,50,36,28,38,35,37,33,41,45,45,41,52,42,35,30,40,31,36,39,41,38,37,34,0,46,31,36,42,39,33,36,30,16,39,30,33,26,39,32,37,45,39,40,34,39,40,33,32,32,34,43,48,50,46,35,32,37,37,38,36,27,49,40,45,45,8,36,35,39,46,59,32,33,38,44,36,33,38,37
28,39,36,38,39,41,40,46,46,44,28,28,36,45,30,25,40,39,36,37,25,33,42,49,33,32,39,31,42,44,32,46,40,35,37,44,45,41,38,35,31,41,40,31,31,39,15,35,28,33,47,35,27,43,43,40,29,42,45,29,33,37,26,30,28,29,45,42,27,36,37,38,38,48,25,38,35,44,41,38,29,42,43,46,42,44,40,43,43,47,45,32,36,26,35,31,39,37,42,36,38,38,24,37,33,37,33,34,37,45,37,35,32,41,37,40,25,43,36,47,37,40,43,40,26,28,37,43,31,39,40,37,46,0,39,36,38,43,39,25,42,42,46,39,39,36,47,35,27,51,47,25,36,40,40,36,26,40,26,31,37,44,3,21,35,36,25,47,32,44,40,42,35,27,44,36,36,48,25,42,38,47,20,39,44,36,42,41
25,17,15,32,7,51,21,32,15,24,26,35,39,20,33,39,10,28,13,30,27,24,42,50,22,9,41,21,41,42,37,41,37,13,26,17,23,19,23,15,24,19,30,25,12,43,40,22,34,25,51,49,30,23,17,22,35,48,42,33,23,2,40,34,27,21,35,41,34,13,49,22,21,39,27,8,21,23,24,31,10,49,22,8,42,43,22,8,18,41,48,32,42,33,27,47,28,16,22,19,43,46,31,43,26,35,47,33,55,43,8,26,10,23,9,2,35,41,37,20,47,37,25,3,31,38,31,25,12,8,27,12,31,39,0,33,41,19,3,26,3,27,12,5,21,21,18,24,34,21,18,41,24,18,16,5,35,30,35,14,50,43,39,39,30,41,39,4,5,25,37,12,35,37,33,5,30,20,39,53,6,15,39,41,15,5,35,22
29,29,31,23,33,47,29,32,37,27,29,17,36,40,14,31,33,30,31,32,33,33,32,40,34,39,38,29,39,43,32,43,37,30,31,29,35,24,29,28,31,38,30,29,34,35,33,29,37,41,35,42,31,30,33,33,40,32,32,36,33,30,38,43,34,27,25,32,37,31,45,28,29,36,26,32,29,27,28,25,36,36,33,33,38,41,26,36,38,36,35,18,34,16,42,39,30,31,23,29,26,49,26,31,29,20,44,17,35,44,34,28,39,25,29,34,44,31,39,40,44,28,25,37,26,33,39,34,38,37,34,35,36,36,33,0,39,38,37,35,35,37,35,37,27,31,36,29,29,37,37,40,32,37,41,35,12,32,16,45,40,44,35,9,19,6,31,38,41,23,47,38,40,40,43,34,25,39,36,43,37,32,31,32,33,33,32,34
27,41,41,16,43,59,33,43,43,37,34,29,12,47,38,14,40,34,47,34,45,36,32,54,28,44,33,40,44,37,12,43,40,36,32,35,32,35,44,44,28,47,10,28,43,40,40,39,45,46,39,39,36,43,33,41,35,39,40,47,40,41,36,44,34,39,9,31,33,48,42,31,39,42,37,44,35,35,41,28,47,26,44,46,40,40,38,45,46,38,44,36,37,30,40,41,41,39,40,35,44,50,36,43,44,32,6,12,46,44,41,37,42,36,43,42,45,41,42,47,26,31,35,42,37,45,37,36,43,40,46,37,42,38,41,39,0,46,40,32,38,37,40,41,35,35,47,33,43,44,43,4,34,45,39,39,40,37,28,41,32,51,36,32,38,32,28,46,32,37,51,42,43,24,39,39,46,41,38,46,42,42,28,22,44,42,34,41
31,20,19,36,19,57,23,32,10,26,31,36,43,6,35,44,20,33,17,31,30,23,45,57,23,23,47,23,47,43,44,48,42,18,26,21,30,24,21,21,23,8,37,30,23,44,44,29,37,34,53,52,36,35,22,29,43,51,49,40,23,18,44,38,32,23,41,46,37,15,53,26,30,44,37,19,30,29,30,34,23,52,19,20,49,45,27,17,15,46,48,36,45,34,40,51,31,26,23,28,44,56,35,47,31,38,52,36,61,50,21,24,27,30,16,17,41,45,44,10,52,40,32,20,35,39,38,26,23,23,34,25,39,43,19,38,46,0,18,29,18,36,23,19,22,25,2,25,38,15,10,46,24,16,22,11,38,32,38,21,52,46,45,45,34,37,45,19,18,32,51,6,41,46,45,13,42,4,48,59,18,17,42,42,24,13,39,24
28,18,18,35,2,56,22,30,15,22,30,30,43,22,34,40,9,24,14,23,31,22,43,54,22,14,44,22,42,43,39,40,38,14,22,17,24,20,17,17,22,19,35,28,14,45,40,23,42,30,52,50,38,25,17,26,32,46,43,32,21,8,38,40,23,19,31,44,36,15,50,24,23,40,29,3,18,21,26,34,14,46,29,12,41,43,26,12,21,42,44,33,42,32,32,48,24,22,25,19,43,54,34,43,27,37,48,35,56,42,12,24,9,20,11,9,40,45,32,18,46,41,21,6,34,32,40,22,11,6,28,10,33,39,3,37,40,18,0,28,9,27,10,1,19,21,17,24,42,19,16,43,24,17,8,8,31,30,31,9,51,42,39,42,33,41,40,8,10,30,46,17,36,45,33,13,37,16,35,56,1,16,40,44,5,12,39,26
24,13,15,26,27,42,30,30,30,31,31,40,40,25,35,24,28,27,25,27,20,29,42,48,34,20,42,29,38,41,30,35,42,25,31,25,29,24,15,14,31,28,31,26,17,38,26,32,31,8,35,37,20,38,23,23,25,46,40,14,29,25,30,24,8,25,32,46,19,25,37,26,21,48,19,28,24,28,25,28,11,46,30,26,44,45,29,27,28,44,46,35,43,31,20,38,26,13,20,19,45,37,34,42,26,32,34,33,38,25,25,18,18,24,23,26,33,38,25,30,38,41,28,28,34,22,25,20,21,27,24,27,36,25,26,35,32,29,28,0,31,40,34,29,25,19,29,23,29,31,27,26,20,28,27,25,36,38,30,21,35,37,24,26,22,40,28,27,20,26,37,30,27,40,41,24,21,28,26,40,28,20,28,30,29,27,41,28
28,16,14,35,6,55,23,30,18,24,31,33,43,19,35,43,10,29,17,24,28,24,41,53,24,17,40,24,42,40,42,49,38,17,24,21,25,18,26,17,24,18,33,28,21,40,42,26,37,31,53,54,35,26,17,28,41,44,40,31,23,10,40,38,27,21,35,40,33,19,51,26,23,42,28,8,21,23,25,33,9,49,28,10,41,43,27,10,21,42,44,34,42,35,35,49,24,14,27,19,45,54,35,45,28,39,49,35,58,45,10,26,14,21,13,7,35,41,37,21,49,39,25,6,35,35,37,26,16,12,27,12,30,42,3,35,38,18,9,31,0,30,12,8,21,25,18,22,35,20,15,42,24,21,20,13,33,30,32,8,52,43,42,42,35,41,42,10,18,30,45,19,41,42,34,13,35,19,39,56,12,19,40,41,14,13,37,28
30,32,30,31,30,57,33,35,36,27,29,34,38,38,36,40,34,26,29,29,40,26,46,48,28,33,42,26,46,47,44,49,39,28,27,25,33,32,31,31,26,36,30,30,37,45,39,29,31,36,48,51,36,2,31,24,37,52,44,46,25,28,49,28,34,29,32,42,40,28,52,25,34,44,36,28,30,32,18,35,39,50,32,32,48,46,24,33,36,44,52,35,45,32,44,54,34,32,34,25,43,57,27,48,37,34,51,30,56,45,32,22,38,32,30,29,43,41,44,36,54,38,34,28,29,31,47,34,36,34,33,32,16,42,27,37,37,36,27,40,30,0,35,26,30,26,36,28,35,41,35,40,28,36,32,29,38,26,36,39,44,53,38,39,30,38,36,32,30,27,55,37,45,33,18,29,39,39,39,57,28,32,39,40,38,29,33,32
24,16,15,30,10,49,23,28,18,27,29,35,44,21,31,37,10,31,17,29,31,30,42,49,30,21,40,30,49,42,44,39,42,18,28,20,25,20,18,18,32,24,33,23,24,42,45,27,40,29,47,49,34,30,20,27,39,46,42,31,30,13,42,34,27,24,35,41,32,22,47,23,24,38,33,9,29,24,23,32,16,49,26,6,41,41,21,12,19,38,45,31,38,34,31,43,28,15,22,28,40,51,31,41,25,33,50,27,51,45,9,22,23,24,18,7,42,41,29,20,51,38,24,10,31,34,44,27,14,2,29,7,39,46,12,35,40,23,10,34,12,35,0,10,25,22,23,19,30,16,17,39,25,20,10,12,36,25,34,25,48,41,45,41,33,35,41,6,23,29,44,22,39,44,39,9,34,20,43,51,10,20,35,39,15,10,38,30
28,19,16,35,2,57,19,30,16,22,30,35,43,22,34,41,12,24,15,24,31,22,41,54,22,9,44,22,40,41,40,43,38,15,22,14,23,19,17,17,22,19,35,28,14,45,40,24,42,31,53,51,38,24,17,28,35,46,41,33,21,8,38,42,23,19,31,44,36,15,51,24,23,41,29,2,21,21,26,35,14,47,28,12,43,43,24,12,21,41,44,33,41,32,33,51,24,22,25,19,43,48,34,43,28,37,53,35,57,43,12,25,10,21,11,9,35,45,35,18,47,41,21,6,34,38,41,22,12,6,27,10,30,39,5,37,41,19,1,29,8,26,10,0,19,21,19,24,42,19,17,43,22,19,8,13,31,30,31,10,50,45,39,41,34,41,39,8,10,29,47,18,37,45,34,13,38,17,37,55,2,16,39,43,6,13,39,27
26,20,20,21,19,51,11,29,24,19,29,26,35,27,25,37,22,26,22,20,12,18,41,52,18,26,36,20,30,40,34,20,32,15,12,18,7,14,27,23,22,23,28,27,29,42,43,18,31,23,49,48,28,26,14,23,30,41,43,28,15,20,41,24,21,8,31,34,25,21,50,22,12,35,28,22,16,19,28,33,27,44,26,20,43,36,29,19,29,40,43,31,34,29,33,44,21,20,21,6,40,43,33,40,25,25,43,27,54,39,23,15,32,18,18,20,14,38,26,33,43,32,17,21,33,30,16,18,31,26,11,27,33,39,21,27,35,22,19,25,21,30,25,19,0,4,21,19,27,29,27,35,19,27,28,17,31,24,25,26,47,26,36,38,25,37,42,20,31,25,39,24,22,27,33,22,38,24,33,50,18,15,42,38,25,19,34,27
23,16,24,29,21,54,11,26,23,16,21,24,31,29,29,35,20,22,18,22,16,16,41,50,16,28,34,14,40,35,36,36,26,17,13,18,23,2,21,17,14,26,26,24,29,36,34,23,33,21,43,48,21,32,16,20,14,39,35,31,14,17,34,21,23,10,32,38,28,22,45,15,14,36,4,22,12,15,21,27,29,46,23,24,41,40,12,25,28,42,39,32,34,29,33,44,18,16,18,10,39,47,32,37,25,31,43,24,50,39,21,17,19,6,21,18,28,41,28,31,43,32,23,21,32,33,32,12,22,22,23,23,26,36,21,31,35,25,21,19,25,26,22,21,4,0,24,16,31,29,27,31,15,28,29,20,29,13,33,23,43,36,36,36,27,38,34,20,24,25,28,24,26,37,34,22,31,26,25,54,20,13,34,36,26,19,32,23
30,20,19,37,19,56,24,31,8,24,33,38,44,8,37,44,19,29,15,27,29,27,44,57,25,17,46,27,46,45,46,47,37,16,26,21,29,24,24,21,25,2,36,29,20,47,48,28,39,32,53,52,32,36,17,31,41,49,45,36,27,17,43,37,28,22,40,46,34,16,53,28,29,44,36,19,28,27,28,37,18,51,24,19,49,45,27,18,10,46,48,32,46,34,35,48,30,19,26,22,46,53,34,47,28,37,50,37,59,46,19,25,13,29,11,16,41,45,42,4,51,40,30,19,34,37,37,26,21,22,33,22,39,47,18,36,47,2,17,29,18,36,23,19,21,24,0,24,34,16,13,44,24,14,24,11,34,32,36,21,52,46,48,44,34,37,45,20,19,30,49,8,38,44,41,13,40,6,41,59,18,20,45,43,21,11,40,25
20,20,17,25,24,53,17,26,26,21,23,33,33,24,22,37,20,14,14,21,22,21,39,43,21,32,38,21,40,45,36,38,30,11,21,14,17,16,16,17,22,24,35,21,25,40,37,20,43,22,46,44,30,26,9,23,33,38,41,25,23,22,36,26,25,19,25,38,23,17,47,18,23,35,28,22,22,14,19,29,25,40,24,22,40,42,16,24,26,38,40,21,37,22,31,43,21,18,15,15,38,48,19,35,26,24,46,24,49,41,23,1,34,14,19,21,34,37,34,27,39,31,17,18,18,30,35,12,27,21,23,21,32,35,24,29,33,25,24,23,22,28,19,24,19,16,24,0,28,27,27,40,7,25,24,22,26,25,24,24,47,46,35,28,27,29,33,24,30,26,49,24,35,28,36,15,29,22,33,50,26,15,31,28,24,19,29,24
32,32,28,33,42,41,42,41,39,26,38,28,29,32,36,35,38,33,25,28,27,13,48,59,23,30,42,21,32,48,29,38,28,34,24,37,37,41,34,39,16,43,36,32,26,43,33,30,4,21,40,46,16,22,29,26,38,46,47,38,21,32,28,20,19,29,34,42,21,32,44,28,37,38,25,33,31,42,30,39,26,41,33,31,47,45,31,28,42,46,37,37,42,31,34,39,34,36,37,29,41,55,42,41,32,38,33,40,43,46,38,28,30,42,27,33,34,44,35,35,43,41,40,37,42,16,27,30,31,34,45,34,37,27,34,29,43,38,42,29,35,35,30,42,27,31,34,28,0,44,38,37,34,36,36,32,32,28,33,29,40,39,29,37,39,39,39,32,30,26,31,38,38,31,44,29,20,42,26,49,39,39,33,35,39,30,25,36
28,24,15,35,18,57,27,37,12,28,33,36,44,23,35,46,21,33,18,34,36,32,45,54,27,27,43,32,47,44,48,50,48,19,28,21,32,25,29,21,32,25,38,28,24,43,51,28,44,34,55,55,43,38,23,30,46,50,45,39,32,12,44,45,31,29,40,43,38,28,55,25,26,44,36,18,23,24,29,37,19,51,21,19,46,44,31,15,17,44,51,33,45,35,42,51,31,19,25,28,45,57,35,42,33,39,56,36,62,48,19,27,23,24,17,17,45,41,44,21,57,42,26,17,35,41,46,26,26,19,33,19,45,51,21,37,44,15,19,31,20,41,16,19,29,29,16,27,44,0,17,44,26,12,25,19,37,40,35,28,52,49,49,46,39,42,46,19,25,32,49,19,44,44,45,19,42,24,41,61,16,24,46,44,27,21,43,24
28,16,17,36,17,56,27,35,14,29,31,38,45,8,35,44,15,27,18,28,39,29,46,55,30,18,45,29,49,42,46,48,42,19,30,22,29,23,21,20,30,8,36,28,22,44,47,28,38,33,56,55,36,31,22,31,43,48,46,34,29,19,42,38,27,26,39,44,35,17,57,25,25,42,34,17,28,23,31,34,15,54,22,15,43,43,31,17,2,45,47,36,45,36,36,51,29,20,24,26,43,50,34,45,27,39,48,34,62,49,15,27,17,28,15,17,45,46,39,8,52,41,25,14,34,35,45,25,19,19,34,20,39,47,18,37,43,10,16,27,15,35,17,17,27,27,13,27,38,17,0,46,23,12,23,13,35,33,35,26,57,46,48,48,35,45,49,17,18,28,48,9,45,43,42,16,35,6,43,62,16,19,49,49,22,10,39,23
24,33,35,10,43,36,42,42,48,35,35,39,4,41,35,18,38,23,29,34,31,37,37,52,35,34,34,35,30,43,2,41,37,30,34,41,39,33,43,26,38,44,6,24,29,37,23,33,39,28,43,42,36,41,39,34,40,41,38,27,35,39,37,28,20,33,17,32,30,37,35,33,40,37,29,36,31,41,32,24,29,36,39,38,36,38,27,41,44,38,41,37,33,27,41,41,36,33,36,39,39,40,36,43,45,37,14,12,31,46,39,40,34,33,40,38,35,36,34,43,26,34,41,42,36,33,35,35,34,41,40,35,40,25,41,40,4,46,43,26,42,40,39,43,35,31,44,40,37,44,46,0,36,39,44,40,35,35,45,33,27,48,22,30,28,33,21,41,34,27,33,43,38,20,41,40,34,44,30,46,38,44,24,18,41,42,25,38
21,17,14,31,26,52,12,26,27,28,20,33,37,20,29,37,25,20,20,23,26,20,35,46,20,28,35,20,42,38,35,41,30,19,20,18,18,14,19,14,21,25,28,21,29,37,39,18,34,21,48,44,26,34,12,27,34,44,41,33,21,22,43,34,16,19,28,35,22,17,44,18,19,34,25,21,15,13,18,27,27,45,22,22,41,36,20,23,22,38,39,31,42,29,35,47,23,18,13,18,40,50,29,35,25,31,43,27,54,37,23,6,26,15,19,23,35,35,31,27,43,31,16,26,27,30,37,1,28,24,27,23,34,36,24,32,34,24,24,20,24,28,25,22,19,15,24,7,34,26,23,36,0,25,25,20,32,29,31,27,46,42,43,43,27,39,38,22,34,27,43,25,39,28,41,19,37,24,35,49,22,17,38,33,27,20,32,24
28,19,20,37,20,57,27,36,12,27,29,35,36,16,37,42,20,29,19,28,33,28,41,52,28,18,46,28,43,41,41,49,39,17,25,21,28,22,23,18,28,16,34,27,20,44,41,28,36,28,50,55,30,32,23,25,41,47,41,34,28,17,41,38,26,27,37,46,34,21,51,24,24,43,32,17,26,27,25,33,17,46,22,19,44,40,28,19,19,47,48,35,43,32,34,47,30,20,24,26,44,51,35,47,29,39,48,34,57,47,22,25,24,27,16,19,41,43,35,20,46,39,28,19,35,39,31,25,27,19,33,18,39,40,18,37,45,16,17,28,21,36,20,19,27,28,14,25,36,12,12,39,25,0,20,15,36,35,40,26,51,42,40,43,33,42,42,21,25,27,45,16,40,41,41,18,36,16,43,60,18,24,44,44,19,15,39,22
30,20,21,34,8,50,33,36,17,24,36,37,37,22,37,40,17,26,14,34,27,26,44,58,31,11,48,26,38,45,40,39,50,17,30,25,33,23,20,27,29,21,34,31,24,44,42,31,36,28,45,47,31,32,20,33,36,49,43,28,26,14,41,34,20,25,35,50,26,11,55,25,27,45,30,23,30,28,29,40,20,50,30,12,51,48,22,25,21,45,50,34,49,34,30,42,27,27,25,27,52,49,38,46,31,39,41,37,54,36,21,24,11,28,16,13,33,47,33,24,46,42,33,14,37,31,37,25,10,6,35,20,40,40,16,41,39,22,8,27,20,32,10,8,28,29,24,24,36,25,23,44,25,20,0,10,43,37,40,12,51,40,41,41,35,40,40,10,11,36,43,19,32,37,39,12,30,23,33,56,7,25,38,40,11,14,39,26
23,14,15,31,13,53,22,28,12,24,28,31,36,11,31,39,14,27,14,28,26,25,42,47,25,6,42,23,40,42,39,43,35,15,23,20,23,19,18,17,25,13,32,24,17,42,37,24,32,25,48,49,31,25,16,25,39,46,40,35,25,12,40,35,26,22,37,42,29,8,48,23,28,37,26,16,20,20,23,32,9,47,25,11,41,44,22,8,15,38,47,30,40,30,37,43,29,17,25,20,39,48,31,43,23,37,46,32,54,41,11,22,6,19,2,10,35,42,37,13,47,39,23,15,31,36,37,20,11,18,27,16,33,36,5,35,39,11,8,25,13,29,12,13,17,20,11,22,32,19,13,40,20,15,10,0,34,29,33,15,51,40,35,35,29,38,36,12,6,25,37,9,34,35,37,2,36,16,30,56,6,19,37,43,16,4,33,26
29,31,27,26,33,38,29,27,35,32,31,13,41,40,20,30,37,29,33,34,40,29,40,48,28,44,28,33,38,40,39,48,37,36,32,31,37,30,25,24,32,36,22,29,43,30,34,33,29,33,39,44,41,23,31,33,44,36,38,37,29,29,40,35,34,31,24,22,30,29,49,32,27,41,38,32,29,27,29,28,33,43,39,36,42,39,24,31,36,34,38,24,34,24,34,38,30,31,25,29,32,47,30,31,27,20,45,23,49,44,37,26,38,29,33,32,39,33,37,38,40,36,33,37,31,31,36,32,43,33,27,36,32,26,35,12,40,38,31,36,33,38,36,31,31,29,34,26,32,37,35,35,32,36,43,34,0,30,16,36,40,37,33,25,23,20,17,35,40,29,45,37,41,35,38,32,28,38,37,51,33,26,23,32,38,35,29,33
18,33,33,32,30,54,30,1,32,8,27,26,41,33,25,45,32,22,28,9,25,17,45,51,16,36,39,17,14,43,39,39,8,23,6,25,28,25,27,21,17,28,34,18,35,40,38,23,23,34,54,55,17,26,19,32,30,37,45,41,17,32,40,14,27,21,31,41,34,27,53,20,26,34,26,33,26,21,29,36,31,48,32,30,33,41,19,33,36,45,35,31,41,33,32,50,9,27,36,22,40,44,29,44,34,35,39,26,58,36,31,25,30,30,30,31,31,37,40,34,46,28,32,32,30,37,42,29,41,33,26,30,32,40,30,32,37,32,30,38,30,26,25,30,24,13,32,25,28,40,33,35,29,35,37,29,30,0,28,35,55,44,39,36,25,31,41,31,37,30,26,32,38,39,39,30,41,33,31,63,29,27,43,37,29,27,35,28
23,27,27,22,33,33,33,23,35,27,31,13,37,41,6,40,37,27,31,34,36,30,38,40,29,44,32,30,43,34,43,47,35,28,33,29,31,28,31,28,33,36,26,27,45,29,31,31,40,31,39,38,44,26,29,37,42,36,34,30,30,30,43,36,36,29,28,34,34,29,37,33,25,39,38,34,31,31,28,28,36,43,38,36,39,36,24,33,35,24,34,24,32,10,36,37,29,27,28,25,31,51,20,27,29,14,51,23,39,43,37,24,40,29,35,32,32,31,42,38,49,25,31,37,22,27,35,31,40,33,28,34,34,26,35,16,28,38,31,30,32,36,34,31,25,33,36,24,33,35,35,45,31,40,40,33,16,28,0,41,40,41,25,25,26,18,29,35,41,29,50,37,45,34,38,34,31,39,29,43,33,26,21,35,38,37,30,33
32,26,24,36,10,48,25,34,21,31,32,37,43,16,34,43,17,33,13,37,28,33,48,54,29,13,44,33,38,46,34,32,45,22,31,25,30,30,16,23,28,20,37,32,16,43,29,33,29,20,42,47,31,37,24,34,31,50,49,27,33,17,34,30,16,31,38,46,23,15,44,26,26,46,22,11,32,30,29,31,16,41,32,21,54,46,29,20,27,50,52,35,48,35,31,43,35,25,35,30,45,48,38,45,32,41,41,37,49,36,22,24,13,29,22,15,39,45,25,19,39,48,29,16,38,26,35,27,13,23,40,22,43,31,14,45,41,21,9,21,8,39,25,10,26,23,21,24,29,28,26,33,27,26,12,15,36,35,41,0,46,36,31,32,39,40,35,21,13,28,42,20,34,38,39,19,35,24,30,49,9,24,35,40,21,19,46,30
38,44,46,29,50,52,42,48,55,45,42,45,24,55,35,26,51,49,42,44,37,41,39,41,47,45,32,45,41,49,29,50,53,45,48,52,38,47,48,41,47,57,36,40,44,34,39,44,48,37,7,18,43,47,44,44,41,41,39,46,45,48,46,50,39,45,36,34,41,48,27,40,45,44,39,47,47,48,42,39,48,21,51,47,46,43,43,48,55,28,34,47,16,33,39,31,40,46,44,45,29,54,41,29,46,46,34,26,31,45,46,47,45,41,44,49,48,37,47,56,32,37,48,51,42,42,48,46,46,50,43,48,48,37,50,40,32,52,51,35,52,44,48,50,47,43,52,47,40,52,57,27,46,51,51,51,40,55,40,46,0,42,45,35,38,47,29,48,47,40,55,54,43,42,51,48,42,54,50,27,51,49,25,26,51,51,43,52
43,48,43,52,45,32,33,41,45,41,44,46,40,41,52,51,47,41,40,45,14,41,58,62,41,36,53,41,36,49,42,10,48,37,44,42,40,30,40,36,41,46,51,44,37,47,49,44,43,35,44,46,40,39,38,46,24,39,54,29,37,42,34,37,32,18,52,49,41,36,47,44,44,55,24,38,36,49,48,48,35,43,50,40,57,50,46,37,48,51,45,48,53,49,23,40,41,43,46,24,50,45,44,55,40,46,43,48,54,18,41,46,33,32,41,40,24,51,27,42,40,47,39,43,44,40,12,42,33,43,41,39,50,44,43,44,51,46,42,37,43,53,41,45,26,36,46,46,39,49,46,48,42,42,40,40,37,44,41,36,42,0,52,39,48,46,35,41,34,50,32,47,28,42,51,41,37,50,39,56,41,49,27,42,42,41,44,49
27,39,35,36,39,40,39,46,46,44,27,26,36,45,28,24,40,39,35,36,24,31,42,48,31,32,39,29,42,44,32,45,40,34,36,43,44,40,37,34,29,41,40,30,31,38,17,35,27,32,47,36,26,43,41,39,29,42,44,30,31,37,27,30,28,28,45,41,27,36,37,37,38,48,24,38,34,43,40,38,29,41,43,46,42,43,40,43,43,47,45,33,35,24,35,30,38,37,41,34,38,38,22,36,33,35,32,34,36,45,37,35,32,40,38,40,25,43,35,47,37,40,43,40,24,27,37,43,32,39,40,37,46,3,39,35,36,45,39,24,42,38,45,39,36,36,48,35,29,49,48,22,43,40,41,35,33,39,25,31,45,52,0,20,35,36,24,47,32,43,41,43,35,27,44,36,35,48,24,40,38,46,18,39,44,37,42,41
37,35,35,39,41,32,37,38,46,37,35,24,23,45,24,27,42,43,37,37,30,32,34,43,38,30,42,37,44,42,33,43,41,38,38,41,40,36,39,34,33,43,34,37,35,38,27,31,33,32,40,27,28,38,39,37,27,36,37,35,32,37,31,29,26,34,42,34,29,33,31,32,36,44,32,40,40,37,41,28,27,42,37,40,40,40,28,37,44,40,36,27,32,26,35,20,34,35,29,32,25,50,30,34,43,27,42,29,24,45,39,28,30,38,37,42,35,34,25,43,35,42,37,42,30,31,36,43,30,43,37,39,35,21,39,9,32,45,42,26,42,39,41,41,38,36,44,28,37,46,48,30,43,43,41,35,25,36,25,32,35,39,20,0,27,14,12,45,30,35,44,43,36,32,49,36,29,42,26,42,42,42,16,31,43,43,40,40
23,25,25,16,34,48,34,24,33,27,28,24,24,35,15,28,35,30,23,32,32,25,39,41,23,33,38,30,35,36,23,37,30,20,33,27,22,24,34,26,23,34,16,24,35,35,41,29,38,36,42,44,24,23,24,29,36,36,37,27,30,30,51,38,32,24,21,38,27,29,46,27,29,13,34,32,26,26,21,6,36,35,28,30,39,38,19,29,37,36,36,20,29,21,42,41,24,25,14,27,28,37,24,36,26,22,34,16,48,32,33,27,37,25,28,30,35,28,26,33,38,27,30,37,25,30,34,27,30,34,24,36,32,35,30,19,38,34,33,22,35,30,33,34,25,27,34,27,39,39,35,28,27,33,35,29,23,25,26,39,38,48,35,27,0,29,28,33,37,31,47,32,38,20,40,27,35,35,40,44,32,28,30,22,40,30,21,27
35,35,37,25,41,45,36,34,42,32,33,19,44,45,24,37,39,42,37,34,34,38,34,46,39,42,38,37,52,39,33,50,37,34,37,32,35,36,29,34,38,39,30,37,43,27,37,35,40,42,46,39,39,37,41,41,41,36,36,40,38,40,48,42,42,38,25,35,37,37,46,34,39,40,36,38,43,35,33,34,43,48,39,39,39,38,34,37,46,36,36,25,32,25,46,37,34,37,32,37,20,56,26,31,35,28,51,33,53,43,41,29,42,35,42,40,50,31,44,46,46,33,35,41,26,37,36,39,47,37,36,42,37,36,41,6,32,37,41,40,41,38,35,41,37,38,37,29,39,42,45,33,39,42,40,38,20,31,18,40,47,46,36,14,29,0,35,42,46,33,49,43,44,41,43,42,41,39,32,50,41,35,38,40,46,42,39,42
35,35,39,31,39,38,35,43,46,45,29,20,34,46,24,24,42,46,35,44,36,39,41,53,40,34,33,39,40,41,29,43,45,36,42,41,44,32,43,34,39,47,34,36,31,41,25,37,29,28,29,35,31,41,39,41,35,41,43,39,35,37,35,40,28,38,36,27,28,36,29,35,28,42,26,40,34,45,39,31,27,37,44,40,48,45,40,37,46,46,37,38,29,30,34,32,43,41,34,46,34,35,24,36,37,31,36,34,34,42,35,33,31,28,35,38,38,36,33,47,29,42,41,42,25,27,32,38,35,41,35,37,37,25,39,31,28,45,40,28,42,36,41,39,42,34,45,33,39,46,49,21,38,42,40,36,17,41,29,35,29,35,24,12,28,35,0,45,35,39,42,46,33,14,43,39,27,46,26,38,44,46,12,13,44,42,40,40
28,17,21,35,8,55,22,24,15,27,29,39,43,17,35,39,6,28,19,25,33,28,41,54,22,20,40,28,40,42,43,46,40,17,27,19,24,19,19,22,28,19,31,28,16,43,47,28,36,31,49,51,30,30,18,26,41,47,46,36,28,5,40,32,28,20,33,44,37,21,51,23,24,40,33,11,24,26,26,31,12,50,28,2,43,44,24,3,21,41,47,33,43,37,33,47,20,21,25,22,43,51,33,45,31,34,48,33,59,50,3,24,21,26,14,3,38,43,38,15,48,40,26,4,33,37,39,22,12,4,27,5,38,47,4,38,46,19,8,27,10,32,6,8,20,20,20,24,32,19,17,41,22,21,10,12,35,31,35,21,48,41,47,45,33,42,45,0,19,26,40,17,32,45,40,8,38,21,39,55,12,22,41,41,21,8,36,25
34,19,19,39,9,46,26,31,20,32,32,37,34,19,37,30,17,31,22,34,22,32,51,58,34,1,48,29,35,49,34,40,43,19,32,18,33,27,23,21,32,18,37,34,12,44,32,32,30,22,45,39,29,28,21,31,34,53,51,30,32,9,33,31,22,26,36,45,37,8,44,28,28,46,20,15,26,29,26,36,6,46,30,19,47,49,29,12,21,47,51,40,52,39,20,42,32,26,31,28,48,37,33,50,33,38,40,37,46,40,22,30,1,26,6,6,32,45,34,21,46,40,33,15,33,31,28,34,3,21,29,22,36,32,5,41,32,18,10,20,18,30,23,10,31,24,19,30,30,25,18,34,34,25,11,6,40,37,41,13,47,34,32,30,37,46,35,19,0,35,38,17,38,38,40,7,31,21,28,48,9,28,34,34,10,17,41,30
16,22,22,27,29,49,22,34,31,23,14,33,35,33,27,35,32,19,21,27,32,21,34,40,19,28,30,19,39,27,38,42,41,18,23,29,20,19,20,17,17,32,31,18,33,35,42,18,30,27,44,49,31,24,26,6,42,45,38,33,19,26,43,35,24,24,29,28,28,29,48,16,24,32,30,23,22,23,12,29,27,41,24,27,37,29,28,26,30,36,39,34,34,27,32,47,30,22,22,32,40,47,33,39,20,31,39,23,51,47,26,26,37,23,28,26,33,37,45,30,32,31,23,27,33,18,28,27,35,28,25,27,27,44,25,23,37,32,30,26,30,27,29,29,25,25,30,26,26,32,28,27,27,27,36,25,29,30,29,28,40,50,43,35,31,33,39,26,35,0,47,31,33,43,31,24,26,29,38,47,29,21,41,34,31,28,21,29
40,38,38,52,47,28,40,35,43,33,41,51,46,43,46,45,45,42,34,32,34,30,52,50,30,38,54,25,24,50,39,22,36,34,24,45,44,28,44,41,30,49,44,39,37,53,35,40,29,29,59,52,16,45,42,37,32,54,55,35,25,40,47,21,33,34,49,48,42,44,59,39,28,46,28,44,30,39,46,44,37,42,42,39,52,52,38,39,47,51,52,41,52,43,37,33,32,40,43,36,52,24,36,53,41,45,50,48,58,28,46,49,37,36,44,44,24,53,20,43,43,53,47,49,37,42,22,43,29,47,47,42,49,40,37,47,51,51,46,37,45,55,44,47,39,28,49,49,31,49,48,33,43,45,43,37,45,26,50,42,55,32,41,44,47,49,42,40,38,47,0,45,32,43,52,44,45,50,37,49,45,50,47,37,46,35,34,40
29,21,18,33,18,56,27,37,6,28,32,37,40,2,36,43,19,29,18,27,31,29,42,55,30,17,45,29,47,41,46,47,40,19,27,24,27,24,23,19,29,6,33,29,19,45,42,29,38,35,53,53,38,33,21,30,37,49,42,39,29,14,43,36,32,25,39,45,38,15,55,25,30,41,32,17,27,25,29,35,20,52,25,15,42,43,27,14,12,43,49,35,43,33,39,52,30,21,25,25,44,54,35,46,29,39,51,33,60,46,12,24,19,24,12,18,42,44,43,6,53,39,28,18,35,41,41,25,22,21,33,20,40,42,12,38,42,6,17,30,19,37,22,18,24,24,8,24,38,19,9,43,25,16,19,9,37,32,37,20,54,47,43,43,32,43,46,17,17,31,45,0,38,45,42,9,42,16,40,59,16,22,43,44,22,11,37,24
38,34,36,42,37,38,23,41,36,41,35,41,37,35,45,34,41,33,30,38,28,33,45,53,34,38,47,36,42,47,38,28,38,35,39,34,36,26,39,33,35,42,37,39,37,44,36,40,40,30,45,51,30,38,34,34,22,45,43,23,39,34,44,35,27,26,44,40,27,35,49,30,26,42,18,38,29,30,32,40,39,36,41,32,50,45,33,33,44,45,36,38,49,38,23,32,37,34,32,26,47,45,42,47,33,34,37,39,50,28,31,35,37,31,32,30,34,44,20,37,29,39,29,43,42,29,24,39,30,41,29,35,45,35,35,40,43,41,36,27,41,45,39,37,22,26,38,35,38,44,45,38,39,40,32,34,41,38,45,34,43,28,35,36,38,44,33,32,38,33,32,38,0,40,49,32,34,42,32,53,31,29,34,41,22,34,40,34
34,37,39,26,45,42,37,30,46,32,38,32,10,45,31,26,42,35,37,31,19,33,38,49,32,38,37,35,37,40,22,35,28,32,34,42,30,39,35,36,33,47,20,35,35,39,29,31,37,32,42,39,28,37,37,33,37,46,43,37,35,35,29,27,32,29,31,37,32,36,33,37,26,33,33,36,25,33,37,34,33,31,39,40,45,37,31,37,46,38,41,29,42,31,40,30,31,35,41,37,38,44,26,44,36,33,28,20,32,37,43,28,30,30,34,36,25,37,35,44,35,38,34,42,26,35,28,28,28,42,30,37,45,27,37,40,24,46,45,40,42,33,44,45,27,37,44,28,31,44,43,20,28,41,37,35,35,39,34,38,42,42,27,32,20,41,14,45,38,43,43,45,40,0,43,34,42,45,27,40,42,34,21,16,46,37,30,38
29,38,35,36,36,65,35,36,42,33,35,35,41,45,37,43,36,39,38,32,41,29,47,59,33,47,42,29,44,44,42,55,43,29,34,31,37,34,38,34,29,45,39,31,45,42,47,36,42,46,50,49,36,16,31,31,45,47,44,41,30,36,43,41,39,35,36,42,45,39,54,33,44,47,36,32,35,37,20,40,39,54,39,40,43,44,33,41,45,43,47,35,37,42,39,54,38,35,43,37,44,54,40,44,42,38,53,38,64,50,38,36,40,37,36,35,48,42,43,44,55,39,38,32,40,40,46,41,43,38,41,36,8,44,33,43,39,45,33,41,34,18,39,34,33,34,41,36,44,45,42,41,41,41,39,37,38,39,38,39,51,51,44,49,40,43,43,40,40,31,52,42,49,43,0,33,33,42,43,61,34,33,42,47,40,37,40,38
22,14,14,29,11,56,29,30,12,23,27,36,36,16,30,39,15,24,14,25,22,18,43,46,17,7,38,18,31,46,38,46,33,7,21,13,23,18,21,17,17,14,30,23,18,37,42,23,28,25,48,47,24,27,15,24,34,41,42,36,18,5,38,34,26,22,39,38,28,6,48,19,21,36,28,14,22,19,23,31,18,46,25,13,46,46,20,6,16,38,48,29,40,29,34,44,26,16,24,25,38,47,30,41,27,36,46,29,55,42,13,15,16,20,2,12,32,39,36,13,48,38,22,15,30,37,33,19,9,18,26,18,36,36,5,34,39,13,13,24,13,29,9,13,22,22,13,15,29,19,16,40,19,18,12,2,32,30,34,19,48,41,36,36,27,42,39,8,7,24,44,9,32,34,33,0,35,19,30,54,11,20,36,39,16,2,33,24
34,27,25,32,38,47,43,41,41,39,24,26,34,39,32,31,39,34,27,42,22,33,41,47,33,33,38,33,37,45,29,46,39,26,34,41,38,31,35,30,33,41,38,34,28,40,39,24,20,19,41,36,23,36,39,31,35,42,44,30,33,30,29,35,25,28,31,34,11,38,38,28,32,45,28,31,33,31,28,41,26,39,32,37,45,40,24,32,42,42,38,35,43,33,32,37,40,23,26,18,49,37,40,42,35,30,46,36,39,39,34,29,31,33,35,31,32,42,33,38,45,37,33,35,40,10,32,37,29,36,35,34,35,36,30,25,46,42,37,21,35,39,34,38,38,31,40,29,20,42,35,34,37,36,30,36,28,41,31,35,42,37,35,29,35,41,27,38,31,26,45,42,34,42,33,35,0,40,26,43,37,34,25,30,30,37,41,30
32,15,20,39,17,59,25,33,10,27,30,37,47,10,36,44,18,31,18,30,35,28,44,56,28,18,46,28,47,46,49,47,42,17,27,22,31,26,24,20,28,10,40,32,25,46,44,31,42,34,52,51,37,35,23,30,44,51,46,35,28,19,45,44,31,26,42,46,35,17,53,27,21,44,35,20,31,29,28,34,22,50,25,19,46,43,31,18,6,48,50,34,47,34,37,52,31,15,26,23,43,52,35,45,30,40,54,36,59,49,20,22,17,30,19,18,41,44,41,12,53,41,29,17,35,36,45,24,20,20,36,21,39,48,20,39,41,4,16,28,19,39,20,17,24,26,6,22,42,24,6,44,24,16,23,16,38,33,39,24,54,50,48,42,35,39,46,21,21,29,50,16,42,45,42,19,40,0,47,58,16,14,42,44,20,15,40,26
32,37,35,36,35,56,19,35,40,36,34,36,29,45,33,25,36,28,35,39,24,37,47,60,29,28,43,32,26,50,33,32,33,34,34,35,23,26,39,36,30,39,37,34,29,38,25,38,26,32,58,42,25,41,41,37,22,44,48,28,32,37,27,23,28,29,44,46,25,28,43,37,35,42,18,36,36,31,38,37,25,51,36,30,47,51,38,37,42,50,39,36,42,32,42,33,37,35,34,32,41,41,37,47,38,36,44,36,47,39,34,33,28,37,30,36,28,41,30,46,45,38,38,33,37,29,28,35,28,37,6,39,46,25,39,36,38,48,35,26,39,39,43,37,33,25,41,33,26,41,43,30,35,43,33,30,37,31,29,30,50,39,24,26,40,32,26,39,28,38,37,40,32,27,43,30,26,47,0,49,38,39,28,35,30,34,44,42
45,51,51,47,55,56,59,57,60,55,49,46,40,58,42,36,58,58,55,57,44,54,46,36,51,48,45,52,52,50,47,59,61,48,58,53,48,50,55,48,52,61,50,48,45,43,44,49,39,44,30,33,47,55,55,51,53,48,42,48,54,53,51,54,44,50,54,41,49,51,30,48,52,47,46,56,52,55,47,45,49,44,57,54,51,52,52,55,59,41,50,51,47,46,47,51,56,51,49,50,36,66,44,43,57,55,59,46,24,52,51,50,46,54,54,54,46,46,53,59,46,48,55,58,45,45,46,49,51,53,52,53,59,42,53,43,46,59,56,40,56,57,51,55,50,54,59,50,49,61,62,46,49,60,56,56,51,63,43,49,27,56,40,42,44,50,38,55,48,47,49,59,53,40,61,54,43,58,49,0,56,50,28,37,56,57,50,54
26,17,15,35,2,53,22,30,14,22,30,34,42,20,34,40,10,24,13,23,30,22,43,54,22,9,44,22,43,42,42,35,38,15,21,15,25,20,17,17,22,19,33,26,13,45,39,24,39,30,52,50,37,26,17,26,31,45,43,31,22,7,39,35,22,18,33,44,29,15,50,24,22,39,28,7,20,27,29,31,13,45,26,10,41,43,26,12,20,41,45,33,41,32,31,49,24,22,25,18,43,51,34,43,25,37,47,34,56,41,12,26,8,20,11,7,39,45,31,19,45,41,21,6,34,37,39,22,10,10,29,6,32,38,6,37,42,18,1,28,12,28,10,2,18,20,18,26,39,16,16,38,22,18,7,6,33,29,33,9,51,41,38,42,32,41,44,12,9,29,45,16,31,42,34,11,37,16,38,56,0,19,40,44,5,10,39,25
20,2,6,29,16,59,22,28,20,14,22,28,40,23,27,44,21,27,14,16,27,22,38,48,21,26,38,22,32,43,45,44,32,13,18,9,25,23,5,9,22,21,33,21,22,39,46,27,39,30,50,45,26,30,13,21,27,40,40,16,22,15,43,28,18,15,34,36,17,22,47,18,15,42,29,20,15,20,25,28,25,49,31,21,43,39,27,22,16,40,40,31,38,24,20,50,23,10,17,19,41,42,30,41,28,30,48,33,58,43,20,15,32,21,20,18,29,40,36,23,44,35,26,19,30,20,33,17,31,20,30,19,33,47,15,32,42,17,16,20,19,32,20,16,15,13,20,15,39,24,19,44,17,24,25,19,26,27,26,24,49,49,46,42,28,35,46,22,28,21,50,22,29,34,33,20,34,14,39,50,19,0,46,38,21,15,37,31
33,35,41,41,39,36,35,43,45,42,31,8,36,45,20,28,44,43,41,45,34,41,42,45,43,34,27,41,41,42,35,46,42,34,43,35,43,32,43,36,42,46,36,37,31,35,27,35,31,32,25,29,35,40,39,41,36,33,41,37,41,37,31,36,28,36,44,29,27,35,15,37,34,37,22,40,36,43,39,33,27,35,43,36,47,45,34,37,46,38,37,33,34,22,35,34,47,41,34,44,36,46,28,36,39,31,36,28,30,48,35,31,31,36,36,38,36,32,34,46,31,42,45,42,29,25,30,38,34,41,38,37,38,20,39,31,28,42,40,28,40,39,35,39,42,34,45,31,33,46,49,24,38,44,38,37,23,43,21,35,25,27,18,16,30,38,12,41,34,41,47,43,34,21,42,36,25,42,28,28,40,46,0,17,42,42,42,41
38,39,37,30,43,33,37,39,44,41,36,25,14,44,29,18,44,41,38,42,34,36,41,56,37,36,41,36,31,35,26,41,39,39,38,38,35,32,39,34,34,44,28,38,31,39,35,37,33,32,28,35,29,40,36,37,42,45,40,37,36,37,28,27,33,34,37,40,21,38,35,32,38,40,30,42,32,39,37,16,31,38,42,40,40,38,33,37,44,37,43,26,43,24,37,36,38,39,32,38,42,44,30,36,40,35,22,18,38,39,37,28,32,32,39,42,42,37,37,46,30,33,45,42,30,32,31,33,32,39,34,37,44,39,41,32,22,42,44,30,41,40,39,43,38,36,43,28,35,44,49,18,33,44,40,43,32,37,35,40,26,42,39,31,22,40,13,41,34,34,37,44,41,16,47,39,30,44,35,37,44,38,17,0,42,35,40,38
34,17,20,37,5,56,24,31,23,32,28,38,42,18,38,41,15,29,18,32,31,28,47,61,32,11,44,29,35,45,34,36,46,17,30,20,31,29,20,20,28,26,35,34,4,46,45,34,37,25,52,54,37,32,21,31,30,48,47,24,28,14,31,35,13,20,38,45,33,17,52,32,25,49,34,15,30,26,34,35,12,40,31,17,44,48,36,16,23,47,48,36,48,35,30,50,33,20,26,23,49,41,40,51,35,39,46,38,56,38,20,24,11,27,16,8,38,49,34,17,40,42,29,9,40,35,32,27,13,14,37,8,36,44,15,33,44,24,5,29,14,38,15,6,25,26,21,24,39,27,22,41,27,19,11,16,38,29,38,21,51,42,44,43,40,46,44,21,10,31,46,22,22,46,40,16,30,20,30,56,5,21,42,42,0,12,41,28
25,12,13,29,7,55,31,26,12,24,25,36,39,13,35,39,12,26,7,26,22,23,45,51,23,17,40,23,42,47,37,47,33,13,23,16,22,17,27,18,23,11,31,26,13,42,37,25,29,29,51,47,21,27,15,25,37,46,45,35,23,4,37,37,30,19,39,43,33,4,53,19,22,39,24,14,22,20,24,29,9,49,23,14,45,46,22,14,13,38,47,32,40,30,35,43,27,18,25,22,39,48,32,43,27,37,48,29,56,47,9,19,10,24,2,8,35,42,37,11,49,39,23,13,32,39,27,20,15,16,28,20,33,36,5,33,42,13,12,27,13,29,10,13,19,19,11,19,30,21,10,42,20,15,14,4,35,27,37,19,51,41,37,43,30,42,42,8,17,28,35,11,34,37,37,2,37,15,34,57,10,15,42,35,12,0,33,23
21,29,33,17,39,56,35,27,37,28,19,32,32,38,30,38,37,23,23,31,37,28,38,43,28,41,25,30,49,28,31,44,35,22,31,24,32,31,31,24,28,40,13,21,39,27,43,19,36,37,37,37,31,33,30,13,41,42,27,42,30,35,41,31,31,25,20,27,36,36,43,20,30,34,38,36,30,33,20,40,40,44,33,34,34,38,20,39,41,31,41,31,25,32,38,50,23,29,32,32,38,49,30,40,21,33,33,14,52,45,35,29,41,32,33,35,39,33,34,38,35,22,34,39,30,36,37,32,42,38,29,36,38,42,35,32,34,39,39,41,37,33,38,39,34,32,40,29,25,43,39,25,32,39,39,33,29,35,30,46,43,44,42,40,21,39,40,36,41,21,34,37,40,30,40,33,41,40,44,50,39,37,42,40,41,33,0,36
27,25,24,32,26,56,23,28,23,22,27,33,35,29,31,39,29,21,24,25,34,25,46,51,23,31,43,23,44,44,41,45,35,23,22,27,27,24,33,20,24,22,33,26,31,42,44,20,38,28,46,45,31,30,23,23,38,46,46,31,23,22,49,31,28,22,38,43,28,26,46,18,27,40,31,25,21,19,22,35,29,42,4,25,46,44,22,26,28,41,46,32,41,30,41,49,22,24,29,27,37,53,34,40,30,36,44,32,54,42,27,24,31,18,24,25,40,38,29,32,40,38,25,29,34,35,38,24,32,28,30,29,37,41,22,34,41,24,26,28,28,32,30,27,27,23,25,24,36,24,23,38,24,22,26,26,33,28,33,30,52,49,41,40,27,42,40,25,30,29,40,24,34,38,38,24,30,26,42,54,25,31,41,38,28,23,36,0
