0,26,28,19,31,49,29,24,32,24,10,29,29,36,23,27,32,18,26,25,26,24,22,42,24,32,26,24,40,34,27,42,36,19,23,25,23,26,31,17,24,37,17,4,29,38,42,20,34,31,45,45,31,33,23,18,36,44,24,39,24,32,43,32,17,20,21,26,34,31,45,14,20,34,30,27,18,21,27,27,27,33,26,23,28,34,19,31,32,28,44,31,28,23,37,47,20,26,23,24,34,45,23,34,26,27,37,19,45,46,27,22,32,16,27,31,34,40,32,36,35,17,19,33,24,36,36,27,33,33,27,21,36,36,32,27,25,37,32,27,32,33,29,31,22,22,32,22,36,32,30,31,27,29,33,28,29,30,31,38,38,42,35,33,27,35,35,31,32,18,47,30,38,37,36,27,32,36,38,45,32,22,35,37,34,28,23,25
26,0,4,33,21,49,25,30,19,26,30,31,33,21,25,35,16,28,14,32,25,24,42,48,26,26,44,24,42,42,35,39,36,15,24,17,27,23,22,17,24,21,33,29,18,40,40,28,29,19,42,44,30,32,15,25,33,42,42,25,24,16,41,34,23,21,33,44,32,21,42,28,23,38,25,20,21,23,28,29,20,43,29,16,44,42,26,21,21,42,46,32,42,29,25,43,26,16,19,19,34,52,27,34,25,27,43,33,47,39,21,19,25,21,19,20,31,42,33,23,45,37,25,21,27,25,33,24,28,22,29,21,38,37,19,33,35,23,20,17,19,38,15,21,19,21,23,19,27,20,17,35,24,17,19,13,31,30,29,28,42,41,37,35,29,39,33,24,26,25,37,20,35,33,38,19,25,22,38,47,18,10,33,35,17,13,37,28
28,4,0,31,19,51,25,32,17,26,28,33,33,21,27,35,16,27,14,32,27,26,40,50,28,17,42,26,41,42,37,39,38,13,26,17,27,22,22,15,26,22,31,27,19,42,40,28,29,21,44,46,32,34,13,29,31,44,40,27,26,17,40,36,21,23,35,42,34,20,44,26,23,40,23,20,21,21,30,31,19,43,28,17,42,42,26,23,22,40,48,32,40,31,27,45,28,18,22,21,38,48,29,36,27,29,43,31,49,35,19,23,19,21,18,18,33,42,33,20,45,35,23,23,29,27,35,24,22,20,29,21,34,39,19,35,37,21,17,19,23,34,18,19,21,19,22,23,27,20,19,35,24,19,25,15,33,32,31,28,42,41,39,37,31,39,35,22,17,29,39,21,33,35,38,18,27,20,36,49,16,12,35,37,21,11,35,27
19,33,31,0,36,51,30,34,37,31,17,31,18,41,24,16,36,21,29,34,26,28,28,45,28,37,25,28,45,24,12,47,41,28,31,33,27,27,35,22,28,41,4,24,34,33,39,25,40,34,45,44,34,32,27,21,42,39,27,37,28,37,43,44,26,24,6,23,34,37,45,24,18,37,27,32,17,26,32,26,32,22,32,30,26,23,24,36,38,16,37,26,18,24,33,45,31,30,33,25,34,54,26,34,26,26,24,6,48,47,33,29,37,19,32,36,39,33,38,41,24,22,26,39,27,41,39,31,37,38,30,27,43,37,37,30,12,41,37,35,37,40,32,36,27,25,37,29,42,37,35,20,31,35,37,33,31,34,33,42,32,45,37,36,26,36,37,36,37,21,47,34,42,38,45,32,37,40,40,48,37,31,37,34,39,33,18,33
31,21,19,36,0,56,27,36,17,30,34,34,44,22,34,44,6,30,20,32,34,32,48,54,32,16,48,27,44,46,44,42,42,23,32,23,31,27,29,25,32,23,39,34,17,43,46,31,31,30,53,53,39,34,21,28,40,48,48,38,32,8,42,38,30,24,35,48,39,19,53,32,25,43,32,17,27,27,28,34,19,52,31,20,48,46,27,16,22,48,48,39,48,35,36,50,32,21,25,26,44,48,34,43,32,37,52,39,58,42,6,26,12,27,19,10,42,47,42,21,52,43,29,12,34,35,42,30,14,14,33,12,34,44,7,37,44,22,10,30,10,36,16,10,26,25,20,26,31,22,20,44,30,16,20,17,39,38,37,18,53,42,44,44,34,47,44,14,11,28,44,20,40,44,38,19,35,22,39,58,2,22,44,44,19,11,43,31
49,49,51,51,56,0,50,51,59,55,53,44,47,60,48,45,52,55,53,55,42,48,59,62,47,46,59,48,40,59,47,33,52,48,51,52,48,52,55,50,48,58,51,50,47,53,50,51,41,44,45,59,43,55,56,45,41,52,57,38,48,46,59,47,50,47,54,61,43,50,49,53,55,54,45,50,52,57,55,47,45,43,52,51,61,59,56,53,57,59,53,50,57,48,40,26,59,49,46,52,57,44,50,57,47,51,43,49,52,33,54,47,42,52,49,52,36,55,43,58,45,56,57,51,50,39,36,51,43,58,52,56,65,36,53,53,43,58,50,46,53,62,55,54,50,50,55,47,37,58,53,49,51,52,59,46,39,49,40,53,57,35,36,46,47,47,32,60,46,45,34,54,39,39,66,49,39,59,49,51,50,55,36,37,48,50,54,51
29,25,25,30,27,50,0,32,30,19,23,34,39,27,26,37,29,22,25,31,25,29,41,47,25,30,39,29,40,38,37,47,42,26,27,13,27,19,27,20,29,31,28,26,31,37,38,28,32,18,42,47,28,31,15,33,37,47,41,32,29,23,42,32,32,23,31,39,32,33,42,24,17,40,29,24,19,14,34,27,33,45,30,24,37,38,26,27,28,36,45,32,36,28,35,42,28,25,23,23,38,46,28,38,28,37,47,26,50,45,30,24,33,21,24,26,33,39,37,29,47,36,18,27,30,36,31,25,36,24,32,30,37,39,25,35,37,29,29,25,31,34,22,27,25,23,29,24,34,28,29,41,25,28,30,25,30,35,36,31,46,45,38,39,29,36,34,26,30,31,43,29,35,36,34,24,34,29,34,50,29,20,34,34,30,25,31,31
24,30,32,34,36,51,32,0,36,28,33,35,33,43,34,31,34,27,33,27,29,25,43,51,23,32,45,25,39,40,33,44,34,32,29,38,35,35,34,30,25,41,35,26,31,45,30,33,36,29,45,45,24,36,31,35,37,44,45,27,25,32,45,34,31,32,32,45,30,32,45,28,34,43,31,37,34,33,33,36,29,41,34,33,39,40,33,30,41,42,43,33,42,32,30,46,10,30,31,32,42,49,36,43,31,33,40,36,48,46,33,30,28,34,28,37,39,47,39,41,40,40,27,32,36,34,39,30,32,34,30,33,48,32,36,31,31,44,32,31,34,45,32,34,32,34,35,30,36,38,37,32,30,36,32,29,30,23,31,35,43,44,31,31,35,37,31,32,32,35,39,36,37,32,47,28,32,43,42,48,32,34,31,32,28,29,32,32
32,19,17,37,17,59,30,36,0,34,35,43,49,22,40,49,17,36,23,36,38,36,49,59,35,26,49,36,49,49,48,48,42,25,36,26,34,30,24,25,36,21,41,35,25,50,48,34,35,35,57,57,41,37,25,33,41,54,49,36,36,14,42,42,35,32,42,49,40,22,58,33,32,49,36,21,32,31,33,40,25,53,27,21,49,49,32,22,20,50,54,41,50,40,35,51,35,23,31,33,50,55,40,49,31,43,53,41,63,49,21,32,25,32,24,21,44,50,42,21,53,44,33,19,40,37,44,32,25,17,39,21,44,47,15,42,48,21,18,35,21,42,16,19,33,30,20,32,35,10,15,49,32,6,28,17,42,38,43,29,58,48,47,48,40,48,48,18,26,33,49,16,41,48,46,24,37,19,43,63,15,25,49,48,23,16,45,28
24,26,26,31,30,55,19,28,34,0,26,28,37,30,33,39,28,26,30,17,32,25,44,50,25,34,39,25,45,35,35,49,35,27,23,25,22,26,27,27,25,31,27,30,33,36,37,22,39,36,48,50,34,25,24,33,43,37,42,38,25,30,41,38,34,26,29,39,36,31,48,30,23,39,34,31,21,22,26,30,33,49,31,31,39,35,31,29,33,35,41,24,37,31,40,47,30,26,25,24,42,52,33,42,24,30,49,29,55,51,31,24,32,23,28,29,41,38,41,29,49,37,21,34,33,37,40,22,34,33,32,31,37,39,28,34,35,31,32,32,34,38,30,30,26,23,31,24,37,33,32,37,22,31,33,29,30,28,30,35,47,51,39,41,28,43,39,31,34,29,48,32,42,39,38,28,37,33,35,55,30,26,39,37,34,29,30,30
10,30,28,17,34,53,23,33,35,26,0,31,31,35,21,29,32,14,24,29,31,27,26,44,22,32,28,27,38,36,29,40,39,23,25,31,20,20,33,15,27,36,23,12,28,35,40,16,32,29,46,42,29,35,25,22,42,45,26,39,27,32,44,32,20,24,23,28,31,30,46,12,22,36,34,26,18,19,26,23,26,37,24,25,22,36,23,31,33,30,41,32,30,23,35,45,25,26,22,24,35,47,21,33,24,27,33,21,47,44,28,19,31,18,26,30,36,37,38,35,33,21,23,33,23,30,34,27,31,33,25,22,36,36,32,25,29,36,32,26,31,39,29,30,24,24,33,19,30,33,29,27,27,30,32,27,31,33,33,39,40,42,35,31,25,39,37,29,32,18,43,32,40,35,40,26,32,36,37,47,32,26,37,35,35,27,23,26
29,31,33,31,34,44,34,35,43,28,31,0,39,41,24,37,32,34,31,33,30,28,40,48,28,41,40,28,44,36,41,51,42,30,33,35,32,34,33,32,28,39,31,30,31,36,39,29,39,34,32,44,35,39,31,35,41,40,36,35,28,35,40,36,38,24,30,40,36,37,26,33,33,33,27,38,31,30,37,23,33,43,38,34,38,36,40,39,38,36,44,32,36,24,37,40,37,27,24,28,32,56,26,34,27,23,47,31,46,51,34,21,40,29,33,36,41,40,43,40,45,33,32,36,26,41,41,29,40,39,34,38,44,23,34,21,41,41,34,32,36,38,36,34,26,25,40,21,41,42,36,41,29,39,40,35,7,33,5,39,47,47,20,32,23,37,18,39,41,31,50,37,41,33,41,33,42,39,42,46,34,34,12,35,36,34,31,37
29,33,33,18,44,47,39,33,49,37,31,39,0,47,27,4,43,30,37,41,24,35,38,53,34,36,35,35,46,30,8,49,43,34,38,41,34,37,43,30,35,47,20,30,33,42,30,33,37,30,38,37,28,43,37,29,28,38,29,34,35,42,37,37,24,31,19,33,30,39,38,32,30,36,26,38,27,42,45,36,31,16,40,36,36,31,32,42,44,29,44,34,26,32,35,43,41,36,40,36,37,55,31,35,38,30,14,18,40,50,40,36,36,25,38,42,28,42,22,47,20,34,38,47,32,34,30,38,37,46,37,34,45,28,41,32,12,47,44,33,47,50,40,44,34,31,42,36,35,45,41,4,38,43,40,39,37,33,33,42,18,47,27,26,34,32,27,44,36,29,49,40,30,28,46,38,34,46,43,40,44,39,27,28,42,39,26,40
36,21,21,41,22,60,27,43,22,30,35,41,47,0,38,46,21,37,23,38,29,38,47,57,38,24,48,38,47,47,46,48,42,23,37,24,33,26,28,23,38,15,38,33,18,50,47,33,41,29,56,56,32,41,26,35,41,55,47,35,38,24,47,41,32,32,43,48,33,28,56,31,30,49,37,21,32,27,33,39,19,50,32,22,48,47,29,20,9,47,55,38,47,39,35,50,36,22,29,34,47,53,39,47,34,45,50,38,61,44,25,30,21,32,24,21,37,49,39,4,50,41,29,26,39,41,37,30,27,21,38,23,42,47,24,44,46,6,21,32,27,41,20,22,34,34,8,30,41,22,12,46,30,24,24,17,45,35,45,21,55,48,47,47,39,49,47,20,24,35,43,20,41,47,42,24,41,15,45,61,21,22,47,47,19,22,42,32
23,25,27,24,34,48,26,34,40,33,21,24,27,38,0,28,37,34,27,32,31,29,33,39,29,37,35,29,43,33,32,49,39,26,33,30,24,30,34,26,29,39,24,25,29,32,38,27,42,34,40,34,31,39,34,31,40,36,29,36,29,35,46,39,33,27,26,35,36,35,40,28,33,30,29,36,29,26,36,21,31,34,32,25,33,33,34,35,38,33,40,26,33,10,31,44,35,25,25,29,20,53,4,14,29,2,36,22,38,50,28,25,37,27,30,34,37,36,42,40,36,24,30,35,7,44,39,29,38,38,33,32,41,33,35,16,32,39,37,29,35,44,35,34,27,23,36,25,44,39,32,30,29,34,40,31,24,32,26,41,41,47,32,22,19,30,30,38,37,29,50,35,42,33,40,30,40,40,37,38,37,27,30,31,39,31,28,31
27,35,35,16,44,45,37,31,49,39,29,37,4,46,28,0,43,29,37,43,22,35,37,53,34,36,35,35,46,30,10,48,44,34,38,41,34,37,43,30,35,47,18,28,33,42,29,35,37,30,37,36,28,44,37,31,30,38,31,35,35,42,41,37,24,29,21,33,30,39,37,32,30,38,24,38,27,42,45,34,31,14,40,36,34,31,34,42,44,29,44,34,26,32,36,41,41,36,40,36,37,51,29,35,40,28,12,16,38,50,40,36,36,23,38,42,30,42,24,47,18,34,40,47,31,34,28,38,37,46,37,34,45,27,41,32,10,47,44,33,47,51,40,44,32,29,42,36,35,45,41,8,38,43,40,39,35,31,31,42,18,46,25,24,34,30,25,44,36,27,50,40,28,28,45,38,32,46,41,38,44,39,25,26,42,39,26,40
32,16,16,36,6,52,29,34,17,28,32,32,43,21,37,43,0,29,18,29,34,30,44,54,32,16,44,30,44,44,40,44,42,21,29,25,29,25,27,21,30,21,35,30,17,46,44,29,34,32,53,51,39,32,21,26,40,47,44,38,30,11,42,38,28,25,35,44,37,20,51,28,26,44,30,11,24,27,26,35,15,50,30,20,44,44,27,17,19,44,47,35,44,35,36,52,32,20,26,23,44,50,34,43,29,37,50,35,56,42,10,26,15,24,17,13,42,45,42,19,50,39,29,16,34,30,40,28,17,12,33,10,34,42,10,37,40,21,11,28,12,34,14,12,23,22,19,26,34,21,15,42,28,13,22,20,39,36,34,15,51,44,42,42,35,43,44,12,16,26,46,18,38,44,38,17,30,20,39,56,4,19,42,44,18,14,39,30
18,28,27,21,30,55,22,27,36,26,14,34,30,37,34,29,29,0,24,25,24,27,32,51,25,26,31,27,36,33,27,38,37,25,28,25,23,24,31,19,27,37,19,19,24,34,44,15,39,25,49,45,30,35,21,20,32,42,34,33,27,31,43,32,15,18,18,31,33,28,49,13,14,40,30,27,12,14,24,31,22,33,24,29,30,33,20,30,34,29,37,30,29,28,31,46,29,27,24,18,37,47,26,37,34,27,33,19,50,42,26,25,29,10,28,31,32,36,28,37,31,28,16,34,26,38,32,26,29,32,28,20,41,38,29,27,27,37,30,24,34,38,33,29,16,16,34,25,39,28,28,27,26,31,25,29,31,31,33,33,39,38,38,36,31,39,40,28,26,22,42,30,32,39,42,28,38,36,40,50,30,29,40,37,27,29,24,26
26,14,14,29,20,53,25,33,23,30,24,31,37,23,27,37,18,24,0,28,21,30,38,48,24,23,36,30,37,40,39,39,39,13,26,21,23,16,14,13,30,22,29,25,17,36,39,24,33,21,46,46,28,30,21,23,35,46,38,23,30,17,42,28,23,17,33,36,24,20,44,21,23,36,29,20,25,25,30,27,15,47,27,16,36,40,22,22,23,38,42,30,38,27,27,41,28,12,18,19,38,50,27,36,17,31,47,29,53,39,20,19,22,25,14,20,27,36,35,23,47,33,27,19,27,33,27,19,26,23,30,20,39,31,21,31,39,23,18,21,21,40,17,23,19,25,22,19,31,24,21,41,19,19,20,17,31,33,31,27,50,41,31,37,27,41,37,21,23,23,37,22,35,37,41,14,33,23,38,53,15,14,35,37,19,19,33,26
25,32,32,34,32,55,31,27,36,17,29,33,41,38,32,43,29,25,28,0,26,7,44,50,7,34,40,7,40,43,39,47,33,30,4,36,33,31,32,28,7,38,30,28,32,38,40,30,32,30,52,51,33,32,30,28,38,41,42,38,7,29,44,37,33,23,30,40,38,26,52,30,25,41,28,33,25,26,32,32,30,49,30,30,40,43,31,34,33,39,38,24,41,30,38,47,24,30,31,23,42,50,32,41,31,32,49,32,56,49,31,27,25,25,20,33,36,36,38,37,49,37,27,32,32,34,34,23,26,36,33,31,41,43,32,33,39,39,27,34,32,36,33,32,23,25,36,27,30,36,32,41,23,30,40,22,34,27,36,36,52,49,43,42,30,41,43,36,34,28,44,31,36,43,37,20,36,36,36,56,23,33,43,41,32,22,34,29
26,25,27,26,34,42,25,29,38,32,31,30,24,29,31,22,34,24,21,26,0,22,34,46,20,25,37,22,30,42,31,34,33,23,25,28,32,26,31,21,22,29,32,28,19,41,34,31,27,19,38,42,14,34,31,32,16,40,32,27,22,28,35,23,19,7,30,37,19,24,36,25,24,39,12,28,23,31,29,31,15,34,35,23,37,42,22,34,34,39,42,33,39,31,29,36,22,24,27,16,37,41,31,37,31,28,34,32,44,36,29,21,24,19,24,30,8,42,14,29,36,29,33,33,31,31,12,27,25,38,30,28,44,26,31,30,31,33,30,21,35,38,28,34,12,21,33,21,29,36,29,31,27,37,34,27,26,25,27,30,36,34,24,32,33,38,26,36,25,32,32,33,20,28,38,24,29,36,30,44,30,27,24,32,28,25,31,33
24,24,26,28,32,48,29,25,36,25,27,28,35,38,29,35,30,27,30,7,22,0,37,50,1,32,40,1,28,40,37,42,17,26,5,32,24,26,27,24,1,33,29,21,30,39,40,25,18,23,44,48,7,36,25,29,33,41,35,28,1,26,43,22,28,23,31,40,24,27,47,23,25,41,29,29,23,23,29,32,28,45,26,28,36,40,26,31,34,38,45,29,38,27,27,44,13,24,26,21,38,41,31,38,22,29,47,29,51,41,30,24,22,23,16,29,29,41,33,34,47,32,25,28,31,24,29,24,22,33,31,30,39,37,30,31,37,33,22,27,30,33,29,30,21,23,31,24,20,34,32,41,24,27,34,17,25,11,30,36,48,42,37,39,32,35,35,33,32,25,38,32,33,35,38,16,24,35,37,51,22,29,38,35,24,17,29,25
22,42,40,28,48,59,41,43,49,44,26,40,38,47,33,37,44,32,38,44,34,37,0,38,40,46,24,40,48,34,32,51,39,33,42,39,39,38,45,31,40,51,33,26,43,36,48,32,47,46,42,40,40,44,37,30,40,44,18,42,40,46,53,46,32,36,34,24,47,45,42,28,34,35,40,41,32,35,43,37,41,43,41,37,18,32,35,45,46,28,44,42,28,37,46,54,35,40,38,38,28,58,35,28,36,36,47,31,43,51,41,38,46,32,41,45,38,38,34,50,45,17,35,47,36,43,40,43,47,47,42,35,51,42,46,44,34,51,46,42,46,41,43,45,38,38,46,38,43,46,44,36,43,43,47,42,40,45,40,52,38,51,42,40,39,39,40,45,46,34,56,44,42,42,45,41,45,50,40,43,46,36,38,42,48,42,31,40
42,48,50,45,54,62,47,51,59,50,44,48,53,57,39,53,54,51,48,50,46,50,38,0,48,55,34,48,63,45,48,65,57,45,48,45,49,51,51,47,48,59,47,45,49,46,57,42,57,53,48,45,52,52,49,44,53,48,42,57,48,54,62,56,48,46,48,34,57,54,44,47,50,46,46,55,46,43,55,41,51,55,53,44,38,46,49,55,58,42,51,48,42,41,59,57,56,48,44,46,40,67,41,36,44,44,61,45,48,65,47,48,56,46,51,53,55,48,57,60,57,37,43,54,42,53,55,49,57,57,51,51,59,52,54,48,50,59,56,49,54,59,54,54,46,42,55,48,53,58,53,54,49,53,59,52,52,54,48,60,51,65,52,47,41,53,50,57,55,48,64,53,53,54,61,51,57,60,47,48,56,46,46,54,58,52,47,52
24,26,28,28,32,47,25,23,35,25,22,28,34,38,29,34,32,25,24,7,20,1,40,48,0,30,42,1,32,42,38,41,26,26,15,32,23,26,29,24,1,34,31,27,28,39,39,23,18,23,43,47,16,36,25,29,32,40,35,27,1,25,42,23,28,23,32,42,22,25,46,27,25,41,28,29,23,23,33,32,26,44,28,28,40,42,28,29,35,40,44,29,40,27,26,43,16,24,26,21,38,47,31,38,24,30,46,31,50,40,27,24,20,23,16,29,28,41,32,35,46,32,23,30,31,24,28,24,20,35,32,27,39,36,30,32,38,38,22,27,32,33,29,30,21,23,31,24,20,33,31,40,24,27,33,17,28,20,33,29,47,41,36,38,32,36,34,35,30,25,37,30,32,34,38,16,23,36,38,50,22,29,37,34,22,17,33,27
32,26,17,37,16,46,30,32,26,34,32,41,36,24,37,36,16,26,23,34,25,32,46,55,30,0,48,34,39,45,34,34,43,22,32,26,31,26,25,20,34,20,37,32,8,43,38,32,21,22,47,45,29,30,25,29,28,45,47,26,29,7,37,33,22,29,37,47,29,18,44,31,31,43,24,14,29,30,28,35,10,40,28,23,48,45,29,27,21,46,45,37,47,34,24,38,33,23,26,27,43,45,35,43,31,34,40,38,50,36,14,28,1,29,22,15,34,47,30,22,40,42,30,15,35,25,34,30,5,24,32,18,37,35,11,34,34,20,11,22,18,35,20,11,27,24,25,28,21,23,19,36,30,19,13,14,37,33,33,11,45,34,35,36,34,43,38,26,9,29,38,19,28,38,41,22,25,17,32,50,12,26,35,38,9,10,42,30
26,44,42,25,48,59,39,45,49,39,28,40,35,48,35,35,44,31,36,40,37,40,24,34,42,48,0,42,54,28,27,52,46,35,42,43,36,36,47,31,42,50,25,28,43,34,47,28,44,44,45,43,43,47,35,24,45,39,23,51,42,46,49,48,32,36,27,6,46,45,45,30,30,32,39,41,28,31,38,37,41,39,40,39,20,28,29,45,47,20,38,38,18,33,53,53,39,42,39,34,32,63,31,32,40,37,43,23,49,52,42,41,46,32,42,45,43,34,39,50,39,19,35,47,32,46,45,42,46,47,38,36,46,43,46,37,29,50,46,44,46,50,43,45,38,38,45,41,46,47,44,33,42,44,46,43,45,45,43,53,38,50,43,37,37,42,43,45,46,26,53,45,47,43,51,42,41,49,42,47,46,40,41,41,49,43,25,42
24,24,26,28,27,48,29,25,36,25,27,28,35,38,29,35,30,27,30,7,22,1,40,48,1,34,42,0,29,44,39,41,16,27,5,32,26,28,29,24,13,33,30,22,33,41,38,27,18,28,42,48,7,36,25,28,36,41,37,32,13,28,43,20,29,25,35,42,24,31,45,23,29,42,30,29,25,21,29,32,33,45,31,31,42,44,26,34,36,40,47,27,41,30,31,44,7,24,27,23,40,44,31,38,25,31,45,32,51,41,33,26,30,23,22,28,33,43,36,33,47,34,25,27,31,24,33,26,33,33,31,33,39,35,27,35,39,34,28,30,30,33,27,30,21,23,32,26,20,33,33,39,26,30,35,27,33,11,32,36,46,41,35,39,31,37,33,33,29,30,37,33,36,31,38,22,24,36,37,51,30,27,36,35,31,28,35,30
40,42,41,45,44,40,40,39,49,45,38,44,46,47,43,46,44,36,37,40,30,28,48,63,32,39,54,29,0,42,45,28,36,41,36,43,38,38,44,38,28,47,47,35,36,39,44,38,26,29,43,47,19,43,39,40,29,39,45,29,28,37,38,25,34,36,40,46,27,31,45,35,38,45,33,41,38,38,37,44,34,42,41,41,45,42,34,42,46,48,39,40,49,43,29,38,46,38,37,36,43,36,41,43,41,37,42,45,51,28,45,37,27,38,30,41,25,40,29,47,42,47,42,43,41,30,27,38,28,48,47,45,51,44,44,40,49,49,34,35,45,46,49,44,36,38,44,37,26,49,44,47,38,40,47,32,34,43,43,43,47,33,44,45,46,38,44,48,37,39,24,44,29,43,53,30,30,48,47,51,34,38,46,43,29,32,48,44
34,42,42,24,46,59,38,40,49,35,36,36,30,47,33,30,44,33,40,43,42,40,34,45,42,45,28,44,42,0,29,50,46,35,42,41,38,37,45,35,40,50,20,37,43,34,48,32,45,44,45,46,42,47,37,34,36,40,28,45,40,46,52,43,40,36,29,27,47,48,45,37,33,35,37,41,31,40,42,40,43,39,40,39,30,4,37,45,48,20,39,38,20,31,45,53,42,40,41,36,36,63,35,36,36,37,44,22,47,51,42,37,48,33,43,43,39,36,34,50,42,32,38,48,36,43,41,41,48,47,41,40,48,42,44,37,25,50,48,44,48,55,41,46,38,35,46,37,45,46,46,37,41,44,44,44,44,40,40,50,33,50,42,38,38,39,44,43,45,34,51,44,38,45,52,43,41,50,43,45,48,40,38,45,50,44,29,41
27,35,37,12,44,47,37,33,48,35,29,41,8,46,32,10,40,27,39,39,31,37,32,48,38,34,27,39,45,29,0,49,42,34,38,39,33,33,43,28,35,47,14,28,33,38,31,27,35,34,38,37,30,39,33,22,26,42,31,35,35,42,43,38,26,31,11,31,36,39,38,30,24,40,26,38,21,36,41,34,31,18,38,36,33,26,32,42,44,23,40,34,22,26,36,41,39,36,39,30,39,56,33,39,36,34,20,12,40,49,40,35,36,25,38,42,26,38,20,47,20,28,36,47,34,34,28,37,37,46,36,34,47,29,39,34,6,47,44,35,45,46,38,44,34,31,43,35,35,45,41,10,37,43,40,39,39,35,35,42,24,47,29,28,36,32,29,44,36,22,50,40,28,30,47,38,32,46,43,40,44,37,29,26,42,39,22,39
42,39,39,47,42,33,47,44,48,49,40,51,49,48,49,48,44,38,39,47,34,42,51,65,41,34,52,41,28,50,49,0,47,41,45,48,44,34,45,37,43,48,48,42,37,54,48,47,29,37,49,45,41,34,47,43,26,52,48,31,43,34,48,40,35,39,47,53,34,37,49,38,44,48,32,42,41,47,42,44,35,39,47,42,50,50,44,44,45,50,47,50,50,49,27,37,44,38,36,42,49,28,47,47,45,44,39,48,53,12,42,39,30,41,41,42,28,55,30,46,39,48,49,43,47,35,26,42,31,44,42,46,56,48,35,46,48,48,42,35,45,47,46,42,42,37,44,39,31,46,43,43,42,44,45,42,49,46,51,44,45,4,48,43,46,44,50,44,30,47,16,43,28,46,56,41,33,47,41,53,38,44,50,46,40,38,50,48
36,36,38,41,42,52,42,34,42,35,39,42,43,42,39,44,42,37,39,33,33,17,39,57,26,43,46,16,36,46,42,47,0,38,15,46,44,42,42,38,17,42,40,36,39,42,39,41,26,37,49,51,16,42,39,37,38,49,44,36,17,37,45,29,40,38,42,49,33,32,50,37,39,44,39,41,39,40,39,42,37,49,40,40,45,49,38,41,40,46,47,36,47,37,36,48,35,39,40,37,46,39,41,47,36,38,49,41,55,47,37,38,33,40,30,40,34,40,38,41,47,40,38,38,41,32,34,38,33,45,43,37,42,34,43,42,41,45,34,41,42,49,45,44,38,40,45,38,28,43,43,42,38,39,44,33,39,23,43,44,52,45,34,41,40,41,36,45,40,35,41,41,38,34,45,30,31,45,42,55,34,42,39,36,32,31,42,41
19,15,13,28,23,48,26,32,25,27,23,30,34,23,26,34,21,25,13,30,23,26,33,45,26,22,35,27,41,35,34,41,38,0,27,20,21,15,17,12,27,21,26,22,21,39,42,21,36,20,49,47,29,29,14,23,33,43,35,24,27,22,39,32,20,19,28,37,31,23,45,21,19,41,27,17,21,20,27,32,21,40,25,12,37,35,23,24,22,35,43,32,35,30,28,46,29,17,23,21,35,50,28,37,23,30,40,26,50,43,21,20,26,21,17,19,29,39,31,22,40,30,22,24,28,38,27,21,29,24,28,17,39,38,21,32,34,21,22,20,24,37,18,23,21,23,21,20,38,24,21,34,21,19,30,21,34,33,32,31,43,39,38,38,32,42,40,18,27,23,41,21,31,42,35,17,36,21,35,50,23,21,36,42,27,18,30,26
23,24,26,31,32,51,27,29,36,23,25,33,38,37,33,38,29,28,26,4,25,5,42,48,15,32,42,5,36,42,38,45,15,27,0,34,28,28,27,26,9,36,32,24,31,43,39,29,24,30,43,49,12,38,27,27,37,43,39,34,9,25,42,25,33,20,35,44,29,28,46,25,22,44,33,27,24,25,31,36,29,48,29,28,40,44,26,30,31,42,47,33,41,30,33,47,5,26,28,22,42,44,35,42,23,33,48,32,52,45,30,26,25,24,18,27,35,45,37,32,50,36,27,30,35,30,35,26,25,33,30,30,39,36,32,35,40,35,21,34,32,35,29,32,22,24,29,26,26,32,28,40,26,29,36,19,29,9,28,35,47,43,36,40,35,35,34,33,32,23,40,27,37,32,38,18,29,37,36,52,19,31,37,36,22,19,33,28
25,17,17,33,23,52,13,38,26,25,31,35,41,24,30,41,25,25,21,36,28,32,39,45,32,26,43,32,43,41,39,48,46,20,34,0,30,24,23,18,32,24,33,29,25,37,39,27,35,26,43,49,27,30,8,27,33,44,39,34,32,21,38,34,28,29,34,43,30,26,45,27,29,37,25,22,27,15,28,26,29,47,28,20,45,41,27,21,24,41,46,29,41,28,32,42,35,21,18,29,37,47,30,39,29,35,49,33,50,44,24,21,29,25,25,22,34,39,36,24,49,34,17,25,30,37,36,20,34,18,33,26,36,40,21,37,41,24,27,24,27,34,20,23,27,23,24,21,35,27,26,43,20,26,27,26,33,39,37,30,49,48,40,40,26,40,34,22,26,27,42,25,35,36,32,25,35,23,38,50,27,15,36,36,28,26,36,28
23,27,27,27,31,48,27,35,34,22,20,32,34,33,24,34,29,23,23,33,32,24,39,49,23,31,36,26,38,38,33,44,44,21,28,30,0,15,31,23,32,34,27,21,30,35,43,22,36,27,50,46,38,33,25,27,40,44,37,35,32,31,39,34,27,24,29,34,35,32,48,18,26,37,34,26,25,23,31,24,30,41,27,27,36,36,23,30,31,34,41,30,32,23,35,40,32,25,22,27,39,47,26,39,25,30,41,25,52,48,30,25,30,25,25,28,42,37,38,34,41,30,23,33,27,34,39,25,31,30,12,28,38,39,29,30,35,36,33,27,33,37,27,30,27,27,30,25,34,29,29,36,25,30,27,26,34,33,34,34,45,42,38,36,24,38,40,26,29,24,47,31,39,40,38,25,34,33,36,52,33,26,38,39,36,26,31,28
26,23,22,27,27,52,19,35,30,26,20,34,37,26,30,37,25,24,16,31,26,26,38,51,26,26,36,28,38,37,33,34,42,15,28,24,15,0,21,15,28,31,25,22,26,36,43,21,36,31,50,48,30,31,15,26,32,45,36,33,28,27,43,30,25,22,28,32,30,25,48,16,16,37,28,22,18,18,27,26,26,43,28,24,34,35,20,26,24,32,40,29,34,30,31,42,30,16,18,20,40,47,30,40,27,34,43,25,54,38,26,18,25,22,22,24,30,37,30,27,43,29,25,29,31,34,30,17,26,26,20,23,35,40,25,34,32,29,28,27,29,36,22,26,24,24,27,18,34,25,23,36,17,24,26,23,36,36,36,33,46,32,40,40,24,42,42,22,24,24,38,26,32,40,35,22,34,28,38,54,28,21,40,38,31,23,31,27
31,22,22,35,29,55,27,34,24,27,33,33,43,28,34,43,27,31,14,32,31,27,45,51,29,25,47,29,44,45,43,45,42,17,27,23,31,21,0,22,26,26,40,36,27,45,45,34,32,25,51,51,35,35,21,26,39,46,47,35,26,22,40,36,33,27,39,51,36,25,49,35,29,45,31,24,27,25,34,36,27,52,29,22,51,49,28,24,26,49,50,37,49,36,37,52,30,23,26,25,43,51,36,41,30,35,52,40,54,48,28,27,23,27,25,26,40,47,42,29,54,44,25,25,36,32,42,28,23,21,34,26,41,46,25,37,44,27,25,27,23,37,21,27,25,24,23,27,32,26,23,44,28,24,24,20,37,35,33,28,51,46,46,42,36,41,42,23,27,26,44,24,41,42,39,25,30,22,41,54,25,24,40,44,24,22,44,28
17,17,15,22,25,50,20,30,25,27,15,32,30,23,26,30,21,19,13,28,21,24,31,47,24,20,31,24,38,35,28,37,38,12,26,18,23,15,22,0,24,24,20,17,19,39,42,19,32,26,45,47,28,33,14,19,33,43,29,28,24,21,39,33,10,17,22,29,31,20,47,12,13,39,27,16,15,16,25,28,17,36,27,14,29,33,17,21,21,29,43,30,29,24,24,44,28,15,20,17,37,48,28,35,23,28,38,20,50,39,18,22,24,17,16,22,27,39,27,22,38,22,20,22,28,34,27,22,27,22,28,12,35,38,23,32,28,22,23,22,21,35,16,20,19,23,23,22,34,22,20,32,22,20,28,17,30,32,34,27,39,37,38,38,28,40,36,22,25,17,39,23,33,38,35,16,32,21,39,50,23,19,38,36,27,17,24,28
24,24,26,28,32,48,29,25,36,25,27,28,35,38,29,35,30,27,30,7,22,1,40,48,1,34,42,13,28,40,35,43,17,27,9,32,32,28,26,24,0,33,31,21,30,39,40,25,24,23,44,48,7,36,25,27,33,41,35,28,1,26,43,22,28,23,31,42,24,28,47,24,25,41,29,29,23,23,29,32,28,45,28,28,40,42,26,31,34,40,45,29,40,27,27,44,13,24,26,21,38,41,31,38,21,29,47,31,51,41,30,24,22,23,16,29,29,41,33,34,47,32,23,28,31,30,29,24,22,33,31,30,39,37,30,31,39,33,22,27,30,33,29,30,21,23,31,24,26,34,32,41,24,27,34,17,25,13,30,33,48,42,37,39,32,35,35,33,32,25,38,32,33,34,38,16,29,35,37,51,22,29,38,35,24,17,33,27
37,21,22,41,23,58,31,41,21,31,36,39,47,15,39,47,21,37,22,38,29,33,51,59,34,20,50,33,47,50,47,48,42,21,36,24,34,31,26,24,33,0,40,34,19,49,42,34,40,32,52,52,34,41,26,35,40,51,48,35,33,24,44,39,31,26,42,48,34,27,53,32,27,48,32,22,31,28,31,38,20,54,27,17,48,50,33,23,14,49,52,38,49,38,35,52,32,23,29,30,47,53,37,47,33,40,54,40,58,43,21,31,18,31,24,21,37,47,43,16,54,42,30,25,37,41,37,29,23,21,41,22,41,43,22,40,46,16,21,30,25,40,21,23,30,28,13,31,40,24,19,46,29,19,27,23,40,36,44,20,55,48,43,43,38,50,43,21,24,35,41,15,40,43,42,24,41,15,38,58,20,24,44,43,19,22,44,27
17,33,31,4,39,51,28,35,41,27,23,31,20,38,24,18,35,19,29,30,32,29,33,47,31,37,25,30,47,20,14,48,40,26,32,33,27,25,40,20,31,40,0,24,34,34,39,25,39,34,46,45,33,37,27,21,41,40,29,36,28,37,45,43,26,24,8,25,33,37,46,24,18,35,27,32,17,28,31,30,32,22,32,30,29,22,24,36,38,18,38,26,18,20,32,45,31,30,33,25,35,54,26,35,28,26,24,4,48,48,33,29,37,19,32,36,38,34,37,41,24,22,26,39,27,40,38,31,37,38,29,27,42,37,37,30,8,41,37,35,37,41,32,36,27,25,37,29,41,37,35,22,31,35,37,33,31,33,33,42,32,45,37,36,28,38,37,36,37,21,47,34,41,38,43,32,39,40,41,48,37,31,37,36,39,33,18,33
4,29,27,24,34,50,26,26,35,30,12,30,30,33,25,28,30,19,25,28,28,21,26,45,27,32,28,22,35,37,28,42,36,22,24,29,21,22,36,17,21,34,24,0,29,38,42,22,35,31,46,45,31,33,25,19,38,45,28,39,24,32,42,32,20,21,22,28,34,30,46,12,21,35,32,27,19,23,28,28,27,34,26,25,29,35,21,31,31,29,44,31,29,25,37,47,20,27,24,25,36,43,25,36,27,29,37,20,47,47,26,24,32,17,26,31,36,40,34,36,35,21,20,32,26,36,38,26,33,33,27,20,37,36,32,27,26,37,32,28,32,34,30,31,23,23,32,24,36,31,30,31,26,28,33,27,30,30,32,38,39,42,35,33,28,37,36,31,32,19,47,29,40,37,38,27,33,36,38,47,32,24,36,37,34,27,24,24
29,18,19,34,17,47,31,31,25,33,28,31,33,18,29,33,17,24,17,32,19,30,43,49,28,8,43,33,36,43,33,37,39,21,31,25,30,26,27,19,30,19,34,29,0,46,32,30,30,21,38,40,28,37,23,28,27,46,46,25,28,15,35,30,19,27,37,47,28,18,40,31,27,45,17,13,25,25,25,36,4,43,28,15,47,44,27,10,18,46,48,38,46,35,25,41,30,21,27,25,43,44,35,44,29,34,43,37,45,35,6,27,8,25,20,7,31,46,31,18,43,41,28,20,35,30,31,27,10,18,29,12,39,31,16,33,33,20,17,17,24,39,11,17,25,21,21,27,30,16,18,33,27,19,14,15,34,30,33,12,42,37,31,31,36,39,29,20,8,28,31,18,27,29,39,20,30,20,27,45,17,22,31,29,10,15,41,28
38,40,42,33,43,53,37,45,50,36,35,36,42,50,32,42,46,34,36,38,41,39,36,46,39,43,34,41,39,34,38,54,42,39,43,37,35,36,45,39,39,49,34,38,46,0,40,38,45,42,40,34,40,43,39,42,44,39,31,40,38,42,52,43,46,37,37,34,43,43,38,39,40,32,40,44,38,37,45,31,40,44,43,42,35,34,43,43,50,28,17,34,26,33,40,41,44,38,35,37,24,60,36,26,27,38,46,35,40,56,43,35,43,40,40,44,43,6,46,47,44,34,37,44,35,47,43,39,43,47,39,45,48,34,41,36,39,48,44,38,45,51,42,43,39,38,45,35,47,48,44,43,39,44,50,41,39,45,36,48,41,52,35,36,33,33,39,43,43,42,54,43,44,37,47,40,43,49,44,40,44,38,37,35,47,41,34,44
42,40,40,39,46,50,38,30,48,37,40,39,30,47,38,29,44,44,39,40,34,40,48,57,39,38,47,38,44,48,31,48,39,42,39,39,43,43,45,42,40,42,39,42,32,40,0,41,39,33,36,36,35,44,39,45,41,37,43,38,38,42,37,37,36,41,42,44,34,43,36,41,47,42,33,44,44,40,50,35,35,40,46,41,47,43,44,43,48,40,42,33,40,39,40,42,43,40,38,45,42,48,38,42,43,41,38,39,44,51,43,39,38,43,38,41,40,40,42,46,38,48,42,45,38,37,40,37,39,44,45,46,43,24,43,38,31,44,46,31,47,49,44,46,44,40,43,39,39,44,43,28,37,43,43,43,38,37,33,35,38,50,26,27,35,34,27,45,38,44,46,44,41,27,41,38,36,45,39,44,46,40,27,29,42,43,41,46
20,28,28,25,31,51,28,33,34,22,16,29,33,33,27,35,29,15,24,30,31,25,32,42,23,32,28,27,38,32,27,47,41,21,29,27,22,21,34,19,25,34,25,22,30,38,41,0,36,30,48,46,33,38,25,22,39,42,32,39,27,32,42,35,26,24,24,34,36,31,48,18,23,38,32,26,19,24,33,29,27,36,20,25,34,32,25,30,33,34,42,31,34,25,37,41,33,28,24,24,38,50,25,36,20,27,34,26,51,49,28,22,33,19,28,28,37,37,37,34,34,29,19,33,25,36,39,27,33,33,26,26,36,33,29,29,32,35,34,28,33,42,29,31,24,21,32,22,36,33,29,28,27,30,30,29,29,35,31,37,42,47,33,35,29,39,35,27,31,20,48,31,41,38,40,28,34,36,36,51,34,22,35,36,37,29,27,22
34,29,29,40,31,41,32,36,35,39,32,39,37,41,42,37,34,39,33,32,27,18,47,57,18,21,44,18,26,45,35,29,26,36,24,35,36,36,32,32,24,40,39,35,30,45,39,36,0,25,48,44,14,21,37,28,35,48,45,28,19,24,39,32,31,32,30,46,17,25,48,38,37,45,29,35,34,36,37,44,28,43,36,34,47,49,36,38,40,50,46,37,48,41,26,37,40,31,36,35,44,44,42,44,32,34,45,38,47,36,36,35,20,34,24,35,37,48,37,39,45,39,37,32,42,8,37,31,20,39,37,36,39,37,26,35,27,41,30,31,36,37,39,31,35,34,33,35,4,41,34,33,31,31,35,24,39,33,40,34,44,37,37,35,44,39,39,39,21,26,41,34,35,39,43,24,12,40,29,47,30,29,39,37,29,25,42,37
31,19,21,34,30,44,18,29,35,36,29,34,30,29,34,30,32,25,21,30,19,23,46,53,23,22,44,28,29,44,34,37,37,20,30,26,27,31,25,26,23,32,34,31,21,42,33,30,25,0,39,39,19,38,24,27,27,39,43,22,28,22,36,22,18,22,34,42,19,18,41,27,25,36,23,26,27,23,28,26,19,40,29,25,43,44,26,25,30,42,37,30,42,31,24,34,25,19,18,27,37,45,28,39,24,32,38,34,46,35,26,30,16,24,19,26,27,36,27,30,38,38,25,29,28,25,27,19,16,28,32,28,42,34,29,28,36,31,26,8,29,38,28,30,24,24,28,30,23,31,24,34,19,25,32,20,29,27,31,25,45,37,34,30,27,38,30,30,20,29,33,29,27,30,40,19,25,28,32,46,26,25,32,32,24,20,36,28
45,42,44,45,53,45,42,45,57,48,46,32,38,56,40,37,53,49,46,52,38,44,42,48,43,47,45,42,43,45,38,49,49,49,43,43,50,50,51,45,44,52,46,46,38,40,36,48,48,39,0,22,39,53,47,52,37,37,42,37,42,45,50,43,41,45,49,45,43,48,6,48,50,40,37,47,47,47,50,40,42,43,53,46,42,46,49,50,51,43,43,45,43,41,39,38,55,46,42,49,34,58,42,34,41,44,44,45,35,49,47,42,39,46,45,47,44,42,41,52,45,45,48,50,41,44,42,46,40,53,53,51,57,21,52,45,38,51,49,39,52,59,47,53,48,42,52,42,42,55,50,40,46,48,53,45,25,45,26,46,34,46,22,34,41,48,14,57,45,49,50,51,39,25,52,45,43,53,45,35,49,46,20,27,47,46,41,52
45,44,46,44,53,59,47,45,57,50,42,44,37,56,34,36,51,45,46,51,42,48,40,45,47,45,43,48,47,46,37,45,51,47,49,49,46,48,51,47,48,52,45,45,40,34,36,46,44,39,22,0,43,49,51,46,38,39,40,40,48,49,48,46,37,45,48,43,40,50,20,46,51,38,38,51,48,48,53,38,40,42,50,44,40,46,53,51,53,43,38,43,43,35,40,40,51,44,41,49,22,58,32,26,49,36,39,44,25,49,45,40,45,47,48,49,42,38,42,56,40,42,49,54,31,42,44,46,46,55,46,49,55,33,50,25,37,55,53,39,54,59,52,53,48,43,51,40,44,55,47,35,46,52,49,49,45,45,38,46,34,48,34,14,39,46,38,53,45,43,49,50,40,37,54,48,41,53,42,25,53,50,34,37,51,49,41,51
31,30,32,34,39,43,28,24,41,34,29,35,28,32,31,28,39,30,28,33,14,7,40,52,16,29,43,7,19,42,30,41,16,29,12,27,38,30,35,28,7,34,33,31,28,40,35,33,14,19,39,43,0,40,33,33,33,38,36,25,7,29,36,18,28,27,32,42,17,22,40,27,32,43,22,33,27,31,36,33,25,38,30,31,38,42,33,33,36,40,42,28,40,29,24,37,34,28,30,28,39,37,31,39,35,30,38,32,46,37,33,28,19,27,20,33,29,42,33,35,40,33,37,36,30,20,29,28,20,40,30,33,41,30,36,33,34,37,29,27,38,37,33,39,28,27,34,28,16,38,35,34,28,31,37,21,29,8,30,31,41,39,30,34,33,34,28,40,29,33,34,35,33,26,40,20,17,39,32,46,29,27,31,30,27,21,30,29
33,32,34,32,34,55,31,36,37,25,35,39,43,41,39,44,32,35,30,32,34,36,44,52,36,30,47,36,43,47,39,34,42,29,38,30,33,31,35,33,36,41,37,33,37,43,44,38,21,38,53,49,40,0,32,35,38,48,47,28,23,32,40,30,36,31,35,45,30,37,54,31,35,48,39,32,37,35,22,37,37,45,31,33,43,46,33,38,40,45,48,33,45,34,28,47,21,30,31,33,45,48,35,47,39,37,44,34,56,46,38,27,27,37,29,31,34,42,38,41,43,40,35,32,35,29,32,29,29,31,37,38,36,42,35,38,38,42,27,32,30,28,37,26,33,37,41,27,25,38,36,41,29,33,33,34,40,31,41,31,51,42,42,42,37,40,44,33,37,33,42,38,36,44,34,29,27,39,43,56,28,33,45,44,31,36,33,31
23,15,13,27,21,56,15,31,25,24,25,31,37,26,34,37,21,21,21,30,31,25,37,49,25,25,35,25,39,37,33,47,39,14,27,8,25,15,21,14,25,26,27,25,23,39,39,25,37,24,47,51,33,32,0,23,34,38,39,36,25,19,40,34,22,22,28,35,30,24,49,20,24,39,26,20,22,11,30,28,27,43,27,23,37,37,19,23,23,35,44,29,35,32,36,42,28,17,20,22,41,43,32,43,29,31,43,27,54,43,22,22,25,20,21,22,37,37,35,25,43,32,13,23,32,37,39,19,30,20,33,22,36,42,19,35,35,25,23,20,25,34,19,21,20,20,25,22,39,26,24,37,19,23,25,22,29,32,33,32,45,47,42,42,28,42,38,24,25,21,43,25,36,38,32,21,37,25,37,54,23,15,40,36,25,22,30,26
18,25,29,21,28,45,33,35,33,33,22,35,29,35,31,31,26,20,23,28,32,29,30,44,29,29,24,28,40,34,22,43,37,23,27,27,27,26,26,19,27,35,21,19,28,42,45,22,28,27,52,46,33,35,23,0,36,52,40,34,30,28,41,29,16,30,33,40,37,27,52,18,14,44,35,21,11,32,14,37,26,44,25,30,40,42,13,29,30,42,50,39,40,29,32,41,30,23,28,30,46,49,35,44,26,39,46,31,59,44,29,26,28,9,24,27,37,45,32,34,46,37,28,30,35,30,39,21,31,31,29,23,37,36,29,35,37,33,31,29,30,39,26,32,32,15,31,26,30,36,28,41,21,27,33,24,33,31,35,35,50,46,35,39,37,44,37,31,30,4,45,30,38,39,36,24,26,33,41,59,26,27,39,37,34,26,35,26
36,33,31,42,40,41,37,37,41,43,42,41,28,41,40,30,40,32,35,38,16,33,40,53,32,28,45,36,29,36,26,26,38,33,37,33,40,32,39,33,33,40,41,38,27,44,41,39,35,27,37,38,33,38,34,36,0,41,41,19,35,34,39,28,29,23,39,43,28,35,41,37,28,46,10,34,25,37,35,41,27,29,35,34,47,44,28,42,41,45,45,46,45,38,19,32,43,34,29,30,42,35,37,42,43,43,31,41,51,30,30,30,32,21,34,28,14,47,6,43,31,36,39,41,38,33,18,32,33,40,38,36,45,37,35,39,39,41,40,29,41,45,36,40,26,15,40,30,34,40,38,39,32,39,39,36,36,33,43,38,43,26,37,41,40,44,33,40,32,39,30,35,4,33,39,34,36,42,21,51,40,33,35,37,38,35,41,33
44,42,44,39,48,52,47,44,54,37,45,40,38,55,36,38,47,42,46,41,40,41,44,48,40,45,39,41,39,40,42,52,49,43,43,44,44,45,46,43,41,51,40,45,46,39,37,42,48,39,37,39,38,48,38,52,41,0,38,49,38,47,54,40,46,46,42,46,39,44,41,48,45,39,41,49,45,43,50,39,45,39,51,49,48,44,49,47,54,40,38,33,40,37,45,48,54,38,43,46,36,56,38,32,43,35,42,37,45,48,44,41,42,45,42,47,48,42,47,55,43,44,40,48,38,39,44,34,43,52,48,46,58,35,50,35,41,56,46,42,48,56,47,50,46,43,52,41,41,49,49,41,34,47,53,43,31,47,39,48,37,48,34,38,39,41,28,54,48,48,50,50,41,37,58,42,39,55,42,45,44,49,28,39,45,43,39,49
24,42,40,27,48,57,41,45,49,42,26,36,29,47,29,31,44,34,38,42,32,35,18,42,35,47,23,37,45,28,31,48,44,35,39,39,37,36,47,29,35,48,29,28,46,31,43,32,45,43,42,40,36,47,39,40,41,38,0,40,40,46,51,46,32,38,32,23,47,45,42,32,36,28,42,41,34,37,41,32,41,42,42,37,24,28,37,45,46,22,38,38,19,31,44,53,39,38,40,40,28,56,27,28,38,28,44,29,39,50,41,35,46,34,41,45,43,33,39,50,44,17,37,47,29,45,39,41,47,47,42,35,48,38,46,38,32,51,46,42,46,46,43,45,40,40,46,35,45,46,44,34,41,43,47,42,36,45,36,52,32,49,38,40,32,33,38,45,46,32,51,44,41,39,47,41,45,50,38,37,46,38,36,37,48,42,26,40
39,25,27,37,38,38,32,27,36,38,39,35,34,35,36,35,38,33,23,38,27,28,42,57,27,26,51,32,29,45,35,31,36,24,34,34,35,33,35,28,28,35,36,39,25,40,38,39,28,22,37,40,25,28,36,34,19,49,40,0,31,30,40,25,24,28,36,46,23,26,42,36,38,43,35,32,36,37,40,30,21,30,32,32,42,45,38,34,36,44,44,38,44,34,4,26,38,27,34,30,44,39,33,42,31,36,30,37,48,33,32,29,26,36,28,32,19,45,19,36,30,39,38,35,33,30,21,29,27,40,37,32,47,31,33,37,33,37,34,22,37,42,31,36,30,36,38,29,28,37,30,33,29,34,35,29,36,31,35,33,41,31,31,34,30,43,35,38,28,31,29,32,21,33,47,28,30,39,32,48,34,35,33,32,32,29,38,36
24,24,26,28,32,48,29,25,36,25,27,28,35,38,29,35,30,27,30,7,22,1,40,48,1,29,42,13,28,40,35,43,17,27,9,32,32,28,26,24,1,33,28,24,28,38,38,27,19,28,42,48,7,23,25,30,35,38,40,31,0,28,43,20,29,25,35,42,24,31,45,23,29,42,30,28,25,21,30,32,33,45,31,31,42,44,25,34,36,40,47,27,41,30,31,44,7,24,27,23,40,44,31,38,25,31,45,32,51,41,33,26,30,23,22,29,33,43,36,33,47,34,25,28,31,24,33,26,33,33,31,33,38,35,29,35,39,34,27,30,29,32,27,27,21,23,32,26,20,33,33,39,26,30,35,27,33,11,32,36,46,41,35,39,31,37,33,33,34,30,37,33,36,31,37,22,24,36,37,51,30,27,36,35,30,28,35,30
32,16,17,37,8,46,23,32,14,30,32,35,42,24,35,42,11,31,17,29,28,26,46,54,25,7,46,28,37,46,42,34,37,22,25,21,31,27,22,21,26,24,37,32,15,42,42,32,24,22,45,49,29,32,19,28,34,47,46,30,28,0,41,37,24,26,36,44,35,12,47,28,25,42,28,13,21,27,29,33,11,46,29,19,44,44,24,12,20,44,49,37,44,33,32,44,32,21,24,22,42,49,32,41,30,36,46,35,52,36,13,24,6,21,19,13,36,45,36,19,46,39,29,10,32,28,36,28,10,11,30,13,32,38,2,36,38,20,5,24,8,36,18,6,22,21,20,24,24,17,18,38,28,16,17,13,36,35,33,14,47,38,38,38,33,42,38,11,13,26,36,19,36,38,36,19,28,20,38,52,5,19,38,38,13,7,39,29
43,41,40,43,42,59,42,45,42,41,44,40,37,47,46,41,42,43,42,44,35,43,53,62,42,37,49,43,38,52,43,48,45,39,42,38,39,43,40,39,43,44,45,42,35,52,37,42,39,36,50,48,36,40,40,41,39,54,51,40,43,41,0,37,35,42,49,57,33,42,53,44,42,52,35,41,41,39,41,42,36,53,44,40,53,56,41,37,47,55,54,44,53,37,36,48,46,40,40,40,53,55,42,53,36,42,52,44,59,50,38,37,37,42,40,40,36,54,39,46,52,47,43,42,43,35,35,44,34,41,38,40,53,39,42,50,37,46,39,35,42,50,40,41,41,39,43,37,33,48,38,37,44,43,37,40,46,44,44,38,54,43,39,43,42,53,39,39,36,43,50,36,35,41,48,40,35,47,35,59,42,40,39,38,35,41,50,45
32,34,36,44,38,47,32,34,42,38,32,36,37,41,39,37,38,32,28,37,23,22,46,56,23,33,48,20,25,43,38,40,29,32,25,34,34,30,36,33,22,39,43,32,30,43,37,35,32,22,43,46,18,30,34,29,28,40,46,25,20,37,37,0,29,34,35,44,17,23,43,29,36,41,29,35,34,34,36,40,28,40,35,33,39,41,32,34,40,39,36,35,39,37,25,34,41,32,32,32,37,40,38,37,32,35,38,39,50,29,39,30,21,34,24,35,27,37,28,41,38,37,38,37,39,28,25,30,22,40,43,39,44,30,38,33,36,43,28,27,39,40,35,38,32,34,39,30,26,40,38,34,30,34,41,25,32,26,32,35,46,34,30,34,40,36,32,40,31,36,25,38,27,33,40,24,30,42,33,50,28,31,34,35,23,25,28,35
17,23,21,26,30,50,32,31,35,34,20,38,24,32,33,24,28,15,23,33,19,28,32,48,28,22,32,29,34,40,26,35,40,20,33,28,27,25,33,10,28,31,26,20,19,46,36,26,31,18,41,37,28,36,22,16,29,46,32,24,29,24,35,29,0,21,28,34,27,27,39,21,24,42,19,24,22,21,27,31,17,32,28,22,35,42,20,28,28,38,45,34,38,33,20,44,26,25,29,22,40,44,27,40,29,31,30,29,42,33,25,29,22,19,25,28,25,44,25,29,30,28,25,33,27,31,25,27,23,32,25,19,38,28,27,33,24,29,30,12,33,40,33,30,19,23,27,29,31,31,27,20,27,29,26,26,35,28,33,27,31,35,28,28,32,36,30,28,22,18,33,30,29,30,42,25,31,30,33,42,30,29,30,32,28,26,32,28
20,21,23,24,24,47,23,32,32,26,24,24,31,32,27,29,25,18,17,23,7,23,36,46,23,29,36,25,36,36,31,39,38,19,20,29,24,22,27,17,23,26,24,21,27,37,41,24,32,22,45,45,27,31,22,30,23,46,38,28,25,26,42,34,21,0,28,35,26,23,41,21,10,38,17,24,14,22,22,27,16,41,25,22,35,40,17,31,27,37,45,32,37,27,30,43,21,20,23,8,36,48,26,36,22,27,41,28,49,41,25,17,26,10,20,26,13,41,21,27,43,28,22,24,25,36,17,23,26,31,31,24,42,31,24,29,36,29,22,23,26,36,26,24,4,12,32,17,34,33,25,36,23,28,28,23,23,28,25,32,41,39,29,37,29,41,31,29,29,18,37,26,27,33,36,20,34,28,34,49,22,26,29,37,25,21,30,26
21,33,35,6,35,54,31,32,42,29,23,30,19,43,26,21,35,18,33,30,30,31,34,48,32,37,27,35,40,29,11,47,42,28,35,34,29,28,39,22,31,42,8,22,37,37,42,24,30,34,49,48,32,35,28,33,39,42,32,36,35,36,49,35,28,28,0,30,36,37,49,26,17,40,26,34,17,25,32,32,32,31,34,36,31,23,26,37,42,21,38,31,21,28,39,46,32,32,35,23,38,51,32,38,32,30,33,18,51,47,33,31,37,21,34,38,37,37,36,45,33,29,25,41,32,36,37,33,37,39,29,27,45,40,33,34,19,45,37,36,39,41,38,35,27,27,42,31,37,37,35,27,33,37,35,35,30,34,33,43,35,45,40,41,34,37,40,37,37,18,49,37,40,43,45,34,32,44,44,51,37,38,40,39,37,35,22,35
26,44,42,23,48,61,39,45,49,39,28,40,33,48,35,33,44,31,36,40,37,40,24,34,42,47,6,42,46,27,31,53,49,37,44,43,34,32,51,29,42,48,25,28,47,34,44,34,46,42,45,43,42,45,35,40,43,46,23,46,42,44,57,44,34,35,30,0,46,45,45,28,32,32,40,41,30,33,41,35,41,37,40,39,18,28,29,45,47,18,38,38,20,35,53,55,39,42,39,36,32,63,31,32,36,34,41,23,49,53,42,41,46,32,42,45,44,34,38,50,39,21,34,47,32,47,46,42,46,47,39,36,48,44,46,38,30,50,46,43,46,51,43,45,38,38,45,41,47,47,44,33,42,44,46,43,46,45,44,53,36,50,44,38,33,42,44,45,46,28,55,45,46,44,51,42,43,49,44,47,46,40,42,42,49,43,27,42
34,32,34,34,39,43,32,30,40,36,31,36,30,33,36,30,37,33,24,38,19,24,47,57,22,29,46,24,27,47,36,34,33,31,29,30,35,30,36,31,24,34,33,34,28,43,34,36,17,19,43,40,17,30,30,37,28,39,47,23,24,35,33,17,27,26,36,46,0,26,39,28,35,40,25,33,30,31,36,31,28,38,33,34,42,40,35,35,37,38,38,26,38,32,25,34,37,26,22,35,38,40,33,40,32,33,37,31,47,34,34,30,23,30,26,33,32,39,36,37,36,33,33,36,33,9,37,27,23,39,31,34,45,28,36,32,34,39,33,24,36,37,32,39,35,30,37,30,13,38,33,33,27,33,37,27,29,25,33,30,45,36,28,31,31,39,30,39,31,32,31,34,39,30,41,26,17,39,33,47,33,30,30,32,31,27,31,33
31,21,20,37,19,50,33,32,22,31,30,37,39,28,35,39,20,28,20,26,24,27,45,54,25,18,45,31,31,48,39,37,32,23,28,26,32,25,25,20,28,27,37,30,18,43,43,31,25,18,48,50,22,37,24,27,35,44,45,26,31,12,42,23,27,23,37,45,26,0,47,29,23,41,27,23,24,27,33,31,20,46,29,26,46,46,27,20,27,46,49,36,46,34,32,45,34,20,20,24,43,48,34,43,30,37,46,37,53,35,22,23,9,23,24,23,34,47,35,28,46,40,29,23,34,29,34,30,10,25,34,22,37,38,19,36,38,28,15,24,25,35,22,15,23,23,23,23,25,25,24,38,30,21,16,21,40,30,35,20,47,37,38,39,31,43,39,24,10,29,35,25,35,39,42,24,29,30,38,53,15,19,38,39,13,13,41,30
45,42,44,45,53,49,42,45,58,48,46,26,38,56,40,37,51,49,44,52,36,47,42,44,46,44,45,45,45,45,38,49,50,45,46,45,48,48,49,47,47,53,46,46,40,38,36,48,48,41,6,20,40,54,49,52,41,41,42,42,45,47,53,43,39,41,49,45,39,47,0,48,50,38,37,51,47,47,52,38,40,43,51,42,42,46,53,53,54,43,43,45,43,41,39,42,53,42,39,47,32,57,42,34,41,44,44,45,33,50,47,36,43,46,48,49,42,42,41,54,45,45,48,54,41,42,40,44,44,55,50,51,56,21,50,43,38,53,53,35,54,62,48,53,46,42,52,36,44,55,48,40,44,50,51,48,31,45,20,45,34,47,22,32,39,50,20,55,44,47,50,49,39,31,51,48,41,54,45,33,53,48,14,33,51,49,41,50
14,28,26,24,32,53,24,28,33,30,12,33,32,31,28,32,28,13,21,30,25,23,28,47,27,31,30,23,35,37,30,38,37,21,25,27,18,16,35,12,24,32,24,12,31,39,41,18,38,27,48,46,27,31,20,18,37,48,32,36,23,28,44,29,21,21,26,28,28,29,48,0,22,35,34,25,24,18,26,26,25,36,25,24,26,35,16,29,30,29,44,31,31,26,32,45,27,26,20,22,38,42,28,37,29,30,34,22,51,42,25,21,30,24,26,29,32,39,31,34,34,23,22,30,28,38,32,25,30,31,26,19,35,37,30,29,28,34,30,23,30,38,27,29,22,28,29,21,38,31,29,30,25,27,30,27,33,31,35,37,41,38,37,35,24,39,39,29,29,18,41,30,35,39,37,26,36,33,41,51,30,26,39,37,33,27,24,25
20,23,23,18,25,55,17,34,32,23,22,33,30,30,33,30,26,14,23,25,24,25,34,50,25,31,30,29,38,33,24,44,39,19,22,29,26,16,29,13,25,27,18,21,27,40,47,23,37,25,50,51,32,35,24,14,28,45,36,38,29,25,42,36,24,10,17,32,35,23,50,22,0,44,22,18,4,20,20,35,25,44,26,24,37,38,13,28,27,37,45,36,37,29,38,44,27,24,22,10,44,48,34,42,24,29,44,28,58,42,24,22,30,8,22,24,26,42,22,32,46,32,22,29,33,38,28,23,31,27,28,18,40,43,27,35,37,32,26,33,29,32,24,25,14,14,33,22,39,33,27,37,23,29,30,24,27,32,35,33,46,44,42,46,35,43,38,27,31,12,40,24,30,40,34,22,36,31,35,58,26,28,42,38,28,25,32,27
34,38,40,37,43,54,40,43,49,39,36,33,36,49,30,38,44,40,36,41,39,41,35,46,41,43,32,42,45,35,40,48,44,41,44,37,37,37,45,39,41,48,35,35,45,32,42,38,45,36,40,38,43,48,39,44,46,39,28,43,42,42,52,41,42,38,40,32,40,41,38,35,44,0,38,45,43,38,46,19,43,51,45,38,34,35,43,45,48,35,41,37,33,34,44,48,44,36,26,43,30,62,30,28,37,30,47,41,42,52,40,35,46,41,42,43,42,36,44,48,49,35,37,44,31,44,41,39,47,44,44,44,43,40,44,34,39,48,46,27,44,48,44,43,41,37,45,35,46,48,41,40,39,43,51,43,38,43,32,49,45,50,40,33,15,37,38,44,45,43,51,44,39,41,47,42,45,48,41,40,46,42,34,41,49,43,34,45
30,25,23,27,32,45,29,31,36,34,34,27,26,37,29,24,30,30,29,28,12,29,40,46,28,24,39,30,33,37,26,32,39,27,33,25,34,28,31,27,29,32,27,32,17,40,33,32,29,23,37,38,22,39,26,35,10,41,42,35,30,28,35,29,19,17,26,40,25,27,37,34,22,38,0,28,17,29,31,34,19,40,37,28,43,44,25,36,35,45,48,37,44,35,35,40,22,28,27,22,41,41,35,41,37,33,40,38,42,32,24,27,26,13,28,22,18,46,16,37,42,35,31,35,35,30,22,21,27,34,28,30,42,28,29,35,31,35,34,19,35,34,30,34,18,7,34,27,31,35,30,31,21,31,32,30,28,25,27,28,36,32,26,30,37,38,22,34,26,32,30,29,14,24,36,28,28,36,20,42,34,27,24,28,30,29,37,35
27,20,20,32,17,50,24,37,21,31,26,38,38,21,36,38,11,27,20,33,28,29,41,55,29,14,41,29,41,41,38,42,41,17,27,22,26,22,24,16,29,22,32,27,13,44,44,26,35,26,47,51,33,32,20,21,34,49,41,32,28,13,41,35,24,24,34,41,33,23,51,25,18,45,28,0,18,26,27,36,11,44,26,15,41,41,25,17,19,41,49,36,41,36,28,46,33,20,27,20,44,51,35,45,29,38,44,32,54,42,13,27,15,18,18,15,34,44,32,21,44,36,28,13,35,35,34,27,19,13,32,7,38,38,8,38,34,21,10,26,14,38,15,16,20,22,22,27,35,16,18,36,27,19,19,14,36,33,36,17,45,42,38,40,36,44,38,13,15,21,40,20,36,38,36,18,35,19,38,54,11,20,40,38,21,16,36,26
18,21,21,17,27,52,19,34,32,21,18,31,27,32,29,27,24,12,25,25,23,23,32,46,23,29,28,25,38,31,21,41,39,21,24,27,25,18,27,15,23,31,17,19,25,38,44,19,34,27,47,48,27,37,22,11,25,45,34,36,25,21,41,34,22,14,17,30,30,24,47,24,4,43,17,18,0,22,22,35,24,41,25,26,37,38,10,26,31,37,47,36,36,28,36,41,25,26,20,6,44,48,35,42,26,33,41,27,53,39,26,24,26,4,24,22,25,42,19,34,43,32,24,27,35,35,27,25,29,27,25,20,40,38,29,39,32,34,24,32,27,34,24,27,10,10,31,24,36,29,23,32,25,27,29,24,31,30,31,33,41,41,37,41,35,41,33,27,27,9,37,26,27,35,34,24,33,33,36,53,26,26,37,33,30,25,32,26
21,23,21,26,27,57,14,33,31,22,19,30,42,27,26,42,27,14,25,26,31,23,35,43,23,30,31,21,38,40,36,47,40,20,25,15,23,18,25,16,23,28,28,23,25,37,40,24,36,23,47,48,31,35,11,32,37,43,37,37,21,27,39,34,21,22,25,33,31,27,47,18,20,38,29,26,22,0,31,23,30,48,30,24,35,40,22,26,28,34,45,27,36,28,37,45,26,22,24,22,38,47,24,38,28,29,48,26,52,45,26,18,29,16,24,24,37,35,37,30,48,28,6,29,26,36,39,19,31,26,32,24,38,45,27,29,38,29,27,23,29,32,25,27,18,14,29,18,37,31,26,42,19,27,28,25,28,33,32,33,48,45,45,44,21,36,43,28,33,25,41,28,39,43,33,24,36,28,33,52,27,19,43,41,29,25,33,29
27,28,30,32,28,55,34,33,33,26,26,37,45,33,36,45,26,24,30,32,29,29,43,55,33,28,38,29,37,42,41,42,39,27,31,28,31,27,34,25,29,31,31,28,25,45,50,33,37,28,50,53,36,22,30,14,35,50,41,40,30,29,41,36,27,22,32,41,36,33,52,26,20,46,31,27,22,31,0,30,29,41,29,25,30,37,22,30,34,31,46,31,33,28,27,46,28,22,24,24,38,43,28,39,27,32,38,24,51,45,31,26,28,23,25,27,33,42,38,33,39,24,23,24,28,43,36,28,32,30,28,27,38,39,26,32,31,34,32,26,24,40,27,26,22,27,34,26,43,33,33,33,28,32,33,29,35,32,37,34,43,44,39,38,28,40,41,30,29,10,45,32,46,40,34,25,41,35,39,51,32,29,41,38,35,26,24,26
27,29,31,26,34,47,27,36,40,30,23,23,36,39,21,34,35,31,27,32,31,32,37,41,32,35,37,32,44,40,34,44,42,32,36,26,24,26,36,28,32,38,30,28,36,31,35,29,44,26,40,38,33,37,28,37,41,39,32,30,32,33,42,40,31,27,32,35,31,31,38,26,35,19,34,36,35,23,30,0,34,42,36,29,29,37,36,36,39,36,39,25,36,23,35,39,35,27,17,34,33,54,21,31,26,23,38,28,45,45,31,26,37,30,33,34,38,35,41,39,40,28,27,35,22,40,37,30,38,35,27,35,42,32,35,23,38,39,37,18,35,39,35,34,30,26,36,26,42,39,32,34,30,34,42,34,25,35,25,40,44,43,31,29,4,35,31,35,35,30,45,35,40,26,43,33,39,39,35,45,37,33,29,22,40,34,29,36
27,20,19,32,19,45,33,29,25,33,26,33,31,19,31,31,15,22,15,30,15,28,41,51,26,10,41,33,34,43,31,35,37,21,29,29,30,26,27,17,28,20,32,27,4,40,35,27,28,19,42,40,25,37,27,26,27,45,41,21,33,11,36,28,17,16,32,41,28,20,40,25,25,43,19,11,24,30,29,34,0,41,28,19,43,42,25,10,17,42,48,38,42,35,25,39,30,19,27,23,43,44,35,44,29,36,41,33,47,33,10,27,10,23,20,11,29,46,29,17,41,37,32,18,35,30,29,29,12,20,29,10,41,31,14,35,31,21,19,19,20,37,13,19,23,23,22,27,28,17,17,31,29,18,16,15,36,30,35,14,40,35,31,33,36,41,31,16,10,26,31,16,29,31,41,20,30,19,29,47,15,24,33,31,12,15,37,28
33,43,43,22,52,43,45,41,53,49,37,43,16,50,34,14,50,33,47,49,34,45,43,55,44,40,39,45,42,39,18,39,49,40,48,47,41,43,52,36,45,54,22,34,43,44,40,36,43,40,43,42,38,45,43,44,29,39,42,30,45,46,53,40,32,41,31,37,38,46,43,36,44,51,40,44,41,48,41,42,41,0,45,42,45,40,46,48,50,36,41,37,30,34,35,33,46,42,45,40,46,54,37,42,42,36,10,20,45,33,46,42,42,29,44,48,24,42,20,53,4,36,48,53,38,35,22,44,43,52,40,40,54,35,47,40,14,53,50,39,53,53,46,50,38,35,48,42,36,50,47,20,44,49,47,45,43,41,39,50,25,40,34,31,42,44,34,50,42,30,36,46,24,39,55,44,38,52,36,45,50,45,32,37,48,45,30,45
26,29,28,32,31,52,30,34,27,31,24,38,40,32,32,40,30,24,27,30,35,26,41,53,28,28,40,31,41,40,38,47,40,25,29,28,27,28,29,27,28,27,32,26,28,43,46,20,36,29,53,50,30,31,27,25,35,51,42,32,31,29,44,35,28,25,34,40,33,29,51,25,26,45,37,26,25,30,29,36,28,45,0,27,44,45,25,29,29,46,50,39,46,34,35,45,34,28,28,25,47,49,37,46,28,40,45,36,59,43,31,26,29,23,25,27,38,47,40,32,45,40,30,29,37,37,38,29,31,32,35,30,41,41,27,39,42,29,29,34,29,40,24,33,26,26,24,26,37,32,25,43,29,25,29,28,39,35,39,34,52,44,41,43,36,46,43,31,28,26,41,27,42,43,41,26,34,29,40,59,30,28,43,42,33,29,39,4
23,16,17,30,20,51,24,33,21,31,25,34,36,22,25,36,20,29,16,30,23,28,37,44,28,23,39,31,41,39,36,42,40,12,28,20,27,24,22,14,28,17,30,25,15,42,41,25,34,25,46,44,31,33,23,30,34,49,37,32,31,19,40,33,22,22,36,39,34,26,42,24,24,38,28,15,26,24,25,29,19,42,27,0,41,39,29,19,20,39,45,33,39,27,34,47,30,17,20,24,34,49,27,36,24,36,44,30,47,44,13,18,23,26,15,16,29,40,36,23,44,34,26,16,27,36,29,20,21,17,32,12,39,37,17,36,38,22,15,21,16,38,18,20,24,27,20,18,36,21,23,38,20,19,22,18,34,34,36,21,47,42,37,35,29,39,37,15,27,25,43,18,34,39,41,15,34,20,38,47,13,21,33,39,23,22,34,28
28,44,42,26,48,61,37,39,49,39,22,38,36,48,33,34,44,30,36,40,37,36,18,38,40,48,20,42,45,30,33,50,45,37,40,45,36,34,51,29,40,48,29,29,47,35,47,34,47,43,42,40,38,43,37,40,47,48,24,42,42,44,53,39,35,35,31,18,42,46,42,26,37,34,43,41,37,35,30,29,43,45,44,41,0,28,35,45,47,26,42,42,26,33,46,49,35,42,38,38,33,61,31,31,38,38,43,29,45,53,42,37,46,30,42,45,40,37,36,50,43,27,36,47,32,47,38,41,46,47,41,36,49,41,46,38,32,50,46,40,46,48,43,45,36,36,46,37,47,47,45,34,41,44,46,43,42,41,38,53,36,50,40,36,34,39,40,45,46,26,54,46,40,39,47,42,39,49,41,45,46,42,38,37,49,43,27,43
34,42,42,23,46,59,38,40,49,35,36,36,31,47,33,31,44,33,40,43,42,40,32,46,42,45,28,44,42,4,26,50,49,35,44,41,36,35,49,33,42,50,22,35,44,34,43,32,49,44,46,46,42,46,37,42,44,44,28,45,44,44,56,41,42,40,23,28,40,46,46,35,38,35,44,41,38,40,37,37,42,40,45,39,28,0,37,45,48,19,39,38,19,31,45,53,42,40,41,36,36,63,35,36,36,38,44,22,49,53,42,37,48,33,43,43,39,36,36,50,42,33,38,48,36,43,41,41,48,47,40,40,48,42,44,38,25,50,48,44,48,55,41,46,38,35,46,37,45,46,46,39,41,44,44,44,44,40,40,50,34,48,42,38,38,39,44,43,45,34,51,44,40,45,52,43,39,50,43,47,48,40,38,45,50,44,29,41
19,26,26,24,27,56,26,33,32,31,23,40,32,29,34,34,27,20,22,31,22,26,35,49,28,29,29,26,34,37,32,44,38,23,26,27,23,20,28,17,26,33,24,21,27,43,44,25,36,26,49,53,33,33,19,13,28,49,37,38,25,24,41,32,20,17,26,29,35,27,53,16,13,43,25,25,10,22,22,36,25,46,25,29,35,37,0,30,27,27,39,28,27,28,36,44,29,26,23,22,37,45,26,37,27,30,33,19,50,43,29,25,28,22,25,27,38,35,36,29,31,26,16,29,26,38,36,21,31,25,31,23,40,36,27,30,27,30,27,26,29,34,29,27,22,26,31,25,40,29,28,25,21,27,33,26,32,34,34,32,37,48,36,36,30,41,38,29,30,15,41,31,38,38,36,25,38,30,39,50,27,24,38,36,29,26,20,29
31,21,23,36,16,53,27,30,22,29,31,39,42,20,35,42,17,30,22,34,34,31,45,55,29,27,45,34,42,45,42,44,41,24,30,21,30,26,24,21,31,23,36,31,10,43,43,30,38,25,50,51,33,38,23,29,42,47,45,34,34,12,37,34,28,31,37,45,35,20,53,29,28,45,36,17,26,26,30,36,10,48,29,19,45,45,30,0,20,44,46,36,44,36,35,48,31,20,25,27,47,51,36,45,27,34,49,35,60,44,6,27,17,27,17,9,32,44,34,18,49,37,23,16,36,39,32,26,19,14,33,12,43,42,14,36,43,20,14,29,18,37,13,16,27,23,19,27,39,16,19,43,26,18,22,17,34,32,36,25,52,43,42,46,34,43,44,16,19,28,42,23,35,44,43,17,37,20,39,60,14,20,44,44,17,17,39,29
32,21,22,38,22,57,28,41,20,33,33,38,44,9,38,44,19,34,23,33,34,34,46,58,35,21,47,36,46,48,44,45,40,22,31,24,31,24,26,21,34,14,38,31,18,50,48,33,40,30,51,53,36,40,23,30,41,54,46,36,36,20,47,40,28,27,42,47,37,27,54,30,27,48,35,19,31,28,34,39,17,50,29,20,47,48,27,20,0,47,56,39,47,38,34,48,35,23,31,30,46,55,38,48,35,43,50,38,61,46,23,29,24,30,23,21,42,49,38,6,50,42,26,25,38,39,42,30,28,21,40,22,42,47,21,44,45,15,21,32,25,39,20,22,29,30,17,28,39,22,6,46,30,21,28,22,41,35,41,26,55,45,47,47,38,51,46,22,25,33,47,15,39,46,43,23,39,6,43,61,21,23,47,46,28,22,42,31
28,42,40,16,48,59,36,42,50,35,30,36,29,47,33,29,44,29,38,39,39,38,28,42,40,46,20,40,48,20,23,50,46,35,42,41,34,32,49,29,40,49,18,29,46,28,40,34,50,42,43,43,40,45,35,42,45,40,22,44,40,44,55,39,38,37,21,18,38,46,43,29,37,35,45,41,37,34,31,36,42,36,46,39,26,19,27,44,47,0,32,36,6,35,44,51,40,38,41,34,32,61,33,32,34,36,40,20,47,53,42,37,46,29,41,45,36,28,30,50,38,25,36,48,34,43,38,39,46,47,38,36,44,42,46,36,24,50,46,43,46,48,41,45,36,35,46,37,45,46,45,32,39,44,46,42,40,42,38,50,24,52,42,34,38,36,42,45,46,30,54,44,38,43,53,41,41,49,45,45,46,40,38,39,48,42,25,42
44,46,48,37,48,53,45,43,54,41,41,44,44,55,40,44,47,37,42,38,42,45,44,51,44,45,38,47,39,39,40,47,47,43,47,46,41,40,50,43,45,52,38,44,48,17,42,42,46,37,43,38,42,48,44,50,45,38,38,44,47,49,54,36,45,45,38,38,38,49,43,44,45,41,48,49,47,45,46,39,48,41,50,45,42,39,39,46,56,32,0,35,34,41,45,43,52,42,43,44,42,58,42,44,37,43,45,39,44,44,46,43,42,45,42,49,48,20,47,55,45,38,46,48,42,43,48,39,42,52,45,46,58,42,50,39,37,56,46,42,48,54,49,50,46,45,52,43,45,50,49,41,39,48,53,43,43,46,43,48,45,44,42,36,41,39,42,50,48,46,46,50,47,39,59,42,39,56,50,44,44,49,42,37,45,43,37,49
31,32,32,26,39,50,32,33,41,24,32,32,34,38,26,34,35,30,30,24,33,29,42,48,29,37,38,27,40,38,34,50,36,32,33,29,30,29,37,30,29,38,26,31,38,34,33,31,37,30,45,43,28,33,29,39,46,33,38,38,27,37,44,35,34,32,31,38,26,36,45,31,36,37,37,36,36,27,31,25,38,37,39,33,42,38,28,36,39,36,35,0,34,29,37,41,40,30,29,35,37,52,26,35,28,28,40,25,52,48,36,31,33,30,29,36,39,28,41,36,37,30,30,37,24,30,38,26,34,39,33,36,39,36,37,30,34,38,35,33,35,41,36,39,35,30,37,31,34,37,34,34,26,35,44,29,32,29,34,40,43,48,36,36,25,40,38,39,37,34,46,35,42,34,43,28,26,38,37,52,31,34,38,33,38,29,32,37
28,42,40,18,48,57,36,42,50,37,30,36,26,47,33,26,44,29,38,41,39,38,28,42,40,47,18,41,49,20,22,50,47,35,41,41,32,34,49,29,40,49,18,29,46,26,40,34,48,42,43,43,40,45,35,40,45,40,19,44,41,44,53,39,38,37,21,20,38,46,43,31,37,33,44,41,36,36,33,36,42,30,46,39,26,19,27,44,47,6,34,34,0,35,44,51,40,38,41,34,32,61,31,32,34,35,36,20,47,50,42,37,46,29,41,45,36,26,30,50,32,23,36,48,33,42,38,39,46,47,39,36,43,41,46,35,22,50,46,44,46,48,41,45,36,35,46,37,44,46,45,31,39,44,46,42,41,42,37,50,26,50,41,33,36,36,41,45,46,30,53,44,38,42,53,41,40,49,45,45,46,40,37,38,48,42,25,42
23,29,31,24,35,48,28,32,40,31,23,24,32,39,10,32,35,28,27,30,31,27,37,41,27,34,33,30,43,31,26,49,37,30,30,28,23,30,36,24,27,38,20,25,35,33,39,25,41,31,41,35,29,34,32,29,38,37,31,34,30,33,37,37,33,27,28,35,32,34,41,26,29,34,35,36,28,28,28,23,35,34,34,27,33,31,28,36,38,35,41,29,35,0,32,40,33,27,27,29,25,51,14,21,25,14,38,20,38,51,28,23,37,31,32,34,39,35,42,41,36,26,28,35,15,40,37,30,37,38,29,32,41,34,35,20,26,40,37,29,35,42,33,35,31,27,37,23,40,39,35,34,30,34,39,33,24,30,26,41,43,47,34,26,23,32,30,38,37,29,47,35,38,33,39,32,38,41,39,38,37,29,30,29,39,33,24,30
37,25,27,33,36,40,35,30,35,40,35,37,35,35,31,36,36,31,27,38,29,27,46,59,26,24,53,31,29,45,36,27,36,28,33,32,35,31,37,24,27,35,32,37,25,40,40,37,26,24,39,40,24,28,36,32,19,45,44,4,31,32,36,25,20,30,39,53,25,32,39,32,38,44,35,28,36,37,27,35,25,35,35,34,46,45,36,35,34,44,45,37,44,32,0,28,36,29,32,32,42,39,32,38,29,32,28,38,46,31,30,33,26,34,27,32,21,47,19,35,28,39,38,35,32,26,23,29,27,40,37,30,43,31,31,35,29,36,34,24,35,42,33,36,32,34,38,33,26,37,29,31,29,34,33,30,34,30,35,33,39,27,31,32,28,41,33,38,28,35,27,32,21,31,45,27,28,39,32,46,34,33,35,30,32,28,40,35
47,43,45,45,50,26,42,46,51,47,45,40,43,50,44,41,52,46,41,47,36,44,54,57,43,38,53,44,38,53,41,37,48,46,47,42,40,42,52,44,44,52,45,47,41,41,42,41,37,34,38,40,37,47,42,41,32,48,53,26,44,44,48,34,44,43,46,55,34,45,42,45,44,48,40,46,41,45,46,39,39,33,45,47,49,53,44,48,48,51,43,41,51,40,28,0,49,45,39,44,53,55,44,53,39,47,33,43,46,36,48,39,36,46,43,46,34,43,39,52,33,54,49,45,44,39,34,44,37,50,44,50,57,28,47,45,39,52,44,38,47,56,42,48,46,44,49,39,37,49,47,43,44,47,53,40,35,45,36,47,43,36,28,38,39,39,28,52,40,43,37,48,37,31,54,43,35,52,48,46,44,45,32,27,42,44,48,47
20,26,28,31,32,59,28,10,35,30,25,37,41,36,35,41,32,29,28,24,22,13,35,56,16,33,39,7,46,42,39,44,35,29,5,35,32,30,30,28,13,32,31,20,30,44,43,33,40,25,55,51,34,21,28,30,43,54,39,38,7,32,46,41,26,21,32,39,37,34,53,27,27,44,22,33,25,26,28,35,30,46,34,30,35,42,29,31,35,40,52,40,40,33,36,49,0,26,27,28,45,52,36,45,29,37,50,32,60,42,32,26,27,30,24,33,33,41,35,33,50,40,23,26,36,41,33,26,28,30,32,32,39,44,30,37,40,36,28,29,28,42,34,28,28,30,33,26,41,34,31,42,26,30,29,25,35,29,37,36,52,50,44,46,31,43,44,28,31,29,48,30,37,44,38,24,41,35,38,60,28,30,44,42,30,25,33,28
26,16,18,30,21,49,25,30,23,26,26,27,36,22,25,36,20,27,12,30,24,24,40,48,24,23,42,24,38,40,36,38,39,17,26,21,25,16,23,15,24,23,30,27,21,38,40,28,31,19,46,44,28,30,17,23,34,38,38,27,24,21,40,32,25,20,32,42,26,20,42,26,24,36,28,20,26,22,22,27,19,42,28,17,42,40,26,20,23,38,42,30,38,27,29,45,26,0,16,22,32,46,27,34,23,27,45,29,47,44,21,18,23,26,13,22,30,38,36,19,45,31,23,21,27,27,30,20,24,23,29,19,40,39,20,29,37,23,18,15,21,40,17,23,22,24,19,18,29,23,16,39,20,20,24,13,31,33,29,25,46,40,39,35,25,41,37,23,25,27,42,20,34,39,38,13,27,22,38,47,15,16,33,39,15,13,33,27
23,19,22,33,25,46,23,31,31,25,22,24,40,29,25,40,26,24,18,31,27,26,38,44,26,26,39,27,37,41,39,36,40,23,28,18,22,18,26,20,26,29,33,24,27,35,38,24,36,18,42,41,30,31,20,28,29,43,40,34,27,24,40,32,29,23,35,39,22,20,39,20,22,26,27,27,20,24,24,17,27,45,28,20,38,41,23,25,31,41,43,29,41,27,32,39,27,16,0,21,35,45,25,34,24,27,44,31,48,40,22,12,26,20,24,25,28,37,28,30,43,31,25,26,25,32,30,20,27,26,28,26,36,33,26,26,39,30,28,18,26,39,26,25,18,20,27,12,34,30,23,38,20,25,31,25,27,34,26,30,48,36,33,32,14,41,33,26,26,29,38,26,30,33,35,24,32,30,37,48,28,23,30,33,31,25,33,27
24,19,21,25,26,52,23,32,33,24,24,28,36,34,29,36,23,18,19,23,16,21,38,46,21,27,34,23,36,36,30,42,37,21,22,29,27,20,25,17,21,30,25,25,25,37,45,24,35,27,49,49,28,33,22,30,30,46,40,30,23,22,40,32,22,8,23,36,35,24,47,22,10,43,22,20,6,22,24,34,23,40,25,24,38,36,22,27,30,34,44,35,34,29,32,44,28,22,21,0,42,48,33,40,26,29,44,29,52,44,25,18,28,10,22,24,22,42,28,31,46,34,26,26,33,39,24,22,29,31,27,24,40,35,26,35,35,33,24,26,28,36,26,26,4,12,30,18,37,29,21,35,22,26,33,23,31,28,25,30,44,42,34,40,33,41,36,29,29,15,40,25,32,38,36,22,37,32,38,52,24,30,34,36,27,23,34,29
34,34,38,34,44,57,38,42,50,42,35,32,37,47,20,37,44,37,38,42,37,38,28,40,38,43,32,40,43,36,39,49,46,35,42,37,39,40,43,37,38,47,35,36,43,24,42,38,44,37,34,22,39,45,41,46,42,36,28,44,40,42,53,37,40,36,38,32,38,43,32,38,44,30,41,44,44,38,38,33,43,46,47,34,33,36,37,47,46,32,42,37,32,25,42,53,45,32,35,42,0,60,18,6,41,26,45,34,29,56,38,34,44,38,39,42,45,28,47,49,45,30,39,43,17,45,45,37,45,47,43,42,51,37,43,34,37,48,46,39,43,49,44,44,38,34,45,34,45,48,44,40,37,44,47,40,38,42,32,48,39,51,37,34,31,29,35,45,46,40,54,44,43,38,47,39,45,50,40,29,46,40,31,37,48,40,32,42
45,52,48,54,48,44,46,49,55,52,47,56,55,53,53,51,50,47,50,50,41,41,58,67,47,45,63,44,36,63,56,28,39,50,44,47,47,47,51,48,41,53,54,43,44,60,48,50,44,45,58,58,37,48,43,49,35,56,56,39,44,49,55,40,44,48,51,63,40,48,57,42,48,62,41,51,48,47,43,54,44,54,49,49,61,63,45,51,55,61,58,52,61,51,39,55,52,46,45,48,60,0,55,61,50,48,52,53,62,26,53,48,45,49,45,49,40,59,38,53,55,56,54,51,55,42,38,48,46,52,55,55,58,58,50,51,53,53,48,47,51,49,52,48,49,47,52,48,44,53,52,55,48,48,45,52,50,44,56,39,56,26,58,55,51,44,56,50,45,48,32,51,38,54,58,45,42,55,49,62,50,49,56,54,43,49,58,46
23,27,29,26,34,50,28,36,40,33,21,26,31,39,4,29,34,26,27,32,31,31,35,41,31,35,31,31,41,35,33,47,41,28,35,30,26,30,36,28,31,37,26,25,35,36,38,25,42,28,42,32,31,35,32,35,37,38,27,33,31,32,42,38,27,26,32,31,33,34,42,28,34,30,35,35,35,24,28,21,35,37,37,27,31,35,26,36,38,33,42,26,31,14,32,44,36,27,25,33,18,55,0,18,33,6,34,24,36,51,29,25,36,29,31,33,37,34,42,39,34,24,28,34,3,44,39,28,37,38,33,33,41,33,34,14,34,38,37,29,34,45,37,34,29,25,35,25,44,40,32,28,28,35,40,32,26,34,28,42,43,47,32,20,19,30,32,36,37,27,50,35,42,33,40,31,42,40,38,36,37,31,32,31,40,32,30,32
34,34,36,34,43,57,38,43,49,42,33,34,35,47,14,35,43,37,36,41,37,38,28,36,38,43,32,38,43,36,39,47,47,37,42,39,39,40,41,35,38,47,35,36,44,26,42,36,44,39,34,26,39,47,43,44,42,32,28,42,38,41,53,37,40,36,38,32,40,43,34,37,42,28,41,45,42,38,39,31,44,42,46,36,31,36,37,45,48,32,44,35,32,21,38,53,45,34,34,40,6,61,18,0,39,22,45,34,35,55,37,34,46,36,39,43,45,30,47,49,45,30,39,44,17,45,45,38,47,47,44,41,50,38,44,36,37,48,46,38,44,50,44,43,36,32,45,34,45,48,41,40,38,43,49,40,36,43,34,50,37,51,38,34,29,31,36,47,46,38,54,44,43,39,48,39,45,49,37,35,46,36,32,38,48,40,32,40
26,25,27,26,32,47,28,31,31,24,24,27,38,34,29,40,29,34,17,31,31,22,36,44,24,31,40,25,41,36,36,45,36,23,23,29,25,27,30,23,21,33,28,27,29,27,43,20,32,24,41,49,35,39,29,26,43,43,38,31,25,30,36,32,29,22,32,36,32,30,41,29,24,37,37,29,26,28,27,26,29,42,28,24,38,36,27,27,35,34,37,28,34,25,29,39,29,23,24,26,41,50,33,39,0,29,41,26,49,47,26,20,27,22,22,29,37,37,43,30,45,29,26,30,28,28,37,24,29,33,29,28,39,35,30,27,37,33,27,23,32,38,26,32,22,24,32,20,28,35,29,37,24,29,30,26,29,30,31,28,46,43,35,33,25,41,35,31,30,24,42,28,43,35,42,22,24,31,37,49,24,21,35,35,28,23,29,31
27,27,29,26,37,51,37,33,43,30,27,23,30,45,2,28,37,27,31,32,28,29,36,44,30,34,37,31,37,37,34,44,38,30,33,35,30,34,35,28,29,40,26,29,34,38,41,27,34,32,44,36,30,37,31,39,43,35,28,36,31,36,42,35,31,27,30,34,33,37,44,30,29,30,33,38,33,29,32,23,36,36,40,36,38,38,30,34,43,36,43,28,35,14,32,47,37,27,27,29,26,48,6,22,29,0,43,30,41,49,28,27,35,29,32,36,38,40,44,45,39,27,29,39,17,43,38,31,35,39,30,32,43,37,35,22,37,46,37,25,39,46,36,35,27,25,41,27,43,36,36,35,31,36,37,33,26,32,28,41,44,46,37,31,23,34,35,39,37,27,47,39,42,36,42,32,39,45,40,41,37,34,35,34,37,33,33,33
37,43,43,24,52,43,47,40,53,49,33,47,14,50,36,12,50,33,47,49,34,47,47,61,46,40,43,45,42,44,20,39,49,40,48,49,41,43,52,38,47,54,24,37,43,46,38,34,45,38,44,39,38,44,43,46,31,42,44,30,45,46,52,38,30,41,33,41,37,46,44,34,44,47,40,44,41,48,38,38,41,10,45,44,43,44,33,49,50,40,45,40,36,38,28,33,50,45,44,44,45,52,34,45,41,43,0,22,47,30,46,42,42,33,45,48,28,44,24,53,6,42,50,53,33,35,28,46,43,52,42,40,52,34,47,40,16,53,50,39,53,52,48,50,42,39,48,42,36,50,47,10,46,50,47,46,47,40,43,50,27,35,34,31,38,42,38,48,42,32,33,47,30,39,59,45,38,52,41,47,50,47,36,35,48,46,36,47
19,33,31,6,39,49,26,36,41,29,21,31,18,38,22,16,35,19,29,32,32,29,31,45,31,38,23,32,45,22,12,48,41,26,32,33,25,25,40,20,31,40,4,20,37,35,39,26,38,34,45,44,32,34,27,31,41,37,29,37,32,35,44,39,29,28,18,23,31,37,45,22,28,41,38,32,27,26,24,28,33,20,36,30,29,22,19,35,38,20,39,25,20,20,38,43,32,29,31,29,34,53,24,34,26,30,22,0,48,49,33,29,37,19,32,36,40,33,38,41,22,20,26,39,26,38,38,31,37,38,29,27,45,37,37,30,6,41,37,36,37,40,32,36,27,25,37,29,39,37,35,20,31,35,37,33,31,34,33,42,30,46,37,36,28,38,37,36,37,21,48,34,40,38,42,32,36,40,41,48,37,31,37,34,39,33,18,33
45,47,49,48,58,52,50,48,63,55,47,46,40,61,38,38,56,50,53,56,44,51,43,48,50,50,49,51,51,47,40,53,55,50,52,50,52,54,54,50,51,58,48,47,45,40,44,51,47,46,35,25,46,56,54,59,51,45,39,48,51,52,59,50,42,49,51,49,47,53,33,51,58,42,42,54,53,52,51,45,47,45,59,47,45,49,50,60,61,47,44,52,47,38,46,46,60,47,48,52,29,62,36,35,49,41,47,48,0,56,50,45,50,49,52,54,45,44,45,61,45,44,52,59,36,47,47,50,51,60,54,54,56,38,55,37,42,60,58,46,59,64,55,58,50,45,56,45,49,60,55,40,50,57,54,53,45,48,38,53,35,53,36,28,47,47,38,58,50,49,56,55,43,41,57,52,45,58,46,6,58,53,34,41,56,53,42,55
46,39,35,47,42,33,45,46,49,51,44,51,50,44,50,50,42,42,39,49,36,41,51,65,40,36,52,41,28,51,49,12,47,43,45,44,48,38,48,39,41,43,48,47,35,56,51,49,36,35,49,49,37,46,43,44,30,48,50,33,41,36,50,29,33,41,47,53,34,35,50,42,42,52,32,42,39,45,45,45,33,33,43,44,53,53,43,44,46,53,44,48,50,51,31,36,42,44,40,44,56,26,51,55,47,49,30,49,56,0,43,39,32,37,41,42,30,55,30,46,41,48,47,45,50,27,32,40,33,44,42,43,54,47,41,48,47,48,42,35,45,47,46,42,42,37,41,39,31,45,45,46,40,42,45,38,46,46,51,42,46,16,47,48,46,42,44,46,32,45,12,43,30,42,58,41,27,48,43,53,42,44,48,42,40,36,48,44
27,21,19,33,6,54,30,33,21,31,28,34,40,25,28,40,10,26,20,31,29,30,41,47,27,14,42,33,45,42,40,42,37,21,30,24,30,26,28,18,30,21,33,26,6,43,43,28,36,26,47,45,33,38,22,29,30,44,41,32,33,13,38,39,25,25,33,42,34,22,47,25,24,40,24,13,26,26,31,31,10,46,31,13,42,42,29,6,23,42,46,36,42,28,30,48,32,21,22,25,38,53,29,37,26,28,46,33,50,43,0,25,14,26,17,7,37,45,36,20,50,39,24,16,34,36,37,25,16,13,31,6,42,42,14,33,44,25,14,28,18,38,16,16,28,20,26,25,36,20,18,44,25,20,23,18,31,34,35,18,53,42,42,42,34,45,40,15,14,29,41,14,30,40,42,16,36,22,27,56,12,24,42,40,18,18,39,31
22,19,23,29,26,47,24,30,32,24,19,21,36,30,25,36,26,25,19,27,21,24,38,48,24,28,41,26,37,37,35,39,38,20,26,21,25,18,27,22,24,31,29,24,27,35,39,22,35,30,42,40,28,27,22,26,30,41,35,29,26,24,37,30,29,17,31,41,30,23,36,21,22,35,27,27,24,18,26,26,27,42,26,18,37,37,25,27,29,37,43,31,37,23,33,39,26,18,12,18,34,48,25,34,20,27,42,29,45,39,25,0,25,25,23,25,31,39,39,32,45,35,26,26,27,32,28,13,24,29,31,27,40,31,26,27,39,31,27,25,26,38,25,26,19,23,28,1,34,31,23,39,12,26,29,25,27,32,23,28,48,40,31,33,22,43,33,29,28,25,38,26,34,29,35,23,33,31,37,47,26,24,27,28,30,24,32,24
32,25,19,37,12,42,33,28,25,32,31,40,36,21,37,36,15,29,22,25,24,22,46,56,20,1,46,30,27,48,36,30,33,26,25,29,30,25,23,24,22,18,37,32,8,43,38,33,20,16,39,45,19,27,25,28,32,42,46,26,30,6,37,21,22,26,37,46,23,9,43,30,30,46,26,15,26,29,28,37,10,42,29,23,46,48,28,17,24,46,42,33,46,37,26,36,27,23,26,28,44,45,36,46,27,35,42,37,50,32,14,25,0,28,10,11,34,47,30,21,40,42,30,15,35,24,34,30,4,26,32,18,38,35,10,34,34,19,9,22,19,36,24,12,26,23,20,28,20,20,21,36,30,18,11,11,37,32,37,10,45,34,35,36,34,43,38,20,1,28,38,23,28,38,42,10,24,16,32,50,11,26,35,38,9,9,42,29
16,21,21,19,27,52,21,34,32,23,18,29,25,32,27,23,24,10,25,25,19,23,32,46,23,29,32,23,38,33,25,41,40,21,24,25,25,22,27,17,23,31,19,17,25,40,43,19,34,24,46,47,27,37,20,9,21,45,34,36,23,21,42,34,19,10,21,32,30,23,46,24,8,41,13,18,4,16,23,30,23,29,23,26,30,33,22,27,30,29,45,30,29,31,34,46,30,26,20,10,38,49,29,36,22,29,33,19,49,37,26,25,28,0,24,22,21,45,15,34,43,30,22,27,33,35,25,28,28,27,26,20,42,35,29,37,34,34,24,30,27,34,24,27,6,6,31,25,36,29,23,34,28,27,28,24,27,28,27,33,39,41,33,39,35,39,29,27,27,11,35,26,25,31,34,24,33,33,33,51,26,24,33,35,30,25,32,26
27,19,18,32,19,49,24,28,24,28,26,33,38,24,30,38,17,28,14,20,24,16,41,51,16,22,42,22,30,43,38,41,30,17,18,25,25,22,25,16,16,24,32,26,20,40,38,28,24,19,45,48,20,29,21,24,34,42,41,28,22,19,40,24,25,20,34,42,26,24,48,26,22,42,28,18,24,24,25,33,20,44,25,15,42,43,25,17,23,41,42,29,41,32,27,43,24,13,24,22,39,45,31,39,22,32,45,32,52,41,17,23,10,24,0,18,30,38,34,23,45,34,24,17,31,28,30,21,12,22,31,18,40,37,19,33,38,24,13,23,19,34,12,19,22,24,25,23,24,21,14,39,21,18,19,6,30,24,35,22,47,41,37,39,31,37,36,22,22,27,37,17,34,37,40,2,27,23,37,52,13,20,39,37,14,10,34,26
31,20,18,36,10,52,26,37,21,29,30,36,42,21,34,42,13,31,20,33,30,29,45,53,29,15,45,28,41,43,42,42,40,19,27,22,28,24,26,22,29,21,36,31,7,44,41,28,35,26,47,49,33,31,22,27,28,47,45,32,29,13,40,35,28,26,38,45,33,23,49,29,24,43,22,15,22,24,27,34,11,48,27,16,45,43,27,9,21,45,49,36,45,34,32,46,33,22,25,24,42,49,33,43,29,36,48,36,54,42,7,25,11,22,18,0,36,44,36,21,48,40,26,12,33,35,36,25,15,13,34,13,37,38,10,36,40,21,11,24,13,39,15,11,22,18,22,25,35,16,18,40,25,19,15,12,34,33,34,19,49,42,38,38,34,44,36,7,10,27,38,19,32,36,37,18,35,21,34,52,11,18,38,36,12,14,40,27
34,31,33,39,42,36,33,39,44,41,36,41,28,37,37,30,42,32,27,36,8,29,38,55,28,34,43,33,25,39,26,28,34,29,35,34,42,30,40,27,29,37,38,36,31,43,40,37,37,27,44,42,29,34,37,37,14,48,43,19,33,36,36,27,25,13,37,44,32,34,42,32,26,42,18,34,25,37,33,38,29,24,38,29,40,39,38,32,42,36,48,39,36,39,21,34,33,30,28,22,45,40,37,45,37,38,28,40,45,30,37,31,34,21,30,36,0,43,12,35,33,29,39,39,39,35,4,29,31,44,38,34,47,31,37,38,35,39,36,27,41,47,34,40,18,27,39,24,33,45,35,35,29,43,41,33,39,40,42,39,39,28,31,39,38,42,32,42,32,35,28,39,18,33,41,30,35,42,31,49,36,33,30,37,34,31,35,37
40,42,42,33,47,55,39,47,50,38,37,40,42,49,36,42,45,36,36,36,42,41,38,48,41,47,34,43,40,36,38,55,40,39,45,39,37,37,47,39,41,47,34,40,46,6,40,37,48,36,42,38,42,42,37,45,47,42,33,45,43,45,54,37,44,41,37,34,39,47,42,39,42,36,46,44,42,35,42,35,46,42,47,40,37,36,35,44,49,28,20,28,26,35,47,43,41,38,37,42,28,59,34,30,37,40,44,33,44,55,45,39,47,45,38,44,43,0,46,47,44,36,35,46,37,43,47,35,41,47,41,45,50,40,45,38,39,49,44,42,46,49,42,47,43,40,47,39,45,47,44,43,35,44,52,39,41,47,40,49,41,53,41,38,37,37,41,45,47,42,53,45,46,39,49,38,39,49,46,44,42,42,41,37,47,39,36,45
32,33,33,38,42,43,37,39,42,41,38,43,22,39,42,24,42,28,35,38,14,33,34,57,32,30,39,36,29,34,20,30,38,31,37,36,38,30,42,27,33,43,37,34,31,46,42,37,37,27,41,42,33,38,35,32,6,47,39,19,36,36,39,28,25,21,36,38,36,35,41,31,22,44,16,32,19,37,38,41,29,20,40,36,36,36,36,34,38,30,47,41,30,42,19,39,35,36,28,28,47,38,42,47,43,44,24,38,45,30,36,39,30,15,34,36,12,46,0,43,27,32,39,43,40,33,16,34,33,40,36,30,47,37,39,36,35,43,40,31,43,49,33,40,24,21,41,32,34,40,38,35,34,39,39,34,36,35,45,40,39,30,37,43,40,42,33,40,32,33,28,36,10,33,39,34,34,42,27,53,40,33,37,37,38,35,37,30
36,23,20,41,21,58,29,41,21,29,35,40,47,4,40,47,19,37,23,37,29,34,50,60,35,22,50,33,47,50,47,46,41,22,32,24,34,27,29,22,34,16,41,36,18,47,46,34,39,30,52,56,35,41,25,34,43,55,50,36,33,19,46,41,29,27,45,50,37,28,54,34,32,48,37,21,34,30,33,39,17,53,32,23,50,50,29,18,6,50,55,36,50,41,35,52,33,19,30,31,49,53,39,49,30,45,53,41,61,46,20,32,21,34,23,21,35,47,43,0,50,41,30,24,36,40,36,30,25,22,39,23,43,46,22,43,46,10,20,31,26,40,20,21,33,33,12,29,39,23,8,46,30,20,22,16,44,34,44,22,55,46,46,46,37,51,46,21,22,35,42,17,40,46,44,23,40,12,44,60,19,21,46,46,18,15,42,32
35,45,45,24,52,45,47,40,53,49,33,45,20,50,36,18,50,31,47,49,36,47,45,57,46,40,39,47,42,42,20,39,47,40,50,49,41,43,54,38,47,54,24,35,43,44,38,34,45,38,45,40,40,43,43,46,31,43,44,30,47,46,52,38,30,43,33,39,36,46,45,34,46,49,42,44,43,48,39,40,41,4,45,44,43,42,31,49,50,38,45,37,32,36,28,33,50,45,43,46,45,55,34,45,45,39,6,22,45,41,50,45,40,43,45,48,33,44,27,50,0,38,50,53,34,33,26,46,43,52,40,40,52,33,47,40,16,53,50,39,53,51,48,50,40,37,48,42,34,50,47,16,46,50,47,46,45,40,41,50,29,36,32,31,40,44,36,48,42,32,34,47,28,39,59,45,38,52,37,45,50,47,34,37,48,46,34,46
17,37,35,22,43,56,36,40,44,37,21,33,34,41,24,34,39,28,33,37,29,32,17,37,32,42,19,34,47,32,28,48,40,30,36,34,30,29,44,22,32,42,22,21,41,34,48,29,39,38,45,42,33,40,32,37,36,44,17,39,34,39,47,37,28,28,29,21,33,40,45,23,32,35,35,36,32,28,24,28,37,36,40,34,27,33,26,37,42,25,38,30,23,26,39,54,40,31,31,34,30,56,24,30,29,27,42,20,44,48,39,35,42,30,34,40,29,36,32,41,38,0,32,42,29,40,33,38,42,42,34,30,44,44,41,33,32,46,41,36,41,39,38,40,33,33,41,33,40,41,39,36,38,38,42,37,35,40,33,47,37,46,44,42,28,37,44,40,40,29,53,39,37,44,42,36,41,45,46,44,41,31,44,42,43,37,20,36
19,25,23,26,29,57,18,27,33,21,23,32,38,29,30,40,29,16,27,27,33,25,35,43,23,30,35,25,42,38,36,49,38,22,27,17,23,25,25,20,23,30,26,20,28,37,42,19,37,25,48,49,37,35,13,28,39,40,37,38,25,29,43,38,25,22,25,34,33,29,48,22,22,37,31,28,24,6,23,27,32,48,30,26,36,38,16,23,26,36,46,30,36,28,38,49,23,23,25,26,39,54,28,39,26,29,50,26,52,47,24,26,30,22,24,26,39,35,39,30,50,32,0,29,28,39,39,22,32,28,32,26,39,45,29,33,40,31,29,30,29,33,28,29,19,13,31,26,40,31,28,40,22,29,30,27,30,31,34,32,46,47,45,42,25,41,43,30,33,22,43,30,39,43,34,26,37,30,35,52,29,21,43,41,31,27,31,26
33,21,23,39,12,51,27,32,19,34,33,36,47,26,35,47,16,34,19,32,33,28,47,54,30,15,47,27,43,48,47,43,38,24,30,25,33,29,25,22,28,25,39,32,20,44,45,33,32,29,50,54,36,32,23,30,41,48,47,35,28,10,42,37,33,24,41,47,36,23,54,30,29,44,35,13,27,29,24,35,18,53,29,16,47,48,29,16,25,48,48,37,48,35,35,45,26,21,26,26,43,51,34,44,30,39,53,39,59,45,16,26,15,27,17,12,39,46,43,24,53,42,29,0,34,36,41,27,17,14,34,10,36,43,11,39,47,24,14,31,12,34,16,6,25,27,24,26,32,24,22,47,27,21,20,17,39,32,39,20,56,43,43,45,35,47,43,14,14,29,47,20,41,43,40,17,36,23,42,59,6,25,45,43,22,19,41,32
24,27,29,27,34,50,30,36,40,33,23,26,32,39,7,31,34,26,27,32,31,31,36,42,31,35,32,31,41,36,34,47,41,28,35,30,27,31,36,28,31,37,27,26,35,35,38,25,42,28,41,31,30,35,32,35,38,38,29,33,31,32,43,39,27,25,32,32,33,34,41,28,33,31,35,35,35,26,28,22,35,38,37,27,32,36,26,36,38,34,42,24,33,15,32,44,36,27,25,33,17,55,3,17,28,17,33,26,36,50,34,27,35,33,31,33,39,37,40,36,34,29,28,34,0,44,39,28,37,38,33,33,41,33,34,15,35,38,37,29,34,45,37,34,29,25,35,25,44,40,32,29,28,35,40,32,26,34,28,42,43,47,32,21,20,30,32,36,37,27,50,35,42,33,40,31,42,40,38,36,37,31,32,32,40,32,30,32
36,25,27,41,35,39,36,34,37,37,30,41,34,41,44,34,30,38,33,34,31,24,43,53,24,25,46,24,30,43,34,35,32,38,30,37,34,34,32,34,30,41,40,36,30,47,37,36,8,25,44,42,20,29,37,30,33,39,45,30,24,28,35,28,31,36,36,47,9,29,42,38,38,44,30,35,35,36,43,40,30,35,37,36,47,43,38,39,39,43,43,30,42,40,26,39,41,27,32,39,45,42,44,45,28,43,35,38,47,27,36,32,24,35,28,35,35,43,33,40,33,40,39,36,44,0,33,27,24,37,33,36,37,37,30,33,33,41,34,27,32,37,39,35,39,35,33,32,4,41,33,39,27,32,37,27,37,36,38,33,48,39,37,35,40,37,37,39,25,28,43,35,31,39,43,28,10,38,27,45,34,31,37,39,33,28,40,36
36,33,35,39,42,36,31,39,44,40,34,41,30,37,39,28,40,32,27,34,12,29,40,55,28,34,45,33,27,41,28,26,34,27,35,36,39,30,42,27,29,37,38,38,31,43,40,39,37,27,42,44,29,32,39,39,18,44,39,21,33,36,35,25,25,17,37,46,37,34,40,32,28,41,22,34,27,39,36,37,29,22,38,29,38,41,36,32,42,38,48,38,38,37,23,34,33,30,30,24,45,38,39,45,37,38,28,38,47,32,37,28,34,25,30,36,4,47,16,36,26,33,39,41,39,33,0,33,31,44,34,34,47,33,37,40,36,39,36,27,41,47,34,40,22,29,39,26,33,45,35,38,33,43,41,33,38,40,43,39,43,26,33,37,40,42,34,42,32,33,28,39,14,37,41,30,33,42,29,49,36,35,32,39,34,31,30,37
27,24,24,31,30,51,25,30,32,22,27,29,38,30,29,38,28,26,19,23,27,24,43,49,24,30,42,26,38,41,37,42,38,21,26,20,25,17,28,22,24,29,31,26,27,39,37,27,31,19,46,46,28,29,19,21,32,34,41,29,26,28,44,30,27,23,33,42,27,30,44,25,23,39,21,27,25,19,28,30,29,44,29,20,41,41,21,26,30,39,39,26,39,30,29,44,26,20,20,22,37,48,28,38,24,31,46,31,50,40,25,13,30,28,21,25,29,35,34,30,46,38,22,27,28,27,33,0,23,29,35,27,35,37,28,31,39,31,25,20,27,38,24,30,17,17,29,12,29,30,24,40,1,25,34,22,31,32,31,30,46,41,37,37,29,42,37,31,30,25,35,27,32,33,37,21,29,31,37,50,24,26,35,32,28,22,34,26
33,28,22,37,14,43,36,32,25,34,31,40,37,27,38,37,17,29,26,26,25,22,47,57,20,5,46,33,28,48,37,31,33,29,25,34,31,26,23,27,22,23,37,33,10,43,39,33,20,16,40,46,20,29,30,31,33,43,47,27,33,10,34,22,23,26,37,46,23,10,44,30,31,47,27,19,29,31,32,38,12,43,31,21,46,48,31,19,28,46,42,34,46,37,27,37,28,24,27,29,45,46,37,47,29,35,43,37,51,33,16,24,4,28,12,15,31,41,33,25,43,42,32,17,37,24,31,23,0,18,32,20,39,36,12,35,35,23,13,22,21,39,27,14,29,26,26,28,20,27,22,37,29,20,8,15,38,35,38,9,46,35,36,37,34,45,39,16,5,29,39,25,29,39,43,12,24,23,33,51,13,29,36,39,9,13,43,31
33,22,20,38,14,58,24,34,17,33,33,39,46,21,38,46,12,32,23,36,38,33,47,57,35,24,47,33,48,47,46,44,45,24,33,18,30,26,21,22,33,21,38,33,18,47,44,33,39,28,53,55,40,31,20,31,40,52,47,40,33,11,41,40,32,31,39,47,39,25,55,31,27,44,34,13,27,26,30,35,20,52,32,17,47,47,25,14,21,47,52,39,47,38,40,50,30,23,26,31,47,52,38,47,33,39,52,38,60,44,13,29,26,27,22,13,44,47,40,22,52,42,28,14,38,37,44,29,18,0,33,9,39,46,12,33,46,18,16,26,14,39,4,16,29,28,23,25,38,18,21,44,25,20,10,18,33,37,37,20,55,47,46,42,31,43,42,6,20,30,44,21,41,42,37,19,36,19,40,56,12,20,44,42,26,20,40,31
27,29,29,30,33,52,32,30,39,32,25,34,37,38,33,37,33,28,30,33,30,31,42,51,32,32,38,31,47,41,36,42,43,28,30,33,12,20,34,28,31,41,29,27,29,39,45,26,37,32,53,46,30,37,33,29,38,48,42,37,31,30,38,43,25,31,29,39,31,34,50,26,28,44,28,32,25,32,28,27,29,40,35,32,41,40,31,33,40,38,45,33,39,29,37,44,32,29,28,27,43,55,33,44,29,30,42,29,54,42,31,31,32,26,31,34,38,41,36,39,40,34,32,34,33,33,34,35,32,33,0,29,45,42,32,30,36,38,34,29,37,42,33,32,30,32,37,29,35,33,33,33,30,34,29,30,35,33,35,39,47,40,42,39,31,38,44,29,32,26,43,35,34,40,44,29,33,38,37,55,34,31,42,39,34,30,35,30
21,21,21,27,12,56,30,33,21,31,22,38,34,23,32,34,10,20,20,31,28,30,35,51,27,18,36,33,45,40,34,46,37,17,30,26,28,23,26,12,30,22,27,20,12,45,46,26,36,28,51,49,33,38,22,23,36,46,35,32,33,13,40,39,19,24,27,36,34,22,51,19,18,44,30,7,20,24,27,35,10,40,30,12,36,40,23,12,22,36,46,36,36,32,30,50,32,19,26,24,42,55,33,41,28,32,40,27,54,43,6,27,18,20,18,13,34,45,30,23,40,30,26,10,33,36,34,27,20,9,29,0,44,42,20,35,40,22,16,30,18,40,14,16,26,26,26,27,36,18,18,40,27,20,25,16,31,34,37,18,49,46,42,44,36,43,40,17,18,23,39,17,36,40,42,16,36,22,33,58,16,26,44,40,20,18,35,30
36,38,34,43,34,65,37,48,44,37,36,44,45,42,41,45,34,41,39,41,44,39,51,59,39,37,46,39,51,48,47,56,42,39,39,36,38,35,41,35,39,41,42,37,39,48,43,36,39,42,57,55,41,36,36,37,45,58,48,47,38,32,53,44,38,42,45,48,45,37,56,35,40,43,42,38,40,38,38,42,41,54,41,39,49,48,40,43,42,44,58,39,43,41,43,57,39,40,36,40,51,58,41,50,39,43,52,45,56,54,42,40,38,42,40,37,47,50,47,43,52,44,39,36,41,37,47,35,39,39,45,44,0,49,31,48,49,43,33,41,34,34,40,32,36,36,43,38,39,43,42,49,38,38,42,40,46,41,44,43,58,50,50,50,41,50,50,39,38,45,53,41,45,50,34,40,41,43,46,65,34,44,50,50,38,39,42,38
36,37,39,37,44,36,39,32,47,39,36,23,28,47,33,27,42,38,31,43,26,37,42,52,36,35,43,35,44,42,29,48,34,38,36,40,39,40,46,38,37,43,37,36,31,34,24,33,37,34,21,33,30,42,42,36,37,35,38,31,35,38,39,30,28,31,40,44,28,38,21,37,43,40,28,38,38,45,39,32,31,35,41,37,41,42,36,42,47,42,42,36,41,34,31,28,44,39,33,35,37,58,33,38,35,37,34,37,38,47,42,31,35,35,37,38,31,40,37,46,33,44,45,43,33,37,33,37,36,46,42,42,49,0,41,31,29,43,42,30,45,51,40,44,36,35,42,31,35,46,39,28,37,41,42,38,22,32,17,38,36,46,3,20,32,34,11,46,35,36,50,41,32,18,46,37,34,46,44,39,42,39,11,20,40,38,37,42
32,19,19,37,7,53,25,36,15,28,32,34,41,24,35,41,10,29,21,32,31,30,46,54,30,11,46,27,44,44,39,35,43,21,32,21,29,25,25,23,30,22,37,32,16,41,43,29,26,29,52,50,36,35,19,29,35,50,46,33,29,2,42,38,27,24,33,46,36,19,50,30,27,44,29,8,29,27,26,35,14,47,27,17,46,44,27,14,21,46,50,37,46,35,31,47,30,20,26,26,43,50,34,44,30,35,47,37,55,41,14,26,10,29,19,10,37,45,39,22,47,41,29,11,34,30,37,28,12,12,32,20,31,41,0,37,39,24,5,27,11,35,16,13,26,25,22,24,24,20,20,41,28,14,18,19,37,38,36,20,50,39,41,41,33,47,43,14,7,28,43,18,35,43,35,19,28,21,39,55,6,24,41,43,15,15,41,27
27,33,35,30,37,53,35,31,42,34,25,21,32,44,16,32,37,27,31,33,30,31,44,48,32,34,37,35,40,37,34,46,42,32,35,37,30,34,37,32,31,40,30,27,33,36,38,29,35,28,45,25,33,38,35,35,39,35,38,37,35,36,50,33,33,29,34,38,32,36,43,29,35,34,35,38,39,29,32,23,35,40,39,36,38,38,30,36,44,36,39,30,35,20,35,45,37,29,26,35,34,51,14,36,27,22,40,30,37,48,33,27,34,37,33,36,38,38,36,43,40,33,33,39,15,33,40,31,35,33,30,35,48,31,37,0,36,45,37,29,39,46,38,35,27,25,40,27,40,35,34,30,31,37,35,34,28,36,22,39,42,47,33,25,23,36,31,37,36,25,47,39,40,30,43,33,38,44,41,37,37,34,29,34,36,34,27,36
25,35,37,12,44,43,37,31,48,35,29,41,12,46,32,10,40,27,39,39,31,37,34,50,38,34,29,39,49,25,6,48,41,34,40,41,35,32,44,28,39,46,8,26,33,39,31,32,27,36,38,37,34,38,35,37,39,41,32,33,39,38,37,36,24,36,19,30,34,38,38,28,37,39,31,34,32,38,31,38,31,14,42,38,32,25,27,43,45,24,37,34,22,26,29,39,40,37,39,35,37,53,34,37,37,37,16,6,42,47,44,39,34,34,38,40,35,39,35,46,16,32,40,47,35,33,36,39,35,46,36,40,49,29,39,36,0,47,44,35,45,47,38,44,34,31,43,35,33,45,41,14,37,43,40,39,39,33,35,42,24,45,29,28,36,34,29,44,36,24,50,40,27,30,46,38,30,46,45,40,44,37,29,28,42,39,26,39
37,23,21,41,22,58,29,44,21,31,36,41,47,6,39,47,21,37,23,39,33,33,51,59,38,20,50,34,49,50,47,48,45,21,35,24,36,29,27,22,33,16,41,37,20,48,44,35,41,31,51,55,37,42,25,33,41,56,51,37,34,20,46,43,29,29,45,50,39,28,53,34,32,48,35,21,34,29,34,39,21,53,29,22,50,50,30,20,15,50,56,38,50,40,36,52,36,23,30,33,48,53,38,48,33,46,53,41,60,48,25,31,19,34,24,21,39,49,43,10,53,46,31,24,38,41,39,31,23,18,38,22,43,43,24,45,47,0,19,33,27,41,19,22,34,34,2,29,41,23,18,48,30,20,21,19,45,34,45,19,57,48,48,47,37,49,46,18,21,35,48,21,39,46,43,24,41,9,45,61,21,21,47,46,19,18,44,31
32,20,17,37,10,50,29,32,18,32,32,34,44,21,37,44,11,30,18,27,30,22,46,56,22,11,46,28,34,48,44,42,34,22,21,27,33,28,25,23,22,21,37,32,17,44,46,34,30,26,49,53,29,27,23,31,40,46,46,34,27,5,39,28,30,22,37,46,33,15,53,30,26,46,34,10,24,27,32,37,19,50,29,15,46,48,27,14,21,46,46,35,46,37,34,44,28,18,28,24,46,48,37,46,27,37,50,37,58,42,14,27,9,24,13,11,36,44,40,20,50,41,29,14,37,34,36,25,13,16,34,16,33,42,5,37,44,19,0,30,11,33,18,9,24,22,19,28,30,22,21,44,27,15,20,17,35,38,36,19,53,42,44,44,37,45,44,12,12,27,44,20,40,44,37,17,34,22,39,58,1,21,44,44,20,13,41,31
27,17,19,35,30,46,25,31,35,32,26,32,33,32,29,33,28,24,21,34,21,27,42,49,27,22,44,30,35,44,35,35,41,20,34,24,27,27,27,22,27,30,35,28,17,38,31,28,31,8,39,39,27,32,20,29,29,42,42,22,30,24,35,27,12,23,36,43,24,24,35,23,33,27,19,26,32,23,26,18,19,39,34,21,40,44,26,29,32,43,42,33,44,29,24,38,29,15,18,26,39,47,29,38,23,25,39,36,46,35,28,25,22,30,23,24,27,42,31,31,39,36,30,31,29,27,27,20,22,26,29,30,41,30,27,29,35,33,30,0,31,42,30,30,21,23,28,23,29,31,24,28,21,26,28,26,33,27,27,21,39,35,28,22,26,38,28,28,22,28,31,27,29,28,40,23,27,28,30,38,30,29,24,30,28,24,36,28
32,19,23,37,10,53,31,34,21,34,31,36,47,27,35,47,12,34,21,32,35,30,46,54,32,18,46,30,45,48,45,45,42,24,32,27,33,29,23,21,30,25,37,32,24,45,47,33,36,29,52,54,38,30,25,30,41,48,46,37,29,8,42,39,33,26,39,46,36,25,54,30,29,44,35,14,27,29,24,35,20,53,29,16,46,48,29,18,25,46,48,35,46,35,35,47,28,21,26,28,43,51,34,44,32,39,53,37,59,45,18,26,19,27,19,13,41,46,43,26,53,41,29,12,34,32,41,27,21,14,37,18,34,45,11,39,45,27,11,31,0,30,16,12,25,29,24,26,36,20,21,43,27,19,22,19,39,34,39,18,52,45,43,45,35,45,43,14,19,29,49,21,39,43,38,19,32,25,42,59,10,23,45,43,21,23,39,32
33,38,34,40,36,62,34,45,42,38,39,38,50,41,44,51,34,38,40,36,38,33,41,59,33,35,50,33,46,55,46,47,49,37,35,34,37,36,37,35,33,40,41,34,39,51,49,42,37,38,59,59,37,28,34,39,45,56,46,42,32,36,50,40,40,36,41,51,37,35,62,38,32,48,34,38,34,32,40,39,37,53,40,38,48,55,34,37,39,48,54,41,48,42,42,56,42,40,39,36,49,49,45,50,38,46,52,40,64,47,38,38,36,34,34,39,47,49,49,40,51,39,33,34,45,37,47,38,39,39,42,40,34,51,35,46,47,41,33,42,30,0,38,32,36,36,38,37,40,43,40,49,35,38,36,35,42,29,42,38,59,48,47,50,37,43,50,35,38,41,54,39,47,52,42,36,39,40,50,63,34,38,48,51,36,37,32,39
29,15,18,32,16,55,22,32,16,30,29,36,40,20,35,40,14,33,17,33,28,29,43,54,29,20,43,27,49,41,38,46,45,18,29,20,27,22,21,16,29,21,32,30,11,42,44,29,39,28,47,52,33,37,19,26,36,47,43,31,27,18,40,35,33,26,38,43,32,22,48,27,24,44,30,15,24,25,27,35,13,46,24,18,43,41,29,13,20,41,49,36,41,33,33,42,34,17,26,26,44,52,37,44,26,36,48,32,55,46,16,25,24,24,12,15,34,42,33,20,48,38,28,16,37,39,34,24,27,4,33,14,40,40,16,38,38,19,18,30,16,38,0,18,25,26,16,24,39,19,20,41,25,16,25,19,31,33,33,25,48,47,42,42,30,39,39,8,20,24,46,21,35,41,38,18,37,21,39,54,15,18,40,39,18,15,33,26
31,21,19,36,10,54,27,34,19,30,30,34,44,22,34,44,12,29,23,32,34,30,45,54,30,11,45,30,44,46,44,42,44,23,32,23,30,26,27,20,30,23,36,31,17,43,46,31,31,30,53,53,39,26,21,32,40,50,45,36,27,6,41,38,30,24,35,45,39,15,53,29,25,43,34,16,27,27,26,34,19,50,33,20,45,46,27,16,22,45,50,39,45,35,36,48,28,23,25,26,44,48,34,43,32,35,50,36,58,42,16,26,12,27,19,11,40,47,40,21,50,40,29,6,34,35,40,30,14,16,32,16,32,44,13,35,44,22,9,30,12,32,18,0,26,25,20,26,31,23,22,44,30,16,20,17,39,38,37,18,53,42,44,44,34,47,44,14,16,28,44,21,40,44,36,19,35,22,39,58,2,22,44,44,16,13,43,31
22,19,21,27,26,50,25,32,33,26,24,26,34,34,27,32,23,16,19,23,12,21,38,46,21,27,38,21,36,38,34,42,38,21,22,27,27,24,25,19,21,30,27,23,25,39,44,24,35,24,48,48,28,33,20,32,26,46,40,30,21,22,41,32,19,4,27,38,35,23,46,22,14,41,18,20,10,18,22,30,23,38,26,24,36,38,22,27,29,36,46,35,36,31,32,46,28,22,18,4,38,49,29,36,22,27,42,27,50,42,28,19,26,6,22,22,18,43,24,33,40,33,19,25,29,39,22,17,29,29,30,26,36,36,26,27,34,34,24,21,25,36,25,26,0,8,30,19,37,29,21,37,25,26,33,23,27,26,21,30,42,42,30,38,33,39,32,29,29,17,38,25,30,34,36,22,37,32,35,50,24,28,30,38,27,23,34,29
22,21,19,25,25,50,23,34,30,23,24,25,31,34,23,29,22,16,25,25,21,23,38,42,23,24,38,23,38,35,31,37,40,23,24,23,27,24,24,23,23,28,25,23,21,38,40,21,34,24,42,43,27,37,20,15,15,43,40,36,23,21,39,34,23,12,27,38,30,23,42,28,14,37,7,22,10,14,27,26,23,35,26,27,36,35,26,23,30,35,45,30,35,27,34,44,30,24,20,12,34,47,25,32,24,25,39,25,45,37,20,23,23,6,24,18,27,40,21,33,37,33,13,27,25,35,29,17,26,28,32,26,36,35,25,25,31,34,22,23,29,36,26,25,8,0,29,23,36,29,24,38,17,27,28,26,27,28,25,32,43,37,33,37,33,41,29,27,27,17,37,25,19,31,34,24,33,33,27,49,26,22,31,35,30,25,36,27
32,23,22,37,20,55,29,35,20,31,33,40,42,8,36,42,19,34,22,36,33,31,46,55,31,25,45,32,44,46,43,44,45,21,29,24,30,27,23,23,31,13,37,32,21,45,43,32,33,28,52,51,34,41,25,31,40,52,46,38,32,20,43,39,27,32,42,45,37,23,52,29,33,45,34,22,31,29,34,36,22,48,24,20,46,46,31,19,17,46,52,37,46,37,38,49,33,19,27,30,45,52,35,45,32,41,48,37,56,41,26,28,20,31,25,22,39,47,41,12,48,41,31,24,35,33,39,29,26,23,37,26,43,42,22,40,43,2,19,28,24,38,16,20,30,29,0,29,33,18,21,49,29,21,28,23,42,32,42,25,58,44,47,49,36,43,48,19,20,31,45,23,47,48,44,25,34,13,49,63,19,25,48,48,22,21,42,29
22,19,23,29,26,47,24,30,32,24,19,21,36,30,25,36,26,25,19,27,21,24,38,48,24,28,41,26,37,37,35,39,38,20,26,21,25,18,27,22,24,31,29,24,27,35,39,22,35,30,42,40,28,27,22,26,30,41,35,29,26,24,37,30,29,17,31,41,30,23,36,21,22,35,27,27,24,18,26,26,27,42,26,18,37,37,25,27,28,37,43,31,37,23,33,39,26,18,12,18,34,48,25,34,20,27,42,29,45,39,25,1,28,25,23,25,24,39,32,29,42,33,26,26,25,32,26,12,28,25,29,27,38,31,24,27,35,29,28,23,26,37,24,26,19,23,29,0,34,31,23,39,13,26,29,25,27,32,23,28,48,40,31,33,22,43,33,29,28,25,38,26,34,29,35,23,33,31,37,47,26,24,27,28,30,24,32,24
36,27,27,42,31,37,34,36,35,37,30,41,35,41,44,35,34,39,31,30,29,20,43,53,20,21,46,20,26,45,35,31,28,38,26,35,34,34,32,34,26,40,41,36,30,47,39,36,4,23,42,44,16,25,39,30,34,41,45,28,20,24,33,26,31,34,37,47,13,25,44,38,39,46,31,35,36,37,43,42,28,36,37,36,47,45,40,39,39,45,45,34,44,40,26,37,41,29,34,37,45,44,44,45,28,43,36,39,49,31,36,34,20,36,24,35,33,45,34,39,34,40,40,32,44,4,33,29,20,38,35,36,39,35,24,40,33,41,30,29,36,40,39,31,37,36,33,34,0,41,34,35,31,31,35,23,37,36,38,34,44,37,37,35,42,39,37,37,21,28,41,34,33,39,43,24,14,39,27,45,30,29,37,39,29,24,42,36
32,20,20,37,22,58,28,38,10,33,33,42,45,22,39,45,21,28,24,36,36,34,46,58,33,23,47,33,49,46,45,46,43,24,32,27,29,25,26,22,34,24,37,31,16,48,44,33,41,31,55,55,38,38,26,36,40,49,46,37,33,17,48,40,31,33,37,47,38,25,55,31,33,48,35,16,29,31,33,39,17,50,32,21,47,46,29,16,22,46,50,37,46,39,37,49,34,23,30,29,48,53,40,48,35,36,50,37,60,45,20,31,20,29,21,16,45,47,40,23,50,41,31,24,40,41,45,30,27,18,33,18,43,46,20,35,45,23,22,31,20,43,19,23,29,29,18,31,41,0,19,45,32,18,27,21,38,34,38,27,54,47,46,46,41,46,45,24,23,36,48,20,42,45,43,20,40,27,39,60,17,22,46,45,23,22,43,30
30,17,19,35,20,53,29,37,15,32,29,36,41,12,32,41,15,28,21,32,29,32,44,53,31,19,44,33,44,46,41,43,43,21,28,26,29,23,23,20,32,19,35,30,18,44,43,29,34,24,50,47,35,36,24,28,38,49,44,30,33,18,38,38,27,25,35,44,33,24,48,29,27,41,30,18,23,26,33,32,17,47,25,23,45,46,28,19,6,45,49,34,45,35,29,47,31,16,23,21,44,52,32,41,29,36,47,35,55,45,18,23,21,23,14,18,35,44,38,8,47,39,28,22,32,33,35,24,22,21,33,18,42,39,20,34,41,18,21,24,21,40,20,22,21,24,21,23,34,19,0,41,28,17,23,19,38,35,36,27,51,42,43,40,34,44,44,23,21,29,45,15,37,44,44,22,33,12,41,56,17,22,42,44,22,20,42,26
31,35,35,20,44,49,41,32,49,37,27,41,4,46,30,8,42,27,41,41,31,41,36,54,40,36,33,39,47,37,10,43,42,34,40,43,36,36,44,32,41,46,22,31,33,43,28,28,33,34,40,35,34,41,37,41,39,41,34,33,39,38,37,34,20,36,27,33,33,38,40,30,37,40,31,36,32,42,33,34,31,20,43,38,34,39,25,43,46,32,41,34,31,34,31,43,42,39,38,35,40,55,28,40,37,35,10,20,40,46,44,39,36,34,39,40,35,43,35,46,16,36,40,47,29,39,38,40,37,44,33,40,49,28,41,30,14,48,44,28,43,49,41,44,37,38,49,39,35,45,41,0,40,44,40,40,39,32,35,42,22,47,27,24,32,34,29,42,36,31,47,41,32,28,48,39,34,46,44,40,44,41,29,28,42,40,28,41
27,24,24,31,30,51,25,30,32,22,27,29,38,30,29,38,28,26,19,23,27,24,43,49,24,30,42,26,38,41,37,42,38,21,26,20,25,17,28,22,24,29,31,26,27,39,37,27,31,19,46,46,28,29,19,21,32,34,41,29,26,28,44,30,27,23,33,42,27,30,44,25,23,39,21,27,25,19,28,30,29,44,29,20,41,41,21,26,30,39,39,26,39,30,29,44,26,20,20,22,37,48,28,38,24,31,46,31,50,40,25,12,30,28,21,25,29,35,34,30,46,38,22,27,28,27,33,1,29,25,30,27,38,37,28,31,37,30,27,21,27,35,25,30,25,17,29,13,31,32,28,40,0,25,34,22,31,32,31,30,46,41,37,37,29,42,37,31,30,25,35,27,32,33,37,21,29,31,37,50,24,26,35,32,28,22,34,26
29,17,19,35,16,52,28,36,6,31,30,39,43,24,34,43,13,31,19,30,37,27,43,53,27,19,44,30,40,44,43,44,39,19,29,26,30,24,24,20,27,19,35,28,19,44,43,30,31,25,48,52,31,33,23,27,39,47,43,34,30,16,43,34,29,28,37,44,33,21,50,27,29,43,31,19,27,27,32,34,18,49,25,19,44,44,27,18,21,44,48,35,44,34,34,47,30,20,25,26,44,48,35,43,29,36,50,35,57,42,20,26,18,27,18,19,43,44,39,20,50,38,29,21,35,32,43,25,20,20,34,20,38,41,14,37,43,20,15,26,19,38,16,16,26,27,21,26,31,18,17,44,25,0,26,18,36,36,36,23,58,44,48,48,35,47,49,23,24,27,51,17,37,50,40,15,32,23,38,63,13,24,48,50,27,18,39,24
33,19,25,37,20,59,30,32,28,33,32,40,40,24,40,40,22,25,20,40,34,34,47,59,33,13,46,35,47,44,40,45,44,30,36,27,27,26,24,28,34,27,37,33,14,50,43,30,35,32,53,49,37,33,25,33,39,53,47,35,35,17,37,41,26,28,35,46,37,16,51,30,30,51,32,19,29,28,33,42,16,47,29,22,46,44,33,22,28,46,53,44,46,39,33,53,29,24,31,33,47,45,40,49,30,37,47,37,54,45,23,29,11,28,19,15,41,52,39,22,47,42,30,20,40,37,41,34,8,10,29,25,42,42,18,35,40,21,20,28,22,36,25,20,33,28,28,29,35,27,23,40,34,26,0,19,34,33,36,16,49,48,36,40,38,41,38,16,13,35,41,22,40,37,46,19,40,27,34,54,19,22,38,37,9,17,41,31
28,13,15,33,17,46,25,29,17,29,27,35,39,17,31,39,20,29,17,22,27,17,42,52,17,14,43,27,32,44,39,42,33,21,19,26,26,23,20,17,17,23,33,27,15,41,43,29,24,20,45,49,21,34,22,24,36,43,42,29,27,13,40,25,26,23,35,43,27,21,48,27,24,43,30,14,24,25,29,34,15,45,28,18,43,44,26,17,22,42,43,29,42,33,30,40,25,13,25,23,40,52,32,40,26,33,46,33,53,38,18,25,11,24,6,12,33,39,34,16,46,37,27,17,32,27,33,22,15,18,30,16,40,38,19,34,39,19,17,26,19,35,19,17,23,26,23,25,23,21,19,40,22,18,19,0,32,29,33,17,49,42,36,39,33,39,34,19,14,28,32,15,36,35,41,10,27,16,38,52,12,18,37,35,14,4,40,26
29,31,33,31,39,39,30,30,42,30,31,7,37,45,24,35,39,31,31,34,26,25,40,52,28,37,45,33,34,44,39,49,39,34,29,33,34,36,37,30,25,40,31,30,34,39,38,29,39,29,25,45,29,40,29,33,36,31,36,36,33,36,46,32,35,23,30,46,29,40,31,33,27,38,28,36,31,28,35,25,36,43,39,34,42,44,32,34,41,40,43,32,41,24,34,35,35,31,27,31,38,50,26,36,29,26,47,31,45,46,31,27,37,27,30,34,39,41,36,44,45,35,30,39,26,37,38,31,38,33,35,31,46,22,37,28,39,45,35,33,39,42,31,39,27,27,42,27,37,38,38,39,31,36,34,32,0,35,16,38,44,46,23,33,29,36,17,41,37,33,47,39,37,24,46,30,34,44,38,43,31,34,23,26,35,31,31,39
30,30,32,34,38,49,35,23,38,28,33,33,33,35,32,31,36,31,33,27,25,11,45,54,20,33,45,11,43,40,35,46,23,33,9,39,33,36,35,32,13,36,33,30,30,45,37,35,33,27,45,45,8,31,32,31,33,47,45,31,11,35,44,26,28,28,34,45,25,30,45,31,32,43,25,33,30,33,32,35,30,41,35,34,41,40,34,32,35,42,46,29,42,30,30,45,29,33,34,28,42,44,34,43,30,32,40,34,48,46,34,32,32,28,24,33,40,47,35,34,40,40,31,32,34,36,40,32,35,37,33,34,41,32,38,36,33,34,38,27,34,29,33,38,26,28,32,32,36,34,35,32,32,36,33,29,35,0,37,35,53,45,38,36,33,33,36,32,35,31,46,35,30,36,39,24,31,35,41,51,36,32,38,34,37,33,40,36
31,29,31,33,37,40,36,31,43,30,33,5,33,45,26,31,34,33,31,36,27,30,40,48,33,33,43,32,43,40,35,51,43,32,28,37,34,36,33,34,30,44,33,32,33,36,33,31,40,31,26,38,30,41,33,35,43,39,36,35,32,33,44,32,33,25,33,44,33,35,20,35,35,32,27,36,31,32,37,25,35,39,39,36,38,40,34,36,41,38,43,34,37,26,35,36,37,29,26,25,32,56,28,34,31,28,43,33,38,51,35,23,37,27,35,34,42,40,45,44,41,33,34,39,28,38,43,31,38,37,35,37,44,17,36,22,35,45,36,27,39,42,33,37,21,25,42,23,38,38,36,35,31,36,36,33,16,37,0,37,37,48,30,26,29,32,28,41,36,35,50,38,38,27,39,35,37,44,37,38,37,36,28,27,37,36,25,38
38,28,28,42,18,53,31,35,29,35,39,39,42,21,41,42,15,33,27,36,30,36,52,60,29,11,53,36,43,50,42,44,44,31,35,30,34,33,28,27,33,20,42,38,12,48,35,37,34,25,46,46,31,31,32,35,38,48,52,33,36,14,38,35,27,32,43,53,30,20,45,37,33,49,28,17,33,33,34,40,14,50,34,21,53,50,32,25,26,50,48,40,50,41,33,47,36,25,30,30,48,39,42,50,28,41,50,42,53,42,18,28,10,33,22,19,39,49,40,22,50,47,32,20,42,33,39,30,9,20,39,18,43,38,20,39,42,19,19,21,18,38,25,18,30,32,25,28,34,27,27,42,30,23,16,17,38,35,37,0,50,39,38,38,37,42,39,20,13,31,42,24,34,39,45,18,31,27,36,53,19,21,39,39,15,21,45,28
38,42,42,32,53,57,46,43,58,47,40,47,18,55,41,18,51,39,50,52,36,48,38,51,47,45,38,46,47,33,24,45,52,43,47,49,45,46,51,39,48,55,32,39,42,41,38,42,44,45,34,34,41,51,45,50,43,37,32,41,46,47,54,46,31,41,35,36,45,47,34,41,46,45,36,45,41,48,43,44,40,25,52,47,36,34,37,52,55,24,45,43,26,43,39,43,52,46,48,44,39,56,43,37,46,44,27,30,35,46,53,48,45,39,47,49,39,41,39,55,29,37,46,56,43,48,43,46,46,55,47,49,58,36,50,42,24,57,53,39,52,59,48,53,42,43,58,48,44,54,51,22,46,58,49,49,44,53,37,50,0,48,37,31,46,36,37,53,45,38,48,50,35,38,56,47,40,55,44,33,53,48,33,40,51,48,29,49
42,41,41,45,42,35,45,44,48,51,42,47,47,48,47,46,44,38,41,49,34,42,51,65,41,34,50,41,33,50,47,4,45,39,43,48,42,32,46,37,42,48,45,42,37,52,50,47,37,37,46,48,39,42,47,46,26,48,49,31,41,38,43,34,35,39,45,50,36,37,47,38,44,50,32,42,41,45,44,43,35,40,44,42,50,48,48,43,45,52,44,48,50,47,27,36,50,40,36,42,51,26,47,51,43,46,35,46,53,16,42,40,34,41,41,42,28,53,30,46,36,46,47,43,47,39,26,41,35,47,40,46,50,46,39,47,45,48,42,35,45,48,47,42,42,37,44,40,37,47,42,47,41,44,48,42,46,45,48,39,48,0,46,45,46,46,48,44,30,43,20,43,28,48,54,41,37,47,37,51,38,44,48,44,40,38,50,47
35,37,39,37,44,36,38,31,47,39,35,20,27,47,32,25,42,38,31,43,24,37,42,52,36,35,43,35,44,42,29,48,34,38,36,40,38,40,46,38,37,43,37,35,31,35,26,33,37,34,22,34,30,42,42,35,37,34,38,31,35,38,39,30,28,29,40,44,28,38,22,37,42,40,26,38,37,45,39,31,31,34,41,37,40,42,36,42,47,42,42,36,41,34,31,28,44,39,33,34,37,58,32,38,35,37,34,37,36,47,42,31,35,33,37,38,31,41,37,46,32,44,45,43,32,37,33,37,36,46,42,42,50,3,41,33,29,48,44,28,43,47,42,44,30,33,47,31,37,46,43,27,37,48,36,36,23,38,30,38,37,46,0,18,31,32,8,46,35,35,50,41,32,17,47,37,33,46,42,38,42,39,8,19,40,38,36,42
33,35,37,36,44,46,39,31,48,41,31,32,26,47,22,24,42,36,37,42,32,39,40,47,38,36,37,39,45,38,28,43,41,38,40,40,36,40,42,38,39,43,36,33,31,36,27,35,35,30,34,14,34,42,42,39,41,38,40,34,39,38,43,34,28,37,41,38,31,39,32,35,46,33,30,40,41,44,38,29,33,31,43,35,36,38,36,46,47,34,36,36,33,26,32,38,46,35,32,40,34,55,20,34,33,31,31,36,28,48,42,33,36,39,39,38,39,38,43,46,31,42,42,45,21,35,37,37,37,42,39,44,50,20,41,25,28,47,44,22,45,50,42,44,38,37,49,33,35,46,40,24,37,48,40,39,33,36,26,38,31,45,18,0,29,24,22,44,36,31,48,41,31,21,43,39,31,44,43,26,44,41,20,21,42,40,36,42
27,29,31,26,34,47,29,35,40,28,25,23,34,39,19,34,35,31,27,30,33,32,39,41,32,34,37,31,46,38,36,46,40,32,35,26,24,24,36,28,32,38,28,28,36,33,35,29,44,27,41,39,33,37,28,37,40,39,32,30,31,33,42,40,32,29,34,33,31,31,39,24,35,15,37,36,35,21,28,4,36,42,36,29,34,38,30,34,38,38,41,25,36,23,28,39,31,25,14,33,31,51,19,29,25,23,38,28,47,46,34,22,34,35,31,34,38,37,40,37,40,28,25,35,20,40,40,29,34,31,31,36,41,32,33,23,36,37,37,26,35,37,30,34,33,33,36,22,42,41,34,32,29,35,38,33,29,33,29,37,46,46,31,29,0,37,31,35,35,32,44,35,37,28,41,33,39,39,37,47,37,33,29,24,40,34,31,36
35,39,39,36,47,47,36,37,48,43,39,37,32,49,30,30,43,39,41,41,38,35,39,53,36,43,42,37,38,39,32,44,41,42,35,40,38,42,41,40,35,50,38,37,39,33,34,39,39,38,48,46,34,40,42,44,44,41,33,43,37,42,53,36,36,41,37,42,39,43,50,39,43,37,38,44,41,36,40,35,41,44,46,39,39,39,41,43,51,36,39,40,36,32,41,39,43,41,41,41,29,44,30,31,41,34,42,38,47,42,45,43,43,39,37,44,42,37,42,51,44,37,41,47,30,37,42,42,45,43,38,43,50,34,47,36,34,49,45,38,45,43,39,47,39,41,43,43,39,46,44,34,42,47,41,39,36,33,32,42,36,46,32,24,37,0,30,41,39,37,39,45,41,33,43,35,39,48,38,42,43,39,34,33,41,41,33,45
35,33,35,37,44,32,34,31,48,39,37,18,27,47,30,25,44,40,37,43,26,35,40,50,34,38,43,33,44,44,29,50,36,40,34,34,40,42,42,36,35,43,37,36,29,39,27,35,39,30,14,38,28,44,38,37,33,28,38,35,33,38,39,32,30,31,40,44,30,39,20,39,38,38,22,38,33,43,41,31,31,34,43,37,40,44,38,44,46,42,42,38,41,30,33,28,44,37,33,36,35,56,32,36,35,35,38,37,38,44,40,33,38,29,36,36,32,41,33,46,36,44,43,43,32,37,34,37,39,42,44,40,50,11,43,31,29,46,44,28,43,50,39,44,32,29,48,33,37,45,44,29,37,49,38,34,17,36,28,39,37,48,8,22,31,30,0,48,36,37,49,42,30,15,45,36,33,44,42,36,40,37,6,17,38,37,36,43
31,24,22,36,14,60,26,32,18,31,29,39,44,20,38,44,12,28,21,36,36,33,45,57,35,26,45,33,48,43,44,44,45,18,33,22,26,22,23,22,33,21,36,31,20,43,45,27,39,30,57,53,40,33,24,31,40,54,45,38,33,11,39,40,28,29,37,45,39,24,55,29,27,44,34,13,27,28,30,35,16,50,31,15,45,43,29,16,22,45,50,39,45,38,38,52,28,23,26,29,45,50,36,47,31,39,48,36,58,46,15,29,20,27,22,7,42,45,40,21,48,40,30,14,36,39,42,31,16,6,29,17,39,46,14,37,44,18,12,28,14,35,8,14,29,27,19,29,37,24,23,42,31,23,16,19,41,32,41,20,53,44,46,44,35,41,48,0,19,30,44,19,41,44,41,17,40,22,39,60,14,22,44,44,25,22,40,30
32,26,17,37,11,46,30,32,26,34,32,41,36,24,37,36,16,26,23,34,25,32,46,55,30,9,46,29,37,45,36,30,40,27,32,26,29,24,27,25,32,24,37,32,8,43,38,31,21,20,45,45,29,37,25,30,32,48,46,28,34,13,36,31,22,29,37,46,31,10,44,29,31,45,26,15,27,33,29,35,10,42,28,27,46,45,30,19,25,46,48,37,46,37,28,40,31,25,26,29,46,45,37,46,30,37,42,37,50,32,14,28,1,27,22,10,32,47,32,22,42,40,33,14,37,25,32,30,5,20,32,18,38,35,7,36,36,21,12,22,19,38,20,16,29,27,20,28,21,23,21,36,30,24,13,14,37,35,36,13,45,30,35,36,35,39,36,19,0,29,38,23,28,38,42,22,25,18,32,50,12,26,35,38,8,10,42,30
18,25,29,21,28,45,31,35,33,29,18,31,29,35,29,27,26,22,23,28,32,25,34,48,25,29,26,30,39,34,22,47,35,23,23,27,24,24,26,17,25,35,21,19,28,42,44,20,26,29,49,43,33,33,21,4,39,48,32,31,30,26,43,36,18,18,18,28,32,29,47,18,12,43,32,21,9,25,10,30,26,30,26,25,26,34,15,28,33,30,46,34,30,29,35,43,29,27,29,15,40,48,27,38,24,27,32,21,49,45,29,25,28,11,27,27,35,42,33,35,32,29,22,29,27,28,33,25,29,30,26,23,45,36,28,25,24,35,27,28,29,41,24,28,17,17,31,25,28,36,29,31,25,27,35,28,33,31,35,31,38,43,35,31,32,37,37,30,29,0,44,30,39,35,34,23,22,33,39,57,26,27,35,33,34,26,33,26
47,37,39,47,44,34,43,39,49,48,43,50,49,43,50,50,46,42,37,44,32,38,56,64,37,38,53,37,24,51,50,16,41,41,40,42,47,38,44,39,38,41,47,47,31,54,46,48,41,33,50,49,34,42,43,45,30,50,51,29,37,36,50,25,33,37,49,55,31,35,50,41,40,51,30,40,37,41,45,45,31,36,41,43,54,51,41,42,47,54,46,46,53,47,27,37,48,42,38,40,54,32,50,54,42,47,33,48,56,12,41,38,38,35,37,38,28,53,28,42,34,53,43,47,50,43,28,35,39,44,43,39,53,50,43,47,50,48,44,31,49,54,46,44,38,37,45,38,41,48,45,47,35,51,41,32,47,46,50,42,48,20,50,48,44,39,49,44,38,44,0,45,30,42,55,37,33,44,46,49,38,43,49,42,36,38,53,44
30,20,21,34,20,54,29,36,16,32,32,37,40,20,35,40,18,30,22,31,33,32,44,53,30,19,45,33,44,44,40,43,41,21,27,25,31,26,24,23,32,15,34,29,18,43,44,31,34,29,51,50,35,38,25,30,35,50,44,32,33,19,36,38,30,26,37,45,34,25,49,30,24,44,29,20,26,28,32,35,16,46,27,18,46,44,31,23,15,44,50,35,44,35,32,48,30,20,26,25,44,51,35,44,28,39,47,34,55,43,14,26,23,26,17,19,39,45,36,17,47,39,30,20,35,35,39,27,25,21,35,17,41,41,18,39,40,21,20,27,21,39,21,21,25,25,23,26,34,20,15,41,27,17,22,15,39,35,38,24,50,43,41,41,35,45,42,19,23,30,45,0,37,44,43,18,35,16,36,58,17,25,44,44,25,21,38,26
38,35,33,42,40,39,35,37,41,42,40,41,30,41,42,28,38,32,35,36,20,33,42,53,32,28,47,36,29,38,28,28,38,31,37,35,39,32,41,33,33,40,41,40,27,44,41,41,35,27,39,40,33,36,36,38,4,41,41,21,36,36,35,27,29,27,40,46,39,35,39,35,30,39,14,36,27,39,46,40,29,24,42,34,40,40,38,35,39,38,47,42,38,38,21,37,37,34,30,32,43,38,42,43,43,42,30,40,43,30,30,34,28,25,34,32,18,46,10,40,28,37,39,41,42,31,14,32,29,41,34,36,45,32,35,40,27,39,40,29,39,47,35,40,30,19,47,34,33,42,37,32,32,37,40,36,37,30,38,34,35,28,32,31,37,41,30,41,28,39,30,37,0,37,39,34,34,42,19,51,40,35,37,39,38,35,37,34
37,33,35,38,44,39,36,32,48,39,35,33,28,47,33,28,44,39,37,43,28,35,42,54,34,38,43,31,43,45,30,46,34,42,32,36,40,40,42,38,34,43,38,37,29,37,27,38,39,30,25,37,26,44,38,39,33,37,39,33,31,38,41,33,30,33,43,44,30,39,31,39,40,41,24,38,35,43,40,26,31,39,43,39,39,45,38,44,46,43,39,34,42,33,31,31,44,39,33,38,38,54,33,39,35,36,39,38,41,42,40,29,38,31,37,36,33,39,33,46,39,44,43,43,33,39,37,33,39,42,40,40,50,18,43,30,30,46,44,28,43,52,41,44,34,31,48,29,39,45,44,28,33,50,37,35,24,36,27,39,38,48,17,21,28,33,15,44,38,35,42,44,37,0,46,37,29,44,40,37,40,39,21,6,38,38,37,44
36,38,38,45,38,66,34,47,46,38,40,41,46,42,40,45,38,42,41,37,38,38,45,61,38,41,51,38,53,52,47,56,45,35,38,32,38,35,39,35,38,42,43,38,39,47,41,40,43,40,52,54,40,34,32,36,39,58,47,47,37,36,48,40,42,36,45,51,41,42,51,37,34,47,36,36,34,33,34,43,41,55,41,41,47,52,36,43,43,53,59,43,53,39,45,54,38,38,35,36,47,58,40,48,42,42,59,42,57,58,42,35,42,34,40,37,41,49,39,44,59,42,34,40,40,43,41,37,43,37,44,42,34,46,35,43,46,43,37,40,38,42,38,36,36,34,44,35,43,43,44,48,37,40,46,41,46,39,39,45,56,54,47,43,41,43,45,41,42,34,55,43,39,46,0,35,40,45,47,66,39,44,47,52,43,45,39,38
27,19,18,32,19,49,24,28,24,28,26,33,38,24,30,38,17,28,14,20,24,16,41,51,16,22,42,22,30,43,38,41,30,17,18,25,25,22,25,16,16,24,32,27,20,40,38,28,24,19,45,48,20,29,21,24,34,42,41,28,22,19,40,24,25,20,34,42,26,24,48,26,22,42,28,18,24,24,25,33,20,44,26,15,42,43,25,17,23,41,42,28,41,32,27,43,24,13,24,22,39,45,31,39,22,32,45,32,52,41,16,23,10,24,2,18,30,38,34,23,45,36,26,17,31,28,30,21,12,19,29,16,40,37,19,33,38,24,17,23,19,36,18,19,22,24,25,23,24,20,22,39,21,15,19,10,30,24,35,18,47,41,37,39,33,35,36,17,22,23,37,18,34,37,35,0,27,23,36,52,13,20,39,37,14,10,34,25
32,25,27,37,35,39,34,32,37,37,32,42,34,41,40,32,30,38,33,36,29,24,45,57,23,25,41,24,30,41,32,33,31,36,29,35,34,34,30,32,29,41,39,33,30,43,36,34,12,25,43,41,17,27,37,26,36,39,45,30,24,28,35,30,31,34,32,43,17,29,41,36,36,45,28,35,33,36,41,39,30,38,34,34,39,39,38,37,39,41,39,26,40,38,28,35,41,27,32,37,45,42,42,45,24,39,38,36,45,27,36,33,24,33,27,35,35,39,34,40,38,41,37,36,42,10,33,29,24,36,33,36,41,34,28,38,30,41,34,27,32,39,37,35,37,33,34,33,14,40,33,34,29,32,40,27,34,31,37,31,40,37,33,31,39,39,33,40,25,22,33,35,34,29,40,27,0,38,29,47,34,29,35,33,33,28,40,34
36,22,20,40,22,59,29,43,19,33,36,39,46,15,40,46,20,36,23,36,36,35,50,60,36,17,49,36,48,50,46,47,45,21,37,23,33,28,22,21,35,15,40,36,20,49,45,36,40,28,53,53,39,39,25,33,42,55,50,39,36,20,47,42,30,28,44,49,39,30,54,33,31,48,36,19,33,28,35,39,19,52,29,20,49,50,30,20,6,49,56,38,49,41,39,52,35,22,30,32,50,55,40,49,31,45,52,40,58,48,22,31,16,33,23,21,42,49,42,12,52,45,30,23,40,38,42,31,23,19,38,22,43,46,21,44,46,9,22,28,25,40,21,22,32,33,13,31,39,27,12,46,31,23,27,16,44,35,44,27,55,47,46,44,39,48,44,22,18,33,44,16,42,44,45,23,38,0,44,59,21,21,45,45,21,16,44,29
38,38,36,40,39,49,34,42,43,35,37,42,43,45,37,41,39,40,38,36,30,37,40,47,38,32,42,37,47,43,43,41,42,35,36,38,36,38,41,39,37,38,41,38,27,44,39,36,29,32,45,42,32,43,37,41,21,42,38,32,37,38,35,33,33,34,44,44,33,38,45,41,35,41,20,38,36,33,39,35,29,36,40,38,41,43,39,39,43,45,50,37,45,39,32,48,38,38,37,38,40,49,38,37,37,40,41,41,46,43,27,37,32,33,37,34,31,46,27,44,37,46,35,42,38,27,29,37,33,40,37,33,46,44,39,41,45,45,39,30,42,50,39,39,35,27,49,37,27,39,41,44,37,38,34,38,38,41,37,36,44,37,42,43,37,38,42,39,32,39,46,36,19,40,47,36,29,44,0,48,39,40,35,33,32,37,42,35
45,47,49,48,58,51,50,48,63,55,47,46,40,61,38,38,56,50,53,56,44,51,43,48,50,50,47,51,51,45,40,53,55,50,52,50,52,54,54,50,51,58,48,47,45,40,44,51,47,46,35,25,46,56,54,59,51,45,37,48,51,52,59,50,42,49,51,47,47,53,33,51,58,40,42,54,53,52,51,45,47,45,59,47,45,47,50,60,61,45,44,52,45,38,46,46,60,47,48,52,29,62,36,35,49,41,47,48,6,53,56,47,50,51,52,52,49,44,53,60,45,44,52,59,36,45,49,50,51,56,55,58,65,39,55,37,40,61,58,38,59,63,54,58,50,49,63,47,45,60,56,40,50,63,54,52,43,51,38,53,33,51,38,26,47,42,36,60,50,57,49,58,51,37,66,52,47,59,48,0,58,53,34,41,56,53,42,55
32,18,16,37,2,50,29,32,15,30,32,34,44,21,37,44,4,30,15,23,30,22,46,56,22,12,46,30,34,48,44,38,34,23,19,27,33,28,25,23,22,20,37,32,17,44,46,34,30,26,49,53,29,28,23,26,40,44,46,34,30,5,42,28,30,22,37,46,33,15,53,30,26,46,34,11,26,27,32,37,15,50,30,13,46,48,27,14,21,46,44,31,46,37,34,44,28,15,28,24,46,50,37,46,24,37,50,37,58,42,12,26,11,26,13,11,36,42,40,19,50,41,29,6,37,34,36,24,13,12,34,16,34,42,6,37,44,21,1,30,10,34,15,2,24,26,19,26,30,17,17,44,24,13,19,12,31,36,37,19,53,38,42,44,37,43,40,14,12,26,38,17,40,40,39,13,34,21,39,58,0,21,42,44,20,12,43,30
22,10,12,31,22,55,20,34,25,26,26,34,39,22,27,39,19,29,14,33,27,29,36,46,29,26,40,27,38,40,37,44,42,21,31,15,26,21,24,19,29,24,31,24,22,38,40,22,29,25,46,50,27,33,15,27,33,49,38,35,27,19,40,31,29,26,38,40,30,19,48,26,28,42,27,20,26,19,29,33,24,45,28,21,42,40,24,20,23,40,49,34,40,29,33,45,30,16,23,30,40,49,31,36,21,34,47,31,53,44,24,24,26,24,20,18,33,42,33,21,47,31,21,25,31,31,35,26,29,20,31,26,44,39,24,34,37,21,21,29,23,38,18,22,28,22,25,24,29,22,22,41,26,24,22,18,34,32,36,21,48,44,39,41,33,39,37,22,26,27,43,25,35,39,44,20,29,21,40,53,21,0,37,43,25,18,35,28
35,33,35,37,44,36,34,31,49,39,37,12,27,47,30,25,42,40,35,43,24,38,38,46,37,35,41,36,46,38,29,50,39,36,37,36,38,40,40,38,38,44,37,36,31,37,27,35,39,32,20,34,31,45,40,39,35,28,36,33,36,38,39,34,30,29,40,42,30,38,14,39,42,34,24,40,37,43,41,29,33,32,43,33,38,38,38,44,47,38,42,38,37,30,35,32,44,33,30,34,31,56,32,32,35,35,36,37,34,48,42,27,35,33,39,38,30,41,37,46,34,44,43,45,32,37,32,35,36,44,42,44,50,11,41,29,29,47,44,24,45,48,40,44,30,31,48,27,37,46,42,29,35,48,38,37,23,38,28,39,33,48,8,20,29,34,6,44,35,35,49,44,37,21,47,39,35,45,35,34,42,37,0,23,42,40,36,41
37,35,37,34,44,37,34,32,48,37,35,35,28,47,31,26,44,37,37,41,32,35,42,54,34,38,41,35,43,45,26,46,36,42,36,36,39,38,44,36,35,43,36,37,29,35,29,36,37,32,27,37,30,44,36,37,37,39,37,32,35,38,38,35,32,37,39,42,32,39,33,37,38,41,28,38,33,41,38,22,31,37,42,39,37,45,36,44,46,39,37,33,38,29,30,27,42,39,33,36,37,54,31,38,35,34,35,34,41,42,40,28,38,35,37,36,37,37,37,46,37,42,41,43,32,39,39,32,39,42,39,40,50,20,43,34,28,46,44,30,43,51,39,44,38,35,48,28,39,45,44,28,32,50,37,35,26,34,27,39,40,44,19,21,24,33,17,44,38,33,42,44,39,6,52,37,33,45,33,41,44,43,23,0,38,38,35,44
34,17,21,39,19,48,30,28,23,34,35,36,42,19,39,42,18,27,19,32,28,24,48,58,22,9,49,31,29,50,42,40,32,27,22,28,36,31,24,27,24,19,39,34,10,47,42,37,29,24,47,51,27,31,25,34,38,45,48,32,30,13,35,23,28,25,37,49,31,13,51,33,28,49,30,21,30,29,35,40,12,48,33,23,49,50,29,17,28,48,45,38,48,39,32,42,30,15,31,27,48,43,40,48,28,37,48,39,56,40,18,30,9,30,14,12,34,47,38,18,48,43,31,22,40,33,34,28,9,26,34,20,38,40,15,36,42,19,20,28,21,36,18,16,27,30,22,30,29,23,22,42,28,27,9,14,35,37,37,15,51,40,40,42,40,41,38,25,8,34,36,25,38,38,43,14,33,21,32,56,20,25,42,38,0,18,43,32
28,13,11,33,11,50,25,29,16,29,27,34,39,22,31,39,14,29,19,22,25,17,42,52,17,10,43,28,32,44,39,38,31,18,19,26,26,23,22,17,17,22,33,27,15,41,43,29,25,20,46,49,21,36,22,26,35,43,42,29,28,7,41,25,26,21,35,43,27,13,49,27,25,43,29,16,25,25,26,34,15,45,29,22,43,44,26,17,22,42,43,29,42,33,28,44,25,13,25,23,40,49,32,40,23,33,46,33,53,36,18,24,9,25,10,14,31,39,35,15,46,37,27,19,32,28,31,22,13,20,30,18,39,38,15,34,39,18,13,24,23,37,15,13,23,25,21,24,24,22,20,40,22,18,17,4,31,33,36,21,48,38,38,40,34,41,37,22,10,26,38,21,35,38,45,10,28,16,37,53,12,18,40,38,18,0,38,27
23,37,35,18,43,54,31,32,45,30,23,31,26,42,28,26,39,24,33,34,31,29,31,47,33,42,25,35,48,29,22,50,42,30,33,36,31,31,44,24,33,44,18,24,41,34,41,27,42,36,41,41,30,33,30,35,41,39,26,38,35,39,50,28,32,30,22,27,31,41,41,24,32,34,37,36,32,33,24,29,37,30,39,34,27,29,20,39,42,25,37,32,25,24,40,48,33,33,33,34,32,58,30,32,29,33,36,18,42,48,39,32,42,32,34,40,35,36,37,42,34,20,31,41,30,40,30,34,43,40,35,35,42,37,41,27,26,44,41,36,39,32,33,43,34,36,42,32,42,43,42,28,34,39,41,40,31,40,25,45,29,50,36,36,31,33,36,40,42,33,53,38,37,37,39,34,40,44,42,42,43,35,36,35,43,38,0,38
25,28,27,33,31,51,31,32,28,30,26,37,40,32,31,40,30,26,26,29,33,25,40,52,27,30,42,30,44,41,39,48,41,26,28,28,28,27,28,28,27,27,33,24,28,44,46,22,37,28,52,51,29,31,26,26,33,49,40,36,30,29,45,35,28,26,35,42,33,30,50,25,27,45,35,26,26,29,26,36,28,45,4,28,43,41,29,29,31,42,49,37,42,30,35,47,28,27,27,29,42,46,32,40,31,33,47,33,55,44,31,24,29,26,26,27,37,45,30,32,46,36,26,32,32,36,37,26,31,31,30,30,38,42,27,36,39,31,31,28,32,39,26,31,29,27,29,24,36,30,26,41,26,24,31,26,39,36,38,28,49,47,42,42,36,45,43,30,30,26,44,26,34,44,38,25,34,29,35,55,30,28,41,44,32,27,38,0
