0,24,26,25,28,47,25,21,29,13,24,27,29,30,27,36,28,19,22,9,35,8,38,42,8,29,26,14,35,44,32,39,29,21,14,19,19,16,27,27,8,31,26,4,35,30,34,10,38,34,53,48,33,28,17,18,30,41,36,28,8,26,40,38,24,25,31,28,21,29,46,8,25,28,31,23,24,22,26,28,29,37,26,29,32,34,19,33,31,32,35,21,30,23,28,43,12,20,24,25,35,37,19,33,32,27,41,30,51,32,30,19,29,15,24,28,35,32,26,30,39,31,24,29,19,34,35,19,30,26,32,26,32,35,26,31,35,30,24,30,28,28,31,24,21,30,30,19,32,34,30,41,19,27,29,25,25,24,27,29,52,48,35,35,20,39,45,32,36,32,36,29,33,27,33,24,36,30,38,53,24,28,41,42,34,25,31,26
24,0,6,27,19,53,20,33,22,29,26,33,35,22,27,39,22,31,6,31,26,29,30,46,31,23,36,29,30,38,32,38,35,15,29,15,17,20,8,1,29,21,24,22,20,39,41,34,37,23,47,45,32,32,15,25,28,43,32,25,23,14,40,30,7,16,28,36,18,21,51,21,16,34,28,18,14,20,25,29,19,40,27,19,40,38,24,17,17,38,41,34,38,29,13,39,31,2,14,18,37,42,31,39,22,33,39,27,55,29,19,19,19,24,20,15,28,39,32,24,39,33,20,19,32,21,30,15,20,18,23,19,32,38,17,27,33,23,16,13,18,31,17,16,22,18,22,19,26,18,14,35,15,23,26,18,29,32,33,22,46,43,37,37,27,39,37,20,20,18,43,22,35,39,36,20,28,18,39,53,16,2,37,31,25,19,39,28
26,6,0,25,19,53,21,39,19,23,24,27,33,19,27,39,22,26,8,32,30,19,30,46,23,16,36,19,30,38,28,44,38,15,29,9,23,14,10,1,19,24,27,29,23,39,41,28,30,17,46,41,27,34,15,21,26,43,30,21,19,14,41,38,7,16,24,36,22,20,50,27,14,34,30,18,14,18,22,27,17,36,25,19,40,40,26,18,17,36,41,30,38,27,13,43,23,2,14,20,37,45,31,38,20,31,39,32,53,35,20,25,16,22,20,16,30,38,34,21,35,31,18,18,32,19,35,15,23,17,25,18,32,40,15,27,36,23,17,13,19,32,17,17,22,18,20,25,38,22,16,37,15,19,17,19,27,30,29,23,44,47,39,35,27,37,35,19,22,18,37,22,37,35,34,20,25,21,37,51,16,8,37,35,26,13,37,27
25,27,25,0,37,54,26,34,38,36,29,30,12,35,24,10,41,32,29,39,37,32,39,47,29,40,32,29,36,39,12,46,42,27,37,30,37,32,32,26,32,40,6,31,40,34,33,30,44,31,36,32,41,35,24,29,36,41,30,31,36,33,41,46,30,30,6,38,30,36,46,27,34,36,40,36,27,30,37,14,42,22,33,38,39,34,23,33,36,32,39,35,27,24,35,37,35,29,28,34,32,46,31,33,24,30,18,10,53,42,37,27,41,29,32,34,34,39,42,39,18,23,24,37,31,29,29,25,42,36,33,37,42,35,33,28,12,40,36,37,34,33,35,36,33,31,36,27,40,38,35,8,25,37,38,30,29,27,31,37,35,47,35,32,26,36,34,39,40,29,44,36,29,20,41,32,43,36,42,46,36,28,38,22,40,36,29,31
28,19,19,37,0,54,24,30,17,26,30,41,45,19,34,46,6,29,17,32,30,26,44,56,24,6,45,25,42,44,44,43,42,16,24,14,25,20,23,19,26,20,35,26,14,44,42,34,37,26,58,52,38,28,22,26,41,45,44,37,24,6,44,40,30,21,34,45,36,15,55,23,25,47,33,3,25,21,25,37,14,50,31,10,50,44,23,12,19,45,45,36,45,36,35,48,28,19,29,21,47,46,36,45,31,36,45,36,60,43,10,26,6,25,13,8,38,44,39,18,45,40,23,4,36,38,39,26,8,13,33,10,30,41,5,36,43,20,2,26,8,30,10,2,21,21,19,26,37,14,17,41,26,20,8,13,37,34,34,10,58,44,41,44,35,43,46,10,5,27,47,17,41,45,32,13,37,17,35,61,2,17,46,47,13,13,39,30
47,53,53,54,54,0,55,49,58,54,53,44,44,53,40,44,57,54,51,56,45,46,61,63,48,48,54,46,44,59,42,38,60,52,51,59,62,56,53,50,46,57,54,54,47,42,45,55,45,48,46,54,36,57,57,59,36,40,53,34,48,52,56,39,47,55,57,56,41,52,58,50,50,53,50,62,58,55,54,48,47,41,52,54,57,59,60,51,56,52,42,43,56,38,40,26,52,51,52,50,56,50,48,56,62,51,38,50,51,39,53,56,49,60,55,54,50,36,34,54,42,57,58,56,49,45,46,52,49,57,51,61,63,40,53,39,50,56,57,48,61,58,52,59,51,56,55,56,43,63,59,50,52,63,50,53,43,47,33,50,62,31,38,30,42,42,26,55,48,57,28,56,42,44,62,56,49,59,55,53,56,56,34,35,56,53,60,51
25,20,21,26,24,55,0,29,28,22,24,29,38,26,30,40,23,30,16,26,17,22,43,53,22,19,43,26,48,39,34,33,40,19,20,13,18,2,27,21,22,25,27,20,30,44,47,17,38,33,48,48,30,33,15,27,29,49,43,33,26,24,41,37,30,19,30,42,37,28,43,23,15,36,12,20,19,6,30,32,28,34,25,23,40,36,20,18,28,35,48,33,41,28,34,53,26,18,25,21,42,54,32,36,25,27,42,28,59,42,26,18,19,7,21,22,27,43,32,29,42,28,2,23,32,38,11,20,20,22,21,22,43,43,23,29,37,26,19,26,23,35,23,19,13,3,24,18,39,27,27,40,20,24,19,22,33,36,31,23,46,31,42,43,34,42,43,30,23,26,46,29,11,40,40,21,42,28,37,53,19,16,47,31,23,29,31,27
21,33,39,34,30,49,29,0,36,8,31,28,40,39,34,44,40,20,24,9,28,7,48,52,6,36,36,7,30,40,42,43,10,25,7,25,30,30,31,36,7,33,29,30,36,33,39,32,34,38,47,52,18,19,34,28,39,43,45,38,7,37,49,9,33,27,32,37,26,31,57,26,28,38,31,33,29,33,29,36,36,52,31,29,46,44,26,31,36,37,42,26,42,33,38,49,6,30,38,26,42,43,29,35,34,27,52,27,64,39,35,34,35,32,32,31,33,34,40,36,49,32,33,34,30,29,38,28,42,36,30,34,42,37,36,28,34,32,38,35,38,26,30,32,27,30,31,34,26,41,39,42,28,35,38,26,29,1,36,42,48,41,36,39,29,35,49,28,33,35,33,38,37,42,39,32,36,38,40,59,38,35,46,33,41,29,31,29
29,22,19,38,17,58,28,36,0,29,29,34,45,8,37,46,21,30,14,33,35,28,43,57,27,19,43,28,44,46,46,46,40,15,27,17,28,26,29,23,28,4,36,28,19,42,45,28,39,31,58,58,38,34,17,27,39,53,43,37,28,11,41,40,22,26,38,43,38,13,54,25,27,45,35,18,25,27,28,38,17,53,23,18,47,47,27,21,11,50,56,33,47,38,32,51,31,24,29,26,45,53,35,49,31,38,53,33,62,46,15,22,16,26,9,18,40,42,40,4,50,42,30,20,35,40,43,26,20,18,33,20,39,45,12,37,40,4,13,30,16,37,16,14,23,26,2,22,36,20,9,46,26,14,21,9,42,37,41,22,58,48,46,46,34,48,47,13,17,34,48,6,38,44,41,11,40,14,39,56,13,25,47,47,23,9,39,25
13,29,23,36,26,54,22,8,29,0,21,35,33,31,33,40,30,13,22,2,21,1,41,51,9,31,37,1,29,43,44,44,33,17,1,21,18,19,31,21,1,26,27,17,31,37,39,17,26,27,53,54,9,28,13,19,31,44,42,34,1,24,37,11,24,22,34,39,13,26,57,2,19,35,28,25,23,19,18,35,27,36,17,24,37,39,20,26,31,42,40,24,41,29,40,52,3,26,26,26,43,35,24,42,25,32,45,19,56,37,27,24,32,20,22,27,35,39,23,30,50,32,14,26,25,33,35,22,27,32,25,33,26,37,23,31,41,28,30,27,28,18,30,30,27,23,23,24,26,33,31,37,22,29,29,26,35,16,36,29,54,39,36,33,31,38,37,27,32,23,29,28,37,34,27,22,36,29,38,58,24,21,45,43,32,23,32,23
24,26,24,29,30,53,24,31,29,21,0,29,34,34,21,43,28,23,28,28,26,21,34,42,22,32,34,19,42,32,37,39,38,23,27,21,27,22,24,27,21,34,28,24,36,36,40,20,30,27,47,41,27,37,19,28,32,40,34,28,30,30,43,34,27,24,28,30,29,35,48,24,24,33,34,29,20,27,24,24,32,38,28,33,32,28,23,28,32,34,41,31,38,17,34,39,24,24,21,27,37,45,29,36,2,25,37,22,55,37,32,25,32,32,33,30,33,32,28,33,44,13,20,27,29,34,33,17,32,29,22,29,43,35,30,27,38,36,29,28,34,37,26,28,30,14,36,25,36,33,31,35,17,34,32,34,33,34,27,34,46,44,33,35,30,31,41,32,32,30,40,35,40,34,38,33,36,34,38,51,29,30,41,45,30,33,25,27
27,33,27,30,41,44,29,28,34,35,29,0,28,38,2,36,38,29,29,40,40,33,46,44,38,43,20,33,42,32,27,48,42,34,32,37,43,32,28,26,33,37,33,31,36,21,33,31,36,36,41,40,32,36,29,33,43,27,40,43,35,35,39,36,36,24,21,26,41,41,34,35,26,39,38,34,30,27,39,31,39,41,39,34,46,44,28,34,38,24,32,31,36,18,42,50,37,29,25,30,36,49,30,24,33,11,39,20,36,49,36,29,35,34,33,34,44,27,40,36,38,37,35,36,30,35,39,31,45,39,39,39,40,29,36,17,30,37,33,30,41,28,35,37,32,22,39,29,38,40,39,35,31,38,40,35,5,38,5,40,41,42,28,28,31,31,24,32,39,31,46,41,41,36,37,33,39,39,44,46,36,30,8,35,43,32,33,38
29,35,33,12,45,44,38,40,45,33,34,28,0,44,36,2,46,39,31,30,40,33,44,59,33,42,40,33,31,43,26,41,50,26,39,42,37,40,28,33,33,45,6,34,35,40,32,29,43,34,34,52,30,36,37,37,39,41,44,34,33,37,51,33,23,45,25,38,26,48,41,30,32,39,31,42,34,32,35,24,41,10,43,42,44,44,30,37,45,42,34,31,43,25,32,34,39,34,37,39,44,46,26,42,37,35,20,18,47,40,43,32,46,35,37,42,39,38,39,43,20,36,40,42,26,35,34,28,43,42,40,40,40,32,41,29,6,46,42,30,45,38,41,45,41,36,45,32,40,43,47,2,28,39,43,40,34,44,31,37,30,42,32,25,22,36,28,44,44,36,48,43,38,16,42,37,35,42,40,52,42,39,29,10,42,38,33,39
30,22,19,35,19,53,26,39,8,31,34,38,44,0,40,45,23,30,18,34,36,30,49,57,29,18,51,30,45,50,48,47,44,21,30,18,27,27,27,25,30,6,36,30,19,51,43,30,39,31,59,58,37,35,19,32,41,54,50,37,30,19,42,37,25,29,42,51,38,19,55,27,26,45,38,22,24,26,32,40,16,53,27,15,51,51,28,22,4,48,52,35,45,38,35,52,29,21,28,25,45,52,37,48,33,41,51,39,55,47,20,23,19,27,14,21,44,51,40,4,56,43,29,26,37,40,42,18,17,23,34,23,40,44,18,41,44,6,23,25,24,38,22,23,26,28,8,22,39,20,6,47,19,17,17,11,41,37,37,23,59,50,44,46,33,48,47,21,19,35,47,2,41,42,46,16,43,18,43,62,22,26,46,48,23,14,40,26
27,27,27,24,34,40,30,34,37,33,21,2,36,40,0,36,34,34,27,31,29,29,37,39,33,43,27,31,48,34,30,43,47,26,33,30,29,26,29,26,29,37,27,28,37,28,31,29,35,30,36,38,37,36,36,35,38,30,39,38,29,36,39,39,37,29,21,19,37,38,44,30,26,27,35,34,27,30,37,31,37,28,37,34,37,41,30,37,41,35,23,28,19,14,37,36,31,31,30,30,19,50,30,35,31,2,33,19,50,46,37,25,40,33,30,35,41,21,43,40,42,24,27,36,31,37,38,25,35,36,35,35,39,30,32,6,28,37,36,39,35,33,36,36,39,29,35,25,41,37,35,38,25,37,38,31,12,35,6,37,35,52,30,20,30,12,26,37,39,27,52,37,34,32,42,30,35,38,42,42,36,34,34,33,38,27,30,35
36,39,39,10,46,44,40,44,46,40,43,36,2,45,36,0,42,36,35,39,33,36,43,62,34,40,41,32,42,43,24,51,35,28,43,39,44,41,41,36,36,46,14,29,39,42,31,31,34,36,40,47,25,39,43,35,32,47,44,34,38,41,43,38,30,41,17,45,33,42,42,31,40,35,37,42,31,44,39,36,37,29,41,44,50,52,36,41,41,41,46,43,37,40,44,42,43,43,36,39,37,39,40,41,40,32,14,6,44,37,43,39,40,35,41,42,34,46,30,46,32,35,36,45,40,37,40,32,38,41,47,35,41,26,43,39,20,46,44,34,43,42,36,45,42,41,47,39,33,44,47,12,32,43,41,41,33,47,37,40,37,53,24,26,34,36,30,45,36,42,47,47,34,28,42,41,39,45,35,48,44,45,36,24,42,46,43,39
28,22,22,41,6,57,23,40,21,30,28,38,46,23,34,42,0,34,20,33,35,30,48,54,32,16,46,32,43,48,42,47,40,21,27,21,25,21,24,23,30,21,41,30,21,46,49,30,41,32,52,52,37,28,23,29,40,49,48,31,30,11,43,43,27,26,37,46,34,21,52,32,26,46,34,11,20,23,30,41,21,45,30,8,42,48,28,22,23,44,49,33,46,37,33,51,36,24,28,22,46,52,37,44,32,37,45,41,58,45,13,28,15,20,17,5,39,47,39,21,48,39,23,12,37,34,33,24,19,4,29,8,30,49,10,34,45,20,5,30,10,28,6,10,22,20,17,28,37,16,18,44,24,18,21,14,39,35,39,17,51,49,49,40,41,41,46,10,21,32,47,20,35,43,36,17,35,17,43,56,4,20,42,45,23,16,39,32
19,31,26,32,29,54,30,20,30,13,23,29,39,30,34,36,34,0,14,21,20,17,46,57,12,30,43,17,24,41,37,45,36,13,13,21,20,28,26,28,17,31,27,22,34,44,40,21,43,26,51,54,19,21,14,27,26,44,47,28,17,26,39,24,22,22,33,40,21,19,56,14,28,41,27,29,26,22,23,31,29,38,22,29,48,42,6,24,35,45,36,34,45,30,36,51,18,29,26,26,47,28,34,47,31,27,38,33,57,38,30,19,31,20,27,29,30,42,27,31,44,39,16,30,34,32,30,20,28,32,26,33,20,42,26,32,28,31,24,20,26,20,32,24,26,32,31,19,40,35,29,32,20,27,26,28,32,20,33,35,49,40,42,39,18,41,39,26,30,30,31,30,38,34,31,27,33,33,32,60,24,26,41,36,34,22,22,17
22,6,8,29,17,51,16,24,14,22,28,29,31,18,27,35,20,14,0,22,16,18,46,44,22,16,32,18,41,40,37,36,35,1,16,7,19,14,6,19,18,19,29,18,20,35,43,18,38,17,53,46,24,18,7,20,36,43,46,21,16,16,36,30,7,18,39,32,23,13,49,14,22,34,26,17,20,20,20,31,18,47,23,16,44,44,16,16,18,40,41,32,40,27,29,52,24,20,23,14,39,41,31,42,17,31,38,29,59,34,16,14,12,16,8,16,28,35,27,16,37,39,18,21,31,23,32,15,15,20,23,21,26,41,13,31,37,19,13,19,19,20,16,15,18,18,19,14,38,24,18,37,15,19,15,9,29,23,29,17,52,39,41,35,23,39,37,15,15,27,35,18,30,33,29,8,35,18,39,59,14,20,39,41,13,7,29,24
9,31,32,39,32,56,26,9,33,2,28,40,30,34,31,39,33,21,22,0,31,3,44,54,3,34,39,3,36,45,45,43,26,19,3,23,25,23,25,31,3,28,33,17,36,38,38,17,15,35,58,55,8,23,15,19,35,46,43,33,3,29,41,10,24,27,37,37,12,29,48,4,30,39,25,27,27,29,24,33,32,44,19,26,32,39,18,30,35,48,43,27,39,27,40,52,3,30,25,25,37,34,34,47,25,33,53,32,60,39,22,26,31,29,27,29,32,36,23,33,46,40,23,26,33,35,38,26,31,35,25,34,28,36,24,39,35,36,23,30,28,25,33,24,20,27,28,26,23,36,31,40,26,33,32,27,32,17,35,34,59,39,35,42,31,37,38,23,31,28,34,30,36,38,34,26,36,30,41,54,23,25,44,42,36,25,34,25
35,26,30,37,30,45,17,28,35,21,26,40,40,36,29,33,35,20,16,31,0,23,42,51,25,22,48,25,34,42,34,26,38,23,28,22,22,12,29,21,25,36,29,35,31,48,34,24,26,28,48,52,17,36,18,36,24,41,44,29,25,27,30,21,24,4,41,46,27,31,46,31,24,43,10,32,20,15,26,32,21,38,34,30,50,46,25,24,38,42,43,35,40,26,28,51,25,21,34,24,44,41,34,42,33,35,39,34,48,30,33,25,22,14,33,30,18,48,20,36,44,36,18,34,35,23,24,29,20,33,30,34,38,31,29,34,29,35,32,20,27,37,33,29,4,26,34,25,28,41,40,28,29,31,26,26,32,31,32,20,47,22,30,30,24,42,36,32,22,28,28,35,16,37,37,33,24,37,34,54,31,23,34,32,26,30,42,29
8,29,19,32,26,46,22,7,28,1,21,33,33,30,29,36,30,17,18,3,23,0,43,51,9,31,39,9,29,42,42,43,25,17,1,22,21,21,28,21,9,25,29,16,33,39,35,21,17,31,53,53,5,22,19,18,29,40,42,34,9,22,45,7,22,24,34,39,13,25,49,10,16,36,28,25,20,21,15,36,31,42,21,29,42,43,14,25,35,40,38,28,40,32,40,49,11,30,26,28,40,23,27,40,24,23,52,21,58,33,30,25,32,20,23,27,37,39,23,31,50,38,13,26,27,35,40,24,30,31,26,33,32,33,23,34,33,26,24,33,28,12,32,24,22,18,24,25,22,35,31,36,24,30,32,22,28,7,34,29,51,35,32,35,26,33,41,27,32,26,32,26,41,29,28,23,33,32,36,53,24,22,39,39,32,24,25,22
38,30,30,39,44,61,43,48,43,41,34,46,44,49,37,43,48,46,46,44,42,43,0,49,43,50,31,37,45,16,31,50,42,43,41,43,40,39,47,29,43,45,32,36,49,34,44,36,45,50,49,36,46,44,38,46,45,34,10,43,38,40,51,53,46,34,29,33,43,45,45,39,44,35,45,41,41,35,47,36,46,42,48,45,26,26,45,44,47,33,36,37,35,23,47,49,43,33,34,41,38,54,39,34,34,38,50,35,46,42,45,42,48,42,45,45,41,34,38,49,47,21,43,43,39,39,51,33,50,44,40,45,44,44,42,36,40,47,44,38,43,41,43,44,42,42,49,42,49,48,43,42,33,43,45,45,38,43,36,48,48,55,44,34,37,36,38,46,46,38,52,42,50,39,46,45,46,46,52,58,42,36,42,46,49,44,37,45
42,46,46,47,56,63,53,52,57,51,42,44,59,57,39,62,54,57,44,54,51,51,49,0,53,58,48,48,63,48,54,54,54,45,54,45,51,47,53,45,48,60,48,45,54,48,54,50,61,46,48,38,55,58,49,50,62,48,47,60,48,52,60,57,52,46,57,44,58,59,58,53,52,42,53,51,46,51,53,43,54,59,53,56,46,51,53,57,59,50,42,45,34,39,51,41,56,44,46,48,36,61,39,47,48,40,56,47,41,58,53,47,59,54,49,51,52,45,59,57,57,43,51,56,40,57,62,48,64,54,57,52,60,57,52,42,54,57,56,52,56,52,54,56,52,54,58,47,55,59,58,45,48,57,62,52,44,54,42,60,51,60,56,44,41,45,41,58,58,52,52,58,56,50,57,49,56,58,60,40,53,48,53,56,64,50,49,53
8,31,23,29,24,48,22,6,27,9,22,38,33,29,33,34,32,12,22,3,25,9,43,53,0,30,39,1,29,45,45,45,40,17,1,20,22,20,31,25,1,24,31,18,31,40,34,21,23,29,54,48,5,18,15,23,29,41,41,35,1,21,37,7,26,23,31,37,21,25,47,10,21,34,26,25,23,21,22,38,31,40,17,27,39,43,14,25,33,46,38,26,49,28,36,48,10,26,24,19,47,31,23,45,24,32,48,20,58,29,28,24,32,23,23,23,35,38,23,30,47,38,19,28,24,33,40,24,29,33,25,30,28,32,23,35,32,26,30,27,28,20,31,24,21,17,24,24,13,35,30,36,24,30,29,23,33,24,31,29,53,35,32,31,29,36,37,26,30,27,32,28,41,36,32,23,33,28,38,63,24,32,45,41,32,25,24,20
29,23,16,40,6,48,19,36,19,31,32,43,42,18,43,40,16,30,16,34,22,31,50,58,30,0,48,32,33,46,36,30,35,13,32,20,33,22,19,23,35,20,36,28,14,47,31,34,30,24,51,45,29,27,25,25,38,52,48,22,35,9,41,31,16,25,40,43,25,14,47,29,27,44,20,12,30,26,32,39,6,44,27,22,51,48,32,14,25,54,52,35,50,43,32,48,32,21,30,26,50,47,33,54,30,40,38,36,50,32,19,26,1,28,14,21,28,41,26,20,38,43,32,12,33,23,32,30,3,16,39,18,45,30,9,36,44,20,6,20,18,34,18,5,24,31,17,26,30,28,14,30,30,25,3,12,40,33,40,3,51,40,30,30,30,44,36,18,1,30,42,19,32,30,37,13,32,19,34,59,5,27,34,42,9,14,41,35
26,36,36,32,45,54,43,36,43,37,34,20,40,51,27,41,46,43,32,39,48,39,31,48,39,48,0,40,47,38,42,54,43,37,44,35,37,35,38,37,40,48,41,30,44,7,41,34,46,40,31,29,50,44,37,38,39,15,33,39,36,44,56,46,45,40,34,8,44,46,31,35,41,33,44,39,41,34,36,30,42,35,42,43,40,29,31,47,46,34,13,40,30,35,50,36,42,30,38,46,30,52,35,36,34,32,42,30,45,52,42,37,52,37,41,41,47,11,48,49,45,33,38,42,36,47,47,38,51,42,38,43,45,37,44,34,38,45,41,46,44,48,43,41,40,33,47,37,49,47,42,48,38,43,50,42,28,39,30,44,30,57,37,40,35,32,28,40,49,44,51,44,45,37,48,41,39,45,49,41,43,37,24,46,49,42,41,38
14,29,19,29,25,46,26,7,28,1,19,33,33,30,31,32,32,17,18,3,25,9,37,48,1,32,40,0,29,39,44,43,33,15,9,22,24,21,29,26,9,26,28,16,29,45,35,21,12,33,55,55,5,22,23,18,29,44,37,35,9,22,43,7,27,22,32,46,13,23,47,2,27,36,28,25,23,20,23,36,31,42,21,27,40,47,18,24,34,39,42,28,42,25,38,45,11,20,24,29,42,31,27,39,22,33,50,27,60,33,31,23,32,20,23,22,38,46,23,31,51,36,21,25,27,31,38,20,30,31,26,33,29,33,21,38,39,28,24,29,28,19,32,24,21,19,24,23,21,35,33,40,20,29,32,24,36,15,40,28,56,35,32,34,25,34,45,25,31,24,32,26,42,30,31,23,33,32,36,62,28,22,37,43,31,24,29,22
35,30,30,36,42,44,48,30,44,29,42,42,31,45,48,42,43,24,41,36,34,29,45,63,29,33,47,29,0,50,35,36,34,39,28,42,41,38,33,29,29,50,35,37,40,49,27,39,19,35,52,46,16,45,34,48,19,56,45,29,29,41,42,22,21,39,42,46,16,41,53,20,40,42,31,43,33,37,40,28,32,41,40,39,45,48,30,42,50,52,44,37,46,44,39,50,25,34,35,47,46,10,47,51,37,50,38,34,59,25,44,32,38,34,43,41,23,44,26,49,39,46,47,42,47,29,36,37,36,48,45,45,43,31,40,47,44,48,43,26,45,48,47,44,38,39,47,32,38,49,50,28,37,48,37,45,43,30,42,40,52,37,31,43,26,48,40,42,39,30,11,45,40,42,36,43,35,52,40,59,42,29,48,36,35,41,45,43
44,38,38,39,44,59,39,40,46,43,32,32,43,50,34,43,48,41,40,45,42,42,16,48,45,46,38,39,50,0,38,51,38,43,41,42,38,37,45,38,39,44,37,38,46,38,41,42,40,46,48,49,41,39,39,42,50,38,24,44,41,41,56,47,46,40,40,32,40,48,41,34,41,26,51,39,39,38,34,40,45,46,42,44,30,4,46,42,43,29,39,40,37,37,47,41,46,35,34,35,40,56,39,30,40,45,51,30,53,50,42,35,46,38,42,41,48,32,48,49,49,35,42,43,39,43,46,38,48,44,42,45,43,44,41,40,26,44,41,44,43,43,43,41,41,41,44,35,44,47,42,43,38,40,47,42,38,40,36,42,47,56,44,39,36,39,39,46,52,34,52,43,46,44,41,42,46,44,51,55,41,42,41,46,49,41,39,42
32,32,28,12,44,42,34,42,46,44,37,27,26,48,30,24,42,37,37,45,34,42,31,54,45,36,42,44,35,38,0,42,46,36,41,41,39,29,41,25,42,48,6,37,35,40,41,34,31,32,37,36,39,40,37,41,40,37,38,39,36,42,48,40,36,35,9,41,27,41,44,33,29,43,35,44,29,43,43,22,35,10,36,42,52,43,41,44,47,31,35,34,41,27,34,34,39,30,38,38,42,44,29,31,32,32,18,18,42,43,41,34,38,36,42,40,36,42,35,47,10,34,37,45,29,33,45,39,38,41,43,42,37,36,41,39,4,49,43,40,41,36,44,44,44,41,49,34,32,46,45,2,39,42,39,45,34,45,42,37,36,41,36,29,20,39,28,44,42,37,47,51,39,22,44,42,32,47,34,42,41,37,26,12,40,42,33,40
39,38,44,46,43,38,33,43,46,44,39,48,41,47,43,51,47,45,36,43,26,43,50,54,45,30,54,43,36,51,42,0,43,37,42,43,46,29,27,35,37,45,42,37,43,47,43,39,35,40,53,50,24,37,38,34,20,49,47,32,37,34,53,32,25,38,42,44,29,41,57,32,18,48,28,42,27,30,36,44,41,31,46,41,54,53,36,43,51,45,40,44,47,40,37,37,36,38,42,36,47,39,42,46,40,44,39,44,58,26,46,38,29,35,36,44,14,49,18,47,33,48,20,45,43,33,12,41,29,44,46,36,51,46,35,43,49,47,40,39,43,48,38,41,36,36,48,38,41,49,47,43,41,45,30,41,50,41,47,40,53,18,47,36,40,48,41,46,30,40,14,46,6,42,48,36,39,41,40,65,37,37,52,44,28,39,38,42
29,35,38,42,42,60,40,10,40,33,38,42,50,44,47,35,40,36,35,26,38,25,42,54,40,35,43,33,34,38,46,43,0,41,33,42,39,35,39,38,41,38,32,45,43,48,42,45,30,47,45,54,16,35,39,33,39,47,47,36,33,41,52,25,38,38,41,47,36,34,57,41,40,41,44,41,43,41,48,46,40,48,38,40,51,47,43,44,47,46,45,41,47,41,44,45,15,38,41,42,47,28,38,45,39,35,54,43,64,44,40,32,46,39,40,43,42,47,50,43,51,36,40,38,38,47,44,40,40,43,35,46,43,40,41,37,44,40,44,44,42,29,47,40,34,36,37,32,37,51,41,38,40,42,41,39,35,17,45,38,45,36,41,40,43,38,49,43,42,39,26,42,42,37,39,40,42,41,39,56,44,43,49,48,50,41,45,40
21,15,15,27,16,52,19,25,15,17,23,34,26,21,26,28,21,13,1,19,23,17,43,45,17,13,37,15,39,43,36,37,41,0,21,2,20,17,11,16,19,21,26,15,20,35,40,17,27,20,51,44,29,21,2,13,31,42,39,16,21,17,34,35,10,15,40,33,25,13,48,19,21,33,25,16,17,17,15,34,22,46,23,13,47,41,15,15,18,41,38,29,35,26,22,42,21,21,26,15,40,45,28,42,18,30,36,26,58,34,19,13,15,17,7,13,27,35,24,16,36,38,19,21,28,29,27,17,16,20,26,21,25,37,17,34,34,19,14,20,20,23,20,15,17,19,19,13,37,23,19,30,17,17,15,8,34,29,32,18,49,37,36,38,26,34,40,19,15,26,40,17,29,32,23,7,34,20,38,56,14,13,38,42,15,8,28,22
14,29,29,37,24,51,20,7,27,1,27,32,39,30,33,43,27,13,16,3,28,1,41,54,1,32,44,9,28,41,41,42,33,21,0,20,21,25,31,27,1,27,30,18,36,47,40,21,20,22,48,52,8,16,14,18,34,48,43,35,1,21,44,10,22,20,38,47,20,25,52,2,18,34,31,25,16,14,16,34,30,35,17,25,36,41,16,29,31,47,40,25,44,30,39,54,3,20,23,23,45,26,25,47,21,29,45,17,54,37,28,26,31,15,23,27,34,48,22,31,49,33,10,26,26,31,39,24,33,31,25,31,22,36,23,27,33,28,24,26,28,12,31,24,17,19,26,26,27,34,31,47,24,28,31,22,29,22,35,32,49,45,35,36,31,35,41,25,31,29,34,25,40,33,26,23,35,32,37,59,23,23,42,40,32,23,34,20
19,15,9,30,14,59,13,25,17,21,21,37,42,18,30,39,21,21,7,23,22,22,43,45,20,20,35,22,42,42,41,43,42,2,20,0,18,13,14,18,22,21,32,22,20,37,49,23,35,23,46,42,32,22,10,24,33,42,40,23,22,21,43,32,23,18,39,39,31,19,55,21,20,33,26,18,14,15,23,36,24,39,26,23,41,41,22,19,25,45,43,36,41,24,19,45,28,9,23,16,41,48,32,45,28,37,43,24,59,41,22,15,17,16,9,20,31,41,31,17,37,34,17,19,32,33,34,16,19,18,27,17,24,43,19,27,31,17,15,29,25,18,16,15,16,14,17,15,41,24,23,35,16,19,19,10,29,33,35,19,44,38,43,39,28,32,43,22,17,27,43,23,22,36,28,9,34,26,37,57,15,13,41,33,23,10,32,28
19,17,23,37,25,62,18,30,28,18,27,43,37,27,29,44,25,20,19,25,22,21,40,51,22,33,37,24,41,38,39,46,39,20,21,18,0,10,28,24,26,30,28,28,31,44,42,25,36,27,49,48,26,36,22,26,39,44,41,29,22,23,40,29,22,25,38,41,27,23,48,16,25,42,30,24,24,18,29,35,33,48,26,22,39,42,15,25,31,35,46,30,36,35,33,50,32,29,23,24,41,51,30,39,25,40,39,25,57,47,24,28,34,16,21,22,28,42,33,28,39,34,21,25,30,34,38,29,36,25,12,26,32,43,22,32,38,31,22,33,25,32,25,23,14,16,31,27,37,29,30,43,30,28,35,22,36,33,35,34,48,42,44,44,31,39,46,28,35,22,49,30,35,41,39,21,33,32,34,55,22,29,42,39,29,21,36,27
16,20,14,32,20,56,2,30,26,19,22,32,40,27,26,41,21,28,14,23,12,21,39,47,20,22,35,21,38,37,29,29,35,17,25,13,10,0,17,19,20,24,31,15,28,41,46,17,37,31,44,46,37,37,15,26,36,44,41,25,20,18,39,35,18,14,32,41,32,22,51,21,18,41,6,20,16,14,24,32,25,45,28,19,45,34,21,20,27,35,51,32,39,32,33,50,21,20,18,12,38,43,32,36,23,30,42,21,60,36,24,20,29,6,18,18,22,43,12,22,37,27,8,21,32,34,14,26,30,22,14,22,40,43,19,32,33,26,19,27,21,38,24,19,6,2,26,20,41,31,25,35,26,22,29,19,36,31,38,30,43,34,42,44,26,40,42,28,27,21,36,24,14,38,41,18,34,27,38,55,19,17,44,35,26,17,33,27
27,8,10,32,23,53,27,31,29,31,24,28,28,27,29,41,24,26,6,25,29,28,47,53,31,19,38,29,33,45,41,27,39,11,31,14,28,17,0,5,30,28,30,27,28,40,43,35,29,25,52,49,28,36,12,30,25,47,47,12,27,20,42,27,6,27,30,38,21,28,50,20,19,46,30,25,17,21,31,31,19,39,31,24,43,47,28,28,23,41,44,30,37,32,25,43,16,10,23,25,38,41,31,42,24,36,42,33,59,30,23,23,21,23,25,25,25,38,25,25,34,38,27,26,30,24,34,19,17,16,32,25,35,41,24,29,41,31,20,15,21,38,18,19,23,25,25,24,31,26,21,41,19,22,23,25,31,27,33,18,51,43,41,37,30,34,43,18,20,27,36,28,33,36,32,25,37,20,41,58,24,5,37,40,23,28,37,28
27,1,1,26,19,50,21,36,23,21,27,26,33,25,26,36,23,28,19,31,21,21,29,45,25,23,37,26,29,38,25,35,38,16,27,18,24,19,5,0,22,22,27,22,20,38,38,29,39,16,44,44,24,31,12,25,27,40,29,20,22,17,37,30,6,19,27,35,17,21,48,20,11,37,27,18,13,17,23,22,20,40,25,20,37,37,19,18,17,35,42,32,31,26,12,42,28,1,15,15,36,39,34,36,23,30,38,28,54,38,17,14,23,23,19,15,25,37,27,23,40,30,17,23,35,23,34,13,21,15,24,15,33,34,15,26,32,24,17,14,19,28,17,17,17,23,25,14,39,18,15,34,13,22,20,20,28,28,28,23,43,38,34,32,32,36,38,19,23,17,29,23,32,36,34,19,25,20,40,46,17,3,36,32,25,20,30,25
8,29,19,32,26,46,22,7,28,1,21,33,33,30,29,36,30,17,18,3,25,9,43,48,1,35,40,9,29,39,42,37,41,19,1,22,26,20,30,22,0,25,22,12,31,43,35,21,18,31,51,53,5,22,22,18,26,40,44,35,1,27,39,7,27,27,32,40,13,26,49,2,26,39,27,25,23,19,15,39,31,42,21,29,44,40,18,25,32,42,42,26,45,23,38,45,3,22,28,19,46,31,23,42,26,28,52,27,60,36,28,23,32,23,23,27,37,40,25,31,45,38,18,26,24,31,38,20,30,33,24,34,32,33,23,34,31,29,24,33,28,12,32,24,22,20,24,23,22,35,31,40,20,31,32,25,36,7,34,28,52,35,32,34,25,33,39,25,32,27,32,26,37,30,32,23,30,33,38,60,24,22,41,43,32,24,25,22
31,21,24,40,20,57,25,33,4,26,34,37,45,6,37,46,21,31,19,28,36,25,45,60,24,20,48,26,50,44,48,45,38,21,27,21,30,24,28,22,25,0,35,29,22,45,50,31,39,35,59,55,38,33,17,27,44,48,46,41,26,15,39,42,31,24,43,47,39,13,58,27,23,46,36,23,25,26,28,35,24,54,24,22,50,50,25,22,8,49,53,36,46,33,40,53,31,25,25,27,43,55,35,49,32,40,55,40,61,48,21,24,19,28,11,17,44,45,42,2,51,43,33,23,34,38,40,23,21,24,33,25,39,49,15,40,47,2,20,32,25,37,19,20,26,28,2,24,41,23,8,46,23,22,19,14,40,32,40,25,59,51,49,47,34,47,45,20,22,35,42,6,41,41,43,13,46,10,44,58,21,22,45,48,26,11,39,22
26,24,27,6,35,54,27,29,36,27,28,33,6,36,27,14,41,27,29,33,29,29,32,48,31,36,41,28,35,37,6,42,32,26,30,32,28,31,30,27,22,35,0,25,40,40,36,28,43,38,46,46,31,32,30,24,36,39,34,21,30,32,46,38,28,27,8,39,28,30,48,25,29,32,39,32,26,26,30,18,35,16,31,30,41,37,26,35,39,35,47,26,33,21,29,44,33,32,29,27,38,53,29,38,31,19,22,18,46,45,37,33,37,31,33,34,37,40,29,36,26,28,31,37,29,35,30,30,37,37,30,37,35,31,29,26,6,37,37,27,33,35,38,35,31,28,35,33,33,35,37,6,30,33,37,35,31,37,25,32,43,47,30,32,20,37,28,41,35,25,45,38,36,30,37,33,36,39,39,50,37,32,29,26,41,34,28,30
4,22,29,31,26,54,20,30,28,17,24,31,34,30,28,29,30,22,18,17,35,16,36,45,18,28,30,16,37,38,37,37,45,15,18,22,28,15,27,22,12,29,25,0,35,33,33,13,38,35,53,48,32,28,18,20,31,41,38,29,7,26,38,37,24,25,33,30,21,30,49,8,26,30,32,23,24,23,27,28,29,37,26,29,33,36,20,33,30,36,38,19,32,23,30,44,10,22,25,25,37,37,21,37,33,29,41,30,52,32,30,21,30,17,25,28,37,34,26,30,39,33,25,29,21,36,36,22,30,27,32,27,32,36,26,32,36,29,24,32,28,28,32,24,23,31,30,21,32,34,30,41,22,27,30,26,27,22,28,30,52,48,36,35,21,39,45,32,36,33,36,28,34,29,36,25,36,29,39,55,24,30,41,42,34,25,31,26
35,20,23,40,14,47,30,36,19,31,36,36,35,19,37,39,21,34,20,36,31,33,49,54,31,14,44,29,40,46,35,43,43,20,36,20,31,28,28,20,31,22,40,35,0,41,33,34,34,25,48,48,30,32,24,28,33,51,49,29,29,8,31,34,23,27,44,49,30,19,46,24,31,47,21,13,29,28,28,40,10,45,33,19,46,49,33,14,29,48,50,39,46,40,31,41,36,29,25,27,45,42,39,47,33,41,45,40,47,41,6,27,20,29,14,5,39,45,33,15,45,43,32,9,39,34,31,29,18,20,33,16,41,32,16,42,47,20,14,21,18,41,13,14,31,31,24,27,34,18,25,33,29,20,16,14,37,25,35,12,44,37,31,35,40,41,31,20,10,31,41,15,31,37,39,15,34,19,29,51,13,27,31,43,14,9,44,35
30,39,39,34,44,42,44,33,42,37,36,21,40,51,28,42,46,44,35,38,48,39,34,48,40,47,7,45,49,38,40,47,48,35,47,37,44,41,40,38,43,45,40,33,41,0,38,35,45,40,30,28,48,45,38,39,39,12,35,38,38,45,56,43,42,38,36,11,44,46,30,36,41,33,44,41,42,36,39,32,41,34,40,42,37,31,35,47,45,36,9,41,27,38,51,32,42,35,38,46,26,57,36,34,36,33,43,33,42,48,43,37,52,37,39,42,47,8,47,49,44,35,38,43,37,47,46,39,51,42,39,43,46,36,45,34,35,44,41,46,45,49,41,41,40,35,46,37,47,45,41,47,39,41,50,40,29,37,31,43,31,46,36,38,37,27,28,40,48,45,53,44,44,36,48,40,39,44,46,44,43,37,24,46,48,40,44,35
34,41,41,33,42,45,47,39,45,39,40,33,32,43,31,31,49,40,43,38,34,35,44,54,34,31,41,35,27,41,41,43,42,40,40,49,42,46,43,38,35,50,36,33,33,38,0,37,35,40,41,55,30,44,47,36,44,46,44,44,35,42,40,33,32,37,42,43,35,36,48,36,39,48,31,41,46,44,40,42,36,44,45,44,47,46,44,41,47,48,40,30,45,33,46,37,38,41,39,41,46,35,35,47,42,34,28,38,43,49,39,34,33,48,41,38,41,47,35,45,38,43,45,43,35,41,42,35,34,45,44,43,48,16,38,46,35,47,47,36,47,41,44,42,42,36,47,35,33,49,45,30,35,40,43,38,30,38,28,33,39,49,18,29,37,36,27,45,38,42,46,49,48,39,50,41,36,47,30,57,46,43,25,41,45,40,37,42
10,34,28,30,34,55,17,32,28,17,20,31,29,30,29,31,30,21,18,17,24,21,36,50,21,34,34,21,39,42,34,39,45,17,21,23,25,17,35,29,21,31,28,13,34,35,37,0,22,27,49,45,32,18,23,2,30,42,42,35,20,28,44,35,27,26,34,34,25,26,53,15,29,26,32,27,24,23,6,31,31,41,25,25,40,38,15,26,33,42,44,30,34,21,41,44,14,34,25,27,39,49,29,41,30,31,38,23,53,33,28,21,28,24,22,27,35,36,28,30,34,39,20,30,30,28,27,20,23,29,30,30,18,37,24,37,30,29,26,34,32,26,29,26,32,23,30,21,30,33,30,34,20,30,28,23,27,35,31,32,48,47,37,35,29,38,43,26,23,20,32,28,32,31,22,22,34,33,35,55,32,28,41,37,28,25,19,24
38,37,30,44,37,45,38,34,39,26,30,36,43,39,35,34,41,43,38,15,26,17,45,61,23,30,46,12,19,40,31,35,30,27,20,35,36,37,29,39,18,39,43,38,34,45,35,22,0,30,52,43,19,18,42,28,33,47,49,39,24,32,32,22,23,27,35,48,24,32,45,34,39,42,29,37,37,36,38,42,26,57,42,31,44,47,31,28,41,45,53,37,45,43,35,43,32,39,36,40,45,35,33,45,30,35,33,40,47,46,34,37,31,41,35,33,25,51,31,40,36,34,39,39,34,10,36,35,32,38,40,36,29,28,36,39,30,42,40,27,44,33,45,42,32,41,39,37,4,41,40,35,35,37,35,34,35,30,31,29,50,39,27,39,35,45,25,32,31,20,37,39,40,33,37,35,16,45,35,61,41,34,27,47,38,34,35,37
34,23,17,31,26,48,33,38,31,27,27,36,34,31,30,36,32,26,17,35,28,31,50,46,29,24,40,33,35,46,32,40,47,20,22,23,27,31,25,16,31,35,38,35,25,40,40,27,30,0,42,40,28,38,23,33,27,41,42,22,25,23,43,26,16,30,39,44,26,24,39,29,21,42,23,24,19,22,27,33,17,38,28,28,46,44,17,23,30,44,39,37,42,29,20,38,30,17,22,17,38,34,38,44,23,30,44,32,46,41,27,25,24,27,26,24,29,44,21,28,41,35,26,32,39,31,24,22,21,25,34,25,38,35,25,33,38,31,30,8,27,32,22,29,19,27,31,25,31,34,26,30,22,28,20,23,30,28,30,25,41,41,34,32,35,36,32,29,22,24,25,31,35,28,42,26,19,31,34,48,30,28,36,32,25,25,43,29
53,47,46,36,58,46,48,47,58,53,47,41,34,59,36,40,52,51,53,58,48,53,49,48,54,51,31,55,52,48,37,53,45,51,48,46,49,44,52,44,51,59,46,53,48,30,41,49,52,42,0,8,52,62,46,49,51,36,44,48,51,51,56,53,49,51,35,33,46,55,20,47,55,50,49,52,54,51,54,41,52,48,56,53,50,45,53,48,54,23,37,50,13,36,46,31,48,53,48,53,6,52,50,18,51,40,58,48,24,51,54,44,55,49,52,57,55,32,53,57,47,48,53,57,50,50,52,42,44,48,54,50,57,43,58,39,47,58,53,49,56,60,54,54,49,50,56,44,52,50,53,41,42,51,47,53,37,43,39,56,5,51,43,44,49,31,33,55,55,55,47,58,54,46,55,51,54,54,52,24,55,53,37,25,54,53,55,54
48,45,41,32,52,54,48,52,58,54,41,40,52,58,38,47,52,54,46,55,52,53,36,38,48,45,29,55,46,49,36,50,54,44,52,42,48,46,49,44,53,55,46,48,48,28,55,45,43,40,8,0,54,51,47,55,48,40,36,47,47,53,49,50,41,52,43,39,42,53,24,47,50,46,47,52,46,55,48,44,44,36,47,55,38,50,47,54,50,11,34,36,11,32,48,33,50,47,47,50,10,50,35,6,44,44,48,42,37,46,57,42,51,50,52,57,38,38,50,56,40,36,48,54,35,55,38,44,48,54,52,51,53,45,51,40,43,57,50,51,53,54,55,53,53,51,56,42,46,55,51,46,44,54,51,50,44,51,42,50,13,51,45,35,36,43,39,57,45,52,55,58,54,41,54,51,40,53,49,29,51,50,39,40,49,46,38,47
33,32,27,41,38,36,30,18,38,9,27,32,30,37,37,25,37,19,24,8,17,5,46,55,5,29,50,5,16,41,39,24,16,29,8,32,26,37,28,24,5,38,31,32,30,48,30,32,19,28,52,54,0,29,29,32,39,47,42,38,5,36,29,2,17,23,40,45,18,31,40,8,34,44,23,35,34,38,26,33,24,53,32,29,43,45,22,26,38,40,43,35,47,39,38,34,8,34,32,27,37,18,29,40,33,41,34,26,44,34,32,30,29,38,29,31,26,44,26,36,32,36,36,41,30,26,31,33,32,38,33,38,39,28,32,36,26,37,40,28,39,34,39,40,21,23,37,30,8,42,38,31,33,34,35,31,31,5,36,28,45,29,27,36,38,39,32,30,29,39,38,39,32,20,37,29,32,43,31,59,39,31,34,36,37,28,37,34
28,32,34,35,28,57,33,19,34,28,37,36,36,35,36,39,28,21,18,23,36,22,44,58,18,27,44,22,45,39,40,37,35,21,16,22,36,37,36,31,22,33,32,28,32,45,44,18,18,38,62,51,29,0,30,24,39,49,46,38,17,26,42,22,34,28,40,38,32,28,55,15,33,38,39,26,32,32,8,35,35,54,25,34,42,49,22,31,37,47,48,34,46,29,45,56,27,34,30,32,43,46,31,47,37,33,47,36,58,38,29,28,28,36,27,29,36,39,24,38,46,41,35,30,32,30,36,32,29,34,36,33,12,40,25,37,39,33,29,33,32,10,33,28,31,33,32,28,18,40,38,35,32,32,31,27,35,28,34,35,51,33,40,38,28,41,45,34,28,32,47,35,36,39,26,28,38,36,41,57,28,31,44,39,38,25,32,30
17,15,15,24,22,57,15,34,17,13,19,29,37,19,36,43,23,14,7,15,18,19,38,49,15,25,37,23,34,39,37,38,39,2,14,10,22,15,12,12,22,17,30,18,24,38,47,23,42,23,46,47,29,30,0,24,32,45,32,27,19,19,40,35,15,12,27,39,28,15,45,20,24,35,27,18,16,11,22,32,22,37,25,22,44,41,20,21,23,37,43,33,33,24,33,41,21,13,27,20,36,40,28,39,27,29,46,24,57,41,22,5,23,16,9,18,36,41,28,21,39,21,15,22,28,29,34,13,17,20,25,20,24,43,22,35,31,19,21,23,20,22,23,20,20,16,19,5,29,23,22,40,13,20,16,10,33,37,31,21,42,42,42,43,26,35,41,17,25,24,42,19,38,41,29,9,39,24,37,55,19,17,41,36,24,10,30,25
18,25,21,29,26,59,27,28,27,19,28,33,37,32,35,35,29,27,20,19,36,18,46,50,23,25,38,18,48,42,41,34,33,13,18,24,26,26,30,25,18,27,24,20,28,39,36,2,28,33,49,55,32,24,24,0,29,43,44,38,18,25,34,35,24,23,34,38,30,25,51,16,25,38,34,23,28,27,6,33,32,49,24,28,40,44,21,25,33,42,43,32,36,31,37,52,24,29,24,26,39,52,31,44,22,29,40,31,57,26,27,23,30,26,23,22,28,40,34,32,38,37,23,31,31,18,30,23,29,29,28,29,22,42,27,31,34,28,27,29,29,26,29,29,32,20,28,23,8,33,30,34,23,27,25,25,31,23,29,30,44,44,41,37,32,44,43,28,29,16,47,28,36,34,22,23,26,32,38,59,27,31,41,47,32,25,27,27
30,28,26,36,41,36,29,39,39,31,32,43,39,41,38,32,40,26,36,35,24,29,45,62,29,38,39,29,19,50,40,20,39,31,34,33,39,36,25,27,26,44,36,31,33,39,44,30,33,27,51,48,39,39,32,29,0,46,49,23,29,28,35,22,21,22,39,45,30,40,48,34,16,48,18,36,24,11,37,47,29,42,39,36,49,47,35,41,42,48,48,40,49,38,30,34,23,26,33,22,50,21,34,47,31,39,39,40,57,38,35,34,29,14,36,32,4,47,24,43,42,36,16,37,34,32,24,30,33,41,44,44,42,38,31,41,36,43,38,33,36,36,43,37,30,30,37,34,27,47,41,41,30,41,38,35,38,35,40,39,51,28,37,41,43,45,41,38,38,38,12,40,14,43,47,36,41,38,40,57,37,27,47,38,26,35,39,39
41,43,43,41,45,40,49,43,53,44,40,27,41,54,30,47,49,44,43,46,41,40,34,48,41,52,15,44,56,38,37,49,47,42,48,42,44,44,47,40,40,48,39,41,51,12,46,42,47,41,36,40,47,49,45,43,46,0,37,46,42,48,51,33,41,46,39,9,46,42,38,43,43,32,45,46,43,43,46,40,45,29,46,49,41,32,42,49,45,45,4,40,35,39,45,42,46,40,39,43,34,50,37,44,40,36,38,38,45,42,47,38,50,43,38,44,47,5,52,48,38,40,44,45,38,50,45,38,53,48,48,49,48,44,49,36,43,45,45,41,42,51,48,45,39,45,48,38,51,45,52,44,38,47,49,49,26,40,27,52,35,46,44,32,38,30,32,45,50,39,54,55,52,49,58,39,47,48,42,42,46,38,28,50,49,39,42,42
36,32,30,30,44,53,43,45,43,42,34,40,44,50,39,44,48,47,46,43,44,42,10,47,41,48,33,37,45,24,38,47,47,39,43,40,41,41,47,29,44,46,34,38,49,35,44,42,49,42,44,36,42,46,32,44,49,37,0,39,44,45,55,47,50,34,35,31,41,46,48,37,44,35,45,43,36,36,47,40,48,40,44,43,24,30,41,44,46,34,34,41,35,33,50,44,46,36,34,44,38,50,39,35,42,42,50,35,49,52,46,40,48,39,46,40,49,33,51,49,50,35,40,46,40,40,46,41,49,44,44,45,49,44,44,35,45,48,42,48,43,45,44,42,40,40,47,40,41,45,43,45,41,43,46,41,37,43,40,50,55,51,43,44,34,40,45,46,47,40,54,44,46,48,49,46,39,43,52,61,44,36,46,46,45,45,36,41
28,25,21,31,37,34,33,38,37,34,28,43,34,37,38,34,31,28,21,33,29,34,43,60,35,22,39,35,29,44,39,32,36,16,35,23,29,25,12,20,35,41,21,29,29,38,44,35,39,22,48,47,38,38,27,38,23,46,39,0,35,25,39,26,6,33,34,48,33,32,44,33,21,46,37,36,21,28,32,34,23,46,38,32,51,41,33,31,34,45,40,33,49,38,22,28,35,23,27,37,49,23,29,45,33,39,34,35,55,23,31,31,31,25,36,32,13,47,10,35,32,48,39,37,29,31,25,27,24,33,41,34,43,34,29,41,39,40,30,14,33,41,30,29,27,26,38,31,32,38,34,35,27,36,22,37,38,35,39,25,52,34,34,41,35,39,32,39,32,31,33,39,27,36,33,36,27,31,42,54,29,16,38,42,18,37,37,35
8,23,19,36,24,48,26,7,28,1,30,35,33,30,29,38,30,17,16,3,25,9,38,48,1,35,36,9,29,41,36,37,33,21,1,22,22,20,27,22,1,26,30,7,29,38,35,20,24,25,51,47,5,17,19,18,29,42,44,35,0,22,39,7,26,24,39,34,21,26,47,10,16,40,28,26,23,18,21,37,31,39,21,27,43,44,14,24,34,42,42,24,40,32,42,54,11,22,25,20,40,23,24,41,24,29,49,20,58,33,31,24,32,20,23,27,35,34,23,31,47,38,19,26,24,33,34,20,30,31,26,31,22,33,21,38,39,27,23,31,27,17,32,23,25,20,24,24,21,34,31,40,20,29,32,25,32,23,36,31,55,35,32,39,20,39,39,27,32,29,37,29,35,37,28,23,33,33,38,58,24,20,43,39,32,24,32,23
26,14,14,33,6,52,24,37,11,24,30,35,37,19,36,41,11,26,16,29,27,22,40,52,21,9,44,22,41,41,42,34,41,17,21,21,23,18,20,17,27,15,32,26,8,45,42,28,32,23,51,53,36,26,19,25,28,48,45,25,22,0,40,38,22,18,35,44,32,16,49,26,22,39,25,11,19,20,26,35,8,52,22,10,44,42,22,8,24,42,48,33,47,36,36,50,29,15,26,20,48,45,32,41,30,34,44,33,57,38,6,24,5,19,5,3,40,43,32,18,42,39,23,6,33,37,34,28,7,9,28,13,34,37,2,36,37,18,5,23,10,36,13,6,20,17,16,24,34,12,14,39,28,18,10,8,38,34,33,11,52,38,37,41,32,42,41,5,9,29,46,14,32,37,34,5,30,22,39,61,3,22,43,43,15,4,37,26
40,40,41,41,44,56,41,49,41,37,43,39,51,42,39,43,43,39,36,41,30,45,51,60,37,41,56,43,42,56,48,53,52,34,44,43,40,39,42,37,39,39,46,38,31,56,40,44,32,43,56,49,29,42,40,34,35,51,55,39,39,40,0,30,36,41,48,53,35,38,53,41,42,51,33,42,42,46,36,38,36,49,45,40,54,55,38,37,42,54,52,45,55,44,51,58,42,38,44,43,57,50,45,54,41,39,50,39,64,48,35,45,41,35,37,37,49,53,41,39,53,49,45,49,44,39,38,40,42,46,38,45,50,38,42,44,47,39,43,34,45,46,42,44,40,37,36,45,40,49,38,41,40,48,38,43,40,41,47,36,52,41,38,50,41,48,36,41,33,46,47,42,46,42,53,37,39,43,37,59,43,43,42,41,45,39,49,44
38,30,38,46,40,39,37,9,40,11,34,36,33,37,39,38,43,24,30,10,21,7,53,57,7,31,46,7,22,47,40,32,25,35,10,32,29,35,27,30,7,42,38,37,34,43,33,35,22,26,53,50,2,22,35,35,22,33,47,26,7,38,30,0,21,29,42,47,12,35,49,18,29,47,27,37,40,32,35,42,28,51,34,31,42,49,34,28,44,49,44,37,42,40,31,51,10,32,33,29,46,16,37,49,44,36,45,31,47,36,34,39,31,38,31,33,27,44,35,37,41,40,41,44,38,29,35,34,34,38,35,36,30,31,34,37,42,39,40,30,40,28,45,40,30,29,40,39,19,46,40,37,34,38,37,34,33,14,36,32,52,34,30,29,38,46,33,32,31,35,23,41,35,23,38,30,33,40,21,64,41,37,37,40,39,34,36,34
24,7,7,30,30,47,30,33,22,24,27,36,23,25,37,30,27,22,7,24,24,22,46,52,26,16,45,27,21,46,36,25,38,10,22,23,22,18,6,6,27,31,28,24,23,42,32,27,23,16,49,41,17,34,15,24,21,41,50,6,26,22,36,21,0,25,38,43,15,25,44,21,15,45,19,26,17,16,25,39,19,38,26,26,37,46,25,26,30,40,46,29,40,31,20,34,34,7,24,21,41,37,33,41,28,42,30,34,48,32,27,23,16,20,13,32,25,43,17,31,32,39,18,27,33,24,26,19,14,27,26,26,32,34,25,33,42,32,25,14,29,39,25,25,21,27,33,23,28,29,24,22,19,30,17,15,37,27,34,16,51,36,34,24,35,38,30,29,16,23,28,26,29,26,30,13,24,32,30,60,24,16,34,40,16,30,31,31
25,16,16,30,21,55,19,27,26,22,24,24,45,29,29,41,26,22,18,27,4,24,34,46,23,25,40,22,39,40,35,38,38,15,20,18,25,14,27,19,27,24,27,25,27,38,37,26,27,30,51,52,23,28,12,23,22,46,34,33,24,18,41,29,25,0,29,38,31,24,51,20,12,42,14,24,2,21,25,31,21,48,25,24,43,42,24,31,30,38,39,32,35,28,31,50,29,18,20,4,36,49,30,39,23,31,50,27,50,39,27,21,26,22,20,18,26,38,30,29,49,30,21,23,31,33,30,25,25,26,29,27,34,35,21,29,32,26,27,22,23,32,25,21,20,8,26,21,35,33,28,33,25,25,24,24,33,32,33,27,51,30,34,36,28,39,38,22,30,23,36,26,18,37,37,20,32,27,38,56,26,13,42,37,33,20,31,18
31,28,24,6,34,57,30,32,38,34,28,21,25,42,21,17,37,33,39,37,41,34,29,57,31,40,34,32,42,40,9,42,41,40,38,39,38,32,30,27,32,43,8,33,44,36,42,34,35,39,35,43,40,40,27,34,39,39,35,34,39,35,48,42,38,29,0,41,26,40,44,32,23,34,45,34,33,37,33,14,38,15,34,40,43,33,37,41,41,28,40,29,26,30,34,34,39,31,31,39,30,45,27,30,26,26,25,8,59,43,39,29,42,33,38,36,40,43,43,43,15,37,36,37,27,34,34,23,46,37,41,38,46,41,36,26,21,44,37,36,35,39,39,37,39,33,44,29,35,41,37,11,23,36,44,39,29,33,31,37,35,44,40,42,26,34,37,41,40,25,45,42,43,29,44,38,38,37,46,48,37,27,40,25,44,40,33,38
28,36,36,38,45,56,42,37,43,39,30,26,38,51,19,45,46,40,32,37,46,39,33,44,37,43,8,46,46,32,41,44,47,33,47,39,41,41,38,35,40,47,39,30,49,11,43,34,48,44,33,39,45,38,39,38,45,9,31,48,34,44,53,47,43,38,41,0,39,46,37,34,37,26,43,39,37,36,37,34,42,48,40,43,37,23,31,45,44,28,9,40,20,37,39,41,40,34,40,41,26,50,33,29,32,34,51,32,43,46,40,36,52,33,39,41,45,7,44,49,47,33,38,41,34,47,54,40,53,42,39,43,44,40,42,30,37,46,41,44,44,41,43,41,44,38,47,36,49,46,44,42,40,44,52,40,16,37,22,43,34,53,39,36,35,24,20,40,47,32,49,43,45,43,52,39,39,45,45,39,43,41,32,43,50,42,37,38
21,18,22,30,36,41,37,26,38,13,29,41,26,38,37,33,34,21,23,12,27,13,43,58,21,25,44,13,16,40,27,29,36,25,20,31,27,32,21,17,13,39,28,21,30,44,35,25,24,26,46,42,18,32,28,30,30,46,41,33,21,32,35,12,15,31,26,39,0,33,42,6,17,36,27,35,28,23,15,23,28,43,21,37,41,40,18,28,37,45,44,31,41,35,35,38,20,18,29,29,42,16,31,44,35,26,35,31,50,20,32,27,21,23,36,35,23,44,18,35,31,32,28,38,31,15,31,24,23,38,27,37,40,36,34,34,37,40,32,23,34,31,35,36,30,38,38,28,23,42,37,32,24,36,26,34,39,10,45,26,39,46,35,28,27,34,29,36,21,24,34,40,35,19,46,36,18,35,33,42,31,17,33,19,31,32,32,25
29,21,20,36,15,52,28,31,13,26,35,41,48,19,38,42,21,19,13,29,31,25,45,59,25,14,46,23,41,48,41,41,34,13,25,19,23,22,28,21,26,13,30,30,19,46,36,26,32,24,55,53,31,28,15,25,40,42,46,32,26,16,38,35,25,24,40,46,33,0,51,21,24,43,26,18,24,19,26,38,18,47,25,20,49,45,17,14,22,50,44,34,43,33,39,47,26,22,27,21,44,40,34,50,28,37,50,34,54,41,21,16,16,26,6,18,36,49,35,20,48,41,31,15,34,36,36,19,12,17,24,16,35,34,13,34,43,15,15,26,21,32,16,15,24,19,13,16,37,23,17,37,19,24,15,8,40,30,38,15,57,44,34,38,31,46,35,21,7,30,49,16,36,36,37,6,33,20,32,58,15,20,37,45,21,4,36,22
46,51,50,46,55,58,43,57,54,57,48,34,41,55,44,42,52,56,49,48,46,49,45,58,47,47,31,47,53,41,44,57,57,48,52,55,48,51,50,48,49,58,48,49,46,30,48,53,45,39,20,24,40,55,45,51,48,38,48,44,47,49,53,49,44,51,44,37,42,51,0,51,45,39,45,52,53,56,55,44,48,51,53,55,48,43,53,52,57,33,33,51,34,42,52,36,48,51,46,52,38,57,46,24,50,43,53,50,27,50,54,48,49,51,52,53,42,30,48,57,45,43,53,57,47,41,56,48,48,53,57,49,57,42,54,41,39,57,52,37,55,53,52,55,54,47,58,49,42,56,55,42,48,54,51,49,45,51,33,50,31,59,42,34,46,40,29,56,49,45,51,54,46,45,56,53,45,53,50,45,55,51,15,41,56,51,49,53
8,21,27,27,23,50,23,26,25,2,24,35,30,27,30,31,32,14,14,4,31,10,39,53,10,29,35,2,20,34,33,32,41,19,2,21,16,21,20,20,2,27,25,8,24,36,36,15,34,29,47,47,8,15,20,16,34,43,37,33,10,26,41,18,21,20,32,34,6,21,51,0,12,31,32,23,14,13,12,32,29,37,15,28,44,36,12,22,29,40,39,22,38,28,39,43,12,24,22,24,40,36,23,41,27,32,37,8,58,26,29,17,28,18,19,27,33,34,20,27,38,30,7,27,23,33,32,14,27,27,25,28,25,45,20,28,30,27,30,27,27,26,31,32,24,20,25,18,16,27,28,35,14,27,26,20,33,16,34,30,47,47,44,32,25,31,38,27,28,28,28,25,38,30,24,19,34,29,31,61,24,26,42,32,28,20,26,19
25,16,14,34,25,50,15,28,27,19,24,26,32,26,26,40,26,28,22,30,24,16,44,52,21,27,41,27,40,41,29,18,40,21,18,20,25,18,19,11,26,23,29,26,31,41,39,29,39,21,55,50,34,33,24,25,16,43,44,21,16,22,42,29,15,12,23,37,17,24,45,12,0,40,24,24,12,15,30,31,27,41,26,32,45,42,19,27,26,42,47,37,39,30,31,54,27,16,20,14,40,47,36,42,30,35,40,31,54,36,25,19,32,14,25,24,10,38,28,27,44,37,17,25,36,36,22,19,31,24,33,24,32,40,21,29,40,25,21,12,21,32,21,21,2,20,25,19,37,28,24,40,19,24,31,20,31,34,33,27,51,34,40,35,35,39,34,22,30,20,30,29,26,37,44,25,34,25,42,53,20,15,40,36,19,22,39,28
28,34,34,36,47,53,36,38,45,35,33,39,39,45,27,35,46,41,34,39,43,36,35,42,34,44,33,36,42,26,43,48,41,33,34,33,42,41,46,37,39,46,32,30,47,33,48,26,42,42,50,46,44,38,35,38,48,32,35,46,40,39,51,47,45,42,34,26,36,43,39,31,40,0,43,39,37,35,33,26,43,40,41,41,44,30,35,43,46,30,36,36,29,31,47,45,38,36,31,43,32,49,39,32,44,30,43,35,52,51,40,35,42,38,38,43,44,29,36,46,44,43,36,39,39,29,44,33,41,43,43,42,44,45,41,37,39,45,47,39,44,43,45,45,38,44,42,35,42,48,45,40,33,45,44,36,40,43,39,49,44,49,45,33,17,38,38,47,40,34,48,43,45,38,39,38,47,46,47,58,45,38,46,40,50,36,37,39
31,28,30,40,33,50,12,31,35,28,34,38,31,38,35,37,34,27,26,25,10,28,45,53,26,20,44,28,31,51,35,28,44,25,31,26,30,6,30,27,27,36,39,32,21,44,31,32,29,23,49,47,23,39,27,34,18,45,45,37,28,25,33,27,19,14,45,43,27,26,45,32,24,43,0,30,22,29,34,40,17,51,33,32,45,44,38,29,33,43,50,34,44,34,33,40,29,27,28,24,44,37,35,46,37,38,41,39,46,30,27,25,20,18,25,26,28,44,22,37,41,39,29,30,35,31,26,25,21,29,37,29,40,32,31,39,39,37,33,19,31,39,35,29,28,4,37,25,33,37,41,29,25,31,30,30,25,22,32,23,39,24,32,32,36,46,24,33,20,34,24,35,10,33,40,25,32,37,26,50,32,29,24,28,34,23,38,32
23,18,18,36,3,62,20,33,18,25,29,34,42,22,34,42,11,29,17,27,32,25,41,51,25,12,39,25,43,39,44,42,41,16,25,18,24,20,25,18,25,23,32,23,13,41,41,27,37,24,52,52,35,26,18,23,36,46,43,36,26,11,42,37,26,24,34,39,35,18,52,23,24,39,30,0,20,22,25,34,19,46,25,11,41,39,23,13,20,43,46,37,43,34,34,46,29,17,25,22,44,45,36,44,25,36,52,32,58,44,9,25,11,22,16,9,36,42,32,23,48,38,22,7,36,37,34,23,13,3,28,3,32,44,8,34,40,22,3,26,4,30,9,2,22,22,23,25,33,17,19,42,23,21,13,12,34,31,32,9,51,46,44,40,32,44,42,5,11,27,40,17,42,46,36,16,37,20,40,54,3,16,40,40,17,12,36,25
24,14,14,27,25,58,19,29,25,23,20,30,34,24,27,31,20,26,20,27,20,20,41,46,23,30,41,23,33,39,29,27,43,17,16,14,24,16,17,13,23,25,26,24,29,42,46,24,37,19,54,46,34,32,16,28,24,43,36,21,23,19,42,40,17,2,33,37,28,24,53,14,12,37,22,20,0,11,32,31,23,42,25,24,46,40,14,22,27,46,44,33,36,27,23,42,26,14,29,14,39,43,29,46,21,31,41,28,50,34,25,22,30,10,22,20,20,39,25,23,42,32,15,21,30,29,31,20,20,28,25,29,41,45,20,33,36,23,22,21,25,32,24,21,10,14,25,22,39,30,24,36,20,24,21,23,31,30,35,26,49,41,44,37,31,40,34,26,31,27,24,28,24,33,42,22,31,26,39,62,22,15,40,42,34,19,32,25
22,20,18,30,21,55,6,33,27,19,27,27,32,26,30,44,23,22,20,29,15,21,35,51,21,26,34,20,37,38,43,30,41,17,14,15,18,14,21,17,19,26,26,23,28,36,44,23,36,22,51,55,38,32,11,27,11,43,36,28,18,20,46,32,16,21,37,36,23,19,56,13,15,35,29,22,11,0,31,36,28,44,25,25,45,43,18,13,28,37,43,29,39,28,30,51,26,20,25,15,40,42,26,39,27,36,41,37,57,25,22,20,33,5,22,22,31,43,11,24,45,35,6,26,26,34,24,21,26,26,15,26,38,42,21,29,32,26,21,26,29,38,25,21,11,11,24,20,34,29,29,43,21,24,27,19,33,30,35,29,44,45,41,42,29,37,41,30,31,29,27,26,35,35,40,22,28,27,39,49,21,16,45,31,28,23,35,24
26,25,22,37,25,54,30,29,28,18,24,39,35,32,37,39,30,23,20,24,26,15,47,53,22,32,36,23,40,34,43,36,48,15,16,23,29,24,31,23,15,28,30,27,28,39,40,6,38,27,54,48,26,8,22,6,37,46,47,32,21,26,36,35,25,25,33,37,15,26,55,12,30,33,34,25,32,31,0,31,30,38,24,27,42,35,16,27,34,42,45,32,36,30,42,51,14,24,27,30,42,44,31,44,28,35,42,24,56,32,27,19,25,29,23,26,26,43,22,32,43,39,24,30,30,28,33,25,20,29,30,31,12,39,24,35,40,30,29,27,30,18,28,28,34,25,30,19,14,33,31,37,25,29,20,24,36,22,32,32,54,45,38,39,29,36,41,26,28,26,40,28,30,31,18,23,32,35,37,60,31,33,40,39,32,25,35,27
28,29,27,14,37,48,32,36,38,35,24,31,24,40,31,36,41,31,31,33,32,36,36,43,38,39,30,36,28,40,22,44,46,34,34,36,35,32,31,22,39,35,18,28,40,32,42,31,42,33,41,44,33,35,32,33,47,40,40,34,37,35,38,42,39,31,14,34,23,38,44,32,31,26,40,34,31,36,31,0,35,34,34,35,37,40,36,35,35,30,41,28,34,30,33,32,38,29,29,33,36,52,24,31,26,20,38,22,50,39,36,27,41,33,36,36,37,32,38,40,26,28,32,35,25,36,39,26,37,36,34,35,32,40,39,25,26,39,36,31,37,39,34,35,35,31,35,27,38,37,36,20,26,37,40,35,24,36,24,37,39,50,40,31,14,32,22,38,35,35,48,35,40,34,42,36,37,35,40,47,38,31,27,6,43,31,32,37
29,19,17,42,14,47,28,36,17,27,32,39,41,16,37,37,21,29,18,32,21,31,46,54,31,6,42,31,32,45,35,41,40,22,30,24,33,25,19,20,31,24,35,29,10,41,36,31,26,17,52,44,24,35,22,32,29,45,48,23,31,8,36,28,19,21,38,42,28,18,48,29,27,43,17,19,23,28,30,35,0,45,30,17,47,45,29,12,21,47,50,39,47,31,33,39,28,19,26,23,47,44,39,47,30,37,41,37,47,37,12,27,6,29,13,15,23,47,31,19,39,44,32,15,39,36,31,27,8,20,32,18,37,35,10,38,35,19,14,19,14,31,16,14,25,29,19,27,26,19,18,31,27,22,8,9,38,29,38,8,40,43,35,27,36,43,29,18,10,33,31,17,29,33,41,12,33,18,31,51,13,21,29,41,16,12,38,33
37,40,36,22,50,41,34,52,53,36,38,41,10,53,28,29,45,38,47,44,38,42,42,59,40,44,35,42,41,46,10,31,48,46,35,39,48,45,39,40,42,54,16,37,45,34,44,41,57,38,48,36,53,54,37,49,42,29,40,46,39,52,49,51,38,48,15,48,43,47,51,37,41,40,51,46,42,44,38,34,45,0,47,50,44,49,35,47,55,50,39,37,39,38,38,37,46,54,40,38,39,36,33,50,53,41,24,24,60,44,47,37,53,46,46,49,43,47,38,51,14,47,42,43,34,45,35,36,49,47,50,41,48,47,55,34,10,55,48,39,53,41,52,49,46,45,53,37,47,54,55,32,36,53,45,51,39,52,38,49,35,41,46,31,44,45,34,51,44,42,49,56,47,32,44,46,35,49,50,46,48,46,36,20,40,48,43,50
26,27,25,33,31,52,25,31,23,17,28,39,43,27,37,41,30,22,23,19,34,21,48,53,17,27,42,21,40,42,36,46,38,23,17,26,26,28,31,25,21,24,31,26,33,40,45,25,42,28,56,47,32,25,25,24,39,46,44,38,21,22,45,34,26,25,34,40,21,25,53,15,26,41,33,25,25,25,24,34,30,47,0,26,44,45,20,25,33,45,46,36,41,33,37,46,24,30,26,25,42,47,36,44,29,35,43,33,57,43,25,27,28,24,22,25,36,38,34,21,46,39,28,28,36,32,32,21,28,32,32,32,32,47,26,35,39,23,31,29,31,33,32,32,25,24,24,27,41,27,27,43,21,24,28,23,38,25,36,32,55,51,47,39,29,39,42,28,28,29,41,24,36,38,37,23,36,29,39,61,32,31,42,41,32,22,34,10
29,19,19,38,10,54,23,29,18,24,33,34,42,15,34,44,8,29,16,26,30,29,45,56,27,22,43,27,39,44,42,41,40,13,25,23,22,19,24,20,29,22,30,29,19,42,44,25,31,28,53,55,29,34,22,28,36,49,43,32,27,10,40,31,26,24,40,43,37,20,55,28,32,41,32,11,24,25,27,35,17,50,26,0,45,47,23,3,20,43,47,35,41,34,33,54,22,19,26,24,42,49,31,43,27,38,44,32,58,44,1,22,19,26,10,3,42,40,36,19,46,43,23,8,33,35,38,23,9,4,30,3,36,43,14,36,42,24,12,28,12,36,8,10,24,20,23,22,31,17,19,38,23,20,12,6,32,28,34,25,53,42,42,40,33,40,40,2,19,28,38,17,38,42,42,11,37,23,40,56,12,19,40,40,19,12,37,26
32,40,40,39,50,57,40,46,47,37,32,46,44,51,37,50,42,48,44,32,50,42,26,46,39,51,40,40,45,30,52,54,51,47,36,41,39,45,43,37,44,50,41,33,46,37,47,40,44,46,50,38,43,42,44,40,49,41,24,51,43,44,54,42,37,43,43,37,41,49,48,44,45,44,45,41,46,45,42,37,47,44,44,45,0,26,38,45,48,31,40,39,35,39,52,46,38,42,30,50,37,53,43,33,40,40,48,34,54,53,45,42,51,45,47,43,51,38,51,50,52,25,39,46,43,48,46,40,49,45,42,45,46,43,46,38,43,47,47,50,44,50,44,47,48,40,50,42,40,48,46,39,40,45,48,48,46,45,43,51,48,57,43,36,37,37,35,45,49,32,57,49,49,43,46,47,45,46,51,55,47,46,44,49,47,47,45,48
34,38,40,34,44,59,36,44,47,39,28,44,44,51,41,52,48,42,44,39,46,43,26,51,43,48,29,47,48,4,43,53,47,41,41,41,42,34,47,37,40,50,37,36,49,31,46,38,47,44,45,50,45,49,41,44,47,32,30,41,44,42,55,49,46,42,33,23,40,45,43,36,42,30,44,39,40,43,35,40,45,49,45,47,26,0,47,47,42,25,31,42,26,35,45,46,47,34,30,41,31,55,43,27,40,41,49,30,50,48,46,44,46,37,44,42,45,38,46,48,45,31,35,46,43,37,45,35,51,43,44,44,41,45,43,43,31,49,41,44,43,44,42,41,37,40,48,44,51,47,40,42,35,43,50,46,42,46,34,49,47,54,44,43,37,33,43,44,48,33,50,47,50,46,46,44,43,46,45,60,41,39,37,46,49,43,35,43
19,24,26,23,23,60,20,26,27,20,23,28,30,28,30,36,28,6,16,18,25,14,45,53,14,32,31,18,30,46,41,36,43,15,16,22,15,21,28,19,18,25,26,20,33,35,44,15,31,17,53,47,22,22,20,21,35,42,41,33,14,22,38,34,25,24,37,31,18,17,53,12,19,35,38,23,14,18,16,36,29,35,20,23,38,47,0,26,32,43,44,31,41,24,32,41,16,22,24,29,41,44,28,45,22,38,44,30,52,39,26,18,32,15,23,22,37,37,31,27,35,36,28,27,28,27,31,18,24,30,18,29,30,47,20,32,38,30,29,25,25,17,26,24,22,16,26,18,33,28,29,33,18,28,23,23,34,26,28,30,45,42,46,36,26,37,38,26,24,28,37,27,33,27,25,23,24,33,34,56,32,18,34,42,30,17,22,16
33,17,18,33,12,51,18,31,21,26,28,34,37,22,37,41,22,24,16,30,24,25,44,57,25,14,47,24,42,42,44,43,44,15,29,19,25,20,28,18,25,22,35,33,14,47,41,26,28,23,48,54,26,31,21,25,41,49,44,31,24,8,37,28,26,31,41,45,28,14,52,22,27,43,29,13,22,13,27,35,12,47,25,3,45,47,26,0,21,42,50,35,44,31,35,49,34,18,29,24,45,48,37,41,32,38,46,35,51,46,2,24,14,20,5,5,35,45,37,16,41,41,23,10,37,38,43,25,19,15,25,18,33,40,8,36,47,18,10,25,22,39,18,16,17,19,16,24,28,15,16,43,25,17,18,6,36,31,35,14,53,39,39,41,33,46,37,3,16,25,35,14,35,49,35,4,34,21,37,56,10,20,37,38,17,5,42,24
31,17,17,36,19,56,28,36,11,31,32,38,45,4,41,41,23,35,18,35,38,35,47,59,33,25,46,34,50,43,47,51,47,18,31,25,31,27,23,17,32,8,39,30,29,45,47,33,41,30,54,50,38,37,23,33,42,45,46,34,34,24,42,44,30,30,41,44,37,22,57,29,26,46,33,20,27,28,34,35,21,55,33,20,48,42,32,21,0,47,53,38,46,38,40,51,31,15,23,26,44,54,38,47,33,40,53,39,61,49,22,24,23,29,22,19,44,47,41,7,55,42,28,22,37,37,41,22,23,18,37,21,42,42,24,39,45,16,21,27,23,38,20,21,31,29,10,24,40,23,2,48,23,21,28,17,41,43,38,18,55,49,42,43,36,43,47,19,20,30,49,8,44,45,41,22,38,6,43,61,21,16,48,46,25,19,41,30
32,38,36,32,45,52,35,37,50,42,34,24,42,48,35,41,44,45,40,48,42,40,33,50,46,54,34,39,52,29,31,45,46,41,47,45,35,35,41,35,42,49,35,36,48,36,48,42,45,44,23,11,40,47,37,42,48,45,34,45,42,42,54,49,40,38,28,28,45,50,33,40,42,30,43,43,46,37,42,30,47,50,45,43,31,25,43,42,47,0,39,45,20,33,46,42,43,36,40,47,26,60,41,5,40,24,46,36,46,49,48,33,45,42,46,47,50,37,42,50,44,33,33,46,41,45,43,32,48,40,44,42,51,35,44,34,41,50,48,41,44,52,40,48,45,38,50,33,40,46,43,40,32,48,47,47,38,40,36,55,6,46,34,37,38,37,41,49,52,36,53,51,43,40,51,46,45,45,46,48,48,38,30,46,45,45,33,44
35,41,41,39,45,42,48,42,56,40,41,32,34,52,23,46,49,36,41,43,43,38,36,42,38,52,13,42,44,39,35,40,45,38,40,43,46,51,44,42,42,53,47,38,50,9,40,44,53,39,37,34,43,48,43,43,48,4,34,40,42,48,52,44,46,39,40,9,44,44,33,39,47,36,50,46,44,43,45,41,50,39,46,47,40,31,44,50,53,39,0,39,40,36,47,30,42,42,46,45,39,56,35,31,44,28,35,41,42,48,51,40,52,44,44,44,50,8,50,50,37,40,44,45,34,47,43,40,52,48,48,49,52,31,49,30,42,55,45,44,42,52,46,45,40,42,45,40,45,47,45,37,40,48,47,42,20,40,28,43,33,50,30,37,35,27,24,46,48,47,55,53,47,41,47,44,44,43,48,52,49,38,37,43,53,40,44,45
21,34,30,35,36,43,33,26,33,24,31,31,31,35,28,43,33,34,32,27,35,28,37,45,26,35,40,28,37,40,34,44,41,29,25,36,30,32,30,32,26,36,26,19,39,41,30,30,37,37,50,36,35,34,33,32,40,40,41,33,24,33,45,37,29,32,29,40,31,34,51,22,37,36,34,37,33,29,32,28,39,37,36,35,39,42,31,35,38,45,39,0,39,29,41,39,30,36,30,33,39,43,13,38,36,25,30,33,55,45,37,23,41,31,30,34,40,36,36,35,35,26,32,36,11,39,36,28,40,36,32,39,39,35,33,26,27,35,36,39,33,31,38,36,36,36,35,23,39,43,40,37,28,30,41,32,27,31,31,37,47,50,35,29,26,33,29,37,40,31,44,35,37,33,32,30,39,37,39,54,36,36,35,48,42,33,28,29
30,38,38,27,45,56,41,42,47,41,38,36,43,45,19,37,46,45,40,39,40,40,35,34,49,50,30,42,46,37,41,47,47,35,44,41,36,39,37,31,45,46,33,32,46,27,45,34,45,42,13,11,47,46,33,36,49,35,35,49,40,47,55,42,40,35,26,20,41,43,34,38,39,29,44,43,36,39,36,34,47,39,41,41,35,26,41,44,46,20,40,39,0,29,49,34,44,38,35,41,12,51,35,32,38,22,54,21,47,51,48,36,52,36,40,45,45,28,47,49,51,39,39,48,35,47,47,36,53,46,38,44,47,40,45,26,42,46,45,37,45,46,42,44,46,42,46,36,46,49,44,44,36,48,49,43,28,44,34,53,16,57,40,36,30,18,35,44,50,42,56,44,49,36,49,40,45,46,46,27,46,40,41,38,50,42,27,45
23,29,27,24,36,38,28,33,38,29,17,18,25,38,14,40,37,30,27,27,26,32,23,39,28,43,35,25,44,37,27,40,41,26,30,24,35,32,32,26,23,33,21,23,40,38,33,21,43,29,36,32,39,29,24,31,38,39,33,38,32,36,44,40,31,28,30,37,35,33,42,28,30,31,34,34,27,28,30,30,31,38,33,34,39,35,24,31,38,33,36,29,29,0,37,32,30,27,25,26,28,46,28,33,19,6,39,23,54,42,37,26,36,30,26,33,37,32,42,39,34,22,28,38,28,47,38,23,36,38,32,39,36,32,35,10,32,39,36,32,37,30,34,37,33,32,37,26,43,38,37,31,23,36,40,27,12,36,16,43,35,51,32,24,18,28,20,37,41,33,49,34,42,28,36,26,34,38,39,46,36,35,36,32,39,33,28,33
28,13,13,35,35,40,34,38,32,40,34,42,32,35,37,44,33,36,29,40,28,40,47,51,36,32,50,38,39,47,34,37,44,22,39,19,33,33,25,12,38,40,29,30,31,51,46,41,35,20,46,48,38,45,33,37,30,45,50,22,42,36,51,31,20,31,34,39,35,39,52,39,31,47,33,34,23,30,42,33,33,38,37,33,52,45,32,35,40,46,47,41,49,37,0,24,37,13,32,31,49,41,36,44,32,45,40,38,52,38,35,29,31,27,35,36,25,45,34,35,40,37,29,35,36,35,19,27,33,32,35,32,47,41,35,44,30,40,34,24,31,39,35,37,31,29,41,29,35,38,36,41,27,41,37,37,38,39,39,34,54,21,41,41,36,43,42,36,34,21,48,40,25,35,49,35,26,38,32,49,35,12,43,33,36,35,36,34
43,39,43,37,48,26,53,49,51,52,39,50,34,52,36,42,51,51,52,52,51,49,49,41,48,48,36,45,50,41,34,37,45,42,54,45,50,50,43,42,45,53,44,44,41,32,37,44,43,38,31,33,34,56,41,52,34,42,44,28,54,50,58,51,34,50,34,41,38,47,36,43,54,45,40,46,42,51,51,32,39,37,46,54,46,46,41,49,51,42,30,39,34,32,24,0,51,47,41,49,38,53,34,40,48,41,28,34,37,45,47,40,47,49,49,52,42,24,32,53,26,46,47,51,34,53,39,42,44,52,48,49,55,32,51,27,39,51,50,46,50,55,50,45,42,43,50,40,49,56,50,29,42,56,43,41,35,55,35,35,34,37,32,14,50,19,18,53,50,44,41,49,37,41,55,50,45,50,32,41,47,47,24,38,44,45,53,56
12,31,23,35,28,52,26,6,31,3,24,37,39,29,31,43,36,18,24,3,25,11,43,56,10,32,42,11,25,46,39,36,15,21,3,28,32,21,16,28,3,31,33,10,36,42,38,14,32,30,48,50,8,27,21,24,23,46,46,35,11,29,42,10,34,29,39,40,20,26,48,12,27,38,29,29,26,26,14,38,28,46,24,22,38,47,16,34,31,43,42,30,44,30,37,51,0,24,30,24,45,34,32,41,30,37,41,30,59,29,27,25,34,32,24,25,30,44,23,31,44,37,29,28,33,41,38,24,35,28,34,33,29,36,27,39,33,34,26,27,32,29,33,24,22,26,31,25,24,37,31,37,24,33,31,24,32,5,34,31,49,37,35,34,32,33,36,24,38,33,30,28,40,33,39,24,40,36,39,58,26,34,41,40,36,29,31,26
20,2,2,29,19,51,18,30,24,26,24,29,34,21,31,43,24,29,20,30,21,30,33,44,26,21,30,20,34,35,30,38,38,21,20,9,29,20,10,1,22,25,32,22,29,35,41,34,39,17,53,47,34,34,13,29,26,40,36,23,22,15,38,32,7,18,31,34,18,22,51,24,16,36,27,17,14,20,24,29,19,54,30,19,42,34,22,18,15,36,42,36,38,27,13,47,24,0,19,20,38,51,35,39,26,31,42,33,55,39,22,19,24,16,15,20,30,40,38,23,39,33,18,19,35,24,29,14,23,18,31,18,37,43,20,29,33,22,18,17,16,36,18,18,26,20,25,19,36,18,14,35,14,22,21,16,27,36,33,26,46,46,43,35,27,37,35,24,26,18,43,19,31,35,41,15,30,16,35,49,18,8,41,35,23,18,33,27
24,14,14,28,29,52,25,38,29,26,21,25,37,28,30,36,28,26,23,25,34,26,34,46,24,30,38,24,35,34,38,42,41,26,23,23,23,18,23,15,28,25,29,25,25,38,39,25,36,22,48,47,32,30,27,24,33,39,34,27,25,26,44,33,24,20,31,40,29,27,46,22,20,31,28,25,29,25,27,29,26,40,26,26,30,30,24,29,23,40,46,30,35,25,32,41,30,19,0,21,39,36,32,40,21,34,41,25,55,45,25,8,27,21,25,25,31,39,37,30,42,34,21,25,32,31,34,14,34,29,33,28,35,39,26,25,33,29,26,18,24,33,23,29,22,21,24,8,33,28,22,33,14,26,32,25,25,34,31,33,54,37,39,30,21,34,32,25,29,27,39,23,29,28,35,25,26,25,35,58,27,16,35,42,28,26,33,23
25,18,20,34,21,50,21,26,26,26,27,30,39,25,30,39,22,26,14,25,24,28,41,48,19,26,46,29,47,35,38,36,42,15,23,16,24,12,25,15,19,27,27,25,27,46,41,27,40,17,53,50,27,32,20,26,22,43,44,37,20,20,43,29,21,4,39,41,29,21,52,24,14,43,24,22,14,15,30,33,23,38,25,24,50,41,29,24,26,47,45,33,41,26,31,49,24,20,21,0,42,49,33,46,21,35,52,34,60,43,25,24,30,18,22,20,38,42,32,24,47,33,21,23,33,37,34,19,26,24,31,26,36,40,19,29,31,22,19,23,21,37,21,19,10,10,22,24,31,28,29,40,19,22,29,21,31,29,33,23,53,24,40,38,32,33,40,24,30,22,32,27,20,40,41,22,28,28,38,58,18,15,44,44,31,19,34,21
35,37,37,32,47,56,42,42,45,43,37,36,44,45,19,37,46,47,39,37,44,40,38,36,47,50,30,42,46,40,42,47,47,40,45,41,41,38,38,36,46,43,38,37,45,26,46,39,45,38,6,10,37,43,36,39,50,34,38,49,40,48,57,46,41,36,30,26,42,44,38,40,40,32,44,44,39,40,42,36,47,39,42,42,37,31,41,45,44,26,39,39,12,28,49,38,45,38,39,42,0,54,37,30,39,22,54,24,43,50,45,36,50,39,37,44,45,28,47,47,50,41,40,48,37,47,47,36,53,47,39,45,44,40,46,26,43,45,46,36,47,43,41,43,46,43,45,36,47,48,41,44,36,47,49,40,28,44,34,53,18,56,40,35,29,19,35,44,50,43,53,44,47,35,46,38,45,46,46,26,44,38,37,38,50,42,32,47
37,42,45,46,46,50,54,43,53,35,45,49,46,52,50,39,52,28,41,34,41,23,54,61,31,47,52,31,10,56,44,39,28,45,26,48,51,43,41,39,31,55,53,37,42,57,35,49,35,34,52,50,18,46,40,52,21,50,50,23,23,45,50,16,37,49,45,50,16,40,57,36,47,49,37,45,43,42,44,52,44,36,47,49,53,55,44,48,54,60,56,43,51,46,41,53,34,51,36,49,54,0,49,56,42,46,41,45,67,33,44,51,40,47,53,43,30,50,24,54,47,52,54,54,49,37,34,43,38,50,48,48,56,42,46,51,44,55,47,29,53,57,43,50,50,45,55,51,39,58,49,49,43,57,46,54,47,34,47,40,53,43,43,53,41,54,52,50,41,51,21,52,40,47,56,53,31,51,43,63,38,39,57,48,39,53,51,48
19,31,31,31,36,48,32,29,35,24,29,30,26,37,30,40,37,34,31,34,34,27,39,39,23,33,35,27,47,39,29,42,38,28,25,32,30,32,31,34,23,35,29,21,39,36,35,29,33,38,50,35,29,31,28,31,34,37,39,29,24,32,45,37,33,30,27,33,31,34,46,23,36,39,35,36,29,26,31,24,39,33,36,31,43,43,28,37,38,41,35,13,35,28,36,34,32,35,32,33,37,49,0,37,31,32,38,30,48,44,37,21,37,33,29,33,41,34,36,36,38,26,32,36,3,41,36,27,36,36,31,39,41,36,34,26,28,36,34,36,34,29,38,34,33,36,35,21,39,42,38,32,27,34,39,31,24,27,12,37,45,48,36,34,22,36,28,37,37,29,51,34,32,31,32,29,42,39,39,56,36,35,32,42,41,29,24,33
33,39,38,33,45,56,36,35,49,42,36,24,42,48,35,41,44,47,42,47,42,40,34,47,45,54,36,39,51,30,31,46,45,42,47,45,39,36,42,36,42,49,38,37,47,34,47,41,45,44,18,6,40,47,39,44,47,44,35,45,41,41,54,49,41,39,30,29,44,50,24,41,42,32,46,44,46,39,44,31,47,50,44,43,33,27,45,41,47,5,31,38,32,33,44,40,41,39,40,46,30,56,37,0,41,24,46,37,46,49,48,32,44,41,46,47,50,36,42,50,44,34,34,46,41,45,43,32,48,39,44,43,50,41,43,34,41,50,48,40,45,52,39,48,44,39,50,32,39,45,41,39,32,48,47,46,38,39,36,55,11,46,40,37,38,36,41,49,52,38,52,51,41,39,52,45,45,44,47,46,48,39,30,46,45,44,34,42
32,22,20,24,31,62,25,34,31,25,2,33,37,33,31,40,32,31,17,25,33,24,34,48,24,30,34,22,37,40,32,40,39,18,21,28,25,23,24,23,26,32,31,33,33,36,42,30,30,23,51,44,33,37,27,22,31,40,42,33,24,30,41,44,28,23,26,32,35,28,50,27,30,44,37,25,21,27,28,26,30,53,29,27,40,40,22,32,33,40,44,36,38,19,32,48,30,26,21,21,39,42,31,41,0,27,43,31,55,37,35,29,33,24,34,34,33,34,36,34,40,15,22,30,28,26,29,24,37,28,27,32,36,40,28,27,34,34,29,31,30,31,28,32,24,25,36,29,40,38,30,31,24,34,33,27,33,29,29,32,46,38,39,33,30,35,41,29,30,28,48,34,28,36,43,34,34,32,35,53,30,18,41,42,31,27,33,32
27,33,31,30,36,51,27,27,38,32,25,11,35,41,2,32,37,27,31,33,35,23,38,40,32,40,32,33,50,45,32,44,35,30,29,37,40,30,36,30,28,40,19,29,41,33,34,31,35,30,40,44,41,33,29,29,39,36,42,39,29,34,39,36,42,31,26,34,26,37,43,32,35,30,38,36,31,36,35,20,37,41,35,38,40,41,38,38,40,24,28,25,22,6,45,41,37,31,34,35,22,46,32,24,27,0,40,28,53,49,33,31,40,31,28,38,41,38,39,41,31,39,28,34,26,35,38,27,42,34,32,37,35,35,37,18,32,36,38,36,39,35,39,36,33,35,34,31,33,42,39,43,27,39,42,29,10,34,2,48,44,46,35,23,23,32,35,40,40,29,49,37,32,38,37,28,29,38,46,51,34,36,35,42,39,29,37,35
41,39,39,18,45,38,42,52,53,45,37,39,20,51,33,14,45,38,38,53,39,52,50,56,48,38,42,50,38,51,18,39,54,36,45,43,39,42,42,38,52,55,22,41,45,43,28,38,33,44,58,48,34,47,46,40,39,38,50,34,49,44,50,45,30,50,25,51,35,50,53,37,40,43,41,52,41,41,42,38,41,24,43,44,48,49,44,46,53,46,35,30,54,39,40,28,41,42,41,52,54,41,38,46,43,40,0,22,57,45,44,38,47,43,54,50,44,46,26,49,8,38,45,50,37,43,31,44,48,50,44,46,44,30,45,38,6,55,50,40,47,44,50,51,47,45,48,38,51,54,55,18,44,47,50,47,42,51,38,40,43,47,29,34,34,47,45,47,46,48,47,52,29,20,42,54,43,54,44,58,49,42,38,32,50,53,48,43
30,27,32,10,36,50,28,27,33,19,22,20,18,39,19,6,41,33,29,32,34,21,35,47,20,36,30,27,34,30,18,44,43,26,17,24,25,21,33,28,27,40,18,30,40,33,38,23,40,32,48,42,26,36,24,31,40,38,35,35,20,33,39,31,34,27,8,32,31,34,50,8,31,35,39,32,28,37,24,22,37,24,33,32,34,30,30,35,39,36,41,33,21,23,38,34,30,33,25,34,24,45,30,37,31,28,22,0,52,42,33,25,36,28,27,29,35,33,33,38,22,36,33,33,35,37,31,15,42,37,37,33,38,41,33,23,16,36,34,27,34,35,36,35,28,29,37,25,43,38,35,10,15,33,38,29,27,30,27,35,38,47,41,26,26,28,34,33,37,32,47,35,43,6,37,27,43,36,40,46,36,32,32,10,37,29,29,25
51,55,53,53,60,51,59,64,62,56,55,36,47,55,50,44,58,57,59,60,48,58,46,41,58,50,45,60,59,53,42,58,64,58,54,59,57,60,59,54,60,61,46,52,47,42,43,53,47,46,24,37,44,58,57,57,57,45,49,55,58,57,64,47,48,50,59,43,50,54,27,58,54,52,46,58,50,57,56,50,47,60,57,58,54,50,52,51,61,46,42,55,47,54,52,37,59,55,55,60,43,67,48,46,55,53,57,52,0,59,53,48,49,46,58,58,57,46,56,60,53,50,57,59,56,51,59,51,53,59,56,53,62,45,57,43,48,58,58,48,61,56,56,61,58,48,62,48,53,60,57,42,51,63,53,56,39,57,35,51,33,54,44,28,52,41,30,59,49,57,55,63,55,41,60,57,51,61,55,36,56,57,28,44,47,53,52,56
32,29,35,42,43,39,42,39,46,37,37,49,40,47,46,37,45,38,34,39,30,33,42,58,29,32,52,33,25,50,43,26,44,34,37,41,47,36,30,38,36,48,45,32,41,48,49,33,46,41,51,46,34,38,41,26,38,42,52,23,33,38,48,36,32,39,43,46,20,41,50,26,36,51,30,44,34,25,32,39,37,44,43,44,53,48,39,46,49,49,48,45,51,42,38,45,29,39,45,43,50,33,44,49,37,49,45,42,59,0,43,37,35,22,44,42,32,53,12,50,44,52,50,41,41,30,36,39,38,42,44,44,44,44,39,44,44,47,42,32,45,38,46,45,41,41,45,37,38,53,48,43,39,45,36,43,44,41,53,36,53,34,44,49,34,46,52,45,36,41,26,48,32,43,50,44,40,44,44,53,39,34,39,40,34,45,35,47
30,19,20,37,10,53,26,35,15,27,32,36,43,20,37,43,13,30,16,22,33,30,45,53,28,19,42,31,44,42,41,46,40,19,28,22,24,24,23,17,28,21,37,30,6,43,39,28,34,27,54,57,32,29,22,27,35,47,46,31,31,6,35,34,27,27,39,40,32,21,54,29,25,40,27,9,25,22,27,36,12,47,25,1,45,46,26,2,22,48,51,37,48,37,35,47,27,22,25,25,45,44,37,48,35,33,44,33,53,43,0,23,16,27,8,3,37,43,35,21,43,39,24,11,32,34,37,24,22,7,31,6,37,38,9,37,43,22,10,29,11,35,13,10,29,23,23,23,34,20,18,41,24,19,18,7,32,34,32,16,52,37,37,43,36,46,35,3,18,28,41,12,37,41,39,9,36,25,37,53,10,21,39,41,14,9,40,25
19,19,25,27,26,56,18,34,22,24,25,29,32,23,25,39,28,19,14,26,25,25,42,47,24,26,37,23,32,35,34,38,32,13,26,15,28,20,23,14,23,24,33,21,27,37,34,21,37,25,44,42,30,28,5,23,34,38,40,31,24,24,45,39,23,21,29,36,27,16,48,17,19,35,25,25,22,20,19,27,27,37,27,22,42,44,18,24,24,33,40,23,36,26,29,40,25,19,8,24,36,51,21,32,29,31,38,25,48,37,23,0,24,19,16,25,30,36,31,27,37,30,16,25,21,30,30,7,25,21,27,22,35,35,26,31,34,24,27,20,24,31,21,25,21,21,27,1,33,28,25,36,6,25,21,18,29,34,27,22,46,43,34,28,27,36,37,27,26,23,44,23,32,26,34,16,33,26,33,49,25,21,39,37,31,16,27,24
29,19,16,41,6,49,19,35,16,32,32,35,46,19,40,40,15,31,12,31,22,32,48,59,32,1,52,32,38,46,38,29,46,15,31,17,34,29,21,23,32,19,37,30,20,52,33,28,31,24,55,51,29,28,23,30,29,50,48,31,32,5,41,31,16,26,42,52,21,16,49,28,32,42,20,11,30,33,25,41,6,53,28,19,51,46,32,14,23,45,52,41,52,36,31,47,34,24,27,30,50,40,37,44,33,40,47,36,49,35,16,24,0,27,6,7,27,49,25,19,37,44,33,10,35,23,25,31,2,19,35,18,36,32,6,37,36,15,5,18,17,34,19,6,27,28,18,26,31,24,13,30,31,23,3,9,43,30,43,2,55,37,32,36,32,44,38,22,1,27,41,17,25,30,42,7,38,18,26,53,4,28,36,36,19,9,39,31
15,24,22,29,25,60,7,32,26,20,32,34,35,27,33,35,20,20,16,29,14,20,42,54,23,28,37,20,34,38,36,35,39,17,15,16,16,6,23,23,23,28,31,17,29,37,48,24,41,27,49,50,38,36,16,26,14,43,39,25,20,19,35,38,20,22,33,33,23,26,51,18,14,38,18,22,10,5,29,33,29,46,24,26,45,37,15,20,29,42,44,31,36,30,27,49,32,16,21,18,39,47,33,41,24,31,43,28,46,22,27,19,27,0,22,20,30,42,10,28,43,36,7,23,29,33,26,23,27,25,17,23,36,43,21,33,40,27,20,22,25,35,25,21,10,6,31,22,34,32,27,42,23,24,28,22,35,30,33,31,43,40,42,45,29,44,38,24,31,29,29,27,33,34,38,22,38,26,32,50,20,17,42,30,26,21,34,22
24,20,20,32,13,55,21,32,9,22,33,33,37,14,30,41,17,27,8,27,33,23,45,49,23,14,41,23,43,42,42,36,40,7,23,9,21,18,25,19,23,11,33,25,14,39,41,22,35,26,52,52,29,27,9,23,36,38,46,36,23,5,37,31,13,20,38,39,36,6,52,19,25,38,25,16,22,22,23,36,13,46,22,10,47,44,23,5,22,46,44,30,40,26,35,49,24,15,25,22,37,53,29,46,34,28,54,27,58,44,8,16,6,22,0,10,38,44,40,11,50,41,22,15,32,38,36,15,16,20,27,16,34,35,5,30,37,11,9,22,17,29,15,9,20,18,11,15,33,21,15,36,15,14,15,2,31,34,35,17,56,42,35,40,26,44,40,6,10,27,45,12,39,43,33,4,35,19,36,62,7,21,41,45,20,2,33,21
28,15,16,34,8,54,22,31,18,27,30,34,42,21,35,42,5,29,16,29,30,27,45,51,23,21,41,22,41,41,40,44,43,13,27,20,22,18,25,15,27,17,34,28,5,42,38,27,33,24,57,57,31,29,18,22,32,44,40,32,27,3,37,33,32,18,36,41,35,18,53,27,24,43,26,9,20,22,26,36,15,49,25,3,43,42,22,5,19,47,44,34,45,33,36,52,25,20,25,20,44,43,33,47,34,38,50,29,58,42,3,25,7,20,10,0,42,42,42,18,50,37,22,2,33,37,34,25,17,5,26,9,35,37,2,36,42,20,9,26,7,35,11,7,20,18,19,22,33,18,18,40,25,18,9,14,30,29,34,11,55,36,36,40,31,40,40,3,10,25,40,17,32,48,39,6,31,19,34,60,7,14,34,48,6,10,36,23
35,28,30,34,38,50,27,33,40,35,33,44,39,44,41,34,39,30,28,32,18,37,41,52,35,28,47,38,23,48,36,14,42,27,34,31,28,22,25,25,37,44,37,37,39,47,41,35,25,29,55,38,26,36,36,28,4,47,49,13,35,40,49,27,25,26,40,45,23,36,42,33,10,44,28,36,20,31,26,37,23,43,36,42,51,45,37,35,44,50,50,40,45,37,25,42,30,30,31,38,45,30,41,50,33,41,44,35,57,32,37,30,27,30,38,42,0,50,18,43,37,31,34,39,38,32,30,33,25,39,31,44,39,35,31,37,39,46,36,25,37,40,39,37,18,38,41,30,34,42,41,39,33,42,32,37,38,28,43,28,54,26,35,40,27,38,39,39,28,35,26,42,28,36,46,36,37,43,34,57,35,25,35,39,34,37,40,42
32,39,38,39,44,36,43,34,42,39,32,27,38,51,21,46,47,42,35,36,48,39,34,45,38,41,11,46,44,32,42,49,47,35,48,41,42,43,38,37,40,45,40,34,45,8,47,36,51,44,32,38,44,39,41,40,47,5,33,47,34,43,53,44,43,38,43,7,44,49,30,34,38,29,44,42,39,43,43,32,47,47,38,40,38,38,37,45,47,37,8,36,28,32,45,24,44,40,39,42,28,50,34,36,34,38,46,33,46,53,43,36,49,42,44,42,50,0,43,49,44,35,39,41,35,47,53,40,53,42,42,43,45,39,43,30,34,45,41,44,45,46,41,41,44,39,46,36,49,44,43,43,40,43,51,38,17,35,23,41,35,51,38,34,37,19,20,40,46,35,56,43,44,44,52,38,39,44,46,40,43,41,32,43,48,40,38,34
26,32,34,42,39,34,32,40,40,23,28,40,39,40,43,30,39,27,27,23,20,23,38,59,23,26,48,23,26,48,35,18,50,24,22,31,33,12,25,27,25,42,29,26,33,47,35,28,31,21,53,50,26,24,28,34,24,52,51,10,23,32,41,35,17,30,43,44,18,35,48,20,28,36,22,32,25,11,22,38,31,38,34,36,51,46,31,37,41,42,50,36,47,42,34,32,23,38,37,32,47,24,36,42,36,39,26,33,56,12,35,31,25,10,40,42,18,43,0,40,40,37,27,37,36,27,18,31,21,32,35,36,32,38,33,41,44,40,38,27,39,28,38,37,28,26,41,31,40,40,41,44,31,44,22,38,35,29,39,24,56,35,37,31,31,45,42,37,24,34,20,43,20,29,43,38,36,40,42,59,35,31,36,34,26,37,30,38
30,24,21,39,18,54,29,36,4,30,33,36,43,4,40,46,21,31,16,33,36,31,49,57,30,20,49,31,49,49,47,47,43,16,31,17,28,22,25,23,31,2,36,30,15,49,45,30,40,28,57,56,36,38,21,32,43,48,49,35,31,18,39,37,31,29,43,49,35,20,57,27,27,46,37,23,23,24,32,40,19,51,21,19,50,48,27,16,7,50,50,35,49,39,35,53,31,23,30,24,47,54,36,50,34,41,49,38,60,50,21,27,19,28,11,18,43,49,40,0,52,43,31,21,39,37,36,24,19,23,35,24,38,41,18,42,46,4,21,30,22,36,24,21,32,28,4,26,37,19,8,41,25,16,24,14,38,34,35,19,54,46,41,46,33,49,46,22,18,36,49,6,40,43,41,14,43,8,41,60,23,26,40,45,21,11,40,25
39,39,35,18,45,42,42,49,50,50,44,38,20,56,42,32,48,44,37,46,44,50,47,57,47,38,45,51,39,49,10,33,51,36,49,37,39,37,34,40,45,51,26,39,45,44,38,34,36,41,47,40,32,46,39,38,42,38,50,32,47,42,53,41,32,49,15,47,31,48,45,38,44,44,41,48,42,45,43,26,39,14,46,46,52,45,35,41,55,44,37,35,51,34,40,26,44,39,42,47,50,47,38,44,40,31,8,22,53,44,43,37,37,43,50,50,37,44,40,52,0,43,51,48,40,44,40,44,41,48,46,48,45,31,45,45,16,55,48,44,47,42,48,51,47,46,50,41,49,54,53,18,44,47,46,49,42,44,41,42,48,41,31,38,30,48,46,48,46,40,44,52,40,24,47,53,38,55,43,55,49,44,39,22,48,51,43,47
31,33,31,23,40,57,28,32,42,32,13,37,36,43,24,35,39,39,39,40,36,38,21,43,38,43,33,36,46,35,34,48,36,38,33,34,34,27,38,30,38,43,28,33,43,35,43,39,34,35,48,36,36,41,21,37,36,40,35,48,38,39,49,40,39,30,37,33,32,41,43,30,37,43,39,38,32,35,39,28,44,47,39,43,25,31,36,41,42,33,40,26,39,22,37,46,37,33,34,33,41,52,26,34,15,39,38,36,50,52,39,30,44,36,41,37,31,35,37,43,43,0,33,36,32,42,37,27,41,42,37,38,39,44,41,29,42,44,39,41,41,33,42,37,39,38,44,30,40,42,40,35,27,41,40,41,39,42,27,41,45,50,44,26,32,28,42,43,42,35,50,43,44,34,39,40,38,42,44,50,41,33,38,44,41,38,22,42
24,20,18,24,23,58,2,33,30,14,20,35,40,29,27,36,23,16,18,23,18,13,43,51,19,32,38,21,47,42,37,20,40,19,10,17,21,8,27,17,18,33,31,25,32,38,45,20,39,26,53,48,36,35,15,23,16,44,40,39,19,23,45,41,18,21,36,38,28,31,53,7,17,36,29,22,15,6,24,32,32,42,28,23,39,35,28,23,28,33,44,32,39,28,29,47,29,18,21,21,40,54,32,34,22,28,45,33,57,50,24,16,33,7,22,22,34,39,27,31,51,33,0,21,30,28,22,26,32,28,25,29,35,49,23,33,42,27,23,26,23,37,24,23,15,13,26,20,34,26,29,31,26,26,33,23,39,38,31,31,47,36,48,41,34,44,39,28,35,31,34,32,28,40,36,24,28,28,41,60,23,26,41,38,25,25,34,26
29,19,18,37,4,56,23,34,20,26,27,36,42,26,36,45,12,30,21,26,34,26,43,56,28,12,42,25,42,43,45,45,38,21,26,19,25,21,26,23,26,23,37,29,9,43,43,30,39,32,57,54,41,30,22,31,37,45,46,37,26,6,49,44,27,23,37,41,38,15,57,27,25,39,30,7,21,26,30,35,15,43,28,8,46,46,27,10,22,46,45,36,48,38,35,51,28,19,25,23,48,54,36,46,30,34,50,33,59,41,11,25,10,23,15,2,39,41,37,21,48,36,21,0,36,39,37,22,12,6,30,10,28,44,9,37,43,22,6,33,6,26,6,6,23,21,23,19,43,17,20,44,22,17,12,15,36,36,38,16,54,45,44,47,33,45,47,6,11,26,51,18,35,45,36,15,36,21,37,61,6,17,47,45,9,21,39,28
19,32,32,31,36,49,32,30,35,25,29,30,26,37,31,40,37,34,31,33,35,27,39,40,24,33,36,27,47,39,29,43,38,28,26,32,30,32,30,35,24,34,29,21,39,37,35,30,34,39,50,35,30,32,28,31,34,38,40,29,24,33,44,38,33,31,27,34,31,34,47,23,36,39,35,36,30,26,30,25,39,34,36,33,43,43,28,37,37,41,34,11,35,28,36,34,33,35,32,33,37,49,3,41,28,26,37,35,56,41,32,21,35,29,32,33,38,35,36,39,40,32,30,36,0,41,36,27,38,36,31,39,41,36,34,26,29,36,35,37,34,30,38,35,34,36,35,21,40,42,38,33,27,33,39,31,25,28,15,37,45,49,36,34,22,36,29,37,37,29,51,34,32,31,33,29,42,39,40,56,36,35,32,44,41,29,25,32
34,21,19,29,38,45,38,29,40,33,34,35,35,40,37,37,34,32,23,35,23,35,39,57,33,23,47,31,29,43,33,33,47,29,31,33,34,34,24,23,31,38,35,36,34,47,41,28,10,31,50,55,26,30,29,18,32,50,40,31,33,37,39,29,24,33,34,47,15,36,41,33,36,29,31,37,29,34,28,36,36,45,32,35,48,37,27,38,37,45,47,39,47,47,35,53,41,24,31,37,47,37,41,45,26,35,43,37,51,30,34,30,23,33,38,37,32,47,27,37,44,42,28,39,41,0,26,33,25,37,36,36,35,43,30,37,43,34,36,29,39,31,37,39,32,40,35,39,6,42,41,33,33,38,26,31,32,29,30,25,46,39,43,31,33,38,37,40,23,10,37,35,35,29,37,30,2,40,28,61,35,18,35,40,33,35,42,32
35,30,35,29,39,46,11,38,43,35,33,39,34,42,38,40,33,30,32,38,24,40,51,62,40,32,47,38,36,46,45,12,44,27,39,34,38,14,34,34,38,40,30,36,31,46,42,27,36,24,52,38,31,36,34,30,24,45,46,25,34,34,38,35,26,30,34,54,31,36,56,32,22,44,26,34,31,24,33,39,31,35,32,38,46,45,31,43,41,43,43,36,47,38,19,39,38,29,34,34,47,34,36,43,29,38,31,31,59,36,37,30,25,26,36,34,30,53,18,36,40,37,22,37,36,26,0,39,21,38,34,28,41,40,35,47,37,42,38,28,37,38,40,37,18,36,42,38,34,46,42,43,39,37,22,39,42,35,43,36,54,22,39,38,35,44,28,40,28,38,26,43,4,36,41,31,31,35,33,61,31,30,35,39,24,37,32,35
19,15,15,25,26,52,20,28,26,22,17,31,28,18,25,32,24,20,15,26,29,24,33,48,24,30,38,20,37,38,39,41,40,17,24,16,29,26,19,13,20,23,30,22,29,39,35,20,35,22,42,44,33,32,13,23,30,38,41,27,20,28,40,34,19,25,23,40,24,19,48,14,19,33,25,23,20,21,25,26,27,36,21,23,40,35,18,25,22,32,40,28,36,23,27,42,24,14,14,19,36,43,27,32,24,27,44,15,51,39,24,7,31,23,15,25,33,40,31,24,44,27,26,22,27,33,39,0,23,23,27,19,36,42,26,25,33,27,24,19,19,32,21,24,21,23,27,6,36,28,22,38,1,28,23,16,29,32,29,25,50,45,42,35,26,35,34,28,30,24,42,29,39,34,40,17,36,24,35,51,26,15,36,35,28,22,31,20
30,20,23,42,8,49,20,42,20,27,32,45,43,17,35,38,19,28,15,31,20,30,50,64,29,3,51,30,36,48,38,29,40,16,33,19,36,30,17,21,30,21,37,30,18,51,34,23,32,21,44,48,32,29,17,29,33,53,49,24,30,7,42,34,14,25,46,53,23,12,48,27,31,41,21,13,20,26,20,37,8,49,28,9,49,51,24,19,23,48,52,40,53,36,33,44,35,23,34,26,53,38,36,48,37,42,48,42,53,38,22,25,2,27,16,17,25,53,21,19,41,41,32,12,38,25,21,23,0,19,31,18,45,36,8,36,39,25,7,20,15,35,12,8,28,34,19,22,29,23,15,39,33,26,2,15,39,37,42,6,50,44,36,34,30,48,42,8,3,37,33,21,23,30,43,12,34,17,35,48,6,22,42,39,7,15,44,27
26,18,17,36,13,57,22,36,18,32,29,39,42,23,36,41,4,32,20,35,33,31,44,54,33,16,42,31,48,44,41,44,43,20,31,18,25,22,16,15,33,24,37,27,20,42,45,29,38,25,48,54,38,34,20,29,41,48,44,33,31,9,46,38,27,26,37,42,38,17,53,27,24,43,29,3,28,26,29,36,20,47,32,4,45,43,30,15,18,40,48,36,46,38,32,52,28,18,29,24,47,50,36,39,28,34,50,37,59,42,7,21,19,25,20,5,39,42,32,23,48,42,28,6,36,37,38,23,19,0,27,3,32,45,14,39,45,24,10,29,6,30,6,6,24,22,24,26,36,19,19,41,21,20,14,19,39,37,39,22,47,44,45,45,36,39,43,6,16,29,47,24,34,42,40,16,30,20,45,54,10,20,41,38,13,16,38,27
32,23,25,33,33,51,21,30,33,25,22,39,40,34,35,47,29,26,23,25,30,26,40,57,25,39,38,26,45,42,43,46,35,26,25,27,12,14,32,24,24,33,30,32,33,39,44,30,40,34,54,52,33,36,25,28,44,48,44,41,26,28,38,35,26,29,41,39,27,24,57,25,33,43,37,28,25,15,30,34,32,50,32,30,42,44,18,25,37,44,48,32,38,32,35,48,34,31,33,31,39,48,31,44,27,32,44,37,56,44,31,27,35,17,27,26,31,42,35,35,46,37,25,30,31,36,34,27,31,27,0,38,34,41,30,38,36,32,28,36,34,42,33,30,19,11,35,27,40,34,34,41,35,34,31,27,26,35,35,32,42,48,41,46,40,42,46,33,36,28,37,33,42,45,40,26,40,37,26,51,28,32,45,42,31,31,39,28
26,19,18,37,10,61,22,34,20,33,29,39,40,23,35,35,8,33,21,34,34,33,45,52,30,18,43,33,45,45,42,36,46,21,31,17,26,22,25,15,34,25,37,27,16,43,43,30,36,25,50,51,38,33,20,29,44,49,45,34,31,13,45,36,26,27,38,43,37,16,49,28,24,42,29,3,29,26,31,35,18,41,32,3,45,44,29,18,21,42,49,39,44,39,32,49,33,18,28,26,45,48,39,43,32,37,46,33,53,44,6,22,18,23,16,9,44,43,36,24,48,38,29,10,39,36,28,19,18,3,38,0,37,43,12,39,44,27,7,19,8,35,12,7,27,25,25,21,32,21,20,39,22,20,17,19,38,38,40,20,48,43,43,39,36,42,41,15,15,30,50,22,33,46,37,17,36,22,41,55,9,21,39,39,14,21,35,30
32,32,32,42,30,63,43,42,39,26,43,40,40,40,39,41,30,20,26,28,38,32,44,60,28,45,45,29,43,43,37,51,43,25,22,24,32,40,35,33,32,39,35,32,41,46,48,18,29,38,57,53,39,12,24,22,42,48,49,43,22,34,50,30,32,34,46,44,40,35,57,25,32,44,40,32,41,38,12,32,37,48,32,36,46,41,30,33,42,51,52,39,47,36,47,55,29,37,35,36,44,56,41,50,36,35,44,38,62,44,37,35,36,36,34,35,39,45,32,38,45,39,35,28,41,35,41,36,45,32,34,37,0,46,31,37,42,37,29,36,36,10,35,30,37,36,38,31,27,44,40,44,34,34,42,35,39,39,37,37,56,51,46,43,35,46,46,36,34,33,47,41,41,39,6,34,29,40,46,63,32,33,43,47,38,33,44,34
35,38,40,35,41,40,43,37,45,37,35,29,32,44,30,26,49,42,41,36,31,33,44,57,32,30,37,33,31,44,36,46,40,37,36,43,43,43,41,34,33,49,31,36,32,36,16,37,28,35,43,45,28,40,43,42,38,44,44,34,33,37,38,31,34,35,41,40,36,34,42,45,40,45,32,44,45,42,39,40,35,47,47,43,43,45,47,40,42,35,31,35,40,32,41,32,36,43,39,40,40,42,36,41,40,35,30,41,45,44,38,35,32,43,35,37,35,39,38,41,31,44,49,44,36,43,40,42,36,45,41,43,46,0,37,33,37,45,47,34,47,42,44,41,39,33,45,30,30,50,44,28,38,41,42,35,30,36,19,33,37,52,3,24,37,34,23,44,38,44,47,49,51,39,48,40,37,49,32,54,46,39,20,40,42,37,35,42
26,17,15,33,5,53,23,36,12,23,30,36,41,18,32,43,10,26,13,24,29,23,42,52,23,9,44,21,40,41,41,35,41,17,23,19,22,19,24,15,23,15,29,26,16,45,38,24,36,25,58,51,32,25,22,27,31,49,44,29,21,2,42,34,25,21,36,42,34,13,54,20,21,41,31,8,20,21,24,39,10,55,26,14,46,43,20,8,24,44,49,33,45,35,35,51,27,20,26,19,46,46,34,43,28,37,45,33,57,39,9,26,6,21,5,2,31,43,33,18,45,41,23,9,34,30,35,26,8,14,30,12,31,37,0,35,39,16,5,27,9,29,12,3,19,21,15,24,36,20,15,39,26,17,12,5,37,38,37,12,53,45,39,41,31,43,43,6,5,31,37,12,35,39,35,5,36,22,39,60,6,17,45,40,20,5,37,27
31,27,27,28,36,39,29,28,37,31,27,17,29,41,6,39,34,32,31,39,34,34,36,42,35,36,34,38,47,40,39,43,37,34,27,27,32,32,29,26,34,40,26,32,42,34,46,37,39,33,39,40,36,37,35,31,41,36,35,41,38,36,44,37,33,29,26,30,34,34,41,28,29,37,39,34,33,29,35,25,38,34,35,36,38,43,32,36,39,34,30,26,26,10,44,27,39,29,25,29,26,51,26,34,27,18,38,23,43,44,37,31,37,33,30,36,37,30,41,42,45,29,33,37,26,37,47,25,36,39,38,39,37,33,35,0,30,42,37,43,37,33,37,37,33,37,43,25,38,43,39,35,23,39,42,33,12,36,16,43,46,43,37,9,31,6,21,39,39,35,49,37,39,29,39,30,36,41,48,51,35,34,35,43,39,31,37,35
35,33,36,12,43,50,37,34,40,41,38,30,6,44,28,20,45,28,37,35,29,33,40,54,32,44,38,39,44,26,4,49,44,34,33,31,38,33,41,32,31,47,6,36,47,35,35,30,30,38,47,43,26,39,31,34,36,43,45,39,39,37,47,42,42,32,21,37,37,43,39,30,40,39,39,40,36,32,40,26,35,10,39,42,43,31,38,47,45,41,42,27,42,32,30,39,33,33,33,31,43,44,28,41,34,32,6,16,48,44,43,34,36,40,37,42,39,34,44,46,16,42,42,43,29,43,37,33,39,45,36,44,42,37,39,30,0,46,38,30,44,43,43,39,41,37,47,32,32,48,41,4,30,41,45,40,35,40,37,41,39,42,35,28,22,36,27,38,44,34,48,43,44,22,41,39,41,47,32,41,42,41,29,6,38,37,42,36
30,23,23,40,20,56,26,32,4,28,36,37,46,6,37,46,20,31,19,36,35,26,47,57,26,20,45,28,48,44,49,47,40,19,28,17,31,26,31,24,29,2,37,29,20,44,47,29,42,31,58,57,37,33,19,28,43,45,48,40,27,18,39,39,32,26,44,46,40,15,57,27,25,45,37,22,23,26,30,39,19,55,23,24,47,49,30,18,16,50,55,35,46,39,40,51,34,22,29,22,45,55,36,50,34,36,55,36,58,47,22,24,15,27,11,20,46,45,40,4,55,44,27,22,36,34,42,27,25,24,32,27,37,45,16,42,46,0,17,33,21,33,25,21,24,27,2,26,39,24,14,46,29,15,20,11,39,33,36,22,56,51,42,45,34,40,43,22,18,34,49,6,42,44,38,14,44,9,42,58,20,21,43,46,24,14,40,24
24,16,17,36,2,57,19,38,13,30,29,33,42,23,36,44,5,24,13,23,32,24,44,56,30,6,41,24,43,41,43,40,44,14,24,15,22,19,20,17,24,20,37,24,14,41,47,26,40,30,53,50,40,29,21,27,38,45,42,30,23,5,43,40,25,27,37,41,32,15,52,30,21,47,33,3,22,21,29,36,14,48,31,12,47,41,29,10,21,48,45,36,45,36,34,50,26,18,26,19,46,47,34,48,29,38,50,34,58,42,10,27,5,20,9,9,36,41,38,21,48,39,23,6,35,36,38,24,7,10,28,7,29,47,5,37,38,17,0,32,9,29,10,1,19,21,16,27,40,18,13,41,24,20,12,12,34,28,34,9,47,42,41,44,32,43,45,8,10,28,44,16,36,41,31,13,39,16,41,56,1,18,45,40,9,8,39,28
30,13,13,37,26,48,26,35,30,27,28,30,30,25,39,34,30,20,19,30,20,33,38,52,27,20,46,29,26,44,40,39,44,20,26,29,33,27,15,14,33,32,27,32,21,46,36,34,27,8,49,51,28,33,23,29,33,41,48,14,31,23,34,30,14,22,36,44,23,26,37,27,12,39,19,26,21,26,27,31,19,39,29,28,50,44,25,25,27,41,44,39,37,32,24,46,27,17,18,23,36,29,36,40,31,36,40,27,48,32,29,20,18,22,22,26,25,44,27,30,44,41,26,33,37,29,28,19,20,29,36,19,36,34,27,43,30,33,32,0,33,38,35,30,25,27,33,22,29,30,26,30,14,28,25,25,33,35,35,24,43,44,34,30,33,40,32,25,22,28,33,29,34,36,40,24,21,25,26,44,28,23,32,30,19,22,41,31
28,18,19,34,8,61,23,38,16,28,34,41,45,24,35,43,10,26,19,28,27,28,43,56,28,18,44,28,45,43,41,43,42,20,28,25,25,21,21,19,28,25,33,28,18,45,47,32,44,27,56,53,39,32,20,29,36,42,43,33,27,10,45,40,29,23,35,44,34,21,55,27,21,44,31,4,25,29,30,37,14,53,31,12,44,43,25,22,23,44,42,33,45,37,31,50,32,16,24,21,47,53,34,45,30,39,47,34,61,45,11,24,17,25,17,7,37,45,39,22,47,41,23,6,34,39,37,19,15,6,34,8,36,47,9,37,44,21,9,33,0,30,12,4,21,25,23,24,42,20,12,45,22,20,23,17,37,38,37,12,50,47,47,49,33,47,47,12,17,27,47,17,39,37,32,13,36,19,39,57,4,21,43,44,14,15,41,27
28,31,32,33,30,58,35,26,37,18,37,28,38,38,33,42,28,20,20,25,37,12,41,52,20,34,48,19,48,43,36,48,29,23,12,18,32,38,38,28,12,37,35,28,41,49,41,26,33,32,60,54,34,10,22,26,36,51,45,41,17,36,46,28,39,32,39,41,31,32,53,26,32,43,39,30,32,38,18,39,31,41,33,36,50,44,17,39,38,52,52,31,46,30,39,55,29,36,33,37,43,57,29,52,31,35,44,35,56,38,35,31,34,35,29,35,40,46,28,36,42,33,37,26,30,31,38,32,35,30,42,35,10,42,29,33,43,33,29,38,30,0,31,28,41,36,35,32,31,39,38,43,36,30,41,33,39,33,41,35,59,51,44,48,23,45,50,36,35,37,46,37,45,42,24,33,42,39,37,59,30,33,47,40,36,27,37,32
31,17,17,35,10,52,23,30,16,30,26,35,41,22,36,36,6,32,16,33,33,32,43,54,31,18,43,32,47,43,44,38,47,20,31,16,25,24,18,17,32,19,38,32,13,41,44,29,45,22,54,55,39,33,23,29,43,48,44,30,32,13,42,45,25,25,39,43,35,16,52,31,21,45,35,9,24,25,28,34,16,52,32,8,44,42,26,18,20,40,46,38,42,34,35,50,33,18,23,21,41,43,38,39,28,39,50,36,56,46,13,21,19,25,15,11,39,41,38,24,48,42,24,6,38,37,40,21,12,6,33,12,35,44,12,37,43,25,10,35,12,31,0,6,27,23,23,25,40,17,17,36,21,21,10,13,43,35,40,19,48,38,44,45,40,35,42,4,18,28,38,19,38,46,41,12,27,20,46,63,12,15,40,49,19,8,39,30
24,16,17,36,2,59,19,32,14,30,28,37,45,23,36,45,10,24,15,24,29,24,44,56,24,5,41,24,44,41,44,41,40,15,24,15,23,19,19,17,24,20,35,24,14,41,42,26,42,29,54,53,40,28,20,29,37,45,42,29,23,6,44,40,25,21,37,41,36,15,55,32,21,45,29,2,21,21,28,35,14,49,32,10,47,41,24,16,21,48,45,36,44,37,37,45,24,18,29,19,43,50,34,48,32,36,51,35,61,45,10,25,6,21,9,7,37,41,37,21,51,37,23,6,35,39,37,24,8,6,30,7,30,41,3,37,39,21,1,30,4,28,6,0,19,21,19,23,40,16,19,41,24,20,8,13,34,32,34,10,52,45,41,45,37,43,47,10,6,27,47,17,37,45,30,13,34,20,39,57,2,19,45,47,6,13,39,28
21,22,22,33,21,51,13,27,23,27,30,32,41,26,39,42,22,26,18,20,4,22,42,52,21,24,40,21,38,41,44,36,34,17,17,16,14,6,23,17,22,26,31,23,31,40,42,32,32,19,49,53,21,31,20,32,30,39,40,27,25,20,40,30,21,20,39,44,30,24,54,24,2,38,28,22,10,11,34,35,25,46,25,24,48,37,22,17,31,45,40,36,46,33,31,42,22,26,22,10,46,50,33,44,24,33,47,28,58,41,29,21,27,10,20,20,18,44,28,32,47,39,15,23,34,32,18,21,28,24,19,27,37,39,19,33,41,24,19,25,21,41,27,19,0,4,25,23,34,35,28,38,24,26,31,17,31,24,29,29,53,26,40,40,28,37,46,24,28,33,36,28,14,27,38,19,36,27,42,56,20,15,44,40,27,21,38,26
30,18,18,31,21,56,3,30,26,23,14,22,36,28,29,41,20,32,18,27,26,18,42,54,17,31,33,19,39,41,41,36,36,19,19,14,16,2,25,23,20,28,28,31,31,35,36,23,41,27,50,51,23,33,16,20,30,45,40,26,20,17,37,29,27,8,33,38,38,19,47,20,20,44,4,22,14,11,25,31,29,45,24,20,40,40,16,19,29,38,42,36,42,32,29,43,26,20,21,10,43,45,36,39,25,35,45,29,48,41,23,21,28,6,18,18,38,39,26,28,46,38,13,21,36,40,36,23,34,22,11,25,36,33,21,37,37,27,21,27,25,36,23,21,4,0,25,20,34,33,28,38,25,27,31,20,33,30,27,25,43,32,32,46,32,37,36,22,28,28,36,24,38,33,39,19,38,26,28,60,20,17,34,34,27,17,32,25
30,22,20,36,19,55,24,31,2,23,36,39,45,8,35,47,17,31,19,28,34,24,49,58,24,17,47,24,47,44,49,48,37,19,26,17,31,26,25,25,24,2,35,30,24,46,47,30,39,31,56,56,37,32,19,28,37,48,47,38,24,16,36,40,33,26,44,47,38,13,58,25,25,42,37,23,25,24,30,35,19,53,24,23,50,48,26,16,10,50,45,35,46,37,41,50,31,25,24,22,45,55,35,50,36,34,48,37,62,45,23,27,18,31,11,19,41,46,41,4,50,44,26,23,35,35,42,27,19,24,35,25,38,45,15,43,47,2,16,33,23,35,23,19,25,25,0,27,45,25,10,48,30,8,20,11,41,32,42,22,56,48,44,45,33,43,43,19,19,33,49,8,37,41,40,14,42,6,46,59,18,20,42,44,24,11,40,27
19,19,25,27,26,56,18,34,22,24,25,29,32,22,25,39,28,19,14,26,25,25,42,47,24,26,37,23,32,35,34,38,32,13,26,15,27,20,24,14,23,24,33,21,27,37,35,21,37,25,44,42,30,28,5,23,34,38,40,31,24,24,45,39,23,21,29,36,28,16,49,18,19,35,25,25,22,20,19,27,27,37,27,22,42,44,18,24,24,33,40,23,36,26,29,40,25,19,8,24,36,51,21,32,29,31,38,25,48,37,23,1,26,22,15,22,30,36,31,26,41,30,20,19,21,39,38,6,22,26,27,21,31,30,24,25,32,26,27,22,24,32,25,23,23,20,27,0,33,28,25,36,7,25,21,19,29,34,27,23,46,43,34,28,27,36,37,27,26,23,44,22,32,26,34,16,33,26,33,49,25,21,39,37,31,17,27,24
32,26,38,40,37,43,39,26,36,26,36,38,40,39,41,33,37,40,38,23,28,22,49,55,13,30,49,21,38,44,32,41,37,37,27,41,37,41,31,39,22,41,33,32,34,47,33,30,4,31,52,46,8,18,29,8,27,51,41,32,21,34,40,19,28,35,35,49,23,37,42,16,37,42,33,33,39,34,14,38,26,47,41,31,40,51,33,28,40,40,45,39,46,43,35,49,24,36,33,31,47,39,39,39,40,33,51,43,53,38,34,33,31,34,33,33,34,49,40,37,49,40,34,43,40,6,34,36,29,36,40,32,27,30,36,38,32,39,40,29,42,31,40,40,34,34,45,33,0,41,38,33,33,39,35,34,39,33,25,30,50,39,29,33,45,51,27,32,31,26,29,39,38,31,39,35,20,42,22,61,39,36,23,36,31,34,33,39
34,18,22,38,14,63,27,41,20,33,33,40,43,20,37,44,16,35,24,36,41,35,48,59,35,28,47,35,49,47,46,49,51,23,34,24,29,31,26,18,35,23,35,34,18,45,49,33,41,34,50,55,42,40,23,33,47,45,45,38,34,12,49,46,29,33,41,46,42,23,56,27,28,48,37,17,30,29,33,37,19,54,27,17,48,47,28,15,23,46,47,43,49,38,38,56,37,18,28,28,48,58,42,45,38,42,54,38,60,53,20,28,24,32,21,18,42,44,40,19,54,42,26,17,42,42,46,28,23,19,34,21,44,50,20,43,48,24,18,30,20,39,17,16,35,33,25,28,41,0,13,49,26,18,23,13,42,39,35,32,53,51,51,48,37,41,48,19,28,31,50,20,44,44,51,16,40,23,46,57,14,25,47,47,29,22,44,25
30,14,16,35,17,59,27,39,9,31,31,39,47,6,35,47,18,29,18,31,40,31,43,58,30,14,42,33,50,42,45,47,41,19,31,23,30,25,21,15,31,8,37,30,25,41,45,30,40,26,53,51,38,38,22,30,41,52,43,34,31,14,38,40,24,28,37,44,37,17,55,28,24,45,41,19,24,29,31,36,18,55,27,19,46,40,29,16,2,43,45,40,44,37,36,50,31,14,22,29,41,49,38,41,30,39,55,35,57,48,18,25,13,27,15,18,41,43,41,8,53,40,29,20,38,41,42,22,15,19,34,20,40,44,15,39,41,14,13,26,12,38,17,19,28,28,10,25,38,13,0,49,23,12,22,13,40,40,43,20,60,48,44,43,36,44,44,19,20,30,51,6,38,43,43,13,38,6,45,61,18,19,43,47,21,15,40,28
41,35,37,8,41,50,40,42,46,37,35,35,2,47,38,12,44,32,37,40,28,36,42,45,36,30,48,40,28,43,2,43,38,30,47,35,43,35,41,34,40,46,6,41,33,47,30,34,35,30,41,46,31,35,40,34,41,44,45,35,40,39,41,37,22,33,11,42,32,37,42,35,40,40,29,42,36,43,37,20,31,32,43,38,39,42,33,43,48,40,37,37,44,31,41,29,37,35,33,40,44,49,32,39,31,43,18,10,42,43,41,36,30,42,36,40,39,43,44,41,18,35,31,44,33,33,43,38,39,41,41,39,44,28,39,35,4,46,41,30,45,43,36,41,38,38,48,36,33,49,49,0,41,42,37,39,36,41,34,32,39,46,31,29,22,37,31,39,30,33,50,46,36,22,38,40,33,50,26,47,40,46,28,22,44,35,37,45
19,15,15,25,26,52,20,28,26,22,17,31,28,19,25,32,24,20,15,26,29,24,33,48,24,30,38,20,37,38,39,41,40,17,24,16,30,26,19,13,20,23,30,22,29,39,35,20,35,22,42,44,33,32,13,23,30,38,41,27,20,28,40,34,19,25,23,40,24,19,48,14,19,33,25,23,20,21,25,26,27,36,21,23,40,35,18,25,23,32,40,28,36,23,27,42,24,14,14,19,36,43,27,32,24,27,44,15,51,39,24,6,31,23,15,25,33,40,31,25,44,27,26,22,27,33,39,1,33,21,35,22,34,38,26,23,30,29,24,14,22,36,21,24,24,25,30,7,33,26,23,41,0,28,23,16,29,32,29,25,50,45,42,35,26,35,34,28,30,24,42,29,39,34,40,17,36,24,35,51,26,15,36,35,28,22,31,20
27,23,19,37,20,63,24,35,14,29,34,38,39,17,37,43,18,27,19,33,31,30,43,57,30,25,43,29,48,40,42,45,42,17,28,19,28,22,22,22,31,22,33,27,20,41,40,30,37,28,51,54,34,32,20,27,41,47,43,36,29,18,48,38,30,25,36,44,36,24,54,27,24,45,31,21,24,24,29,37,22,53,24,20,45,43,28,17,21,48,48,30,48,36,41,56,33,22,26,22,47,57,34,48,34,39,47,33,63,45,19,25,23,24,14,18,42,43,44,16,47,41,26,17,33,38,37,28,26,20,34,20,34,41,17,39,41,15,20,28,20,30,21,20,26,27,8,25,39,18,12,42,28,0,22,19,40,36,39,25,57,46,49,42,34,45,46,22,18,26,48,16,36,41,39,15,37,19,43,65,20,25,45,46,27,19,40,22
29,26,17,38,8,50,19,38,21,29,32,40,43,17,38,41,21,26,15,32,26,32,45,62,29,3,50,32,37,47,39,30,41,15,31,19,35,29,23,20,32,19,37,30,16,50,43,28,35,20,47,51,35,31,16,25,38,49,46,22,32,10,38,37,17,24,44,52,26,15,51,26,31,44,30,13,21,27,20,40,8,45,28,12,48,50,23,18,28,47,47,41,49,40,37,43,31,21,32,29,49,46,39,47,33,42,50,38,53,36,18,21,3,28,15,9,32,51,22,24,46,40,33,12,39,26,22,23,2,14,31,17,42,42,12,42,45,20,12,25,23,41,10,8,31,31,20,21,35,23,22,37,23,22,0,8,39,38,40,10,49,43,38,37,31,48,42,6,3,36,39,22,27,31,45,11,37,18,37,51,7,24,47,42,7,16,43,29
25,18,19,30,13,53,22,26,9,26,34,35,40,11,31,41,14,28,9,27,26,22,45,52,23,12,42,24,45,42,45,41,39,8,22,10,22,19,25,20,25,14,35,26,14,40,38,23,34,23,53,50,31,27,10,25,35,49,41,37,25,8,43,34,15,24,39,40,34,8,49,20,20,36,30,12,23,19,24,35,9,51,23,6,48,46,23,6,17,47,42,32,43,27,37,41,24,16,25,21,40,54,31,46,27,29,47,29,56,43,7,18,9,22,2,14,37,38,38,14,49,41,23,15,31,31,39,16,15,19,27,19,35,35,5,33,40,11,12,25,17,33,13,13,17,20,11,19,34,13,13,39,16,19,8,0,35,31,35,15,55,39,34,38,29,41,40,6,9,30,45,9,37,36,35,2,37,16,40,59,8,22,37,39,17,4,31,23
25,29,27,29,37,43,33,29,42,35,33,5,34,41,12,33,39,32,29,32,32,28,38,44,33,40,28,36,43,38,34,50,35,34,29,29,36,36,31,28,36,40,31,27,37,29,30,27,35,30,37,44,31,35,33,31,38,26,37,38,32,38,40,33,37,33,29,16,39,40,45,33,31,40,25,34,31,33,36,24,38,39,38,32,46,42,34,36,41,38,20,27,28,12,38,35,32,27,25,31,28,47,24,38,33,10,42,27,39,44,32,29,43,35,31,30,38,17,35,38,42,39,39,36,25,32,42,29,39,39,26,38,39,30,37,12,35,39,34,33,37,39,43,34,31,33,41,29,39,42,40,36,29,40,39,35,0,34,6,46,38,44,31,25,27,14,9,35,40,33,49,40,38,27,41,33,26,40,35,49,39,36,23,33,42,32,33,37
24,32,30,27,34,47,36,1,37,16,34,38,44,37,35,47,35,20,23,17,31,7,43,54,24,33,39,15,30,40,45,41,17,29,22,33,33,31,27,28,7,32,37,22,25,37,38,35,30,28,43,51,5,28,37,23,35,40,43,35,23,34,41,14,27,32,33,37,10,30,51,16,34,43,22,31,30,30,22,36,29,52,25,28,45,46,26,31,43,40,40,31,44,36,39,55,5,36,34,29,44,34,27,39,29,34,51,30,57,41,34,34,30,30,34,29,28,35,29,34,44,42,38,36,28,29,35,32,37,37,35,38,39,36,38,36,40,33,28,35,38,33,35,32,24,30,32,34,33,39,40,41,32,36,38,31,34,0,34,36,54,42,35,40,29,33,39,29,42,39,24,34,37,31,35,34,40,38,36,62,38,33,47,39,44,27,37,33
27,33,29,31,34,33,31,36,41,36,27,5,31,37,6,37,39,33,29,35,32,34,36,42,31,40,30,40,42,36,42,47,45,32,35,35,35,38,33,28,34,40,25,28,35,31,28,31,31,30,39,42,36,34,31,29,40,27,40,39,36,33,47,36,34,33,31,22,45,38,33,34,33,39,32,32,35,35,32,24,38,38,36,34,43,34,28,35,38,36,28,31,34,16,39,35,34,33,31,33,34,47,12,36,29,2,38,27,35,53,32,27,43,33,35,34,43,23,39,35,41,27,31,38,15,30,43,29,42,39,35,40,37,19,37,16,37,36,34,35,37,41,40,34,29,27,42,27,25,35,43,34,29,39,40,35,6,34,0,39,38,52,24,29,30,22,27,33,42,31,48,41,32,38,43,36,33,41,39,41,37,32,9,35,42,33,31,36
29,22,23,37,10,50,23,42,22,29,34,40,37,23,37,40,17,35,17,34,20,29,48,60,29,3,44,28,40,42,37,40,38,18,32,19,34,30,18,23,28,25,32,30,12,43,33,32,29,25,56,50,28,35,21,30,39,52,50,25,31,11,36,32,16,27,37,43,26,15,50,30,27,49,23,9,26,29,32,37,8,49,32,25,51,49,30,14,18,55,43,37,53,43,34,35,31,26,33,23,53,40,37,55,32,48,40,35,51,36,16,22,2,31,17,11,28,41,24,19,42,41,31,16,37,25,36,25,6,22,32,20,37,33,12,43,41,22,9,24,12,35,19,10,29,25,22,23,30,32,20,32,25,25,10,15,46,36,39,0,52,42,35,32,34,46,38,22,3,28,44,25,30,32,41,20,33,23,37,51,9,21,35,39,15,15,41,36
52,46,44,35,58,62,46,48,58,54,46,41,30,59,35,37,51,49,52,59,47,51,48,51,53,51,30,56,52,47,36,53,45,49,49,44,48,43,51,43,52,59,43,52,44,31,39,48,50,41,5,13,45,51,42,44,51,35,55,52,55,52,52,52,51,51,35,34,39,57,31,47,51,44,39,51,49,44,54,39,40,35,55,53,48,47,45,53,55,6,33,47,16,35,54,34,49,46,54,53,18,53,45,11,46,44,43,38,33,53,52,46,55,43,56,55,54,35,56,54,48,45,47,54,45,46,54,50,50,47,42,48,56,37,53,46,39,56,47,43,50,59,48,52,53,43,56,46,50,53,60,39,50,57,49,55,38,54,38,52,0,51,39,43,48,30,33,55,55,52,47,58,55,46,54,52,52,54,52,23,55,51,37,23,54,54,53,56
48,43,47,47,44,31,31,41,48,39,44,42,42,50,52,53,49,40,39,39,22,35,55,60,35,40,57,35,37,56,41,18,36,37,45,38,42,34,43,38,35,51,47,48,37,46,49,47,39,41,51,51,29,33,42,44,28,46,51,34,35,38,41,34,36,30,44,53,46,44,59,47,34,49,24,46,41,45,45,50,43,41,51,42,57,54,42,39,49,46,50,50,57,51,21,37,37,46,37,24,56,43,48,46,38,46,47,47,54,34,37,43,37,40,42,36,26,51,35,46,41,50,36,45,49,39,22,45,44,44,48,43,51,52,45,43,42,51,42,44,47,51,38,45,26,32,48,43,39,51,48,46,45,46,43,39,44,42,52,42,51,0,50,41,53,42,43,47,38,43,20,49,6,50,53,40,35,45,36,60,43,46,52,41,38,45,48,50
35,37,39,35,41,38,42,36,46,36,33,28,32,44,30,24,49,42,41,35,30,32,44,56,32,30,37,32,31,44,36,47,41,36,35,43,44,42,41,34,32,49,30,36,31,36,18,37,27,34,43,45,27,40,42,41,37,44,43,34,32,37,38,30,34,34,40,39,35,34,42,44,40,45,32,44,44,41,38,40,35,46,47,42,43,44,46,39,42,34,30,35,40,32,41,32,35,43,39,40,40,43,36,40,39,35,29,41,44,44,37,34,32,42,35,36,35,38,37,41,31,44,48,44,36,43,39,42,36,45,41,43,46,3,39,37,35,42,41,34,47,44,44,41,40,32,44,34,29,51,44,31,42,49,38,34,31,35,24,35,39,50,0,24,37,33,22,43,38,43,47,49,51,38,48,40,37,49,32,54,46,38,18,40,42,37,34,42
35,37,35,32,44,30,43,39,46,33,35,28,25,46,20,26,40,39,35,42,30,35,34,44,31,30,40,34,43,39,29,36,40,38,36,39,44,44,37,32,34,47,32,35,35,38,29,35,39,32,44,35,36,38,43,37,41,32,44,41,39,41,50,29,24,36,42,36,28,38,34,32,35,33,32,40,37,42,39,31,27,31,39,40,36,43,36,41,43,37,37,29,36,24,41,14,34,35,30,38,35,53,34,37,33,23,34,26,28,49,43,28,36,45,40,40,40,34,31,46,38,26,41,47,34,31,38,35,34,45,46,39,43,24,41,9,28,45,44,30,49,48,45,45,40,46,45,28,33,48,43,29,35,42,37,38,25,40,29,32,43,41,24,0,31,12,12,41,36,37,49,42,41,30,46,33,29,41,39,40,42,42,20,25,43,41,42,44
20,27,27,26,35,42,34,29,34,31,30,31,22,33,30,34,41,18,23,31,24,26,37,41,29,30,35,25,26,36,20,40,43,26,31,28,31,26,30,32,25,34,20,21,40,37,37,29,35,35,49,36,38,28,26,32,43,38,34,35,20,32,41,38,35,28,26,35,27,31,46,25,35,17,36,32,31,29,29,14,36,44,29,33,37,37,26,33,36,38,35,26,30,18,36,50,32,27,21,32,29,41,22,38,30,23,34,26,52,34,36,27,32,29,26,31,27,37,31,33,30,32,34,33,22,33,35,26,30,36,40,36,35,37,31,31,22,34,32,33,33,23,40,37,28,32,33,27,45,37,36,22,26,34,31,29,27,29,30,34,48,53,37,31,0,23,33,37,32,31,39,32,43,18,37,26,39,38,40,54,35,31,34,33,38,27,23,30
39,39,37,36,43,42,42,35,48,38,31,31,36,48,12,36,41,41,39,37,42,33,36,45,36,44,32,34,48,39,39,48,38,34,35,32,39,40,34,36,33,47,37,39,41,27,36,38,45,36,31,43,39,41,35,44,45,30,40,39,39,42,48,46,38,39,34,24,34,46,40,31,39,38,46,44,40,37,36,32,43,45,39,40,37,33,37,46,43,37,27,33,18,28,43,19,33,37,34,33,19,54,36,36,35,32,47,28,41,46,46,36,44,44,44,40,38,19,45,49,48,28,44,45,36,38,44,35,48,39,42,42,46,34,43,6,36,40,43,40,47,45,35,43,37,37,43,36,51,41,44,37,35,45,48,41,14,33,22,46,30,42,33,12,23,0,28,43,40,35,42,47,50,34,43,42,41,43,48,39,43,37,32,34,44,41,34,43
45,37,35,34,46,26,43,49,47,37,41,24,28,47,26,30,46,39,37,38,36,41,38,41,37,36,28,45,40,39,28,41,49,40,41,43,46,42,43,38,39,45,28,45,31,28,27,43,25,32,33,39,32,45,41,43,41,32,45,32,39,41,36,33,30,38,37,20,29,35,29,38,34,38,24,42,34,41,41,22,29,34,42,40,35,43,38,37,47,41,24,29,35,20,42,18,36,35,32,40,35,52,28,41,41,35,45,34,30,52,35,37,38,38,40,40,39,20,42,46,46,42,39,47,29,37,28,34,42,43,46,41,46,23,43,21,27,43,45,32,47,50,42,47,46,36,43,37,27,48,44,31,34,46,42,40,9,39,27,38,33,43,22,12,33,28,0,41,33,35,42,48,37,26,44,37,29,44,43,46,42,43,8,28,36,37,44,46
32,20,19,39,10,55,30,28,13,27,32,32,44,21,37,45,10,26,15,23,32,27,46,58,26,18,40,25,42,46,44,46,43,19,25,22,28,28,18,19,25,20,41,32,20,40,45,26,32,29,55,57,30,34,17,28,38,45,46,39,27,5,41,32,29,22,41,40,36,21,56,27,22,47,33,5,26,30,26,38,18,51,28,2,45,44,26,3,19,49,46,37,44,37,36,53,24,24,25,24,44,50,37,49,29,40,47,33,59,45,3,27,22,24,6,3,39,40,37,22,48,43,28,6,37,40,40,28,8,6,33,15,36,44,6,39,38,22,8,25,12,36,4,10,24,22,19,27,32,19,19,39,28,22,6,6,35,29,33,22,55,47,43,41,37,43,41,0,17,28,39,14,44,47,40,8,38,26,33,58,10,20,45,42,15,6,40,25
36,20,22,40,5,48,23,33,17,32,32,39,44,19,39,36,21,30,15,31,22,32,46,58,30,1,49,31,39,52,42,30,42,15,31,17,35,27,20,23,32,22,35,36,10,48,38,23,31,22,55,45,29,28,25,29,38,50,47,32,32,9,33,31,16,30,40,47,21,7,49,28,30,40,20,11,31,31,28,35,10,44,28,19,49,48,24,16,20,52,48,40,50,41,34,50,38,26,29,30,50,41,37,52,30,40,46,37,49,36,18,26,1,31,10,10,28,46,24,18,46,42,35,11,37,23,28,30,3,16,36,15,34,38,5,39,44,18,10,22,17,35,18,6,28,28,19,26,31,28,20,30,30,18,3,9,40,42,42,3,55,38,38,36,32,40,33,17,0,33,38,16,28,30,40,7,33,25,28,57,5,25,32,36,18,16,39,29
32,18,18,29,27,57,26,35,34,23,30,31,36,35,27,42,32,30,27,28,28,26,38,52,27,30,44,24,30,34,37,40,39,26,29,27,22,21,27,17,27,35,25,33,31,45,42,20,20,24,55,52,39,32,24,16,38,39,40,31,29,29,46,35,23,23,25,32,24,30,45,28,20,34,34,27,27,29,26,35,33,42,29,28,32,33,28,25,30,36,47,31,42,33,21,44,33,18,27,22,43,51,29,38,28,29,48,32,57,41,28,23,27,29,27,25,35,35,34,36,40,35,31,26,29,10,38,24,37,29,28,30,33,44,31,35,34,34,28,28,27,37,28,27,33,28,33,23,26,31,30,33,24,26,36,30,33,39,31,28,52,43,43,37,31,35,35,28,33,0,44,33,34,41,30,29,24,27,42,53,27,17,41,40,34,30,31,30
36,43,37,44,47,28,46,33,48,29,40,46,48,47,52,47,47,31,35,34,28,32,52,52,32,42,51,32,11,52,47,14,26,40,34,43,49,36,36,29,32,42,45,36,41,53,46,32,37,25,47,55,38,47,42,47,12,54,54,33,37,46,47,23,28,36,45,49,34,49,51,28,30,48,24,40,24,27,40,48,31,49,41,38,57,50,37,35,49,53,55,44,56,49,48,41,30,43,39,32,53,21,51,52,48,49,47,47,55,26,41,44,41,29,45,40,26,56,20,49,44,50,34,51,51,37,26,42,33,47,37,50,47,47,37,49,48,49,44,33,47,46,38,47,36,36,49,44,29,50,51,50,42,48,39,45,49,24,48,44,47,20,47,49,39,42,42,39,38,44,0,50,26,47,52,48,39,46,42,60,41,37,51,53,34,49,45,44
29,22,22,36,17,56,29,38,6,28,35,41,43,2,37,47,20,30,18,30,35,26,42,58,28,19,44,26,45,43,51,46,42,17,25,23,30,24,28,23,26,6,38,28,15,44,49,28,39,31,58,58,39,35,19,28,40,55,44,39,29,14,42,41,26,26,42,43,40,16,54,25,29,43,35,17,28,26,28,35,17,56,24,17,49,47,27,14,8,51,53,35,44,34,40,49,28,19,23,27,44,52,34,51,34,37,52,35,63,48,12,23,17,27,12,17,42,43,43,6,52,43,32,18,34,35,43,29,21,24,33,22,41,49,12,37,43,6,16,29,17,37,19,17,28,24,8,22,39,20,6,46,29,16,22,9,40,34,41,25,58,49,49,42,32,47,48,14,16,33,50,0,42,48,40,9,45,10,39,55,13,27,39,44,23,12,38,28
33,35,37,29,41,42,11,37,38,37,40,41,38,41,34,34,35,38,30,36,16,41,50,56,41,32,45,42,40,46,39,6,42,29,40,22,35,14,33,32,37,41,36,34,31,44,48,32,40,35,54,54,32,36,38,36,14,52,46,27,35,32,46,35,29,18,43,45,35,36,46,38,26,45,10,42,24,35,30,40,29,47,36,38,49,50,33,35,44,43,47,37,49,42,25,37,40,31,29,20,47,40,32,41,28,32,29,43,55,32,37,32,25,33,39,32,28,44,20,40,40,44,28,35,32,35,4,39,23,34,42,33,41,51,35,39,44,42,36,34,39,45,38,37,14,38,37,32,38,44,38,36,39,36,27,37,38,37,32,30,55,6,51,41,43,50,37,44,28,34,26,42,0,36,48,28,23,34,38,51,35,28,38,42,24,32,40,39
27,39,35,20,45,44,40,42,44,34,34,36,16,42,32,28,43,34,33,38,37,29,39,50,36,30,37,30,42,44,22,42,37,32,33,36,41,38,36,36,30,41,30,29,37,36,39,31,33,28,46,41,20,39,41,34,43,49,48,36,37,37,42,23,26,37,29,43,19,36,45,30,37,38,33,46,33,35,31,34,33,32,38,42,43,46,27,49,45,40,41,33,36,28,35,41,33,35,28,40,35,47,31,39,36,38,20,6,41,43,41,26,30,34,43,48,36,44,29,43,24,34,40,45,31,29,36,34,30,42,45,46,39,39,39,29,22,44,41,36,37,42,46,45,27,33,41,26,31,44,43,22,34,41,31,36,27,31,38,32,46,50,38,30,18,34,26,47,30,41,47,48,36,0,44,35,35,48,25,59,44,30,27,18,37,32,29,39
33,36,34,41,32,62,40,39,41,27,38,37,42,46,42,42,36,31,29,34,37,28,46,57,32,37,48,31,36,41,44,48,39,23,26,28,39,41,32,34,32,43,37,36,39,48,50,22,37,42,55,54,37,26,29,22,47,58,49,33,28,34,53,38,30,37,44,52,46,37,56,24,44,39,40,36,42,40,18,42,41,44,37,42,46,46,25,35,41,51,47,32,49,36,49,55,39,41,35,41,46,56,32,52,43,37,42,37,60,50,39,34,42,38,33,39,46,52,43,41,47,39,36,36,33,37,41,40,43,40,40,37,6,48,35,39,41,38,31,40,32,24,41,30,38,39,40,34,39,51,43,38,40,39,45,35,41,35,43,41,54,53,48,46,37,43,44,40,40,30,52,40,48,44,0,36,35,41,44,62,38,41,49,39,44,35,35,34
24,20,20,32,13,56,21,32,11,22,33,33,37,16,30,41,17,27,8,26,33,23,45,49,23,13,41,23,43,42,42,36,40,7,23,9,21,18,25,19,23,13,33,25,15,40,41,22,35,26,51,51,29,28,9,23,36,39,46,36,23,5,37,30,13,20,38,39,36,6,53,19,25,38,25,16,22,22,23,36,12,46,23,11,47,44,23,4,22,46,44,30,40,26,35,50,24,15,25,22,38,53,29,45,34,28,54,27,57,44,9,16,7,22,4,6,36,38,38,14,53,40,24,15,29,30,31,17,12,16,26,17,34,40,5,30,39,14,13,24,13,33,12,13,19,19,14,16,35,16,13,40,17,15,11,2,33,34,36,20,52,40,40,33,26,42,37,8,7,29,48,9,28,35,36,0,35,19,36,61,7,21,40,45,20,2,33,22
36,28,25,43,37,49,42,36,40,36,36,39,35,43,35,39,35,33,35,36,24,33,46,56,33,32,39,33,35,46,32,39,42,34,35,34,33,34,37,25,30,46,36,36,34,39,36,34,16,19,54,40,32,38,39,26,41,47,39,27,33,30,39,33,24,32,38,39,18,33,45,34,34,47,32,37,31,28,32,37,33,35,36,37,45,43,24,34,38,45,44,39,45,34,26,45,40,30,26,28,45,31,42,45,34,29,43,43,51,40,36,33,38,38,35,31,37,39,36,43,38,38,28,36,42,2,31,36,34,30,40,36,29,37,36,36,41,44,39,21,36,42,27,34,36,38,42,33,20,40,38,33,36,37,37,37,26,40,33,33,52,35,37,29,39,41,29,38,33,24,39,45,23,35,35,35,0,40,37,59,39,29,27,49,35,38,44,36
30,18,21,36,17,59,28,38,14,29,34,39,42,18,38,45,17,33,18,30,37,32,46,58,28,19,45,32,52,44,47,41,41,20,32,26,32,27,20,20,33,10,39,29,19,44,47,33,45,31,54,53,43,36,24,32,38,48,43,31,33,22,43,40,32,27,37,45,35,20,53,29,25,46,37,20,26,27,35,35,18,49,29,23,46,46,33,21,6,45,43,37,46,38,38,50,36,16,25,28,46,51,39,44,32,38,54,36,61,44,25,26,18,26,19,19,43,44,40,8,55,42,28,21,39,40,35,24,17,20,37,22,40,49,22,41,47,9,16,25,19,39,20,20,27,26,6,26,42,23,6,50,24,19,18,16,40,38,41,23,54,45,49,41,38,43,44,26,25,27,46,10,34,48,41,19,40,0,40,58,16,14,43,38,22,18,43,27
38,39,37,42,35,55,37,40,39,38,38,44,40,43,42,35,43,32,39,41,34,36,52,60,38,34,49,36,40,51,34,40,39,38,37,37,34,38,41,40,38,44,39,39,29,46,30,35,35,34,52,49,31,41,37,38,40,42,52,42,38,39,37,21,30,38,46,45,33,32,50,31,42,47,26,40,39,39,37,40,31,50,39,40,51,45,34,37,43,46,48,39,46,39,32,32,39,35,35,38,46,43,39,47,35,46,44,40,55,44,37,33,26,32,36,34,34,46,42,41,43,44,41,37,40,28,33,35,35,45,26,41,46,32,39,48,32,42,41,26,39,37,46,39,42,28,46,33,22,46,45,26,35,43,37,40,35,36,39,37,52,36,32,39,40,48,43,33,28,42,42,39,38,25,44,36,37,40,0,52,42,32,39,34,40,35,44,40
53,53,51,46,61,53,53,59,56,58,51,46,52,62,42,48,56,60,59,54,54,53,58,40,63,59,41,62,59,55,42,65,56,56,59,57,55,55,58,46,60,58,50,55,51,44,57,55,61,48,24,29,59,57,55,59,57,42,61,54,58,61,59,64,60,56,48,39,42,58,45,61,53,58,50,54,62,49,60,47,51,46,61,56,55,60,56,56,61,48,52,54,27,46,49,41,58,49,58,58,26,63,56,46,53,51,58,46,36,53,53,49,53,50,62,60,57,40,59,60,55,50,60,61,56,61,61,51,48,54,51,55,63,54,60,51,41,58,56,44,57,59,63,57,56,60,59,49,61,57,61,47,51,65,51,59,49,62,41,51,23,60,54,40,54,39,46,58,57,53,60,55,51,59,62,61,59,58,52,0,56,58,48,35,59,58,58,58
24,16,16,36,2,56,19,38,13,24,29,36,42,22,36,44,4,24,14,23,31,24,42,53,24,5,43,28,42,41,41,37,44,14,23,15,22,19,24,17,24,21,37,24,13,43,46,32,41,30,55,51,39,28,19,27,37,46,44,29,24,3,43,41,24,26,37,43,31,15,55,24,20,45,32,3,22,21,31,38,13,48,32,12,47,41,32,10,21,48,49,36,46,36,35,47,26,18,27,18,44,38,36,48,30,34,49,36,56,39,10,25,4,20,7,7,35,43,35,23,49,41,23,6,36,35,31,26,6,10,28,9,32,46,6,35,42,20,1,28,4,30,12,2,20,20,18,25,39,14,18,40,26,20,7,8,39,38,37,9,55,43,46,42,35,43,42,10,5,27,41,13,35,44,38,7,39,16,42,56,0,18,40,48,9,8,39,29
28,2,8,28,17,56,16,35,25,21,30,30,39,26,34,45,20,26,20,25,23,22,36,48,32,27,37,22,29,42,37,37,43,13,23,13,29,17,5,3,22,22,32,30,27,37,43,28,34,28,53,50,31,31,17,31,27,38,36,16,20,22,43,37,16,13,27,41,17,20,51,26,15,38,29,16,15,16,33,31,21,46,31,19,46,39,18,20,16,38,38,36,40,35,12,47,34,8,16,15,38,39,35,39,18,36,42,32,57,34,21,21,28,17,21,14,25,41,31,26,44,33,26,17,35,18,30,15,22,20,32,21,33,39,17,34,41,21,18,23,21,33,15,19,15,17,20,21,36,25,19,46,15,25,24,22,36,33,32,21,51,46,38,42,31,37,43,20,25,17,37,27,28,30,41,21,29,14,32,58,18,0,43,45,25,26,41,27
41,37,37,38,46,34,47,46,47,45,41,8,29,46,34,36,42,41,39,44,34,39,42,53,45,34,24,37,48,41,26,52,49,38,42,41,42,44,37,36,41,45,29,41,31,24,25,41,27,36,37,39,34,44,41,41,47,28,46,38,43,43,42,37,34,42,40,32,33,37,15,42,40,46,24,40,40,45,40,27,29,36,42,40,44,37,34,37,48,30,37,35,41,36,43,24,41,41,35,44,37,57,32,30,41,35,38,32,28,39,39,39,36,42,41,34,35,32,36,40,39,38,41,47,32,35,35,36,42,41,45,39,43,20,45,35,29,43,45,32,43,47,40,45,44,34,42,39,23,47,43,28,36,45,47,37,23,47,9,35,37,52,18,20,34,32,8,45,32,41,51,39,38,27,49,40,27,43,39,48,40,43,0,32,32,37,44,46
42,31,35,22,47,35,31,33,47,43,45,35,10,48,33,24,45,36,41,42,32,39,46,56,41,42,46,43,36,46,12,44,48,42,40,33,39,35,40,32,43,48,26,42,43,46,41,37,47,32,25,40,36,39,36,47,38,50,46,42,39,43,41,40,40,37,25,43,19,45,41,32,36,40,28,40,42,31,39,6,41,20,41,40,49,46,42,38,46,46,43,48,38,32,33,38,40,35,42,44,38,48,42,46,42,42,32,10,44,40,41,37,36,30,45,48,39,43,34,45,22,44,38,45,44,40,39,35,39,38,42,39,47,40,40,43,6,46,40,30,44,40,49,47,40,34,44,37,36,47,47,22,35,46,42,39,33,39,35,39,23,41,40,25,33,34,28,42,36,40,53,44,42,18,39,45,49,38,34,35,48,45,32,0,42,40,37,44
34,25,26,40,13,56,23,41,23,32,30,43,42,23,38,42,23,34,13,36,26,32,49,64,32,9,49,31,35,49,40,28,50,15,32,23,29,26,23,25,32,26,41,34,14,48,45,28,38,25,54,49,37,38,24,32,26,49,45,18,32,15,45,39,16,33,44,50,31,21,56,28,19,50,34,17,34,28,32,43,16,40,32,19,47,49,30,17,25,45,53,42,50,39,36,44,36,23,28,31,50,39,41,45,31,39,50,37,47,34,14,31,19,26,20,6,34,48,26,21,48,41,25,9,41,33,24,28,7,13,31,14,38,42,20,39,38,24,9,19,14,36,19,6,27,27,24,31,31,29,21,44,28,27,7,17,42,44,42,15,54,38,42,43,38,44,36,15,18,34,34,23,24,37,44,20,35,22,40,59,9,25,32,42,0,17,41,33
25,19,13,36,13,53,29,29,9,23,33,32,38,14,27,46,16,22,7,25,30,24,44,50,25,14,42,24,41,41,42,39,41,8,23,10,21,17,28,20,24,11,34,25,9,40,40,25,34,25,53,46,28,25,10,25,35,39,45,37,24,4,39,34,30,20,40,42,32,4,51,20,22,36,23,12,19,23,25,31,12,48,22,12,47,43,17,5,19,45,40,33,42,33,35,45,29,18,26,19,42,53,29,44,27,29,53,29,53,45,9,16,9,21,2,10,37,40,37,11,51,38,25,21,29,35,37,22,15,16,31,21,33,37,5,31,37,14,8,22,15,27,8,13,21,17,11,17,34,22,15,35,22,19,16,4,32,27,33,15,54,45,37,41,27,41,37,6,16,30,49,12,32,32,35,2,38,18,35,58,8,26,37,40,17,0,33,22
31,39,37,29,39,60,31,31,39,32,25,33,33,40,30,43,39,22,29,34,42,25,37,49,24,41,41,29,45,39,33,38,45,28,34,32,36,33,37,30,25,39,28,31,44,44,37,19,35,43,55,38,37,32,30,27,39,42,36,37,32,37,49,36,31,31,33,37,32,36,49,26,39,37,38,36,32,35,35,32,38,43,34,37,45,35,22,42,41,33,44,28,27,28,36,53,31,33,33,34,32,51,24,34,33,37,48,29,52,35,40,27,39,34,33,36,40,38,30,40,43,22,34,39,25,42,32,31,44,38,39,35,44,35,37,37,42,40,39,41,41,37,39,39,38,32,40,27,33,44,40,37,31,40,43,31,33,37,31,41,53,48,34,42,23,34,44,40,39,31,45,38,40,29,35,33,44,43,44,58,39,41,44,37,41,33,0,33
26,28,27,31,30,51,27,29,25,23,27,38,39,26,35,39,32,17,24,25,29,22,45,53,20,35,38,22,43,42,40,42,40,22,20,28,27,27,28,25,22,22,30,26,35,35,42,24,37,29,54,47,34,30,25,27,39,42,41,35,23,26,44,34,31,18,38,38,25,22,53,19,28,39,32,25,25,24,27,37,33,50,10,26,48,43,16,24,30,44,45,29,45,33,34,56,26,27,23,21,47,48,33,42,32,35,43,25,56,47,25,24,31,22,21,23,42,34,38,25,47,42,26,28,32,32,35,20,27,27,28,30,34,42,27,35,36,24,28,31,27,32,30,28,26,25,27,24,39,25,28,45,20,22,29,23,37,33,36,36,56,50,42,44,30,43,46,25,29,30,44,28,39,39,34,22,36,27,40,58,29,27,46,44,33,22,33,0
