0,26,28,26,32,53,22,28,28,19,10,35,32,31,29,30,32,19,26,18,28,25,33,46,22,31,34,25,35,38,30,45,35,23,26,21,22,21,33,15,25,34,26,4,32,39,40,18,34,30,51,48,25,31,21,24,43,48,31,37,25,28,41,34,20,24,30,34,30,29,44,11,26,36,38,27,23,25,26,26,28,40,25,28,33,38,19,30,31,36,46,28,36,27,39,41,27,26,22,30,42,40,27,40,24,25,42,26,51,40,29,22,32,22,25,29,37,43,34,32,46,23,18,34,27,36,39,25,28,29,26,28,38,39,30,31,34,34,32,30,30,36,32,32,24,24,34,22,30,33,31,38,25,29,32,26,35,23,37,33,40,43,39,37,24,35,37,33,31,24,48,30,43,34,40,25,30,32,40,53,32,26,37,39,36,26,25,27
26,0,8,35,19,55,18,35,19,27,26,27,39,19,31,41,20,28,8,31,26,28,43,42,29,26,42,28,42,37,41,40,41,13,31,13,26,20,4,13,28,19,35,30,22,42,45,28,35,24,50,41,33,32,17,25,34,44,43,23,28,16,46,38,15,22,37,42,31,25,52,27,22,36,30,22,22,26,30,25,25,45,26,17,41,39,24,21,16,44,42,35,42,31,33,45,31,16,21,22,35,50,31,37,17,33,45,31,49,37,18,20,19,20,17,20,32,44,34,20,45,37,26,21,31,29,36,22,24,21,31,19,39,45,19,31,41,18,15,15,23,31,18,19,20,22,21,20,35,21,16,43,22,17,25,11,31,35,27,27,52,47,45,37,25,39,35,19,26,24,44,17,34,35,37,17,31,16,38,49,14,6,33,37,21,13,35,25
28,8,0,35,20,57,18,33,20,25,28,29,39,21,33,39,20,30,12,29,26,31,43,46,29,22,44,31,38,39,41,36,41,17,29,17,28,24,8,13,31,19,35,31,24,44,44,26,31,24,48,45,35,36,21,25,28,46,43,29,31,16,42,32,21,22,37,44,31,20,52,29,26,38,30,20,26,22,30,29,25,43,27,20,43,39,26,24,21,44,40,33,42,33,31,47,29,18,23,22,39,44,33,41,17,37,45,31,53,39,22,22,24,20,20,18,28,44,34,22,43,37,26,21,33,29,32,22,28,16,32,22,38,43,19,33,41,20,17,19,20,36,15,20,20,22,19,22,33,17,18,41,22,19,25,15,33,35,31,26,52,43,43,39,29,41,37,19,22,26,36,17,34,39,41,20,31,19,41,53,16,14,35,39,18,13,33,26
26,35,35,0,39,48,26,33,38,31,24,30,25,38,26,20,37,26,29,34,39,33,41,47,33,43,34,33,42,35,18,49,38,32,33,28,25,28,36,24,33,39,10,26,37,36,38,27,38,31,52,52,41,39,25,28,47,47,38,42,33,35,45,45,30,37,2,34,40,35,44,26,33,37,37,32,27,29,28,28,40,45,32,33,33,33,32,36,37,19,43,30,30,28,41,46,36,35,35,33,47,58,27,40,34,23,45,17,50,48,38,33,39,29,35,34,44,38,39,38,30,33,33,39,27,39,42,33,40,34,31,31,40,32,37,31,35,37,39,38,39,39,35,39,37,31,40,33,40,39,37,28,33,37,42,36,29,28,32,44,44,50,31,36,28,32,36,37,43,26,54,35,43,35,42,35,39,38,41,54,37,31,36,34,38,36,18,33
32,19,20,39,0,57,23,34,17,26,31,37,47,17,37,47,10,30,19,28,35,28,47,54,25,16,46,27,40,43,47,47,37,19,24,19,31,27,24,20,28,18,36,32,16,44,44,28,40,31,54,50,36,28,22,32,41,44,47,39,28,10,38,32,33,25,37,46,40,15,56,28,25,46,35,11,27,25,32,36,18,53,29,14,46,43,27,18,21,46,46,35,46,33,37,49,28,18,23,23,46,46,32,46,32,37,53,37,61,49,14,26,12,27,15,10,39,44,45,18,55,41,25,4,32,42,43,26,14,14,33,10,38,43,11,35,45,18,2,31,14,30,16,2,21,21,19,26,40,19,20,45,26,19,16,13,33,34,37,16,56,47,43,41,37,41,45,14,15,32,43,19,39,47,40,16,42,21,43,61,2,21,47,45,13,15,41,31
53,55,57,48,57,0,59,57,55,57,49,44,48,59,50,42,57,57,53,51,46,43,57,57,44,50,61,43,45,59,48,24,59,52,50,57,46,48,53,54,43,60,52,49,47,51,41,45,47,40,47,50,42,57,57,57,44,48,59,40,43,49,49,41,46,50,55,55,42,51,57,54,50,59,48,54,54,53,57,46,49,46,54,56,60,59,54,51,59,59,46,42,55,46,42,22,52,55,47,56,50,54,42,59,57,49,42,48,43,35,53,48,49,48,50,56,34,59,42,60,42,58,56,59,42,45,36,49,49,55,55,55,63,35,51,45,46,58,56,42,55,64,58,57,54,44,61,48,41,55,60,44,49,54,52,51,43,56,40,52,61,26,34,42,44,57,32,55,50,53,26,59,42,40,61,50,49,58,54,49,55,60,36,37,56,51,52,55
22,18,18,26,23,59,0,34,25,26,24,29,37,28,26,37,25,28,20,28,25,25,41,44,25,25,35,25,38,40,37,41,37,13,27,17,18,14,21,13,25,25,34,23,32,39,41,18,35,36,49,49,33,34,15,28,43,46,39,34,25,27,42,36,28,21,27,35,37,29,43,19,19,39,29,22,19,18,29,32,32,41,24,27,43,40,30,27,26,37,42,29,39,29,36,45,31,18,21,17,38,44,25,38,27,27,47,30,47,45,26,22,25,19,23,24,33,40,35,29,49,32,14,27,26,43,33,18,33,28,24,22,38,39,29,25,41,24,25,30,27,36,25,25,17,17,24,22,35,24,28,43,18,23,29,24,31,31,31,23,50,41,39,41,26,38,41,26,25,31,41,27,37,37,41,23,42,25,34,47,27,22,41,37,29,24,35,27
28,35,33,33,34,57,34,0,37,24,30,36,41,35,31,38,34,31,33,25,30,29,41,49,20,31,43,29,39,34,41,39,28,34,25,30,32,31,30,29,29,33,34,27,33,41,32,34,35,33,50,49,26,34,27,25,39,46,44,30,29,37,42,27,27,33,36,43,30,34,48,24,30,43,33,33,27,31,27,33,32,45,31,33,44,36,33,28,38,44,46,31,42,35,36,46,18,28,27,31,44,49,32,44,31,36,45,35,56,44,32,33,31,30,35,35,29,41,40,36,43,34,32,38,32,29,42,33,34,30,35,32,35,36,36,30,43,35,36,32,36,30,24,36,34,37,32,33,35,35,37,39,33,35,30,31,30,19,32,34,47,49,35,42,29,33,34,30,31,38,42,39,39,39,45,35,37,34,46,50,32,32,38,40,41,36,39,32
28,19,20,38,17,55,25,37,0,31,30,35,40,12,35,44,18,28,16,32,28,32,43,51,32,22,45,32,43,42,43,43,44,18,32,21,27,23,23,19,32,4,37,27,20,44,41,28,35,25,53,53,34,36,23,30,40,46,42,40,32,16,42,37,28,24,40,45,35,23,50,27,26,43,31,18,27,26,28,35,22,48,26,17,43,42,28,15,15,46,49,37,46,35,37,51,32,18,22,27,44,54,34,44,29,37,47,36,55,46,19,24,18,28,9,19,41,45,38,14,49,38,30,20,34,38,35,25,23,19,35,19,36,40,17,36,44,16,19,28,21,37,19,18,26,26,10,24,35,15,8,40,25,12,21,12,36,38,36,25,54,41,41,44,35,39,42,19,22,29,46,8,37,41,38,11,35,15,43,55,16,22,41,43,20,9,40,26
19,27,25,31,26,57,26,24,31,0,24,31,44,29,30,42,29,25,29,12,33,17,42,52,17,29,42,17,31,41,44,46,31,24,17,25,28,27,23,29,17,30,32,22,30,42,41,21,40,27,50,49,25,28,25,28,40,50,41,34,17,28,38,31,26,26,38,42,36,28,54,22,24,42,33,27,18,24,29,31,33,50,27,30,41,45,22,30,31,40,51,32,41,28,38,53,23,28,23,23,42,41,27,41,28,29,50,32,53,44,25,23,29,25,28,29,40,44,38,29,46,35,28,32,28,33,44,21,33,33,30,28,37,39,25,32,44,29,26,31,28,36,29,26,20,26,26,23,40,28,29,42,21,28,33,24,28,25,31,32,49,50,38,37,31,32,46,33,29,30,38,30,39,47,36,28,37,30,42,55,28,22,45,45,34,32,35,29
10,26,28,24,31,49,24,30,30,24,0,33,31,34,25,26,34,24,24,26,33,26,32,46,24,32,26,26,36,36,26,45,36,21,26,27,22,22,28,17,26,33,20,12,34,35,36,20,36,26,51,46,29,33,25,24,38,39,32,37,26,29,35,33,19,25,22,26,31,33,49,15,23,39,32,27,21,26,23,30,26,43,26,28,26,36,21,31,31,34,40,27,30,27,39,45,25,26,24,25,42,44,21,42,24,31,41,19,53,46,30,24,31,25,25,29,38,37,38,33,38,23,22,34,22,34,39,24,29,30,23,24,38,37,28,27,25,33,32,29,32,35,29,32,31,27,34,24,34,34,31,40,24,29,32,26,29,30,33,29,38,51,35,35,30,31,37,30,32,22,42,32,39,37,37,25,35,31,39,47,32,28,39,39,36,26,19,26
35,27,29,30,37,44,29,36,35,31,33,0,47,40,26,44,36,40,33,36,32,31,39,42,31,39,40,31,43,37,38,43,45,32,30,31,32,36,37,34,31,39,36,38,39,37,34,35,33,32,51,48,29,36,33,35,43,34,43,37,31,30,41,38,40,26,35,38,36,36,35,33,32,37,39,34,34,33,37,22,37,52,38,37,41,39,38,37,39,42,38,30,42,22,37,38,41,29,26,28,45,56,26,44,31,27,49,29,42,44,38,29,35,26,33,34,44,39,38,39,46,31,33,39,27,41,39,31,39,39,34,38,42,31,34,21,43,40,36,34,39,34,41,37,28,32,42,29,35,39,35,39,31,36,41,34,19,38,17,45,49,49,30,28,23,31,26,41,39,35,48,39,41,39,43,33,37,37,44,44,34,28,18,35,39,34,37,36
32,39,39,25,47,48,37,41,40,44,31,47,0,50,33,4,44,34,35,42,25,37,38,54,36,34,33,37,42,39,14,46,50,26,42,41,34,31,33,30,37,48,10,27,35,36,26,29,27,34,38,38,28,47,39,24,34,33,37,30,37,37,38,29,24,29,19,33,32,38,38,25,31,43,37,40,33,36,35,36,35,25,33,48,36,39,38,41,49,27,42,32,39,37,34,39,43,39,41,35,47,48,33,44,37,37,36,16,42,42,37,37,31,33,37,40,36,38,36,50,33,32,36,46,33,33,33,35,33,41,37,39,50,25,39,37,21,48,46,34,44,47,48,47,39,33,45,37,25,48,46,10,35,38,40,38,45,37,46,41,32,51,25,26,34,33,25,47,34,34,50,49,32,19,46,37,35,48,32,42,46,38,29,22,46,38,29,35
31,19,21,38,17,59,28,35,12,29,34,40,50,0,39,46,18,32,21,35,38,31,46,57,31,17,49,31,47,45,49,50,46,20,34,25,30,24,27,21,31,8,36,30,19,48,50,33,45,28,54,57,39,41,21,30,46,54,46,37,31,18,42,41,27,26,41,49,35,22,54,28,31,48,37,21,25,25,32,40,20,56,31,18,45,45,31,22,4,47,53,36,47,38,36,54,28,25,26,30,48,52,36,48,32,41,51,39,60,48,21,28,17,26,22,21,44,48,43,6,51,42,31,23,36,38,44,30,23,19,33,20,42,50,21,39,48,6,22,31,22,40,21,22,26,28,12,27,45,26,6,43,30,12,21,16,38,33,34,21,54,48,50,47,39,43,45,20,17,29,51,2,46,47,45,22,39,10,45,60,22,20,45,47,19,18,41,26
29,31,33,26,37,50,26,31,35,30,25,26,33,39,0,38,37,35,29,32,30,34,36,35,34,39,35,34,48,36,46,49,41,32,35,34,34,34,30,30,34,35,34,32,38,36,41,25,43,30,38,36,34,33,34,27,44,38,34,36,34,37,45,45,32,27,36,33,37,36,46,31,31,35,41,34,35,34,35,20,35,48,34,29,38,32,32,36,38,43,44,24,41,10,35,38,34,31,22,35,21,47,18,22,25,10,45,25,38,50,35,21,37,35,30,34,36,36,41,39,50,32,32,39,18,37,36,25,37,36,31,38,38,30,37,22,41,35,39,28,36,33,34,39,33,33,35,21,45,35,35,40,25,34,45,31,30,34,24,44,45,53,30,24,24,32,28,33,39,25,53,37,39,33,43,30,44,37,41,36,34,30,30,33,41,31,32,34
30,41,39,20,47,42,37,38,44,42,26,44,4,46,38,0,46,38,37,41,35,42,42,50,39,36,36,42,42,49,14,52,49,34,43,35,39,37,41,30,42,50,22,36,35,47,34,27,36,34,43,43,33,42,36,38,38,42,42,39,42,41,39,30,24,38,19,35,36,40,38,28,40,46,29,40,37,39,34,36,35,42,39,44,43,49,36,43,47,33,45,38,42,37,38,38,36,41,41,43,50,55,36,48,40,33,33,16,46,45,43,38,36,35,39,44,40,47,36,51,26,39,42,46,36,38,34,37,39,41,41,35,49,34,43,40,23,48,46,34,46,40,44,45,38,41,49,38,38,49,44,20,37,45,40,40,42,35,46,35,36,50,34,28,40,36,28,45,36,40,55,48,37,26,45,39,38,46,31,44,46,38,32,22,46,42,33,39
32,20,20,37,10,57,25,34,18,29,34,36,44,18,37,46,0,26,16,29,32,28,46,56,28,17,45,28,39,44,46,47,44,17,27,19,29,25,20,21,28,20,37,32,15,46,45,27,41,30,53,51,39,30,17,29,39,44,46,33,28,15,43,35,28,24,37,45,33,23,53,28,24,43,32,11,24,23,30,35,17,51,29,14,48,44,28,18,19,45,46,36,45,37,33,51,34,20,24,28,42,49,35,42,28,35,49,36,56,49,12,24,14,24,17,11,37,46,35,23,47,41,25,8,35,37,37,24,16,12,33,4,32,43,10,35,48,22,9,28,10,34,16,6,26,28,21,24,41,18,18,42,24,18,15,16,33,38,35,17,51,47,42,42,34,41,42,14,17,30,47,17,41,44,38,17,37,18,40,56,4,18,42,42,17,16,41,30
19,28,30,26,30,57,28,31,28,25,24,40,34,32,35,38,26,0,27,31,27,31,35,52,32,27,39,31,32,43,32,37,40,13,29,20,23,17,31,19,31,30,22,24,28,48,39,21,37,30,51,55,35,30,18,22,35,44,38,32,31,25,37,26,23,25,24,39,26,25,50,8,21,42,35,27,25,22,24,30,30,34,22,23,38,43,23,28,33,36,42,32,38,37,42,49,32,25,26,21,44,40,30,43,28,29,41,29,55,37,22,23,32,27,24,29,29,46,31,34,43,29,20,34,31,27,31,25,30,30,27,24,33,39,28,29,35,32,30,29,30,35,31,30,21,21,34,23,41,33,30,32,25,29,33,23,33,32,33,33,44,37,39,42,31,40,39,32,27,25,43,27,37,32,36,24,38,34,35,56,30,26,41,43,32,25,24,24
26,8,12,29,19,53,20,33,16,29,24,33,35,21,29,37,16,27,0,30,24,31,43,42,25,19,40,31,48,41,37,38,41,9,25,15,21,18,14,13,31,18,33,27,20,43,41,24,33,21,49,48,31,29,15,20,34,46,41,30,31,16,36,36,19,20,35,40,35,20,49,26,18,40,26,20,16,22,22,31,21,47,27,17,41,39,24,21,18,42,44,32,42,23,23,45,27,12,21,16,44,48,27,38,17,31,45,35,55,41,16,23,19,18,16,21,36,43,28,18,43,35,23,24,27,35,30,25,20,22,33,16,33,37,17,31,41,16,21,21,19,31,19,23,22,20,16,23,35,18,16,37,25,18,25,15,35,35,33,24,48,47,35,35,29,39,43,23,19,30,36,16,30,39,35,16,33,16,41,55,14,22,41,39,19,11,33,25
18,31,29,34,28,51,28,25,32,12,26,36,42,35,32,41,29,31,30,0,35,11,43,53,11,32,45,11,32,41,44,43,32,28,9,29,30,22,21,26,11,32,33,26,34,46,40,30,35,31,53,52,24,30,24,34,32,44,45,35,11,27,38,30,29,25,36,46,33,30,51,26,28,43,23,29,28,30,32,34,34,43,30,22,42,40,24,32,36,41,46,37,44,34,39,46,23,28,23,24,43,48,34,42,26,30,51,37,56,39,22,29,35,28,28,31,32,47,25,35,50,36,29,32,34,32,39,29,33,31,27,32,39,38,28,37,45,31,27,36,28,41,33,28,25,29,30,29,37,34,31,40,29,31,35,26,35,25,38,35,52,47,37,40,37,33,36,31,32,30,43,28,39,42,35,28,36,32,40,53,25,24,40,41,38,29,36,32
28,26,26,39,35,46,25,30,28,33,33,32,25,38,30,35,32,27,24,35,0,28,43,50,27,28,39,28,24,46,28,34,44,23,35,32,31,28,20,27,28,33,33,27,29,44,38,32,22,17,47,41,16,33,30,34,22,45,43,29,28,29,27,21,23,14,33,41,24,33,43,29,32,44,20,30,22,33,34,33,25,40,36,36,39,44,38,29,41,48,41,30,48,33,29,40,30,28,21,26,42,41,33,39,37,38,40,36,48,32,33,20,24,14,24,28,8,44,24,38,40,35,33,36,34,30,16,22,29,33,22,33,43,34,31,27,34,32,34,23,34,35,35,35,24,20,33,20,28,40,38,36,22,26,30,25,33,34,31,29,47,30,34,32,33,34,34,29,28,30,26,37,24,28,39,24,27,33,31,48,34,37,32,36,32,29,36,38
25,28,31,33,28,43,25,29,32,17,26,31,37,31,34,42,28,31,31,11,28,0,43,51,15,26,44,11,27,37,40,41,35,22,21,27,26,24,27,24,11,29,30,21,33,38,37,19,28,27,52,51,19,31,22,24,33,46,45,31,11,23,40,29,30,23,37,44,31,32,48,20,28,44,32,25,20,20,26,32,31,46,26,29,43,39,20,27,33,43,46,33,45,32,31,42,15,28,23,27,42,36,27,44,25,31,48,36,56,38,29,25,29,25,27,23,32,40,31,32,48,34,18,28,27,35,33,23,28,34,31,29,36,33,23,36,43,32,22,31,26,33,32,28,25,25,28,25,26,30,30,40,23,30,34,25,28,29,31,32,49,46,32,44,34,41,35,28,26,32,29,29,33,33,37,27,31,30,37,54,26,27,37,34,31,31,36,23
33,43,43,41,47,57,41,41,43,42,32,39,38,46,36,42,46,35,43,43,43,43,0,47,42,49,27,42,52,34,40,53,49,41,43,39,35,37,46,31,42,49,35,30,49,34,45,38,46,48,51,48,43,47,37,37,54,49,20,47,42,43,52,46,32,41,39,29,45,46,40,30,38,37,42,41,39,39,37,38,43,49,42,42,28,32,36,44,45,28,49,37,32,39,49,58,41,42,41,45,32,58,38,41,46,46,45,33,53,54,44,41,49,39,41,41,49,38,49,49,47,16,42,48,38,43,49,43,47,44,42,38,49,45,43,43,36,48,47,48,47,51,44,47,43,40,47,41,44,48,45,40,43,45,52,43,46,45,38,52,41,54,45,47,42,41,46,44,49,40,57,44,46,49,45,41,49,47,45,49,47,40,42,48,51,42,35,42
46,42,46,47,54,57,44,49,51,52,46,42,54,57,35,50,56,52,42,53,50,51,47,0,52,56,42,52,61,46,44,58,59,47,54,46,51,51,49,49,52,56,47,47,54,44,57,42,50,49,51,40,53,49,51,44,51,46,47,58,52,50,61,52,52,44,48,40,50,53,38,50,50,46,47,51,48,44,46,47,53,54,50,54,44,47,47,52,56,42,49,48,42,33,54,53,56,42,46,48,39,64,39,37,42,38,60,47,50,59,52,44,56,52,48,51,53,42,59,58,54,43,45,56,40,49,51,48,54,52,51,54,61,54,50,40,54,57,54,49,52,59,53,54,46,52,55,44,56,55,52,56,48,52,58,49,50,51,48,62,50,57,54,44,45,48,47,52,56,46,58,52,53,52,61,48,55,56,55,49,54,49,43,53,57,49,45,52
22,29,29,33,25,44,25,20,32,17,24,31,36,31,34,39,28,32,25,11,27,15,42,52,0,28,44,21,24,37,39,41,34,28,21,27,29,20,23,26,21,29,34,24,27,39,36,25,33,23,51,50,22,31,22,23,36,45,43,30,21,22,37,26,24,27,34,44,30,29,47,22,24,44,31,25,28,27,25,32,25,47,28,30,43,39,22,27,33,43,45,33,45,32,30,42,14,24,23,25,42,32,27,44,27,30,45,37,55,39,28,27,31,29,28,23,32,40,35,32,45,34,26,29,27,36,31,23,28,34,31,30,35,32,29,35,42,28,27,27,30,33,32,27,25,28,28,27,29,29,30,41,23,30,36,25,25,28,28,34,48,43,31,43,33,40,34,26,28,30,31,28,29,34,37,28,30,30,34,53,27,23,36,39,31,28,35,27
31,26,22,43,16,50,25,31,22,29,32,39,34,17,39,36,17,27,19,32,28,26,49,56,28,0,47,32,35,51,34,40,41,17,27,20,26,28,26,21,30,15,38,31,12,48,31,31,30,24,44,43,28,33,22,29,34,51,49,26,31,11,33,31,22,31,36,47,30,7,44,30,30,45,20,12,28,28,30,43,10,44,26,18,49,51,28,17,16,50,51,35,50,37,28,46,33,16,31,30,48,41,35,48,28,37,40,40,50,40,14,31,1,28,14,15,30,48,34,15,42,43,28,18,35,31,30,28,3,17,32,18,39,30,11,37,38,16,10,20,19,33,19,15,28,27,19,30,33,23,20,32,28,25,11,18,38,34,38,15,45,38,31,34,36,40,35,19,5,30,36,21,32,34,41,14,31,24,29,50,15,24,35,36,9,18,41,28
34,42,44,34,46,61,35,43,45,42,26,40,33,49,35,36,45,39,40,45,39,44,27,42,44,47,0,41,52,38,31,54,47,37,43,41,39,37,43,31,41,47,31,30,46,33,45,30,45,43,49,43,41,45,39,38,48,41,25,48,41,44,52,49,30,38,31,6,41,44,44,29,41,37,45,41,39,40,43,43,47,45,41,42,23,36,35,44,46,34,45,38,30,41,46,57,39,40,43,40,36,61,33,36,42,38,48,29,45,53,45,44,49,41,40,43,48,34,44,48,43,21,35,48,34,41,45,46,47,43,40,43,51,38,44,38,35,47,48,45,46,50,46,48,40,40,47,44,45,47,45,35,46,43,54,42,38,43,38,53,38,56,37,44,43,39,41,47,50,38,59,47,49,41,49,40,44,47,50,39,48,42,39,49,49,41,33,42
25,28,31,33,27,43,25,29,32,17,26,31,37,31,34,42,28,31,31,11,28,11,42,52,21,32,41,0,15,37,40,44,35,30,21,26,29,24,28,26,19,29,33,24,34,39,37,25,28,31,52,53,23,31,23,29,33,44,45,37,19,28,41,25,30,22,37,44,27,32,48,22,22,45,27,25,28,24,26,32,35,48,26,25,43,39,24,31,31,41,46,35,41,34,39,41,23,28,23,17,45,23,31,45,27,31,48,36,52,40,31,27,29,24,29,26,32,39,40,31,48,35,28,29,31,37,35,25,30,30,28,31,35,33,22,36,42,32,28,31,28,33,30,26,24,26,32,27,26,31,30,42,25,32,34,29,30,29,33,34,51,46,32,46,34,37,37,32,30,25,25,33,34,36,34,29,31,30,32,50,22,27,39,42,30,30,36,28
35,42,38,42,40,45,38,39,43,31,36,43,42,47,48,42,39,32,48,32,24,27,52,61,24,35,52,15,0,49,41,29,34,41,33,45,40,36,38,41,31,46,42,32,32,46,40,37,33,31,48,48,27,42,38,37,35,45,54,26,31,38,33,14,36,39,37,49,33,35,54,25,40,50,37,41,38,36,47,41,34,35,43,44,53,51,42,42,49,48,50,41,48,51,29,41,36,38,35,39,49,20,44,47,48,43,41,41,59,34,41,37,37,39,38,39,34,48,25,49,40,51,41,46,45,38,26,39,35,44,36,47,45,39,42,41,39,45,41,30,48,48,44,44,43,41,48,37,33,46,47,46,39,41,43,44,40,43,46,41,51,38,39,47,45,45,49,46,37,49,35,47,34,46,44,38,33,45,36,60,43,45,47,41,35,44,45,43
38,37,39,35,43,59,40,34,42,41,36,37,39,45,36,49,44,43,41,41,46,37,34,46,37,51,38,37,49,0,38,53,49,35,42,43,34,37,42,39,39,47,31,39,47,39,45,31,44,44,49,46,40,45,43,41,54,43,34,49,39,41,52,52,42,40,35,34,44,48,51,39,44,42,48,41,37,45,41,40,50,50,39,43,35,22,37,44,46,34,47,39,30,39,48,55,42,40,40,40,35,51,37,33,38,42,42,30,57,53,44,40,46,42,44,45,49,37,50,47,50,38,42,45,37,46,50,40,51,42,38,42,49,41,43,43,40,46,44,46,45,48,43,44,42,44,45,40,46,47,45,40,40,42,47,43,46,43,40,54,44,53,41,39,41,37,46,44,47,38,55,44,56,48,45,44,47,46,47,50,44,43,44,46,51,45,33,41
30,41,41,18,47,48,37,41,43,44,26,38,14,49,46,14,46,32,37,44,28,40,40,44,39,34,31,40,41,38,0,47,47,34,40,45,33,33,45,30,39,47,10,32,39,43,27,36,36,30,46,42,32,42,41,34,36,39,42,34,39,39,45,30,28,38,11,38,29,42,36,30,30,42,36,38,34,42,31,34,35,27,39,48,41,42,29,41,48,20,41,35,35,44,32,44,42,41,40,40,52,56,38,45,41,46,33,12,44,46,45,41,34,38,39,40,32,42,38,49,14,44,45,48,38,36,33,41,34,45,34,39,43,25,41,41,21,46,46,38,46,44,44,47,42,35,47,41,32,47,44,14,41,42,39,39,41,42,45,39,38,47,25,30,40,34,28,47,34,34,47,49,35,25,43,39,34,47,35,48,46,44,30,26,42,40,36,38
45,40,36,49,47,24,41,39,43,46,45,43,46,50,49,52,47,37,38,43,34,41,53,58,41,40,54,44,29,53,47,0,47,39,44,38,47,40,34,31,34,47,44,51,39,52,53,53,46,29,46,50,40,47,42,54,28,53,57,33,42,45,35,43,29,36,47,52,37,42,50,45,38,57,30,42,36,37,47,41,37,37,44,38,55,49,44,39,49,52,45,46,55,46,25,36,40,30,35,44,50,33,41,52,51,47,43,48,55,22,45,38,41,38,42,42,28,50,30,50,40,54,36,49,40,46,32,39,41,45,44,45,52,50,45,49,51,47,48,37,51,49,49,51,40,30,48,38,37,45,49,47,39,42,46,43,47,40,47,42,51,4,50,44,46,47,48,43,40,53,20,48,26,52,52,42,47,45,40,53,49,45,49,49,48,41,52,46
35,41,41,38,37,59,37,28,44,31,36,45,50,46,41,49,44,40,41,32,44,35,49,59,34,41,47,35,34,49,47,47,0,38,29,39,33,35,33,34,35,41,34,30,47,45,40,40,39,34,56,53,35,40,32,38,42,47,47,45,35,43,36,30,38,36,38,52,37,38,50,32,38,45,46,39,38,39,38,39,43,56,40,36,49,45,36,44,44,47,50,38,48,38,41,54,23,38,33,36,50,35,34,49,39,35,46,39,53,46,39,33,47,38,41,37,37,48,32,43,48,42,39,37,35,39,39,33,45,39,39,39,43,44,41,43,40,44,38,41,42,33,45,40,40,39,42,33,41,43,38,44,33,41,39,42,45,25,43,48,52,47,44,44,41,43,51,37,43,45,36,42,47,38,47,41,43,42,46,52,42,41,47,42,41,39,47,42
23,13,17,32,19,52,13,34,18,24,21,32,26,20,32,34,17,13,9,28,23,22,41,47,28,17,37,30,41,35,34,39,38,0,26,10,18,13,19,12,28,22,30,24,21,42,41,21,30,20,49,43,28,27,14,21,37,41,38,22,28,19,39,34,16,17,32,37,32,23,47,17,21,39,29,20,21,24,25,32,22,38,27,14,38,34,23,21,24,39,43,31,41,26,22,44,26,17,20,21,39,46,30,37,24,30,44,32,52,41,21,20,22,23,11,20,29,42,31,18,44,34,22,21,30,30,27,22,24,22,22,19,33,36,21,32,38,20,18,20,20,29,22,22,21,25,20,20,30,21,20,38,22,18,26,12,32,30,32,30,49,41,36,34,28,36,38,23,21,23,41,18,37,36,35,11,34,20,37,52,18,19,40,38,21,17,30,26
26,31,29,33,24,50,27,25,32,17,26,30,42,34,35,43,27,29,25,9,35,21,43,54,21,27,43,21,33,42,40,44,29,26,0,25,29,23,24,23,13,29,32,27,34,41,40,23,33,27,51,52,22,24,20,27,40,47,47,37,13,22,36,27,31,26,37,46,26,28,49,18,23,46,22,27,17,23,28,34,34,47,28,26,45,43,24,31,31,47,45,35,47,33,37,48,17,28,25,18,46,29,31,46,22,29,47,36,53,42,31,25,27,24,30,23,35,43,26,32,49,36,22,26,31,36,37,25,29,30,27,33,36,36,30,32,42,30,25,30,28,34,30,26,24,23,30,25,31,32,28,43,25,30,38,30,28,23,31,36,50,47,35,45,38,39,36,28,30,31,31,31,36,36,38,30,38,31,34,53,24,27,38,39,31,29,38,27
21,13,17,28,19,57,17,30,21,25,27,31,41,25,34,35,19,20,15,29,32,27,39,46,27,20,41,26,45,43,45,38,39,10,25,0,20,17,14,14,26,22,32,22,28,38,42,25,33,27,50,44,37,31,12,24,38,44,39,33,26,21,45,31,25,18,31,37,37,20,44,20,20,37,32,18,20,21,25,32,17,45,26,23,39,41,26,24,22,39,46,25,41,35,33,49,31,11,23,10,41,49,29,39,31,31,49,32,48,50,22,23,21,18,21,18,36,40,36,25,51,36,26,21,29,39,38,23,26,21,26,22,37,38,21,29,43,22,17,27,19,35,21,19,16,20,20,23,33,22,23,45,23,19,23,14,37,27,35,22,49,42,37,40,28,32,39,26,21,29,40,23,38,43,38,21,40,22,36,48,19,13,37,39,26,19,32,26
22,26,28,25,31,46,18,32,27,28,22,32,34,30,34,39,29,23,21,30,31,26,35,51,29,26,39,29,40,34,33,47,33,18,29,20,0,15,28,24,28,30,34,20,30,37,38,22,37,29,45,44,25,36,22,20,45,45,34,40,28,30,44,32,28,21,27,35,37,30,48,22,25,36,38,28,23,14,29,34,31,45,27,26,38,40,29,28,33,37,45,33,39,28,40,44,29,27,25,24,38,46,31,38,29,31,48,30,51,53,29,22,32,21,26,30,42,38,40,28,50,32,21,33,31,38,41,23,34,26,15,24,36,42,31,28,36,33,31,29,33,38,28,33,22,22,27,22,35,29,28,38,23,26,31,29,29,32,30,30,46,48,42,36,32,30,40,30,32,21,45,30,45,32,42,26,33,32,40,51,33,28,42,36,37,27,32,27
21,20,24,28,27,48,14,31,23,27,22,36,31,24,34,37,25,17,18,22,28,24,37,51,20,28,37,24,36,37,33,40,35,13,23,17,15,0,25,17,26,26,32,20,28,39,41,21,36,31,48,47,26,35,19,20,38,43,37,33,26,24,41,33,31,20,32,37,28,23,48,22,20,41,28,24,16,18,30,28,27,44,26,19,39,37,24,24,26,39,43,33,39,28,33,42,31,20,26,20,39,45,28,39,33,30,43,28,48,34,24,23,27,18,17,26,28,42,28,25,44,30,18,29,28,36,32,21,25,22,18,22,37,38,25,26,38,25,27,25,28,33,22,29,14,16,24,23,34,27,23,42,21,23,33,21,30,32,30,27,45,40,38,36,32,34,36,28,29,27,40,24,34,38,36,17,35,26,39,48,29,24,38,38,34,22,33,26
33,4,8,36,24,53,21,30,23,23,28,37,33,27,30,41,20,31,14,21,20,27,46,49,23,26,43,28,38,42,45,34,33,19,24,14,28,25,0,13,28,26,37,32,24,43,38,25,35,27,52,43,32,36,23,27,37,45,42,21,28,24,46,36,25,25,35,43,34,18,53,29,17,41,35,25,24,27,28,32,26,53,30,20,42,42,25,21,24,43,45,36,43,36,25,47,23,10,21,23,40,52,36,47,23,43,45,32,57,47,21,21,23,24,17,23,30,43,38,25,51,42,25,26,36,41,42,15,25,17,32,25,37,40,21,39,43,23,24,19,21,33,23,24,26,26,21,21,35,25,22,41,15,22,18,17,36,31,39,22,54,43,39,37,34,35,43,17,23,35,44,23,35,43,39,17,42,27,44,57,17,22,43,39,24,18,39,30
15,13,13,24,20,54,13,29,19,29,17,34,30,21,30,30,21,19,13,26,27,24,31,49,26,21,31,26,41,39,30,31,34,12,23,14,24,17,13,0,28,22,24,17,25,38,42,21,38,22,50,49,28,33,12,19,33,43,34,28,28,21,42,34,6,23,26,33,28,22,48,12,17,43,31,18,17,21,23,34,22,38,25,14,34,38,23,21,19,33,41,32,33,32,24,46,30,13,24,19,41,48,28,43,28,28,48,24,52,39,19,18,27,21,14,21,29,40,33,22,44,28,23,25,29,32,27,18,25,19,27,14,40,39,20,32,34,21,20,22,21,31,21,23,21,23,20,18,36,24,20,40,18,18,29,15,30,32,30,27,45,42,38,38,34,34,36,21,24,17,41,21,35,36,38,14,32,20,40,52,21,15,38,36,23,17,26,25
25,28,31,33,28,43,25,29,32,17,26,31,37,31,34,42,28,31,31,11,28,11,42,52,21,30,41,19,31,39,39,34,35,28,13,26,28,26,28,28,0,29,30,26,35,39,37,25,32,33,52,51,21,31,24,27,36,48,43,35,11,23,45,31,30,23,37,44,29,32,48,20,26,44,28,25,28,24,26,32,33,48,28,29,43,39,20,27,34,45,48,33,45,32,35,41,15,24,23,27,45,40,27,45,27,31,46,34,54,40,29,27,29,29,28,23,38,40,34,32,46,34,26,28,27,37,33,23,28,34,32,33,36,33,23,36,41,28,22,31,26,33,32,28,25,25,30,27,28,30,30,40,23,31,34,29,28,29,31,29,49,46,32,44,33,41,35,32,26,30,37,29,35,37,37,28,33,30,37,52,27,27,37,40,31,30,34,25
34,19,19,39,18,60,25,33,4,30,33,39,48,8,35,50,20,30,18,32,33,29,49,56,29,15,47,29,46,47,47,47,41,22,29,22,30,26,26,22,29,0,39,34,22,47,43,34,38,33,56,56,39,34,25,30,42,49,47,40,32,20,41,40,32,26,41,47,42,15,57,32,27,49,32,22,32,32,30,38,25,52,31,17,47,48,29,17,11,48,48,39,49,36,39,52,32,22,28,26,45,53,39,44,29,40,55,38,58,50,19,26,22,32,22,20,42,48,44,8,53,43,32,20,39,41,40,27,17,21,36,22,42,43,20,40,48,12,17,34,24,38,16,18,24,27,2,26,38,23,9,49,27,18,21,15,39,33,38,23,59,43,43,47,39,39,43,21,18,31,49,8,39,48,44,22,38,13,44,58,17,16,42,48,20,13,43,30
26,35,35,10,36,52,34,34,37,32,20,36,10,36,34,22,37,22,33,33,33,30,35,47,34,38,31,33,42,31,10,44,34,30,32,32,34,32,37,24,30,39,0,24,38,37,35,29,43,31,52,52,40,40,32,26,46,42,36,34,27,32,44,40,29,36,8,36,31,39,46,24,26,39,31,32,27,32,28,30,38,37,33,33,34,32,25,35,36,20,41,20,30,26,42,46,34,35,34,32,47,53,21,42,32,31,45,17,48,43,34,35,36,26,33,32,37,36,38,35,32,31,33,39,22,41,40,35,39,35,29,31,35,35,33,30,21,39,37,38,37,36,33,37,33,30,38,35,34,40,38,26,35,34,38,35,31,34,33,40,42,51,35,38,26,30,38,34,36,26,48,35,40,31,40,33,42,38,35,52,37,35,36,35,43,34,16,33
4,30,31,26,32,49,23,27,27,22,12,38,27,30,32,36,32,24,27,26,27,21,30,47,24,31,30,24,32,39,32,51,30,24,27,22,20,20,32,17,26,34,24,0,33,39,41,19,35,31,51,49,24,32,22,26,44,48,34,38,23,27,42,33,21,25,30,35,29,29,47,11,26,36,38,27,23,25,27,27,27,41,24,28,34,38,21,31,31,37,47,29,37,29,41,42,26,27,24,30,42,39,27,42,24,27,42,26,52,40,30,24,32,22,25,29,39,43,33,32,46,25,19,34,27,38,41,25,27,29,26,27,39,41,30,33,34,34,32,31,30,37,32,32,25,25,34,24,31,33,31,38,25,29,32,26,36,22,37,33,41,44,41,38,25,35,38,33,31,25,47,29,44,34,40,25,30,32,40,54,32,27,38,39,36,26,25,26
32,22,24,37,16,47,32,33,20,30,34,39,35,19,38,35,15,28,20,34,29,33,49,54,27,12,46,34,32,47,39,39,47,21,34,28,30,28,24,25,35,22,38,33,0,47,33,35,30,25,42,44,28,39,28,29,35,46,49,29,33,12,30,30,19,27,38,47,26,20,42,31,29,47,25,19,31,31,31,38,6,43,30,19,46,47,31,16,19,47,48,35,47,40,29,43,34,25,24,29,47,40,39,47,31,40,43,42,45,39,6,29,14,29,20,9,31,47,33,21,41,41,33,9,39,28,31,28,14,18,31,12,39,32,10,42,35,18,15,21,15,37,15,16,29,29,24,29,28,20,22,33,27,21,10,17,37,40,37,10,44,39,31,35,38,41,33,20,12,31,37,18,35,39,41,20,30,22,33,45,13,27,33,35,8,21,42,30
39,42,44,36,44,51,39,41,44,42,35,37,36,48,36,47,46,48,43,46,44,38,34,44,39,48,33,39,46,39,43,52,45,42,41,38,37,39,43,38,39,47,37,39,47,0,36,39,44,44,46,50,42,48,42,42,51,36,38,46,40,42,45,43,40,42,39,33,45,43,32,40,44,34,44,44,41,42,42,39,46,36,40,42,40,41,40,45,46,33,38,40,29,40,45,49,43,44,41,44,39,57,40,36,44,41,47,36,44,56,45,40,48,39,39,45,48,18,51,47,43,36,39,48,39,49,48,44,44,46,45,45,49,34,42,44,41,48,46,44,47,47,45,46,44,42,48,40,44,45,46,46,44,43,54,42,41,42,35,53,49,52,35,46,38,38,44,47,49,41,57,46,45,45,49,39,51,48,51,44,46,46,41,46,50,40,36,40
40,45,44,38,44,41,41,32,41,41,36,34,26,50,41,34,45,39,41,40,38,37,45,57,36,31,45,37,40,45,27,53,40,41,40,42,38,41,38,42,37,43,35,41,33,36,0,38,35,36,44,35,32,44,43,43,32,43,45,34,37,39,36,35,29,39,38,43,37,39,37,40,41,41,31,43,39,42,48,38,32,40,42,44,49,43,39,41,45,48,43,34,46,40,38,39,40,41,39,38,40,37,30,41,43,36,29,38,44,47,39,39,31,38,37,42,36,39,32,51,30,49,42,45,30,36,41,38,32,43,44,41,43,16,41,38,31,43,43,30,42,38,47,44,43,35,48,39,33,43,47,19,38,40,41,37,36,36,38,33,44,53,18,30,40,35,28,45,31,44,43,43,38,27,49,36,34,43,35,46,41,42,25,29,45,36,36,42
18,28,26,27,28,45,18,34,28,21,20,35,29,33,25,27,27,21,24,30,32,19,38,42,25,31,30,25,37,31,36,53,40,21,23,25,22,21,25,21,25,34,29,19,35,39,38,0,30,30,46,45,32,32,27,20,47,46,40,35,27,28,40,37,26,28,29,34,27,31,50,20,30,38,28,29,27,20,26,25,33,34,23,23,38,31,25,32,32,42,47,31,42,31,41,37,33,28,28,28,40,41,29,37,22,29,41,31,53,46,31,19,31,24,23,29,39,42,39,31,45,35,23,30,29,32,39,18,29,31,24,28,36,35,30,31,34,33,27,34,29,32,32,31,26,28,33,19,32,31,30,37,18,29,35,22,31,31,29,34,48,51,35,37,29,37,35,32,32,20,45,30,43,35,36,23,30,32,37,49,27,26,35,37,39,29,31,21
34,35,31,38,40,47,35,35,35,40,36,33,27,45,43,36,41,37,33,35,22,28,46,50,33,30,45,28,33,44,36,46,39,30,33,33,37,36,35,38,32,38,43,35,30,44,35,30,0,25,41,48,26,36,40,24,40,46,44,28,25,28,38,28,33,30,38,44,25,34,41,37,33,47,34,31,33,42,34,37,31,40,35,29,47,45,38,26,44,45,43,35,44,47,30,41,33,38,28,30,45,51,39,41,34,35,43,47,47,44,36,34,33,33,29,33,42,44,39,42,44,37,38,41,39,24,30,33,26,36,33,38,37,28,30,35,37,40,39,26,37,31,41,40,34,38,37,34,10,39,41,35,33,31,36,36,30,38,30,34,46,42,27,39,37,37,33,30,33,20,51,43,33,31,41,29,20,40,36,47,42,43,33,35,36,34,37,36
30,24,24,31,31,40,36,33,25,27,26,32,34,28,30,34,30,30,21,31,17,27,48,49,23,24,43,31,31,44,30,29,34,20,27,27,29,31,27,22,33,33,31,31,25,44,36,30,25,0,47,43,24,30,29,25,31,39,49,18,26,25,33,25,12,19,32,44,23,22,47,26,17,43,21,26,23,22,31,34,21,44,25,30,47,43,30,25,29,40,41,36,44,30,26,34,29,21,25,27,43,33,39,42,23,27,44,37,46,33,27,31,20,21,23,26,23,42,21,29,42,38,26,32,39,21,23,22,20,27,28,31,38,40,25,32,40,33,32,8,30,32,29,35,27,21,29,31,29,33,31,38,22,24,27,24,29,30,31,20,47,33,40,32,34,34,32,31,24,32,33,35,33,32,41,23,21,32,36,48,28,30,34,32,26,24,35,29
51,50,48,52,54,47,49,50,53,50,51,51,38,54,38,43,53,51,49,53,47,52,51,51,51,44,49,52,48,49,46,46,56,49,51,50,45,48,52,50,52,56,52,51,42,46,44,46,41,47,0,29,42,58,50,48,47,45,50,48,47,48,57,51,44,51,52,43,44,50,36,49,53,47,37,52,46,53,53,48,44,40,49,51,43,46,48,44,58,45,42,47,43,45,44,46,52,48,48,53,39,55,45,40,47,47,44,45,35,48,50,50,43,44,47,53,50,41,47,56,42,50,53,55,45,47,50,50,47,53,54,51,56,41,50,42,39,56,53,43,55,57,56,56,51,45,56,50,49,59,54,43,50,51,55,47,48,44,46,43,29,50,41,33,46,42,37,54,45,53,52,52,50,41,61,48,45,59,52,33,53,52,41,40,55,50,42,49
48,41,45,52,50,50,49,49,53,49,46,48,38,57,36,43,51,55,48,52,41,51,48,40,50,43,43,53,48,46,42,50,53,43,52,44,44,47,43,49,51,56,52,49,44,50,35,45,48,43,29,0,45,53,51,52,46,49,45,44,52,48,54,50,43,44,53,48,42,50,28,49,54,50,43,53,53,51,47,43,42,40,49,46,45,42,49,48,58,48,46,47,46,38,40,42,51,45,46,47,34,56,37,31,46,42,50,50,29,52,48,44,43,52,49,53,44,51,49,56,44,44,51,53,35,45,42,46,48,50,51,50,56,39,50,41,44,58,49,37,49,55,52,50,49,51,56,44,47,56,51,42,46,51,53,53,55,48,47,44,32,51,39,34,41,44,45,50,43,51,48,53,49,35,62,49,47,57,48,24,49,50,43,32,52,49,45,49
25,33,35,41,36,42,33,26,34,25,29,29,28,39,34,33,39,35,31,24,16,19,43,53,22,28,41,23,27,40,32,40,35,28,22,37,25,26,32,28,21,39,40,24,28,42,32,32,26,24,42,45,0,37,38,38,34,44,47,31,19,32,35,18,24,26,32,44,26,34,41,26,33,48,25,29,31,33,31,34,28,43,30,33,42,41,26,30,38,45,41,31,45,34,31,34,14,32,25,26,45,27,30,45,36,36,39,38,51,38,36,27,29,29,31,31,30,42,35,35,41,36,33,39,31,27,33,27,32,36,26,34,37,28,32,35,38,39,37,25,37,35,37,40,30,27,36,27,23,35,42,35,27,34,30,30,30,30,31,34,46,42,27,39,38,32,32,30,28,35,22,39,33,28,43,31,22,39,33,49,37,33,32,29,34,31,37,28
31,32,36,39,28,57,34,34,36,28,33,36,47,41,33,42,30,30,29,30,33,31,47,49,31,33,45,31,42,45,42,47,40,27,24,31,36,35,36,33,31,34,40,32,39,48,44,32,36,30,58,53,37,0,28,24,41,49,44,37,17,34,48,30,34,24,34,42,41,27,54,28,31,41,37,30,29,31,20,29,39,52,33,34,40,38,28,37,39,46,47,34,46,33,34,50,32,30,31,31,46,53,28,40,34,35,50,34,59,45,36,28,32,31,27,35,37,49,33,38,51,44,30,32,29,33,36,27,35,34,35,36,28,36,27,35,44,36,27,38,26,22,34,28,28,31,38,28,31,39,39,45,27,33,38,30,33,39,33,33,54,50,35,44,30,44,46,36,38,28,47,35,36,44,26,27,41,37,42,59,28,30,42,43,40,27,39,30
21,17,21,25,22,57,15,27,23,25,25,33,39,21,34,36,17,18,15,24,30,22,37,51,22,22,39,23,38,43,41,42,32,14,20,12,22,19,23,12,24,25,32,22,28,42,43,27,40,29,50,51,38,28,0,29,42,46,39,35,26,21,45,36,27,26,31,41,38,20,51,23,20,43,34,22,16,15,29,32,22,47,28,17,41,43,26,24,21,41,46,36,41,34,27,47,29,15,27,24,43,47,34,45,27,27,47,32,55,50,20,22,26,14,15,24,34,42,42,22,47,38,13,25,34,39,30,18,32,23,28,21,35,44,23,33,43,27,23,21,23,35,21,23,24,22,21,22,40,21,23,39,18,23,26,14,33,32,33,22,45,44,43,40,30,38,39,22,26,28,42,24,40,41,39,15,39,23,39,55,23,15,45,37,27,22,36,30
24,25,25,28,32,57,28,25,30,28,24,35,24,30,27,38,29,22,20,34,34,24,37,44,23,29,38,29,37,41,34,54,38,21,27,24,20,20,27,19,27,30,26,26,29,42,43,20,24,25,48,52,38,24,29,0,45,44,38,40,27,27,41,34,24,22,32,36,36,26,51,21,23,44,34,27,23,23,24,28,34,36,29,32,38,40,24,28,32,38,47,35,38,33,35,47,33,32,29,24,42,59,31,40,22,27,44,19,47,50,30,28,31,24,28,25,33,41,46,32,43,31,22,33,31,28,41,26,31,33,25,29,40,44,28,31,31,32,31,34,32,30,27,32,22,24,31,28,20,33,28,30,26,26,38,30,31,36,31,33,46,48,43,37,33,33,37,29,32,4,46,30,41,39,32,28,28,32,37,53,33,28,35,39,36,30,25,26
43,34,28,47,41,44,43,39,40,40,38,43,34,46,44,38,39,35,34,32,22,33,54,51,36,34,48,33,35,54,36,28,42,37,40,38,45,38,37,33,36,42,46,44,35,51,32,47,40,31,47,46,34,41,42,45,0,47,45,23,35,39,32,27,29,26,42,44,26,35,50,40,34,50,18,34,30,37,37,41,33,36,40,36,48,46,40,37,41,48,45,41,53,42,23,30,41,32,31,36,52,39,36,46,38,44,28,46,50,26,39,30,33,30,32,38,20,43,22,42,38,46,42,43,36,35,20,31,33,39,34,39,41,35,39,40,45,42,40,27,43,49,41,43,30,30,43,30,36,39,41,37,31,39,38,33,44,40,43,35,45,29,35,33,37,41,35,33,34,39,28,45,12,39,48,32,36,40,32,50,39,41,35,42,42,33,39,43
48,44,46,47,44,48,46,46,46,50,39,34,33,54,38,42,44,44,46,44,45,46,49,46,45,51,41,44,45,43,39,53,47,41,47,44,45,43,45,43,48,49,42,48,46,36,43,46,46,39,45,49,44,49,46,44,47,0,46,44,40,47,50,41,43,45,40,44,41,45,43,50,43,37,44,47,44,48,44,45,46,48,49,49,43,45,49,46,51,35,12,48,42,35,44,44,47,44,40,42,39,55,45,41,46,39,54,42,49,52,45,38,48,46,46,47,44,41,46,49,42,40,47,48,45,53,44,42,47,49,40,47,55,40,48,37,42,53,48,43,48,52,48,48,44,44,51,38,48,52,48,46,42,49,48,48,26,42,30,49,48,42,40,44,42,39,31,51,48,44,47,50,44,38,56,46,46,50,45,39,48,47,31,44,49,47,42,49
31,43,43,38,47,59,39,44,42,41,32,43,37,46,34,42,46,38,41,45,43,45,20,47,43,49,25,45,54,34,42,57,47,38,47,39,34,37,42,34,43,47,36,34,49,38,45,40,44,49,50,45,47,44,39,38,45,46,0,49,43,43,47,49,32,41,42,33,40,46,45,30,38,35,44,41,39,40,35,33,43,52,43,42,33,32,34,44,47,34,47,39,34,35,49,50,43,42,37,45,39,62,40,38,48,44,48,34,51,51,44,38,49,39,41,41,47,36,49,49,50,22,42,48,40,41,48,42,47,44,41,38,50,42,43,45,36,48,47,50,47,50,44,47,43,40,47,38,42,48,45,43,42,45,52,43,42,44,40,52,39,58,41,43,37,39,46,44,49,38,59,43,50,40,50,41,49,47,49,49,47,40,42,40,51,42,33,43
37,23,29,42,39,40,34,30,40,34,37,37,30,37,36,39,33,32,30,35,29,31,47,58,30,26,48,37,26,49,34,33,45,22,37,33,40,33,21,28,35,40,34,38,29,46,34,35,28,18,48,44,31,37,35,40,23,44,49,0,36,27,34,27,20,25,42,45,29,33,47,39,23,47,33,34,29,30,33,32,25,32,32,34,54,52,30,31,39,51,45,28,51,34,12,32,36,15,30,31,43,31,32,46,32,37,28,42,51,19,31,29,25,31,26,32,17,43,19,38,32,46,27,39,32,29,23,27,29,33,31,31,43,33,31,35,41,40,36,6,37,44,39,37,29,35,38,29,28,35,39,35,27,32,32,32,38,32,31,29,50,33,33,38,27,39,36,35,24,36,29,38,21,29,46,26,29,33,29,51,33,30,34,35,38,29,38,35
25,28,31,33,28,43,25,29,32,17,26,31,37,31,34,42,28,31,31,11,28,11,42,52,21,31,41,19,31,39,39,42,35,28,13,26,28,26,28,28,11,32,27,23,33,40,37,27,25,26,47,52,19,17,26,27,35,40,43,36,0,28,41,25,30,26,35,44,27,32,48,21,26,45,27,24,24,26,22,32,35,48,26,25,43,39,24,31,31,41,46,35,41,34,39,41,23,28,23,27,45,23,31,45,27,31,50,36,52,42,31,27,29,25,29,27,32,39,37,31,48,35,23,32,31,37,35,25,30,30,28,31,31,33,25,34,43,32,27,31,27,32,30,25,20,26,32,27,26,31,30,42,25,32,34,29,30,29,33,34,51,46,32,46,34,37,37,32,31,25,25,33,34,36,31,29,31,30,32,50,22,27,39,42,31,30,36,28
28,16,16,35,10,49,27,37,16,28,29,30,37,18,37,41,15,25,16,27,29,23,43,50,22,11,44,28,38,41,39,45,43,19,22,21,30,24,24,21,23,20,32,27,12,42,39,28,28,25,48,48,32,34,21,27,39,47,43,27,28,0,40,28,23,24,34,45,32,15,48,24,26,44,33,13,22,25,26,35,14,47,28,12,43,45,25,15,21,45,45,34,45,33,33,43,29,22,27,24,42,46,33,42,27,32,45,36,55,41,9,28,6,24,18,11,31,42,35,21,45,37,31,14,33,34,33,28,8,9,33,11,34,38,6,30,41,20,5,29,8,34,11,14,24,24,18,28,28,14,15,39,28,19,17,16,34,33,34,17,50,41,37,39,35,40,39,9,15,29,35,18,39,39,40,18,35,18,40,55,13,26,39,43,19,12,39,28
41,46,42,45,38,49,42,42,42,38,35,41,38,42,45,39,43,37,36,38,27,40,52,61,37,33,52,41,33,52,45,35,36,39,36,45,44,41,46,42,45,41,44,42,30,45,36,40,38,33,57,54,35,48,45,41,32,50,47,34,41,40,0,33,27,36,47,47,31,41,51,37,38,50,22,42,40,42,39,43,30,49,48,36,54,51,40,37,41,54,51,41,53,39,30,49,43,42,41,35,49,54,42,48,38,43,52,46,54,43,35,43,35,46,33,36,32,53,36,42,46,51,44,38,43,39,28,41,32,43,44,41,45,37,40,47,40,45,37,31,40,44,38,38,37,36,45,43,32,44,36,43,41,43,36,36,42,39,41,36,50,46,38,38,41,45,35,39,33,43,36,35,28,30,51,32,35,45,43,53,41,37,36,29,29,42,44,44
34,38,32,45,32,41,36,27,37,31,33,38,29,41,45,30,35,26,36,30,21,29,46,52,26,31,49,25,14,52,30,43,30,34,27,31,32,33,36,34,31,40,40,33,30,43,35,37,28,25,51,50,18,30,36,34,27,41,49,27,25,28,33,0,23,35,37,50,22,30,49,26,32,42,27,31,33,33,35,43,30,40,34,38,48,49,31,36,39,47,42,36,44,36,30,42,28,33,27,37,47,16,32,48,25,39,43,41,56,39,41,32,31,27,29,33,23,49,31,41,44,41,44,42,32,34,32,33,30,36,28,39,38,31,34,41,37,40,33,24,40,36,38,36,37,29,41,32,22,42,41,36,33,36,38,33,32,38,36,33,48,37,30,40,34,37,35,36,31,35,23,40,28,28,40,29,35,40,31,55,33,32,37,43,33,31,31,32
20,15,21,30,33,46,28,27,28,26,19,40,24,27,32,24,28,23,19,29,23,30,32,52,24,22,30,30,36,42,28,29,38,16,31,25,28,31,25,6,30,32,29,21,19,40,29,26,33,12,44,43,24,34,27,24,29,43,32,20,30,23,27,23,0,25,31,30,19,23,38,23,15,46,19,26,19,24,28,39,17,34,31,26,41,43,22,27,29,38,45,32,42,30,26,42,29,17,29,29,46,46,27,41,23,31,36,35,46,35,31,25,21,21,21,28,23,39,21,28,32,33,23,32,27,21,29,25,21,31,21,23,40,29,25,39,26,33,32,12,32,32,28,33,27,29,31,25,28,31,35,24,25,25,30,24,36,34,36,18,37,41,28,32,35,36,32,27,22,25,37,34,31,30,41,21,32,29,32,46,34,26,32,30,26,20,29,33
24,22,22,37,25,50,21,33,24,26,25,26,29,26,27,38,24,25,20,25,14,23,41,44,27,31,38,22,39,40,38,36,36,17,26,18,21,20,25,23,23,26,36,25,27,42,39,28,30,19,51,44,26,24,26,22,26,45,41,25,26,24,36,35,25,0,31,38,20,28,49,19,16,38,24,26,16,21,26,32,27,46,25,26,41,43,26,26,29,46,43,30,46,25,29,44,29,24,23,10,37,46,29,37,16,31,48,34,52,36,27,16,24,20,20,22,12,42,26,27,44,33,21,29,30,28,16,18,28,27,25,27,37,38,26,29,38,26,26,25,27,30,25,25,8,18,26,16,32,31,28,40,18,22,28,21,31,36,29,27,51,34,38,34,27,41,38,24,30,28,30,24,28,30,33,20,35,27,35,52,24,23,36,32,28,25,34,21
30,37,37,2,37,55,27,36,40,38,22,35,19,41,36,19,37,24,35,36,33,37,39,48,34,36,31,37,37,35,11,47,38,32,37,31,27,32,35,26,37,41,8,30,38,39,38,29,38,32,52,53,32,34,31,32,42,40,42,42,35,34,47,37,31,31,0,35,29,35,45,27,23,42,35,28,27,31,32,28,39,38,35,36,38,35,27,36,39,18,39,33,29,38,36,51,36,37,37,29,48,50,36,41,34,21,38,6,53,46,35,37,42,31,37,36,38,37,38,40,25,36,31,37,36,36,43,37,42,33,29,31,43,36,39,27,26,42,37,38,35,39,35,37,29,33,42,37,37,41,39,25,37,38,37,35,23,30,28,34,47,54,36,41,32,30,43,39,40,26,50,40,45,36,37,37,27,42,44,57,37,40,43,35,40,38,18,35
34,42,44,34,46,55,35,43,45,42,26,38,33,49,33,35,45,39,40,46,41,44,29,40,44,47,6,44,49,34,38,52,52,37,46,37,35,37,43,33,44,47,36,35,47,33,43,34,44,44,43,48,44,42,41,36,44,44,33,45,44,45,47,50,30,38,35,0,41,44,45,29,41,33,43,41,37,40,43,43,47,39,41,42,25,32,39,44,46,32,45,39,30,41,45,53,39,40,43,40,33,57,33,37,42,38,50,29,47,56,45,44,49,41,40,43,46,32,43,48,43,23,35,48,35,41,45,46,47,43,40,43,53,36,44,38,35,47,48,43,46,50,46,48,40,40,47,44,47,47,45,37,46,43,54,42,40,41,36,53,40,57,35,44,43,39,43,47,50,38,59,47,49,41,47,40,44,47,49,41,48,42,41,49,49,41,29,42
30,31,31,40,40,42,37,30,35,36,31,36,32,35,37,36,33,26,35,33,24,31,45,50,30,30,41,27,33,44,29,37,37,32,26,37,37,28,34,28,29,42,31,29,26,45,37,27,25,23,44,42,26,41,38,36,26,41,40,29,27,32,31,22,19,20,29,41,0,37,48,22,34,46,23,33,30,32,34,28,24,38,28,33,47,45,36,30,36,49,40,25,45,31,30,39,26,34,25,34,45,33,31,49,30,33,41,39,47,35,36,26,29,29,35,33,28,45,31,36,36,39,32,39,31,17,27,24,32,36,28,32,35,31,34,33,31,40,39,23,39,32,36,40,32,29,39,26,22,40,41,37,24,32,37,33,33,21,28,30,46,36,31,31,32,41,36,34,30,38,40,41,34,32,40,35,22,38,31,47,37,37,30,37,33,33,36,29
29,25,20,35,15,51,29,34,23,28,33,36,38,22,36,40,23,25,20,30,33,32,46,53,29,7,44,32,35,48,42,42,38,23,28,20,30,23,18,22,32,15,39,29,20,43,39,31,34,22,50,50,34,27,20,26,35,45,46,33,32,15,41,30,23,28,35,44,37,0,50,25,27,41,28,20,27,27,31,35,16,49,24,19,45,47,27,19,22,47,45,39,47,36,32,46,29,23,28,26,43,45,35,43,32,35,48,38,55,45,18,26,8,29,18,20,38,44,38,22,48,41,30,19,35,33,37,28,5,22,30,18,37,38,13,34,45,17,15,25,19,35,22,15,27,23,17,26,33,23,23,43,28,20,9,13,38,33,34,23,53,46,38,41,35,42,43,24,9,28,42,16,36,36,39,18,31,21,42,55,15,20,41,41,19,9,41,24
44,52,52,44,56,57,43,48,50,54,49,35,38,54,46,38,53,50,49,51,43,48,40,38,47,44,44,48,54,51,36,50,50,47,49,44,48,48,53,48,48,57,46,47,42,32,37,50,41,47,36,28,41,54,51,51,50,43,45,47,48,48,51,49,38,49,45,45,48,50,0,49,51,51,41,52,50,55,52,49,44,43,51,50,41,39,50,48,57,37,38,50,43,49,48,49,52,51,48,51,50,55,49,41,49,45,47,48,36,50,50,46,43,50,46,53,50,47,48,57,39,46,53,55,49,50,48,52,46,53,53,49,56,35,54,47,40,57,53,41,55,55,57,56,51,49,55,46,42,59,53,38,52,51,54,47,46,50,34,43,41,53,35,38,49,45,31,54,45,52,49,51,52,38,58,47,49,56,50,35,53,51,27,37,55,47,46,51
11,27,29,26,28,54,19,24,27,22,15,33,25,28,31,28,28,8,26,26,29,20,30,50,22,30,29,22,25,39,30,45,32,17,18,20,22,22,29,12,20,32,24,11,31,40,40,20,37,26,49,49,26,28,23,21,40,50,30,39,21,24,37,26,23,19,27,29,22,25,49,0,22,41,34,25,21,22,22,32,26,37,21,22,38,40,18,29,28,35,46,29,35,32,35,44,27,24,23,26,43,25,24,42,29,28,44,26,55,39,29,23,29,19,24,26,33,42,27,28,42,27,22,28,24,32,34,21,27,25,30,27,37,42,26,31,32,30,28,29,27,33,28,30,25,26,31,23,33,30,30,38,21,26,31,22,34,23,35,29,43,43,42,38,34,32,41,31,29,20,43,28,43,32,34,24,32,31,38,55,30,24,41,38,35,27,27,22
26,22,26,33,25,50,19,30,26,24,23,32,31,31,31,40,24,21,18,28,32,28,38,50,24,30,41,22,40,44,30,38,38,21,23,20,25,20,17,17,26,27,26,26,29,44,41,30,33,17,53,54,33,31,20,23,34,43,38,23,26,26,38,32,15,16,23,41,34,27,51,22,0,48,24,24,16,15,33,34,27,42,22,24,37,41,27,29,26,40,39,36,38,32,29,46,28,22,22,22,44,53,33,46,25,31,46,25,52,40,27,16,27,16,21,24,28,39,28,29,46,33,17,27,35,32,33,17,28,28,29,27,38,34,25,27,34,26,25,23,29,33,24,27,16,18,29,16,40,32,24,34,17,25,26,23,29,36,29,27,47,46,34,34,38,35,38,26,31,20,36,28,32,32,42,21,37,25,36,52,22,19,36,40,26,23,32,26
36,36,38,37,46,59,39,43,43,42,39,37,43,48,35,46,43,42,40,43,44,44,37,46,44,45,37,45,50,42,42,57,45,39,46,37,36,41,41,43,44,49,39,36,47,34,41,38,47,43,47,50,48,41,43,44,50,37,35,47,45,44,50,42,46,38,42,33,46,41,51,41,48,0,44,45,42,43,43,17,43,52,40,40,38,38,45,42,47,38,44,37,39,37,50,49,46,36,27,39,34,61,29,38,37,38,45,39,47,52,47,31,44,40,40,44,47,42,53,49,49,40,43,48,30,40,57,34,44,44,45,45,47,45,43,34,44,48,46,36,44,47,45,46,38,40,48,31,49,47,40,44,34,42,47,39,41,43,39,51,43,56,45,37,13,45,44,44,45,44,49,45,53,35,50,40,47,47,51,43,43,45,42,42,51,41,38,43
38,30,30,37,35,48,29,33,31,33,32,39,37,37,41,29,32,35,26,23,20,32,42,47,31,20,45,27,37,48,36,30,46,29,22,32,38,28,35,31,28,32,31,38,25,44,31,28,34,21,37,43,25,37,34,34,18,44,44,33,27,33,22,27,19,24,35,43,23,28,41,34,24,44,0,30,30,37,33,38,25,42,35,30,52,47,38,33,37,44,49,37,48,41,37,40,34,30,26,26,48,41,37,48,37,41,46,37,46,38,31,27,24,30,22,32,24,48,26,40,42,42,31,32,38,32,20,30,25,31,29,31,45,32,33,35,34,31,32,21,34,39,37,37,24,24,35,27,30,34,31,36,30,29,33,23,38,40,40,25,41,38,32,30,39,40,32,29,24,36,32,37,26,34,47,22,29,32,28,46,34,35,32,28,34,23,37,36
27,22,20,32,11,54,22,33,18,27,27,34,40,21,34,40,11,27,20,29,30,25,41,51,25,12,41,25,41,41,38,42,39,20,27,18,28,24,25,18,25,22,32,27,19,44,43,29,31,26,52,53,29,30,22,27,34,47,41,34,24,13,42,31,26,26,28,41,33,20,52,25,24,45,30,0,18,22,27,36,15,44,26,13,41,41,27,17,22,41,45,34,41,36,30,46,27,20,27,22,45,51,30,45,31,34,44,32,56,46,13,21,13,18,15,11,38,44,34,22,42,36,24,13,30,35,36,21,17,7,31,7,34,40,8,34,40,22,8,26,12,32,11,8,22,24,21,21,31,16,18,36,21,19,15,15,34,33,34,15,51,46,40,38,36,40,42,13,15,27,46,20,40,42,38,15,35,22,41,56,9,18,42,42,19,17,36,26
23,22,26,27,27,54,19,27,27,18,21,34,33,25,35,37,24,25,16,28,22,20,39,48,28,28,39,28,38,37,34,36,38,21,17,20,23,16,24,17,28,32,27,23,31,41,39,27,33,23,46,53,31,29,16,23,30,44,39,29,24,22,40,33,19,16,27,37,30,27,50,21,16,42,30,18,0,15,28,31,23,40,23,24,43,37,21,24,26,38,40,31,38,35,33,42,29,24,22,16,44,48,27,46,22,31,44,28,54,42,27,23,23,18,21,28,24,39,24,22,44,33,15,31,28,28,30,22,24,24,28,29,38,39,23,29,36,31,24,29,27,31,22,24,14,16,31,23,37,30,28,35,22,25,27,25,27,29,27,23,45,35,38,30,29,37,32,28,25,24,32,30,28,28,38,21,37,29,35,54,24,25,28,36,35,19,36,20
25,26,22,29,25,53,18,31,26,24,26,33,36,25,34,39,23,22,22,30,33,20,39,44,27,28,40,24,36,45,42,37,39,24,23,21,14,18,27,21,24,32,32,25,31,42,42,20,42,22,53,51,33,31,15,23,37,48,40,30,26,25,42,33,24,21,31,40,32,27,55,22,15,43,37,22,15,0,26,34,28,49,27,27,43,41,26,27,24,43,46,34,43,32,30,53,28,24,20,19,39,47,34,39,30,29,51,33,57,39,26,22,30,15,24,28,33,40,31,25,51,34,6,31,34,35,39,20,29,28,30,28,42,47,27,29,43,29,25,22,29,37,24,27,15,15,28,22,43,24,25,41,20,26,31,25,31,34,33,31,50,41,47,43,34,40,43,30,28,27,43,30,41,45,43,24,40,27,35,57,27,20,39,37,31,28,37,27
26,30,30,28,32,57,29,27,28,29,23,37,35,32,35,34,30,24,22,32,34,26,37,46,25,30,43,26,47,41,31,47,38,25,28,25,29,30,28,23,26,30,28,27,31,42,48,26,34,31,53,47,31,20,29,24,37,44,35,33,22,26,39,35,28,26,32,43,34,31,52,22,33,43,33,27,28,26,0,34,29,40,27,26,41,41,12,27,33,39,47,35,39,34,38,44,22,24,26,29,45,49,32,41,30,28,43,31,53,40,30,26,28,26,21,24,40,42,35,32,48,35,24,30,32,33,38,26,25,26,33,27,26,45,26,29,31,32,29,29,28,20,24,29,27,25,31,26,33,34,32,41,26,28,29,25,30,39,34,36,45,47,45,38,34,36,35,24,28,18,35,29,40,38,22,21,40,30,38,55,29,27,35,38,33,25,25,27
26,25,29,28,36,46,32,33,35,31,30,22,36,40,20,36,35,30,31,34,33,32,38,47,32,43,43,32,41,40,34,41,39,32,34,32,34,28,32,34,32,38,30,27,38,39,38,25,37,34,48,43,34,29,32,28,41,45,33,32,32,35,43,43,39,32,28,43,28,35,49,32,34,17,38,36,31,34,34,0,36,48,32,31,37,41,34,36,38,41,40,33,42,22,45,44,32,25,15,28,31,47,28,35,26,21,50,30,46,46,34,18,39,31,31,35,47,42,41,39,46,32,33,38,28,37,46,21,36,37,29,36,39,35,35,28,44,38,38,24,37,38,34,38,34,31,37,18,39,38,31,38,21,35,45,36,28,30,23,42,48,45,34,30,10,33,34,37,40,31,49,34,43,30,45,31,38,36,40,46,33,37,34,36,41,32,29,32
28,25,25,40,18,49,32,32,22,33,26,37,35,20,35,35,17,30,21,34,25,31,43,53,25,10,47,35,34,50,35,37,43,22,34,17,31,27,26,22,33,25,38,27,6,46,32,33,31,21,44,42,28,39,22,34,33,46,43,25,35,14,30,30,17,27,39,47,24,16,44,26,27,43,25,15,23,28,29,36,0,39,32,13,46,50,27,18,15,45,46,33,45,34,25,43,34,23,28,27,43,38,34,43,27,36,41,36,45,37,12,25,10,27,20,19,31,47,29,19,39,37,29,19,34,26,31,27,12,12,31,10,39,31,14,38,31,20,15,17,9,37,11,16,23,27,21,25,30,22,22,31,27,20,8,23,35,34,35,12,40,37,31,33,34,41,31,22,6,33,37,20,35,35,39,20,30,23,31,45,15,19,31,31,8,16,40,31
40,45,43,45,53,46,41,45,48,50,43,52,25,56,48,42,51,34,47,43,40,46,49,54,47,44,45,48,35,50,27,37,56,38,47,45,45,44,53,38,48,52,37,41,43,36,40,34,40,44,40,40,43,52,47,36,36,48,52,32,48,47,49,40,34,46,38,39,38,49,43,37,42,52,42,44,40,49,40,48,39,0,41,52,49,51,41,47,54,40,47,37,50,47,34,29,48,45,47,48,48,44,37,53,48,47,35,37,44,43,47,43,41,40,45,48,35,52,29,56,18,41,43,55,37,41,27,41,41,47,48,43,59,41,49,44,25,53,54,42,51,55,50,53,45,47,52,43,49,54,54,26,41,49,48,46,42,49,46,45,41,37,40,44,47,46,35,53,44,43,39,55,39,40,59,45,43,54,40,49,53,46,38,36,50,48,40,46
25,26,27,32,29,54,24,31,26,27,26,38,33,31,34,39,29,22,27,30,36,26,42,50,28,26,41,26,43,39,39,44,40,27,28,26,27,26,30,25,28,31,33,24,30,40,42,23,35,25,49,49,30,33,28,29,40,49,43,32,26,28,48,34,31,25,35,41,28,24,51,21,22,40,35,26,23,27,27,32,32,41,0,26,44,41,25,29,27,43,47,31,44,37,41,45,32,27,26,21,42,56,33,42,26,35,46,34,56,46,29,25,30,21,29,26,37,43,37,26,48,38,27,25,32,35,38,24,34,28,28,29,37,40,26,36,43,27,31,30,30,37,26,28,28,24,29,26,37,29,31,41,23,23,37,28,35,32,36,30,52,48,40,43,36,42,41,30,33,27,43,29,42,39,40,29,37,29,42,57,33,29,40,40,32,26,34,16
28,17,20,33,14,56,27,33,17,30,28,37,48,18,29,44,14,23,17,22,36,29,42,54,30,18,42,25,44,43,48,38,36,14,26,23,26,19,20,14,29,17,33,28,19,42,44,23,29,30,51,46,33,34,17,32,36,49,42,34,25,12,36,38,26,26,36,42,33,19,50,22,24,40,30,13,24,27,26,31,13,52,26,0,42,42,28,7,18,44,45,33,44,29,36,50,24,14,22,25,38,52,29,38,23,33,51,34,59,48,1,21,18,26,18,11,30,44,38,19,53,37,27,14,29,37,30,22,21,14,31,11,40,44,12,33,41,22,14,24,16,38,17,14,27,24,20,21,37,20,15,47,22,20,24,13,38,30,36,18,50,40,44,37,31,42,47,10,18,26,40,13,37,39,42,18,39,22,39,59,10,19,45,44,22,19,38,28
33,41,43,33,46,60,43,44,43,41,26,41,36,45,38,43,48,38,41,42,39,43,28,44,43,49,23,43,53,35,41,55,49,38,45,39,38,39,42,34,43,47,34,34,46,40,49,38,47,47,43,45,42,40,41,38,48,43,33,54,43,43,54,48,41,41,38,25,47,45,41,38,37,38,52,41,43,43,41,37,46,49,44,42,0,33,37,45,44,32,39,42,34,39,45,57,44,40,42,39,37,56,41,42,40,46,48,28,52,57,44,42,48,41,43,43,51,38,47,48,52,30,42,48,41,47,51,46,50,44,44,38,48,44,43,39,36,48,47,46,47,45,43,47,44,40,45,42,49,48,45,38,46,44,49,43,46,41,44,54,42,55,44,42,39,35,43,44,49,40,58,44,53,42,50,43,43,47,46,52,47,42,43,50,51,44,24,44
38,39,39,33,43,59,40,36,42,45,36,39,39,45,32,49,44,43,39,40,44,39,32,47,39,51,36,39,51,22,42,49,45,34,43,41,40,37,42,38,39,48,32,38,47,41,43,31,45,43,46,42,41,38,43,40,46,45,32,52,39,45,51,49,43,43,35,32,45,47,39,40,41,38,47,41,37,41,41,41,50,51,41,42,33,0,39,44,48,36,43,38,30,37,46,54,44,40,40,40,35,53,35,31,36,42,44,32,57,52,44,40,46,42,43,45,50,35,50,47,47,38,42,45,35,44,49,40,51,42,40,42,49,43,43,43,38,46,44,46,45,49,43,44,42,44,46,40,48,47,45,40,40,42,47,42,46,44,42,54,46,57,43,41,41,37,46,44,47,38,56,44,56,48,45,43,47,46,47,48,44,43,46,48,51,44,35,41
19,24,26,32,27,54,30,33,28,22,21,38,38,31,32,36,28,23,24,24,38,20,36,47,22,28,35,24,42,37,29,44,36,23,24,26,29,24,25,23,20,29,25,21,31,40,39,25,38,30,48,49,26,28,26,24,40,49,34,30,24,25,40,31,22,26,27,39,36,27,50,18,27,45,38,27,21,26,12,34,27,41,25,28,37,39,0,26,29,35,43,32,37,34,39,44,22,18,19,20,45,54,28,43,31,28,39,21,52,45,25,18,30,21,21,25,32,38,38,27,41,28,20,27,29,30,33,22,28,27,30,31,30,38,28,32,27,29,26,28,26,26,25,28,23,27,30,18,35,32,27,35,22,27,28,22,32,31,32,35,45,48,38,36,35,36,38,23,29,24,38,26,40,35,34,21,32,30,39,54,27,25,40,36,31,28,24,26
30,21,24,36,18,51,27,28,15,30,31,37,41,22,36,43,18,28,21,32,29,27,44,52,27,17,44,31,42,44,41,39,44,21,31,24,28,24,21,21,27,17,35,31,16,45,41,32,26,25,44,48,30,37,24,28,37,46,44,31,31,15,37,36,27,26,36,44,30,19,48,29,29,42,33,17,24,27,27,36,18,47,29,7,45,44,26,0,22,43,46,29,43,34,29,45,30,23,23,30,43,50,31,43,34,36,47,32,51,41,6,23,15,27,11,15,33,43,35,23,49,38,26,16,30,32,33,21,14,13,29,12,41,38,20,36,39,19,16,23,18,39,17,18,26,26,19,23,28,18,17,41,21,16,19,14,36,30,36,25,48,41,37,39,32,37,39,11,17,28,41,14,35,41,43,11,32,19,41,51,14,23,39,39,17,16,36,28
31,16,21,37,21,59,26,38,15,31,31,39,49,4,38,47,19,33,18,36,41,33,45,56,33,16,46,31,49,46,48,49,44,24,31,22,33,26,24,19,34,11,36,31,19,46,45,32,44,29,58,58,38,39,21,32,41,51,47,39,31,21,41,39,29,29,39,46,36,22,57,28,26,47,37,22,26,24,33,38,15,54,27,18,44,48,29,22,0,46,54,37,46,38,38,56,30,21,27,32,47,52,38,47,29,37,47,38,59,46,20,27,23,25,22,21,44,47,44,7,52,41,30,22,38,36,41,27,25,20,34,20,43,43,24,38,49,12,20,28,18,42,22,22,31,29,12,26,43,24,2,46,28,13,22,18,39,36,38,27,55,49,44,47,38,42,48,20,23,31,50,8,43,46,45,23,37,6,45,59,20,20,47,46,23,15,42,24
36,44,44,19,46,59,37,44,46,40,34,42,27,47,43,33,45,36,42,41,48,43,28,42,43,50,34,41,48,34,20,52,47,39,47,39,37,39,43,33,45,48,20,37,47,33,48,42,45,40,45,48,45,46,41,38,48,35,34,51,41,45,54,47,38,46,18,32,49,47,37,35,40,38,44,41,38,43,39,41,45,40,43,44,32,36,35,43,46,0,45,42,22,45,52,53,42,44,43,44,40,59,45,38,42,38,53,21,47,54,47,43,47,38,45,43,52,35,46,48,38,37,41,48,45,49,54,43,51,43,41,40,53,48,46,40,25,48,48,47,48,53,44,48,48,38,48,43,47,48,46,26,43,46,53,46,38,45,40,51,36,54,48,38,41,39,39,46,50,38,59,45,48,41,51,45,43,47,52,51,48,42,41,43,50,46,21,44
46,42,40,43,46,46,42,46,49,51,40,38,42,53,44,45,46,42,44,46,41,46,49,49,45,51,45,46,50,47,41,45,50,43,45,46,45,43,45,41,48,48,41,47,48,38,43,47,43,41,42,46,41,47,46,47,45,12,47,45,46,45,51,42,45,43,39,45,40,45,38,46,39,44,49,45,40,46,47,40,46,47,47,45,39,43,43,46,54,45,0,43,40,45,46,46,50,44,42,44,43,55,46,39,42,43,46,48,48,48,47,46,48,48,45,49,42,44,47,49,45,43,45,50,46,46,42,44,49,49,41,47,54,41,46,41,46,49,46,45,46,53,50,46,46,40,51,46,47,52,49,46,44,46,53,45,32,41,36,53,47,41,42,45,41,39,37,51,50,48,46,49,50,46,57,45,46,48,46,53,48,49,39,47,49,46,45,48
28,35,33,30,35,42,29,31,37,32,27,30,32,36,24,38,36,32,32,37,30,33,37,48,33,35,38,35,41,39,35,46,38,31,35,25,33,33,36,32,33,39,20,29,35,40,34,31,35,36,47,47,31,34,36,35,41,48,39,28,35,34,41,36,32,30,33,39,25,39,50,29,36,37,37,34,31,34,35,33,33,37,31,33,42,38,32,29,37,42,43,0,39,26,40,40,32,33,27,31,32,50,20,33,30,30,45,28,53,40,37,26,37,33,32,33,38,40,42,38,46,31,34,37,18,32,39,23,33,36,27,38,41,28,34,32,34,39,35,32,35,38,36,35,33,29,37,27,38,38,35,40,22,33,39,33,34,34,33,42,48,52,29,38,19,36,38,37,35,34,43,37,44,26,43,32,33,39,45,53,35,33,40,30,41,33,23,30
36,42,42,30,46,55,39,42,46,41,30,42,39,47,41,42,45,38,42,44,48,45,32,42,45,50,30,41,48,30,35,55,48,41,47,41,39,39,43,33,45,49,30,37,47,29,46,42,44,44,43,46,45,46,41,38,53,42,34,51,41,45,53,44,42,46,29,30,45,47,43,35,38,39,48,41,38,43,39,42,45,50,44,44,34,30,37,43,46,22,40,39,0,45,50,57,43,44,44,46,38,59,45,38,42,42,53,21,47,54,47,44,47,38,45,43,54,31,46,48,51,35,39,48,45,49,51,44,50,43,46,40,51,48,46,44,25,48,48,47,48,52,44,48,48,40,49,44,47,48,47,26,44,46,53,45,38,44,44,51,36,56,48,48,39,36,45,46,50,38,55,47,53,45,48,45,43,47,51,47,48,42,47,40,48,46,23,43
27,31,33,28,33,46,29,35,35,28,27,22,37,38,10,37,37,37,23,34,33,32,39,33,32,37,41,34,51,39,44,46,38,26,33,35,28,28,36,32,32,36,26,29,40,40,40,31,47,30,45,38,34,33,34,33,42,35,35,34,34,33,39,36,30,25,38,41,31,36,49,32,32,37,41,36,35,32,34,22,34,47,37,29,39,37,34,34,38,45,45,26,45,0,40,38,33,29,23,23,25,46,12,26,27,14,47,27,40,43,35,21,35,34,31,36,37,38,43,38,48,34,32,37,14,41,38,25,37,34,36,34,38,28,33,18,39,37,33,31,33,37,34,33,33,31,36,21,43,38,34,38,25,33,41,32,30,32,24,42,45,49,28,24,20,32,30,35,34,33,47,36,42,31,41,31,34,37,40,38,33,28,30,33,39,32,32,34
39,33,31,41,37,42,36,36,37,38,39,37,34,36,35,38,33,42,23,39,29,31,49,54,30,28,46,39,29,48,32,25,41,22,37,33,40,33,25,24,35,39,42,41,29,45,38,41,30,26,44,40,31,34,27,35,23,44,49,12,39,33,30,30,26,29,36,45,30,32,48,35,29,50,37,30,33,30,38,45,25,34,41,36,45,46,39,29,38,52,46,40,50,40,0,32,41,33,39,31,42,31,32,46,32,36,30,43,46,31,33,27,27,35,29,34,21,48,17,37,38,45,37,37,32,21,21,35,29,33,36,33,39,37,35,36,39,37,38,20,33,33,37,39,31,35,38,27,24,35,40,37,35,32,32,30,37,37,33,27,52,29,37,35,35,43,34,35,26,43,31,41,25,37,47,29,36,34,33,46,37,26,32,39,36,26,43,36
41,45,47,46,49,22,45,46,51,53,45,38,39,54,38,38,51,49,45,46,40,42,58,53,42,46,57,41,41,55,44,36,54,44,48,49,44,42,47,46,41,52,46,42,43,49,39,37,41,34,46,42,34,50,47,47,30,44,50,32,41,43,49,42,42,44,51,53,39,46,49,44,46,49,40,46,42,53,44,44,43,29,45,50,57,54,44,45,56,53,46,40,57,38,32,0,46,45,37,48,45,51,36,55,51,47,35,43,41,40,47,39,43,44,48,50,40,47,30,56,38,50,46,51,37,41,40,43,37,51,45,49,57,38,45,43,39,52,48,40,47,56,55,49,50,40,54,39,41,48,48,42,43,49,48,45,41,52,34,45,40,39,38,28,38,41,32,51,46,43,38,50,32,33,60,48,45,53,46,43,51,54,30,35,48,49,52,48
27,31,29,36,28,52,31,18,32,23,25,41,43,28,34,36,34,32,27,23,30,15,41,56,14,33,39,23,36,42,42,40,23,26,17,31,29,31,23,30,15,32,34,26,34,43,40,33,33,29,52,51,14,32,29,33,41,47,43,36,23,29,43,28,29,29,36,39,26,29,52,27,28,46,34,27,29,28,22,32,34,48,32,24,44,44,22,30,30,42,50,32,43,33,41,46,0,24,23,25,41,42,34,39,27,31,51,35,59,44,27,29,32,26,31,29,40,40,37,31,49,34,24,32,35,32,39,29,31,22,35,29,29,41,32,36,44,33,30,30,32,24,28,30,25,30,31,29,29,35,32,43,29,30,28,27,31,24,36,35,48,46,40,40,37,34,40,22,29,35,42,34,35,42,41,31,38,34,45,53,26,28,42,35,36,32,36,28
26,16,18,35,18,55,18,28,18,28,26,29,39,25,31,41,20,25,12,28,28,28,42,42,24,16,40,28,38,40,41,30,38,17,28,11,27,20,10,13,24,22,35,27,25,44,41,28,38,21,48,45,32,30,15,32,32,44,42,15,28,22,42,33,17,24,37,40,34,23,51,24,22,36,30,20,24,24,24,25,23,45,27,14,40,40,18,23,21,44,44,33,44,29,33,45,24,0,21,22,35,49,31,39,19,31,47,31,47,40,19,22,28,20,12,18,32,41,34,18,43,37,24,25,31,29,36,24,24,22,31,22,39,42,24,31,41,18,18,19,20,34,22,19,20,22,20,22,31,21,16,41,24,20,22,14,33,32,27,28,50,41,41,37,29,39,35,20,23,24,42,17,36,41,43,12,27,18,38,47,20,12,33,39,22,14,35,27
22,21,23,35,23,47,21,27,22,23,24,26,41,26,22,41,24,26,21,23,21,23,41,46,23,31,43,23,35,40,40,35,33,20,25,23,25,26,21,24,23,28,34,24,24,41,39,28,28,25,48,46,25,31,27,29,31,40,37,30,23,27,41,27,29,23,37,43,25,28,48,23,22,27,26,27,22,20,26,15,28,47,26,22,42,40,19,23,27,43,42,27,44,23,39,37,23,21,0,15,31,43,24,36,21,22,46,32,46,37,25,14,28,21,22,27,33,42,29,28,46,33,23,27,24,33,30,16,31,25,33,27,38,33,23,25,40,28,26,18,27,35,28,26,20,24,28,14,39,27,20,43,16,23,33,23,29,32,27,33,51,43,32,31,14,37,35,28,31,26,41,25,34,34,39,22,31,24,40,46,26,29,34,33,28,23,32,24
30,22,22,33,23,56,17,31,27,23,25,28,35,30,35,43,28,21,16,24,26,27,45,48,25,30,40,17,39,40,40,44,36,21,18,10,24,20,23,19,27,26,32,30,29,44,38,28,30,27,53,47,26,31,24,24,36,42,45,31,27,24,35,37,29,10,29,40,34,26,51,26,22,39,26,22,16,19,29,28,27,48,21,25,39,40,20,30,32,44,44,31,46,23,31,48,25,22,15,0,42,47,33,40,26,27,44,30,48,38,27,25,25,16,26,24,26,42,32,30,46,41,19,23,33,28,28,21,29,29,25,25,39,40,27,25,40,25,25,25,29,31,25,23,4,18,25,25,36,31,26,40,21,23,27,27,25,24,23,29,51,40,40,34,27,38,36,26,31,25,42,28,32,36,41,26,35,26,33,48,24,17,34,36,24,23,38,23
42,35,39,47,46,50,38,44,44,42,42,45,47,48,21,50,42,44,44,43,42,42,32,39,42,48,36,45,49,35,52,50,50,39,46,41,38,39,40,41,45,45,47,42,47,39,40,40,45,43,39,34,45,46,43,42,52,39,39,43,45,42,49,47,46,37,48,33,45,43,50,43,44,34,48,45,44,39,45,31,43,48,42,38,37,35,45,43,47,40,43,32,38,25,42,45,41,35,31,42,0,58,28,26,39,34,54,41,37,53,44,35,46,46,41,43,49,39,55,48,56,40,42,48,27,48,50,38,46,46,45,45,51,38,46,28,48,47,48,42,45,49,45,48,39,43,45,35,42,48,44,48,38,42,50,45,42,44,38,47,42,50,40,34,34,42,43,45,48,42,56,44,51,43,49,41,42,47,51,33,43,43,41,43,50,41,37,44
40,50,44,58,46,54,44,49,54,41,44,56,48,52,47,55,49,40,48,48,41,36,58,64,32,41,61,23,20,51,56,33,35,46,29,49,46,45,52,48,40,53,53,39,40,57,37,41,51,33,55,56,27,53,47,59,39,55,62,31,23,46,54,16,46,46,50,57,33,45,55,25,53,61,41,51,48,47,49,47,38,44,56,52,56,53,54,50,52,59,55,50,59,46,31,51,42,49,43,47,58,0,50,57,54,42,53,55,65,34,49,48,41,41,44,45,39,62,42,54,49,59,51,54,50,40,31,49,39,52,47,55,51,49,50,44,59,50,49,29,54,50,54,48,49,42,55,48,36,53,53,51,49,48,51,48,48,35,50,47,52,29,49,51,51,53,49,48,41,47,32,53,39,57,60,44,35,50,51,63,47,46,55,55,45,43,57,53
27,31,33,27,32,42,25,32,34,27,21,26,33,36,18,36,35,30,27,34,33,27,38,39,27,35,33,31,44,37,38,41,34,30,31,29,31,28,36,28,27,39,21,27,39,40,30,29,39,39,45,37,30,28,34,31,36,45,40,32,31,33,42,32,27,29,36,33,31,35,49,24,33,29,37,30,27,34,32,28,34,37,33,29,41,35,28,31,38,45,46,20,45,12,32,36,34,31,24,33,28,50,0,24,31,22,48,32,42,40,38,22,34,31,28,36,41,39,40,35,50,34,32,36,3,33,41,24,33,33,33,37,37,26,33,22,40,39,32,39,33,37,33,32,35,29,37,22,35,38,34,36,24,32,37,29,30,40,32,38,45,51,24,28,20,36,32,38,34,29,46,36,38,32,40,28,38,36,33,46,32,30,32,30,41,29,28,31
40,37,41,40,46,59,38,44,44,41,42,44,44,48,22,48,42,43,38,42,39,44,41,37,44,48,36,45,47,33,45,52,49,37,46,39,38,39,47,43,45,44,42,42,47,36,41,37,41,42,40,31,45,40,45,40,46,41,38,46,45,42,48,48,41,37,41,37,49,43,41,42,46,38,48,45,46,39,41,35,43,53,42,38,42,31,43,43,47,38,39,33,38,26,46,55,39,39,36,40,26,57,24,0,37,24,50,38,40,52,44,34,46,46,39,43,53,35,52,48,49,43,44,48,25,43,46,38,46,46,43,45,51,37,46,40,43,44,48,44,45,48,45,48,39,43,44,34,41,48,43,45,38,44,54,40,47,45,41,47,44,50,39,34,38,41,48,45,48,44,57,46,50,44,51,39,39,46,51,44,43,43,46,39,52,40,39,42
24,17,17,34,32,57,27,31,29,28,24,31,37,32,25,40,28,28,17,26,37,25,46,42,27,28,42,27,48,38,41,51,39,24,22,31,29,33,23,28,27,29,32,24,31,44,43,22,34,23,47,46,36,34,27,22,38,46,48,32,27,27,38,25,23,16,34,42,30,32,49,29,25,37,37,31,22,30,30,26,27,48,26,23,40,36,31,34,29,42,42,30,42,27,32,51,27,19,21,26,39,54,31,37,0,37,52,33,53,42,31,28,25,27,30,29,37,44,34,29,50,37,23,32,35,30,39,24,25,26,33,30,41,35,30,31,43,31,29,23,30,37,28,30,28,27,29,28,30,31,28,42,24,28,31,26,35,33,37,30,50,39,35,41,30,39,45,26,26,28,41,28,37,38,41,30,39,29,32,55,26,26,43,42,33,23,25,29
25,33,37,23,37,49,27,36,37,29,31,27,37,41,10,33,35,29,31,30,38,31,46,38,30,37,38,31,43,42,46,47,35,30,29,31,31,30,43,28,31,40,31,27,40,41,36,29,35,27,47,42,36,35,27,27,44,39,44,37,31,32,43,39,31,31,21,38,33,35,45,28,31,38,41,34,31,29,28,21,36,47,35,33,46,42,28,36,37,38,43,30,42,14,36,47,31,31,22,27,34,42,22,24,37,0,49,23,47,49,34,27,41,35,35,36,35,41,42,41,49,41,33,41,21,35,34,31,39,39,35,35,35,33,39,18,43,41,39,31,39,42,36,39,25,31,39,27,38,39,37,43,31,36,36,33,16,36,18,36,52,47,33,27,23,32,33,35,35,29,52,38,39,33,43,35,36,38,42,43,37,34,33,37,41,36,37,36
42,45,45,45,53,42,47,45,47,50,41,49,36,51,45,33,49,41,45,51,40,48,45,60,45,40,48,48,41,42,33,43,46,44,47,49,48,43,45,48,46,55,45,42,43,47,29,41,43,44,44,50,39,50,47,44,28,54,48,28,50,45,52,43,36,48,38,50,41,48,47,44,46,45,46,44,44,51,43,50,41,35,46,51,48,44,39,47,47,53,46,45,53,47,30,35,51,47,46,44,54,53,48,50,52,49,0,24,49,34,49,44,39,43,42,48,33,47,31,53,14,47,53,53,45,38,33,45,41,45,49,45,53,33,43,43,14,53,50,40,53,56,52,51,47,39,54,44,38,54,52,10,45,46,44,43,47,43,49,41,45,37,32,33,50,40,42,49,40,49,40,54,31,38,54,42,38,54,49,49,49,52,38,40,52,43,50,46
26,31,31,17,37,48,30,35,36,32,19,29,16,39,25,16,36,29,35,37,36,36,33,47,37,40,29,36,41,30,12,48,39,32,36,32,30,28,32,24,34,38,17,26,42,36,38,31,47,37,45,50,38,34,32,19,46,42,34,42,36,36,46,41,35,34,6,29,39,38,48,26,25,39,37,32,28,33,31,30,36,37,34,34,28,32,21,32,38,21,48,28,21,27,43,43,35,31,32,30,41,55,32,38,33,23,24,0,48,48,38,31,37,30,34,34,46,37,39,40,38,28,33,39,27,44,44,29,38,33,27,33,39,29,37,26,31,40,39,34,39,43,35,39,33,30,38,31,43,39,36,24,29,34,42,35,27,32,29,44,40,51,29,33,28,27,28,37,40,19,51,37,43,37,46,34,42,36,42,46,37,33,30,32,35,35,16,29
51,49,53,50,61,43,47,56,55,53,53,42,42,60,38,46,56,55,55,56,48,56,53,50,55,50,45,52,59,57,44,55,53,52,53,48,51,48,57,52,54,58,48,52,45,44,44,53,47,46,35,29,51,59,55,47,50,49,51,51,52,55,54,56,46,52,53,47,47,55,36,55,52,47,46,56,54,57,53,46,45,44,56,59,52,57,52,51,59,47,48,53,47,40,46,41,59,47,46,48,37,65,42,40,53,47,49,48,0,54,53,47,48,50,53,58,46,53,51,61,44,54,55,60,47,53,50,47,51,57,56,55,62,42,59,41,42,58,58,42,58,60,62,61,46,52,60,47,51,57,55,44,47,57,59,54,51,57,46,49,41,58,42,34,48,51,42,59,50,57,55,56,52,40,63,53,51,57,51,18,58,54,38,40,60,54,48,56
40,37,39,48,49,35,45,44,46,44,46,44,42,48,50,45,49,37,41,39,32,38,54,59,39,40,53,40,34,53,46,22,46,41,42,50,53,34,47,39,40,50,43,40,39,56,47,46,44,33,48,52,38,45,50,50,26,52,51,19,42,41,43,39,35,36,46,56,35,45,50,39,40,52,38,46,42,39,40,46,37,43,46,48,57,52,45,41,46,54,48,40,54,43,31,40,44,40,37,38,53,34,40,52,42,49,34,48,54,0,43,43,39,38,42,40,20,55,24,49,39,46,34,49,42,44,27,40,39,43,43,43,50,43,45,50,47,50,48,33,49,44,46,49,44,34,50,43,41,50,52,43,40,45,42,44,52,40,47,44,48,26,43,52,47,47,45,47,40,48,22,53,26,35,51,42,37,48,44,51,49,47,44,49,48,42,50,44
29,18,22,38,14,53,26,32,19,25,30,38,37,21,35,43,12,22,16,22,33,29,44,52,28,14,45,31,41,44,45,45,39,21,31,22,29,24,21,19,29,19,34,30,6,45,39,31,36,27,50,48,36,36,20,30,39,45,44,31,31,9,35,41,31,27,35,45,36,18,50,29,27,47,31,13,27,26,30,34,12,47,29,1,44,44,25,6,20,47,47,37,47,35,33,47,27,19,25,27,44,49,38,44,31,34,49,38,53,43,0,28,12,31,14,11,37,45,39,22,51,37,26,12,38,34,37,28,20,15,29,10,38,38,14,32,43,23,14,27,14,36,18,14,29,28,23,28,34,19,16,41,28,20,26,14,34,32,34,20,50,43,37,41,38,39,39,15,14,30,45,15,37,45,38,15,34,23,42,51,10,22,39,41,20,19,40,28
22,20,22,33,26,48,22,33,24,23,24,29,37,28,21,38,24,23,23,29,20,25,41,44,27,31,44,27,37,40,41,38,33,20,25,23,22,23,21,18,27,26,35,24,29,40,39,19,34,31,50,44,27,28,22,28,30,38,38,29,27,28,43,32,25,16,37,44,26,26,46,23,16,31,27,21,23,22,26,18,25,43,25,21,42,40,18,23,27,43,46,26,44,21,27,39,29,22,14,25,35,48,22,34,28,27,44,31,47,43,28,0,28,22,21,27,36,41,35,30,47,32,21,26,21,30,30,10,27,28,30,29,40,36,25,21,40,26,28,21,24,33,26,28,19,26,26,9,38,27,25,43,10,25,35,22,25,31,27,32,48,43,35,27,18,32,31,25,31,26,44,29,32,28,38,21,31,26,40,45,26,28,33,28,31,22,33,23
32,19,24,39,12,49,25,31,18,29,31,35,31,17,37,36,14,32,19,35,24,29,49,56,31,1,49,29,37,46,34,41,47,22,27,21,32,27,23,27,29,22,36,32,14,48,31,31,33,20,43,43,29,32,26,31,33,48,49,25,29,6,35,31,21,24,42,49,29,8,43,29,27,44,24,13,23,30,28,39,10,41,30,18,48,46,30,15,23,47,48,37,47,35,27,43,32,28,28,25,46,41,34,46,25,41,39,37,48,39,12,28,0,26,10,15,29,44,31,15,41,43,28,18,35,31,31,25,2,21,30,18,42,30,10,37,34,16,11,16,20,36,15,12,25,27,18,27,30,22,19,32,24,15,7,18,36,38,36,10,40,37,31,34,36,40,30,19,5,33,37,21,33,30,42,10,31,20,31,43,10,24,30,30,9,16,39,27
22,20,20,29,27,48,19,30,28,25,25,26,33,26,35,35,24,27,18,28,14,25,39,52,29,28,41,24,39,42,38,38,38,23,24,18,21,18,24,21,29,32,26,22,29,39,38,24,33,21,44,52,29,31,14,24,30,46,39,31,25,24,46,27,21,20,31,41,29,29,50,19,16,40,30,18,18,15,26,31,27,40,21,26,41,42,21,27,25,38,48,33,38,34,35,44,26,20,21,16,46,41,31,46,27,35,43,30,50,38,31,22,26,0,23,26,30,39,22,23,42,39,11,31,31,34,31,25,26,27,28,27,38,42,27,31,40,32,24,23,27,33,24,24,12,16,30,22,33,31,27,37,25,26,30,20,31,31,33,31,47,41,42,38,35,39,32,26,24,24,34,27,29,30,40,23,35,29,34,54,26,17,34,36,32,24,36,19
25,17,20,35,15,50,23,35,9,28,25,33,37,22,30,39,17,24,16,28,24,27,41,48,28,14,40,29,38,44,39,42,41,11,30,21,26,17,17,14,28,22,33,25,20,39,37,23,29,23,47,49,31,27,15,28,32,46,41,26,29,18,33,29,21,20,37,40,35,18,46,24,21,40,22,15,21,24,21,31,20,45,29,18,43,43,21,11,22,45,45,32,45,31,29,48,31,12,22,26,41,44,28,39,30,35,42,34,53,42,14,21,10,23,0,17,32,41,36,18,44,36,27,18,28,32,32,23,17,22,31,21,36,37,19,34,41,19,15,26,17,34,19,15,24,20,16,21,24,17,17,38,23,11,20,6,33,35,32,23,52,43,37,39,30,36,39,16,16,29,39,12,29,39,33,9,31,15,34,54,14,17,38,38,16,10,36,28
29,20,18,34,10,56,24,35,19,29,29,34,40,21,34,44,11,29,21,31,28,23,41,51,23,15,43,26,39,45,40,42,37,20,23,18,30,26,23,21,23,20,32,29,9,45,42,29,33,26,53,53,31,35,24,25,38,47,41,32,27,11,36,33,28,22,36,43,33,20,53,26,24,44,32,11,28,28,24,35,19,48,26,11,43,45,25,15,21,43,49,33,43,36,34,50,29,18,27,24,43,45,36,43,29,36,48,34,58,40,11,27,15,26,17,0,34,45,38,21,50,36,30,10,36,33,34,27,19,9,34,9,37,37,6,38,42,20,11,28,11,35,13,11,22,18,20,27,35,18,20,44,27,18,22,16,36,31,36,19,53,42,36,44,35,40,44,15,18,29,40,20,38,42,39,16,35,20,38,58,11,18,44,44,14,16,38,26
37,32,28,44,39,34,33,29,41,40,38,44,36,44,36,40,37,29,36,32,8,32,49,53,32,30,48,32,34,49,32,28,37,29,35,36,42,28,30,29,38,42,37,39,31,48,36,39,42,23,50,44,30,37,34,33,20,44,47,17,32,31,32,23,23,12,38,46,28,38,50,33,28,47,24,38,24,33,40,47,31,35,37,30,51,50,32,33,44,52,42,38,54,37,21,40,40,32,33,26,49,39,41,53,37,35,33,46,46,20,37,36,29,30,32,34,0,46,18,44,34,49,32,43,39,29,4,28,29,37,35,33,39,31,35,38,37,42,40,23,43,47,41,41,24,26,40,32,31,45,40,39,28,34,38,33,39,28,41,39,49,25,31,32,35,44,43,37,30,43,20,44,22,36,44,32,34,42,29,49,39,33,41,39,40,33,36,41
43,44,44,38,44,59,40,41,45,44,37,39,38,48,36,47,46,46,43,47,44,40,38,42,40,48,34,39,48,37,42,50,48,42,43,40,38,42,43,40,40,48,36,43,47,18,39,42,44,42,41,51,42,49,42,41,43,41,36,43,39,42,53,49,39,42,37,32,45,44,47,42,39,42,48,44,39,40,42,42,47,52,43,44,38,35,38,43,47,35,44,40,31,38,48,47,40,41,42,42,39,62,39,35,44,41,47,37,53,55,45,41,44,39,41,45,46,0,48,47,46,42,37,48,41,48,48,39,44,47,47,47,50,38,42,42,40,48,46,48,47,46,45,46,44,40,48,41,46,44,47,47,39,44,54,44,37,47,37,53,45,52,38,45,43,37,39,47,49,41,53,45,42,43,51,41,51,49,50,49,46,46,42,45,50,42,34,41
34,34,34,39,45,42,35,40,38,38,38,38,36,43,41,36,35,31,28,25,24,31,49,59,35,34,44,40,25,50,38,30,32,31,26,36,40,28,38,33,34,44,38,33,33,51,32,39,39,21,47,49,35,33,42,46,22,46,49,19,37,35,36,31,21,26,38,43,31,38,48,27,28,53,26,34,24,31,35,41,29,29,37,38,47,50,38,35,44,46,47,42,46,43,17,30,37,34,29,32,55,42,40,52,34,42,31,39,51,24,39,35,31,22,36,38,18,48,0,44,37,38,26,43,38,31,24,32,33,39,35,37,44,29,37,37,29,45,44,23,41,43,35,45,34,28,42,36,43,44,41,31,32,35,40,37,36,40,36,35,42,30,30,31,38,40,30,37,36,43,28,41,24,36,48,36,37,41,32,46,39,43,34,35,40,35,38,37
32,20,22,38,18,60,29,36,14,29,33,39,50,6,39,51,23,34,18,35,38,32,49,58,32,15,48,31,49,47,49,50,43,18,32,25,28,25,25,22,32,8,35,32,21,47,51,31,42,29,56,56,35,38,22,32,42,49,49,38,31,21,42,41,28,27,40,48,36,22,57,28,29,49,40,22,22,25,32,39,19,56,26,19,48,47,27,23,7,48,49,38,48,38,37,56,31,18,28,30,48,54,35,48,29,41,53,40,61,49,22,30,15,23,18,21,44,47,44,0,51,43,30,21,35,38,44,30,24,19,34,21,44,50,21,41,48,10,21,32,21,38,23,21,27,25,14,29,44,24,8,44,30,15,21,18,39,33,37,17,55,48,50,46,39,44,48,20,17,31,51,6,46,47,45,18,39,13,45,61,23,21,48,51,18,17,41,28
46,45,43,30,55,42,49,43,49,46,38,46,33,51,50,26,47,43,43,50,40,48,47,54,45,42,43,48,40,50,14,40,48,44,49,51,50,44,51,44,46,53,32,46,41,43,30,45,44,42,42,44,41,51,47,43,38,42,50,32,48,45,46,44,32,44,25,43,36,48,39,42,46,49,42,42,44,51,48,46,39,18,48,53,52,47,41,49,52,38,45,46,51,48,38,38,49,43,46,46,56,49,50,49,50,49,14,38,44,39,51,47,41,42,44,50,34,46,37,51,0,51,49,53,50,43,34,45,43,51,34,45,56,33,43,46,22,53,52,42,53,54,50,53,48,45,54,43,42,52,57,12,45,48,48,46,43,47,50,39,47,31,32,44,50,40,44,49,42,47,38,54,36,38,56,45,41,52,37,55,51,56,44,40,52,45,50,47
23,37,37,33,41,58,32,34,38,35,23,31,32,42,32,39,41,29,35,36,35,34,16,43,34,43,21,35,51,38,44,54,42,34,36,36,32,30,42,28,34,43,31,25,41,36,49,35,37,38,50,44,36,44,38,31,46,40,22,46,35,37,51,41,33,33,36,23,39,41,46,27,33,40,42,36,33,34,35,32,37,41,38,37,30,38,28,38,41,37,43,31,35,34,45,50,34,37,33,41,40,59,34,43,37,41,47,28,54,46,37,32,43,39,36,36,49,42,38,43,51,0,39,43,29,37,42,37,42,39,35,33,44,45,37,37,39,43,41,43,41,45,40,41,37,34,43,37,36,43,40,40,37,38,42,35,37,32,25,42,39,47,44,42,34,35,42,39,43,31,53,41,41,36,43,34,38,41,42,44,41,35,44,46,45,35,20,38
18,26,26,33,25,56,14,32,30,28,22,33,36,31,32,42,25,20,23,29,33,18,42,45,26,28,35,28,41,42,45,36,39,22,22,26,21,18,25,23,26,32,33,19,33,39,42,23,38,26,53,51,33,30,13,22,42,47,42,27,23,31,44,44,23,21,31,35,32,30,53,22,17,43,31,24,15,6,24,33,29,43,27,27,42,42,20,26,30,41,45,34,39,32,37,46,24,24,23,19,42,51,32,44,23,33,53,33,55,34,26,21,28,11,27,30,32,37,26,30,49,39,0,31,34,42,36,26,38,28,27,26,41,44,27,33,45,32,29,28,29,37,27,29,19,23,31,26,40,31,27,41,26,28,31,27,36,33,38,30,50,44,43,43,32,37,43,30,33,25,46,31,38,43,45,26,40,31,38,57,29,22,39,37,35,30,35,25
34,21,21,39,4,59,27,38,20,32,34,39,46,23,39,46,8,34,24,32,36,28,48,56,29,18,48,29,46,45,48,49,37,21,26,21,33,29,26,25,28,20,39,34,9,48,45,30,41,32,55,53,39,32,25,33,43,48,48,39,32,14,38,42,32,29,37,48,39,19,55,28,27,48,32,13,31,31,30,38,19,55,25,14,48,45,27,16,22,48,50,37,48,37,37,51,32,25,27,23,48,54,36,48,32,41,53,39,60,49,12,26,18,31,18,10,43,48,43,21,53,43,31,0,36,39,39,26,18,12,37,12,38,44,13,37,46,22,8,30,14,32,14,6,22,21,21,26,41,19,22,44,26,19,16,19,37,30,39,18,55,49,44,44,39,43,44,16,17,30,49,22,43,46,42,18,37,22,43,60,6,25,46,46,13,17,43,27
27,31,33,27,32,42,26,32,34,28,22,27,33,36,18,36,35,31,27,34,34,27,38,40,27,35,34,31,45,37,38,40,35,30,31,29,31,28,36,29,27,39,22,27,39,39,30,29,39,39,45,35,31,29,34,31,36,45,40,32,31,33,43,32,27,30,36,35,31,35,49,24,35,30,38,30,28,34,32,28,34,37,32,29,41,35,29,30,38,45,46,18,45,14,32,37,35,31,24,33,27,50,3,25,35,21,45,27,47,42,38,21,35,31,28,36,39,41,38,35,50,29,34,36,0,34,41,24,33,33,33,37,36,28,33,23,40,39,32,39,33,37,33,32,35,30,37,22,35,38,34,36,23,32,37,29,31,40,32,38,46,50,26,29,20,36,32,38,34,30,46,36,38,32,40,28,38,36,34,46,32,31,32,31,41,29,28,30
36,29,29,39,42,45,43,29,38,33,34,41,33,38,37,38,37,27,35,32,30,35,43,49,36,31,41,37,38,46,36,46,39,30,36,39,38,36,41,32,37,41,41,38,28,49,36,32,24,21,47,45,27,33,39,28,35,53,41,29,37,34,39,34,21,28,36,41,17,33,50,32,32,40,32,35,28,35,33,37,26,41,35,37,47,44,30,32,36,49,46,32,49,41,21,41,32,29,33,28,48,40,33,43,30,35,38,44,53,44,34,30,31,34,32,33,29,48,31,38,43,37,42,39,34,0,34,30,36,38,30,34,35,35,36,29,36,44,41,23,41,35,43,42,33,35,38,28,12,40,43,36,30,35,41,38,30,32,26,30,46,35,35,35,35,37,33,36,35,30,48,43,34,37,41,37,8,42,32,47,42,38,33,33,33,38,39,35
39,36,32,42,43,36,33,42,35,44,39,39,33,44,36,34,37,31,30,39,16,33,49,51,31,30,45,35,26,50,33,32,39,27,37,38,41,32,42,27,33,40,40,41,31,48,41,39,30,23,50,42,33,36,30,41,20,44,48,23,35,33,28,32,29,16,43,45,27,37,48,34,33,57,20,36,30,39,38,46,31,27,38,30,51,49,33,33,41,54,42,39,51,38,21,40,39,36,30,28,50,31,41,46,39,34,33,44,50,27,37,30,31,31,32,34,4,48,24,44,34,42,36,39,41,34,0,25,25,39,31,35,38,39,35,42,37,38,42,29,41,42,41,43,28,32,38,30,29,46,44,43,25,33,40,33,43,35,43,39,50,28,39,38,41,43,39,39,32,39,28,42,22,35,45,32,38,43,34,47,41,37,33,37,36,33,34,42
25,22,22,33,26,49,18,33,25,21,24,31,35,30,25,37,24,25,25,29,22,23,43,48,23,28,46,25,39,40,41,39,33,22,25,23,23,21,15,18,23,27,35,25,28,44,38,18,33,22,50,46,27,27,18,26,31,42,42,27,25,28,41,33,25,18,37,46,24,28,52,21,17,34,30,21,22,20,26,21,27,41,24,22,46,40,22,21,27,43,44,23,44,25,35,43,29,24,16,21,38,49,24,38,24,31,45,29,47,40,28,10,25,25,23,27,28,39,32,30,45,37,26,26,24,30,25,0,27,28,30,29,36,36,25,25,40,27,28,24,24,32,26,28,17,22,27,12,37,26,25,43,10,25,35,24,27,31,27,32,49,45,35,31,21,36,33,27,28,24,40,29,31,29,36,23,35,28,38,47,26,24,35,29,31,24,33,26
28,24,28,40,14,49,33,34,23,33,29,39,33,23,37,39,16,30,20,33,29,28,47,54,28,3,47,30,35,51,34,41,45,24,29,26,34,25,25,25,28,17,39,27,14,44,32,29,26,20,47,48,32,35,32,31,33,47,47,29,30,8,32,30,21,28,42,47,32,5,46,27,28,44,25,17,24,29,25,36,12,41,34,21,50,51,28,14,25,51,49,33,50,37,29,37,31,24,31,29,46,39,33,46,25,39,41,38,51,39,20,27,2,26,17,19,29,44,33,24,43,42,38,18,33,36,25,27,0,14,29,16,43,33,12,39,34,21,13,19,20,39,22,14,24,28,24,26,31,28,20,36,26,22,6,19,36,41,34,15,46,37,34,38,31,39,36,22,3,36,37,24,31,30,45,15,25,23,34,47,12,24,34,37,11,17,40,30
29,21,16,34,14,55,28,30,19,33,30,39,41,19,36,41,12,30,22,31,33,34,44,52,34,17,43,30,44,42,45,45,39,22,30,21,26,22,17,19,34,21,35,29,18,46,43,31,36,27,53,50,36,34,23,33,39,49,44,33,30,9,43,36,31,27,33,43,36,22,53,25,28,44,31,7,24,28,26,37,12,47,28,14,44,42,27,13,20,43,49,36,43,34,33,51,22,22,25,29,46,52,33,46,26,39,45,33,57,43,15,28,21,27,22,9,37,47,39,19,51,39,28,12,33,38,39,28,14,0,31,3,38,42,10,35,41,22,12,25,8,36,2,12,23,25,21,27,38,19,20,43,27,20,6,15,39,34,39,24,52,47,41,39,34,41,43,6,22,33,41,20,39,43,36,18,40,21,43,55,12,22,43,43,24,15,37,26
26,31,32,31,33,55,24,35,35,30,23,34,37,33,31,41,33,27,33,27,22,31,42,51,31,32,40,28,36,38,34,44,39,22,27,26,15,18,32,27,32,36,29,26,31,45,44,24,33,28,54,51,26,35,28,25,34,40,41,31,28,33,44,28,21,25,29,40,28,30,53,30,29,45,29,31,28,30,33,29,31,48,28,31,44,40,30,29,34,41,41,27,46,36,36,45,35,31,33,25,45,47,33,43,33,35,49,27,56,43,29,30,30,28,31,34,35,47,35,34,34,35,27,37,33,30,31,30,29,31,0,25,41,39,34,30,42,36,33,28,37,40,32,35,33,29,39,29,36,34,34,38,29,34,36,33,31,29,33,37,49,43,39,42,31,35,42,35,41,27,48,33,45,34,43,32,42,36,43,53,35,31,41,37,39,32,31,32
28,19,22,31,10,55,22,32,19,28,24,38,39,20,38,35,4,24,16,32,33,29,38,54,30,18,43,31,47,42,39,45,39,19,33,22,24,22,25,14,33,22,31,27,12,45,41,28,38,31,51,50,34,36,21,29,39,47,38,31,31,11,41,39,23,27,31,43,32,18,49,27,27,45,31,7,29,28,27,36,10,43,29,11,38,42,31,12,20,40,47,38,40,34,33,49,29,22,27,25,45,55,37,45,30,35,45,33,55,43,10,29,18,27,21,9,33,47,37,21,45,33,26,12,37,34,35,29,16,3,25,0,38,41,14,34,37,24,8,27,10,34,14,16,26,28,23,29,38,16,17,37,29,22,26,16,34,34,34,24,46,43,41,41,36,39,41,15,18,26,45,17,37,37,38,17,38,23,44,55,16,21,41,41,18,14,35,30
38,39,38,40,38,63,38,35,36,37,38,42,50,42,38,49,32,33,33,39,43,36,49,61,35,39,51,35,45,49,43,52,43,33,36,37,36,37,37,40,36,42,35,39,39,49,43,36,37,38,56,56,37,28,35,40,41,55,50,43,31,34,45,38,40,37,43,53,35,37,56,37,38,47,45,34,38,42,26,39,39,59,37,40,48,49,30,41,43,53,54,41,51,38,39,57,29,39,38,39,51,51,37,51,41,35,53,39,62,50,38,40,42,38,36,37,39,50,44,44,56,44,41,38,36,35,38,36,43,38,41,38,0,44,31,43,35,40,31,42,32,28,38,30,36,37,41,34,37,44,42,43,36,36,40,38,45,40,41,35,56,46,43,45,39,46,44,40,40,30,47,41,43,50,18,36,39,41,47,61,32,38,44,47,44,40,43,38
39,45,43,32,43,35,39,36,40,39,37,31,25,50,30,34,43,39,37,38,34,33,45,54,32,30,38,33,39,41,25,50,44,36,36,38,42,38,40,39,33,43,35,41,32,34,16,35,28,40,41,39,28,36,44,44,35,40,42,33,33,38,37,31,29,38,36,36,31,38,35,42,34,45,32,40,39,47,45,35,31,41,40,44,44,43,38,38,43,48,41,28,48,28,37,38,41,42,33,40,38,49,26,37,35,33,33,29,42,43,38,36,30,42,37,37,31,38,29,50,33,45,44,44,28,35,39,36,33,42,39,41,44,0,40,33,32,43,42,27,41,44,49,43,37,33,48,36,30,44,42,26,36,41,40,37,32,32,32,33,40,49,3,31,33,30,26,44,30,45,50,44,40,28,48,36,37,44,30,44,40,45,22,29,44,39,40,40
30,19,19,37,11,51,29,36,17,25,28,34,39,21,37,43,10,28,17,28,31,23,43,50,29,11,44,22,42,43,41,45,41,21,30,21,31,25,21,20,23,20,33,30,10,42,41,30,30,25,50,50,32,27,23,28,39,48,43,31,25,6,40,34,25,26,39,44,34,13,54,26,25,43,33,8,23,27,26,35,14,49,26,12,43,43,28,20,24,46,46,34,46,33,35,45,32,24,23,27,46,50,33,46,30,39,43,37,59,45,14,25,10,27,19,6,35,42,37,21,43,37,27,13,33,36,35,25,12,10,34,14,31,40,0,37,43,18,5,29,7,31,18,5,27,25,19,26,30,15,15,41,26,18,18,15,39,36,39,20,54,47,39,41,35,41,45,14,9,31,43,17,39,39,37,18,37,20,41,57,6,23,45,43,13,13,39,27
31,31,33,31,35,45,25,30,36,32,27,21,37,39,22,40,35,29,31,37,27,36,43,40,35,37,38,36,41,43,41,49,43,32,32,29,28,26,39,32,36,40,30,33,42,44,38,31,35,32,42,41,35,35,33,31,40,37,45,35,34,30,47,41,39,29,27,38,33,34,47,31,27,34,35,34,29,29,29,28,38,44,36,33,39,43,32,36,38,40,41,32,44,18,36,43,36,31,25,25,28,44,22,40,31,18,43,26,41,50,32,21,37,31,34,38,38,42,37,41,46,37,33,37,23,29,42,25,39,35,30,34,43,33,37,0,35,41,35,33,33,36,36,35,29,31,40,21,31,40,37,41,25,34,41,35,24,37,24,40,48,52,29,19,24,28,35,37,41,33,47,38,38,35,44,33,35,40,43,41,37,30,33,39,41,34,35,35
34,41,41,35,45,46,41,43,44,44,25,43,21,48,41,23,48,35,41,45,34,43,36,54,42,38,35,42,39,40,21,51,40,38,42,43,36,38,43,34,41,48,21,34,35,41,31,34,37,40,39,44,38,44,43,31,45,42,36,41,43,41,40,37,26,38,26,35,31,45,40,32,34,44,34,40,36,43,31,44,31,25,43,41,36,38,27,39,49,25,46,34,25,39,39,39,44,41,40,40,48,59,40,43,43,43,14,31,42,47,43,40,34,40,41,42,37,40,29,48,22,39,45,46,40,36,37,40,34,41,42,37,35,32,43,35,0,50,44,34,44,48,46,45,36,37,47,41,33,49,44,18,39,42,43,41,43,38,44,34,36,49,25,22,42,27,25,45,38,31,50,47,31,25,45,40,35,47,39,42,44,42,23,28,46,41,36,37
34,18,20,37,18,58,24,35,16,29,33,40,48,6,35,48,22,32,16,31,32,32,48,57,28,16,47,32,45,46,46,47,44,20,30,22,33,25,23,21,28,12,39,34,18,48,43,33,40,33,56,58,39,36,27,32,42,53,48,40,32,20,45,40,33,26,42,47,40,17,57,30,26,48,31,22,31,29,32,38,20,53,27,22,48,46,29,19,12,48,49,39,48,37,37,52,33,18,28,25,47,50,39,44,31,41,53,40,58,50,23,26,16,32,19,20,42,48,45,10,53,43,32,22,39,44,38,27,21,22,36,24,40,43,18,41,50,0,20,33,25,39,18,18,27,26,6,27,39,21,10,47,26,14,22,16,38,33,38,25,56,44,43,48,38,39,46,20,23,31,47,6,40,45,42,19,39,12,46,59,18,20,44,46,21,15,43,29
32,15,17,39,2,56,25,36,19,26,32,36,46,22,39,46,9,30,21,27,34,22,47,54,27,10,48,28,41,44,46,48,38,18,25,17,31,27,24,20,22,17,37,32,15,46,43,27,39,32,53,49,37,27,23,31,40,48,47,36,27,5,37,33,32,26,37,48,39,15,53,28,25,46,32,8,24,25,29,38,15,54,31,14,47,44,26,16,20,48,46,35,48,33,38,48,30,18,26,25,48,49,32,48,29,39,50,39,58,48,14,28,11,24,15,11,40,46,44,21,52,41,29,8,32,41,42,28,13,12,33,8,31,42,5,35,44,20,0,32,11,31,16,1,24,24,18,28,39,16,21,42,28,18,11,14,37,30,39,13,53,48,42,40,37,41,44,14,11,31,44,17,40,46,37,16,38,20,38,60,1,17,44,46,15,12,41,30
30,15,19,38,31,42,30,32,28,31,29,34,34,31,28,34,28,29,21,36,23,31,48,49,27,20,45,31,30,46,38,37,41,20,30,27,29,25,19,22,31,34,38,31,21,44,30,34,26,8,43,37,25,38,21,34,27,43,50,6,31,29,31,24,12,25,38,43,23,25,41,29,23,36,21,26,29,22,29,24,17,42,30,24,46,46,28,23,28,47,45,32,47,31,20,40,30,19,18,25,42,29,39,44,23,31,40,34,42,33,27,21,16,23,26,28,23,48,23,32,42,43,28,30,39,23,29,24,19,25,28,27,42,27,29,33,34,33,32,0,28,42,30,33,29,27,31,24,23,35,29,32,25,27,31,23,34,25,28,19,45,35,34,28,31,38,30,29,16,30,33,33,29,30,41,21,27,29,31,42,26,22,28,30,30,21,39,32
30,23,20,39,14,55,27,36,21,28,32,39,44,22,36,46,10,30,19,28,34,26,47,52,30,19,46,28,48,45,46,51,42,20,28,19,33,28,21,21,26,24,37,30,15,47,42,29,37,30,55,49,37,26,23,32,43,48,47,37,27,8,40,40,32,27,35,46,39,19,55,27,29,44,34,12,27,29,28,37,9,51,30,16,47,45,26,18,18,48,46,35,48,33,33,47,32,20,27,29,45,54,33,45,30,39,53,39,58,49,14,24,20,27,17,11,43,47,41,21,53,41,29,14,33,41,41,24,20,8,37,10,32,41,7,33,44,25,11,28,0,30,14,12,29,31,25,24,41,16,16,42,24,22,18,23,35,38,35,16,53,51,40,40,35,41,42,16,20,32,49,21,45,44,32,17,39,21,43,56,14,27,42,42,22,17,39,30
36,31,36,39,30,64,36,30,37,36,35,34,47,40,33,40,34,35,31,41,35,33,51,59,33,33,50,33,48,48,44,49,33,29,34,35,38,33,33,31,33,38,36,37,37,47,38,32,31,32,57,55,35,22,35,30,49,52,50,44,32,34,44,36,32,30,39,50,32,35,55,33,33,47,39,32,31,37,20,38,37,55,37,38,45,49,26,39,42,53,53,38,52,37,33,56,24,34,35,31,49,50,37,48,37,42,56,43,60,44,36,33,36,33,34,35,47,46,43,38,54,45,37,32,37,35,42,32,39,36,40,34,28,44,31,36,48,39,31,42,30,0,36,30,34,33,39,30,28,40,40,44,28,34,40,34,38,40,38,35,52,47,44,48,36,45,46,38,40,24,48,38,43,47,26,27,40,39,44,60,32,30,44,43,42,32,42,30
32,18,15,35,16,58,25,24,19,29,29,41,48,21,34,44,16,31,19,33,35,32,44,53,32,19,46,30,44,43,44,49,45,22,30,21,28,22,23,21,32,16,33,32,15,45,47,32,41,29,56,52,37,34,21,27,41,48,44,39,30,11,38,38,28,25,35,46,36,22,57,28,24,45,37,11,22,24,24,34,11,50,26,17,43,43,25,17,22,44,50,36,44,34,37,55,28,22,28,25,45,54,33,45,28,36,52,35,62,46,18,26,15,24,19,13,41,45,35,23,50,40,27,14,33,43,41,26,22,2,32,14,38,49,18,36,46,18,16,30,14,36,0,14,26,25,18,24,39,19,17,44,26,19,10,12,34,31,34,21,57,44,42,42,34,37,43,12,16,32,44,17,42,43,36,21,42,17,39,56,17,15,42,45,16,14,39,28
32,19,20,39,2,57,25,36,18,26,32,37,47,22,39,45,6,30,23,28,35,28,47,54,27,15,48,26,44,44,47,51,40,22,26,19,33,29,24,23,28,18,37,32,16,46,44,31,40,35,56,50,40,28,23,32,43,48,47,37,25,14,38,36,33,25,37,48,40,15,56,30,27,46,37,8,24,27,29,38,16,53,28,14,47,44,28,18,22,48,46,35,48,33,39,49,30,19,26,23,48,48,32,48,30,39,51,39,61,49,14,28,12,24,15,11,41,46,45,21,53,41,29,6,32,42,43,28,14,12,35,16,30,43,5,35,45,18,1,33,12,30,14,0,21,23,19,28,40,19,22,43,28,21,12,17,37,34,39,16,54,47,43,41,37,41,45,14,12,32,43,18,39,47,38,16,44,21,41,59,2,20,45,47,14,15,41,30
24,20,20,37,21,54,17,34,26,20,31,28,39,26,33,38,26,21,22,25,24,25,43,46,25,28,40,24,43,42,42,40,40,21,24,16,22,14,26,21,25,24,33,25,29,44,43,26,34,27,51,49,30,28,24,22,30,44,43,29,20,24,37,37,27,8,29,40,32,27,51,25,16,38,24,22,14,15,27,34,23,45,28,27,44,42,23,26,31,48,46,33,48,33,31,50,25,20,20,4,39,49,35,39,28,25,47,33,46,44,29,19,25,12,24,22,24,44,34,27,48,37,19,22,35,33,28,17,24,23,33,26,36,37,27,29,36,27,24,29,29,34,26,21,0,16,25,23,36,32,29,42,23,24,28,25,31,31,29,31,51,38,42,36,27,39,38,27,30,28,40,26,34,34,43,24,35,26,31,48,22,23,36,36,24,27,38,25
24,22,22,31,21,44,17,37,26,26,27,32,33,28,33,41,28,21,20,29,20,25,40,52,28,27,40,26,41,44,35,30,39,25,23,20,22,16,26,23,25,27,30,25,29,42,35,28,38,21,45,51,27,31,22,24,30,44,40,35,26,24,36,29,29,18,33,40,29,23,49,26,18,40,24,24,16,15,25,31,27,47,24,24,40,44,27,26,29,38,40,29,40,31,35,40,30,22,24,18,43,42,29,43,27,31,39,30,52,34,28,26,27,16,20,18,26,40,28,25,45,34,23,21,30,35,32,22,28,25,29,28,37,33,25,31,37,26,24,27,31,33,25,23,16,0,26,21,34,29,25,42,25,25,27,19,33,34,33,31,45,34,36,38,31,39,40,23,31,28,30,27,30,42,39,18,35,26,32,52,24,23,44,38,25,19,35,21
34,21,19,40,19,61,24,32,10,26,34,42,45,12,35,49,21,34,16,30,33,28,47,55,28,19,47,32,48,45,47,48,42,20,30,20,27,24,21,20,30,2,38,34,24,48,48,33,37,29,56,56,36,38,21,31,43,51,47,38,32,18,45,41,31,26,42,47,39,17,55,31,29,48,35,21,31,28,31,37,21,52,29,20,45,46,30,19,12,48,51,37,49,36,38,54,31,20,28,25,45,55,37,44,29,39,54,38,60,50,23,26,18,30,16,20,40,48,42,14,54,43,31,21,37,38,38,27,24,21,39,23,41,48,19,40,47,6,18,31,25,39,18,19,25,26,0,27,38,16,10,47,26,19,24,11,39,33,39,24,58,48,48,46,39,41,47,20,25,30,51,12,42,46,39,22,37,8,46,60,18,19,46,47,19,16,42,29
22,20,22,33,26,48,22,33,24,23,24,29,37,27,21,38,24,23,23,29,20,25,41,44,27,30,44,27,37,40,41,38,33,20,25,23,22,23,21,18,27,26,35,24,29,40,39,19,34,31,50,44,27,28,22,28,30,38,38,29,27,28,43,32,25,16,37,44,26,26,46,23,16,31,27,21,23,22,26,18,25,43,26,21,42,40,18,23,26,43,46,27,44,21,27,39,29,22,14,25,35,48,22,34,28,27,44,31,47,43,28,9,27,22,21,27,32,41,36,29,43,37,26,26,22,28,30,12,26,27,29,29,34,36,26,21,41,27,28,24,24,30,24,28,23,21,27,0,38,27,25,43,10,25,35,22,25,31,27,32,48,43,35,27,18,32,31,25,30,26,44,29,32,28,38,21,31,27,40,45,26,28,33,28,31,22,33,23
30,35,33,40,40,41,35,35,35,40,34,35,25,45,45,38,41,41,35,37,28,26,44,56,29,33,45,26,33,46,32,37,41,30,31,33,35,34,35,36,28,38,34,31,28,44,33,32,10,29,49,47,23,31,40,20,36,48,42,28,26,28,32,22,28,32,37,47,22,33,42,33,40,49,30,31,37,43,33,39,30,49,37,37,49,48,35,28,43,47,47,38,47,43,24,41,29,31,39,36,42,36,35,41,30,38,38,43,51,41,34,38,30,33,24,35,31,46,43,44,42,36,40,41,35,12,29,37,31,38,36,38,37,30,30,31,33,39,39,23,41,28,39,40,36,34,38,38,0,38,41,35,33,31,36,36,30,38,32,34,46,44,29,37,41,37,35,32,33,26,49,43,31,31,43,29,18,40,34,49,42,43,35,35,36,34,35,36
33,21,17,39,19,55,24,35,15,28,34,39,48,26,35,49,18,33,18,34,40,30,48,55,29,23,47,31,46,47,47,45,43,21,32,22,29,27,25,24,30,23,40,33,20,45,43,31,39,33,59,56,35,39,21,33,39,52,48,35,31,14,44,42,31,31,41,47,40,23,59,30,32,47,34,16,30,24,34,38,22,54,29,20,48,47,32,18,24,48,52,38,48,38,35,48,35,21,27,31,48,53,38,48,31,39,54,39,57,50,19,27,22,31,17,18,45,44,44,24,52,43,31,19,38,40,46,26,28,19,34,16,44,44,15,40,49,21,16,35,16,40,19,19,32,29,16,27,38,0,15,47,28,21,24,13,40,35,39,25,57,45,42,40,40,42,41,15,24,33,42,18,37,49,45,18,40,19,44,57,20,22,42,49,28,15,40,27
31,16,18,37,20,60,28,37,8,29,31,35,46,6,35,44,18,30,16,31,38,30,45,52,30,20,45,30,47,45,44,49,38,20,28,23,28,23,22,20,30,9,38,31,22,46,47,30,41,31,54,51,42,39,23,28,41,48,45,39,30,15,36,41,35,28,39,45,41,23,53,30,24,40,31,18,28,25,32,31,22,54,31,15,45,45,27,17,2,46,49,35,47,34,40,48,32,16,20,26,44,53,34,43,28,37,52,36,55,52,16,25,19,27,17,20,40,47,41,8,57,40,27,22,34,43,44,25,20,20,34,17,42,42,15,37,44,10,21,29,16,40,17,22,29,25,10,25,41,15,0,48,27,12,27,13,36,34,35,29,55,52,45,42,31,45,42,21,20,30,49,6,44,46,41,18,44,6,42,55,18,22,41,43,25,12,40,31
38,43,41,28,45,44,43,39,40,42,40,39,10,43,40,20,42,32,37,40,36,40,40,56,41,32,35,42,46,40,14,47,44,38,43,45,38,42,41,40,40,49,26,38,33,46,19,37,35,38,43,42,35,45,39,30,37,46,43,35,42,39,43,36,24,40,25,37,37,43,38,38,34,44,36,36,35,41,41,38,31,26,41,47,38,40,35,41,46,26,46,40,26,38,37,42,43,41,43,40,48,51,36,45,42,43,10,24,44,43,41,43,32,37,38,44,39,47,31,44,12,40,41,44,36,36,43,43,36,43,38,37,43,26,41,41,18,47,42,32,42,44,44,43,42,42,47,43,35,47,48,0,39,42,44,40,38,38,46,32,36,48,19,30,36,29,30,47,32,42,44,45,40,29,46,39,36,48,32,46,42,46,30,26,46,39,35,41
25,22,22,33,26,49,18,33,25,21,24,31,35,30,25,37,24,25,25,29,22,23,43,48,23,28,46,25,39,40,41,39,33,22,25,23,23,21,15,18,23,27,35,25,27,44,38,18,33,22,50,46,27,27,18,26,31,42,42,27,25,28,41,33,25,18,37,46,24,28,52,21,17,34,30,21,22,20,26,21,27,41,23,22,46,40,22,21,28,43,44,22,44,25,35,43,29,24,16,21,38,49,24,38,24,31,45,29,47,40,28,10,24,25,23,27,28,39,32,30,45,37,26,26,23,30,25,10,26,27,29,29,36,36,26,25,39,26,28,25,24,28,26,28,23,25,26,10,33,28,27,39,0,25,35,24,27,31,27,32,49,45,35,31,21,36,33,27,28,24,40,29,31,29,36,23,35,27,38,47,26,24,35,29,31,24,33,26
29,17,19,37,19,54,23,35,12,28,29,36,38,12,34,45,18,29,18,31,26,30,45,52,30,25,43,32,41,42,42,42,41,18,30,19,26,23,22,18,31,18,34,29,21,43,40,29,31,24,51,51,34,33,23,26,39,49,45,32,32,19,43,36,25,22,38,43,32,20,51,26,25,42,29,19,25,26,28,35,20,49,23,20,44,42,27,16,13,46,46,33,46,33,32,49,30,20,23,23,42,48,32,44,28,36,46,34,57,45,20,25,15,26,11,18,34,44,35,15,48,38,28,19,32,35,33,25,22,20,34,22,36,41,18,34,42,14,18,27,22,34,19,21,24,25,19,25,31,21,12,42,25,0,20,18,36,37,37,25,54,46,41,41,32,44,42,19,27,27,47,18,37,40,41,14,34,16,40,58,19,22,42,42,21,18,38,23
32,25,25,42,16,52,29,30,21,33,32,41,40,21,45,40,15,33,25,35,30,34,52,58,36,11,54,34,43,47,39,46,39,26,38,23,31,33,18,29,34,21,38,32,10,54,41,35,36,27,55,53,30,38,26,38,38,48,52,32,34,17,36,38,30,28,37,54,37,9,54,31,26,47,33,15,27,31,29,45,8,48,37,24,49,47,28,19,22,53,53,39,53,41,32,48,28,22,33,27,50,51,37,54,31,36,44,42,59,42,26,35,7,30,20,22,38,54,40,21,48,42,31,16,37,41,40,35,6,6,36,26,40,40,18,41,43,22,11,31,18,40,10,12,28,27,24,35,36,24,27,44,35,20,0,10,33,37,34,10,53,44,41,43,35,37,41,16,7,35,44,22,36,39,41,15,32,19,37,54,12,27,41,44,13,19,40,32
26,11,15,36,13,51,24,31,12,24,26,34,38,16,31,40,16,23,15,26,25,25,43,49,25,18,42,29,44,43,39,43,42,12,30,14,29,21,17,15,29,15,35,26,17,42,37,22,36,24,47,53,30,30,14,30,33,48,43,32,29,16,36,33,24,21,35,42,33,13,47,22,23,39,23,15,25,25,25,36,23,46,28,13,43,42,22,14,18,46,45,33,45,32,30,45,27,14,23,27,45,48,29,40,26,33,43,35,54,44,14,22,18,20,6,16,33,44,37,18,46,35,27,19,29,38,33,24,19,15,33,16,38,37,15,35,41,16,14,23,23,34,12,17,25,19,11,22,36,13,13,40,24,18,10,0,34,36,34,23,52,43,39,41,34,37,40,18,16,32,39,9,29,40,36,11,32,17,38,53,14,16,38,42,18,9,35,29
35,31,33,29,33,43,31,30,36,28,29,19,45,38,30,42,33,33,35,35,33,28,46,50,25,38,38,30,40,46,41,47,45,32,28,37,29,30,36,30,28,39,31,36,37,41,36,31,30,29,48,55,30,33,33,31,44,26,42,38,30,34,42,32,36,31,23,40,33,38,46,34,29,41,38,34,27,31,30,28,35,42,35,38,46,46,32,36,39,38,32,34,38,30,37,41,31,33,29,25,42,48,30,47,35,16,47,27,51,52,34,25,36,31,33,36,39,37,36,39,43,37,36,37,31,30,43,27,36,39,31,34,45,32,39,24,43,38,37,34,35,38,34,37,31,33,39,25,30,40,36,38,27,36,33,34,0,36,14,45,46,48,27,33,30,30,27,39,38,33,51,39,44,36,39,35,34,39,41,47,35,30,29,38,37,36,37,37
23,35,35,28,34,56,31,19,38,25,30,38,37,33,34,35,38,32,35,25,34,29,45,51,28,34,43,29,43,43,42,40,25,30,23,27,32,32,31,32,29,33,34,22,40,42,36,31,38,30,44,48,30,39,32,36,40,42,44,32,29,33,39,38,34,36,30,41,21,33,50,23,36,43,40,33,29,34,39,30,34,49,32,30,41,44,31,30,36,45,41,34,44,32,37,52,24,32,32,24,44,35,40,45,33,36,43,32,57,40,32,31,38,31,35,31,28,47,40,33,47,32,33,30,40,32,35,31,41,34,29,34,40,32,36,37,38,33,30,25,38,40,31,34,31,34,33,31,38,35,34,38,31,37,37,36,36,0,32,37,47,50,31,37,29,35,44,30,30,30,33,34,37,37,41,35,34,32,38,52,36,34,36,39,31,33,38,36
37,27,31,32,37,40,31,32,36,31,33,17,46,34,24,46,35,33,33,38,31,31,38,48,28,38,38,33,46,40,45,47,43,32,31,35,30,30,39,30,31,38,33,37,37,35,38,29,30,31,46,47,31,33,33,31,43,30,40,31,33,34,41,36,36,29,28,36,28,34,34,35,29,39,40,34,27,33,34,23,35,46,36,36,44,42,32,36,38,40,36,33,44,24,33,34,36,27,27,23,38,50,32,41,37,18,49,29,46,47,34,27,36,33,32,36,41,37,36,37,50,25,38,39,32,26,43,27,34,39,33,34,41,32,39,24,44,38,39,28,35,38,34,39,29,33,39,27,32,39,35,46,27,37,34,34,14,32,0,45,49,50,37,38,29,28,28,39,38,31,47,39,41,42,42,32,40,39,38,38,35,30,28,37,39,33,37,37
33,27,26,44,16,52,23,34,25,32,29,45,41,21,44,35,17,33,24,35,29,32,52,62,34,15,53,34,41,54,39,42,48,30,36,22,30,27,22,27,29,23,40,33,10,53,33,34,34,20,43,44,34,33,22,33,35,49,52,29,34,17,36,33,18,27,34,53,30,23,43,29,27,51,25,15,23,31,36,42,12,45,30,18,54,54,35,25,27,51,53,42,51,42,27,45,35,28,33,29,47,47,38,47,30,36,41,44,49,44,20,32,10,31,23,19,39,53,35,17,39,42,30,18,38,30,39,32,15,24,37,24,35,33,20,40,34,25,13,19,16,35,21,16,31,31,24,32,34,25,29,32,32,25,10,23,45,37,45,0,46,42,33,35,40,43,37,23,15,33,42,24,34,39,39,24,30,25,32,51,15,20,37,37,13,17,42,31
40,52,52,44,56,61,50,47,54,49,38,49,32,54,45,36,51,44,48,52,47,49,41,50,48,45,38,51,51,44,38,51,52,49,50,49,46,45,54,45,49,59,42,41,44,49,44,48,46,47,29,32,46,54,45,46,45,48,39,50,51,50,50,48,37,51,47,40,46,53,41,43,47,43,41,51,45,50,45,48,40,41,52,50,42,46,45,48,55,36,47,48,36,45,52,40,48,50,51,51,42,52,45,44,50,52,45,40,41,48,50,48,40,47,52,53,49,45,42,55,47,39,50,55,46,46,50,49,46,52,49,46,56,40,54,48,36,56,53,45,53,52,57,54,51,45,58,48,46,57,55,36,49,54,53,52,46,47,49,46,0,55,45,41,51,46,41,54,45,48,50,54,46,39,63,52,46,58,50,37,55,50,45,36,55,53,27,51
43,47,43,50,47,26,41,49,41,50,51,49,51,48,53,50,47,37,47,47,30,46,54,57,43,38,56,46,38,53,47,4,47,41,47,42,48,40,43,42,46,43,51,44,39,52,53,51,42,33,50,51,42,50,44,48,29,42,58,33,46,41,46,37,41,34,54,57,36,46,53,43,46,56,38,46,35,41,47,45,37,37,48,40,55,57,48,41,49,54,41,52,56,49,29,39,46,41,43,40,50,29,51,50,39,47,37,51,58,26,43,43,37,41,43,42,25,52,30,48,31,47,44,49,50,35,28,45,37,47,43,43,46,49,47,52,49,44,48,35,51,47,44,47,38,34,48,43,44,45,52,48,45,46,44,43,48,50,50,42,55,0,49,41,50,44,48,45,38,51,20,47,30,47,53,43,49,46,43,57,47,47,52,48,44,42,54,48
39,45,43,31,43,34,39,35,41,38,35,30,25,50,30,34,42,39,35,37,34,32,45,54,31,31,37,32,39,41,25,50,44,36,35,37,42,38,39,38,32,43,35,41,31,35,18,35,27,40,41,39,27,35,43,43,35,40,41,33,32,37,38,30,28,38,36,35,31,38,35,42,34,45,32,40,38,47,45,34,31,40,40,44,44,43,38,37,44,48,42,29,48,28,37,38,40,41,32,40,40,49,24,39,35,33,32,29,42,43,37,35,31,42,37,36,31,38,30,50,32,44,43,44,26,35,39,35,34,41,39,41,43,3,39,29,25,43,42,34,40,44,42,43,42,36,48,35,29,42,45,19,35,41,41,39,27,31,37,33,45,49,0,30,33,30,26,43,31,45,50,45,39,27,48,37,37,44,29,44,40,44,22,29,45,39,40,40
37,37,39,36,41,42,41,42,44,37,35,28,26,47,24,28,42,42,35,40,32,44,47,44,43,34,44,46,47,39,30,44,44,34,45,40,36,36,37,38,44,47,38,38,35,46,30,37,39,32,33,34,39,44,40,37,33,44,43,38,46,39,38,40,32,34,41,44,31,41,38,38,34,37,30,38,30,43,38,30,33,44,43,37,42,41,36,39,47,38,45,38,48,24,35,28,40,37,31,34,34,51,28,34,41,27,33,33,34,52,41,27,34,38,39,44,32,45,31,46,44,42,43,44,29,35,38,31,38,39,42,41,45,31,41,19,22,48,40,28,40,48,42,41,36,38,46,27,37,40,42,30,31,41,43,41,33,37,38,35,41,41,30,0,30,30,22,41,34,39,47,44,33,24,46,40,29,46,35,26,40,40,20,20,43,41,40,41
24,25,29,28,37,44,26,29,35,31,30,23,34,39,24,40,34,31,29,37,33,34,42,45,33,36,43,34,45,41,40,46,41,28,38,28,32,32,34,34,33,39,26,25,38,38,40,29,37,34,46,41,38,30,30,33,37,42,37,27,34,35,41,34,35,27,32,43,32,35,49,34,38,13,39,36,29,34,34,10,34,47,36,31,39,41,35,32,38,41,41,19,39,20,35,38,37,29,14,27,34,51,20,38,30,23,50,28,48,47,38,18,36,35,30,35,35,43,38,39,50,34,32,39,20,35,41,21,31,34,31,36,39,33,35,24,42,38,37,31,35,36,34,37,27,31,39,18,41,40,31,36,21,32,35,34,30,29,29,40,51,50,33,30,0,36,31,35,36,33,48,35,45,22,47,30,40,36,36,44,34,36,31,38,42,31,29,34
35,39,41,32,41,57,38,33,39,32,31,31,33,43,32,36,41,40,39,33,34,41,41,48,40,40,39,37,45,37,34,47,43,36,39,32,30,34,35,34,41,39,30,35,41,38,35,37,37,34,42,44,32,44,38,33,41,39,39,39,37,40,45,37,36,41,30,39,41,42,45,32,35,45,40,40,37,40,36,33,41,46,42,42,35,37,36,37,42,39,39,36,36,32,43,41,34,39,37,38,42,53,36,41,39,32,40,27,51,47,39,32,40,39,36,40,44,37,40,44,40,35,37,43,36,37,43,36,39,41,35,39,46,30,41,28,27,39,41,38,41,45,37,41,39,39,41,32,37,42,45,29,36,44,37,37,30,35,28,43,46,44,30,30,36,0,32,41,40,34,45,41,41,37,49,36,39,43,42,53,41,37,28,32,41,37,33,43
37,35,37,36,45,32,41,34,42,46,37,26,25,45,28,28,42,39,43,36,34,35,46,47,34,35,41,37,49,46,28,48,51,38,36,39,40,36,43,36,35,43,38,38,33,44,28,35,33,32,37,45,32,46,39,37,35,31,46,36,37,39,35,35,32,38,43,43,36,43,31,41,38,44,32,42,32,43,35,34,31,35,41,47,43,46,38,39,48,39,37,38,45,30,34,32,40,35,35,36,43,49,32,48,45,33,42,28,42,45,39,31,30,32,39,44,43,39,30,48,44,42,43,44,32,33,39,33,36,43,42,41,44,26,45,35,25,46,44,30,42,46,43,45,38,40,47,31,35,41,42,30,33,42,41,40,27,44,28,37,41,48,26,22,31,32,0,45,36,37,52,43,41,29,44,41,39,43,34,40,44,44,14,29,46,42,32,43
33,19,19,37,14,55,26,30,19,33,30,41,47,20,33,45,14,32,23,31,29,28,44,52,26,19,47,32,46,44,47,43,37,23,28,26,30,28,17,21,32,21,34,33,20,47,45,32,30,31,54,50,30,36,22,29,33,51,44,35,32,9,39,36,27,24,39,47,34,24,54,31,26,44,29,13,28,30,24,37,22,53,30,10,44,44,23,11,20,46,51,37,46,35,35,51,22,20,28,26,45,48,38,45,26,35,49,37,59,47,15,25,19,26,16,15,37,47,37,20,49,39,30,16,38,36,39,27,22,6,35,15,40,44,14,37,45,20,14,29,16,38,12,14,27,23,20,25,32,15,21,47,27,19,16,18,39,30,39,23,54,45,43,41,35,41,45,0,22,34,47,18,39,45,40,14,41,21,43,55,14,26,43,43,18,16,42,30
31,26,22,43,15,50,25,31,22,29,32,39,34,17,39,36,17,27,19,32,28,26,49,56,28,5,50,30,37,47,34,40,43,21,30,21,32,29,23,24,26,18,36,31,12,49,31,32,33,24,45,43,28,38,26,32,34,48,49,24,31,15,33,31,22,30,40,50,30,9,45,29,31,45,24,15,25,28,28,40,6,44,33,18,49,47,29,17,23,50,50,35,50,34,26,46,29,23,31,31,48,41,34,48,26,35,40,40,50,40,14,31,5,24,16,18,30,49,36,17,42,43,33,17,34,35,32,28,3,22,41,18,40,30,9,41,38,23,11,16,20,40,16,12,30,31,25,30,33,24,20,32,28,27,7,16,38,30,38,15,45,38,31,34,36,40,36,22,0,32,36,22,32,34,42,17,31,24,29,50,15,24,35,36,8,18,41,28
24,24,26,26,32,53,31,38,29,30,22,35,34,29,25,40,30,25,30,30,30,32,40,46,30,30,38,25,49,38,34,53,45,23,31,29,21,27,35,17,30,31,26,25,31,41,44,20,20,32,53,51,35,28,28,4,39,44,38,36,25,29,43,35,25,28,26,38,38,28,52,20,20,44,36,27,24,27,18,31,33,43,27,26,40,38,24,28,31,38,48,34,38,33,43,43,35,24,26,25,42,47,29,44,28,29,49,19,57,48,30,26,33,24,29,29,43,41,43,31,47,31,25,30,30,30,39,24,36,33,27,26,30,45,31,33,31,31,31,30,32,24,32,32,28,28,30,26,26,33,30,42,24,27,35,32,33,30,31,33,48,51,45,39,33,34,37,34,32,0,51,30,33,39,28,28,33,32,39,51,34,27,41,42,36,31,25,27
48,44,36,54,43,26,41,42,46,38,42,48,50,51,53,55,47,43,36,43,26,29,57,58,31,36,59,25,35,55,47,20,36,41,31,40,45,40,44,41,37,49,48,47,37,57,43,45,51,33,52,48,22,47,42,46,28,47,59,29,25,35,36,23,37,30,50,59,40,42,49,43,36,49,32,46,32,43,35,49,37,39,43,40,58,56,38,41,50,59,46,43,55,47,31,38,42,42,41,42,56,32,46,57,41,52,40,51,55,22,45,44,37,34,39,40,20,53,28,51,38,53,46,49,46,48,28,40,37,41,48,45,47,50,43,47,50,47,44,33,49,48,44,43,40,30,51,44,49,42,49,44,40,47,44,39,51,33,47,42,50,20,50,47,48,45,52,47,36,51,0,46,28,50,50,40,47,45,39,44,45,43,48,44,48,39,50,43
30,17,17,35,19,59,27,39,8,30,32,39,49,2,37,48,17,27,16,28,37,29,44,52,28,21,47,33,47,44,49,48,42,18,31,23,30,24,23,21,29,8,35,29,18,46,43,30,43,35,52,53,39,35,24,30,45,50,43,38,33,18,35,40,34,24,40,47,41,16,51,28,28,45,37,20,30,30,29,34,20,55,29,13,44,44,26,14,8,45,49,37,47,36,41,50,34,17,25,28,44,53,36,46,28,38,54,37,56,53,15,29,21,27,12,20,44,45,41,6,54,41,31,22,36,43,42,29,24,20,33,17,41,44,17,38,47,6,17,33,21,38,17,18,26,27,12,29,43,18,6,45,29,18,22,9,39,34,39,24,54,47,45,44,35,41,43,18,22,30,46,0,45,42,41,13,43,10,42,55,17,22,42,44,24,12,40,26
43,34,34,43,39,42,37,39,37,39,39,41,32,46,39,37,41,37,30,39,24,33,46,53,29,32,49,34,34,56,35,26,47,37,36,38,45,34,35,35,35,39,40,44,35,45,38,43,33,33,50,49,33,36,40,41,12,44,50,21,34,39,28,28,31,28,45,49,34,36,52,43,32,53,26,40,28,41,40,43,35,39,42,37,53,56,40,35,43,48,50,44,53,42,25,32,35,36,34,32,51,39,38,50,37,39,31,43,52,26,37,32,33,29,29,38,22,42,24,46,36,41,38,43,38,34,22,31,31,39,45,37,43,40,39,38,31,40,40,29,45,43,42,39,34,30,42,32,31,37,44,40,31,37,36,29,44,37,41,34,46,30,39,33,45,41,41,39,32,33,28,45,0,39,45,28,42,37,30,53,39,37,37,38,38,29,39,41
34,35,39,35,47,40,37,39,41,47,37,39,19,47,33,26,44,32,39,42,28,33,49,52,34,34,41,36,46,48,25,52,38,36,36,43,32,38,43,36,37,48,31,34,39,45,27,35,31,32,41,35,28,44,41,39,39,38,40,29,36,39,30,28,30,30,36,41,32,36,38,32,32,35,34,42,28,45,38,30,35,40,39,39,42,48,35,41,46,41,46,26,45,31,37,33,42,41,34,36,43,57,32,44,38,33,38,37,40,35,45,28,30,30,39,42,36,43,36,47,38,36,43,46,32,37,35,29,30,43,34,37,50,28,39,35,25,45,46,30,44,47,43,47,34,42,46,28,31,49,46,29,29,40,39,40,36,37,42,39,39,47,27,24,22,37,29,45,34,39,50,42,39,0,48,36,40,48,33,39,44,48,24,20,45,40,33,38
40,37,41,42,40,61,41,45,38,36,37,43,46,45,43,45,38,36,35,35,39,37,45,61,37,41,49,34,44,45,43,52,47,35,38,38,42,36,39,38,37,44,40,40,41,49,49,36,41,41,61,62,43,26,39,32,48,56,50,46,31,40,51,40,41,33,37,47,40,39,58,34,42,50,47,38,38,43,22,45,39,59,40,42,50,45,34,43,45,51,57,43,48,41,47,60,41,43,39,41,49,60,40,51,41,43,54,46,63,51,38,38,42,40,33,39,44,51,48,45,56,43,45,42,40,41,45,36,45,36,43,38,18,48,37,44,45,42,37,41,32,26,36,38,43,39,39,38,43,45,41,46,36,41,41,36,39,41,42,39,63,53,48,46,47,49,44,40,42,28,50,41,45,48,0,36,43,41,41,65,34,37,48,52,42,40,40,39
25,17,20,35,16,50,23,35,11,28,25,33,37,22,30,39,17,24,16,28,24,27,41,48,28,14,40,29,38,44,39,42,41,11,30,21,26,17,17,14,28,22,33,25,20,39,36,23,29,23,48,49,31,27,15,28,32,46,41,26,29,18,32,29,21,20,37,40,35,18,47,24,21,40,22,15,21,24,21,31,20,45,29,18,43,43,21,11,23,45,45,32,45,31,29,48,31,12,22,26,41,44,28,39,30,35,42,34,53,42,15,21,10,23,9,16,32,41,36,18,45,34,26,18,28,37,32,23,15,18,32,17,36,36,18,33,40,19,16,21,17,27,21,16,24,18,22,21,29,18,18,39,23,14,15,11,35,35,32,24,52,43,37,40,30,36,41,14,17,28,40,13,28,36,36,0,31,16,34,54,13,17,38,38,15,10,36,28
30,31,31,39,42,49,42,37,35,37,35,37,35,39,44,38,37,38,33,36,27,31,49,55,30,31,44,31,33,47,34,47,43,34,38,40,33,35,42,32,33,38,42,30,30,51,34,30,20,21,45,47,22,41,39,28,36,46,49,29,31,35,35,35,32,35,27,44,22,31,49,32,37,47,29,35,37,40,40,38,30,43,37,39,43,47,32,32,37,43,46,33,43,34,36,45,38,27,31,35,42,35,38,39,39,36,38,42,51,37,34,31,31,35,31,35,34,51,37,39,41,38,40,37,38,8,38,35,25,40,42,38,39,37,37,35,35,39,38,27,39,40,42,44,35,35,37,31,18,40,44,36,35,34,32,32,34,34,40,30,46,49,37,29,40,39,39,41,31,33,47,43,42,40,43,31,0,40,30,45,42,34,31,31,35,37,38,36
32,16,19,38,21,58,25,34,15,30,31,37,48,10,37,46,18,34,16,32,33,30,47,56,30,24,47,30,45,46,47,45,42,20,31,22,32,26,27,20,30,13,38,32,22,48,43,32,40,32,59,57,39,37,23,32,40,50,47,33,30,18,45,40,29,27,42,47,38,21,56,31,25,47,32,22,29,27,30,36,23,54,29,22,47,46,30,19,6,47,48,39,47,37,34,53,34,18,24,26,47,50,36,46,29,38,54,36,57,48,23,26,20,29,15,20,42,49,41,13,52,41,31,22,36,42,43,28,23,21,36,23,41,44,20,40,47,12,20,29,21,39,17,21,26,26,8,27,40,19,6,48,27,16,19,17,39,32,39,25,58,46,44,46,36,43,43,21,24,32,45,10,37,48,41,16,40,0,48,57,21,16,43,49,19,14,41,29
40,38,41,41,43,54,34,46,43,42,39,44,32,45,41,31,40,35,41,40,31,37,45,55,34,29,50,32,36,47,35,40,46,37,34,36,40,39,44,40,37,44,35,40,33,51,35,37,36,36,52,48,33,42,39,37,32,45,49,29,32,40,43,31,32,35,44,49,31,42,50,38,36,51,28,41,35,35,38,40,31,40,42,39,46,47,39,41,45,52,46,45,51,40,33,46,45,38,40,33,51,51,33,51,32,42,49,42,51,44,42,40,31,34,34,38,29,50,32,45,37,42,38,43,34,32,34,38,34,43,43,44,47,30,41,43,39,46,38,31,43,44,39,41,31,32,46,40,34,44,42,32,38,40,37,38,41,38,38,32,50,43,29,35,36,42,34,43,29,39,39,42,30,33,41,34,30,48,0,53,39,40,40,37,32,40,47,39
53,49,53,54,61,49,47,50,55,55,47,44,42,60,36,44,56,56,55,53,48,54,49,49,53,50,39,50,60,50,48,53,52,52,53,48,51,48,57,52,52,58,52,54,45,44,46,49,47,48,33,24,49,59,55,53,50,39,49,51,50,55,53,55,46,52,57,41,47,55,35,55,52,43,46,56,54,57,55,46,45,49,57,59,52,48,54,51,59,51,53,53,47,38,46,43,53,47,46,48,33,63,46,44,55,43,49,46,18,51,51,45,43,54,54,58,49,49,46,61,55,44,57,60,46,47,47,47,47,55,53,55,61,44,57,41,42,59,60,42,56,60,56,59,48,52,60,45,49,57,55,46,47,58,54,53,47,52,38,51,37,57,44,26,44,53,40,55,50,51,44,55,53,39,65,54,45,57,53,0,58,54,38,40,60,54,48,58
32,14,16,37,2,55,27,32,16,28,32,34,46,22,34,46,4,30,14,25,34,26,47,54,27,15,48,22,43,44,46,49,42,18,24,19,33,29,17,21,27,17,37,32,13,46,41,27,42,28,53,49,37,28,23,33,39,48,47,33,22,13,41,33,34,24,37,48,37,15,53,30,22,43,34,9,24,27,29,33,15,53,33,10,47,44,27,14,20,48,48,35,48,33,37,51,26,20,26,24,43,47,32,43,26,37,49,37,58,49,10,26,10,26,14,11,39,46,39,23,51,41,29,6,32,42,41,26,12,12,35,16,32,40,6,37,44,18,1,26,14,32,17,2,22,24,18,26,42,20,18,42,26,19,12,14,35,36,35,15,55,47,40,40,34,41,44,14,15,34,45,17,39,44,34,13,42,21,39,58,0,18,42,40,13,12,39,30
26,6,14,31,21,60,22,32,22,22,28,28,38,20,30,38,18,26,22,24,37,27,40,49,23,24,42,27,45,43,44,45,41,19,27,13,28,24,22,15,27,16,35,27,27,46,42,26,43,30,52,50,33,30,15,28,41,47,40,30,27,26,37,32,26,23,40,42,37,20,51,24,19,45,35,18,25,20,27,37,19,46,29,19,42,43,25,23,20,42,49,33,42,28,26,54,28,12,29,17,43,46,30,43,26,34,52,33,54,47,22,28,24,17,17,18,33,46,43,21,56,35,22,25,31,38,37,24,24,22,31,21,38,45,23,30,42,20,17,22,27,30,15,20,23,23,19,28,43,22,22,46,24,22,27,16,30,34,30,20,50,47,44,40,36,37,44,26,24,27,43,22,37,48,37,17,34,16,40,54,18,0,43,41,21,20,41,29
37,33,35,36,47,36,41,38,41,45,39,18,29,45,30,32,42,41,41,40,32,37,42,43,36,35,39,39,47,44,30,49,47,40,38,37,42,38,43,38,37,42,36,38,33,41,25,35,33,34,41,43,32,42,45,35,35,31,42,34,39,39,36,37,32,36,43,41,30,41,27,41,36,42,32,42,28,39,35,34,31,38,40,45,43,46,40,39,47,41,39,40,47,30,32,30,42,33,34,34,41,55,32,46,43,33,38,30,38,44,39,33,30,34,38,44,41,42,34,48,44,44,39,46,32,33,33,35,34,43,41,41,44,22,45,33,23,44,44,28,42,44,42,45,36,44,46,33,35,42,41,30,35,42,41,38,29,36,28,37,45,52,22,20,31,28,14,43,35,41,48,42,37,24,48,38,31,43,40,38,42,43,0,27,46,40,32,42
39,37,39,34,45,37,37,40,43,45,39,35,22,47,33,22,42,43,39,41,36,34,48,53,39,36,49,42,41,46,26,49,42,38,39,39,36,38,39,36,40,48,35,39,35,46,29,37,35,32,40,32,29,43,37,39,42,44,40,35,42,43,29,43,30,32,35,49,37,41,37,38,40,42,28,42,36,37,38,36,31,36,40,44,50,48,36,39,46,43,47,30,40,33,39,35,35,39,33,36,43,55,30,39,42,37,40,32,40,49,41,28,30,36,38,44,39,45,35,51,40,46,37,46,31,33,37,29,37,43,37,41,47,29,43,39,28,46,46,30,42,43,45,47,36,38,47,28,35,49,43,26,29,42,44,42,38,39,37,37,36,48,29,20,38,32,29,43,36,42,44,44,38,20,52,38,31,49,37,40,40,41,27,0,45,39,42,42
36,21,18,38,13,56,29,41,20,34,36,39,46,19,41,46,17,32,19,38,32,31,51,57,31,9,49,30,35,51,42,48,41,21,31,26,37,34,24,23,31,20,43,36,8,50,45,39,36,26,55,52,34,40,27,36,42,49,51,38,31,19,29,33,26,28,40,49,33,19,55,35,26,51,34,19,35,31,33,41,8,50,32,22,51,51,31,17,23,50,49,41,48,39,36,48,36,22,28,24,50,45,41,52,33,41,52,35,60,48,20,31,9,32,16,14,40,50,40,18,52,45,35,13,41,33,36,31,11,24,39,18,44,44,13,41,46,21,15,30,22,42,16,14,24,25,19,31,36,28,25,46,31,21,13,18,37,31,39,13,55,44,45,43,42,41,46,18,8,36,48,24,38,45,42,15,35,19,32,60,13,21,46,45,0,12,46,35
26,13,13,36,15,51,24,36,9,32,26,34,38,18,31,42,16,25,11,29,29,31,42,49,28,18,41,30,44,45,40,41,39,17,29,19,27,22,18,17,30,13,34,26,21,40,36,29,34,24,50,49,31,27,22,30,33,47,42,29,30,12,42,31,20,25,38,41,33,9,47,27,23,41,23,17,19,28,25,32,16,48,26,19,44,44,28,16,15,46,46,33,46,32,26,49,32,14,23,23,41,43,29,40,23,36,43,35,54,42,19,22,16,24,10,16,33,42,35,17,45,35,30,17,29,38,33,24,17,15,32,14,40,39,13,34,41,15,12,21,17,32,14,15,27,19,16,22,34,15,12,39,24,18,19,9,36,33,33,17,53,42,39,41,31,37,42,16,18,31,39,12,29,40,40,10,37,14,40,54,12,20,40,39,12,0,37,25
25,35,33,18,41,52,35,39,40,35,19,37,29,41,32,33,41,24,33,36,36,36,35,45,35,41,33,36,45,33,36,52,47,30,38,32,32,33,39,26,34,43,16,25,42,36,36,31,37,35,42,45,37,39,36,25,39,42,33,38,36,39,44,31,29,34,18,29,36,41,46,27,32,38,37,36,36,37,25,29,40,40,34,38,24,35,24,36,42,21,45,23,23,32,43,52,36,35,32,38,37,57,28,39,25,37,50,16,48,50,40,33,39,36,36,38,36,34,38,41,50,20,35,43,28,39,34,33,40,37,31,35,43,40,39,35,36,43,41,39,39,42,39,41,38,35,42,33,35,40,40,35,33,38,40,35,37,38,37,42,27,54,40,40,29,33,32,42,41,25,50,40,39,33,40,36,38,41,47,48,39,41,32,42,46,37,0,35
27,25,26,33,31,55,27,32,26,29,26,36,35,26,34,39,30,24,25,32,38,23,42,52,27,28,42,28,43,41,38,46,42,26,27,26,27,26,30,25,25,30,33,26,30,40,42,21,36,29,49,49,28,30,30,26,43,49,43,35,28,28,44,32,33,21,35,42,29,24,51,22,26,43,36,26,20,27,27,32,31,46,16,28,44,41,26,28,24,44,48,30,43,34,36,48,28,27,24,23,44,53,31,42,29,36,46,29,56,44,28,23,27,19,28,26,41,41,37,28,47,38,25,27,30,35,42,26,30,26,32,30,38,40,27,35,37,29,30,32,30,30,28,30,25,21,29,23,36,27,31,41,26,23,32,29,37,36,37,31,51,48,40,41,34,43,43,30,28,27,43,26,41,38,39,28,36,29,39,58,30,29,42,42,35,25,35,0
