0,26,33,15,29,58,12,18,29,14,14,21,31,30,23,32,37,9,20,14,13,15,28,34,15,28,25,15,41,42,23,40,28,19,15,19,16,6,32,32,15,28,11,4,35,28,19,2,12,31,26,26,24,12,24,4,38,44,33,17,15,24,45,26,17,19,22,38,28,25,45,9,27,27,22,38,26,5,8,25,31,45,20,24,33,34,17,23,33,40,46,9,18,29,16,49,14,33,23,27,21,41,11,40,24,25,38,12,47,24,29,20,28,6,23,24,19,40,22,29,39,32,9,25,11,15,26,20,19,38,27,38,23,17,24,27,21,28,29,36,29,16,33,29,9,11,28,20,12,37,29,31,20,32,20,24,31,18,31,29,24,33,17,31,15,38,32,25,28,35,27,29,33,39,23,23,35,34,36,40,29,20,37,23,31,24,9,26
26,0,2,18,15,49,23,29,15,27,14,21,21,18,19,27,9,21,8,25,26,27,42,46,25,19,28,27,37,39,34,40,37,17,27,19,27,21,4,1,27,23,36,22,18,28,48,24,31,9,46,48,29,31,8,25,39,38,40,19,27,9,40,31,7,12,26,36,18,16,52,23,19,40,25,9,17,29,25,23,18,40,27,15,37,39,16,17,16,32,43,39,30,17,13,37,27,2,23,14,30,48,38,32,15,21,41,15,51,48,16,9,18,28,9,15,33,36,37,21,46,29,35,10,38,16,37,6,16,11,31,16,28,48,10,23,25,23,14,7,9,38,9,15,25,25,16,9,37,17,14,44,6,19,18,10,21,29,21,20,46,50,48,27,40,27,33,16,19,10,47,17,41,21,33,9,22,15,35,53,14,2,37,37,18,8,38,26
33,2,0,18,19,51,20,31,15,23,14,21,21,16,19,27,15,27,16,25,24,23,40,46,25,18,28,23,37,39,30,46,35,17,23,19,29,24,6,1,23,21,36,33,16,28,48,24,27,9,46,48,37,28,8,22,37,34,41,27,23,10,44,39,7,14,26,36,18,17,51,21,17,40,25,9,19,30,22,23,17,40,27,15,37,41,24,18,17,32,36,43,30,17,13,39,25,2,23,16,30,44,38,32,9,21,36,15,49,46,16,9,13,29,9,14,36,36,33,21,46,29,27,10,38,16,43,6,25,10,31,11,35,46,10,23,25,19,19,7,9,38,9,19,33,25,16,9,36,17,16,43,6,21,19,8,21,31,21,21,46,50,46,27,37,27,37,15,18,10,47,15,44,21,39,9,16,17,31,53,14,4,33,37,19,10,40,30
15,18,18,0,39,57,20,25,31,22,18,21,22,30,14,22,40,23,19,27,35,33,39,46,19,28,29,33,17,38,6,36,43,18,29,22,27,29,27,17,33,32,10,26,36,29,42,19,33,39,36,31,33,30,14,17,39,28,42,36,33,28,40,32,32,24,2,34,12,28,43,32,21,35,33,32,36,33,20,14,36,12,33,29,37,41,21,26,29,20,36,29,32,18,36,44,25,18,21,35,33,41,34,23,20,11,31,12,53,34,30,10,30,36,29,28,39,36,38,34,12,31,22,23,34,25,39,16,26,29,27,29,33,43,30,27,22,31,36,26,26,35,29,39,34,24,31,10,34,32,30,8,16,32,27,27,29,31,27,30,33,43,43,26,10,27,37,30,28,12,43,30,38,20,35,29,38,25,35,44,38,26,37,30,26,30,23,26
29,15,19,39,0,57,25,28,15,28,21,34,45,26,35,41,4,28,14,30,35,28,45,57,28,6,46,27,42,46,41,47,35,14,28,10,29,29,14,19,28,18,33,28,20,44,37,23,35,31,54,47,28,28,15,23,43,48,41,26,28,4,43,32,16,25,31,42,30,15,51,26,19,46,33,3,21,32,28,33,18,51,28,10,43,44,21,12,22,42,48,39,44,28,26,47,30,20,27,21,44,48,40,42,19,35,47,40,61,47,10,25,6,26,11,10,39,42,33,20,51,37,27,2,40,37,43,24,8,4,33,4,32,41,3,28,39,18,2,29,10,28,6,2,26,26,17,25,40,20,17,45,24,20,8,11,34,28,34,10,54,41,41,36,33,38,41,10,5,28,43,17,41,36,34,11,38,22,35,59,2,17,45,39,9,11,38,29
58,49,51,57,57,0,60,61,53,54,54,22,44,59,32,63,59,55,53,58,56,54,59,56,57,48,52,54,49,57,57,51,54,52,52,56,63,62,50,42,54,62,54,60,49,22,58,50,53,40,26,40,57,53,49,49,54,38,61,40,54,54,62,55,38,63,57,52,57,47,28,58,64,56,62,59,58,60,50,58,43,41,57,55,65,63,59,53,61,54,22,45,44,47,45,10,54,53,44,49,51,42,42,58,57,35,50,43,63,48,60,54,47,60,51,54,53,22,44,61,53,54,62,53,44,57,43,47,49,53,66,57,56,62,51,37,56,57,58,60,61,63,55,57,60,59,62,54,56,65,63,53,47,61,54,49,23,58,19,48,32,27,62,28,60,41,14,60,48,51,54,58,60,58,60,52,49,61,51,61,57,56,14,42,52,52,55,59
12,23,20,20,25,60,0,28,28,9,19,27,33,30,25,28,23,24,14,18,7,18,41,41,18,23,36,18,36,33,30,23,29,13,18,11,12,2,28,26,18,29,31,7,32,40,32,12,37,31,39,34,25,25,9,16,23,50,26,25,18,27,42,34,16,21,30,46,25,26,58,13,11,37,11,20,11,2,16,23,30,38,19,14,39,51,27,12,31,39,46,16,25,16,19,53,19,25,24,17,27,48,13,41,21,26,46,15,58,19,15,10,23,3,24,20,13,48,17,26,41,39,6,19,13,32,15,11,30,22,17,16,20,39,21,29,29,29,21,20,21,18,22,21,7,3,27,10,36,30,28,36,11,27,29,23,33,35,31,22,37,25,39,37,24,33,49,15,23,32,31,27,17,29,20,24,37,27,31,45,21,29,43,30,29,21,23,29
18,29,31,25,28,61,28,0,30,7,33,34,25,35,31,21,30,24,25,9,29,7,45,52,6,31,39,7,32,35,22,34,7,24,7,27,28,25,31,28,7,29,14,15,35,38,30,19,27,38,51,46,23,17,24,21,37,51,39,30,7,28,46,23,26,28,23,41,16,23,52,8,36,39,28,33,28,24,17,31,24,30,23,29,42,39,26,27,35,38,32,27,42,29,39,54,4,31,36,30,42,24,27,38,30,32,38,16,45,45,34,28,31,27,21,29,28,41,29,30,43,32,29,30,27,25,35,28,28,36,29,32,21,32,28,34,25,32,28,28,28,14,29,28,24,23,30,28,25,42,36,31,28,35,28,23,32,1,30,38,50,42,32,36,14,32,34,26,31,40,39,29,27,24,23,20,40,30,34,58,28,43,38,19,23,22,25,30
29,15,15,31,15,53,28,30,0,23,26,33,42,8,31,41,15,23,14,25,35,23,42,55,23,17,45,23,42,42,41,46,38,15,23,17,29,25,22,16,23,7,31,28,19,44,43,27,39,31,54,52,32,39,17,22,40,46,43,37,23,11,43,38,23,26,34,43,30,16,56,21,23,43,34,24,26,27,31,31,15,48,17,14,48,43,22,16,10,41,52,37,47,34,37,50,25,17,23,22,47,50,36,40,25,35,46,29,61,46,17,19,16,26,9,13,39,42,41,4,51,36,36,14,36,36,40,19,13,21,30,19,38,41,12,37,40,6,19,31,15,33,16,15,26,27,2,20,40,12,8,42,18,10,17,9,38,32,33,18,55,49,41,41,28,43,42,15,17,27,48,6,43,41,43,11,38,13,44,58,13,20,41,39,14,9,40,20
14,27,23,22,28,54,9,7,23,0,28,22,19,28,21,25,30,12,17,2,28,1,45,36,1,24,41,1,29,36,25,40,13,16,1,20,17,16,29,22,1,22,12,9,31,40,30,10,32,31,33,33,9,16,15,11,37,45,40,29,1,18,46,11,21,17,25,36,13,14,52,2,22,33,24,33,9,19,9,32,31,25,17,18,45,50,14,20,29,36,44,15,24,23,32,51,3,23,28,20,26,27,22,33,28,24,34,10,52,35,19,17,24,18,15,19,30,37,23,23,44,31,13,22,22,27,33,14,18,35,21,35,20,36,18,26,15,22,28,29,22,18,29,28,12,12,22,17,24,37,27,30,14,27,18,15,22,7,22,27,32,41,36,34,10,31,41,23,24,30,42,23,31,37,20,14,43,27,28,56,28,19,32,21,26,15,21,21
14,14,14,18,21,54,19,33,26,28,0,23,35,27,21,28,19,24,14,27,24,27,23,40,27,32,34,27,44,34,26,36,41,13,32,8,22,26,15,9,27,26,19,16,35,37,32,20,42,19,48,47,33,29,15,18,36,45,42,28,27,18,42,37,28,18,21,36,29,20,48,21,21,38,30,20,17,20,25,22,30,34,27,22,34,35,21,21,25,42,45,28,41,5,38,43,27,10,19,19,41,56,25,42,2,26,30,16,59,43,19,11,29,22,21,22,32,39,35,28,38,13,21,19,27,43,37,9,23,20,29,20,39,32,23,26,26,25,19,24,18,33,17,19,23,25,25,11,35,29,25,34,9,27,30,17,23,31,25,28,46,39,31,34,36,23,39,23,32,28,41,24,27,21,36,21,39,24,32,55,19,14,35,33,32,22,34,27
21,21,21,21,34,22,27,34,33,22,23,0,22,36,2,34,34,18,23,24,26,24,35,34,24,36,9,24,48,43,35,43,37,22,23,23,26,30,25,20,24,34,15,32,34,8,33,15,30,39,37,37,37,26,19,17,43,14,45,27,24,31,53,34,33,17,19,10,37,29,17,23,35,32,43,33,17,37,21,24,37,34,33,30,36,39,16,32,41,16,14,29,18,12,29,26,30,21,32,11,12,54,22,16,27,5,39,17,48,44,31,25,33,30,27,30,29,10,40,38,45,19,37,30,23,31,37,19,38,32,27,34,33,36,30,3,16,34,44,32,35,30,31,34,32,34,34,25,35,38,35,40,19,38,34,28,3,30,1,37,37,44,36,12,10,9,18,34,36,19,50,33,39,28,33,27,39,34,43,40,43,21,8,30,34,34,17,28
31,21,21,22,45,44,33,25,42,19,35,22,0,43,20,2,44,14,35,27,26,15,47,50,19,39,48,15,30,33,2,42,19,34,20,35,37,34,33,20,15,43,6,27,42,48,42,27,38,32,49,38,26,33,41,27,35,34,46,38,15,39,37,18,35,24,21,30,22,39,40,14,35,37,24,43,30,37,30,16,42,6,29,37,34,41,24,34,39,26,36,30,21,36,23,44,20,21,32,29,22,34,33,24,33,21,6,6,52,47,38,37,39,40,37,38,29,37,34,44,18,20,35,42,33,32,31,20,38,41,29,41,37,36,39,30,2,41,47,35,36,34,42,45,28,32,43,37,38,42,37,2,20,45,40,38,23,23,22,33,48,46,36,19,24,21,30,40,39,19,42,43,36,2,37,37,44,33,40,51,45,20,41,6,38,39,33,29
30,18,16,30,26,59,30,35,8,28,27,36,43,0,32,42,27,23,17,31,35,28,46,56,28,19,43,28,43,46,39,46,42,16,28,18,27,28,21,17,28,10,30,28,28,43,49,27,34,32,52,51,34,30,17,25,43,51,50,31,28,14,42,36,28,27,33,43,37,16,57,23,28,42,35,25,25,28,26,33,23,49,22,15,41,44,21,12,2,46,54,35,47,32,33,51,28,19,26,27,47,52,34,46,27,38,48,26,63,47,18,20,19,27,13,14,37,42,36,4,54,40,35,15,34,41,35,17,18,25,39,25,43,47,14,35,38,8,26,27,19,39,17,26,29,29,10,19,41,25,14,46,18,21,14,11,41,35,36,19,55,42,47,46,30,46,42,22,19,28,50,2,43,46,44,11,38,16,42,58,22,27,48,43,20,13,41,17
23,19,19,14,35,32,25,31,31,21,21,2,20,32,0,26,32,11,23,23,27,21,36,27,21,34,9,21,38,34,32,38,38,20,22,18,24,32,22,18,21,30,17,31,39,9,33,13,26,30,45,35,34,25,17,15,44,13,42,27,21,31,45,36,29,12,18,9,27,26,31,23,23,35,38,32,15,38,19,19,35,34,32,28,32,36,14,27,33,9,13,19,9,16,28,34,27,19,26,14,9,53,16,9,25,2,34,10,38,39,29,13,34,37,26,28,35,9,35,35,47,22,23,28,17,25,34,17,28,30,19,30,26,29,28,2,16,30,35,34,31,25,28,35,31,32,30,13,35,37,33,38,17,35,27,26,2,27,2,35,45,43,28,6,10,8,18,29,34,17,45,31,27,27,30,26,35,31,34,50,35,19,16,32,32,27,14,24
32,27,27,22,41,63,28,21,41,25,28,34,2,42,26,0,38,33,30,22,28,17,44,43,21,32,37,17,36,43,40,46,32,29,20,33,33,28,31,28,17,38,26,33,41,39,34,28,39,34,39,45,26,35,28,26,33,39,39,25,17,36,45,32,26,33,27,38,20,27,47,18,35,39,27,35,29,35,26,16,27,24,34,34,38,47,24,40,37,24,46,42,37,34,47,42,24,27,32,35,38,40,40,25,40,31,16,6,42,44,38,28,32,28,31,36,34,39,43,42,36,27,35,36,40,30,36,22,33,39,38,37,34,28,36,37,10,38,45,18,35,42,36,45,32,26,38,28,31,39,40,27,22,44,36,32,37,20,38,31,37,41,26,36,22,34,36,40,32,39,46,39,39,19,41,31,41,43,27,49,43,38,34,20,34,32,34,30
37,9,15,40,4,59,23,30,15,30,19,34,44,27,32,38,0,32,14,36,34,30,45,58,30,11,45,30,42,44,34,45,40,15,29,15,33,25,13,18,30,22,39,37,19,41,43,30,32,28,52,56,39,34,17,30,35,48,39,35,30,7,41,39,21,24,31,39,32,15,48,28,24,45,32,9,22,32,28,36,17,51,31,10,42,45,26,21,15,42,46,42,46,26,27,43,36,15,24,24,46,50,39,42,25,37,42,34,59,43,10,22,10,26,17,5,33,40,40,22,50,35,38,8,39,33,33,22,14,10,33,4,32,43,6,34,35,19,7,32,10,30,12,4,26,28,24,22,40,18,16,44,22,18,9,12,35,33,35,13,52,47,43,43,38,44,40,6,11,27,41,19,41,36,30,17,32,19,38,61,6,14,41,46,13,16,38,32
9,21,27,23,28,55,24,24,23,12,24,18,14,23,11,33,32,0,16,11,6,15,40,42,21,18,29,15,36,47,14,32,27,15,15,15,8,27,31,27,15,20,8,8,38,30,37,16,33,26,44,35,23,14,16,18,29,43,46,36,15,24,42,23,20,6,34,26,27,13,52,8,10,30,25,29,6,23,13,26,24,20,18,19,39,41,6,20,31,34,35,26,26,21,40,40,20,21,23,8,26,39,28,34,25,13,32,12,57,39,14,14,18,28,15,25,14,27,29,21,29,16,24,24,29,31,31,11,19,28,15,26,25,39,18,17,14,20,28,32,24,16,25,28,31,27,20,14,33,28,28,21,10,30,18,16,17,14,17,23,44,46,39,27,8,27,34,17,18,22,50,24,12,14,29,15,42,31,24,54,28,26,36,24,34,16,15,17
20,8,16,19,14,53,14,25,14,17,14,23,35,17,23,30,14,16,0,19,36,17,38,46,17,15,38,17,33,35,32,45,31,1,17,3,14,18,9,17,17,15,23,23,17,38,35,14,24,26,50,48,32,22,3,14,39,40,46,17,17,8,35,33,7,16,26,40,26,11,49,15,18,36,34,14,16,25,18,24,16,44,22,10,49,48,12,15,16,36,44,32,36,15,25,44,18,10,24,19,36,47,25,36,14,23,39,20,53,41,11,6,14,20,8,9,41,40,30,13,43,27,27,14,25,20,38,9,12,16,20,16,26,27,9,25,29,15,9,21,10,24,13,10,25,18,15,6,32,21,15,38,9,20,10,9,25,25,23,15,50,50,27,31,21,29,33,10,15,34,47,16,41,31,30,8,32,21,36,51,12,15,39,34,22,7,29,20
14,25,25,27,30,58,18,9,25,2,27,24,27,31,23,22,36,11,19,0,26,3,42,36,3,26,36,3,28,33,27,38,15,18,3,22,24,18,28,28,3,23,16,11,34,36,31,15,29,37,38,39,8,16,18,17,35,47,39,29,3,20,45,10,22,26,36,31,14,16,46,4,23,40,21,25,21,22,13,35,29,29,19,19,50,47,16,23,32,33,48,18,32,27,36,50,3,27,34,26,32,26,25,34,29,27,34,10,48,36,19,19,26,19,17,21,24,34,25,27,46,30,18,34,25,29,33,18,19,36,22,35,21,31,20,29,20,23,30,26,26,18,31,24,13,14,23,19,23,39,31,31,18,28,22,17,29,9,29,33,36,41,31,33,13,34,41,20,26,30,39,25,32,36,21,16,44,25,26,47,30,23,31,20,27,17,22,23
13,26,24,35,35,56,7,29,35,28,24,26,26,35,27,28,34,6,36,26,0,22,39,50,29,30,36,22,35,41,22,16,34,23,27,32,15,10,28,19,22,39,25,8,31,35,26,22,19,34,40,36,21,29,28,23,30,40,43,26,22,28,33,19,21,4,41,26,13,31,34,24,14,43,4,28,10,7,24,18,21,35,29,26,37,39,14,24,36,35,28,17,32,34,32,47,27,26,32,12,38,49,15,35,28,24,37,24,49,22,31,32,30,10,31,36,10,25,12,38,42,32,12,34,15,19,10,33,29,35,17,33,31,23,35,24,26,37,34,17,33,33,32,35,4,6,37,32,28,35,31,31,33,31,27,32,28,29,25,24,39,18,23,21,35,38,25,29,30,28,28,35,6,22,36,31,36,38,27,45,38,29,22,22,28,25,33,25
15,27,23,33,28,54,18,7,23,1,27,24,15,28,21,17,30,15,17,3,22,0,40,35,1,24,39,1,25,37,23,29,13,16,1,15,14,15,33,24,1,21,13,10,27,39,26,10,21,34,43,45,5,14,16,12,33,46,41,29,1,18,48,7,21,17,31,33,7,14,45,2,25,32,19,33,22,20,10,31,31,31,17,18,50,51,14,16,30,33,42,18,29,20,34,51,3,23,26,20,28,23,17,33,31,24,30,9,51,38,19,17,24,18,15,19,23,34,27,23,43,30,10,22,17,26,36,14,18,35,17,35,18,24,18,28,21,21,28,31,22,16,31,28,12,12,21,17,24,35,27,25,14,26,18,15,24,7,24,28,42,42,24,32,11,31,38,19,24,29,33,23,19,33,18,14,41,24,34,56,28,28,34,15,32,15,21,21
28,42,40,39,45,59,41,45,42,45,23,35,47,46,36,44,45,40,38,42,39,40,0,48,46,50,23,43,53,16,41,51,44,41,43,38,34,40,43,43,43,43,40,30,48,26,52,49,47,47,44,48,52,39,42,50,51,42,18,42,43,40,45,51,37,38,43,28,43,47,50,42,46,42,47,39,35,36,46,41,50,42,50,41,14,16,37,39,46,39,42,43,37,35,40,48,46,42,30,37,37,60,44,40,26,37,49,35,62,45,44,33,50,40,43,40,41,32,47,49,55,11,38,43,44,38,44,43,51,39,48,41,44,51,40,34,43,43,45,44,44,46,40,45,40,49,44,32,51,45,39,48,43,42,45,39,34,41,33,52,44,44,51,36,35,26,44,44,50,39,47,41,37,37,52,43,43,43,45,53,45,38,39,34,52,45,43,40
34,46,46,46,57,56,41,52,55,36,40,34,50,56,27,43,58,42,46,36,50,35,48,0,41,56,47,35,54,46,33,58,55,43,35,48,46,44,45,45,35,52,30,38,55,48,48,28,46,46,22,19,48,36,49,30,56,26,43,52,35,52,60,46,53,48,47,18,49,49,52,40,46,38,45,57,49,46,34,45,53,55,48,51,51,53,43,48,56,34,38,34,12,31,53,37,36,46,49,42,16,59,31,32,42,38,48,27,35,52,52,50,54,41,51,51,49,18,51,57,42,43,43,56,33,42,49,44,55,57,40,55,39,44,52,25,49,53,57,49,55,39,51,54,38,43,52,50,49,57,58,41,44,59,54,53,27,53,34,56,18,56,44,32,35,27,50,52,56,56,54,58,55,45,36,51,59,57,48,12,57,53,51,38,57,53,19,54
15,25,25,19,28,57,18,6,23,1,27,24,19,28,21,21,30,21,17,3,29,1,46,41,0,24,41,1,25,34,23,33,13,16,1,21,14,17,32,24,1,21,13,10,27,39,26,10,21,33,39,45,5,14,16,12,29,44,36,28,1,18,39,7,27,22,34,33,7,14,47,2,27,26,17,33,20,18,10,26,31,31,17,18,48,52,18,16,30,31,41,18,29,19,32,51,2,23,30,19,28,23,17,32,28,25,32,9,50,37,19,17,24,14,15,19,23,34,27,23,44,28,10,20,17,26,37,14,18,33,21,33,18,24,18,27,21,21,30,27,24,16,29,24,12,16,21,17,24,32,27,27,14,29,18,15,25,7,23,28,38,40,24,31,11,31,40,19,24,29,37,23,27,35,18,14,39,24,28,56,30,20,35,15,32,15,21,24
28,19,18,28,6,48,23,31,17,24,32,36,39,19,34,32,11,18,15,26,30,24,50,56,24,0,46,24,39,53,46,38,36,10,24,19,29,30,19,11,24,15,24,26,20,46,37,22,30,25,47,37,25,21,13,18,28,47,48,17,23,6,41,25,9,29,36,43,36,8,48,20,25,44,24,6,22,33,17,34,18,41,25,20,46,50,22,20,18,38,44,37,40,30,36,42,26,15,31,15,45,45,39,38,27,33,43,26,59,46,9,25,1,28,6,11,32,43,30,15,45,33,30,12,39,27,28,14,3,11,40,9,27,39,6,34,45,13,6,16,15,25,12,5,30,33,15,25,26,22,22,44,14,22,7,6,39,29,38,3,47,34,39,32,24,44,37,18,1,28,40,15,26,32,39,7,30,21,38,51,5,26,38,41,22,7,34,24
25,28,28,29,46,52,36,39,45,41,34,9,48,43,9,37,45,29,38,36,36,39,23,47,41,46,0,39,48,23,39,50,43,37,39,37,32,40,44,27,39,45,36,29,42,5,42,34,36,48,39,41,50,36,32,32,39,18,16,44,39,42,53,46,48,30,25,12,41,41,37,40,44,36,45,44,28,39,34,31,44,39,44,37,28,24,27,36,50,16,18,24,12,29,41,39,36,28,37,31,15,63,27,19,36,10,49,24,55,44,40,32,49,38,35,41,32,17,38,45,49,7,38,37,28,36,34,28,46,42,26,42,50,41,42,10,42,45,46,41,46,39,37,46,41,35,45,32,48,48,46,39,28,45,40,41,10,44,9,52,38,49,40,23,32,23,35,40,52,34,49,45,42,34,42,35,41,45,44,34,46,36,30,43,41,43,33,37
15,27,23,33,27,54,18,7,23,1,27,24,15,28,21,17,30,15,17,3,22,1,43,35,1,24,39,0,25,37,23,35,13,16,1,15,14,17,33,24,1,21,13,10,31,39,26,10,27,30,49,45,5,14,16,12,31,40,41,29,1,18,48,7,21,17,31,33,7,14,45,2,26,26,19,33,22,14,10,31,31,31,17,18,48,45,14,16,28,33,42,18,29,20,34,51,3,23,26,22,28,23,17,33,31,24,30,9,50,38,19,17,24,14,15,18,23,34,27,23,43,28,14,21,17,26,27,14,18,35,17,35,18,24,17,28,21,21,28,27,22,16,31,28,16,16,21,17,24,37,27,30,14,26,18,15,22,7,24,28,48,40,24,29,11,31,38,19,23,29,37,23,25,37,18,14,40,24,34,53,28,18,34,15,33,15,21,21
41,37,37,17,42,49,36,32,42,29,44,48,30,43,38,36,42,36,33,28,35,25,53,54,25,39,48,25,0,41,37,28,21,38,28,42,39,42,30,30,25,46,26,38,43,49,45,43,47,45,37,31,20,34,39,42,9,56,44,27,25,41,44,22,29,42,19,52,8,43,49,22,27,54,32,41,35,35,40,18,30,28,33,42,45,48,43,45,41,47,51,40,41,48,41,33,28,31,40,40,42,10,43,47,40,44,37,37,52,23,43,41,36,30,43,39,29,49,27,44,32,53,35,40,42,33,38,44,34,47,51,46,37,39,40,44,34,41,45,26,42,33,45,40,39,42,40,42,45,50,44,29,44,45,35,38,41,35,39,38,38,33,39,38,27,41,38,45,33,45,9,40,33,29,32,43,47,42,41,49,42,32,45,15,43,40,42,34
42,39,39,38,46,57,33,35,42,36,34,43,33,46,34,43,44,47,35,33,41,37,16,46,34,53,23,37,41,0,44,42,34,38,34,39,24,40,46,40,38,46,50,45,48,27,44,32,42,41,46,51,43,44,36,34,38,30,10,49,38,40,49,47,46,43,35,16,40,48,55,35,34,28,46,43,47,49,34,47,43,47,38,44,4,2,43,40,40,36,35,42,33,34,48,48,34,41,22,43,34,52,41,37,38,37,51,30,48,49,43,40,55,45,42,41,43,19,45,46,53,29,39,46,41,38,40,38,50,43,40,43,29,38,40,33,36,47,46,47,44,40,44,46,46,41,46,40,48,43,39,42,38,44,48,43,37,35,39,52,47,47,39,42,42,40,39,45,52,22,57,41,47,30,33,42,37,38,48,54,46,43,44,30,50,43,38,44
23,34,30,6,41,57,30,22,41,25,26,35,2,39,32,40,34,14,32,27,22,23,41,33,23,46,39,23,37,44,0,48,29,33,24,37,28,35,35,33,29,38,6,38,43,37,33,16,41,42,36,27,20,26,30,27,38,44,43,18,29,37,39,22,24,18,5,33,20,29,39,22,24,51,25,38,18,38,24,26,40,6,28,38,38,43,16,39,42,27,38,29,32,21,26,38,36,34,41,35,34,48,21,28,26,23,31,22,59,42,36,20,46,35,35,36,34,34,36,39,6,24,32,39,21,34,32,31,45,44,28,43,33,32,37,40,10,38,34,31,31,42,35,35,38,35,38,20,33,43,39,2,30,43,40,36,35,24,38,42,33,45,32,27,20,30,47,46,46,41,41,44,27,28,36,35,43,40,23,46,38,41,36,22,28,36,17,29
40,40,46,36,47,51,23,34,46,40,36,43,42,46,38,46,45,32,45,38,16,29,51,58,33,38,50,35,28,42,48,0,30,37,39,46,40,40,45,41,33,46,46,30,41,49,37,40,39,42,46,42,31,33,44,38,10,52,47,34,33,42,46,29,28,20,48,45,25,39,56,35,16,43,40,46,16,23,36,37,41,48,39,44,55,40,35,47,48,50,38,42,46,47,32,47,40,48,50,23,46,35,41,50,43,43,34,37,57,35,43,45,39,20,47,42,6,45,20,42,37,35,16,47,41,33,33,50,35,47,39,50,51,39,43,39,43,44,46,49,49,40,45,47,24,34,45,45,35,43,49,38,50,46,38,42,44,39,36,32,45,2,39,37,35,42,55,47,38,41,26,46,6,41,43,47,42,52,46,41,43,48,49,30,34,48,37,38
28,37,35,43,35,54,29,7,38,13,41,37,19,42,38,32,40,27,31,15,34,13,44,55,13,36,43,13,21,34,29,30,0,32,12,35,39,31,42,36,13,38,27,28,37,35,42,33,36,40,49,52,21,38,31,35,35,36,52,37,13,30,42,24,29,40,42,51,16,29,55,14,39,40,41,35,35,32,33,39,31,32,29,32,51,42,36,30,46,41,35,33,42,28,40,45,13,35,48,36,41,26,43,40,43,38,44,21,55,39,33,28,36,30,27,34,38,50,34,35,43,39,31,31,42,41,39,34,34,48,35,42,40,37,29,43,24,38,32,43,32,41,35,32,30,27,36,28,40,50,43,37,34,40,32,27,41,6,37,39,49,43,37,43,20,40,49,31,35,45,42,35,42,34,38,26,50,36,40,54,31,45,43,25,38,27,27,42
19,17,17,18,14,52,13,24,15,16,13,22,34,16,20,29,15,15,1,18,23,16,41,43,16,10,37,16,38,38,33,37,32,0,16,2,13,9,10,14,16,16,22,16,26,37,36,13,29,27,47,47,27,22,2,15,33,39,43,12,16,9,37,31,6,13,25,39,25,12,50,14,19,35,27,14,15,24,18,23,16,43,21,9,48,49,12,12,17,33,43,31,40,18,24,43,17,15,23,20,40,44,24,35,15,22,38,19,52,40,10,5,15,23,7,9,40,39,33,14,44,26,26,14,24,21,37,8,13,16,21,16,26,30,9,24,28,14,14,20,14,24,12,14,20,19,16,5,39,21,16,37,8,19,10,8,24,24,22,17,49,46,30,32,20,28,28,10,15,35,48,15,40,30,28,7,39,18,32,50,14,20,34,27,21,8,28,21
15,27,23,29,28,52,18,7,23,1,32,23,20,28,22,20,29,15,17,3,27,1,43,35,1,24,39,1,28,34,24,39,12,16,0,21,20,17,33,26,1,21,13,10,27,37,31,10,31,30,42,42,8,16,16,12,29,45,41,29,1,17,46,10,21,18,27,35,12,14,50,2,28,34,23,33,21,20,10,33,27,24,17,18,48,48,14,16,26,31,48,14,33,20,31,50,3,23,28,22,33,26,21,32,24,24,29,11,49,39,19,17,25,13,15,19,25,36,22,23,43,28,14,22,21,28,34,14,18,33,21,33,20,31,18,28,20,21,27,32,22,16,31,28,15,11,21,17,27,37,27,31,14,27,25,15,22,6,24,29,41,44,31,33,11,32,37,19,26,29,37,23,31,34,20,14,43,24,33,50,29,28,33,14,25,15,21,23
19,19,19,22,10,56,11,27,17,20,8,23,35,18,18,33,15,15,3,22,32,15,38,48,21,19,37,15,42,39,37,46,35,2,21,0,17,9,8,16,15,17,18,21,24,40,43,19,36,31,44,51,36,30,2,21,38,48,43,13,15,12,39,36,7,16,20,35,33,13,53,13,18,33,28,10,20,17,23,25,24,36,21,15,47,45,12,10,20,33,44,32,39,15,19,49,19,17,20,20,39,48,26,35,9,29,40,24,59,48,16,5,20,18,9,16,36,37,37,18,37,19,22,11,26,27,40,8,18,14,17,12,25,45,12,29,35,17,10,29,11,23,12,10,18,18,17,5,35,25,19,44,8,21,17,10,25,26,23,20,43,49,45,39,21,32,37,16,13,24,49,17,36,38,32,9,29,18,37,56,10,11,41,34,18,10,32,21
16,27,29,27,29,63,12,28,29,17,22,26,37,27,24,33,33,8,14,24,15,14,34,46,14,29,32,14,39,24,28,40,39,13,20,17,0,10,30,28,20,28,14,23,34,38,43,16,36,31,50,42,31,22,15,16,33,45,46,21,20,25,43,27,17,23,12,34,19,17,48,17,24,31,29,30,15,13,14,31,29,38,20,15,37,34,11,14,35,34,45,22,31,23,28,53,20,27,23,22,34,50,26,29,15,26,45,16,57,41,16,17,31,12,17,16,27,36,22,25,48,24,14,19,26,24,30,19,18,30,7,34,25,44,25,25,30,28,29,23,33,22,25,29,12,11,28,17,39,33,31,42,19,26,19,18,25,28,25,36,51,34,44,38,18,33,39,17,31,27,44,25,27,38,29,17,41,31,33,55,31,33,40,24,29,24,27,20
6,21,24,29,29,62,2,25,25,16,26,30,34,28,32,28,25,27,18,18,10,15,40,44,17,30,40,17,42,40,35,40,31,9,17,9,10,0,23,19,15,28,19,9,26,40,28,14,33,25,40,43,19,28,21,15,20,53,28,20,15,19,45,21,12,14,31,40,25,19,52,13,16,31,6,28,8,2,13,23,30,39,24,12,38,48,23,10,30,41,47,14,26,27,24,52,13,22,21,20,28,47,11,41,26,34,49,16,57,22,13,19,29,2,17,18,12,42,16,22,40,37,8,19,11,33,20,10,20,26,18,22,23,25,19,32,28,22,25,23,25,25,21,29,6,2,28,19,36,27,25,29,10,25,15,13,33,20,34,23,38,22,25,36,20,41,44,13,27,28,24,20,18,35,27,17,34,34,31,46,25,28,48,33,27,18,23,27
32,4,6,27,14,50,28,31,22,29,15,25,33,21,22,31,13,31,9,28,28,33,43,45,32,19,44,33,30,46,35,45,42,10,33,8,30,23,0,5,31,28,33,33,29,45,47,33,37,14,52,46,39,35,17,26,25,50,44,12,31,14,42,37,6,15,29,40,28,22,51,27,19,44,35,13,17,20,27,37,25,42,33,23,48,40,28,24,20,42,46,41,37,20,15,31,31,6,32,15,35,42,38,41,16,25,49,17,55,37,15,19,13,33,19,14,32,41,36,26,50,22,30,14,38,21,36,8,14,13,35,16,32,47,15,21,30,27,13,13,18,31,14,14,25,31,27,19,38,25,18,44,7,24,12,15,23,36,25,12,52,47,47,29,40,19,39,20,19,12,41,22,34,22,37,19,33,19,45,52,13,5,41,33,12,12,41,31
32,1,1,17,19,42,26,28,16,22,9,20,20,17,18,28,18,27,17,28,19,24,43,45,24,11,27,24,30,40,33,41,36,14,26,16,28,19,5,0,26,20,35,21,23,27,46,23,32,16,45,47,30,30,7,20,32,37,40,22,26,10,42,30,6,11,25,31,17,16,51,24,13,37,24,11,17,26,24,20,17,39,31,14,36,40,15,17,16,31,39,38,29,16,12,36,26,1,22,18,29,48,41,31,14,20,35,14,48,49,15,8,13,27,8,14,37,31,31,20,45,28,26,10,41,17,38,5,17,15,30,15,35,47,10,20,24,20,19,10,9,36,9,19,32,26,22,8,34,18,15,45,5,19,18,9,20,30,20,21,45,51,47,28,39,26,32,15,17,11,45,16,43,20,40,8,21,16,34,52,19,3,34,36,15,9,41,25
15,27,23,33,28,54,18,7,23,1,27,24,15,28,21,17,30,15,17,3,22,1,43,35,1,24,39,1,25,38,29,33,13,16,1,15,20,15,31,26,0,21,13,10,31,39,26,10,21,32,43,45,5,14,16,12,31,45,41,29,1,18,48,7,21,21,33,33,7,14,46,2,26,33,23,27,9,18,10,27,23,31,17,18,48,47,14,16,28,31,44,18,29,18,34,47,3,23,28,9,31,23,17,32,28,24,32,9,51,37,19,17,24,10,15,19,23,34,25,23,37,30,10,22,17,26,38,14,18,33,17,35,18,24,18,28,21,21,28,27,22,16,30,28,12,16,21,18,24,37,27,29,14,29,18,15,24,7,24,27,42,39,24,31,11,33,40,19,24,33,37,23,19,31,18,14,44,24,28,49,28,24,34,15,32,15,21,24
28,23,21,32,18,62,29,29,7,22,26,34,43,10,30,38,22,20,15,23,39,21,43,52,21,15,45,21,46,46,38,46,38,16,21,17,28,28,28,20,21,0,27,27,24,45,47,23,42,30,50,55,36,31,17,23,37,46,43,34,23,15,46,33,22,24,32,42,33,13,56,19,22,42,39,26,22,31,25,32,24,48,15,22,40,43,20,20,10,45,53,34,44,30,31,52,25,21,28,23,45,50,33,45,25,34,46,27,57,48,19,20,16,27,11,16,43,42,46,2,52,35,33,17,33,41,45,22,17,21,34,25,35,46,15,34,37,2,18,30,15,33,20,18,30,25,2,20,41,17,10,43,22,22,15,13,34,29,38,21,51,49,46,44,26,40,44,19,17,34,48,8,43,43,41,13,45,11,46,55,21,15,43,40,24,11,40,17
11,36,36,10,33,54,31,14,31,12,19,15,6,30,17,26,39,8,23,16,25,13,40,30,13,24,36,13,26,50,6,46,27,22,13,18,14,19,33,35,13,27,0,14,41,37,35,14,33,42,49,36,23,19,22,16,40,45,45,15,13,23,44,21,27,17,7,35,23,19,44,12,31,31,34,36,16,23,18,16,36,12,22,28,44,42,10,23,36,34,43,17,32,13,27,43,15,38,31,21,33,44,16,34,17,9,20,16,62,44,29,20,28,22,22,30,37,36,35,28,26,9,28,31,17,23,37,28,24,36,14,36,24,37,23,24,6,25,33,28,39,22,36,33,26,19,29,20,39,40,35,6,27,33,25,25,11,16,25,27,50,41,35,21,10,21,39,31,28,19,48,35,31,18,24,22,36,39,28,57,32,42,40,30,41,23,11,23
4,22,33,26,28,60,7,15,28,9,16,32,27,28,31,33,37,8,23,11,8,10,30,38,10,26,29,10,38,45,38,30,28,16,10,21,23,9,33,21,10,27,14,0,36,32,15,6,16,32,30,30,21,10,27,8,36,47,34,21,12,22,44,23,20,18,23,40,25,22,46,6,26,31,21,38,28,3,6,26,31,46,19,23,35,38,20,22,32,41,47,5,22,30,20,50,11,33,26,29,25,40,14,41,26,27,40,13,49,23,28,23,26,4,21,23,17,42,20,28,43,34,7,24,14,19,25,21,17,38,26,38,21,20,22,29,24,27,28,37,28,14,35,28,8,10,27,23,16,37,28,34,21,30,17,22,32,15,33,27,28,32,20,32,14,40,34,24,26,36,26,28,32,38,21,21,37,34,37,44,28,22,39,24,30,22,13,24
35,18,16,36,20,49,32,35,19,31,35,34,42,28,39,41,19,38,17,34,31,27,48,55,27,20,42,31,43,48,43,41,37,26,27,24,34,26,29,23,31,24,41,36,0,42,39,29,23,19,50,55,26,27,24,33,35,45,41,34,22,4,47,28,30,28,44,43,37,25,40,33,31,45,29,13,24,24,36,41,10,50,32,15,53,47,36,14,25,47,51,42,44,38,38,47,29,17,26,33,42,47,42,49,34,40,44,36,59,45,6,31,8,24,15,5,38,43,36,27,54,40,34,9,42,32,38,34,25,16,35,16,29,39,6,41,40,28,20,21,11,37,16,20,22,26,24,31,34,21,26,48,34,21,22,24,41,34,44,14,50,39,39,41,32,40,29,16,20,34,37,20,33,37,33,14,33,27,43,51,13,25,29,37,19,23,44,35
28,28,28,29,44,22,40,38,44,40,37,8,48,43,9,39,41,30,38,36,35,39,26,48,39,46,5,39,49,27,37,49,35,37,37,40,38,40,45,27,39,45,37,32,42,0,42,35,40,48,39,38,49,38,32,35,39,15,17,44,39,42,46,43,48,30,26,17,40,41,33,40,44,36,45,43,30,42,37,31,46,40,44,40,29,28,28,39,50,19,15,23,15,30,41,26,35,28,37,32,12,55,26,18,38,10,52,25,55,48,43,32,50,41,34,43,32,12,41,46,48,12,42,39,27,35,33,28,46,42,31,42,51,43,42,10,42,45,44,39,41,41,37,44,44,37,45,32,54,48,46,39,28,44,40,40,10,43,8,52,40,45,43,23,34,19,27,43,52,36,53,45,43,34,43,35,44,45,40,40,44,36,17,43,41,42,34,36
19,48,48,42,37,58,32,30,43,30,32,33,42,49,33,34,43,37,35,31,26,26,52,48,26,37,42,26,45,44,33,37,42,36,31,43,43,28,47,46,26,47,35,15,39,42,0,42,41,48,45,43,17,39,41,45,25,43,44,39,26,35,51,19,43,42,45,45,25,31,45,25,43,45,18,32,45,31,46,33,41,51,35,41,53,53,40,44,48,48,41,10,42,31,48,38,31,48,47,44,45,48,32,47,38,42,35,47,38,40,40,42,40,20,34,36,37,49,21,44,43,43,35,39,30,44,40,39,41,48,33,45,45,15,35,40,41,45,35,46,35,40,51,35,28,22,46,43,35,48,46,33,38,39,45,33,34,36,28,44,46,26,17,33,38,29,31,42,40,51,38,39,25,28,35,34,49,48,45,56,37,50,26,31,47,35,33,40
2,24,24,19,23,50,12,19,27,10,20,15,27,27,13,28,30,16,14,15,22,10,49,28,10,22,34,10,43,32,16,40,33,13,10,19,16,14,33,23,10,23,14,6,29,35,42,0,18,32,31,25,34,10,15,2,31,49,40,21,13,18,45,36,19,19,19,30,16,19,42,9,26,22,36,25,14,14,6,18,23,32,20,23,37,26,13,22,31,32,47,16,20,25,32,46,17,20,29,15,19,53,19,36,18,15,42,13,35,30,26,16,24,22,23,22,29,32,26,26,42,21,17,26,19,8,33,13,22,31,16,31,14,37,18,16,25,23,23,24,29,12,26,23,19,17,23,16,22,35,33,41,13,29,21,17,16,21,15,26,28,47,37,27,11,23,33,24,21,22,36,27,36,39,16,23,27,29,42,43,23,24,39,24,30,25,11,20
12,31,27,33,35,53,37,27,39,32,42,30,38,34,26,39,32,33,24,29,19,21,47,46,21,30,36,27,47,42,41,39,36,29,31,36,36,33,37,32,21,42,33,16,23,40,41,18,0,32,39,33,31,14,29,8,43,49,41,30,29,24,44,24,31,28,36,48,11,27,40,33,33,36,41,36,33,31,14,39,29,44,36,32,51,44,34,35,42,49,42,28,35,28,42,43,29,33,45,31,30,48,33,47,37,20,51,35,43,42,31,28,29,33,30,36,31,49,22,39,42,39,38,42,33,14,32,41,27,41,37,36,23,37,25,27,30,42,35,30,35,23,41,35,31,41,37,28,16,45,36,45,41,38,33,29,29,35,24,28,38,33,37,23,27,37,37,33,30,33,43,37,31,31,25,29,22,39,26,51,34,32,33,31,40,29,32,38
31,9,9,39,31,40,31,38,31,31,19,39,32,32,30,34,28,26,26,37,34,34,47,46,33,25,48,30,45,41,42,42,40,27,30,31,31,25,14,16,32,30,42,32,19,48,48,32,32,0,43,45,28,40,27,26,42,39,44,30,33,26,46,38,12,26,31,37,29,23,43,28,26,44,24,28,13,28,25,34,22,49,34,28,44,43,30,23,35,37,37,39,31,24,18,42,37,9,28,20,31,46,37,37,29,32,37,34,50,35,29,24,26,26,20,24,39,37,27,27,48,36,32,28,38,39,31,22,31,27,29,25,44,37,22,34,39,30,24,8,25,40,26,25,30,28,28,24,33,29,28,46,22,32,28,23,29,41,29,25,41,40,36,26,30,42,30,29,25,21,37,33,40,26,45,20,29,31,38,56,26,20,34,32,22,19,34,30
26,46,46,36,54,26,39,51,54,33,48,37,49,52,45,39,52,44,50,38,40,43,44,22,39,47,39,49,37,46,36,46,49,47,42,44,50,40,52,45,43,50,49,30,50,39,45,31,39,43,0,20,44,35,46,32,39,43,55,48,41,49,53,48,37,43,39,36,45,47,2,42,44,42,45,53,52,44,37,46,53,37,46,45,37,37,42,46,55,11,34,48,11,36,45,34,47,46,41,48,6,47,46,6,50,18,51,34,20,48,44,37,47,40,52,45,42,36,42,49,44,43,41,50,45,45,45,42,49,53,42,50,39,47,50,36,36,50,54,46,54,35,47,54,42,40,50,38,33,49,55,47,42,55,46,49,38,45,28,42,5,49,46,33,40,47,45,51,47,43,54,55,42,42,36,52,43,54,34,40,54,40,29,24,47,49,16,46
26,48,48,31,47,40,34,46,52,33,47,37,38,51,35,45,56,35,48,39,36,45,48,19,45,37,41,45,31,51,27,42,52,47,42,51,42,43,46,47,45,55,36,30,55,38,43,25,33,45,20,0,41,35,41,27,31,40,52,34,39,48,48,44,25,40,32,32,40,49,12,38,41,41,45,54,37,39,31,36,48,41,46,48,42,41,43,44,56,11,40,44,11,43,48,39,45,50,43,40,6,56,38,6,47,18,49,29,24,39,47,42,41,43,49,49,38,31,34,54,36,43,36,48,39,39,42,46,40,54,40,52,39,42,50,22,39,53,52,42,55,36,47,55,38,39,53,42,29,51,55,32,46,54,41,50,24,46,32,49,23,47,42,21,31,22,37,50,41,36,50,53,47,38,33,49,39,54,34,30,51,34,37,35,54,49,16,50
24,29,37,33,28,57,25,23,32,9,33,37,26,34,34,26,39,23,32,8,21,5,52,48,5,25,50,5,20,43,20,31,21,27,8,36,31,19,39,30,5,36,23,21,26,49,17,34,31,28,44,41,0,22,28,27,14,49,47,27,5,27,34,2,25,23,30,45,10,17,42,8,30,42,15,33,34,22,21,40,25,36,27,30,52,47,24,33,36,37,52,30,44,32,29,50,8,33,38,30,41,18,29,40,32,40,42,18,45,40,29,31,25,23,27,27,25,46,26,33,46,35,26,33,30,37,36,34,26,39,26,36,34,19,28,29,26,28,27,28,32,23,40,30,25,19,28,31,23,42,44,33,34,34,33,28,27,14,33,28,45,34,19,39,20,36,31,31,25,37,20,33,28,30,29,27,42,34,28,52,37,36,31,18,39,24,37,27
12,31,28,30,28,53,25,17,39,16,29,26,33,30,25,35,34,14,22,16,29,14,39,36,14,21,36,14,34,44,26,33,38,22,16,30,22,28,35,30,14,31,19,10,27,38,39,10,14,40,35,35,22,0,25,10,39,46,42,40,11,21,39,31,30,19,32,41,18,21,49,15,31,28,28,30,23,22,4,19,22,42,25,32,41,43,17,32,38,38,47,25,26,27,40,53,14,23,40,21,26,50,24,34,26,29,51,22,50,37,25,23,28,24,30,27,28,43,21,31,40,33,26,30,24,14,42,22,22,39,16,36,4,44,22,28,31,31,28,34,26,2,33,27,27,29,28,23,12,38,34,44,22,34,21,24,21,20,27,37,30,39,44,36,16,37,35,28,28,26,49,36,30,38,10,30,29,39,40,51,28,28,41,30,35,30,19,25
24,8,8,14,15,49,9,24,17,15,15,19,41,17,17,28,17,16,3,18,28,16,42,49,16,13,32,16,39,36,30,44,31,2,16,2,15,21,17,7,16,17,22,27,24,32,41,15,29,27,46,41,28,25,0,17,34,40,41,13,16,12,38,27,7,20,22,34,26,13,47,13,20,36,31,12,20,19,20,25,12,44,21,11,43,48,12,10,20,38,44,30,35,13,19,42,17,8,17,20,35,38,30,38,17,21,34,18,58,45,12,3,18,21,9,12,34,34,34,19,36,25,22,10,30,22,41,9,12,16,23,16,25,38,12,19,27,17,11,27,10,25,9,11,20,21,17,3,43,18,17,37,9,21,11,10,21,24,21,19,46,47,38,27,20,25,29,12,18,35,43,17,35,34,27,9,36,16,34,56,11,17,34,28,15,10,36,21
4,25,22,17,23,49,16,21,22,11,18,17,27,25,15,26,30,18,14,17,23,12,50,30,12,18,32,12,42,34,27,38,35,15,12,21,16,15,26,20,12,23,16,8,33,35,45,2,8,26,32,27,27,10,17,0,31,50,39,22,14,17,46,27,20,22,16,28,19,19,44,11,19,24,34,32,16,15,6,20,24,37,20,25,38,28,8,24,35,34,47,19,22,27,35,44,17,21,27,16,21,47,19,38,16,17,41,15,41,32,28,18,17,21,26,23,34,32,23,26,46,23,16,24,19,6,33,15,18,33,17,32,14,45,18,18,25,23,26,30,23,12,30,23,19,20,21,18,8,34,33,41,15,29,20,16,18,23,17,21,30,44,45,29,15,25,37,25,18,8,40,26,37,38,16,26,27,30,39,52,22,24,31,33,33,17,13,20
38,39,37,39,43,54,23,37,40,37,36,43,35,43,44,33,35,29,39,35,30,33,51,56,29,28,39,31,9,38,38,10,35,33,29,38,33,20,25,32,31,37,40,36,35,39,25,31,43,42,39,31,14,39,34,31,0,47,48,21,29,40,36,6,17,29,42,46,16,31,59,27,14,48,18,36,27,15,30,26,35,34,31,34,52,45,39,43,46,41,54,31,47,44,42,47,31,36,44,37,47,36,31,43,41,41,44,36,44,34,35,32,31,10,36,38,2,45,18,38,35,41,16,39,31,38,24,38,25,38,39,41,38,19,41,43,43,35,36,29,39,44,40,37,31,26,37,32,26,49,44,41,38,41,25,37,43,31,39,27,39,20,21,35,30,48,46,40,28,35,22,40,14,33,37,36,40,41,33,38,35,37,47,37,34,41,34,42
44,38,34,28,48,38,50,51,46,45,45,14,34,51,13,39,48,43,40,47,40,46,42,26,44,47,18,40,56,30,44,52,36,39,45,48,45,53,50,37,45,46,45,47,45,15,43,49,49,39,43,40,49,46,40,50,47,0,35,45,40,44,48,51,45,37,34,9,52,38,34,46,45,46,53,43,38,47,52,39,48,37,51,45,40,31,43,42,54,25,6,33,11,37,44,20,48,38,39,39,9,62,34,24,49,14,36,29,51,48,44,38,40,51,43,43,35,5,43,51,56,40,46,44,35,42,28,32,52,45,34,45,48,48,44,14,42,46,48,54,44,49,45,48,46,44,47,38,49,48,51,47,31,52,51,43,12,49,14,52,41,47,48,24,49,26,18,46,45,38,48,55,49,41,54,44,41,45,41,27,48,36,38,40,46,44,40,46
33,40,41,42,41,61,26,39,43,40,42,45,46,50,42,39,39,46,46,39,43,41,18,43,36,48,16,41,44,10,43,47,52,43,41,43,46,28,44,40,41,43,45,34,41,17,44,40,41,44,55,52,47,42,41,39,48,35,0,41,39,39,48,53,45,39,45,16,46,49,49,42,41,33,46,40,37,38,41,44,47,47,45,37,20,4,41,44,41,40,32,38,28,32,43,54,42,42,26,38,31,54,30,41,36,29,53,35,57,48,38,39,48,26,37,38,38,19,35,42,59,28,26,42,31,42,44,41,45,43,48,43,45,44,39,38,44,42,45,44,44,39,44,41,40,36,42,38,43,41,44,52,41,42,44,38,39,43,41,51,43,54,44,43,45,41,43,38,48,30,53,41,45,36,44,37,35,47,49,56,45,39,38,38,45,38,39,45
17,19,27,36,26,40,25,30,37,29,28,27,38,31,27,25,35,36,17,29,26,29,42,52,28,17,44,29,27,49,18,34,37,12,29,13,21,20,12,22,29,34,15,21,34,44,39,21,30,30,48,34,27,40,13,22,21,45,41,0,26,24,47,32,6,35,43,49,30,28,47,21,31,43,31,33,33,25,28,33,29,27,31,28,51,48,41,25,35,35,48,25,47,33,2,30,32,21,34,31,46,40,18,35,27,26,44,33,55,31,30,23,17,20,25,31,19,49,17,33,40,36,28,30,16,26,35,19,17,33,26,25,46,28,28,40,20,32,24,18,26,32,33,26,20,20,32,23,41,30,30,28,19,39,18,28,30,31,26,19,51,45,29,31,33,41,34,28,17,19,31,34,34,33,35,25,28,34,33,57,25,24,37,35,28,26,24,41
15,27,23,33,28,54,18,7,23,1,27,24,15,28,21,17,30,15,17,3,22,1,43,35,1,23,39,1,25,38,29,33,13,16,1,15,20,15,31,26,1,23,13,12,22,39,26,13,29,33,41,39,5,11,16,14,29,40,39,26,0,18,48,7,21,21,31,33,7,14,45,2,25,26,19,33,22,18,10,31,31,31,17,18,48,51,14,16,30,33,45,18,29,20,34,51,3,23,26,20,28,23,17,33,26,24,30,9,55,38,19,17,24,14,15,19,23,34,27,23,40,30,10,22,17,26,29,14,18,35,21,35,17,24,18,28,21,21,29,31,21,15,31,27,12,16,21,17,24,37,27,30,14,26,18,15,22,7,24,28,40,40,24,32,11,31,38,19,24,29,37,23,29,37,17,14,40,24,34,56,28,24,34,15,32,15,21,21
24,9,10,28,4,54,27,28,11,18,18,31,39,14,31,36,7,24,8,20,28,18,40,52,18,6,42,18,41,40,37,42,30,9,17,12,25,19,14,10,18,15,23,22,4,42,35,18,24,26,49,48,27,21,12,17,40,44,39,24,18,0,39,32,16,20,31,44,25,11,44,16,20,41,31,5,22,21,15,27,6,45,22,4,45,45,17,5,15,39,43,35,40,28,31,52,20,10,20,18,40,47,31,38,23,28,45,24,61,42,3,15,5,21,5,7,40,42,36,17,45,33,34,4,31,34,36,22,11,6,35,5,25,33,2,32,41,15,3,21,4,21,8,4,21,26,15,15,32,18,12,40,22,16,12,5,31,27,33,13,49,48,33,40,23,38,37,4,6,24,42,12,36,35,27,5,33,16,40,51,5,16,39,34,19,4,36,23
45,40,44,40,43,62,42,46,43,46,42,53,37,42,45,45,41,42,35,45,33,48,45,60,39,41,53,48,44,49,39,46,42,37,46,39,43,45,42,42,48,46,44,44,47,46,51,45,44,46,53,48,34,39,38,46,36,48,48,47,48,39,0,45,34,43,39,43,34,38,50,44,40,45,35,39,50,43,37,39,41,45,46,35,53,50,47,37,44,42,50,45,53,46,41,44,33,42,45,42,54,46,47,38,47,42,50,46,64,45,34,40,44,45,34,36,44,43,40,46,46,47,48,37,47,33,44,37,42,43,34,35,40,49,47,47,46,45,38,36,39,44,42,43,42,41,45,40,48,50,47,47,37,49,36,35,41,38,41,40,53,48,49,37,43,47,53,39,45,45,45,41,44,40,45,34,32,44,26,58,43,41,38,41,34,34,48,49
26,31,39,32,32,55,34,23,38,11,37,34,18,36,36,32,39,23,33,10,19,7,51,46,7,25,46,7,22,47,22,29,24,31,10,36,27,21,37,30,7,33,21,23,28,43,19,36,24,38,48,44,2,31,27,27,6,51,53,32,7,32,45,0,31,22,31,48,4,23,43,10,33,40,21,35,31,24,26,33,26,34,29,32,49,50,22,33,40,51,49,30,45,35,34,53,10,35,42,37,43,16,34,48,42,29,39,18,43,35,31,35,30,25,29,29,27,48,16,39,41,32,28,36,34,27,30,34,24,40,29,39,40,22,32,43,22,37,33,24,34,32,37,34,29,21,36,35,19,40,43,31,34,35,30,30,41,23,39,28,43,20,22,36,18,37,30,31,26,38,12,33,22,18,38,29,40,42,19,51,37,32,40,35,31,30,28,25
17,7,7,32,16,38,16,26,23,21,28,33,35,28,29,26,21,20,7,22,21,21,37,53,27,9,48,21,29,46,24,28,29,6,21,7,17,12,6,6,21,22,27,20,30,48,43,19,31,12,37,25,25,30,7,20,17,45,45,6,21,16,34,31,0,26,27,42,23,24,45,19,13,42,23,17,27,20,28,33,21,43,28,21,44,51,21,17,22,41,46,27,40,24,22,32,27,7,28,22,40,43,21,42,17,30,47,25,46,36,20,7,9,21,13,26,15,42,25,26,40,24,30,16,20,27,34,7,9,27,21,22,43,43,22,31,20,28,16,6,15,43,18,16,13,21,28,8,29,25,21,41,8,26,8,15,29,23,31,9,37,48,43,18,24,34,34,19,9,20,32,25,33,24,37,13,28,22,34,44,16,8,34,28,14,14,39,26
19,12,14,24,25,63,21,28,26,17,18,17,24,27,12,33,24,6,16,26,4,17,38,48,22,29,30,17,42,43,18,20,40,13,18,16,23,14,15,11,21,24,17,18,28,30,42,19,28,26,43,40,23,19,20,22,29,37,39,35,21,20,43,22,26,0,30,32,31,15,36,18,6,47,22,23,2,7,24,19,14,40,31,22,36,37,5,31,25,25,34,34,37,34,27,50,25,12,26,6,37,57,29,25,17,18,41,30,47,39,27,19,20,14,23,21,14,27,12,24,45,20,29,22,30,29,14,19,25,27,26,26,23,42,21,14,26,27,24,21,25,29,21,25,4,20,27,19,42,25,24,39,19,28,22,23,18,26,14,25,54,18,42,17,19,26,23,26,29,14,54,27,10,24,27,23,37,25,35,52,26,13,19,39,24,24,29,16
22,26,26,2,31,57,30,23,34,25,21,19,21,33,18,27,31,34,26,36,41,31,43,47,34,36,25,31,19,35,5,48,42,25,27,20,12,31,29,25,33,32,7,23,44,26,45,19,36,31,39,32,30,32,22,16,42,34,45,43,31,31,39,31,27,30,0,31,13,28,50,32,23,45,41,28,39,32,27,16,37,11,37,31,37,46,32,31,33,25,37,38,33,34,30,47,34,26,32,35,36,43,43,26,23,19,30,16,52,29,32,12,34,32,29,30,33,32,35,36,11,32,32,30,43,33,41,22,37,35,16,31,22,38,30,21,26,33,29,29,31,38,32,29,30,32,32,12,37,33,32,11,22,37,35,30,27,34,26,36,35,48,35,37,25,22,47,32,34,14,41,33,39,21,36,29,32,27,44,37,29,29,29,38,33,30,31,34
38,36,36,34,42,52,46,41,43,36,36,10,30,43,9,38,39,26,40,31,26,33,28,18,33,43,12,33,52,16,33,45,51,39,35,35,34,40,40,31,33,42,35,40,43,17,45,30,48,37,36,32,45,41,34,28,46,9,16,49,33,44,43,48,42,32,31,0,44,36,41,36,41,36,45,41,29,38,35,29,43,39,45,42,30,16,23,39,45,24,9,34,6,29,39,34,41,36,33,32,9,60,33,26,38,10,42,22,45,51,41,26,46,40,40,39,30,5,43,45,49,15,38,39,33,41,29,25,42,42,29,42,41,40,44,10,37,43,42,43,41,47,39,42,42,44,43,26,43,42,43,33,25,41,41,39,9,44,10,47,37,49,39,21,31,11,37,41,47,26,52,44,42,38,44,40,43,47,44,30,42,32,37,43,40,35,29,35
28,18,18,12,30,57,25,16,30,13,29,37,22,37,27,20,32,27,26,14,13,7,43,49,7,36,41,7,8,40,20,25,16,25,12,33,19,25,28,17,7,33,23,25,37,40,25,16,11,29,45,40,10,18,26,19,16,52,46,30,7,25,34,4,23,31,13,44,0,24,38,6,15,42,33,31,28,17,17,10,27,37,21,27,49,50,22,27,30,47,47,33,40,33,28,48,12,18,29,41,41,16,31,48,35,30,35,16,53,22,32,28,38,14,21,32,22,39,6,34,24,39,18,40,31,17,24,30,27,31,35,33,21,29,26,34,18,31,28,31,26,20,30,28,25,25,33,29,19,34,29,23,30,33,27,27,29,11,27,26,47,44,29,35,12,36,33,31,38,28,32,32,20,26,24,20,34,24,36,35,30,20,39,14,33,21,30,26
25,16,17,28,15,47,26,23,16,14,20,29,39,16,26,27,15,13,11,16,31,14,47,49,14,8,41,14,43,48,29,39,29,12,14,13,17,19,22,16,14,13,19,22,25,41,31,19,27,23,47,49,17,21,13,19,31,38,49,28,14,11,38,23,24,15,28,36,24,0,50,12,23,36,27,26,19,20,18,28,18,46,20,14,52,49,14,15,15,37,47,34,40,23,18,46,16,11,35,21,40,46,31,37,20,28,45,19,56,41,17,12,6,20,6,16,32,41,30,16,44,34,25,13,31,32,32,11,6,21,25,17,25,38,11,28,29,15,15,16,11,23,21,19,27,21,13,11,28,27,16,33,10,24,7,6,29,22,28,6,47,39,38,36,19,39,41,18,7,25,42,15,38,32,36,6,35,15,43,54,15,15,40,32,24,4,32,17
45,52,51,43,51,28,58,52,56,52,48,17,40,57,31,47,48,52,49,46,34,45,50,52,47,48,37,45,49,55,39,56,55,50,50,53,48,52,51,51,46,56,44,46,40,33,45,42,40,43,2,12,42,49,47,44,59,34,49,47,45,44,50,43,45,36,50,41,38,50,0,48,48,55,51,48,46,54,48,42,44,50,51,48,53,52,43,49,58,17,42,48,19,40,51,23,55,50,44,44,28,51,47,16,56,24,50,51,31,50,47,42,47,50,45,45,49,41,48,58,40,51,56,53,47,34,31,44,52,51,47,52,58,42,48,38,50,56,49,43,45,55,48,51,47,55,56,43,34,56,56,39,44,46,49,49,28,49,14,46,27,39,41,33,54,37,29,49,48,38,54,55,54,42,58,45,32,54,47,32,51,49,9,34,41,43,39,50
9,23,21,32,26,58,13,8,21,2,21,23,14,23,23,18,28,8,15,4,24,2,42,40,2,20,40,2,22,35,22,35,14,14,2,13,17,13,27,24,2,19,12,6,33,40,25,9,33,28,42,38,8,15,13,11,27,46,42,21,2,16,44,10,19,18,32,36,6,12,48,0,23,27,22,31,19,11,9,30,25,30,15,16,51,45,12,14,24,32,44,17,25,24,32,47,4,23,26,20,27,20,15,32,23,23,24,8,50,37,17,15,20,16,13,17,22,36,28,21,36,31,20,18,15,23,30,12,18,33,21,33,19,37,16,27,14,19,26,23,20,17,25,20,12,10,19,15,34,29,25,31,12,25,16,13,21,8,23,23,39,43,37,31,8,32,38,17,20,28,38,21,31,32,21,12,43,26,33,52,26,23,28,14,29,13,20,19
27,19,17,21,19,64,11,36,23,22,21,35,35,28,23,35,24,10,18,23,14,25,46,46,27,25,44,26,27,34,24,16,39,19,28,18,24,16,19,13,26,22,31,26,31,44,43,26,33,26,44,41,30,31,20,19,14,45,41,31,25,20,40,33,13,6,23,41,15,23,48,23,0,39,28,18,4,7,18,16,30,34,22,22,46,41,19,21,24,39,44,40,41,22,31,52,29,14,22,12,41,44,35,38,19,32,46,28,60,36,24,22,26,6,21,21,10,41,32,26,34,29,8,15,36,35,36,17,20,21,25,20,41,43,21,36,38,23,19,19,19,43,16,19,6,12,23,22,41,23,24,46,17,24,19,22,30,31,30,30,43,39,43,35,27,36,41,23,26,27,28,25,26,29,42,21,32,23,45,50,18,17,39,23,21,20,33,18
27,40,40,35,46,56,37,39,43,33,38,32,37,42,35,39,45,30,36,40,43,32,42,38,26,44,36,26,54,28,51,43,40,35,34,33,31,31,44,37,33,42,31,31,45,36,45,22,36,44,42,41,42,28,36,24,48,46,33,43,26,41,45,40,42,47,45,36,42,36,55,27,39,0,46,40,43,33,28,27,47,46,43,39,39,37,31,39,47,40,50,38,29,43,37,57,33,36,31,40,28,57,36,39,34,39,36,34,54,51,42,40,44,42,40,45,44,36,40,45,43,30,35,48,36,27,51,38,42,42,27,46,34,39,41,33,35,40,46,35,45,30,45,46,36,41,38,40,34,44,46,41,37,42,44,44,26,38,34,47,44,50,39,41,25,37,43,40,44,41,53,41,41,36,33,40,49,49,35,53,46,47,44,43,42,43,19,40
22,25,25,33,33,62,11,28,34,24,30,43,24,35,38,27,32,25,34,21,4,19,47,45,17,24,45,19,32,46,25,40,41,27,23,28,29,6,35,24,23,39,34,21,29,45,18,36,41,24,45,45,15,28,31,34,18,53,46,31,19,31,35,21,23,22,41,45,33,27,51,22,28,46,0,30,18,22,34,36,23,38,32,27,49,45,28,29,39,50,54,36,42,33,37,52,22,28,36,12,44,48,21,52,39,39,42,33,45,30,31,27,28,11,27,32,18,48,20,37,47,35,23,34,21,34,18,28,29,35,26,31,36,11,33,40,33,35,33,20,36,36,32,33,12,4,34,27,29,42,40,29,28,34,29,26,32,31,36,23,34,24,11,36,31,48,32,34,28,41,28,32,14,44,44,27,32,37,37,54,32,32,46,32,35,28,40,36
38,9,9,32,3,59,20,33,24,33,20,33,43,25,32,35,9,29,14,25,28,33,39,57,33,6,44,33,41,43,38,46,35,14,33,10,30,28,13,11,27,26,36,38,13,43,32,25,36,28,53,54,33,30,12,32,36,43,40,33,33,5,39,35,17,23,28,41,31,26,48,31,18,40,30,0,22,35,34,30,13,52,34,5,40,41,25,20,15,40,45,43,47,25,32,50,31,14,26,26,45,53,39,40,21,33,52,33,61,46,5,15,11,35,12,7,36,41,36,23,52,31,31,3,39,29,36,18,9,3,32,3,32,38,5,33,46,25,3,21,2,26,5,2,30,30,24,15,35,14,13,38,18,17,9,16,33,29,33,9,53,45,38,35,36,43,38,9,7,21,46,19,38,35,32,12,31,17,34,56,3,13,37,32,15,12,38,29
26,17,19,36,21,58,11,28,26,9,17,17,30,25,15,29,22,6,16,21,10,22,35,49,20,22,28,22,35,47,18,16,35,15,21,20,15,8,17,17,9,22,16,28,24,30,45,14,33,13,52,37,34,23,20,16,27,38,37,33,22,22,50,31,27,2,39,29,28,19,46,19,4,43,18,22,0,3,13,23,14,42,24,21,40,38,4,21,25,25,36,36,25,28,23,41,24,19,24,2,26,55,34,25,17,18,38,26,54,40,24,25,16,2,20,20,10,30,30,26,47,22,8,19,33,39,20,19,29,24,19,28,25,35,21,14,22,25,20,23,23,25,18,21,10,16,22,25,37,27,25,34,19,27,21,22,14,30,14,15,42,30,34,21,21,24,29,24,25,16,51,26,16,29,27,20,38,25,30,49,20,19,21,36,24,21,23,15
5,29,30,33,32,60,2,24,27,19,20,37,37,28,38,35,32,23,25,22,7,20,36,46,18,33,39,14,35,49,38,23,32,24,20,17,13,2,20,26,18,31,23,3,24,42,31,14,31,28,44,39,22,22,19,15,15,47,38,25,18,21,43,24,20,7,32,38,17,20,54,11,7,33,22,35,3,0,12,37,32,40,23,20,40,51,23,12,34,44,48,10,25,33,25,52,18,27,30,13,32,46,15,40,28,33,41,22,60,23,21,26,30,1,23,27,17,46,11,28,44,38,6,21,15,27,21,29,25,35,17,31,23,40,21,33,39,25,32,32,26,24,31,32,3,11,25,26,29,35,32,38,29,29,22,24,33,19,39,27,41,31,40,43,17,43,46,21,30,34,23,26,25,29,24,23,37,36,35,45,32,30,44,24,33,24,23,28
8,25,22,20,28,50,16,17,31,9,25,21,30,26,19,26,28,13,18,13,24,10,46,34,10,17,34,10,40,34,24,36,33,18,10,23,14,13,27,24,10,25,18,6,36,37,46,6,14,25,37,31,21,4,20,6,30,52,41,28,10,15,37,26,28,24,27,35,17,18,48,9,18,28,34,34,13,12,0,20,26,38,19,24,41,31,11,27,35,38,49,26,24,27,37,48,17,23,25,17,25,42,22,42,20,21,46,15,45,28,27,19,22,20,23,23,32,39,18,26,47,27,14,22,22,12,32,16,18,32,19,31,8,50,16,21,24,23,22,30,28,6,30,28,24,14,22,19,14,35,30,42,16,32,14,15,19,21,22,23,34,51,50,33,13,29,39,24,22,10,48,29,38,36,10,23,35,34,37,47,22,27,47,30,30,15,17,19
25,23,23,14,33,58,23,31,31,32,22,24,16,33,19,16,36,26,24,35,18,31,41,45,26,34,31,31,18,47,26,37,39,23,33,25,31,23,37,20,27,32,16,26,41,31,33,18,39,34,46,36,40,19,25,20,26,39,44,33,31,27,39,33,33,19,16,29,10,28,42,30,16,27,36,30,23,37,20,0,33,36,33,28,45,39,33,25,29,26,42,25,33,23,36,49,34,23,28,18,37,43,28,28,24,23,26,6,51,31,30,26,39,32,25,29,30,32,33,31,24,29,30,27,27,23,35,25,37,28,33,28,27,34,27,26,12,32,33,36,21,23,25,33,28,33,32,26,37,32,29,23,25,36,34,26,24,28,24,31,40,47,33,40,10,37,42,29,34,13,40,32,29,20,34,25,26,26,33,45,33,23,40,6,41,26,36,35
31,18,17,36,18,43,30,24,15,31,30,37,42,23,35,27,17,24,16,29,21,31,50,53,31,18,44,31,30,43,40,41,31,16,27,24,29,30,25,17,23,24,36,31,10,46,41,23,29,22,53,48,25,22,12,24,35,48,47,29,31,6,41,26,21,14,37,43,27,18,44,25,30,47,23,13,14,32,26,33,0,48,28,15,49,44,25,16,24,45,50,36,43,33,40,45,21,10,33,21,43,44,38,42,31,38,42,32,51,37,12,25,18,25,12,11,35,45,31,24,51,38,33,11,37,37,33,27,20,10,32,14,35,33,10,41,44,21,14,11,9,33,14,14,32,31,23,25,30,18,22,41,27,19,8,15,38,30,37,20,49,35,33,27,30,40,29,16,18,26,45,21,39,33,42,12,30,25,35,54,13,20,37,31,21,15,37,31
45,40,40,12,51,41,38,30,48,25,34,34,6,49,34,24,51,20,44,29,35,31,42,55,31,41,39,31,28,47,6,48,32,43,24,36,38,39,42,39,31,48,12,46,50,40,51,32,44,49,37,41,36,42,44,37,34,37,47,27,31,45,45,34,43,40,11,39,37,46,50,30,34,46,38,52,42,40,38,36,48,0,37,46,43,47,26,43,48,47,39,36,31,36,14,35,30,46,41,42,33,51,39,39,39,42,6,12,53,48,46,32,43,40,46,46,46,32,38,48,2,30,41,49,39,48,24,30,46,49,34,48,44,46,46,39,16,48,47,41,45,50,50,45,41,40,51,32,52,50,47,18,30,49,48,46,30,31,28,41,40,43,46,46,34,37,42,47,45,33,42,48,26,30,44,46,52,51,39,55,49,45,37,12,43,47,46,44
20,27,27,33,28,57,19,23,17,17,27,33,29,22,32,34,31,18,22,19,29,17,50,48,17,25,44,17,33,38,28,39,29,21,17,21,20,24,33,31,17,15,22,19,32,44,35,20,36,34,46,46,27,25,21,20,31,51,45,31,17,22,46,29,28,31,37,45,21,20,51,15,22,43,32,34,24,23,19,33,28,37,0,22,51,53,22,21,25,39,56,27,35,31,34,54,19,28,31,25,33,39,26,39,29,31,41,23,60,43,28,23,23,20,18,30,28,41,37,15,46,34,24,30,26,34,39,29,23,32,25,33,29,37,22,35,29,13,28,28,28,27,29,28,21,22,13,23,39,31,23,33,29,21,23,18,33,23,31,31,47,47,37,42,22,37,49,22,23,33,46,20,36,36,31,20,44,24,38,60,27,27,48,29,28,20,30,14
24,15,15,29,10,55,14,29,14,18,22,30,37,15,28,34,10,19,10,19,26,18,41,51,18,20,37,18,42,44,38,44,32,9,18,15,15,12,23,14,18,22,28,23,15,40,41,23,32,28,45,48,30,32,11,25,34,45,37,28,18,4,35,32,21,22,31,42,27,14,48,16,22,39,27,5,21,20,24,28,15,46,22,0,44,43,18,3,19,40,46,33,39,23,34,48,22,15,19,21,39,50,30,40,23,30,48,23,56,42,1,16,15,16,6,3,35,40,34,14,45,32,23,10,30,40,37,18,9,4,21,3,32,42,6,32,37,18,8,22,12,26,8,8,20,19,19,16,37,18,20,42,18,20,8,10,31,30,31,17,50,42,42,42,23,34,43,2,15,25,44,14,36,35,34,5,38,19,32,54,8,20,42,35,15,11,34,23
33,37,37,37,43,65,39,42,48,45,34,36,34,41,32,38,42,39,49,50,37,50,14,51,48,46,28,48,45,4,38,55,51,48,48,47,37,38,48,36,48,40,44,35,53,29,53,37,51,44,37,42,52,41,43,38,52,40,20,51,48,45,53,49,44,36,37,30,49,52,53,51,46,39,49,40,40,40,41,45,49,43,51,44,0,14,37,48,50,31,42,46,26,42,50,50,49,41,18,40,28,63,41,33,34,31,46,31,41,50,43,45,46,38,46,42,42,33,33,52,52,34,37,42,43,39,42,34,54,43,46,45,42,44,40,35,46,46,47,42,42,40,43,44,44,42,38,45,46,39,47,45,34,42,52,51,35,46,32,52,36,49,43,42,38,34,48,45,51,34,52,38,40,40,49,46,45,43,47,51,47,38,42,36,49,46,45,36
34,39,41,41,44,63,51,39,43,50,35,39,41,44,36,47,45,41,48,47,39,51,16,53,52,50,24,45,48,2,43,40,42,49,48,45,34,48,40,40,47,43,42,38,47,28,53,26,44,43,37,41,47,43,48,28,45,31,4,48,51,45,50,50,51,37,46,16,50,49,52,45,41,37,45,41,38,51,31,39,44,47,53,43,14,0,33,49,48,27,49,48,33,40,55,43,49,41,18,38,36,61,41,29,40,41,45,39,59,49,44,40,53,47,42,41,49,21,43,48,50,27,41,41,42,42,34,35,49,46,35,43,36,47,45,43,44,40,44,45,43,38,42,44,44,44,52,40,49,37,45,45,35,39,47,42,35,44,41,50,35,42,46,39,48,35,44,44,53,38,53,41,41,39,39,42,45,45,54,43,44,43,39,42,47,51,42,39
17,16,24,21,21,59,27,26,22,14,21,16,24,21,14,24,26,6,12,16,14,14,37,43,18,22,27,14,43,43,16,35,36,12,14,12,11,23,28,15,14,20,10,20,36,28,40,13,34,30,42,43,24,17,12,8,39,43,41,41,14,17,47,22,21,5,32,23,22,14,43,12,19,31,28,25,4,23,11,33,25,26,22,18,37,33,0,17,22,29,29,29,31,18,29,40,22,16,26,5,29,44,22,29,22,16,34,12,58,43,25,11,22,26,14,21,25,24,36,23,30,14,29,22,22,26,25,10,17,26,21,28,24,40,17,12,16,21,21,28,25,24,23,21,24,18,20,11,40,30,24,22,10,27,15,15,16,24,20,24,39,41,38,24,10,26,30,21,22,14,48,22,15,16,29,14,34,29,30,52,22,23,28,32,26,15,22,16
23,17,18,26,12,53,12,27,16,20,21,32,34,12,27,40,21,20,15,23,24,16,39,48,16,20,36,16,45,40,39,47,30,12,16,10,14,10,24,17,16,20,23,22,14,39,44,22,35,23,46,44,33,32,10,24,43,42,44,25,16,5,37,33,17,31,31,39,27,15,49,14,21,39,29,20,21,12,27,25,16,43,21,3,48,49,17,0,23,38,47,32,36,27,31,50,27,21,21,21,36,51,29,37,22,28,48,21,49,42,2,17,14,18,11,5,28,39,36,17,45,29,15,6,29,38,28,20,14,13,17,8,27,45,6,32,33,16,12,21,8,29,7,12,12,17,19,17,34,17,18,43,20,21,14,4,28,31,30,16,52,41,45,41,26,34,44,6,16,37,43,12,39,36,29,10,39,21,35,51,12,19,41,32,16,5,31,26
33,16,17,29,22,61,31,35,10,29,25,41,39,2,33,37,15,31,16,32,36,30,46,56,30,18,50,28,41,40,42,48,46,17,26,20,35,30,20,16,28,10,36,32,25,50,48,31,42,35,55,56,36,38,20,35,46,54,41,35,30,15,44,40,22,25,33,45,30,15,58,24,24,47,39,15,25,34,35,29,24,48,25,19,50,48,22,23,0,40,54,43,48,34,36,53,29,15,31,24,48,57,43,45,30,32,48,29,62,49,21,22,24,32,12,19,45,48,44,2,46,37,32,18,43,42,45,24,20,15,37,17,43,49,16,37,43,10,21,32,14,42,15,22,32,30,10,23,40,24,2,45,25,20,20,14,40,34,40,22,53,51,49,44,42,46,45,22,28,25,50,12,44,41,46,14,38,6,42,60,21,18,48,42,22,12,42,24
40,32,32,20,42,54,39,38,41,36,42,16,26,46,9,24,42,34,36,33,35,33,39,34,31,38,16,33,47,36,27,50,41,33,31,33,34,41,42,31,31,45,34,41,47,19,48,32,49,37,11,11,37,38,38,34,41,25,40,35,33,39,42,51,41,25,25,24,47,37,17,32,39,40,50,40,25,44,38,26,45,47,39,40,31,27,29,38,40,0,32,42,18,26,39,41,34,32,37,33,19,60,39,5,42,9,39,28,35,43,41,36,38,37,35,39,44,25,41,45,30,39,40,40,39,29,37,30,38,39,36,43,47,49,36,12,36,42,42,33,38,43,36,41,42,39,43,36,51,44,43,38,30,43,39,36,20,40,14,42,6,47,49,36,35,16,44,41,38,24,44,41,44,34,50,35,37,43,46,11,39,31,20,26,39,39,39,40
46,43,36,36,48,22,46,32,52,44,45,14,36,54,13,46,46,35,44,48,28,42,42,38,41,44,18,42,51,35,38,38,35,43,48,44,45,47,46,39,44,53,43,47,51,15,41,47,42,37,34,40,52,47,44,47,54,6,32,48,45,43,50,49,46,34,37,9,47,47,42,44,44,50,54,45,36,48,49,42,50,39,56,46,42,49,29,47,54,32,0,30,11,46,38,14,43,39,39,32,9,53,25,31,47,14,39,36,44,43,45,43,49,45,50,45,34,5,53,52,41,40,47,44,26,38,26,34,56,45,36,47,49,36,46,14,40,50,48,42,48,53,45,48,43,47,52,43,48,49,48,37,34,49,53,43,12,42,14,49,35,38,35,24,43,28,23,47,49,35,49,57,43,39,48,50,37,48,47,29,48,41,23,49,45,47,49,49
9,39,43,29,39,45,16,27,37,15,28,29,30,35,19,42,42,26,32,18,17,18,43,34,18,37,24,18,40,42,29,42,33,31,14,32,22,14,41,38,18,34,17,5,42,23,10,16,28,39,48,44,30,25,30,19,31,33,38,25,18,35,45,30,27,34,38,34,33,34,48,17,40,38,36,43,36,10,26,25,36,36,27,33,46,48,29,32,43,42,30,0,35,28,36,52,20,39,36,34,35,50,13,42,34,27,44,21,53,24,34,36,35,19,30,32,23,31,25,39,38,36,16,40,11,28,30,40,31,38,23,42,23,17,33,21,29,34,40,41,40,25,36,40,17,15,34,36,32,41,41,40,40,32,31,31,28,19,27,40,40,38,19,25,20,33,35,34,35,40,37,36,30,47,32,30,42,40,31,50,40,42,35,38,44,31,23,29
18,30,30,32,44,44,25,42,47,24,41,18,21,47,9,37,46,26,36,32,32,29,37,12,29,40,12,29,41,33,32,46,42,40,33,39,31,26,37,29,29,44,32,22,44,15,42,20,35,31,11,11,44,26,35,22,47,11,28,47,29,40,53,45,40,37,33,6,40,40,19,25,41,29,42,47,25,25,24,33,43,31,35,39,26,33,31,36,48,18,11,35,0,38,45,38,28,35,37,35,5,56,33,11,39,10,41,15,15,38,40,30,43,29,42,39,37,7,30,47,50,32,26,42,35,33,42,32,37,48,32,47,29,40,43,12,28,45,48,39,48,30,41,42,31,27,44,30,45,50,47,39,32,42,38,43,12,35,21,46,6,47,39,34,25,13,27,42,43,42,44,43,42,25,28,42,40,47,46,11,48,38,29,23,45,43,5,40
29,17,17,18,28,47,16,29,34,23,5,12,36,32,16,34,26,21,15,27,34,20,35,31,19,30,29,20,48,34,21,47,28,18,20,15,23,27,20,16,18,30,13,30,38,30,31,25,28,24,36,43,32,27,13,27,44,37,32,33,20,28,46,35,24,34,34,29,33,23,40,24,22,43,33,25,28,33,27,23,33,36,31,23,42,40,18,27,34,26,46,28,38,0,28,41,22,19,22,30,39,48,14,30,7,7,40,8,50,46,24,14,30,30,28,28,42,31,38,33,37,12,15,24,16,32,41,15,27,29,22,29,34,22,25,24,36,31,24,24,27,35,22,24,34,33,33,14,31,32,31,35,15,33,27,29,12,29,24,30,48,52,20,28,24,32,26,24,30,33,53,34,37,22,30,28,40,32,34,50,24,19,16,42,33,28,12,28
16,13,13,36,26,45,19,39,37,32,38,29,23,33,28,47,27,40,25,36,32,34,40,53,32,36,41,34,41,48,26,32,40,24,31,19,28,24,15,12,34,31,27,20,38,41,48,32,42,18,45,48,29,40,19,35,42,44,43,2,34,31,41,34,22,27,30,39,28,18,51,32,31,37,37,32,23,25,37,36,40,14,34,34,50,55,29,31,36,39,38,36,45,28,0,40,36,13,30,31,47,33,35,37,33,33,39,32,55,33,29,19,29,24,32,26,17,46,25,33,23,31,21,28,36,29,11,15,29,33,35,28,44,47,32,33,39,34,22,20,28,41,29,26,27,26,37,19,41,34,34,30,15,39,31,30,37,31,29,32,54,42,47,29,35,26,36,36,32,15,43,29,21,43,44,31,23,26,43,61,26,12,37,39,31,30,34,37
49,37,39,44,47,10,53,54,50,51,43,26,44,51,34,42,43,40,44,50,47,51,48,37,51,42,39,51,33,48,38,47,45,43,50,49,53,52,31,36,47,52,43,50,47,26,38,46,43,42,34,39,50,53,42,44,47,20,54,30,51,52,44,53,32,50,47,34,48,46,23,47,52,57,52,50,41,52,48,49,45,35,54,48,50,43,40,50,53,41,14,52,38,41,40,0,49,39,33,39,39,39,44,43,42,29,31,54,47,51,50,37,39,50,51,48,41,34,41,55,32,31,51,48,44,53,23,32,38,46,52,48,52,44,53,23,38,55,46,48,46,48,53,49,55,56,52,37,47,48,49,41,32,54,46,45,35,52,31,37,28,30,43,14,42,28,30,52,46,49,39,49,47,44,41,51,43,50,38,51,49,38,22,42,46,47,49,47
14,27,25,25,30,54,19,4,25,3,27,30,20,28,27,24,36,20,18,3,27,3,46,36,2,26,36,3,28,34,36,40,13,17,3,19,20,13,31,26,3,25,15,11,29,35,31,17,29,37,47,45,8,14,17,17,31,48,42,32,3,20,33,10,27,25,34,41,12,16,55,4,29,33,22,31,24,18,17,34,21,30,19,22,49,49,22,27,29,34,43,20,28,22,36,49,0,25,41,25,32,26,27,36,29,23,34,10,44,43,19,19,28,18,17,21,24,35,29,24,44,32,18,26,27,30,36,18,19,32,22,35,19,31,20,28,22,23,30,35,26,16,28,24,12,12,23,19,23,38,27,29,18,31,22,17,25,5,27,28,47,37,31,32,13,28,35,23,28,32,36,25,32,34,21,16,39,26,26,47,30,26,36,22,29,17,23,26
33,2,2,18,20,53,25,31,17,23,10,21,21,19,19,27,15,21,10,27,26,23,42,46,23,15,28,23,31,41,34,48,35,15,23,17,27,22,6,1,23,21,38,33,17,28,48,20,33,9,46,50,33,23,8,21,36,38,42,21,23,10,42,35,7,12,26,36,18,11,50,23,14,36,28,14,19,27,23,23,10,46,28,15,41,41,16,21,15,32,39,39,35,19,13,39,25,0,17,16,30,46,38,32,15,21,36,15,51,49,15,9,17,28,9,14,36,37,37,14,46,29,27,10,38,18,39,6,24,11,31,11,29,43,10,23,25,21,20,7,9,33,10,20,27,28,18,9,31,18,14,44,6,21,18,9,21,31,21,22,46,52,43,27,32,29,37,16,17,12,46,15,43,21,34,9,24,17,35,53,20,4,37,35,19,10,44,25
23,23,23,21,27,44,24,36,23,28,19,32,32,26,26,32,24,23,24,34,32,26,30,49,30,31,37,26,40,22,41,50,48,23,28,20,23,21,32,22,28,28,31,26,26,37,47,29,45,28,41,43,38,40,17,27,44,39,26,34,26,20,45,42,28,26,32,33,29,35,44,26,22,31,36,26,24,30,25,28,33,41,31,19,18,18,26,21,31,37,39,36,37,22,30,33,41,17,0,23,37,44,29,37,21,28,38,24,52,49,23,3,29,32,19,20,38,31,31,30,44,28,30,21,30,31,47,9,30,25,28,25,43,48,20,24,28,28,25,24,22,41,22,24,32,23,28,2,41,22,23,38,9,18,29,20,23,40,26,28,42,53,48,36,26,28,36,23,31,31,50,23,40,31,47,19,35,23,41,53,24,25,36,32,27,20,38,28
27,14,16,35,21,49,17,30,22,20,19,11,29,27,14,35,24,8,19,26,12,20,37,42,19,15,31,22,40,43,35,23,36,20,22,20,22,20,15,18,9,23,21,29,33,32,44,15,31,20,48,40,30,21,20,16,37,39,38,31,20,18,42,37,22,6,35,32,41,21,44,20,12,40,12,26,2,13,17,18,21,42,25,21,40,38,5,21,24,33,32,34,35,30,31,39,25,16,23,0,35,53,32,33,23,20,38,26,58,49,22,21,20,14,18,20,17,30,37,26,43,22,16,20,32,32,30,14,21,27,29,27,27,44,19,18,29,22,22,19,25,23,22,23,12,14,23,21,37,23,25,32,13,28,27,19,12,27,12,29,52,40,44,23,20,28,37,22,15,20,47,25,18,25,32,18,30,23,27,47,22,17,23,31,24,17,28,18
21,30,30,33,44,51,27,42,47,26,41,12,22,47,9,38,46,26,36,32,38,28,37,16,28,45,15,28,42,34,34,46,41,40,33,39,34,28,35,29,31,45,33,25,42,12,45,19,30,31,6,6,41,26,35,21,47,9,31,46,28,40,54,43,40,37,36,9,41,40,28,27,41,28,44,45,26,32,25,37,43,33,33,39,28,36,29,36,48,19,9,35,5,39,47,39,32,30,37,35,0,51,31,10,41,10,42,18,26,39,40,30,43,32,42,39,39,4,33,47,44,33,27,42,32,34,40,32,37,44,32,45,31,42,39,12,28,45,44,39,48,31,41,44,34,32,44,30,39,50,47,37,32,43,38,43,12,36,17,46,11,49,41,34,26,12,27,42,43,43,50,43,43,26,29,42,42,45,41,16,44,38,33,24,46,43,10,40
41,48,44,41,48,42,48,24,50,27,56,54,34,52,53,40,50,39,47,26,49,23,60,59,23,45,63,23,10,52,48,35,26,44,26,48,50,47,42,48,23,50,44,40,47,55,48,53,48,46,47,56,18,50,38,47,36,62,54,40,23,47,46,16,43,57,43,60,16,46,51,20,44,57,48,53,55,46,42,43,44,51,39,50,63,61,44,51,57,60,53,50,56,48,33,39,26,46,44,53,51,0,51,52,51,56,50,32,59,23,49,41,44,46,47,47,38,53,25,52,33,55,50,52,51,43,46,46,45,54,45,55,47,52,48,56,43,47,49,33,52,52,49,52,49,47,45,42,51,55,55,49,46,56,51,44,53,23,47,47,53,40,51,51,27,58,44,49,45,50,25,51,43,36,47,47,48,57,45,56,48,48,48,37,51,48,48,46
11,38,38,34,40,42,13,27,36,22,25,22,33,34,16,40,39,28,25,25,15,17,44,31,17,39,27,17,43,41,21,41,43,24,21,26,26,11,38,41,17,33,16,14,42,26,32,19,33,37,46,38,29,24,30,19,31,34,30,18,17,31,47,34,21,29,43,33,31,31,47,15,35,36,21,39,34,15,22,28,38,39,26,30,41,41,22,29,43,39,25,13,33,14,35,44,27,38,29,32,31,51,0,42,29,21,37,19,52,30,31,31,39,15,28,29,29,34,23,37,38,34,21,36,3,21,25,42,36,41,23,37,25,20,30,18,22,33,36,39,36,27,37,36,14,12,33,31,31,43,40,36,42,36,34,29,18,21,30,39,39,42,18,24,26,38,38,31,39,34,49,35,36,44,28,28,41,42,28,44,40,34,30,31,40,29,14,34
40,32,32,23,42,58,41,38,40,33,42,16,24,46,9,25,42,34,36,34,35,33,40,32,32,38,19,33,47,37,28,50,40,35,32,35,29,41,41,31,32,45,34,41,49,18,47,36,47,37,6,6,40,34,38,38,43,24,41,35,33,38,38,48,42,25,26,26,48,37,16,32,38,39,52,40,25,40,42,28,42,39,39,40,33,29,29,37,45,5,31,42,11,30,37,43,36,32,37,33,10,52,42,0,44,8,41,29,32,47,41,34,38,40,33,39,45,23,42,45,31,40,40,40,44,30,37,30,38,39,36,43,47,46,34,12,35,42,42,40,38,43,35,42,42,40,43,34,43,44,43,37,30,43,39,34,16,40,14,41,11,42,45,28,35,19,36,41,38,25,46,40,44,34,50,33,26,42,44,16,39,30,20,32,39,38,38,39
24,15,9,20,19,57,21,30,25,28,2,27,33,27,25,40,25,25,14,29,28,31,26,42,28,27,36,31,40,38,26,43,43,15,24,9,15,26,16,14,28,25,17,26,34,38,38,18,37,29,50,47,32,26,17,16,41,49,36,27,26,23,47,42,17,17,23,38,35,20,56,23,19,34,39,21,17,28,20,24,31,39,29,23,34,40,22,22,30,42,47,34,39,7,33,42,29,15,21,23,41,51,29,44,0,28,36,18,61,49,20,13,27,22,20,23,34,41,34,26,53,15,23,19,35,43,44,11,20,21,27,20,39,34,24,28,28,25,19,26,18,33,17,19,25,24,23,13,35,30,26,36,11,30,21,22,27,29,25,21,48,52,33,33,38,29,39,23,27,30,51,25,31,23,39,20,45,26,42,53,18,15,43,29,26,18,36,25
25,21,21,11,35,35,26,32,35,24,26,5,21,38,2,31,37,13,23,27,24,24,37,38,25,33,10,24,44,37,23,43,38,22,24,29,26,34,25,20,24,34,9,27,40,10,42,15,20,32,18,18,40,29,21,17,41,14,29,26,24,28,42,29,30,18,19,10,30,28,24,23,32,39,39,33,18,33,21,23,38,42,31,30,31,41,16,28,32,9,14,27,10,7,33,29,23,21,28,20,10,56,21,8,28,0,46,12,43,47,31,15,40,39,29,30,28,10,42,35,47,26,28,30,28,27,32,15,33,28,27,30,29,38,33,2,29,34,35,37,34,26,29,35,37,37,34,15,20,36,33,35,15,38,35,30,2,28,2,36,19,49,37,13,20,8,25,31,40,17,42,35,27,34,41,29,30,34,34,40,35,28,19,31,29,30,15,26
38,41,36,31,47,50,46,38,46,34,30,39,6,48,34,16,42,32,39,34,37,30,49,48,32,43,49,30,37,51,31,34,44,38,29,40,45,49,49,35,32,46,20,40,44,52,35,42,51,37,51,49,42,51,34,41,44,36,53,44,30,45,50,39,47,41,30,42,35,45,50,24,46,36,42,52,38,41,46,26,42,6,41,48,46,45,34,48,48,39,39,44,41,40,39,31,34,36,38,38,42,50,37,41,36,46,0,12,54,38,51,41,47,46,40,50,31,45,28,49,18,31,51,47,42,48,31,26,45,49,41,51,45,40,45,36,6,50,44,46,53,44,54,51,40,48,47,41,44,51,52,18,26,49,46,42,37,35,33,39,43,33,39,41,39,39,40,51,48,37,42,49,18,20,48,40,42,49,46,47,44,35,40,12,40,45,39,43
12,15,15,12,40,43,15,16,29,10,16,17,6,26,10,6,34,12,20,10,24,9,35,27,9,26,24,9,37,30,22,37,21,19,11,24,16,16,17,14,9,27,16,13,36,25,47,13,35,34,34,29,18,22,18,15,36,29,35,33,9,24,46,18,25,30,16,22,16,19,51,8,28,34,33,33,26,22,15,6,32,12,23,23,31,39,12,21,29,28,36,21,15,8,32,54,10,15,24,26,18,32,19,29,18,12,12,0,46,40,24,17,28,27,23,28,27,24,37,28,42,28,19,24,22,30,29,10,24,33,15,35,25,40,31,15,6,27,39,25,27,24,30,40,23,23,27,17,41,40,32,26,10,34,25,21,19,14,17,32,29,45,40,37,18,24,33,24,26,23,43,28,27,6,29,23,38,27,39,38,39,19,35,6,28,21,20,22
47,51,49,53,61,63,58,45,61,52,59,48,52,63,38,42,59,57,53,48,49,51,62,35,50,59,55,50,52,48,59,57,55,52,49,59,57,57,55,48,51,57,62,49,59,55,38,35,43,50,20,24,45,50,58,41,44,51,57,55,55,61,64,43,46,47,52,45,53,56,31,50,60,54,45,61,54,60,45,51,51,53,60,56,41,59,58,49,62,35,44,53,15,50,55,47,44,51,52,58,26,59,52,32,61,43,54,46,0,51,52,51,56,58,51,58,52,49,56,50,50,53,57,57,48,37,54,50,55,62,55,62,50,45,60,41,58,56,61,50,53,45,62,59,55,53,55,51,41,60,61,50,50,61,56,52,37,48,38,52,13,40,44,48,44,55,42,53,52,63,51,60,54,30,57,50,35,60,48,30,57,57,42,38,61,53,20,62
24,48,46,34,47,48,19,45,46,35,43,44,47,47,39,44,43,39,41,36,22,38,45,52,37,46,44,38,23,49,42,35,39,40,39,48,41,22,37,49,37,48,44,23,45,48,40,30,42,35,48,39,40,37,45,32,34,48,48,31,38,42,45,35,36,39,29,51,22,41,50,37,36,51,30,46,40,23,28,31,37,48,43,42,50,49,43,42,49,43,43,24,38,46,33,51,43,49,49,49,39,23,30,47,49,47,38,40,51,0,43,46,46,26,41,48,15,50,12,48,43,37,24,45,25,36,20,53,41,46,30,44,48,32,47,42,46,46,46,31,45,32,44,47,23,22,47,46,40,46,48,42,53,49,46,42,43,42,43,49,47,33,32,42,38,44,42,48,46,48,9,50,30,44,45,41,51,46,39,43,45,51,42,44,40,43,32,50
29,16,16,30,10,60,15,34,17,19,19,31,38,18,29,38,10,14,11,19,31,19,44,52,19,9,40,19,43,43,36,43,33,10,19,16,16,13,15,15,19,19,29,28,6,43,40,26,31,29,44,47,29,25,12,28,35,44,38,30,19,3,34,31,20,27,32,41,32,17,47,17,24,42,31,5,24,21,27,30,12,46,28,1,43,44,25,2,21,41,45,34,40,24,29,50,19,15,23,22,40,49,31,41,20,31,51,24,52,43,0,19,10,16,11,3,36,43,37,15,43,35,28,10,31,39,34,15,15,5,22,2,32,45,10,34,41,19,8,21,12,30,9,8,21,20,18,19,36,17,14,40,15,20,13,11,30,35,30,16,44,41,45,38,24,41,38,3,10,34,43,14,35,34,38,10,35,26,45,53,12,21,35,34,14,8,35,24
20,9,9,10,25,54,10,28,19,17,11,25,37,20,13,28,22,14,6,19,32,17,33,50,17,25,32,17,41,40,20,45,28,5,17,5,17,19,19,8,17,20,20,23,31,32,42,16,28,24,37,42,31,23,3,18,32,38,39,23,17,15,40,35,7,19,12,26,28,12,42,15,22,40,27,15,25,26,19,26,25,32,23,16,45,40,11,17,22,36,43,36,30,14,19,37,19,9,3,21,30,41,31,34,13,15,41,17,51,46,19,0,21,29,12,15,39,30,30,21,28,22,25,14,33,31,42,6,18,17,21,14,29,40,15,23,29,20,21,27,14,32,11,21,29,21,20,1,32,23,20,36,6,25,17,11,24,28,25,22,40,51,40,25,24,31,28,15,21,26,50,19,37,29,33,13,35,17,31,56,27,25,36,32,19,11,25,18
28,18,13,30,6,47,23,31,16,24,29,33,39,19,34,32,10,18,14,26,30,24,50,54,24,1,49,24,36,55,46,39,36,15,25,20,31,29,13,13,24,16,28,26,8,50,40,24,29,26,47,41,25,28,18,17,31,40,48,17,24,5,44,30,9,20,34,46,38,6,47,20,26,44,28,11,16,30,22,39,18,43,23,15,46,53,22,14,24,38,49,35,43,30,29,39,28,17,29,20,43,44,39,38,27,40,47,28,56,46,10,21,0,27,6,11,36,42,29,16,44,37,30,20,37,26,27,24,2,12,40,11,28,37,6,41,42,14,5,18,20,32,11,10,30,29,12,21,25,19,17,44,24,22,7,6,36,28,34,2,47,33,37,32,24,46,36,15,1,32,39,15,27,32,36,7,30,27,28,52,4,24,44,42,21,6,34,23
6,28,29,36,26,60,3,27,26,18,22,30,40,27,37,28,26,28,20,19,10,18,40,41,14,28,38,14,30,45,35,20,30,23,13,18,12,2,33,27,10,27,22,4,24,41,20,22,33,26,40,43,23,24,21,21,10,51,26,20,14,21,45,25,21,14,32,40,14,20,50,16,6,42,11,35,2,1,20,32,25,40,20,16,38,47,26,18,32,37,45,19,29,30,24,50,18,28,32,14,32,46,15,40,22,39,46,27,58,26,16,29,27,0,22,22,12,45,14,29,41,37,7,21,15,29,16,27,24,35,19,34,20,29,21,31,30,30,31,25,26,18,27,26,2,6,30,29,35,32,33,29,27,31,17,23,33,19,35,33,40,28,29,34,16,43,43,15,31,30,28,25,30,35,29,22,35,35,34,47,31,26,44,23,26,23,28,24
23,9,9,29,11,51,24,21,9,15,21,27,37,13,26,31,17,15,8,17,31,15,43,51,15,6,35,15,43,42,35,47,27,7,15,9,17,17,19,8,15,11,22,21,15,34,34,23,30,20,52,49,27,30,9,26,36,43,37,25,15,5,34,29,13,23,29,40,21,6,45,13,21,40,27,12,20,23,23,25,12,46,18,6,46,42,14,11,12,35,50,30,42,28,32,51,17,9,19,18,42,47,28,33,20,29,40,23,51,41,11,12,6,22,0,10,35,39,31,11,43,30,27,11,32,32,34,10,8,18,24,18,28,42,5,34,34,12,11,21,11,25,11,11,21,21,11,12,35,17,10,40,9,15,11,2,33,28,27,9,50,45,42,38,20,39,40,6,10,23,42,11,40,40,32,2,33,13,35,52,11,15,39,33,9,2,34,19
24,15,14,28,10,54,20,29,13,19,22,30,38,14,28,36,5,25,9,21,36,19,40,51,19,11,41,18,39,41,36,42,34,9,19,16,16,18,14,14,19,16,30,23,5,43,36,22,36,24,45,49,27,27,12,23,38,43,38,31,19,7,36,29,26,21,30,39,32,16,45,17,21,45,32,7,20,27,23,29,11,46,30,3,42,41,21,5,19,39,45,32,39,28,26,48,21,14,20,20,39,47,29,39,23,30,50,28,58,48,3,15,11,22,10,0,34,41,40,22,48,36,33,6,30,36,34,17,15,5,30,5,27,34,6,32,34,16,9,20,5,29,7,9,22,16,18,15,33,18,16,40,17,17,19,6,30,32,30,9,53,42,34,36,24,40,36,3,6,25,42,12,36,34,29,10,33,18,38,52,9,17,36,40,6,6,38,25
19,33,36,39,39,53,13,28,39,30,32,29,29,37,35,34,33,14,41,24,10,23,41,49,23,32,32,23,29,43,34,6,38,40,25,36,27,12,32,37,23,43,37,17,38,32,37,29,31,39,42,38,25,28,34,34,2,35,38,19,23,40,44,27,15,14,33,30,22,32,49,22,10,44,18,36,10,17,32,30,35,46,28,35,42,49,25,28,45,44,34,23,37,42,17,41,24,36,38,17,39,38,29,45,34,28,31,27,52,15,36,39,36,12,35,34,0,25,4,40,40,28,32,41,28,23,2,40,32,40,26,37,37,38,41,35,34,34,34,33,31,32,33,39,10,20,40,36,39,41,44,36,40,40,19,35,33,33,26,27,44,10,38,38,28,37,37,35,30,34,40,38,6,22,37,36,26,42,36,52,38,39,37,28,34,28,36,37
40,36,36,36,42,22,48,41,42,37,39,10,37,42,9,39,40,27,40,34,25,34,32,18,34,43,17,34,49,19,34,45,50,39,36,37,36,42,41,31,34,42,36,42,43,12,49,32,49,37,36,31,46,43,34,32,45,5,19,49,34,42,43,48,42,27,32,5,39,41,41,36,41,36,48,41,30,46,39,32,45,32,41,40,33,21,24,39,48,25,5,31,7,31,46,34,35,37,31,30,4,53,34,23,41,10,45,24,49,50,43,30,42,45,39,41,25,0,44,45,47,20,41,39,31,41,24,25,42,42,30,42,42,39,42,10,38,43,42,40,41,47,39,42,42,44,43,26,48,41,42,33,24,40,41,36,8,44,10,47,37,44,38,21,31,7,29,41,44,29,39,44,41,38,43,40,42,47,44,27,44,33,29,43,40,37,36,34
22,37,33,38,33,44,17,29,41,23,35,40,34,36,35,43,40,29,30,25,12,27,47,51,27,30,38,27,27,45,36,20,34,33,22,37,22,16,36,31,25,46,35,20,36,41,21,26,22,27,42,34,26,21,34,23,18,43,35,17,27,36,40,16,25,12,35,43,6,30,48,28,32,40,20,36,30,11,18,33,31,38,37,34,33,43,36,36,44,41,53,25,30,38,25,41,29,37,31,37,33,25,23,42,34,42,28,37,56,12,37,30,29,14,31,40,4,44,0,38,29,30,16,37,28,29,4,38,25,38,21,36,31,31,37,35,34,37,37,36,33,21,30,37,21,16,37,30,31,41,41,30,38,41,27,30,41,27,30,33,40,26,31,36,23,47,34,38,28,36,12,36,26,39,37,37,33,43,33,35,34,39,39,34,32,32,26,41
29,21,21,34,20,61,26,30,4,23,28,38,44,4,35,42,22,21,13,27,38,23,49,57,23,15,45,23,44,46,39,42,35,14,23,18,25,22,26,20,23,2,28,28,27,46,44,26,39,27,49,54,33,31,19,26,38,51,42,33,23,17,46,39,26,24,36,45,34,16,58,21,26,45,37,23,26,28,26,31,24,48,15,14,52,48,23,17,2,45,52,39,47,33,33,55,24,14,30,26,47,52,37,45,26,35,49,28,50,48,15,21,16,29,11,22,40,45,38,0,52,37,31,22,37,37,45,21,15,21,39,22,37,47,14,38,36,4,18,33,18,33,17,20,29,28,6,21,42,15,8,44,20,19,13,13,36,29,37,21,51,48,47,44,29,43,46,15,15,41,43,8,40,39,44,13,43,13,40,54,18,28,43,40,26,11,39,19
39,46,46,12,51,53,41,43,51,44,38,45,18,54,47,36,50,29,43,46,42,43,55,42,44,45,49,43,32,53,6,37,43,44,43,37,48,40,50,45,37,52,26,43,54,48,43,42,42,48,44,36,46,40,36,46,35,56,59,40,40,45,46,41,40,45,11,49,24,44,40,36,34,43,47,52,47,44,47,24,51,2,46,45,52,50,30,45,46,30,41,38,50,37,23,32,44,46,44,43,44,33,38,31,53,47,18,42,50,43,43,28,44,41,43,48,40,47,29,52,0,45,43,55,36,50,31,38,50,53,48,54,47,44,47,48,41,51,52,47,48,50,50,51,37,48,50,30,42,50,51,22,38,53,48,50,47,46,48,52,42,40,41,39,27,44,44,49,47,52,39,47,33,26,42,49,52,48,39,47,52,49,48,44,52,48,40,41
32,29,29,31,37,54,39,32,36,31,13,19,20,40,22,27,35,16,27,30,32,30,11,43,28,33,7,28,53,29,24,35,39,26,28,19,24,37,22,28,30,35,9,34,40,12,43,21,39,36,43,43,35,33,25,23,41,40,28,36,30,33,47,32,24,20,32,15,39,34,51,31,29,30,35,31,22,38,27,29,38,30,34,32,34,27,14,29,37,39,40,36,32,12,31,31,32,29,28,22,33,55,34,40,15,26,31,28,53,37,35,22,37,37,30,36,28,20,30,37,45,0,37,33,34,37,25,28,37,31,30,33,33,42,33,18,11,35,37,28,36,35,29,37,37,35,35,22,43,41,35,29,28,41,39,31,25,34,23,34,42,47,40,22,28,19,38,35,37,42,50,36,29,30,37,30,37,35,42,55,37,23,31,33,41,31,20,28
9,35,27,22,27,62,6,29,36,13,21,37,35,35,23,35,38,24,27,18,12,10,38,43,10,30,38,14,35,39,32,16,31,26,14,22,14,8,30,26,10,33,28,7,34,42,35,17,38,32,41,36,26,26,22,16,16,46,26,28,10,34,48,28,30,29,32,38,18,25,56,20,8,35,23,31,8,6,14,30,33,41,24,23,37,41,29,15,32,40,47,16,26,15,21,51,18,27,30,16,27,50,21,40,23,28,51,19,57,24,28,25,30,7,27,33,32,41,16,31,43,37,0,23,21,35,12,26,32,28,19,28,21,40,30,24,37,31,32,29,27,19,27,27,9,9,29,25,36,35,34,38,26,31,29,32,31,25,35,24,38,28,40,39,19,35,40,27,27,35,24,35,18,34,23,31,38,35,36,42,32,34,41,29,25,28,24,35
25,10,10,23,2,53,19,30,14,22,19,30,42,15,28,36,8,24,14,34,34,22,43,56,20,12,37,21,40,46,39,47,31,14,22,11,19,19,14,10,22,17,31,24,9,39,39,26,42,28,50,48,33,30,10,24,39,44,42,30,22,4,37,36,16,22,30,39,40,13,53,18,15,48,34,3,19,21,22,27,11,49,30,10,42,41,22,6,18,40,44,40,42,24,28,48,26,10,21,20,42,52,36,40,19,30,47,24,57,45,10,14,20,21,11,6,41,39,37,22,55,33,23,0,31,30,39,13,10,4,31,4,28,45,7,34,37,19,4,22,4,24,6,4,21,29,19,14,40,13,14,44,13,19,18,11,31,30,30,18,49,47,45,44,31,36,39,4,15,23,49,15,41,39,28,11,40,15,45,53,4,12,41,43,5,7,40,24
11,38,38,34,40,44,13,27,36,22,27,23,33,34,17,40,39,29,25,25,15,17,44,33,17,39,28,17,42,41,21,41,42,24,21,26,26,11,38,41,17,33,17,14,42,27,30,19,33,38,45,39,30,24,30,19,31,35,31,16,17,31,47,34,20,30,43,33,31,31,47,15,36,36,21,39,33,15,22,27,37,39,26,30,43,42,22,29,43,39,26,11,35,16,36,44,27,38,30,32,32,51,3,44,35,28,42,22,48,25,31,33,37,15,32,30,28,31,28,37,36,34,21,31,0,21,25,42,36,41,23,37,25,18,30,19,22,33,36,38,36,27,38,36,14,12,33,31,33,43,40,37,42,35,33,28,19,21,31,39,40,42,20,24,25,38,38,31,38,34,49,35,36,44,26,27,42,42,30,45,40,34,31,31,40,28,14,34
15,16,16,25,37,57,32,25,36,27,43,31,32,41,25,30,33,31,20,29,19,26,38,42,26,27,36,26,33,38,34,33,41,21,28,27,24,33,21,17,26,41,23,19,32,35,44,8,14,39,45,39,37,14,22,6,38,42,42,26,26,34,33,27,27,29,33,41,17,32,34,23,35,27,34,29,39,27,12,23,37,48,34,40,39,42,26,38,42,29,38,28,33,32,29,53,30,18,31,32,34,43,21,30,43,27,48,30,37,36,39,31,26,29,32,36,23,41,29,37,50,37,35,30,21,0,28,19,30,38,26,38,29,40,35,27,37,35,27,23,36,17,35,37,29,33,33,31,12,39,38,31,19,37,37,31,25,25,22,26,48,47,39,27,22,33,25,40,31,6,40,34,27,35,31,31,7,36,34,49,35,17,39,16,38,36,17,38
26,37,43,39,43,43,15,35,40,33,37,37,31,35,34,36,33,31,38,33,10,36,44,49,37,28,34,27,38,40,32,33,39,37,34,40,30,20,36,38,38,45,37,25,38,33,40,33,32,31,45,42,36,42,41,33,24,28,44,35,29,36,44,30,34,14,41,29,24,32,31,30,36,51,18,36,20,21,32,35,33,24,39,37,42,34,25,28,45,37,26,30,42,41,11,23,36,39,47,30,40,46,25,37,44,32,31,29,54,20,34,42,27,16,34,34,2,24,4,45,31,25,12,39,25,28,0,46,27,38,20,32,40,40,37,39,22,41,42,40,35,36,38,43,14,20,44,39,42,37,44,33,46,41,32,41,44,34,35,41,39,10,40,41,35,43,19,35,28,35,30,43,18,18,40,39,34,42,40,50,41,40,22,31,26,45,35,44
20,6,6,16,24,47,11,28,19,14,9,19,20,17,17,22,22,11,9,18,33,14,43,44,14,14,28,14,44,38,31,50,34,8,14,8,19,10,8,5,14,22,28,21,34,28,39,13,41,22,42,46,34,22,9,15,38,32,41,19,14,22,37,34,7,19,22,25,30,11,44,12,17,38,28,18,19,29,16,25,27,30,29,18,34,35,10,20,24,30,34,40,32,15,15,32,18,6,9,14,32,46,42,30,11,15,26,10,50,53,15,6,24,27,10,17,40,25,38,21,38,28,26,13,42,19,46,0,24,20,25,20,29,45,13,19,20,22,24,17,19,31,13,24,25,24,22,6,42,24,23,35,1,26,23,10,19,29,19,26,42,51,44,26,27,27,34,22,21,12,49,16,43,24,34,8,25,18,38,54,24,6,34,16,14,10,35,16
19,16,25,26,8,49,30,28,13,18,23,38,38,18,28,33,14,19,12,19,29,18,51,55,18,3,46,18,34,50,45,35,34,13,18,18,18,20,14,17,18,17,24,17,25,46,41,22,27,31,49,40,26,22,12,18,25,52,45,17,18,11,42,24,9,25,37,42,27,6,52,18,20,42,29,9,29,25,18,37,20,46,23,9,54,49,17,14,20,38,56,31,37,27,29,38,19,24,30,21,37,45,36,38,20,33,45,24,55,41,15,18,2,24,8,15,32,42,25,15,50,37,32,10,36,30,27,24,0,8,25,11,31,38,8,41,45,17,7,18,24,27,11,8,22,28,16,18,29,21,15,38,23,21,2,7,34,27,34,3,48,33,39,33,23,49,37,12,3,32,40,14,23,31,40,9,40,16,35,55,6,25,38,31,7,7,35,20
38,11,10,29,4,53,22,36,21,35,20,32,41,25,30,39,10,28,16,36,35,35,39,57,33,11,42,35,47,43,44,47,48,16,33,14,30,26,13,15,33,21,36,38,16,42,48,31,41,27,53,54,39,39,16,33,38,45,43,33,35,6,43,40,27,27,35,42,31,21,51,33,21,42,35,3,24,35,32,28,10,49,32,4,43,46,26,13,15,39,45,38,48,29,33,46,32,11,25,27,44,54,41,39,21,28,49,33,62,46,5,17,12,35,18,5,40,42,38,21,53,31,28,4,41,38,38,20,8,0,36,3,40,44,12,33,44,19,6,25,6,38,2,6,28,28,18,18,38,17,14,41,20,19,6,10,33,37,32,14,52,47,44,41,40,43,45,2,11,26,45,22,42,40,40,18,35,19,41,60,6,15,46,36,19,22,44,28
27,31,31,27,33,66,17,29,30,21,29,27,29,39,19,38,33,15,20,22,17,17,48,40,21,40,26,17,51,40,28,39,35,21,21,17,7,18,35,30,17,34,14,26,35,31,33,16,37,29,42,40,26,16,23,17,39,34,48,26,21,35,34,29,21,26,16,29,35,25,47,21,25,27,26,32,19,17,19,33,32,34,25,21,46,35,21,17,37,36,36,23,32,22,35,52,22,31,28,29,32,45,23,36,27,27,41,15,55,30,22,21,40,19,24,30,26,30,21,39,48,30,19,31,23,26,20,25,25,36,0,34,31,39,31,24,40,33,35,26,35,23,33,35,17,17,34,21,39,38,35,31,23,31,24,28,27,29,22,43,41,43,39,29,20,30,35,26,43,26,37,31,37,38,27,25,37,40,6,50,35,29,42,35,41,32,28,25
38,16,11,29,4,57,16,32,19,35,20,34,41,25,30,37,4,26,16,35,33,35,41,55,33,9,42,35,46,43,43,50,42,16,33,12,34,22,16,15,35,25,36,38,16,42,45,31,36,25,50,52,36,36,16,32,41,45,43,25,35,5,35,39,22,26,31,42,33,17,52,33,20,46,31,3,28,31,31,28,14,48,33,3,45,43,28,8,17,43,47,42,47,29,28,48,35,11,25,27,45,55,37,43,20,30,51,35,62,44,2,14,11,34,18,5,37,42,36,22,54,33,28,4,37,38,32,20,11,3,34,0,34,42,8,32,41,23,6,25,6,30,7,6,29,29,21,17,38,17,15,41,20,22,9,18,33,40,32,12,51,49,42,43,39,39,39,5,10,23,46,23,42,37,36,14,36,21,43,54,6,16,42,35,18,23,44,30
23,28,35,33,32,56,20,21,38,20,39,33,37,43,26,34,32,25,26,21,31,18,44,39,18,27,50,18,37,29,33,51,40,26,20,25,25,23,32,35,18,35,24,21,29,51,45,14,23,44,39,39,34,4,25,14,38,48,45,46,17,25,40,40,43,23,22,41,21,25,58,19,41,34,36,32,25,23,8,27,35,44,29,32,42,36,24,27,43,47,49,23,29,34,44,52,19,29,43,27,31,47,25,47,39,29,45,25,50,48,32,29,28,20,28,27,37,42,31,37,47,33,21,28,25,29,40,29,31,40,31,34,0,44,26,36,34,33,31,40,28,2,39,30,30,35,32,29,35,43,37,38,27,38,30,34,25,29,30,35,36,48,44,31,25,40,39,27,34,25,49,41,41,34,6,28,37,35,32,46,32,33,44,34,39,34,27,32
17,48,46,43,41,62,39,32,41,36,32,36,36,47,29,28,43,39,27,31,23,24,51,44,24,39,41,24,39,38,32,39,37,30,31,45,44,25,47,47,24,46,37,20,39,43,15,37,37,37,47,42,19,44,38,45,19,48,44,28,24,33,49,22,43,42,38,40,29,38,42,37,43,39,11,38,35,40,50,34,33,46,37,42,44,47,40,45,49,49,36,17,40,22,47,44,31,43,48,44,42,52,20,46,34,38,40,40,45,32,45,40,37,29,42,34,38,39,31,47,44,42,40,45,18,40,40,45,38,44,39,42,44,0,33,35,35,44,33,46,33,42,51,33,21,15,44,42,27,49,45,38,40,42,48,32,30,39,30,42,47,31,3,32,41,32,28,39,44,48,39,43,18,40,43,32,47,47,42,52,41,45,31,32,48,33,30,40
24,10,10,30,3,51,21,28,12,18,23,30,39,14,28,36,6,18,9,20,35,18,40,52,18,6,42,17,40,40,37,43,29,9,18,12,25,19,15,10,18,15,23,22,6,42,35,18,25,22,50,50,28,22,12,18,41,44,39,28,18,2,47,32,22,21,30,44,26,11,48,16,21,41,33,5,21,21,16,27,10,46,22,6,40,45,17,6,16,36,46,33,43,25,32,53,20,10,20,19,39,48,30,34,24,33,45,31,60,47,10,15,6,21,5,6,41,42,37,14,47,33,30,7,30,35,37,13,8,12,31,8,26,33,0,33,37,15,3,21,3,24,12,3,26,29,15,15,33,18,13,40,13,17,12,5,34,28,30,12,46,43,33,35,23,39,37,4,5,24,41,12,37,34,29,5,34,16,39,51,4,16,36,41,11,5,36,23
27,23,23,27,28,37,29,34,37,26,26,3,30,35,2,37,34,17,25,29,24,28,34,25,27,34,10,28,44,33,40,39,43,24,28,29,25,32,21,20,28,34,24,29,41,10,40,16,27,34,36,22,29,28,19,18,43,14,38,40,28,32,47,43,31,14,21,10,34,28,38,27,36,33,40,33,14,33,21,26,41,39,35,32,35,43,12,32,37,12,14,21,12,24,33,23,28,23,24,18,12,56,18,12,28,2,36,15,41,42,34,23,41,31,34,32,35,10,35,38,48,18,24,34,19,27,39,19,41,33,24,32,36,35,33,0,19,34,28,32,33,32,29,28,33,37,34,23,30,38,34,36,19,37,40,31,2,29,2,35,38,49,35,9,24,6,23,36,41,17,39,35,28,27,30,27,29,34,36,39,28,24,29,30,38,34,17,32
21,25,25,22,39,56,29,25,40,15,26,16,2,38,16,10,35,14,29,20,26,21,43,49,21,45,42,21,34,36,10,43,24,28,20,35,30,28,30,24,21,37,6,24,40,42,41,25,30,39,36,39,26,31,27,25,43,42,44,20,21,41,46,22,20,26,26,37,18,29,50,14,38,35,33,46,22,39,24,12,44,16,29,37,46,44,16,33,43,36,40,29,28,36,39,38,22,25,28,29,28,43,22,35,28,29,6,6,58,46,41,29,42,30,34,34,34,38,34,36,41,11,37,37,22,37,22,20,45,44,40,41,34,35,37,19,0,40,32,34,39,32,38,39,32,32,41,29,27,43,43,4,20,45,42,39,17,20,25,44,39,36,30,22,21,23,30,36,41,35,48,43,20,2,40,34,38,40,39,50,32,32,31,2,26,39,32,29
28,23,19,31,18,57,29,32,6,22,25,34,41,8,30,38,19,20,15,23,37,21,43,53,21,13,45,21,41,47,38,44,38,14,21,17,28,22,27,20,21,2,25,27,28,45,45,23,42,30,50,53,28,31,17,23,35,46,42,32,21,15,45,37,28,27,33,43,31,15,56,19,23,40,35,25,25,25,23,32,21,48,13,18,46,40,21,16,10,42,50,34,45,31,34,55,23,21,28,22,45,47,33,42,25,34,50,27,56,46,19,20,14,30,12,16,34,43,37,4,51,35,31,19,33,35,41,22,17,19,33,23,33,44,15,34,40,0,23,28,18,33,21,18,27,24,2,20,42,16,10,43,22,20,14,11,34,31,37,21,51,50,44,44,26,36,44,19,19,27,47,6,37,45,43,14,41,15,45,57,22,23,45,39,19,13,39,19
29,14,19,36,2,58,21,28,19,28,19,44,47,26,35,45,7,28,9,30,34,28,45,57,30,6,46,28,45,46,34,46,32,14,27,10,29,25,13,19,28,18,33,28,20,44,35,23,35,24,54,52,27,28,11,26,36,48,45,24,29,3,38,33,16,24,29,42,28,15,49,26,19,46,33,3,20,32,22,33,14,47,28,8,47,44,21,12,21,42,48,40,48,24,22,46,30,20,25,22,44,49,36,42,19,35,44,39,61,46,8,21,5,31,11,9,34,42,37,18,52,37,32,4,36,27,42,24,7,6,35,6,31,33,3,28,32,23,0,29,9,27,6,1,25,25,22,25,39,18,16,48,24,14,8,11,34,27,34,9,54,42,41,36,33,44,41,6,10,25,42,17,38,41,35,11,37,17,47,61,1,18,46,45,9,10,41,25
36,7,7,26,29,60,20,28,31,29,24,32,35,27,34,18,32,32,21,26,17,31,44,49,27,16,41,27,26,47,31,49,43,20,32,29,23,23,13,10,27,30,28,37,21,39,46,24,30,8,46,42,28,34,27,30,29,54,44,18,31,21,36,24,6,21,29,43,31,16,43,23,19,35,20,21,23,32,30,36,11,41,28,22,42,45,28,21,32,33,42,41,39,24,20,48,35,7,24,19,39,33,39,40,26,37,46,25,50,31,21,27,18,25,21,20,33,40,36,33,47,28,29,22,38,23,40,17,18,25,26,25,40,46,21,32,34,28,29,0,24,35,25,29,27,27,29,27,30,33,30,40,18,32,21,24,26,32,30,12,46,55,26,34,30,42,30,23,16,19,40,29,40,26,48,19,27,26,34,48,31,20,30,28,20,18,43,33
29,9,9,26,10,61,21,28,15,22,18,35,36,19,31,35,10,24,10,26,33,22,44,55,24,15,46,22,42,44,31,49,32,14,22,11,33,25,18,9,22,15,39,28,11,41,35,29,35,25,54,55,32,26,10,23,39,44,44,26,21,4,39,34,15,25,31,41,26,11,45,20,19,45,36,2,23,26,28,21,9,45,28,12,42,43,25,8,14,38,48,40,48,27,28,46,26,9,22,25,48,52,36,38,18,34,53,27,53,45,12,14,20,26,11,5,31,41,33,18,48,36,27,4,36,36,35,19,24,6,35,6,28,33,3,33,39,18,9,24,0,26,6,8,26,28,17,16,42,16,12,42,19,15,16,11,35,28,35,8,53,52,37,37,33,40,41,6,16,22,43,17,39,39,30,11,32,18,41,61,10,14,42,41,16,11,39,28
16,38,38,35,28,63,18,14,33,18,33,30,34,39,25,42,30,16,24,18,33,16,46,39,16,25,39,16,33,40,42,40,41,24,16,23,22,25,31,36,16,33,22,14,37,41,40,12,23,40,35,36,23,2,25,12,44,49,39,32,15,21,44,32,43,29,38,47,20,23,55,17,43,30,36,26,25,24,6,23,33,50,27,26,40,38,24,29,42,43,53,25,30,35,41,48,16,33,41,23,31,52,27,43,33,26,44,24,45,32,30,32,32,18,25,29,32,47,21,33,50,35,19,24,27,17,36,31,27,38,23,30,2,42,24,32,32,33,27,35,26,0,37,26,28,22,30,29,17,42,40,34,31,39,26,32,30,16,28,41,37,45,42,33,24,33,44,30,38,30,46,38,39,36,8,31,40,37,40,49,28,32,45,33,33,26,21,30
33,9,9,29,6,55,22,29,16,29,17,31,42,17,28,36,12,25,13,31,32,31,40,51,29,12,37,31,45,44,35,45,35,12,31,12,25,21,14,9,30,20,36,35,16,37,51,26,41,26,47,47,40,33,9,30,40,45,44,33,31,8,42,37,18,21,32,39,30,21,48,25,16,45,32,5,18,31,30,25,14,50,29,8,43,42,23,7,15,36,45,36,41,22,29,53,28,10,22,22,41,49,37,35,17,29,54,30,62,44,9,11,11,27,11,7,33,39,30,17,50,29,27,6,38,35,38,13,11,2,33,7,39,51,12,29,38,21,6,25,6,37,0,6,28,28,21,13,36,11,13,40,13,23,9,13,31,33,36,14,48,43,49,42,33,35,47,10,12,18,48,16,35,32,41,8,38,14,38,53,6,8,48,34,11,8,41,24
29,15,19,39,2,57,21,28,15,28,19,34,45,26,35,45,4,28,10,24,35,28,45,54,24,5,46,28,40,46,35,47,32,14,28,10,29,29,14,19,28,18,33,28,20,44,35,23,35,25,54,55,30,27,11,23,37,48,41,26,27,4,43,34,16,25,29,42,28,19,51,20,19,46,33,2,21,32,28,33,14,45,28,8,44,44,21,12,22,41,48,40,42,24,26,49,24,20,24,23,44,52,36,42,19,35,51,40,59,47,8,21,10,26,11,9,39,42,37,20,51,37,27,4,36,37,43,24,8,6,35,6,30,33,3,28,39,18,1,29,8,26,6,0,26,26,17,25,40,18,17,43,24,21,8,11,34,28,34,10,54,41,41,36,33,42,41,10,6,28,43,17,41,36,32,11,38,22,35,61,2,15,42,39,10,11,38,26
9,25,33,34,26,60,7,24,26,12,23,32,28,29,31,32,26,31,25,13,4,12,40,38,12,30,41,16,39,46,38,24,30,20,15,18,12,6,25,32,12,30,26,8,22,44,28,19,31,30,42,38,25,27,20,19,31,46,40,20,12,21,42,29,13,4,30,42,25,27,47,12,6,36,12,30,10,3,24,28,32,41,21,20,44,44,24,12,32,42,43,17,31,34,27,55,12,27,32,12,34,49,14,42,25,37,40,23,55,23,21,29,30,2,21,22,10,42,21,29,37,37,9,21,14,29,14,25,22,28,17,29,30,21,26,33,32,27,25,27,26,28,28,26,0,2,28,27,36,30,28,41,22,26,23,20,29,20,35,35,38,28,29,30,25,36,41,21,30,28,24,25,14,30,31,21,35,28,36,51,25,28,41,28,32,22,28,27
11,25,25,24,26,59,3,23,27,12,25,34,32,29,32,26,28,27,18,14,6,12,49,43,16,33,35,16,42,41,35,34,27,19,11,18,11,2,31,26,16,25,19,10,26,37,22,17,41,28,40,39,19,29,21,20,26,44,36,20,16,26,41,21,21,20,32,44,25,21,55,10,12,41,4,30,16,11,14,33,31,40,22,19,42,44,18,17,30,39,47,15,27,33,26,56,12,28,23,14,32,47,12,40,24,37,48,23,53,22,20,21,29,6,21,16,20,44,16,28,48,35,9,29,12,33,20,24,28,28,17,29,35,15,29,37,32,24,25,27,28,22,28,26,2,0,24,21,37,33,32,31,22,29,17,20,35,26,35,25,44,28,15,36,16,42,42,15,24,27,32,25,22,31,36,21,39,30,26,43,26,27,48,28,30,22,20,27
28,16,16,31,17,62,27,30,2,22,25,34,43,10,30,38,24,20,15,23,37,21,44,52,21,15,45,21,40,46,38,45,36,16,21,17,28,28,27,22,21,2,29,27,24,45,46,23,37,28,50,53,28,28,17,21,37,47,42,32,21,15,45,36,28,27,32,43,33,13,56,19,23,38,34,24,22,25,22,32,23,51,13,19,38,52,20,19,10,43,52,34,44,33,37,52,23,18,28,23,44,45,33,43,23,34,47,27,55,47,18,20,12,30,11,18,40,43,37,6,50,35,29,19,33,33,44,22,16,18,34,21,32,44,15,34,41,2,22,29,17,30,21,17,28,24,0,20,41,13,10,43,22,21,14,11,34,29,34,21,52,46,42,44,26,40,43,19,18,27,46,8,40,45,42,13,41,15,43,61,20,15,46,41,24,11,38,17
20,9,9,10,25,54,10,28,20,17,11,25,37,19,13,28,22,14,6,19,32,17,32,50,17,25,32,17,42,40,20,45,28,5,17,5,17,19,19,8,18,20,20,23,31,32,43,16,28,24,38,42,31,23,3,18,32,38,38,23,17,15,40,35,8,19,12,26,29,11,43,15,22,40,27,15,25,26,19,26,25,32,23,16,45,40,11,17,23,36,43,36,30,14,19,37,19,9,2,21,30,42,31,34,13,15,41,17,51,46,19,1,21,29,12,15,36,26,30,21,30,22,25,14,31,31,39,6,18,18,21,17,29,42,15,23,29,20,25,27,16,29,13,25,27,21,20,0,32,23,21,36,6,25,17,12,24,28,25,22,40,51,40,25,24,31,28,15,21,26,50,18,36,29,33,12,35,16,31,56,27,25,36,32,19,12,25,19
12,37,36,34,40,56,36,25,40,24,35,35,38,41,35,31,40,33,32,23,28,24,51,49,24,26,48,24,45,48,33,35,40,39,27,35,39,36,38,34,24,41,39,16,34,54,35,22,16,33,33,29,23,12,43,8,26,49,43,41,24,32,48,19,29,42,37,43,19,28,34,34,41,34,29,35,37,29,14,37,30,52,39,37,46,49,40,34,40,51,48,32,45,31,41,47,23,31,41,37,39,51,31,43,35,20,44,41,41,40,36,32,25,35,35,33,39,48,31,42,42,43,36,40,33,12,42,42,29,38,39,38,35,27,33,30,27,42,39,30,42,17,36,40,36,37,41,32,0,46,44,33,45,43,37,34,40,30,38,29,28,35,29,33,34,38,19,37,26,27,35,40,35,29,31,36,18,41,24,49,38,41,27,21,36,34,30,40
37,17,17,32,20,65,30,42,12,37,29,38,42,25,37,39,18,28,21,39,35,35,45,57,32,22,48,37,50,43,43,43,50,21,37,25,33,27,25,18,37,17,40,37,21,48,48,35,45,29,49,51,42,38,18,34,49,48,41,30,37,18,50,40,25,25,33,42,34,27,56,29,23,44,42,14,27,35,35,32,18,50,31,18,39,37,30,17,24,44,49,41,50,32,34,48,38,18,22,23,50,55,43,44,30,36,51,40,60,46,17,23,19,32,17,18,41,41,41,15,50,41,35,13,43,39,37,24,21,17,38,17,43,49,18,38,43,16,18,33,16,42,11,18,30,33,13,23,46,0,25,48,24,14,18,18,38,42,38,23,54,48,51,42,40,42,46,14,25,25,54,17,49,41,44,18,38,18,48,61,19,20,46,42,24,20,46,33
29,14,16,30,17,63,28,36,8,27,25,35,37,14,33,40,16,28,15,31,31,27,39,58,27,22,46,27,44,39,39,49,43,16,27,19,31,25,18,15,27,10,35,28,26,46,46,33,36,28,55,55,44,34,17,33,44,51,44,30,27,12,47,43,21,24,32,43,29,16,56,25,24,46,40,13,25,32,30,29,22,47,23,20,47,45,24,18,2,43,48,41,47,31,34,49,27,14,23,25,47,55,40,43,26,33,52,32,61,48,14,20,17,33,10,16,44,42,41,8,51,35,34,14,40,38,44,23,15,14,35,15,37,45,13,34,43,10,16,30,12,40,13,17,28,32,10,21,44,25,0,43,23,14,17,12,38,36,36,18,53,47,47,42,34,49,46,18,16,25,48,10,41,41,44,12,38,6,47,63,16,17,46,42,21,10,41,20
31,44,43,8,45,53,36,31,42,30,34,40,2,46,38,27,44,21,38,31,31,25,48,41,27,44,39,30,29,42,2,38,37,37,31,44,42,29,44,45,29,43,6,34,48,39,33,41,45,46,47,32,33,44,37,41,41,47,52,28,30,40,47,31,41,39,11,33,23,33,39,31,46,41,29,38,34,38,42,23,41,18,33,42,45,45,22,43,45,38,37,40,39,35,30,41,29,44,38,32,37,49,36,37,36,35,18,26,50,42,40,36,44,29,40,40,36,33,30,44,22,29,38,44,37,31,33,35,38,41,31,41,38,38,40,36,4,43,48,40,42,34,40,43,41,31,43,36,33,48,43,0,35,43,45,41,35,30,37,42,46,43,30,30,16,35,30,43,44,43,44,42,30,30,39,40,47,48,33,46,48,49,38,29,36,35,27,35
20,6,6,16,24,47,11,28,18,14,9,19,20,18,17,22,22,10,9,18,33,14,43,44,14,14,28,14,44,38,30,50,34,8,14,8,19,10,7,5,14,22,27,21,34,28,38,13,41,22,42,46,34,22,9,15,38,31,41,19,14,22,37,34,8,19,22,25,30,10,44,12,17,37,28,18,19,29,16,25,27,30,29,18,34,35,10,20,25,30,34,40,32,15,15,32,18,6,9,13,32,46,42,30,11,15,26,10,50,53,15,6,24,27,9,17,40,24,38,20,38,28,26,13,42,19,46,1,23,20,23,20,27,40,13,19,20,22,24,18,19,31,13,24,22,22,22,6,45,24,23,35,0,26,23,9,19,29,19,26,42,51,44,26,27,27,34,22,21,12,49,17,43,24,34,9,25,17,38,54,24,6,34,16,14,9,35,17
32,19,21,32,20,61,27,35,10,27,27,38,45,21,35,44,18,30,20,28,31,26,42,59,29,22,45,26,45,44,43,46,40,19,27,21,26,25,24,19,29,22,33,30,21,44,39,29,38,32,55,54,34,34,21,29,41,52,42,39,26,16,49,35,26,28,37,41,33,24,46,25,24,42,34,17,27,29,32,36,19,49,21,20,42,39,27,21,20,43,49,32,42,33,39,54,31,21,18,28,43,56,36,43,30,38,49,34,61,49,20,25,22,31,15,17,40,40,41,19,53,41,31,19,35,37,41,26,21,19,31,22,38,42,17,37,45,20,14,32,15,39,23,21,26,29,21,25,43,14,14,43,26,0,24,14,37,34,38,25,56,50,47,40,34,44,41,20,22,27,51,18,40,43,44,17,41,21,38,61,17,25,40,39,20,15,43,32
20,18,19,27,8,54,29,28,17,18,30,34,40,14,27,36,9,18,10,22,27,18,45,54,18,7,40,18,35,48,40,38,32,10,25,17,19,15,12,18,18,15,25,17,22,40,45,21,33,28,46,41,33,21,11,20,25,51,44,18,18,12,36,30,8,22,35,41,27,7,49,16,19,44,29,9,21,22,14,34,8,48,23,8,52,47,15,14,20,39,53,31,38,27,31,46,22,18,29,27,38,51,34,39,21,35,46,25,56,46,13,17,7,17,11,19,19,41,27,13,48,39,29,18,33,37,32,23,2,6,24,9,30,48,12,40,42,14,8,21,16,26,9,8,23,17,14,17,37,18,17,45,23,24,0,10,33,29,34,8,48,40,44,35,24,44,40,10,7,33,46,19,26,32,34,12,39,20,40,56,7,25,43,34,10,11,27,20
24,10,8,27,11,49,23,23,9,15,17,28,38,11,26,32,12,16,9,17,32,15,39,53,15,6,41,15,38,43,36,42,27,8,15,10,18,13,15,9,15,13,25,22,24,40,33,17,29,23,49,50,28,24,10,16,37,43,38,28,15,5,35,30,15,23,30,39,27,6,49,13,22,44,26,16,22,24,15,26,15,46,18,10,51,42,15,4,14,36,43,31,43,29,30,45,17,9,20,19,43,44,29,34,22,30,42,21,52,42,11,11,6,23,2,6,35,36,30,13,50,31,32,11,28,31,41,10,7,10,28,18,34,32,5,31,39,11,11,24,11,32,13,11,20,20,11,12,34,18,12,41,9,14,10,0,34,23,28,8,52,48,43,39,21,36,41,6,9,22,42,9,40,41,32,2,32,13,33,54,10,16,41,34,9,2,36,19
31,21,21,29,34,23,33,32,38,22,23,3,23,41,2,37,35,17,25,29,28,24,34,27,25,39,10,22,41,37,35,44,41,24,22,25,25,33,23,20,24,34,11,32,41,10,34,16,29,29,38,24,27,21,21,18,43,12,39,30,22,31,41,41,29,18,27,9,29,29,28,21,30,26,32,33,14,33,19,24,38,30,33,31,35,35,16,28,40,20,12,28,12,12,37,35,25,21,23,12,12,53,18,16,27,2,37,19,37,43,30,24,36,33,33,30,33,8,41,36,47,25,31,31,19,25,44,19,34,33,27,33,25,30,34,2,17,34,34,26,35,30,31,34,29,35,34,24,40,38,38,35,19,37,33,34,0,32,2,35,34,43,23,11,18,8,9,32,40,19,48,35,40,29,36,33,24,37,33,39,34,28,19,36,37,34,16,30
18,29,31,31,28,58,35,1,32,7,31,30,23,35,27,20,33,14,25,9,29,7,41,53,7,29,44,7,35,35,24,39,6,24,6,26,28,20,36,30,7,29,16,15,34,43,36,21,35,41,45,46,14,20,24,23,31,49,43,31,7,27,38,23,23,26,34,44,11,22,49,8,31,38,31,29,30,19,21,28,30,31,23,30,46,44,24,31,34,40,42,19,35,29,31,52,5,31,40,27,36,23,21,40,29,28,35,14,48,42,35,28,28,19,28,32,33,44,27,29,46,34,25,30,21,25,34,29,27,37,29,40,29,39,28,29,20,31,27,32,28,16,33,28,20,26,29,28,30,42,36,30,29,34,29,23,32,0,30,33,50,41,33,36,14,31,34,27,29,40,42,29,25,25,25,20,43,29,32,56,29,39,37,18,22,21,27,29
31,21,21,27,34,19,31,30,33,22,25,1,22,36,2,38,35,17,23,29,25,24,33,34,23,38,9,24,39,39,38,36,37,22,24,23,25,34,25,20,24,38,25,33,44,8,28,15,24,29,28,32,33,27,21,17,39,14,41,26,24,33,41,39,31,14,26,10,27,28,14,23,30,34,36,33,14,39,22,24,37,28,31,31,32,41,20,30,40,14,14,27,21,24,29,31,27,21,26,12,17,47,30,14,25,2,33,17,38,43,30,25,34,35,27,30,26,10,30,37,48,23,35,30,31,22,35,19,34,32,22,32,30,30,30,2,25,37,34,30,35,28,36,34,35,35,34,25,38,38,36,37,19,38,34,28,2,30,0,37,34,50,16,7,18,8,7,33,34,19,49,40,37,25,33,27,29,34,32,43,34,21,5,34,35,28,15,28
29,20,21,30,10,48,22,38,18,27,28,37,33,19,35,31,13,23,15,33,24,28,52,56,28,3,52,28,38,52,42,32,39,17,29,20,36,23,12,21,27,21,27,27,14,52,44,26,28,25,42,49,28,37,19,21,27,52,51,19,28,13,40,28,9,25,36,47,26,6,46,23,30,47,23,9,15,27,23,31,20,41,31,17,52,50,24,16,22,42,49,40,46,30,32,37,28,22,28,29,46,47,39,41,21,36,39,32,52,49,16,22,2,33,9,9,27,47,33,21,52,34,24,18,39,26,41,26,3,14,43,12,35,42,12,35,44,21,9,12,8,41,14,10,35,25,21,22,29,23,18,42,26,25,8,8,35,33,37,0,45,40,42,24,27,38,32,13,3,27,42,19,26,41,27,9,32,15,37,48,9,15,36,38,23,12,38,29
24,46,46,33,54,32,37,50,55,32,46,37,48,55,45,37,52,44,50,36,39,42,44,18,38,47,38,48,38,47,33,45,49,49,41,43,51,38,52,45,42,51,50,28,50,40,46,28,38,41,5,23,45,30,46,30,39,41,43,51,40,49,53,43,37,54,35,37,47,47,27,39,43,44,34,53,42,41,34,40,49,40,47,50,36,35,39,52,53,6,35,40,6,48,54,28,47,46,42,52,11,53,39,11,48,19,43,29,13,47,44,40,47,40,50,53,44,37,40,51,42,42,38,49,40,48,39,42,48,52,41,51,36,47,46,38,39,51,54,46,53,37,48,54,38,44,52,40,28,54,53,46,42,56,48,52,34,50,34,45,0,50,41,33,43,46,45,51,47,42,54,55,42,41,34,53,42,54,36,39,54,40,29,25,47,49,11,48
33,50,50,43,41,27,25,42,49,41,39,44,46,42,43,41,47,46,50,41,18,42,44,56,40,34,49,40,33,47,45,2,43,46,44,49,34,22,47,51,39,49,41,32,39,45,26,47,33,40,49,47,34,39,47,44,20,47,54,45,40,48,48,20,48,18,48,49,44,39,39,43,39,50,24,45,30,31,51,47,35,43,47,42,49,42,41,41,51,47,38,38,47,52,42,30,37,52,53,40,49,40,42,42,52,49,33,45,40,33,41,51,33,28,45,42,10,44,26,48,40,47,28,47,42,47,10,51,33,47,43,49,48,31,43,49,36,50,42,55,52,45,43,41,28,28,46,51,35,48,47,43,51,50,40,48,43,41,50,40,50,0,29,45,43,49,39,44,34,53,30,51,16,43,49,45,41,48,41,62,41,52,35,45,42,45,45,51
17,48,46,43,41,62,39,32,41,36,31,36,36,47,28,26,43,39,27,31,23,24,51,44,24,39,40,24,39,39,32,39,37,30,31,45,44,25,47,47,24,46,35,20,39,43,17,37,37,36,46,42,19,44,38,45,21,48,44,29,24,33,49,22,43,42,35,39,29,38,41,37,43,39,11,38,34,40,50,33,33,46,37,42,43,46,38,45,49,49,35,19,39,20,47,43,31,43,48,44,41,51,18,45,33,37,39,40,44,32,45,40,37,29,42,34,38,38,31,47,41,40,40,45,20,39,40,44,39,44,39,42,44,3,33,35,30,44,41,26,37,42,49,41,29,15,42,40,29,51,47,30,44,47,44,43,23,33,16,42,41,29,0,32,41,32,28,39,44,47,39,43,19,39,44,32,47,47,41,52,41,46,30,31,48,33,30,41
31,27,27,26,36,28,37,36,41,34,34,12,19,46,6,36,43,27,31,33,21,32,36,32,31,32,23,29,38,42,27,37,43,32,33,39,38,36,29,28,31,44,21,32,41,23,33,27,23,26,33,21,39,36,27,29,35,24,43,31,32,40,37,36,18,17,37,21,35,36,33,31,35,41,36,35,21,43,33,40,27,46,42,42,42,39,24,41,44,36,24,25,34,28,29,14,32,27,36,23,34,51,24,28,33,13,41,37,48,42,38,25,32,34,38,36,38,21,36,44,39,22,39,44,24,27,41,26,33,41,29,43,31,32,35,9,22,44,36,34,37,33,42,36,30,36,44,25,33,42,42,30,26,40,35,39,11,36,7,24,33,45,32,0,38,20,16,41,32,35,46,43,29,28,37,36,25,42,37,54,35,36,24,30,45,37,24,32
15,40,37,10,33,60,24,14,28,10,36,10,24,30,10,22,38,8,21,13,35,11,35,35,11,24,32,11,27,42,20,35,20,20,11,21,18,20,40,39,11,26,10,14,32,34,38,11,27,30,40,31,20,16,20,15,30,49,45,33,11,23,43,18,24,19,25,31,12,19,54,8,27,25,31,36,21,17,13,10,30,34,22,23,38,48,10,26,42,35,43,20,25,24,35,42,13,32,26,20,26,27,26,35,38,20,39,18,44,38,24,24,24,16,20,24,28,31,23,29,27,28,19,31,25,22,35,27,23,40,20,39,25,41,23,24,21,26,33,30,33,24,33,33,25,16,26,24,34,40,34,16,27,34,24,21,18,14,18,27,43,43,41,38,0,29,39,24,27,25,44,29,30,6,21,20,45,37,39,42,33,37,37,26,35,21,12,22
38,27,27,27,38,41,33,32,43,31,23,9,21,46,8,34,44,27,29,34,38,31,26,27,31,44,23,31,41,40,30,42,40,28,32,32,33,41,19,26,33,40,21,40,40,19,29,23,37,42,47,22,36,37,25,25,48,26,41,41,31,38,47,37,34,26,22,11,36,39,37,32,36,37,48,43,24,43,29,37,40,37,37,34,34,35,26,34,46,16,28,33,13,32,26,28,28,29,28,28,12,58,38,19,29,8,39,24,55,44,41,31,46,43,39,40,37,7,47,43,44,19,35,36,38,33,43,27,49,43,30,39,40,32,39,6,23,36,44,42,40,33,35,42,36,42,40,31,38,42,49,35,27,44,44,36,8,31,8,38,46,49,32,20,29,0,40,37,39,33,48,44,29,33,39,39,33,43,46,47,37,27,29,40,35,40,31,35
32,33,37,37,41,14,49,34,42,41,39,18,30,42,18,36,40,34,33,41,25,38,44,50,40,37,35,38,38,39,47,55,49,28,37,37,39,44,39,32,40,44,39,34,29,27,31,33,37,30,45,37,31,35,29,37,46,18,43,34,38,37,53,30,34,23,47,37,33,41,29,38,41,43,32,38,29,46,39,42,29,42,49,43,48,44,30,44,45,44,23,35,27,26,36,30,35,37,36,37,27,44,38,36,39,25,40,33,42,42,38,28,36,43,40,36,37,29,34,46,44,38,40,39,38,25,19,34,37,45,35,39,39,28,37,23,30,44,41,30,41,44,47,41,41,42,43,28,19,46,46,30,34,41,40,41,9,34,7,32,45,39,28,16,39,40,0,44,31,41,45,43,46,25,39,40,35,46,30,44,39,42,12,27,42,39,40,34
25,16,15,30,10,60,15,26,15,23,23,34,40,22,29,40,6,17,10,20,29,19,44,52,19,18,40,19,45,45,46,47,31,10,19,16,17,13,20,15,19,19,31,24,16,43,42,24,33,29,51,50,31,28,12,25,40,46,38,28,19,4,39,31,19,26,32,41,31,18,49,17,23,40,34,9,24,21,24,29,16,47,22,2,45,44,21,6,22,41,47,34,42,24,36,52,23,16,23,22,42,49,31,41,23,31,51,24,53,48,3,15,15,15,6,3,35,41,38,15,49,35,27,4,31,40,35,22,12,2,26,5,27,39,4,36,36,19,6,23,6,30,10,10,21,15,19,15,37,14,18,43,22,20,10,6,32,27,33,13,51,44,39,41,24,37,44,0,15,28,45,14,38,36,29,7,39,23,34,56,12,23,39,37,14,10,35,25
28,19,18,28,5,48,23,31,17,24,32,36,39,19,34,32,11,18,15,26,30,24,50,56,24,1,52,23,33,52,46,38,35,15,26,13,31,27,19,17,24,17,28,26,20,52,40,21,30,25,47,41,25,28,18,18,28,45,48,17,24,6,45,26,9,29,34,47,38,7,48,20,26,44,28,7,25,30,22,34,18,45,23,15,51,53,22,16,28,38,49,35,43,30,32,46,28,17,31,15,43,45,39,38,27,40,48,26,52,46,10,21,1,31,10,6,30,44,28,15,47,37,27,15,38,31,28,21,3,11,43,10,34,44,5,41,41,19,10,16,16,38,12,6,30,24,18,21,26,25,16,44,21,22,7,9,40,29,34,3,47,34,44,32,27,39,31,15,0,33,40,15,26,32,41,7,30,21,28,51,5,26,44,37,22,7,37,24
35,10,10,12,28,51,32,40,27,30,28,19,19,28,17,39,27,22,34,30,28,29,39,56,29,28,34,29,45,22,41,41,45,35,29,24,27,28,12,11,33,34,19,36,34,36,51,22,33,21,43,36,37,26,35,8,35,38,30,19,29,24,45,38,20,14,14,26,28,25,38,28,27,41,41,21,16,34,10,13,26,33,33,25,34,38,14,37,25,24,35,40,42,33,15,49,32,12,31,20,43,50,34,25,30,17,37,23,63,48,34,26,32,30,23,25,34,29,36,41,52,42,35,23,34,6,35,12,32,26,26,23,25,48,24,17,35,27,25,19,22,30,18,28,28,27,27,26,27,25,25,43,12,27,33,22,19,40,19,27,42,53,47,35,25,33,41,28,33,0,48,29,40,29,27,25,8,23,44,31,26,9,41,31,25,31,37,27
27,47,47,43,43,54,31,39,48,42,41,50,42,50,45,46,41,50,47,39,28,33,47,54,37,40,49,37,9,57,41,26,42,48,37,49,44,24,41,45,37,48,48,26,37,53,38,36,43,37,54,50,20,49,43,40,22,48,53,31,37,42,45,12,32,54,41,52,32,42,54,38,28,53,28,46,51,23,48,40,45,42,46,44,52,53,48,43,50,44,49,37,44,53,43,39,36,46,50,47,50,25,49,46,51,42,42,43,51,9,43,50,39,28,42,42,40,39,12,43,39,50,24,49,49,40,30,49,40,45,37,46,49,39,41,39,48,47,42,40,43,46,48,43,24,32,46,50,35,54,48,44,49,51,46,42,48,42,49,42,54,30,39,46,44,48,45,45,40,48,0,47,34,40,53,41,45,49,35,53,41,49,57,41,46,41,40,50
29,17,15,30,17,58,27,29,6,23,24,33,43,2,31,39,19,24,16,25,35,23,41,58,23,15,45,23,40,41,44,46,35,15,23,17,25,20,22,16,23,8,35,28,20,45,39,27,37,33,55,53,33,36,17,26,40,55,41,34,23,12,41,33,25,27,33,44,32,15,55,21,25,41,32,19,26,26,29,32,21,48,20,14,38,41,22,12,12,41,57,36,43,34,29,49,25,15,23,25,43,51,35,40,25,35,49,28,60,50,14,19,15,25,11,12,38,44,36,8,47,36,35,15,35,34,43,16,14,22,31,23,41,43,12,35,43,6,17,29,17,38,16,17,25,25,8,18,40,17,10,42,17,18,19,9,35,29,40,19,55,51,43,43,29,44,43,14,15,29,47,0,44,46,40,9,41,14,37,56,16,21,49,39,18,11,39,19
33,41,44,38,41,60,17,27,43,31,27,39,36,43,27,39,41,12,41,32,6,19,37,55,27,26,42,25,33,47,27,6,42,40,31,36,27,18,34,43,19,43,31,32,33,43,25,36,31,40,42,47,28,30,35,37,14,49,45,34,29,36,44,22,33,10,39,42,20,38,54,31,26,41,14,38,16,25,38,29,39,26,36,36,40,41,15,39,44,44,43,30,42,37,21,47,32,43,40,18,43,43,36,44,31,27,18,27,54,30,35,37,27,30,40,36,6,41,26,40,33,29,18,41,36,27,18,43,23,42,37,42,41,18,37,28,20,37,38,40,39,39,35,41,14,22,40,36,35,49,41,30,43,40,26,40,40,25,37,26,42,16,19,29,30,29,46,38,26,40,34,44,0,40,37,42,33,40,32,52,41,43,43,26,28,41,38,33
39,21,21,20,36,58,29,24,41,37,21,28,2,46,27,19,36,14,31,36,22,33,37,45,35,32,34,37,29,30,28,41,34,30,34,38,38,35,22,20,31,43,18,38,37,34,28,39,31,26,42,38,30,38,34,38,33,41,36,33,37,35,40,18,24,24,21,38,26,32,42,32,29,36,44,35,29,29,36,20,33,30,36,35,40,39,16,36,41,34,39,47,25,22,43,44,34,21,31,25,26,36,44,34,23,34,20,6,30,44,34,29,32,35,40,34,22,38,39,39,26,30,34,39,44,35,18,24,31,40,38,37,34,40,34,27,2,45,41,26,39,36,32,36,30,31,45,29,29,41,41,30,24,43,32,41,29,25,25,41,41,43,39,28,6,33,25,36,32,29,40,46,40,0,39,38,50,42,34,34,38,26,39,4,36,37,20,28
23,33,39,35,34,60,20,23,43,20,36,33,37,44,30,41,30,29,30,21,36,18,52,36,18,39,42,18,32,33,36,43,38,28,20,32,29,27,37,40,18,41,24,21,33,43,35,16,25,45,36,33,29,10,27,16,37,54,44,35,17,27,45,38,37,27,36,44,24,36,58,21,42,33,44,32,27,24,10,34,42,44,31,34,49,39,29,29,46,50,48,32,28,30,44,41,21,34,47,32,29,47,28,50,39,41,48,29,57,45,38,33,36,29,32,29,37,43,37,44,42,37,23,28,26,31,40,34,40,40,27,36,6,43,29,30,40,43,35,48,30,8,41,32,31,36,42,33,31,44,44,39,34,44,34,32,36,25,33,27,34,49,44,37,21,39,39,29,41,27,53,40,37,39,0,32,44,39,30,54,36,38,44,35,35,32,25,34
23,9,9,29,11,52,24,20,11,14,21,27,37,11,26,31,17,15,8,16,31,14,43,51,14,7,35,14,43,42,35,47,26,7,14,9,17,17,19,8,14,13,22,21,14,35,34,23,29,20,52,49,27,30,9,26,36,44,37,25,14,5,34,29,13,23,29,40,20,6,45,12,21,40,27,12,20,23,23,25,12,46,20,5,46,42,14,10,14,35,50,30,42,28,31,51,16,9,19,18,42,47,28,33,20,29,40,23,50,41,10,13,7,22,2,10,36,40,37,13,49,30,31,11,27,31,39,8,9,18,25,14,28,32,5,27,34,14,11,19,11,31,8,11,21,21,13,12,36,18,12,40,9,17,12,2,33,20,27,9,53,45,32,36,20,39,40,7,7,25,41,9,42,38,32,0,34,13,35,52,11,15,39,33,8,2,34,19
35,22,16,38,38,49,37,40,38,43,39,39,44,38,35,41,32,42,32,44,36,41,43,59,39,30,41,40,47,37,43,42,50,39,43,29,41,34,33,21,44,45,36,37,33,44,49,27,22,29,43,39,42,29,36,27,40,41,35,28,40,33,32,40,28,37,32,43,34,35,32,43,32,49,32,31,38,37,35,26,30,52,44,38,45,45,34,39,38,37,37,42,40,40,23,43,39,24,35,30,42,48,41,26,45,30,42,38,35,51,35,35,30,35,33,33,26,42,33,43,52,37,38,40,42,7,34,25,40,35,37,36,37,47,34,29,38,41,37,27,32,40,38,38,35,39,41,35,18,38,38,47,25,41,39,32,24,43,29,32,42,41,47,25,45,33,35,39,30,8,45,41,33,50,44,34,0,35,38,39,36,21,23,33,37,35,32,41
34,15,17,25,22,61,27,30,13,27,24,34,33,16,31,43,19,31,21,25,38,24,43,57,24,21,45,24,42,38,40,52,36,18,24,18,31,34,19,16,24,11,39,34,27,45,48,29,39,31,54,54,34,39,16,30,41,45,47,34,24,16,44,42,22,25,27,47,24,15,54,26,23,49,37,17,25,36,34,26,25,51,24,19,43,45,29,21,6,43,48,40,47,32,26,50,26,17,23,23,45,57,42,42,26,34,49,27,60,46,26,17,27,35,13,18,42,47,43,13,48,35,35,15,42,36,42,18,16,19,40,21,35,47,16,34,40,15,17,26,18,37,14,22,28,30,15,16,41,18,6,48,17,21,20,13,37,29,34,15,54,48,47,42,37,43,46,23,21,23,49,14,40,42,39,13,35,0,46,59,18,14,45,39,19,13,42,15
36,35,31,35,35,51,31,34,44,28,32,43,40,42,34,27,38,24,36,26,27,34,45,48,28,38,44,34,41,48,23,46,40,32,33,37,33,31,45,34,28,46,28,37,43,40,45,42,26,38,34,34,28,40,34,39,33,41,49,33,34,40,26,19,34,35,44,44,36,43,47,33,45,35,37,34,30,35,37,33,35,39,38,32,47,54,30,35,42,46,47,31,46,34,43,38,26,35,41,27,41,45,28,44,42,34,46,39,48,39,45,31,28,34,35,38,36,44,33,40,39,42,36,45,30,34,40,38,35,41,6,43,32,42,39,36,39,45,47,34,41,40,38,35,36,26,43,31,24,48,47,33,38,38,40,33,33,32,32,37,36,41,41,37,39,46,30,34,28,44,35,37,32,34,30,35,38,46,0,47,39,32,35,26,42,36,28,39
40,53,53,44,59,61,45,58,58,56,55,40,51,58,50,49,61,54,51,47,45,56,53,12,56,51,34,53,49,54,46,41,54,50,50,56,55,46,52,52,49,55,57,44,51,40,56,43,51,56,40,30,52,51,56,52,38,27,56,57,56,51,58,51,44,52,37,30,35,54,32,52,50,53,54,56,49,45,47,45,54,55,60,54,51,43,52,51,60,11,29,50,11,50,61,51,47,53,53,47,16,56,44,16,53,40,47,38,30,43,53,56,52,47,52,52,52,27,35,54,47,55,42,53,45,49,50,54,55,60,50,54,46,52,51,39,50,57,61,48,61,49,53,61,51,43,61,56,49,61,63,46,54,61,56,54,39,56,43,48,39,62,52,54,42,47,44,56,51,31,53,56,52,34,54,52,39,59,47,0,60,60,50,34,57,52,16,56
29,14,14,38,2,57,21,28,13,28,19,43,45,22,35,43,6,28,12,30,38,28,45,57,30,5,46,28,42,46,38,43,31,14,29,10,31,25,13,19,28,21,32,28,13,44,37,23,34,26,54,51,37,28,11,22,35,48,45,25,28,5,43,37,16,26,29,42,30,15,51,26,18,46,32,3,20,32,22,33,13,49,27,8,47,44,22,12,21,39,48,40,48,24,26,49,30,20,24,22,44,48,40,39,18,35,44,39,57,45,12,27,4,31,11,9,38,44,34,18,52,37,32,4,40,35,41,24,6,6,35,6,32,41,4,28,32,22,1,31,10,28,6,2,25,26,20,27,38,19,16,48,24,17,7,10,34,29,34,9,54,41,41,35,33,37,39,12,5,26,41,16,41,38,36,11,36,18,39,60,0,18,45,44,9,16,41,31
20,2,4,26,17,56,29,43,20,19,14,21,20,27,19,38,14,26,15,23,29,28,38,53,20,26,36,18,32,43,41,48,45,20,28,11,33,28,5,3,24,15,42,22,25,36,50,24,32,20,40,34,36,28,17,24,37,36,39,24,24,16,41,32,8,13,29,32,20,15,49,23,17,47,32,13,19,30,27,23,20,45,27,20,38,43,23,19,18,31,41,42,38,19,12,38,26,4,25,17,38,48,34,30,15,28,35,19,57,51,21,25,24,26,15,17,39,33,39,28,49,23,34,12,34,17,40,6,25,15,29,16,33,45,16,24,32,23,18,20,14,32,8,15,28,27,15,25,41,20,17,49,6,25,25,16,28,39,21,15,40,52,46,36,37,27,42,23,26,9,49,21,43,26,38,15,21,14,32,60,18,0,36,34,23,10,41,35
37,37,33,37,45,14,43,38,41,32,35,8,41,48,16,34,41,36,39,31,22,34,39,51,35,38,30,34,45,44,36,49,43,34,33,41,40,48,41,34,34,43,40,39,29,17,26,39,33,34,29,37,31,41,34,31,47,38,38,37,34,39,38,40,34,19,29,37,39,40,9,28,39,44,46,37,21,44,47,40,37,37,48,42,42,39,28,41,48,20,23,35,29,16,37,22,36,37,36,23,33,48,30,20,43,19,40,35,42,42,35,36,44,44,39,36,37,29,39,43,48,31,41,41,31,39,22,34,38,46,42,42,44,31,36,29,31,45,46,30,42,45,48,42,41,48,46,36,27,46,46,38,34,40,43,41,19,37,5,36,29,35,30,24,37,29,12,39,44,41,57,49,43,39,44,39,23,45,35,50,45,36,0,28,38,41,35,40
23,37,37,30,39,42,30,19,39,21,33,30,6,43,32,20,46,24,34,20,22,15,34,38,15,41,43,15,15,30,22,30,25,27,14,34,24,33,33,36,15,40,30,24,37,43,31,24,31,32,24,35,18,30,28,33,37,40,38,35,15,34,41,35,28,39,38,43,14,32,34,14,23,43,32,32,36,24,30,6,31,12,29,35,36,42,32,32,42,26,49,38,23,42,39,42,22,35,32,31,24,37,31,32,29,31,12,6,38,44,34,32,42,23,33,40,28,43,34,40,44,33,29,43,31,16,31,16,31,36,35,35,34,32,41,30,2,39,45,28,41,33,34,39,28,28,41,32,21,42,42,29,16,39,34,34,36,18,34,38,25,45,31,30,26,40,27,37,37,31,41,39,26,4,35,33,33,39,26,34,44,34,28,0,32,34,20,32
31,18,19,26,9,52,29,23,14,26,32,34,38,20,32,34,13,34,22,27,28,32,52,57,32,22,41,33,43,50,28,34,38,21,25,18,29,27,12,15,32,24,41,30,19,41,47,30,40,22,47,54,39,35,15,33,34,46,45,28,32,19,34,31,14,24,33,40,33,24,41,29,21,42,35,15,24,33,30,41,21,43,28,15,49,47,26,16,22,39,45,44,45,33,31,46,29,19,27,24,46,51,40,39,26,29,40,28,61,40,14,19,21,26,9,6,34,40,32,26,52,41,25,5,40,38,26,14,7,19,41,18,39,48,11,38,26,19,9,20,16,33,11,10,32,30,24,19,36,24,21,36,14,20,10,9,37,22,35,23,47,42,48,45,35,35,42,14,22,25,46,18,28,36,35,8,37,19,42,57,9,23,38,32,0,16,42,35
24,8,10,30,11,52,21,22,9,15,22,34,39,13,27,32,16,16,7,17,25,15,45,53,15,7,43,15,40,43,36,48,27,8,15,10,24,18,12,9,15,11,23,22,23,42,35,25,29,19,49,49,24,30,10,17,41,44,38,26,15,4,34,30,14,24,30,35,21,4,43,13,20,43,28,12,21,24,15,26,15,47,20,11,46,51,15,5,12,39,47,31,43,28,30,47,17,10,20,17,43,48,29,38,18,30,45,21,53,43,8,11,6,23,2,6,28,37,32,11,48,31,28,7,28,36,45,10,7,22,32,23,34,33,5,34,39,13,10,18,11,26,8,11,22,22,11,12,34,20,10,35,9,15,11,2,34,21,28,12,49,45,33,37,21,40,39,10,7,31,41,11,41,37,32,2,35,13,36,52,16,10,41,34,16,0,35,19
9,38,40,23,38,55,23,25,40,21,34,17,33,41,14,34,38,15,29,22,33,21,43,19,21,34,33,21,42,38,17,37,27,28,21,32,27,23,41,41,21,40,11,13,44,34,33,11,32,34,16,16,37,19,36,13,34,40,39,24,21,36,48,28,39,29,31,29,30,32,39,20,33,19,40,38,23,23,17,36,37,46,30,34,45,42,22,31,42,39,49,23,5,12,34,49,23,44,38,28,10,48,14,38,36,15,39,20,20,32,35,25,34,28,34,38,36,36,26,39,40,20,24,40,14,17,35,35,35,44,28,44,27,30,36,17,32,39,41,43,39,21,41,38,28,20,38,25,30,46,41,27,35,43,27,36,16,27,15,38,11,45,30,24,12,31,40,35,37,37,40,39,38,20,25,34,32,42,28,16,41,41,35,20,42,35,0,36
26,26,30,26,29,59,29,30,20,21,27,28,29,17,24,30,32,17,20,23,25,21,40,54,24,24,37,21,34,44,29,38,42,21,23,21,20,27,31,25,24,17,23,24,35,36,40,20,38,30,46,50,27,25,21,20,42,46,45,41,21,23,49,25,26,16,34,35,26,17,50,19,18,40,36,29,15,28,19,35,31,44,14,23,36,39,16,26,24,40,49,29,40,28,37,47,26,25,28,18,40,46,34,39,25,26,43,22,62,50,24,18,23,24,19,25,37,34,41,19,41,28,35,24,34,38,44,16,20,28,25,30,32,40,23,32,29,19,25,33,28,30,24,26,27,27,17,19,40,33,20,35,17,32,20,19,30,29,28,29,48,51,41,32,22,35,34,25,24,27,50,19,33,28,34,19,41,15,39,56,31,35,40,32,35,19,36,0
