0,20,24,33,32,45,23,27,33,26,20,25,35,37,29,39,36,23,18,14,33,27,44,50,27,32,26,27,38,42,36,39,35,21,15,23,21,21,25,17,27,37,21,8,35,34,37,10,36,30,48,48,25,26,21,14,33,38,34,29,21,24,45,26,24,26,31,32,21,30,54,18,28,28,33,23,18,25,24,37,31,42,33,28,46,34,17,25,37,36,38,31,32,27,29,46,21,20,30,30,36,40,29,40,20,31,44,23,53,33,31,22,30,16,25,27,27,40,27,37,36,39,27,32,31,26,33,18,29,31,23,35,29,31,26,27,39,37,30,32,28,35,31,24,30,28,37,22,33,39,35,42,18,33,32,26,35,33,25,37,42,43,31,38,19,38,37,35,38,18,43,33,33,30,39,25,34,39,37,51,30,28,39,39,40,24,31,33
20,0,6,25,21,60,19,40,23,30,24,29,33,25,27,37,24,34,6,26,31,30,30,50,30,23,38,32,36,38,33,39,42,17,28,13,17,21,8,1,30,27,29,22,24,40,41,24,34,23,46,42,32,26,15,25,29,42,32,25,24,16,39,30,7,19,29,40,18,22,50,22,13,36,31,18,15,19,27,27,20,40,32,24,38,38,20,16,23,38,44,37,36,29,13,44,26,2,14,17,40,43,33,40,24,37,45,25,55,35,27,26,22,25,23,16,29,42,35,27,35,31,25,17,35,27,35,18,26,20,23,20,32,37,17,31,33,25,16,13,21,36,20,17,23,23,27,26,37,25,23,33,18,25,26,20,27,36,27,24,44,45,35,37,27,41,46,24,21,20,37,23,35,39,32,23,34,27,45,49,16,2,37,33,25,22,41,32
24,6,0,27,21,51,21,30,23,32,22,27,37,23,29,37,24,30,8,30,23,28,30,50,28,22,40,30,40,38,33,45,37,17,28,13,23,19,10,1,28,25,27,22,25,42,37,28,34,17,46,44,32,34,15,22,27,42,30,15,28,17,42,34,7,17,29,38,22,23,52,22,15,34,33,18,15,17,26,29,17,40,31,22,44,38,22,19,23,36,40,33,36,27,13,46,32,2,14,19,38,45,29,40,20,33,41,27,55,33,21,26,22,19,21,16,29,40,38,25,43,33,19,17,31,20,37,16,20,20,27,20,32,35,17,29,33,25,17,13,17,32,21,17,25,19,27,26,32,25,25,39,16,23,19,16,27,29,27,23,44,46,33,33,27,37,46,22,23,14,41,23,29,35,32,21,25,27,43,53,16,8,35,37,27,16,37,31
33,25,27,0,37,48,30,42,40,35,25,24,20,42,26,10,43,36,31,36,35,38,35,47,38,37,33,36,40,43,8,48,37,28,42,30,28,28,36,26,38,44,14,39,42,39,34,33,41,37,39,37,40,29,28,25,38,37,29,44,36,33,48,46,37,27,2,29,28,35,47,29,37,41,37,32,29,38,37,14,40,14,38,41,35,33,28,38,42,27,33,34,27,26,28,47,32,29,29,41,29,52,34,31,29,30,22,10,50,48,40,27,41,33,38,32,42,37,46,44,14,32,38,41,34,37,42,25,44,40,35,40,39,32,33,34,22,44,41,27,39,37,38,39,37,35,42,27,39,38,38,8,25,38,45,35,32,37,20,40,35,48,26,34,16,39,41,38,43,25,54,38,40,20,41,38,39,42,49,50,41,27,26,24,43,37,34,40
32,21,21,37,0,55,25,30,21,22,34,39,45,25,43,47,4,32,19,24,33,22,50,58,22,6,46,21,38,46,45,43,42,19,26,17,27,23,17,21,22,24,35,28,14,46,43,36,40,31,54,56,38,26,21,28,37,48,50,27,22,6,44,40,31,19,37,48,36,15,58,26,23,50,33,3,25,21,28,39,14,51,32,10,50,46,26,20,22,48,48,37,50,41,41,46,27,22,28,21,50,50,35,48,35,37,49,41,61,39,12,28,6,23,13,8,41,48,39,22,47,43,21,4,35,34,39,28,8,9,31,4,30,41,9,37,45,24,2,35,6,26,10,2,19,21,23,28,42,17,20,41,28,24,8,13,37,34,37,10,52,45,41,45,39,41,47,10,5,34,47,23,39,47,32,13,38,20,43,61,2,17,45,45,13,13,41,34
45,60,51,48,55,0,59,52,61,56,56,38,46,57,46,36,57,54,47,49,57,44,59,67,45,48,57,44,43,60,44,38,61,61,57,53,62,56,51,57,44,64,57,56,47,43,40,54,55,48,41,57,41,53,61,59,36,41,59,34,48,54,65,43,48,58,53,63,45,52,53,56,57,51,50,63,54,61,60,48,51,34,62,55,57,65,56,53,54,59,49,46,55,46,42,28,51,55,53,57,57,54,50,53,51,45,42,61,52,36,54,56,49,59,55,54,53,47,34,59,44,54,62,57,50,58,53,56,50,61,62,62,63,36,55,53,44,61,59,48,62,52,54,62,52,62,60,56,51,66,63,44,56,60,53,56,35,49,33,50,59,32,34,46,46,47,30,57,48,56,28,60,40,44,60,57,49,63,57,64,58,61,28,44,56,54,60,64
23,19,21,30,25,59,0,25,28,27,25,35,41,28,36,38,21,30,17,26,19,28,41,59,32,31,35,28,46,45,35,25,41,20,26,14,20,2,26,18,28,32,36,27,28,37,49,29,42,33,56,50,36,31,16,28,32,44,41,36,26,25,44,36,27,19,31,41,31,29,50,27,15,35,11,20,19,2,28,36,26,42,34,23,43,41,26,30,30,39,46,40,41,32,38,45,18,19,23,15,43,56,32,41,27,29,46,28,57,46,30,25,27,7,22,22,25,43,23,36,42,36,2,25,30,43,19,17,26,24,19,24,37,43,23,33,37,28,19,25,25,28,24,19,11,3,28,25,40,28,30,38,17,28,27,23,37,28,33,28,54,38,43,47,36,42,45,26,27,29,47,30,19,33,37,22,38,30,41,55,23,21,43,37,33,23,40,34
27,40,30,42,30,52,25,0,39,8,37,39,44,43,32,44,34,24,28,12,35,7,44,52,6,35,50,7,31,46,38,49,10,30,7,30,30,31,30,30,7,37,34,23,34,50,40,25,35,31,53,55,8,23,28,29,33,52,42,38,7,35,42,11,31,30,41,50,22,27,49,16,36,38,29,39,31,28,27,44,32,44,38,31,52,48,30,33,44,42,36,26,44,32,42,46,4,32,39,32,38,45,30,40,36,36,46,30,60,39,31,29,37,35,32,35,37,50,39,43,48,35,35,38,32,33,41,27,34,38,34,44,36,38,36,45,48,37,34,39,40,24,30,30,30,30,33,29,33,45,45,40,27,39,32,26,38,1,34,42,55,41,38,38,31,35,48,28,37,35,33,40,35,48,40,32,35,39,34,54,34,37,44,42,35,31,39,40
33,23,23,40,21,61,28,39,0,33,35,39,49,8,40,49,21,33,23,39,39,33,45,57,37,27,47,33,45,49,44,50,42,24,36,26,30,26,29,26,33,4,40,33,21,45,48,37,44,31,58,55,39,39,26,33,45,55,49,40,37,18,47,39,27,31,42,53,42,25,59,31,29,51,38,21,29,30,33,44,21,51,26,23,49,53,31,25,12,53,49,42,49,38,41,52,35,27,25,29,47,48,42,53,35,44,55,38,56,50,25,27,24,29,16,21,42,53,45,4,55,44,32,25,42,44,45,27,27,23,36,23,42,50,19,46,49,6,20,31,19,39,21,21,27,33,2,29,45,24,10,49,27,14,30,17,44,40,46,28,58,51,50,51,42,49,46,23,25,40,51,6,44,49,40,20,45,14,47,64,19,29,49,50,27,17,46,26
26,30,32,35,22,56,27,8,33,0,28,38,38,35,35,42,30,11,14,2,29,1,46,52,9,30,46,1,25,42,44,47,41,19,1,21,27,21,31,23,1,29,29,14,33,46,42,26,22,32,45,50,9,22,17,24,29,41,48,37,1,22,44,11,26,26,36,42,13,24,53,10,26,36,31,29,24,23,24,37,29,38,31,28,46,44,19,27,37,42,47,29,42,33,43,48,3,30,24,22,44,35,25,38,28,38,50,35,60,41,29,22,30,30,21,27,29,42,27,35,46,41,29,30,27,35,31,26,27,35,24,35,32,40,22,26,38,31,28,32,30,28,25,30,18,22,29,22,18,39,33,44,26,33,28,26,38,15,36,33,45,45,38,36,27,38,40,27,34,26,31,31,39,38,32,21,43,31,36,60,22,28,46,40,34,20,35,31
20,24,22,25,34,56,25,37,35,28,0,25,29,39,29,33,34,29,24,20,37,29,30,44,31,36,28,29,46,34,30,45,37,15,25,31,29,27,29,23,29,39,25,24,29,34,33,20,30,32,50,46,33,28,19,24,35,42,32,35,27,32,42,35,34,22,27,30,37,36,48,28,34,40,35,29,30,25,28,25,29,36,35,32,28,36,23,31,37,32,42,35,40,15,27,50,29,24,20,28,40,50,31,38,2,21,42,25,45,47,35,20,38,24,31,29,43,36,33,39,44,13,19,28,31,32,39,20,37,33,29,33,45,31,32,27,38,39,28,28,34,37,31,30,28,30,39,20,34,39,33,35,20,35,36,30,31,31,27,35,48,45,29,35,31,35,39,33,38,24,43,35,41,37,35,31,28,37,43,53,30,26,41,39,34,32,33,35
25,29,27,24,39,38,35,39,39,38,25,0,37,43,2,36,38,38,35,39,31,36,48,40,36,41,20,36,45,40,38,45,52,30,35,37,45,30,35,30,36,45,38,33,44,20,37,31,42,35,37,39,44,41,29,37,35,40,46,44,34,38,41,39,35,26,37,24,40,35,31,35,28,40,31,34,30,29,35,32,36,36,40,43,48,48,30,31,43,26,26,36,32,22,40,32,43,35,35,30,32,53,32,26,29,3,36,26,42,49,40,27,43,34,39,40,37,24,47,45,44,33,39,41,34,38,45,27,43,41,43,40,40,31,39,17,32,45,34,39,41,38,33,35,30,22,45,27,40,40,43,45,27,42,41,32,5,47,1,41,35,47,29,28,34,31,12,42,41,27,47,43,41,32,46,39,34,41,46,34,34,34,8,24,41,36,39,40
35,33,37,20,45,46,41,44,49,38,29,37,0,49,32,4,43,35,31,41,44,34,42,56,35,34,34,34,36,32,2,44,40,30,37,39,46,33,35,36,34,48,14,36,39,34,34,29,33,36,39,41,37,37,35,33,41,42,46,33,32,39,54,34,30,45,25,42,31,45,43,31,30,44,30,46,29,32,33,14,33,14,44,45,42,50,26,43,48,48,36,28,44,26,41,41,41,39,31,43,46,50,26,50,37,36,12,10,48,46,42,31,34,40,38,40,39,44,33,48,12,32,35,45,26,27,43,25,37,41,35,40,43,24,37,41,14,50,42,30,45,40,36,45,46,41,50,31,37,49,45,2,25,42,42,39,37,38,35,39,31,50,22,28,26,32,34,47,36,38,46,44,43,12,46,38,35,47,35,50,42,42,32,10,44,39,34,44
37,25,23,42,25,57,28,43,8,35,39,43,49,0,44,48,23,38,27,38,38,35,51,61,36,24,51,36,45,53,49,52,49,28,36,26,34,32,29,30,35,6,40,35,23,49,50,37,43,36,59,58,39,42,26,38,46,55,51,43,36,24,48,43,34,33,47,53,43,28,57,35,37,51,40,24,31,28,36,44,23,56,33,26,51,53,35,25,4,53,53,42,53,42,40,55,31,27,31,35,53,56,42,53,39,45,54,42,56,52,25,33,26,35,20,23,44,53,46,4,56,48,30,30,42,45,46,33,27,23,41,27,48,50,22,45,50,8,26,36,28,46,29,26,35,31,8,31,43,23,6,48,35,16,26,19,43,41,45,31,59,53,50,50,42,52,44,25,26,40,53,2,46,50,50,24,47,22,48,64,24,31,42,50,30,19,46,29
29,27,29,26,43,46,36,32,40,35,29,2,32,44,0,34,39,38,33,36,33,30,35,45,34,37,19,30,46,37,42,46,47,30,34,38,38,30,32,28,30,44,34,27,38,23,38,29,31,31,35,45,38,37,34,33,40,37,33,42,28,37,38,44,31,31,28,27,34,39,45,35,33,41,39,36,31,34,35,36,42,36,38,37,41,35,26,36,44,35,35,34,25,18,42,40,30,23,31,29,25,54,32,35,29,10,40,24,52,46,40,27,37,33,34,34,38,29,36,44,48,32,32,33,32,39,48,21,42,38,33,36,39,34,37,6,32,42,39,29,37,41,36,41,37,31,44,27,41,42,40,36,21,38,41,39,2,37,2,42,33,48,30,12,32,26,28,40,37,21,46,40,44,32,43,34,31,42,45,44,41,33,20,35,43,33,32,38
39,37,37,10,47,36,38,44,49,42,33,36,4,48,34,0,44,39,35,41,28,36,46,58,36,38,42,38,48,44,26,54,48,34,39,39,43,43,37,36,36,52,22,33,35,44,36,33,39,40,47,43,29,43,45,37,39,36,48,35,34,41,44,44,28,38,19,40,35,40,39,31,44,48,38,38,30,44,31,32,35,28,42,45,44,40,38,43,50,44,46,36,48,34,37,51,41,31,33,46,40,50,30,44,45,31,16,6,46,36,44,39,36,38,44,42,41,40,29,50,32,43,46,47,32,33,31,33,41,45,42,38,41,32,41,47,22,50,44,26,49,48,38,45,45,43,50,39,33,51,51,10,33,46,44,42,41,42,29,41,45,46,30,28,34,40,34,47,38,41,42,49,31,22,50,44,43,48,41,50,46,46,34,16,44,46,44,46
36,24,24,43,4,57,21,34,21,30,34,38,43,23,39,44,0,30,20,35,36,30,50,58,28,16,48,30,47,50,45,37,46,21,31,19,27,27,24,25,30,26,43,32,22,50,43,38,41,32,51,57,42,28,23,38,37,48,50,30,30,11,46,39,21,22,39,48,38,21,57,32,24,50,32,11,22,23,38,43,24,48,36,10,48,50,34,18,25,52,50,43,52,37,31,53,36,26,28,22,52,52,41,52,32,35,50,43,58,45,10,32,20,20,19,5,42,50,37,26,48,41,21,12,41,41,37,26,16,4,31,10,30,43,12,37,49,27,5,26,10,32,10,8,24,20,22,32,37,20,25,43,26,23,23,22,41,39,41,17,49,43,43,45,39,41,42,10,22,34,47,25,41,47,40,19,41,22,45,62,4,22,44,45,15,18,45,35
23,34,30,36,32,54,30,24,33,11,29,38,35,38,38,39,30,0,22,13,28,15,49,61,14,31,47,17,30,43,41,38,44,17,21,18,24,32,28,27,15,37,24,19,30,51,37,27,39,31,52,52,24,22,18,22,30,48,45,34,17,27,47,18,31,26,39,49,22,17,54,14,28,35,34,27,24,28,19,36,32,45,31,32,53,43,13,24,38,49,50,36,51,30,38,51,18,26,30,30,53,32,36,51,34,33,45,22,50,38,22,20,30,20,27,25,28,53,30,38,41,46,28,30,36,31,34,22,30,32,21,32,21,37,26,39,32,37,36,23,32,18,34,34,32,32,35,20,33,36,31,33,22,33,27,24,39,28,41,31,50,42,37,45,24,48,47,30,30,39,40,31,30,35,23,27,34,37,35,54,30,29,41,37,31,20,30,31
18,6,8,31,19,47,17,28,23,14,24,35,31,27,33,35,20,22,0,22,17,22,42,50,22,16,38,22,37,42,35,41,37,1,20,7,21,17,6,23,22,27,29,18,21,44,39,22,24,17,50,48,24,24,7,18,37,44,42,22,18,16,44,26,7,19,33,36,23,17,48,18,19,32,27,14,21,23,14,33,19,47,30,18,40,44,16,23,23,40,48,33,38,29,31,49,24,22,28,21,38,43,31,46,20,37,35,29,57,32,19,14,16,23,11,15,41,42,25,27,41,39,21,23,31,23,30,18,18,22,23,23,26,37,15,29,37,27,14,19,17,20,26,15,13,19,27,14,28,27,23,37,18,23,18,14,35,23,33,18,44,40,37,35,27,37,39,18,16,33,27,23,33,33,30,11,37,23,45,53,14,20,35,31,22,10,33,30
14,26,30,36,24,49,26,12,39,2,20,39,41,38,36,41,35,13,22,0,18,11,47,57,3,32,45,3,30,49,49,40,28,21,11,23,30,26,28,25,3,35,32,18,33,43,43,20,23,34,56,57,10,24,23,24,40,44,51,40,3,25,43,12,30,25,44,47,14,32,54,4,27,45,28,27,31,32,26,36,29,47,33,27,45,45,21,25,42,45,52,34,49,40,40,47,4,26,26,27,51,36,34,45,34,42,43,34,61,32,27,22,32,33,25,29,34,45,24,38,47,42,38,32,34,40,36,22,34,38,27,35,40,41,26,40,43,37,23,30,32,26,32,24,21,27,31,22,19,37,33,45,22,33,35,26,42,12,38,35,58,42,39,37,28,48,45,28,38,34,34,35,30,41,38,25,40,37,39,55,23,24,47,43,34,24,42,33
33,31,23,35,33,57,19,35,39,29,37,31,44,38,33,28,36,28,17,18,0,33,50,54,33,26,48,31,43,52,30,30,39,24,26,23,18,20,31,26,33,40,27,25,35,48,32,39,24,28,41,53,19,34,27,35,20,50,44,26,27,35,43,21,22,12,43,42,35,28,47,32,24,42,16,34,26,17,34,35,21,48,35,37,52,52,37,27,40,42,42,41,42,37,32,46,34,21,31,16,42,51,37,40,32,34,40,35,50,32,34,25,34,15,33,34,14,42,24,38,46,45,22,33,37,38,18,29,27,35,36,34,31,32,29,43,38,36,35,20,33,35,34,27,8,24,36,25,20,41,39,32,29,38,24,26,38,28,38,23,37,18,32,32,27,38,40,27,26,37,26,37,10,32,41,33,27,40,30,52,32,26,32,40,24,36,45,33
27,30,28,38,22,44,28,7,33,1,29,36,34,35,30,36,30,15,22,11,33,0,41,49,1,28,41,1,29,43,40,39,25,19,1,22,32,25,33,23,1,30,32,15,33,41,38,19,24,34,55,43,5,22,22,23,27,41,43,35,1,22,42,7,30,28,36,47,7,26,49,2,18,41,27,29,22,20,21,34,29,42,31,31,43,45,17,26,38,43,47,30,49,34,41,48,3,22,26,28,47,31,26,41,33,30,42,28,54,27,26,26,30,26,22,23,33,47,25,37,44,38,28,30,28,31,31,22,27,35,22,32,34,36,24,34,38,32,22,28,30,26,26,22,20,18,30,26,24,40,32,40,22,33,34,22,36,7,36,33,57,43,34,36,24,38,38,27,32,27,33,33,27,34,34,22,39,32,42,48,22,29,42,36,30,21,30,31
44,30,30,35,50,59,41,44,45,46,30,48,42,51,35,46,50,49,42,47,50,41,0,52,45,50,32,43,55,28,40,55,45,45,43,37,43,43,47,33,45,49,35,40,45,36,48,34,49,46,44,38,43,46,41,40,49,38,10,45,43,44,47,50,50,38,34,28,39,44,44,36,48,40,44,45,38,47,44,39,43,49,49,48,26,32,39,47,51,30,36,33,34,29,43,47,47,34,34,40,38,57,31,34,38,46,53,29,53,51,49,40,50,38,47,43,43,32,47,53,55,29,47,42,31,39,51,38,51,49,46,49,46,48,44,36,42,53,48,38,46,53,47,44,44,42,53,40,45,49,47,46,38,47,52,48,40,48,44,49,44,55,48,44,41,35,34,49,52,34,57,49,47,40,45,47,41,51,45,57,48,38,42,44,54,48,39,49
50,50,50,47,58,67,59,52,57,52,44,40,56,61,45,58,58,61,50,57,54,49,52,0,53,62,42,57,69,48,48,56,55,49,61,55,53,55,57,49,57,61,49,54,57,44,54,50,53,54,43,45,59,56,53,54,55,52,46,63,55,54,61,62,52,54,64,42,61,58,55,50,52,48,52,53,52,57,56,43,55,63,61,58,50,50,53,57,63,42,44,45,38,43,55,43,57,50,52,52,40,68,49,44,50,48,59,45,59,66,57,50,58,56,53,51,57,46,63,63,55,51,53,60,49,57,65,48,65,59,58,57,58,60,54,44,58,61,58,58,58,59,57,58,56,50,63,50,55,63,57,56,48,57,60,54,44,62,44,59,41,60,58,52,49,45,52,61,62,52,58,59,53,56,61,53,55,61,55,35,58,54,54,54,62,54,47,57
27,30,28,38,22,45,32,6,37,9,31,36,35,36,34,36,28,14,22,3,33,1,45,53,0,32,45,1,21,45,33,41,40,19,1,18,30,19,32,21,1,30,28,15,33,45,38,21,18,30,57,42,5,24,22,21,35,40,43,37,1,23,40,7,32,26,35,39,7,25,53,10,24,37,27,29,22,16,21,34,33,42,31,29,43,45,19,24,36,41,46,30,41,28,41,46,18,26,26,20,39,31,30,41,33,33,44,20,58,27,28,20,28,28,22,23,39,39,25,37,44,38,28,30,28,37,33,24,27,34,23,36,26,36,24,25,34,36,28,30,30,20,28,22,18,22,30,20,22,40,32,40,24,33,34,22,33,15,37,31,57,45,36,36,24,38,40,26,34,29,33,33,35,34,38,20,33,32,40,54,30,33,42,33,32,25,36,31
32,23,22,37,6,48,31,35,27,30,36,41,34,24,37,38,16,31,16,32,26,28,50,62,32,0,50,34,35,46,36,36,41,13,33,23,33,23,21,21,34,28,35,32,10,48,34,32,31,24,41,41,29,27,27,28,36,46,50,26,32,9,37,31,16,26,43,54,25,17,45,32,24,42,24,12,25,25,26,39,6,42,35,20,52,48,30,16,29,52,50,35,48,41,34,36,38,24,32,31,48,41,33,50,30,42,38,37,50,36,17,28,1,29,16,19,30,54,26,24,38,47,33,10,33,23,34,28,3,18,38,15,35,32,9,41,38,28,6,16,19,33,19,5,33,34,26,30,31,31,20,30,28,26,3,13,47,38,46,3,41,46,32,36,31,48,38,22,1,35,42,27,34,38,37,16,32,23,34,48,5,26,36,34,9,11,45,38
26,38,40,33,46,57,35,50,47,46,28,20,34,51,19,42,48,47,38,45,48,41,32,42,45,50,0,43,53,36,42,53,49,33,43,43,45,43,41,37,45,53,41,44,47,10,50,44,53,44,36,36,45,42,43,34,51,18,24,49,45,42,51,50,42,40,42,4,51,46,30,38,46,30,44,41,38,49,44,39,49,49,49,46,36,32,31,43,51,22,18,37,24,33,47,43,49,34,38,44,28,59,33,30,36,36,49,31,41,51,47,42,50,44,47,45,53,14,47,53,51,37,43,42,33,45,51,36,53,45,42,45,52,38,44,34,42,53,42,42,48,55,45,42,48,42,51,42,43,51,47,46,36,47,54,42,30,46,28,47,30,53,34,38,41,35,30,53,50,36,57,47,43,36,47,47,39,51,43,45,50,38,36,40,48,44,39,47
27,32,30,36,21,44,28,7,33,1,29,36,34,36,30,38,30,17,22,3,31,1,43,57,1,34,43,0,29,45,40,37,33,19,1,22,24,17,31,29,1,30,22,15,29,45,38,25,24,32,57,47,5,22,22,23,27,45,47,35,1,22,42,7,26,20,36,47,7,26,49,2,18,39,27,29,22,14,20,38,29,42,31,29,43,45,19,24,40,41,47,30,43,34,41,48,3,20,26,22,41,31,28,39,33,34,44,28,58,27,26,24,32,26,24,24,27,47,25,37,40,38,30,29,30,31,35,22,27,31,22,32,30,36,24,34,42,36,22,32,30,28,26,22,24,18,30,24,30,40,32,40,22,33,34,24,36,15,38,29,57,39,34,38,24,38,44,27,32,27,33,33,29,30,32,24,33,32,42,52,22,23,44,36,29,25,28,31
38,36,40,40,38,43,46,31,45,25,46,45,36,45,46,48,47,30,37,30,43,29,55,69,21,35,53,29,0,51,42,34,39,45,24,46,42,41,34,29,29,45,38,37,34,51,38,46,31,39,52,40,8,44,32,50,31,53,49,29,21,47,52,6,23,43,45,53,8,46,52,30,32,47,44,43,39,42,42,30,42,44,46,46,47,43,31,44,52,51,51,48,53,48,39,52,26,34,30,42,51,10,48,51,37,44,38,40,63,34,45,36,38,41,36,49,29,51,32,52,34,52,44,42,50,31,39,36,39,46,47,45,37,40,50,50,46,49,43,29,48,34,45,44,46,41,48,36,51,54,49,36,36,48,42,41,44,38,48,40,54,42,42,46,26,47,46,42,41,35,22,49,39,36,32,34,29,50,40,59,42,37,46,42,43,45,40,45
42,38,38,43,46,60,45,46,49,42,34,40,32,53,37,44,50,43,42,49,52,43,28,48,45,46,36,45,51,0,40,45,52,47,47,39,41,39,45,41,43,53,31,42,47,46,46,34,43,46,44,44,48,42,49,38,51,38,24,45,41,42,59,48,48,38,46,40,47,48,48,38,44,32,50,41,42,43,40,37,53,47,47,46,30,4,41,45,47,32,34,45,32,41,43,53,43,40,30,46,40,59,41,34,42,40,51,37,47,47,47,38,50,38,47,43,49,40,51,53,49,41,41,46,41,37,47,36,53,45,46,45,48,44,42,40,38,53,46,42,42,45,43,42,50,44,51,38,45,51,45,44,36,45,50,46,42,46,36,51,38,59,42,44,37,35,42,47,50,34,55,45,53,46,43,47,45,49,51,43,46,40,44,48,50,46,33,49
36,33,33,8,45,44,35,38,44,44,30,38,2,49,42,26,45,41,35,49,30,40,40,48,33,36,42,40,42,40,0,50,44,38,37,41,46,43,41,32,36,50,14,33,45,46,36,33,35,38,49,43,33,43,33,39,45,38,32,41,40,45,42,42,38,38,5,40,31,43,45,33,30,40,30,42,35,43,35,22,35,6,42,41,46,40,36,45,48,36,40,36,44,28,39,40,37,35,39,42,46,46,36,36,34,30,18,18,46,42,40,35,46,32,42,40,37,38,41,50,6,42,40,43,36,41,47,33,39,45,43,44,43,30,45,45,12,50,42,36,45,32,44,45,38,44,51,35,31,49,44,2,33,44,46,41,43,39,39,39,45,52,30,24,26,36,26,41,40,37,40,49,39,30,50,42,35,50,39,54,42,40,30,18,42,43,26,44
39,39,45,48,43,38,25,49,50,47,45,45,44,52,46,54,37,38,41,40,30,39,55,56,41,36,53,37,34,45,50,0,47,38,38,47,40,29,33,32,35,51,46,37,39,53,46,41,35,34,53,53,32,41,43,41,18,56,53,36,33,36,48,38,26,22,46,55,30,41,57,34,18,53,36,42,26,30,38,48,37,37,45,45,57,53,37,45,51,43,44,46,55,50,28,47,40,32,43,32,55,35,42,41,35,48,43,50,60,24,46,44,35,29,46,44,22,53,30,53,41,54,26,39,42,43,16,40,32,47,41,46,53,46,37,49,54,49,34,38,43,50,40,37,32,44,49,44,33,55,44,48,40,47,33,47,47,34,47,36,53,18,46,50,44,47,46,47,36,39,32,52,6,48,40,46,43,43,51,62,33,34,44,48,28,44,44,43
35,42,37,37,42,61,41,10,42,41,37,52,40,49,47,48,46,44,37,28,39,25,45,55,40,41,49,33,39,52,44,47,0,35,33,39,46,39,45,40,33,43,39,35,47,49,46,45,42,45,60,53,25,42,41,37,35,44,47,42,25,37,38,25,46,40,45,53,46,36,59,24,42,43,45,45,41,41,34,43,40,53,44,46,55,54,41,44,51,52,51,35,37,41,46,55,15,40,40,36,35,25,43,50,45,46,51,49,60,51,49,31,45,45,36,41,43,53,34,47,53,45,43,40,43,43,41,35,39,43,44,44,42,48,37,49,49,45,40,45,42,41,47,38,34,40,41,31,28,52,44,49,35,42,42,35,48,9,44,41,60,41,48,40,31,47,54,41,46,41,31,40,43,52,47,36,39,45,50,66,38,42,52,55,44,35,45,42
21,17,17,28,19,61,20,30,24,19,15,30,30,28,30,34,21,17,1,21,24,19,45,49,19,13,33,19,45,47,38,38,35,0,15,2,20,18,11,8,19,28,26,13,18,43,45,15,31,20,53,45,33,21,2,13,34,43,41,12,15,17,43,35,6,18,34,35,23,18,47,13,18,35,28,20,18,18,17,36,22,42,29,19,43,43,13,16,24,43,43,32,41,28,18,43,17,21,23,18,43,37,30,43,29,36,36,24,58,26,24,13,21,16,14,16,34,41,20,28,40,36,20,23,30,23,30,23,19,24,26,24,25,43,15,30,40,28,15,16,19,23,18,15,20,20,28,13,25,30,24,30,23,24,18,11,34,28,36,25,49,38,43,36,22,36,36,24,15,26,40,24,30,30,23,14,34,24,40,48,21,13,36,34,19,11,30,29
15,28,28,42,26,57,26,7,36,1,25,35,37,36,34,39,31,21,20,11,26,1,43,61,1,33,43,1,24,47,37,38,33,15,0,22,28,23,31,23,1,30,36,15,28,47,43,19,27,27,46,45,8,10,22,23,32,39,45,36,1,21,35,10,25,21,36,43,6,26,52,2,27,39,30,27,31,24,26,38,30,39,31,27,43,47,19,24,38,43,47,38,49,36,40,47,3,24,24,21,49,26,34,45,31,38,41,32,61,26,30,24,29,19,22,27,30,41,12,36,45,32,28,28,36,40,38,26,26,29,26,32,32,39,24,30,41,32,22,31,30,20,28,22,17,21,30,24,17,40,32,41,26,31,31,21,40,22,38,29,44,44,37,35,26,35,41,27,33,31,38,30,36,35,32,22,38,32,37,53,21,25,45,35,32,21,32,31
23,13,13,30,17,53,14,30,26,21,31,37,39,26,38,39,19,18,7,23,23,22,37,55,18,23,43,22,46,39,41,47,39,2,22,0,26,16,21,12,20,26,32,25,24,47,45,21,38,33,52,48,40,26,6,22,39,46,45,25,20,21,33,34,23,19,29,43,32,19,56,23,23,37,33,14,19,16,24,32,24,33,34,23,45,43,22,26,30,41,46,36,45,28,23,45,26,13,25,19,49,54,32,43,35,35,39,32,59,35,24,17,21,15,16,20,33,47,35,30,41,38,16,21,34,29,31,23,24,24,21,26,30,43,21,27,37,30,15,23,25,18,22,19,17,15,26,17,34,26,26,37,23,26,25,17,33,33,35,18,48,39,43,41,30,36,37,24,23,21,39,26,35,39,28,16,40,30,47,57,15,13,49,39,25,13,34,34
21,17,23,28,27,62,20,30,30,27,29,45,46,34,38,43,27,24,21,30,18,32,43,53,30,33,45,24,42,41,46,40,46,20,28,26,0,14,30,26,34,36,30,25,32,49,46,29,37,33,50,47,34,33,24,33,42,51,41,36,34,27,41,36,29,29,31,41,39,25,59,25,33,37,34,22,21,20,27,30,30,49,30,25,39,43,18,26,38,51,51,40,41,38,32,50,30,21,25,25,43,53,38,51,25,36,50,32,60,39,26,23,33,21,26,22,24,45,32,36,51,36,20,29,38,32,38,23,36,28,18,26,42,46,27,39,40,34,27,33,27,35,30,27,17,17,36,23,34,36,32,43,23,32,35,23,43,32,44,32,46,49,46,44,30,41,44,26,35,29,52,30,38,42,40,26,37,36,34,58,29,35,42,47,29,23,36,28
21,21,19,28,23,56,2,31,26,21,27,30,33,32,30,43,27,32,17,26,20,25,43,55,19,23,43,17,41,39,43,29,39,18,23,16,14,0,22,18,32,32,28,21,26,41,46,23,39,32,51,43,37,37,22,25,20,43,41,31,27,19,40,39,20,18,34,37,33,23,55,17,22,43,6,20,12,10,28,28,26,47,34,21,43,47,20,16,30,35,51,32,39,34,34,56,27,17,29,14,41,43,30,37,25,38,45,28,59,36,26,19,23,6,18,18,20,41,16,30,37,34,8,23,32,34,14,21,30,22,12,24,43,44,19,32,36,32,19,30,23,39,26,19,6,2,32,19,41,34,28,30,21,26,27,19,36,28,36,26,49,38,40,48,30,40,39,28,27,30,28,28,22,37,45,18,39,32,44,55,19,25,43,40,31,21,32,34
25,8,10,36,17,51,26,30,29,31,29,35,35,29,32,37,24,28,6,28,31,33,47,57,32,21,41,31,34,45,41,33,45,11,31,21,30,22,0,5,33,31,32,27,31,43,43,29,31,26,52,52,26,33,23,32,31,47,45,15,29,24,45,30,7,26,31,39,24,27,52,23,22,49,37,23,22,26,26,32,24,43,38,23,43,47,30,30,27,43,47,34,39,34,31,49,20,10,31,24,41,48,30,45,27,43,37,34,63,37,24,25,22,24,26,25,29,39,25,29,39,40,30,26,30,25,29,21,23,20,33,28,41,41,26,35,45,35,22,18,19,39,23,19,22,26,33,25,33,30,28,41,19,31,23,26,41,25,33,17,48,37,41,39,40,37,47,18,23,29,39,31,29,37,39,26,39,27,43,61,18,5,43,41,26,23,42,38
17,1,1,26,21,57,18,30,26,23,23,30,36,30,28,36,25,27,23,25,26,23,33,49,21,21,37,29,29,41,32,32,40,8,23,12,26,18,5,0,33,26,28,27,20,43,40,29,35,24,47,43,23,28,12,27,26,45,29,18,21,17,36,25,6,16,28,41,17,24,47,21,14,41,30,16,14,18,23,26,18,40,31,23,37,37,23,20,24,37,41,32,31,26,12,47,25,1,15,18,37,37,28,39,23,32,40,30,54,36,20,15,21,22,22,16,30,43,32,26,42,30,18,21,30,25,34,15,23,18,24,20,32,36,17,26,32,26,17,14,21,32,20,17,22,24,30,15,33,24,24,34,15,26,22,23,32,30,32,25,45,44,36,34,30,36,42,26,21,13,36,26,36,36,34,22,26,28,42,52,17,3,38,40,25,23,38,31
27,30,28,38,22,44,28,7,33,1,29,36,34,35,30,36,30,15,22,3,33,1,45,57,1,34,45,1,29,43,36,35,33,19,1,20,34,32,33,33,0,30,26,15,35,43,38,25,16,30,55,51,5,24,24,23,29,41,43,35,1,28,42,7,32,24,34,43,7,26,49,2,28,37,29,27,22,18,21,36,29,46,31,29,43,47,17,24,38,45,47,30,43,26,41,50,3,30,26,22,41,23,28,43,33,30,38,28,58,27,28,24,30,22,22,25,37,43,25,37,42,38,28,30,30,31,35,22,27,29,24,32,34,36,24,34,34,32,22,26,30,26,26,24,22,20,30,24,22,40,32,42,22,33,34,22,36,7,36,32,55,43,34,38,22,34,44,27,30,27,33,33,27,40,34,22,35,34,40,48,24,29,42,44,30,21,36,31
37,27,25,44,24,64,32,37,4,29,39,45,48,6,44,52,26,37,27,35,40,30,49,61,30,28,53,30,45,53,50,51,43,28,30,26,36,32,31,26,30,0,42,35,29,49,50,37,44,38,51,57,37,39,26,36,45,48,53,43,30,21,42,43,36,31,47,53,41,22,57,33,31,51,36,25,31,30,36,42,29,58,30,25,53,53,35,23,8,53,54,40,53,44,43,53,40,29,33,31,53,58,42,51,39,45,56,42,62,53,24,33,28,35,17,21,47,51,47,2,56,48,32,24,40,46,47,33,25,27,37,27,43,48,20,45,49,10,22,38,28,41,27,22,31,33,2,33,45,22,8,50,33,14,29,19,45,36,45,29,53,53,52,51,40,48,50,28,28,40,53,6,45,48,45,21,47,14,42,62,22,25,50,52,31,19,46,30
21,29,27,14,35,57,36,34,40,29,25,38,14,40,34,22,43,24,29,32,27,32,35,49,28,35,41,22,38,31,14,46,39,26,36,32,30,28,32,28,26,42,0,27,40,37,32,25,39,33,55,45,32,33,34,27,36,47,33,30,26,31,48,42,31,27,12,33,34,31,47,29,31,33,33,32,23,30,31,6,32,20,36,37,43,35,24,32,44,37,49,32,37,28,26,45,34,31,23,29,39,52,26,41,31,30,28,10,54,42,40,31,31,27,28,32,34,37,36,40,14,24,34,41,28,29,42,31,36,38,31,38,41,34,31,24,14,42,37,27,35,35,42,37,37,31,40,31,37,40,40,6,31,38,39,31,26,37,24,36,53,46,34,36,14,34,43,40,33,29,44,36,42,22,39,28,41,44,41,58,37,31,36,26,39,33,22,38
8,22,22,39,28,56,27,23,33,14,24,33,36,35,27,33,32,19,18,18,25,15,40,54,15,32,44,15,37,42,33,37,35,13,15,25,25,21,27,27,15,35,27,0,35,42,31,14,38,34,48,50,25,28,23,18,39,42,40,31,17,24,45,26,26,28,33,36,23,30,54,18,30,32,35,23,22,27,26,35,31,42,33,30,48,36,19,27,37,40,44,27,36,29,33,50,17,22,32,32,40,40,33,44,24,37,44,25,53,33,33,28,30,20,25,27,33,44,27,35,38,39,29,32,31,30,37,24,31,31,23,35,31,35,26,31,39,37,30,36,28,33,33,24,30,30,37,28,37,39,33,44,24,33,32,26,37,29,31,37,42,47,35,40,21,42,39,35,38,24,43,33,35,34,39,25,38,37,39,53,30,32,43,37,40,24,33,33
35,24,25,42,14,47,28,34,21,33,29,44,39,23,38,35,22,30,21,33,35,33,45,57,33,10,47,29,34,47,45,39,47,18,28,24,32,26,31,20,35,29,40,35,0,49,35,35,34,25,44,52,32,33,24,31,39,47,49,33,35,12,43,32,21,27,41,47,36,18,46,29,29,49,21,17,31,28,33,40,6,43,35,20,45,54,27,10,31,49,51,40,53,34,27,43,33,24,29,25,53,38,40,45,31,41,45,32,47,33,7,29,14,31,22,5,31,41,31,25,41,44,32,10,40,30,33,23,16,18,35,17,41,33,12,46,37,25,14,21,18,41,21,14,27,29,24,29,34,18,26,31,23,22,14,11,39,37,39,18,44,45,31,37,38,47,31,22,8,36,37,22,39,39,43,24,34,31,41,53,13,23,31,39,6,19,38,31
34,40,42,39,46,43,37,50,45,46,34,20,34,49,23,44,50,51,44,43,48,41,36,44,45,48,10,45,51,46,46,53,49,43,47,47,49,41,43,43,43,49,37,42,49,0,50,46,51,44,30,32,45,44,45,42,51,10,32,45,45,40,47,50,42,42,46,14,49,46,34,44,46,34,48,43,40,51,46,41,51,43,43,48,42,38,39,41,51,30,10,39,28,37,45,35,47,42,42,46,24,57,35,22,38,38,47,35,45,53,45,40,52,46,45,47,53,4,47,53,47,37,45,42,35,43,51,40,51,45,46,45,52,36,42,34,44,51,44,42,48,53,43,44,48,46,49,40,43,49,43,46,40,45,52,38,32,40,30,41,36,51,30,38,41,31,30,51,50,42,55,47,43,34,47,47,39,49,43,47,50,42,34,40,46,40,45,39
37,41,37,34,43,40,49,40,48,42,33,37,34,50,38,36,43,37,39,43,32,38,48,54,38,34,50,38,38,46,36,46,46,45,43,45,46,46,43,40,38,50,32,31,35,50,0,39,37,40,49,41,33,41,43,43,43,52,44,37,38,43,44,38,28,40,45,48,33,38,49,38,45,48,32,48,44,49,44,42,37,42,45,47,52,48,47,45,48,52,46,10,46,38,45,38,43,43,37,40,46,34,36,46,43,42,40,40,48,46,42,35,34,46,41,40,39,48,35,50,40,44,49,45,32,41,41,35,38,46,50,46,45,18,43,41,40,46,41,32,46,42,42,41,41,36,51,37,35,45,43,28,33,52,46,39,34,42,22,39,45,44,22,26,36,43,32,49,34,45,38,45,39,38,46,41,37,46,43,50,42,48,34,44,44,38,46,51
10,24,28,33,36,54,29,25,37,26,20,31,29,37,29,33,38,27,22,20,39,19,34,50,21,32,44,25,46,34,33,41,45,15,19,21,29,23,29,29,25,37,25,14,35,46,39,0,26,26,44,46,33,18,29,2,37,42,38,35,19,26,42,37,30,26,31,36,27,28,48,24,30,28,33,25,22,23,10,31,31,37,33,32,42,40,19,27,37,36,42,31,42,31,41,42,27,30,26,24,42,53,27,42,32,31,40,25,51,41,31,22,30,28,25,25,31,40,31,37,38,37,19,32,29,20,33,24,29,31,29,31,26,37,26,37,31,37,32,30,30,20,31,32,28,18,37,22,20,35,33,38,24,33,32,26,31,33,35,29,38,45,37,41,27,38,39,33,30,20,43,33,35,39,34,25,38,37,43,53,32,32,43,41,30,26,21,33
36,34,34,41,40,55,42,35,44,22,30,42,33,43,31,39,41,39,24,23,24,24,49,53,18,31,53,24,31,43,35,35,42,31,27,38,37,39,31,35,16,44,39,38,34,51,37,26,0,27,54,48,17,26,38,16,33,43,47,42,22,34,47,19,27,35,39,45,27,35,50,37,38,43,32,37,41,38,34,43,30,49,43,32,41,47,27,34,43,51,41,39,45,37,36,49,23,40,31,35,45,39,39,51,28,37,41,41,47,53,35,33,31,38,33,33,45,45,35,43,39,44,39,40,41,10,35,35,35,40,39,33,31,29,30,34,35,43,44,29,38,27,45,44,30,39,45,33,4,46,41,35,35,39,35,35,33,29,37,34,54,39,27,29,45,48,35,38,31,36,37,44,41,33,35,33,32,43,39,61,41,32,27,37,41,35,38,40
30,23,17,37,31,48,33,31,31,32,32,35,36,36,31,40,32,31,17,34,28,34,46,54,30,24,44,32,39,46,38,34,45,20,27,33,33,32,26,24,30,38,33,34,25,44,40,26,27,0,43,39,29,34,25,34,32,42,46,22,22,23,43,31,6,28,36,44,25,24,43,28,16,50,24,30,30,27,25,35,17,42,33,29,48,42,28,25,34,46,46,41,46,35,22,40,28,21,27,18,46,35,37,46,26,32,42,35,50,44,28,29,24,28,25,24,26,42,26,34,48,33,29,29,37,29,34,23,19,27,34,32,30,36,23,33,36,36,30,8,27,30,22,29,28,26,36,27,27,37,31,30,23,32,30,28,36,34,34,23,41,42,34,32,39,36,32,31,20,31,30,31,38,28,40,25,19,34,32,50,30,20,32,38,30,24,35,37
48,46,46,39,54,41,56,53,58,45,50,37,39,59,35,47,51,52,50,56,41,55,44,43,57,41,36,57,52,44,49,53,60,53,46,52,50,51,52,47,55,51,55,48,44,30,49,44,54,43,0,16,52,60,50,50,50,24,53,52,53,54,56,49,49,51,42,38,48,49,24,50,54,50,49,53,51,52,52,45,56,56,49,50,50,54,51,52,57,28,40,53,16,41,50,32,54,48,52,49,10,63,49,22,50,40,52,45,31,47,47,48,49,47,54,55,50,30,50,59,54,39,53,58,49,42,52,46,46,50,54,47,54,37,52,44,51,51,57,51,58,55,55,54,47,53,55,48,54,58,56,45,46,58,53,47,36,55,46,50,10,49,37,39,49,34,35,54,57,54,61,54,54,43,57,54,44,59,48,35,55,47,41,37,51,53,51,53
48,42,44,37,56,57,50,55,55,50,46,39,41,58,45,43,57,52,48,57,53,43,38,45,42,41,36,47,40,44,43,53,53,45,45,48,47,43,52,43,51,57,45,50,52,32,41,46,48,39,16,0,52,50,46,50,48,38,40,40,49,52,48,47,49,54,40,34,42,52,22,48,48,50,45,53,51,56,48,37,44,38,49,54,44,48,43,50,57,16,37,43,20,39,44,30,52,48,44,51,14,53,39,10,46,36,48,45,37,41,53,42,47,49,45,51,38,32,46,57,38,46,55,56,39,48,46,42,38,54,52,47,54,47,52,46,39,59,49,37,54,53,55,52,50,57,54,42,44,58,54,43,42,53,51,46,46,55,46,44,18,57,45,27,43,36,37,56,45,48,55,53,54,41,59,47,46,57,54,31,49,53,39,37,51,50,43,53
25,32,32,40,38,41,36,8,39,9,33,44,37,39,38,29,42,24,24,10,19,5,43,59,5,29,45,5,8,48,33,32,25,33,8,40,34,37,26,23,5,37,32,25,32,45,33,33,17,29,52,52,0,41,32,31,22,49,55,28,5,38,37,2,19,25,38,49,10,29,40,16,37,47,23,33,35,39,35,40,24,45,42,30,56,52,25,28,39,51,49,34,43,36,40,43,10,24,34,33,43,26,30,51,43,41,51,26,47,30,33,28,29,37,28,31,26,47,34,41,35,44,36,42,30,22,32,31,32,38,29,35,34,31,38,42,33,41,38,29,38,30,39,38,30,33,37,28,17,44,40,35,31,37,35,27,29,17,39,30,50,42,29,33,26,47,29,32,29,39,34,40,36,29,42,28,30,42,29,59,39,33,35,33,39,29,38,37
26,26,34,29,26,53,31,23,39,22,28,41,37,42,37,43,28,22,24,24,34,22,46,56,24,27,42,22,44,42,43,41,42,21,10,26,33,37,33,28,24,39,33,28,33,44,41,18,26,34,60,50,41,0,26,24,45,50,46,45,19,26,47,31,32,34,43,44,33,30,54,21,40,44,36,28,28,32,18,39,37,49,36,37,48,44,26,30,41,48,50,33,50,35,45,51,25,33,30,35,48,49,33,46,31,35,49,39,51,43,34,29,28,32,29,31,43,46,35,43,49,45,39,28,31,36,39,31,37,38,33,34,22,39,23,37,41,37,31,34,30,14,33,26,32,36,36,29,16,42,34,43,31,35,32,27,37,29,33,36,60,47,37,45,27,42,47,37,36,36,47,38,35,45,18,27,38,40,45,63,32,31,43,43,34,27,37,35
21,15,15,28,21,61,16,28,26,17,19,29,35,26,34,45,23,18,7,23,27,22,41,53,22,27,43,22,32,49,33,43,41,2,22,6,24,22,23,12,24,26,34,23,24,45,43,29,38,25,50,46,32,26,0,26,37,40,39,23,26,17,38,40,17,21,27,37,26,23,50,19,21,39,31,18,19,14,24,30,20,37,34,23,43,41,20,20,26,39,44,32,37,28,31,49,27,13,29,23,39,48,30,43,27,31,47,30,59,45,24,15,25,19,12,20,37,43,35,30,39,32,12,23,30,28,41,17,20,24,23,22,24,46,19,35,31,30,19,21,21,28,22,19,23,21,26,15,34,26,26,43,17,26,19,13,33,28,33,28,46,47,44,41,26,40,45,24,25,26,49,26,39,45,28,12,37,28,39,59,19,15,47,39,25,13,32,34
14,25,22,25,28,59,28,29,33,24,24,37,33,38,33,37,38,22,18,24,35,23,40,54,21,28,34,23,50,38,39,41,37,13,23,22,33,25,32,27,23,36,27,18,31,42,43,2,16,34,50,50,31,24,26,0,39,46,44,42,27,24,43,37,30,28,35,30,27,26,46,19,30,36,35,29,28,29,18,33,31,41,32,30,48,36,25,26,36,40,44,29,36,27,43,52,27,27,28,25,42,52,29,44,18,29,46,29,57,47,30,23,29,28,25,25,37,38,43,37,40,35,25,32,29,10,27,23,23,33,31,31,26,39,24,33,39,36,30,34,30,28,31,30,33,26,36,23,28,35,33,38,23,32,26,26,35,39,33,34,44,45,37,39,33,38,45,31,31,16,43,33,37,35,34,25,28,36,41,53,28,25,43,39,30,24,31,32
33,29,27,38,37,36,32,33,45,29,35,35,41,46,40,39,37,30,37,40,20,27,49,55,35,36,51,27,31,51,45,18,35,34,32,39,42,20,31,26,29,45,36,39,39,51,43,37,33,32,50,48,22,45,37,39,0,51,53,28,31,42,42,34,30,22,48,51,26,39,54,36,16,51,10,40,22,13,38,44,29,42,45,31,53,49,36,37,45,47,47,40,47,46,30,40,34,31,37,32,47,32,38,47,31,42,38,40,55,44,36,36,35,14,36,38,10,51,20,47,46,42,22,33,38,35,20,38,30,39,42,42,35,39,37,47,49,45,38,34,39,42,40,35,28,34,39,36,31,47,44,39,38,44,39,35,48,34,38,33,50,26,37,43,38,49,37,37,38,39,12,44,22,35,52,36,37,45,36,53,35,30,41,43,42,35,42,35
38,42,42,37,48,41,44,52,55,41,42,40,42,55,37,36,48,48,44,44,50,41,38,52,40,46,18,45,53,38,38,56,44,43,39,46,51,43,47,45,41,48,47,42,47,10,52,42,43,42,24,38,49,50,40,46,51,0,44,49,43,49,59,44,44,44,41,14,47,48,36,42,42,38,48,49,46,46,48,41,47,33,56,48,40,32,49,49,56,42,4,41,40,39,51,39,47,42,44,44,38,49,37,38,48,39,43,37,52,52,55,42,48,46,46,49,45,6,47,52,49,41,39,46,39,47,45,38,53,51,48,51,56,50,48,39,44,48,48,42,44,55,47,48,44,44,48,42,45,51,55,50,38,55,52,44,19,44,23,50,34,58,48,40,39,37,30,51,52,44,50,49,43,48,59,48,45,48,53,44,48,43,40,44,54,44,37,54
34,32,30,29,50,59,41,42,49,48,32,46,46,51,33,48,50,45,42,51,44,43,10,46,43,50,24,47,49,24,32,53,47,41,45,45,41,41,45,29,43,53,33,40,49,32,44,38,47,46,53,40,55,46,39,44,53,44,0,53,43,46,53,52,48,36,36,32,41,50,46,36,50,36,48,43,36,43,38,37,45,45,49,48,30,30,43,43,53,32,36,39,38,39,47,53,51,34,36,50,40,57,35,34,46,34,51,31,49,49,47,40,50,40,47,43,41,40,49,53,49,33,43,46,37,37,51,38,51,47,42,47,48,48,48,44,44,53,42,44,46,53,47,42,46,44,53,40,47,53,47,42,38,47,52,48,38,44,32,49,49,57,48,40,37,43,44,47,48,34,55,49,51,42,45,47,35,49,53,54,42,40,40,52,52,48,37,47
29,25,15,44,27,34,36,38,40,37,35,44,33,43,42,35,30,34,22,40,26,35,45,63,37,26,49,35,29,45,41,36,42,12,36,25,36,31,15,18,35,43,30,31,33,45,37,35,42,22,52,40,28,45,23,42,28,49,53,0,35,24,43,33,10,33,41,45,32,36,40,36,24,47,36,36,22,27,32,38,21,52,43,31,49,45,37,33,41,47,41,38,49,40,14,28,40,21,25,39,49,23,34,47,30,35,30,32,57,28,30,39,29,24,36,36,28,43,22,43,34,48,36,35,32,34,30,33,28,37,37,36,48,43,29,44,25,42,30,20,35,45,34,39,30,28,42,39,36,41,42,37,33,41,29,33,43,35,41,24,48,32,43,41,36,51,39,33,26,31,34,42,32,35,37,36,30,40,36,61,27,16,37,43,22,35,44,43
21,24,28,36,22,48,26,7,37,1,27,34,32,36,28,34,30,17,18,3,27,1,43,55,1,32,45,1,21,41,40,33,25,15,1,20,34,27,29,21,1,30,26,17,35,45,38,19,22,22,53,49,5,19,26,27,31,43,43,35,0,22,42,7,30,22,40,41,7,26,49,2,20,37,27,26,22,18,21,34,27,44,31,29,43,45,19,24,38,37,39,32,41,34,41,42,3,26,26,28,39,23,30,39,33,30,38,20,54,27,26,24,28,26,21,21,37,43,25,35,40,36,28,30,30,37,35,22,27,35,22,36,23,36,21,34,40,30,21,34,29,27,26,21,22,20,30,24,22,36,32,34,22,33,34,22,34,15,34,35,55,39,34,36,24,32,42,27,30,27,39,32,29,28,27,21,35,32,42,56,22,29,42,36,30,21,34,31
24,16,17,33,6,54,25,35,18,22,32,38,39,24,37,41,11,27,16,25,35,22,44,54,23,9,42,22,47,42,45,36,37,17,21,21,27,19,24,17,28,21,31,24,12,40,43,26,34,23,54,52,38,26,17,24,42,49,46,24,22,0,44,38,21,18,36,44,38,16,52,22,23,40,29,9,20,21,27,39,10,53,26,9,46,46,22,8,24,44,49,33,44,31,36,54,29,18,26,20,42,45,33,44,27,32,47,35,55,46,8,24,5,25,5,3,34,46,36,22,47,41,23,6,31,36,34,20,11,11,28,12,34,41,2,36,41,20,5,25,12,26,13,4,20,18,19,26,36,20,18,41,20,20,10,8,36,31,40,11,50,38,41,41,33,40,43,10,9,29,46,20,36,39,40,5,39,24,43,59,5,18,45,45,11,4,39,30
45,39,42,48,44,65,44,42,47,44,42,41,54,48,38,44,46,47,44,43,43,42,47,61,40,37,51,42,52,59,42,48,38,43,35,33,41,40,45,36,42,42,48,45,43,47,44,42,47,43,56,48,37,47,38,43,42,59,53,43,42,44,0,33,32,47,50,53,36,41,58,43,48,55,33,44,39,42,42,52,40,49,48,41,55,51,38,39,46,49,51,50,55,40,50,54,43,43,46,44,55,48,48,49,43,50,51,50,61,51,36,33,45,46,44,34,47,53,41,42,50,48,45,44,48,51,49,43,42,42,45,42,43,42,38,44,46,43,44,38,40,49,46,50,43,39,41,33,37,51,37,44,43,48,40,41,45,43,49,37,56,45,42,35,48,51,47,39,33,48,47,45,41,48,49,44,48,46,38,61,43,46,49,49,37,37,44,48
26,30,34,46,40,43,36,11,39,11,35,39,34,43,44,44,39,18,26,12,21,7,50,62,7,31,50,7,6,48,42,38,25,35,10,34,36,39,30,25,7,43,42,26,32,50,38,37,19,31,49,47,2,31,40,37,34,44,52,33,7,38,33,0,19,33,33,54,16,31,53,18,39,48,27,37,37,40,27,42,32,51,44,32,48,48,39,30,45,52,50,30,40,40,31,45,12,30,30,38,36,16,40,52,35,44,39,40,54,36,35,36,31,35,38,33,22,54,36,43,45,39,42,44,42,33,36,33,34,40,38,33,41,36,30,42,38,43,40,31,40,30,43,40,32,36,43,36,21,47,40,42,33,39,38,36,38,6,42,36,57,36,34,40,30,44,36,34,31,39,42,44,34,32,33,38,37,45,33,58,39,39,40,42,41,39,43,39
24,7,7,37,31,48,27,31,27,26,34,35,30,34,31,28,21,31,7,30,22,30,50,52,32,16,42,26,23,48,38,26,46,6,25,23,29,20,7,6,32,36,31,26,21,42,28,30,27,6,49,49,19,32,17,30,30,44,48,10,30,21,32,19,0,26,39,44,19,24,47,26,16,48,22,26,20,21,28,39,21,30,37,27,44,44,25,29,36,40,48,35,42,37,16,32,30,7,29,26,44,31,31,42,29,38,32,35,50,36,26,25,16,22,25,20,22,46,18,36,32,39,23,31,31,21,24,17,15,31,30,30,38,34,21,37,34,32,27,6,27,35,26,29,24,26,32,25,34,35,31,22,19,36,22,20,36,33,36,19,51,26,34,24,37,40,32,29,16,26,32,31,24,30,38,25,24,36,30,52,26,16,36,44,28,24,39,33
26,19,17,27,19,58,19,30,31,26,22,26,45,33,31,38,22,26,19,25,12,28,38,54,26,26,40,20,43,38,38,22,40,18,21,19,29,18,26,16,24,31,27,28,27,42,40,26,35,28,51,54,25,34,21,28,22,44,36,33,22,18,47,33,26,0,29,42,29,25,50,22,20,38,22,24,2,23,28,19,23,54,29,24,48,40,24,29,33,40,44,31,36,29,38,53,26,19,27,6,38,49,21,42,26,39,45,25,55,34,25,19,34,18,25,20,22,42,30,31,51,33,21,25,27,34,30,25,29,26,27,27,34,34,21,29,30,31,27,22,27,34,28,21,16,18,31,19,31,35,29,37,25,28,24,24,31,25,35,24,51,22,30,35,31,35,42,24,24,24,30,25,14,26,36,23,38,31,30,57,26,18,40,32,31,18,35,27
31,29,29,2,37,53,31,41,42,36,27,37,25,47,28,19,39,39,33,44,43,36,34,64,35,43,42,36,45,46,5,46,45,34,36,29,31,34,31,28,34,47,12,33,41,46,45,31,39,36,42,40,38,43,27,35,48,41,36,41,40,36,50,33,39,29,0,32,32,36,50,33,25,36,39,34,29,39,33,22,40,15,40,42,48,38,36,39,45,34,43,32,34,32,36,47,37,31,31,37,38,47,34,38,27,22,27,12,55,47,43,23,43,33,39,36,35,36,39,47,11,37,41,39,34,36,37,27,46,41,40,41,40,39,35,30,21,47,33,35,41,44,39,35,37,37,47,23,46,47,43,11,27,40,44,39,26,43,22,40,40,49,37,43,18,30,44,43,43,33,53,42,39,35,42,39,42,45,49,55,35,26,39,25,43,38,43,42
32,40,38,29,48,63,41,50,53,42,30,24,42,53,27,40,48,49,36,47,42,47,28,42,39,54,4,47,53,40,40,55,53,35,43,43,41,37,39,41,43,53,33,36,47,14,48,36,45,44,38,34,49,44,37,30,51,14,32,45,41,44,53,54,44,42,32,0,39,48,30,34,46,30,44,43,36,47,44,35,47,45,47,48,34,30,39,47,51,24,14,39,28,33,51,35,49,34,38,46,32,53,31,30,44,32,51,35,47,55,51,42,50,36,45,45,51,10,53,53,49,29,45,42,31,41,47,38,53,45,42,45,54,44,46,30,42,53,46,42,48,45,43,46,40,38,53,42,45,51,47,44,38,47,52,44,28,40,26,47,26,55,42,34,33,33,38,47,50,32,59,49,43,48,51,45,39,51,53,43,48,40,34,42,48,44,39,47
21,18,22,28,36,45,31,22,42,13,37,40,31,43,34,35,38,22,23,14,35,7,39,61,7,25,51,7,8,47,31,30,46,23,6,32,39,33,24,17,7,41,34,23,36,49,33,27,27,25,48,42,10,33,26,27,26,47,41,32,7,38,36,16,19,29,32,39,0,27,46,6,26,43,29,35,27,22,29,24,30,45,42,34,41,49,21,30,39,41,47,34,47,28,40,43,22,18,28,28,47,16,38,39,31,41,39,34,51,32,33,24,33,29,27,29,28,47,24,43,29,36,29,40,38,17,28,26,24,36,33,35,43,35,34,42,41,39,36,23,38,37,37,34,30,37,41,24,28,40,36,35,26,39,31,29,41,22,37,32,42,38,35,33,28,38,37,40,23,27,36,40,24,23,41,27,20,42,29,47,37,23,31,15,33,27,30,37
30,22,23,35,15,52,29,27,25,24,36,35,45,28,39,40,21,17,17,32,28,26,44,58,25,17,46,26,46,48,43,41,36,18,26,19,25,23,27,24,26,22,31,30,18,46,38,28,35,24,49,52,29,30,23,26,39,48,50,36,26,16,41,31,24,25,36,48,27,0,53,22,29,44,26,18,21,23,27,41,20,52,27,23,46,46,20,16,28,48,40,37,50,37,38,51,27,23,22,25,50,48,35,48,31,40,52,39,56,45,17,18,16,23,11,20,36,46,38,26,54,41,31,19,35,36,38,22,11,18,30,13,34,34,13,38,41,26,15,24,21,35,20,15,27,29,24,18,33,28,25,42,22,24,15,8,36,32,42,17,53,38,34,42,31,47,36,21,13,32,44,21,35,36,40,11,34,26,34,56,15,24,38,40,21,4,35,27
54,50,52,47,58,53,50,49,59,53,48,31,43,57,45,39,57,54,48,54,47,49,44,55,53,45,30,49,52,48,45,57,59,47,52,56,59,55,52,47,49,57,47,54,46,34,49,48,50,43,24,22,40,54,50,46,54,36,46,40,49,52,58,53,47,50,50,30,46,53,0,50,56,44,47,49,54,56,54,45,46,44,55,52,44,46,51,52,57,30,30,53,42,47,46,42,60,52,48,54,30,59,51,28,50,44,52,47,37,61,55,48,47,51,45,49,58,40,58,59,46,45,51,58,49,50,50,46,47,54,56,47,58,41,54,52,43,55,49,43,54,57,53,54,54,55,56,48,52,58,58,45,46,58,51,51,44,57,32,50,34,51,39,37,51,46,33,58,45,54,63,58,44,47,61,47,38,54,56,43,57,55,23,45,53,52,45,55
18,22,22,29,26,56,27,16,31,10,28,35,31,35,35,31,32,14,18,4,32,2,36,50,10,32,38,2,30,38,33,34,24,13,2,23,25,17,23,21,2,33,29,18,29,44,38,24,37,28,50,48,16,21,19,19,36,42,36,36,2,22,43,18,26,22,33,34,6,22,50,0,22,36,28,27,10,9,16,33,31,35,29,28,46,40,15,19,35,38,44,29,38,27,40,48,4,18,26,24,38,28,29,38,32,31,43,17,57,18,27,18,28,16,19,27,36,38,12,33,37,33,23,32,29,22,26,18,27,29,21,29,29,42,24,31,29,35,22,26,26,23,27,26,26,16,33,20,35,37,29,35,18,31,26,20,33,16,35,29,52,50,40,31,27,34,41,31,28,26,32,29,38,35,29,19,34,35,37,51,30,32,39,29,30,20,29,29
28,13,15,37,23,57,15,36,29,26,34,28,30,37,33,44,24,28,19,27,24,18,48,52,24,24,46,18,32,44,30,18,42,18,27,23,33,22,22,14,28,31,31,30,29,46,45,30,38,16,54,48,37,40,21,30,16,42,50,24,20,23,48,39,16,20,25,46,26,29,56,22,0,48,26,24,12,15,21,35,25,45,29,32,50,46,28,27,33,44,48,41,42,37,32,50,24,15,25,16,44,51,37,42,30,37,43,39,57,37,27,21,28,16,25,22,10,40,24,33,43,41,17,25,37,37,22,20,27,33,27,24,34,44,21,31,36,35,21,18,23,32,25,19,12,14,35,21,35,32,29,32,20,31,28,26,31,30,33,32,45,32,42,41,33,40,36,26,24,30,32,31,30,34,42,25,36,33,30,61,20,18,43,41,23,24,43,35
28,36,34,41,50,51,35,38,51,36,40,40,44,51,41,48,50,35,32,45,42,41,40,48,37,42,30,39,47,32,40,53,43,35,39,37,37,43,49,41,37,51,33,32,49,34,48,28,43,50,50,50,47,44,39,36,51,38,36,47,37,40,55,48,48,38,36,30,43,44,44,36,48,0,42,41,40,47,34,33,47,49,47,46,40,30,41,43,53,38,38,35,32,29,49,51,39,40,34,42,36,55,35,40,40,46,45,31,47,49,43,36,42,40,39,41,43,34,47,51,49,35,39,46,35,41,41,34,45,47,52,45,52,52,44,42,48,51,50,38,48,39,47,48,42,44,51,36,33,49,49,42,34,47,44,40,46,36,40,49,44,57,52,38,19,39,46,49,42,38,41,47,47,38,43,39,43,51,49,43,48,42,44,46,52,40,33,47
33,31,33,37,33,50,11,29,38,31,35,31,30,40,39,38,32,34,27,28,16,27,44,52,27,24,44,27,44,50,30,36,45,28,30,33,34,6,37,30,29,36,33,35,21,48,32,33,32,24,49,45,23,36,31,35,10,48,48,36,27,29,33,27,22,22,39,44,29,26,47,28,26,42,0,30,22,27,38,39,17,44,37,33,44,48,39,31,42,44,44,35,46,39,38,40,32,27,29,24,42,37,33,42,31,40,36,39,46,34,28,29,20,24,27,26,28,44,26,40,34,37,30,31,33,34,26,33,21,31,32,30,41,32,31,35,36,40,33,20,31,41,36,29,28,4,36,29,33,41,41,34,33,34,32,26,38,26,38,25,45,28,32,34,37,43,24,35,20,35,24,37,14,34,39,27,30,38,22,50,32,30,26,42,34,28,39,37
23,18,18,32,3,63,20,39,21,29,29,34,46,24,36,38,11,27,14,27,34,29,45,53,29,12,41,29,43,41,42,42,45,20,27,14,22,20,23,16,27,25,32,23,17,43,48,25,37,30,53,53,33,28,18,29,40,49,43,36,26,9,44,37,26,24,34,43,35,18,49,27,24,41,30,0,20,20,27,36,19,44,29,9,45,43,23,11,22,43,49,34,43,34,40,46,31,17,27,24,45,54,32,45,30,34,48,36,54,44,9,23,13,22,14,9,36,45,38,25,49,38,20,7,32,37,42,25,13,7,28,3,30,45,8,36,40,23,7,26,4,30,9,6,22,20,25,23,33,18,21,40,25,23,13,12,34,35,36,13,51,51,45,42,34,42,44,5,11,27,40,19,42,36,38,14,37,23,44,58,7,16,44,40,21,12,38,29
18,15,15,29,25,54,19,31,29,24,30,30,29,31,31,30,22,24,21,31,26,22,38,52,22,25,38,22,39,42,35,26,41,18,31,19,21,12,22,14,22,31,23,22,31,40,44,22,41,30,51,51,35,28,19,28,22,46,36,22,22,20,39,37,20,2,29,36,27,21,54,10,12,40,22,20,0,7,33,29,25,39,31,26,44,44,18,25,31,42,44,31,36,23,28,49,28,19,19,2,38,43,33,44,24,33,39,31,52,35,27,23,20,4,23,20,24,44,26,31,42,33,17,29,33,27,30,19,27,28,29,29,42,44,21,33,33,31,20,28,27,38,30,21,14,20,33,23,35,33,29,37,19,28,27,24,33,30,33,31,45,36,44,44,29,41,40,24,25,26,33,29,28,34,43,23,37,33,43,58,20,18,43,38,31,24,33,27
25,19,17,38,21,61,2,28,30,23,25,29,32,28,34,44,23,28,23,32,17,20,47,57,16,25,49,14,42,43,43,30,41,18,24,16,20,10,26,18,18,30,30,27,28,51,49,23,38,27,52,56,39,32,14,29,13,46,43,27,18,21,42,40,21,23,39,47,22,23,56,9,15,47,27,20,7,0,31,34,30,44,32,27,49,47,24,18,28,45,48,36,49,32,35,57,18,21,27,17,49,48,34,45,31,39,39,38,53,29,24,19,27,5,22,20,35,47,13,34,42,38,2,29,34,34,26,17,26,26,19,28,36,44,21,31,45,32,21,23,31,37,28,23,7,3,30,19,38,32,30,46,17,30,23,23,33,31,37,32,50,39,44,51,30,40,44,32,27,24,21,30,28,36,41,22,40,28,37,53,21,15,42,39,29,25,38,34
24,27,26,37,28,60,28,27,33,24,28,35,33,36,35,31,38,19,14,26,34,21,44,56,21,26,44,20,42,40,35,38,34,17,26,24,27,28,26,23,21,36,31,26,33,46,44,10,34,25,52,48,35,18,24,18,38,48,38,32,21,27,42,27,28,28,33,44,29,27,54,16,21,34,38,27,33,31,0,33,29,41,30,30,48,46,18,32,37,40,44,31,44,31,40,48,19,28,34,31,46,52,35,48,34,35,41,25,57,42,33,23,30,24,25,25,30,42,34,37,40,37,25,28,35,28,26,21,23,29,33,29,24,41,26,33,41,38,34,29,34,10,31,30,31,27,35,23,30,34,32,41,21,33,21,24,41,28,31,32,48,49,41,41,23,36,45,33,30,28,36,32,36,33,18,25,36,38,45,61,34,34,41,37,34,26,27,30
37,27,29,14,39,48,36,44,44,37,25,32,14,44,36,32,43,36,33,36,35,34,39,43,34,39,39,38,30,37,22,48,43,36,38,32,30,28,32,26,36,42,6,35,40,41,42,31,43,35,45,37,40,39,30,33,44,41,37,38,34,39,52,42,39,19,22,35,24,41,45,33,35,33,39,36,29,34,33,0,36,26,38,37,41,39,30,38,42,33,43,40,37,24,36,46,34,29,21,39,41,48,36,35,27,32,38,24,54,40,40,35,41,29,36,34,40,35,42,44,28,30,40,43,38,37,46,31,38,36,35,36,41,32,39,34,34,42,41,31,39,33,40,39,35,33,44,35,47,38,42,28,31,40,41,35,22,45,28,38,39,46,30,32,12,38,32,40,39,29,44,38,42,24,35,36,29,42,45,50,41,37,38,10,43,37,32,40
31,20,17,40,14,51,26,32,21,29,29,36,33,23,42,35,24,32,19,29,21,29,43,55,33,6,49,29,42,53,35,37,40,22,30,24,30,26,24,18,29,29,32,31,6,51,37,31,30,17,56,44,24,37,20,31,29,47,45,21,27,10,40,32,21,23,40,47,30,20,46,31,25,47,17,19,25,30,29,36,0,39,32,18,45,52,27,12,28,47,47,38,47,36,31,39,35,23,29,23,47,40,38,47,34,41,39,36,47,31,11,27,6,29,16,17,27,45,33,31,41,44,34,16,38,28,29,29,16,22,29,17,41,35,10,40,35,31,14,19,14,37,19,14,29,25,29,27,32,28,27,31,29,24,8,15,39,37,39,8,42,35,35,27,36,39,31,24,6,39,35,25,31,35,41,14,31,30,41,49,13,27,31,31,16,9,40,35
42,40,40,14,51,34,42,44,51,38,36,36,14,56,36,28,48,45,47,47,48,42,49,63,42,42,49,42,44,47,6,37,53,42,39,33,49,47,43,40,46,58,20,42,43,43,42,37,49,42,56,38,45,49,37,41,42,33,45,52,44,53,49,51,30,54,15,45,45,52,44,35,45,49,44,44,39,44,41,26,39,0,50,53,45,53,34,53,55,49,43,38,41,39,36,28,43,41,47,47,43,48,34,49,46,43,26,16,57,45,52,37,47,44,46,46,42,41,34,56,12,46,51,51,34,39,32,42,46,52,54,44,47,38,53,45,18,56,49,40,53,40,49,51,45,49,57,37,37,58,57,30,42,50,45,48,39,49,46,48,42,43,38,32,40,49,38,49,50,43,47,56,48,26,42,46,33,53,51,59,47,46,38,28,44,50,43,52
33,32,31,38,32,62,34,38,26,31,35,40,44,33,38,42,36,31,30,33,35,31,49,61,31,35,49,31,46,47,42,45,44,29,31,34,30,34,38,31,31,30,36,33,35,43,45,33,43,33,49,49,42,36,34,32,45,56,49,43,31,26,48,44,37,29,40,47,42,27,55,29,29,47,37,29,31,32,30,38,32,50,0,30,49,49,31,29,33,49,51,36,49,38,41,57,32,32,29,33,43,53,38,43,37,40,48,34,64,52,31,27,33,27,24,27,43,41,45,29,53,44,34,28,38,39,39,31,30,33,36,31,41,49,28,44,42,32,36,33,33,37,33,35,29,29,28,27,43,27,26,51,31,24,29,23,44,37,46,37,55,52,49,49,38,46,51,33,29,35,50,28,39,44,43,26,41,30,42,63,37,35,51,44,38,29,42,10
28,24,22,41,10,55,23,31,23,28,32,43,45,26,37,45,10,32,18,27,37,31,48,58,29,20,46,29,46,46,41,45,46,19,27,23,25,21,23,23,29,25,37,30,20,48,47,32,32,29,50,54,30,37,23,30,31,48,48,31,29,9,41,32,27,24,42,48,34,23,52,28,32,46,33,9,26,27,30,37,18,53,30,0,46,50,26,4,24,52,48,39,52,37,29,51,25,22,28,26,50,50,37,52,35,40,47,37,59,43,1,26,26,28,13,3,37,42,37,26,53,43,25,9,37,36,39,24,22,11,31,7,39,45,15,44,47,28,12,29,15,37,19,14,26,26,29,26,32,20,23,39,24,23,13,14,38,33,36,20,54,45,43,41,35,43,41,3,18,30,39,22,41,43,41,15,38,27,41,59,14,21,39,45,16,16,37,30
46,38,44,35,50,57,43,52,49,46,28,48,42,51,41,44,48,53,40,45,52,43,26,50,43,52,36,43,47,30,46,57,55,43,43,45,39,43,43,37,43,53,43,48,45,42,52,42,41,48,50,44,56,48,43,48,53,40,30,49,43,46,55,48,44,48,48,34,41,46,44,46,50,40,44,45,44,49,48,41,45,45,49,46,0,8,41,47,51,28,42,45,38,37,53,45,45,42,36,46,40,55,43,38,36,44,43,33,53,51,47,42,50,46,47,43,55,38,49,53,53,33,39,44,45,45,51,42,53,51,44,49,50,46,46,44,42,53,50,44,48,53,43,48,50,44,53,42,55,47,47,38,42,49,50,48,40,40,42,47,56,55,46,48,39,41,46,49,52,36,57,49,49,46,47,47,47,49,55,59,50,46,38,50,50,44,39,47
34,38,38,33,46,65,41,48,53,44,36,48,50,53,35,40,50,43,44,45,52,45,32,50,45,48,32,45,43,4,40,53,54,43,47,43,43,47,47,37,47,53,35,36,54,38,48,40,47,42,54,48,52,44,41,36,49,32,30,45,45,46,51,48,44,40,38,30,49,46,46,40,46,30,48,43,44,47,46,39,52,53,49,50,8,0,45,45,49,26,40,41,30,31,51,57,51,38,28,44,38,61,39,34,34,42,49,35,45,43,47,42,50,44,45,41,53,38,49,53,53,33,43,44,41,45,45,36,51,45,45,45,44,46,44,44,40,53,46,42,42,45,45,46,46,44,53,42,51,47,45,50,36,43,52,46,44,48,40,51,48,49,46,42,35,45,48,49,52,38,47,49,45,46,41,45,47,49,53,59,48,42,40,44,50,44,33,49
17,20,22,28,26,56,26,30,31,19,23,30,26,35,26,38,34,13,16,21,37,17,39,53,19,30,31,19,31,41,36,37,41,13,19,22,18,20,30,23,17,35,24,19,27,39,47,19,27,28,51,43,25,26,20,25,36,49,43,37,19,22,38,39,25,24,36,39,21,20,51,15,28,41,39,23,18,24,18,30,27,34,31,26,41,45,0,27,35,39,45,32,39,26,29,48,27,24,24,23,43,39,34,43,30,24,42,28,48,31,27,17,32,14,19,21,29,43,30,35,38,34,20,30,34,23,27,17,23,29,24,33,30,49,22,36,34,36,26,31,30,24,28,32,24,20,35,17,33,31,35,34,17,31,22,22,36,27,34,29,53,45,47,35,26,37,42,29,28,18,37,31,31,32,29,19,28,38,34,56,26,22,38,38,30,18,28,31
25,16,19,38,20,53,30,33,25,27,31,31,43,25,36,43,18,24,23,25,27,26,47,57,24,16,43,24,44,45,45,45,44,16,24,26,26,16,30,20,24,23,32,27,10,41,45,27,34,25,52,50,28,30,20,26,37,49,43,33,24,8,39,30,29,29,39,47,30,16,52,19,27,43,31,11,25,18,32,38,12,53,29,4,47,45,27,0,25,47,45,36,47,38,31,51,32,19,25,23,47,50,32,45,34,37,45,30,57,45,2,21,12,25,6,5,31,41,41,25,51,40,28,14,34,32,39,23,22,15,29,14,35,43,8,33,47,22,10,27,20,37,12,12,21,19,26,21,30,20,23,45,21,20,23,4,33,31,39,20,56,45,41,39,36,46,39,7,14,29,39,19,41,47,43,8,36,23,39,61,16,22,41,47,10,10,34,29
37,23,23,42,22,54,30,44,12,37,37,43,48,4,44,50,25,38,23,42,40,38,51,63,36,29,51,40,52,47,48,51,51,24,38,30,38,30,27,24,38,8,44,37,31,51,48,37,43,34,57,57,39,41,26,36,45,56,53,41,38,24,46,45,36,33,45,51,39,28,57,35,33,53,42,22,31,28,37,42,28,55,33,24,51,49,35,25,0,51,53,44,53,42,41,53,34,29,31,35,53,56,44,51,39,43,57,44,64,51,25,33,28,27,24,23,45,49,45,8,57,46,30,28,44,45,47,27,25,21,39,25,49,50,26,43,48,22,24,34,28,45,25,24,31,35,10,31,43,24,2,52,29,18,22,19,43,44,43,27,59,53,50,50,42,46,50,21,28,36,53,8,47,50,47,24,45,10,48,62,23,25,50,48,29,21,46,29
36,38,36,27,48,59,39,42,53,42,32,26,48,53,35,44,52,49,40,45,42,43,30,42,41,52,22,41,51,32,36,43,52,43,43,41,51,35,43,37,45,53,37,40,49,30,52,36,51,46,28,16,51,48,39,40,47,42,32,47,37,44,49,52,40,40,34,24,41,48,30,38,44,38,44,43,42,45,40,33,47,49,49,52,28,26,39,47,51,0,35,47,16,31,41,41,47,42,40,50,22,61,43,10,38,22,49,33,39,55,51,40,46,44,47,45,51,34,49,53,45,37,35,48,43,43,45,36,47,47,48,43,54,48,48,38,40,53,48,44,46,49,43,46,48,46,53,40,45,51,47,42,36,53,46,48,42,44,32,49,10,47,48,40,33,41,46,51,50,38,53,49,51,36,53,47,47,51,53,36,50,42,34,42,48,46,41,49
38,44,40,33,48,49,46,36,49,47,42,26,36,53,35,46,50,50,48,52,42,47,36,44,46,50,18,47,51,34,40,44,51,43,47,46,51,51,47,41,47,54,49,44,51,10,46,42,41,46,40,37,49,50,44,44,47,4,36,41,39,49,51,50,48,44,43,14,47,40,30,44,48,38,44,49,44,48,44,43,47,43,51,48,42,40,45,45,53,35,0,45,34,41,47,35,51,42,40,44,30,59,41,38,48,37,45,47,44,50,55,38,50,48,47,49,43,6,41,56,37,41,47,46,41,45,41,40,51,51,54,51,56,46,52,31,54,48,48,44,44,59,45,48,42,40,50,38,49,47,54,44,40,50,50,46,19,38,23,46,36,54,46,36,45,27,42,43,46,48,56,51,45,48,49,45,39,52,45,46,46,43,36,44,47,48,49,56
31,37,33,34,37,46,40,26,42,29,35,36,28,42,34,36,43,36,33,34,41,30,33,45,30,35,37,30,48,45,36,46,35,32,38,36,40,32,34,32,30,40,32,27,40,39,10,31,39,41,53,43,34,33,32,29,40,41,39,38,32,33,50,30,35,31,32,39,34,37,53,29,41,35,35,34,31,36,31,40,38,38,36,39,45,41,32,36,44,47,45,0,41,32,44,38,38,37,31,37,41,44,18,43,39,32,38,36,52,40,38,25,37,37,28,36,48,39,38,38,41,34,36,41,14,39,42,29,34,40,27,42,41,36,35,30,30,42,39,35,39,39,36,39,37,35,42,25,39,40,40,36,29,36,37,35,32,34,28,40,49,46,36,32,28,39,34,40,39,31,46,36,44,34,39,28,41,38,45,52,39,37,30,44,43,33,32,36
32,36,36,27,50,55,41,44,49,42,40,32,44,53,25,48,52,51,38,49,42,49,34,38,41,48,24,43,53,32,44,55,37,41,49,45,41,39,39,31,43,53,37,36,53,28,46,42,45,46,16,20,43,50,37,36,47,40,38,49,41,44,55,40,42,36,34,28,47,50,42,38,42,32,46,43,36,49,44,37,47,41,49,52,38,30,39,47,53,16,34,41,0,35,47,29,43,36,36,42,10,59,39,22,44,36,53,39,51,53,51,38,50,38,47,45,47,32,47,53,43,35,39,46,41,51,49,38,49,47,44,47,42,42,44,30,52,53,46,46,48,47,47,46,40,40,53,38,49,53,49,40,38,49,54,46,36,40,30,53,16,49,40,24,33,35,34,51,54,42,53,49,49,44,53,47,47,51,49,37,50,40,34,48,52,48,37,49
27,29,27,26,41,46,32,32,38,33,15,22,26,42,18,34,37,30,29,40,37,34,29,43,28,41,33,34,48,41,28,50,41,28,36,28,38,34,34,26,26,44,28,29,34,37,38,31,37,35,41,39,36,35,28,27,46,39,39,40,34,31,40,40,37,29,32,33,28,37,47,27,37,29,39,34,23,32,31,24,36,39,38,37,37,31,26,38,42,31,41,32,35,0,40,42,34,29,21,33,33,54,28,41,21,6,44,20,50,46,38,29,39,31,28,34,42,31,40,44,38,16,34,39,28,41,42,23,36,38,35,38,43,36,33,8,30,42,37,33,33,41,36,39,35,35,42,29,35,42,38,36,23,38,39,29,16,39,20,44,37,50,36,16,24,25,32,40,41,33,50,38,44,28,41,28,35,42,45,42,37,27,26,28,39,33,40,38
29,13,13,28,41,42,38,42,41,43,27,40,41,40,42,37,31,38,31,40,32,41,43,55,41,34,47,41,39,43,39,28,46,18,40,23,32,34,31,12,41,43,26,33,27,45,45,41,36,22,50,44,40,45,31,43,30,51,47,14,41,36,50,31,16,38,36,51,40,38,46,40,32,49,38,40,28,35,40,36,31,36,41,29,53,51,29,31,41,41,47,44,47,40,0,34,44,13,35,26,47,37,36,49,30,39,46,30,53,28,28,23,21,30,38,36,28,47,30,41,46,42,32,35,36,32,36,25,28,36,35,26,46,43,35,44,33,40,38,26,36,45,40,29,28,32,40,23,32,43,40,37,25,43,35,34,43,35,41,34,52,34,41,43,38,51,45,33,26,19,42,38,32,33,46,38,28,42,40,55,33,14,43,43,36,35,40,45
46,44,46,47,46,28,45,46,52,48,50,32,41,55,40,51,53,51,49,47,46,48,47,43,46,36,43,48,52,53,40,47,55,43,47,45,50,56,49,47,50,53,45,50,43,35,38,42,49,40,32,30,43,51,49,52,40,39,53,28,42,54,54,45,32,53,47,35,43,51,42,48,50,51,40,46,49,57,48,46,39,28,57,51,45,57,48,51,53,41,35,38,29,42,34,0,49,43,47,52,33,56,38,41,44,35,42,49,47,47,48,48,35,49,51,54,26,31,22,56,40,44,54,53,40,39,44,42,42,55,54,54,53,40,51,23,41,55,47,48,56,56,55,51,51,52,50,48,47,60,53,43,42,57,43,42,39,53,27,43,38,49,40,22,42,35,22,49,40,50,47,52,40,40,60,53,43,52,54,49,46,51,14,54,50,44,48,60
21,26,32,32,27,51,18,4,35,3,29,43,41,31,30,41,36,18,24,4,34,3,47,57,18,38,49,3,26,43,37,40,15,17,3,26,30,27,20,25,3,40,34,17,33,47,43,27,23,28,54,52,10,25,27,27,34,47,51,40,3,29,43,12,30,26,37,49,22,27,60,4,24,39,32,31,28,18,19,34,35,43,32,25,45,51,27,32,34,47,51,38,43,34,44,49,0,26,26,24,43,28,34,49,35,37,49,30,59,38,24,24,34,32,24,25,34,45,30,35,45,38,30,33,34,42,38,25,33,28,25,38,32,41,29,39,39,38,24,42,33,36,30,24,20,30,36,24,27,38,34,41,25,33,29,24,39,5,35,35,56,40,39,43,28,33,41,24,40,29,34,35,40,45,36,24,44,40,43,63,26,29,47,43,32,29,34,33
20,2,2,29,22,55,19,32,27,30,24,35,39,27,23,31,26,26,22,26,21,22,34,50,26,24,34,20,34,40,35,32,40,21,24,13,21,17,10,1,30,29,31,22,24,42,43,30,40,21,48,48,24,33,13,27,31,42,34,21,26,18,43,30,7,19,31,34,18,23,52,18,15,40,27,17,19,21,28,29,23,41,32,22,42,38,24,19,29,42,42,37,36,29,13,43,26,0,20,15,40,40,35,40,26,31,33,25,57,35,25,20,24,23,21,17,25,42,33,27,43,37,19,22,35,24,35,16,28,21,25,21,35,43,18,29,35,27,18,13,21,35,21,18,23,19,25,20,36,24,23,37,16,25,23,20,35,35,33,26,48,45,43,37,25,35,42,25,26,14,43,23,33,35,41,21,28,27,37,53,18,8,39,41,26,24,39,32
30,14,14,29,28,53,23,39,25,24,20,35,31,31,31,33,28,30,28,26,31,26,34,52,26,32,38,26,30,30,39,43,40,23,24,25,25,29,31,15,26,33,23,32,29,42,37,26,31,27,52,44,34,30,29,28,37,44,36,25,26,26,46,30,29,27,31,38,28,22,48,26,25,34,29,27,19,27,34,21,29,47,29,28,36,28,24,25,31,40,40,31,36,21,35,47,26,20,0,27,38,40,31,42,24,33,45,33,51,35,31,10,30,23,29,25,33,38,39,33,47,33,27,26,29,29,41,12,37,27,25,29,31,39,26,31,43,35,30,23,32,31,27,30,25,25,29,10,39,33,27,37,12,29,36,30,27,35,29,31,56,47,39,31,23,38,31,31,34,24,47,29,41,37,35,29,29,31,39,53,32,24,33,39,30,28,37,31
30,17,19,41,21,57,15,32,29,22,28,30,43,35,29,46,22,30,21,27,16,28,40,52,20,31,44,22,42,46,42,32,36,18,21,19,25,14,24,18,22,31,29,32,25,46,40,24,35,18,49,51,33,35,23,25,32,44,50,39,28,20,44,38,26,6,37,46,28,25,54,24,16,42,24,24,2,17,31,39,23,47,33,26,46,44,23,23,35,50,44,37,42,33,26,52,24,15,27,0,46,49,33,50,26,35,53,37,61,41,27,21,30,12,23,22,20,48,34,31,49,33,23,27,33,38,30,26,31,24,25,25,40,43,19,29,32,33,19,24,23,34,23,19,16,18,33,21,33,35,29,38,26,28,30,20,35,27,35,24,49,24,43,43,33,40,45,26,32,30,42,29,22,40,42,23,38,33,36,61,18,20,44,32,29,20,37,37
36,40,38,29,50,57,43,38,47,44,40,32,46,53,25,40,52,53,38,51,42,47,38,40,39,48,28,41,51,40,46,55,35,43,49,49,43,41,41,37,41,53,39,40,53,24,46,42,45,46,10,14,43,48,39,42,47,38,40,49,39,42,55,36,44,38,38,32,47,50,30,38,44,36,42,45,38,49,46,41,47,43,43,50,40,38,43,47,53,22,30,41,10,33,47,33,43,40,38,46,0,55,39,20,44,36,55,43,45,51,49,36,50,42,45,45,47,30,47,53,47,37,41,46,41,51,49,38,49,49,48,49,40,40,42,30,54,51,46,46,48,47,49,46,42,42,51,36,49,51,49,42,38,47,54,48,36,38,30,53,22,53,38,22,39,33,34,51,54,46,57,49,49,44,53,45,47,49,51,39,50,42,32,48,52,42,43,49
40,43,45,52,50,54,56,45,48,35,50,53,50,56,54,50,52,32,43,36,51,31,57,68,31,41,59,31,10,59,46,35,25,37,26,54,53,43,48,37,23,58,52,40,38,57,34,53,39,35,63,53,26,49,48,52,32,49,57,23,23,45,48,16,31,49,47,53,16,48,59,28,51,55,37,54,43,48,52,48,40,48,53,50,55,61,39,50,56,61,59,44,59,54,37,56,28,40,40,49,55,0,42,61,52,52,46,54,62,25,47,49,40,49,46,43,38,57,38,58,42,52,49,50,44,39,34,46,41,52,49,51,51,50,46,50,54,58,47,29,50,57,45,54,43,41,54,49,37,59,53,38,46,59,46,51,59,36,53,42,61,35,52,58,42,57,58,52,41,48,21,57,40,40,58,44,39,52,43,66,50,45,60,56,45,53,52,52
29,33,29,34,35,50,32,30,42,25,31,32,26,42,32,30,41,36,31,34,37,26,31,49,30,33,33,28,48,41,36,42,43,30,34,32,38,30,30,28,28,42,26,33,40,35,36,27,39,37,49,39,30,33,30,29,38,37,35,34,30,33,48,40,31,21,34,31,38,35,51,29,37,35,33,32,33,34,35,36,38,34,38,37,43,39,34,32,44,43,41,18,39,28,36,38,34,35,31,33,39,42,0,39,33,26,36,32,46,42,36,27,37,33,34,34,42,35,36,42,35,32,30,41,12,31,40,27,36,40,31,40,37,34,33,20,32,42,39,35,37,39,38,37,33,33,42,27,39,44,42,34,27,38,39,31,30,38,26,40,45,52,34,26,22,35,28,38,41,35,46,38,40,28,43,34,39,40,43,40,39,39,24,46,39,35,36,38
40,40,40,31,48,53,41,40,53,38,38,26,50,53,35,44,52,51,46,45,40,41,34,44,41,50,30,39,51,34,36,41,50,43,45,43,51,37,45,39,43,51,41,44,45,22,46,42,51,46,22,10,51,46,43,44,47,38,34,47,39,44,49,52,42,42,38,30,39,48,28,38,42,40,42,45,44,45,48,35,47,49,43,52,38,34,43,45,51,10,38,43,22,41,49,41,49,40,42,50,20,61,39,0,42,22,49,35,45,51,51,38,46,44,45,45,51,28,49,53,45,37,37,48,43,41,45,36,45,49,48,45,54,42,48,38,40,51,46,44,46,47,41,48,46,46,49,38,43,51,45,42,36,51,44,48,42,42,32,47,16,47,36,40,37,35,46,51,48,42,55,49,51,34,55,47,47,47,53,36,48,42,34,42,48,46,43,47
20,24,20,29,35,51,27,36,35,28,2,29,37,39,29,45,32,34,20,34,32,33,38,50,33,30,36,33,37,42,34,35,45,29,31,35,25,25,27,23,33,39,31,24,31,38,43,32,28,26,50,46,43,31,27,18,31,48,46,30,33,27,43,35,29,26,27,44,31,31,50,32,30,40,31,30,24,31,34,27,34,46,37,35,36,34,30,34,39,38,48,39,44,21,30,44,35,26,24,26,44,52,33,42,0,25,42,33,55,49,32,28,38,24,32,33,43,40,41,39,42,15,21,31,25,36,43,24,37,34,27,32,38,46,30,31,36,39,31,29,30,39,35,32,32,22,39,28,36,41,33,41,24,34,34,35,29,37,31,33,40,41,46,35,33,41,40,35,32,28,47,37,37,41,45,32,36,37,39,53,27,20,41,49,31,32,35,35
31,37,33,30,37,45,29,36,44,38,21,3,36,45,10,31,35,33,37,42,34,30,46,48,33,42,36,34,44,40,30,48,46,36,38,35,36,38,43,32,30,45,30,37,41,38,42,31,37,32,40,36,41,35,31,29,42,39,34,35,30,32,50,44,38,39,22,32,41,40,44,31,37,46,40,34,33,39,35,32,41,43,40,40,44,42,24,37,43,22,37,32,36,6,39,35,37,31,33,35,36,52,26,22,25,0,44,30,53,50,39,25,42,31,38,36,40,32,38,45,38,37,35,39,24,31,40,31,43,41,34,37,36,38,37,6,32,45,37,30,39,38,37,37,31,37,41,25,43,43,40,42,31,42,42,39,10,38,2,43,34,46,36,15,34,36,31,41,42,27,50,40,44,36,42,38,29,45,39,37,37,32,27,31,38,39,35,42
44,45,41,22,49,42,46,46,55,50,42,36,12,54,40,16,50,45,35,43,40,42,53,59,44,38,49,44,38,51,18,43,51,36,41,39,50,45,37,40,38,56,28,44,45,47,40,40,41,42,52,48,51,49,47,46,38,43,51,30,38,47,51,39,32,45,27,51,39,52,52,43,43,45,36,48,39,39,41,38,39,26,48,47,43,49,42,45,57,49,45,38,53,44,46,42,49,33,45,53,55,46,36,49,42,44,0,22,63,41,48,45,44,47,52,46,48,49,30,54,4,47,45,51,40,37,30,38,44,51,49,48,51,32,45,42,6,57,52,48,47,52,52,53,47,45,54,45,37,58,54,18,38,50,51,46,41,47,45,40,50,43,30,30,36,43,26,49,46,42,49,53,40,18,50,52,43,57,42,59,45,40,36,26,48,50,41,47
23,25,27,10,41,61,28,30,38,35,25,26,10,42,24,6,43,22,29,34,35,28,29,45,20,37,31,28,40,37,18,50,49,24,32,32,32,28,34,30,28,42,10,25,32,35,40,25,41,35,45,45,26,39,30,29,40,37,31,32,20,35,50,40,35,25,12,35,34,39,47,17,39,31,39,36,31,38,25,24,36,16,34,37,33,35,28,30,44,33,47,36,39,20,30,49,30,25,33,37,43,54,32,35,33,30,22,0,56,44,38,25,39,35,30,30,38,39,40,42,26,32,34,35,36,43,38,15,38,38,37,38,39,32,33,22,16,40,35,35,37,33,36,35,35,25,44,25,37,44,38,10,15,38,41,35,28,36,28,36,43,50,32,32,16,36,43,36,41,29,46,40,42,6,41,30,41,42,43,44,39,37,42,16,35,33,30,38
53,55,55,50,61,52,57,60,56,60,45,42,48,56,52,46,58,50,57,61,50,54,53,59,58,50,41,58,63,47,46,60,60,58,61,59,60,59,63,54,58,62,54,53,47,45,48,51,47,50,31,37,47,51,59,57,55,52,49,57,54,55,61,54,50,55,55,47,51,56,37,57,57,47,46,54,52,53,57,54,47,57,64,59,53,45,48,57,64,39,44,52,51,50,53,47,59,57,51,61,45,62,46,45,55,53,63,56,0,54,60,53,54,48,60,54,55,48,57,64,59,48,60,61,52,51,55,55,49,63,59,56,59,50,57,51,54,64,60,48,59,66,54,61,55,50,63,53,45,65,63,48,55,66,56,58,39,60,35,55,29,52,50,28,52,55,30,61,50,55,60,55,57,46,70,60,43,60,57,30,58,56,28,40,60,54,52,65
33,35,33,48,39,36,46,39,50,41,47,49,46,52,46,36,45,38,32,32,32,27,51,66,27,36,51,27,34,47,42,24,51,26,26,35,39,36,37,36,27,53,42,33,33,53,46,41,53,44,47,41,30,43,45,47,44,52,49,28,27,46,51,36,36,34,47,55,32,45,61,18,37,49,34,44,35,29,42,40,31,45,52,43,51,43,31,45,51,55,50,40,53,46,28,47,38,35,35,41,51,25,42,51,49,50,41,44,54,0,40,44,35,38,49,42,24,59,12,53,43,52,38,45,52,32,37,42,38,43,40,44,59,46,39,44,44,51,44,30,45,42,42,47,37,24,49,44,43,52,48,42,42,46,39,45,52,34,50,36,53,44,44,44,44,51,52,47,36,37,34,52,40,50,50,49,43,51,45,62,43,38,48,52,44,43,42,52
31,27,21,40,12,54,30,31,25,29,35,40,42,25,40,44,10,22,19,27,34,26,49,57,28,17,47,26,45,47,40,46,49,24,30,24,26,26,24,20,28,24,40,33,7,45,42,31,35,28,47,53,33,34,24,30,36,55,47,30,26,8,36,35,26,25,43,51,33,17,55,27,27,43,28,9,27,24,33,40,11,52,31,1,47,47,27,2,25,51,55,38,51,38,28,48,24,25,31,27,49,47,36,51,32,39,48,38,60,40,0,27,15,29,16,3,40,49,36,25,48,42,26,8,38,37,38,29,15,16,31,8,38,40,14,41,42,25,12,28,16,34,12,12,27,27,26,27,35,25,23,38,29,24,19,10,35,33,39,23,53,46,38,44,34,47,40,4,15,31,44,20,38,44,40,18,37,30,40,56,14,22,44,46,19,17,42,31
22,26,26,27,28,56,25,29,27,22,20,27,31,33,27,39,32,20,14,22,25,26,40,50,20,28,42,24,36,38,35,44,31,13,24,17,23,19,25,15,24,33,31,28,29,40,35,22,33,29,48,42,28,29,15,23,36,42,40,39,24,24,33,36,25,19,23,42,24,18,48,18,21,36,29,23,23,19,23,35,27,37,27,26,42,42,17,21,33,40,38,25,38,29,23,48,24,20,10,21,36,49,27,38,28,25,45,25,53,44,27,0,24,25,19,25,33,38,31,31,41,31,23,30,31,32,32,10,21,23,27,27,23,35,24,31,35,31,28,23,24,31,31,28,27,21,31,2,33,31,29,33,10,29,20,22,31,31,31,23,50,40,35,33,27,33,37,27,28,20,50,27,32,33,34,19,27,31,41,51,32,22,37,41,30,18,35,28
30,22,22,41,6,49,27,37,24,30,38,43,34,26,37,36,20,30,16,32,34,30,50,58,28,1,50,32,38,50,46,35,45,21,29,21,33,23,22,21,30,28,31,30,14,52,34,30,31,24,49,47,29,28,25,29,35,48,50,29,28,5,45,31,16,34,43,50,33,16,47,28,28,42,20,13,20,27,30,41,6,47,33,26,50,50,32,12,28,46,50,37,50,39,21,35,34,24,30,30,50,40,37,46,38,42,44,39,54,35,15,24,0,30,16,15,31,48,25,20,42,45,33,10,41,23,21,30,2,20,38,15,36,32,10,40,40,24,5,18,20,36,21,6,28,32,27,28,31,27,19,30,30,28,3,13,43,34,46,2,47,33,32,36,31,48,36,18,1,35,41,25,21,38,42,16,32,22,26,52,4,28,34,42,19,7,37,34
16,25,19,33,23,59,7,35,29,30,24,34,40,35,33,38,20,20,23,33,15,26,38,56,28,29,44,26,41,38,32,29,45,16,19,15,21,6,24,22,22,35,27,20,31,46,46,28,38,28,47,49,37,32,19,28,14,46,40,24,26,25,46,35,22,18,33,36,29,23,51,16,16,40,24,22,4,5,24,29,29,44,27,28,46,44,14,25,27,44,48,37,38,31,30,49,32,23,23,12,42,49,33,44,24,31,47,35,48,38,29,25,30,0,20,20,32,46,18,35,52,35,3,27,37,30,23,23,31,24,17,25,38,46,21,37,38,33,20,28,27,38,29,21,6,6,35,27,39,35,29,46,23,30,31,22,35,31,37,34,43,44,44,43,29,39,37,24,31,25,29,29,32,31,40,20,41,33,43,47,20,18,45,38,31,22,37,33
25,23,21,38,13,55,22,32,16,21,31,39,38,20,34,44,19,27,11,25,33,22,47,53,22,16,47,24,36,47,42,46,36,14,22,16,26,18,26,22,22,17,28,25,22,45,41,25,33,25,54,45,28,29,12,25,36,46,47,36,21,5,44,38,25,25,39,45,27,11,45,19,25,39,27,14,23,22,25,36,16,46,24,13,47,45,19,6,24,47,47,28,47,28,38,51,24,21,29,23,45,46,34,45,32,38,52,30,60,49,16,19,16,20,0,16,38,43,41,24,51,42,26,21,34,32,41,19,14,20,26,24,32,39,5,34,38,24,9,24,17,30,14,13,24,25,24,15,34,22,18,44,19,16,13,3,34,32,40,16,51,37,39,42,30,45,40,18,16,32,52,18,37,41,38,4,38,22,38,65,15,23,40,45,20,3,34,29
27,16,16,32,8,54,22,35,21,27,29,40,40,23,34,42,5,25,15,29,34,23,43,51,23,19,45,24,49,43,40,44,41,16,27,20,22,18,25,16,25,21,32,27,5,47,40,25,33,24,55,51,31,31,20,25,38,49,43,36,21,3,34,33,20,20,36,45,29,20,49,27,22,41,26,9,20,20,25,34,17,46,27,3,43,41,21,5,23,45,49,36,45,34,36,54,25,17,25,22,45,43,34,45,33,36,46,30,54,42,3,25,15,20,16,0,40,45,34,22,48,40,22,4,36,37,36,23,15,9,26,5,37,38,2,38,38,21,7,24,7,31,7,9,22,18,20,23,33,21,21,42,23,18,11,6,32,31,38,13,49,42,36,44,32,44,34,3,10,31,42,21,34,44,35,10,31,21,32,56,9,14,42,40,10,15,36,29
27,29,29,42,41,53,25,37,42,29,43,37,39,44,38,41,42,28,41,34,14,33,43,57,39,30,53,27,29,49,37,22,43,34,30,33,24,20,29,30,37,47,34,33,31,53,39,31,45,26,50,38,26,43,37,37,10,45,41,28,37,34,47,22,22,22,35,51,28,36,58,36,10,43,28,36,24,35,30,40,27,42,43,37,55,53,29,31,45,51,43,48,47,42,28,26,34,25,33,20,47,38,42,51,43,40,48,38,55,24,40,33,31,32,38,40,0,49,26,45,40,38,32,41,34,29,18,34,34,41,37,42,45,41,35,47,39,45,38,36,39,38,38,33,18,14,43,35,41,46,41,43,34,47,37,37,46,32,42,36,52,24,39,45,38,39,43,37,32,33,20,46,28,29,46,38,35,47,34,61,33,24,37,37,36,37,46,47
40,42,40,37,48,47,43,50,53,42,36,24,44,53,29,40,50,53,42,45,42,47,32,46,39,54,14,47,51,40,38,53,53,41,41,47,45,41,39,43,43,51,37,44,41,4,48,40,45,42,30,32,47,46,43,38,51,6,40,43,43,46,53,54,46,42,36,10,47,46,40,38,40,34,44,45,44,47,42,35,45,41,41,42,38,38,43,41,49,34,6,39,32,31,47,31,45,42,38,48,30,57,35,28,40,32,49,39,48,59,49,38,48,46,43,45,49,0,53,53,43,31,47,42,33,39,47,36,49,45,46,45,54,34,44,30,44,51,48,42,46,47,45,48,40,42,51,40,45,49,43,44,36,45,50,40,30,40,28,43,32,53,32,32,37,29,38,49,50,40,59,49,41,46,51,43,39,49,53,45,50,44,34,42,46,40,43,39
27,35,38,46,39,34,23,39,45,27,33,47,33,46,36,29,37,30,25,24,24,25,47,63,25,26,47,25,32,51,41,30,34,20,12,35,32,16,25,32,25,47,36,27,31,47,35,31,35,26,50,46,34,35,35,43,20,47,49,22,25,36,41,36,18,30,39,53,24,38,58,12,24,47,26,38,26,13,34,42,33,34,45,37,49,49,30,41,45,49,41,38,47,40,30,22,30,33,39,34,47,38,36,49,41,38,30,40,57,12,36,31,25,18,41,34,26,53,0,46,28,36,30,43,40,30,16,38,26,35,40,38,41,43,33,40,37,46,44,38,41,32,40,45,24,18,46,33,37,48,42,39,38,40,31,36,42,28,48,24,50,37,43,29,44,45,41,39,26,35,24,46,20,41,41,37,41,43,42,61,35,38,41,39,30,42,40,45
37,27,25,44,22,59,36,43,4,35,39,45,48,4,44,50,26,38,27,38,38,37,53,63,37,24,53,37,52,53,50,53,47,28,36,30,36,30,29,26,37,2,40,35,25,53,50,37,43,34,59,57,41,43,30,37,47,52,53,43,35,22,42,43,36,31,47,53,43,26,59,33,33,51,40,25,31,34,37,44,31,56,29,26,53,53,35,25,8,53,56,38,53,44,41,56,35,27,33,31,53,58,42,53,39,45,54,42,64,53,25,31,20,35,24,22,45,53,46,0,56,48,32,25,40,45,46,29,25,27,39,27,46,50,22,45,50,4,24,36,26,43,27,23,31,33,4,29,43,26,8,48,31,12,26,21,43,42,41,30,55,49,50,50,40,52,50,20,24,40,53,6,47,46,49,20,46,8,46,60,26,33,50,46,30,19,46,35
36,35,43,14,47,44,42,48,55,46,44,44,12,56,48,32,48,41,41,47,46,44,55,55,44,38,51,40,34,49,6,41,53,40,45,41,51,37,39,42,42,56,14,38,41,47,40,38,39,48,54,38,35,49,39,40,46,49,49,34,40,47,50,45,32,51,11,49,29,54,46,37,43,49,34,49,42,42,40,28,41,12,53,53,53,53,38,51,57,45,37,41,43,38,46,40,45,43,47,49,47,42,35,45,42,38,4,26,59,43,48,41,42,52,51,48,40,43,28,56,0,51,41,49,38,35,30,46,42,51,43,46,43,36,47,37,18,56,44,48,47,52,48,47,48,47,56,39,37,58,56,18,46,50,47,48,45,49,39,42,46,49,36,36,34,45,32,55,40,46,37,56,26,26,50,49,41,57,46,63,47,48,40,30,50,54,47,55
39,31,33,32,43,54,36,35,44,41,13,33,32,48,32,43,41,46,39,42,45,38,29,51,38,47,37,38,52,41,42,54,45,36,32,38,36,34,40,30,38,48,24,39,44,37,44,37,44,33,39,46,44,45,32,35,42,41,33,48,36,41,48,39,39,33,37,29,36,41,45,33,41,35,37,38,33,38,37,30,44,46,44,43,33,33,34,40,46,37,41,34,35,16,42,44,38,37,33,33,37,52,32,37,15,37,47,32,48,52,42,31,45,35,42,40,38,31,36,48,51,0,42,41,24,36,36,35,46,40,37,44,45,42,41,33,37,48,43,43,41,40,44,41,43,37,48,31,44,44,42,44,35,44,43,43,35,33,37,42,41,48,42,32,26,27,46,42,45,35,50,44,44,38,45,42,38,46,45,52,39,41,46,46,43,43,24,44
27,25,19,38,21,62,2,35,32,29,19,39,35,30,32,46,21,28,21,38,22,28,47,53,28,33,43,30,44,41,40,26,43,20,28,16,20,8,30,18,28,32,34,29,32,45,49,19,39,29,53,55,36,39,12,25,22,39,43,36,28,23,45,42,23,21,41,45,29,31,51,23,17,39,30,20,17,2,25,40,34,51,34,25,39,43,20,28,30,35,47,36,39,34,32,54,30,19,27,23,41,49,30,37,21,35,45,34,60,38,26,23,33,3,26,22,32,47,30,32,41,42,0,21,32,32,20,21,30,28,25,28,41,47,23,43,44,30,21,27,25,39,28,23,15,5,30,21,43,34,32,31,21,32,29,27,33,35,37,30,51,22,47,38,36,45,41,26,31,29,44,30,26,36,43,26,36,30,36,58,23,27,44,38,27,27,38,30
32,17,17,41,4,57,25,38,25,30,28,41,45,30,33,47,12,30,23,32,33,30,42,60,30,10,42,29,42,46,43,39,40,23,28,21,29,23,26,21,30,24,41,32,10,42,45,32,40,29,58,56,42,28,23,32,33,46,46,35,30,6,44,44,31,25,39,42,40,19,58,32,25,46,31,7,29,29,28,43,16,51,28,9,44,44,30,14,28,48,46,41,46,39,35,53,33,22,26,27,46,50,41,48,31,39,51,35,61,45,8,30,10,27,21,4,41,42,43,25,49,41,21,0,41,43,39,24,12,8,33,12,28,43,5,37,43,24,6,31,6,30,6,6,25,23,27,30,38,22,26,45,24,22,12,15,39,34,37,16,46,43,43,47,35,45,49,8,11,26,51,27,31,45,38,17,36,26,41,53,6,19,45,41,9,19,39,32
31,35,31,34,35,50,30,32,42,27,31,34,26,42,32,32,41,36,31,34,37,28,31,49,28,33,33,30,50,41,36,42,43,30,36,34,38,32,30,30,30,40,28,31,40,35,32,29,41,37,49,39,30,31,30,29,38,39,37,32,30,31,48,42,31,27,34,31,38,35,49,29,37,35,33,32,33,34,35,38,38,34,38,37,45,41,34,34,44,43,41,14,41,28,36,40,34,35,29,33,41,44,12,43,25,24,40,36,52,52,38,31,41,37,34,36,34,33,40,40,38,24,32,41,0,35,42,29,36,40,31,40,41,36,35,22,32,42,39,35,39,39,38,37,35,33,42,25,41,44,42,36,29,38,39,31,30,38,26,40,45,52,36,30,24,35,30,38,41,35,48,38,44,30,43,32,41,40,45,40,39,39,28,46,39,35,36,36
26,27,20,37,34,58,43,33,44,35,32,38,27,45,39,33,41,31,23,40,38,31,39,57,37,23,45,31,31,37,41,43,43,23,40,29,32,34,25,25,31,46,29,30,30,43,41,20,10,29,42,48,22,36,28,10,35,47,37,34,37,36,51,33,21,34,36,41,17,36,50,22,37,41,34,37,27,34,28,37,28,39,39,36,45,45,23,32,45,43,45,39,51,41,32,39,42,24,29,38,51,39,31,41,36,31,37,43,51,32,37,32,23,30,32,37,29,39,30,45,35,36,32,43,35,0,29,29,38,42,33,37,33,41,36,37,31,45,37,23,37,35,41,40,39,38,45,33,14,46,42,31,29,39,35,33,37,43,35,32,54,49,37,35,25,48,33,44,31,6,45,42,37,25,35,37,2,45,29,57,35,20,33,33,27,34,36,37
33,35,37,42,39,53,19,41,45,31,39,45,43,46,48,31,37,34,30,36,18,31,51,65,33,34,51,35,39,47,47,16,41,30,38,31,38,14,29,34,35,47,42,37,33,51,41,33,35,34,52,46,32,39,41,27,20,45,51,30,35,34,49,36,24,30,37,47,28,38,50,26,22,41,26,42,30,26,26,46,29,32,39,39,51,45,27,39,47,45,41,42,49,42,36,44,38,35,41,30,49,34,40,45,43,40,30,38,55,37,38,32,21,23,41,36,18,47,16,46,30,36,20,39,42,29,0,32,24,41,37,30,45,41,35,47,45,47,38,36,39,36,42,35,24,20,46,32,33,48,46,39,32,40,27,38,38,34,40,36,56,10,41,37,38,43,37,41,32,35,22,46,20,39,42,37,29,39,36,59,39,28,41,37,24,39,38,39
18,18,16,25,28,56,17,27,27,26,20,27,25,33,21,33,26,22,18,22,29,22,38,48,24,28,36,22,36,36,33,40,35,23,26,23,23,21,21,15,22,33,31,24,23,40,35,24,35,23,46,42,31,31,17,23,38,38,38,33,22,20,43,33,17,25,27,38,26,22,46,18,20,34,33,25,19,17,21,31,29,42,31,24,42,36,17,23,27,36,40,29,38,23,25,42,25,16,12,26,38,46,27,36,24,31,38,15,55,42,29,10,30,23,19,23,34,36,38,29,46,35,21,24,29,29,32,0,31,27,29,21,31,42,26,29,33,33,24,21,24,32,25,26,22,24,33,4,36,27,27,38,2,27,30,20,29,29,29,29,44,48,42,37,29,35,35,27,28,22,42,29,40,31,40,19,35,33,45,49,26,22,35,35,26,26,35,33
29,26,20,44,8,50,26,34,27,27,37,43,37,27,42,41,16,30,18,34,27,27,51,65,27,3,53,27,39,53,39,32,39,19,26,24,36,30,23,23,27,25,36,31,16,51,38,29,35,19,46,38,32,37,20,23,30,53,51,28,27,11,42,34,15,29,46,53,24,11,47,27,27,45,21,13,27,26,23,38,16,46,30,22,53,51,23,22,25,47,51,34,49,36,28,42,33,28,37,31,49,41,36,45,37,43,44,38,49,38,15,21,2,31,14,15,34,49,26,25,42,46,30,12,36,38,24,31,0,16,35,17,37,31,8,45,37,25,7,19,18,41,9,8,29,31,25,33,32,28,20,33,33,28,2,11,39,41,41,5,51,42,31,37,34,47,40,20,3,39,30,22,30,31,43,12,35,27,39,49,6,31,35,35,11,11,38,39
31,20,20,40,9,61,24,38,23,35,33,41,41,23,38,45,4,32,22,38,35,35,49,59,34,18,45,31,46,45,45,47,43,24,29,24,28,22,20,18,29,27,38,31,18,45,46,31,40,27,50,54,38,38,24,33,39,51,47,37,35,11,42,40,31,26,41,45,36,18,54,29,33,47,31,7,28,26,29,36,22,52,33,11,51,45,29,15,21,47,51,40,47,38,36,55,28,21,27,24,49,52,40,49,34,41,51,38,63,43,16,23,20,24,20,9,41,45,35,27,51,40,28,8,40,42,41,27,16,0,31,4,36,47,14,41,47,29,12,31,8,36,6,12,27,24,28,27,38,22,25,43,27,27,18,16,43,35,43,20,48,51,47,45,42,39,42,6,14,29,49,27,39,43,44,18,32,25,38,53,14,22,45,37,16,18,42,33
23,23,27,35,31,62,19,34,36,24,29,43,35,41,33,42,31,21,23,27,36,22,46,58,23,38,42,22,47,46,43,41,44,26,26,21,18,12,33,24,24,37,31,23,35,46,50,29,39,34,54,52,29,33,23,31,42,48,42,37,22,28,45,38,30,27,40,42,33,30,56,21,27,52,32,28,29,19,33,35,29,54,36,31,44,45,24,29,39,48,54,27,44,35,35,54,25,25,25,25,48,49,31,48,27,34,49,37,59,40,31,27,38,17,26,26,37,46,40,39,43,37,25,33,31,33,37,29,35,31,0,37,43,44,29,36,37,35,29,38,37,38,33,33,15,13,37,27,39,37,34,44,29,36,38,27,38,40,42,36,46,45,42,47,37,45,47,33,38,27,48,36,43,43,45,28,41,37,26,55,31,26,45,43,30,33,35,34
35,20,20,40,4,62,24,44,23,35,33,40,40,27,36,38,10,32,23,35,34,32,49,57,36,15,45,32,45,45,44,46,44,24,32,26,26,24,28,20,32,27,38,35,17,45,46,31,33,32,47,47,35,34,22,31,42,51,47,36,36,12,42,33,30,27,41,45,35,13,47,29,24,45,30,3,29,28,29,36,17,44,31,7,49,45,33,14,25,43,51,42,47,38,26,54,38,21,29,25,49,51,40,45,32,37,48,38,56,44,8,27,15,25,24,5,42,45,38,27,46,44,28,12,40,37,30,21,17,4,37,0,34,46,18,41,42,30,12,24,8,32,10,12,28,27,29,27,37,24,25,40,27,27,17,21,37,40,39,17,53,48,46,40,38,45,39,18,15,31,44,23,40,44,40,20,37,26,46,54,14,23,40,38,11,23,40,33
29,32,32,39,30,63,37,36,42,32,45,40,43,48,39,41,30,21,26,40,31,34,46,58,26,35,52,30,37,48,43,53,42,25,32,30,42,43,41,32,34,43,41,31,41,52,45,26,31,30,54,54,34,22,24,26,35,56,48,48,23,34,43,41,38,34,40,54,43,34,58,29,34,52,41,30,42,36,24,41,41,47,41,39,50,44,30,35,49,54,56,41,42,43,46,53,32,35,31,40,40,51,37,54,38,36,51,39,59,59,38,23,36,38,32,37,45,54,41,46,43,45,41,28,41,33,45,31,37,36,43,34,0,47,31,46,37,43,29,30,32,18,35,28,34,38,41,32,25,48,40,43,38,39,40,35,40,45,42,39,52,49,47,49,31,49,43,38,34,29,49,45,43,45,6,33,41,41,45,59,34,33,43,45,40,35,43,40
31,37,35,32,41,36,43,38,50,40,31,31,24,50,34,32,43,37,37,41,32,36,48,60,36,32,38,36,40,44,30,46,48,43,39,43,46,44,41,36,36,48,34,35,33,36,18,37,29,36,37,47,31,39,46,39,39,50,48,43,36,41,42,36,34,34,39,44,35,34,41,42,44,52,32,45,44,44,41,32,35,38,49,45,46,46,49,43,50,48,46,36,42,36,43,40,41,43,39,43,40,50,34,42,46,38,32,32,50,46,40,35,32,46,39,38,41,34,43,50,36,42,47,43,36,41,41,42,31,47,44,46,47,0,41,35,38,50,39,32,46,44,40,39,39,34,51,33,31,49,43,26,35,52,44,35,34,40,26,37,41,54,6,26,36,39,22,47,34,35,42,47,37,34,50,39,39,48,43,44,40,42,22,44,40,34,48,51
26,17,17,33,9,55,23,36,19,22,32,39,37,22,37,41,12,26,15,26,29,24,44,54,24,9,44,24,50,42,45,37,37,15,24,21,27,19,26,17,24,20,31,26,12,42,43,26,30,23,52,52,38,23,19,24,37,48,48,29,21,2,38,30,21,21,35,46,34,13,54,24,21,44,31,8,21,21,26,39,10,53,28,15,46,44,22,8,26,48,52,35,44,33,35,51,29,18,26,19,42,46,33,48,30,37,45,33,57,39,14,24,10,21,5,2,35,44,33,22,47,41,23,5,35,36,35,26,8,14,29,18,31,41,0,35,39,20,5,27,9,35,12,3,19,21,19,22,34,20,18,41,20,22,12,5,37,36,39,12,50,43,39,39,31,43,37,6,5,31,45,19,31,41,37,5,37,22,39,61,6,21,45,43,9,5,39,30
27,31,29,34,37,53,33,45,46,26,27,17,41,45,6,47,37,39,29,40,43,34,36,44,25,41,34,34,50,40,45,49,49,30,30,27,39,32,35,26,34,45,24,31,46,34,41,37,34,33,44,46,42,37,35,33,47,39,44,44,34,36,44,42,37,29,30,30,42,38,52,31,31,42,35,36,33,31,33,34,40,45,44,44,44,44,36,33,43,38,31,30,30,8,44,23,39,29,31,29,30,50,20,38,31,6,42,22,51,44,41,31,40,37,34,38,47,30,40,45,37,33,43,37,22,37,47,29,45,41,36,41,46,35,35,0,35,47,39,37,41,40,39,37,31,41,47,29,42,45,43,39,29,42,46,35,16,45,12,42,44,47,37,9,28,6,21,39,45,35,47,42,41,43,40,35,36,45,47,47,37,40,35,29,39,32,35,42
39,33,33,22,45,44,37,48,49,38,38,32,14,50,32,22,49,32,37,43,38,38,42,58,34,38,42,42,46,38,12,54,49,40,41,37,40,36,45,32,34,49,14,39,37,44,40,31,35,36,51,39,33,41,31,39,49,44,44,25,40,41,46,38,34,30,21,42,41,41,43,29,36,48,36,40,33,45,41,34,35,18,42,47,42,40,34,47,48,40,54,30,52,30,33,41,39,35,43,32,54,54,32,40,36,32,6,16,54,44,42,35,40,38,38,38,39,44,37,50,18,37,44,43,32,31,45,33,37,47,37,42,37,38,39,35,0,47,43,28,43,44,48,41,35,36,45,39,37,51,43,4,31,46,44,42,34,44,32,43,49,52,32,26,22,42,32,47,36,33,54,45,43,20,52,43,35,50,41,54,38,36,34,14,40,41,42,42
37,25,25,44,24,61,28,37,6,31,39,45,50,8,42,50,27,37,27,37,36,32,53,61,36,28,53,36,49,53,50,49,45,28,32,30,34,32,35,26,32,10,42,37,25,51,46,37,43,36,51,59,41,37,30,36,45,48,53,42,30,20,43,43,32,31,47,53,39,26,55,35,35,51,40,23,31,32,38,42,31,56,32,28,53,53,36,22,22,53,48,42,53,42,40,55,38,27,35,33,51,58,42,51,39,45,57,40,64,51,25,31,24,33,24,21,45,51,46,4,56,48,30,24,42,45,47,33,25,29,35,30,43,50,20,47,47,0,19,36,26,40,25,22,31,31,2,31,43,24,18,48,33,20,28,19,45,36,45,28,55,53,42,50,42,46,46,25,29,40,51,8,45,48,45,20,47,10,44,62,23,25,44,50,27,19,46,32
30,16,17,41,2,59,19,34,20,28,28,34,42,26,39,44,5,36,14,23,35,22,48,58,28,6,42,22,43,46,42,34,40,15,22,15,27,19,22,17,22,22,37,30,14,44,41,32,44,30,57,49,38,31,19,30,38,48,42,30,21,5,44,40,27,27,33,46,36,15,49,22,21,50,33,7,20,21,34,41,14,49,36,12,50,46,26,10,24,48,48,39,46,37,38,47,24,18,30,19,46,47,39,46,31,37,52,35,60,44,12,28,5,20,9,7,38,48,44,24,44,43,21,6,39,37,38,24,7,12,29,12,29,39,5,39,43,19,0,28,9,25,6,1,21,21,18,30,42,20,20,41,24,26,8,12,37,28,33,9,53,40,41,45,41,45,47,8,10,30,44,20,36,41,35,13,39,19,39,54,1,18,46,47,9,8,41,36
32,13,13,27,35,48,25,39,31,32,28,39,30,36,29,26,26,23,19,30,20,28,38,58,30,16,42,32,29,42,36,38,45,16,31,23,33,30,18,14,26,38,27,36,21,42,32,30,29,8,51,37,29,34,21,34,34,42,44,20,34,25,38,31,6,22,35,42,23,24,43,26,18,38,20,26,28,23,29,31,19,40,33,29,44,42,31,27,34,44,44,35,46,33,26,48,42,13,23,24,46,29,35,44,29,30,48,35,48,30,28,23,18,28,24,24,36,42,38,36,48,43,27,31,35,23,36,21,19,31,38,24,30,32,27,37,28,36,28,0,33,40,36,31,20,30,34,25,23,35,35,30,15,30,34,26,38,33,36,27,45,30,34,32,31,40,28,33,27,32,34,35,34,28,36,31,21,34,38,54,32,22,28,36,26,30,41,37
28,21,17,39,6,62,25,40,19,30,34,41,45,28,37,49,10,32,17,32,33,30,46,58,30,19,48,30,48,42,45,43,42,19,30,25,27,23,19,21,30,28,35,28,18,48,46,30,38,27,58,54,38,30,21,30,39,44,46,35,29,12,40,40,27,27,41,48,38,21,54,26,23,48,31,4,27,31,34,39,14,53,33,15,48,42,30,20,28,46,44,39,48,33,36,56,33,21,32,23,48,50,37,46,30,39,47,37,59,45,16,24,20,27,17,7,39,46,41,26,47,41,25,6,39,37,39,24,18,8,37,8,32,46,9,41,43,26,9,33,0,28,12,2,27,27,27,24,42,26,19,45,28,24,18,19,41,36,39,12,50,47,47,47,37,47,49,14,20,26,47,20,45,43,32,17,36,25,43,55,4,21,47,43,14,17,45,28
35,36,32,37,26,52,28,24,39,28,37,38,40,46,41,48,32,18,20,26,35,26,53,59,20,33,55,28,34,45,32,50,41,23,20,18,35,39,39,32,26,41,35,33,41,53,42,20,27,30,55,53,30,14,28,28,42,55,53,45,27,26,49,30,35,34,44,45,37,35,57,23,32,39,41,30,38,37,10,33,37,40,37,37,53,45,24,37,45,49,59,39,47,41,45,56,36,35,31,34,47,57,39,47,39,38,52,33,66,42,34,31,36,38,30,31,38,47,32,43,52,40,39,30,39,35,36,32,41,36,38,32,18,44,35,40,44,40,25,40,28,0,33,24,40,38,41,31,25,43,46,44,30,39,38,27,48,35,46,35,61,50,44,48,19,48,44,34,40,38,48,42,44,38,8,33,43,39,44,62,26,33,42,42,34,29,44,37
31,20,21,38,10,54,24,30,21,25,31,33,36,29,36,38,10,34,26,32,34,26,47,57,28,19,45,26,45,43,44,40,47,18,28,22,30,26,23,20,26,27,42,33,21,43,42,31,45,22,55,55,39,33,22,31,40,47,47,34,26,13,46,43,26,28,39,43,37,20,53,27,25,47,36,9,30,28,31,40,19,49,33,19,43,45,28,12,25,43,45,36,47,36,40,55,30,21,27,23,49,45,38,41,35,37,52,36,54,42,12,31,21,29,14,7,38,45,40,27,48,44,28,6,38,41,42,25,9,6,33,10,35,40,12,39,48,25,6,36,12,33,0,6,29,28,23,27,45,20,23,38,21,23,11,13,33,35,39,23,49,46,38,46,40,33,44,8,21,33,46,20,34,42,35,14,27,25,40,58,12,16,48,42,19,8,44,31
24,17,17,39,2,62,19,30,21,30,30,35,45,26,41,45,8,34,15,24,27,22,44,58,22,5,42,22,44,42,45,37,38,15,22,19,27,19,19,17,24,22,37,24,14,44,41,32,44,29,54,52,38,26,19,30,35,48,42,39,21,4,50,40,29,21,35,46,34,15,54,26,19,48,29,6,21,23,30,39,14,51,35,14,48,46,32,12,24,46,48,39,46,39,29,51,24,18,30,19,46,54,37,48,32,37,53,35,61,47,12,28,6,21,13,9,33,48,45,23,47,41,23,6,37,40,35,26,8,12,33,12,28,39,3,37,41,22,1,31,2,24,6,0,19,21,25,28,40,17,19,41,24,27,8,13,35,32,35,10,52,41,41,45,37,41,45,10,6,30,49,22,27,43,30,13,40,22,37,57,2,19,43,41,6,13,41,34
30,23,25,37,19,52,11,30,27,18,28,30,46,35,37,45,24,32,13,21,8,20,44,56,18,33,48,24,46,50,38,32,34,20,17,17,17,6,22,22,22,31,37,30,27,48,41,28,30,28,47,50,30,32,23,33,28,44,46,30,22,20,43,32,24,16,37,40,30,27,54,26,12,42,28,22,14,7,31,35,29,45,29,26,50,46,24,21,31,48,42,37,40,35,28,51,20,23,25,16,42,43,33,46,32,31,47,35,55,37,27,27,28,6,24,22,18,40,24,31,48,43,15,25,35,39,24,22,29,27,15,28,34,39,19,31,35,31,21,20,27,40,29,19,0,4,35,23,33,37,31,38,24,28,34,18,31,29,31,32,49,30,40,43,33,36,42,22,28,34,34,29,26,32,42,24,33,33,28,60,24,22,40,36,29,28,41,35
28,23,19,35,21,62,3,30,33,22,30,22,41,31,31,43,20,32,19,27,24,18,42,50,22,34,42,18,41,44,44,44,40,20,21,15,17,2,26,24,20,33,31,30,29,46,36,18,39,26,53,57,33,36,21,26,34,44,44,28,20,18,39,36,26,18,37,38,37,29,55,16,14,44,4,20,20,3,27,33,25,49,29,26,44,44,20,19,35,46,40,35,40,35,32,52,30,19,25,18,42,41,33,46,22,37,45,25,50,24,27,21,32,6,25,18,14,42,18,33,47,37,5,23,33,38,20,24,31,24,13,27,38,34,21,41,36,31,21,30,27,38,28,21,4,0,33,23,37,37,31,38,25,28,32,20,25,29,27,26,49,36,36,44,31,37,26,24,28,32,30,29,34,38,44,23,37,33,24,57,20,20,38,42,25,18,33,29
37,27,27,42,23,60,28,33,2,29,39,45,50,8,44,50,22,35,27,31,36,30,53,63,30,26,51,30,48,51,51,49,41,28,30,26,36,32,33,30,30,2,40,37,24,49,51,37,45,36,55,54,37,36,26,36,39,48,53,42,30,19,41,43,32,31,47,53,41,24,56,33,35,51,36,25,33,30,35,44,29,57,28,29,53,53,35,26,10,53,50,42,53,42,40,50,36,25,29,33,51,54,42,49,39,41,54,44,63,49,26,31,27,35,24,20,43,51,46,4,56,48,30,27,42,45,46,33,25,28,37,29,41,51,19,47,45,2,18,34,27,41,23,25,35,33,0,33,42,25,10,50,33,12,29,18,45,36,47,28,59,52,45,51,40,47,45,27,28,39,45,8,39,50,45,20,46,6,38,63,21,23,47,50,24,21,46,32
22,26,26,27,28,56,25,29,29,22,20,27,31,31,27,39,32,20,14,22,25,26,40,50,20,30,42,24,36,38,35,44,31,13,24,17,23,19,25,15,24,33,31,28,29,40,37,22,33,27,48,42,28,29,15,23,36,42,40,39,24,26,33,36,25,19,23,42,24,18,48,20,21,36,29,23,23,19,23,35,27,37,27,26,42,42,17,21,31,40,38,25,38,29,23,48,24,20,10,21,36,49,27,38,28,25,45,25,53,44,27,2,28,27,15,23,35,40,33,29,39,31,21,30,25,33,32,4,33,27,27,27,32,33,22,29,39,31,30,25,24,31,27,28,23,23,33,0,33,31,29,33,10,29,22,22,31,31,31,25,50,40,35,33,27,33,37,27,28,20,50,27,32,33,34,19,27,29,41,51,32,22,37,41,30,20,35,28
33,37,32,39,42,51,40,33,45,18,34,40,37,43,41,33,37,33,28,19,20,24,45,55,22,31,43,30,51,45,31,33,28,25,17,34,34,41,33,33,22,45,37,37,34,43,35,20,4,27,54,44,17,16,34,28,31,45,47,36,22,36,37,21,34,31,46,45,28,33,52,35,35,33,33,33,35,38,30,47,32,37,43,32,55,51,33,30,43,45,49,39,49,35,32,47,27,36,39,33,49,37,39,43,36,43,37,37,45,43,35,33,31,39,34,33,41,45,37,43,37,44,43,38,41,14,33,36,32,38,39,37,25,31,34,42,37,43,42,23,42,25,45,40,33,37,42,33,0,44,40,37,39,41,35,35,39,29,27,36,52,43,29,37,37,50,27,34,31,26,27,44,35,27,39,37,20,39,41,61,39,30,39,39,41,35,38,40
39,25,25,38,17,66,28,45,24,39,39,40,49,23,42,51,20,36,27,37,41,40,49,63,40,31,51,40,54,51,49,55,52,30,40,26,36,34,30,24,40,22,40,39,18,49,45,35,46,37,58,58,44,42,26,35,47,51,53,41,36,20,51,47,35,35,47,51,40,28,58,37,32,49,41,18,33,32,34,38,28,58,27,20,47,47,31,20,24,51,47,40,53,42,43,60,38,24,33,35,51,59,44,51,41,43,58,44,65,52,25,31,27,35,22,21,46,49,48,26,58,44,34,22,44,46,48,27,28,22,37,24,48,49,20,45,51,24,20,35,26,43,20,17,37,37,25,31,44,0,15,51,29,19,23,18,37,41,43,34,58,53,51,51,40,45,47,21,31,33,53,15,43,45,53,22,42,23,46,65,20,26,49,49,31,25,46,25
35,23,25,38,20,63,30,45,10,33,33,43,45,6,40,51,25,31,23,33,39,32,47,57,32,20,47,32,49,45,44,44,44,24,32,26,32,28,28,24,32,8,40,33,26,43,43,33,41,31,56,54,40,34,26,33,44,55,47,42,32,18,37,40,31,29,43,47,36,25,58,29,29,49,41,21,29,30,32,42,27,57,26,23,47,45,35,23,2,47,54,40,49,38,40,53,34,23,27,29,49,53,42,45,33,40,54,38,63,48,23,29,19,29,18,21,41,43,42,8,56,42,32,26,42,42,46,27,20,25,34,25,40,43,18,43,43,18,20,35,19,46,23,19,31,31,10,29,40,15,0,49,29,12,22,17,40,40,42,29,58,52,45,51,38,47,49,24,26,33,52,10,44,47,50,16,38,10,49,64,21,25,47,51,25,19,44,30
42,33,39,8,41,44,38,40,49,44,35,45,2,48,36,10,43,33,37,45,32,40,46,56,40,30,46,40,36,44,2,48,49,30,41,37,43,30,41,34,42,50,6,44,31,46,28,38,35,30,45,43,35,43,43,38,39,50,42,37,34,41,44,42,22,37,11,44,35,42,45,35,32,42,34,40,37,46,41,28,31,30,51,39,38,50,34,45,52,42,44,36,40,36,37,43,41,37,37,38,42,38,34,42,41,42,18,10,48,42,38,33,30,46,44,42,43,44,39,48,18,44,31,45,36,31,39,38,33,43,44,40,43,26,41,39,4,48,41,30,45,44,38,41,38,38,50,33,37,51,49,0,38,46,42,42,39,40,33,35,47,42,32,28,24,38,30,49,32,33,46,47,39,22,40,39,35,52,33,52,40,46,32,24,40,42,46,49
18,18,16,25,28,56,17,27,27,26,20,27,25,35,21,33,26,22,18,22,29,22,38,48,24,28,36,22,36,36,33,40,35,23,26,23,23,21,19,15,22,33,31,24,23,40,33,24,35,23,46,42,31,31,17,23,38,38,38,33,22,20,43,33,19,25,27,38,26,22,46,18,20,34,33,25,19,17,21,31,29,42,31,24,42,36,17,21,29,36,40,29,38,23,25,42,25,16,12,26,38,46,27,36,24,31,38,15,55,42,29,10,30,23,19,23,34,36,38,31,46,35,21,24,29,29,32,2,33,27,29,27,38,35,20,29,31,33,24,15,28,30,21,24,24,25,33,10,39,29,29,38,0,27,28,20,29,29,29,29,44,48,42,37,29,35,35,25,30,22,42,29,40,31,40,19,35,33,45,49,26,22,35,35,26,26,35,33
33,25,23,38,24,60,28,39,14,33,35,42,42,16,38,46,23,33,23,33,38,33,47,57,33,26,47,33,48,45,44,47,42,24,31,26,32,26,31,26,33,14,38,33,22,45,52,33,39,32,58,53,37,35,26,32,44,55,47,41,33,20,48,39,36,28,40,47,39,24,58,31,31,47,34,23,28,30,33,40,24,50,24,23,49,43,31,20,18,53,50,36,49,38,43,57,33,25,29,28,47,59,38,51,34,42,50,38,66,46,24,29,28,30,16,18,47,45,40,12,50,44,32,22,38,39,40,27,28,27,36,27,39,52,22,42,46,20,26,30,24,39,23,27,28,28,12,29,41,19,12,46,27,0,25,21,40,36,40,28,60,48,52,47,38,48,48,23,24,33,50,18,40,42,43,18,39,10,48,64,27,27,48,46,32,17,42,22
32,26,19,45,8,53,27,32,30,28,36,41,42,26,41,44,23,27,18,35,24,34,52,60,34,3,54,34,42,50,46,33,42,18,31,25,35,27,23,22,34,29,39,32,14,52,46,32,35,30,53,51,35,32,19,26,39,52,52,29,34,10,40,38,22,24,44,52,31,15,51,26,28,44,32,13,27,23,21,41,8,45,29,13,50,52,22,23,22,46,50,37,54,39,35,43,29,23,36,30,54,46,39,44,34,42,51,41,56,39,19,20,3,31,13,11,37,50,31,26,47,43,29,12,39,35,27,30,2,18,38,17,40,44,12,46,44,28,8,34,18,38,11,8,34,32,29,22,35,23,22,42,28,25,0,6,42,34,42,14,55,45,44,44,35,45,46,6,3,37,45,29,27,40,41,11,40,29,35,58,7,28,40,42,12,10,41,34
26,20,16,35,13,56,23,26,17,26,30,32,39,19,39,42,22,24,14,26,26,22,48,54,22,13,42,24,41,46,41,47,35,11,21,17,23,19,26,23,22,19,31,26,11,38,39,26,35,28,47,46,27,27,13,26,35,44,48,33,22,8,41,36,20,24,39,44,29,8,51,20,26,40,26,12,24,23,24,35,15,48,23,14,48,46,22,4,19,48,46,35,46,29,34,42,24,20,30,20,48,51,31,48,35,39,46,35,58,45,10,22,13,22,3,6,37,40,36,21,48,43,27,15,31,33,38,20,11,16,27,21,35,35,5,35,42,19,12,26,19,27,13,13,18,20,18,22,35,18,17,42,20,21,6,0,35,29,41,15,53,43,35,43,29,45,40,14,13,32,47,17,40,44,36,3,42,21,36,62,8,18,42,45,13,4,33,26
35,27,27,32,37,35,37,38,44,38,31,5,37,43,2,41,41,39,35,42,38,36,40,44,33,47,30,36,44,42,43,47,48,34,40,33,43,36,41,32,36,45,26,37,39,32,34,31,33,36,36,46,29,37,33,35,48,19,38,43,34,36,45,38,36,31,26,28,41,36,44,33,31,46,38,34,33,33,41,22,39,39,44,38,40,44,36,33,43,42,19,32,36,16,43,39,39,35,27,35,36,59,30,42,29,10,41,28,39,52,35,31,43,35,34,32,46,30,42,43,45,35,33,39,30,37,38,29,39,43,38,37,40,34,37,16,34,45,37,38,41,48,33,35,31,25,45,31,39,37,40,39,29,40,42,35,0,46,6,42,36,50,40,21,32,14,9,39,39,31,45,41,44,38,46,34,29,45,43,49,37,32,25,29,40,34,39,40
33,36,29,37,34,49,28,1,40,15,31,47,38,41,37,42,39,28,23,12,28,7,48,62,15,38,46,15,38,46,39,34,9,28,22,33,32,28,25,30,7,36,37,29,37,40,42,33,29,34,55,55,17,29,28,39,34,44,44,35,15,31,43,6,33,25,43,40,22,32,57,16,30,36,26,35,30,31,28,45,37,49,37,33,40,48,27,31,44,44,38,34,40,39,35,53,5,35,35,27,38,36,38,42,37,38,47,36,60,34,33,31,34,31,32,31,32,40,28,42,49,33,35,34,38,43,34,29,41,35,40,40,45,40,36,45,44,36,28,33,36,35,35,32,29,29,36,31,29,41,40,40,29,36,34,29,46,0,34,37,47,38,38,38,31,36,48,27,38,37,20,39,36,42,42,28,39,43,39,52,30,34,48,40,34,31,35,36
25,27,27,20,37,33,33,34,46,36,27,1,35,45,2,29,41,41,33,38,38,36,44,44,37,46,28,38,48,36,39,47,44,36,38,35,44,36,33,32,36,45,24,31,39,30,22,35,37,34,46,46,39,33,33,33,38,23,32,41,34,40,49,42,36,35,22,26,37,42,32,35,33,40,38,36,33,37,31,28,39,46,46,36,42,40,34,39,43,32,23,28,30,20,41,27,35,33,29,35,30,53,26,32,31,2,45,28,35,50,39,31,46,37,40,38,42,28,48,41,39,37,37,37,26,35,40,29,41,43,42,39,42,26,39,12,32,45,33,36,39,46,39,35,31,27,47,31,27,43,42,33,29,40,42,41,6,34,0,41,32,46,16,25,32,22,13,41,46,33,50,43,44,30,40,36,31,45,45,35,39,32,5,41,42,41,29,42
37,24,23,40,10,50,28,42,28,33,35,41,39,31,42,41,17,31,18,35,23,33,49,59,31,3,47,29,40,51,39,36,41,25,29,18,32,26,17,25,32,29,36,37,18,41,39,29,34,23,50,44,30,36,28,34,33,50,49,24,35,11,37,36,19,24,40,47,32,17,50,29,32,49,25,13,31,32,32,38,8,48,37,20,47,51,29,20,27,49,46,40,53,44,34,43,35,26,31,24,53,42,40,47,33,43,40,36,55,36,23,23,2,34,16,13,36,43,24,30,42,42,30,16,40,32,36,29,5,20,36,17,39,37,12,42,43,28,9,27,12,35,23,10,32,26,28,25,36,34,29,35,29,28,14,15,42,37,41,0,46,44,37,41,38,47,41,16,3,31,44,31,32,41,45,20,37,23,35,59,9,23,43,45,13,15,42,35
42,44,44,35,52,59,54,55,58,45,48,35,31,59,33,45,49,50,44,58,37,57,44,41,57,41,30,57,54,38,45,53,60,49,44,48,46,49,48,45,55,53,53,42,44,36,45,38,54,41,10,18,50,60,46,44,50,34,49,48,55,50,56,57,51,51,40,26,42,53,34,52,45,44,45,51,45,50,48,39,42,42,55,54,56,48,53,56,59,10,36,49,16,37,52,38,56,48,56,49,22,61,45,16,40,34,50,43,29,53,53,50,47,43,51,49,52,32,50,55,46,41,51,46,45,54,56,44,51,48,46,53,52,41,50,44,49,55,53,45,50,61,49,52,49,49,59,50,52,58,58,47,44,60,55,53,36,47,32,46,0,47,35,37,47,36,35,54,57,50,61,54,54,41,55,54,44,59,48,33,53,47,41,37,49,53,49,55
43,45,46,48,45,32,38,41,51,45,45,47,50,53,48,46,43,42,40,42,18,43,55,60,45,46,53,39,42,59,52,18,41,38,44,39,49,38,37,44,43,53,46,47,45,51,44,45,39,42,49,57,42,47,47,45,26,58,57,32,39,38,45,36,26,22,49,55,38,38,51,50,32,57,28,51,36,39,49,46,35,43,52,45,55,49,45,45,53,47,54,46,49,50,34,49,40,45,47,24,53,35,52,47,41,46,43,50,52,44,46,40,33,44,37,42,24,53,37,49,49,48,22,43,52,49,10,48,42,51,45,48,49,54,43,47,52,53,40,30,47,50,46,41,30,36,52,40,43,53,52,42,48,48,45,43,50,38,46,44,47,0,46,44,50,55,44,45,44,43,32,50,6,52,54,45,31,51,47,62,47,46,40,46,40,46,56,53
31,35,33,26,41,34,43,38,50,38,29,29,22,50,30,30,43,37,37,39,32,34,48,58,36,32,34,34,42,42,30,46,48,43,37,43,46,40,41,36,34,52,34,35,31,30,22,37,27,34,37,45,29,37,44,37,37,48,48,43,34,41,42,34,34,30,37,42,35,34,39,40,42,52,32,45,44,44,41,30,35,38,49,43,46,46,47,41,50,48,46,36,40,36,41,40,39,43,39,43,38,52,34,36,46,36,30,32,50,44,38,35,32,44,39,36,39,32,43,50,36,42,47,43,36,37,41,42,31,47,42,46,47,6,39,37,32,42,41,34,47,44,38,41,40,36,45,35,29,51,45,32,42,52,44,35,40,38,16,37,35,46,0,26,36,39,20,45,34,33,42,47,33,32,50,39,35,48,43,40,40,42,18,44,40,36,48,51
38,37,33,34,45,46,47,38,51,36,35,28,28,50,12,28,45,45,35,37,32,36,44,52,36,36,38,38,46,44,24,50,40,36,35,41,44,48,39,34,38,51,36,40,37,38,26,41,29,32,39,27,33,45,41,39,43,40,40,41,36,41,35,40,24,35,43,34,33,42,37,31,41,38,34,42,44,51,41,32,27,32,49,41,48,42,35,39,50,40,36,32,24,16,43,22,43,37,31,43,22,58,26,40,35,15,30,32,28,44,44,33,36,43,42,44,45,32,29,50,36,32,38,47,30,35,37,37,37,45,47,40,49,26,39,9,26,50,45,32,47,48,46,45,43,44,51,33,37,51,51,28,37,47,44,43,21,38,25,41,37,44,26,0,26,14,12,47,36,33,46,51,37,28,48,42,29,44,39,46,44,42,20,36,44,39,40,51
19,27,27,16,39,46,36,31,42,27,31,34,26,42,32,34,39,24,27,28,27,24,41,49,24,31,41,24,26,37,26,44,31,22,26,30,30,30,40,30,22,40,14,21,38,41,36,27,45,39,49,43,26,27,26,33,38,39,37,36,24,33,48,30,37,31,18,33,28,31,51,27,33,19,37,34,29,30,23,12,36,40,38,35,39,35,26,36,42,33,45,28,33,24,38,42,28,25,23,33,39,42,22,37,33,34,36,16,52,44,34,27,31,29,30,32,38,37,44,40,34,26,36,35,24,25,38,29,34,42,37,38,31,36,31,28,22,42,41,31,37,19,40,37,33,31,40,27,37,40,38,24,29,38,35,29,32,31,32,38,47,50,36,26,0,30,34,40,35,35,42,38,42,14,31,30,41,44,41,54,43,33,36,26,37,29,20,38
38,41,37,39,41,47,42,35,49,38,35,31,32,52,26,40,41,48,37,48,38,38,35,45,38,48,35,38,47,35,36,47,47,36,35,36,41,40,37,36,34,48,34,42,47,31,43,38,48,36,34,36,47,42,40,38,49,37,43,51,32,40,51,44,40,35,30,33,38,47,46,34,40,39,43,42,41,40,36,38,39,49,46,43,41,45,37,46,46,41,27,39,35,25,51,35,33,35,38,40,33,57,35,35,41,36,43,36,55,51,47,33,48,39,45,44,39,29,45,52,45,27,45,45,35,48,43,35,47,39,45,45,49,39,43,6,42,46,45,40,47,48,33,41,36,37,47,33,50,45,47,38,35,48,45,45,14,36,22,47,36,55,39,14,30,0,24,43,52,42,43,46,45,28,40,41,41,47,47,43,45,43,28,38,40,42,37,48
37,46,46,41,47,30,45,48,46,40,39,12,34,44,28,34,42,47,39,45,40,38,34,52,40,38,30,44,46,42,26,46,54,36,41,37,44,39,47,42,44,50,43,39,31,30,32,39,35,32,35,37,29,47,45,45,37,30,44,39,42,43,47,36,32,42,44,38,37,36,33,41,36,46,24,44,40,44,45,32,31,38,51,41,46,48,42,39,50,46,42,34,34,32,45,22,41,42,31,45,34,58,28,46,40,31,26,43,30,52,40,37,36,37,40,34,43,38,41,50,32,46,41,49,30,33,37,35,40,42,47,39,43,22,37,21,32,46,47,28,49,44,44,45,42,26,45,37,27,47,49,30,35,48,46,40,9,48,13,41,35,44,20,12,34,24,0,43,32,41,52,51,37,30,46,44,29,48,43,44,49,42,8,34,46,45,42,51
35,24,22,38,10,57,26,28,23,27,33,42,47,25,40,47,10,30,18,28,27,27,49,61,26,22,53,27,42,47,41,47,41,24,27,24,26,28,18,26,27,28,40,35,22,51,49,33,38,31,54,56,32,37,24,31,37,51,47,33,27,10,39,34,29,24,43,47,40,21,58,31,26,49,35,5,24,32,33,40,24,49,33,3,49,49,29,7,21,51,43,40,51,40,33,49,24,25,31,26,51,52,38,51,35,41,49,36,61,47,4,27,18,24,18,3,37,49,39,20,55,42,26,8,38,44,41,27,20,6,33,18,38,47,6,39,47,25,8,33,14,34,8,10,22,24,27,27,34,21,24,49,25,23,6,14,39,27,41,16,54,45,45,47,40,43,43,0,18,33,43,24,31,49,43,14,42,28,35,61,14,24,39,49,16,10,44,31
38,21,23,43,5,48,27,37,25,34,38,41,36,26,37,38,22,30,16,38,26,32,52,62,34,1,50,32,41,50,40,36,46,15,33,23,35,27,23,21,30,28,33,38,8,50,34,30,31,20,57,45,29,36,25,31,38,52,48,26,30,9,33,31,16,24,43,50,23,13,45,28,24,42,20,11,25,27,30,39,6,50,29,18,52,52,28,14,28,50,46,39,54,41,26,40,40,26,34,32,54,41,41,48,32,42,46,41,50,36,15,28,1,31,16,10,32,50,26,24,40,45,31,11,41,31,32,28,3,14,38,15,34,34,5,45,36,29,10,27,20,40,21,6,28,28,28,28,31,31,26,32,30,24,3,13,39,38,46,3,57,44,34,36,35,52,32,18,0,31,42,22,34,32,42,10,32,29,30,50,5,24,36,42,18,11,45,36
18,20,14,25,34,56,29,35,40,26,24,27,38,40,21,41,34,39,33,34,37,27,34,52,29,35,36,27,35,34,37,39,41,26,31,21,29,30,29,13,27,40,29,24,36,42,45,20,36,31,54,48,39,36,26,16,39,44,34,31,27,29,48,39,26,24,33,32,27,32,54,26,30,38,35,27,26,24,28,29,39,43,35,30,36,38,18,29,36,38,48,31,42,33,19,50,29,14,24,30,46,48,35,42,28,27,42,29,55,37,31,20,35,25,32,31,33,40,35,40,46,35,29,26,35,6,35,22,39,29,27,31,29,35,31,35,33,40,30,32,26,38,33,30,34,32,39,20,26,33,33,33,22,33,37,32,31,37,33,31,50,43,33,33,35,42,41,33,31,0,45,36,31,37,40,28,24,36,39,49,30,17,41,45,39,31,33,35
43,37,41,54,47,28,47,33,51,31,43,47,46,53,46,42,47,40,27,34,26,33,57,58,33,42,57,33,22,55,40,32,31,40,38,39,52,28,39,36,33,53,44,43,37,55,38,43,37,30,61,55,34,47,49,43,12,50,55,34,39,46,47,42,32,30,53,59,36,44,63,32,32,41,24,40,33,21,36,44,35,47,50,39,57,47,37,39,53,53,56,46,53,50,42,47,34,43,47,42,57,21,46,55,47,50,49,46,60,34,44,50,41,29,52,42,20,59,24,53,37,50,44,51,48,45,22,42,30,49,48,44,49,42,45,47,54,51,44,34,47,48,46,49,34,30,45,50,27,53,52,46,42,50,45,47,45,20,50,44,61,32,42,46,42,43,52,43,42,45,0,50,24,46,48,49,35,49,25,62,45,38,56,56,36,48,50,49
33,23,23,38,23,60,30,40,6,31,35,43,44,2,40,49,25,31,23,35,37,33,49,59,33,27,47,33,49,45,49,52,40,24,30,26,30,28,31,26,33,6,36,33,22,47,45,33,44,31,54,53,40,38,26,33,44,49,49,42,32,20,45,44,31,25,42,49,40,21,58,29,31,47,37,19,29,30,32,38,25,56,28,22,49,49,31,19,8,49,51,36,49,38,38,52,35,23,29,29,49,57,38,49,37,40,53,40,55,52,20,27,25,29,18,21,46,49,46,6,56,44,30,27,38,42,46,29,22,27,36,23,45,47,19,42,45,8,20,35,20,42,20,22,29,29,8,27,44,15,10,47,29,18,29,17,41,39,43,31,54,50,47,51,38,46,51,24,22,36,50,0,44,50,45,16,47,10,49,64,20,27,51,50,25,17,42,29
33,35,29,40,39,40,19,35,44,39,41,41,43,46,44,31,41,30,33,30,10,27,47,53,35,34,43,29,39,53,39,6,43,30,36,35,38,22,29,36,27,45,42,35,39,43,39,35,41,38,54,54,36,35,39,37,22,43,51,32,29,36,41,34,24,14,39,43,24,35,44,38,30,47,14,42,28,28,36,42,31,48,39,41,49,45,31,41,47,51,45,44,49,44,32,40,40,33,41,22,49,40,40,51,37,44,40,42,57,40,38,32,21,32,37,34,28,41,20,47,26,44,26,31,44,37,20,40,30,39,43,40,43,37,31,41,43,45,36,34,45,44,34,27,26,34,39,32,35,43,44,39,40,40,27,40,44,36,44,32,54,6,33,37,42,45,37,31,34,31,24,44,0,39,44,41,33,41,38,53,35,32,37,43,26,41,42,45
30,39,35,20,47,44,33,48,49,38,37,32,12,50,32,22,47,35,33,41,32,34,40,56,34,38,36,30,36,46,30,48,52,30,35,39,42,37,37,36,40,48,22,34,39,34,38,39,33,28,43,41,29,45,45,35,35,48,42,35,28,39,48,32,30,26,35,48,23,36,47,35,34,38,34,36,34,36,33,24,35,26,44,43,46,46,32,47,50,36,48,34,44,28,33,40,45,35,37,40,44,40,28,34,41,36,18,6,46,50,44,33,38,31,41,44,29,46,41,46,26,38,36,45,30,25,39,31,31,43,43,44,45,34,41,43,20,48,41,28,43,38,42,43,32,38,50,33,27,45,47,22,31,42,40,44,38,42,30,41,41,52,32,28,14,28,30,49,32,37,46,50,39,0,48,39,27,48,35,50,44,34,30,18,36,38,34,44
39,32,32,41,32,60,37,40,40,32,35,46,46,50,43,50,40,23,30,38,41,34,45,61,38,37,47,32,32,43,50,40,47,23,32,28,40,45,39,34,34,45,39,39,43,47,46,34,35,40,57,59,42,18,28,34,52,59,45,37,27,40,49,33,38,36,42,51,41,40,61,29,42,43,39,38,43,41,18,35,41,42,43,41,47,41,29,43,47,53,49,39,53,41,46,60,36,41,35,42,53,58,43,55,45,42,50,41,70,50,40,34,42,40,38,35,46,51,41,49,50,45,43,38,43,35,42,40,43,44,45,40,6,50,37,40,52,45,35,36,32,8,35,30,42,44,45,34,39,53,50,40,40,43,41,36,46,42,40,45,55,54,50,48,31,40,46,43,42,40,48,45,44,48,0,39,43,43,48,68,38,37,46,42,40,35,41,43
25,23,21,38,13,57,22,32,20,21,31,39,38,24,34,44,19,27,11,25,33,22,47,53,20,16,47,24,34,47,42,46,36,14,22,16,26,18,26,22,22,21,28,25,24,47,41,25,33,25,54,47,28,27,12,25,36,48,47,36,21,5,44,38,25,23,39,45,27,11,47,19,25,39,27,14,23,22,25,36,14,46,26,15,47,45,19,8,24,47,45,28,47,28,38,53,24,21,29,23,45,44,34,47,32,38,52,30,60,49,18,19,16,20,4,10,38,43,37,20,49,42,26,17,32,37,37,19,12,18,28,20,33,39,5,35,43,20,13,31,17,33,14,13,24,23,20,19,37,22,16,39,19,18,11,3,34,28,36,20,54,45,39,42,30,41,44,14,10,28,49,16,41,39,39,0,38,22,38,65,13,23,40,45,20,3,34,27
34,34,25,39,38,49,38,35,45,43,28,34,35,47,31,43,41,34,37,40,27,39,41,55,33,32,39,33,29,45,35,43,39,34,38,40,37,39,39,26,35,47,41,38,34,39,37,38,32,19,44,46,30,38,37,28,37,45,35,30,35,39,48,37,24,38,42,39,20,34,38,34,36,43,30,37,37,40,36,29,31,33,41,38,47,47,28,36,45,47,39,41,47,35,28,43,44,28,29,38,47,39,39,47,36,29,43,41,43,43,37,27,32,41,38,31,35,39,41,46,41,38,36,36,41,2,29,35,35,32,41,37,41,39,37,36,35,47,39,21,36,43,27,40,33,37,46,27,20,42,38,35,35,39,40,42,29,39,31,37,44,31,35,29,41,41,29,42,32,24,35,47,33,27,43,38,0,43,33,51,39,28,29,29,31,36,42,41
39,27,27,42,20,63,30,39,14,31,37,41,47,22,42,48,22,37,23,37,40,32,51,61,32,23,51,32,50,49,50,43,45,24,32,30,36,32,27,28,34,14,44,37,31,49,46,37,43,34,59,57,42,40,28,36,45,48,49,40,32,24,46,45,36,31,45,51,42,26,54,35,33,51,38,23,33,28,38,42,30,53,30,27,49,49,38,23,10,51,52,38,51,42,42,52,40,27,31,33,49,52,40,47,37,45,57,42,60,51,30,31,22,33,22,21,47,49,43,8,57,46,30,26,40,45,39,33,27,25,37,26,41,48,22,45,50,10,19,34,25,39,25,22,33,33,6,29,39,23,10,52,33,10,29,21,45,43,45,23,59,51,48,44,44,47,48,28,29,36,49,10,41,48,43,22,43,0,42,65,21,23,46,50,26,23,48,26
37,45,43,49,43,57,41,34,47,36,43,46,35,48,45,41,45,35,45,39,30,42,45,55,40,34,43,42,40,51,39,51,50,40,37,47,34,44,43,42,40,42,41,39,41,43,43,43,39,32,48,54,29,45,39,41,36,53,53,36,42,43,38,33,30,30,49,53,29,34,56,37,30,49,22,44,43,37,45,45,41,51,42,41,55,53,34,39,48,53,45,45,49,45,40,54,43,37,39,36,51,43,43,53,39,39,42,43,57,45,40,41,26,43,38,32,34,53,42,46,46,45,36,41,45,29,36,45,39,38,26,46,45,43,39,47,41,44,39,38,43,44,40,37,28,24,38,41,41,46,49,33,45,48,35,36,43,39,45,35,48,47,43,39,41,47,43,35,30,39,25,49,38,35,48,38,33,42,0,55,36,44,45,35,36,40,49,40
51,49,53,50,61,64,55,54,64,60,53,34,50,64,44,50,62,54,53,55,52,48,57,35,54,48,45,52,59,43,54,62,66,48,53,57,58,55,61,52,48,62,58,53,53,47,50,53,61,50,35,31,59,63,59,53,53,44,54,61,56,59,61,58,52,57,55,43,47,56,43,51,61,43,50,58,58,53,61,50,49,59,63,59,59,59,56,61,62,36,46,52,37,42,55,49,63,53,53,61,39,66,40,36,53,37,59,44,30,62,56,51,52,47,65,56,61,45,61,60,63,52,58,53,40,57,59,49,49,53,55,54,59,44,61,47,54,62,54,54,55,62,58,57,60,57,63,51,61,65,64,52,49,64,58,62,49,52,35,59,33,62,40,46,54,43,44,61,50,49,62,64,53,50,68,65,51,65,55,0,54,58,48,56,60,53,50,62
30,16,16,41,2,58,23,34,19,22,30,34,42,24,41,46,4,30,14,23,32,22,48,58,30,5,50,22,42,46,42,33,38,21,21,15,29,19,18,17,24,22,37,30,13,50,42,32,41,30,55,49,39,32,19,28,35,48,42,27,22,5,43,39,26,26,35,48,37,15,57,30,20,48,32,7,20,21,34,41,13,47,37,14,50,48,26,16,23,50,46,39,50,37,33,46,26,18,32,18,50,50,39,48,27,37,45,39,58,43,14,32,4,20,15,9,33,50,35,26,47,39,23,6,39,35,39,26,6,14,31,14,34,40,6,37,38,23,1,32,4,26,12,2,24,20,21,32,39,20,21,40,26,27,7,8,37,30,39,9,53,47,40,44,43,45,49,14,5,30,45,20,35,44,38,13,39,21,36,54,0,18,44,46,17,12,41,35
28,2,8,27,17,61,21,37,29,28,26,34,42,31,33,46,22,29,20,24,26,29,38,54,33,26,38,23,37,40,40,34,42,13,25,13,35,25,5,3,29,25,31,32,23,42,48,32,32,20,47,53,33,31,15,25,30,43,40,16,29,18,46,39,16,18,26,40,23,24,55,32,18,42,30,16,18,15,34,37,27,46,35,21,46,42,22,22,25,42,43,37,40,27,14,51,29,8,24,20,42,45,39,42,20,32,40,37,56,38,22,22,28,18,23,14,24,44,38,33,48,41,27,19,39,20,28,22,31,22,26,23,33,42,21,40,36,25,18,22,21,33,16,19,22,20,23,22,30,26,25,46,22,27,28,18,32,34,32,23,47,46,42,42,33,43,42,24,24,17,38,27,32,34,37,23,28,23,44,58,18,0,40,38,26,24,45,35
39,37,35,26,45,28,43,44,49,46,41,8,32,42,20,34,44,41,35,47,32,42,42,54,42,36,36,44,46,44,30,44,52,36,45,49,42,43,43,38,42,50,36,43,31,34,34,43,27,32,41,39,35,43,47,43,41,40,40,37,42,45,49,40,36,40,39,34,31,38,23,39,43,44,26,44,43,42,41,38,31,38,51,39,38,40,38,41,50,34,36,30,34,26,43,14,47,39,33,44,32,60,24,34,41,27,36,42,28,48,44,37,34,45,40,42,37,34,41,50,40,46,44,45,28,33,41,35,35,45,45,40,43,22,45,35,34,44,46,28,47,42,48,43,40,38,47,37,39,49,47,32,35,48,40,42,25,48,5,43,41,40,18,20,36,28,8,39,36,41,56,51,37,30,46,40,29,46,45,48,44,40,0,30,36,42,48,51
39,33,37,24,45,44,37,42,50,40,39,24,10,50,35,16,45,37,31,43,40,36,44,54,33,34,40,36,42,48,18,48,55,34,35,39,47,40,41,40,44,52,26,37,39,40,44,41,37,38,37,37,33,43,39,39,43,44,52,43,36,45,49,42,44,32,25,42,15,40,45,29,41,46,42,40,38,39,37,10,31,28,44,45,50,44,38,47,48,42,44,44,48,28,43,54,43,41,39,32,48,56,46,42,49,31,26,16,40,52,46,41,42,38,45,40,37,42,39,46,30,46,38,41,46,33,37,35,35,37,43,38,45,44,43,29,14,50,47,36,43,42,42,41,36,42,50,41,39,49,51,24,35,46,42,45,29,40,41,45,37,46,44,36,26,38,34,49,42,45,56,50,43,18,42,45,29,50,35,56,46,38,30,0,44,42,48,46
40,25,27,43,13,56,33,35,27,34,34,41,44,30,43,44,15,31,22,34,24,30,54,62,32,9,48,29,43,50,42,28,44,19,32,25,29,31,26,25,30,31,39,40,6,46,44,30,41,30,51,51,39,34,25,30,42,54,52,22,30,11,37,41,28,31,43,48,33,21,53,30,23,52,34,21,31,29,34,43,16,44,38,16,50,50,30,10,29,48,47,43,52,39,36,50,32,26,30,29,52,45,39,48,31,38,48,35,60,44,19,30,19,31,20,10,36,46,30,30,50,43,27,9,39,27,24,26,11,16,30,11,40,40,9,39,40,27,9,26,14,34,19,6,29,25,24,30,41,31,25,40,26,32,12,13,40,34,42,13,49,40,40,44,37,40,46,16,18,39,36,25,26,36,40,20,31,26,36,60,17,26,36,44,0,15,43,38
24,22,16,37,13,54,23,31,17,20,32,36,39,19,33,46,18,20,10,24,36,21,48,54,25,11,44,25,45,46,43,44,35,11,21,13,23,21,23,23,21,19,33,24,19,40,38,26,35,24,53,50,29,27,13,24,35,44,48,35,21,4,37,39,24,18,38,44,27,4,52,20,24,40,28,12,24,25,26,37,9,50,29,16,44,44,18,10,21,46,48,33,48,33,35,44,29,24,28,20,42,53,35,46,32,39,50,33,54,43,17,18,7,22,3,15,37,40,42,19,54,43,27,19,35,34,39,26,11,18,33,23,35,34,5,32,41,19,8,30,17,29,8,13,28,18,21,20,35,25,19,42,26,17,10,4,34,31,41,15,53,46,36,39,29,42,45,10,11,31,48,17,41,38,35,3,36,23,40,53,12,24,42,42,15,0,35,28
31,41,37,34,41,60,40,39,46,35,33,39,34,46,32,44,45,30,33,42,45,30,39,47,36,45,39,28,40,33,26,44,45,30,32,34,36,32,42,38,36,46,22,33,38,45,46,21,38,35,51,43,38,37,32,31,42,37,37,44,34,39,44,43,39,35,43,39,30,35,45,29,43,33,39,38,33,38,27,32,40,43,42,37,39,33,28,34,46,41,49,32,37,40,40,48,34,39,37,37,43,52,36,43,35,35,41,30,52,42,42,35,37,37,34,36,46,43,40,46,47,24,38,39,36,36,38,35,38,42,35,40,43,48,39,35,42,46,41,41,45,44,44,41,41,33,46,35,38,46,44,46,35,42,41,33,39,35,29,42,49,56,48,40,20,37,42,44,45,33,50,42,42,34,41,34,42,48,49,50,41,45,48,48,43,35,0,42
33,32,31,40,34,64,34,40,26,31,35,40,44,29,38,46,35,31,30,33,33,31,49,57,31,38,47,31,45,49,44,43,42,29,31,34,28,34,38,31,31,30,38,33,31,39,51,33,40,37,53,53,37,35,34,32,35,54,47,43,31,30,48,39,33,27,42,47,37,27,55,29,35,47,37,29,27,34,30,40,35,52,10,30,47,49,31,29,29,49,56,36,49,38,45,60,33,32,31,37,49,52,38,47,35,42,47,38,65,52,31,28,34,33,29,29,47,39,45,35,55,44,30,32,36,37,39,33,39,33,34,33,40,51,30,42,42,32,36,37,28,37,31,34,35,29,32,28,40,25,30,49,33,22,34,26,40,36,42,35,55,53,51,51,38,48,51,31,36,35,49,29,45,44,43,27,41,26,40,62,35,35,51,46,38,28,42,0
