0,22,20,25,30,51,25,33,33,10,18,27,29,37,21,35,32,19,18,19,31,23,34,44,17,26,30,21,35,36,32,39,24,21,13,25,25,21,31,21,23,37,29,8,35,36,39,14,39,32,40,44,29,24,23,12,33,44,32,33,21,26,45,27,26,22,27,32,31,30,42,10,22,30,29,27,22,25,20,23,29,40,33,32,38,42,17,27,37,34,42,27,30,19,33,45,29,24,18,30,34,47,27,34,18,25,46,23,51,41,29,18,28,22,23,25,37,38,27,37,44,21,23,32,27,20,31,22,31,33,23,29,31,35,26,25,31,37,30,32,32,28,31,30,28,22,37,18,35,39,33,37,22,33,26,26,33,22,27,35,38,45,35,31,21,37,35,33,24,26,39,33,31,29,30,23,28,37,37,45,30,26,35,41,36,26,21,33
22,0,4,23,21,60,19,32,23,24,26,29,37,25,29,39,24,28,4,25,23,26,42,50,26,24,34,26,45,40,37,46,36,17,28,15,19,17,4,5,26,29,31,24,25,40,48,24,32,21,44,44,37,28,21,27,29,42,42,26,26,18,38,37,11,17,33,34,30,22,50,20,15,34,27,16,15,21,27,25,19,52,34,22,38,40,22,19,23,36,44,35,34,27,33,48,28,2,22,23,36,50,33,38,24,29,47,31,51,41,21,18,18,23,19,20,35,40,35,31,41,33,23,25,33,30,40,18,22,20,31,20,32,40,19,35,43,29,20,13,21,34,25,21,19,21,27,18,32,29,23,35,18,23,24,16,31,28,33,24,42,48,40,41,25,41,37,24,22,20,48,23,31,39,38,19,31,27,41,53,20,2,35,37,25,14,35,30
20,4,0,25,23,49,19,34,23,30,24,31,39,25,29,41,24,24,6,29,25,30,42,50,26,22,34,30,43,42,33,42,32,19,28,19,19,17,8,7,30,27,31,26,27,40,46,24,36,21,46,46,37,30,21,25,31,42,40,26,30,16,37,41,11,17,31,34,30,21,50,22,17,34,29,20,21,19,28,25,17,47,29,24,40,38,20,19,27,38,42,35,34,27,34,39,30,8,20,19,36,52,33,36,18,33,47,29,49,41,25,18,26,21,17,20,33,40,37,25,35,31,23,23,33,33,40,20,26,24,29,22,34,44,17,35,41,27,21,15,21,26,20,21,21,25,23,18,36,27,23,33,20,23,23,18,35,28,35,26,44,48,44,39,25,41,35,20,20,20,48,23,33,39,39,17,25,27,37,55,20,6,35,39,21,16,33,29
25,23,25,0,37,56,30,34,38,33,25,34,24,44,24,32,39,30,27,34,31,30,33,53,30,39,23,34,34,39,8,42,39,28,36,30,28,28,38,26,30,44,14,27,32,31,42,29,37,37,45,41,36,29,28,31,36,41,37,40,34,31,44,42,31,29,2,23,38,39,37,29,37,25,33,34,29,32,35,20,38,33,38,39,35,37,24,30,42,17,39,38,21,22,40,42,34,29,23,35,33,50,28,31,31,28,29,12,54,46,40,21,37,29,30,34,46,31,42,44,35,28,28,39,30,37,38,25,40,38,29,36,35,38,31,26,27,44,37,33,37,41,38,37,35,29,44,21,37,42,38,12,25,38,41,31,32,34,30,40,41,50,38,32,18,32,41,40,39,33,50,38,44,30,37,30,43,42,39,50,37,33,41,28,43,31,18,38
30,21,23,37,0,57,23,30,17,22,30,35,43,26,39,41,10,26,19,24,33,22,48,56,22,10,46,21,46,46,39,41,41,19,22,15,29,27,19,23,22,24,37,30,14,46,43,28,42,31,54,54,38,26,21,28,39,46,48,35,22,10,40,40,27,19,33,46,36,15,52,26,23,46,29,3,23,21,28,39,14,43,34,10,46,48,28,12,24,46,44,39,46,37,37,53,24,22,28,19,48,52,37,46,34,37,49,37,59,45,10,30,10,23,13,6,43,48,35,26,47,39,21,4,37,36,39,26,12,4,29,4,28,41,9,35,43,23,2,25,6,26,6,2,19,21,22,30,42,19,22,41,26,26,8,9,35,36,35,10,52,49,41,45,37,41,45,10,9,32,39,22,33,47,32,11,38,20,41,57,2,19,43,43,5,11,39,32
51,60,49,56,57,0,59,50,61,56,56,38,51,56,46,38,55,54,56,51,46,44,55,67,44,46,57,44,46,61,44,30,48,52,53,49,62,48,51,46,44,62,55,51,47,49,46,53,47,46,53,55,45,57,59,55,38,42,53,40,46,50,47,38,42,49,57,57,45,50,61,49,53,55,42,54,52,57,57,44,45,36,61,55,61,63,61,53,60,61,50,48,61,40,32,20,57,60,51,50,53,60,44,61,57,49,34,55,54,36,54,53,45,50,53,56,42,43,38,56,38,55,56,59,46,47,49,53,48,57,62,56,65,42,51,45,58,62,56,50,55,54,56,57,53,48,62,53,45,65,60,40,53,58,53,53,36,57,38,51,53,28,40,32,44,51,36,57,46,59,28,60,46,34,62,53,51,62,57,56,55,58,30,36,56,53,54,63
25,19,19,30,23,59,0,31,30,31,31,31,39,34,36,41,21,22,17,30,21,24,39,55,30,25,39,26,43,43,43,26,34,20,26,16,18,2,24,18,24,32,28,27,28,43,43,27,42,29,54,54,38,32,14,25,37,42,41,38,26,21,42,33,29,17,23,39,35,25,46,23,19,43,15,18,13,16,29,34,28,36,34,25,41,45,28,20,34,45,46,34,45,30,33,50,28,21,23,21,47,51,30,43,33,31,40,34,55,44,26,21,25,3,22,20,31,43,33,36,42,40,8,25,30,42,23,21,28,24,11,22,32,43,21,33,41,32,23,27,25,30,26,23,11,11,28,21,42,30,30,43,21,30,29,25,31,25,33,24,50,43,39,39,34,40,37,26,25,27,44,28,25,41,34,22,36,34,29,55,23,21,37,41,25,23,38,28
33,32,34,34,30,50,31,0,39,8,36,34,49,40,32,43,32,26,26,13,27,17,44,54,16,33,38,17,33,48,43,41,16,27,17,25,30,25,24,31,17,33,28,32,40,34,46,30,35,27,57,56,16,31,29,29,31,40,44,32,17,31,41,11,35,26,30,40,28,30,53,24,36,42,31,33,32,29,25,38,32,50,38,37,46,42,21,26,37,46,42,36,46,30,36,40,6,30,36,32,44,43,32,44,35,32,54,26,58,45,32,28,29,32,32,29,35,38,37,40,52,39,36,34,34,43,37,28,38,30,32,34,41,42,30,34,43,37,30,33,34,41,26,30,26,22,37,28,33,41,39,45,28,37,36,28,32,1,32,36,55,49,38,40,39,29,38,30,33,34,21,39,43,36,41,32,45,37,42,52,30,28,44,44,29,31,35,36
33,23,23,38,17,61,30,39,0,31,33,39,41,8,38,47,19,33,23,35,37,33,45,57,33,29,47,33,50,45,49,50,42,24,30,26,30,26,27,24,33,4,38,31,23,47,47,33,40,33,56,54,36,37,26,33,40,51,45,40,33,20,46,43,33,29,42,47,38,23,56,31,29,47,39,20,27,30,33,38,27,54,28,21,45,45,31,19,18,47,51,36,47,38,38,54,33,25,25,29,47,52,38,47,31,40,48,38,61,50,25,29,28,27,22,18,43,45,44,4,52,42,32,21,36,40,45,29,30,25,34,25,42,49,21,40,45,12,16,33,25,38,25,19,29,27,10,29,40,22,8,49,29,16,26,19,40,36,38,30,56,50,49,49,38,46,47,22,29,34,48,6,44,41,42,18,43,10,43,61,15,25,47,47,25,17,42,28
10,24,30,33,22,56,31,8,31,0,26,32,36,37,37,42,30,17,20,2,25,9,48,54,9,38,40,9,25,50,42,45,15,15,1,21,15,17,33,19,9,33,29,12,35,42,44,28,34,24,49,51,17,18,17,28,37,45,48,37,9,28,43,27,26,16,42,40,19,30,55,2,26,46,31,25,24,17,20,37,27,46,31,26,38,42,13,25,37,46,43,37,44,33,37,42,19,22,30,24,44,37,29,48,30,28,46,25,56,29,29,22,36,20,23,25,41,40,23,37,46,35,27,30,33,41,41,20,29,31,30,31,28,40,24,30,40,35,22,30,32,24,27,22,22,22,31,22,34,33,33,40,20,33,34,24,30,8,34,29,47,45,36,36,29,30,42,31,38,28,37,33,39,32,28,23,43,35,36,54,22,18,44,40,32,22,33,31
18,26,24,25,30,56,31,36,33,26,0,27,33,37,21,37,32,31,24,25,33,27,38,48,23,32,30,25,40,32,36,46,37,23,27,25,21,25,29,19,27,37,25,22,33,36,40,24,38,24,44,44,35,28,27,22,35,40,34,33,25,28,41,35,26,20,27,28,37,28,46,18,22,34,37,29,24,31,24,29,31,45,33,32,26,34,29,29,37,34,40,33,26,23,31,46,26,26,22,32,36,52,29,40,10,31,42,23,51,47,31,20,34,26,27,29,35,34,25,39,38,17,29,32,29,36,27,20,35,33,29,31,36,38,28,31,34,39,30,28,34,28,33,32,34,24,37,20,36,37,33,35,20,33,34,30,29,28,31,37,42,49,38,40,23,35,41,33,32,24,43,33,33,35,34,27,30,37,37,45,32,24,37,37,30,26,19,35
27,29,31,34,35,38,31,34,39,32,27,0,32,43,14,38,32,32,31,37,31,32,42,50,32,39,36,32,55,44,30,43,40,30,33,31,39,32,39,32,32,43,30,33,42,34,32,29,34,33,45,49,34,33,27,35,41,36,44,40,32,28,43,37,35,28,35,38,38,33,37,35,26,38,33,28,28,27,37,28,42,37,40,36,44,38,28,36,43,36,36,32,44,18,46,44,36,29,25,32,40,58,18,38,35,25,41,24,34,49,36,27,42,26,30,32,39,40,45,43,46,35,35,33,20,40,35,33,39,39,35,38,30,24,35,21,38,45,32,35,37,34,37,37,30,28,43,27,34,40,39,40,33,40,43,30,9,41,13,42,45,50,22,24,26,25,16,38,43,29,51,39,45,46,36,30,34,43,44,48,34,32,12,40,39,28,37,40
29,37,39,24,43,51,39,49,41,36,33,32,0,48,34,4,36,31,37,39,34,38,44,54,38,34,40,38,38,44,24,42,43,26,45,37,42,32,41,34,38,50,6,33,33,38,28,31,29,40,33,41,31,41,37,29,37,38,42,35,38,35,40,36,28,36,21,40,35,38,39,25,34,32,36,42,30,29,35,30,37,18,44,43,44,44,32,43,48,32,40,34,32,36,37,34,47,37,47,36,34,44,30,38,46,38,16,14,48,38,46,31,32,28,38,40,37,40,37,50,30,34,38,43,30,35,29,31,35,43,42,36,37,30,39,40,24,50,43,44,43,42,38,43,38,32,50,31,31,47,47,4,31,44,40,39,39,40,33,43,19,50,30,24,24,28,32,47,34,39,46,49,45,14,40,38,39,48,35,38,42,38,32,18,42,39,36,44
37,25,25,44,26,56,34,40,8,37,37,43,48,0,42,50,26,38,27,38,38,36,49,61,38,22,53,36,44,49,50,52,51,28,38,32,36,30,29,30,36,6,42,35,23,51,42,37,43,36,57,57,41,40,30,37,46,54,49,43,36,22,44,45,36,33,47,53,43,28,57,35,37,51,40,25,31,30,37,44,23,57,32,27,49,49,35,21,4,53,52,42,53,44,43,56,31,29,31,35,53,56,42,53,38,45,56,44,64,51,25,33,22,31,20,23,45,53,46,4,54,48,34,26,42,45,46,33,24,23,37,27,44,42,22,45,50,10,26,36,26,42,29,26,35,35,8,33,43,28,6,50,33,16,29,19,43,40,43,31,59,52,44,50,42,46,50,21,22,38,53,2,46,48,50,24,44,16,46,62,26,31,50,50,24,19,46,32
21,29,29,24,39,46,36,32,38,37,21,14,34,42,0,36,37,42,23,34,33,28,43,35,34,41,19,28,52,41,39,52,39,24,38,36,26,22,32,22,28,42,26,29,36,25,34,25,39,37,35,37,36,33,28,29,44,35,39,44,28,35,42,46,33,29,28,23,32,33,43,31,33,33,37,30,29,32,31,24,38,43,38,33,37,43,30,34,42,29,35,28,25,20,40,38,36,23,27,35,17,54,10,27,23,14,38,22,48,52,34,23,41,27,32,30,48,29,44,44,49,22,30,39,12,39,42,25,38,36,29,36,37,34,33,18,38,42,37,35,39,35,38,37,29,35,42,23,45,38,38,36,25,38,39,31,18,24,12,36,37,48,30,24,20,23,32,38,41,29,52,38,42,30,35,32,35,42,39,42,37,35,28,34,41,31,32,38
35,39,41,32,41,38,41,43,47,42,37,38,4,50,36,0,42,39,41,43,32,38,50,56,38,36,44,38,42,36,22,52,45,30,41,35,42,36,43,34,38,50,16,33,35,42,32,31,33,36,47,43,33,37,43,37,29,44,50,35,38,37,40,34,20,40,19,44,35,40,27,31,38,34,34,40,38,35,41,34,31,28,46,43,40,32,34,41,50,40,44,36,38,40,41,45,45,37,43,46,42,46,32,42,41,31,30,14,44,48,46,33,32,34,40,40,37,42,37,50,26,38,36,45,32,39,39,39,37,43,32,40,41,30,39,33,24,50,40,28,43,40,44,41,43,40,48,33,29,47,45,8,39,46,40,41,41,48,41,37,35,48,30,28,30,30,34,49,34,39,50,47,37,28,42,40,37,48,33,42,40,40,28,28,42,41,36,46
32,24,24,39,10,55,21,32,19,30,32,32,36,26,37,42,0,28,18,29,32,28,50,56,28,19,46,28,41,50,46,39,38,19,27,17,27,23,20,23,28,23,41,32,15,48,46,30,35,30,53,55,39,28,19,28,39,48,50,27,28,9,41,31,32,24,35,46,33,21,53,30,24,44,30,9,24,21,32,37,19,47,33,6,44,48,26,8,25,46,46,41,46,39,33,51,30,24,30,24,48,47,37,48,32,33,37,37,56,45,10,24,18,20,13,9,31,48,37,25,41,39,23,10,39,31,35,28,20,10,27,10,34,46,10,35,42,23,9,28,10,32,12,10,22,20,23,24,35,21,20,40,28,25,15,14,37,30,37,15,51,47,46,42,37,41,44,6,15,32,43,21,39,38,34,13,39,20,34,58,8,24,44,44,19,12,41,33
19,28,24,30,26,54,22,26,33,17,31,32,31,38,42,39,28,0,20,25,26,19,47,53,18,34,43,19,39,41,43,41,34,21,15,20,28,23,28,29,19,38,28,19,34,47,45,21,40,25,48,58,30,26,22,27,34,44,47,30,19,27,43,24,25,32,29,43,22,23,56,14,24,41,30,25,14,26,19,36,30,39,31,31,45,53,17,26,38,45,46,40,43,34,36,50,18,30,26,28,49,37,36,53,40,29,31,36,59,40,34,24,32,22,23,29,36,47,24,38,40,42,18,32,38,28,38,24,32,32,17,34,29,45,26,33,43,38,24,25,34,26,36,24,30,20,36,24,40,40,31,27,24,33,29,26,37,24,37,29,44,48,43,43,24,40,41,30,28,27,45,33,36,29,34,23,38,38,33,55,24,33,41,43,34,29,30,31
18,4,6,27,19,56,17,26,23,20,24,31,37,27,23,41,18,20,0,24,21,20,40,48,24,22,32,20,52,42,37,44,32,5,24,13,19,15,6,13,20,29,29,22,23,38,41,22,31,17,46,50,35,22,11,18,37,44,42,30,20,16,42,37,19,19,33,32,28,17,44,18,25,30,25,18,21,19,18,29,23,43,30,20,38,46,16,17,25,36,44,33,40,27,36,47,22,12,28,19,42,53,29,34,20,27,47,29,57,37,21,16,22,23,11,16,31,38,31,23,45,33,19,23,29,27,34,20,18,24,25,22,29,37,17,31,47,29,19,30,23,20,24,19,19,19,27,16,29,27,23,37,20,25,17,14,33,30,35,14,44,42,35,35,25,37,35,18,22,23,42,23,35,35,30,11,31,23,35,53,18,20,33,39,15,10,27,30
19,25,29,34,24,51,30,13,35,2,25,37,39,38,34,43,29,25,24,0,26,11,49,53,11,34,47,11,34,47,43,46,20,21,19,23,26,22,26,26,11,37,32,17,37,47,45,23,39,26,54,54,18,29,15,25,42,46,51,36,11,29,44,28,26,23,43,45,30,32,54,8,31,43,24,25,27,26,29,36,35,51,33,25,45,45,11,31,38,49,48,40,47,36,40,43,20,25,28,27,47,48,34,45,29,36,53,34,61,44,23,22,34,25,25,27,36,45,24,40,49,34,34,28,34,36,38,24,38,32,27,27,27,41,24,32,37,35,23,32,34,31,36,24,25,24,35,22,33,37,32,45,24,35,37,28,35,13,39,31,54,50,37,35,34,41,43,28,36,29,30,32,40,43,31,25,38,37,43,57,23,26,49,47,32,26,36,33
31,23,25,31,33,46,21,27,37,25,33,31,34,38,33,32,32,26,21,26,0,25,46,48,28,24,44,25,23,46,34,34,40,22,27,25,34,20,33,24,25,38,35,29,23,42,36,31,25,16,43,41,23,37,27,31,32,43,44,32,25,27,35,23,18,4,37,42,33,28,45,28,30,42,10,28,18,29,28,41,21,46,35,33,40,50,31,31,40,42,50,37,42,29,30,32,23,25,29,20,44,44,29,40,31,30,42,39,50,37,24,27,22,26,24,28,10,42,36,40,42,35,28,35,33,37,8,29,25,33,28,30,33,30,29,34,36,36,33,20,35,33,36,33,8,20,36,27,25,39,41,32,29,35,30,28,36,36,36,23,41,26,28,30,35,32,38,37,22,33,34,37,26,34,44,24,23,40,30,40,32,34,34,30,32,24,43,37
23,26,30,30,22,44,24,17,33,9,27,32,38,36,28,38,28,19,20,11,25,0,41,51,1,30,39,1,19,43,38,35,23,19,9,26,16,21,29,23,1,36,28,17,31,39,42,23,32,26,47,49,5,18,18,21,33,41,43,39,1,22,41,9,28,22,38,39,11,24,51,14,26,41,23,27,22,18,21,34,29,38,31,29,41,45,15,29,36,41,41,34,39,26,41,36,11,24,26,28,39,35,26,43,25,28,48,24,54,29,30,20,32,20,22,21,27,41,25,36,48,34,18,28,30,41,43,20,25,32,20,29,28,40,24,32,44,34,22,32,32,14,26,22,20,18,30,20,32,33,34,40,20,33,32,25,30,17,34,29,45,41,36,36,32,31,38,32,30,19,17,34,29,28,30,22,27,36,26,54,22,19,40,40,30,23,26,31
34,42,42,33,48,55,39,44,45,48,38,42,44,49,43,50,50,47,40,49,46,41,0,50,39,50,28,39,45,28,46,55,55,39,47,43,39,37,45,35,39,53,31,38,45,34,44,40,45,46,51,46,47,50,33,36,51,46,10,49,39,42,53,48,44,38,44,28,45,46,47,36,48,38,42,41,44,45,42,39,49,53,47,46,20,32,37,43,51,30,42,45,34,45,47,47,51,40,32,48,36,59,31,32,40,44,55,27,60,49,47,38,46,40,45,45,41,30,49,53,51,31,39,48,33,45,49,34,51,49,48,45,52,44,44,38,42,53,48,40,46,53,47,48,44,44,49,38,43,51,47,42,34,47,54,46,42,40,38,55,53,55,44,48,35,43,48,49,50,40,51,45,49,38,47,45,47,49,51,56,48,42,44,44,54,46,33,47
44,50,50,53,56,67,55,54,57,54,48,50,54,61,35,56,56,53,48,53,48,51,50,0,51,54,44,51,65,48,46,62,53,49,59,53,49,45,53,47,51,61,47,48,55,44,62,48,57,52,45,43,57,46,51,48,55,52,46,61,51,50,61,60,56,48,54,40,53,52,49,50,50,46,60,51,44,53,50,47,53,57,57,54,44,46,51,55,61,46,48,49,44,33,57,51,55,42,44,52,44,66,39,38,44,40,61,45,49,60,55,46,54,50,47,51,51,48,59,61,53,41,51,58,41,59,61,46,55,57,58,55,56,54,50,44,50,61,56,50,58,51,55,56,52,48,61,46,53,57,57,54,46,57,56,48,50,56,40,55,41,58,54,44,39,41,52,57,54,48,66,57,55,52,63,47,59,61,57,39,56,52,50,50,54,50,45,57
17,26,26,30,22,44,30,16,33,9,23,32,38,38,34,38,28,18,24,11,28,1,39,51,0,32,39,1,32,43,37,35,22,19,9,20,24,19,32,23,1,34,30,19,30,39,40,23,20,23,51,53,5,18,22,25,33,40,43,36,1,21,40,8,25,22,33,39,27,23,51,10,24,39,28,25,22,20,21,30,28,40,31,27,43,47,15,28,38,41,42,34,39,34,40,42,10,24,30,24,43,30,26,43,22,27,48,28,56,41,28,22,32,20,24,25,29,41,25,38,44,38,18,30,30,37,33,22,34,32,25,30,28,36,22,33,41,36,22,29,30,14,28,22,22,18,30,22,20,32,34,40,22,33,33,23,31,16,29,33,49,41,32,34,32,38,38,30,32,25,17,31,39,30,30,22,33,36,35,56,22,19,44,42,30,25,30,31
26,24,22,39,10,46,25,33,29,38,32,39,34,22,41,36,19,34,22,34,24,30,50,54,32,0,48,30,39,48,34,40,41,27,31,21,33,31,21,17,36,28,35,32,8,46,32,32,33,24,45,45,29,33,23,26,34,47,48,30,29,9,33,31,22,26,45,46,29,7,47,34,26,44,22,16,25,29,30,37,6,44,34,20,46,46,30,18,27,50,47,37,48,39,22,42,34,24,28,26,48,43,39,50,37,44,42,37,50,40,15,30,1,29,6,17,32,44,34,20,46,43,31,16,39,31,28,32,3,18,39,19,37,30,9,42,42,30,10,20,17,31,17,9,28,28,22,30,33,28,24,32,32,30,11,7,38,32,36,13,45,36,32,30,35,42,36,20,1,37,38,25,36,32,41,8,30,26,30,50,9,28,36,34,11,11,41,32
30,34,34,23,46,57,39,38,47,40,30,36,40,53,19,44,46,43,32,47,44,39,28,44,39,48,0,41,43,36,32,53,47,33,43,39,31,35,41,33,41,51,29,32,47,14,48,36,45,42,38,41,51,42,39,40,49,26,22,49,41,40,47,48,38,38,30,4,43,42,38,36,38,30,42,39,38,37,42,41,47,41,47,42,28,34,33,39,51,20,18,35,24,23,43,43,45,36,40,44,30,55,35,20,34,34,53,23,50,49,43,34,44,36,37,41,47,18,47,53,49,35,35,46,35,43,45,30,47,47,38,47,42,44,42,38,36,51,46,46,44,49,45,46,42,40,51,34,45,51,47,38,30,47,48,42,36,44,26,45,32,55,42,38,37,39,36,47,44,38,59,47,49,38,47,37,41,51,51,46,46,44,36,38,50,40,41,47
21,26,30,34,21,44,26,17,33,9,25,32,38,36,28,38,28,19,20,11,25,1,39,51,1,30,41,0,15,43,38,37,23,19,9,26,12,17,29,21,1,36,32,15,35,41,36,21,14,24,51,51,5,18,18,27,37,45,43,33,1,24,45,9,22,22,34,41,19,28,51,14,26,39,15,27,22,18,25,28,25,40,31,29,41,45,15,29,36,41,43,32,41,26,39,36,11,26,26,32,43,39,28,43,28,28,48,28,52,39,28,20,32,24,22,24,25,43,25,36,50,36,14,25,28,41,39,20,25,32,22,29,28,36,21,36,44,34,22,30,32,14,28,22,22,14,30,20,14,33,34,40,20,33,28,25,34,17,30,29,49,41,34,40,24,39,42,29,29,25,17,34,37,32,30,22,27,36,30,54,22,19,38,36,29,23,28,29
35,45,43,34,46,46,43,33,50,25,40,55,38,44,52,42,41,39,52,34,23,19,45,65,32,39,43,15,0,53,44,38,31,46,16,40,38,46,38,37,23,51,44,43,34,53,34,44,42,43,52,52,8,42,42,54,35,55,53,37,23,40,37,6,39,33,46,53,28,42,50,39,38,41,27,41,41,43,48,46,30,48,50,40,49,51,46,40,50,47,53,42,55,46,39,36,26,44,38,33,55,34,38,51,40,48,44,42,55,34,45,40,41,43,33,41,33,53,39,50,44,50,50,48,38,35,35,40,41,45,43,45,46,42,42,50,48,49,46,41,46,39,44,46,36,32,50,40,36,50,46,38,40,50,41,38,44,14,46,42,54,36,42,40,38,55,42,48,39,45,30,52,37,40,39,31,43,48,31,57,45,45,40,42,41,42,48,51
36,40,42,39,46,61,43,48,45,50,32,44,44,49,41,36,50,41,42,47,46,43,28,48,43,48,36,43,53,0,46,55,51,39,47,43,39,35,47,39,43,53,37,44,47,38,46,44,43,42,44,44,47,48,45,36,57,38,32,43,43,46,49,44,48,44,38,34,43,44,48,46,46,30,48,45,42,47,36,37,47,47,47,48,26,6,37,45,51,38,40,45,36,41,43,51,45,40,32,46,38,57,37,38,38,46,47,33,48,53,47,40,48,44,47,45,53,36,45,53,51,39,39,48,39,43,49,40,53,47,44,49,42,44,44,38,34,51,48,42,46,51,47,48,46,42,51,40,43,51,45,40,40,47,50,46,42,46,34,51,44,51,42,42,43,39,46,49,50,30,49,45,45,40,49,47,41,49,53,50,48,42,44,38,50,48,37,49
32,37,33,8,39,44,43,43,49,42,36,30,24,50,39,22,46,43,37,43,34,38,46,46,37,34,32,38,44,46,0,52,43,36,41,43,36,38,43,34,38,51,14,33,37,42,34,33,23,34,39,37,33,41,37,35,43,44,40,33,34,37,42,42,40,31,9,38,43,42,35,35,37,38,38,42,32,37,37,35,33,6,44,45,44,40,36,43,50,34,42,36,32,33,41,45,39,35,31,36,36,54,28,40,38,31,26,18,48,42,44,31,36,38,42,40,35,42,41,50,14,41,40,47,30,39,37,27,39,47,48,40,41,32,39,40,18,49,42,30,43,44,46,41,38,38,49,31,33,50,49,10,27,46,44,41,43,42,45,37,29,52,32,28,24,36,28,45,36,39,48,44,43,34,52,42,35,48,47,50,42,42,28,26,44,41,32,44
39,46,42,42,41,30,26,41,50,45,46,43,42,52,52,52,39,41,44,46,34,35,55,62,35,40,53,37,38,55,52,0,47,40,40,41,42,40,41,36,39,48,42,43,43,55,48,37,51,42,49,47,40,44,41,41,26,46,59,32,43,46,49,26,22,40,51,53,38,45,45,48,30,55,40,46,32,39,46,54,41,39,47,47,61,57,39,47,53,45,50,46,45,50,34,31,36,42,39,38,45,37,44,41,48,42,47,46,58,22,42,43,35,34,43,50,32,59,18,50,45,50,30,41,46,47,28,45,36,49,44,48,52,54,47,40,44,52,42,38,43,47,48,43,36,30,47,43,39,49,52,50,45,50,41,39,36,44,50,41,47,8,54,44,42,49,52,43,40,45,32,52,26,38,51,43,41,47,37,60,35,44,52,44,42,41,44,49
24,36,32,39,41,48,34,16,42,15,37,40,43,51,39,45,38,34,32,20,40,23,55,53,22,41,47,23,31,51,43,47,0,33,15,32,34,31,31,33,23,45,41,25,45,43,35,32,37,37,57,57,21,36,32,33,33,44,51,41,23,35,53,22,40,34,41,43,23,36,55,32,40,47,36,37,40,42,36,35,41,50,43,41,57,51,21,39,47,49,46,41,45,37,40,47,15,34,40,35,43,47,35,45,41,43,49,37,66,39,40,34,42,38,35,39,49,43,29,47,47,49,43,37,37,45,47,32,45,41,33,45,38,41,35,43,47,49,36,43,38,33,43,36,32,28,45,34,35,50,42,41,32,44,41,35,41,9,41,41,57,45,41,41,45,41,51,39,42,41,25,42,43,37,39,35,41,49,37,59,36,33,51,47,44,35,45,43
21,17,19,28,19,52,20,27,24,15,23,30,26,28,24,30,19,21,5,21,22,19,39,49,19,27,33,19,46,39,36,40,33,0,17,10,22,18,11,10,17,28,28,23,26,37,40,17,40,18,47,49,27,23,6,13,36,37,43,33,17,17,39,34,14,16,32,33,29,22,51,19,24,37,28,14,14,16,17,32,20,38,29,17,41,37,13,16,24,35,41,30,39,30,30,44,23,9,25,20,41,48,26,39,23,30,36,26,52,34,20,17,19,14,10,18,30,37,28,24,38,32,20,23,26,30,26,19,19,22,26,22,24,36,17,34,44,28,19,22,23,23,22,19,16,16,28,17,38,30,24,30,19,24,18,17,32,27,32,25,45,43,34,38,26,34,36,20,19,20,36,24,32,28,23,10,30,24,36,48,19,17,34,40,19,15,22,29
13,28,28,36,22,53,26,17,30,1,27,33,45,38,38,41,27,15,24,19,27,9,47,59,9,31,43,9,16,47,41,40,15,17,0,22,22,23,31,19,9,36,28,25,32,43,43,23,17,26,48,50,8,22,22,29,28,47,47,30,9,21,33,10,26,17,34,39,16,26,52,18,27,45,25,25,19,24,23,34,28,43,31,33,41,49,17,31,38,43,47,38,43,38,38,43,19,22,30,21,47,42,32,47,27,32,47,34,59,38,28,22,31,23,24,25,34,45,36,38,47,38,14,30,30,38,38,20,28,32,20,31,28,39,24,34,43,34,22,30,30,26,28,22,15,11,32,22,17,33,32,39,20,33,33,21,32,9,32,31,46,48,35,35,36,33,37,27,32,31,20,30,32,43,30,22,38,36,34,59,21,19,41,39,34,23,36,31
25,15,19,30,15,49,16,25,26,21,25,31,37,32,36,35,17,20,13,23,25,26,43,53,20,21,39,26,40,43,43,41,32,10,22,0,26,22,14,12,22,30,34,25,28,41,41,27,39,23,54,54,32,26,6,24,31,44,43,32,22,17,40,36,19,19,29,39,28,23,50,21,21,39,27,18,21,22,28,36,20,43,34,21,39,43,22,18,28,41,46,36,45,28,15,47,26,15,27,13,47,52,34,47,29,31,37,32,55,35,22,17,21,23,12,20,31,43,35,32,39,34,20,19,34,31,41,25,30,22,21,20,26,43,17,29,37,30,15,28,23,22,24,15,19,17,26,17,39,28,26,37,25,26,25,21,33,25,33,22,52,39,41,39,30,34,39,24,19,29,45,24,31,29,32,12,42,30,33,55,15,15,39,41,23,17,30,34
25,19,19,28,29,62,18,30,30,15,21,39,42,36,26,42,27,28,19,26,34,16,39,49,24,33,31,12,38,39,36,42,34,22,22,26,0,6,26,22,20,32,26,27,32,39,46,17,41,25,47,45,37,33,24,27,43,45,37,34,18,23,43,32,27,17,31,35,31,27,49,17,27,37,34,24,21,18,29,32,28,44,32,25,41,35,22,22,36,33,45,34,39,32,34,49,24,23,25,23,39,52,30,41,29,35,47,28,56,47,30,21,31,11,24,22,37,39,30,34,49,32,18,29,28,37,33,21,28,28,10,28,31,44,23,35,39,36,27,25,29,29,30,27,15,17,34,21,41,34,30,35,23,32,31,25,37,34,33,32,45,48,44,44,28,39,40,30,31,19,50,30,33,37,37,24,41,34,28,55,27,25,42,41,35,25,28,32
21,17,17,28,27,48,2,25,26,17,25,32,32,30,22,36,23,23,15,22,20,21,37,45,19,31,35,17,46,35,38,40,31,18,23,22,6,0,22,22,17,30,26,23,28,37,42,23,41,34,51,51,32,31,24,21,31,43,37,35,21,19,40,37,26,20,38,31,30,23,43,21,18,35,24,20,16,10,23,26,24,47,34,21,39,33,12,18,32,35,43,30,39,28,36,52,23,19,29,16,41,51,28,33,27,32,43,26,50,33,26,19,27,18,20,18,29,39,24,30,43,36,12,23,30,33,30,17,26,24,10,22,33,42,19,32,34,30,25,32,25,31,28,27,14,2,30,19,39,32,28,34,17,26,25,21,30,25,30,32,45,44,42,45,22,40,38,26,27,23,38,26,34,37,33,20,37,30,30,52,27,21,34,34,33,21,30,34
31,4,8,38,19,51,24,24,27,33,29,39,41,29,32,43,20,28,6,26,33,29,45,53,32,21,41,29,38,47,43,41,31,11,31,14,26,22,0,5,30,33,36,33,27,41,45,31,36,29,48,52,28,32,20,33,27,45,49,19,30,18,47,30,11,26,37,37,28,27,54,27,20,45,31,23,24,22,30,36,21,51,37,23,47,49,26,24,29,45,47,36,43,28,30,43,18,14,25,18,45,46,34,45,22,33,47,38,61,41,26,19,22,24,22,27,31,41,33,33,45,36,26,28,32,34,33,19,25,16,33,24,36,43,26,37,43,31,19,21,23,34,24,19,28,24,35,21,36,32,26,43,17,31,21,21,31,25,35,21,46,45,41,45,34,33,47,20,23,33,39,28,39,37,42,22,38,34,40,53,19,13,45,41,18,23,42,38
21,5,7,26,23,46,18,31,24,19,19,32,34,30,22,34,23,29,13,26,24,23,35,47,23,17,33,21,37,39,34,36,33,10,19,12,22,22,5,0,27,28,28,27,28,41,40,21,34,18,43,43,31,29,12,20,28,37,35,16,23,17,38,38,6,20,30,37,29,22,47,21,16,43,28,18,18,18,25,26,18,44,31,21,33,37,21,18,24,37,41,36,33,24,24,45,27,7,19,18,35,50,34,39,21,26,48,32,52,38,24,21,17,22,18,20,34,41,36,26,36,28,18,25,36,32,34,17,25,20,24,18,34,38,17,28,42,24,23,14,21,29,20,23,24,18,28,21,38,28,24,30,17,24,20,19,26,31,28,21,43,46,38,34,32,34,36,22,15,17,46,24,30,38,30,18,28,24,36,48,23,9,36,40,21,15,32,31
23,26,30,30,22,44,24,17,33,9,27,32,38,36,28,38,28,19,20,11,25,1,39,51,1,36,41,1,23,43,38,39,23,17,9,22,20,17,30,27,0,36,32,13,33,41,40,23,26,24,47,51,5,18,22,27,35,43,43,35,1,22,43,9,28,22,38,37,27,24,53,10,24,43,21,27,22,22,29,34,29,40,31,27,41,45,17,29,36,49,47,32,41,30,41,42,11,20,30,26,43,31,28,45,24,28,52,26,52,39,32,20,34,18,24,25,29,41,25,36,46,38,24,28,28,43,41,24,25,32,26,31,24,36,24,36,42,34,22,30,34,14,30,22,22,14,30,20,26,33,34,36,24,33,34,25,32,17,36,28,51,41,32,40,32,39,36,32,32,29,17,34,37,30,32,22,33,36,34,52,26,19,44,44,30,23,34,31
37,29,27,44,24,62,32,33,4,33,37,43,50,6,42,50,23,38,29,37,38,36,53,61,34,28,51,36,51,53,51,48,45,28,36,30,32,30,33,28,36,0,42,37,25,49,48,37,45,36,57,57,37,39,30,36,47,50,53,42,32,21,43,43,36,31,47,51,42,26,57,35,37,51,34,23,33,32,36,42,26,56,30,27,53,53,35,20,4,53,54,42,51,42,43,56,38,29,33,31,49,54,42,49,37,45,56,42,65,51,27,33,22,33,17,21,46,51,46,2,56,46,34,24,42,45,44,33,31,29,41,27,42,50,24,45,50,12,21,34,28,41,29,22,31,31,2,33,45,29,8,50,33,10,30,19,45,32,45,33,57,50,50,51,42,46,48,25,22,37,51,6,44,50,46,21,45,14,42,65,21,27,48,48,31,19,46,30
29,31,31,14,37,55,28,28,38,29,25,30,6,42,26,16,41,28,29,32,35,28,31,47,30,35,29,32,44,37,14,42,41,28,28,34,26,26,36,28,32,42,0,27,38,43,34,27,37,33,49,45,40,37,34,31,44,45,35,20,26,31,42,40,25,33,16,37,30,37,49,23,31,27,33,32,27,30,33,18,34,20,36,35,39,39,26,32,42,19,39,22,21,22,34,49,34,29,23,33,35,56,26,33,37,30,29,4,54,40,36,29,35,31,32,34,40,41,38,42,37,28,30,35,28,35,38,21,36,40,29,38,37,36,33,26,10,42,35,39,37,35,40,35,31,29,42,29,37,44,38,6,21,38,39,33,34,36,30,38,39,52,36,34,14,37,38,36,35,29,48,38,42,26,41,32,39,42,43,50,35,39,32,26,45,33,18,36
8,24,26,27,30,51,27,32,31,12,22,33,33,35,29,33,32,19,22,17,29,17,38,48,19,32,32,15,43,44,33,43,25,23,25,25,27,23,33,27,13,37,27,0,35,42,33,16,39,34,44,50,27,24,25,12,37,44,38,35,19,26,45,27,26,24,25,34,31,28,50,10,26,30,31,27,22,25,20,23,29,38,31,32,38,44,23,29,35,38,46,29,34,23,33,45,25,26,24,30,38,47,27,42,20,31,44,27,53,41,31,20,30,22,25,27,39,42,23,37,44,23,23,32,27,22,35,24,31,33,23,31,37,39,26,29,35,35,30,34,32,30,33,30,30,26,33,20,37,39,31,37,22,29,28,28,33,20,33,35,42,47,39,35,21,41,39,33,28,26,37,33,35,31,36,25,28,35,37,47,30,30,41,39,36,26,21,33
35,25,27,32,14,47,28,40,23,35,33,42,33,23,36,35,15,34,23,37,23,31,45,55,30,8,47,35,34,47,37,43,45,26,32,28,32,28,27,28,33,25,38,35,0,47,35,35,28,25,42,46,32,31,24,31,35,48,51,37,29,4,33,34,31,29,40,49,40,18,44,31,31,45,21,13,28,32,31,34,10,49,34,20,47,45,35,14,21,49,51,40,47,36,29,45,35,26,31,31,47,42,36,49,35,37,45,36,43,47,7,31,10,28,14,5,39,49,41,23,51,42,32,10,38,42,35,29,14,20,29,15,41,33,8,37,35,25,14,21,22,39,13,14,29,31,25,31,32,21,22,31,29,24,24,17,37,37,37,22,42,41,31,35,38,43,35,22,12,34,45,24,41,35,45,16,32,23,29,43,13,24,35,35,6,17,42,32
36,40,40,31,46,49,43,34,47,42,36,34,38,51,25,42,48,47,38,47,42,39,34,44,39,46,14,41,53,38,42,55,43,37,43,41,39,37,41,41,41,49,43,42,47,0,42,38,41,36,30,33,47,44,43,40,43,16,32,45,41,42,47,48,38,42,36,18,37,40,38,44,42,42,42,43,38,41,42,43,43,39,39,42,40,38,37,37,49,20,12,45,28,29,41,29,43,40,42,44,24,57,31,20,36,32,57,33,50,43,43,36,44,38,37,41,53,8,45,51,51,37,37,48,31,37,45,34,45,45,46,45,40,40,42,44,40,49,48,40,48,45,43,48,44,44,49,36,41,49,43,42,34,45,48,40,36,38,30,51,32,51,38,34,43,35,32,45,44,42,49,45,47,34,47,37,37,49,49,48,48,46,32,44,50,38,43,41
39,48,46,42,43,46,43,46,47,44,40,32,28,42,34,32,46,45,41,45,36,42,44,62,40,32,48,36,34,46,34,48,35,40,43,41,46,42,45,40,40,48,34,33,35,42,0,39,37,36,43,47,35,43,43,41,37,48,48,35,40,41,32,38,30,40,51,48,39,38,41,43,46,46,32,44,38,49,43,42,33,40,44,47,46,46,40,45,44,46,44,26,44,34,43,36,45,41,41,44,48,40,32,46,45,44,36,38,48,44,42,35,32,38,41,40,37,44,41,50,46,46,50,45,30,37,37,39,33,47,42,44,43,18,43,40,34,48,43,36,45,42,42,43,44,36,48,37,35,48,49,24,39,44,46,34,40,44,32,33,45,50,22,28,38,36,32,49,32,41,46,47,39,30,46,39,37,50,23,50,42,50,32,34,46,36,42,44
14,24,24,29,28,53,27,30,33,28,24,29,31,37,25,31,30,21,22,23,31,23,40,48,23,32,36,21,44,44,33,37,32,17,23,27,17,23,31,21,23,37,27,16,35,38,39,0,37,30,50,50,31,28,23,18,33,44,38,35,17,26,36,33,28,22,31,32,35,28,46,22,30,36,37,23,24,23,18,31,29,33,33,28,40,34,15,25,37,36,40,31,40,31,37,47,27,20,30,28,44,48,25,42,32,31,39,33,49,46,27,18,30,16,23,27,41,36,39,37,44,31,21,32,27,28,33,24,23,29,23,29,26,35,26,31,37,37,28,30,32,28,31,28,28,28,37,18,37,37,33,31,24,33,30,26,31,28,33,37,48,47,35,44,29,40,35,29,28,22,39,33,37,33,28,23,28,37,37,53,28,30,39,33,34,24,19,33
39,32,36,37,42,47,42,35,40,34,38,34,29,43,39,33,35,40,31,39,25,32,45,57,20,33,45,14,42,43,23,51,37,40,17,39,41,41,36,34,26,45,37,39,28,41,37,37,0,31,48,48,25,23,41,26,45,49,47,37,24,28,40,21,29,25,38,49,24,33,50,37,41,35,25,35,33,34,41,43,26,47,41,32,41,45,32,30,45,45,47,39,49,37,38,41,35,36,37,31,41,47,39,51,34,31,47,39,51,45,39,28,31,33,29,37,35,49,45,43,49,40,41,40,43,28,31,38,34,40,41,39,32,29,30,37,35,43,40,21,36,36,39,40,29,31,43,28,4,45,41,29,38,41,37,25,41,31,33,34,48,45,27,33,45,40,37,38,31,28,29,44,41,29,44,29,24,44,27,49,39,35,35,29,39,29,36,39
32,21,21,37,31,46,29,27,33,24,24,33,40,36,37,36,30,25,17,26,16,26,46,52,23,24,42,24,43,42,34,42,37,18,26,23,25,34,29,18,24,36,33,34,25,36,36,30,31,0,41,45,25,29,29,30,26,44,44,18,32,21,39,27,12,22,33,42,27,26,43,20,20,48,24,22,24,29,29,35,17,44,36,29,44,44,29,25,34,48,40,37,42,29,18,40,35,23,25,22,38,43,37,46,24,38,52,33,42,34,28,29,22,23,28,24,34,42,26,36,42,37,29,31,37,24,40,21,21,27,34,24,40,30,25,34,38,32,32,8,31,32,32,33,26,24,36,29,33,37,37,36,21,32,32,28,30,29,28,27,41,42,28,32,37,34,28,31,24,30,34,35,28,32,40,28,19,34,28,44,32,28,32,32,26,30,41,31
40,44,46,45,54,53,54,57,56,49,44,45,33,57,35,47,53,48,46,54,43,47,51,45,51,45,38,51,52,44,39,49,57,47,48,54,47,51,48,43,47,57,49,44,42,30,43,50,48,41,0,18,40,54,48,50,42,35,44,42,49,50,62,53,37,51,54,38,42,47,24,48,45,42,43,51,47,48,52,45,48,38,49,50,51,42,49,48,57,38,39,49,30,39,50,26,54,46,46,51,22,51,47,36,48,52,50,47,33,45,51,46,45,43,49,49,46,32,44,57,50,49,49,54,47,40,54,46,46,54,53,51,52,33,52,36,43,55,53,43,54,51,57,54,47,45,55,46,46,52,52,39,46,53,51,50,40,49,46,44,10,47,33,27,45,40,29,52,45,50,53,54,50,43,57,49,40,57,54,33,53,51,33,29,53,50,45,53
44,44,46,41,54,55,54,56,54,51,44,49,41,57,37,43,55,58,50,54,41,49,46,43,53,45,41,51,52,44,37,47,57,49,50,54,45,51,52,43,51,57,45,50,46,33,47,50,48,45,18,0,48,52,48,46,52,35,46,48,49,50,58,53,35,45,48,42,40,45,28,48,47,46,43,53,47,54,50,43,38,38,49,54,50,42,49,52,59,20,35,35,28,37,54,40,56,48,46,51,20,53,47,16,48,50,46,49,39,49,53,42,39,53,47,53,44,24,42,57,42,43,55,56,47,42,40,46,40,56,55,53,54,37,52,40,41,59,51,43,54,51,59,52,51,51,57,42,48,56,54,39,46,53,51,46,44,53,42,44,20,51,35,29,45,43,31,56,39,48,53,58,46,43,57,47,44,57,50,33,51,47,35,37,55,50,45,53
29,37,37,36,38,45,38,16,36,17,35,34,31,41,36,33,39,30,35,18,23,5,47,57,5,29,51,5,8,47,33,40,21,27,8,32,37,32,28,31,5,37,40,27,32,47,35,31,25,25,40,48,0,28,36,39,28,46,47,32,5,36,36,2,21,25,36,45,20,31,50,24,29,41,19,31,27,38,35,36,28,43,35,30,47,45,31,28,41,43,44,38,45,36,32,41,10,30,36,30,45,38,28,49,34,35,41,34,49,40,33,24,29,35,27,35,22,43,36,39,43,36,41,42,32,34,36,28,30,38,25,33,36,31,28,37,33,41,38,25,36,30,41,38,27,19,37,24,9,45,42,35,28,39,33,27,33,15,39,32,46,40,27,31,28,36,33,32,29,45,16,42,34,29,45,27,24,41,25,47,37,33,37,35,39,27,38,37
24,28,30,29,26,57,32,31,37,18,28,33,41,40,33,37,28,26,22,29,37,18,50,46,18,33,42,18,42,48,41,44,36,23,22,26,33,31,32,29,18,39,37,24,31,44,43,28,23,29,54,52,28,0,26,28,42,46,50,36,11,24,46,31,35,32,37,46,36,23,56,19,33,40,38,28,31,27,20,33,33,45,35,32,46,44,22,26,43,50,50,37,42,33,42,43,32,29,28,30,48,50,35,50,30,37,53,31,57,46,34,26,26,29,29,31,36,48,35,43,47,41,28,26,37,36,33,28,29,34,33,34,20,41,23,35,43,40,27,32,30,2,34,26,28,30,40,26,26,45,36,43,28,35,33,25,33,26,35,35,48,42,39,39,27,42,45,32,26,34,33,38,43,41,26,27,34,40,37,57,28,36,45,47,36,27,33,35
23,21,21,28,21,59,14,29,26,17,27,27,37,30,28,43,19,22,11,15,27,18,33,51,22,23,39,18,42,45,37,41,32,6,22,6,24,24,20,12,22,30,34,25,24,43,43,23,41,29,48,48,36,26,0,24,35,42,37,33,18,19,42,41,19,15,33,39,36,19,52,19,19,39,27,20,17,14,24,32,24,43,34,23,39,43,18,20,30,41,44,36,37,28,28,49,26,13,25,19,41,50,36,43,31,31,51,30,53,39,22,15,25,13,12,18,37,43,39,30,43,26,18,23,36,31,35,19,20,22,25,22,22,43,21,29,43,30,19,25,23,24,26,19,17,19,30,15,39,30,26,41,19,26,15,17,25,19,29,28,46,45,39,37,30,36,39,24,25,26,43,26,39,37,33,12,39,30,39,53,19,13,39,39,27,19,30,34
12,27,25,31,28,55,25,29,33,28,22,35,29,37,29,37,28,27,18,25,31,21,36,48,25,26,40,27,54,36,35,41,33,13,29,24,27,21,33,20,27,36,31,12,31,40,41,18,26,30,50,46,39,28,24,0,31,48,40,35,23,24,38,39,26,26,36,36,33,26,52,9,32,40,37,23,22,27,10,27,33,39,32,28,36,36,7,27,36,42,38,35,40,25,31,45,26,21,26,30,46,51,27,44,20,31,44,29,55,41,29,23,27,22,25,27,39,44,31,39,46,27,23,26,29,30,37,25,26,31,29,31,18,39,26,33,39,36,28,33,30,26,29,30,28,28,38,23,24,37,33,38,25,33,29,26,37,28,31,39,44,53,37,41,31,35,37,29,29,10,41,33,33,37,20,25,33,36,39,57,28,27,39,41,32,28,31,32
33,29,31,36,39,38,37,31,40,37,35,41,37,46,44,29,39,34,37,42,32,33,51,55,33,34,49,37,35,57,43,26,33,36,28,31,43,31,27,28,35,47,44,37,35,43,37,33,45,26,42,52,28,42,35,31,0,47,49,16,39,42,40,32,24,26,43,47,26,41,46,34,28,47,22,42,32,29,41,48,37,46,41,41,51,49,35,33,47,55,41,46,55,46,18,34,32,33,39,36,47,37,36,55,39,46,46,46,49,45,40,35,35,24,43,42,24,51,8,47,46,38,34,39,38,33,24,33,36,43,42,42,41,43,41,42,31,44,32,26,39,38,40,41,29,34,43,35,33,44,44,39,33,43,37,36,42,32,42,37,42,28,43,33,42,39,35,41,34,43,24,44,18,43,39,43,47,43,22,51,31,34,31,45,32,40,46,41
44,42,42,41,46,42,42,40,51,45,40,36,38,54,35,44,48,44,44,46,43,41,46,52,40,47,26,45,55,38,44,46,44,37,47,44,45,43,45,37,43,50,45,44,48,16,48,44,49,44,35,35,46,46,42,48,47,0,30,51,45,45,51,46,37,40,43,24,46,38,39,46,38,44,49,43,42,44,46,47,42,33,51,50,44,42,45,45,54,40,4,39,36,31,47,37,49,42,44,44,34,57,39,38,44,37,53,33,46,52,47,42,49,40,37,43,41,20,39,54,49,41,45,46,41,51,37,38,46,49,37,49,52,44,48,39,44,52,46,46,44,53,46,46,42,42,52,42,49,49,49,39,38,51,52,49,29,40,33,53,37,46,42,42,39,31,36,49,47,36,46,49,39,37,53,39,44,54,41,42,46,39,38,36,49,45,37,51
32,42,40,37,48,53,41,44,45,48,34,44,42,49,39,50,50,47,42,51,44,43,10,46,43,48,22,43,53,32,40,59,51,43,47,43,37,37,49,35,43,53,35,38,51,32,48,38,47,44,44,46,47,50,37,40,49,30,0,47,49,42,53,46,46,38,40,28,47,46,48,42,42,30,48,45,40,43,44,41,49,47,47,46,18,28,39,43,51,32,40,41,30,43,51,59,51,40,36,42,38,61,35,34,40,42,51,33,53,53,47,44,46,38,45,45,49,30,49,53,53,27,45,48,37,47,53,38,49,47,44,45,52,44,42,44,40,53,48,44,46,51,47,48,46,44,49,44,45,51,47,46,38,47,48,44,38,48,36,53,48,55,44,42,35,39,42,47,50,40,57,45,51,44,49,45,49,49,49,50,48,42,38,44,50,46,37,47
33,26,26,40,35,40,38,32,40,37,33,40,35,43,44,35,27,30,30,36,32,39,49,61,36,30,49,33,37,43,33,32,41,33,30,32,34,35,19,16,35,42,20,35,37,45,35,35,37,18,42,48,32,36,33,35,16,51,47,0,33,32,38,23,16,28,34,49,26,36,44,32,24,45,32,30,24,31,40,34,31,44,41,29,47,43,35,35,43,45,45,38,49,38,4,28,38,26,31,31,49,35,36,47,35,45,36,36,51,22,36,35,29,26,36,34,26,49,26,43,28,48,28,37,36,30,30,29,32,35,31,32,37,27,33,41,47,42,34,14,33,37,30,35,35,34,41,35,38,41,40,27,29,42,31,35,41,41,37,27,44,28,29,45,32,51,41,33,30,31,36,42,24,37,43,36,26,41,24,45,33,18,41,29,26,35,40,39
21,26,30,34,22,46,26,17,33,9,25,32,38,36,28,38,28,19,20,11,25,1,39,51,1,29,41,1,23,43,34,43,23,17,9,22,18,21,30,23,1,32,26,19,29,41,40,17,24,32,49,49,5,11,18,23,39,45,49,33,0,28,45,9,26,22,34,39,19,28,49,14,26,39,15,26,20,18,23,28,29,40,31,27,43,43,15,29,36,41,43,34,39,30,37,40,11,24,26,28,37,31,26,43,31,28,48,28,56,31,30,20,30,20,22,21,31,41,25,36,48,34,18,30,30,39,41,20,29,32,28,29,27,36,21,34,44,34,21,30,27,13,28,21,22,20,30,20,22,33,34,38,20,33,28,25,30,17,30,29,45,41,32,34,24,37,38,29,30,19,17,34,37,34,29,22,27,36,30,56,22,19,44,36,30,23,26,31
26,18,16,31,10,50,21,31,20,28,28,28,35,22,35,37,9,27,16,29,27,22,42,50,21,9,40,24,40,46,37,46,35,17,21,17,23,19,18,17,22,21,31,26,4,42,41,26,28,21,50,50,36,24,19,24,42,45,42,32,28,0,43,28,27,18,34,42,34,16,48,22,22,42,31,9,20,23,24,31,12,46,27,8,46,44,22,15,23,42,47,35,42,33,28,42,25,18,26,20,44,44,35,44,29,36,48,33,51,44,11,22,13,20,5,7,33,44,34,22,46,37,21,6,35,34,32,24,11,9,28,5,30,39,2,30,41,23,10,25,10,28,11,10,20,18,20,22,32,19,22,39,24,21,14,10,32,33,32,13,46,44,37,39,31,40,41,9,9,24,42,18,40,37,30,5,31,23,39,51,9,15,41,41,14,4,33,26
45,38,37,44,40,47,42,41,46,43,41,43,40,44,42,40,41,43,42,44,35,41,53,61,40,33,47,45,37,49,42,49,53,39,33,40,43,40,47,38,43,43,42,45,33,47,32,36,40,39,62,58,36,46,42,38,40,51,53,38,45,43,0,35,31,41,44,51,37,37,48,41,44,53,31,41,42,45,40,38,28,49,45,41,57,57,37,39,49,57,59,45,51,42,44,51,47,41,39,41,51,52,53,57,42,46,51,44,57,49,40,37,33,42,33,40,41,51,35,48,51,52,48,48,53,38,41,38,35,47,46,39,52,50,40,42,44,47,39,30,42,49,44,40,41,38,47,37,29,51,43,40,38,46,42,39,45,38,47,34,52,31,50,44,38,51,42,43,33,45,39,39,36,36,52,33,38,48,27,61,39,45,46,36,37,35,50,45
27,37,41,42,40,38,33,11,43,27,35,37,36,45,46,34,31,24,37,28,23,9,48,60,8,31,48,9,6,44,42,26,22,34,10,36,32,37,30,38,9,43,40,27,34,48,38,33,21,27,53,53,2,31,41,39,32,46,46,23,9,28,35,0,23,29,36,50,18,29,53,26,29,46,29,37,32,43,39,40,30,45,35,32,46,54,33,30,47,48,46,40,54,42,33,43,12,36,34,27,52,36,44,44,39,34,43,38,56,30,35,32,31,37,26,33,30,52,28,43,43,45,37,44,44,37,40,32,32,41,32,39,39,38,30,42,40,43,32,31,36,29,45,32,30,22,41,32,31,43,40,38,32,40,36,33,34,21,34,34,51,38,34,34,42,47,42,34,31,45,14,40,34,32,46,26,33,41,21,54,39,31,42,38,33,37,37,41
26,11,11,31,27,42,29,35,33,26,26,35,28,36,33,20,32,25,19,26,18,28,44,56,25,22,38,22,39,48,40,22,40,14,26,19,27,26,11,6,28,36,25,26,31,38,30,28,29,12,37,35,21,35,19,26,24,37,46,16,26,27,31,23,0,24,31,38,15,30,39,30,14,46,20,28,18,23,27,31,29,40,36,31,46,42,25,29,36,48,42,39,46,31,27,40,34,11,25,22,48,48,35,52,27,34,34,35,40,28,28,23,26,23,27,28,24,40,20,34,34,33,21,33,35,24,30,25,25,25,22,24,41,28,29,32,34,36,27,12,29,34,22,27,26,26,34,23,23,35,31,22,25,34,20,22,38,37,40,19,39,32,28,24,35,34,30,31,22,34,38,33,28,36,38,27,33,36,28,44,26,16,28,30,20,26,39,37
22,17,17,29,19,49,17,26,29,16,20,28,36,33,29,40,24,32,19,23,4,22,38,48,22,26,38,22,33,44,31,40,34,16,17,19,17,20,26,20,22,31,33,24,29,42,40,22,25,22,51,45,25,32,15,26,26,40,38,28,22,18,41,29,24,0,25,38,27,29,49,20,12,40,14,22,6,25,29,29,23,49,25,28,42,40,24,26,35,34,42,35,38,31,32,45,18,21,27,14,36,50,27,36,24,29,46,29,54,41,27,17,26,18,20,20,10,40,22,33,48,35,23,27,27,33,16,23,29,28,21,27,30,36,21,31,40,31,19,18,25,30,27,19,8,12,31,17,25,33,31,38,23,28,28,22,31,28,27,29,45,30,34,40,31,35,42,22,27,24,36,29,26,34,36,20,23,31,35,54,18,14,42,34,25,20,31,29
27,33,31,2,33,57,23,30,42,42,27,35,21,47,28,19,35,29,33,43,37,38,44,54,33,45,30,34,46,38,9,51,41,32,34,29,31,38,37,30,38,47,16,25,40,36,51,31,38,33,54,48,36,37,33,36,43,43,40,34,34,34,44,36,31,25,0,34,38,42,42,31,31,44,37,32,33,27,38,20,40,15,40,40,34,44,34,39,45,30,41,32,30,30,36,41,37,31,27,29,42,50,32,44,33,28,15,14,57,41,41,27,39,33,40,40,38,40,42,47,23,35,31,35,32,34,41,27,40,37,30,37,28,44,39,24,17,47,33,35,39,28,39,33,31,37,47,27,42,45,40,18,27,42,40,41,32,42,30,40,42,53,44,39,24,36,42,41,37,35,38,41,45,36,32,40,42,45,45,59,33,34,44,35,39,39,27,42
32,34,34,23,46,57,39,40,47,40,28,38,40,53,23,44,46,43,32,45,42,39,28,40,39,46,4,41,53,34,38,53,43,33,39,39,35,31,37,37,37,51,37,34,49,18,48,32,49,42,38,42,45,46,39,36,47,24,28,49,39,42,51,50,38,38,34,0,41,42,48,36,40,32,44,41,38,37,42,43,47,45,47,44,32,34,33,41,51,22,22,35,20,25,43,39,45,36,40,44,28,57,37,32,34,36,47,21,48,45,45,34,44,38,37,41,47,18,43,53,47,33,37,46,37,43,51,30,47,47,42,47,42,46,42,36,36,51,46,46,46,49,47,46,44,42,51,34,47,51,47,38,30,47,48,42,32,42,30,45,30,59,46,36,37,37,32,47,44,38,53,47,49,38,45,37,41,51,49,48,46,44,40,36,50,40,41,47
31,30,30,38,36,45,35,28,38,19,37,38,35,43,32,35,33,22,28,30,33,11,45,53,27,29,43,19,28,43,43,38,23,29,16,28,31,30,28,29,27,42,30,31,40,37,39,35,24,27,42,40,20,36,36,33,26,46,47,26,19,34,37,18,15,27,38,41,0,33,46,18,25,43,39,31,27,30,31,30,32,45,39,38,43,45,32,38,43,45,42,34,49,30,28,37,22,26,30,32,47,24,36,45,33,35,39,32,45,20,33,24,29,27,29,33,30,47,22,43,35,40,33,38,38,25,30,28,34,36,21,33,42,35,34,39,33,43,34,23,36,30,39,34,32,38,43,24,22,42,38,33,28,39,29,31,37,32,35,26,38,46,33,31,26,32,31,36,29,35,44,38,26,33,44,29,16,41,31,49,35,25,29,25,33,31,38,39
30,22,21,39,15,50,25,30,23,30,28,33,38,28,33,40,21,23,17,32,28,24,46,52,23,7,42,28,42,44,42,45,36,22,26,23,27,23,27,22,24,26,37,28,18,40,38,28,33,26,47,45,31,23,19,26,41,38,46,36,28,16,37,29,30,29,42,42,33,0,51,20,29,42,26,20,23,23,23,41,14,48,29,23,46,42,24,18,22,48,38,37,50,35,26,40,29,23,28,23,48,46,35,48,34,40,48,41,54,41,17,20,8,23,7,18,36,42,34,22,52,43,27,19,33,30,30,20,15,26,30,23,33,34,19,36,50,22,15,26,19,25,24,15,23,27,24,20,32,28,21,38,20,25,9,8,36,30,40,13,49,41,34,36,31,38,36,20,9,32,47,21,34,36,35,7,38,24,34,56,15,22,36,42,13,4,39,31
42,50,50,37,52,61,46,53,56,55,46,37,39,57,43,27,53,56,44,54,45,51,47,49,51,47,38,51,50,48,35,45,55,51,52,50,49,43,54,47,53,57,49,50,44,38,41,46,50,43,24,28,50,56,52,52,46,39,48,44,49,48,48,53,39,49,42,48,46,51,0,50,51,40,43,49,51,50,52,43,48,32,51,52,48,50,47,50,57,46,33,51,46,41,56,44,54,52,48,51,38,53,45,30,48,44,50,45,33,53,51,46,45,47,47,51,48,38,50,59,42,45,51,56,45,48,50,48,46,54,55,51,52,35,52,44,41,59,51,37,54,51,57,52,51,47,59,46,48,52,52,41,48,53,51,48,38,53,32,52,26,37,37,33,45,42,25,58,45,52,55,56,44,35,55,47,46,57,50,37,51,53,23,31,53,50,45,51
10,20,22,29,26,49,23,24,31,2,18,35,25,35,31,31,30,14,18,8,28,14,36,50,10,34,36,14,39,46,35,48,32,19,18,21,17,21,27,21,10,35,23,10,31,44,43,22,37,20,48,48,24,19,19,9,34,46,42,32,14,22,41,26,30,20,31,36,18,20,50,0,26,36,32,23,18,13,19,29,27,35,29,24,32,42,19,21,33,40,46,31,34,27,34,50,22,22,24,24,40,41,33,42,24,27,31,29,53,38,27,16,32,18,21,23,34,44,20,35,35,27,7,30,33,36,36,18,23,27,27,31,27,39,24,37,41,33,26,26,28,23,29,26,20,8,33,16,34,37,31,31,18,29,26,24,33,20,33,35,46,49,37,37,23,36,37,29,30,28,40,31,36,33,32,21,32,35,27,51,26,26,41,37,32,22,25,29
22,15,17,37,23,53,19,36,29,26,22,26,34,37,33,38,24,24,25,31,30,26,48,50,24,26,38,26,38,46,37,30,40,24,27,21,27,18,20,16,24,37,31,26,31,42,46,30,41,20,45,47,29,33,19,32,28,38,42,24,26,22,44,29,14,12,31,40,25,29,51,26,0,46,26,20,12,17,24,35,25,45,29,28,44,44,28,25,33,44,38,39,42,35,24,49,24,15,27,10,42,50,37,46,28,31,41,37,46,35,27,25,28,14,23,22,27,44,18,35,43,35,17,29,37,27,27,19,29,30,25,27,41,38,21,29,47,35,23,26,27,30,29,23,12,16,35,25,41,35,29,36,19,30,28,28,27,34,27,25,45,43,38,38,35,37,28,26,28,26,37,31,30,30,40,23,33,31,37,50,18,16,32,38,29,22,35,31
30,34,34,25,46,55,43,42,47,46,34,38,32,51,33,34,44,41,30,43,42,41,38,46,39,44,30,39,41,30,38,55,47,37,45,39,37,35,45,43,43,51,27,30,45,42,46,36,35,48,42,46,41,40,39,40,47,44,30,45,39,42,53,46,46,40,44,32,43,42,40,36,46,0,44,43,40,41,42,19,41,47,47,44,34,34,35,43,51,32,40,35,28,33,51,53,45,38,30,40,38,51,37,36,40,34,49,29,47,53,45,36,44,36,33,43,43,38,49,51,55,37,33,48,39,39,39,38,41,47,40,43,44,42,42,36,42,51,46,40,44,45,47,44,38,40,51,36,45,51,47,36,38,47,42,34,42,40,38,51,44,57,42,48,13,47,44,45,44,42,51,47,43,26,43,33,47,51,53,43,44,42,46,42,50,38,33,47
29,27,29,33,29,42,15,31,39,31,37,33,36,40,37,34,30,30,25,24,10,23,42,60,28,22,42,15,27,48,38,40,36,28,25,27,34,24,31,28,21,34,33,31,21,42,32,37,25,24,43,43,19,38,27,37,22,49,48,32,15,31,31,29,20,14,37,44,39,26,43,32,26,44,0,32,30,29,34,41,17,38,35,33,42,46,31,31,38,44,46,39,48,37,38,44,23,27,31,20,46,40,39,44,35,32,46,41,42,34,28,27,20,24,26,26,28,48,34,40,52,43,32,31,41,37,26,27,25,35,26,30,41,32,31,32,34,38,29,16,31,39,38,33,16,4,38,27,25,42,39,28,27,31,32,24,30,26,34,25,41,24,32,28,39,38,26,35,20,31,32,37,18,40,46,26,27,38,10,42,28,32,26,28,34,24,39,35
27,16,20,34,3,54,18,33,20,25,29,28,42,25,30,40,9,25,18,25,28,27,41,51,25,16,39,27,41,45,42,46,37,14,25,18,24,20,23,18,27,23,32,27,13,43,44,23,35,22,51,53,31,28,20,23,42,43,45,30,26,9,41,37,28,22,32,41,31,20,49,23,20,43,32,0,20,22,23,34,15,44,29,5,43,41,21,7,23,41,47,34,41,36,30,46,27,17,27,24,41,51,34,41,27,30,44,32,54,42,9,21,17,22,16,7,32,43,36,25,48,38,22,3,34,37,38,21,22,3,28,3,32,44,8,32,44,25,7,26,4,26,5,2,22,20,22,21,35,21,21,36,21,22,17,16,34,31,34,17,51,44,44,40,34,40,40,9,17,25,48,19,38,36,36,16,33,23,38,56,7,20,40,42,13,14,36,29
22,15,21,29,23,52,13,32,27,24,24,28,30,31,29,38,24,14,21,27,18,22,44,44,22,25,38,22,41,42,32,32,40,14,19,21,21,16,24,18,22,33,27,22,28,38,38,24,33,24,47,47,27,31,17,22,32,42,40,24,20,20,42,32,18,6,33,38,27,23,51,18,12,40,30,20,0,13,23,31,23,45,29,28,40,46,20,22,35,40,44,31,36,27,20,47,20,15,21,14,40,46,21,44,24,29,44,29,50,45,27,17,26,6,24,24,25,42,36,31,43,35,15,27,23,31,31,19,29,22,25,27,35,38,23,25,34,33,18,26,25,36,31,23,18,12,33,17,35,33,29,24,19,30,28,20,25,28,27,28,47,39,38,36,23,33,34,28,27,20,41,29,31,28,38,24,31,33,37,50,24,22,40,36,27,20,29,33
25,21,19,32,21,57,16,29,30,17,31,27,29,30,32,35,21,26,19,26,29,18,45,53,20,29,37,18,43,47,37,39,42,16,24,22,18,10,22,18,22,32,30,25,32,41,49,23,34,29,48,54,38,27,14,27,29,44,43,31,18,23,45,43,23,25,27,37,30,23,50,13,17,41,29,22,13,0,29,34,32,29,34,23,43,47,14,18,30,43,42,34,39,32,29,50,22,23,17,13,43,47,30,45,31,25,41,36,59,36,26,19,29,5,20,20,25,43,17,30,45,36,2,27,32,34,30,19,30,24,23,26,29,49,23,27,43,32,21,25,23,29,28,21,19,3,32,19,41,28,28,37,19,30,27,21,31,27,29,34,50,37,47,35,28,36,41,24,29,29,34,30,33,31,40,20,36,32,33,57,21,21,35,43,31,21,36,32
20,27,28,35,28,57,29,25,33,20,24,37,35,37,31,41,32,19,18,29,28,21,42,50,21,30,42,25,48,36,37,46,36,17,23,28,29,23,30,25,29,36,33,20,31,42,43,18,41,29,52,50,35,20,24,10,41,46,44,40,23,24,40,39,27,29,38,42,31,23,52,19,24,42,34,23,23,29,0,37,31,45,33,30,40,46,16,25,37,44,52,37,44,35,36,47,28,28,28,31,50,48,35,50,26,32,50,33,55,36,29,19,24,28,23,27,38,46,23,37,50,37,21,28,37,35,36,22,27,30,31,31,12,41,24,35,37,37,28,31,30,20,30,28,32,28,37,19,38,39,33,43,22,31,27,24,37,32,35,32,48,53,39,45,31,34,43,29,24,22,42,33,43,37,10,23,34,37,41,53,28,33,41,43,30,24,23,31
23,25,25,20,39,44,34,38,38,37,29,28,30,44,24,34,37,36,29,36,41,34,39,47,30,37,41,28,46,37,35,54,35,32,34,36,32,26,36,26,34,42,18,23,34,43,42,31,43,35,45,43,36,33,32,27,48,47,41,34,28,31,38,40,31,29,20,43,30,41,43,29,35,19,41,34,31,34,37,0,36,53,36,37,35,45,32,38,42,29,43,36,37,16,36,38,38,27,19,33,37,46,32,29,31,30,41,24,52,46,40,27,41,31,34,32,44,41,38,44,43,24,36,39,34,41,42,29,40,38,25,36,37,40,33,34,37,44,39,29,39,39,38,39,39,33,44,27,35,42,38,28,29,38,41,33,26,36,24,40,41,48,40,34,14,32,32,38,39,33,50,38,46,28,35,34,37,42,43,46,39,33,36,10,39,31,30,36
29,19,17,38,14,45,28,32,27,27,31,42,37,23,38,31,19,30,23,35,21,29,49,53,28,6,47,25,30,47,33,41,41,20,28,20,28,24,21,18,29,26,34,29,10,43,33,29,26,17,48,38,28,33,24,33,37,42,49,31,29,12,28,30,29,23,40,47,32,14,48,27,25,41,17,15,23,32,31,36,0,43,32,14,47,51,27,12,26,49,47,38,47,38,25,39,35,27,31,29,47,46,36,47,32,39,45,40,45,41,13,23,10,26,18,15,31,45,35,26,49,42,32,16,36,36,29,31,8,16,29,15,39,31,14,37,39,26,14,15,10,33,13,14,27,27,25,21,26,22,24,31,31,24,20,17,37,33,37,12,42,35,31,27,36,39,29,16,6,38,41,23,39,37,39,18,33,24,31,43,13,27,29,31,8,9,38,32
40,52,47,33,43,36,36,50,54,46,45,37,18,57,43,28,47,39,43,51,46,38,53,57,40,44,41,40,48,47,6,39,50,38,43,43,44,47,51,44,40,56,20,38,49,39,40,33,47,44,38,38,43,45,43,39,46,33,47,44,40,46,49,45,40,49,15,45,45,48,32,35,45,47,38,44,45,29,45,53,43,0,56,45,47,45,40,51,56,47,41,46,41,45,42,30,53,43,51,50,45,40,40,51,55,41,18,37,51,49,46,43,43,38,48,46,40,43,40,56,4,50,46,45,42,39,44,45,54,47,46,44,49,46,47,49,32,56,42,44,51,52,50,43,45,47,56,43,45,58,56,38,45,52,51,47,45,47,41,41,30,43,44,39,45,50,42,49,46,37,51,53,32,38,44,48,45,54,42,41,41,42,32,45,38,49,45,56
33,34,29,38,34,61,34,38,28,31,33,40,44,32,38,46,33,31,30,33,35,31,47,57,31,34,47,31,50,47,44,47,43,29,31,34,32,34,37,31,31,30,36,31,34,39,44,33,41,36,49,49,35,35,34,32,41,51,47,41,31,27,45,35,36,25,40,47,39,29,51,29,29,47,35,29,29,34,33,36,32,56,0,33,47,45,31,30,28,47,51,38,47,38,43,55,33,32,29,27,41,56,38,45,33,40,54,38,60,47,34,29,31,29,28,27,43,45,41,32,54,44,28,34,38,43,43,31,34,33,34,33,42,46,26,40,50,26,34,34,34,38,35,34,27,27,30,29,39,28,27,44,31,22,37,29,40,37,40,34,55,53,46,44,38,44,46,33,31,33,51,28,43,44,43,28,39,26,42,60,33,35,46,46,36,27,42,4
32,22,24,39,10,55,25,37,21,26,32,36,43,27,33,43,6,31,20,25,33,29,46,54,27,20,42,29,40,48,45,47,41,17,33,21,25,21,23,21,27,27,35,32,20,42,47,28,32,29,50,54,30,32,23,28,41,50,46,29,27,8,41,32,31,28,40,44,38,23,52,24,28,44,33,5,28,23,30,37,14,45,33,0,44,46,29,3,24,48,50,39,44,37,31,45,23,22,26,28,44,54,39,44,34,36,51,33,57,51,1,24,22,24,13,7,37,42,39,27,49,41,25,12,39,40,39,24,20,9,30,7,40,45,10,40,45,26,12,29,16,38,11,12,22,26,25,24,32,21,21,43,24,25,23,14,36,36,34,22,52,41,43,41,37,44,37,3,20,32,39,21,33,41,42,15,38,29,35,57,14,21,37,41,18,18,37,30
38,38,40,35,46,61,41,46,45,38,26,44,44,49,37,40,44,45,38,45,40,41,20,44,43,46,28,41,49,26,44,61,57,41,41,39,41,39,47,33,41,53,39,38,47,40,46,40,41,44,51,50,47,46,39,36,51,44,18,47,43,46,57,46,46,42,34,32,43,46,48,32,44,34,42,43,40,43,40,35,47,47,47,44,0,20,39,43,51,32,48,45,30,39,43,51,41,38,34,44,40,57,41,34,38,40,45,33,58,57,47,40,50,40,47,41,53,42,49,53,51,35,45,48,43,41,45,38,51,47,44,45,50,52,44,40,40,53,48,42,50,51,47,48,46,38,51,40,49,51,47,34,38,47,54,46,46,38,46,53,47,53,52,42,33,45,48,47,48,34,55,45,53,50,47,47,43,51,51,58,48,42,48,46,52,48,33,47
42,40,38,37,48,63,45,42,45,42,34,38,44,49,43,32,48,53,46,45,50,45,32,46,47,46,34,45,51,6,40,57,51,37,49,43,35,33,49,37,45,53,39,44,45,38,46,34,45,44,42,42,45,44,43,36,49,42,28,43,43,44,57,54,42,40,44,34,45,42,50,42,44,34,46,41,46,47,46,45,51,45,45,46,20,0,37,43,49,40,46,43,34,37,45,55,47,38,36,44,34,55,35,36,42,42,41,33,60,59,47,42,48,44,45,45,53,42,51,53,43,37,41,48,39,45,47,38,51,45,40,49,42,42,44,46,34,49,48,46,48,47,47,48,48,42,51,42,47,51,45,46,38,47,54,44,42,46,38,51,48,57,40,40,37,39,44,49,48,32,51,45,49,40,47,45,49,51,47,48,48,40,46,40,48,46,43,47
17,22,20,24,28,61,28,21,31,13,29,28,32,35,30,34,26,17,16,11,31,15,37,51,15,30,33,15,46,37,36,39,21,13,17,22,22,12,26,21,17,35,26,23,35,37,40,15,32,29,49,49,31,22,18,7,35,45,39,35,15,22,37,33,25,24,34,33,32,24,47,19,28,35,31,21,20,14,16,32,27,40,31,29,39,37,0,25,35,41,41,34,43,24,31,47,17,24,18,31,47,57,30,43,24,24,34,24,52,43,31,23,32,20,21,25,31,39,28,35,36,32,24,30,32,26,29,21,29,31,28,31,16,44,24,32,28,35,30,25,30,28,30,26,24,16,35,23,36,37,31,34,21,31,27,26,28,25,26,33,45,41,42,38,28,40,36,30,30,26,47,31,33,34,18,21,30,35,36,52,30,22,34,34,32,22,20,31
27,19,19,30,12,53,20,26,19,25,29,36,43,21,34,41,8,26,17,31,31,29,43,55,28,18,39,29,40,45,43,47,39,16,31,18,22,18,24,18,29,20,32,29,14,37,45,25,30,25,48,52,28,26,20,27,33,45,43,35,29,15,39,30,29,26,39,41,38,18,50,21,25,43,31,7,22,18,25,38,12,51,30,3,43,43,25,0,21,47,43,40,39,34,29,45,30,16,25,24,39,56,34,41,33,39,47,34,53,51,6,23,20,20,6,17,39,35,41,22,49,38,20,18,36,34,37,19,24,11,19,4,41,43,16,39,49,23,10,25,16,33,18,10,16,22,23,23,30,16,23,43,19,26,23,8,35,30,35,18,48,39,41,41,36,39,39,3,22,27,41,23,33,43,43,8,36,22,33,51,12,19,35,37,18,18,36,29
37,23,27,42,24,60,34,37,18,37,37,43,48,4,42,50,25,38,25,38,40,36,51,61,38,27,51,36,50,51,50,53,47,24,38,28,36,32,29,24,36,4,42,35,21,49,44,37,45,34,57,59,41,43,30,36,47,54,51,43,36,23,49,47,36,35,45,51,43,22,57,33,33,51,38,23,35,30,37,42,26,56,28,24,51,49,35,21,0,51,52,40,51,42,41,54,31,27,31,35,49,54,42,51,37,45,57,42,64,51,25,31,26,31,20,23,42,51,44,2,57,46,32,28,42,45,46,33,28,21,41,25,45,46,22,45,48,16,24,34,25,44,27,24,35,35,20,31,45,24,2,48,33,14,22,19,43,40,43,30,59,50,48,50,42,46,50,21,24,37,53,8,46,50,47,20,43,10,44,64,24,29,50,50,30,19,46,34
34,36,38,17,46,61,45,46,47,46,34,36,32,53,29,40,46,45,36,49,42,41,30,46,41,50,20,41,47,38,34,45,49,35,43,41,33,35,45,37,49,53,19,38,49,20,46,36,45,48,38,20,43,50,41,42,55,40,32,45,41,42,57,48,48,34,30,22,45,48,46,40,44,32,44,41,40,43,44,29,49,47,47,48,32,40,41,47,51,0,42,43,4,29,49,51,39,36,36,40,24,63,37,18,40,30,41,27,45,51,47,34,50,32,41,43,51,30,49,53,45,31,43,44,37,45,39,34,51,47,40,45,44,38,40,40,42,53,46,46,44,51,47,46,38,44,53,34,47,51,47,38,34,47,48,42,34,42,32,47,28,57,36,42,39,31,30,51,48,38,55,47,47,44,47,41,43,51,47,47,46,42,28,38,52,42,23,49
42,44,42,39,44,50,46,42,51,43,40,36,40,52,35,44,46,46,44,48,50,41,42,48,42,47,18,43,53,40,42,50,46,41,47,46,45,43,47,41,47,54,39,46,51,12,44,40,47,40,39,35,44,50,44,38,41,4,40,45,43,47,59,46,42,42,41,22,42,38,33,46,38,40,46,47,44,42,52,43,47,41,51,50,48,46,41,43,52,42,0,45,35,37,41,33,51,42,50,40,35,63,43,36,46,37,55,35,53,50,47,42,49,40,41,43,47,20,39,52,41,47,45,44,43,41,47,38,46,49,41,49,50,46,48,39,42,52,46,46,44,47,45,44,42,44,54,42,47,49,46,42,38,45,46,45,31,38,35,45,35,56,44,38,39,31,36,47,47,44,48,48,47,30,49,41,43,54,43,49,44,39,38,46,47,45,43,51
27,35,35,38,39,48,34,36,36,37,33,32,34,42,28,36,41,40,33,40,37,34,45,49,34,37,35,32,42,45,36,46,41,30,38,36,34,30,36,36,32,42,22,29,40,45,26,31,39,37,49,35,38,37,36,35,46,39,41,38,34,35,45,40,39,35,32,35,34,37,51,31,39,35,39,34,31,34,37,36,38,46,38,39,45,43,34,40,40,43,45,0,37,24,40,38,40,37,29,39,33,46,26,37,37,26,49,30,56,42,40,21,41,31,34,36,48,43,40,40,47,24,32,41,24,39,38,25,36,40,27,40,41,34,35,28,38,42,39,37,39,41,38,39,37,33,42,23,35,36,38,38,23,38,35,35,28,34,28,38,49,52,36,28,22,29,32,40,41,35,44,38,46,26,43,34,39,42,39,56,39,39,40,38,43,35,26,34
30,34,34,21,46,61,45,46,47,44,26,44,32,53,25,38,46,43,40,47,42,39,34,44,39,48,24,41,55,36,32,45,45,39,43,45,39,39,43,33,41,51,21,34,47,28,44,40,49,42,30,28,45,42,37,40,55,36,30,49,39,42,51,54,46,38,30,20,49,50,46,34,42,28,48,41,36,39,44,37,47,41,47,44,30,34,43,39,51,4,35,37,0,25,47,41,43,36,36,44,20,59,35,22,38,30,43,31,47,55,43,36,50,36,41,43,47,28,49,53,49,29,39,44,35,43,55,36,51,47,40,45,44,42,40,28,42,51,46,40,44,51,47,46,40,38,51,36,45,51,47,36,36,47,48,44,36,44,28,47,24,51,38,32,29,29,34,47,48,40,59,47,47,40,43,41,45,51,53,43,46,40,38,36,52,44,13,47
19,27,27,22,37,40,30,30,38,33,23,18,36,44,20,40,39,34,27,36,29,26,45,33,34,39,23,26,46,41,33,50,37,30,38,28,32,28,28,24,30,42,22,23,36,29,34,31,37,29,39,37,36,33,28,25,46,31,43,38,30,33,42,42,31,31,30,25,30,35,41,27,35,33,37,36,27,32,35,16,38,45,38,37,39,37,24,34,42,29,37,24,25,0,38,42,36,27,23,37,25,48,16,25,25,6,43,24,52,40,38,25,39,31,30,34,40,31,36,44,41,20,26,41,18,31,42,25,36,38,27,38,39,30,33,18,33,42,37,37,35,35,36,37,37,33,42,25,41,42,38,30,25,38,39,33,20,34,14,40,37,52,26,22,26,23,30,38,41,29,44,38,42,34,41,30,41,42,43,46,37,31,26,36,39,33,26,38
33,33,34,40,37,32,33,36,38,37,31,46,37,43,40,41,33,36,36,40,30,41,47,57,40,22,43,39,39,43,41,34,40,30,38,15,34,36,30,24,41,43,34,33,29,41,43,37,38,18,50,54,32,42,28,31,18,47,51,4,37,28,44,33,27,32,36,43,28,26,56,34,24,51,38,30,20,29,36,36,25,42,43,31,43,45,31,29,41,49,41,40,47,38,0,32,34,24,31,30,55,43,38,49,33,39,40,44,49,36,32,27,23,34,36,28,20,47,34,40,46,46,32,33,38,38,20,35,24,37,35,32,39,39,27,47,45,43,34,18,33,38,36,35,36,32,39,27,32,45,40,35,35,36,35,27,39,43,41,35,44,24,39,47,38,47,35,35,26,37,36,36,26,37,41,36,28,41,30,53,33,24,35,41,32,35,38,43
45,48,39,42,53,20,50,40,54,42,46,44,34,56,38,45,51,50,47,43,32,36,47,51,42,42,43,36,36,51,45,31,47,44,43,47,49,52,43,45,42,56,49,45,45,29,36,47,41,40,26,40,41,43,49,45,34,37,59,28,40,42,51,43,40,45,41,39,37,40,44,50,49,53,44,46,47,50,47,38,39,30,55,45,51,55,47,45,54,51,33,38,41,42,32,0,47,47,45,48,47,50,36,53,47,49,40,53,45,37,46,45,37,46,44,44,24,39,26,56,26,48,52,53,40,33,36,45,40,49,53,46,57,42,45,35,38,57,52,40,49,54,50,53,45,40,55,45,39,59,56,40,45,50,43,41,44,49,44,45,28,29,40,20,42,39,24,53,38,49,37,56,36,38,56,44,39,57,44,39,51,50,34,38,48,47,50,53
29,28,30,34,24,57,28,6,33,19,26,36,47,31,36,45,30,18,22,20,23,11,51,55,10,34,45,11,26,45,39,36,15,23,19,26,24,23,18,27,11,38,34,25,35,43,45,27,35,35,54,56,10,32,26,26,32,49,51,38,11,25,47,12,34,18,37,45,22,29,54,22,24,45,23,27,20,22,28,38,35,53,33,23,41,47,17,30,31,39,51,40,43,36,34,47,0,22,32,24,43,44,26,47,30,37,51,38,61,38,24,26,34,26,26,23,32,41,36,37,47,42,32,32,30,40,36,27,34,26,27,32,31,41,24,33,45,39,24,36,34,29,32,24,22,16,35,26,30,42,34,45,27,35,29,29,31,7,35,31,52,42,37,37,36,31,41,24,32,34,22,33,38,31,39,26,38,39,36,57,24,23,47,43,36,27,38,33
24,2,8,29,22,60,21,30,25,22,26,29,37,29,23,37,24,30,12,25,25,24,40,42,24,24,36,26,44,40,35,42,34,9,22,15,23,19,14,7,20,29,29,26,26,40,41,20,36,23,46,48,30,29,13,21,33,42,40,26,24,18,41,36,11,21,31,36,26,23,52,22,15,38,27,17,15,23,28,27,27,43,32,22,38,38,24,16,27,36,42,37,36,27,24,47,22,0,22,17,34,51,35,36,26,27,49,29,47,33,23,18,26,21,19,19,35,40,35,25,43,33,25,26,37,33,35,18,26,21,27,21,31,37,16,35,43,25,20,13,22,31,25,20,23,21,23,18,35,27,23,31,18,27,29,19,31,32,29,28,44,45,37,41,33,41,35,23,25,20,45,23,33,37,40,19,29,27,37,51,20,8,37,37,20,18,37,32
18,22,20,23,28,51,23,36,25,30,22,25,47,31,27,43,30,26,28,28,29,26,32,44,30,28,40,26,38,32,31,39,40,25,30,27,25,29,25,19,30,33,23,24,31,42,41,30,37,25,46,46,36,28,25,26,39,44,36,31,26,26,39,34,25,27,27,40,30,28,48,24,27,30,31,27,21,17,28,19,31,51,29,26,34,36,18,25,31,36,50,29,36,23,31,45,32,22,0,15,34,46,25,32,24,27,49,27,53,37,29,18,30,21,27,23,39,40,33,33,45,31,21,32,25,34,31,16,35,27,31,27,39,35,24,25,37,33,28,15,28,33,29,28,21,25,29,18,37,33,27,35,16,29,36,28,29,36,29,33,42,45,35,31,15,33,37,27,30,25,47,31,35,35,39,27,29,31,39,51,32,24,39,33,36,30,35,30
30,23,19,35,19,50,21,32,29,24,32,32,36,35,35,46,24,28,19,27,20,28,48,52,24,26,44,32,33,46,36,38,35,20,21,13,23,16,18,18,26,31,33,30,31,44,44,28,31,22,51,51,30,30,19,30,36,44,42,31,28,20,41,27,22,14,29,44,32,23,51,24,10,40,20,24,14,13,31,33,29,50,27,28,44,44,31,24,35,40,40,39,44,37,30,48,24,17,15,0,46,50,31,42,32,29,43,31,60,39,27,17,24,14,21,22,28,44,26,35,47,41,19,27,33,27,22,15,31,24,27,27,37,38,19,29,40,31,19,18,25,28,23,19,6,10,31,17,25,33,29,40,15,28,30,20,35,24,35,31,47,38,34,42,35,36,42,26,31,28,32,29,32,34,32,21,23,31,37,52,18,20,42,40,27,24,37,33
34,36,36,33,48,53,47,44,47,44,36,40,34,53,17,42,48,49,42,47,44,39,36,44,43,48,30,43,55,38,36,45,43,41,47,47,39,41,45,35,43,49,35,38,47,24,48,44,41,38,22,20,45,48,41,46,47,34,38,49,37,44,51,52,48,36,42,28,47,48,38,40,42,38,46,41,40,43,50,37,47,45,41,44,40,34,47,39,49,24,35,33,20,25,55,47,43,34,34,46,0,61,33,14,40,22,47,37,37,57,43,36,50,40,41,43,45,30,53,53,49,35,45,44,33,43,53,36,51,45,42,45,44,44,44,20,46,51,48,42,48,49,47,48,44,38,49,36,45,51,45,40,36,47,48,44,30,38,30,47,26,53,44,18,31,19,32,47,48,42,53,47,49,40,43,41,41,49,53,37,48,44,36,38,50,44,39,43
47,50,52,50,52,60,51,43,52,37,52,58,44,56,54,46,47,37,53,48,44,35,59,66,30,43,55,39,34,57,54,37,47,48,42,52,52,51,46,50,31,54,56,47,42,57,40,48,47,43,51,53,38,50,50,51,37,57,61,35,31,44,52,36,48,50,50,57,24,46,53,41,50,51,40,51,46,47,48,46,46,40,56,54,57,55,57,56,54,63,63,46,59,48,43,50,44,51,46,50,61,0,44,57,51,56,40,46,62,29,45,47,41,45,51,45,36,57,43,52,36,58,52,50,44,46,32,47,37,49,49,47,58,32,46,52,46,56,50,49,50,49,46,50,53,40,55,47,53,61,52,40,47,56,51,48,56,36,56,48,61,44,36,46,44,57,52,52,41,54,25,57,46,44,49,53,49,54,46,68,49,51,48,34,45,48,60,54
27,33,33,28,37,44,30,32,38,29,29,18,30,42,10,32,37,36,29,34,29,26,31,39,26,39,35,28,38,37,28,44,35,26,32,34,30,28,34,34,28,42,26,27,36,31,32,25,39,37,47,47,28,35,36,27,36,39,35,36,26,35,53,44,35,27,32,37,36,35,45,33,37,37,39,34,21,30,35,32,36,40,38,39,41,35,30,34,42,37,43,26,35,16,38,36,26,35,25,31,33,44,0,27,31,20,39,28,52,46,36,23,37,27,30,32,42,35,38,42,41,28,30,41,6,39,42,27,34,38,29,40,41,30,35,24,32,42,37,37,37,35,40,37,29,31,42,23,41,38,38,30,27,38,39,33,26,32,22,36,41,54,26,26,26,29,26,36,37,33,48,38,40,26,39,30,41,42,41,46,37,35,32,34,39,31,32,38
34,38,36,31,46,61,43,44,47,48,40,38,38,53,27,42,48,53,34,45,40,43,32,38,43,50,20,43,51,38,40,41,45,39,47,47,41,33,45,39,45,49,33,42,49,20,46,42,51,46,36,16,49,50,43,44,55,38,34,47,43,44,57,44,52,36,44,32,45,48,30,42,46,36,44,41,44,45,50,29,47,51,45,44,34,36,43,41,51,18,36,37,22,25,49,53,47,36,32,42,14,57,27,0,42,24,35,35,45,55,43,36,50,32,41,43,49,22,49,53,45,35,45,44,29,49,39,30,51,45,48,45,42,38,44,36,48,51,48,44,48,49,47,48,36,42,53,36,43,51,47,38,30,45,48,42,42,44,36,43,34,57,40,40,35,27,34,47,48,40,53,47,45,46,49,41,39,49,51,52,48,48,34,42,50,42,37,45
18,24,18,31,34,57,33,35,31,30,10,35,46,38,23,41,32,40,20,29,31,25,40,44,22,37,34,28,40,38,38,48,41,23,27,29,29,27,22,21,24,37,37,20,35,36,45,32,34,24,48,48,34,30,31,20,39,44,40,35,31,29,42,39,27,24,33,34,33,34,48,24,28,40,35,27,24,31,26,31,32,55,33,34,38,42,24,33,37,40,46,37,38,25,33,47,30,26,24,32,40,51,31,42,0,35,48,33,53,49,35,26,28,26,29,31,33,38,39,39,46,29,27,30,37,28,35,26,27,34,27,34,43,45,28,29,44,39,33,32,32,37,34,34,34,20,37,26,35,39,33,46,26,34,35,30,31,33,31,29,48,47,45,44,33,37,42,31,27,26,51,33,37,43,39,29,35,36,41,51,32,30,44,46,31,28,25,35
25,29,33,28,37,49,31,32,40,28,31,25,38,45,14,31,33,29,27,36,30,28,44,40,27,44,34,28,48,46,31,42,43,30,32,31,35,32,33,26,28,45,30,31,37,32,44,31,31,38,52,50,35,37,31,31,46,37,42,45,28,36,46,34,34,29,28,36,35,40,44,27,31,34,32,30,29,25,32,30,39,41,40,36,40,42,24,39,45,30,37,26,30,6,39,49,37,27,27,29,22,56,20,24,35,0,39,22,49,50,35,25,40,27,34,32,42,36,46,47,43,25,31,37,22,33,34,23,37,39,32,39,38,40,35,18,39,45,37,40,35,38,41,37,23,35,45,25,35,43,39,38,23,40,40,33,20,28,20,46,50,48,36,27,22,29,27,41,40,27,48,41,38,32,42,34,33,45,37,53,37,36,27,37,39,36,29,40
46,47,47,29,49,34,40,54,48,46,42,41,16,56,38,30,37,31,47,53,42,48,55,61,48,42,53,48,44,47,26,47,49,36,47,37,47,43,47,48,52,56,29,44,45,57,36,39,47,52,50,46,41,53,51,44,46,53,51,36,48,48,51,43,34,46,15,47,39,48,50,31,41,49,46,44,44,41,50,41,45,18,54,51,45,41,34,47,57,41,55,49,43,43,40,40,51,49,49,43,47,40,39,35,48,39,0,26,55,39,50,43,41,46,49,48,38,53,44,54,20,42,44,53,41,49,36,41,44,49,50,46,47,40,49,46,14,56,52,50,51,52,50,51,51,46,56,43,49,59,50,14,41,54,49,47,45,53,41,47,50,43,38,42,37,47,38,49,42,45,43,52,38,26,52,49,56,53,54,53,49,46,42,28,50,50,41,54
23,31,29,12,37,55,34,26,38,25,23,24,14,44,22,14,37,36,29,34,39,24,27,45,28,37,23,28,42,33,18,46,37,26,34,32,28,26,38,32,26,42,4,27,36,33,38,33,39,33,47,49,34,31,30,29,46,33,33,36,28,33,44,38,35,29,14,21,32,41,45,29,37,29,41,32,29,36,33,24,40,37,38,33,33,33,24,34,42,27,35,30,31,24,44,53,38,29,27,31,37,46,28,35,33,22,26,0,50,52,34,25,37,29,28,34,44,35,46,42,32,18,28,39,28,41,42,23,40,38,27,36,31,38,33,30,12,42,37,37,35,31,34,35,33,25,42,25,43,42,38,10,23,38,41,33,24,32,24,42,39,50,36,35,14,32,37,38,39,27,54,38,44,18,29,28,35,42,39,48,37,35,37,18,41,33,14,38
51,51,49,54,59,54,55,58,61,56,51,34,48,64,48,44,56,59,57,61,50,54,60,49,56,50,50,52,55,48,48,58,66,52,59,55,56,50,61,52,52,65,54,53,43,50,48,49,51,42,33,39,49,57,53,55,49,46,53,51,56,51,57,56,40,54,57,48,45,54,33,53,46,47,42,54,50,59,55,52,45,51,60,57,58,60,52,53,64,45,53,56,47,52,49,45,61,47,53,60,37,62,52,45,53,49,55,50,0,56,54,49,48,52,56,54,53,47,45,64,45,52,60,61,52,47,53,51,51,57,55,54,59,42,55,35,40,64,56,40,59,60,64,57,52,52,62,49,47,63,57,42,51,58,60,55,51,60,49,53,31,56,42,24,42,51,30,61,48,51,60,61,57,34,62,56,41,62,51,12,56,56,30,34,56,55,42,60
41,41,41,46,45,36,44,45,50,29,47,49,38,51,52,48,45,40,37,44,37,29,49,60,41,40,49,39,34,53,42,22,39,34,38,35,47,33,41,38,39,51,40,41,47,43,44,46,45,34,45,49,40,46,39,41,45,52,53,22,31,44,49,30,28,41,41,45,20,41,53,38,35,53,34,42,45,36,36,46,41,49,47,51,57,59,43,51,51,51,50,42,55,40,36,37,38,33,37,39,57,29,46,55,49,50,39,52,56,0,50,38,39,37,40,48,35,49,26,53,27,46,45,49,50,43,37,38,42,47,40,40,52,44,43,42,48,53,42,28,45,45,48,43,41,45,51,38,51,52,50,42,38,50,41,45,36,42,48,37,55,18,44,42,36,43,52,43,40,51,34,52,33,44,49,40,45,51,49,50,43,38,52,50,38,43,44,48
29,21,25,40,10,54,26,32,25,29,31,36,46,25,34,46,10,34,21,23,24,30,47,55,28,15,43,28,45,47,44,42,40,20,28,22,30,26,26,24,32,27,36,31,7,43,42,27,39,28,51,53,33,34,22,29,40,47,47,36,30,11,40,35,28,27,41,45,33,17,51,27,27,45,28,9,27,26,29,40,13,46,34,1,47,47,31,6,25,47,47,40,43,38,32,46,24,23,29,27,43,45,36,43,35,35,50,34,54,50,0,23,21,29,10,3,38,43,42,25,48,44,28,8,38,43,36,23,26,12,29,6,38,40,18,41,46,28,14,28,14,36,18,12,23,25,26,23,35,20,21,42,23,28,22,14,37,38,39,19,47,40,38,44,40,47,36,4,19,33,42,20,40,40,38,12,37,30,42,52,12,22,36,40,17,16,44,31
18,18,18,21,30,53,21,28,29,22,20,27,31,33,23,33,24,24,16,22,27,20,38,46,22,30,34,20,40,40,31,43,34,17,22,17,21,19,19,21,20,33,29,20,31,36,35,18,28,29,46,42,24,26,15,23,35,42,44,35,20,22,37,32,23,17,27,34,24,20,46,16,25,36,27,21,17,19,19,27,23,43,29,24,40,42,23,23,31,34,42,21,36,25,27,45,26,18,18,17,36,47,23,36,26,25,43,25,49,38,23,0,28,21,19,25,38,32,33,33,41,33,21,24,27,30,42,10,29,29,25,29,27,35,26,29,41,31,30,23,26,25,29,30,19,21,31,8,32,31,27,35,10,29,28,24,23,24,25,27,46,43,33,29,23,31,35,25,26,22,41,29,33,31,27,19,27,33,35,49,30,20,27,29,26,20,29,29
28,18,26,37,10,45,25,29,28,36,34,42,32,22,41,32,18,32,22,34,22,32,46,54,32,1,44,32,41,48,36,35,42,19,31,21,31,27,22,17,34,22,35,30,10,44,32,30,31,22,45,39,29,26,25,27,35,49,46,29,30,13,33,31,26,26,39,44,29,8,45,32,28,44,20,17,26,29,24,41,10,43,31,22,50,48,32,20,26,50,49,41,50,39,23,37,34,26,30,24,50,41,37,50,28,40,41,37,48,39,21,28,0,24,12,15,27,46,31,30,45,43,31,16,39,31,27,30,2,20,33,17,38,30,10,42,44,30,9,20,18,34,17,10,24,28,23,30,31,28,23,32,30,28,11,7,42,32,38,10,45,37,32,30,35,42,34,24,1,34,37,29,35,30,42,10,34,26,28,50,8,24,34,34,11,11,41,31
22,23,21,29,23,50,3,32,27,20,26,26,28,31,27,34,20,22,23,25,26,20,40,50,20,29,36,24,43,44,38,34,38,14,23,23,11,18,24,22,18,33,31,22,28,38,38,16,33,23,43,53,35,29,13,22,24,40,38,26,20,20,42,37,23,18,33,38,27,23,47,18,14,36,24,22,6,5,28,31,26,38,29,24,40,44,20,20,31,32,40,31,36,31,34,46,26,21,21,14,40,45,27,32,26,27,46,29,52,37,29,21,24,0,20,22,20,40,16,31,44,39,7,27,29,31,27,19,29,25,23,26,27,40,23,25,40,33,21,29,23,29,29,23,18,6,33,19,38,33,29,32,19,30,26,18,21,34,27,34,41,41,40,32,25,35,30,24,27,24,37,29,31,30,38,20,33,33,35,52,24,24,34,34,27,18,31,27
23,19,17,30,13,53,22,32,22,23,27,30,38,20,32,40,13,23,11,25,24,22,45,47,24,6,37,22,33,47,42,43,35,10,24,12,24,20,22,18,24,17,32,25,14,37,41,23,29,28,49,47,27,29,12,25,43,37,45,36,22,5,33,26,27,20,40,37,29,7,47,21,23,33,26,16,24,20,23,34,18,48,28,13,47,45,21,6,20,41,41,34,41,30,36,44,26,19,27,21,41,51,30,41,29,34,49,28,56,40,10,19,12,20,0,18,33,35,37,18,47,36,24,11,30,35,34,19,14,20,28,20,33,39,5,32,46,18,15,25,19,27,14,15,21,24,18,21,30,22,18,41,19,18,11,7,32,30,34,20,47,41,39,42,28,40,38,12,6,28,43,20,34,36,41,4,35,24,34,56,13,19,38,38,20,3,36,25
25,20,20,34,6,56,20,29,18,25,29,32,40,23,30,40,9,29,16,27,28,21,45,51,25,17,41,24,41,45,40,50,39,18,25,20,22,18,27,20,25,21,34,27,5,41,40,27,37,24,49,53,35,31,18,27,42,43,45,34,21,7,40,33,28,20,40,41,33,18,51,23,22,43,26,7,24,20,27,32,15,46,27,7,41,45,25,17,23,43,43,36,43,34,28,44,23,19,23,22,43,45,32,43,31,32,48,34,54,48,3,25,15,22,18,0,32,39,40,23,48,40,24,2,34,35,34,21,19,9,34,9,33,38,2,38,42,21,9,26,9,31,11,9,20,18,20,21,33,21,21,38,21,20,23,10,32,31,30,23,51,38,36,40,34,44,38,3,20,27,40,21,36,40,37,14,31,21,36,56,7,18,38,38,16,14,36,29
37,35,33,46,43,42,31,35,43,41,35,39,37,45,48,37,31,36,31,36,10,27,41,51,29,32,47,25,33,53,35,32,49,30,34,31,37,29,31,34,29,46,40,39,39,53,37,41,35,34,46,44,22,36,37,39,24,41,49,26,31,33,41,30,24,10,38,47,30,36,48,34,27,43,28,32,25,25,38,44,31,40,43,37,53,53,31,39,42,51,47,48,47,40,20,24,32,35,39,28,45,36,42,49,33,42,38,44,53,35,38,38,27,20,33,32,0,47,22,46,40,38,32,43,46,31,8,36,26,41,35,38,51,29,35,44,45,44,40,34,35,42,34,41,14,24,45,32,29,47,43,37,36,41,33,32,44,28,40,37,52,24,29,41,34,45,39,41,32,35,24,43,32,31,44,33,37,44,26,45,39,32,39,33,38,34,42,39
38,40,40,31,48,43,43,38,45,40,34,40,40,53,29,42,48,47,38,45,42,41,30,48,41,44,18,43,53,36,42,59,43,37,45,43,39,39,41,41,41,51,41,42,49,8,44,36,49,42,32,24,43,48,43,44,51,20,30,49,41,44,51,52,40,40,40,18,47,42,38,44,44,38,48,43,42,43,46,41,45,43,45,42,42,42,39,35,51,30,20,43,28,31,47,39,41,40,40,44,30,57,35,22,38,36,53,35,47,49,43,32,46,40,35,39,47,0,43,51,49,33,39,46,35,41,47,34,47,43,46,45,42,44,44,44,38,49,46,42,48,49,43,46,44,42,49,36,43,49,45,40,34,45,46,40,36,36,32,51,34,49,44,36,41,33,30,45,42,42,53,45,45,38,49,37,39,49,51,48,46,44,34,34,50,38,39,45
27,35,37,42,35,38,33,37,44,23,25,45,37,46,44,37,37,24,31,24,36,25,49,59,25,34,47,25,39,45,41,18,29,28,36,35,30,24,33,36,25,46,38,23,41,45,41,39,45,26,44,42,36,35,39,31,8,39,49,26,25,34,35,28,20,22,42,43,22,34,50,20,18,49,34,36,36,17,23,38,35,40,41,39,49,51,28,41,44,49,39,40,49,36,34,26,36,35,33,26,53,43,38,49,39,46,44,46,45,26,42,33,31,16,37,40,22,43,0,47,36,44,36,37,32,31,24,39,30,39,27,32,42,37,37,44,41,47,32,26,39,41,40,33,39,24,43,41,35,46,42,35,39,44,35,33,38,36,38,29,40,41,37,31,42,49,37,41,32,41,41,46,18,33,43,36,41,45,30,49,33,40,41,31,32,35,38,41
37,31,25,44,26,56,36,40,4,37,39,43,50,4,44,50,25,38,23,40,40,36,53,61,38,20,53,36,50,53,50,50,47,24,38,32,34,30,33,26,36,2,42,37,23,51,50,37,43,36,57,57,39,43,30,39,47,54,53,43,36,22,48,43,34,33,47,53,43,22,59,35,35,51,40,25,31,30,37,44,26,56,32,27,53,53,35,22,2,53,52,40,53,44,40,56,37,25,33,35,53,52,42,53,39,47,54,42,64,53,25,33,30,31,18,23,46,51,47,0,54,48,32,26,40,45,46,31,24,23,39,27,48,42,24,45,50,14,26,36,26,43,29,26,33,35,4,35,43,26,4,50,31,16,29,19,43,40,43,29,57,50,44,50,42,48,50,21,22,40,53,6,46,48,50,22,44,12,46,62,26,31,50,48,24,19,46,32
44,41,35,35,47,38,42,52,52,46,38,46,30,54,49,26,41,40,45,49,42,48,51,53,44,46,49,50,44,51,14,45,47,38,47,39,49,43,45,36,46,56,37,44,51,51,46,44,49,42,50,42,43,47,43,46,46,49,53,28,48,46,51,43,34,48,23,47,35,52,42,35,43,55,52,48,43,45,50,43,49,4,54,49,51,43,36,49,57,45,41,47,49,41,46,26,47,43,45,47,49,36,41,45,46,43,20,32,45,27,48,41,45,44,47,48,40,49,36,54,0,49,42,49,43,41,40,37,46,49,43,44,47,36,49,42,30,56,48,42,51,56,48,47,49,48,56,37,45,57,54,26,37,54,47,46,49,45,51,43,38,41,34,36,43,47,42,51,46,46,39,51,30,38,56,49,48,54,48,51,47,42,36,34,44,46,37,54
21,33,31,28,39,55,40,39,42,35,17,35,34,48,22,38,39,42,33,34,35,34,31,41,38,43,35,36,50,39,41,50,49,32,38,34,32,36,36,28,38,46,28,23,42,37,46,31,40,37,49,43,36,41,26,27,38,41,27,48,34,37,52,45,33,35,35,33,40,43,45,27,35,37,43,38,35,36,37,24,42,50,44,41,35,37,32,38,46,31,47,24,29,20,46,48,42,33,31,41,35,58,28,35,29,25,42,18,52,46,44,33,43,39,36,40,38,33,44,48,49,0,30,45,26,38,44,33,46,42,33,40,45,44,37,29,32,48,41,37,43,38,42,41,43,33,46,31,40,46,42,42,33,42,41,39,31,39,27,40,41,46,42,38,26,37,44,44,41,31,50,42,44,30,39,36,36,46,45,48,41,35,40,34,43,39,22,42
23,23,23,28,21,56,8,36,32,27,29,35,38,34,30,36,23,18,19,34,28,18,39,51,18,31,35,14,50,39,40,30,43,20,14,20,18,12,26,18,24,34,30,23,32,37,50,21,41,29,49,55,41,28,18,23,34,45,45,28,18,21,48,37,21,23,31,37,33,27,51,7,17,33,32,22,15,2,21,36,32,46,28,25,45,41,24,20,32,43,45,32,39,26,32,52,32,25,21,19,45,52,30,45,27,31,44,28,60,45,28,21,31,7,24,24,32,39,36,32,42,30,0,23,36,37,24,25,30,26,29,24,31,50,23,35,40,34,21,27,19,31,30,21,17,13,30,19,36,36,30,38,25,32,29,27,35,30,35,32,47,40,48,38,30,43,42,28,29,27,40,32,28,44,39,24,34,34,36,56,21,23,36,42,29,25,36,32
32,25,23,39,4,59,25,34,21,30,32,33,43,26,39,45,10,32,23,28,35,28,48,58,30,16,46,25,48,48,47,41,37,23,30,19,29,23,28,25,28,24,35,32,10,48,45,32,40,31,54,56,42,26,23,26,39,46,48,37,30,6,48,44,33,27,35,46,38,19,56,30,29,48,31,3,27,27,28,39,16,45,34,12,48,48,30,18,28,44,44,41,44,41,33,53,32,26,32,27,44,50,41,44,30,37,53,39,61,49,8,24,16,27,11,2,43,46,37,26,49,45,23,0,41,42,39,26,18,8,33,4,28,43,9,41,45,26,6,29,6,26,6,6,23,23,25,26,40,21,22,45,26,27,12,15,37,38,35,16,52,47,43,45,35,43,41,8,15,28,51,26,37,45,36,13,36,22,43,57,6,19,41,43,9,9,37,34
27,33,33,30,37,46,30,34,36,33,29,20,30,42,12,32,39,38,29,34,33,30,33,41,30,39,35,28,38,39,30,46,37,26,30,34,28,30,32,36,28,42,28,27,38,31,30,27,43,37,47,47,32,37,36,29,38,41,37,36,30,35,53,44,35,27,32,37,38,33,45,33,37,39,41,34,23,32,37,34,36,42,38,39,43,39,32,36,42,37,43,24,35,18,38,40,30,37,25,33,33,44,6,29,37,22,41,28,52,50,38,27,39,29,30,34,46,35,32,40,43,26,36,41,0,39,42,25,36,40,29,40,41,32,35,26,32,42,37,37,39,39,40,37,31,33,42,21,43,36,38,32,23,38,39,33,26,34,22,36,41,54,28,28,28,29,30,38,39,35,50,36,42,28,41,30,43,42,41,48,37,37,34,34,39,31,32,38
20,30,33,37,36,47,42,43,40,41,36,40,35,45,39,39,31,28,27,36,37,41,45,59,37,31,43,41,35,43,39,47,45,30,38,31,37,33,34,32,43,45,35,22,42,37,37,28,28,24,40,42,34,36,31,30,33,51,47,30,39,34,38,37,24,33,34,43,25,30,48,36,27,39,37,37,31,34,35,41,36,39,43,40,41,45,26,34,45,45,41,39,43,31,38,33,40,33,34,27,43,46,39,49,28,33,49,41,47,43,43,30,31,31,35,35,31,41,31,45,41,38,37,42,39,0,31,32,34,40,27,35,45,35,36,37,49,45,34,22,38,40,39,34,33,39,43,32,18,44,38,35,32,43,33,35,39,37,41,28,48,35,35,33,31,37,37,40,31,22,53,42,31,35,45,35,12,44,25,49,29,22,39,31,35,35,32,43
31,40,40,38,39,49,23,37,45,41,27,35,29,46,42,39,35,38,34,38,8,43,49,61,33,28,45,39,35,49,37,28,47,26,38,41,33,30,33,34,41,44,38,35,35,45,37,33,31,40,54,40,36,33,35,37,24,37,53,30,41,32,41,40,30,16,41,51,30,30,50,36,27,39,26,38,31,30,36,42,29,44,43,39,45,47,29,37,46,39,47,38,55,42,20,36,36,35,31,22,53,32,42,39,35,34,36,42,53,37,36,42,27,27,34,34,8,47,24,46,40,44,24,39,42,31,0,43,22,37,39,36,36,35,35,42,39,44,38,38,43,47,38,41,16,30,43,40,33,49,46,33,43,40,35,40,40,44,30,35,50,26,33,39,38,47,39,39,28,29,28,45,22,31,48,34,33,46,28,55,31,32,39,37,32,34,38,43
22,18,20,25,26,53,21,28,29,20,20,33,31,33,25,39,28,24,20,24,29,20,34,46,22,32,30,20,40,40,27,45,32,19,20,25,21,17,19,17,24,33,21,24,29,34,39,24,38,21,46,46,28,28,19,25,33,38,38,29,20,24,38,32,25,23,27,30,28,20,48,18,19,38,27,21,19,19,22,29,31,45,31,24,38,38,21,19,33,34,38,25,36,25,35,45,27,18,16,15,36,47,27,30,26,23,41,23,51,38,23,10,30,19,19,21,36,34,39,31,37,33,25,26,25,32,43,0,27,29,21,29,31,37,26,33,35,33,26,23,28,30,29,26,25,21,33,10,34,29,27,35,2,27,26,20,29,26,31,29,46,41,37,39,25,39,29,29,30,24,45,27,35,29,35,19,35,31,39,49,26,22,31,29,30,22,33,31
31,22,26,40,12,48,28,38,30,29,35,39,35,24,38,37,20,32,18,38,25,25,51,55,34,3,47,25,41,53,39,36,45,19,28,30,28,26,25,25,25,31,36,31,14,45,33,23,34,21,46,40,30,29,20,26,36,46,49,32,29,11,35,32,25,29,40,47,34,15,46,23,29,41,25,22,29,30,27,40,8,54,34,20,51,51,29,24,28,51,46,36,51,36,24,40,34,26,35,31,51,37,34,51,27,37,44,40,51,42,26,29,2,29,14,19,26,47,30,24,46,46,30,18,36,34,22,27,0,20,31,22,43,31,12,43,45,29,11,21,20,39,21,12,25,31,29,31,30,27,24,33,33,28,10,11,37,41,35,11,48,38,33,31,32,45,33,8,3,38,30,22,30,33,47,12,31,27,29,53,10,27,33,39,15,11,38,30
33,20,24,38,4,57,24,30,25,31,33,39,43,23,36,43,10,32,24,32,33,32,49,57,32,18,47,32,45,47,47,49,41,22,32,22,28,24,16,20,32,29,40,33,20,45,47,29,40,27,54,56,38,34,22,31,43,49,47,35,32,9,47,41,25,28,37,47,36,26,54,27,30,47,35,3,22,24,30,38,16,47,33,9,47,45,31,11,21,47,49,40,47,38,37,49,26,21,27,24,45,49,38,45,34,39,49,38,57,47,12,29,20,25,20,9,41,43,39,23,49,42,26,8,40,40,37,29,20,0,31,4,38,45,14,41,45,29,8,31,12,36,2,8,27,26,28,27,38,22,25,41,27,24,12,22,33,33,35,24,52,41,43,47,34,37,43,6,20,31,49,27,35,45,40,20,38,25,42,57,12,22,45,41,16,24,40,34
23,31,29,29,29,62,11,32,34,30,29,35,42,37,29,32,27,17,25,27,28,20,48,58,25,39,38,22,43,44,48,44,33,26,20,21,10,10,33,24,26,41,29,23,29,46,42,23,41,34,53,55,25,33,25,29,42,37,44,31,28,28,46,32,22,21,30,42,21,30,55,27,25,40,26,28,25,23,31,25,29,46,34,30,44,40,28,19,41,40,41,27,40,27,35,53,27,27,31,27,42,49,29,48,27,32,50,27,55,40,29,25,33,23,28,34,35,46,27,39,43,33,29,33,29,27,39,21,31,31,0,33,36,42,27,36,40,39,29,28,33,34,35,31,23,27,41,25,37,41,32,34,25,36,34,29,32,32,26,38,53,45,42,42,33,39,44,29,29,29,49,34,43,42,43,28,37,41,24,54,31,26,42,38,35,31,37,36
29,20,22,36,4,56,22,34,25,31,31,38,36,27,36,40,10,34,22,27,30,29,45,55,30,19,47,29,45,49,40,48,45,22,31,20,28,22,24,18,31,27,38,31,15,45,44,29,39,24,51,53,33,34,22,31,42,49,45,32,29,5,39,39,24,27,37,47,33,23,51,31,27,43,30,3,27,26,31,36,15,44,33,7,45,49,31,4,25,45,49,40,45,38,32,46,32,21,27,27,45,47,40,45,34,39,46,36,54,40,6,29,17,26,20,9,38,45,32,27,44,40,24,4,40,35,36,29,22,4,33,0,38,42,14,37,44,30,8,26,14,34,14,8,30,25,29,27,35,20,23,38,29,23,21,18,39,36,37,21,49,44,42,40,36,43,40,10,19,31,46,25,38,44,40,20,37,26,44,54,8,22,38,38,13,22,38,33
31,32,34,35,28,65,32,41,42,28,36,30,37,44,37,41,34,29,29,27,33,28,52,56,28,37,42,28,46,42,41,52,38,24,28,26,31,33,36,34,24,42,37,37,41,40,43,26,32,40,52,54,36,20,22,18,41,52,52,37,27,30,52,39,41,30,28,42,42,33,52,27,41,44,41,32,35,29,12,37,39,49,42,40,50,42,16,41,45,44,50,41,44,39,39,57,31,31,39,37,44,58,41,42,43,38,47,31,59,52,38,27,38,27,33,33,51,42,42,48,47,45,31,28,41,45,36,31,43,38,36,38,0,45,33,38,45,45,31,42,30,18,40,30,32,32,46,34,38,42,42,45,32,41,40,33,38,41,38,43,56,45,45,45,31,50,41,40,38,29,49,37,38,51,6,38,39,47,49,65,28,34,45,41,34,37,35,40
35,40,44,38,41,42,43,42,49,40,38,24,30,42,34,30,46,45,37,41,30,40,44,54,36,30,44,36,42,44,32,54,41,36,39,43,44,42,43,38,36,50,36,39,33,40,18,35,29,30,33,37,31,41,43,39,43,44,44,27,36,39,50,38,28,36,44,46,35,34,35,39,38,42,32,44,38,49,41,40,31,46,46,45,52,42,44,43,46,38,46,34,42,30,39,42,41,37,35,38,44,32,30,38,45,40,40,38,42,44,40,35,30,40,39,38,29,44,37,42,36,44,50,43,32,35,35,37,31,45,42,42,45,0,41,40,36,48,41,32,43,46,40,41,40,36,48,35,31,50,49,24,37,44,46,32,28,40,28,35,41,42,6,24,34,34,28,47,30,41,42,47,37,28,44,37,39,50,29,48,40,44,26,32,44,34,40,46
26,19,17,31,9,51,21,30,21,24,28,35,39,22,33,39,10,26,17,24,29,24,44,50,22,9,42,21,42,44,39,47,35,17,24,17,23,19,26,17,24,24,33,26,8,42,43,26,30,25,52,52,28,23,21,26,41,48,42,33,21,2,40,30,29,21,39,42,34,19,52,24,21,42,31,8,23,23,24,33,14,47,26,10,44,44,24,16,22,40,48,35,40,33,27,45,24,16,24,19,44,46,35,44,28,35,49,33,55,43,18,26,10,23,5,2,35,44,37,24,49,37,23,9,35,36,35,26,12,14,27,14,33,41,0,31,39,24,3,27,5,25,12,5,21,23,21,24,36,20,18,39,26,22,16,5,35,32,35,16,50,45,39,41,31,41,41,4,5,27,37,21,41,39,37,5,33,24,41,55,14,19,43,43,13,5,35,26
25,35,35,26,35,45,33,34,40,30,31,21,40,45,18,33,35,33,31,32,34,32,38,44,33,42,38,36,50,38,40,40,43,34,34,29,35,32,37,28,36,45,26,29,37,44,40,31,37,34,36,40,37,35,29,33,42,39,44,41,34,30,42,42,32,31,24,36,39,36,44,37,29,36,32,32,25,27,35,34,37,49,40,40,40,46,32,39,45,40,39,28,28,18,47,35,33,35,25,29,20,52,24,36,29,18,46,30,35,42,41,29,42,25,32,38,44,44,44,45,42,29,35,41,26,37,42,33,43,41,36,37,38,40,31,0,40,45,35,40,35,40,43,35,29,37,45,27,37,43,39,36,27,40,44,35,12,34,16,40,34,42,34,9,24,10,27,41,41,37,48,39,42,38,34,34,35,43,43,43,35,28,29,33,34,37,39,40
31,43,41,27,43,58,41,43,45,40,34,38,24,50,38,24,42,43,47,37,36,44,42,50,41,42,36,44,48,34,18,44,47,44,43,37,39,34,43,42,42,50,10,35,35,40,34,37,35,38,43,41,33,43,43,39,31,44,40,47,44,41,44,40,34,40,17,36,33,50,41,41,47,42,34,44,34,43,37,37,39,32,50,45,40,34,28,49,48,42,42,38,42,33,45,38,45,43,37,40,46,46,32,48,44,39,14,12,40,48,46,41,44,40,46,42,45,38,41,50,30,32,40,45,32,49,39,35,45,45,40,44,45,36,39,40,0,51,40,44,43,48,40,41,38,40,49,39,39,50,45,4,39,50,44,43,38,46,40,41,31,48,36,30,28,34,34,45,44,39,46,45,43,22,42,48,45,46,43,46,38,46,36,20,44,47,30,48
37,29,27,44,23,62,32,37,12,35,39,45,50,10,42,50,23,38,29,35,36,34,53,61,36,30,51,34,49,51,49,52,49,28,34,30,36,30,31,24,34,12,42,35,25,49,48,37,43,32,55,59,41,40,30,36,44,52,53,42,34,23,47,43,36,31,47,51,43,22,59,33,35,51,38,25,33,32,37,44,26,56,26,26,53,49,35,23,16,53,52,42,51,42,43,57,39,25,33,31,51,56,42,51,39,45,56,42,64,53,28,31,30,33,18,21,44,49,47,14,56,48,34,26,42,45,44,33,29,29,39,30,45,48,24,45,51,0,22,32,28,37,29,22,31,31,2,33,43,23,16,50,33,16,30,19,45,34,43,29,55,50,48,49,42,44,50,26,26,37,52,10,44,50,42,21,45,14,42,65,22,27,50,46,29,19,46,30
30,20,21,37,2,56,23,30,16,22,30,32,43,26,37,40,9,24,19,23,33,22,48,56,22,10,46,22,46,48,42,42,36,19,22,15,27,25,19,23,22,21,35,30,14,48,43,28,40,32,53,51,38,27,19,28,32,46,48,34,21,10,39,32,27,19,33,46,34,15,51,26,23,46,29,7,18,21,28,39,14,42,34,12,48,48,30,10,24,46,46,39,46,37,34,52,24,20,28,19,48,50,37,48,33,37,52,37,56,42,14,30,9,21,15,9,40,46,32,26,48,41,21,6,37,34,38,26,11,8,29,8,31,41,3,35,40,22,0,24,5,25,10,1,19,21,20,26,40,17,21,41,22,28,8,8,33,30,33,9,51,42,41,44,37,41,42,10,10,32,38,21,32,43,35,13,39,21,37,58,1,16,42,42,5,10,41,34
32,13,15,33,25,50,27,33,33,30,28,35,44,36,35,28,28,25,30,32,20,32,40,50,29,20,46,30,41,42,30,38,43,22,30,28,25,32,21,14,30,34,39,34,21,40,36,30,21,8,43,43,25,32,25,33,26,46,44,14,30,25,30,31,12,18,35,46,23,26,37,26,26,40,16,26,26,25,31,29,15,44,34,29,42,46,25,25,34,46,46,37,40,37,18,40,36,13,15,18,42,49,37,44,32,40,50,37,40,28,28,23,20,29,25,26,34,42,26,36,42,37,27,29,37,22,38,23,21,31,28,26,42,32,27,40,44,32,24,0,29,34,36,25,24,20,34,23,21,33,33,30,21,30,26,24,34,33,30,25,35,38,28,30,31,38,28,31,20,30,42,33,32,40,42,25,21,36,26,40,24,22,28,30,30,26,43,32
32,21,21,37,6,55,25,34,25,32,34,37,43,26,39,43,10,34,23,34,35,32,46,58,30,17,44,32,46,46,43,43,38,23,30,23,29,25,23,21,34,28,37,32,22,48,45,32,36,31,54,54,36,30,23,30,39,44,46,33,27,10,42,36,29,25,39,46,36,19,54,28,27,44,31,4,25,23,30,39,10,51,34,16,50,48,30,16,25,44,44,39,44,35,33,49,34,22,28,25,48,50,37,48,32,35,51,35,59,45,14,26,18,23,19,9,35,48,39,26,51,43,19,6,39,38,43,28,20,12,33,14,30,43,5,35,43,28,5,29,0,30,16,8,23,27,27,24,36,25,23,43,28,22,20,19,39,34,39,12,52,45,41,43,35,41,41,16,18,32,47,26,43,43,32,19,36,27,43,59,6,24,41,43,22,19,41,32
28,34,26,41,26,54,30,41,38,24,28,34,42,42,35,40,32,26,20,31,33,14,53,51,14,31,49,14,39,51,44,47,33,23,26,22,29,31,34,29,14,41,35,30,39,45,42,28,36,32,51,51,30,2,24,26,38,53,51,37,13,28,49,29,34,30,28,49,30,25,51,23,30,45,39,26,36,29,20,39,33,52,38,38,51,47,28,33,44,51,47,41,51,35,38,54,29,31,33,28,49,49,35,49,37,38,52,31,60,45,36,25,34,29,27,31,42,49,41,43,56,38,31,26,39,40,47,30,39,36,34,34,18,46,25,40,48,37,25,34,30,0,39,24,36,30,42,28,21,44,40,40,30,37,29,27,44,33,40,33,51,46,44,46,29,43,50,38,34,31,50,36,42,44,24,33,45,42,40,58,26,32,46,40,38,33,34,37
31,25,20,38,6,56,26,26,25,27,33,37,38,29,38,44,12,36,24,36,36,26,47,55,28,17,45,28,44,47,46,48,43,22,28,24,30,28,24,20,30,29,40,33,13,43,42,31,39,32,57,59,41,34,26,29,40,46,47,30,28,11,44,45,22,27,39,47,39,24,57,29,29,47,38,5,31,28,30,38,13,50,35,11,47,47,30,18,27,47,45,38,47,36,36,50,32,25,29,23,47,46,40,47,34,41,50,34,64,48,18,29,17,29,14,11,34,43,40,29,48,42,30,6,40,39,38,29,21,2,35,14,40,40,12,43,40,29,10,36,16,39,0,6,31,29,27,29,41,18,25,36,29,25,13,16,37,31,39,25,55,40,46,48,38,37,48,10,17,33,40,27,40,40,37,18,41,25,43,62,10,18,46,48,11,20,42,31
30,21,21,37,2,57,23,30,19,22,32,37,43,26,37,41,10,24,19,24,33,22,48,56,22,9,46,22,46,48,41,43,36,19,22,15,27,27,19,23,22,22,35,30,14,48,43,28,40,33,54,52,38,26,19,30,41,46,48,35,21,10,40,32,27,19,33,46,34,15,52,26,23,44,33,2,23,21,28,39,14,43,34,12,48,48,26,10,24,46,44,39,46,37,35,53,24,20,28,19,48,50,37,48,34,37,51,35,57,43,12,30,10,23,15,9,41,46,33,26,47,41,21,6,37,34,41,26,12,8,31,8,30,41,5,35,41,22,1,25,8,24,6,0,19,21,21,24,40,17,22,41,24,26,8,7,37,30,37,10,52,49,41,45,37,43,43,10,10,32,39,22,33,43,30,13,38,20,37,59,2,19,43,47,6,13,41,34
28,19,21,35,19,53,11,26,29,22,34,30,38,35,29,43,22,30,19,25,8,20,44,52,22,28,42,22,36,46,38,36,32,16,15,19,15,14,28,24,22,31,31,30,29,44,44,28,29,26,47,51,27,28,17,28,29,42,46,35,22,20,41,30,26,8,31,44,32,23,51,20,12,38,16,22,18,19,32,39,27,45,27,22,46,48,24,16,35,38,42,37,40,37,36,45,22,23,21,6,44,53,29,36,34,23,51,33,52,41,23,19,24,18,21,20,14,44,39,33,49,43,17,23,31,33,16,25,25,27,23,30,32,40,21,29,38,31,19,24,23,36,31,19,0,4,31,15,29,35,31,38,21,28,30,20,29,26,29,29,43,36,36,32,35,42,36,22,29,30,32,29,22,42,34,21,39,31,27,54,18,16,34,38,25,20,39,29
22,21,25,29,21,48,11,22,27,22,24,28,32,35,35,40,20,20,19,24,20,18,44,48,18,28,40,14,32,42,38,30,28,16,11,17,17,2,24,18,14,31,29,26,31,44,36,28,31,24,45,51,19,30,19,28,34,42,44,34,20,18,38,22,26,12,37,42,38,27,47,8,16,40,4,20,12,3,28,33,27,47,27,26,38,42,16,22,35,44,44,33,38,33,32,40,16,21,25,10,38,40,31,42,20,35,46,25,52,45,25,21,28,6,24,18,24,42,24,35,48,33,13,23,33,39,30,21,31,26,27,25,32,36,23,37,40,31,21,20,27,30,29,21,4,0,31,21,33,35,31,36,19,28,32,20,29,24,29,31,45,36,36,34,29,38,40,22,27,26,32,27,28,42,36,24,31,31,17,54,20,20,40,38,31,20,35,27
37,27,23,44,22,62,28,37,10,31,37,43,50,8,42,48,23,36,27,35,36,30,49,61,30,22,51,30,50,51,49,47,45,28,32,26,34,30,35,28,30,2,42,33,25,49,48,37,43,36,55,57,37,40,30,38,43,52,49,41,30,20,47,41,34,31,47,51,43,24,59,33,35,51,38,22,33,32,37,44,25,56,30,25,51,51,35,23,20,53,54,42,51,42,39,55,35,23,29,31,49,55,42,53,37,45,56,42,62,51,26,31,23,33,18,20,45,49,43,4,56,46,30,25,42,43,43,33,29,28,41,29,46,48,21,45,49,2,20,34,27,42,27,21,31,31,0,31,42,17,10,50,33,20,31,19,43,36,43,30,57,52,50,51,42,42,51,21,26,37,47,16,43,50,41,22,45,8,44,62,18,23,51,46,30,19,46,32
18,18,18,21,30,53,21,28,29,22,20,27,31,33,23,33,24,24,16,22,27,20,38,46,22,30,34,20,40,40,31,43,34,17,22,17,21,19,21,21,20,33,29,20,31,36,37,18,28,29,46,42,24,26,15,23,35,42,44,35,20,22,37,32,23,17,27,34,24,20,46,16,25,36,27,21,17,19,19,27,21,43,29,24,40,42,23,23,31,34,42,23,36,25,27,45,26,18,18,17,36,47,23,36,26,25,43,25,49,38,23,8,30,19,21,21,32,36,41,35,37,31,19,26,21,32,40,10,31,27,25,27,34,35,24,27,39,33,26,23,24,28,29,24,15,21,31,0,32,31,27,35,10,29,26,24,23,24,25,27,46,43,33,29,23,31,35,25,28,22,41,29,33,31,29,19,27,33,35,49,30,20,27,29,26,20,29,29
35,32,36,37,42,45,42,33,40,34,36,34,31,43,45,29,35,40,29,33,25,32,43,53,20,33,45,14,36,43,33,39,35,38,17,39,41,39,36,38,26,45,37,37,32,41,35,37,4,33,46,48,9,26,39,24,33,49,45,38,22,32,29,31,23,25,42,47,22,32,48,34,41,45,25,35,35,41,38,35,26,45,39,32,49,47,36,30,45,47,47,35,45,41,32,39,30,35,37,25,45,53,41,43,35,35,49,43,47,51,35,32,31,38,30,33,29,43,35,43,45,40,36,40,43,18,33,34,30,38,37,35,38,31,36,37,39,43,40,21,36,21,41,40,29,33,42,32,0,45,41,29,34,41,37,25,33,35,31,34,46,43,29,31,43,44,31,34,31,32,31,44,43,27,46,29,16,44,27,47,39,37,35,31,39,29,36,41
39,29,27,42,19,65,30,41,22,33,37,40,47,28,38,47,21,40,27,37,39,33,51,57,32,28,51,33,50,51,50,49,50,30,33,28,34,32,32,28,33,29,44,39,21,49,48,37,45,37,52,56,45,45,30,37,44,49,51,41,33,19,51,43,35,33,45,51,42,28,52,37,35,51,42,21,33,28,39,42,22,58,28,21,51,51,37,16,24,51,49,36,51,42,45,59,42,27,33,33,51,61,38,51,39,43,59,42,63,52,20,31,28,33,22,21,47,49,46,26,57,46,36,21,36,44,49,29,27,22,41,20,42,50,20,43,50,23,17,33,25,44,18,17,35,35,17,31,45,0,19,51,29,16,27,24,43,41,43,30,60,55,45,47,44,44,49,17,27,37,51,27,49,47,50,26,42,27,44,65,17,26,49,51,32,20,48,22
33,23,23,38,22,60,30,39,8,33,33,39,47,6,38,45,20,31,23,32,41,34,47,57,34,24,47,34,46,45,49,52,42,24,32,26,30,28,26,24,34,8,38,31,22,43,49,33,41,37,52,54,42,36,26,33,44,49,47,40,34,22,43,40,31,31,40,47,38,21,52,31,29,47,39,21,29,28,33,38,24,56,27,21,47,45,31,23,2,47,46,38,47,38,40,56,34,23,27,29,45,52,38,47,33,39,50,38,57,50,21,27,23,29,18,21,43,45,42,4,54,42,30,22,38,38,46,27,24,25,32,23,42,49,18,39,45,16,21,33,23,40,25,22,31,31,10,27,41,19,0,47,27,12,22,17,39,34,39,28,58,52,49,47,38,47,45,24,24,33,50,8,46,49,42,16,44,10,42,63,21,26,45,51,25,17,42,32
37,35,33,12,41,40,43,45,49,40,35,40,4,50,36,8,40,27,37,45,32,40,42,54,40,32,38,40,38,40,10,50,41,30,39,37,35,34,43,30,36,50,6,37,31,42,24,31,29,36,39,39,35,43,41,38,39,39,46,27,38,39,40,38,22,38,18,38,33,38,41,31,36,36,28,36,24,37,43,28,31,38,44,43,34,46,34,43,48,38,42,38,36,30,35,40,45,31,35,40,40,40,30,38,46,38,14,10,42,42,42,35,32,32,41,38,37,40,35,50,26,42,38,45,32,35,33,35,33,41,34,38,45,24,39,36,4,50,41,30,43,40,36,41,38,36,50,35,29,51,47,0,33,44,42,40,39,42,41,35,33,48,22,26,28,34,34,47,32,33,34,47,35,20,46,41,39,50,35,38,40,42,34,22,46,40,34,46
22,18,20,25,26,53,21,28,29,20,20,33,31,33,25,39,28,24,20,24,29,20,34,46,22,32,30,20,40,40,27,45,32,19,20,25,23,17,17,17,24,33,21,22,29,34,39,24,38,21,46,46,28,28,19,25,33,38,38,29,20,24,38,32,25,23,27,30,28,20,48,18,19,38,27,21,19,19,22,29,31,45,31,24,38,38,21,19,33,34,38,23,36,25,35,45,27,18,16,15,36,47,27,30,26,23,41,23,51,38,23,10,30,19,19,21,36,34,39,31,37,33,25,26,23,32,43,2,33,27,25,29,32,37,26,27,39,33,22,21,28,30,29,24,21,19,33,10,34,29,27,33,0,27,26,20,29,26,31,29,46,41,37,39,25,39,29,29,30,24,45,27,35,29,35,19,35,31,39,49,26,22,31,29,30,22,33,31
33,23,23,38,26,58,30,37,16,33,33,40,44,16,38,46,25,33,25,35,35,33,47,57,33,30,47,33,50,47,46,50,44,24,33,26,32,26,31,24,33,10,38,29,24,45,44,33,41,32,53,53,39,35,26,33,43,51,47,42,33,21,46,40,34,28,42,47,39,25,53,29,30,47,31,22,30,30,31,38,24,52,22,25,47,47,31,26,14,47,45,38,47,38,36,50,35,27,29,28,47,56,38,45,34,40,54,38,58,50,28,29,28,30,18,20,41,45,44,16,54,42,32,27,38,43,40,27,28,24,36,23,41,44,22,40,50,16,28,30,22,37,25,26,28,28,20,29,41,16,12,44,27,0,29,21,40,38,40,32,55,46,44,44,38,46,44,25,28,31,48,10,42,44,41,20,37,16,44,60,25,25,44,46,25,19,42,26
26,24,23,41,8,53,29,36,26,34,34,43,40,29,39,40,15,29,17,37,30,32,54,56,33,11,48,28,41,50,44,41,41,18,33,25,31,25,21,20,34,30,39,28,24,48,46,30,37,32,51,51,33,33,15,29,37,52,48,31,28,14,42,36,20,28,40,48,29,9,51,26,28,42,32,17,28,27,27,41,20,51,37,23,54,54,27,23,22,48,46,35,48,39,35,43,29,29,36,30,48,51,39,48,35,40,49,41,60,41,22,28,11,26,11,23,33,46,35,29,47,41,29,12,39,33,35,26,10,12,34,21,40,46,16,44,44,30,8,26,20,29,13,8,30,32,31,26,37,27,22,42,26,29,0,10,42,36,42,12,51,43,46,38,35,39,44,10,11,42,43,27,35,36,43,15,44,29,35,58,7,28,46,42,7,14,37,32
26,16,18,31,9,53,25,28,19,24,30,30,39,19,31,41,14,26,14,28,28,25,46,48,23,7,42,25,38,46,41,39,35,17,21,21,25,21,21,19,25,19,33,28,17,40,34,26,25,28,50,46,27,25,17,26,36,49,44,35,25,10,39,33,22,22,41,42,31,8,48,24,28,34,24,16,20,21,24,33,17,47,29,14,46,44,26,8,19,42,45,35,44,33,27,41,29,19,28,20,44,48,33,42,30,33,47,33,55,45,14,24,7,18,7,10,32,40,33,19,46,39,27,15,33,35,40,20,11,22,29,18,33,32,5,35,43,19,8,24,19,27,16,7,20,20,19,24,25,24,17,40,20,21,10,0,34,27,36,15,49,41,42,39,31,40,37,14,7,29,33,17,34,38,42,3,34,19,39,55,8,22,37,40,13,4,35,27
33,31,35,32,35,36,31,32,40,30,29,9,39,43,18,41,37,37,33,35,36,30,42,50,31,38,36,34,44,42,43,36,41,32,32,33,37,30,31,26,32,45,34,33,37,36,40,31,41,30,40,44,33,33,25,37,42,29,38,41,30,32,45,34,38,31,32,32,37,36,38,33,27,42,30,34,25,31,37,26,37,45,40,36,46,42,28,35,43,34,31,28,36,20,39,44,31,31,29,35,30,56,26,42,31,20,45,24,51,36,37,23,42,21,32,32,44,36,38,43,49,31,35,37,26,39,40,29,37,33,32,39,38,28,35,12,38,45,33,34,39,44,37,37,29,29,43,23,33,43,39,39,29,40,42,34,0,28,12,39,42,42,27,25,28,29,17,37,38,29,48,40,38,33,44,32,27,43,37,51,37,28,23,29,34,36,35,40
22,28,28,34,36,57,25,1,36,8,28,41,40,40,24,48,30,24,30,13,36,17,40,56,16,32,44,17,14,46,42,44,9,27,9,25,34,25,25,31,17,32,36,20,37,38,44,28,31,29,49,53,15,26,19,28,32,40,48,41,17,33,38,21,37,28,42,42,32,30,53,20,34,40,26,31,28,27,32,36,33,47,37,36,38,46,25,30,40,42,38,34,44,34,43,49,7,32,36,24,38,36,32,44,33,28,53,32,60,42,38,24,32,34,30,31,28,36,36,40,45,39,30,38,34,37,44,26,41,33,32,36,41,40,32,34,46,34,30,33,34,33,31,30,26,24,36,24,35,41,34,42,26,38,36,27,28,0,30,38,47,46,34,46,34,32,42,32,29,30,22,35,34,42,44,30,43,36,36,52,30,28,46,40,43,25,35,37
27,33,35,30,35,38,33,32,38,34,31,13,33,43,12,41,37,37,35,39,36,34,38,40,29,36,26,30,46,34,45,50,41,32,32,33,33,30,35,28,36,45,30,33,37,30,32,33,33,28,46,42,39,35,29,31,42,33,36,37,30,32,47,34,40,27,30,30,35,40,32,33,27,38,34,34,27,29,35,24,37,41,40,34,46,38,26,35,43,32,35,28,28,14,41,44,35,29,29,35,30,56,22,36,31,20,41,24,49,48,39,25,38,27,34,30,40,32,38,43,51,27,35,35,22,41,30,31,35,35,26,37,38,28,35,16,40,43,33,30,39,40,39,37,29,29,43,25,31,43,39,41,31,40,42,36,12,30,0,41,38,56,31,31,30,31,27,37,38,33,46,40,36,40,46,34,35,43,31,41,37,28,23,39,36,36,19,40
35,24,26,40,10,51,24,36,30,29,37,42,43,31,36,37,15,29,14,31,23,29,55,55,33,13,45,29,42,51,37,41,41,25,31,22,32,32,21,21,28,33,38,35,22,51,33,37,34,27,44,44,32,35,28,39,37,53,53,27,29,13,34,34,19,29,40,45,26,13,52,35,25,51,25,17,28,34,32,40,12,41,34,22,53,51,33,18,30,47,45,38,47,40,35,45,31,28,33,31,47,48,36,43,29,46,47,42,53,37,19,27,10,34,20,23,37,51,29,29,43,40,32,16,36,28,35,29,11,24,38,21,43,35,16,40,41,29,9,25,12,33,25,10,29,31,30,27,34,30,28,35,29,32,12,15,39,38,41,0,46,39,35,35,40,47,37,24,13,31,41,24,33,39,39,26,39,27,33,49,11,19,37,37,13,15,46,32
38,42,44,41,52,53,50,55,56,47,42,45,19,59,37,35,51,44,44,54,41,45,53,41,49,45,32,49,54,44,29,47,57,45,46,52,45,45,46,43,51,57,39,42,42,32,45,48,48,41,10,20,46,48,46,44,42,37,48,44,45,46,52,51,39,45,42,30,38,49,26,46,45,44,41,51,47,50,48,41,42,30,55,52,47,48,45,48,59,28,35,49,24,37,44,28,52,44,42,47,26,61,41,34,48,50,50,39,31,55,47,46,45,41,47,51,52,34,40,57,38,41,47,52,41,48,50,46,48,52,53,49,56,41,50,34,31,55,51,35,52,51,55,52,43,45,57,46,46,60,58,33,46,55,51,49,42,47,38,46,0,53,39,25,41,40,27,52,45,48,53,56,50,41,55,49,44,57,50,27,51,49,33,29,51,52,33,55
45,48,48,50,49,28,43,49,50,45,49,50,50,52,48,48,47,48,42,50,26,41,55,58,41,36,55,41,36,51,52,8,45,43,48,39,48,44,45,46,41,50,52,47,41,51,50,47,45,42,47,51,40,42,45,53,28,46,55,28,41,44,31,38,32,30,53,59,46,41,37,49,43,57,24,44,39,37,53,48,35,43,53,41,53,57,41,39,50,57,56,52,51,52,24,29,42,45,45,38,53,44,54,57,47,48,43,50,56,18,40,43,37,41,41,38,24,49,41,50,41,46,40,47,54,35,26,41,38,41,45,44,45,42,45,42,48,50,42,38,45,46,40,49,36,36,52,43,43,55,52,48,41,46,43,41,42,46,56,39,53,0,46,48,52,35,48,43,36,51,32,50,24,50,50,41,37,50,39,52,43,49,46,50,42,41,54,53
35,40,44,38,41,40,39,38,49,36,38,22,30,44,30,30,46,43,35,37,28,36,44,54,32,32,42,34,42,42,32,54,41,34,35,41,44,42,41,38,32,50,36,39,31,38,22,35,27,28,33,35,27,39,39,37,43,42,44,29,32,37,50,34,28,34,44,46,33,34,37,37,38,42,32,44,38,47,39,40,31,44,46,43,52,40,42,41,48,36,44,36,38,26,39,40,37,37,35,34,44,36,26,40,45,36,38,36,42,44,38,33,32,40,39,36,29,44,37,44,34,42,48,43,28,35,33,37,33,43,42,42,45,6,39,34,36,48,41,28,41,44,46,41,36,36,50,33,29,45,49,22,37,44,46,42,27,34,31,35,39,46,0,24,34,32,26,45,32,39,42,47,39,28,44,39,39,50,29,46,40,42,22,32,46,36,40,46
31,41,39,32,45,32,39,40,49,36,40,24,24,50,24,28,42,43,35,35,30,36,48,44,34,30,38,40,40,42,28,44,41,38,35,39,44,45,45,34,40,51,34,35,35,34,28,44,33,32,27,29,31,39,37,41,33,42,42,45,34,39,44,34,24,40,39,36,31,36,33,37,38,48,28,40,36,35,45,34,27,39,44,41,42,40,38,41,50,42,38,28,32,22,47,20,37,41,31,42,18,46,26,40,44,27,42,35,24,42,44,29,30,32,42,40,41,36,31,50,36,38,38,45,28,33,39,39,31,47,42,40,45,24,41,9,30,49,44,30,43,46,48,45,32,34,51,29,31,47,47,26,39,44,38,39,25,46,31,35,25,48,24,0,30,8,12,43,30,43,50,47,39,28,46,42,31,48,29,36,44,36,16,20,44,41,40,46
21,25,25,18,37,44,34,39,38,29,23,26,24,42,20,30,37,24,25,34,35,32,35,39,32,35,37,24,38,43,24,42,45,26,36,30,28,22,34,32,32,42,14,21,38,43,38,29,45,37,45,45,28,27,30,31,42,39,35,32,24,31,38,42,35,31,24,37,26,31,45,23,35,13,39,34,23,28,31,14,36,45,38,37,33,37,28,36,42,39,39,22,29,26,38,42,36,33,15,35,31,44,26,35,33,22,37,14,42,36,40,23,35,25,28,34,34,41,42,42,43,26,30,35,28,31,38,25,32,34,33,36,31,34,31,24,28,42,37,31,35,29,38,37,35,29,42,23,43,44,38,28,25,38,35,31,28,34,30,40,41,52,34,30,0,27,30,36,35,31,50,38,38,14,37,28,35,42,41,44,35,31,40,30,41,31,22,36
37,41,41,32,41,51,40,29,46,30,35,25,28,46,23,30,41,40,37,41,32,31,43,41,38,42,39,39,55,39,36,49,41,34,33,34,39,40,33,34,39,46,37,41,43,35,36,40,40,34,40,43,36,42,36,35,39,31,39,51,37,40,51,47,34,35,36,37,32,38,42,36,37,47,38,40,33,36,34,32,39,50,44,44,45,39,40,39,46,31,31,29,29,23,47,39,31,41,33,36,19,57,29,27,37,29,47,32,51,43,47,31,42,35,40,44,45,33,49,48,47,37,43,43,29,37,47,39,45,37,39,43,50,34,41,10,34,44,41,38,41,43,37,43,42,38,42,31,44,44,47,34,39,46,39,40,29,32,31,47,40,35,32,8,27,0,36,41,42,43,55,46,45,40,47,43,33,44,44,45,43,37,32,32,40,44,33,46
35,37,35,41,45,36,37,38,47,42,41,16,32,50,32,34,44,41,35,43,38,38,48,52,38,36,36,42,42,46,28,52,51,36,37,39,40,38,47,36,36,48,38,39,35,32,32,35,37,28,29,31,33,45,39,37,35,36,42,41,38,41,42,42,30,42,42,32,31,36,25,37,28,44,26,40,34,41,43,32,29,42,46,37,48,44,36,39,50,30,36,32,34,30,35,24,41,35,37,42,32,52,26,34,42,27,38,37,30,52,36,35,34,30,38,38,39,30,37,50,42,44,42,41,30,37,39,29,33,43,44,40,41,28,41,27,34,50,42,28,41,50,48,43,36,40,51,35,31,49,45,34,29,44,44,37,17,42,27,37,27,48,26,12,30,36,0,47,30,37,48,47,35,38,48,38,29,48,27,44,44,38,8,18,40,39,38,46
33,24,20,40,10,57,26,30,22,31,33,38,47,21,38,49,6,30,18,28,37,32,49,57,30,20,47,29,48,49,45,43,39,20,27,24,30,26,20,22,32,25,36,33,22,45,49,29,38,31,52,56,32,32,24,29,41,49,47,33,29,9,43,34,31,22,41,47,36,20,58,29,26,45,35,9,28,24,29,38,16,49,33,3,47,49,30,3,21,51,47,40,47,38,35,53,24,23,27,26,47,52,36,47,31,41,49,38,61,43,4,25,24,24,12,3,41,45,41,21,51,44,28,8,38,40,39,29,8,6,29,10,40,47,4,41,45,26,10,31,16,38,10,10,22,22,21,25,34,17,24,47,29,25,10,14,37,32,37,24,52,43,45,43,36,41,47,0,18,35,41,23,33,45,44,10,42,27,34,59,12,22,43,41,22,10,40,31
24,22,20,39,9,46,25,33,29,38,32,43,34,22,41,34,15,28,22,36,22,30,50,54,32,1,44,29,39,50,36,40,42,19,32,19,31,27,23,15,32,22,35,28,12,44,32,28,31,24,45,39,29,26,25,29,34,47,50,30,30,9,33,31,22,27,37,44,29,9,45,30,28,44,20,17,27,29,24,39,6,46,31,20,48,48,30,22,24,48,47,41,48,41,26,38,32,25,30,31,48,41,37,48,27,40,42,39,48,40,19,26,1,27,6,20,32,42,32,22,46,41,29,15,39,31,28,30,3,20,29,19,38,30,5,41,44,26,10,20,18,34,17,10,29,27,26,28,31,27,24,32,30,28,11,7,38,29,38,13,45,36,32,30,35,42,30,18,0,35,38,25,36,30,40,8,29,29,30,48,9,30,34,36,10,11,43,35
26,20,20,33,32,59,27,34,34,28,24,29,39,38,29,39,32,27,23,29,33,19,40,48,25,37,38,25,45,30,39,45,41,20,31,29,19,23,33,17,29,37,29,26,34,42,41,22,28,30,50,48,45,34,26,10,43,36,40,31,19,24,45,45,34,24,35,38,35,32,52,28,26,42,31,25,20,29,22,33,38,37,33,32,34,32,26,27,37,38,44,35,40,29,37,49,34,20,25,28,42,54,33,40,26,27,45,27,51,51,33,22,34,24,28,27,35,42,41,40,46,31,27,28,35,22,29,24,38,31,29,31,29,41,27,37,39,37,32,30,32,31,33,32,30,26,37,22,32,37,33,33,24,31,42,29,29,30,33,31,48,51,39,43,31,43,37,35,35,0,47,34,35,41,31,28,22,36,35,53,32,21,39,39,33,29,33,33
39,48,48,50,39,28,44,21,48,37,43,51,46,53,52,50,43,45,42,30,34,17,51,66,17,38,59,17,30,49,48,32,25,36,20,45,50,38,39,46,17,51,48,37,45,49,46,39,29,34,53,53,16,33,43,41,24,46,57,36,17,42,39,14,38,36,38,53,44,47,55,40,37,51,32,48,41,34,42,50,41,51,51,39,55,51,47,41,53,55,48,44,59,44,36,37,22,45,47,32,53,25,48,53,51,48,43,54,60,34,42,41,37,37,43,40,24,53,41,53,39,50,40,51,50,53,28,45,30,49,49,46,49,42,37,48,46,52,38,42,47,50,40,39,32,32,47,41,31,51,50,34,45,48,43,33,48,22,46,41,53,32,42,50,50,55,48,41,38,47,0,52,40,50,52,42,49,51,47,60,37,40,50,46,44,43,52,47
33,23,23,38,22,60,28,39,6,33,33,39,49,2,38,47,21,33,23,32,37,34,45,57,31,25,47,34,52,45,44,52,42,24,30,24,30,26,28,24,34,6,38,33,24,45,47,33,44,35,54,58,42,38,26,33,44,49,45,42,34,18,39,40,33,29,41,47,38,21,56,31,31,47,37,19,29,30,33,38,23,53,28,21,45,45,31,23,8,47,48,38,47,38,36,56,33,23,31,29,47,57,38,47,33,41,52,38,61,52,20,29,29,29,20,21,43,45,46,6,51,42,32,26,36,42,45,27,22,27,34,25,37,47,21,39,45,10,21,33,26,36,27,22,29,27,16,29,44,27,8,47,27,10,27,17,40,35,40,24,56,50,47,47,38,46,47,23,25,34,52,0,44,43,45,16,44,10,40,61,17,25,47,47,29,17,42,28
31,31,33,44,33,46,25,43,44,39,33,45,45,46,42,37,39,36,35,40,26,29,49,55,39,36,49,37,37,45,43,26,43,32,32,31,33,34,39,30,37,44,42,35,41,47,39,37,41,28,50,46,34,43,39,33,18,39,51,24,37,40,36,34,28,26,45,49,26,34,44,36,30,43,18,38,31,33,43,46,39,32,43,33,53,49,33,33,46,47,47,46,47,42,26,36,38,33,35,32,49,46,40,45,37,38,38,44,57,33,40,33,35,31,34,36,32,45,18,46,30,44,28,37,42,31,22,35,30,35,43,38,38,37,41,42,43,44,32,32,43,42,40,33,22,28,43,33,43,49,46,35,35,42,35,34,38,34,36,33,50,24,39,39,38,45,35,33,36,35,40,44,0,41,45,34,33,45,28,51,31,34,31,41,22,37,42,43
29,39,39,30,47,34,41,36,41,32,35,46,14,48,30,28,38,29,35,43,34,28,38,52,30,32,38,32,40,40,34,38,37,28,43,29,37,37,37,38,30,50,26,31,35,34,30,33,29,32,43,43,29,41,37,37,43,37,44,37,34,37,36,32,36,34,36,38,33,36,35,33,30,26,40,36,28,31,37,28,37,38,44,41,50,40,34,43,50,44,30,26,40,34,37,38,31,37,35,34,40,44,26,46,43,32,26,18,34,44,40,31,30,30,36,40,31,38,33,48,38,30,44,45,28,35,31,29,33,45,42,44,51,28,39,38,22,50,43,40,43,44,40,43,42,42,50,31,27,47,49,20,29,44,36,38,33,42,40,39,41,50,28,28,14,40,38,45,30,41,50,43,41,0,36,34,41,48,23,34,46,36,20,14,44,36,42,42
30,38,39,37,32,62,34,41,42,28,34,36,40,50,35,42,34,34,30,31,44,30,47,63,30,41,47,30,39,49,52,51,39,23,30,32,37,33,42,30,32,46,41,36,45,47,46,28,44,40,57,57,45,26,33,20,39,53,49,43,29,30,52,46,38,36,32,45,44,35,55,32,40,43,46,36,38,40,10,35,39,44,43,42,47,47,18,43,47,47,49,43,43,41,41,56,39,40,39,32,43,49,39,49,39,42,52,29,62,49,38,27,42,38,41,37,44,49,43,50,56,39,39,36,41,45,48,35,47,40,43,40,6,44,37,34,42,42,35,42,32,24,37,30,34,36,41,29,46,50,42,46,35,41,43,42,44,44,46,39,55,50,44,46,37,47,48,44,40,31,52,45,45,36,0,40,39,45,46,66,36,35,42,38,38,39,37,42
23,19,17,30,11,53,22,32,18,23,27,30,38,24,32,40,13,23,11,25,24,22,45,47,22,8,37,22,31,47,42,43,35,10,22,12,24,20,22,18,22,21,32,25,16,37,39,23,29,28,49,47,27,27,12,25,43,39,45,36,22,5,33,26,27,20,40,37,29,7,47,21,23,33,26,16,24,20,23,34,18,48,28,15,47,45,21,8,20,41,41,34,41,30,36,44,26,19,27,21,41,53,30,41,29,34,49,28,56,40,12,19,10,20,4,14,33,37,36,22,49,36,24,13,30,35,34,19,12,20,28,20,38,37,5,34,48,21,13,25,19,33,18,13,21,24,22,19,29,26,16,41,19,20,15,3,32,30,34,26,49,41,39,42,28,43,38,10,8,28,42,16,34,34,40,0,35,24,34,56,11,19,38,38,18,3,36,27
28,31,25,43,38,51,36,45,43,43,30,34,39,44,35,37,39,38,31,38,23,27,47,59,33,30,41,27,43,41,35,41,41,30,38,42,41,37,38,28,33,45,39,28,32,37,37,28,24,19,40,44,24,34,39,33,47,44,49,26,27,31,38,33,33,23,42,41,16,38,46,32,33,47,27,33,31,36,34,37,33,45,39,38,43,49,30,36,43,43,43,39,45,41,28,39,38,29,29,23,41,49,41,39,35,33,56,35,41,45,37,27,34,33,35,31,37,39,41,44,48,36,34,36,43,12,33,35,31,38,37,37,39,39,33,35,45,45,39,21,36,45,41,38,39,31,45,27,16,42,44,39,35,37,44,34,27,43,35,39,44,37,39,31,35,33,29,42,29,22,49,44,33,41,39,35,0,45,29,49,39,34,27,35,31,38,38,39
37,27,27,42,20,62,34,37,10,35,37,43,48,16,42,48,20,38,23,37,40,36,49,61,36,26,51,36,48,49,48,47,49,24,36,30,34,30,34,24,36,14,42,35,23,49,50,37,44,34,57,57,41,40,30,36,43,54,49,41,36,23,48,41,36,31,45,51,41,24,57,35,31,51,38,23,33,32,37,42,24,54,26,29,51,51,35,22,10,51,54,42,51,42,41,57,39,27,31,31,49,54,42,49,36,45,53,42,62,51,30,33,26,33,24,21,44,49,45,12,54,46,34,22,42,44,46,31,27,25,41,26,47,50,24,43,46,14,21,36,27,42,25,20,31,31,8,33,44,27,10,50,31,16,29,19,43,36,43,27,57,50,50,48,42,44,48,27,29,36,51,10,45,48,45,24,45,0,47,64,19,27,48,50,25,19,46,32
37,41,37,39,41,57,29,42,43,36,37,44,35,46,39,33,34,33,35,43,30,26,51,57,35,30,51,30,31,53,47,37,37,36,34,33,28,30,40,36,34,42,43,37,29,49,23,37,27,28,54,50,25,37,39,39,22,41,49,24,30,39,27,21,28,35,45,49,31,34,50,27,37,53,10,38,37,33,41,43,31,42,42,35,51,47,36,33,44,47,43,39,53,43,30,44,36,37,39,37,53,46,41,51,41,37,54,39,51,49,42,35,28,35,34,36,26,51,30,46,48,45,36,43,41,25,28,39,29,42,24,44,49,29,41,43,43,42,37,26,43,40,43,37,27,17,44,35,27,44,42,35,39,44,35,39,37,36,31,33,50,39,29,29,41,44,27,34,30,35,47,40,28,23,46,34,29,47,0,51,38,38,27,41,34,37,45,44
45,53,55,50,57,56,55,52,61,54,45,48,38,62,42,42,58,55,53,57,40,54,56,39,56,50,46,54,57,50,50,60,59,48,59,55,55,52,53,48,52,65,50,47,43,48,50,53,49,44,33,33,47,57,53,57,51,42,50,45,56,51,61,54,44,54,59,48,49,56,37,51,50,43,42,56,50,57,53,46,43,41,60,57,58,48,52,51,64,47,49,56,43,46,53,39,57,51,51,52,37,68,46,52,51,53,53,48,12,50,52,49,50,52,56,56,45,48,49,62,51,48,56,57,48,49,55,49,53,57,54,54,65,48,55,43,46,65,58,40,59,58,62,59,54,54,62,49,47,65,63,38,49,60,58,55,51,52,41,49,27,52,46,36,44,45,44,59,48,53,60,61,51,34,66,56,49,64,51,0,58,52,38,32,58,57,54,60
30,20,20,37,2,55,23,30,15,22,32,34,42,26,37,40,8,24,18,23,32,22,48,56,22,9,46,22,45,48,42,35,36,19,21,15,27,27,19,23,26,21,35,30,13,48,42,28,39,32,53,51,37,28,19,28,31,46,48,33,22,9,39,39,26,18,33,46,35,15,51,26,18,44,28,7,24,21,28,39,13,41,33,14,48,48,30,12,24,46,44,39,46,37,33,51,24,20,32,18,48,49,37,48,32,37,49,37,56,43,12,30,8,24,13,7,39,46,33,26,47,41,21,6,37,29,31,26,10,12,31,8,28,40,14,35,38,22,1,24,6,26,10,2,18,20,18,30,39,17,21,40,26,25,7,8,37,30,37,11,51,43,40,44,35,43,44,12,9,32,37,17,31,46,36,11,39,19,38,58,0,19,42,44,5,12,39,33
26,2,6,33,19,58,21,28,25,18,24,32,38,31,35,40,24,33,20,26,34,19,42,52,19,28,44,19,45,42,42,44,33,17,19,15,25,21,13,9,19,27,39,30,24,46,50,30,35,28,51,47,33,36,13,27,34,39,42,18,19,15,45,31,16,14,34,44,25,22,53,26,16,42,32,20,22,21,33,33,27,42,35,21,42,40,22,19,29,42,39,39,40,31,24,50,23,8,24,20,44,51,35,48,30,36,46,35,56,38,22,20,24,24,19,18,32,44,40,31,42,35,23,19,37,22,32,22,27,22,26,22,34,44,19,28,46,27,16,22,24,32,18,19,16,20,23,20,37,26,26,42,22,25,28,22,28,28,28,19,49,49,42,36,31,37,38,22,30,21,40,25,34,36,35,19,34,27,38,52,19,0,38,36,24,22,41,35
35,35,35,41,43,30,37,44,47,44,37,12,32,50,28,28,44,41,33,49,34,40,44,50,44,36,36,38,40,44,28,52,51,34,41,39,42,34,45,36,44,48,32,41,35,32,32,39,35,32,33,35,37,45,39,39,31,38,38,41,44,41,46,42,28,42,44,40,29,36,23,41,32,46,26,40,40,35,41,36,29,32,46,37,48,46,34,35,50,28,38,40,38,26,35,34,47,37,39,42,36,48,32,34,44,27,42,37,30,52,36,27,34,34,38,38,39,34,41,50,36,40,36,41,34,39,39,31,33,45,42,38,45,26,43,29,36,50,42,28,41,46,46,43,34,40,51,27,35,49,45,34,31,44,46,37,23,46,23,37,33,46,22,16,40,32,8,43,34,39,50,47,31,20,42,38,27,48,27,38,42,38,0,18,40,39,38,46
41,37,39,28,43,36,41,44,47,40,37,40,18,50,34,28,44,43,39,47,30,40,44,50,42,34,38,36,42,38,26,44,47,40,39,41,41,34,41,40,44,48,26,39,35,44,34,33,29,32,29,37,35,47,39,41,45,36,44,29,36,41,36,38,30,34,35,36,25,42,31,37,38,42,28,42,36,43,43,10,31,45,46,41,46,40,34,37,50,38,46,38,36,36,41,38,43,37,33,40,38,34,34,42,46,37,28,18,34,50,40,29,34,34,38,38,33,34,31,48,34,34,42,43,34,31,37,29,39,41,38,38,41,32,43,33,20,46,42,30,43,40,48,47,38,38,46,29,31,51,51,22,29,46,42,40,29,40,39,37,29,50,32,20,30,32,18,41,36,39,46,47,41,14,38,38,35,50,41,32,44,36,18,0,42,43,42,46
36,25,21,43,5,56,25,29,25,32,30,39,42,24,41,42,19,34,15,32,32,30,54,54,30,11,50,29,41,50,44,42,44,19,34,23,35,33,18,21,30,31,45,36,6,50,46,34,39,26,53,55,39,36,27,32,32,49,50,26,30,14,37,33,20,25,39,50,33,13,53,32,29,50,34,13,27,31,30,39,8,38,36,18,52,48,32,18,30,52,47,43,52,39,32,48,36,20,36,27,50,45,39,50,31,39,50,41,56,38,17,26,11,27,20,16,38,50,32,24,44,43,29,9,39,35,32,30,15,16,35,13,34,44,13,34,44,29,5,30,22,38,11,6,25,31,30,26,39,32,25,46,30,25,7,13,34,43,36,13,51,42,46,44,41,40,40,22,10,33,44,29,22,44,38,18,31,25,34,58,5,24,40,42,0,15,47,34
26,14,16,31,11,53,23,31,17,22,26,28,39,19,31,41,12,29,10,26,24,23,46,50,25,11,40,23,42,48,41,41,35,15,23,17,25,21,23,15,23,19,33,26,17,38,36,24,29,30,50,50,27,27,19,28,40,45,46,35,23,4,35,37,26,20,39,40,31,4,50,22,22,38,24,14,20,21,24,31,9,49,27,18,48,46,22,18,19,42,45,35,44,33,35,47,27,18,30,24,44,48,31,42,28,36,50,33,55,43,16,20,11,18,3,14,34,38,35,19,46,39,25,9,31,35,34,22,11,24,31,22,37,34,5,37,47,19,10,26,19,33,20,13,20,20,19,20,29,20,17,40,22,19,14,4,36,25,36,15,52,41,36,41,31,44,39,10,11,29,43,17,37,36,39,3,38,19,37,57,12,22,39,43,15,0,35,28
21,35,33,18,39,54,38,35,42,33,19,37,36,46,32,36,41,30,27,36,43,26,33,45,30,41,41,28,48,37,32,44,45,22,36,30,28,30,42,32,34,46,18,21,42,43,42,19,36,41,45,45,38,33,30,31,46,37,37,40,26,33,50,37,39,31,27,41,38,39,45,25,35,33,39,36,29,36,23,30,38,45,42,37,33,43,20,36,46,23,43,26,13,26,38,50,38,37,35,37,39,60,32,37,25,29,41,14,42,44,44,29,41,31,36,36,42,39,38,46,37,22,36,37,32,32,38,33,38,40,37,38,35,40,35,39,30,46,41,43,41,34,42,41,39,35,46,29,36,48,42,34,33,42,37,35,35,35,19,46,33,54,40,40,22,33,38,40,43,33,52,42,42,42,37,36,38,46,45,54,39,41,38,42,47,35,0,42
33,30,29,38,32,63,28,36,28,31,35,40,44,32,38,46,33,31,30,33,37,31,47,57,31,32,47,29,51,49,44,49,43,29,31,34,32,34,38,31,31,30,36,33,32,41,44,33,39,31,53,53,37,35,34,32,41,51,47,39,31,26,45,41,37,29,42,47,39,31,51,29,31,47,35,29,33,32,31,36,32,56,4,30,47,47,31,29,34,49,51,34,47,38,43,53,33,32,30,33,43,54,38,45,35,40,54,38,60,48,31,29,31,27,25,29,39,45,41,32,54,42,32,34,38,43,43,31,30,34,36,33,40,46,26,40,48,30,34,32,32,37,31,34,29,27,32,29,41,22,32,46,31,26,32,27,40,37,40,32,55,53,46,46,36,46,46,31,35,33,47,28,43,42,42,27,39,32,44,60,33,35,46,46,34,28,42,0
