0,20,20,12,22,29,14,18,30,7,2,15,16,28,15,18,25,9,10,9,14,8,18,34,8,23,20,8,24,24,16,25,24,9,8,13,6,6,24,11,8,28,10,4,22,20,17,2,16,20,26,26,16,14,13,4,19,28,16,24,8,25,34,18,12,12,14,20,15,25,26,6,11,26,14,20,11,5,8,15,21,24,19,22,18,24,9,16,28,20,24,9,14,15,24,23,14,20,14,12,19,30,11,24,12,17,24,12,35,26,20,10,23,11,18,21,20,20,18,25,24,11,10,21,11,15,20,17,25,25,12,19,20,17,21,17,16,24,26,18,20,18,24,22,9,7,28,10,12,30,27,16,17,30,25,19,15,18,13,23,26,26,17,21,13,24,17,25,23,12,27,29,20,23,24,18,20,27,18,35,26,17,17,23,23,21,9,26
20,0,2,18,10,42,22,21,15,15,10,19,29,18,17,30,10,21,4,17,19,15,38,48,15,14,28,15,31,37,30,32,29,12,15,18,19,19,4,1,15,16,29,23,10,29,32,24,24,9,39,34,22,23,12,17,26,30,36,13,15,13,36,24,7,13,22,28,19,12,39,19,14,38,20,9,14,22,22,21,14,36,23,10,38,37,12,14,14,24,32,29,34,17,13,36,17,2,17,14,28,38,28,28,18,19,36,15,44,32,11,8,10,20,9,10,23,29,26,15,36,27,24,14,28,16,25,6,11,11,23,12,30,30,11,21,30,16,9,7,14,26,9,10,15,20,16,8,24,20,14,30,6,19,13,12,19,21,19,15,38,32,30,27,26,27,30,11,14,10,30,17,26,25,32,9,22,13,30,44,9,2,30,30,15,8,29,23
20,2,0,18,10,42,16,31,17,21,10,19,25,20,17,29,10,23,6,21,20,21,40,48,24,15,28,21,33,37,32,33,34,5,19,10,19,20,6,1,21,18,31,21,10,29,32,23,25,7,39,34,25,23,6,17,25,30,38,13,21,10,35,27,7,14,28,28,19,17,39,21,12,34,21,9,18,21,24,21,14,38,23,10,40,37,16,9,17,24,32,31,34,17,13,36,23,2,15,15,28,38,28,28,9,19,38,15,44,32,12,9,14,22,9,10,26,29,26,16,36,27,22,13,28,16,26,6,19,10,26,11,31,28,11,21,29,14,12,7,13,24,9,10,16,21,14,9,27,18,16,32,6,19,17,13,19,29,19,16,40,33,30,27,29,27,25,12,15,10,34,18,25,21,34,9,16,15,30,44,9,4,27,30,14,10,31,23
12,18,18,0,27,30,19,20,32,16,12,12,8,32,8,8,29,10,15,16,15,17,18,31,17,28,14,17,24,19,6,26,22,14,17,18,14,14,20,17,17,31,2,13,27,19,18,13,19,24,27,27,17,19,12,11,17,27,20,24,17,29,37,20,19,15,2,16,15,27,27,14,12,20,15,24,11,18,14,10,25,12,30,25,18,19,12,26,29,12,25,12,16,14,25,24,23,18,21,15,23,32,14,17,20,11,14,2,32,26,25,10,32,11,24,26,20,21,18,33,12,13,18,25,15,18,19,15,31,25,14,23,23,20,27,16,8,32,31,23,23,19,21,27,15,15,31,10,18,35,32,8,15,35,34,27,12,20,12,27,22,27,18,18,9,18,18,28,28,12,27,33,21,15,24,24,19,25,20,28,31,18,18,17,28,27,11,30
22,10,10,27,0,43,19,28,18,22,21,29,33,18,27,33,4,22,13,20,21,20,36,46,20,6,36,19,30,37,33,29,31,14,18,10,21,17,14,13,20,15,27,22,8,36,31,23,28,19,40,42,22,26,11,25,25,40,36,25,20,4,37,24,19,20,29,36,24,11,42,20,17,36,19,3,19,21,22,27,8,39,26,10,36,37,20,12,19,36,40,25,36,27,25,37,24,16,18,17,36,38,27,36,21,29,39,27,47,33,6,16,6,19,9,4,27,36,27,15,39,31,23,2,27,30,27,17,8,4,25,4,26,33,3,28,33,18,2,19,8,24,6,2,17,15,17,16,28,13,14,33,17,15,8,7,27,28,28,10,42,29,33,33,27,38,31,10,5,25,29,15,25,31,28,9,30,18,27,47,2,14,33,31,5,7,31,26
29,42,42,30,43,0,35,36,52,33,31,20,28,50,30,28,46,38,42,35,34,35,31,34,36,40,33,35,33,30,28,35,40,34,36,37,32,36,42,40,35,51,30,33,43,19,30,31,32,34,15,27,34,37,33,39,35,25,31,30,35,45,43,38,38,38,32,32,34,45,15,36,32,29,33,46,32,32,38,26,39,24,48,39,29,30,39,41,52,33,17,33,33,30,30,10,36,43,34,36,31,32,30,31,40,32,24,30,28,36,46,32,43,36,42,44,36,17,28,52,24,29,32,46,31,37,34,36,39,47,35,45,43,21,45,32,28,50,45,32,47,41,44,44,38,37,51,32,32,52,49,28,36,53,45,40,22,35,17,43,29,35,18,28,26,34,14,47,42,39,28,52,35,24,42,42,38,53,30,28,44,41,14,24,43,45,31,48
14,22,16,19,19,35,0,26,24,9,13,23,25,24,17,25,22,15,14,17,11,10,28,36,10,21,26,10,24,26,25,27,31,11,10,9,11,2,21,15,10,28,19,5,22,26,25,11,21,17,32,32,16,19,13,14,23,27,28,22,10,20,32,18,17,14,24,26,19,22,32,7,16,28,11,18,12,2,16,18,23,31,17,14,26,26,15,12,30,28,30,14,23,16,22,29,16,22,17,11,24,32,11,26,15,22,31,15,37,23,15,12,25,3,19,21,21,26,17,25,31,23,6,13,11,21,15,13,27,20,16,20,22,22,20,20,25,22,21,16,18,18,20,18,7,3,28,12,21,27,29,25,13,27,23,15,22,26,19,16,32,25,22,23,18,30,23,15,21,17,28,24,21,24,22,19,21,26,27,37,21,19,23,24,19,18,23,23
18,21,31,20,28,36,26,0,31,7,24,23,25,34,21,23,34,27,25,9,20,7,31,41,6,31,32,7,32,29,23,32,7,24,7,21,22,23,31,30,7,30,20,16,29,28,27,19,27,26,30,29,7,16,21,21,26,35,33,27,7,24,38,15,26,27,22,33,13,23,30,8,28,30,24,29,28,22,26,24,24,29,25,24,31,29,27,24,35,33,29,14,32,21,27,27,4,33,25,28,29,25,21,29,25,19,31,14,36,35,25,26,31,17,24,25,23,28,26,30,29,28,20,26,24,23,23,25,30,32,19,33,25,22,30,19,21,28,28,26,28,18,26,28,24,16,30,26,27,36,39,25,25,35,24,25,20,1,22,33,34,33,21,20,14,18,21,22,31,28,35,35,27,23,27,24,29,34,20,36,28,20,21,23,24,24,23,34
30,15,17,32,18,52,24,31,0,25,29,34,44,8,33,45,14,27,14,27,29,24,41,49,25,20,46,23,42,42,38,42,40,17,28,19,28,27,22,16,24,7,31,26,21,46,42,27,33,30,47,49,35,34,18,25,36,50,40,32,23,11,39,39,22,25,34,45,35,16,52,21,26,44,27,20,26,29,27,32,19,47,21,14,43,44,26,16,10,43,50,36,47,32,32,46,25,17,20,23,43,47,34,43,25,35,45,29,57,43,19,19,16,30,9,19,35,45,37,4,45,42,30,15,34,33,35,19,17,20,31,17,38,40,12,37,43,6,12,28,13,38,14,13,29,29,5,20,33,12,8,45,18,6,19,9,31,30,36,20,48,42,40,42,33,46,39,17,20,25,42,6,36,42,42,11,33,14,40,58,11,17,42,42,22,9,35,20
7,15,21,16,22,33,9,7,25,0,12,17,21,28,17,25,28,13,16,2,20,1,26,36,1,26,28,1,17,26,25,30,13,15,1,14,10,10,24,20,1,22,12,9,25,22,17,9,25,21,28,32,9,16,14,13,24,30,26,26,1,18,33,11,19,18,21,28,13,15,28,2,18,28,14,24,18,5,9,17,26,31,17,17,26,26,14,16,29,28,26,14,25,17,26,25,3,23,16,18,26,27,16,26,14,18,31,14,37,32,23,18,26,12,17,19,26,22,25,23,31,21,8,20,16,26,26,18,29,25,15,24,21,21,24,18,17,22,27,20,22,18,23,22,10,8,22,18,26,30,28,23,18,27,26,16,17,7,15,25,34,31,21,23,8,24,19,18,26,18,33,26,25,25,25,17,26,26,20,37,27,15,19,25,20,18,20,21
2,10,10,12,21,31,13,24,29,12,0,15,18,27,15,18,20,10,14,11,14,12,16,24,12,23,20,12,24,24,18,25,24,13,12,8,7,11,9,9,12,28,12,6,22,22,19,8,19,13,28,30,16,17,15,12,19,30,16,24,12,19,34,18,10,12,14,20,16,19,28,10,11,26,14,20,9,13,13,17,21,24,25,20,18,24,9,21,25,20,26,11,20,5,24,25,17,10,16,12,24,30,13,24,2,17,24,12,35,26,20,11,23,11,19,18,20,22,18,29,24,11,13,20,13,19,20,9,25,18,14,19,22,19,19,17,18,26,19,18,20,19,19,19,12,12,26,11,19,29,28,18,9,26,27,17,15,22,15,23,26,26,19,21,17,24,19,23,23,12,27,24,20,23,24,19,20,24,20,35,24,14,19,23,23,21,15,23
15,19,19,12,29,20,23,23,34,17,15,0,18,36,2,18,30,14,17,17,15,19,22,25,19,32,9,19,28,23,18,29,25,16,20,21,16,20,20,18,19,32,12,17,31,8,18,13,24,21,15,27,21,21,19,17,23,14,24,21,19,26,34,23,24,13,10,10,21,25,13,19,20,18,20,30,17,18,21,10,31,24,31,23,22,23,12,24,37,12,14,17,12,14,20,10,21,19,18,11,12,33,14,12,21,5,24,12,30,30,27,15,30,20,26,26,24,10,24,36,24,14,18,30,15,24,24,19,33,32,18,29,24,11,27,3,18,32,29,18,31,24,25,30,20,19,32,15,24,37,32,18,19,36,36,26,3,18,1,31,27,30,8,16,10,9,6,32,32,17,29,36,24,14,30,26,23,32,19,30,29,20,4,14,31,27,16,30
16,29,25,8,33,28,25,25,44,21,18,18,0,39,20,2,30,14,32,22,14,19,17,30,19,28,17,19,20,20,2,24,25,28,16,27,20,18,22,23,19,39,6,19,27,21,16,20,22,26,23,25,18,23,27,20,15,26,19,26,19,31,33,19,19,18,7,17,14,31,23,18,18,23,14,32,18,24,19,16,27,6,35,33,17,20,20,33,45,15,24,18,17,18,25,20,21,25,27,20,23,30,20,23,27,19,10,6,28,24,31,27,32,15,30,32,15,21,13,39,8,16,24,33,20,20,15,20,35,37,19,29,23,16,33,20,2,41,32,24,31,24,34,33,18,18,40,27,20,41,41,2,20,42,35,31,18,24,14,33,14,25,14,16,17,24,14,37,28,22,21,39,16,6,24,30,23,42,16,28,32,24,14,13,28,31,14,34
28,18,20,32,18,50,24,34,8,28,27,36,39,0,32,43,17,25,17,31,35,28,44,54,28,19,42,28,40,45,43,37,41,16,28,20,28,22,21,18,28,6,35,28,20,42,39,28,34,28,53,53,33,35,20,25,34,48,45,31,28,17,34,37,25,27,35,42,37,18,53,26,22,45,30,22,26,28,29,35,20,46,21,17,45,43,24,19,2,44,51,35,47,34,31,42,25,17,26,25,44,41,33,43,27,36,46,30,58,42,20,20,19,27,13,20,36,42,33,2,46,41,29,15,33,34,36,17,19,20,33,22,42,38,15,36,43,6,22,28,22,37,16,22,26,25,10,19,35,17,12,43,18,14,19,11,34,30,40,21,53,37,38,44,30,47,40,20,19,28,42,2,34,43,44,11,34,12,38,58,15,20,42,43,19,13,37,23
15,17,17,8,27,30,17,21,33,17,15,2,20,32,0,20,33,13,15,17,19,19,23,23,19,28,9,19,28,21,12,27,26,14,19,18,16,18,17,16,19,30,13,17,28,9,22,9,22,21,27,15,20,20,17,15,21,13,21,24,19,29,36,22,23,12,15,9,19,27,27,15,19,23,18,28,15,16,19,14,29,26,29,23,23,21,14,22,34,9,13,17,9,2,24,24,20,17,20,14,9,33,2,9,17,2,24,8,26,31,24,13,33,19,22,24,24,9,22,33,24,16,16,28,5,25,24,17,32,28,14,27,21,19,25,2,16,30,32,22,29,24,24,27,19,18,28,13,25,33,34,18,17,35,32,28,2,17,2,30,27,28,18,6,14,8,18,24,28,15,32,32,22,20,28,22,25,31,21,26,32,17,16,20,29,23,16,24
18,30,29,8,33,28,25,23,45,25,18,18,2,43,20,0,30,16,32,20,14,21,17,30,21,28,17,21,20,20,4,24,25,28,20,27,20,18,33,23,21,39,8,19,27,21,16,20,22,26,23,25,18,23,27,20,15,26,19,26,21,31,33,19,19,18,8,17,14,31,23,18,18,21,14,32,18,24,19,17,27,8,34,33,17,20,20,33,42,17,24,18,17,18,26,20,24,29,26,20,23,30,20,23,27,19,8,6,28,24,31,27,32,15,30,32,15,21,13,39,10,15,24,33,20,20,15,28,28,35,19,29,23,16,33,20,2,41,32,18,31,24,34,33,18,18,40,27,20,41,41,4,28,42,27,31,18,22,18,33,16,25,14,16,17,23,14,35,28,22,21,39,16,13,26,30,23,42,16,28,32,28,14,8,28,31,13,30
25,10,10,29,4,46,22,34,14,28,20,30,30,17,33,30,0,26,13,21,18,21,40,49,21,7,40,21,31,42,32,29,31,14,19,18,22,19,14,16,21,19,31,24,7,41,32,24,28,19,40,42,23,25,17,19,25,42,40,25,21,5,35,25,18,17,27,40,21,11,42,22,14,40,22,7,20,25,23,29,7,37,25,6,40,42,24,13,18,38,42,27,40,29,25,37,34,14,22,14,41,38,32,38,21,34,37,31,47,29,6,18,6,20,9,5,24,41,25,16,37,35,27,8,32,26,24,18,8,10,26,4,30,33,6,32,34,18,3,19,6,28,8,4,14,20,17,18,28,11,14,32,18,13,9,8,34,31,34,10,41,29,33,33,31,40,31,6,7,19,30,14,25,31,34,9,26,16,29,47,2,14,33,31,7,8,35,25
9,21,23,10,22,38,15,27,27,13,10,14,14,25,13,16,26,0,16,9,8,9,25,37,8,22,24,9,24,27,14,20,21,15,9,16,8,7,20,14,9,20,8,10,21,27,22,12,13,15,33,31,14,13,16,10,14,33,24,23,9,22,33,18,14,6,12,24,12,19,33,6,8,28,10,19,4,14,7,19,19,22,17,21,25,25,6,20,34,22,31,16,22,18,23,30,9,21,16,8,27,30,16,25,17,18,20,10,38,24,18,15,26,6,16,21,14,27,12,25,20,16,14,20,16,16,18,11,25,26,17,18,19,24,20,13,14,24,26,16,18,15,23,22,10,10,20,15,15,29,26,14,10,32,27,19,13,15,13,21,28,22,24,22,10,25,24,25,22,10,24,28,16,16,21,16,15,25,23,38,26,15,24,25,22,21,17,17
10,4,6,15,13,42,14,25,14,16,14,17,32,17,15,32,13,16,0,18,17,16,40,40,16,14,32,16,34,37,31,33,28,1,16,3,17,13,9,7,16,14,19,17,13,33,31,10,27,11,35,37,26,21,3,10,26,28,38,13,16,9,37,28,7,12,21,28,25,11,35,14,15,36,20,10,12,18,15,24,11,37,23,9,40,37,12,10,15,30,28,24,30,15,13,32,18,8,8,12,30,39,15,30,9,17,38,18,42,34,11,6,14,21,8,10,28,28,27,13,35,29,23,10,15,16,28,9,15,12,29,13,28,21,10,21,31,15,10,9,11,23,11,11,17,14,15,6,26,20,15,31,9,18,15,9,17,22,17,15,40,32,21,28,25,35,26,10,14,19,34,19,26,26,34,8,27,14,29,37,13,10,26,26,13,7,19,24
9,17,21,16,20,35,17,9,27,2,11,17,22,31,17,20,21,9,18,0,18,3,28,38,3,28,30,3,16,28,22,28,15,17,3,16,13,12,22,19,3,24,15,11,26,28,17,13,23,24,30,32,8,14,17,15,22,35,26,26,3,20,30,10,22,20,21,30,12,16,30,4,16,33,11,21,20,11,13,24,26,28,19,19,26,28,16,25,31,29,31,17,29,21,26,27,3,24,18,14,28,26,19,29,19,22,28,15,37,30,19,20,26,15,19,21,24,28,24,27,28,22,17,20,19,23,24,20,26,30,19,23,19,21,22,21,20,24,24,23,22,16,27,20,11,17,24,20,23,33,29,22,20,30,27,18,20,9,22,24,31,28,21,23,12,30,21,24,28,15,30,29,22,25,20,19,23,25,18,37,23,19,21,25,21,17,24,23
14,19,20,15,21,34,11,20,29,20,14,15,14,35,19,14,18,8,17,18,0,14,24,38,17,16,26,14,18,24,16,16,29,23,19,20,15,10,26,20,14,32,15,15,17,27,20,16,11,14,29,29,10,12,20,13,10,30,24,16,14,22,29,14,12,4,20,26,5,20,29,17,12,29,4,24,10,11,15,18,15,20,26,26,24,24,12,25,33,24,30,13,24,19,17,26,20,22,19,8,26,27,19,26,22,18,22,15,34,14,23,19,16,10,26,22,6,27,10,32,22,21,14,25,17,7,6,20,21,27,20,23,19,20,23,22,16,33,23,14,25,18,26,23,4,10,31,19,9,33,33,16,20,30,27,20,24,25,21,19,23,16,20,17,20,32,20,29,16,15,14,32,6,18,23,26,9,33,22,34,20,21,17,21,18,21,19,26
8,15,21,17,20,35,10,7,24,1,12,19,19,28,19,21,21,9,16,3,14,0,25,37,1,16,23,1,13,28,23,28,13,15,1,15,10,11,27,19,1,23,13,10,17,28,23,11,17,19,34,34,5,12,16,12,22,30,25,23,1,16,34,7,16,11,22,23,7,14,34,2,17,30,14,19,13,6,10,21,19,29,17,17,24,28,14,16,30,26,32,17,26,19,23,31,3,25,21,11,28,23,17,28,21,18,27,9,39,22,18,17,16,6,17,17,19,28,22,23,29,21,9,20,17,19,20,16,16,25,17,20,16,24,16,24,19,21,20,18,20,16,25,20,10,8,21,18,17,28,28,21,16,27,24,13,18,7,18,20,32,28,24,24,9,33,25,18,16,17,23,25,22,27,20,16,17,23,26,39,19,14,25,23,20,13,21,21
18,38,40,18,36,31,28,31,41,26,16,22,17,44,23,17,40,25,40,28,24,25,0,26,26,37,12,25,27,14,18,28,29,31,26,30,23,25,39,25,25,44,18,20,36,18,24,24,28,34,23,25,26,32,30,26,26,22,4,35,25,39,36,28,26,30,19,12,26,39,23,24,25,18,27,34,29,27,28,23,35,25,40,36,6,14,23,37,41,12,21,21,11,22,35,28,32,34,24,26,18,36,23,18,30,22,24,18,26,28,34,31,40,29,33,35,26,18,25,41,25,11,26,35,23,28,26,31,41,43,22,33,32,23,35,23,18,43,40,33,34,30,38,36,26,30,38,31,28,41,44,18,31,40,44,39,22,30,22,38,18,29,21,22,23,22,21,43,37,26,31,42,27,23,32,33,30,43,23,25,40,31,21,23,37,39,13,40
34,48,48,31,46,34,36,41,49,36,24,25,30,54,23,30,49,37,40,38,38,37,26,0,37,48,22,37,39,23,30,40,39,39,38,38,35,35,35,39,37,48,29,36,47,27,36,32,40,42,27,26,38,36,38,30,39,22,28,43,37,45,50,40,42,40,32,22,36,49,27,37,38,24,38,47,39,35,36,31,48,32,47,43,26,23,37,42,56,24,25,36,12,27,43,33,42,44,39,37,20,42,31,27,32,31,34,31,21,41,45,38,51,41,44,47,38,26,40,52,35,27,35,47,32,38,38,36,53,49,35,46,40,33,45,27,32,48,50,41,48,41,41,47,36,41,50,38,38,55,53,33,36,54,53,46,30,38,28,49,21,41,31,33,31,25,31,48,48,40,40,49,40,33,40,44,42,48,36,21,50,39,31,32,48,48,17,49
8,15,24,17,20,36,10,6,25,1,12,19,19,28,19,21,21,8,16,3,17,1,26,37,0,15,23,1,13,28,22,27,13,15,1,15,10,15,26,21,1,23,17,10,17,28,22,11,16,18,33,32,5,12,16,12,18,29,25,22,1,16,34,7,15,14,21,23,7,13,33,2,17,30,13,19,15,10,10,21,19,28,17,17,24,28,14,16,28,26,31,15,26,19,22,30,2,26,23,17,28,23,19,28,21,19,28,9,38,22,18,17,15,12,17,17,19,28,21,23,28,21,9,20,19,18,20,18,15,24,16,19,16,24,16,17,19,21,20,17,20,16,24,20,16,12,21,18,16,32,28,22,18,27,20,13,22,7,20,17,31,27,24,24,9,32,24,18,15,17,24,28,19,26,22,17,17,23,25,38,19,23,24,15,20,13,21,21
23,14,15,28,6,40,21,31,20,26,23,32,28,19,28,28,7,22,14,28,16,16,37,48,15,0,37,16,25,38,28,26,31,12,20,17,19,15,18,13,16,19,27,21,4,38,28,24,20,15,36,37,17,20,17,22,22,41,37,21,16,6,36,19,14,16,32,37,19,6,38,18,22,37,18,6,18,21,17,28,6,34,30,13,37,38,23,13,18,36,41,23,36,28,21,33,26,17,19,19,38,38,28,38,23,33,34,27,43,28,7,16,1,18,6,7,22,38,22,15,34,32,23,10,28,22,22,17,3,16,25,7,32,29,6,33,28,17,6,15,7,25,9,5,19,17,20,15,20,16,16,28,17,20,7,5,33,29,30,3,37,26,29,28,28,43,27,16,1,23,24,19,22,27,34,6,25,22,29,43,5,19,29,27,5,6,31,30
20,28,28,14,36,33,26,32,46,28,20,9,17,42,9,17,40,24,32,30,26,23,12,22,23,37,0,26,28,16,15,31,26,31,26,29,23,25,33,27,26,41,16,23,36,5,25,24,30,32,23,25,26,34,30,26,28,21,13,35,26,39,40,27,27,25,14,2,26,39,23,24,24,14,27,34,24,27,28,21,35,20,39,36,8,16,23,36,47,8,13,22,4,23,35,28,32,30,30,26,7,36,23,9,30,10,21,16,25,31,34,27,41,29,33,35,28,9,27,44,20,13,27,36,24,30,27,28,42,38,22,33,32,25,36,10,17,42,40,33,35,31,33,36,26,30,42,27,30,44,44,17,28,45,45,39,10,28,9,38,16,32,22,15,19,11,23,38,37,26,32,43,29,23,33,33,28,40,24,25,40,31,22,22,37,39,13,39
8,15,21,17,19,35,10,7,23,1,12,19,19,28,19,21,21,9,16,3,14,1,25,37,1,16,26,0,13,28,23,28,13,15,1,15,10,11,27,19,1,23,13,10,17,28,22,11,17,19,34,34,5,12,16,12,22,30,25,23,1,16,34,7,16,11,22,23,7,14,34,2,17,30,14,19,13,6,10,21,19,29,17,17,24,28,14,16,28,26,32,17,26,19,23,31,3,26,21,16,28,23,17,28,21,24,27,9,39,22,18,17,16,6,17,17,19,28,22,23,29,21,9,19,17,19,20,17,16,27,17,20,16,25,16,24,19,21,20,18,20,16,25,20,10,11,21,18,17,32,28,21,17,27,20,13,18,7,18,20,32,27,25,25,9,33,25,18,16,17,23,25,22,27,20,16,17,23,26,39,19,16,25,23,19,13,21,21
24,31,33,24,30,33,24,32,42,17,24,28,20,40,28,20,31,24,34,16,18,13,27,39,13,25,28,13,0,28,23,19,21,35,24,33,22,31,33,36,13,44,25,24,32,28,23,30,20,32,33,32,8,23,33,29,9,29,24,19,13,34,26,6,25,34,25,27,8,29,33,16,27,32,22,33,31,26,25,17,32,20,39,39,25,28,33,39,44,28,31,21,28,27,26,25,16,39,38,31,27,10,27,27,33,30,22,25,38,13,39,39,30,31,35,33,13,28,18,44,20,24,30,35,25,20,18,39,28,41,25,39,28,24,34,30,23,38,36,30,35,30,39,36,34,34,43,39,18,45,45,23,39,42,38,38,30,16,27,31,32,19,25,25,23,35,25,41,31,27,13,44,18,27,33,36,20,45,21,38,32,36,25,17,33,36,26,42
24,37,37,19,37,30,26,29,42,26,24,23,20,45,21,20,42,27,37,28,24,28,14,23,28,38,16,28,28,0,21,29,31,29,27,28,25,25,39,31,28,42,19,26,37,18,24,20,30,32,22,25,27,34,28,26,27,22,14,33,28,40,39,29,32,30,20,17,26,41,23,27,26,15,24,37,29,25,28,20,38,26,38,34,14,2,25,35,41,14,21,26,14,19,33,26,29,34,27,26,19,38,21,19,30,21,25,18,24,30,35,28,42,29,35,37,28,18,28,43,26,17,25,37,22,30,28,29,42,41,25,36,32,23,38,22,20,43,41,31,38,31,36,37,26,28,39,28,30,42,41,21,28,38,43,40,18,28,20,39,20,30,21,23,20,18,20,39,38,26,30,43,28,22,33,35,28,44,25,24,40,29,20,21,38,41,15,38
16,30,32,6,33,28,25,23,38,25,18,18,2,43,12,4,32,14,31,22,16,23,18,30,22,28,15,23,23,21,0,24,23,28,22,27,20,20,34,25,23,36,6,19,27,21,16,20,22,26,23,25,18,23,27,18,17,26,19,26,23,31,33,19,21,20,5,17,16,29,23,20,18,22,16,32,18,24,20,16,27,6,30,33,17,20,16,33,40,15,24,18,17,18,26,20,28,26,27,20,23,30,20,23,28,20,10,8,28,24,31,20,32,18,30,32,17,21,15,38,6,16,24,33,21,22,17,21,37,37,19,29,25,16,33,20,2,40,32,24,31,24,34,33,20,20,37,20,22,41,39,2,21,42,36,31,18,23,18,33,16,25,14,13,15,24,14,37,28,20,25,39,18,11,26,30,23,38,16,28,32,29,14,13,28,31,14,29
25,32,33,26,29,35,27,32,42,30,25,29,24,37,27,24,29,20,33,28,16,28,28,40,27,26,31,28,19,29,24,0,36,29,31,28,25,20,36,26,28,42,26,28,29,31,21,26,18,29,30,29,25,23,28,24,10,32,28,28,28,32,25,18,24,22,29,29,18,31,30,27,16,33,18,34,16,30,27,30,29,19,37,34,28,28,25,36,43,29,32,27,29,29,27,20,33,34,30,24,29,16,29,29,33,32,19,25,36,4,31,28,29,20,32,34,6,29,12,41,19,26,28,31,28,15,16,29,31,38,32,33,30,22,35,32,20,39,28,27,33,26,36,31,22,16,40,28,19,40,41,20,29,43,31,33,32,36,29,34,24,2,23,25,30,37,25,38,30,26,10,39,10,26,31,32,18,42,28,36,31,31,25,26,26,33,26,37
24,29,34,22,31,40,31,7,40,13,24,25,25,41,26,25,31,21,28,15,29,13,29,39,13,31,26,13,21,31,23,36,0,27,12,27,27,32,36,33,13,34,24,24,30,31,27,25,29,33,36,38,21,27,30,33,32,27,32,37,13,29,37,21,30,36,26,31,19,26,36,14,32,29,29,31,33,28,33,28,30,28,31,30,30,32,32,28,42,29,36,24,29,24,37,34,13,37,36,33,30,23,26,32,34,26,24,24,37,36,30,32,33,24,30,30,33,33,31,36,30,27,28,31,29,31,33,31,36,38,23,30,31,30,32,26,24,37,29,34,30,26,27,30,26,23,34,32,31,42,42,25,31,41,32,29,28,6,30,30,30,35,29,27,23,29,29,31,29,34,25,41,32,28,30,30,28,40,25,37,29,35,29,29,29,29,27,36
9,12,5,14,14,34,11,24,17,15,13,16,28,16,14,28,14,15,1,17,23,15,31,39,15,12,31,15,35,29,28,29,27,0,15,2,16,12,13,2,15,16,18,16,14,27,29,9,21,10,33,35,20,19,2,11,23,27,31,12,15,10,34,22,6,13,20,23,19,12,31,13,14,27,17,13,11,14,15,18,14,34,21,7,31,29,15,8,18,29,27,23,29,14,14,28,17,9,9,11,29,35,14,29,15,16,34,17,40,30,10,5,12,14,7,10,24,23,24,14,34,26,16,10,14,17,24,7,17,15,23,13,25,24,10,20,28,14,11,10,11,23,10,11,13,13,16,5,21,18,16,28,7,18,13,8,16,21,16,16,37,29,24,26,18,31,24,10,15,17,28,16,23,24,27,7,23,15,28,36,14,9,22,24,13,8,18,22
8,15,19,17,18,36,10,7,28,1,12,20,16,28,19,20,19,9,16,3,19,1,26,38,1,20,26,1,24,27,22,31,12,15,0,15,14,11,24,14,1,23,13,10,20,31,22,11,16,22,33,33,4,16,16,10,21,32,28,25,1,17,29,6,18,16,21,30,10,14,33,2,12,34,13,19,16,10,10,25,22,28,17,17,28,31,14,16,28,29,33,18,27,23,25,30,3,21,22,10,27,26,17,29,16,23,28,11,38,23,20,17,19,11,15,19,18,31,21,23,28,25,10,20,17,18,21,19,24,27,18,20,18,24,20,24,16,21,24,20,22,18,23,20,10,7,21,18,16,30,28,22,19,27,23,18,18,6,18,22,31,27,24,24,11,31,24,18,19,12,23,30,21,26,22,14,16,25,22,38,17,19,24,24,17,17,22,21
13,18,10,18,10,37,9,21,19,14,8,21,27,20,18,27,18,16,3,16,20,15,30,38,15,17,29,15,33,28,27,28,27,2,15,0,14,11,14,11,15,17,18,16,17,28,26,13,22,13,34,34,21,20,2,16,22,30,30,19,15,13,33,23,13,13,20,30,20,14,34,12,13,28,16,10,11,9,16,19,12,33,21,13,30,28,14,12,21,29,32,21,30,15,20,31,17,12,10,11,28,34,19,28,9,21,33,19,39,29,15,5,16,13,9,16,23,28,23,18,33,25,11,10,19,22,21,8,18,12,22,12,22,25,13,21,27,17,10,14,11,21,13,10,12,12,17,5,22,20,20,27,8,23,18,10,21,21,21,13,36,26,25,24,19,28,25,14,16,14,29,19,20,25,26,9,22,20,26,39,10,5,25,25,16,10,24,21
6,19,19,14,21,32,11,22,28,10,7,16,20,28,16,20,22,8,17,13,15,10,23,35,10,19,23,10,22,25,20,25,27,16,14,14,0,8,25,15,10,28,14,6,20,23,17,11,20,20,29,31,12,18,13,13,19,31,21,21,10,23,28,14,17,13,16,21,15,22,29,9,13,27,15,20,13,7,14,18,20,26,20,13,21,25,12,14,30,23,27,11,23,16,25,26,15,19,16,13,25,28,16,25,13,18,26,12,36,23,16,14,23,11,14,20,19,23,19,28,26,14,11,21,16,20,21,13,24,26,7,18,23,18,21,18,18,25,24,19,21,20,24,21,9,10,27,14,20,30,28,20,14,28,22,19,16,20,16,22,29,27,18,22,17,25,20,17,21,13,25,26,21,24,25,16,18,29,17,36,24,18,20,24,22,18,18,18
6,19,20,14,17,36,2,23,27,10,11,20,18,22,18,18,19,7,13,12,10,11,25,35,15,15,25,11,31,25,20,20,32,12,11,11,8,0,13,8,10,24,14,5,16,27,24,12,15,17,33,33,14,13,11,7,14,31,25,21,10,19,31,16,11,6,16,25,9,18,33,7,6,28,6,14,4,2,7,19,16,24,18,10,25,25,5,10,25,23,31,14,20,18,21,30,13,17,9,4,25,28,11,27,14,20,26,14,38,18,13,11,17,4,12,16,14,27,14,20,26,20,4,15,11,13,14,12,18,22,15,15,15,17,17,20,20,22,21,14,15,15,19,17,4,2,24,11,13,26,25,20,12,26,15,12,20,21,20,17,27,20,17,24,19,29,24,13,17,7,20,19,14,25,17,12,15,23,23,38,17,12,24,25,18,13,18,22
24,4,6,20,14,42,21,31,22,24,9,20,22,21,17,33,14,20,9,22,26,27,39,35,26,18,33,27,33,39,34,36,36,13,24,14,25,13,0,5,24,19,25,28,22,27,34,22,27,15,39,35,27,28,17,24,26,35,38,16,24,12,37,29,6,15,26,31,19,15,39,24,15,36,23,14,15,23,23,22,21,40,29,18,42,38,20,16,18,26,35,33,33,18,22,36,22,6,17,15,27,40,29,25,15,25,38,23,46,36,19,17,16,24,17,18,30,31,30,22,37,23,24,15,29,22,30,8,14,13,32,20,32,30,15,17,30,22,13,13,15,28,14,14,23,24,24,17,29,22,18,32,7,25,12,21,19,28,19,12,43,35,30,29,27,19,30,13,17,12,34,22,29,22,36,18,28,18,33,46,18,5,30,30,17,14,35,27
11,1,1,17,13,40,15,30,16,20,9,18,23,18,16,23,16,14,7,19,20,19,25,39,21,13,27,19,36,31,25,26,33,2,14,11,15,8,5,0,16,20,19,15,12,27,28,17,21,10,37,33,18,19,9,13,20,29,25,14,16,14,35,20,6,12,21,27,17,11,37,11,11,31,14,11,11,16,13,20,12,29,24,11,27,31,11,13,16,23,31,20,27,16,12,34,24,1,12,12,27,32,22,27,10,18,31,14,42,26,11,8,13,9,8,12,20,28,19,15,31,20,18,12,22,19,20,5,15,11,20,10,23,28,11,20,25,20,10,10,11,21,9,10,10,10,17,8,19,18,15,25,5,18,13,10,18,20,18,15,31,26,28,28,22,26,28,15,14,15,26,20,20,20,23,8,21,14,26,42,13,3,28,28,13,9,22,22
8,15,21,17,20,35,10,7,24,1,12,19,19,28,19,21,21,9,16,3,14,1,25,37,1,16,26,1,13,28,23,28,13,15,1,15,10,10,24,16,0,23,13,10,17,28,23,11,17,19,34,34,5,12,16,12,22,30,25,22,1,16,34,7,16,11,22,23,7,14,34,2,17,30,14,19,13,8,10,21,19,29,17,17,24,28,14,16,30,26,32,17,26,19,23,31,3,21,21,16,28,23,17,28,21,18,29,9,39,22,18,17,16,12,17,17,19,28,22,23,29,21,6,20,17,19,20,18,16,29,17,20,16,24,16,24,19,21,20,18,20,16,25,20,6,11,21,18,17,32,28,23,18,27,20,13,22,7,18,20,32,28,24,25,9,34,25,18,16,17,23,28,22,27,20,16,17,23,26,39,19,18,25,15,20,13,21,21
28,16,18,31,15,51,28,30,7,22,28,32,39,6,30,39,19,20,14,24,32,23,44,48,23,19,41,23,44,42,36,42,34,16,23,17,28,24,19,20,23,0,25,23,20,43,41,23,34,28,52,50,32,34,17,26,35,50,41,26,23,13,37,39,22,22,34,43,36,13,52,19,22,39,34,24,22,28,26,33,20,46,22,20,45,40,20,20,4,45,46,30,45,29,26,44,25,16,25,22,42,45,31,44,24,33,46,31,54,42,19,20,19,29,21,16,36,41,36,2,45,37,29,17,31,35,36,25,17,16,35,16,39,42,14,38,41,8,19,27,15,35,18,15,26,28,2,20,34,16,10,37,25,16,15,20,32,29,34,23,54,41,43,44,26,47,43,21,19,28,42,16,35,40,43,22,34,11,39,58,19,15,43,39,20,11,39,17
10,29,31,2,27,30,19,20,31,12,12,12,6,35,13,8,31,8,19,15,15,13,18,29,17,27,16,13,25,19,6,26,24,18,13,18,14,14,25,19,13,25,0,11,27,21,20,10,19,25,27,29,17,19,18,16,20,27,18,24,17,27,37,20,19,15,4,16,15,23,27,14,12,20,15,24,11,18,14,10,25,12,23,27,18,19,10,22,36,14,25,10,16,11,24,24,21,26,20,15,23,32,14,23,19,11,12,2,32,26,25,18,32,11,24,26,20,21,18,27,12,9,18,27,15,18,19,22,31,34,12,23,23,20,27,13,6,25,27,23,23,21,29,27,15,15,28,18,18,35,35,6,22,29,25,21,12,14,10,27,20,27,18,20,10,23,18,28,28,17,27,33,21,17,24,24,20,34,20,32,31,22,18,17,26,25,9,23
4,23,21,13,22,33,5,16,26,9,6,17,19,28,17,19,24,10,17,11,15,10,20,36,10,21,23,10,24,26,19,28,24,16,10,16,6,5,28,15,10,23,11,0,22,22,15,6,20,21,28,30,16,12,16,8,21,30,20,26,7,23,33,18,16,14,15,23,14,23,28,4,12,28,16,19,12,3,6,17,20,25,18,23,21,26,12,15,27,23,26,5,18,17,26,25,12,22,16,14,23,30,14,26,14,19,25,13,37,28,20,14,23,10,17,21,22,22,19,24,25,15,9,20,14,19,22,19,24,25,11,18,18,20,20,19,17,23,24,20,18,20,25,22,8,6,27,14,16,29,26,17,19,30,23,18,17,16,15,22,29,28,20,23,12,26,19,24,23,14,29,27,22,25,24,17,22,27,17,37,24,19,19,25,22,20,13,24
22,10,10,27,8,43,22,29,21,25,22,31,27,20,28,27,7,21,13,26,17,17,36,47,17,4,36,17,32,37,27,29,30,14,20,17,20,16,22,12,17,20,27,22,0,36,27,23,20,15,38,38,18,20,16,22,21,41,35,21,17,4,35,20,13,16,31,35,20,8,38,18,19,36,15,9,18,20,22,27,2,33,29,10,35,37,21,10,20,35,40,24,35,28,19,35,28,15,17,20,37,37,27,37,26,33,33,26,43,27,3,16,4,18,6,5,23,36,23,20,33,30,22,6,27,22,23,17,6,14,25,7,30,29,6,33,27,18,7,15,8,29,13,8,20,17,20,15,20,16,15,27,17,20,14,6,32,32,29,6,36,27,29,29,27,42,29,14,4,22,27,11,21,29,32,6,22,21,23,43,7,17,27,29,4,5,30,29
20,29,29,19,36,19,26,28,46,22,22,8,21,42,9,21,41,27,33,28,27,28,18,27,28,38,5,28,28,18,21,31,31,27,31,28,23,27,27,27,28,43,21,22,36,0,21,22,32,28,10,22,28,35,26,30,30,17,18,29,28,40,37,30,31,27,21,9,28,41,10,27,28,15,28,37,27,25,30,19,38,25,37,32,16,18,27,33,47,9,7,25,7,25,29,11,26,29,24,26,4,37,25,8,26,10,25,20,28,34,35,25,42,32,35,37,31,2,31,43,25,22,25,37,26,33,31,27,41,38,23,36,34,13,38,10,21,41,41,27,38,33,33,37,26,31,41,25,32,43,43,21,27,42,41,38,10,26,8,39,25,34,10,15,21,7,9,40,38,30,32,42,31,17,35,35,32,39,22,26,41,28,8,17,38,38,24,35
17,32,32,18,31,30,25,27,42,17,19,18,16,39,22,16,32,22,31,17,20,23,24,36,22,28,25,22,23,24,16,21,27,29,22,26,17,24,34,28,23,41,20,15,27,21,0,26,27,26,22,26,17,28,28,26,19,27,21,27,22,30,30,19,24,24,22,24,20,30,22,19,23,27,18,30,23,23,24,21,27,23,31,33,21,25,25,33,39,24,23,10,24,22,27,19,19,33,28,24,24,21,22,24,29,24,23,20,32,30,29,28,30,20,29,32,22,19,21,36,22,20,26,31,21,27,22,29,35,36,20,31,28,15,33,24,16,37,30,25,33,28,34,31,24,22,36,29,27,39,40,16,29,41,35,29,20,22,18,31,25,24,16,18,23,21,14,35,28,26,30,39,22,19,27,29,27,38,15,32,30,28,14,19,26,30,22,31
2,24,23,13,23,31,11,19,27,9,8,13,20,28,9,20,24,12,10,13,16,11,24,32,11,24,24,11,30,20,20,26,25,9,11,13,11,12,22,17,11,23,10,6,23,22,26,0,20,16,28,24,18,10,13,2,20,28,24,20,14,19,33,20,13,11,16,24,18,19,28,11,14,21,15,22,13,11,6,12,24,26,21,19,24,20,7,18,30,24,26,17,16,9,22,25,17,16,15,14,18,31,7,18,10,11,26,14,29,28,20,14,24,13,18,19,22,22,21,26,26,19,11,22,7,8,22,13,24,24,16,22,18,19,23,11,20,24,27,16,23,12,20,23,13,13,24,14,20,31,28,20,13,30,26,19,15,19,15,24,30,27,19,15,15,24,19,20,24,12,29,29,21,21,20,18,21,26,21,29,27,15,19,21,21,19,11,20
16,24,25,19,28,32,21,27,33,25,19,24,22,34,22,22,28,13,27,23,11,17,28,40,16,20,30,17,20,30,22,18,29,21,16,22,20,15,27,21,17,34,19,20,20,32,27,20,0,29,32,31,16,13,25,12,14,27,23,20,16,27,31,17,25,17,20,25,15,30,33,18,18,29,15,31,16,20,18,22,30,28,34,29,23,27,19,30,37,25,29,19,23,18,21,30,28,27,24,19,22,29,18,25,24,22,28,18,35,18,32,22,28,16,28,30,14,26,14,37,28,20,21,30,17,2,14,25,22,34,20,32,23,23,26,22,21,37,28,24,30,15,32,29,19,17,35,22,2,35,37,21,25,38,36,29,23,30,20,27,30,18,24,24,22,33,23,34,29,16,15,37,14,25,23,28,4,37,27,38,27,28,24,25,31,30,20,35
20,9,7,24,19,34,17,26,30,21,13,21,26,28,21,26,19,15,11,24,14,19,34,42,18,15,32,19,32,32,26,29,33,10,22,13,20,17,15,10,19,28,25,21,15,28,26,16,29,0,29,33,18,22,15,24,19,30,32,12,20,19,31,20,6,15,30,34,17,19,29,18,21,26,15,19,14,17,23,17,15,30,26,16,34,30,19,15,23,34,30,25,32,20,12,26,26,9,9,16,28,34,20,31,19,28,30,25,38,26,18,9,19,17,20,19,20,28,20,23,30,28,18,19,19,19,20,9,20,21,27,19,30,20,20,19,26,22,19,4,20,28,14,19,19,16,23,9,19,26,24,24,9,27,17,18,23,27,20,19,35,25,20,24,17,37,20,21,16,22,28,24,19,20,31,20,21,25,27,38,19,13,20,20,15,17,29,26
26,39,39,27,40,15,32,30,47,28,28,15,23,53,27,23,40,33,35,30,29,34,23,27,33,36,23,34,33,22,23,30,36,33,33,34,29,33,39,37,34,52,27,28,38,10,22,28,32,29,0,14,29,35,32,33,29,15,23,29,34,42,39,32,33,33,26,23,29,42,2,33,31,20,28,43,31,31,33,21,38,25,43,38,21,22,34,38,51,11,11,27,11,27,29,13,31,38,30,33,6,31,27,6,35,26,23,27,12,32,41,31,40,31,41,43,30,10,28,49,25,23,31,43,27,36,30,33,47,44,28,40,36,16,44,27,23,47,40,27,44,37,39,41,33,32,47,31,36,47,49,23,33,50,43,39,14,30,15,42,5,30,13,23,23,24,9,44,37,34,33,49,30,17,38,41,36,48,24,23,40,36,11,17,36,42,22,43
26,34,34,27,42,27,32,29,49,32,30,27,25,53,15,25,42,31,37,32,29,34,25,26,32,37,25,34,32,25,25,29,38,35,33,34,31,33,35,33,34,50,29,30,38,22,26,24,31,33,14,0,29,32,34,26,28,21,23,26,33,42,40,32,25,33,28,22,29,42,12,33,33,26,28,43,33,31,30,29,32,27,42,40,25,25,31,40,52,11,23,31,13,17,33,25,35,34,35,33,6,33,17,6,37,14,23,26,17,33,41,35,42,33,41,43,31,22,29,49,25,27,31,43,20,33,31,34,36,42,32,42,36,24,40,14,25,48,42,27,44,36,41,43,33,32,48,35,34,50,47,23,34,50,41,40,26,33,22,32,22,30,23,9,29,28,23,44,39,35,34,47,29,25,34,41,36,49,28,17,42,33,23,25,38,42,22,44
16,22,25,17,22,34,16,7,35,9,16,21,18,33,20,18,23,14,26,8,10,5,26,38,5,17,26,5,8,27,18,25,21,20,4,21,12,14,27,18,5,32,17,16,18,28,17,18,16,18,29,29,0,16,24,18,17,28,24,19,5,22,29,2,16,17,22,26,6,17,27,8,18,30,12,25,18,16,21,21,20,24,27,29,25,28,18,29,34,26,30,17,26,20,19,26,8,27,26,18,27,18,20,27,22,24,24,17,34,19,26,28,17,18,21,25,14,27,17,34,24,21,15,26,19,14,16,28,20,32,18,26,24,19,24,24,18,35,26,18,26,25,29,26,18,18,28,28,12,35,33,18,28,33,30,21,24,14,21,18,27,23,19,20,21,34,20,32,17,18,18,35,17,22,26,21,12,36,21,34,23,25,17,22,21,19,21,27
14,23,23,19,26,37,19,16,34,16,17,21,23,35,20,23,25,13,21,14,12,12,32,36,12,20,34,12,23,34,23,23,27,19,16,20,18,13,28,19,12,34,19,12,20,35,28,10,13,22,35,32,16,0,21,10,16,34,25,22,7,19,37,17,18,12,22,27,11,18,35,13,16,31,13,26,12,15,4,18,22,27,28,22,28,27,15,20,38,27,33,16,25,20,22,32,28,23,20,16,27,34,19,29,28,25,27,18,40,22,26,18,20,12,25,23,16,30,17,31,27,23,14,24,18,14,17,21,20,31,18,30,12,26,20,21,23,35,23,19,23,2,27,23,16,14,30,18,12,39,37,21,21,36,20,23,23,21,22,23,29,22,26,26,20,35,26,20,20,16,20,37,16,28,10,25,17,34,27,40,23,26,26,28,23,23,22,26
13,12,6,12,11,33,13,21,18,14,15,19,27,20,17,27,17,16,3,17,20,16,30,38,16,17,30,16,33,28,27,28,30,2,16,2,13,11,17,9,16,17,18,16,16,26,28,13,25,15,32,34,24,21,0,11,22,26,30,13,16,13,33,23,7,13,21,26,20,13,32,13,13,26,16,12,11,9,16,17,17,33,21,9,30,28,12,10,20,26,28,21,28,13,18,29,17,6,8,11,22,34,16,26,16,15,33,16,39,29,12,3,14,12,9,12,23,26,23,19,33,25,11,11,16,22,20,7,18,14,22,14,22,23,13,19,27,17,11,12,10,22,11,11,12,12,17,3,22,20,17,27,7,23,18,11,15,21,15,12,36,26,23,25,17,28,23,12,17,14,29,19,20,23,26,9,22,18,27,39,11,5,23,23,17,10,18,21
4,17,17,11,25,39,14,21,25,13,12,17,20,25,15,20,19,10,10,15,13,12,26,30,12,22,26,12,29,26,18,24,33,11,10,16,13,7,24,13,12,26,16,8,22,30,26,2,12,24,33,26,18,10,11,0,15,34,28,23,17,21,30,23,15,10,18,30,11,20,38,11,9,23,12,20,12,18,6,20,22,23,22,19,28,29,8,23,30,28,34,22,18,22,22,31,19,19,20,6,21,28,17,30,14,19,27,18,44,19,20,14,17,12,19,21,13,31,14,28,27,21,16,21,17,6,14,15,17,27,21,20,18,28,21,19,26,24,21,19,21,12,24,22,6,13,22,14,8,29,29,24,15,28,17,18,18,24,17,22,27,20,29,19,19,28,29,23,23,2,20,26,15,30,20,19,13,29,28,44,20,17,29,30,21,20,13,20
19,26,25,17,25,35,23,26,36,24,19,23,15,34,21,15,25,14,26,22,10,22,26,39,18,22,28,22,9,27,17,10,32,23,21,22,19,14,26,20,22,35,20,21,21,30,19,20,14,19,29,28,17,16,22,15,0,30,25,13,22,25,27,4,15,14,18,26,8,25,28,19,12,30,6,28,16,21,19,17,21,16,30,28,26,25,17,28,35,25,30,21,25,22,20,21,30,27,20,16,27,19,22,27,24,26,18,20,34,10,23,22,25,14,26,28,4,28,4,35,18,20,22,25,20,11,6,23,28,32,25,27,24,17,27,25,17,35,24,21,27,20,28,25,14,10,32,22,11,37,34,17,23,34,23,27,26,29,23,27,24,8,18,20,24,33,20,32,26,17,14,35,2,21,26,26,13,36,18,34,27,23,20,21,20,25,20,30
28,30,30,27,40,25,27,35,50,30,30,14,26,48,13,26,42,33,28,35,30,30,22,22,29,41,21,30,29,22,26,32,27,27,32,30,31,31,35,29,30,50,27,30,41,17,27,28,27,30,15,21,28,34,26,34,30,0,26,32,30,39,39,29,31,32,28,9,30,42,15,30,32,24,31,41,35,28,34,28,40,25,43,38,24,24,32,38,49,11,6,33,11,32,32,19,33,30,31,32,9,35,32,9,36,14,24,26,29,32,41,27,45,36,39,39,32,5,35,47,25,30,30,40,31,33,29,29,44,42,31,40,36,23,40,14,25,47,45,32,41,37,39,41,32,35,46,27,31,48,46,26,29,48,45,43,12,35,14,42,26,36,22,26,30,11,20,44,41,35,33,46,34,24,37,39,31,48,29,29,45,33,20,24,41,41,30,43
16,36,38,20,36,31,28,33,40,26,16,24,19,45,21,19,40,24,38,26,24,25,4,28,25,37,13,25,24,14,19,28,32,31,28,30,21,25,38,25,25,41,18,20,35,18,21,24,23,32,23,23,24,25,30,28,25,26,0,36,25,39,38,28,26,30,21,13,27,39,23,24,23,19,26,34,29,27,28,25,35,27,40,36,10,12,23,37,40,13,21,18,13,21,36,28,30,34,26,26,17,36,21,17,30,21,26,19,29,31,34,30,40,29,33,35,29,18,26,43,27,9,26,36,23,29,29,31,41,43,25,33,32,21,35,22,20,39,40,33,34,31,38,36,26,30,39,31,29,41,39,20,30,37,45,39,22,32,22,38,19,30,20,21,25,22,21,43,37,26,32,41,28,25,33,33,31,42,25,28,40,31,21,25,37,39,13,40
24,13,13,24,25,30,22,27,32,26,24,21,26,31,24,26,25,23,13,26,16,23,35,43,22,21,35,23,19,33,26,28,37,12,25,19,21,21,16,14,22,26,24,26,21,29,27,20,20,12,29,26,19,22,13,23,13,32,36,0,23,27,34,21,6,22,29,33,16,25,28,23,24,27,15,24,24,21,24,16,19,25,30,21,32,32,21,21,28,33,29,23,33,23,2,20,31,21,13,21,31,33,23,29,20,25,26,23,35,22,24,13,23,20,21,26,16,26,16,29,26,29,21,26,22,20,16,15,17,25,28,24,29,18,27,27,25,32,25,6,27,30,24,25,23,22,31,13,20,32,29,25,15,30,19,22,23,25,20,22,34,21,17,19,16,36,19,25,21,24,22,29,15,19,31,21,20,31,28,35,25,19,19,19,23,23,24,32
8,15,21,17,20,35,10,7,23,1,12,19,19,28,19,21,21,9,16,3,14,1,25,37,1,16,26,1,13,28,23,28,13,15,1,15,10,10,24,16,1,23,17,7,17,28,22,14,16,20,34,33,5,7,16,17,22,30,25,23,0,16,34,7,16,11,22,23,7,14,34,2,17,30,14,19,13,6,10,21,19,29,17,17,24,28,14,16,30,26,32,17,26,19,23,31,3,25,22,11,28,23,17,28,21,24,27,9,39,22,18,17,16,12,17,17,19,28,22,23,29,21,6,20,17,19,20,16,16,25,17,23,15,24,16,24,19,21,19,18,19,15,25,19,10,8,21,18,17,32,28,21,16,27,20,13,18,7,18,20,32,27,24,24,9,33,25,18,16,17,23,28,22,27,19,16,17,23,26,39,19,24,25,23,20,13,21,21
25,13,10,29,4,45,20,24,11,18,19,26,31,17,29,31,5,22,9,20,22,16,39,45,16,6,39,16,34,40,31,32,29,10,17,13,23,19,12,14,16,13,27,23,4,40,30,19,27,19,42,42,22,19,13,21,25,39,39,27,16,0,37,22,17,17,27,35,22,8,42,16,20,37,19,5,17,22,15,23,6,36,26,6,35,37,18,10,18,35,39,23,35,28,25,38,20,10,19,18,37,39,25,37,20,30,36,25,47,30,3,16,5,17,5,3,26,35,26,13,36,30,24,6,25,25,26,17,7,6,23,5,27,32,2,29,30,15,3,19,4,25,7,4,21,16,15,16,23,15,15,30,17,14,12,5,26,23,26,9,40,30,32,33,23,35,32,5,6,18,29,12,25,32,29,5,25,15,27,47,3,18,33,32,7,4,30,22
34,36,35,37,37,43,32,38,39,33,34,34,33,34,36,33,35,33,37,30,29,34,36,50,34,36,40,34,26,39,33,25,37,34,29,33,28,31,37,35,34,37,37,33,35,37,30,33,31,31,39,40,29,37,33,30,27,39,38,34,34,37,0,35,33,33,37,39,35,39,43,36,34,40,33,38,32,35,38,38,32,38,38,33,37,39,38,33,41,39,39,34,39,35,34,37,38,44,40,35,33,34,33,35,38,36,38,37,49,27,36,40,37,33,40,38,31,38,31,38,38,37,35,37,31,31,31,40,34,41,33,45,37,36,39,33,35,40,36,36,39,39,42,37,35,31,38,40,31,41,42,29,39,43,41,41,36,40,36,40,44,25,37,37,38,40,32,37,38,36,27,38,27,39,38,40,29,41,34,49,39,39,37,39,36,39,37,37
18,24,27,20,24,38,18,15,39,11,18,23,19,37,22,19,25,18,28,10,14,7,28,40,7,19,27,7,6,29,19,18,21,22,6,23,14,16,29,20,7,39,20,18,20,30,19,20,17,20,32,32,2,17,23,23,4,29,28,21,7,22,35,0,22,23,22,27,4,19,32,10,27,31,17,27,23,20,21,24,24,24,29,33,23,27,22,33,36,26,30,15,26,21,21,26,10,31,31,27,27,16,21,27,31,25,24,20,37,20,33,33,21,23,29,27,14,26,14,38,24,20,26,29,19,17,15,33,22,36,20,30,25,22,28,25,20,38,26,24,29,22,33,30,25,23,37,33,15,37,32,21,33,36,31,25,24,15,21,22,30,23,22,23,18,34,23,36,23,25,12,38,15,23,27,28,15,37,21,37,25,33,23,22,27,23,22,29
12,7,7,19,19,38,17,26,22,19,10,24,19,25,23,19,18,14,7,22,12,16,26,42,15,14,27,16,25,32,21,24,30,6,18,13,17,11,6,6,16,22,19,16,13,31,24,13,25,6,33,25,16,18,7,15,15,31,26,6,16,17,33,22,0,12,24,27,13,15,33,14,10,32,10,17,12,17,12,23,13,27,24,17,28,30,11,19,30,28,31,20,28,21,16,26,23,7,15,13,31,33,18,32,19,25,27,20,36,24,17,7,18,11,13,18,15,28,15,24,27,21,18,18,17,15,18,7,20,23,22,16,25,24,18,25,21,18,18,4,17,22,18,19,13,12,23,8,15,24,24,21,8,27,8,17,19,24,25,14,27,24,24,18,22,34,24,23,14,17,24,24,18,24,26,13,17,24,24,38,18,8,24,24,14,15,23,22
12,13,14,15,20,38,14,27,25,18,12,13,18,27,12,18,17,6,12,20,4,11,30,40,14,16,25,11,34,30,20,22,36,13,16,13,13,6,15,12,11,22,15,14,16,27,24,11,17,15,33,33,17,12,13,10,14,32,30,22,11,17,33,23,12,0,20,24,9,16,33,11,10,29,10,19,2,13,14,19,14,24,24,23,26,26,5,21,27,24,30,19,24,18,21,30,17,14,17,6,27,31,18,27,17,18,26,15,38,18,20,17,16,6,21,19,10,25,14,22,26,20,13,21,17,11,10,18,16,21,20,20,19,23,17,14,20,27,17,13,17,17,23,20,4,6,24,16,13,29,21,20,18,27,27,14,14,25,14,19,27,20,24,21,19,32,22,24,18,10,18,27,14,25,21,21,13,21,26,38,19,13,19,25,17,15,19,16
14,22,28,2,29,32,24,22,34,21,14,10,7,35,15,8,27,12,21,21,20,22,19,32,21,32,14,22,25,20,5,29,26,20,21,20,16,16,26,21,22,34,4,15,31,21,22,16,20,30,26,28,22,22,21,18,18,28,21,29,22,27,37,22,24,20,0,16,13,30,26,16,14,22,17,26,13,20,15,13,26,11,32,28,19,20,14,29,34,16,25,14,16,16,25,24,24,26,22,17,22,30,16,22,25,11,13,4,32,26,27,16,33,13,26,28,20,22,17,34,11,14,20,29,17,19,19,19,34,30,15,25,23,20,29,10,7,32,29,25,27,21,23,29,17,19,32,16,19,36,35,7,19,37,33,30,10,20,12,28,22,27,18,20,11,16,18,31,29,19,27,34,21,9,24,26,20,30,20,32,29,23,18,17,29,30,12,32
20,28,28,16,36,32,26,33,45,28,20,10,17,42,9,17,40,24,28,30,26,23,12,22,23,37,2,23,27,17,17,29,31,23,30,30,21,25,31,27,23,43,16,23,35,9,24,24,25,34,23,22,26,27,26,30,26,9,13,33,23,35,39,27,27,24,16,0,26,38,23,22,24,14,27,34,24,27,28,21,35,23,39,33,8,16,23,37,43,8,9,22,4,23,35,28,32,30,29,26,7,36,23,12,32,10,21,16,25,31,34,27,41,29,33,35,28,5,27,43,23,11,27,36,24,30,27,28,42,38,21,33,32,24,36,10,17,42,40,32,35,31,34,36,26,30,42,27,30,43,44,18,28,46,45,39,9,30,10,38,16,32,22,21,21,11,22,40,37,26,29,43,29,22,33,33,26,40,24,25,40,31,21,22,37,39,13,35
15,19,19,15,24,34,19,13,35,13,16,21,14,37,19,14,21,12,25,12,5,7,26,36,7,19,26,7,8,26,16,18,19,19,10,20,15,9,19,17,7,36,15,14,20,28,20,18,15,17,29,29,6,11,20,11,8,30,27,16,7,22,35,4,13,9,13,26,0,19,29,6,9,29,9,25,15,17,18,10,18,20,21,27,24,26,16,28,36,24,30,16,24,19,17,26,12,25,25,13,26,16,19,26,22,23,22,15,34,12,26,25,19,15,26,25,8,28,12,35,22,21,19,26,17,7,10,25,21,30,18,26,19,20,24,23,12,33,26,17,26,18,21,26,11,14,33,25,9,35,34,16,24,33,26,23,24,12,21,20,23,16,20,20,17,32,20,32,19,15,16,35,10,21,23,26,10,34,22,29,25,22,20,10,21,21,19,27
25,12,17,27,11,45,22,23,16,15,19,25,31,18,27,31,11,19,11,16,20,14,39,49,13,6,39,14,29,41,29,31,26,12,14,14,22,18,15,11,14,13,23,23,8,41,30,19,30,19,42,42,17,18,13,20,25,42,39,25,14,8,39,19,15,16,30,38,19,0,42,12,19,36,19,12,11,20,18,26,10,36,24,18,35,37,14,15,15,35,37,23,35,24,24,39,16,11,17,13,37,40,25,37,24,29,36,21,47,29,13,12,5,17,13,12,25,36,26,16,36,30,22,11,25,24,26,17,5,20,23,16,30,31,9,32,30,17,10,16,11,29,18,11,20,15,13,11,22,22,14,30,16,25,7,6,25,22,28,6,39,31,31,32,19,36,33,18,6,23,29,22,25,31,32,13,24,15,30,47,9,10,33,32,11,4,26,21
26,39,39,27,42,15,32,30,52,28,28,13,23,53,27,23,42,33,35,30,29,34,23,27,33,38,23,34,33,23,23,30,36,31,33,34,29,33,39,37,34,52,27,28,38,10,22,28,33,29,2,12,27,35,32,38,28,15,23,28,34,42,43,32,33,33,26,23,29,42,0,33,33,20,28,43,33,31,34,21,38,25,44,36,21,22,34,36,52,17,11,27,24,27,27,11,31,39,30,33,16,33,27,16,35,24,23,27,23,32,41,29,41,33,39,41,30,10,30,49,25,23,31,43,27,36,25,33,47,44,28,42,38,16,42,27,23,49,42,27,44,36,39,43,33,32,47,29,32,49,47,23,33,49,43,39,16,30,14,43,20,28,13,23,23,24,11,44,37,35,33,48,30,19,41,39,36,50,24,23,42,36,9,19,38,40,25,44
6,19,21,14,20,36,7,8,21,2,10,19,18,26,15,18,22,6,14,4,17,2,24,37,2,18,24,2,16,27,20,27,14,13,2,12,9,7,24,11,2,19,14,4,18,27,19,11,18,18,33,33,8,13,13,11,19,30,24,23,2,16,36,10,14,11,16,22,6,12,33,0,9,29,14,17,7,5,9,20,17,26,15,13,24,27,8,16,27,24,31,14,23,18,24,30,4,21,14,11,27,20,17,27,15,17,24,8,38,25,18,15,21,5,15,17,18,27,16,19,26,17,7,18,17,18,21,14,21,25,16,16,19,22,20,17,18,19,20,17,16,17,23,20,9,9,19,16,18,28,25,20,14,26,24,16,17,8,17,22,30,27,22,24,8,29,24,14,21,12,25,24,21,26,21,15,16,24,22,38,20,16,24,18,20,16,19,19
11,14,12,12,17,32,16,28,26,18,11,20,18,22,19,18,14,8,15,16,12,17,25,38,17,22,24,17,27,26,18,16,32,14,12,13,13,6,15,11,17,22,12,12,19,28,23,14,18,21,31,33,18,16,13,9,12,32,23,24,17,20,34,27,10,10,14,24,9,19,33,9,0,33,10,18,4,11,10,14,19,24,22,19,27,29,7,20,26,25,36,20,26,19,20,28,23,14,13,6,31,28,19,30,16,21,24,12,38,22,17,13,16,4,16,18,14,29,12,25,24,20,8,15,22,15,14,14,18,19,18,13,20,24,19,21,18,24,16,14,17,20,14,17,2,6,23,13,15,26,25,18,14,26,13,17,18,25,25,20,28,18,24,24,19,34,22,22,18,9,18,23,14,22,24,16,15,24,23,38,16,14,24,22,18,16,18,22
26,38,34,20,36,29,28,30,44,28,26,18,23,45,23,21,40,28,36,33,29,30,18,24,30,37,14,30,32,15,22,33,29,27,34,28,27,28,36,31,30,39,20,28,36,15,27,21,29,26,20,26,30,31,26,23,30,24,19,27,30,37,40,31,32,29,22,14,29,36,20,29,33,0,29,37,33,27,27,11,38,28,40,32,18,15,28,33,45,13,19,27,13,21,26,24,32,34,21,29,20,39,23,20,32,23,28,20,25,34,35,21,42,33,35,37,31,15,31,42,28,19,27,37,24,27,31,27,43,38,27,36,33,20,38,24,23,43,39,24,38,32,34,37,29,32,42,21,33,44,43,24,27,45,41,40,18,28,18,39,19,34,18,24,11,22,18,40,38,31,35,43,31,14,32,35,33,42,27,25,39,31,18,14,38,38,18,40
14,20,21,15,19,33,11,24,27,14,14,20,14,30,18,14,22,10,20,11,4,14,27,38,13,18,27,14,22,24,16,18,29,17,13,16,15,6,23,14,14,34,15,16,15,28,18,15,15,15,28,28,12,13,16,12,6,31,26,15,14,19,33,17,10,10,17,27,9,19,28,14,10,29,0,22,10,16,9,19,15,22,24,22,24,23,11,22,29,24,29,17,24,18,16,25,19,21,16,10,26,25,15,26,17,20,22,15,33,14,17,16,18,8,20,20,12,26,12,27,22,21,11,19,15,9,12,16,24,26,18,21,20,11,21,20,16,29,18,13,21,14,21,19,8,4,29,16,9,31,30,16,16,29,24,21,18,25,20,21,23,14,11,19,19,30,19,26,18,12,18,25,6,20,20,20,11,28,15,33,18,17,19,20,14,19,19,24
20,9,9,24,3,46,18,29,20,24,20,30,32,22,28,32,7,19,10,21,24,19,34,47,19,6,34,19,33,37,32,34,31,13,19,10,20,14,14,11,19,24,24,19,9,37,30,22,31,19,43,43,25,26,12,20,28,41,34,24,19,5,38,27,17,19,26,34,25,12,43,17,18,37,22,0,16,21,19,28,7,36,25,9,34,36,18,12,17,34,39,24,34,28,24,38,29,9,19,18,37,37,28,37,25,30,36,24,48,30,5,15,7,16,8,5,26,35,26,19,36,29,23,3,28,24,26,18,9,7,22,3,28,34,4,30,30,21,3,20,2,26,5,2,18,18,18,15,26,15,13,30,18,14,9,8,30,32,30,9,40,32,32,34,28,37,32,9,7,23,32,16,28,32,30,8,24,16,30,48,3,13,34,32,7,8,29,25
11,14,18,11,19,32,12,28,26,18,9,17,18,26,15,18,20,4,12,20,10,13,29,39,15,18,24,13,31,29,18,16,33,11,16,11,13,4,15,11,13,22,11,12,18,27,23,13,16,14,31,33,18,12,11,12,16,35,29,24,13,17,32,23,12,2,13,24,15,11,33,7,4,33,10,16,0,7,6,20,19,23,21,19,24,25,4,20,25,22,30,17,22,19,21,28,22,17,12,2,28,28,19,24,16,18,23,11,38,22,17,13,18,2,16,18,10,26,12,25,23,20,10,17,19,14,14,14,20,24,18,15,16,24,17,16,17,27,18,15,15,16,21,19,4,4,22,13,14,27,25,17,14,26,25,15,20,25,18,19,28,18,24,21,15,27,22,22,20,6,20,25,14,22,20,16,14,24,23,38,18,14,21,22,18,17,17,15
5,22,21,18,21,32,2,22,29,5,13,18,24,28,16,24,25,14,18,11,11,6,27,35,10,21,27,6,26,25,24,30,28,14,10,9,7,2,23,16,8,28,18,3,20,25,23,11,20,17,31,31,16,15,9,18,21,28,27,21,6,22,35,20,17,13,20,27,17,20,31,5,11,27,16,21,7,0,15,18,21,30,21,18,27,25,12,12,30,27,29,18,27,16,22,28,8,19,12,11,25,27,15,25,13,18,30,18,36,23,19,14,22,5,19,21,21,25,15,24,30,22,2,21,15,20,21,14,22,22,18,20,21,22,21,18,24,25,25,15,22,21,19,21,7,7,23,14,20,27,26,24,14,28,24,20,18,21,18,23,31,26,22,22,17,25,22,21,22,12,29,26,20,24,24,18,20,27,23,36,25,12,22,24,21,19,22,21
8,22,24,14,22,38,16,26,27,9,13,21,19,29,19,19,23,7,15,13,15,10,28,36,10,17,28,10,25,28,20,27,33,15,10,16,14,7,23,13,10,26,14,6,22,30,24,6,18,23,33,30,21,4,16,6,19,34,28,24,10,15,38,21,12,14,15,28,18,18,34,9,10,27,9,19,6,15,0,15,20,25,23,18,29,28,7,18,34,26,35,18,22,21,22,31,15,21,16,12,25,28,22,31,15,21,27,15,39,21,19,16,25,8,19,21,14,31,14,26,27,24,12,22,21,12,15,17,16,26,18,20,12,24,16,21,19,26,22,16,20,6,23,22,10,10,25,16,14,31,30,21,17,32,16,17,21,21,21,20,28,20,24,23,20,30,25,20,21,12,21,30,15,26,14,19,16,30,24,39,22,17,25,26,22,19,17,19
15,21,21,10,27,26,18,24,32,17,17,10,16,35,14,17,29,19,24,24,18,21,23,31,21,28,21,21,17,20,16,30,28,18,25,19,18,19,22,20,21,33,10,17,27,19,21,12,22,17,21,29,21,18,17,20,17,28,25,16,21,23,38,24,23,19,13,21,10,26,21,20,14,11,19,28,20,18,15,0,27,22,31,23,23,20,19,24,29,22,19,16,22,12,16,18,21,21,12,20,23,35,14,23,22,15,22,10,32,31,26,12,33,20,26,28,25,15,25,32,22,18,18,23,15,24,24,18,32,24,16,27,24,16,23,15,16,34,23,15,21,26,23,23,20,19,31,12,24,36,29,16,18,33,30,29,10,20,8,30,28,31,14,20,2,21,12,30,29,15,32,34,25,8,29,26,24,26,21,28,29,19,12,6,29,27,17,31
21,14,14,25,8,39,23,24,19,26,21,31,27,20,29,27,7,19,11,26,15,19,35,48,19,6,35,19,32,38,27,29,30,14,22,12,20,16,21,12,19,20,25,20,2,38,27,24,30,15,38,32,20,22,17,22,21,40,35,19,19,6,32,24,13,14,26,35,18,10,38,17,19,38,15,7,19,21,20,27,0,33,27,12,35,37,17,12,20,35,40,24,35,28,21,35,21,16,17,18,37,37,28,37,25,33,33,26,43,25,5,18,6,18,8,7,21,36,23,20,33,30,22,8,28,20,21,17,8,14,25,5,30,29,6,33,27,18,7,13,6,29,13,8,18,17,20,17,22,16,16,27,17,18,8,8,30,24,29,8,36,27,27,23,24,40,29,13,6,23,29,11,21,29,32,8,20,21,23,43,7,17,29,29,4,7,29,27
24,36,38,12,39,24,31,29,47,31,24,24,6,46,26,8,37,22,37,28,20,29,25,32,28,34,20,29,20,26,6,19,28,34,28,33,26,24,40,29,29,46,12,25,33,25,23,26,28,30,25,27,24,27,33,23,16,25,27,25,29,36,38,24,27,24,11,23,20,36,25,26,24,28,22,36,23,30,25,22,33,0,42,39,22,24,26,39,46,20,23,25,22,24,14,16,28,38,33,26,27,27,26,27,34,26,6,12,28,27,37,28,35,22,36,38,26,25,22,47,2,22,30,39,27,28,26,26,40,43,25,35,31,24,39,26,12,47,40,32,37,32,40,39,24,24,47,28,28,49,46,12,26,49,39,37,24,29,22,37,15,25,22,24,21,32,22,43,36,29,18,45,22,12,34,36,30,48,23,28,37,34,22,12,36,37,20,42
19,23,23,30,26,48,17,25,21,17,25,31,35,21,29,34,25,17,23,19,26,17,40,47,17,30,39,17,39,38,30,37,31,21,17,21,20,18,29,24,17,22,23,18,29,37,31,21,34,26,43,42,27,28,21,22,30,43,40,30,17,26,38,29,24,24,32,39,21,24,44,15,22,40,24,25,21,21,23,31,27,42,0,20,43,42,22,23,24,44,42,28,43,32,31,41,19,21,23,20,41,39,26,39,25,32,42,25,47,36,21,23,29,15,18,27,27,36,32,16,42,38,22,24,26,29,30,21,31,24,25,25,27,35,26,30,35,13,28,23,24,25,25,26,16,16,17,23,31,27,22,33,22,21,23,18,33,25,35,26,45,36,35,33,22,40,35,20,29,24,38,21,30,36,35,20,29,21,30,47,27,21,35,35,26,25,30,2
22,10,10,25,10,39,14,24,14,17,20,23,33,17,23,33,6,21,9,19,26,17,36,43,17,13,36,17,39,34,33,34,30,7,17,13,13,10,18,11,17,20,27,23,10,32,33,19,29,16,38,40,29,22,9,19,28,38,36,21,17,6,33,33,17,23,28,33,27,18,36,13,19,32,22,9,19,18,18,23,12,39,20,0,36,34,20,3,17,34,36,28,36,21,19,33,18,13,14,18,32,40,25,34,20,23,39,24,45,35,1,12,13,12,6,3,29,32,29,14,39,30,14,10,25,28,29,16,14,4,24,3,30,29,9,27,33,14,9,15,8,28,5,9,12,12,16,12,26,16,12,33,16,15,10,6,25,23,25,15,42,34,29,31,20,34,29,2,13,22,32,13,28,29,32,5,28,17,27,45,9,13,27,29,14,10,31,23
18,38,40,18,36,29,26,31,43,26,18,22,17,45,23,17,40,25,40,26,24,24,6,26,24,37,8,24,25,14,17,28,30,31,28,30,21,25,42,27,24,45,18,21,35,16,21,24,23,34,21,25,25,28,30,28,26,24,10,32,24,35,37,23,28,26,19,8,24,35,21,24,27,18,24,34,24,27,29,23,35,22,43,36,0,14,23,37,44,12,19,20,11,22,35,26,30,36,26,26,18,36,23,18,30,22,24,18,26,28,34,31,41,29,33,35,26,16,25,44,25,11,27,36,23,30,26,31,42,43,23,33,32,21,36,24,18,44,40,33,35,31,38,36,26,30,42,31,30,43,44,18,31,44,45,39,20,30,20,38,18,28,19,23,23,20,19,43,37,26,31,42,27,23,33,33,28,45,23,25,40,31,19,23,37,39,13,39
24,37,37,19,37,30,26,29,44,26,24,23,20,43,21,20,42,25,37,28,24,28,14,23,28,38,16,28,28,2,20,28,32,29,31,28,25,25,38,31,28,40,19,26,37,18,25,20,27,30,22,25,28,27,28,29,25,24,12,32,28,37,39,27,30,26,20,16,26,37,22,27,29,15,23,36,25,25,28,20,37,24,42,34,14,0,25,35,41,14,21,24,14,20,33,26,30,34,22,26,19,38,21,19,30,21,25,19,26,30,35,28,42,29,35,37,28,17,28,43,26,17,25,37,22,30,28,29,42,41,25,36,32,23,38,22,20,38,40,31,38,31,36,37,26,28,40,28,30,42,43,21,28,43,43,40,18,28,20,39,20,30,21,23,20,18,20,41,38,26,30,40,28,22,33,35,28,44,25,24,40,29,21,21,38,39,15,38
9,12,16,12,20,39,15,27,26,14,9,12,20,24,14,20,24,6,12,16,12,14,23,37,14,23,23,14,33,25,16,25,32,15,14,14,12,5,20,11,14,20,10,12,21,27,25,7,19,19,34,31,18,15,12,8,17,32,23,21,14,18,38,22,11,5,14,23,16,14,34,8,7,28,11,18,4,12,7,19,17,26,22,20,23,25,0,20,25,21,31,17,21,18,22,30,16,12,14,5,31,31,18,25,16,12,24,12,38,23,18,12,23,5,15,19,14,27,16,23,24,14,14,19,18,15,17,10,17,24,17,17,18,24,19,12,16,25,24,12,18,15,21,20,8,8,20,12,15,28,25,18,10,28,15,18,16,25,12,20,27,23,24,22,12,30,24,21,20,7,23,27,17,18,20,15,15,23,24,38,24,13,24,25,20,16,16,16
16,14,9,26,12,41,12,24,16,16,21,24,33,19,22,33,13,20,10,25,25,16,37,42,16,13,36,16,39,35,33,36,28,8,16,12,14,10,16,13,16,20,22,15,10,33,33,18,30,15,38,40,29,20,10,23,28,38,37,21,16,10,33,33,19,21,29,37,28,15,36,16,20,33,22,12,20,12,18,24,12,39,23,3,37,35,20,0,16,35,38,24,34,22,19,33,20,13,16,21,36,40,21,35,22,24,39,21,45,35,2,15,14,18,4,5,28,34,29,15,39,33,21,6,21,28,28,17,15,5,15,8,30,29,6,27,33,18,8,15,8,28,3,11,12,12,18,15,28,15,14,33,17,19,15,4,25,22,27,16,42,34,29,31,25,31,29,6,14,24,35,14,28,29,32,5,28,19,27,45,12,14,27,28,15,5,29,25
28,14,17,29,19,52,30,35,10,29,25,37,45,2,34,42,18,34,15,31,33,30,41,56,28,18,47,28,44,41,40,43,42,18,28,21,30,25,18,16,30,4,36,27,20,47,39,30,37,23,51,52,34,38,20,30,35,49,40,28,30,18,41,36,30,27,34,43,36,15,52,27,26,45,29,17,25,30,34,29,20,46,24,17,44,41,25,16,0,42,49,34,43,34,29,46,27,15,22,25,43,49,36,40,27,35,48,34,53,43,20,20,19,29,12,18,38,45,37,2,48,36,29,21,36,35,38,24,16,13,34,20,41,38,20,37,40,10,15,21,14,35,18,16,25,27,11,21,37,14,2,40,25,6,15,14,37,30,36,21,51,42,38,36,32,45,38,18,19,27,44,12,36,38,43,14,38,6,38,53,19,18,38,38,19,12,39,25
20,24,24,12,36,33,28,33,43,28,20,12,15,44,9,17,38,22,30,29,24,26,12,24,26,36,8,26,28,14,15,29,29,29,29,29,23,23,26,23,26,45,14,23,35,9,24,24,25,34,11,11,26,27,26,28,25,11,13,33,26,35,39,26,28,24,16,8,24,35,17,24,25,13,24,34,22,27,26,22,35,20,44,34,12,14,21,35,42,0,11,22,2,21,35,28,30,24,30,24,20,36,21,5,32,9,19,16,23,29,34,22,41,27,33,35,26,7,25,43,23,11,27,36,24,28,26,24,42,41,23,33,30,24,36,12,15,43,37,32,35,29,33,36,24,28,44,22,28,42,44,17,24,45,45,37,12,30,10,37,6,30,22,21,22,11,21,37,37,24,30,43,27,24,31,33,28,41,23,11,40,23,21,23,37,38,7,39
24,32,32,25,40,17,30,29,50,26,26,14,24,51,13,24,42,31,28,31,30,32,21,25,31,41,13,32,31,21,24,32,36,27,33,32,27,31,35,31,32,46,25,26,40,7,23,26,29,30,11,23,30,33,28,34,30,6,21,29,32,39,39,30,31,30,25,9,30,37,11,31,36,19,29,39,30,29,35,19,40,23,42,36,19,21,31,38,49,11,0,30,13,29,32,10,29,32,28,29,12,35,22,9,32,14,23,29,28,37,39,27,45,34,39,37,33,5,33,47,23,28,29,38,24,35,32,31,44,42,26,40,36,15,38,14,24,47,45,30,42,34,37,41,32,35,46,27,37,48,47,24,31,49,43,43,14,29,13,42,25,37,12,17,25,16,11,42,41,34,32,47,33,19,37,39,37,48,25,28,45,31,12,19,41,43,30,41
9,29,31,12,25,33,14,14,36,14,11,17,18,35,17,18,27,16,24,17,13,17,21,36,15,23,22,17,21,26,18,27,24,23,18,21,11,14,33,20,17,30,10,5,24,25,10,17,19,25,27,31,17,16,21,22,21,33,18,23,17,23,34,15,20,19,14,22,16,23,27,14,20,27,17,24,17,18,18,16,24,25,28,28,20,24,17,24,34,22,30,0,22,17,26,25,18,28,21,19,25,31,13,25,21,19,24,12,37,27,25,23,26,17,23,24,23,21,20,33,24,15,20,25,11,24,21,22,28,34,13,23,27,17,23,19,18,32,28,24,23,23,30,25,17,15,32,24,24,35,32,18,21,34,34,28,17,13,15,27,28,27,19,23,14,25,19,33,26,19,31,32,21,24,27,22,25,34,16,37,28,24,19,24,28,27,18,29
14,34,34,16,36,33,23,32,47,25,20,12,17,47,9,17,40,22,30,29,24,26,11,12,26,36,4,26,28,14,17,29,29,29,27,30,23,20,33,27,26,45,16,18,35,7,24,16,23,32,11,13,26,25,28,18,25,11,13,33,26,35,39,26,28,24,16,4,24,35,24,23,26,13,24,34,22,27,22,22,35,22,43,36,11,14,21,34,43,2,13,22,0,19,35,28,29,34,30,24,5,36,21,18,32,10,22,15,23,29,34,22,41,27,33,35,26,7,25,42,23,11,27,36,23,28,26,26,42,43,23,33,30,24,36,12,17,39,40,29,35,29,37,36,23,27,40,22,28,45,44,17,26,44,45,39,12,30,10,37,6,30,22,19,22,11,21,37,37,24,30,43,27,23,31,33,28,42,23,11,40,28,21,23,37,36,5,39
15,17,17,14,27,30,16,21,32,17,5,14,18,34,2,18,29,18,15,21,19,19,22,27,19,28,23,19,27,19,18,29,24,14,23,15,16,18,18,16,19,29,11,17,28,25,22,9,18,20,27,17,20,20,13,22,22,32,21,23,19,28,35,21,21,18,16,23,19,24,27,18,19,21,18,28,19,16,21,12,28,24,32,21,22,20,18,22,34,21,29,17,19,0,24,24,20,17,18,19,11,33,2,11,7,4,24,10,26,30,24,14,27,19,26,24,24,21,22,33,24,12,16,25,5,25,24,15,32,29,14,27,26,19,28,4,18,31,32,22,29,24,24,27,19,18,30,14,25,34,29,18,15,34,31,23,14,17,12,30,29,28,18,8,14,21,18,24,28,21,32,30,22,19,29,26,25,32,23,26,32,17,18,18,29,23,12,30
24,13,13,25,25,30,22,27,32,26,24,20,25,31,24,26,25,23,13,26,17,23,35,43,22,21,35,23,26,33,26,27,37,14,25,20,25,21,22,12,23,26,24,26,19,29,27,22,21,12,29,33,19,22,18,22,20,32,36,2,23,25,34,21,16,21,25,35,17,24,27,24,20,26,16,24,21,22,22,16,21,14,31,19,35,33,22,19,29,35,32,26,35,24,0,18,31,13,15,22,30,29,22,28,19,24,26,24,37,22,24,13,19,26,22,24,16,26,16,30,26,29,21,26,21,21,16,15,27,27,28,25,27,18,25,26,25,32,24,12,27,30,22,25,24,25,31,14,21,32,29,25,15,30,23,22,23,28,20,18,34,21,17,21,18,37,19,25,20,15,22,29,15,19,29,22,21,31,28,37,23,12,17,19,23,23,29,32
23,36,36,24,37,10,29,27,46,25,25,10,20,42,24,20,37,30,32,27,26,31,28,33,30,33,28,31,25,26,20,20,34,28,30,31,26,30,36,34,31,44,24,25,35,11,19,25,30,26,13,25,26,32,29,31,21,19,28,20,31,38,37,26,26,30,24,28,26,39,11,30,28,24,25,38,28,28,31,18,35,16,41,33,26,26,30,33,46,28,10,25,28,24,18,0,30,35,28,30,25,26,24,25,33,24,16,24,27,31,38,26,31,28,36,38,27,11,22,46,16,23,28,40,25,33,29,30,35,41,27,37,37,15,39,24,22,46,38,26,41,35,36,38,30,29,45,26,33,48,43,22,30,47,34,34,11,29,11,37,24,31,12,14,20,28,6,41,32,30,24,45,29,14,38,36,34,43,24,27,35,33,8,14,33,37,25,40
14,17,23,23,24,36,16,4,25,3,17,21,21,25,20,24,34,9,18,3,20,3,32,42,2,26,32,3,16,29,28,33,13,17,3,17,15,13,22,24,3,25,21,12,28,26,19,17,28,26,31,35,8,28,17,19,30,33,30,31,3,20,38,10,23,17,24,32,12,16,31,4,23,32,19,29,22,8,15,21,21,28,19,18,30,30,16,20,27,30,29,18,29,20,31,30,0,28,21,19,32,26,19,31,19,22,34,17,40,35,21,22,26,14,20,21,29,28,27,24,34,27,14,22,19,27,28,21,28,18,18,26,26,24,26,22,21,25,24,25,24,23,22,24,18,14,25,22,27,34,29,28,21,28,19,19,20,5,20,29,37,34,24,26,12,25,24,18,26,23,36,30,28,28,27,20,28,28,23,40,29,20,24,24,21,20,23,26
20,2,2,18,16,43,22,33,17,23,10,19,25,17,17,29,14,21,8,24,22,25,34,44,26,17,30,26,39,34,26,34,37,9,21,12,19,17,6,1,21,16,26,22,15,29,33,16,27,9,38,34,27,23,6,19,27,30,34,21,25,10,44,31,7,14,26,30,25,11,39,21,14,34,21,9,17,19,21,21,16,38,21,13,36,34,12,13,15,24,32,28,34,17,13,35,28,0,17,14,26,39,28,28,11,19,38,19,44,33,11,8,17,22,14,10,24,29,28,14,38,27,23,11,28,22,26,6,19,11,31,11,32,30,11,21,32,14,10,7,14,30,10,10,16,21,18,8,27,18,14,32,6,17,20,9,19,21,19,20,38,33,30,27,29,27,30,13,17,16,33,18,27,21,34,14,22,15,31,44,10,4,30,30,16,9,35,20
14,17,15,21,18,34,17,25,20,16,16,18,27,26,20,26,22,16,8,18,19,21,24,39,23,19,30,21,38,27,27,30,36,9,22,10,16,9,17,12,21,25,20,16,17,24,28,15,24,9,30,35,26,20,8,20,20,31,26,13,22,19,40,31,15,17,22,29,25,17,30,14,13,21,16,19,12,12,16,12,17,33,23,14,26,22,14,16,22,30,28,21,30,18,15,28,21,17,0,12,29,33,20,29,18,22,32,20,39,27,17,3,18,13,17,18,21,24,21,23,33,24,14,19,20,22,23,8,20,20,21,18,24,20,20,22,26,24,19,7,20,22,16,18,13,12,24,2,22,22,20,27,9,18,19,16,18,23,15,21,36,28,20,26,12,30,20,20,18,15,27,19,22,18,26,15,20,22,27,39,19,11,21,18,20,19,25,21
12,14,15,15,17,36,11,28,23,18,12,11,20,25,14,20,14,8,12,14,8,11,26,37,17,19,26,16,31,26,20,24,33,11,10,11,13,4,15,12,16,22,15,14,20,26,24,14,19,16,33,33,18,16,11,6,16,32,26,21,11,18,35,27,13,6,17,26,13,13,33,11,6,29,10,18,2,11,12,20,18,26,20,18,26,26,5,21,25,24,29,19,24,19,22,30,19,14,12,0,31,30,23,25,15,20,26,18,38,20,17,15,20,10,13,16,12,27,14,22,26,16,19,19,22,13,10,18,20,24,19,17,22,24,19,22,20,24,21,16,19,20,21,17,2,4,24,15,15,28,21,20,17,22,21,18,12,24,12,21,29,22,24,23,17,26,24,22,20,6,20,26,14,25,22,14,13,22,23,38,16,11,23,25,20,14,23,18
19,28,28,23,36,31,24,29,43,26,24,12,23,44,9,23,41,27,30,28,26,28,18,20,28,38,7,28,27,19,23,29,30,29,27,28,25,25,27,27,28,42,23,23,37,4,24,18,22,28,6,6,27,27,22,21,27,9,17,31,28,37,33,27,31,27,22,7,26,37,16,27,31,20,26,37,28,25,25,23,37,27,41,32,18,19,31,36,43,20,12,25,5,11,30,25,32,26,29,31,0,37,11,2,28,10,24,19,21,33,35,22,42,31,35,37,30,8,27,41,30,21,25,37,14,33,30,26,43,39,27,36,32,22,38,10,22,41,41,29,38,31,31,37,28,29,40,22,33,46,43,22,26,44,43,38,12,29,10,39,11,30,21,9,23,9,21,39,38,28,34,43,27,23,33,35,33,38,26,18,41,26,21,22,38,38,16,39
30,38,38,32,38,32,32,25,47,27,30,33,30,41,33,30,38,30,39,26,27,23,36,42,23,38,36,23,10,38,30,16,23,35,26,34,28,28,40,32,23,45,32,30,37,37,21,31,29,34,31,33,18,34,34,28,19,35,36,33,23,39,34,16,33,31,30,36,16,40,33,20,28,39,25,37,28,27,28,35,37,27,39,40,36,38,31,40,49,36,35,31,36,33,29,26,26,39,33,30,37,0,35,36,39,33,31,34,43,23,38,35,38,28,37,39,30,35,27,45,31,34,30,38,32,31,30,35,38,44,30,38,33,30,42,32,33,44,37,35,42,31,42,36,32,30,46,35,31,48,48,32,35,50,40,37,32,24,35,37,34,24,31,34,27,39,33,44,37,34,25,48,28,35,35,36,32,47,25,43,40,37,34,35,37,39,36,42
11,28,28,14,27,30,11,21,34,16,13,14,20,33,2,20,32,16,15,19,19,17,23,31,19,28,23,17,27,21,20,29,26,14,17,19,16,11,29,22,17,31,14,14,27,25,22,7,18,20,27,17,20,19,16,17,22,32,21,23,17,25,33,21,18,18,16,23,19,25,27,17,19,23,15,28,19,15,22,14,28,26,26,25,23,21,18,21,36,21,22,13,21,2,22,24,19,28,20,23,11,35,0,11,17,4,26,14,26,31,26,20,32,16,23,27,24,21,22,31,26,16,16,28,3,25,22,17,32,32,14,27,26,19,28,4,20,31,31,22,29,21,24,27,14,12,31,20,25,37,34,20,17,35,29,25,14,17,14,30,27,28,18,8,14,21,18,30,28,21,32,34,22,20,29,23,25,33,21,26,31,20,18,20,29,24,16,28
24,28,28,17,36,31,26,29,43,26,24,12,23,43,9,23,38,25,30,29,26,28,18,27,28,38,9,28,27,19,23,29,32,29,29,28,25,27,25,27,28,44,23,26,37,8,24,18,25,31,6,6,27,29,26,30,27,9,17,29,28,37,35,27,32,27,22,12,26,37,16,27,30,20,26,37,24,25,31,23,37,27,39,34,18,19,25,35,40,5,9,25,18,11,28,25,31,28,29,25,2,36,11,0,28,8,21,23,23,33,35,22,42,32,35,37,29,4,27,43,25,20,25,37,14,33,29,26,43,41,27,36,34,22,38,12,22,43,37,31,38,33,30,37,28,31,43,22,33,40,43,20,26,44,43,38,12,27,10,39,11,30,21,11,23,9,21,37,38,25,34,43,27,23,35,35,33,40,26,16,41,22,21,22,38,38,21,37
12,18,9,20,21,40,15,25,25,14,2,21,27,27,17,27,21,17,9,19,22,21,30,32,21,23,30,21,33,30,28,33,34,15,16,9,13,14,15,10,21,24,19,14,26,26,29,10,24,19,35,37,22,28,16,14,24,36,30,20,21,20,38,31,19,17,25,32,22,24,35,15,16,32,17,25,16,13,15,22,25,34,25,20,30,30,16,22,27,32,32,21,32,7,19,33,19,11,18,15,28,39,17,28,0,22,35,22,46,30,20,17,19,19,19,19,24,29,25,26,34,15,19,20,22,22,24,11,19,23,29,20,30,31,20,25,34,26,22,18,23,23,18,19,16,18,24,17,22,30,28,34,11,27,23,22,25,31,25,21,43,30,32,31,24,35,25,22,24,16,31,27,24,27,31,19,24,28,33,46,22,15,31,32,23,18,29,25
17,19,19,11,29,32,22,19,35,18,17,5,19,36,2,19,34,18,17,22,18,18,22,31,19,33,10,24,30,21,20,32,26,16,23,21,18,20,25,18,18,33,11,19,33,10,24,11,22,28,26,14,24,25,15,19,26,14,21,25,24,30,36,25,25,18,11,10,23,29,24,17,21,23,20,30,18,18,21,15,33,26,32,23,22,21,12,24,35,9,14,19,10,4,24,24,22,19,22,20,10,33,4,8,22,0,23,12,26,29,27,19,34,25,25,30,22,10,20,34,24,16,18,30,7,25,22,17,35,28,15,28,25,19,31,2,19,36,34,23,29,24,24,30,21,20,33,19,25,34,36,17,17,36,33,31,2,17,2,31,17,26,18,6,16,8,18,26,30,23,32,36,20,20,29,25,25,33,23,26,34,20,18,19,24,31,16,28
24,36,38,14,39,24,31,31,45,31,24,24,10,46,24,8,37,20,38,28,22,27,24,34,28,34,21,27,22,25,10,19,24,34,28,33,26,26,38,31,29,46,12,25,33,25,23,26,28,30,23,23,24,27,33,27,18,24,26,26,27,36,38,24,27,26,13,21,22,36,23,24,24,28,22,36,23,30,27,22,33,6,42,39,24,25,24,39,48,19,23,24,22,24,26,16,34,38,32,26,24,31,26,21,35,23,0,12,29,27,37,33,35,24,36,38,26,25,24,47,2,22,30,39,27,30,25,31,31,43,25,35,33,24,39,25,6,47,38,28,37,32,40,39,26,26,47,33,30,49,47,6,31,49,39,37,24,27,26,37,19,28,22,20,23,32,22,43,36,27,20,44,16,21,34,36,30,48,23,29,37,33,22,16,30,37,20,42
12,15,15,2,27,30,15,14,29,14,12,12,6,30,8,6,31,10,18,15,15,9,18,31,9,27,16,9,25,18,8,25,24,17,11,19,12,14,23,14,9,31,2,13,26,20,20,14,18,25,27,26,17,18,16,18,20,26,19,23,9,25,37,20,20,15,4,16,15,21,27,8,12,20,15,24,11,18,15,10,26,12,25,24,18,19,12,21,34,16,29,12,15,10,24,24,17,19,20,18,19,34,14,23,22,12,12,0,32,26,25,19,32,11,23,26,20,19,18,27,14,13,18,25,15,18,19,14,31,27,14,23,23,20,27,16,6,28,31,21,23,21,29,27,15,15,32,19,19,35,35,8,14,36,34,24,10,15,12,27,22,27,18,20,9,18,18,25,28,17,27,33,21,6,24,23,19,31,20,28,31,19,18,6,28,23,11,24
35,44,44,32,47,28,37,36,57,37,35,30,28,58,26,28,47,38,42,37,34,39,26,21,38,43,25,39,38,24,28,36,37,40,38,39,36,38,46,42,39,54,32,37,43,28,32,29,35,38,12,17,34,40,39,44,34,29,29,35,39,47,49,37,36,38,32,25,34,47,23,38,38,25,33,48,38,36,39,32,43,28,47,45,26,26,38,45,53,23,28,37,23,26,37,27,40,44,39,38,21,43,26,23,46,26,29,32,0,37,46,40,47,38,46,48,35,28,35,54,30,26,36,48,27,41,35,39,50,47,35,47,42,28,49,24,28,54,47,34,49,41,46,48,38,37,53,40,41,55,54,28,39,55,46,45,30,36,30,48,19,37,26,20,32,27,26,49,44,40,38,54,35,19,43,46,41,53,31,2,47,41,26,25,43,47,26,49
26,32,32,26,33,36,23,35,43,32,26,30,24,42,31,24,29,24,34,30,14,22,28,41,22,28,31,22,13,30,24,4,36,30,23,29,23,18,36,26,22,42,26,28,27,34,30,28,18,26,32,33,19,22,29,19,10,32,31,22,22,30,27,20,24,18,26,31,12,29,32,25,22,34,14,30,22,23,21,31,25,27,36,35,28,30,23,35,43,29,37,27,29,30,22,31,35,33,27,20,33,23,31,33,30,29,27,26,37,0,33,31,33,22,36,36,12,31,12,43,19,27,24,35,26,14,14,32,31,41,28,35,28,25,33,31,22,43,34,23,35,28,37,35,18,20,41,31,16,42,43,22,32,43,39,35,32,35,29,34,27,6,26,25,30,35,26,41,32,26,4,41,14,27,31,36,17,44,30,36,35,32,26,27,32,31,25,40
20,11,12,25,6,46,15,25,19,23,20,27,31,20,24,31,6,18,11,19,23,18,34,45,18,7,34,18,39,35,31,31,30,10,20,15,16,13,19,11,18,19,25,20,3,35,29,20,32,18,41,41,26,26,12,20,23,41,34,24,18,3,36,33,17,20,27,34,26,13,41,18,17,35,17,5,17,19,19,26,5,37,21,1,34,35,18,2,20,34,39,25,34,24,24,38,21,11,17,17,35,38,26,35,20,27,37,25,46,33,0,13,7,13,8,3,27,35,27,17,37,29,21,4,24,26,27,15,9,7,17,2,27,32,6,28,31,15,6,18,6,25,9,6,13,13,18,13,26,17,14,31,15,17,17,8,28,24,28,9,40,29,32,32,26,37,32,3,7,20,33,10,23,32,29,8,26,18,25,46,6,15,32,32,7,7,29,23
10,8,9,10,16,32,12,26,19,18,11,15,27,20,13,27,18,15,6,20,19,17,31,38,17,16,27,17,39,28,20,28,32,5,17,5,14,11,17,8,17,20,18,14,16,25,28,14,22,9,31,35,28,18,3,14,22,27,30,13,17,16,40,33,7,17,16,27,25,12,29,15,13,21,16,15,13,14,16,12,18,28,23,12,31,28,12,15,20,22,27,23,22,14,13,26,22,8,3,15,22,35,20,22,17,19,33,19,40,31,13,0,17,13,12,15,23,23,23,21,33,22,15,14,20,22,23,6,19,13,23,16,24,21,16,19,26,20,14,7,13,22,13,14,13,12,20,1,20,22,20,27,6,25,19,13,15,22,15,16,36,28,22,23,12,31,22,13,17,16,27,22,22,18,26,13,22,17,28,40,18,9,19,18,20,13,19,22
23,10,14,32,6,43,25,31,16,26,23,30,32,19,33,32,6,26,14,26,16,16,40,51,15,1,41,16,30,42,32,29,33,12,19,16,23,17,16,13,16,19,32,23,4,42,30,24,28,19,40,42,17,20,14,17,25,45,40,23,16,5,37,21,18,16,33,41,19,5,41,21,16,42,18,7,18,22,25,33,6,35,29,13,41,42,23,14,19,41,45,26,41,27,19,31,26,17,18,20,42,38,32,42,19,34,35,32,47,33,7,17,0,18,6,7,22,38,21,14,33,32,23,10,28,21,22,17,2,12,25,7,33,29,6,33,28,17,5,15,10,29,11,6,19,16,12,15,19,15,16,28,17,18,7,12,33,28,30,2,37,25,29,28,25,42,27,16,1,24,24,19,21,27,35,6,21,19,29,43,4,19,29,27,5,5,31,24
11,20,22,11,19,36,3,17,30,12,11,20,15,27,19,15,20,6,21,15,10,6,29,41,12,18,29,6,31,29,18,20,24,14,11,13,11,4,24,9,12,29,11,10,18,32,20,13,16,17,31,33,18,12,12,12,14,36,29,20,12,17,33,23,11,6,13,29,15,17,33,5,4,33,8,16,2,5,8,20,18,22,15,12,29,29,5,18,29,27,34,17,27,19,26,28,14,22,13,10,31,28,16,32,19,25,24,11,38,22,13,13,18,0,16,18,14,26,10,27,23,20,11,17,17,12,14,14,20,24,17,15,18,21,17,21,17,27,18,15,15,16,21,19,2,4,25,13,12,27,26,17,14,27,17,15,21,25,21,19,26,18,21,24,16,30,22,21,20,8,18,25,14,23,18,16,14,26,23,38,18,14,24,21,18,17,17,21
18,9,9,24,9,42,19,24,9,17,19,26,30,13,22,30,9,16,8,19,26,17,33,44,17,6,33,17,35,35,30,32,30,7,15,9,14,12,17,8,17,21,24,17,6,35,29,18,28,20,41,41,21,25,9,19,26,39,33,21,17,5,40,29,13,21,26,33,26,13,39,15,16,35,20,8,16,19,19,26,8,36,18,6,33,35,15,4,12,33,39,23,33,26,22,36,20,14,17,13,35,37,23,35,19,25,36,23,46,36,8,12,6,16,0,6,24,33,26,13,35,27,20,9,23,25,24,10,8,16,18,8,30,31,5,31,29,12,9,17,9,29,7,9,18,16,11,12,23,14,10,29,9,13,15,2,24,24,26,10,39,32,31,32,20,41,31,9,6,23,30,11,26,31,32,2,25,13,29,46,7,18,31,31,10,2,27,20
21,10,10,26,4,44,21,25,19,19,18,26,32,20,24,32,5,21,10,21,22,17,35,47,17,7,35,17,33,37,32,34,30,10,19,16,20,16,18,12,17,16,26,21,5,37,32,19,30,19,43,43,25,23,12,21,28,39,35,26,17,3,38,27,18,19,28,35,25,12,41,17,18,37,20,5,18,21,21,28,7,38,27,3,35,37,19,5,18,35,37,24,35,24,24,38,21,10,18,16,37,39,27,37,19,30,38,26,48,36,3,15,7,18,6,0,26,33,28,21,38,30,23,6,24,26,26,13,9,5,24,5,27,32,2,29,32,21,5,19,5,25,7,5,16,16,17,15,24,14,14,32,13,14,17,6,29,25,29,11,41,32,32,33,24,37,33,5,6,24,30,16,26,33,29,6,26,17,28,47,5,17,31,33,6,6,30,31
20,23,26,20,27,36,21,23,35,26,20,24,15,36,24,15,24,14,28,24,6,19,26,38,19,22,28,19,13,28,17,6,33,24,18,23,19,14,30,20,19,36,20,22,23,31,22,22,14,20,30,31,14,16,23,13,4,32,29,16,19,26,31,14,15,10,20,28,8,25,30,18,14,31,12,26,10,21,14,25,21,26,27,29,26,28,14,28,38,26,33,23,26,24,16,27,29,24,21,12,30,30,24,29,24,22,26,20,35,12,27,23,22,14,24,26,0,28,6,38,18,21,18,31,20,9,2,26,29,35,24,29,22,20,31,25,17,38,30,22,31,22,32,31,10,16,37,25,11,38,38,17,26,37,17,29,26,30,23,26,26,14,21,20,24,30,21,35,24,19,8,37,4,22,26,32,10,39,22,35,29,26,21,22,26,29,19,34
20,29,29,21,36,17,26,28,45,22,22,10,21,42,9,21,41,27,28,28,27,28,18,26,28,38,9,28,28,18,21,29,33,23,31,28,23,27,31,28,28,41,21,22,36,2,19,22,26,28,10,22,27,30,26,31,28,5,18,26,28,35,38,26,28,25,22,5,28,36,10,27,29,15,26,35,26,25,31,15,36,25,36,32,16,17,27,34,45,7,5,21,7,21,26,11,28,29,24,27,8,35,21,4,29,10,25,19,28,31,35,23,38,26,33,33,28,0,31,43,25,22,25,34,26,32,31,26,41,38,23,36,34,13,34,10,21,42,41,27,38,33,32,37,26,31,40,25,35,43,43,21,26,44,41,38,8,26,10,37,25,34,10,15,21,7,8,38,38,29,32,43,31,16,35,35,30,39,22,28,41,29,9,16,38,38,24,32
18,26,26,18,27,28,17,26,37,25,18,24,13,33,22,13,25,12,27,24,10,22,25,40,21,22,27,22,18,28,15,12,31,24,21,23,19,14,30,19,22,36,18,19,23,31,21,21,14,20,28,29,17,17,23,14,4,35,26,16,22,26,31,14,15,14,17,27,12,26,30,16,12,31,12,26,12,15,14,25,23,22,32,29,25,28,16,29,37,25,33,20,25,22,16,22,27,28,21,14,27,27,22,27,25,20,24,18,35,12,27,23,21,10,26,28,6,31,0,37,16,19,22,29,21,11,6,24,28,33,25,23,24,18,29,26,14,35,26,22,27,22,30,27,14,14,35,23,11,36,34,14,24,37,21,25,27,29,24,27,22,10,19,21,25,35,19,33,22,16,8,33,6,20,26,26,13,34,22,35,25,24,21,20,22,27,19,31
25,15,16,33,15,52,25,30,4,23,29,36,39,2,33,39,16,25,13,27,32,23,41,52,23,15,44,23,44,43,38,41,36,14,23,18,28,20,22,15,23,2,27,24,20,43,36,26,37,23,49,49,34,31,19,28,35,47,43,29,23,13,38,38,24,22,34,43,35,16,49,19,25,42,27,19,25,24,26,32,20,47,16,14,44,43,23,15,2,43,47,33,42,33,30,46,24,14,23,22,41,45,31,43,26,34,47,27,54,43,17,21,14,27,13,21,38,43,37,0,46,37,29,16,31,34,36,21,15,16,28,16,39,43,14,38,41,4,18,28,15,35,19,15,26,25,6,19,34,17,4,45,20,17,13,13,35,28,35,21,54,40,44,44,28,45,44,20,21,28,42,6,34,43,43,13,34,12,38,58,14,20,44,43,17,11,34,19
24,36,36,12,39,24,31,29,45,31,24,24,8,46,24,10,37,20,35,28,22,29,25,35,28,34,20,29,20,26,6,19,30,34,28,33,26,26,37,31,29,45,12,25,33,25,22,26,28,30,25,25,24,27,33,27,18,25,27,26,29,36,38,24,27,26,11,23,22,36,25,26,24,28,22,36,23,30,27,22,33,2,42,39,25,26,24,39,48,23,23,24,23,24,26,16,34,38,33,26,30,31,26,25,34,24,2,14,30,19,37,33,33,23,35,38,18,25,16,46,0,22,30,39,27,30,26,34,40,43,25,35,33,24,39,25,12,45,38,28,37,32,40,39,26,26,47,30,30,49,46,8,34,48,39,37,24,31,24,37,17,28,22,20,21,32,22,43,36,27,20,45,26,17,34,36,30,46,23,29,37,33,22,21,30,37,20,39
11,27,27,13,31,29,23,28,42,21,11,14,16,41,16,15,35,16,29,22,21,21,11,27,21,32,13,21,24,17,16,26,27,26,25,25,14,20,23,20,21,37,9,15,30,22,20,19,20,28,23,27,21,23,25,21,20,30,9,29,21,30,37,20,21,20,14,11,21,30,23,17,20,19,21,29,20,22,24,18,30,22,38,30,11,17,14,33,36,11,28,15,11,12,29,23,27,27,24,16,21,34,16,20,15,16,22,13,26,27,29,22,32,20,27,30,21,22,19,37,22,0,22,30,18,20,22,23,36,33,17,28,25,17,30,19,15,37,35,28,29,23,28,31,21,25,37,24,25,40,39,16,23,40,39,33,14,25,15,33,17,30,15,21,18,15,16,38,32,23,27,38,23,21,25,28,23,33,20,26,35,26,16,20,32,34,6,28
10,24,22,18,23,32,6,20,30,8,13,18,24,29,16,24,27,14,23,17,14,9,26,35,9,23,27,9,30,25,24,28,28,16,10,11,11,4,24,18,6,29,18,9,22,25,26,11,21,18,31,31,15,14,11,16,22,30,26,21,6,24,35,26,18,13,20,27,19,22,31,7,8,27,11,23,10,2,12,18,22,30,22,14,27,25,14,21,29,27,29,20,27,16,21,28,14,23,14,19,25,30,16,25,19,18,30,18,36,24,21,15,23,11,20,23,18,25,22,29,30,22,0,23,12,22,16,16,27,24,15,22,20,21,24,18,24,28,27,16,24,19,21,23,9,9,25,16,22,29,28,24,15,30,26,22,18,21,18,24,32,29,21,22,18,25,22,24,23,13,30,28,23,24,25,20,19,27,23,36,27,14,22,24,23,21,22,23
21,14,13,25,2,46,13,26,15,20,20,30,33,15,28,33,8,20,10,20,25,20,35,47,20,10,36,19,35,37,33,31,31,10,20,10,21,15,15,12,20,17,27,20,6,37,31,22,30,19,43,43,26,24,11,21,25,40,36,26,20,6,37,29,18,21,29,36,26,11,43,18,15,37,19,3,17,21,22,23,8,39,24,10,36,37,19,6,21,36,38,25,36,25,26,40,22,11,19,19,37,38,28,37,20,30,39,25,48,35,4,14,10,17,9,6,31,34,29,16,39,30,23,0,28,28,29,18,11,4,25,4,28,34,3,30,31,19,4,20,4,26,6,4,19,17,21,14,26,13,14,31,18,17,20,9,30,26,30,10,41,31,34,34,28,40,32,4,9,20,33,13,25,32,30,9,28,15,27,48,4,13,34,34,5,8,30,24
11,28,28,15,27,31,11,24,34,16,13,15,20,33,5,20,32,16,15,19,17,17,23,32,19,28,24,17,25,22,21,28,29,14,17,19,16,11,29,22,17,31,15,14,27,26,21,7,17,19,27,20,19,18,16,17,20,31,23,22,17,25,31,19,17,17,17,24,17,25,27,17,22,24,15,28,19,15,21,15,28,27,26,25,23,22,18,21,36,24,24,11,23,5,21,25,19,28,20,22,14,32,3,14,22,7,27,15,27,26,24,20,28,17,23,24,20,26,21,31,27,18,12,28,0,25,21,17,31,32,17,27,25,18,28,7,21,31,31,22,29,21,24,27,14,12,31,20,25,36,34,21,17,35,29,25,15,20,15,30,30,26,19,11,15,23,18,30,28,19,32,34,20,21,29,23,25,33,22,27,31,20,18,21,29,24,16,28
15,16,16,18,30,37,21,23,33,26,19,24,20,34,25,20,26,16,16,23,7,19,28,38,18,22,30,19,20,30,22,15,31,17,18,22,20,13,22,19,19,35,18,19,22,33,27,8,2,19,36,33,14,14,22,6,11,33,29,20,19,25,31,17,15,11,19,30,7,24,36,18,15,27,9,24,14,20,12,24,20,28,29,28,30,30,15,28,35,28,35,24,28,25,21,33,27,22,22,13,33,31,25,33,22,25,30,18,41,14,26,22,21,12,25,26,9,32,11,34,30,20,22,28,25,0,10,23,24,34,21,32,21,24,25,23,21,35,28,23,30,21,30,29,19,15,32,24,2,35,36,21,23,38,29,29,23,29,20,26,30,18,25,23,21,31,24,32,29,6,15,37,14,25,25,30,2,36,26,37,27,17,25,24,29,31,18,35
20,25,26,19,27,34,15,23,35,26,20,24,15,36,24,15,24,18,28,24,6,20,26,38,20,22,27,20,18,28,17,16,33,24,21,21,21,14,30,20,20,36,19,22,23,31,22,22,14,20,30,31,16,17,20,14,6,29,29,16,20,26,31,15,18,10,19,27,10,26,25,21,14,31,12,26,14,21,15,24,21,26,30,29,26,28,17,28,38,26,32,21,26,24,16,29,28,26,23,10,30,30,22,29,24,22,25,19,35,14,27,23,22,14,24,26,2,31,6,36,26,22,16,29,21,10,0,26,29,35,24,29,22,20,31,26,17,38,30,22,31,22,32,31,14,16,37,25,12,38,38,17,26,37,31,29,19,29,24,26,26,10,21,21,24,33,21,35,26,18,10,37,6,16,26,32,12,39,22,35,29,26,21,22,26,29,20,34
17,6,6,15,17,36,13,25,19,18,9,19,20,17,17,28,18,11,9,20,20,16,31,36,18,17,28,17,39,29,21,29,31,7,19,8,13,12,8,5,18,25,22,19,17,27,29,13,25,9,33,34,28,21,7,15,23,29,31,15,16,17,40,33,7,18,19,28,25,17,33,14,14,27,16,18,14,14,17,18,17,26,21,16,31,29,10,17,24,24,31,22,26,15,15,30,21,6,8,18,26,35,17,26,11,17,31,14,39,32,15,6,17,14,10,13,26,26,24,21,34,23,16,18,17,23,26,0,18,20,23,17,24,23,17,21,24,23,17,11,17,24,14,17,14,13,23,6,23,27,23,28,1,23,23,10,19,25,19,18,37,28,23,25,18,27,24,17,18,16,30,16,22,24,27,8,23,20,27,39,17,6,24,24,20,10,26,17
25,11,19,31,8,39,27,30,17,29,25,33,35,19,32,28,8,25,15,26,21,16,41,53,15,3,42,16,28,42,37,31,36,17,24,18,24,18,14,15,16,17,31,24,6,41,35,24,22,20,47,36,20,20,18,17,28,44,41,17,16,7,34,22,20,16,34,42,21,5,47,21,18,43,24,9,20,22,16,32,8,40,31,14,42,42,17,15,16,42,44,28,42,32,27,35,28,19,20,20,43,38,32,43,19,35,31,31,50,31,9,19,2,20,8,9,29,41,28,15,40,36,27,11,31,24,29,18,0,8,25,10,32,29,8,33,28,20,7,15,12,31,9,8,19,20,16,15,22,16,15,28,16,23,2,7,33,33,30,3,37,24,29,28,27,40,27,18,3,23,24,20,20,27,34,8,24,16,28,43,6,19,29,27,6,7,31,22
25,11,10,25,4,47,20,32,20,25,18,32,37,20,28,35,10,26,12,30,27,25,43,49,24,16,38,27,41,41,37,38,38,15,27,12,26,22,13,11,29,16,34,25,14,38,36,24,34,21,44,42,32,31,14,27,32,42,43,25,25,6,41,36,23,21,30,38,30,20,44,25,19,38,26,7,24,22,26,24,14,43,24,4,43,41,24,5,13,41,42,34,43,29,27,41,18,11,20,24,39,44,32,41,23,28,43,27,47,41,7,13,12,24,16,5,35,38,33,16,43,33,24,4,32,34,35,20,8,0,27,3,32,35,8,29,35,19,6,19,6,30,2,6,24,24,19,14,30,14,19,35,20,21,6,12,31,27,33,14,44,37,35,33,31,36,35,2,11,23,39,19,31,35,34,12,30,17,33,47,6,14,35,35,11,15,34,24
12,23,26,14,25,35,16,19,31,15,14,18,19,33,14,19,26,17,29,19,20,17,22,35,16,25,22,17,25,25,19,32,23,23,18,22,7,15,32,20,17,35,12,11,25,23,20,16,20,27,28,32,18,18,22,21,25,31,25,28,17,23,33,20,22,20,15,21,18,23,28,16,18,27,18,22,18,18,18,16,25,25,25,24,23,25,17,15,34,23,26,13,23,14,28,27,18,31,21,19,27,30,14,27,29,15,25,14,35,28,17,23,25,17,18,24,24,23,25,28,25,17,15,25,17,21,24,23,25,27,0,23,24,22,25,14,19,32,28,24,25,21,29,25,14,18,33,19,21,35,32,19,23,32,24,27,17,17,17,27,28,28,21,19,20,26,21,20,26,18,29,32,22,23,27,20,22,33,6,35,28,23,21,23,25,26,19,25
19,12,11,23,4,45,20,33,17,24,19,29,29,22,27,29,4,18,13,23,23,20,33,46,19,7,33,20,39,36,29,33,30,13,20,12,18,15,20,10,20,16,23,18,7,36,31,22,32,19,40,42,26,30,14,20,27,40,33,24,23,5,45,30,16,20,25,33,26,16,42,16,13,36,21,3,15,20,20,27,5,35,25,3,33,36,17,8,20,33,40,23,33,27,25,37,26,11,18,17,36,38,27,36,20,28,35,23,47,35,2,16,7,15,8,5,29,36,23,16,35,28,22,4,27,32,29,17,10,3,23,0,27,33,8,28,29,16,6,19,6,25,7,6,17,17,19,13,26,13,16,29,17,17,9,9,26,31,29,11,39,31,33,33,27,38,31,7,7,20,31,15,27,31,29,8,26,20,29,47,6,16,33,31,7,9,28,27
20,30,31,23,26,43,22,25,38,21,22,24,23,42,21,23,30,19,28,19,19,16,32,40,16,32,32,16,28,32,25,30,31,25,18,22,23,15,32,23,16,39,23,18,30,34,28,18,23,30,36,36,24,12,22,18,24,36,32,29,15,27,37,25,25,19,23,32,19,30,38,19,20,33,20,28,16,21,12,24,30,31,27,30,32,32,18,30,41,30,36,27,30,26,27,37,26,32,24,22,32,33,26,34,30,25,33,23,42,28,27,24,33,18,30,27,22,34,24,39,33,25,20,28,25,21,22,24,32,32,24,27,0,22,29,26,26,39,31,28,28,10,29,28,16,22,38,24,18,37,38,26,25,39,34,31,23,26,21,29,36,27,23,28,27,33,25,29,28,18,23,39,20,28,6,31,21,39,20,43,32,27,25,29,28,30,27,34
17,30,28,20,33,21,22,22,40,21,19,11,16,38,19,16,33,24,21,21,20,24,23,33,24,29,25,25,24,23,16,22,30,24,24,25,18,17,30,28,24,42,20,20,29,13,15,19,23,20,16,24,19,26,23,28,17,23,21,18,24,32,36,22,24,23,20,24,20,31,16,22,24,20,11,34,24,22,24,16,29,24,35,29,21,23,24,29,38,24,15,17,24,19,18,15,24,30,20,24,22,30,19,22,31,19,24,20,28,25,32,21,29,21,31,32,20,13,18,43,24,17,21,34,18,24,20,23,29,35,22,33,22,0,33,19,16,40,33,18,35,26,30,34,22,15,36,21,26,38,39,16,24,39,32,31,11,22,11,31,25,28,3,15,14,20,7,33,30,23,29,37,21,12,30,32,25,37,18,28,33,27,7,12,29,32,21,33
21,11,11,27,3,45,20,30,12,24,19,27,33,15,25,33,6,20,10,22,23,16,35,45,16,6,36,16,34,38,33,35,32,10,20,13,21,17,15,11,16,14,27,20,6,38,33,23,26,20,44,40,24,20,13,21,27,40,35,27,16,2,39,28,18,17,29,36,24,9,42,20,19,38,21,4,17,21,16,23,6,39,26,9,36,38,19,6,20,36,38,23,36,28,25,39,26,11,20,19,38,42,28,38,20,31,39,27,49,33,6,16,6,17,5,2,31,34,29,14,39,30,24,3,28,25,31,17,8,8,25,8,29,33,0,30,31,15,3,20,3,25,12,3,21,17,19,15,24,16,13,31,13,13,12,5,30,24,30,10,41,31,33,34,23,37,32,6,5,24,29,12,27,32,29,5,26,19,29,48,4,18,34,32,9,5,30,30
17,21,21,16,28,32,20,19,37,18,17,3,20,36,2,20,32,13,21,21,22,24,23,27,17,33,10,24,30,22,20,32,26,20,24,21,18,20,17,20,24,38,13,19,33,10,24,11,22,19,27,14,24,21,19,19,25,14,22,27,24,29,33,25,25,14,10,10,23,32,27,17,21,24,20,30,16,18,21,15,33,26,30,27,24,22,12,27,37,12,14,19,12,4,26,24,22,21,22,22,10,32,4,12,25,2,25,16,24,31,28,19,33,21,31,29,25,10,26,38,25,19,18,30,7,23,26,21,33,29,14,28,26,19,30,0,19,34,24,21,25,23,24,24,21,20,34,19,25,38,36,19,21,37,33,31,2,17,2,31,29,28,18,5,16,6,18,30,30,17,32,36,22,20,28,28,25,37,23,24,28,22,18,20,30,32,19,26
16,30,29,8,33,28,25,21,43,17,18,18,2,43,16,2,34,14,31,20,16,19,18,32,19,28,17,19,23,20,2,20,24,28,16,27,18,20,30,25,19,41,6,17,27,21,16,20,21,26,23,25,18,23,27,26,17,25,20,25,19,30,35,20,21,20,7,17,12,30,23,18,18,23,16,30,17,24,19,16,27,12,35,33,18,20,16,33,40,15,24,18,17,18,25,22,21,32,26,20,22,33,20,22,34,19,6,6,28,22,31,26,28,17,29,32,17,21,14,41,12,15,24,31,21,21,17,24,28,35,19,29,26,16,31,19,0,41,32,24,31,24,34,33,20,20,40,27,22,41,39,2,20,42,36,31,18,25,18,33,16,25,14,16,15,23,14,37,28,22,25,39,16,2,26,30,23,38,16,28,32,25,14,2,28,31,13,31
24,16,14,32,18,50,22,28,6,22,26,32,41,6,30,41,18,24,15,24,33,21,43,48,21,17,42,21,38,43,40,39,37,14,21,17,25,22,22,20,21,8,25,23,18,41,37,24,37,22,47,48,35,35,17,24,35,47,39,32,21,15,40,38,18,27,32,42,33,17,49,19,24,43,29,21,27,25,26,34,18,47,13,14,44,38,25,18,10,43,47,32,39,31,32,46,25,14,24,24,41,44,31,43,26,36,47,28,54,43,15,20,17,27,12,21,38,42,35,4,45,37,28,19,31,35,38,23,20,19,32,16,39,40,15,34,41,0,15,26,18,34,20,15,25,21,2,20,35,17,10,43,22,17,17,11,32,30,34,21,47,37,35,44,26,41,44,20,19,26,42,6,33,42,42,16,35,8,37,58,14,17,44,43,20,13,39,22
26,9,12,31,2,45,21,28,12,27,19,29,32,22,32,32,3,26,10,24,23,20,40,50,20,6,40,20,36,41,32,28,29,11,24,10,24,21,13,10,20,19,27,24,7,41,30,27,28,19,40,42,26,23,11,21,24,45,40,25,19,3,36,26,18,17,29,40,26,10,42,20,16,39,18,3,18,25,22,23,7,40,28,9,40,40,24,8,15,37,45,28,40,32,24,38,24,10,19,21,41,37,31,37,22,34,38,31,47,34,6,14,5,18,9,5,30,41,26,18,38,35,27,4,31,28,30,17,7,6,28,6,31,33,3,24,32,15,0,19,3,24,6,1,17,14,17,18,27,12,13,32,17,14,16,8,27,27,28,9,41,28,33,33,27,38,31,6,6,21,29,14,24,31,27,9,29,17,26,47,1,13,33,31,5,8,31,25
18,7,7,23,19,32,16,26,28,20,18,18,24,28,22,18,19,16,9,23,14,18,33,41,17,15,33,18,30,31,24,27,34,10,20,14,19,14,13,10,18,27,23,20,15,27,25,16,24,4,27,27,18,19,12,19,21,32,33,6,18,19,36,24,4,13,25,32,17,16,27,17,14,24,13,20,15,15,16,15,13,32,23,15,33,31,12,15,21,32,30,24,29,22,12,26,25,7,7,16,29,35,22,31,18,23,28,21,34,23,18,7,15,15,17,19,22,27,22,28,28,28,16,20,22,23,22,11,15,19,24,19,28,18,20,21,24,26,19,0,21,23,16,19,15,14,24,7,19,26,24,22,11,27,17,16,17,23,18,12,33,25,18,18,15,36,18,21,16,13,26,24,19,18,29,18,19,26,26,34,19,11,18,18,15,18,26,24
20,14,13,23,8,47,18,28,13,22,20,31,31,22,29,31,6,18,11,22,25,20,34,48,20,7,35,20,35,38,31,33,30,11,22,11,21,15,15,11,20,15,23,18,8,38,33,23,30,20,44,44,26,23,10,21,27,41,34,27,19,4,39,29,17,17,27,35,26,11,44,16,17,38,21,2,15,22,20,21,6,37,24,8,35,38,18,8,14,35,42,23,35,29,27,41,24,14,20,19,38,42,29,38,23,29,37,23,49,35,6,13,10,15,9,5,31,38,27,15,37,29,24,4,29,30,31,17,12,6,25,6,28,35,3,25,31,18,3,21,0,26,6,4,17,19,17,16,28,17,12,29,18,15,16,9,31,28,31,8,40,33,35,35,29,40,33,6,12,20,35,13,27,33,30,9,26,18,29,49,8,17,35,33,8,9,29,24
18,26,24,19,24,41,18,18,38,18,19,24,24,37,24,24,28,15,23,16,18,16,30,41,16,25,31,16,30,31,24,26,26,23,18,21,20,15,28,21,16,35,21,20,29,33,28,12,15,28,37,36,25,2,22,12,20,37,31,30,15,25,39,22,22,17,21,31,18,29,36,17,20,32,14,26,16,21,6,26,29,32,25,28,31,31,15,28,35,29,34,23,29,24,30,35,23,30,22,20,31,31,21,33,23,24,32,21,41,28,25,22,29,16,29,25,22,33,22,35,32,23,19,26,21,21,22,24,31,30,21,25,10,26,25,23,24,34,24,23,26,0,28,24,14,14,35,22,17,37,36,24,22,36,28,30,26,18,24,26,33,26,27,26,24,31,27,26,25,17,26,36,18,29,8,25,18,37,27,42,26,23,27,29,28,29,26,30
24,9,9,21,6,44,20,26,14,23,19,25,34,16,24,34,8,23,11,27,26,25,38,41,24,9,33,25,39,36,34,36,27,10,23,13,24,19,14,9,25,18,29,25,13,33,34,20,32,14,39,41,29,27,11,24,28,39,38,24,25,7,42,33,18,23,23,34,21,18,39,23,14,34,21,5,21,19,23,23,13,40,25,5,38,36,21,3,18,33,37,30,37,24,22,36,22,10,16,21,31,42,24,30,18,24,40,29,46,37,9,13,11,21,7,7,32,32,30,19,40,28,21,6,24,30,32,14,9,2,29,7,29,30,12,24,34,20,6,16,6,28,0,6,22,21,18,14,29,11,20,34,18,21,9,13,26,21,28,14,43,35,30,32,26,32,30,10,9,18,36,16,29,30,31,8,27,12,31,46,10,8,30,30,16,8,34,23
22,10,10,27,2,44,18,28,13,22,19,30,33,22,27,33,4,22,11,20,23,20,36,47,20,5,36,20,36,37,33,31,30,11,20,10,21,17,14,10,20,15,27,22,8,37,31,23,29,19,41,43,26,23,11,22,25,41,36,25,19,4,37,30,19,20,29,36,26,11,43,20,17,37,19,2,19,21,22,23,8,39,26,9,36,37,20,11,16,36,41,25,36,27,25,38,24,10,18,17,37,36,27,37,19,30,39,27,48,35,6,14,6,19,9,5,31,37,27,15,39,31,23,4,27,29,31,17,8,6,25,6,28,34,3,24,33,15,1,19,4,24,6,0,17,15,17,16,28,13,14,33,17,15,8,7,27,28,28,10,42,29,33,33,27,38,31,10,6,25,29,15,25,31,27,9,30,17,27,47,2,17,33,31,6,9,31,26
9,15,16,15,17,38,7,24,29,10,12,20,18,26,19,18,14,10,17,11,4,10,26,36,16,19,26,10,34,26,20,22,26,13,10,12,9,4,23,10,6,26,15,8,20,26,24,13,19,19,33,33,18,16,12,6,14,32,26,23,10,21,35,25,13,4,17,26,11,20,33,9,2,29,8,18,4,7,10,20,18,24,16,12,26,26,8,12,25,24,32,17,23,19,24,30,18,16,13,2,28,32,14,28,16,21,26,15,38,18,13,13,19,2,18,16,10,26,14,26,26,21,9,19,14,19,14,14,19,24,14,17,16,22,21,21,20,25,17,15,17,14,22,17,0,2,25,16,13,28,27,20,18,24,26,14,23,25,25,21,27,20,23,24,20,32,24,21,20,8,18,23,10,25,24,16,13,28,23,38,16,15,24,24,20,20,23,20
7,20,21,15,15,37,3,16,29,8,12,19,18,25,18,18,20,10,14,17,10,8,30,41,12,17,30,11,34,28,20,16,23,13,7,12,10,2,24,10,11,28,15,6,17,31,22,13,17,16,32,32,18,14,12,13,10,35,30,22,8,16,31,23,12,6,19,30,14,15,32,9,6,32,4,18,4,7,10,19,17,24,16,12,30,28,8,12,27,28,35,15,27,18,25,29,14,21,12,4,29,30,12,31,18,20,26,15,37,20,13,12,16,4,16,16,16,31,14,25,26,25,9,17,12,15,16,13,20,24,18,17,22,15,17,20,20,21,14,14,19,14,21,15,2,0,22,12,12,28,26,20,13,25,20,16,20,15,20,18,27,16,15,23,17,27,23,15,19,9,20,23,10,24,16,16,14,26,19,37,14,13,23,24,18,15,19,20
28,16,14,31,17,51,28,30,5,22,26,32,40,10,28,40,17,20,15,24,31,21,38,50,21,20,42,21,43,39,37,40,34,16,21,17,27,24,24,17,21,2,28,27,20,41,36,24,35,23,47,48,28,30,17,22,32,46,39,31,21,15,38,37,23,24,32,42,33,13,47,19,23,42,29,18,22,23,25,31,20,47,17,16,42,40,20,18,11,44,46,32,40,30,31,45,25,18,24,24,40,46,31,43,24,33,47,32,53,41,18,20,12,25,11,17,37,40,35,6,47,37,25,21,31,32,37,23,16,19,33,19,38,36,19,34,40,2,17,24,17,35,18,17,25,22,0,20,34,11,10,40,25,13,14,11,32,29,32,20,50,40,42,43,26,43,42,22,19,27,41,17,34,41,42,21,33,13,38,57,14,15,42,37,21,11,39,19
10,8,9,10,16,32,12,26,20,18,11,15,27,19,13,27,18,15,6,20,19,18,31,38,18,15,27,18,39,28,20,28,32,5,18,5,14,11,17,8,18,20,18,14,15,25,29,14,22,9,31,35,28,18,3,14,22,27,31,13,18,16,40,33,8,16,16,27,25,11,29,16,13,21,16,15,13,14,16,12,17,28,23,12,31,28,12,15,21,22,27,24,22,14,14,26,22,8,2,15,22,35,20,22,17,19,33,19,40,31,13,1,15,13,12,15,25,25,23,19,30,24,16,14,20,24,25,6,15,14,19,13,24,21,15,19,27,20,18,7,16,22,14,16,16,12,20,0,20,23,21,27,6,25,19,14,15,22,15,16,36,28,22,23,12,31,22,13,17,16,27,21,22,18,26,12,22,16,28,40,19,9,19,18,20,14,19,21
12,24,27,18,28,32,21,27,33,26,19,24,20,35,25,20,28,15,26,23,9,17,28,38,16,20,30,17,18,30,22,19,31,21,16,22,20,13,29,19,17,34,18,16,20,32,27,20,2,19,36,34,12,12,22,8,11,31,29,20,17,23,31,15,15,13,19,30,9,22,32,18,15,33,9,26,14,20,14,24,22,28,31,26,30,30,15,28,37,28,37,24,28,25,21,33,27,27,22,15,33,31,25,33,22,25,30,19,41,16,26,20,19,12,23,24,11,35,11,34,30,25,22,26,25,2,12,23,22,30,21,26,18,26,24,25,22,35,27,19,28,17,29,28,13,12,34,20,0,35,37,21,25,37,35,29,23,29,20,26,30,18,25,23,21,33,19,34,29,16,13,37,14,25,25,28,4,37,26,37,27,28,21,25,31,30,20,35
30,20,18,35,13,52,27,36,12,30,29,37,41,17,33,41,11,29,20,33,33,28,41,55,32,16,44,32,45,42,41,40,42,18,30,20,30,26,22,18,32,16,35,29,16,43,39,31,35,26,47,50,35,39,20,29,37,48,41,32,32,15,41,37,24,29,36,43,35,22,49,28,26,44,31,15,27,27,31,36,16,49,27,16,43,42,28,15,14,42,48,35,45,34,32,48,34,18,22,28,46,48,37,40,30,34,49,35,55,42,17,22,15,27,14,14,38,43,36,17,49,40,29,13,36,35,38,27,16,14,35,13,37,38,16,38,41,17,12,26,17,37,11,13,28,28,11,23,35,0,15,45,26,13,24,20,34,35,36,19,54,40,43,45,37,46,44,14,23,26,41,14,36,42,40,19,34,19,42,59,19,19,44,42,23,20,43,26
27,14,16,32,14,49,29,39,8,28,28,32,41,12,34,41,14,26,15,29,33,28,44,53,28,16,44,28,45,41,39,41,42,16,28,20,28,25,18,15,28,10,35,26,15,43,40,28,37,24,49,47,33,37,17,29,34,46,39,29,28,15,42,32,24,21,35,44,34,14,47,25,25,43,30,13,25,26,30,29,16,46,22,12,44,43,25,14,2,44,47,32,44,29,29,43,29,14,20,21,43,48,34,43,28,36,47,35,54,43,14,20,16,26,10,14,38,43,34,4,46,39,28,14,34,36,38,23,15,19,32,16,38,39,13,36,39,10,13,24,12,36,20,14,27,26,10,21,37,15,0,43,22,4,17,11,37,32,39,19,54,41,43,43,32,47,42,17,22,26,42,2,35,40,38,11,35,6,39,56,15,17,44,43,21,10,39,20
16,30,32,8,33,28,25,25,45,23,18,18,2,43,18,4,32,14,31,22,16,21,18,33,22,28,17,21,23,21,2,20,25,28,22,27,20,20,32,25,23,37,6,17,27,21,16,20,21,24,23,23,18,21,27,24,17,26,20,25,21,30,29,21,21,20,7,18,16,30,23,20,18,24,16,30,17,24,21,16,27,12,33,33,18,21,18,33,40,17,24,18,17,18,25,22,28,32,27,20,22,32,20,20,34,17,6,8,28,22,31,27,28,17,29,32,17,21,14,45,8,16,24,31,21,21,17,28,28,35,19,29,26,16,31,19,2,43,32,22,29,24,34,33,20,20,40,27,21,45,43,0,28,41,36,31,18,25,18,33,16,25,14,14,17,24,14,37,28,22,25,37,18,12,26,30,23,41,16,28,32,26,14,13,28,31,14,34
17,6,6,15,17,36,13,25,18,18,9,19,20,18,17,28,18,10,9,20,20,16,31,36,18,17,28,17,39,28,21,29,31,7,19,8,14,12,7,5,18,25,22,19,17,27,29,13,25,9,33,34,28,21,7,15,23,29,30,15,16,17,39,33,8,18,19,28,24,16,33,14,14,27,16,18,14,14,17,18,17,26,22,16,31,28,10,17,25,24,31,21,26,15,15,30,21,6,9,17,26,35,17,26,11,17,31,14,39,32,15,6,17,14,9,13,26,26,24,20,34,23,15,18,17,23,26,1,16,20,23,17,25,24,13,21,20,22,17,11,18,22,18,17,18,13,25,6,25,26,22,28,0,23,22,9,19,25,19,19,37,28,23,25,18,27,24,17,18,16,30,17,22,24,29,9,23,19,27,39,17,6,24,24,20,9,26,19
30,19,19,35,15,53,27,35,6,27,26,36,42,14,35,42,13,32,18,30,30,27,40,54,27,20,45,27,42,38,42,43,41,18,27,23,28,26,25,18,27,16,29,30,20,42,41,30,38,27,50,50,33,36,23,28,34,48,37,30,27,14,43,36,27,27,37,46,33,25,49,26,26,45,29,14,26,28,32,33,18,49,21,15,44,43,28,19,6,45,49,34,44,34,30,47,28,17,18,22,44,50,35,44,27,36,49,36,55,43,17,25,18,27,13,14,37,44,37,17,48,40,30,17,35,38,37,23,23,21,32,17,39,39,13,37,42,17,14,27,15,36,21,15,24,25,13,25,37,13,4,41,23,0,26,16,39,32,40,19,52,45,42,42,34,43,43,21,25,28,46,10,39,43,42,17,37,13,39,57,13,26,43,43,21,15,41,19
25,13,17,34,8,45,23,24,19,26,27,36,35,19,32,27,9,27,15,27,27,24,44,53,20,7,45,20,38,43,36,31,32,13,23,18,22,15,12,13,20,15,25,23,14,41,35,26,36,17,43,41,30,20,18,17,23,45,45,19,20,12,41,31,8,27,33,45,26,7,43,24,13,41,24,9,25,24,16,30,8,39,23,10,45,43,15,15,15,45,43,34,45,31,23,34,19,20,19,21,43,40,29,43,23,33,39,34,46,39,17,19,7,17,15,17,17,41,21,13,39,39,26,20,29,29,31,23,2,6,24,9,34,32,12,33,36,17,16,17,16,28,9,8,26,20,14,19,35,24,17,36,22,26,0,13,32,28,35,8,44,36,31,26,23,38,36,10,8,28,37,20,30,33,36,16,32,22,30,51,15,19,33,36,14,11,35,22
19,12,13,27,7,40,15,25,9,16,17,26,31,11,28,31,8,19,9,18,20,13,39,46,13,5,39,13,38,40,31,33,29,8,18,10,19,12,21,10,13,20,21,18,6,38,29,19,29,18,39,40,21,23,11,18,27,43,39,22,13,5,41,25,17,14,30,39,23,6,39,16,17,40,21,8,15,20,17,29,8,37,18,6,39,40,18,4,14,37,43,28,39,23,22,34,19,9,16,18,38,37,25,38,22,31,37,24,45,35,8,13,12,15,2,6,29,38,25,13,37,33,22,9,25,29,29,10,7,12,27,9,31,31,5,31,31,11,8,16,9,30,13,7,14,16,11,14,29,20,11,31,9,16,13,0,30,23,28,8,38,30,32,31,25,36,30,8,5,22,27,9,25,30,34,2,24,13,30,45,6,15,32,30,9,2,28,23
15,19,19,12,27,22,22,20,31,17,15,3,18,34,2,18,34,13,17,20,24,18,22,30,22,33,10,18,30,18,18,32,28,16,18,21,16,20,19,18,22,32,12,17,32,10,20,15,23,23,14,26,24,23,15,18,26,12,22,23,18,26,36,24,19,14,10,9,24,25,16,17,18,18,18,30,20,18,21,10,30,24,33,25,20,18,16,25,37,12,14,17,12,14,23,11,20,19,18,12,12,32,14,12,25,2,24,10,30,32,28,15,33,21,24,29,26,8,27,35,24,14,18,30,15,23,19,19,33,31,17,26,23,11,30,2,18,32,27,17,31,26,26,27,23,20,32,15,23,34,37,18,19,39,32,30,0,18,2,31,27,28,8,18,10,8,5,31,28,21,31,36,23,12,29,28,22,33,20,30,34,20,7,12,30,24,15,28
18,21,29,20,28,35,26,1,30,7,22,18,24,30,17,22,31,15,22,9,25,7,30,38,7,29,28,7,16,28,23,36,6,21,6,21,20,21,28,20,7,29,14,16,32,26,22,19,30,27,30,33,14,21,21,24,29,35,32,25,7,23,40,15,24,25,20,30,12,22,30,8,25,28,25,32,25,21,21,20,24,29,25,23,30,28,25,22,30,30,29,13,30,17,28,29,5,21,23,24,29,24,17,27,31,17,27,15,36,35,24,22,28,25,24,25,30,26,29,28,31,25,21,26,20,29,29,25,33,27,17,31,26,22,24,17,25,30,27,23,28,18,21,28,25,15,29,22,29,35,32,25,25,32,28,23,18,0,21,33,34,33,21,20,14,20,21,23,29,25,25,31,27,23,20,24,29,29,20,36,29,24,21,22,23,23,23,30
13,19,19,12,28,17,19,22,36,15,15,1,14,40,2,18,34,13,17,22,21,18,22,28,20,30,9,18,27,20,18,29,30,16,18,21,16,20,19,18,18,34,10,15,29,8,18,15,20,20,15,22,21,22,15,17,23,14,22,20,18,26,36,21,25,14,12,10,21,28,14,17,25,18,20,30,18,18,21,8,29,22,35,25,20,20,12,27,36,10,13,15,10,12,20,11,20,19,15,12,10,35,14,10,25,2,26,12,30,29,28,15,30,21,26,29,23,10,24,35,24,15,18,30,15,20,24,19,30,33,17,29,21,11,30,2,18,34,28,18,31,24,28,28,25,20,32,15,20,36,39,18,19,40,35,28,2,21,0,31,27,30,8,7,10,8,6,31,30,19,31,36,23,14,29,26,22,34,19,30,34,20,5,14,30,32,17,26
23,15,16,27,10,43,16,33,20,25,23,31,33,21,30,33,10,21,15,24,19,20,38,49,17,3,38,20,31,39,33,34,30,16,22,13,22,17,12,15,20,23,27,22,6,39,31,24,27,19,42,32,18,23,12,22,27,42,38,22,20,9,40,22,14,19,28,38,20,6,43,22,20,39,21,9,19,23,20,30,8,37,26,15,38,39,20,16,21,37,42,27,37,30,18,37,29,20,21,21,39,37,30,39,21,31,37,27,48,34,9,16,2,19,10,11,26,37,27,21,37,33,24,10,30,26,26,18,3,14,27,11,29,31,10,31,33,21,9,12,8,26,14,10,21,18,20,16,26,19,19,33,19,19,8,8,31,33,31,0,42,30,33,24,28,45,33,18,7,21,28,18,24,31,33,10,23,20,33,49,9,15,35,30,9,9,31,27
26,38,40,22,42,29,32,34,48,34,26,27,14,53,27,16,41,28,40,31,23,32,18,21,31,37,16,32,32,20,16,24,30,37,31,36,29,27,43,31,32,54,20,29,36,25,25,30,30,35,5,22,27,29,36,27,24,26,19,34,32,40,44,30,27,27,22,16,23,39,20,30,28,19,23,40,28,31,28,28,36,15,45,42,18,20,27,42,51,6,25,28,6,29,34,24,37,38,36,29,11,34,27,11,43,17,19,22,19,27,40,36,37,26,39,41,26,25,22,54,17,17,32,41,30,30,26,37,37,44,28,39,36,25,41,29,16,47,41,33,40,33,43,42,27,27,50,36,30,54,54,16,37,52,44,38,27,34,27,42,0,29,23,25,28,24,23,46,37,31,27,49,25,24,33,39,32,48,25,19,41,37,23,24,37,40,13,45
26,32,33,27,29,35,25,33,42,31,26,30,25,37,28,25,29,22,32,28,16,28,29,41,27,26,32,27,19,30,25,2,35,29,27,26,27,20,35,26,28,41,27,28,27,34,24,27,18,25,30,30,23,22,26,20,8,36,30,21,27,30,25,23,24,20,27,32,16,31,28,27,18,34,14,32,18,26,20,31,27,25,36,34,28,30,23,34,42,30,37,27,30,28,21,31,34,33,28,22,30,24,28,30,30,26,28,27,37,6,29,28,25,18,32,32,14,34,10,40,28,30,29,31,26,18,10,28,24,37,28,31,27,28,31,28,25,37,28,25,33,26,35,29,20,16,40,28,18,40,41,25,28,45,36,30,28,33,30,30,29,0,25,25,30,37,25,38,30,26,10,39,10,26,31,32,18,42,28,35,31,31,25,26,26,33,26,37
17,30,30,18,33,18,22,21,40,21,19,8,14,38,18,14,33,24,21,21,20,24,21,31,24,29,22,25,25,21,14,23,29,24,24,25,18,17,30,28,24,43,18,20,29,10,16,19,24,20,13,23,19,26,23,29,18,22,20,17,24,32,37,22,24,24,18,22,20,31,13,22,24,18,11,32,24,22,24,14,27,22,35,29,19,21,24,29,38,22,12,19,22,18,17,12,24,30,20,24,21,31,18,21,32,18,22,18,26,26,32,22,29,21,31,32,21,10,19,44,22,15,21,34,19,25,21,23,29,35,21,33,23,3,33,18,14,35,33,18,35,27,30,33,23,15,42,22,25,43,43,14,23,42,31,32,8,21,8,33,23,25,0,14,14,18,4,33,30,23,29,37,21,10,30,32,24,37,17,26,33,27,4,10,29,32,19,33
21,27,27,18,33,28,23,20,42,23,21,16,16,44,6,16,33,22,28,23,17,24,22,33,24,28,15,25,25,23,13,25,27,26,24,24,22,24,29,28,25,44,20,23,29,15,18,15,24,24,23,9,20,26,25,19,20,26,21,19,24,33,37,23,18,21,20,21,20,32,23,24,24,24,19,34,21,22,23,20,23,24,33,31,23,23,22,31,36,21,17,23,19,8,21,14,26,27,26,23,9,34,8,11,31,6,20,20,20,25,32,23,28,24,32,33,20,15,21,44,20,21,22,34,11,23,21,25,28,33,19,33,28,15,34,5,16,44,33,18,35,26,32,33,24,23,43,23,23,45,43,14,25,42,26,31,18,20,7,24,25,25,14,0,20,20,14,35,28,25,30,38,20,16,29,32,21,40,19,20,33,24,14,16,29,33,21,32
13,26,29,9,27,26,18,14,33,8,17,10,17,30,14,17,31,10,25,12,20,9,23,31,9,28,19,9,23,20,15,30,23,18,11,19,17,19,27,22,9,26,10,12,27,21,23,15,22,17,23,29,21,20,17,19,24,30,25,16,9,23,38,18,22,19,11,21,17,19,23,8,19,11,19,28,15,17,20,2,24,21,22,20,23,20,12,25,32,22,25,14,22,14,18,20,12,29,12,17,23,27,14,23,24,16,23,9,32,30,26,12,25,16,20,24,24,21,25,28,21,18,18,28,15,21,24,18,27,31,20,27,27,14,23,16,15,26,27,15,29,24,26,27,20,17,26,12,21,37,32,17,18,34,23,25,10,14,10,28,28,30,14,20,0,23,14,27,29,21,32,30,25,6,25,20,24,35,23,32,29,22,14,8,29,21,14,23
24,27,27,18,38,34,30,18,46,24,24,9,24,47,8,23,40,25,35,30,32,33,22,25,32,43,11,33,35,18,24,37,29,31,31,28,25,29,19,26,34,47,23,26,42,7,21,24,33,37,24,28,34,35,28,28,33,11,22,36,33,35,40,34,34,32,16,11,32,36,24,29,34,22,30,37,27,25,30,21,40,32,40,34,20,18,30,31,45,11,16,25,11,21,37,28,25,27,30,26,9,39,21,9,35,8,32,18,27,35,37,31,42,30,41,37,30,7,35,45,32,15,25,40,23,31,33,27,40,36,26,38,33,20,37,6,23,41,38,36,40,31,32,38,32,27,43,31,33,46,47,24,27,43,38,36,8,20,8,45,24,37,18,20,23,0,19,37,38,23,35,45,31,24,32,39,33,45,25,27,43,27,19,23,39,40,19,40
17,30,25,18,31,14,23,21,39,19,19,6,14,40,18,14,31,24,26,21,20,25,21,31,24,27,23,25,25,20,14,25,29,24,24,25,20,24,30,28,25,43,18,19,29,9,14,19,23,20,9,23,20,26,23,29,20,20,21,19,25,32,32,23,24,22,18,22,20,33,11,24,22,18,19,32,22,22,25,12,29,22,35,29,19,20,24,29,38,21,11,19,21,18,19,6,24,30,20,24,21,33,18,21,25,18,22,18,26,26,32,22,27,22,31,33,21,8,19,44,22,16,22,32,18,24,21,24,27,35,21,31,25,7,32,18,14,44,31,18,33,27,30,31,24,23,42,22,19,44,42,14,24,43,36,30,5,21,6,33,23,25,4,14,14,19,0,35,28,23,27,40,21,7,30,32,26,39,15,26,31,27,2,5,27,33,18,34
25,11,12,28,10,47,15,22,17,18,23,32,37,20,24,35,6,25,10,24,29,18,43,48,18,16,38,18,41,39,37,38,31,10,18,14,17,13,13,15,18,21,28,24,14,40,35,20,34,21,44,44,32,20,12,23,32,44,43,25,18,5,37,36,23,24,31,40,32,18,44,14,22,40,26,9,22,21,20,30,13,43,20,2,43,41,21,6,18,37,42,33,37,24,25,41,18,13,20,22,39,44,30,37,22,26,43,25,49,41,3,13,16,21,9,5,35,38,33,20,43,38,24,4,30,32,35,17,18,2,20,7,29,33,6,30,37,20,6,21,6,26,10,10,21,15,22,13,34,14,17,37,17,21,10,8,31,23,31,18,46,38,33,35,27,37,35,0,16,28,39,19,32,35,31,7,32,16,30,49,11,19,35,35,16,10,32,26
23,14,15,28,5,42,21,31,20,26,23,32,28,19,28,28,7,22,14,28,16,16,37,48,15,1,37,16,31,38,28,30,29,15,19,16,21,17,17,14,16,19,28,23,4,38,28,24,29,16,37,39,17,20,17,23,26,41,37,21,16,6,38,23,14,18,29,37,19,6,37,21,18,38,18,7,20,22,21,29,6,36,29,13,37,38,20,14,19,37,41,26,37,28,20,32,26,17,18,20,38,37,28,38,24,30,36,28,44,32,7,17,1,20,6,6,24,38,22,21,36,32,23,9,28,29,26,18,3,11,26,7,28,30,5,30,28,19,6,16,12,25,9,6,20,19,19,17,29,23,22,28,18,25,8,5,28,29,30,7,37,30,30,28,29,38,28,16,0,23,24,15,22,27,35,6,22,22,29,43,5,19,29,27,2,6,31,30
12,10,10,12,25,39,17,28,25,18,12,17,22,28,15,22,19,10,19,15,15,17,26,40,17,23,26,17,27,26,20,26,34,17,12,14,13,7,12,15,17,28,17,14,22,30,26,12,16,22,34,35,18,16,14,2,17,35,26,24,17,18,36,25,17,10,19,26,15,23,35,12,9,31,12,23,6,12,12,15,23,29,24,22,26,26,7,24,27,24,34,19,24,21,15,30,23,16,15,6,28,34,21,25,16,23,27,17,40,26,20,16,24,8,23,24,19,29,16,28,27,23,13,20,19,6,18,16,23,23,18,20,18,23,24,17,22,26,21,13,20,17,18,25,8,9,27,16,16,26,26,22,16,28,28,22,21,25,19,21,31,26,23,25,21,23,23,28,23,0,22,28,17,29,23,19,8,25,29,33,20,9,29,29,21,19,23,24
27,30,34,27,29,28,28,35,42,33,27,29,21,42,32,21,30,24,34,30,14,23,31,40,24,24,32,23,13,30,25,10,25,28,23,29,25,20,34,26,23,42,27,29,27,32,30,29,15,28,33,34,18,20,29,20,14,33,32,22,23,29,27,12,24,18,27,29,16,29,33,25,18,35,18,32,20,29,21,32,29,18,38,32,31,30,23,35,44,30,32,31,30,32,22,24,36,33,27,20,34,25,32,34,31,32,20,27,38,4,33,27,24,18,30,30,8,32,8,42,20,27,30,33,32,15,10,30,24,39,29,31,23,29,29,32,25,42,29,26,35,26,36,29,18,20,41,27,13,41,42,25,30,46,37,27,31,25,31,28,27,10,29,30,32,35,27,39,24,22,0,48,16,24,29,32,20,45,29,35,38,35,25,24,32,41,28,42
29,17,18,33,15,52,24,35,6,26,24,36,39,2,32,39,14,28,19,29,32,25,42,49,28,19,43,25,44,43,39,39,41,16,30,19,26,19,22,20,28,16,33,27,11,42,39,29,37,24,49,47,35,37,19,26,35,46,41,29,28,12,38,38,24,27,34,43,35,22,48,24,23,43,25,16,25,26,30,34,11,45,21,13,42,40,27,14,12,43,47,32,43,30,29,45,30,18,19,26,43,48,34,43,27,36,44,33,54,41,10,22,19,25,11,16,37,43,33,6,45,38,28,13,34,37,37,16,20,19,32,15,39,37,12,36,39,6,14,24,13,36,16,15,23,23,17,21,37,14,2,37,17,10,20,9,36,31,36,18,49,39,37,38,30,45,40,19,15,28,48,0,32,43,38,11,34,18,38,58,13,21,42,43,21,11,40,27
20,26,25,21,25,35,21,27,36,25,20,24,16,34,22,16,25,16,26,22,6,22,27,40,19,22,29,22,18,28,18,10,32,23,21,20,21,14,29,20,22,35,21,22,21,31,22,21,14,19,30,29,17,16,20,15,2,34,28,15,22,25,27,15,18,14,21,29,10,25,30,21,14,31,6,28,14,20,15,25,21,22,30,28,27,28,17,28,36,27,33,21,27,22,15,29,28,27,22,14,27,28,22,27,24,20,16,21,35,14,23,22,21,14,26,26,4,31,6,34,26,23,23,25,20,14,6,22,20,31,22,27,20,21,27,22,16,33,24,19,27,18,29,25,10,10,34,22,14,36,35,18,22,39,30,25,23,27,23,24,25,10,21,20,25,31,21,32,22,17,16,32,0,21,26,26,13,36,17,34,27,23,20,21,20,25,20,30
23,25,21,15,31,24,24,23,42,25,23,14,6,43,20,13,31,16,26,25,18,27,23,33,26,27,23,27,27,22,11,26,28,24,26,25,24,25,22,20,27,40,17,25,29,17,19,21,25,20,17,25,22,28,23,30,21,24,25,19,27,32,39,23,24,25,9,22,21,31,19,26,22,14,20,32,22,24,26,8,29,12,36,29,23,22,18,29,38,24,19,24,23,19,19,14,28,21,18,25,23,35,20,23,27,20,21,6,19,27,32,18,27,23,31,33,22,16,20,43,17,21,24,32,21,25,16,24,27,35,23,31,28,12,32,20,2,42,31,18,33,29,30,31,25,24,41,18,25,42,40,12,24,43,33,30,12,23,14,31,24,26,10,16,6,24,7,35,27,29,24,43,21,0,31,32,27,39,19,28,31,26,10,2,27,33,20,30
24,32,34,24,28,42,22,27,42,25,24,30,24,44,28,26,34,21,34,20,23,20,32,40,22,34,33,20,33,33,26,31,30,27,22,26,25,17,36,23,20,43,24,24,32,35,27,20,23,31,38,34,26,10,26,20,26,37,33,31,19,29,38,27,26,21,24,33,23,32,41,21,24,32,20,30,20,24,14,29,32,34,35,32,33,33,20,32,43,31,37,27,31,29,29,38,27,34,26,22,33,35,29,35,31,29,34,24,43,31,29,26,35,18,32,29,26,35,26,43,34,25,25,30,29,25,26,27,34,34,27,29,6,30,29,28,26,42,27,29,30,8,31,27,24,16,42,26,25,40,38,26,29,42,36,34,29,20,29,33,33,31,30,29,25,32,30,31,35,23,29,38,26,31,0,33,23,39,21,44,32,29,24,29,30,32,28,36
18,9,9,24,9,42,19,24,11,17,19,26,30,11,22,30,9,16,8,19,26,16,33,44,17,6,33,16,36,35,30,32,30,7,14,9,16,12,18,8,16,22,24,17,6,35,29,18,28,20,41,41,21,25,9,19,26,39,33,21,16,5,40,28,13,21,26,33,26,13,39,15,16,35,20,8,16,18,19,26,8,36,20,5,33,35,15,5,14,33,39,22,33,26,22,36,20,14,15,14,35,36,23,35,19,25,36,23,46,36,8,13,6,16,2,6,32,35,26,13,36,28,20,9,23,30,32,8,8,12,20,8,31,32,5,28,30,16,9,18,9,25,8,9,16,16,21,12,28,19,11,30,9,17,16,2,28,24,26,10,39,32,32,32,20,39,32,7,6,19,32,11,26,32,33,0,25,13,30,46,7,18,31,30,10,2,27,21
20,22,16,19,30,38,21,29,33,26,20,23,23,34,25,23,26,15,27,23,9,17,30,42,17,25,28,17,20,28,23,18,28,23,16,22,18,15,28,21,17,34,20,22,22,32,27,21,4,21,36,36,12,17,22,13,13,31,31,20,17,25,29,15,17,13,20,26,10,24,36,16,15,33,11,24,14,20,16,24,20,30,29,28,28,28,15,28,38,28,37,25,28,25,21,34,28,22,20,13,33,32,25,33,24,25,30,19,41,17,26,22,21,14,25,26,10,30,13,34,30,23,19,28,25,2,12,23,24,30,22,26,21,25,26,25,23,35,29,19,26,18,27,30,13,14,33,22,4,34,35,23,23,37,32,24,22,29,22,23,32,18,24,21,24,33,26,32,22,8,20,34,13,27,23,25,0,37,27,37,27,27,25,27,27,30,22,33
27,13,15,25,18,53,26,34,14,26,24,32,42,12,31,42,16,25,14,25,33,23,43,48,23,22,40,23,45,44,38,42,40,15,25,20,29,23,18,14,23,11,34,27,21,39,38,26,37,25,48,49,36,34,18,29,36,48,42,31,23,15,41,37,24,21,30,40,34,15,50,24,24,42,28,16,24,27,30,26,21,48,21,17,45,44,23,19,6,41,48,34,42,32,31,43,28,15,22,22,38,47,33,40,28,33,48,31,53,44,18,17,19,26,13,17,39,39,34,12,46,33,27,15,33,36,39,20,16,17,33,20,39,37,19,37,38,8,17,26,18,37,12,17,28,26,13,16,37,19,6,41,19,13,22,13,33,29,34,20,48,42,37,40,35,45,39,16,22,25,45,18,36,39,39,13,37,0,36,55,18,14,39,34,19,13,40,15
18,30,30,20,27,30,27,20,40,20,20,19,16,38,21,16,29,23,29,18,22,26,23,36,25,29,24,26,21,25,16,28,25,28,22,26,17,23,33,26,26,39,20,17,23,22,15,21,27,27,24,28,21,27,27,28,18,29,25,28,26,27,34,21,24,26,20,24,22,30,24,22,23,27,15,30,23,23,24,21,23,23,30,27,23,25,24,27,38,23,25,16,23,23,28,24,23,31,27,23,26,25,21,26,33,23,23,20,31,30,25,28,29,23,29,28,22,22,22,38,23,20,23,27,22,26,22,27,28,33,6,29,20,18,29,23,16,37,26,26,29,27,31,27,23,19,38,28,26,42,39,16,27,39,30,30,20,20,19,33,25,28,17,19,23,25,15,30,29,29,29,38,17,19,21,30,27,36,0,32,26,28,17,20,22,27,22,30
35,44,44,28,47,28,37,36,58,37,35,30,28,58,26,28,47,38,37,37,34,39,25,21,38,43,25,39,38,24,28,36,37,36,38,39,36,38,46,42,39,58,32,37,43,26,32,29,38,38,23,17,34,40,39,44,34,29,28,35,39,47,49,37,38,38,32,25,29,47,23,38,38,25,33,48,38,36,39,28,43,28,47,45,25,24,38,45,53,11,28,37,11,26,37,27,40,44,39,38,18,43,26,16,46,26,29,28,2,36,46,40,43,38,46,47,35,28,35,58,29,26,36,48,27,37,35,39,43,47,35,47,43,28,48,24,28,58,47,34,49,42,46,47,38,37,57,40,37,59,56,28,39,57,51,45,30,36,30,49,19,35,26,20,32,27,26,49,43,33,35,58,34,28,44,46,37,55,32,0,47,41,26,28,43,47,24,49
26,9,9,31,2,44,21,28,11,27,24,29,32,15,32,32,2,26,13,23,20,19,40,50,19,5,40,19,32,40,32,31,29,14,17,10,24,17,18,13,19,19,31,24,7,41,30,27,27,19,40,42,23,23,11,20,27,45,40,25,19,3,39,25,18,19,29,40,25,9,42,20,16,39,18,3,18,25,22,29,7,37,27,9,40,40,24,12,19,40,45,28,40,32,23,35,29,10,19,16,41,40,31,41,22,34,37,31,47,35,6,18,4,18,7,5,29,41,25,14,37,35,27,4,31,27,29,17,6,6,28,6,32,33,4,28,32,14,1,19,8,26,10,2,16,14,14,19,27,19,15,32,17,13,15,6,34,29,34,9,41,31,33,33,29,43,31,11,5,20,38,13,27,31,32,7,27,18,26,47,0,13,33,31,5,7,35,27
17,2,4,18,14,41,19,20,17,15,14,20,24,20,17,28,14,15,10,19,21,14,31,39,23,19,31,16,36,29,29,31,35,9,19,5,18,12,5,3,18,15,22,19,17,28,28,15,28,13,36,33,25,26,5,17,23,33,31,19,24,18,39,33,8,13,23,31,22,10,36,16,14,31,17,13,14,12,17,19,17,34,21,13,31,29,13,14,18,23,31,24,28,17,12,33,20,4,11,11,26,37,20,22,15,20,33,19,41,32,15,9,19,14,18,17,26,29,24,20,33,26,14,13,20,17,26,6,19,14,23,16,27,27,18,22,25,17,13,11,17,23,8,17,15,13,15,9,28,19,17,26,6,26,19,15,20,24,20,15,37,31,27,24,22,27,27,19,19,9,35,21,23,26,29,18,27,14,28,41,13,0,27,27,17,10,32,21
17,30,27,18,33,14,23,21,42,19,19,4,14,42,16,14,33,24,26,21,17,25,21,31,24,29,22,25,25,20,14,25,29,22,24,25,20,24,30,28,25,43,18,19,27,8,14,19,24,20,11,23,17,26,23,29,20,20,21,19,25,33,37,23,24,19,18,21,20,33,9,24,24,18,19,34,21,22,25,12,29,22,35,27,19,21,24,27,38,21,12,19,21,18,17,8,24,30,21,23,21,34,18,21,31,18,22,18,26,26,32,19,29,24,31,31,21,9,21,44,22,16,22,34,18,25,21,24,29,35,21,33,25,7,34,18,14,44,33,18,35,27,30,33,24,23,42,19,21,44,44,14,24,43,33,32,7,21,5,35,23,25,4,14,14,19,2,35,29,29,25,42,20,10,24,31,25,39,17,26,33,27,0,10,29,31,18,35
23,30,30,17,31,24,24,23,42,25,23,14,13,43,20,8,31,25,26,25,21,23,23,32,15,27,22,23,17,21,13,26,29,24,24,25,24,25,30,28,15,39,17,25,29,17,19,21,25,20,17,25,22,28,23,30,21,24,25,19,23,32,39,22,24,25,17,22,10,32,19,18,22,14,20,32,22,24,26,6,29,12,35,29,23,21,25,28,38,23,19,24,23,18,19,14,24,30,18,25,22,35,20,22,32,19,16,6,25,27,32,18,27,21,31,33,22,16,20,43,21,20,24,34,21,24,22,24,27,35,23,31,29,12,32,20,2,43,31,18,33,29,30,31,24,24,37,18,25,42,43,13,24,43,36,30,12,22,14,30,24,26,10,16,8,23,5,35,27,29,24,43,21,2,29,30,27,34,20,28,31,27,10,0,27,33,19,28
23,15,14,28,5,43,19,24,22,20,23,31,28,19,29,28,7,22,13,21,18,20,37,48,20,5,37,19,33,38,28,26,29,13,17,16,22,18,17,13,20,20,26,22,4,38,26,21,31,15,36,38,21,23,17,21,20,41,37,23,20,7,36,27,14,17,29,37,21,11,38,20,18,38,14,7,18,21,22,29,4,36,26,14,37,38,20,15,19,37,41,28,37,29,23,33,21,16,20,20,38,37,29,38,23,24,30,28,43,32,7,20,5,18,10,6,26,38,22,17,30,32,23,5,29,29,26,20,6,11,25,7,28,29,9,30,28,20,5,15,8,28,16,6,20,18,21,20,31,23,21,28,20,21,14,9,30,23,30,9,37,26,29,29,29,39,27,16,2,21,32,21,20,27,30,10,27,19,22,43,5,17,29,27,0,9,31,24
21,8,10,27,7,45,18,24,9,18,21,27,31,13,23,31,8,21,7,17,21,13,39,48,13,6,39,13,36,41,31,33,29,8,17,10,18,13,14,9,13,11,25,20,5,38,30,19,30,17,42,42,19,23,10,20,25,41,39,23,13,4,39,23,15,15,30,39,21,4,40,16,16,38,19,8,17,19,19,27,7,37,25,10,39,39,16,5,12,38,43,27,36,23,23,37,20,9,19,14,38,39,24,38,18,31,37,23,47,31,7,13,5,17,2,6,29,38,27,11,37,34,21,8,24,31,29,10,7,15,26,9,30,32,5,32,31,13,8,18,9,29,8,9,20,15,11,14,30,20,10,31,9,15,11,2,24,23,32,9,40,33,32,33,21,40,33,10,6,19,41,11,25,33,32,2,30,13,27,47,7,10,31,33,9,0,28,23
9,29,31,11,31,31,23,23,35,20,15,16,14,37,16,13,35,17,19,24,19,21,13,17,21,31,13,21,26,15,14,26,27,18,22,24,18,18,35,22,21,39,9,13,30,24,22,11,20,29,22,22,21,22,18,13,20,30,13,24,21,30,37,22,23,19,12,13,19,26,25,19,18,18,19,29,17,22,17,17,29,20,30,31,13,15,16,29,39,7,30,18,5,12,29,25,23,35,25,23,16,36,16,21,29,16,20,11,26,25,29,19,31,17,27,30,19,24,19,34,20,6,22,30,16,18,20,26,31,34,19,28,27,21,30,19,13,39,31,26,29,26,34,31,23,19,39,19,20,43,39,14,26,41,35,28,15,23,17,31,13,26,19,21,14,19,18,32,31,23,28,40,20,20,28,27,22,40,22,24,35,32,18,19,31,28,0,34
26,23,23,30,26,48,23,34,20,21,23,30,34,23,24,30,25,17,24,23,26,21,40,49,21,30,39,21,42,38,29,37,36,22,21,21,18,22,27,22,21,17,23,24,29,35,31,20,35,26,43,44,27,26,21,20,30,43,40,32,21,22,37,29,22,16,32,35,27,21,44,19,22,40,24,25,15,21,19,31,27,42,2,23,39,38,16,25,25,39,41,29,39,30,32,40,26,20,21,18,39,42,28,37,25,28,42,24,49,40,23,22,24,21,20,31,34,32,31,19,39,28,23,24,28,35,34,17,22,24,25,27,34,33,30,26,31,22,25,24,24,30,23,26,20,20,19,21,35,26,20,34,19,19,22,23,28,30,26,27,45,37,33,32,23,40,34,26,30,24,42,27,30,30,36,21,33,15,30,49,27,21,35,28,24,23,34,0
