0,24,24,22,28,53,10,17,28,7,14,24,29,27,19,29,28,12,16,13,22,8,30,44,8,27,28,8,43,38,32,42,22,15,8,15,17,14,26,21,8,26,15,4,32,34,19,2,37,29,37,41,27,12,13,4,37,35,25,22,8,26,47,36,17,21,21,28,13,19,44,6,26,28,14,23,14,5,8,26,26,43,19,23,30,45,7,22,29,34,34,9,24,23,29,47,10,24,30,16,30,42,11,35,16,19,32,14,58,41,24,17,28,15,17,23,26,32,26,26,45,25,8,24,11,13,24,21,28,25,18,25,26,17,23,27,32,26,24,25,28,16,23,28,17,15,27,17,31,31,28,39,21,28,26,18,20,17,19,26,34,40,17,33,15,31,39,24,27,20,37,27,34,35,31,17,39,27,42,43,24,27,34,31,28,19,9,20
24,0,2,20,10,52,24,30,15,25,18,21,27,18,19,31,10,23,8,27,16,25,39,46,25,19,28,25,36,41,40,43,35,17,17,11,25,18,4,1,25,16,26,21,16,31,35,20,30,9,43,45,27,24,12,20,41,33,39,21,25,9,42,40,7,12,22,28,28,12,40,25,16,40,33,9,14,16,26,22,19,34,29,10,42,43,14,9,14,30,35,25,36,19,13,41,27,2,21,14,37,45,35,33,14,25,54,23,52,42,11,9,10,23,9,10,29,31,33,17,36,27,21,15,35,20,30,6,14,11,33,17,39,35,11,25,34,18,9,7,14,33,9,10,27,19,16,9,36,20,14,37,6,19,11,10,21,30,21,15,40,44,35,35,33,41,31,11,19,10,42,20,32,21,48,9,22,13,35,43,14,2,35,31,18,8,39,24
24,2,0,20,10,51,17,31,15,23,18,21,25,16,19,27,10,25,12,25,30,25,39,46,25,17,28,25,39,41,43,42,37,17,29,19,23,22,6,1,25,23,26,17,10,31,37,26,34,9,43,45,35,25,12,20,36,33,35,21,25,10,41,38,7,14,25,28,19,15,41,23,16,38,33,9,16,17,27,26,18,36,29,10,38,45,28,9,17,30,34,31,36,19,13,38,25,2,17,12,35,49,35,32,13,25,50,23,50,40,11,9,19,28,9,10,38,31,34,16,45,27,21,15,35,16,36,6,21,10,33,11,39,40,11,25,30,16,15,7,14,33,9,10,21,21,14,9,36,18,16,39,6,20,23,16,21,31,21,23,40,46,40,31,35,41,31,11,17,10,44,20,36,21,45,9,16,15,43,43,9,4,29,31,20,10,29,27
22,20,20,0,33,51,24,27,33,20,22,20,30,33,20,16,35,27,19,18,39,30,25,45,22,39,17,30,30,35,6,50,37,18,27,18,22,24,23,19,30,33,10,27,39,20,43,21,29,29,31,29,31,27,16,25,33,34,21,30,30,29,49,37,25,30,2,23,21,24,35,31,22,31,33,32,30,26,21,12,35,16,33,24,45,35,28,27,38,16,30,37,24,15,32,41,31,20,21,25,23,40,35,21,18,19,32,16,53,50,35,14,34,33,28,31,39,26,38,34,12,29,16,28,35,33,41,19,39,28,16,28,32,44,34,22,29,33,33,24,32,31,24,33,30,26,33,14,39,31,37,8,19,33,34,29,21,19,21,38,26,41,44,34,14,25,39,31,39,18,45,34,36,10,38,28,31,27,40,37,39,19,45,20,36,27,18,33
28,10,10,33,0,59,21,28,15,24,22,31,47,22,33,47,4,30,18,26,35,22,40,48,22,6,38,21,38,40,42,43,33,18,24,15,27,19,16,17,22,18,33,28,20,44,49,24,40,31,52,52,36,26,15,28,39,42,42,39,22,4,41,38,22,23,35,38,36,13,50,20,23,38,33,3,23,23,24,33,18,53,24,10,44,44,22,12,18,48,46,35,42,33,35,50,26,15,22,23,41,48,31,46,22,35,47,32,59,47,10,18,14,25,15,10,30,39,37,18,49,41,23,2,31,36,41,17,8,4,33,4,30,43,3,33,41,18,2,25,10,26,6,2,29,21,23,18,40,16,14,47,17,15,8,11,35,28,37,10,52,45,43,45,29,41,43,10,5,28,43,19,41,43,34,15,42,18,41,56,2,14,45,45,9,7,37,26
53,52,51,51,59,0,60,63,60,59,57,22,59,56,32,61,51,54,58,61,54,56,62,60,56,44,50,56,52,58,63,48,60,51,62,54,57,62,51,48,56,62,58,59,45,22,43,50,54,44,26,40,49,58,55,64,45,38,65,36,56,50,53,53,44,54,55,50,46,48,28,56,60,51,60,52,56,57,59,52,39,50,57,50,57,62,60,47,60,44,22,37,48,44,32,10,63,52,57,59,38,35,34,42,56,35,63,51,44,54,49,44,43,61,51,50,47,22,44,56,53,57,54,51,36,50,51,52,43,53,60,49,66,39,51,37,51,57,56,34,54,69,51,57,59,59,60,44,54,66,58,57,52,59,50,51,23,62,19,46,32,45,36,28,50,41,14,51,44,52,32,59,53,36,68,52,39,61,58,45,55,54,14,36,54,51,51,56
10,24,17,24,21,60,0,20,25,9,13,21,32,24,15,32,21,21,14,16,11,10,35,49,6,21,24,6,43,38,45,35,26,11,6,11,10,2,23,18,10,27,22,13,22,27,35,11,44,33,43,42,32,25,9,16,31,41,33,34,6,19,42,34,24,13,28,20,26,27,46,3,13,35,11,18,23,6,20,28,28,40,17,14,40,39,6,12,27,35,41,22,33,18,35,55,14,17,17,21,34,50,19,32,13,21,37,15,59,29,15,13,17,3,14,18,23,28,23,26,40,35,6,13,19,36,15,12,22,20,11,20,28,32,19,21,31,24,19,20,19,20,19,19,3,3,28,13,39,26,25,42,12,27,23,15,22,26,22,16,41,25,32,45,26,36,43,15,21,21,37,22,21,32,30,14,38,24,31,48,19,29,45,35,25,25,31,24
17,30,31,27,28,63,20,0,35,7,27,29,24,35,27,24,30,18,23,9,24,7,42,45,6,27,33,7,32,48,36,35,7,22,7,25,27,17,35,31,7,31,24,10,29,32,33,23,35,33,51,45,7,21,21,25,32,37,46,30,7,24,46,10,27,28,25,31,13,25,51,8,31,33,28,29,26,18,21,27,25,40,26,30,42,49,16,29,35,32,27,22,29,22,38,45,4,31,40,26,30,24,29,30,30,19,36,19,51,40,27,25,27,25,22,25,35,30,34,31,37,35,22,26,29,35,32,25,28,30,24,29,25,35,30,25,28,34,30,30,30,25,25,30,18,20,27,25,32,34,43,33,25,36,30,23,25,1,23,38,52,41,35,32,13,25,33,22,27,35,38,32,26,32,27,23,35,34,36,52,30,26,38,24,32,24,27,26
28,15,15,33,15,60,25,35,0,24,27,34,49,8,33,45,15,21,14,28,31,24,45,55,24,20,44,24,37,45,44,43,37,15,23,17,28,22,22,16,24,4,28,26,16,47,45,30,38,30,60,53,31,33,17,28,37,55,42,35,24,11,47,37,26,24,35,44,38,13,52,20,23,45,33,24,26,25,30,34,17,50,15,20,45,42,23,21,10,46,55,31,48,35,39,48,26,17,23,23,44,53,33,46,24,36,50,33,59,45,21,22,16,31,9,19,41,47,40,4,43,41,27,14,33,41,40,19,20,20,36,21,39,46,12,37,43,4,14,26,15,38,14,13,30,25,2,22,38,15,8,44,18,6,19,9,35,28,35,18,57,49,46,40,29,49,39,15,20,32,47,6,40,44,38,11,38,13,43,60,11,21,41,41,18,9,40,19
7,25,23,20,24,59,9,7,24,0,20,24,24,28,20,25,30,7,17,2,15,1,38,50,1,26,27,1,25,40,39,40,13,16,1,13,15,10,18,24,1,23,21,4,23,31,36,16,36,28,48,52,9,15,14,18,33,33,43,33,1,18,45,11,23,17,25,30,13,17,47,2,26,35,14,23,22,5,12,26,23,39,17,23,33,39,13,22,30,35,34,9,24,22,35,49,3,27,30,18,32,27,15,33,22,20,38,14,53,43,20,19,20,8,16,19,38,34,25,26,47,28,5,18,15,33,21,16,31,29,20,25,19,29,24,20,23,22,22,31,22,21,28,22,10,12,23,19,36,30,27,38,16,29,31,16,18,7,20,31,50,43,29,36,8,25,43,21,26,23,37,27,33,36,23,15,39,24,43,53,28,17,43,29,26,16,22,20
14,18,18,22,22,57,13,27,27,20,0,26,27,28,23,25,34,26,10,24,24,23,38,32,23,29,30,23,41,36,42,41,36,9,23,8,23,16,11,13,23,25,23,16,29,33,40,22,37,27,37,43,37,26,17,24,38,40,36,33,23,23,41,35,30,14,27,30,29,23,39,21,19,38,28,26,19,19,25,28,29,46,26,23,28,32,23,21,29,36,40,30,36,5,34,46,21,14,19,12,34,55,29,38,2,19,49,17,54,55,29,11,32,23,20,22,37,33,38,27,44,15,16,19,29,35,37,13,29,23,23,23,30,40,23,29,38,26,29,19,24,28,19,23,23,19,26,11,35,30,27,38,13,28,25,18,30,30,30,25,34,46,40,40,26,35,33,24,29,24,42,27,26,24,39,20,33,25,36,45,28,20,38,34,30,21,29,25
24,21,21,20,31,22,21,29,34,24,26,0,32,35,6,22,34,18,23,25,25,22,37,38,22,37,13,22,44,31,32,39,35,22,21,21,20,27,20,20,22,33,34,26,35,15,43,17,31,29,39,25,20,26,21,19,42,18,38,28,22,32,52,31,24,17,19,21,31,28,17,26,17,36,34,34,15,28,25,22,33,38,32,32,32,41,21,32,35,10,16,26,18,24,21,34,20,21,29,11,14,54,32,10,26,3,36,13,40,43,33,20,36,21,26,32,31,23,33,38,49,25,27,33,33,32,31,20,37,32,26,31,31,30,33,7,18,35,31,24,31,29,26,31,14,26,35,20,34,35,38,41,20,36,30,32,5,25,1,31,39,44,28,22,22,13,22,32,37,21,41,37,27,32,27,26,31,31,39,38,34,20,8,32,27,25,21,28
29,27,25,30,47,59,32,24,49,24,27,32,0,45,26,2,40,32,35,27,24,21,31,36,21,48,28,21,40,35,2,49,28,34,22,39,40,33,36,24,21,42,6,33,39,28,39,43,45,30,36,39,26,39,34,44,38,29,35,33,21,44,36,32,26,33,23,20,26,41,35,25,35,24,36,40,30,30,40,20,45,6,39,41,33,39,33,38,47,34,24,27,25,37,27,49,18,36,32,36,23,53,34,32,29,27,10,10,37,48,38,28,40,39,42,42,29,24,45,48,26,28,37,41,34,27,37,20,37,37,30,38,45,34,43,25,12,48,40,26,49,42,44,43,34,36,47,28,43,50,45,2,20,41,35,43,28,19,24,37,33,47,32,32,38,29,30,40,48,24,50,47,32,6,42,42,24,48,39,43,40,31,34,10,38,41,29,34
27,18,16,33,22,56,24,35,8,28,28,35,45,0,33,43,19,23,17,31,35,27,42,56,27,24,44,27,38,44,47,47,35,17,27,19,27,22,21,18,27,8,34,26,28,45,48,27,41,32,55,53,34,36,19,29,44,50,44,35,27,17,47,32,28,24,39,42,37,17,57,21,26,41,23,27,25,27,28,36,23,52,23,15,45,43,27,14,2,44,50,32,48,31,36,46,26,17,25,25,47,48,31,44,26,35,53,32,53,46,18,22,19,23,13,20,45,40,40,10,47,44,30,15,31,42,40,17,26,24,37,22,40,46,15,35,49,8,22,30,22,38,22,22,23,21,10,22,41,20,12,45,18,14,21,11,35,29,35,21,55,47,46,39,29,44,48,20,24,34,39,2,40,43,43,11,40,14,42,53,18,19,48,41,25,13,40,21
19,19,19,20,33,32,15,27,33,20,23,6,26,33,0,22,28,20,21,21,17,17,30,31,17,33,17,17,46,30,26,34,28,20,17,18,19,20,17,18,17,29,31,22,37,16,34,13,39,27,41,25,37,30,17,15,46,13,31,34,17,29,48,35,24,16,10,19,34,24,25,15,22,33,31,28,15,19,18,15,26,34,28,28,24,32,16,27,34,9,17,27,13,10,44,26,19,19,22,16,13,60,18,9,31,2,34,6,48,55,29,17,30,19,22,28,28,20,41,35,39,18,15,24,19,26,38,19,34,29,25,29,28,22,29,6,18,29,33,25,29,27,22,33,24,19,31,17,42,32,37,42,19,35,29,28,2,21,6,30,41,38,20,6,16,12,18,29,33,21,45,33,24,34,30,22,29,29,41,36,33,18,16,34,34,23,20,28
29,31,27,16,47,61,32,24,45,25,25,22,2,43,22,0,37,25,27,20,30,17,35,39,25,32,21,17,43,33,22,44,30,26,20,37,30,28,35,28,17,47,16,25,37,25,35,23,34,34,26,36,26,30,25,35,32,29,30,20,25,43,45,31,24,39,21,20,18,33,28,18,41,34,24,35,34,33,29,24,27,24,31,40,39,37,20,44,45,26,30,41,26,31,33,34,24,33,31,34,27,48,39,27,30,17,24,6,50,48,42,33,32,40,41,40,37,23,41,48,37,31,32,43,39,27,39,30,33,41,35,37,42,32,43,30,10,42,46,18,40,33,47,47,36,34,43,33,37,49,48,12,30,41,38,40,26,23,36,28,22,48,32,33,32,35,33,44,32,28,42,45,33,17,45,41,29,47,30,44,42,32,36,10,44,35,30,30
28,10,10,35,4,51,21,30,15,30,34,34,40,19,28,37,0,26,14,29,32,24,41,56,24,11,38,24,42,42,42,37,39,15,29,19,23,19,16,19,24,19,35,28,19,39,40,26,40,26,51,49,33,28,17,24,33,42,41,37,24,5,42,39,24,24,37,37,35,22,53,30,20,40,32,9,20,23,26,33,17,49,29,6,46,44,24,8,18,46,42,35,40,35,33,41,30,16,23,24,43,50,31,46,28,35,45,31,59,41,6,20,10,20,13,5,35,38,38,19,45,39,25,8,31,38,31,17,16,10,33,8,34,42,6,37,41,19,7,26,10,30,8,8,26,20,21,20,40,17,14,41,17,16,13,12,31,33,33,13,51,49,42,44,29,46,40,6,11,22,43,19,37,44,36,13,38,16,40,56,6,14,40,44,13,12,35,30
12,23,25,27,30,54,21,18,21,7,26,18,32,23,20,25,26,0,15,9,6,9,32,45,8,31,27,9,31,50,18,22,21,14,9,15,10,21,24,23,9,24,12,8,20,31,27,14,31,21,49,43,15,15,16,12,34,34,41,23,9,22,39,12,22,6,37,27,20,20,49,6,13,26,22,29,6,10,14,23,24,35,20,27,41,49,6,16,34,38,33,24,31,23,35,47,9,24,25,6,30,42,19,37,31,13,33,19,52,44,26,12,27,21,18,23,14,31,30,27,30,17,14,24,19,29,34,11,25,33,17,26,25,27,28,17,18,24,28,26,28,21,27,30,21,20,28,13,36,34,33,16,10,30,26,19,17,15,13,32,44,42,27,27,12,24,32,25,31,19,38,29,19,18,29,19,36,29,31,52,32,30,34,31,29,19,22,17
16,8,12,19,18,58,14,23,14,17,10,23,35,17,21,27,14,15,0,20,27,17,44,42,17,24,32,17,35,45,40,47,30,1,17,3,17,16,15,17,17,15,19,15,9,33,39,14,24,24,45,47,29,24,3,14,37,33,46,13,17,13,41,34,7,14,21,32,33,11,42,15,22,36,35,18,14,18,18,30,15,42,23,10,43,43,12,9,15,36,35,24,34,17,19,44,19,10,27,14,36,52,19,38,9,21,41,20,46,50,11,6,19,14,8,9,32,31,33,16,30,31,20,10,19,20,30,16,19,16,31,20,33,33,10,26,31,17,18,15,15,28,11,15,26,14,15,6,26,18,15,33,16,18,19,9,21,25,21,17,38,42,33,35,22,34,39,10,24,28,37,17,32,31,31,8,36,14,40,49,18,15,37,38,19,7,25,20
13,27,25,18,26,61,16,9,28,2,24,25,27,31,21,20,29,9,20,0,27,3,39,45,3,28,29,3,24,40,37,33,15,18,3,20,20,16,34,28,3,25,26,7,24,30,25,18,33,29,49,48,8,22,16,20,31,37,39,35,3,20,50,10,23,20,30,31,12,19,50,4,25,38,11,25,25,7,16,36,24,34,19,24,38,46,10,24,34,36,35,12,27,24,39,46,3,27,32,22,35,26,18,36,29,23,33,15,48,42,20,18,28,15,18,21,34,32,30,28,39,32,13,22,18,32,36,18,31,29,22,26,26,27,26,25,32,25,25,32,26,24,31,26,19,19,25,18,33,33,29,31,18,30,28,18,25,9,25,33,52,47,27,33,14,27,41,21,28,27,40,29,31,38,28,17,31,25,41,54,31,25,40,28,27,18,30,22
22,16,30,39,35,54,11,24,31,15,24,25,24,35,17,30,32,6,27,27,0,26,45,51,27,34,36,26,36,38,32,22,27,27,25,20,24,14,24,21,26,38,33,22,25,37,26,24,19,13,36,43,12,28,20,28,26,39,45,31,26,32,35,18,21,4,40,41,13,32,39,18,14,41,14,30,6,15,31,25,31,32,29,30,46,40,13,31,35,38,41,23,38,27,31,36,22,31,32,12,38,39,24,45,28,20,28,28,47,28,29,33,26,18,32,30,10,41,22,32,36,30,19,32,24,25,10,23,22,31,20,33,37,25,33,25,38,35,32,15,33,30,27,30,4,10,37,33,17,40,32,30,23,36,24,23,28,21,20,33,35,18,25,25,28,37,20,33,34,24,32,33,10,20,46,32,17,27,22,55,29,18,28,24,34,18,23,20
8,25,25,30,22,56,10,7,24,1,23,22,21,27,17,17,24,9,17,3,26,0,42,48,1,20,22,1,21,42,32,34,13,16,1,17,12,5,28,24,1,24,26,5,27,27,22,17,31,30,45,45,5,19,15,18,27,33,42,30,1,18,45,7,25,19,35,22,7,17,48,2,26,34,15,23,8,6,13,33,19,29,17,24,28,39,8,19,29,29,32,16,28,19,37,42,3,25,29,22,32,23,13,33,23,20,32,13,46,38,21,17,20,8,17,19,23,30,29,26,40,33,6,20,13,35,27,16,21,29,14,26,17,21,18,18,21,24,22,25,22,21,34,22,6,8,24,17,30,28,29,29,16,30,27,17,20,7,20,33,46,39,21,29,11,26,35,21,20,28,36,25,23,34,21,16,33,30,39,44,28,24,27,23,26,16,19,20
30,39,39,25,40,62,35,42,45,38,38,37,31,42,30,35,41,32,44,39,45,42,0,39,42,48,37,42,49,14,38,56,43,41,35,42,26,41,38,34,42,41,31,32,43,41,43,28,45,41,42,35,44,39,31,26,52,40,4,45,42,42,48,46,43,43,32,30,50,44,42,34,41,32,44,39,45,41,35,37,42,47,44,44,14,20,28,40,41,32,31,34,25,29,46,53,40,39,22,44,27,62,35,34,40,39,47,32,52,59,42,39,48,48,41,42,46,34,44,39,52,14,39,43,35,45,50,37,49,44,41,40,44,41,42,39,40,45,40,40,40,44,40,40,44,38,46,39,45,42,41,44,37,42,47,42,37,41,27,48,39,55,39,38,37,25,44,42,48,24,59,43,49,35,47,41,37,41,41,48,40,39,42,36,50,44,33,39
44,46,46,45,48,60,49,45,55,50,32,38,36,56,31,39,56,45,42,45,51,48,39,0,45,60,34,47,59,40,39,57,48,45,49,47,46,51,51,45,47,54,35,47,52,30,49,38,46,50,29,27,44,48,45,44,50,36,38,57,47,50,63,46,50,51,46,34,50,52,52,49,48,32,53,55,51,52,45,39,56,55,56,54,47,46,49,51,57,52,35,40,22,33,54,56,51,48,49,51,23,59,33,41,38,34,48,34,27,61,48,47,60,56,52,51,53,29,52,56,51,35,49,53,35,55,58,43,56,53,50,51,47,40,50,36,52,56,52,49,51,46,51,50,50,50,56,47,50,57,56,45,43,56,59,51,38,46,32,58,27,52,38,41,37,33,41,50,60,50,55,55,54,49,48,52,54,56,52,20,54,48,41,38,53,53,27,53
8,25,25,22,22,56,6,6,24,1,23,22,21,27,17,25,24,8,17,3,27,1,42,45,0,20,26,1,13,44,32,34,13,16,1,15,12,11,25,22,1,24,26,5,27,30,22,17,29,30,45,51,5,19,15,18,29,32,44,29,1,18,39,7,29,19,37,26,7,16,45,2,22,32,15,23,9,6,13,34,19,29,17,24,31,42,8,19,31,32,31,16,28,19,35,41,2,23,29,19,32,23,13,29,23,19,34,13,47,35,21,17,20,8,17,19,29,30,29,26,32,33,6,20,13,34,27,16,21,28,15,26,17,24,18,19,27,24,22,27,22,21,23,22,6,8,24,17,28,26,30,32,16,29,26,17,23,7,21,33,46,38,24,34,9,32,31,20,20,21,36,25,29,31,21,16,38,30,39,45,22,24,34,23,26,16,19,20
27,19,17,39,6,44,21,27,20,26,29,37,48,24,33,32,11,31,24,28,34,20,48,60,20,0,41,24,41,41,49,34,35,18,24,14,25,21,16,15,24,15,34,24,12,41,39,25,28,27,45,41,31,29,21,26,32,43,51,23,23,6,36,31,14,25,40,41,27,7,39,22,30,40,16,6,29,25,30,27,18,44,32,17,47,42,23,14,18,46,44,31,46,32,30,34,26,18,31,27,45,39,28,46,25,39,38,37,48,34,16,26,1,26,16,11,30,42,30,15,46,45,25,20,28,23,34,24,3,17,34,10,43,39,6,33,49,23,10,18,7,35,11,5,26,20,15,26,31,21,21,34,24,26,15,15,31,29,30,3,49,42,39,28,33,41,32,17,1,26,38,22,32,32,37,16,31,21,36,50,9,21,30,28,22,7,37,25
28,28,28,17,38,50,24,33,44,27,30,13,28,44,17,21,38,27,32,29,36,22,37,34,26,41,0,22,46,25,30,50,33,31,24,33,24,21,31,27,22,41,30,27,44,5,40,24,34,35,34,29,34,36,26,26,45,13,14,37,22,42,48,41,36,26,22,4,38,38,37,21,35,25,34,39,29,20,27,31,38,42,34,38,35,28,23,38,43,10,13,34,14,35,43,35,25,32,37,30,18,61,41,18,34,18,40,16,52,45,41,29,48,23,38,43,43,9,46,44,44,15,21,41,41,42,32,28,45,38,22,38,37,33,42,20,26,46,40,35,40,41,35,37,33,24,39,29,32,42,46,34,28,45,41,39,15,33,21,43,30,51,31,30,28,9,30,40,46,32,52,45,43,27,37,38,33,41,42,43,40,29,22,31,46,37,27,35
8,25,25,30,21,56,6,7,24,1,23,22,21,27,17,17,24,9,17,3,26,1,42,47,1,24,22,0,21,42,32,34,13,16,1,17,12,5,28,24,1,24,26,5,27,27,22,17,31,30,45,46,5,19,15,15,27,33,41,30,1,18,45,7,23,19,25,26,7,17,48,2,27,32,15,23,8,6,13,33,19,29,17,24,28,38,8,19,29,29,32,16,29,19,37,41,3,25,28,18,33,23,13,35,23,20,32,13,46,38,21,17,20,8,17,18,23,30,29,26,30,33,6,19,13,35,29,16,21,29,16,26,17,24,17,18,21,24,22,27,22,21,34,22,6,16,24,17,30,28,30,29,16,30,27,17,20,7,20,33,46,39,24,29,9,30,31,21,19,26,36,25,23,35,21,16,33,30,39,49,22,24,27,23,26,16,19,20
43,36,39,30,38,52,43,32,37,25,41,44,40,38,46,43,42,31,35,24,36,21,49,59,13,41,46,21,0,48,20,19,13,31,16,44,43,42,35,33,21,45,42,30,36,42,34,41,22,34,47,47,8,27,41,43,9,53,52,20,21,35,43,6,28,43,19,42,8,35,42,24,31,44,25,37,34,43,40,20,40,26,45,39,52,48,33,40,46,51,52,35,43,49,27,22,16,40,44,42,47,10,42,51,46,44,36,37,48,21,42,45,34,37,33,39,17,41,21,43,22,46,43,46,41,36,39,47,36,48,43,46,46,35,36,46,43,40,47,30,44,41,44,44,39,44,42,45,41,52,48,31,47,49,36,41,43,15,48,37,47,38,35,35,36,38,39,44,39,44,12,40,29,41,28,32,43,47,32,41,46,35,42,17,39,36,45,51
38,41,41,35,40,58,38,48,45,40,36,31,35,44,30,33,42,50,45,40,38,42,14,40,44,41,25,42,48,0,44,50,39,42,42,38,28,37,44,38,39,43,42,36,47,26,50,36,41,45,48,41,46,43,37,38,45,38,14,47,39,45,49,48,42,43,40,25,47,48,43,40,43,32,41,40,43,38,41,41,45,36,43,45,14,4,39,42,41,31,39,41,27,34,48,49,45,35,22,44,35,62,45,38,44,23,44,28,51,56,43,33,50,35,41,37,43,30,45,44,43,20,36,43,45,42,45,33,49,40,35,42,45,47,39,31,33,45,40,45,39,50,40,40,40,41,52,32,52,46,43,37,33,41,48,44,37,37,29,48,45,47,46,34,38,34,38,45,48,34,59,44,54,37,44,43,43,43,46,42,42,43,46,36,49,43,36,40
32,40,43,6,42,63,45,36,44,39,42,32,2,47,26,22,42,18,40,37,32,32,38,39,32,49,30,32,20,44,0,44,31,35,32,35,32,36,43,39,28,39,10,34,35,26,39,27,35,41,22,25,31,25,32,25,38,36,41,42,28,40,46,31,34,30,5,28,25,33,33,30,32,29,28,38,32,37,23,24,37,6,33,45,37,40,32,41,46,29,31,24,26,25,43,51,37,40,32,34,42,39,22,28,34,34,22,28,48,48,41,24,42,42,40,44,33,29,42,46,6,28,35,45,23,38,33,35,48,43,35,39,33,38,41,37,10,42,42,37,37,34,46,44,40,36,38,24,39,44,41,2,35,45,44,36,22,35,31,41,17,43,38,36,30,30,30,44,49,40,47,50,37,17,35,40,26,43,34,35,42,45,41,29,35,33,29,36
42,43,42,50,43,48,35,35,43,40,41,39,49,47,34,44,37,22,47,33,22,34,56,57,34,34,50,34,19,50,44,0,43,45,35,41,42,32,39,42,34,50,42,41,41,53,44,50,35,45,54,35,28,34,38,42,10,51,55,37,34,40,44,18,28,24,41,49,22,44,44,37,16,54,28,36,20,39,48,38,33,42,44,42,55,54,31,37,53,46,45,50,52,47,30,36,35,40,49,24,50,29,48,45,48,32,33,44,51,16,37,46,33,32,45,40,10,53,20,49,28,44,36,41,47,41,16,45,38,39,53,44,51,42,41,48,25,42,42,45,45,40,39,37,16,32,45,46,41,47,40,43,45,47,30,37,34,40,41,40,53,6,42,36,41,44,36,46,34,44,22,43,10,39,54,44,44,48,43,47,41,52,43,39,40,42,48,37
22,35,37,37,33,60,26,7,37,13,36,35,28,35,28,30,39,21,30,15,27,13,43,48,13,35,33,13,13,39,31,43,0,27,12,29,22,24,38,34,13,35,28,18,34,28,26,31,24,41,45,44,13,30,30,31,35,31,51,40,13,29,44,13,32,31,40,34,18,30,48,14,38,38,27,35,30,24,27,41,30,40,31,36,50,47,20,33,39,35,33,29,34,31,44,44,13,35,38,36,36,30,24,34,40,26,39,23,51,46,33,30,30,28,29,31,32,29,46,35,49,34,24,31,23,37,34,26,29,39,32,41,31,29,36,31,28,39,33,36,34,31,31,34,23,21,37,30,38,43,49,31,26,43,37,29,31,6,29,36,41,41,30,38,21,33,31,31,31,42,40,37,32,28,29,28,39,46,37,52,33,38,41,28,37,27,33,36
15,17,17,18,18,51,11,22,15,16,9,22,34,17,20,26,15,14,1,18,27,16,41,45,16,18,31,16,31,42,35,45,27,0,16,2,16,15,13,8,16,16,18,16,16,30,34,13,27,22,44,42,26,23,2,15,37,32,37,12,16,14,42,26,6,15,20,31,24,12,41,12,15,35,31,18,13,17,17,25,15,35,21,9,42,45,12,8,17,33,34,23,33,16,24,39,18,15,23,13,35,46,18,35,10,20,40,19,53,47,10,5,20,11,7,9,39,29,36,14,29,30,19,10,18,33,31,8,23,16,26,20,33,30,10,22,30,16,19,20,15,25,10,15,19,13,16,5,27,19,16,32,8,19,14,8,20,20,20,18,37,44,30,34,21,32,36,10,24,27,48,16,31,30,35,7,33,15,34,42,19,22,34,31,20,8,24,21
8,17,29,27,24,62,6,7,23,1,23,21,22,27,17,20,29,9,17,3,25,1,35,49,1,24,24,1,16,42,32,35,12,16,0,17,16,5,30,24,1,24,28,5,23,29,25,14,33,32,49,52,8,15,15,18,32,33,34,31,1,17,40,10,22,13,36,24,12,16,50,2,23,28,17,23,15,6,13,27,19,34,17,24,34,44,8,23,28,31,29,10,22,23,34,50,3,27,31,17,29,26,16,36,23,20,33,11,48,33,21,17,25,7,17,19,26,32,24,25,39,30,6,18,16,29,22,17,28,27,14,25,23,28,24,18,26,24,27,28,22,15,32,22,13,7,24,17,33,27,28,31,17,26,25,17,26,6,24,32,50,36,28,33,9,35,43,19,20,26,38,25,26,35,27,16,40,25,41,54,27,18,37,28,26,15,24,20
15,11,19,18,15,54,11,25,17,13,8,21,39,19,18,37,19,15,3,20,20,17,42,47,15,14,33,17,44,38,35,41,29,2,17,0,14,11,14,12,17,17,24,18,22,32,41,15,31,29,48,48,32,24,2,16,42,34,44,19,17,16,43,30,13,16,20,31,27,13,45,14,16,31,31,14,18,17,17,29,17,37,21,15,44,44,16,14,24,33,35,27,31,13,23,48,20,17,23,16,36,48,24,36,9,31,39,19,53,50,16,5,20,14,9,15,35,34,41,18,30,32,13,10,24,29,34,8,17,16,27,16,30,37,12,25,43,17,15,29,15,23,9,15,16,14,17,5,33,19,21,36,8,21,16,10,25,23,25,13,44,48,37,39,25,33,41,16,23,31,50,18,36,41,34,9,41,20,37,57,15,13,39,31,23,10,30,24
17,25,23,22,27,57,10,27,28,15,23,20,40,27,19,30,23,10,17,20,24,12,26,46,12,25,24,12,43,28,32,42,22,16,16,14,0,6,27,20,18,35,18,12,26,27,41,13,39,27,50,51,34,20,18,21,41,37,38,27,18,25,43,36,18,11,26,24,25,24,52,13,22,27,32,24,15,6,15,24,30,41,21,15,42,34,13,18,32,33,39,26,34,19,32,52,22,23,21,11,34,51,21,33,23,22,42,14,52,39,16,15,22,12,18,26,25,29,24,30,40,26,6,25,21,32,22,17,25,27,6,26,28,43,25,20,28,28,31,23,27,17,28,23,7,7,33,15,38,31,29,38,18,31,22,19,25,21,16,29,49,44,43,31,15,33,38,20,29,18,40,26,35,36,28,18,35,32,26,52,31,23,39,33,24,22,23,21
14,18,22,24,19,62,2,17,22,10,16,27,33,22,20,28,19,21,16,16,14,5,41,51,11,21,21,5,42,37,36,32,24,15,5,11,6,0,11,23,11,28,26,5,20,35,32,16,37,23,49,53,29,25,11,17,26,36,36,29,11,16,42,37,15,22,27,33,16,14,48,7,24,35,6,22,18,2,17,19,22,42,18,12,35,45,10,12,27,37,45,18,32,23,39,52,13,16,21,22,33,45,15,35,24,20,35,18,53,22,13,19,18,2,11,12,20,31,16,21,42,29,4,13,15,31,24,13,19,19,10,21,30,33,13,24,36,22,19,25,19,30,18,19,6,2,28,19,42,24,26,34,13,25,15,12,27,17,27,24,47,30,33,46,20,39,36,13,21,21,32,19,18,35,30,11,34,24,26,57,19,20,38,36,23,18,21,26
26,4,6,23,16,51,23,35,22,18,11,20,36,21,17,35,16,24,15,34,24,28,38,51,25,16,31,28,35,44,43,39,38,13,30,14,27,11,0,5,28,21,27,18,27,34,41,29,39,21,44,54,27,23,13,34,31,37,36,14,28,15,44,39,6,19,27,33,22,20,52,15,19,40,29,14,19,17,16,33,20,37,29,22,45,45,20,20,20,41,37,27,37,16,16,45,23,6,20,15,41,47,23,41,16,29,54,25,51,46,19,14,14,24,17,19,42,32,41,26,42,30,27,15,22,25,33,8,14,16,38,23,29,41,19,23,37,25,11,13,13,27,12,12,23,22,23,14,36,23,20,40,7,24,12,20,23,28,31,22,42,43,41,37,36,23,33,22,21,22,50,22,39,22,31,18,35,20,39,51,16,5,37,28,14,17,37,29
21,1,1,19,17,48,18,31,16,24,13,20,24,18,18,28,19,23,17,28,21,24,34,45,22,15,27,24,33,38,39,42,34,8,24,12,20,23,5,0,22,22,27,24,21,30,34,29,36,16,42,45,26,29,11,22,40,32,36,16,22,10,41,34,6,13,21,27,17,13,44,20,15,43,30,11,13,16,22,22,17,33,29,14,41,38,13,13,16,29,33,24,33,18,12,36,24,1,20,13,34,49,24,31,14,24,49,22,44,40,15,8,20,24,8,14,36,29,32,24,35,26,20,15,24,21,33,5,23,11,30,11,39,32,11,22,33,22,15,10,14,28,9,10,21,17,15,8,38,18,15,40,5,18,11,9,20,31,20,20,39,43,32,30,32,40,30,15,23,15,40,22,35,20,40,8,29,14,36,42,15,3,32,30,17,9,28,23
8,25,25,30,22,56,10,7,24,1,23,22,21,27,17,17,24,9,17,3,26,1,42,47,1,24,22,1,21,39,28,34,13,16,1,17,18,11,28,22,0,24,26,5,27,36,27,17,31,30,45,43,5,19,15,18,28,33,41,29,1,18,43,7,25,23,33,29,7,17,47,2,22,28,15,23,18,6,10,29,19,29,17,24,33,37,11,19,29,33,32,16,29,19,35,42,3,23,29,11,31,23,13,33,22,20,32,13,47,35,21,19,20,8,17,19,23,31,29,26,35,25,6,20,13,37,34,19,21,29,20,26,17,28,18,21,21,24,22,29,22,21,30,22,6,12,24,19,30,28,30,32,19,29,27,17,18,7,20,32,47,43,28,29,11,35,31,21,20,27,36,25,15,31,21,16,37,30,39,53,22,18,29,23,26,16,16,20
26,16,23,33,18,62,27,31,4,23,25,33,42,8,29,47,19,24,15,25,38,24,41,54,24,15,41,24,45,43,39,50,35,16,24,17,35,28,21,22,24,0,32,25,14,46,39,27,41,27,55,51,35,31,17,29,39,49,49,33,23,13,42,37,28,23,36,46,38,13,53,19,18,42,34,21,23,27,24,30,15,50,18,22,53,45,20,23,4,46,47,29,49,31,38,51,26,16,34,22,45,47,28,46,23,33,50,32,62,48,24,20,23,31,11,16,41,45,43,2,45,40,36,16,28,40,41,22,20,21,33,22,37,37,14,37,38,2,14,25,18,35,18,15,35,27,2,21,41,16,10,46,22,20,20,23,36,26,35,25,56,47,37,43,31,46,36,22,20,33,48,17,39,42,43,13,37,11,46,58,14,15,39,43,25,11,37,17
15,26,26,10,33,58,22,24,28,21,23,34,6,34,31,16,35,12,19,26,33,26,31,35,26,34,30,26,42,42,10,42,28,18,28,24,18,26,27,27,26,32,0,28,36,29,41,20,34,32,39,37,27,19,22,18,31,35,37,26,25,30,43,32,28,23,15,28,20,27,43,26,34,19,36,32,23,23,20,22,35,12,26,28,35,42,18,29,37,28,39,18,25,9,30,49,24,30,29,19,29,50,16,31,25,33,22,14,54,46,31,28,36,28,25,27,41,31,27,33,22,18,25,28,15,32,34,25,41,38,27,36,23,42,32,29,6,30,33,34,33,21,37,31,30,28,31,28,35,37,36,6,24,32,35,30,30,25,30,40,35,38,42,41,22,32,43,33,42,22,48,34,34,18,32,25,38,36,36,51,35,43,37,29,36,28,19,27
4,21,17,27,28,59,13,10,26,4,16,26,33,26,22,25,28,8,15,7,22,5,32,47,5,24,27,5,30,36,34,41,18,16,5,18,12,5,18,24,5,25,28,0,32,34,15,6,39,29,39,43,26,10,14,8,36,38,28,24,7,26,47,35,20,20,22,29,11,17,45,4,26,29,13,23,15,3,6,28,25,42,18,23,32,46,9,22,29,37,37,5,27,25,30,48,9,26,30,17,32,41,14,38,18,22,31,14,58,40,24,17,28,14,16,23,25,33,25,26,45,26,7,24,14,17,23,21,27,25,18,25,27,20,22,28,34,25,24,27,28,16,23,28,16,14,27,17,32,31,28,40,21,28,25,17,20,16,21,25,36,39,20,36,14,32,40,25,26,23,36,26,33,35,31,16,40,27,41,45,24,28,37,32,27,19,13,19
32,16,10,39,20,45,22,29,16,23,29,35,39,28,37,37,19,20,9,24,25,27,43,52,27,12,44,27,36,47,35,41,34,16,23,22,26,20,27,21,27,14,36,32,0,37,39,31,30,15,46,48,32,27,19,29,31,44,43,27,27,4,39,32,17,25,37,44,26,17,44,24,33,46,29,13,22,24,26,29,10,43,29,15,46,47,29,18,24,44,44,31,47,34,29,39,30,15,31,21,42,42,32,45,24,40,41,33,45,39,6,23,14,25,15,5,27,42,29,17,37,37,28,9,32,30,27,30,16,20,27,16,41,39,6,36,37,28,19,21,11,37,16,20,25,25,19,23,28,18,24,33,30,21,13,23,30,32,34,16,46,39,39,37,36,44,31,16,12,24,37,26,33,35,41,14,28,25,35,53,19,21,35,37,19,10,42,26
34,31,31,20,44,22,27,32,47,31,33,15,28,45,16,25,39,31,33,30,37,27,41,30,30,41,5,27,42,26,26,53,28,30,29,32,27,35,34,30,36,46,29,34,37,0,39,33,39,35,30,26,37,37,29,34,46,9,21,36,27,42,51,42,37,29,24,9,37,38,38,26,37,28,35,40,31,25,37,34,43,37,29,37,38,33,27,35,43,14,9,36,18,36,44,38,28,33,38,31,14,54,37,14,37,17,38,20,45,48,39,30,48,31,37,41,44,4,45,43,42,20,26,44,37,43,38,29,45,37,30,38,40,32,39,15,27,43,44,35,44,43,33,44,36,29,38,30,35,41,44,40,29,44,38,38,13,32,21,41,34,55,30,25,35,7,21,39,44,34,46,42,41,23,41,38,40,38,41,40,44,29,21,33,40,36,32,31
19,35,37,43,49,43,35,33,45,36,40,43,39,48,34,35,40,27,39,25,26,22,43,49,22,39,40,22,34,50,39,44,26,34,25,41,41,32,41,34,27,39,41,15,39,39,0,43,28,30,42,40,17,34,41,41,33,37,49,39,22,34,40,19,30,30,45,41,33,34,39,19,43,42,18,38,25,31,40,36,31,43,45,36,50,54,36,33,43,28,39,10,33,31,33,29,25,44,44,40,42,41,32,27,47,39,38,43,51,44,35,37,38,35,35,36,33,37,40,35,39,42,37,38,30,40,33,40,41,47,39,45,34,15,35,39,33,38,48,36,42,30,42,49,41,22,40,37,35,46,40,26,40,42,40,36,44,22,32,45,47,35,17,29,43,30,28,37,39,44,42,47,29,31,32,35,48,38,27,47,40,46,22,32,45,34,37,44
2,20,26,21,24,50,11,23,30,16,22,17,43,27,13,23,26,14,14,18,24,17,28,38,17,25,24,17,41,36,27,50,31,13,14,15,13,16,29,29,17,27,20,6,31,33,43,0,28,31,34,45,29,10,17,2,41,37,32,21,10,25,47,26,17,13,20,32,21,19,42,11,28,24,25,25,13,15,6,20,27,47,21,20,42,40,11,24,30,30,31,23,16,11,31,45,19,24,27,15,20,51,17,27,16,15,37,17,54,52,25,14,28,18,17,24,36,33,37,27,41,17,17,25,17,22,37,15,28,26,15,27,22,34,25,19,25,27,24,33,24,12,28,24,16,16,27,14,32,30,30,37,15,28,31,18,15,21,18,27,30,52,34,29,19,23,23,26,31,24,44,28,37,36,20,17,30,27,38,45,24,30,33,26,28,18,11,22
37,30,34,29,40,54,44,35,38,36,37,31,45,41,39,34,40,31,24,33,19,31,45,46,29,28,34,31,22,41,35,35,24,27,33,31,39,37,39,36,31,41,34,39,30,39,28,28,0,32,33,42,23,14,29,28,33,47,41,26,29,29,43,8,21,29,32,33,23,29,36,43,32,26,27,39,39,34,34,28,26,37,42,37,37,49,29,30,38,41,46,41,33,31,40,36,31,38,34,35,43,38,39,37,38,30,45,33,33,44,35,36,27,29,31,29,34,36,36,35,39,29,38,36,40,10,28,35,33,38,33,36,25,21,30,30,35,41,39,26,38,15,32,40,37,39,36,36,4,43,42,26,35,39,32,30,28,26,29,26,30,49,21,29,34,36,25,34,28,32,34,38,39,21,23,30,26,36,28,37,38,34,23,34,38,30,27,42
29,9,9,29,31,44,33,33,30,28,27,29,30,32,27,34,26,21,24,29,13,30,41,50,30,27,35,30,34,45,41,45,41,22,32,29,27,23,21,16,30,27,32,29,15,35,30,31,32,0,39,46,30,36,27,27,39,39,41,14,28,22,34,26,12,22,35,37,20,18,37,28,19,45,24,20,23,26,27,29,21,40,31,28,47,44,22,23,31,41,41,35,37,33,20,40,34,9,28,20,35,42,37,45,23,33,36,34,38,38,27,21,28,21,19,20,33,38,21,29,49,34,27,26,37,20,22,17,27,23,32,23,40,30,23,33,36,33,31,8,26,38,18,29,22,24,32,21,21,34,29,36,18,31,30,20,29,30,29,31,39,40,30,32,36,38,28,29,27,21,37,31,28,16,43,19,19,31,34,36,30,20,26,40,22,18,40,28
37,43,43,31,52,26,43,51,60,48,37,39,36,55,41,26,51,49,45,49,36,45,42,29,45,45,34,45,47,48,22,54,45,44,49,48,50,49,44,42,45,55,39,39,46,30,42,34,33,39,0,20,37,38,43,38,46,23,48,50,38,47,50,43,41,48,28,33,30,47,2,40,47,43,44,53,52,53,41,35,42,38,51,51,45,45,44,48,61,11,43,42,11,39,52,23,49,42,45,51,6,46,36,6,45,44,32,29,27,47,50,40,47,53,44,47,50,30,45,53,33,45,51,48,35,43,47,42,48,55,54,53,47,38,48,46,28,59,51,39,48,43,48,48,50,52,53,40,39,53,60,41,41,56,41,44,30,51,36,50,5,40,37,33,45,30,21,52,43,44,47,60,44,35,47,43,39,55,48,28,51,52,33,19,57,42,30,55
41,45,45,29,52,40,42,45,53,52,43,25,39,53,25,36,49,43,47,48,43,45,35,27,51,41,29,46,47,41,25,35,44,42,52,48,51,53,54,45,43,51,37,43,48,26,40,45,42,46,20,0,41,43,46,44,35,32,42,38,46,50,53,43,27,49,28,30,43,47,12,46,52,39,46,51,49,49,37,40,44,42,60,52,36,38,45,55,57,11,26,40,13,37,50,20,52,49,46,50,10,39,38,6,52,30,43,32,39,38,54,42,49,51,50,49,37,26,34,57,40,50,49,50,39,48,51,46,50,51,49,55,48,37,50,30,29,50,52,45,53,48,52,52,46,48,51,42,44,59,58,38,45,52,42,50,22,49,26,46,25,50,38,21,36,21,33,53,49,44,46,53,54,41,45,49,41,56,46,27,49,48,33,36,47,48,28,49
27,27,35,31,36,49,32,7,31,9,37,20,26,34,37,26,33,15,29,8,12,5,44,44,5,31,34,5,8,46,31,28,13,26,8,32,34,29,27,26,5,35,27,26,32,37,17,29,23,30,37,41,0,21,25,28,26,34,41,26,5,21,43,2,20,16,32,34,4,19,38,8,32,36,15,31,29,28,23,35,24,34,32,33,43,49,20,24,36,34,39,22,41,36,34,21,8,27,41,23,35,18,14,35,30,28,29,22,29,44,30,29,31,32,21,27,27,38,36,28,38,28,29,34,13,27,33,33,34,36,25,32,23,19,22,28,34,38,35,24,26,21,35,36,28,26,37,29,31,42,33,23,33,34,31,21,23,6,24,24,40,30,19,31,10,38,17,32,31,32,32,29,22,18,23,20,19,35,31,44,35,30,17,14,40,19,25,30
12,24,25,27,26,58,25,21,33,15,26,26,39,36,30,30,28,15,24,22,28,19,39,48,19,29,36,19,27,43,25,34,30,23,15,24,20,25,23,29,19,31,19,10,27,37,34,10,14,36,38,43,21,0,22,10,35,39,40,27,18,24,49,17,26,20,24,36,19,25,48,20,34,34,31,28,23,22,4,24,27,36,28,26,48,42,19,26,36,42,41,18,28,31,43,47,20,28,37,14,32,45,23,42,26,23,49,21,48,40,26,27,32,22,23,23,34,39,23,36,47,34,19,30,23,28,40,23,27,34,18,30,12,33,27,26,36,31,29,32,26,2,31,24,20,24,31,27,12,32,34,39,23,34,23,26,27,18,20,33,41,48,33,30,19,34,39,25,26,16,29,34,37,38,10,24,30,32,35,57,28,21,35,26,34,24,19,32
13,12,12,16,15,55,9,21,17,14,17,21,34,19,17,25,17,16,3,16,20,15,31,45,15,21,26,15,41,37,32,38,30,2,15,2,18,11,13,11,15,17,22,14,19,29,41,17,29,27,43,46,25,22,0,17,37,33,33,17,14,16,40,32,11,16,21,26,30,13,44,14,12,33,27,14,20,9,19,27,17,36,21,12,38,44,14,11,21,37,33,27,35,17,23,47,16,12,19,14,34,51,24,36,17,19,37,18,51,47,13,3,14,18,9,11,36,29,38,19,34,32,11,10,24,28,37,7,22,16,27,16,30,35,12,21,42,17,15,21,14,32,11,15,18,12,17,3,33,18,19,30,7,22,21,10,23,20,21,12,45,43,35,37,27,29,37,13,14,29,42,19,32,29,32,9,40,18,33,47,15,13,33,28,26,10,26,21
4,20,20,25,28,64,16,25,28,18,24,19,44,29,15,35,24,12,14,20,28,18,26,44,18,26,26,15,43,38,25,42,31,15,18,16,21,17,34,22,18,29,18,8,29,34,41,2,28,27,38,44,28,10,17,0,34,42,28,26,16,24,47,26,18,11,22,32,34,22,47,14,21,26,30,23,16,13,6,22,27,49,23,24,44,38,12,31,30,30,32,28,18,13,39,45,19,25,25,17,22,55,23,33,18,17,39,17,56,44,31,18,26,20,24,26,36,32,31,29,48,19,15,27,23,14,40,27,27,27,20,27,22,36,27,21,27,30,27,29,26,12,27,26,19,17,25,18,34,33,27,31,27,27,28,23,17,24,22,28,28,50,36,25,21,30,31,23,26,18,46,30,43,43,20,24,36,34,40,49,22,28,31,32,30,18,13,22
37,41,36,33,39,45,31,32,37,33,38,42,38,44,46,32,33,34,37,31,26,27,52,50,29,32,45,27,9,45,38,10,35,37,32,42,41,26,31,40,28,39,31,36,31,46,33,41,33,39,46,35,26,35,37,34,0,37,47,21,27,36,49,13,17,30,37,43,8,38,54,30,12,48,14,30,19,37,28,21,27,42,34,38,51,46,27,39,40,41,40,31,42,38,25,29,31,41,31,32,45,29,40,40,42,42,33,25,51,20,33,33,31,10,32,30,2,46,24,38,33,39,38,31,39,31,20,38,29,35,43,37,42,24,33,43,36,39,36,36,37,37,36,37,26,18,41,33,33,41,41,42,38,40,26,38,28,31,41,36,41,20,25,24,37,43,41,34,32,38,22,38,22,30,47,31,29,41,44,41,39,38,43,27,34,31,43,40
35,33,33,34,42,38,41,37,55,33,40,18,29,50,13,29,42,34,33,37,39,33,40,36,32,43,13,33,53,38,36,51,31,32,33,34,37,36,37,32,33,49,35,38,44,9,37,37,47,39,23,32,34,39,33,42,37,0,33,36,34,39,50,39,35,35,36,9,46,34,26,40,41,39,44,41,35,40,38,41,42,31,44,39,40,44,32,35,50,11,4,38,25,39,44,38,36,32,41,36,23,59,31,9,47,13,36,28,44,45,39,34,43,37,36,37,42,5,35,49,39,42,44,40,32,44,40,32,43,44,40,42,41,35,42,17,29,47,42,35,42,41,38,42,40,40,44,34,40,48,54,45,32,50,46,48,25,34,15,53,38,33,34,26,43,19,22,39,43,35,51,55,46,30,45,37,37,47,42,40,46,33,20,31,39,37,35,44
25,39,35,21,42,65,33,46,42,43,36,38,35,44,31,30,41,41,46,39,45,42,4,38,44,51,14,41,52,14,41,55,51,37,34,44,38,36,36,36,41,49,37,28,43,21,49,32,41,41,48,42,41,40,33,28,47,33,0,47,35,42,50,47,40,39,36,34,43,44,57,32,39,36,38,40,42,42,27,28,47,42,44,41,24,12,39,41,41,32,40,37,24,28,49,49,30,35,24,40,27,63,34,32,36,36,50,24,43,55,43,39,50,43,41,42,50,36,48,43,52,29,29,44,36,39,51,38,49,42,44,39,45,46,43,36,40,40,38,41,39,45,40,38,39,35,46,39,43,42,39,46,38,46,50,40,32,45,34,46,36,57,45,38,38,35,32,43,47,28,53,42,49,36,47,41,44,41,48,42,38,41,32,32,49,44,26,42
22,21,21,30,39,36,34,30,35,33,33,28,33,35,34,20,37,23,13,35,31,30,45,57,29,23,37,30,20,47,42,37,40,12,31,19,27,29,14,16,29,33,26,24,27,36,39,21,26,14,50,38,26,27,17,26,21,36,47,0,30,31,41,28,6,34,32,38,25,28,50,32,29,37,30,32,35,32,39,33,21,30,35,28,47,52,33,29,36,42,41,33,41,34,12,22,37,23,34,30,39,32,26,42,29,32,42,25,49,23,29,25,23,28,22,30,19,37,11,35,25,38,36,30,26,19,31,19,13,36,38,36,40,34,33,38,37,36,35,14,34,36,26,35,29,32,36,25,29,41,36,34,19,40,28,21,25,31,25,32,48,47,34,29,37,36,31,31,23,32,22,31,25,26,40,22,24,33,34,47,32,22,31,42,36,27,29,40
8,25,25,30,22,56,6,7,24,1,23,22,21,27,17,25,24,9,17,3,26,1,42,47,1,23,22,1,21,39,28,34,13,16,1,17,18,11,28,22,1,23,25,7,27,27,22,10,29,28,38,46,5,18,14,16,27,34,35,30,0,18,44,7,23,17,35,22,7,17,48,2,26,35,15,22,8,6,13,33,19,29,17,24,28,37,8,19,29,32,32,16,29,19,37,42,3,23,28,18,33,23,13,35,23,20,32,13,46,38,21,17,20,8,17,19,23,30,29,26,40,33,6,20,13,34,23,16,21,29,16,26,16,24,18,18,21,24,28,27,21,20,34,21,6,8,24,17,30,28,30,29,16,30,27,17,20,7,20,33,39,39,24,29,9,26,31,21,20,26,36,25,23,40,20,16,33,30,39,44,28,24,27,23,26,16,19,20
26,9,10,29,4,50,19,24,11,18,23,32,44,17,29,43,5,22,13,20,32,18,42,50,18,6,42,18,35,45,40,40,29,14,17,16,25,16,15,10,18,13,30,26,4,42,34,25,29,22,47,50,21,24,16,24,36,39,42,31,18,0,38,26,14,20,41,46,25,8,45,14,16,37,21,9,22,19,21,23,6,45,25,4,44,39,22,13,18,43,39,27,39,34,32,46,20,10,21,22,44,44,24,38,22,27,48,26,59,36,3,19,5,27,5,7,28,39,36,13,41,39,27,8,24,33,30,26,7,6,30,5,32,31,2,23,43,14,3,21,4,30,7,4,21,23,13,19,29,15,16,38,26,18,8,5,26,23,34,13,48,42,31,33,21,40,35,4,6,28,38,12,36,33,36,5,29,15,37,51,3,18,35,36,19,4,35,24
47,42,41,49,41,53,42,46,47,45,41,52,36,47,48,45,42,39,41,50,35,45,48,63,39,36,48,45,43,49,46,44,44,42,40,43,43,42,44,41,43,42,43,47,39,51,40,47,43,34,50,53,43,49,40,47,49,50,50,41,44,38,0,37,44,35,48,45,43,38,46,42,41,52,45,42,41,42,44,48,32,50,43,36,49,51,45,33,39,47,48,45,48,43,31,49,53,39,42,37,49,54,43,49,42,47,53,43,43,41,35,41,41,45,37,42,37,44,42,41,45,45,37,39,43,44,38,45,37,41,34,37,43,46,43,45,44,47,40,30,42,54,43,41,41,37,47,41,36,44,40,44,45,39,38,44,37,43,40,46,43,52,46,36,48,50,37,37,29,46,45,44,33,45,40,38,36,43,35,47,43,46,42,50,40,36,45,47
36,40,38,37,38,53,34,10,37,11,35,31,32,32,35,31,39,12,34,10,18,7,46,46,7,31,41,7,6,48,31,18,13,26,10,30,36,37,39,34,7,37,32,35,32,42,19,26,8,26,43,43,2,17,32,26,13,39,47,28,7,26,37,0,22,18,35,38,6,21,45,10,34,40,17,37,26,29,25,36,30,29,29,33,50,53,16,32,38,45,42,29,32,31,41,31,10,31,38,32,38,16,32,46,40,32,34,36,40,22,36,35,31,31,28,33,32,40,13,40,30,30,37,34,32,18,27,37,36,38,32,34,24,22,30,34,34,40,37,24,41,20,41,38,26,37,40,35,35,42,36,30,37,40,30,29,21,7,34,26,37,30,22,35,28,38,36,38,31,39,15,40,13,19,28,29,25,36,29,38,37,36,20,20,38,27,26,32
17,7,7,25,22,44,24,27,26,23,30,24,26,28,24,24,24,22,7,23,21,25,43,50,29,14,36,23,28,42,34,28,32,6,22,13,18,15,6,6,25,28,28,20,17,37,30,17,21,12,41,27,20,26,11,18,17,35,40,6,23,14,44,22,0,23,32,33,19,17,42,17,15,33,25,26,23,23,24,29,9,28,25,22,42,45,31,23,29,37,37,31,42,35,16,28,20,7,28,23,41,44,26,37,16,29,35,25,40,32,21,15,14,18,13,24,23,36,17,28,29,30,24,20,26,17,35,7,14,23,26,18,35,28,19,35,30,23,22,6,23,33,18,22,22,23,30,15,33,25,25,24,8,26,8,15,23,25,23,22,39,43,28,22,23,40,30,23,14,13,42,22,32,18,35,13,33,26,27,42,24,8,32,30,29,14,29,32
21,12,14,30,23,54,13,28,24,17,14,17,33,24,16,39,24,6,14,20,4,19,43,51,19,25,26,19,43,43,30,24,31,15,13,16,11,22,19,13,23,23,23,20,25,29,30,13,29,22,48,49,16,20,16,11,30,35,39,34,17,20,35,18,23,0,35,28,28,16,48,16,10,36,18,20,2,9,16,17,23,37,23,28,40,40,5,27,27,28,32,23,29,20,35,43,24,14,17,6,31,45,26,30,19,14,34,27,57,43,27,21,24,8,15,20,14,31,36,23,36,26,25,21,26,35,14,19,23,26,15,27,27,33,17,20,29,21,22,17,21,23,17,21,4,16,24,21,29,30,23,34,19,29,21,22,18,27,14,29,49,22,33,30,26,33,31,22,19,11,43,25,14,31,34,15,35,23,30,54,20,11,37,37,32,14,21,16
21,22,25,2,35,55,28,25,35,25,27,19,23,39,10,21,37,37,21,30,40,35,32,46,37,40,22,25,19,40,5,41,40,20,36,20,26,27,27,21,33,36,15,22,37,24,45,20,32,35,28,28,32,24,21,22,37,36,36,32,35,41,48,35,32,35,0,24,17,32,38,33,25,36,35,36,32,41,29,16,37,15,36,37,38,40,37,33,39,17,29,45,30,21,39,49,36,22,23,28,33,46,45,24,25,19,36,20,47,48,39,16,41,40,33,36,28,26,33,38,11,34,28,30,45,38,45,22,44,33,19,40,32,45,37,16,26,35,36,38,35,31,34,37,34,30,35,16,38,41,41,11,22,39,40,34,22,27,22,42,27,40,45,28,29,16,37,36,40,26,47,38,40,11,37,33,35,34,41,38,36,23,36,21,43,32,32,39
28,28,28,23,38,50,20,31,44,30,30,21,20,42,19,20,37,27,32,31,41,22,30,34,26,41,4,26,42,25,28,49,34,31,24,31,24,33,33,27,29,46,28,29,44,9,41,32,33,37,33,30,34,36,26,32,43,9,34,38,22,46,45,38,33,28,24,0,39,38,39,21,29,27,33,37,29,22,27,31,44,37,34,38,29,16,23,38,43,4,9,38,6,41,41,40,25,32,39,30,11,61,33,7,30,16,30,14,44,48,41,29,41,30,38,43,40,5,47,44,50,25,21,42,34,42,33,28,45,40,31,38,36,34,42,14,27,46,42,31,38,37,35,40,33,24,39,29,32,42,44,34,28,45,40,43,19,30,19,42,22,51,33,28,37,13,18,40,45,28,51,44,41,25,37,38,31,45,44,41,46,30,26,35,44,36,23,37
13,28,19,21,36,46,26,13,38,13,29,31,26,37,34,18,35,20,33,12,13,7,50,50,7,27,38,7,8,47,25,22,18,24,12,27,25,16,22,17,7,38,20,11,26,37,33,21,23,20,30,43,4,19,30,34,8,46,43,25,7,25,43,6,19,28,17,39,0,31,34,6,9,41,19,33,30,10,14,13,28,45,24,31,49,49,19,32,38,33,50,20,36,32,21,31,12,24,25,35,35,16,19,33,33,40,35,19,40,20,30,32,27,18,25,35,28,45,14,33,30,35,30,30,19,7,23,27,28,30,23,28,36,30,30,37,31,39,37,24,36,34,26,36,17,19,37,33,23,34,38,26,27,32,25,23,24,12,38,24,39,40,30,31,17,39,17,32,27,25,18,40,31,12,38,25,17,30,29,42,35,24,17,10,37,23,24,33
19,12,15,24,13,48,27,25,13,17,23,28,41,17,24,33,22,20,11,19,32,17,44,52,16,7,38,17,35,48,33,44,30,12,16,13,24,14,20,13,17,13,27,17,17,38,34,19,29,18,47,47,19,25,13,22,38,34,44,28,17,8,38,21,17,16,32,38,31,0,43,16,23,40,20,12,17,23,24,29,8,48,24,17,49,48,14,19,20,41,32,23,39,28,31,44,19,13,33,14,41,39,29,39,18,30,46,27,54,42,19,13,6,27,6,14,27,34,37,16,41,37,34,11,29,28,31,11,5,29,38,21,31,32,9,35,36,26,10,20,11,31,19,11,29,25,13,13,29,20,14,42,10,26,5,6,25,24,26,6,49,38,32,32,20,38,35,17,7,27,42,27,34,33,33,6,30,18,34,48,12,10,35,39,22,4,34,17
44,40,41,35,50,28,46,51,52,47,39,17,35,57,25,28,53,49,42,50,39,48,42,52,45,39,37,48,42,43,33,44,48,41,50,45,52,48,52,44,47,53,43,45,44,38,39,42,36,37,2,12,38,48,44,47,54,26,57,50,48,45,46,45,42,48,38,39,34,43,0,45,43,39,45,47,50,43,50,45,42,41,55,45,56,48,53,42,55,17,25,44,19,41,46,11,47,40,49,47,20,55,39,16,55,28,47,48,47,47,48,42,47,52,45,45,38,26,44,50,50,47,45,47,40,36,39,44,44,46,51,45,60,29,46,44,45,59,49,31,47,51,46,50,49,47,54,42,36,56,55,41,44,54,45,45,30,51,14,48,19,38,30,33,47,30,13,46,44,41,47,60,49,34,58,44,40,56,38,41,53,48,9,28,41,43,44,52
6,25,23,31,20,56,3,8,20,2,21,26,25,21,15,18,30,6,15,4,18,2,34,49,2,22,21,2,24,40,30,37,14,12,2,14,13,7,15,20,2,19,26,4,24,26,19,11,43,28,40,46,8,20,14,14,30,40,32,32,2,14,42,10,17,16,33,21,6,16,45,0,19,25,26,25,4,5,8,30,23,28,15,21,32,44,6,20,28,36,41,9,20,22,36,52,4,25,24,10,30,20,15,30,23,19,27,8,57,41,22,12,16,2,13,21,22,29,28,23,29,31,3,20,15,33,22,14,27,27,19,26,24,21,20,19,24,21,26,26,20,16,28,20,8,8,19,13,43,31,25,30,14,27,26,13,19,8,21,23,38,41,21,31,12,25,34,23,22,19,38,24,30,26,24,12,42,25,40,45,26,29,42,22,25,13,18,18
26,16,16,22,23,60,13,31,23,26,19,17,35,26,22,41,20,13,22,25,14,26,41,48,22,30,35,27,31,43,32,16,38,15,23,16,22,24,19,15,22,18,34,26,33,37,43,28,32,19,47,52,32,34,12,21,12,41,39,29,26,16,41,34,15,10,25,29,9,23,43,19,0,40,16,24,4,15,16,25,27,44,25,24,44,45,17,23,30,27,38,35,42,30,23,55,26,16,23,14,42,47,33,31,16,28,47,23,49,28,19,23,30,6,23,16,10,35,16,28,39,32,18,15,33,34,27,17,24,19,25,20,39,39,17,30,34,30,17,18,19,30,13,17,2,22,22,23,37,24,28,29,17,25,25,22,28,33,22,30,40,37,39,31,33,38,29,18,30,15,22,25,25,24,41,23,25,26,45,50,20,17,31,38,17,21,38,23
28,40,38,31,38,51,35,33,45,35,38,36,24,41,33,34,40,26,36,38,41,34,32,32,32,40,25,32,44,32,29,54,38,35,28,31,27,35,40,43,28,42,19,29,46,28,42,24,26,45,43,39,36,34,33,26,48,39,36,37,35,37,52,40,33,36,36,27,41,40,39,25,40,0,48,39,38,31,29,15,41,40,39,38,34,33,25,38,44,40,45,25,33,35,41,49,34,36,26,34,34,46,29,38,40,34,38,29,49,50,35,34,39,34,32,37,49,30,41,45,34,34,33,38,29,27,41,36,46,43,36,43,37,38,37,32,37,39,38,43,39,38,41,39,44,34,42,34,28,42,43,33,36,47,44,37,34,30,32,47,52,49,38,37,17,31,38,39,46,38,54,45,47,19,37,32,44,42,40,48,42,40,34,26,44,38,25,39
14,33,33,33,33,60,11,28,33,14,28,34,36,23,31,24,32,22,35,11,14,15,44,53,15,16,34,15,25,41,28,28,27,31,17,31,32,6,29,30,15,34,36,13,29,35,18,25,27,24,44,46,15,31,27,30,14,44,38,30,15,21,45,17,25,18,35,33,19,20,45,26,16,48,0,28,18,13,31,33,23,42,33,22,44,48,36,19,33,44,39,23,47,27,32,49,19,36,28,20,45,33,19,40,27,41,34,32,47,20,21,32,16,10,22,22,34,37,22,25,42,33,11,25,18,26,32,30,16,29,23,27,32,11,23,39,34,34,32,12,29,35,29,33,12,4,28,32,28,39,34,26,30,37,21,22,35,27,32,21,44,24,11,40,30,41,22,23,16,25,28,34,14,26,36,22,19,26,18,58,32,36,24,34,36,22,28,28
23,9,9,32,3,52,18,29,24,23,26,34,40,27,28,35,9,29,18,25,30,23,39,55,23,6,39,23,37,40,38,36,35,18,23,14,24,22,14,11,23,21,32,23,13,40,38,25,39,20,53,51,31,28,14,23,30,41,40,32,22,9,42,37,26,20,36,37,33,12,47,25,24,39,28,0,24,24,23,28,11,48,27,13,43,42,21,21,15,45,45,28,39,32,30,50,29,11,23,22,39,53,32,45,26,30,44,29,60,44,5,17,11,24,16,7,32,40,38,19,44,40,22,3,32,33,38,22,13,7,36,3,32,42,14,30,40,24,3,25,2,26,5,2,20,24,18,17,33,15,13,40,22,23,13,22,34,29,32,13,49,42,42,42,28,44,38,9,11,27,48,26,32,44,34,16,35,17,36,57,3,13,42,38,15,12,34,25
14,14,16,30,23,56,23,26,26,22,19,15,30,25,15,34,20,6,14,25,6,8,45,51,9,29,29,8,34,43,32,20,30,13,15,18,15,18,19,13,18,23,23,15,22,31,25,13,39,23,52,49,29,23,20,16,19,35,42,35,8,22,41,26,23,2,32,29,30,17,50,4,4,38,18,24,0,19,10,25,26,40,22,26,40,39,4,21,25,28,37,20,25,22,33,49,24,16,23,2,28,54,22,30,20,18,39,31,55,37,23,21,22,2,15,20,10,29,22,23,44,29,16,25,22,32,24,25,19,26,11,23,29,34,19,22,29,27,18,19,25,27,24,23,10,12,19,21,35,32,23,36,25,26,25,24,20,25,20,25,51,34,34,31,17,41,35,20,23,17,44,29,20,37,31,15,39,26,24,53,24,17,35,30,24,20,22,15
5,16,17,26,23,57,6,18,25,5,19,28,30,27,19,33,23,10,18,7,15,6,41,52,6,25,20,6,43,38,37,39,24,17,6,17,6,2,17,16,6,27,23,3,24,25,31,15,34,26,53,49,28,22,9,13,37,40,42,32,6,19,42,29,23,9,41,22,10,23,43,5,15,31,13,24,19,0,13,30,24,39,21,16,41,43,8,15,29,35,36,14,32,27,38,51,10,20,22,17,38,50,11,41,18,24,36,18,57,23,17,24,19,5,18,16,21,27,15,24,40,26,6,15,11,32,25,23,21,22,19,24,26,24,15,25,29,25,21,28,21,22,24,21,7,3,30,24,33,30,28,41,23,25,18,15,19,18,19,32,47,31,24,37,20,42,40,18,19,26,29,25,33,33,28,18,37,29,43,57,21,22,39,37,25,21,25,27
8,26,27,21,24,59,20,21,30,12,25,25,40,28,18,29,26,14,18,16,31,13,35,45,13,30,27,13,40,41,23,48,27,17,13,17,15,17,16,22,10,24,20,6,26,37,40,6,34,27,41,37,23,4,19,6,28,38,27,39,13,21,44,25,24,16,29,27,14,24,50,8,16,29,31,23,10,13,0,20,26,41,25,23,47,41,12,16,32,40,35,19,22,27,34,51,11,23,24,12,26,50,21,37,25,24,47,17,52,41,24,19,17,20,17,21,34,35,22,30,48,29,21,26,22,20,40,15,18,22,23,32,16,42,16,25,31,23,24,27,26,6,25,24,16,18,24,19,36,31,34,44,15,32,19,15,20,22,22,28,38,49,42,32,14,33,40,16,17,12,48,29,39,41,14,17,34,32,43,55,24,27,39,32,30,17,17,19
26,22,26,12,33,52,28,27,34,26,28,22,20,36,15,24,33,23,30,36,25,33,37,39,34,27,31,33,20,41,24,38,41,25,27,29,24,19,33,22,29,30,22,28,29,34,36,20,28,29,35,40,35,24,27,22,21,41,28,33,33,23,48,36,29,17,16,31,13,29,45,30,25,15,33,28,25,30,20,0,28,26,32,29,41,34,28,30,31,30,41,31,27,17,34,41,31,22,16,19,31,26,28,32,24,19,26,22,49,42,26,24,33,35,22,24,41,37,37,30,30,29,30,23,29,32,40,24,34,28,32,28,35,25,23,20,12,35,33,32,27,31,22,31,27,31,35,24,40,31,31,16,24,35,26,27,21,24,22,23,40,38,25,24,10,34,32,26,35,15,49,32,26,16,38,22,31,26,41,48,33,21,29,10,32,23,38,32
26,19,18,35,18,39,28,25,17,23,29,33,45,23,26,27,17,24,15,24,31,19,42,56,19,18,38,19,40,45,37,33,30,15,19,17,30,22,20,17,19,15,35,25,10,43,31,27,26,21,42,44,24,27,17,27,27,42,47,21,19,6,32,30,9,23,37,44,28,8,42,23,27,41,23,11,26,24,26,28,0,43,22,15,47,47,24,8,26,47,42,30,45,35,25,29,22,17,29,27,45,42,33,43,22,32,37,35,43,35,12,20,18,23,16,11,23,39,27,24,41,37,28,17,33,30,35,27,8,14,35,16,35,31,6,36,39,23,14,13,9,33,16,14,23,25,23,20,26,22,22,35,27,21,16,15,30,24,28,20,44,45,31,23,34,43,29,16,18,27,33,21,31,33,37,16,28,24,23,49,13,21,31,41,21,7,40,30
43,34,36,16,53,50,40,40,50,39,46,38,6,52,34,24,49,35,42,34,32,29,47,55,29,44,42,29,26,36,6,42,40,35,34,37,41,42,37,33,29,50,12,42,43,37,43,47,37,40,38,42,34,36,36,49,42,31,42,30,29,45,50,29,28,37,15,37,45,48,41,28,44,40,42,48,40,39,41,26,43,0,43,48,47,45,42,47,51,31,35,42,31,42,18,38,30,34,43,42,38,32,39,32,50,37,18,12,51,37,47,32,41,44,40,44,48,40,34,52,2,34,45,55,39,42,26,30,39,45,38,44,58,41,49,41,22,52,52,47,55,54,51,51,40,47,50,32,48,56,53,24,30,51,52,41,28,31,29,46,34,41,41,40,40,41,38,49,44,46,45,52,28,12,58,40,35,52,47,45,51,39,40,12,48,47,44,45
19,29,29,33,24,57,17,26,15,17,26,32,39,23,28,31,29,20,23,19,29,17,44,56,17,32,34,17,45,43,33,44,31,21,17,21,21,18,29,29,17,18,26,18,29,29,45,21,42,31,51,60,32,28,21,23,34,44,44,35,17,25,43,29,25,23,36,34,24,24,55,15,25,39,33,27,22,21,25,32,22,43,0,23,44,48,22,24,28,43,46,27,42,28,38,52,19,28,32,22,37,51,26,40,26,29,41,25,56,39,27,22,28,17,20,25,39,32,32,18,46,36,23,26,26,35,35,22,28,29,35,27,35,47,29,29,35,13,28,36,24,32,27,24,20,18,17,21,36,28,27,36,22,26,24,18,34,27,33,34,54,48,47,46,24,44,45,28,28,35,48,19,42,39,36,22,37,20,44,60,27,35,47,38,28,24,31,10
23,10,10,24,10,50,14,30,20,23,23,32,41,15,28,40,6,27,10,24,30,24,44,54,24,17,38,24,39,45,45,42,36,9,24,15,15,12,22,14,24,22,28,23,15,37,36,20,37,28,51,52,33,26,12,24,38,39,41,28,24,4,36,33,22,28,37,38,31,17,45,21,24,38,22,13,26,16,23,29,15,48,23,0,42,42,24,3,17,41,39,27,42,30,35,44,24,15,22,28,44,47,24,41,24,30,50,29,54,40,1,14,15,14,6,3,34,38,34,14,49,32,17,10,24,35,36,18,19,4,29,3,36,32,10,32,43,16,12,26,8,32,8,12,18,18,19,14,37,18,14,43,18,19,14,10,32,30,34,17,51,42,32,43,27,38,36,2,17,33,40,12,30,38,38,5,33,18,30,52,12,20,36,38,17,7,29,25
30,42,38,45,44,57,40,42,45,33,28,32,33,45,24,39,46,41,43,38,46,28,14,47,31,47,35,28,52,14,37,55,50,42,34,44,42,35,45,41,33,53,35,32,46,38,50,42,37,47,45,36,43,48,38,44,51,40,24,47,28,44,49,50,42,40,38,29,49,49,56,32,44,34,44,43,40,41,47,41,47,47,44,42,0,22,42,42,47,34,40,47,23,32,49,44,47,44,26,41,22,63,43,31,32,32,47,38,49,52,48,41,54,44,45,45,49,34,57,45,51,25,34,47,43,47,48,40,55,49,47,46,48,52,44,29,31,44,44,42,50,44,44,45,36,42,49,41,49,44,48,49,40,46,49,45,37,51,36,48,37,59,51,40,43,37,33,46,53,34,54,45,50,39,47,45,35,47,48,53,48,46,37,45,47,46,38,43
45,43,45,35,44,62,39,49,42,39,32,41,39,43,32,37,44,49,43,46,40,39,20,46,42,42,28,38,48,4,40,54,47,45,44,44,34,45,45,38,37,45,42,46,47,33,54,40,49,44,45,38,49,42,44,38,46,44,12,52,37,39,51,53,45,40,40,16,49,48,48,44,45,33,48,42,39,43,41,34,47,45,48,42,22,0,33,43,47,35,42,49,29,37,48,47,46,41,22,39,32,65,45,36,38,31,42,35,57,56,43,39,51,42,43,42,42,26,48,43,53,27,37,39,45,44,46,36,53,46,36,43,46,48,39,33,33,43,42,43,42,39,40,44,40,42,51,38,45,45,44,42,36,41,49,42,39,46,33,45,48,52,48,40,40,35,44,44,48,31,53,42,42,38,45,42,44,41,47,54,42,39,46,38,50,45,36,44
7,14,28,28,22,60,6,16,23,13,23,21,33,27,16,20,24,6,12,10,13,8,28,49,8,23,23,8,33,39,32,31,20,12,8,16,13,10,20,13,11,20,18,9,29,27,36,11,29,22,44,45,20,19,14,12,27,32,39,33,8,22,45,16,31,5,37,23,19,14,53,6,17,25,36,21,4,8,12,28,24,42,22,24,42,33,0,20,31,29,35,22,29,20,39,49,10,20,21,5,33,50,18,33,16,16,35,14,50,39,23,13,24,14,15,16,21,29,22,25,30,24,16,23,18,26,27,10,18,30,21,28,28,30,21,16,24,23,21,22,25,23,26,24,17,16,20,13,34,30,30,22,10,28,19,16,16,14,12,21,43,21,30,36,14,24,38,21,17,20,43,23,23,30,32,15,34,23,41,50,21,17,38,28,31,16,18,16
22,9,9,27,12,47,12,29,21,22,21,32,38,14,27,44,8,16,9,24,31,19,40,51,19,14,38,19,40,42,41,37,33,8,23,14,18,12,20,13,19,23,29,22,18,35,33,24,30,23,48,55,24,26,11,31,39,35,41,29,19,13,33,32,23,27,33,38,32,19,42,20,23,38,19,21,21,15,16,30,8,47,24,3,42,43,20,0,14,42,35,26,41,22,35,41,25,13,21,23,40,42,23,38,22,28,47,27,55,41,2,17,14,12,4,5,33,32,39,15,43,35,23,6,23,34,29,17,18,5,17,8,34,29,6,28,44,16,8,25,8,32,8,12,17,17,17,17,28,16,15,40,17,19,16,4,27,29,32,16,50,39,29,37,28,39,33,3,14,25,37,14,31,37,34,5,30,19,31,51,12,19,33,43,14,5,27,26
29,14,17,38,18,60,27,35,10,30,29,35,47,2,34,45,18,34,15,34,35,29,41,57,31,18,43,29,46,41,46,53,39,17,28,24,32,27,20,16,29,4,37,29,24,43,43,30,38,31,61,57,36,36,21,30,40,50,41,36,29,18,39,38,29,27,39,43,38,20,55,28,30,44,33,15,25,29,32,31,26,51,28,17,47,47,31,14,0,49,56,36,45,34,38,48,29,15,21,25,45,56,37,48,30,35,54,37,61,47,20,22,23,31,12,18,42,43,40,2,47,40,31,21,37,41,44,24,21,13,41,24,41,44,20,39,46,10,15,35,14,37,18,22,32,25,13,23,39,14,2,47,25,6,24,21,39,32,39,21,59,50,44,45,32,52,44,18,23,28,51,12,43,47,43,14,39,6,41,60,21,18,39,45,19,12,41,29
34,30,30,16,48,44,35,32,46,35,36,10,34,44,9,26,46,38,36,36,38,29,32,52,32,46,10,29,51,31,29,46,35,33,31,33,33,37,41,29,33,46,28,37,44,14,28,30,41,41,11,11,34,42,37,30,41,11,32,42,32,43,47,45,37,28,17,4,33,41,17,36,27,40,44,45,28,35,40,30,47,31,43,41,34,35,29,42,49,0,17,31,10,27,49,40,35,30,41,33,15,62,37,5,38,9,39,22,61,57,42,30,45,42,38,41,40,13,39,41,39,31,40,48,37,29,37,29,44,42,27,47,44,24,40,14,35,46,43,39,44,43,38,44,44,44,44,30,39,48,50,39,29,50,45,40,14,30,10,44,6,46,23,19,30,11,33,40,45,24,56,49,46,40,49,38,41,44,34,29,48,27,21,29,39,39,31,40
34,35,34,30,46,22,41,27,55,34,40,16,24,50,17,30,42,33,35,35,41,32,31,35,31,44,13,32,52,39,31,45,33,34,29,35,39,45,37,33,32,47,39,37,44,9,39,31,46,41,43,26,39,41,33,32,40,4,40,41,32,39,48,42,37,32,29,9,50,32,25,41,38,45,39,45,37,36,35,41,42,35,46,39,40,42,35,35,56,17,0,30,20,39,38,34,30,35,43,35,20,44,23,21,48,18,28,31,49,47,39,33,44,36,35,37,39,5,38,47,43,41,40,42,25,38,36,33,45,43,37,43,46,42,42,13,28,46,46,40,44,51,36,46,42,35,50,33,35,51,56,38,33,48,43,46,17,34,21,46,41,37,42,32,37,18,17,43,44,39,46,53,45,38,44,35,34,46,38,43,46,34,25,29,40,34,32,45
9,25,31,37,35,37,22,22,31,9,30,26,27,32,27,41,35,24,24,12,23,16,34,40,16,31,34,16,35,41,24,50,29,23,10,27,26,18,27,24,16,29,18,5,31,36,10,23,41,35,42,40,22,18,27,28,31,38,37,33,16,27,45,29,31,23,45,38,20,23,44,9,35,25,23,28,20,14,19,31,30,42,27,27,47,49,22,26,36,31,30,0,30,21,37,41,12,25,33,18,38,50,13,32,32,29,36,27,55,40,28,20,37,19,26,26,31,39,28,35,40,21,20,29,11,35,33,28,38,33,23,29,30,17,27,24,22,30,35,32,35,20,30,35,17,15,32,20,34,36,35,30,28,33,33,27,25,14,23,32,44,49,19,29,21,26,28,24,37,32,50,32,32,30,34,26,35,34,38,48,35,41,28,40,33,27,22,27
24,36,36,24,42,48,33,29,48,24,36,18,25,48,13,26,40,31,34,27,38,28,25,22,28,46,14,29,43,27,26,52,34,33,22,31,34,32,37,33,29,49,25,27,47,18,33,16,33,37,11,13,41,28,35,18,42,25,24,41,29,39,48,32,42,29,30,6,36,39,19,20,42,33,47,39,25,32,22,27,45,31,42,42,23,29,29,41,45,10,20,30,0,35,42,48,35,40,33,30,5,60,39,32,32,16,42,16,34,48,45,28,39,30,32,41,45,13,42,45,51,29,23,42,39,37,47,27,40,43,29,40,35,36,41,14,27,44,42,37,42,35,39,42,33,36,44,28,44,47,44,37,27,46,42,39,14,32,16,51,6,47,35,25,31,11,33,41,39,26,51,45,43,21,33,32,37,44,45,29,42,34,31,21,50,37,5,44
23,19,19,15,33,44,18,22,35,22,5,24,37,31,10,31,35,23,17,24,27,19,29,33,19,32,35,19,49,34,25,47,31,16,23,13,19,23,16,18,19,31,9,25,34,36,31,11,31,33,39,37,36,31,17,13,38,39,28,34,19,34,43,31,35,20,21,41,32,28,41,22,30,35,27,32,22,27,27,17,35,42,28,30,32,37,20,22,34,27,39,21,35,0,39,36,22,19,16,22,25,58,18,25,7,16,46,10,50,50,29,18,38,28,22,28,43,33,47,34,43,12,20,28,19,33,42,17,39,28,24,28,38,22,29,20,37,30,39,25,29,28,24,33,28,25,33,18,37,33,36,29,17,36,33,26,30,25,20,34,27,49,20,32,23,29,28,29,35,29,49,34,34,28,34,22,39,36,37,52,33,19,34,21,35,26,16,32
29,13,13,32,35,32,35,38,39,35,34,21,27,36,44,33,33,35,19,39,31,37,46,54,35,30,43,37,27,48,43,30,44,24,34,23,32,39,16,12,35,38,30,30,29,44,33,31,40,20,52,50,34,43,23,39,25,44,49,12,37,32,31,41,16,35,39,41,21,31,46,36,23,41,32,30,33,38,34,34,25,18,38,35,49,48,39,35,38,49,38,37,42,39,0,30,33,13,29,31,39,39,39,37,34,36,34,27,49,33,36,23,29,34,38,28,19,37,25,38,28,46,29,35,39,22,15,15,26,29,34,30,45,37,31,36,29,41,28,18,39,40,29,37,33,36,38,23,36,37,41,33,15,36,37,33,34,34,31,26,50,41,37,37,37,40,34,36,30,22,34,39,16,29,49,38,30,28,40,49,31,12,39,32,35,35,34,38
47,41,38,41,50,10,55,45,48,49,46,34,49,46,26,34,41,47,44,46,36,42,53,56,41,34,35,41,22,49,51,36,44,39,50,48,52,52,45,36,42,51,49,48,39,38,29,45,36,40,23,20,21,47,47,45,29,38,49,22,42,46,49,31,28,43,49,40,31,44,11,52,55,49,49,50,49,51,51,41,29,38,52,44,44,47,49,41,48,40,34,41,48,36,30,0,49,37,45,51,38,46,38,34,48,37,35,40,35,44,43,37,41,52,45,40,27,36,36,48,37,42,44,41,38,46,31,33,42,45,50,46,56,26,47,33,40,51,46,34,50,49,43,47,52,52,51,37,29,54,54,38,33,52,37,41,41,45,31,29,35,38,24,14,43,22,30,45,42,53,44,49,46,38,58,46,31,53,46,40,47,44,26,32,48,43,45,51
10,27,25,31,26,63,14,4,26,3,21,20,18,26,19,24,30,9,19,3,22,3,40,51,2,26,25,3,16,45,37,35,13,18,3,20,22,13,23,24,3,26,24,9,30,28,25,19,31,34,49,52,8,20,16,19,31,36,30,37,3,20,53,10,20,24,36,25,12,19,47,4,26,34,19,29,24,10,11,31,22,30,19,24,47,46,10,25,29,35,30,12,35,22,33,49,0,29,37,16,30,26,19,34,26,21,40,17,50,45,23,21,22,18,19,21,33,32,34,24,40,37,16,22,19,39,33,21,21,24,21,27,22,28,26,23,22,27,24,32,24,25,23,24,16,14,26,21,29,29,31,35,21,30,23,19,23,5,19,28,44,40,28,35,10,36,41,18,22,27,41,27,29,32,28,18,34,26,41,49,30,26,35,28,29,18,28,22
24,2,2,20,15,52,17,31,17,27,14,21,36,17,19,33,16,24,10,27,31,25,39,48,23,18,32,25,40,35,40,40,35,15,27,17,23,16,6,1,23,16,30,26,15,33,44,24,38,9,42,49,27,28,12,25,41,32,35,23,23,10,39,31,7,14,22,32,24,13,40,25,16,36,36,11,16,20,23,22,17,34,28,15,44,41,20,13,15,30,35,25,40,19,13,37,29,0,19,14,37,45,31,32,15,25,50,23,54,41,11,9,20,22,14,10,35,31,35,14,43,29,23,11,31,28,34,6,20,11,33,11,34,39,15,23,44,16,10,7,11,30,10,10,29,17,18,9,38,18,14,43,6,19,23,10,21,31,21,23,40,43,39,41,31,33,31,12,19,12,41,15,40,21,35,14,28,15,37,43,10,4,35,35,19,10,43,26
30,21,17,21,22,57,17,40,23,30,19,29,32,25,22,31,23,25,27,32,32,29,22,49,29,31,37,28,44,22,32,49,38,23,31,23,21,21,20,20,29,34,29,30,31,38,44,27,34,28,45,46,41,37,19,25,31,41,24,34,28,21,42,38,28,17,23,39,25,33,49,24,23,26,28,23,23,22,24,16,29,43,32,22,26,22,21,21,21,41,43,33,33,16,29,45,37,19,0,18,31,53,31,35,19,23,40,17,55,46,21,7,35,25,23,20,41,37,39,25,43,34,28,19,31,41,41,18,27,25,38,23,44,44,21,24,29,24,24,27,24,44,20,21,21,22,34,6,31,22,19,35,19,18,29,22,25,38,23,31,43,46,44,32,22,26,36,21,30,18,45,19,34,28,45,23,39,25,43,48,24,17,37,34,28,24,27,24
16,14,12,25,23,59,21,26,23,18,12,11,36,25,16,34,24,6,14,22,12,22,44,51,19,27,30,18,42,44,34,24,36,13,17,16,11,22,15,13,11,22,19,17,21,31,40,15,35,20,51,50,23,14,14,17,32,36,40,30,18,22,37,32,23,6,28,30,35,14,47,10,14,34,20,22,2,17,12,19,27,42,22,28,41,39,5,23,25,33,35,18,30,22,31,51,16,14,18,0,34,52,25,32,19,18,41,28,53,47,23,13,22,16,15,20,22,34,44,23,46,27,21,21,25,31,22,12,23,20,17,22,21,40,21,20,35,23,22,17,21,21,24,21,10,8,20,14,25,31,27,32,11,23,27,18,12,24,12,27,48,40,40,35,17,34,37,22,23,11,47,25,14,33,36,15,31,22,37,51,22,11,33,38,30,14,21,18
30,37,35,23,41,38,34,30,44,32,34,14,23,47,13,27,43,30,36,35,38,32,27,23,32,45,18,33,47,35,42,50,36,35,29,36,34,33,41,34,31,45,29,32,42,14,42,20,43,35,6,10,35,32,34,22,45,23,27,39,33,44,49,38,41,31,33,11,35,41,20,30,42,34,45,39,28,38,26,31,45,38,37,44,22,32,33,40,45,15,20,38,5,25,39,38,30,37,31,34,0,55,37,30,35,14,42,23,34,47,43,28,44,37,32,39,46,16,44,44,50,31,27,42,37,37,40,24,40,43,32,40,34,38,40,10,24,41,42,34,44,36,36,40,30,37,41,28,29,46,43,35,24,46,45,36,10,28,14,45,11,47,36,21,33,10,21,39,45,29,52,41,46,25,35,31,41,43,43,29,44,33,27,25,48,36,17,39
42,45,49,40,48,35,50,24,53,27,55,54,53,48,60,48,50,42,52,26,39,23,62,59,23,39,61,23,10,62,39,29,30,46,26,48,51,45,47,49,23,47,50,41,42,54,41,51,38,42,46,39,18,45,51,55,29,59,63,32,23,44,54,16,44,45,46,61,16,39,55,20,47,46,33,53,54,50,50,26,42,32,51,47,63,65,50,42,56,62,44,50,60,58,39,46,26,45,53,52,55,0,57,61,49,57,48,47,60,31,46,47,42,48,43,43,30,58,31,51,42,56,50,50,57,46,38,53,43,52,49,48,51,38,46,55,51,49,47,37,50,42,48,52,46,45,48,47,46,56,54,45,53,51,44,46,52,23,55,47,55,49,39,53,32,57,53,48,43,55,25,52,44,39,55,42,32,56,46,59,46,53,43,37,49,46,53,57
11,35,35,35,31,34,19,29,33,15,29,32,34,31,18,39,31,19,19,18,24,13,35,33,13,28,41,13,42,45,22,48,24,18,16,24,21,15,23,24,13,28,16,14,32,37,32,17,39,37,36,38,14,23,24,23,40,31,34,26,13,24,43,32,26,26,45,33,19,29,39,15,33,29,19,32,22,11,21,28,33,39,26,24,43,45,18,23,37,37,23,13,39,18,39,38,19,31,31,25,37,57,0,35,27,20,33,25,48,44,25,18,33,16,23,23,36,36,29,32,49,26,17,26,3,30,32,24,34,30,20,31,24,20,24,28,22,29,31,35,31,30,28,31,14,12,31,18,35,32,37,33,24,32,30,24,30,25,28,37,35,48,18,24,15,30,34,25,33,31,55,34,34,25,35,23,33,33,40,46,31,41,32,35,37,24,24,28
35,33,32,21,46,42,32,30,46,33,38,10,32,44,9,27,46,37,38,36,45,33,34,41,29,46,18,35,51,38,28,45,34,35,36,36,33,35,41,31,33,46,31,38,45,14,27,27,37,45,6,6,35,42,36,33,40,9,32,42,35,38,49,46,37,30,24,7,33,39,16,30,31,38,40,45,30,41,37,32,43,32,40,41,31,36,33,38,48,5,21,32,32,25,37,34,34,32,35,32,30,61,35,0,36,8,34,27,51,55,40,30,44,42,38,41,40,12,45,40,39,26,41,44,31,37,45,32,39,41,28,47,45,23,42,14,33,46,42,37,48,40,37,42,42,38,42,30,37,44,49,39,32,45,43,32,14,29,14,44,11,49,22,11,32,13,25,39,36,32,50,44,45,36,49,37,33,42,37,34,44,30,13,28,34,38,37,38
16,14,13,18,22,56,13,30,24,22,2,26,29,26,31,30,28,31,9,29,28,23,40,38,23,25,34,23,46,44,34,48,40,10,23,9,23,24,16,14,22,23,25,18,24,37,47,16,38,23,45,52,30,26,17,18,42,47,36,29,23,22,42,40,16,19,25,30,33,18,55,23,16,40,27,26,20,18,25,24,22,50,26,24,32,38,16,22,30,38,48,32,32,7,34,48,26,15,19,19,35,49,27,36,0,34,49,21,58,45,25,14,19,27,17,18,35,38,39,26,40,17,15,23,25,38,33,15,19,23,23,23,30,44,23,25,40,26,26,19,27,26,19,26,19,19,24,14,36,31,30,40,15,31,20,21,34,35,30,22,36,53,44,40,26,39,36,23,24,12,42,26,34,33,33,17,33,29,39,49,22,19,36,40,35,16,27,24
19,25,25,19,35,35,21,19,36,20,19,3,27,35,2,17,35,13,21,23,20,20,39,34,19,39,18,20,44,23,34,32,26,20,20,31,22,20,29,24,20,33,33,22,40,17,39,15,30,33,44,30,28,23,19,17,42,13,36,32,20,27,47,32,29,14,19,16,40,30,28,19,28,34,41,30,18,24,24,19,32,37,29,30,32,31,16,28,35,9,18,29,16,16,36,37,21,25,23,18,14,57,20,8,34,0,34,10,47,49,33,19,39,28,24,32,32,16,44,35,42,27,27,31,30,31,39,21,39,31,20,31,31,27,33,6,37,33,35,27,34,26,30,35,26,19,35,19,22,36,40,41,21,38,37,30,2,25,6,39,35,42,25,13,16,12,25,31,40,29,57,35,21,37,33,24,34,34,34,37,35,26,19,40,24,27,21,28
32,54,50,32,47,63,37,36,50,38,49,36,10,53,34,24,45,33,41,33,28,32,47,48,34,38,40,32,36,44,22,33,39,40,33,39,42,35,54,49,32,50,22,31,41,38,38,37,45,36,32,43,29,49,37,39,33,36,50,42,32,48,53,34,35,34,36,30,35,46,47,27,47,38,34,44,39,36,47,26,37,18,41,50,47,42,35,47,54,39,28,36,42,46,34,35,40,50,40,41,42,48,33,34,49,34,0,12,45,45,46,40,41,45,44,44,42,44,44,55,10,47,42,45,40,42,25,37,33,48,38,45,41,36,49,43,6,53,46,51,49,47,53,46,42,40,52,40,37,57,52,18,37,50,47,52,40,33,38,46,38,37,34,47,43,41,46,52,46,46,43,51,18,12,49,44,50,54,48,45,45,39,41,8,36,40,44,41
14,23,23,16,32,51,15,19,33,14,17,13,10,32,6,6,31,19,20,15,28,13,32,34,13,37,16,13,37,28,28,44,23,19,11,19,14,18,25,22,13,32,14,14,33,20,43,17,33,34,29,32,22,21,18,17,25,28,24,25,13,26,43,36,25,27,20,14,19,27,48,8,23,29,32,29,31,18,17,22,35,12,25,29,38,35,14,27,37,22,31,27,16,10,27,40,17,23,17,28,23,47,25,27,21,10,12,0,42,47,28,16,41,31,25,30,39,24,33,36,34,28,21,31,24,37,36,10,38,31,25,33,30,45,27,17,14,35,35,16,30,21,34,29,25,21,35,16,34,33,35,16,10,35,33,26,20,15,13,38,25,42,45,18,24,21,34,27,37,11,43,33,37,6,31,25,41,30,43,45,33,23,31,14,30,26,11,25
58,52,50,53,59,44,59,51,59,53,54,40,37,53,48,50,59,52,46,48,47,46,52,27,47,48,52,46,48,51,48,51,51,53,48,53,52,53,51,44,47,62,54,58,45,45,51,54,33,38,27,39,29,48,51,56,51,44,43,49,46,59,43,40,40,57,47,44,40,54,47,57,49,49,47,60,55,57,52,49,43,51,56,54,49,57,50,55,61,61,49,55,34,50,49,35,50,54,55,53,34,60,48,51,58,47,45,42,0,54,53,55,48,52,56,54,52,47,59,58,50,57,55,57,48,39,54,42,48,55,53,54,51,42,55,41,38,61,58,38,55,54,53,60,54,55,64,55,41,61,60,58,42,60,55,59,33,49,47,55,35,51,42,24,46,42,26,55,48,56,49,59,58,28,49,55,41,60,45,4,56,50,32,28,58,55,38,56
41,42,40,50,47,54,29,40,45,43,55,43,48,46,55,48,41,44,50,42,28,38,59,61,35,34,45,38,21,56,48,16,46,47,33,50,39,22,46,40,35,48,46,40,39,48,44,52,44,38,47,38,44,40,47,44,20,45,55,23,38,36,41,22,32,43,48,48,20,42,47,41,28,50,20,44,37,23,41,42,35,37,39,40,52,56,39,41,47,57,47,40,48,50,33,44,45,41,46,47,47,31,44,55,45,49,45,47,54,0,39,46,34,26,45,48,12,54,12,46,38,54,31,43,38,37,24,50,35,47,27,41,49,46,43,50,47,46,36,31,45,43,43,37,18,18,47,46,37,47,45,41,50,45,37,43,44,43,45,43,44,18,46,43,51,44,42,42,34,45,20,45,24,40,48,46,37,46,45,53,41,48,42,39,46,44,47,52
24,11,11,35,10,49,15,27,21,20,29,33,38,18,29,42,6,26,11,20,29,21,42,48,21,16,41,21,42,43,41,37,33,10,21,16,16,13,19,15,21,24,31,24,6,39,35,25,35,27,50,54,30,26,13,31,33,39,43,29,21,3,35,36,21,27,39,41,30,19,48,22,19,35,21,5,23,17,24,26,12,47,27,1,48,43,23,2,20,42,39,28,45,29,36,43,23,11,21,23,43,46,25,40,25,33,46,28,53,39,0,15,18,18,11,3,33,38,33,24,47,37,24,10,25,32,35,15,16,7,19,2,32,31,10,33,40,17,12,21,8,30,9,12,19,19,18,15,34,17,14,43,15,20,18,11,33,31,32,16,52,41,31,39,24,43,35,5,16,24,39,14,33,33,36,10,32,19,33,53,12,19,35,37,16,12,30,27
17,9,9,14,18,44,13,25,22,19,11,20,28,22,17,33,20,12,6,18,33,17,39,47,17,26,29,17,45,33,24,46,30,5,17,5,15,19,14,8,19,20,28,17,23,30,37,14,36,21,40,42,29,27,3,18,33,34,39,25,17,19,41,35,15,21,16,29,32,13,42,12,23,34,32,17,21,24,19,24,20,32,22,14,41,39,13,17,22,30,33,20,28,18,23,37,21,9,7,13,28,47,18,30,14,19,40,16,55,46,15,0,23,21,12,14,37,29,33,22,42,32,14,13,21,36,34,6,16,15,33,18,36,42,15,19,35,22,18,25,17,36,11,18,21,16,20,1,39,22,20,31,6,25,23,17,19,26,22,15,37,47,42,28,20,27,34,16,20,15,42,23,38,27,38,12,40,19,36,41,24,9,34,35,29,12,23,20
28,10,19,34,14,43,17,27,16,20,32,36,40,19,30,32,10,27,19,28,26,20,48,60,20,1,48,20,34,50,42,33,30,20,25,20,22,18,14,20,20,23,36,28,14,48,38,28,27,28,47,49,31,32,14,26,31,43,50,23,20,5,41,31,14,24,41,41,27,6,47,16,30,39,16,11,22,19,17,33,18,41,28,15,54,51,24,14,23,45,44,37,39,38,29,41,22,20,35,22,44,42,33,44,19,39,41,41,48,34,18,23,0,32,16,11,22,46,36,14,45,40,31,18,28,22,33,31,2,12,36,11,44,38,6,35,48,14,5,18,16,36,11,10,22,28,12,28,28,23,22,34,31,24,3,6,31,28,35,2,53,47,38,28,23,38,34,15,1,30,37,17,31,30,46,16,30,19,28,59,4,24,30,36,21,6,37,26
15,23,28,33,25,61,3,25,31,8,23,21,39,23,19,40,20,21,14,15,18,8,48,56,8,26,23,8,37,35,42,32,28,11,7,14,12,2,24,24,8,31,28,14,25,31,35,18,29,21,53,51,32,22,18,20,10,37,43,28,8,27,45,31,18,8,40,30,18,27,52,2,6,34,10,24,2,5,20,35,23,44,17,14,44,42,14,12,31,42,36,19,30,28,34,52,18,22,25,16,37,48,16,42,27,28,45,31,52,26,18,21,32,0,15,16,20,36,14,27,44,38,7,21,16,30,24,20,26,26,21,23,31,35,15,27,30,24,24,25,25,26,24,21,2,6,26,24,38,30,36,40,20,25,18,20,29,26,26,30,46,32,35,44,21,42,38,18,22,23,34,23,28,32,33,15,34,30,34,54,30,23,40,32,24,21,26,23
17,9,9,28,15,51,14,22,9,16,20,26,42,13,22,41,13,18,8,18,32,17,41,52,17,16,38,17,33,41,40,45,29,7,17,9,18,11,17,8,17,11,25,16,15,37,35,17,31,19,44,50,21,23,9,24,32,36,41,22,17,5,37,28,13,15,33,38,25,6,45,13,23,32,22,16,15,18,17,22,16,40,20,6,45,43,15,4,12,38,35,26,32,22,38,45,19,14,23,15,32,43,23,38,17,24,44,25,56,45,11,12,16,15,0,10,28,32,32,11,40,35,26,11,23,38,41,10,8,18,28,12,29,33,9,33,36,11,11,21,11,27,7,11,15,14,11,12,31,14,10,33,9,16,22,2,26,23,26,12,47,48,33,36,18,40,36,6,20,27,41,11,38,31,35,2,31,13,33,49,7,15,36,32,18,2,27,22
23,10,10,31,10,50,18,25,19,19,22,32,42,20,28,40,5,23,9,21,30,19,42,51,19,11,43,18,39,37,44,40,31,9,19,15,26,12,19,14,19,16,27,23,5,41,36,24,29,20,47,49,27,23,11,26,30,37,42,30,19,7,42,33,24,20,36,43,35,14,45,21,16,37,22,7,20,16,21,24,11,44,25,3,45,42,16,5,18,41,37,26,41,28,28,40,21,10,20,20,39,43,23,41,18,32,44,30,54,48,3,14,11,16,10,0,30,33,32,23,41,36,22,6,23,33,30,13,19,5,28,5,29,32,6,32,44,21,9,20,5,29,7,9,22,16,17,14,29,16,14,40,13,23,19,6,30,29,32,15,47,42,32,40,22,46,36,3,10,23,38,18,30,30,35,6,29,22,38,52,9,17,36,34,6,10,32,21
26,29,38,39,30,47,23,35,41,38,37,31,29,45,28,37,35,14,32,34,10,23,46,53,29,30,43,23,17,43,33,10,32,39,26,35,25,20,42,36,23,41,41,25,27,44,33,36,34,33,50,37,27,34,36,36,2,42,50,19,23,28,37,32,23,14,28,40,28,27,38,22,10,49,34,32,10,21,34,41,23,48,39,34,49,42,21,33,42,40,39,31,45,43,19,27,33,35,41,22,46,30,36,40,35,32,42,39,52,12,33,37,22,20,28,30,0,40,6,36,25,39,26,31,28,28,6,34,31,35,19,37,35,30,35,41,38,41,39,30,37,34,40,37,18,20,41,37,33,45,41,35,34,43,23,35,32,25,35,35,46,24,31,35,34,41,27,36,30,40,20,38,12,22,44,31,27,41,26,58,39,34,29,37,38,31,38,31
32,31,31,26,39,22,28,30,47,34,33,23,24,40,20,23,38,31,31,32,41,30,34,29,30,42,9,30,41,30,29,53,29,29,32,34,29,31,32,29,31,45,31,33,42,4,37,33,36,38,30,26,38,39,29,32,46,5,36,37,30,39,44,40,36,31,26,5,45,34,26,29,35,30,37,40,29,27,35,37,39,40,32,38,34,26,29,32,43,13,5,39,13,33,37,36,32,31,37,34,16,58,36,12,38,16,44,24,47,54,38,29,46,36,32,33,40,0,47,43,49,30,26,42,39,43,37,29,44,37,28,38,42,39,42,17,25,43,41,37,39,41,35,37,36,29,38,30,35,41,44,37,29,44,44,42,21,28,19,44,27,49,39,30,38,11,22,41,43,29,51,41,41,26,43,38,40,38,40,36,41,31,22,35,40,32,26,31
26,33,34,38,37,44,23,34,40,25,38,33,45,40,41,41,38,30,33,30,22,29,44,52,29,30,46,29,21,45,42,20,46,36,24,41,24,16,41,32,29,43,27,25,29,45,40,37,36,21,45,34,36,23,38,31,24,35,48,11,29,36,42,13,17,36,33,47,14,37,44,28,16,41,22,38,22,15,22,37,27,34,32,34,57,48,22,39,40,39,38,28,42,47,25,36,34,35,39,44,44,31,29,45,39,44,44,33,59,12,33,33,36,14,32,32,6,47,0,40,36,43,20,35,38,17,8,35,31,33,29,31,34,40,33,45,37,40,35,32,33,33,32,33,16,12,41,35,38,36,40,40,35,35,21,36,34,41,40,39,38,27,40,29,33,43,30,35,30,39,12,43,22,33,33,31,24,44,30,40,37,38,38,37,36,36,30,40
26,17,16,34,18,56,26,31,4,26,27,38,48,10,35,48,19,27,16,28,32,26,39,56,26,15,44,26,43,44,46,49,35,14,25,18,30,21,26,24,26,2,33,26,17,43,35,27,35,29,53,57,28,36,19,29,38,49,43,35,26,13,41,40,28,23,38,44,33,16,50,23,28,45,25,19,23,24,30,30,24,52,18,14,45,43,25,15,2,41,47,35,45,34,38,48,24,14,25,23,44,51,32,40,26,35,55,36,58,46,24,22,14,27,11,23,36,43,40,0,47,42,29,16,33,41,38,21,17,14,37,16,40,35,14,37,42,6,14,29,15,36,15,15,25,24,6,22,35,15,8,40,20,22,17,13,33,28,35,21,54,44,35,49,29,48,36,15,26,35,45,6,36,37,44,13,36,13,41,56,14,19,36,39,17,11,36,21
45,36,45,12,49,53,40,37,43,47,44,49,26,47,39,37,45,30,30,39,36,40,52,51,32,46,44,30,22,43,6,28,49,29,39,30,40,42,42,35,35,45,22,45,37,42,39,41,39,49,33,40,38,47,34,48,33,39,52,25,40,41,45,30,29,36,11,50,30,41,50,29,39,34,42,44,44,40,48,30,41,2,46,49,51,53,30,43,47,39,43,40,51,43,28,37,40,43,43,46,50,42,49,39,40,42,10,34,50,38,47,42,45,44,40,41,25,49,36,47,0,46,38,51,53,43,25,47,43,44,42,46,45,40,43,42,24,48,48,41,51,50,48,51,48,46,49,36,32,57,54,18,47,43,46,42,46,49,41,43,28,39,40,39,31,50,36,46,54,43,44,44,34,38,48,40,48,44,43,35,47,47,39,38,37,43,36,44
25,27,27,29,41,57,35,35,41,28,15,25,28,44,18,31,39,17,31,32,30,33,14,35,33,45,15,33,46,20,28,44,34,30,30,32,26,29,30,26,25,40,18,26,37,20,42,17,29,34,45,50,28,34,32,19,39,42,29,38,33,39,45,30,30,26,34,25,35,37,47,31,32,34,33,40,29,26,29,29,37,34,36,32,25,27,24,35,40,31,41,21,29,12,46,42,37,29,34,27,31,56,26,26,17,27,47,28,57,54,37,32,40,38,35,36,39,30,43,42,46,0,26,37,28,34,39,23,42,38,31,34,32,39,37,17,25,41,39,30,40,32,38,41,29,35,39,30,38,39,42,35,23,41,39,36,33,26,17,43,49,47,39,21,22,13,31,37,38,35,54,42,36,36,37,35,33,38,41,56,43,27,35,35,40,36,12,33
8,21,21,16,23,54,6,22,27,5,16,27,37,30,15,32,25,14,20,13,19,6,39,49,6,25,21,6,43,36,35,36,24,19,6,13,6,4,27,20,6,36,25,7,28,26,37,17,38,27,51,49,29,19,11,15,38,44,29,36,6,27,37,37,24,25,28,21,30,34,45,3,18,33,11,22,16,6,21,30,28,45,23,17,34,37,16,23,31,40,40,20,23,20,29,44,16,23,28,21,27,50,17,41,15,27,42,21,55,31,24,14,31,7,26,22,26,26,20,29,38,26,0,21,16,34,20,20,24,24,15,22,30,45,23,26,35,26,25,25,25,21,20,23,13,9,29,14,36,28,31,37,20,30,33,25,21,22,20,22,47,32,45,41,27,35,37,24,23,20,32,30,26,37,32,24,36,28,38,58,25,24,40,36,29,27,27,28
24,15,15,28,2,51,13,26,14,18,19,33,41,15,24,43,8,24,10,22,32,20,43,53,20,20,41,19,46,43,45,41,31,10,18,10,25,13,15,15,20,16,28,24,9,44,38,25,36,26,48,50,34,30,10,27,31,40,44,30,20,8,39,34,20,21,30,42,30,11,47,20,15,38,25,3,25,15,26,23,17,55,26,10,47,39,23,6,21,48,42,29,42,28,35,41,22,11,19,21,42,50,26,44,23,31,45,31,57,43,10,13,18,21,11,6,31,42,35,16,51,37,21,0,24,34,37,18,14,4,29,4,30,34,7,32,45,18,4,23,4,26,6,4,19,15,16,13,37,13,14,43,18,19,22,11,30,30,33,14,54,51,34,44,23,45,39,4,13,24,45,15,37,37,34,11,33,15,33,52,4,13,37,34,5,7,35,24
11,35,35,35,31,36,19,29,33,15,29,33,34,31,19,39,31,19,19,18,24,13,35,35,13,28,41,13,41,45,23,47,23,18,16,24,21,15,22,24,13,28,15,14,32,37,30,17,40,37,35,39,13,23,24,23,39,32,36,26,13,24,43,32,26,26,45,34,19,29,40,15,33,29,18,32,22,11,22,29,33,39,26,24,43,45,18,23,37,37,25,11,39,19,39,38,19,31,31,25,37,57,3,31,25,30,40,24,48,38,25,21,28,16,23,23,28,39,38,33,53,28,16,24,0,31,31,24,34,30,20,31,25,18,24,29,21,29,31,35,31,30,28,31,14,12,31,18,35,32,37,34,24,32,30,24,30,25,28,37,37,48,20,24,14,30,34,25,33,32,55,34,33,26,35,23,33,33,40,47,31,41,33,37,37,24,24,28
13,20,16,33,36,50,36,35,41,33,35,32,27,42,26,27,38,29,20,32,25,35,45,55,34,23,42,35,36,42,38,41,37,33,29,29,32,31,25,21,37,40,32,17,30,43,40,22,10,20,43,48,27,28,28,14,31,44,39,19,34,33,44,18,17,35,38,42,7,28,36,33,34,27,26,33,32,32,20,32,30,42,35,35,47,44,26,34,41,29,38,35,37,33,22,46,39,28,41,31,37,46,30,37,38,31,42,37,39,37,32,36,22,30,38,33,28,43,17,41,43,34,34,34,31,0,35,26,24,37,26,29,27,39,36,29,33,38,31,21,32,17,28,32,37,39,37,33,22,41,43,26,26,40,33,37,33,25,28,31,42,39,39,29,27,30,19,38,29,10,39,39,36,18,25,37,6,32,26,43,38,15,27,18,37,30,24,38
24,30,36,41,41,51,15,32,40,21,37,31,37,40,38,39,31,34,30,36,10,27,50,58,27,34,32,29,39,45,33,16,34,31,22,34,22,24,33,33,34,41,34,23,27,38,33,37,28,22,47,51,33,40,37,40,20,40,51,31,23,30,38,27,35,14,45,33,23,31,39,22,27,41,32,38,24,25,40,40,35,26,35,36,48,46,27,29,44,37,36,33,47,42,15,31,33,34,41,22,40,38,32,45,33,39,25,36,54,24,35,34,33,24,41,30,6,37,8,38,25,39,20,37,31,35,0,36,34,41,23,34,43,32,31,39,29,38,38,27,37,37,36,41,18,24,40,38,28,39,41,41,36,41,30,39,42,33,40,34,41,10,32,34,40,40,22,34,34,42,39,44,10,22,43,35,20,39,34,57,37,37,22,29,36,30,39,34
21,6,6,19,17,52,12,25,19,16,13,20,20,17,19,30,17,11,16,18,23,16,37,43,16,24,28,16,47,33,35,45,26,8,17,8,17,13,8,5,19,22,25,21,30,29,40,15,35,17,42,46,33,23,7,27,38,32,38,19,16,26,45,37,7,19,22,28,27,11,44,14,17,36,30,22,25,23,15,24,27,30,22,18,40,36,10,17,24,29,33,28,27,17,15,33,21,6,18,12,24,53,24,32,15,21,37,10,42,50,15,6,31,20,10,13,34,29,35,21,47,23,20,18,24,26,36,0,31,20,31,19,33,46,21,20,24,22,22,17,23,31,15,24,28,14,21,6,34,23,23,35,1,25,22,10,19,22,22,26,40,49,46,31,21,30,31,20,26,12,46,16,32,20,41,8,30,18,36,43,22,6,35,20,29,10,33,16
28,14,21,39,8,43,22,28,20,31,29,37,37,26,34,33,16,25,19,31,22,21,49,56,21,3,45,21,36,49,48,38,29,23,28,17,25,19,14,23,21,20,41,27,16,45,41,28,33,27,48,50,34,27,22,27,29,43,49,13,21,7,37,36,14,23,44,45,28,5,44,27,24,46,16,13,19,21,18,34,8,39,28,19,55,53,18,18,21,44,45,38,40,39,26,42,21,20,27,23,40,43,34,39,19,39,33,38,48,35,16,16,2,26,8,19,31,44,31,17,43,42,24,14,34,24,34,31,0,14,35,13,43,39,8,31,43,20,7,18,14,41,12,12,22,29,19,24,33,26,15,32,30,27,2,17,34,35,33,3,46,48,39,29,36,42,32,14,3,25,37,20,32,34,45,15,26,16,32,52,6,14,33,29,7,8,36,27
25,11,10,28,4,53,20,30,20,29,23,32,37,24,29,41,10,33,16,29,31,29,44,53,28,17,38,29,48,40,43,39,39,16,27,16,27,19,16,11,29,21,38,25,20,37,47,26,38,23,55,51,36,34,16,27,35,44,42,36,29,6,41,38,23,26,33,40,30,29,46,27,19,43,29,7,26,22,22,28,14,45,29,4,49,46,30,5,13,42,43,33,43,28,29,45,24,11,25,20,43,52,30,41,23,31,48,31,55,47,7,15,12,26,18,5,35,37,33,14,44,38,24,4,30,37,41,20,14,0,37,3,36,43,8,31,36,21,6,30,6,30,2,6,22,22,24,19,36,16,19,41,21,24,10,12,32,31,37,14,51,49,43,43,29,42,41,4,11,31,47,19,36,41,38,14,34,17,37,55,6,14,41,35,11,18,33,27
18,33,33,16,33,60,11,24,36,20,23,26,30,37,25,35,33,17,31,22,20,14,41,50,15,34,22,16,43,35,35,53,32,26,14,27,6,10,38,30,20,33,27,18,27,30,39,15,33,32,54,49,25,18,27,20,43,40,44,38,16,30,34,32,26,15,19,31,23,38,51,19,25,36,23,36,11,19,23,32,35,38,35,29,47,36,21,17,41,27,37,23,29,24,34,50,21,33,38,17,32,49,20,28,23,20,38,25,53,27,19,33,36,21,28,28,19,28,29,37,42,31,15,29,20,26,23,31,35,37,0,31,26,35,27,28,39,36,35,33,37,23,31,35,21,15,37,29,29,36,38,31,31,33,26,32,22,28,23,33,47,42,35,32,21,28,44,25,34,29,44,34,27,37,26,31,37,37,6,59,35,36,42,29,30,29,27,33
25,17,11,28,4,49,20,29,21,25,23,31,38,22,29,37,8,26,20,26,33,26,40,51,26,10,38,26,46,42,39,44,41,20,25,16,26,21,23,11,26,22,36,25,16,38,45,27,36,23,53,55,32,30,16,27,37,42,39,36,26,5,37,34,18,27,40,38,28,21,45,26,20,43,27,3,23,24,32,28,16,44,27,3,46,43,28,8,24,47,43,29,40,28,30,46,27,11,23,22,40,48,31,47,23,31,45,33,54,41,2,18,11,23,12,5,37,38,31,16,46,34,22,4,31,29,34,19,13,3,31,0,34,41,12,33,35,21,6,25,6,30,7,6,25,25,22,17,36,15,20,35,20,20,12,12,30,32,33,17,50,41,41,39,33,41,39,7,10,28,43,21,36,39,34,16,39,21,33,56,6,21,39,41,18,23,36,28
26,39,39,32,30,66,28,25,39,19,30,31,45,40,28,42,34,25,33,26,37,17,44,47,17,43,37,17,46,45,33,51,31,33,23,30,28,30,29,39,17,37,23,27,41,40,34,22,25,40,47,48,23,12,30,22,42,41,45,40,16,32,43,24,35,27,32,36,36,31,60,24,39,37,32,32,29,26,16,35,35,58,35,36,48,46,28,34,41,44,46,30,35,38,45,56,22,34,44,21,34,51,24,45,30,31,41,30,51,49,32,36,44,31,29,29,35,42,34,40,45,32,30,30,25,27,43,33,43,36,26,34,0,43,29,31,41,37,29,42,30,10,33,28,23,25,38,32,31,43,39,43,31,40,40,29,27,22,35,39,46,54,43,33,28,38,41,34,42,35,53,40,45,42,6,34,41,39,37,55,30,38,35,27,38,29,29,32
17,35,40,44,43,39,32,35,46,29,40,30,34,46,22,32,42,27,33,27,25,21,41,40,24,39,33,24,35,47,38,42,29,30,28,37,43,33,41,32,28,37,42,20,39,32,15,34,21,30,38,37,19,33,35,36,24,35,46,34,24,31,46,22,28,33,45,34,30,32,29,21,39,38,11,42,34,24,42,25,31,41,47,32,52,48,30,29,44,24,42,17,36,22,37,26,28,39,44,40,38,38,20,23,44,27,36,45,42,46,31,42,38,35,33,32,30,39,40,35,40,39,45,34,18,39,32,46,39,43,35,41,43,0,33,27,26,36,42,34,38,33,38,43,37,15,38,42,23,47,42,21,38,42,38,34,31,25,19,45,38,44,3,22,39,26,21,33,39,43,38,45,22,17,39,33,44,38,32,47,42,46,25,32,44,32,41,41
23,11,11,34,3,51,19,30,12,24,23,33,43,15,29,43,6,28,10,26,33,18,42,50,18,6,42,17,36,39,41,41,36,10,24,12,25,13,19,11,18,14,32,22,6,39,35,25,30,23,48,50,22,27,12,27,33,42,43,33,18,2,43,30,19,17,37,42,30,9,46,20,17,37,23,14,19,15,16,23,6,49,29,10,44,39,21,6,20,40,42,27,41,29,31,47,26,15,21,21,40,46,24,42,23,33,49,27,55,43,10,15,6,15,9,6,35,42,33,14,43,37,23,7,24,36,31,21,8,8,27,12,29,33,0,28,43,14,3,25,3,25,12,3,21,15,18,14,30,17,17,41,13,20,8,5,31,24,33,12,50,47,33,33,27,43,37,4,5,24,35,12,31,35,31,5,30,22,33,56,4,18,37,41,14,5,32,24
27,25,25,22,33,37,21,25,37,20,29,7,25,35,6,30,37,17,26,25,25,18,39,36,19,33,20,18,46,31,37,48,31,22,18,25,20,24,23,22,21,37,29,28,36,15,39,19,30,33,46,30,28,26,21,21,43,17,36,38,18,23,45,34,35,20,16,14,37,35,44,19,30,32,39,30,22,25,25,20,36,41,29,32,29,33,16,28,39,14,13,24,14,20,36,33,23,23,24,20,10,55,28,14,25,6,43,17,41,50,33,19,35,27,33,32,41,17,45,37,42,17,26,32,29,29,39,20,31,31,28,33,31,27,28,0,21,36,33,33,29,25,26,29,26,24,34,21,39,37,34,45,20,38,31,31,10,26,10,32,46,48,25,9,21,6,29,31,35,21,57,34,27,35,33,33,37,38,32,41,33,32,31,40,34,31,23,34
32,34,30,29,41,51,31,28,43,23,38,18,12,49,18,10,41,18,31,32,38,21,40,52,27,49,26,21,43,33,10,25,28,30,26,43,28,36,37,33,21,38,6,34,37,27,33,25,35,36,28,29,34,36,42,27,36,29,40,37,21,43,44,34,30,29,26,27,31,36,45,24,34,37,34,40,29,29,31,12,39,22,35,43,31,33,24,44,46,35,28,22,27,37,29,40,22,44,29,35,24,51,22,33,40,37,6,14,38,47,40,35,48,30,36,44,38,25,37,42,24,25,35,45,21,33,29,24,43,36,39,35,41,26,43,21,0,38,34,33,49,37,47,39,34,32,37,28,36,47,43,4,20,43,47,41,23,26,21,49,30,44,39,24,33,30,35,42,45,25,44,47,19,2,46,42,32,40,37,34,34,31,43,10,22,43,31,37
26,18,16,33,18,57,24,34,4,22,26,35,48,8,29,42,19,24,17,25,35,24,45,56,24,23,46,24,40,45,42,42,39,16,24,17,28,22,25,22,24,2,30,25,28,43,38,27,41,33,59,50,38,31,17,30,39,47,40,36,24,14,47,40,23,21,35,46,39,26,59,21,30,39,34,24,27,25,23,35,23,52,13,16,44,43,23,16,10,46,46,30,44,30,41,51,27,16,24,23,41,49,29,46,26,33,53,35,61,46,17,22,14,24,11,21,41,43,40,6,48,41,26,18,29,38,38,22,20,21,36,21,37,36,14,36,38,0,18,26,18,38,21,18,25,23,2,21,41,17,10,48,22,16,19,11,36,31,36,21,54,50,42,42,31,44,41,17,19,35,49,6,39,41,42,15,37,8,44,54,14,23,41,44,20,13,35,23
24,9,15,33,2,56,19,30,14,22,29,31,40,22,33,46,7,28,18,25,32,22,40,52,22,10,40,22,47,40,42,42,33,19,27,15,31,19,11,15,22,14,33,24,19,44,48,24,39,31,51,52,35,29,15,27,36,42,38,35,28,3,40,37,22,22,36,42,37,10,49,26,17,38,32,3,18,21,24,33,14,52,28,12,44,42,21,8,15,43,46,35,42,39,28,46,24,10,24,22,42,47,31,42,26,35,46,35,58,36,12,18,5,24,11,9,39,41,35,14,48,39,25,4,31,31,38,22,7,6,35,6,29,42,3,33,34,18,0,32,3,25,6,1,28,20,15,24,39,17,13,46,22,14,12,9,35,27,37,9,54,48,42,40,33,43,43,6,10,23,46,17,40,44,33,11,41,14,40,57,1,13,44,41,9,8,34,28
25,7,7,24,25,34,20,30,26,31,19,24,26,30,25,18,26,26,15,32,15,25,40,49,27,18,35,27,30,45,37,45,36,20,28,29,23,25,13,10,29,25,34,27,21,35,36,33,26,8,39,45,24,32,21,29,36,35,41,14,27,21,30,24,6,17,38,31,24,20,31,26,18,43,12,25,19,28,27,32,13,47,36,26,42,43,22,25,35,39,40,32,37,25,18,34,32,7,27,17,34,37,35,37,19,27,51,16,38,31,21,25,18,25,21,20,30,37,32,29,41,30,25,23,35,21,27,17,18,30,33,25,42,34,25,33,33,26,32,0,26,36,25,28,19,21,32,19,30,31,28,34,18,30,21,20,26,30,25,14,41,47,30,26,34,42,22,21,18,19,38,30,34,16,40,18,22,29,30,46,31,20,22,34,31,22,39,27
28,14,14,32,10,54,19,30,15,22,24,31,49,22,29,40,10,28,15,26,33,22,40,51,22,7,40,22,44,39,37,45,34,15,22,15,27,19,13,14,22,18,33,28,11,44,42,24,38,26,48,53,26,26,14,26,37,42,39,34,21,4,42,41,23,21,35,38,36,11,47,20,19,39,29,2,25,21,26,27,9,55,24,8,50,42,25,8,14,44,44,35,42,29,39,50,24,11,24,21,44,50,31,48,27,34,49,30,55,45,8,17,16,25,11,5,37,39,33,15,51,40,25,4,31,32,37,23,14,6,37,6,30,38,3,29,49,18,3,26,0,26,6,8,21,21,25,18,35,17,12,39,21,18,20,11,31,30,37,8,48,51,36,41,33,41,41,6,16,24,43,18,39,47,32,17,38,18,37,58,10,19,38,43,14,13,36,28
16,33,33,31,26,69,20,25,38,21,28,29,42,38,27,33,30,21,28,24,30,21,44,46,21,35,41,21,41,50,34,40,31,25,15,23,17,30,27,28,21,35,21,16,37,43,30,12,15,38,43,48,21,2,32,12,37,41,45,36,20,30,54,20,33,23,31,37,34,31,51,16,30,38,35,26,27,22,6,31,33,54,32,32,44,39,23,32,37,43,51,20,35,28,40,49,25,30,44,21,36,42,30,40,26,26,47,21,54,43,30,36,36,26,27,29,34,41,33,36,50,32,21,26,30,17,37,31,41,30,23,30,10,33,25,25,37,38,25,36,26,0,35,24,23,23,35,32,17,36,39,38,30,40,33,31,25,15,30,35,44,53,33,29,29,38,36,33,38,18,49,38,42,45,8,29,35,39,36,57,28,36,45,26,30,32,22,30
23,9,9,24,6,51,19,25,14,28,19,26,44,22,22,47,8,27,11,31,27,34,40,51,23,11,35,34,44,40,46,39,31,10,32,9,28,18,12,9,30,18,37,23,16,33,42,28,32,18,48,52,35,31,11,27,36,38,40,26,34,7,43,41,18,17,34,35,26,19,46,28,13,41,29,5,24,24,25,22,16,51,27,8,44,40,26,8,18,38,36,30,39,24,29,43,23,10,20,24,36,48,28,37,19,30,53,34,53,43,9,11,11,24,7,7,40,35,32,15,48,38,20,6,28,28,36,15,12,2,31,7,33,38,12,26,47,21,6,25,6,35,0,6,21,18,19,12,32,11,20,39,19,24,7,13,32,25,29,19,53,45,38,46,30,42,33,10,11,22,45,21,34,38,35,8,32,12,31,51,6,8,35,37,20,8,38,21
28,10,10,33,2,57,19,30,13,22,23,31,43,22,33,47,8,30,15,26,30,22,40,50,22,5,37,22,44,40,44,37,34,15,22,15,23,19,12,10,22,15,31,28,20,44,49,24,40,29,48,52,36,24,15,26,37,42,38,35,21,4,41,38,22,21,37,40,36,11,50,20,17,39,33,2,23,21,24,31,14,51,24,12,45,44,24,12,22,44,46,35,42,33,37,47,24,10,21,21,40,52,31,42,26,35,46,29,60,37,12,18,10,21,11,9,37,37,33,15,51,41,23,4,31,32,41,24,12,6,35,6,28,43,3,29,39,18,1,28,8,24,6,0,23,21,23,18,40,21,14,43,22,15,12,9,35,28,37,10,50,45,43,45,33,41,43,10,10,24,43,17,41,43,32,11,42,18,41,56,2,19,45,45,10,7,34,28
17,27,21,30,29,59,3,18,30,10,23,14,34,23,24,36,26,21,26,19,4,6,44,50,6,26,33,6,39,40,40,16,23,19,13,16,7,6,23,21,6,35,30,16,25,36,41,16,37,22,50,46,28,20,18,19,26,40,39,29,6,21,41,26,22,4,34,33,17,29,49,8,2,44,12,20,10,7,16,27,23,40,20,18,36,40,17,17,32,44,42,17,33,28,33,52,16,29,21,10,30,46,14,42,19,26,42,25,54,18,19,21,22,2,15,22,18,36,16,25,48,29,13,19,14,37,18,28,22,22,21,25,23,37,21,26,34,25,28,19,21,23,21,23,0,2,29,25,34,25,27,41,28,25,17,14,18,25,22,33,46,28,41,40,17,36,35,18,28,27,34,21,10,38,29,15,39,22,37,52,28,16,35,34,32,22,28,30
15,19,21,26,21,59,3,20,25,12,19,26,36,21,19,34,20,20,14,19,10,8,38,50,8,20,24,16,44,41,36,32,21,13,7,14,7,2,22,17,12,27,28,14,25,29,22,16,39,24,52,48,26,24,12,17,18,40,35,32,8,23,37,37,23,16,30,24,19,25,47,8,22,34,4,24,12,3,18,31,25,47,18,18,42,42,16,17,25,44,35,15,36,25,36,52,14,17,22,8,37,45,12,38,19,19,40,21,55,18,19,16,28,6,14,16,20,29,12,24,46,35,9,15,12,39,24,14,29,22,15,25,25,15,15,24,32,23,20,21,21,23,18,21,2,0,25,16,34,27,29,30,14,22,20,14,29,15,23,18,50,28,27,46,21,40,36,18,20,17,32,25,26,35,33,17,32,25,16,55,20,12,36,40,24,22,22,21
27,16,14,33,23,60,28,27,2,23,26,35,47,10,31,43,21,28,15,25,37,24,46,56,24,15,39,24,42,52,38,45,37,16,24,17,33,28,23,15,24,2,31,27,19,38,40,27,36,32,53,51,37,31,17,25,41,44,46,36,24,13,47,40,30,24,35,39,37,13,54,19,22,42,28,18,19,30,24,35,23,50,17,19,49,51,20,17,13,44,50,32,44,33,38,51,26,18,34,20,41,48,31,42,24,35,52,35,64,47,18,20,12,26,11,17,41,38,41,6,49,39,29,16,31,37,40,21,19,24,37,22,38,38,18,34,37,2,15,32,25,35,19,23,29,25,0,19,36,16,10,46,20,7,19,11,35,26,35,19,55,47,43,44,29,47,44,19,19,29,48,8,38,44,42,20,38,15,46,56,22,15,47,44,23,11,37,19
17,9,9,14,18,44,13,25,22,19,11,20,28,22,17,33,20,13,6,18,33,17,39,47,17,26,29,17,45,32,24,46,30,5,17,5,15,19,14,8,19,21,28,17,23,30,37,14,36,21,40,42,29,27,3,18,33,34,39,25,17,19,41,35,15,21,16,29,33,13,42,13,23,34,32,17,21,24,19,24,20,32,21,14,41,38,13,17,23,30,33,20,28,18,23,37,21,9,6,14,28,47,18,30,14,19,40,16,55,46,15,1,28,24,12,14,37,30,35,22,36,30,14,13,18,33,38,6,24,19,29,17,32,42,14,21,28,21,24,19,18,32,12,18,25,16,19,0,39,23,21,31,6,25,24,17,19,26,22,15,37,47,42,28,21,27,34,16,20,15,42,23,38,27,38,12,40,18,36,41,24,9,35,35,29,12,23,21
31,36,36,39,40,54,39,32,38,36,35,34,43,41,42,37,40,36,26,33,17,30,45,50,28,31,32,30,41,52,39,41,38,27,33,33,38,42,36,38,30,41,35,32,28,35,35,32,4,21,39,44,31,12,33,34,33,40,43,29,30,29,36,35,33,29,38,32,23,29,36,43,37,28,28,33,35,33,36,40,26,48,36,37,49,45,34,28,39,39,35,34,44,37,36,29,29,38,31,25,29,46,35,37,36,22,37,34,41,37,34,39,28,38,31,29,33,35,38,35,32,38,36,37,35,22,28,34,33,36,29,36,31,23,30,39,36,41,39,30,35,17,32,40,34,34,36,39,0,43,42,39,35,40,38,30,21,27,22,26,24,51,23,33,37,40,23,34,31,36,37,38,39,20,21,30,26,36,33,41,38,36,19,40,36,30,29,43
31,20,18,31,16,66,26,34,15,30,30,35,50,20,32,49,17,34,18,33,40,28,42,57,26,21,42,28,52,46,44,47,43,19,27,19,31,24,23,18,28,16,37,31,18,41,46,30,43,34,53,59,42,32,18,33,41,48,42,41,28,15,44,42,25,30,41,42,34,20,56,31,24,42,39,15,32,30,31,31,22,56,28,18,44,45,30,16,14,48,51,36,47,33,37,54,29,18,22,31,46,56,32,44,31,36,57,33,61,47,17,22,23,30,14,16,45,41,36,15,57,39,28,13,32,41,39,23,26,16,36,15,43,47,17,37,47,17,17,31,17,36,11,21,25,27,16,23,43,0,16,48,28,13,20,21,37,37,36,21,58,51,46,44,34,46,45,19,26,30,48,18,39,41,46,16,45,22,41,59,19,19,45,40,27,20,41,23
28,14,16,37,14,58,25,43,8,27,27,38,45,12,37,48,14,33,15,29,32,29,41,56,30,21,46,30,48,43,41,40,49,16,28,21,29,26,20,15,30,10,36,28,24,44,40,30,42,29,60,58,33,34,19,27,41,54,39,36,30,16,40,36,25,23,41,44,38,14,55,25,28,43,34,13,23,28,34,31,22,53,27,14,48,44,30,15,2,50,56,35,44,36,41,54,31,14,19,27,43,54,37,49,30,40,52,35,60,45,14,20,22,36,10,14,41,44,40,8,54,42,31,14,37,43,41,23,15,19,38,20,39,42,17,34,43,10,13,28,12,39,20,14,27,29,10,21,42,16,0,43,23,17,21,14,40,32,39,19,60,53,42,47,36,47,44,18,22,27,51,10,42,44,43,12,39,6,39,64,16,17,43,45,21,10,40,23
39,37,39,8,47,57,42,33,44,38,38,41,2,45,42,12,41,16,33,31,30,29,44,45,32,34,34,29,31,37,2,43,31,32,31,36,38,34,40,40,32,46,6,40,33,40,26,37,26,36,41,38,23,39,30,31,42,45,46,34,29,38,44,30,24,34,11,34,26,42,41,30,29,33,26,40,36,41,44,16,35,24,36,43,49,42,22,40,47,39,38,30,37,29,33,38,35,43,35,32,35,45,33,39,40,41,18,16,58,41,43,31,34,40,33,40,35,37,40,40,18,35,37,43,34,26,41,35,32,41,31,35,43,21,41,45,4,48,46,34,39,38,39,43,41,30,46,31,39,48,43,0,35,45,40,45,43,31,46,43,42,47,42,36,24,39,32,45,32,25,47,44,34,24,36,39,35,43,37,48,46,48,37,27,42,42,31,35
21,6,6,19,17,52,12,25,18,16,13,20,20,18,19,30,17,10,16,18,23,16,37,43,16,24,28,16,47,33,35,45,26,8,17,8,18,13,7,5,19,22,24,21,30,29,40,15,35,18,41,45,33,23,7,27,38,32,38,19,16,26,45,37,8,19,22,28,27,10,44,14,17,36,30,22,25,23,15,24,27,30,22,18,40,36,10,17,25,29,33,28,27,17,15,33,21,6,19,11,24,53,24,32,15,21,37,10,42,50,15,6,31,20,9,13,34,29,35,20,47,23,20,18,24,26,36,1,30,21,31,20,31,38,13,20,20,22,22,18,21,30,19,22,28,14,20,6,35,28,23,35,0,25,22,9,19,22,22,26,40,49,46,31,21,30,31,20,26,12,46,17,32,20,41,9,29,17,36,43,22,6,35,20,29,9,33,17
28,19,20,33,15,59,27,36,6,29,28,36,41,14,35,41,16,30,18,30,36,30,42,56,29,26,45,30,49,41,45,47,43,19,26,21,31,25,24,18,29,20,32,28,21,44,42,28,39,31,56,52,34,34,22,27,40,50,46,40,30,18,39,40,26,29,39,45,32,26,54,27,25,47,37,23,26,25,32,35,21,51,26,19,46,41,28,19,6,50,48,33,46,36,36,52,30,19,18,23,46,51,32,45,31,38,50,35,60,45,20,25,24,25,16,23,43,44,35,22,43,41,30,19,32,40,41,25,27,24,33,20,40,42,20,38,43,16,14,30,18,40,24,15,25,22,7,25,40,13,17,45,25,0,28,18,41,35,39,23,54,48,42,45,35,50,43,24,26,29,48,18,40,45,44,17,42,13,45,61,13,27,43,41,21,14,41,26
26,11,23,34,8,50,23,30,19,31,25,30,35,21,29,38,13,26,19,28,24,27,47,59,26,15,41,27,36,48,44,30,37,14,25,16,22,15,12,11,27,20,35,25,13,38,40,31,32,30,41,42,31,23,21,28,26,46,50,28,27,8,38,30,8,21,40,40,25,5,45,26,25,44,21,13,25,18,19,26,16,52,24,14,49,49,19,16,24,45,43,33,42,33,37,37,23,23,29,27,45,44,30,43,20,37,47,33,55,37,18,23,3,18,22,19,23,44,21,17,46,39,33,22,30,33,30,22,2,10,26,12,40,38,8,31,47,19,12,21,20,33,7,12,17,20,19,24,38,20,21,40,22,28,0,6,30,25,28,20,51,43,39,33,29,44,41,10,3,32,41,24,32,33,36,8,34,23,34,55,15,19,40,36,24,7,32,30
18,10,16,29,11,51,15,23,9,16,18,32,43,11,28,40,12,19,9,18,23,17,42,51,17,15,39,17,41,44,36,37,29,8,17,10,19,12,20,9,17,23,30,17,23,38,36,18,30,20,44,50,21,26,10,23,38,48,40,21,17,5,44,29,15,22,34,43,23,6,45,13,22,37,22,22,24,15,15,27,15,41,18,10,45,42,16,4,21,40,46,27,39,26,33,41,19,10,22,18,36,46,24,32,21,30,52,26,59,43,11,17,6,20,2,6,35,42,36,13,42,36,25,11,24,37,39,10,17,12,32,12,29,34,5,31,41,11,9,20,11,31,13,9,14,14,11,17,30,21,14,45,9,18,6,0,32,23,32,8,47,43,34,34,19,40,37,10,10,25,41,9,31,34,34,2,30,13,32,49,6,16,37,32,9,2,28,25
20,21,21,21,35,23,22,25,35,18,30,5,28,35,2,26,31,17,21,25,28,20,37,38,23,31,15,20,43,37,22,34,31,20,26,25,25,27,23,20,18,36,30,20,30,13,44,15,28,29,30,22,23,27,23,17,28,25,32,25,20,26,37,21,23,18,22,19,24,25,30,19,28,34,35,34,20,19,20,21,30,28,34,32,37,39,16,27,39,14,17,25,14,30,34,41,23,21,25,12,10,52,30,14,34,2,40,20,33,44,33,19,31,29,26,30,32,21,34,33,46,33,21,30,30,33,42,19,34,32,22,30,27,31,31,10,23,36,35,26,31,25,32,35,18,29,35,19,21,37,40,43,19,41,30,32,0,22,4,29,44,51,29,21,24,12,9,31,31,21,40,39,30,30,31,26,30,35,29,39,35,20,21,39,38,26,23,33
17,30,31,19,28,62,26,1,28,7,30,25,19,29,21,23,33,15,25,9,21,7,41,46,7,29,33,7,15,37,35,40,6,20,6,23,21,17,28,31,7,26,25,16,32,32,22,21,26,30,51,49,6,18,20,24,31,34,45,31,7,23,43,7,25,27,27,30,12,24,51,8,33,30,27,29,25,18,22,24,24,31,27,30,51,46,14,29,32,30,34,14,32,25,34,45,5,31,38,24,28,23,25,29,35,25,33,15,49,43,31,26,28,26,23,29,25,28,41,28,49,26,22,30,25,25,33,22,35,31,28,32,22,25,24,26,26,31,27,30,30,15,25,28,25,15,26,26,27,37,32,31,22,35,25,23,22,0,21,37,48,36,25,31,13,26,36,23,25,32,37,30,27,31,25,24,35,28,41,54,29,30,37,30,31,23,24,34
19,21,21,21,37,19,22,23,35,20,30,1,24,35,6,36,33,13,21,25,20,20,27,32,21,30,21,20,48,29,31,41,29,20,24,25,16,27,31,20,20,35,30,21,34,21,32,18,29,29,36,26,24,20,21,22,41,15,34,25,20,34,40,34,23,14,22,19,38,26,14,21,22,32,32,32,20,19,22,22,28,29,33,34,36,33,12,32,39,10,21,23,16,20,31,31,19,21,23,12,14,55,28,14,30,6,38,13,47,45,32,22,35,26,26,32,35,19,40,35,41,17,20,33,28,28,40,22,33,37,23,33,35,19,33,10,21,36,37,25,37,30,29,37,22,23,35,22,22,36,39,46,22,39,28,32,4,21,0,29,42,39,17,7,24,12,25,33,31,24,50,35,35,33,27,26,32,34,41,37,37,22,5,42,34,29,23,31
26,15,23,38,10,46,16,38,18,31,25,31,37,21,30,28,13,32,17,33,33,33,48,58,33,3,43,33,37,48,41,40,36,18,32,13,29,24,22,20,32,25,40,25,16,41,45,27,26,31,50,46,24,33,12,28,36,53,46,32,33,13,46,26,22,29,42,42,24,6,48,23,30,47,21,13,25,32,28,23,20,46,34,17,48,45,21,16,21,44,46,32,51,34,26,29,28,23,31,27,45,47,37,44,22,39,46,38,55,43,16,15,2,30,12,15,35,44,39,21,43,43,22,14,37,31,34,26,3,14,33,17,39,45,12,32,49,21,9,14,8,35,19,10,33,18,19,15,26,21,19,43,26,23,20,8,29,37,29,0,46,46,41,24,31,48,33,17,11,26,38,20,35,31,39,16,25,20,34,55,9,15,35,39,23,10,42,29
34,40,40,26,52,32,41,52,57,50,34,39,33,55,41,22,51,44,38,52,35,46,39,27,46,49,30,46,47,45,17,53,41,37,50,44,49,47,42,39,47,56,35,36,46,34,47,30,30,39,5,25,40,41,45,28,41,38,36,48,39,48,43,37,39,49,27,22,39,49,19,38,40,52,44,49,51,47,38,40,44,34,54,51,37,48,43,50,59,6,41,44,6,27,50,35,44,40,43,48,11,55,35,11,36,35,38,25,35,44,52,37,53,46,47,47,46,27,38,54,28,49,47,54,37,42,41,40,46,51,47,50,46,38,50,46,30,54,54,41,48,44,53,50,46,50,55,37,24,58,60,42,40,54,51,47,44,48,42,46,0,45,37,35,45,31,21,54,48,36,45,61,44,33,51,45,38,57,46,27,51,51,33,19,55,48,23,54
40,44,46,41,45,45,25,41,49,43,46,44,47,47,38,48,49,42,42,47,18,39,55,52,38,42,51,39,38,47,43,6,41,44,36,48,44,30,43,43,43,47,38,39,39,55,35,52,49,40,40,50,30,48,43,50,20,33,57,47,39,42,52,30,43,22,40,51,40,38,38,41,37,49,24,42,34,31,49,38,45,41,48,42,59,52,21,39,50,46,37,49,47,49,41,38,40,43,46,40,47,49,48,49,53,42,37,42,51,18,41,47,47,32,48,42,24,49,27,44,39,47,32,51,48,39,10,49,48,49,42,41,54,44,47,48,44,50,48,47,51,53,45,45,28,28,47,47,51,51,53,47,49,48,43,43,51,36,39,46,45,0,35,39,41,43,38,43,48,53,20,45,16,45,48,49,32,48,35,56,47,43,45,47,40,44,50,47
17,35,40,44,43,36,32,35,46,29,40,28,32,46,20,32,42,27,33,27,25,21,39,38,24,39,31,24,35,46,38,42,30,30,28,37,43,33,41,32,28,37,42,20,39,30,17,34,21,30,37,38,19,33,35,36,25,34,45,34,24,31,46,22,28,33,45,33,30,32,30,21,39,38,11,42,34,24,42,25,31,41,47,32,51,48,30,29,44,23,42,19,35,20,37,24,28,39,44,40,36,39,18,22,44,25,34,45,42,46,31,42,38,35,33,32,31,39,40,35,40,39,45,34,20,39,32,46,39,43,35,41,43,3,33,25,39,42,42,30,36,33,38,43,41,27,43,42,23,46,42,42,46,42,39,34,29,25,17,41,37,35,0,22,39,26,20,33,39,43,38,45,22,18,39,33,43,38,32,46,42,46,24,32,44,32,38,41
33,35,31,34,45,28,45,32,40,36,40,22,32,39,6,33,44,27,35,33,25,29,38,41,34,28,30,29,35,34,36,36,38,34,33,39,31,46,37,30,29,43,41,36,37,25,29,29,29,32,33,21,31,30,37,25,24,26,38,29,29,33,36,35,22,30,28,28,31,32,33,31,31,37,40,42,31,37,32,24,23,40,46,43,40,40,36,37,45,19,32,29,25,32,37,14,35,41,32,35,21,53,24,11,40,13,47,18,24,43,39,28,28,44,36,40,35,30,29,49,39,21,41,44,24,29,34,31,29,43,32,39,33,22,33,9,24,42,40,26,41,29,46,45,40,46,44,28,33,44,47,36,31,45,33,34,21,31,7,24,35,39,22,0,34,11,20,41,28,25,49,41,35,28,35,37,33,51,35,38,40,33,22,26,43,38,28,40
15,33,35,14,29,50,26,13,29,8,26,22,38,29,16,32,29,12,22,14,28,11,37,37,9,33,28,9,36,38,30,41,21,21,9,25,15,20,36,32,11,31,22,14,36,35,43,19,34,36,45,36,10,19,27,21,37,43,38,37,9,21,48,28,23,26,29,37,17,20,47,12,33,17,30,28,17,20,14,10,34,40,24,27,43,40,14,28,32,30,37,21,31,23,37,43,10,31,22,17,33,32,15,32,26,16,43,24,46,51,24,20,23,21,18,22,34,38,33,29,31,22,27,23,14,27,40,21,36,29,21,33,28,39,27,21,33,31,33,34,33,29,30,33,17,21,29,21,37,34,36,24,21,35,29,19,24,13,24,31,45,41,39,34,0,25,28,30,33,23,47,32,37,14,30,22,38,35,44,42,29,39,34,22,33,22,14,24
31,41,41,25,41,41,36,25,49,25,35,13,29,44,12,35,46,24,34,27,37,26,25,33,32,41,9,30,38,34,30,44,33,32,35,33,33,39,23,40,35,46,32,32,44,7,30,23,36,38,30,21,38,34,29,30,43,19,35,36,26,40,50,38,40,33,16,13,39,38,30,25,38,31,41,44,41,42,33,34,43,41,44,38,37,35,24,39,52,11,18,26,11,29,40,22,36,33,26,34,10,57,30,13,39,12,41,21,42,44,43,27,38,42,40,46,41,11,43,48,50,13,35,45,30,30,40,30,42,42,28,41,38,26,43,6,30,44,43,42,41,38,42,41,36,40,47,27,40,46,47,39,30,50,44,40,12,26,12,48,31,43,26,11,25,0,24,42,46,27,53,43,29,39,35,44,35,50,40,38,43,35,22,44,49,47,23,44
39,31,31,39,43,14,43,33,39,43,33,22,30,48,18,33,40,32,39,41,20,35,44,41,31,32,30,31,39,38,30,36,31,36,43,41,38,36,33,30,31,36,43,40,31,21,28,23,25,28,21,33,17,39,37,31,41,22,32,31,31,35,37,36,30,31,37,18,17,35,13,34,29,38,22,38,35,40,40,32,29,38,45,36,33,44,38,33,44,33,17,28,33,28,34,30,41,31,36,37,21,53,34,25,36,25,46,34,26,42,35,34,34,38,36,36,27,22,30,36,36,31,37,39,34,19,22,31,32,41,44,39,41,21,37,29,35,41,43,22,41,36,33,43,35,36,44,34,23,45,44,32,31,43,41,37,9,36,25,33,21,38,20,20,28,24,0,37,32,44,46,47,35,22,34,31,21,46,30,46,42,38,12,21,42,37,33,46
24,11,11,31,10,51,15,22,15,21,24,32,40,20,29,44,6,25,10,21,33,21,42,50,20,17,40,21,44,45,44,46,31,10,19,16,20,13,22,15,21,22,33,25,16,39,37,26,34,29,52,53,32,25,13,23,34,39,43,31,21,4,37,38,23,22,36,40,32,17,46,23,18,39,23,9,20,18,16,26,16,49,28,2,46,44,21,3,18,40,43,24,41,29,36,45,18,12,21,22,39,48,25,39,23,31,52,27,55,42,5,16,15,18,6,3,36,41,35,15,46,37,24,4,25,38,34,20,14,4,25,7,34,33,4,31,42,17,6,21,6,33,10,10,18,18,19,16,34,19,18,45,20,24,10,10,31,23,33,17,54,43,33,41,30,42,37,0,15,27,41,16,35,39,38,7,34,16,35,55,12,19,41,38,11,10,30,27
27,19,17,39,5,44,21,27,20,26,29,37,48,24,33,32,11,31,24,28,34,20,48,60,20,1,46,19,39,48,49,34,31,24,20,23,29,21,21,23,20,20,42,26,12,44,39,31,28,27,43,49,31,26,14,26,32,43,47,23,20,6,29,31,14,19,40,45,27,7,44,22,30,46,16,11,23,19,17,35,18,44,28,17,53,48,17,14,23,45,44,37,39,35,30,42,22,19,30,23,45,43,33,36,24,40,46,37,48,34,16,20,1,22,20,10,30,43,30,26,54,38,23,13,33,29,34,26,3,11,34,10,42,39,5,35,45,19,10,18,16,38,11,10,28,20,19,20,31,26,22,32,26,26,3,10,31,25,31,11,48,48,39,28,33,46,32,15,0,33,38,17,30,34,42,13,27,20,32,51,13,21,30,28,22,16,37,31
20,10,10,18,28,52,21,35,32,23,24,21,24,34,21,28,22,19,28,27,24,28,24,50,21,26,32,26,44,34,40,44,42,27,26,31,18,21,22,15,27,33,22,23,24,34,44,24,32,21,44,44,32,16,29,18,38,35,28,32,26,28,46,39,13,11,26,28,25,27,41,19,15,38,25,27,17,26,12,15,27,46,35,33,34,31,20,25,28,24,39,32,26,29,22,53,27,12,18,11,29,55,31,32,12,29,46,11,56,45,24,15,30,23,27,23,40,29,39,35,43,35,20,24,32,10,42,12,25,31,29,28,35,43,24,21,25,35,23,19,24,18,22,24,27,17,29,15,36,30,27,25,12,29,32,25,21,32,24,26,36,53,43,25,23,27,44,27,33,0,49,29,35,25,28,27,18,23,40,41,22,9,31,26,32,26,33,23
37,42,44,45,43,32,37,38,47,37,42,41,50,39,45,42,43,38,37,40,32,36,59,55,36,38,52,36,12,59,47,22,40,48,38,50,40,32,50,40,36,48,48,36,37,46,42,44,34,37,47,46,32,29,42,46,22,51,53,22,36,38,45,15,42,43,47,51,18,42,47,38,22,54,28,48,44,29,48,49,33,45,48,40,54,53,43,37,51,56,46,50,51,49,34,44,41,41,45,47,52,25,55,50,42,57,43,43,49,20,39,42,37,34,41,38,20,51,12,45,44,54,32,45,55,39,39,46,37,47,44,43,53,38,35,57,44,49,46,38,43,49,45,43,34,32,48,42,37,48,51,47,46,48,41,41,40,37,50,38,45,20,38,49,47,53,46,41,38,49,0,45,20,35,47,46,29,46,45,51,43,51,46,38,44,43,44,52
27,20,20,34,19,59,22,32,6,27,27,37,47,2,33,45,19,29,17,29,33,25,43,55,25,22,45,25,40,44,50,43,37,16,25,18,26,19,22,22,25,17,34,26,26,42,47,28,38,31,60,53,29,34,19,30,38,55,42,31,25,12,44,40,22,25,38,44,40,27,60,24,25,45,34,26,29,25,29,32,21,52,19,12,45,42,23,14,12,49,53,32,45,34,39,49,27,15,19,25,41,52,34,44,26,35,51,33,59,45,14,23,17,23,11,18,38,41,43,6,44,42,30,15,34,39,44,16,20,19,34,21,40,45,12,34,47,6,17,30,18,38,21,17,21,25,8,23,38,18,10,44,17,18,24,9,39,30,35,20,61,45,45,41,32,43,47,16,17,29,45,0,39,44,41,11,38,20,37,57,13,22,46,43,23,11,38,25
34,32,36,36,41,53,21,26,40,33,26,27,32,40,24,33,37,19,32,31,10,23,49,54,29,32,43,23,29,54,37,10,32,31,26,36,35,18,39,35,15,39,34,33,33,41,29,37,39,28,44,54,22,37,32,43,22,46,49,25,23,36,33,13,32,14,40,41,31,34,49,30,25,47,14,32,20,33,39,26,31,28,42,30,50,42,23,31,43,46,45,32,43,34,16,46,29,40,34,14,46,44,34,45,34,21,18,37,58,24,33,38,31,28,38,30,12,41,22,36,34,36,26,37,33,36,10,32,32,36,27,36,45,22,31,27,19,39,40,34,39,42,34,41,10,26,38,38,39,39,42,34,32,40,32,31,30,27,35,35,44,16,22,35,37,29,35,35,30,35,20,39,0,31,45,34,33,38,28,50,39,38,36,29,32,37,45,34
35,21,21,10,43,36,32,32,44,36,24,32,6,43,34,17,44,18,31,38,20,34,35,49,31,32,27,35,41,37,17,39,28,30,35,41,36,35,22,20,31,42,18,35,35,23,31,36,21,16,35,41,18,38,29,43,30,30,36,26,40,33,45,19,18,31,11,25,12,33,34,26,24,19,26,44,37,33,41,16,33,12,39,38,39,38,30,37,47,40,38,30,21,28,29,38,32,21,28,33,25,39,25,36,33,37,12,6,28,40,33,27,30,32,31,30,22,26,33,37,38,36,37,37,26,18,22,20,34,41,37,39,42,17,35,35,2,41,44,16,47,45,38,43,38,35,44,27,20,41,44,24,20,45,33,34,30,31,33,31,33,45,18,28,14,39,22,39,34,25,35,44,31,0,45,38,25,44,40,41,42,22,9,20,42,36,30,37
31,48,45,38,34,68,30,27,38,23,39,27,42,43,30,45,36,29,31,28,46,21,47,48,21,37,37,21,28,44,35,54,29,35,27,34,28,30,31,40,21,43,32,31,41,41,32,20,23,43,47,45,23,10,32,20,47,45,47,40,20,36,40,28,35,34,37,37,38,33,58,24,41,37,36,34,31,28,14,38,37,58,36,38,47,45,32,34,43,49,44,34,33,34,49,58,28,35,45,36,35,55,35,49,33,33,49,31,49,48,36,38,46,33,35,35,44,43,33,44,48,37,32,34,35,25,43,41,45,38,26,34,6,39,31,33,46,42,33,40,32,8,35,32,29,33,42,38,21,46,43,36,41,44,36,34,31,25,27,39,51,48,39,35,30,35,34,38,42,28,47,41,45,45,0,37,41,42,43,57,36,41,34,27,38,40,31,34
17,9,9,28,15,52,14,23,11,15,20,26,42,11,22,41,13,19,8,17,32,16,41,52,16,16,38,16,32,43,40,44,28,7,16,9,18,11,18,8,16,13,25,16,14,38,35,17,30,19,43,49,20,24,9,24,31,37,41,22,16,5,38,29,13,15,33,38,25,6,44,12,23,32,22,16,15,18,17,22,16,40,22,5,45,42,15,5,14,38,35,26,32,22,38,46,18,14,23,15,31,42,23,37,17,24,44,25,55,46,10,12,16,15,2,6,31,38,31,13,40,35,24,11,23,37,35,8,15,14,31,16,34,33,5,33,42,15,11,18,17,29,8,11,15,17,20,12,30,16,12,39,9,17,8,2,26,24,26,16,45,49,33,37,22,44,31,7,13,27,46,11,34,38,37,0,30,13,33,50,7,15,35,32,18,2,27,22
39,22,16,31,42,39,38,35,38,39,33,31,24,40,29,29,38,36,36,31,17,33,37,54,38,31,33,33,43,43,26,44,39,33,40,41,35,34,35,29,37,37,38,40,28,40,48,30,26,19,39,41,19,30,40,36,29,37,44,24,33,29,36,25,33,35,35,31,17,30,40,42,25,44,19,35,39,37,34,31,28,35,37,33,35,44,34,30,39,41,34,35,37,39,30,31,34,28,39,31,41,32,33,33,33,34,50,41,41,37,32,40,30,34,31,29,27,40,24,36,48,33,36,33,33,6,20,30,26,34,37,39,41,44,30,37,32,37,41,22,38,35,32,42,39,32,38,40,26,45,39,35,29,42,34,30,30,35,32,25,38,32,43,33,38,35,21,34,27,18,29,38,33,25,41,30,0,40,37,37,38,21,25,43,43,30,37,42
27,13,15,27,18,61,24,34,13,24,25,31,48,14,29,47,16,29,14,25,27,30,41,56,30,21,41,30,47,43,43,48,46,15,25,20,32,24,20,14,30,11,36,27,25,38,38,27,36,31,55,56,35,32,18,34,41,47,41,33,30,15,43,36,26,23,34,45,30,18,56,25,26,42,26,17,26,29,32,26,24,52,20,18,47,41,23,19,6,44,46,34,44,36,28,53,26,15,25,22,43,56,33,42,29,34,54,30,60,46,19,19,19,30,13,22,41,38,44,13,44,38,28,15,33,32,39,18,16,17,37,21,39,38,22,38,40,8,14,29,18,39,12,18,22,25,15,18,36,22,6,43,17,13,23,13,35,28,34,20,57,48,38,51,35,50,46,16,20,23,46,20,38,44,42,13,40,0,43,62,18,14,46,38,19,13,38,17
42,35,43,40,41,58,31,36,43,43,36,39,39,42,41,30,40,31,40,41,22,39,41,52,39,36,42,39,32,46,34,43,37,34,41,37,26,26,39,36,39,46,36,41,35,41,27,38,28,34,48,46,31,35,33,40,44,42,48,34,39,37,35,29,27,30,41,44,29,34,38,40,45,40,18,36,24,43,43,41,23,47,44,30,48,47,41,31,41,34,38,38,45,37,40,46,41,37,43,37,43,46,40,37,39,34,48,43,45,45,33,36,28,34,33,38,26,40,30,41,43,41,38,33,40,26,34,36,32,37,6,33,37,32,33,32,37,44,40,30,37,36,31,41,37,16,46,36,33,41,39,37,36,45,34,32,29,41,41,34,46,35,32,35,44,40,30,35,32,40,45,37,28,40,43,33,37,43,0,41,40,39,37,38,40,34,48,43
43,43,43,37,56,45,48,52,60,53,45,38,43,53,36,44,56,52,49,54,55,44,48,20,45,50,43,49,41,42,35,47,52,42,54,57,52,57,51,42,53,58,51,45,53,40,47,45,37,36,28,27,44,57,47,49,41,40,42,47,44,51,47,38,42,54,38,41,42,48,41,45,50,48,58,57,53,57,55,48,49,45,60,52,53,54,50,51,60,29,43,48,29,52,49,40,49,43,48,51,29,59,46,34,49,37,45,45,4,53,53,41,59,54,49,52,58,36,40,56,35,56,58,52,47,43,57,43,52,55,59,56,55,47,56,41,34,54,57,46,58,57,51,56,52,55,56,41,41,59,64,48,43,61,55,49,39,54,37,55,27,56,46,38,42,38,46,55,51,41,51,57,50,41,57,50,37,62,41,0,57,50,44,21,52,53,36,60
24,14,9,39,2,55,19,30,11,28,28,34,40,18,33,42,6,32,18,31,29,28,40,54,22,9,40,22,46,42,42,41,33,19,27,15,31,19,16,15,22,14,35,24,19,44,40,24,38,30,51,49,35,28,15,22,39,46,38,32,28,3,43,37,24,20,36,46,35,12,53,26,20,42,32,3,24,21,24,33,13,51,27,12,48,42,21,12,21,48,46,35,42,33,31,47,30,10,24,22,44,46,31,44,22,35,45,33,56,41,12,24,4,30,7,9,39,41,37,14,47,43,25,4,31,38,37,22,6,6,35,6,30,42,4,33,34,14,1,31,10,28,6,2,28,20,22,24,38,19,16,46,22,13,15,6,35,29,37,9,51,47,42,40,29,43,42,12,13,22,43,13,39,42,36,7,38,18,40,57,0,18,42,40,9,14,34,27
27,2,4,19,14,54,29,26,21,17,20,20,31,19,18,32,14,30,15,25,18,24,39,48,24,21,29,24,35,43,45,52,38,22,18,13,23,20,5,3,18,15,43,28,21,29,46,30,34,20,52,48,30,21,13,28,38,33,41,22,24,18,46,36,8,11,23,30,24,10,48,29,17,40,36,13,17,22,27,21,21,39,35,20,46,39,17,19,18,27,34,41,34,19,12,44,26,4,17,11,33,53,41,30,19,26,39,23,50,48,19,9,24,23,15,17,34,31,38,19,47,27,24,13,41,15,37,6,14,14,36,21,38,46,18,32,31,23,13,20,19,36,8,19,16,12,15,9,36,19,17,48,6,27,19,16,20,30,22,15,51,43,46,33,39,35,38,19,21,9,51,22,38,22,41,15,21,14,39,50,18,0,44,34,25,10,36,22
34,35,29,45,45,14,45,38,41,43,38,8,34,48,16,36,40,34,37,40,28,27,42,41,34,30,22,27,42,46,41,43,41,34,37,39,39,38,37,32,29,39,37,37,35,21,22,33,23,26,33,33,17,35,33,31,43,20,32,31,27,35,42,20,32,37,36,26,17,35,9,42,31,34,24,42,35,39,39,29,31,40,47,36,37,46,38,33,39,21,25,28,31,34,39,26,35,35,37,33,27,43,32,13,36,19,41,31,32,42,35,34,30,40,36,36,29,22,38,36,39,35,40,37,33,27,22,35,33,41,42,39,35,25,37,31,43,41,44,22,38,45,35,45,35,36,47,35,19,45,43,37,35,43,40,37,21,37,5,35,33,45,24,22,34,22,12,41,30,31,46,46,36,9,34,35,25,46,37,44,42,44,0,22,44,37,33,44
31,31,31,20,45,36,35,24,41,29,34,32,10,41,34,10,44,31,38,28,24,23,36,38,23,28,31,23,17,36,29,39,28,31,28,31,33,36,28,30,23,43,29,32,37,33,32,26,34,40,19,36,14,26,28,32,27,31,32,42,23,36,50,20,30,37,21,35,10,39,28,22,38,26,34,38,30,37,32,10,41,12,38,38,45,38,28,43,45,29,29,40,21,21,32,32,28,35,34,38,25,37,35,28,40,40,8,14,28,39,37,35,36,32,32,34,37,35,37,39,38,35,36,34,37,18,29,20,29,35,29,41,27,32,41,40,10,44,41,34,43,26,37,45,34,40,44,35,40,40,45,27,20,41,36,32,39,30,42,39,19,47,32,26,22,44,21,38,28,26,38,43,29,20,27,32,43,38,38,21,40,34,22,0,32,38,28,38
28,18,20,36,9,54,25,32,18,26,30,27,38,25,34,44,13,29,19,27,34,26,50,53,26,22,46,26,39,49,35,40,37,20,26,23,24,23,14,17,26,25,36,27,19,40,45,28,38,22,57,47,40,34,26,30,34,39,49,36,26,19,40,38,29,32,43,44,37,22,41,25,17,44,36,15,24,25,30,32,21,48,28,17,47,50,31,14,19,39,40,33,50,35,35,48,29,19,28,30,48,49,37,34,35,24,36,30,58,46,16,29,21,24,18,6,38,40,36,17,37,40,29,5,37,37,36,29,7,11,30,18,38,44,14,34,22,20,9,31,14,30,20,10,32,24,23,29,36,27,21,42,29,21,24,9,38,31,34,23,55,40,44,43,33,49,42,11,22,32,44,23,32,42,38,18,43,19,40,52,9,25,44,32,0,21,43,26
19,8,10,27,7,51,25,24,9,16,21,25,41,13,23,35,12,19,7,18,18,16,44,53,16,7,37,16,36,43,33,42,27,8,15,10,22,18,17,9,16,11,28,19,10,36,34,18,30,18,42,48,19,24,10,18,31,37,44,27,16,4,36,27,14,14,32,36,23,4,43,13,21,38,22,12,20,21,17,23,7,47,24,7,46,45,16,5,12,39,34,27,37,26,35,43,18,10,24,14,36,46,24,38,16,27,40,26,55,44,12,12,6,21,2,10,31,32,36,11,43,36,27,7,24,30,30,10,8,18,29,23,29,32,5,31,43,13,8,22,13,32,8,7,22,22,11,12,30,20,10,42,9,14,7,2,26,23,29,10,48,44,32,38,22,47,37,10,16,26,43,11,37,36,40,2,30,13,34,53,14,10,37,38,21,0,28,17
9,39,29,18,37,51,31,27,40,22,29,21,29,40,20,30,35,22,25,30,23,19,33,27,19,37,27,19,45,36,29,48,33,24,24,30,23,21,37,28,16,37,19,13,42,32,37,11,27,40,30,28,25,19,26,13,43,35,26,29,19,35,45,26,29,21,32,23,24,34,44,18,38,25,28,34,22,25,17,38,40,44,31,29,38,36,18,27,41,31,32,22,5,16,34,45,28,43,27,21,17,53,24,37,27,21,44,11,38,47,30,23,37,26,27,32,38,26,30,36,36,12,27,35,24,24,39,33,36,33,27,36,29,41,32,23,31,35,34,39,36,22,38,34,28,22,37,23,29,41,40,31,33,41,32,28,23,24,23,42,23,50,38,28,14,23,33,30,37,33,44,38,45,30,31,27,37,38,48,36,34,36,33,28,43,28,0,33
20,24,27,33,26,56,24,26,19,20,25,28,34,21,28,30,30,17,20,22,20,20,39,53,20,25,35,20,51,40,36,37,36,21,20,24,21,26,29,23,20,17,27,19,26,31,44,22,42,28,55,49,30,32,21,22,40,44,42,40,20,24,47,32,32,16,39,37,33,17,52,18,23,39,28,25,15,27,19,32,30,45,10,25,43,44,16,26,29,40,45,27,44,32,38,51,22,26,24,18,39,57,28,38,24,28,41,25,56,52,27,20,26,23,22,21,31,31,40,21,44,33,28,24,28,38,34,16,27,27,33,28,32,41,24,34,37,23,28,27,28,30,21,28,30,21,19,21,43,23,23,35,17,26,30,25,33,34,31,29,54,47,41,40,24,44,46,27,31,23,52,25,34,37,34,22,42,17,43,60,27,22,44,38,26,17,33,0
