0,20,22,12,22,29,10,19,31,10,2,15,16,28,15,18,25,10,10,9,14,12,18,34,12,23,20,12,24,24,16,25,24,9,12,9,6,6,19,11,12,28,10,4,22,20,17,2,20,20,26,27,16,12,9,4,19,28,16,22,12,25,34,18,12,12,14,20,16,18,26,10,11,26,14,20,11,5,12,15,21,24,21,22,18,24,9,23,24,20,24,9,18,15,24,23,13,20,14,12,23,30,11,24,12,17,24,12,35,26,20,9,23,11,19,21,20,20,18,27,24,11,9,21,11,10,20,17,25,24,12,19,16,17,21,17,16,28,25,18,20,18,24,22,7,7,28,9,12,31,30,16,17,32,27,21,15,19,13,22,24,26,17,21,17,24,17,27,23,12,27,29,20,23,22,19,20,25,18,33,25,17,17,21,23,21,9,26
20,0,2,18,10,42,22,29,15,25,10,21,21,18,19,25,10,21,4,23,19,23,38,48,22,14,30,23,31,37,30,32,32,12,18,18,24,19,4,1,23,14,29,22,10,30,32,20,24,9,38,38,22,25,12,17,26,36,35,13,23,13,36,24,7,14,22,30,19,12,39,22,14,38,20,9,16,22,22,21,14,36,23,10,38,36,18,14,14,32,42,30,34,17,13,36,27,2,17,13,33,38,29,32,14,21,31,15,44,32,11,8,10,20,9,10,23,30,26,15,36,27,24,14,28,16,25,6,11,11,29,13,30,30,11,21,25,16,9,7,14,28,9,10,15,20,14,8,24,19,14,30,6,20,13,10,21,29,21,15,38,32,30,23,28,27,30,11,14,10,30,18,26,21,32,9,22,13,30,44,12,2,30,29,15,8,33,23
22,2,0,18,10,42,14,31,17,25,10,21,21,16,19,25,10,23,6,21,20,25,40,48,23,15,30,25,33,37,30,33,34,5,19,10,25,20,6,1,25,16,31,22,10,30,32,20,27,7,39,38,23,28,6,17,25,36,38,15,25,10,35,27,7,16,28,30,19,17,39,21,12,38,21,9,16,21,22,21,14,38,23,10,40,36,18,9,17,32,34,31,34,17,13,36,25,2,15,16,36,38,29,32,9,21,31,15,44,34,12,9,14,22,9,10,26,30,28,16,38,27,23,13,28,16,26,6,19,10,30,11,32,28,11,21,25,14,12,7,13,30,9,10,16,21,14,9,27,18,16,32,6,19,17,13,21,29,21,16,38,33,30,27,29,27,29,12,15,10,34,18,25,21,34,9,16,15,30,44,9,4,30,29,14,10,33,23
12,18,18,0,27,30,19,20,32,16,12,12,8,30,14,8,29,10,15,16,15,17,18,31,17,28,14,17,24,19,6,26,21,14,17,18,14,14,20,17,17,32,2,13,27,21,18,11,19,24,27,29,17,19,12,14,17,27,20,24,17,29,37,20,19,15,2,16,15,30,27,14,12,20,15,24,11,18,14,10,25,12,30,27,18,19,12,26,29,16,25,12,16,14,24,24,23,18,20,15,23,28,14,23,20,16,14,2,32,26,25,10,32,11,24,26,20,21,18,33,12,13,18,27,15,18,19,15,31,25,14,23,21,20,27,16,8,32,31,23,23,21,21,27,15,15,32,10,19,35,32,8,15,35,34,28,12,20,12,27,22,27,18,20,9,23,18,28,28,12,27,30,21,15,24,24,20,25,20,32,31,18,18,17,28,28,11,30
22,10,10,27,0,43,18,28,15,22,21,29,33,18,27,33,4,22,13,20,21,20,36,46,20,6,36,19,30,37,33,29,31,14,18,10,21,17,14,13,20,15,27,22,8,36,31,23,28,19,40,42,22,26,11,25,25,40,36,25,20,4,37,24,19,20,29,36,24,11,42,20,17,36,19,3,19,21,22,27,8,39,28,10,36,37,20,12,19,36,40,25,36,27,23,37,24,16,18,17,36,38,27,36,21,29,39,27,47,33,6,16,6,19,9,4,27,36,27,15,39,31,23,2,27,30,27,17,8,4,25,4,26,33,3,29,33,18,2,19,8,24,6,2,17,15,17,16,28,13,14,33,17,15,8,7,27,28,28,10,42,29,33,33,27,34,31,10,5,25,29,15,25,31,28,9,30,18,27,47,2,14,33,31,5,9,31,26
29,42,42,30,43,0,35,36,52,33,31,20,28,50,30,28,46,38,42,35,34,35,31,34,36,40,33,35,33,30,28,35,40,34,36,35,32,36,42,40,35,51,30,33,43,19,30,31,32,34,15,27,34,37,33,39,35,25,31,30,35,45,43,39,38,31,32,33,34,45,15,36,32,29,33,46,32,32,38,26,43,24,48,39,29,30,39,41,52,33,17,33,33,30,30,10,36,43,34,35,31,32,30,31,40,32,24,30,28,30,46,32,43,34,42,44,36,17,28,52,24,29,34,46,31,37,23,36,39,47,35,45,43,21,45,32,28,50,45,32,47,41,44,44,38,37,51,32,32,52,49,28,36,53,46,40,22,35,19,44,29,27,18,28,26,34,14,47,40,39,29,52,35,24,42,42,39,52,30,28,44,41,14,24,43,45,31,48
10,22,14,19,18,35,0,22,24,10,13,23,25,24,17,25,17,16,18,17,11,12,28,33,12,17,26,12,24,26,25,19,29,17,14,11,12,2,20,16,12,30,19,9,22,26,25,10,21,17,32,32,16,19,11,12,23,27,28,22,12,20,32,18,17,14,24,26,19,22,32,8,13,28,11,14,12,2,12,18,23,31,18,12,26,26,18,12,23,28,30,14,23,16,22,29,18,17,18,17,24,31,11,26,19,22,31,15,37,23,20,10,17,3,13,21,21,26,17,28,31,23,2,19,11,21,15,17,23,14,17,16,27,19,20,20,25,22,15,16,15,16,13,15,7,3,27,10,21,23,25,25,17,27,23,14,22,22,19,16,34,25,19,23,18,30,23,22,17,17,28,23,23,24,27,13,21,21,27,34,15,19,23,24,17,18,23,23
19,29,31,20,28,36,22,0,32,7,24,23,17,31,21,21,34,24,25,9,26,7,31,41,6,32,32,7,32,28,23,28,7,24,7,25,24,21,30,28,7,27,17,14,30,28,27,20,27,26,30,29,22,13,23,22,26,35,33,27,7,28,37,15,29,27,22,33,12,24,30,8,28,30,24,29,27,22,20,24,32,29,25,27,31,29,26,24,33,33,31,23,32,21,27,27,4,23,25,15,29,24,21,29,25,19,31,10,36,35,28,23,33,26,21,29,22,28,26,31,29,28,23,30,24,24,28,27,32,32,19,32,21,22,28,19,18,31,28,26,24,16,26,28,25,20,30,24,27,36,37,25,27,35,30,27,20,1,22,33,34,33,21,20,10,18,21,27,32,28,35,29,27,20,21,20,29,29,20,36,28,24,21,20,24,21,27,30
31,15,17,32,15,52,24,32,0,23,29,38,38,8,32,45,14,23,14,25,32,23,44,52,23,20,46,23,42,45,42,42,37,15,23,17,30,26,22,16,23,4,31,32,19,46,42,28,33,27,50,50,30,36,18,22,36,50,39,32,23,18,39,35,25,26,34,46,30,16,52,21,26,44,34,22,22,29,27,31,17,45,21,16,38,42,22,16,13,45,50,37,44,33,32,46,25,17,19,24,44,47,37,44,25,37,45,31,58,43,19,19,16,30,9,19,35,46,37,4,45,37,31,15,37,33,35,19,13,20,31,17,40,40,12,37,40,4,12,30,13,38,16,13,31,27,2,20,33,13,8,42,18,6,17,9,36,33,39,20,51,42,41,42,27,40,43,21,20,27,42,6,36,38,39,11,33,14,40,58,11,17,44,41,21,9,42,19
10,25,25,16,22,33,10,7,23,0,12,17,17,21,17,25,28,13,17,2,20,1,26,34,1,26,28,1,21,26,25,30,13,16,1,14,10,11,24,20,1,21,13,9,25,22,17,8,25,21,28,32,9,12,14,10,24,30,26,22,1,16,33,11,21,17,21,28,7,14,28,2,18,28,19,24,13,8,8,17,26,29,17,15,26,26,17,18,27,28,26,14,27,17,26,25,3,23,16,9,26,27,17,26,14,18,27,8,37,32,16,17,26,16,13,19,26,22,23,21,31,21,8,20,17,18,26,14,29,25,15,24,16,21,24,19,21,21,22,20,22,14,23,22,10,12,21,18,26,28,27,23,14,28,27,13,17,7,15,21,34,31,21,23,8,24,19,16,26,18,33,21,25,25,18,12,26,22,20,37,22,16,19,21,20,13,22,22
2,10,10,12,21,31,13,24,29,12,0,15,18,28,15,18,20,10,14,11,14,12,16,32,12,23,20,12,24,24,18,25,24,13,12,8,7,11,10,9,12,28,12,6,22,22,19,8,20,13,28,30,16,17,15,12,19,30,16,24,12,19,34,18,10,12,14,20,16,19,28,10,11,26,14,20,9,13,13,17,21,24,26,20,18,24,9,21,25,20,26,11,20,5,24,25,17,10,16,12,24,30,13,24,2,17,24,12,35,26,20,11,25,11,19,18,20,22,18,28,24,11,13,20,13,19,20,9,25,18,14,19,22,19,19,17,18,26,19,19,20,19,19,19,12,12,26,11,19,29,26,18,9,26,27,17,15,22,15,23,26,26,19,21,17,24,19,23,23,12,27,26,20,23,24,19,20,26,20,35,24,10,19,23,23,18,15,23
15,21,21,12,29,20,23,23,38,17,15,0,18,36,2,18,30,13,23,17,15,19,22,22,19,32,9,19,28,23,17,29,25,18,20,21,16,20,24,20,19,34,12,17,31,8,18,13,23,21,15,27,21,21,19,17,23,14,22,21,19,30,34,23,24,13,11,10,21,29,13,20,20,18,20,30,17,18,21,10,31,24,31,23,20,23,16,24,35,12,14,17,10,12,20,10,21,21,18,11,10,33,14,12,21,3,24,12,30,30,28,15,30,20,26,27,24,10,24,36,24,14,18,30,15,23,24,15,32,32,18,29,24,11,29,3,18,34,29,18,31,24,27,30,20,19,34,15,24,37,32,18,15,37,36,26,3,18,1,31,27,30,8,12,10,9,6,32,32,17,29,35,23,14,30,26,23,34,19,30,29,21,4,14,31,27,16,26
16,21,21,8,33,28,25,17,38,17,18,18,0,39,20,2,30,14,32,22,14,15,17,30,15,28,17,15,20,20,2,24,25,28,20,27,20,18,22,20,15,39,6,19,27,21,16,20,22,26,22,25,18,23,27,20,15,26,19,26,15,31,33,19,19,18,7,17,14,31,23,14,18,23,14,32,18,24,19,16,27,6,33,33,17,20,20,33,43,15,24,18,17,18,23,20,20,21,27,20,23,30,20,23,27,19,6,6,28,24,31,27,32,15,30,32,15,21,13,39,8,16,24,33,20,20,15,20,35,37,19,29,23,16,33,20,2,39,32,24,31,24,34,33,18,18,40,27,20,41,41,2,20,42,35,31,18,24,18,33,14,25,14,16,17,24,14,37,28,22,21,39,16,6,24,30,23,33,16,28,32,21,14,10,28,31,14,29
28,18,16,30,18,50,24,31,8,21,28,36,39,0,32,42,17,21,17,33,31,25,44,53,25,19,47,25,40,46,40,37,37,17,25,18,31,27,21,18,25,6,29,25,20,46,39,27,34,28,51,49,35,34,19,23,34,51,41,31,25,23,34,39,25,28,35,45,37,18,53,26,22,47,33,22,26,28,27,35,20,46,21,15,38,45,21,16,2,45,51,35,43,32,31,42,25,17,26,26,45,41,36,44,27,36,46,31,57,41,18,20,19,27,13,20,36,44,33,2,44,34,29,15,35,34,36,17,19,20,36,22,38,43,15,37,38,6,22,28,22,36,16,22,26,27,8,19,34,17,12,39,18,14,19,11,36,29,37,21,51,37,44,41,28,40,42,20,19,26,39,2,34,40,39,11,34,12,38,56,18,20,43,40,19,13,42,19
15,19,19,14,27,30,17,21,32,17,15,2,20,32,0,16,31,15,19,18,13,19,23,21,19,28,9,19,28,21,20,27,28,18,17,18,16,18,17,18,19,32,7,17,28,9,22,9,22,21,27,15,20,20,17,15,21,13,21,24,19,28,36,22,23,12,11,9,19,27,27,18,19,23,18,28,15,16,19,14,29,26,30,25,23,21,14,26,31,9,13,16,9,2,24,24,20,17,20,14,9,33,2,9,17,2,24,6,26,30,26,13,33,19,26,27,24,9,22,34,24,16,16,28,5,25,24,13,32,26,14,27,24,19,28,2,16,30,32,22,29,22,27,27,19,18,30,13,23,37,31,18,13,35,31,29,2,17,2,30,27,28,18,6,14,8,18,28,28,15,32,30,22,20,29,26,25,31,21,26,31,17,16,20,29,27,14,24
18,25,25,8,33,28,25,21,45,25,18,18,2,42,16,0,30,16,30,20,14,21,17,30,22,28,17,21,20,20,4,24,25,28,20,27,20,18,31,23,21,38,8,19,27,21,16,20,22,26,23,25,18,23,27,20,15,26,19,24,21,31,33,19,19,18,8,17,10,31,23,18,18,21,14,32,18,24,19,16,27,8,34,33,17,20,20,33,40,17,24,18,17,18,26,20,24,27,26,20,23,30,20,23,27,19,8,6,28,24,31,27,30,15,30,32,15,21,13,37,10,15,24,33,20,20,15,22,29,37,19,29,23,16,33,20,2,40,32,18,31,24,32,33,18,18,38,27,20,41,41,4,22,42,30,31,18,24,18,28,16,25,14,16,15,23,14,35,28,22,21,39,16,13,24,30,23,37,16,28,32,28,14,11,28,31,13,30
25,10,10,29,4,46,17,34,14,28,20,30,30,17,31,30,0,26,13,21,18,21,40,51,21,7,40,21,31,42,32,29,31,14,19,18,22,19,14,16,21,19,29,25,7,41,32,28,27,19,40,42,23,25,17,19,25,44,38,25,21,5,35,25,18,16,27,40,21,11,42,22,14,40,22,7,20,25,23,29,7,37,25,6,40,42,22,13,16,40,43,27,40,29,25,37,32,14,22,14,41,38,32,40,22,34,37,29,47,29,8,18,6,20,9,5,24,41,25,16,37,35,27,8,32,26,24,18,8,10,26,4,32,33,6,32,32,18,3,19,6,28,8,4,14,20,17,18,27,11,14,32,18,13,9,8,34,31,34,11,41,29,33,33,29,40,31,6,7,19,30,14,25,31,30,9,26,16,29,48,2,14,33,31,7,8,35,25
10,21,23,10,22,38,16,24,23,13,10,13,14,21,15,16,26,0,16,16,10,13,24,37,12,22,24,13,24,25,14,18,27,15,13,16,10,7,20,14,13,23,8,8,21,27,24,12,13,15,33,31,14,13,15,10,14,33,24,23,13,22,33,18,14,6,12,24,12,13,33,8,8,28,10,19,4,14,7,19,19,20,18,15,24,25,6,18,31,22,33,16,22,18,23,30,19,21,16,6,26,30,18,25,17,13,20,10,38,24,14,15,24,6,12,21,13,27,12,24,20,19,14,20,18,15,18,11,22,26,13,18,19,24,20,17,14,20,26,16,18,15,23,22,10,10,20,15,15,29,30,14,10,31,28,13,13,24,13,21,28,22,24,22,10,27,24,26,22,10,24,22,16,16,21,13,15,23,23,38,26,15,24,25,22,13,17,17
10,4,6,15,13,42,18,25,14,17,14,23,32,17,19,30,13,16,0,19,17,17,40,42,17,14,34,17,34,37,31,33,34,1,22,3,18,12,9,7,17,13,23,17,13,32,31,21,24,11,35,36,26,28,3,10,26,36,38,13,17,9,37,28,7,13,21,32,25,11,35,14,15,36,20,10,12,22,18,24,11,38,24,9,40,37,12,10,14,36,40,31,39,15,13,32,19,8,12,12,37,39,25,35,9,25,38,18,42,34,11,6,14,21,8,9,28,32,27,13,37,27,23,10,25,22,28,9,15,15,25,12,32,21,10,25,29,15,10,9,11,24,11,11,17,18,13,6,27,20,15,31,9,18,15,9,25,26,23,15,40,32,21,28,21,27,26,10,14,18,34,19,26,26,27,8,27,14,29,42,13,10,26,26,13,7,30,19
9,23,21,16,20,35,17,9,25,2,11,17,22,33,18,20,21,16,19,0,13,3,28,37,3,29,30,3,25,28,22,28,15,18,3,16,13,14,19,20,3,23,19,11,28,28,17,12,23,24,30,32,8,15,18,14,22,35,26,26,3,20,30,10,22,19,21,30,11,16,30,4,16,33,16,23,20,14,12,24,28,28,19,17,26,28,20,20,29,29,31,17,29,20,26,27,3,24,18,14,28,26,20,29,19,22,27,10,37,30,21,19,26,19,17,21,24,28,22,23,28,22,18,20,19,23,24,16,26,30,19,23,19,21,22,22,20,23,23,23,22,17,27,20,13,18,23,20,23,32,31,22,16,30,29,17,20,9,22,24,31,28,21,23,11,25,21,18,29,15,30,26,22,25,21,16,23,25,18,37,23,21,21,20,21,17,23,23
14,19,20,15,21,34,11,26,32,20,14,15,14,31,13,14,18,10,17,13,0,14,24,38,17,16,26,14,18,24,16,16,29,23,19,20,15,10,25,20,14,32,15,12,17,27,20,16,11,14,29,29,12,12,20,13,10,30,24,16,14,22,31,14,12,4,20,26,5,20,29,17,12,29,4,24,10,7,15,20,15,20,26,20,24,24,12,22,33,24,29,17,24,19,17,26,24,22,19,8,26,27,15,26,22,14,22,15,34,14,23,19,16,10,26,22,6,27,10,31,22,21,12,25,15,7,6,20,21,27,20,23,19,20,23,20,16,33,23,14,24,18,26,23,4,11,31,19,9,33,33,16,20,28,27,20,22,27,21,19,23,16,20,13,20,20,20,23,16,15,14,32,6,18,23,26,9,31,22,34,22,21,15,21,18,21,19,26
12,23,25,17,20,35,12,7,23,1,12,19,15,25,19,21,21,13,17,3,14,0,25,35,1,16,23,1,13,28,23,23,13,16,1,15,10,13,26,19,1,21,17,10,17,28,23,9,17,19,34,34,5,12,16,11,22,30,25,22,1,16,34,7,16,11,22,23,7,14,34,2,17,30,14,19,13,10,9,21,19,29,17,15,24,28,14,18,24,26,32,17,26,18,23,31,3,25,21,17,28,23,18,28,21,24,25,9,39,22,18,17,16,13,13,17,19,28,22,21,29,21,9,20,18,18,20,14,16,25,18,23,16,25,16,24,15,21,20,18,18,14,25,20,12,11,21,18,17,26,28,23,14,29,25,13,24,7,21,20,32,28,25,25,9,34,25,16,16,17,23,24,22,27,18,12,17,22,26,39,18,24,25,15,18,13,21,21
18,38,40,18,36,31,28,31,44,26,16,22,17,44,23,17,40,24,40,28,24,25,0,26,26,37,12,25,27,14,18,29,29,31,26,30,21,25,39,25,25,42,18,20,36,18,24,24,28,34,23,25,26,32,30,26,26,22,10,35,25,39,36,28,26,30,19,12,26,39,23,24,25,18,27,34,29,27,28,23,35,25,40,36,6,12,23,37,40,12,21,21,11,22,35,28,32,34,22,26,18,36,23,18,30,22,24,18,26,28,34,31,40,29,33,35,26,18,25,44,25,11,26,36,23,28,26,31,41,43,22,33,32,23,35,23,18,43,40,33,34,30,38,36,26,30,43,31,28,41,44,18,31,40,45,39,22,30,22,38,18,29,21,22,23,22,23,43,37,26,31,40,27,23,32,33,30,44,23,25,40,31,23,24,37,39,13,40
34,48,48,31,46,34,33,41,52,34,32,22,30,53,21,30,51,37,42,37,38,35,26,0,35,48,22,35,39,23,33,40,41,39,35,38,35,35,49,39,35,52,28,36,47,27,36,28,37,42,18,18,38,33,38,30,39,32,28,43,35,49,50,40,42,40,32,22,36,48,27,34,38,24,38,47,42,35,32,31,48,32,45,44,26,23,35,45,57,24,31,35,12,26,43,33,37,44,39,38,16,42,27,27,37,22,34,29,21,41,45,39,51,41,45,47,38,26,40,52,35,27,33,47,28,38,38,39,53,50,35,46,36,33,48,21,32,52,51,41,48,34,46,47,36,41,50,39,38,56,53,33,39,55,52,48,23,38,22,49,13,41,31,33,31,30,31,49,48,40,40,53,40,33,36,45,42,52,36,12,51,39,31,32,48,48,19,49
12,22,23,17,20,36,12,6,23,1,12,19,15,25,19,22,21,12,17,3,17,1,26,35,0,15,23,1,13,28,22,27,13,16,1,15,10,13,26,21,1,21,17,10,17,28,22,9,16,19,33,33,5,12,16,11,19,29,25,22,1,16,34,7,15,14,21,23,7,13,33,2,17,30,13,19,15,12,9,21,19,27,17,15,24,28,14,18,23,26,31,17,26,18,22,30,2,25,23,17,28,23,18,28,21,23,25,9,38,24,18,17,15,15,13,17,19,28,21,21,28,21,9,20,18,18,20,12,15,25,17,19,20,24,16,23,15,21,20,17,18,18,24,20,11,12,21,18,16,27,28,22,12,29,25,13,23,7,20,17,31,27,24,24,9,33,24,16,15,17,24,24,18,26,20,12,17,22,25,38,18,22,24,21,18,13,21,24
23,14,15,28,6,40,17,32,20,26,23,32,28,19,28,28,7,22,14,29,16,16,37,48,15,0,37,16,25,38,28,26,28,12,20,15,19,15,18,13,16,19,27,21,4,38,28,24,20,15,36,38,17,20,17,23,20,41,37,21,16,6,33,19,14,16,32,37,19,6,38,18,22,37,18,6,18,21,17,28,6,34,30,13,37,38,22,13,16,36,41,23,36,28,21,33,33,17,17,19,38,38,28,38,27,33,34,27,43,28,7,16,1,18,6,7,22,38,22,21,34,32,23,10,28,25,22,17,3,15,25,7,32,29,6,33,28,17,6,15,7,28,9,5,19,20,15,15,20,16,16,28,17,20,7,5,33,29,30,3,37,26,29,28,28,43,27,16,1,24,24,19,22,27,33,6,25,22,29,43,5,19,29,27,5,6,31,30
20,30,30,14,36,33,26,32,46,28,20,9,17,47,9,17,40,24,34,30,26,23,12,22,23,37,0,26,28,17,15,31,26,31,26,30,23,25,31,27,26,44,16,23,36,5,25,24,30,34,23,25,26,34,30,26,28,10,13,35,26,39,40,27,27,26,14,2,26,39,23,24,24,14,27,34,29,27,28,21,35,20,39,36,8,16,23,37,46,8,18,22,8,23,35,28,32,30,30,26,19,36,23,19,32,10,21,16,25,31,34,30,39,29,33,35,28,19,27,44,20,7,27,36,24,30,27,28,42,41,23,33,32,24,36,10,17,44,40,32,35,31,37,36,26,30,44,30,30,45,43,17,28,43,45,39,10,28,9,38,16,32,22,24,19,9,23,40,37,26,32,43,29,22,33,33,28,43,24,25,40,28,22,22,37,39,13,37
12,23,25,17,19,35,12,7,23,1,12,19,15,25,19,21,21,13,17,3,14,1,25,35,1,16,26,0,13,28,23,28,13,16,1,15,10,11,26,19,1,21,13,10,17,28,23,9,17,19,34,34,5,12,16,11,22,30,25,23,1,16,34,7,16,11,22,23,7,14,34,2,17,30,14,19,13,10,9,21,19,29,17,15,24,28,17,18,24,26,32,17,26,18,23,31,3,25,22,16,28,23,18,28,21,24,25,9,39,22,18,17,16,13,13,17,19,28,22,21,29,21,9,19,18,18,20,14,16,21,18,20,16,25,16,24,15,21,20,18,18,14,25,20,14,11,21,18,17,30,26,23,14,29,21,13,24,7,21,20,32,28,25,25,9,34,25,16,16,17,23,24,22,27,18,12,17,22,26,39,18,24,25,15,19,13,21,24
24,31,33,24,30,33,24,32,42,21,24,28,20,40,28,20,31,24,34,25,18,13,27,39,13,25,28,13,0,28,23,16,21,39,20,33,22,31,35,32,25,44,25,24,32,28,23,30,20,32,33,32,14,23,33,29,9,29,24,26,25,33,26,10,26,34,19,27,8,29,33,26,21,32,22,33,31,26,25,20,32,20,39,39,24,28,33,39,44,28,31,21,28,27,26,25,25,33,38,31,27,10,27,27,33,30,22,25,38,14,39,39,30,30,38,33,16,28,18,44,22,24,30,35,25,20,18,39,28,40,25,38,28,24,34,30,23,36,36,30,34,30,39,35,33,35,43,39,18,44,45,23,39,45,37,38,30,26,27,31,32,19,25,25,29,31,25,41,31,27,7,41,18,21,33,38,20,45,20,38,32,32,25,17,33,36,26,36
24,37,37,19,37,30,26,28,45,26,24,23,20,46,21,20,42,25,37,28,24,28,14,23,28,38,17,28,28,0,21,29,31,29,27,28,25,25,35,31,28,43,19,26,37,18,24,20,30,32,22,25,27,34,28,26,27,22,4,33,28,40,39,29,32,30,20,17,26,41,22,27,24,15,24,36,29,25,28,20,38,26,36,34,4,2,25,35,41,14,21,26,14,19,33,26,29,34,22,26,19,38,21,19,30,21,25,18,24,30,35,28,42,29,35,37,28,17,28,43,26,17,25,37,20,30,28,29,42,41,25,36,32,23,38,22,20,43,41,31,38,31,36,37,26,25,42,28,30,41,39,21,28,40,43,41,18,28,20,39,20,30,21,23,20,18,21,38,38,26,30,43,28,22,33,35,28,40,26,24,41,29,21,21,38,40,15,38
16,30,30,6,33,28,25,23,42,25,18,17,2,40,20,4,32,14,31,22,16,23,18,33,22,28,15,23,23,21,0,24,23,28,22,27,20,20,30,25,23,35,6,19,27,21,16,20,22,26,23,25,18,23,27,22,17,26,19,26,23,28,33,19,21,16,5,17,16,29,23,20,18,22,16,32,16,24,21,16,27,6,30,33,17,20,16,33,45,15,24,18,17,18,26,20,28,26,27,20,23,30,20,23,28,19,10,8,28,24,31,20,32,18,30,32,17,21,15,38,6,16,24,33,21,22,17,23,37,33,19,29,25,16,33,20,2,38,32,24,31,24,31,33,20,20,36,20,22,37,36,2,23,42,36,31,18,23,18,33,16,25,14,16,15,21,14,37,28,20,25,39,18,11,26,30,23,40,16,28,32,29,14,13,27,31,14,29
25,32,33,26,29,35,19,28,42,30,25,29,24,37,27,24,29,18,33,28,16,23,29,40,27,26,31,28,16,29,24,0,36,29,30,28,25,20,37,26,28,42,26,28,29,31,21,26,18,29,30,29,25,23,28,24,10,32,28,28,28,32,25,27,24,20,29,29,18,31,30,27,16,33,18,34,16,29,27,30,29,19,37,34,28,28,25,36,43,29,32,27,29,29,28,20,37,34,26,23,29,16,29,29,33,32,19,26,36,4,31,28,31,20,32,34,6,29,12,41,19,26,18,31,28,20,16,29,31,38,32,33,30,22,35,32,20,39,28,27,33,26,36,31,20,16,40,28,19,40,41,20,29,43,34,33,32,35,29,34,24,2,23,25,30,37,25,38,30,26,10,39,10,26,31,32,18,42,28,35,31,31,25,26,26,33,26,37
24,32,34,21,31,40,29,7,37,13,24,25,25,37,28,25,31,27,34,15,29,13,29,41,13,28,26,13,21,31,23,36,0,32,12,30,27,24,36,33,13,37,24,22,30,33,27,28,29,33,36,38,21,20,31,30,32,38,32,37,13,32,37,21,31,27,26,31,19,28,36,14,32,33,29,31,30,25,23,28,32,24,29,35,30,32,32,35,47,29,36,26,29,24,37,34,13,37,36,33,31,26,26,33,37,26,28,18,37,36,30,29,34,32,27,31,31,33,32,39,30,27,30,31,30,30,33,33,36,37,23,30,24,30,32,26,24,33,33,32,34,23,33,32,27,28,33,29,31,42,41,25,33,39,38,27,28,6,30,30,30,35,29,27,16,29,29,36,30,34,31,35,32,29,25,26,28,34,25,37,33,35,29,21,29,27,27,36
9,12,5,14,14,34,17,24,15,16,13,18,28,17,18,28,14,15,1,18,23,16,31,39,16,12,31,16,39,29,28,29,32,0,18,2,17,9,13,2,16,14,22,16,14,27,29,13,21,10,33,35,20,19,2,15,23,29,31,12,16,10,34,22,6,14,20,31,21,12,31,13,14,27,17,13,14,14,17,18,14,34,21,7,31,29,12,8,15,31,31,24,31,14,14,28,18,9,9,11,29,35,20,29,15,22,34,17,40,30,10,5,12,14,7,9,24,27,24,14,34,26,16,10,20,23,24,7,16,15,23,12,24,24,10,22,28,14,11,10,11,22,10,11,14,13,14,5,21,19,16,28,7,18,13,8,20,27,20,16,37,29,24,26,18,26,24,10,15,17,28,18,23,24,27,7,23,15,28,40,14,9,22,24,13,8,26,21
12,18,19,17,18,36,14,7,23,1,12,20,20,25,17,20,19,13,22,3,19,1,26,35,1,20,26,1,20,27,22,30,12,18,0,17,14,13,24,14,1,21,19,10,20,31,22,9,16,22,33,33,4,12,16,10,21,32,28,25,1,17,29,6,18,13,21,29,10,14,33,2,12,30,15,19,16,14,9,25,22,28,17,20,28,31,16,20,26,30,34,19,30,18,25,30,3,21,22,11,31,26,22,31,16,23,22,9,38,23,20,17,19,15,13,19,18,31,21,21,28,25,13,20,22,18,21,14,24,27,19,20,16,24,20,25,20,21,24,20,22,14,23,20,10,11,21,18,16,30,28,22,14,29,25,15,24,6,24,22,31,27,24,24,9,34,24,16,19,12,23,26,21,26,18,12,16,22,22,38,17,19,24,20,17,13,23,24
9,18,10,18,10,35,11,25,17,14,8,21,27,18,18,27,18,16,3,16,20,15,30,38,15,15,30,15,33,28,27,28,30,2,17,0,17,9,11,11,17,17,20,16,17,28,26,13,22,13,34,34,21,20,2,15,22,30,30,19,17,13,33,23,13,13,20,30,20,13,34,12,13,28,16,10,11,9,16,19,12,33,21,13,30,28,14,12,22,30,32,21,30,15,19,31,17,12,10,11,28,34,19,28,9,21,33,19,39,29,15,5,18,13,9,15,23,28,23,18,33,21,11,10,19,22,21,8,16,12,21,12,22,25,13,21,27,17,10,14,11,22,12,10,12,12,17,5,22,20,21,27,8,20,18,10,21,23,21,13,36,26,25,25,19,28,25,14,16,14,29,20,20,25,26,9,22,20,26,39,10,5,25,25,16,10,22,21
6,24,25,14,21,32,12,24,30,10,7,16,20,31,16,20,22,10,18,13,15,10,21,35,10,19,23,10,22,25,20,25,27,17,14,17,0,10,25,15,10,28,14,6,20,23,17,10,20,20,29,31,12,17,17,12,20,31,21,25,10,23,28,14,17,13,16,21,15,22,29,9,13,27,15,20,13,13,12,18,20,26,20,13,21,25,12,16,31,23,27,11,23,16,25,26,15,23,16,13,25,28,16,25,13,18,26,12,36,23,18,16,25,13,14,20,19,23,19,28,26,14,13,21,16,20,21,18,24,26,9,18,23,18,21,18,18,26,24,19,21,20,24,21,12,11,29,16,20,30,28,20,18,31,27,20,16,22,16,22,29,27,18,22,18,25,20,21,21,13,25,28,21,24,25,16,18,29,17,36,24,18,20,22,21,18,18,23
6,19,20,14,17,36,2,21,26,11,11,20,18,27,18,18,19,7,12,14,10,13,25,35,13,15,25,11,31,25,20,20,24,9,13,9,10,0,16,8,10,24,14,5,16,27,24,11,15,15,33,33,14,13,11,7,14,31,25,21,10,19,31,16,11,6,16,25,9,18,33,7,6,28,6,14,4,2,7,19,16,24,18,10,25,25,5,10,25,23,31,14,23,18,21,30,17,14,9,4,27,28,11,27,14,20,26,14,38,18,11,11,17,2,11,16,14,27,14,24,26,20,4,17,11,13,14,12,18,19,15,15,15,17,17,20,20,22,17,14,15,15,19,17,4,2,22,11,13,25,25,20,12,25,20,12,20,17,20,16,27,20,17,24,16,29,24,17,17,7,20,20,14,25,17,11,15,23,23,38,17,12,24,25,18,13,18,22
19,4,6,20,14,42,20,30,22,24,10,24,22,21,17,31,14,20,9,19,25,26,39,49,26,18,31,26,35,35,30,37,36,13,24,11,25,16,0,5,26,19,32,21,22,30,34,24,27,15,39,39,27,28,17,24,23,38,40,20,26,11,37,29,6,17,26,31,27,15,39,26,17,36,23,17,15,22,23,24,22,38,29,18,42,38,22,17,18,33,41,24,33,14,17,34,22,6,17,17,28,40,20,32,16,27,32,17,46,36,15,17,14,24,14,14,30,31,30,22,38,24,24,15,22,23,30,8,14,13,32,21,33,30,15,17,22,22,13,13,15,32,12,14,23,24,19,17,29,22,18,32,7,25,12,20,23,21,25,12,40,35,30,29,27,19,30,11,18,12,36,22,29,24,36,14,29,18,33,46,13,5,30,30,12,12,32,29
11,1,1,17,13,40,16,28,16,20,9,20,20,18,18,23,16,14,7,20,20,19,25,39,21,13,27,19,32,31,25,26,33,2,14,11,15,8,5,0,16,20,19,15,12,29,28,17,21,10,37,37,18,19,11,13,20,35,25,20,16,14,35,20,6,12,21,27,17,11,37,13,11,31,14,11,11,16,13,20,12,29,24,11,27,31,11,13,16,27,35,20,27,16,12,34,24,1,12,12,31,32,22,31,14,20,30,14,42,26,11,8,14,9,8,12,20,29,19,15,31,20,18,12,22,17,20,5,15,11,20,10,23,28,11,20,24,20,10,10,11,21,9,10,10,10,15,8,19,18,15,25,5,20,13,10,22,28,20,15,31,26,28,24,22,26,28,15,14,11,26,20,20,20,23,8,21,14,26,42,13,3,28,28,13,9,22,24
12,23,25,17,20,35,12,7,23,1,12,19,15,25,19,21,21,13,17,3,14,1,25,35,1,16,26,1,25,28,23,28,13,16,1,17,10,10,26,16,0,21,13,10,17,28,23,9,17,19,34,34,5,12,16,16,22,30,25,23,1,16,34,7,16,11,22,23,7,14,34,2,17,30,14,19,13,10,9,21,19,27,17,15,24,28,8,18,24,26,32,17,26,18,23,31,3,25,21,9,28,23,18,28,21,24,29,9,39,22,18,17,16,13,13,17,19,28,22,21,29,21,9,20,18,18,20,12,16,21,18,20,16,25,16,24,15,21,20,18,18,14,25,20,12,11,21,18,17,30,28,23,12,28,21,13,24,7,21,20,32,28,25,25,9,29,25,16,16,17,23,24,22,23,18,12,17,22,26,39,18,24,25,21,18,13,21,17
28,14,16,32,15,51,30,27,4,21,28,34,39,6,32,38,19,23,13,23,32,21,42,52,21,19,44,21,44,43,35,42,37,14,21,17,28,24,19,20,21,0,26,27,20,43,41,23,34,28,51,50,37,35,17,26,35,47,37,26,23,13,37,39,25,26,34,43,27,13,52,19,22,42,34,24,25,28,25,33,20,46,18,20,37,45,20,20,4,44,50,32,43,29,26,44,25,16,25,26,44,45,35,43,24,34,45,27,58,42,19,20,19,29,18,16,36,43,36,2,44,35,29,17,35,34,36,25,17,18,34,18,39,40,15,37,39,8,19,27,15,35,18,15,26,28,2,20,34,16,10,37,25,16,15,20,34,29,34,23,52,41,40,44,27,40,43,17,17,28,42,8,35,42,41,20,34,11,39,57,19,15,43,39,20,11,43,17
10,29,31,2,27,30,19,17,31,13,12,12,6,29,7,8,29,8,23,19,15,17,18,28,17,27,16,13,25,19,6,26,24,22,19,20,14,14,32,19,13,26,0,11,27,21,16,14,18,25,27,29,17,19,21,12,20,27,18,23,17,27,37,20,19,13,4,16,15,23,27,14,12,20,15,24,11,18,14,10,25,12,22,27,18,19,10,27,34,14,25,10,16,11,24,24,21,26,20,15,23,32,14,23,18,9,12,2,32,26,25,20,32,11,18,26,20,21,18,28,12,13,18,25,14,18,19,22,31,31,12,23,23,20,23,16,6,28,27,23,23,21,29,27,15,15,28,20,19,35,33,6,22,30,25,19,14,22,9,27,20,27,18,19,10,21,18,29,28,14,27,31,21,17,24,19,19,35,20,32,31,22,18,17,26,21,9,23
4,22,22,13,22,33,9,14,32,9,6,17,19,25,17,19,25,8,17,11,12,10,20,36,10,21,23,10,24,26,19,28,22,16,10,16,6,5,21,15,10,27,11,0,22,22,15,6,21,21,28,31,16,10,13,8,18,30,20,24,10,23,33,18,16,14,15,23,18,16,28,9,12,28,16,19,12,3,14,17,20,25,20,21,21,26,12,22,23,23,26,5,22,17,26,25,10,23,16,14,26,30,14,26,14,19,25,13,37,27,20,13,23,10,18,21,20,22,17,26,25,15,7,20,14,14,22,19,24,23,11,18,14,20,20,19,17,27,24,20,18,20,25,22,6,6,27,13,16,30,29,17,19,31,25,18,17,16,15,22,28,28,20,23,16,26,19,26,23,14,29,27,22,25,24,18,22,25,17,37,24,19,19,22,22,20,13,25
22,10,10,27,8,43,22,30,19,25,22,31,27,20,28,27,7,21,13,28,17,17,36,47,17,4,36,17,32,37,27,29,30,14,20,17,20,16,22,12,17,20,27,22,0,36,27,23,20,15,38,38,18,20,16,22,21,41,35,21,17,4,35,20,13,16,31,35,20,8,38,18,19,36,15,7,18,20,22,27,2,33,29,10,35,37,21,10,20,35,40,24,35,28,21,35,30,15,17,20,37,37,27,37,25,33,33,26,43,27,3,16,4,18,6,5,23,36,23,20,33,30,22,6,27,22,23,17,6,13,25,7,30,29,6,33,27,18,7,15,8,29,13,8,20,17,20,15,20,16,15,27,17,20,14,6,32,32,29,6,36,27,29,29,27,42,29,14,4,22,27,11,21,29,32,6,22,21,23,43,7,17,27,29,4,5,30,29
20,30,30,21,36,19,26,28,46,22,22,8,21,46,9,21,41,27,32,28,27,28,18,27,28,38,5,28,28,18,21,31,33,27,31,28,23,27,30,29,28,43,21,22,36,0,21,22,32,28,10,22,28,35,26,30,30,7,17,29,28,40,37,30,32,23,22,17,28,39,10,27,28,15,28,37,32,25,30,19,38,25,37,32,16,18,27,33,46,17,7,25,19,25,29,11,26,30,24,26,16,37,25,14,26,10,25,25,28,34,35,25,38,32,35,37,31,2,31,43,25,18,25,37,26,32,31,27,41,41,23,36,34,13,38,10,21,43,41,27,38,33,34,37,26,31,42,25,32,44,43,21,27,43,41,38,10,26,8,39,25,34,10,21,21,7,9,40,38,30,32,43,31,17,35,35,35,42,22,28,41,28,8,17,38,41,24,37
17,32,32,18,31,30,25,27,42,17,19,18,16,39,22,16,32,24,31,17,20,23,24,36,22,28,25,23,23,24,16,21,27,29,22,26,17,24,34,28,23,41,16,15,27,21,0,26,27,26,22,26,17,28,28,26,19,27,21,27,23,30,30,17,24,24,22,24,20,30,22,22,23,27,18,30,23,23,26,21,27,22,31,33,21,25,25,33,42,24,23,10,24,22,27,19,19,33,28,24,24,21,22,24,29,24,22,20,32,30,29,28,32,21,29,32,22,19,21,36,22,20,26,31,21,27,22,29,35,35,20,31,28,15,33,22,16,37,30,25,33,28,34,31,24,22,36,29,27,41,39,16,28,41,35,29,22,27,18,31,25,24,16,18,23,29,14,35,28,26,30,39,22,19,27,29,27,38,15,32,30,28,14,19,26,30,22,31
2,20,20,11,23,31,10,20,28,8,8,13,20,27,9,20,28,12,21,12,16,9,24,28,9,24,24,9,30,20,20,26,28,13,9,13,10,11,24,17,9,23,14,6,23,22,26,0,18,17,28,24,18,10,13,2,20,28,24,21,11,19,33,20,13,14,16,24,16,23,28,9,14,18,15,22,11,8,6,14,24,26,20,17,24,20,7,18,27,24,26,11,18,9,22,25,16,16,15,14,18,31,7,18,6,11,26,13,29,28,21,10,24,9,17,23,22,22,21,27,26,19,11,19,7,8,22,12,26,23,15,22,14,19,23,11,20,26,27,17,23,12,17,23,14,9,23,10,20,31,29,20,12,28,24,22,15,19,13,20,28,27,19,15,15,22,19,20,24,12,29,25,21,21,16,17,21,24,21,29,27,15,19,21,24,18,11,20
20,24,27,19,28,32,21,27,33,25,20,23,22,34,22,22,27,13,24,23,11,17,28,37,16,20,30,17,20,30,22,18,29,21,16,22,20,15,27,21,17,34,18,21,20,32,27,18,0,29,32,29,16,12,25,8,14,27,23,20,16,27,28,17,21,17,21,25,15,30,33,18,18,24,15,31,16,20,14,22,27,28,34,30,23,27,19,30,37,25,29,19,25,18,21,30,28,32,24,19,25,29,18,25,22,20,28,18,31,18,31,22,28,16,28,28,14,26,14,37,28,20,21,29,17,4,14,25,22,33,20,31,23,23,26,22,21,37,28,24,30,21,31,29,19,17,35,22,2,35,37,21,25,38,37,29,22,23,20,27,30,18,24,24,22,33,23,32,29,16,14,37,14,25,23,28,4,36,22,38,27,28,24,25,29,28,20,35
20,9,7,24,19,34,17,26,27,21,13,21,26,28,21,26,19,15,11,24,14,19,34,42,19,15,34,19,32,32,26,29,33,10,22,13,20,15,15,10,19,28,25,21,15,28,26,17,29,0,29,33,18,22,15,22,19,32,32,12,20,19,34,20,6,15,30,34,17,19,29,18,21,26,15,19,17,17,23,17,15,32,26,16,34,30,19,15,23,34,31,25,33,20,12,26,28,9,9,16,32,34,20,32,21,28,30,25,38,26,18,9,19,17,20,19,20,27,20,23,30,29,18,19,20,19,20,9,20,21,27,19,30,20,20,25,26,22,19,4,20,28,16,19,19,16,24,9,19,26,24,24,9,27,17,18,23,27,20,19,35,25,20,24,17,30,20,21,20,22,26,24,19,20,31,20,19,25,27,38,19,13,20,20,15,17,29,26
26,38,39,27,40,15,32,30,50,28,28,15,22,51,27,23,40,33,35,30,29,34,23,18,33,36,23,34,33,22,23,30,36,33,33,34,29,33,39,37,34,51,27,28,38,10,22,28,32,29,0,14,29,35,32,33,29,15,23,29,34,42,39,32,33,33,26,23,29,41,2,33,31,20,28,43,31,31,33,21,38,25,43,38,21,22,34,38,47,11,11,27,11,27,29,13,31,38,31,33,6,31,27,6,35,27,23,27,23,32,41,31,40,31,41,43,30,10,28,49,25,23,31,43,27,36,30,33,47,44,28,40,37,16,44,27,23,47,40,27,44,37,39,41,33,32,47,31,36,47,49,23,33,50,43,39,14,30,15,43,5,30,13,23,23,24,9,44,37,34,33,49,30,17,39,41,36,48,24,23,40,34,11,17,36,41,16,43
27,38,38,29,42,27,32,29,50,32,30,27,25,49,15,25,42,31,36,32,29,34,25,18,33,38,25,34,32,25,25,29,38,35,33,34,31,33,39,37,34,50,29,31,38,22,26,24,29,33,14,0,29,33,34,27,28,21,23,31,34,42,40,32,29,33,28,25,29,39,14,33,33,26,28,43,33,31,31,29,36,27,42,40,25,25,31,40,49,11,23,31,11,17,33,19,35,39,35,33,6,33,17,6,37,14,23,29,17,33,41,35,42,33,41,43,31,22,29,43,25,27,31,43,20,31,31,31,45,42,32,42,35,24,44,14,25,48,42,27,44,34,41,43,33,32,48,35,33,50,47,23,31,45,41,40,27,33,24,43,21,30,23,9,29,21,23,42,39,34,34,47,29,25,34,41,33,49,28,17,42,33,23,25,38,42,16,43
16,22,23,17,22,34,16,22,30,9,16,21,18,35,20,18,23,14,26,8,12,5,26,38,5,17,26,5,14,27,18,25,21,20,4,21,12,14,27,18,5,37,17,16,18,28,17,18,16,18,29,29,0,16,24,18,17,28,24,19,5,22,27,2,16,16,22,26,6,17,29,8,18,30,12,25,18,16,21,21,20,24,27,25,24,28,18,28,34,26,30,17,26,20,19,26,8,27,26,18,27,18,20,27,22,24,24,17,34,19,26,28,17,18,24,25,14,27,17,27,24,21,15,26,19,14,16,28,20,32,18,26,22,15,24,24,18,28,26,18,26,25,29,27,18,18,28,28,12,35,36,18,28,32,30,22,24,10,21,18,27,23,15,20,21,34,20,26,17,18,18,34,17,20,26,23,12,34,21,34,23,25,20,20,21,19,21,27
12,25,28,19,26,37,19,13,36,12,17,21,23,34,20,23,25,13,28,15,12,12,32,33,12,20,34,12,23,34,23,23,20,19,12,20,17,13,28,19,12,35,19,10,20,35,28,10,12,22,35,33,16,0,21,10,16,34,25,22,7,19,37,17,18,12,22,27,11,18,35,13,16,24,13,27,12,14,4,18,22,27,27,25,28,27,15,26,38,27,33,15,25,20,22,32,21,24,20,16,27,34,19,29,26,23,27,18,40,22,29,18,20,12,25,25,16,30,17,36,27,23,14,24,18,14,17,21,20,31,17,30,4,26,20,21,23,35,23,19,23,2,27,23,16,14,28,18,12,37,36,21,21,38,20,23,23,21,22,23,30,22,26,24,16,30,26,26,20,16,20,37,16,28,6,25,17,38,27,40,23,30,26,28,23,23,19,26
9,12,6,12,11,33,11,23,18,14,15,19,27,19,17,27,17,15,3,18,20,16,30,38,16,17,30,16,33,28,27,28,31,2,16,2,17,11,17,11,16,17,21,13,16,26,28,13,25,15,32,34,24,21,0,15,22,32,30,13,17,13,33,23,7,13,21,28,20,13,32,13,13,26,16,10,11,9,16,17,17,33,21,11,30,28,12,10,20,30,30,21,30,13,18,29,19,6,8,11,28,34,19,28,16,21,33,18,39,29,12,3,18,13,9,12,23,26,23,19,33,22,11,10,19,22,20,9,18,12,21,12,22,23,13,19,27,17,11,12,10,22,11,11,13,12,17,3,22,20,17,27,9,23,18,10,19,22,19,12,36,26,23,25,17,25,23,12,14,14,29,21,20,23,26,9,22,18,27,39,11,5,23,23,17,10,25,21
4,17,17,14,25,39,12,22,22,10,12,17,20,23,15,20,19,10,10,14,13,11,26,30,11,23,26,11,29,26,22,24,30,15,10,15,12,7,24,13,16,26,12,8,22,30,26,2,8,22,33,27,18,10,15,0,15,34,28,23,13,21,30,23,15,10,18,30,11,19,38,11,9,20,12,20,12,10,6,16,22,23,20,20,28,29,8,18,28,28,36,14,20,22,20,31,21,19,20,6,22,28,15,30,10,17,27,15,33,19,20,14,17,9,19,21,13,31,14,26,27,25,12,21,15,6,14,14,20,23,17,20,14,28,21,18,26,23,21,19,21,12,17,22,6,9,21,14,8,29,28,24,14,29,22,16,18,22,17,22,27,20,29,28,13,24,29,22,23,2,20,26,15,30,16,19,13,24,28,44,17,17,27,26,21,19,13,20
19,26,25,17,25,35,23,26,36,24,19,23,15,34,21,15,25,14,26,22,10,22,26,39,19,20,28,22,9,27,17,10,32,23,21,22,20,14,23,20,22,35,20,18,21,30,19,20,14,19,29,28,17,16,22,15,0,30,25,20,22,25,27,4,16,14,23,26,10,25,28,19,14,30,6,28,16,22,19,23,21,16,30,28,26,25,17,28,35,25,30,21,25,22,20,21,30,27,20,16,27,21,22,27,26,26,18,20,34,10,23,22,20,14,26,28,4,28,4,35,18,20,23,25,20,11,6,23,20,32,25,27,24,17,29,25,17,35,24,21,27,20,28,25,14,10,32,22,11,37,34,17,23,34,27,27,26,29,23,25,24,8,18,20,24,33,20,32,20,19,14,35,2,21,26,26,13,36,17,30,27,23,20,21,20,25,20,30
28,36,36,27,40,25,27,35,50,30,30,14,26,51,13,26,44,33,36,35,30,30,22,32,29,41,10,30,29,22,26,32,38,29,32,30,31,31,38,35,30,47,27,30,41,7,27,28,27,32,15,21,28,34,32,34,30,0,26,32,30,44,39,29,32,27,29,9,30,36,15,30,32,24,31,41,29,28,34,28,43,25,43,38,24,24,32,38,50,16,6,33,21,31,32,19,36,36,31,29,20,35,32,9,36,14,24,28,29,32,39,31,45,36,39,41,32,5,35,47,25,30,30,40,31,31,32,29,44,44,31,40,36,23,42,14,25,45,45,32,41,37,41,41,32,35,46,31,31,47,46,26,29,46,45,44,12,35,14,44,26,36,22,24,30,21,10,44,41,36,32,47,35,24,37,39,31,47,29,29,45,33,16,24,41,39,30,43
16,35,38,20,36,31,28,33,39,26,16,22,19,41,21,19,38,24,38,26,24,25,10,28,25,37,13,25,24,4,19,28,32,31,28,30,21,25,40,25,25,37,18,20,35,17,21,24,23,32,23,23,24,25,30,28,25,26,0,36,25,39,38,28,26,30,21,13,27,39,23,24,23,19,26,34,29,27,28,25,35,27,37,35,10,4,23,37,40,13,21,18,13,21,36,28,30,34,24,26,17,36,21,17,30,21,26,19,29,31,34,30,40,29,33,35,29,18,26,38,27,9,26,35,23,29,29,31,41,41,25,33,32,24,35,22,20,38,40,33,34,31,38,36,26,30,37,31,29,43,44,20,30,36,45,38,22,32,22,38,19,30,23,21,25,22,21,36,37,26,32,40,28,25,33,33,31,38,27,28,40,31,21,25,37,39,13,37
22,13,15,24,25,30,22,27,32,22,24,21,26,31,24,24,25,23,13,26,16,22,35,43,22,21,35,23,26,33,26,28,37,12,25,19,25,21,20,20,23,26,23,24,21,29,27,21,20,12,29,31,19,22,13,23,20,32,36,0,23,27,34,21,6,22,26,34,16,25,28,23,24,27,15,24,24,21,24,16,19,23,27,21,32,31,21,21,28,34,29,24,34,23,2,20,31,21,13,21,31,33,23,29,20,25,26,23,35,22,24,13,23,21,24,26,16,26,16,30,26,29,21,26,22,20,16,15,17,25,24,25,29,18,27,27,25,32,25,8,25,30,22,24,23,24,31,13,20,27,29,25,15,30,19,22,23,28,20,22,34,21,17,19,16,37,19,25,24,24,22,29,15,19,31,24,20,31,28,35,25,19,19,19,23,25,29,32
12,23,25,17,20,35,12,7,23,1,12,19,15,25,19,21,21,13,17,3,14,1,25,35,1,16,26,1,25,28,23,28,13,16,1,17,10,10,26,16,1,23,17,10,17,28,23,11,16,20,34,34,5,7,17,13,22,30,25,23,0,16,34,7,16,11,22,23,7,14,34,2,17,30,14,19,13,10,9,21,19,29,17,15,24,28,17,18,24,26,32,17,26,19,23,31,3,25,21,16,28,23,18,28,21,24,25,9,39,22,18,17,16,13,13,17,19,28,22,21,29,21,9,20,18,19,20,14,16,25,18,20,15,25,16,24,15,21,19,18,17,13,25,19,12,11,21,18,17,30,28,23,14,29,21,13,18,7,21,20,32,28,25,25,9,34,25,16,16,17,23,24,22,27,17,12,17,22,26,39,18,24,25,15,18,13,21,24
25,13,10,29,4,45,20,28,18,16,19,30,31,23,28,31,5,22,9,20,22,16,39,49,16,6,39,16,33,40,28,32,32,10,17,13,23,19,11,14,16,13,27,23,4,40,30,19,27,19,42,42,22,19,13,21,25,44,39,27,16,0,38,22,17,17,27,35,22,8,42,16,20,37,19,5,17,21,15,25,6,36,26,4,35,37,18,5,18,35,39,23,35,24,25,38,20,14,19,20,37,40,28,37,20,28,36,25,47,30,3,16,5,17,5,3,26,35,26,13,36,30,24,4,28,25,26,17,7,10,23,5,27,33,2,29,30,15,3,19,4,21,7,4,21,16,15,16,23,15,15,30,17,14,12,5,29,29,29,9,40,30,33,33,27,33,32,5,6,22,29,12,25,32,25,5,25,15,27,47,3,18,33,32,7,4,30,23
34,36,35,37,37,43,32,37,39,33,34,34,33,34,36,33,35,33,37,30,31,34,36,50,34,33,40,34,26,39,33,25,37,34,29,33,28,31,37,35,34,37,37,33,35,37,30,33,28,34,39,40,27,37,33,30,27,39,38,34,34,38,0,35,35,33,37,39,28,39,43,36,34,40,33,38,32,35,38,34,28,38,38,40,37,39,38,33,43,39,40,34,39,35,34,37,35,43,40,35,33,34,33,35,38,35,38,37,49,27,35,40,33,33,38,38,27,38,31,38,38,37,35,37,31,31,31,40,39,41,33,41,37,36,39,33,34,40,36,29,39,39,42,37,35,31,38,40,31,40,40,30,39,43,38,44,36,40,36,40,45,25,37,37,38,40,37,37,33,36,27,38,27,39,38,38,29,41,31,49,39,39,37,39,38,39,37,37
18,24,27,20,24,39,18,15,35,11,18,23,19,39,22,19,25,18,28,10,14,7,28,40,7,19,27,7,10,29,19,27,21,22,6,23,14,16,29,20,7,39,20,18,20,30,17,20,17,20,32,32,2,17,23,23,4,29,28,21,7,22,35,0,22,23,22,27,4,17,32,10,27,31,17,27,23,20,21,24,26,24,29,33,23,27,27,31,34,26,30,15,26,21,21,26,10,31,31,27,27,16,21,27,31,25,24,20,37,20,33,33,21,23,25,27,14,26,14,38,24,20,26,29,19,17,15,32,22,36,20,32,25,23,28,25,20,40,26,24,29,26,32,30,27,21,34,33,15,37,35,21,32,33,31,25,24,15,21,26,30,23,23,23,18,34,23,27,23,23,18,38,15,18,27,25,15,38,21,37,25,33,23,23,27,23,22,28
12,7,7,19,19,38,17,29,25,21,10,24,19,25,23,19,18,14,7,22,12,16,26,42,15,14,27,16,26,32,21,24,31,6,18,13,17,11,6,6,16,25,19,16,13,32,24,13,21,6,33,29,16,18,7,15,16,32,26,6,16,17,35,22,0,12,20,27,13,13,33,14,10,32,10,17,12,17,12,23,13,27,24,17,28,30,11,19,29,28,34,20,28,21,16,30,24,7,15,13,31,33,21,31,17,27,27,20,38,24,17,7,18,11,13,18,15,32,17,24,27,21,18,18,22,15,18,7,22,23,22,16,25,24,18,25,21,23,18,4,17,22,18,19,12,12,23,8,15,24,24,21,8,27,8,17,23,30,25,14,27,24,24,18,22,34,24,23,14,17,24,24,18,24,26,13,17,24,25,38,18,8,24,24,14,15,23,22
12,14,16,15,20,31,14,27,26,17,12,13,18,28,12,18,16,6,13,19,4,11,30,40,14,16,26,11,34,30,16,20,27,14,13,13,13,6,17,12,11,26,13,14,16,23,24,14,17,15,33,33,16,12,13,10,14,27,30,22,11,17,33,23,12,0,20,26,9,16,29,11,10,29,10,20,2,11,14,17,14,24,24,21,26,26,5,22,27,24,30,19,24,18,21,30,21,16,15,6,27,31,18,27,20,18,26,15,38,18,20,16,16,6,23,19,10,26,14,27,26,16,13,21,17,11,10,17,16,23,20,20,19,23,20,14,20,25,17,13,20,17,21,20,4,6,27,16,13,29,25,20,17,27,27,14,14,26,14,19,27,20,24,17,19,20,22,22,16,10,18,27,10,22,21,23,13,30,21,38,16,15,19,25,17,15,19,16
14,22,28,2,29,32,24,22,34,21,14,11,7,35,11,8,27,12,21,21,20,22,19,32,21,32,14,22,19,20,5,29,26,20,21,20,16,16,26,21,22,34,4,15,31,22,22,16,21,30,26,28,22,22,21,18,23,29,21,26,22,27,37,22,20,20,0,16,13,32,26,16,14,22,17,26,13,20,15,13,26,11,32,29,19,20,14,29,29,16,25,14,16,16,25,24,24,28,22,17,22,30,16,22,25,14,13,4,32,26,27,12,33,13,26,28,20,22,17,35,11,14,20,29,17,19,19,19,34,29,15,25,23,20,29,16,7,34,29,25,27,21,23,29,17,17,34,12,19,36,35,7,19,37,35,30,10,20,14,30,22,27,18,20,11,20,18,31,29,19,27,34,20,15,22,26,20,27,20,29,30,24,18,17,29,30,12,32
20,30,30,16,36,33,26,33,46,28,20,10,17,45,9,17,40,24,32,30,26,23,12,22,23,37,2,23,27,17,17,29,31,31,29,30,21,25,31,27,23,43,16,23,35,17,24,24,25,34,23,25,26,27,28,30,26,9,13,34,23,35,39,27,27,26,16,0,26,36,23,22,24,14,27,34,29,27,28,21,35,23,39,36,8,16,23,36,41,8,9,22,8,23,35,28,32,30,29,26,9,36,23,19,32,10,21,16,25,31,34,26,41,29,33,35,28,5,27,43,23,11,27,36,24,30,27,29,42,35,23,33,32,24,36,10,17,44,40,31,35,31,38,36,26,30,41,26,30,41,44,17,29,45,45,37,9,30,10,38,16,32,22,23,21,9,22,38,37,26,29,43,29,22,33,33,26,45,25,25,40,30,22,22,37,36,13,38
16,19,19,15,24,34,19,12,30,7,16,21,14,37,19,10,21,12,25,11,5,7,26,36,7,19,26,7,8,26,16,18,19,21,10,20,15,9,27,17,7,27,15,18,20,28,20,16,15,17,29,29,6,11,20,11,10,30,27,16,7,22,28,4,13,9,13,26,0,19,29,6,12,29,9,25,15,15,14,10,18,20,21,28,24,26,16,22,30,24,30,17,24,19,17,26,12,19,25,13,26,16,19,26,22,23,22,15,34,12,26,25,19,14,21,25,8,27,6,31,22,21,16,26,17,7,10,25,21,32,18,26,19,20,24,23,12,27,26,17,26,18,26,26,11,14,27,25,9,34,31,16,24,33,28,21,24,12,21,22,23,16,20,20,12,32,20,27,19,15,16,30,10,21,23,20,10,26,22,30,25,19,20,14,21,21,19,25
18,12,17,30,11,45,22,24,16,14,19,29,31,18,27,31,11,13,11,16,20,14,39,48,13,6,39,14,29,41,29,31,28,12,14,13,22,18,15,11,14,13,23,16,8,39,30,23,30,19,41,39,17,18,13,19,25,36,39,25,14,8,39,17,13,16,32,36,19,0,42,12,21,35,19,12,15,20,16,26,10,36,22,14,35,38,14,15,15,34,40,23,35,24,24,39,16,11,17,20,36,40,27,35,20,31,36,19,47,29,13,12,5,17,6,12,25,37,26,16,36,28,22,14,27,24,26,11,5,20,23,15,30,31,9,32,31,15,10,16,11,29,18,11,20,15,13,11,22,22,14,30,10,25,7,6,32,26,29,6,39,31,33,32,23,32,33,14,6,23,29,22,25,32,32,6,24,15,30,47,9,10,33,32,11,4,29,17
26,39,39,27,42,15,32,30,52,28,28,13,23,53,27,23,42,33,35,30,29,34,23,27,33,38,23,34,33,22,23,30,36,31,33,34,29,33,39,37,34,52,27,28,38,10,22,28,33,29,2,14,29,35,32,38,28,15,23,28,34,42,43,32,33,29,26,23,29,42,0,33,33,20,28,43,33,31,34,21,38,25,44,36,21,22,34,36,51,17,11,27,19,27,27,13,31,39,30,33,16,33,27,16,35,27,23,27,23,32,41,29,42,33,39,41,30,10,30,49,25,23,31,43,27,34,25,33,47,44,28,42,38,16,42,27,23,49,42,27,44,36,39,43,33,32,47,29,32,49,47,23,33,50,43,39,16,30,14,43,17,25,13,23,23,24,11,44,37,35,33,48,30,19,39,39,36,50,24,23,42,36,9,19,38,40,25,44
10,22,21,14,20,36,8,8,21,2,10,20,14,26,18,18,22,8,14,4,17,2,24,34,2,18,24,2,26,27,20,27,14,13,2,12,9,7,26,13,2,19,14,9,18,27,22,9,18,18,33,33,8,13,13,11,19,30,24,23,2,16,36,10,14,11,16,22,6,12,33,0,9,29,15,17,7,7,9,20,17,26,15,15,24,27,8,14,22,24,31,14,24,18,24,30,4,21,14,8,27,20,18,27,15,20,24,8,38,25,16,15,20,5,11,15,19,27,16,21,26,17,10,16,18,18,21,12,21,25,16,16,17,22,20,20,14,19,22,17,16,15,23,20,9,9,19,16,18,27,25,20,12,27,25,11,20,8,20,22,30,27,22,24,8,29,24,16,21,12,25,22,21,26,23,10,16,20,22,38,20,16,24,18,20,11,19,19
11,14,12,12,17,32,13,28,26,18,11,20,18,22,19,18,14,8,15,16,12,17,25,38,17,22,24,17,21,24,18,16,32,14,12,13,13,6,17,11,17,22,12,12,19,28,23,14,18,21,31,33,18,16,13,9,14,32,23,24,17,20,34,27,10,10,14,24,12,21,33,9,0,33,10,18,4,13,10,17,19,24,22,19,29,29,7,20,25,26,36,20,26,19,20,28,23,14,13,6,31,28,19,26,16,21,24,15,38,22,17,13,16,4,16,18,10,29,12,25,24,20,8,15,19,15,14,14,15,19,18,13,20,24,19,21,18,24,16,14,17,20,14,17,6,6,23,13,15,25,25,18,14,26,13,17,18,25,25,20,28,18,24,24,19,34,22,22,18,9,18,23,14,22,24,16,15,24,23,38,16,14,24,22,18,16,18,20
26,38,38,20,36,29,28,30,44,28,26,18,23,47,23,21,40,28,36,33,29,30,18,24,30,37,14,30,32,15,22,33,33,27,30,28,27,28,36,31,30,42,20,28,36,15,27,18,24,26,20,26,30,24,26,20,30,24,19,27,30,37,40,31,32,29,22,14,29,35,20,29,33,0,29,37,33,27,24,11,38,28,40,32,18,15,28,33,46,13,19,27,13,21,26,24,32,34,21,29,20,39,22,20,32,23,28,20,25,34,35,21,42,33,35,37,31,15,31,42,28,19,27,37,24,23,31,27,43,41,27,36,28,20,38,24,23,43,41,25,38,26,34,37,29,32,42,21,33,45,43,24,27,45,41,40,18,28,18,39,19,34,18,24,11,22,18,40,38,31,35,43,31,14,29,35,33,44,27,25,41,31,18,14,38,41,15,40
14,20,21,15,19,33,11,24,34,19,14,20,14,33,18,14,22,10,20,16,4,14,27,38,13,18,27,14,22,24,16,18,29,17,15,16,15,6,23,14,14,34,15,16,15,28,18,15,15,15,28,28,12,13,16,12,6,31,26,15,14,19,33,17,10,10,17,27,9,19,28,15,10,29,0,22,10,16,9,19,15,22,24,22,24,23,11,22,34,24,29,17,24,18,16,25,22,21,16,10,26,27,15,26,18,17,22,15,33,14,17,16,18,8,20,20,12,26,12,27,22,21,17,19,15,9,12,16,23,26,18,21,20,11,21,20,16,29,18,13,21,14,22,19,8,4,29,16,9,31,30,16,16,29,24,19,18,25,20,21,23,14,11,19,19,30,19,26,18,12,18,25,6,20,20,20,11,30,15,33,18,17,19,20,14,19,19,24
20,9,9,24,3,46,14,29,22,24,20,30,32,22,28,32,7,19,10,23,24,19,34,47,19,6,34,19,33,36,32,34,31,13,19,10,20,14,17,11,19,24,24,19,7,37,30,22,31,19,43,43,25,27,10,20,28,41,34,24,19,5,38,27,17,20,26,34,25,12,43,17,18,37,22,0,16,21,19,26,7,36,25,9,34,36,18,12,17,34,39,24,34,28,24,38,29,15,19,20,37,37,28,37,25,30,36,24,48,30,5,15,9,16,8,3,26,35,26,19,36,29,23,3,28,24,26,18,9,7,22,3,28,32,4,30,30,21,3,20,2,26,5,2,20,18,18,15,26,15,13,30,18,14,9,8,30,29,30,9,40,32,32,34,27,37,32,9,7,20,32,15,28,32,26,8,24,17,30,48,3,17,34,32,7,8,29,25
11,16,16,11,19,32,12,27,22,13,9,17,18,26,15,18,20,4,12,20,10,13,29,42,15,18,29,13,31,29,16,16,30,14,16,11,13,4,15,11,13,25,11,12,18,32,23,11,16,17,31,33,18,12,11,12,16,29,29,24,13,17,32,23,12,2,13,29,15,15,33,7,4,33,10,16,0,11,6,19,19,23,21,19,24,25,4,18,27,22,30,17,22,19,21,28,22,16,12,2,27,28,19,25,16,18,23,11,38,22,17,13,18,2,16,18,10,25,12,25,23,20,10,17,19,14,14,14,20,24,18,15,16,24,17,18,17,25,18,15,15,16,21,19,4,4,22,13,14,27,25,17,14,26,25,15,21,25,18,19,28,18,24,21,14,24,22,22,20,6,20,25,14,22,20,16,14,26,23,38,18,14,24,23,18,17,16,15
5,22,21,18,21,32,2,22,29,8,13,18,24,28,16,24,25,14,22,14,7,10,27,35,12,21,27,10,26,25,24,29,25,14,14,9,13,2,22,16,10,28,18,3,20,25,23,8,20,17,31,31,16,14,9,10,22,28,27,21,10,21,35,20,17,11,20,27,15,20,31,7,13,27,16,21,11,0,9,18,21,30,21,12,27,25,12,12,30,27,29,10,20,16,22,28,16,19,12,11,25,27,15,25,13,18,30,16,36,23,19,14,22,1,19,21,17,25,15,24,30,22,2,21,15,20,17,14,22,22,16,20,20,22,21,18,24,25,25,15,22,18,19,21,3,7,23,14,20,27,26,24,14,28,16,20,18,21,18,18,33,26,22,22,17,25,22,22,22,12,29,26,20,24,24,18,20,27,23,36,25,12,22,22,21,19,22,21
12,22,22,14,22,38,12,20,27,8,13,21,19,27,19,19,23,7,18,12,15,9,28,32,9,17,28,9,25,28,21,27,23,17,9,16,12,7,23,13,9,25,14,14,22,30,26,6,14,23,33,31,21,4,16,6,19,34,28,24,9,15,38,21,12,14,15,28,14,16,34,9,10,24,9,19,6,9,0,17,20,25,21,22,29,28,7,20,30,26,35,13,24,21,22,31,15,21,16,12,26,28,18,31,20,21,27,15,38,21,20,16,21,8,19,21,14,32,14,29,27,24,9,20,18,12,15,15,16,26,17,20,8,24,16,21,19,23,18,16,20,6,23,18,10,10,22,16,14,31,30,19,14,28,15,15,21,15,21,20,28,20,24,25,13,28,25,16,17,12,21,23,15,26,10,19,16,26,24,39,18,16,25,22,22,15,17,22
15,21,21,10,27,26,18,24,31,17,17,10,16,35,14,16,29,19,24,24,20,21,23,31,21,28,21,21,20,20,16,30,28,18,25,19,18,19,24,20,21,33,10,17,27,19,21,14,22,17,21,29,21,18,17,16,23,28,25,16,21,25,34,24,23,17,13,21,10,26,21,20,17,11,19,26,19,18,17,0,29,22,31,23,23,20,19,24,28,22,19,16,22,12,16,18,21,21,12,20,23,35,14,23,23,15,18,6,32,31,26,12,33,20,26,28,25,15,25,32,22,18,18,28,15,24,24,18,32,24,16,24,28,14,23,16,16,33,23,15,27,26,23,23,20,19,31,12,24,35,27,16,18,33,30,29,10,20,8,30,28,31,14,20,2,23,12,30,29,13,32,34,25,8,29,26,24,26,21,32,29,19,12,6,29,27,17,31
21,14,14,25,8,43,23,32,17,26,21,31,27,20,29,27,7,19,11,28,15,19,35,48,19,6,35,19,32,38,27,29,32,14,22,12,20,16,22,12,19,20,25,20,2,38,27,24,27,15,38,36,20,22,17,22,21,43,35,19,19,6,28,26,13,14,26,35,18,10,38,17,19,38,15,7,19,21,20,29,0,33,27,12,35,37,17,8,20,35,40,24,35,28,21,35,29,16,17,18,37,36,27,37,25,33,33,26,43,25,5,18,6,18,8,7,21,36,23,20,33,30,22,8,27,20,21,17,8,10,25,5,30,29,6,33,27,18,7,13,6,29,13,8,18,17,20,17,22,16,17,27,17,18,8,8,32,24,29,8,36,27,27,23,27,40,29,13,6,21,29,11,21,29,32,8,20,21,25,43,7,17,29,29,4,7,30,27
24,36,38,12,39,24,31,29,45,29,24,24,6,46,26,8,37,20,38,28,20,29,25,32,27,34,20,29,20,26,6,19,24,34,28,33,26,24,38,29,27,46,12,25,33,25,22,26,28,32,25,27,24,27,33,23,16,25,27,23,29,36,38,24,27,24,11,23,20,36,25,26,24,28,22,36,23,30,25,22,33,0,42,39,22,24,26,39,43,20,23,25,22,24,14,16,33,38,33,26,27,27,26,27,34,26,6,12,28,27,37,30,35,21,36,38,26,25,22,47,2,22,30,39,27,28,26,26,40,43,25,35,31,24,39,26,12,47,38,32,37,32,38,39,24,24,47,30,28,48,45,12,26,49,39,37,24,29,22,37,15,26,22,24,21,32,22,43,36,29,18,43,24,16,34,36,30,47,23,28,37,34,22,12,36,37,20,41
21,23,23,30,28,48,18,25,21,17,26,31,33,21,30,34,25,18,24,19,26,17,40,45,17,30,39,17,39,36,30,37,29,21,17,21,20,18,29,24,17,18,22,20,29,37,31,20,34,26,43,42,27,27,21,20,30,43,37,27,17,26,38,29,24,24,32,39,21,22,44,15,22,40,24,25,21,21,21,31,27,42,0,20,42,42,22,23,24,39,46,25,38,30,31,41,19,22,23,20,36,39,29,39,25,32,39,23,47,36,23,23,23,20,17,27,30,39,31,15,42,36,24,24,28,28,30,20,26,24,25,25,31,35,26,35,31,13,28,23,24,27,25,24,19,22,13,23,31,23,22,33,19,21,24,17,32,25,32,26,45,36,35,33,22,34,35,26,29,24,38,19,30,36,35,19,29,21,30,47,27,21,35,31,26,19,30,2
22,10,10,27,10,39,12,27,16,15,20,23,33,15,25,33,6,15,9,17,20,15,36,44,15,13,36,15,39,34,33,34,35,7,20,13,13,10,18,11,15,20,27,21,10,32,33,17,30,16,38,40,25,25,11,20,28,38,35,21,15,4,40,33,17,21,29,36,28,14,36,15,19,32,22,9,19,12,22,23,12,39,20,0,36,34,18,3,17,36,36,28,35,21,19,33,22,12,14,19,34,40,25,34,20,27,39,21,45,35,1,12,13,16,6,3,29,32,29,14,39,28,20,10,25,28,29,16,14,4,20,3,30,29,9,27,33,14,9,15,8,28,5,9,19,18,16,12,26,16,12,33,16,13,10,6,25,25,25,15,42,34,29,31,23,34,29,2,13,22,33,13,28,29,32,5,28,17,28,45,9,13,27,29,14,7,30,21
18,38,40,18,36,29,26,31,38,26,18,20,17,38,23,17,40,24,40,26,24,24,6,26,24,37,8,24,24,4,17,28,30,31,28,30,21,25,42,27,24,37,18,21,35,16,21,24,23,34,21,25,24,28,30,28,26,24,10,32,24,35,37,23,28,26,19,8,24,35,21,24,29,18,24,34,24,27,29,23,35,22,42,36,0,14,23,37,39,12,19,20,11,22,35,26,30,36,18,26,18,36,23,18,30,22,24,18,26,28,34,31,41,29,33,35,26,16,25,39,25,11,27,36,23,30,26,31,42,39,23,33,32,21,36,24,19,37,40,33,35,31,38,36,26,30,37,31,30,42,41,18,31,43,45,39,20,30,20,38,18,28,19,23,23,20,19,43,37,26,31,41,27,23,33,33,28,42,23,25,40,31,19,23,37,39,13,39
24,36,36,19,37,30,26,29,42,26,24,23,20,45,21,20,42,25,37,28,24,28,12,23,28,38,16,28,28,2,20,28,32,29,31,28,25,25,38,31,28,45,19,26,37,18,25,20,27,30,22,25,28,27,28,29,25,24,4,31,28,37,39,27,30,26,20,16,26,38,22,27,29,15,23,36,25,25,28,20,37,24,42,34,14,0,25,35,48,14,21,26,14,20,33,26,29,34,22,26,19,38,21,19,30,21,25,19,26,30,35,28,42,29,35,37,28,17,28,43,26,17,25,37,20,30,28,29,42,41,25,36,32,23,38,22,20,40,41,29,38,31,36,37,26,28,39,28,30,37,43,21,28,42,43,41,18,28,20,39,20,30,21,23,20,18,20,41,38,26,30,41,28,22,33,35,28,44,25,24,41,29,20,21,38,41,15,37
9,18,18,12,20,39,18,26,22,17,9,16,20,21,14,20,22,6,12,20,12,14,23,35,14,22,23,17,33,25,16,25,32,12,16,14,12,5,22,11,8,20,10,12,21,27,25,7,19,19,34,31,18,15,12,8,17,32,23,21,17,18,38,27,11,5,14,23,16,14,34,8,7,28,11,18,4,12,7,19,17,26,22,18,23,25,0,17,22,21,34,17,21,18,22,30,20,12,14,5,31,31,18,25,16,16,24,12,38,23,18,12,22,5,14,19,17,27,16,23,24,18,14,19,18,15,17,10,17,24,17,17,18,24,19,16,16,21,20,12,17,15,21,20,8,8,20,12,15,28,22,18,10,27,15,15,12,24,16,20,27,23,24,22,12,26,24,21,20,7,23,22,17,18,20,14,15,23,24,38,20,13,24,25,20,15,16,16
23,14,9,26,12,41,12,24,16,18,21,24,33,16,26,33,13,18,10,20,22,18,37,45,18,13,37,18,39,35,33,36,35,8,20,12,16,10,17,13,18,20,27,22,10,33,33,18,30,15,38,40,28,26,10,18,28,38,37,21,18,5,33,31,19,22,29,36,22,15,36,14,20,33,22,12,18,12,20,24,8,39,23,3,37,35,17,0,16,38,38,26,36,24,19,33,25,13,16,21,36,40,23,36,22,27,39,23,45,35,2,15,14,18,4,5,29,34,29,17,39,31,21,6,23,28,29,17,15,5,15,8,30,29,6,27,33,19,8,15,8,27,3,11,18,18,18,15,28,15,15,33,17,19,15,4,25,22,27,16,42,34,29,31,22,31,29,5,14,24,35,14,28,29,32,5,28,22,30,45,11,14,27,29,15,5,31,24
24,14,17,29,19,52,23,33,13,27,25,35,43,2,31,40,16,31,14,29,33,24,40,57,23,16,46,24,44,41,45,43,47,15,26,22,31,25,18,16,24,4,34,23,20,46,42,27,37,23,47,49,34,38,20,28,35,50,40,28,24,18,43,34,29,27,29,41,30,15,51,22,25,46,34,17,27,30,30,28,20,43,24,17,39,48,22,16,0,43,49,34,43,34,29,46,29,15,25,25,43,48,36,43,28,38,48,32,53,43,20,22,19,27,12,18,38,45,37,2,47,37,29,21,36,38,38,24,16,13,34,20,41,38,16,37,42,10,15,21,14,35,18,16,25,28,11,23,38,14,2,39,25,6,15,14,39,29,38,21,51,42,38,36,32,42,38,18,19,24,44,12,36,38,41,14,38,6,38,53,19,20,38,38,20,12,39,26
20,32,32,16,36,33,28,33,45,28,20,12,15,45,9,17,40,22,36,29,24,26,12,24,26,36,8,26,28,14,15,29,29,31,30,30,23,23,33,27,26,44,14,23,35,17,24,24,25,34,11,11,26,27,30,28,25,16,13,34,26,35,39,26,28,24,16,8,24,34,17,24,26,13,24,34,22,27,26,22,35,20,39,36,12,14,21,38,43,0,17,22,2,21,35,28,32,28,30,24,18,36,21,5,32,9,19,16,23,29,34,30,40,27,33,35,26,9,25,44,23,11,27,36,23,28,26,30,41,43,23,33,30,24,36,12,15,43,40,33,35,29,37,36,24,28,42,30,28,45,44,17,30,42,45,37,16,30,10,37,6,30,22,24,22,11,21,41,37,24,30,42,27,23,31,33,28,43,23,11,40,27,21,23,37,37,7,39
24,42,34,25,40,17,30,31,50,26,26,14,24,51,13,24,43,33,40,31,29,32,21,31,31,41,18,32,31,21,24,32,36,31,34,32,27,31,41,35,32,50,25,26,40,7,23,26,29,31,11,23,30,33,30,36,30,6,21,29,32,39,40,30,34,30,25,9,30,40,11,31,36,19,29,39,30,29,35,19,40,23,46,36,19,21,34,38,49,17,0,30,13,29,32,10,29,36,28,32,12,35,29,9,32,14,23,27,28,37,39,29,43,34,39,39,31,5,33,47,23,28,29,40,30,31,24,31,44,44,26,40,36,15,42,14,24,47,45,30,42,34,37,41,32,35,45,29,37,48,46,24,31,49,45,43,12,29,13,42,25,37,12,24,25,22,11,42,41,34,32,47,31,19,37,39,37,48,25,26,45,33,12,19,41,39,30,43
9,30,31,12,25,33,14,23,37,14,11,17,18,35,16,18,27,16,31,17,17,17,21,35,17,23,22,17,21,26,18,27,26,24,19,21,11,14,24,20,17,32,10,5,24,25,10,11,19,25,27,31,17,15,21,14,21,33,18,24,17,23,34,15,20,19,14,22,17,23,27,14,20,27,17,24,17,10,13,16,24,25,25,28,20,26,17,26,34,22,30,0,22,17,26,25,18,28,21,19,25,31,13,25,21,19,24,12,37,27,25,23,26,17,23,24,23,21,19,34,24,15,14,25,11,23,21,22,28,34,13,23,23,17,23,19,18,35,28,24,23,21,30,25,11,15,34,23,24,35,34,18,21,34,32,29,17,23,15,29,28,27,19,23,18,25,19,34,26,19,31,32,21,24,27,22,25,34,16,37,28,24,19,24,28,28,18,29
18,34,34,16,36,33,23,32,44,27,20,10,17,43,9,17,40,22,39,29,24,26,11,12,26,36,8,26,28,14,17,29,29,31,30,30,23,23,33,27,26,43,16,22,35,19,24,18,25,33,11,11,26,25,30,20,25,21,13,34,26,35,39,26,28,24,16,8,24,35,19,24,26,13,24,34,22,20,24,22,35,22,38,35,11,14,21,36,43,2,13,22,0,21,35,28,30,34,30,24,5,36,21,11,32,10,22,16,15,29,34,28,41,26,33,35,26,7,25,44,23,11,23,36,23,28,26,31,42,41,23,33,29,24,36,12,17,42,40,33,35,28,38,36,24,25,40,28,28,45,44,17,31,44,45,39,10,30,17,37,6,30,22,24,22,20,21,35,37,24,30,42,27,23,28,33,28,40,23,11,40,31,21,23,37,39,5,39
15,17,17,14,27,30,16,21,33,17,5,12,18,32,2,18,29,18,15,20,19,18,22,26,18,28,23,18,27,19,18,29,24,14,18,15,16,18,14,16,18,29,11,17,28,25,22,9,18,20,27,17,20,20,13,22,22,31,21,23,19,24,35,21,21,18,16,23,19,24,27,18,19,21,18,28,19,16,21,12,28,24,30,21,22,20,18,24,34,21,29,17,21,0,24,24,20,19,17,19,11,33,2,11,7,4,24,8,26,30,24,14,27,19,26,24,24,21,22,33,24,12,16,25,5,25,24,17,32,29,14,27,26,19,28,4,18,32,29,22,29,24,24,27,19,18,32,14,25,34,31,18,17,34,31,28,14,17,12,30,29,28,18,8,14,21,18,24,28,21,32,33,22,20,29,26,25,31,23,26,29,19,18,18,29,24,14,30
24,13,13,24,23,30,22,27,32,26,24,20,23,31,24,26,25,23,13,26,17,23,35,43,22,21,35,23,26,33,26,28,37,14,25,19,25,21,17,12,23,26,24,26,21,29,27,22,21,12,29,33,19,22,18,20,20,32,36,2,23,25,34,21,16,21,25,35,17,24,27,24,20,26,16,24,21,22,22,16,21,14,31,19,35,33,22,19,29,35,32,26,35,24,0,18,31,13,15,21,30,31,22,28,20,24,26,24,37,22,24,13,19,26,22,24,16,26,16,30,23,29,21,26,21,21,16,15,27,27,28,25,27,18,25,26,25,30,22,12,27,30,22,25,24,25,31,14,21,32,29,25,15,30,23,22,23,28,20,18,34,21,17,21,18,37,19,25,20,23,22,29,15,19,29,22,17,31,28,37,22,12,17,19,23,23,29,32
23,36,36,24,37,10,29,27,46,25,25,10,20,42,24,20,37,30,32,27,26,31,28,33,30,33,28,31,25,26,20,20,34,28,30,31,26,30,34,34,31,44,24,25,35,11,19,25,30,26,13,19,26,32,29,31,21,19,28,20,31,38,37,26,30,30,24,28,26,39,13,30,28,24,25,38,28,28,31,18,35,16,41,33,26,26,30,33,46,28,10,25,28,24,18,0,30,35,28,32,25,26,24,25,35,24,16,24,27,31,38,26,31,28,36,38,30,11,30,46,16,23,28,40,25,33,30,30,39,41,27,37,37,15,39,24,22,46,37,26,41,35,36,38,30,29,45,26,33,47,43,22,30,47,37,34,14,29,11,36,24,31,12,18,20,27,6,41,32,32,24,43,29,14,38,36,34,45,24,27,35,33,8,14,33,37,25,40
13,27,25,23,24,36,18,4,25,3,17,21,20,25,20,24,32,19,19,3,24,3,32,37,2,33,32,3,25,29,28,37,13,18,3,17,15,17,22,24,3,25,21,10,30,26,19,16,28,28,31,35,8,21,19,21,30,36,30,31,3,20,35,10,24,21,24,32,12,16,31,4,23,32,22,29,22,16,15,21,29,33,19,22,30,29,20,25,29,32,29,18,30,20,31,30,0,27,21,23,32,26,23,32,19,22,32,10,40,29,20,19,28,18,17,21,22,28,22,24,34,27,14,28,22,27,23,16,28,18,18,26,19,24,28,22,19,23,30,25,24,16,22,24,12,16,23,20,27,33,30,28,16,32,19,17,20,5,20,29,37,34,24,26,10,25,24,18,28,23,36,25,28,28,21,16,28,25,23,40,29,20,24,20,21,17,27,26
20,2,2,18,16,43,17,23,17,23,10,21,21,17,17,27,14,21,8,24,22,25,34,44,25,17,30,25,33,34,26,34,37,9,21,12,23,14,6,1,25,16,26,23,15,30,33,16,32,9,38,39,27,24,6,19,27,36,34,21,25,14,43,31,7,16,28,30,19,11,39,21,14,34,21,15,16,19,21,21,16,38,22,12,36,34,12,13,15,28,36,28,34,19,13,35,27,0,17,16,33,39,28,28,15,19,31,15,44,33,11,8,17,22,9,10,24,30,28,14,38,27,24,11,28,24,26,6,19,11,28,11,32,30,11,17,25,14,10,7,14,30,10,10,16,21,18,8,27,18,14,32,6,17,20,9,23,29,21,20,38,33,30,23,29,27,30,13,17,12,33,18,27,21,34,9,22,15,31,44,10,4,30,27,16,9,35,20
14,17,15,20,18,34,18,25,19,16,16,18,27,26,20,26,22,16,12,18,19,21,22,39,23,17,30,22,38,22,27,26,36,9,22,10,16,9,17,12,21,25,20,16,17,24,28,15,24,9,31,35,26,20,8,20,20,31,24,13,21,19,40,31,15,15,22,29,25,17,30,14,13,21,16,19,12,12,16,12,17,33,23,14,18,22,14,16,25,30,28,21,30,17,15,28,21,17,0,12,29,33,20,29,17,22,32,20,39,27,17,3,18,13,17,18,21,24,21,23,33,24,14,19,20,22,23,8,20,20,21,18,24,20,20,22,26,24,19,7,20,22,16,18,13,12,24,2,22,22,21,27,9,18,19,16,18,23,15,21,34,28,20,26,12,26,21,20,20,15,27,19,22,18,26,15,20,22,27,39,19,11,21,18,20,19,25,21
12,13,16,15,17,35,17,15,24,9,12,11,20,26,14,20,14,6,12,14,8,17,26,38,17,19,26,16,31,26,20,23,33,11,11,11,13,4,17,12,9,26,15,14,20,26,24,14,19,16,33,33,18,16,11,6,16,29,26,21,16,20,35,27,13,6,17,26,13,20,33,8,6,29,10,20,2,11,12,20,18,26,20,19,26,26,5,21,25,24,32,19,24,19,21,32,23,16,12,0,29,30,23,21,16,14,26,18,38,18,17,13,20,10,14,16,12,27,14,24,26,22,19,19,22,13,10,18,21,24,22,17,22,24,19,18,20,25,21,16,19,20,21,17,2,10,24,13,15,28,25,20,17,22,25,19,12,14,12,21,29,22,24,23,20,24,24,22,20,6,20,26,14,24,22,16,13,23,23,38,16,13,23,25,20,19,20,18
23,33,36,23,36,31,24,29,44,26,24,10,23,45,9,23,41,26,37,28,26,28,18,16,28,38,19,28,27,19,23,29,31,29,31,28,25,27,28,31,28,44,23,26,37,16,24,18,25,32,6,6,27,27,28,22,27,20,17,31,28,37,33,27,31,27,22,9,26,36,16,27,31,20,26,37,27,25,26,23,37,27,36,34,18,19,31,36,43,18,12,25,5,11,30,25,32,33,29,29,0,37,11,2,28,10,24,19,21,33,35,28,42,27,35,37,29,4,27,43,30,21,25,37,14,33,30,28,43,39,26,36,31,22,38,10,22,42,38,29,38,30,36,37,28,26,39,28,32,46,43,22,28,44,43,39,10,29,17,39,11,30,21,9,23,24,21,36,38,30,34,43,27,23,30,35,33,40,27,16,40,29,21,22,38,39,10,39
30,38,38,28,38,32,31,24,47,27,30,33,30,41,33,30,38,30,39,26,27,23,36,42,23,38,36,23,10,38,30,16,26,35,26,34,28,28,40,32,23,45,32,30,37,37,21,31,29,34,31,33,18,34,34,28,21,35,36,33,23,40,34,16,33,31,30,36,16,40,33,20,28,39,27,37,28,27,28,35,36,27,39,40,36,38,31,40,48,36,35,31,36,33,31,26,26,39,33,30,37,0,34,36,39,33,31,34,43,19,40,37,40,28,37,39,30,35,25,44,31,34,30,38,32,31,30,35,38,44,30,38,33,30,40,32,32,44,37,35,40,31,42,36,30,28,47,35,31,46,48,32,35,50,42,37,32,25,35,39,34,24,31,34,33,39,33,44,37,34,25,48,28,35,35,38,32,47,25,43,40,37,33,31,37,39,36,42
11,29,29,14,27,30,11,21,37,17,13,14,20,36,2,20,32,18,25,20,15,18,23,27,18,28,23,18,27,21,20,29,26,20,22,19,16,11,20,22,18,35,14,14,27,25,22,7,18,20,27,17,20,19,19,15,22,32,21,23,18,28,33,21,21,18,16,23,19,27,27,18,19,22,15,28,19,15,18,14,27,26,29,25,23,21,18,23,36,21,29,13,21,2,22,24,23,28,20,23,11,34,0,11,17,4,26,14,26,29,26,16,33,16,26,27,21,21,17,34,26,16,16,28,3,18,22,17,32,32,14,27,19,19,28,4,20,34,31,22,29,17,24,27,16,12,34,16,25,37,34,20,17,35,30,30,14,17,14,30,27,28,18,8,14,18,18,32,28,21,32,34,22,20,28,26,25,33,23,26,31,20,18,20,29,29,10,28
24,32,32,23,36,31,26,29,44,26,24,12,23,44,9,23,40,25,35,29,26,28,18,27,28,38,19,28,27,19,23,29,33,29,31,28,25,27,32,31,28,43,23,26,37,14,24,18,25,32,6,6,27,29,28,30,27,9,17,29,28,37,35,27,31,27,22,19,26,35,16,27,26,20,26,37,25,25,31,23,37,27,39,34,18,19,25,36,43,5,9,25,11,11,28,25,32,28,29,21,2,36,11,0,28,8,21,23,23,33,35,26,41,32,35,37,30,8,27,43,26,20,25,37,14,33,29,25,41,41,27,36,34,22,38,12,22,43,40,31,38,33,33,37,28,31,42,26,33,45,43,20,25,44,43,37,16,29,10,39,11,30,21,11,23,9,21,40,38,25,34,42,27,23,35,35,33,43,26,16,40,26,21,22,38,36,21,37
12,14,9,20,21,40,19,25,25,14,2,21,27,27,17,27,22,17,9,19,22,21,30,37,21,27,32,21,33,30,28,33,37,15,16,9,13,14,16,14,21,24,18,14,25,26,29,6,22,21,35,37,22,26,16,10,26,36,30,20,21,20,38,31,17,20,25,32,22,20,35,15,16,32,18,25,16,13,20,23,25,34,25,20,30,30,16,22,28,32,32,21,32,7,20,35,19,15,17,16,28,39,17,28,0,22,34,18,46,30,20,13,19,19,20,18,24,29,25,25,34,19,19,20,22,22,24,11,20,23,25,20,30,31,20,25,34,26,22,17,23,28,20,19,16,18,24,13,22,30,25,34,11,27,21,21,25,31,23,21,42,30,32,31,24,31,32,22,24,16,31,26,24,27,31,20,24,28,33,46,22,11,32,33,23,18,29,25
17,21,21,16,29,32,22,19,37,18,17,3,19,36,2,19,34,13,25,22,14,24,22,22,23,33,10,24,30,21,19,32,26,22,23,21,18,20,27,20,24,34,9,19,33,10,24,11,20,28,27,14,24,23,21,17,26,14,21,25,24,28,35,25,27,18,14,10,23,31,27,20,21,23,17,30,18,18,21,15,33,26,32,27,22,21,16,27,38,9,14,19,10,4,24,24,22,19,22,14,10,33,4,8,22,0,24,12,26,29,28,15,34,21,28,30,22,10,20,35,24,16,18,30,7,25,22,15,35,30,15,29,26,19,31,2,16,36,34,23,31,24,28,30,21,20,34,15,25,36,34,17,15,37,33,33,2,17,2,31,29,26,18,6,16,8,18,31,30,17,32,36,20,20,29,28,25,34,23,26,34,20,18,19,30,28,13,26
24,31,31,14,39,24,31,31,45,27,24,24,6,46,24,8,37,20,38,27,22,25,24,34,25,34,21,25,22,25,10,19,28,34,22,33,26,26,32,30,29,45,12,25,33,25,22,26,28,30,23,23,24,27,33,27,18,24,26,26,25,36,38,24,27,26,13,21,22,36,23,24,24,28,22,36,23,30,27,18,33,6,39,39,24,25,24,39,48,19,23,24,22,24,26,16,32,31,32,26,24,31,26,21,34,24,0,12,29,27,37,33,35,24,36,38,26,25,24,47,2,22,30,39,27,30,26,26,40,43,25,35,33,24,39,25,6,46,38,28,37,32,40,39,26,26,47,33,30,49,45,6,26,49,39,37,24,33,24,37,19,28,22,20,23,32,22,43,36,27,20,44,16,18,34,36,30,48,23,29,37,33,22,12,36,37,20,42
12,15,15,2,27,30,15,10,31,8,12,12,6,31,6,6,29,10,18,10,15,9,18,29,9,27,16,9,25,18,8,26,18,17,9,19,12,14,17,14,9,27,2,13,26,25,20,13,18,25,27,29,17,18,18,15,20,28,19,23,9,25,37,20,20,15,4,16,15,19,27,8,15,20,15,24,11,16,15,6,26,12,23,21,18,19,12,23,32,16,27,12,16,8,24,24,10,15,20,18,19,34,14,23,18,12,12,0,32,26,24,17,30,11,23,24,20,21,18,28,14,13,17,25,15,18,19,10,31,27,14,23,23,20,25,8,6,27,31,16,23,21,22,27,15,15,27,17,18,35,31,8,10,36,33,24,12,15,12,27,22,27,18,20,9,18,18,22,28,14,27,33,21,10,24,23,19,27,20,32,31,15,18,10,28,24,11,26
35,44,44,32,47,28,37,36,58,37,35,30,28,57,26,28,47,38,42,37,34,39,26,21,38,43,25,39,38,24,28,36,37,40,38,39,36,38,46,42,39,58,32,37,43,28,32,29,31,38,23,17,34,40,39,33,34,29,29,35,39,47,49,37,38,38,32,25,34,47,23,38,38,25,33,48,38,36,38,32,43,28,47,45,26,26,38,45,53,23,28,37,15,26,37,27,40,44,39,38,21,43,26,23,46,26,29,32,0,37,46,40,47,38,46,48,35,28,35,54,30,26,36,48,27,41,35,39,50,47,35,47,42,28,49,24,28,54,47,34,49,41,46,48,38,37,53,40,41,55,54,28,39,55,46,45,30,36,30,48,19,37,26,20,32,27,26,49,44,40,37,54,35,28,43,46,41,55,31,2,47,41,26,28,43,47,16,49
26,32,34,26,33,30,23,35,43,32,26,30,24,41,30,24,29,24,34,30,14,22,28,41,24,28,31,22,14,30,24,4,36,30,23,29,23,18,36,26,22,42,26,27,27,34,30,28,18,26,32,33,19,22,29,19,10,32,31,22,22,30,27,20,24,18,26,31,12,29,32,25,22,34,14,30,22,23,21,31,25,27,36,35,28,30,23,35,43,29,37,27,29,30,22,31,29,33,27,18,33,19,29,33,30,29,27,26,37,0,33,31,33,22,36,36,12,31,12,43,19,28,24,35,26,14,14,32,31,41,28,35,27,25,33,31,22,43,34,28,35,28,37,35,22,20,41,31,16,42,43,22,32,43,35,35,32,36,29,34,27,6,26,25,30,35,26,41,32,26,6,41,14,27,30,36,14,44,30,37,35,32,26,27,32,31,25,40
20,11,12,25,6,46,20,28,19,16,20,28,31,18,26,31,8,14,11,21,23,18,34,45,18,7,34,18,39,35,31,31,30,10,20,15,18,11,15,11,18,19,25,20,3,35,29,21,31,18,41,41,26,29,12,20,23,39,34,24,18,3,35,33,17,20,27,34,26,13,41,16,17,35,17,5,17,19,20,26,5,37,23,1,34,35,18,2,20,34,39,25,34,24,24,38,20,11,17,17,35,40,26,35,20,28,37,24,46,33,0,13,7,17,8,3,27,35,27,15,37,29,21,4,26,26,27,15,9,5,21,2,27,32,6,28,31,15,6,18,6,25,9,6,17,15,18,13,26,17,14,31,15,17,15,8,28,30,28,9,40,29,32,32,24,36,32,3,7,22,33,10,23,32,29,8,26,18,24,46,6,15,32,32,7,7,29,23
9,8,9,10,16,32,10,23,19,17,11,15,27,20,13,27,18,15,6,19,19,17,31,39,17,16,30,17,39,28,20,28,29,5,17,5,16,11,17,8,17,20,20,13,16,25,28,10,22,9,31,35,28,18,3,14,22,31,30,13,17,16,40,33,7,16,12,26,25,12,29,15,13,21,16,15,13,14,16,12,18,30,23,12,31,28,12,15,22,30,29,23,28,14,13,26,19,8,3,13,28,37,16,26,13,15,33,17,40,31,13,0,18,13,13,14,23,25,23,19,33,22,15,14,19,22,23,6,19,11,23,14,24,21,16,17,25,20,14,7,13,22,13,14,13,12,20,1,20,22,18,27,6,26,19,12,17,25,18,21,36,28,22,26,12,25,22,13,17,16,27,21,22,18,26,13,22,17,28,40,18,9,19,18,20,12,19,18
23,10,14,32,6,43,17,33,16,26,25,30,32,19,33,30,6,24,14,26,16,16,40,51,15,1,39,16,30,42,32,31,34,12,19,18,25,17,14,14,16,19,32,23,4,38,32,24,28,19,40,42,17,20,18,17,20,45,40,23,16,5,33,21,18,16,33,41,19,5,42,20,16,42,18,9,18,22,21,33,6,35,23,13,41,42,22,14,19,40,43,26,41,27,19,31,28,17,18,20,42,40,33,41,19,34,35,30,47,33,7,18,0,18,6,7,22,38,21,16,33,32,23,10,28,21,22,17,2,12,26,9,33,29,6,33,28,17,5,15,10,29,11,6,19,16,12,15,19,15,16,28,17,18,11,12,33,28,30,2,37,25,29,28,24,43,27,17,1,24,24,19,21,27,35,6,21,19,29,43,4,19,29,27,5,5,31,23
11,20,22,11,19,34,3,26,30,16,11,20,15,27,19,15,20,6,21,19,10,13,29,41,15,18,29,13,30,29,18,20,32,14,15,13,13,2,24,9,13,29,11,10,18,32,21,9,16,17,31,33,18,12,13,9,14,36,29,21,13,17,33,23,11,6,13,29,14,17,33,5,4,33,8,16,2,1,8,20,18,21,20,16,29,29,5,18,27,27,34,17,26,19,26,28,18,22,13,10,27,28,16,32,19,21,24,11,38,22,17,13,18,0,16,18,14,26,10,27,23,20,11,17,15,12,14,14,24,24,17,15,18,22,17,21,17,27,18,15,15,16,21,19,2,4,26,13,12,27,26,17,14,27,19,15,21,17,21,19,26,18,22,24,18,30,22,21,20,6,18,24,14,23,18,16,14,26,23,29,18,14,24,21,18,17,17,21
19,9,9,24,9,42,13,21,9,13,19,26,30,13,26,30,9,12,8,17,26,13,33,45,13,6,33,13,38,35,30,32,27,7,13,9,14,11,14,8,13,18,18,18,6,35,29,17,28,20,41,41,24,25,9,19,26,39,33,24,13,5,38,25,13,23,26,33,21,6,39,11,16,35,20,8,16,19,19,26,8,36,17,6,33,35,14,4,12,33,39,23,33,26,22,36,17,9,17,14,35,37,26,35,20,28,36,23,46,36,8,13,6,16,0,6,24,33,26,11,35,26,20,9,25,25,24,10,8,16,18,8,30,31,5,30,29,12,9,17,9,29,7,9,18,16,11,12,23,14,10,29,9,13,15,2,28,21,27,10,39,32,32,32,21,38,31,6,6,23,28,11,26,31,32,2,25,13,29,46,7,18,31,31,10,2,28,19
21,10,10,26,4,44,21,29,19,19,18,27,32,20,27,32,5,21,9,21,22,17,35,47,17,7,35,17,33,37,32,34,31,9,19,15,20,16,14,12,17,16,26,21,5,37,32,23,28,19,43,43,25,25,12,21,28,41,35,26,17,3,38,27,18,19,28,35,25,12,41,15,18,37,20,3,18,21,21,28,7,38,27,3,35,37,19,5,18,35,39,24,35,24,24,38,21,10,18,16,37,39,27,37,18,30,38,24,48,36,3,14,7,18,6,0,26,36,28,21,38,30,23,6,27,26,26,13,9,5,24,5,27,33,2,29,30,21,5,19,5,25,7,5,16,16,18,15,24,14,14,32,13,14,17,6,29,29,29,11,41,32,33,33,24,36,33,3,6,24,30,16,26,32,27,6,26,17,28,47,5,17,31,33,6,6,30,27
20,23,26,20,27,36,21,22,35,26,20,24,15,36,24,15,24,13,28,24,6,19,26,38,19,22,28,19,16,28,17,6,31,24,18,23,19,14,30,20,19,36,20,20,23,31,22,22,14,20,30,31,14,16,23,13,4,32,29,16,19,26,27,14,15,10,20,28,8,25,30,19,10,31,12,26,10,17,14,25,21,26,30,29,26,28,17,29,38,26,31,23,26,24,16,30,22,24,21,12,29,30,21,30,24,22,26,20,35,12,27,23,22,14,24,26,0,28,6,38,18,21,18,31,20,9,2,26,29,35,24,29,22,20,31,25,17,34,30,22,31,22,32,31,10,16,37,25,11,38,38,17,26,37,27,29,26,21,23,26,26,14,21,20,24,32,21,34,26,19,8,37,6,20,26,32,10,39,22,35,29,26,21,22,26,29,19,34
20,30,30,21,36,17,26,28,46,22,22,10,21,44,9,21,41,27,32,28,27,28,18,26,28,38,19,28,28,17,21,29,33,27,31,28,23,27,31,29,28,43,21,22,36,2,19,22,26,27,10,22,27,30,26,31,28,5,18,26,28,35,38,26,32,26,22,5,27,37,10,27,29,15,26,35,25,25,32,15,36,25,39,32,16,17,27,34,45,9,5,21,7,21,26,11,28,30,24,27,4,35,21,8,29,10,25,21,28,31,35,25,38,26,33,36,28,0,31,43,25,22,25,37,26,32,31,27,41,36,23,36,34,13,38,10,21,43,41,27,38,33,34,37,26,31,41,25,32,41,43,21,27,43,41,36,8,26,10,37,25,34,10,15,21,7,8,40,38,29,32,43,31,16,35,35,30,43,22,28,41,29,9,16,38,35,24,37
18,26,28,18,27,28,17,26,37,23,18,24,13,33,22,13,25,12,27,22,10,22,25,40,21,22,27,22,18,28,15,12,32,24,21,23,19,14,30,19,22,36,18,17,23,31,21,21,14,20,28,29,17,17,23,14,4,35,26,16,22,26,31,14,17,14,17,27,6,26,30,16,12,31,12,26,12,15,14,25,23,22,31,29,25,28,16,29,37,25,33,19,25,22,16,30,22,28,21,14,27,25,17,27,25,20,24,18,35,12,27,23,21,10,26,28,6,31,0,37,16,19,18,29,21,11,6,24,28,33,20,23,24,18,27,26,14,34,26,22,27,22,30,27,13,14,37,23,11,38,34,14,24,37,27,25,27,23,24,27,22,10,19,21,25,35,19,33,22,18,8,35,6,20,26,26,13,34,23,29,25,24,21,20,22,27,19,31
27,15,16,33,15,52,28,31,4,21,28,36,39,2,34,37,16,24,13,23,31,21,44,52,21,21,44,21,44,43,38,41,39,14,21,18,28,24,22,15,21,2,28,26,20,43,36,27,37,23,49,43,27,36,19,26,35,47,38,30,21,13,38,38,24,27,35,43,31,16,49,21,25,42,27,19,25,24,29,32,20,47,15,14,39,43,23,17,2,44,47,34,44,33,30,46,24,14,23,24,43,44,34,43,25,35,47,28,54,43,15,19,16,27,11,21,38,43,37,0,46,35,29,16,34,34,36,21,15,18,37,18,40,43,14,38,38,4,18,28,15,35,19,15,26,27,4,19,34,17,10,44,20,17,13,13,38,30,38,21,50,40,44,40,29,37,44,20,21,28,42,8,34,42,39,13,34,12,38,57,14,20,44,39,19,11,43,19
24,36,38,12,39,24,31,29,45,31,24,24,8,44,24,10,37,20,37,28,22,29,25,35,28,34,20,29,22,26,6,19,30,34,28,33,26,26,38,31,29,44,12,25,33,25,22,26,28,30,25,25,24,27,33,27,18,25,27,26,29,36,38,24,27,26,11,23,22,36,25,26,24,28,22,36,23,30,27,22,33,2,42,39,25,26,24,39,47,23,23,24,23,24,23,16,34,38,33,26,30,31,26,26,34,24,2,14,30,19,37,33,33,23,35,38,18,25,16,46,0,22,30,39,27,30,26,34,40,43,25,35,33,24,39,25,12,47,38,28,37,32,40,39,26,26,47,33,30,49,47,8,34,46,39,37,24,31,24,37,17,28,22,20,21,32,22,41,36,29,20,43,26,17,34,36,30,42,23,29,37,33,22,21,36,37,20,37
11,27,27,13,31,29,23,28,37,21,11,14,16,34,16,15,35,19,27,22,21,21,11,27,21,32,7,21,24,17,16,26,27,26,25,21,14,20,24,20,21,35,13,15,30,18,20,19,20,29,23,27,21,23,22,25,20,30,9,29,21,30,37,20,21,16,14,11,21,28,23,17,20,19,21,29,20,22,24,18,30,22,36,28,11,17,18,31,37,11,28,15,11,12,29,23,27,27,24,22,21,34,16,20,19,16,22,13,26,28,29,22,32,20,26,30,21,22,19,35,22,0,22,30,18,25,22,22,36,29,17,28,27,17,30,19,14,37,35,28,30,24,30,31,21,25,36,22,25,38,37,16,22,41,34,31,14,25,15,33,17,30,15,19,18,12,16,35,32,23,27,37,22,21,28,28,23,33,20,26,35,23,16,20,32,31,6,30
9,24,23,18,23,34,2,23,31,8,13,18,24,29,16,24,27,14,23,18,12,9,26,33,9,23,27,9,30,25,24,18,30,16,13,11,13,4,24,18,9,29,18,7,22,25,26,11,21,18,31,31,15,14,11,12,23,30,26,21,9,24,35,26,18,13,20,27,16,22,31,10,8,27,17,23,10,2,9,18,22,30,24,20,27,25,14,21,29,27,29,14,23,16,21,28,14,24,14,19,25,30,16,25,19,18,30,17,36,24,21,15,23,11,20,23,18,25,18,29,30,22,0,23,16,22,12,16,27,24,18,22,21,21,24,18,24,28,23,16,23,17,20,23,9,9,25,16,22,29,28,24,15,30,26,22,18,21,18,18,33,29,21,22,18,25,22,24,24,13,30,28,23,24,25,20,19,28,23,33,27,14,22,22,23,22,22,23
21,14,13,27,2,46,19,30,15,20,20,30,33,15,28,33,8,20,10,20,25,20,36,47,20,10,36,19,35,37,33,31,31,10,20,10,21,17,15,12,20,17,25,20,6,37,31,19,29,19,43,43,26,24,10,21,25,40,35,26,20,4,37,29,18,21,29,36,26,14,43,16,15,37,19,3,17,21,20,28,8,39,24,10,36,37,19,6,21,36,40,25,36,25,26,40,28,11,19,19,37,38,28,37,20,30,39,25,48,35,4,14,10,17,9,6,31,37,29,16,39,30,23,0,28,28,29,18,11,4,25,4,28,34,3,30,29,19,4,20,4,24,6,4,19,17,20,14,26,13,14,31,18,17,18,9,30,30,30,10,41,31,34,34,25,36,32,4,9,21,33,13,25,32,30,9,28,15,27,48,4,13,34,32,5,8,30,24
11,28,28,15,27,31,11,24,37,17,13,15,20,35,5,20,32,18,25,19,15,18,23,28,18,28,24,18,25,20,21,28,30,20,22,19,16,11,22,22,18,35,14,14,27,26,21,7,17,20,27,20,19,18,19,15,20,31,23,22,18,28,31,19,22,17,17,24,17,27,27,18,19,24,15,28,19,15,18,15,27,27,28,25,23,20,18,23,36,23,30,11,23,5,21,25,22,28,20,22,14,32,3,14,22,7,27,15,27,26,26,19,28,15,25,27,20,26,21,34,27,18,16,28,0,17,21,17,31,32,17,27,19,18,28,7,21,34,31,22,29,17,24,27,16,12,34,16,25,37,34,21,17,35,29,29,15,20,15,29,30,26,19,11,15,19,18,32,28,19,32,34,20,21,28,26,25,33,22,27,31,20,19,21,29,28,10,28
10,16,16,18,30,37,21,24,33,18,19,23,20,34,25,20,26,15,22,23,7,18,28,38,18,25,30,18,20,30,22,20,30,23,18,22,20,13,23,17,18,34,18,14,22,32,27,8,4,19,36,31,14,14,22,6,11,31,29,20,19,25,31,17,15,11,19,30,7,24,34,18,15,23,9,24,14,20,12,24,20,28,28,28,30,30,15,28,38,28,31,23,28,25,21,33,27,24,22,13,33,31,18,33,22,25,30,18,41,14,26,22,21,12,25,26,9,32,11,34,30,25,22,28,17,0,10,22,24,34,21,32,19,24,28,23,21,36,28,17,30,21,32,29,19,15,35,24,2,35,37,21,22,36,35,29,23,28,20,27,30,18,25,23,21,25,24,32,29,6,15,37,14,25,21,30,2,37,26,37,27,15,25,16,31,31,20,34
20,25,26,19,27,23,15,28,35,26,20,24,15,36,24,15,24,18,28,24,6,20,26,38,20,22,27,20,18,28,17,16,33,24,21,21,21,14,30,20,20,36,19,22,23,31,22,22,14,20,30,31,16,17,20,14,6,32,29,16,20,26,31,15,18,10,19,27,10,26,25,21,14,31,12,26,14,17,15,24,21,26,30,29,26,28,17,29,38,26,24,21,26,24,16,30,23,26,23,10,30,30,22,29,24,22,26,19,35,14,27,23,22,14,24,26,2,31,6,36,26,22,12,29,21,10,0,26,29,35,25,29,22,20,31,26,17,38,30,22,31,22,32,31,14,16,37,25,12,38,38,17,26,36,29,29,25,30,24,26,24,10,21,21,24,33,17,35,26,18,10,37,6,18,26,32,12,38,22,35,29,26,17,22,26,29,20,34
17,6,6,15,17,36,17,27,19,14,9,15,20,17,13,22,18,11,9,16,20,14,31,39,12,17,28,14,39,29,23,29,33,7,14,8,18,12,8,5,12,25,22,19,17,27,29,12,25,9,33,31,28,21,9,14,23,29,31,15,14,17,40,32,7,17,19,29,25,11,33,12,14,27,16,18,14,14,15,18,17,26,20,16,31,29,10,17,24,30,31,22,31,17,15,30,16,6,8,18,28,35,17,25,11,15,26,10,39,32,15,6,17,14,10,13,26,27,24,21,34,22,16,18,17,22,26,0,18,16,23,17,24,23,17,19,20,21,17,11,17,22,14,17,14,13,23,8,23,27,23,28,1,23,23,10,19,23,19,18,37,28,23,23,18,23,24,20,18,12,30,16,22,24,27,8,22,20,27,39,17,6,24,24,20,10,26,17
25,11,19,31,8,39,23,32,13,29,25,32,35,19,32,29,8,22,15,26,21,16,41,53,15,3,42,16,28,42,37,31,36,16,24,16,24,18,14,15,16,17,31,24,6,41,35,26,22,20,47,45,20,20,18,20,20,44,41,17,16,7,39,22,22,16,34,42,21,5,47,21,15,43,23,9,20,22,16,32,8,40,26,14,42,42,17,15,16,41,44,28,42,32,27,39,28,19,20,21,43,38,32,41,20,35,40,31,50,31,9,19,2,24,8,9,29,41,28,15,40,36,27,11,31,24,29,18,0,10,24,10,32,29,8,33,28,21,7,15,12,31,9,8,19,20,16,15,22,16,15,28,16,23,2,7,33,29,30,3,37,25,29,29,27,43,27,12,3,23,24,20,20,27,34,8,24,16,28,43,6,19,29,27,6,7,31,22
24,11,10,25,4,47,14,32,20,25,18,32,37,20,26,37,10,26,15,30,27,25,43,50,25,15,41,21,40,41,33,38,37,15,27,12,26,19,13,11,21,18,31,23,13,41,35,23,33,21,44,42,32,31,12,23,32,44,41,25,25,10,41,36,23,23,29,35,32,20,44,25,19,41,26,7,24,22,26,24,10,43,24,4,39,41,24,5,13,43,44,34,41,29,27,41,18,11,20,24,39,44,32,41,23,30,43,27,47,41,5,11,12,24,16,5,35,36,33,18,43,29,24,4,32,34,35,16,10,0,27,3,32,35,11,29,35,19,6,19,6,32,2,6,24,24,19,14,30,12,19,35,19,21,6,12,31,29,28,14,44,37,35,33,31,36,35,2,11,24,39,19,31,35,34,12,30,17,33,47,6,18,35,35,16,15,36,27
12,29,30,14,25,35,17,19,31,15,14,18,19,36,14,19,26,13,25,19,20,18,22,35,17,25,23,18,25,25,19,32,23,23,19,21,9,15,32,20,18,34,12,11,25,23,20,15,20,27,28,32,18,17,21,17,25,31,25,24,18,23,33,20,22,20,15,23,18,23,28,16,18,27,18,22,18,16,17,16,25,25,25,20,23,25,17,15,34,23,26,13,23,14,28,27,18,28,21,22,26,30,14,27,25,15,25,14,35,28,21,23,26,17,18,24,24,23,20,37,25,17,18,25,17,21,25,23,24,27,0,23,24,22,25,14,19,32,28,24,25,21,29,25,17,17,33,19,21,35,32,19,23,32,22,24,17,17,17,27,28,28,21,19,18,26,21,18,26,18,29,32,22,23,26,20,22,32,6,35,28,23,21,23,25,26,19,27
19,13,11,23,4,45,16,32,17,24,19,29,29,22,27,29,4,18,12,23,23,23,33,46,19,7,33,20,38,36,29,33,30,12,20,12,18,15,21,10,20,18,23,18,7,36,31,22,31,19,40,42,26,30,12,20,27,40,33,25,20,5,41,32,16,20,25,33,26,15,42,16,13,36,21,3,15,20,20,24,5,35,25,3,33,36,17,8,20,33,40,23,33,27,25,37,26,11,18,17,36,38,27,36,20,29,35,23,47,35,2,14,9,15,8,5,29,36,23,18,35,28,22,4,27,32,29,17,10,3,23,0,27,33,8,29,29,16,6,19,6,25,7,6,17,17,19,15,26,13,15,29,17,17,9,9,26,31,29,11,39,31,33,33,27,34,31,7,7,20,31,14,27,31,29,8,26,20,29,47,6,16,33,31,7,9,28,25
16,30,32,21,26,43,27,21,40,16,22,24,23,38,24,23,32,19,32,19,19,16,32,36,20,32,32,16,28,32,25,30,24,24,16,22,23,15,33,23,16,39,23,14,30,34,28,14,23,30,37,35,22,4,22,14,24,36,32,29,15,27,37,25,25,19,23,32,19,30,38,17,20,28,20,28,16,20,8,28,30,31,31,30,32,32,18,30,41,30,36,23,29,26,27,37,19,32,24,22,31,33,19,34,30,26,33,23,42,27,27,24,33,18,30,27,22,34,24,40,33,27,21,28,19,19,22,24,32,32,24,27,0,22,28,26,28,38,30,28,28,2,29,28,16,22,30,23,18,37,38,26,25,39,27,31,23,21,21,29,36,27,23,28,24,33,25,28,28,20,23,39,20,29,2,29,21,39,20,44,30,27,25,29,28,30,20,34
17,30,28,20,33,21,19,22,40,21,19,11,16,43,19,16,33,24,21,21,20,25,23,33,24,29,24,25,24,23,16,22,30,24,24,25,18,17,30,28,25,40,20,20,29,13,15,19,23,20,16,24,15,26,23,28,17,23,24,18,25,33,36,23,24,23,20,24,20,31,16,22,24,20,11,32,24,22,24,14,29,24,35,29,21,23,24,29,38,24,15,17,24,19,18,15,24,30,20,24,22,30,19,22,31,19,24,20,28,25,32,21,29,22,31,33,20,13,18,43,24,17,21,34,18,24,20,23,29,35,22,33,22,0,35,19,16,40,33,18,35,26,30,34,21,15,36,21,19,38,39,16,24,39,32,31,11,22,11,31,25,28,3,15,14,20,7,33,30,23,29,40,18,12,30,32,25,41,18,28,33,27,7,12,29,33,21,33
21,11,11,27,3,45,20,28,12,24,19,29,33,15,28,33,6,20,10,22,23,16,35,48,16,6,36,16,34,38,33,35,32,10,20,13,21,17,15,11,16,15,23,20,6,38,33,23,26,20,44,44,24,20,13,21,29,42,35,27,16,2,39,28,18,20,29,36,24,9,42,20,19,38,21,4,17,21,16,23,6,39,26,9,36,38,19,6,16,36,42,23,36,28,25,39,28,11,20,19,38,40,28,38,20,31,39,25,49,33,6,16,6,17,5,2,31,38,27,14,39,30,24,3,28,28,31,17,8,11,25,8,28,35,0,30,31,15,3,20,3,25,12,3,21,17,19,15,24,16,13,31,13,13,12,5,30,30,30,10,41,31,34,34,23,33,32,6,5,24,29,12,27,32,28,5,26,19,29,48,4,18,34,32,9,5,30,30
17,21,21,16,29,32,20,19,37,19,17,3,20,37,2,20,32,17,25,22,20,24,23,21,23,33,10,24,30,22,20,32,26,22,25,21,18,20,17,20,24,37,16,19,33,10,22,11,22,25,27,14,24,21,19,18,25,14,22,27,24,29,33,25,25,14,16,10,23,32,27,20,21,24,20,30,18,18,21,16,33,26,35,27,24,22,16,27,37,12,14,19,12,4,26,24,22,17,22,18,10,32,4,12,25,2,25,8,24,31,28,17,33,21,30,29,25,10,26,38,25,19,18,30,7,23,26,19,33,29,14,29,26,19,30,0,20,35,29,21,31,23,28,30,21,24,35,15,25,35,36,19,15,37,33,27,2,17,2,31,29,28,18,5,16,6,18,31,30,17,32,35,22,20,28,28,25,37,23,24,32,18,18,20,30,33,19,30
16,25,25,8,33,28,25,18,40,21,18,18,2,38,16,2,32,14,29,20,16,15,18,32,15,28,17,15,23,20,2,20,24,28,20,27,18,20,22,24,15,39,6,17,27,21,16,20,21,26,23,25,18,23,27,26,17,25,20,25,15,30,34,20,21,20,7,17,12,31,23,14,18,23,16,30,17,24,19,16,27,12,31,33,19,20,16,33,42,15,24,18,17,18,25,22,19,25,26,20,22,32,20,22,34,16,6,6,28,22,31,25,28,17,29,30,17,21,14,38,12,14,24,29,21,21,17,20,28,35,19,29,28,16,31,20,0,34,32,24,31,24,34,33,20,20,40,27,22,41,41,2,20,42,36,31,18,25,17,33,16,25,14,16,15,23,14,32,28,22,25,39,16,2,26,30,23,40,16,28,32,25,14,2,26,29,11,31
28,16,14,32,18,50,22,31,4,21,26,34,39,6,30,40,18,20,15,23,33,21,43,52,21,17,44,21,36,43,38,39,33,14,21,17,26,22,22,20,21,8,28,27,18,43,37,26,37,22,47,48,28,35,17,23,35,45,38,32,21,15,40,40,23,25,34,44,27,15,49,19,24,43,29,21,25,25,23,33,18,47,13,14,37,40,21,19,10,43,47,35,42,32,30,46,23,14,24,25,42,44,34,43,26,36,46,27,54,43,15,20,17,27,12,21,34,43,34,4,47,37,28,19,34,36,38,21,21,19,32,16,38,40,15,35,34,0,18,29,18,35,20,18,27,28,2,20,35,17,10,37,20,17,23,11,34,32,34,21,50,37,42,43,26,40,44,20,19,28,42,6,33,43,37,15,35,8,37,57,14,17,44,35,20,13,43,19
25,9,12,31,2,45,15,28,12,22,19,29,32,22,32,32,3,26,10,23,23,20,40,51,20,6,40,20,36,41,32,28,33,11,24,10,24,17,13,10,20,19,27,24,7,41,30,27,28,19,40,42,26,23,11,21,24,45,40,25,19,3,36,26,18,17,29,40,26,10,42,22,16,41,18,3,18,25,18,23,7,38,28,9,40,41,20,8,15,40,45,28,40,29,22,37,30,10,19,21,38,37,31,40,22,34,38,31,47,34,6,14,5,18,9,5,30,41,26,18,38,35,23,4,31,28,30,17,7,6,28,6,30,33,3,29,32,18,0,19,3,24,6,1,17,14,17,18,26,12,13,32,17,14,16,8,27,27,28,9,41,28,33,33,27,34,31,6,6,21,29,14,24,31,27,9,29,17,26,47,1,13,33,31,5,8,31,25
18,7,7,23,19,32,16,26,30,20,19,18,24,28,22,18,19,16,9,23,14,18,33,41,17,15,32,18,30,31,24,27,32,10,20,14,19,14,13,10,18,27,23,20,15,27,25,17,24,4,27,27,18,19,12,19,21,32,33,8,18,19,29,24,4,13,25,31,17,16,27,17,14,25,13,20,15,15,16,15,13,32,23,15,33,29,12,15,21,33,30,24,33,22,12,26,25,7,7,16,29,35,22,31,17,23,28,16,34,28,18,7,15,15,17,19,22,27,22,28,28,28,16,20,22,17,22,11,15,19,24,19,28,18,20,21,24,29,19,0,21,23,16,19,15,14,24,7,19,26,24,22,11,27,17,16,17,26,18,12,33,25,18,18,15,31,18,21,16,19,26,24,19,18,28,18,19,26,26,34,19,11,18,18,15,18,26,25
20,14,13,23,8,47,15,24,13,22,20,31,31,22,29,31,6,18,11,22,24,18,34,48,18,7,35,18,34,38,31,33,34,11,22,11,21,15,15,11,18,15,23,18,8,38,33,23,30,20,44,44,26,23,10,21,27,41,34,25,17,4,39,29,17,20,27,35,26,11,44,16,17,38,21,2,15,22,20,27,6,37,24,8,35,38,17,8,14,35,42,23,35,29,27,41,24,14,20,19,38,40,29,38,23,31,37,23,49,35,6,13,10,15,9,5,31,38,27,15,37,30,23,4,29,30,31,17,12,6,25,6,28,35,3,31,31,18,3,21,0,26,6,4,17,19,17,16,28,17,12,29,18,15,16,9,31,28,31,8,40,33,35,35,29,35,35,6,12,20,35,13,27,33,27,9,26,18,29,49,8,15,35,33,8,9,29,24
18,28,30,21,24,41,16,16,38,14,19,24,24,36,22,24,28,15,24,17,18,14,30,34,18,28,31,14,30,31,24,26,23,22,14,22,20,15,32,21,14,35,21,20,29,33,28,12,21,28,37,34,25,2,22,12,20,37,31,30,13,21,39,26,22,17,21,31,18,29,36,15,20,26,14,26,16,18,6,26,29,32,27,28,31,31,15,27,35,29,34,21,28,24,30,35,16,30,22,20,30,31,17,33,28,24,32,21,41,28,25,22,29,16,29,25,22,33,22,35,32,24,17,24,17,21,22,22,31,32,21,25,2,26,25,23,24,35,24,23,26,0,28,24,14,14,28,22,18,35,36,24,22,36,22,30,23,21,28,26,33,26,27,26,20,31,27,28,25,20,26,36,20,29,4,25,18,37,27,42,22,23,27,24,28,29,21,28
24,9,9,21,6,44,13,26,16,23,19,27,34,16,27,32,8,23,11,27,26,25,38,46,24,9,37,25,39,36,31,36,33,10,23,12,24,19,12,9,25,18,29,25,13,34,34,17,31,16,39,41,29,27,11,17,28,41,38,22,25,7,42,32,18,21,23,38,26,18,39,23,14,34,22,5,21,19,23,23,13,38,25,5,38,36,21,3,18,37,37,30,38,24,22,36,22,10,16,21,36,42,24,33,20,28,40,22,46,37,9,13,11,21,7,7,32,34,30,19,40,30,20,6,24,32,32,14,9,2,29,7,29,30,12,28,34,20,6,16,6,28,0,6,22,21,13,14,29,11,20,34,15,21,9,13,26,23,28,14,40,35,30,32,26,32,30,4,9,21,36,16,29,30,29,12,27,12,31,46,6,8,30,30,16,12,34,23
22,10,10,27,2,44,15,28,13,22,19,30,33,22,27,33,4,22,11,20,23,20,36,47,20,5,36,20,35,37,33,31,32,11,20,10,21,17,14,10,20,15,27,22,8,37,31,23,29,19,41,43,27,23,11,22,25,41,36,24,19,4,37,30,19,20,29,36,26,11,43,20,17,37,19,2,19,21,18,23,8,39,24,9,36,37,20,11,16,36,41,25,36,27,25,38,24,10,18,17,37,36,27,37,19,30,39,27,48,35,6,14,6,19,9,5,31,37,27,15,39,31,23,4,27,29,31,17,8,6,25,6,28,34,3,30,33,18,1,19,4,24,6,0,17,15,17,16,28,13,14,33,17,15,8,8,27,28,29,10,42,29,33,33,27,34,31,10,6,25,29,15,25,31,27,9,30,17,27,47,2,17,33,31,6,9,31,26
7,15,16,15,17,38,7,25,31,10,12,20,18,26,19,18,14,10,17,13,4,12,26,36,11,19,26,14,33,26,20,20,27,14,10,12,12,4,23,10,12,26,15,6,20,26,24,14,19,19,33,33,18,16,13,6,14,32,26,23,12,21,35,27,12,4,17,26,11,20,33,9,6,29,8,20,4,3,10,20,18,24,19,19,26,26,8,18,25,24,32,11,24,19,24,30,12,16,13,2,28,30,16,28,16,21,26,15,38,22,17,13,19,2,18,16,10,26,13,26,26,21,9,19,16,19,14,14,19,24,17,17,16,21,21,21,20,27,17,15,17,14,22,17,0,2,25,17,13,28,27,20,18,26,26,20,23,23,25,21,27,20,23,24,24,32,24,21,20,6,18,24,14,25,24,15,13,28,23,38,16,15,24,24,20,20,20,20
7,20,21,15,15,37,3,20,27,12,12,19,18,27,18,18,20,10,18,18,11,11,30,41,12,20,30,11,35,25,20,16,28,13,11,12,11,2,24,10,11,28,15,6,17,31,22,9,17,16,32,32,18,14,12,9,10,35,30,24,11,16,31,21,12,6,17,30,14,15,32,9,6,32,4,18,4,7,10,19,17,24,22,18,30,28,8,18,28,28,35,15,25,18,25,29,16,21,12,10,26,28,12,31,18,20,26,15,37,20,15,12,16,4,16,16,16,31,14,27,26,25,9,17,12,15,16,13,20,24,17,17,22,15,17,24,20,28,14,14,19,14,21,15,2,0,22,12,12,28,26,20,13,25,24,17,20,21,20,18,27,16,15,23,17,27,23,23,18,9,20,24,10,24,16,16,14,26,19,37,14,13,23,22,18,15,19,20
28,14,14,32,17,51,27,30,2,21,26,34,40,8,30,38,17,20,13,23,31,21,43,50,21,15,44,21,43,42,36,40,33,14,21,17,29,22,19,15,21,2,28,27,20,42,36,23,35,24,47,48,28,28,17,21,32,46,37,31,21,15,38,34,23,27,34,41,27,13,47,19,23,42,29,18,22,23,22,31,20,47,13,16,37,39,20,18,11,42,45,34,40,32,31,45,23,18,24,24,39,47,34,42,24,34,47,27,53,41,18,20,12,26,11,18,37,41,37,4,47,36,25,20,34,35,37,23,16,19,33,19,30,36,19,35,40,2,17,24,17,28,13,17,25,22,0,20,30,11,10,37,20,13,14,11,34,28,34,20,49,40,42,43,26,40,42,22,18,27,41,8,34,37,36,20,33,15,38,57,14,15,40,35,21,11,41,17
9,8,9,10,16,32,10,24,20,18,11,15,27,19,13,27,18,15,6,20,19,18,31,39,18,15,30,18,39,28,20,28,29,5,18,5,16,11,17,8,18,20,20,13,15,25,29,10,22,9,31,35,28,18,3,14,22,31,31,13,18,16,40,33,8,16,12,26,25,11,29,16,13,21,16,15,13,14,16,12,17,30,23,12,31,28,12,15,23,30,29,23,28,14,14,26,20,8,2,13,28,35,16,26,13,15,33,17,40,31,13,1,15,13,12,15,25,25,23,19,33,22,16,14,16,24,25,8,15,14,19,15,23,21,15,15,27,20,18,7,16,22,14,16,17,12,20,0,20,23,19,27,6,26,19,12,17,25,18,21,36,28,22,26,12,25,22,13,17,16,27,21,22,18,26,13,22,16,28,40,18,9,19,18,20,12,19,19
12,24,27,19,28,32,21,27,33,26,19,24,20,34,23,20,27,15,27,23,9,17,28,38,16,20,30,17,18,30,22,19,31,21,16,22,20,13,29,19,17,34,19,16,20,32,27,20,2,19,36,33,12,12,22,8,11,31,29,20,17,23,31,15,15,13,19,30,9,22,32,18,15,33,9,26,14,20,14,24,22,28,31,26,30,30,15,28,38,28,37,24,28,25,21,33,27,27,22,15,32,31,25,33,22,25,30,18,41,16,26,20,19,12,23,24,11,32,11,34,30,25,22,26,25,2,12,23,22,30,21,26,18,19,24,25,22,35,26,19,28,18,29,28,13,12,30,20,0,35,37,21,25,38,35,29,23,28,20,26,30,18,19,23,21,28,15,34,29,16,13,37,14,25,25,28,4,37,26,37,27,28,23,25,30,31,20,33
31,19,18,35,13,52,23,36,13,28,29,37,41,17,37,41,11,29,20,32,33,26,41,56,27,16,45,30,44,41,37,40,42,19,30,20,30,25,22,18,30,16,35,30,16,44,41,31,35,26,47,50,35,37,20,29,37,47,43,27,30,15,40,37,24,29,36,41,34,22,49,27,25,45,31,15,27,27,31,35,16,48,23,16,42,37,28,15,14,45,48,35,45,34,32,47,33,18,22,28,46,46,37,45,30,36,49,35,55,42,17,22,15,27,14,14,38,41,38,17,49,38,29,13,37,35,38,27,16,12,35,13,37,38,16,35,41,17,12,26,17,35,11,13,28,28,11,23,35,0,15,43,28,13,23,21,34,35,35,19,52,40,43,39,37,45,44,14,23,27,41,14,36,43,40,13,34,19,42,57,19,21,45,43,23,18,43,26
30,14,16,32,14,49,25,37,8,27,26,32,41,12,31,41,14,30,15,31,33,28,44,53,28,16,43,26,45,39,36,41,41,16,28,21,28,25,18,15,28,10,33,29,15,43,39,29,37,24,49,47,36,36,17,28,34,46,44,29,28,15,40,35,24,25,35,44,31,14,47,25,25,43,30,13,25,26,30,27,17,45,22,12,41,43,22,15,2,44,46,34,44,31,29,43,30,14,21,25,43,48,34,43,25,34,45,31,54,43,14,18,16,26,10,14,38,43,34,10,47,37,28,14,34,37,38,23,15,19,32,15,38,39,13,36,41,10,13,24,12,36,20,14,27,26,10,19,37,15,0,41,23,4,17,11,37,31,38,17,50,41,43,43,32,44,43,17,23,27,42,10,35,39,39,11,35,6,39,56,15,17,42,40,22,10,41,20
16,30,32,8,33,28,25,25,42,23,18,18,2,39,18,4,32,14,31,22,16,23,18,33,22,28,17,23,23,21,2,20,25,28,22,27,20,20,32,25,23,37,6,17,27,21,16,20,21,24,23,23,18,21,27,24,17,26,20,25,23,30,30,21,21,20,7,17,16,30,23,20,18,24,16,30,17,24,19,16,27,12,33,33,18,21,18,33,39,17,24,18,17,18,25,22,28,32,27,20,22,32,20,20,34,17,6,8,28,22,31,27,28,17,29,32,17,21,14,44,8,16,24,31,21,21,17,28,28,35,19,29,26,16,31,19,2,37,32,22,29,24,34,33,20,20,37,27,21,43,41,0,28,40,36,31,18,25,18,33,16,25,14,14,16,24,14,37,28,22,25,37,18,12,26,30,23,39,16,28,32,26,14,13,28,31,14,35
17,6,6,15,17,36,17,27,18,14,9,15,20,18,13,22,18,10,9,16,20,14,31,39,12,17,28,14,39,28,23,29,33,7,14,8,18,12,7,5,12,25,22,19,17,27,28,12,25,9,33,31,28,21,9,14,23,29,30,15,14,17,39,32,8,17,19,29,24,10,33,12,14,27,16,18,14,14,14,18,17,26,19,16,31,28,10,17,25,30,31,21,31,17,15,30,16,6,9,17,28,35,17,25,11,15,26,10,39,32,15,6,17,14,9,13,26,27,24,20,34,22,15,18,17,22,26,1,16,19,23,17,25,24,13,15,20,20,17,11,18,22,15,17,18,13,20,6,25,28,23,28,0,23,22,9,19,23,19,19,37,28,23,23,18,23,24,20,18,12,30,17,22,24,27,9,21,19,27,39,17,6,24,24,20,9,26,19
32,20,19,35,15,53,27,35,6,28,26,37,42,14,35,42,13,31,18,30,28,29,40,55,29,20,43,29,45,40,42,43,39,18,29,20,31,25,25,20,28,16,30,31,20,43,41,28,38,27,50,45,32,38,23,29,34,46,36,30,29,14,43,33,27,27,37,45,33,25,50,27,26,45,29,14,26,28,28,33,18,49,21,13,43,42,27,19,6,42,49,34,44,34,30,47,32,17,18,22,44,50,35,44,27,37,49,36,55,43,17,26,18,27,13,14,37,43,37,17,46,41,30,17,35,36,36,23,23,21,32,17,39,39,13,37,42,17,14,27,15,36,21,15,26,25,13,26,38,13,4,40,23,0,26,16,38,32,38,19,51,45,42,40,33,44,40,21,25,28,46,10,38,41,44,17,37,13,39,57,13,26,40,41,21,16,39,19
27,13,17,34,8,46,23,30,17,27,27,36,35,19,31,30,9,28,15,29,27,25,45,52,25,7,45,21,37,43,36,34,38,13,25,18,27,20,12,13,21,15,25,25,14,41,35,24,37,17,43,41,30,20,18,22,27,45,45,19,21,12,38,31,8,27,35,45,28,7,43,25,13,41,24,9,25,16,15,30,8,39,24,10,45,43,15,15,15,45,45,32,45,31,23,37,19,20,19,25,43,42,30,43,21,33,39,33,46,35,15,19,11,19,15,17,27,41,27,13,39,34,26,18,29,35,29,23,2,6,22,9,27,32,12,33,36,23,16,17,16,22,9,8,26,24,14,19,35,23,17,36,22,26,0,10,32,32,35,8,44,36,31,33,21,40,33,10,7,30,37,17,30,33,36,12,34,20,28,51,15,14,37,32,8,11,40,20
21,10,13,28,7,40,14,27,9,13,17,26,31,11,29,31,8,13,9,17,20,13,39,48,13,5,39,13,38,41,31,33,27,8,15,10,20,12,20,10,13,20,19,18,6,38,29,22,29,18,39,40,22,23,10,16,27,44,38,22,13,5,44,25,17,14,30,37,21,6,39,11,17,40,19,8,15,20,15,29,8,37,17,6,39,41,15,4,14,37,43,29,39,28,22,34,17,9,16,19,39,37,30,37,21,33,37,24,45,35,8,12,12,15,2,6,29,36,25,13,37,31,22,9,29,29,29,10,7,12,24,9,31,31,5,27,31,11,8,16,9,30,13,8,20,17,11,12,29,21,11,31,9,16,10,0,30,30,28,8,38,30,32,31,19,32,30,10,5,22,27,9,25,30,32,2,24,13,30,45,6,18,32,30,9,2,29,19
15,21,21,12,27,22,22,20,36,17,15,3,18,36,2,18,34,13,25,20,22,24,22,23,23,33,10,24,30,18,18,32,28,20,24,21,16,20,23,22,24,34,14,17,32,10,22,15,22,23,14,27,24,23,19,18,26,12,22,23,18,29,36,24,23,14,10,9,24,32,16,20,18,18,18,30,21,18,21,10,32,24,32,25,20,18,12,25,39,16,12,17,10,14,23,14,20,23,18,12,10,32,14,16,25,2,24,12,30,32,28,17,33,21,28,29,26,8,27,38,24,14,18,30,15,23,25,19,33,31,17,26,23,11,30,2,18,34,27,17,31,23,26,27,23,20,34,17,23,34,37,18,19,38,32,30,0,18,2,31,27,28,8,11,10,8,5,31,28,17,31,35,24,12,29,28,22,34,20,30,34,22,7,12,30,28,15,28
19,29,29,20,28,35,22,1,33,7,22,18,24,29,17,24,31,24,26,9,27,7,30,38,7,29,28,7,26,28,23,35,6,27,6,23,22,17,21,28,7,29,22,16,32,26,27,19,23,27,30,33,10,21,22,22,29,35,32,28,7,29,40,15,30,26,20,30,12,26,30,8,25,28,25,29,25,21,15,20,24,29,25,25,30,28,24,22,29,30,29,23,30,17,28,29,5,29,23,14,29,25,17,29,31,17,33,15,36,36,30,25,28,17,21,29,21,26,23,30,31,25,21,30,20,28,30,23,29,29,17,31,21,22,30,17,25,32,27,26,28,21,23,28,23,21,28,25,28,35,31,25,23,32,32,30,18,0,22,26,34,33,21,20,10,24,21,29,31,25,35,29,27,23,21,20,29,28,20,36,27,25,21,19,23,21,28,30
13,21,21,12,28,19,19,22,39,15,15,1,18,37,2,18,34,13,23,22,21,21,22,22,20,30,9,21,27,20,18,29,30,20,24,21,16,20,25,20,21,34,9,15,29,8,18,13,20,20,15,24,21,22,19,17,23,14,22,20,21,29,36,21,25,14,14,10,21,29,14,20,25,18,20,30,18,18,21,8,29,22,32,25,20,20,16,27,38,10,13,15,17,12,20,11,20,21,15,12,17,35,14,10,23,2,24,12,30,29,28,18,30,21,27,29,23,10,24,38,24,15,18,30,15,20,24,19,30,28,17,29,21,11,30,2,17,34,28,18,31,28,28,29,25,20,34,18,20,35,38,18,19,38,35,28,2,22,0,31,24,30,8,7,10,8,6,31,30,17,31,36,24,14,29,28,22,34,19,30,34,21,5,14,30,31,14,28
22,15,16,27,10,44,16,33,20,21,23,31,33,21,30,28,11,21,15,24,19,20,38,49,17,3,38,20,31,39,33,34,30,16,22,13,22,16,12,15,20,23,27,22,6,39,31,20,27,19,43,43,18,23,12,22,25,44,38,22,20,9,40,26,14,19,30,38,22,6,43,22,20,39,21,9,19,18,20,30,8,37,26,15,38,39,20,16,21,37,42,29,37,30,18,36,29,20,21,21,39,39,30,39,21,31,37,27,48,34,9,21,2,19,10,11,26,37,27,21,37,33,18,10,29,27,26,18,3,14,27,11,29,31,10,31,33,21,9,12,8,26,14,10,21,18,20,21,26,19,17,33,19,19,8,8,31,26,31,0,42,30,33,27,29,31,32,18,7,25,28,18,24,34,34,12,23,20,33,47,9,15,35,31,9,9,31,27
24,38,38,22,42,29,34,34,51,34,26,27,14,51,27,16,41,28,40,31,23,32,18,13,31,37,16,32,32,20,16,24,30,37,31,36,29,27,40,31,32,52,20,28,36,25,25,28,30,35,5,21,27,30,36,27,24,26,19,34,32,40,45,30,27,27,22,16,23,39,17,30,28,19,23,40,28,33,28,28,36,15,45,42,18,20,27,42,51,6,25,28,6,29,34,24,37,38,34,29,11,34,27,11,42,29,19,22,19,27,40,36,37,26,39,41,26,25,22,50,17,17,33,41,30,30,24,37,37,44,28,39,36,25,41,29,16,50,41,33,40,33,40,42,27,27,49,36,30,52,50,16,37,51,44,38,27,34,24,42,0,29,23,25,28,24,23,46,37,31,27,49,25,24,33,39,32,51,25,19,41,35,23,24,37,40,11,45
26,32,33,27,29,27,25,33,42,31,26,30,25,37,28,25,29,22,32,28,16,28,29,41,27,26,32,28,19,30,25,2,35,29,27,26,27,20,35,26,28,41,27,28,27,34,24,27,18,25,30,30,23,22,26,20,8,36,30,21,28,30,25,23,24,20,27,32,16,31,25,27,18,34,14,32,18,26,20,31,27,26,36,34,28,30,23,34,42,30,37,27,30,28,21,31,34,33,28,22,30,24,28,30,30,26,28,27,37,6,29,28,25,18,32,32,14,34,10,40,28,30,29,31,26,18,10,28,25,37,28,31,27,28,31,28,25,37,28,25,33,26,35,29,20,16,40,28,18,40,41,25,28,45,36,30,28,33,30,30,29,0,25,25,30,37,25,38,30,26,10,39,10,26,31,32,20,42,28,35,31,31,25,26,26,33,26,37
17,30,30,18,33,18,19,21,41,21,19,8,14,44,18,14,33,24,21,21,20,25,21,31,24,29,22,25,25,21,14,23,29,24,24,25,18,17,30,28,25,40,18,20,29,10,16,19,24,20,13,23,15,26,23,29,18,22,23,17,25,33,37,23,24,24,18,22,20,33,13,22,24,18,11,32,24,22,24,14,27,22,35,29,19,21,24,29,38,22,12,19,22,18,17,12,24,30,20,24,21,31,18,21,32,18,22,18,26,26,32,22,29,22,32,33,21,10,19,44,22,15,21,34,19,25,21,23,29,35,21,33,23,3,34,18,14,42,33,18,35,27,30,33,23,15,42,22,19,43,43,14,23,42,31,32,8,21,8,33,23,25,0,14,14,20,4,33,30,23,29,40,19,10,30,32,24,41,17,26,33,27,4,10,29,33,19,33
21,23,27,20,33,28,23,20,42,23,21,12,16,41,6,16,33,22,28,23,13,25,22,33,24,28,24,25,25,23,16,25,27,26,24,25,22,24,29,24,25,44,19,23,29,21,18,15,24,24,23,9,20,24,25,28,20,24,21,19,25,33,37,23,18,17,20,23,20,32,23,24,24,24,19,34,21,22,25,20,23,24,33,31,23,23,22,31,36,24,24,23,24,8,21,18,26,23,26,23,9,34,8,11,31,6,20,20,20,25,32,26,28,24,32,33,20,15,21,40,20,19,22,34,11,23,21,23,29,33,19,33,28,15,34,5,16,43,33,18,35,26,32,33,24,23,43,26,23,39,43,14,23,40,33,31,11,20,7,27,25,25,14,0,20,20,14,35,28,23,30,38,20,16,29,32,25,40,19,20,33,24,14,16,29,33,21,32
17,28,29,9,27,26,18,10,27,8,17,10,17,28,14,15,29,10,21,11,20,9,23,31,9,28,19,9,29,20,15,30,16,18,9,19,18,16,27,22,9,27,10,16,27,21,23,15,22,17,23,29,21,16,17,13,24,30,25,16,9,27,38,18,22,19,11,21,12,23,23,8,19,11,19,27,14,17,13,2,27,21,22,23,23,20,12,22,32,22,25,18,22,14,18,20,10,29,12,20,23,33,14,23,24,16,23,9,32,30,24,12,24,18,21,24,24,21,25,29,21,18,18,25,15,21,24,18,27,31,18,27,24,14,23,16,15,26,27,15,29,20,26,27,24,17,26,12,21,37,32,16,18,33,21,19,10,10,10,29,28,30,14,20,0,23,14,24,29,22,32,30,25,6,28,18,24,28,23,32,23,22,14,8,29,19,16,23
24,27,27,23,34,34,30,18,40,24,24,9,24,40,8,23,40,27,27,25,20,34,22,30,33,43,9,34,31,18,21,37,29,26,34,28,25,29,19,26,29,40,21,26,42,7,29,22,33,30,24,21,34,30,25,24,33,21,22,37,34,33,40,34,34,20,20,9,32,32,24,29,34,22,30,37,24,25,28,23,40,32,34,34,20,18,26,31,42,11,22,25,20,21,37,27,25,27,26,24,24,39,18,9,31,8,32,18,27,35,36,25,43,30,38,36,32,7,35,37,32,12,25,36,19,25,33,23,43,36,26,34,33,20,33,6,23,40,34,31,35,31,32,34,32,27,40,25,28,45,44,24,23,44,40,32,8,24,8,31,24,37,20,20,23,0,19,37,38,23,35,41,27,24,35,37,32,44,25,27,37,24,19,23,39,33,19,37
17,30,29,18,31,14,23,21,43,19,19,6,14,42,18,14,31,24,26,21,20,25,23,31,24,27,23,25,25,21,14,25,29,24,24,25,20,24,30,28,25,43,18,19,29,9,14,19,23,20,9,23,20,26,23,29,20,10,21,19,25,32,37,23,24,22,18,22,20,33,11,24,22,18,19,32,22,22,25,12,29,22,35,29,19,20,24,29,38,21,11,19,21,18,19,6,24,30,21,24,21,33,18,21,32,18,22,18,26,26,32,22,27,22,31,33,21,8,19,44,22,16,22,32,18,24,17,24,27,35,21,31,25,7,32,18,14,44,31,18,35,27,30,31,24,23,42,22,15,44,43,14,24,40,33,30,5,21,6,32,23,25,4,14,14,19,0,35,28,23,27,40,21,7,30,32,26,39,15,26,31,27,2,5,27,33,18,34
27,11,12,28,10,47,22,27,21,16,23,32,37,20,28,35,6,26,10,18,23,16,43,49,16,16,40,16,41,38,37,38,36,10,16,14,21,17,11,15,16,17,29,26,14,40,35,20,32,21,44,42,26,26,12,22,32,44,36,25,16,5,37,27,23,22,31,38,27,14,44,16,22,40,26,9,22,22,16,30,13,43,26,2,43,41,21,5,18,41,42,34,35,24,25,41,18,13,20,22,36,44,32,40,22,31,43,22,49,41,3,13,17,21,6,3,34,40,33,20,41,35,24,4,32,32,35,20,12,2,18,7,28,33,6,31,32,20,6,21,6,28,4,10,21,23,22,13,34,14,17,37,20,21,10,10,31,29,31,18,46,38,33,35,24,37,35,0,15,25,39,19,32,35,32,7,32,21,30,49,11,19,35,35,14,6,37,23
23,14,15,28,5,40,17,32,20,26,23,32,28,19,28,28,7,22,14,29,16,16,37,48,15,1,37,16,31,38,28,30,30,15,19,16,21,17,18,14,16,17,28,23,4,38,28,24,29,20,37,39,17,20,14,23,20,41,37,24,16,6,33,23,14,16,29,37,19,6,37,21,18,38,18,7,20,22,17,29,6,36,29,13,37,38,20,14,19,37,41,26,37,28,20,32,28,17,20,20,38,37,28,38,24,30,36,28,44,32,7,17,1,20,6,6,26,38,22,21,36,32,24,9,28,29,26,18,3,11,26,7,28,30,5,30,28,19,6,16,12,25,9,6,20,18,18,17,29,23,23,28,18,25,7,5,28,31,30,7,37,30,30,28,29,38,28,15,0,24,24,19,22,27,35,6,22,24,29,43,5,19,29,27,2,6,31,30
12,10,10,12,25,39,17,28,27,18,12,17,22,26,15,22,19,10,18,15,15,17,26,40,17,24,26,17,27,26,20,26,34,17,12,14,13,7,12,11,17,28,14,14,22,30,26,12,16,22,34,34,18,16,14,2,19,36,26,24,17,22,36,23,17,10,19,26,15,23,35,12,9,31,12,20,6,12,12,13,21,29,24,22,26,26,7,24,24,24,34,19,24,21,23,32,23,12,15,6,30,34,21,25,16,17,27,14,40,26,22,16,24,6,23,24,19,29,18,28,29,23,13,21,19,6,18,12,23,24,18,20,20,23,24,17,22,28,21,19,20,20,21,25,6,9,27,16,16,27,27,22,12,28,30,22,17,25,17,25,31,26,23,23,22,23,23,25,24,0,22,27,17,29,24,19,8,23,29,35,20,9,29,29,21,19,23,24
27,30,34,27,29,29,28,35,42,33,27,29,21,39,32,21,30,24,34,30,14,23,31,40,24,24,32,23,7,30,25,10,31,28,23,29,25,20,36,26,23,42,27,29,27,32,30,29,14,26,33,34,18,20,29,20,14,32,32,22,23,29,27,18,24,18,27,29,16,29,33,25,18,35,18,32,20,29,21,32,29,18,38,33,31,30,23,35,44,30,32,31,30,32,22,24,36,33,27,20,34,25,32,34,31,32,20,27,37,6,33,27,24,18,28,30,8,32,8,42,20,27,30,33,32,15,10,30,24,39,29,31,23,29,29,32,25,42,29,26,35,26,36,29,18,20,41,27,13,41,42,25,30,46,37,27,31,35,31,28,27,10,29,30,32,35,27,39,24,22,0,47,16,24,29,32,20,45,29,35,38,35,25,24,32,40,28,42
29,18,18,30,15,52,23,29,6,21,26,35,39,2,30,39,14,22,19,26,32,24,40,53,24,19,43,24,41,43,39,39,35,18,26,20,28,20,22,20,24,8,31,27,11,43,39,25,37,24,49,47,34,37,21,26,35,47,40,29,24,12,38,38,24,27,34,43,30,22,48,22,23,43,25,15,25,26,23,34,11,43,19,13,41,41,22,14,12,42,47,32,42,33,29,43,25,18,19,26,43,48,34,42,26,36,44,33,54,41,10,21,19,24,11,16,37,43,35,8,43,37,28,13,34,37,37,16,20,19,32,14,39,40,12,35,39,6,14,24,13,36,16,15,24,24,8,21,37,14,10,37,17,10,17,9,35,29,36,18,49,39,40,38,30,41,40,19,19,27,47,0,32,38,42,11,34,18,38,57,13,22,40,41,21,11,43,22
20,26,25,21,25,35,23,27,36,25,20,23,16,34,22,16,25,16,26,22,6,22,27,40,18,22,29,22,18,28,18,10,32,23,21,20,21,14,29,20,22,35,21,22,21,31,22,21,14,19,30,29,17,16,20,15,2,35,28,15,22,25,27,15,18,10,20,29,10,25,30,21,14,31,6,28,14,20,15,25,21,24,30,28,27,28,17,28,36,27,31,21,27,22,15,29,28,27,22,14,27,28,22,27,24,20,16,21,35,14,23,22,21,14,26,26,6,31,6,34,26,22,23,25,20,14,6,22,20,31,22,27,20,18,27,22,16,33,24,19,27,20,29,25,14,10,34,22,14,36,35,18,22,38,30,25,24,27,24,24,25,10,19,20,25,27,21,32,22,17,16,32,0,21,26,26,13,36,17,34,27,23,20,21,20,25,20,30
23,21,21,15,31,24,24,20,38,25,23,14,6,40,20,13,31,16,26,25,18,27,23,33,26,27,22,27,21,22,11,26,29,24,26,25,24,25,24,20,23,42,17,25,29,17,19,21,25,20,17,25,20,28,23,30,21,24,25,19,27,32,39,18,24,22,15,22,21,32,19,26,22,14,20,32,22,24,26,8,29,16,36,29,23,22,18,29,38,23,19,24,23,20,19,14,28,21,18,24,23,35,20,23,27,20,18,10,28,27,32,18,27,23,31,32,20,16,20,42,17,21,24,32,21,25,18,24,27,35,23,31,29,12,32,20,2,43,31,18,33,29,30,31,25,24,37,18,25,43,39,12,24,41,33,30,12,23,14,34,24,26,10,16,6,24,7,35,27,29,24,38,21,0,31,32,28,39,19,28,31,22,10,2,27,33,20,28
22,32,34,24,28,42,27,21,39,18,24,30,24,39,29,24,30,21,27,21,23,18,32,36,20,33,33,18,33,33,26,31,25,27,18,26,25,17,36,23,18,41,24,24,32,35,27,16,23,31,39,34,26,6,26,16,26,37,33,31,17,25,38,27,26,21,22,33,23,32,39,23,24,29,20,26,20,24,10,29,32,34,35,32,33,33,20,32,41,31,37,27,28,29,29,38,21,34,26,22,30,35,28,35,31,29,34,24,43,30,29,26,35,18,32,27,26,35,26,39,34,28,25,30,28,21,26,27,34,34,26,29,2,30,28,28,26,37,27,28,27,4,29,27,24,16,36,26,25,40,39,26,27,44,36,32,29,21,29,34,33,31,30,29,28,35,30,32,35,24,29,42,26,31,0,27,23,39,21,45,34,29,24,28,30,28,25,36
19,9,9,24,9,42,13,20,11,12,19,26,30,11,26,30,9,13,8,16,26,12,33,45,12,6,33,12,38,35,30,32,26,7,12,9,16,11,14,8,12,20,19,18,6,35,29,17,28,20,41,41,23,25,9,19,26,39,33,24,12,5,38,25,13,23,26,33,20,6,39,10,16,35,20,8,16,18,19,26,8,36,19,5,33,35,14,5,14,33,39,22,33,26,22,36,16,9,15,16,35,38,26,35,20,28,36,23,46,36,8,13,6,16,2,6,32,35,26,13,36,28,20,9,26,30,32,8,8,12,20,8,29,32,5,28,30,15,9,18,9,25,12,9,15,16,20,13,28,13,11,30,9,17,12,2,28,20,28,12,39,32,32,32,18,37,32,7,6,19,32,11,26,32,27,0,25,13,30,46,7,18,31,30,10,2,28,19
20,22,16,20,30,39,21,29,33,26,20,23,23,34,25,23,26,15,27,23,9,17,30,42,17,25,28,17,20,28,23,18,28,23,16,22,18,15,29,21,17,34,19,22,22,35,27,21,4,19,36,33,12,17,22,13,13,31,31,20,17,25,29,15,17,13,20,26,10,24,36,16,15,33,11,24,14,20,16,24,20,30,29,28,28,28,15,28,38,28,37,25,28,25,17,34,28,22,20,13,33,32,25,33,24,25,30,19,41,14,26,22,21,14,25,26,10,30,13,34,30,23,19,28,25,2,12,22,24,30,22,26,21,25,26,25,23,35,29,19,26,18,27,30,13,14,33,22,4,34,35,23,21,37,34,24,22,29,22,23,32,20,24,25,24,32,26,32,22,8,20,34,13,28,23,25,0,37,27,38,27,21,25,27,27,31,22,33
25,13,15,25,18,52,21,29,14,22,26,34,33,12,31,37,16,23,14,25,31,22,44,52,22,22,43,22,45,40,40,42,34,15,22,20,29,23,18,14,22,11,35,25,21,42,38,24,36,25,48,49,34,38,18,24,36,47,38,31,22,15,41,38,24,30,27,45,26,15,50,20,24,44,30,17,26,27,26,26,21,47,21,17,42,44,23,22,6,43,48,34,40,31,31,45,25,15,22,23,40,47,33,43,28,34,48,27,55,44,18,17,19,26,13,17,39,43,34,12,42,33,28,15,33,37,38,20,16,17,32,20,39,41,19,37,40,8,17,26,18,37,12,17,28,26,15,16,37,19,6,39,19,13,20,13,34,28,34,20,51,42,41,40,28,44,39,21,24,23,45,18,36,39,39,13,37,0,36,58,18,14,43,36,19,13,36,11
18,30,30,20,27,30,27,20,40,20,20,19,16,38,21,16,29,23,29,18,22,26,23,36,25,29,24,26,20,26,16,28,25,28,22,26,17,23,33,26,26,39,20,17,23,22,15,21,22,27,24,28,21,27,27,28,17,29,27,28,26,27,31,21,25,21,20,25,22,30,24,22,23,27,15,30,23,23,24,21,25,23,30,28,23,25,24,30,38,23,25,16,23,23,28,24,23,31,27,23,27,25,23,26,33,23,23,20,31,30,24,28,29,23,29,28,22,22,23,38,23,20,23,27,22,26,22,27,28,33,6,29,20,18,29,23,16,37,26,26,29,27,31,27,23,19,38,28,26,42,39,16,27,39,28,30,20,20,19,33,25,28,17,19,23,25,15,30,29,29,29,38,17,19,21,30,27,36,0,32,26,28,17,20,22,27,22,30
33,44,44,32,47,28,34,36,58,37,35,30,28,56,26,28,48,38,42,37,34,39,25,12,38,43,25,39,38,24,28,35,37,40,38,39,36,38,46,42,39,57,32,37,43,28,32,29,38,38,23,17,34,40,39,44,30,29,28,35,39,47,49,37,38,38,29,25,30,47,23,38,38,25,33,48,38,36,39,32,43,28,47,45,25,24,38,45,53,11,26,37,11,26,37,27,40,44,39,38,16,43,26,16,46,26,29,32,2,37,46,40,43,29,46,47,35,28,29,57,29,26,33,48,27,37,35,39,43,47,35,47,44,28,48,24,28,57,47,34,49,42,46,47,38,37,57,40,37,57,56,28,39,57,51,45,30,36,30,47,19,35,26,20,32,27,26,49,43,35,35,57,34,28,45,46,38,58,32,0,47,41,26,28,43,46,16,49
25,12,9,31,2,44,15,28,11,22,24,29,32,18,31,32,2,26,13,23,22,18,40,51,18,5,40,18,32,41,32,31,33,14,17,10,24,17,13,13,18,19,31,24,7,41,30,27,27,19,40,42,23,23,11,17,27,45,40,25,18,3,39,25,18,16,30,40,25,9,42,20,16,41,18,3,18,25,18,29,7,37,27,9,40,41,20,11,19,40,45,28,40,29,22,35,29,10,19,16,40,40,31,40,22,34,37,31,47,35,6,18,4,18,7,5,29,41,25,14,37,35,27,4,31,27,29,17,6,6,28,6,30,33,4,32,32,14,1,19,8,22,6,2,16,14,14,18,27,19,15,32,17,13,15,6,34,27,34,9,41,31,33,33,23,37,31,11,5,20,38,13,27,31,34,7,27,18,26,47,0,16,33,31,5,7,35,27
17,2,4,18,14,41,19,24,17,16,10,21,21,20,17,28,14,15,10,21,21,24,31,39,22,19,28,24,32,29,29,31,35,9,19,5,18,12,5,3,24,15,22,19,17,28,28,15,28,13,34,33,25,30,5,17,23,33,31,19,24,18,39,33,8,15,24,30,19,10,36,16,14,31,17,17,14,12,16,19,17,34,21,13,31,29,13,14,20,27,33,24,31,19,12,33,20,4,11,13,29,37,20,26,11,20,33,15,41,32,15,9,19,14,18,17,26,29,24,20,33,23,14,13,20,15,26,6,19,18,23,16,27,27,18,18,25,17,13,11,15,23,8,17,15,13,15,9,28,21,17,26,6,26,14,18,22,25,21,15,35,31,27,24,22,24,27,19,19,9,35,22,23,22,29,18,21,14,28,41,16,0,27,27,17,16,32,21
17,30,30,18,33,14,23,21,44,19,19,4,14,43,16,14,33,24,26,21,15,25,23,31,24,29,22,25,25,21,14,25,29,22,24,25,20,24,30,28,25,43,18,19,27,8,14,19,24,20,11,23,20,26,23,27,20,16,21,19,25,33,37,23,24,19,18,22,20,33,9,24,24,18,19,34,24,22,25,12,29,22,35,27,19,20,24,27,38,21,12,19,21,18,17,8,24,30,21,23,21,33,18,21,32,18,22,18,26,26,32,19,29,24,31,31,21,9,21,44,22,16,22,34,19,25,17,24,29,35,21,33,25,7,34,18,14,44,33,18,35,27,30,33,24,23,40,19,23,45,42,14,24,40,37,32,7,21,5,35,23,25,4,14,14,19,2,35,29,29,25,40,20,10,24,31,25,43,17,26,33,27,0,10,29,31,18,35
21,29,29,17,31,24,24,20,41,21,23,14,10,40,20,11,31,25,26,20,21,15,24,32,21,27,22,15,17,21,13,26,21,24,20,25,22,25,30,28,21,39,17,22,29,17,19,21,25,20,17,25,20,28,23,26,21,24,25,19,15,32,39,23,24,25,17,22,14,32,19,18,22,14,20,32,23,22,22,6,29,12,31,29,23,21,25,29,38,23,19,24,23,18,19,14,20,27,18,25,22,31,20,22,33,19,12,10,28,27,32,18,27,21,31,33,22,16,20,39,21,20,22,32,21,16,22,24,27,35,23,31,29,12,32,20,2,35,31,18,33,24,30,31,24,22,35,18,25,43,40,13,24,41,32,30,12,19,14,31,24,26,10,16,8,23,5,35,27,29,24,41,21,2,28,30,27,36,20,28,31,27,10,0,27,29,19,34
23,15,14,28,5,43,17,24,21,20,23,31,28,19,29,28,7,22,13,21,18,18,37,48,18,5,37,19,33,38,27,26,29,13,17,16,21,18,12,13,18,20,26,22,4,38,26,24,29,15,36,38,21,23,17,21,20,41,37,23,18,7,38,27,14,17,29,37,21,11,38,20,18,38,14,7,18,21,22,29,4,36,26,14,37,38,20,15,20,37,41,28,37,29,23,33,21,16,20,20,38,37,29,38,23,30,36,28,43,32,7,20,5,18,10,6,26,38,22,19,36,32,23,5,29,31,26,20,6,16,25,7,28,29,9,30,26,20,5,15,8,28,16,6,20,18,21,20,30,23,22,28,20,21,8,9,30,23,30,9,37,26,29,29,29,39,27,14,2,21,32,21,20,27,30,10,27,19,22,43,5,17,29,27,0,9,31,24
21,8,10,28,9,45,18,21,9,13,18,27,31,13,27,31,8,13,7,17,21,13,39,48,13,6,39,13,36,40,31,33,27,8,13,10,18,13,12,9,13,11,21,20,5,41,30,18,28,17,41,42,19,23,10,19,25,39,39,25,13,4,39,23,15,15,30,36,21,4,40,11,16,41,19,8,17,19,15,27,7,37,19,7,39,41,15,5,12,37,39,28,39,24,23,37,17,9,19,19,39,39,29,36,18,28,37,24,47,31,7,12,5,17,2,6,29,35,27,11,37,31,22,8,28,31,29,10,7,15,26,9,30,33,5,33,29,13,8,18,9,29,12,9,20,15,11,12,31,18,10,31,9,16,11,2,28,21,31,9,40,33,33,33,19,33,33,6,6,19,40,11,25,33,28,2,31,13,27,46,7,16,31,29,9,0,29,19
9,33,33,11,31,31,23,27,42,22,15,16,14,42,14,13,35,17,30,23,19,21,13,19,21,31,13,21,26,15,14,26,27,26,23,22,18,18,32,22,21,43,9,13,30,24,22,11,20,29,16,16,21,19,25,13,20,30,13,29,21,30,37,22,23,19,12,13,19,29,25,19,18,15,19,29,16,22,17,17,30,20,30,30,13,15,16,31,39,7,30,18,5,14,29,25,27,35,25,20,10,36,10,21,29,13,20,11,16,25,29,19,31,17,28,30,19,24,19,43,20,6,22,30,10,20,20,26,31,36,19,28,20,21,30,19,11,43,31,26,29,21,34,31,20,19,41,19,20,43,41,14,26,39,40,29,15,28,14,31,11,26,19,21,16,19,18,37,31,23,28,43,20,20,25,28,22,36,22,16,35,32,18,19,31,29,0,34
26,23,23,30,26,48,23,30,19,22,23,26,29,19,24,30,25,17,19,23,26,21,40,49,24,30,37,24,36,38,29,37,36,21,24,21,23,22,29,24,17,17,23,25,29,37,31,20,35,26,43,43,27,26,21,20,30,43,37,32,24,23,37,28,22,16,32,38,25,17,44,19,20,40,24,25,15,21,22,31,27,41,2,21,39,37,16,24,26,39,43,29,39,30,32,40,26,20,21,18,39,42,28,37,25,26,42,26,49,40,23,18,23,21,19,27,34,37,31,19,37,30,23,24,28,34,34,17,22,27,27,25,34,33,30,30,31,19,25,25,24,28,23,26,20,20,17,19,33,26,20,35,19,19,20,19,28,30,28,27,45,37,33,32,23,37,34,23,30,24,42,22,30,28,36,19,33,11,30,49,27,21,35,34,24,19,34,0
