0,20,22,12,22,29,14,17,30,10,2,15,16,29,15,18,25,10,18,9,14,12,16,34,12,23,20,12,24,24,16,25,24,17,11,14,6,11,23,11,12,29,10,4,22,20,17,10,19,20,26,30,15,17,13,12,19,28,16,24,12,25,34,18,12,12,14,20,16,25,26,6,11,26,14,20,11,11,12,15,21,24,26,22,18,24,9,23,32,20,24,9,20,15,24,23,13,18,14,12,24,30,15,24,12,17,24,12,35,26,20,16,23,11,19,21,20,20,18,29,24,11,11,21,15,20,20,17,25,24,12,19,22,19,21,17,16,30,24,18,20,19,24,22,12,12,30,16,20,31,30,16,17,31,29,21,15,16,13,23,26,26,19,21,17,24,17,27,23,12,27,29,20,23,24,19,20,30,18,35,26,17,17,23,23,21,15,26
20,0,2,29,13,42,20,30,19,24,24,26,30,18,27,30,13,18,4,22,19,23,38,40,20,14,37,23,31,37,30,32,32,12,18,15,21,18,4,9,23,18,29,25,13,37,32,23,24,11,39,39,22,25,13,17,26,40,36,18,23,16,36,25,14,15,29,36,23,16,39,18,16,38,20,14,17,22,22,25,14,36,23,10,38,37,21,14,17,38,42,28,38,25,20,36,26,2,15,15,36,38,27,37,17,29,36,29,44,32,13,17,14,16,14,13,23,37,26,18,36,33,24,18,27,25,25,16,15,18,25,16,30,30,14,29,30,18,13,7,15,28,15,13,15,16,18,17,24,21,14,30,16,19,19,12,29,28,31,16,39,32,30,30,23,37,30,18,14,17,30,18,26,30,32,14,20,15,30,44,12,2,30,30,15,12,31,23
22,2,0,30,13,42,19,30,18,24,24,26,32,18,25,32,12,20,6,21,20,22,38,46,22,15,38,22,33,37,32,30,34,5,19,15,25,16,8,5,22,19,31,25,14,37,32,23,27,7,39,39,25,28,15,17,25,40,38,15,22,12,35,27,13,20,31,39,22,18,39,22,14,38,21,9,17,21,24,27,14,38,23,10,40,37,22,14,19,40,40,28,34,27,13,36,26,2,18,16,36,38,27,37,13,27,38,29,44,34,12,10,14,20,12,13,26,37,26,18,38,33,23,13,27,26,26,15,19,15,25,12,32,28,13,30,32,19,12,9,13,30,12,13,16,21,18,17,27,19,19,32,15,19,17,13,27,29,27,16,41,33,30,30,25,37,30,15,16,17,34,18,25,30,35,12,20,19,30,44,12,6,30,30,14,11,33,23
12,29,30,0,27,30,19,20,34,19,12,12,8,35,14,8,29,10,25,17,15,17,18,31,17,28,14,17,26,19,6,26,22,22,17,21,14,14,29,19,17,35,2,13,27,21,18,14,18,25,27,29,17,19,21,17,20,27,20,24,17,29,37,20,19,15,2,16,15,29,27,14,12,20,15,24,11,18,14,10,25,12,30,27,18,19,12,28,38,15,25,12,16,14,24,24,23,26,20,15,23,32,14,23,23,16,14,2,32,26,25,21,32,11,24,26,20,21,18,35,12,13,18,25,15,18,19,22,31,34,14,23,23,20,27,16,8,35,31,23,23,21,29,27,15,15,35,21,18,35,34,8,22,37,34,29,12,20,12,27,22,27,18,20,9,23,18,34,28,14,27,33,21,15,24,24,20,35,20,32,31,22,18,17,28,29,11,30
22,13,13,27,0,45,21,30,16,23,22,29,33,17,27,33,4,22,13,20,21,20,36,46,20,6,36,19,30,37,33,29,31,14,18,14,21,17,23,13,20,19,27,22,8,36,31,23,28,19,40,42,22,26,15,25,25,40,36,25,20,4,37,24,19,19,29,36,24,11,42,20,17,36,19,3,19,20,22,27,8,39,24,10,36,37,20,12,17,36,40,25,36,27,25,37,26,16,18,17,36,38,27,36,26,29,39,27,47,33,6,18,6,19,9,4,27,36,27,19,39,31,21,4,27,30,27,17,8,8,25,4,26,33,3,29,33,18,2,19,6,24,10,2,17,15,18,18,28,13,15,33,17,15,16,7,27,31,28,10,42,29,33,33,27,38,31,8,5,25,29,15,25,31,28,9,30,17,27,47,2,17,33,31,5,9,31,27
29,42,42,30,45,0,35,36,52,33,31,20,28,50,30,28,47,38,42,35,34,35,31,34,36,40,33,35,33,30,28,26,40,34,36,35,32,36,42,40,35,51,30,33,43,19,30,31,32,34,15,27,34,37,33,39,35,25,31,30,35,45,43,38,38,38,32,32,34,45,15,36,32,29,33,46,32,32,38,26,43,24,48,39,29,30,39,41,52,33,17,33,33,30,30,12,36,43,34,36,31,32,30,31,40,32,24,30,28,30,46,32,43,36,42,44,32,17,28,52,24,29,32,48,31,37,34,36,39,47,35,45,43,21,45,32,28,50,45,32,47,41,44,44,38,37,51,32,34,52,49,28,36,53,45,40,22,35,17,44,29,30,18,28,26,34,18,47,40,39,29,52,35,24,42,42,38,53,30,28,43,41,18,24,43,45,31,48
14,20,19,19,21,35,0,26,24,10,14,23,25,27,17,25,21,16,16,17,18,12,28,36,12,25,26,12,24,26,25,27,31,15,16,11,14,6,21,17,12,28,19,15,22,26,25,11,21,17,32,32,16,19,13,17,23,27,28,22,12,20,32,18,17,14,24,26,19,22,32,8,16,28,11,18,12,4,21,18,23,31,25,21,28,26,18,19,24,28,30,20,28,17,22,29,21,15,14,13,24,31,17,26,19,22,31,19,37,29,20,17,25,12,23,20,23,26,22,28,31,23,6,19,17,21,21,17,25,20,19,20,27,23,20,20,25,28,19,16,20,27,20,19,15,11,24,17,21,27,25,25,17,27,23,18,22,26,19,24,34,27,23,23,18,30,23,22,25,17,28,26,23,24,29,23,21,26,24,37,19,19,23,24,19,18,23,23
17,30,30,20,30,36,26,0,36,8,24,23,25,36,21,25,34,22,24,11,26,17,31,41,16,32,32,17,32,29,23,32,7,23,25,25,24,21,22,30,17,32,26,25,30,28,27,21,27,26,30,29,16,31,23,25,26,35,33,27,17,27,31,22,26,27,22,33,20,29,30,8,28,30,24,33,28,19,26,24,32,29,28,27,31,29,27,26,36,33,31,29,32,21,27,27,4,31,25,28,29,37,21,29,25,19,31,19,36,35,30,25,35,26,30,29,28,28,27,36,29,28,21,30,24,27,28,25,28,28,19,33,32,22,32,19,25,32,30,26,30,28,22,30,28,22,31,25,27,36,36,25,25,40,28,30,20,1,22,33,34,33,21,20,18,18,21,24,32,25,35,36,27,23,35,30,29,34,20,36,32,27,21,23,31,28,27,29
30,19,18,34,16,52,24,36,0,32,31,38,45,8,34,44,16,30,17,32,34,32,42,55,31,21,44,32,42,43,45,42,40,18,29,21,28,22,26,20,32,4,34,30,16,44,42,29,33,30,51,53,37,32,21,27,36,47,44,32,32,14,39,39,27,24,39,43,37,16,52,26,25,41,32,18,26,26,29,33,14,45,24,16,45,40,29,18,10,44,47,34,44,36,32,46,30,21,24,25,45,47,35,44,27,38,45,37,58,43,19,23,20,25,14,16,35,44,37,4,45,41,29,16,35,33,35,25,23,17,31,17,40,40,16,37,43,10,14,30,16,38,18,15,25,23,8,23,33,13,8,44,25,12,25,12,36,32,37,21,54,42,42,44,32,44,43,16,21,27,42,6,36,42,42,12,35,14,40,58,13,21,43,42,22,12,38,25
10,24,24,19,23,33,10,8,32,0,12,17,23,29,17,25,25,13,18,2,20,9,26,36,9,24,28,9,25,26,23,30,21,19,9,14,10,16,21,19,9,28,17,9,25,22,17,12,25,21,28,32,21,22,14,18,24,30,26,26,9,24,33,23,22,18,21,28,19,25,28,6,18,28,19,23,18,10,14,17,26,31,22,22,26,26,17,22,30,28,26,14,28,17,26,25,8,23,16,18,26,34,17,26,14,19,31,19,37,32,23,18,26,12,22,21,26,22,25,29,31,21,8,22,17,25,26,18,29,25,15,24,28,21,24,19,23,28,24,20,24,25,23,24,18,17,27,18,26,29,28,23,18,28,27,24,17,15,15,25,34,31,21,23,19,24,19,25,24,16,33,27,25,25,30,23,26,29,20,37,24,14,19,25,24,24,23,22
2,24,24,12,22,31,14,24,31,12,0,15,18,29,15,18,25,10,18,11,14,12,16,34,12,23,20,12,24,24,18,25,24,17,12,16,7,11,25,11,12,29,12,6,22,22,19,8,19,18,28,30,16,17,14,12,19,30,16,24,12,25,34,18,10,12,14,20,16,23,28,10,11,26,14,20,11,13,13,17,21,24,26,22,18,24,9,23,33,20,26,11,20,15,24,25,17,18,16,12,24,30,13,24,12,17,24,12,35,26,20,16,23,11,19,21,20,22,18,29,24,11,13,21,13,19,20,15,25,27,14,19,22,19,21,17,18,30,26,18,20,19,22,22,12,12,30,16,19,28,30,18,15,30,28,21,15,22,15,23,26,26,19,21,17,24,19,27,23,12,27,29,20,23,24,19,19,28,20,35,26,17,19,23,23,21,15,23
15,26,26,12,29,20,23,23,38,17,15,0,18,36,14,18,30,20,23,17,20,19,22,33,19,32,22,19,28,23,18,29,25,18,20,21,16,20,26,24,19,35,12,17,31,11,18,15,24,21,15,27,21,21,19,20,23,24,22,21,19,30,34,23,24,20,15,22,21,33,13,20,20,18,20,30,20,18,23,10,31,24,31,23,22,23,20,24,37,21,16,17,21,14,20,10,21,26,18,20,25,33,14,22,21,14,24,12,30,30,28,15,30,20,26,27,24,12,24,36,24,14,18,30,15,24,24,20,35,34,18,29,28,11,29,15,18,36,29,18,31,26,27,30,20,19,34,15,24,37,34,37,20,35,36,26,3,18,5,31,27,30,8,18,10,23,6,34,32,20,29,36,24,14,30,26,23,37,19,30,29,22,4,14,31,27,16,31
16,30,32,8,33,28,25,25,45,23,18,18,0,39,20,2,30,16,32,22,14,23,17,30,22,28,17,23,20,20,2,24,25,26,22,27,20,18,34,23,23,39,6,19,27,21,17,20,22,26,23,25,18,23,27,20,15,26,19,26,23,31,33,19,19,18,7,17,14,31,23,20,18,23,14,32,18,24,19,16,27,6,36,33,17,20,20,33,44,15,24,18,17,18,26,20,28,32,27,20,23,30,20,23,27,19,10,8,28,24,31,27,32,15,30,32,15,21,13,39,8,16,24,33,21,20,15,28,35,37,19,29,23,16,33,20,2,41,32,24,31,24,34,33,18,18,40,27,20,41,41,2,28,42,35,31,18,25,18,33,14,25,14,16,17,24,14,37,28,22,21,39,16,10,24,30,23,42,16,28,32,28,14,13,28,31,14,36
29,18,18,35,17,50,27,36,8,29,29,36,39,0,36,39,18,27,19,33,32,30,46,57,30,15,47,30,40,46,43,37,42,21,30,24,29,27,21,23,30,6,37,30,20,46,37,31,32,24,53,52,32,34,25,28,34,51,46,31,30,16,34,39,29,28,39,47,37,22,51,28,22,44,26,16,26,28,30,38,19,46,25,17,47,46,28,15,6,47,51,36,46,37,29,42,31,19,26,26,46,41,36,44,27,38,46,37,54,42,16,26,19,27,14,16,36,44,33,2,46,41,29,17,35,34,36,27,19,18,37,21,40,37,17,40,43,6,16,23,19,36,20,17,26,26,14,26,32,17,6,39,27,15,19,11,38,35,40,23,52,37,38,39,34,47,36,16,15,28,39,2,34,42,41,16,34,10,38,53,18,20,37,43,16,16,42,25
15,27,25,14,27,30,17,21,34,17,15,14,20,36,0,20,32,16,21,18,19,19,23,31,19,28,23,19,28,21,20,27,26,20,19,19,16,18,25,22,19,34,14,17,28,21,22,9,22,21,27,15,20,23,19,21,21,27,21,24,19,31,36,22,23,18,16,23,19,32,27,18,19,23,18,28,19,16,21,14,29,26,30,25,23,21,16,26,36,21,25,17,21,2,24,24,20,25,20,19,11,33,2,9,17,2,24,14,26,31,26,20,33,19,26,27,24,21,22,34,24,16,16,28,5,25,24,19,32,29,14,27,26,19,28,4,20,34,29,22,29,24,27,27,19,18,34,20,25,37,34,18,19,35,31,31,14,17,14,30,27,28,18,6,14,20,18,32,28,21,32,34,22,20,29,26,25,35,21,26,31,18,18,20,29,31,16,30
18,30,32,8,33,28,25,25,44,25,18,18,2,39,20,0,30,16,32,22,14,23,17,30,22,28,17,23,20,20,4,24,25,28,22,27,20,18,34,23,23,39,8,19,27,21,16,20,22,26,23,25,18,23,27,20,15,26,19,26,23,31,33,19,19,18,8,17,14,31,23,18,18,21,14,32,18,24,19,17,27,8,36,33,17,20,20,33,44,17,24,18,17,18,26,20,28,32,26,20,23,30,20,23,27,19,8,6,28,24,31,27,32,15,30,32,15,21,13,38,10,15,24,33,20,20,15,28,33,37,19,29,23,16,33,20,2,41,32,24,31,24,34,33,18,18,40,27,20,41,41,4,28,42,35,31,18,25,18,33,16,25,14,16,15,23,14,37,28,22,21,39,16,13,24,30,23,42,16,28,32,28,14,11,28,31,13,36
25,13,12,29,4,47,21,34,16,25,25,30,30,18,32,30,0,26,13,21,18,21,40,50,21,7,40,21,31,41,32,29,31,15,19,19,22,19,21,16,21,19,31,24,7,41,32,26,27,19,40,42,23,25,17,19,25,45,40,25,21,5,35,25,18,16,33,40,21,11,42,22,14,40,22,7,20,20,25,31,7,37,25,10,40,41,24,12,17,38,45,27,39,32,25,37,26,14,22,14,40,38,31,41,22,34,37,30,47,29,8,22,6,20,9,5,24,41,25,20,37,35,23,4,31,26,24,21,8,10,26,4,32,33,6,32,32,18,3,19,6,28,12,4,14,20,17,22,28,11,16,32,21,13,19,8,34,31,34,10,41,29,33,33,31,40,31,10,7,19,30,14,25,31,34,9,26,17,29,47,2,15,33,31,7,8,35,25
10,18,20,10,22,38,16,22,30,13,10,20,16,27,16,16,26,0,18,13,10,13,24,37,12,22,24,13,22,26,16,20,24,17,13,16,12,7,20,14,13,29,10,10,21,27,24,12,13,15,33,31,14,13,16,10,14,32,26,23,13,24,33,18,14,10,12,24,12,23,33,8,8,28,10,19,4,14,7,19,19,22,25,22,25,25,6,22,33,22,33,16,22,18,23,30,20,21,16,10,30,22,18,25,17,18,20,10,38,24,20,15,26,6,18,21,18,30,12,29,20,19,12,20,18,15,18,17,26,26,17,18,19,24,22,20,16,29,24,16,18,15,23,22,10,10,30,16,16,29,30,14,16,28,24,19,19,16,20,21,28,22,24,22,19,29,24,26,22,10,24,28,16,25,21,19,15,30,23,38,26,15,24,25,22,21,17,21
18,4,6,25,13,42,16,24,17,18,18,23,32,19,21,32,13,18,0,24,17,20,40,44,17,14,38,20,34,37,31,33,30,1,22,7,21,13,8,7,20,14,29,23,13,33,31,16,26,11,35,37,24,23,8,18,26,42,38,13,20,14,37,27,15,20,31,38,25,11,35,20,17,30,20,12,17,15,22,25,11,37,24,9,40,37,18,10,16,38,40,25,40,29,13,32,23,8,8,16,37,39,25,36,9,25,38,31,42,34,12,8,14,21,12,13,23,33,27,15,37,35,18,14,25,27,28,10,15,15,25,12,32,21,14,31,31,17,13,9,15,29,11,13,17,16,13,8,26,17,17,31,10,18,15,12,27,24,29,16,40,33,21,28,25,40,26,13,14,19,32,18,26,26,34,12,27,17,29,42,12,6,26,26,13,12,33,24
9,22,21,17,20,35,17,11,32,2,11,17,22,33,18,22,21,13,24,0,18,11,28,41,11,29,30,11,24,28,22,28,23,19,11,18,13,16,23,17,11,31,21,14,26,28,17,18,23,24,30,32,16,21,15,15,22,35,26,26,11,25,30,18,20,20,21,30,18,28,30,4,16,33,16,21,20,20,22,24,26,28,25,24,26,28,19,26,33,29,31,17,29,21,26,27,11,24,18,14,28,30,21,29,19,22,28,21,37,30,21,20,26,20,20,21,24,28,24,30,28,22,20,20,19,23,24,21,26,25,19,23,30,21,22,22,22,31,23,23,22,27,27,20,16,18,29,20,23,33,27,22,20,30,29,26,20,15,22,24,31,28,21,23,24,30,21,23,29,15,30,27,22,25,32,20,23,32,18,37,23,16,21,25,23,24,24,25
14,19,20,15,21,34,18,26,34,20,14,20,14,32,19,14,18,10,17,18,0,14,24,38,17,16,26,14,18,24,16,16,27,19,19,20,15,10,26,20,14,28,15,16,17,27,20,16,11,14,29,29,10,12,20,13,10,30,24,16,14,22,31,12,12,4,20,26,5,20,29,17,12,29,6,24,12,19,15,20,15,20,26,27,24,24,14,25,33,24,32,19,24,19,17,26,26,22,19,8,26,27,19,26,23,23,22,15,34,14,23,19,16,12,23,22,6,27,10,30,22,21,16,25,17,7,6,20,21,27,20,23,19,20,23,23,16,31,23,14,25,18,26,23,4,12,30,19,9,33,33,16,20,30,27,20,24,23,21,19,23,16,20,20,20,32,20,29,16,15,14,31,10,19,23,23,9,33,22,34,20,21,20,21,18,21,19,26
12,23,22,17,20,35,12,17,32,9,12,19,23,30,19,23,21,13,20,11,14,0,25,37,1,16,23,1,13,28,23,28,21,17,5,18,10,13,26,17,1,29,17,12,17,28,23,14,17,19,34,34,5,12,18,17,22,30,25,23,1,16,34,7,16,11,22,23,11,14,34,8,17,30,14,19,13,10,19,21,19,29,23,20,24,28,17,22,31,26,32,17,26,19,23,31,11,26,21,17,28,28,19,28,21,24,29,17,39,22,20,19,16,13,17,17,19,28,22,29,29,21,9,20,19,19,21,20,16,29,18,20,23,25,16,24,23,28,20,18,20,20,26,20,15,11,31,19,17,29,29,23,20,31,30,13,24,15,21,20,32,28,25,25,21,34,25,26,16,17,23,29,22,27,25,16,17,30,26,39,19,23,25,27,20,13,21,22
16,38,38,18,36,31,28,31,42,26,16,22,17,46,23,17,40,24,40,28,24,25,0,26,25,37,12,25,27,14,18,28,29,31,26,30,21,25,41,25,25,44,18,20,36,18,24,24,28,34,23,25,26,32,30,26,26,22,4,35,25,39,36,28,26,30,19,12,26,39,23,24,25,18,27,34,29,27,28,23,35,25,40,36,6,14,23,37,48,12,21,21,11,22,35,28,32,34,30,26,18,36,23,18,30,22,24,18,26,28,34,31,40,29,33,35,26,18,25,44,25,11,26,35,23,28,26,31,41,41,22,33,32,23,35,23,18,44,40,33,35,30,38,36,26,30,44,31,28,45,44,18,31,41,45,39,22,30,22,38,18,29,21,22,23,22,21,43,37,26,31,43,27,23,32,33,30,44,23,25,40,31,21,24,37,39,13,40
34,40,46,31,46,34,36,41,55,36,34,33,30,57,31,30,50,37,44,41,38,37,26,0,40,48,22,37,39,23,33,40,41,39,38,38,35,35,44,39,37,53,31,36,47,27,36,32,40,42,27,28,38,46,38,36,39,32,28,43,37,50,50,40,42,40,32,22,36,50,27,37,38,24,38,47,42,35,38,31,48,32,49,44,26,23,37,45,56,24,31,36,24,31,43,33,42,40,39,38,27,42,31,27,40,31,34,31,21,41,45,39,51,42,45,47,38,27,40,53,35,27,35,47,32,38,38,39,53,50,35,46,46,33,48,32,32,53,50,41,48,42,46,47,36,41,53,39,38,56,53,33,39,53,53,51,30,38,32,49,23,41,31,33,31,30,31,50,48,40,40,53,40,33,44,45,42,54,36,22,50,39,31,32,48,50,27,49
12,20,22,17,20,36,12,16,31,9,12,19,22,30,19,22,21,12,17,11,17,1,25,40,0,15,23,1,13,28,22,27,21,13,5,16,10,15,20,21,1,29,17,12,17,28,22,14,16,18,33,33,5,12,20,17,18,29,25,22,1,16,34,7,15,14,21,23,11,13,33,10,17,30,13,19,15,12,18,21,19,28,24,22,24,28,16,21,31,26,31,17,26,19,22,30,10,23,23,17,28,28,19,28,21,23,28,17,38,22,19,19,15,15,19,17,19,28,20,30,28,21,9,20,19,18,20,20,15,26,17,19,22,24,16,23,22,29,20,17,20,21,24,20,16,13,28,20,16,27,31,22,20,30,29,13,23,15,20,18,31,27,24,24,21,33,24,24,15,17,23,32,19,26,25,18,17,30,25,38,19,23,24,26,20,13,21,21
23,14,15,28,6,40,25,32,21,24,23,32,28,15,28,28,7,22,14,29,16,16,37,48,15,0,37,16,25,38,28,26,28,12,20,17,19,15,22,13,16,19,27,21,4,38,28,24,20,15,36,38,17,20,17,25,22,41,37,21,16,6,33,19,14,16,32,37,19,6,38,19,22,37,18,9,18,21,26,28,6,34,29,13,37,38,23,13,19,36,41,23,36,28,20,33,33,17,17,19,38,38,28,38,27,33,34,27,43,28,7,16,1,18,6,7,22,38,22,19,34,32,23,10,29,25,22,17,3,16,25,7,32,29,6,33,28,17,6,15,9,28,14,5,19,17,14,15,20,16,19,28,17,19,11,5,33,33,30,7,37,26,29,28,28,42,27,16,1,25,24,19,22,27,34,6,22,22,28,43,5,19,29,27,5,6,31,30
20,37,38,14,36,33,26,32,44,28,20,22,17,47,23,17,40,24,38,30,26,23,12,22,23,37,0,26,28,16,15,31,26,31,26,30,23,25,39,27,26,44,16,23,36,5,25,24,30,34,23,25,26,34,30,26,28,19,13,35,26,39,40,27,28,30,14,2,26,39,23,24,24,14,27,34,29,27,28,21,35,20,39,36,8,16,23,37,46,8,13,22,8,23,35,28,32,32,30,26,19,36,23,19,32,23,21,16,25,31,34,31,41,29,33,35,28,15,27,44,20,13,27,36,24,30,27,31,42,39,23,33,32,24,36,24,17,44,40,33,35,31,38,36,26,30,44,31,30,45,44,17,31,46,45,39,22,28,22,38,16,32,23,24,19,22,22,43,37,26,32,43,29,22,33,33,28,45,24,25,40,31,22,22,37,39,13,39
12,23,22,17,19,35,12,17,32,9,12,19,23,30,19,23,21,13,20,11,14,1,25,37,1,16,26,0,13,28,23,28,21,17,5,18,10,13,24,19,1,29,17,12,17,28,23,14,17,20,34,34,5,12,18,17,22,30,25,23,1,16,34,7,16,11,22,23,11,14,34,8,17,30,16,19,13,10,19,21,19,29,22,20,24,28,17,22,31,26,32,17,26,19,23,31,11,26,21,16,28,28,19,28,21,24,29,17,39,22,20,20,16,13,17,17,19,28,22,31,29,21,9,19,19,19,20,20,16,26,18,20,23,25,16,24,23,28,20,18,20,20,25,20,15,11,28,19,17,29,29,23,20,31,30,13,24,15,21,20,32,28,25,25,21,34,25,26,16,17,23,31,22,27,25,16,17,30,24,39,19,21,25,27,19,13,21,23
24,31,33,26,30,33,24,32,42,25,24,28,20,40,28,20,31,22,34,24,18,13,27,39,13,25,28,13,0,28,23,19,25,33,16,33,22,31,37,32,13,44,25,24,32,28,23,30,20,32,33,32,8,23,33,29,18,29,24,26,13,34,26,6,26,29,28,27,20,29,33,26,32,32,22,33,31,26,25,29,30,20,44,35,24,29,31,38,44,28,31,21,28,27,26,25,25,36,38,32,27,21,27,27,33,30,22,25,38,14,38,38,30,34,31,33,16,28,18,43,22,24,30,35,25,20,18,39,28,40,25,39,28,24,34,30,23,45,36,30,35,30,39,36,31,34,43,39,18,45,45,23,39,44,38,38,30,22,27,31,32,19,25,25,29,35,25,40,31,27,13,44,18,27,33,30,20,45,21,38,32,36,25,27,33,36,26,43
24,37,37,19,37,30,26,29,43,26,24,23,20,46,21,20,41,26,37,28,24,28,14,23,28,38,16,28,28,0,21,29,31,29,27,28,25,25,39,31,28,43,19,26,37,18,24,20,30,32,22,25,27,34,28,25,27,22,16,33,28,40,39,29,32,30,20,17,26,41,22,27,24,15,24,36,29,25,28,20,38,26,38,34,14,2,25,35,45,14,21,24,14,19,33,26,29,34,27,26,19,38,21,19,30,21,25,18,24,30,35,28,42,29,35,37,28,18,28,43,26,17,25,37,20,30,28,29,42,41,25,36,32,23,38,22,20,43,41,31,38,31,36,37,26,28,43,28,30,45,43,21,28,44,43,39,18,28,20,39,20,30,21,23,20,18,20,41,38,26,30,43,28,22,33,35,28,44,26,24,41,29,21,21,38,41,15,38
16,30,32,6,33,28,25,23,45,23,18,18,2,43,20,4,32,16,31,22,16,23,18,33,22,28,15,23,23,21,0,24,23,28,22,27,20,20,34,25,23,41,6,19,27,21,16,20,22,26,23,25,18,23,27,22,17,26,19,26,23,31,33,19,21,20,5,17,16,31,23,20,18,22,16,32,18,24,21,16,27,6,36,33,17,20,20,33,45,15,24,18,17,18,26,20,28,32,27,20,23,30,20,23,28,19,10,8,28,24,31,27,32,18,30,32,17,21,15,41,6,16,24,33,21,22,17,28,35,37,19,29,25,16,33,20,2,41,32,24,31,24,34,33,20,20,40,27,22,41,39,2,28,42,36,31,18,23,18,33,16,25,14,16,15,24,14,37,28,22,25,39,18,11,26,30,23,42,16,28,32,29,14,13,28,31,14,36
25,32,30,26,29,26,27,32,42,30,25,29,24,37,27,24,29,20,33,28,16,28,28,40,27,26,31,28,19,29,24,0,34,29,31,28,25,20,37,26,28,42,26,28,29,31,21,26,18,28,30,29,25,23,28,24,10,32,28,28,28,32,25,27,24,22,29,29,18,31,30,27,18,33,18,34,20,30,27,30,29,19,37,34,28,28,25,36,43,29,32,27,29,29,19,20,37,32,28,24,29,16,29,29,33,32,19,25,36,4,31,28,29,18,32,34,16,29,12,41,19,26,29,31,28,19,16,29,31,38,32,33,30,22,35,32,20,39,28,27,33,26,36,31,20,18,40,28,19,40,42,20,29,43,34,33,32,34,29,30,25,2,23,25,30,37,25,38,30,26,10,39,10,26,31,32,18,42,28,35,31,31,25,26,26,33,26,37
24,32,34,22,31,40,31,7,40,21,24,25,25,42,26,25,31,24,30,23,27,21,29,41,21,28,26,21,25,31,23,34,0,29,12,33,27,23,34,27,21,38,24,21,30,33,27,32,29,33,36,38,19,36,25,34,27,38,32,33,21,32,31,20,29,31,26,31,26,30,36,22,32,33,28,31,36,30,34,28,32,30,34,35,30,32,21,35,40,29,36,26,29,24,37,34,13,37,36,30,31,34,26,33,37,26,30,26,37,36,30,29,33,36,33,31,33,33,32,40,30,27,30,31,29,33,33,30,36,38,23,30,38,30,32,26,27,39,35,33,34,31,37,32,27,23,38,30,31,42,40,25,30,41,38,35,28,6,30,32,30,35,29,27,28,34,29,38,29,34,31,41,32,29,37,33,28,40,25,37,34,30,29,29,33,36,27,34
17,12,5,22,14,34,15,23,18,19,17,18,26,21,20,28,15,17,1,19,19,17,31,39,13,12,31,17,33,29,28,29,29,0,17,6,18,12,9,2,16,17,22,19,14,27,29,13,21,10,33,35,20,19,9,14,23,29,31,16,16,15,34,22,14,13,24,31,21,12,31,15,14,27,17,11,13,14,13,18,14,34,22,9,31,29,15,10,18,31,31,24,31,20,14,28,17,9,9,14,29,35,20,29,15,22,33,22,40,30,12,7,15,14,9,12,23,27,24,18,34,26,16,13,20,23,23,7,15,15,23,12,25,24,12,22,28,18,14,10,13,23,13,14,14,13,16,7,21,18,17,28,7,18,17,10,20,25,20,16,37,29,24,26,18,31,24,15,15,17,28,18,23,24,27,9,23,17,28,40,14,9,22,24,13,10,26,22
11,18,19,17,18,36,16,25,29,9,12,20,22,30,19,22,19,13,22,11,19,5,26,38,5,20,26,5,16,27,22,31,12,17,0,17,14,14,24,14,5,28,21,5,20,31,22,18,16,22,33,33,4,19,17,10,21,32,28,25,5,20,29,6,18,16,21,29,10,20,33,12,12,34,15,21,16,14,17,25,22,28,24,21,28,31,13,24,30,30,34,20,30,23,25,30,19,21,22,12,31,24,23,31,16,23,28,21,38,23,20,17,19,16,15,19,18,31,21,28,28,24,13,20,22,18,21,19,24,27,19,20,25,24,20,25,22,28,24,20,22,23,23,20,10,13,27,18,16,29,27,22,19,29,29,21,24,6,25,22,31,27,24,24,25,34,24,26,19,12,23,27,21,26,27,14,16,29,22,38,17,17,24,26,23,17,25,22
14,15,15,21,14,35,11,25,21,14,16,21,27,24,19,27,19,16,7,18,20,18,30,38,16,17,30,18,33,28,27,28,33,6,17,0,17,11,15,8,17,21,20,16,17,28,28,14,22,13,34,34,21,20,2,16,22,30,30,20,17,18,33,23,13,13,23,30,20,20,34,14,13,28,16,14,11,9,16,19,18,33,21,13,30,28,14,12,22,30,32,21,30,17,15,31,20,12,10,11,28,34,19,28,16,21,33,21,39,29,15,12,18,13,15,17,23,28,23,21,33,25,11,16,19,22,21,10,18,17,21,16,22,25,17,21,27,21,17,14,17,22,13,17,13,12,19,12,22,24,21,27,10,21,18,16,21,24,21,18,36,26,25,25,19,28,25,17,18,14,29,22,20,25,26,14,22,21,26,39,14,5,25,25,16,16,25,21
6,21,25,14,21,32,14,24,28,10,7,16,20,29,16,20,22,12,21,13,15,10,21,35,10,19,23,10,22,25,20,25,27,18,14,17,0,6,17,16,10,29,14,6,20,23,17,11,20,20,29,31,12,18,17,13,18,31,21,25,10,23,28,14,17,13,16,21,15,22,29,9,13,27,15,20,11,10,14,18,20,26,23,19,21,25,12,23,31,23,27,11,23,16,25,26,15,19,16,13,25,28,16,25,13,18,26,12,36,23,18,17,21,7,14,20,19,23,19,28,26,14,13,21,16,21,21,18,24,25,6,18,23,18,21,18,18,26,23,19,21,20,24,21,7,7,28,17,20,30,28,20,18,28,26,23,16,22,16,22,29,27,18,22,18,25,20,25,21,13,25,27,21,24,25,16,18,29,16,36,23,18,20,22,21,22,18,22
11,18,16,14,17,36,6,21,22,16,11,20,18,27,18,18,19,7,13,16,10,13,25,35,15,15,25,13,31,25,20,20,23,12,14,11,6,0,14,8,10,24,14,13,16,27,24,13,15,15,33,33,14,13,11,7,14,31,25,21,10,19,31,16,11,6,16,25,9,18,33,8,6,28,6,14,4,12,7,19,16,24,21,17,25,25,5,18,25,23,31,18,23,18,21,30,13,11,9,4,27,28,18,27,14,20,26,14,38,18,15,11,17,4,12,16,14,27,14,24,26,20,10,15,18,13,14,12,18,21,10,15,15,24,17,20,20,24,17,14,15,15,19,17,4,2,24,11,13,25,25,20,12,23,24,15,20,25,20,19,27,20,24,24,19,29,24,19,17,9,20,23,14,25,17,12,15,26,23,38,17,12,24,25,18,13,18,22
23,4,8,29,23,42,21,22,26,21,25,26,34,21,25,34,21,20,8,23,26,26,41,44,20,22,39,24,37,39,34,37,34,9,24,15,17,14,0,9,27,22,33,23,21,38,34,24,27,15,39,41,27,29,18,24,29,41,40,21,27,16,37,29,10,22,35,35,27,22,39,23,21,36,23,21,25,23,22,27,17,40,29,18,42,38,24,17,22,37,42,29,42,27,22,36,20,15,17,22,38,40,29,39,23,29,38,33,46,36,20,15,21,23,21,20,30,38,30,22,38,36,23,21,28,29,30,17,22,13,29,21,35,30,22,29,34,22,21,15,22,32,15,22,23,21,24,16,29,25,24,32,17,24,13,18,30,22,30,19,43,35,30,32,27,31,30,13,23,23,36,22,29,30,36,21,28,21,33,46,17,8,30,30,21,20,36,29
11,9,5,19,13,40,17,30,20,19,11,24,23,23,22,23,16,14,7,17,20,17,25,39,21,13,27,19,32,31,25,26,27,2,14,8,16,8,9,0,16,18,19,15,12,31,28,17,21,10,37,37,18,19,10,13,20,35,25,20,16,15,35,20,6,12,21,27,17,16,37,11,11,31,14,11,11,16,13,22,12,29,22,13,27,31,11,14,19,27,35,20,27,22,16,34,21,1,12,12,31,32,22,31,18,24,31,19,42,26,11,13,13,9,9,12,20,31,19,19,31,20,18,12,22,19,20,13,15,15,20,10,23,28,12,24,25,20,13,12,11,21,15,13,10,10,20,13,19,22,18,25,12,19,21,10,24,28,24,15,31,26,28,28,22,33,28,18,14,15,26,19,20,28,23,9,21,20,26,42,13,7,28,28,13,10,22,20
12,23,22,17,20,35,12,17,32,9,12,19,23,30,19,23,21,13,20,11,14,1,25,37,1,16,26,1,13,28,23,28,21,16,5,17,10,10,27,16,0,29,17,12,17,28,23,14,17,19,34,34,5,12,18,17,22,30,25,23,1,16,34,7,16,11,22,23,11,14,34,8,17,30,14,19,13,10,19,21,19,29,23,20,24,28,17,23,31,26,32,17,26,19,23,31,11,26,21,16,28,28,19,28,21,24,29,17,39,22,20,19,16,13,17,17,19,28,22,29,29,21,9,20,19,19,20,20,16,27,18,20,23,25,16,24,23,29,20,18,20,20,26,20,15,11,29,20,17,29,31,23,20,30,30,13,24,15,21,20,32,28,25,25,21,34,25,26,16,17,23,32,22,27,25,16,17,30,26,39,19,21,25,27,20,13,21,22
29,18,19,35,19,51,28,32,4,28,29,35,39,6,34,39,19,29,14,31,28,29,44,53,29,19,44,29,44,43,41,42,38,17,28,21,29,24,22,18,29,0,37,28,20,43,41,30,34,28,52,53,37,33,23,28,35,51,46,26,28,15,37,38,28,21,39,47,37,15,52,28,24,43,34,21,26,28,30,35,20,46,23,20,47,46,27,20,4,47,50,35,48,35,26,44,31,18,25,22,47,45,35,44,24,36,46,37,58,42,21,25,19,26,11,19,36,46,36,2,46,42,29,20,35,35,36,25,19,21,29,20,40,42,16,40,45,8,18,27,18,35,20,18,22,22,2,25,34,18,4,45,25,17,18,14,37,30,39,23,54,41,43,44,34,41,43,20,19,28,42,6,35,42,43,13,34,6,39,58,19,17,43,42,16,11,40,21
10,29,31,2,27,30,19,26,34,17,12,12,6,37,14,8,31,10,29,21,15,17,18,31,17,27,16,17,25,19,6,26,24,22,21,20,14,14,33,19,17,37,0,11,27,21,16,14,18,25,27,29,17,19,21,17,20,27,18,25,17,29,37,20,19,15,4,16,15,30,27,14,12,20,15,24,11,18,14,10,25,12,28,27,18,19,12,28,38,14,25,10,16,12,24,24,23,26,20,15,23,32,14,23,23,16,12,2,32,26,25,21,32,11,24,26,20,21,18,35,12,13,18,25,15,18,19,22,31,34,12,23,23,20,27,16,6,35,30,23,23,21,29,27,15,15,35,21,18,35,34,6,22,36,34,29,12,22,10,27,20,27,18,20,10,23,18,32,28,17,27,33,21,17,24,24,19,35,20,32,31,22,18,17,28,30,9,30
4,25,25,13,22,33,15,25,30,9,6,17,19,30,17,19,24,10,23,14,16,12,20,36,12,21,23,12,24,26,19,28,21,19,5,16,6,13,23,15,12,28,11,0,22,22,15,12,21,21,28,32,13,19,14,13,21,30,20,26,12,23,33,18,16,14,15,23,18,24,28,4,12,28,16,19,12,11,11,17,20,25,25,23,21,26,12,24,32,23,26,5,23,17,26,25,11,19,16,14,26,30,17,26,14,19,25,13,37,28,20,18,23,12,18,21,22,22,19,28,25,15,11,20,17,22,22,19,24,23,11,18,24,21,20,19,17,28,24,20,18,21,25,22,14,14,29,18,22,30,29,17,19,31,28,18,17,14,15,22,29,28,21,23,19,26,19,27,23,13,29,27,22,25,26,18,22,29,17,37,24,19,19,25,22,20,18,25
22,13,14,27,8,43,22,30,16,25,22,31,27,20,28,27,7,21,13,26,17,17,36,47,17,4,36,17,32,37,27,29,30,14,20,17,20,16,21,12,17,20,27,22,0,36,27,23,20,15,38,38,18,20,16,22,21,41,35,21,17,4,32,20,13,16,31,35,20,8,38,18,19,36,15,7,18,20,22,27,2,33,29,10,35,37,21,10,20,35,40,24,35,28,21,35,30,17,17,20,37,37,27,37,25,33,33,26,43,27,3,16,4,18,6,5,23,36,23,20,33,30,22,6,27,22,23,17,6,10,25,7,30,29,6,33,27,18,7,15,8,29,13,8,20,17,20,15,20,18,15,27,17,20,14,6,32,32,29,6,36,27,29,29,27,41,29,14,4,22,27,11,21,29,32,6,22,21,23,43,7,17,27,29,4,5,30,28
20,37,37,21,36,19,26,28,44,22,22,11,21,46,21,21,41,27,33,28,27,28,18,27,28,38,5,28,28,18,21,31,33,27,31,28,23,27,38,31,28,43,21,22,36,0,21,22,32,28,10,22,28,34,26,30,30,13,18,29,28,40,37,30,32,32,22,9,28,41,10,27,28,15,28,37,32,25,30,19,38,25,37,32,16,18,27,33,45,19,7,25,19,25,29,11,26,34,24,26,16,37,25,8,28,22,25,25,28,34,35,25,42,32,35,37,31,2,31,43,25,22,25,37,26,35,31,27,41,41,23,36,34,13,38,22,21,43,41,27,38,33,34,37,26,31,42,25,32,45,43,21,27,43,41,40,12,26,8,39,25,34,10,21,21,21,9,39,38,30,32,43,31,17,35,35,35,44,22,28,41,29,8,17,38,41,24,37
17,32,32,18,31,30,25,27,42,17,19,18,17,37,22,16,32,24,31,17,20,23,24,36,22,28,25,23,23,24,16,21,27,29,22,28,17,24,34,28,23,41,16,15,27,21,0,26,27,26,22,26,18,28,28,26,19,27,21,27,23,30,30,19,24,24,22,24,20,30,22,22,23,27,18,32,23,23,26,21,27,22,31,33,21,26,25,33,42,24,23,12,24,22,27,19,19,33,28,24,24,21,22,24,29,24,23,20,32,30,29,28,30,23,29,32,22,19,21,36,22,20,26,31,21,27,24,29,33,35,20,31,28,15,33,22,16,37,30,25,33,28,34,31,24,22,36,29,27,39,40,16,28,40,35,29,22,27,18,29,25,24,16,18,23,30,14,35,28,26,30,39,20,19,27,29,27,38,15,32,30,28,14,19,26,30,22,31
10,23,23,14,23,31,11,21,29,12,8,15,20,31,9,20,26,12,16,18,16,14,24,32,14,24,24,14,30,20,20,26,32,13,18,14,11,13,24,17,14,30,14,12,23,22,26,0,20,16,28,24,18,19,14,10,20,28,24,22,14,25,33,20,16,14,16,24,17,25,28,13,14,24,15,22,13,11,6,15,24,26,24,20,24,20,11,21,33,24,26,17,24,9,22,25,14,16,15,14,18,31,7,18,14,11,26,14,29,28,21,15,28,13,21,23,22,22,21,28,26,19,11,22,7,20,22,11,27,24,16,22,24,19,23,11,20,29,23,16,23,22,20,23,14,13,29,14,20,31,29,20,11,28,26,22,15,19,15,24,30,27,19,15,15,24,19,27,24,12,29,27,21,21,26,21,21,26,21,29,24,15,19,21,24,23,19,20
19,24,27,18,28,32,21,27,33,25,19,24,22,32,22,22,27,13,26,23,11,17,28,40,16,20,30,17,20,30,22,18,29,21,16,22,20,15,27,21,17,34,18,21,20,32,27,20,0,28,32,32,16,13,25,16,14,29,23,20,16,27,31,17,25,17,21,25,15,27,33,18,18,29,15,31,16,20,20,22,26,28,34,29,23,27,19,30,37,25,29,19,25,18,21,30,28,29,24,19,25,29,18,25,26,22,28,18,38,18,32,22,28,16,28,30,14,26,14,35,28,20,21,30,17,4,14,25,22,34,20,32,23,23,26,22,21,37,28,24,30,22,32,29,19,17,35,22,2,35,37,21,25,38,36,29,23,28,20,27,30,18,24,24,22,33,23,34,29,16,15,37,14,25,23,28,4,37,21,38,27,28,24,25,31,29,20,35
20,11,7,25,19,34,17,26,30,21,18,21,26,24,21,26,19,15,11,24,14,19,34,42,18,15,34,20,32,32,26,28,33,10,22,13,20,15,15,10,19,28,25,21,15,28,26,16,28,0,29,33,18,22,15,22,19,30,32,12,20,19,29,20,6,15,30,34,17,19,29,18,11,26,15,19,17,17,23,17,15,32,24,16,34,30,19,15,23,34,30,25,34,22,12,26,28,13,9,17,31,36,20,31,21,25,30,25,38,26,18,9,19,17,21,19,20,27,20,23,30,28,18,19,19,19,20,9,20,21,27,19,30,20,20,27,26,22,19,4,20,28,14,19,19,16,24,9,19,26,24,24,9,27,17,18,23,27,20,19,35,25,20,24,17,36,20,21,20,22,26,24,19,20,31,21,19,25,27,38,19,13,20,20,15,17,29,24
26,39,39,27,40,15,32,30,51,28,28,15,23,53,27,23,40,33,35,30,29,34,23,27,33,36,23,34,33,22,23,30,36,33,33,34,29,33,39,37,34,52,27,28,38,10,22,28,32,29,0,12,29,35,32,34,29,15,23,29,34,42,39,32,33,33,26,23,29,42,2,33,31,20,28,43,31,31,33,21,38,25,43,38,21,22,34,38,52,24,11,27,23,27,29,13,31,38,31,33,18,31,27,18,35,26,23,27,23,32,41,31,40,31,41,43,30,10,28,49,25,23,31,43,27,36,30,33,42,44,28,40,38,16,44,27,23,47,40,27,44,37,39,41,33,32,47,31,36,47,49,23,33,50,43,39,14,30,15,43,7,30,13,23,23,24,9,44,37,34,33,49,30,17,39,41,36,48,24,23,40,36,11,17,36,42,25,43
30,39,39,29,42,27,32,29,53,32,30,27,25,52,15,25,42,31,37,32,29,34,25,28,33,38,25,34,32,25,25,29,38,35,33,34,31,33,41,37,34,53,29,32,38,22,26,24,32,33,12,0,29,35,34,35,28,21,23,31,34,42,40,32,33,33,28,25,29,42,14,33,33,26,28,43,33,31,33,29,38,27,42,40,25,25,31,40,52,19,23,31,24,17,33,25,35,39,35,33,6,33,17,6,37,15,23,29,17,33,41,35,41,33,41,43,31,22,29,49,25,27,31,43,20,36,31,34,41,42,32,42,37,24,44,14,25,48,42,27,44,36,41,43,33,32,48,35,36,50,47,23,34,50,41,40,27,33,27,41,18,30,23,9,29,28,23,44,39,35,34,47,29,25,38,41,36,49,28,17,42,33,23,25,38,42,27,44
15,22,25,17,22,34,16,16,37,21,16,21,18,32,20,18,23,14,24,16,10,5,26,38,5,17,26,5,8,27,18,25,19,20,4,21,12,14,27,18,5,37,17,13,18,28,18,18,16,18,29,29,0,16,24,18,17,28,24,19,5,22,24,2,16,18,22,26,6,17,29,12,18,30,12,25,18,16,21,21,20,24,28,29,24,28,18,26,34,26,30,17,26,20,19,26,8,28,26,18,27,23,20,27,22,24,24,17,34,18,26,25,17,18,22,25,14,27,17,28,24,21,15,26,19,14,17,26,20,32,18,26,24,20,24,24,18,36,26,18,26,25,29,26,18,18,33,26,8,35,36,18,26,35,30,22,24,15,21,18,27,23,20,20,21,34,20,32,17,18,18,36,17,21,26,22,12,37,19,34,23,25,20,22,21,19,21,31
17,25,28,19,26,37,19,31,32,22,17,21,23,34,23,23,25,13,23,21,12,12,32,46,12,20,34,12,23,34,23,23,36,19,19,20,18,13,29,19,12,33,19,19,20,34,28,19,13,22,35,35,16,0,21,16,16,34,25,21,7,19,36,17,18,14,22,27,11,18,35,13,16,31,13,27,12,15,16,22,22,27,31,25,28,27,16,28,37,27,33,16,27,20,22,32,28,26,20,16,29,34,19,29,28,24,27,18,40,22,30,18,21,12,25,25,16,30,17,35,27,23,14,24,18,15,17,21,20,30,21,30,12,26,20,25,23,37,23,19,23,2,27,23,16,14,32,18,13,33,33,21,21,33,28,23,25,22,22,23,30,22,26,26,22,35,26,30,20,16,20,33,16,28,16,25,17,37,27,40,23,28,26,28,23,23,23,32
13,13,15,21,15,33,13,23,21,14,14,19,27,25,19,27,17,16,8,15,20,18,30,38,20,17,30,18,33,28,27,28,25,9,17,2,17,11,18,10,18,23,21,14,16,26,28,14,25,15,32,34,24,21,0,16,22,32,30,18,17,19,33,23,15,12,23,28,20,21,32,11,13,26,16,16,11,9,16,17,18,33,21,11,30,28,14,10,21,30,30,21,30,17,18,29,20,13,8,11,28,34,19,28,16,21,33,21,39,29,15,9,18,13,14,16,23,26,23,21,33,21,11,17,19,22,20,10,18,17,21,16,22,23,16,21,27,21,16,12,18,22,11,16,13,12,18,9,22,21,22,27,10,23,18,16,19,19,19,17,36,26,23,25,17,28,23,17,18,14,29,22,20,23,26,15,22,22,26,39,16,5,23,23,17,16,24,21
12,17,17,17,25,39,17,25,27,18,12,20,20,28,21,20,19,10,18,15,13,17,26,36,17,25,26,17,29,25,22,24,34,14,10,16,13,7,24,13,17,28,17,13,22,30,26,10,16,22,34,35,18,16,16,0,15,34,28,23,17,23,30,23,17,10,18,30,11,23,38,11,9,33,12,20,12,18,6,24,22,23,24,22,28,29,11,23,29,28,34,22,28,22,22,31,27,19,20,6,29,28,22,30,16,22,27,18,44,19,20,20,21,12,19,21,13,31,14,28,27,25,19,21,20,11,14,21,25,26,21,20,21,28,21,23,24,29,21,19,21,19,24,22,6,13,28,20,12,29,29,24,21,29,29,19,25,25,25,22,35,20,29,28,22,35,29,25,23,2,20,28,15,30,26,19,13,30,28,44,20,17,29,30,21,19,23,24
19,26,25,20,25,35,23,26,36,24,19,23,15,34,21,15,25,14,26,22,10,22,26,39,18,22,28,22,18,27,17,10,27,23,21,22,18,14,29,20,22,35,20,21,21,30,19,20,14,19,29,28,17,16,22,15,0,30,25,17,22,25,27,19,16,14,23,26,12,25,28,19,16,30,6,28,16,22,19,24,21,16,30,28,26,25,17,28,36,25,30,21,25,22,20,21,30,27,20,16,27,21,22,27,26,26,18,20,34,10,23,22,25,14,26,28,4,28,4,35,18,20,23,25,20,11,6,23,28,32,25,27,24,17,29,25,17,35,24,21,27,20,28,27,14,10,32,22,11,37,36,17,23,33,28,27,26,29,23,27,24,8,18,20,24,33,20,32,26,17,14,35,2,21,26,26,13,36,17,34,27,23,20,21,20,25,20,30
28,40,40,27,40,25,27,35,47,30,30,24,26,51,27,26,45,32,42,35,30,30,22,32,29,41,19,30,29,22,26,32,38,29,32,30,31,31,41,35,30,51,27,30,41,13,27,28,29,30,15,21,28,34,32,34,30,0,26,32,30,44,39,29,35,32,29,25,30,42,15,30,32,24,33,41,36,28,34,28,43,25,43,38,24,24,32,38,50,26,4,33,26,30,32,19,36,38,31,32,21,35,30,21,36,29,24,32,29,32,39,31,45,36,39,41,32,16,35,47,25,30,30,40,31,33,32,29,44,44,31,40,36,23,42,30,25,47,45,32,41,37,41,41,32,35,46,31,31,48,46,26,29,48,45,45,26,32,23,42,26,36,22,26,30,28,20,44,41,36,32,47,35,24,37,39,31,48,29,29,45,33,20,24,43,45,30,43
16,36,38,20,36,31,28,33,44,26,16,22,19,46,21,19,40,26,38,26,24,25,4,28,25,37,13,25,24,16,19,28,32,31,28,30,21,25,40,25,25,46,18,20,35,18,21,24,23,32,23,23,24,25,30,28,25,26,0,36,25,39,38,28,26,30,21,13,27,39,23,24,23,19,26,34,29,27,28,25,35,27,40,36,10,14,23,37,48,13,21,20,13,21,36,28,30,34,30,26,17,36,21,17,30,21,26,19,29,31,34,30,40,29,33,35,29,18,26,44,27,11,26,35,23,29,29,31,41,41,25,33,32,24,35,22,20,44,40,33,35,31,38,36,26,30,44,31,29,45,44,20,30,41,45,39,22,32,22,38,19,30,20,21,25,22,21,43,37,26,32,43,28,25,33,33,31,44,25,28,40,31,21,25,37,39,13,40
24,18,15,24,25,30,22,27,32,26,24,21,26,31,24,26,25,23,13,26,16,23,35,43,22,21,35,23,26,33,26,28,33,16,25,20,25,21,21,20,23,26,25,26,21,29,27,22,20,12,29,31,19,21,18,23,17,32,36,0,23,27,34,21,16,22,29,34,16,25,28,23,23,27,15,24,21,21,24,16,19,26,29,21,32,32,21,21,28,33,29,26,33,23,2,20,31,21,13,22,31,33,23,29,19,25,26,23,35,21,24,13,23,24,24,26,16,26,16,30,26,29,21,26,22,21,16,15,27,25,28,25,29,18,27,27,25,32,25,8,27,30,22,25,22,23,31,13,20,32,30,25,15,29,19,22,23,28,20,22,34,21,17,19,16,37,19,25,24,24,22,29,15,19,31,24,19,31,28,35,25,16,19,19,23,25,29,32
12,23,22,17,20,35,12,17,32,9,12,19,23,30,19,23,21,13,20,11,14,1,25,37,1,16,26,1,13,28,23,28,21,16,5,17,10,10,27,16,1,28,17,12,17,28,23,14,16,20,34,34,5,7,17,17,22,30,25,23,0,16,34,7,16,11,22,23,11,14,34,8,17,30,14,19,13,10,19,21,19,29,23,20,24,28,17,22,31,26,32,17,26,19,23,31,11,26,21,16,28,28,19,28,21,24,29,17,39,22,20,20,16,13,17,17,19,28,22,31,29,21,9,20,19,19,20,20,16,26,18,20,22,25,16,24,23,28,19,18,19,23,26,19,14,11,31,19,17,29,29,23,20,31,30,13,24,15,21,20,32,28,25,25,21,34,25,26,16,17,23,29,22,27,24,16,17,30,24,39,19,21,25,27,20,13,21,23
25,16,12,29,4,45,20,27,14,24,25,30,31,16,31,31,5,24,14,25,22,16,39,50,16,6,39,16,34,40,31,32,32,15,20,18,23,19,16,15,16,15,29,23,4,40,30,25,27,19,42,42,22,19,19,23,25,44,39,27,16,0,38,22,17,17,27,35,22,8,42,18,20,37,19,5,17,21,19,28,6,36,26,6,35,37,18,5,20,35,39,23,35,28,25,38,23,14,19,20,37,40,28,37,25,30,36,25,47,30,3,17,5,17,5,3,26,35,26,15,36,30,23,4,28,25,26,17,7,9,23,7,27,33,2,29,30,19,3,19,6,25,13,4,20,16,17,17,23,15,15,30,17,14,18,5,29,32,29,9,40,30,33,33,28,37,32,7,6,24,29,15,25,32,33,5,25,20,27,47,5,15,33,32,7,4,30,23
34,36,35,37,37,43,32,31,39,33,34,34,33,34,36,33,35,33,37,30,31,34,36,50,34,33,40,34,26,39,33,25,31,34,29,33,28,31,37,35,34,37,37,33,32,37,30,33,31,29,39,40,24,36,33,30,27,39,38,34,34,38,0,28,35,33,37,39,35,35,43,36,35,40,30,36,32,35,38,38,28,38,38,31,38,39,38,41,44,39,40,34,39,35,34,37,38,40,40,35,33,34,33,35,38,35,38,37,49,27,38,39,33,32,37,34,31,38,31,38,38,37,35,37,31,31,31,39,27,41,33,42,37,29,37,33,38,40,36,28,39,39,37,37,35,31,38,40,31,43,42,38,38,43,37,40,36,37,36,36,45,25,30,34,38,40,33,43,33,36,27,38,27,39,38,37,29,42,34,49,39,39,31,32,38,35,37,37
18,25,27,20,24,38,18,22,39,23,18,23,19,39,22,19,25,18,27,18,12,7,28,40,7,19,27,7,6,29,19,27,20,22,6,23,14,16,29,20,7,38,20,18,20,30,19,20,17,20,32,32,2,17,23,23,19,29,28,21,7,22,28,0,20,23,22,27,16,19,32,20,27,31,17,27,23,20,21,24,26,24,31,33,23,27,25,28,38,26,30,15,26,21,21,26,10,35,27,27,27,23,21,27,31,25,24,20,37,20,33,27,21,23,29,27,14,26,17,37,24,20,26,29,19,17,15,27,22,34,20,30,25,23,28,25,20,40,26,24,29,26,33,30,27,21,37,28,15,37,38,21,27,39,31,26,24,14,21,26,30,23,23,23,24,33,23,34,23,23,18,38,17,20,27,28,15,39,21,37,25,28,23,25,27,23,22,31
12,14,13,19,19,38,17,26,27,22,10,24,19,29,23,19,18,14,15,20,12,16,26,42,15,14,28,16,26,32,21,24,29,14,18,13,17,11,10,6,16,28,19,16,13,32,24,16,25,6,33,33,16,18,15,17,16,35,26,16,16,17,35,20,0,12,24,28,13,15,33,14,10,32,10,17,12,17,12,23,13,27,23,19,28,30,11,19,30,28,34,20,28,23,14,30,26,7,15,13,31,33,21,32,20,27,27,20,38,24,17,15,18,11,16,18,18,32,17,24,27,21,18,18,21,15,18,13,22,23,22,16,25,24,18,25,21,23,18,4,17,26,18,19,14,12,25,15,15,27,24,20,13,25,20,17,27,30,25,14,27,24,24,24,23,38,24,23,14,17,24,24,18,24,26,16,17,24,25,38,18,11,24,24,14,15,23,22
12,15,20,15,19,38,14,27,24,18,12,20,18,28,18,18,16,10,20,20,4,11,30,40,14,16,30,11,29,30,20,22,31,13,16,13,13,6,22,12,11,21,15,14,16,32,24,14,17,15,33,33,18,14,12,10,14,32,30,22,11,17,33,23,12,0,20,26,9,16,33,11,10,29,10,21,6,13,14,19,14,24,21,23,26,26,11,21,26,24,30,19,24,18,21,30,24,15,15,6,27,31,18,27,19,23,26,15,38,18,20,16,16,6,22,16,10,26,14,23,26,21,13,19,17,11,10,18,16,26,20,20,19,23,20,23,20,25,17,13,19,17,23,19,4,6,25,16,13,27,28,20,18,25,26,14,21,19,18,19,27,20,24,24,19,32,22,20,18,10,18,24,14,25,21,22,13,24,26,38,16,14,22,25,17,15,19,21
14,29,31,2,29,32,24,22,39,21,14,15,7,39,16,8,33,12,31,21,20,22,19,32,21,32,14,22,28,20,5,29,26,24,21,23,16,16,35,21,22,39,4,15,31,22,22,16,21,30,26,28,22,22,23,18,23,29,21,29,22,27,37,22,24,20,0,16,15,32,26,16,14,22,17,26,13,20,15,13,26,11,32,29,19,20,14,29,39,16,25,14,16,16,25,24,24,28,23,17,22,30,16,22,25,14,13,4,32,26,27,23,33,13,26,28,20,22,17,37,11,14,20,29,17,19,19,24,34,33,15,25,23,20,29,16,7,37,31,25,27,21,30,29,17,19,37,23,19,36,37,7,24,38,35,31,10,20,12,28,22,27,18,20,11,23,18,33,29,19,27,35,21,15,24,26,20,37,20,32,33,24,18,17,29,32,12,32
20,36,39,16,36,32,26,33,43,28,20,22,17,47,23,17,40,24,38,30,26,23,12,22,23,37,2,23,27,17,17,29,31,31,29,30,21,25,35,27,23,47,16,23,35,9,24,24,25,34,23,25,26,27,28,30,26,25,13,34,23,35,39,27,28,26,16,0,26,39,23,22,24,14,27,34,29,27,28,21,35,23,39,36,8,16,23,37,46,8,9,22,8,23,35,28,32,34,29,26,19,36,23,19,32,23,21,16,25,31,34,31,41,29,33,35,28,15,27,44,23,11,27,36,24,30,27,31,42,39,23,33,32,24,36,24,17,44,40,32,35,31,38,36,26,30,44,31,30,45,44,17,31,46,45,39,22,30,22,38,16,32,22,24,21,22,22,40,37,26,29,42,29,22,33,33,26,45,24,25,40,31,22,22,37,39,13,39
16,23,22,15,24,34,19,20,37,19,16,21,14,37,19,14,21,12,25,18,5,11,26,36,11,19,26,11,20,26,16,18,26,21,10,20,15,9,27,17,11,37,15,18,20,28,20,17,15,17,29,29,6,11,20,11,12,30,27,16,11,22,35,16,13,9,15,26,0,21,29,18,15,29,9,25,15,20,18,20,18,20,29,28,24,26,16,28,36,24,30,17,24,19,17,26,25,18,25,13,26,27,19,26,22,23,22,15,34,12,26,25,22,15,26,25,8,27,12,35,22,21,20,26,17,7,10,22,21,32,18,26,19,20,24,23,16,36,26,17,26,18,28,26,11,14,33,25,9,35,36,16,22,33,30,25,24,21,21,20,23,16,20,20,20,32,20,32,19,15,16,35,10,21,23,26,10,36,22,34,25,17,20,21,21,21,19,29
25,16,18,29,11,45,22,29,16,25,23,33,31,22,32,31,11,23,11,28,20,14,39,50,13,6,39,14,29,41,31,31,30,12,20,20,22,18,22,16,14,15,30,24,8,41,30,25,27,19,42,42,17,18,21,23,25,42,39,25,14,8,35,19,15,16,32,39,21,0,42,18,21,35,19,14,17,20,24,26,10,36,27,14,35,37,21,11,20,35,36,23,35,27,24,39,29,19,17,20,37,40,27,37,25,32,36,25,47,29,15,15,5,17,6,10,25,37,26,16,36,30,22,14,27,24,26,17,5,20,23,15,30,33,9,32,30,15,10,16,14,29,18,11,20,15,13,15,22,22,17,30,16,22,19,6,32,27,29,9,39,31,33,32,26,37,33,18,6,23,29,15,25,32,32,6,24,17,30,47,9,17,33,32,11,4,29,26
26,39,39,27,42,15,32,30,52,28,28,13,23,51,27,23,42,33,35,30,29,34,23,27,33,38,23,34,33,22,23,30,36,31,33,34,29,33,39,37,34,52,27,28,38,10,22,28,33,29,2,14,29,35,32,38,28,15,23,28,34,42,43,32,33,33,26,23,29,42,0,33,33,20,28,43,33,31,34,21,38,25,44,36,21,22,34,36,52,24,11,27,24,27,27,13,31,39,30,33,18,33,27,18,35,26,23,27,23,32,41,29,42,33,39,41,30,10,30,49,25,23,31,43,27,36,30,33,39,44,28,42,38,16,42,27,23,49,42,27,44,36,39,43,33,32,47,29,36,49,47,23,33,50,43,39,16,30,14,43,20,32,13,23,23,24,11,44,37,35,33,48,30,19,39,39,36,50,24,23,42,36,9,19,38,40,25,44
6,18,22,14,20,36,8,8,26,6,10,20,20,28,18,18,22,8,20,4,17,8,24,37,10,19,24,8,26,27,20,27,22,15,12,14,9,8,23,11,8,28,14,4,18,27,22,13,18,18,33,33,12,13,11,11,19,30,24,23,8,18,36,20,14,11,16,22,18,18,33,0,9,29,15,17,7,8,7,20,17,26,19,20,24,27,8,21,27,24,31,14,24,17,24,30,8,18,14,11,27,24,18,27,15,20,24,12,38,25,18,16,21,5,17,19,18,27,16,26,26,17,10,18,18,18,21,15,21,23,16,16,21,22,20,20,18,28,20,17,16,19,23,20,9,9,26,16,20,28,27,20,15,25,27,16,20,16,20,22,30,27,22,24,20,29,24,25,21,12,25,26,21,26,23,16,16,27,22,38,20,16,24,24,20,17,19,18
11,16,14,12,17,32,16,28,25,18,11,20,18,22,19,18,14,8,17,16,12,17,25,38,17,22,24,17,32,24,18,18,32,14,12,13,13,6,21,11,17,24,12,12,19,28,23,14,18,11,31,33,18,16,13,9,16,32,23,23,17,20,35,27,10,10,14,24,15,21,33,9,0,33,10,18,4,13,10,19,19,24,22,19,27,29,7,20,27,26,36,20,26,19,20,28,23,16,13,6,31,28,19,31,16,21,24,12,38,22,17,13,16,4,16,18,14,29,12,25,24,20,15,19,19,15,14,14,16,22,18,13,20,24,18,21,18,24,16,14,17,20,21,17,6,6,26,13,15,26,25,18,14,26,24,17,18,25,25,20,28,18,24,24,19,34,22,24,18,9,18,23,14,22,24,16,15,28,23,38,16,14,24,23,19,17,18,22
26,38,38,20,36,29,28,30,41,28,26,18,23,44,23,21,40,28,30,33,29,30,18,24,30,37,14,30,32,15,22,33,33,27,34,28,27,28,36,31,30,43,20,28,36,15,27,24,29,26,20,26,30,31,26,33,30,24,19,27,30,37,40,31,32,29,22,14,29,35,20,29,33,0,29,37,33,27,31,11,38,28,40,32,18,15,28,33,46,13,19,27,13,21,26,24,32,32,21,29,20,39,23,20,32,23,28,20,25,34,35,21,42,33,35,37,31,15,31,42,28,19,27,37,24,33,31,27,43,41,27,36,35,20,38,24,23,43,39,25,38,34,34,37,29,32,42,21,33,45,42,23,27,43,41,36,18,28,18,39,19,34,18,24,11,22,18,41,38,31,35,43,31,14,36,35,33,44,27,25,40,31,18,14,38,38,18,40
14,20,21,15,19,33,11,24,32,19,14,20,14,26,18,14,22,10,20,16,6,14,27,38,13,18,27,16,22,24,16,18,28,17,15,16,15,6,23,14,14,34,15,16,15,28,18,15,15,15,28,28,12,13,16,12,6,33,26,15,14,19,30,17,10,10,17,27,9,19,28,15,10,29,0,22,10,16,9,19,15,22,24,22,24,23,11,22,30,24,29,17,24,18,16,25,22,21,16,10,26,27,18,26,17,17,22,15,33,14,17,16,18,8,20,20,12,26,12,27,22,21,17,19,17,9,12,16,23,26,18,21,20,19,21,20,16,29,18,13,21,14,22,19,8,4,29,16,9,31,30,16,16,29,24,21,18,22,20,21,23,14,19,19,19,31,19,26,18,12,18,25,6,20,20,20,11,30,10,33,18,17,19,20,14,19,19,24
20,14,9,24,3,46,18,33,18,23,20,30,32,16,28,32,7,19,12,21,24,19,34,47,19,9,34,19,33,36,32,34,31,11,21,14,20,14,21,11,19,21,24,19,7,37,32,22,31,19,43,43,25,27,16,20,28,41,34,24,19,5,36,27,17,21,26,34,25,14,43,17,18,37,22,0,16,20,19,28,7,36,25,9,34,36,18,7,18,34,39,24,34,28,24,38,27,15,19,18,37,37,28,37,27,30,36,24,48,30,5,19,7,16,8,3,26,35,26,19,36,29,20,5,28,24,26,18,9,7,22,6,28,32,4,30,30,20,3,20,4,26,9,2,18,18,18,19,26,17,13,30,18,14,17,8,30,32,30,9,40,32,32,34,28,37,32,9,7,20,32,15,28,32,30,8,24,18,30,48,3,17,34,32,7,8,29,25
11,17,17,11,19,32,12,28,26,18,11,20,18,26,19,18,20,4,17,20,12,13,29,42,15,18,29,13,31,29,18,20,36,13,16,11,11,4,25,11,13,26,11,12,18,32,23,13,16,17,31,33,18,12,11,12,16,36,29,21,13,17,32,23,12,6,13,29,15,17,33,7,4,33,10,16,0,11,6,20,19,23,19,19,24,25,4,20,27,22,30,17,22,19,19,28,23,17,12,4,28,28,19,28,16,21,23,11,38,22,17,13,18,2,16,18,10,26,12,27,23,20,13,17,19,14,14,14,20,24,18,15,16,24,17,21,17,27,18,15,15,16,21,19,4,4,26,13,14,26,25,17,14,26,25,15,21,25,21,19,28,18,24,24,20,30,22,24,20,6,20,25,14,22,20,16,14,26,23,38,18,14,24,23,18,17,17,19
11,22,21,18,20,32,4,19,26,10,13,18,24,28,16,24,20,14,15,20,19,10,27,35,12,21,27,10,26,25,24,30,30,14,14,9,10,12,23,16,10,28,18,11,20,25,23,11,20,17,31,31,16,15,9,18,22,28,27,21,10,21,35,20,17,13,20,27,20,20,31,8,13,27,16,20,11,0,15,18,22,30,21,18,27,25,12,18,26,27,29,18,27,16,22,28,18,19,12,11,25,27,16,25,13,18,30,18,36,29,19,14,22,5,19,21,22,25,17,24,30,22,2,21,16,20,19,14,22,20,18,20,21,22,22,18,24,25,21,15,22,21,19,21,13,3,23,14,20,26,23,24,14,25,24,20,18,21,18,23,33,26,22,22,18,25,22,20,22,12,29,25,20,24,25,18,20,27,23,36,21,12,22,24,21,19,22,21
12,22,24,14,22,38,21,26,29,14,13,23,19,30,21,19,25,7,22,22,15,19,28,38,18,26,28,19,25,28,21,27,34,13,17,16,14,7,22,13,19,30,14,11,22,30,26,6,20,23,33,33,21,16,16,6,19,34,28,24,19,19,38,21,12,14,15,28,18,24,34,7,10,31,9,19,6,15,0,23,20,25,26,22,29,28,7,22,32,26,35,22,26,21,22,31,19,16,16,12,32,28,22,31,21,21,27,15,39,21,20,16,25,8,19,21,14,32,14,29,27,25,14,20,21,14,15,17,24,26,18,20,15,24,20,21,19,30,26,16,20,12,23,22,10,10,27,16,14,31,30,19,17,29,26,23,21,14,23,20,28,21,25,25,22,30,25,26,21,12,21,28,15,26,14,19,16,30,24,39,25,17,25,26,22,25,21,24
15,25,27,10,27,26,18,24,33,17,17,10,16,38,14,17,31,19,25,24,20,21,23,31,21,28,21,21,29,20,16,30,28,18,25,19,18,19,27,22,21,35,10,17,27,19,21,15,22,17,21,29,21,22,17,24,24,28,25,16,21,28,38,24,23,19,13,21,20,26,21,20,19,11,19,28,20,18,23,0,27,22,31,23,23,20,19,24,37,22,19,16,22,12,16,18,21,25,12,20,23,35,14,23,23,16,22,10,32,31,26,12,33,20,26,28,25,15,25,32,22,18,18,28,15,24,24,18,32,32,16,27,28,16,29,16,16,34,32,15,29,26,25,28,20,19,33,12,24,36,34,16,18,35,30,29,10,20,8,30,28,31,14,20,2,23,12,32,29,22,32,34,25,8,29,26,24,35,21,32,31,22,12,8,29,29,17,31
21,14,14,25,8,43,23,32,14,26,21,31,27,19,29,27,7,19,11,26,15,19,35,48,19,6,35,19,30,38,27,29,32,14,22,18,20,16,17,12,19,20,25,20,2,38,27,24,26,15,38,38,20,22,18,22,21,43,35,19,19,6,28,26,13,14,26,35,18,10,38,17,19,38,15,7,19,22,20,27,0,33,27,12,35,37,21,12,19,35,40,24,35,28,21,35,30,15,17,18,38,37,28,37,26,33,33,26,43,25,5,18,6,18,8,7,21,36,23,20,33,30,22,8,27,20,21,17,8,15,25,5,30,29,8,33,27,18,7,11,6,29,13,8,18,17,20,17,22,16,16,27,17,18,16,8,32,32,29,8,36,27,27,27,27,40,27,13,6,21,29,11,21,29,32,8,20,21,23,41,7,17,27,29,4,7,30,27
24,36,38,12,39,24,31,29,45,31,24,24,6,46,26,8,37,22,37,28,20,29,25,32,28,34,20,29,20,26,6,19,30,34,28,33,26,24,40,29,29,46,12,25,33,25,22,26,28,32,25,27,24,27,33,23,16,25,27,26,29,36,38,24,27,24,11,23,20,36,25,26,24,28,22,36,23,30,25,22,33,0,41,39,22,24,26,39,46,20,23,25,22,24,26,16,34,38,33,26,27,27,26,27,34,26,6,14,28,27,37,33,35,21,36,38,26,25,22,47,2,22,30,39,27,28,26,34,40,43,25,35,31,24,39,26,12,47,38,32,37,32,40,39,24,24,47,33,28,49,47,12,34,47,39,37,24,31,24,37,15,25,22,24,21,32,22,43,36,27,18,45,24,17,34,36,30,48,23,28,37,34,22,21,36,37,20,42
26,23,23,30,24,48,25,28,24,22,26,31,36,25,30,36,25,25,24,25,26,23,40,49,24,29,39,22,44,38,36,37,34,22,24,21,23,21,29,22,23,23,28,25,29,37,31,24,34,24,43,42,28,31,21,24,30,43,40,29,23,26,38,31,23,21,32,39,29,27,44,19,22,40,24,25,19,21,26,31,27,41,0,23,42,39,21,23,21,43,45,33,43,33,31,41,19,21,25,20,41,41,32,40,25,34,42,29,47,36,23,23,27,18,23,26,30,38,28,25,42,39,27,24,32,29,30,24,28,24,31,25,36,35,25,33,36,21,27,23,24,34,25,26,20,24,24,23,31,23,22,36,24,21,28,26,33,29,35,26,45,36,35,33,29,40,35,26,26,23,38,25,30,36,38,25,29,22,30,47,26,21,35,36,26,28,36,2
22,10,10,27,10,39,21,27,16,22,22,23,33,17,25,33,10,22,9,24,27,20,36,44,22,13,36,20,35,34,33,34,35,9,21,13,19,17,18,13,20,20,27,23,10,32,33,20,29,16,38,40,29,25,11,22,28,38,36,21,20,6,31,33,19,23,29,36,28,14,36,20,19,32,22,9,19,18,22,23,12,39,23,0,36,34,20,3,17,36,36,28,36,25,19,33,22,13,14,19,34,40,25,34,20,27,39,27,45,35,1,12,13,19,9,3,29,32,29,18,39,31,20,6,25,28,29,16,14,8,25,3,30,29,8,27,33,18,9,15,12,28,5,9,19,18,16,12,26,16,12,33,16,13,12,6,25,25,25,15,42,34,29,31,23,34,29,2,13,22,33,12,28,29,32,9,28,17,28,45,9,13,27,29,14,10,31,23
18,38,40,18,36,29,28,31,45,26,18,22,17,47,23,17,40,25,40,26,24,24,6,26,24,37,8,24,24,14,17,28,30,31,28,30,21,25,42,27,24,47,18,21,35,16,21,24,23,34,21,25,24,28,30,28,26,24,10,32,24,35,38,23,28,26,19,8,24,35,21,24,27,18,24,34,24,27,29,23,35,22,42,36,0,14,23,37,46,12,19,20,11,22,35,26,30,36,30,26,18,36,23,18,30,22,24,18,26,28,34,31,41,29,33,35,26,16,25,44,25,11,27,36,23,30,26,31,42,43,23,33,32,21,36,24,18,44,40,33,35,31,38,36,26,30,44,31,30,44,44,20,31,43,45,39,20,30,20,38,18,28,19,23,23,20,19,42,37,26,31,43,27,23,33,33,28,44,23,25,40,31,19,23,37,39,13,39
24,37,37,19,37,30,26,29,40,26,24,23,20,46,21,20,41,25,37,28,24,28,14,23,28,38,16,28,29,2,20,28,32,29,31,28,25,25,38,31,28,46,19,26,37,18,26,20,27,30,22,25,28,27,28,29,25,24,14,32,28,37,39,27,30,26,20,16,26,37,22,27,29,15,23,36,25,25,28,20,37,24,39,34,14,0,25,35,45,14,21,24,14,20,33,26,29,34,28,26,19,38,21,19,30,21,25,19,26,30,35,28,42,29,35,37,28,18,28,43,26,17,25,37,20,30,28,29,42,41,25,36,32,23,38,22,20,43,41,31,38,31,36,37,26,28,43,28,30,44,43,21,28,41,43,40,18,28,20,39,20,30,21,23,20,18,20,41,38,26,30,41,28,22,33,35,28,44,25,26,41,29,20,21,38,41,15,38
9,21,22,12,20,39,18,27,29,17,9,20,20,28,16,20,24,6,18,19,14,17,23,37,16,23,23,17,31,25,20,25,21,15,13,14,12,5,24,11,17,27,12,12,21,27,25,11,19,19,34,31,18,16,14,11,17,32,23,21,17,18,38,25,11,11,14,23,16,21,34,8,7,28,11,18,4,12,7,19,21,26,21,20,23,25,0,20,28,21,34,17,21,18,22,30,15,18,14,6,31,31,18,25,16,18,24,12,38,23,18,14,23,5,17,19,17,27,16,27,24,18,14,19,18,15,17,15,23,22,17,17,18,24,19,20,18,28,20,12,18,15,21,20,8,8,28,14,15,27,28,16,15,28,26,22,20,25,20,20,27,23,24,22,19,30,24,24,20,7,23,27,17,25,20,17,15,29,23,38,22,13,24,25,20,19,16,22
23,14,14,28,12,41,19,26,18,22,23,24,33,15,26,33,12,22,10,26,25,22,37,45,21,13,37,22,38,35,33,36,35,10,24,12,23,18,17,14,23,20,28,24,10,33,33,21,30,15,38,40,26,28,10,23,28,38,37,21,22,5,41,28,19,21,29,37,28,11,36,21,20,33,22,7,20,18,22,24,12,39,23,3,37,35,20,0,16,38,38,29,38,27,19,33,25,16,16,21,37,40,27,36,23,27,39,29,45,35,2,15,12,21,7,5,29,34,29,15,39,33,21,10,28,28,29,19,14,9,17,10,30,29,11,27,33,19,11,15,10,28,3,11,21,20,18,15,28,15,17,33,19,19,15,4,25,22,27,16,42,34,29,31,25,31,29,3,12,24,35,17,28,29,32,6,28,20,31,45,10,14,27,29,15,6,33,25
32,17,19,38,17,52,24,36,10,30,33,37,44,6,36,44,17,33,16,33,33,31,48,56,31,19,46,31,44,45,45,43,40,18,30,22,31,25,22,19,31,4,38,32,20,45,42,33,37,23,52,52,34,37,21,29,36,50,48,28,31,20,44,38,30,26,39,46,36,20,52,27,27,46,30,18,27,26,32,37,19,46,21,17,46,45,28,16,0,46,49,34,45,36,29,46,31,18,26,27,45,49,35,45,31,38,48,35,54,43,18,24,19,27,16,16,38,45,37,2,48,41,28,16,35,38,38,26,20,17,33,20,41,38,15,37,40,12,16,21,17,35,19,15,23,27,11,25,38,18,2,40,26,12,19,14,37,33,38,23,51,42,38,36,36,45,38,16,19,31,44,8,36,38,43,16,38,6,38,53,15,20,38,40,19,14,41,24
20,38,40,15,36,33,28,33,44,28,20,21,15,47,21,17,38,22,38,29,24,26,12,24,26,36,8,26,28,14,15,29,29,31,30,30,23,23,37,27,26,47,14,23,35,19,24,24,25,34,24,19,26,27,30,28,25,26,13,33,26,35,39,26,28,24,16,8,24,35,24,24,26,13,24,34,22,27,26,22,35,20,43,36,12,14,21,38,46,0,23,22,2,21,35,28,32,36,30,24,18,36,21,17,32,23,19,16,23,29,34,30,41,27,33,35,26,19,25,44,23,11,27,36,23,28,26,31,42,43,23,33,30,24,36,24,15,44,40,32,35,29,38,36,24,28,44,30,28,45,43,17,31,46,45,38,21,30,22,37,6,30,23,24,22,20,21,43,37,24,30,43,27,23,31,33,28,45,23,23,40,31,21,23,37,38,7,39
24,42,40,25,40,17,30,31,47,26,26,16,24,51,25,24,45,33,40,31,32,32,21,31,31,41,13,32,31,21,24,32,36,31,34,32,27,31,42,35,32,50,25,26,40,7,23,26,29,30,11,23,30,33,30,34,30,4,21,29,32,39,40,30,34,30,25,9,30,36,11,31,36,19,29,39,30,29,35,19,40,23,45,36,19,21,34,38,49,23,0,30,25,29,32,10,29,38,28,32,23,35,28,23,32,25,23,29,28,37,39,29,45,34,39,41,33,5,33,47,23,28,29,41,28,37,33,31,44,42,26,40,36,15,42,25,24,47,45,30,42,34,37,41,32,35,46,29,37,47,47,24,31,46,43,43,15,29,13,42,25,37,12,24,25,25,11,42,41,34,32,47,33,19,37,39,37,48,25,28,45,33,12,19,41,45,30,43
9,28,28,12,25,33,20,29,34,14,11,17,18,36,17,18,27,16,25,17,19,17,21,36,17,23,22,17,21,24,18,27,26,24,20,21,11,18,29,20,17,35,10,5,24,25,12,17,19,25,27,31,17,16,21,22,21,33,20,26,17,23,34,15,20,19,14,22,17,23,27,14,20,27,17,24,17,18,22,16,24,25,33,28,20,24,17,29,34,22,30,0,22,17,26,25,18,28,22,19,25,31,17,25,21,19,24,12,37,27,25,23,26,17,23,24,23,21,20,34,24,15,20,25,16,24,21,22,29,28,13,23,27,20,23,19,18,35,28,24,23,23,30,25,19,17,34,24,24,35,33,18,21,34,34,29,17,23,15,27,28,27,21,23,18,24,19,33,26,19,31,32,21,24,27,22,25,34,16,37,29,24,19,24,28,27,18,30
20,38,34,16,36,33,28,32,44,28,20,21,17,46,21,17,39,22,40,29,24,26,11,24,26,36,8,26,28,14,17,29,29,31,30,30,23,23,42,27,26,48,16,23,35,19,24,24,25,34,23,24,26,27,30,28,25,26,13,33,26,35,39,26,28,24,16,8,24,35,24,24,26,13,24,34,22,27,26,22,35,22,43,36,11,14,21,38,45,2,25,22,0,21,35,28,32,36,30,24,18,36,21,18,32,23,22,16,23,29,34,30,41,27,33,35,26,19,25,44,23,11,27,36,23,28,26,31,42,43,23,33,30,24,36,24,17,44,40,33,35,29,38,36,24,28,44,30,28,44,43,17,31,46,45,39,21,30,22,37,8,30,22,15,22,20,21,43,37,24,30,43,27,23,31,33,28,45,23,23,40,31,21,23,37,39,5,39
15,25,27,14,27,30,17,21,36,17,15,14,18,37,2,18,32,18,29,21,19,19,22,31,19,28,23,19,27,19,18,29,24,20,23,17,16,18,27,22,19,35,12,17,28,25,22,9,18,22,27,17,20,20,17,22,22,30,21,23,19,28,35,21,23,18,16,23,19,27,27,17,19,21,18,28,19,16,21,12,28,24,33,25,22,20,18,27,36,21,29,17,21,0,24,24,20,25,18,19,11,33,2,11,17,4,24,12,26,30,26,20,33,19,26,27,24,21,22,34,24,16,16,28,5,25,24,19,32,32,14,27,26,19,28,4,18,34,32,22,29,24,27,27,19,18,34,20,25,37,34,18,19,34,31,32,14,17,12,30,29,28,18,8,14,21,18,32,28,21,32,34,22,20,29,26,25,35,23,26,32,20,18,18,29,29,14,30
24,20,13,24,25,30,22,27,32,26,24,20,26,29,24,26,25,23,13,26,17,23,35,43,22,20,35,23,26,33,26,19,37,14,25,15,25,21,22,16,23,26,24,26,21,29,27,22,21,12,29,33,19,22,18,22,20,32,36,2,23,25,34,21,14,21,25,35,17,24,27,24,20,26,16,24,19,22,22,16,21,26,31,19,35,33,22,19,29,35,32,26,35,24,0,18,31,17,15,21,30,33,22,28,19,24,26,24,37,22,24,13,19,25,22,24,16,26,16,30,26,29,21,26,21,21,15,15,21,27,28,25,27,18,25,26,25,32,25,12,27,30,22,25,24,25,31,14,21,32,29,25,15,30,23,22,23,28,20,18,34,19,17,21,18,37,19,25,20,24,22,29,15,19,29,22,21,33,28,37,23,19,17,19,23,23,29,32
23,36,36,24,37,12,29,27,46,25,25,10,20,42,24,20,37,30,32,27,26,31,28,33,30,33,28,31,25,26,20,20,34,28,30,31,26,30,36,34,31,44,24,25,35,11,19,25,30,26,13,25,26,32,29,31,21,19,28,20,31,38,37,26,30,30,24,28,26,39,13,30,28,24,25,38,28,28,31,18,35,16,41,33,26,26,30,33,46,28,10,25,28,24,18,0,30,35,28,30,25,26,24,25,33,24,16,24,27,31,38,26,31,28,36,38,24,11,30,46,16,23,28,40,25,33,25,30,38,41,27,37,37,15,39,24,22,46,37,26,41,35,36,38,30,29,45,26,33,48,43,22,30,47,37,34,12,29,11,36,24,31,12,20,20,28,6,41,32,32,24,43,29,14,38,36,33,45,24,27,35,33,8,14,33,37,25,40
13,26,26,23,26,36,21,4,30,8,17,21,28,31,20,28,26,20,23,11,26,11,32,42,10,33,32,11,25,29,28,37,13,17,19,20,15,13,20,21,11,31,23,11,30,26,19,14,28,28,31,35,8,28,20,27,30,36,30,31,11,23,38,10,26,24,24,32,25,29,31,8,23,32,22,27,23,18,19,21,30,34,19,22,30,29,15,25,31,32,29,18,32,20,31,30,0,23,21,19,32,37,23,32,19,22,34,24,40,35,25,23,34,14,26,23,29,28,28,29,34,27,16,24,22,27,29,23,33,18,18,28,31,24,28,22,26,28,24,25,24,27,22,24,23,18,27,23,29,30,31,28,23,32,19,27,20,5,20,29,37,34,24,26,25,25,24,18,30,19,36,30,28,28,32,26,28,31,23,40,26,22,24,28,28,25,28,24
18,2,2,26,16,43,15,31,21,23,18,26,32,19,25,32,14,21,8,24,22,26,34,40,23,17,32,26,36,34,32,32,37,9,21,12,19,11,15,1,26,18,26,19,17,34,33,16,29,13,38,39,28,26,13,19,27,38,34,21,26,14,40,35,7,15,28,34,18,19,39,18,16,32,21,15,17,19,16,25,15,38,21,13,36,34,18,16,18,36,38,28,36,25,17,35,23,0,16,16,36,39,27,37,19,27,35,27,44,33,15,17,11,22,14,13,24,37,28,17,38,31,24,19,27,25,26,16,19,21,22,18,32,30,16,29,31,20,16,7,16,30,19,16,16,15,19,17,27,21,14,32,16,17,20,16,28,24,29,20,41,33,30,30,25,37,30,19,17,19,33,18,27,30,34,14,26,13,31,44,13,8,30,30,15,17,29,20
14,15,18,20,18,34,14,25,24,16,16,18,27,26,20,26,22,16,8,18,19,21,30,39,23,17,30,21,38,27,27,28,36,9,22,10,16,9,17,12,21,25,20,16,17,24,28,15,24,9,31,35,26,20,8,20,20,31,30,13,21,19,40,27,15,15,23,29,25,17,30,14,13,21,16,19,12,12,16,12,17,33,25,14,30,28,14,16,26,30,28,22,30,18,15,28,21,16,0,12,29,33,20,29,18,22,32,20,39,27,17,3,18,13,17,18,21,24,21,23,33,24,14,19,20,22,23,8,20,20,21,18,24,20,20,22,26,24,22,7,20,22,16,18,13,12,24,2,22,27,23,27,9,24,21,16,18,23,15,21,36,28,20,26,12,31,21,20,18,15,27,24,22,18,26,15,20,25,27,39,19,13,21,18,20,17,25,21
12,15,16,15,17,36,13,28,25,18,12,20,20,26,19,20,14,10,16,14,8,17,26,38,17,19,26,16,32,26,20,24,30,14,12,11,13,4,22,12,16,22,15,14,20,26,24,14,19,17,33,33,18,16,11,6,16,32,26,22,16,20,35,27,13,6,17,26,13,20,33,11,6,29,10,18,4,11,12,20,18,26,20,19,26,26,6,21,27,24,32,19,24,19,21,30,19,16,12,0,31,30,23,31,16,23,26,18,38,18,17,16,20,10,14,16,12,31,14,26,26,25,19,19,22,13,10,17,20,24,22,17,22,24,19,25,20,24,21,16,19,20,21,17,2,10,24,16,15,25,24,20,17,24,21,20,23,20,25,21,29,20,24,24,23,31,24,24,20,6,20,25,14,25,22,14,13,25,23,38,16,13,24,25,20,20,23,20
24,36,36,23,36,31,24,29,45,26,24,25,23,46,11,23,40,30,37,28,26,28,18,27,28,38,19,28,27,19,23,29,31,29,31,28,25,27,38,31,28,47,23,26,37,16,24,18,25,31,18,6,27,29,28,29,27,21,17,31,28,37,33,27,31,27,22,19,26,37,18,27,31,20,26,37,28,25,32,23,38,27,41,34,18,19,31,37,45,18,23,25,18,11,30,25,32,36,29,31,0,37,11,2,28,10,24,23,21,33,35,29,42,32,35,37,29,16,27,43,30,21,25,37,14,33,30,28,43,39,27,36,36,22,38,10,22,43,40,29,38,33,36,37,28,31,43,29,33,44,43,22,28,43,43,39,22,29,22,39,24,30,21,9,23,21,21,41,38,30,34,42,27,23,35,35,33,44,26,21,41,29,21,22,38,39,21,39
30,38,38,32,38,32,31,37,47,34,30,33,30,41,33,30,38,22,39,30,27,28,36,42,28,38,36,28,21,38,30,16,34,35,24,34,28,28,40,32,28,45,32,30,37,37,21,31,29,36,31,33,23,34,34,28,21,35,36,33,28,40,34,23,33,31,30,36,27,40,33,24,28,39,27,37,28,27,28,35,37,27,41,40,36,38,31,40,49,36,35,31,36,33,33,26,37,39,33,30,37,0,34,36,39,33,31,34,43,29,38,35,40,28,37,39,30,37,29,45,31,34,30,38,32,31,30,35,38,44,30,38,33,30,40,32,32,44,37,35,42,31,42,36,30,28,47,35,31,48,48,33,35,50,44,39,32,38,35,37,34,24,31,34,36,39,33,44,37,34,17,48,28,35,35,36,32,47,25,43,40,37,33,35,37,39,36,42
15,27,27,14,27,30,17,21,35,17,13,14,20,36,2,20,31,18,25,21,19,19,23,31,19,28,23,19,27,21,20,29,26,20,23,19,16,18,29,22,19,35,14,17,27,25,22,7,18,20,27,17,20,19,19,22,22,30,21,23,19,28,33,21,21,18,16,23,19,27,27,18,19,23,18,28,19,16,22,14,28,26,32,25,23,21,18,27,35,21,28,17,21,2,22,24,23,27,20,23,11,34,0,11,17,4,26,14,26,31,26,20,33,19,26,28,25,21,22,34,26,16,16,28,3,25,24,17,32,29,14,27,26,19,28,4,20,34,31,22,29,24,24,27,19,18,34,20,25,37,34,20,17,35,31,31,14,17,14,30,27,28,18,8,14,21,18,32,28,21,32,34,22,20,29,26,25,33,20,26,31,20,18,20,29,29,16,28
24,37,37,23,36,31,26,29,44,26,24,22,23,44,9,23,41,25,36,29,26,28,18,27,28,38,19,28,27,19,23,29,33,29,31,28,25,27,39,31,28,44,23,26,37,8,24,18,25,31,18,6,27,29,28,30,27,21,17,29,28,37,35,27,32,27,22,19,26,37,18,27,31,20,26,37,28,25,31,23,37,27,40,34,18,19,25,36,45,17,23,25,18,11,28,25,32,37,29,31,2,36,11,0,28,8,21,23,23,33,35,29,42,32,35,37,29,16,27,43,25,21,25,37,14,33,29,28,43,41,27,36,34,22,38,12,22,43,41,31,38,33,36,37,28,31,43,29,33,45,43,20,28,44,43,41,22,29,22,39,26,30,21,11,23,23,21,41,38,30,34,43,27,23,35,35,33,44,26,23,41,27,21,22,38,41,21,39
12,17,13,23,26,40,19,25,27,14,12,21,27,27,17,27,22,17,9,19,23,21,30,40,21,27,32,21,33,30,28,33,37,15,16,16,13,14,23,18,21,24,23,14,25,28,29,14,26,21,35,37,22,28,16,16,26,36,30,19,21,25,38,31,20,19,25,32,22,25,35,15,16,32,17,27,16,13,21,23,26,34,25,20,30,30,16,23,31,32,32,21,32,17,19,33,19,19,18,16,28,39,17,28,0,22,34,25,46,30,21,21,27,19,21,22,24,29,25,25,34,29,17,23,22,22,24,18,26,27,24,22,30,31,23,25,34,28,22,18,24,28,22,22,16,18,25,21,22,30,28,34,18,27,26,22,25,31,25,25,43,30,31,31,25,33,32,22,24,16,31,28,24,34,31,21,24,29,32,46,22,16,32,34,24,22,29,25
17,29,27,16,29,32,22,19,38,19,17,14,19,38,2,19,34,18,25,22,23,24,22,31,23,33,23,24,30,21,19,32,26,22,23,21,18,20,29,24,24,36,16,19,33,22,24,11,22,25,26,15,24,24,21,22,26,29,21,25,24,30,35,25,27,23,14,23,23,32,26,20,21,23,17,30,21,18,21,16,33,26,34,27,22,21,18,27,38,23,25,19,23,4,24,24,22,27,22,23,10,33,4,8,22,0,23,16,26,29,28,22,34,21,28,30,21,22,20,36,24,16,18,30,7,25,21,21,35,31,15,29,26,19,31,4,19,36,31,23,31,24,28,30,21,24,36,22,25,38,36,17,21,37,33,34,14,17,14,31,29,26,18,6,16,20,18,31,30,23,32,36,20,20,29,28,25,37,23,26,34,20,18,19,30,34,17,32
24,36,38,14,39,24,31,31,45,31,24,24,10,46,24,8,37,20,38,28,22,29,24,34,28,34,21,29,22,25,10,19,30,33,28,33,26,26,38,31,29,46,12,25,33,25,23,26,28,30,23,23,24,27,33,27,18,24,26,26,29,36,38,24,27,26,13,21,22,36,23,24,24,28,22,36,23,30,27,22,33,6,42,39,24,25,24,39,48,19,23,24,22,24,26,16,34,35,32,26,24,31,26,21,34,23,0,12,29,27,37,33,35,24,36,38,26,25,24,47,2,22,30,39,27,30,26,34,40,43,25,35,33,24,39,25,6,47,38,28,37,32,40,39,26,26,47,33,30,49,45,6,34,49,39,37,24,33,24,37,19,28,22,20,23,32,22,43,36,27,20,44,26,21,34,36,30,48,23,29,37,33,22,21,36,37,20,42
12,29,29,2,27,30,19,19,37,19,12,12,8,37,14,6,30,10,31,21,15,17,18,31,17,27,16,17,25,18,8,25,26,22,21,21,12,14,33,19,17,37,2,13,26,25,20,14,18,25,27,29,17,18,21,18,20,32,19,23,17,25,37,20,20,15,4,16,15,25,27,12,12,20,15,24,11,18,15,10,26,14,29,27,18,19,12,29,35,16,29,12,16,12,24,24,24,27,20,18,23,34,14,23,25,16,12,0,32,26,25,21,32,11,24,26,20,21,18,35,14,13,18,27,15,18,19,22,31,31,14,23,23,20,27,16,6,35,31,23,23,21,29,27,15,15,35,21,19,34,35,8,22,34,34,29,12,22,12,27,22,27,18,20,9,23,18,31,28,14,27,33,21,17,24,24,19,35,20,32,31,22,18,15,28,30,11,30
35,44,44,32,47,28,37,36,58,37,35,30,28,54,26,28,47,38,42,37,34,39,26,21,38,43,25,39,38,24,28,36,37,40,38,39,36,38,46,42,39,58,32,37,43,28,32,29,38,38,23,17,34,40,39,44,34,29,29,35,39,47,49,37,38,38,32,25,34,47,23,38,38,25,33,48,38,36,39,32,43,28,47,45,26,26,38,45,54,23,28,37,23,26,37,27,40,44,39,38,21,43,26,23,46,26,29,32,0,37,46,40,46,38,46,48,35,28,35,53,30,26,36,48,27,39,35,39,43,47,35,47,42,28,49,24,28,54,47,34,49,41,46,48,38,37,53,40,41,55,54,28,39,55,46,45,30,36,30,47,19,37,26,20,32,27,26,49,44,40,38,54,35,28,43,46,41,55,31,2,47,41,26,28,43,47,26,49
26,32,34,26,33,30,29,35,43,32,26,30,24,42,31,24,29,24,34,30,14,22,28,41,22,28,31,22,14,30,24,4,36,30,23,29,23,18,36,26,22,42,26,28,27,34,30,28,18,26,32,33,18,22,29,19,10,32,31,21,22,30,27,20,24,18,26,31,12,29,32,25,22,34,14,30,22,29,21,31,25,27,36,35,28,30,23,35,43,29,37,27,29,30,22,31,35,33,27,18,33,29,31,33,30,29,27,26,37,0,33,31,33,22,36,36,12,31,16,43,19,27,28,35,26,14,14,32,31,41,28,35,28,25,33,31,22,43,34,27,35,28,37,37,22,20,41,31,16,42,43,22,32,43,39,35,32,36,29,34,27,6,26,25,30,35,26,41,34,26,6,41,14,27,31,36,16,44,30,36,35,32,26,27,32,31,25,40
20,13,12,25,6,46,20,30,19,23,20,28,31,16,26,31,8,20,12,21,23,20,34,45,19,7,34,20,38,35,31,31,30,12,20,15,18,15,20,11,20,21,25,20,3,35,29,21,32,18,41,41,26,30,15,20,23,39,34,24,20,3,38,33,17,20,27,34,26,15,41,18,17,35,17,5,17,19,20,26,5,37,23,1,34,35,18,2,18,34,39,25,34,26,24,38,25,15,17,17,35,38,26,35,21,28,37,25,46,33,0,17,7,17,8,3,27,37,27,18,37,29,21,4,26,26,27,17,9,11,22,4,27,32,7,28,31,17,6,18,6,25,9,6,17,15,18,17,26,17,14,31,17,17,17,8,28,30,28,9,40,29,32,32,26,37,32,5,7,22,33,10,23,32,29,8,26,18,25,46,6,15,32,32,7,7,29,23
16,17,10,21,18,32,17,25,23,18,16,15,27,26,20,27,22,15,8,20,19,19,31,39,19,16,31,20,38,28,27,28,29,7,17,12,17,11,15,13,19,25,21,18,16,25,28,15,22,9,31,35,25,18,9,20,22,31,30,13,20,17,39,27,15,16,23,31,25,15,29,16,13,21,16,19,13,14,16,12,18,33,23,12,31,28,14,15,24,30,29,23,30,20,13,26,23,17,3,16,29,35,20,29,21,22,33,21,40,31,17,0,18,13,14,16,23,25,23,23,33,26,15,19,19,22,23,7,19,20,23,18,24,21,17,22,27,25,18,7,20,22,16,18,13,12,24,1,20,26,22,27,6,26,19,14,18,25,18,21,36,28,22,26,12,27,22,20,18,16,27,24,22,18,26,13,22,25,28,40,18,13,19,18,20,14,25,22
23,14,14,32,6,43,25,35,20,26,23,30,32,19,33,32,6,26,14,26,16,16,40,51,15,1,41,16,30,42,32,29,33,15,19,18,21,17,21,13,16,19,32,23,4,42,30,28,28,19,40,41,17,21,18,21,25,45,40,23,16,5,33,21,18,16,33,41,22,5,42,21,16,42,18,7,18,22,25,33,6,35,27,13,41,42,23,12,19,41,45,26,41,33,19,31,34,11,18,20,42,40,33,42,27,34,35,32,46,33,7,18,0,18,6,7,22,38,21,21,33,32,23,10,28,21,22,17,2,16,25,7,33,29,6,33,28,17,5,15,10,29,15,6,19,16,13,15,19,15,16,28,17,18,11,5,33,26,30,6,37,25,29,28,28,42,27,16,1,24,24,19,21,27,35,6,24,23,28,42,4,19,29,27,5,5,31,30
11,16,20,11,19,36,12,26,25,12,11,20,15,27,19,15,20,6,21,20,12,13,29,42,15,18,29,13,34,29,18,18,36,14,16,13,7,4,23,9,13,26,11,12,18,32,23,13,16,17,31,33,18,12,13,12,14,36,29,24,13,17,32,23,11,6,13,29,15,17,33,5,4,33,8,16,2,5,8,20,18,21,18,19,29,29,5,21,27,27,34,17,27,19,25,28,14,22,13,10,32,28,19,32,19,21,24,11,38,22,17,13,18,0,16,18,14,26,10,27,23,20,3,17,19,12,14,14,20,24,18,15,18,24,17,21,17,27,18,15,15,16,21,19,4,4,26,13,12,26,26,17,14,26,25,15,21,25,21,19,26,18,24,24,20,30,22,24,20,6,18,25,14,23,18,16,14,26,23,38,18,14,24,23,18,17,17,19
19,14,12,24,9,42,23,30,14,22,19,26,30,14,26,30,9,18,12,20,23,17,33,45,19,6,33,17,31,35,30,32,33,9,15,15,14,12,21,9,17,11,24,18,6,35,29,21,28,21,41,41,22,25,14,19,26,39,33,24,17,5,37,29,16,22,26,33,26,6,39,17,16,35,20,8,16,19,19,26,8,36,23,9,33,35,17,7,16,33,39,23,33,26,22,36,26,14,17,14,35,37,26,35,21,28,36,24,46,36,8,14,6,16,0,6,24,35,26,11,36,27,20,9,25,25,24,15,8,16,18,8,30,31,5,31,29,11,9,17,9,29,11,9,18,16,11,13,23,20,14,30,14,14,20,2,30,31,27,10,39,32,31,32,25,41,31,14,6,22,29,12,26,31,32,2,25,19,29,46,8,17,31,31,10,2,28,24
21,13,13,26,4,44,20,29,16,21,21,27,32,16,27,32,5,21,13,21,22,17,35,47,17,7,35,17,33,37,32,34,31,12,19,17,20,16,20,12,17,19,26,21,5,37,32,23,30,19,43,43,25,25,16,21,28,41,35,26,17,3,34,27,18,16,28,35,25,10,41,19,18,37,20,3,18,21,21,28,7,38,26,3,35,37,19,5,16,35,41,24,35,27,24,38,23,13,18,16,37,39,28,37,22,30,38,26,48,36,3,16,7,18,6,0,26,36,28,18,38,30,22,2,27,26,26,17,9,9,24,5,27,33,2,29,32,17,5,19,7,25,7,5,16,16,17,16,24,16,14,32,17,14,17,6,29,29,29,11,41,32,33,33,27,37,33,3,6,25,30,16,26,33,29,6,26,17,28,47,5,14,31,33,6,6,30,26
20,23,26,20,27,32,23,28,35,26,20,24,15,36,24,15,24,18,23,24,6,19,26,38,19,22,28,19,16,28,17,16,33,23,18,23,19,14,30,20,19,36,20,22,23,31,22,22,14,20,30,31,14,16,23,13,4,32,29,16,19,26,31,14,18,10,20,28,8,25,30,18,14,31,12,26,10,22,14,25,21,26,30,29,26,28,17,29,38,26,33,23,26,24,16,24,29,24,21,12,29,30,25,29,24,21,26,20,35,12,27,23,22,14,24,26,0,28,6,37,18,21,21,31,20,9,2,26,27,35,19,29,20,20,31,25,17,38,30,22,31,22,32,31,14,16,37,25,11,37,38,17,26,37,31,29,26,30,23,26,23,14,21,20,24,32,21,35,26,19,8,37,6,22,26,32,10,39,22,35,29,26,21,22,26,29,19,34
20,37,37,21,36,17,26,28,44,22,22,12,21,44,21,21,41,30,33,28,27,28,18,27,28,38,15,28,28,18,21,29,33,27,31,28,23,27,38,31,28,46,21,22,36,2,19,22,26,27,10,22,27,30,26,31,28,16,18,26,28,35,38,26,32,26,22,15,27,37,10,27,29,15,26,35,26,25,32,15,36,25,38,32,16,18,27,34,45,19,5,21,19,21,26,11,28,37,24,31,16,37,21,16,29,22,25,21,28,31,37,25,38,26,35,36,28,0,31,43,25,22,25,37,26,35,31,27,41,41,23,36,34,13,37,22,21,43,39,27,38,33,34,37,26,31,42,25,35,43,43,21,27,44,41,39,12,26,10,37,25,34,10,21,21,21,8,39,38,29,32,43,31,16,35,35,35,43,22,28,39,29,9,16,38,41,24,37
18,26,26,18,27,28,22,27,37,25,18,24,13,33,22,13,25,12,27,24,10,22,25,40,20,22,27,22,18,28,15,12,32,24,21,23,19,14,30,19,22,36,18,19,23,31,21,21,14,20,28,29,17,17,23,14,4,35,26,16,22,26,31,17,17,14,17,27,12,26,30,16,12,31,12,26,12,17,14,25,23,22,28,29,25,28,16,29,37,25,33,20,25,22,16,30,28,28,21,14,27,29,22,27,25,20,24,18,35,16,27,23,21,10,26,28,6,31,0,37,16,19,20,29,21,11,6,24,28,33,25,23,24,18,29,26,14,37,26,22,27,22,30,27,14,14,37,23,11,37,34,14,24,37,29,25,27,30,24,27,22,10,19,21,25,35,19,33,22,16,14,35,6,20,26,26,13,34,22,35,25,24,21,20,22,27,19,31
29,18,18,35,19,52,28,36,4,29,29,36,39,2,34,38,20,29,15,30,30,29,44,53,30,19,44,31,43,43,41,41,40,18,28,21,28,24,22,19,29,2,35,28,20,43,36,28,35,23,49,49,28,35,21,28,35,47,44,30,31,15,38,37,24,23,37,44,35,16,49,26,25,42,27,19,27,24,29,32,20,47,25,18,44,43,27,15,2,44,47,34,44,34,30,46,29,17,23,26,43,45,34,43,25,36,47,35,53,43,18,23,21,27,11,18,37,43,37,0,46,41,28,19,37,34,36,24,19,14,35,20,40,35,17,40,45,8,18,23,19,36,16,18,26,27,10,25,31,19,4,38,24,17,17,14,37,34,38,23,53,40,36,39,37,47,39,13,16,28,41,6,34,40,43,13,34,8,38,53,18,20,38,38,15,11,41,25
24,36,38,12,39,24,31,29,45,31,24,24,8,46,24,10,37,20,37,28,22,29,25,35,28,34,20,29,22,26,6,19,30,34,28,33,26,26,38,31,29,46,12,25,33,25,22,26,28,30,25,25,24,27,33,27,18,25,27,26,29,36,38,24,27,26,11,23,22,36,25,26,24,28,22,36,23,30,27,22,33,2,42,39,25,26,24,39,48,23,23,24,23,24,26,16,34,38,33,26,30,31,26,25,34,24,2,14,30,19,37,33,33,23,36,38,18,25,16,46,0,22,30,39,27,30,26,34,40,43,25,35,33,24,39,25,12,47,38,28,37,32,40,39,26,26,47,33,30,49,47,6,34,49,39,37,24,31,24,37,17,28,22,20,21,32,22,43,36,27,20,43,26,17,34,36,30,48,23,29,37,33,22,21,36,37,20,42
11,33,33,13,31,29,23,28,41,21,11,14,16,41,16,15,35,19,35,22,21,21,11,27,21,32,13,21,24,17,16,26,27,26,24,25,14,20,36,20,21,42,13,15,30,22,20,19,20,28,23,27,21,23,21,25,20,30,11,29,21,30,37,20,21,21,14,11,21,30,23,17,20,19,21,29,20,22,25,18,30,22,39,31,11,17,18,33,41,11,28,15,11,16,29,23,27,31,24,25,21,34,16,21,29,16,22,13,26,27,29,26,32,20,27,30,21,22,19,41,22,0,22,30,18,25,22,26,36,35,18,28,27,17,30,19,15,39,35,28,29,26,33,31,21,25,39,26,25,37,39,16,26,39,40,34,14,25,15,33,17,30,15,21,18,15,16,38,32,23,27,38,22,21,29,28,23,39,20,26,35,26,16,20,32,33,6,35
11,24,23,18,21,32,6,21,29,8,13,18,24,29,16,24,23,12,18,20,16,9,26,35,9,23,27,9,30,25,24,29,30,16,13,11,13,10,23,18,9,29,18,11,22,25,26,11,21,18,31,31,15,14,11,19,23,30,26,21,9,23,35,26,18,13,20,27,20,22,31,10,15,27,17,20,13,2,14,18,22,30,27,20,27,25,14,21,28,27,29,20,27,16,21,28,16,24,14,19,25,30,16,25,17,18,30,18,36,28,21,15,23,3,20,22,21,25,20,28,30,22,0,23,16,22,20,16,27,22,18,22,20,21,24,18,24,28,21,16,24,21,21,21,15,14,25,16,22,29,25,24,15,28,26,22,18,21,18,25,33,29,21,22,18,25,22,24,24,13,30,28,23,24,25,20,19,29,23,36,21,14,22,24,23,21,22,23
21,18,13,25,4,48,19,30,16,22,21,30,33,17,28,33,4,20,14,20,25,20,35,47,20,10,36,19,35,37,33,31,31,13,20,16,21,15,21,12,20,20,25,20,6,37,31,22,30,19,43,43,26,24,17,21,25,40,35,26,20,4,37,29,18,19,29,36,26,14,43,18,19,37,19,5,17,21,20,28,8,39,24,6,36,37,19,10,16,36,41,25,36,28,26,40,24,19,19,19,37,38,28,37,23,30,39,27,48,35,4,19,10,17,9,2,31,37,29,19,39,30,23,0,28,28,29,18,11,4,25,4,28,34,3,30,31,20,6,20,4,26,6,6,19,17,18,19,26,16,14,31,18,17,14,9,30,30,30,10,41,31,34,34,28,40,32,4,9,21,33,13,25,32,30,9,28,17,27,48,6,17,34,32,5,8,30,24
15,27,27,15,27,31,17,24,35,17,13,15,21,35,5,20,31,18,25,19,17,19,23,32,19,29,24,19,25,20,21,28,29,20,22,19,16,18,28,22,19,35,15,17,27,26,21,7,17,19,27,20,19,18,19,20,20,31,23,22,19,28,31,19,21,17,17,24,17,27,27,18,19,24,17,28,19,16,21,15,27,27,32,25,23,20,18,28,35,23,28,16,23,5,21,25,22,27,20,22,14,32,3,14,22,7,27,15,27,26,26,19,28,19,25,27,20,26,21,37,27,18,16,28,0,25,21,17,31,29,17,27,25,18,28,7,21,34,31,22,29,23,24,27,19,18,34,20,25,37,34,21,17,35,31,31,15,20,15,30,30,26,19,11,15,23,18,32,28,19,32,34,20,21,29,26,25,33,23,27,31,20,18,21,29,29,18,28
20,25,26,18,30,37,21,27,33,25,19,24,20,34,25,20,26,15,27,23,7,19,28,38,18,25,30,19,20,30,22,19,33,23,18,22,21,13,29,19,19,35,18,22,22,35,27,20,4,19,36,36,14,15,22,11,11,33,29,21,19,25,31,17,15,11,19,30,7,24,36,18,15,33,9,24,14,20,14,24,20,28,29,28,30,30,15,28,38,28,37,24,28,25,21,33,27,25,22,13,33,31,25,33,22,25,30,18,39,14,26,22,21,12,25,26,9,35,11,34,30,25,22,28,25,0,10,25,24,34,21,32,21,24,28,23,21,37,28,25,30,22,32,29,19,15,35,24,2,35,37,21,25,34,29,29,23,28,20,24,30,18,25,23,21,31,24,32,29,16,15,37,14,25,25,30,2,37,23,37,27,25,25,25,31,31,20,33
20,25,26,19,27,34,21,28,35,26,20,24,15,36,24,15,24,18,28,24,6,21,26,38,20,22,27,20,18,28,17,16,33,23,21,21,21,14,30,20,20,36,19,22,23,31,24,22,14,20,30,31,17,17,20,14,6,32,29,16,20,26,31,15,18,10,19,27,10,26,30,21,14,31,12,26,14,19,15,24,21,26,30,29,26,28,17,29,38,26,33,21,26,24,15,25,29,26,23,10,30,30,24,29,24,21,26,19,35,14,27,23,22,14,24,26,2,31,6,36,26,22,20,29,21,10,0,26,23,35,25,29,22,20,31,26,17,38,30,22,31,22,32,31,14,16,37,25,12,38,38,17,26,37,31,29,27,30,24,26,24,14,21,21,24,33,21,35,26,18,10,37,6,22,26,32,12,39,22,35,29,26,21,22,26,29,20,34
17,16,15,22,17,36,17,25,25,18,15,20,28,27,19,28,21,17,10,21,20,20,31,39,20,17,31,20,39,29,28,29,30,7,19,10,18,12,17,13,20,25,22,19,17,27,29,11,25,9,33,34,26,21,10,21,23,29,31,15,20,17,39,27,13,18,24,31,22,17,33,15,14,27,16,18,14,14,17,18,17,34,24,16,31,29,15,19,26,31,31,22,31,19,15,30,23,16,8,17,28,35,17,28,18,21,34,22,39,32,17,7,17,14,15,17,26,27,24,24,34,26,16,18,17,25,26,0,18,20,23,17,24,23,17,21,27,25,17,11,17,22,14,17,14,13,23,8,23,27,21,28,1,23,23,18,20,26,20,18,37,28,23,25,18,30,24,20,18,21,30,24,22,24,26,15,23,22,27,39,17,13,24,24,20,17,26,18
25,15,19,31,8,39,25,28,23,29,25,35,35,19,32,33,8,26,15,26,21,16,41,53,15,3,42,16,28,42,35,31,36,15,24,18,24,18,22,15,16,19,31,24,6,41,33,27,22,20,42,41,20,20,18,25,28,44,41,27,16,7,27,22,22,16,34,42,21,5,39,21,16,43,23,9,20,22,24,32,8,40,28,14,42,42,23,14,20,42,44,29,42,32,21,38,33,19,20,20,43,38,32,43,26,35,40,31,43,31,9,19,2,20,8,9,27,41,28,19,40,36,27,11,31,24,23,18,0,10,24,11,32,29,8,32,28,25,7,15,12,31,14,8,19,20,21,15,22,16,19,28,16,23,10,13,33,29,30,7,37,24,29,29,27,41,27,8,3,23,24,22,20,27,34,8,24,20,29,43,6,20,29,27,6,7,31,28
24,18,15,34,8,47,20,28,17,25,27,34,37,18,29,37,10,26,15,25,27,29,41,50,26,16,39,26,40,41,37,38,38,15,27,17,25,21,13,15,27,21,34,23,10,41,35,24,34,21,44,42,32,30,17,26,32,44,41,25,26,9,41,34,23,26,33,39,32,20,44,23,22,41,26,7,24,20,26,32,15,43,24,8,43,41,22,9,17,43,42,28,43,32,27,41,18,21,20,24,39,44,29,41,27,31,43,31,47,41,11,20,16,24,16,9,35,41,33,14,43,35,22,4,29,34,35,20,10,0,27,3,32,35,8,29,35,19,6,19,14,32,2,6,24,22,21,21,30,16,19,35,22,19,6,16,31,29,33,18,44,37,35,33,31,35,35,2,16,28,39,19,31,35,34,15,30,18,33,47,6,18,35,35,16,14,36,28
12,25,25,14,25,35,19,19,31,15,14,18,19,37,14,19,26,17,25,19,20,18,22,35,17,25,23,18,25,25,19,32,23,23,19,21,6,10,29,20,18,29,12,11,25,23,20,16,20,27,28,32,18,21,21,21,25,31,25,28,18,23,33,20,22,20,15,23,18,23,28,16,18,27,18,22,18,18,18,16,25,25,31,25,23,25,17,17,33,23,26,13,23,14,28,27,18,22,21,22,27,30,14,27,24,15,25,14,35,28,22,23,25,18,18,24,19,23,25,35,25,18,18,25,17,21,25,23,24,27,0,23,24,22,25,14,19,32,27,24,25,21,29,25,11,11,33,20,21,34,32,19,22,32,28,28,17,17,17,27,28,28,21,19,20,26,21,27,26,18,29,32,22,23,27,20,22,33,8,35,27,23,21,23,24,26,19,27
19,16,12,23,4,45,20,33,17,24,19,29,29,21,27,29,4,18,12,23,23,20,33,46,19,7,33,20,39,36,29,33,30,12,20,16,18,15,21,10,20,20,23,18,7,36,31,22,32,19,40,42,26,30,16,20,27,40,33,25,20,7,42,30,16,20,25,33,26,15,42,16,13,36,21,6,15,20,20,27,5,35,25,3,33,36,17,10,20,33,40,23,33,27,25,37,28,18,18,17,36,38,27,36,22,29,35,23,47,35,4,18,7,15,8,5,29,36,23,20,35,28,22,4,27,32,29,17,11,3,23,0,27,33,8,29,29,17,6,19,6,25,7,6,17,17,18,18,26,13,15,29,17,17,18,9,26,30,29,11,39,31,33,33,27,38,31,10,7,20,31,15,27,31,29,8,26,20,29,47,6,16,33,31,7,9,28,25
22,30,32,23,26,43,27,32,40,28,22,28,23,40,26,23,32,19,32,30,19,23,32,46,22,32,32,23,28,32,25,30,38,25,25,22,23,15,35,23,23,40,23,24,30,34,28,24,23,30,38,37,24,12,22,21,24,36,32,29,22,27,37,25,25,19,23,32,19,30,38,21,20,35,20,28,16,21,15,28,30,31,36,30,32,32,18,30,41,30,36,27,30,26,27,37,31,32,24,22,36,33,26,34,30,26,33,23,42,28,27,24,33,18,30,27,20,34,24,40,33,27,20,28,25,21,22,24,32,32,24,27,0,22,29,26,28,39,30,28,28,10,29,28,16,22,38,24,18,37,38,26,25,39,34,31,23,29,21,29,36,27,23,30,29,33,25,32,28,18,23,39,20,28,6,31,21,39,20,44,31,27,25,29,28,30,27,34
19,30,28,20,33,21,23,22,40,21,19,11,16,37,19,16,33,24,21,21,20,25,23,33,24,29,24,25,24,23,16,22,30,24,24,25,18,24,30,28,25,42,20,21,29,13,15,19,23,20,16,24,20,26,23,28,17,23,24,18,25,33,29,23,24,23,20,24,20,33,16,22,24,20,19,32,24,22,24,16,29,24,35,29,21,23,24,29,38,24,15,20,24,19,18,15,24,30,20,24,22,30,19,22,31,19,24,20,28,25,32,21,29,24,31,33,20,13,18,35,24,17,21,34,18,24,20,23,29,35,22,33,22,0,35,19,16,40,33,18,35,26,30,34,22,23,36,21,26,38,39,16,24,39,32,31,11,22,11,31,25,28,3,15,14,20,7,33,30,23,29,40,21,12,30,32,25,41,18,28,33,27,7,12,29,33,21,33
21,14,13,27,3,45,20,32,16,24,21,29,33,17,28,33,6,22,14,22,23,16,35,48,16,6,36,16,34,38,33,35,32,12,20,17,21,17,22,12,16,16,27,20,6,38,33,23,26,20,44,44,24,20,16,21,29,42,35,27,16,2,37,28,18,20,29,36,24,9,42,20,18,38,21,4,17,22,20,29,8,39,25,8,36,38,19,11,15,36,42,23,36,28,25,39,28,16,20,19,38,40,28,38,23,31,39,27,49,33,7,17,6,17,5,2,31,37,29,17,39,30,24,3,28,28,31,17,8,8,25,8,29,35,0,30,31,16,3,20,3,25,12,3,17,17,17,17,24,16,15,31,17,13,16,5,30,28,30,10,41,31,34,34,28,38,32,6,5,22,29,17,27,32,33,5,26,16,29,48,4,20,34,32,9,5,30,24
17,29,30,16,29,32,20,19,37,19,17,15,20,40,4,20,32,20,31,22,23,24,23,32,23,33,24,24,30,22,20,32,26,22,25,21,18,20,29,24,24,40,16,19,33,22,22,11,22,27,27,14,24,25,21,23,25,30,22,27,24,29,33,25,25,23,16,24,23,32,27,20,21,24,20,30,21,18,21,16,33,26,33,27,24,22,20,27,37,24,25,19,24,4,26,24,22,29,22,25,10,32,4,12,25,4,25,16,24,31,28,22,33,21,31,29,25,22,26,40,25,19,18,30,7,23,26,21,32,29,14,29,26,19,30,0,20,34,34,21,31,23,28,30,21,24,36,22,25,38,36,19,21,37,33,31,12,17,14,31,29,28,18,5,16,6,18,31,30,23,32,36,22,20,28,28,25,37,23,24,31,22,18,20,30,34,19,32
16,30,32,8,33,28,25,25,43,23,18,18,2,43,20,2,32,16,31,22,16,23,18,32,22,28,17,23,23,20,2,20,27,28,22,27,18,20,34,25,23,45,6,17,27,21,16,20,21,26,23,25,18,23,27,24,17,25,20,25,23,30,38,20,21,20,7,17,16,30,23,18,18,23,16,30,17,24,19,16,27,12,36,33,18,20,18,33,40,15,24,18,17,18,25,22,26,31,26,20,22,32,20,22,34,19,6,6,28,22,31,27,28,17,29,32,17,21,14,45,12,15,24,31,21,21,17,27,28,35,19,29,28,16,31,20,0,41,32,24,31,24,34,33,20,20,40,27,22,41,41,2,28,42,36,31,18,25,18,33,16,25,14,16,15,23,14,37,28,22,25,39,18,12,26,30,23,42,16,28,32,29,14,11,28,31,13,36
30,18,19,35,18,50,28,32,10,28,30,36,41,6,34,41,18,29,17,31,31,28,44,53,29,17,44,28,45,43,41,39,39,18,28,21,26,24,22,20,29,8,35,28,18,43,37,29,37,22,47,48,36,37,21,29,35,47,44,32,28,19,40,40,23,25,37,44,36,15,49,28,24,43,29,20,27,25,30,34,18,47,21,18,44,43,28,19,12,44,47,35,44,34,32,46,28,20,24,24,43,44,34,43,28,36,47,35,54,43,17,25,17,27,11,17,38,43,37,8,47,39,28,20,34,37,38,25,25,19,32,17,39,40,16,34,41,0,18,28,20,35,20,19,26,26,2,26,35,17,10,43,25,17,23,11,37,31,39,21,53,37,44,44,35,45,44,20,21,28,42,6,33,43,42,14,35,2,37,58,16,18,42,43,18,14,39,23
24,13,12,31,2,45,19,30,14,24,26,29,32,16,29,32,3,24,13,23,23,20,40,50,20,6,40,20,36,41,32,28,35,14,24,17,23,17,21,13,20,18,30,24,7,41,30,23,28,19,40,42,26,23,16,21,24,45,40,25,19,3,36,26,18,17,31,40,26,10,42,20,16,39,18,3,18,21,26,32,7,38,27,9,40,41,20,11,16,40,45,28,40,32,25,37,24,16,22,21,40,37,31,41,22,31,38,31,47,34,6,18,5,18,9,5,30,39,26,18,38,35,21,6,31,28,30,17,7,6,27,6,30,33,3,34,32,18,0,19,3,24,10,1,17,14,17,18,26,12,17,32,17,14,8,8,27,28,28,9,41,28,33,33,27,38,31,8,6,21,29,14,24,31,27,9,29,19,26,47,1,16,33,31,5,8,31,23
18,7,9,23,19,32,16,26,30,20,18,18,24,23,22,24,19,16,9,23,14,18,33,41,17,15,33,18,30,31,24,27,33,10,20,14,19,14,15,12,18,27,23,20,15,27,25,16,24,4,27,27,18,19,12,19,21,32,33,8,18,19,28,24,4,13,25,32,17,16,27,17,14,25,13,20,15,15,16,15,11,32,23,15,33,31,12,15,21,32,30,24,33,22,12,26,25,7,7,16,29,35,22,31,18,23,28,23,34,27,18,7,15,15,17,19,22,27,22,23,28,28,16,20,22,25,22,11,15,19,24,19,28,18,20,21,24,28,19,0,21,24,16,19,16,14,24,7,19,26,24,22,11,27,17,16,17,26,18,18,33,25,18,18,15,36,18,21,16,19,26,24,19,18,28,18,19,26,26,34,19,11,18,18,15,18,26,25
20,15,13,23,6,47,20,30,16,24,20,31,31,19,29,31,6,18,15,22,25,20,35,48,20,9,35,20,35,38,31,33,34,13,22,17,21,15,22,11,20,18,23,18,8,38,33,23,30,20,44,44,26,23,18,21,27,41,35,27,19,6,39,29,17,19,27,35,26,14,44,16,17,38,21,4,15,22,20,29,6,37,24,12,35,38,18,10,17,35,42,23,35,29,27,41,24,16,20,19,38,42,29,38,24,31,37,23,49,35,6,20,10,15,9,7,31,38,27,19,37,29,24,4,29,30,31,17,12,14,25,6,28,35,3,31,31,20,3,21,0,26,8,4,17,19,17,20,28,17,12,29,18,15,20,11,31,33,31,8,40,33,35,35,29,40,33,8,12,20,35,13,27,33,30,9,26,16,29,49,4,17,35,33,8,9,29,24
19,28,30,21,24,41,27,28,38,25,19,26,24,36,24,24,28,15,29,27,18,20,30,42,21,28,31,20,30,31,24,26,31,23,23,22,20,15,32,21,20,35,21,21,29,33,28,22,22,28,37,36,25,2,22,19,20,37,31,30,23,25,39,26,26,17,21,31,18,29,36,19,20,34,14,26,16,21,12,26,29,32,34,28,31,31,15,28,35,29,34,23,29,24,30,35,27,30,22,20,33,31,24,33,28,24,32,21,41,28,25,22,29,16,29,25,22,33,22,36,32,26,21,26,23,22,22,22,31,32,21,25,10,26,25,23,24,35,24,24,26,0,28,24,14,14,36,22,18,37,36,24,22,36,32,29,26,22,28,26,33,26,27,26,28,31,27,32,25,17,26,36,20,29,18,25,18,37,27,42,30,23,27,29,28,28,26,30
24,15,12,29,10,44,20,22,18,23,22,27,34,20,27,34,12,23,11,27,26,26,38,46,24,14,38,25,39,36,34,36,37,13,23,13,24,19,15,15,26,20,29,25,13,34,34,20,32,14,39,41,29,27,11,24,28,41,38,22,26,13,37,33,18,23,30,38,28,18,39,23,21,34,22,9,21,19,23,25,13,40,25,5,38,36,21,3,19,38,37,30,38,27,22,36,22,19,16,21,36,42,24,36,22,28,40,29,46,37,9,16,15,21,11,7,32,34,30,16,40,33,21,6,24,32,32,14,14,2,29,7,29,30,12,28,34,20,10,16,8,28,0,11,22,21,18,18,29,15,21,34,18,21,12,8,26,23,28,17,43,35,30,32,26,31,30,6,13,25,34,19,29,30,29,9,27,16,31,46,6,15,30,30,16,8,34,25
22,13,13,27,2,44,19,30,15,24,22,30,33,17,27,33,4,22,13,20,23,20,36,47,20,5,36,20,36,37,33,31,32,14,20,17,21,17,22,13,20,18,27,22,8,37,31,23,29,19,41,43,26,23,16,22,27,41,36,25,19,4,37,30,19,19,29,36,26,11,43,20,17,37,19,2,19,21,22,28,8,39,26,9,36,37,20,11,15,36,41,25,36,27,25,38,24,16,18,17,37,36,27,37,22,30,39,27,48,37,6,18,6,19,9,5,31,37,27,18,39,31,21,6,27,29,31,17,8,6,25,6,28,34,3,30,33,19,1,19,4,24,11,0,17,15,18,18,28,13,15,33,17,15,16,7,27,30,28,10,42,29,33,33,27,38,31,8,6,25,29,15,25,31,27,9,30,17,27,47,2,17,33,31,6,9,31,26
12,15,16,15,17,38,15,28,25,18,12,20,18,26,19,18,14,10,17,16,4,15,26,36,16,19,26,15,31,26,20,20,27,14,10,13,7,4,23,10,15,22,15,14,20,26,24,14,19,19,33,33,18,16,13,6,14,32,26,22,14,20,35,27,14,4,17,26,11,20,33,9,6,29,8,18,4,13,10,20,18,24,20,19,26,26,8,21,23,24,32,19,24,19,24,30,23,16,13,2,28,30,19,28,16,21,26,15,38,22,17,13,19,4,18,16,14,26,14,26,26,21,15,19,19,19,14,14,19,24,11,17,16,22,17,21,20,26,17,16,17,14,22,17,0,4,24,17,13,26,24,20,18,24,26,20,23,17,23,21,27,20,24,24,24,32,24,20,20,6,18,25,14,25,24,14,13,23,23,38,16,15,24,25,20,20,23,20
12,16,21,15,15,37,11,22,23,17,12,19,18,26,18,18,20,10,16,18,12,11,30,41,13,17,30,11,34,28,20,18,23,13,13,12,7,2,21,10,11,22,15,14,17,31,22,13,17,16,32,32,18,14,12,13,10,35,30,23,11,16,31,21,12,6,19,30,14,15,32,9,6,32,4,18,4,3,10,19,17,24,24,18,30,28,8,20,27,28,35,17,28,18,25,29,18,15,12,10,31,28,18,31,18,24,26,15,37,20,15,12,16,4,16,16,16,31,14,27,26,25,14,17,18,15,16,13,20,22,11,17,22,23,17,24,20,26,14,14,19,14,21,15,4,0,22,12,12,28,26,20,13,25,24,17,20,13,20,18,27,16,23,23,19,27,23,20,18,9,20,24,10,24,16,16,14,25,17,37,14,13,23,24,18,15,19,20
30,18,18,35,18,51,24,31,8,27,30,34,40,14,34,40,17,30,13,29,30,31,44,53,28,14,44,28,43,43,40,40,38,16,27,19,28,24,24,20,29,2,35,29,20,42,36,29,35,24,47,48,33,32,18,28,32,46,44,31,31,17,38,37,25,25,37,44,33,13,47,26,26,42,29,18,26,23,27,33,20,47,24,16,44,43,28,18,11,44,46,34,44,34,31,45,27,19,24,24,43,47,34,43,25,36,47,35,53,41,18,24,13,26,11,17,37,42,37,10,47,39,25,18,34,35,37,23,21,21,33,18,38,36,17,36,40,2,17,24,17,36,18,18,24,22,0,26,34,11,13,44,25,16,19,11,36,30,38,21,53,40,39,43,33,40,40,20,17,27,41,14,34,41,42,13,33,8,38,55,16,18,42,41,17,11,39,21
16,17,17,21,18,32,17,25,23,18,16,15,27,26,20,27,22,16,8,20,19,19,31,39,20,15,31,19,39,28,27,28,30,7,18,12,17,11,16,13,20,25,21,18,15,25,29,14,22,9,31,35,26,18,9,20,22,31,31,13,19,17,40,28,15,16,23,31,25,15,29,16,13,21,16,19,13,14,16,12,17,33,23,12,31,28,14,15,25,30,29,24,30,20,14,26,23,17,2,16,29,35,20,29,21,22,33,21,40,31,17,1,15,13,13,16,25,25,23,25,33,26,16,19,20,24,25,8,15,21,20,18,24,21,17,22,27,26,18,7,20,22,18,18,17,12,26,0,20,26,22,27,7,26,21,21,18,25,18,21,36,28,22,26,12,27,22,20,18,16,27,24,22,18,26,13,22,25,28,40,18,13,19,18,20,15,25,21
20,24,27,18,28,34,21,27,33,26,19,24,20,32,25,20,28,16,26,23,9,17,28,38,16,20,30,17,18,30,22,19,31,21,16,22,20,13,29,19,17,34,18,22,20,32,27,20,2,19,36,36,8,13,22,12,11,31,29,20,17,23,31,15,15,13,19,30,9,22,36,20,15,33,9,26,14,20,14,24,22,28,31,26,30,30,15,28,38,28,37,24,28,25,21,33,29,27,22,15,33,31,25,33,22,25,30,19,41,16,26,20,19,12,23,24,11,35,11,31,30,25,22,26,25,2,12,23,22,30,21,26,18,26,24,25,22,35,26,19,28,18,29,28,13,12,34,20,0,35,37,21,25,38,32,29,23,28,20,27,30,18,25,23,21,33,24,32,29,16,13,37,14,25,25,28,4,37,25,37,27,28,25,25,31,30,20,35
31,21,19,35,13,52,27,36,13,29,28,37,41,17,37,41,11,29,17,33,33,29,45,56,27,16,45,29,45,45,41,40,42,18,29,24,30,25,25,22,29,18,35,30,18,45,39,31,35,26,47,50,35,33,21,29,37,48,45,32,29,15,43,37,27,27,36,45,35,22,49,28,26,45,31,17,26,26,31,36,16,49,23,16,44,44,27,15,18,45,47,35,44,37,32,48,30,21,27,25,44,48,37,45,30,38,49,34,55,42,17,26,15,26,20,16,37,43,37,19,49,37,29,16,37,35,38,27,16,16,34,13,37,38,16,38,41,17,12,26,17,37,15,13,26,28,11,26,35,0,15,43,26,16,25,20,39,35,33,19,54,40,43,45,34,45,44,19,23,29,41,15,36,43,40,19,34,19,42,59,20,21,45,43,23,20,41,23
30,14,19,34,15,49,25,36,8,28,30,34,41,6,34,41,16,30,17,27,33,29,44,53,31,19,44,29,45,43,39,42,40,17,27,21,28,25,24,18,31,4,34,29,15,43,40,29,37,24,49,47,36,33,22,29,36,46,44,30,29,15,42,38,24,28,37,44,36,17,47,27,25,42,30,13,25,23,30,34,16,47,22,12,44,43,28,17,2,43,47,33,43,34,29,43,31,14,23,24,43,48,34,43,28,36,45,35,54,43,14,22,16,26,14,14,38,43,34,4,47,39,25,14,34,37,38,21,19,19,32,15,38,39,15,36,41,10,17,24,12,36,21,15,24,26,13,22,37,15,0,45,24,4,25,13,37,36,37,21,51,41,43,43,34,47,42,18,23,29,42,6,35,43,42,16,35,6,39,58,15,16,42,41,22,12,39,23
16,30,32,8,33,28,25,25,44,23,18,37,2,39,18,4,32,14,31,22,16,23,18,33,22,28,17,23,23,21,2,20,25,28,22,27,20,20,32,25,23,45,6,17,27,21,16,20,21,24,23,23,18,21,27,24,17,26,20,25,23,30,38,21,20,20,7,17,16,30,23,20,18,23,16,30,17,24,19,16,27,12,36,33,20,21,16,33,40,17,24,18,17,18,25,22,28,32,27,20,22,33,20,20,34,17,6,8,28,22,31,27,28,17,30,32,17,21,14,38,6,16,24,31,21,21,17,28,28,35,19,29,26,16,31,19,2,43,32,22,29,24,34,33,20,20,44,27,21,43,45,0,28,41,36,31,18,25,18,33,16,25,14,14,17,24,14,37,28,22,25,37,18,12,26,30,23,41,16,28,32,26,14,13,28,31,14,36
17,16,15,22,17,36,17,25,25,18,15,20,28,27,19,28,21,16,10,20,20,20,31,39,20,17,31,20,39,28,28,29,30,7,19,10,18,12,17,12,20,25,22,19,17,27,28,11,25,9,33,34,26,21,10,21,23,29,30,15,20,17,38,27,13,18,24,31,22,16,33,15,14,27,16,18,14,14,17,18,17,34,24,16,31,28,15,19,26,31,31,21,31,19,15,30,23,16,9,17,28,35,17,28,18,21,34,22,39,32,17,6,17,14,14,17,26,27,24,24,34,26,15,18,17,25,26,1,16,22,22,17,25,24,17,21,28,25,17,11,18,22,18,17,18,13,25,7,25,26,24,28,0,23,22,18,20,26,20,19,37,28,23,25,18,30,24,20,18,21,30,23,22,24,27,16,23,24,29,39,17,13,24,24,20,16,26,19
31,19,19,37,15,53,27,40,12,28,30,35,42,15,35,42,13,28,18,30,30,31,41,53,30,19,46,31,44,44,42,43,41,18,29,21,28,23,24,19,30,17,36,31,20,43,40,28,38,27,50,50,35,33,23,29,33,48,41,29,31,14,43,39,25,25,38,46,33,22,50,25,26,43,29,14,26,25,29,35,18,47,21,13,43,41,28,19,12,46,46,34,46,34,30,47,32,17,24,24,43,50,35,44,27,37,49,34,55,43,17,26,18,26,14,14,37,44,37,17,49,39,28,17,35,34,37,23,23,19,32,17,39,39,13,37,42,17,14,27,15,36,21,15,24,25,16,26,38,16,4,41,23,0,22,17,39,35,39,19,52,45,40,43,34,47,43,21,25,28,46,10,37,43,41,18,37,15,39,57,14,25,43,43,22,15,37,19
29,19,17,34,16,45,23,28,25,27,28,36,35,19,31,35,19,24,15,29,27,30,45,53,29,11,45,30,38,43,36,34,38,17,29,18,26,24,13,21,30,18,34,28,14,41,35,26,36,17,43,41,30,28,18,29,28,45,45,19,30,18,37,31,20,26,35,45,30,19,43,27,24,41,24,17,25,24,26,30,16,39,28,12,45,43,26,15,19,45,43,34,45,31,23,37,19,20,21,21,43,44,31,43,26,33,39,34,46,39,17,19,11,25,20,17,31,41,29,17,39,40,26,14,31,29,31,23,10,6,28,18,34,32,16,33,36,23,8,17,20,32,12,16,26,24,19,21,32,25,25,36,22,22,0,10,32,32,34,16,44,36,31,33,31,38,37,10,8,30,38,21,30,37,36,15,32,22,30,51,7,20,33,36,11,16,40,30
21,12,13,29,7,40,18,30,12,24,21,26,31,11,31,31,8,19,12,26,20,13,39,51,13,5,39,13,38,39,31,33,35,10,21,16,23,15,18,10,13,14,29,18,6,40,29,22,29,18,39,40,22,23,16,19,27,45,39,22,13,5,40,26,17,14,31,39,25,6,39,16,17,36,21,8,15,20,23,29,8,37,26,6,39,40,22,4,14,38,43,29,39,32,22,34,27,16,16,20,39,39,31,41,22,34,37,29,45,35,8,14,5,15,2,6,29,39,25,14,37,34,22,9,31,29,29,18,13,16,28,9,31,31,5,31,31,11,8,16,11,29,8,7,20,17,11,21,29,20,13,31,18,17,10,0,31,29,28,10,38,30,32,31,25,39,30,8,5,22,27,9,25,30,33,2,24,14,30,45,6,18,32,30,9,2,29,25
15,29,27,12,27,22,22,20,36,17,15,3,18,38,14,18,34,19,27,20,24,24,22,30,23,33,22,24,30,18,18,32,28,20,24,21,16,20,30,24,24,37,12,17,32,12,22,15,23,23,14,27,24,25,19,25,26,26,22,23,24,29,36,24,27,21,10,22,24,32,16,20,18,18,18,30,21,18,21,10,32,24,33,25,20,18,20,25,37,21,15,17,21,14,23,12,20,28,18,23,22,32,14,22,25,14,24,12,30,32,28,18,33,21,30,29,26,12,27,37,24,14,18,30,15,23,27,20,33,31,17,26,23,11,30,12,18,37,27,17,31,26,26,27,23,20,36,18,23,39,37,18,20,39,32,31,0,18,4,31,27,28,8,18,10,18,5,31,28,23,31,36,24,12,29,28,22,37,20,30,34,22,7,12,30,34,16,32
16,28,29,20,31,35,26,1,32,15,22,18,25,35,17,25,31,16,24,15,23,15,30,38,15,33,28,15,22,28,23,34,6,25,6,24,22,25,22,28,15,30,22,14,32,26,27,19,28,27,30,33,15,22,19,25,29,32,32,28,15,32,37,14,30,19,20,30,21,27,30,16,25,28,22,32,25,21,14,20,32,31,29,25,30,28,25,22,33,30,29,23,30,17,28,29,5,24,23,20,29,38,17,29,31,17,33,22,36,36,30,25,26,25,31,29,30,26,30,34,31,25,21,30,20,28,30,26,29,29,17,30,29,22,28,17,25,31,28,26,33,22,23,30,17,13,30,25,28,35,36,25,26,35,32,29,18,0,22,34,34,33,21,20,23,27,21,27,33,25,36,32,27,23,37,30,29,33,20,36,27,24,21,23,32,27,28,26
13,31,27,12,28,17,19,22,37,15,15,5,18,40,14,18,34,20,29,22,21,21,22,32,20,30,22,21,27,20,18,29,30,20,25,21,16,20,30,24,21,39,10,15,29,8,18,15,20,20,15,27,21,22,19,25,23,23,22,20,21,29,36,21,25,18,12,22,21,29,14,20,25,18,20,30,21,18,23,8,29,24,35,25,20,20,20,27,38,22,13,15,22,12,20,11,20,29,15,25,22,35,14,22,25,14,24,12,30,29,28,18,30,21,27,29,23,10,24,38,24,15,18,30,15,20,24,20,30,33,17,29,21,11,30,14,18,39,28,18,31,28,28,28,23,20,38,18,20,33,37,18,20,39,34,28,4,22,0,31,27,30,8,18,10,18,6,31,30,21,31,36,24,14,29,28,22,37,19,30,33,22,5,14,30,34,17,32
23,16,16,27,10,44,24,33,21,25,23,31,33,23,30,33,10,21,16,24,19,20,38,49,18,7,38,20,31,39,33,30,32,16,22,18,22,19,19,15,20,23,27,22,6,39,29,24,27,19,43,41,18,23,17,22,27,42,38,22,20,9,36,26,14,19,28,38,20,9,43,22,20,39,21,9,19,23,20,30,8,37,26,15,38,39,20,16,23,37,42,27,37,30,18,36,29,20,21,21,39,37,30,39,25,31,37,27,47,34,9,21,6,19,10,11,26,37,27,23,37,33,25,10,30,24,26,18,7,18,27,11,29,31,10,31,33,21,9,18,8,26,17,10,21,18,21,21,27,19,21,33,19,19,16,10,31,34,31,0,42,30,31,32,29,44,35,18,7,25,28,18,24,34,33,10,23,26,29,48,10,20,35,32,9,9,31,27
26,39,41,22,42,29,34,34,54,34,26,27,14,52,27,16,41,28,40,31,23,32,18,23,31,37,16,32,32,20,16,25,30,37,31,36,29,27,43,31,32,54,20,29,36,25,25,30,30,35,7,18,27,30,36,35,24,26,19,34,32,40,45,30,27,27,22,16,23,39,20,30,28,19,23,40,28,33,28,28,36,15,45,42,18,20,27,42,51,6,25,28,8,29,34,24,37,41,36,29,24,34,27,26,43,29,19,22,19,27,40,36,37,26,39,41,23,25,22,53,17,17,33,41,30,30,24,37,37,44,28,39,36,25,41,29,16,53,41,33,40,33,43,42,27,27,53,36,30,54,51,16,37,52,44,38,27,34,27,42,0,29,23,25,28,24,23,46,37,31,27,49,25,24,33,39,32,51,25,19,41,37,23,24,37,40,13,45
26,32,33,27,29,30,27,33,42,31,26,30,25,37,28,25,29,22,33,28,16,28,29,41,27,26,32,28,19,30,25,2,35,29,27,26,27,20,35,26,28,41,27,28,27,34,24,27,18,25,30,30,23,22,26,20,8,36,30,21,28,30,25,23,24,20,27,32,16,31,32,27,18,34,14,32,18,26,21,31,27,25,36,34,28,30,23,34,42,30,37,27,30,28,19,31,34,33,28,20,30,24,28,30,30,26,28,27,37,6,29,28,25,18,32,32,14,34,10,40,28,30,29,31,26,18,14,28,24,37,28,31,27,28,31,28,25,37,28,25,33,26,35,29,20,16,40,28,18,40,41,25,28,45,36,30,28,33,30,30,29,0,25,25,30,37,25,38,30,26,10,39,10,26,31,32,19,42,28,35,31,31,25,26,26,33,26,37
19,30,30,18,33,18,23,21,42,21,19,8,14,38,18,14,33,24,21,21,20,25,21,31,24,29,23,25,25,21,14,23,29,24,24,25,18,24,30,28,25,43,18,21,29,10,16,19,24,20,13,23,20,26,23,29,18,22,20,17,25,33,30,23,24,24,18,22,20,33,13,22,24,18,19,32,24,22,25,14,27,22,35,29,19,21,24,29,38,23,12,21,22,18,17,12,24,30,20,24,21,31,18,21,31,18,22,18,26,26,32,22,29,24,31,33,21,10,19,36,22,15,21,34,19,25,21,23,29,35,21,33,23,3,34,18,14,44,33,18,35,27,30,33,24,23,39,22,25,43,43,14,23,40,31,32,8,21,8,31,23,25,0,14,14,18,4,33,30,23,29,40,21,10,30,32,24,41,17,26,33,27,4,10,29,33,19,33
21,30,30,20,33,28,23,20,44,23,21,18,16,39,6,16,33,22,28,23,20,25,22,33,24,28,24,25,25,23,16,25,27,26,24,25,22,24,32,28,25,44,20,23,29,21,18,15,24,24,23,9,20,26,25,28,20,26,21,19,25,33,34,23,24,24,20,24,20,32,23,24,24,24,19,34,24,22,25,20,27,24,33,31,23,23,22,31,36,24,24,23,15,8,21,20,26,30,26,24,9,34,8,11,31,6,20,20,20,25,32,26,28,24,32,33,20,21,21,39,20,21,22,34,11,23,21,25,29,33,19,33,30,15,34,5,16,44,33,18,35,26,32,33,24,23,43,26,23,45,43,14,25,43,33,31,18,20,18,32,25,25,14,0,20,10,12,35,28,25,30,38,20,16,29,32,26,40,19,20,33,24,14,16,29,33,21,35
17,23,25,9,27,26,18,18,32,19,17,10,17,34,14,15,31,19,25,24,20,21,23,31,21,28,19,21,29,20,15,30,28,18,25,19,18,19,27,22,21,34,10,19,27,21,23,15,22,17,23,29,21,22,17,22,24,30,25,16,21,28,38,24,23,19,11,21,20,26,23,20,19,11,19,28,20,18,22,2,27,21,29,23,23,20,19,25,36,22,25,18,22,14,18,20,25,25,12,23,23,36,14,23,25,16,23,9,32,30,26,12,28,20,25,27,24,21,25,37,21,18,18,28,15,21,24,18,27,31,20,27,29,14,28,16,15,35,27,15,29,28,26,27,24,19,33,12,21,34,34,17,18,34,31,25,10,23,10,29,28,30,14,20,0,23,14,32,29,22,32,33,25,6,29,26,24,35,23,32,31,22,14,8,29,32,17,29
24,37,37,23,38,34,30,18,44,24,24,23,24,47,20,23,40,29,40,30,32,34,22,30,33,42,22,34,35,18,24,37,34,31,34,28,25,29,31,33,34,41,23,26,41,21,30,24,33,36,24,28,34,35,28,35,33,28,22,37,34,37,40,33,38,32,23,22,32,37,24,29,34,22,31,37,30,25,30,23,40,32,40,34,20,18,30,31,45,20,25,24,20,21,37,28,25,37,31,31,21,39,21,23,33,20,32,23,27,35,37,27,42,30,41,37,32,21,35,47,32,15,25,40,23,31,33,30,41,35,26,38,33,20,38,6,23,45,38,36,40,31,31,38,32,27,40,27,33,45,47,24,30,47,38,39,18,27,18,44,24,37,18,10,23,0,19,37,38,34,35,42,31,24,37,39,33,39,25,27,40,31,19,23,39,40,19,40
17,30,30,18,31,18,23,21,43,19,19,6,14,36,18,14,31,24,26,21,20,25,21,31,24,27,22,25,25,20,14,25,29,24,24,25,20,24,30,28,25,43,18,19,29,9,14,19,23,20,9,23,20,26,23,29,20,20,21,19,25,32,33,23,24,22,18,22,20,33,11,24,22,18,19,32,22,22,25,12,27,22,35,29,19,20,24,29,38,21,11,19,21,18,19,6,24,30,21,24,21,33,18,21,32,18,22,18,26,26,32,22,27,22,31,33,21,8,19,39,22,16,22,32,18,24,21,24,27,35,21,31,25,7,32,18,14,44,31,18,33,27,30,31,24,23,40,22,24,44,42,14,24,43,37,30,5,21,6,35,23,25,4,12,14,19,0,35,28,23,27,40,21,7,30,32,26,39,15,26,31,27,2,5,27,33,18,34
27,18,15,34,8,47,22,24,16,25,27,34,37,16,32,37,10,26,13,23,29,26,43,50,24,16,43,26,40,41,37,38,38,15,26,17,25,19,13,18,26,20,32,27,14,39,35,27,34,21,44,44,32,30,17,25,32,44,43,25,26,7,43,34,23,20,33,40,32,18,44,25,24,41,26,9,24,20,26,32,13,43,26,2,42,41,24,3,16,43,42,33,43,32,25,41,18,19,20,24,41,44,32,41,22,31,43,31,49,41,5,20,16,24,14,3,35,39,33,13,43,38,24,4,32,32,35,20,8,2,27,10,32,33,6,31,37,20,8,21,8,32,6,8,20,20,20,20,32,19,18,37,20,21,10,8,31,27,31,18,46,38,33,35,32,37,35,0,12,26,39,19,32,35,36,8,32,21,34,49,10,19,35,35,16,8,36,27
23,14,16,28,5,40,25,32,21,24,23,32,28,15,28,28,7,22,14,29,16,16,37,48,15,1,37,16,31,38,28,30,29,15,19,18,21,17,23,14,16,19,28,23,4,38,28,24,29,20,37,39,17,20,18,23,26,41,37,24,16,6,33,23,14,18,29,37,19,6,37,21,18,38,18,7,20,22,21,29,6,36,26,13,37,38,20,12,19,37,41,26,37,28,20,32,30,17,18,20,38,37,28,38,24,30,36,28,44,34,7,18,1,20,6,6,26,38,22,16,36,32,24,9,28,29,26,18,3,16,26,7,28,30,5,30,28,21,6,16,12,25,13,6,20,18,17,18,29,23,23,28,18,25,8,5,28,33,30,7,37,30,30,28,29,38,28,12,0,25,24,19,22,27,35,6,22,22,28,43,5,19,29,27,4,6,31,30
12,17,17,14,25,39,17,25,27,16,12,20,22,28,21,22,19,10,19,15,15,17,26,40,17,25,26,17,27,26,22,26,34,17,12,14,13,9,23,15,17,28,17,13,22,30,26,12,16,22,34,35,18,16,14,2,17,36,26,24,17,24,36,23,17,10,19,26,15,23,35,12,9,31,12,20,6,12,12,22,21,27,23,22,26,26,7,24,31,24,34,19,24,21,24,32,19,19,15,6,30,34,21,30,16,23,27,14,40,26,22,16,24,6,22,25,19,29,16,28,27,23,13,21,19,16,18,21,23,28,18,20,18,23,22,23,22,28,21,19,20,17,25,25,6,9,27,16,16,29,29,22,21,28,30,22,23,25,21,25,31,26,23,25,22,34,23,26,25,0,22,28,17,29,24,19,13,29,29,44,20,16,29,29,21,19,23,24
27,30,34,27,29,29,28,35,42,33,27,29,21,39,32,21,30,24,32,30,14,23,31,40,23,24,32,23,13,30,25,10,31,28,23,29,25,20,36,26,23,42,27,29,27,32,30,29,15,26,33,34,18,20,29,20,14,32,32,22,23,29,27,18,24,18,27,29,16,29,33,25,18,35,18,32,20,29,21,32,29,18,38,33,31,30,23,35,44,30,32,31,30,32,22,24,36,33,27,20,34,17,32,34,31,32,20,27,38,6,33,27,24,18,29,30,8,32,14,41,20,27,30,33,32,15,10,30,24,39,29,31,23,29,29,32,25,42,29,26,35,26,34,29,18,20,41,27,13,41,42,25,30,46,38,27,31,36,31,28,27,10,29,30,32,35,27,39,24,22,0,46,16,24,29,32,20,45,29,35,38,35,25,24,32,41,28,42
29,18,18,33,15,52,26,36,6,27,29,36,39,2,34,39,14,28,18,27,31,29,43,53,32,19,43,31,44,43,39,39,41,18,27,22,27,23,22,19,32,6,33,27,11,43,39,27,37,24,49,47,36,33,22,28,35,47,43,29,29,15,38,38,24,24,35,42,35,15,48,26,23,43,25,15,25,25,28,34,11,45,25,12,43,41,27,17,8,43,47,32,43,34,29,43,30,18,24,25,42,48,34,43,28,36,44,33,54,41,10,24,19,25,12,16,37,43,35,6,43,38,28,13,34,37,37,24,22,19,32,15,39,40,17,36,39,6,14,24,13,36,19,15,25,24,14,24,37,15,6,37,23,10,21,9,36,32,36,18,49,39,40,38,33,42,40,19,19,28,46,0,32,43,41,14,34,10,38,58,13,20,42,43,13,12,39,23
20,26,25,21,25,35,23,27,36,25,20,24,16,34,22,16,25,16,26,22,10,22,27,40,19,22,29,22,18,28,18,10,32,23,21,20,21,14,29,20,22,35,21,22,21,31,20,21,14,19,30,29,17,16,20,15,2,35,28,15,22,25,27,17,18,14,21,29,10,25,30,21,14,31,6,28,14,20,15,25,21,24,30,28,27,28,17,28,36,27,33,21,27,22,15,29,28,27,22,14,27,28,22,27,24,20,26,21,35,14,23,22,21,14,26,26,6,31,6,34,26,22,23,25,20,14,6,22,20,31,22,27,20,21,27,22,18,33,24,19,27,20,29,25,14,10,34,22,14,36,35,18,22,37,30,25,24,27,24,24,25,10,21,20,25,31,21,32,22,17,16,32,0,21,26,26,13,36,15,34,27,23,20,21,20,25,20,30
23,30,30,15,31,24,24,23,42,25,23,14,10,42,20,13,31,25,26,25,19,27,23,33,26,27,22,27,27,22,11,26,29,24,26,25,24,25,30,28,27,42,17,25,29,17,19,21,25,20,17,25,21,28,23,30,21,24,25,19,27,32,39,20,24,25,15,22,21,32,19,26,22,14,20,32,22,24,26,8,29,17,36,29,23,22,25,29,38,23,19,24,23,20,19,14,28,30,18,25,23,35,20,23,34,20,21,17,28,27,32,18,27,23,31,33,22,16,20,40,17,21,24,32,21,25,22,24,27,35,23,31,28,12,32,20,12,43,31,18,33,29,30,31,25,24,41,18,25,43,43,12,24,43,37,30,12,23,14,34,24,26,10,16,6,24,7,35,27,29,24,43,21,0,31,32,27,39,19,28,31,27,10,2,27,33,20,35
24,32,35,24,28,42,29,35,42,30,24,30,24,41,29,24,34,21,34,32,23,25,32,44,25,34,33,25,33,33,26,31,37,27,27,26,25,17,36,23,25,43,24,26,32,35,27,26,23,31,39,38,26,16,26,26,26,37,33,31,24,33,38,27,26,21,24,33,23,32,39,23,24,36,20,30,20,25,14,29,32,34,38,32,33,33,20,32,43,31,37,27,31,29,29,38,32,34,26,22,35,35,29,35,31,29,34,24,43,31,29,26,35,18,32,29,26,35,26,43,34,29,25,30,29,25,26,26,34,34,27,29,6,30,33,28,26,42,27,28,30,18,29,27,24,16,42,26,25,40,42,26,27,41,36,33,29,37,29,33,33,31,30,29,29,37,30,36,35,24,29,41,26,31,0,33,23,41,21,44,34,29,24,29,30,32,28,36
19,14,12,24,9,42,23,30,12,23,19,26,30,16,26,30,9,19,12,20,23,16,33,45,18,6,33,16,30,35,30,32,33,9,14,14,16,12,21,9,16,13,24,18,6,35,29,21,28,21,41,41,22,25,15,19,26,39,33,24,16,5,37,28,16,22,26,33,26,6,39,16,16,35,20,8,16,18,19,26,8,36,25,9,33,35,17,6,16,33,39,22,33,26,22,36,26,14,15,14,35,36,26,35,21,28,36,24,46,36,8,13,6,16,2,6,32,35,26,13,36,28,20,9,26,30,32,15,8,15,20,8,31,32,5,28,30,14,9,18,9,25,9,9,14,16,13,13,28,19,16,30,16,18,15,2,28,30,28,10,39,32,32,32,26,39,32,8,6,19,32,14,26,32,33,0,25,19,30,46,8,17,31,30,10,2,28,24
20,20,20,20,30,38,21,29,35,26,19,23,23,34,25,23,26,15,27,23,9,17,30,42,17,22,28,17,20,28,23,18,28,23,16,22,18,15,28,21,17,34,19,22,22,35,27,21,4,19,36,36,12,17,22,13,13,31,31,19,17,25,29,15,17,13,20,26,10,24,36,16,15,33,11,24,14,20,16,24,20,30,29,28,28,28,15,28,38,28,37,25,28,25,21,33,28,26,20,13,33,32,25,33,24,25,30,19,41,16,26,22,24,14,25,26,10,35,13,34,30,23,19,28,25,2,12,23,24,30,22,26,21,25,26,25,23,35,29,19,26,18,27,30,13,14,33,22,4,34,35,23,23,37,32,24,22,29,22,23,32,19,24,26,24,33,26,32,22,13,20,34,13,27,23,25,0,37,27,39,28,31,26,27,27,31,22,31
30,15,19,35,17,53,26,34,14,29,28,37,42,10,35,42,17,30,17,32,33,30,44,54,30,22,45,30,45,44,42,42,40,17,29,21,29,26,21,20,30,6,35,29,21,44,38,26,37,25,48,49,37,37,22,30,36,48,44,31,30,20,42,39,24,24,37,45,36,17,50,27,28,44,30,18,26,27,30,35,21,48,22,17,44,44,29,20,6,45,48,34,45,35,33,45,31,13,25,25,44,47,33,44,29,37,48,35,55,44,18,25,23,26,19,17,39,43,34,8,48,39,29,17,33,37,39,22,20,18,33,20,39,41,16,37,42,2,19,26,16,37,16,17,23,25,8,25,37,19,6,41,24,15,22,14,37,33,37,26,51,42,41,40,35,39,39,21,22,29,45,10,36,39,41,19,37,0,36,58,17,16,44,43,23,15,40,21
18,30,30,20,27,30,24,20,40,20,20,19,16,38,21,16,29,23,29,18,22,26,23,36,25,28,24,24,21,26,16,28,25,28,22,26,16,23,33,26,26,39,20,17,23,22,15,21,21,27,24,28,19,27,26,28,17,29,25,28,24,27,34,21,25,26,20,24,22,30,24,22,23,27,10,30,23,23,24,21,23,23,30,28,23,25,23,31,38,23,25,16,23,23,28,24,23,31,27,23,26,25,20,26,32,23,23,20,31,30,25,28,28,23,29,28,22,22,22,38,23,20,23,27,23,23,22,27,29,33,8,29,20,18,29,23,16,37,26,26,29,27,31,27,23,17,38,28,25,42,39,16,29,39,30,30,20,20,19,29,25,28,17,19,23,25,15,34,28,29,29,38,15,19,21,30,27,36,0,32,26,28,17,20,22,27,22,30
35,44,44,32,47,28,37,36,58,37,35,30,28,53,26,28,47,38,42,37,34,39,25,22,38,43,25,39,38,24,28,35,37,40,38,39,36,38,46,42,39,58,32,37,43,28,32,29,38,38,23,17,34,40,39,44,34,29,28,35,39,47,49,37,38,38,32,25,34,47,23,38,38,25,33,48,38,36,39,32,41,28,47,45,25,26,38,45,53,23,28,37,23,26,37,27,40,44,39,38,21,43,26,23,46,26,29,32,2,36,46,40,42,38,46,47,35,28,35,53,29,26,36,48,27,37,35,39,43,47,35,47,44,28,48,24,28,58,47,34,49,42,46,47,38,37,55,40,37,59,58,28,39,57,51,45,30,36,30,48,19,35,26,20,32,27,26,49,43,44,35,58,34,28,44,46,39,58,32,0,47,41,26,28,43,47,26,49
26,12,12,31,2,43,19,32,13,24,26,29,32,18,31,32,2,26,12,23,20,19,40,50,19,5,40,19,32,41,32,31,34,14,17,14,23,17,17,13,19,19,31,24,7,41,30,24,27,19,40,42,23,23,16,20,27,45,40,25,19,5,39,25,18,16,33,40,25,9,42,20,16,40,18,3,18,21,25,31,7,37,26,9,40,41,22,10,15,40,45,29,40,32,23,35,26,13,19,16,41,40,31,41,22,34,37,31,47,35,6,18,4,18,8,5,29,39,25,18,37,35,21,6,31,27,29,17,6,6,27,6,31,33,4,31,32,16,1,19,4,30,6,2,16,14,16,18,27,20,15,32,17,14,7,6,34,27,33,10,41,31,33,33,31,40,31,10,5,20,38,13,27,31,34,8,28,17,26,47,0,16,33,31,5,7,35,27
17,2,6,22,17,41,19,27,21,14,17,22,28,20,18,28,15,15,6,16,21,23,31,39,23,19,31,21,36,29,29,31,30,9,17,5,18,12,8,7,21,17,22,19,17,29,28,15,28,13,36,33,25,28,5,17,23,33,31,16,21,15,39,28,11,14,24,31,17,17,36,16,14,31,17,17,14,12,17,22,17,34,21,13,31,29,13,14,20,31,33,24,31,20,19,33,22,8,13,13,29,37,20,27,16,20,33,22,41,32,15,13,19,14,17,14,26,29,24,20,33,26,14,17,20,25,26,13,20,18,23,16,27,27,20,22,29,18,16,11,17,23,15,17,15,13,18,13,28,21,16,26,13,25,20,18,22,24,22,20,37,31,27,24,22,31,27,19,19,16,35,20,23,27,29,17,31,16,28,41,16,0,27,27,17,16,32,21
17,30,30,18,33,18,23,21,43,19,19,4,14,37,18,14,33,24,26,21,20,25,21,31,24,29,22,25,25,21,14,25,29,22,24,25,20,24,30,28,25,43,18,19,27,8,14,19,24,20,11,23,20,26,23,29,20,20,21,19,25,33,31,23,24,22,18,22,20,33,9,24,24,18,19,34,24,22,25,12,27,22,35,27,19,20,24,27,38,21,12,19,21,18,17,8,24,30,21,24,21,33,18,21,32,18,22,18,26,26,32,19,29,24,31,31,21,9,21,38,22,16,22,34,18,25,21,24,29,35,21,33,25,7,34,18,14,42,33,18,35,27,30,33,24,23,42,19,25,45,42,14,24,43,33,32,7,21,5,35,23,25,4,14,14,19,2,35,29,29,25,42,20,10,24,31,26,44,17,26,33,27,0,10,29,31,18,35
23,30,30,17,31,24,24,23,42,25,23,14,13,43,20,11,31,25,26,25,21,27,24,32,26,27,22,27,27,21,13,26,29,24,26,25,22,25,30,28,27,42,17,25,29,17,19,21,25,20,17,25,22,28,23,30,21,24,25,19,27,32,32,25,24,25,17,22,21,32,19,24,23,14,20,32,23,24,26,8,29,21,36,29,23,21,25,29,40,23,19,24,23,18,19,14,28,30,18,25,22,35,20,22,34,19,21,15,28,27,32,18,27,23,31,33,22,16,20,38,21,20,24,32,21,25,22,24,27,35,23,31,29,12,32,20,11,43,31,18,33,29,30,31,25,24,41,18,25,43,41,13,24,43,36,30,12,23,14,32,24,26,10,16,8,23,5,35,27,29,24,43,21,2,29,30,27,43,20,28,31,27,10,0,27,33,19,35
23,15,14,28,5,43,19,31,22,24,23,31,28,16,29,28,7,22,13,23,18,20,37,48,20,5,37,19,33,38,28,26,33,13,23,16,21,18,21,13,20,16,28,22,4,38,26,24,31,15,36,38,21,23,17,21,20,43,37,23,20,7,38,27,14,17,29,37,21,11,38,20,19,38,14,7,18,21,22,29,4,36,26,14,37,38,20,15,19,37,41,28,37,29,23,33,28,15,20,20,38,37,29,38,24,30,36,28,43,32,7,20,5,18,10,6,26,38,22,15,36,32,23,5,29,31,26,20,6,16,24,7,28,29,9,30,28,18,5,15,8,28,16,6,20,18,17,20,31,23,22,28,20,22,11,9,30,32,30,9,37,26,29,29,29,39,27,16,4,21,32,13,20,27,30,10,27,23,22,43,5,17,29,27,0,9,31,24
21,12,11,29,9,45,18,28,12,24,21,27,31,16,31,31,8,21,12,24,21,13,39,50,13,6,39,13,36,41,31,33,36,10,17,16,22,13,20,10,13,11,30,20,5,41,30,23,29,17,42,42,19,23,16,19,25,45,39,25,13,4,35,23,15,15,32,39,21,4,40,17,17,38,19,8,17,19,25,29,7,37,28,10,39,41,19,6,14,38,45,27,39,29,23,37,25,17,17,20,39,39,29,41,22,34,37,30,47,31,7,14,5,17,2,6,29,41,27,11,37,33,21,8,29,31,29,17,7,14,26,9,30,33,5,34,31,14,8,18,9,28,8,9,20,15,11,15,30,20,12,31,16,15,16,2,34,27,34,9,40,33,33,33,32,40,33,8,6,19,41,12,25,33,32,2,31,15,27,47,7,16,31,33,9,0,29,24
15,31,33,11,31,31,23,27,38,23,15,16,14,42,16,13,35,17,33,24,19,21,13,27,21,31,13,21,26,15,14,26,27,26,25,25,18,18,36,22,21,40,9,18,30,24,22,19,20,29,25,27,21,23,24,23,20,30,13,29,21,30,37,22,23,19,12,13,19,29,25,19,18,18,19,29,17,22,21,17,30,20,36,31,13,15,16,33,41,7,30,18,5,14,29,25,28,29,25,23,21,36,16,21,29,17,20,11,26,25,29,25,31,17,28,30,19,24,19,41,20,6,22,30,18,20,20,26,31,36,19,28,27,21,30,19,13,39,31,26,29,26,34,31,23,19,39,25,20,41,39,14,26,37,40,29,16,28,17,31,13,26,19,21,17,19,18,36,31,23,28,39,20,20,28,28,22,40,22,26,35,32,18,19,31,29,0,34
26,23,23,30,27,48,23,29,25,22,23,31,36,25,30,36,25,21,24,25,26,22,40,49,21,30,39,23,43,38,36,37,34,22,22,21,22,22,29,20,22,21,30,25,28,37,31,20,35,24,43,44,31,32,21,24,30,43,40,32,23,23,37,31,22,21,32,39,29,26,44,18,22,40,24,25,19,21,24,31,27,42,2,23,39,38,22,25,24,39,43,30,39,30,32,40,24,20,21,20,39,42,28,39,25,32,42,30,49,40,23,22,30,19,24,26,34,37,31,25,42,35,23,24,28,33,34,18,28,28,27,25,34,33,24,32,36,23,23,25,24,30,25,26,20,20,21,21,35,23,23,36,19,19,30,25,32,26,32,27,45,37,33,35,29,40,34,27,30,24,42,23,30,35,36,24,31,21,30,49,27,21,35,35,24,24,34,0
