0,26,28,23,32,41,29,38,30,24,16,25,25,38,25,25,32,19,26,31,25,25,22,40,28,32,26,25,37,36,27,45,41,19,23,25,23,26,26,17,25,36,23,4,28,40,39,16,32,31,43,47,32,35,25,18,32,46,26,33,25,29,46,34,17,20,26,26,37,32,41,14,20,40,27,21,18,23,19,27,26,31,27,23,28,36,21,33,35,32,46,33,32,27,37,39,27,26,23,24,40,40,29,34,26,28,35,23,49,45,29,24,32,16,27,27,32,42,26,37,33,17,24,31,29,34,34,29,33,26,32,23,33,32,29,32,27,36,32,27,31,37,26,32,22,22,35,24,34,38,30,27,29,31,28,28,30,38,25,34,38,43,31,33,29,45,31,24,32,18,47,30,34,34,30,27,34,34,26,49,32,24,29,34,33,28,25,26
26,0,4,30,21,54,25,40,19,24,26,29,36,21,25,36,16,30,14,29,31,26,40,48,26,20,42,26,43,40,36,42,42,15,27,17,25,16,22,13,26,19,30,27,16,38,40,28,29,22,44,44,35,31,19,25,30,38,38,30,26,16,42,35,24,25,35,42,31,22,42,26,22,36,24,18,22,20,27,27,18,42,26,17,42,40,24,21,27,38,42,30,38,27,30,43,28,6,18,23,32,52,27,34,23,30,44,30,47,40,19,19,24,22,15,16,37,38,32,20,44,35,20,21,27,25,37,19,20,14,33,21,38,39,17,32,36,21,20,20,19,36,20,21,23,20,24,19,27,26,18,38,19,17,25,14,34,39,29,28,44,42,39,35,27,45,35,18,20,25,42,19,28,37,33,15,25,23,37,47,18,16,33,37,22,14,33,24
28,4,0,32,19,52,25,38,18,26,28,31,38,24,27,38,16,32,14,27,32,24,42,50,24,20,44,24,41,42,38,40,40,17,25,16,26,20,22,15,24,22,32,29,17,38,40,30,29,20,42,46,33,28,18,29,32,38,40,30,24,13,41,33,26,25,37,44,31,18,44,28,24,38,26,20,24,20,30,29,17,44,27,19,44,42,26,21,26,40,42,30,40,29,30,41,29,8,20,24,34,52,29,36,23,32,46,32,49,40,21,21,18,24,13,18,38,38,34,22,46,37,20,19,29,27,38,18,16,16,34,23,34,39,15,34,38,23,17,22,19,36,19,19,24,22,22,21,27,25,19,40,18,19,23,13,32,37,31,26,46,40,39,37,29,45,33,20,20,29,40,20,30,35,36,13,27,20,39,49,16,12,35,35,18,11,35,25
23,30,32,0,37,40,30,37,37,33,17,29,20,42,19,20,36,20,29,34,25,29,29,47,29,37,25,29,45,24,12,51,39,28,31,33,27,27,30,22,29,41,4,24,33,33,41,25,40,34,42,39,30,36,29,21,33,39,25,33,29,34,49,40,26,24,9,25,36,36,39,24,18,39,26,26,17,28,22,26,31,24,32,30,27,24,21,40,42,18,37,26,16,24,34,36,28,30,33,25,30,51,19,33,26,24,30,6,42,48,35,29,37,19,32,32,34,33,27,41,28,20,28,35,22,41,36,31,37,31,22,29,37,34,34,30,12,41,37,36,34,38,29,37,27,25,40,29,42,42,35,24,31,37,33,33,35,37,27,40,32,47,34,31,26,48,34,31,37,21,45,34,35,37,37,32,37,41,36,42,37,33,31,33,39,33,18,33
32,21,19,37,0,50,27,37,21,28,32,35,44,27,37,44,6,30,19,24,30,24,46,56,25,15,46,21,37,48,44,38,35,23,20,25,33,28,27,23,24,27,37,32,17,44,46,34,31,26,49,53,29,28,23,32,40,47,46,34,24,9,39,31,30,25,37,46,33,18,53,30,27,46,34,11,29,25,32,37,15,50,33,14,46,48,30,18,26,46,47,31,46,37,34,44,30,21,28,25,46,50,37,46,27,37,50,37,58,42,14,26,15,29,13,10,36,42,40,25,50,41,27,4,37,35,36,24,17,8,34,14,36,42,7,37,44,27,2,30,10,34,16,2,25,29,22,26,31,23,22,44,24,17,18,13,31,37,40,23,53,38,42,44,37,50,40,8,11,32,38,21,40,40,36,13,35,28,38,58,2,21,44,40,7,13,41,33
41,54,52,40,50,0,51,49,55,55,43,46,34,59,40,36,52,51,54,44,38,41,49,60,40,42,51,41,36,50,32,33,47,50,44,56,47,47,51,46,41,60,38,42,47,44,45,45,47,42,44,52,36,48,58,51,36,46,49,38,41,46,51,43,46,43,43,51,44,46,48,45,48,48,40,52,45,54,51,41,45,28,57,51,51,50,52,54,59,49,44,43,49,40,40,28,55,52,47,46,46,42,42,46,47,43,36,40,43,36,54,49,42,45,45,52,34,44,36,59,32,44,56,51,43,47,34,47,43,50,50,54,56,41,47,47,36,60,50,44,53,58,56,50,46,45,54,49,45,57,55,38,47,52,50,46,41,45,42,53,49,29,40,40,41,49,34,52,42,51,34,54,36,35,53,45,45,58,44,43,50,53,38,35,48,46,44,56
29,25,25,30,27,51,0,36,29,20,23,35,43,27,27,41,25,33,23,30,28,26,43,50,26,24,43,26,36,43,41,43,45,26,28,18,27,21,27,22,26,31,32,30,27,41,37,28,35,23,42,46,30,33,22,32,35,45,43,34,26,25,41,32,32,24,40,43,34,23,46,27,27,42,27,28,25,20,32,29,29,47,25,24,41,43,24,25,31,41,47,34,41,30,34,45,24,25,24,24,39,44,29,39,25,38,49,32,51,41,29,26,24,25,22,24,36,43,39,29,49,38,20,29,31,39,34,22,24,25,34,33,36,40,25,36,41,31,27,28,27,34,26,27,24,21,21,26,37,32,29,43,22,27,24,23,34,36,35,29,49,43,39,39,31,35,35,25,24,28,41,30,33,37,34,22,35,32,37,51,27,20,39,35,28,23,36,27
38,40,38,37,37,49,36,0,41,35,40,38,47,44,35,45,41,35,39,39,39,34,49,56,33,35,47,34,42,47,49,46,42,38,34,38,41,38,37,38,34,44,37,39,40,46,40,42,39,39,44,50,34,31,34,39,43,49,45,37,34,34,46,33,41,38,40,51,41,35,48,38,40,39,41,38,38,37,31,35,38,52,38,39,44,47,38,28,42,51,53,33,49,35,38,48,35,41,38,38,47,44,39,44,38,34,49,37,55,50,36,39,35,38,35,38,44,50,45,43,49,40,32,34,39,40,44,40,38,37,35,36,38,40,37,36,47,42,37,39,38,39,39,37,38,38,35,39,38,40,43,44,40,42,35,35,32,1,34,41,52,44,39,43,35,32,37,35,35,41,48,40,43,40,40,35,39,41,41,55,37,34,41,40,37,35,40,39
30,19,18,37,21,55,29,41,0,32,29,38,43,21,32,43,18,35,21,29,33,29,44,53,29,21,44,29,46,47,43,43,43,22,30,24,29,22,27,20,29,21,37,29,26,45,43,29,33,25,51,51,38,31,25,30,38,49,44,36,29,16,44,40,27,28,42,44,39,26,51,28,29,43,32,18,29,28,29,34,25,49,24,21,45,47,30,16,22,46,49,36,46,35,36,48,34,18,25,25,43,54,32,41,30,37,49,37,56,48,23,27,23,29,18,18,39,45,39,19,49,39,30,21,32,34,39,26,24,22,38,23,40,43,17,39,43,19,20,26,22,38,19,21,25,28,22,27,33,24,10,43,26,14,27,17,41,40,38,26,52,43,43,42,34,48,42,22,21,30,47,15,38,42,41,18,34,17,40,56,17,20,42,42,23,14,41,24
24,24,26,33,28,55,20,35,32,0,21,36,41,34,35,41,26,30,28,16,35,31,48,57,32,28,43,31,45,37,37,47,45,27,27,25,24,29,26,27,31,35,31,32,27,39,38,29,41,31,47,47,36,38,24,39,44,46,46,39,31,28,45,39,32,24,36,43,35,28,49,30,23,42,34,27,21,22,38,35,29,51,35,31,43,37,31,30,37,41,45,26,41,32,37,49,4,24,23,22,41,42,34,44,32,40,50,31,52,47,28,22,28,23,26,23,43,41,44,33,50,43,22,30,34,37,41,20,28,32,32,32,31,38,28,37,37,35,28,26,28,38,28,28,24,19,28,22,39,33,31,40,20,30,34,27,37,35,36,30,49,49,38,38,33,44,38,32,28,35,48,30,42,36,30,26,37,37,43,52,28,26,40,36,29,27,34,34
16,26,28,17,32,43,23,40,29,21,0,29,29,38,21,27,32,18,24,22,28,22,30,46,25,30,28,22,35,34,27,41,45,23,25,33,20,20,26,15,22,36,19,17,28,35,40,16,34,27,44,42,29,33,27,22,37,45,28,33,22,27,46,31,20,21,26,26,32,28,42,16,19,39,29,21,18,25,22,26,26,33,24,25,22,34,19,31,36,28,41,32,28,23,37,37,30,26,26,24,35,42,21,33,26,30,33,19,47,43,29,22,30,18,26,27,35,37,31,37,33,25,23,30,23,32,33,27,30,28,28,23,35,34,27,30,25,36,32,28,30,37,26,32,24,24,33,22,32,39,29,29,27,30,25,27,34,40,29,32,36,43,33,33,28,45,35,26,30,18,45,32,35,33,30,26,32,36,36,47,32,28,33,33,34,27,21,26
25,29,31,29,35,46,35,38,38,36,29,0,35,44,24,33,32,37,31,35,25,33,38,46,33,39,42,33,43,37,35,48,35,30,32,31,34,34,30,32,33,44,27,27,30,37,40,31,38,36,32,40,34,36,33,36,37,35,36,32,33,35,47,35,35,24,28,42,37,38,26,30,29,37,25,32,29,38,38,23,32,39,38,27,38,37,34,42,43,36,47,30,38,22,34,46,33,29,29,28,32,46,28,32,26,25,45,27,40,50,33,21,38,27,34,28,38,41,41,44,43,29,33,38,28,38,36,31,39,30,35,37,37,23,37,21,35,44,34,31,36,40,34,35,26,23,41,21,40,43,37,39,31,39,35,35,7,31,8,37,41,46,20,28,25,44,18,28,39,32,51,36,35,31,34,34,34,43,33,40,34,34,12,33,36,35,28,37
25,36,38,20,44,34,43,47,43,41,29,35,0,47,28,4,43,29,37,43,24,37,34,52,36,36,33,37,42,33,14,50,38,34,40,41,34,37,38,30,37,46,24,26,33,39,33,31,37,30,41,35,32,41,39,32,26,41,30,35,37,40,45,38,24,31,23,31,36,40,38,28,30,35,26,32,27,44,34,30,31,16,39,36,32,35,27,45,47,22,41,34,25,30,36,34,38,36,38,36,30,48,26,35,41,31,14,22,35,50,40,36,36,25,38,38,28,39,20,46,20,29,40,45,27,34,26,38,37,37,33,34,47,31,41,29,18,46,44,33,44,50,37,44,34,31,45,36,35,47,41,4,38,43,33,39,37,47,31,41,22,46,30,22,32,48,30,37,36,32,51,40,24,29,44,38,34,46,40,35,44,41,27,29,42,39,26,39
38,21,24,42,27,59,27,44,21,34,38,44,47,0,42,47,25,38,26,37,34,37,52,61,37,24,52,37,48,51,47,50,47,28,37,27,36,34,28,28,37,11,42,38,27,52,46,37,42,31,52,56,40,42,29,37,41,55,52,36,37,26,41,43,34,31,44,52,42,30,54,35,33,51,35,28,34,34,38,42,28,53,31,22,52,51,36,24,11,51,57,42,51,41,36,54,36,29,33,31,50,52,42,51,36,44,54,42,60,51,23,34,21,34,27,26,40,53,43,4,54,47,36,26,42,43,40,34,23,26,42,25,46,45,27,43,47,6,26,31,25,44,26,27,31,32,25,34,42,22,19,48,34,25,22,25,42,43,44,23,56,50,45,47,42,50,43,26,24,37,49,18,41,44,49,27,43,12,43,60,26,28,45,44,23,26,46,33
25,25,27,19,37,40,27,35,32,35,21,24,28,42,0,28,37,35,27,35,29,29,31,39,29,35,33,29,43,35,29,48,40,24,33,31,24,30,30,26,29,41,23,28,29,34,36,27,42,32,40,38,32,37,33,31,37,38,23,32,29,32,48,38,31,28,28,33,37,34,36,30,32,30,28,32,31,29,32,19,31,34,32,25,33,35,34,36,40,33,42,28,31,20,34,38,26,25,26,31,20,45,4,14,27,5,38,25,38,50,30,25,35,31,30,28,40,38,41,42,38,22,29,36,7,44,38,28,36,30,32,34,36,32,32,27,29,41,37,28,36,38,34,37,31,27,37,25,44,42,32,32,28,34,29,31,31,35,24,37,41,46,32,30,19,44,32,26,35,29,50,34,35,33,32,30,40,40,35,38,37,28,28,31,39,31,28,31
25,36,38,20,44,36,41,45,43,41,27,33,4,47,28,0,43,29,37,43,22,37,36,54,36,36,33,37,44,33,14,49,38,34,40,41,34,37,38,30,37,46,24,26,33,39,32,33,37,30,38,34,32,41,39,34,26,43,30,35,37,40,48,38,24,29,23,33,36,40,35,30,30,35,24,32,27,44,36,26,31,14,40,36,30,35,29,45,47,22,41,34,25,30,36,36,36,36,38,36,30,51,26,35,41,31,12,22,35,50,40,36,36,23,38,38,28,39,20,46,18,29,42,45,27,34,26,38,37,37,33,34,47,29,41,31,18,46,44,33,44,48,37,44,32,29,45,36,35,47,41,8,38,43,33,39,35,45,29,41,20,45,28,24,30,46,28,37,36,30,51,40,24,29,44,38,32,46,38,35,44,41,25,27,42,39,24,40
32,16,16,36,6,52,25,41,18,26,32,32,43,25,37,43,0,29,17,27,32,28,46,56,29,19,46,28,41,46,43,42,38,23,23,21,33,28,22,23,28,27,36,32,17,44,44,34,34,28,51,51,33,32,19,26,39,45,46,36,28,11,39,35,30,24,36,46,29,22,51,30,25,44,33,11,25,22,32,35,15,49,30,14,46,46,28,20,24,44,45,27,44,37,34,46,28,16,26,26,44,48,37,46,24,37,49,36,56,38,14,24,15,25,17,13,38,40,39,25,49,41,24,10,37,30,38,22,17,8,33,14,38,44,12,35,43,23,9,28,6,36,16,6,26,25,22,24,34,20,17,43,22,14,20,16,33,38,38,17,51,42,44,42,35,48,42,8,19,26,42,18,39,42,38,17,30,24,38,56,4,21,42,42,12,16,39,30
19,30,32,20,30,51,33,35,35,30,18,37,29,38,35,29,29,0,27,33,25,33,38,52,32,34,35,33,40,36,25,41,36,28,33,33,26,27,27,22,33,36,20,25,30,44,46,25,40,29,52,43,36,35,27,18,23,49,39,35,33,32,39,35,18,21,18,36,36,34,49,17,14,44,21,24,15,24,12,35,28,33,31,30,34,36,7,31,38,32,47,36,32,34,36,47,35,30,29,18,39,43,31,44,33,33,33,20,49,47,26,29,34,13,31,30,27,44,17,37,31,32,19,31,31,39,29,29,35,31,23,20,37,41,33,29,25,36,30,28,30,37,29,30,16,19,36,29,40,36,33,27,29,36,30,32,36,35,36,35,39,39,41,34,35,47,43,31,34,20,47,33,25,42,37,31,39,37,36,49,30,35,40,40,30,32,28,33
26,14,14,29,19,54,23,39,21,28,24,31,37,26,27,37,17,27,0,29,25,27,40,48,27,18,36,27,42,38,35,42,40,11,25,21,26,21,24,15,27,18,29,27,13,36,43,22,33,19,48,44,33,33,23,23,31,48,40,30,27,17,41,34,26,16,34,36,34,21,46,23,21,38,25,16,21,23,25,29,11,43,27,15,38,38,22,24,26,38,44,34,38,29,32,41,30,14,20,17,36,51,25,36,19,32,43,29,49,43,19,19,24,23,16,14,31,40,33,18,43,35,25,19,25,33,31,25,18,16,33,21,37,35,18,34,35,20,18,20,21,34,20,19,17,21,23,19,31,26,20,37,25,19,17,17,36,38,33,25,46,42,35,35,29,48,39,16,18,23,39,19,31,39,37,16,33,23,37,49,15,16,37,37,21,16,33,26
31,29,27,34,24,44,30,39,29,16,22,35,43,37,35,43,27,33,29,0,32,19,46,56,19,26,42,19,33,43,39,32,37,32,16,32,30,28,32,28,19,39,32,30,33,40,45,28,32,29,47,51,23,30,30,33,39,46,44,33,19,23,41,29,33,29,32,42,32,25,52,28,27,43,30,31,27,29,31,36,31,47,31,31,42,43,30,32,36,43,43,27,43,30,33,38,24,30,31,25,45,48,35,44,27,35,46,32,57,38,32,28,24,31,23,31,37,38,39,37,46,41,28,26,35,34,35,25,26,31,29,32,27,40,24,35,39,40,21,33,30,36,30,24,29,31,29,28,30,39,32,42,25,29,35,24,31,39,39,33,52,34,40,42,34,49,38,32,26,29,39,31,37,36,31,23,36,39,36,57,23,32,43,36,24,23,36,32
25,31,32,25,30,38,28,39,33,35,28,25,24,34,29,22,32,25,25,32,0,27,38,48,26,24,37,27,33,37,26,36,41,23,29,27,29,28,25,23,27,33,25,26,19,38,37,29,26,17,40,38,22,29,29,16,14,45,39,24,27,28,39,29,18,7,29,37,29,29,38,27,22,39,10,24,19,36,16,26,15,30,36,23,33,37,24,35,36,35,45,33,35,29,26,38,27,27,28,16,35,43,27,39,27,33,34,25,38,38,28,32,24,15,26,24,8,42,14,33,32,33,31,33,27,30,12,33,25,26,34,28,36,28,29,32,26,33,30,21,35,32,28,30,12,15,37,32,28,34,34,26,33,32,21,27,29,39,26,30,31,32,26,28,28,46,28,24,24,20,36,33,18,32,34,26,28,34,31,38,30,31,26,32,28,27,30,36
25,26,24,29,24,41,26,34,29,31,22,33,37,37,29,37,28,33,27,19,27,0,40,50,1,20,42,1,28,39,35,32,34,28,5,26,24,26,28,24,1,36,28,27,30,38,44,25,19,25,43,48,7,21,28,29,33,40,40,30,1,20,45,26,31,23,34,40,23,20,46,29,25,42,29,28,23,32,29,35,28,43,27,27,42,39,32,30,37,38,40,24,38,29,30,37,17,26,29,23,38,48,31,38,23,34,47,28,51,33,31,25,20,25,16,28,31,36,33,36,47,35,23,24,31,25,31,21,20,27,34,31,30,37,20,36,35,36,24,32,28,31,28,24,25,25,30,25,21,37,29,41,21,27,31,17,33,34,33,31,46,32,37,39,33,45,34,28,20,25,30,31,33,34,24,16,24,34,39,51,24,24,37,34,25,17,35,28
22,40,42,29,46,49,43,49,44,48,30,38,34,52,31,36,46,38,40,46,38,40,0,34,40,46,24,40,46,34,32,55,43,33,42,39,39,38,40,31,40,50,33,26,42,37,48,32,46,44,40,42,41,47,39,30,41,42,18,43,40,43,50,43,30,36,33,22,46,46,38,28,34,39,40,35,32,37,31,37,40,39,41,37,18,32,33,47,49,27,42,42,29,37,47,49,41,40,38,38,34,59,35,28,36,37,43,31,46,55,43,38,46,32,41,41,39,39,35,51,41,17,37,45,36,42,41,43,47,40,43,37,48,42,43,41,34,50,46,40,45,48,40,46,38,38,49,38,42,52,44,36,43,45,42,42,41,49,36,48,35,55,42,40,39,41,40,38,46,34,55,44,43,42,48,41,46,48,37,46,46,38,38,42,47,42,31,40
40,48,50,47,56,60,50,56,53,57,46,46,52,61,39,54,56,52,48,56,48,50,34,0,50,56,38,50,60,50,50,59,58,45,52,46,49,51,47,47,50,60,49,43,48,44,56,44,57,52,45,42,52,57,48,44,45,47,43,53,50,53,59,53,46,46,51,34,57,56,41,45,50,48,44,51,46,44,45,45,50,51,52,44,44,50,47,57,59,44,50,52,44,41,57,53,46,48,44,46,42,65,43,36,44,45,57,47,47,60,49,46,56,46,51,47,47,48,49,61,53,37,44,55,44,53,49,49,57,49,51,53,55,52,53,49,50,60,56,44,55,60,53,56,46,42,58,46,53,61,53,54,49,55,49,52,51,56,44,54,50,59,52,46,45,55,50,45,56,48,60,53,47,54,54,51,57,59,46,45,56,47,46,54,58,52,45,51
28,26,24,29,25,40,26,33,29,32,25,33,36,37,29,36,29,32,27,19,26,1,40,50,0,19,42,1,27,39,34,31,33,28,5,26,24,26,29,24,1,36,28,27,29,38,43,25,18,24,42,47,6,22,28,29,32,39,40,29,1,19,44,25,30,23,33,40,22,19,45,29,26,42,28,28,23,33,28,35,27,42,29,27,42,39,32,29,37,38,39,24,38,29,29,36,17,26,29,24,38,47,31,38,23,33,46,28,50,32,30,25,19,25,16,28,30,36,32,36,46,35,23,22,31,24,30,21,19,27,33,30,30,36,20,35,34,36,25,31,26,32,28,25,26,25,30,25,20,36,29,40,21,27,30,17,32,33,32,30,45,31,36,38,33,44,33,28,19,25,29,31,32,33,24,16,23,34,38,50,25,24,36,33,26,17,35,30
32,20,20,37,15,42,24,35,21,28,30,39,36,24,35,36,19,34,18,26,24,20,46,56,19,0,46,20,30,48,36,30,37,24,22,27,30,25,27,20,20,26,37,32,8,44,38,31,21,16,39,45,19,22,25,30,32,44,46,26,19,9,41,24,22,26,41,46,23,7,43,30,28,46,26,14,29,27,30,37,10,42,28,23,46,48,29,21,27,46,44,31,46,36,26,36,31,17,28,27,44,51,35,44,29,39,42,37,50,32,14,28,1,29,8,13,30,42,32,24,42,41,29,16,35,25,30,23,5,23,39,18,36,32,9,39,36,24,11,20,18,32,23,11,27,29,20,28,21,26,20,36,23,24,9,8,37,35,38,13,45,30,32,36,37,46,30,25,1,30,26,19,32,30,39,9,25,27,40,50,15,20,34,30,7,10,41,28
26,42,44,25,46,51,43,47,44,43,28,42,33,52,33,33,46,35,36,42,37,42,24,38,42,46,0,42,51,33,25,55,46,35,44,43,36,36,40,31,42,49,29,28,41,34,46,26,45,44,44,38,43,42,37,24,41,39,27,45,42,43,49,45,32,36,27,6,47,46,42,30,30,40,39,35,28,33,27,35,39,36,40,39,24,34,33,47,51,20,38,40,20,37,47,45,41,42,39,34,32,57,31,30,40,39,40,25,47,51,43,41,46,32,42,41,39,34,35,51,38,19,36,44,32,47,41,42,46,42,38,37,46,43,43,39,29,49,46,44,44,50,40,46,38,38,49,41,47,52,44,33,42,46,40,43,45,47,40,50,34,53,43,37,37,43,43,40,46,26,53,45,43,44,45,42,44,50,39,45,46,42,41,42,48,43,29,42
25,26,24,29,21,41,26,34,29,31,22,33,37,37,29,37,28,33,27,19,27,1,40,50,1,20,42,0,28,39,35,32,33,28,5,26,24,26,28,24,1,36,28,27,30,38,44,25,19,25,43,48,7,21,28,29,33,40,40,30,1,20,45,26,31,23,34,40,23,20,46,29,25,42,29,28,23,32,29,35,28,43,27,27,42,39,32,30,37,38,40,24,38,29,30,37,17,26,29,23,38,48,31,38,23,34,47,28,51,33,31,25,20,25,16,27,31,36,33,36,47,35,23,21,31,25,31,21,20,27,34,31,30,37,17,36,35,36,24,32,28,31,28,24,25,25,30,25,21,37,29,41,21,27,31,17,33,34,33,31,46,32,37,39,33,45,34,28,19,25,30,31,33,34,24,16,24,34,39,51,24,24,37,34,22,17,35,28
37,43,41,45,37,36,36,42,46,45,35,43,42,48,43,44,41,40,42,33,33,28,46,60,27,30,51,28,0,49,44,30,37,42,33,46,36,37,46,40,28,48,43,37,39,40,40,38,29,32,46,48,26,31,46,40,34,45,43,34,28,31,42,18,39,35,40,47,27,26,50,37,40,46,35,41,37,42,41,43,37,39,44,47,48,49,40,41,48,46,38,35,45,45,34,31,48,43,40,38,39,38,43,39,41,45,40,45,51,30,43,37,30,37,31,41,32,38,34,48,40,47,44,38,43,33,32,34,31,45,38,43,40,42,32,40,45,49,37,39,42,44,45,37,38,37,45,37,29,47,47,42,34,44,40,31,38,42,43,43,47,30,42,42,43,50,38,45,30,40,28,46,34,35,44,31,29,48,37,51,37,47,42,39,32,31,49,44
36,40,42,24,48,50,43,47,47,37,34,37,33,51,35,33,46,36,38,43,37,39,34,50,39,48,33,39,49,0,29,56,45,35,42,41,38,37,38,35,39,50,20,37,42,36,48,32,44,45,47,41,40,46,39,34,37,40,28,42,39,45,49,44,39,36,30,33,45,47,41,37,33,36,37,39,31,42,35,40,42,36,40,39,30,4,33,50,52,26,39,38,22,31,42,46,36,40,41,36,33,54,35,37,36,39,42,22,44,55,44,37,48,33,43,41,37,38,35,50,40,32,40,46,36,42,39,41,48,42,41,42,52,42,45,39,25,50,48,44,44,53,38,48,38,35,49,37,44,52,46,37,41,46,42,44,45,47,36,48,36,54,42,38,38,47,44,40,48,34,54,44,39,45,54,43,40,51,45,44,48,42,38,45,50,44,29,41
27,36,38,12,44,32,41,49,43,37,27,35,14,47,29,14,43,25,35,39,26,35,32,50,34,36,25,35,44,29,0,47,40,34,38,39,33,33,34,28,35,46,14,28,33,35,35,27,35,34,39,34,30,42,35,28,24,43,32,35,35,40,46,34,26,31,11,27,36,40,36,30,24,38,26,32,21,38,28,34,31,20,38,36,30,29,27,45,47,15,37,34,20,26,36,30,39,36,39,30,32,50,29,35,37,32,26,12,36,49,40,35,36,25,38,38,26,35,18,46,24,27,38,45,30,34,28,37,37,37,30,34,46,32,41,32,6,46,44,35,44,50,35,44,34,31,46,35,35,47,41,18,37,43,33,39,37,49,31,41,26,45,32,25,36,46,30,37,36,28,48,40,26,31,45,38,32,46,36,36,44,39,27,27,42,39,19,39
45,42,40,51,38,33,43,46,43,47,41,48,50,50,48,49,42,41,42,32,36,32,55,59,31,30,55,32,30,56,47,0,42,43,34,46,45,40,42,41,32,49,50,45,37,54,48,48,29,32,46,51,31,33,46,47,32,44,53,27,32,34,41,31,38,41,51,54,28,35,50,44,46,54,38,42,43,46,47,46,35,38,49,43,55,56,44,42,50,55,48,43,55,48,26,30,46,44,38,44,54,39,49,53,39,46,36,49,56,12,44,38,30,43,33,42,32,53,32,50,36,48,48,39,48,35,30,34,31,40,47,44,46,48,35,50,46,49,38,35,43,48,46,38,44,43,44,38,31,46,44,48,34,43,40,34,43,46,50,44,50,4,48,51,48,40,46,44,30,47,10,43,34,44,48,33,31,48,43,56,38,44,50,44,36,34,53,49
41,42,40,39,35,47,45,42,43,45,45,35,38,47,40,38,38,36,40,37,41,34,43,58,33,37,46,33,37,45,40,42,0,43,31,43,47,45,41,41,34,44,39,42,44,44,45,44,36,39,49,54,34,33,45,40,39,45,39,43,34,35,46,33,42,40,34,47,42,37,54,42,37,42,43,43,41,44,36,42,42,47,45,42,43,45,43,40,47,44,45,36,40,41,44,43,45,42,44,39,48,47,42,48,41,35,46,39,58,44,39,44,37,42,33,42,41,42,39,46,48,39,45,35,42,43,41,41,38,42,41,39,42,37,36,40,40,47,33,45,38,42,43,34,37,42,46,44,39,48,45,40,41,41,46,36,31,38,35,46,54,42,37,43,42,49,34,43,36,42,41,45,39,41,43,33,40,46,42,58,34,41,37,40,36,34,40,46
19,15,17,28,23,50,26,38,22,27,23,30,34,28,24,34,23,28,11,32,23,28,33,45,28,24,35,28,42,35,34,43,43,0,28,24,24,18,29,8,28,22,28,22,16,43,44,19,36,26,49,47,32,35,22,23,32,45,31,24,28,22,45,37,18,19,33,35,35,23,45,22,20,39,26,14,20,24,23,30,16,40,25,12,37,35,23,25,26,37,49,36,37,26,28,48,29,17,21,21,37,48,26,33,23,29,42,28,50,44,20,20,25,20,20,16,29,45,30,22,42,28,24,24,26,38,27,26,23,17,31,18,35,38,22,37,34,23,23,20,24,37,15,23,21,22,23,20,38,28,22,36,26,22,25,21,37,38,32,23,43,43,38,38,30,47,40,13,25,23,44,21,30,42,35,20,36,25,36,50,23,22,36,42,25,21,32,25
23,27,25,31,20,44,28,34,30,27,25,32,40,37,33,40,23,33,25,16,29,5,42,52,5,22,44,5,33,42,38,34,31,28,0,26,28,28,24,26,7,34,31,28,29,38,47,29,24,27,46,51,12,27,28,29,37,43,42,34,7,19,45,31,31,22,31,42,28,22,49,29,22,44,33,28,22,30,30,37,27,46,28,27,44,42,33,32,37,40,43,28,40,32,34,40,15,27,29,20,42,45,35,42,28,33,50,31,54,40,31,25,21,24,18,28,35,36,37,36,50,37,23,20,35,30,35,21,22,27,31,31,28,40,22,35,38,36,21,32,24,33,28,20,22,24,31,25,26,35,30,44,21,26,33,21,30,34,36,28,49,34,40,42,35,47,37,28,22,27,35,30,37,37,22,18,29,34,35,54,19,27,40,37,21,19,37,29
25,17,16,33,25,56,18,38,24,25,33,31,41,27,31,41,21,33,21,32,27,26,39,46,26,27,43,26,46,41,39,46,43,24,26,0,30,24,13,26,26,28,33,28,21,38,36,29,39,28,44,46,30,38,8,27,30,42,39,32,26,25,42,39,28,23,38,43,32,30,44,30,25,40,22,24,23,15,27,31,25,47,30,20,47,41,27,23,29,41,44,32,41,31,32,43,29,23,21,21,40,44,33,40,24,36,49,33,51,46,23,21,27,23,23,18,33,40,35,29,49,34,17,27,33,39,33,21,32,19,34,29,38,39,25,38,39,28,25,26,23,35,22,25,21,18,22,21,39,25,23,43,21,27,21,24,34,38,31,25,49,46,39,37,31,41,35,21,27,27,45,24,30,37,36,23,37,27,36,51,25,13,35,37,26,24,38,29
23,25,26,27,33,47,27,41,29,24,20,34,34,36,24,34,33,26,26,30,29,24,39,49,24,30,36,24,36,38,33,45,47,24,28,30,0,15,26,23,31,34,29,23,30,37,41,22,36,27,50,46,38,33,29,23,38,48,39,34,31,29,46,32,27,24,32,36,35,28,48,20,24,41,31,26,22,25,25,27,30,37,25,27,38,38,23,31,36,36,45,32,36,29,34,41,29,25,25,26,39,44,26,39,21,33,39,27,52,40,31,26,30,22,25,28,37,39,36,36,39,32,24,33,27,32,35,27,31,27,17,29,29,38,29,33,33,34,33,26,33,34,23,33,26,24,29,26,34,37,29,36,27,30,28,26,39,41,34,30,45,42,38,36,27,43,40,28,30,20,48,31,36,38,30,25,30,37,39,52,33,28,38,37,35,26,35,26
26,16,20,27,28,47,21,38,22,29,20,34,37,34,30,37,28,27,21,28,28,26,38,51,26,25,36,26,37,37,33,40,45,18,28,24,15,0,27,15,26,32,29,26,26,37,44,21,35,27,49,48,30,32,23,25,36,45,36,29,26,24,42,30,24,24,32,36,30,24,48,20,17,41,28,21,17,25,26,30,26,41,26,24,36,37,22,25,30,36,42,33,36,30,29,41,32,16,20,20,40,48,30,40,26,37,43,27,54,39,27,17,25,21,22,24,36,38,33,34,43,33,27,28,31,33,32,19,26,20,22,24,33,39,24,37,35,32,28,25,28,33,18,28,24,24,25,17,33,33,23,37,19,24,24,23,38,38,34,29,46,36,38,40,30,45,39,25,25,23,39,27,32,39,33,22,31,30,41,54,28,23,38,37,30,23,33,25
26,22,22,30,27,51,27,37,27,26,26,30,38,28,30,38,22,27,24,32,25,28,40,47,29,27,40,28,46,38,34,42,41,29,24,13,26,27,0,28,28,29,30,27,22,35,44,26,36,24,47,45,32,37,19,21,32,47,38,29,28,26,39,36,29,18,33,42,34,26,43,24,20,39,25,28,18,22,28,30,26,47,27,22,40,38,27,26,29,38,45,35,38,26,31,45,26,22,24,17,39,50,34,39,18,35,49,30,50,42,25,25,27,22,26,22,33,41,33,30,49,35,26,29,34,36,35,27,27,17,32,31,39,36,27,37,36,29,26,23,25,36,21,27,17,21,27,25,36,29,26,40,27,27,20,24,37,34,30,18,46,42,36,36,30,40,38,17,27,21,42,26,34,40,37,26,34,28,39,50,26,20,34,38,26,26,29,27
17,13,15,22,23,46,22,38,20,27,15,32,30,28,26,30,23,22,15,28,23,24,31,47,24,20,31,24,40,35,28,41,41,8,26,26,23,15,28,0,24,24,22,19,19,41,44,19,32,26,47,47,28,33,16,19,32,43,29,24,24,18,43,33,10,19,27,31,31,22,45,16,14,39,26,12,14,22,19,30,17,36,24,14,31,35,17,22,26,31,45,34,31,24,28,44,29,15,21,17,37,48,28,35,27,31,38,22,50,40,20,21,25,16,16,18,29,41,26,23,38,26,22,22,28,34,27,24,27,17,32,14,35,38,18,35,28,26,23,20,22,34,15,23,19,22,24,21,34,30,20,32,24,20,29,17,37,38,32,22,39,39,38,38,30,45,38,15,25,17,40,22,30,40,35,16,32,25,37,50,23,22,36,38,24,17,26,25
25,26,24,29,24,41,26,34,29,31,22,33,37,37,29,37,28,33,27,19,27,1,40,50,1,20,42,1,28,39,35,32,34,28,7,26,31,26,28,24,0,36,28,27,30,38,44,25,19,25,43,48,7,21,28,29,33,40,40,30,1,20,45,26,31,23,34,40,23,20,46,29,25,42,29,28,23,32,29,35,28,43,27,27,42,39,32,30,37,38,40,24,38,29,30,37,17,26,29,23,38,48,31,38,23,34,47,28,51,33,31,25,20,25,16,28,31,36,33,36,47,35,23,24,31,25,31,21,20,27,34,31,30,37,20,36,35,36,24,32,28,31,28,24,25,25,30,25,21,37,29,41,21,27,31,17,33,34,33,30,46,32,37,39,33,45,34,28,20,25,30,31,33,34,24,16,24,34,39,51,24,24,37,34,25,17,35,28
36,19,22,41,27,60,31,44,21,35,36,44,46,11,41,46,27,36,18,39,33,36,50,60,36,26,49,36,48,50,46,49,44,22,34,28,34,32,29,24,36,0,41,36,26,50,48,34,42,31,55,55,39,42,29,34,42,57,50,34,36,26,46,42,31,30,43,49,41,30,54,33,33,50,36,28,33,33,35,41,27,52,30,21,50,50,34,25,18,50,56,43,50,41,35,53,37,27,32,29,50,53,40,50,35,43,52,41,60,50,23,33,21,33,27,25,39,52,42,10,52,45,35,27,40,42,39,34,23,26,40,26,47,44,27,42,46,13,26,30,28,46,25,27,29,33,28,33,41,25,19,46,34,23,22,26,45,43,44,23,55,49,44,46,41,52,46,25,24,34,48,16,42,46,47,27,42,15,44,60,26,26,45,46,23,26,45,29
23,30,32,4,37,38,32,37,37,31,19,27,24,42,23,24,36,20,29,32,25,28,33,49,28,37,29,28,43,20,14,50,39,28,31,33,29,29,30,22,28,41,0,24,33,36,43,25,37,34,43,42,35,37,29,21,32,40,29,35,28,34,49,39,26,24,11,29,41,36,40,24,18,39,26,26,17,30,22,30,31,24,32,30,31,20,21,40,42,22,40,26,20,20,36,34,26,30,33,25,33,49,23,36,28,28,30,4,44,49,35,29,37,19,32,32,33,36,26,41,28,24,28,35,25,38,35,31,37,31,26,29,38,34,34,30,8,41,37,36,34,38,29,37,27,25,40,29,39,42,35,28,31,37,33,33,33,37,25,40,34,46,34,31,28,48,32,31,37,21,48,34,34,37,38,32,36,41,36,44,37,33,29,37,39,33,18,33
4,27,29,24,32,42,30,39,29,32,17,27,26,38,28,26,32,25,27,30,26,27,26,43,27,32,28,27,37,37,28,45,42,22,28,28,23,26,27,19,27,36,24,0,27,40,39,18,33,31,45,47,33,35,27,19,33,47,30,34,26,29,46,34,20,21,27,28,37,32,43,12,21,41,28,21,19,25,20,28,25,32,27,25,29,37,21,34,34,33,46,33,33,29,37,39,28,27,24,25,41,41,31,37,27,31,35,24,50,45,28,25,32,17,26,27,33,42,27,37,33,21,25,31,31,34,35,28,33,27,32,22,32,33,29,32,28,36,32,28,31,38,27,32,23,23,35,25,34,37,30,27,28,30,29,27,32,39,27,34,39,43,32,33,30,46,33,26,32,19,46,29,35,35,30,27,35,33,24,50,32,26,31,35,32,27,26,25
28,16,17,33,17,47,27,40,26,27,28,30,33,27,29,33,17,30,13,33,19,30,42,48,29,8,41,30,39,42,33,37,44,16,29,21,30,26,22,19,30,26,33,27,0,43,32,27,30,19,42,38,27,33,23,28,23,45,42,23,30,15,36,33,19,19,37,41,28,14,38,26,25,40,15,13,25,23,26,31,4,39,28,16,42,42,25,19,27,42,47,36,42,30,25,41,28,19,22,21,38,48,28,38,27,34,39,33,43,37,6,19,8,25,19,7,25,45,29,26,39,37,26,20,28,30,25,23,10,15,36,12,38,31,16,33,33,27,17,17,20,33,18,17,21,19,21,19,30,24,21,33,23,17,14,20,36,38,31,10,42,37,31,29,31,49,33,15,8,28,37,21,23,33,39,19,30,27,29,43,17,19,29,33,8,19,37,28
40,38,38,33,44,44,41,46,45,39,35,37,39,52,34,39,44,44,36,40,38,38,37,44,38,44,34,38,40,36,35,54,44,43,38,38,37,37,35,41,38,50,36,40,43,0,38,38,45,41,38,36,39,44,38,42,44,39,35,41,38,42,52,43,46,37,38,34,43,43,36,39,40,32,39,43,38,38,44,31,41,43,43,42,36,35,43,47,52,28,17,34,26,33,41,16,41,38,35,37,28,52,36,28,27,39,45,35,46,52,44,35,44,40,40,41,42,6,46,52,45,34,38,44,35,47,42,39,44,41,40,46,42,36,42,39,37,50,44,38,44,47,41,44,39,38,46,35,47,49,44,41,39,46,45,41,40,46,35,44,41,52,37,38,33,46,39,43,44,42,52,43,44,37,42,40,42,50,42,46,44,39,37,35,46,41,34,44
39,40,40,41,46,45,37,40,43,38,40,40,33,46,36,32,44,46,43,45,37,44,48,56,43,38,46,44,40,48,35,48,45,44,47,36,41,44,44,44,44,48,43,39,32,38,0,43,39,37,42,38,39,43,38,50,37,46,45,39,44,42,46,37,40,42,44,48,35,41,40,43,47,39,31,44,44,44,49,33,35,41,46,41,47,48,46,43,46,42,41,39,43,35,39,36,42,40,38,46,42,34,38,42,43,39,39,41,46,48,41,37,38,43,42,39,41,39,42,48,39,44,43,47,38,37,41,40,39,42,44,46,39,30,43,37,37,48,46,33,45,36,44,46,45,38,43,37,39,45,43,31,40,45,38,43,41,40,36,29,43,46,31,30,36,46,34,42,38,49,52,44,37,29,35,42,36,48,31,46,46,43,32,31,42,43,41,46
16,28,30,25,34,45,28,42,29,29,16,31,31,37,27,33,34,25,22,28,29,25,32,44,25,31,26,25,38,32,27,48,44,19,29,29,22,21,26,19,25,34,25,18,27,38,43,0,34,27,52,46,32,32,25,22,34,50,36,33,25,29,46,34,21,24,26,28,36,31,48,20,20,42,29,25,18,23,23,31,27,35,20,25,32,32,21,32,38,34,44,35,34,25,37,37,29,28,27,22,38,43,25,36,26,30,37,25,51,50,29,27,31,22,28,27,36,40,32,36,37,29,26,32,25,34,38,30,31,30,29,27,35,35,29,30,29,34,34,29,32,35,26,34,26,24,32,27,34,38,29,31,30,30,23,29,38,42,31,35,44,44,35,33,31,49,39,26,31,20,51,31,34,42,31,28,34,37,32,51,34,24,35,40,36,29,29,22
32,29,29,40,31,47,35,39,33,41,34,38,37,42,42,37,34,40,33,32,26,19,46,57,18,21,45,19,29,44,35,29,36,36,24,39,36,35,36,32,19,42,37,33,30,45,39,34,0,25,44,44,14,21,41,28,35,45,47,28,19,24,40,24,31,30,39,45,17,25,46,37,36,47,28,35,31,40,37,44,28,46,35,34,45,44,40,35,42,45,45,36,45,38,26,40,42,31,36,34,45,48,44,45,28,40,42,37,51,31,37,35,20,31,24,35,34,43,35,42,42,42,44,32,44,8,34,29,20,33,41,37,37,35,26,37,33,42,30,31,36,36,39,31,34,31,31,35,4,40,34,33,29,31,31,24,39,35,38,34,46,33,35,35,44,44,35,35,21,28,21,34,35,31,32,24,12,41,39,51,30,30,37,31,29,25,39,36
31,22,20,34,26,42,23,39,25,31,27,36,30,31,32,30,28,29,19,29,17,25,44,52,24,16,44,25,32,45,34,32,39,26,27,28,27,27,24,26,25,31,34,31,19,41,37,27,25,0,39,39,23,29,26,27,24,43,45,24,25,20,38,25,18,20,38,42,22,19,43,25,26,34,20,26,26,19,24,25,19,38,26,25,41,45,23,26,32,43,43,33,43,32,24,36,32,28,21,23,37,48,28,41,26,36,38,34,44,31,26,28,16,23,19,24,25,41,26,32,38,40,21,27,28,25,25,21,16,22,37,28,39,34,21,32,34,31,26,12,29,35,28,26,20,21,31,28,23,30,24,30,21,25,16,20,34,39,35,26,39,30,34,30,25,46,30,26,16,29,30,28,24,30,38,19,25,31,38,44,26,27,34,30,24,20,38,25
43,44,42,42,49,44,42,44,51,47,44,32,41,52,40,38,51,52,48,47,40,43,40,45,42,39,44,43,46,47,39,46,49,49,46,44,50,49,47,47,43,55,43,45,42,38,42,52,44,39,0,26,38,46,46,52,44,28,38,38,43,45,54,41,43,45,44,44,44,45,6,47,51,41,40,49,48,47,52,40,42,40,53,46,42,47,51,51,54,42,40,38,42,39,40,38,48,44,46,49,36,49,44,34,41,44,46,42,39,49,49,42,39,47,44,47,44,40,46,53,44,41,46,50,43,44,42,44,40,45,53,51,50,21,46,45,39,55,49,39,52,55,48,49,48,45,52,42,42,52,51,45,44,49,43,45,25,44,26,46,36,44,22,38,41,48,14,47,39,49,43,51,42,27,49,44,43,55,46,38,49,47,20,27,46,45,35,52
47,44,46,39,53,52,46,50,51,47,42,40,35,56,38,34,51,43,44,51,38,48,42,42,47,45,38,48,48,41,34,51,54,47,51,46,46,48,45,47,48,55,42,47,38,36,38,46,44,39,26,0,43,49,44,46,39,38,39,39,48,49,52,47,37,43,41,38,44,49,20,47,48,34,33,47,43,46,47,35,40,34,50,44,38,41,41,54,55,34,39,42,34,41,39,40,40,44,42,45,28,44,36,32,45,42,36,41,29,49,45,40,45,42,48,43,42,38,43,56,34,43,45,54,35,42,40,42,46,47,48,49,56,35,50,25,36,55,53,35,52,58,51,53,44,38,53,40,44,55,49,35,42,52,39,49,45,50,36,45,30,49,36,14,38,50,38,45,45,43,50,50,37,37,51,48,41,55,44,28,53,51,32,39,51,49,37,51
32,35,33,30,29,36,30,34,38,36,29,34,32,40,32,32,33,36,33,23,22,7,41,52,6,19,43,7,26,40,30,31,34,32,12,30,38,30,32,28,7,39,35,33,27,39,39,32,14,23,38,43,0,28,32,32,33,40,40,29,7,23,44,24,28,27,34,41,18,23,41,33,30,43,24,32,27,37,33,36,25,38,36,31,43,40,36,33,40,39,39,28,38,31,29,32,40,35,33,28,39,44,31,39,31,33,42,30,46,32,34,29,19,29,20,32,31,37,33,39,42,35,37,30,31,20,31,25,20,31,34,34,36,32,24,36,30,39,29,29,34,36,32,29,30,29,39,29,16,38,38,36,25,34,28,21,34,34,34,33,41,31,32,34,34,44,29,32,19,30,27,38,33,29,30,20,17,37,37,46,29,35,32,29,27,21,37,37
35,31,28,36,28,48,33,31,31,38,33,36,41,42,37,41,32,35,33,30,29,21,47,57,22,22,42,21,31,46,42,33,33,35,27,38,33,32,37,33,21,42,37,35,33,44,43,32,21,29,46,49,28,0,38,28,38,41,44,33,20,21,42,23,35,30,41,45,26,22,49,32,34,45,32,32,32,36,26,35,31,48,34,38,46,46,31,33,42,45,46,25,45,35,33,43,39,31,33,32,42,50,33,42,31,38,45,33,56,35,35,35,23,32,24,33,37,42,38,42,46,40,37,28,33,29,37,29,24,34,37,35,26,38,23,36,42,43,25,35,28,28,37,24,32,32,33,35,25,40,33,39,29,32,34,22,36,32,36,37,51,31,38,40,35,47,37,34,23,28,32,35,38,36,20,24,27,42,43,56,28,36,40,36,27,24,40,34
25,19,18,29,23,58,22,34,25,24,27,33,39,29,33,39,19,27,23,30,29,28,39,48,28,25,37,28,46,39,35,46,45,22,28,8,29,23,19,16,28,29,29,27,23,38,38,25,41,26,46,44,32,38,0,25,30,44,41,36,28,23,41,39,24,25,34,37,28,29,46,25,21,40,22,20,19,11,25,31,25,45,30,23,41,39,21,20,28,37,40,28,37,33,34,41,28,17,21,21,40,44,31,42,28,38,45,29,51,42,25,21,25,21,21,20,35,36,33,30,45,34,13,25,31,35,37,18,32,20,33,25,34,41,23,36,35,29,23,26,21,33,19,23,23,18,24,21,39,26,24,39,18,24,31,22,36,34,33,27,47,46,41,35,31,41,37,24,25,23,45,25,32,37,36,21,35,29,37,51,23,17,37,35,24,22,34,28
18,25,29,21,32,51,32,39,30,39,22,36,32,37,31,34,26,18,23,33,16,29,30,44,29,30,24,29,40,34,28,47,40,23,29,27,23,25,21,19,29,34,21,19,28,42,50,22,28,27,52,46,32,28,25,0,35,50,34,31,30,28,41,37,16,16,25,26,37,29,50,16,14,44,30,21,11,28,6,33,26,41,25,25,30,34,13,35,35,30,46,34,30,31,35,47,34,27,26,14,42,47,29,40,26,37,39,21,53,45,30,28,28,9,27,27,21,42,29,36,39,27,26,30,29,30,25,28,30,26,31,24,32,44,29,37,30,37,31,26,30,35,26,32,10,15,31,28,30,37,29,32,28,27,27,28,43,38,41,33,42,45,44,40,33,49,46,26,30,4,46,30,39,46,26,27,28,36,34,53,26,29,44,44,33,28,27,26
32,30,32,33,40,36,35,43,38,44,37,37,26,41,37,26,39,23,31,39,14,33,41,45,32,32,41,33,34,37,24,32,39,32,37,30,38,36,32,32,33,42,32,33,23,44,37,34,35,24,44,39,33,38,30,35,0,46,45,22,33,36,33,33,26,21,31,40,36,37,39,34,28,42,10,34,25,36,35,39,27,26,41,29,43,37,29,39,42,37,48,42,37,35,23,36,31,30,26,28,36,39,35,41,34,36,30,31,39,33,30,30,32,21,34,28,12,46,6,42,28,34,40,41,35,30,16,34,33,32,39,36,36,35,37,35,24,42,40,25,40,42,36,40,24,15,39,30,31,42,36,28,34,39,26,35,41,44,39,36,37,28,35,30,38,51,35,30,32,37,34,35,4,35,38,34,35,43,29,39,40,34,30,36,38,35,34,41
46,38,38,39,47,46,45,49,49,46,45,35,41,55,38,43,45,49,48,46,45,40,42,47,39,44,39,40,45,40,43,44,45,45,43,42,48,45,47,43,40,57,40,47,45,39,46,50,45,43,28,38,40,41,44,50,46,0,35,48,40,43,56,40,48,46,43,39,41,43,28,48,48,40,43,47,45,44,52,39,47,43,51,44,38,40,49,49,54,39,28,33,36,37,44,42,44,38,43,49,33,55,40,35,44,42,45,37,41,42,47,41,44,45,42,45,47,35,48,56,47,41,47,48,40,41,43,34,45,43,48,49,53,37,44,42,43,57,47,43,46,57,46,47,49,43,51,41,43,54,48,45,34,48,48,43,34,49,29,49,40,42,36,40,39,53,30,45,44,48,43,49,42,39,53,42,41,55,49,41,47,49,30,41,47,43,39,49
26,38,40,25,46,49,43,45,44,46,28,36,30,52,23,30,46,39,40,44,39,40,18,43,40,46,27,40,43,28,32,53,39,31,42,39,39,36,38,29,40,50,29,30,42,35,45,36,47,45,38,39,40,44,41,34,45,35,0,40,40,43,52,41,32,38,33,27,46,45,36,32,36,31,42,35,34,39,35,32,40,37,42,37,24,28,37,47,49,28,38,38,25,31,44,47,41,38,40,40,31,51,27,25,38,29,41,29,44,55,43,35,46,34,41,41,42,37,39,51,41,17,39,45,29,45,38,41,47,40,43,37,47,38,43,41,32,50,46,42,45,48,40,46,40,40,49,35,45,52,44,34,41,45,43,42,39,45,34,48,31,51,38,40,32,44,38,38,46,32,53,44,41,39,47,41,44,48,40,44,46,40,36,37,47,42,26,40
33,30,30,33,34,38,34,37,36,39,33,32,35,36,32,35,36,35,30,33,24,30,43,53,29,26,45,30,34,42,35,27,43,24,34,32,34,29,29,24,30,34,35,34,23,41,39,33,28,24,38,39,29,33,36,31,22,48,40,0,30,30,38,33,18,26,40,43,27,30,38,32,27,42,28,30,32,35,33,35,21,34,32,32,43,42,33,35,37,45,49,36,44,31,4,28,37,28,33,25,43,44,33,41,25,34,36,35,45,32,30,21,26,32,28,28,22,47,24,35,36,35,39,35,33,30,20,25,27,36,40,32,42,25,31,38,35,37,34,22,37,40,36,34,25,30,36,20,28,37,35,37,26,33,26,30,34,40,31,33,44,27,25,30,33,51,29,32,26,29,29,36,20,25,38,28,30,36,35,45,34,32,29,25,32,29,38,32
25,26,24,29,24,41,26,34,29,31,22,33,37,37,29,37,28,33,27,19,27,1,40,50,1,19,42,1,28,39,35,32,34,28,7,26,31,26,28,24,1,36,28,26,30,38,44,25,19,25,43,48,7,20,28,30,33,40,40,30,0,20,45,26,31,23,34,40,23,20,46,29,25,42,29,27,23,32,29,35,28,43,27,27,42,39,32,30,37,38,40,24,38,29,30,37,17,26,29,23,38,48,31,38,23,34,47,28,51,33,31,25,20,25,16,28,31,36,33,36,47,35,23,24,31,25,31,21,20,27,34,31,29,37,19,36,35,36,21,32,25,30,28,21,25,25,30,25,21,37,29,41,21,27,31,17,33,34,33,31,46,32,37,39,33,45,34,28,20,25,30,31,33,34,23,16,24,34,39,51,24,24,37,34,25,17,35,28
29,16,13,34,9,46,25,34,16,28,27,35,40,26,32,40,11,32,17,23,28,20,43,53,19,9,43,20,31,45,40,34,35,22,19,25,29,24,26,18,20,26,34,29,15,42,42,29,24,20,45,49,23,21,23,28,36,43,43,30,20,0,41,25,26,23,39,43,27,12,49,27,25,44,30,13,23,25,27,35,13,46,26,16,43,45,27,13,25,43,43,31,43,34,30,40,29,16,26,23,41,52,32,41,27,37,46,34,54,36,16,25,6,23,7,9,34,40,36,24,46,38,25,8,32,28,34,22,10,11,36,16,36,38,2,37,40,24,5,26,12,33,17,6,23,23,20,25,24,22,17,40,22,13,15,8,35,34,34,16,49,34,38,40,35,45,36,11,9,28,32,17,36,36,38,7,28,25,41,54,5,17,40,36,11,4,38,26
46,42,41,49,39,51,41,46,44,45,46,47,45,41,48,48,39,39,41,41,39,45,50,59,44,41,49,45,42,49,46,41,46,45,45,42,46,42,39,43,45,46,49,46,36,52,46,46,40,38,54,52,44,42,41,41,33,56,52,38,45,41,0,42,42,40,49,47,45,42,53,38,41,47,35,45,43,42,40,47,38,51,43,43,47,48,37,39,45,45,56,44,48,46,38,45,44,43,38,38,47,42,46,47,42,46,49,49,56,39,36,42,40,43,42,40,37,50,38,44,49,50,46,42,46,41,37,42,38,44,43,41,43,43,43,47,47,41,38,39,43,43,43,39,38,38,43,42,40,44,42,44,42,39,42,42,44,48,46,35,51,38,44,47,46,51,41,44,41,43,39,39,33,46,44,42,41,43,30,56,38,45,43,43,32,42,49,45
34,35,33,40,31,43,32,33,40,39,31,35,38,43,38,38,35,35,34,29,29,26,43,53,25,24,45,26,18,44,34,31,33,37,31,39,32,30,36,33,26,42,39,34,33,43,37,34,24,25,41,47,24,23,39,37,33,40,41,33,26,25,42,0,34,30,36,46,23,20,45,32,36,40,31,35,33,36,37,34,31,43,39,36,46,44,35,33,43,41,41,28,42,39,33,35,42,35,31,34,37,40,38,37,36,36,42,39,51,31,37,34,24,33,24,35,31,41,33,43,42,35,38,32,38,28,30,29,25,33,33,37,34,32,26,36,34,42,31,32,36,39,39,31,34,33,38,34,24,40,41,37,29,37,34,25,32,35,33,35,47,31,32,38,34,47,32,37,24,37,29,39,32,33,35,24,29,41,33,51,31,37,36,33,26,25,37,38
17,24,26,26,30,46,32,41,27,32,20,35,24,34,31,24,30,18,26,33,18,31,30,46,30,22,32,31,39,39,26,38,42,18,31,28,27,24,29,10,31,31,26,20,19,46,40,21,31,18,43,37,28,35,24,16,26,48,32,18,31,26,42,34,0,20,30,31,29,27,41,15,19,42,18,18,17,20,13,33,17,30,27,22,32,39,12,29,31,35,48,37,35,33,22,40,33,24,28,21,40,47,27,40,31,35,30,26,42,38,25,27,22,14,25,24,24,46,20,33,30,26,22,31,27,31,24,26,23,25,33,19,40,32,27,37,26,31,30,16,31,36,30,30,18,20,31,27,31,33,27,24,26,29,17,26,39,41,34,26,33,36,32,28,33,50,34,23,22,18,37,28,26,34,38,25,31,30,36,42,30,27,32,34,28,26,31,26
20,25,25,24,25,43,24,38,28,24,21,24,31,31,28,29,24,21,16,29,7,23,36,46,23,26,36,23,35,36,31,41,40,19,22,23,24,24,18,19,23,30,24,21,19,37,42,24,30,20,45,43,27,30,25,16,21,46,38,26,23,23,40,30,20,0,30,36,34,26,43,19,12,39,15,20,14,13,18,28,15,35,24,19,34,36,16,32,33,34,46,33,34,29,28,43,26,23,20,8,34,45,26,38,22,34,39,25,43,43,25,21,26,10,22,20,13,41,21,30,37,31,21,27,25,34,17,22,26,22,34,25,34,33,25,32,31,30,24,23,29,33,24,25,4,10,29,21,32,33,28,33,22,28,22,23,30,38,27,30,38,37,31,33,30,46,33,20,26,18,41,25,25,37,32,22,32,31,33,43,22,22,31,37,27,23,29,25
26,35,37,9,37,43,40,40,42,36,26,28,23,44,28,23,36,18,34,32,29,34,33,51,33,41,27,34,40,30,11,51,34,33,31,38,32,32,33,27,34,43,11,27,37,38,44,26,39,38,44,41,34,41,34,25,31,43,33,40,34,39,49,36,30,30,0,29,41,40,41,29,17,43,30,31,20,31,21,31,35,27,37,35,31,30,26,38,44,20,41,31,24,27,41,39,32,35,38,23,33,46,28,36,34,23,33,13,43,47,33,34,41,24,37,37,32,38,25,43,31,24,31,38,29,37,34,36,41,36,23,27,44,37,40,25,17,43,37,40,37,43,34,37,27,30,45,34,38,43,40,27,36,42,38,38,30,34,28,44,33,47,37,32,33,42,35,36,41,25,47,39,33,40,43,37,33,43,36,43,37,38,32,36,38,38,22,38
26,42,44,25,46,51,43,51,44,43,26,42,31,52,33,33,46,36,36,42,37,40,22,34,40,46,6,40,47,33,27,54,47,35,42,43,36,36,42,31,40,49,29,28,41,34,48,28,45,42,44,38,41,45,37,26,40,39,27,43,40,43,47,46,31,36,29,0,47,45,42,28,32,41,40,35,30,35,28,38,39,36,38,39,24,34,31,47,51,20,38,40,20,35,45,45,37,42,39,36,32,58,31,30,36,39,40,25,47,54,43,39,46,32,42,41,39,34,34,51,38,21,33,44,32,47,39,40,46,42,38,37,47,43,43,37,29,49,46,43,44,50,40,46,38,38,49,39,47,52,44,33,40,46,40,43,45,51,40,50,34,52,43,35,40,45,43,40,46,28,54,45,40,43,48,42,42,50,39,45,46,42,41,41,48,43,29,40
37,31,31,36,33,44,34,41,39,35,32,37,36,42,37,36,29,36,34,32,29,23,46,57,22,23,47,23,27,45,36,28,42,35,28,32,35,30,34,31,23,41,41,37,28,43,35,36,17,22,44,44,18,26,28,37,36,41,46,27,23,27,45,23,29,34,41,47,0,26,44,34,36,41,28,33,33,34,38,34,28,42,39,34,47,45,35,29,40,45,41,27,44,36,30,37,41,31,30,37,43,45,35,45,34,39,40,36,49,16,35,29,23,33,26,33,38,39,36,41,40,41,36,34,35,9,38,22,23,31,34,35,36,37,28,38,36,41,33,25,30,37,32,33,37,33,37,29,13,37,38,34,22,36,29,27,40,41,37,32,44,32,37,35,32,42,35,35,23,37,24,38,36,33,34,26,17,40,38,49,33,35,35,33,31,27,40,38
32,22,18,36,18,46,23,35,26,28,28,38,40,30,34,40,22,34,21,25,29,20,46,56,19,7,46,20,26,47,40,35,37,23,22,30,28,24,26,22,20,30,36,32,14,43,41,31,25,19,45,49,23,22,29,29,37,43,45,30,20,12,42,20,27,26,40,45,26,0,49,30,28,44,31,20,29,27,29,35,16,46,26,28,45,47,29,24,28,45,43,32,45,35,30,40,30,24,28,27,43,51,34,43,28,38,47,36,54,35,20,24,6,29,6,16,35,41,37,30,47,41,28,19,34,29,34,21,7,26,36,20,35,38,13,38,40,28,18,26,23,33,30,18,27,29,25,24,25,30,25,41,21,18,9,10,36,35,37,20,49,35,38,40,35,47,36,28,7,28,32,25,36,36,39,6,28,25,42,54,18,17,40,36,18,4,40,26
41,42,44,39,53,48,46,48,51,49,42,26,38,54,36,35,51,49,46,52,38,46,38,41,45,43,42,46,50,41,36,50,54,45,49,44,48,48,43,45,46,54,40,43,38,36,40,48,46,43,6,20,41,49,46,50,39,28,36,38,46,49,53,45,41,43,41,42,44,49,0,45,48,37,35,47,45,48,50,36,40,37,51,42,40,41,47,54,56,38,40,39,38,35,40,42,42,42,42,47,30,47,40,30,41,40,43,39,33,49,45,36,43,44,47,43,42,40,43,54,41,39,47,54,39,42,40,44,44,45,50,49,53,21,50,39,36,54,53,35,52,57,49,53,46,40,54,36,44,53,50,42,44,52,39,48,31,48,20,45,32,48,22,32,37,50,20,43,43,47,47,49,37,33,52,47,41,56,42,32,53,47,14,33,51,48,31,50
14,26,28,24,30,45,27,38,28,30,16,30,28,35,30,30,30,17,23,28,27,29,28,45,29,30,30,29,37,37,30,44,42,22,29,30,20,20,24,16,29,33,24,12,26,39,43,20,37,25,47,47,33,32,25,16,34,48,32,32,29,27,38,32,15,19,29,28,34,30,45,0,19,39,29,19,17,20,17,30,24,30,26,24,28,37,12,32,33,33,46,35,33,28,36,41,32,26,20,23,39,47,29,39,29,35,32,24,50,44,26,22,30,17,26,25,31,41,28,34,30,23,22,27,29,37,31,27,30,26,31,20,29,35,27,35,30,33,30,29,27,35,24,30,23,23,32,22,37,37,29,28,27,29,26,27,35,38,30,32,39,42,34,36,30,48,36,25,30,18,40,30,34,38,27,26,36,34,33,50,30,28,34,36,29,27,26,26
20,22,24,18,27,48,27,40,29,23,19,29,30,33,32,30,25,14,21,27,22,25,34,50,26,28,30,25,40,33,24,46,37,20,22,25,24,17,20,14,25,33,18,21,25,40,47,20,36,26,51,48,30,34,21,14,28,48,36,27,25,25,41,36,19,12,17,32,36,28,48,19,0,45,22,18,4,15,19,36,23,34,26,22,34,33,16,32,33,29,46,34,29,31,28,44,25,22,25,10,39,43,32,42,25,33,38,19,51,45,25,21,28,8,24,24,28,40,22,32,38,29,21,26,31,37,30,24,29,23,26,19,34,41,27,30,26,33,26,22,25,31,21,27,14,14,32,21,38,32,27,32,24,29,25,25,33,40,33,30,40,42,40,39,36,48,40,23,28,12,46,24,30,44,34,24,33,33,34,51,26,25,37,42,29,25,24,27
40,36,38,39,46,48,42,39,43,42,39,37,35,51,30,35,44,44,38,43,39,42,39,48,42,46,40,42,46,36,38,54,42,39,44,40,41,41,39,39,42,50,39,41,40,32,39,42,47,34,41,34,43,45,40,44,42,40,31,42,42,44,47,40,42,39,43,41,41,44,37,39,45,0,39,43,43,39,45,19,42,45,45,38,38,36,41,45,49,35,40,37,33,34,42,47,39,36,26,43,32,56,30,32,37,32,46,41,42,48,41,35,46,41,42,39,43,36,46,52,46,35,38,46,31,45,42,39,47,39,44,45,47,40,44,37,38,50,46,28,44,51,43,46,41,37,46,35,47,50,41,36,39,45,39,43,42,39,35,45,43,50,40,35,15,47,40,39,46,43,52,44,41,39,49,42,46,50,42,40,46,43,36,37,47,43,34,45
27,24,26,26,34,40,27,41,32,34,29,25,26,35,28,24,33,21,25,30,10,29,40,44,28,26,39,29,35,37,26,38,43,26,33,22,31,28,25,26,29,36,26,28,15,39,31,29,28,20,40,33,24,32,22,30,10,43,42,28,29,30,35,31,18,15,30,40,28,31,35,29,22,39,0,28,17,30,30,26,19,30,35,23,36,37,21,33,36,37,44,33,37,27,29,40,24,24,22,20,33,40,26,38,28,32,34,26,35,37,24,20,26,13,28,22,16,41,16,36,32,35,28,35,26,29,20,23,27,26,31,30,35,30,31,30,26,36,34,17,34,31,30,34,16,7,33,20,30,36,30,28,23,33,20,29,32,41,24,23,34,34,28,23,28,46,28,24,26,29,38,29,14,32,34,28,27,37,25,35,34,28,23,32,30,29,32,35
21,18,20,26,11,52,28,38,18,27,21,32,32,28,32,32,11,24,16,31,24,28,35,51,28,14,35,28,41,39,32,42,43,14,28,24,26,21,28,12,28,28,26,21,13,43,44,25,35,26,49,47,32,32,20,21,34,47,35,30,27,13,45,35,18,20,31,35,33,20,47,19,18,43,28,0,16,22,21,34,11,38,26,15,35,39,19,17,25,35,47,34,35,32,32,46,31,18,25,22,41,54,32,41,27,37,38,26,52,42,16,21,17,16,17,7,30,43,28,27,38,30,24,13,32,35,30,25,19,11,33,10,36,38,12,37,32,28,10,26,12,36,17,10,22,22,22,21,35,23,18,32,25,19,23,18,37,38,34,19,41,42,38,38,34,47,40,15,17,21,42,20,34,40,38,17,35,27,39,52,11,22,38,40,15,17,30,26
18,22,24,17,29,45,25,38,29,21,18,29,27,34,31,27,25,15,21,27,19,23,32,46,23,29,28,23,37,31,21,43,41,20,22,23,22,17,18,14,23,33,17,19,25,38,44,18,31,26,48,43,27,32,19,11,25,45,34,32,23,23,43,33,17,14,20,30,33,29,45,17,4,43,17,16,0,11,12,34,23,31,23,22,32,31,10,32,34,27,43,30,27,29,33,41,25,22,25,8,37,46,31,40,25,36,35,17,48,42,27,21,26,4,24,22,25,38,19,33,35,27,19,29,31,32,27,22,29,23,27,21,34,38,27,35,23,33,26,27,28,33,21,29,12,10,32,21,33,34,27,29,22,29,26,25,36,38,30,28,37,39,37,34,34,46,37,23,29,9,43,26,27,41,32,24,28,33,37,48,26,25,34,39,31,25,22,24
23,20,20,28,25,54,20,37,28,22,25,38,44,34,29,44,22,24,23,29,36,32,37,44,33,27,33,32,42,42,38,46,44,24,30,15,25,25,22,22,32,33,30,25,23,38,44,23,40,19,47,46,37,36,11,28,36,44,39,35,32,25,42,36,20,13,31,35,34,27,48,20,15,39,30,22,11,0,29,28,25,50,32,24,39,42,26,24,32,38,40,28,38,31,34,46,26,20,20,23,42,41,29,39,32,35,50,28,54,43,25,18,27,23,22,20,40,36,36,34,50,32,6,26,30,35,44,17,27,23,30,27,37,48,25,38,40,33,25,24,23,33,23,25,27,23,28,18,38,28,26,44,17,28,27,23,37,37,41,29,50,44,48,43,28,41,44,25,27,26,46,26,40,44,36,22,35,32,38,54,25,19,45,42,27,23,35,30
19,27,30,22,32,51,32,31,29,38,22,38,34,38,32,36,32,12,25,31,16,29,31,45,28,30,27,29,41,35,28,47,36,23,30,27,25,26,28,19,29,35,22,20,26,44,49,23,37,24,52,47,33,26,25,6,35,52,35,33,29,27,40,37,13,18,21,28,38,29,50,17,19,45,30,21,12,29,0,35,24,43,27,25,33,35,12,34,38,31,48,35,31,32,35,47,31,26,26,21,43,47,31,41,31,33,41,22,54,47,29,28,30,10,27,27,25,44,29,37,41,28,31,32,31,39,29,28,31,30,27,23,28,43,29,33,30,36,32,24,32,32,25,32,19,16,35,28,39,36,30,34,28,32,32,28,38,33,39,30,43,45,43,38,35,42,45,30,30,10,47,31,39,45,22,27,37,36,31,54,32,30,43,43,32,29,28,27
27,27,29,26,37,41,29,35,34,35,26,23,30,42,19,26,35,35,29,36,26,35,37,45,35,37,35,35,43,40,34,46,42,30,37,31,27,30,30,30,35,41,30,28,31,31,33,31,44,25,40,35,36,35,31,33,39,39,32,35,35,35,47,34,33,28,31,38,34,35,36,30,36,19,26,34,34,28,35,0,33,38,36,29,30,40,32,36,40,36,39,25,36,23,36,37,28,27,17,34,29,50,19,29,26,24,33,28,41,47,32,26,37,30,33,30,39,35,43,43,39,30,28,37,20,40,38,30,38,30,28,36,37,30,35,25,38,41,37,19,35,38,34,37,30,26,37,26,42,41,32,31,30,36,30,34,30,35,21,36,40,42,29,26,4,44,29,30,37,30,49,35,38,32,34,33,39,41,35,41,37,34,25,30,38,34,29,36
26,18,17,31,15,45,29,38,25,29,26,32,31,28,31,31,15,28,11,31,15,28,40,50,27,10,39,28,37,42,31,35,42,16,27,25,30,26,26,17,28,27,31,25,4,41,35,27,28,19,42,40,25,31,25,26,27,47,40,21,28,13,38,31,17,15,35,39,28,16,40,24,23,42,19,11,23,25,24,33,0,37,28,20,40,42,23,21,27,40,47,36,40,32,23,39,30,19,24,17,40,50,30,40,25,36,37,31,45,37,10,21,10,23,17,11,21,45,27,26,37,35,28,18,30,30,21,25,12,19,36,10,38,29,14,35,31,28,15,19,18,35,20,15,17,23,26,21,28,24,20,31,25,16,14,18,36,36,33,12,40,35,29,31,33,49,33,17,10,26,35,20,27,33,39,17,30,29,33,45,15,21,31,33,6,17,35,28
31,42,44,24,50,28,47,52,49,51,33,39,16,53,34,14,49,33,43,47,30,43,39,51,42,42,36,43,39,36,20,38,47,40,46,47,37,41,47,36,43,52,24,32,39,43,41,35,46,38,40,34,38,48,45,41,26,43,37,34,43,46,51,43,30,35,27,36,42,46,37,30,34,45,30,38,31,50,43,38,37,0,49,42,37,36,35,51,53,32,41,42,32,34,35,32,44,42,43,40,33,49,32,38,46,37,10,22,38,37,46,42,42,29,44,44,24,43,20,52,4,31,50,51,34,41,22,44,43,43,37,40,53,37,47,35,16,52,50,39,50,56,43,50,38,35,51,42,42,53,47,20,44,49,39,45,41,48,35,50,17,34,36,28,38,51,34,43,42,39,40,46,24,37,52,44,43,52,37,38,50,47,31,35,48,45,27,49
27,26,27,32,33,57,25,38,24,35,24,38,39,31,32,40,30,31,27,31,36,27,41,52,29,28,40,27,44,40,38,49,45,25,28,30,25,26,27,24,27,30,32,27,28,43,46,20,35,26,53,50,36,34,30,25,41,51,42,32,27,26,43,39,27,24,37,38,39,26,51,26,26,45,35,26,23,32,27,36,28,49,0,26,41,40,26,31,35,41,48,37,41,31,32,48,30,27,28,24,42,50,31,41,27,37,50,32,55,48,31,28,27,25,25,27,38,44,39,29,50,37,30,29,31,36,38,30,28,27,35,30,37,42,27,37,38,29,29,35,29,39,24,33,25,26,24,28,36,33,23,40,30,25,24,26,43,37,38,32,49,48,42,40,36,45,44,26,28,26,50,28,41,44,38,26,34,33,40,55,30,25,42,43,35,26,37,4
23,17,19,30,14,51,24,39,21,31,25,27,36,22,25,36,14,30,15,31,23,27,37,44,27,23,39,27,47,39,36,43,42,12,27,20,27,24,22,14,27,21,30,25,16,42,41,25,34,25,46,44,31,38,23,25,29,44,37,32,27,16,43,36,22,19,35,39,34,28,42,24,22,38,23,15,22,24,25,29,20,42,26,0,39,39,25,21,24,39,48,35,39,25,34,47,33,17,20,21,36,48,27,34,24,30,44,30,47,43,11,18,23,22,16,14,29,44,32,22,44,32,26,19,27,36,29,24,27,11,34,14,36,37,21,34,36,24,18,21,15,34,11,18,21,19,22,18,36,21,22,38,24,21,20,22,34,39,29,19,45,43,37,35,29,44,37,13,23,25,43,22,29,39,39,16,34,26,34,47,18,20,33,39,27,21,34,27
28,42,44,27,46,51,41,44,45,43,22,38,32,52,33,30,46,34,38,42,33,42,18,44,42,46,24,42,48,30,30,55,43,37,44,47,38,36,40,31,42,50,31,29,42,36,47,32,45,41,42,38,43,46,41,30,43,38,24,43,42,43,47,46,32,34,31,24,47,45,40,28,34,38,36,35,32,39,33,30,40,37,41,39,0,28,31,47,50,25,40,42,27,33,47,49,37,42,38,38,31,57,31,31,38,39,39,29,42,51,43,37,46,30,42,41,41,38,37,51,37,27,38,44,32,47,39,41,46,42,42,37,50,41,43,37,32,50,46,40,44,49,40,46,36,36,48,37,47,53,45,34,41,46,40,43,41,44,36,48,27,53,40,36,34,42,40,40,46,26,55,46,41,39,48,42,40,50,41,42,46,44,38,37,47,43,27,43
36,40,42,24,48,50,43,47,47,37,34,37,35,51,35,35,46,36,38,43,37,39,32,50,39,48,34,39,49,4,29,56,45,35,42,41,38,37,38,35,39,50,20,37,42,35,48,32,44,45,47,41,40,46,39,34,37,40,28,42,39,45,48,44,39,36,30,34,45,47,41,37,33,36,37,39,31,42,35,40,42,36,40,39,28,0,33,50,52,24,39,38,20,31,42,46,36,40,41,36,34,54,35,38,36,39,42,22,44,55,44,37,48,33,43,41,37,37,35,50,40,33,40,46,36,42,39,41,48,42,41,42,52,42,45,39,25,50,48,44,44,53,38,48,38,35,49,37,44,52,46,39,41,46,42,44,45,47,36,48,34,54,42,38,38,47,44,40,48,34,56,44,39,45,54,43,40,51,45,44,48,42,38,45,50,44,29,41
21,24,26,21,30,52,24,38,30,31,19,34,27,36,34,29,28,7,22,30,24,32,33,47,32,29,33,32,40,33,27,44,43,23,33,27,23,22,27,17,32,34,21,21,25,43,46,21,40,23,51,41,36,31,21,13,29,49,37,33,32,27,37,35,12,16,26,31,35,29,47,12,16,41,21,19,10,26,12,32,23,35,26,25,31,33,0,32,36,29,47,35,29,32,33,48,29,24,23,19,37,42,30,43,29,39,35,21,48,42,27,23,29,12,26,25,28,43,23,35,33,30,22,30,30,38,30,23,30,27,25,21,33,40,27,31,27,34,30,27,28,34,24,30,17,18,31,23,40,35,29,25,23,31,28,27,41,35,34,28,37,42,40,30,32,49,42,27,29,15,44,29,31,42,33,26,38,35,37,48,30,30,38,40,30,27,26,25
33,21,21,40,18,54,25,28,16,30,31,42,45,24,36,45,20,31,24,32,35,30,47,57,29,21,47,30,41,50,45,42,40,25,32,23,31,25,26,22,30,25,40,34,19,47,43,32,35,26,51,54,33,33,20,35,39,49,47,35,30,13,39,33,29,32,38,47,29,24,54,32,32,45,33,17,32,24,34,36,21,51,31,21,47,50,32,0,20,49,47,33,49,38,35,46,33,19,27,32,47,52,36,45,31,34,51,40,59,38,14,31,21,32,18,16,41,44,41,24,51,42,26,15,36,31,41,28,25,12,33,15,40,43,16,36,45,25,18,27,17,39,14,18,32,30,21,31,33,18,21,45,28,20,22,18,35,28,41,21,54,42,43,45,36,37,42,15,21,35,40,25,39,42,42,18,31,23,37,59,18,21,45,42,23,18,44,31
35,27,26,42,26,59,31,42,22,37,36,43,47,11,40,47,24,38,26,36,36,37,49,59,37,27,51,37,48,52,47,50,47,26,37,29,36,30,29,26,37,18,42,34,27,52,46,38,42,32,54,55,40,42,28,35,42,54,49,37,37,25,45,43,31,33,44,51,40,28,56,33,33,49,36,25,34,32,38,40,27,53,35,24,50,52,36,20,0,51,56,41,51,40,37,52,39,27,31,33,51,53,42,49,36,42,54,42,59,49,23,33,26,34,24,26,42,52,43,11,54,44,34,23,42,41,42,33,28,25,42,22,44,48,26,44,47,16,25,32,22,42,27,26,33,33,21,33,42,22,24,48,33,19,28,24,41,41,43,25,56,50,48,46,40,49,45,26,27,35,50,25,42,46,46,24,41,13,41,59,25,29,47,46,29,23,45,36
32,38,40,18,46,49,41,51,46,41,28,36,22,51,33,22,44,32,38,43,35,38,27,44,38,46,20,38,46,26,15,55,44,37,40,41,36,36,38,31,38,50,22,33,42,28,42,34,45,43,42,34,39,45,37,30,37,39,28,45,38,43,45,41,35,34,20,20,45,45,38,33,29,35,37,35,27,38,31,36,40,32,41,39,25,24,29,49,51,0,32,36,6,35,45,45,38,38,41,34,28,51,33,32,34,37,38,20,41,52,44,37,46,29,41,41,36,28,31,50,36,25,38,44,34,43,38,39,46,40,39,38,47,40,43,33,19,50,46,44,42,51,38,46,36,35,49,37,45,52,45,26,39,46,42,42,41,51,34,48,30,53,40,30,38,45,38,40,46,30,54,44,39,39,47,41,40,50,44,39,46,42,34,35,48,42,25,42
46,42,42,37,47,44,47,53,49,45,41,47,41,57,42,41,45,47,44,43,45,40,42,50,39,44,38,40,38,39,37,48,45,49,43,44,45,42,45,45,40,56,40,46,47,17,41,44,45,43,40,39,39,46,40,46,48,28,38,49,40,43,56,41,48,46,41,38,41,43,40,46,46,40,44,47,43,40,48,39,47,41,48,48,40,39,47,47,56,32,0,35,30,41,47,18,47,42,43,47,37,55,42,39,37,46,45,39,48,45,49,43,44,45,42,47,48,11,48,57,45,38,43,48,42,45,48,39,44,45,47,49,50,46,44,44,39,56,47,44,46,52,44,47,49,45,50,43,47,53,48,43,39,49,50,43,46,53,43,48,40,46,46,42,41,49,44,49,44,46,46,49,48,41,51,42,40,55,50,48,47,47,44,39,47,43,37,49
33,30,30,26,31,43,34,33,36,26,32,30,34,42,28,34,27,36,34,27,33,24,42,52,24,31,40,24,35,38,34,43,36,36,28,32,32,33,35,34,24,43,26,33,36,34,39,35,36,33,38,42,28,25,28,34,42,33,38,36,24,31,44,28,37,33,31,40,27,32,39,35,34,37,33,34,30,28,35,25,36,42,37,35,42,38,35,33,41,36,35,0,36,29,37,36,31,30,29,35,34,41,28,36,28,33,41,25,49,39,37,31,31,30,29,34,44,30,42,41,43,35,29,33,27,31,44,26,32,33,33,37,34,33,31,34,34,43,31,32,29,36,34,31,35,30,33,31,35,39,34,35,26,35,38,29,32,33,28,37,45,41,33,35,25,44,31,36,31,34,43,35,40,33,31,28,30,42,44,49,31,33,32,33,32,29,32,37
32,38,40,16,46,49,41,49,46,41,28,38,25,51,31,25,44,32,38,43,35,38,29,44,38,46,20,38,45,22,20,55,40,37,40,41,36,36,38,31,38,50,20,33,42,26,43,34,45,43,42,34,38,45,37,30,37,36,25,44,38,43,48,42,35,34,24,20,44,45,38,33,29,33,37,35,27,38,31,36,40,32,41,39,27,20,29,49,51,6,30,36,0,35,44,45,38,38,41,34,28,56,31,32,34,37,38,20,43,51,44,37,46,29,41,41,36,26,31,50,36,23,38,44,33,43,38,39,46,40,39,38,46,41,43,35,20,50,46,44,42,51,38,46,36,35,49,37,45,52,45,29,39,46,42,42,43,49,36,48,30,53,41,33,36,45,41,40,46,30,53,44,39,40,47,41,40,50,44,41,46,42,37,38,48,42,25,42
27,27,29,24,37,40,30,35,35,32,23,22,30,41,20,30,37,34,29,30,29,29,37,41,29,36,37,29,45,31,26,48,41,26,32,31,29,30,26,24,29,41,20,29,30,33,35,25,38,32,39,41,31,35,33,31,35,37,31,31,29,34,46,39,33,29,27,35,36,35,35,28,31,34,27,32,29,31,32,23,32,34,31,25,33,31,32,38,40,35,41,29,35,0,37,32,26,27,27,29,33,47,24,29,25,23,38,20,44,50,30,23,36,31,32,28,38,37,39,41,38,28,29,36,24,40,34,30,36,30,32,34,36,32,34,27,26,41,37,29,36,38,32,37,31,27,38,23,40,43,35,34,30,36,30,33,29,35,22,36,43,44,32,28,23,46,30,26,36,29,50,35,31,29,34,32,38,41,34,44,37,30,26,29,39,33,24,30
37,30,30,34,34,40,34,38,36,37,37,34,36,36,34,36,34,36,32,33,26,30,47,57,29,26,47,30,34,42,36,26,44,28,34,32,34,29,31,28,30,35,36,37,25,41,39,37,26,24,40,39,29,33,34,35,23,44,44,4,30,30,38,33,22,28,41,45,30,30,40,36,28,42,29,32,33,34,35,36,23,35,32,34,47,42,33,35,37,45,47,37,44,37,0,30,37,30,33,27,43,44,35,45,23,38,37,36,45,28,32,23,26,33,29,30,24,45,25,36,37,39,38,35,35,26,22,21,27,36,39,34,42,29,31,38,36,38,34,22,35,42,36,34,27,31,36,22,26,37,34,38,22,33,28,30,36,41,33,33,44,26,29,30,33,53,31,34,26,33,27,36,21,27,37,29,28,37,38,45,34,36,31,27,32,30,40,32
39,43,41,36,44,28,45,48,48,49,37,46,34,54,38,36,46,47,41,38,38,37,49,53,36,36,45,37,31,46,30,30,43,48,40,43,41,41,45,44,37,53,34,39,41,16,36,37,40,36,38,40,32,43,41,47,36,42,47,28,37,40,45,35,40,43,39,45,37,40,42,41,44,47,40,46,41,46,47,37,39,32,48,47,49,46,48,46,52,45,18,36,45,32,30,0,54,43,42,42,48,48,40,46,39,41,34,36,47,35,48,42,36,45,39,46,34,16,36,54,34,42,46,45,41,44,34,40,37,44,44,48,46,36,41,45,32,53,44,38,47,50,43,44,46,45,48,42,42,50,48,36,40,47,44,40,41,44,42,47,40,28,36,36,39,41,34,48,36,47,33,48,36,29,47,39,40,50,41,47,44,42,38,27,42,40,42,49
27,28,29,28,30,55,24,35,34,4,30,33,38,36,26,36,28,35,30,24,27,17,41,46,17,31,41,17,48,36,39,46,45,29,15,29,29,32,26,29,17,37,26,28,28,41,42,29,42,32,48,40,40,39,28,34,31,44,41,37,17,29,44,42,33,26,32,37,41,30,42,32,25,39,24,31,25,26,31,28,30,44,30,33,37,36,29,33,39,38,47,31,38,26,37,54,0,28,25,24,33,46,23,37,29,31,48,28,42,43,30,24,31,27,28,27,34,43,33,35,46,36,28,32,24,40,32,22,32,26,31,34,35,41,30,27,37,35,30,27,30,38,32,30,26,23,35,24,42,39,33,40,22,33,24,30,35,33,32,32,41,45,40,34,30,44,42,24,31,32,51,33,29,40,34,28,38,37,31,42,30,29,36,42,29,28,29,33
26,6,8,30,21,52,25,41,18,24,26,29,36,29,25,36,16,30,14,30,27,26,40,48,26,17,42,26,43,40,36,44,42,17,27,23,25,16,22,15,26,27,30,27,19,38,40,28,31,28,44,44,35,31,17,27,30,38,38,28,26,16,43,35,24,23,35,42,31,24,42,26,22,36,24,18,22,20,26,27,19,42,27,17,42,40,24,19,27,38,42,30,38,27,30,43,28,0,18,23,32,50,27,34,23,30,44,30,47,40,20,19,26,22,15,18,33,38,32,19,44,35,20,21,27,27,31,20,22,16,33,20,35,39,17,32,36,21,20,26,19,36,20,21,23,20,23,19,29,27,16,38,20,18,21,14,34,40,29,29,44,44,39,35,27,46,35,18,22,27,42,19,28,37,33,15,27,24,37,47,18,18,33,37,20,15,33,25
23,18,20,33,28,47,24,38,25,23,26,29,38,33,26,38,26,29,20,31,28,29,38,44,29,28,39,29,40,41,39,38,44,21,29,21,25,20,24,21,29,32,33,24,22,35,38,27,36,21,46,42,33,33,21,26,26,43,40,33,29,26,38,31,28,20,38,39,30,28,42,20,25,26,22,25,25,20,26,17,24,43,28,20,38,41,23,27,31,41,43,29,41,27,33,42,25,18,0,23,35,48,26,35,22,31,44,33,46,39,23,18,28,22,24,21,30,39,30,34,43,31,23,28,26,32,31,21,29,21,33,27,34,37,26,32,39,32,28,12,26,37,25,28,20,18,28,18,34,32,23,38,21,27,19,25,36,38,29,27,46,35,37,33,17,46,37,21,28,29,41,26,27,37,33,24,32,32,33,46,28,24,33,37,29,25,35,27
24,23,24,25,25,46,24,38,25,22,24,28,36,31,31,36,26,18,17,25,16,23,38,46,24,27,34,23,38,36,30,44,39,21,20,21,26,20,17,17,23,29,25,25,21,37,46,22,34,23,49,45,28,32,21,14,28,49,40,25,23,23,38,34,21,8,23,36,37,27,47,23,10,43,20,22,8,23,21,34,17,40,24,21,38,36,19,32,33,34,47,35,34,29,27,42,24,23,23,0,38,42,31,40,21,31,44,25,50,46,25,20,26,12,22,22,22,41,28,30,44,33,19,26,31,38,24,23,27,24,27,25,34,37,23,31,32,30,24,22,28,33,24,25,4,12,29,20,36,34,26,38,23,28,24,23,31,38,32,28,45,40,36,36,34,48,38,22,27,10,44,25,30,42,30,22,34,31,32,50,24,23,36,40,27,23,29,24
40,32,34,30,46,46,39,47,43,41,35,32,30,50,20,30,44,39,36,45,35,38,34,42,38,44,32,38,39,33,32,54,48,37,42,40,39,40,39,37,38,50,33,41,38,28,42,38,45,37,36,28,39,42,40,42,36,33,31,43,38,41,47,37,40,34,33,32,43,43,30,39,39,32,33,41,37,42,43,29,40,33,42,36,31,34,37,47,51,28,37,34,28,33,43,48,33,32,35,38,0,48,18,6,37,25,37,32,29,53,40,34,44,35,39,37,38,30,40,50,37,34,41,44,17,41,36,36,45,39,44,44,48,40,41,29,34,50,46,37,42,51,43,46,36,31,45,34,43,51,42,34,36,44,37,40,39,47,30,46,31,50,40,30,31,41,38,37,44,40,55,43,34,41,47,39,40,51,40,29,46,41,32,41,47,40,30,42
40,52,52,51,50,42,44,44,54,42,42,46,48,52,45,51,48,43,51,48,43,48,59,65,47,51,57,48,38,54,50,39,47,48,45,44,44,48,50,48,48,53,49,41,48,52,34,43,48,48,49,44,44,50,44,47,39,55,51,44,48,52,42,40,47,45,46,58,45,51,47,47,43,56,40,54,46,41,47,50,50,49,50,48,57,54,42,52,53,51,55,41,56,47,44,48,46,50,48,42,48,0,45,48,46,47,54,51,57,38,45,46,51,46,50,50,40,54,43,53,49,55,45,53,44,46,42,46,52,52,44,49,48,41,53,42,51,54,50,47,51,48,52,50,42,42,54,46,48,54,53,48,46,52,46,52,47,45,48,42,53,39,42,44,49,50,47,52,51,47,44,53,39,46,47,51,43,56,37,58,50,51,45,52,45,52,55,50
29,27,29,19,37,42,29,39,32,34,21,28,26,42,4,26,37,31,25,35,27,31,35,43,31,35,31,31,43,35,29,49,42,26,35,33,26,30,34,28,31,40,23,31,28,36,38,25,44,28,44,36,31,33,31,29,35,40,27,33,31,32,46,38,27,26,28,31,35,34,40,29,32,30,26,32,31,29,31,19,30,32,31,27,31,35,30,36,42,33,42,28,31,24,35,40,23,27,26,31,18,45,0,18,31,9,34,25,36,50,30,27,35,29,31,28,38,38,39,42,34,26,29,35,3,44,36,28,36,32,32,34,38,34,32,25,29,40,37,28,35,36,36,37,29,25,36,27,44,42,32,28,28,35,26,32,35,39,28,39,39,45,34,28,19,48,36,28,35,27,50,35,33,35,32,31,42,42,37,36,37,32,32,33,38,32,30,32
34,34,36,33,46,46,39,44,41,44,33,32,35,51,14,35,46,44,36,44,39,38,28,36,38,44,30,38,39,37,35,53,48,33,42,40,39,40,39,35,38,50,36,37,38,28,42,36,45,41,34,32,39,42,42,40,41,35,25,41,38,41,47,37,40,38,36,30,45,43,30,39,42,32,38,41,40,39,41,29,40,38,41,34,31,38,43,45,49,32,39,36,32,29,45,46,37,34,35,40,6,48,18,0,37,19,42,35,35,55,39,34,44,40,39,37,42,32,45,51,42,28,38,45,17,43,40,37,45,39,45,43,45,38,41,33,37,50,46,37,45,48,43,46,40,36,46,34,43,51,41,39,37,43,38,40,37,44,30,46,37,51,38,34,31,39,36,35,44,38,55,43,39,39,45,39,42,49,37,35,46,37,32,39,48,40,32,40
26,23,23,26,27,47,25,38,30,32,26,26,41,36,27,41,24,33,19,27,27,23,36,44,23,29,40,23,41,36,37,39,41,23,28,24,21,26,18,27,23,35,28,27,27,27,43,26,28,26,41,45,31,31,28,26,34,44,38,25,23,27,42,36,31,22,34,36,34,28,41,29,25,37,28,27,25,32,31,26,25,46,27,24,38,36,29,31,36,34,37,28,34,25,23,39,29,23,22,21,37,46,31,37,0,35,50,26,49,42,30,20,28,27,25,25,34,33,36,36,50,33,26,30,32,28,32,26,29,23,32,32,37,34,28,36,37,36,26,23,30,39,25,27,23,25,32,20,28,35,28,45,26,30,30,26,33,37,33,28,46,39,34,40,26,44,34,25,29,24,43,27,32,36,34,25,24,35,36,49,24,22,34,34,27,26,31,28
28,30,32,24,37,43,38,34,37,40,30,25,31,44,5,31,37,33,32,35,33,34,37,45,33,39,39,34,45,39,32,46,35,29,33,36,33,37,35,31,34,43,28,31,34,39,39,30,40,36,44,42,33,38,38,37,36,42,29,34,34,37,46,36,35,34,23,39,39,38,40,35,33,32,32,37,36,35,33,24,36,37,37,30,39,39,39,34,42,37,46,33,37,23,38,41,31,30,31,31,25,47,9,19,35,0,41,28,41,48,28,30,39,36,35,33,39,43,40,44,41,26,32,38,12,41,37,33,39,35,30,32,40,35,38,24,32,43,37,32,38,44,39,37,31,32,42,30,41,44,37,35,33,39,33,36,28,32,27,42,44,44,35,33,24,38,35,31,39,35,48,39,34,36,38,35,37,42,33,41,37,33,31,34,38,36,32,36
35,44,46,30,50,36,49,49,49,50,33,45,14,54,38,12,49,33,43,46,34,47,43,57,46,42,40,47,40,42,26,36,46,42,50,49,39,43,49,38,47,52,30,35,39,45,39,37,42,38,46,36,42,45,45,39,30,45,41,36,47,46,49,42,30,39,33,40,40,47,43,32,38,46,34,38,35,50,41,33,37,10,50,44,39,42,35,51,54,38,45,41,38,38,37,34,48,44,44,44,37,54,34,42,50,41,0,28,42,35,46,43,42,33,45,44,28,45,24,53,6,37,52,51,35,41,28,46,43,45,41,40,53,39,47,35,22,52,50,39,50,56,45,50,42,39,50,43,42,53,47,10,46,50,39,46,47,45,41,50,25,34,38,28,37,51,40,45,42,39,38,47,30,39,52,45,43,53,42,42,50,49,37,35,48,46,33,51
23,30,32,6,37,40,32,37,37,31,19,27,22,42,25,22,36,20,29,32,25,28,31,47,28,37,25,28,45,22,12,49,39,28,31,33,27,27,30,22,28,41,4,24,33,35,41,25,37,34,42,41,30,33,29,21,31,37,29,35,28,34,49,39,26,25,13,25,36,36,39,24,19,41,26,26,17,28,22,28,31,22,32,30,29,22,21,40,42,20,39,25,20,20,36,36,28,30,33,25,32,51,25,35,26,28,28,0,44,48,35,29,37,19,32,32,33,35,25,41,26,24,28,35,26,38,35,31,37,31,24,29,37,36,34,30,6,41,37,36,34,39,29,37,27,25,40,29,39,42,35,26,31,37,33,33,33,37,27,40,34,45,36,31,28,48,34,31,37,21,47,34,33,35,38,32,36,41,36,44,37,33,31,35,39,33,18,33
49,47,49,42,58,43,51,55,56,52,47,40,35,60,38,35,56,49,49,57,38,51,46,47,50,50,47,51,51,44,36,56,58,50,54,51,52,54,50,50,51,60,44,50,43,46,46,51,51,44,39,29,46,56,51,53,39,41,44,45,51,54,56,51,42,43,43,47,49,54,33,50,51,42,35,52,48,54,54,41,45,38,55,47,42,44,48,59,59,41,48,49,43,44,45,47,42,47,46,50,29,57,36,35,49,41,42,44,0,54,50,45,50,44,52,48,43,48,43,60,42,46,52,59,36,47,41,47,51,50,56,54,63,42,55,37,38,60,58,42,57,64,54,58,46,40,58,45,49,60,55,39,47,57,44,53,45,55,36,52,29,52,40,28,45,55,38,48,50,49,55,54,37,41,60,52,45,59,46,6,58,54,32,43,56,53,36,55
45,40,40,48,42,36,41,50,48,47,43,50,50,51,50,50,38,47,43,38,38,33,55,60,32,32,51,33,30,55,49,12,44,44,40,46,40,39,42,40,33,50,49,45,37,52,48,50,31,31,49,49,32,35,42,45,33,42,55,32,33,36,39,31,38,43,47,54,16,35,49,44,45,48,37,42,42,43,47,47,37,37,48,43,51,55,42,38,49,52,45,39,51,50,28,35,43,40,39,46,53,38,50,55,42,48,35,48,54,0,44,37,32,42,35,42,32,48,33,50,35,47,45,43,49,29,34,32,33,40,46,44,50,52,37,49,47,50,42,34,39,48,46,42,46,42,46,37,33,46,47,48,32,45,38,36,49,49,50,43,48,16,52,50,46,45,50,44,32,43,12,47,33,46,50,35,27,49,47,54,42,44,50,45,40,36,51,47
29,19,21,35,14,54,29,36,23,28,29,33,40,23,30,40,14,26,19,32,28,31,43,49,30,14,43,31,43,44,40,44,39,20,31,23,31,27,25,20,31,23,35,28,6,44,41,29,37,26,49,45,34,35,25,30,30,47,43,30,31,16,36,37,25,25,33,43,35,20,45,26,25,41,24,16,27,25,29,32,10,46,31,11,43,44,27,14,23,44,49,37,44,30,32,48,30,20,23,25,40,45,30,39,30,28,46,35,50,44,0,22,14,27,20,10,34,46,36,22,46,38,27,11,30,37,34,26,20,13,31,6,39,38,15,29,40,25,13,23,13,35,20,13,25,21,26,22,37,23,23,40,26,22,22,21,33,36,32,16,49,44,38,36,32,45,40,13,14,30,44,20,30,40,41,20,37,25,27,50,13,21,36,40,16,20,39,31
24,19,21,29,26,49,26,39,27,22,22,21,36,34,25,36,24,29,19,28,32,25,38,46,25,28,41,25,37,37,35,38,44,20,25,21,26,17,25,21,25,33,29,25,19,35,37,27,35,28,42,40,29,35,21,28,30,41,35,21,25,25,42,34,27,21,34,39,29,24,36,22,21,35,20,21,21,18,28,26,21,42,28,18,37,37,23,31,33,37,43,31,37,23,23,42,24,19,18,20,34,46,27,34,20,30,43,29,45,37,22,0,28,20,24,17,31,39,34,34,43,33,21,27,27,32,28,15,27,21,34,26,36,31,25,30,35,33,26,19,25,35,24,26,19,16,30,1,34,32,26,37,14,29,24,25,30,39,23,23,44,39,31,31,26,48,33,19,28,25,38,26,27,29,33,24,33,33,35,45,26,25,27,28,27,25,30,28
32,24,18,37,15,42,24,35,23,28,30,38,36,21,35,36,15,34,24,24,24,20,46,56,19,1,46,20,30,48,36,30,37,25,21,27,30,25,27,25,20,21,37,32,8,44,38,31,20,16,39,45,19,23,25,28,32,44,46,26,20,6,40,24,22,26,41,46,23,6,43,30,28,46,26,17,26,27,30,37,10,42,27,23,46,48,29,21,26,46,44,31,46,36,26,36,31,26,28,26,44,51,35,44,28,39,42,37,50,32,14,28,0,26,8,13,30,42,32,23,42,41,29,16,35,24,30,23,4,23,39,18,37,32,10,39,36,23,12,20,20,33,23,15,26,26,19,28,20,18,24,36,23,23,9,8,37,35,38,12,45,30,32,36,37,46,30,25,1,28,26,23,32,30,40,9,24,26,40,50,11,18,34,30,7,6,41,27
16,22,24,19,29,45,25,38,29,23,18,27,25,34,31,23,25,13,23,31,15,25,32,46,25,29,32,25,37,33,25,43,42,20,24,23,22,21,22,16,25,33,19,17,25,40,43,22,31,23,47,42,29,32,21,9,21,45,34,32,25,23,43,33,14,10,24,32,33,29,44,17,8,41,13,16,4,23,10,30,23,29,25,22,30,33,12,32,34,29,45,30,29,31,33,45,27,22,22,12,35,46,29,40,27,36,33,19,44,42,27,20,26,0,24,22,21,40,15,33,31,27,17,29,29,32,25,21,28,23,28,21,34,37,27,33,25,33,26,27,28,33,23,29,8,6,31,20,33,34,27,27,21,29,25,25,34,38,28,28,33,39,35,32,32,44,35,23,29,11,43,26,25,39,34,24,30,33,35,44,26,25,32,39,31,25,24,23
27,15,13,32,13,45,22,35,18,26,26,34,38,27,30,38,17,31,16,23,26,16,41,51,16,8,42,16,31,43,38,33,33,20,18,23,25,22,26,16,16,27,32,26,19,40,42,28,24,19,44,48,20,24,21,27,34,42,41,28,16,7,42,24,25,22,37,42,26,6,47,26,24,42,28,17,24,22,27,33,17,44,25,16,42,43,26,18,24,41,42,29,41,32,29,39,28,15,24,22,39,50,31,39,25,35,45,32,52,35,20,24,8,24,0,17,32,38,34,25,45,36,24,11,31,28,32,21,13,16,34,20,34,37,7,36,38,27,13,25,15,32,15,13,22,24,20,24,24,26,17,39,21,16,16,8,34,35,34,18,47,33,37,39,33,45,35,17,8,27,31,18,34,36,34,2,27,28,39,52,13,15,38,36,13,2,36,26
27,16,18,32,10,52,24,38,18,23,27,28,38,26,28,38,13,30,14,31,24,28,41,47,28,13,41,27,41,41,38,42,42,16,28,18,28,24,22,18,28,25,32,27,7,41,39,27,35,24,47,43,32,33,20,27,28,45,41,28,28,9,40,35,24,20,37,41,33,16,43,25,24,39,22,7,22,20,27,30,11,44,27,14,41,41,25,16,26,41,47,34,41,28,30,46,27,18,21,22,37,50,28,37,25,33,44,32,48,42,10,17,13,22,17,0,30,43,34,25,44,36,22,10,28,35,30,23,15,9,35,16,37,36,6,33,38,26,11,22,13,35,17,11,22,16,19,17,35,23,19,38,23,19,19,18,35,38,30,17,47,42,36,34,30,47,38,9,10,27,42,19,28,38,37,17,35,26,33,48,11,16,34,38,14,17,36,27
32,37,38,34,36,34,36,44,39,43,35,38,28,40,40,28,38,27,31,37,8,31,39,47,30,30,39,31,32,37,26,32,41,29,35,33,37,36,33,29,31,39,33,33,25,42,41,36,34,25,44,42,31,37,35,21,12,47,42,22,31,34,37,31,24,13,32,39,38,35,42,31,28,43,16,30,25,40,25,39,21,24,38,29,41,37,28,41,42,36,48,44,36,38,24,34,34,33,30,22,38,40,38,42,34,39,28,33,43,32,34,31,30,21,32,30,0,46,12,39,26,33,44,39,38,32,4,37,31,32,43,34,41,33,35,37,26,39,36,27,41,44,34,36,18,21,43,31,30,40,40,30,37,38,27,33,39,45,39,39,38,28,33,33,39,51,35,30,30,25,32,39,16,35,38,32,36,40,35,43,36,37,33,36,34,33,32,38
42,38,38,33,42,44,43,50,45,41,37,41,39,53,38,39,40,44,40,38,42,36,39,48,36,42,34,36,38,38,35,53,42,45,36,40,39,38,41,41,36,52,36,42,45,6,39,40,43,41,40,38,37,42,36,42,46,35,37,47,36,40,50,41,46,41,38,34,39,41,40,41,40,36,41,43,38,36,44,35,45,43,44,44,38,37,43,44,52,28,11,30,26,37,45,16,43,38,39,41,30,54,38,32,33,43,45,35,48,48,46,39,42,40,38,43,46,0,46,53,45,36,36,42,37,43,46,35,42,41,42,46,43,42,40,41,37,52,42,42,40,46,40,42,43,40,46,39,45,50,44,41,35,45,47,39,42,50,39,45,41,51,43,40,37,48,41,45,42,42,50,45,46,39,43,38,38,51,45,48,42,43,41,37,44,39,36,45
26,32,34,27,40,36,39,45,39,44,31,41,20,43,41,20,39,17,33,39,14,33,35,49,32,32,35,33,34,35,18,32,39,30,37,35,36,33,33,26,33,42,26,27,29,46,42,32,35,26,46,43,33,38,33,29,6,48,39,24,33,36,38,33,20,21,25,34,36,37,43,28,22,46,16,28,19,36,29,43,27,20,39,32,37,35,23,41,43,31,48,42,31,39,25,36,33,32,30,28,40,43,39,45,36,40,24,25,43,33,36,34,32,15,34,34,12,46,0,42,22,28,40,41,39,30,16,36,33,33,37,30,40,37,37,39,18,42,40,29,40,44,33,40,24,21,41,34,31,43,37,22,36,39,29,35,43,46,43,40,31,28,37,34,42,51,37,33,32,31,34,36,10,37,40,34,36,42,35,43,40,35,34,38,38,35,28,39
37,20,22,41,25,59,29,43,19,33,37,44,46,4,42,46,25,37,18,37,33,36,51,61,36,24,51,36,48,50,46,50,46,22,36,29,36,34,30,23,36,10,41,37,26,52,48,36,42,32,53,56,39,42,30,36,42,56,51,35,36,24,44,43,33,30,43,51,41,30,54,34,32,52,36,27,33,34,37,43,26,52,29,22,51,50,35,24,11,50,57,41,50,41,36,54,35,19,34,30,50,53,42,51,36,44,53,41,60,50,22,34,23,33,25,25,39,53,42,0,53,46,36,24,42,42,39,35,23,28,42,24,47,44,25,43,46,10,24,32,25,45,26,25,30,33,28,34,42,24,17,47,35,24,20,23,43,42,44,23,55,50,44,47,43,52,44,26,24,36,49,15,42,45,50,25,42,16,44,60,24,26,45,45,23,24,45,31
33,44,46,28,50,32,49,49,49,50,33,43,20,54,38,18,49,31,43,46,32,47,41,53,46,42,38,47,40,40,24,36,48,42,50,49,39,43,49,38,47,52,28,33,39,45,39,37,42,38,44,34,42,46,45,39,28,47,41,36,47,46,49,42,30,37,31,38,40,47,41,30,38,46,32,38,35,50,41,39,37,4,50,44,37,40,33,51,54,36,45,43,36,38,37,34,46,44,43,44,37,49,34,42,50,41,6,26,42,35,46,43,42,31,45,44,26,45,22,53,0,33,52,51,36,39,26,46,43,45,39,40,53,39,47,35,20,52,50,39,50,56,45,50,40,37,50,43,40,53,47,16,46,50,39,46,45,45,39,50,21,34,38,28,39,49,38,45,42,39,38,47,28,39,50,45,43,53,38,42,50,49,35,37,48,46,31,51
17,35,37,20,41,44,38,40,39,43,25,29,29,47,22,29,41,32,35,41,33,35,17,37,35,41,19,35,47,32,27,48,39,28,37,34,32,33,35,26,35,45,24,21,37,34,44,29,42,40,41,43,35,40,34,27,34,41,17,35,35,38,50,35,26,31,24,21,41,41,39,23,29,35,35,30,27,32,28,30,35,31,37,32,27,33,30,42,44,25,38,35,23,28,39,42,36,35,31,33,34,55,26,28,33,26,37,24,46,47,38,33,41,27,36,36,33,36,28,46,33,0,34,40,28,38,36,38,42,35,36,32,39,38,38,36,29,45,41,36,40,42,35,41,33,33,44,33,38,47,39,31,38,40,37,37,32,40,27,43,35,46,38,40,30,46,38,33,41,29,44,39,37,37,37,36,41,43,35,46,41,33,36,35,42,37,24,36
24,20,20,28,27,56,20,32,30,22,23,33,40,36,29,42,24,19,25,28,31,23,37,44,23,29,36,23,44,40,38,48,45,24,23,17,24,27,26,22,23,35,28,25,26,38,43,26,44,21,46,45,37,37,13,26,40,47,39,39,23,25,46,38,22,21,31,33,36,28,47,22,21,38,28,24,19,6,31,28,28,50,30,26,38,40,22,26,34,38,43,29,38,29,38,46,28,20,23,19,41,45,29,38,26,32,52,28,52,45,27,21,29,17,24,22,44,36,40,36,52,34,0,27,29,39,44,20,30,25,28,29,38,44,27,33,38,35,27,23,24,32,25,27,17,15,30,21,42,31,28,42,20,30,30,25,32,32,36,31,48,46,43,38,28,41,39,27,29,26,48,28,40,41,37,24,37,34,34,52,27,21,40,39,29,25,35,29
31,21,19,35,4,51,29,34,21,30,30,38,45,26,36,45,10,31,19,26,33,24,45,55,22,16,44,21,38,46,45,39,35,24,20,27,33,28,29,22,24,27,35,31,20,44,47,32,32,27,50,54,30,28,25,30,41,48,45,35,24,8,42,32,31,27,38,44,34,19,54,27,26,46,35,13,29,26,32,37,18,51,29,19,44,46,30,15,23,44,48,33,44,36,35,45,32,21,28,26,44,53,35,45,30,38,51,35,59,43,11,27,16,29,11,10,39,42,41,24,51,40,27,0,35,36,39,24,18,15,37,12,36,43,7,38,45,27,8,31,6,32,19,8,26,29,26,27,32,22,22,45,24,19,21,11,35,34,38,24,54,39,43,45,37,47,41,15,14,30,39,18,41,41,36,11,36,28,41,59,8,23,45,41,12,11,39,31
29,27,29,22,37,43,31,39,32,34,23,28,27,42,7,27,37,31,25,35,27,31,36,44,31,35,32,31,43,36,30,48,42,26,35,33,27,31,34,28,31,40,25,31,28,35,38,25,44,28,43,35,31,33,31,29,35,40,29,33,31,32,46,38,27,25,29,32,35,34,39,29,31,31,26,32,31,30,31,20,30,34,31,27,32,36,30,36,42,34,42,27,33,24,35,41,24,27,26,31,17,44,3,17,32,12,35,26,36,49,30,27,35,29,31,28,38,37,39,42,36,28,29,35,0,44,36,28,36,32,32,34,38,34,32,25,31,40,37,28,35,36,36,37,29,25,36,27,44,42,32,29,28,35,26,32,35,39,28,39,39,44,34,28,21,48,36,28,35,27,49,35,33,35,32,31,42,42,37,36,37,32,32,34,38,32,30,32
34,25,27,41,35,47,39,40,34,37,32,38,34,43,44,34,30,39,33,34,30,25,42,53,24,25,47,25,33,42,34,35,43,38,30,39,32,33,36,34,25,42,38,34,30,47,37,34,8,25,44,42,20,29,35,30,30,41,45,30,25,28,41,28,31,34,37,47,9,29,42,37,37,45,29,35,32,35,39,40,30,41,36,36,47,42,38,31,41,43,45,31,43,40,26,44,40,27,32,38,41,46,44,43,28,41,41,38,47,29,37,32,24,32,28,35,32,43,30,42,39,38,39,36,44,0,32,27,24,33,38,37,38,37,30,35,32,43,34,27,32,37,39,35,38,32,32,32,4,40,33,32,27,32,31,27,39,42,34,33,42,39,37,33,40,44,35,37,25,30,21,35,30,35,31,28,10,41,38,47,34,30,33,37,33,28,37,35
34,37,38,36,36,34,34,44,39,41,33,36,26,40,38,26,38,29,31,35,12,31,41,49,30,30,41,31,32,39,28,30,41,27,35,33,35,32,35,27,31,39,35,35,25,42,41,38,34,25,42,40,31,37,37,25,16,43,38,20,31,34,37,30,24,17,34,39,38,34,40,31,30,42,20,30,27,44,29,38,21,22,38,29,39,39,30,41,42,38,48,44,38,34,22,34,32,31,31,24,36,42,36,40,32,37,28,35,41,34,34,28,30,25,32,30,4,46,16,39,26,36,44,39,36,32,0,35,31,32,43,34,42,31,35,35,28,39,36,27,41,44,34,36,22,25,43,28,30,40,40,30,35,38,27,33,37,45,37,39,36,26,31,31,38,51,33,30,30,27,32,39,12,33,39,32,34,40,37,41,36,37,31,34,34,33,30,37
29,19,18,31,24,47,22,40,26,20,27,31,38,34,28,38,22,29,25,25,33,21,43,49,21,23,42,21,34,41,37,34,41,26,21,21,27,19,27,24,21,34,31,28,23,39,40,30,29,21,44,42,25,29,18,28,34,34,41,25,21,22,42,29,26,22,36,40,22,21,44,27,24,39,23,25,22,17,28,30,25,44,30,24,41,41,23,28,33,39,39,26,39,30,21,40,22,20,21,23,36,46,28,37,26,33,46,31,47,32,26,15,23,21,21,23,37,35,36,35,46,38,20,24,28,27,35,0,23,23,35,28,36,39,22,34,37,34,24,20,22,35,25,24,22,19,29,14,29,31,25,40,1,27,28,22,34,40,31,25,46,34,39,33,30,50,35,25,23,25,34,26,32,31,33,21,29,33,38,47,24,27,35,30,26,22,34,28
33,20,16,37,17,43,24,38,24,28,30,39,37,23,36,37,17,35,18,26,25,20,47,57,19,5,46,20,31,48,37,31,38,23,22,32,31,26,27,27,20,23,37,33,10,44,39,31,20,16,40,46,20,24,32,30,33,45,47,27,20,10,38,25,23,26,41,46,23,7,44,30,29,47,27,19,29,27,31,38,12,43,28,27,46,48,30,25,28,46,44,32,46,36,27,37,32,22,29,27,45,52,36,45,29,39,43,37,51,33,20,27,4,28,13,15,31,42,33,23,43,42,30,18,36,24,31,23,0,25,40,22,38,33,12,40,37,19,16,20,22,34,28,17,26,28,27,28,20,22,26,37,22,20,6,12,37,36,38,13,46,31,33,37,38,49,31,27,5,30,27,23,33,31,41,12,24,22,41,51,13,19,35,31,15,13,41,28
26,14,16,31,8,50,25,37,22,32,28,30,37,26,30,37,8,31,16,31,26,27,40,49,27,23,42,27,45,42,37,40,42,17,27,19,27,20,17,17,27,26,31,27,15,41,42,30,33,22,45,47,31,34,20,26,32,43,40,36,27,11,44,33,25,22,36,42,31,26,45,26,23,39,26,11,23,23,30,30,19,43,27,11,42,42,27,12,25,40,45,33,40,30,36,44,26,16,21,24,39,52,32,39,23,35,45,31,50,40,13,21,23,23,16,9,32,41,33,28,45,35,25,15,32,33,32,23,25,0,34,14,41,40,19,37,37,24,21,22,19,37,10,21,24,22,20,21,33,23,21,39,23,22,10,21,33,35,32,21,46,40,40,38,30,44,36,6,23,26,40,21,32,38,41,16,31,23,38,50,21,21,36,38,24,19,35,27
32,33,34,22,34,50,34,35,38,32,28,35,33,42,32,33,33,23,33,29,34,34,43,51,33,39,38,34,38,41,30,47,41,31,31,34,17,22,32,32,34,40,26,32,36,40,44,29,41,37,53,48,34,37,33,31,39,48,43,40,34,36,43,33,33,34,23,38,34,36,50,31,26,44,31,33,27,30,27,28,36,37,35,34,42,41,25,33,42,39,47,33,39,32,39,44,31,33,33,27,44,44,32,45,32,30,41,24,56,46,31,34,39,28,34,35,43,42,37,42,39,36,28,37,32,38,43,35,40,34,0,29,37,40,37,29,34,40,34,30,36,42,30,34,28,30,38,34,39,38,36,35,35,39,38,35,34,35,34,39,47,44,39,36,28,45,41,35,39,31,46,36,37,38,37,34,38,41,36,56,34,38,38,37,36,35,38,36
23,21,23,29,14,54,33,36,23,32,23,37,34,25,34,34,14,20,21,32,28,31,37,53,30,18,37,31,43,42,34,44,39,18,31,29,29,24,31,14,31,26,29,22,12,46,46,27,37,28,51,49,34,35,25,24,36,49,37,32,31,16,41,37,19,25,27,37,35,20,49,20,19,45,30,10,21,27,23,36,10,40,30,14,37,42,21,15,22,38,49,37,38,34,34,48,34,20,27,25,44,49,34,43,32,32,40,29,54,44,6,26,18,21,20,16,34,46,30,24,40,32,29,12,34,37,34,28,22,14,29,0,40,40,15,33,34,27,17,27,15,37,20,17,25,27,27,26,37,23,22,34,28,22,26,21,35,36,36,20,43,44,40,40,36,45,42,19,18,24,44,21,36,42,43,20,37,26,33,54,17,27,40,42,20,20,33,30
33,38,34,37,36,56,36,38,40,31,35,37,47,46,36,47,38,37,37,27,36,30,48,55,30,36,46,30,40,52,46,46,42,35,28,38,29,33,39,35,30,47,38,32,38,42,39,35,37,39,50,56,36,26,34,32,36,53,47,42,29,36,43,34,40,34,44,47,36,35,53,29,34,47,35,36,34,37,28,37,38,53,37,36,50,52,33,40,44,47,50,34,46,36,42,46,35,35,34,34,48,48,38,45,37,40,53,37,63,50,39,36,37,34,34,37,41,43,40,47,53,39,38,36,38,38,42,36,38,41,37,40,0,48,35,40,45,46,35,39,36,20,37,34,34,33,38,36,36,46,40,48,36,38,44,34,40,41,39,35,56,44,48,49,39,45,43,41,37,30,48,40,45,42,6,35,38,45,43,63,36,39,46,43,37,35,41,37
32,39,39,34,42,41,40,40,43,38,34,23,31,45,32,29,44,41,35,40,28,37,42,52,36,32,43,37,42,42,32,48,37,38,40,39,38,39,36,38,37,44,34,33,31,36,30,35,35,34,21,35,32,38,41,44,35,37,38,25,37,38,43,32,32,33,37,43,37,38,21,35,41,40,30,38,38,48,43,30,29,37,42,37,41,42,40,43,48,40,46,33,41,32,29,36,41,39,37,37,40,41,34,38,34,35,39,36,42,52,38,31,32,37,37,36,33,42,37,44,39,38,44,43,34,37,31,39,33,40,40,40,48,0,39,33,32,44,42,30,45,45,42,42,36,35,43,31,35,43,43,33,39,42,32,38,22,40,17,38,40,46,3,26,31,48,11,38,32,41,49,41,33,19,43,37,34,47,36,42,42,38,11,22,39,38,37,42
29,17,15,34,7,47,25,37,17,28,27,37,41,27,32,41,12,33,18,24,29,20,43,53,20,9,43,17,32,45,41,35,36,22,22,25,29,24,27,18,20,27,34,29,16,42,43,29,26,21,46,50,24,23,23,29,37,44,43,31,19,2,43,26,27,25,40,43,28,13,50,27,27,44,31,12,27,25,29,35,14,47,27,21,43,45,27,16,26,43,44,31,43,34,31,41,30,17,26,23,41,53,32,41,28,38,47,34,55,37,15,25,10,27,7,6,35,40,37,25,47,38,27,7,32,30,35,22,12,19,37,15,35,39,0,38,41,27,5,27,11,33,18,5,23,27,20,25,26,25,18,41,22,14,16,7,36,37,35,18,50,35,39,41,35,48,37,10,7,29,33,18,37,37,37,7,30,28,42,55,6,19,41,37,11,7,38,27
32,32,34,30,37,47,36,36,39,37,30,21,29,43,27,31,35,29,34,35,32,36,41,49,35,39,39,36,40,39,32,50,40,37,35,38,33,37,37,35,36,42,30,32,33,39,37,30,37,32,45,25,36,36,36,37,35,42,41,38,36,37,47,36,37,32,25,37,38,38,39,35,30,37,30,37,35,38,33,25,35,35,37,34,37,39,31,36,44,33,44,34,35,27,38,45,27,32,32,31,29,42,25,33,36,24,35,30,37,49,29,30,39,33,36,33,37,41,39,43,35,36,33,38,25,35,35,34,40,37,29,33,40,33,38,0,34,42,37,33,36,43,41,37,29,29,41,30,40,43,37,29,34,40,33,37,26,38,23,42,38,48,31,11,29,40,33,35,39,35,51,40,33,32,38,36,34,44,37,37,37,39,27,36,36,37,32,38
27,36,38,12,44,36,41,47,43,37,25,35,18,47,29,18,43,25,35,39,26,35,34,50,34,36,29,35,45,25,6,46,40,34,38,39,33,35,36,28,35,46,8,28,33,37,37,29,33,34,39,36,30,42,35,30,24,43,32,35,35,40,47,34,26,31,17,29,36,40,36,30,26,38,26,32,23,40,30,38,31,16,38,36,32,25,27,45,47,19,39,34,20,26,36,32,37,36,39,32,34,51,29,37,37,32,22,6,38,47,40,35,36,25,38,38,26,37,18,46,20,29,38,45,31,32,28,37,37,37,34,34,45,32,41,34,0,46,44,35,44,52,35,44,34,31,46,35,33,47,41,22,37,43,33,39,37,47,31,41,28,44,32,27,36,44,30,37,36,30,47,40,26,31,46,38,30,46,36,38,44,39,27,31,42,39,23,39
36,21,23,41,27,60,31,42,19,35,36,44,46,6,41,46,23,36,20,40,33,36,50,60,36,24,49,36,49,50,46,49,47,23,36,28,34,32,29,26,36,13,41,36,27,50,48,34,42,31,55,55,39,43,29,37,42,57,50,37,36,24,41,42,31,30,43,49,41,28,54,33,33,50,36,28,33,33,36,41,28,52,29,24,50,50,34,25,16,50,56,43,50,41,38,53,35,21,32,30,50,54,40,50,36,43,52,41,60,50,25,33,23,33,27,26,39,52,42,10,52,45,35,27,40,43,39,34,19,24,40,27,46,44,27,42,46,0,24,30,26,45,24,27,30,33,24,33,42,22,19,46,34,22,23,26,45,41,44,21,55,49,44,46,41,48,46,24,18,37,47,19,42,46,48,27,43,8,44,60,24,27,45,46,21,24,45,31
32,20,17,37,2,50,27,37,20,28,32,34,44,26,37,44,9,30,18,21,30,24,46,56,25,11,46,24,37,48,44,38,33,23,21,25,33,28,26,23,24,26,37,32,17,44,46,34,30,26,49,53,29,25,23,31,40,47,46,34,21,5,38,31,30,24,37,46,33,18,53,30,26,46,34,10,26,25,32,37,15,50,29,18,46,48,30,18,25,46,47,31,46,37,34,44,30,20,28,24,46,50,37,46,26,37,50,37,58,42,13,26,12,26,13,11,36,42,40,24,50,41,27,8,37,34,36,24,16,21,34,17,35,42,5,37,44,24,0,30,9,33,16,1,24,26,22,26,30,21,21,44,24,16,18,12,31,34,40,22,53,38,42,44,37,50,40,8,15,31,38,20,40,40,35,13,34,25,38,58,1,19,44,40,8,10,41,31
27,20,22,36,30,44,28,39,26,26,28,31,33,31,28,33,28,28,20,33,21,32,40,44,31,20,44,32,39,44,35,35,45,20,32,26,26,25,23,20,32,30,36,28,17,38,33,29,31,12,39,35,29,35,26,26,25,43,42,22,32,26,39,32,16,23,40,43,25,26,35,29,22,28,17,26,27,24,24,19,19,39,35,21,40,44,27,27,32,44,44,32,44,29,22,38,27,26,12,22,37,47,28,37,23,32,39,36,42,34,23,19,20,27,25,22,27,42,29,32,39,36,23,31,28,27,27,20,20,22,30,27,39,30,27,33,35,30,30,0,29,39,29,30,21,19,29,19,29,29,24,33,20,28,14,26,37,37,30,21,41,33,30,26,19,46,30,22,20,28,34,27,25,30,37,25,27,33,34,42,30,28,26,30,28,26,37,29
31,19,19,34,10,53,27,38,22,28,30,36,44,25,36,44,6,30,21,30,35,28,45,55,26,18,44,28,42,44,44,43,38,24,24,23,33,28,25,22,28,28,34,31,20,44,45,32,36,29,52,52,34,28,21,30,40,46,45,37,25,12,43,36,31,29,37,44,30,23,52,27,25,44,34,12,28,23,32,35,18,50,29,15,44,44,28,17,22,42,46,29,42,36,35,47,30,19,26,28,42,51,35,45,30,38,50,34,57,39,13,25,20,28,15,13,41,40,40,25,50,40,24,6,35,32,41,22,22,19,36,15,36,45,11,36,44,26,9,29,0,32,19,8,28,28,26,25,36,21,21,44,22,20,23,15,37,38,36,24,52,43,45,43,35,45,43,15,20,30,43,19,40,43,36,15,32,27,41,57,12,25,43,43,17,15,37,31
37,36,36,38,34,58,34,39,38,38,37,40,50,44,38,48,36,37,34,36,32,31,48,60,32,32,50,31,44,53,50,48,42,37,33,35,34,33,36,34,31,46,38,38,33,47,36,35,36,35,55,58,36,28,33,35,42,57,48,40,30,33,43,39,36,33,43,50,37,33,57,35,31,51,31,36,33,33,32,38,35,56,39,34,49,53,34,39,42,51,52,36,51,38,42,50,38,36,37,33,51,48,36,48,39,44,56,39,64,48,35,35,33,33,32,35,44,46,44,45,56,42,32,32,36,37,44,35,34,37,42,37,20,45,33,43,52,45,33,39,32,0,35,32,33,31,39,35,38,43,39,50,35,38,40,34,38,43,42,32,59,48,45,49,38,47,46,37,33,35,45,37,42,45,18,33,38,43,42,64,34,38,48,46,33,32,41,39
26,20,19,29,16,56,26,39,19,28,26,34,37,26,34,37,16,29,20,30,28,28,40,53,28,23,40,28,45,38,35,46,43,15,28,22,23,18,21,15,28,25,29,27,18,41,44,26,39,28,48,51,32,37,19,26,36,46,40,36,28,17,43,39,30,24,34,40,32,30,49,24,21,43,30,17,21,23,25,34,20,43,24,11,40,38,24,14,27,38,44,34,38,32,36,43,32,20,25,24,43,52,36,43,25,39,45,29,54,46,20,24,23,23,15,17,34,40,33,26,45,35,25,19,36,39,34,25,28,10,30,20,37,42,18,41,35,24,16,29,19,35,0,16,26,26,22,24,39,20,22,39,25,22,24,19,36,37,36,17,46,46,42,42,34,42,39,14,23,24,46,23,36,41,39,20,37,23,42,54,16,19,40,39,27,17,33,24
32,21,19,37,2,50,27,37,21,28,32,35,44,27,37,44,6,30,19,24,30,24,46,56,25,11,46,24,37,48,44,38,34,23,20,25,33,28,27,23,24,27,37,32,17,44,46,34,31,26,49,53,29,24,23,32,40,47,46,34,21,6,39,31,30,25,37,46,33,18,53,30,27,46,34,10,29,25,32,37,15,50,33,18,46,48,30,18,26,46,47,31,46,37,34,44,30,21,28,25,46,50,37,46,27,37,50,37,58,42,13,26,15,29,13,11,36,42,40,25,50,41,27,8,37,35,36,24,17,21,34,17,34,42,5,37,44,27,1,30,8,32,16,0,25,29,22,26,31,23,22,44,24,17,18,13,31,37,40,23,53,38,42,44,37,50,40,8,15,32,38,21,40,40,34,13,35,28,38,58,2,21,44,40,8,13,41,33
22,23,24,27,25,46,24,38,25,24,24,26,34,31,31,32,26,16,17,29,12,25,38,46,26,27,38,25,38,38,34,44,37,21,22,21,26,24,17,19,25,29,27,23,21,39,45,26,34,20,48,44,30,32,23,10,24,49,40,25,25,23,38,34,18,4,27,38,37,27,46,23,14,41,16,22,12,27,19,30,17,38,25,21,36,38,17,32,33,36,49,35,36,31,27,46,26,23,20,4,36,42,29,40,23,31,42,27,46,46,25,19,26,8,22,22,18,43,24,30,40,33,17,26,29,38,22,22,26,24,28,25,34,36,23,29,34,30,24,21,28,33,26,25,0,8,29,19,36,34,26,36,22,28,23,23,29,38,30,28,41,40,34,34,32,46,36,22,27,14,44,25,28,40,32,22,36,31,30,46,24,23,34,40,27,23,31,23
22,20,22,25,29,45,21,38,28,19,24,23,31,32,27,29,25,19,21,31,15,25,38,42,25,29,38,25,37,35,31,43,42,22,24,18,24,24,21,22,25,33,25,23,19,38,38,24,31,21,45,38,29,32,18,15,15,43,40,30,25,23,38,33,20,10,30,38,33,29,40,23,14,37,7,22,10,23,16,26,23,35,26,19,36,35,18,30,33,35,45,30,35,27,31,45,23,20,18,12,31,42,25,36,25,32,39,25,40,42,21,16,26,6,24,16,21,40,21,33,37,33,15,29,25,32,25,19,28,22,30,27,33,35,27,29,31,33,26,19,28,31,26,29,8,0,29,16,33,33,26,33,19,29,22,25,32,38,24,26,39,39,33,28,28,44,33,20,29,17,43,25,19,37,32,24,30,34,29,40,26,24,28,37,31,25,30,24
35,24,22,40,22,54,21,35,22,28,33,41,45,25,37,45,22,36,23,29,37,30,49,58,30,20,49,30,45,49,46,44,46,23,31,22,29,25,27,24,30,28,40,35,21,46,43,32,31,31,52,53,39,33,24,31,39,51,49,36,30,20,43,38,31,29,45,49,37,25,54,32,32,46,33,22,32,28,35,37,26,51,24,22,48,49,31,21,21,49,50,33,49,38,36,48,35,23,28,29,45,54,36,46,32,42,50,40,58,46,26,30,19,31,20,19,43,46,41,28,50,44,30,26,36,32,43,29,27,20,38,27,38,43,20,41,46,24,22,29,26,39,22,22,29,29,0,30,31,22,22,44,29,19,28,19,42,34,41,26,54,43,43,44,37,41,43,23,23,31,47,21,39,43,39,20,33,16,45,58,22,21,45,43,28,18,44,24
24,19,21,29,26,49,26,39,27,22,22,21,36,34,25,36,24,29,19,28,32,25,38,46,25,28,41,25,37,37,35,38,44,20,25,21,26,17,25,21,25,33,29,25,19,35,37,27,35,28,42,40,29,35,21,28,30,41,35,20,25,25,42,34,27,21,34,39,29,24,36,22,21,35,20,21,21,18,28,26,21,42,28,18,37,37,23,31,33,37,43,31,37,23,22,42,24,19,18,20,34,46,27,34,20,30,43,29,45,37,22,1,28,20,24,17,31,39,34,34,43,33,21,27,27,32,28,14,28,21,34,26,36,31,25,30,35,33,26,19,25,35,24,26,19,16,30,0,34,32,26,37,15,29,24,25,30,39,23,23,44,39,31,31,26,48,33,19,28,25,38,26,27,29,33,24,33,33,35,45,26,25,27,28,27,25,30,28
34,27,27,42,31,45,37,38,33,39,32,40,35,42,44,35,34,40,31,30,28,21,42,53,20,21,47,21,29,44,35,31,39,38,26,39,34,33,36,34,21,41,39,34,30,47,39,34,4,23,42,44,16,25,39,30,31,43,45,28,21,24,40,24,31,32,38,47,13,25,44,37,38,47,30,35,33,38,39,42,28,42,36,36,47,44,40,33,42,45,47,35,45,40,26,42,42,29,34,36,43,48,44,43,28,41,42,39,49,33,37,34,20,33,24,35,30,45,31,42,40,38,42,32,44,4,30,29,20,33,39,37,36,35,26,40,33,42,30,29,36,38,39,31,36,33,31,34,0,40,34,33,29,31,31,23,37,38,36,34,44,35,35,35,42,46,33,37,21,30,17,34,31,33,31,24,14,40,38,49,30,30,35,35,29,24,39,35
38,26,25,42,23,57,32,40,24,33,39,43,47,22,42,47,20,36,26,39,34,37,52,61,36,26,52,37,47,52,47,46,48,28,35,25,37,33,29,30,37,25,42,37,24,49,45,38,40,30,52,55,38,40,26,37,42,54,52,37,37,22,44,40,33,33,43,52,37,30,53,37,32,50,36,23,34,28,36,41,24,53,33,21,53,52,35,18,22,52,53,39,52,43,37,50,39,27,32,34,51,54,42,51,35,44,53,42,60,46,23,32,18,34,26,23,40,50,43,24,53,47,31,22,42,40,40,31,22,23,38,23,46,43,25,43,47,22,21,29,21,43,20,23,34,33,22,32,40,0,23,47,31,23,25,26,42,39,43,26,56,46,43,46,41,46,43,23,26,37,44,21,42,43,49,24,40,24,45,60,21,28,44,43,24,25,47,33
30,18,19,35,22,55,29,43,10,31,29,37,41,19,32,41,17,33,20,32,34,29,44,53,29,20,44,29,47,46,41,44,45,22,30,23,29,23,26,20,29,19,35,30,21,44,43,29,34,24,51,49,38,33,24,29,36,48,44,35,29,17,42,41,27,28,40,44,38,25,50,29,27,41,30,18,27,26,30,32,20,47,23,22,45,46,29,21,24,45,48,34,45,35,34,48,33,16,23,26,42,53,32,41,28,37,47,35,55,47,23,26,24,27,17,19,40,44,37,17,47,39,28,22,32,33,40,25,26,21,36,22,40,43,18,37,41,19,21,24,21,39,22,22,26,26,22,26,34,23,0,41,25,12,28,18,41,42,37,26,51,44,43,40,32,49,42,22,20,29,46,12,36,42,41,18,33,17,41,55,18,22,41,42,23,16,40,23
27,38,40,24,44,38,43,44,43,40,29,39,4,48,32,8,43,27,37,42,26,41,36,54,40,36,33,41,42,37,18,48,40,36,44,43,36,37,40,32,41,46,28,27,33,41,31,31,33,30,45,35,36,39,39,32,28,45,34,37,41,40,44,37,24,33,27,33,34,41,42,28,32,36,28,32,29,44,34,31,31,20,40,38,34,39,25,45,48,26,43,35,29,34,38,36,40,38,38,38,34,48,28,39,45,35,10,26,39,48,40,37,36,27,39,38,30,41,22,47,16,31,42,45,29,32,30,40,37,39,35,34,48,33,41,29,22,46,44,33,44,50,39,44,36,33,44,37,33,47,41,0,40,44,33,40,41,44,35,41,26,46,32,22,33,50,34,39,36,34,49,41,28,31,44,39,34,47,41,39,44,43,31,31,42,40,30,41
29,19,18,31,24,47,22,40,26,20,27,31,38,34,28,38,22,29,25,25,33,21,43,49,21,23,42,21,34,41,37,34,41,26,21,21,27,19,27,24,21,34,31,28,23,39,40,30,29,21,44,42,25,29,18,28,34,34,41,26,21,22,42,29,26,22,36,40,22,21,44,27,24,39,23,25,22,17,28,30,25,44,30,24,41,41,23,28,33,39,39,26,39,30,22,40,22,20,21,23,36,46,28,37,26,33,46,31,47,32,26,14,23,21,21,23,37,35,36,35,46,38,20,24,28,27,35,1,22,23,35,28,36,39,22,34,37,34,24,20,22,35,25,24,22,19,29,15,29,31,25,40,0,27,28,22,34,40,31,25,46,34,39,33,30,50,35,25,23,25,34,26,32,31,33,21,29,33,38,47,24,27,35,30,26,22,34,28
31,17,19,37,17,52,27,42,14,30,30,39,43,25,34,43,14,36,19,29,32,27,45,55,27,24,46,27,44,46,43,43,41,22,26,27,30,24,27,20,27,23,37,30,17,46,45,30,31,25,49,52,34,32,24,27,39,48,45,33,27,13,39,37,29,28,42,46,36,18,52,29,29,45,33,19,29,28,32,36,16,49,25,21,46,46,31,20,19,46,49,35,46,36,33,47,33,18,27,28,44,52,35,43,30,39,50,37,57,45,22,29,23,29,16,19,38,45,39,24,50,40,30,19,35,32,38,27,20,22,39,22,38,42,14,40,43,22,16,28,20,38,22,17,28,29,19,29,31,23,12,44,27,0,21,15,39,41,39,28,52,43,42,43,36,47,40,23,24,27,44,14,39,41,40,15,32,19,41,57,13,22,43,41,23,14,41,24
28,25,23,33,18,50,24,35,27,34,25,35,33,22,29,33,20,30,17,35,21,31,42,49,30,9,40,31,40,42,33,40,46,25,33,21,28,24,20,29,31,22,33,29,14,45,38,23,31,16,43,39,28,34,31,27,26,48,43,26,31,15,42,34,17,22,38,40,29,9,39,26,25,39,20,23,26,27,32,30,14,39,24,20,40,42,28,22,28,42,50,38,42,30,28,44,24,21,19,24,37,46,26,38,30,33,39,33,44,38,22,24,9,25,16,19,27,47,29,20,39,37,30,21,26,31,27,28,6,10,38,26,44,32,16,33,33,23,18,14,23,40,24,18,23,22,28,24,31,25,28,33,28,21,0,10,41,34,34,22,42,40,32,30,30,46,34,8,9,27,36,27,26,34,44,15,31,27,35,44,18,22,30,34,13,14,38,24
28,14,13,33,13,46,23,35,17,27,27,35,39,25,31,39,16,32,17,24,27,17,42,52,17,8,43,17,31,44,39,34,36,21,21,24,26,23,24,17,17,26,33,27,20,41,43,29,24,20,45,49,21,22,22,28,35,43,42,30,17,8,42,25,26,23,38,43,27,10,48,27,25,43,29,18,25,23,28,34,18,45,26,22,43,44,27,18,24,42,43,29,42,33,30,40,30,14,25,23,40,52,32,40,26,36,46,33,53,36,21,25,8,25,8,18,33,39,35,23,46,37,25,11,32,27,33,22,12,21,35,21,34,38,7,37,39,26,12,26,15,34,19,13,23,25,19,25,23,26,18,40,22,15,10,0,35,34,35,17,48,34,38,40,34,45,36,22,8,28,29,17,35,37,33,2,27,27,40,53,12,17,39,37,13,6,37,24
30,34,32,35,31,41,34,32,41,37,34,7,37,42,31,35,33,36,36,31,29,33,41,51,32,37,45,33,38,45,37,43,31,37,30,34,39,38,37,37,33,45,33,32,36,40,41,38,39,34,25,45,34,36,36,43,41,34,39,34,33,35,44,32,39,30,30,45,40,36,31,35,33,42,32,37,36,37,38,30,36,41,43,34,41,45,41,35,41,41,46,32,43,29,36,41,35,34,36,31,39,47,35,37,33,28,47,33,45,49,33,30,37,34,34,35,39,42,43,43,45,32,32,35,35,39,37,34,37,33,34,35,40,22,36,26,37,45,31,37,37,38,36,31,29,32,42,30,37,42,41,41,34,39,41,35,0,28,13,40,44,41,19,33,32,40,11,35,37,39,46,41,39,24,39,34,33,42,36,45,31,37,17,26,30,35,34,42
38,39,37,37,37,45,36,1,40,35,40,31,47,43,35,45,38,35,38,39,39,34,49,56,33,35,47,34,42,47,49,46,38,38,34,38,41,38,34,38,34,43,37,39,38,46,40,42,35,39,44,50,34,32,34,38,44,49,45,40,34,34,48,35,41,38,34,51,41,35,48,38,40,39,41,38,38,37,33,35,36,48,37,39,44,47,35,28,41,51,53,33,49,35,41,44,33,40,38,38,47,45,39,44,37,32,45,37,55,49,36,39,35,38,35,38,45,50,46,42,45,40,32,34,39,42,45,40,36,35,35,36,41,40,37,38,47,41,34,37,38,43,37,37,38,38,34,39,38,39,42,44,40,41,34,34,28,0,34,42,52,44,39,43,35,33,37,33,35,40,47,39,44,40,43,35,34,40,41,55,34,33,41,40,35,34,40,38
25,29,31,27,40,42,35,34,38,36,29,8,31,44,24,29,38,36,33,39,26,33,36,44,32,38,40,33,43,36,31,50,35,32,36,31,34,34,30,32,33,44,25,27,31,35,36,31,38,35,26,36,34,36,33,41,39,29,34,31,33,34,46,33,34,27,28,40,37,37,20,30,33,35,24,34,30,41,39,21,33,35,38,29,36,36,34,41,43,34,43,28,36,22,33,42,32,29,29,32,30,48,28,30,33,27,41,27,36,50,32,23,38,28,34,30,39,39,43,44,39,27,36,38,28,34,37,31,38,32,34,36,39,17,35,23,31,44,40,30,36,42,36,40,30,24,41,23,36,43,37,35,31,39,34,35,13,34,0,37,37,48,14,24,23,43,12,30,38,37,51,36,37,27,36,34,37,43,32,36,40,34,6,29,40,35,25,37
34,28,26,40,23,53,29,41,26,30,32,37,41,23,37,41,17,35,25,33,30,31,48,54,30,13,50,31,43,48,41,44,46,23,28,25,30,29,18,22,30,23,40,34,10,44,29,35,34,26,46,45,33,37,27,33,36,49,48,33,31,16,35,35,26,30,44,50,32,20,45,32,30,45,23,19,28,29,30,36,12,50,32,19,48,48,28,21,25,48,48,37,48,36,33,47,32,29,27,28,46,42,39,46,28,42,50,40,52,43,16,23,12,28,18,17,39,45,40,23,50,43,31,24,39,33,39,25,13,21,39,20,35,38,18,42,41,21,22,21,24,32,17,23,28,26,26,23,34,26,26,41,25,28,22,17,40,42,37,0,49,44,38,36,36,49,37,23,13,33,45,24,36,37,37,18,33,25,35,52,19,22,36,37,19,17,41,32
38,44,46,32,53,49,49,52,52,49,36,41,22,56,41,20,51,39,46,52,31,46,35,50,45,45,34,46,47,36,26,50,54,43,49,49,45,46,46,39,46,55,34,39,42,41,43,44,46,39,36,30,41,51,47,42,37,40,31,44,46,49,51,47,33,38,33,34,44,49,32,39,40,43,34,41,37,50,43,40,40,17,49,45,27,34,37,54,56,30,40,45,30,43,44,40,41,44,46,45,31,53,39,37,46,44,25,34,29,48,49,44,45,33,47,47,38,41,31,55,21,35,48,54,39,42,36,46,46,46,47,43,56,40,50,38,28,55,53,41,52,59,46,53,41,39,54,44,44,56,51,26,46,52,42,48,44,52,37,49,0,46,39,31,44,49,37,46,45,38,50,50,35,40,55,47,40,55,45,29,53,50,33,40,51,48,27,49
43,42,40,47,38,29,43,44,43,49,43,46,46,50,46,45,42,39,42,34,32,32,55,59,31,30,53,32,30,54,45,4,42,43,34,46,42,36,42,39,32,49,46,43,37,52,46,44,33,30,44,49,31,31,46,45,28,42,51,27,32,34,38,31,36,37,47,52,32,35,48,42,42,50,34,42,39,44,45,42,35,34,48,43,53,54,42,42,50,53,46,41,53,44,26,28,45,44,35,40,50,39,45,51,39,44,34,45,52,16,44,39,30,39,33,42,28,51,28,50,34,46,46,39,44,39,26,34,31,40,44,44,44,46,35,48,44,49,38,33,43,48,46,38,40,39,43,39,35,46,44,46,34,43,40,34,41,44,48,44,46,0,46,49,44,42,44,44,30,45,14,43,30,43,46,33,35,48,41,52,38,44,48,43,36,34,49,48
31,39,39,34,42,40,39,39,43,38,33,20,30,45,32,28,44,41,35,40,26,37,42,52,36,32,43,37,42,42,32,48,37,38,40,39,38,38,36,38,37,44,34,32,31,37,31,35,35,34,22,36,32,38,41,44,35,36,38,25,37,38,44,32,32,31,37,43,37,38,22,34,40,40,28,38,37,48,43,29,29,36,42,37,40,42,40,43,48,40,46,33,41,32,29,36,40,39,37,36,40,42,34,38,34,35,38,36,40,52,38,31,32,35,37,36,33,43,37,44,38,38,43,43,34,37,31,39,33,40,39,40,48,3,39,31,32,44,42,30,45,45,42,42,34,33,43,31,35,43,43,32,39,42,32,38,19,39,14,38,39,46,0,24,31,47,8,38,32,40,49,41,33,17,43,37,33,47,35,40,42,38,8,21,39,38,36,42
33,35,37,31,44,40,39,43,42,38,33,28,22,47,30,24,42,34,35,42,28,39,40,46,38,36,37,39,42,38,25,51,43,38,42,37,36,40,36,38,39,46,31,33,29,38,30,33,35,30,38,14,34,40,35,40,30,40,40,30,39,40,47,38,28,33,32,35,35,40,32,36,39,35,23,38,34,43,38,26,31,28,40,35,36,38,30,45,46,30,42,35,33,28,30,36,34,35,33,36,30,44,28,34,40,33,28,31,28,50,36,31,36,32,39,34,33,40,34,47,28,40,38,45,28,33,31,33,37,38,36,40,49,26,41,11,27,46,44,26,43,49,42,44,34,28,44,31,35,46,40,22,33,43,30,40,33,43,24,36,31,49,24,0,30,46,26,36,36,38,52,41,28,25,40,39,31,46,37,28,44,42,20,29,42,40,30,41
29,27,29,26,37,41,31,35,34,33,28,25,32,42,19,30,35,35,29,34,28,33,39,45,33,37,37,33,43,38,36,48,42,30,35,31,27,30,30,30,33,41,28,30,31,33,36,31,44,25,41,38,34,35,31,33,38,39,32,33,33,35,46,34,33,30,33,40,32,35,37,30,36,15,28,34,34,28,35,4,33,38,36,29,34,38,32,36,40,38,41,25,36,23,33,39,30,27,17,34,31,49,19,31,26,24,37,28,45,46,32,26,37,32,33,30,39,37,42,43,39,30,28,37,21,40,38,30,38,30,28,36,39,31,35,29,36,41,37,19,35,38,34,37,32,28,37,26,42,41,32,33,30,36,30,34,32,35,23,36,44,44,31,30,0,48,31,30,37,32,47,35,37,36,36,33,39,41,33,45,37,34,27,34,38,34,31,36
45,45,45,48,50,49,35,32,48,44,45,44,48,50,44,46,48,47,48,49,46,45,41,55,44,46,43,45,50,47,46,40,49,47,47,41,43,45,40,45,45,52,48,46,49,46,46,49,44,46,48,50,44,47,41,49,51,53,44,51,45,45,51,47,50,46,42,45,42,47,50,48,48,47,46,47,46,41,42,44,49,51,45,44,42,47,49,37,49,45,49,44,45,46,53,41,44,46,46,48,41,50,48,39,44,38,51,48,55,45,45,48,46,44,45,47,51,48,51,52,49,46,41,47,48,44,51,50,49,44,45,45,45,48,48,40,44,48,50,46,45,47,42,50,46,44,41,48,46,46,49,50,50,47,46,45,40,33,43,49,49,42,47,46,48,0,43,46,46,49,43,49,51,43,43,45,44,47,42,55,50,41,43,45,50,45,44,45
31,35,33,34,40,34,35,37,42,38,35,18,30,43,32,28,42,43,39,38,28,34,40,50,33,30,43,34,38,44,30,46,34,40,37,35,40,39,38,38,34,46,32,33,33,39,34,39,35,30,14,38,29,37,37,46,35,30,38,29,34,36,41,32,34,33,35,43,35,36,20,36,40,40,28,40,37,44,45,29,33,34,44,37,40,44,42,42,45,38,44,31,41,30,31,34,42,35,37,38,38,47,36,36,34,35,40,34,38,50,40,33,30,35,35,38,35,41,37,44,38,38,39,41,36,35,33,35,31,36,41,42,43,11,37,33,30,46,40,30,43,46,39,40,36,33,43,33,33,43,42,34,35,40,34,36,11,37,12,37,37,44,8,26,31,43,0,38,30,42,47,42,33,15,41,35,33,46,37,38,40,38,6,17,37,36,34,43
24,18,20,31,8,52,25,35,22,32,26,28,37,26,26,37,8,31,16,32,24,28,38,45,28,25,40,28,45,40,37,44,43,13,28,21,28,25,17,15,28,25,31,26,15,43,42,26,35,26,47,45,32,34,24,26,30,45,38,32,28,11,44,37,23,20,36,40,35,28,43,25,23,39,24,15,23,25,30,30,17,43,26,13,40,40,27,15,26,40,49,36,40,26,34,48,24,18,21,22,37,52,28,35,25,31,45,31,48,44,13,19,25,23,17,9,30,45,33,26,45,33,27,15,28,37,30,25,27,6,35,19,41,38,10,35,37,24,8,22,15,37,14,8,22,20,23,19,37,23,22,39,25,23,8,22,35,33,30,23,46,44,38,36,30,46,38,0,25,26,44,21,30,40,41,17,35,24,35,48,19,21,34,40,22,19,35,27
32,20,20,37,11,42,24,35,21,28,30,39,36,24,35,36,19,34,18,26,24,20,46,56,19,1,46,19,30,48,36,30,36,25,22,27,30,25,27,25,20,24,37,32,8,44,38,31,21,16,39,45,19,23,25,30,32,44,46,26,20,9,41,24,22,26,41,46,23,7,43,30,28,46,26,17,29,27,30,37,10,42,28,23,46,48,29,21,27,46,44,31,46,36,26,36,31,22,28,27,44,51,35,44,29,39,42,37,50,32,14,28,1,29,8,10,30,42,32,24,42,41,29,14,35,25,30,23,5,23,39,18,37,32,7,39,36,18,15,20,20,33,23,15,27,29,23,28,21,26,20,36,23,24,9,8,37,35,38,13,45,30,32,36,37,46,30,25,0,30,26,19,32,30,40,9,25,27,40,50,15,20,34,30,6,10,41,28
18,25,29,21,32,51,28,41,30,35,18,32,32,37,29,30,26,20,23,29,20,25,34,48,25,30,26,25,40,34,28,47,42,23,27,27,20,23,21,17,25,34,21,19,28,42,49,20,28,29,49,43,30,28,23,4,37,48,32,29,25,28,43,37,18,18,25,28,37,28,47,18,12,43,29,21,9,26,10,30,26,39,26,25,26,34,15,35,35,30,46,34,30,29,33,47,32,27,29,10,40,47,27,38,24,35,39,21,49,43,30,25,28,11,27,27,25,42,31,36,39,29,26,30,27,30,27,25,30,26,31,24,30,41,29,35,30,37,31,28,30,35,24,32,14,17,31,25,30,37,29,34,25,27,27,28,39,40,37,33,38,45,40,38,32,49,42,26,30,0,46,30,37,42,28,27,28,36,36,49,26,29,40,40,33,28,23,27
47,42,40,45,38,34,41,48,47,48,45,51,51,49,50,51,42,47,39,39,36,30,55,60,29,26,53,30,28,54,48,10,41,44,35,45,48,39,42,40,30,48,48,46,37,52,52,51,21,30,43,50,27,32,45,46,34,43,53,29,30,32,39,29,37,41,47,54,24,32,47,40,46,52,38,42,43,46,47,49,35,40,50,43,55,56,44,40,50,54,46,43,53,50,27,33,51,42,41,44,55,44,50,55,43,48,38,47,55,12,44,38,26,43,31,42,32,50,34,49,38,44,48,39,49,21,32,34,27,40,46,44,48,49,33,51,47,47,38,34,43,45,46,38,44,43,47,38,17,44,46,49,34,44,36,29,46,47,51,45,50,14,49,52,47,43,47,44,26,46,0,46,34,43,44,31,32,48,45,55,38,45,51,43,36,31,48,49
30,19,20,34,21,54,30,40,15,30,32,36,40,18,34,40,18,33,19,31,33,31,44,53,31,19,45,31,46,44,40,43,45,21,30,24,31,27,26,22,31,16,34,29,21,43,44,31,34,28,51,50,38,35,25,30,35,49,44,36,31,17,39,39,28,25,39,45,38,25,49,30,24,44,29,20,26,26,31,35,20,46,28,22,46,44,29,25,25,44,49,35,44,35,36,48,33,19,26,25,43,53,35,43,27,39,47,34,54,47,20,26,23,26,18,19,39,45,36,15,47,39,28,18,35,35,39,26,23,21,36,21,40,41,18,40,40,19,20,27,19,37,23,21,25,25,21,26,34,21,12,41,26,14,27,17,41,39,36,24,50,43,41,41,35,49,42,21,19,30,46,0,35,43,43,19,35,22,39,54,17,22,40,43,18,16,39,27
34,28,30,35,40,36,33,43,38,42,35,35,24,41,35,24,39,25,31,37,18,33,43,47,32,32,43,33,34,39,26,34,39,30,37,30,36,32,34,30,33,42,34,35,23,44,37,34,35,24,42,37,33,38,32,39,4,42,41,20,33,36,33,32,26,25,33,40,36,36,37,34,30,41,14,34,27,40,39,38,27,24,41,29,41,39,31,39,42,39,48,40,39,31,21,36,29,28,27,30,34,39,33,39,32,34,30,33,37,33,30,27,32,25,34,28,16,46,10,42,28,37,40,41,33,30,12,32,33,32,37,36,45,33,37,33,26,42,40,25,40,42,36,40,28,19,39,27,31,42,36,28,32,39,26,35,39,44,37,36,35,30,33,28,37,51,33,30,32,37,34,35,0,33,36,34,33,43,31,37,40,36,28,34,38,35,32,40
34,37,35,37,40,35,37,40,42,36,33,31,29,44,33,29,42,42,39,36,32,34,42,54,33,30,44,34,35,45,31,44,41,42,37,37,38,39,40,40,34,46,37,35,33,37,29,42,31,30,27,37,29,36,37,46,35,39,39,25,34,36,46,33,34,37,40,43,33,36,33,38,44,39,32,40,41,44,45,32,33,37,44,39,39,45,42,42,46,39,41,33,40,29,27,29,40,37,37,42,41,46,35,39,36,36,39,35,41,46,40,29,30,39,36,38,35,39,37,45,39,37,41,41,35,35,33,31,31,38,38,42,42,19,37,32,31,46,40,30,43,45,41,40,40,37,43,29,33,43,42,31,31,41,34,37,24,40,27,37,40,43,17,25,36,43,15,40,30,42,43,43,33,0,42,36,29,47,38,41,40,40,21,6,37,37,36,44
30,33,36,37,36,53,34,40,41,30,30,34,44,49,32,44,38,37,37,31,34,24,48,54,24,39,45,24,44,54,45,48,43,35,22,36,30,33,37,35,24,47,38,30,39,42,35,31,32,38,49,51,30,20,36,26,38,53,47,38,23,38,44,35,38,32,43,48,34,39,52,27,34,49,34,38,32,36,22,34,39,52,38,39,48,54,33,42,46,47,51,31,47,34,37,47,34,33,33,30,47,47,32,45,34,38,52,38,60,50,41,33,40,34,34,37,38,43,40,50,50,37,37,36,32,31,39,33,41,41,37,43,6,43,37,38,46,48,35,37,36,18,39,34,32,32,39,33,31,49,41,44,33,40,44,33,39,43,36,37,55,46,43,40,36,43,41,41,40,28,44,43,36,42,0,33,30,46,45,60,36,39,49,43,35,33,37,38
27,15,13,32,13,45,22,35,18,26,26,34,38,27,30,38,17,31,16,23,26,16,41,51,16,9,42,16,31,43,38,33,33,20,18,23,25,22,26,16,16,27,32,27,19,40,42,28,24,19,44,48,20,24,21,27,34,42,41,28,16,7,42,24,25,22,37,42,26,6,47,26,24,42,28,17,24,22,27,33,17,44,26,16,42,43,26,18,24,41,42,28,41,32,29,39,28,15,24,22,39,51,31,39,25,35,45,32,52,35,20,24,9,24,2,17,32,38,34,25,45,36,24,11,31,28,32,21,12,16,34,20,35,37,7,36,38,27,13,25,15,33,20,13,22,24,20,24,24,24,18,39,21,15,15,2,34,35,34,18,47,33,37,39,33,45,35,17,9,27,31,19,34,36,33,0,27,28,38,52,13,15,38,36,12,2,36,25
34,25,27,37,35,45,35,39,34,37,32,34,34,43,40,32,30,39,33,36,28,24,46,57,23,25,44,24,29,40,32,31,40,36,29,37,30,31,34,32,24,42,36,35,30,42,36,34,12,25,43,41,17,27,35,28,35,41,44,30,24,28,41,29,31,32,33,42,17,28,41,36,33,46,27,35,28,35,37,39,30,43,34,34,40,40,38,31,41,40,40,30,40,38,28,40,38,27,32,34,40,43,42,42,24,37,43,36,45,27,37,33,24,30,27,35,36,38,36,42,43,41,37,36,42,10,34,29,24,31,38,37,38,34,30,34,30,43,34,27,32,38,37,35,36,30,33,33,14,40,33,34,29,32,31,27,33,34,37,33,40,35,33,31,39,44,33,35,25,28,32,35,33,29,30,27,0,41,39,45,34,28,31,29,33,28,33,34
34,23,20,41,28,58,32,41,17,37,36,43,46,12,40,46,24,37,23,39,34,34,48,59,34,27,50,34,48,51,46,48,46,25,34,27,37,30,28,25,34,15,41,33,27,50,48,37,41,31,55,55,37,42,29,36,43,55,48,36,34,25,43,41,30,31,43,50,40,25,56,34,33,50,37,27,33,32,36,41,29,52,33,26,50,51,35,23,13,50,55,42,50,41,37,50,37,24,32,31,51,56,42,49,35,42,53,41,59,49,25,33,26,33,28,26,40,51,42,16,53,43,34,28,42,41,40,33,22,23,41,26,45,47,28,44,46,8,25,33,27,43,23,28,31,34,16,33,40,24,17,47,33,19,27,27,42,40,43,25,55,48,47,46,41,47,46,24,27,36,48,22,43,47,46,28,41,0,44,59,25,27,47,47,22,25,44,31
26,37,39,36,38,44,37,41,40,43,36,33,40,43,35,38,38,36,37,36,31,39,37,46,38,40,39,39,37,45,36,43,42,36,35,36,39,41,39,37,39,44,36,24,29,42,31,32,39,38,46,44,37,43,37,34,29,49,40,35,39,41,30,33,36,33,36,39,38,42,42,33,34,42,25,39,37,38,31,35,33,37,40,34,41,45,37,37,41,44,50,44,44,34,38,41,31,37,33,32,40,37,37,37,36,33,42,36,46,47,27,35,40,35,39,33,35,45,35,44,38,35,34,41,37,38,37,38,41,38,36,33,43,36,42,37,36,44,38,34,41,42,42,38,30,29,45,35,38,45,41,41,38,41,35,40,36,41,32,35,45,41,35,37,33,42,37,35,40,36,45,39,31,38,45,38,39,44,0,46,38,38,31,35,31,40,37,39
49,47,49,42,58,43,51,55,56,52,47,40,35,60,38,35,56,49,49,57,38,51,46,45,50,50,45,51,51,44,36,56,58,50,54,51,52,54,50,50,51,60,44,50,43,46,46,51,51,44,38,28,46,56,51,53,39,41,44,45,51,54,56,51,42,43,43,45,49,54,32,50,51,40,35,52,48,54,54,41,45,38,55,47,42,44,48,59,59,39,48,49,41,44,45,47,42,47,46,50,29,58,36,35,49,41,42,44,6,54,50,45,50,44,52,48,43,48,43,60,42,46,52,59,36,47,41,47,51,50,56,54,63,42,55,37,38,60,58,42,57,64,54,58,46,40,58,45,49,60,55,39,47,57,44,53,45,55,36,52,29,52,40,28,45,55,38,48,50,49,55,54,37,41,60,52,45,59,46,0,58,54,32,43,56,53,36,55
32,18,16,37,2,50,27,37,17,28,32,34,44,26,37,44,4,30,15,23,30,24,46,56,25,15,46,24,37,48,44,38,34,23,19,25,33,28,26,23,24,26,37,32,17,44,46,34,30,26,49,53,29,28,23,26,40,47,46,34,24,5,38,31,30,22,37,46,33,18,53,30,26,46,34,11,26,25,32,37,15,50,30,18,46,48,30,18,25,46,47,31,46,37,34,44,30,18,28,24,46,50,37,46,24,37,50,37,58,42,13,26,11,26,13,11,36,42,40,24,50,41,27,8,37,34,36,24,13,21,34,17,36,42,6,37,44,24,1,30,12,34,16,2,24,26,22,26,30,21,18,44,24,13,18,12,31,34,40,19,53,38,42,44,37,50,40,19,15,26,38,17,40,40,36,13,34,25,38,58,0,19,44,40,8,12,41,30
24,16,12,33,21,53,20,34,20,26,28,34,41,28,28,41,21,35,16,32,31,24,38,47,24,20,42,24,47,42,39,44,41,22,27,13,28,23,20,22,24,26,33,26,19,39,43,24,30,27,47,51,35,36,17,29,34,49,40,32,24,17,45,37,27,22,38,42,35,17,47,28,25,43,28,22,25,19,30,34,21,47,25,20,44,42,30,21,29,42,47,33,42,30,36,42,29,18,24,23,41,51,32,37,22,33,49,33,54,44,21,25,18,25,15,16,37,43,35,26,49,33,21,23,32,30,37,27,19,21,38,27,39,38,19,39,39,27,19,28,25,38,19,21,23,24,21,25,30,28,22,43,27,22,22,17,37,33,34,22,50,44,38,42,34,41,38,21,20,29,45,22,36,40,39,15,28,27,38,54,19,0,38,40,23,16,37,24
29,33,35,31,44,38,39,41,42,40,33,12,27,45,28,25,42,40,37,43,26,37,38,46,36,34,41,37,42,38,27,50,37,36,40,35,38,38,34,36,37,45,29,31,29,37,32,35,37,34,20,32,32,40,37,44,30,30,36,29,37,40,43,36,32,31,32,41,35,40,14,34,37,36,23,38,34,45,43,25,31,31,42,33,38,38,38,45,47,34,44,32,37,26,31,38,36,33,33,36,32,45,32,32,34,31,37,31,32,50,36,27,34,32,38,34,33,41,34,45,35,36,40,45,32,33,31,35,35,36,38,40,46,11,41,27,27,45,44,26,43,48,40,44,34,28,45,27,35,44,41,31,35,43,30,39,17,41,6,36,33,48,8,20,27,43,6,34,34,40,51,40,28,21,49,38,31,47,31,32,44,38,0,23,42,39,30,41
34,37,35,33,40,35,35,40,42,36,33,33,29,44,31,27,42,40,37,36,32,34,42,54,33,30,42,34,39,45,27,44,40,42,37,37,37,37,38,38,34,46,37,35,33,35,31,40,31,30,27,39,29,36,35,44,36,41,37,25,34,36,43,33,34,37,36,41,33,36,33,36,42,37,32,40,39,42,43,30,33,35,43,39,37,45,40,42,46,35,39,33,38,29,27,27,42,37,37,40,41,52,33,39,34,34,35,35,43,45,40,28,30,39,36,38,36,37,38,45,37,35,39,41,34,37,34,30,31,38,37,42,43,22,37,36,31,46,40,30,43,46,39,40,40,37,43,28,35,43,42,31,30,41,34,37,26,40,29,37,40,43,21,29,34,45,17,40,30,40,43,43,34,6,43,36,29,47,35,43,40,40,23,0,37,37,34,44
33,22,18,39,7,48,28,37,23,29,34,36,42,23,39,42,12,30,21,24,28,25,47,58,26,7,48,22,32,50,42,36,36,25,21,26,35,30,26,24,25,23,39,32,8,46,42,36,29,24,46,51,27,27,24,33,38,47,47,32,25,11,32,26,28,27,38,48,31,18,51,29,29,47,30,15,31,27,32,38,6,48,35,27,47,50,30,23,29,48,47,32,48,39,32,42,29,20,29,27,47,45,38,48,27,38,48,39,56,40,16,27,7,31,13,14,34,44,38,23,48,42,29,12,38,33,34,26,15,24,36,20,37,39,11,36,42,21,8,28,17,33,27,8,27,31,28,27,29,24,23,42,26,23,13,13,30,35,40,19,51,36,39,42,38,50,37,22,6,33,36,18,38,37,35,12,33,22,31,56,8,23,42,37,0,10,43,35
28,14,11,33,13,46,23,35,14,27,27,35,39,26,31,39,16,32,16,23,27,17,42,52,17,10,43,17,31,44,39,34,34,21,19,24,26,23,26,17,17,26,33,27,19,41,43,29,25,20,45,49,21,24,22,28,35,43,42,29,17,4,42,25,26,23,38,43,27,4,48,27,25,43,29,17,25,23,29,34,17,45,26,21,43,44,27,18,23,42,43,29,42,33,30,40,28,15,25,23,40,52,32,40,26,36,46,33,53,36,20,25,6,25,2,17,33,39,35,24,46,37,25,11,32,28,33,22,13,19,35,20,35,38,7,37,39,24,10,26,15,32,17,13,23,25,18,25,24,25,16,40,22,14,14,6,35,34,35,17,48,34,38,40,34,45,36,19,10,28,31,16,35,37,33,2,28,25,40,53,12,16,39,37,10,0,37,24
25,33,35,18,41,44,36,40,41,34,21,28,26,46,28,24,39,28,33,36,30,35,31,45,35,41,29,35,49,29,19,53,40,32,37,38,35,33,29,26,35,45,18,26,37,34,41,29,39,38,35,37,37,40,34,27,34,39,26,38,35,38,49,37,31,29,22,29,40,40,31,26,24,34,32,30,22,35,28,29,35,27,37,34,27,29,26,44,45,25,37,32,25,24,40,42,29,33,35,29,30,55,30,32,31,32,33,18,36,51,39,30,41,24,36,36,32,36,28,45,31,24,35,39,30,37,30,34,41,35,38,33,41,37,38,32,23,45,41,37,37,41,33,41,31,30,44,30,39,47,40,30,34,41,38,37,34,40,25,41,27,49,36,30,31,44,34,35,41,23,48,39,32,36,37,36,33,44,37,36,41,37,30,34,43,37,0,38
26,24,25,33,33,56,27,39,24,34,26,37,39,33,31,40,30,33,26,32,36,28,40,51,30,28,42,28,44,41,39,49,46,25,29,29,26,25,27,25,28,29,33,25,28,44,46,22,36,25,52,51,37,34,28,26,41,49,40,32,28,26,45,38,26,25,38,40,38,26,50,26,27,45,35,26,24,30,27,36,28,49,4,27,43,41,25,31,36,42,49,37,42,30,32,49,33,25,27,24,42,50,32,40,28,36,51,33,55,47,31,28,27,23,26,27,38,45,39,31,51,36,29,31,32,35,37,28,28,27,36,30,37,42,27,38,39,31,31,29,31,39,24,33,23,24,24,28,35,33,23,41,28,24,24,24,42,38,37,32,49,48,42,41,36,45,43,27,28,27,49,27,40,44,38,25,34,31,39,55,30,24,41,44,35,24,38,0
