0,20,22,12,22,29,14,22,31,10,2,15,18,29,15,18,21,10,18,9,14,12,16,34,12,23,20,12,24,24,18,25,24,17,12,14,6,11,25,11,12,29,10,4,22,20,17,10,19,20,26,30,16,17,14,12,19,28,16,24,12,25,34,18,12,12,14,20,16,25,26,10,11,26,14,20,11,11,13,15,21,24,26,22,18,24,9,23,36,20,24,9,20,15,24,23,15,20,14,12,24,30,15,24,12,17,24,12,35,26,20,16,23,11,19,21,20,20,18,29,24,11,11,21,15,20,20,17,25,27,12,19,22,19,21,17,18,30,26,18,20,19,24,22,12,12,30,16,20,31,30,18,17,31,29,25,15,22,13,23,26,26,19,21,17,24,17,27,23,12,27,29,20,23,24,19,20,30,18,35,25,17,17,23,23,21,15,25
20,0,2,27,18,42,22,32,20,20,24,26,30,18,27,30,13,21,4,22,19,23,38,46,22,14,37,23,31,37,30,32,32,12,18,15,24,15,12,13,23,18,29,25,13,37,32,23,24,11,39,39,22,25,15,17,26,42,36,18,23,14,36,25,14,17,29,37,23,16,38,20,16,38,20,14,20,17,22,25,13,36,24,10,38,37,21,14,17,36,42,30,38,27,20,36,28,2,17,15,36,38,29,36,19,29,36,29,44,32,13,16,14,20,12,13,23,37,26,18,36,33,21,14,28,25,25,19,15,17,29,13,30,30,17,29,30,18,13,7,14,28,16,13,15,19,18,16,24,21,18,30,19,20,19,12,29,30,29,16,39,32,30,30,23,40,30,17,14,17,30,17,26,30,32,12,25,19,30,44,12,8,29,30,15,12,33,23
22,2,0,25,13,42,19,30,18,25,24,26,32,19,29,32,12,23,6,21,20,25,38,48,24,15,38,25,33,36,32,33,34,5,19,15,20,13,12,5,25,19,29,26,14,38,32,22,27,7,39,39,25,28,17,17,25,42,38,17,25,12,35,27,13,20,29,36,23,13,39,20,18,38,21,13,22,21,22,29,14,38,23,10,38,36,20,14,20,34,42,31,36,29,18,36,26,4,15,16,36,38,29,38,19,29,38,27,44,34,12,15,17,21,12,13,26,37,26,19,38,33,23,13,28,27,28,15,19,15,26,12,32,30,13,30,32,19,12,9,13,30,12,13,16,19,18,15,27,19,19,32,15,19,17,13,29,29,31,16,41,33,30,30,29,40,30,15,15,17,34,18,25,30,34,12,27,19,30,44,12,10,30,30,14,11,33,23
12,27,25,0,27,30,19,20,35,19,12,12,8,35,14,8,27,10,25,16,15,17,18,31,17,28,14,17,26,19,6,26,22,22,17,21,14,14,30,19,17,35,2,13,27,21,18,14,18,25,27,29,17,19,21,17,20,27,20,25,17,29,37,20,19,15,2,16,15,30,27,14,12,20,15,24,11,18,14,10,25,12,30,27,18,19,12,28,40,16,25,12,16,14,25,24,23,26,20,15,23,32,14,23,23,16,14,2,32,26,25,21,32,11,24,26,20,21,18,35,12,13,18,25,15,19,19,22,31,30,14,23,23,20,27,16,8,35,31,23,23,21,29,27,15,15,35,21,18,35,35,8,22,36,34,29,12,20,12,27,22,27,18,20,9,23,18,34,28,17,27,33,21,15,24,24,20,35,20,32,31,22,18,17,28,29,11,30
22,18,13,27,0,43,21,31,17,23,22,29,33,18,27,33,4,22,13,20,21,20,36,46,20,6,36,19,30,37,33,29,31,14,18,17,21,17,23,13,20,19,27,22,8,36,31,23,27,19,40,42,22,26,16,25,25,40,36,25,20,4,37,24,19,20,29,36,24,11,42,20,17,36,19,5,19,21,22,27,8,39,26,10,36,37,20,12,19,36,40,25,36,27,25,39,30,16,18,17,36,38,27,36,25,29,39,27,47,33,6,18,6,19,9,4,27,36,27,19,39,31,23,4,27,30,27,17,8,12,25,6,26,33,3,29,33,18,2,19,8,24,12,2,17,15,18,18,27,13,18,33,17,15,18,8,27,31,28,12,42,29,33,33,27,38,31,10,5,25,29,15,25,31,28,9,30,22,27,47,2,17,33,31,5,9,31,26
29,42,42,30,43,0,35,36,52,33,31,20,28,50,30,28,46,38,42,35,34,35,31,34,36,40,33,35,33,30,28,33,40,34,36,35,32,36,42,40,35,51,30,33,43,19,30,31,34,34,15,27,34,37,33,39,35,25,31,30,35,45,43,38,38,38,32,33,34,47,15,36,32,29,33,46,32,32,38,26,43,24,48,39,29,30,39,41,52,33,17,33,33,30,30,12,36,43,34,36,31,32,30,31,40,32,24,30,28,33,46,32,41,36,42,44,36,17,28,52,24,29,32,46,31,38,34,38,39,47,35,45,43,21,45,32,28,50,45,32,47,41,44,44,38,37,51,32,34,52,49,28,36,53,45,40,22,35,17,44,29,35,18,28,26,34,18,47,42,39,29,52,35,24,42,42,38,53,30,28,44,41,18,24,42,45,31,48
14,22,19,19,21,35,0,26,24,10,13,23,25,27,17,25,22,15,24,17,18,12,28,36,12,25,26,12,24,26,25,27,31,17,16,13,14,16,21,19,12,30,19,15,22,26,25,11,21,17,32,32,16,19,14,17,23,27,28,22,12,20,32,18,17,14,24,26,19,22,32,8,16,28,17,19,12,4,21,18,23,31,25,21,28,26,18,19,28,28,30,20,28,17,22,29,21,23,18,18,24,31,17,26,19,22,31,19,37,29,20,18,25,12,22,21,23,26,22,29,31,23,6,19,17,21,24,17,27,20,22,20,27,23,20,20,25,29,21,16,20,27,20,21,18,13,29,18,21,27,29,25,17,30,23,18,22,26,19,24,34,27,23,23,18,30,23,22,25,17,28,28,23,25,29,22,21,30,27,37,21,19,23,24,19,20,23,24
22,32,30,20,31,36,26,0,37,23,24,23,25,36,21,25,34,27,27,26,26,28,31,41,26,30,32,28,32,29,23,32,25,28,27,25,24,27,33,30,28,35,26,25,30,28,27,21,27,26,30,29,26,31,23,28,26,35,33,26,28,34,38,27,29,27,22,33,26,33,30,27,28,30,24,34,28,23,26,24,30,29,34,27,31,29,27,26,36,33,31,27,32,21,27,27,10,33,25,28,29,37,21,29,25,19,31,24,36,35,32,27,30,28,32,31,28,28,27,36,29,28,23,34,24,27,28,29,31,32,19,31,32,22,32,19,25,37,32,26,35,28,26,34,28,27,35,27,27,36,38,25,29,37,30,33,20,7,22,32,34,34,21,20,22,18,21,32,30,28,35,37,27,23,35,32,29,38,20,36,34,27,21,23,28,34,27,32
31,20,18,35,17,52,24,37,0,30,33,40,45,20,37,45,16,31,20,32,35,33,46,56,32,25,47,33,42,46,45,42,41,23,33,25,30,28,23,19,33,17,38,32,16,46,42,32,33,30,51,53,37,34,25,27,36,50,47,32,33,14,39,39,29,31,38,47,37,22,52,31,30,45,33,21,30,26,32,36,16,45,28,18,47,46,29,21,21,47,50,37,47,37,32,46,30,20,27,31,46,47,37,46,29,38,45,38,58,43,19,26,24,29,19,20,35,46,37,18,45,42,29,17,37,33,37,28,24,18,31,17,40,40,15,37,45,20,16,30,19,38,19,17,30,28,15,27,33,13,8,45,28,6,17,17,36,34,39,21,54,42,42,44,36,46,43,18,25,27,42,14,36,42,42,20,33,14,40,58,15,19,44,42,21,16,41,28
10,20,25,19,23,33,10,23,30,0,12,17,25,29,17,25,25,17,21,10,20,17,26,36,17,26,28,17,29,26,25,30,28,19,17,14,10,17,24,20,17,29,17,9,25,22,17,12,25,21,28,32,21,23,14,18,24,30,26,26,17,24,33,23,22,18,21,28,22,29,28,16,18,28,19,24,18,8,17,17,26,31,22,22,26,26,17,22,33,28,26,14,28,17,26,25,8,23,16,18,26,34,17,26,14,19,31,19,37,32,23,18,26,18,22,24,26,22,25,29,31,21,8,24,17,26,26,18,29,25,15,24,28,21,25,19,25,28,27,20,25,25,23,24,18,17,29,18,26,30,28,25,18,29,27,28,17,21,15,25,34,31,21,23,19,24,19,27,26,18,33,27,25,25,30,23,26,31,20,37,27,16,19,25,24,28,23,22
2,24,24,12,22,31,13,24,33,12,0,15,18,29,15,18,21,10,18,11,14,12,18,34,12,23,20,12,24,24,18,25,24,17,12,16,7,11,25,11,12,29,12,6,22,22,19,8,20,20,28,30,16,17,16,12,19,30,16,24,12,25,34,18,10,12,14,20,16,23,28,10,11,26,14,20,11,13,13,17,21,24,24,22,18,24,9,23,33,20,26,11,20,15,24,25,17,18,16,12,24,30,13,24,12,17,24,12,35,26,20,16,23,11,19,21,20,22,18,29,24,11,13,21,13,19,20,15,26,27,14,19,22,19,21,17,18,30,26,18,20,19,22,22,12,12,30,16,20,31,30,18,15,30,29,25,15,22,15,23,26,26,19,21,17,24,19,27,23,12,27,29,20,23,24,19,19,28,20,35,25,17,19,23,23,21,15,23
15,26,26,12,29,20,23,23,40,17,15,0,18,36,14,18,30,20,23,17,20,19,22,33,19,32,22,19,28,23,18,29,25,18,20,21,16,20,28,24,19,35,12,17,29,11,18,15,24,21,15,27,21,21,19,20,23,24,22,21,19,28,34,23,24,20,15,22,21,33,13,20,20,18,20,30,20,18,23,10,31,24,31,23,20,23,20,24,37,21,16,17,21,14,22,10,21,26,18,20,25,33,14,25,22,14,24,12,30,30,28,15,29,20,26,28,24,12,24,36,24,14,18,30,15,24,24,20,35,34,18,29,28,11,29,15,18,36,29,18,31,26,27,30,20,19,34,15,24,37,34,18,20,37,36,26,3,18,5,31,27,30,8,18,10,24,6,34,32,20,29,36,24,14,30,26,23,37,19,30,29,23,4,14,30,27,16,31
18,30,32,8,33,28,25,25,45,25,18,18,0,39,20,2,30,16,32,22,14,23,17,32,22,28,17,23,20,20,2,24,25,28,22,27,20,18,34,23,23,39,6,19,27,21,16,20,22,26,23,25,18,23,39,24,15,26,19,26,23,31,35,21,19,18,7,17,14,31,23,20,18,23,14,32,18,24,19,17,27,6,36,33,17,20,20,33,45,15,24,18,17,18,26,20,28,32,27,20,23,31,20,23,29,20,10,8,28,24,31,27,32,15,30,32,15,21,13,39,8,16,24,33,21,20,15,28,33,37,19,29,23,16,33,20,2,41,32,24,31,24,34,33,18,18,40,27,20,41,41,2,28,42,35,31,18,25,18,33,14,25,14,16,17,24,14,37,28,22,21,39,16,12,24,30,23,42,16,28,32,28,14,13,28,31,14,36
29,18,19,35,18,50,27,36,20,29,29,36,39,0,36,43,18,27,19,35,33,32,46,57,30,19,47,32,40,46,45,37,42,22,32,24,32,28,23,23,32,8,37,30,20,46,39,31,34,24,52,53,36,35,25,28,34,50,46,31,32,21,34,39,29,28,38,47,34,24,52,28,22,46,33,22,27,28,30,37,20,46,25,21,48,46,29,20,8,47,50,36,47,38,31,42,34,19,26,26,47,41,38,45,27,36,46,37,58,42,21,27,18,27,21,23,36,44,33,2,46,42,29,21,37,34,36,27,19,18,33,22,41,43,22,37,43,6,19,28,22,36,20,20,26,27,8,26,35,17,11,45,27,19,19,17,37,36,37,23,53,37,44,44,36,42,43,15,19,28,42,12,34,43,43,22,34,12,38,58,18,20,43,43,19,16,42,25
15,27,29,14,27,30,17,21,37,17,15,14,20,36,0,20,31,16,23,18,19,19,23,31,19,28,23,19,28,21,20,27,26,20,19,19,16,18,25,22,19,34,14,17,28,21,22,9,22,21,27,15,20,23,19,21,21,27,21,24,19,29,36,22,23,18,16,23,19,32,27,18,19,23,18,28,19,16,21,14,29,26,30,25,23,21,16,26,39,21,25,17,21,2,24,24,20,25,20,19,11,33,2,9,17,2,24,14,26,30,26,20,28,19,26,27,24,21,22,34,24,16,16,28,5,25,24,19,31,31,14,27,26,19,28,4,20,34,30,22,29,24,27,27,19,18,34,20,25,37,34,18,19,35,31,28,14,17,14,30,29,28,18,6,14,21,18,32,28,21,32,34,22,20,29,26,25,35,21,26,27,18,18,20,29,31,16,30
18,30,32,8,33,28,25,25,45,25,18,18,2,43,20,0,30,16,32,22,14,23,17,32,22,28,17,23,20,20,4,24,25,28,22,27,20,18,34,23,23,39,8,19,27,21,17,20,22,26,23,25,18,23,27,20,15,26,19,26,23,31,33,19,19,18,8,17,14,31,23,18,18,21,14,32,18,24,19,17,27,8,36,33,17,20,20,33,45,17,24,18,17,18,26,20,28,32,26,20,23,30,20,23,27,19,8,6,28,24,31,27,32,15,30,32,15,21,13,39,10,15,24,33,21,20,15,28,33,37,19,29,23,16,33,20,2,41,32,24,31,24,34,33,18,18,40,27,20,41,41,4,28,42,35,31,18,25,18,33,16,25,14,16,17,23,14,37,28,22,21,39,16,13,24,30,23,42,16,28,32,28,14,11,28,31,13,36
21,13,12,27,4,46,22,34,16,25,21,30,30,18,31,30,0,26,13,21,18,21,40,51,21,7,40,21,31,42,32,29,31,15,19,21,22,19,22,16,21,19,31,24,7,41,32,28,27,19,40,42,23,25,21,19,25,45,40,25,21,5,37,25,18,16,33,40,21,11,42,22,14,40,22,7,20,25,20,31,7,37,25,11,40,42,24,13,19,40,45,27,40,32,25,39,30,14,22,14,41,38,32,41,22,34,37,31,47,29,8,22,6,20,9,5,24,41,25,18,37,35,27,8,32,26,24,21,8,13,27,4,32,33,6,32,32,15,3,19,6,28,13,4,14,20,17,22,28,11,15,32,21,13,19,8,34,31,32,10,41,29,33,33,31,40,31,10,7,19,30,14,25,31,36,9,26,21,29,47,2,16,33,31,7,8,35,25
10,21,23,10,22,38,15,27,31,17,10,20,16,27,16,16,26,0,18,16,10,13,26,37,12,22,24,13,24,27,16,20,27,17,13,16,12,7,20,14,13,29,10,10,21,27,24,12,13,15,33,31,14,13,16,10,14,33,24,23,13,24,33,18,14,10,12,24,12,25,33,8,8,28,10,19,4,14,7,19,19,22,24,22,25,25,6,22,33,22,33,16,22,18,23,30,22,21,16,10,27,30,18,25,17,18,20,10,38,24,20,15,22,6,18,21,18,30,12,29,20,19,14,20,18,15,18,17,23,26,17,18,19,24,20,20,16,29,26,16,18,15,23,22,10,10,30,16,15,29,30,14,16,30,28,24,19,25,20,21,28,22,24,22,19,29,24,26,22,10,24,28,16,25,21,19,15,30,23,38,26,15,24,25,22,21,17,25
18,4,6,25,13,42,24,27,20,21,18,23,32,19,23,32,13,18,0,24,17,24,40,46,24,14,40,24,34,37,31,33,34,5,22,17,24,18,14,9,24,14,29,25,13,33,31,23,27,11,35,37,26,28,8,19,26,42,38,13,24,14,37,28,15,13,31,40,24,19,35,24,15,36,20,12,21,17,23,25,11,38,24,9,38,37,22,10,16,38,40,30,38,27,13,32,28,10,12,15,37,39,28,36,9,28,38,29,42,34,12,8,14,21,12,13,23,33,27,15,38,35,21,14,27,27,27,10,15,15,28,12,32,21,14,31,31,17,13,9,15,29,11,13,17,20,15,14,27,21,19,31,10,18,15,12,27,26,29,16,40,33,21,28,27,40,26,13,14,19,34,19,26,26,34,12,27,19,29,44,13,10,26,26,13,12,33,24
9,22,21,16,20,35,17,26,32,10,11,17,22,35,18,22,21,16,24,0,18,7,28,41,7,29,30,7,26,28,22,28,24,21,10,18,13,16,24,19,7,31,21,14,26,28,17,18,23,24,30,32,18,24,18,15,22,35,26,26,7,25,30,20,22,20,21,30,19,24,30,19,16,33,16,21,20,20,22,24,28,28,25,24,26,28,20,26,34,29,31,17,29,21,26,27,20,24,18,14,28,30,21,29,19,22,28,21,37,30,21,20,24,20,20,21,24,28,24,30,28,22,20,20,19,23,24,20,25,30,19,23,30,21,22,22,22,31,24,23,22,27,27,20,16,18,30,20,23,33,31,22,20,30,29,22,20,23,22,24,31,28,21,23,24,30,21,30,29,15,30,30,22,25,32,20,23,32,18,37,23,21,21,25,23,22,24,25
14,19,20,15,21,34,18,26,35,20,14,20,14,33,19,14,18,10,17,18,0,14,26,38,17,16,26,14,18,24,16,16,29,23,19,20,15,10,26,20,14,31,15,16,17,27,20,16,11,14,29,29,10,12,20,13,10,30,24,16,14,22,31,14,12,4,20,26,5,20,29,17,12,29,6,24,12,19,15,20,15,20,26,23,24,24,14,25,33,24,30,19,24,19,17,26,23,22,19,8,26,27,19,26,23,23,22,15,34,14,23,19,16,12,24,22,6,27,10,32,22,21,16,25,17,7,6,20,21,29,20,23,19,20,23,23,16,31,23,14,24,18,26,23,4,12,31,19,9,33,32,16,20,30,25,20,24,27,21,19,23,16,20,20,20,32,20,29,16,15,14,32,10,21,23,24,9,31,22,34,20,21,20,21,18,21,19,26
12,23,25,17,20,35,12,28,33,17,12,19,23,32,19,23,21,13,24,7,14,0,25,37,1,16,23,1,13,28,23,28,24,19,5,18,10,13,27,19,1,32,17,12,17,28,23,14,17,19,34,34,5,12,18,17,22,30,25,23,1,16,34,7,16,11,22,23,11,14,34,8,17,30,14,19,13,10,19,21,19,29,26,20,24,28,17,23,31,26,32,17,26,19,23,31,13,24,22,16,28,28,19,28,21,24,29,17,39,22,20,19,16,13,16,17,19,28,22,33,29,21,9,20,19,19,20,20,16,29,18,20,23,25,16,24,23,34,20,18,20,21,25,20,15,11,31,19,17,32,31,23,20,29,30,13,24,22,21,20,32,28,25,25,21,34,25,27,16,17,23,32,22,27,25,16,17,35,26,39,19,24,25,27,20,13,21,25
16,38,38,18,36,31,28,31,46,26,18,22,17,46,23,17,40,26,40,28,26,25,0,26,26,37,12,25,27,14,18,28,29,31,26,30,23,25,41,25,25,44,18,22,36,18,24,24,28,34,23,25,26,32,30,26,26,22,10,35,25,39,36,28,26,30,19,12,26,39,23,24,25,18,27,34,29,27,28,23,35,25,40,36,6,14,23,37,50,12,21,21,11,22,35,28,32,34,30,26,18,36,23,18,30,22,24,18,26,28,34,31,40,29,33,35,26,18,25,44,25,11,26,36,23,28,26,31,41,41,22,33,34,23,35,24,18,44,40,33,35,31,38,36,26,30,44,31,28,45,44,18,31,46,45,39,22,30,22,38,18,29,21,22,23,22,21,43,37,26,31,43,27,23,32,33,30,44,23,25,39,31,21,23,37,39,13,40
34,46,48,31,46,34,36,41,56,36,34,33,32,57,31,32,51,37,46,41,38,37,26,0,40,48,22,37,39,23,33,40,41,39,38,38,35,35,49,39,37,53,31,36,47,27,36,32,40,42,28,28,38,46,38,36,39,32,28,43,37,48,50,40,42,40,32,22,36,51,27,37,38,24,38,47,42,35,38,31,48,32,49,44,26,23,37,45,57,24,31,36,24,31,43,33,42,44,39,38,27,43,31,27,40,31,34,31,21,41,45,39,49,42,45,47,38,27,40,53,35,27,35,47,32,38,38,39,50,50,35,46,46,33,48,32,32,53,49,41,48,42,46,47,36,41,53,39,38,56,53,33,39,55,53,47,30,38,32,49,23,41,31,33,31,30,31,50,48,40,40,53,40,33,44,45,42,54,36,22,47,39,31,32,48,50,27,49
12,22,24,17,20,36,12,26,32,17,12,19,22,30,19,22,21,12,24,7,17,1,26,40,0,15,23,1,13,28,22,27,26,21,5,20,10,15,24,21,1,32,17,12,17,28,22,14,16,18,33,33,5,12,20,17,21,29,25,22,1,16,34,7,15,14,21,23,11,13,33,10,17,30,13,19,15,12,18,21,19,28,28,22,24,28,16,21,31,26,31,17,26,19,22,30,12,24,23,17,28,28,19,28,21,23,28,17,38,24,19,21,15,15,16,17,19,28,21,32,28,21,9,20,19,18,20,22,15,26,17,19,22,24,16,23,22,34,20,17,20,21,24,20,16,13,31,21,16,32,30,22,22,29,29,13,23,24,20,19,31,27,24,24,21,33,24,26,15,17,24,30,21,26,25,16,17,35,25,38,19,23,24,26,20,13,21,27
23,14,15,28,6,40,25,30,25,26,23,32,28,19,28,28,7,22,14,29,16,16,37,48,15,0,37,16,25,38,28,26,30,12,20,17,19,15,22,13,16,19,27,21,4,38,28,24,20,15,36,38,17,20,17,25,22,41,37,21,16,6,36,19,14,16,32,37,19,6,38,18,22,37,18,9,18,21,24,28,6,34,28,13,37,38,23,13,19,36,41,24,36,29,21,33,32,17,17,19,38,36,28,38,27,33,34,27,43,28,7,16,1,18,6,7,22,38,22,21,34,32,24,10,29,25,22,17,3,16,25,7,32,29,6,33,28,17,6,15,9,28,15,5,19,17,22,15,20,16,16,28,17,20,15,5,33,33,30,7,37,26,29,29,28,41,27,17,1,25,24,19,22,27,34,6,25,21,29,43,5,19,29,27,5,6,31,28
20,37,38,14,36,33,26,32,47,28,20,22,17,47,23,17,40,24,40,30,26,23,12,22,23,37,0,26,28,17,15,31,26,31,26,30,23,25,39,27,26,44,16,23,36,19,25,24,30,34,23,25,26,34,30,24,28,23,13,35,26,39,40,27,28,30,14,2,26,39,23,24,24,14,27,34,28,27,28,21,35,20,40,36,8,16,23,37,49,8,23,22,8,23,35,28,32,36,30,26,19,36,23,19,32,23,21,16,25,31,34,31,41,29,33,35,28,19,27,44,20,13,27,36,24,30,27,31,42,41,23,33,32,24,36,24,17,44,40,33,35,31,38,36,26,30,44,31,30,45,44,17,31,45,45,39,22,28,22,38,16,32,22,24,19,22,22,43,37,26,32,43,29,23,33,33,28,45,24,25,39,31,22,22,37,39,13,40
12,23,25,17,19,35,12,28,33,17,12,19,23,32,19,23,21,13,24,7,14,1,25,37,1,16,26,0,13,28,23,28,16,19,5,18,10,13,27,19,1,32,17,12,17,28,23,14,17,19,34,34,5,12,18,17,22,30,25,23,1,16,34,7,16,11,22,23,11,14,34,8,17,30,14,19,13,10,19,21,19,29,26,20,24,28,17,22,31,26,32,17,26,19,23,31,11,24,22,16,28,28,19,28,21,24,29,17,39,22,20,19,16,13,16,17,19,28,22,33,29,21,9,19,19,19,20,20,16,29,18,20,23,25,16,24,23,34,20,18,20,25,26,20,17,11,31,20,17,32,31,23,20,29,30,13,24,15,21,20,32,28,25,25,21,34,25,29,16,17,23,32,22,27,25,16,17,35,26,39,19,24,25,27,19,13,21,25
24,31,33,26,30,33,24,32,42,29,24,28,20,40,28,20,31,24,34,26,18,13,27,39,13,25,28,13,0,29,23,19,28,39,24,33,22,31,38,37,25,44,25,24,32,28,23,30,20,29,33,32,14,23,33,29,18,29,24,26,25,33,26,10,26,34,28,27,20,29,33,26,32,32,22,33,32,26,25,29,32,20,41,39,24,28,33,39,44,28,31,21,28,27,26,25,35,38,37,31,27,21,27,27,35,30,22,25,38,16,39,37,27,34,30,33,16,28,18,44,22,24,30,35,25,20,18,38,28,39,25,39,28,24,34,30,23,45,33,30,35,30,39,36,34,34,43,37,18,45,44,23,38,45,37,32,30,35,27,31,32,19,25,25,29,35,25,41,31,27,13,44,18,27,31,30,20,45,23,38,32,36,25,27,29,32,26,43
24,37,36,19,37,30,26,29,46,26,24,23,20,46,21,20,42,27,37,28,24,28,14,23,28,38,17,28,29,0,21,29,31,29,27,28,25,25,39,31,28,43,19,26,37,18,24,22,30,32,22,25,27,34,28,26,27,22,16,33,28,40,41,29,32,30,20,17,26,39,22,27,24,15,24,37,29,25,28,20,38,26,38,34,14,2,25,35,49,14,21,26,14,21,33,26,29,34,27,26,19,38,21,19,30,21,25,18,24,30,35,28,39,29,35,37,28,18,28,43,26,17,25,37,20,30,28,29,40,39,25,36,32,23,38,22,20,43,39,31,38,31,36,37,26,28,43,28,30,46,43,21,28,44,43,40,18,28,20,39,20,30,21,23,20,18,21,41,38,26,30,43,28,22,33,35,28,44,26,24,38,29,20,21,38,36,15,38
18,30,32,6,33,28,25,23,45,25,18,18,2,45,20,4,32,16,31,22,16,23,18,33,22,28,15,23,23,21,0,24,23,28,22,27,20,20,34,25,23,41,6,19,27,21,16,20,22,26,23,25,18,23,27,22,17,26,19,26,23,31,33,19,21,20,5,17,16,31,23,20,18,22,16,32,18,24,21,16,27,6,36,33,17,20,20,33,45,15,24,18,17,18,26,20,28,32,27,20,23,30,20,23,28,19,10,8,28,24,31,27,32,18,30,32,17,21,15,41,6,16,24,33,21,22,17,28,32,36,19,29,25,16,33,20,2,41,32,24,31,24,34,33,20,20,40,27,22,41,41,2,28,42,36,31,18,23,18,33,16,25,14,16,15,24,14,37,28,22,25,39,18,11,26,30,23,42,16,28,32,29,14,13,28,31,14,36
25,32,33,26,29,33,27,32,42,30,25,29,24,37,27,24,29,20,33,28,16,28,28,40,27,26,31,28,19,29,24,0,36,29,31,28,25,20,37,28,28,42,26,28,29,31,21,26,19,29,30,29,25,23,28,24,10,32,28,28,28,32,25,27,24,22,29,29,18,31,30,27,22,33,18,34,22,30,27,30,29,19,37,34,28,28,25,36,43,29,32,27,29,29,28,20,37,34,28,24,29,16,29,29,33,32,19,25,36,4,31,28,29,20,32,34,16,29,12,41,19,26,29,31,28,20,16,29,31,38,32,33,30,22,35,32,20,39,28,27,33,26,36,31,22,16,40,28,19,40,41,20,29,43,34,33,32,36,29,34,24,2,23,25,30,37,25,38,30,27,10,39,10,26,31,32,19,42,28,36,32,31,25,26,26,33,26,37
24,32,34,22,31,40,31,25,41,28,24,25,25,42,26,25,31,27,34,24,29,24,29,41,26,30,26,16,28,31,23,36,0,36,15,36,27,32,36,33,17,40,24,27,30,33,27,32,29,33,36,38,16,37,36,34,32,38,32,37,17,33,37,19,31,37,26,31,26,30,36,31,32,33,29,31,36,32,34,28,32,30,40,35,30,32,33,35,44,29,36,28,29,24,37,34,31,39,36,33,32,36,26,34,36,26,30,26,37,36,30,36,33,36,30,31,33,33,32,40,30,27,30,31,29,33,33,36,33,38,23,30,38,30,32,26,27,42,34,34,34,33,37,32,33,36,40,36,31,42,42,25,35,39,38,33,28,29,30,32,30,35,29,27,28,35,29,38,29,34,31,42,32,29,37,30,28,43,25,37,34,35,29,29,32,31,27,38
17,12,5,22,14,34,17,28,23,19,17,18,28,22,20,28,15,17,5,21,23,19,31,39,21,12,31,19,39,29,28,29,36,0,18,7,18,12,13,2,16,18,22,19,14,27,29,13,21,10,33,35,20,19,9,17,23,29,31,16,16,17,34,22,14,14,24,31,21,13,31,15,14,27,17,11,14,14,17,18,14,34,22,9,31,29,15,10,18,31,31,24,31,20,14,28,24,9,9,14,29,35,20,29,15,22,34,22,40,30,12,7,15,14,9,12,24,27,24,18,34,26,16,13,20,23,24,7,16,15,23,13,25,24,12,22,28,18,14,10,13,23,13,14,14,13,19,7,21,23,17,28,7,19,17,10,20,27,20,16,37,29,24,26,18,31,24,15,15,17,28,19,23,24,27,9,23,18,28,40,14,9,22,24,13,10,26,22
12,18,19,17,18,36,16,27,33,17,12,20,22,32,19,22,19,13,22,10,19,5,26,38,5,20,26,5,24,27,22,31,15,18,0,17,14,14,24,14,5,28,21,16,20,31,22,18,16,22,33,33,4,19,17,10,21,32,28,25,5,21,29,6,18,16,21,30,10,20,33,12,12,34,15,19,16,14,17,25,22,28,25,21,28,31,16,24,30,30,34,20,30,23,25,30,7,21,22,12,31,24,23,31,16,23,28,21,38,23,20,20,19,16,15,19,19,31,21,28,28,25,13,22,22,18,21,22,24,27,19,20,25,24,20,25,22,30,21,20,22,23,23,20,12,16,27,20,16,30,27,22,22,29,29,19,25,13,25,22,31,27,24,24,23,34,24,27,19,12,23,27,21,26,27,14,16,31,22,38,17,19,24,26,23,17,25,25
14,15,15,21,17,35,13,25,25,14,16,21,27,24,19,27,21,16,17,18,20,18,30,38,20,17,30,18,33,28,27,28,36,7,17,0,17,11,11,11,17,21,21,16,17,28,26,14,22,13,34,34,21,20,2,16,22,30,30,20,17,19,33,23,15,13,23,30,20,21,34,14,13,28,16,16,11,9,16,19,18,33,21,13,30,28,14,12,22,30,32,21,30,17,20,31,20,12,10,11,28,34,19,28,16,21,33,21,39,29,15,12,18,13,14,17,23,28,23,21,33,25,11,16,19,22,21,10,18,17,21,16,22,25,17,21,27,21,17,14,17,22,13,17,13,12,19,12,22,24,21,27,10,23,18,16,21,24,21,18,36,26,25,25,19,28,25,17,18,14,29,22,20,25,26,15,22,21,26,39,17,5,25,25,16,16,25,21
6,24,20,14,21,32,14,24,30,10,7,16,20,32,16,20,22,12,24,13,15,10,23,35,10,19,23,10,22,25,20,25,27,18,14,17,0,10,25,15,10,28,14,6,20,23,17,11,20,20,29,31,12,18,17,13,20,31,21,25,10,23,30,14,17,13,16,21,15,18,29,9,13,27,15,20,13,13,14,18,20,26,23,22,21,25,12,23,33,23,27,11,23,16,25,26,15,23,16,13,25,28,16,25,13,18,26,12,36,23,18,17,19,13,14,20,19,23,20,28,26,14,13,21,16,21,21,18,19,25,9,18,23,18,21,18,20,26,21,19,21,20,24,21,13,13,29,17,21,30,28,20,18,26,27,24,16,22,16,22,29,27,18,22,18,25,20,26,19,13,26,28,21,24,25,16,18,29,17,36,21,18,20,22,21,16,18,23
11,15,13,14,17,36,16,27,28,17,11,20,18,28,18,18,19,7,18,16,10,13,25,35,15,15,25,13,31,25,20,20,32,12,14,11,10,0,16,8,10,24,14,13,16,27,24,13,15,15,33,33,14,13,11,7,14,31,25,21,10,20,31,16,11,6,16,25,9,17,33,8,6,28,8,14,4,12,7,19,16,24,22,17,25,25,7,18,29,23,31,18,23,18,21,30,22,17,9,4,27,28,18,27,14,20,26,14,38,18,15,11,17,4,12,16,14,27,14,24,26,20,14,15,18,13,14,12,18,20,15,15,15,24,17,20,20,24,17,14,15,15,19,17,4,4,24,11,13,26,25,20,12,25,24,15,20,25,20,19,27,20,24,24,19,29,24,22,17,7,20,25,14,25,17,12,15,26,23,38,17,12,24,25,18,13,18,22
25,12,12,30,23,42,21,33,23,24,25,28,34,23,25,34,22,20,14,24,26,27,41,49,24,22,39,27,38,39,34,37,36,13,24,11,25,16,0,15,27,22,25,21,22,36,34,24,27,15,39,41,27,30,17,22,29,42,38,21,27,23,37,29,17,24,35,38,27,24,39,25,23,36,23,21,25,21,26,27,22,40,25,18,38,38,25,17,22,36,42,33,38,26,22,36,22,15,17,22,38,40,28,39,24,33,38,27,46,36,20,17,22,25,21,22,30,38,30,22,37,33,20,21,29,29,30,17,24,13,32,21,35,30,22,32,33,22,21,15,22,32,15,22,22,21,24,17,29,25,24,31,17,26,13,21,30,28,30,22,43,35,30,32,27,37,30,13,23,22,36,24,29,30,36,21,29,21,33,46,21,12,30,30,21,19,31,23
11,13,5,19,13,40,19,30,19,20,11,24,23,23,22,23,16,14,9,19,20,19,25,39,21,13,27,19,37,31,25,28,33,2,14,11,15,8,15,0,16,20,19,15,12,31,28,17,21,10,37,37,18,19,11,13,20,35,25,20,16,15,35,20,6,12,21,27,17,14,37,11,11,31,14,11,11,16,13,22,12,29,24,13,27,31,11,14,21,27,35,20,27,22,20,34,25,9,12,12,31,32,22,31,18,24,31,19,42,26,11,13,13,9,9,12,20,31,19,20,31,20,18,12,22,19,20,12,15,16,20,10,23,28,12,24,25,20,13,10,11,21,15,13,10,10,20,13,19,22,20,25,12,22,21,10,24,28,24,15,31,26,28,28,22,33,28,18,14,15,26,20,20,28,23,9,21,20,26,42,13,9,28,28,13,11,22,24
12,23,25,17,20,35,12,28,33,17,12,19,23,32,19,23,21,13,24,7,14,1,25,37,1,16,26,1,25,28,23,28,17,16,5,17,10,10,27,16,0,32,17,12,17,28,23,14,17,19,34,34,5,12,18,17,22,30,25,23,1,16,34,7,16,11,22,23,11,14,34,8,17,30,14,19,13,10,19,21,19,29,28,20,24,28,17,22,31,26,32,17,26,19,23,31,13,24,22,17,28,28,19,28,20,24,29,17,39,22,20,20,16,13,16,17,19,28,22,33,29,21,9,20,19,19,21,20,16,29,18,20,23,25,16,24,23,34,20,18,20,21,25,20,15,11,31,19,17,32,31,23,20,29,30,13,24,17,21,20,32,28,25,25,21,34,25,27,16,17,23,32,22,27,25,16,17,35,26,39,19,24,25,27,20,13,21,27
29,18,19,35,19,51,30,35,17,29,29,35,39,8,34,39,19,29,14,31,31,32,44,53,32,19,44,32,44,43,41,42,40,18,28,21,28,24,22,20,32,0,39,33,18,44,41,32,34,28,52,53,36,36,24,28,35,50,46,26,32,22,36,38,30,28,38,48,34,24,52,30,24,46,33,23,29,28,30,37,20,46,26,19,48,46,29,20,4,48,50,37,48,38,26,44,32,18,26,26,46,45,38,44,24,36,46,39,58,42,21,26,18,29,21,22,36,43,36,6,46,43,29,24,37,35,36,25,19,18,34,20,41,42,23,38,45,13,21,27,23,35,19,22,26,28,7,25,35,19,12,45,25,16,18,15,37,35,39,22,54,41,43,44,37,46,43,19,19,28,42,9,35,42,43,22,34,14,39,58,19,20,43,42,18,16,43,26
10,29,29,2,27,30,19,26,38,17,12,12,6,37,14,8,31,10,29,21,15,17,18,31,17,27,16,17,25,19,6,26,24,22,21,21,14,14,25,19,17,39,0,13,27,21,19,14,18,25,27,29,17,19,21,14,20,27,18,25,17,29,37,20,19,15,4,16,15,30,27,14,12,20,15,24,11,18,14,10,25,12,30,27,18,19,12,28,40,14,25,10,16,12,24,24,23,26,20,15,23,32,14,23,23,16,12,2,32,26,25,21,32,11,24,26,20,21,18,35,12,13,18,25,15,18,19,22,31,30,12,23,23,20,27,16,6,35,31,23,25,21,29,27,15,15,35,21,18,35,35,6,22,36,34,29,12,22,10,27,20,27,18,20,10,23,18,34,28,17,27,33,21,17,24,24,19,35,20,32,31,22,18,17,28,29,9,30
4,25,26,13,22,33,15,25,32,9,6,17,19,30,17,19,24,10,25,14,16,12,22,36,12,21,23,12,24,26,19,28,27,19,16,16,6,13,21,15,12,33,13,0,22,22,15,12,21,21,28,32,16,19,16,14,21,30,20,26,12,23,33,18,16,14,15,23,18,24,28,9,12,28,16,19,12,11,15,17,20,25,24,23,21,26,12,24,36,23,26,5,23,17,26,25,14,23,16,14,26,30,17,26,14,19,25,13,37,28,20,18,23,12,18,21,22,22,19,28,25,15,11,20,17,22,22,19,24,27,11,18,24,21,20,19,19,28,24,20,18,21,25,22,14,14,29,18,22,30,29,17,19,31,28,18,17,23,15,22,29,28,21,23,19,26,19,29,23,14,29,27,22,25,26,18,22,29,17,37,24,19,19,25,22,24,18,24
22,13,14,27,8,43,22,30,16,25,22,29,27,20,28,27,7,21,13,26,17,17,36,47,17,4,36,17,32,37,27,29,30,14,20,17,20,16,22,12,17,18,27,22,0,36,27,23,20,15,38,38,18,20,16,22,21,41,35,21,17,4,35,20,13,16,31,35,20,8,38,18,19,36,15,7,18,20,24,27,2,33,29,10,35,37,21,10,20,35,40,24,35,28,21,35,29,17,17,20,37,37,27,37,25,33,33,26,43,27,3,16,4,18,6,5,23,36,23,17,33,30,22,6,27,22,23,17,6,13,25,7,30,29,6,32,27,17,7,15,8,29,9,8,20,17,20,15,20,16,17,27,17,19,12,6,32,30,29,6,36,27,29,29,27,38,29,14,4,22,27,11,21,29,32,6,22,19,23,43,7,17,27,29,4,5,30,28
20,37,38,21,36,19,26,28,46,22,22,11,21,46,21,21,41,27,33,28,27,28,18,27,28,38,19,28,28,18,21,31,33,27,31,28,23,27,36,31,28,44,21,22,36,0,21,22,35,28,10,22,28,35,26,30,30,17,18,29,28,40,39,30,32,28,22,19,28,41,10,27,28,15,28,37,32,25,30,19,38,25,37,32,16,18,27,33,47,19,7,25,19,25,29,11,26,33,24,26,16,37,25,16,27,22,25,25,28,34,35,25,42,32,35,37,31,2,31,43,25,22,25,37,26,35,31,27,41,40,23,36,34,13,38,22,21,43,40,27,38,33,34,37,26,31,42,25,32,45,43,21,27,44,41,40,12,26,8,39,25,34,10,21,21,21,9,41,38,30,32,43,31,17,35,35,32,44,22,28,41,29,8,17,38,41,24,37
17,32,32,18,31,30,25,27,42,17,19,18,16,39,22,17,32,24,31,17,20,23,24,36,22,28,25,23,23,24,16,21,27,29,22,26,17,24,34,28,23,41,19,15,27,21,0,26,27,26,22,26,18,28,28,26,21,27,21,27,23,30,30,19,24,24,22,24,20,30,22,22,23,27,18,30,23,23,26,21,27,22,31,33,21,26,25,33,42,24,23,12,24,22,27,19,22,33,28,24,24,21,22,24,29,24,23,20,32,30,29,28,30,23,29,32,22,19,21,36,22,20,26,31,21,27,22,29,35,35,20,31,28,15,33,22,16,37,30,25,33,28,34,31,24,22,36,29,27,39,40,16,28,41,35,29,20,27,18,31,25,26,16,18,23,30,14,36,28,26,30,39,20,19,27,29,27,38,15,32,30,28,14,19,26,30,22,31
10,23,22,14,23,31,11,21,32,12,8,15,20,31,9,20,28,12,23,18,16,14,24,32,14,24,24,14,30,22,20,26,32,13,18,14,11,13,24,17,14,32,14,12,23,22,26,0,20,16,28,24,18,19,14,12,20,28,24,22,14,26,33,20,16,14,16,24,18,25,28,13,14,24,15,22,13,11,14,15,24,26,20,20,24,20,11,21,33,24,26,17,24,9,22,25,17,16,14,14,18,31,7,18,12,11,26,14,29,28,21,15,24,13,21,23,22,22,21,28,26,19,11,22,7,20,22,13,27,24,16,22,24,19,23,11,20,29,26,16,23,22,20,23,14,13,29,14,20,31,29,20,11,29,26,22,15,19,15,24,30,27,19,15,15,24,19,27,24,12,29,29,21,21,26,21,21,26,21,29,23,15,19,21,24,23,19,22
19,24,27,18,27,34,21,27,33,25,20,24,22,34,22,22,27,13,27,23,11,17,28,40,16,20,30,17,20,30,22,19,29,21,16,22,20,15,27,21,17,34,18,21,20,35,27,20,0,29,32,32,16,13,25,16,14,27,23,20,16,24,31,17,25,17,21,25,15,30,33,18,18,29,15,31,16,20,20,22,28,28,34,29,23,27,19,30,37,25,29,19,25,18,21,31,28,33,24,19,25,30,18,25,26,22,28,18,38,18,32,22,19,16,28,30,14,26,14,37,28,20,21,29,17,4,14,25,20,33,20,32,23,23,25,22,21,37,29,24,30,22,32,29,19,17,35,22,2,35,37,21,25,36,31,29,23,27,20,26,30,18,24,24,22,33,23,34,20,16,15,37,14,25,23,28,4,37,27,38,27,28,24,25,31,31,20,35
20,11,7,25,19,34,17,26,30,21,20,21,26,24,21,26,19,15,11,24,14,19,34,42,18,15,34,19,29,32,26,29,33,10,22,13,20,15,15,10,19,28,25,21,15,28,26,16,29,0,29,33,18,22,15,22,19,32,32,12,20,19,35,20,6,15,30,34,17,19,29,18,21,26,15,19,17,17,23,17,15,32,28,16,34,30,20,15,23,34,32,25,34,22,12,26,28,13,9,19,31,34,20,31,21,28,30,25,38,26,18,9,16,17,20,19,20,27,20,23,30,28,18,19,20,19,20,9,16,21,27,19,30,20,20,27,26,22,19,4,20,28,16,19,19,16,24,9,19,26,24,24,9,27,17,18,23,27,20,19,35,25,20,24,17,37,20,21,20,23,28,24,19,20,31,20,21,25,27,38,19,13,20,20,15,17,29,26
26,39,39,27,40,15,32,30,51,28,28,15,23,52,27,23,40,33,35,30,29,34,23,28,33,36,23,34,33,22,23,30,36,33,33,34,29,33,39,37,34,52,27,28,38,10,22,28,32,29,0,14,29,35,32,34,29,15,23,29,34,42,39,32,33,33,26,23,29,42,2,33,31,20,28,43,31,31,33,21,38,25,43,38,21,22,34,38,52,24,11,27,24,27,29,13,31,38,30,33,18,31,27,18,35,27,23,27,23,32,41,31,37,31,41,43,30,10,28,49,25,23,31,43,27,36,30,33,44,44,28,40,38,16,44,27,23,47,40,27,44,37,39,41,33,32,47,31,36,47,49,23,33,50,43,39,14,30,15,43,20,30,13,23,23,24,9,44,37,34,33,49,30,17,39,41,36,48,24,23,40,36,11,17,36,42,25,43
30,39,39,29,42,27,32,29,53,32,30,27,25,53,15,25,42,31,37,32,29,34,25,28,33,38,25,34,32,25,25,29,38,35,33,34,31,33,41,37,34,53,29,32,38,22,26,24,32,33,14,0,29,35,34,35,28,21,23,31,34,42,40,32,33,33,28,25,29,42,14,33,33,26,28,43,33,31,33,29,38,27,42,40,25,25,32,40,52,26,23,31,26,17,33,25,35,39,35,33,6,33,17,6,37,14,23,29,17,33,41,35,39,33,41,43,31,22,29,49,25,27,31,43,20,36,31,34,40,42,32,42,37,24,44,14,25,48,42,27,44,36,41,43,33,32,48,35,36,50,47,23,34,50,41,40,27,33,27,43,22,30,23,9,29,28,23,44,39,35,34,47,29,25,38,41,36,49,28,17,42,33,23,25,38,42,27,44
16,22,25,17,22,34,16,26,37,21,16,21,18,36,20,18,23,14,26,18,10,5,26,38,5,17,26,5,14,27,18,25,16,20,4,21,12,14,27,18,5,36,17,16,18,28,18,18,16,18,29,29,0,16,24,18,17,28,24,19,5,22,29,2,16,18,22,26,6,17,29,12,18,30,12,25,18,16,21,21,20,24,30,29,24,28,18,29,35,26,30,17,26,20,19,26,27,27,26,18,27,23,20,27,22,24,24,17,34,18,26,28,17,18,20,25,14,27,17,34,24,21,15,26,19,14,17,28,20,32,18,26,24,20,24,24,18,34,26,18,26,25,29,26,18,18,33,28,12,35,34,18,28,35,30,21,24,12,21,20,27,23,20,20,21,34,20,32,17,18,19,35,17,22,26,20,12,36,21,34,23,25,20,22,21,19,21,29
17,25,28,19,26,37,19,31,34,23,17,21,23,35,23,23,25,13,28,24,12,12,32,46,12,20,34,12,23,34,23,23,37,19,19,20,18,13,30,19,12,36,19,19,20,35,28,19,13,22,35,35,16,0,21,16,16,34,25,22,7,19,37,15,18,12,22,27,11,18,35,13,16,31,13,27,12,15,18,22,22,27,34,25,28,27,16,28,37,27,33,16,27,20,22,32,27,30,20,18,29,34,19,29,28,25,27,18,40,22,30,18,21,12,23,25,16,30,17,38,27,23,14,24,18,15,17,21,20,31,21,30,18,26,20,25,23,39,23,19,23,15,27,23,16,14,37,18,13,39,37,21,21,38,32,23,25,30,22,23,30,22,26,26,22,35,26,30,20,16,20,37,16,28,20,23,17,38,27,40,23,30,26,28,23,23,23,32
14,15,17,21,16,33,14,23,25,14,16,19,39,25,19,27,21,16,8,18,20,18,30,38,20,17,30,18,33,28,27,28,36,9,17,2,17,11,17,11,18,24,21,16,16,26,28,14,25,15,32,34,24,21,0,16,22,32,30,18,17,20,33,23,15,13,23,30,20,20,32,15,13,26,16,17,11,9,16,17,18,33,21,11,30,28,14,10,20,30,30,21,30,17,18,29,20,14,8,11,28,34,19,28,16,21,33,21,39,29,15,10,18,13,15,16,23,26,23,21,33,25,11,17,19,22,20,12,18,17,21,16,22,23,17,21,27,21,16,12,18,22,11,16,13,12,18,10,22,23,22,27,11,24,18,16,19,22,19,19,36,26,23,25,17,28,23,17,18,14,29,22,20,23,26,15,22,22,27,39,16,5,23,23,17,16,25,21
12,17,17,17,25,39,17,28,27,18,12,20,24,28,21,20,19,10,19,15,13,17,26,36,17,25,24,17,29,26,22,24,34,17,10,16,13,7,22,13,17,28,14,14,22,30,26,12,16,22,34,35,18,16,16,0,15,34,28,23,17,23,30,23,17,10,18,30,11,23,38,16,9,33,12,20,12,18,14,24,22,23,24,22,28,29,11,23,30,28,34,22,28,22,23,31,26,19,20,8,29,28,22,30,16,22,27,18,44,19,20,20,21,12,19,21,13,31,14,29,27,25,19,21,20,11,14,21,25,27,20,20,22,28,21,23,26,29,21,19,21,19,24,22,6,13,28,20,12,29,29,26,21,29,29,19,25,29,25,22,35,20,29,28,23,35,29,27,23,2,20,28,15,30,26,19,13,29,28,44,20,17,30,30,21,19,23,24
19,26,25,20,25,35,23,26,36,24,19,23,15,34,21,15,25,14,26,22,10,22,26,39,21,22,28,22,18,27,17,10,32,23,21,22,20,14,29,20,22,35,20,21,21,30,21,20,14,19,29,28,17,16,22,15,0,30,25,20,22,25,27,19,16,14,23,26,10,25,28,19,16,30,6,28,16,22,19,24,21,16,30,28,26,25,17,28,35,25,31,21,25,23,20,21,30,27,20,16,27,21,22,27,26,26,18,20,34,10,23,22,21,14,26,28,4,28,4,35,18,20,23,25,20,11,6,23,25,32,25,27,24,17,27,25,17,35,24,21,27,20,28,27,14,10,32,22,11,37,34,17,23,34,26,27,26,29,23,27,24,8,18,20,24,33,20,30,24,19,14,35,2,21,26,26,13,36,17,34,27,23,20,21,20,25,20,30
28,42,42,27,40,25,27,35,50,30,30,24,26,50,27,26,45,33,42,35,30,30,22,32,29,41,23,30,29,22,26,32,38,29,32,30,31,31,42,35,30,50,27,30,41,17,27,28,27,32,15,21,28,34,32,34,30,0,26,32,30,44,39,29,35,32,29,25,30,44,15,30,32,24,31,41,36,30,34,28,43,25,43,38,24,24,32,38,51,26,12,33,26,32,32,19,36,38,31,32,21,35,32,21,36,29,24,32,29,32,41,31,42,36,39,41,32,19,35,47,25,30,30,40,31,33,32,29,43,42,31,40,36,23,42,30,25,47,44,32,41,37,41,41,32,35,47,31,33,49,46,26,29,48,45,43,26,35,23,42,26,36,22,26,30,28,20,44,41,36,32,47,35,24,37,39,31,48,29,29,44,33,20,24,41,43,30,43
16,36,38,20,36,31,28,33,47,26,16,22,19,46,21,19,40,24,38,26,24,25,10,28,25,37,13,25,24,16,19,28,32,31,28,30,21,25,38,25,25,46,18,20,35,18,21,24,23,32,23,23,24,25,30,28,25,26,0,36,25,39,38,28,26,30,21,13,27,39,23,24,23,19,26,34,29,27,28,25,35,27,40,36,10,14,23,37,50,13,21,19,13,21,36,28,30,34,30,26,17,36,21,17,30,21,26,19,29,31,34,30,40,29,33,35,29,18,26,44,27,9,26,36,23,29,29,31,41,41,25,33,32,21,35,22,20,44,40,31,35,31,38,36,26,30,44,31,29,45,44,20,30,46,45,39,22,32,22,38,19,30,23,21,25,22,21,43,37,26,32,43,28,25,33,33,31,44,25,28,39,31,21,25,37,39,13,40
24,18,17,25,25,30,22,26,32,26,24,21,26,31,24,26,25,23,13,26,16,23,35,43,22,21,35,23,26,33,26,28,37,16,25,20,25,21,21,20,23,26,25,26,21,29,27,22,20,12,29,31,19,22,18,23,20,32,36,0,23,27,34,21,18,22,29,33,16,25,28,23,24,27,15,24,24,21,24,16,19,26,31,21,33,31,21,21,28,33,29,26,33,23,2,20,31,22,13,21,31,33,23,29,20,25,26,23,35,22,24,13,23,24,24,26,16,26,16,32,26,29,21,26,22,20,16,15,25,25,28,25,29,18,27,27,25,32,25,8,27,30,22,25,23,24,31,13,20,32,29,25,15,30,19,22,23,28,20,22,34,21,17,19,16,37,19,25,24,24,22,29,15,19,31,24,20,33,28,35,25,19,19,19,23,25,29,32
12,23,25,17,20,35,12,28,33,17,12,19,23,32,19,23,21,13,24,7,14,1,25,37,1,16,26,1,25,28,23,28,17,16,5,17,10,10,27,16,1,32,17,12,17,28,23,14,16,20,34,34,5,7,17,17,22,30,25,23,0,16,34,7,16,11,22,23,11,14,34,8,17,30,14,19,13,10,19,21,19,29,26,20,25,28,17,23,31,26,32,17,26,19,23,31,11,24,21,16,28,28,19,28,21,24,29,17,39,22,20,19,16,13,16,17,19,28,22,33,29,21,9,20,19,19,21,20,17,29,18,20,22,25,16,24,23,34,19,18,19,20,25,19,15,11,31,20,17,32,31,23,20,29,30,13,24,15,21,20,32,28,25,25,21,34,25,29,16,17,23,31,22,27,24,16,17,35,26,39,19,24,25,27,20,13,21,25
25,14,12,29,4,45,20,34,14,24,25,28,31,21,29,31,5,24,14,25,22,16,39,48,16,6,39,16,33,40,31,32,33,17,21,19,23,20,23,15,16,22,29,23,4,40,30,26,24,19,42,42,22,19,20,23,25,44,39,27,16,0,38,22,17,17,27,35,22,8,42,18,20,37,19,5,17,22,19,28,6,36,29,9,35,37,18,10,18,35,39,23,35,28,25,38,30,19,19,21,37,40,28,37,26,30,36,25,47,30,3,17,5,17,5,3,26,35,26,15,36,30,24,6,28,25,26,17,7,11,23,7,31,33,2,29,30,18,3,19,6,25,13,4,21,16,20,17,23,15,15,30,17,14,15,5,29,35,29,9,40,30,33,33,28,37,32,8,6,24,29,17,25,32,33,5,25,19,27,47,3,17,33,32,7,4,30,29
34,36,35,37,37,43,32,38,39,33,34,34,35,34,36,33,37,33,37,30,31,34,36,50,34,36,40,34,26,41,33,25,37,34,29,33,30,31,37,35,34,36,37,33,35,39,30,33,31,35,39,40,29,37,33,30,27,39,38,34,34,38,0,35,34,33,37,39,35,39,43,36,34,40,33,38,32,35,38,38,33,38,38,38,38,39,38,38,36,39,40,34,39,35,34,37,38,41,40,35,33,34,33,35,38,35,40,37,49,27,38,38,37,33,38,38,31,38,31,38,38,37,35,37,31,31,31,40,34,39,33,40,37,36,39,33,38,40,36,36,39,39,38,39,35,31,38,38,31,43,38,38,39,43,35,41,36,40,36,38,45,25,37,37,38,40,37,37,35,36,27,36,27,39,38,38,29,39,34,49,39,39,37,39,34,42,37,37
18,25,27,20,24,38,18,27,39,23,18,23,21,39,22,19,25,18,28,20,14,7,28,40,7,19,27,7,10,29,19,27,19,22,6,23,14,16,29,20,7,38,20,18,20,30,19,20,17,20,32,32,2,15,23,23,19,29,28,21,7,22,35,0,22,23,22,27,12,19,32,20,27,31,18,27,23,20,21,24,26,24,35,33,23,27,27,33,37,26,30,15,26,21,21,26,29,32,31,27,27,23,21,27,31,25,24,20,37,20,30,30,21,23,24,27,14,26,17,38,24,20,26,29,19,17,15,30,22,31,20,30,25,23,28,25,20,40,26,24,29,26,32,30,27,23,37,30,15,37,38,21,30,39,31,25,24,24,21,26,30,23,23,23,24,34,23,33,23,25,18,38,15,25,27,24,15,40,21,37,25,33,23,25,23,23,22,35
12,14,13,19,19,38,17,29,29,22,10,24,19,29,23,19,18,14,15,22,12,16,26,42,15,14,28,16,26,32,21,24,31,14,18,15,17,11,17,6,16,30,19,16,13,32,24,16,25,6,33,33,16,18,15,17,16,35,26,18,16,17,34,22,0,12,22,27,13,15,33,14,10,32,10,17,12,17,12,23,13,27,24,19,28,30,11,19,30,28,36,20,28,23,16,30,27,15,15,13,31,33,21,32,20,27,27,20,38,24,17,15,18,11,16,18,18,32,17,24,27,21,18,18,22,15,18,13,19,23,22,16,25,24,18,25,21,23,18,4,17,22,18,19,12,12,25,15,15,27,24,21,13,27,20,17,25,28,25,18,27,24,24,24,23,37,24,23,14,17,24,24,18,24,26,16,17,24,25,38,18,11,24,24,14,15,23,22
12,17,20,15,20,38,14,27,31,18,12,20,18,28,18,18,16,10,13,20,4,11,30,40,14,16,30,11,34,30,20,22,37,14,16,13,13,6,24,12,11,28,15,14,16,28,24,14,17,15,33,33,18,12,13,10,14,32,30,22,11,17,33,23,12,0,20,26,9,16,33,11,10,29,10,21,6,13,14,19,14,24,24,23,26,26,11,21,27,24,31,19,24,18,21,30,23,19,15,6,27,31,18,27,20,23,26,15,38,18,20,16,16,6,20,19,10,26,14,28,26,21,13,22,17,11,10,18,16,26,20,20,19,23,20,23,20,29,17,13,21,18,23,20,4,6,27,16,13,29,26,20,18,27,27,14,21,28,18,19,27,20,22,24,19,32,22,26,16,10,18,27,14,25,21,20,13,29,26,38,16,19,22,25,17,15,19,24
14,29,29,2,29,32,24,22,38,21,14,15,7,38,16,8,33,12,31,21,20,22,19,32,21,32,14,22,28,20,5,29,26,24,21,23,16,16,35,21,22,38,4,15,31,22,22,16,21,30,26,28,22,22,23,18,23,29,21,29,22,27,37,22,22,20,0,16,15,32,26,16,14,22,17,26,13,20,15,13,26,11,32,29,19,20,14,29,41,16,25,14,16,16,25,24,24,28,22,17,22,30,16,22,25,14,13,4,32,26,27,23,33,13,26,28,20,22,17,37,11,14,20,29,17,19,19,24,34,33,15,25,23,20,29,16,7,37,33,25,27,21,30,29,17,21,37,23,19,36,37,7,24,38,35,31,10,20,12,28,22,27,18,20,11,23,18,33,29,18,27,35,21,15,24,26,20,37,20,32,33,24,18,17,29,31,12,32
20,37,36,16,36,33,26,33,47,28,20,22,17,47,23,17,40,24,40,30,26,23,12,22,23,37,2,23,27,17,17,29,31,31,30,30,21,25,38,27,23,48,16,23,35,19,24,24,25,34,23,25,26,27,30,30,26,25,13,33,23,35,39,27,27,26,16,0,26,39,23,22,24,14,27,34,29,27,28,21,35,23,39,36,8,16,23,37,49,8,23,22,8,23,35,28,32,36,29,26,19,36,23,19,32,23,21,16,25,31,34,31,41,29,33,35,28,19,27,44,23,11,27,36,24,30,27,31,42,41,23,33,32,24,36,24,17,44,40,33,35,31,38,36,26,30,44,31,30,45,44,17,31,45,45,39,22,30,22,38,16,32,22,24,21,22,22,43,37,26,29,43,29,22,33,33,26,45,25,25,39,31,22,22,37,39,13,39
16,23,23,15,24,34,19,26,37,22,16,21,14,34,19,14,21,12,24,19,5,11,26,36,11,19,26,11,20,26,16,18,26,21,10,20,15,9,27,17,11,34,15,18,20,28,20,18,15,17,29,29,6,11,20,11,10,30,27,16,11,22,35,12,13,9,15,26,0,19,29,16,15,29,9,25,15,20,18,20,18,20,29,28,24,26,16,28,36,24,30,17,24,19,17,26,28,26,22,13,26,27,19,26,22,23,22,15,34,12,26,25,19,15,26,25,8,27,12,35,22,21,20,26,17,7,10,25,21,32,18,26,19,20,24,23,16,36,26,17,28,18,28,26,11,14,34,25,9,35,33,16,24,33,28,25,24,27,21,22,23,16,20,20,20,32,20,32,19,15,18,34,10,21,23,26,10,35,22,34,25,24,20,21,21,21,19,29
25,16,13,30,11,47,22,33,22,29,23,33,31,24,32,31,11,25,19,24,20,14,39,51,13,6,39,14,29,39,31,31,30,13,20,21,18,17,24,14,14,24,30,24,8,41,30,25,30,19,42,42,17,18,20,23,25,44,39,25,14,8,39,19,15,16,32,39,19,0,42,18,21,35,19,14,17,20,24,26,10,36,27,20,35,37,21,19,23,35,40,23,35,27,24,39,31,19,17,20,36,40,27,37,26,32,36,25,47,29,17,15,5,17,13,14,25,37,26,24,36,30,22,14,27,24,26,17,5,20,23,16,30,33,15,32,31,25,10,16,14,29,19,15,20,15,22,15,22,24,24,30,17,21,14,6,32,30,29,9,39,31,33,33,26,42,33,20,6,23,29,22,25,33,32,13,24,25,30,47,9,18,33,32,11,4,29,27
26,38,39,27,42,15,32,30,52,28,28,13,23,52,27,23,42,33,35,30,29,34,23,27,33,38,23,34,33,22,23,30,36,31,33,34,29,33,39,37,34,52,27,28,38,10,22,28,33,29,2,14,29,35,32,38,28,15,23,28,34,42,43,32,33,33,26,23,29,42,0,33,33,20,28,43,33,31,34,21,38,25,44,36,21,23,34,36,52,24,11,27,24,27,27,13,31,39,30,33,18,33,27,18,35,27,23,27,23,32,41,29,39,33,39,41,30,10,30,49,25,23,31,43,27,36,30,33,42,44,28,42,38,16,42,27,23,49,42,27,44,36,39,43,33,32,47,29,36,49,47,23,33,50,43,39,16,30,14,43,20,32,13,23,23,24,11,44,37,35,33,48,30,19,39,39,36,50,24,23,42,36,9,19,38,40,25,44
10,20,20,14,20,36,8,27,31,16,10,20,20,28,18,18,22,8,24,19,17,8,24,37,10,18,24,8,26,27,20,27,31,15,12,14,9,8,25,11,8,30,14,9,18,27,22,13,18,18,33,33,12,13,15,16,19,30,24,23,8,18,36,20,14,11,16,22,16,18,33,0,9,29,15,17,7,8,11,20,17,26,24,20,24,27,8,22,32,24,31,14,24,18,24,30,21,21,14,11,27,24,18,27,15,20,24,12,38,25,18,16,21,5,17,19,19,27,16,26,26,17,10,18,18,18,21,15,21,25,16,16,21,22,20,20,18,28,22,17,16,20,23,20,9,9,26,16,18,28,27,20,15,29,27,22,20,25,20,22,30,27,22,24,20,29,24,25,21,12,25,26,21,26,23,16,16,27,22,38,22,16,24,24,20,17,19,24
11,16,18,12,17,32,16,28,30,18,11,20,18,22,19,18,14,8,15,16,12,17,25,38,17,22,24,17,32,24,18,22,32,14,12,13,13,6,23,11,17,24,12,12,19,28,23,14,18,21,31,33,18,16,13,9,16,32,23,24,17,20,34,27,10,10,14,24,15,21,33,9,0,33,10,18,4,13,10,19,19,24,22,19,27,29,7,20,27,26,36,20,26,19,20,28,23,18,13,6,31,28,19,31,16,21,24,12,38,22,17,13,16,4,16,18,16,29,12,25,24,20,15,19,19,15,14,14,16,24,18,13,20,24,19,21,18,24,16,14,17,20,21,17,6,6,26,13,15,26,25,18,14,28,24,17,19,25,25,20,28,18,24,24,19,34,22,24,18,9,18,23,14,22,24,16,15,28,23,38,16,14,24,22,18,16,18,22
26,38,38,20,36,29,28,30,45,28,26,18,23,46,23,21,40,28,36,33,29,30,18,24,30,37,14,30,32,15,22,33,33,27,34,28,27,28,36,31,30,46,20,28,36,15,27,24,29,26,20,26,30,31,26,33,30,24,19,27,30,37,40,31,32,29,22,14,29,35,20,29,33,0,29,37,33,27,31,11,38,28,40,32,18,15,28,33,47,13,19,27,13,21,26,24,32,34,21,29,20,39,23,20,32,23,28,20,25,34,35,21,40,33,35,37,31,15,31,42,28,19,27,37,24,33,31,27,40,40,27,36,35,20,38,24,23,43,38,24,38,34,34,37,29,32,42,21,33,45,43,23,27,45,41,38,18,28,18,39,19,34,18,24,11,22,18,41,38,31,35,43,31,14,36,35,33,44,28,25,38,31,18,14,38,41,18,40
14,20,21,15,19,33,17,24,33,19,14,20,14,33,18,14,22,10,20,16,6,14,27,38,13,18,27,14,22,24,16,18,29,17,15,16,15,8,23,14,14,33,15,16,15,28,18,15,15,15,28,28,12,13,16,12,6,31,26,15,14,19,33,18,10,10,17,27,9,19,28,15,10,29,0,22,10,16,9,19,15,22,24,22,26,23,11,22,34,24,29,17,24,18,16,25,17,21,16,10,26,27,18,26,17,18,22,15,33,16,17,16,18,8,20,20,12,27,12,27,22,21,17,19,17,9,12,16,23,26,18,21,20,19,21,20,16,29,18,13,21,14,22,19,8,4,29,16,9,31,30,16,16,29,20,21,18,21,20,21,23,14,19,19,19,30,19,24,18,12,18,25,6,20,20,20,11,30,15,33,18,17,19,20,14,19,19,24
20,14,13,24,5,46,19,34,21,24,20,30,32,22,28,32,7,19,12,21,24,19,34,47,19,9,34,19,33,37,32,34,31,11,19,16,20,14,21,11,19,23,24,19,7,37,30,22,31,19,43,43,25,27,17,20,28,41,34,24,19,5,38,27,17,21,26,34,25,14,43,17,18,37,22,0,16,21,19,28,7,36,25,10,34,36,18,12,20,34,39,24,34,28,24,38,29,15,19,20,37,37,28,37,27,30,36,24,48,30,7,19,7,16,8,3,26,35,26,19,36,29,23,5,28,24,26,18,9,12,22,6,28,32,4,30,30,21,3,20,4,26,14,4,20,18,18,19,26,17,13,30,18,14,17,8,30,35,30,9,40,32,32,34,28,37,32,11,9,20,32,15,28,32,30,8,24,18,30,48,3,17,34,32,7,8,29,25
11,20,22,11,19,32,12,28,30,18,11,20,18,27,19,18,20,4,21,20,12,13,29,42,15,18,28,13,32,29,18,22,36,14,16,11,13,4,25,11,13,29,11,12,18,32,23,13,16,17,31,33,18,12,11,12,16,36,29,24,13,17,32,23,12,6,13,29,15,17,33,7,4,33,10,16,0,11,6,20,19,23,21,19,24,25,4,20,27,22,30,17,22,19,21,28,23,17,12,4,28,28,19,28,16,21,23,11,38,22,17,13,18,2,16,18,16,26,12,27,23,20,13,17,19,14,14,14,20,24,18,15,16,24,17,21,17,27,18,15,15,16,21,19,4,4,26,13,14,27,26,17,14,27,25,15,21,25,21,19,28,18,24,24,20,30,22,24,20,6,20,25,14,22,20,16,14,26,23,38,18,14,24,22,18,17,17,21
11,17,21,18,21,32,4,23,26,8,13,18,24,28,16,24,25,14,17,20,19,10,27,35,12,21,27,10,26,25,24,30,32,14,14,9,13,12,21,16,10,28,18,11,20,25,23,11,20,17,31,31,16,15,9,18,22,30,27,21,10,22,35,20,17,13,20,27,20,20,31,8,13,27,16,21,11,0,15,18,22,30,21,18,27,25,12,18,26,27,29,18,27,16,22,28,18,19,12,11,25,27,16,25,13,18,30,18,36,29,19,14,22,13,19,21,22,25,22,24,30,22,2,21,16,20,21,14,22,22,18,20,21,22,22,18,24,26,25,15,22,21,19,21,13,12,23,14,20,27,26,24,14,28,24,20,18,21,18,23,33,26,22,22,18,25,22,22,22,12,29,26,20,24,25,18,20,27,23,36,21,12,22,24,21,19,22,21
13,22,22,14,22,38,21,26,32,17,13,23,19,30,21,19,20,7,23,22,15,19,28,38,18,24,28,19,25,28,21,27,34,17,17,16,14,7,26,13,19,30,14,15,24,30,26,14,20,23,33,33,21,18,16,14,19,34,28,24,19,19,38,21,12,14,15,28,18,24,34,11,10,31,9,19,6,15,0,23,20,25,27,22,28,29,7,22,33,26,35,22,26,21,22,31,23,21,16,12,32,28,22,31,20,21,27,15,39,21,20,16,25,8,19,21,14,32,14,29,27,24,17,20,21,14,15,17,24,26,18,20,15,25,20,21,19,30,26,16,18,12,23,22,10,10,30,16,14,31,30,21,17,32,26,19,21,26,23,20,28,20,24,25,22,30,25,26,21,12,21,30,15,26,14,19,16,30,24,39,26,17,25,26,22,21,21,27
15,25,29,10,27,26,18,24,36,17,17,10,17,37,14,17,31,19,25,24,20,21,23,31,21,28,21,21,29,20,16,30,28,18,25,19,18,19,27,22,21,37,10,17,27,19,21,15,22,17,21,29,21,22,17,24,24,28,25,16,21,28,38,24,23,19,13,21,20,26,21,20,19,11,19,28,20,18,23,0,27,22,31,23,23,20,19,24,37,22,19,16,22,12,16,18,21,25,12,20,23,35,14,23,23,16,22,10,32,31,26,12,31,20,26,28,25,15,25,32,22,18,18,28,15,25,24,18,32,31,16,27,28,14,29,16,16,34,29,15,29,26,25,28,20,19,33,12,25,36,34,16,18,36,30,25,10,20,8,30,28,31,14,20,2,23,12,32,29,22,32,34,25,8,29,26,25,35,21,32,29,22,12,8,29,32,17,31
21,13,14,25,8,43,23,30,16,26,21,31,27,20,29,27,7,19,11,28,15,19,35,48,19,6,35,19,32,38,27,29,32,14,22,18,20,16,22,12,19,20,25,20,2,38,27,24,28,15,38,38,20,22,18,22,21,43,35,19,19,6,33,26,13,14,26,35,18,10,38,17,19,38,15,7,19,22,20,27,0,33,27,12,35,37,21,12,19,35,40,24,35,28,21,35,29,16,17,18,37,37,27,37,25,33,33,26,43,25,5,18,6,18,8,7,21,36,23,18,33,30,22,8,27,20,21,17,8,15,25,5,30,29,8,32,27,18,7,15,6,29,11,8,18,17,20,17,22,16,16,27,17,18,12,8,32,30,29,8,36,27,27,29,27,38,29,13,6,21,29,11,21,29,32,8,20,18,23,43,7,17,29,29,4,7,30,27
24,36,38,12,39,24,31,29,45,31,24,24,6,46,26,8,37,22,38,28,20,29,25,32,28,34,20,29,20,26,6,19,30,34,28,33,26,24,40,29,29,46,12,25,33,25,22,26,28,32,25,27,24,27,33,23,16,25,27,26,29,36,38,24,27,24,11,23,20,36,25,26,24,28,22,36,23,30,25,22,33,0,42,39,22,24,26,39,46,20,23,25,22,24,26,16,34,38,33,26,27,27,26,27,34,26,6,14,28,26,37,33,35,22,36,38,24,25,20,47,2,22,30,39,27,28,22,34,39,43,25,35,31,24,39,26,12,47,38,32,37,32,42,39,24,24,47,33,28,49,46,12,34,49,39,37,24,31,24,37,15,25,22,24,21,32,22,43,36,27,18,45,24,17,34,36,30,48,23,28,37,34,22,21,36,37,20,42
26,24,23,30,26,48,25,34,28,22,24,31,36,25,30,36,25,24,24,25,26,26,40,49,28,28,40,26,41,38,36,37,40,22,25,21,23,22,25,24,28,26,30,24,29,37,31,20,34,28,43,42,30,34,21,24,30,43,40,31,26,29,38,35,24,24,32,39,29,27,44,24,22,40,24,25,21,21,27,31,27,42,0,23,42,42,23,23,24,39,46,31,42,31,31,41,28,21,25,20,42,41,33,41,25,34,42,30,47,36,23,26,28,19,23,27,30,42,32,25,42,35,27,24,32,29,30,24,28,24,28,25,36,35,26,36,36,23,27,23,24,34,25,26,20,21,24,25,31,27,22,36,25,21,28,27,33,31,35,26,45,36,35,33,32,40,35,26,28,24,38,25,30,36,38,25,29,22,30,47,25,21,35,36,26,27,36,2
22,10,10,27,10,39,21,27,18,22,22,23,33,21,25,33,11,22,9,24,23,20,36,44,22,13,36,20,39,34,33,34,35,9,21,13,22,17,18,13,20,19,27,23,10,32,33,20,29,16,38,40,29,25,11,22,28,38,36,21,20,9,38,33,19,23,29,36,28,20,36,20,19,32,22,10,19,18,22,23,12,39,23,0,36,34,20,3,17,36,36,28,36,25,19,33,26,13,14,19,34,40,25,34,20,27,39,27,45,35,8,12,13,19,9,8,29,32,29,18,39,31,20,11,25,28,29,16,14,11,26,10,30,29,9,27,33,18,9,15,12,28,5,9,19,18,16,12,26,16,12,33,16,13,16,9,25,25,25,15,42,34,29,31,23,34,29,11,13,22,32,13,28,29,32,9,28,17,31,45,9,13,27,29,14,10,31,23
18,38,38,18,36,29,28,31,47,26,18,20,17,48,23,17,40,25,38,26,24,24,6,26,24,37,8,24,24,14,17,28,30,31,28,30,21,25,38,27,24,48,18,21,35,16,21,24,23,34,21,25,24,28,30,28,26,24,10,33,25,35,38,23,28,26,19,8,24,35,21,24,27,18,26,34,24,27,28,23,35,22,42,36,0,14,23,37,49,12,19,20,11,22,35,26,30,36,30,26,18,36,23,18,30,22,24,18,26,28,34,31,41,29,33,35,26,16,25,44,25,11,27,36,23,30,26,31,42,41,23,33,34,23,36,24,19,44,40,33,35,31,38,36,26,30,44,31,30,45,44,18,31,45,45,39,20,30,20,38,18,28,19,23,23,20,21,43,37,26,31,43,27,23,33,33,28,45,25,25,39,31,21,24,37,39,13,39
24,37,36,19,37,30,26,29,46,26,24,23,20,46,21,20,42,25,37,28,24,28,14,23,28,38,16,28,28,2,20,28,32,29,31,28,25,25,38,31,28,46,19,26,37,18,26,20,27,30,22,25,28,27,28,29,25,24,14,31,28,37,39,27,30,26,20,16,26,37,23,27,29,15,23,36,25,25,29,20,37,24,42,34,14,0,25,35,49,14,21,26,14,20,33,26,29,34,28,26,19,38,21,19,30,21,25,19,26,30,35,28,39,29,35,37,28,17,28,43,26,17,25,37,22,30,28,29,40,39,25,36,34,23,38,22,20,43,39,31,38,31,36,37,26,28,43,28,30,46,43,21,28,44,43,40,18,28,20,39,20,30,21,23,20,18,20,41,38,26,30,43,28,22,33,35,28,44,26,24,38,29,21,21,38,36,15,38
9,21,20,12,20,39,18,27,29,17,9,20,20,29,16,20,24,6,22,20,14,17,23,37,16,23,23,17,33,25,20,25,33,15,16,14,12,7,25,11,17,29,12,12,21,27,25,11,19,20,34,32,18,16,14,11,17,32,23,21,17,18,38,27,11,11,14,23,16,21,34,8,7,28,11,18,4,12,7,19,21,26,23,20,23,25,0,20,32,21,34,17,21,18,22,30,22,18,14,6,31,31,18,25,17,18,24,12,38,23,18,14,23,5,17,19,17,27,16,27,24,18,14,19,18,15,17,15,23,24,17,17,18,24,19,20,18,28,24,12,18,15,21,20,8,8,28,14,15,28,28,18,15,28,26,18,20,25,20,20,27,23,24,22,19,30,24,24,20,7,23,27,17,25,20,17,15,29,24,38,24,13,24,25,20,19,16,23
23,14,14,28,12,41,19,26,21,22,23,24,33,20,26,33,13,22,10,26,25,23,37,45,21,13,37,22,39,35,33,36,35,10,24,12,23,18,17,14,22,20,28,24,10,33,33,21,30,15,38,40,29,28,10,23,28,38,37,21,23,10,38,33,19,21,29,37,28,19,36,22,20,33,22,12,20,18,22,24,12,39,23,3,37,35,20,0,20,38,38,30,38,27,19,33,25,16,16,21,37,40,27,36,23,27,39,29,45,35,10,15,14,21,12,10,29,34,29,18,39,33,21,12,28,28,29,19,16,11,26,12,30,29,11,27,33,20,11,15,14,28,3,11,21,20,18,15,28,15,17,33,19,19,15,12,25,22,27,16,42,34,29,31,25,31,29,11,14,24,35,17,28,29,32,12,28,20,31,45,11,14,27,29,15,13,33,25
36,17,20,40,19,52,28,36,21,33,33,37,45,8,39,45,19,33,16,34,33,31,50,57,31,19,49,31,44,49,45,43,44,18,30,22,33,29,22,21,31,4,40,36,20,47,42,33,37,23,52,52,35,37,20,30,35,51,50,28,31,18,36,37,30,27,41,49,36,23,52,32,27,47,34,20,27,26,33,37,19,46,24,17,49,49,32,20,0,46,49,34,46,36,29,47,31,19,26,27,45,49,36,45,31,38,48,37,54,44,21,28,19,28,22,21,38,45,38,6,48,41,29,22,36,38,38,26,21,16,34,21,41,38,21,38,40,13,19,21,18,35,20,21,25,26,11,28,38,18,2,40,26,17,19,17,38,33,38,23,51,42,38,38,36,42,38,18,19,33,45,16,36,38,43,21,38,6,38,54,19,20,38,38,20,20,41,26
20,36,34,16,36,33,28,33,47,28,20,21,15,47,21,17,40,22,38,29,24,26,12,24,26,36,8,26,28,14,15,29,29,31,30,30,23,23,36,27,26,48,14,23,35,19,24,24,25,34,24,26,26,27,30,28,25,26,13,33,26,35,39,26,28,24,16,8,24,35,24,24,26,13,24,34,22,27,26,22,35,20,39,36,12,14,21,38,46,0,23,23,2,23,35,28,34,36,30,24,18,36,23,19,32,23,20,16,23,29,34,30,41,27,33,35,26,19,25,44,23,11,27,36,23,28,26,31,41,39,23,33,30,24,36,24,15,44,40,33,35,29,38,36,24,28,44,30,28,45,44,17,31,45,45,39,21,30,22,37,6,30,23,24,22,20,21,43,37,24,30,43,27,23,31,33,28,45,23,23,40,31,21,23,37,38,7,39
24,42,42,25,40,17,30,31,50,26,26,16,24,50,25,24,45,33,40,31,30,32,21,31,31,41,23,32,31,21,24,32,36,31,34,32,27,31,42,35,32,50,25,26,40,7,23,26,29,32,11,23,30,33,30,34,31,12,21,29,32,39,40,30,36,31,25,23,30,40,11,31,36,19,29,39,30,29,35,19,40,23,46,36,19,21,34,38,49,23,0,30,25,29,32,10,29,38,28,32,23,35,29,23,32,25,23,29,28,37,39,29,42,34,39,41,33,5,33,47,23,28,29,41,30,37,33,31,43,42,26,40,36,15,42,25,24,47,45,30,42,34,37,41,32,35,46,29,37,48,47,24,31,49,43,43,15,29,13,42,25,37,12,24,25,25,11,42,41,34,32,47,33,19,37,39,37,48,25,28,44,33,12,19,41,43,30,43
9,30,31,12,25,33,20,27,37,14,11,17,18,36,17,18,27,16,30,17,19,17,21,36,17,24,22,17,21,26,18,27,28,24,20,21,11,18,33,20,17,37,10,5,24,25,12,17,19,25,27,31,17,16,21,22,21,33,19,26,17,23,34,15,20,19,14,22,17,23,27,14,20,27,17,24,17,18,22,16,24,25,31,28,20,26,17,30,34,23,30,0,22,17,27,25,18,28,22,19,25,31,17,25,21,19,24,12,37,27,25,23,26,17,23,24,23,21,20,34,24,15,20,25,16,24,21,22,28,34,13,23,27,20,23,19,18,35,28,24,23,23,30,25,19,17,34,24,24,35,34,18,21,35,34,29,17,28,15,29,28,27,21,23,18,25,19,34,26,19,31,32,21,24,27,22,25,34,16,37,28,24,19,24,28,27,18,29
20,38,36,16,36,33,28,32,47,28,20,21,17,47,21,17,40,22,38,29,24,26,11,24,26,36,8,26,28,14,17,29,29,31,30,30,23,23,38,27,26,48,16,23,35,19,24,24,25,34,24,26,26,27,30,28,25,26,13,33,26,35,39,26,28,24,16,8,24,35,24,24,26,13,24,34,22,27,26,22,35,22,42,36,11,14,21,38,46,2,25,22,0,21,35,28,32,36,30,24,20,36,21,18,32,23,22,16,23,29,34,30,41,27,33,35,26,19,25,44,23,11,27,36,24,28,26,31,42,39,23,33,30,24,36,24,17,44,40,33,35,29,38,36,24,28,44,30,28,45,44,17,31,45,45,39,21,30,22,37,8,30,22,24,22,20,21,43,37,24,30,43,27,23,31,33,28,45,23,23,40,31,23,23,37,38,5,39
15,27,29,14,27,30,17,21,37,17,15,14,18,38,2,18,32,18,27,21,19,19,22,31,19,29,23,19,27,21,18,29,24,20,23,17,16,18,26,22,19,38,12,17,28,25,22,9,18,22,27,17,20,20,17,22,23,32,21,23,19,28,35,21,23,18,16,23,19,27,27,18,19,21,18,28,19,16,21,12,28,24,31,25,22,20,18,27,36,23,29,17,21,0,24,24,20,25,17,19,11,33,2,11,19,4,24,12,26,30,26,20,28,19,26,27,24,21,22,34,24,16,16,28,5,25,24,19,31,29,14,27,26,19,28,4,18,34,30,22,29,24,27,27,19,18,34,20,25,37,34,18,19,35,31,27,14,17,12,30,29,28,18,8,14,21,18,32,28,21,32,34,22,20,29,26,25,35,23,26,27,20,18,18,29,30,14,30
24,20,18,25,25,30,22,27,32,26,24,22,26,31,24,26,25,23,13,26,17,23,35,43,22,21,35,23,26,33,26,28,37,14,25,20,25,21,22,20,23,26,24,26,21,29,27,22,21,12,29,33,19,22,18,23,20,32,36,2,23,25,34,21,16,21,25,35,17,24,27,24,20,26,16,24,21,22,22,16,21,26,31,19,35,33,22,19,29,35,32,27,35,24,0,18,31,21,15,22,30,33,22,28,20,24,26,24,37,22,24,15,19,26,22,24,16,26,16,32,26,29,21,26,21,21,16,15,27,27,28,25,27,18,25,26,25,32,25,12,27,30,22,25,24,25,31,15,21,32,29,25,15,30,23,22,23,28,20,18,34,21,17,21,18,37,19,25,20,24,22,29,15,19,29,22,21,33,30,37,23,19,17,19,23,23,29,32
23,36,36,24,39,12,29,27,46,25,25,10,20,42,24,20,39,30,32,27,26,31,28,33,30,33,28,31,25,26,20,20,34,28,30,31,26,30,36,34,31,44,24,25,35,11,19,25,31,26,13,25,26,32,29,31,21,19,28,20,31,38,37,26,30,30,24,28,26,39,13,30,28,24,25,38,28,28,31,18,35,16,41,33,26,26,30,33,47,28,10,25,28,24,18,0,30,35,28,30,25,26,24,25,33,26,16,24,27,31,38,26,31,28,36,38,30,11,30,46,16,23,28,40,25,33,30,30,37,41,27,37,37,15,39,24,22,46,37,26,41,35,36,38,30,29,45,26,33,48,43,22,30,47,37,34,11,29,11,36,24,31,12,22,20,28,6,41,32,30,24,45,29,14,38,36,34,43,24,27,35,33,8,14,33,37,25,40
15,28,26,23,30,36,21,10,30,8,17,21,28,34,20,28,30,22,28,20,23,13,32,42,12,32,32,11,35,29,28,37,31,24,7,20,15,22,22,25,13,32,23,14,29,26,22,17,28,28,31,35,27,27,20,26,30,36,30,31,11,30,38,29,27,23,24,32,28,31,31,21,23,32,17,29,23,18,23,21,29,34,28,26,30,29,22,25,31,34,29,18,32,20,31,30,0,28,21,23,32,37,23,32,19,22,34,24,40,35,26,23,30,23,27,25,29,28,28,29,34,27,16,29,22,27,29,23,31,18,18,26,31,24,28,22,28,28,26,25,30,27,22,29,23,22,33,23,27,33,31,28,23,33,20,29,20,22,20,29,37,34,24,26,25,25,24,18,30,23,36,30,28,28,32,28,28,32,23,40,29,22,24,28,28,29,28,27
20,2,4,26,16,43,23,33,20,23,18,26,32,19,25,32,14,21,10,24,22,24,34,44,24,17,36,24,38,34,32,34,39,9,21,12,23,17,15,9,24,18,26,23,17,33,33,16,33,13,38,39,27,30,14,19,27,38,34,22,24,19,41,32,15,19,28,36,26,19,39,21,18,34,21,15,17,19,21,25,16,38,21,13,36,34,18,16,19,36,38,28,36,25,21,35,28,0,16,16,36,39,27,34,19,27,38,31,44,33,18,17,17,22,16,13,26,37,28,18,38,35,21,19,27,25,26,19,19,19,31,18,32,30,20,29,32,20,18,14,17,30,19,19,16,21,19,17,27,20,14,32,19,17,20,14,28,30,29,20,41,33,30,30,29,39,30,19,17,19,33,18,27,30,34,16,25,17,31,44,13,12,30,30,15,15,33,20
14,17,15,20,18,34,18,25,27,16,16,18,27,26,20,26,22,16,12,18,19,22,30,39,23,17,30,22,37,27,27,28,36,9,22,10,16,9,17,12,22,26,20,16,17,24,28,14,24,9,30,35,26,20,8,20,20,31,30,13,21,19,40,31,15,15,22,29,22,17,30,14,13,21,16,19,12,12,16,12,17,33,25,14,30,28,14,16,26,30,28,22,30,17,15,28,21,16,0,12,29,33,20,29,18,22,32,20,39,27,17,3,18,13,17,18,21,24,21,23,33,24,14,19,20,22,23,8,20,20,21,18,24,20,20,22,26,24,18,7,20,22,16,18,13,12,24,2,22,27,24,27,9,27,19,16,18,24,16,21,36,28,20,26,12,31,21,20,18,15,27,24,22,18,26,15,20,25,27,39,18,13,21,18,20,17,25,21
12,15,16,15,17,36,18,28,31,18,12,20,20,26,19,20,14,10,15,14,8,16,26,38,17,19,26,16,31,26,20,24,33,14,12,11,13,4,22,12,17,26,15,14,20,26,24,14,19,19,33,33,18,18,11,8,16,32,26,21,16,21,35,27,13,6,17,26,13,20,33,11,6,29,10,20,4,11,12,20,18,26,20,19,26,26,6,21,27,24,32,19,24,19,22,30,23,16,12,0,31,30,23,31,16,23,26,18,38,18,17,16,20,10,14,16,12,31,14,26,26,25,19,19,22,13,10,18,20,24,22,17,22,24,19,25,20,27,21,16,17,20,21,17,2,10,25,16,15,28,24,20,18,24,26,21,23,25,25,21,29,20,24,24,23,32,24,24,20,6,20,26,14,25,22,14,13,28,23,38,16,13,24,25,20,20,23,20
24,36,36,23,36,31,24,29,46,26,24,25,23,47,11,23,41,27,37,28,26,28,18,27,28,38,19,28,27,19,23,29,32,29,31,28,25,27,38,31,28,46,23,26,37,16,24,18,25,31,18,6,27,29,28,29,27,21,17,31,28,37,33,27,31,27,22,19,26,36,18,27,31,20,26,37,28,25,32,23,37,27,42,34,18,19,31,37,45,18,23,25,20,11,30,25,32,36,29,31,0,37,11,2,28,10,24,23,21,33,35,29,39,32,35,37,29,16,27,43,30,20,25,37,14,33,30,28,41,39,27,36,34,22,38,10,22,43,39,29,38,33,36,37,28,31,43,29,33,46,43,22,28,43,43,37,22,29,22,39,26,30,21,9,23,24,21,41,38,30,34,43,27,23,35,35,33,44,26,21,38,29,21,22,38,41,21,39
30,38,38,32,38,32,31,37,47,34,30,33,31,41,33,30,38,30,39,30,27,28,36,43,28,36,36,28,21,38,30,16,36,35,24,34,28,28,40,32,28,45,32,30,37,37,21,31,30,34,31,33,23,34,34,28,21,35,36,33,28,40,34,23,33,31,30,36,27,40,33,24,28,39,27,37,28,27,28,35,37,27,41,40,36,38,31,40,49,36,35,31,36,33,33,26,37,39,33,30,37,0,35,36,39,33,31,34,43,26,38,35,38,28,37,39,30,35,30,45,31,34,30,38,32,31,30,35,38,44,30,38,33,30,40,32,33,44,37,35,40,31,42,36,30,28,47,35,31,48,48,32,35,50,41,37,32,37,35,39,34,24,31,35,36,39,33,44,37,34,26,48,28,35,35,36,32,47,25,43,41,37,34,36,37,39,36,42
15,29,29,14,27,30,17,21,37,17,13,14,20,38,2,20,32,18,28,21,19,19,23,31,19,28,23,19,27,21,20,29,26,20,23,19,16,18,28,22,19,38,14,17,27,25,22,7,18,20,27,17,20,19,19,22,22,32,21,23,19,28,33,21,21,18,16,23,19,27,27,18,19,23,18,28,19,16,22,14,27,26,33,25,23,21,18,27,36,23,29,17,21,2,22,24,23,27,20,23,11,35,0,11,17,4,26,14,26,30,26,20,28,19,26,27,24,21,22,34,26,16,16,28,3,25,24,17,32,32,14,27,26,19,28,4,20,34,31,22,29,24,24,27,19,18,34,20,25,37,34,20,17,34,31,29,14,17,14,30,27,28,18,8,14,21,18,32,28,21,32,34,22,20,29,26,25,33,20,26,27,20,18,20,29,29,16,28
24,36,38,23,36,31,26,29,46,26,24,25,23,45,9,23,41,25,36,29,26,28,18,27,28,38,19,28,27,19,23,29,34,29,31,28,25,27,39,31,28,44,23,26,37,16,24,18,25,31,18,6,27,29,28,30,27,21,17,29,28,37,35,27,32,27,22,19,26,37,18,27,31,20,26,37,28,25,31,23,37,27,41,34,18,19,25,36,45,19,23,25,18,11,28,25,32,34,29,31,2,36,11,0,28,8,21,23,23,33,35,29,39,32,35,37,29,16,27,43,26,21,25,37,14,33,29,28,40,40,27,36,34,22,38,12,22,43,39,31,38,33,36,37,28,31,43,29,33,46,43,20,28,44,43,37,22,29,22,39,26,30,21,11,23,24,21,41,38,30,34,43,27,23,35,35,33,44,26,23,37,27,21,22,38,40,21,39
12,19,19,23,25,40,19,25,29,14,12,22,29,27,17,27,22,17,9,19,23,21,30,40,21,27,32,21,35,30,28,33,36,15,16,16,13,14,24,18,20,24,23,14,25,27,29,12,26,21,35,37,22,28,16,16,26,36,30,20,21,26,38,31,20,20,25,32,22,26,35,15,16,32,17,27,16,13,20,23,25,34,25,20,30,30,17,23,31,32,32,21,32,19,20,33,19,19,18,16,28,39,17,28,0,22,34,25,43,30,21,19,24,19,21,22,24,29,25,25,34,29,19,23,22,22,24,18,26,27,29,22,30,31,23,25,31,28,22,17,24,28,22,22,16,18,25,19,22,32,30,33,18,27,26,22,25,30,25,25,42,30,31,31,25,38,32,22,24,16,31,27,24,34,31,21,24,29,33,43,22,16,32,31,23,22,29,25
17,29,29,16,29,32,22,19,38,19,17,14,20,36,2,19,34,18,28,22,23,24,22,31,23,33,23,24,30,21,19,32,26,22,23,21,18,20,33,24,24,36,16,19,33,22,24,11,22,28,27,14,24,25,21,22,26,29,21,25,24,30,35,25,27,23,14,23,23,32,27,20,21,23,18,30,21,18,21,16,33,26,34,27,22,21,18,27,38,23,25,19,23,4,24,26,22,27,22,23,10,33,4,8,22,0,23,16,26,29,28,22,31,21,28,30,21,22,20,36,24,16,18,30,7,25,21,21,31,31,15,29,26,19,31,4,19,36,33,23,31,24,28,30,21,20,36,22,25,38,36,17,21,37,33,30,14,19,14,31,29,26,18,6,16,23,18,31,30,23,32,36,20,20,29,28,25,37,23,26,31,20,18,19,30,33,16,32
24,36,38,14,39,24,31,31,45,31,24,24,10,46,24,8,37,20,38,28,22,29,24,34,28,34,21,29,22,25,10,19,30,34,28,33,26,26,38,31,29,46,12,25,33,25,23,26,28,30,23,23,24,27,33,27,18,24,26,26,29,36,40,24,27,26,13,21,22,36,23,24,24,28,22,36,23,30,27,22,33,6,42,39,24,25,24,39,48,20,23,24,22,24,26,16,34,38,32,26,24,31,26,21,34,23,0,12,29,27,37,33,35,24,36,38,26,25,24,47,2,22,30,39,27,30,26,34,39,43,25,35,33,24,39,25,8,47,38,30,37,32,40,39,26,26,47,33,30,49,47,6,34,49,39,37,24,33,24,37,19,28,22,20,23,32,22,43,36,27,20,44,26,21,34,36,30,49,23,29,37,33,22,21,36,37,20,42
12,29,27,2,27,30,19,24,38,19,12,12,8,37,14,6,31,10,29,21,15,17,18,31,17,27,16,17,25,18,8,25,26,22,21,21,12,14,27,19,17,39,2,13,26,25,20,14,18,25,27,29,17,18,21,18,20,32,19,23,17,25,37,20,20,15,4,16,15,25,27,12,12,20,15,24,11,18,15,10,26,14,30,27,18,19,12,29,37,16,29,12,16,12,24,24,24,31,20,18,23,34,14,23,25,16,12,0,32,26,25,21,32,11,24,26,20,21,18,35,14,13,18,25,15,18,19,22,31,30,14,23,23,20,27,16,6,35,31,23,23,21,29,27,15,15,35,21,18,35,35,8,22,36,34,29,12,22,12,27,22,27,18,20,9,23,18,34,28,14,27,33,21,17,24,24,19,35,20,32,31,22,18,15,28,29,11,30
35,44,44,32,47,28,37,36,58,37,35,30,28,58,26,28,47,38,42,37,34,39,26,21,38,43,25,39,38,24,28,36,37,40,38,39,36,38,46,42,39,58,32,37,43,28,32,29,38,38,23,17,34,40,39,44,34,29,29,35,39,47,49,37,38,38,32,25,34,47,23,38,38,25,33,48,38,36,39,32,43,28,47,45,26,26,38,45,54,23,28,37,23,26,37,27,40,44,39,38,21,43,26,23,43,26,29,32,0,37,46,40,44,38,46,48,35,28,35,54,30,26,36,48,27,41,35,39,45,47,35,47,42,28,49,24,28,54,47,34,49,41,46,48,38,37,53,40,41,55,54,28,39,55,46,45,30,36,30,48,19,37,26,20,32,27,26,49,44,40,38,54,35,28,43,46,41,55,31,2,47,41,26,28,43,47,26,49
26,32,34,26,33,33,29,35,43,32,26,30,24,42,30,24,29,24,34,30,14,22,28,41,24,28,31,22,16,30,24,4,36,30,23,29,23,18,36,26,22,42,26,28,27,34,30,28,18,26,32,33,18,22,29,19,10,32,31,22,22,30,27,20,24,18,26,31,12,29,32,25,22,34,16,30,22,29,21,31,25,26,36,35,28,30,23,35,44,29,37,27,29,30,22,31,35,33,27,18,33,26,30,33,30,29,27,26,37,0,33,31,31,22,36,36,12,31,16,43,19,27,28,35,26,14,14,32,31,40,28,35,28,25,35,31,22,43,34,28,35,28,37,35,22,20,41,31,16,42,43,22,32,43,38,35,32,36,29,34,27,6,26,25,30,35,26,41,32,26,6,41,14,27,31,36,16,44,30,36,35,32,26,27,32,31,25,40
20,13,12,25,6,46,20,32,19,23,20,28,31,21,26,31,8,20,12,21,23,20,34,45,19,7,34,20,39,35,31,31,30,12,20,15,18,15,20,11,20,21,25,20,3,35,29,21,32,18,41,41,26,30,15,20,23,41,34,24,20,3,38,30,17,20,27,34,26,17,41,18,17,35,17,7,17,19,20,26,5,37,23,8,34,35,18,10,21,34,39,25,34,26,24,38,26,18,17,17,35,38,26,35,21,28,37,25,46,33,0,17,7,17,8,6,27,35,27,18,37,29,21,4,26,26,27,17,9,11,22,4,27,32,4,28,31,17,6,18,6,25,12,6,17,15,18,17,26,17,17,31,17,17,17,8,28,28,28,9,40,29,32,32,26,37,32,11,7,20,33,10,23,32,29,8,26,18,25,46,6,15,32,32,7,7,29,23
16,16,15,21,18,32,18,27,26,18,16,15,27,27,20,27,22,15,8,20,19,19,31,39,21,16,31,19,37,28,27,28,36,7,20,12,17,11,17,13,20,26,21,18,16,25,28,15,22,9,31,35,28,18,10,20,22,31,30,13,19,17,38,30,15,16,23,31,25,15,29,16,13,21,16,19,13,14,16,12,18,33,26,12,31,28,14,15,28,30,29,23,30,20,15,26,23,17,3,16,29,35,20,29,19,22,33,21,40,31,17,0,18,13,14,16,23,25,23,23,33,26,15,19,19,22,23,9,19,20,23,18,24,21,17,22,27,25,18,7,20,22,16,18,13,12,24,1,20,27,22,27,8,25,21,14,18,25,18,21,36,28,22,26,12,31,22,20,20,16,27,24,22,18,26,13,22,26,28,40,19,13,19,18,20,14,25,22
23,14,17,32,6,41,25,30,24,26,23,29,32,18,28,32,6,22,14,24,16,16,40,49,15,1,41,16,27,39,32,29,33,15,19,18,19,17,22,13,16,18,32,23,4,42,30,24,19,16,37,39,17,21,18,21,21,42,40,23,16,5,37,21,18,16,33,41,19,5,39,21,16,40,18,7,18,22,25,31,6,35,28,13,41,39,23,14,19,41,42,26,41,28,19,31,30,17,18,20,39,38,28,39,24,31,35,32,44,31,7,18,0,18,6,7,22,38,21,20,33,32,23,10,28,21,22,17,2,16,25,7,33,29,6,32,28,17,5,15,10,29,15,6,19,16,21,15,19,15,16,28,17,18,7,12,33,33,30,6,37,25,29,29,28,41,27,16,1,24,24,19,21,27,35,6,21,21,29,43,4,19,29,27,5,11,31,27
11,20,21,11,19,36,12,28,29,18,11,20,15,27,19,15,20,6,21,20,12,13,29,42,15,18,29,13,34,29,18,20,36,14,16,13,13,4,25,9,13,29,11,12,18,32,23,13,16,17,31,33,18,12,13,12,14,36,29,24,13,17,33,23,11,6,13,29,15,17,33,5,4,33,8,16,2,13,8,20,18,22,19,19,29,29,5,21,28,27,34,17,27,19,26,28,23,22,13,10,32,28,19,32,19,21,24,11,38,22,17,13,18,0,16,18,14,26,10,27,23,20,15,17,19,12,14,14,20,24,18,15,18,24,17,21,17,27,18,15,15,16,21,19,4,4,26,13,12,27,26,17,14,27,25,15,21,25,21,19,26,18,24,24,20,30,22,24,20,6,18,25,14,23,18,16,14,26,23,38,18,14,24,23,18,17,17,21
19,12,12,24,9,42,22,32,19,22,19,26,30,21,26,30,9,18,12,20,24,16,33,45,16,6,33,16,30,35,30,32,30,9,15,14,14,12,21,9,16,21,24,18,6,35,29,21,28,20,41,41,20,23,15,19,26,39,33,24,16,5,38,24,16,20,26,33,26,13,39,17,16,35,20,8,16,19,19,26,8,36,23,9,33,35,17,12,22,33,39,23,33,26,22,36,27,16,17,14,35,37,26,35,21,28,36,24,46,36,8,14,6,16,0,6,24,35,26,22,35,27,20,9,25,25,24,15,8,16,18,8,30,31,5,31,29,21,9,17,9,29,11,9,18,16,21,13,23,19,21,29,14,18,20,2,30,28,27,10,39,32,32,32,25,41,31,16,6,23,29,18,26,31,32,2,25,22,29,46,8,19,31,31,10,2,28,26
21,13,13,26,4,44,21,31,20,24,21,28,32,23,27,32,5,21,13,21,22,17,35,47,17,7,35,17,33,37,32,34,31,12,19,17,20,16,22,12,17,22,26,21,5,37,32,23,30,19,43,43,25,25,16,21,28,41,35,26,17,3,38,27,18,19,28,35,25,14,41,19,18,37,20,3,18,21,21,28,7,38,27,8,35,37,19,10,21,35,41,24,35,27,24,38,25,13,18,16,37,39,27,37,22,30,38,26,48,36,6,16,7,18,6,0,26,36,28,18,38,30,23,6,27,26,26,17,9,7,24,5,27,33,2,29,32,19,5,19,7,25,11,5,16,16,18,16,24,16,14,32,17,14,15,6,29,30,29,11,41,32,33,33,27,37,33,7,6,25,30,16,26,33,29,6,26,17,28,47,5,16,31,33,6,6,30,27
20,23,26,20,27,36,23,28,35,26,20,24,15,36,24,15,24,18,23,24,6,19,26,38,19,22,28,19,16,28,17,16,33,24,19,23,19,14,30,20,19,36,20,22,23,31,22,22,14,20,30,31,14,16,23,13,4,32,29,16,19,26,31,14,18,10,20,28,8,25,30,19,16,31,12,26,16,22,14,25,21,24,30,29,26,28,17,29,38,26,33,23,26,24,16,30,29,26,21,12,29,30,24,29,24,21,26,20,35,12,27,23,22,14,24,26,0,28,6,38,18,21,21,31,20,9,2,26,27,35,24,29,20,20,31,25,17,37,30,22,30,22,32,31,14,16,37,25,11,38,38,17,26,37,31,29,26,30,23,26,23,14,21,20,24,32,21,35,26,19,8,37,6,22,26,30,10,37,22,35,29,26,21,22,26,29,19,34
20,37,37,21,36,17,26,28,46,22,22,12,21,44,21,21,41,30,33,28,27,28,18,27,28,38,19,28,28,18,21,29,33,27,31,28,23,27,38,31,28,43,21,22,36,2,19,22,26,27,10,22,27,30,26,31,28,19,18,26,28,35,38,26,32,26,22,19,27,37,10,27,29,15,27,35,26,25,32,15,36,25,42,32,16,17,27,34,45,19,5,21,19,21,26,11,28,37,24,31,16,35,21,16,29,22,25,21,28,31,35,25,38,26,35,36,28,0,31,43,25,22,25,37,26,35,31,27,41,41,23,36,34,13,38,22,21,43,41,27,38,33,34,37,26,31,42,25,32,45,43,21,27,44,41,39,12,26,10,37,25,34,10,21,21,21,8,41,38,29,32,43,31,16,35,35,30,43,22,28,40,29,9,16,38,39,24,37
18,26,26,18,27,28,22,27,37,25,18,24,13,33,22,13,25,12,27,24,10,22,25,40,21,22,27,22,18,28,15,12,32,24,21,23,20,14,30,19,22,36,18,19,23,31,21,21,14,20,28,29,17,17,23,14,4,35,26,16,22,26,31,17,17,14,17,27,12,26,30,16,12,31,12,26,12,22,14,25,23,20,32,29,25,28,16,29,38,25,33,20,25,22,16,30,28,28,21,14,27,30,22,27,25,20,24,18,35,16,27,23,21,10,26,28,6,31,0,37,16,19,24,29,21,11,6,24,28,33,25,23,24,18,29,26,14,37,26,22,27,22,30,27,14,14,37,23,11,37,34,14,24,38,29,25,27,30,24,27,22,10,19,21,25,35,19,33,22,17,14,35,6,20,26,26,13,34,23,35,25,24,21,20,22,27,19,30
29,18,19,35,19,52,29,36,18,29,29,36,39,2,34,39,18,29,15,30,32,33,44,53,32,21,44,33,44,43,41,41,40,18,28,21,28,24,22,20,33,6,35,28,17,43,36,28,37,23,49,49,34,38,21,29,35,47,44,32,33,15,38,38,24,28,37,44,35,24,49,26,25,42,27,19,27,24,29,32,18,47,25,18,44,43,27,18,6,44,47,34,44,34,32,46,29,18,23,26,43,45,34,43,25,36,47,35,54,43,18,23,20,27,22,18,38,43,37,0,46,43,29,23,37,35,36,25,23,17,33,20,41,43,20,37,45,8,17,28,23,35,19,18,26,27,12,26,34,19,8,45,25,16,17,15,37,36,37,23,54,40,44,44,36,44,43,13,21,28,42,12,34,43,43,22,34,12,38,58,18,20,43,43,19,14,43,25
24,36,38,12,39,24,31,29,45,31,24,24,8,46,24,10,37,20,38,28,22,29,25,35,28,34,20,29,22,26,6,19,30,34,28,33,26,26,37,31,29,46,12,25,33,25,22,26,28,30,25,25,24,27,33,27,18,25,27,26,29,36,38,24,27,26,11,23,22,36,25,26,24,28,22,36,23,30,27,22,33,2,42,39,25,26,24,39,48,23,23,24,23,24,26,16,34,38,33,26,30,31,26,26,34,24,2,14,30,19,37,33,33,23,35,38,18,25,16,46,0,22,30,39,27,30,26,34,39,43,25,35,33,24,39,25,12,47,38,28,37,32,40,39,26,26,47,33,30,49,47,8,34,49,39,37,24,31,24,37,17,28,22,20,21,32,22,43,36,27,20,45,26,17,34,36,30,48,23,29,37,33,22,21,36,37,20,42
11,33,33,13,31,29,23,28,42,21,11,14,16,42,16,15,35,19,35,22,21,21,11,27,21,32,13,21,24,17,16,26,27,26,25,25,14,20,33,20,21,43,13,15,30,22,20,19,20,28,23,27,21,23,25,25,20,30,9,29,21,30,37,20,21,21,14,11,21,30,23,17,20,19,21,29,20,22,24,18,30,22,35,31,11,17,18,33,41,11,28,15,11,16,29,23,27,35,24,25,20,34,16,21,29,16,22,13,26,27,29,26,32,20,27,30,21,22,19,43,22,0,22,30,18,25,22,26,36,36,17,28,27,17,30,19,15,39,35,28,29,26,33,31,21,25,39,26,25,40,39,16,26,41,40,34,14,25,15,33,17,30,15,21,18,15,16,38,32,23,27,38,22,21,29,28,23,39,20,26,34,26,16,20,32,34,6,35
11,21,23,18,23,32,6,23,29,8,13,18,24,29,16,24,27,14,21,20,16,9,26,35,9,24,27,9,30,25,24,29,30,16,13,11,13,14,20,18,9,29,18,11,22,25,26,11,21,18,31,31,15,14,11,19,23,30,26,21,9,24,35,26,18,13,20,27,20,22,31,10,15,27,17,23,13,2,17,18,22,30,27,20,27,25,14,21,29,27,29,20,27,16,21,28,16,21,14,19,25,30,16,25,19,18,30,18,36,28,21,15,23,15,20,23,21,25,24,29,30,22,0,23,16,22,22,16,27,24,18,22,20,21,24,18,24,28,27,16,24,21,21,23,15,11,25,16,22,29,28,24,15,30,26,22,18,21,18,25,33,29,21,22,18,25,22,24,24,13,30,28,23,24,27,20,21,29,23,36,25,14,22,24,23,21,22,23
21,14,13,25,4,46,19,34,17,24,21,30,33,21,28,33,8,20,14,20,25,20,36,47,20,10,36,19,35,37,33,31,31,13,22,16,21,15,21,12,20,24,25,20,6,37,31,22,29,19,43,43,26,24,17,21,25,40,36,26,20,6,37,29,18,22,29,36,26,14,43,18,19,37,19,5,17,21,20,28,8,39,24,11,36,37,19,12,22,36,41,25,36,28,26,40,29,19,19,19,37,38,28,37,23,30,39,25,48,35,4,19,10,17,9,6,31,37,29,23,39,30,23,0,28,28,29,18,11,12,25,8,28,34,3,30,31,20,6,20,4,26,14,6,19,17,20,19,26,16,16,31,18,17,18,9,30,33,30,10,41,29,34,34,28,40,32,12,9,21,33,13,25,32,30,9,28,19,27,48,6,17,34,32,5,8,30,24
15,28,28,15,27,31,17,24,37,17,13,15,21,37,5,21,32,18,27,19,17,19,23,32,19,29,24,19,25,20,21,28,29,20,22,19,16,18,29,22,19,37,15,17,27,26,21,7,17,20,27,20,19,18,19,20,20,31,23,22,19,28,31,19,22,17,17,24,17,27,27,18,19,24,17,28,19,16,21,15,27,27,32,25,23,22,18,28,36,23,30,16,24,5,21,25,22,27,20,22,14,32,3,14,22,7,27,15,27,26,26,19,28,19,25,27,20,26,21,37,27,18,16,28,0,25,23,17,31,32,17,27,25,18,28,7,21,34,31,22,29,23,24,27,19,18,34,20,25,37,34,21,17,34,31,29,15,20,15,30,30,26,19,11,15,24,18,32,28,19,32,34,20,21,29,26,25,33,22,27,28,20,18,21,29,28,18,28
20,25,27,19,30,38,21,27,33,26,19,24,20,34,25,20,26,15,27,23,7,19,28,38,18,25,30,19,20,30,22,20,33,23,18,22,21,13,29,19,19,35,18,22,22,35,27,20,4,19,36,36,14,15,22,11,11,33,29,20,19,25,31,17,15,11,19,30,7,24,36,18,15,33,9,24,14,20,14,25,20,28,29,28,30,30,15,28,38,28,37,24,28,25,21,33,27,25,22,13,33,31,25,33,22,25,30,18,41,14,26,22,21,12,25,26,9,35,11,35,30,25,22,28,25,0,10,25,24,33,21,32,21,24,28,23,21,37,28,26,29,22,32,29,19,15,35,24,2,35,37,21,25,37,31,29,23,27,20,26,30,18,25,23,21,31,24,32,25,16,15,37,14,25,25,30,2,38,22,37,27,28,25,25,31,31,20,35
20,25,28,19,27,34,24,28,37,26,20,24,15,36,24,15,24,18,27,24,6,20,26,38,20,22,27,20,18,28,17,16,33,24,21,21,21,14,30,20,21,36,19,22,23,31,22,22,14,20,30,31,17,17,20,14,6,32,29,16,21,26,31,15,18,10,19,27,10,26,30,21,14,31,12,26,14,21,15,24,21,22,30,29,26,28,17,29,38,26,33,21,26,24,16,30,29,26,23,10,30,30,24,29,24,21,26,19,35,14,27,23,22,14,24,26,2,31,6,36,26,22,22,29,23,10,0,26,27,35,25,29,22,20,31,26,17,37,30,22,30,22,32,31,14,16,37,25,12,38,38,17,26,37,31,29,27,30,24,26,24,14,21,21,24,33,21,35,26,18,10,37,6,22,26,30,12,37,22,35,29,26,21,22,26,29,20,34
17,19,15,22,17,38,17,29,28,18,15,20,28,27,19,28,21,17,10,20,20,20,31,39,22,17,31,20,38,29,28,29,36,7,22,10,18,12,17,12,20,25,22,19,17,27,29,13,25,9,33,34,28,21,12,21,23,29,31,15,20,17,40,30,13,18,24,31,25,17,33,15,14,27,16,18,14,14,17,18,17,34,24,16,31,29,15,19,26,31,31,22,31,19,15,30,23,19,8,18,28,35,17,28,18,21,34,22,39,32,17,9,17,14,15,17,26,27,24,25,34,26,16,18,17,25,26,0,18,20,23,17,25,23,17,21,28,25,17,11,17,22,14,17,14,13,23,8,23,27,24,28,1,23,23,18,20,31,20,18,37,28,23,25,18,30,24,20,18,21,30,24,22,24,26,15,23,22,27,39,17,13,24,24,20,17,26,18
25,15,19,31,8,39,27,31,24,29,26,35,33,19,31,33,8,23,15,25,21,16,41,50,15,3,42,16,28,40,32,31,33,16,24,18,19,18,24,15,16,19,31,24,6,41,35,27,20,16,44,40,20,20,18,25,25,43,41,25,17,7,34,22,19,16,34,42,21,5,42,21,16,40,23,9,20,22,24,32,8,39,28,14,42,40,23,16,21,41,43,28,42,31,27,37,31,19,20,20,41,38,32,40,26,31,39,31,45,31,9,19,2,20,8,9,27,41,28,23,39,36,27,11,31,24,27,18,0,19,24,11,32,29,8,33,28,25,7,15,12,31,17,8,19,20,22,15,20,16,22,28,16,23,6,13,33,31,30,7,37,24,29,29,27,42,27,19,3,23,24,22,20,27,34,8,24,24,28,43,6,19,29,27,9,13,32,30
27,17,15,30,12,47,20,32,18,25,27,34,37,18,31,37,13,26,15,30,29,29,41,50,26,16,41,29,39,39,36,38,38,15,27,17,25,20,13,16,29,18,30,27,13,40,35,24,33,21,44,42,32,31,17,27,32,42,41,25,29,11,39,31,23,26,33,41,32,20,44,25,24,40,26,12,24,22,26,31,15,43,24,11,41,39,24,11,16,39,42,34,39,29,27,41,18,19,20,24,39,44,32,40,27,31,43,30,47,40,11,20,16,24,16,7,35,41,33,17,43,36,24,12,32,33,35,20,19,0,27,9,32,35,13,29,35,19,15,19,12,32,10,14,24,24,21,21,30,16,17,35,22,19,6,16,31,29,33,18,44,37,35,33,30,36,35,2,16,25,39,18,31,35,34,15,30,17,33,47,15,18,35,35,16,15,35,28
12,29,26,14,25,35,22,19,31,15,14,18,19,33,14,19,27,17,28,19,20,18,22,35,17,25,23,18,25,25,19,32,23,23,19,21,9,15,32,20,18,34,12,11,25,23,20,16,20,27,28,32,18,21,21,20,25,31,25,28,18,23,33,20,22,20,15,23,18,23,28,16,18,27,18,22,18,18,18,16,25,25,28,26,23,25,17,26,34,23,26,13,23,14,28,27,18,31,21,22,27,30,14,27,29,15,25,14,35,28,22,23,25,18,18,24,24,23,25,33,25,17,18,25,17,21,25,23,24,27,0,23,24,22,25,14,19,32,25,24,25,21,29,25,18,18,33,23,21,35,32,19,23,33,26,28,17,17,17,27,28,28,21,19,20,26,21,26,24,18,29,32,22,23,27,20,22,33,8,35,25,23,21,23,22,22,19,27
19,13,12,23,6,45,20,31,17,24,19,29,29,22,27,29,4,18,12,23,23,20,33,46,19,7,33,20,39,36,29,33,30,13,20,16,18,15,21,10,20,20,23,18,7,36,31,22,32,19,40,42,26,30,16,20,27,40,33,25,20,7,40,30,16,20,25,33,26,16,42,16,13,36,21,6,15,20,20,27,5,35,25,10,33,36,17,12,21,33,40,23,33,27,25,37,26,18,18,17,36,38,27,36,22,29,35,23,47,35,4,18,7,15,8,5,29,36,23,20,35,28,22,8,27,32,29,17,11,9,23,0,27,33,8,29,29,17,6,19,6,25,13,6,17,17,18,18,26,13,18,29,17,17,18,9,26,31,29,11,39,31,33,33,27,38,31,10,7,20,31,15,27,31,29,8,26,20,29,47,6,16,33,31,7,9,28,25
22,30,32,23,26,43,27,32,40,28,22,28,23,41,26,23,32,19,32,30,19,23,34,46,22,32,32,23,28,32,25,30,38,25,25,22,23,15,35,23,23,41,23,24,30,34,28,24,23,30,38,37,24,18,22,22,24,36,32,29,22,31,37,25,25,19,23,32,19,30,38,21,20,35,20,28,16,21,15,28,30,31,36,30,34,34,18,30,41,30,36,27,30,26,27,37,31,32,24,22,34,33,26,34,30,26,33,23,42,28,27,24,33,18,30,27,20,34,24,41,33,27,20,28,25,21,22,25,32,32,24,27,0,22,29,26,26,39,30,28,28,15,29,28,16,22,38,24,18,37,38,26,25,39,34,31,23,29,21,29,36,29,27,30,29,33,25,32,28,18,23,39,20,28,6,31,21,39,20,44,31,27,25,29,28,30,27,34
19,30,30,20,33,21,23,22,40,21,19,11,16,43,19,16,33,24,21,21,20,25,23,33,24,29,24,25,24,23,16,22,30,24,24,25,18,24,30,28,25,42,20,21,29,13,15,19,23,20,16,24,20,26,23,28,17,23,21,18,25,33,36,23,24,23,20,24,20,33,16,22,24,20,19,32,24,22,25,14,29,24,35,29,23,23,24,29,38,24,15,20,24,19,18,15,24,30,20,24,22,30,19,22,31,19,24,20,28,25,32,21,29,24,31,33,20,13,18,43,24,17,21,34,18,24,20,23,29,35,22,33,22,0,35,19,16,40,33,18,35,26,30,34,22,23,36,21,26,38,39,16,24,39,32,31,11,22,11,31,25,28,3,15,14,20,7,33,30,23,29,40,21,12,30,32,25,41,18,28,33,27,7,12,29,33,21,33
21,17,13,27,3,45,20,32,15,25,21,29,33,22,28,33,6,20,14,22,23,16,35,48,16,6,36,16,34,38,33,35,32,12,20,17,21,17,22,12,16,23,27,20,6,38,33,23,25,20,44,44,24,20,17,21,27,42,35,27,16,2,39,28,18,20,29,36,24,15,42,20,19,38,21,4,17,22,20,29,8,39,26,9,36,38,19,11,21,36,42,23,36,28,25,39,28,20,20,19,38,40,28,38,23,31,39,27,49,35,4,17,6,17,5,2,31,38,29,20,39,30,24,3,28,28,31,17,8,13,25,8,29,35,0,30,31,22,3,20,3,25,12,3,21,17,19,17,24,16,14,31,17,13,16,5,32,34,30,10,41,31,34,34,28,38,32,12,5,25,29,17,27,32,33,5,26,21,29,48,4,18,34,32,9,5,30,26
17,29,30,16,29,32,20,19,37,19,17,15,20,37,4,20,32,20,31,22,23,24,24,32,23,33,24,24,30,22,20,32,26,22,25,21,18,20,32,24,24,38,16,19,32,22,22,11,22,27,27,14,24,25,21,23,25,30,22,27,24,29,33,25,25,23,16,24,23,32,27,20,21,24,20,30,21,18,21,16,32,26,36,27,24,22,20,27,38,24,25,19,24,4,26,24,22,29,22,25,10,32,4,12,25,4,25,16,24,31,28,22,32,21,31,29,25,22,26,37,25,19,18,30,7,23,26,21,33,29,14,29,26,19,30,0,20,36,33,21,31,23,28,30,21,20,36,22,25,38,36,19,21,37,33,31,14,17,14,31,29,28,18,5,16,23,18,31,30,23,32,36,22,20,28,28,25,37,23,24,31,22,18,20,30,34,19,32
18,30,32,8,33,28,25,25,45,25,18,18,2,43,20,2,32,16,31,22,16,23,18,32,22,28,17,23,23,20,2,20,27,28,22,27,20,20,33,25,23,45,6,19,27,21,16,20,21,26,23,25,18,23,27,26,17,25,20,25,23,30,38,20,21,20,7,17,16,31,23,18,18,23,16,30,17,24,19,16,27,12,36,33,19,20,18,33,40,15,24,18,17,18,25,22,28,32,26,20,22,33,20,22,31,19,8,6,28,22,31,27,28,17,29,32,17,21,14,45,12,15,24,31,21,21,17,28,28,35,19,29,26,16,31,20,0,41,32,24,31,24,34,33,20,20,40,27,22,41,41,2,28,42,36,31,18,25,18,33,16,25,14,16,15,23,14,37,28,22,25,39,18,12,26,30,23,42,16,28,32,29,14,11,28,31,11,36
30,18,19,35,18,50,29,37,20,28,30,36,41,6,34,41,15,29,17,31,31,34,44,53,34,17,44,34,45,43,41,39,42,18,30,21,26,24,22,20,34,13,35,28,17,43,37,29,37,22,47,48,34,39,21,29,35,47,44,32,34,18,40,40,23,29,37,44,36,25,49,28,24,43,29,21,27,26,30,34,18,47,23,18,44,43,28,20,13,44,47,35,44,34,32,46,28,20,24,27,43,44,34,43,28,36,47,35,54,43,17,25,17,27,21,19,37,43,37,8,47,39,28,20,34,37,37,25,25,19,32,17,39,40,22,36,41,0,20,29,24,35,20,21,28,28,2,26,35,17,17,43,25,17,22,19,37,35,38,20,53,37,44,44,36,43,44,16,23,28,42,15,33,43,42,22,35,8,37,58,20,23,44,43,19,14,43,25
26,13,12,31,2,45,21,32,16,27,26,29,32,19,30,32,3,26,13,24,23,20,40,49,20,6,40,20,33,39,32,28,34,14,21,17,21,17,21,13,20,21,31,24,7,40,30,26,29,19,40,42,26,23,16,21,24,44,40,25,19,3,36,26,18,17,33,40,26,10,42,22,16,38,18,3,18,25,26,29,7,38,27,9,40,39,24,11,19,40,45,28,40,30,25,37,26,18,18,21,39,37,31,39,22,33,38,31,47,34,6,18,5,18,9,5,30,41,26,17,38,35,27,6,31,28,30,17,7,15,25,6,30,33,3,33,32,20,0,19,7,24,12,1,17,14,17,18,26,12,15,32,17,14,18,8,27,30,28,11,41,28,33,33,27,38,31,10,6,21,29,14,24,31,27,9,29,19,26,47,1,16,33,31,5,8,31,25
18,7,9,23,19,32,16,26,30,20,18,18,24,28,22,24,19,16,9,23,14,18,33,41,17,15,33,18,30,31,24,27,34,10,20,14,19,14,15,10,18,27,23,20,15,27,25,16,24,4,27,27,18,19,12,19,21,32,31,8,18,19,36,24,4,13,25,33,17,16,27,17,14,24,13,20,15,15,16,15,15,32,23,15,33,31,12,15,21,33,30,24,33,22,12,26,25,14,7,16,29,35,22,31,17,23,30,23,34,28,18,7,15,15,17,19,22,27,22,28,28,28,16,20,22,26,22,11,15,19,24,19,28,18,20,21,24,29,19,0,21,21,16,19,15,14,24,7,19,26,24,24,11,27,17,16,17,26,18,20,33,25,18,18,15,36,18,21,16,19,26,24,19,18,28,18,19,26,27,34,19,11,18,18,15,18,26,24
20,14,13,23,8,47,20,35,19,25,20,31,31,22,29,31,6,18,15,22,24,20,35,48,20,9,35,20,35,38,31,33,34,13,22,17,21,15,22,11,20,23,25,18,8,38,33,23,30,20,44,44,26,23,18,21,27,41,35,27,19,6,39,29,17,21,27,35,28,14,44,16,17,38,21,4,15,22,18,29,6,37,24,12,35,38,18,14,18,35,42,23,35,29,27,41,30,17,20,17,38,40,29,38,24,31,37,23,49,35,6,20,10,15,9,7,30,38,27,23,37,29,24,4,29,29,30,17,12,12,25,6,28,35,3,31,31,24,7,21,0,26,15,4,17,19,21,20,28,17,15,29,18,15,20,9,31,33,31,12,41,33,35,35,29,40,35,12,12,20,35,13,27,33,30,9,28,21,29,49,8,17,35,33,8,9,29,24
19,28,30,21,24,41,27,28,38,25,19,26,24,36,24,24,28,15,29,27,18,21,31,42,21,28,31,25,30,31,24,26,33,23,23,22,20,15,32,21,21,35,21,21,29,33,28,22,22,28,37,36,25,15,22,19,20,37,31,30,20,25,39,26,22,18,21,31,18,29,36,20,20,34,14,26,16,21,12,26,29,32,34,28,31,31,15,28,35,29,34,23,29,24,30,35,27,30,22,20,33,31,24,33,28,24,32,21,41,28,25,22,29,16,29,25,22,33,22,35,32,26,21,26,23,22,22,22,31,32,21,25,15,26,25,23,24,35,24,21,26,0,28,24,14,14,36,22,18,37,36,24,22,36,32,30,26,29,28,26,33,26,27,26,28,31,27,33,25,17,26,36,18,29,20,25,18,37,27,42,30,23,27,29,28,28,26,30
24,16,12,29,12,44,20,26,19,23,22,27,34,20,27,34,13,23,11,27,26,25,38,46,24,15,38,26,39,36,34,36,37,13,23,13,24,19,15,15,25,19,29,25,9,34,34,20,32,16,39,41,29,27,11,24,28,41,38,22,25,13,38,32,18,23,30,38,28,19,39,23,21,34,22,14,21,19,23,25,11,42,25,5,38,36,21,3,20,38,37,30,38,27,22,36,22,19,16,21,36,42,24,36,22,28,40,29,46,37,12,16,15,21,11,11,32,34,30,19,40,33,21,14,24,32,32,14,17,10,29,13,29,30,12,28,34,20,12,16,15,28,0,11,22,21,18,18,29,15,17,34,18,17,14,14,26,23,28,17,43,35,30,32,26,32,30,10,13,25,34,18,29,30,29,15,27,18,31,46,11,15,30,30,16,12,34,25
22,13,13,27,2,44,21,34,17,24,22,30,33,20,27,33,4,22,13,20,23,20,36,47,20,5,36,20,36,37,33,31,32,14,20,17,21,17,22,13,20,22,27,22,8,37,31,23,29,19,41,43,26,23,16,22,27,41,36,25,19,4,39,30,19,20,29,36,26,15,43,20,17,37,19,4,19,21,22,28,8,39,26,9,36,37,20,11,21,36,41,25,36,27,25,38,29,19,18,17,37,36,27,37,22,30,39,27,48,35,6,18,6,19,9,5,31,37,27,18,39,31,23,6,27,29,31,17,8,14,25,6,28,34,3,30,33,21,1,19,4,24,11,0,17,15,18,18,27,13,16,33,17,15,20,7,27,31,28,12,42,29,33,33,27,38,31,13,6,25,29,15,25,31,27,9,30,20,27,47,2,17,33,31,6,9,31,26
12,15,16,15,17,38,18,28,30,18,12,20,18,26,19,18,14,10,17,16,4,15,26,36,16,19,26,17,34,26,20,22,33,14,12,13,13,4,22,10,15,26,15,14,20,26,24,14,19,19,33,33,18,16,13,6,14,32,26,23,15,21,35,27,12,4,17,26,11,20,33,9,6,29,8,20,4,13,10,20,18,24,20,19,26,26,8,21,25,24,32,19,24,19,24,30,23,16,13,2,28,30,19,28,16,21,26,15,38,22,17,13,19,4,18,16,14,26,14,26,26,21,15,19,19,19,14,14,19,24,18,17,16,22,21,21,20,28,17,15,17,14,22,17,0,8,25,17,13,28,24,20,18,24,26,21,23,25,25,21,27,20,24,24,21,32,24,24,20,6,18,26,14,25,24,14,13,28,23,38,16,15,24,25,20,20,23,20
12,19,19,15,15,37,13,27,28,17,12,19,18,27,18,18,20,10,20,18,12,11,30,41,13,17,30,11,34,28,20,16,36,13,16,12,13,4,21,10,11,28,15,14,17,31,22,13,17,16,32,32,18,14,12,13,10,35,30,24,11,16,31,23,12,6,21,30,14,15,32,9,6,32,4,18,4,12,10,19,17,24,21,18,30,28,8,20,26,28,35,17,28,18,25,29,22,21,12,10,31,28,18,31,18,20,26,15,37,20,15,12,16,4,16,16,16,31,14,27,26,25,11,17,18,15,16,13,20,24,18,17,22,23,17,20,20,28,14,14,19,14,21,15,8,0,22,12,12,26,26,20,13,25,24,17,20,22,20,18,27,16,23,23,19,27,23,23,18,9,20,25,10,24,16,16,14,26,19,37,14,13,23,24,18,15,19,20
30,18,18,35,18,51,29,35,15,29,30,34,40,8,34,40,17,30,15,30,31,31,44,53,31,22,44,31,43,43,40,40,40,19,27,19,29,24,24,20,31,7,35,29,20,42,36,29,35,24,47,48,33,37,18,28,32,47,44,31,31,20,38,37,25,27,37,44,34,22,47,26,26,42,29,18,26,23,30,33,20,47,24,16,44,43,28,18,11,44,46,34,44,34,31,45,33,19,24,25,43,47,34,43,25,36,47,35,53,41,18,24,21,26,21,18,37,42,37,12,47,39,25,20,34,35,37,23,22,21,33,18,38,36,19,36,40,2,17,24,21,36,18,18,25,22,0,26,34,11,17,44,25,16,19,17,36,32,38,21,53,40,42,43,36,41,42,18,20,27,41,17,34,41,42,19,33,17,38,57,18,18,42,41,19,17,41,24
16,16,15,21,18,32,18,27,27,18,16,15,27,26,20,27,22,16,14,20,19,19,31,39,21,15,31,20,37,28,27,28,36,7,20,12,17,11,17,13,19,25,21,18,15,25,29,14,22,9,31,35,28,18,10,20,22,31,31,13,20,17,38,30,15,16,23,31,25,15,29,16,13,21,16,19,13,14,16,12,17,33,25,12,31,28,14,15,28,30,29,24,30,20,15,26,23,17,2,16,29,35,20,29,19,22,33,21,40,31,17,1,15,13,13,16,25,25,23,26,33,26,16,19,20,24,25,8,15,21,23,18,24,21,17,22,27,26,18,7,20,22,18,18,17,12,26,0,20,27,22,27,9,24,19,14,17,25,18,21,36,28,22,26,12,31,22,20,18,16,27,24,22,18,26,13,22,25,28,40,19,13,20,18,20,14,25,21
20,24,27,18,27,34,21,27,33,26,20,24,20,35,25,20,28,15,27,23,9,17,28,38,16,20,30,17,18,30,22,19,31,21,16,22,21,13,29,19,17,35,18,22,20,32,27,20,2,19,36,36,12,13,22,12,11,33,29,20,17,23,31,15,15,13,19,30,9,22,36,18,15,33,9,26,14,20,14,25,22,28,31,26,30,30,15,28,38,28,37,24,28,25,21,33,27,27,22,15,33,31,25,33,22,25,30,18,41,16,26,20,19,12,23,24,11,32,11,34,30,25,22,26,25,2,12,23,20,30,21,26,18,26,24,25,22,35,26,19,28,18,29,27,13,12,34,20,0,35,37,21,25,36,31,29,23,27,20,26,30,18,25,23,21,33,24,34,21,16,13,37,14,25,25,28,4,37,22,37,27,28,25,25,31,31,20,35
31,21,19,35,13,52,27,36,13,30,31,37,41,17,37,41,11,29,21,33,33,32,45,56,32,16,45,32,45,46,41,40,42,23,30,24,30,26,25,22,32,19,35,30,16,45,39,31,35,26,47,50,35,39,23,29,37,49,45,32,32,15,43,37,27,29,36,45,35,24,49,28,26,45,31,17,27,27,31,36,16,49,27,16,45,46,28,15,18,45,48,35,45,37,32,48,33,20,27,28,46,48,37,46,32,38,49,35,55,42,17,27,15,27,19,16,38,45,37,19,49,40,29,16,37,35,38,27,16,16,35,13,37,38,16,38,41,17,12,26,17,37,15,13,28,26,11,27,35,0,15,43,28,16,20,21,40,33,40,19,54,40,43,45,37,45,44,19,23,29,41,15,36,43,40,20,34,19,42,59,20,25,45,43,23,19,43,26
30,18,19,35,18,49,29,38,8,28,30,34,41,11,34,41,15,30,19,31,32,31,44,53,30,16,44,31,44,43,41,41,42,17,27,21,28,25,24,20,31,12,35,29,17,43,40,29,37,24,49,47,34,37,22,29,34,46,44,29,31,15,38,38,24,26,37,44,33,24,47,27,25,43,30,13,26,26,30,34,16,46,22,12,44,43,28,17,2,44,47,34,44,34,29,43,31,14,24,24,43,48,34,43,30,36,47,35,54,43,17,22,16,26,21,14,38,43,34,8,47,39,28,16,34,37,38,24,22,17,32,18,38,39,14,36,41,17,15,24,15,36,17,16,24,26,17,22,37,15,0,44,28,4,24,18,37,38,38,21,52,41,42,42,36,47,43,19,21,27,42,10,35,42,42,18,35,8,39,56,15,23,42,42,22,21,42,23
18,30,32,8,33,28,25,25,45,25,18,18,2,45,18,4,32,14,31,22,16,23,18,33,22,28,17,23,23,21,2,20,25,28,22,27,20,20,31,25,23,45,6,17,27,21,16,20,21,24,23,23,18,21,27,26,17,26,20,25,23,30,38,21,21,20,7,17,16,30,23,20,18,23,16,30,17,24,21,16,27,12,36,33,18,21,18,33,40,17,24,18,17,18,25,22,28,32,27,20,22,32,20,20,33,17,6,8,28,22,31,27,28,17,29,32,17,21,14,45,8,16,24,31,21,21,17,28,28,35,19,29,26,16,31,19,2,43,32,24,29,24,34,33,20,20,44,27,21,43,44,0,28,42,36,31,18,25,18,33,16,25,14,14,17,24,14,37,28,22,25,37,18,12,26,30,23,41,16,28,32,26,14,13,28,31,14,36
17,19,15,22,17,36,17,29,28,18,15,20,28,27,19,28,21,16,10,20,20,20,31,39,22,17,31,20,38,28,28,29,35,7,22,10,18,12,17,12,20,25,22,19,17,27,28,11,25,9,33,34,28,21,11,21,23,29,30,15,20,17,39,30,13,18,24,31,24,17,33,15,14,27,16,18,14,14,17,18,17,34,25,16,31,28,15,19,26,31,31,21,31,19,15,30,23,19,9,18,28,35,17,28,18,21,34,22,39,32,17,8,17,14,14,17,26,27,24,25,34,26,15,18,17,25,26,1,16,22,23,17,25,24,17,21,28,25,17,11,18,22,18,17,18,13,25,9,25,28,28,28,0,23,22,18,20,31,20,19,37,28,23,25,18,30,24,20,18,21,30,23,22,24,27,16,23,22,27,39,17,13,24,24,20,16,26,19
31,20,19,36,15,53,30,37,6,29,30,37,42,19,35,42,13,30,18,30,30,29,46,55,29,20,45,29,45,44,42,43,39,19,29,23,26,25,26,22,29,16,36,31,19,44,41,29,36,27,50,50,35,38,24,29,34,48,46,30,29,14,43,39,27,27,38,45,33,21,50,29,28,45,29,14,27,28,32,36,18,49,21,13,45,44,28,19,17,45,49,35,45,35,30,47,33,17,27,24,43,50,34,44,27,37,49,36,55,43,17,25,18,27,18,14,37,44,38,16,49,41,30,17,34,37,37,23,23,19,33,17,39,39,13,37,42,17,14,27,15,36,17,15,24,25,16,24,36,16,4,42,23,0,19,18,39,34,38,19,52,45,42,43,37,46,43,18,20,28,46,10,38,43,44,19,37,17,39,57,13,24,43,43,22,16,41,19
29,19,17,34,18,45,23,30,17,27,29,36,35,19,31,35,19,28,15,29,25,30,45,53,29,15,45,30,37,43,36,34,38,17,29,18,27,24,13,21,30,18,34,28,12,41,35,26,31,17,43,41,30,32,18,29,26,45,45,19,30,15,35,31,20,27,35,45,28,14,43,27,24,41,20,17,25,24,26,30,12,39,28,16,45,43,26,15,19,45,43,34,45,31,23,37,20,20,19,26,43,41,31,43,26,33,39,34,46,38,17,21,7,25,20,15,31,41,29,17,39,40,26,18,31,31,31,23,6,6,26,18,34,32,16,33,36,22,18,17,20,32,14,20,26,24,19,19,31,20,24,36,22,19,0,10,32,32,35,17,42,36,28,26,31,40,32,10,7,30,36,21,30,33,36,17,32,22,30,42,16,19,28,33,11,14,38,29
25,12,13,29,8,40,18,33,17,28,25,26,31,17,28,31,8,24,12,22,20,13,39,47,13,5,39,13,32,40,31,33,33,10,19,16,24,15,21,10,13,15,29,18,6,40,29,22,29,18,39,40,21,23,16,19,27,43,39,22,13,5,41,25,17,14,31,39,25,6,39,22,17,38,21,8,15,20,19,25,8,37,27,9,39,40,18,12,17,39,43,29,39,27,22,34,29,14,16,21,37,37,29,37,22,30,37,29,45,35,8,14,12,15,2,6,29,39,25,15,37,34,22,9,29,29,29,18,13,16,28,9,31,31,5,31,31,19,8,16,9,30,14,7,21,17,17,14,29,21,18,31,18,18,10,0,30,32,28,10,38,30,32,31,25,42,30,14,5,22,27,17,25,30,33,2,24,19,30,45,6,18,32,30,9,2,29,27
15,29,29,12,27,22,22,20,36,17,15,3,18,37,14,18,34,19,27,20,24,24,22,30,23,33,22,24,30,18,18,32,28,20,25,21,16,20,30,24,24,37,12,17,32,12,20,15,23,23,14,27,24,25,19,25,26,26,22,23,24,29,36,24,25,21,10,22,24,32,16,20,19,18,18,30,21,18,21,10,32,24,33,25,20,18,20,25,38,21,15,17,21,14,23,11,20,28,18,23,22,32,14,22,25,14,24,12,30,32,28,18,33,21,30,29,26,12,27,37,24,14,18,30,15,23,27,20,33,31,17,26,23,11,32,14,18,37,27,17,31,26,26,27,23,20,36,17,23,40,37,18,20,39,32,30,0,18,4,31,27,28,8,18,10,19,5,31,28,23,30,36,21,12,29,28,22,37,20,30,27,22,7,12,28,31,16,32
22,30,29,20,31,35,26,7,34,21,22,18,25,36,17,25,31,25,26,23,27,22,30,38,24,33,28,15,35,28,23,36,29,27,13,24,22,25,28,28,17,35,22,23,30,26,27,19,27,27,30,33,12,30,22,29,29,35,32,28,15,35,40,24,28,28,20,30,27,30,30,25,25,28,21,35,25,21,26,20,30,31,31,25,30,28,25,22,33,30,29,28,30,17,28,29,22,30,24,25,29,37,17,29,30,19,33,22,36,36,28,25,33,25,28,30,30,26,30,36,31,25,21,33,20,27,30,31,31,29,17,31,29,22,34,17,25,35,30,26,33,29,23,31,25,22,32,25,27,33,38,25,31,34,32,32,18,0,22,34,34,33,21,20,24,27,21,29,33,25,35,35,27,23,38,28,29,34,20,36,34,25,21,23,32,31,28,31
13,29,31,12,28,17,19,22,39,15,15,5,18,37,14,18,32,20,29,22,21,21,22,32,20,30,22,21,27,20,18,29,30,20,25,21,16,20,30,24,21,39,10,15,29,8,18,15,20,20,15,27,21,22,19,25,23,23,22,20,21,29,36,21,25,18,12,22,21,29,14,20,25,18,20,30,21,18,23,8,29,24,35,25,20,20,20,27,38,22,13,15,22,12,20,11,20,29,16,25,22,35,14,22,25,14,24,12,30,29,28,18,30,21,27,29,23,10,24,37,24,15,18,30,15,20,24,20,30,33,17,29,21,11,30,14,18,38,28,18,31,28,28,28,25,20,38,18,20,40,38,18,20,38,35,28,4,22,0,31,27,30,8,18,10,19,6,31,30,21,31,36,24,14,29,28,22,37,19,30,33,22,5,14,30,34,17,32
23,16,16,27,12,44,24,32,21,25,23,31,33,23,30,33,10,21,16,24,19,20,38,49,19,7,38,20,31,39,33,34,32,16,22,18,22,19,22,15,20,22,27,22,6,39,31,24,26,19,43,43,20,23,19,22,27,42,38,22,20,9,38,26,18,19,28,38,22,9,43,22,20,39,21,9,19,23,20,30,8,37,26,15,38,39,20,16,23,37,42,29,37,30,18,36,29,20,21,21,39,39,30,39,25,31,37,27,48,34,9,21,6,19,10,11,26,37,27,23,37,33,25,10,30,26,26,18,7,18,27,11,29,31,10,31,33,20,11,20,12,26,17,12,21,18,21,21,26,19,21,33,19,19,17,10,31,34,31,0,42,30,33,35,29,42,35,18,7,25,28,18,24,34,34,10,23,20,33,49,10,19,35,34,9,9,31,27
26,39,41,22,42,29,34,34,54,34,26,27,14,53,29,16,41,28,40,31,23,32,18,23,31,37,16,32,32,20,16,24,30,37,31,36,29,27,43,31,32,54,20,29,36,25,25,30,30,35,20,22,27,30,36,35,24,26,19,34,32,40,45,30,27,27,22,16,23,39,20,30,28,19,23,40,28,33,28,28,36,15,45,42,18,20,27,42,51,6,25,28,8,29,34,24,37,41,36,29,26,34,27,26,42,29,19,22,19,27,40,36,37,26,39,41,23,25,22,54,17,17,33,41,30,30,24,37,37,44,28,39,36,25,41,29,16,53,41,33,41,33,43,42,27,27,53,36,30,54,52,16,37,52,42,38,27,34,27,42,0,29,23,25,28,24,23,46,37,31,27,49,25,24,33,39,32,51,25,19,41,37,23,24,37,40,13,45
26,32,33,27,29,35,27,34,42,31,26,30,25,37,28,25,29,22,33,28,16,28,29,41,27,26,32,28,19,30,25,2,35,29,27,26,27,20,35,26,28,41,27,28,27,34,26,27,18,25,30,30,23,22,26,20,8,36,30,21,28,30,25,23,24,20,27,32,16,31,32,27,18,34,14,32,18,26,20,31,27,25,36,34,28,30,23,34,42,30,37,27,30,28,21,31,34,33,28,20,30,24,28,30,30,26,28,27,37,6,29,28,25,18,32,32,14,34,10,40,28,30,29,29,26,18,14,28,24,37,28,31,29,28,31,28,25,37,28,25,33,26,35,29,20,16,40,28,18,40,41,25,28,45,36,30,28,33,30,30,29,0,25,25,30,37,25,38,30,27,10,39,10,26,31,32,19,42,28,35,31,31,25,26,26,33,26,37
19,30,30,18,33,18,23,21,42,21,19,8,14,44,18,14,33,24,21,21,20,25,21,31,24,29,22,25,25,21,14,23,29,24,24,25,18,24,30,28,25,43,18,21,29,10,16,19,24,20,13,23,20,26,23,29,18,22,23,17,25,33,37,23,24,22,18,22,20,33,13,22,24,18,19,32,24,22,24,14,27,22,35,29,19,21,24,29,38,23,12,21,22,18,17,12,24,30,20,24,21,31,18,21,31,18,22,18,26,26,32,22,29,24,32,33,21,10,19,44,22,15,21,34,19,25,21,23,29,35,21,33,27,3,34,18,14,44,33,18,35,27,30,33,24,23,42,22,25,43,42,14,23,42,28,32,8,21,8,33,23,25,0,14,14,18,4,33,30,23,29,40,21,10,30,32,24,41,17,26,33,27,4,10,29,33,19,33
21,30,30,20,33,28,23,20,44,23,21,18,16,44,6,16,33,22,28,23,20,25,22,33,24,29,24,25,25,23,16,25,27,26,24,25,22,24,32,28,25,44,20,23,29,21,18,15,24,24,23,9,20,26,25,28,20,26,21,19,25,33,37,23,24,24,20,24,20,33,23,24,24,24,19,34,24,22,25,20,29,24,33,31,23,23,22,31,38,24,24,23,24,8,21,22,26,30,26,24,9,35,8,11,31,6,20,20,20,25,32,26,29,24,32,33,20,21,21,44,20,21,22,34,11,23,21,25,29,33,19,33,30,15,34,5,16,44,33,18,35,26,32,33,24,23,43,26,23,45,42,14,25,43,26,31,18,20,18,35,25,25,14,0,20,24,14,35,30,26,30,38,20,16,29,32,26,40,19,20,33,24,14,16,29,33,21,35
17,23,29,9,27,26,18,22,36,19,17,10,17,36,14,17,31,19,27,24,20,21,23,31,21,28,19,21,29,20,15,30,28,18,23,19,18,19,27,22,21,37,10,19,27,21,23,15,22,17,23,29,21,22,17,23,24,30,25,16,21,28,38,24,23,19,11,21,20,26,23,20,19,11,19,28,20,18,22,2,27,21,32,23,23,20,19,25,36,22,25,18,22,14,18,20,25,29,12,23,23,36,14,23,25,16,23,9,32,30,26,12,28,20,25,27,24,21,25,36,21,18,18,28,15,21,24,18,27,30,20,27,29,14,28,16,15,36,27,15,29,28,26,27,21,19,36,12,21,37,36,17,18,37,31,25,10,24,10,29,28,30,14,20,0,23,14,32,29,22,32,34,25,6,29,26,25,35,23,32,29,22,14,8,29,32,17,31
24,40,40,23,38,34,30,18,46,24,24,24,24,42,21,23,40,29,40,30,32,34,22,30,33,41,22,34,35,18,24,37,35,31,34,28,25,29,37,33,34,46,23,26,38,21,30,24,33,37,24,28,34,35,28,35,33,28,22,37,34,37,40,34,37,32,23,22,32,42,24,29,34,22,30,37,30,25,30,23,38,32,40,34,20,18,30,31,42,20,25,25,20,21,37,28,25,39,31,32,24,39,21,24,38,23,32,23,27,35,37,31,41,30,41,37,32,21,35,44,32,15,25,40,24,31,33,30,42,36,26,38,33,20,38,23,23,43,38,36,40,31,32,38,32,27,41,31,33,45,47,24,30,46,40,42,19,27,19,42,24,37,18,24,23,0,19,37,38,34,35,44,31,24,37,39,33,43,25,27,40,31,19,23,39,41,19,40
17,30,30,18,31,18,23,21,43,19,19,6,14,43,18,14,31,24,26,21,20,25,21,31,24,27,22,25,25,21,14,25,29,24,24,25,20,24,30,28,25,43,18,19,29,9,14,19,23,20,9,23,20,26,23,29,20,20,21,19,25,32,37,23,24,22,18,22,20,33,11,24,22,18,19,32,22,22,25,12,29,22,35,29,21,20,24,29,38,21,11,19,21,18,19,6,24,30,21,24,21,33,18,21,32,18,22,18,26,26,32,22,27,22,31,33,21,8,19,43,22,16,22,32,18,24,21,24,27,35,21,31,25,7,32,18,14,44,31,18,35,27,30,31,24,23,42,22,24,44,43,14,24,43,32,30,5,21,6,35,23,25,4,14,14,19,0,35,28,23,27,40,21,7,30,32,26,39,15,26,31,27,2,5,27,33,18,34
27,17,15,34,10,47,22,32,18,27,27,34,37,15,32,37,10,26,13,30,29,27,43,50,26,17,43,29,41,41,37,38,38,15,27,17,26,22,13,18,27,19,34,29,14,41,36,27,34,21,44,44,32,30,17,27,30,44,43,25,29,8,37,33,23,26,33,43,32,20,44,25,24,41,24,11,24,22,26,32,13,43,26,11,43,41,24,11,18,43,42,34,43,32,25,41,18,19,20,24,41,44,32,41,22,31,43,34,49,41,11,20,16,24,16,7,35,41,33,13,43,38,24,12,32,32,35,20,19,2,26,10,32,33,12,31,37,16,10,21,12,33,10,13,24,23,18,20,34,19,19,37,20,18,10,14,31,29,31,18,46,38,33,35,32,37,35,0,12,28,39,15,32,35,36,16,32,16,34,48,13,18,34,35,16,18,35,28
23,14,15,28,5,42,25,30,25,26,23,32,28,19,28,28,7,22,14,29,16,16,37,48,15,1,37,16,31,38,28,30,29,15,19,18,19,17,23,14,16,19,28,23,4,38,28,24,20,20,37,39,17,20,18,23,24,41,37,24,16,6,35,23,14,16,29,37,19,6,37,21,18,38,18,9,20,22,21,29,6,36,28,13,37,38,20,14,19,37,41,26,37,28,20,32,30,17,18,20,38,37,28,38,24,30,36,28,44,32,7,20,1,20,6,6,26,38,22,21,36,32,24,9,28,25,26,18,3,16,24,7,28,30,5,30,28,23,6,16,12,25,13,6,20,18,20,18,21,23,21,28,18,20,7,5,28,33,30,7,37,30,30,30,29,38,28,12,0,25,24,19,22,27,35,6,22,21,29,43,5,19,29,27,2,6,31,28
12,17,17,17,25,39,17,28,27,18,12,20,22,28,21,22,19,10,19,15,15,17,26,40,17,25,26,17,27,26,22,27,34,17,12,14,13,7,22,15,17,28,17,14,22,30,26,12,16,23,34,35,18,16,14,2,19,36,26,24,17,24,36,25,17,10,18,26,15,23,35,12,9,31,12,20,6,12,12,22,21,27,24,22,26,26,7,24,33,24,34,19,24,21,24,30,23,19,15,6,30,34,21,30,16,23,27,14,40,26,20,16,24,6,23,25,19,29,17,28,27,23,13,21,19,16,18,21,23,25,18,20,18,23,25,23,22,28,21,19,20,17,25,25,6,9,27,16,16,29,27,22,21,28,30,22,23,25,21,25,31,27,23,26,22,34,23,28,25,0,22,28,17,29,24,19,13,29,29,44,20,16,30,29,21,19,23,24
27,30,34,27,29,29,28,35,42,33,27,29,21,42,32,21,30,24,34,30,14,23,31,40,24,24,32,23,13,30,25,10,31,28,23,29,26,20,36,26,23,42,27,29,27,32,30,29,15,28,33,34,19,20,29,20,14,32,32,22,23,29,27,18,24,18,27,29,18,29,33,25,18,35,18,32,20,29,21,32,29,18,38,32,31,30,23,35,45,30,32,31,30,32,22,24,36,33,27,20,34,26,32,34,31,32,20,27,38,6,33,27,24,18,29,30,8,32,14,42,20,27,30,33,32,15,10,30,24,39,29,31,23,29,29,32,25,42,29,26,35,26,34,29,18,20,41,27,13,41,42,25,30,46,36,27,30,35,31,28,27,10,29,30,32,35,27,39,24,22,0,45,16,24,29,32,20,45,29,35,33,35,25,24,32,38,28,42
29,17,18,33,15,52,28,37,14,27,29,36,39,12,34,39,14,28,19,30,32,32,43,53,30,19,43,32,44,43,39,39,42,19,27,22,28,25,24,20,32,9,33,27,11,43,39,29,37,24,49,47,35,37,22,28,35,47,43,29,31,17,36,38,24,27,35,43,34,22,48,26,23,43,25,15,25,26,30,34,11,45,25,13,43,43,27,17,16,43,47,32,43,34,29,45,30,18,24,26,43,48,34,43,27,36,44,33,54,41,10,24,19,25,18,16,37,43,35,12,45,38,28,13,34,37,37,24,22,18,32,15,39,40,17,36,39,15,14,24,13,36,18,15,26,25,17,24,37,15,10,37,23,10,21,17,36,35,36,18,49,39,40,38,34,44,40,15,19,28,45,0,32,42,42,17,34,18,36,58,14,23,42,42,21,16,43,25
20,26,25,21,25,35,23,27,36,25,20,24,16,34,22,16,25,16,26,22,10,22,27,40,21,22,29,22,18,28,18,10,32,23,21,20,21,14,29,20,22,35,21,22,21,31,20,21,14,19,30,29,17,16,20,15,2,35,28,15,22,25,27,15,18,14,21,29,10,25,30,21,14,31,6,28,14,20,15,25,21,24,30,28,27,28,17,28,36,27,33,21,27,22,15,29,28,27,22,14,27,28,22,27,24,20,26,21,35,14,23,22,21,14,26,26,6,31,6,34,26,22,23,25,20,14,6,22,20,31,22,27,20,21,27,22,18,33,24,19,27,18,29,25,14,10,34,22,14,36,35,18,22,38,30,25,21,27,24,24,25,10,21,20,25,31,21,32,22,17,16,32,0,21,26,26,13,36,17,34,27,23,20,21,20,25,20,30
23,30,30,15,31,24,25,23,42,25,23,14,12,43,20,13,31,25,26,25,21,27,23,33,26,27,23,27,27,22,11,26,29,24,26,25,24,25,30,28,27,42,17,25,29,17,19,21,25,20,17,25,22,28,23,30,21,24,25,19,27,32,39,25,24,25,15,22,21,33,19,26,22,14,20,32,22,24,26,8,29,17,36,29,23,22,25,29,38,23,19,24,23,20,19,14,28,30,18,25,23,35,20,23,34,20,21,17,28,27,32,18,27,23,31,33,22,16,20,43,17,21,24,32,21,25,22,24,27,35,23,31,28,12,32,20,12,43,31,18,33,29,30,31,25,24,41,18,25,43,42,12,24,43,33,30,12,23,14,34,24,26,10,16,6,24,7,35,27,29,24,42,21,0,31,32,27,39,19,28,31,27,10,2,27,33,20,35
24,32,34,24,28,42,29,35,42,30,24,30,24,43,29,24,36,21,34,32,23,25,32,44,25,34,33,25,31,33,26,31,37,27,27,26,25,17,36,23,25,43,24,26,32,35,27,26,23,31,39,38,26,20,26,26,26,37,33,31,24,33,38,27,26,21,24,33,23,32,39,23,24,36,20,30,20,25,14,29,32,34,38,32,33,33,20,32,43,31,37,27,31,29,29,38,32,34,26,22,35,35,29,35,31,29,34,24,43,31,29,26,35,18,32,29,26,35,26,43,34,29,27,30,29,25,26,26,34,34,27,29,6,30,33,28,26,42,27,28,30,20,29,27,24,16,42,26,25,40,42,26,27,44,36,33,29,38,29,34,33,31,30,29,29,37,30,36,35,24,29,42,26,31,0,33,23,39,21,44,34,29,24,29,30,32,28,36
19,12,12,24,9,42,22,32,20,23,19,26,30,22,26,30,9,19,12,20,24,16,33,45,16,6,33,16,30,35,30,32,30,9,14,15,16,12,21,9,16,22,24,18,6,35,29,21,28,20,41,41,20,23,15,19,26,39,33,24,16,5,38,24,16,20,26,33,26,13,39,16,16,35,20,8,16,18,19,26,8,36,25,9,33,35,17,12,21,33,39,22,33,26,22,36,28,16,15,14,35,36,26,35,21,28,36,24,46,36,8,13,6,16,2,6,30,35,26,22,36,28,20,9,26,30,30,15,8,15,20,8,31,32,5,28,30,22,9,18,9,25,15,9,14,16,19,13,28,20,18,30,16,19,17,2,28,28,28,10,39,32,32,32,26,39,32,16,6,19,32,17,26,32,33,0,25,22,30,46,8,19,31,30,10,2,28,25
20,25,27,20,30,38,21,29,33,26,19,23,23,34,25,23,26,15,27,23,9,17,30,42,17,25,28,17,20,28,23,19,28,23,16,22,18,15,29,21,17,34,19,22,22,32,27,21,4,21,36,36,12,17,22,13,13,31,31,20,17,25,29,15,17,13,20,26,10,24,36,16,15,33,11,24,14,20,16,25,20,30,29,28,28,28,15,28,38,28,37,25,28,25,21,34,28,25,20,13,33,32,25,33,24,25,30,19,41,16,26,22,21,14,25,26,10,30,13,34,30,23,21,28,25,2,12,23,24,30,22,26,21,25,26,25,23,35,29,19,28,18,27,30,13,14,33,22,4,34,35,23,23,37,32,24,22,29,22,23,32,19,24,26,25,33,26,32,22,13,20,34,13,27,23,25,0,37,27,39,27,31,26,27,27,31,22,33
30,19,19,35,22,53,30,38,14,31,28,37,42,12,35,42,21,30,19,32,31,35,44,54,35,21,45,35,45,44,42,42,43,18,31,21,29,26,21,20,35,14,35,29,19,44,38,26,37,25,48,49,36,38,22,29,36,48,44,33,35,19,39,40,24,29,37,45,35,25,50,27,28,44,30,18,26,27,30,35,18,48,22,17,45,44,29,20,6,45,48,34,45,35,33,43,32,17,25,28,44,47,33,44,29,37,49,35,55,44,18,26,21,26,22,17,37,43,34,12,48,39,29,19,33,38,37,22,24,17,33,20,39,41,21,37,42,8,19,26,21,37,18,20,28,26,17,25,37,19,8,41,22,17,22,19,37,34,37,20,51,42,41,40,35,43,39,16,21,29,45,18,36,39,39,22,37,0,36,58,20,20,44,43,20,20,43,25
18,30,30,20,27,30,27,20,40,20,20,19,16,38,21,16,29,23,29,18,22,26,23,36,25,29,24,26,23,26,16,28,25,28,22,26,17,23,33,26,26,39,20,17,23,22,15,21,27,27,24,28,21,27,27,28,17,29,25,28,26,27,34,21,25,26,20,25,22,30,24,22,23,28,15,30,23,23,24,21,23,23,30,31,25,26,24,31,38,23,25,16,23,23,30,24,23,31,27,23,26,25,20,26,33,23,23,20,31,30,25,28,29,23,29,28,22,22,23,38,23,20,23,27,22,22,22,27,28,33,8,29,20,18,29,23,16,37,26,27,29,27,31,27,23,19,38,28,22,42,39,16,27,39,30,30,20,20,19,33,25,28,17,19,23,25,15,34,29,29,29,36,17,19,21,30,27,36,0,32,26,28,17,20,22,27,22,30
35,44,44,32,47,28,37,36,58,37,35,30,28,58,26,28,47,38,44,37,34,39,25,22,38,43,25,39,38,24,28,36,37,40,38,39,36,38,46,42,39,58,32,37,43,28,32,29,38,38,23,17,34,40,39,44,34,29,28,35,39,47,49,37,38,38,32,25,34,47,23,38,38,25,33,48,38,36,39,32,43,28,47,45,25,24,38,45,54,23,28,37,23,26,37,27,40,44,39,38,21,43,26,23,43,26,29,32,2,36,46,40,43,38,46,47,35,28,35,58,29,26,36,48,27,37,35,39,43,47,35,47,44,28,48,24,28,58,47,34,49,42,46,47,38,37,57,40,37,59,56,28,39,57,42,45,30,36,30,49,19,35,26,20,32,27,26,48,43,44,35,58,34,28,44,46,39,58,32,0,47,41,26,28,43,47,26,49
25,12,12,31,2,44,21,34,15,27,25,29,32,18,27,32,2,26,13,23,20,19,39,47,19,5,39,19,32,38,32,32,34,14,17,17,21,17,21,13,19,19,31,24,7,41,30,23,27,19,40,42,23,23,16,20,27,44,39,25,19,3,39,25,18,16,33,39,25,9,42,22,16,38,18,3,18,21,26,29,7,37,25,9,39,38,24,11,19,40,44,28,40,27,23,35,29,13,18,16,38,41,27,37,22,31,37,31,47,35,6,19,4,18,8,5,29,40,25,18,37,34,25,6,28,27,29,17,6,15,25,6,31,33,4,31,32,20,1,19,8,30,11,2,16,14,18,19,27,20,15,32,17,13,16,6,27,34,33,10,41,31,33,33,29,40,31,13,5,20,33,14,27,31,34,8,27,20,26,47,0,16,33,31,5,7,35,25
17,8,10,22,17,41,19,27,19,16,17,23,28,20,18,28,16,15,10,21,21,24,31,39,23,19,31,24,36,29,29,31,35,9,19,5,18,12,12,9,24,20,22,19,17,29,28,15,28,13,36,33,25,30,5,17,23,33,31,19,24,17,39,33,11,19,24,31,24,18,36,16,14,31,17,17,14,12,17,22,17,34,21,13,31,29,13,14,20,31,33,24,31,20,19,33,22,12,13,13,29,37,20,27,16,20,33,22,41,32,15,13,19,14,19,16,26,29,24,20,33,26,14,17,20,28,26,13,19,18,23,16,27,27,18,22,29,23,16,11,17,23,15,17,15,13,18,13,28,25,23,26,13,24,19,18,22,25,22,19,37,31,27,24,22,31,27,18,19,16,35,23,23,27,29,19,31,20,28,41,16,0,27,27,17,16,32,21
17,29,30,18,33,18,23,21,44,19,19,4,14,43,18,14,33,24,26,21,20,25,21,31,24,29,22,25,25,20,14,25,29,22,24,25,20,24,30,28,25,43,18,19,27,8,14,19,24,20,11,23,20,26,23,30,20,20,21,19,25,33,37,23,24,22,18,22,20,33,9,24,24,18,19,34,24,22,25,12,29,22,35,27,21,21,24,27,38,21,12,19,23,18,17,8,24,30,21,24,21,34,18,21,32,18,22,18,26,26,32,19,29,24,31,31,21,9,21,43,22,16,22,34,18,25,21,24,29,35,21,33,25,7,34,18,14,44,33,18,35,27,30,33,24,23,42,20,25,45,42,14,24,43,28,32,7,21,5,35,23,25,4,14,14,19,2,34,29,30,25,42,20,10,24,31,26,44,17,26,33,27,0,10,29,31,18,35
23,30,30,17,31,24,24,23,42,25,23,14,13,43,20,11,31,25,26,25,21,27,23,32,26,27,22,27,27,21,13,26,29,24,26,25,22,25,30,28,27,42,17,25,29,17,19,21,25,20,17,25,22,28,23,30,21,24,25,19,27,32,39,25,24,25,17,22,21,32,19,24,22,14,20,32,22,24,26,8,29,21,36,29,24,21,25,29,38,23,19,24,23,18,19,14,28,30,18,25,22,36,20,22,31,19,21,15,28,27,32,18,27,23,31,33,22,16,20,43,21,20,24,32,21,25,22,24,27,35,23,31,29,12,32,20,11,43,31,18,33,29,30,31,25,24,41,18,25,43,42,13,24,43,33,30,12,23,14,34,24,26,10,16,8,23,5,35,27,29,24,42,21,2,29,30,27,43,20,28,31,27,10,0,27,33,19,35
23,15,14,28,5,42,19,28,21,24,23,30,28,19,29,28,7,22,13,23,18,20,37,48,20,5,37,19,29,38,28,26,32,13,23,16,21,18,21,13,20,18,28,22,4,38,26,24,31,15,36,38,21,23,17,21,20,41,37,23,20,7,34,23,14,17,29,37,21,11,38,20,18,38,14,7,18,21,22,29,4,36,26,14,37,38,20,15,20,37,41,28,37,29,23,33,28,15,20,20,38,37,29,38,23,30,36,28,43,32,7,20,5,18,10,6,26,38,22,19,36,32,23,5,29,31,26,20,9,16,22,7,28,29,9,30,28,19,5,15,8,28,16,6,20,18,19,20,31,23,22,28,20,22,11,9,28,32,30,9,37,26,29,29,29,39,27,16,2,21,32,21,20,27,30,10,27,20,22,43,5,17,29,27,0,9,31,24
21,12,11,29,9,45,20,34,16,28,21,27,31,16,31,31,8,21,12,22,21,13,39,50,13,6,39,13,32,36,31,33,31,10,17,16,16,13,19,11,13,16,29,24,5,41,30,23,31,17,42,42,19,23,16,19,25,43,39,25,13,4,42,23,15,15,31,39,21,4,40,17,16,41,19,8,17,19,21,32,7,37,27,10,39,36,19,13,20,38,43,27,38,30,23,37,29,15,17,20,41,39,29,40,22,33,37,29,47,31,7,14,11,17,2,6,29,39,27,14,37,34,21,8,28,31,29,17,13,15,22,9,30,33,5,34,31,14,8,18,9,28,12,9,20,15,17,14,31,19,21,31,16,16,14,2,31,31,34,9,40,33,33,33,32,41,33,18,6,19,38,16,25,33,32,2,31,20,27,47,7,16,31,33,9,0,29,27
15,33,33,11,31,31,23,27,41,23,15,16,14,42,16,13,35,17,33,24,19,21,13,27,21,31,13,21,26,15,14,26,27,26,25,25,18,18,31,22,21,43,9,18,30,24,22,19,20,29,25,27,21,23,25,23,20,30,13,29,21,30,37,22,23,19,12,13,19,29,25,19,18,18,19,29,17,22,21,17,30,20,36,31,13,15,16,33,41,7,30,18,5,14,29,25,28,33,25,23,21,36,16,21,29,16,20,11,26,25,29,25,31,17,28,30,19,24,19,43,20,6,22,30,18,20,20,26,32,35,19,28,27,21,30,19,11,43,31,26,29,26,34,31,23,19,41,25,20,43,42,14,26,41,38,29,16,28,17,31,13,26,19,21,17,19,18,35,31,23,28,43,20,20,28,28,22,43,22,26,35,32,18,19,31,29,0,34
25,23,23,30,26,48,24,32,28,22,23,31,36,25,30,36,25,25,24,25,26,25,40,49,27,28,40,25,43,38,36,37,38,22,25,21,23,22,23,24,27,26,30,24,28,37,31,22,35,26,43,44,29,32,21,24,30,43,40,32,25,29,37,35,22,24,32,39,29,27,44,24,22,40,24,25,21,21,27,31,27,42,2,23,39,38,23,25,26,39,43,29,39,30,32,40,27,20,21,20,39,42,28,39,25,32,42,30,49,40,23,22,27,21,26,27,34,37,30,25,42,35,23,24,28,35,34,18,30,28,27,25,34,33,26,32,36,25,25,24,24,30,25,26,20,20,24,21,35,26,23,36,19,19,29,27,32,31,32,27,45,37,33,35,31,40,34,28,28,24,42,25,30,35,36,25,33,25,30,49,25,21,35,35,24,27,34,0
