0,22,24,12,24,29,14,26,34,10,2,17,18,32,15,18,25,10,22,15,17,12,18,34,14,25,20,12,24,24,18,28,28,19,12,18,7,13,28,13,12,32,12,4,24,20,17,10,24,22,26,30,18,21,18,14,22,28,16,28,12,25,36,18,14,16,17,20,18,25,26,12,13,26,17,22,15,15,14,15,23,24,28,24,18,24,11,25,36,20,24,9,20,15,28,23,18,22,19,14,24,30,15,24,16,20,24,12,35,29,22,19,26,15,21,23,23,20,21,32,24,11,13,24,15,24,23,19,25,30,15,21,22,19,23,20,18,32,26,21,23,20,26,24,14,16,32,19,24,33,32,18,19,34,31,25,18,26,13,26,26,29,19,21,17,28,17,30,25,14,29,31,23,23,24,21,24,32,21,35,26,19,17,23,25,25,15,28
22,0,6,29,19,46,23,35,24,28,24,26,34,20,29,34,18,24,10,23,23,24,38,48,24,16,38,24,35,38,34,36,35,14,19,18,25,19,21,15,24,20,29,26,15,38,36,24,28,22,43,43,27,27,18,21,30,42,38,26,24,16,39,29,18,19,31,38,27,17,43,23,16,38,24,16,20,23,24,29,16,40,25,16,38,38,22,17,25,38,42,31,38,29,26,40,33,6,20,15,37,42,29,38,23,31,40,29,48,36,17,19,18,20,15,16,29,38,30,20,40,33,25,19,29,29,29,20,20,21,29,17,32,34,18,30,34,20,18,20,19,30,19,19,15,20,19,19,28,24,23,34,20,24,23,16,31,33,31,16,43,36,34,34,29,40,34,22,16,21,34,23,30,34,34,15,29,19,34,48,17,13,34,34,16,14,33,23
24,6,0,31,18,46,20,35,21,26,26,26,36,20,29,36,18,26,10,21,26,26,40,48,26,19,40,26,37,38,36,37,37,15,21,18,26,21,17,17,26,20,31,27,17,38,36,24,31,22,43,43,29,30,18,23,31,42,40,26,26,14,38,31,20,22,33,40,29,19,43,24,18,38,25,16,22,22,26,29,17,42,25,17,40,38,24,18,24,40,42,32,40,29,26,40,31,8,20,18,37,42,29,38,23,31,42,31,48,38,16,20,19,22,17,16,32,38,32,20,42,35,24,16,29,31,32,20,21,19,30,18,34,34,19,30,36,20,17,20,17,32,19,18,18,21,18,20,31,23,22,36,20,23,21,18,31,32,31,17,45,37,34,34,29,40,34,20,19,23,38,22,31,34,36,17,31,19,34,48,17,13,34,34,15,16,35,23
12,29,31,0,29,30,21,23,39,21,14,18,8,37,14,8,29,12,27,19,17,19,18,31,19,30,14,19,29,19,8,30,28,24,19,23,16,16,32,21,19,37,2,15,29,21,21,16,23,27,27,29,17,23,23,19,24,27,20,26,19,30,40,23,22,19,5,16,15,30,27,16,15,22,18,28,17,20,19,11,27,14,32,29,18,19,14,30,41,16,25,13,16,14,26,24,26,29,23,17,23,35,14,23,25,19,14,2,32,30,27,23,32,17,26,28,24,21,22,37,14,13,20,29,15,23,23,24,33,35,14,25,23,20,29,19,8,37,31,26,27,21,31,29,17,19,37,23,23,37,37,8,24,39,37,30,17,23,14,31,22,31,18,20,9,27,18,35,30,19,29,35,25,15,25,26,24,38,20,32,31,24,18,17,30,30,11,32
24,19,18,29,0,45,21,36,23,24,22,33,33,26,28,33,4,25,17,26,25,24,36,47,25,12,36,21,36,37,33,33,36,14,20,17,21,17,27,13,24,26,27,22,12,36,31,23,29,19,42,43,28,29,16,25,27,41,36,25,24,10,43,30,19,21,32,36,30,17,42,20,23,36,21,9,19,21,25,27,14,39,28,10,36,37,23,14,22,36,40,27,36,28,25,39,30,16,18,17,37,41,28,37,27,33,39,27,48,39,9,18,12,19,13,4,31,36,29,26,39,31,23,4,28,31,31,19,14,14,28,9,31,33,7,33,33,26,2,19,8,29,15,2,17,17,25,18,29,22,23,33,19,24,20,11,30,37,29,16,42,33,33,34,27,43,33,14,11,25,35,23,27,33,33,13,31,27,32,48,2,21,33,33,5,13,31,28
29,46,46,30,45,0,38,36,56,36,34,22,28,53,32,28,48,38,44,37,37,40,34,36,38,47,34,40,37,32,28,37,41,39,40,38,35,39,46,43,40,54,32,36,46,22,30,34,41,37,18,30,36,41,36,41,37,28,34,32,40,47,44,40,41,39,33,34,36,47,18,39,38,30,36,49,37,35,41,28,46,24,51,44,32,32,39,43,55,34,20,35,34,32,32,14,36,46,37,40,34,36,32,34,42,33,24,32,30,38,46,37,47,39,47,49,38,22,36,55,24,29,35,49,33,41,36,39,48,47,36,47,43,21,50,33,28,53,48,35,50,42,44,49,40,38,53,37,41,54,55,28,39,56,47,47,23,37,20,48,30,37,18,28,28,35,18,47,47,41,34,55,37,24,42,47,41,56,31,30,46,43,18,24,46,48,31,51
14,23,20,21,21,38,0,26,31,10,14,23,25,31,17,25,22,18,24,17,18,12,28,36,12,27,28,12,24,26,25,29,31,18,16,14,14,16,21,20,12,31,19,15,26,26,25,12,23,19,32,32,16,21,14,18,23,28,28,23,12,23,33,18,19,14,24,28,19,24,32,10,18,28,17,23,14,4,21,19,27,31,26,21,28,26,18,22,32,28,30,20,28,17,23,29,21,24,18,18,24,32,17,26,21,22,31,19,37,29,23,18,27,14,23,23,23,26,24,31,31,23,6,19,17,23,24,18,27,23,22,24,28,23,24,20,25,32,21,17,20,27,23,21,18,13,29,18,23,28,31,25,18,32,25,22,22,26,19,25,34,29,23,23,19,30,23,25,27,18,30,31,23,25,30,23,21,33,27,37,21,19,23,25,22,21,23,25
26,35,35,23,36,36,26,0,40,23,24,23,29,36,25,29,37,28,28,26,28,28,34,42,28,34,32,28,33,32,29,36,29,29,28,26,24,27,34,31,28,35,26,25,33,30,31,21,29,28,34,37,28,32,24,30,30,36,36,30,28,35,38,27,31,30,23,34,28,36,34,27,28,31,27,34,30,23,28,24,34,35,34,27,34,32,29,27,38,34,32,29,32,24,30,31,26,33,27,28,33,37,25,33,29,24,35,25,40,38,33,27,36,30,33,33,32,30,31,36,35,29,23,34,25,29,32,29,37,33,20,34,34,26,35,24,29,37,36,28,35,29,27,34,28,29,35,27,29,38,39,29,29,40,32,35,21,11,22,35,38,37,25,28,22,18,25,33,34,30,39,39,31,25,36,33,29,38,23,40,36,27,25,27,34,36,27,34
34,24,21,39,23,56,31,40,0,32,33,40,45,20,37,45,21,33,22,36,36,33,47,56,34,25,47,33,46,46,45,46,46,23,33,25,30,28,31,24,33,20,38,32,24,46,43,32,39,30,52,53,39,38,25,29,40,50,47,36,33,23,44,41,31,31,40,47,39,28,53,31,30,46,34,23,30,29,34,37,24,51,29,18,47,46,31,21,22,47,50,37,47,37,36,50,38,23,28,31,46,51,37,46,29,39,51,38,58,47,21,28,24,30,20,23,41,46,41,20,51,42,31,21,37,39,41,28,26,25,32,21,42,42,24,38,45,20,20,30,23,40,23,20,31,30,18,28,39,13,8,45,28,12,25,21,37,40,39,24,54,46,42,44,37,49,43,25,25,29,46,15,40,43,44,22,39,18,42,58,21,26,44,43,23,22,42,29
10,28,26,21,24,36,10,23,32,0,12,19,25,32,17,25,29,17,23,16,23,17,28,36,19,28,28,17,29,26,25,33,32,21,17,18,10,19,27,23,17,32,19,9,27,22,17,12,30,23,28,32,23,27,18,20,27,30,26,30,17,28,35,23,24,22,24,28,24,29,28,18,20,28,22,26,22,12,20,17,28,31,24,24,26,26,19,24,35,28,26,14,28,17,30,25,11,25,21,20,26,34,17,26,18,22,31,19,37,35,25,21,30,22,24,26,29,22,28,32,31,21,10,26,17,30,29,21,29,28,18,26,28,21,27,22,25,32,28,23,27,26,25,26,20,21,31,21,30,32,30,25,21,32,29,29,20,25,15,27,34,34,21,23,19,28,19,28,28,20,35,29,28,25,30,25,30,33,23,37,28,18,19,25,27,29,23,24
2,24,26,14,22,34,14,24,33,12,0,19,18,32,15,18,25,10,22,15,17,12,18,34,14,25,20,12,24,24,18,28,28,19,12,18,7,13,28,13,12,32,12,6,24,22,19,8,24,22,28,30,18,21,18,14,22,30,16,28,12,25,38,18,12,16,17,20,18,23,28,12,13,26,17,22,15,15,14,17,23,24,28,24,18,24,11,25,35,20,26,11,20,15,28,25,20,20,19,14,24,30,13,24,16,20,24,12,35,29,22,19,26,15,21,23,23,22,21,32,24,11,13,24,13,24,23,17,27,30,17,21,22,19,23,20,18,32,26,21,23,20,24,24,14,16,32,19,24,33,32,18,17,34,32,25,18,26,15,26,26,29,19,21,17,28,19,30,25,14,31,31,23,23,24,21,24,30,23,35,26,19,19,23,25,23,15,26
17,26,26,18,33,22,23,23,40,19,19,0,22,40,18,22,32,22,28,19,26,21,26,34,21,34,26,21,32,24,22,33,29,20,22,23,18,22,31,26,21,39,18,19,33,12,22,17,24,26,19,31,24,28,21,26,26,26,26,26,21,30,39,25,30,22,19,26,26,33,17,22,24,22,25,32,22,20,25,12,35,28,35,25,24,24,22,26,40,26,18,19,26,18,24,14,23,30,20,24,26,37,18,26,26,19,28,18,34,34,30,18,32,22,28,30,27,14,27,40,28,19,20,32,19,24,27,22,35,35,20,31,32,15,31,19,22,40,31,24,33,30,29,32,24,21,38,18,24,41,40,22,22,41,37,28,9,22,7,35,31,34,12,22,14,24,10,35,34,26,32,39,27,18,34,28,24,41,23,34,31,27,8,18,35,29,21,35
18,34,36,8,33,28,25,29,45,25,18,22,0,42,22,2,33,18,35,25,20,26,20,33,24,32,18,26,26,21,2,30,28,31,25,30,23,21,38,26,26,42,10,22,31,23,17,23,26,30,23,25,20,25,30,25,23,26,22,28,26,33,39,26,23,23,11,18,18,33,23,23,21,24,18,35,21,27,23,19,31,8,39,36,20,21,22,35,46,16,24,21,18,22,28,20,28,35,30,23,25,34,22,25,33,23,10,10,28,30,33,30,36,19,33,35,25,23,21,42,8,16,27,36,23,24,25,31,37,37,22,31,23,16,36,23,4,44,35,28,34,24,36,36,23,21,43,30,24,44,44,2,31,45,38,34,21,28,20,35,14,31,14,16,19,28,14,37,32,25,28,42,24,13,26,33,27,45,16,28,35,31,14,13,32,34,14,39
32,20,20,37,26,53,31,36,20,32,32,40,42,0,36,45,20,32,24,35,35,34,47,57,33,27,48,34,44,47,45,42,45,24,33,26,33,29,28,24,34,8,39,31,26,47,42,33,39,30,53,53,37,38,26,29,38,51,47,35,34,25,38,39,30,31,41,48,38,25,53,31,31,47,33,25,31,29,35,38,26,50,30,22,48,47,30,23,16,48,51,36,48,38,35,47,34,24,29,31,47,46,38,45,28,38,50,39,58,46,22,29,26,31,25,25,40,47,38,2,50,42,31,24,38,39,40,29,28,21,37,24,43,44,26,40,45,6,23,30,26,39,23,24,31,29,15,29,39,24,23,45,29,22,25,23,40,37,40,24,54,42,44,44,38,47,44,21,27,29,46,20,38,44,45,24,39,12,39,58,20,25,44,44,25,22,43,29
15,29,29,14,28,32,17,25,37,17,15,18,22,36,0,20,33,18,25,20,22,21,23,31,21,31,23,21,31,21,20,31,32,22,21,21,18,20,29,24,21,36,14,19,30,21,22,11,29,23,27,15,20,27,21,23,25,27,21,25,21,31,39,25,25,23,19,23,20,32,27,20,21,23,20,30,23,18,23,14,31,26,32,27,23,21,18,28,40,23,25,17,23,2,25,24,24,27,22,21,11,36,2,9,23,5,26,14,26,35,28,22,33,23,28,30,29,21,26,36,26,18,18,30,5,29,29,21,34,33,18,29,27,19,31,7,20,36,32,24,31,25,29,30,21,22,36,22,29,39,36,20,21,38,35,32,17,24,14,32,29,32,18,6,14,27,18,33,31,23,34,36,26,20,29,28,29,37,23,26,32,20,18,20,31,32,18,32
18,34,36,8,33,28,25,29,45,25,18,22,2,45,20,0,33,18,35,25,20,26,20,33,24,32,18,26,26,21,4,30,28,31,25,30,23,21,38,26,26,42,10,22,31,23,17,23,26,30,23,25,20,25,30,25,23,26,22,28,26,33,39,26,23,23,11,18,18,33,23,23,21,22,18,35,21,27,23,19,31,10,39,36,20,21,22,35,46,18,24,21,18,22,28,20,28,35,30,23,25,34,22,25,33,23,8,10,28,30,33,30,36,19,33,35,25,23,21,42,10,16,27,36,23,24,25,31,37,37,22,31,23,16,36,23,2,44,35,28,34,24,36,36,23,21,43,30,24,44,44,4,31,45,38,34,21,28,20,35,16,31,14,16,19,28,14,37,32,25,28,42,24,13,26,33,27,45,16,28,35,31,14,11,32,34,14,39
25,18,18,29,4,48,22,37,21,29,25,32,33,20,33,33,0,26,14,23,22,24,40,52,26,13,40,24,36,42,36,37,36,19,21,22,23,19,25,17,24,24,31,26,13,41,36,28,28,24,45,47,29,30,21,22,29,46,40,29,24,11,41,31,22,18,33,40,27,18,47,24,16,41,26,7,20,26,26,32,11,41,25,15,40,42,24,18,20,40,45,31,40,33,29,43,34,14,23,14,42,42,33,42,26,35,41,31,52,35,10,23,10,20,13,11,29,41,31,24,41,35,28,12,33,26,29,24,12,18,27,10,34,38,8,35,36,24,11,24,12,32,19,10,14,22,23,23,28,20,21,36,24,20,23,12,34,35,34,16,45,37,38,38,32,42,36,16,13,22,35,18,29,36,36,13,26,25,34,52,2,17,38,36,15,14,35,25
10,24,26,12,25,38,18,28,33,17,10,22,18,32,18,18,26,0,20,21,16,16,28,41,15,24,26,16,27,29,19,23,31,17,17,16,16,11,25,14,16,30,14,15,23,31,27,16,19,21,36,34,19,16,16,16,17,34,28,26,16,25,37,21,17,12,12,28,15,25,36,12,10,32,13,21,12,16,11,23,21,25,27,22,28,29,10,24,36,26,34,20,26,22,26,33,22,22,18,12,31,30,22,29,22,18,25,14,41,28,22,18,26,12,19,21,22,31,15,30,25,23,18,22,22,19,22,19,27,29,17,20,22,27,22,20,19,30,26,21,20,17,25,22,12,14,30,18,19,31,30,19,19,32,31,25,19,29,23,25,31,25,27,25,21,32,27,29,24,16,27,28,19,28,24,19,20,31,23,41,26,15,27,28,24,25,21,27
22,10,10,27,17,44,24,28,22,23,22,28,35,24,25,35,14,20,0,24,26,27,40,48,27,20,40,27,38,38,36,37,37,15,22,18,26,21,21,17,27,16,31,27,19,36,36,23,31,17,41,42,30,30,16,25,31,42,40,23,27,16,41,32,22,22,33,40,29,19,41,25,18,36,25,14,22,23,24,27,17,42,25,13,40,38,23,14,24,40,40,32,40,29,23,38,30,10,18,18,38,43,28,37,21,30,42,31,48,38,16,18,18,22,17,16,32,36,32,17,42,35,25,18,28,31,32,19,20,19,30,17,34,30,19,31,36,17,15,17,19,32,14,18,18,21,16,18,31,23,21,36,19,21,19,16,29,29,29,16,45,37,30,33,27,40,32,19,20,25,38,21,31,32,36,17,31,19,34,48,15,13,32,32,19,17,35,25
15,23,21,19,26,37,17,26,36,16,15,19,25,35,20,25,23,21,24,0,18,20,30,41,20,29,30,20,30,31,26,28,27,23,17,22,13,18,26,22,20,33,21,14,28,29,21,18,27,26,34,36,21,26,22,17,22,37,27,29,20,25,34,24,24,20,22,30,22,29,34,19,18,33,16,25,20,20,23,24,28,32,27,27,28,31,20,28,36,30,33,18,30,21,29,31,20,27,23,18,29,34,21,30,23,23,32,21,41,30,23,23,27,20,23,25,24,29,24,32,32,23,20,22,20,27,24,23,28,31,19,25,30,25,24,22,26,33,25,25,24,28,29,22,18,18,32,23,27,35,33,26,23,34,32,27,22,26,22,26,35,28,25,27,24,31,25,31,29,17,31,32,22,29,32,24,27,34,22,41,25,24,25,29,25,27,25,27
17,23,26,17,25,37,18,28,36,23,17,26,20,35,22,20,22,16,26,18,0,16,27,39,17,20,27,16,23,27,16,16,31,24,19,20,15,10,27,20,16,32,16,16,19,29,20,16,15,18,29,29,12,12,20,15,10,32,26,20,16,23,35,17,14,6,20,27,5,21,29,17,12,30,6,24,12,19,15,21,17,22,26,27,27,27,14,26,36,25,32,20,25,19,20,26,26,22,19,8,28,30,19,28,24,24,22,16,34,16,24,19,22,12,26,22,8,29,10,32,22,22,18,25,18,13,8,20,21,30,21,24,21,20,25,24,16,33,24,16,25,18,27,25,6,12,31,19,15,34,33,16,20,32,29,23,24,29,21,21,23,16,20,20,21,32,20,30,20,15,16,32,10,21,23,26,13,34,25,34,26,21,20,21,20,23,20,26
12,24,26,19,24,40,12,28,33,17,12,21,26,34,21,26,24,16,27,20,16,0,26,38,1,19,26,1,15,28,23,28,28,20,5,18,10,14,28,20,1,33,17,12,20,28,23,14,18,22,34,34,5,15,18,17,22,30,26,25,1,18,36,9,18,13,22,26,15,18,34,8,17,30,16,19,13,10,19,21,22,29,30,21,26,28,17,25,36,26,32,17,26,19,25,31,25,27,22,17,28,30,19,28,23,24,29,17,39,25,24,20,19,13,17,19,21,28,22,33,29,21,9,22,19,20,22,22,19,30,18,24,26,25,18,24,23,35,22,20,22,25,28,22,17,13,32,20,18,34,35,23,22,34,32,18,24,30,21,22,32,28,25,25,21,34,25,30,19,17,26,33,22,27,28,16,19,36,26,39,22,24,25,27,23,13,21,29
18,38,40,18,36,34,28,34,47,28,18,26,20,47,23,20,40,28,40,30,27,26,0,26,28,39,12,27,30,14,22,33,29,33,28,32,25,27,42,27,27,46,20,24,38,18,27,26,30,36,23,25,28,34,32,30,30,22,10,37,27,39,39,30,28,30,21,12,28,39,23,26,27,18,29,36,29,29,30,25,37,29,42,38,6,16,25,39,50,12,21,24,12,25,37,32,35,36,33,28,19,36,25,19,34,25,28,20,27,33,36,33,40,29,35,37,30,18,29,46,29,13,29,38,26,30,30,33,41,44,25,35,34,26,37,26,21,46,40,35,37,33,40,38,28,30,46,33,30,47,46,22,33,48,46,39,24,32,24,40,18,34,24,27,25,22,25,44,39,30,34,45,31,27,34,35,32,46,27,25,40,33,25,26,39,39,15,42
34,48,48,31,47,36,36,42,56,36,34,34,33,57,31,33,52,41,48,41,39,38,26,0,40,50,26,40,42,25,35,43,43,41,40,40,37,37,50,41,40,55,33,38,49,29,38,34,44,44,30,32,40,46,40,40,41,34,30,45,40,50,52,42,44,40,34,26,38,51,30,39,40,26,40,49,42,37,40,33,50,35,51,46,28,25,39,47,57,26,33,38,26,33,45,35,43,46,41,40,30,45,33,30,42,33,36,33,24,44,47,41,52,42,47,49,40,29,42,55,37,29,37,49,34,42,40,41,53,51,37,48,46,35,50,34,34,55,51,43,50,45,48,49,38,41,55,41,42,58,55,35,41,57,54,51,32,40,32,51,26,44,33,35,33,32,33,51,50,42,43,55,42,35,45,47,44,56,38,25,51,41,33,34,50,51,29,51
14,24,26,19,25,38,12,28,34,19,14,21,24,33,21,24,26,15,27,20,17,1,28,40,0,18,26,1,14,28,22,27,27,22,5,20,10,16,28,22,1,33,17,12,19,28,22,14,18,21,33,33,6,14,20,17,21,29,26,24,1,19,35,8,17,15,21,26,14,17,33,10,17,30,15,21,15,12,18,21,21,28,30,23,26,28,16,24,36,26,31,17,26,19,24,30,24,27,24,17,28,29,19,28,23,23,28,17,38,24,23,22,18,15,19,21,20,28,21,33,28,21,9,24,19,20,21,24,18,29,17,23,25,24,20,23,22,35,24,19,24,24,27,24,17,15,32,22,18,34,35,22,24,34,31,20,23,29,20,21,31,27,24,24,21,33,24,29,18,17,25,33,21,26,27,18,18,36,25,38,22,24,24,26,22,15,21,29
25,16,19,30,12,47,27,34,25,28,25,34,32,27,31,32,13,24,20,29,20,19,39,50,18,0,37,19,30,39,28,30,35,14,23,19,19,16,26,14,19,26,28,23,4,39,28,25,24,16,37,39,19,21,19,26,24,42,37,22,18,10,42,24,14,20,32,37,21,12,39,21,22,39,18,12,18,23,26,30,6,34,32,13,37,39,23,16,26,37,41,28,37,30,22,36,34,20,21,24,39,41,30,39,29,34,34,28,44,30,13,19,1,18,8,11,22,39,24,26,34,32,25,12,30,26,22,21,3,20,26,13,32,30,9,34,28,27,10,16,11,31,19,9,24,20,25,19,24,23,25,28,21,26,21,8,34,35,31,11,37,30,30,30,30,44,28,20,1,26,24,25,24,28,34,9,26,28,32,44,11,23,30,28,7,9,32,31
20,38,40,14,36,34,28,32,47,28,20,26,18,48,23,18,40,26,40,30,27,26,12,26,26,37,0,28,30,17,18,34,27,33,28,32,25,27,41,29,28,46,18,25,38,19,27,26,32,36,23,25,28,34,32,30,30,23,14,37,28,39,41,30,30,30,17,2,28,39,23,26,27,16,29,37,29,29,30,23,37,27,42,38,8,17,25,39,50,10,23,25,10,25,37,32,35,38,33,28,19,36,25,19,34,25,25,18,25,34,36,33,41,29,35,37,30,19,29,46,27,15,29,38,26,32,29,33,42,44,25,35,34,27,38,26,19,46,40,35,37,33,40,38,28,30,46,33,32,47,46,20,33,48,46,39,24,30,24,40,16,35,25,27,21,22,25,44,39,30,35,45,31,25,35,35,32,47,27,25,40,33,25,24,39,39,15,42
12,24,26,19,21,40,12,28,33,17,12,21,26,34,21,26,24,16,27,20,16,1,27,40,1,19,28,0,15,28,23,28,27,20,5,18,10,14,28,20,1,33,17,12,20,28,23,14,18,22,34,34,5,15,18,17,22,30,26,25,1,18,36,9,18,13,22,26,15,18,34,8,17,30,16,19,13,10,19,21,22,29,30,21,26,28,17,25,36,26,32,17,26,19,25,31,25,27,22,17,28,30,19,28,23,24,29,17,39,25,24,20,19,13,17,18,21,28,22,33,29,21,9,21,19,20,22,22,19,30,18,24,26,25,17,24,23,35,22,20,22,25,28,22,17,13,32,20,18,34,35,23,22,34,32,18,24,30,21,22,32,28,25,25,21,34,25,30,18,17,26,33,22,27,28,16,19,36,26,39,22,24,25,27,22,13,21,29
24,35,37,29,36,37,24,33,46,29,24,32,26,44,31,26,36,27,38,30,23,15,30,42,14,30,30,15,0,33,23,25,32,41,24,39,22,33,39,39,25,44,26,24,35,30,25,30,23,35,35,35,17,26,39,32,23,32,27,29,25,36,26,10,29,35,29,30,25,31,35,26,33,34,25,35,33,28,28,30,35,25,45,39,28,33,33,39,46,30,35,24,30,27,29,29,35,43,41,35,31,21,27,31,37,32,27,26,40,22,40,41,32,35,38,37,25,30,23,44,27,26,32,38,26,23,25,39,29,42,26,40,30,27,36,32,25,45,37,33,38,32,41,38,35,35,43,41,21,45,45,25,39,46,40,38,31,36,28,32,33,25,27,27,30,36,27,42,34,32,25,45,23,29,33,38,24,46,24,40,34,41,27,29,36,36,28,43
24,38,38,19,37,32,26,32,46,26,24,24,21,47,21,21,42,29,38,31,27,28,14,25,28,39,17,28,33,0,23,32,31,31,30,30,27,27,40,33,30,45,21,28,39,18,29,24,32,34,23,25,29,34,30,30,29,22,16,35,30,40,41,31,34,30,22,17,28,41,23,29,28,15,28,39,30,27,30,22,40,30,41,36,14,2,27,37,49,14,21,28,14,23,35,30,33,36,30,28,19,38,23,19,32,23,29,21,26,33,37,30,42,30,37,39,30,18,30,45,30,19,27,39,24,32,30,31,43,42,27,38,34,25,40,24,22,45,41,33,40,33,38,39,28,29,45,30,32,48,45,23,31,47,44,41,22,30,22,41,20,33,23,25,22,18,23,42,40,30,33,45,30,24,35,37,30,46,28,24,41,31,23,23,40,41,17,41
18,34,36,8,33,28,25,29,45,25,18,22,2,45,20,4,36,19,36,26,16,23,22,35,22,28,18,23,23,23,0,30,26,31,25,30,23,23,38,28,26,44,10,22,31,23,17,23,26,30,23,25,20,25,30,25,25,26,22,28,26,33,39,26,25,23,11,18,18,33,23,23,21,24,20,35,21,27,25,19,31,6,39,36,20,21,22,35,46,16,24,21,18,22,28,20,28,35,30,23,25,34,22,25,33,23,10,10,28,30,33,30,36,21,33,35,25,23,23,44,6,16,27,36,23,26,25,31,37,37,22,31,25,16,36,23,4,44,35,28,34,24,36,36,23,23,43,30,26,44,44,2,31,45,39,34,21,28,20,35,16,31,14,16,17,28,14,37,32,25,28,42,26,13,26,33,27,45,16,28,35,32,14,13,32,34,14,39
28,36,37,30,33,37,29,36,46,33,28,33,30,42,31,30,37,23,37,28,16,28,33,43,27,30,34,28,25,32,30,0,37,32,31,31,25,22,39,29,28,45,27,28,34,34,25,27,23,33,32,31,25,25,31,27,12,35,30,31,28,35,31,28,29,24,29,30,20,35,32,27,24,34,18,37,26,30,27,31,34,20,37,37,31,30,26,36,46,30,35,31,30,29,31,21,37,37,30,24,32,22,29,32,34,32,20,27,37,8,33,30,35,26,35,37,16,34,12,44,20,28,29,36,28,23,16,31,34,38,32,35,30,24,38,32,21,44,35,32,38,28,37,36,22,24,44,30,23,46,44,21,31,45,38,34,32,37,29,38,27,2,24,25,31,38,26,38,33,27,10,42,12,27,31,35,23,45,29,37,34,33,26,27,33,36,28,37
28,35,37,28,36,41,31,29,46,32,28,29,28,45,32,28,36,31,37,27,31,28,29,43,27,35,27,27,32,31,26,37,0,38,29,38,29,34,39,35,34,42,28,29,32,35,31,34,33,36,39,41,28,37,38,36,34,41,33,39,34,34,38,29,33,37,28,31,30,34,39,33,34,33,31,33,36,34,36,30,34,36,42,39,31,33,35,39,47,29,40,30,29,32,39,38,33,42,39,35,34,36,32,36,39,30,34,28,40,39,32,39,35,36,38,32,35,35,34,42,34,27,32,34,33,35,35,38,36,40,26,32,38,33,33,32,29,44,37,36,36,35,39,36,35,36,42,39,33,44,44,27,37,45,40,37,30,32,30,34,33,38,31,33,30,35,31,40,32,36,35,44,34,31,39,37,32,45,28,40,35,38,31,31,35,37,27,42
19,14,15,24,14,39,18,29,23,21,19,20,31,24,22,31,19,17,15,23,24,20,33,41,22,14,33,20,41,31,31,32,38,0,20,7,18,12,18,8,16,20,22,19,16,27,29,15,21,10,33,35,20,19,9,21,23,29,31,16,16,17,38,22,14,14,27,31,21,20,33,15,18,27,17,16,14,14,21,18,17,34,27,11,31,29,18,12,25,31,31,24,31,20,16,30,27,11,9,18,29,38,20,29,21,25,34,22,40,30,14,7,19,14,10,14,24,27,24,20,34,26,16,16,20,23,24,7,21,19,26,15,28,24,15,25,28,20,18,10,17,27,15,16,18,13,20,7,21,25,19,28,7,23,22,18,23,31,20,17,37,29,24,26,18,35,24,19,17,21,28,22,23,24,30,10,23,21,31,40,18,13,24,24,15,18,26,27
12,19,21,19,20,40,16,28,33,17,12,22,25,33,21,25,21,17,22,17,19,5,28,40,5,23,28,5,24,30,25,31,29,20,0,19,14,14,27,18,5,30,21,16,22,32,26,18,21,24,37,37,8,21,19,12,24,34,30,29,5,23,34,10,20,16,23,30,18,21,37,12,14,34,18,23,16,14,17,25,24,32,27,25,30,32,16,26,35,30,36,21,30,23,29,34,26,24,22,14,32,30,23,32,18,25,32,21,42,26,22,20,25,16,17,21,22,32,24,30,32,25,13,24,23,23,24,22,24,30,19,22,27,28,24,25,26,32,25,22,24,23,25,24,14,16,29,20,21,32,32,26,22,31,31,21,25,28,25,24,35,30,28,28,25,34,28,30,23,12,29,32,24,30,29,16,22,33,26,42,21,21,28,30,25,19,25,27
18,18,18,23,17,38,14,26,25,18,18,23,30,26,21,30,22,16,18,22,20,18,32,40,20,19,32,18,39,30,30,31,38,7,19,0,17,11,20,13,17,24,21,18,19,28,28,14,22,14,34,34,21,20,2,20,22,30,30,24,17,20,37,23,19,13,26,30,20,21,34,14,15,30,16,19,11,9,20,21,20,33,25,15,30,28,17,15,28,30,32,23,30,19,24,31,25,16,12,17,28,37,19,28,20,24,33,21,39,29,17,12,22,13,17,19,23,28,23,24,33,25,11,19,19,22,23,10,21,21,25,18,25,25,20,24,27,24,21,18,20,26,16,19,17,12,23,12,22,26,23,27,10,25,20,21,24,28,21,19,36,26,25,25,21,32,25,21,20,20,29,24,20,27,29,17,22,25,30,39,21,5,25,27,20,21,25,25
7,25,26,16,21,35,14,24,30,10,7,18,23,33,18,23,23,16,26,13,15,10,25,37,10,19,25,10,22,27,23,25,29,18,14,17,0,12,28,18,10,31,14,6,22,23,17,11,24,22,29,31,16,22,19,15,23,31,21,29,10,23,36,16,19,17,19,21,17,22,29,11,15,27,18,22,17,15,15,18,22,26,25,24,21,25,14,25,35,23,27,11,23,16,29,26,18,25,18,15,25,28,16,25,17,21,26,14,36,26,20,20,25,17,16,22,22,23,23,31,26,14,13,23,16,24,24,20,26,29,12,20,23,18,23,21,20,30,25,22,23,21,26,23,15,17,31,20,24,32,30,20,20,33,31,24,19,26,16,24,29,30,18,22,18,29,20,29,23,15,32,30,24,24,25,18,25,31,20,36,25,20,20,24,24,22,18,25
13,19,21,16,17,39,16,27,28,19,13,22,21,29,20,21,19,11,21,18,10,14,27,37,16,16,27,14,33,27,23,22,34,12,14,11,12,0,20,10,10,27,14,13,19,27,24,13,15,20,33,33,14,13,13,13,16,31,25,24,10,20,35,16,15,6,19,25,11,18,33,10,10,28,8,18,6,12,11,19,19,26,26,19,25,25,10,20,29,23,31,18,23,18,24,30,25,19,11,10,27,33,18,27,20,23,26,14,38,20,17,11,22,4,14,18,16,27,16,27,26,20,14,19,18,15,16,12,23,24,18,17,20,24,19,23,20,27,21,18,19,19,21,19,10,4,27,11,15,28,27,20,12,29,27,20,23,29,20,21,29,22,24,24,19,33,24,24,20,13,22,27,16,25,20,14,15,28,26,38,21,14,24,25,20,18,18,26
28,21,17,32,27,46,21,34,31,27,28,31,38,28,29,38,25,25,21,26,27,28,42,50,28,26,41,28,39,40,38,39,39,18,27,20,28,20,0,22,28,25,33,29,26,38,37,25,33,18,42,44,30,32,21,26,32,42,42,25,28,23,41,33,23,25,35,42,30,27,42,26,24,36,26,23,25,23,28,27,26,43,30,21,42,40,26,20,28,42,42,34,42,31,25,39,23,22,18,22,39,44,30,40,27,33,43,33,49,39,22,17,26,25,23,24,33,38,33,25,43,37,25,23,30,33,33,19,27,15,33,23,36,33,24,32,37,25,25,19,24,34,19,24,24,24,26,18,33,28,27,35,18,29,15,26,31,29,31,25,46,38,33,35,27,38,33,15,27,26,39,27,32,33,38,23,33,27,37,49,25,16,33,33,23,26,37,30
13,15,17,21,13,43,20,31,24,23,13,26,26,24,24,26,17,14,17,22,20,20,27,41,22,14,29,20,39,33,28,29,35,8,18,13,18,10,22,0,16,21,19,15,15,31,28,17,21,16,37,37,20,19,11,19,22,35,25,20,16,16,39,22,6,12,24,27,19,18,37,13,15,31,14,13,11,16,17,22,14,31,28,15,27,31,14,16,25,27,35,20,27,22,20,34,29,11,13,16,31,37,22,31,22,27,31,19,42,28,13,13,17,9,10,14,22,31,21,21,31,20,18,15,22,21,22,13,19,20,24,12,26,28,14,27,25,21,17,14,14,25,17,15,16,10,21,13,21,24,23,25,13,25,24,16,27,33,24,16,33,28,28,28,22,37,28,20,16,19,28,22,22,28,26,10,21,21,30,42,17,14,28,28,14,16,22,28
12,24,26,19,24,40,12,28,33,17,12,21,26,34,21,26,24,16,27,20,16,1,27,40,1,19,28,1,25,30,26,28,34,16,5,17,10,10,28,16,0,33,17,12,20,28,23,14,18,22,34,34,5,15,18,17,22,30,26,25,1,18,36,9,18,13,22,26,15,18,34,8,17,30,16,19,13,10,19,21,22,29,30,21,26,28,17,25,36,26,32,17,26,19,25,31,25,27,22,17,28,30,19,28,23,24,29,17,39,25,24,20,19,13,17,19,21,28,22,33,29,21,9,22,19,20,22,22,19,30,18,24,26,25,18,24,23,35,22,20,22,25,28,22,17,13,32,20,18,34,35,23,22,34,32,18,24,30,21,21,32,28,25,25,21,34,25,30,19,17,26,33,22,27,28,16,19,36,26,39,22,24,25,27,23,13,21,29
32,20,20,37,26,54,31,35,20,32,32,39,42,8,36,42,24,30,16,33,32,33,46,55,33,26,46,33,44,45,44,45,42,20,30,24,31,27,25,21,33,0,39,33,26,46,43,33,39,29,52,53,37,38,25,29,39,51,48,32,34,25,41,39,30,31,41,48,38,25,52,31,31,46,34,25,31,29,35,37,26,50,31,21,48,47,30,22,12,48,50,38,48,38,32,48,35,24,28,31,47,49,38,45,26,38,50,39,58,46,23,28,26,31,25,25,40,46,40,6,50,43,31,25,38,39,40,29,28,22,37,24,41,43,26,40,45,14,24,29,26,39,22,25,31,30,7,28,39,21,21,45,29,20,26,21,39,36,39,24,54,45,43,44,37,47,43,22,27,29,46,25,39,43,43,24,39,15,40,58,22,25,43,43,26,22,43,30
12,29,31,2,27,32,19,26,38,19,12,18,10,39,14,10,31,14,31,21,16,17,20,33,17,28,18,17,26,21,10,27,28,22,21,21,14,14,33,19,17,39,0,15,29,21,21,16,23,27,27,29,17,22,23,19,24,27,20,26,19,30,40,23,22,19,7,16,15,30,27,16,15,22,18,28,17,20,19,11,27,12,32,29,18,19,14,30,41,14,25,13,16,14,26,24,26,29,23,17,23,35,14,23,25,19,14,2,32,30,27,23,32,17,26,28,24,21,22,37,12,13,20,29,15,23,23,24,33,35,14,25,23,20,29,19,8,37,31,26,27,21,31,29,17,19,37,23,23,37,37,6,24,39,37,30,17,25,14,31,20,31,18,20,11,27,18,35,30,19,29,35,25,17,25,26,24,38,20,32,31,24,18,17,30,30,11,32
4,26,27,15,22,36,15,25,32,9,6,19,22,31,19,22,26,15,27,14,16,12,24,38,12,23,25,12,24,28,22,28,29,19,16,18,6,13,29,15,12,33,15,0,24,22,15,12,26,23,28,32,18,23,20,16,24,30,20,30,12,25,35,18,18,18,18,23,20,24,28,11,14,28,19,21,16,15,16,17,22,25,27,25,21,26,14,26,36,23,26,5,23,17,30,25,17,25,21,16,26,30,17,26,18,22,25,13,37,31,22,21,25,16,20,23,25,22,22,31,25,15,13,24,17,26,25,21,24,30,14,20,24,21,22,22,19,32,26,23,22,22,27,24,16,18,31,21,26,32,31,19,21,34,31,24,20,27,15,26,29,31,21,23,19,30,19,30,25,16,31,29,25,25,26,20,26,31,20,37,26,21,19,25,25,24,18,27
24,15,17,29,12,46,26,33,24,27,24,33,31,26,30,31,13,23,19,28,19,20,38,49,19,4,38,20,35,39,31,34,32,16,22,19,22,19,26,15,20,26,29,24,0,38,27,24,24,15,38,38,18,21,18,26,23,41,36,21,20,6,41,23,13,19,31,36,20,9,38,20,23,38,15,11,19,22,25,29,2,33,31,11,36,38,22,14,25,36,41,27,36,29,21,35,33,19,20,23,38,40,29,38,28,33,33,27,43,29,11,18,4,19,8,7,23,38,23,25,33,31,24,10,29,26,23,20,6,18,27,11,32,29,8,33,27,26,7,15,10,31,17,10,23,17,24,18,24,22,23,27,20,22,20,8,33,35,30,10,36,29,29,29,29,43,29,18,4,26,27,23,23,29,34,9,26,27,29,43,11,22,29,29,4,5,31,30
20,38,38,21,36,22,26,30,46,22,22,12,23,47,21,23,41,31,36,29,29,28,18,29,28,39,19,28,30,18,23,34,35,27,32,28,23,27,38,31,28,46,21,22,38,0,23,24,36,30,10,22,28,36,28,32,34,17,18,29,30,40,42,33,34,32,25,19,28,41,10,29,30,15,30,39,32,27,32,19,40,28,41,34,16,18,29,35,47,19,9,26,19,25,29,14,29,36,27,30,16,40,25,16,30,25,28,25,28,38,37,27,42,32,37,39,35,4,35,45,28,22,27,39,26,36,35,29,41,42,23,38,34,16,40,25,23,45,41,29,40,33,36,39,30,31,44,27,36,47,45,23,29,47,43,40,15,29,8,41,25,38,13,23,21,25,11,42,40,32,33,45,35,19,35,37,36,46,24,28,41,31,9,19,40,41,24,41
17,36,36,21,31,30,25,31,43,17,19,22,17,42,22,17,36,27,36,21,20,23,27,38,22,28,27,23,25,29,17,25,31,29,26,28,17,24,37,28,23,43,21,15,27,23,0,28,29,30,23,27,23,30,31,28,24,28,24,35,25,33,34,21,28,26,24,26,25,32,23,25,27,29,24,35,27,26,29,26,31,23,34,36,24,27,27,35,43,26,24,16,26,24,35,20,25,36,32,27,27,29,24,27,31,25,23,23,32,34,31,32,34,27,32,35,27,23,26,39,23,20,28,34,23,29,27,32,35,36,23,33,29,15,36,25,17,40,33,29,36,28,36,34,27,25,39,32,29,42,43,17,32,44,38,33,23,30,20,33,26,30,16,18,26,30,14,36,32,28,34,42,25,20,30,32,29,41,16,32,33,31,14,20,30,33,22,34
10,24,24,16,23,34,12,21,32,12,8,17,23,33,11,23,28,16,23,18,16,14,26,34,14,25,26,14,30,24,23,27,34,15,18,14,11,13,25,17,14,33,16,12,24,24,28,0,24,20,28,24,20,22,16,16,23,28,24,26,14,26,37,20,18,18,19,24,20,25,28,15,16,24,18,25,18,13,16,15,26,26,26,22,24,22,13,23,34,24,26,17,24,9,26,25,20,20,17,16,18,31,7,18,16,14,26,14,29,31,23,17,28,18,23,25,25,22,24,31,26,19,11,25,7,24,25,15,29,28,19,24,24,19,26,14,20,31,27,19,26,22,22,25,16,17,31,17,24,34,31,20,15,33,30,27,18,23,15,27,30,30,19,15,15,28,19,28,26,16,33,31,24,21,26,23,26,30,24,29,27,17,19,21,26,25,19,24
24,28,31,23,29,41,23,29,39,30,24,24,26,39,29,26,28,19,31,27,15,18,30,44,18,24,32,18,23,32,26,23,33,21,21,22,24,15,33,21,18,39,23,26,24,36,29,24,0,29,32,33,16,16,29,18,17,31,26,24,16,30,35,19,25,19,21,26,15,30,33,18,18,30,15,32,18,20,20,22,30,28,34,30,26,28,19,31,39,26,31,20,26,20,25,32,28,35,24,19,28,34,20,28,27,23,28,18,38,23,33,22,28,18,30,31,18,28,18,39,28,21,21,30,20,4,18,25,23,35,20,33,24,24,27,23,21,39,31,26,30,23,33,30,19,19,38,22,2,38,39,21,25,40,37,32,23,30,20,31,30,23,24,24,22,33,23,35,30,18,19,38,17,25,26,30,6,40,27,38,28,31,24,25,31,34,21,35
22,22,22,27,19,37,19,28,30,23,22,26,30,30,23,30,24,21,17,26,18,22,36,44,21,16,36,22,35,34,30,33,36,10,24,14,22,20,18,16,22,29,27,23,15,30,30,20,29,0,29,33,20,24,16,24,21,32,35,12,22,19,39,25,12,18,30,35,19,19,29,19,22,27,15,23,18,18,24,18,21,32,30,19,35,33,21,18,30,35,32,27,35,24,12,26,29,20,9,21,33,39,22,33,23,28,32,26,38,28,21,10,22,18,23,23,22,29,22,28,32,30,20,22,22,25,22,9,23,24,28,22,31,20,23,28,26,26,21,6,23,30,19,22,22,17,26,9,25,29,26,24,10,29,21,20,24,29,21,22,35,27,20,24,18,38,20,24,22,24,28,26,21,20,33,23,25,29,31,38,21,15,20,20,23,21,30,30
26,43,43,27,42,18,32,34,52,28,28,19,23,53,27,23,45,36,41,34,29,34,23,30,33,37,23,34,35,23,23,32,39,33,37,34,29,33,42,37,34,52,27,28,38,10,23,28,32,29,0,14,33,38,35,37,33,15,25,33,37,44,41,34,37,36,29,25,33,44,2,36,36,22,32,46,36,34,38,26,42,33,46,41,23,25,36,40,53,26,11,33,26,30,33,23,33,41,34,36,20,33,30,20,38,29,31,30,23,38,43,34,44,36,44,46,34,14,34,52,33,26,34,46,31,38,34,36,47,44,32,42,40,20,47,29,27,52,43,31,47,41,41,44,36,35,50,34,38,51,52,27,36,53,46,44,17,33,19,45,20,36,17,27,26,28,17,44,43,37,39,52,34,23,41,44,38,51,30,23,43,39,17,23,40,45,28,46
30,43,43,29,43,30,32,37,53,32,30,31,25,53,15,25,47,34,42,36,29,34,25,32,33,39,25,34,35,25,25,31,41,35,37,34,31,33,44,37,34,53,29,32,38,22,27,24,33,33,14,0,33,38,37,38,32,21,25,35,37,44,42,34,37,36,31,27,33,44,14,36,36,28,32,46,36,34,38,32,42,35,47,43,27,27,36,42,54,28,23,35,28,20,37,33,35,42,38,36,8,33,20,10,40,19,31,32,17,39,43,38,46,36,44,46,35,24,33,52,33,30,34,46,23,38,35,37,47,42,34,44,40,28,47,17,29,52,45,35,47,41,43,46,36,35,51,38,38,53,52,27,37,53,44,45,29,36,29,45,22,36,27,17,32,32,27,44,43,38,40,52,33,29,41,44,38,53,32,17,45,37,27,29,42,45,30,47
18,27,29,17,28,36,16,28,39,23,18,24,20,37,20,20,29,19,30,21,12,5,28,40,6,19,28,5,17,29,20,25,28,20,8,21,16,14,30,20,5,37,17,18,18,28,23,20,16,20,33,33,0,17,24,18,21,30,28,20,7,24,33,5,18,18,22,27,10,19,29,12,18,31,14,25,18,16,21,22,22,24,31,29,27,29,20,30,39,27,32,19,27,21,20,26,27,28,26,18,30,28,21,30,24,25,24,18,34,24,27,28,21,18,25,27,20,29,21,34,24,22,15,28,21,19,21,28,22,33,18,27,26,20,26,25,18,36,27,20,28,25,31,28,18,18,33,28,17,36,36,18,28,35,32,23,24,27,21,22,27,27,20,20,22,34,20,33,21,18,23,36,21,22,28,24,18,37,24,34,25,25,20,22,23,21,22,31
21,27,30,23,29,41,21,32,38,27,21,28,25,38,27,25,30,16,30,26,12,15,34,46,14,21,34,15,26,34,25,25,37,19,21,20,22,13,32,19,15,38,22,23,21,36,30,22,16,24,38,38,17,0,25,19,17,34,28,24,9,23,38,18,20,14,22,28,16,22,35,13,16,32,14,28,12,15,18,23,24,29,34,26,28,30,16,29,40,28,33,17,28,20,24,32,29,34,20,18,29,36,20,29,28,26,29,19,41,25,31,18,23,12,26,27,19,30,17,38,29,23,16,26,19,18,19,21,23,33,23,31,21,26,23,26,23,39,25,22,24,16,29,24,18,14,37,18,16,39,39,23,21,40,34,23,26,32,23,25,32,23,26,27,23,35,26,33,23,19,23,39,17,28,23,26,18,39,29,41,26,32,26,28,26,25,23,32
18,18,18,23,16,36,14,24,25,18,18,21,30,26,21,30,21,16,16,22,20,18,32,40,20,19,32,18,39,30,30,31,38,9,19,2,19,13,21,11,18,25,23,20,18,28,31,16,29,16,35,37,24,25,0,20,22,32,30,22,17,20,37,23,19,13,26,30,20,21,32,15,15,28,16,19,11,9,20,19,20,33,25,13,30,28,17,13,27,30,30,23,30,19,22,29,25,16,10,17,28,37,19,28,20,24,33,21,39,29,17,10,22,13,17,19,23,26,23,24,33,25,11,19,19,22,23,12,21,21,25,18,25,23,20,24,27,24,21,16,20,26,14,19,17,12,22,10,22,25,24,27,12,26,20,20,22,26,19,19,36,26,23,25,19,32,23,21,20,20,29,24,20,25,29,17,22,25,30,39,21,5,23,25,20,21,25,25
14,21,23,19,25,41,18,30,29,20,14,26,25,29,23,25,22,16,25,17,15,17,30,40,17,26,30,17,32,30,25,27,36,21,12,20,15,13,26,19,17,29,19,16,26,32,28,16,18,24,37,38,18,19,20,0,21,36,30,27,18,23,35,23,21,12,20,30,18,25,39,16,12,33,16,25,12,18,16,24,26,29,28,26,30,30,11,27,32,28,36,23,28,23,27,35,27,25,20,12,31,35,23,32,16,25,31,18,44,23,24,20,23,12,23,25,17,32,21,33,31,25,19,26,23,17,18,21,26,31,24,23,24,30,26,24,26,32,23,23,26,22,28,25,12,13,32,20,18,33,33,26,21,33,30,21,25,31,25,26,35,27,30,30,24,35,29,31,26,2,26,32,21,30,26,23,17,34,29,44,22,21,30,30,27,22,23,28
22,30,31,24,27,37,23,30,40,27,22,26,23,38,25,23,29,17,31,22,10,22,30,41,21,24,30,22,23,29,25,12,34,23,24,22,23,16,32,22,22,39,24,24,23,34,24,23,17,21,33,32,21,17,22,21,0,33,28,24,22,27,32,22,23,18,23,27,12,27,30,21,18,31,12,31,20,24,21,25,26,18,32,31,29,28,20,30,40,27,33,23,27,23,24,21,31,31,24,18,29,25,23,29,28,26,18,21,35,14,27,24,31,20,29,31,8,31,4,37,18,22,23,30,22,17,8,25,29,32,26,29,24,19,32,26,18,37,27,26,32,22,31,30,16,18,35,24,17,37,38,18,25,39,32,30,26,31,23,31,25,10,19,20,25,35,21,32,29,21,14,37,2,22,26,29,17,38,24,35,30,27,21,22,25,28,22,32
28,42,42,27,41,28,28,36,50,30,30,26,26,51,27,26,46,34,42,37,32,30,22,34,29,42,23,30,32,22,26,35,41,29,34,30,31,31,42,35,30,51,27,30,41,17,28,28,31,32,15,21,30,34,32,36,33,0,26,33,32,44,41,31,35,34,30,25,32,45,15,34,34,24,35,44,36,32,35,29,43,30,45,41,24,24,34,41,52,26,12,35,26,33,33,24,36,41,34,34,21,38,33,21,37,30,30,33,29,36,42,34,45,36,42,44,34,19,38,50,30,31,32,44,34,35,34,31,44,46,31,43,36,25,45,30,27,50,45,32,45,37,42,44,34,35,50,34,35,52,49,27,31,51,46,45,26,37,23,44,26,40,23,27,31,28,21,46,43,38,36,50,37,25,37,42,33,51,31,29,45,36,21,25,43,45,31,45
16,38,40,20,36,34,28,36,47,26,16,26,22,47,21,22,40,28,40,27,26,26,10,30,26,37,14,26,27,16,22,30,33,31,30,30,21,25,42,25,26,48,20,20,36,18,24,24,26,35,25,25,28,28,30,30,28,26,0,38,28,39,40,30,28,30,23,14,29,39,23,26,27,19,28,36,29,29,30,27,37,31,42,38,10,14,25,39,50,13,21,22,13,23,38,32,33,36,33,28,17,36,23,17,32,23,30,22,29,34,36,33,40,29,35,37,31,18,28,46,31,13,29,38,25,33,31,33,41,44,27,35,34,26,37,24,23,46,40,35,37,33,40,38,28,30,46,33,33,47,46,24,33,48,46,39,24,34,24,40,19,33,25,25,27,22,25,44,39,30,35,45,30,29,34,35,33,46,29,29,40,33,25,28,39,39,17,42
28,26,26,26,25,32,23,30,36,30,28,26,28,35,25,28,29,26,23,29,20,25,37,45,24,22,37,25,29,35,28,31,39,16,29,24,29,24,25,20,25,32,26,30,21,29,35,26,24,12,33,35,20,24,22,27,24,33,38,0,25,27,37,24,18,24,30,35,19,27,29,24,26,29,16,29,26,22,27,20,26,26,31,24,35,33,23,23,35,35,32,29,35,25,2,20,31,26,15,23,34,36,25,32,22,25,26,26,36,22,26,16,29,26,26,29,16,29,16,33,26,30,23,29,25,23,16,17,27,25,29,27,30,20,30,27,26,33,28,10,30,31,24,28,24,25,31,15,23,35,34,26,18,33,27,26,24,31,21,28,35,21,20,20,20,38,20,27,27,26,22,33,15,20,32,26,24,34,31,36,28,21,20,20,25,27,30,33
12,24,26,19,24,40,12,28,33,17,12,21,26,34,21,26,24,16,27,20,16,1,27,40,1,18,28,1,25,30,26,28,34,16,5,17,10,10,28,16,1,34,19,12,20,30,25,14,16,22,37,37,7,9,17,18,22,32,28,25,0,18,36,9,18,13,22,26,15,18,34,8,17,30,16,20,13,10,19,21,22,29,30,21,26,28,17,25,36,26,32,17,26,19,25,31,25,27,22,17,28,30,19,28,23,24,29,17,39,25,24,20,19,13,17,19,21,28,22,33,29,21,9,22,19,20,22,22,19,30,18,24,25,25,19,24,23,35,21,20,21,24,28,21,17,13,32,20,18,34,35,23,22,34,32,18,24,30,21,22,32,28,25,25,21,34,25,30,19,17,26,33,22,27,27,16,19,36,26,39,22,24,25,27,23,13,21,29
25,16,14,30,10,47,23,35,23,28,25,30,33,25,31,33,11,25,16,25,23,18,39,50,19,10,39,18,36,40,33,35,34,17,23,20,23,20,23,16,18,25,30,25,6,40,33,26,30,19,44,44,24,23,20,23,27,44,39,27,18,0,41,24,17,18,31,36,24,9,42,20,22,37,19,9,18,22,25,28,6,37,31,9,36,38,22,14,25,36,41,27,36,29,25,39,32,20,19,22,38,41,29,38,27,33,37,27,47,33,10,17,8,18,7,11,27,37,27,25,37,31,24,8,29,26,27,20,10,16,27,10,32,33,2,33,31,25,5,19,8,31,17,6,22,16,24,17,24,21,22,31,20,23,21,8,33,35,30,10,40,33,33,33,28,43,33,16,8,25,31,20,27,33,34,7,26,26,30,47,5,21,33,33,8,4,31,31
36,39,38,40,43,44,33,38,44,35,38,39,39,38,39,39,41,37,41,34,35,36,39,52,35,42,41,36,26,41,39,31,38,38,34,37,36,35,41,39,36,41,40,35,41,42,34,37,35,39,41,42,33,38,37,35,32,41,40,37,36,41,0,36,37,35,38,41,35,40,45,36,35,42,33,42,35,35,38,38,39,41,38,44,41,41,38,44,45,41,44,37,41,35,36,40,39,44,40,35,37,40,33,39,39,38,41,37,50,33,43,40,40,35,44,42,34,40,34,40,41,39,36,41,32,35,34,40,41,42,34,45,39,37,43,36,38,42,40,37,43,41,44,41,35,33,40,40,35,43,44,38,40,45,42,46,37,41,37,41,46,31,37,37,38,40,37,44,40,36,33,42,32,39,40,45,36,44,34,50,41,42,37,39,39,45,39,37
18,29,31,23,30,40,18,27,41,23,18,25,26,39,25,26,31,21,32,24,17,9,30,42,8,24,30,9,10,31,26,28,29,22,10,23,16,16,33,22,9,39,23,18,23,33,21,20,19,25,34,34,5,18,23,23,22,31,30,24,9,24,36,0,23,25,23,28,17,21,33,20,29,32,19,29,25,22,22,24,27,27,39,33,26,30,27,33,40,28,32,18,28,21,23,29,29,37,35,29,29,25,21,29,33,26,27,20,38,23,34,35,23,25,32,31,19,28,20,39,27,21,26,32,20,20,20,33,22,36,20,34,27,24,30,26,22,40,27,25,32,26,35,32,29,25,38,35,18,39,40,22,33,41,33,26,25,30,22,27,31,26,24,24,24,34,24,36,24,27,25,40,20,26,29,32,19,41,21,38,27,35,24,26,28,24,23,37
14,18,20,22,19,41,19,31,31,24,12,30,23,30,25,23,22,17,22,24,14,18,28,44,17,14,30,18,29,34,25,29,33,14,20,19,19,15,23,6,18,30,22,18,13,34,28,18,25,12,37,37,18,20,19,21,23,35,28,18,18,17,37,23,0,14,25,29,15,19,33,15,17,33,10,20,13,18,18,24,17,27,30,22,29,33,15,21,32,29,36,22,29,24,16,30,30,20,15,17,33,36,24,33,22,28,27,21,38,24,19,16,22,11,18,21,18,33,17,29,27,22,20,22,24,21,18,15,22,23,25,18,27,24,21,28,21,27,21,10,21,26,20,22,18,12,27,15,21,30,30,21,16,31,27,19,28,33,25,18,29,24,24,24,24,38,24,23,18,20,24,29,18,24,27,18,21,30,29,38,21,16,24,24,16,19,24,28
16,19,22,19,21,39,14,30,31,22,16,22,23,31,23,23,18,12,22,20,6,13,30,40,15,20,30,13,35,30,23,24,37,14,16,13,17,6,25,12,13,31,19,18,19,32,26,18,19,18,36,36,18,14,13,12,18,34,30,24,13,18,35,25,14,0,20,26,9,19,33,11,10,29,10,22,6,13,14,20,17,26,24,25,26,26,11,24,32,24,32,19,24,19,21,30,26,20,17,6,28,31,19,28,21,24,26,15,38,20,22,17,19,6,24,20,12,28,14,30,26,21,15,23,19,13,12,18,18,28,21,22,21,24,23,24,20,31,18,16,23,18,25,23,4,6,29,17,15,32,31,20,18,30,28,17,24,29,21,20,27,20,24,24,20,32,24,28,20,12,20,30,14,25,23,24,13,32,26,38,22,19,24,25,18,17,19,24
17,31,33,5,32,33,24,23,40,24,17,19,11,41,19,11,33,12,33,22,20,22,21,34,21,32,17,22,29,22,11,29,28,27,23,26,19,19,35,24,22,41,7,18,31,25,24,19,21,30,29,31,22,22,26,20,23,30,23,30,22,31,38,23,25,20,0,20,20,32,30,16,15,26,20,28,19,20,20,15,28,17,32,29,22,23,18,31,43,20,28,17,18,18,30,27,27,29,23,17,27,30,18,27,25,16,17,6,35,29,29,23,33,19,26,28,23,25,21,37,17,17,20,29,19,23,22,24,34,36,18,27,26,23,29,16,11,37,33,27,27,24,32,29,17,21,37,23,23,38,37,11,24,39,38,32,14,20,17,32,25,30,21,23,13,26,21,36,31,19,31,35,24,18,28,26,24,38,23,35,33,24,21,20,31,32,13,32
20,38,40,16,36,34,28,34,47,28,20,26,18,48,23,18,40,28,40,30,27,26,12,26,26,37,2,26,30,17,18,30,31,31,30,30,21,25,42,27,26,48,16,23,36,19,26,24,26,35,25,27,27,28,30,30,27,25,14,35,26,36,41,28,29,26,20,0,28,39,23,24,27,16,29,37,29,29,30,23,37,27,42,38,8,17,25,39,50,10,23,25,10,25,37,32,35,38,31,28,19,36,25,19,34,25,25,18,25,34,36,33,41,29,35,37,30,19,29,46,27,13,29,38,26,32,29,33,42,44,25,35,34,27,38,26,19,46,40,35,37,33,40,38,28,30,46,33,32,47,46,20,33,48,46,39,24,32,24,40,16,35,25,27,23,22,25,44,39,30,35,45,31,25,35,35,30,47,27,25,40,33,25,24,39,39,15,42
18,27,29,15,30,36,19,28,39,24,18,26,18,38,20,18,27,15,29,22,5,15,28,38,14,21,28,15,25,28,18,20,30,21,18,20,17,11,30,19,15,38,15,20,20,28,25,20,15,19,33,33,10,16,20,18,12,32,29,19,15,24,35,17,15,9,20,28,0,22,29,18,15,30,11,25,15,20,18,21,20,22,29,30,27,27,17,29,39,25,32,21,25,21,19,26,28,26,25,13,30,30,21,30,24,25,22,16,34,16,27,25,23,15,27,27,12,29,18,35,22,22,21,28,21,15,14,26,22,33,19,27,23,20,26,25,16,36,27,19,28,22,30,28,11,15,34,25,17,36,36,16,26,35,32,26,24,27,21,24,23,24,20,20,21,32,20,33,23,15,22,35,18,21,25,27,14,37,25,34,27,24,20,21,23,24,20,29
25,17,19,30,17,47,24,36,28,29,23,33,33,25,32,33,18,25,19,29,21,18,39,51,17,12,39,18,31,41,33,35,34,20,21,21,22,18,27,18,18,25,30,24,9,41,32,25,30,19,44,44,19,22,21,25,27,45,39,27,18,9,40,21,19,19,32,39,22,0,42,20,22,36,19,16,18,22,24,27,11,37,29,20,36,38,22,20,26,36,40,27,36,29,25,39,33,22,18,22,38,40,29,38,28,33,37,27,47,31,19,16,6,18,15,18,27,38,27,26,37,31,24,17,29,26,27,20,7,22,25,21,31,33,17,33,31,27,12,19,17,30,19,19,22,16,25,16,24,26,27,31,20,28,21,10,33,36,30,13,40,33,33,33,27,42,33,22,12,25,31,25,27,33,33,16,26,26,30,47,12,19,33,33,12,4,31,29
26,43,43,27,42,18,32,34,53,28,28,17,23,53,27,23,47,36,41,34,29,34,23,30,33,39,23,34,35,23,23,32,39,33,37,34,29,33,42,37,34,52,27,28,38,10,23,28,33,29,2,14,29,35,32,39,30,15,23,29,34,42,45,33,33,33,30,23,29,42,0,36,36,22,32,46,36,34,38,26,42,33,47,39,23,25,36,38,53,26,11,33,26,30,31,21,33,42,34,36,20,33,30,20,38,29,31,30,23,38,43,32,46,36,42,44,34,14,34,52,33,26,34,46,31,38,34,36,47,44,32,44,40,20,45,29,27,52,45,31,47,41,41,46,36,35,50,32,38,52,52,27,36,53,46,42,19,33,19,45,20,38,17,27,26,28,17,44,41,38,39,51,34,23,41,42,38,53,30,23,45,39,17,23,42,43,28,47
12,23,24,16,20,39,10,27,31,18,12,22,23,31,20,23,24,12,25,19,17,8,26,39,10,21,26,8,26,29,23,27,33,15,12,14,11,10,26,13,8,31,16,11,20,29,25,15,18,19,36,36,12,13,15,16,21,34,26,24,8,20,36,20,15,11,16,24,18,20,36,0,9,29,19,21,13,8,17,20,20,26,24,23,24,27,9,24,34,24,31,14,24,18,24,30,24,23,16,11,27,27,18,27,22,23,26,14,38,29,20,18,25,13,19,21,23,27,22,29,26,17,10,22,18,20,23,15,26,28,19,18,22,22,22,23,20,30,24,18,20,23,25,22,11,15,29,18,20,30,29,20,15,31,30,22,23,29,20,24,30,31,22,24,20,33,24,28,23,17,27,28,25,26,24,18,18,31,25,38,24,18,24,26,23,22,19,24
13,16,18,15,23,38,18,28,30,20,13,24,21,31,21,21,16,10,18,18,12,17,27,40,17,22,27,17,33,28,21,24,34,18,14,15,15,10,24,15,17,31,15,14,23,30,27,16,18,22,36,36,18,16,15,12,18,34,27,26,17,22,35,29,17,10,15,27,15,22,36,9,0,33,14,20,4,15,14,24,23,28,22,21,29,30,10,22,32,27,36,21,27,23,25,34,27,21,17,6,32,34,23,32,21,25,28,15,42,26,19,17,19,6,18,20,20,32,18,31,28,24,17,21,23,18,20,18,24,27,22,15,20,28,21,25,22,31,18,20,19,20,23,19,6,10,30,17,18,31,31,22,18,32,30,19,24,28,25,24,32,24,28,28,24,34,26,27,24,12,24,29,18,27,24,18,18,30,27,42,18,19,28,27,22,19,22,22
26,38,38,22,36,30,28,31,46,28,26,22,24,47,23,22,41,32,36,33,30,30,18,26,30,39,16,30,34,15,24,34,33,27,34,30,27,28,36,31,30,46,22,28,38,15,29,24,30,27,22,28,31,32,28,33,31,24,19,29,30,37,42,32,33,29,26,16,30,36,22,29,33,0,31,39,33,29,33,15,40,33,42,34,18,15,30,35,47,13,19,30,13,23,29,28,35,36,23,31,20,39,25,20,34,25,32,22,25,37,37,23,42,33,37,39,33,15,33,45,33,21,29,39,26,35,33,29,43,42,29,38,37,23,40,26,25,45,41,27,40,36,36,39,31,32,44,23,35,47,45,26,29,47,42,40,20,30,20,41,19,37,21,27,15,22,21,42,40,33,38,45,33,17,38,37,35,46,30,25,41,33,21,16,40,41,20,42
17,24,25,18,21,36,17,27,34,22,17,25,18,33,20,18,26,13,25,16,6,16,29,40,15,18,29,16,25,28,20,18,31,17,18,16,18,8,26,14,16,34,18,19,15,30,24,18,15,15,32,32,14,14,16,16,12,35,28,16,16,19,33,19,10,10,20,29,11,19,32,19,14,31,0,25,12,18,13,20,21,22,26,25,27,26,14,24,35,25,31,20,25,18,22,25,25,24,18,12,27,30,18,27,22,23,22,16,33,18,19,18,24,10,23,25,12,28,12,32,22,22,17,22,17,15,12,19,25,26,21,23,21,19,26,23,16,32,23,19,24,20,25,24,12,6,32,18,15,34,33,16,19,32,28,24,23,28,20,23,25,16,19,19,20,33,19,26,22,16,18,32,10,20,21,23,15,33,21,33,23,21,19,20,20,24,20,26
22,16,16,28,9,49,23,34,23,26,22,32,35,25,30,35,7,21,14,25,24,19,36,49,21,12,37,19,35,39,35,37,33,16,23,19,22,18,23,13,19,25,28,21,11,39,35,25,32,23,46,46,25,28,19,25,31,44,36,29,20,9,42,29,20,22,28,37,25,16,46,21,20,39,25,0,18,21,25,28,7,38,29,11,35,37,22,16,25,35,41,26,35,28,26,40,32,19,19,20,37,42,28,37,27,33,38,26,48,30,10,19,9,18,8,5,26,37,28,25,38,30,23,7,28,24,26,19,11,16,25,10,31,34,4,33,32,25,6,20,6,30,17,6,20,18,24,19,26,21,22,32,19,21,22,8,33,36,30,13,41,34,34,34,28,41,34,14,9,24,32,21,28,34,33,8,24,26,33,48,9,21,34,34,11,8,30,29
15,20,22,17,19,37,14,30,30,22,15,22,21,31,23,21,20,12,22,20,12,13,29,42,15,18,29,13,33,30,21,26,36,14,16,11,17,6,25,11,13,31,17,16,19,32,27,18,18,18,36,36,18,12,11,12,20,36,29,26,13,18,35,25,13,6,19,29,15,18,36,13,4,33,12,18,0,11,14,20,21,24,26,23,25,26,10,24,32,23,32,17,23,19,24,30,26,19,17,10,28,33,19,28,21,24,24,11,38,22,21,17,21,2,20,22,16,28,14,29,24,20,13,23,19,14,16,18,24,28,21,17,19,24,23,24,18,29,20,17,21,20,25,21,10,6,28,17,14,29,29,18,18,30,29,21,24,29,21,22,28,20,24,24,20,34,22,28,22,12,20,27,14,23,23,20,14,28,26,38,20,17,24,23,20,21,18,26
15,23,22,20,21,35,4,23,29,12,15,20,27,29,18,27,26,16,23,20,19,10,29,37,12,23,29,10,28,27,27,30,34,14,14,9,15,12,23,16,10,29,20,15,22,27,26,13,20,18,34,34,16,15,9,18,24,32,29,22,10,22,35,22,18,13,20,29,20,22,34,8,15,29,18,21,11,0,19,18,24,30,21,20,27,25,12,20,32,27,29,18,27,16,22,28,21,21,16,11,25,30,16,25,20,21,30,18,36,31,21,16,26,17,21,23,25,25,26,27,30,22,2,23,16,22,25,14,27,25,21,22,22,22,24,21,24,28,25,16,24,25,21,23,13,16,26,16,22,29,28,24,14,30,27,24,21,25,18,25,33,32,22,22,18,29,22,25,24,20,29,28,26,24,26,20,20,29,26,36,25,14,22,24,24,24,22,21
14,24,26,19,25,41,21,28,34,20,14,25,23,35,23,23,26,11,24,23,15,19,30,40,18,26,30,19,28,30,25,27,36,21,17,20,15,11,28,17,19,35,19,16,25,32,29,16,20,24,38,38,21,18,20,16,21,35,30,27,19,25,38,22,18,14,20,30,18,24,38,17,14,33,13,25,14,19,0,25,22,31,30,24,32,32,13,24,34,30,36,24,30,25,25,35,25,24,18,14,34,33,25,34,23,25,31,21,43,27,22,18,25,12,21,23,21,33,21,32,31,27,21,24,25,20,21,19,26,28,20,22,19,29,24,25,25,32,26,21,24,12,25,24,14,12,32,18,20,33,32,25,19,34,28,25,25,31,24,24,34,27,29,29,24,30,29,28,23,16,27,32,21,30,19,21,20,33,27,43,26,19,29,30,24,25,25,30
15,29,29,11,27,28,19,24,37,17,17,12,19,38,14,19,32,23,27,24,21,21,25,33,21,30,23,21,30,22,19,31,30,18,25,21,18,19,27,22,21,37,11,17,29,19,26,15,22,18,26,32,22,23,19,24,25,29,27,20,21,28,38,24,24,20,15,23,21,27,26,20,24,15,20,28,20,18,25,0,31,23,33,25,23,20,21,26,38,22,19,17,22,14,18,18,24,27,14,22,23,38,14,23,25,19,23,11,32,35,28,14,33,24,28,30,29,15,29,36,23,18,20,30,15,29,28,20,32,33,16,29,28,16,31,19,17,36,32,18,31,26,27,30,22,23,35,14,29,38,36,17,20,38,32,31,13,23,8,32,28,35,14,20,2,27,12,33,31,24,32,36,29,8,30,28,29,37,21,32,32,24,12,8,31,32,17,33
23,16,17,27,14,46,27,34,24,28,23,35,31,26,31,31,11,21,17,28,17,22,37,50,21,6,37,22,35,40,31,34,34,17,24,20,22,19,26,14,22,26,27,22,2,40,31,26,30,21,42,42,22,24,20,26,26,43,37,26,22,6,39,27,17,17,28,37,20,11,42,20,23,40,21,7,21,24,22,31,0,33,29,13,36,38,22,16,25,36,41,27,36,29,21,35,33,18,20,21,38,40,29,38,28,33,33,27,43,27,11,20,6,19,10,9,21,38,23,25,33,31,24,10,29,24,21,20,8,18,27,11,32,29,10,33,27,26,7,15,10,31,17,10,21,17,24,20,26,22,23,27,20,20,20,10,33,35,30,12,36,29,29,29,29,41,29,16,6,25,29,22,23,29,34,11,24,27,29,43,13,22,29,29,4,7,31,28
24,40,42,14,39,24,31,35,51,31,24,28,8,50,26,10,41,25,42,32,22,29,29,35,28,34,27,29,25,30,6,20,36,34,32,33,26,26,43,31,29,50,12,25,33,28,23,26,28,32,33,35,24,29,33,29,18,30,31,26,29,37,41,27,27,26,17,27,22,37,33,26,28,33,22,38,24,30,31,23,33,0,46,42,25,26,28,41,51,21,26,27,23,28,30,16,34,42,36,30,30,33,28,30,37,29,6,16,30,31,39,36,41,27,39,41,28,28,26,49,2,22,33,42,29,32,28,37,41,43,28,37,33,24,42,29,12,49,41,35,40,32,42,42,28,29,48,36,32,49,49,12,37,50,43,40,27,35,26,41,18,30,22,24,23,33,22,43,39,30,26,47,28,21,34,39,32,50,24,30,40,39,22,21,39,40,20,46
28,25,25,32,28,51,26,34,29,24,28,35,39,30,32,39,25,27,25,27,26,30,42,51,30,32,42,30,45,41,39,37,42,27,27,25,25,26,30,28,30,31,32,27,31,41,34,26,34,30,46,47,31,34,25,28,32,45,42,31,30,31,38,39,30,24,32,42,29,29,47,24,22,42,26,29,26,21,30,33,29,46,0,25,44,43,28,25,32,44,47,34,44,34,31,45,31,24,27,20,43,45,34,43,29,36,46,35,51,40,25,26,33,26,25,29,34,43,36,27,46,39,27,28,34,32,34,27,34,29,31,27,38,39,30,36,40,27,28,23,30,34,27,28,20,24,26,27,34,29,25,40,26,24,33,28,34,34,36,32,49,40,39,37,35,40,39,31,31,28,42,27,34,40,40,27,32,26,34,51,31,23,39,40,28,30,39,2
24,16,17,29,10,44,21,27,18,24,24,25,36,22,27,36,15,22,13,27,27,21,38,46,23,13,38,21,39,36,36,37,39,11,25,15,24,19,21,15,21,21,29,25,11,34,36,22,30,19,41,43,29,26,13,26,31,41,38,24,21,9,44,33,22,25,29,38,30,20,39,23,21,34,25,11,23,20,24,25,13,42,25,0,36,34,23,6,22,36,36,28,36,25,21,35,29,17,14,23,34,43,25,34,24,30,39,27,45,35,9,12,17,19,10,11,29,32,29,22,39,31,20,11,25,28,29,16,19,11,29,10,33,29,11,30,33,22,15,15,12,32,10,12,23,18,20,12,26,21,19,33,16,20,17,9,28,29,25,20,42,34,29,31,23,38,29,11,17,26,33,19,28,29,35,10,28,23,34,45,15,17,29,29,19,10,31,27
18,38,40,18,36,32,28,34,47,26,18,24,20,48,23,20,40,28,40,28,27,26,6,28,26,37,8,26,28,14,20,31,31,31,30,30,21,25,42,27,26,48,18,21,36,16,24,24,26,35,23,27,27,28,30,30,29,24,10,35,26,36,41,26,29,26,22,8,27,36,23,24,29,18,27,35,25,27,32,23,36,25,44,36,0,16,25,39,50,12,19,23,12,25,37,30,33,38,33,28,19,36,25,19,32,25,28,20,27,33,36,33,41,29,35,37,30,16,29,46,29,13,29,38,26,32,30,33,42,44,25,35,34,25,38,26,21,46,40,35,37,33,40,38,28,30,46,33,32,47,46,22,33,48,46,39,22,32,22,40,18,34,23,27,25,20,23,44,39,30,34,45,31,27,35,35,32,47,27,25,40,33,23,26,39,39,15,42
24,38,38,19,37,32,26,32,46,26,24,24,21,47,21,21,42,29,38,31,27,28,16,25,28,39,17,28,33,2,21,30,33,29,32,28,25,25,40,31,28,47,19,26,38,18,27,22,28,33,25,27,29,30,28,30,28,24,14,33,28,38,41,30,33,26,23,17,27,38,25,27,30,15,26,37,26,25,32,20,38,26,43,34,16,0,27,37,49,14,21,28,14,23,35,30,33,36,30,28,19,38,23,19,32,23,29,21,26,33,37,30,42,30,37,39,30,18,30,45,30,19,27,39,24,32,30,31,43,42,27,38,34,25,40,24,22,45,41,33,40,33,38,39,28,29,45,30,32,48,45,23,31,47,44,41,22,30,22,41,20,33,23,25,22,18,23,42,40,30,33,45,30,24,34,37,30,46,28,26,41,31,23,23,40,41,17,41
11,22,24,14,23,39,18,29,31,19,11,22,22,30,18,22,24,10,23,20,14,17,25,39,16,23,25,17,33,27,22,26,35,18,16,17,14,10,26,14,17,30,14,14,22,29,27,13,19,21,36,36,20,16,17,11,20,34,25,23,17,22,38,27,15,11,18,25,17,22,36,9,10,30,14,22,10,12,13,21,22,28,28,23,25,27,0,22,34,26,35,20,26,23,22,34,23,20,16,12,32,31,23,30,22,19,29,18,42,26,20,16,24,10,17,19,20,30,19,28,29,23,19,20,23,19,20,17,25,27,18,19,18,28,20,21,23,28,24,16,19,19,23,20,12,11,28,16,19,30,28,23,17,30,29,23,21,30,24,24,31,26,28,26,24,33,28,27,22,15,26,27,20,29,20,17,19,29,24,42,24,15,28,29,22,23,21,28
25,17,18,30,14,43,22,27,21,24,25,26,35,23,28,35,18,24,14,28,26,25,39,47,24,16,39,25,39,37,35,36,39,12,26,15,25,20,20,16,25,22,30,26,14,35,35,23,31,18,40,42,30,29,13,27,30,41,39,23,25,14,44,33,21,24,31,39,29,20,38,24,22,35,24,16,24,20,24,26,16,41,25,6,39,37,22,0,23,40,39,32,40,29,24,38,25,18,18,24,38,40,29,36,24,27,42,31,48,38,13,16,14,23,14,13,32,36,32,21,42,35,23,15,29,31,32,20,16,13,26,14,30,32,13,27,36,22,17,18,16,31,5,14,24,22,20,16,29,17,21,36,20,22,19,13,25,26,28,20,45,37,32,34,27,34,32,13,14,27,36,21,31,32,32,14,31,23,31,48,17,17,32,32,18,14,35,27
36,25,24,41,22,55,32,38,22,35,35,40,46,16,40,46,20,36,24,36,36,36,50,57,36,26,50,36,46,49,46,46,47,25,35,28,35,29,28,25,36,12,41,36,25,47,43,34,39,30,53,54,39,40,27,32,40,52,50,35,36,25,45,40,32,32,43,50,39,26,53,34,32,47,35,25,32,32,34,38,25,51,32,22,50,49,34,23,0,48,51,38,48,38,35,49,34,21,29,27,47,51,38,47,33,40,51,39,56,47,22,29,25,31,23,25,41,47,41,16,51,43,31,25,38,39,41,29,27,22,37,23,44,43,26,40,45,18,24,25,26,37,23,25,27,30,17,29,39,22,20,45,29,22,25,21,40,36,40,28,54,46,43,40,38,47,43,22,26,34,47,23,40,43,46,22,38,20,42,56,24,21,43,43,26,25,43,27
20,38,40,16,36,34,28,34,47,28,20,26,16,48,23,18,40,26,40,30,25,26,12,26,26,37,10,26,30,14,16,30,29,31,30,30,23,23,42,27,26,48,14,23,36,19,26,24,26,35,26,28,27,28,30,28,27,26,13,35,26,36,41,28,29,24,20,10,25,36,26,24,27,13,25,35,23,27,30,22,36,21,44,36,12,14,26,40,48,0,23,25,2,25,37,32,35,38,32,26,20,36,25,20,34,25,26,18,23,32,36,32,41,27,35,37,28,19,27,46,27,13,29,38,26,30,28,33,42,44,25,35,32,27,38,26,17,46,40,35,37,31,40,38,26,28,46,32,30,47,46,20,33,48,46,39,24,32,24,40,6,33,25,27,24,20,25,44,39,26,33,45,29,26,33,35,30,47,27,23,40,33,25,25,39,39,9,42
24,42,42,25,40,20,30,32,50,26,26,18,24,51,25,24,45,34,40,33,32,32,21,33,31,41,23,32,35,21,24,35,40,31,36,32,27,31,42,35,32,50,25,26,41,9,24,26,31,32,11,23,32,33,30,36,33,12,21,32,32,41,44,32,36,32,28,23,32,40,11,31,36,19,31,41,32,29,36,19,41,26,47,36,19,21,35,39,51,23,0,32,25,31,32,14,33,41,32,35,23,40,31,23,35,28,28,31,28,40,42,32,45,36,42,44,37,7,37,50,28,28,32,44,32,39,37,34,44,46,28,43,36,16,45,28,25,50,45,32,45,35,40,44,35,35,49,32,39,51,50,25,34,52,46,44,18,32,15,44,25,40,13,25,27,27,13,46,43,37,35,50,37,21,37,42,39,51,26,28,45,36,13,21,43,45,30,46
9,31,32,13,27,35,20,29,37,14,11,19,21,36,17,21,31,20,32,18,20,17,24,38,17,28,25,17,24,28,21,31,30,24,21,23,11,18,34,20,17,38,13,5,27,26,16,17,20,27,33,35,19,17,23,23,23,35,22,29,17,27,37,18,22,19,17,25,21,27,33,14,21,30,20,26,17,18,24,17,27,27,34,28,23,28,20,32,38,25,32,0,23,17,33,25,21,30,26,21,26,32,17,26,23,22,25,13,37,34,27,26,30,21,25,28,28,22,25,36,25,15,21,29,16,28,28,26,29,35,16,25,27,20,27,22,19,37,31,28,27,25,32,29,21,23,36,26,28,37,36,19,26,39,36,29,20,29,15,31,29,34,21,23,19,29,19,35,30,21,34,34,26,25,29,25,28,36,22,37,31,26,19,25,30,29,18,32
20,38,40,16,36,34,28,32,47,28,20,26,18,48,23,18,40,26,40,30,25,26,12,26,26,37,10,26,30,14,18,30,29,31,30,30,23,23,42,27,26,48,16,23,36,19,26,24,26,35,26,28,27,28,30,28,27,26,13,35,26,36,41,28,29,24,18,10,25,36,26,24,27,13,25,35,23,27,30,22,36,23,44,36,12,14,26,40,48,2,25,23,0,25,37,32,34,38,32,26,20,36,25,20,34,25,26,18,23,32,36,32,41,27,35,37,28,19,27,46,27,13,29,38,26,30,28,33,42,44,25,35,32,27,38,26,19,46,40,35,37,31,40,38,26,28,46,32,30,47,46,20,33,48,46,39,24,32,24,40,8,33,25,27,24,20,25,44,39,26,33,45,29,26,33,35,30,47,27,23,40,33,25,25,39,39,7,42
15,29,29,14,28,32,17,24,37,17,15,18,22,38,2,22,33,22,29,21,19,19,25,33,19,30,25,19,27,23,22,29,32,20,23,19,16,18,31,22,19,38,14,17,29,25,24,9,20,24,30,20,21,20,19,23,23,33,23,25,19,29,35,21,24,19,18,25,21,29,30,18,23,23,18,28,19,16,25,14,29,28,34,25,25,23,23,29,38,25,31,17,25,0,25,24,23,27,22,21,11,36,2,11,23,7,24,12,26,35,28,22,33,23,28,30,29,21,26,36,26,18,18,30,5,29,29,21,34,33,18,29,27,19,31,7,18,36,32,24,31,25,29,30,21,22,36,22,29,39,36,20,21,38,35,32,17,24,14,32,29,32,18,8,14,27,18,33,31,23,34,36,26,20,29,28,29,37,23,26,32,22,18,18,31,32,18,32
28,26,26,26,25,32,23,30,36,30,28,24,28,35,25,28,29,26,23,29,20,25,37,45,24,22,37,25,29,35,28,31,39,16,29,24,29,24,25,20,25,32,26,30,21,29,35,26,25,12,33,37,20,24,22,27,24,33,38,2,25,25,36,23,16,21,30,37,19,25,31,24,25,29,22,26,24,22,25,18,21,30,31,21,37,35,22,24,35,37,32,33,37,25,0,18,31,26,15,23,33,36,24,31,22,24,26,26,38,22,26,16,29,26,24,27,16,29,16,33,26,30,23,29,24,24,16,17,27,27,29,27,28,20,28,26,26,33,28,12,30,31,24,28,24,25,31,15,24,35,34,26,18,33,29,24,24,31,21,28,35,21,20,22,20,38,20,27,25,26,22,32,15,20,30,24,25,34,31,38,28,21,18,20,25,25,30,33
23,40,40,24,39,14,29,31,50,25,25,14,20,47,24,20,43,33,38,31,26,31,32,35,30,36,32,31,29,30,20,21,38,30,34,31,26,30,39,34,31,48,24,25,35,14,20,25,32,26,23,33,26,32,29,35,21,24,32,20,31,39,40,29,30,30,27,32,26,39,21,30,34,28,25,40,30,28,35,18,35,16,45,35,30,30,34,38,49,32,14,25,32,24,18,0,30,40,31,34,28,34,26,28,36,27,16,26,28,35,40,29,43,31,39,41,32,14,32,48,16,23,31,43,27,35,32,33,40,41,30,41,37,15,42,27,22,48,42,29,44,36,38,43,34,32,46,29,35,49,47,22,33,48,41,37,17,31,14,43,25,35,12,22,22,29,12,41,37,34,32,47,31,18,38,39,36,49,25,28,42,37,10,18,40,40,25,45
18,33,31,26,30,36,21,26,38,11,20,23,28,34,24,28,34,22,30,20,26,25,35,43,24,34,35,25,35,33,28,37,33,27,26,25,18,25,23,29,25,35,26,17,33,29,25,20,28,29,33,35,27,29,25,27,31,36,33,31,25,32,39,29,30,26,27,35,28,33,33,24,27,35,25,32,26,21,25,24,33,34,31,29,33,33,23,25,34,35,33,21,34,23,31,30,0,30,26,25,33,41,24,33,25,22,37,26,43,35,29,26,34,27,29,31,29,29,28,32,37,28,20,31,24,33,29,26,35,20,18,30,31,27,32,22,31,32,33,27,32,28,26,31,25,26,35,26,33,36,33,31,26,35,22,34,20,26,21,33,40,34,27,29,26,28,25,20,32,27,37,32,28,31,33,30,33,34,23,43,33,24,25,31,30,34,30,29
22,6,8,29,16,46,24,33,23,25,20,30,35,24,27,35,14,22,10,27,22,27,36,46,27,20,38,27,43,36,35,37,42,11,24,16,25,19,22,11,27,24,29,25,19,36,36,20,35,20,41,42,28,34,16,25,31,41,36,26,27,20,44,37,20,20,29,38,26,22,42,23,21,36,24,19,19,21,24,27,18,42,24,17,38,36,20,18,21,38,41,30,38,27,26,40,30,0,20,16,38,43,29,38,23,31,42,31,48,37,18,20,22,22,18,18,30,38,32,20,42,35,25,20,29,30,30,20,24,22,31,18,34,34,21,31,36,20,18,20,21,32,19,19,16,21,19,20,31,24,21,36,20,21,24,19,30,33,31,20,45,37,34,34,29,39,34,21,20,23,37,22,31,34,36,18,30,17,35,48,20,13,34,34,16,17,35,20
19,20,20,23,18,37,18,27,28,21,19,20,30,29,22,30,23,18,18,23,19,22,33,41,24,21,33,22,41,30,30,30,39,9,22,12,18,11,18,13,22,28,23,21,20,27,32,17,24,9,34,38,26,20,10,20,24,34,33,15,22,19,40,35,15,17,23,31,25,18,34,16,17,23,18,19,17,16,18,14,20,36,27,14,33,30,16,18,29,32,32,26,32,22,15,31,26,20,0,17,29,36,20,29,22,25,33,21,40,29,19,3,24,13,19,21,23,25,21,27,33,24,16,21,20,22,23,8,23,24,26,20,27,20,22,25,27,27,23,10,22,26,18,21,17,12,26,2,22,29,27,27,9,29,23,22,21,29,18,23,36,28,20,26,12,35,22,24,22,20,29,27,22,18,29,19,22,28,31,40,23,15,22,18,22,23,25,27
14,15,18,17,17,40,18,28,31,20,14,24,23,31,21,23,14,12,18,18,8,17,28,40,17,24,28,17,35,28,23,24,35,18,14,17,15,10,22,16,17,31,17,16,23,30,27,16,19,21,36,36,18,18,17,12,18,34,28,23,17,22,35,29,17,6,17,28,13,22,36,11,6,31,12,20,10,11,14,22,21,30,20,23,28,28,12,24,27,26,35,21,26,21,23,34,25,16,17,0,32,34,23,32,20,25,30,19,42,24,19,17,24,10,18,20,16,32,20,28,30,25,19,21,23,17,14,18,25,27,22,19,22,28,21,25,24,29,22,16,21,20,23,21,2,10,27,17,19,30,29,24,18,28,29,21,24,28,25,23,33,26,28,28,24,32,28,27,22,12,24,28,20,29,24,18,17,30,27,42,22,17,28,29,22,21,23,20
24,37,37,23,37,34,24,33,46,26,24,26,25,47,11,25,42,31,38,29,28,28,19,30,28,39,19,28,31,19,25,32,34,29,32,28,25,27,39,31,28,47,23,26,38,16,27,18,28,33,20,8,30,29,28,31,29,21,17,34,28,38,37,29,33,28,27,19,30,38,20,27,32,20,27,37,28,25,34,23,38,30,43,34,19,19,32,38,47,20,23,26,20,11,33,28,33,38,29,32,0,37,13,2,32,12,30,25,23,37,37,31,42,32,37,39,33,16,30,45,34,23,27,39,16,35,33,30,43,40,29,38,36,26,40,12,25,45,41,31,40,35,38,39,30,31,45,31,35,48,45,27,30,47,44,39,24,31,24,41,26,34,25,13,25,24,25,42,40,32,38,45,30,27,37,37,35,46,30,23,41,31,25,25,40,41,23,41
30,42,42,35,41,36,32,37,51,34,30,37,34,46,36,34,42,30,43,34,30,30,36,45,29,41,36,30,21,38,34,22,36,38,30,37,28,33,44,37,30,49,35,30,40,40,29,31,34,39,33,33,28,36,37,35,25,38,36,36,30,41,40,25,36,31,30,36,30,40,33,27,34,39,30,42,33,30,33,38,40,33,45,43,36,38,31,40,51,36,40,32,36,36,36,34,41,43,36,34,37,0,36,40,40,34,33,35,44,34,40,39,42,30,41,43,34,40,32,48,33,35,32,42,36,34,34,39,40,47,31,42,34,33,44,34,34,49,41,37,44,31,45,42,34,30,48,39,34,51,49,34,39,50,45,39,33,41,36,41,36,28,33,35,36,40,35,47,39,35,33,49,30,37,35,40,34,50,25,44,42,39,35,37,39,41,37,45
15,29,29,14,28,32,17,25,37,17,13,18,22,38,2,22,33,22,28,21,19,19,25,33,19,30,25,19,27,23,22,29,32,20,23,19,16,18,30,22,19,38,14,17,29,25,24,7,20,22,30,20,21,20,19,23,23,33,23,25,19,29,33,21,24,19,18,25,21,29,30,18,23,25,18,28,19,16,25,14,29,28,34,25,25,23,23,29,38,25,31,17,25,2,24,26,24,29,20,23,13,36,0,11,23,7,26,14,26,35,28,22,33,23,28,30,29,21,26,36,26,18,18,30,3,29,29,19,34,33,18,29,27,19,31,7,20,36,32,24,31,25,27,30,21,22,36,22,29,39,36,20,19,38,35,32,17,24,14,32,29,32,18,8,14,27,18,33,31,23,34,36,26,20,29,28,29,35,23,26,32,22,18,20,31,30,18,30
24,38,38,23,37,34,26,33,46,26,24,26,25,45,9,25,42,29,37,30,28,28,19,30,28,39,19,28,31,19,25,32,36,29,32,28,25,27,40,31,28,45,23,26,38,16,27,18,28,33,20,10,30,29,28,32,29,21,17,32,28,38,39,29,33,28,27,19,30,38,20,27,32,20,27,37,28,25,34,23,38,30,43,34,19,19,30,36,47,20,23,26,20,11,31,28,33,38,29,32,2,40,11,0,32,10,28,25,23,37,37,31,42,32,37,39,33,16,30,45,32,23,27,39,16,35,33,30,43,42,29,38,36,26,40,14,25,45,41,33,40,35,38,39,30,31,45,31,35,48,45,25,30,47,44,41,24,31,24,41,26,34,25,15,25,24,25,42,40,32,38,45,30,27,37,37,35,46,30,23,41,29,25,25,40,41,23,41
16,23,23,25,27,42,21,29,29,18,16,26,33,28,23,33,26,22,21,23,24,23,34,42,23,29,34,23,37,32,33,34,39,21,18,20,17,20,27,22,23,26,25,18,28,30,31,16,27,23,38,40,24,28,20,16,28,37,32,22,23,27,39,33,22,21,25,34,24,28,38,22,21,34,22,27,21,20,23,25,28,37,29,24,32,32,22,24,33,34,35,23,34,23,22,36,25,23,22,20,32,40,23,32,0,24,39,25,46,34,25,22,28,20,25,27,28,32,29,32,39,29,19,27,23,28,28,22,27,29,29,26,30,32,28,25,34,32,26,22,28,28,26,27,21,19,31,22,28,34,32,34,22,31,27,24,25,32,25,29,43,34,32,31,25,38,32,29,27,16,35,31,28,34,31,25,28,33,33,46,26,22,32,34,26,24,29,29
20,31,31,19,33,33,22,24,39,22,20,19,23,38,5,23,35,18,30,23,24,24,25,33,23,34,25,24,32,23,23,32,30,25,25,24,21,23,33,27,24,38,19,22,33,25,25,14,23,28,29,19,25,26,24,25,26,30,23,25,24,33,38,26,28,24,16,25,25,33,29,23,25,25,23,33,24,21,25,19,33,29,36,30,25,23,19,27,40,25,28,22,25,7,24,27,22,31,25,25,12,34,7,10,24,0,29,18,29,33,30,22,34,25,28,30,27,25,24,36,29,22,18,30,9,27,27,21,35,34,22,31,30,22,31,4,23,36,34,25,31,28,30,30,21,24,36,22,27,40,36,23,21,38,36,34,14,21,17,33,32,30,21,9,18,26,21,34,32,23,36,36,24,23,32,28,28,37,26,29,34,20,21,23,32,34,20,32
24,40,42,14,39,24,31,35,51,31,24,28,10,50,26,8,41,25,42,32,22,29,28,36,28,34,25,29,27,29,10,20,34,34,32,33,26,26,43,31,29,50,14,25,33,28,23,26,28,32,31,31,24,29,33,31,18,30,30,26,29,37,41,27,27,26,17,25,22,37,31,26,28,32,22,38,24,30,31,23,33,6,46,39,28,29,29,42,51,26,28,25,26,24,26,16,37,42,33,30,30,33,26,28,39,29,0,16,30,31,39,36,41,27,39,41,28,28,26,49,4,22,33,42,29,32,28,37,41,43,28,37,33,24,42,29,10,49,41,35,40,32,42,42,30,29,48,36,32,49,49,12,37,50,43,40,27,35,26,41,20,32,22,22,25,33,22,43,39,30,28,47,28,21,34,39,32,50,24,30,40,37,22,21,39,40,20,46
12,29,31,2,27,32,19,25,38,19,12,18,10,39,14,10,31,14,31,21,16,17,20,33,17,28,18,17,26,21,10,27,28,22,21,21,14,14,33,19,17,39,2,13,27,25,23,14,18,26,30,32,18,19,21,18,21,33,22,26,17,27,37,20,21,15,6,18,16,27,30,14,15,22,16,26,11,18,21,11,27,16,35,27,20,21,18,31,39,18,31,13,18,12,26,26,26,31,21,19,25,35,14,25,25,18,16,0,32,30,27,23,32,17,26,28,24,21,22,37,14,13,20,29,15,23,23,24,33,35,14,25,23,20,29,19,6,37,31,26,27,21,31,29,17,19,37,23,23,37,37,8,24,39,37,30,17,25,14,31,22,31,18,20,11,27,18,35,30,19,29,35,25,17,25,26,24,38,20,32,31,24,18,15,30,30,11,32
35,48,48,32,48,30,37,40,58,37,35,34,28,58,26,28,52,41,48,41,34,39,27,24,38,44,25,39,40,26,28,37,40,40,42,39,36,38,49,42,39,58,32,37,43,28,32,29,38,38,23,17,34,41,39,44,35,29,29,36,39,47,50,38,38,38,35,25,34,47,23,38,42,25,33,48,38,36,43,32,43,30,51,45,27,26,42,48,56,23,28,37,23,26,38,28,43,48,40,42,23,44,26,23,46,29,30,32,0,41,48,43,51,41,49,51,39,31,39,57,32,29,39,51,30,43,39,42,52,47,37,49,45,32,52,26,32,57,50,40,52,46,48,51,41,40,56,43,43,58,57,32,42,58,49,50,32,39,32,50,25,41,30,26,35,31,30,49,48,43,42,57,39,32,46,49,43,58,35,2,50,44,30,32,47,50,29,52
29,36,38,30,39,38,29,38,47,35,29,34,30,46,35,30,35,28,38,30,16,25,33,44,24,30,34,25,22,33,30,8,39,30,26,29,26,20,39,28,25,46,30,31,29,38,34,31,23,28,38,39,24,25,29,23,14,36,34,22,25,33,33,23,24,20,29,34,16,31,38,29,26,37,18,30,22,31,27,35,27,31,40,35,33,33,26,38,47,32,40,34,32,35,22,35,35,37,29,24,37,34,35,37,34,33,31,30,41,0,36,31,37,24,36,36,12,34,16,44,20,29,29,37,26,21,14,32,35,42,28,36,30,27,35,32,23,44,38,30,37,30,39,37,24,24,41,31,23,43,44,23,32,45,40,37,32,38,29,36,29,8,27,26,31,36,27,42,34,26,10,44,16,28,31,36,21,45,31,38,37,32,27,28,34,35,27,40
22,17,16,27,9,46,23,33,21,25,22,30,33,22,28,33,10,22,16,23,24,24,36,47,23,13,36,24,40,37,33,33,32,14,22,17,20,17,22,13,24,23,27,22,11,37,31,23,33,21,43,43,27,31,17,24,27,42,36,26,24,10,43,34,19,22,29,36,27,19,43,20,19,37,19,10,21,21,22,28,11,39,25,9,36,37,20,13,22,36,42,27,36,28,26,40,29,18,19,19,37,40,28,37,25,30,39,27,48,36,0,21,10,21,13,9,30,39,30,23,40,33,25,7,28,29,30,19,12,11,23,4,27,35,11,28,34,22,9,21,9,28,12,9,22,19,21,21,29,20,19,34,19,22,17,13,28,32,31,13,43,34,35,35,30,40,35,11,10,25,36,18,28,35,29,13,29,23,27,49,9,20,35,35,12,13,33,29
19,19,20,23,18,37,18,27,28,21,19,18,30,29,22,30,23,18,18,23,19,20,33,41,22,19,33,20,41,30,30,30,39,7,20,12,20,11,17,13,20,28,23,21,18,27,32,17,22,10,34,38,28,18,10,20,24,34,33,16,20,17,40,35,16,17,23,33,25,16,32,18,17,23,18,19,17,16,18,14,20,36,26,12,33,30,16,16,29,32,32,26,32,22,16,29,26,20,3,17,31,39,22,31,22,22,36,23,43,31,21,0,24,13,17,19,23,25,23,27,33,26,16,21,20,22,23,9,25,24,26,20,27,22,20,25,27,27,23,11,22,26,18,21,17,12,26,1,20,29,25,27,8,29,24,22,21,29,18,23,36,28,22,26,12,35,22,24,22,20,27,27,22,18,29,17,22,28,31,40,23,15,22,18,22,23,25,26
26,18,19,32,12,47,27,36,24,30,26,32,36,26,33,36,10,26,18,27,22,19,40,52,18,1,41,19,32,42,36,35,35,19,25,22,25,22,26,17,19,26,32,25,4,42,34,28,28,22,44,46,21,23,22,23,31,45,40,29,19,8,40,23,22,19,33,41,23,6,46,25,19,42,24,9,21,26,25,33,6,41,33,17,41,42,24,14,25,41,45,30,41,33,29,43,34,22,24,24,42,42,33,42,28,34,41,32,51,37,10,24,0,18,8,11,23,39,23,25,33,32,25,12,30,24,23,21,2,20,26,13,33,30,8,34,28,26,15,16,12,32,19,12,24,20,24,19,22,22,24,28,21,25,21,14,34,35,31,10,37,29,30,30,30,44,28,20,1,25,25,22,21,28,35,9,24,27,32,44,8,23,30,28,7,15,32,31
15,20,22,17,19,39,14,30,30,22,15,22,19,31,23,19,20,12,22,20,12,13,29,42,15,18,29,13,35,30,21,26,36,14,16,13,17,4,25,9,13,31,17,16,19,32,27,18,18,18,36,36,18,12,13,12,20,36,29,26,13,18,35,25,11,6,19,29,15,18,36,13,6,33,10,18,2,17,12,24,19,27,26,19,29,30,10,23,31,27,36,21,27,23,26,31,27,22,13,10,32,30,23,32,20,25,27,17,41,24,21,13,18,0,20,22,16,28,14,29,24,20,15,23,19,14,16,18,24,28,21,17,21,24,23,24,18,29,20,19,21,20,25,21,10,4,28,17,14,29,29,18,18,30,29,21,24,29,21,22,28,22,24,24,20,34,22,28,22,12,20,27,16,23,21,20,14,28,26,38,20,17,24,23,20,21,18,26
21,15,17,26,13,47,23,33,20,24,21,28,33,25,28,33,13,19,17,23,26,17,35,47,19,8,35,17,38,37,33,35,38,10,17,17,16,14,23,10,17,25,26,20,8,37,32,23,30,23,44,44,25,26,17,23,29,42,35,26,17,7,44,32,18,24,26,35,27,15,42,19,18,37,23,8,20,21,21,28,10,39,25,10,35,37,17,14,23,35,42,25,35,28,24,39,29,18,19,18,37,41,28,37,25,28,39,26,49,36,13,17,8,20,0,8,26,35,26,24,36,28,21,11,26,25,26,17,10,19,21,13,30,32,7,31,30,24,11,18,11,29,17,11,20,16,23,15,23,22,24,30,17,23,24,8,31,35,28,14,39,32,32,32,26,41,32,19,8,23,30,22,26,32,32,2,25,25,29,46,11,19,32,32,13,2,28,27
23,16,16,28,4,49,23,33,23,26,23,30,35,25,30,35,11,21,16,25,22,19,37,49,21,11,37,18,37,39,35,37,32,14,21,19,22,18,24,14,19,25,28,23,7,39,35,25,31,23,46,46,27,27,19,25,31,44,37,29,19,11,42,31,21,20,28,37,27,18,44,21,20,39,25,5,22,23,23,30,9,41,29,11,37,39,19,13,25,37,44,28,37,30,27,41,31,18,21,20,39,43,30,39,27,30,41,28,51,36,9,19,11,22,8,0,26,37,28,25,38,30,23,6,28,27,26,19,11,16,27,10,32,34,2,33,32,25,7,20,7,31,17,7,20,18,24,17,25,22,22,32,19,21,22,8,33,36,30,11,41,34,34,34,28,43,34,16,6,25,32,22,28,34,34,8,27,26,33,48,9,21,34,34,10,8,30,31
23,29,32,24,31,38,23,32,41,29,23,27,25,40,29,25,29,22,32,24,8,21,30,40,20,22,30,21,25,30,25,16,35,24,22,23,22,16,33,22,21,40,24,25,23,35,27,25,18,22,34,35,20,19,23,17,8,34,31,16,21,27,34,19,18,12,23,30,12,27,34,23,20,33,12,26,16,25,21,29,21,28,34,29,30,30,20,32,41,28,37,28,28,29,16,32,29,30,23,16,33,34,29,33,28,27,28,24,39,12,30,23,23,16,26,26,0,31,8,38,18,23,23,31,20,16,2,26,30,36,24,30,24,22,31,26,18,38,32,24,31,24,33,31,16,18,37,25,18,39,38,18,26,37,34,31,26,32,23,28,27,14,22,21,25,33,22,36,28,19,12,37,8,23,26,32,16,39,26,36,31,26,22,23,28,31,21,34
20,38,38,21,36,22,26,30,46,22,22,14,23,47,21,23,41,31,36,29,29,28,18,29,28,39,19,28,30,18,23,34,35,27,32,28,23,27,38,31,28,46,21,22,38,4,23,22,28,29,14,24,29,30,26,32,31,19,18,29,28,37,40,28,33,28,25,19,29,38,14,27,32,15,28,37,28,25,33,15,38,28,43,32,16,18,30,36,47,19,7,22,19,21,29,14,29,38,25,32,16,40,21,16,32,25,28,21,31,34,39,25,39,28,35,37,31,0,35,45,28,22,27,39,26,36,35,29,41,42,23,38,34,14,40,25,23,45,41,29,40,33,36,39,30,31,44,27,36,47,45,23,29,47,43,40,15,29,10,41,25,38,11,23,21,25,11,42,40,32,33,45,35,19,35,37,36,46,24,28,41,31,11,19,40,41,24,41
21,30,32,22,29,36,24,31,41,28,21,27,21,38,26,21,31,15,32,24,10,22,29,42,21,24,29,22,23,30,23,12,34,24,24,23,23,16,33,21,22,40,22,22,23,35,26,24,18,22,34,33,21,17,23,21,4,38,28,16,22,27,34,20,17,14,21,29,18,27,34,22,18,33,12,28,14,26,21,29,23,26,36,29,29,30,19,32,41,27,37,25,27,26,16,32,28,32,21,20,30,32,26,30,29,24,26,22,39,16,30,23,23,14,26,28,8,35,0,39,16,21,24,32,23,18,8,26,29,33,26,27,24,20,32,27,14,39,31,27,30,22,32,32,16,20,38,25,18,39,38,14,26,39,33,28,27,32,24,31,24,10,20,21,26,36,22,33,27,21,14,37,6,23,26,29,18,40,26,36,30,28,22,23,29,30,21,33
32,20,20,37,26,55,31,36,20,32,32,40,42,2,36,42,24,30,17,32,32,33,46,55,33,26,46,33,44,45,44,44,42,20,30,24,31,27,25,21,33,6,37,31,25,45,39,31,39,28,52,52,34,38,24,33,37,50,46,33,33,25,40,39,29,30,37,46,35,26,52,29,31,45,32,25,29,27,32,36,25,49,27,22,46,45,28,21,16,46,50,36,46,36,33,48,32,20,27,28,45,48,36,45,32,36,49,37,57,44,23,27,25,29,24,25,38,45,39,0,50,43,31,24,38,39,40,29,28,21,37,24,41,44,26,40,45,8,23,30,26,39,23,24,31,29,13,29,39,23,22,45,29,20,25,23,40,37,40,24,54,44,44,44,38,47,44,21,27,29,46,20,38,44,43,24,39,12,39,58,22,25,44,44,25,22,43,29
24,40,42,14,39,24,31,35,51,31,24,28,8,50,26,10,41,25,42,32,22,29,29,37,28,34,27,29,27,30,6,20,34,34,32,33,26,26,43,31,29,50,12,25,33,28,23,26,28,32,33,33,24,29,33,31,18,30,31,26,29,37,41,27,27,26,17,27,22,37,33,26,28,33,22,38,24,30,31,23,33,2,46,39,29,30,29,42,51,27,28,25,27,26,26,16,37,42,33,30,34,33,26,32,39,29,4,14,32,20,40,33,33,24,36,38,18,28,16,50,0,22,33,42,29,32,28,37,41,43,28,37,33,24,42,29,12,49,41,35,40,32,42,42,30,29,48,36,32,49,49,12,37,50,43,40,27,35,26,41,18,32,22,22,23,33,22,43,39,30,28,47,28,21,34,39,32,50,24,30,40,37,22,21,39,40,20,46
11,33,35,13,31,29,23,29,42,21,11,19,16,42,18,16,35,23,35,23,22,21,13,29,21,32,15,21,26,19,16,28,27,26,25,25,14,20,37,20,21,43,13,15,31,22,20,19,21,30,26,30,22,23,25,25,22,31,13,30,21,31,39,21,22,21,17,13,22,31,26,17,24,21,22,30,20,22,27,18,31,22,39,31,13,19,23,35,43,13,28,15,13,18,30,23,28,35,24,25,23,35,18,23,29,22,22,13,29,29,33,26,32,20,28,30,23,22,21,43,22,0,24,33,21,27,23,28,36,39,20,30,29,22,32,21,18,41,35,30,32,28,35,33,23,25,41,28,27,42,41,19,28,43,41,34,17,27,17,35,17,30,20,24,20,19,20,39,34,25,28,40,24,24,32,30,25,41,24,26,35,28,20,23,34,34,6,37
13,25,24,20,23,35,6,23,31,10,13,20,27,31,18,27,28,18,25,20,18,9,29,37,9,25,29,9,32,27,27,29,32,16,13,11,13,14,25,18,9,31,20,13,24,27,28,11,21,20,34,34,15,16,11,19,23,32,29,23,9,24,36,26,20,15,20,29,21,24,34,10,17,29,17,23,13,2,21,20,24,33,27,20,29,27,19,23,31,29,32,21,29,18,23,31,20,25,16,19,27,32,18,27,19,18,33,20,39,29,25,16,25,15,21,23,23,27,24,31,33,24,0,25,16,27,25,18,29,27,21,24,23,22,26,21,24,30,27,20,26,21,23,25,17,18,28,18,27,31,30,24,18,32,29,26,21,25,18,27,33,32,22,22,18,29,22,27,26,14,34,30,26,24,27,22,25,31,26,36,27,16,22,24,26,26,22,25
24,19,16,29,4,49,19,34,21,26,24,32,36,24,30,36,12,22,18,22,25,22,38,49,24,12,38,21,38,39,36,36,34,16,24,19,23,19,23,15,22,25,29,24,10,39,34,25,30,22,46,46,28,26,19,26,30,44,38,29,22,8,41,32,22,23,29,38,28,17,46,22,21,39,22,7,23,23,24,30,10,42,28,11,38,39,20,15,25,38,44,29,38,30,29,43,31,20,21,21,39,42,30,39,27,30,42,29,51,37,7,21,12,23,11,6,31,39,32,24,42,33,25,0,28,32,32,19,15,14,28,8,31,34,7,33,33,22,6,20,4,29,15,8,19,17,25,19,30,21,19,33,19,20,20,13,33,33,30,16,42,33,34,34,28,40,34,14,15,26,36,17,27,34,33,13,32,23,32,48,6,21,34,34,9,9,31,28
15,29,29,15,28,33,17,25,37,17,13,19,23,38,5,23,33,22,28,20,18,19,26,34,19,30,26,19,26,24,23,28,33,20,23,19,16,18,30,22,19,38,15,17,29,26,23,7,20,22,31,23,21,19,19,23,22,34,25,25,19,29,32,20,24,19,19,26,21,29,31,18,23,26,17,28,19,16,25,15,29,29,34,25,26,24,23,29,38,26,32,16,26,5,24,27,24,29,20,23,16,36,3,16,23,9,29,15,30,26,28,20,30,19,26,28,20,26,23,38,29,21,16,28,0,29,29,19,34,33,18,29,27,18,31,10,21,36,32,24,31,25,27,30,21,22,36,22,29,39,36,21,19,38,35,32,18,24,15,32,30,30,19,11,15,28,19,33,31,23,34,36,24,21,29,28,29,35,23,27,32,22,19,21,31,30,19,30
24,29,31,23,31,41,23,29,39,30,24,24,24,39,29,24,26,19,31,27,13,20,30,42,20,26,32,20,23,32,26,23,35,23,23,22,24,15,33,21,20,39,23,26,26,36,29,24,4,25,38,38,19,18,22,17,17,35,33,23,20,26,35,20,21,13,23,32,15,26,38,20,18,35,15,24,14,22,20,29,24,32,32,28,32,32,19,31,39,30,39,28,30,29,24,35,33,30,22,17,35,34,29,35,28,27,32,23,43,21,29,22,24,14,25,27,16,36,18,39,32,27,27,32,29,0,16,25,25,35,21,33,24,25,29,23,21,39,31,26,30,23,33,30,19,19,38,24,2,38,39,21,25,40,37,32,23,30,20,31,30,23,25,24,22,31,24,33,30,18,19,38,17,25,26,32,4,40,27,38,28,31,25,25,31,34,21,35
23,29,32,23,31,36,24,32,41,29,23,27,25,40,29,25,29,22,32,24,8,22,30,40,21,22,29,22,25,30,25,16,35,24,24,23,24,16,33,22,22,40,23,25,23,35,27,25,18,22,34,35,21,19,23,18,8,34,31,16,22,27,34,20,18,12,22,29,14,27,34,23,20,33,12,26,16,25,21,28,21,28,34,29,30,30,20,32,41,28,37,28,28,29,16,32,29,30,23,14,33,34,29,33,28,27,28,23,39,14,30,23,23,16,26,26,2,35,8,40,28,23,25,32,29,16,0,26,30,36,25,30,24,22,31,27,18,38,32,24,31,24,33,31,16,18,37,25,18,39,38,18,26,37,34,31,27,32,24,28,27,14,22,21,26,34,22,36,28,20,12,37,8,23,26,32,16,39,26,36,31,26,22,23,28,31,22,34
19,20,20,24,19,39,18,29,28,21,17,22,31,29,21,31,24,19,19,23,20,22,33,41,24,21,33,22,39,31,31,31,38,7,22,10,20,12,19,13,22,29,24,21,20,29,32,15,25,9,36,37,28,21,12,21,25,31,33,17,22,20,40,33,15,18,24,33,26,20,36,15,18,29,19,19,18,14,19,20,20,37,27,16,33,31,17,20,29,33,34,26,33,21,17,33,26,20,8,18,30,39,19,30,22,21,37,24,42,32,19,9,21,18,17,19,26,29,26,29,37,28,18,19,19,25,26,0,25,24,26,20,28,24,22,24,28,25,23,11,22,27,18,21,18,13,25,8,23,30,26,28,1,28,26,23,23,31,20,21,37,29,24,25,18,35,24,24,22,21,30,27,23,24,30,17,23,24,31,39,23,17,24,24,20,21,26,27
25,20,21,33,14,48,27,37,26,29,27,35,37,28,34,37,12,27,20,28,21,19,41,53,18,3,42,19,29,43,37,34,36,21,24,21,26,23,27,19,19,28,33,24,6,41,35,29,23,23,47,47,22,23,21,26,29,44,41,27,19,10,41,22,22,18,34,42,22,7,47,26,24,43,25,11,24,27,26,32,8,41,34,19,42,43,25,16,27,42,44,29,42,34,27,40,35,24,23,25,43,40,34,43,27,35,41,33,52,35,12,25,2,24,10,11,30,41,29,28,41,36,29,15,34,25,30,25,0,22,25,15,34,30,10,34,28,28,17,16,14,32,21,14,24,20,26,20,22,24,26,28,22,27,22,16,34,36,31,11,37,29,30,30,31,44,28,22,3,26,25,24,22,28,36,11,24,29,32,44,12,23,30,28,9,17,32,31
30,21,19,35,14,47,23,33,25,28,30,35,37,21,33,37,18,29,19,31,30,30,44,51,29,20,44,30,42,42,37,38,40,19,30,21,29,24,15,20,30,22,35,30,18,42,36,28,35,24,44,42,33,33,21,31,32,46,44,25,30,16,42,36,23,28,36,44,33,22,44,28,27,42,26,16,28,25,28,33,18,43,29,11,44,42,27,13,22,44,46,35,44,33,27,41,20,22,24,27,40,47,33,42,29,34,43,35,47,42,11,24,20,28,19,16,36,42,33,21,43,39,27,14,33,35,36,24,22,0,29,12,34,38,17,29,40,21,16,24,17,35,10,16,28,26,24,24,35,23,20,40,22,23,6,19,31,33,34,22,49,41,38,38,33,39,38,2,19,30,42,20,35,38,36,19,35,23,34,52,16,22,38,38,19,19,39,32
15,29,30,14,28,36,22,20,32,18,17,20,22,37,18,22,27,17,30,19,21,18,25,37,17,26,25,18,26,27,22,32,26,26,19,25,12,18,33,24,18,37,14,14,27,23,23,19,20,28,32,34,18,23,25,24,26,31,27,29,18,27,34,20,25,21,18,25,19,25,32,19,22,29,21,25,21,21,20,16,27,28,31,29,25,27,18,26,37,25,28,16,25,18,29,30,18,31,26,22,29,31,18,29,29,22,28,14,37,28,23,26,26,21,21,27,24,23,26,37,28,20,21,28,18,21,25,26,25,29,0,26,25,25,25,18,22,34,29,26,27,22,30,25,20,22,35,25,26,36,34,22,25,37,31,28,17,21,18,28,31,32,24,26,21,29,22,32,27,22,29,34,26,26,27,22,26,35,8,38,29,25,22,26,27,26,21,29
21,17,18,25,9,47,24,34,21,26,21,31,31,24,29,31,10,20,17,25,24,24,35,48,23,13,35,24,40,38,31,35,32,15,22,18,20,17,23,12,24,24,25,20,11,38,33,24,33,22,42,44,27,31,18,23,29,43,35,27,24,10,45,34,18,22,27,35,27,21,44,18,15,38,23,10,17,22,22,29,11,37,27,10,35,38,19,14,23,35,43,25,35,29,27,41,30,18,20,19,38,42,29,38,26,31,37,25,49,36,4,20,13,17,13,10,30,38,27,24,37,30,24,8,29,33,30,20,15,12,26,0,27,36,11,29,32,24,9,22,9,28,13,9,22,21,24,22,29,20,19,32,20,22,18,13,27,35,32,15,42,36,36,36,31,41,36,12,10,25,36,18,30,36,29,13,29,23,29,50,9,21,36,36,12,13,32,30
22,32,34,23,31,43,28,34,42,28,22,32,23,43,27,23,34,22,34,30,21,26,34,46,25,32,34,26,30,34,25,30,38,28,27,25,23,20,36,26,26,41,23,24,32,34,29,24,24,31,40,40,26,21,25,24,24,36,34,30,25,32,39,27,27,21,26,34,23,31,40,22,20,37,21,31,19,22,19,28,32,33,38,33,34,34,18,30,44,32,36,27,32,27,28,37,31,34,27,22,36,34,27,36,30,30,33,23,45,30,27,27,33,21,30,32,24,34,24,41,33,29,23,31,27,24,24,28,34,34,25,27,0,27,31,26,29,41,31,30,30,19,34,30,20,22,40,26,21,39,40,29,27,41,39,31,23,33,24,31,38,31,28,31,30,35,26,37,30,22,29,41,25,32,6,31,25,42,20,44,32,31,26,32,30,31,29,36
19,34,34,20,33,21,23,26,42,21,19,15,16,44,19,16,38,27,30,25,20,25,26,35,24,30,27,25,27,25,16,24,33,24,28,25,18,24,33,28,25,43,20,21,29,16,15,19,24,20,20,28,20,26,23,30,19,25,26,20,25,33,37,24,24,24,23,27,20,33,20,22,28,23,19,34,24,22,29,16,29,24,39,29,25,25,28,32,43,27,16,20,27,19,20,15,27,34,20,28,26,33,19,26,32,22,24,20,32,27,35,22,30,24,32,34,22,14,20,44,24,22,22,34,18,25,22,24,30,38,25,36,27,0,38,22,16,43,36,22,38,28,32,37,25,26,41,25,30,41,42,16,27,43,37,35,14,25,13,34,25,34,3,15,18,26,7,33,34,29,32,43,29,12,30,35,31,44,18,28,36,30,7,12,33,36,21,36
23,18,19,29,7,50,24,35,24,27,23,31,36,26,31,36,8,22,19,24,25,18,37,50,20,9,38,17,36,40,36,38,33,15,24,20,23,19,24,14,18,26,29,22,8,40,36,26,27,23,47,47,26,23,20,26,32,45,37,30,19,2,43,30,21,23,29,38,26,17,45,22,21,40,26,4,23,24,24,31,10,42,30,11,38,40,20,13,26,38,45,27,38,31,28,42,32,21,22,21,40,44,31,40,28,31,42,29,52,35,11,20,8,23,7,2,31,40,32,26,42,32,26,7,31,29,31,22,10,17,25,11,31,38,0,34,33,26,5,20,7,31,17,5,23,19,23,17,25,22,23,33,20,24,23,7,33,36,30,12,42,35,34,35,28,44,34,17,5,26,31,23,29,34,34,7,27,27,34,49,6,22,34,34,11,7,31,32
20,30,30,19,33,33,20,24,38,22,20,19,23,40,7,23,35,20,31,22,24,24,26,34,23,34,26,24,32,24,23,32,32,25,25,24,21,23,32,27,24,40,19,22,33,25,25,14,23,28,29,17,25,26,24,24,26,30,24,27,24,33,36,26,28,24,16,26,25,33,29,23,25,26,23,33,24,21,25,19,33,29,36,30,26,24,21,27,40,26,28,22,26,7,26,27,22,31,25,25,12,34,7,14,25,4,29,19,26,32,28,25,34,24,31,33,26,25,27,40,29,21,21,33,10,23,27,24,34,29,18,29,26,22,34,0,23,36,34,23,31,28,30,30,21,24,36,22,28,40,36,23,21,38,36,32,14,21,17,33,32,31,21,11,18,26,21,34,32,23,36,36,25,23,32,28,28,37,26,29,34,22,21,23,32,34,20,32
18,34,36,8,33,28,25,29,45,25,18,22,4,45,20,2,36,19,36,26,16,23,21,34,22,28,19,23,25,22,4,21,29,28,26,27,20,20,37,25,23,45,8,19,27,23,17,20,21,26,27,29,18,23,27,26,18,27,23,26,23,31,38,22,21,20,11,19,16,31,27,20,22,25,16,32,18,24,25,17,27,12,40,33,21,22,23,36,45,17,25,19,19,18,26,22,31,36,27,24,25,34,20,25,34,23,10,6,32,23,34,27,28,18,30,32,18,23,14,45,12,18,24,33,21,21,18,28,28,40,22,32,29,16,33,23,0,44,35,28,34,24,36,36,23,23,43,30,26,44,44,4,31,45,39,34,21,28,20,35,18,31,14,16,19,28,14,37,32,25,28,42,26,13,26,33,27,45,16,28,35,32,14,11,32,34,14,39
32,20,20,37,26,53,32,37,20,32,32,40,44,6,36,44,24,30,17,33,33,35,46,55,35,27,46,35,45,45,44,44,44,20,32,24,30,27,25,21,35,14,37,32,26,45,40,31,39,26,52,52,36,39,24,32,37,50,46,33,35,25,42,40,27,31,37,46,36,27,52,30,31,45,32,25,29,28,32,36,26,49,27,22,46,45,28,22,18,46,50,37,46,36,33,48,32,20,27,29,45,49,36,45,32,36,49,37,57,44,22,27,26,29,24,25,38,45,39,8,49,41,30,22,36,39,38,25,28,21,34,24,41,43,26,36,44,0,23,30,25,38,20,25,31,29,18,28,39,19,20,45,29,22,25,24,39,37,39,22,54,42,44,44,37,46,44,21,25,29,46,17,38,44,44,22,39,8,38,58,24,25,44,44,24,24,43,29
26,18,17,31,2,48,21,36,20,28,26,31,35,23,32,35,11,26,15,25,24,22,40,51,24,10,40,22,37,41,35,35,37,18,25,21,25,21,25,17,22,24,31,26,7,41,33,27,31,21,43,45,27,25,21,23,27,45,40,28,21,5,40,27,21,18,33,40,27,12,45,24,18,41,23,6,20,25,26,32,7,41,28,15,40,41,24,17,24,40,45,31,40,32,28,42,33,18,23,22,41,41,32,41,26,34,41,31,50,38,9,23,15,20,11,7,32,41,31,23,41,35,27,6,32,31,32,23,17,16,29,9,31,36,5,34,35,23,0,19,7,31,15,1,18,14,24,18,27,21,22,32,19,23,19,12,30,36,29,15,41,32,33,33,27,43,33,14,13,24,34,20,26,33,32,13,29,26,29,47,1,20,33,33,5,14,31,25
21,20,20,26,19,35,17,28,30,23,21,24,28,30,24,28,24,21,17,25,16,20,35,43,19,16,35,20,33,33,28,32,36,10,22,18,22,18,19,14,20,29,26,23,15,29,29,19,26,6,31,35,20,22,16,23,26,32,35,10,20,19,37,25,10,16,27,35,19,19,31,18,20,27,19,20,17,16,21,18,15,35,23,15,35,33,16,18,25,35,32,28,35,24,12,29,27,20,10,16,31,37,24,33,22,25,35,26,40,30,21,11,16,19,18,20,24,29,27,30,35,30,20,20,24,26,24,11,16,24,26,22,30,22,20,23,28,30,19,0,24,28,18,22,20,15,26,9,22,29,29,24,12,30,23,20,22,29,19,20,33,25,18,18,18,36,18,21,20,22,26,29,19,18,31,20,22,29,30,34,22,15,18,18,17,21,28,29
23,19,17,27,8,50,20,35,23,27,23,33,34,26,31,34,12,20,19,24,25,22,37,50,24,11,37,22,38,40,34,38,36,17,24,20,23,19,24,14,22,26,27,22,10,40,36,26,30,23,47,47,28,24,20,26,32,45,37,30,21,8,43,32,21,23,27,37,28,17,47,20,19,40,24,6,21,24,24,31,10,40,30,12,37,40,19,16,26,37,45,27,37,31,30,44,32,21,22,21,40,44,31,40,28,31,40,27,52,37,9,22,12,21,11,7,31,40,30,26,40,32,26,4,31,30,31,22,14,17,27,9,30,38,7,31,34,25,7,24,0,30,15,6,17,19,25,20,32,21,19,31,20,18,20,15,34,33,31,18,41,35,35,35,29,40,35,14,15,25,38,16,29,35,33,13,30,23,34,49,8,22,35,35,12,11,30,26
20,30,32,21,29,42,27,29,40,26,20,30,24,39,25,24,32,17,32,28,18,25,33,45,24,31,33,25,32,33,24,28,35,27,23,26,21,19,34,25,25,39,21,22,31,33,28,22,23,30,41,41,25,16,26,22,22,37,33,31,24,31,41,26,26,18,24,33,22,30,41,23,20,36,20,30,20,25,12,26,31,32,34,32,33,33,19,31,37,31,35,25,31,25,31,36,28,32,26,20,35,31,25,35,28,28,32,21,46,30,28,26,32,20,29,31,24,33,22,39,32,28,21,29,25,23,24,27,32,35,22,28,19,28,31,28,24,38,31,28,30,0,31,26,18,18,38,24,18,39,38,28,25,40,34,31,27,33,28,28,37,29,31,32,30,32,31,34,29,20,29,38,23,33,21,27,18,39,30,46,32,25,31,33,30,31,26,34
26,19,19,31,15,44,23,27,23,25,24,29,36,23,29,36,19,25,14,29,27,28,40,48,27,19,40,28,41,38,36,37,39,15,25,16,26,21,19,17,28,22,31,27,17,36,36,22,33,19,41,43,31,29,14,28,31,42,40,24,28,17,44,35,20,25,32,40,30,19,41,25,23,36,25,17,25,21,25,27,17,42,27,10,40,38,23,5,23,40,40,32,40,29,24,38,26,19,18,23,38,45,27,38,26,30,42,31,48,39,12,18,19,25,17,17,33,36,32,23,42,35,23,15,27,33,33,18,21,10,30,13,34,32,17,30,36,20,15,18,15,31,0,15,25,23,20,19,32,17,21,37,19,24,18,16,26,27,29,21,46,38,33,35,28,35,33,12,15,28,39,21,32,33,31,17,32,23,32,49,18,18,33,33,19,17,36,29
24,19,18,29,2,49,21,34,20,26,24,32,36,24,30,36,10,22,18,22,25,22,38,49,24,9,38,22,38,39,36,36,36,16,24,19,23,19,24,15,22,25,29,24,10,39,34,25,30,22,44,46,28,24,19,25,30,44,38,28,21,6,41,32,22,23,29,38,28,19,46,22,19,39,24,6,21,23,24,30,10,42,28,12,38,39,20,14,25,38,44,29,38,30,28,43,31,19,21,21,39,42,30,39,27,30,42,29,51,37,9,21,12,21,11,7,31,39,32,24,42,33,25,8,30,30,31,21,14,16,25,9,30,37,5,30,36,25,1,22,6,26,15,0,17,17,25,18,29,22,23,33,19,24,20,11,30,37,29,16,42,33,33,34,27,43,33,14,12,25,35,23,27,33,31,13,31,27,32,48,2,21,33,33,6,13,31,28
14,15,18,17,17,40,18,28,31,20,14,24,23,31,21,23,14,12,18,18,6,17,28,38,17,24,28,17,35,28,23,22,35,18,14,17,15,10,24,16,17,31,17,16,23,30,27,16,19,22,36,36,18,18,17,12,16,34,28,24,17,22,35,29,18,4,17,28,11,22,36,11,6,31,12,20,10,13,14,22,21,28,20,23,28,28,12,24,27,26,35,21,26,21,24,34,25,16,17,2,30,34,21,30,21,21,30,17,41,24,22,17,24,10,20,20,16,30,16,31,30,23,17,19,21,19,16,18,24,28,20,22,20,25,23,21,23,31,18,20,17,18,25,17,0,10,27,17,19,30,29,24,18,28,29,21,24,28,25,23,31,24,28,28,24,32,28,27,22,12,24,28,18,29,24,18,17,30,27,42,22,17,28,29,22,21,23,20
16,20,21,19,17,38,13,29,30,21,16,21,21,29,22,21,22,14,21,18,12,13,30,41,15,20,30,13,35,29,23,24,36,13,16,12,17,4,24,10,13,30,19,18,17,31,25,17,19,17,35,35,18,14,12,13,18,35,30,25,13,16,33,25,12,6,21,30,15,16,35,15,10,32,6,18,6,16,12,23,17,29,24,18,30,29,11,22,30,28,35,23,28,22,25,32,26,21,12,10,31,30,22,31,19,24,29,19,40,24,19,12,20,4,16,18,18,31,20,29,29,25,18,17,22,19,18,13,20,26,22,21,22,26,19,24,23,29,14,15,19,18,23,17,10,0,27,16,15,30,28,20,17,27,28,21,23,28,20,20,29,20,23,23,19,33,23,27,22,13,22,27,14,24,21,20,15,28,22,37,20,16,23,24,20,21,19,24
32,19,18,37,25,53,29,35,18,31,32,38,43,15,36,43,23,30,16,32,31,32,46,55,32,25,46,32,43,45,43,44,42,20,29,23,31,27,26,21,32,7,37,31,24,44,39,31,38,26,50,51,33,37,22,32,35,50,46,31,32,24,40,38,27,29,37,46,34,25,50,29,30,44,32,24,28,26,32,35,24,48,26,20,46,45,28,20,17,46,49,36,46,36,31,46,35,19,26,27,45,48,36,45,31,36,48,37,56,41,21,26,24,28,23,24,37,44,38,13,48,41,28,25,36,38,37,25,26,24,35,24,40,41,23,36,43,18,24,26,25,38,20,25,27,27,0,27,38,16,20,44,28,19,27,20,38,33,38,23,53,44,42,43,36,44,42,24,26,28,45,24,38,42,42,23,38,19,39,57,21,23,42,42,25,21,42,28
19,19,20,23,18,37,18,27,28,21,19,18,30,29,22,30,23,18,18,23,19,20,33,41,22,19,33,20,41,30,30,30,39,7,20,12,20,11,18,13,20,28,23,21,18,27,32,17,22,9,34,38,28,18,10,20,24,34,33,15,20,17,40,35,15,17,23,33,25,16,32,18,17,23,18,19,17,16,18,14,20,36,27,12,33,30,16,16,29,32,32,26,32,22,15,29,26,20,2,17,31,39,22,31,22,22,36,23,43,31,21,1,19,17,15,17,25,27,25,29,36,28,18,19,22,24,25,8,20,24,25,22,26,25,17,22,30,28,18,9,20,24,19,18,17,16,27,0,20,29,25,27,9,29,24,22,21,29,18,23,36,28,22,26,12,35,22,24,22,20,27,27,22,18,29,17,22,28,31,40,23,15,22,18,22,23,25,27
24,28,31,23,29,41,23,29,39,30,24,24,24,39,29,24,28,19,31,27,15,18,30,42,18,24,32,18,21,32,26,23,33,21,21,22,24,15,33,21,18,39,23,26,24,36,29,24,2,25,38,38,17,16,22,18,17,35,33,23,18,24,35,18,21,15,23,32,17,24,38,20,18,35,15,26,14,22,20,29,26,32,34,26,32,32,19,29,39,30,39,28,30,29,24,35,33,31,22,19,35,34,29,35,28,27,32,23,43,23,29,20,22,14,23,25,18,36,18,39,32,27,27,30,29,2,18,23,22,35,26,29,21,30,25,28,26,39,27,22,32,18,32,29,19,15,38,20,0,38,39,21,25,40,37,32,23,30,20,31,30,23,25,24,22,33,24,35,30,18,17,38,17,25,26,30,6,40,27,38,28,31,25,25,31,34,21,35
33,24,23,37,22,54,28,38,13,32,33,41,44,24,39,44,20,31,23,35,34,34,47,58,34,23,47,34,45,48,44,46,44,25,32,26,32,28,28,24,34,21,37,32,22,47,42,34,38,29,51,53,36,39,25,33,37,52,47,35,34,21,43,39,30,32,38,47,36,26,52,30,31,47,34,21,29,29,33,38,22,49,29,21,47,48,30,17,22,47,51,37,47,39,35,49,36,24,29,30,48,51,39,48,34,40,49,37,58,43,20,29,22,29,22,22,39,47,39,23,49,42,31,21,39,38,39,30,24,23,36,20,39,41,22,40,44,19,21,29,21,39,17,22,30,30,16,29,38,0,19,45,29,21,25,21,40,36,40,22,54,44,43,45,38,46,44,21,23,32,45,23,40,44,42,23,38,24,43,59,20,25,45,44,24,20,43,30
32,23,22,37,23,55,31,39,8,30,32,40,44,23,36,44,21,30,21,33,33,35,46,55,35,25,46,35,45,45,44,44,44,19,32,23,30,27,27,23,35,21,37,31,23,45,43,31,39,26,52,52,36,39,24,33,38,49,46,34,35,22,44,40,30,31,37,46,36,27,52,29,31,45,33,22,29,28,32,36,23,49,25,19,46,45,28,21,20,46,50,36,46,36,34,47,33,21,27,29,45,49,36,45,32,36,49,37,57,44,19,25,24,29,24,22,38,45,38,22,49,41,30,19,36,39,38,26,26,20,34,19,40,42,23,36,44,20,22,29,19,38,21,23,29,28,20,25,39,19,0,45,29,8,25,23,39,40,40,24,54,45,43,44,38,48,44,24,25,29,46,12,39,44,44,23,39,17,42,58,21,26,44,44,23,23,43,27
18,34,36,8,33,28,25,29,45,25,18,22,2,45,20,4,36,19,36,26,16,23,22,35,22,28,20,23,25,23,2,21,27,28,26,27,20,20,35,25,23,45,6,19,27,23,17,20,21,24,27,27,18,23,27,26,18,27,24,26,23,31,38,22,21,20,11,20,16,31,27,20,22,26,16,32,18,24,25,17,27,12,40,33,22,23,23,36,45,20,25,19,20,20,26,22,31,36,27,24,27,34,20,25,34,23,12,8,32,23,34,27,28,18,30,32,18,23,14,45,12,19,24,33,21,21,18,28,28,40,22,32,29,16,33,23,4,45,32,24,31,28,37,33,24,20,44,27,21,45,45,0,31,45,39,34,21,28,20,35,16,31,14,16,19,28,14,37,32,25,28,40,26,13,26,33,27,44,16,28,35,32,14,13,32,34,14,39
19,20,20,24,19,39,18,29,28,21,17,22,31,29,21,31,24,19,19,23,20,22,33,41,24,21,33,22,39,31,31,31,37,7,22,10,20,12,18,13,22,29,24,21,20,29,32,15,25,10,36,37,28,21,12,21,25,31,33,18,22,20,40,33,16,18,24,33,26,20,36,15,18,29,19,19,18,14,19,20,20,37,26,16,33,31,17,20,29,33,34,26,33,21,18,33,26,20,9,18,30,39,19,30,22,21,37,24,42,32,19,8,21,18,17,19,26,29,26,29,37,28,18,19,19,25,26,1,22,22,25,20,27,27,20,21,31,29,19,12,20,25,19,19,18,17,28,9,25,29,29,31,0,28,26,23,23,31,20,21,37,29,24,25,18,35,24,24,22,21,30,27,23,24,30,17,23,24,31,39,23,17,24,24,20,21,26,26
34,24,23,39,24,56,32,40,12,32,34,41,45,22,38,45,20,32,21,34,32,34,48,57,34,26,48,34,46,47,45,45,45,23,31,25,33,29,29,25,34,20,39,34,22,47,44,33,40,29,53,53,35,40,26,33,39,51,48,33,34,23,45,41,31,30,39,48,35,28,53,31,32,47,32,21,30,30,34,38,20,50,24,20,48,47,30,22,22,48,52,39,48,38,33,48,35,21,29,28,47,50,38,47,31,38,50,39,58,45,22,29,25,30,23,21,37,47,39,20,50,43,32,20,38,40,37,28,27,23,37,22,41,43,24,38,45,22,23,30,18,40,24,24,28,27,19,29,40,21,8,45,28,0,27,22,40,41,41,26,53,46,43,44,39,47,44,22,26,29,47,13,40,44,44,22,38,21,39,58,23,26,44,44,23,18,42,24
31,23,21,37,20,47,25,32,25,29,32,37,38,25,35,38,23,31,19,32,29,32,46,54,31,21,46,32,40,44,39,38,40,22,31,20,31,27,15,24,32,26,37,31,20,43,38,30,37,21,46,44,32,34,20,30,32,46,46,27,32,21,42,33,27,28,38,46,32,21,46,30,30,42,28,22,29,27,28,32,20,43,33,17,46,44,29,19,25,46,46,36,46,35,29,41,22,24,23,29,44,45,35,44,27,36,43,37,49,40,17,24,21,29,24,22,34,43,33,25,43,41,29,20,35,37,34,26,22,6,31,18,39,37,23,36,39,25,19,23,20,34,18,20,29,28,27,24,37,25,25,39,26,27,0,23,33,35,36,22,49,40,36,38,33,40,38,14,21,32,41,24,34,38,38,24,36,25,30,52,21,23,38,38,20,23,41,34
25,16,18,30,11,47,22,35,21,29,25,28,34,23,32,34,12,25,16,27,23,18,39,51,20,8,39,18,38,41,34,34,37,18,21,21,24,20,26,16,18,21,30,24,8,40,33,27,32,20,44,45,23,23,20,21,30,45,39,26,18,8,46,26,19,17,32,39,26,10,42,22,19,40,24,8,21,24,25,31,10,40,28,9,39,41,23,13,21,39,44,29,39,32,24,37,34,19,22,21,39,39,32,41,24,34,40,30,50,37,13,22,14,21,8,8,31,40,28,23,40,34,26,13,32,32,31,23,16,19,28,13,31,35,7,32,34,24,12,20,15,31,16,11,21,21,20,22,32,21,23,34,23,22,23,0,32,34,29,13,40,33,32,31,27,42,30,19,8,23,29,21,27,30,34,2,24,25,32,45,10,20,32,30,13,6,29,30
18,31,31,17,30,23,22,21,37,20,18,9,21,40,17,21,34,19,29,22,24,24,24,32,23,34,24,24,31,22,21,32,30,23,25,24,19,23,31,27,24,39,17,20,33,15,23,18,23,24,17,29,24,26,22,25,26,26,24,24,24,33,37,25,28,24,14,24,24,33,19,23,24,20,23,33,24,21,25,13,33,27,34,28,22,22,21,25,40,24,18,20,24,17,24,17,20,30,21,24,24,33,17,24,25,14,27,17,32,32,28,21,34,24,31,33,26,15,27,40,27,17,21,33,18,23,27,23,34,31,17,27,23,14,33,14,21,39,30,22,34,27,26,30,24,23,38,21,23,40,39,21,23,40,33,32,0,18,7,33,30,31,11,21,12,22,11,34,30,23,33,36,27,17,32,28,27,37,24,33,34,22,11,17,32,34,18,32
26,33,32,23,37,37,26,11,40,25,26,22,28,37,24,28,35,29,29,26,29,30,32,40,29,35,30,30,36,30,28,37,32,31,28,28,26,29,29,33,30,36,25,27,35,29,30,23,30,29,33,36,27,32,26,31,31,37,34,31,30,35,41,30,33,29,20,32,27,36,33,29,28,30,28,36,29,25,31,23,35,35,34,29,32,30,30,26,36,32,32,29,32,24,31,31,26,33,29,28,31,41,24,31,32,21,35,25,39,38,32,29,35,29,35,36,32,29,32,37,35,27,25,33,24,30,32,31,36,33,21,35,33,25,36,21,28,37,36,29,33,33,27,37,28,28,33,29,30,36,40,28,31,41,35,34,18,0,22,36,37,37,24,27,24,27,24,31,35,27,39,38,31,26,38,33,29,36,24,39,36,27,24,26,34,35,28,33
13,31,31,14,29,20,19,22,39,15,15,7,20,40,14,20,34,23,29,22,21,21,24,32,20,31,24,21,28,22,20,29,30,20,25,21,16,20,31,24,21,39,14,15,30,8,20,15,20,21,19,29,21,23,19,25,23,23,24,21,21,30,37,22,25,21,17,24,21,30,19,20,25,20,20,30,21,18,24,8,30,26,36,25,22,22,24,28,40,24,15,15,24,14,21,14,21,31,18,25,24,36,14,24,25,17,26,14,32,29,31,18,31,21,28,30,23,10,24,40,26,17,18,30,15,20,24,20,31,34,18,32,24,13,30,17,20,39,29,19,31,28,29,29,25,20,38,18,20,40,40,20,20,41,36,29,7,22,0,33,27,34,8,18,12,23,6,34,32,26,31,39,28,14,29,31,28,40,19,30,34,25,6,14,32,34,17,35
26,16,17,31,16,48,25,35,24,27,26,35,35,24,32,35,16,25,16,26,21,22,40,51,21,11,40,22,32,41,35,38,34,17,24,19,24,21,25,16,21,24,31,26,10,41,33,27,31,22,45,45,22,25,19,26,31,44,40,28,22,10,41,27,18,20,32,40,24,13,45,24,24,41,23,13,22,25,24,32,12,41,32,20,40,41,24,20,28,40,44,31,40,32,28,43,33,20,23,23,41,41,32,41,29,33,41,31,50,36,13,23,10,22,14,11,28,41,31,24,41,35,27,16,32,31,28,21,11,22,28,15,31,34,12,33,35,22,15,20,18,28,21,16,23,20,23,23,31,22,24,35,21,26,22,13,33,36,33,0,42,34,33,35,29,45,35,22,11,27,31,24,28,35,36,16,27,28,34,49,14,23,35,35,13,13,32,33
26,43,45,22,42,30,34,38,54,34,26,31,14,54,29,16,45,31,45,35,23,32,18,26,31,37,16,32,33,20,16,27,33,37,35,36,29,29,46,33,32,54,20,29,36,25,26,30,30,35,20,22,27,32,36,35,25,26,19,35,32,40,46,31,29,27,25,16,23,40,20,30,32,19,25,41,28,33,34,28,36,18,49,42,18,20,31,45,54,6,25,29,8,29,35,25,40,45,36,33,26,36,29,26,43,32,20,22,25,29,43,36,37,28,39,41,27,25,24,54,18,17,33,42,30,30,27,37,37,49,31,42,38,25,42,32,18,54,41,33,41,37,46,42,31,29,53,36,30,54,54,16,37,53,49,40,30,37,27,42,0,35,27,29,31,28,27,46,41,34,35,52,29,28,35,42,34,54,29,19,44,40,27,28,41,43,16,48
29,36,37,31,33,37,29,37,46,34,29,34,31,42,32,31,37,25,37,28,16,28,34,44,27,30,35,28,25,33,31,2,38,29,30,26,30,22,38,28,28,45,31,31,29,38,30,30,23,27,36,36,27,23,26,27,10,40,33,21,28,33,31,26,24,20,30,35,24,33,38,31,24,37,16,34,20,32,27,35,29,30,40,34,34,33,26,37,46,33,40,34,33,32,21,35,34,37,28,26,34,28,32,34,34,30,32,31,41,8,34,28,29,22,32,34,14,38,10,44,32,30,32,33,30,23,14,29,29,41,32,36,31,34,35,31,31,42,32,25,35,29,38,33,24,20,44,28,23,44,45,31,29,46,40,33,31,37,34,34,35,0,26,25,31,38,26,38,33,27,10,42,12,27,31,35,23,45,29,37,34,33,26,27,33,36,28,37
19,34,34,18,33,18,23,25,42,21,19,12,14,44,18,14,38,27,30,25,20,25,24,33,24,30,25,25,27,23,14,24,31,24,28,25,18,24,33,28,25,43,18,21,29,13,16,19,24,20,17,27,20,26,23,30,19,23,25,20,25,33,37,24,24,24,21,25,20,33,17,22,28,21,19,34,24,22,29,14,29,22,39,29,23,23,28,32,43,25,13,21,25,18,20,12,27,34,20,28,25,33,18,25,32,21,22,18,30,27,35,22,30,24,32,34,22,11,20,44,22,20,22,34,19,25,22,24,30,38,24,36,28,3,34,21,14,44,33,18,35,31,33,33,28,23,42,22,25,43,43,14,24,43,36,32,11,24,8,33,27,26,0,14,16,24,4,33,34,29,32,43,29,10,30,35,31,44,17,26,36,30,4,10,33,36,19,36
21,34,34,20,34,28,23,28,44,23,21,22,16,44,6,16,38,25,33,27,20,25,27,35,24,30,27,25,27,25,16,25,33,26,28,25,22,24,35,28,25,44,20,23,29,23,18,15,24,24,27,17,20,27,25,30,20,27,25,20,25,33,37,24,24,24,23,27,20,33,27,24,28,27,19,34,24,22,29,20,29,24,37,31,27,25,26,34,40,27,25,23,27,8,22,22,29,34,26,28,13,35,8,15,31,9,22,20,26,26,35,26,30,24,32,34,21,23,21,44,22,24,22,34,11,24,21,25,30,38,26,36,31,15,35,11,16,44,33,18,35,32,35,34,28,23,43,26,24,45,44,16,25,44,38,31,21,27,18,35,29,25,14,0,22,28,14,35,34,29,33,43,28,16,30,35,31,44,19,20,36,28,14,16,33,36,21,38
17,29,29,9,27,28,19,22,37,19,17,14,19,38,14,19,32,21,27,24,21,21,25,33,21,30,21,21,30,22,17,31,30,18,25,21,18,19,27,22,21,37,11,19,29,21,26,15,22,18,26,32,22,23,19,24,25,31,27,20,21,28,38,24,24,20,13,23,21,27,26,20,24,15,20,28,20,18,24,2,29,23,35,23,25,22,24,27,38,24,27,19,24,14,20,22,26,29,12,24,25,36,14,25,25,18,25,11,35,31,30,12,30,20,26,28,25,21,26,38,23,20,18,28,15,22,26,18,31,33,21,31,30,18,28,18,19,37,27,18,29,30,28,27,24,19,36,12,22,38,38,19,18,39,33,27,12,24,12,29,31,31,16,22,0,27,14,33,31,24,34,36,29,6,30,28,29,37,23,32,32,24,14,8,31,32,17,33
28,40,40,27,43,35,30,18,49,28,28,24,28,47,27,28,42,32,40,31,32,34,22,32,33,44,22,34,36,18,28,38,35,35,34,32,29,33,38,37,34,47,27,30,43,25,30,28,33,38,28,32,34,35,32,35,35,28,22,38,34,43,40,34,38,32,26,22,32,42,28,33,34,22,33,41,34,29,30,27,41,33,40,38,20,18,33,34,47,20,27,29,20,27,38,29,28,39,35,32,24,40,27,24,38,26,33,27,31,36,40,35,44,34,41,43,33,25,36,47,33,19,29,40,28,31,34,35,44,39,29,41,35,26,44,26,28,46,43,36,40,32,35,43,32,33,44,35,33,46,48,28,35,47,40,42,22,27,23,45,28,38,24,28,27,0,22,38,41,34,38,45,33,26,37,39,35,45,28,31,43,31,22,25,41,43,19,40
17,34,34,18,33,18,23,25,43,19,19,10,14,44,18,14,36,27,32,25,20,25,25,33,24,28,25,25,27,23,14,26,31,24,28,25,20,24,33,28,25,43,18,19,29,11,14,19,23,20,17,27,20,26,23,29,21,21,25,20,25,33,37,24,24,24,21,25,20,33,17,24,26,21,19,34,22,22,29,12,29,22,39,29,23,23,28,32,43,25,13,19,25,18,20,12,25,34,22,28,25,35,18,25,32,21,22,18,30,27,35,22,28,22,32,34,22,11,22,44,22,20,22,34,19,24,22,24,28,38,22,36,26,7,34,21,14,44,33,18,35,31,33,33,28,23,42,22,24,44,44,14,24,44,38,30,11,24,6,35,27,26,4,14,14,22,0,35,34,28,30,43,29,8,30,35,31,42,15,26,34,30,2,8,31,36,19,37
30,22,20,35,14,47,25,33,25,28,30,35,37,21,33,37,16,29,19,31,30,30,44,51,29,20,44,30,42,42,37,38,40,19,30,21,29,24,15,20,30,22,35,30,18,42,36,28,35,24,44,44,33,33,21,31,32,46,44,27,30,16,44,36,23,28,36,44,33,22,44,28,27,42,26,14,28,25,28,33,16,43,31,11,44,42,27,13,22,44,46,35,44,33,27,41,20,21,24,27,42,47,33,42,29,34,43,35,49,42,11,24,20,28,19,16,36,42,33,21,43,39,27,14,33,33,36,24,22,2,32,12,37,33,17,34,37,21,14,21,14,34,12,14,27,27,24,24,35,21,24,37,24,22,14,19,34,31,34,22,46,38,33,35,33,38,35,0,19,30,42,19,35,38,36,19,33,23,34,52,16,22,38,38,19,19,39,30
25,16,19,30,11,47,27,34,25,28,25,34,32,27,31,32,13,24,20,29,20,19,39,50,18,1,39,18,34,40,32,33,32,17,23,20,23,20,27,16,19,27,30,25,4,40,32,26,30,22,43,43,21,23,20,26,29,43,39,27,19,8,40,24,18,20,31,39,23,12,41,23,24,40,22,9,22,24,23,31,6,39,31,17,39,40,22,14,26,39,43,30,39,31,25,37,32,20,22,22,40,39,31,40,27,32,39,30,48,34,10,22,1,22,8,6,28,40,27,27,39,34,26,15,31,30,28,22,3,19,27,10,30,34,5,32,32,25,13,20,15,29,15,12,22,22,26,22,30,23,25,32,22,26,21,8,30,35,32,11,41,33,34,34,31,41,34,19,0,26,24,25,24,28,35,9,26,28,32,44,11,23,30,28,6,9,32,31
14,21,23,19,25,41,18,30,29,20,14,26,25,29,23,25,22,16,25,17,15,17,30,42,17,26,30,17,32,30,25,27,36,21,12,20,15,13,26,19,17,29,19,16,26,32,28,16,18,24,37,38,18,19,20,2,21,38,30,26,17,25,36,27,20,12,19,30,15,25,38,17,12,33,16,24,12,20,16,24,25,30,28,26,30,30,15,27,34,26,37,21,26,23,26,34,27,23,20,12,32,35,23,32,16,23,30,19,43,26,25,20,25,12,23,25,19,32,21,29,30,25,14,26,23,18,20,21,26,30,22,25,22,29,26,23,25,29,24,22,25,20,28,25,12,13,28,20,18,32,29,25,21,29,32,23,23,27,26,27,34,27,29,29,24,34,28,30,26,0,26,32,21,30,26,23,17,34,29,44,22,22,30,30,27,22,23,28
29,34,38,29,35,34,30,39,46,35,31,32,28,46,34,28,35,27,38,31,16,26,34,43,25,24,35,26,25,33,28,10,35,28,29,29,32,22,39,28,26,46,29,31,27,33,34,33,19,28,39,40,23,23,29,26,14,36,35,22,26,31,33,25,24,20,31,35,22,31,39,27,24,38,18,32,20,29,27,32,29,26,42,33,34,33,26,36,47,33,35,34,33,34,22,32,37,37,29,24,38,33,34,38,35,36,28,29,42,10,36,27,25,20,30,32,12,33,14,46,28,28,34,36,34,19,12,30,25,42,29,36,29,32,31,36,28,46,34,26,38,29,39,35,24,22,45,27,17,45,46,28,30,47,41,29,33,39,31,31,35,10,32,33,34,38,30,42,24,26,0,48,16,25,31,32,22,47,29,37,38,40,26,25,32,41,29,42
31,23,22,35,23,55,31,39,15,29,31,39,42,20,36,42,18,28,21,32,32,33,45,55,33,25,45,33,45,45,42,42,44,22,32,24,30,27,27,22,33,25,35,29,23,45,42,31,38,26,52,52,36,39,24,32,37,50,45,33,33,20,42,40,29,30,35,45,35,25,51,28,29,45,32,21,27,28,32,36,22,47,27,19,45,45,27,21,23,45,50,34,45,36,32,47,32,22,27,28,45,49,36,45,31,36,47,35,57,44,18,27,22,27,22,22,37,45,37,20,47,40,30,17,36,38,37,27,24,20,34,18,41,43,23,36,42,17,20,29,16,38,21,23,28,27,24,27,38,23,12,40,27,13,24,21,36,38,39,24,52,42,43,43,36,45,43,19,25,32,48,0,36,43,44,18,37,19,41,58,19,26,42,43,23,23,43,29
23,30,31,25,27,37,23,31,40,28,23,27,24,38,26,24,29,19,31,22,10,22,31,42,21,24,31,22,23,30,26,12,34,23,24,20,24,16,32,22,22,39,25,25,23,35,25,24,17,21,34,33,21,17,20,21,2,37,30,15,22,27,32,20,18,14,24,31,18,27,34,25,18,33,10,28,14,26,21,29,23,28,34,28,31,30,20,31,40,29,37,26,29,26,15,31,28,31,22,20,30,30,26,30,28,24,28,25,39,16,28,22,21,16,26,28,8,35,6,38,28,24,26,27,24,17,8,23,22,35,26,30,25,29,29,25,26,38,26,19,29,23,32,27,18,14,38,22,17,40,39,26,23,40,34,27,27,31,28,28,29,12,29,28,29,33,29,35,24,21,16,36,0,22,26,29,17,38,24,35,30,27,21,22,25,28,22,32
23,34,34,15,33,24,25,25,43,25,23,18,13,44,20,13,36,28,32,29,21,27,27,35,26,28,25,27,29,24,13,27,31,24,30,27,24,25,33,28,27,43,17,25,29,19,20,21,25,20,23,29,22,28,25,30,22,25,29,20,27,33,39,26,24,25,18,25,21,33,23,26,27,17,20,34,23,24,30,8,29,21,40,29,27,24,29,32,43,26,21,25,26,20,20,18,31,34,18,29,27,37,20,27,34,23,21,17,32,28,35,18,28,23,32,34,23,19,23,44,21,24,24,34,21,25,23,24,28,38,26,36,32,12,34,23,13,44,33,18,35,33,33,33,29,24,42,18,25,44,44,13,24,44,38,30,17,26,14,35,28,27,10,16,6,26,8,38,28,30,25,43,22,0,31,35,32,42,19,28,34,30,10,2,31,36,20,38
24,34,36,25,33,42,30,36,44,30,24,34,26,45,29,26,36,24,36,32,23,28,34,45,27,34,35,28,33,35,26,31,39,30,29,29,25,20,38,26,28,43,25,26,34,35,30,26,26,33,41,41,28,23,29,26,26,37,34,32,27,34,40,29,27,23,28,35,25,33,41,24,24,38,21,33,23,26,19,30,34,34,40,35,35,34,20,32,46,33,37,29,33,29,30,38,33,36,29,24,37,35,29,37,31,32,34,25,46,31,29,29,35,21,32,34,26,35,26,43,34,32,27,33,29,26,26,30,36,36,27,29,6,30,34,32,26,44,32,31,33,21,31,31,24,21,42,29,26,42,44,26,30,44,38,34,32,38,29,36,35,31,30,30,30,37,30,36,35,26,31,44,26,31,0,33,23,44,25,45,34,33,29,33,32,33,29,38
21,15,17,26,13,47,23,33,22,25,21,28,33,24,28,33,13,19,17,24,26,16,35,47,18,9,35,16,38,37,33,35,37,10,16,17,18,14,23,10,16,24,26,20,9,37,32,23,30,23,44,44,24,26,17,23,29,42,35,26,16,7,45,32,18,24,26,35,27,16,42,18,18,37,23,8,20,20,21,28,11,39,27,10,35,37,17,14,22,35,42,25,35,28,24,39,30,18,19,18,37,40,28,37,25,28,39,26,49,36,13,17,9,20,2,8,32,37,29,24,39,30,22,13,28,32,32,17,11,19,22,13,31,35,7,28,33,22,13,20,13,27,17,13,18,20,23,17,30,23,23,33,17,22,24,2,28,33,31,16,42,35,35,35,28,39,35,19,9,23,32,18,29,35,33,0,25,26,31,46,11,19,32,32,12,2,28,29
24,29,31,24,31,41,21,29,39,30,24,24,27,39,29,27,26,20,31,27,13,19,32,44,18,26,32,19,24,30,27,23,32,23,22,22,25,15,33,21,19,39,24,26,26,36,29,26,6,25,38,38,18,18,22,17,17,33,33,24,19,26,36,19,21,13,24,30,14,26,38,18,18,35,15,24,14,20,20,29,24,32,32,28,32,30,19,31,38,30,39,28,30,29,25,36,33,30,22,17,35,34,29,35,28,28,32,24,43,21,29,22,24,14,25,27,16,36,18,39,32,25,25,32,29,4,16,23,24,35,26,29,25,31,27,28,27,39,29,22,30,18,32,31,17,15,38,22,6,38,39,27,23,38,36,24,27,29,28,27,34,23,31,31,29,35,31,33,26,17,22,37,17,32,23,25,0,39,27,39,28,33,26,27,27,34,22,35
32,19,19,38,27,56,33,38,18,33,30,41,45,12,37,45,25,31,19,34,34,36,46,56,36,28,47,36,46,46,45,45,45,21,33,25,31,28,27,21,36,15,38,31,27,46,41,30,40,29,51,53,37,39,25,34,38,51,46,34,36,26,44,41,30,32,38,47,37,26,53,31,30,46,33,26,28,29,33,37,27,50,26,23,47,46,29,23,20,47,51,36,47,37,34,49,34,17,28,30,46,50,35,46,33,37,50,38,58,45,23,28,27,28,25,26,39,46,40,12,50,41,31,23,35,40,39,24,29,23,35,23,42,44,27,37,45,8,26,29,23,39,23,27,30,28,19,28,40,24,17,44,24,21,25,25,37,36,40,28,54,45,44,44,37,45,42,23,28,34,47,19,38,42,44,26,39,0,37,58,25,25,44,44,24,25,43,26
21,34,34,20,32,31,27,23,42,23,23,23,16,39,23,16,34,23,34,22,25,26,27,38,25,32,27,26,24,28,16,29,28,31,26,30,20,26,37,30,26,40,20,20,29,24,16,24,27,31,30,32,24,29,30,29,24,31,29,31,26,30,34,21,29,26,23,27,25,30,30,25,27,30,21,33,26,26,27,21,29,24,34,34,27,28,24,31,42,27,26,22,27,23,31,25,23,35,31,27,30,25,23,30,33,26,24,20,35,31,27,31,32,26,29,33,26,24,26,39,24,24,26,32,23,27,26,31,32,34,8,29,20,18,34,26,16,38,29,30,34,30,32,32,27,22,39,31,27,43,42,16,31,39,30,32,24,24,19,34,29,29,17,19,23,28,15,34,32,29,29,41,24,19,25,31,27,37,0,37,32,31,21,25,26,33,24,32
35,48,48,32,48,30,37,40,58,37,35,34,28,58,26,28,52,41,48,41,34,39,25,25,38,44,25,39,40,24,28,37,40,40,42,39,36,38,49,42,39,58,32,37,43,28,32,29,38,38,23,17,34,41,39,44,35,29,29,36,39,47,50,38,38,38,35,25,34,47,23,38,42,25,33,48,38,36,43,32,43,30,51,45,25,26,42,48,56,23,28,37,23,26,38,28,43,48,40,42,23,44,26,23,46,29,30,32,2,38,49,40,44,38,46,48,36,28,36,58,30,26,36,48,27,38,36,39,44,52,38,50,44,28,49,29,28,58,47,34,49,46,49,48,42,37,57,40,38,59,58,28,39,58,52,45,33,39,30,49,19,37,26,20,32,31,26,52,44,44,37,58,35,28,45,46,39,58,37,0,50,44,30,32,47,50,29,52
26,17,17,31,2,46,21,36,21,28,26,31,35,20,32,35,2,26,15,25,26,22,40,51,22,11,40,22,34,41,35,34,35,18,21,21,25,21,25,17,22,22,31,26,11,41,33,27,28,21,43,45,25,26,21,22,30,45,40,28,22,5,41,27,21,22,33,40,27,12,45,24,18,41,23,9,20,25,26,32,13,40,31,15,40,41,24,17,24,40,45,31,40,32,28,42,33,20,23,22,41,42,32,41,26,34,40,31,50,37,9,23,8,20,11,9,31,41,30,22,40,35,27,6,32,28,31,23,12,16,29,9,32,36,6,34,35,24,1,22,8,32,18,2,22,20,21,23,28,20,21,35,23,23,21,10,34,36,34,14,44,34,36,36,32,43,34,16,11,22,38,19,30,34,34,11,28,25,32,50,0,17,38,36,15,12,35,27
19,13,13,24,21,43,19,27,26,18,19,27,31,25,20,31,17,15,13,24,21,24,33,41,24,23,33,24,41,31,32,33,38,13,21,5,20,14,16,14,24,25,24,21,22,31,31,17,31,15,39,37,25,32,5,21,27,36,33,21,24,21,42,35,16,19,24,33,24,19,39,18,19,33,21,21,17,14,19,24,22,39,23,17,33,31,15,17,21,33,36,26,33,22,21,37,24,13,15,17,31,39,22,29,22,20,37,24,44,32,20,15,23,17,19,21,26,31,28,25,37,28,16,21,22,31,26,17,23,22,25,21,31,30,22,22,32,25,20,15,22,25,18,21,17,16,23,15,31,25,26,32,17,26,23,20,22,27,25,23,40,33,30,28,24,31,30,22,23,22,40,26,27,30,33,19,33,25,31,44,17,0,31,31,21,18,32,21
17,34,34,18,33,18,23,25,44,19,19,8,14,44,18,14,38,27,32,25,20,25,25,33,24,30,25,25,27,23,14,26,31,24,28,25,20,24,33,28,25,43,18,19,29,9,14,19,24,20,17,27,20,26,23,30,21,21,25,20,25,33,37,24,24,24,21,25,20,33,17,24,28,21,19,34,24,22,29,12,29,22,39,29,23,23,28,32,43,25,13,19,25,18,18,10,25,34,22,28,25,35,18,25,32,21,22,18,30,27,35,22,30,24,32,34,22,11,22,44,22,20,22,34,19,25,22,24,30,38,22,36,26,7,34,21,14,44,33,18,35,31,33,33,28,23,42,22,25,45,44,14,24,44,38,32,11,24,6,35,27,26,4,14,14,22,2,38,30,30,26,42,21,10,29,32,26,44,21,30,38,31,0,10,33,34,19,38
23,34,34,17,33,24,25,27,43,25,23,18,13,44,20,11,36,28,32,29,21,27,26,34,26,28,24,27,29,23,13,27,31,24,30,27,24,25,33,28,27,43,17,25,29,19,20,21,25,20,23,29,22,28,25,30,22,25,28,20,27,33,39,26,24,25,20,24,21,33,23,26,27,16,20,34,23,24,30,8,29,21,40,29,26,23,29,32,43,25,21,25,25,18,20,18,31,34,18,29,25,37,20,25,34,23,21,15,32,28,35,18,28,23,32,34,23,19,23,44,21,23,24,34,21,25,23,24,28,38,26,36,32,12,34,23,11,44,33,18,35,33,33,33,29,24,42,18,25,44,44,13,24,44,38,30,17,26,14,35,28,27,10,16,8,25,8,38,28,30,25,43,22,2,33,32,27,44,25,32,36,31,10,0,31,36,20,38
25,16,15,30,5,46,22,34,23,27,25,35,32,25,31,32,15,24,19,25,20,23,39,50,22,7,39,22,36,40,32,33,35,15,25,20,24,20,23,14,23,26,30,25,4,40,30,26,31,23,40,42,23,26,20,27,25,43,39,25,23,8,39,28,16,18,31,39,23,12,42,23,22,40,20,11,20,24,24,31,4,39,28,19,39,40,22,18,26,39,43,30,39,31,25,40,30,16,22,22,40,39,31,40,26,32,39,30,47,34,12,22,7,20,13,10,28,40,29,25,39,34,26,9,31,31,28,20,9,19,27,12,30,33,11,32,32,24,5,17,12,30,19,6,22,20,25,22,31,24,23,32,20,23,20,13,32,34,32,13,41,33,33,33,31,41,31,19,6,27,32,23,25,31,32,12,27,24,26,47,15,21,33,31,0,17,32,27
25,14,16,30,13,48,21,36,22,29,23,29,34,22,32,34,14,25,17,27,23,13,39,51,15,9,39,13,36,41,34,36,37,18,19,21,22,18,26,16,13,22,30,24,5,41,33,25,34,21,45,45,21,25,21,22,28,45,39,27,13,4,45,24,19,17,32,39,24,4,43,22,19,41,24,8,21,24,25,32,7,40,30,10,39,41,23,14,25,39,45,29,39,32,25,40,34,17,23,21,41,41,30,41,24,34,40,30,50,35,13,23,15,21,2,8,31,41,30,22,40,34,26,9,30,34,31,21,17,19,26,13,31,36,7,34,34,24,14,21,11,31,17,13,21,21,21,23,34,20,23,34,21,18,23,6,34,35,34,13,43,36,36,36,32,43,36,19,9,22,41,23,28,36,33,2,34,25,33,50,12,18,34,36,17,0,29,28
15,33,35,11,31,31,23,27,42,23,15,21,14,43,18,14,35,21,35,25,20,21,15,29,21,32,15,21,28,17,14,28,27,26,25,25,18,18,37,22,21,43,11,18,31,24,22,19,21,30,28,30,22,23,25,23,22,31,17,30,21,31,39,23,24,19,13,15,20,31,28,19,22,20,20,30,18,22,25,17,31,20,39,31,15,17,21,35,43,9,30,18,7,18,30,25,30,35,25,23,23,37,18,23,29,20,20,11,29,27,33,25,32,18,28,30,21,24,21,43,20,6,22,31,19,21,22,26,32,39,21,32,29,21,31,20,14,43,31,28,30,26,36,31,23,19,42,25,21,43,43,14,26,42,41,29,18,28,17,32,16,28,19,21,17,19,19,39,32,23,29,43,22,20,29,28,22,43,24,29,35,32,19,20,32,29,0,37
28,23,23,32,28,51,25,34,29,24,26,35,39,29,32,39,25,27,25,27,26,29,42,51,29,31,42,29,43,41,39,37,42,27,27,25,25,26,30,28,29,30,32,27,30,41,34,24,35,30,46,47,31,32,25,28,32,45,42,33,29,31,37,37,28,24,32,42,29,29,47,24,22,42,26,29,26,21,30,33,28,46,2,27,42,41,28,27,27,42,46,32,42,32,33,45,29,20,27,20,41,45,30,41,29,32,46,32,52,40,29,26,31,26,27,31,34,41,33,29,46,37,25,28,30,35,34,27,31,32,29,30,36,36,32,32,39,29,25,29,26,34,29,28,20,24,28,27,35,30,27,39,26,24,34,30,32,33,35,33,48,37,36,38,33,40,37,30,31,28,42,29,32,38,38,29,35,26,32,52,27,21,38,38,27,28,37,0
